5500 7167 97200 78 1356 0.5
1325 1326 1 12 0 C 0
1332 1333 2 15 0 C 0
1333 1330 2 15 0 C 0
1330 1334 2 15 0 C 0
1334 1328 2 15 0 C 0
1328 1335 2 15 0 C 0
1335 1336 2 15 0 C 0
1336 595 2 8 0 C 0
595 1337 2 7 0 C 0
1337 1338 2 11 0 C 0
4342 1347 1 15 0 C 0
1347 1348 1 15 0 C 0
1371 1370 2 15 83 O 30
1370 1369 2 14 75 O 30
1369 1368 2 14 77 O 20
1368 1367 2 14 76 O 10
1367 1366 2 14 76 O 10
1366 1365 2 14 75 M 20
1365 1364 2 9 46 M 30
1372 1373 2 45 247 O 10
1382 1383 2 15 82 M 30
1383 1384 2 15 82 O 20
1384 3928 2 23 127 O 20
1389 1390 2 35 189 O 30
1395 1238 1 10 52 M 30
1238 643 1 23 127 M 10
643 3664 1 7 35 O 20
3664 3 1 9 46 O 30
3 3331 1 4 19 O 30
3331 1240 1 3 12 O 20
876 1397 1 60 328 O 10
919 918 1 65 358 O 30
781 1406 1 15 0 C 0
1406 1407 1 10 0 C 0
1407 794 1 8 0 C 0
62 63 1 17 89 M 10
1401 3420 1 15 0 C 0
3420 3434 1 4 0 C 0
3434 3430 1 9 0 C 0
3430 1448 1 2 6 O 20
1448 1412 1 10 54 O 10
1412 5119 1 7 34 M 20
5119 5235 1 11 57 O 20
5235 3205 1 18 95 O 10
3205 784 1 9 50 O 10
784 1413 1 13 69 O 10
3030 1415 2 11 61 M 10
1418 1417 1 12 64 M 10
1022 736 1 44 0 C 0
932 957 1 139 0 C 0
1438 709 1 11 57 O 30
709 934 1 10 51 M 30
934 708 1 3 16 M 30
708 592 1 8 40 O 30
1015 3201 1 39 0 C 0
922 4510 1 9 47 M 30
4510 1441 1 8 39 M 30
1441 5351 1 22 122 M 30
993 1443 1 21 113 O 30
975 3995 1 40 220 O 10
4045 919 1 25 139 M 10
928 923 1 70 386 O 30
923 917 1 64 352 O 30
73 1450 1 39 214 O 20
3224 3233 1 24 132 M 10
3215 1453 1 32 173 O 30
3230 1454 1 63 0 C 0
64 1455 1 24 129 O 30
3219 1457 1 34 184 O 30
3942 1458 1 2 10 O 20
42 54 1 50 0 C 0
926 913 1 44 242 M 30
2358 1365 2 19 103 M 30
1365 1462 2 31 171 O 10
1464 1463 1 49 272 O 30
527 4119 1 28 0 C 0
1467 3214 1 39 214 M 30
1468 3218 1 49 270 O 20
1469 3225 1 32 175 O 20
1470 1906 1 43 234 M 10
874 875 1 73 400 O 10
871 873 1 64 352 M 20
3201 3204 1 51 0 C 0
1481 1482 1 59 0 C 0
1486 1416 2 14 74 O 20
1487 5036 1 71 392 O 20
55 5362 1 54 0 C 0
1488 1489 2 6 28 M 10
1489 1490 2 19 104 O 10
1499 1012 1 8 43 O 10
1507 3571 1 9 45 O 30
3571 1508 1 15 82 M 10
1508 1509 1 14 76 M 20
1509 1510 1 14 76 O 10
1519 5177 1 5 23 O 10
5177 1520 1 7 34 O 10
1520 545 1 19 100 O 20
545 1521 1 14 77 O 20
1525 1058 2 16 86 M 10
1526 1527 2 17 93 M 20
1527 1528 2 18 95 O 20
1530 1531 2 15 83 M 10
1532 1533 2 23 127 O 10
1535 3933 1 8 0 C 0
3933 1536 1 8 0 C 0
1536 1361 1 19 0 C 0
1361 1537 1 24 0 C 0
1537 844 1 38 0 C 0
5186 5205 2 25 137 M 30
1542 3733 2 16 86 M 20
3733 3735 2 4 22 O 10
3735 3728 2 5 23 O 20
3728 1543 2 4 20 M 30
1544 1545 1 33 181 O 30
1545 1546 1 37 204 O 20
3222 1567 1 31 167 O 20
1569 1570 2 27 148 O 20
1570 1571 2 7 37 O 20
1575 389 1 6 33 M 10
389 1574 1 47 260 O 10
1574 1573 1 48 263 O 10
1573 4609 1 24 129 O 20
4609 1572 1 6 33 O 30
1572 33 1 20 106 O 30
33 4615 1 9 45 O 20
4615 4612 1 3 12 M 20
1576 1577 2 34 186 O 10
1583 1584 2 34 187 O 30
1584 1585 2 33 183 O 20
1589 1590 2 29 157 O 30
1590 1591 2 30 166 O 30
1593 1594 1 48 265 O 30
1601 846 1 3 0 C 0
3837 3838 1 9 45 O 10
1607 1608 1 15 78 O 20
1608 3663 1 6 32 O 10
3663 1609 1 4 20 M 10
1609 1610 1 5 24 O 10
1610 1611 1 16 87 O 20
1611 4828 1 9 48 M 30
4828 1520 1 10 52 O 20
1520 1612 1 13 68 O 20
1613 1614 1 30 165 O 20
1615 1616 1 7 38 O 20
1632 1633 2 28 154 O 30
1634 1635 2 23 126 O 10
810 470 2 15 79 O 30
470 471 2 5 27 O 20
471 1638 2 16 88 M 20
1638 1639 2 15 79 O 30
1639 1640 2 36 200 O 10
1640 1641 2 44 243 O 30
3842 1645 2 2 10 O 10
1645 1644 2 38 207 O 30
1646 1647 2 35 193 O 20
299 1651 2 2 6 M 10
1651 1652 2 15 79 O 30
1652 1653 2 15 82 O 20
1653 1654 2 15 83 M 10
1654 1655 2 15 79 M 10
1655 1667 2 15 83 O 30
1666 1665 1 25 136 O 30
1665 3264 1 29 159 O 10
3264 1664 1 9 47 O 30
1664 1663 1 29 160 O 10
1663 1662 1 30 164 O 10
1662 1661 1 34 184 O 30
1661 1660 1 17 90 O 10
1660 1659 1 17 90 O 30
1659 1658 1 21 115 O 30
1658 1376 1 31 171 O 30
1376 1657 1 31 171 M 20
1657 1656 1 31 171 O 30
1667 1668 2 31 172 O 30
1668 1669 2 12 65 O 30
1669 1670 2 15 79 M 10
1670 1390 2 15 79 M 10
1674 1675 2 24 131 O 10
1678 585 1 6 30 M 20
585 5459 1 2 6 O 20
5459 5199 1 5 25 M 20
5199 5436 1 2 6 O 20
1683 1684 2 14 76 O 30
1684 1685 2 14 76 M 10
1685 1686 2 14 76 O 30
1686 1687 2 14 76 O 30
1687 888 2 24 133 M 30
1693 1692 2 9 48 O 10
1697 1698 2 37 201 O 30
1698 1699 2 29 159 O 20
1699 1700 2 37 204 O 10
1700 1701 2 21 115 O 30
1701 1702 2 32 174 O 20
4550 4403 1 8 42 O 30
4403 1692 1 7 35 O 20
1730 1729 1 20 0 C 0
1729 626 1 24 0 C 0
626 1728 1 5 0 C 0
1728 1727 1 10 0 C 0
1746 1512 2 13 72 M 10
1749 1366 2 18 97 M 20
1366 1750 2 31 171 O 20
1750 1751 2 45 245 O 10
3445 1753 1 36 197 O 10
1755 1756 2 10 51 O 20
1764 1765 2 23 126 O 10
1765 1766 2 16 84 M 20
1766 5164 2 8 40 O 30
5164 1767 2 10 51 M 30
1767 1768 2 16 84 O 30
1768 1769 2 13 67 O 30
1769 1770 2 11 61 O 30
1770 627 2 5 22 O 30
627 319 2 2 10 M 30
319 4654 2 8 40 O 20
1476 1771 2 25 0 C 0
1771 1772 2 15 83 O 10
1772 1773 2 16 84 O 20
1773 1442 2 28 150 O 30
1480 1774 2 15 80 M 10
1774 1775 2 15 79 O 10
1775 1776 2 15 83 O 30
1766 1777 1 28 150 M 10
1778 4336 2 19 103 O 30
4336 5180 2 8 42 M 20
5180 1779 2 29 160 M 20
1779 1780 2 18 97 M 20
1780 1781 2 13 70 O 10
1781 1782 2 14 75 M 20
1782 4320 2 7 38 O 10
4320 1783 2 10 55 O 10
1783 1784 2 14 78 O 20
1784 1785 2 9 48 O 20
1785 1786 2 8 39 O 30
1786 1787 2 12 64 O 10
1787 1788 2 14 77 O 10
1788 1789 2 17 89 M 30
1789 1790 2 17 90 M 30
1790 1591 2 17 92 M 30
1591 1791 2 5 23 M 20
1791 1792 2 21 116 O 20
1793 1794 2 26 139 M 20
1479 1801 2 15 79 O 10
1801 5270 2 14 75 O 20
5270 1800 2 2 8 M 10
1800 1799 2 14 76 M 20
1799 1798 2 15 79 M 30
1798 1699 2 15 79 O 20
1699 1797 2 15 79 O 20
1797 1796 2 15 79 O 30
1796 1795 2 16 83 O 20
1802 1803 2 17 94 O 20
5428 1814 1 25 139 O 30
1814 1813 1 9 48 M 30
1436 1414 1 13 72 M 10
1414 910 1 10 55 O 30
1819 1820 2 31 0 C 0
1820 1821 2 3 0 C 0
1821 1822 2 12 0 C 0
1822 3871 2 12 0 C 0
3871 854 2 7 0 C 0
1444 990 1 27 146 O 10
1530 1775 2 15 79 O 10
1775 1825 2 15 79 O 30
1825 1826 2 15 78 O 30
900 1831 1 12 65 M 20
1831 1832 1 15 79 O 10
1832 1833 1 15 80 O 10
1833 1411 1 15 79 O 20
1411 1834 1 15 79 O 10
1835 1836 2 13 70 O 30
1836 4203 2 6 32 M 20
4203 4204 2 5 25 O 20
4204 1837 2 4 18 O 10
1837 4205 2 5 23 M 30
4205 1838 2 10 53 O 10
1838 1839 2 14 76 O 20
1839 1840 2 14 76 M 10
1840 181 2 13 71 O 20
181 1841 2 1 5 O 10
1841 3335 2 4 17 M 20
3335 1842 2 11 60 O 30
1842 1843 2 14 77 M 10
1846 1845 1 15 79 O 10
1845 1616 1 15 80 O 20
1847 1848 1 5 28 O 20
1853 1852 1 14 74 O 10
5041 1856 1 28 153 O 30
1862 1372 1 17 93 O 20
1372 1861 1 17 93 M 10
1861 1860 1 15 82 M 20
1860 1637 1 4 22 O 20
1863 4838 2 12 61 O 10
4838 1864 2 5 26 O 20
1864 3327 2 7 34 O 20
3327 1865 2 8 39 O 30
3853 1872 2 3 13 O 30
1887 774 1 45 0 C 0
1387 1891 2 28 152 M 30
1891 1298 2 30 165 O 20
1894 1895 2 42 231 O 10
1895 1896 2 42 231 O 20
1896 531 2 2 6 M 30
531 1897 2 29 159 O 10
1897 1898 2 45 245 O 20
1904 1686 1 27 147 M 10
1907 1908 2 9 50 O 10
1909 1910 1 19 102 O 20
1923 1922 2 15 80 O 20
1922 1921 2 14 75 M 30
1921 1920 2 28 154 M 20
1920 1919 2 18 98 M 20
1919 1918 2 36 197 O 10
1918 4334 2 17 91 M 20
4334 568 2 9 45 O 10
568 1917 2 10 52 M 10
1926 1925 1 37 204 M 10
1925 1924 1 28 153 O 10
1932 1933 2 19 101 M 30
1933 4597 2 31 170 O 10
1943 1944 2 9 48 O 10
1950 1951 2 28 154 M 20
1951 1952 2 51 282 O 20
1952 3475 2 59 327 O 10
1958 1959 2 32 177 O 10
1959 1960 2 33 183 M 20
1962 1963 2 27 148 M 10
1963 1069 2 17 92 O 20
1069 1065 2 4 21 O 30
1065 3713 2 10 50 O 20
3713 1064 2 5 26 M 20
1064 1964 2 33 0 C 0
1966 1965 2 12 65 O 30
5171 1967 2 15 83 O 20
3921 2010 2 5 24 O 20
2013 2012 1 22 0 C 0
2015 2014 1 19 101 O 30
2031 2032 2 3 15 O 10
2032 2033 2 6 28 M 20
2033 2034 2 4 19 O 30
1493 2033 2 10 55 M 10
1494 2032 2 10 55 O 10
2036 3620 2 16 0 C 0
3620 3619 2 4 0 C 0
3619 3618 2 4 0 C 0
3618 3617 2 4 0 C 0
3617 3616 2 4 0 C 0
3616 1208 2 4 0 C 0
1208 3628 2 4 0 C 0
3628 3627 2 4 0 C 0
3627 3626 2 4 0 C 0
3626 3625 2 4 0 C 0
3625 3624 2 4 0 C 0
3624 3623 2 4 0 C 0
3623 3622 2 4 0 C 0
3622 3621 2 4 0 C 0
1220 1221 2 8 40 O 10
1221 1224 2 9 47 O 20
1224 1519 2 7 35 O 10
1519 1612 2 16 89 M 10
1612 2039 2 4 19 O 20
2040 512 2 11 58 O 20
512 1694 2 3 12 M 20
1694 2041 2 5 27 O 10
2041 5249 2 4 19 O 30
2057 2042 2 15 83 O 20
2042 2043 2 15 79 O 30
2043 2044 2 15 79 O 20
2044 2045 2 15 79 O 20
2045 2046 2 15 82 O 30
2046 2047 2 15 82 O 20
2058 2059 2 13 72 O 10
2059 1542 2 18 97 M 20
2076 2077 2 36 196 M 20
2077 3841 2 2 10 M 20
2081 4188 2 6 0 C 0
4188 3755 2 11 0 C 0
3755 2080 2 12 0 C 0
2083 2084 1 14 0 C 0
2084 2079 1 5 0 C 0
2090 2086 1 14 75 M 30
2086 2087 1 42 233 O 30
2087 2083 1 14 72 M 20
2092 1032 1 3 12 O 30
1032 2093 1 3 11 O 10
1991 2103 2 28 154 O 20
2103 2104 2 51 282 O 10
2068 2116 1 15 83 O 10
2113 1739 1 28 154 M 10
1739 498 1 41 223 O 20
498 2114 1 8 39 O 10
2118 3894 1 19 101 O 20
3894 3892 1 3 15 O 10
3892 2117 1 19 103 O 10
2111 3304 2 3 0 C 0
3304 2119 2 15 0 C 0
2119 2120 2 14 0 C 0
2120 2121 2 14 0 C 0
2121 2122 2 14 0 C 0
2122 2123 2 14 0 C 0
2123 1926 2 14 0 C 0
2124 2125 2 14 0 C 0
2125 1857 2 14 0 C 0
1857 2126 2 14 0 C 0
2126 2127 2 18 0 C 0
2127 1546 2 6 0 C 0
1546 2128 2 16 0 C 0
2128 3823 2 2 0 C 0
3823 806 2 16 0 C 0
806 2129 2 4 0 C 0
2129 2130 2 15 0 C 0
1955 2139 2 15 79 M 30
2139 1620 2 15 80 O 30
2156 2155 2 12 61 O 20
2155 1384 2 15 82 M 30
1384 2154 2 15 81 M 10
2154 2153 2 15 79 O 20
2153 530 2 7 36 M 10
2157 2158 2 23 125 O 20
2158 2159 2 14 76 O 30
2159 2160 2 14 76 M 10
4690 1309 2 4 20 O 20
1309 2161 2 3 13 O 20
2161 2162 2 27 148 O 10
2162 2163 2 27 149 M 30
2164 5231 2 16 0 C 0
5231 2165 2 7 38 O 30
2165 1975 2 22 121 O 30
2216 2215 1 38 211 O 30
2215 3596 1 21 116 O 10
3596 3594 1 4 17 O 10
3594 2214 1 8 44 M 20
2218 1970 1 17 92 O 30
1864 3328 1 24 132 O 10
3328 1522 1 10 51 M 10
300 2222 2 2 6 O 30
2222 2096 2 15 82 O 20
2096 2223 2 7 36 M 10
2224 1634 1 15 78 M 20
1634 2225 1 15 79 O 10
2227 2228 2 7 35 M 20
2228 2229 2 15 80 M 20
2229 1901 2 15 81 O 30
1901 2230 2 15 79 M 30
2230 2231 2 15 79 M 30
2231 1389 2 15 79 O 20
1389 1885 2 15 82 O 20
2233 2234 1 15 79 O 10
2234 3287 1 7 36 O 10
3287 2235 1 8 43 O 10
5191 3747 2 6 33 M 20
3747 142 2 6 32 M 30
2241 868 1 62 0 C 0
1398 884 1 87 479 O 30
1671 2244 2 35 190 M 30
2245 3931 2 35 191 O 20
2248 1884 2 27 149 O 20
2251 2250 1 28 153 O 10
2250 2158 1 34 186 O 30
2158 3563 1 18 96 M 30
3563 2249 1 25 135 O 10
2249 1508 1 45 246 O 20
504 1999 2 9 45 M 10
1999 2278 2 15 78 O 10
2278 2279 2 23 123 O 30
2279 1796 2 29 159 O 30
3893 3894 1 2 7 O 20
3894 2282 1 19 104 O 10
2283 1199 2 16 85 O 10
2286 2287 1 14 77 O 10
1978 2288 2 24 129 O 20
2289 2224 1 23 127 M 10
2294 2293 2 19 100 M 20
2293 1930 2 13 68 O 20
1930 2292 2 15 80 M 20
2292 2291 2 15 79 M 10
2291 2290 2 15 79 O 10
2290 2283 2 15 79 O 10
2121 2296 1 37 204 O 10
2296 2295 1 28 152 O 10
2299 2300 2 4 21 O 10
2070 2290 2 27 149 O 10
2290 2301 2 31 172 M 10
1411 767 2 33 183 O 30
767 4595 2 5 23 O 30
1994 2304 2 28 154 O 30
2304 2305 2 51 282 O 30
2305 2306 2 45 247 O 20
2310 2311 2 30 164 O 30
2311 2312 2 32 174 O 10
2312 2313 2 27 146 O 10
877 3318 2 33 181 M 10
3318 2317 2 2 11 O 20
2317 3323 2 7 37 O 20
3323 1722 2 27 147 M 20
2160 2319 2 14 76 O 10
2319 2320 2 14 77 M 10
2320 2321 2 36 198 M 20
1852 5173 1 27 147 O 20
5173 5295 1 2 10 O 30
5295 2322 1 7 37 M 10
2326 1627 2 15 0 C 0
1627 2327 2 15 0 C 0
2327 2328 2 10 0 C 0
2247 2335 2 12 64 O 20
3341 1873 1 10 52 O 10
2338 2339 2 24 130 O 10
2344 2345 2 27 149 O 30
2345 2346 2 8 41 M 30
1830 2348 2 24 133 O 10
2348 1736 2 37 203 M 10
1736 2349 2 48 262 O 30
2349 2138 2 53 294 O 20
2138 2350 2 43 238 O 30
2350 2351 2 34 186 O 10
2326 1989 2 31 0 C 0
1989 2352 2 28 154 M 10
2352 2353 2 51 282 O 20
2353 4625 2 50 275 O 20
2047 2355 1 32 177 O 30
2357 2358 2 9 46 O 30
1861 2359 2 30 165 O 30
3997 2363 1 34 187 O 20
2363 1379 1 62 341 O 10
2383 2382 1 17 91 O 10
2382 2381 1 21 116 O 10
2381 2380 1 13 69 O 20
2380 2214 1 14 76 M 20
2214 519 1 6 31 M 30
519 2320 1 9 47 M 10
2320 2379 1 14 78 M 10
2379 2378 1 14 76 M 30
2378 2377 1 14 77 O 10
1875 1081 2 6 30 O 10
1081 2385 2 16 87 M 10
2385 1897 2 16 88 O 10
1897 2386 2 15 82 M 30
2386 2387 2 15 80 O 30
2387 1385 2 15 80 O 10
1385 2246 2 15 80 O 30
2246 4777 2 15 78 O 10
4777 1304 2 29 156 O 20
1304 2388 2 3 12 O 20
2388 2040 2 3 14 O 10
2391 3847 2 2 9 M 20
3847 2101 2 13 69 M 30
2852 2804 1 21 113 O 20
2804 2853 1 38 207 O 10
2853 2854 1 29 159 O 20
2854 2855 1 14 77 M 20
2855 2856 1 17 90 O 10
2856 3388 1 17 94 O 30
1417 2407 1 7 38 M 10
1883 2248 2 22 121 O 10
2248 2414 2 14 78 O 30
2414 1528 2 15 81 O 20
2415 4839 2 14 76 M 20
4839 4074 2 8 43 O 20
4074 4072 2 4 19 O 30
4072 4847 2 9 45 M 10
4847 1523 2 7 35 O 30
1523 3879 2 3 12 M 30
3879 1125 2 4 19 O 20
1125 1123 2 9 47 O 20
1123 1865 2 16 88 O 20
2450 2427 2 13 69 O 30
2427 5243 2 2 8 O 20
5243 4897 2 14 76 O 10
4897 2428 2 2 7 M 10
2428 1917 2 13 71 O 30
1917 1514 2 15 82 M 20
1168 2451 2 27 149 M 20
2453 2046 2 34 188 O 30
1399 2457 2 24 133 O 20
1969 1437 1 30 165 O 30
2459 1367 2 17 94 O 30
1367 2460 2 31 171 O 10
2460 2461 2 48 265 O 30
2466 3403 2 11 57 M 10
3403 2465 2 7 39 M 20
2465 3410 2 8 42 O 10
3410 2457 2 4 17 O 20
2457 3414 2 4 19 O 20
3414 3409 2 4 20 M 20
3409 3417 2 4 19 O 20
3417 3415 2 4 19 M 10
3415 2464 2 4 18 O 20
2464 3658 2 6 32 O 10
3658 1491 2 7 34 O 20
1678 2470 2 16 85 O 30
2470 2471 2 14 76 M 10
2473 2234 1 33 180 M 10
2234 3289 1 6 30 M 10
3289 2472 1 21 114 O 30
1819 3873 2 10 0 C 0
3873 3874 2 13 0 C 0
3874 3872 2 10 0 C 0
3872 2477 2 11 0 C 0
1445 1462 2 9 46 O 20
1462 1750 2 14 76 O 10
1750 2460 2 14 76 O 30
2460 2478 2 14 76 O 10
2478 2479 2 21 117 O 20
2479 2480 2 31 168 M 10
2498 2497 1 15 78 M 10
2497 652 1 7 37 O 10
652 2496 1 8 41 O 20
1982 2499 2 27 149 O 30
2499 1790 2 30 163 O 30
1790 2500 2 23 123 M 20
2500 4636 2 21 117 O 20
1845 2502 2 21 116 O 10
2508 2507 2 7 37 O 20
2507 2506 2 27 148 O 30
2509 2048 2 31 167 M 30
2048 2510 2 34 185 O 10
1990 2512 2 28 154 O 30
2512 2513 2 51 282 M 10
893 1903 1 8 42 M 20
1903 1904 1 5 27 M 10
1363 1109 2 15 0 C 0
1109 2555 2 23 0 C 0
3330 5329 1 5 0 C 0
5329 2562 1 30 0 C 0
937 1477 1 12 0 C 0
1477 935 1 50 0 C 0
4315 1028 1 33 0 C 0
1028 950 1 5 0 C 0
2570 2571 1 28 152 O 20
2571 2572 1 20 108 M 30
3475 4616 2 8 41 M 20
4678 5176 2 2 0 C 0
5176 802 2 6 0 C 0
1689 1008 2 8 0 C 0
2592 1773 2 30 162 M 10
796 5069 1 18 97 O 10
5069 2597 1 1 3 M 30
2597 5071 1 15 80 M 10
5071 808 1 15 78 O 10
808 2596 1 40 220 O 30
4658 901 2 7 38 O 10
2018 2615 1 17 92 O 30
2615 2616 1 14 78 O 30
2257 84 1 18 99 O 30
84 85 1 3 16 O 30
85 3545 1 3 14 O 20
3545 81 1 3 16 O 30
81 79 1 1 5 O 20
79 2617 1 8 44 O 30
2619 1549 2 28 152 O 20
2483 1702 2 11 60 M 30
1702 2620 2 15 79 M 10
2620 2621 2 15 80 O 10
2621 2312 2 15 79 O 30
2312 2622 2 15 79 O 30
2622 1398 2 15 83 M 20
1500 4006 1 12 64 O 30
4006 4894 1 6 32 O 10
4894 2599 1 14 77 O 20
2024 5413 2 13 67 O 10
5413 2625 2 24 130 O 10
2626 2627 1 51 283 O 30
2630 2631 2 28 154 M 10
2631 2632 2 11 60 O 30
2635 2123 1 37 204 M 10
2123 2636 1 37 0 C 0
4592 4593 2 17 94 O 30
4593 4598 2 26 141 M 30
2639 1469 2 8 41 M 30
2072 2292 2 26 142 M 10
2292 2640 2 39 215 M 20
2643 4310 2 24 131 O 30
4310 2642 2 9 49 O 10
2645 280 2 30 167 O 20
2647 1780 1 27 146 O 30
2648 3793 2 9 46 O 30
3793 2649 2 6 30 O 20
2649 2650 2 14 77 M 20
2650 2651 2 14 75 O 10
2651 2652 2 14 77 O 10
2652 2653 2 14 76 O 30
2653 2654 2 14 77 O 30
2654 2655 2 14 76 O 30
2655 1893 2 14 76 M 20
4716 2484 1 4 19 M 10
2663 1774 2 29 158 M 30
1774 2664 2 29 156 O 20
2664 2665 2 29 156 M 10
2665 2624 2 32 174 O 20
2624 2666 2 28 0 C 0
2075 2671 2 8 43 M 30
2671 1120 2 9 45 O 30
1120 4201 2 15 83 O 10
4201 2672 2 4 18 O 20
2672 1539 2 28 155 O 10
1539 4121 2 3 15 O 20
4121 1013 2 9 45 O 10
1163 5129 2 4 0 C 0
4061 3843 2 2 10 O 10
3843 2695 2 13 71 O 30
2695 5059 2 8 39 O 30
5059 2100 2 8 43 O 30
2705 2706 1 7 34 M 20
2706 2707 1 7 34 O 20
2707 2708 1 22 120 O 10
2082 1458 1 18 99 O 30
1458 2714 1 9 48 O 30
2714 2710 1 18 96 O 10
2112 3303 2 3 0 C 0
3303 3744 2 10 0 C 0
3744 2715 2 6 0 C 0
2715 2716 2 14 0 C 0
2716 2297 2 14 0 C 0
2297 2717 2 14 0 C 0
2717 2636 2 14 0 C 0
2636 1927 2 14 0 C 0
1927 2718 2 14 0 C 0
2718 2719 2 14 0 C 0
2719 5250 2 8 0 C 0
5250 1858 2 6 0 C 0
1858 5066 2 6 0 C 0
5066 2720 2 9 0 C 0
2720 1534 2 15 0 C 0
1534 3932 2 6 0 C 0
3932 2675 2 5 0 C 0
2675 2721 2 14 0 C 0
2721 3822 2 3 0 C 0
3822 1703 2 7 0 C 0
3448 3446 1 2 6 O 30
2253 1965 2 10 53 O 20
1965 507 2 6 33 O 20
507 5265 2 4 21 O 30
5265 5267 2 10 52 O 20
5267 2443 2 12 65 O 20
2443 4781 2 14 76 O 10
4781 2647 2 4 20 O 10
2647 2732 2 13 70 O 20
2732 3492 2 4 18 O 10
3492 1805 2 11 57 O 10
1805 2733 2 17 93 O 30
2733 2288 2 18 96 O 30
2288 2734 2 16 86 M 20
2734 2016 2 14 75 O 20
2016 2735 2 15 80 O 30
2735 2736 2 13 69 O 20
2736 2499 2 16 89 O 20
2499 1590 2 16 84 O 10
1590 2737 2 8 42 O 20
2737 1633 2 11 58 M 10
1633 2738 2 15 79 O 20
2738 1715 2 15 82 O 10
1715 2739 2 16 84 O 20
2739 2740 2 15 80 O 10
2740 2741 2 15 79 O 10
2741 2742 2 15 79 M 30
2742 2352 2 15 79 O 20
2352 1629 2 15 79 O 10
1629 2512 2 15 79 O 30
2512 1951 2 15 79 O 10
1951 1580 2 15 79 O 20
1580 2103 2 15 80 O 30
2103 2743 2 15 79 O 30
2743 2744 2 15 79 O 30
2744 2304 2 15 79 O 10
2304 2745 2 15 79 M 10
2745 2633 2 15 79 M 20
2633 1938 2 15 79 O 30
1938 2746 2 15 79 M 20
2746 2747 2 15 79 M 20
2747 2748 2 15 79 O 20
2482 4177 2 6 29 O 10
4177 5076 2 3 17 O 20
5076 2279 2 11 60 M 30
2279 2751 2 15 79 O 30
2751 1698 2 15 79 O 10
1698 2752 2 15 79 O 30
2752 2753 2 15 79 O 20
2753 2309 2 14 76 O 30
2309 5269 2 2 6 O 20
5269 2754 2 14 77 O 10
2754 235 2 13 71 M 20
1492 2218 1 10 55 O 30
2254 1765 1 23 123 M 30
1489 2758 2 35 189 O 20
1827 2761 2 5 24 O 10
2761 2762 2 15 82 O 30
2762 1923 2 35 191 M 20
1923 1518 2 8 44 M 30
1518 2763 2 16 87 O 30
2763 2764 2 16 88 O 10
2496 2770 1 8 40 O 20
2772 2771 1 27 150 O 20
2773 2044 2 39 214 M 30
2044 2774 2 35 192 M 30
1986 2740 2 28 154 O 20
2740 2775 2 51 282 O 30
2775 4464 2 25 134 O 30
4464 4624 2 12 64 M 30
2776 2777 2 26 143 O 20
2777 5192 2 32 176 O 30
2060 3726 2 7 37 O 30
3726 3727 2 6 29 M 10
3727 2779 2 4 21 O 20
2667 2780 2 17 94 M 10
2780 1646 2 15 78 O 30
1646 1929 2 16 85 O 30
2781 2782 2 44 242 M 30
2782 2147 2 42 230 M 10
2786 2787 2 7 35 O 10
5110 5109 2 20 106 M 30
3780 2487 2 15 82 O 10
2670 2796 2 38 208 O 30
2796 3845 2 2 10 O 30
2799 2800 1 31 171 O 30
1649 2803 2 8 43 O 20
2804 2401 2 9 49 O 20
2401 2805 2 23 123 M 10
2597 2806 2 15 82 O 20
2806 1117 2 8 44 M 20
1117 1663 2 7 38 M 20
1663 1115 2 8 41 O 30
1115 2807 2 7 38 O 10
2807 1113 2 7 34 O 30
1113 2054 2 9 45 O 20
2054 2367 2 15 79 O 10
2367 3274 2 7 36 O 20
3274 2808 2 8 44 O 20
1979 2734 2 24 128 M 30
2734 1786 2 29 158 M 30
1785 2809 2 22 120 O 20
2785 2810 2 38 211 O 20
2810 3848 2 2 10 M 20
2811 2812 1 28 153 M 30
2333 1997 2 38 208 M 30
1997 4774 2 21 113 O 30
4774 2746 2 8 40 O 10
2746 2813 2 51 282 M 30
2813 2577 2 39 211 O 30
2577 2814 2 27 148 O 30
2361 2815 2 9 49 O 30
2074 2294 2 20 107 O 30
3908 2086 1 3 16 O 20
2086 2819 1 21 115 M 10
2819 1143 1 10 51 O 20
216 2820 1 17 94 O 20
2820 2821 1 10 52 M 30
2824 2819 1 21 112 O 20
2826 2222 2 19 103 M 10
2222 1652 2 34 188 O 30
1652 2827 2 32 174 O 20
3844 3856 1 9 46 O 20
3360 411 1 6 33 M 30
411 3994 1 11 57 O 20
2129 1038 1 7 36 O 10
1038 2867 1 22 122 O 10
1835 4330 2 13 71 O 30
4330 5255 2 5 26 O 20
5255 3795 2 2 11 O 10
3795 4326 2 3 14 M 30
4326 2649 2 11 59 O 10
2649 4442 2 9 48 O 10
4442 4325 2 3 15 O 30
4325 4432 2 11 60 O 20
4432 4582 2 3 14 O 20
2362 2840 2 10 50 O 30
1753 2873 2 18 95 O 30
2873 1755 2 24 128 M 30
2262 5334 1 24 130 M 10
5334 4954 1 5 24 M 20
4954 2875 1 6 28 M 10
2875 5300 1 26 143 O 20
5300 5302 1 4 17 M 20
5302 2449 1 10 55 O 20
2042 3697 2 14 73 O 20
3697 2836 2 21 112 O 10
2236 3281 2 9 50 O 10
3281 3280 2 21 112 O 10
3280 2880 2 8 40 O 30
2881 1660 2 20 109 O 20
1941 2814 2 15 79 M 30
2814 2872 2 15 80 O 10
2872 2883 2 15 81 M 20
2883 2884 2 26 142 M 10
2884 2885 2 14 76 M 30
2885 2886 2 14 76 O 20
2886 185 2 18 99 O 30
185 1905 2 10 53 O 20
1905 187 2 8 41 O 30
187 2887 2 7 35 O 30
2887 189 2 11 60 O 20
189 4713 2 18 98 M 10
2892 343 2 13 68 O 30
2657 2893 2 17 94 M 30
2893 3788 2 12 65 O 10
3788 4562 2 7 34 M 30
2901 2902 1 10 52 M 20
2902 2572 1 19 105 O 30
2572 3442 1 15 79 M 20
1414 3657 2 8 43 O 20
3657 2464 2 7 36 M 30
2464 2905 2 14 77 M 30
3438 4221 1 13 72 O 10
4221 3553 1 23 123 M 30
3553 2261 1 24 128 O 20
2913 4057 2 5 24 O 20
2916 4593 2 15 79 O 30
4593 1933 2 15 79 M 10
1933 4591 2 15 80 O 20
2603 4172 1 30 166 O 20
4172 613 1 31 170 O 10
613 2917 1 13 68 O 20
2917 3440 1 3 11 O 10
2922 2431 1 10 52 O 30
2629 1916 1 15 81 O 20
2400 2924 1 24 133 O 30
867 5375 1 56 0 C 0
3378 2926 1 47 0 C 0
2852 3212 1 32 172 O 30
4017 1487 1 40 0 C 0
2927 1853 1 35 194 M 20
1853 2417 1 15 78 O 10
2165 5285 1 10 55 M 10
5285 2476 1 15 80 M 20
2905 2928 2 27 145 O 10
2892 308 2 2 8 M 20
308 2520 2 13 71 M 30
2859 2930 1 28 152 O 20
2930 2120 1 37 204 O 10
2120 2716 1 37 0 C 0
1833 4451 2 33 180 M 10
2069 2283 2 28 152 O 30
2283 2932 2 35 192 M 20
2013 2935 2 8 0 C 0
2936 370 2 27 0 C 0
1218 1854 1 5 0 C 0
2958 2315 2 25 139 O 30
2959 2960 2 38 208 O 20
1239 3370 2 3 14 O 20
3370 335 2 12 65 O 10
335 1220 2 14 74 O 20
1220 4826 2 2 8 O 20
2012 3867 1 22 120 O 10
3867 3868 1 9 48 O 10
3868 3870 1 7 36 O 30
3870 848 1 18 0 C 0
848 850 1 3 0 C 0
1841 2655 2 33 180 M 10
2655 3799 2 23 122 O 10
3799 2961 2 12 61 O 30
2585 1685 2 25 135 O 10
2965 2848 2 19 103 O 10
2780 2669 2 19 104 O 20
2668 5207 2 37 201 M 30
4626 644 2 11 56 O 20
644 2498 2 14 73 M 20
2498 1829 2 6 31 O 20
1829 2968 2 23 124 M 20
2968 1735 2 39 214 M 30
1735 2969 2 48 262 O 10
2969 2137 2 53 294 O 30
2137 2970 2 43 237 M 10
2970 2971 2 34 186 O 30
1860 3295 2 12 62 M 30
3295 1034 2 8 42 O 30
2830 2977 2 8 42 M 10
1509 2978 1 45 246 O 10
2978 2159 1 42 232 O 30
2159 2979 1 35 193 M 10
2979 2980 1 27 145 M 20
2980 2981 1 15 82 O 10
2981 2982 1 15 79 O 30
2982 2983 1 15 79 O 10
2983 1638 1 15 79 O 10
2089 4926 2 8 43 O 20
4926 4925 2 1 5 O 30
4925 1090 2 7 36 O 10
1090 2824 2 2 10 M 20
2824 2643 2 8 41 O 30
2643 1177 2 15 79 O 10
2092 4949 1 5 25 O 10
4949 4952 1 11 59 O 10
4952 4936 1 3 15 O 20
4936 4232 1 4 17 O 20
4232 4234 1 15 80 O 20
4234 442 1 1 5 O 30
2991 2990 1 8 0 C 0
2990 816 1 17 90 O 30
816 2989 1 13 69 O 10
1370 2992 2 16 86 O 20
2992 2479 2 16 87 M 30
2479 2993 2 43 239 M 10
2994 3392 1 3 12 O 20
3392 2995 1 23 126 O 10
2073 2293 2 19 103 M 10
2998 4483 2 8 41 O 10
4483 3474 2 3 15 O 30
3474 2615 2 6 31 O 10
2615 2525 2 25 134 O 30
2525 2287 2 13 70 O 30
2287 4052 2 1 5 O 10
2735 1788 2 29 157 O 10
1788 3001 2 22 122 M 20
3001 4605 2 24 131 O 30
3002 1655 2 14 74 O 10
1655 2846 2 32 174 M 30
486 2697 2 2 7 O 20
2697 3003 2 43 236 M 20
3003 2409 2 25 137 M 20
1838 2652 2 33 180 O 10
2652 4577 2 31 167 M 10
2864 5280 2 10 51 M 10
5280 1104 2 8 44 O 20
897 2749 2 27 148 M 10
2749 3006 2 51 282 M 20
3006 5045 2 7 37 M 10
5045 2580 2 19 103 O 10
2581 467 2 7 35 O 30
467 1682 2 13 67 M 10
1682 2884 2 14 76 M 20
3828 3855 1 8 40 M 10
817 2990 1 3 0 C 0
1400 3401 2 12 0 C 0
3401 2465 2 18 96 M 30
2465 3411 2 6 32 O 20
3411 2928 2 9 45 O 30
2928 1971 2 20 108 O 20
1971 4235 2 8 44 O 20
4235 2757 2 8 43 O 20
2757 195 2 28 154 O 20
195 197 2 3 16 M 10
197 711 2 2 10 O 30
711 3009 2 16 86 O 20
3009 4657 2 25 134 O 30
3010 2919 2 7 35 O 10
2919 3457 2 3 15 O 30
3457 3011 2 13 67 O 20
2439 2382 2 15 80 O 10
2382 3015 2 14 76 O 20
3015 3014 2 14 76 O 20
3014 2980 2 14 76 O 10
2980 2251 2 14 76 O 10
2251 3013 2 24 130 M 30
3013 2420 2 27 145 O 10
3016 2983 2 36 197 O 10
2983 3017 2 15 79 O 20
3017 2442 2 36 200 O 30
2442 3951 2 23 128 O 30
3022 2981 2 37 205 O 10
2981 3023 2 14 78 O 20
3023 2383 2 28 152 O 30
2383 2440 2 9 47 O 30
2440 2769 2 8 44 O 30
2769 3024 2 15 79 O 20
3024 2971 2 15 79 O 30
2971 3018 2 5 26 M 10
3018 2351 2 10 53 M 30
2351 1641 2 11 59 O 10
3025 2099 2 12 62 M 20
2099 3026 2 17 89 O 10
3026 3003 2 16 85 O 20
3003 3027 2 16 83 M 20
1881 2897 2 13 69 O 10
2897 1388 2 15 79 O 10
1388 2795 2 22 117 O 20
2795 1526 2 22 121 M 10
1526 1296 2 15 79 M 10
1296 2489 2 3 12 O 20
1539 2777 2 15 81 M 30
2777 1602 2 15 83 M 20
1602 3838 2 3 12 M 20
3838 3028 2 15 80 O 10
3028 3029 2 11 58 O 10
313 3030 2 7 39 O 10
1862 3292 2 21 116 M 20
3292 3293 2 7 33 M 30
3293 2233 2 2 6 O 10
3032 2992 2 25 134 O 20
2992 3033 2 30 162 M 20
2707 3904 1 2 8 O 20
3904 3038 1 40 219 O 20
2433 2027 2 36 200 O 30
2027 3040 2 46 253 O 20
3040 4882 2 3 11 O 30
1915 2628 1 15 81 O 30
4037 1241 2 35 0 C 0
1241 1293 2 2 0 C 0
2714 3901 1 2 9 O 30
3901 3042 1 40 219 M 20
3042 3896 1 2 9 O 20
1609 770 2 7 37 O 10
770 144 2 18 95 O 30
144 2606 2 11 60 O 10
2660 1721 2 34 184 M 30
1721 5251 2 7 37 O 20
5251 3478 2 9 49 M 30
3478 4397 2 1 4 M 20
4397 3047 2 4 21 O 10
2418 3048 2 45 249 O 10
2380 2437 1 27 147 M 20
2437 2767 1 32 175 O 20
3049 3050 2 39 215 O 10
2863 1177 1 33 183 O 30
278 288 2 31 169 M 30
5098 413 2 10 50 O 20
413 5104 2 7 34 O 30
3059 1545 1 15 80 M 10
1545 807 1 14 77 O 20
807 2674 1 3 15 O 30
2674 3058 1 7 37 O 10
3058 1856 1 14 76 M 30
1856 2869 1 14 76 O 10
2869 2812 1 14 76 O 30
2812 1925 1 14 76 O 20
1925 2635 1 14 76 O 20
2635 3057 1 14 76 O 20
3057 2296 1 14 76 O 10
2296 2930 1 14 76 O 20
2930 3056 1 14 76 O 20
3056 1059 1 8 42 O 30
1059 3305 1 7 38 O 30
3305 2110 1 3 15 O 20
3061 3062 2 39 213 O 10
2894 3790 2 6 31 O 30
3790 3766 2 23 124 O 10
3766 3765 2 5 26 M 30
3765 3485 2 4 20 M 10
2430 3064 2 18 98 O 20
3064 2025 2 36 197 O 20
2025 3065 2 46 252 O 10
3065 2763 2 16 88 O 10
2376 3240 2 8 41 O 20
3240 406 2 2 10 O 30
406 2429 2 14 77 M 20
2000 2751 2 37 201 O 30
2751 1797 2 29 159 M 10
2972 4960 1 2 0 C 0
4960 1024 1 4 0 C 0
1024 1026 1 4 0 C 0
1026 1027 1 28 155 O 20
3070 3071 2 13 70 O 30
1431 862 1 76 0 C 0
2108 1197 2 2 9 O 20
1912 1033 1 7 38 M 10
2003 982 2 18 0 C 0
1371 3033 2 21 113 O 30
3033 2480 2 16 85 O 30
1503 4220 1 6 29 O 10
4220 2601 1 24 128 O 30
3078 341 2 2 10 O 10
892 4015 1 8 41 O 10
3082 3083 1 4 21 M 30
3083 3084 1 9 49 O 30
3084 3082 1 8 42 M 20
2117 1089 1 2 7 O 30
1089 4945 1 9 48 O 10
4945 3042 1 10 53 O 10
1667 2847 2 32 174 O 10
2481 2278 2 24 130 O 30
2784 3086 2 37 202 M 20
3086 3850 2 2 10 M 20
52 53 1 33 0 C 0
1150 2569 1 32 175 O 20
2834 3223 1 27 149 O 10
3090 1922 2 34 188 M 20
1985 2739 2 28 154 O 20
2739 3091 2 51 282 O 10
3091 4467 2 24 132 O 30
4467 4623 2 8 41 M 30
3092 1675 2 13 67 O 10
1675 3093 2 15 79 O 30
3093 2043 2 15 79 O 10
2043 477 2 29 156 M 10
477 2837 2 7 35 M 10
1169 2995 1 12 65 M 20
2995 3054 1 16 85 O 10
1511 4106 1 24 128 M 30
4106 3094 1 22 119 O 30
3094 2319 1 42 231 O 20
2319 3095 1 39 213 O 30
3095 3015 1 23 126 O 30
2378 2434 2 31 167 O 10
3106 3093 2 27 146 O 10
1825 2462 2 15 82 O 20
2255 1767 1 23 124 O 30
2918 3107 2 21 116 O 10
3107 2902 2 7 38 O 30
4051 2524 1 10 51 M 10
2935 2395 2 15 0 C 0
1783 2733 1 28 152 O 20
3112 3081 2 38 207 O 20
1383 5482 2 24 133 O 10
5482 1310 2 12 63 O 10
3213 2855 1 33 182 O 20
1017 2865 1 45 249 O 30
2107 1198 2 2 10 O 30
1198 2932 2 16 85 M 30
2932 2301 2 15 81 O 30
2301 3114 2 15 81 O 30
92 90 2 7 34 O 20
90 5089 2 24 129 O 10
2419 3117 2 33 181 O 20
3119 3120 2 40 0 C 0
5178 1495 2 2 11 O 10
1495 3009 2 25 137 O 10
3009 3656 2 11 58 O 20
3656 93 2 1 4 O 10
93 2529 2 7 34 M 20
2529 5121 2 7 36 O 10
5121 584 2 6 30 O 20
584 4770 2 3 14 M 20
4770 5123 2 7 35 O 20
5123 1769 2 6 29 O 30
1769 2256 2 19 105 M 10
5100 5097 1 7 35 O 10
2986 1041 1 2 8 M 30
1041 3060 1 26 141 O 20
3060 2130 1 29 158 O 10
1610 45 1 35 192 M 30
45 4833 1 10 50 O 30
2039 4114 2 18 99 O 10
4114 3577 2 3 16 O 20
3577 2608 2 11 59 O 30
1843 2656 2 33 180 M 30
2656 4875 2 28 151 O 30
4875 3140 2 7 36 O 30
1031 1687 2 13 68 O 10
1687 2887 2 14 76 M 10
2114 385 2 5 27 O 20
385 383 2 4 21 O 30
383 3143 2 6 31 O 20
3143 2931 2 15 79 O 20
2931 2302 2 15 79 O 30
2302 3144 2 15 79 O 30
3144 2638 2 15 79 O 30
2638 1934 2 15 79 M 10
1934 2816 2 15 79 M 20
2816 3145 2 15 79 O 10
3145 2782 2 7 38 O 20
2782 2870 2 16 86 O 30
2870 3098 2 15 80 O 30
3098 3854 2 3 13 M 20
3854 3146 2 15 79 O 30
3146 3080 2 38 211 O 10
3080 2962 2 15 81 O 20
2962 1895 2 15 79 O 10
1895 3141 2 15 79 O 10
3141 2895 2 15 79 O 10
2895 3484 2 41 227 O 20
3136 3882 1 13 68 M 10
3882 1212 1 3 15 O 10
1212 2416 1 32 177 O 10
3900 2991 2 30 166 O 30
2672 2776 2 16 88 O 20
2776 3100 2 15 80 M 30
3100 3839 2 3 11 O 10
3839 3029 2 22 118 O 30
3029 2645 2 6 32 O 10
2645 2826 2 20 107 O 30
2826 2097 2 20 108 O 20
2097 2223 2 9 49 O 20
2223 3150 2 12 65 M 30
3150 3002 2 19 104 O 30
3002 1667 2 21 111 O 30
1667 2965 2 19 106 O 30
2965 1146 2 22 118 O 10
2619 3151 2 33 0 C 0
3151 793 2 6 0 C 0
1781 2732 1 27 148 O 20
2001 2752 2 37 201 O 10
2752 1798 2 29 158 M 20
1798 3121 2 34 184 O 10
3121 3152 2 25 134 O 10
3152 2620 2 32 174 O 30
2659 578 2 17 92 O 30
578 579 2 3 13 O 30
579 1720 2 15 79 O 20
1720 4398 2 10 54 O 10
4398 4546 2 7 35 M 20
2893 896 2 25 135 O 10
3150 1654 2 26 144 O 30
1654 2845 2 32 173 O 10
3146 2959 2 15 79 O 10
2959 3112 2 14 76 O 20
3112 2150 2 15 81 M 30
2150 1873 2 15 78 O 30
1873 2392 2 40 220 O 10
1832 4456 2 11 61 O 10
4456 3155 2 15 82 M 10
2119 3056 1 37 204 M 10
3056 2858 1 28 153 M 30
1992 2743 2 28 154 M 10
2743 3129 2 51 282 O 30
3129 2573 2 47 256 M 10
3895 906 1 57 315 M 20
3158 5393 1 26 140 M 10
4984 3997 1 11 56 O 30
1807 4856 2 37 205 M 20
3166 2404 1 11 56 M 10
2404 2854 1 9 49 O 10
1984 2738 2 28 154 O 10
2738 1533 2 15 79 O 10
1533 1792 2 15 83 M 30
1792 3127 2 22 120 O 20
3127 4630 2 25 137 O 10
3167 3263 2 7 36 O 10
3263 5039 2 3 16 M 20
5039 1665 2 7 38 O 20
1665 1119 2 7 39 O 20
2225 798 2 24 128 O 10
2029 2766 2 35 189 O 20
3011 2901 2 8 39 M 10
2901 3107 2 7 37 O 10
3173 2702 2 27 146 M 20
2414 2232 2 34 189 M 10
3174 1071 2 26 144 O 30
1071 1023 2 4 21 M 10
807 2984 1 33 178 O 30
2126 5279 1 32 177 O 20
5279 3058 1 5 28 M 10
2059 3722 2 8 43 O 20
3722 3724 2 7 38 O 10
3724 3721 2 2 11 M 30
3721 3719 2 10 50 O 10
3719 3737 2 5 23 O 30
3737 2841 2 7 35 O 30
1637 3294 1 12 66 M 30
3294 1484 1 8 43 O 10
1484 4827 2 6 30 O 30
4827 1034 2 3 15 O 20
1034 2359 2 16 88 O 10
2359 1373 2 16 85 O 10
1373 3031 2 16 84 M 10
1828 3171 2 21 114 O 10
3171 1734 2 41 225 O 30
1734 3041 2 48 262 M 20
3041 2136 2 53 294 M 10
2136 3165 2 43 237 O 30
3165 3024 2 34 186 O 20
2857 3055 1 27 148 M 20
1987 2741 2 28 154 O 10
2741 3128 2 51 282 O 20
3128 4627 2 41 224 O 30
3177 2045 2 37 201 O 20
2045 479 2 7 35 O 20
479 481 2 22 121 O 30
481 2838 2 7 36 O 20
3176 2598 1 14 77 O 10
2853 2403 2 9 49 M 20
2403 3179 2 17 91 M 30
2530 1770 1 25 138 M 10
2118 3754 2 1 5 O 20
3754 812 2 2 10 O 20
812 4992 2 14 75 M 30
4992 3038 2 3 0 C 0
3038 3753 2 8 0 C 0
3753 513 2 9 0 C 0
2237 2596 2 20 110 O 10
2783 3099 2 35 192 O 20
3099 3852 2 3 12 O 10
3811 3138 2 7 37 O 30
3138 2982 2 37 200 O 20
2982 655 2 6 30 O 30
655 3181 2 9 49 M 10
3181 2441 2 36 200 O 30
2402 3182 1 21 112 O 10
5105 3053 1 20 108 O 30
3053 5108 1 13 70 O 20
1733 2658 2 15 0 C 0
2658 2996 2 10 0 C 0
3145 2146 2 41 223 O 20
1374 2975 1 31 171 O 20
2975 3020 1 31 171 O 30
3067 1701 2 15 79 O 20
1701 3152 2 15 79 O 20
3152 3046 2 15 79 O 20
3046 2311 2 15 80 O 30
2311 3183 2 15 78 M 20
3183 1475 2 15 79 O 10
3184 2665 2 15 79 O 30
3158 5166 2 11 58 M 20
5166 5159 2 9 46 M 10
5159 147 2 1 3 O 20
147 3810 2 10 55 O 20
3810 3544 2 9 50 O 20
3544 753 2 2 7 M 20
1167 3311 2 15 83 O 10
3311 3312 2 6 29 O 20
3312 3057 2 8 41 O 20
3057 2122 2 37 204 O 30
2122 2717 2 37 0 C 0
2916 4594 2 21 112 O 30
3187 2839 2 7 35 O 30
2071 2291 2 27 150 M 30
2291 3114 2 28 153 O 10
3114 3072 2 15 81 O 10
3157 1772 2 29 156 O 10
1772 3120 2 15 81 O 20
2405 2856 2 10 51 O 20
3188 1368 2 16 89 O 30
1368 3032 2 16 85 O 10
3032 2478 2 16 85 M 20
2478 2993 2 31 170 O 30
2993 847 2 22 118 O 20
3189 3190 1 4 0 C 0
3191 2706 1 19 102 M 10
2706 3903 1 2 9 M 10
2583 466 2 7 35 O 10
466 1683 2 14 75 M 30
1683 2885 2 14 76 O 20
1839 2653 2 33 180 O 30
2653 4581 2 32 172 O 20
2750 3131 2 51 282 O 20
3131 5046 2 7 38 O 20
5046 2582 2 14 76 M 30
2565 3192 1 22 0 C 0
3192 1182 1 2 0 C 0
2565 1869 1 52 0 C 0
2754 5061 2 21 116 M 30
5061 1801 2 8 42 O 30
1801 4256 2 8 42 M 20
4256 447 2 14 73 M 10
447 3122 2 7 38 M 30
3122 3183 2 30 162 O 10
3183 2622 2 32 174 O 10
2622 2889 2 28 150 O 20
2889 445 2 5 22 M 30
878 3319 2 30 162 M 30
3319 2661 2 3 12 M 10
2661 3322 2 7 36 O 20
3322 1723 2 27 148 O 10
4542 4208 2 3 0 C 0
3195 1369 2 15 81 O 30
2435 2028 2 29 157 O 20
2028 2765 2 41 227 M 30
2379 2436 2 33 179 O 30
2972 505 2 19 0 C 0
505 502 2 14 0 C 0
502 1235 2 19 0 C 0
1235 1016 2 15 0 C 0
1016 1234 2 7 0 C 0
1234 977 2 11 0 C 0
4000 1451 1 54 299 M 30
66 4021 1 38 207 M 10
62 67 1 48 266 O 30
863 1433 1 51 0 C 0
2323 4368 2 11 0 C 0
4368 2324 2 6 0 C 0
2324 1696 2 15 0 C 0
1696 4369 2 13 0 C 0
4369 2325 2 13 0 C 0
2325 869 2 8 0 C 0
869 2241 2 18 0 C 0
2241 2925 2 9 0 C 0
2755 5060 1 21 116 M 10
5060 1479 1 8 43 O 30
1479 4257 1 8 41 O 30
4257 873 1 13 69 O 30
873 446 1 1 5 M 30
446 3123 1 7 39 O 10
3123 874 1 10 51 M 20
874 5155 1 6 29 O 30
5155 1475 1 15 80 O 10
1475 1398 1 32 175 O 30
1968 1438 2 6 32 O 30
236 2663 2 14 0 C 0
2623 2624 2 15 80 M 30
2890 735 2 3 13 O 30
2891 2666 2 14 0 C 0
3194 3320 2 26 0 C 0
3320 2662 2 3 0 C 0
1904 890 1 20 107 O 10
2280 4708 1 6 31 M 10
4708 103 1 6 30 O 10
103 889 1 5 25 M 30
503 1579 2 17 90 O 30
1579 1580 2 28 153 O 10
1580 1581 2 51 282 O 20
1581 1582 2 57 315 O 10
4507 901 1 13 72 O 30
5102 4675 1 8 44 O 30
4675 4656 1 4 20 O 10
4655 4666 1 7 38 O 20
4659 902 1 14 73 O 30
905 904 1 17 94 O 30
904 4504 1 1 5 O 10
1401 908 1 46 253 O 30
376 5385 1 39 0 C 0
911 926 1 59 325 M 30
911 912 1 33 180 M 20
1441 1564 1 13 69 O 10
1564 921 1 14 76 M 10
921 915 1 26 139 O 10
5350 1550 2 10 51 O 30
1550 151 2 3 16 O 20
151 4230 2 36 199 O 10
4230 3435 2 3 13 O 20
3435 1442 2 21 113 O 20
1442 5351 2 2 6 O 30
919 914 1 25 135 M 20
5351 4676 1 5 26 M 30
4676 1564 1 12 65 O 30
365 1142 1 57 316 M 10
925 1142 1 50 275 O 20
37 3231 2 21 112 O 10
3231 4778 2 22 0 C 0
4778 1236 2 52 0 C 0
1236 1237 2 5 0 C 0
38 1030 2 8 0 C 0
942 943 2 12 0 C 0
943 944 2 4 0 C 0
1477 936 1 3 0 C 0
936 946 1 6 0 C 0
946 948 1 15 0 C 0
2519 4126 1 4 17 O 10
782 364 1 7 0 C 0
918 1320 1 42 232 M 20
4014 2384 1 25 0 C 0
2384 3157 1 16 0 C 0
3157 2592 1 15 83 O 20
2592 762 1 7 37 M 10
762 763 1 6 32 M 10
763 922 1 2 9 O 20
922 783 1 39 214 M 20
783 907 1 22 122 O 30
803 961 1 21 0 C 0
961 962 1 30 0 C 0
968 2518 1 10 0 C 0
970 968 1 11 0 C 0
61 971 1 65 361 O 20
974 973 1 20 106 M 30
971 3355 1 16 84 O 30
972 973 1 20 111 O 30
973 4030 1 18 95 O 30
65 3369 2 3 16 M 30
2328 1949 2 5 0 C 0
1949 1578 2 15 0 C 0
1578 2102 2 15 0 C 0
2102 2329 2 15 0 C 0
2329 2330 2 15 0 C 0
2330 2303 2 15 0 C 0
3654 2455 1 17 0 C 0
2455 2760 1 16 0 C 0
2760 1250 1 2 0 C 0
3969 989 1 65 0 C 0
1566 4027 1 30 163 O 10
63 64 1 17 90 M 30
3994 4040 1 41 225 O 30
2407 993 1 40 217 M 10
1752 992 1 59 325 M 20
71 73 1 42 233 O 10
993 71 1 32 174 O 30
1447 989 1 58 0 C 0
999 998 1 29 0 C 0
1001 5384 1 30 0 C 0
1000 2555 1 12 0 C 0
218 3197 1 5 0 C 0
1002 998 1 12 0 C 0
3193 4163 1 10 0 C 0
1004 1181 1 8 0 C 0
1003 1184 1 9 0 C 0
1007 728 1 33 0 C 0
2371 3920 2 2 0 C 0
2004 2005 1 16 0 C 0
2005 587 1 15 0 C 0
587 2006 1 24 0 C 0
2006 2007 1 42 0 C 0
2007 1087 1 14 0 C 0
1087 2008 1 22 0 C 0
2008 2009 1 27 0 C 0
1648 3832 2 2 10 M 30
2321 2215 2 13 70 O 10
2215 3598 2 12 61 O 10
3598 2437 2 4 22 M 10
2437 2438 2 16 88 O 10
2438 2439 2 20 108 O 10
2439 2440 2 18 99 O 10
2440 2441 2 15 79 O 10
2441 2442 2 15 80 O 10
2442 1640 2 15 79 O 30
2068 2069 2 23 123 M 10
2069 2070 2 15 79 O 30
2070 2071 2 15 79 M 10
2071 2072 2 15 81 O 10
2072 1929 2 26 142 M 30
1929 2073 2 15 80 O 10
2073 2074 2 13 71 O 20
2074 2075 2 27 149 O 30
2955 789 2 10 0 C 0
5364 5036 1 36 200 M 30
3225 5349 1 16 87 O 20
1035 5418 2 3 14 O 30
5418 262 2 4 21 O 10
262 5419 2 2 8 O 10
5419 2674 2 23 123 O 30
2674 5278 2 4 21 O 20
5278 4722 2 12 63 M 20
4722 2127 2 25 0 C 0
3203 4047 1 14 0 C 0
4047 1420 1 30 0 C 0
1021 1014 1 96 0 C 0
1014 1906 1 88 486 O 20
1906 5368 1 80 442 M 20
2866 752 1 4 0 C 0
749 2094 2 2 7 O 20
2095 1653 2 32 173 O 20
1653 2096 2 34 187 O 10
2096 2097 2 6 33 M 30
2097 2098 2 28 154 O 30
2098 2099 2 14 75 O 10
2099 2100 2 55 301 M 20
3216 3217 1 7 36 O 20
1193 748 1 2 9 O 10
743 821 1 3 15 O 30
1434 882 1 49 0 C 0
5070 808 2 7 34 O 10
808 1808 2 15 82 O 10
1808 1662 2 15 81 O 30
1662 1809 2 15 81 O 30
1809 1810 2 15 79 O 30
1810 1811 2 15 80 O 20
1811 1812 2 15 80 M 20
1409 1466 1 48 264 M 20
57 3372 1 17 94 O 30
4000 1463 1 86 477 O 10
3251 1443 1 76 420 O 30
74 2567 1 39 0 C 0
2567 1435 1 27 0 C 0
3373 3374 1 12 0 C 0
3379 3380 1 40 0 C 0
3380 3381 1 20 0 C 0
2535 2536 2 10 0 C 0
2486 3482 1 15 80 M 30
3482 3487 1 15 79 M 20
3069 1027 2 28 154 O 10
3068 3069 2 18 99 O 20
965 916 1 46 251 O 20
1426 1427 1 14 0 C 0
1427 1428 1 5 0 C 0
1428 1429 1 17 0 C 0
1429 1430 1 23 0 C 0
1430 333 1 12 0 C 0
333 1403 1 3 0 C 0
3959 3960 2 10 0 C 0
3960 2535 2 3 0 C 0
3961 3962 1 9 0 C 0
3962 986 1 5 0 C 0
989 3961 1 33 0 C 0
3964 3376 1 11 0 C 0
3376 5360 1 4 0 C 0
3966 3375 1 27 0 C 0
3963 3967 1 42 0 C 0
5359 985 1 45 0 C 0
3374 3966 1 31 0 C 0
3970 3971 1 43 0 C 0
3972 3973 1 41 0 C 0
3968 3972 1 8 0 C 0
3974 3975 1 24 0 C 0
3976 3974 1 13 0 C 0
3975 3977 1 23 0 C 0
3977 3978 1 8 0 C 0
3978 5315 1 11 0 C 0
3979 3980 1 13 0 C 0
3980 3981 1 15 0 C 0
3981 3982 1 8 0 C 0
3983 3984 1 56 0 C 0
3984 3985 1 8 0 C 0
3985 3976 1 17 0 C 0
3973 3979 1 2 0 C 0
3982 3986 1 66 0 C 0
3986 3602 1 9 0 C 0
3602 1474 1 24 0 C 0
1474 1473 1 17 0 C 0
1473 3911 1 4 0 C 0
3911 3912 1 11 0 C 0
3912 1472 1 4 0 C 0
54 769 1 7 0 C 0
769 259 1 2 0 C 0
259 260 1 14 0 C 0
260 547 1 12 0 C 0
547 4986 1 4 0 C 0
4986 3654 1 3 0 C 0
5361 1565 1 11 0 C 0
2568 74 1 20 0 C 0
3381 4021 1 91 503 O 30
4021 4024 1 26 139 O 30
3987 3988 1 16 0 C 0
3989 1461 1 9 0 C 0
3990 3991 1 13 0 C 0
3992 3378 1 5 0 C 0
3993 3992 1 13 0 C 0
3991 3371 1 9 0 C 0
4034 4985 1 15 79 O 20
4037 3996 1 45 0 C 0
1416 1417 1 9 50 M 20
1419 1418 1 12 63 M 30
67 68 1 22 118 M 30
5395 5394 1 9 45 O 10
1450 1465 1 76 420 M 30
1466 1465 1 55 301 O 30
1465 1464 1 7 37 O 10
4029 1451 1 56 306 O 30
4023 4029 1 20 110 M 10
58 72 1 59 325 M 10
3161 3999 1 4 21 O 10
1455 4028 1 37 205 M 10
4676 921 1 19 104 O 30
2259 3459 2 18 97 M 30
3459 2522 2 41 223 O 20
4349 4364 2 27 0 C 0
4364 1748 2 18 0 C 0
1748 2266 2 15 0 C 0
2266 1945 2 15 0 C 0
1945 2267 2 15 0 C 0
2267 2268 2 15 0 C 0
2268 1757 2 14 0 C 0
1757 2269 2 14 0 C 0
2269 2270 2 14 0 C 0
2270 2271 2 14 0 C 0
2271 2272 2 14 0 C 0
2272 2273 2 14 0 C 0
2273 2217 2 14 0 C 0
2217 2274 2 14 0 C 0
2274 1504 2 14 0 C 0
1504 2275 2 14 0 C 0
3073 3840 2 2 11 M 30
3840 2644 2 16 86 O 10
2644 2828 2 20 107 O 20
2828 3025 2 6 33 O 20
3025 2098 2 15 78 O 10
2098 3074 2 20 109 O 20
3074 3004 2 20 106 M 20
3004 2227 2 12 61 O 20
2227 3075 2 9 46 M 10
3075 1902 2 33 178 M 30
1902 1668 2 11 58 O 10
1668 4005 2 28 151 M 10
2602 3438 2 6 28 O 10
2284 2285 2 5 0 C 0
125 2284 2 7 0 C 0
3186 2879 2 9 49 O 30
2879 3170 2 19 101 M 10
3170 2631 2 19 105 O 20
2631 1921 2 16 87 M 30
1921 1517 2 15 80 M 20
1517 3065 2 15 79 O 30
3065 2923 2 15 79 M 10
2923 3040 2 15 79 O 30
2999 2911 2 5 25 M 10
2911 2877 2 19 100 O 10
2877 3000 2 18 99 M 30
3000 2630 2 20 106 M 20
2630 1920 2 16 88 O 20
4053 2021 2 9 46 O 30
2021 2022 2 18 100 O 20
2022 2023 2 18 99 M 10
2023 2024 2 20 107 O 10
2024 1919 2 16 87 O 10
1919 1516 2 15 80 O 20
1516 2025 2 15 79 O 20
2025 2026 2 15 80 O 20
2026 2027 2 15 79 O 10
2027 2028 2 15 79 O 10
2028 2029 2 15 79 O 10
2029 2030 2 11 58 O 30
2433 1011 1 7 37 M 20
2447 2448 2 8 43 O 30
2448 2449 2 18 100 O 30
2449 2450 2 19 102 O 30
2909 3185 2 8 40 O 10
2260 2261 2 9 45 M 10
2261 2262 2 17 93 O 10
2262 4957 2 4 19 O 10
4957 4094 2 4 22 M 20
4094 4096 2 4 20 O 20
4096 2263 2 8 43 M 20
3466 5237 2 5 23 O 30
5237 2447 2 2 11 O 20
3185 4050 2 6 30 O 30
4049 2260 2 5 24 O 20
4054 3186 2 7 37 O 10
4055 3586 2 7 36 M 10
3586 2878 2 10 55 O 10
2878 3169 2 18 99 O 10
4052 2999 2 5 27 M 30
4056 2913 2 5 23 O 10
2913 2912 2 4 21 M 10
4057 2914 2 19 102 O 30
2914 1719 2 21 117 M 10
1719 2915 2 16 84 O 10
4058 2912 2 6 30 O 20
2020 4053 2 4 20 M 30
876 872 1 138 762 M 30
872 870 1 243 0 C 0
3636 1476 2 54 0 C 0
1363 4997 2 7 0 C 0
4997 2556 2 8 0 C 0
2556 2477 2 17 0 C 0
2477 3875 2 4 0 C 0
3875 2166 2 30 0 C 0
2166 2557 2 11 0 C 0
2557 3345 2 16 0 C 0
3345 860 2 7 0 C 0
4261 4262 2 22 121 O 10
4263 4264 2 28 150 O 10
4264 4265 2 10 51 O 30
4265 4266 2 7 35 O 30
4266 4267 2 12 63 O 20
4267 4268 2 9 48 M 30
4265 4269 2 7 36 O 20
4269 4270 2 46 252 O 20
4266 4269 2 6 30 O 30
5131 4270 2 8 39 O 20
4270 4268 2 9 46 M 10
4268 4271 2 108 598 O 10
4270 4272 2 92 509 M 20
4272 4261 2 24 131 O 10
4261 5494 2 2 10 O 30
5494 4262 2 2 10 O 10
4262 1086 2 19 101 O 20
1086 4271 2 38 206 O 30
4271 143 2 25 134 O 30
143 4268 2 3 12 O 10
4264 4273 2 10 52 M 20
4274 4275 2 7 34 O 30
4275 4276 2 18 99 M 20
4281 4285 2 12 65 M 30
4290 1108 2 25 135 M 20
4289 4286 2 45 247 M 30
4293 4279 2 19 103 O 10
4294 4295 2 31 171 O 20
4295 4153 2 25 137 O 30
4153 4240 2 17 94 O 10
4240 4286 2 9 48 O 20
4286 4287 2 17 89 O 20
4287 4154 2 16 86 M 30
4154 4141 2 13 67 O 30
4141 4296 2 12 66 O 20
4295 4143 2 12 65 O 20
4143 4296 2 15 80 M 10
4296 4159 2 14 76 O 10
4159 4288 2 14 76 O 10
4276 4297 2 15 80 O 20
4297 4275 2 115 636 M 30
4297 4288 2 16 87 M 20
4288 4140 2 13 68 O 30
4140 4156 2 13 70 O 20
4156 4287 2 34 189 M 10
4298 4299 2 44 242 O 30
4299 4280 2 18 100 O 20
4146 4145 2 14 0 C 0
4145 4300 2 12 63 O 10
4300 4151 2 12 63 O 10
4151 4152 2 12 62 O 20
4152 4301 2 10 52 O 30
4300 4291 2 21 112 O 10
4291 4149 2 25 136 O 20
4149 4147 2 12 62 M 10
4147 4302 2 12 64 O 10
4302 4303 2 13 67 M 30
4303 4304 2 34 188 O 30
4304 4302 2 27 145 M 30
4292 4161 2 25 135 M 10
4161 4284 2 20 109 O 10
4276 4277 2 1 6 O 20
4277 4293 2 71 393 O 30
4293 4298 2 17 92 O 30
4298 4305 2 89 492 O 10
4299 4138 2 14 77 M 30
4138 4135 2 14 76 O 10
4135 4136 2 1 4 O 30
4374 4375 2 12 63 M 30
4375 4386 2 16 88 O 10
4386 4387 2 11 59 O 10
4387 4388 2 20 108 O 30
4388 4389 2 31 168 O 20
4389 4385 2 69 383 O 10
4384 4534 2 18 96 O 10
4534 4528 2 22 120 O 30
4528 4520 2 24 129 M 20
4520 5154 2 6 28 O 10
5154 4390 2 16 88 M 10
4390 4536 2 7 38 O 10
4536 4391 2 6 30 O 20
4391 1084 2 9 47 O 20
1084 4538 2 7 35 M 10
4538 1083 2 4 20 O 20
1083 4392 2 5 22 M 10
4392 4512 2 15 81 O 10
4512 4377 2 7 34 M 10
4512 4378 2 7 37 O 10
4513 4515 2 5 23 M 30
4514 4513 2 5 25 M 30
4513 4516 2 18 97 M 10
4517 4379 2 8 39 O 30
4388 4518 2 14 75 O 10
4519 4520 2 11 60 M 30
4521 4518 2 6 31 M 10
4518 4519 2 17 90 O 10
4519 4389 2 8 42 M 30
4522 4523 2 3 14 O 30
4523 4524 2 11 59 O 30
4523 4391 2 11 57 M 30
4525 4526 2 3 15 O 20
4526 4527 2 38 209 O 10
4381 4526 2 11 59 M 30
4528 4529 2 16 88 O 20
4529 4530 2 6 33 O 10
4530 4535 2 14 75 O 30
4535 4531 2 16 88 M 10
4531 4382 2 6 32 O 30
4529 5152 2 15 80 O 10
5152 5153 2 3 15 M 20
5153 4532 2 21 116 M 20
4530 4533 2 9 48 O 10
4534 4535 2 16 88 O 10
4536 4532 2 4 22 O 30
4532 4525 2 15 79 O 20
1085 4537 2 11 56 O 30
4537 4521 2 16 88 O 30
4521 4390 2 13 70 O 30
4392 4517 2 6 31 O 20
4517 4522 2 6 32 M 10
4522 4538 2 5 23 O 20
4380 4524 2 6 29 O 30
4524 4525 2 20 109 M 10
4525 5151 2 11 61 O 30
5151 4533 2 19 102 O 30
4533 4531 2 21 114 O 30
4531 4383 2 15 78 O 10
5354 1421 1 41 0 C 0
953 4174 1 2 8 O 30
4174 3937 1 9 46 O 10
3937 3939 1 7 36 O 20
3939 4224 1 9 48 O 20
4224 599 1 5 28 M 10
599 3439 1 3 16 O 20
953 1502 2 6 29 M 10
868 2343 1 106 0 C 0
1420 1021 1 8 0 C 0
3221 3220 1 7 35 M 20
1017 5366 1 89 492 M 10
590 909 1 33 181 O 30
920 594 1 125 692 O 30
958 5354 1 25 0 C 0
4044 966 1 161 893 O 20
593 5356 1 32 173 M 30
4043 4025 1 55 304 O 20
368 917 1 53 289 M 10
594 5356 1 32 173 O 20
928 920 1 45 250 M 20
933 928 1 38 0 C 0
5358 911 1 31 171 O 30
4012 955 1 11 0 C 0
909 910 1 35 189 O 30
369 923 1 31 168 O 10
591 592 1 23 123 M 10
1422 1423 1 27 0 C 0
931 4012 1 64 0 C 0
738 933 1 84 0 C 0
920 591 1 90 495 O 10
3375 3964 1 27 0 C 0
1435 3990 1 30 0 C 0
3378 3379 1 51 0 C 0
2211 1456 1 10 0 C 0
728 2690 1 8 0 C 0
1456 310 1 39 0 C 0
4117 1408 1 12 0 C 0
915 792 1 39 212 O 20
1402 924 1 16 88 O 20
914 915 1 17 93 M 20
967 5357 1 31 0 C 0
5357 3111 1 63 0 C 0
865 375 1 61 0 C 0
375 908 1 42 233 O 20
730 1816 2 4 0 C 0
731 730 2 9 0 C 0
733 732 2 11 57 M 30
3124 2664 2 15 79 M 10
2664 1826 2 15 80 O 10
1826 2463 2 15 0 C 0
734 2891 2 2 0 C 0
735 734 2 11 59 O 30
3202 3203 1 40 0 C 0
5248 2389 2 4 18 M 30
2389 687 2 15 80 M 20
687 2040 2 4 19 O 30
736 3202 1 10 0 C 0
962 738 1 11 0 C 0
2693 5392 1 18 0 C 0
740 2693 1 13 0 C 0
1278 4996 2 19 0 C 0
4996 1163 2 10 0 C 0
2198 5136 1 7 0 C 0
1287 1158 1 41 0 C 0
1158 1159 1 30 0 C 0
1159 1157 1 59 0 C 0
2406 742 1 5 24 O 30
742 743 1 10 55 M 10
745 744 1 9 49 O 30
744 3388 1 3 14 O 20
747 3306 1 3 12 M 20
748 747 1 9 45 O 10
3950 2095 1 2 9 O 30
750 749 1 9 46 O 30
752 751 1 11 0 C 0
751 1018 1 5 0 C 0
760 4905 2 12 63 O 30
3153 3917 2 4 0 C 0
3917 2546 2 11 0 C 0
1160 2692 1 8 0 C 0
2692 1319 1 11 0 C 0
3136 2249 2 22 120 O 10
2249 2978 2 14 76 O 20
2978 3149 2 14 76 M 20
4656 635 2 4 22 O 30
635 3659 2 5 25 O 20
3659 4502 2 3 16 O 20
4502 2530 2 2 10 O 20
2530 2529 2 12 61 M 10
2529 199 2 18 97 O 10
199 5310 2 10 51 M 30
5310 1802 2 13 68 M 10
1802 5073 2 17 94 M 10
5073 1972 2 8 44 M 30
3156 4451 1 15 81 O 20
3135 3913 1 14 75 M 10
3913 2604 1 15 78 O 20
4308 4307 1 81 0 C 0
4307 4306 2 36 0 C 0
4306 2197 2 24 0 C 0
3206 3207 2 4 0 C 0
3207 123 2 4 0 C 0
123 714 2 3 0 C 0
714 713 2 11 0 C 0
713 1289 2 5 0 C 0
2277 3198 2 8 0 C 0
2662 3321 1 7 0 C 0
3321 884 1 9 0 C 0
1398 2890 1 28 150 O 30
884 1454 1 18 0 C 0
2890 881 2 9 48 O 20
2891 2623 1 28 152 M 10
2623 776 1 22 119 O 10
775 3134 1 52 0 C 0
777 872 1 57 316 O 30
1178 3899 1 7 39 O 30
3899 3760 1 29 157 M 20
3760 3759 1 8 0 C 0
3759 1176 1 39 0 C 0
1470 2849 1 17 92 O 10
2849 1147 1 7 35 O 30
1147 2848 1 16 85 O 30
2848 2847 1 15 81 O 20
2847 2846 1 15 79 O 10
2846 2845 1 15 79 O 30
2845 2095 1 15 82 O 30
2094 2088 1 27 147 O 20
2405 3394 1 11 59 M 20
3394 3683 1 3 13 O 10
3683 3682 1 2 9 M 10
3682 2404 1 16 84 O 30
2404 2403 1 28 153 O 10
2403 2014 1 11 60 O 30
2014 2402 1 14 76 O 20
2402 2401 1 14 78 O 20
2401 2400 1 14 77 O 30
2400 1814 1 18 97 O 20
1814 2399 1 21 113 M 10
784 934 1 38 209 O 10
794 36 2 4 0 C 0
36 4316 2 6 0 C 0
4316 780 2 11 0 C 0
780 41 1 3 0 C 0
41 443 1 7 0 C 0
913 5353 1 17 0 C 0
4046 369 1 14 76 O 10
1438 1969 2 21 116 O 30
1969 1490 2 14 78 M 10
2710 2705 1 12 66 O 20
2705 2713 1 2 7 M 20
2713 3898 1 5 25 O 20
3898 2712 1 2 10 M 20
2712 2711 1 6 31 O 10
2711 2710 1 2 7 O 30
2538 2539 2 11 0 C 0
2539 2540 2 12 0 C 0
2540 5068 2 4 0 C 0
5068 2541 2 16 0 C 0
2541 2078 2 15 0 C 0
2078 2542 2 5 0 C 0
2542 2543 2 10 0 C 0
2543 2062 2 22 0 C 0
2062 3600 2 15 0 C 0
3600 4333 2 13 0 C 0
4333 2544 2 7 0 C 0
2544 2545 2 9 0 C 0
2534 137 2 8 0 C 0
137 3554 2 16 0 C 0
3554 5291 2 5 0 C 0
2517 398 2 29 0 C 0
398 2360 2 19 0 C 0
2360 1392 2 22 0 C 0
1392 420 2 12 0 C 0
420 261 2 2 0 C 0
261 421 2 6 0 C 0
421 4311 2 14 0 C 0
4311 1056 2 1 0 C 0
1502 3437 2 16 88 M 20
1290 402 2 2 0 C 0
1152 4237 2 9 0 C 0
2788 2285 2 31 0 C 0
2425 2547 2 10 0 C 0
2547 2373 2 16 0 C 0
2373 2548 2 11 0 C 0
2548 804 2 2 0 C 0
4367 4365 2 3 0 C 0
2546 2425 2 25 0 C 0
2179 5062 2 23 0 C 0
5062 2180 2 4 0 C 0
2180 2181 2 9 0 C 0
2181 2182 2 14 0 C 0
2182 2183 2 5 0 C 0
2183 598 2 5 0 C 0
598 1948 2 10 0 C 0
1948 2184 2 16 0 C 0
2184 3208 2 6 0 C 0
2185 4226 2 6 0 C 0
4226 4225 2 7 0 C 0
4225 334 2 6 0 C 0
334 2186 2 4 0 C 0
2186 2187 2 12 0 C 0
2187 3236 2 23 0 C 0
3236 2188 2 13 0 C 0
2188 418 2 18 0 C 0
418 43 2 22 0 C 0
43 2189 2 2 0 C 0
2189 2190 2 17 0 C 0
2190 2191 2 9 0 C 0
2191 4346 2 13 0 C 0
4346 3781 2 4 0 C 0
3781 2192 2 19 0 C 0
2192 2193 2 4 0 C 0
2193 2194 2 15 0 C 0
2194 2195 2 12 0 C 0
2195 1631 2 9 0 C 0
1631 5261 2 5 0 C 0
5261 105 2 3 0 C 0
105 4332 2 4 0 C 0
4332 3763 2 4 0 C 0
3763 2196 2 8 0 C 0
2174 3608 2 7 0 C 0
3608 171 2 1 0 C 0
171 2175 2 3 0 C 0
2175 4193 2 4 0 C 0
4193 5170 2 2 0 C 0
5170 1155 2 4 0 C 0
2176 3613 2 6 0 C 0
3613 5232 2 2 0 C 0
5232 1155 2 9 0 C 0
2954 2794 2 11 0 C 0
2794 2375 2 14 0 C 0
2375 4353 2 14 0 C 0
4353 4352 2 15 0 C 0
4363 4362 2 15 0 C 0
2265 2307 2 19 0 C 0
1733 3063 2 18 0 C 0
1472 2535 1 12 0 C 0
221 1281 1 3 0 C 0
1281 256 1 32 0 C 0
3012 5374 2 2 0 C 0
5374 2340 2 17 0 C 0
2340 3255 2 8 0 C 0
3255 2423 2 8 0 C 0
124 741 2 13 0 C 0
3037 759 2 13 72 O 30
2600 5412 1 13 68 O 30
5412 2471 1 9 49 O 20
1502 1503 1 13 72 O 30
2600 3889 2 3 11 O 30
1501 1502 2 16 88 M 20
2601 2522 2 13 71 O 30
2601 2602 2 5 25 O 20
2936 2265 2 6 0 C 0
1595 1870 2 11 0 C 0
1870 2937 2 10 0 C 0
2937 2307 2 14 0 C 0
1595 5423 2 19 0 C 0
5423 2341 2 17 0 C 0
2590 4987 1 9 0 C 0
4987 1449 1 3 0 C 0
1449 1888 1 15 0 C 0
1888 1643 1 9 0 C 0
1643 994 1 16 0 C 0
994 1871 1 18 0 C 0
2789 3603 2 9 0 C 0
3603 3180 2 9 0 C 0
3180 2997 2 17 0 C 0
2997 2704 2 18 0 C 0
2704 2788 2 11 0 C 0
2532 2213 2 19 0 C 0
2213 5262 2 15 0 C 0
5262 2533 2 3 0 C 0
2533 2534 2 5 0 C 0
3441 2571 1 15 78 M 10
2571 3107 1 14 76 M 20
1451 4026 1 18 100 M 10
2604 2605 2 27 148 M 20
1754 2604 2 18 99 M 30
2926 1459 1 12 0 C 0
2604 5471 1 10 52 O 10
5471 5473 1 8 40 M 20
5473 2873 1 19 103 O 20
2873 3070 1 13 67 O 20
3070 5421 1 3 12 O 20
1565 1435 1 57 0 C 0
4450 4453 2 9 45 M 10
4453 2113 2 4 21 O 20
2113 1572 2 15 81 O 10
1572 4610 2 4 18 O 10
4610 1953 2 12 63 O 30
2523 3537 2 11 61 O 10
3537 3540 2 4 18 O 30
3540 5084 2 3 12 M 30
5084 2446 2 22 119 O 10
2446 3523 2 43 235 M 10
3523 3527 2 5 26 M 10
3527 2524 2 10 51 O 30
2524 87 2 29 157 M 20
87 2019 2 8 40 O 10
2019 2525 2 18 98 O 30
2525 2526 2 14 78 M 30
2526 2501 2 15 81 O 20
2501 2527 2 13 68 O 20
2527 1718 2 26 142 O 20
2140 3143 1 50 275 O 10
3143 387 1 6 29 O 20
387 1740 1 42 233 O 10
1740 3156 1 27 145 O 30
4050 2523 2 11 58 O 30
3135 3037 2 17 93 O 10
3037 2263 2 15 79 O 20
2263 3382 2 12 65 O 10
3382 3168 2 20 110 M 30
3168 5386 2 13 68 O 10
5386 5388 2 2 7 O 10
5388 3515 2 3 14 O 20
3515 4098 2 3 14 O 10
4098 3044 2 9 47 M 20
3044 2627 2 17 92 O 30
2627 1914 2 14 73 O 20
1914 1510 2 14 74 M 10
1510 3558 2 32 174 M 10
3558 3149 2 14 73 O 20
1679 3246 1 9 45 M 30
3246 4166 1 10 54 M 10
4166 637 1 11 60 O 10
637 1678 1 6 32 O 10
2471 3460 1 20 111 O 10
3460 4164 1 4 22 M 20
4164 2258 1 13 70 O 10
2258 357 2 1 5 O 20
357 2257 2 11 56 O 10
2257 1679 2 18 96 O 20
2258 2259 2 14 77 M 10
3168 2875 2 18 100 O 30
2875 2909 2 18 100 O 10
2912 4055 2 2 8 O 10
2909 2448 2 39 213 M 10
2448 2910 2 57 312 O 20
2910 2021 2 36 197 O 30
2021 2911 2 18 98 O 30
2911 4058 2 9 48 O 10
1558 899 2 4 0 C 0
2252 5172 2 5 0 C 0
5172 1976 2 16 88 O 10
1976 2253 2 20 109 M 30
2253 2254 2 10 54 O 20
2254 1777 2 15 79 M 30
1777 1778 2 8 42 O 10
1778 2255 2 9 46 O 30
2255 2256 2 16 84 O 20
359 2864 1 10 55 O 30
2864 1907 1 43 237 M 30
1907 2865 1 16 86 O 10
3388 3396 1 3 11 O 10
3396 746 1 4 17 M 10
746 20 1 5 23 O 10
20 1169 1 19 102 O 10
1169 2771 1 15 80 O 30
2771 2857 1 15 79 O 30
2857 1168 1 15 82 O 10
1168 2344 1 15 82 M 30
2344 1467 1 6 30 O 20
1467 1623 1 10 51 O 10
1623 2506 1 15 79 M 10
2506 1962 1 15 79 M 30
1962 1569 1 15 79 O 30
1569 3306 1 15 79 O 20
3890 2475 1 35 191 O 30
2475 1150 1 9 48 O 20
1150 1380 1 23 123 O 10
1380 2831 1 62 341 O 20
2831 4027 1 18 95 M 20
4027 4984 1 15 81 O 10
2095 2827 1 15 82 M 10
2827 2646 1 15 79 O 30
2646 2844 1 6 33 O 30
2844 1149 1 9 48 O 10
1149 116 1 8 44 O 20
116 115 1 7 37 O 30
115 122 1 10 51 O 10
122 1457 1 5 25 O 30
1457 2843 1 15 79 M 10
1316 2994 1 6 28 O 30
2835 745 1 3 12 O 30
2599 2470 1 23 124 M 30
1500 5410 2 1 2 O 30
5410 1501 2 11 56 O 10
3438 2603 2 7 38 O 20
1977 3493 2 10 50 M 20
3493 2443 2 14 75 M 30
2443 3494 2 14 73 O 10
3494 3497 2 6 32 O 10
3497 1779 2 7 39 O 20
1779 2444 2 22 119 O 20
2466 3407 2 6 33 O 30
3407 3402 2 6 28 O 10
1974 1975 2 18 99 M 10
1975 1764 2 18 97 M 20
1764 4787 2 7 34 O 10
4787 1976 2 8 40 O 20
1976 4196 2 9 49 O 30
4196 1967 2 5 27 O 10
1967 3508 2 11 56 O 20
3508 1977 2 11 60 O 20
1977 1804 2 44 241 O 20
1804 1978 2 38 0 C 0
1978 1979 2 15 0 C 0
1986 1987 2 15 79 O 20
1987 1988 2 15 79 O 30
1988 1989 2 15 79 O 30
1989 1628 2 15 79 O 20
1628 1990 2 15 79 O 20
1990 1950 2 15 79 M 20
1950 1579 2 15 79 O 20
1579 469 2 7 38 O 20
469 1991 2 8 41 M 10
1991 1992 2 15 79 O 30
1992 1993 2 15 80 O 20
1993 462 2 9 48 O 20
462 1994 2 6 32 O 10
1994 5065 2 6 31 M 30
5065 1995 2 9 48 O 30
1995 1996 2 15 79 O 30
1996 1937 2 15 79 M 30
1937 1997 2 15 79 O 20
1997 460 2 6 30 M 10
460 1998 2 9 50 O 20
1998 4698 2 5 23 O 20
2467 1973 1 35 189 O 30
1972 1973 2 18 95 O 10
1973 1974 2 18 97 O 30
1433 1818 1 13 0 C 0
1818 1817 1 10 0 C 0
1817 861 1 8 0 C 0
1981 2736 2 26 143 O 30
2736 1789 2 30 162 M 30
1789 3126 2 23 123 M 10
3126 3159 2 23 127 O 10
3159 4637 2 1 2 O 10
2468 5118 2 7 0 C 0
5118 1128 2 3 0 C 0
1128 2469 2 10 0 C 0
2469 2164 2 15 0 C 0
2450 5160 2 29 161 O 20
5160 3168 2 12 66 O 20
1673 1529 2 10 0 C 0
1529 1886 2 21 113 O 10
1886 1885 2 12 65 O 10
3066 1700 2 15 82 O 10
1700 3121 2 15 82 O 20
3121 3045 2 15 82 O 20
3045 2310 2 15 81 M 30
2310 3122 2 15 79 O 10
3122 3123 2 15 80 O 30
3123 733 2 2 10 M 30
898 891 1 10 55 O 10
891 1268 1 12 63 O 20
2002 2001 2 15 0 C 0
2001 1697 2 15 0 C 0
1697 2000 2 15 0 C 0
2000 1999 2 15 79 O 30
1999 4700 2 27 148 O 30
4175 4715 1 1 5 O 30
4615 4604 2 16 88 O 30
4604 4452 2 17 89 M 20
4452 3155 2 5 25 O 20
3155 4602 2 1 4 M 20
1531 1776 2 15 79 O 30
2462 2463 2 15 0 C 0
1468 2799 1 15 79 O 30
2799 1596 1 15 81 O 20
1596 2863 1 14 76 O 30
2863 2642 1 15 81 O 20
2642 1102 1 9 50 O 30
1102 2094 1 20 106 O 20
1193 3743 1 6 30 M 10
3743 1585 1 9 46 O 20
1585 3739 1 5 25 O 30
3739 1960 1 10 55 M 20
1960 2510 1 15 78 O 10
2510 3233 1 10 52 M 20
3233 1452 1 6 29 O 30
1452 2356 1 15 79 O 30
2356 2454 1 15 82 O 20
2454 2838 1 15 82 O 20
2838 2774 1 15 79 O 30
2774 2837 1 15 80 M 10
2837 2836 1 15 79 O 20
2836 550 1 6 30 M 30
550 557 1 7 35 O 10
557 2835 1 4 18 O 30
2862 2985 1 18 99 O 20
2985 3059 1 33 179 O 10
3059 2128 1 32 176 O 30
1872 3099 1 10 53 O 30
3099 3086 1 15 80 O 20
3086 3343 1 8 39 O 30
3343 2810 1 8 42 O 30
2810 2391 1 15 80 O 30
2391 2966 1 15 79 O 30
2966 2796 1 15 79 M 30
2796 4061 1 12 64 M 20
4061 1645 1 3 14 O 30
1645 3819 1 9 50 O 10
3819 2077 1 6 30 O 10
2077 3073 1 17 92 O 20
2694 2334 1 18 0 C 0
2334 739 1 25 0 C 0
1166 5453 2 11 0 C 0
2196 4308 2 8 0 C 0
2197 1151 2 43 0 C 0
2591 5292 1 18 0 C 0
5292 2955 1 6 0 C 0
2563 1394 1 37 0 C 0
1204 1170 1 2 0 C 0
3149 3094 2 14 76 O 10
3094 2377 2 14 76 M 20
2377 2432 2 28 155 M 10
1492 1493 2 24 132 O 20
1493 1494 2 5 27 O 10
1494 1495 2 22 117 O 10
1495 5325 2 17 92 O 20
5325 902 2 7 35 O 10
3135 4081 2 11 57 O 20
4081 4900 2 9 50 O 30
4900 2903 2 7 35 O 20
2903 3043 2 24 132 M 30
1639 3017 1 15 79 O 30
3017 3181 1 15 79 O 30
3181 3023 1 15 79 O 30
3023 3014 1 16 85 O 30
3014 3164 1 25 136 O 30
3164 2160 1 37 203 O 30
2160 3149 1 42 231 O 10
2433 2434 2 8 43 O 30
2434 2435 2 9 47 O 20
2435 2436 2 6 31 O 30
2436 2321 2 17 89 O 30
2081 3154 2 16 0 C 0
3154 3005 2 15 0 C 0
3005 3085 2 15 0 C 0
3085 2964 2 15 0 C 0
2964 1892 2 15 0 C 0
1892 3142 2 15 0 C 0
3142 2900 2 15 0 C 0
2900 1381 2 15 0 C 0
1381 2243 2 15 0 C 0
2243 3172 2 13 0 C 0
3172 1524 2 14 0 C 0
1947 2593 2 8 0 C 0
2593 2594 2 7 0 C 0
2594 2944 2 9 0 C 0
2944 2945 2 7 0 C 0
2945 1758 2 8 0 C 0
1758 1759 2 7 0 C 0
1759 2907 2 8 0 C 0
2907 2908 2 7 0 C 0
2908 5402 2 7 0 C 0
5402 2946 2 2 0 C 0
2946 2947 2 7 0 C 0
2947 2281 2 8 0 C 0
2281 2797 2 15 0 C 0
2797 2948 2 14 0 C 0
2948 3235 2 14 0 C 0
2941 2940 2 3 0 C 0
2940 2939 2 9 0 C 0
2169 3605 2 17 0 C 0
3605 4345 2 18 0 C 0
4345 2170 2 8 0 C 0
2170 3606 2 6 0 C 0
3606 1889 2 3 0 C 0
1889 5051 2 2 0 C 0
5051 3607 2 3 0 C 0
3607 2171 2 10 0 C 0
2171 2172 2 13 0 C 0
2172 2173 2 17 0 C 0
2173 5369 2 4 0 C 0
5369 5260 2 1 0 C 0
5260 5259 2 6 0 C 0
5259 2174 2 4 0 C 0
227 4059 2 18 0 C 0
4059 2169 2 4 0 C 0
2731 2532 2 18 0 C 0
1730 1731 2 28 0 C 0
1731 1732 2 25 0 C 0
1732 1733 2 20 0 C 0
331 3092 2 11 58 M 20
3092 2773 2 15 80 O 10
2773 3177 2 15 81 O 10
3177 2453 2 15 83 M 20
2453 2355 2 15 83 M 30
2355 1613 2 15 80 O 20
1613 2509 2 15 79 M 30
2509 1958 2 15 80 M 10
1958 1583 2 15 80 O 30
1583 2109 2 15 79 M 30
2109 1195 2 2 11 O 20
1195 4187 2 53 291 O 30
4187 4184 2 10 55 O 20
4184 4263 2 39 215 O 20
4263 2673 2 13 69 O 10
3175 1808 2 34 186 O 30
1808 2806 2 29 161 O 10
2806 3176 2 27 149 O 20
3031 2473 2 16 85 M 10
2473 4255 2 7 38 O 20
1292 1000 1 10 0 C 0
1855 1004 1 4 0 C 0
2609 3285 2 6 28 M 20
3285 3284 2 9 46 O 30
3284 761 2 4 19 M 30
2235 4176 2 25 134 O 10
3368 3359 2 3 12 M 20
799 1484 2 24 131 M 10
422 2973 2 2 7 M 30
2973 405 2 20 107 O 30
1027 976 1 26 141 O 30
4005 2899 2 2 9 O 20
2899 1144 2 7 36 O 10
1144 1391 2 8 44 O 30
234 795 2 2 9 O 20
795 1227 2 12 63 O 30
1227 1229 2 4 18 O 30
1229 2453 2 29 156 O 10
2233 3031 2 29 160 M 20
2366 3299 1 3 17 O 10
3299 2053 1 12 63 O 30
2053 3275 1 8 40 M 20
3275 3102 1 7 39 O 30
3102 3278 1 8 42 O 20
3278 1661 1 8 42 O 10
1661 3175 1 17 89 O 10
3176 3262 2 6 31 O 20
3262 1116 2 3 12 O 10
5403 2049 1 32 173 O 30
2049 1193 1 34 187 M 10
797 2109 1 74 406 O 30
2116 2107 1 52 287 O 10
2107 2108 1 16 87 O 10
2108 797 1 16 84 O 20
2225 2226 1 17 93 M 10
4162 1003 1 13 0 C 0
1854 1393 1 33 0 C 0
1393 2956 1 37 0 C 0
2956 51 1 30 0 C 0
51 2591 1 8 0 C 0
566 2748 2 7 38 O 30
2748 3097 2 51 282 M 10
3097 5048 2 24 133 O 10
5048 2579 2 6 32 O 20
2579 5050 2 12 61 O 10
5050 1681 2 7 33 O 10
1681 2883 2 15 78 O 20
2883 4202 2 12 66 O 30
4202 1836 2 5 26 O 10
2549 2550 2 29 0 C 0
2550 1010 2 7 0 C 0
1010 5234 2 9 0 C 0
5234 2551 2 6 0 C 0
804 399 2 1 0 C 0
806 1038 1 8 0 C 0
811 2519 2 28 154 M 10
816 815 2 3 16 O 10
813 3892 1 19 104 O 30
3892 3891 1 2 7 M 30
814 815 1 13 69 M 20
815 817 1 17 90 M 10
1936 1937 2 38 208 O 20
1937 4773 2 21 112 M 10
4773 1938 2 8 42 O 20
1938 1939 2 51 283 O 10
1939 1940 2 42 229 O 10
1940 1941 2 24 130 M 10
1941 1942 2 7 35 O 20
2177 3612 2 6 0 C 0
3612 2178 2 6 0 C 0
2178 596 2 4 0 C 0
596 3610 2 4 0 C 0
853 855 2 3 0 C 0
851 848 1 21 0 C 0
848 3693 1 26 143 O 20
3693 1317 1 56 307 O 20
847 850 1 92 508 O 30
850 1312 1 11 0 C 0
856 851 1 16 0 C 0
2395 3110 2 15 0 C 0
3110 1823 2 15 0 C 0
1823 2709 2 9 0 C 0
2709 3348 2 7 0 C 0
849 852 1 6 0 C 0
852 857 1 12 0 C 0
855 3346 1 8 0 C 0
3346 2612 1 7 0 C 0
2612 1311 1 6 0 C 0
2406 2399 2 7 39 O 10
2399 1751 2 8 40 O 20
1751 2461 2 15 78 O 10
2461 3490 2 11 56 O 30
3490 847 2 5 23 O 30
847 1815 2 8 42 O 20
859 2558 2 32 0 C 0
2558 2559 2 37 0 C 0
2559 1636 2 29 0 C 0
1636 3866 2 34 0 C 0
3866 3390 2 7 0 C 0
1156 1151 1 13 0 C 0
1151 1586 1 5 0 C 0
1831 4604 2 14 74 O 20
2302 1742 1 48 262 O 10
1742 4446 1 11 56 O 30
4446 4595 1 11 59 O 10
4594 4444 1 8 42 M 30
4444 1743 1 9 45 O 30
1743 3144 1 48 262 O 10
4451 4447 1 20 107 O 10
4447 1741 1 7 36 M 10
1741 2931 1 48 262 O 30
1617 1618 2 35 192 M 20
1617 2348 2 15 79 O 30
2348 2968 2 15 80 M 20
2968 3171 2 15 80 O 30
3171 2762 2 15 80 O 20
2762 3090 2 15 79 O 30
3090 3170 2 29 158 O 10
3170 3169 2 15 78 O 10
3169 3000 2 14 77 O 20
3000 2023 2 18 98 O 20
2023 650 2 19 103 M 10
650 3109 2 18 95 O 30
3109 4895 2 17 92 M 30
4895 691 2 28 153 O 20
691 2450 2 11 58 O 30
1616 1617 1 19 105 O 10
2504 3464 1 37 205 O 20
3464 2139 1 6 32 O 10
1738 1573 2 15 79 O 30
1573 1739 2 15 80 M 20
1739 1740 2 15 79 M 20
1740 1741 2 15 79 O 10
1741 1742 2 15 79 O 10
1742 1743 2 15 79 M 20
1743 1744 2 15 79 O 30
1618 1619 1 48 262 O 20
1619 1620 1 53 293 O 10
1794 1009 2 12 62 O 30
1180 2791 2 4 0 C 0
2791 4366 2 17 0 C 0
3109 2876 1 18 99 O 20
3064 1515 1 15 79 O 20
1515 1918 1 15 79 M 20
4640 4639 1 1 3 O 30
4639 4651 1 11 60 O 20
2625 3109 1 20 109 O 20
2524 3528 1 16 85 O 10
3528 2618 1 9 48 O 20
2432 1011 1 4 22 O 30
1918 2625 1 16 85 O 30
2910 5135 1 10 55 O 30
2618 3504 1 11 56 O 30
3504 4640 1 8 43 O 30
2876 2910 1 18 100 O 20
1011 2922 1 8 44 M 20
4639 1680 1 61 333 O 20
1162 740 1 29 0 C 0
1498 4891 2 8 40 O 30
4891 1012 2 2 10 M 20
1012 5406 2 1 3 O 10
5406 1500 2 7 37 M 30
1677 1498 1 28 152 M 30
1498 1499 1 5 23 O 20
1499 146 1 8 42 O 30
146 5404 1 5 25 M 20
5404 345 1 19 104 O 10
345 1676 1 3 12 O 10
1518 1517 2 23 125 O 20
1517 1516 2 46 252 O 20
1516 1515 2 36 197 O 20
1515 1514 2 27 145 O 30
1753 1754 1 40 220 O 20
1357 1347 1 40 0 C 0
1347 1349 1 45 0 C 0
1358 1325 1 11 0 C 0
1349 1358 1 27 0 C 0
1024 1025 2 12 0 C 0
3059 3824 2 2 10 O 20
3824 2867 2 7 36 O 30
2867 3060 2 15 80 O 30
3060 3007 2 15 79 O 10
3007 2801 2 15 79 O 30
3440 2570 2 15 82 O 20
2570 2918 2 16 84 M 30
2918 2919 2 15 83 O 30
1380 1379 1 9 48 O 10
1379 1378 1 14 76 M 10
2473 1762 1 13 72 O 10
1762 1658 1 15 79 O 20
1658 2474 1 15 79 O 10
2474 2051 1 14 77 M 30
2051 3297 1 9 48 O 20
3297 2364 1 5 27 M 30
2364 2475 1 9 48 O 10
2894 3789 1 10 52 M 20
3789 4560 1 16 85 O 20
2899 2898 2 9 47 M 20
2595 1395 1 14 77 O 10
2482 4179 1 11 56 O 20
4179 4183 1 8 41 M 30
4183 2481 1 5 26 O 20
2481 1271 1 6 33 M 30
2235 2236 2 29 158 O 10
2236 2237 2 15 80 O 10
2812 2124 1 37 204 O 10
2396 2718 1 14 0 C 0
2124 2396 1 23 0 C 0
2757 1492 1 12 63 M 30
3015 3096 2 9 48 O 10
2617 2445 1 38 209 O 30
3021 2976 1 31 171 O 20
2976 1377 1 31 171 O 20
1377 2474 1 31 171 O 10
2474 2611 1 25 137 O 20
2611 3102 1 24 132 M 30
3102 3688 1 21 114 O 30
3688 1809 1 13 71 O 20
1809 2807 1 30 165 O 20
2807 3103 1 31 170 M 30
3103 3267 1 9 48 O 10
3267 3104 1 27 149 M 10
3104 3105 1 28 151 O 10
3054 1175 2 19 100 O 20
3141 3801 1 5 23 M 20
3801 3803 1 8 40 M 10
3803 2153 1 31 172 O 10
2153 2386 1 25 138 O 30
1880 245 2 36 200 O 20
245 2412 2 2 8 O 30
2412 434 2 32 175 O 30
945 944 1 12 0 C 0
2131 3945 1 2 9 O 30
3945 3007 1 28 152 O 20
3007 1039 1 20 108 O 10
1039 2987 1 2 8 O 30
2987 1468 1 27 144 O 30
1033 4935 1 13 70 O 30
4935 3906 1 24 131 O 20
3906 1092 1 12 67 O 10
1092 1032 1 6 33 O 10
1909 1912 1 20 111 O 10
1033 2988 1 3 12 O 30
813 2282 1 3 15 M 20
2988 813 1 33 183 O 10
2282 814 1 33 183 O 30
814 2989 1 3 16 O 10
2989 1909 1 7 35 M 20
2449 663 2 8 42 O 10
663 3531 2 41 226 O 20
3531 2876 2 8 44 M 30
2876 2022 2 36 197 O 10
2022 2877 2 18 97 O 20
2877 2878 2 15 78 O 10
2878 3590 2 7 35 O 30
3590 3588 2 2 6 M 10
3588 2879 2 11 58 M 30
2879 3591 2 38 207 O 10
3591 2761 2 9 47 O 20
2132 2722 1 38 0 C 0
2800 1040 1 2 7 O 10
1040 2801 1 15 83 O 10
2801 3944 1 28 152 O 30
3944 2132 1 2 9 O 20
2607 1611 1 33 181 O 10
1611 515 1 6 31 O 10
515 4826 1 17 94 M 30
1035 2861 1 6 29 O 10
3934 5041 1 2 7 O 30
5041 1035 1 8 44 M 20
2261 2909 2 33 183 M 20
1501 3938 1 14 77 O 10
3938 5463 1 5 26 M 30
5463 5465 1 4 21 O 20
5465 5461 1 3 14 O 10
5461 5462 1 2 6 O 20
5462 344 1 9 48 O 10
344 343 1 3 12 M 10
1042 1044 1 5 25 O 30
1362 1600 1 34 0 C 0
1597 1596 1 32 177 M 20
1598 3943 1 2 9 O 10
3943 1043 1 42 229 O 10
1043 1597 1 2 7 O 30
1177 491 1 24 128 O 20
2133 2723 1 39 213 M 20
2985 3758 2 12 62 O 10
3758 1544 2 4 19 O 10
1544 2984 2 14 77 O 10
2984 1042 2 3 15 O 10
2861 264 1 6 33 O 20
264 1042 1 6 30 M 30
1177 1597 1 15 81 O 30
1597 2800 1 15 80 M 10
2800 2987 1 15 83 O 20
2987 2986 1 16 85 M 20
2986 3825 1 10 52 M 30
2985 3825 2 3 11 M 20
2628 2629 1 24 131 O 20
2629 2428 1 12 61 O 30
2627 2628 1 10 53 O 30
2252 2165 1 33 178 O 20
2573 2492 1 23 126 O 30
1046 313 2 43 239 O 30
1045 5457 2 4 20 M 10
5457 4979 2 5 25 O 10
4979 59 2 8 41 O 10
59 1478 2 5 24 M 30
1478 4973 2 11 59 M 10
4973 978 2 33 180 M 30
1048 1049 2 17 90 M 20
1050 1051 2 17 91 M 30
60 1052 2 7 39 O 10
1053 1054 1 15 82 M 20
968 937 2 12 0 C 0
937 969 2 3 0 C 0
1056 217 2 3 0 C 0
1557 5311 2 7 0 C 0
1856 1857 1 37 204 M 10
1857 1858 1 37 0 C 0
1059 1060 2 24 128 O 10
1069 1070 2 32 175 O 30
1065 1066 2 12 64 O 10
1066 3715 2 5 26 O 20
3715 1067 2 5 24 M 20
1067 1068 2 12 64 O 20
1067 1063 2 17 89 O 20
3393 3861 1 36 0 C 0
1078 1077 1 6 33 O 20
3027 2410 2 30 162 O 10
2410 2228 2 35 190 M 20
4387 4537 2 16 84 O 30
4537 1084 2 18 95 O 10
1083 1085 2 19 101 O 20
1082 1930 2 10 52 O 10
1930 1931 2 36 197 O 20
2002 2753 2 37 201 M 10
2753 1799 2 29 159 O 10
1799 429 2 17 94 O 30
429 3045 2 13 68 O 20
3045 3046 2 28 155 O 20
3046 2621 2 32 174 O 20
2621 5200 2 19 103 M 20
1092 1095 2 5 23 O 30
1095 1098 2 4 19 O 10
1098 1100 2 4 19 O 10
1100 1104 2 23 122 O 10
1104 1105 2 9 45 M 20
1105 4933 2 15 78 O 10
4933 1107 2 2 8 M 30
1091 1094 2 10 50 O 30
1097 1099 2 10 50 O 10
1093 1096 2 10 50 O 20
1100 4947 2 20 106 O 10
4947 1106 2 21 113 O 10
1098 4948 2 20 107 M 30
4948 1101 2 14 73 O 30
1101 1103 2 6 30 O 30
1102 4946 2 12 63 O 10
4946 1097 2 4 20 O 30
1097 1093 2 4 18 O 30
1093 1091 2 4 17 M 20
1091 4921 2 4 18 O 30
4921 4920 2 1 5 O 10
4920 4918 2 3 15 O 10
4918 1090 2 5 24 M 20
1115 1114 2 30 165 M 20
1113 1112 2 21 114 O 20
1110 1111 2 29 157 O 30
1111 3268 2 27 148 M 20
1117 1116 2 28 155 M 10
3264 1119 2 35 194 M 30
1120 1121 2 46 252 O 30
1123 1124 2 9 47 O 10
1125 1126 2 17 91 O 30
2445 5330 1 16 85 O 30
5330 5246 1 6 32 M 20
5246 3520 1 14 77 O 30
3520 3518 1 10 54 O 10
3518 3516 1 4 18 O 10
3516 3529 1 2 10 M 10
3529 2618 1 7 37 O 20
2618 2018 1 39 215 M 30
1438 1133 1 19 101 O 20
2036 3200 2 10 53 M 20
3200 1205 2 9 45 O 20
1205 5127 2 9 48 O 10
1482 1483 1 21 0 C 0
1568 2925 1 16 0 C 0
4002 1135 1 11 0 C 0
5430 4001 1 7 0 C 0
2209 4258 2 10 0 C 0
4258 2729 2 4 0 C 0
2729 788 2 3 0 C 0
788 1057 2 9 0 C 0
1057 2398 2 6 0 C 0
2398 180 2 7 0 C 0
180 1396 2 5 0 C 0
1396 2728 2 14 0 C 0
2728 1135 2 5 0 C 0
242 1139 1 62 0 C 0
1135 1137 1 5 0 C 0
1141 240 1 63 0 C 0
1136 1134 1 8 0 C 0
1487 5313 1 35 0 C 0
1142 5323 1 24 0 C 0
2850 1391 1 5 26 O 20
1391 1390 1 31 168 O 30
1671 1672 2 15 79 O 20
1672 4721 2 8 0 C 0
4721 1673 2 3 0 C 0
1144 1145 1 9 50 O 30
1146 1147 1 6 28 O 30
2849 1146 1 7 38 M 20
291 294 1 7 36 O 20
1148 292 1 5 25 O 30
1184 1005 1 5 0 C 0
1183 2957 1 16 0 C 0
2957 1217 1 21 0 C 0
1181 2565 1 9 0 C 0
1182 1471 1 18 0 C 0
1189 1188 2 7 37 M 30
1188 1185 2 24 132 O 10
1395 1189 2 13 70 M 30
1189 3357 2 45 247 O 10
1186 1187 2 13 71 O 30
1188 1187 2 5 24 O 20
1187 5490 2 1 2 O 30
5490 1186 2 1 2 O 20
1186 1238 2 7 34 O 10
1191 1192 1 2 8 O 10
1190 1191 1 9 47 O 20
1200 2068 1 16 85 O 30
1192 1194 1 34 187 O 10
1194 5433 1 24 129 O 10
1195 1196 1 63 346 O 10
1196 1197 1 26 141 O 30
1197 1198 1 16 87 M 30
1198 1199 1 38 211 O 30
1199 1200 1 15 80 O 30
2560 5042 1 13 0 C 0
5042 1201 1 17 0 C 0
1201 1202 1 5 0 C 0
1202 5372 1 27 0 C 0
5037 66 1 17 94 O 10
1459 3987 1 32 0 C 0
1197 3072 2 48 266 O 30
3072 2640 2 15 82 O 10
2640 1931 2 15 82 M 30
1207 1206 2 26 144 O 30
1208 1207 2 19 103 O 30
1206 2037 1 20 109 O 20
5263 1210 2 3 0 C 0
1211 1209 2 4 0 C 0
1209 3653 2 3 0 C 0
1212 1215 2 18 98 O 10
1213 1214 2 4 19 O 30
1214 3884 2 4 17 M 30
3884 1215 2 6 28 O 20
1215 1216 2 4 20 O 20
1432 731 2 5 0 C 0
1980 2016 2 24 133 M 30
2016 1787 2 29 159 O 30
1787 2017 2 22 122 O 10
2017 4485 2 22 117 O 30
1219 1223 2 10 55 O 30
1221 4824 1 3 13 O 30
4824 4825 1 4 19 M 30
4825 1224 1 13 72 O 30
1227 233 2 10 52 M 10
233 1228 2 2 9 O 20
1229 1228 2 15 78 O 20
1231 4982 2 36 198 O 20
4982 1419 2 2 8 O 30
1237 1407 1 9 0 C 0
1406 1237 1 6 0 C 0
1471 3193 1 20 0 C 0
3197 1002 1 6 0 C 0
3034 979 2 3 0 C 0
982 981 2 3 0 C 0
981 3034 2 3 0 C 0
979 2553 2 20 0 C 0
168 5284 2 2 8 O 10
5284 2514 2 6 29 O 10
1847 4591 2 16 86 M 20
4591 4596 2 36 199 M 20
4596 2816 2 48 264 M 30
2816 2145 2 40 219 O 20
1837 2651 2 33 180 O 30
2651 4574 2 29 161 O 30
4586 2781 2 7 38 M 30
4573 4438 1 7 36 O 10
4438 3098 1 40 217 O 10
3098 4885 1 41 225 O 10
4885 1872 1 9 44 O 20
4584 3050 2 16 84 O 20
3050 3062 2 14 76 O 20
3062 3080 2 15 78 O 20
3080 2960 2 14 78 M 30
2960 3081 2 14 76 O 10
3081 541 2 15 78 O 30
541 2151 2 2 6 M 20
2151 2336 2 15 78 O 20
2336 1081 2 17 91 M 20
1842 1893 2 33 180 M 20
1893 3798 2 23 123 O 30
3798 4874 2 5 25 O 20
4874 1894 2 8 42 M 20
3140 4215 2 2 11 O 30
4215 3141 2 41 226 O 10
1243 1894 2 7 36 O 10
1244 1894 1 8 39 O 30
4561 3140 1 9 46 M 30
4583 4571 2 5 27 O 20
4571 4572 2 1 4 O 10
4572 4573 2 10 53 O 30
4573 4574 2 14 76 O 30
4574 4575 2 2 10 M 10
1246 4175 1 5 25 O 20
890 3787 1 6 31 O 30
3787 888 1 23 122 O 20
888 1247 1 9 49 O 20
1247 4713 1 6 33 O 10
1245 4433 2 3 12 M 10
4433 4573 2 6 30 O 30
1248 2929 1 10 0 C 0
1421 960 1 8 0 C 0
960 1248 1 15 0 C 0
2929 959 2 4 0 C 0
1249 1447 1 9 0 C 0
1250 2874 1 4 0 C 0
2874 2590 1 15 0 C 0
830 5382 1 3 0 C 0
1256 2452 1 13 0 C 0
1253 3717 1 6 0 C 0
1254 2679 1 10 0 C 0
1255 2680 1 10 0 C 0
2680 2681 1 12 0 C 0
2681 5001 1 9 0 C 0
1252 1036 1 13 0 C 0
1257 830 1 9 0 C 0
2679 5139 1 8 0 C 0
5139 5440 1 19 0 C 0
2678 1251 1 18 0 C 0
2614 1254 1 23 0 C 0
1867 4999 1 4 0 C 0
4999 1485 1 4 0 C 0
1485 1252 1 15 0 C 0
1037 4998 1 30 0 C 0
4998 5000 1 6 0 C 0
1259 4002 1 6 0 C 0
1139 1259 1 9 0 C 0
1258 2726 2 12 0 C 0
2726 5401 2 1 0 C 0
5401 2727 2 5 0 C 0
844 843 1 15 0 C 0
843 842 1 14 0 C 0
842 841 1 15 0 C 0
841 840 1 15 0 C 0
840 839 1 15 0 C 0
839 838 1 15 0 C 0
3302 4246 1 8 0 C 0
4246 818 1 7 0 C 0
818 2682 1 15 0 C 0
2682 2683 1 15 0 C 0
2683 2298 1 15 0 C 0
2298 2684 1 15 0 C 0
1260 845 1 13 0 C 0
1263 3047 1 9 46 O 20
4569 4554 1 7 37 O 10
4554 4555 1 4 21 O 10
4555 4556 1 6 32 M 20
4556 4557 1 3 16 O 30
4557 4558 1 7 35 O 20
4558 4559 1 2 8 O 30
4559 1264 1 5 24 M 20
1266 1795 1 8 42 O 10
1271 4697 1 4 22 O 20
1269 2482 1 11 59 O 20
1272 678 1 2 0 C 0
678 675 1 5 24 M 10
675 4693 1 6 31 O 20
1270 898 1 8 39 M 20
1795 1269 1 19 104 O 30
4696 897 1 2 10 O 10
897 1270 1 18 97 O 30
1268 892 1 2 6 M 10
889 4706 1 2 9 O 10
4706 100 1 21 116 O 10
100 1266 1 3 16 M 30
893 894 1 10 50 O 30
1267 893 1 34 188 O 30
4693 4699 2 12 65 O 20
3994 5032 1 23 125 M 10
5032 2786 1 14 77 O 30
2786 2830 1 14 77 M 10
2830 4294 1 9 49 M 20
4294 2357 1 6 29 O 10
2357 1364 1 20 110 O 10
1364 3995 1 26 142 O 30
3995 1445 1 6 28 O 10
1445 1446 1 27 147 M 20
1446 1273 1 6 29 O 30
1273 2406 1 10 54 M 30
1274 4338 2 2 0 C 0
3208 1277 2 18 0 C 0
1276 1275 2 14 0 C 0
1277 226 2 19 0 C 0
226 1276 2 1 0 C 0
3615 419 2 23 0 C 0
3820 4244 1 28 0 C 0
4244 4245 1 6 0 C 0
4245 2687 1 2 0 C 0
1278 2198 1 14 0 C 0
4632 3159 2 10 52 M 30
3158 703 2 19 101 O 20
703 4650 2 2 7 O 20
4650 4649 2 6 33 M 30
4649 689 2 8 41 M 10
689 4652 2 6 30 O 30
4652 4647 2 11 61 O 30
4647 4646 2 5 25 O 20
4646 3471 2 6 28 O 10
3471 4644 2 3 14 O 20
4644 4643 2 4 17 M 10
4643 377 2 10 52 M 10
4630 4629 2 5 25 O 30
4629 1717 2 11 57 M 20
1717 4618 2 2 8 M 30
1279 1863 2 7 36 O 30
433 2609 2 23 126 O 20
3252 1291 2 7 0 C 0
402 1291 2 9 0 C 0
1154 1290 2 11 0 C 0
1289 1547 2 2 0 C 0
1283 219 1 3 0 C 0
1284 1283 1 1 0 C 0
2202 221 1 12 0 C 0
1280 4359 1 13 0 C 0
1282 5077 1 3 0 C 0
5077 312 1 37 0 C 0
312 1280 1 6 0 C 0
1288 1286 1 26 0 C 0
1217 1218 1 13 0 C 0
778 1292 1 2 0 C 0
4953 2555 2 5 0 C 0
5395 3998 1 12 64 O 30
3998 4032 1 8 43 O 20
1413 5202 1 18 97 O 10
5202 3633 1 3 16 O 30
3633 3632 1 4 18 M 20
3632 5276 1 25 136 O 30
5276 5126 1 8 41 O 30
1413 1133 2 7 36 O 20
1133 1968 2 14 78 O 30
5193 4737 1 14 75 M 30
4737 1127 1 3 12 O 30
1127 374 1 29 157 O 10
374 1413 1 18 98 O 30
861 3807 1 4 0 C 0
3807 1816 1 11 0 C 0
1432 1431 1 12 0 C 0
1295 5004 1 3 0 C 0
5004 2686 1 7 0 C 0
2686 1859 1 15 0 C 0
1859 1538 1 28 0 C 0
2161 2486 1 15 80 O 30
1301 1300 1 8 42 M 30
1303 2388 1 7 35 O 30
1308 2161 1 8 41 M 10
1302 1301 1 5 24 O 20
1297 1296 1 8 43 M 10
1299 2488 1 8 41 O 30
1306 3777 1 3 11 O 20
3777 1304 1 6 30 O 20
1307 3778 1 5 23 M 20
3778 1306 1 7 35 O 30
1310 1309 1 15 80 O 30
1309 1307 1 15 81 M 10
1304 1302 1 19 105 M 10
2488 2487 1 14 76 M 20
2489 1299 1 26 144 M 10
1300 1298 1 17 91 O 30
2388 1305 1 4 20 M 20
1305 684 1 5 25 O 20
684 2338 1 11 56 M 20
2338 1308 1 8 40 O 30
1311 856 1 9 0 C 0
1312 849 1 11 0 C 0
1173 4197 1 1 4 O 20
3952 3864 1 10 0 C 0
1314 1173 1 5 25 M 20
3388 1316 1 9 45 M 10
1313 1076 1 5 0 C 0
2994 4993 1 16 86 O 30
1174 1315 1 10 54 O 20
1076 3952 1 17 0 C 0
1315 204 1 6 29 O 10
204 858 1 5 24 M 10
1318 5294 1 2 6 M 10
5294 821 1 4 19 O 10
2835 5297 1 9 48 M 20
5297 2834 1 18 96 M 20
2834 2833 1 15 83 M 10
2833 2832 1 31 168 O 10
2832 2808 1 36 199 O 10
2808 1567 1 20 111 O 30
1567 1812 1 11 59 O 10
1812 1318 1 29 159 O 10
1317 847 1 11 58 M 10
1319 1161 1 13 0 C 0
3916 5456 1 39 0 C 0
5456 2691 1 3 0 C 0
1161 1164 1 35 0 C 0
1164 1162 1 28 0 C 0
1476 363 1 16 0 C 0
1320 4506 1 16 87 O 10
773 3199 2 2 0 C 0
1321 1322 1 9 45 M 10
1322 2835 1 3 15 O 20
4003 3206 2 23 0 C 0
1849 2458 2 15 0 C 0
2458 1588 2 15 0 C 0
1588 5438 2 36 0 C 0
5438 1274 2 4 0 C 0
2242 2942 2 14 0 C 0
2942 1747 2 15 0 C 0
1747 2798 2 11 0 C 0
2798 2943 2 10 0 C 0
2943 1946 2 15 0 C 0
1946 1947 2 7 0 C 0
905 4508 2 10 55 O 10
2294 2671 2 31 171 M 20
2671 3073 2 35 191 O 20
2724 5134 2 9 0 C 0
5134 1849 2 15 0 C 0
1165 2724 2 29 0 C 0
3198 726 2 1 0 C 0
3199 4227 2 19 0 C 0
2468 2476 2 19 104 O 10
2476 5286 2 10 53 O 10
5286 1974 2 14 73 M 30
4347 4348 2 3 0 C 0
4748 4746 2 5 24 O 30
2596 3175 2 17 91 M 10
1005 1183 1 9 0 C 0
995 3226 1 39 0 C 0
3226 3227 1 16 0 C 0
3227 2677 1 50 0 C 0
2545 315 2 10 0 C 0
315 316 2 5 0 C 0
316 3601 2 2 0 C 0
3601 3153 2 4 0 C 0
3163 3445 1 19 100 O 20
1917 1916 1 20 110 M 20
1916 1746 1 5 27 O 10
1746 1915 1 6 29 M 20
1915 1914 1 17 90 O 30
1914 1913 1 51 281 O 10
4677 2586 2 12 0 C 0
2586 1689 2 15 0 C 0
2451 1072 1 26 142 O 30
1072 1079 1 29 0 C 0
2451 3055 1 15 82 O 30
3055 2772 1 15 79 O 10
2772 3054 1 15 79 O 30
3054 4995 1 20 111 O 20
2125 2869 1 37 204 O 20
2869 2860 1 28 153 O 30
894 4719 1 4 20 O 10
4719 890 1 16 88 O 20
886 2483 1 3 16 O 10
2483 1688 1 13 72 O 30
1688 3786 1 18 100 O 10
3786 4718 1 21 112 O 10
3035 805 2 4 0 C 0
3039 4191 2 5 0 C 0
4191 3259 2 6 0 C 0
3259 819 2 3 0 C 0
819 5324 2 3 0 C 0
5324 4064 2 13 0 C 0
3035 996 2 4 0 C 0
4671 4673 2 2 6 M 20
5081 3052 2 13 70 O 30
3052 5096 2 7 38 O 30
2922 2026 2 36 197 M 20
2026 2923 2 46 252 O 20
2923 2764 2 10 50 O 30
2922 3064 1 15 79 O 10
3237 3238 2 2 9 O 30
3239 3240 2 8 42 M 20
3241 3244 1 4 18 O 30
3244 3245 1 4 18 M 30
3244 3242 2 13 69 O 30
3242 3243 2 18 98 O 30
3243 3244 2 6 29 M 10
3242 5491 2 5 22 O 30
5491 3243 2 5 22 O 20
4667 3250 2 7 38 M 10
3249 3250 2 1 4 M 20
3250 3248 2 5 26 O 10
3248 3249 2 2 8 O 30
789 3253 1 11 0 C 0
996 3253 2 4 0 C 0
3252 428 2 2 0 C 0
2518 945 2 7 0 C 0
3260 3265 2 7 35 O 20
3265 3261 2 14 78 O 10
3262 3263 2 39 213 O 20
3265 3266 2 8 41 O 10
3267 3268 2 6 33 M 10
3269 3270 2 24 129 O 10
3271 3272 2 12 63 O 20
3273 3274 2 36 195 O 10
3275 3276 2 20 111 M 30
3277 3278 2 28 156 O 10
3279 3280 2 7 38 O 30
3282 3283 2 9 47 O 10
3283 3284 2 7 35 M 30
3282 3285 2 7 35 O 10
3286 3287 2 5 24 O 30
3288 3289 2 6 31 M 20
3290 3291 2 7 33 O 30
3290 3292 2 7 36 O 30
3291 3293 2 7 36 O 10
3294 3295 2 10 50 O 10
3296 3297 2 7 38 M 10
3297 3298 2 6 28 O 30
3299 3300 2 3 15 O 10
3300 3301 2 11 56 M 10
2112 5427 1 19 0 C 0
3307 1190 1 2 11 O 30
3306 3307 1 3 14 M 30
3307 2858 1 15 79 M 30
2858 2859 1 14 77 O 10
2859 2295 1 14 76 O 30
2295 1167 1 14 77 O 20
1167 1453 1 14 76 M 30
1453 1924 1 14 76 M 30
1924 2811 1 14 76 O 30
2811 2860 1 14 76 O 20
3304 3313 1 21 112 O 10
3313 5437 1 10 51 O 10
5448 1172 1 27 0 C 0
1172 1171 1 9 0 C 0
3309 3310 2 6 29 O 10
3309 3311 2 7 33 O 10
3310 3312 2 6 33 O 10
3313 3314 2 7 36 M 30
3320 3319 1 15 80 O 20
3319 3318 1 15 79 O 30
3318 3317 1 15 79 M 30
3317 3316 1 15 79 O 30
3321 3322 2 15 0 C 0
3323 3322 2 15 79 O 10
2803 3325 2 11 58 M 30
3325 1605 2 7 35 M 20
1605 1148 2 17 92 O 20
293 1457 1 22 120 O 30
3324 3325 2 8 39 O 20
436 1279 2 9 47 O 30
1521 1522 2 11 56 O 10
1522 3326 2 7 36 O 10
3326 1523 2 7 38 O 30
3326 3327 2 32 174 O 30
3328 3329 2 6 29 O 30
2609 2472 1 16 84 O 10
2472 1862 1 16 84 M 30
1443 1444 1 39 211 O 10
1868 1006 1 46 0 C 0
1006 997 1 40 0 C 0
64 58 1 75 412 O 20
3967 984 1 3 0 C 0
4833 3448 1 14 77 O 30
3448 3443 1 15 79 O 30
5206 3174 2 19 104 M 30
3174 1541 2 15 82 O 20
1541 3752 2 8 40 O 30
3752 2778 2 7 39 O 10
2778 3745 2 8 40 O 10
3745 1648 2 8 41 M 30
2667 2390 2 3 12 M 30
2390 2668 2 15 79 M 20
2668 2669 2 6 30 O 10
2669 2670 2 10 50 O 10
2670 1647 2 10 54 O 10
1647 1644 2 5 25 M 10
1644 2076 2 15 80 O 10
2076 2075 2 3 12 O 30
2673 4273 2 26 140 O 20
4273 2058 2 4 19 M 10
2058 3232 2 42 232 O 10
2116 1200 2 2 9 O 30
1641 1622 2 4 20 M 10
1866 3570 2 9 47 O 10
3570 3136 2 16 89 O 20
2157 2927 2 7 38 O 20
2927 3449 2 2 10 O 20
3449 3048 2 12 65 M 10
3048 4868 2 2 6 O 10
4868 3137 2 12 64 M 30
3137 3117 2 15 79 O 20
3117 3013 2 15 78 M 20
1521 2608 2 15 83 O 10
2038 47 2 2 6 O 10
47 4826 2 9 47 O 30
3337 3332 2 3 17 O 30
3333 3334 2 28 155 O 20
3334 3338 2 26 144 O 10
3336 3334 2 7 35 O 30
3332 1840 2 7 35 O 30
1840 2654 2 33 180 M 10
2654 4422 2 26 143 O 10
4422 4584 2 7 35 O 20
3340 988 1 10 0 C 0
988 3968 1 103 0 C 0
3341 3342 2 5 23 O 20
3341 2336 2 27 149 O 30
3343 3849 2 2 10 O 20
3849 3344 2 5 26 M 20
3347 3348 2 31 0 C 0
1760 1761 1 31 171 O 20
1761 1375 1 31 171 O 20
1375 1762 1 31 171 O 20
1762 1763 1 17 93 M 10
3331 1239 1 8 39 M 10
3368 974 1 13 72 M 30
3359 3370 1 73 402 O 20
70 3350 1 21 114 O 20
3364 5233 1 6 32 O 20
5233 65 1 7 36 O 10
3354 3355 1 15 78 M 20
3355 3361 1 30 162 O 30
3360 3356 1 16 86 O 30
4020 4023 1 3 15 M 20
3353 3161 1 13 69 O 10
3361 3362 2 3 12 M 30
3363 4835 1 9 49 O 10
3352 3358 1 3 11 O 20
3358 3363 1 11 56 O 10
3363 3359 1 10 52 O 30
4033 990 1 44 241 O 30
1239 3368 1 72 398 M 30
3368 3354 1 20 106 O 30
4985 3364 1 11 57 M 30
3353 4020 1 15 80 O 10
1686 1905 2 14 76 M 10
3382 3383 2 8 42 M 20
3384 3385 2 6 33 O 10
4624 2528 1 15 82 O 10
3386 3387 2 8 41 O 20
3394 3395 1 6 30 O 10
3399 3400 2 13 72 O 30
3399 3401 2 4 0 C 0
3405 3404 2 14 73 M 20
3404 3403 2 5 25 M 30
3404 3406 2 9 45 M 10
3406 3405 2 6 28 O 20
3406 3407 2 4 21 O 20
910 3408 2 5 26 O 30
3410 3412 2 4 17 O 20
3412 5271 2 8 39 O 10
5271 3411 2 4 18 M 20
3412 3413 2 5 24 M 20
3413 5271 2 3 14 O 20
3408 3414 2 21 114 O 10
3408 3416 2 4 20 O 30
3416 3417 2 14 76 O 20
3410 3418 2 22 121 M 10
3418 3419 2 4 0 C 0
3421 3422 2 15 83 O 10
3422 3630 2 2 11 O 30
1448 3425 2 13 67 O 20
3425 3427 2 4 0 C 0
3427 3428 2 4 22 O 30
3428 3426 2 6 30 M 30
3426 3424 2 12 65 M 30
5264 3432 2 3 0 C 0
3431 3433 2 9 0 C 0
3433 3434 2 5 0 C 0
3120 1550 2 32 174 M 30
3435 3436 2 30 165 O 20
2520 5442 1 24 132 M 10
3162 346 1 9 45 O 10
346 1676 1 9 45 O 10
1676 356 1 2 6 O 10
356 563 1 13 69 M 30
563 343 1 13 70 O 20
343 2521 1 15 80 O 10
4167 338 1 36 198 O 10
340 339 1 8 42 M 30
2917 336 1 13 68 O 20
3444 3441 1 18 99 O 10
355 2917 1 9 47 O 10
3370 1240 1 9 45 O 10
3444 3445 1 3 11 O 20
3446 1608 1 40 218 O 10
3447 3448 1 3 13 O 20
3453 3455 2 5 28 O 20
3455 3450 2 8 44 M 20
3453 3452 2 4 21 M 20
3452 3454 2 7 39 O 30
3452 3455 2 9 50 O 20
3456 3458 2 7 38 O 10
3160 2527 2 20 106 M 10
2527 2914 2 20 108 O 30
2914 4054 2 8 40 O 30
1592 1791 1 22 121 O 30
1591 1592 1 23 126 O 30
3459 646 2 16 86 O 20
3460 3461 2 5 26 O 20
983 2066 2 16 86 O 20
2066 2067 2 16 85 M 10
3464 3465 2 5 27 M 30
3466 3467 2 3 12 O 30
3467 3468 2 10 55 O 30
3469 3470 2 13 67 M 30
3473 4481 2 3 14 O 20
4481 4482 2 9 50 O 10
4482 3474 2 3 14 O 20
2579 2578 2 15 83 O 30
2578 2577 2 15 82 M 20
2577 1940 2 15 81 O 20
1940 2576 2 15 80 O 10
2576 2575 2 15 80 O 20
2575 2306 2 15 79 O 30
2306 2574 2 15 79 O 30
2574 2573 2 15 80 M 30
2573 2105 2 16 85 O 10
2105 1582 2 16 84 O 10
1582 4457 2 5 24 O 30
4457 3475 2 11 56 O 10
1745 1934 2 48 263 O 10
1934 1935 2 39 216 O 10
2485 4217 2 15 82 O 10
2485 4563 1 8 40 O 20
3485 3484 1 15 78 O 30
3476 3478 1 6 32 O 20
4543 3477 2 6 33 O 20
3147 2314 1 25 136 O 20
3147 2958 2 15 79 O 10
2958 3113 2 15 79 O 20
3113 2162 2 15 79 O 10
2162 2339 2 15 80 M 10
2339 2389 2 15 78 O 10
2389 2041 2 8 42 M 20
2314 2315 2 15 78 O 20
2315 2316 2 15 0 C 0
1692 573 2 7 35 O 30
573 574 2 9 45 O 30
574 3776 2 9 45 O 20
3776 1691 2 11 58 M 20
1691 3315 2 3 13 M 20
3315 883 2 43 235 M 20
1720 1721 2 15 79 O 30
1721 1722 2 15 80 O 10
1722 1723 2 15 79 O 30
1723 1454 2 14 0 C 0
3480 4566 1 14 77 O 30
4566 4568 1 4 18 O 10
3481 4565 1 19 101 O 10
4565 4567 1 4 18 O 20
4570 4409 1 4 18 M 30
4409 3485 1 6 33 O 20
3482 3483 1 15 80 M 20
3485 3486 1 15 80 O 20
3147 3487 2 30 165 O 10
3486 5288 2 1 3 M 20
1298 1297 1 10 51 O 10
3489 1124 2 3 13 O 20
1124 3488 2 3 14 M 30
3488 3489 2 3 16 M 30
1815 5428 1 6 33 O 10
3492 3491 2 12 66 O 20
3495 3494 2 9 49 O 30
3497 3495 2 4 18 O 10
3495 3496 2 7 38 O 30
3499 3498 2 19 102 O 20
3510 3509 1 7 38 O 20
3511 3510 1 3 15 O 20
3512 3511 1 6 32 O 30
3513 3509 2 4 21 O 10
4650 3500 2 11 58 O 20
4644 3501 1 12 63 O 20
3501 4643 1 8 44 M 10
4641 3502 2 11 59 M 10
3504 3503 2 7 36 O 10
3506 3505 2 8 41 O 10
3508 3506 2 3 16 O 20
3506 3507 2 9 48 O 30
3509 3512 1 3 14 M 20
3515 3514 2 8 42 M 10
3518 3517 2 13 67 M 20
3517 3516 2 9 50 M 30
3520 3519 2 7 36 O 30
3525 3526 2 8 40 O 30
3524 3523 1 16 83 M 10
3522 3521 2 8 41 O 30
3525 3522 2 3 12 M 10
3522 3524 2 3 14 O 10
3527 3525 1 16 83 O 10
3529 3528 2 16 84 O 20
3531 3530 2 8 42 O 10
3534 3533 2 8 43 M 10
3536 3535 2 7 38 O 10
3538 3537 2 11 61 M 30
3540 3538 2 8 43 O 10
3538 3539 2 4 22 O 20
3542 3541 2 5 22 O 30
3544 3542 2 3 14 O 30
3542 3543 2 5 23 M 10
3547 3546 1 10 51 M 30
3548 3547 1 3 17 O 10
3549 75 1 9 46 O 20
75 3548 1 1 5 O 10
3247 3549 2 11 60 O 30
3549 3546 2 3 16 M 20
3551 3550 2 8 39 O 10
3553 3551 2 4 17 O 10
3551 5492 2 2 6 O 30
5492 3550 2 2 6 O 10
3550 3552 2 3 11 O 10
3556 3555 2 22 119 M 20
3558 3557 2 7 37 O 10
3560 3559 2 15 82 O 30
3562 3561 2 3 15 O 20
3564 3562 2 34 184 O 10
3562 3563 2 4 19 O 20
3566 3565 2 18 95 O 30
3881 3568 2 4 18 O 30
3568 3880 2 3 16 M 30
3880 3881 2 3 15 O 20
1507 3568 2 12 62 O 20
3570 3569 2 20 106 O 30
3573 3572 2 3 16 O 10
3576 3574 2 3 16 O 20
3577 3575 2 3 13 O 20
3575 3574 2 7 38 O 20
3574 3572 2 2 8 O 20
3572 727 2 7 36 M 20
727 3573 2 5 24 O 20
3573 3576 2 2 9 O 30
3576 3575 2 3 15 M 30
3580 716 1 4 18 O 30
716 4635 1 8 43 O 10
4634 3581 1 12 62 O 10
3582 3581 2 11 59 M 10
3581 3580 2 3 15 M 20
3586 3585 2 11 61 O 20
3588 3587 2 8 43 M 30
3590 3589 2 9 46 O 20
1827 3592 1 9 47 M 10
3592 3591 1 5 24 M 20
3592 3593 2 5 23 O 30
3596 3595 1 9 47 O 30
3595 3594 1 6 29 O 10
3598 3597 2 7 35 M 30
1211 1210 2 17 0 C 0
3635 4745 2 3 0 C 0
4745 3813 2 1 0 C 0
3813 3815 2 5 0 C 0
3639 3638 2 11 57 O 10
3643 3640 2 4 18 O 20
3642 3641 2 4 18 O 30
3645 3644 2 6 28 O 20
59 3644 2 6 29 O 10
3644 3652 2 3 12 M 30
3647 3646 2 5 25 M 10
3650 3648 2 6 30 O 10
3649 3651 2 7 34 M 30
3431 3432 1 18 0 C 0
3656 3655 2 10 55 O 30
3661 3660 2 7 34 O 30
3663 3662 2 8 43 O 20
3667 4804 2 10 55 O 10
4804 3666 2 16 88 O 20
4805 3666 2 19 102 M 10
3666 3672 2 4 18 M 20
3669 3670 2 5 26 M 20
3672 4803 2 17 91 O 10
4803 3671 2 7 36 O 10
3674 4807 2 16 86 O 30
3676 3675 2 12 62 O 30
3678 3677 2 8 40 O 30
3679 4801 2 35 193 O 30
4801 3670 2 9 49 O 10
3685 3686 2 3 14 O 10
3681 3680 2 4 19 O 10
3684 3683 2 4 18 O 20
3686 3684 2 37 205 O 20
3684 3685 2 14 76 O 20
3688 3687 2 13 72 M 20
3690 3689 2 8 41 M 10
3691 3692 1 19 102 O 30
3692 5493 1 2 9 O 10
5493 3691 1 2 9 O 10
3693 3690 2 4 17 M 10
3690 3692 2 7 38 O 20
3695 3694 2 7 35 O 30
3697 3695 2 4 19 O 20
3695 3696 2 13 70 O 30
2346 3698 2 13 68 O 30
3700 3699 2 14 74 O 30
2346 3700 2 5 22 O 30
3700 3701 2 17 93 O 10
2346 3702 2 16 87 O 30
3708 3707 2 22 118 M 30
3712 3709 2 21 115 O 20
3711 3710 2 22 119 M 20
3715 3714 2 14 74 M 30
3726 3725 2 7 39 O 20
3728 3727 2 14 73 M 20
3730 3729 2 5 27 M 30
3732 3730 2 4 21 O 30
3730 3731 2 4 19 O 30
3736 3734 2 14 75 O 20
3737 3734 2 3 12 O 10
3734 4906 2 4 17 O 30
4906 3736 2 7 35 O 20
3736 3735 2 3 14 O 10
3739 3738 2 7 36 O 20
3741 3740 2 4 21 O 20
3743 3741 2 4 21 O 10
3741 3742 2 7 35 O 30
3721 3720 1 15 80 O 20
3720 3719 1 6 31 M 20
3724 3723 1 14 75 M 10
3723 3722 1 6 30 O 10
3746 3745 2 7 34 O 30
3747 3749 2 7 34 M 30
3748 3750 2 17 90 O 10
3750 3746 2 2 10 O 10
3746 3749 2 21 113 M 20
3749 3748 2 3 13 O 30
3752 3751 2 23 127 O 20
1089 3897 1 2 9 O 30
3897 3891 1 18 94 O 20
3891 3893 1 3 15 O 10
3893 3754 1 19 101 O 30
3758 5449 2 8 41 O 20
5449 3757 2 6 30 O 20
3762 3761 2 16 86 O 20
3765 3764 2 4 22 O 10
3767 3768 2 4 19 O 10
4554 3768 2 12 65 M 30
3770 3769 2 6 29 O 10
3772 3770 2 4 20 O 20
3770 3771 2 8 42 O 30
3774 3773 2 5 26 O 10
3776 3774 2 4 21 M 20
3774 3775 2 6 30 O 20
3780 3779 2 5 25 O 10
3786 3785 2 4 21 O 30
4559 3788 1 13 71 M 30
3790 3789 1 14 74 O 10
4585 3791 2 5 25 O 10
3793 3794 2 4 19 M 30
3795 3792 2 4 19 O 10
3792 3794 2 24 128 O 20
3794 4589 2 3 14 O 30
4578 3797 2 9 46 M 20
3799 4418 2 4 17 O 30
4418 4417 2 1 2 O 10
4417 4419 2 2 10 M 10
4419 4416 2 7 34 O 20
4416 3798 2 3 13 O 20
3802 3800 2 3 12 M 20
3803 3802 2 4 22 M 30
3802 3801 2 11 61 O 10
3804 3349 1 6 0 C 0
3349 2613 1 7 0 C 0
2613 3347 1 7 0 C 0
2365 3890 1 11 59 O 30
3806 2406 1 6 31 O 30
3805 3806 1 10 54 O 20
821 5293 1 3 12 O 10
5293 2365 1 10 53 M 10
3810 648 1 8 44 O 20
648 707 1 9 45 O 20
707 3247 1 8 39 O 20
3247 1679 1 12 66 O 30
798 1635 1 15 80 M 30
1635 2289 1 14 77 O 10
3813 3812 2 7 37 O 10
3815 3814 2 7 36 M 20
3200 3634 2 7 38 M 20
3634 3635 2 4 0 C 0
3040 3816 2 4 22 O 10
3816 2765 2 12 63 O 20
2765 2766 2 16 88 M 30
2766 2135 2 22 118 M 30
2135 2216 2 16 84 O 10
2216 2767 2 14 76 M 30
2767 2768 2 14 78 O 10
2768 2769 2 34 186 O 20
3819 3818 2 2 10 O 30
3818 3817 2 4 19 O 10
3829 3828 1 4 22 O 10
3831 3830 1 9 45 O 20
3837 3836 2 4 17 O 10
3836 3835 2 2 10 O 20
3817 3842 1 9 49 O 20
1848 2648 1 32 176 M 30
2648 2781 1 25 139 O 20
3191 4989 2 8 40 M 30
4989 4229 2 6 32 M 10
3085 3189 2 20 0 C 0
4991 3189 1 5 0 C 0
3055 3178 2 6 33 O 20
2772 3391 2 7 34 M 10
2106 2105 1 17 89 M 10
2105 2104 1 52 288 O 20
1692 580 1 14 73 M 20
580 1720 1 4 18 M 30
2377 3245 2 13 72 O 10
3245 3384 2 1 3 O 20
3384 3241 2 1 2 O 20
3241 2376 2 17 92 M 20
2376 1513 2 15 79 O 10
2421 3022 1 19 101 M 30
2417 2418 1 15 82 O 10
2418 1807 1 16 83 O 10
1807 2419 1 16 84 O 10
2419 2420 1 16 85 M 20
2420 2421 1 15 79 O 10
2280 1796 1 44 243 O 20
2750 891 1 7 39 O 30
2528 1718 1 15 83 M 20
4702 1998 1 35 190 O 30
1998 2747 2 28 154 O 30
2747 2871 2 51 282 M 10
2871 5047 2 25 136 O 30
5047 2578 2 10 52 M 20
2578 5049 2 7 37 M 10
5049 2872 2 24 129 O 30
3907 2087 2 3 15 O 10
2087 2820 2 18 97 O 30
2391 2390 1 39 212 O 30
1688 3067 1 19 105 O 10
3067 3066 1 18 96 O 20
1462 1446 1 25 137 M 20
490 5133 2 38 209 O 20
5133 2595 2 10 54 M 10
3859 3860 2 18 100 O 30
3862 3863 2 19 100 O 20
3864 3865 2 7 0 C 0
3865 3866 2 25 0 C 0
3868 3869 2 12 61 O 10
3869 3870 2 15 80 O 30
3876 3877 2 17 93 O 30
3882 3883 2 17 89 O 30
3884 3885 2 8 44 O 10
854 853 2 3 0 C 0
857 458 1 14 0 C 0
458 854 1 14 0 C 0
3886 3887 1 23 125 M 20
4363 4260 2 6 0 C 0
4260 2953 2 9 0 C 0
2953 3888 2 7 0 C 0
3888 1851 2 7 0 C 0
1851 2676 2 15 0 C 0
2676 2952 2 15 0 C 0
2952 2951 2 15 0 C 0
2951 4259 2 7 0 C 0
4259 2064 2 9 0 C 0
3853 1873 2 17 89 O 10
1873 3342 2 9 47 O 30
3342 1874 2 11 61 O 30
1874 1875 2 16 85 O 20
3853 3857 1 8 40 M 10
964 2202 1 44 0 C 0
3823 3824 1 32 174 O 30
3824 3825 1 32 176 O 30
1648 2061 1 29 156 O 10
2061 457 1 3 14 M 10
457 456 1 3 14 O 10
456 2842 1 3 13 O 10
3832 2803 1 15 82 O 20
3832 3830 1 7 34 O 30
2341 1850 2 17 0 C 0
1850 5424 2 18 0 C 0
5424 2210 2 3 0 C 0
2210 2759 2 15 0 C 0
2759 2938 2 13 0 C 0
2938 2904 2 7 0 C 0
2904 2939 2 18 0 C 0
2523 5086 2 11 58 O 10
5086 661 2 2 7 O 20
661 2259 2 23 123 M 20
2259 4862 2 10 53 O 20
4862 5272 2 2 9 O 10
5272 4049 2 1 4 O 30
1170 5373 1 3 0 C 0
1171 3953 1 2 0 C 0
1712 1713 2 4 0 C 0
1713 1714 2 34 0 C 0
1714 1715 2 28 153 O 30
1715 1716 2 51 282 O 20
1716 1717 2 27 148 O 30
1717 1718 2 15 80 O 20
1718 1719 2 20 106 O 30
1983 2737 2 29 156 O 20
2737 1532 2 15 80 M 20
1532 1791 2 15 83 O 30
1558 1559 2 3 0 C 0
4700 4694 1 15 79 O 30
2689 254 1 12 0 C 0
254 2397 1 23 0 C 0
2397 1601 1 23 0 C 0
2687 2688 1 9 0 C 0
3447 4834 1 13 72 O 20
1405 364 1 5 0 C 0
56 978 2 81 449 O 30
978 1052 2 24 130 O 10
1824 1053 2 81 445 O 10
1053 2974 2 8 43 O 10
2974 1054 2 3 12 M 10
1054 1055 2 11 59 O 10
1055 1890 2 12 63 O 20
1890 3068 2 9 50 M 20
3437 2522 2 14 77 M 30
5208 5106 2 8 43 O 20
5106 4007 2 2 9 O 20
4007 5107 2 5 25 O 30
5107 1501 2 8 40 M 30
5203 2082 1 6 0 C 0
2089 2090 1 8 41 O 30
2177 597 2 1 0 C 0
597 2176 2 13 0 C 0
3827 3829 1 20 107 M 10
3610 5130 2 1 0 C 0
5130 3611 2 10 0 C 0
3611 5175 2 2 0 C 0
5175 1166 2 6 0 C 0
1954 5321 2 28 152 O 20
5321 155 2 17 94 O 30
155 153 2 6 29 O 20
153 1955 2 4 18 M 10
2969 2349 2 15 79 O 10
2349 499 2 8 40 M 10
499 1619 2 8 40 O 10
1619 2503 2 15 79 O 20
2503 722 2 8 41 O 30
722 1954 2 7 38 O 20
2432 2433 2 7 36 M 20
4672 3895 1 16 86 O 30
903 905 2 8 42 O 20
3163 3441 1 2 11 O 30
3999 4023 1 3 13 M 20
69 3365 1 3 13 M 30
906 365 1 33 182 O 10
2064 2950 2 15 0 C 0
2950 542 2 2 0 C 0
542 2456 2 13 0 C 0
2456 1505 2 15 0 C 0
1505 3783 2 7 0 C 0
3783 2921 2 8 0 C 0
3235 2949 2 8 0 C 0
785 1156 2 4 0 C 0
3253 3330 1 3 0 C 0
985 3340 1 16 0 C 0
3220 3225 1 140 773 O 30
2842 450 1 3 12 O 30
450 448 1 4 21 O 30
448 2779 1 10 52 O 30
2779 1543 1 12 63 O 30
1543 2841 1 15 78 O 20
2841 3232 1 15 80 M 20
3232 2840 1 14 74 M 20
2840 2815 1 14 77 M 10
2815 1944 1 14 76 O 10
1944 1469 1 14 76 O 20
2088 2089 1 8 40 O 30
1972 2466 2 34 186 M 30
2468 4879 2 16 0 C 0
39 4039 1 106 0 C 0
49 362 1 51 0 C 0
908 5358 1 29 158 M 20
592 1437 1 8 41 O 10
1437 1436 1 18 95 O 10
2091 2092 1 6 32 O 20
987 3963 1 3 0 C 0
1506 3578 2 9 0 C 0
3578 3579 2 3 0 C 0
3579 2209 2 9 0 C 0
768 2941 2 24 0 C 0
3083 2117 2 9 47 O 10
3898 3896 1 18 96 O 20
3896 3897 1 19 101 M 10
3897 2117 1 3 11 O 20
3900 3899 1 7 36 O 10
2711 3901 1 18 95 O 30
3901 3942 1 9 48 O 20
3942 3902 1 18 99 O 30
3909 3907 1 14 75 O 20
3907 3908 1 42 233 O 30
3908 2091 1 14 78 O 20
1132 2106 2 21 114 M 30
2106 3910 2 13 71 O 10
3475 4617 2 8 41 O 10
3913 3914 2 12 64 M 20
3653 3630 1 20 0 C 0
3630 3631 1 5 24 M 30
529 4118 1 21 0 C 0
4118 3915 1 31 0 C 0
3915 3916 1 17 0 C 0
5000 3919 1 33 0 C 0
1302 1525 2 16 87 O 10
1525 2703 2 10 51 O 30
2703 1891 2 19 102 O 20
1891 2795 2 19 100 O 10
2487 1303 1 11 59 O 10
1880 1879 2 4 18 O 20
1879 3923 2 6 29 O 30
3923 3925 2 15 81 M 10
3925 1878 2 7 36 M 10
1882 2010 1 8 43 O 20
2010 488 2 30 165 O 10
2010 2897 2 15 80 O 20
2897 2701 2 34 185 O 30
3922 3923 1 4 22 O 20
3924 3925 2 4 21 M 30
1899 246 2 36 195 O 10
246 1900 2 2 8 O 30
1900 435 2 32 175 M 10
1878 237 2 6 31 O 20
237 1877 2 24 132 O 20
1877 1077 2 11 56 O 30
1077 1876 2 8 42 M 20
1876 1080 2 12 65 O 20
1080 1875 2 8 39 O 10
1878 1898 1 5 28 O 30
1386 2245 2 15 79 O 20
2245 2702 2 15 79 O 30
2702 2703 2 7 38 M 10
2703 1300 2 22 121 O 20
1300 2488 2 2 11 M 20
2488 1695 2 15 80 O 20
3344 3851 1 17 94 M 30
2101 5058 1 8 43 M 20
5058 2100 1 29 159 M 20
2697 2698 2 15 80 O 10
2698 2699 2 15 80 O 30
2699 237 2 12 65 M 20
237 1898 2 4 17 M 10
2101 140 2 6 33 O 30
140 2392 2 9 50 O 30
2392 2393 2 15 79 O 30
2393 2394 2 15 78 O 10
2394 1876 2 6 33 O 10
2101 3344 2 22 118 M 20
2100 2101 1 37 203 O 30
298 2695 2 2 7 O 20
2695 2828 2 55 303 O 30
3817 2644 2 31 167 M 20
277 285 2 31 169 M 10
3828 222 2 6 28 O 30
222 2843 2 14 74 O 30
3825 5218 1 15 79 M 30
5218 3826 1 5 25 M 30
3825 1041 1 10 53 M 30
1041 1039 1 16 86 O 30
1039 1040 1 15 83 M 20
1040 1043 1 15 80 O 10
1043 1177 1 15 80 O 30
5095 3935 1 10 53 O 10
3935 350 1 4 22 M 30
350 3936 1 3 12 O 10
3935 342 1 6 31 M 20
3937 3938 2 16 87 O 20
3939 3940 2 6 29 M 20
2896 1382 2 15 82 O 10
1382 3946 2 31 169 O 30
3113 2316 2 26 143 M 20
2337 4688 2 3 12 O 10
4688 4692 2 8 40 O 10
4692 1307 2 4 19 O 30
2133 3943 1 15 79 O 10
3943 3944 1 15 80 O 30
3944 3945 1 15 80 O 10
3945 2130 1 15 81 O 10
2130 2131 1 15 80 O 10
2131 2132 1 15 80 O 20
2132 1598 1 15 80 O 20
1598 2133 1 15 78 O 30
3947 3948 1 27 147 M 10
3948 3949 1 2 11 O 30
3949 3950 1 8 42 M 20
3951 2971 2 5 24 M 20
3951 3018 1 7 35 O 10
3955 1625 1 4 0 C 0
1068 1070 2 4 22 M 10
1070 1624 2 17 91 O 10
1624 1623 2 27 150 O 10
3954 3955 2 1 0 C 0
1964 3956 2 3 0 C 0
3956 3954 2 1 0 C 0
1625 3953 1 35 0 C 0
3957 2973 2 12 62 O 10
5196 3957 1 8 44 O 30
3362 3351 1 15 82 O 30
3351 3366 1 15 82 O 20
3366 3352 1 11 60 O 20
5195 5201 1 27 149 O 20
3361 3369 1 16 86 M 30
4006 4008 2 8 42 O 30
4008 5141 2 2 10 M 30
4008 4011 2 6 30 O 20
4011 4009 2 4 17 O 30
954 1422 1 27 0 C 0
955 954 1 36 0 C 0
947 803 1 16 0 C 0
2046 478 2 7 35 M 30
478 2454 2 29 158 O 30
2057 318 1 7 36 O 20
318 2056 1 24 133 O 10
2056 2055 1 34 186 O 10
2055 2054 1 33 180 O 30
2054 1810 1 31 167 O 30
1810 2053 1 33 182 M 30
2053 3301 1 6 30 M 20
3301 2052 1 11 60 O 20
4983 4835 1 3 13 O 30
1374 1373 1 5 27 O 20
1378 1377 1 14 77 O 20
1377 1376 1 15 78 M 30
1376 1375 1 15 79 O 30
1375 1374 1 15 80 O 30
809 4854 2 9 44 O 30
4854 2226 2 21 114 O 20
2263 2264 2 38 210 O 20
4015 3079 2 33 183 O 30
3079 2584 2 15 83 M 20
2584 129 2 16 87 O 10
129 1684 2 7 36 O 20
1684 2886 2 14 76 M 10
2886 183 2 6 28 O 20
183 3337 2 3 12 O 30
1514 2429 2 14 75 O 30
2429 2430 2 4 20 O 10
2430 3237 2 10 54 M 10
3237 2431 2 7 38 O 10
2431 2432 2 11 58 O 20
4041 314 1 45 0 C 0
4024 4022 1 27 145 O 10
4025 61 1 109 605 O 10
4022 4040 1 63 347 O 10
4038 4130 1 79 0 C 0
1622 2505 2 15 80 O 10
2505 1957 2 15 79 M 10
1957 1577 2 15 79 O 30
1577 2793 2 15 80 O 20
2793 2116 2 10 50 O 10
1620 2138 2 15 79 O 30
2138 2137 2 15 79 M 20
2137 2136 2 15 79 M 10
2136 2135 2 15 79 M 20
2135 2030 2 27 147 O 20
2030 2321 2 19 103 O 10
2502 1737 2 33 180 O 10
3442 3443 1 3 12 O 10
3443 1607 1 38 207 M 30
1607 1755 1 11 56 M 20
1755 321 1 9 49 O 20
321 4102 1 10 54 M 10
4102 4101 1 3 14 M 10
4101 2605 1 8 40 O 10
465 463 2 9 48 O 20
463 1993 2 11 61 O 10
1993 2744 2 28 154 M 10
2744 2933 2 51 282 O 20
2933 2574 2 45 246 M 20
2574 2493 2 26 141 M 10
1995 2745 2 28 154 O 10
2745 3130 2 51 282 O 30
3130 2575 2 45 247 O 30
2575 2494 2 26 143 O 20
1556 1557 2 8 0 C 0
1628 1629 2 28 154 M 20
1629 1630 2 51 282 O 30
1630 127 2 44 244 O 30
127 4619 2 11 56 O 20
895 1246 1 3 15 O 30
4717 885 1 52 285 O 10
3487 3480 1 9 50 M 30
3480 2485 1 6 30 O 20
3484 3946 1 15 79 M 10
3946 1310 1 15 80 O 30
2167 4344 2 8 0 C 0
3609 2168 2 6 0 C 0
4060 4298 2 42 231 O 20
2792 2920 2 5 0 C 0
2920 2515 2 23 0 C 0
2371 2372 2 9 0 C 0
2372 2009 2 15 0 C 0
3204 1019 1 30 0 C 0
3369 3353 1 14 73 O 20
4065 4066 2 6 30 M 30
4067 4068 2 6 29 M 30
4069 4070 2 7 37 O 20
4071 4072 2 6 29 O 10
5274 4074 2 3 13 O 30
4076 4077 2 2 9 O 30
4077 4075 2 4 18 O 10
4075 4076 2 3 16 O 10
4077 4078 2 5 26 O 20
4079 4080 2 8 42 M 10
4081 330 2 12 65 O 30
2415 4082 2 3 11 O 30
4083 4111 2 5 24 O 30
4111 4110 2 2 6 O 30
4084 4085 2 9 46 O 20
4084 4086 2 16 84 O 30
4087 4088 2 7 34 O 20
4089 4090 2 4 19 O 20
4091 3879 2 6 31 O 20
4094 4095 1 6 33 M 30
4095 4096 1 3 13 O 10
4097 4098 2 8 41 O 30
4100 4101 2 6 32 O 20
4102 4103 2 4 18 O 10
4103 4104 2 12 65 M 10
4104 4105 2 8 40 O 30
4105 4103 2 3 13 O 20
4106 4107 2 3 16 O 10
4107 4108 2 7 36 M 10
4108 4109 2 3 14 M 20
4109 4107 2 4 22 M 10
2363 2831 1 9 47 M 10
2370 561 2 9 48 O 20
561 548 2 3 14 M 20
548 2835 2 4 19 O 20
4112 4111 2 5 25 O 30
4113 4114 2 11 59 M 10
2482 898 2 3 14 M 10
2688 2689 1 15 0 C 0
3397 3398 1 5 24 M 30
3398 4995 1 20 110 O 20
858 1314 1 7 38 O 20
3859 3397 1 13 67 O 30
3704 3389 1 6 0 C 0
3389 3393 1 16 0 C 0
2560 4115 1 1 0 C 0
4115 3703 1 12 0 C 0
4115 3390 1 2 0 C 0
3703 5435 1 11 0 C 0
3390 2560 1 2 0 C 0
822 1037 1 3 0 C 0
1036 2614 1 3 0 C 0
826 825 1 15 0 C 0
825 653 1 12 0 C 0
653 824 1 11 0 C 0
824 523 1 4 0 C 0
523 522 1 3 0 C 0
522 521 1 5 0 C 0
521 823 1 8 0 C 0
823 1253 1 2 0 C 0
4063 827 1 3 0 C 0
1690 832 1 6 0 C 0
832 831 1 15 0 C 0
831 5003 1 24 0 C 0
5003 5212 1 12 0 C 0
3308 1690 1 3 0 C 0
833 3302 1 3 0 C 0
2452 5002 1 4 0 C 0
2684 425 1 9 0 C 0
425 2637 1 6 0 C 0
838 837 1 15 0 C 0
2637 1928 1 15 0 C 0
1928 2685 1 15 0 C 0
2685 1295 1 6 0 C 0
837 836 1 15 0 C 0
836 835 1 15 0 C 0
835 834 1 24 0 C 0
859 3804 1 2 0 C 0
860 859 2 3 0 C 0
3209 3210 2 4 0 C 0
1275 3209 2 11 0 C 0
2921 3782 2 3 0 C 0
2308 3196 2 7 0 C 0
3196 2426 2 15 0 C 0
2426 4199 2 23 0 C 0
4199 3089 2 3 0 C 0
3089 787 2 4 0 C 0
787 5168 2 15 0 C 0
5168 786 2 7 0 C 0
1439 2758 2 7 39 O 20
2758 1793 2 13 72 O 20
1793 3125 2 34 187 O 10
3125 903 2 14 75 O 10
4122 4121 1 10 54 O 20
1013 1023 2 21 113 M 10
1023 2238 2 5 23 O 20
2238 2673 2 29 159 O 20
1694 511 2 3 15 M 20
511 1695 2 26 142 O 20
1080 2394 1 11 56 M 10
3075 2228 1 6 30 O 10
834 5035 1 4 0 C 0
5035 3308 1 15 0 C 0
1535 3858 2 18 0 C 0
3858 3101 2 7 0 C 0
3101 3821 2 2 0 C 0
3821 2566 2 14 0 C 0
2566 1704 2 15 0 C 0
1704 2561 2 14 0 C 0
2561 2868 2 15 0 C 0
2868 3133 2 15 0 C 0
3133 3008 2 14 0 C 0
3008 2802 2 15 0 C 0
2802 1600 2 15 0 C 0
1600 3051 2 15 0 C 0
3051 2641 2 15 0 C 0
2641 2825 2 15 0 C 0
2825 3756 2 3 0 C 0
3756 2081 2 13 0 C 0
4127 2519 1 4 17 M 20
1551 424 2 3 0 C 0
4132 4133 2 3 15 O 30
2004 2790 2 14 0 C 0
4134 4135 2 23 124 M 20
4136 4137 2 20 106 M 30
4138 4139 2 20 111 O 30
4140 4157 2 12 63 M 20
4157 4141 2 12 64 O 20
4141 4142 2 8 42 O 20
4143 4144 2 10 50 O 10
4153 4155 2 13 71 O 10
4155 4154 2 13 72 O 20
4287 4155 2 22 120 M 30
4154 4158 2 9 50 M 20
4158 4156 2 10 51 O 30
4157 4158 2 13 67 O 20
4159 4157 2 12 66 O 30
4147 4148 2 24 129 O 10
4149 4150 2 24 130 O 30
4149 4151 2 34 186 O 10
4147 4152 2 34 186 O 20
4302 4301 2 34 188 O 30
4145 4282 2 19 105 O 10
4146 4283 2 15 82 O 10
4160 4161 2 33 178 M 30
4164 4165 2 2 10 O 10
336 4170 2 11 60 O 20
4167 4168 2 4 18 O 30
4167 4169 2 2 9 O 20
4171 4172 2 2 8 O 20
4173 4174 2 2 9 O 30
1351 1352 2 12 0 C 0
1352 1327 2 21 0 C 0
1327 3463 2 20 0 C 0
3463 3462 2 4 0 C 0
3462 724 2 3 0 C 0
724 723 2 4 0 C 0
723 725 2 3 0 C 0
725 1353 2 9 0 C 0
1353 4192 2 10 0 C 0
4192 4198 2 6 0 C 0
4198 1354 2 6 0 C 0
1351 1340 1 6 0 C 0
1340 1324 1 15 0 C 0
1324 1346 1 15 0 C 0
1346 1360 1 15 0 C 0
1360 1359 1 15 0 C 0
1359 1355 1 15 0 C 0
1355 1329 1 15 0 C 0
1329 1344 1 15 0 C 0
1344 1331 1 15 0 C 0
1331 1350 1 15 0 C 0
1350 1356 1 15 0 C 0
1356 1357 1 15 0 C 0
1510 1511 1 14 76 O 20
1511 1512 1 8 44 M 30
1512 1513 1 6 31 M 30
1513 1514 1 22 118 O 20
1079 1075 1 15 0 C 0
1075 5373 1 25 0 C 0
4177 4178 2 10 54 O 20
4180 4181 2 3 16 M 20
4182 4183 2 6 32 O 30
4189 4190 2 10 55 M 10
4184 4186 2 13 68 M 10
4186 4185 2 23 124 O 10
4186 4187 2 4 20 O 20
970 801 2 8 0 C 0
945 970 2 3 0 C 0
4606 4607 2 4 21 O 10
4607 4605 2 13 67 M 30
3567 4852 2 1 1 O 30
4852 1866 2 10 52 O 30
3566 3567 2 4 18 O 30
820 3256 2 4 0 C 0
3256 2422 2 6 0 C 0
2422 3257 2 6 0 C 0
3257 3258 2 4 0 C 0
3258 3088 2 6 0 C 0
3088 2212 2 15 0 C 0
2212 258 2 7 0 C 0
258 2934 2 8 0 C 0
2934 2342 2 15 0 C 0
2342 2308 2 8 0 C 0
2423 820 2 6 0 C 0
1586 5348 1 6 0 C 0
1547 3234 2 2 0 C 0
3234 1154 2 8 0 C 0
1415 1416 2 53 293 O 30
4981 1233 2 32 177 O 30
3859 4197 2 2 11 M 20
1339 5397 2 6 0 C 0
2961 2962 2 43 234 O 10
2962 2152 2 42 230 M 30
2152 533 2 2 7 O 20
533 5054 2 29 156 O 10
5054 2385 2 8 44 O 10
2385 1078 2 10 51 O 10
1078 1877 2 11 60 M 10
1877 2699 2 21 116 O 30
1955 2065 2 8 40 O 30
1575 2115 2 15 79 M 20
2115 2140 2 18 100 M 20
2140 2141 2 11 60 O 10
2141 2142 2 15 80 O 30
2142 2143 2 15 81 O 20
2143 2144 2 15 81 O 20
2144 1935 2 15 79 O 30
1935 2145 2 15 79 O 30
2145 2146 2 15 80 M 10
2146 2147 2 14 75 M 20
2147 2148 2 18 100 O 20
2148 1872 2 16 88 O 10
2635 1453 1 28 152 O 20
4200 4201 2 5 27 O 20
4202 4203 2 10 54 O 10
4205 4204 2 15 82 M 10
1722 5252 2 7 38 O 20
5252 4394 2 10 53 M 20
4394 2318 2 7 36 M 10
4210 4540 1 2 0 C 0
4214 4560 1 4 18 O 10
4560 4553 1 14 74 M 30
4553 4552 1 12 66 M 20
4552 4570 1 8 43 M 20
1894 4216 1 8 40 M 20
4209 4210 1 8 0 C 0
4219 4220 2 1 5 O 30
4032 3362 1 7 36 O 20
4222 4223 2 7 35 M 10
2275 2276 2 14 0 C 0
2063 2277 2 15 0 C 0
4227 4228 2 8 0 C 0
4228 4003 2 23 0 C 0
4230 4231 2 15 83 O 20
4232 4233 1 14 73 O 30
4233 4234 1 4 17 O 30
4239 4241 2 10 56 O 10
4242 4243 2 9 47 O 10
4242 4239 2 7 35 O 10
4239 4240 2 6 32 O 10
4247 4248 2 10 50 M 20
4249 4250 2 10 52 O 10
4251 5215 1 3 14 O 10
5215 5217 1 2 9 M 30
5217 4252 1 1 4 O 20
4253 5216 1 3 12 M 20
5216 4254 1 3 14 O 10
4252 5220 2 2 10 O 20
5220 5222 2 2 11 O 30
5222 5224 2 2 11 O 10
5224 4253 2 3 12 O 30
1614 1452 1 35 191 O 30
1614 2048 2 15 79 O 30
2048 1959 2 15 79 O 20
1959 1584 2 15 79 O 10
1584 2049 2 15 78 O 20
2049 1194 2 2 10 O 10
2356 2047 1 35 192 O 30
2047 1614 2 15 79 O 20
4255 4819 2 1 4 O 30
2610 669 2 3 14 O 10
669 1763 2 8 43 O 20
1763 1659 2 15 83 O 10
1659 3277 2 8 40 M 30
3277 2611 2 8 41 O 10
2611 3276 2 8 40 O 30
2881 2880 2 6 30 M 20
2880 3175 2 16 87 O 20
4256 4257 2 15 79 M 20
1047 1045 2 65 361 M 20
912 368 1 61 336 O 20
1744 2638 2 48 262 O 20
2638 2144 2 40 222 O 10
1744 1745 2 15 79 O 30
2354 132 2 6 29 O 10
132 5283 2 15 83 O 30
1404 929 1 7 34 O 10
929 930 1 50 275 O 10
930 782 1 26 0 C 0
792 924 1 18 99 M 20
924 925 1 20 110 O 20
4309 4310 2 7 36 O 10
952 811 2 29 156 O 20
2603 1754 2 15 80 O 30
2605 4099 1 11 60 O 30
4099 328 1 10 50 O 10
328 4902 1 2 7 O 20
4902 327 1 4 20 O 20
327 2903 1 18 100 O 20
2605 4092 2 18 99 O 20
4092 4093 2 3 13 O 30
2606 2415 2 12 64 O 30
2415 4110 2 20 109 O 30
4110 4079 2 8 44 O 30
4079 3043 2 15 80 M 10
2606 5446 2 13 68 M 20
5446 2607 2 8 43 O 30
4093 2606 2 4 21 O 10
4320 4321 2 13 67 O 10
4322 4324 2 10 53 M 30
4324 4323 2 7 36 O 20
4324 4325 2 6 29 O 20
4326 4327 2 5 28 O 10
4328 4327 2 9 47 O 20
4327 4331 2 10 50 O 10
4331 4329 2 10 56 O 30
4330 4331 2 5 27 O 20
2551 2552 2 10 0 C 0
2552 2553 2 16 0 C 0
2553 5484 2 6 0 C 0
5484 351 2 8 0 C 0
351 2554 2 1 0 C 0
2554 980 2 15 0 C 0
4334 4335 2 17 89 O 30
4336 4337 2 9 50 O 20
437 1138 1 9 0 C 0
1138 1141 1 2 0 C 0
4358 4354 1 13 0 C 0
4354 2200 1 32 0 C 0
2200 2201 1 33 0 C 0
2199 4358 1 5 0 C 0
3920 525 2 8 0 C 0
525 1642 2 14 0 C 0
1642 3629 2 4 0 C 0
3629 791 2 2 0 C 0
791 2906 2 3 0 C 0
2906 2149 2 15 0 C 0
2149 2829 2 12 0 C 0
2829 3077 2 10 0 C 0
3077 3076 2 5 0 C 0
3076 3429 2 3 0 C 0
3429 2134 2 8 0 C 0
4048 1587 2 8 0 C 0
790 4194 2 21 0 C 0
4194 2789 2 10 0 C 0
790 2003 2 3 0 C 0
4366 4367 2 3 0 C 0
866 2323 2 13 0 C 0
4370 4371 2 4 0 C 0
4371 866 2 19 0 C 0
2314 4547 2 2 9 O 30
3477 4394 2 5 22 O 30
4393 3476 1 4 22 O 20
4395 4544 2 4 17 M 20
4396 4395 2 3 15 O 30
4395 4397 2 4 21 M 20
4398 4399 2 5 24 O 20
4400 4401 2 4 18 O 10
4402 4403 2 21 115 M 10
4404 5431 2 2 10 M 30
4406 4405 2 3 14 O 10
4552 4407 2 7 33 M 10
4408 3766 2 5 25 O 10
4407 4408 2 4 17 O 10
4409 3764 2 5 26 O 20
3768 203 1 9 47 O 10
4410 4557 2 9 49 O 20
4411 4556 2 9 48 O 20
4412 4558 2 9 49 M 30
4553 4413 2 6 32 M 10
4414 4415 1 8 43 O 10
4415 4416 1 4 21 O 30
4414 4417 2 4 20 O 20
4418 4421 1 8 44 O 10
4420 4419 1 8 44 O 20
4421 4420 1 3 12 O 20
4422 524 2 3 12 O 20
524 4423 2 5 26 O 20
524 4424 2 7 36 O 20
4423 4424 2 2 10 O 20
4580 4425 2 9 46 O 20
4576 4426 2 8 43 M 10
4427 4428 2 6 29 O 20
4429 4430 2 7 38 O 10
4431 4572 2 6 29 O 10
4432 4431 2 6 29 M 20
4431 5210 2 3 13 O 10
4571 4434 2 5 24 O 30
4435 4437 2 3 12 M 20
4437 4439 2 2 8 O 20
4439 4436 2 3 11 O 30
4440 4434 2 1 4 M 10
4434 4435 2 6 32 O 30
4437 4438 2 4 20 M 30
4440 4439 1 13 69 O 20
4441 4442 2 4 21 O 10
1745 4590 1 9 46 M 20
4443 4444 2 10 52 O 20
4445 4446 2 8 42 O 20
4447 4448 2 6 33 O 20
4445 4449 2 4 17 O 20
4448 4449 2 2 6 O 20
4601 253 1 6 30 M 20
4452 4453 2 11 61 O 20
4454 4600 2 4 18 O 10
4455 4456 2 6 31 O 10
1132 4614 1 7 34 O 20
4613 1132 1 4 21 O 10
4206 2493 2 14 73 O 30
2493 1410 2 15 79 O 30
1410 2494 2 15 80 M 10
2494 2495 2 15 79 O 10
3910 2492 2 2 9 O 30
2492 4206 2 2 8 O 20
4457 4458 2 5 25 O 10
380 4459 2 8 39 O 30
380 4460 2 12 62 O 30
4461 4462 2 16 85 O 10
4460 4459 2 4 22 M 20
4459 4462 2 4 19 O 10
4624 5197 2 3 15 O 30
4463 4464 2 5 25 O 10
4463 4621 2 11 57 O 20
4465 4466 2 6 31 O 30
4467 4465 2 7 38 O 10
4466 4622 2 4 20 O 20
4468 4469 2 7 35 O 20
4469 4631 2 10 55 O 30
4629 4470 2 7 36 O 30
4471 4472 2 4 21 O 10
4473 4472 2 4 22 O 30
4473 4474 1 5 22 O 30
4472 4475 1 3 15 M 10
4475 4476 1 4 18 O 20
4477 4478 2 15 80 O 20
4479 4480 2 9 50 M 10
4481 4480 2 3 12 O 30
4479 4482 2 3 12 M 20
4483 4484 2 3 15 O 20
4313 4486 2 8 40 O 20
4487 4314 2 7 36 M 10
4488 4487 2 7 36 M 20
4486 4488 2 2 8 O 10
4489 4490 2 8 39 O 30
4646 4491 2 10 54 O 10
4492 4493 2 11 58 O 30
4647 4493 2 4 21 O 30
4494 4495 2 6 29 O 20
4496 4649 2 11 56 M 20
4496 4497 2 4 19 O 10
4498 1680 2 25 138 M 10
4663 4499 2 2 10 M 10
4664 5275 2 3 14 O 20
4665 4501 2 16 84 O 20
4501 4500 2 10 54 O 30
4502 4503 2 9 50 M 30
4504 4673 1 17 90 M 20
4505 4507 1 9 47 O 20
5094 5099 2 9 48 O 20
4510 4511 2 7 34 M 20
4511 4509 2 15 82 M 20
4509 922 2 8 40 O 20
4509 5495 2 5 22 O 30
5495 4511 2 5 22 O 20
4208 4218 1 5 0 C 0
4218 4548 1 6 0 C 0
4542 5396 1 7 0 C 0
3479 2318 1 3 12 O 10
4211 4547 1 4 18 O 30
4212 4207 1 8 44 O 30
4207 4211 1 9 46 O 20
4213 4400 1 5 23 O 30
4400 4545 1 5 24 M 30
1261 4546 1 9 45 O 30
4562 4561 1 8 40 O 30
4216 4215 1 7 37 O 30
4215 4214 1 12 64 O 10
3797 3796 2 4 18 M 30
3796 4579 2 9 46 O 30
4583 2870 2 45 245 O 20
2870 4886 2 40 220 O 30
4886 2148 2 5 27 O 10
1835 5253 2 3 11 O 20
5253 4587 2 9 45 M 20
4588 5336 2 2 8 O 20
5336 4587 2 4 21 M 10
3792 4589 2 10 54 O 10
4586 4596 2 8 43 M 30
4596 4590 2 9 47 O 10
4599 4600 2 6 33 O 10
4600 4601 2 5 24 M 30
4608 666 2 5 22 M 20
666 4611 2 2 11 O 10
4611 4609 2 4 18 O 20
4610 4611 2 7 35 M 20
4611 667 2 5 27 O 30
667 666 2 3 15 O 30
4612 900 1 3 12 O 30
4636 4638 2 2 10 O 10
4638 4474 2 9 46 M 20
4474 4478 2 1 2 O 20
4478 4471 2 5 24 O 30
4471 2501 2 14 76 O 10
4637 3473 2 4 18 O 30
3473 2616 2 6 32 M 20
2616 4477 2 7 34 O 30
4477 2526 2 18 99 O 10
2526 2286 2 13 71 O 10
2286 4056 2 3 14 O 30
4485 4607 2 4 19 M 30
4607 5138 2 7 36 O 10
5138 4222 2 6 28 M 10
4222 2018 2 12 66 O 30
2018 88 2 20 107 M 20
88 2019 2 4 19 O 10
2019 2020 2 12 63 O 20
3472 3471 2 11 57 M 10
4645 3472 2 6 30 O 30
4645 3470 2 4 19 O 10
1680 2445 2 19 104 O 10
2445 2446 2 25 134 O 20
2446 3466 2 10 51 M 30
2256 3513 2 14 75 M 30
3513 3499 2 16 85 O 20
3499 572 2 4 19 O 20
572 569 2 6 29 O 10
569 208 2 4 21 M 20
208 2444 2 23 123 O 20
2444 698 2 12 63 M 30
698 695 2 12 66 O 20
695 509 2 14 74 O 20
509 1806 2 7 38 O 20
1806 4313 2 11 59 O 20
4313 5319 2 3 12 O 30
5319 3108 2 6 32 O 30
3108 2809 2 21 114 O 20
2809 2017 2 15 83 O 10
2017 3001 2 14 74 M 10
3001 5179 2 9 50 O 30
5179 3126 2 10 54 M 20
3126 2500 2 17 90 O 10
2500 1592 2 19 103 M 30
1592 3127 2 19 105 O 10
3127 1716 2 15 82 O 30
1716 3091 2 16 84 O 20
3091 2775 2 15 80 M 30
2775 3128 2 15 79 O 10
3128 2967 2 15 79 M 30
2967 2353 2 15 79 M 20
2353 1630 2 15 79 O 20
1630 2513 2 15 79 M 10
2513 1952 2 15 79 O 20
1952 1581 2 15 79 O 20
1581 2104 2 15 79 O 20
2104 3129 2 15 79 O 10
3129 2933 2 15 79 O 30
2933 2305 2 15 79 M 20
2305 3130 2 15 79 O 30
3130 2634 2 15 79 O 10
2634 1939 2 15 79 O 10
1939 2813 2 15 79 M 30
2813 2871 2 15 79 O 10
2871 3097 2 15 79 M 20
3097 3006 2 15 81 O 30
3006 3131 2 15 81 O 30
3131 3079 2 15 79 M 20
3079 1903 2 26 142 O 10
2256 4660 2 27 146 O 10
4661 4247 2 8 41 O 20
4247 77 2 9 47 O 10
77 1679 2 13 70 O 10
4662 3158 1 8 44 M 20
5103 4666 1 2 8 M 10
4666 4665 1 7 37 O 30
4665 4664 1 10 55 O 20
4664 5400 1 4 17 O 30
4670 4663 1 10 52 O 10
4663 4662 1 18 97 O 20
4653 5312 1 5 23 O 20
902 412 1 17 92 O 10
412 3116 1 9 45 O 30
3116 903 1 12 64 O 10
4675 4674 1 5 24 O 30
201 4686 1 9 46 O 10
4687 4685 2 8 43 O 20
4688 4687 2 4 18 O 10
4686 3777 1 4 17 O 30
3930 2247 2 11 57 M 20
2247 2155 2 15 82 O 20
4691 5483 2 11 58 O 10
5483 4690 2 2 10 O 10
4690 4692 2 15 81 M 20
4178 4181 2 4 18 O 20
4181 4179 2 5 23 O 20
4704 4705 2 6 31 O 10
4706 4707 2 8 39 O 10
4707 4705 2 5 24 O 20
103 102 2 6 29 O 20
102 4708 2 6 28 O 30
1265 889 1 11 59 O 20
4711 3785 2 15 79 O 20
3785 4709 2 6 31 O 30
4710 4711 2 10 54 O 30
1129 4710 2 4 21 O 10
2888 2313 2 12 66 O 10
2313 3339 2 2 7 O 20
3339 2889 2 14 73 M 20
2889 2890 2 15 79 M 20
885 4714 1 7 37 O 20
4714 2483 1 9 45 O 30
3338 3335 2 7 35 O 20
3787 658 2 4 18 M 30
658 4720 2 3 16 M 30
4722 4723 2 4 21 M 10
4724 4732 2 4 17 O 20
4732 4733 2 8 39 M 20
4733 4725 2 5 25 O 10
4726 4727 2 5 27 O 30
4728 4729 2 4 17 O 20
4730 4724 2 11 58 M 20
4731 4732 2 11 58 O 10
4730 4731 2 3 17 O 20
3632 4727 2 4 19 M 30
4727 4729 2 3 13 M 20
4729 4733 2 5 26 M 30
3633 4725 2 8 42 O 20
5080 625 2 5 24 O 20
625 5078 2 10 55 O 20
5078 4734 2 9 48 O 30
4734 5079 2 1 2 O 20
5079 374 2 5 27 M 10
374 5202 2 3 12 O 30
1127 4735 2 23 127 O 30
4735 175 2 18 97 O 30
175 172 2 2 8 O 10
172 4736 2 2 9 O 20
4737 4738 2 21 114 O 30
4738 615 2 28 155 O 30
4739 4743 2 19 101 O 30
4743 4738 2 3 15 O 30
4740 4741 2 15 82 M 30
4742 4741 2 9 48 M 10
4741 4743 2 6 28 O 20
4744 4739 2 10 52 O 20
4739 4740 2 4 20 O 20
1205 4744 2 6 30 O 20
3634 4749 2 3 14 O 10
4749 4746 2 9 47 O 10
4747 4748 2 12 62 O 30
4749 4747 2 4 17 O 10
372 4760 1 20 111 O 30
4760 4762 1 6 0 C 0
4762 4124 1 1 0 C 0
4124 5434 1 15 0 C 0
2035 1294 2 3 0 C 0
3422 3423 2 10 55 M 20
4751 4752 2 11 60 O 20
4753 3657 2 7 34 O 30
4753 3658 2 4 18 M 10
4235 4236 2 14 75 O 30
4754 4755 2 8 39 O 20
4756 4757 2 7 37 M 10
4758 4759 2 7 36 O 20
4759 2218 2 4 17 O 30
4758 4756 2 3 16 O 20
4756 4754 2 3 14 O 30
4755 4757 2 3 14 O 30
4757 4759 2 4 21 O 10
1490 1491 2 33 183 O 20
1491 1436 2 7 38 O 30
1490 1970 2 23 125 O 20
1970 1971 2 17 92 O 10
1971 1972 2 18 96 O 20
4760 4761 1 28 0 C 0
4761 4123 2 16 84 O 20
4763 4764 2 5 23 M 10
4765 4768 2 4 17 O 20
4768 4766 2 3 13 O 30
4766 4767 2 9 47 M 10
4768 4769 2 9 47 M 10
4769 4767 2 3 13 O 30
4766 4772 2 8 44 O 20
4772 4770 2 11 56 O 30
4771 584 2 11 56 O 30
4771 4772 2 3 14 O 10
4773 4774 2 15 79 O 30
4777 4775 2 7 34 O 30
3493 4779 2 11 56 O 20
4780 4781 2 6 33 M 30
4782 4783 1 4 21 O 20
4779 4782 1 5 23 M 30
4783 4780 2 2 7 M 20
4784 4785 2 5 27 O 30
4196 4786 2 3 13 O 20
4786 4784 2 2 7 O 30
4787 4788 2 9 46 O 30
4788 4789 2 8 42 M 10
1804 1805 2 23 126 M 20
1805 1782 2 27 150 O 30
1782 4250 2 12 64 M 10
4250 1806 2 11 56 O 30
1806 4490 2 17 92 M 10
4490 4642 2 8 40 M 30
4790 489 2 16 84 O 20
1890 4792 2 3 11 O 30
4792 4791 2 7 35 O 20
4791 642 2 13 70 O 10
642 4790 2 14 73 O 10
4791 8 2 20 108 O 30
8 4793 2 11 58 O 30
4793 4792 2 12 65 O 20
4793 1055 2 2 10 M 20
3665 4794 2 5 23 O 10
4794 3664 2 8 41 O 10
4795 4796 2 5 25 M 10
4796 4800 2 10 54 O 10
4798 4799 2 21 115 M 20
3672 3674 1 4 19 M 20
4800 4801 2 16 88 M 10
4797 3669 2 1 5 M 10
3669 3668 2 4 17 O 30
3668 3667 2 3 15 O 20
3667 3671 2 5 27 O 10
3671 3673 2 4 22 O 20
4805 4804 2 4 17 O 20
4804 4803 2 4 19 O 20
4803 4802 2 3 16 O 10
4802 4798 2 2 8 O 10
360 361 2 3 14 O 20
4806 361 2 1 4 O 20
361 4798 2 5 23 O 30
4807 3676 2 6 33 O 10
3676 3678 2 6 31 O 30
3678 4808 2 9 47 O 30
3677 4809 2 4 19 O 30
4808 4809 2 3 12 O 10
4810 3456 2 8 40 O 20
3456 3457 2 7 39 O 10
4810 3458 2 8 44 O 10
3458 4811 2 7 34 O 10
4811 3011 2 2 10 M 20
2572 4812 2 14 78 O 20
4813 4814 1 25 134 O 10
4092 4815 1 12 64 O 30
4816 4093 1 12 62 M 10
4815 4816 2 3 15 M 10
4817 4818 2 7 35 O 30
4817 5083 2 3 12 M 30
4823 1225 2 11 59 O 30
1222 4820 2 6 30 M 10
4821 1225 2 6 29 O 30
4822 1222 2 10 50 M 20
4822 1219 2 5 23 O 10
1219 4823 2 5 24 O 10
4820 1223 2 1 4 O 30
1223 4821 2 1 5 O 30
4824 4823 1 10 52 M 20
4823 4825 1 8 40 O 30
4827 2975 2 18 97 O 20
2975 1761 2 15 80 O 10
4828 4831 2 5 23 M 20
4831 4829 2 5 25 M 20
4829 4830 2 5 27 O 20
4831 4832 2 5 25 O 20
4833 4834 1 3 13 O 30
4834 3665 1 10 54 O 30
3665 5367 1 37 202 O 20
4836 4176 1 14 74 O 20
4837 3279 2 20 109 M 30
3281 4837 2 7 37 O 10
3329 4838 2 24 129 O 10
4839 4842 2 8 41 O 30
4842 4840 2 3 15 O 20
4841 4842 2 5 22 O 30
4843 4844 2 13 68 O 10
4845 4846 2 12 65 O 10
4847 4848 2 4 19 O 30
4848 4843 2 2 11 O 30
4848 4845 2 2 10 M 20
4846 4849 2 3 15 O 20
4849 4844 2 2 6 O 20
1865 4078 2 22 118 O 30
4078 3885 2 4 19 O 30
3885 3566 2 7 36 O 30
1865 2416 2 28 154 O 30
2416 1593 2 21 115 O 20
1593 2417 2 28 155 O 20
4849 4850 2 22 119 O 30
4851 4852 2 17 93 M 30
4853 4851 2 9 47 M 20
4855 3555 2 10 54 O 30
3555 5496 2 2 8 O 10
5496 3556 2 2 8 O 20
3556 2250 2 10 50 O 20
2250 2979 2 14 77 O 10
2979 3164 2 14 77 O 20
3164 3095 2 14 77 O 30
3095 2381 2 14 77 O 10
2381 2438 2 22 119 M 30
2438 2768 2 25 135 O 30
2768 3165 2 15 79 O 30
3165 2970 2 15 79 M 20
2970 2350 2 15 79 O 30
2350 1621 2 15 79 O 30
1621 484 2 14 73 M 10
4855 3137 2 3 12 O 10
3137 4856 2 3 11 O 30
4858 4857 1 9 49 O 30
4859 4860 2 10 55 O 10
3878 4861 2 6 31 O 30
4859 4857 2 3 15 M 30
4858 4861 2 3 16 O 30
4860 4861 2 2 10 M 10
4862 4863 2 11 59 O 30
4865 4864 2 11 57 O 10
4865 4866 2 10 54 O 30
4866 4867 2 8 44 M 20
4864 4867 2 4 19 O 20
3043 4065 2 12 65 O 20
4065 4067 2 4 20 M 30
4067 2626 2 2 8 O 10
2626 3878 2 7 37 M 20
3878 1913 2 7 37 O 30
1913 4070 2 2 9 O 20
4070 3876 2 4 19 O 10
3876 1507 2 9 46 O 10
1507 4853 2 2 9 O 20
4853 1866 2 18 100 M 20
3043 5390 2 13 70 O 10
5390 760 2 1 3 O 20
760 2264 2 11 59 O 10
2264 4085 2 4 18 M 10
4085 4088 2 13 69 O 20
4088 4090 2 5 25 M 20
4090 3044 2 8 43 O 20
3044 3532 2 4 20 O 10
3532 3534 2 18 99 O 30
3534 3536 2 5 23 M 10
3536 2427 2 16 85 O 20
1756 325 2 5 22 O 20
325 4870 2 8 39 O 20
4870 4871 2 6 33 O 10
4872 4873 2 6 32 O 30
4871 4872 2 2 7 M 20
3454 3451 2 7 35 O 10
4868 3450 2 5 25 O 30
3450 4869 2 9 46 O 10
4875 4874 1 15 78 O 20
4879 2467 2 3 16 M 30
2467 4752 2 11 60 O 10
4752 2466 2 7 37 O 20
3545 4881 2 7 37 O 20
4881 4877 2 6 32 O 10
4878 4880 2 6 31 M 30
4877 4880 2 4 20 M 10
4881 4878 2 4 20 O 10
3532 692 2 3 14 O 30
692 694 2 6 31 O 10
694 693 2 4 20 M 20
693 692 2 2 10 O 10
3117 518 2 12 62 O 20
518 3118 2 4 22 M 30
4882 2764 1 16 88 M 20
4882 3041 2 15 79 O 20
3041 2969 2 15 79 O 20
3816 4882 2 5 25 O 30
3571 4883 2 8 44 M 30
4775 4776 2 6 33 M 30
3931 2246 2 3 12 O 30
2246 3930 2 3 13 O 10
3929 1386 2 37 203 O 10
3928 1385 2 3 13 O 20
1385 3929 2 2 11 O 30
3927 2387 2 3 11 M 20
2387 3926 2 3 13 O 10
3926 2154 2 22 121 O 20
2154 2896 2 28 154 O 20
2896 2895 2 15 82 M 20
4884 4885 2 8 44 O 20
4886 4884 2 8 40 O 30
983 5005 2 18 99 M 30
5214 4516 2 9 47 O 30
4516 4377 2 9 45 M 10
4377 4378 2 9 48 O 30
4378 4379 2 21 115 O 10
4379 4380 2 9 49 O 10
4380 4381 2 21 117 O 30
4381 4527 2 43 236 O 30
4527 4382 2 13 70 O 10
4382 4383 2 30 162 O 30
4383 4384 2 16 84 O 30
4384 4385 2 12 62 O 30
4385 2784 2 8 41 O 30
4887 4888 1 11 57 M 10
4890 4374 1 4 20 O 20
4891 4892 2 10 52 O 10
4893 4894 2 9 48 O 30
4895 5258 2 18 95 O 30
5258 4896 2 2 10 O 10
4897 4898 2 12 63 M 20
1670 2231 2 35 189 O 10
2231 3918 2 2 11 O 30
4899 4900 2 7 37 O 20
5273 4902 2 4 17 O 10
4099 4903 2 2 9 M 10
4907 4908 2 8 40 O 30
4907 3732 2 3 16 O 10
3733 4908 2 4 18 O 20
4908 3731 2 3 16 O 30
3731 4909 2 8 43 O 10
3732 3729 2 6 33 O 20
3729 4910 2 5 24 O 30
4910 4909 2 2 6 O 10
4922 4911 2 8 43 O 20
4912 4913 2 8 43 M 10
4911 4913 2 4 18 M 30
4913 4946 2 3 12 O 10
4946 4914 2 10 50 O 30
4914 1099 2 4 20 O 30
1099 1096 2 4 18 O 30
1096 1094 2 3 17 O 30
1094 4915 2 4 18 O 10
4916 4918 2 5 27 O 30
4918 4917 2 5 25 M 20
4919 4920 2 5 27 O 10
4921 4923 2 5 25 M 20
4923 4924 2 3 12 M 20
4924 4927 2 2 6 O 20
4927 4915 2 2 8 M 10
4922 4912 2 4 18 O 30
4916 4919 2 3 15 O 30
4917 4923 2 4 19 O 10
4924 4925 1 8 43 M 30
4926 4927 1 8 43 O 20
1095 4929 2 20 107 M 10
4929 4930 2 14 74 O 20
4930 4928 2 2 7 O 10
1104 4947 2 4 18 O 20
4947 4948 2 4 19 O 30
4948 4929 2 4 19 O 30
1101 4930 2 4 18 O 20
4931 4932 2 16 86 O 30
4932 3761 2 4 18 M 30
3761 1107 2 4 18 O 30
4931 3762 2 4 17 M 10
3762 1105 2 4 20 O 30
4933 1106 2 4 21 O 30
1106 1103 2 4 21 O 30
1103 4934 2 6 29 O 30
4934 4935 2 3 16 O 10
3906 4936 2 3 12 M 10
4936 4937 2 3 16 O 10
4937 4938 2 5 25 O 30
4939 4940 2 13 71 M 20
4941 4942 2 13 68 M 10
4940 4942 2 6 31 O 10
4939 4938 2 3 14 O 20
4938 4941 2 3 15 O 20
4943 4944 2 4 19 M 10
4944 4945 2 3 13 O 10
4949 4950 2 3 12 O 10
4950 4951 2 8 44 M 20
4951 4952 2 3 15 O 10
1910 1908 1 9 49 M 30
1908 1911 1 11 61 M 20
1911 1912 1 17 89 O 20
4954 4955 2 3 16 O 30
4956 4957 2 4 17 O 20
2882 2516 1 15 0 C 0
4958 4959 2 3 0 C 0
4959 942 2 18 0 C 0
1026 228 2 6 0 C 0
228 4961 2 6 33 M 10
1025 4961 2 4 17 M 20
1047 4964 2 4 20 O 30
4964 1048 2 4 18 O 30
1048 1050 2 4 20 O 20
1050 4962 2 1 1 O 30
4963 4964 2 14 74 O 10
4965 4966 2 12 62 O 30
4962 4966 2 4 20 O 20
4963 1049 2 5 23 O 30
1049 1051 2 4 22 O 10
1051 4965 2 5 27 O 10
4967 4971 2 3 13 M 20
4971 4974 2 4 19 O 20
4974 4972 2 3 15 O 10
4968 4969 2 3 14 O 20
4970 3643 2 2 7 O 20
3643 3642 2 4 17 M 20
3642 4971 2 3 17 O 10
4972 3638 2 3 16 O 10
3638 1478 2 3 12 M 30
4967 3639 2 4 18 O 30
3639 4973 2 2 11 O 30
4968 4970 2 2 9 O 30
4969 3640 2 3 16 M 30
3640 3641 2 4 17 O 30
3641 4974 2 3 17 M 20
4978 4975 2 7 35 O 30
4976 4977 2 3 15 O 20
4977 3647 2 3 15 O 20
3647 3650 2 4 18 O 30
3650 3649 2 3 16 O 10
3649 4975 2 3 16 O 10
4978 4980 2 9 46 M 10
4980 3645 2 2 11 O 10
3645 4979 2 5 25 O 10
4976 3646 2 4 21 O 10
3646 3648 2 4 19 O 10
3648 3651 2 4 18 M 10
3651 4978 2 4 17 O 30
3652 4980 2 5 25 O 20
1232 1230 2 40 219 O 10
1415 1230 2 4 20 O 10
4981 1231 2 4 20 O 20
1231 1230 2 4 20 M 30
1233 4982 2 4 20 O 10
4982 1232 2 4 18 O 10
3369 3957 2 10 55 O 20
4983 799 2 4 21 M 10
59 5458 2 13 72 O 30
5458 1046 2 13 67 O 30
3360 4274 2 6 29 O 10
4274 411 1 5 23 O 10
4988 4989 2 4 17 O 20
4988 4990 2 6 31 O 20
3190 3191 1 22 117 O 20
3190 4991 2 8 0 C 0
2823 2080 1 28 0 C 0
2821 2822 1 20 0 C 0
2822 2823 1 18 0 C 0
4888 4890 2 2 6 O 10
2065 4889 2 6 29 M 20
3682 5008 2 3 17 M 30
5006 5007 2 4 22 O 30
5007 3681 2 3 16 O 20
3681 5008 2 10 54 O 10
5009 5014 2 2 6 M 10
5014 5011 2 12 61 O 30
5011 5010 2 3 11 M 20
5011 5012 2 3 15 O 10
5012 5013 2 6 30 O 20
5014 5015 2 3 11 O 20
5015 5016 2 5 27 O 30
5016 5013 2 2 6 M 20
5017 5010 2 5 25 O 30
5017 5020 2 8 44 M 20
5020 5018 2 2 6 O 10
5416 5417 2 9 49 O 10
5417 5019 2 7 34 O 30
5019 5416 2 3 15 O 30
5416 5020 2 13 67 O 20
5021 5022 2 7 35 O 20
5022 5029 2 3 12 M 10
5029 5009 2 2 6 O 30
5023 5024 2 3 12 O 10
5024 5025 2 3 14 O 10
5025 5026 2 3 16 M 20
5027 5021 2 3 14 O 20
5027 5026 2 2 7 O 30
5028 5029 2 4 18 O 30
5018 5030 2 14 77 O 10
5031 4289 2 12 66 O 20
4289 4284 2 3 15 O 20
4284 4290 2 16 87 O 30
4290 4283 2 25 138 O 20
4283 4282 2 15 82 M 10
4282 4291 2 12 65 O 20
4277 4278 2 59 323 M 30
4278 4279 2 12 66 M 20
4279 4060 2 33 181 M 20
4060 4280 2 22 119 O 10
4280 4281 2 3 12 M 20
4281 4139 2 15 80 O 10
4139 4134 2 15 79 M 20
4134 4160 2 2 6 O 30
5032 5033 2 5 25 O 20
910 1399 1 10 0 C 0
1399 3419 1 4 0 C 0
3419 772 1 6 0 C 0
772 1400 1 4 0 C 0
3408 3409 2 16 85 O 30
3416 3415 2 16 87 O 30
4594 4595 2 16 84 O 20
4595 766 2 11 57 O 10
1348 1356 1 40 0 C 0
1356 1332 1 37 0 C 0
1116 5038 2 1 2 O 10
5038 1664 2 7 37 O 30
1664 1114 2 8 40 O 30
1114 3103 2 8 40 O 10
3103 2055 2 15 80 O 20
2055 2368 2 15 80 O 30
2368 3273 2 7 36 O 10
3273 2832 2 8 41 O 20
5038 5039 2 39 212 O 20
1119 5040 2 1 4 O 20
5040 3104 2 7 37 M 30
3104 1111 2 6 33 O 20
1111 2056 2 9 46 O 20
2056 2369 2 15 79 O 20
2369 3271 2 8 41 M 10
3271 2833 2 7 36 O 10
5040 1118 2 26 144 M 20
1073 3863 1 8 43 O 20
3863 5497 1 6 29 O 20
5497 3862 1 6 29 O 20
3862 1072 1 8 39 O 20
3861 1073 1 24 0 C 0
1062 1066 2 17 89 O 20
1063 1062 2 9 0 C 0
1440 5043 2 3 12 O 20
5043 5044 2 39 211 O 20
5045 5046 2 15 81 M 10
5047 5048 2 15 80 O 20
5049 5050 2 15 79 O 30
534 5054 2 34 189 O 10
5055 532 2 24 131 O 10
532 5056 2 2 7 O 30
5056 5057 2 19 102 M 20
5058 5059 2 35 193 O 30
5060 5061 2 15 79 O 30
5063 1544 2 12 61 M 10
4267 5067 2 24 129 O 30
5069 5072 2 21 115 O 30
5072 5070 2 14 77 M 20
5071 5072 2 7 35 M 20
5073 5074 2 8 43 O 30
5075 5076 2 16 85 O 10
2424 2954 2 16 0 C 0
4362 4361 2 11 0 C 0
4361 4876 2 2 0 C 0
4876 800 2 2 0 C 0
379 1594 2 11 59 O 10
1594 3560 2 11 56 O 30
3560 2322 2 4 22 O 20
2322 2157 2 7 39 O 20
3013 3022 2 13 72 M 20
3022 3138 2 15 80 O 30
3138 3016 2 15 78 O 30
3016 810 2 15 79 M 30
810 809 2 6 31 M 10
1674 1666 2 3 14 O 20
1666 1118 2 8 43 O 30
1118 3106 2 5 24 M 10
3106 3105 2 3 14 O 30
3105 1110 2 7 33 M 20
1110 2057 2 7 37 M 30
2057 3696 2 13 71 O 20
3696 2370 2 4 18 O 30
5082 4819 2 3 14 M 20
5083 5082 2 2 9 M 20
5085 5084 2 12 62 M 30
5087 5086 2 9 48 O 30
5102 5101 2 14 75 M 30
4365 980 2 3 0 C 0
5107 5106 1 8 43 O 30
5117 5115 2 6 32 M 30
5116 5272 2 2 8 O 10
1412 5120 1 8 43 O 10
5120 5119 1 7 37 O 30
5122 5121 2 7 38 M 10
5124 5123 2 9 47 O 20
5126 5125 1 6 32 O 10
5128 5127 1 6 30 O 20
3357 1824 2 12 62 O 30
489 490 2 2 7 O 30
490 5132 2 22 121 O 30
5132 5133 2 16 89 O 30
4658 5327 1 6 30 M 30
4659 4672 1 14 75 O 20
901 4668 1 3 14 M 10
4672 4506 2 3 17 O 20
4673 1496 2 6 28 O 10
1496 3661 2 12 64 M 30
3661 107 2 4 20 O 30
107 5117 2 1 4 M 10
5117 1497 2 2 6 O 20
1497 5115 2 2 6 O 10
5115 1498 2 11 60 O 30
4673 4505 1 1 3 O 30
4506 4671 2 1 4 M 30
902 4672 2 3 11 O 20
1157 409 1 3 0 C 0
5137 5138 2 31 172 M 30
959 4678 2 2 0 C 0
802 4680 2 2 0 C 0
4683 4684 2 31 0 C 0
4684 4682 2 2 0 C 0
4682 4681 2 17 0 C 0
4681 4677 2 5 0 C 0
4680 4679 2 2 0 C 0
1834 2916 1 23 127 O 30
3908 5140 2 9 45 O 30
4009 4010 2 8 44 O 30
4010 4011 2 5 26 M 10
5141 4007 2 2 9 O 20
1676 5142 2 33 182 M 10
5144 5143 2 4 17 O 10
5143 5145 2 13 70 M 10
5145 5146 2 3 16 M 10
5142 5145 2 1 3 O 30
5145 5498 2 4 20 O 30
5498 5143 2 4 20 O 30
5144 5146 2 8 40 O 30
5146 5147 2 5 23 O 20
5148 347 1 3 12 O 30
348 5149 1 3 12 O 10
3139 589 2 7 35 O 20
482 3139 2 8 41 O 20
2226 5150 2 21 116 O 10
4854 798 1 12 66 O 30
5151 5152 2 12 62 O 10
5153 5154 2 11 58 M 10
5155 5156 2 8 42 M 10
5179 5157 2 9 50 O 10
5159 5158 2 12 61 O 30
5160 5161 2 5 28 O 30
5161 5162 2 2 8 O 20
5162 5163 2 9 48 O 30
5164 5165 2 9 49 O 10
5166 5167 2 7 37 M 30
2288 1784 1 28 156 O 20
1829 1830 1 15 79 O 30
1830 1615 1 15 79 O 20
5169 1828 2 6 29 M 20
335 44 2 14 76 O 10
5171 5172 1 10 54 M 20
5173 5174 2 5 27 O 30
5177 715 2 16 88 M 30
5180 5181 2 4 17 O 30
5181 5182 2 4 21 O 30
5182 211 2 10 50 O 10
211 5183 2 3 12 M 10
5198 5199 2 11 58 O 10
3354 972 1 10 51 M 10
3354 3358 2 3 12 O 30
2084 5203 1 6 0 C 0
1242 4585 2 2 7 O 30
3889 5208 2 8 42 O 10
4660 4653 1 4 17 O 10
4660 4670 2 4 21 O 20
4670 4661 2 2 11 M 30
4669 4670 1 4 17 O 20
5209 4433 2 6 30 O 10
5210 5209 2 2 9 O 20
4697 4700 1 5 26 M 30
4701 138 2 4 22 M 20
138 4699 2 4 20 O 10
4699 4698 2 12 63 O 20
4359 4360 1 3 0 C 0
2731 2730 2 15 0 C 0
2730 1506 2 17 0 C 0
5215 5219 2 2 9 O 30
5219 5221 2 3 11 O 30
5221 5223 2 2 11 O 10
5223 5216 2 2 9 O 30
5217 5218 2 6 29 O 30
5219 5225 2 1 4 O 20
5221 5227 2 1 5 O 30
5223 5230 2 1 5 O 30
5225 5226 2 2 8 O 30
5226 5220 2 1 3 M 30
5227 5228 2 2 8 O 20
5228 5222 2 1 3 O 20
5229 5224 2 1 3 O 10
5230 5229 2 2 8 O 30
768 4350 2 5 0 C 0
238 4349 2 4 0 C 0
4349 2242 2 8 0 C 0
4656 629 1 5 23 O 20
629 4674 1 1 5 O 10
4674 632 1 3 11 O 30
632 4657 1 11 58 M 20
4657 4658 1 12 66 M 20
4668 4667 1 13 67 O 30
4667 5102 1 6 31 O 20
2276 2063 2 14 0 C 0
5233 5395 2 9 48 O 20
4700 4701 2 3 15 M 10
4701 139 1 9 50 M 20
139 4696 1 2 9 O 30
4703 4702 1 5 0 C 0
4702 680 1 8 0 C 0
680 1272 1 4 0 C 0
1563 4370 2 16 0 C 0
4372 3809 2 16 0 C 0
3809 1563 2 3 0 C 0
1226 796 1 6 30 O 10
2598 1226 1 1 5 O 30
4616 4603 2 2 7 M 30
4718 1265 1 3 13 O 10
1904 4719 2 6 33 O 10
4719 4718 2 4 19 O 30
2589 2882 1 48 0 C 0
4545 3147 2 8 44 O 20
4547 2318 2 3 15 M 30
4547 4541 1 9 47 O 10
2318 4543 1 4 21 O 30
4543 1263 1 2 6 O 10
5005 4888 2 4 22 O 30
1955 4887 1 2 9 O 20
4506 4507 1 9 48 O 10
2085 2091 1 3 14 O 20
3947 2088 1 5 25 O 20
3909 2083 1 5 25 M 20
2090 2085 1 3 12 O 10
2095 750 1 2 10 O 20
4451 4599 2 3 13 O 30
4601 4602 2 3 16 O 10
4450 3156 1 3 13 O 20
2531 4347 2 4 0 C 0
5235 543 2 9 50 M 20
5242 5236 2 12 64 O 10
5238 5240 2 5 24 O 20
5240 5239 2 13 71 O 10
5240 5241 2 4 18 O 20
2514 4616 2 9 49 O 10
4340 1341 2 22 0 C 0
1341 1342 2 23 0 C 0
1342 417 2 4 0 C 0
417 416 2 7 0 C 0
416 1343 2 17 0 C 0
1343 1326 2 16 0 C 0
1326 1165 2 11 0 C 0
4341 4340 2 4 0 C 0
4341 4342 1 2 0 C 0
4338 5429 2 5 0 C 0
4343 3604 2 3 0 C 0
5429 2167 2 4 0 C 0
4348 1354 2 18 0 C 0
4360 3211 1 3 0 C 0
3211 4355 1 31 0 C 0
4355 5213 1 32 0 C 0
5213 4357 1 14 0 C 0
2201 964 1 3 0 C 0
4819 2610 2 8 40 O 20
5243 5244 2 4 19 O 10
2998 4632 2 7 35 O 20
3359 4983 2 3 12 O 30
4835 799 1 4 21 O 10
4835 3020 1 8 41 O 10
3020 1760 1 15 80 O 10
1760 1656 1 15 79 O 10
1656 3021 1 15 78 M 30
3021 2050 1 14 77 O 30
2050 2363 1 14 76 O 10
4351 2199 2 6 0 C 0
4352 4356 2 5 0 C 0
4995 4993 1 2 11 O 20
4995 3392 1 16 86 O 20
3392 22 1 6 33 M 10
22 21 1 4 20 O 10
21 3396 1 4 20 M 30
3396 1321 1 3 15 O 30
4993 1174 1 5 27 O 30
4197 1313 1 11 0 C 0
5246 5247 2 7 35 M 20
5248 5249 2 10 50 O 20
5251 5252 2 15 80 M 30
5252 444 2 15 79 M 10
5253 5254 2 18 96 O 20
5254 5255 2 3 12 O 30
5254 5256 2 9 48 M 30
4896 5257 1 4 20 O 10
5257 5258 1 16 84 O 30
5264 5263 1 4 0 C 0
5265 5266 2 7 37 M 20
5267 5268 2 7 36 M 30
2310 5270 1 28 151 M 10
5270 5269 1 29 159 O 30
2309 1800 1 29 159 O 30
1800 2310 1 28 152 M 20
4163 778 1 3 0 C 0
4901 5273 2 5 26 O 10
4073 5274 2 4 20 O 20
5275 4500 2 13 72 M 10
5135 4051 1 4 22 O 20
5001 4062 1 6 0 C 0
4062 3718 1 11 0 C 0
3718 1256 1 14 0 C 0
827 826 1 23 0 C 0
5276 5277 2 11 60 O 20
5278 5279 2 9 46 O 10
5280 5281 2 18 98 M 20
5282 5283 1 13 71 O 10
5283 5284 1 14 75 M 10
5285 5286 2 22 120 O 20
1882 2413 1 12 65 M 30
5287 4633 1 5 22 O 10
4476 5287 1 2 11 M 30
1724 1434 1 6 0 C 0
4540 4539 1 3 0 C 0
4539 1724 1 25 0 C 0
3483 5290 2 1 5 O 20
3483 5289 2 1 1 O 30
3487 5288 2 1 3 O 30
3486 5289 2 1 1 O 20
3484 5290 2 1 4 M 20
4603 4617 2 7 39 O 30
4648 4492 2 3 13 M 30
4492 688 2 5 24 O 30
688 1680 2 14 72 O 10
2444 4495 2 15 79 O 30
4495 3469 2 1 5 M 20
3469 4652 2 9 48 M 10
4652 4648 2 2 9 M 20
1553 3599 2 17 0 C 0
3599 1554 2 3 0 C 0
1554 1555 2 6 0 C 0
1555 1556 2 20 0 C 0
2503 1737 1 48 262 O 10
1621 493 1 6 28 O 10
493 1622 1 29 158 O 20
1620 496 1 38 207 O 10
496 1621 1 6 31 O 20
5293 5294 1 9 46 O 30
5295 5296 2 3 16 O 30
5297 5298 2 6 31 M 10
5300 5301 2 4 19 M 20
5301 5302 2 3 13 O 30
800 439 2 3 0 C 0
439 2424 2 8 0 C 0
4693 4131 1 4 21 M 10
4694 4693 2 4 21 O 10
4170 5303 2 2 10 O 20
5303 5304 2 7 36 M 30
5304 5305 2 5 27 O 10
5305 5303 2 5 24 M 20
5135 5306 2 14 74 M 30
4016 4017 1 18 0 C 0
1869 5308 1 6 0 C 0
1073 5307 2 14 75 O 20
997 4019 1 49 0 C 0
5308 1868 1 15 0 C 0
5309 5310 2 2 10 O 20
5312 4654 1 3 16 O 30
4654 4655 1 17 92 M 20
4655 4656 1 7 39 O 20
66 62 1 8 44 O 10
3161 4035 1 17 91 O 20
4026 5363 1 45 249 O 20
991 992 1 40 221 O 20
990 991 1 45 245 M 20
992 1481 1 12 66 O 30
5313 1460 1 8 0 C 0
1460 55 1 18 0 C 0
1403 3983 1 1 0 C 0
1179 3637 1 7 0 C 0
3637 1249 1 16 0 C 0
5314 863 1 42 0 C 0
5315 3970 1 1 0 C 0
5316 3222 1 30 166 O 10
3222 2569 1 149 822 O 20
2569 5317 1 17 92 O 10
3377 3993 1 102 0 C 0
3965 3377 1 35 0 C 0
948 947 1 10 0 C 0
926 932 1 41 225 M 20
1483 1001 1 6 0 C 0
3372 4000 1 10 51 O 10
986 987 1 42 0 C 0
70 3365 1 9 49 M 30
1444 70 1 35 192 M 10
4040 975 1 30 166 O 10
975 3212 1 153 848 O 10
3212 3213 1 37 205 O 30
3213 3214 1 193 1071 O 30
1566 57 1 58 321 O 30
5317 1566 1 24 132 O 10
5318 3251 1 36 0 C 0
3251 71 1 84 461 M 10
73 72 1 116 640 O 30
72 4030 1 68 376 O 10
966 590 1 9 49 O 20
590 593 1 33 182 O 20
3371 3969 1 88 0 C 0
862 864 1 33 0 C 0
864 865 1 100 0 C 0
5319 5320 2 7 35 M 10
5321 5322 2 4 21 O 30
61 1409 1 92 511 M 20
4039 52 1 73 0 C 0
5323 931 1 34 0 C 0
5325 207 2 3 11 M 30
5327 5328 2 4 17 O 10
5331 5332 2 4 18 O 30
5332 5333 2 6 30 O 20
5330 5331 2 3 14 O 30
5334 5335 2 5 23 M 10
1848 5336 2 4 17 O 10
5337 5338 2 12 61 M 30
5337 4588 2 12 62 O 30
5036 5037 1 2 9 O 30
5340 5345 1 10 0 C 0
5345 5343 1 8 0 C 0
5343 5344 1 8 0 C 0
5344 5342 1 8 0 C 0
5342 5339 1 8 0 C 0
5339 5346 1 7 0 C 0
5346 5341 1 8 0 C 0
5341 1703 1 15 0 C 0
5340 2722 2 6 0 C 0
2722 1599 2 15 0 C 0
1599 2723 2 15 0 C 0
2093 3947 1 4 22 M 20
5043 5347 2 12 61 O 20
5348 5383 1 8 0 C 0
786 785 1 7 0 C 0
4028 1752 1 15 80 O 10
1409 4028 1 141 780 O 10
3215 3216 1 139 770 M 10
3214 3215 1 69 381 M 30
3224 3223 1 185 1023 O 30
3223 5316 1 15 82 O 30
5349 3224 1 54 295 M 10
1019 775 1 29 0 C 0
365 927 1 54 295 O 30
1904 2585 2 14 77 O 10
2585 2584 2 15 78 O 10
2584 2583 2 14 75 O 10
2583 2582 2 3 13 O 20
2582 2581 2 12 64 O 30
2581 2580 2 4 22 O 20
2580 4190 2 4 19 O 30
4190 5499 2 3 11 O 10
5499 4189 2 3 11 O 30
4189 2579 2 8 43 O 10
984 5359 1 17 0 C 0
1461 5361 1 6 0 C 0
5363 3989 1 6 0 C 0
5362 3989 1 6 0 C 0
3988 5364 1 5 0 C 0
68 69 1 3 17 O 20
4035 69 1 15 81 M 20
3365 3356 1 11 60 O 20
3356 3367 1 9 46 M 10
4984 4034 1 6 28 O 10
1345 1323 2 22 0 C 0
1323 1339 2 20 0 C 0
1338 1345 2 5 0 C 0
2343 5365 1 201 0 C 0
5365 871 1 12 0 C 0
871 875 1 152 844 O 10
875 3230 1 22 120 M 20
801 232 2 4 0 C 0
232 4318 2 19 0 C 0
4318 4319 2 19 0 C 0
4319 1548 2 63 0 C 0
3218 1017 1 82 452 M 30
3217 3218 1 61 334 O 10
5366 1015 1 29 0 C 0
4834 0 1 3 14 O 30
0 3331 1 7 39 O 20
5367 3679 1 7 38 O 30
3679 2595 1 2 11 O 20
2677 2211 1 18 0 C 0
69 4033 1 5 23 M 20
4699 4695 2 2 6 O 30
4131 4701 1 8 39 M 20
3219 3221 1 58 320 O 20
5368 3219 1 14 75 O 20
5372 1204 1 3 0 C 0
1170 5370 1 21 0 C 0
5370 5371 1 19 0 C 0
5371 2451 1 54 299 O 10
1424 3959 2 4 0 C 0
5291 1424 2 5 0 C 0
870 867 1 60 0 C 0
5375 1568 1 19 0 C 0
774 1022 1 15 0 C 0
882 876 1 33 0 C 0
5376 5378 1 25 0 C 0
4119 5377 1 16 0 C 0
5377 5376 1 19 0 C 0
528 4118 1 16 0 C 0
4651 4314 1 10 54 O 20
4314 3108 1 14 77 O 30
4651 5137 2 10 54 M 30
5137 4606 2 19 105 O 10
3953 3706 1 24 0 C 0
3706 3705 1 2 0 C 0
3705 1170 1 16 0 C 0
2770 2915 1 15 81 O 20
5384 999 1 20 0 C 0
5385 1401 1 15 0 C 0
3782 2949 2 5 0 C 0
4221 4865 2 5 23 M 10
5386 5387 2 2 9 O 20
5388 5389 2 10 54 O 20
5390 5391 2 5 24 M 20
5392 2694 1 9 0 C 0
5393 4660 1 9 45 O 30
4357 4116 1 3 0 C 0
4116 4356 1 12 0 C 0
65 4032 1 12 64 M 30
5394 65 1 2 6 O 20
3997 5395 1 3 13 O 30
5212 4195 1 6 0 C 0
5211 1626 1 10 0 C 0
1626 104 1 7 0 C 0
104 2511 1 8 0 C 0
2511 1961 1 15 0 C 0
1961 5441 1 3 0 C 0
2347 5211 1 5 0 C 0
4195 1257 1 5 0 C 0
3826 4251 1 4 19 O 20
4251 4254 1 8 39 M 30
4254 1468 1 6 29 M 30
3827 2842 1 3 13 O 10
3826 3827 1 12 65 M 10
2843 3827 1 11 61 M 10
3439 2521 1 3 11 M 10
5396 3479 1 8 0 C 0
821 3890 1 2 11 M 30
3890 3805 1 3 13 M 20
5397 501 2 2 0 C 0
2562 720 1 9 0 C 0
720 2563 1 29 0 C 0
1394 2564 1 17 0 C 0
5399 1693 1 11 56 O 20
1693 5398 1 6 28 O 20
1262 5399 1 3 15 O 20
5398 4564 1 11 57 M 10
4564 4550 1 2 10 O 10
4550 4549 1 4 17 M 30
4564 4565 1 2 10 O 20
4565 4568 1 2 10 O 20
4568 4569 1 1 3 M 30
4551 4569 1 5 24 O 10
3047 4207 2 2 10 O 20
3047 4544 1 5 26 O 20
4544 1261 1 3 11 M 30
4546 1262 1 6 31 O 20
5327 4659 1 1 5 O 30
5400 4669 1 6 33 O 20
353 3442 1 11 57 O 10
4562 4560 2 2 11 O 10
1264 4562 1 2 7 O 20
3140 1244 1 7 34 O 10
4889 1575 2 2 11 M 10
4374 4889 1 4 18 O 20
4890 2065 2 7 33 O 10
2109 5403 1 5 26 M 30
845 3820 1 3 0 C 0
2865 1178 1 5 25 O 20
1176 2866 1 3 0 C 0
998 4162 1 3 0 C 0
2406 1813 1 26 139 O 20
1813 2852 1 11 60 O 10
907 918 1 15 81 M 30
5404 5405 2 2 8 O 10
5406 5407 1 2 11 M 30
5407 5408 1 7 36 O 10
5407 5409 2 1 3 O 20
5410 5408 2 2 10 O 10
5408 1088 2 1 3 O 20
4985 3161 1 4 17 O 10
3367 4985 1 10 56 O 20
2842 2862 1 12 64 O 10
2862 3826 1 3 11 O 20
2861 1044 1 11 57 M 10
1044 5063 1 16 88 O 20
5063 3757 1 6 31 O 10
3757 5450 1 5 25 O 20
5450 5245 1 3 11 O 10
5245 2862 1 8 43 O 10
3934 2861 1 12 61 O 20
2860 3934 1 13 69 O 30
1423 49 1 29 0 C 0
5412 5411 2 5 28 M 20
5413 5414 2 10 55 O 20
732 3124 2 2 10 M 10
776 3184 1 10 55 M 10
3184 1397 1 10 54 O 20
1397 3124 1 19 103 O 20
3124 777 1 4 18 O 30
777 1480 1 25 137 O 20
1480 5415 1 4 22 O 10
5415 2756 1 25 136 O 30
5418 5419 1 13 68 M 20
2536 5420 2 10 0 C 0
5420 2537 1 4 0 C 0
2537 2538 1 5 0 C 0
2538 5420 1 9 0 C 0
5002 719 1 4 0 C 0
719 2347 1 9 0 C 0
5381 5380 1 2 0 C 0
5380 5379 1 2 0 C 0
5379 829 1 6 0 C 0
829 828 1 13 0 C 0
828 4063 1 12 0 C 0
5382 5381 1 2 0 C 0
5421 5422 1 22 121 M 10
5422 3163 1 5 26 O 10
3306 2110 1 27 148 M 30
2110 5425 1 28 155 O 10
5425 2111 1 9 0 C 0
2111 5426 1 29 0 C 0
5426 2112 1 9 0 C 0
5427 3229 1 9 0 C 0
3490 5428 1 4 18 O 20
5432 4405 2 1 5 O 30
5431 5432 2 3 13 O 30
5433 1195 1 13 72 O 20
5434 5034 1 5 0 C 0
5034 1294 1 6 0 C 0
5435 3704 1 7 0 C 0
5436 1677 1 12 63 M 10
2082 3902 1 2 9 M 20
3902 3909 1 6 31 M 10
3305 3307 1 27 149 O 10
5437 3305 1 8 41 M 30
976 2972 1 10 0 C 0
1143 5439 1 10 55 M 10
1018 2490 1 3 0 C 0
2490 3228 1 15 0 C 0
3228 2851 1 15 0 C 0
2851 2244 1 15 0 C 0
2244 2850 1 19 102 O 20
2850 1145 1 11 57 O 30
1145 1470 1 6 28 M 20
3210 3615 2 14 0 C 0
846 3958 1 47 0 C 0
3958 1362 1 2 0 C 0
2332 1996 2 38 208 O 10
1996 2633 2 28 154 O 20
2633 2634 2 51 282 O 30
2634 2576 2 44 240 M 30
2576 2495 2 28 151 O 10
2748 2749 2 15 81 O 20
2749 2750 2 15 81 M 20
898 2750 1 9 47 O 30
1559 3808 2 8 0 C 0
3808 1560 2 11 0 C 0
1560 4373 2 24 0 C 0
4373 1130 2 2 0 C 0
1130 1131 2 24 0 C 0
1131 1561 2 3 0 C 0
1561 1562 2 18 0 C 0
1562 4372 2 1 0 C 0
5311 899 2 5 0 C 0
1871 1179 1 13 0 C 0
5440 1255 1 2 0 C 0
4541 403 1 1 0 C 0
403 404 1 5 0 C 0
404 4208 1 4 0 C 0
4548 4209 1 2 0 C 0
5441 4312 1 5 0 C 0
4312 833 1 9 0 C 0
5442 5443 2 18 100 M 10
4689 4686 2 3 13 M 20
3477 4393 1 1 5 M 20
1121 1122 2 52 285 O 20
5444 5445 2 11 58 O 10
5446 5447 2 9 48 M 30
1424 1425 1 11 0 C 0
1425 1426 1 21 0 C 0
3229 5448 1 8 0 C 0
5449 5450 1 10 52 O 20
5452 5451 2 11 59 M 10
1408 1867 1 9 0 C 0
5453 5454 2 2 0 C 0
5454 2179 2 7 0 C 0
4120 583 1 1 0 C 0
583 582 1 6 0 C 0
582 1160 1 1 0 C 0
739 995 1 3 0 C 0
2691 4120 1 7 0 C 0
3919 2678 1 2 0 C 0
5457 5458 2 6 31 O 30
5459 5460 2 9 48 O 20
5463 5464 1 4 19 O 10
5464 5465 1 5 25 O 20
5338 5466 2 3 12 M 20
5470 5466 1 11 58 O 10
5466 5467 1 10 54 O 20
5469 5470 2 3 16 M 20
5467 5468 2 3 16 M 20
5468 5469 2 3 15 O 10
5471 5472 1 9 46 O 30
5472 5473 1 3 15 O 20
3386 5474 1 15 78 O 30
5474 5475 1 3 14 M 20
5474 5476 2 18 100 O 10
5477 3387 2 14 77 O 20
5478 346 2 3 12 O 30
346 5479 2 6 29 O 20
5480 5479 2 2 10 O 10
5479 5481 2 5 24 O 10
5482 5483 2 22 122 O 30
0 1 2 5 23 O 20
1 2 2 5 25 O 10
2 4 2 3 13 O 10
4 1 2 3 12 O 20
2 3 2 3 15 M 10
4794 5 2 5 24 O 10
1756 7 2 1 2 O 30
8 10 2 6 30 O 30
10 9 2 20 108 O 30
10 11 2 7 34 O 30
20 17 2 2 11 O 10
17 16 2 2 7 O 30
16 14 2 2 7 O 10
14 19 2 3 14 O 30
19 32 2 2 11 O 10
23 28 2 2 8 M 30
24 27 2 2 7 O 30
30 29 2 2 8 O 20
21 15 2 3 15 O 30
22 18 2 3 12 O 30
12 746 2 3 12 O 20
13 23 2 1 5 O 10
15 24 2 2 6 O 10
26 17 2 2 7 O 20
25 26 2 2 8 M 30
27 16 2 2 7 O 20
28 14 2 2 7 M 30
29 19 2 2 7 M 10
18 30 2 1 4 M 10
31 18 2 2 9 O 30
18 13 2 3 14 O 30
13 15 2 2 6 M 30
15 12 2 2 7 M 10
12 25 2 2 6 O 10
32 31 2 2 8 O 30
1020 3134 2 63 0 C 0
3134 1887 2 18 0 C 0
33 34 2 5 23 M 10
5373 1074 1 28 0 C 0
1074 1203 1 5 0 C 0
1203 4115 1 30 0 C 0
2707 35 2 6 31 M 30
5430 2727 2 2 0 C 0
1134 5430 1 5 0 C 0
5353 930 1 8 0 C 0
925 1404 1 14 77 M 10
929 37 1 12 66 O 10
927 5352 1 9 49 M 10
5352 782 1 32 0 C 0
906 1402 1 26 142 O 10
1402 4046 1 7 34 O 20
938 939 1 8 0 C 0
940 941 1 4 0 C 0
2564 1855 1 17 0 C 0
4315 3636 2 13 0 C 0
40 4315 2 9 0 C 0
4315 951 2 9 0 C 0
45 46 2 6 30 O 30
47 48 2 4 22 O 30
75 76 2 8 42 M 10
77 78 2 12 62 O 10
79 80 2 7 37 O 20
81 82 2 15 79 O 20
84 83 2 3 16 O 10
85 86 2 7 34 O 20
87 88 2 11 60 O 20
90 91 2 8 40 O 20
93 96 2 5 25 M 20
96 94 2 8 41 O 30
94 95 2 6 28 O 10
95 96 2 3 14 M 30
3246 98 1 4 19 M 30
98 97 1 7 34 O 10
97 4166 1 5 25 M 30
98 99 2 11 61 M 30
99 97 2 5 24 O 20
100 101 2 7 34 O 30
53 42 1 16 0 C 0
107 109 2 10 54 M 10
109 108 2 5 24 O 30
109 110 2 12 66 O 20
111 112 2 13 67 O 10
113 114 2 6 33 M 30
305 114 2 9 50 O 30
114 119 2 4 22 M 20
119 115 2 3 15 O 30
118 119 2 5 24 O 20
119 120 2 6 28 M 10
121 122 2 6 30 O 20
120 121 2 1 4 M 30
116 117 2 3 16 M 20
117 118 2 2 9 O 10
3087 124 2 4 0 C 0
741 3254 2 11 0 C 0
3254 3012 2 9 0 C 0
3036 6 2 9 0 C 0
6 3039 2 10 0 C 0
805 3036 2 5 0 C 0
4048 125 2 5 0 C 0
126 1570 1 5 26 O 30
1570 1963 1 15 79 O 20
1963 2507 1 15 79 O 20
2507 1624 1 15 79 O 30
1624 2345 1 15 80 O 30
2345 2451 1 15 82 O 30
2110 126 1 10 52 M 20
129 130 2 3 15 M 10
127 128 2 8 40 M 20
133 136 1 2 11 O 20
136 131 1 8 44 O 20
134 133 1 3 12 O 20
4619 134 1 4 17 O 30
1178 3900 1 10 53 O 30
138 139 2 16 88 O 20
2790 1180 2 2 0 C 0
140 141 2 9 49 O 20
4004 3100 1 13 68 O 10
3100 1602 1 23 125 O 10
1602 3835 1 7 37 O 30
3835 2219 1 26 139 O 30
2219 2240 1 5 22 O 30
2240 1648 1 32 174 O 20
3073 4004 1 10 55 O 10
4272 1086 2 11 59 O 20
144 4816 2 4 22 O 30
145 146 2 6 29 O 10
147 149 2 9 45 O 30
149 148 2 2 11 M 30
149 150 2 4 21 M 10
151 152 2 33 181 O 20
154 155 1 9 47 O 10
153 154 2 4 19 O 20
4618 156 2 6 30 O 30
156 157 2 4 18 O 20
157 4623 2 6 30 O 10
4623 2528 2 9 48 M 30
2528 2915 2 21 112 O 20
4623 158 2 6 29 O 10
158 4622 2 1 5 M 20
4622 159 2 2 10 O 20
159 4621 2 3 15 O 30
4624 4461 2 4 22 O 30
4620 160 2 3 14 M 20
160 4627 2 6 32 O 30
4627 2497 2 28 153 O 30
4627 161 2 6 31 O 30
161 162 2 4 20 O 10
1988 2742 2 28 154 M 30
2742 2967 2 51 282 O 10
2967 4626 2 45 249 O 30
162 4626 2 6 31 M 20
4626 163 2 6 31 O 20
163 164 2 4 22 O 30
164 4625 2 6 31 M 20
4625 2354 2 20 106 O 10
4625 165 2 6 31 O 30
165 166 2 3 15 M 20
166 4619 2 6 33 M 20
4619 167 2 6 32 O 20
167 5282 2 2 9 O 20
5282 168 2 1 5 O 30
169 170 2 8 43 O 30
176 174 2 17 94 M 10
175 177 2 6 28 O 20
177 176 2 8 40 O 20
177 178 2 6 30 O 20
173 179 2 23 124 O 10
3716 822 1 4 0 C 0
181 182 2 5 24 M 30
183 184 2 6 31 O 30
185 186 2 7 34 O 10
187 188 2 7 35 M 30
189 190 2 6 33 O 20
191 192 2 6 33 M 30
193 194 2 6 28 O 20
3453 3449 1 5 24 O 30
195 196 2 9 46 O 20
197 198 2 5 25 O 20
199 200 2 7 35 M 20
1524 400 2 3 0 C 0
3778 201 2 4 18 O 10
4685 201 2 2 10 O 30
202 4555 1 3 16 O 30
203 202 1 2 6 O 10
204 205 2 5 24 O 30
206 5326 2 6 30 O 30
207 206 2 4 19 O 20
208 209 2 5 24 O 20
210 212 2 3 15 O 30
212 211 2 3 11 O 20
209 210 2 4 17 O 30
214 215 2 5 23 O 10
212 213 2 1 5 O 10
213 214 2 3 13 O 20
2817 216 2 12 65 M 30
2555 218 1 3 0 C 0
1293 4953 2 2 0 C 0
1953 1738 2 31 170 M 20
1738 1954 2 48 262 M 30
4617 4614 2 3 13 M 20
220 1285 1 9 0 C 0
1285 1284 1 4 0 C 0
219 1282 1 4 0 C 0
222 223 2 3 13 O 20
223 224 2 3 13 M 30
223 225 2 2 7 O 30
2168 227 2 7 0 C 0
228 229 2 3 12 O 10
230 940 1 6 0 C 0
1030 230 1 3 0 C 0
939 1030 1 9 0 C 0
3830 3833 1 26 141 O 20
3833 3834 1 5 26 O 30
3834 3836 1 25 136 O 10
3836 3838 1 8 43 O 10
3838 3839 1 22 118 O 10
3839 3840 1 22 120 O 20
3840 3841 1 18 95 O 20
3841 3818 1 6 30 O 20
3818 3842 1 9 50 O 30
3842 3843 1 4 18 O 20
3843 3845 1 11 60 O 20
3845 3846 1 15 79 M 10
3846 3856 1 8 43 O 20
2518 231 2 6 0 C 0
231 217 2 24 0 C 0
3857 3854 1 43 235 O 30
3854 4429 1 38 207 O 30
4429 4573 1 9 46 M 10
233 795 2 6 29 O 10
2386 2700 2 45 250 M 30
1880 3922 1 8 39 O 20
3921 1881 2 17 92 O 20
1881 1880 2 4 19 M 20
235 2755 2 2 8 O 30
2756 236 2 2 0 C 0
4350 238 2 3 0 C 0
239 1136 1 23 0 C 0
240 239 1 3 0 C 0
1140 241 1 21 0 C 0
241 242 1 3 0 C 0
1549 243 2 17 91 M 30
718 754 2 5 25 O 10
754 243 2 16 87 O 30
243 244 2 10 54 O 30
2610 665 2 10 54 M 10
665 3386 2 5 23 O 10
3386 2881 2 10 53 M 20
2098 2408 2 15 82 O 30
2408 2409 2 15 79 O 30
2409 2410 2 15 79 O 20
2410 2411 2 15 81 M 30
2411 248 1 9 45 M 20
248 1900 1 7 37 O 30
1900 249 1 7 38 O 30
249 2412 1 8 41 O 30
2412 251 1 8 39 O 10
251 2413 1 7 39 O 20
2413 252 1 8 40 O 20
252 245 1 8 39 O 20
245 250 1 8 42 O 30
250 246 1 7 38 M 30
246 247 1 7 37 M 20
247 2411 1 9 45 M 10
248 247 2 2 8 O 30
249 250 2 2 8 O 10
251 252 2 2 8 O 10
3156 253 1 2 7 M 10
253 4450 1 3 12 O 10
2515 2516 2 15 0 C 0
2516 2517 2 49 0 C 0
4994 4993 2 2 6 O 30
2413 1883 2 7 39 M 30
255 220 1 12 0 C 0
1286 255 1 4 0 C 0
257 1287 1 25 0 C 0
256 257 1 4 0 C 0
262 266 2 3 14 O 30
266 263 2 4 19 O 10
263 265 2 7 33 O 30
265 264 2 2 11 O 30
1035 267 1 3 11 O 20
267 268 1 4 20 O 10
268 265 1 3 13 O 30
271 272 2 4 22 O 20
269 270 2 3 14 O 30
263 269 2 3 12 O 10
270 268 2 1 4 O 20
266 271 2 1 5 M 20
272 267 2 1 5 O 30
308 309 2 37 200 O 20
1008 2587 2 10 0 C 0
2587 2588 2 18 0 C 0
2588 2589 2 18 0 C 0
5455 729 1 6 0 C 0
4018 4016 1 18 0 C 0
314 4018 1 2 0 C 0
4064 3087 2 9 0 C 0
317 318 2 8 40 O 30
319 320 2 4 20 M 10
321 322 2 10 51 O 30
4102 323 2 9 48 O 30
324 325 2 4 22 O 10
326 327 2 8 41 O 20
328 329 2 9 46 M 30
1815 5023 2 12 63 O 30
5023 2924 2 2 7 O 30
2924 2805 2 15 78 M 30
2805 3182 2 15 78 O 10
3182 3886 2 8 43 M 20
3886 2015 2 7 34 M 10
2015 3179 2 14 73 O 10
3179 3887 2 1 4 M 30
3887 3166 2 26 139 M 10
3166 3395 2 21 111 O 10
3395 2405 2 12 66 O 20
3176 3167 2 40 218 O 10
3167 332 2 11 57 O 10
332 3139 2 12 61 M 30
3139 331 2 11 59 O 30
4679 3614 2 33 0 C 0
3614 4683 2 10 0 C 0
2365 2366 1 9 49 O 20
2366 672 1 4 17 M 10
672 670 1 3 11 O 10
670 1811 1 27 149 O 20
1811 2367 1 31 169 O 20
2367 2368 1 35 191 O 10
2368 2369 1 32 176 O 30
2369 3270 1 25 135 O 20
3270 2370 1 11 56 O 20
3439 601 1 4 17 O 20
601 603 1 3 12 O 30
603 344 1 10 53 O 10
4508 3936 1 8 44 O 20
3936 348 1 11 59 O 30
348 347 1 1 4 O 10
347 3162 1 3 13 O 20
2521 338 1 4 20 O 10
338 340 1 8 40 O 30
340 5485 1 3 16 O 10
5485 339 1 3 16 O 10
339 341 1 7 38 O 30
341 3440 2 18 95 O 10
354 3444 1 11 57 O 30
3443 3163 1 20 108 O 30
1240 44 1 4 19 O 20
44 4833 1 6 30 O 20
4168 4127 1 24 130 O 30
4237 2374 2 20 0 C 0
2374 3019 2 17 0 C 0
3019 1153 2 10 0 C 0
1153 2197 2 53 0 C 0
352 4813 1 3 15 O 20
4813 5486 1 2 8 O 20
5486 4814 1 2 8 O 20
4814 3447 1 3 14 O 30
3442 352 1 7 34 O 10
3441 353 1 10 52 M 30
3440 354 1 6 32 O 10
3445 355 1 9 46 O 10
2996 2792 2 11 0 C 0
338 337 1 2 11 M 30
337 3439 1 4 18 M 10
337 953 1 34 186 O 20
5144 356 2 4 21 O 20
357 358 2 3 15 O 10
759 4904 2 13 68 M 30
2094 3948 1 3 13 O 20
3948 359 1 19 104 O 10
3011 4806 2 2 7 O 20
5355 958 1 16 0 C 0
956 5355 1 23 0 C 0
4013 956 1 7 0 C 0
957 4013 1 31 0 C 0
363 4014 1 3 0 C 0
949 779 1 6 0 C 0
935 4317 1 7 0 C 0
4317 951 1 32 0 C 0
779 963 1 37 0 C 0
963 936 1 5 0 C 0
936 969 1 15 0 C 0
950 949 1 6 0 C 0
4042 4043 1 13 69 O 10
917 4042 1 5 23 O 10
916 367 1 10 51 O 20
367 4044 1 13 68 O 10
916 366 1 10 51 M 10
366 4045 1 13 67 O 20
2167 4343 2 10 0 C 0
1439 1438 1 10 50 O 20
1968 1439 2 10 53 O 30
370 2531 2 6 0 C 0
3205 5242 2 4 19 O 20
5242 373 2 22 121 M 20
5356 967 1 32 0 C 0
4584 2961 2 15 79 M 30
2961 1243 2 8 44 O 10
4578 4579 2 4 17 O 20
4579 4580 2 2 10 O 20
4580 4581 2 9 45 M 30
3111 5314 1 40 0 C 0
4642 4641 2 7 34 O 10
4641 111 2 2 9 O 20
111 5487 2 2 10 M 20
5487 112 2 2 10 M 30
112 701 2 2 9 O 10
701 699 2 4 19 O 20
699 4651 2 3 14 O 30
377 4642 2 8 43 O 20
563 378 2 3 12 M 30
378 106 2 2 7 M 10
3136 3564 2 8 43 O 10
3564 379 2 3 14 O 30
5197 380 2 7 36 M 20
4628 4631 2 3 17 O 20
4631 393 2 3 12 M 30
381 4630 2 7 35 M 30
382 383 2 5 23 M 30
384 385 2 4 19 O 20
386 387 2 6 31 M 20
388 390 2 3 14 M 20
390 389 2 3 11 O 30
390 391 2 5 25 M 10
4633 3160 2 9 48 M 20
1592 3582 2 12 63 M 10
3582 4468 2 2 11 O 20
4468 3160 2 10 53 O 30
3160 4628 2 2 7 O 10
393 381 2 3 14 O 10
4545 4212 1 7 39 O 30
4546 4545 2 2 9 O 30
4605 2998 2 6 30 O 20
4598 394 2 10 50 O 30
394 4594 2 7 34 O 30
4597 1745 2 6 29 O 30
737 4598 2 7 39 M 30
395 4597 2 5 28 O 30
5360 397 1 6 0 C 0
397 396 1 11 0 C 0
396 3965 1 56 0 C 0
399 2549 2 7 0 C 0
2052 2051 1 29 158 O 20
2051 1378 1 31 171 O 10
1378 2050 1 62 342 O 10
2050 3998 1 33 180 O 10
2052 2365 2 15 79 O 20
3276 2052 2 8 40 O 20
400 401 2 3 0 C 0
401 2491 2 5 0 C 0
2491 1020 2 3 0 C 0
3239 407 2 2 9 O 20
407 3238 2 20 108 O 20
406 407 2 8 43 M 20
1538 1260 1 28 0 C 0
427 4577 2 5 25 O 10
4575 4576 2 4 19 O 30
4576 657 2 2 7 O 20
657 408 2 1 3 O 30
1267 4015 2 5 22 O 10
1795 1267 2 3 15 M 10
1564 783 1 16 88 M 30
4461 4620 2 4 17 M 30
4621 4624 2 5 23 O 20
5475 3386 1 11 59 O 30
4958 1029 1 12 0 C 0
1029 938 1 17 0 C 0
941 4959 1 29 0 C 0
409 1278 1 11 0 C 0
5136 2208 1 35 0 C 0
2208 2207 1 15 0 C 0
2207 2206 1 16 0 C 0
2206 2205 1 14 0 C 0
2205 2204 1 16 0 C 0
2204 2203 1 18 0 C 0
2203 1288 1 10 0 C 0
4614 4613 2 5 25 O 30
410 4615 2 8 42 O 20
5383 786 1 3 0 C 0
904 412 1 8 40 O 20
414 415 2 6 31 O 10
413 414 2 6 31 M 20
419 2185 2 12 0 C 0
423 424 1 11 0 C 0
424 1552 2 18 0 C 0
1552 4125 2 11 0 C 0
4125 1553 2 17 0 C 0
1551 423 2 10 0 C 0
423 1705 2 4 0 C 0
1705 1706 2 15 0 C 0
1706 1707 2 15 0 C 0
1707 1708 2 15 0 C 0
1708 1709 2 15 0 C 0
1709 1710 2 15 0 C 0
1710 3584 2 3 0 C 0
3584 3583 2 7 0 C 0
3583 1606 2 5 0 C 0
1606 1711 2 15 0 C 0
1711 1712 2 15 0 C 0
3717 3716 1 4 0 C 0
3621 2037 2 7 0 C 0
426 5444 2 6 28 O 20
5444 1521 2 10 55 O 30
2607 426 2 3 16 O 10
363 1405 1 1 0 C 0
364 781 1 19 0 C 0
4577 4578 2 1 5 M 20
408 427 2 3 12 O 20
428 1152 2 2 0 C 0
2601 3941 2 3 16 O 10
4712 4714 2 3 16 O 30
4712 886 1 5 25 O 30
4714 5200 2 40 219 M 30
5200 2888 2 5 26 O 10
4713 4712 2 3 11 O 20
4713 191 1 6 32 O 10
191 3333 1 5 25 O 30
3333 887 1 7 35 O 10
887 194 1 27 147 M 10
194 895 1 7 38 O 10
892 1267 1 7 37 M 20
4549 3772 1 8 43 O 20
3772 4404 1 7 35 O 20
4404 2484 1 16 88 O 10
4717 4715 1 4 18 O 30
2484 4717 1 3 13 M 20
2659 2660 1 15 79 O 10
2660 2317 1 15 79 O 20
2317 2661 1 15 79 O 10
2661 2662 1 15 81 M 30
4716 896 1 7 37 O 20
896 3481 1 10 54 O 10
3481 3767 1 3 13 M 30
3767 4551 1 10 55 O 10
4715 4716 1 3 13 O 30
429 432 2 4 20 O 30
432 430 2 10 51 M 10
430 431 2 4 18 M 20
431 432 2 6 32 O 20
1863 433 2 10 55 M 10
2608 436 2 6 29 O 20
172 173 2 5 24 O 30
173 438 2 10 54 O 30
442 2988 1 18 98 O 10
3832 3831 2 7 39 O 20
4959 937 1 22 0 C 0
977 38 2 3 0 C 0
2513 2514 2 59 326 O 10
3362 5195 1 2 9 O 30
5201 3021 1 2 8 O 20
4375 4376 2 4 21 O 30
4376 5214 2 14 74 M 10
4376 4515 2 17 92 O 30
4515 4514 2 5 24 O 20
4514 1085 2 4 18 O 20
1085 4386 2 18 96 M 10
2657 895 2 21 115 O 30
1844 2657 2 33 180 O 30
5207 2966 2 2 8 M 20
2966 3846 2 2 10 O 10
3846 3844 2 4 18 M 20
3844 298 2 22 117 O 30
3361 5196 1 3 11 O 20
344 378 1 13 69 O 30
378 345 1 14 76 O 20
345 5478 1 9 45 O 30
5478 349 1 9 45 O 20
349 5148 1 3 14 O 10
5148 5149 1 1 4 O 30
5149 342 1 5 24 O 10
342 350 1 6 30 O 20
350 4508 1 9 47 M 30
2080 2079 2 9 0 C 0
5102 5103 1 11 59 M 20
443 40 2 17 0 C 0
4356 4351 2 6 0 C 0
4339 437 1 4 0 C 0
885 4712 1 7 34 O 30
3856 3847 1 7 37 O 30
3847 3848 1 15 79 O 10
3848 3849 1 9 45 O 30
2963 2411 2 33 181 O 10
2411 2229 2 35 189 O 10
1878 3924 2 8 42 O 10
3924 1899 2 19 104 O 20
435 1901 2 2 11 M 30
1901 1902 2 29 158 O 10
434 2230 2 2 11 O 20
2230 1669 2 35 189 M 10
3918 2413 2 33 178 O 30
441 4717 1 15 78 O 10
2484 440 1 14 77 O 20
5126 372 1 7 35 O 30
5128 4750 1 7 38 M 10
4750 5193 1 3 14 O 30
2035 5128 1 42 0 C 0
5125 5277 2 5 27 M 10
5277 4123 2 4 19 O 20
4123 3631 2 18 95 O 20
3631 3424 2 19 104 M 30
3424 5120 2 9 47 O 10
371 4750 2 2 11 O 20
4750 372 2 4 20 O 30
372 5194 2 2 10 O 30
3855 3832 1 7 37 O 30
3829 3855 1 9 47 O 30
3831 1649 2 6 30 O 20
5127 371 2 5 23 M 10
5194 5125 2 5 27 O 30
3849 3850 1 7 36 M 20
3850 3851 1 11 60 O 10
3851 3852 1 4 19 O 10
3852 3853 1 9 49 O 10
447 446 2 15 79 O 30
448 451 2 3 11 O 20
451 449 2 5 25 O 20
449 455 2 1 5 M 30
455 452 2 1 5 O 20
452 450 2 2 11 O 10
451 452 2 4 19 M 10
449 453 2 5 26 O 30
453 454 2 3 15 O 30
454 455 2 2 6 M 20
454 456 2 2 11 O 20
453 457 2 2 11 O 20
1137 4339 1 6 0 C 0
462 461 2 31 167 O 30
464 463 2 14 78 M 10
469 468 2 19 101 O 20
467 466 2 14 77 M 10
460 459 2 8 40 O 10
477 476 2 7 38 M 10
481 480 2 7 36 O 20
479 478 2 15 82 M 10
474 470 2 6 31 O 10
473 471 2 6 31 O 30
475 474 2 6 29 O 20
474 473 2 5 27 O 30
473 472 2 6 29 O 30
5150 482 2 5 24 O 20
2781 1242 2 4 19 O 10
2331 2332 2 15 0 C 0
2332 1936 2 15 0 C 0
1936 2333 2 15 0 C 0
2333 3784 2 5 0 C 0
3784 4703 2 7 0 C 0
2303 5064 2 6 0 C 0
5064 2331 2 9 0 C 0
2147 2783 2 18 96 O 30
2783 2784 2 15 79 O 20
2784 2785 2 15 79 O 10
2785 2667 2 12 66 O 20
3857 2150 2 15 80 M 10
307 3026 2 48 261 M 20
3026 2408 2 19 104 M 30
2408 3074 2 15 78 M 30
3355 3366 1 3 12 O 10
3366 1760 1 22 122 O 20
1656 3351 1 26 144 O 10
5111 1957 1 33 180 O 30
5113 1956 1 2 7 O 10
1956 5111 1 2 6 O 10
4575 4428 2 7 38 M 20
4428 3049 2 11 56 O 20
3049 3061 2 14 77 O 30
3061 3146 2 14 77 O 10
1874 2393 2 27 148 O 20
5112 1576 2 14 73 O 10
1576 392 2 6 29 O 10
483 5114 2 12 66 O 10
484 2504 2 2 6 O 20
2504 483 2 2 6 O 10
5114 1956 2 2 7 O 30
1956 5112 2 2 6 O 10
392 2066 2 2 10 O 10
2505 2504 1 34 186 O 20
2139 2503 1 53 294 O 30
2067 2068 2 9 48 O 10
1379 2364 1 31 171 M 20
2364 2365 1 33 179 O 10
2067 5110 2 2 10 O 30
5109 2793 2 2 8 O 10
1954 1574 2 15 79 O 20
1574 2114 2 15 79 O 20
405 1824 2 43 238 O 30
60 422 2 9 49 O 30
3365 3350 1 13 72 M 10
3350 3360 1 2 9 O 20
1761 1657 2 15 79 O 20
1657 2976 2 15 79 O 30
2392 2696 2 37 201 O 30
2696 307 2 2 7 O 10
2393 486 2 35 194 O 20
2100 2696 2 15 83 O 10
2696 2697 2 15 79 O 30
4001 1140 1 8 0 C 0
1390 1671 2 15 79 M 10
1886 1671 2 28 151 O 10
1885 1884 2 12 65 O 10
1884 1883 2 29 161 O 20
1883 1061 2 5 24 O 10
1061 1882 2 9 49 O 30
1885 2232 2 14 77 O 10
2238 1071 2 3 13 O 20
1071 5184 2 2 7 O 10
5184 5187 2 12 65 O 20
5187 1540 2 2 7 O 20
1540 5185 2 2 7 O 30
5185 5189 2 12 66 O 30
5189 2239 2 2 7 O 20
2239 5191 2 2 7 O 10
142 2240 2 2 9 O 20
2240 3833 2 2 10 O 30
1013 4122 2 4 22 O 30
4122 5188 2 19 101 O 30
5188 1540 2 2 7 O 30
1540 5186 2 2 7 M 30
5205 1541 2 2 10 O 30
5190 5204 2 27 147 O 20
5192 2239 2 2 7 O 10
2239 5190 2 2 7 O 20
5204 2778 2 2 11 M 30
2673 5206 2 2 8 O 20
297 283 2 10 53 M 20
283 1603 2 2 7 M 20
1603 284 2 2 7 O 30
284 304 2 12 66 M 30
304 2220 2 2 6 O 30
2220 303 2 2 7 M 10
303 302 2 12 66 O 20
302 2221 2 2 6 M 20
2221 301 2 2 7 M 20
301 300 2 12 66 O 20
2219 3834 2 2 10 O 10
3834 297 2 2 10 O 10
3837 282 2 21 112 O 30
282 1603 2 2 9 M 20
1603 277 2 2 8 O 20
275 276 2 13 72 O 30
285 1604 2 2 11 O 20
1604 275 2 2 10 M 30
276 1605 2 3 12 O 20
3028 281 2 31 171 M 10
281 2220 2 2 8 O 20
2220 278 2 2 8 M 20
274 290 2 23 124 O 10
288 1650 2 3 11 O 20
1650 274 2 2 8 O 20
290 1148 2 2 9 M 20
292 1149 1 2 8 M 10
273 2646 2 30 165 O 30
289 1651 2 2 11 O 10
1651 273 2 2 9 O 30
279 289 2 31 169 M 30
280 2221 2 2 8 M 10
2221 279 2 2 8 O 20
487 287 2 12 65 O 30
296 299 2 12 66 O 10
295 1650 2 2 6 O 30
1650 296 2 2 7 O 10
286 295 2 12 66 O 20
287 1604 2 2 7 O 20
1604 286 2 2 7 O 30
1649 487 2 2 7 O 10
294 1148 1 2 9 O 30
2844 291 1 3 13 O 30
2803 293 1 3 11 O 10
5451 2060 2 20 106 M 10
1542 5451 2 4 19 M 10
2060 306 2 14 73 O 20
306 2061 2 2 7 M 20
5088 5092 2 12 65 O 30
2394 2698 2 37 202 O 20
2698 3027 2 38 210 M 30
2306 1410 2 25 139 O 10
2011 1527 2 28 155 O 20
5091 5093 2 14 74 O 20
5089 3115 2 2 10 O 30
3115 5091 2 2 9 M 20
5093 3116 2 1 5 M 10
1794 92 2 2 6 O 10
904 5100 1 2 7 O 20
5097 3132 1 2 8 M 20
3132 5095 1 2 11 O 20
3052 5098 2 2 9 M 30
5104 3053 2 2 7 O 10
3125 5088 2 3 12 O 10
5092 3115 2 1 5 O 10
3115 5090 2 2 6 O 20
5090 5178 2 25 134 O 10
5099 4508 2 3 13 O 30
3132 5094 2 2 7 O 20
5096 3132 2 2 11 M 30
1496 5081 2 2 6 O 30
3162 349 1 3 12 O 10
349 5105 1 2 6 O 30
5108 1497 1 2 7 O 20
2795 488 2 16 84 O 30
488 2011 2 3 11 O 20
2011 1061 2 29 159 O 30
2409 3004 2 27 147 O 30
2114 2115 1 52 285 M 30
2931 2141 1 48 265 M 10
2142 2302 1 46 251 O 20
3144 2143 1 43 237 O 30
1518 1734 2 15 79 M 20
1734 1735 2 15 79 O 10
1735 1736 2 15 79 M 10
1736 1618 2 15 79 O 20
1618 1737 2 15 79 O 30
1737 1738 2 15 79 O 30
2701 3927 2 40 220 O 20
2898 1670 2 12 64 M 10
2699 2963 2 35 191 O 10
3027 2963 2 15 83 O 20
2963 1899 2 15 83 O 30
1899 1879 2 14 75 O 30
2700 3922 2 24 128 M 20
1898 2700 2 15 78 O 20
2700 2701 2 15 79 M 20
2701 1386 2 15 79 M 20
2495 1942 2 15 79 O 20
1386 1387 2 17 91 M 10
1387 1388 2 17 93 M 10
1882 3921 2 10 51 O 20
2817 5488 1 3 12 M 30
5488 216 1 3 12 M 30
5439 2817 1 28 152 M 10
1143 2818 1 2 6 M 10
2818 5439 1 5 24 M 20
1828 1829 1 15 79 O 10
440 1691 1 2 7 M 10
1691 2659 1 17 91 O 20
3316 3315 1 17 91 M 20
3315 441 1 2 7 M 30
880 3316 2 39 216 M 20
3316 2659 2 3 12 O 10
3482 2958 2 30 162 M 20
2486 3113 2 29 160 O 30
1893 2656 2 14 76 O 30
2656 2657 2 16 88 M 20
1843 3336 2 2 8 M 20
3336 1844 2 15 80 O 30
1844 887 2 15 78 O 10
879 3317 2 36 195 O 30
3317 2660 2 2 11 O 20
2895 2894 2 15 82 O 30
491 2133 1 20 108 O 10
3042 2712 1 18 96 M 30
1797 3066 2 41 224 M 20
1681 1682 2 23 126 M 20
1682 1683 2 14 76 O 30
4718 2280 2 6 33 O 30
2280 1129 2 11 57 M 30
1129 3066 2 5 25 M 30
496 495 2 6 31 O 30
493 492 2 7 35 O 20
499 494 2 5 26 O 30
498 497 2 7 35 O 10
1973 1803 2 25 137 O 30
1803 4765 2 19 105 O 20
4765 4764 2 2 6 O 30
4764 1768 2 12 64 O 20
4597 500 2 6 31 O 10
501 1351 2 2 0 C 0
1548 2619 2 33 183 O 10
793 3119 2 9 0 C 0
1548 758 2 22 121 O 10
2521 2520 1 13 67 M 20
507 506 2 15 78 O 30
509 508 2 11 58 M 10
4344 3609 2 3 0 C 0
5299 4238 2 4 0 C 0
4238 2725 2 13 0 C 0
2725 1258 2 3 0 C 0
3604 5299 2 1 0 C 0
4887 5113 1 40 221 O 30
3713 3712 2 3 15 O 10
3712 3708 2 3 15 O 20
3708 3711 2 5 25 O 10
3711 510 2 4 20 M 10
3780 511 1 5 23 O 20
512 3780 1 6 29 O 10
515 514 2 16 86 O 30
517 565 2 4 21 M 20
565 516 2 4 21 O 30
518 565 2 6 29 M 20
519 564 2 20 110 O 30
3194 520 2 7 37 O 20
131 135 2 3 12 O 10
131 132 2 7 38 O 30
135 136 1 6 31 M 20
4585 526 2 4 20 M 10
526 4583 2 6 32 O 10
4582 4583 2 3 14 O 20
4129 4128 1 7 0 C 0
4130 4129 1 29 0 C 0
4128 527 1 17 0 C 0
5378 528 1 5 0 C 0
2690 529 1 13 0 C 0
1251 1007 1 36 0 C 0
311 5455 1 33 0 C 0
729 4117 1 6 0 C 0
310 311 1 6 0 C 0
530 1896 1 8 44 O 20
1896 5056 1 8 41 O 10
5056 2152 1 7 39 O 10
2152 5053 1 7 38 M 30
5053 485 1 7 36 O 30
536 535 2 1 5 O 30
540 537 2 1 6 O 20
539 538 2 1 5 M 10
485 541 1 2 7 O 10
541 535 1 14 75 O 10
535 537 1 7 36 O 20
537 538 1 7 34 O 20
538 2150 1 11 60 O 30
2150 539 1 11 59 M 10
539 540 1 7 34 O 30
540 536 1 7 37 O 30
536 2151 1 14 75 O 10
2151 534 1 8 43 O 10
534 533 1 7 38 O 30
533 532 1 7 38 M 30
532 531 1 8 41 O 10
531 530 1 8 44 O 20
5052 5053 2 19 102 O 30
3674 3675 1 4 18 M 20
3668 4805 2 12 64 O 10
4801 4805 2 3 16 O 20
4807 4802 2 2 7 O 30
4802 3673 2 4 21 O 20
4800 4797 2 3 15 O 10
3675 3677 2 4 17 M 30
341 4132 2 35 190 O 10
4132 604 2 5 23 O 10
604 5347 2 1 5 O 10
5347 1440 2 7 38 O 20
3078 337 1 21 111 M 30
336 3078 1 4 22 O 10
545 544 2 10 52 M 30
4581 546 2 6 30 O 20
546 4584 2 9 45 O 20
559 553 2 1 2 O 20
553 555 2 1 5 O 10
555 560 2 1 2 M 30
552 553 2 4 20 M 20
554 555 2 4 20 O 20
557 556 2 4 18 M 20
551 552 2 3 12 M 20
548 556 2 4 20 M 30
556 551 2 1 3 O 30
551 549 2 3 13 O 20
551 554 2 3 14 O 10
549 558 2 3 13 M 30
558 559 2 3 12 M 30
560 550 2 3 14 O 30
561 562 2 10 52 O 30
4836 2610 2 7 37 O 10
4818 4836 2 2 6 O 10
4695 566 2 25 138 O 10
1836 2650 2 33 180 O 30
2650 1245 2 21 112 M 20
568 567 2 13 70 M 10
569 570 2 5 26 O 10
571 572 2 5 25 O 20
570 571 2 2 7 M 10
575 574 1 5 26 O 10
573 576 1 5 26 O 10
576 575 1 2 10 O 20
577 578 2 7 36 O 10
579 580 2 17 90 O 30
4613 410 2 5 25 O 20
4236 581 2 4 21 O 30
3905 2708 2 2 0 C 0
3905 3904 1 22 120 O 20
3904 3903 1 7 33 O 20
3903 2713 1 7 34 O 10
513 3905 2 4 0 C 0
586 585 2 7 36 O 30
588 1674 2 8 44 O 10
589 3260 2 2 9 O 20
3260 588 2 1 1 O 10
599 600 2 4 17 M 20
602 600 2 1 4 M 30
600 601 2 3 15 O 10
603 602 2 6 30 O 20
602 4224 2 7 35 M 30
604 605 2 5 26 O 30
613 614 2 5 25 M 30
607 606 2 7 37 O 20
612 608 2 10 51 O 30
611 609 2 9 48 O 10
2892 612 2 3 13 O 10
612 611 2 10 52 O 20
611 607 2 12 62 O 30
607 610 2 4 20 M 30
5078 616 2 7 38 O 10
618 617 2 16 86 O 20
5079 617 2 5 26 O 10
617 619 2 8 41 O 30
619 618 2 14 73 O 30
618 4734 2 26 140 O 10
621 620 2 8 44 O 30
623 622 2 10 50 O 10
625 623 2 13 69 O 10
623 621 2 3 13 O 30
621 624 2 23 124 M 20
627 628 2 5 27 O 10
631 630 2 5 25 O 10
630 629 2 4 22 O 20
634 633 2 2 9 M 10
635 630 2 5 23 O 10
630 634 2 1 2 O 20
633 632 2 5 27 O 20
3659 631 2 5 23 O 30
631 636 2 1 4 O 10
637 638 2 19 100 M 10
640 639 2 5 25 O 30
642 640 2 4 20 O 30
640 641 2 3 12 M 30
643 5 2 13 69 O 20
655 654 2 6 32 O 10
657 656 2 8 43 O 30
648 647 2 8 40 O 10
661 660 2 12 62 O 30
644 645 2 7 38 O 10
650 649 2 20 107 O 20
663 662 2 4 22 O 30
652 651 2 18 99 O 20
658 659 2 6 30 M 20
672 671 1 7 36 O 20
671 670 1 7 34 O 30
676 674 2 5 22 O 30
679 673 2 2 8 M 30
673 674 2 2 11 O 30
674 675 2 2 10 M 30
677 676 2 6 0 C 0
678 676 2 2 10 O 20
680 677 2 2 0 C 0
677 673 2 9 50 O 20
665 664 2 20 110 O 10
682 681 2 5 25 O 30
1305 682 2 2 10 O 10
682 686 2 3 14 M 30
685 683 2 4 17 O 30
687 686 2 5 22 O 20
686 685 2 5 25 O 30
685 681 2 2 7 O 30
681 684 2 2 10 M 30
669 668 2 3 16 O 20
689 688 2 15 80 M 20
691 690 2 3 12 O 20
697 696 2 4 18 O 30
698 697 2 3 14 M 10
696 695 2 20 107 O 10
701 700 2 7 37 O 20
700 699 2 4 18 O 30
703 702 2 3 15 O 30
705 704 2 8 40 O 10
707 706 2 2 6 M 10
709 708 2 16 86 O 20
711 710 2 15 78 O 10
3248 712 2 7 35 M 30
4030 965 1 131 727 M 30
3971 3373 1 112 0 C 0
3580 717 2 6 29 O 30
717 716 2 2 10 O 20
89 4638 2 9 50 O 10
3159 89 2 7 38 M 10
4638 4635 2 4 19 O 30
4635 4634 2 3 15 O 20
4634 4633 2 4 21 M 20
1469 2839 1 14 76 M 20
2839 2300 1 14 76 O 20
2300 1192 1 43 238 O 20
1192 1193 1 2 11 M 30
722 721 2 7 35 O 10
4617 1846 2 15 82 O 30
1846 1953 2 23 127 O 30
1953 169 2 6 29 O 10
169 2502 2 10 50 O 20
2502 1617 2 15 81 O 20
3148 2134 2 16 0 C 0
3063 3148 2 6 0 C 0
362 50 1 12 0 C 0
50 39 1 20 0 C 0
1463 2568 1 30 0 C 0
4036 4031 1 61 0 C 0
1752 4036 1 153 847 O 10
4031 4038 1 85 0 C 0
4569 4570 1 3 12 M 10
4563 4217 1 17 94 O 30
4217 4213 1 8 44 M 20
4563 4564 1 3 12 M 10
4570 4566 1 2 11 O 10
4566 4567 1 2 10 O 20
4567 4563 1 1 2 O 10
3996 5318 1 34 0 C 0
4019 4041 1 5 0 C 0
4126 4167 1 24 129 O 20
5442 4168 1 1 3 O 10
726 773 2 7 0 C 0
500 737 2 3 14 M 10
4176 4818 2 4 18 O 10
2617 705 2 8 44 O 10
705 2523 2 17 92 O 20
753 2617 2 8 41 O 20
754 755 2 7 35 O 30
757 755 2 5 27 O 30
755 756 2 2 6 O 20
756 757 2 1 3 M 30
5237 5238 2 2 10 O 10
761 2235 2 5 22 O 10
762 764 2 3 12 O 10
764 765 2 9 47 O 10
765 763 2 3 12 M 10
764 5489 2 3 15 O 20
5489 765 2 3 15 O 10
766 767 2 13 68 M 20
4590 395 2 2 10 O 30
1727 1726 1 18 0 C 0
1726 1725 1 18 0 C 0
1725 1587 1 18 0 C 0
5129 1162 2 13 0 C 0
770 771 2 2 10 O 30
718 758 1 9 45 O 20
758 952 2 8 41 O 30
766 4451 2 5 26 O 30
772 376 1 2 0 C 0
S M L M S L M L S M L S M S L M S L M S L M S M L M S L M S M L S M L S M L S M L S M L S M L S M L S M L S M S L M S L M S L M L S M L S M S L M S M L S L
