5789 7267 218700 74 1899 0.5
550 4947 1 3 0 C 0
4943 1727 2 10 0 C 0
1817 1582 2 13 0 C 0
1003 796 1 4 0 C 0
1834 1833 1 30 0 C 0
1833 1832 1 43 0 C 0
4162 1819 1 51 0 C 0
1819 1838 1 44 0 C 0
1838 1839 1 44 0 C 0
1839 1840 1 44 0 C 0
1840 868 1 36 0 C 0
868 1798 1 10 0 C 0
1798 1807 1 45 0 C 0
1856 5278 1 17 0 C 0
5278 1824 1 30 0 C 0
4934 1673 1 26 0 C 0
1806 12 2 49 0 C 0
12 1817 2 8 0 C 0
4957 4954 1 47 0 C 0
1796 1831 1 7 0 C 0
1854 1865 1 44 0 C 0
1865 5488 1 5 0 C 0
5488 0 1 4 0 C 0
0 1881 1 12 0 C 0
1825 1847 1 37 0 C 0
1910 1911 2 13 0 C 0
1912 1913 2 22 121 O 30
1913 1914 2 15 80 O 10
1914 1915 2 15 80 O 30
1915 1916 2 22 118 M 10
1916 1917 2 37 205 O 30
1918 1919 2 12 0 C 0
4938 4122 1 56 0 C 0
1326 1329 2 20 110 M 10
1329 1328 2 5 25 O 30
1328 1327 2 5 25 O 20
1327 418 2 4 17 M 30
4117 1922 1 59 0 C 0
4119 1930 1 41 0 C 0
1931 4120 1 34 0 C 0
4096 4072 1 46 0 C 0
1938 1939 2 19 103 M 10
1940 852 2 7 0 C 0
852 848 2 1 0 C 0
848 851 2 2 0 C 0
851 846 2 4 0 C 0
846 847 2 2 0 C 0
847 1941 2 10 0 C 0
1942 1943 2 13 71 M 10
1949 4588 2 184 1021 O 30
4588 5531 2 69 381 O 10
1961 1962 2 23 122 M 20
1962 5026 2 30 0 C 0
5026 1963 2 41 0 C 0
1965 1964 1 11 56 O 10
1987 619 1 5 22 O 10
619 621 1 1 5 O 10
621 4449 1 1 3 O 10
4449 1986 1 32 172 O 10
1986 1985 1 41 227 O 10
1988 1989 2 20 110 O 30
1990 810 2 4 21 M 20
810 813 2 7 36 M 30
813 1991 2 7 38 O 20
1991 1992 2 15 79 O 10
1992 1993 2 25 137 M 30
1993 1994 2 15 82 O 20
1995 1996 2 32 174 O 30
1996 1997 2 36 195 O 30
1997 1998 2 23 128 M 30
1998 1999 2 8 43 O 30
2002 2001 1 10 51 O 10
2009 2008 2 15 83 O 10
2008 2007 2 23 0 C 0
2007 2006 2 47 0 C 0
2012 2013 2 26 139 M 10
2016 8 1 22 118 O 20
8 2015 1 7 35 O 30
2018 2019 2 44 241 O 20
2019 2020 2 14 73 O 30
771 2024 2 5 25 M 30
2024 2025 2 31 169 O 30
2025 2026 2 46 253 O 20
2026 2027 2 15 82 O 30
2027 2028 2 5 24 O 30
2028 2029 2 9 48 O 20
2029 2030 2 25 139 O 20
2031 2032 2 19 104 M 30
2032 2033 2 11 58 O 30
2033 2034 2 5 26 O 30
2043 163 2 8 41 O 30
163 2044 2 3 15 M 10
2045 108 2 3 15 O 20
108 2046 2 8 41 O 10
2046 165 2 10 51 O 20
165 2043 2 8 44 O 30
2047 844 2 40 218 O 30
844 213 2 3 16 M 30
213 1127 2 4 18 O 20
2048 2049 2 15 83 M 30
2049 2050 2 16 84 O 30
2050 2051 2 14 78 O 10
2051 2052 2 3 13 O 10
2052 2053 2 15 79 O 30
2053 2054 2 14 74 O 20
2054 2055 2 14 77 M 30
2057 2058 2 9 49 O 20
2060 2061 2 12 63 O 20
2061 2062 2 31 170 O 20
2062 2063 2 17 91 M 20
2063 2064 2 20 109 M 20
2064 2065 2 22 121 O 10
2065 2051 2 30 161 O 10
2051 2066 2 25 138 O 30
2381 2067 2 40 218 O 10
2068 2069 2 19 0 C 0
2069 2070 2 33 181 O 10
2070 2071 2 13 72 O 10
2076 2077 2 80 444 M 30
2077 4281 2 14 78 O 30
2082 4281 2 36 196 O 30
2083 2084 1 28 155 O 10
2084 2085 1 40 218 O 30
2085 2086 1 31 167 O 10
2088 2089 2 27 0 C 0
2100 2101 2 12 0 C 0
2107 2108 2 25 0 C 0
2108 2109 2 25 0 C 0
2109 2110 2 25 0 C 0
2110 2111 2 35 193 O 20
2112 2113 2 27 146 O 30
2113 2114 2 14 74 O 20
2114 2115 2 28 151 M 30
2002 2112 2 7 38 O 10
2116 2117 2 19 102 O 20
2117 2118 2 15 79 M 30
2118 2119 2 15 79 O 30
2119 2120 2 8 40 O 30
2120 2121 2 8 39 O 10
2121 2122 2 7 37 O 10
2122 2123 2 8 40 O 10
2124 2125 2 22 0 C 0
2125 4913 2 8 0 C 0
4913 2126 2 7 0 C 0
2126 4914 2 10 0 C 0
4914 2127 2 6 0 C 0
2127 2128 2 14 0 C 0
2128 2129 2 14 0 C 0
2129 2130 2 14 0 C 0
2130 1904 2 14 0 C 0
1904 2131 2 14 0 C 0
2131 2132 2 14 0 C 0
2132 231 2 14 0 C 0
5681 2134 2 6 28 M 30
5411 2135 2 7 39 O 10
2135 2136 2 23 123 M 10
2136 2137 2 23 126 M 10
2137 2138 2 23 126 O 10
2140 4910 1 11 57 O 20
2146 2147 2 15 0 C 0
2148 4719 2 5 28 O 20
4719 1967 2 8 43 O 30
1967 2149 2 21 114 O 30
2149 2150 2 35 193 M 10
2150 2152 2 21 113 O 30
2152 2153 2 15 83 O 10
2153 2154 2 16 83 M 30
2156 2157 2 16 85 M 20
2157 2158 2 11 56 O 20
2158 2159 2 14 77 O 30
2159 2160 2 14 77 O 20
2160 2161 2 14 77 O 10
2161 2162 2 15 78 O 10
2163 4406 2 14 75 M 30
4406 2164 2 3 12 M 10
2164 2165 2 12 63 O 30
2165 2166 2 4 17 M 20
2166 2167 2 15 83 O 10
2167 2168 2 23 124 O 20
2168 2169 2 23 127 M 30
2169 4301 2 8 43 O 20
4301 4303 2 8 40 O 10
4303 5412 2 6 31 O 20
2185 2186 2 14 77 O 20
2186 2187 2 25 134 O 30
2188 5547 2 3 0 C 0
5547 421 2 10 0 C 0
421 420 2 7 0 C 0
420 5546 2 5 0 C 0
5546 2189 2 12 0 C 0
2190 2191 2 10 53 O 30
2191 2192 2 15 82 O 20
2192 2193 2 15 82 M 10
2193 2194 2 15 81 O 10
2194 4150 2 13 72 M 20
2199 2198 1 35 194 O 20
2198 2197 1 25 133 O 20
2200 4412 1 4 18 O 30
4412 4414 1 4 22 M 20
4414 2201 1 25 136 O 10
2201 2202 1 31 0 C 0
2203 2204 2 34 185 O 30
2204 2205 2 30 165 O 20
2205 2206 2 16 87 O 10
2207 2208 2 10 50 O 30
2149 2209 2 9 49 O 30
2209 5096 2 9 45 O 20
5096 5099 2 5 24 O 10
5099 2210 2 9 49 M 10
2211 853 2 6 0 C 0
853 817 2 5 0 C 0
817 2074 2 3 0 C 0
2074 2073 2 6 0 C 0
2073 2212 2 23 0 C 0
2212 2213 2 19 0 C 0
2213 2214 2 2 0 C 0
2214 1927 2 11 0 C 0
1406 2217 2 6 33 O 10
2220 2221 2 35 0 C 0
2221 2222 2 35 0 C 0
1050 2229 1 31 167 O 20
2229 2228 1 22 122 M 20
2228 5567 1 16 84 O 10
5567 2227 1 9 44 O 10
2227 2226 1 12 62 O 20
2226 2225 1 14 73 O 20
2225 2224 1 14 73 O 20
2224 2223 1 14 73 O 10
2230 2231 2 19 105 O 30
2231 2232 2 57 312 O 10
2233 1979 1 40 221 O 30
1979 2159 1 39 212 O 10
744 2239 2 21 112 O 30
2239 743 2 7 38 O 20
2026 412 2 8 42 O 20
2024 2249 2 12 64 O 10
2249 2025 2 31 168 O 20
1983 2250 2 3 16 O 10
5226 5227 2 33 181 M 20
2258 4677 2 9 0 C 0
4677 2259 2 12 0 C 0
2259 1907 2 14 0 C 0
1907 2260 2 14 0 C 0
2260 2261 2 14 0 C 0
2261 2262 2 19 0 C 0
1194 2266 2 35 192 O 30
2266 2267 2 44 241 O 30
2268 2269 1 14 77 O 30
2269 2084 1 14 77 O 30
2084 2016 1 15 78 O 20
2016 2270 1 4 17 O 20
2274 2275 2 34 187 O 10
2275 2276 2 38 208 O 10
2276 335 2 7 35 M 30
335 2277 2 28 155 O 30
2277 2267 2 17 90 O 20
2267 2278 2 15 80 O 20
2278 2279 2 15 79 O 30
2279 2280 2 15 81 M 30
2280 2281 2 15 82 O 20
2281 2282 2 15 83 O 10
2282 2283 2 9 45 O 10
2285 2286 2 12 62 O 10
2286 2287 2 14 76 O 30
1117 197 2 24 133 M 20
2288 2289 2 18 100 M 30
2289 2135 2 15 80 O 20
2135 2290 2 14 77 O 20
2120 2294 2 15 81 O 20
2295 2296 2 14 76 O 10
2304 2303 2 15 82 O 20
2303 2302 2 15 80 O 10
2302 2301 2 19 102 M 10
2301 2300 2 20 106 O 30
2300 2299 2 15 80 M 30
2299 2298 2 14 77 M 30
2309 2310 2 37 203 O 10
921 2311 2 31 172 M 10
2312 2313 2 24 131 O 10
2313 2314 2 14 73 O 20
2313 2315 2 12 64 O 30
2317 2318 2 35 191 M 20
2318 2319 2 40 220 O 10
2319 2320 2 37 202 O 10
4874 2322 2 12 0 C 0
2258 2324 1 16 0 C 0
2324 2325 1 30 0 C 0
2326 2327 2 17 90 O 20
2327 2328 2 16 85 O 10
2328 2329 2 16 87 O 10
2334 4429 1 4 19 O 10
4429 2333 1 32 177 O 30
2333 2332 1 36 198 M 20
2332 2331 1 44 242 O 30
2335 2118 2 49 267 O 30
2118 2336 2 23 124 M 30
2336 2337 2 43 235 O 30
2338 2339 2 47 258 O 20
2340 2341 2 15 81 M 20
2341 2342 2 17 93 O 10
2342 2343 2 15 83 O 30
2343 2344 2 15 83 M 30
2344 2345 2 16 83 O 30
2346 2347 2 9 50 O 30
2347 2348 2 15 79 O 20
2349 2350 2 34 186 M 20
830 2352 2 7 37 O 30
2352 2353 2 14 77 O 20
2353 2354 2 14 76 O 10
2355 2356 2 13 0 C 0
2356 4266 2 3 14 O 20
2357 2358 2 13 0 C 0
2358 4676 2 2 0 C 0
4676 2359 2 8 0 C 0
2359 2360 2 14 0 C 0
2360 4631 2 8 0 C 0
4631 2059 2 8 0 C 0
2059 4630 2 10 0 C 0
4630 2308 2 6 0 C 0
2308 5405 2 2 0 C 0
5405 2361 2 15 0 C 0
2361 2362 2 18 0 C 0
2364 2365 2 15 80 M 10
2365 2366 2 11 59 O 10
2366 2367 2 9 45 M 30
2367 2368 2 7 34 O 30
1970 5035 1 23 124 O 30
5035 2374 1 16 85 O 30
2374 2373 1 9 46 O 30
2373 2372 1 4 20 O 20
2372 122 1 2 9 O 10
122 322 1 6 28 M 10
322 320 1 16 84 O 20
320 2371 1 24 133 M 30
2371 316 1 10 51 O 30
316 314 1 5 22 O 30
314 2370 1 9 48 O 30
2370 1096 1 37 203 O 30
786 4147 2 5 23 M 10
4147 2389 2 12 62 O 20
2389 2390 2 5 28 O 20
2390 2391 2 14 72 O 20
2391 2392 2 33 181 O 20
2392 2393 2 19 105 O 30
2393 1949 2 24 132 O 30
2399 2400 2 40 221 O 30
2402 2403 2 15 83 M 20
2404 2405 2 15 81 O 10
2405 2406 2 25 135 O 30
2407 2295 2 17 91 O 10
2295 2286 2 10 55 O 20
5226 2414 2 13 69 M 20
2414 2415 2 14 76 O 20
2415 2416 2 14 77 O 30
2416 2417 2 14 78 O 10
2417 5225 2 7 35 O 10
2419 2183 2 39 216 O 10
2183 2420 2 4 0 C 0
2420 2184 2 7 0 C 0
2184 2421 2 17 0 C 0
2424 2303 1 40 219 O 10
1088 708 2 2 11 O 20
2425 2417 2 27 150 O 20
2377 5071 2 8 43 M 20
5071 2426 2 9 47 O 30
2426 5073 2 8 40 M 30
5073 2427 2 9 45 O 10
2427 5070 2 8 42 O 10
5070 2428 2 7 38 M 10
2429 2430 2 20 108 O 30
2433 2434 2 6 31 M 20
2435 2434 2 2 10 O 30
2434 2436 2 3 15 M 30
2437 2438 2 14 75 O 10
2158 1980 1 37 201 O 10
1980 2439 1 40 221 M 30
2441 2442 2 18 97 M 20
2443 2444 2 16 85 O 20
2444 1916 2 16 85 O 20
1916 2445 2 16 85 M 10
2445 2446 2 15 79 O 30
2446 2447 2 43 235 O 30
2452 2453 2 33 182 O 20
2454 4288 2 53 294 O 10
2459 2342 2 35 190 O 10
2039 2460 2 19 100 O 30
2460 2461 2 20 110 O 10
2461 2462 2 20 110 O 30
2462 2463 2 38 211 O 10
2465 4015 1 20 110 O 20
2466 5666 2 7 0 C 0
5666 4649 2 1 0 C 0
4649 2467 2 8 0 C 0
2472 3996 2 16 84 O 30
3996 4286 2 16 83 O 30
4286 2064 2 14 77 O 20
2265 2473 2 9 0 C 0
2473 2474 2 16 0 C 0
2493 2494 2 37 202 O 10
2494 2495 2 4 17 O 10
2496 2512 2 15 0 C 0
2512 2513 2 15 0 C 0
2513 2514 2 15 0 C 0
2514 2325 2 15 0 C 0
2325 5306 2 8 0 C 0
5306 5307 2 6 0 C 0
5307 2515 2 8 0 C 0
2498 2499 2 20 0 C 0
2499 2500 2 16 0 C 0
2501 2502 2 17 90 O 20
2502 2503 2 10 55 O 20
2503 4318 2 3 14 O 20
4318 2504 2 8 43 O 20
2506 2507 2 6 32 O 20
2507 2508 2 15 80 M 30
2508 2033 2 15 79 O 10
2034 2509 2 19 105 O 30
2515 1908 1 15 0 C 0
1908 2516 1 14 0 C 0
2516 2517 1 15 0 C 0
2518 203 2 5 24 O 30
203 2519 2 5 23 M 20
2519 2520 2 11 60 O 30
2519 2521 2 8 43 O 20
2525 2526 2 17 90 O 20
2526 2527 2 15 81 O 10
2527 2528 2 15 78 M 10
2528 2529 2 15 81 O 30
2529 2530 2 14 78 O 30
2532 2533 2 15 0 C 0
2536 2537 2 13 68 O 30
2537 2520 2 7 34 M 30
2520 2538 2 8 43 M 10
2538 2539 2 20 107 O 30
2540 2047 2 8 41 M 30
2047 2541 2 5 24 O 20
2541 2542 2 8 44 O 30
2543 2544 2 29 156 M 20
2544 2485 2 27 145 O 10
2485 1091 2 2 10 O 30
1920 4097 1 13 0 C 0
4097 4095 1 10 0 C 0
2420 2556 2 10 0 C 0
1168 2561 1 7 0 C 0
2561 2560 1 14 73 M 10
2560 2559 1 15 78 O 30
2562 2563 2 20 110 O 30
2566 5327 1 55 301 M 20
5327 794 1 32 176 O 20
2568 2569 2 43 239 O 20
2528 2570 2 42 228 O 20
2571 4148 2 8 39 M 30
2572 2505 2 8 39 O 10
2573 2574 2 20 110 O 20
2577 2578 2 9 0 C 0
2579 2580 2 22 0 C 0
2580 1092 2 14 0 C 0
2365 2583 2 15 79 M 20
2584 2585 2 11 57 O 30
2587 2584 2 7 35 O 30
2584 2588 2 4 18 O 20
2393 2589 2 23 126 O 30
2591 2592 2 35 190 O 10
2592 2593 2 33 179 O 30
2595 422 2 10 0 C 0
422 2596 2 6 0 C 0
2596 423 2 7 0 C 0
423 2597 2 14 0 C 0
2597 2598 2 6 0 C 0
2598 1919 2 17 0 C 0
2599 2600 2 17 94 O 20
2600 2601 2 16 86 M 30
2601 586 2 10 55 M 20
586 2602 2 7 37 O 20
2604 2605 2 19 102 O 30
2606 2603 2 22 0 C 0
2603 2607 2 18 95 O 30
2607 2608 2 42 230 O 10
2608 2609 2 6 33 O 10
5228 1016 2 40 221 O 10
1016 2610 2 29 157 O 10
2610 2611 2 46 252 O 20
1914 2612 2 49 269 O 10
2511 1187 2 10 51 M 20
1187 2613 2 9 45 O 10
2613 2614 2 16 84 O 10
2618 2619 2 52 284 O 30
4306 2621 2 26 143 M 30
2621 2622 2 23 123 O 30
2622 2623 2 31 169 O 20
2629 2630 2 15 79 O 10
2630 2631 2 15 80 O 20
2631 2632 2 14 76 M 30
2632 2633 2 12 63 O 20
2634 2635 2 12 0 C 0
2637 4546 2 36 0 C 0
4546 4547 2 3 0 C 0
2639 2640 2 15 80 O 20
691 2642 2 25 135 O 30
2642 5418 2 4 22 M 20
5418 2643 2 13 68 O 30
2643 435 2 2 10 O 20
435 2585 2 17 94 O 20
2585 2644 2 7 37 O 30
2645 2646 2 37 0 C 0
2647 2648 2 25 0 C 0
2652 326 2 6 31 M 10
2653 2654 2 15 83 M 10
2487 2658 1 20 107 O 20
2658 2657 1 14 76 M 10
2657 5523 1 19 105 O 30
5523 2656 1 13 67 O 10
2659 2660 1 36 195 O 10
2660 2661 1 36 197 O 10
2663 2664 2 13 72 O 30
2664 5620 2 16 84 O 30
2178 2075 2 30 0 C 0
2075 2665 2 15 0 C 0
2666 2667 2 42 229 O 30
2667 1388 2 10 55 O 10
1388 5290 2 8 44 O 10
5290 5461 2 3 15 O 30
5461 4289 2 19 101 O 30
2628 2671 2 29 156 O 20
2671 2672 2 17 90 O 30
2672 2673 2 15 78 M 10
2673 2674 2 15 81 M 20
2674 2675 2 15 80 M 10
2675 2676 2 15 82 O 10
2676 2677 2 16 83 O 10
2684 172 2 9 47 M 20
172 2685 2 20 109 M 10
2685 2686 2 15 79 O 10
2689 2690 2 16 84 M 10
2690 2691 2 30 166 M 20
1403 2692 2 7 34 O 20
2694 2695 2 17 91 O 20
2695 2696 2 23 126 O 20
2697 2698 2 10 50 O 10
2105 2701 2 11 0 C 0
2701 4557 2 15 82 O 30
4557 5100 2 8 43 M 30
5100 5419 2 13 71 O 30
5419 5421 2 10 54 O 20
5421 2702 2 8 41 O 30
325 1137 2 3 11 M 10
2209 553 2 8 44 O 10
553 2704 2 11 56 O 10
2700 2713 2 16 86 M 30
2713 5235 2 9 45 O 30
5235 682 2 54 295 O 20
682 4783 2 1 4 O 20
4783 1130 2 6 28 O 20
2511 2715 2 14 75 O 30
2036 2722 2 15 79 O 10
2035 4199 2 12 64 O 10
2757 2331 1 15 78 M 10
2331 2756 1 14 78 M 20
2756 2755 1 14 78 O 10
2755 2659 1 15 78 M 30
2659 2754 1 16 84 O 30
2754 746 1 15 81 O 30
746 2753 1 15 80 O 10
2753 2752 1 15 80 M 10
2752 2200 1 15 80 O 20
2200 501 1 13 69 O 20
2758 2743 1 15 81 O 10
2764 2765 2 23 124 O 30
2765 2766 2 15 81 O 30
2766 5763 2 7 34 O 30
2767 922 2 12 62 M 10
922 2768 2 10 52 O 10
2769 2152 2 27 148 O 20
2151 2705 2 18 99 O 10
1995 2773 2 15 79 O 30
2773 2061 2 15 79 O 10
2061 2774 2 14 77 O 20
2775 2776 2 25 136 M 30
2777 2778 1 21 116 O 20
2779 2780 2 16 84 M 30
2780 2348 2 15 81 O 30
2348 2781 2 30 163 O 20
2789 2784 1 45 0 C 0
2784 2790 1 31 0 C 0
2790 2791 1 22 0 C 0
2791 2785 1 9 0 C 0
2785 4068 1 48 0 C 0
2792 2793 2 22 117 O 20
2795 2794 1 23 126 M 10
2680 2798 2 28 154 O 10
2798 2799 2 18 99 O 10
2799 1962 2 45 245 O 10
1962 2800 2 24 0 C 0
2800 2801 2 14 0 C 0
2801 2802 2 24 0 C 0
2804 2805 2 37 0 C 0
2805 2806 2 30 0 C 0
2741 2808 2 28 151 O 20
2808 2809 2 27 148 O 20
2590 2810 2 14 77 O 20
2810 2811 2 13 71 O 30
2765 2812 2 25 137 O 30
2813 2814 2 26 144 O 20
2814 2815 2 14 77 M 30
2815 2816 2 13 67 M 10
2817 2818 2 8 43 M 30
2822 2657 2 21 116 O 10
2823 1193 2 21 113 O 20
2824 2825 1 23 127 O 10
2825 2826 1 22 122 M 30
2826 2827 1 16 88 M 10
5231 4417 1 1 0 C 0
4417 2829 1 34 0 C 0
2829 2828 1 35 190 O 20
2828 2754 1 35 190 O 10
2831 2822 1 16 87 O 30
2822 2832 1 14 76 O 20
2833 2834 1 12 62 O 30
2834 2835 1 8 39 O 20
2835 2157 1 6 33 O 30
220 2839 2 18 99 O 30
2840 2839 2 8 43 O 20
2839 2841 2 21 116 O 30
2842 2843 2 29 160 O 10
2843 2844 2 21 113 O 10
2844 2845 2 20 106 O 10
2845 2423 2 15 81 O 10
2423 2846 2 18 96 O 30
2846 2847 2 20 107 O 20
2848 2681 2 17 91 O 10
2681 2799 2 27 147 O 20
2799 5532 2 13 70 O 10
661 2715 2 16 86 O 30
2852 2851 1 12 66 M 10
2853 2854 2 9 45 M 10
2855 2856 2 8 42 O 20
2856 2857 2 19 102 O 10
2858 2119 2 48 266 O 10
2119 2859 2 23 124 M 30
2859 2860 2 43 235 O 10
2865 2864 1 30 166 O 20
2864 2863 1 43 237 O 20
2863 2862 1 28 154 O 30
2166 1195 2 44 244 O 30
2867 2868 2 38 206 O 30
2871 2872 2 26 144 O 30
2872 2769 2 14 73 O 10
2769 2873 2 16 85 M 10
2874 709 2 29 158 O 10
2297 2875 2 40 220 O 20
2875 2876 2 43 235 O 20
2879 2572 2 28 150 O 20
2238 2878 2 16 84 M 30
2882 2883 2 14 77 O 20
2883 1056 2 9 48 M 30
2885 2886 2 15 78 O 30
2886 2887 2 14 77 O 10
2887 2631 2 26 142 O 20
2631 2888 2 23 122 O 10
2890 4726 2 7 35 O 30
4726 4721 2 4 20 O 10
4721 2889 2 7 37 O 20
2900 2378 2 33 179 O 10
2424 2907 2 16 85 M 10
2907 2908 2 15 80 O 10
2908 2909 2 15 81 O 20
2909 2409 2 15 81 O 10
2409 802 2 13 0 C 0
802 2408 2 2 0 C 0
2408 2910 2 15 0 C 0
2914 2915 2 20 106 O 20
2856 2919 2 30 163 O 10
2098 2920 2 25 137 O 30
2889 4722 2 5 27 O 10
4722 2921 2 9 50 O 10
2923 4267 2 13 68 M 30
2925 2571 2 15 80 M 20
2926 2927 1 17 91 O 20
2930 2931 2 7 36 O 20
2306 2933 2 25 135 M 20
2933 2934 2 23 124 O 20
2934 5359 2 21 115 M 30
5359 2935 2 10 53 O 20
2936 2937 2 30 166 O 10
2937 5127 2 19 101 O 10
5127 2938 2 11 58 M 20
2938 2531 2 27 148 O 20
2531 2939 2 47 258 O 10
2939 5510 2 26 141 M 10
5510 2940 2 17 93 O 20
1531 1261 2 11 56 O 10
1261 1263 2 7 36 M 30
1263 2943 2 6 31 M 20
2943 5757 2 2 7 M 10
5757 88 2 8 40 O 10
88 5759 2 3 14 O 10
5759 1246 2 3 16 M 30
1246 5753 2 12 65 O 20
5753 2944 2 13 72 O 10
2950 2949 1 13 68 O 10
2949 4791 1 8 40 O 30
4791 2270 1 18 96 M 10
2739 2952 2 29 161 O 30
2952 2953 2 26 141 O 30
2953 2954 2 25 133 M 20
2955 2956 2 20 108 O 20
2956 2957 2 23 126 M 10
2957 2958 2 22 119 O 10
2959 1192 2 16 88 O 10
5481 2960 2 21 114 O 30
2962 2629 2 26 144 O 10
2629 5048 2 14 76 M 10
2963 5049 1 29 159 O 10
2835 1981 2 30 161 O 10
1981 2964 2 40 220 O 20
2964 2965 2 22 121 O 10
2965 93 2 3 11 M 30
2510 2850 1 15 78 O 10
2971 2720 2 20 111 O 30
2720 2973 2 13 69 O 10
2973 2974 2 14 77 M 30
2974 2975 2 15 81 M 30
2041 2971 2 21 114 O 30
2801 5503 2 16 0 C 0
5503 2683 2 7 0 C 0
2683 5263 2 2 11 O 10
5263 2977 2 16 88 O 10
2978 2575 2 41 224 O 10
2979 882 2 1 3 O 10
882 5462 2 1 4 O 10
5462 2980 2 16 84 O 20
2973 2981 2 25 134 O 20
2982 609 2 12 63 O 30
609 2983 2 12 63 O 20
2983 2984 2 8 41 O 30
2984 1333 2 4 19 O 20
1333 2985 2 8 41 O 20
2985 2986 2 10 53 O 20
2986 2017 2 21 115 O 20
2017 4550 2 6 0 C 0
4550 4083 2 8 0 C 0
4273 2987 2 6 30 O 20
2987 2988 2 9 47 O 10
2988 2989 2 5 23 O 10
2990 2987 2 12 63 O 20
4271 2988 2 12 65 O 30
4272 2990 2 3 16 O 20
2990 4271 2 9 46 O 10
4271 2991 2 3 13 M 20
2392 2992 2 12 64 M 30
2992 2993 2 4 17 O 10
2994 2992 2 12 65 O 30
2996 2995 1 31 167 O 30
2995 2269 1 39 212 O 30
2269 2896 1 33 178 O 10
2997 2998 2 10 51 O 30
2076 2999 2 13 67 O 30
3002 3001 2 16 84 O 30
3001 1901 2 7 39 M 10
3005 3004 1 8 44 O 10
3004 4341 1 7 35 O 10
4341 2229 1 8 41 M 10
2229 2826 1 14 76 O 30
2826 2412 1 14 76 O 20
3011 3012 1 41 224 M 30
3012 4448 1 32 173 O 10
2602 4654 1 29 159 O 10
4654 1530 1 4 21 M 20
1095 801 1 5 26 O 20
801 3020 1 50 276 O 30
3026 2882 2 26 141 M 20
2882 3027 2 13 71 M 20
3027 2946 2 29 160 M 20
3029 762 1 22 117 M 30
762 3028 1 1 6 O 30
2685 3031 2 37 203 O 20
3032 3033 2 47 0 C 0
2019 3034 2 24 132 M 10
3034 3035 2 15 79 O 10
3035 2569 2 15 80 O 20
2569 3036 2 16 86 O 10
4025 3040 1 34 184 O 30
3040 3039 1 17 92 O 20
3039 3038 1 26 143 M 10
3038 3037 1 28 155 O 10
3037 2732 1 28 153 M 10
3043 3044 2 8 40 O 30
3048 3049 2 16 84 O 20
3049 2794 2 8 43 O 20
2794 103 2 4 20 M 30
103 5377 2 16 85 M 20
5377 100 2 9 47 M 10
100 3050 2 9 49 O 20
3050 3051 2 15 80 O 20
3051 3052 2 15 81 M 30
3052 3053 2 19 103 M 10
3053 3054 2 19 103 O 10
3054 2424 2 16 85 M 20
2198 3055 2 15 79 O 20
3055 3056 2 15 79 O 30
3056 2544 2 15 80 O 10
2544 2832 2 15 79 O 30
2832 2658 2 21 117 O 30
2658 3057 2 8 39 O 20
3058 170 2 3 15 O 10
170 3059 2 9 49 O 10
3027 3060 1 17 92 O 30
2422 3061 2 36 0 C 0
3061 3062 2 39 212 O 20
793 3063 2 93 514 M 30
2727 3064 1 34 188 O 10
3065 2632 2 24 131 M 30
3066 3067 2 18 96 O 30
3068 3069 2 15 79 O 10
3069 3070 2 14 75 O 10
3070 3071 2 11 56 O 30
3071 2187 2 22 121 O 30
2187 3072 2 16 86 O 20
3072 2343 2 37 200 O 20
3073 3074 2 11 57 O 20
3074 4821 2 38 208 O 30
4821 210 2 1 3 O 30
210 1124 2 4 19 O 20
3078 3079 2 22 122 O 30
3079 3080 2 30 162 O 30
3087 5576 2 16 0 C 0
5576 1401 2 11 0 C 0
1401 3088 2 11 0 C 0
3091 4419 1 3 0 C 0
4419 3090 1 34 187 O 20
3090 3089 1 36 198 O 30
3089 2755 1 38 210 O 10
3093 2223 1 24 129 O 10
2223 2488 1 39 214 O 30
3094 430 2 13 67 O 10
430 3095 2 2 7 O 30
3095 3096 2 14 75 M 30
3095 522 2 5 25 O 10
522 520 2 5 22 O 30
520 2855 2 28 153 O 30
2855 426 2 9 45 O 20
426 428 2 15 79 O 10
428 3097 2 6 28 O 10
3098 3099 2 31 167 O 10
3099 3100 2 57 315 O 30
787 3106 2 16 84 M 10
3106 3107 2 39 214 O 30
3107 5376 2 14 74 M 10
5376 821 2 15 82 O 10
2368 3110 2 11 56 O 30
3110 2404 2 10 54 M 30
2404 3111 2 26 141 O 20
3111 3112 2 29 161 O 20
3112 3113 2 9 48 O 20
3113 2317 2 7 34 O 10
2317 2274 2 14 77 O 10
2274 2590 2 15 82 O 10
3116 185 2 7 39 O 10
185 3117 2 10 54 O 10
3121 4741 2 4 19 M 10
4741 3122 2 12 65 O 20
3122 3123 2 17 93 M 30
3123 3124 2 14 75 O 20
3124 3108 2 14 77 O 30
3125 3126 1 15 81 O 20
2532 2222 2 5 0 C 0
4011 3131 2 30 165 O 20
3131 2193 2 33 178 O 10
2193 1066 2 7 34 O 30
3132 2507 2 38 207 O 30
2492 463 1 25 135 O 20
463 4338 1 17 92 M 20
4338 3005 1 6 32 O 20
3005 3135 1 31 169 M 20
3136 4387 1 12 63 O 30
4387 2757 1 4 20 M 30
3138 3139 2 35 194 O 30
3139 3140 2 22 117 M 10
3146 3147 2 13 68 O 10
3151 3152 2 19 102 O 10
2458 2452 2 15 83 O 30
2452 2350 2 17 89 M 20
2350 3155 2 16 87 M 10
3155 3156 2 7 36 M 30
3156 2000 2 45 247 O 10
2000 3157 2 24 130 O 20
3157 3158 2 15 80 O 30
3158 3159 2 15 80 M 20
3159 3160 2 15 82 O 20
3160 3161 2 15 80 M 30
3161 3162 2 20 108 O 20
774 3165 2 18 0 C 0
3165 3166 2 22 0 C 0
1963 2763 2 10 0 C 0
2763 3170 2 8 0 C 0
3114 3171 2 29 158 M 20
3171 2630 2 28 155 M 20
2630 3172 2 25 133 O 30
2535 1991 2 22 117 O 20
3173 3174 2 28 154 O 30
3174 3175 2 29 160 O 30
3175 3176 2 35 190 O 10
3177 2121 2 49 269 O 20
2121 3178 2 23 124 O 10
3178 894 2 17 94 O 30
894 892 2 8 43 O 30
892 3179 2 18 96 O 10
3179 3180 2 16 84 O 20
3180 1047 2 8 41 O 30
1047 1015 2 27 147 M 20
3183 1273 1 9 47 M 20
1273 2600 1 20 110 O 20
2600 2480 1 23 125 O 30
2237 3191 1 34 184 M 30
1099 4779 2 3 16 M 30
4779 214 2 1 2 M 20
214 4776 2 4 21 O 20
4776 823 2 2 8 O 30
823 2542 2 39 212 O 10
2456 2206 2 14 74 O 10
2206 3193 2 16 84 O 30
3193 3194 2 15 81 M 20
3194 3195 2 15 79 M 20
3195 1993 2 21 115 O 30
3199 2266 2 17 90 M 30
2266 3200 2 15 80 O 20
3200 3201 2 15 79 O 30
3201 3202 2 15 81 M 10
3202 3203 2 15 81 O 20
3203 3204 2 15 81 M 20
3204 2910 2 38 209 O 10
3206 3205 1 9 50 O 10
1156 3209 2 24 128 M 20
3211 1984 2 28 153 O 20
1984 3212 2 12 64 M 20
3212 5264 2 1 5 M 30
5264 784 2 17 92 O 30
2391 3210 2 26 143 O 20
3214 2643 2 19 103 O 30
4268 4269 2 46 253 O 30
2935 2623 1 13 71 O 20
2623 4862 1 15 78 M 20
4862 2691 1 14 77 M 30
2691 3217 1 14 73 M 30
3220 2409 2 40 221 O 30
3221 3222 2 29 156 M 10
3222 3194 2 37 205 M 30
3223 3224 2 7 34 O 30
2160 1978 1 41 223 O 20
1978 3225 1 40 220 O 20
2330 2663 2 22 121 O 30
2663 3227 2 15 80 M 10
3227 3228 2 15 82 O 20
3228 1153 2 39 213 O 30
1153 1152 2 2 8 M 10
3229 3230 2 9 49 O 10
3230 2082 2 15 81 M 20
3231 2927 1 25 133 O 10
2927 1982 1 8 42 O 10
1982 2833 1 17 94 O 10
2833 3232 1 16 87 O 10
3122 3233 2 28 151 O 30
3233 3234 2 22 118 O 10
5229 764 2 8 40 O 10
3236 2352 2 28 153 M 20
2352 822 2 21 112 M 30
3237 3238 2 6 32 O 10
3238 3239 2 6 32 O 20
2702 3238 2 12 62 O 20
3240 3206 1 8 39 M 30
2637 3242 2 15 0 C 0
3242 3243 2 15 0 C 0
2388 3244 2 27 149 O 30
3244 3245 2 26 140 M 10
3245 3246 2 14 75 O 20
3246 2354 2 14 75 O 30
2354 789 2 12 67 O 10
2712 3252 2 22 118 O 10
3254 3255 2 7 39 O 30
3256 3257 2 41 228 M 20
2244 3258 2 6 31 M 20
3260 3261 2 23 126 O 30
3261 3262 2 23 126 O 20
3263 3264 2 29 158 O 10
3265 3266 1 17 91 M 30
3266 4049 1 34 187 O 20
124 3267 2 2 9 O 30
3267 3268 2 29 156 O 30
3270 3269 1 17 90 O 20
2734 2403 2 14 75 O 10
2403 3271 2 14 77 O 10
3271 3272 2 29 157 O 30
3276 3275 2 16 84 M 20
3277 3278 2 7 35 O 30
3278 3279 2 23 127 O 10
3279 3280 2 24 129 M 20
2022 2023 2 16 85 O 10
2023 5543 2 2 10 O 10
5543 2788 2 51 281 O 10
2788 3281 1 7 37 O 30
3282 2568 2 14 77 M 10
2568 3283 2 15 83 O 30
4868 3284 2 8 0 C 0
3284 2321 2 6 0 C 0
2321 3285 2 2 0 C 0
3285 2322 2 12 0 C 0
3287 3288 2 4 18 O 30
3288 2964 2 14 76 O 20
2964 2439 2 14 76 O 20
2439 2233 2 14 77 O 20
2233 3225 2 14 76 O 20
3225 3289 2 14 78 O 10
3289 2903 2 14 76 O 30
2903 3024 2 14 76 O 30
3024 3290 2 14 76 O 30
3290 3291 2 14 76 O 10
3291 3077 2 14 77 M 30
3077 3292 2 14 0 C 0
3293 1186 2 11 58 M 20
3294 3295 2 32 176 O 30
3295 2455 2 23 123 M 20
2455 2205 2 16 86 O 10
3299 3211 2 14 74 M 30
3301 5051 2 9 47 O 20
5051 4198 2 16 89 O 20
2723 3306 2 39 215 O 30
3306 3307 2 45 246 O 20
3309 3310 2 34 185 O 20
3311 2949 2 12 67 M 20
1949 2400 2 8 44 M 20
2400 2081 2 14 76 M 10
2081 3312 2 39 214 O 10
3312 3313 2 71 393 O 20
3313 2961 2 2 9 M 20
2961 850 2 25 134 M 30
3315 3314 1 25 138 O 10
3317 3318 2 8 42 O 10
3318 3319 2 6 30 M 10
3320 4382 1 4 20 O 20
4382 4380 1 3 16 O 20
4380 3321 1 18 95 O 30
3321 3004 1 22 122 O 30
3323 3324 2 59 0 C 0
2112 2001 2 7 34 O 30
1102 931 2 30 166 O 30
3289 1977 1 40 220 O 20
1977 2161 1 43 235 O 20
3327 5368 2 9 0 C 0
5368 2263 2 26 0 C 0
2263 2500 2 18 0 C 0
4145 183 2 5 25 O 20
183 5255 2 3 14 M 20
5255 177 2 4 21 M 30
177 5258 2 6 29 O 20
5258 3395 2 4 21 O 10
2883 3406 2 26 142 O 30
3406 3407 2 15 78 O 10
3407 3408 2 14 75 O 10
3408 4270 2 7 37 O 20
3007 3409 2 31 168 O 10
2641 4562 2 39 212 O 10
4562 5381 2 13 70 O 20
5381 5380 2 8 41 O 30
5380 2702 2 14 73 O 10
2702 3205 2 12 66 O 20
3205 3410 2 7 39 O 20
2773 3411 2 32 173 O 20
3411 3412 2 16 89 O 30
3412 2471 2 22 117 O 30
2468 1998 2 12 64 O 20
2186 3414 2 14 77 O 30
3414 2341 2 32 177 O 20
2432 5056 2 12 66 O 20
5056 2285 2 8 40 O 20
2285 3416 2 21 116 O 10
3418 3419 2 3 15 O 20
3419 3420 2 14 76 O 30
3420 2296 2 6 28 O 20
2296 2287 2 11 57 O 20
2287 3416 2 12 64 O 20
3416 3421 2 9 47 O 30
3117 3151 2 16 87 O 10
3422 3423 2 25 134 O 20
3424 4391 1 8 39 O 10
4391 4393 1 4 20 O 30
4393 3425 1 14 77 O 20
3425 3008 1 22 122 M 20
3008 3426 1 31 168 O 30
3426 3271 1 22 122 M 10
3271 3267 1 15 81 O 30
3267 3037 1 15 81 O 30
3037 3427 1 15 79 O 20
3427 3428 1 18 97 M 30
3428 3429 1 15 81 M 10
3429 2862 1 15 79 M 30
3431 3112 1 35 194 M 30
3143 2246 2 14 76 O 20
3395 3192 1 11 60 O 10
3269 3265 1 15 80 O 30
3265 3039 1 15 80 M 20
1610 3434 2 8 43 M 10
3434 5566 2 6 30 O 10
5566 2413 2 3 14 O 30
2413 3435 2 6 32 M 30
3435 2827 2 13 67 O 20
2827 1052 2 15 83 O 10
1052 1051 2 4 17 O 20
3244 3106 2 14 76 M 20
3106 4146 2 7 37 O 30
2722 2039 2 38 208 O 30
3435 3474 2 24 131 M 10
3474 3475 2 7 35 O 20
3482 3483 2 25 0 C 0
3483 3484 2 25 0 C 0
3484 3485 2 25 0 C 0
3485 3486 2 39 216 M 10
1140 3492 2 27 148 O 10
5518 66 1 5 27 O 30
66 1179 1 4 19 O 10
1179 3472 1 5 25 O 10
3493 3454 1 7 35 O 20
3494 3493 1 8 41 O 30
2891 3495 2 9 47 O 20
3499 3009 1 31 168 M 30
3009 3498 1 22 122 O 20
3498 4355 1 16 85 O 20
4355 3497 1 10 53 M 10
3500 3501 2 20 107 O 10
3501 3502 2 23 126 O 30
3502 3503 2 23 126 O 20
3503 2290 2 23 124 O 20
3412 2063 2 15 79 O 20
3441 3159 2 50 276 O 10
3506 3507 2 29 160 O 20
3507 3803 2 28 152 O 10
3803 3139 2 15 80 O 20
3139 2239 2 14 75 O 20
2458 3236 2 14 74 M 30
3236 3508 2 14 77 O 10
3508 3245 2 14 74 O 20
2376 3178 2 14 78 O 30
3178 2859 2 15 79 O 30
2859 2336 2 15 79 M 30
2336 2447 2 15 79 O 30
2426 1314 2 8 40 O 30
1314 1313 2 3 14 O 20
1313 1310 2 8 41 M 10
1310 1309 2 3 14 O 30
1309 1308 2 7 35 O 30
1308 1307 2 4 20 M 30
1307 1306 2 7 37 M 10
1306 1305 2 3 14 O 30
1305 2841 2 12 64 O 10
2841 571 2 3 16 M 30
571 2375 2 10 53 M 10
3512 3513 2 37 0 C 0
3514 3515 2 11 59 M 10
3516 618 2 9 49 O 10
2372 3517 1 14 75 O 30
2444 3518 2 36 197 M 20
3519 3042 2 9 49 O 20
4280 2078 2 30 164 O 30
2815 3520 2 9 45 O 20
3521 3520 2 3 16 O 20
3520 3522 2 3 16 M 30
3453 3494 1 3 11 O 20
3494 5060 1 9 48 O 10
5060 3420 1 12 65 M 20
2416 3523 2 29 161 M 30
2894 2268 1 39 213 O 10
2268 3525 1 38 207 O 30
3525 3526 1 31 167 O 10
3526 2902 1 10 54 O 30
2902 3022 1 14 76 M 10
3022 3527 1 14 76 O 10
3527 3528 1 14 76 M 20
3528 3076 1 14 76 O 20
3076 3529 1 14 76 M 10
3531 3532 2 5 22 O 30
3532 3533 2 3 13 O 20
3442 3532 2 7 39 M 30
3534 2814 1 21 113 O 10
3535 3536 2 7 36 M 20
3419 3537 2 2 8 O 10
3537 3538 2 21 113 O 10
3418 3452 1 12 67 M 10
2493 4327 1 6 31 O 20
4327 3163 1 30 166 O 10
3070 3539 2 15 79 M 10
3392 2411 1 12 66 M 10
2411 2825 1 14 76 O 10
2825 2228 1 14 76 O 10
2228 3321 1 14 76 M 10
3321 463 1 12 65 M 10
3354 630 1 2 11 O 20
630 849 1 2 11 O 30
849 626 1 2 7 M 10
626 631 1 3 13 M 10
631 3542 1 31 168 O 20
3542 3541 1 40 222 M 10
3544 3545 2 27 146 O 30
3545 3546 2 19 100 O 30
3313 2082 2 9 45 O 30
3548 3249 2 117 646 M 30
3249 3549 2 14 74 O 20
3549 3235 2 15 81 O 20
3235 3401 2 13 71 O 30
3432 3198 2 14 77 O 20
3551 3552 2 22 119 M 30
3552 755 2 15 80 O 10
3555 3556 2 9 48 M 30
3557 3558 2 57 316 M 20
2894 4809 2 17 92 O 10
4809 2707 2 16 87 M 20
3560 3561 2 14 78 O 10
3561 310 2 31 169 O 10
310 5040 2 1 2 O 20
5040 1123 2 10 53 O 30
2040 3562 2 9 49 M 30
3562 2970 2 20 109 O 20
2970 2719 2 20 110 O 30
2719 3563 2 40 218 M 30
3563 2953 2 15 83 O 30
2953 3303 2 16 87 O 30
3303 2809 2 16 88 O 30
2809 3564 2 15 79 O 10
3564 3565 2 15 80 O 10
3565 3566 2 15 80 M 30
2154 53 2 11 58 M 20
53 2707 2 30 162 M 30
3287 3569 2 8 43 O 20
2491 2226 1 32 176 O 20
2226 4395 1 18 97 O 10
4395 3391 1 6 32 O 20
3573 3574 2 14 0 C 0
3574 2920 2 14 77 M 20
2920 3575 2 15 81 O 10
2069 3577 2 36 198 O 30
3577 2070 2 24 129 O 20
2731 3427 1 28 155 O 10
3427 3578 1 28 155 O 20
3578 2604 1 15 81 M 20
2604 2914 1 14 76 O 10
2914 3579 1 14 78 M 30
3579 2777 1 17 90 M 20
2777 4024 1 17 90 O 10
2235 2571 2 6 31 M 30
804 3223 1 12 62 O 30
3223 3580 1 32 176 O 20
2133 3582 2 14 0 C 0
3582 3583 2 15 0 C 0
3583 2012 2 15 0 C 0
2012 3584 2 14 78 O 30
2536 3585 2 7 36 O 30
3585 3586 2 10 55 O 20
3586 3587 2 5 24 O 20
3587 5140 2 2 10 O 20
3588 3000 2 20 108 M 30
3000 5039 2 11 59 O 20
5039 1139 2 10 55 O 20
3593 3588 2 5 25 O 20
3594 3595 2 53 291 M 10
3596 3597 1 14 76 O 20
3597 3315 1 14 76 O 10
2299 3051 2 29 157 O 10
3051 3598 2 44 244 O 30
3598 3203 2 44 243 O 30
3203 2281 2 45 245 O 30
2281 2676 2 44 243 M 10
2676 3599 2 28 151 O 10
3438 5599 2 2 7 O 20
5599 3600 2 31 169 O 20
3600 3193 2 40 221 O 20
3468 331 2 14 75 M 20
331 329 2 6 30 M 10
329 330 2 2 9 O 10
330 331 2 4 17 M 30
2710 3601 2 22 119 O 30
3602 3603 2 21 116 O 20
5621 1057 2 8 43 O 20
3607 4143 2 13 68 O 30
3398 3608 2 16 88 M 30
3608 3609 2 15 80 O 20
3609 2062 2 15 78 O 10
2062 3411 2 15 78 M 20
3411 1996 2 15 78 O 30
1996 3610 2 13 71 O 30
3610 3611 2 15 79 O 10
3611 3507 2 15 79 M 10
3507 3612 2 15 78 O 10
3612 3191 2 9 48 M 30
3191 3138 2 16 89 O 20
3138 2238 2 12 64 O 20
2383 3613 1 32 177 O 30
3614 2478 2 33 0 C 0
3615 3550 1 13 72 M 10
3550 3616 1 56 310 O 10
3616 3617 1 21 116 M 30
3440 3618 2 24 129 O 10
3618 3158 2 37 201 O 20
3621 3611 2 31 167 M 30
3611 2470 2 35 189 O 30
2470 3620 2 11 56 O 30
5252 3622 2 60 0 C 0
3622 2945 2 38 209 O 10
2945 2881 2 42 229 M 20
3605 4888 2 27 145 O 10
3392 4344 2 7 37 O 20
4344 3624 2 9 47 O 30
3583 3626 2 25 0 C 0
2816 1915 2 13 68 O 30
1915 3627 2 50 278 O 20
3627 3509 2 15 82 O 10
3509 3628 2 15 83 O 10
3628 2116 2 8 41 O 20
2116 3629 2 50 273 O 30
3629 3594 2 15 83 O 30
3594 3630 2 15 79 O 20
3630 2976 2 15 79 M 30
3631 3632 2 7 39 M 20
3632 3569 2 14 74 O 30
3633 2811 2 35 194 M 10
2811 1942 2 19 105 O 30
1942 3146 2 14 76 O 20
3146 3634 2 80 439 M 20
2371 3590 2 15 82 O 10
3488 2665 2 30 0 C 0
3399 3233 2 16 85 O 10
3088 3646 2 18 0 C 0
3646 2802 2 13 0 C 0
3581 3598 2 15 78 O 30
3598 3647 2 15 80 O 20
3647 2909 2 41 227 O 20
3649 2385 1 17 93 M 10
3650 3649 1 7 37 O 30
3651 3652 2 10 52 O 30
3652 3653 2 12 65 O 20
3587 3654 2 21 115 O 30
3654 3585 2 6 33 O 30
3455 3655 2 28 151 M 30
3655 3567 2 28 155 M 10
3464 1463 1 8 41 O 30
1463 4729 1 2 8 O 10
4729 4727 1 3 14 O 10
4727 1466 1 4 21 M 20
1466 2921 1 5 25 O 30
3656 3657 2 49 270 O 10
3657 3658 2 29 159 M 20
3658 3062 2 14 76 O 30
3062 3659 2 8 44 O 30
2895 4172 2 13 72 O 20
4172 2708 2 22 117 O 30
2866 3536 2 33 181 M 10
3536 3408 2 15 80 O 20
3660 2079 2 38 210 O 20
3161 3444 2 22 121 O 30
3444 4321 2 41 225 O 30
4321 2501 2 6 28 O 20
1957 3144 2 16 0 C 0
3144 2804 2 15 0 C 0
2804 1944 2 15 0 C 0
1944 2645 2 15 0 C 0
2221 3524 2 18 0 C 0
3524 3665 2 15 0 C 0
3665 3571 2 15 0 C 0
3571 3664 2 15 0 C 0
3664 3663 2 15 0 C 0
3663 18 2 15 0 C 0
18 3662 2 20 0 C 0
3666 3667 2 29 159 O 30
5251 3407 2 50 272 M 20
3668 3669 2 10 55 O 10
3669 1109 2 14 77 O 20
3670 3671 2 15 81 O 10
3673 2893 1 21 111 O 20
3674 2697 2 23 125 O 30
2697 3043 2 15 79 M 20
3671 3672 2 28 151 O 30
3672 2207 2 12 62 O 20
1447 1045 1 5 25 O 10
1045 4858 1 12 62 O 20
4858 1452 1 31 170 M 20
2038 3675 2 20 110 O 30
3675 2969 2 20 110 M 30
2969 2718 2 20 110 O 10
2718 3676 2 37 203 O 20
3676 2952 2 15 80 O 20
2952 5774 2 11 56 O 20
3069 3624 2 15 78 O 10
3624 3682 2 8 42 O 30
3682 2185 2 14 75 O 20
2185 2341 2 49 271 O 30
2966 3584 2 18 100 O 20
3584 3683 2 25 138 O 30
2373 3685 1 7 35 O 10
3685 2374 1 14 77 O 30
3686 2834 1 16 87 O 20
767 2982 2 20 106 M 20
2982 607 2 22 119 O 30
607 2450 2 16 88 O 10
3687 3688 2 10 54 O 20
3688 3689 2 7 35 O 20
3689 3690 2 15 80 M 10
3688 3691 2 6 31 M 30
3692 2467 2 41 0 C 0
3684 5374 2 6 0 C 0
5374 3693 2 16 0 C 0
3693 2101 2 3 0 C 0
3694 4871 2 2 0 C 0
4871 4870 2 4 0 C 0
4870 3684 2 12 0 C 0
2103 3694 1 11 0 C 0
2932 3696 2 54 296 O 30
3696 3638 2 127 703 O 10
2932 4275 2 20 106 O 30
3280 759 2 7 38 O 20
3708 3184 1 18 0 C 0
3184 3709 1 16 0 C 0
3709 3016 1 17 0 C 0
3016 2201 1 15 0 C 0
2201 3710 1 15 80 O 30
3699 5363 2 2 10 O 30
5363 5361 2 4 20 O 20
5361 3715 2 6 32 O 10
2613 1188 1 12 63 M 20
1188 3449 1 10 53 O 20
3725 3726 2 11 59 O 20
3727 3728 2 35 189 O 10
3728 3729 2 19 103 O 20
3729 3730 2 7 37 O 30
3730 3059 2 15 83 O 30
3059 3731 2 9 47 M 10
3731 2693 2 5 23 O 10
2693 2930 2 2 9 O 10
2930 3732 2 6 31 M 10
3732 3733 2 6 30 O 20
3733 2218 2 3 13 M 30
2218 3725 2 9 47 O 10
3725 3734 2 8 43 M 20
3734 3736 2 5 23 M 30
2484 3056 1 30 162 O 30
3056 3388 1 28 151 O 10
2753 3711 1 34 183 M 30
3711 3737 1 33 181 M 10
1084 3200 2 36 199 M 10
3200 2278 2 44 241 O 30
2278 3738 2 14 77 O 20
3738 3066 2 11 57 O 30
3066 3690 2 7 36 O 10
3690 2673 2 13 71 M 30
2673 89 2 30 161 O 10
89 3721 2 4 19 O 30
2509 2849 2 15 83 M 20
2849 659 2 10 53 O 20
2757 4389 1 3 15 O 30
4389 3713 1 44 244 M 20
3713 3743 1 36 198 O 10
3743 248 1 28 155 O 10
248 3351 1 7 38 M 10
2415 3642 2 31 169 O 20
2379 2449 1 57 313 O 30
2398 3745 1 33 180 O 20
3746 3747 2 23 128 M 30
3747 3748 2 23 127 O 30
3748 3706 2 23 126 M 30
3706 2289 2 23 124 O 20
2289 3749 2 23 126 M 10
3749 3750 2 16 85 O 10
3732 3751 2 7 35 O 30
2635 3614 2 15 0 C 0
3614 3752 2 14 76 O 10
3753 3754 2 19 105 O 10
3754 17 2 19 105 O 30
17 3755 2 4 22 O 20
3755 3705 2 22 119 M 20
3756 2292 2 20 106 O 30
3757 2408 2 39 216 M 30
3759 2155 2 28 154 O 30
2100 3761 2 6 0 C 0
3761 3762 2 8 41 O 20
3164 3763 2 14 0 C 0
3570 3632 2 9 47 O 10
3764 3765 2 17 89 O 30
1380 2390 2 38 208 O 30
4014 2465 2 17 92 O 10
2465 2293 2 7 38 O 20
3772 4866 2 9 49 O 10
3695 3549 2 47 260 M 30
3549 3773 2 25 137 O 20
3775 3201 2 35 192 O 20
3201 2279 2 44 241 O 30
2279 2674 2 44 241 O 10
2674 3722 2 32 172 O 30
3776 919 2 26 144 O 30
919 5237 2 1 4 O 20
5237 5238 2 3 15 O 30
5238 5239 2 3 12 M 10
5239 5240 2 4 19 O 30
5240 3651 2 2 11 O 10
3651 2272 2 8 44 O 20
2272 2713 2 18 100 O 10
2713 2699 2 18 99 O 30
2699 3209 2 10 50 O 30
3209 3777 2 11 60 O 30
3777 1157 2 6 31 O 20
3780 3781 2 9 45 O 30
3781 3002 2 16 85 M 20
3002 3588 2 14 73 O 20
3782 3736 2 35 190 O 10
2097 3574 2 25 135 O 10
3607 791 2 16 86 O 20
2243 3783 2 9 47 O 10
3778 209 2 37 205 O 30
209 1118 2 4 22 M 20
3786 4479 2 27 0 C 0
4479 3787 2 4 0 C 0
3787 1054 2 3 0 C 0
1054 1053 2 11 59 M 20
1053 4541 2 4 22 O 20
4541 361 2 18 97 M 20
361 3788 2 4 19 O 10
3788 5403 2 8 39 O 30
5403 5749 2 11 61 M 20
5749 2944 2 19 104 O 30
2329 3793 2 51 282 O 30
3793 1121 2 38 210 O 20
1121 1136 2 2 8 M 20
3794 3795 1 15 78 M 30
3796 3797 2 4 20 M 10
3797 3798 2 12 64 M 20
3798 3799 2 6 29 O 30
3798 3794 1 8 43 O 20
3797 3795 2 10 54 O 20
3795 3537 2 8 39 M 20
3669 2709 2 22 118 O 10
3801 2557 2 13 0 C 0
2557 3667 2 14 0 C 0
3667 3658 2 14 76 O 20
3658 3174 2 15 79 O 30
3174 3080 2 16 84 O 30
3080 1016 2 6 29 M 10
3443 3160 2 37 202 O 30
3802 3612 2 27 146 O 30
3612 3803 2 33 183 O 10
5588 3807 2 7 34 O 20
3807 4696 2 10 55 O 30
4696 1167 2 7 37 O 20
3811 3528 1 44 244 M 10
3528 1973 1 61 337 M 10
1973 3291 1 40 221 O 10
3291 2561 1 27 150 M 30
3812 3813 2 7 38 O 30
2898 2271 2 37 205 M 20
3814 3047 2 19 105 M 30
3047 3815 2 23 123 O 10
2522 3816 2 3 12 M 10
3816 3817 2 35 193 O 30
3396 2457 2 29 159 M 10
2457 2453 2 18 99 O 20
2453 2349 2 17 91 O 10
2349 3818 2 18 95 O 30
3818 1994 2 24 133 O 30
1994 2002 2 7 38 M 20
3819 2686 2 17 90 O 10
2686 3619 2 7 37 O 20
3619 3031 2 17 90 O 30
3031 3727 2 14 74 O 10
2122 3824 2 15 80 O 20
2556 3666 2 14 76 O 30
3666 3657 2 14 76 O 30
3657 3175 2 15 80 O 10
3175 3079 2 16 83 O 30
2090 3825 2 54 297 O 20
2446 2337 2 14 74 O 30
2337 2860 2 15 79 O 30
2860 3179 2 15 80 O 30
3826 3827 2 40 217 O 10
3782 3828 2 8 39 M 10
3829 3828 2 6 33 M 10
3828 3830 2 9 48 O 10
3830 3831 2 6 29 M 10
3831 3832 2 6 28 M 10
3831 3782 2 9 46 M 30
462 3551 2 24 131 O 30
3551 3833 2 17 91 M 20
3833 3834 2 16 84 M 10
3834 3259 2 15 80 O 10
3259 3835 2 15 80 M 20
3835 3836 2 15 78 M 30
3836 792 2 8 39 O 10
3682 3071 2 27 146 M 30
3053 2301 2 34 188 O 20
2301 2844 2 24 133 O 10
3838 3837 1 32 174 M 30
3190 3839 2 29 156 O 30
3839 3228 2 13 68 O 10
3228 3793 2 14 77 M 30
3793 3840 2 14 76 O 30
3840 3841 2 14 74 O 10
3841 3589 2 14 76 M 10
3589 2370 2 15 82 M 30
2370 3785 2 18 98 O 20
3785 3075 2 14 76 O 20
3075 3811 2 14 76 O 20
3554 3844 2 22 122 O 10
3844 3306 2 15 80 O 10
3306 2875 2 15 79 M 10
2875 3129 2 15 79 O 30
3129 3845 2 15 79 M 30
3628 3557 2 15 79 O 30
3557 2018 2 15 80 O 30
2018 3846 2 24 129 O 10
3847 3848 2 41 228 O 10
3848 4457 2 30 163 O 20
4457 3355 2 7 34 O 30
3474 1052 2 34 184 M 30
3853 2690 1 14 73 O 30
2690 3815 1 14 76 O 20
3815 2622 1 14 74 O 20
2622 2934 1 15 78 O 20
2934 3852 1 14 76 O 30
2886 3717 2 34 184 O 30
2305 3046 2 30 163 O 30
3046 3852 2 23 125 M 30
3852 3857 2 17 90 O 20
3857 5360 2 4 18 O 20
5360 5504 2 4 21 O 20
5504 3218 2 8 40 O 30
3218 3616 2 15 79 O 30
3616 3858 2 10 55 M 10
3859 3492 2 14 72 O 30
3492 2897 2 19 102 O 30
3860 3644 2 35 194 M 20
3733 3861 2 7 35 O 10
2724 2640 2 20 109 O 20
2640 3844 2 19 102 O 30
3844 3364 2 54 299 O 30
3862 2620 2 33 183 O 30
2384 3650 2 19 103 O 30
3650 5078 2 7 34 O 20
2682 2800 2 22 0 C 0
3197 3863 2 12 64 O 30
3461 1938 2 11 58 O 20
2616 3867 2 38 0 C 0
2965 3868 2 14 74 O 30
3857 3869 2 19 104 M 10
3626 2013 2 15 0 C 0
2013 3683 2 15 81 O 10
3683 2776 2 13 68 M 30
3870 3597 2 21 116 O 20
2366 2405 2 19 104 M 30
2405 3602 2 14 75 O 20
3602 2792 2 36 198 O 30
2792 3871 2 15 79 O 30
3871 2810 2 35 193 O 30
1968 3872 2 40 0 C 0
3872 2327 2 33 178 M 30
2327 3841 2 54 297 O 30
3841 1112 2 37 204 O 30
1116 4780 2 5 26 M 10
4780 2699 2 59 327 M 10
3659 3874 2 7 35 M 20
3028 5300 1 6 31 O 10
5300 3437 1 7 35 O 20
3849 5302 1 13 70 O 20
5302 3028 1 23 127 O 10
3586 3876 2 18 99 O 10
3876 3585 2 9 45 O 10
3316 3295 2 15 79 M 30
3877 5343 2 19 105 O 30
5343 3878 2 9 46 O 10
2153 2706 2 35 193 O 20
2706 2892 2 30 162 M 20
2037 3739 2 20 110 O 30
3739 640 2 10 51 O 10
640 2968 2 11 59 M 30
2968 2717 2 20 110 O 30
2717 3885 2 36 196 O 10
3384 818 2 13 70 O 20
818 3752 2 5 26 O 10
3752 2599 2 5 25 M 10
2599 2479 2 25 0 C 0
3886 3887 1 42 229 O 30
3887 3356 1 36 195 O 30
2020 3558 2 15 78 M 30
3558 3629 2 15 79 O 20
3629 5104 2 11 61 M 10
5104 2448 2 8 41 O 10
2448 2335 2 15 79 O 10
2335 2858 2 15 79 O 10
2858 3177 2 14 73 O 20
2080 3888 2 43 237 O 10
3710 2752 1 33 180 M 30
3386 3055 1 27 149 M 10
3055 2483 1 32 178 O 20
1006 1007 2 6 31 O 20
3891 2701 2 10 50 O 10
3698 3891 2 12 63 O 10
3892 1992 2 21 116 O 30
1992 2114 2 14 76 O 20
2114 3618 2 19 105 M 30
3788 3622 2 17 90 O 10
3622 2606 2 15 0 C 0
2758 3679 2 29 157 M 30
3679 3566 2 28 153 O 20
3566 2562 2 15 79 O 30
2562 2938 2 15 81 M 10
2938 5125 2 7 37 M 20
5125 1141 2 7 35 O 20
2679 3823 2 41 222 M 10
3456 3893 2 23 124 O 10
3893 3680 2 16 84 O 30
3680 2570 2 15 81 O 30
2570 3568 2 15 80 M 10
3568 2564 2 18 96 O 20
2564 2939 2 15 78 O 10
2939 1115 2 14 76 M 20
2496 2762 2 14 0 C 0
3894 3895 2 8 41 O 10
3895 2983 2 10 54 O 20
554 3896 2 15 82 O 30
1965 555 2 18 96 O 10
3897 2872 2 36 195 O 30
3490 3898 2 16 83 O 20
3697 4557 1 19 103 O 10
2742 3677 2 28 153 O 10
3677 3564 2 27 149 O 30
3564 3901 2 15 80 O 30
3901 2937 2 15 79 O 20
2937 1113 2 15 81 O 10
3902 3903 2 49 272 O 10
1105 2951 1 15 78 M 20
2951 3838 1 18 98 O 30
3838 2086 1 14 76 O 30
2086 2996 1 14 76 O 20
2996 3526 1 14 76 O 30
3060 2948 1 30 0 C 0
3904 3030 1 26 144 O 10
1948 1950 2 6 32 O 20
2396 5469 2 77 427 O 30
5469 1301 2 28 155 M 10
3656 3908 1 13 67 O 20
1911 2861 2 20 0 C 0
2861 3166 2 27 0 C 0
3911 3872 2 15 0 C 0
3872 3592 2 15 83 O 20
3467 3570 1 27 148 M 20
3287 3231 1 10 52 M 30
3839 3912 2 18 98 M 20
3915 3818 2 25 135 O 30
3818 3195 2 16 84 O 10
3195 3892 2 25 137 M 20
3892 2534 2 12 62 M 10
2534 2535 2 4 18 M 20
2535 3439 2 22 120 O 20
3439 5614 2 10 54 M 30
5614 3904 2 8 44 O 10
3904 4915 2 9 49 O 10
4915 2730 2 7 38 O 20
2730 3428 2 29 157 O 30
3428 3913 2 28 154 O 20
3913 2605 2 15 81 O 30
2605 2915 2 14 77 M 30
2915 3914 2 14 78 M 30
3414 2459 2 15 81 O 20
2459 3072 2 14 76 M 20
3072 3916 2 15 83 O 30
3916 2668 2 15 80 M 30
3917 2871 2 24 133 M 20
3322 3120 2 14 0 C 0
3120 3415 2 15 0 C 0
3415 2617 2 24 0 C 0
2617 514 2 3 0 C 0
514 3169 2 23 0 C 0
3169 3867 2 14 0 C 0
3867 3692 2 14 0 C 0
3692 5669 2 9 0 C 0
5669 306 2 3 0 C 0
306 3332 2 3 0 C 0
2743 3678 2 29 159 M 20
3678 3565 2 28 151 O 10
3639 4922 2 12 65 O 10
4922 5590 2 7 36 M 10
3170 2798 2 32 174 O 10
3919 2684 2 15 78 O 20
2684 3920 2 31 169 O 20
3126 2780 1 14 75 O 10
1999 3923 2 14 75 O 10
3923 3805 2 14 77 O 30
3805 3141 2 14 76 M 20
3445 4323 2 31 172 O 10
4323 4322 2 11 56 O 30
4322 2502 2 5 26 O 10
2560 3290 1 28 153 O 20
3290 1974 1 40 219 M 30
1974 3527 1 61 337 O 30
3527 3842 1 42 229 O 10
2646 3928 2 16 0 C 0
3928 2094 2 15 0 C 0
2094 3576 2 22 0 C 0
3576 3482 2 14 0 C 0
3482 2107 2 14 0 C 0
2107 3929 2 14 0 C 0
3246 3107 2 14 75 O 10
2445 3180 2 42 233 O 10
3447 2508 2 31 169 O 20
652 3365 2 38 206 O 20
3365 4010 2 3 14 M 30
4010 3930 2 30 164 O 10
3930 2194 2 36 198 O 30
2356 3825 2 36 198 O 30
3825 2091 2 17 94 O 20
2232 3931 2 12 62 O 20
4020 5248 2 3 15 M 20
5248 5345 2 11 60 M 20
5345 3878 2 11 61 O 30
3878 2165 2 17 92 O 20
3767 3703 2 8 42 M 10
3703 3926 2 23 126 O 10
3926 3935 2 23 127 O 30
3935 3835 2 20 109 O 10
3889 2202 1 15 0 C 0
2202 3017 1 12 0 C 0
3017 3936 1 19 0 C 0
3936 3185 1 16 0 C 0
2974 3367 2 22 120 M 20
3939 2764 2 43 233 O 30
2764 3940 2 15 78 M 20
48 3623 2 11 60 O 20
3623 5328 2 39 216 O 20
5328 3792 2 59 324 O 20
3836 3942 2 21 113 O 20
3942 3927 2 23 127 O 30
3927 3704 2 23 126 O 20
3704 3362 2 12 66 M 20
3943 3308 2 15 82 O 30
3308 2877 2 15 79 O 30
2877 3131 2 15 79 O 30
3131 3930 2 15 80 O 10
3930 4149 2 7 36 O 10
2389 3944 2 26 142 O 20
3945 3689 2 3 15 O 10
3689 2672 2 13 67 O 30
2672 3946 2 28 155 M 20
2422 3899 1 21 0 C 0
3947 3806 2 12 62 O 30
3806 3142 2 14 76 M 10
3142 2245 2 14 77 O 10
653 3917 1 27 146 M 30
3312 3888 2 16 83 O 20
3888 3660 2 14 77 O 20
3660 3949 2 10 54 O 10
2977 5554 1 2 6 O 30
5554 5553 1 7 34 O 30
5553 5050 1 4 21 O 10
5050 1279 1 9 47 O 20
3693 3950 2 11 0 C 0
3950 3951 2 4 0 C 0
3282 3035 2 43 237 O 30
2806 1945 2 14 0 C 0
1945 2647 2 14 0 C 0
3394 3539 2 25 137 O 20
3539 4291 2 49 272 O 30
1148 4830 2 28 155 O 30
4830 1080 2 6 33 O 20
1378 1379 2 14 77 O 10
3948 2873 1 14 73 O 20
2873 2154 1 17 92 O 30
3749 1988 2 14 77 O 10
1988 3606 2 11 58 M 30
3390 2225 1 22 118 O 20
2225 2490 1 35 189 M 10
3434 5565 2 8 39 M 30
5565 3956 2 8 41 O 30
3956 3870 2 14 77 O 10
3870 3317 2 17 91 M 20
3957 2908 2 43 233 O 20
3958 3959 2 9 49 O 30
3436 3318 2 64 351 O 20
2451 2984 1 38 208 O 10
3525 2995 1 14 76 M 20
2995 2085 1 14 76 O 30
2085 3837 1 14 77 M 30
3837 2950 1 11 57 O 30
2627 3866 2 30 166 M 10
3709 613 1 8 0 C 0
613 2750 1 22 0 C 0
2481 2601 1 20 111 O 10
2601 3385 1 36 197 O 30
3956 3596 1 21 116 M 10
3111 2868 2 14 77 M 30
2868 3827 2 14 76 O 20
3827 3960 2 10 51 M 10
3960 3858 2 20 108 O 10
3858 3961 2 6 29 M 20
3909 3907 2 6 31 M 30
1936 3862 2 24 132 O 20
3862 154 2 28 153 M 10
154 2620 2 11 56 M 30
2620 3310 2 37 201 O 20
3310 842 2 2 8 M 10
842 3964 2 8 41 M 20
2922 886 2 4 19 O 10
886 1464 2 1 4 M 20
1464 3466 2 9 48 O 30
3466 3807 2 14 78 O 20
3807 3631 2 10 50 O 20
3127 3304 2 14 76 O 20
3965 3640 2 13 71 O 10
1110 1144 2 2 8 O 20
1144 2338 2 13 69 O 20
2338 5272 2 7 34 M 30
5272 3190 2 9 45 O 20
3190 3491 2 15 80 O 20
2113 3157 2 37 201 O 30
3969 3610 2 32 176 O 20
3610 2469 2 35 192 O 20
2469 3923 2 40 221 O 10
3923 2052 2 28 151 O 10
707 1088 2 17 91 O 20
2845 2302 2 29 159 O 20
2302 3054 2 37 205 O 20
3730 3731 2 25 135 O 30
3967 2812 2 3 12 O 30
2812 2766 2 9 44 M 20
2766 3939 2 18 98 O 10
3939 2380 2 15 82 M 20
3970 3924 2 23 125 O 20
3924 3701 2 23 127 O 30
2576 5677 2 4 17 M 10
5677 3556 2 17 90 M 10
3556 216 2 10 53 O 30
216 1441 2 21 116 O 30
2089 57 2 11 58 O 20
3971 3901 2 20 107 M 30
3972 3729 2 5 27 O 10
3729 3920 2 15 81 O 30
3920 3973 2 38 209 O 10
1332 2986 2 25 138 M 10
217 2401 2 7 34 O 10
1502 3043 2 11 58 M 20
3043 3974 2 15 79 O 30
3974 3510 2 15 83 O 10
3510 3846 2 15 82 O 10
3846 3958 2 15 80 O 20
3958 2057 2 15 80 O 30
2057 3034 2 15 80 O 20
3034 3042 2 15 79 O 10
3042 3595 2 15 80 O 20
3875 3643 2 34 188 O 10
3865 3975 2 9 46 O 10
2283 219 2 15 79 O 20
3156 3915 1 8 41 M 10
2771 2774 2 16 86 O 20
2774 3609 2 31 167 M 20
3609 4286 2 37 204 O 10
2772 3607 2 5 25 O 10
3505 3608 2 18 96 O 10
3608 4284 2 18 97 O 20
2593 3067 2 22 120 O 30
3067 3738 2 9 49 O 20
5044 3202 2 35 189 O 20
3202 2280 2 44 243 O 10
2280 2675 2 44 244 O 20
2675 3723 2 30 165 O 10
3627 2612 2 15 81 O 20
2612 3977 2 15 79 M 30
3977 3974 2 23 124 O 20
3974 3410 2 44 239 O 20
3380 4678 2 8 0 C 0
4678 2262 2 27 0 C 0
3118 2146 2 49 0 C 0
2077 4282 2 4 20 O 10
3941 2442 2 2 9 O 10
2442 3604 2 2 11 O 20
2541 3777 2 13 72 O 30
2526 3893 2 33 179 O 20
3081 1048 1 3 0 C 0
3736 3973 2 17 93 O 20
3973 3919 2 16 85 M 20
3919 3819 2 41 224 M 20
3819 2241 2 15 82 O 20
3980 2907 2 46 253 O 20
1953 3145 2 15 0 C 0
3145 2807 2 15 0 C 0
2807 1946 2 14 0 C 0
1946 2648 2 14 0 C 0
2648 2649 2 3 0 C 0
2649 3981 2 12 0 C 0
3981 2095 2 15 0 C 0
4394 2824 2 4 20 O 20
2824 591 2 6 31 O 20
591 5766 2 3 16 M 30
5766 2227 2 6 29 O 30
2227 589 2 9 47 O 30
589 4379 2 4 18 O 10
4379 3320 2 2 11 M 30
3320 4383 2 4 18 O 30
4383 4384 2 4 18 O 10
4384 594 2 5 22 O 30
594 497 2 3 14 M 10
2367 2364 2 82 454 O 30
4153 3885 2 14 77 O 10
3885 3676 2 14 76 O 10
3676 2463 2 14 77 M 10
2463 3563 2 12 66 O 20
3563 2975 2 16 88 O 20
2975 3368 2 22 117 O 10
1918 3181 2 22 0 C 0
3181 3662 2 23 0 C 0
1128 3779 2 41 224 O 30
3779 308 2 12 63 O 10
2195 1650 2 6 0 C 0
2843 5490 2 9 49 M 20
5490 5492 2 3 13 M 30
5492 2300 2 8 43 O 30
2300 3052 2 31 170 O 30
3052 3980 2 15 82 O 20
3980 3957 2 15 80 M 20
3957 3647 2 15 82 M 30
3647 3220 2 15 82 O 30
3220 3757 2 15 80 O 30
3757 3204 2 15 82 O 10
3204 2309 2 15 82 O 10
2309 5519 2 17 89 O 20
3087 5265 2 12 0 C 0
5265 3253 2 13 0 C 0
3253 2068 2 10 0 C 0
2068 2803 2 12 0 C 0
2803 3902 2 8 0 C 0
3902 3516 2 10 53 O 20
3516 1279 2 16 84 O 30
1279 3903 2 3 14 O 20
3903 3489 2 27 147 O 20
3986 3966 2 15 78 O 10
2427 1319 2 8 41 O 20
1319 1318 2 4 19 O 20
1318 1317 2 7 37 O 30
1317 1316 2 5 25 M 20
1316 1315 2 5 23 M 30
1315 1312 2 5 27 M 20
1312 1311 2 6 31 O 30
1311 3986 2 11 58 M 10
3987 3933 2 40 220 O 30
3933 4434 2 29 158 M 20
4434 632 2 2 8 M 10
632 4433 2 4 21 O 20
4433 3353 2 5 25 M 20
3983 4359 2 7 38 O 20
4359 5768 2 1 1 M 20
5768 4352 2 1 4 O 10
4352 3987 2 7 38 M 30
3987 3540 2 11 59 O 30
3540 3541 2 4 21 M 20
3541 3011 2 15 79 O 30
3011 3010 2 4 21 O 30
3010 1985 2 11 58 M 20
1985 3847 2 15 79 O 30
3847 3850 2 6 30 O 30
3850 3886 2 9 49 M 10
3886 3272 2 15 79 M 30
3272 3268 2 15 80 O 30
3268 3038 2 15 81 M 20
3038 3578 2 15 79 O 10
3578 3913 2 18 98 O 30
3913 3988 2 15 81 O 10
3988 2863 2 15 79 O 30
1913 3977 2 48 262 O 30
3171 2887 2 15 79 O 30
2887 3065 2 14 76 O 10
3065 3718 2 19 104 O 10
3457 158 2 4 21 O 10
158 3772 2 7 35 O 20
3772 3514 2 2 7 O 20
3514 1076 2 10 52 O 10
3991 3636 1 34 187 M 10
3637 3991 1 14 74 M 20
2100 3762 2 23 125 O 20
3762 3951 2 13 72 M 30
2729 3429 1 30 162 M 30
3429 3988 1 28 154 O 10
3988 3934 1 43 236 M 30
3934 615 1 9 45 O 20
615 566 1 11 58 O 10
566 4400 1 8 44 O 10
4400 3358 1 5 23 O 10
2164 5250 2 43 233 O 20
3993 3925 2 23 126 O 10
3925 3702 2 23 126 O 20
2141 2923 2 59 323 O 30
2923 2355 2 19 102 O 20
2387 4144 2 19 105 O 30
4144 3508 2 29 159 M 30
3508 2353 2 28 151 O 10
2353 3994 2 19 103 O 20
3402 3995 2 16 84 O 20
3288 3868 2 20 111 M 10
2756 3712 1 41 226 M 30
3712 3937 1 36 198 M 30
3937 4458 1 31 168 O 10
4458 3350 1 6 30 M 20
2489 2224 1 37 202 O 20
2224 3389 1 23 123 O 20
3505 3996 2 20 110 O 20
4018 2956 2 13 68 M 10
2956 3754 2 15 79 O 20
3754 2168 2 15 80 O 20
2168 3501 2 15 80 O 10
3501 2138 2 15 78 M 10
2138 3747 2 15 78 O 10
3747 2695 2 15 80 O 30
2695 3791 2 16 84 O 10
1995 3969 2 18 97 O 30
3969 3621 2 15 81 M 20
3621 3506 2 15 80 O 20
3506 3802 2 15 80 O 30
3802 2236 2 42 228 O 20
3451 3997 2 14 77 O 20
4000 3998 1 15 79 O 30
3113 3871 2 14 78 M 10
3871 3633 2 14 78 O 10
3981 3820 2 24 0 C 0
3820 3905 2 43 239 M 30
1966 4001 2 18 95 O 30
2188 1919 2 12 0 C 0
1538 1782 2 14 0 C 0
497 598 2 1 5 O 20
598 2492 2 3 13 M 30
2492 5332 2 2 9 O 30
3714 392 2 3 14 O 30
392 679 2 9 47 O 30
679 677 2 8 43 O 20
677 3932 2 12 66 O 10
3932 3938 2 5 28 O 10
3938 4428 2 10 51 O 30
4428 249 2 6 29 O 20
249 4440 2 9 46 M 10
4440 4438 2 2 10 O 20
4438 495 2 3 14 O 20
4974 29 2 7 34 M 20
29 5484 2 10 51 M 30
5484 5486 2 7 38 O 20
5486 1020 2 6 31 O 20
1968 1969 2 15 0 C 0
1969 458 2 6 0 C 0
458 457 2 4 0 C 0
457 1970 2 9 46 O 30
1970 1971 2 15 79 M 20
1971 1972 2 14 76 O 10
2042 4151 2 34 186 O 20
461 3845 2 9 50 M 10
2297 2723 2 15 81 O 20
2723 2724 2 15 79 O 30
2724 2725 2 44 244 O 30
2786 4567 2 3 0 C 0
4567 4600 2 3 0 C 0
4600 5687 2 26 144 O 30
5687 4566 2 4 17 O 30
4566 4602 2 3 13 O 10
3296 4846 2 1 5 O 30
4846 5495 2 1 2 O 30
5495 4845 2 5 27 O 10
4845 1081 2 38 206 M 10
1081 1080 2 12 66 M 30
1080 5315 2 3 14 M 10
5315 5313 2 4 20 O 20
5313 5356 2 5 27 O 30
5356 1079 2 4 17 O 30
1079 4838 2 4 21 M 10
4838 4844 2 4 18 M 20
4844 3297 2 13 67 O 20
3297 4833 2 10 50 O 10
4833 4041 2 8 44 O 20
4041 1085 2 5 26 O 10
1085 1078 2 1 3 O 20
1443 1444 2 12 66 O 20
1444 1445 2 92 508 M 20
1450 5695 2 4 17 O 30
5695 2022 2 34 186 O 20
1449 4859 1 13 67 O 30
4859 1045 1 10 53 O 10
1045 1448 1 33 180 O 20
4601 3099 2 11 61 O 20
1454 5693 1 5 26 O 10
5693 1322 1 5 25 M 20
1322 1321 1 5 25 M 30
1321 5695 1 10 51 O 30
2786 901 2 5 0 C 0
2189 3098 2 36 0 C 0
4008 4039 2 249 1381 M 20
4039 4857 2 8 40 O 20
4857 4854 2 7 34 O 10
4854 4035 2 8 40 M 30
4035 1442 2 67 371 O 10
1442 4030 2 46 254 M 30
4030 3740 2 64 351 M 20
3740 1164 2 10 53 O 20
1164 3741 2 8 39 O 10
3741 1375 2 22 120 M 20
1375 1163 2 21 112 M 10
1163 79 2 3 16 M 30
2291 2292 2 11 58 M 30
2292 1192 2 15 80 O 30
1192 5244 2 2 10 M 30
5244 2293 2 6 33 M 20
3995 3143 2 20 110 O 10
3695 3250 2 14 72 O 10
3910 1459 2 27 146 M 30
2579 482 2 9 0 C 0
1726 859 1 9 0 C 0
3708 3243 2 25 0 C 0
2035 2036 2 5 26 O 30
2036 2037 2 6 30 O 20
2037 2038 2 14 76 O 30
2038 2039 2 15 80 O 30
2039 2040 2 17 89 O 10
2716 2717 2 14 74 O 20
2717 2718 2 15 78 O 10
2718 2462 2 14 76 M 20
2462 2719 2 14 76 O 10
2719 2720 2 14 77 M 30
2720 2573 2 14 75 M 10
2573 4334 2 8 39 O 10
4334 2721 2 4 20 O 10
2737 2968 2 13 69 O 10
2968 2969 2 14 76 M 10
2969 2461 2 14 77 M 30
2461 2970 2 14 76 O 30
2970 2971 2 14 75 O 10
2971 2574 2 14 77 O 10
2574 4332 2 7 39 O 20
4332 2972 2 4 19 M 20
2736 3739 2 12 63 O 10
3739 3675 2 14 76 O 20
3675 2460 2 14 76 M 30
2460 3562 2 14 77 O 20
3562 2041 2 10 52 O 30
2790 4568 2 19 0 C 0
4568 1414 2 46 0 C 0
4090 4089 1 20 0 C 0
4086 4539 1 8 0 C 0
4539 4087 1 7 0 C 0
4087 5358 1 8 0 C 0
5358 4003 1 5 0 C 0
4079 4080 1 56 0 C 0
3118 2782 1 15 0 C 0
2782 3119 1 9 0 C 0
3119 1932 1 16 0 C 0
4106 4107 2 12 0 C 0
2820 4099 1 44 0 C 0
4138 4140 1 84 0 C 0
4161 4157 1 63 0 C 0
1882 4133 1 43 0 C 0
1794 1795 1 15 0 C 0
2740 3302 2 30 165 O 30
3302 3303 2 26 139 O 20
3303 2936 2 28 151 O 10
2936 1108 2 12 64 O 20
2740 2741 2 16 87 O 20
2741 2742 2 15 80 O 10
2742 2743 2 15 80 M 30
2679 2680 2 14 76 O 30
2680 5573 2 4 20 M 30
5573 2681 2 22 121 O 30
672 5322 2 10 51 O 10
5322 1961 2 23 127 M 30
1961 86 2 7 34 O 30
86 2682 2 17 94 O 10
2682 4656 2 11 59 O 20
4656 2683 2 9 47 O 30
2575 5024 2 8 44 O 20
5024 2576 2 4 18 O 20
58 2092 2 30 163 M 10
1275 2924 2 27 146 O 20
2090 2091 2 5 24 O 30
2091 2092 2 12 65 M 10
2092 2093 2 14 75 M 20
2650 4274 2 26 141 O 10
1947 1948 2 29 159 O 20
3820 2096 2 15 0 C 0
2096 3573 2 25 0 C 0
3821 3822 2 16 0 C 0
1673 4299 1 15 0 C 0
1831 1800 1 5 0 C 0
4298 680 1 12 0 C 0
1770 5678 1 2 0 C 0
4158 4946 1 46 0 C 0
1763 1762 1 15 0 C 0
1762 1761 1 15 0 C 0
1761 1760 1 15 0 C 0
1760 1759 1 15 0 C 0
1759 1758 1 15 0 C 0
1758 1757 1 15 0 C 0
1757 1756 1 15 0 C 0
1756 1755 1 15 0 C 0
1755 1754 1 15 0 C 0
1754 1753 1 15 0 C 0
1753 1752 1 15 0 C 0
1752 1751 1 15 0 C 0
1751 1750 1 15 0 C 0
1750 5637 1 8 0 C 0
4946 4944 1 25 0 C 0
4947 4948 1 13 0 C 0
4948 827 1 2 0 C 0
827 4951 1 43 0 C 0
4881 4952 1 30 0 C 0
4958 4953 1 402 0 C 0
4954 1882 1 365 0 C 0
4129 1382 1 21 0 C 0
4141 4959 1 47 0 C 0
5647 4142 1 32 0 C 0
4136 4137 1 19 0 C 0
1382 4955 1 417 0 C 0
3789 3026 2 38 210 O 30
3026 3406 2 14 76 O 20
3406 2917 2 15 80 M 20
2917 2008 2 12 65 M 30
3789 1196 2 15 78 O 30
1196 1197 2 4 21 O 10
1197 866 2 7 39 O 30
866 1198 2 4 17 O 20
1198 1199 2 4 21 O 10
1199 2163 2 8 43 O 20
2163 1201 2 2 8 O 30
1201 1204 2 5 23 O 30
1204 5701 2 4 22 O 30
5701 3877 2 7 34 O 10
3877 1209 2 7 35 O 10
1209 5352 2 4 20 M 20
5352 1212 2 2 8 O 20
1212 1552 2 3 16 O 10
733 5698 2 7 0 C 0
5698 5509 2 8 0 C 0
5509 3488 2 16 0 C 0
3488 4921 2 7 0 C 0
4921 3323 2 5 0 C 0
3323 4918 2 18 97 O 20
4918 5572 2 23 125 O 10
5572 2848 2 21 113 M 20
4103 3404 2 2 0 C 0
1633 167 2 1 3 O 10
167 3264 2 4 17 O 30
3264 168 2 1 2 O 10
168 3097 2 11 59 O 20
3097 2587 2 22 117 M 10
2587 5279 2 2 6 O 20
5279 2644 2 9 48 O 20
3791 750 2 10 52 O 30
2916 2948 2 14 0 C 0
2948 2947 2 4 0 C 0
2947 2946 2 14 0 C 0
2946 2607 2 14 77 O 20
2607 2945 2 14 76 O 30
2945 2944 2 15 80 O 20
1376 1951 2 7 38 O 20
1951 1952 2 32 0 C 0
1952 1953 2 23 0 C 0
3786 5253 2 15 0 C 0
2003 3979 2 14 0 C 0
3979 3760 2 14 0 C 0
3760 235 2 44 0 C 0
3404 3167 2 9 0 C 0
3167 1089 2 7 0 C 0
1089 3758 2 7 0 C 0
3758 3661 2 22 0 C 0
3661 4583 2 31 0 C 0
4583 3900 2 7 0 C 0
3900 3953 2 24 0 C 0
3953 3962 2 25 0 C 0
3116 5515 2 14 76 O 20
4102 1641 2 3 0 C 0
1556 2957 2 7 37 O 20
2957 3755 2 15 79 O 20
3755 2169 2 15 78 M 20
2169 3502 2 15 81 O 10
3502 2137 2 15 79 M 30
2137 3748 2 15 79 O 20
3748 2696 2 15 81 M 20
2696 2823 2 5 27 O 20
4105 3300 2 3 0 C 0
3300 18 2 34 0 C 0
3398 3121 2 27 149 O 10
3121 4739 2 9 49 M 10
4739 2472 2 2 10 O 10
2472 3399 2 17 94 O 20
3399 5558 2 3 13 O 30
5558 3400 2 3 15 O 30
3400 5559 2 5 26 O 30
5559 2048 2 23 126 O 10
2048 3401 2 14 74 O 30
3401 3274 2 12 64 M 30
3274 4731 2 17 92 O 10
4731 4730 2 3 17 O 30
4730 3402 2 17 92 M 20
3402 3403 2 44 241 O 20
2890 5095 2 6 28 O 20
5095 5093 2 4 19 O 10
5093 2210 2 9 48 M 10
2210 5120 2 3 11 O 20
5120 5122 2 6 30 M 30
5122 5124 2 3 17 O 20
5124 2891 2 25 138 O 20
2891 118 2 1 5 M 30
118 120 2 4 17 O 10
120 4808 2 13 68 M 10
4808 4804 2 3 16 O 30
4804 2770 2 1 2 O 20
2770 4799 2 7 38 O 30
3369 2418 2 16 0 C 0
2418 3309 2 14 0 C 0
3309 1936 2 10 54 O 10
1508 5770 1 5 27 O 30
5770 3984 1 16 84 O 10
1634 873 2 7 39 O 30
873 875 2 5 24 O 30
875 864 2 2 6 O 20
864 862 2 4 22 M 30
862 4582 2 5 25 O 20
4582 3534 2 39 214 M 10
3534 3639 2 19 101 O 30
3639 2443 2 27 149 M 30
2180 232 2 8 0 C 0
2124 5288 2 1 0 C 0
5288 2196 2 14 0 C 0
3133 5223 2 9 0 C 0
5223 3487 2 7 0 C 0
3634 3115 2 17 89 M 30
3115 3717 2 15 78 O 20
3717 3718 2 12 66 O 20
3718 2633 2 24 132 O 10
2633 5389 2 1 5 M 30
5389 5392 2 7 39 O 30
5392 82 2 13 71 O 10
4104 4105 2 12 0 C 0
2220 2555 1 15 0 C 0
2555 1937 1 15 0 C 0
2823 3707 2 23 127 O 10
3707 2288 2 22 122 M 10
2288 3792 2 7 38 O 20
3792 2566 2 9 49 O 20
2566 3606 2 10 51 O 10
3606 2256 2 13 67 O 30
83 84 2 28 155 M 20
4960 671 1 58 0 C 0
4113 4163 1 7 0 C 0
4299 4298 1 8 0 C 0
4133 4134 1 9 0 C 0
4159 5697 1 36 0 C 0
860 4160 1 66 0 C 0
4139 860 1 10 0 C 0
4137 4139 1 38 0 C 0
4959 4958 1 42 0 C 0
4955 4956 1 66 0 C 0
1926 5635 1 63 0 C 0
4107 2215 2 3 0 C 0
902 900 2 22 0 C 0
900 901 2 21 0 C 0
909 1341 2 15 79 O 30
1341 907 2 2 10 O 30
907 5691 2 2 10 O 20
5691 904 2 16 84 M 20
905 908 2 15 81 O 30
230 908 2 6 30 O 10
908 904 2 5 24 O 20
904 903 2 1 4 M 10
903 2787 2 5 24 O 20
906 907 2 6 28 O 20
907 905 2 5 24 M 30
905 5690 2 5 24 O 20
5690 225 2 18 97 O 20
911 1341 1 18 97 M 10
5606 1851 2 80 0 C 0
1851 5066 2 20 0 C 0
5066 1852 2 16 0 C 0
1852 933 2 16 0 C 0
914 1005 1 5 0 C 0
1442 4851 2 5 25 O 20
4851 4848 2 4 18 O 20
4848 916 2 22 119 O 20
919 922 2 42 228 O 10
918 2768 2 33 180 O 20
2768 917 2 5 27 M 10
675 4115 1 7 0 C 0
4098 4121 1 7 0 C 0
4115 4116 1 40 0 C 0
4121 5551 1 5 0 C 0
932 670 1 8 0 C 0
4938 5640 1 40 0 C 0
4936 4937 1 8 0 C 0
1932 2819 1 14 0 C 0
2357 3298 2 9 0 C 0
3298 2941 2 10 0 C 0
2941 3373 2 11 0 C 0
3373 2913 2 17 0 C 0
2913 5262 2 12 0 C 0
5262 776 2 1 0 C 0
776 5776 2 6 0 C 0
5776 3374 2 6 0 C 0
3374 3375 2 15 0 C 0
3375 3148 2 2 0 C 0
3148 3376 2 13 0 C 0
3376 3154 2 7 0 C 0
3154 3153 2 8 0 C 0
3153 3377 2 6 0 C 0
3377 587 2 8 0 C 0
587 3378 2 7 0 C 0
3378 3379 2 15 0 C 0
3379 588 2 7 0 C 0
588 1906 2 11 0 C 0
1906 861 2 5 0 C 0
861 4177 2 8 0 C 0
472 5589 2 13 0 C 0
5627 5607 1 31 0 C 0
5607 5583 1 6 0 C 0
3771 5585 1 46 0 C 0
5635 4132 1 8 0 C 0
4126 4127 1 7 0 C 0
5632 5633 1 9 0 C 0
5633 5634 1 10 0 C 0
5629 5628 1 11 0 C 0
4111 4112 1 7 0 C 0
4127 4124 1 24 0 C 0
5628 5627 1 9 0 C 0
5634 927 1 9 0 C 0
4112 4167 1 18 0 C 0
4939 4940 1 8 0 C 0
4124 4125 1 7 0 C 0
5630 5629 1 9 0 C 0
926 4113 1 20 0 C 0
4940 5639 1 42 0 C 0
5604 926 1 34 0 C 0
4125 4164 1 25 0 C 0
927 4165 1 60 0 C 0
704 705 1 15 0 C 0
1411 923 1 10 0 C 0
4108 925 1 7 0 C 0
925 4109 1 9 0 C 0
4101 2215 1 12 0 C 0
5605 4100 1 39 0 C 0
4100 4101 1 5 0 C 0
4109 4170 1 34 0 C 0
1678 5520 1 3 0 C 0
5067 1675 1 14 0 C 0
1675 1676 1 16 0 C 0
1676 1677 1 16 0 C 0
1677 5064 1 9 0 C 0
1679 5331 2 4 0 C 0
5331 1680 2 2 0 C 0
1680 1681 2 14 0 C 0
1681 4312 2 18 0 C 0
4312 4313 2 3 0 C 0
4313 1682 2 18 0 C 0
1682 5684 2 4 0 C 0
5684 5683 2 3 0 C 0
5683 4314 2 6 0 C 0
4314 4315 2 29 0 C 0
4315 4316 2 6 0 C 0
4316 1683 2 6 0 C 0
1878 1850 1 44 0 C 0
1850 1866 1 44 0 C 0
1866 1820 1 44 0 C 0
1705 1704 2 15 0 C 0
1725 1886 1 11 0 C 0
1869 4308 1 6 0 C 0
4308 1870 1 10 0 C 0
1870 1840 1 15 0 C 0
1840 1811 1 15 0 C 0
1811 1871 1 15 0 C 0
772 763 2 90 0 C 0
1894 5584 1 10 0 C 0
1884 1900 1 15 0 C 0
1900 1890 1 19 0 C 0
4174 173 2 7 0 C 0
173 1793 2 9 0 C 0
1793 1663 2 9 0 C 0
1004 5408 1 8 0 C 0
1747 1746 1 15 0 C 0
1746 5085 1 8 0 C 0
5085 1745 1 7 0 C 0
1745 1744 1 15 0 C 0
1744 1743 1 15 0 C 0
1743 1742 1 15 0 C 0
1742 1741 1 15 0 C 0
1741 1740 1 15 0 C 0
1740 1739 1 15 0 C 0
1739 4307 1 5 0 C 0
4307 1738 1 10 0 C 0
1738 1737 1 15 0 C 0
1737 1736 1 15 0 C 0
1736 1735 1 15 0 C 0
1735 1734 1 15 0 C 0
1734 1733 1 15 0 C 0
1733 1724 1 15 0 C 0
1724 1732 1 15 0 C 0
1732 1731 1 15 0 C 0
1731 1730 1 15 0 C 0
1730 701 1 9 0 C 0
1749 1748 1 15 0 C 0
1748 1747 1 14 0 C 0
3461 1086 2 2 6 O 30
1086 4704 2 5 24 O 10
4704 2148 2 4 17 O 30
2148 4708 2 5 25 M 20
4708 4716 2 3 14 O 10
4716 4717 2 4 18 O 20
4717 3460 2 2 11 M 30
3460 4714 2 2 8 O 20
4714 4702 2 4 19 O 30
4702 557 2 4 22 O 10
557 3459 2 7 35 O 20
3459 3458 2 4 18 O 30
3458 4712 2 5 23 M 20
4712 5113 2 5 24 M 20
5113 1964 2 1 3 M 10
1964 5086 2 10 52 O 20
5086 5118 2 5 27 M 10
5118 2869 2 9 50 M 30
2869 3457 2 11 56 O 10
3457 2230 2 9 45 O 10
2230 4765 2 7 37 O 30
4765 3456 2 16 89 O 10
3456 2525 2 25 138 O 10
3962 3543 2 11 0 C 0
3543 1303 2 11 0 C 0
1303 3822 2 5 0 C 0
3822 2419 2 13 68 O 20
2419 3963 2 12 61 M 20
3906 3907 1 16 85 O 30
3909 3906 2 14 77 O 10
3635 3636 2 28 0 C 0
3636 3637 2 23 125 O 30
3637 2314 2 35 192 O 20
2314 3096 2 23 125 O 30
3096 4925 2 17 91 O 30
4925 234 2 5 26 M 20
234 5298 2 8 40 M 10
5298 3638 2 42 231 O 10
1622 4616 2 9 45 M 30
4616 3640 2 11 59 O 30
1938 3864 2 5 27 O 10
4140 4141 1 5 0 C 0
4135 4136 1 32 0 C 0
3962 3033 2 16 0 C 0
3033 3809 2 14 0 C 0
3809 3784 2 14 0 C 0
3784 2421 2 7 0 C 0
2421 3801 2 23 0 C 0
3801 3061 2 14 0 C 0
3061 3873 2 15 0 C 0
3328 478 2 2 0 C 0
480 3330 2 22 0 C 0
4022 4048 1 9 49 M 10
4048 1231 1 4 22 O 30
1231 1237 1 7 38 O 30
1237 3041 1 17 94 O 20
3041 4050 1 18 100 M 30
4050 1671 1 2 8 M 10
3881 5516 2 6 0 C 0
5516 3086 2 8 0 C 0
3086 3208 2 28 0 C 0
3208 3855 2 15 0 C 0
3855 3882 2 15 0 C 0
3882 2797 2 15 0 C 0
2797 3496 2 15 0 C 0
3496 3883 2 15 0 C 0
3883 3884 2 15 0 C 0
3879 3768 2 23 0 C 0
3768 612 2 5 0 C 0
612 611 2 2 0 C 0
611 3014 2 5 0 C 0
3014 5487 2 4 0 C 0
5487 2369 2 4 0 C 0
2369 2316 2 6 0 C 0
2316 3808 2 13 0 C 0
3808 3880 2 16 0 C 0
3880 2251 2 10 0 C 0
2251 2838 2 11 0 C 0
2838 5424 2 7 0 C 0
5424 4685 2 3 0 C 0
4685 3881 2 7 0 C 0
2450 3630 2 19 101 O 20
3630 3559 2 29 157 M 20
2944 1218 2 12 64 O 20
1921 2256 1 7 36 O 20
1927 4108 1 12 0 C 0
3137 835 1 9 48 O 30
835 839 1 6 29 O 10
839 3136 1 11 59 O 10
2735 3006 1 31 169 O 30
3006 4347 1 15 78 M 30
4347 3137 1 9 45 O 30
2102 4090 2 11 0 C 0
4090 3413 2 4 0 C 0
1612 3068 2 5 26 M 10
3068 3394 2 15 82 O 20
3394 2666 2 9 48 O 10
2666 5268 2 6 28 O 10
5268 5266 2 3 13 O 10
5266 3314 2 10 51 O 10
1616 3388 2 2 9 O 10
3388 2543 2 15 80 O 20
2543 2831 2 15 79 M 30
2831 4386 2 5 23 O 20
4386 5521 2 10 51 O 10
5521 934 2 13 68 O 30
934 2656 2 2 6 O 20
2656 3093 2 13 71 O 30
3093 2340 2 2 6 O 10
2340 3389 2 13 68 O 10
3389 3390 2 14 73 O 30
3390 4363 2 6 30 O 10
4363 4365 2 4 21 O 30
4365 3391 2 5 22 O 20
3391 4368 2 1 2 M 10
4368 4345 2 3 11 O 30
4345 1614 2 3 15 M 10
3183 1274 2 6 33 O 30
1274 3385 2 12 64 M 20
3385 4675 2 11 61 M 10
4675 3015 2 7 38 O 10
2207 1330 2 38 206 O 30
1330 890 2 12 66 O 30
890 2375 2 1 5 M 10
3137 5384 1 9 46 O 30
5384 3425 1 11 58 O 20
3425 3498 1 14 76 M 10
3498 3540 1 15 79 O 30
4961 5601 1 2 0 C 0
2450 2451 2 31 169 M 30
1659 4070 2 14 0 C 0
3135 5338 1 2 8 O 20
2735 3409 1 13 71 O 10
2474 2745 2 7 0 C 0
3189 5563 2 3 0 C 0
5563 2072 2 14 0 C 0
2072 845 2 6 0 C 0
845 3188 2 9 0 C 0
2480 2749 1 6 0 C 0
2474 2475 1 15 0 C 0
2475 2255 1 14 0 C 0
2255 2476 1 13 0 C 0
2476 2477 1 15 0 C 0
2477 2478 1 15 0 C 0
2478 2479 1 15 0 C 0
2479 2480 1 18 0 C 0
2480 2481 1 16 87 O 10
2481 5611 1 13 70 O 10
5611 2482 1 5 25 O 10
2482 2199 1 15 81 O 20
2199 5387 1 8 43 O 20
5387 2483 1 7 37 O 30
2483 2484 1 15 81 O 20
2484 502 1 4 22 O 30
2725 2726 2 24 130 O 30
2726 2727 2 16 84 M 10
2727 2728 2 23 125 M 20
2728 2729 2 15 80 O 20
2729 2730 2 15 81 O 30
2730 2731 2 18 96 O 10
2731 2732 2 15 79 M 30
2732 2733 2 15 81 M 10
2733 2734 2 15 81 M 30
2734 2735 2 22 117 O 30
1683 1580 2 6 0 C 0
1698 1699 2 15 0 C 0
933 1581 2 8 0 C 0
1771 5021 2 6 0 C 0
5021 1772 2 9 0 C 0
1895 1885 1 19 0 C 0
1848 4942 1 3 0 C 0
1859 5261 1 10 0 C 0
5261 5260 1 19 0 C 0
5260 1888 1 16 0 C 0
1842 1843 1 11 0 C 0
953 960 2 15 82 O 10
960 133 2 2 9 M 20
133 966 2 8 42 M 30
966 969 2 19 102 O 10
969 4895 2 56 309 O 20
937 5652 2 12 66 O 30
5652 940 2 8 41 O 20
940 5648 2 13 68 O 20
5648 947 2 20 110 O 30
947 948 2 6 30 O 10
948 128 2 5 26 O 10
128 949 2 1 4 O 10
974 970 2 19 101 O 10
970 964 2 19 102 M 20
964 959 2 17 93 M 20
955 959 2 10 55 O 10
959 130 2 12 63 M 30
130 964 2 14 73 O 10
964 961 2 11 56 M 10
973 972 2 10 54 M 10
972 968 2 10 53 M 30
968 976 2 39 211 O 10
976 978 2 10 54 O 30
978 980 2 10 54 O 10
980 984 2 34 187 O 10
984 985 2 7 34 O 10
946 957 2 20 111 M 20
957 963 2 19 103 O 10
963 970 2 14 77 O 30
970 973 2 9 49 O 10
973 975 2 2 8 O 30
975 977 2 10 53 M 20
977 980 2 10 52 M 10
989 990 2 7 37 O 30
990 993 2 11 58 M 30
993 997 2 16 88 O 10
997 992 2 36 196 O 30
992 989 2 14 74 O 10
988 986 2 5 27 O 10
986 983 2 45 245 M 10
983 132 2 9 49 O 30
132 986 2 5 24 O 10
978 972 2 21 113 M 20
958 962 2 10 54 M 30
999 998 2 11 56 M 10
976 5783 2 11 57 O 10
5783 968 2 11 57 O 10
934 126 2 5 24 M 10
126 935 2 2 8 O 20
998 997 2 7 36 M 30
993 991 2 6 29 O 10
991 987 2 12 63 O 30
987 988 2 40 221 M 10
988 985 2 11 60 O 20
985 982 2 11 57 O 20
982 979 2 19 103 O 20
954 943 2 22 118 O 30
943 942 2 49 269 O 30
942 944 2 9 46 O 30
969 979 2 27 145 M 20
979 974 2 16 86 M 10
974 971 2 13 69 O 30
971 966 2 14 77 O 30
951 941 2 33 178 O 10
941 939 2 17 92 O 10
939 936 2 16 85 O 10
128 950 2 6 31 O 20
950 952 2 4 17 O 20
943 945 2 7 36 O 20
992 994 2 7 38 M 20
994 995 2 6 32 O 20
938 1456 2 28 151 O 20
1456 956 2 32 175 O 30
956 961 2 14 74 O 20
961 963 2 10 51 O 20
963 965 2 10 53 O 10
965 960 2 20 107 O 30
983 982 2 6 29 O 20
982 981 2 6 30 O 20
981 977 2 30 166 O 10
962 967 2 29 161 O 20
967 134 2 18 99 O 20
134 962 2 11 60 M 20
984 981 2 11 57 O 10
981 975 2 37 203 M 20
965 971 2 17 94 O 20
991 996 2 22 121 O 10
996 999 2 22 120 O 20
999 131 2 16 85 O 30
131 998 2 22 118 O 30
998 996 2 12 67 M 20
994 990 2 13 71 O 10
990 987 2 11 57 O 10
4901 944 2 4 20 M 30
944 945 2 3 16 O 20
945 946 2 5 24 O 30
946 4901 2 3 12 O 10
949 958 2 14 75 O 20
958 950 2 19 103 O 20
4902 935 2 2 9 M 20
935 937 2 3 12 O 30
937 938 2 2 10 M 20
938 936 2 4 21 O 30
936 4902 2 2 6 O 30
2590 2963 2 44 242 O 20
2963 3114 2 15 78 O 30
3114 2885 2 15 79 M 10
2885 3115 2 36 198 O 10
1011 5686 1 10 53 M 10
5686 1010 1 8 44 O 20
1008 1011 1 3 15 O 10
2027 1012 2 17 94 O 20
1012 2028 2 11 58 O 10
1013 1014 2 43 237 M 30
1017 2414 2 32 176 O 10
1022 1023 2 7 36 O 30
1023 1033 2 8 43 M 20
1033 1021 2 4 22 O 20
1022 1031 2 1 5 M 30
1031 1029 2 4 20 M 30
1029 1027 2 4 21 O 30
1027 1025 2 4 21 O 30
1025 1024 2 17 91 O 30
1025 1026 2 14 74 M 20
1027 1028 2 14 74 O 20
1029 1030 2 14 74 O 30
1031 1032 2 14 73 M 10
1024 1026 2 4 18 O 10
1026 1028 2 4 20 O 10
1028 1030 2 4 21 O 10
1030 1032 2 4 20 O 30
1032 1033 2 5 25 M 20
1034 1024 2 4 21 O 10
1035 3403 2 5 25 O 10
3715 1035 2 3 14 O 30
1037 2928 2 6 29 M 20
2928 2929 2 14 77 M 30
1038 3108 2 27 145 M 30
3108 3109 2 34 188 O 20
3774 90 2 6 28 O 10
90 3123 2 12 64 M 30
3123 2929 2 31 169 O 20
3247 3124 2 13 70 O 20
3124 3248 2 54 299 O 10
1039 1040 2 17 93 O 20
790 3249 2 10 51 O 10
3249 1042 2 24 129 M 30
1042 3250 2 24 133 M 10
1042 1043 2 10 55 M 10
569 3672 2 16 87 M 20
1047 1046 2 6 31 O 20
1048 2796 1 15 0 C 0
463 5334 1 2 9 O 20
3006 5337 1 2 8 O 10
3010 3009 1 15 79 M 20
3009 3008 1 14 76 O 30
3008 3007 1 14 77 O 10
3007 3006 1 9 49 O 20
1051 1050 1 4 17 O 10
2204 3600 2 15 79 M 10
3600 3222 2 15 79 O 20
3222 2534 2 15 81 O 20
1049 1050 1 7 35 O 30
1055 1053 2 26 144 O 30
1058 1059 2 12 62 M 30
1057 49 2 5 23 M 10
49 3605 2 18 97 O 30
1997 2469 2 14 73 O 10
2469 2470 2 14 78 M 10
3918 3728 2 6 28 M 20
2725 667 2 3 13 O 30
667 669 2 3 14 O 30
669 3545 2 11 57 O 20
2502 14 2 2 9 M 10
1063 1064 1 17 94 M 30
1062 1063 1 4 21 O 20
1990 1062 1 9 47 O 30
1397 1060 2 42 232 O 30
952 1065 2 2 11 M 20
1065 955 2 1 4 O 30
955 956 2 15 83 O 20
956 954 2 13 69 O 20
954 957 2 12 62 O 30
957 953 2 12 65 O 30
953 951 2 2 8 O 10
1073 1074 1 11 58 O 30
1072 3257 1 10 50 O 10
1067 1068 2 5 22 O 30
1068 1069 2 18 98 M 10
1069 1072 2 9 48 O 20
1072 1074 2 3 15 O 30
1074 409 2 20 108 O 10
409 4597 2 2 11 O 10
4597 410 2 4 21 O 20
410 1075 2 4 18 M 20
1075 419 2 25 135 O 20
419 4887 2 4 21 M 20
4887 1070 2 5 26 O 20
1071 1069 2 12 62 O 20
1077 2429 2 22 119 O 30
2429 3045 2 17 93 O 10
3045 2851 2 23 126 O 10
2851 3851 2 11 56 O 20
3851 3869 2 7 35 M 10
3869 3219 2 15 79 O 10
3219 3617 2 14 78 O 10
3617 3960 2 16 85 O 10
3960 3196 2 15 81 O 10
3196 3431 2 15 82 M 30
1076 1077 2 5 26 O 10
2808 3677 2 15 80 M 10
3677 3678 2 15 79 O 10
3678 3679 2 15 79 O 30
3679 3655 2 15 79 O 20
3655 2527 2 18 95 O 30
2527 3680 2 38 208 O 30
3680 3681 2 8 40 O 10
1082 563 2 7 34 O 10
563 5367 2 7 35 O 30
5367 6 2 16 89 O 30
6 2705 2 3 11 O 20
2705 2706 2 18 96 O 30
2706 2707 2 16 88 O 20
2707 2708 2 14 73 O 30
2708 2709 2 21 111 M 10
2709 1125 2 16 88 O 30
2704 1082 2 5 23 O 20
3864 1083 2 6 31 O 30
3199 3865 2 26 142 O 30
3865 2320 2 4 18 M 10
2320 5617 2 3 17 M 10
5617 2277 2 12 64 O 30
2277 2593 2 15 81 O 30
2593 1396 2 11 57 M 10
1396 3866 2 4 22 M 30
3866 3687 2 3 16 O 20
3687 2671 2 12 64 O 10
2671 2962 2 15 81 O 30
2962 3812 2 9 45 O 10
3812 3172 2 7 34 O 30
3172 2888 2 15 79 O 10
2888 3719 2 6 32 O 30
1086 2209 1 30 166 O 10
1091 1090 2 6 30 O 30
1090 746 2 2 6 O 20
746 2545 2 34 187 O 20
2545 2546 2 34 186 O 20
2546 5232 2 34 0 C 0
505 820 1 5 22 O 30
2578 2821 2 30 0 C 0
2548 467 1 15 0 C 0
467 1933 1 6 0 C 0
1453 1448 1 53 0 C 0
1452 1453 1 20 108 M 20
1101 325 1 9 44 O 10
3077 1972 1 40 221 M 10
2899 5771 2 8 42 M 30
5771 2767 2 1 5 M 10
2767 3776 2 17 90 O 20
516 1152 1 45 249 O 10
1152 1136 1 13 72 O 20
1136 1131 1 14 73 O 10
1131 1540 1 19 103 M 20
1108 1113 1 31 167 O 30
1113 1141 1 29 160 M 10
1141 1155 1 26 143 O 30
4883 1112 1 3 17 O 10
1112 1122 1 14 75 O 10
1122 1121 1 14 75 M 20
1121 1153 1 13 72 O 20
1153 1126 1 15 79 O 20
1126 1144 1 36 195 O 30
1151 3601 2 12 64 M 10
3601 3252 2 14 76 M 20
3252 3297 2 10 53 O 30
1139 5041 1 5 23 O 30
5041 1123 1 4 19 M 30
1123 1128 1 12 64 M 30
1128 1118 1 12 66 O 30
1118 1124 1 12 66 O 30
1124 1133 1 13 69 O 10
1125 1140 1 20 110 O 30
1140 5540 1 12 61 M 20
5540 1149 1 3 16 O 30
1149 1132 1 4 19 O 30
1106 455 1 6 33 M 10
455 3785 1 32 175 O 10
3785 3529 1 52 287 M 20
3529 1971 1 61 336 M 30
1971 3292 1 40 221 O 30
1142 1555 1 76 422 M 20
3911 2328 2 37 202 O 10
2328 3840 2 53 289 M 10
3840 1122 2 38 207 M 30
1122 1131 2 2 9 M 30
1131 3781 2 31 170 O 30
1541 1129 1 10 53 O 10
2485 2486 1 15 80 O 10
2486 2487 1 22 120 O 20
2487 2488 1 14 77 O 20
2488 2489 1 13 69 O 20
2489 2490 1 14 74 O 20
2490 2491 1 14 76 O 20
502 2485 1 11 59 M 10
2491 592 1 8 43 O 10
592 2492 1 4 19 O 20
3016 5316 1 21 0 C 0
5316 504 1 8 42 O 10
504 2751 1 4 19 O 20
503 5612 1 3 14 O 10
5612 2602 1 14 75 M 10
3192 3294 1 15 81 O 10
3433 3116 1 6 33 O 20
3409 3426 1 14 77 O 20
3499 3850 1 15 79 M 20
3426 3499 1 14 76 O 10
1050 3849 1 12 65 O 10
3849 3135 1 6 32 O 10
3185 3186 1 14 0 C 0
3186 1529 1 13 0 C 0
3336 610 1 14 0 C 0
610 2323 1 7 0 C 0
4178 491 1 14 0 C 0
491 1608 1 6 0 C 0
1509 4504 2 7 34 O 10
4504 3744 2 12 63 O 10
3352 5610 1 10 55 O 20
5610 3353 1 5 26 O 20
3353 3354 1 15 79 M 30
3354 508 1 5 23 O 30
3890 3990 2 25 0 C 0
3890 3019 1 26 0 C 0
3019 3188 1 21 0 C 0
3914 3579 1 20 110 O 30
3579 3040 1 15 79 O 30
3040 3266 1 15 81 O 30
3266 3270 1 15 80 M 10
3914 2778 2 17 90 O 30
2778 4402 2 9 46 O 10
4402 3357 2 7 38 O 30
3270 4026 2 35 190 O 10
3270 3887 1 15 79 O 30
3887 5353 1 9 45 M 20
5353 3848 1 7 34 O 30
3848 1986 1 15 79 O 10
1986 3012 1 15 79 M 20
3012 3542 1 15 79 O 10
3542 3933 1 15 79 M 20
3933 4424 1 9 45 O 20
4424 3932 1 7 36 M 10
2156 3686 1 13 71 O 30
3686 3232 1 13 68 M 30
3232 3673 1 6 28 M 10
3673 2926 1 27 149 O 10
2926 4811 1 13 70 M 10
4811 2997 1 18 98 M 10
2997 3765 1 16 88 M 10
3765 3631 1 5 26 O 20
2905 72 1 8 44 O 20
72 73 1 4 21 O 10
73 3472 1 7 33 O 30
3570 3569 1 12 63 O 30
4156 2347 2 13 68 O 10
2347 3127 2 16 83 O 20
3127 2298 2 15 80 O 30
1847 1862 1 37 0 C 0
1133 279 1 4 21 O 30
279 2134 1 40 219 O 30
3020 2703 1 14 78 M 30
2703 2134 2 14 74 O 30
2134 3074 2 13 69 O 30
3074 3778 2 13 68 O 10
2006 2005 1 49 0 C 0
2005 2004 1 30 0 C 0
2004 2003 1 30 0 C 0
2916 2783 2 47 0 C 0
2783 2917 2 22 122 O 10
2917 2918 2 36 198 O 20
2006 2916 2 11 0 C 0
713 1512 2 4 0 C 0
3938 3743 1 15 79 O 30
3743 2333 1 14 76 M 20
2333 3937 1 14 76 O 10
3937 3090 1 14 76 M 20
3090 2661 1 14 76 O 30
3018 4415 1 8 0 C 0
4415 493 1 5 0 C 0
493 3346 1 9 0 C 0
3346 4416 1 15 0 C 0
4416 3348 1 4 0 C 0
3348 2547 1 15 0 C 0
2547 1522 1 7 0 C 0
3710 3711 1 15 80 O 20
3711 2545 1 15 80 O 20
2545 2828 1 15 80 M 10
2828 2660 1 16 84 O 10
2660 3089 1 14 76 O 20
3089 3712 1 14 77 O 10
3712 2332 1 14 76 O 30
2332 3713 1 14 76 M 10
3713 3714 1 15 78 O 20
2830 2662 1 15 0 C 0
2661 4421 1 30 166 O 20
4421 4418 1 4 0 C 0
4418 2662 1 4 0 C 0
2662 3091 1 14 0 C 0
3350 4431 1 4 22 M 30
4431 2334 1 10 54 O 10
2334 4466 1 9 46 M 10
4466 807 1 3 12 O 20
807 3351 1 4 18 O 20
3873 3512 2 15 0 C 0
3512 3860 2 15 79 O 30
3860 3874 2 9 49 O 20
3874 3875 2 6 31 O 30
3875 3173 2 8 42 O 20
3173 3256 2 7 38 O 10
3256 2610 2 9 47 O 30
512 3021 1 2 9 O 30
3021 3022 1 42 228 O 10
3022 3023 1 29 159 O 10
3023 1975 1 33 178 O 20
1975 3024 1 40 220 O 10
3024 2559 1 29 159 O 10
2832 2486 1 24 130 O 20
1567 930 2 9 0 C 0
930 1713 2 15 0 C 0
1713 1714 2 15 0 C 0
1714 1715 2 15 0 C 0
1715 1716 2 15 0 C 0
1716 1717 2 15 0 C 0
1717 1718 2 15 0 C 0
1718 1719 2 15 0 C 0
1719 1720 2 15 0 C 0
1720 693 2 10 0 C 0
1162 1665 2 4 0 C 0
1164 4029 2 16 85 O 30
4029 4028 2 22 120 O 10
4028 1163 2 25 136 O 20
1178 1172 1 25 137 O 30
1172 1170 1 8 0 C 0
1178 3473 2 4 18 M 30
3473 1180 2 5 24 M 10
1180 1181 2 4 17 O 20
1181 1182 2 3 15 O 20
1182 1183 2 4 18 O 30
1173 1172 2 4 0 C 0
1172 1171 2 4 0 C 0
1180 1175 2 18 100 M 10
1177 1181 2 18 98 O 30
1185 1184 2 12 62 O 30
1188 1187 2 19 101 O 20
1189 1190 2 15 82 O 30
1208 1224 2 25 135 O 20
1224 1227 2 4 22 M 20
1227 1229 2 4 21 O 20
1229 4502 2 3 14 M 20
4502 1235 2 3 15 O 20
1235 5761 2 5 23 M 30
5761 1246 2 16 84 O 20
1233 1238 2 4 18 O 10
1238 1240 2 4 19 O 10
1240 1242 2 4 19 M 30
1242 1245 2 4 19 O 10
1245 1249 2 4 20 O 30
1209 1213 2 5 23 O 20
1213 1215 2 4 19 O 20
1215 5705 2 9 50 M 10
5705 1226 2 4 18 M 10
1226 1228 2 4 19 O 20
1228 1230 2 4 18 O 10
1230 1232 2 4 18 M 20
1232 1236 2 4 21 O 20
1236 1239 2 4 20 O 20
1239 1241 2 4 21 O 20
1241 1244 2 4 20 O 10
1244 1248 2 4 20 O 10
1248 1251 2 4 19 O 10
1251 1252 2 4 20 O 30
1252 1256 2 4 20 O 20
1256 1259 2 4 19 M 30
1259 1261 2 4 20 O 10
1228 1238 2 15 78 O 20
1245 1236 2 16 86 M 30
1217 1224 2 9 49 O 30
1214 1222 2 8 44 O 30
1256 5712 2 7 39 O 20
5710 5712 1 4 19 O 10
5712 5711 1 4 20 M 30
1247 1241 2 9 47 M 20
1242 1232 2 15 78 M 10
1216 237 1 15 80 M 20
237 1202 1 16 87 O 30
1206 1213 2 13 69 O 20
1240 1230 2 15 78 M 10
1215 1207 2 13 69 M 20
1260 1255 2 8 40 O 30
1255 1251 2 9 47 M 20
1237 1233 2 4 19 O 30
1233 5703 2 7 37 O 30
5703 1226 2 8 41 O 20
1254 1250 2 7 38 O 10
1250 1244 2 9 47 O 10
1229 1234 1 8 40 O 30
1205 238 1 16 84 O 10
238 1217 1 11 58 O 10
1217 1221 1 4 21 O 10
1248 1253 2 9 47 O 30
1253 1257 2 7 39 O 20
4501 1225 2 12 65 O 20
1225 1222 2 4 20 M 20
1222 1218 2 5 27 O 30
1227 1221 2 9 49 O 30
1221 1216 2 4 20 O 20
1216 1219 2 17 93 M 30
1225 1214 2 12 64 O 30
1214 1210 2 6 32 M 10
1239 1243 2 9 47 O 10
1243 1249 2 7 39 O 30
1249 3041 2 4 19 M 10
1196 236 1 13 72 O 20
236 1200 1 21 116 O 30
1200 1197 1 13 71 O 10
1231 1223 2 10 53 O 10
1201 1211 1 21 114 M 20
1211 1204 1 17 92 O 20
1207 2943 2 58 320 O 20
1219 1234 2 21 114 O 30
1198 1203 1 12 66 M 20
1203 1199 1 14 78 O 30
1258 1255 2 4 21 M 30
1255 1253 2 4 19 M 10
1253 1250 2 4 20 O 20
1250 1247 2 4 19 M 20
1247 1243 2 4 21 M 30
1264 5679 2 5 27 M 10
5679 1267 2 28 152 O 30
5679 5720 2 4 17 O 30
5720 1267 2 11 57 O 10
1504 1266 1 12 62 M 30
1266 1265 1 14 75 M 20
1602 3341 2 7 0 C 0
3339 4683 2 2 0 C 0
4683 896 2 1 0 C 0
1268 3479 2 6 0 C 0
3479 773 2 8 0 C 0
773 2497 2 2 0 C 0
2497 1269 2 5 0 C 0
1269 4861 2 5 0 C 0
4861 3286 2 4 0 C 0
3286 2021 2 25 0 C 0
2021 4176 2 15 0 C 0
1272 1270 2 11 59 M 10
1274 1272 2 9 46 O 10
1272 1271 2 3 16 M 10
1271 1270 2 1 5 O 10
1270 1273 2 9 49 O 10
4200 1299 1 8 40 M 30
1290 35 2 2 9 O 20
35 1294 2 9 45 M 30
1288 1287 2 6 30 M 20
1287 1285 2 5 25 O 20
1285 32 2 4 21 O 10
32 1287 2 4 20 O 20
1291 4208 2 18 99 O 30
4208 4228 2 7 38 M 30
4228 4884 2 2 10 O 10
4884 4235 2 2 9 O 20
4235 4240 2 18 97 O 10
4240 1280 2 4 19 O 20
1280 4241 2 4 21 O 10
4241 5466 2 8 40 O 30
5466 4886 2 12 65 O 30
1297 1295 1 5 26 O 20
1298 1302 1 29 160 M 10
1284 1283 2 11 57 M 20
1283 1281 2 1 3 O 10
1281 5562 2 36 199 O 20
5562 537 2 4 18 M 20
537 538 2 7 38 O 20
538 535 2 8 41 O 10
535 4239 2 11 56 O 30
1286 1283 2 14 77 O 20
1294 1289 2 12 65 M 10
1289 1293 2 7 38 M 30
1312 5081 2 15 80 O 10
1315 1308 2 16 86 O 20
1305 572 2 13 72 M 30
1329 1325 2 17 91 O 30
1310 1317 2 16 86 O 30
1314 1319 2 16 85 M 30
5080 1316 2 15 80 O 20
1306 1311 2 16 87 O 20
574 1309 2 14 72 M 10
1313 575 2 14 74 O 10
1318 5079 2 15 80 O 30
1328 1324 2 17 91 O 10
573 1307 2 13 72 M 20
1327 1323 2 17 91 O 20
5693 1320 2 8 43 O 10
5694 1322 2 15 81 O 10
1321 5692 2 22 119 O 20
1330 1331 2 27 146 O 20
1332 1333 2 37 204 O 10
1336 59 1 11 58 O 20
59 1335 1 6 32 O 30
1335 1336 1 11 61 O 30
1887 1860 1 15 0 C 0
1860 1864 1 15 0 C 0
1864 1802 1 15 0 C 0
1802 1827 1 15 0 C 0
1827 1799 1 16 0 C 0
1799 1801 1 16 0 C 0
1801 1857 1 16 0 C 0
1857 1826 1 15 0 C 0
1826 1661 1 11 0 C 0
1972 1973 2 14 76 O 20
1973 1974 2 14 77 O 20
1974 1975 2 14 76 O 20
1975 1976 2 14 77 O 30
1976 1977 2 14 76 M 20
1977 1978 2 14 77 M 30
1978 1979 2 14 76 O 20
1979 1980 2 14 76 O 30
1980 1981 2 14 76 O 20
1981 1982 2 15 81 M 20
1972 3076 2 61 336 O 20
3076 3075 2 48 266 O 20
3075 1103 2 39 213 M 30
3064 3430 2 7 36 O 20
1722 1723 2 15 0 C 0
1723 697 2 8 0 C 0
1767 1766 1 15 0 C 0
903 5691 1 19 105 O 30
3529 3530 2 7 38 O 30
2950 635 2 10 52 M 10
635 1107 2 6 30 O 20
2950 2951 1 35 190 O 20
1810 1897 1 19 0 C 0
1897 1883 1 19 0 C 0
1344 4693 1 9 0 C 0
4693 4692 1 9 0 C 0
4692 1345 1 7 0 C 0
1343 1566 1 22 0 C 0
1358 1359 1 20 0 C 0
1359 1360 1 36 0 C 0
1360 1342 1 18 0 C 0
1347 1348 1 37 0 C 0
1352 1353 1 27 0 C 0
1363 4825 1 10 0 C 0
4825 4824 1 15 0 C 0
4824 1364 1 12 0 C 0
1364 5784 1 2 0 C 0
5784 1365 1 2 0 C 0
1365 1366 1 18 0 C 0
1366 1367 1 30 0 C 0
1367 4847 1 2 0 C 0
4847 1368 1 16 0 C 0
1298 1374 1 3 14 M 10
1292 1296 1 4 20 O 30
4880 4207 2 15 80 O 10
1345 1346 1 2 0 C 0
1346 1347 1 3 0 C 0
1885 1808 1 19 0 C 0
1808 5591 1 6 0 C 0
1376 1948 1 12 63 O 30
1948 1377 1 8 40 M 20
1377 1950 2 5 24 O 20
2099 815 2 4 21 O 20
815 3575 2 23 124 M 30
3575 4591 2 9 49 O 20
4591 3486 2 5 22 O 10
3486 4933 2 2 9 O 20
4933 2111 2 13 70 O 30
2111 3906 2 15 80 O 20
424 781 2 5 27 O 10
781 3954 2 10 52 O 20
1383 1384 2 33 178 O 30
1388 1390 2 14 73 O 10
2667 1386 2 11 57 O 10
1385 1386 2 5 28 M 30
1386 1387 2 2 11 M 10
1391 1390 2 5 25 M 30
1390 1389 2 5 24 O 20
1396 1394 2 9 47 M 30
1395 1394 2 3 15 O 30
1394 1393 2 3 13 O 20
1397 1398 2 2 10 O 20
1398 1399 1 8 43 M 20
1400 4331 1 3 12 M 30
4331 1398 1 8 43 M 10
1399 1400 1 7 36 O 30
1402 1403 2 9 46 M 10
1403 1404 2 3 16 O 20
1407 1406 2 5 24 O 10
1406 1405 2 8 44 O 30
3908 3909 2 10 53 M 30
3963 3656 1 3 12 O 30
3907 3656 2 2 8 O 20
1422 1418 2 18 98 M 10
1418 1419 2 3 16 M 30
389 1434 2 6 29 M 30
1420 1423 2 9 48 O 20
1438 388 2 4 18 O 10
388 1435 2 6 29 O 10
1431 1428 2 4 18 O 30
1422 1420 2 4 18 M 20
1420 1418 2 8 42 O 20
384 1432 2 13 68 O 30
1432 385 2 2 6 O 10
385 1427 2 4 18 O 20
1426 1428 2 12 62 O 10
1428 1430 2 3 16 O 10
1432 1434 1 4 18 O 30
1434 1435 1 4 19 O 30
1435 1507 1 4 22 O 10
3984 1437 2 4 18 O 10
1436 1437 2 20 110 O 10
1427 1424 2 11 56 O 10
1424 1421 2 9 47 O 30
1433 1438 2 17 93 M 20
1438 1440 2 4 20 O 20
2878 2 2 37 201 M 20
2 2879 2 2 11 M 20
1494 1496 2 3 15 M 20
1496 1497 2 4 19 O 30
1497 1498 2 2 6 O 10
1498 1490 2 13 68 O 20
1490 1489 2 4 19 O 20
1489 1488 2 4 17 M 20
1488 1487 2 4 20 O 10
1487 1486 2 4 17 O 30
1486 1485 2 5 23 O 30
1485 1484 2 4 19 O 30
1484 3 2 2 10 O 20
3 1483 2 3 14 O 20
1477 1479 2 8 39 O 30
1472 1478 2 21 113 O 30
1468 1473 2 19 101 O 10
1490 1497 2 8 39 M 10
1475 1478 2 7 38 M 30
1492 1495 2 4 19 M 20
1486 4 2 11 58 M 10
1485 1491 2 10 55 M 30
1470 1476 2 21 116 M 30
1498 1500 2 4 20 M 10
1469 1474 2 20 109 M 20
1489 1496 2 8 44 O 10
1488 1 2 9 49 M 20
1463 1462 2 4 20 O 20
1487 1493 2 10 54 O 20
1171 1176 1 25 138 M 10
1464 5087 2 3 15 O 20
5087 5090 2 1 5 O 10
5090 1465 2 8 43 M 10
1465 1466 2 4 18 O 20
1465 5089 2 4 22 O 30
5089 1462 2 4 18 M 30
1462 1461 2 4 21 O 10
1484 1491 2 15 78 O 20
1491 4 2 4 20 O 10
4 1492 2 1 4 M 10
1492 1493 2 3 15 O 10
1493 1 2 4 19 M 10
1 1494 2 1 3 O 20
1481 5673 2 6 31 M 20
5673 5670 2 10 54 O 20
1477 1476 2 3 15 M 10
1476 1474 2 4 18 O 30
1474 1473 2 4 18 O 30
1473 2431 2 4 18 O 20
1505 4484 1 4 22 O 20
1512 1513 1 15 0 C 0
1511 1512 1 14 0 C 0
3349 3347 1 14 0 C 0
3347 4422 1 4 0 C 0
4422 4423 1 8 0 C 0
4423 1514 1 4 0 C 0
1514 5365 1 10 0 C 0
5365 1523 1 4 0 C 0
1516 3018 1 4 0 C 0
1508 4511 1 5 27 O 20
4511 4509 1 4 20 O 20
4509 1509 1 6 33 O 10
1509 4476 1 5 24 O 20
4476 1510 1 24 128 O 20
1505 3013 2 3 13 O 30
1510 3350 2 3 13 O 20
1520 4483 1 3 13 M 20
4483 1508 1 8 40 O 10
1519 3355 1 12 63 O 30
1513 1521 1 9 0 C 0
1515 1516 1 4 0 C 0
1523 714 1 4 0 C 0
714 1515 1 5 0 C 0
3351 4447 1 3 16 O 30
4447 4445 1 4 19 M 30
4445 4441 1 3 14 M 20
4441 3352 1 6 30 O 20
1518 1504 1 9 49 O 30
1517 4026 1 10 50 O 30
3355 3356 1 15 79 O 10
3356 1517 1 6 29 M 30
2942 1503 1 16 87 M 20
1503 1518 1 4 22 O 30
3344 297 2 4 0 C 0
297 1524 2 4 0 C 0
2638 710 2 4 0 C 0
710 4545 2 2 0 C 0
4545 4522 2 2 0 C 0
4522 1526 2 4 0 C 0
1528 711 2 4 0 C 0
711 2253 2 7 0 C 0
1524 299 2 3 0 C 0
299 4543 2 1 0 C 0
4543 298 2 2 0 C 0
298 3187 2 5 0 C 0
1525 489 2 4 0 C 0
489 3344 2 5 0 C 0
2253 1527 2 2 0 C 0
1527 4521 2 5 0 C 0
4521 4549 2 2 0 C 0
4549 4548 2 5 0 C 0
4548 2638 2 3 0 C 0
4409 4523 2 3 0 C 0
4523 3345 2 10 0 C 0
1526 3343 2 5 0 C 0
1529 4542 1 5 0 C 0
4542 3187 1 7 0 C 0
1530 3015 1 8 42 M 30
2942 345 2 9 45 O 30
345 1531 2 1 4 O 20
3352 1508 2 3 14 M 20
1534 4515 1 2 6 O 30
4515 4514 1 5 24 O 30
4514 1508 1 6 28 O 30
1532 3786 1 13 0 C 0
3786 4520 1 4 0 C 0
4520 1533 1 34 0 C 0
1780 1537 2 6 0 C 0
1535 1777 2 6 0 C 0
1777 1536 2 8 0 C 0
1781 1381 2 2 0 C 0
1381 1538 2 4 0 C 0
1410 1408 2 7 0 C 0
1408 1780 2 17 0 C 0
1537 4317 2 3 0 C 0
1536 1778 2 7 0 C 0
1778 51 2 9 0 C 0
51 1779 2 6 0 C 0
1779 1409 2 15 0 C 0
1409 4277 2 15 0 C 0
4277 1410 2 5 0 C 0
1539 3369 1 10 0 C 0
1543 1542 2 6 29 O 30
1542 1549 2 7 38 O 30
1540 4882 1 4 20 O 20
1145 1125 1 11 58 O 30
1119 1109 1 11 56 O 30
1109 1145 1 12 62 O 10
1129 1151 1 22 120 O 30
1151 1146 1 20 107 O 20
1135 1541 1 28 153 O 20
3472 1545 2 6 28 O 30
1174 1173 2 8 0 C 0
3473 1544 2 4 20 O 10
1544 1174 2 15 80 O 10
1545 3473 2 4 18 O 10
1546 3472 2 2 11 M 10
2904 69 2 5 24 M 20
69 1546 2 2 8 M 20
513 403 2 10 50 O 20
403 3589 2 9 45 O 30
3589 3590 2 21 115 O 10
1547 4768 2 6 32 O 10
4768 2904 2 5 24 O 30
1549 194 2 2 7 O 30
194 1547 2 7 37 O 30
1138 1548 2 10 52 O 10
1139 1138 2 2 9 M 10
1551 1969 2 8 0 C 0
3592 857 2 21 115 O 20
857 1551 2 11 0 C 0
1550 3592 2 9 46 O 30
1552 5247 2 7 36 M 30
5247 4022 2 3 13 M 10
1555 1100 1 9 48 O 10
1554 1115 1 10 51 M 20
1553 4828 1 4 18 M 20
4828 1120 1 9 45 M 30
1143 1142 1 10 51 M 30
1100 4006 1 32 175 O 30
1120 1102 1 17 94 O 20
1102 1143 1 21 114 O 30
1146 1148 1 14 76 O 30
1148 1111 1 15 80 M 10
1111 1117 1 21 113 M 30
1117 1553 1 10 55 O 20
4017 1556 2 6 30 M 20
1558 115 2 5 24 O 10
3453 3454 2 4 19 M 20
3454 1557 2 7 35 O 20
2879 3132 2 16 83 O 30
3132 3447 2 16 86 M 30
3447 2031 2 15 78 O 10
1559 3467 2 7 36 M 20
3467 1378 2 4 22 M 20
1378 3293 2 11 59 O 10
3293 3468 2 3 13 M 30
3468 1184 2 8 41 O 10
1184 5132 2 6 30 O 20
5132 5130 2 3 15 M 20
5130 3469 2 14 73 O 10
3469 2438 2 6 30 O 10
2438 4967 2 2 8 O 10
4967 3470 2 9 46 M 30
3470 3471 2 10 54 O 20
3445 1563 2 3 15 O 20
1560 3466 2 6 28 M 10
3465 5091 2 2 9 O 30
5091 1561 2 1 3 O 30
1561 1560 2 4 20 O 10
3466 1559 2 6 29 O 30
2235 1562 2 7 35 O 30
3446 507 2 5 24 M 10
507 2235 2 4 20 O 20
3162 718 2 15 78 O 10
718 722 2 2 9 O 20
722 3446 2 1 5 O 20
1564 273 2 2 11 M 30
273 442 2 2 9 O 30
442 294 2 2 9 O 10
3719 3720 2 29 160 O 20
3720 254 2 4 17 O 30
254 3721 2 3 16 O 10
3721 3722 2 15 80 M 30
3722 3723 2 15 80 O 20
3723 3599 2 15 82 M 20
3599 83 2 2 6 O 10
80 81 2 10 0 C 0
1362 1363 1 10 0 C 0
1361 1362 1 51 0 C 0
1565 1358 1 9 0 C 0
5682 1344 1 8 0 C 0
1712 1567 2 8 0 C 0
1709 1710 2 15 0 C 0
1710 1711 2 15 0 C 0
1711 1569 2 9 0 C 0
1568 1721 2 8 0 C 0
1572 1571 2 4 0 C 0
1707 1570 2 7 0 C 0
1571 1707 2 7 0 C 0
1569 1712 2 8 0 C 0
1093 1572 2 5 0 C 0
1570 1708 2 9 0 C 0
1577 1686 2 6 0 C 0
1578 1577 2 4 0 C 0
1688 1574 2 5 0 C 0
1684 1579 2 6 0 C 0
1575 1687 2 6 0 C 0
1576 1575 2 5 0 C 0
1579 1685 2 9 0 C 0
1687 1688 2 15 0 C 0
1685 1578 2 5 0 C 0
1580 1684 2 9 0 C 0
1574 1573 2 5 0 C 0
1573 1689 2 6 0 C 0
1686 1576 2 6 0 C 0
1582 1813 2 11 0 C 0
1813 1818 2 5 0 C 0
1581 867 2 2 0 C 0
867 1845 2 15 0 C 0
1587 1691 2 6 0 C 0
1694 1695 2 15 0 C 0
1693 1586 2 5 0 C 0
1585 1694 2 6 0 C 0
1695 1584 2 5 0 C 0
1689 4311 2 6 0 C 0
4311 1690 2 10 0 C 0
1586 1585 2 5 0 C 0
1690 4310 2 3 0 C 0
4310 1588 2 3 0 C 0
1584 1583 2 5 0 C 0
1588 1587 2 5 0 C 0
1583 1696 2 5 0 C 0
1691 1692 2 6 0 C 0
1595 3634 2 6 29 M 30
82 3719 2 6 32 O 20
3403 2248 2 27 150 O 20
1703 1591 2 5 0 C 0
1702 1703 2 15 0 C 0
1592 1702 2 5 0 C 0
1701 1593 2 6 0 C 0
1697 1664 2 5 0 C 0
1696 695 2 8 0 C 0
1593 1592 2 5 0 C 0
1594 1698 2 6 0 C 0
1705 1589 2 5 0 C 0
1591 1590 2 5 0 C 0
1590 1704 2 6 0 C 0
1706 1093 2 15 0 C 0
2235 2236 2 11 58 M 20
1596 4660 1 1 0 C 0
4660 4659 1 3 0 C 0
3333 4648 1 7 0 C 0
4648 4183 1 8 0 C 0
4183 487 1 10 0 C 0
487 854 1 4 0 C 0
854 2466 1 5 0 C 0
1597 4647 1 3 0 C 0
4647 3333 1 7 0 C 0
4193 1909 1 11 0 C 0
4186 4185 1 14 0 C 0
4185 1597 1 6 0 C 0
1598 3445 2 7 34 O 20
1061 3441 2 7 36 O 20
3441 3442 2 11 60 O 30
3442 3422 2 5 26 O 10
3422 3443 2 2 10 M 20
3443 3444 2 18 99 O 20
3444 1598 2 8 44 O 30
3439 1599 2 8 40 O 20
3337 1606 2 9 0 C 0
3215 3339 2 11 0 C 0
1601 4684 2 2 0 C 0
4684 576 2 2 0 C 0
576 5525 2 3 0 C 0
5525 3342 2 6 0 C 0
2257 4682 2 6 0 C 0
4682 4681 2 2 0 C 0
4681 64 2 2 0 C 0
1607 65 2 3 0 C 0
65 3337 2 7 0 C 0
3341 1601 2 6 0 C 0
3342 5667 2 4 0 C 0
5667 728 2 6 0 C 0
728 5668 2 3 0 C 0
5668 1600 2 3 0 C 0
3326 4680 2 8 0 C 0
4680 1605 2 3 0 C 0
1606 3326 2 5 0 C 0
1604 4646 2 3 0 C 0
4646 5529 2 3 0 C 0
3340 1602 2 5 0 C 0
64 1603 2 3 0 C 0
1603 3215 2 6 0 C 0
1604 5530 2 3 0 C 0
1609 3439 2 8 44 O 30
3393 2817 2 5 27 O 30
2817 1610 2 2 10 O 30
4201 3393 2 7 35 M 30
1613 3392 2 15 79 M 30
3294 3433 1 3 15 M 20
3387 1616 2 6 33 O 20
2410 4371 2 2 8 O 10
4371 1613 2 8 39 O 20
1615 2386 2 6 30 O 10
1614 5371 2 2 11 O 20
5371 2410 2 6 29 O 20
732 3386 2 10 52 O 10
3386 3387 2 7 38 O 20
1617 1903 2 7 0 C 0
3134 2884 2 15 0 C 0
2884 1617 2 8 0 C 0
1620 785 2 50 274 O 30
1619 647 2 1 4 O 10
647 2397 2 6 33 M 30
2396 1620 2 8 42 O 20
1624 1067 2 5 27 O 30
1067 5227 2 2 11 O 20
5227 2611 2 20 110 M 20
2611 3257 2 8 40 M 30
3257 1073 2 4 18 O 30
1073 3643 2 14 73 O 30
3643 3644 2 15 78 O 20
3644 3513 2 15 79 O 20
1621 2397 2 8 42 O 20
2397 1622 2 10 50 O 20
1017 1624 2 8 40 O 10
1623 1017 2 12 63 M 30
2443 5308 2 55 303 M 10
5308 1621 2 18 95 O 20
2397 2398 2 9 45 O 10
1625 4085 2 9 0 C 0
1630 1631 2 5 26 O 10
3410 1627 2 6 29 O 20
1628 109 2 1 3 M 30
109 1629 2 3 15 O 20
1632 2106 2 11 58 M 10
1626 3410 2 6 32 O 10
1627 2044 2 2 7 O 10
2044 162 2 5 27 O 10
162 3511 2 4 19 M 20
3511 1628 2 3 16 O 20
1631 3697 2 2 7 O 10
3697 3698 2 15 82 M 30
3698 1632 2 2 6 M 20
1629 2045 2 3 15 O 30
2045 3283 2 7 35 O 20
3283 5428 2 1 4 M 10
5428 1630 2 2 9 O 20
3638 1634 2 12 62 O 20
3638 1633 2 12 66 O 10
4083 4551 1 8 0 C 0
4551 4084 1 2 0 C 0
4084 4085 1 8 0 C 0
1635 4553 1 6 0 C 0
4553 4552 1 6 0 C 0
4532 4533 1 8 0 C 0
4533 4535 1 5 0 C 0
4085 583 1 27 0 C 0
583 582 1 3 0 C 0
582 662 1 3 0 C 0
662 584 1 12 0 C 0
584 4525 1 4 0 C 0
4525 4526 1 5 0 C 0
4526 4528 1 3 0 C 0
4528 4527 1 13 0 C 0
4527 4529 1 37 0 C 0
4529 4531 1 7 0 C 0
4531 4530 1 6 0 C 0
4530 4532 1 3 0 C 0
4077 4078 1 13 0 C 0
518 4076 1 12 0 C 0
4076 4077 1 13 0 C 0
1636 1349 1 6 0 C 0
4002 1412 1 6 0 C 0
924 4130 1 56 0 C 0
1638 2357 2 9 0 C 0
3370 3371 2 15 0 C 0
3371 3372 2 10 0 C 0
3372 1638 2 19 0 C 0
1639 5535 2 5 0 C 0
5535 5536 2 3 0 C 0
5536 1953 2 3 0 C 0
2548 4102 2 3 0 C 0
1641 1640 2 5 0 C 0
1640 4103 2 6 0 C 0
928 3404 1 11 0 C 0
3404 3168 1 8 0 C 0
3168 1923 1 10 0 C 0
1923 4096 1 12 0 C 0
4094 1960 1 34 0 C 0
1922 2548 1 18 0 C 0
1642 1958 2 8 0 C 0
5589 2010 2 8 0 C 0
1650 2010 2 9 0 C 0
1647 3133 2 5 0 C 0
2195 1649 2 5 0 C 0
1648 3856 2 5 0 C 0
3856 1647 2 11 0 C 0
1649 1648 2 6 0 C 0
1618 3134 2 5 0 C 0
3251 1643 2 7 0 C 0
1644 3251 2 6 0 C 0
1645 1644 2 4 0 C 0
3487 1646 2 2 0 C 0
1646 3149 2 6 0 C 0
1643 1618 2 5 0 C 0
3149 1645 2 6 0 C 0
2180 1651 2 7 0 C 0
1903 1652 2 30 0 C 0
1652 2180 2 9 0 C 0
3101 4005 2 14 0 C 0
3103 1655 2 10 0 C 0
1654 3103 2 9 0 C 0
3102 1654 2 7 0 C 0
3104 1657 2 19 0 C 0
1658 1928 2 12 0 C 0
1655 1656 2 10 0 C 0
1656 3104 2 14 0 C 0
1653 4463 2 2 0 C 0
1657 3105 2 12 0 C 0
3105 1658 2 11 0 C 0
1928 2789 2 6 0 C 0
2552 4104 2 3 0 C 0
1660 4091 2 7 0 C 0
4091 1659 2 14 0 C 0
464 2554 1 22 0 C 0
1661 1812 1 5 0 C 0
1812 1815 1 16 0 C 0
1815 1000 1 10 0 C 0
1000 1001 1 15 0 C 0
1001 1853 1 6 0 C 0
1853 1002 1 14 0 C 0
1002 4932 1 22 0 C 0
1886 1662 1 12 0 C 0
1662 1887 1 4 0 C 0
1663 1794 2 6 0 C 0
1664 1594 2 5 0 C 0
1708 1162 2 2 0 C 0
1667 3365 1 10 50 O 30
3357 3358 1 15 82 O 10
3358 2865 1 15 79 M 10
2865 3359 1 16 88 O 20
3359 3360 1 23 124 O 30
3360 1668 1 14 76 O 30
1668 3361 1 10 51 M 10
3365 2042 1 15 80 O 10
2042 1666 1 8 39 M 20
1666 3366 1 13 69 M 30
3363 3364 1 21 113 M 30
3364 3307 1 17 92 M 30
3307 2876 1 15 80 O 20
2876 3130 1 15 80 M 10
3130 1667 1 6 29 O 10
1669 1796 1 7 0 C 0
1670 1369 1 8 0 C 0
1369 1370 1 27 0 C 0
1370 1371 1 6 0 C 0
1371 1372 1 31 0 C 0
4026 4049 1 15 80 O 30
4049 4025 1 16 83 O 20
4025 4024 1 15 78 O 30
4024 4023 1 13 70 O 30
1671 2942 1 10 52 O 10
1533 3984 2 2 8 O 20
4078 4079 1 7 0 C 0
4535 19 1 2 0 C 0
1522 2830 1 9 0 C 0
712 855 2 11 0 C 0
855 3092 2 3 0 C 0
1512 2662 2 3 0 C 0
1510 1511 1 14 0 C 0
1504 5305 1 13 68 O 30
5305 4499 1 6 33 O 10
4499 1505 1 11 57 M 10
3355 1504 2 3 14 M 20
1599 1064 2 7 33 O 10
1064 1990 2 9 49 O 20
1990 811 2 6 33 O 20
811 2115 2 9 48 O 10
2115 4330 2 7 36 O 20
4330 3440 2 1 5 O 30
1061 3440 1 10 52 O 30
3440 1672 1 3 15 O 30
1672 1061 1 8 39 M 30
1061 1397 2 4 20 M 20
1413 4002 1 16 0 C 0
4003 5646 1 5 0 C 0
5646 4460 1 4 0 C 0
4460 4004 1 5 0 C 0
4004 261 1 3 0 C 0
261 4462 1 2 0 C 0
2246 4252 2 14 77 O 30
4252 4254 2 2 9 O 30
4254 5216 2 2 6 O 10
5216 2247 2 23 126 O 10
2247 2248 2 22 119 O 20
3767 3363 2 14 74 O 30
651 3129 2 20 109 O 20
3129 3130 2 43 235 M 30
4010 4011 1 15 79 M 30
4011 4012 1 15 80 O 30
4012 4013 1 15 80 M 30
4013 4014 1 37 205 O 20
4014 4015 1 17 94 O 30
4007 4008 1 10 52 O 10
4009 4010 1 10 53 O 30
4008 4009 1 25 135 O 20
4006 4007 1 74 409 O 10
4023 3357 1 10 50 O 20
4017 4018 1 23 127 M 20
4018 5246 1 9 49 O 10
5246 4019 1 14 74 M 30
4019 4020 1 16 84 O 20
4020 4021 1 19 101 O 30
4021 4022 1 12 64 O 10
4016 4017 1 9 50 O 10
3278 3552 2 15 79 O 30
3552 3970 2 15 78 M 10
3970 3993 2 15 81 O 10
3993 3260 2 14 77 M 30
3260 3935 2 15 81 O 30
3935 3942 2 15 80 M 30
3942 3360 2 15 78 O 30
4013 3308 2 28 155 O 30
3308 2191 2 25 139 M 30
4012 2877 2 30 167 M 20
2877 2192 2 29 158 M 10
4019 2955 2 13 72 O 20
2955 5560 2 10 54 O 30
5560 3753 2 5 23 M 30
3753 2167 2 16 84 O 30
2167 3500 2 15 82 O 10
3500 2139 2 15 80 O 10
2139 3746 2 15 81 O 20
3746 3790 2 13 70 O 30
4028 1375 1 5 26 O 30
3741 4029 1 5 26 O 20
4032 4036 2 18 100 O 10
4027 1444 2 8 41 O 20
4039 4038 2 6 32 O 10
4038 4037 2 4 18 M 10
4037 4036 2 4 22 O 10
4035 4034 2 6 32 M 20
4034 4033 2 4 18 O 10
4033 4032 2 4 21 O 20
3740 4826 2 8 41 O 20
4826 327 2 32 175 M 30
4030 4031 2 34 187 O 30
4034 5625 2 16 87 M 30
5625 4033 2 15 83 O 30
4033 4037 2 21 113 O 10
4037 5626 2 16 86 M 30
5626 4038 2 16 84 M 20
4038 4034 2 21 113 O 10
730 2634 2 6 0 C 0
2634 731 2 23 126 O 10
5394 1081 2 11 57 M 10
3417 3418 1 12 61 M 10
1353 1354 1 23 0 C 0
1354 1355 1 64 0 C 0
1355 1356 1 41 0 C 0
1356 4694 1 34 0 C 0
4694 1357 1 7 0 C 0
1357 1565 1 6 0 C 0
4043 4470 2 8 0 C 0
4470 4468 2 4 0 C 0
4468 1510 2 4 19 O 30
5473 5472 2 9 45 O 30
5472 4056 2 17 90 M 20
5708 247 1 3 12 O 10
4052 5479 2 4 20 O 20
5479 5556 2 11 56 O 10
5471 4056 2 13 71 M 20
4056 5475 2 3 16 O 10
4047 4045 2 6 31 O 10
1262 4050 2 4 17 O 10
4046 5708 1 2 9 O 30
4044 1552 1 3 16 O 20
4048 4047 2 3 15 M 10
4047 4046 2 6 29 M 10
5717 4055 2 3 13 O 30
4055 4052 2 6 32 O 20
4052 5478 2 8 40 O 20
1503 4059 2 4 19 M 20
4055 4500 1 10 51 O 10
4500 4054 1 2 8 O 10
4054 5233 1 4 21 O 20
5233 4057 1 5 26 M 30
1018 4061 2 7 38 O 20
4061 4062 2 48 264 O 10
4062 541 2 12 65 O 20
541 540 2 11 57 O 20
540 545 2 6 30 M 10
545 4063 2 6 31 O 30
4063 4064 2 9 46 O 20
4064 5061 2 5 24 O 20
5061 4065 2 10 50 M 30
4065 4066 2 4 18 M 10
15 2725 2 2 6 M 30
14 15 2 7 34 M 10
2430 5500 2 2 10 O 30
5500 2431 2 5 24 M 30
4155 1416 2 4 21 O 20
1416 2738 2 2 8 M 20
2738 4153 2 2 8 O 10
3450 5382 2 4 18 O 10
5382 2614 2 22 119 O 20
2614 4155 2 2 11 M 20
4152 1467 2 4 18 O 30
1415 2739 2 13 68 O 20
2739 2740 2 16 87 M 30
4154 2738 2 2 9 O 10
2738 1415 2 2 8 O 10
2736 2737 2 20 109 M 20
2737 2716 2 20 109 O 10
2716 4154 2 33 180 M 30
1083 3125 2 4 18 O 20
1803 1805 1 14 0 C 0
3216 3381 2 15 0 C 0
3381 307 2 4 0 C 0
307 300 2 7 0 C 0
300 3382 2 6 0 C 0
3382 3182 2 15 0 C 0
1772 5366 2 9 0 C 0
5366 1773 2 6 0 C 0
1773 1774 2 15 0 C 0
1774 1775 2 15 0 C 0
1775 1776 2 15 0 C 0
1776 1535 2 9 0 C 0
4099 4166 1 42 0 C 0
2447 2117 2 23 124 M 20
2117 2448 2 49 269 O 30
2448 2449 2 16 84 M 10
2449 2450 2 16 86 O 30
2447 3509 2 19 102 O 30
3509 3510 2 52 287 O 10
3510 3511 2 44 240 O 20
2376 2123 2 23 125 O 30
2123 2377 2 4 20 O 10
2377 4576 2 14 78 M 20
4576 4574 2 16 89 M 30
4574 2378 2 11 60 O 20
2378 2379 2 17 89 M 30
2379 2380 2 15 79 O 20
2380 767 2 6 28 O 20
2966 2011 2 14 76 O 30
1458 4129 1 30 0 C 0
4168 4169 1 13 0 C 0
4169 1458 1 50 0 C 0
4170 4171 1 8 0 C 0
1910 2171 2 24 0 C 0
2171 2172 2 14 0 C 0
2172 2173 2 9 0 C 0
2173 2174 2 13 0 C 0
2174 2175 2 13 0 C 0
2175 5320 2 10 0 C 0
5320 5318 2 7 0 C 0
5318 2176 2 5 0 C 0
2176 5319 2 2 0 C 0
5319 2177 2 8 0 C 0
2177 2178 2 13 0 C 0
2178 2179 2 5 0 C 0
2179 2180 2 34 0 C 0
2375 1304 2 12 61 O 30
1304 2376 2 13 68 M 30
4172 4173 2 10 52 O 10
1888 1889 1 4 0 C 0
1889 1834 1 14 0 C 0
1891 1892 1 5 0 C 0
1892 5342 1 6 0 C 0
913 706 1 2 0 C 0
706 1821 1 14 0 C 0
1821 1867 1 19 0 C 0
1867 1804 1 19 0 C 0
1804 1863 1 19 0 C 0
1863 1814 1 19 0 C 0
1814 1898 1 45 0 C 0
4297 1809 1 5 0 C 0
1869 1880 2 29 0 C 0
1880 1797 2 16 0 C 0
2041 3366 2 28 155 M 20
3361 2464 1 24 133 O 10
2464 3362 1 16 86 O 10
3362 3363 1 5 22 O 20
2669 2145 2 5 0 C 0
4177 2145 1 7 0 C 0
3380 3327 2 15 0 C 0
3327 54 2 11 0 C 0
54 405 2 6 0 C 0
405 406 2 12 0 C 0
406 3216 2 17 0 C 0
1373 1350 1 24 0 C 0
1350 5395 1 15 0 C 0
5395 1351 1 24 0 C 0
1471 1475 2 18 100 O 20
1475 1477 2 4 20 M 30
4192 323 1 4 0 C 0
323 324 1 2 0 C 0
1608 4679 2 2 0 C 0
3343 4544 2 4 0 C 0
4544 1525 2 4 0 C 0
1600 1528 2 5 0 C 0
4190 702 1 11 0 C 0
2904 75 2 7 35 M 10
75 76 2 3 13 M 30
76 2905 2 3 16 M 10
3471 5034 1 7 37 O 10
5034 5033 1 4 19 O 30
5033 2905 1 20 109 O 20
78 4767 2 3 15 M 20
4767 2906 2 6 32 O 20
604 2902 2 35 192 O 10
2902 2162 2 17 91 O 30
2162 5310 2 13 67 M 30
5310 1976 2 33 179 O 10
3314 4195 2 3 14 M 20
4195 5254 2 1 5 O 20
1155 1142 2 3 14 O 30
4022 3357 2 3 14 O 10
1132 443 1 3 14 M 20
443 449 1 8 40 M 20
449 452 1 4 20 O 10
452 1097 1 21 114 O 30
1097 4788 1 10 54 O 30
4788 1107 1 20 109 O 30
1107 4797 1 7 35 M 20
4797 686 1 10 54 M 20
686 4795 1 8 40 O 10
4795 1105 1 12 63 O 20
1105 509 1 5 26 M 20
1150 4815 1 5 28 O 30
4815 1127 1 5 27 M 30
1127 1099 1 16 85 O 30
1099 4777 1 7 36 O 10
4777 5680 1 2 6 M 10
5680 1116 1 7 35 O 30
1116 4782 1 9 47 O 10
4782 1130 1 10 54 O 10
1130 4784 1 10 51 M 10
4784 4786 1 3 13 O 30
4786 1147 1 11 59 O 10
1147 4831 1 16 88 O 30
4831 4196 1 4 21 M 20
4196 262 1 3 15 O 20
262 263 1 5 25 O 10
263 271 1 3 13 O 30
271 1135 1 5 25 O 10
1097 1147 2 2 9 O 20
1147 4785 2 8 41 O 20
4785 2271 2 11 61 M 30
2271 2272 2 54 297 O 10
2272 2273 2 22 121 M 10
3361 4017 2 3 14 O 30
1132 1135 2 2 11 O 10
1125 1129 2 3 15 O 30
1129 2710 2 10 50 M 20
2710 2711 2 6 30 M 30
2711 2712 2 9 47 O 30
2712 2311 2 6 32 M 20
2311 1078 2 13 72 O 10
1115 1098 1 42 228 O 20
1098 1154 1 28 155 O 30
1146 561 2 26 140 O 30
561 1079 2 9 49 M 10
4015 4016 1 18 98 M 30
1104 1101 1 16 89 M 30
1095 4817 1 7 37 O 30
4817 1150 1 6 29 O 30
1150 1104 2 3 11 O 20
5242 2540 2 11 56 O 10
2540 510 2 41 222 O 10
9 1103 1 10 55 O 30
1103 4823 1 8 43 M 30
4823 1106 1 7 33 O 20
1106 1096 1 18 95 O 30
1096 1114 1 10 51 O 20
1114 1138 1 6 31 O 30
1138 4276 1 5 28 O 20
3368 4006 2 3 12 O 10
3013 4452 1 5 27 O 10
1108 1100 2 3 14 O 10
3273 1343 1 11 0 C 0
4026 2942 2 3 14 O 30
4181 2363 2 3 0 C 0
2466 5665 1 11 0 C 0
5665 5664 1 12 0 C 0
5664 304 1 11 0 C 0
304 305 1 4 0 C 0
305 3332 1 4 0 C 0
3332 4191 2 3 0 C 0
4191 4627 2 4 0 C 0
4627 4628 2 5 0 C 0
4628 2759 2 16 0 C 0
4182 3025 1 18 0 C 0
3025 486 1 4 0 C 0
4182 2466 2 3 0 C 0
4184 4629 1 7 0 C 0
4629 3334 1 8 0 C 0
3334 4187 1 14 0 C 0
486 4184 1 12 0 C 0
4187 4188 1 14 0 C 0
2323 3335 1 14 0 C 0
4188 665 1 4 0 C 0
665 666 1 4 0 C 0
666 664 1 3 0 C 0
664 488 1 3 0 C 0
488 4189 1 3 0 C 0
490 4180 1 2 0 C 0
4180 4179 1 9 0 C 0
4179 4190 1 14 0 C 0
1372 1373 1 3 0 C 0
1786 1787 2 15 0 C 0
1787 4926 2 7 0 C 0
4926 1788 2 8 0 C 0
1788 1789 2 15 0 C 0
1789 1790 2 15 0 C 0
1790 5032 2 2 0 C 0
5032 1791 2 13 0 C 0
1791 1792 2 15 0 C 0
4177 2669 2 6 0 C 0
2862 2728 1 30 167 M 30
2862 3064 2 7 34 M 10
3330 479 2 12 0 C 0
1349 3879 2 2 0 C 0
3189 1361 2 3 0 C 0
1302 1301 2 3 15 O 20
5228 3078 2 24 129 O 20
3078 3176 2 17 91 O 10
3176 3908 2 16 88 O 10
1292 1297 1 11 58 O 10
4211 4210 1 9 48 O 30
4210 524 1 5 22 M 30
524 4211 1 4 20 O 20
1297 4200 1 5 23 O 20
1295 4200 1 4 19 O 10
1299 36 2 8 40 O 10
36 1290 2 3 16 O 30
1293 1300 2 27 146 O 30
2395 106 1 91 503 O 20
3907 3963 2 3 14 M 10
1953 5537 2 3 0 C 0
5537 5534 2 4 0 C 0
5534 1954 2 8 0 C 0
1954 5423 2 11 0 C 0
5423 5422 2 4 0 C 0
5422 4641 2 7 0 C 0
4641 1905 2 8 0 C 0
1905 809 2 5 0 C 0
809 808 2 4 0 C 0
808 1955 2 6 0 C 0
1955 4634 2 4 0 C 0
4634 1956 2 10 0 C 0
1956 5224 2 4 0 C 0
5224 1957 2 20 0 C 0
1957 4294 2 9 0 C 0
4294 4912 2 7 0 C 0
4912 4293 2 15 0 C 0
4293 4296 2 2 0 C 0
4296 4295 2 10 0 C 0
4295 1958 2 10 0 C 0
1611 4201 1 9 48 O 30
4201 1612 2 7 36 O 20
4144 4202 2 7 33 O 20
4203 3117 2 13 67 O 10
4204 4205 2 12 64 O 20
4206 4205 2 9 49 M 10
4205 3117 2 15 79 O 10
1296 1298 1 4 18 O 30
1299 34 1 8 44 O 30
1301 1374 1 29 156 M 20
1374 33 1 1 5 M 10
33 1291 1 4 17 O 10
1291 1292 1 3 14 O 10
4207 528 2 4 20 O 30
528 4208 2 31 171 O 10
4211 4209 2 1 3 O 30
4209 4231 2 4 20 M 10
4231 4220 2 3 12 O 20
4220 1282 2 3 14 O 30
1282 4234 2 2 6 O 30
4234 38 2 10 50 O 20
38 4215 2 1 4 O 10
4212 4214 2 6 29 O 30
4214 4213 2 9 45 O 20
4214 4215 2 4 19 O 30
37 4216 2 2 8 M 20
4216 4217 2 9 48 M 20
1282 4218 2 6 29 M 10
4220 4232 1 3 16 O 20
4232 4219 1 3 12 O 20
4221 4209 1 3 17 O 30
4222 4223 2 7 34 O 10
4221 4219 2 7 33 O 30
4224 4229 1 5 25 O 30
4229 4225 1 2 8 O 30
4226 4227 2 6 33 O 10
4219 4222 1 4 19 M 10
4222 4226 1 4 18 O 30
4226 4224 1 3 12 M 10
4228 4229 2 4 21 O 10
4225 4227 1 2 11 O 30
4227 4223 1 4 19 M 20
4223 4221 1 4 19 O 20
4220 4230 1 6 31 O 30
4230 4231 1 4 19 O 10
4232 4233 2 4 20 O 20
4233 4213 2 2 8 O 20
4233 4234 2 3 12 M 20
4235 4236 2 3 16 O 10
4236 4237 2 9 48 O 20
4236 4238 2 6 29 O 30
4239 4240 2 6 30 O 30
4239 4241 2 7 34 M 20
1280 4242 2 6 32 O 10
529 4243 2 6 28 M 10
4244 4245 2 7 38 O 20
4246 4247 2 8 44 M 30
4245 4247 2 4 17 O 30
4247 159 2 10 53 O 30
4244 4251 2 2 10 O 30
4251 4248 2 5 28 O 30
4249 4250 1 15 83 O 20
4250 5785 1 2 9 M 10
5785 4249 1 2 9 M 20
4249 4251 2 4 20 O 30
2399 1334 2 38 206 M 10
4252 4253 1 4 18 O 30
4258 4254 1 3 17 M 30
4255 4256 2 9 47 M 20
4257 23 2 11 60 O 30
4259 4260 2 12 67 O 20
4261 4262 2 14 72 O 20
4261 4259 2 4 22 M 20
4259 4257 2 4 21 O 10
4257 4255 2 4 21 O 20
4255 4263 2 4 21 M 10
4264 4256 2 5 27 M 30
4256 4258 2 5 23 O 10
4258 23 2 1 2 O 10
23 4253 2 2 6 M 30
4253 4260 2 4 17 O 20
4260 4262 2 5 23 O 20
4262 4265 2 7 36 O 30
1392 2379 2 33 180 M 10
4276 4883 1 6 32 O 10
1337 4278 2 14 0 C 0
4278 3635 2 11 0 C 0
3978 3230 2 53 292 O 20
3230 5528 2 28 152 M 30
2960 5274 2 10 51 M 20
5274 2961 2 10 52 O 30
3949 4279 2 5 28 O 10
4280 2960 2 17 92 O 20
2079 2080 2 17 89 O 20
2080 2081 2 21 114 M 10
4283 3978 2 4 19 O 20
3978 2999 2 83 456 M 30
3995 4736 1 3 15 M 10
4736 4734 1 5 23 O 20
4734 3275 1 30 164 O 20
4286 3922 2 22 120 O 20
3922 2050 2 28 153 O 10
2050 3276 2 25 134 O 10
3276 3947 2 6 33 M 10
3947 3976 2 16 84 O 10
4285 2772 2 21 114 O 10
3804 3620 2 13 70 O 30
4287 2455 2 14 74 O 30
2455 2456 2 16 84 O 30
2456 2457 2 16 86 O 10
4290 3916 2 10 54 O 10
3916 2980 2 15 81 M 10
2980 2344 2 24 128 M 10
3281 4300 1 7 36 O 10
3281 3100 2 20 111 O 30
3100 4632 2 33 179 M 30
4632 4625 2 1 5 M 10
4625 4623 2 10 55 O 30
4623 1017 2 4 21 O 10
4301 4302 2 14 76 O 30
4302 4303 2 7 36 O 20
1837 4162 1 15 0 C 0
947 4305 2 16 88 O 10
4305 4642 2 6 32 M 10
4642 4304 2 15 79 O 30
5256 2457 1 30 161 O 20
3554 3701 1 15 81 O 20
3701 3702 1 15 80 O 10
3702 3262 1 15 79 M 20
3262 3703 1 15 79 O 20
3703 3704 2 15 79 O 20
3704 2464 2 11 61 O 10
3853 2795 1 24 128 O 20
2795 339 1 2 7 O 20
339 337 1 13 68 M 20
337 3854 1 23 127 M 20
3851 2852 1 17 90 O 30
3110 2867 2 15 79 O 30
2867 3826 2 14 77 O 10
3826 3851 2 28 151 O 10
2270 4790 2 8 42 O 30
4790 1097 2 9 46 O 10
2156 2268 2 6 30 M 10
2423 2303 2 31 172 O 10
3289 3325 2 29 159 O 30
3225 3226 2 7 36 O 30
2439 2440 2 9 48 M 30
777 2234 2 22 117 O 30
3998 3999 1 7 35 O 10
3999 4000 1 6 29 O 10
4000 5446 2 10 55 O 20
5446 3696 2 5 27 O 20
2517 2498 1 8 0 C 0
4319 4320 2 15 82 O 10
4321 4329 2 5 24 O 30
4329 4320 2 24 131 O 20
4320 5615 2 6 29 O 30
5615 4319 2 5 27 O 20
4319 1397 2 3 14 O 30
4324 4322 2 5 24 O 30
2503 4324 2 6 30 M 30
4324 4323 2 11 57 M 10
4318 4325 2 7 36 O 30
4327 4326 2 6 30 O 20
4329 4328 2 6 29 O 10
4331 4330 2 4 22 O 20
4337 4333 2 4 19 O 20
4333 4335 2 3 14 M 10
4332 4333 1 9 48 M 30
4336 4335 1 6 33 O 30
4339 4338 2 8 40 M 30
4341 4340 2 15 78 M 30
1612 4342 2 5 25 M 20
4344 4343 2 6 32 O 20
4347 4346 2 9 46 M 30
4353 4350 1 2 10 O 10
4350 4352 1 6 33 O 30
4348 4353 1 4 21 M 10
4354 4348 1 9 46 M 10
4349 4348 1 3 12 O 10
4351 4349 2 3 14 O 10
4349 4350 2 5 26 O 20
4353 4354 1 5 23 O 30
4358 4357 2 5 23 O 20
390 391 2 2 6 O 30
391 393 2 1 4 M 30
393 4360 2 4 18 O 20
4360 4358 2 4 19 O 30
4358 4359 2 4 21 M 30
4363 4362 2 4 20 O 30
4365 4364 2 4 21 O 10
4345 4366 2 4 19 O 30
4368 4367 2 4 19 M 10
125 4370 2 1 5 O 20
4370 4369 2 9 49 O 10
4373 4374 2 3 13 M 10
4374 4372 2 2 8 O 30
4375 4374 2 4 17 M 10
4377 4378 2 4 19 M 20
4378 4376 2 3 14 O 30
4379 4378 2 4 21 O 20
4382 4381 2 10 51 O 10
4381 4380 2 7 35 O 20
4384 5767 2 13 67 O 30
5767 4383 2 15 79 O 30
4386 5522 2 7 36 O 30
5522 4385 2 3 15 M 20
4388 4389 1 5 25 M 30
4391 4390 2 4 22 O 20
4393 4392 2 7 37 O 30
4394 4395 1 12 62 O 10
4399 4396 2 6 30 O 30
4399 4398 2 10 55 M 10
4398 4397 2 8 44 O 10
4400 4397 2 4 19 O 30
4402 4401 2 11 60 M 10
247 246 1 3 14 O 20
246 4044 1 1 4 O 20
4405 4403 2 6 32 O 30
4406 4405 2 9 46 O 30
4405 4404 2 6 29 M 20
4412 4411 2 6 29 O 10
4414 4413 2 6 30 O 10
4419 4420 1 11 0 C 0
4424 5295 2 13 68 M 10
4426 4427 2 4 17 M 30
4427 4425 2 6 29 O 20
4428 4427 2 7 34 M 10
4430 4429 2 7 36 M 20
4458 4431 2 8 44 O 30
4433 4432 2 8 41 O 20
4435 4434 2 6 32 O 20
4438 4437 2 7 34 O 10
4440 4439 2 7 37 M 10
4442 4441 2 4 21 O 10
4444 4442 2 6 30 M 20
4442 4443 2 2 8 O 10
4446 4445 1 10 53 O 10
4447 4446 1 7 37 O 30
4451 4455 2 5 26 O 30
620 4448 2 7 36 M 30
4450 4449 1 8 40 M 10
4454 4453 2 4 19 M 20
849 4454 2 9 45 O 20
4457 47 2 11 60 O 10
4481 4482 2 6 33 O 20
1423 1422 1 12 64 O 10
1425 1423 2 11 57 O 30
1425 1429 1 5 25 M 20
4484 1425 1 6 29 O 10
4486 4485 2 5 24 O 20
4487 4489 2 4 22 O 30
4489 4488 1 9 46 O 20
4488 4487 1 6 30 O 20
4490 4489 2 3 15 O 20
4497 4496 1 3 16 M 20
4491 4497 1 3 16 O 20
4493 4494 2 4 19 O 10
4494 4492 2 4 21 O 30
4495 4494 1 6 32 O 10
4496 4491 2 2 6 O 10
4491 4492 2 3 15 O 30
4492 4495 2 3 13 M 20
4498 4497 2 11 57 O 30
5470 4053 2 16 86 O 20
1264 5743 2 7 34 O 10
5743 4060 2 2 10 O 10
4060 5305 2 27 146 M 30
4057 5717 2 2 10 O 30
5717 4058 2 2 9 O 10
4500 4057 2 6 30 O 30
1234 4503 1 3 14 O 30
4503 1235 1 9 48 O 10
4503 4502 1 6 33 O 30
4505 4504 2 7 35 O 30
4507 4506 2 3 14 O 10
4508 4512 2 4 20 O 30
4510 239 2 1 3 M 20
239 241 2 2 9 O 30
241 4508 2 2 9 O 30
4514 4513 2 5 25 O 30
4516 4515 2 17 91 O 20
4518 4517 2 3 11 O 10
4519 4518 2 9 49 O 20
4466 4465 2 11 57 O 30
4468 4467 1 19 103 O 20
4470 4469 1 19 104 O 30
4471 4043 1 15 79 O 30
4473 4472 2 15 0 C 0
4474 4473 2 4 18 O 30
4473 4471 2 4 19 M 20
4471 4469 2 4 19 O 10
4469 4467 2 4 17 O 10
4467 636 2 3 12 O 10
4476 4475 2 4 22 M 30
4548 4547 2 7 0 C 0
4561 4559 2 13 68 O 30
4556 4555 2 12 62 O 30
4558 5426 2 16 88 O 10
5426 4557 2 9 45 O 20
4562 4561 2 16 88 O 30
4561 4560 2 3 12 M 30
4560 4559 2 10 52 M 20
4559 4556 2 9 50 M 30
4556 4558 2 5 24 O 20
4566 4565 2 11 58 M 30
5687 342 2 10 53 M 20
902 2594 2 4 0 C 0
4571 4570 2 16 88 O 10
4573 4572 2 17 89 M 20
4575 4571 2 28 154 O 20
4576 4572 2 12 63 O 10
4572 4570 2 14 74 M 20
4570 4575 2 14 75 O 10
4575 2428 2 22 119 M 20
4579 4578 2 8 40 M 10
4582 4578 2 5 23 O 10
4578 4581 2 2 10 O 10
4581 4579 2 1 2 O 30
4579 4580 2 3 14 O 30
4592 4590 2 16 84 O 10
4933 4592 1 3 13 O 20
4592 4591 1 8 40 O 10
4588 4585 2 3 15 O 10
4585 4587 2 6 28 O 10
4587 4586 2 17 94 M 20
4586 4585 2 14 77 O 10
4594 4593 2 10 54 M 20
4596 4594 2 4 18 O 20
4594 4595 2 4 20 O 30
4596 4593 2 14 73 O 20
4593 4595 2 13 71 O 20
2788 4300 2 2 6 O 20
4300 2787 2 6 33 O 20
2787 906 2 20 109 O 10
906 912 2 18 97 O 10
912 4599 2 11 59 O 20
4599 28 2 2 8 M 20
28 5581 2 12 64 O 30
5581 27 2 15 79 O 10
27 5579 2 4 0 C 0
5579 5582 2 4 0 C 0
5582 5578 2 19 0 C 0
5688 5580 2 17 92 O 20
5580 5689 2 21 113 O 20
5689 5688 2 14 77 O 10
4604 4603 2 8 42 O 20
4606 4605 2 9 50 O 10
4607 4609 2 5 23 O 20
4609 4610 2 3 14 O 20
4612 4611 2 12 64 O 30
4616 643 2 6 28 O 10
643 4615 2 13 72 M 10
4618 4617 2 10 51 O 30
4620 4619 2 10 51 O 10
4626 4619 2 4 21 O 30
4619 4617 2 4 19 O 30
4617 4621 2 4 18 M 10
4623 4621 2 4 17 O 10
4621 4622 2 10 51 O 30
4624 4620 2 4 20 M 20
4620 4618 2 4 19 O 20
4618 4622 2 4 19 O 10
4622 1068 2 7 37 O 30
4625 4626 1 4 22 O 10
4626 4632 1 4 22 O 20
4638 4635 2 12 65 O 30
4635 4639 2 4 19 O 30
4639 4638 2 10 54 O 30
4638 4637 2 5 23 O 20
948 4642 2 16 89 O 10
4644 4643 2 5 23 O 10
949 5654 2 2 10 O 20
5654 4644 2 3 12 M 10
4644 4645 2 8 43 O 20
4657 4655 2 6 31 M 30
2682 4658 1 7 37 M 30
4661 4662 1 9 48 O 10
4663 46 2 5 25 O 10
4665 4664 2 8 42 O 10
4667 4661 1 5 23 O 20
4661 4664 1 12 66 O 10
4664 4662 1 2 7 O 10
4662 46 1 1 4 M 20
46 4666 1 4 18 M 30
4668 4670 1 11 57 O 10
4670 4669 1 14 77 M 20
4669 4668 1 14 74 M 20
4671 4670 2 4 17 O 30
4675 4672 2 6 29 O 10
4673 3015 2 4 20 M 20
4673 4672 1 7 36 O 30
4672 4674 1 9 48 M 30
4674 4673 1 3 15 O 20
4654 4653 2 8 43 O 10
4688 4689 2 9 45 M 20
5033 4691 2 3 12 O 10
4723 3462 2 4 18 O 20
4723 4724 2 3 13 M 20
4696 4695 2 7 38 O 20
4698 5119 1 5 24 O 10
4699 4701 2 2 10 O 10
4701 4700 2 4 17 O 30
4705 4703 2 7 37 M 30
4707 4706 2 6 33 O 10
4710 4711 1 8 41 M 20
3459 5106 2 2 10 M 10
5106 4710 2 4 17 M 30
4710 4709 2 4 22 O 10
4712 5110 1 15 79 O 30
5110 5108 1 1 3 M 20
5108 4711 1 1 4 M 30
4711 4709 1 5 22 M 10
4709 5109 1 3 15 O 20
5109 5107 1 1 2 O 10
5107 3458 1 3 12 O 30
4714 4713 2 10 52 O 20
4715 4716 1 8 43 M 20
4718 4715 2 4 19 O 30
4715 4719 2 6 31 O 30
1939 4720 2 12 65 O 10
4722 4721 2 11 58 O 30
4723 4725 2 6 31 O 10
4726 4724 2 11 60 O 30
4724 4725 2 5 22 O 20
4729 4728 1 10 51 O 20
4728 4727 1 7 36 O 20
4741 4740 1 9 48 O 10
4745 4744 2 8 41 O 10
4744 4742 2 11 56 M 10
4742 4743 2 8 41 M 30
4746 4748 2 1 5 M 10
4748 4747 2 3 15 M 10
4749 4744 2 4 18 O 20
4744 5786 2 2 9 O 20
5786 4742 2 2 9 O 20
4742 4748 2 3 13 M 30
4731 24 2 8 40 M 10
24 4730 2 6 28 O 20
4733 4732 2 5 23 O 30
4733 4735 2 8 40 O 20
4735 4732 2 3 16 M 10
4738 4737 2 12 64 O 20
4752 4751 2 4 18 M 30
4751 4750 2 8 43 O 10
4198 4752 2 16 86 O 20
4752 4753 2 8 42 O 20
4756 4755 2 4 20 M 30
4755 4754 2 4 20 O 10
4758 4759 1 8 44 M 20
4760 4759 2 4 20 O 30
4763 4762 2 19 105 O 20
4762 4761 2 12 65 O 20
4765 4764 2 20 110 O 20
4766 5502 2 12 61 O 30
447 444 1 13 70 M 20
4769 186 2 3 13 O 20
186 4772 2 3 15 M 10
4772 188 2 1 3 M 10
188 193 2 6 30 O 30
194 193 2 4 19 O 20
193 4771 2 7 35 O 30
4771 187 2 4 17 M 10
187 4770 2 2 8 O 10
4770 76 2 3 14 O 20
1547 4772 2 4 18 M 10
4774 4773 2 8 41 O 20
4775 4778 1 5 24 M 30
4776 4775 2 7 36 O 30
4779 4778 1 7 36 O 20
5680 4780 2 10 50 M 20
4782 681 2 5 22 M 30
681 4781 2 4 20 O 20
4784 4783 2 17 92 O 30
4786 4785 2 15 80 O 20
4789 4788 1 9 45 M 20
4787 4789 2 11 61 M 20
4790 4787 2 7 39 M 10
4787 5787 2 4 18 O 30
5787 4789 2 4 18 M 20
4793 4792 2 5 28 O 10
4792 4791 2 7 38 M 20
4795 4794 2 8 39 O 20
4797 4796 2 6 32 O 20
3231 4798 2 9 45 O 30
4802 4803 2 2 10 O 10
4800 4801 2 2 10 O 20
4800 4799 1 7 36 O 10
4802 4800 1 7 34 O 20
4804 4802 1 7 36 O 20
4806 4801 1 2 11 O 20
4801 4805 1 15 81 O 10
4807 4803 1 3 14 M 30
4803 4806 1 8 44 M 20
4810 4809 2 9 48 M 30
4812 4811 2 9 49 O 30
4814 4812 2 3 16 O 10
4812 4813 2 4 18 O 10
4816 4815 2 8 39 M 20
801 4817 2 11 57 M 30
4819 4818 2 8 42 O 20
4821 4820 2 6 29 M 30
4823 4822 2 7 36 O 10
4828 4827 2 12 66 M 30
4830 4829 2 6 29 O 30
4196 4832 2 8 43 O 30
4832 4831 2 5 23 O 30
4040 4834 2 7 37 O 20
4834 4833 2 10 55 O 20
4040 4041 2 10 51 M 10
3297 4835 2 10 53 O 20
4837 4838 1 6 29 O 20
4839 4840 2 10 51 M 30
4836 4842 2 10 51 O 10
4839 4836 2 4 18 O 10
4836 4837 2 5 23 O 30
4837 4843 2 4 18 O 20
4843 4842 2 9 46 O 20
4842 4840 2 4 17 O 20
4840 4841 2 4 19 M 30
4846 4845 2 24 132 O 10
4849 4848 2 20 106 O 10
4850 4849 2 4 20 O 20
4849 916 2 5 26 O 30
916 915 2 10 52 O 10
4851 4850 2 21 113 O 30
4850 916 2 17 94 O 30
328 5622 2 39 212 O 30
4856 4852 2 3 13 O 20
4855 4853 2 6 29 O 30
4857 4856 2 8 42 O 10
4859 4858 1 10 53 O 30
1449 1450 2 16 88 M 30
1414 4860 1 16 0 C 0
4860 1446 1 19 0 C 0
1446 1447 1 32 174 O 20
4754 4761 2 2 9 O 30
3370 3481 1 5 0 C 0
1170 1169 1 4 0 C 0
1168 1169 2 9 0 C 0
1178 5030 2 7 36 O 10
5030 1179 2 1 5 M 20
1176 5031 1 2 11 O 20
5031 1178 1 2 7 M 10
4862 5372 2 3 15 O 30
2530 2531 2 15 81 M 20
2531 1155 2 14 77 O 20
2530 2564 2 45 249 O 10
2564 2565 2 44 243 O 30
4863 3128 2 9 48 M 20
2170 3503 2 12 62 O 30
3503 2136 2 15 81 M 20
2136 3706 2 15 80 M 20
3706 3707 2 15 78 O 10
4864 1983 2 4 18 O 30
1983 1984 2 27 148 O 10
3324 3823 2 15 0 C 0
4865 2305 2 10 51 O 10
2305 2307 2 18 98 O 10
4871 4869 1 6 0 C 0
4869 4872 1 6 0 C 0
4874 4873 2 6 31 M 10
4877 4878 2 2 7 O 20
4878 4876 2 3 16 O 10
4875 4878 2 8 41 O 10
4951 4881 1 14 0 C 0
4950 5550 1 19 0 C 0
1447 1449 1 23 127 O 30
1448 1451 1 19 0 C 0
1451 1414 1 16 0 C 0
4068 2789 2 4 0 C 0
3329 3328 2 7 0 C 0
4142 4139 1 36 0 C 0
4867 4564 2 5 0 C 0
4564 1338 2 15 0 C 0
2106 2105 2 18 0 C 0
1898 5259 1 5 0 C 0
5259 5257 1 5 0 C 0
5257 1818 1 8 0 C 0
1792 4174 2 15 0 C 0
1782 1783 2 15 0 C 0
1783 1784 2 15 0 C 0
3392 1611 2 7 36 O 30
3393 1611 2 6 33 M 20
2890 3461 2 21 115 O 20
3465 3464 2 2 10 M 30
3464 3463 2 13 71 O 20
3463 3462 2 3 12 O 20
3462 2890 2 5 26 M 30
4882 1139 1 6 30 O 20
1950 1376 2 10 55 O 10
3125 2779 2 14 76 M 30
2779 105 2 10 51 O 20
105 3048 2 6 32 O 10
3048 3853 2 23 123 O 10
3853 3580 2 19 101 M 20
3580 341 2 11 59 O 20
341 3217 2 2 8 O 20
3217 3615 2 15 81 M 30
3615 3199 2 19 101 O 10
3196 3197 2 32 174 O 20
3197 2625 2 13 70 O 20
2625 3198 2 27 150 O 30
3198 3199 2 14 73 M 20
2910 2310 2 15 0 C 0
2310 2911 2 15 0 C 0
2911 2284 2 15 0 C 0
2284 2837 2 15 0 C 0
2837 2523 2 15 0 C 0
2523 5047 2 7 0 C 0
5047 2678 2 8 0 C 0
2678 1501 2 5 0 C 0
1501 252 2 3 0 C 0
252 5043 2 2 0 C 0
5043 4687 2 2 0 C 0
4687 2912 2 7 0 C 0
81 3724 2 2 0 C 0
3724 2014 2 10 0 C 0
2014 3625 2 7 0 C 0
3625 2912 2 14 0 C 0
1959 1642 2 4 0 C 0
4937 4938 1 95 0 C 0
2236 1495 2 3 15 O 10
1495 1499 2 8 39 O 30
1499 2237 2 5 28 O 10
2237 1500 2 3 12 O 30
1500 2238 2 19 102 O 20
3395 829 2 2 10 M 30
829 3396 2 3 12 O 30
3275 3274 1 15 83 O 10
3275 2049 2 25 136 M 30
2049 3921 2 28 153 O 30
3921 3996 2 22 120 O 30
4573 4574 2 12 64 M 20
4571 4573 2 14 75 O 20
4884 42 2 3 14 O 10
42 534 2 6 29 M 10
534 532 2 3 14 O 10
532 4885 2 14 76 O 10
4887 414 2 7 34 O 10
414 3099 2 35 189 M 20
4889 4890 2 26 142 O 30
2396 4891 2 6 29 M 10
4891 4892 2 11 61 O 10
4891 4894 1 13 71 M 20
4895 4896 2 7 37 O 30
4896 4897 2 45 246 O 20
4897 4898 2 22 119 M 20
4898 4896 2 22 118 M 30
4895 4899 2 8 41 M 10
969 4900 2 19 105 O 30
4900 966 2 12 62 M 10
4900 133 2 20 107 O 20
5453 4904 2 13 71 O 20
4904 4905 2 4 18 O 30
4905 5449 2 19 103 O 30
4907 4908 2 10 52 O 30
4908 4909 2 11 57 O 30
4909 548 2 6 29 O 20
5643 5644 1 85 0 C 0
4072 4098 1 91 0 C 0
4910 4671 2 6 31 O 10
4910 4911 1 5 27 M 30
4910 2141 2 17 92 O 20
2141 877 2 11 56 O 30
877 5276 2 3 16 M 30
5276 879 2 6 31 O 20
879 2142 2 58 319 O 30
2142 4927 2 40 0 C 0
4927 2143 2 16 0 C 0
2143 2144 2 47 0 C 0
2144 2145 2 46 0 C 0
2355 2142 2 4 0 C 0
4915 4916 2 16 86 O 30
147 149 2 3 13 O 30
149 4917 2 3 13 O 30
4917 153 2 10 53 O 20
4919 439 1 2 6 O 10
439 4918 1 35 189 O 10
4920 441 1 17 93 O 20
441 4919 1 19 104 O 20
4922 4923 2 11 56 O 30
4924 4925 2 7 35 O 30
4929 5137 2 14 77 O 20
5137 4930 2 14 77 O 10
4930 4931 2 3 13 O 20
3140 3141 2 39 213 O 30
3141 2054 2 28 152 O 20
2054 3142 2 28 152 O 30
3142 3143 2 28 150 O 10
745 5230 1 8 39 O 30
3620 3805 2 39 217 M 10
3805 2053 2 28 152 M 10
2053 2066 2 17 93 O 20
2066 3806 2 11 59 M 10
760 3140 2 8 40 O 10
2458 2351 2 28 153 O 30
2351 3397 2 18 94 O 10
3397 1039 2 10 51 O 10
1039 5507 2 10 52 O 30
5507 2853 2 11 61 O 30
2853 3398 2 13 71 O 20
4932 1859 1 9 0 C 0
3899 2533 2 15 0 C 0
3032 417 2 8 0 C 0
417 3900 2 8 0 C 0
4069 4068 2 5 0 C 0
2262 2263 2 16 0 C 0
2263 2264 2 51 0 C 0
2264 2265 2 8 0 C 0
2196 2195 2 14 0 C 0
3491 3227 2 37 204 O 30
4941 1921 1 7 33 O 20
3929 3952 2 25 0 C 0
3952 3982 2 25 0 C 0
3982 3821 2 25 0 C 0
3821 3906 2 31 171 O 20
2759 2655 2 15 0 C 0
2655 2760 2 15 0 C 0
2760 2761 2 21 0 C 0
2761 2762 2 16 0 C 0
2554 1660 2 22 0 C 0
1930 4589 1 10 0 C 0
4589 2553 1 13 0 C 0
459 4071 1 8 0 C 0
4071 2216 1 45 0 C 0
2216 3405 1 20 0 C 0
3405 1931 1 15 0 C 0
4005 4464 2 2 0 C 0
4461 4005 1 4 0 C 0
4464 1653 2 5 0 C 0
3545 3279 2 15 79 M 20
3279 3553 2 15 80 M 10
3553 3924 2 15 79 O 10
3924 3925 2 15 79 O 20
3925 3261 2 15 79 O 10
3261 3926 2 15 79 O 20
3926 3927 2 15 80 M 30
3927 3361 2 14 77 O 10
4963 4964 2 20 0 C 0
1727 1771 2 15 0 C 0
3431 2626 2 42 233 O 10
2626 3432 2 25 136 O 30
3431 2318 2 15 80 O 10
2318 2275 2 15 78 O 20
2275 2591 2 15 80 O 30
4505 4510 2 1 3 O 10
4508 4509 2 2 9 O 30
4512 4511 2 2 9 O 20
4512 240 2 2 9 M 20
240 4513 2 2 9 O 20
4513 4507 2 2 9 O 10
5602 5603 1 18 0 C 0
4131 4957 1 19 0 C 0
4163 5631 1 103 0 C 0
5642 5641 1 83 0 C 0
4166 4126 1 7 0 C 0
4165 4111 1 33 0 C 0
4164 5630 1 68 0 C 0
4080 4081 1 12 0 C 0
4081 4082 1 15 0 C 0
4082 4524 1 16 0 C 0
4524 87 1 13 0 C 0
87 5303 1 15 0 C 0
5303 4088 1 21 0 C 0
4088 4554 1 4 0 C 0
4554 5077 1 7 0 C 0
5077 1635 1 18 0 C 0
2848 5083 2 25 137 M 30
5083 2978 2 6 31 O 20
2978 775 2 17 93 O 30
775 1384 2 2 9 O 10
1384 3489 2 42 232 M 10
2796 3082 2 15 0 C 0
3082 3083 2 15 0 C 0
3083 3084 2 15 0 C 0
3084 3085 2 15 0 C 0
3085 1460 2 2 0 C 0
1460 4963 2 13 0 C 0
4935 4161 1 111 0 C 0
3470 4965 1 14 77 O 10
4965 4966 1 8 40 O 20
3469 4966 1 19 104 M 30
4966 4967 1 14 74 O 20
4978 4968 2 22 117 O 10
4968 4970 2 12 65 O 30
4970 4969 2 19 103 O 20
4970 4980 2 18 97 O 20
4980 4981 2 43 235 M 30
4982 4981 2 8 39 O 20
4981 4983 2 20 107 O 30
4971 416 2 30 161 O 30
416 4972 2 17 89 O 20
4973 4972 2 9 48 O 20
4972 4975 2 10 54 O 20
4975 3910 2 17 94 O 20
4974 4975 2 47 257 O 30
4968 4973 2 6 32 O 10
4973 4976 2 3 14 M 20
4977 4978 2 25 139 M 20
4979 4969 2 4 18 O 30
4969 4980 2 31 169 M 20
4984 2411 2 18 98 O 30
2411 2412 2 22 122 O 30
2412 2413 2 5 27 M 20
4985 5149 2 9 45 O 20
5149 5146 2 59 322 O 20
5146 5147 2 6 31 O 30
5147 4997 2 9 46 O 30
4987 4986 2 21 116 O 30
4988 5001 2 23 123 O 20
5001 5156 2 23 126 O 30
5156 5158 2 7 36 M 20
5158 4989 2 6 28 O 30
5000 5153 2 25 134 M 30
5153 5157 2 5 26 O 20
5157 4989 2 6 28 O 20
4989 5160 2 1 4 O 10
5160 5143 2 7 38 O 10
5143 4988 2 16 88 M 20
4988 5161 2 2 8 O 10
5161 5144 2 34 186 O 10
5000 4990 2 21 114 O 10
4993 4992 2 13 71 O 30
4992 4991 2 23 127 O 30
5164 5163 2 25 139 O 20
5163 4995 2 34 188 M 10
4995 5165 2 15 78 O 20
5165 4996 2 14 75 O 20
4996 4993 2 26 141 M 10
4993 4994 2 9 47 O 10
5002 4985 2 7 34 O 10
4985 4997 2 19 104 O 20
4997 5150 2 2 9 O 20
5150 4986 2 6 30 O 30
4986 4990 2 39 216 O 30
4990 5142 2 1 5 O 30
5189 5003 1 10 55 O 10
5005 5004 1 4 21 O 10
5006 5012 2 6 28 O 20
5012 5007 2 24 132 O 20
5007 5200 2 18 97 O 10
5200 5003 2 23 127 O 30
5009 5007 1 13 70 O 20
5011 5010 2 5 27 O 20
5013 5199 2 28 154 O 10
5199 5012 2 14 78 M 20
5014 5204 2 46 251 O 10
5204 5202 2 2 10 O 20
5016 5203 2 7 36 O 30
5018 5017 2 7 36 O 20
1769 1094 1 15 0 C 0
1094 1768 1 15 0 C 0
1768 1767 1 15 0 C 0
1111 648 2 22 117 O 20
1830 1725 1 5 0 C 0
2432 1472 2 19 103 O 20
1472 1471 2 8 41 O 20
1471 1470 2 3 13 M 30
1470 1469 2 4 20 O 10
1469 1468 2 4 22 O 10
1468 4152 2 5 25 O 10
2619 2620 2 9 49 M 30
3338 1605 2 5 0 C 0
4953 5022 1 53 0 C 0
1765 1764 1 15 0 C 0
1843 5659 2 2 0 C 0
5659 5660 2 2 0 C 0
5660 5661 2 21 0 C 0
5661 1856 2 8 0 C 0
2256 4941 1 7 37 M 20
3605 3606 1 88 486 O 10
1921 460 2 8 39 O 20
3852 2852 1 6 31 O 20
3198 3550 1 18 97 O 30
3218 3219 2 20 110 O 30
3218 2935 2 15 80 M 30
2743 2744 1 13 68 O 30
2780 3049 2 14 77 M 10
1965 1966 2 11 60 O 10
1966 1967 2 18 95 O 10
4717 4718 1 9 47 O 20
1933 2549 1 10 0 C 0
2549 2219 1 15 0 C 0
2219 1924 1 15 0 C 0
1924 4092 1 20 0 C 0
4092 2550 1 15 0 C 0
2550 2551 1 15 0 C 0
2551 1934 1 15 0 C 0
1934 466 1 7 0 C 0
1960 1959 2 17 0 C 0
4095 4093 1 8 0 C 0
4093 4633 1 9 0 C 0
4633 4094 1 4 0 C 0
3645 4175 2 3 0 C 0
4175 4176 2 4 0 C 0
5539 1679 1 15 0 C 0
4198 5023 2 23 127 O 10
5024 5025 2 14 77 M 10
5027 5028 2 10 55 M 20
2362 484 2 10 0 C 0
5027 5074 2 8 39 O 20
5074 2384 2 7 39 M 30
2384 2385 2 7 37 O 20
2385 5587 2 2 9 O 10
5587 1625 2 14 0 C 0
2383 5027 2 4 20 O 30
5030 5031 1 7 37 O 10
4691 4688 2 11 59 O 20
4688 4690 2 4 20 M 10
4690 4689 2 13 70 M 30
4691 4689 2 4 19 O 30
4689 5034 2 3 13 O 10
5035 5036 2 9 45 O 30
5037 5036 2 2 7 O 10
5036 5038 2 4 17 O 10
5039 5040 2 8 41 M 10
5041 5042 2 5 25 O 20
3640 3745 2 6 33 O 10
3745 3670 2 23 123 O 30
3670 3966 2 20 106 M 10
3966 5081 2 16 87 M 20
5081 5080 2 9 49 O 30
5080 5079 2 12 61 O 10
5079 2428 2 12 62 O 20
768 3641 2 18 96 O 30
3641 2425 2 21 117 O 10
2425 3523 2 14 77 O 30
3523 3642 2 14 75 M 30
3642 1623 2 2 11 O 20
4690 5045 2 6 28 M 20
1542 446 2 8 41 O 30
5046 4965 2 4 17 M 30
2248 5018 2 18 98 O 10
5018 5016 2 7 38 O 30
5016 201 2 13 71 O 30
201 2518 2 6 30 O 20
2518 5141 2 5 26 O 20
5141 2536 2 7 36 O 20
2536 3716 2 8 41 O 30
3716 5011 2 13 71 M 10
5011 1595 2 18 99 O 30
4317 766 2 8 0 C 0
5051 5052 2 15 80 O 10
4751 5054 2 3 16 O 10
4753 4750 2 4 18 O 10
2431 5501 2 4 18 M 30
5501 4766 2 1 3 M 20
4766 1467 2 13 69 M 20
5056 5057 2 8 39 M 20
5057 2285 2 3 14 O 30
2285 5058 2 8 42 O 20
5059 5060 2 10 53 O 30
1832 1835 1 15 0 C 0
1835 1836 1 15 0 C 0
1836 4197 1 6 0 C 0
4197 1829 1 9 0 C 0
1829 1417 1 7 0 C 0
1417 1837 1 7 0 C 0
2999 2522 2 14 76 O 10
2999 3998 1 48 265 M 20
4459 3102 2 6 0 C 0
4463 4459 2 5 0 C 0
4462 259 1 2 0 C 0
259 260 1 2 0 C 0
260 4461 1 10 0 C 0
1862 1844 1 15 0 C 0
1844 1879 1 15 0 C 0
1879 1899 1 15 0 C 0
543 5061 1 9 49 O 30
4062 5062 2 17 94 O 20
5062 540 2 14 76 M 20
5063 546 2 20 111 O 20
546 547 2 2 8 O 20
547 5063 2 11 60 M 10
5070 5072 2 21 112 M 10
5072 5071 2 21 114 O 20
5072 5073 2 5 27 O 10
3968 3940 2 24 133 O 30
3940 2067 2 15 80 O 10
2067 3613 2 15 78 O 10
3613 5076 2 9 48 M 10
5076 5078 2 9 49 O 10
5074 5075 2 13 70 O 30
5076 581 2 10 53 O 30
2576 5082 2 11 57 O 20
5083 5084 2 8 40 O 20
22 3990 1 23 0 C 0
5230 2241 2 22 118 O 10
2241 741 2 8 41 O 20
2240 3619 2 16 83 M 10
5086 5116 2 15 82 O 30
5087 5088 2 3 16 O 30
5089 251 1 4 18 O 10
3471 1543 2 3 14 O 10
856 5091 2 11 56 O 10
5092 3471 2 11 59 M 30
3463 5093 1 7 38 O 30
5094 5095 2 9 49 O 20
5096 5098 2 3 15 O 30
5098 5097 2 14 73 M 30
5098 5099 2 8 39 O 20
5100 5101 2 4 18 O 20
2681 5102 2 27 147 M 10
1126 5103 2 13 68 M 10
5104 5105 2 12 65 O 20
5106 5107 2 4 21 O 20
5108 222 1 5 27 O 30
5110 5111 1 5 27 M 10
5112 5115 2 12 65 O 20
5115 5113 2 5 25 O 10
5114 5115 2 3 14 O 30
5117 5118 2 13 69 O 30
5120 5121 2 16 88 O 20
5121 5123 2 2 10 M 10
5123 5122 2 8 42 M 20
5123 5124 2 10 52 M 20
3814 2687 2 19 102 O 30
5125 5126 2 11 58 O 20
5126 5764 2 3 14 M 30
5128 5129 2 14 77 M 10
5129 5130 2 10 53 O 10
5131 5132 2 14 77 O 20
2525 3455 2 20 111 O 20
3455 2758 2 14 77 M 10
2758 2744 2 4 18 M 10
5136 5133 2 6 31 M 20
5134 5136 2 2 10 O 30
5136 5135 2 2 11 O 20
5137 5138 2 8 40 M 10
5141 3654 2 7 38 M 10
5142 4994 2 18 97 O 10
5142 4992 2 10 50 O 10
4992 5164 2 12 67 O 30
5164 4996 2 8 44 O 10
4758 4762 2 2 9 M 20
4762 5144 2 11 56 M 10
5144 5002 2 3 14 O 30
5002 5001 2 13 67 O 10
5001 4987 2 10 51 O 20
4987 5155 2 9 48 M 10
5155 5000 2 32 177 M 30
5000 4991 2 11 60 O 30
4991 5163 2 12 65 M 20
5163 4999 2 4 17 O 10
4999 4995 2 7 34 M 30
4995 4998 2 11 57 O 30
4759 5145 1 4 19 O 10
5145 4758 1 4 18 M 10
5147 5148 2 6 32 M 30
5148 5149 2 15 79 O 10
5146 5148 2 6 31 O 30
5152 5150 1 7 38 O 20
4986 5152 1 4 22 O 30
5153 5154 2 16 88 O 10
5155 5154 2 1 3 M 30
5154 5156 2 12 61 O 20
5157 5158 2 4 22 M 30
5143 5159 2 7 39 O 20
5159 5160 2 6 29 O 20
5161 5162 2 38 206 O 20
5165 5174 2 21 114 O 30
5174 5173 2 12 61 O 20
5173 5168 2 13 69 M 10
5168 5166 2 34 183 M 30
5166 5167 2 12 64 O 20
5168 5169 2 16 88 O 30
5170 5169 2 19 101 O 20
5169 5172 2 13 68 M 30
5172 5171 2 11 61 O 20
5171 4998 2 3 13 O 30
4998 5172 2 40 222 O 30
5172 5173 2 16 87 O 20
5171 5174 2 16 85 O 20
5175 5176 2 8 43 O 10
5176 5177 2 10 52 O 10
5177 5178 2 5 22 O 30
5178 5179 2 17 94 O 20
5179 5180 2 2 9 O 20
5180 5186 2 17 91 O 30
5186 5183 2 18 96 M 10
5183 5181 2 13 70 O 30
5181 5175 2 17 90 M 20
5176 2879 2 9 45 O 10
5177 5182 2 6 32 O 10
5182 5180 2 34 184 M 30
5181 5179 2 23 125 O 30
5178 5182 2 6 29 O 10
5183 5184 2 13 67 M 30
5187 5188 2 12 66 O 30
5185 5188 2 11 56 O 10
5188 5186 2 8 41 O 30
5184 5185 2 17 94 O 30
5189 5009 2 42 229 O 20
5009 5006 2 39 212 O 20
5006 5008 2 14 73 O 20
5003 5005 1 4 17 O 10
5005 5010 1 5 23 M 10
5010 5004 1 4 19 O 20
5004 5189 1 4 17 O 10
5008 5190 2 4 17 O 10
5190 5195 2 28 153 M 20
5195 5191 2 31 169 O 20
5191 5192 2 15 80 O 30
5015 5196 2 11 57 M 10
5196 5197 2 10 51 O 30
5197 5195 2 13 68 O 30
5191 5196 2 10 55 M 10
5197 5190 2 37 205 O 10
5008 5199 2 10 50 M 30
5199 5198 2 41 224 O 30
5200 5198 2 12 64 O 30
5198 5201 2 28 153 M 10
5202 5205 2 3 11 M 20
5205 5206 2 3 16 M 30
5206 5207 2 4 19 M 10
5207 5014 2 19 105 M 30
5014 5201 2 11 58 O 20
5201 5013 2 41 226 M 10
5013 5015 2 41 223 M 10
5015 5192 2 14 77 O 20
5192 5193 2 20 107 M 10
5193 5194 2 6 32 O 30
5204 5017 1 4 17 O 30
5017 5205 1 4 18 O 10
5206 5203 1 4 17 O 10
5203 5207 1 3 16 M 10
5221 5220 2 16 87 O 10
5220 5219 2 16 85 O 10
5219 5210 2 78 430 O 10
5210 5209 2 11 61 O 10
5209 5218 2 13 67 M 10
5218 5216 2 20 106 O 10
5208 5213 2 6 30 O 30
5213 5214 2 2 6 M 30
5214 5209 2 11 57 O 10
5209 5211 2 11 58 O 20
5211 5210 2 8 44 O 10
5212 5213 2 8 44 O 20
5214 5215 2 9 48 O 30
5217 5218 2 4 21 O 30
5193 5219 2 30 164 O 30
5220 5222 2 14 76 O 30
2217 2218 2 7 33 M 10
2692 2693 2 9 49 M 20
5231 5232 2 15 0 C 0
5396 1264 2 3 13 O 30
3315 3316 2 9 45 M 30
3316 3317 2 12 62 O 30
5234 5235 2 6 33 M 30
5236 5237 2 4 18 O 30
5236 5238 2 5 27 O 10
5239 5241 2 4 20 M 30
5241 5240 2 4 22 M 30
1191 5244 1 3 17 O 30
1191 5243 2 54 297 O 20
2293 1191 1 8 42 O 10
5245 5246 2 5 23 O 20
5247 5248 1 30 166 O 30
5252 5253 2 13 0 C 0
3433 5254 1 9 48 O 10
4145 1615 1 7 38 M 20
5258 829 2 11 56 M 10
3794 3800 2 5 25 O 20
4065 4064 2 23 123 O 30
5266 5269 2 8 39 O 20
5269 5267 2 8 43 O 30
5268 5269 2 10 54 O 10
5270 5271 2 15 78 M 20
5272 5273 2 11 59 O 10
5275 5274 2 17 92 O 30
5276 5512 2 3 11 M 20
5512 5514 2 6 30 O 20
5514 5277 2 2 9 O 20
5279 5280 2 6 28 O 10
5280 5281 2 12 65 O 20
5282 5283 2 5 23 O 30
5284 5283 2 3 13 O 10
5283 5285 2 2 6 O 10
205 5287 2 3 13 O 30
5287 5286 2 7 34 M 10
5286 204 2 4 21 O 10
5290 5291 2 17 93 M 30
1809 913 1 3 0 C 0
5293 5294 2 6 33 O 30
5050 5297 2 7 34 O 20
5298 5299 2 10 53 O 30
824 5300 2 5 27 O 30
5300 5301 2 23 126 O 20
5301 5302 2 6 29 O 30
3470 96 2 3 15 O 20
96 5304 2 8 41 M 30
5308 5309 2 15 80 O 20
3092 4042 2 19 0 C 0
4478 4480 2 23 126 M 20
5310 5311 2 6 33 M 30
3878 5406 2 8 44 O 10
5406 5312 2 9 48 O 10
5313 5314 2 11 58 M 20
5314 5315 2 13 69 O 30
5317 5316 2 2 10 O 30
5321 5322 2 10 51 M 30
5323 5324 2 8 44 O 30
3060 5325 2 5 28 O 10
5326 5574 2 3 13 O 20
5574 2774 2 8 41 O 20
5327 5328 2 8 44 O 20
5 2770 2 9 45 O 20
5332 5333 2 5 23 O 10
5333 3136 2 2 9 M 30
5334 5335 1 5 23 M 20
5335 3137 1 2 7 O 20
5336 3005 1 2 8 M 30
5337 5336 1 5 23 O 10
5338 5339 1 5 23 O 20
5339 2735 1 2 10 O 10
1795 1669 1 9 0 C 0
1824 1825 1 5 0 C 0
5340 1726 1 8 0 C 0
5342 1848 1 9 0 C 0
5341 1893 1 8 0 C 0
1893 1894 1 16 0 C 0
5343 5344 2 15 78 O 10
5345 5346 2 9 45 M 10
5347 5346 2 4 21 O 30
5346 5348 2 3 16 O 30
5349 5351 2 4 21 O 20
5351 5350 2 3 14 O 20
5351 5352 2 9 47 M 30
5353 5354 2 18 97 O 20
4070 4069 2 3 0 C 0
5356 5357 2 9 49 O 30
5359 5360 2 15 79 O 30
5361 5362 2 9 48 O 30
5362 5363 2 8 44 O 20
5280 5364 2 14 76 O 20
5367 564 2 9 50 O 30
5370 303 2 2 10 O 10
303 5371 2 3 16 O 10
5370 5369 2 4 20 O 10
929 1003 1 6 0 C 0
3700 5373 2 9 49 M 30
5375 5376 2 7 37 M 30
5377 5378 2 6 29 M 30
5380 5417 1 8 42 M 20
5417 5381 1 3 16 O 30
5382 5383 2 9 49 O 30
5384 5385 2 10 53 O 10
5387 5388 2 7 39 M 30
5389 832 2 3 16 O 30
832 5390 2 4 22 O 20
3727 5393 2 9 49 O 20
1899 1846 1 37 0 C 0
1846 1823 1 37 0 C 0
1823 5289 1 19 0 C 0
5289 1855 1 19 0 C 0
767 2381 2 31 169 O 30
2381 2382 2 9 48 M 20
2382 2383 2 11 57 O 30
1263 5556 2 4 18 O 30
5556 5480 2 4 18 O 10
5480 5478 2 4 20 O 20
5478 4051 2 4 18 O 30
4051 4053 2 4 20 O 30
4053 5475 2 4 17 M 10
5475 5397 2 6 33 O 30
5403 5404 2 4 18 M 20
5404 5402 1 13 70 M 30
5401 5404 1 13 72 O 10
5399 5722 1 20 107 O 30
5398 5400 1 19 104 O 10
2882 2608 1 14 76 O 10
2880 2881 2 13 68 O 10
2881 2608 2 14 77 O 20
5049 3171 1 14 76 O 30
5406 5407 2 9 48 O 30
5409 5410 2 8 40 O 30
5412 2170 2 5 24 O 20
2818 5414 1 4 20 O 20
5414 5413 1 3 12 M 20
5413 2818 1 2 10 O 20
5414 5415 2 5 24 O 30
3214 5418 1 4 20 O 30
2642 3214 1 6 31 M 10
2104 4563 2 6 0 C 0
4563 4868 2 2 0 C 0
5419 5420 1 11 58 O 10
5420 5421 1 5 23 O 20
5425 5426 2 3 14 O 10
5427 5428 2 5 26 O 20
5429 1380 2 3 16 O 10
3766 788 2 16 88 M 30
5430 5431 2 5 23 M 30
5329 5432 2 8 43 O 30
5436 5435 2 5 23 M 30
5435 3696 2 6 30 O 20
5435 5434 2 21 114 O 20
5433 5431 2 164 910 O 30
5431 5432 2 355 1969 O 10
5432 5433 2 91 504 O 10
5433 5436 2 2 10 O 30
5438 5296 2 12 64 M 30
5439 5438 2 21 116 O 10
5438 5437 2 11 60 M 30
5441 5440 2 11 56 M 10
5444 5443 2 12 61 M 10
5445 5444 2 322 1785 O 10
5444 5442 2 89 493 O 20
5450 5449 2 5 22 M 30
5452 5451 2 6 28 O 20
5460 5455 2 14 74 O 10
5459 5458 2 2 10 O 10
5458 5456 2 11 60 O 30
5456 5457 2 6 28 O 30
5457 5458 2 5 26 O 10
5461 5460 2 5 23 O 10
5460 5459 2 4 21 O 10
5459 5454 2 22 121 M 30
5463 5462 2 4 18 O 10
2345 5465 2 24 131 M 10
1300 529 2 11 56 M 20
529 1284 2 19 102 O 30
4886 5468 2 27 146 O 20
5469 4879 2 8 39 M 10
4058 4059 2 11 58 M 30
4059 5725 2 3 12 O 10
5725 5473 2 6 29 O 20
5473 5474 2 3 16 M 20
4059 5476 2 8 40 O 20
4058 5477 2 2 10 M 30
5477 5476 2 2 10 O 10
5476 5470 2 2 10 M 20
5470 5724 2 1 3 O 10
5724 5474 2 2 7 M 10
5474 5471 2 2 9 M 10
5471 5472 2 4 20 O 20
5472 1266 2 3 14 O 10
4051 5477 2 16 86 O 20
5479 5480 2 8 40 O 30
3816 5483 2 4 22 O 20
4974 5469 2 22 118 O 20
5485 5486 1 26 141 O 10
1805 5658 1 8 0 C 0
1338 5069 2 14 0 C 0
5069 2104 2 10 0 C 0
1339 4867 2 16 0 C 0
5416 2102 2 15 0 C 0
4872 2103 2 2 0 C 0
2103 4089 2 5 0 C 0
4089 5416 2 2 0 C 0
5489 5490 2 3 14 O 30
3212 5494 2 5 24 O 30
5494 5493 2 6 28 O 10
5494 5264 2 5 23 M 30
5495 5498 2 4 20 O 10
5498 658 2 6 32 O 30
658 5496 2 4 20 O 20
5498 5499 2 13 68 M 10
3493 2407 2 3 14 O 10
2407 5055 2 4 20 M 20
5055 2432 2 6 33 O 30
5500 5501 2 11 58 O 20
5502 1467 2 4 22 O 30
5254 3116 2 6 28 O 30
5507 5538 2 14 73 O 10
5505 5506 2 3 13 O 30
5505 5504 2 4 20 O 10
20 1161 2 51 0 C 0
1161 4577 2 28 0 C 0
4577 1158 2 45 0 C 0
5508 4909 2 9 48 M 30
5510 5511 2 9 49 O 10
5512 5513 2 6 32 O 30
5513 5514 2 6 30 O 30
2386 4145 2 5 26 O 30
1294 1293 2 5 23 O 20
2538 5517 2 4 17 O 10
5055 3493 2 9 48 O 30
5521 5524 2 5 23 O 30
5524 5522 2 18 97 O 20
5523 5524 2 8 43 O 20
5526 5527 2 12 66 M 30
1800 5636 1 8 0 C 0
5529 663 2 3 0 C 0
663 2257 2 3 0 C 0
1637 5533 2 6 31 M 20
1785 1786 2 15 0 C 0
1784 1785 2 15 0 C 0
515 3322 2 15 0 C 0
1948 2650 2 15 82 O 20
2650 3905 2 11 57 O 30
3905 4636 2 2 9 M 10
4636 2099 2 14 75 O 10
2095 3572 2 24 0 C 0
3572 3484 2 13 0 C 0
3484 2109 2 14 0 C 0
2109 3982 2 14 0 C 0
3982 3962 2 16 0 C 0
2096 2097 2 15 0 C 0
2097 2098 2 14 76 O 10
2098 2099 2 20 109 O 20
5541 5542 2 9 45 O 10
5543 5544 2 9 46 M 10
3716 5545 2 6 30 O 10
4952 4960 1 31 0 C 0
4120 5548 1 44 0 C 0
5548 5549 1 53 0 C 0
5549 1925 1 16 0 C 0
5550 4159 1 16 0 C 0
5551 1929 1 9 0 C 0
1929 470 1 54 0 C 0
4134 5552 1 23 0 C 0
5552 4135 1 24 0 C 0
4116 4117 1 48 0 C 0
4117 4118 1 137 0 C 0
5553 85 2 7 36 M 10
85 5554 2 5 22 M 30
5556 5557 2 14 77 M 10
4292 5555 2 10 51 M 10
5558 5559 2 19 104 M 30
5560 5561 2 10 54 M 30
5562 5564 2 10 54 O 10
5568 5569 2 4 19 O 30
5570 5571 2 3 15 O 30
5565 5566 2 12 66 O 30
5567 4381 2 9 47 M 30
5572 5573 2 17 92 M 10
5574 5575 2 7 38 O 10
2870 5577 2 9 45 O 30
5689 5788 2 2 8 O 10
5788 5580 2 2 8 O 30
5580 5581 2 3 14 O 30
4602 4599 2 5 27 O 30
4123 3769 1 92 0 C 0
5583 4123 1 21 0 C 0
5645 4166 1 109 0 C 0
5584 1895 1 7 0 C 0
4942 5068 1 4 0 C 0
5068 5341 1 5 0 C 0
4157 4158 1 28 0 C 0
5631 5632 1 86 0 C 0
5585 932 1 115 0 C 0
5586 4119 1 20 0 C 0
4949 4950 1 134 0 C 0
4160 4949 1 17 0 C 0
1883 4297 1 14 0 C 0
3648 3649 2 3 12 M 20
2594 1455 2 24 0 C 0
1455 5578 2 7 0 C 0
5578 2786 1 17 0 C 0
5591 4309 1 3 0 C 0
4309 1896 1 11 0 C 0
1896 5592 1 12 0 C 0
5592 1810 1 7 0 C 0
1890 5340 1 8 0 C 0
5597 5594 1 7 36 O 30
5595 5599 1 9 50 M 20
5599 5598 1 2 11 M 30
5597 3221 2 7 34 O 30
3221 1609 2 7 37 O 30
5594 5598 1 1 6 M 20
5594 3438 1 3 12 O 20
3438 5596 1 5 27 M 30
5598 5597 1 7 36 O 10
3030 5593 1 2 6 O 10
5593 5594 1 3 15 O 20
5593 5596 1 9 45 M 10
5596 5595 1 4 22 O 30
5603 4962 1 9 0 C 0
4962 5604 1 6 0 C 0
4962 5605 1 6 0 C 0
5020 5602 1 14 0 C 0
914 5606 2 5 0 C 0
5608 1674 1 3 0 C 0
5064 5065 1 6 0 C 0
5065 1678 1 6 0 C 0
5442 5439 2 72 397 O 30
5439 5441 2 2 7 O 20
5441 5446 2 14 76 M 30
5446 5440 2 11 58 M 20
5440 5445 2 211 1170 O 20
5609 5610 2 9 48 M 30
5611 5612 2 9 45 M 10
5613 5614 2 7 38 M 20
5616 5617 2 9 46 O 20
5618 5029 1 3 0 C 0
797 5618 1 2 0 C 0
5619 550 1 6 0 C 0
84 4686 2 3 17 M 10
4027 1902 2 3 14 O 20
4040 5623 2 3 17 O 30
5394 5624 2 6 30 O 10
4855 4854 2 8 41 O 30
1443 3742 2 114 631 O 30
2087 3087 1 9 0 C 0
690 3087 2 37 0 C 0
2088 2087 1 17 0 C 0
2088 3253 2 12 0 C 0
5636 5696 1 5 0 C 0
4945 1763 1 9 0 C 0
5637 1749 1 7 0 C 0
1764 4945 1 6 0 C 0
5638 5586 1 37 0 C 0
5639 4114 1 23 0 C 0
5640 4939 1 34 0 C 0
471 4936 1 22 0 C 0
5641 4110 1 19 0 C 0
474 5642 1 88 0 C 0
1925 5643 1 44 0 C 0
5644 4072 1 18 0 C 0
3770 5645 1 84 0 C 0
468 3770 1 10 0 C 0
3769 673 1 37 0 C 0
4132 924 1 10 0 C 0
4130 4131 1 11 0 C 0
4956 5647 1 14 0 C 0
2687 2688 2 27 146 O 30
5648 5650 2 6 28 O 20
5650 5649 2 4 18 M 10
5649 1456 2 3 12 M 30
940 5651 2 14 74 M 30
5651 5652 2 19 103 M 20
5651 127 2 11 59 O 30
4305 5653 2 5 27 O 30
5654 5655 2 7 35 O 30
5655 5656 2 4 20 O 10
5656 5657 2 4 21 O 30
5657 5655 2 10 52 M 10
1855 1854 1 5 0 C 0
5658 1830 1 5 0 C 0
4421 4420 2 7 0 C 0
1614 4369 1 4 21 O 20
1816 1884 1 57 0 C 0
4944 1770 1 3 0 C 0
5662 1769 1 8 0 C 0
5671 1482 2 4 18 O 30
1482 1480 2 17 90 O 10
1480 1481 1 4 17 O 20
5670 1482 2 4 19 M 10
5674 1480 2 3 14 O 10
1481 5672 1 5 23 M 30
5672 5673 1 7 35 M 20
1861 1881 2 20 0 C 0
1349 1413 1 8 0 C 0
5152 5151 2 7 34 O 20
3991 3992 2 9 46 O 10
1566 5682 1 4 0 C 0
1011 1009 1 3 16 O 30
1008 3641 2 4 22 O 10
4595 4597 1 4 17 O 10
2594 5292 2 8 0 C 0
5292 2595 2 2 0 C 0
910 229 2 14 74 O 10
228 910 2 2 9 M 30
910 909 2 5 26 O 10
909 911 2 3 13 O 20
911 912 2 5 26 O 30
5690 230 2 12 62 O 20
1323 1324 2 5 24 O 20
1324 1325 2 5 25 O 30
1325 1326 2 5 25 M 10
5697 4935 1 12 0 C 0
5699 5700 2 5 23 O 20
1262 5714 2 6 31 O 10
5714 1258 2 2 8 O 20
1258 5711 2 2 9 O 20
5711 1252 2 7 38 M 10
1258 344 1 5 24 M 20
344 346 1 1 4 O 30
346 578 1 4 22 O 30
578 448 1 2 6 O 10
448 345 1 2 9 M 10
5701 1206 2 5 23 O 20
1206 1207 2 4 19 O 10
5702 5706 1 4 18 M 10
1233 5702 2 4 19 O 30
5704 5703 2 4 18 O 10
5704 5705 2 8 41 O 10
5707 5704 1 4 19 O 10
5706 5707 1 1 4 M 10
5708 4044 1 6 30 O 30
1220 1223 1 25 136 M 10
5713 5714 2 4 21 O 20
4054 5715 1 3 14 M 20
5716 5233 1 1 4 M 10
5715 5716 1 1 5 O 30
5718 5719 1 2 6 O 30
5719 1265 1 2 10 O 10
1265 5397 1 3 15 O 20
5397 5398 1 3 13 O 20
5398 5722 1 4 17 O 20
5722 5396 1 3 12 M 30
5396 5718 1 4 19 O 20
5719 5721 1 14 73 O 20
5721 1504 1 12 62 O 10
1267 5721 2 2 11 O 20
5723 358 1 2 7 O 10
358 5399 1 3 12 O 30
5399 5400 1 4 19 O 30
5400 5745 1 3 12 O 10
5745 5401 1 2 11 O 30
5401 5402 1 4 19 M 20
5402 5723 1 1 1 O 20
4060 359 2 3 15 O 30
359 5741 2 15 80 O 20
5741 5739 2 4 18 O 30
5739 5737 2 4 19 O 10
5737 5735 2 4 19 O 10
5735 5733 2 4 20 O 20
5733 5731 2 4 18 M 10
5731 5729 2 4 20 M 20
5729 5727 2 4 19 O 20
5724 5725 1 8 40 O 10
143 5727 2 11 59 O 10
5727 4541 2 9 48 O 30
142 5729 2 11 57 O 10
141 5731 2 13 71 M 10
140 5733 2 13 70 M 30
139 5735 2 13 68 O 10
138 5737 2 13 67 O 30
137 5739 2 12 65 O 30
136 5741 2 12 64 O 10
5742 5740 2 1 2 O 20
5740 5738 2 4 17 O 20
5738 5736 2 4 19 O 20
5736 5734 2 4 18 O 20
5734 5732 2 4 21 O 10
5732 5730 2 3 16 O 20
5730 5728 2 4 21 O 30
5728 5726 2 4 21 M 10
5726 363 2 3 15 O 30
363 366 2 2 7 O 10
358 357 2 3 13 O 20
356 5745 2 3 11 O 30
5746 372 2 1 2 O 20
372 370 2 4 21 O 10
370 5754 2 4 18 O 20
5754 5756 2 4 18 O 30
5756 221 2 6 29 O 20
374 369 2 4 22 O 20
369 5752 2 4 19 O 30
5752 5755 2 4 20 O 10
5755 5748 2 4 19 O 20
5750 5751 2 4 20 O 30
375 5754 2 7 34 O 30
376 5756 2 7 34 O 20
5754 5753 2 5 26 O 30
5757 5758 1 8 40 M 10
5760 5759 1 12 62 M 30
5758 5760 1 5 26 O 20
1211 1219 2 8 43 M 10
5762 5761 2 6 32 O 20
1392 2900 2 16 85 O 20
5126 5127 2 7 37 M 20
5765 5766 2 5 23 M 10
4350 5768 1 6 33 O 30
4356 4360 2 5 23 O 30
4357 4356 2 4 18 O 20
4361 4356 2 3 15 O 10
5769 5770 2 3 16 O 10
4483 4481 2 4 19 M 20
4482 5769 2 2 6 O 10
5769 4481 2 5 27 M 10
4456 4455 2 3 17 O 20
5771 5772 2 12 66 O 10
3776 5773 2 7 37 M 10
5775 3302 2 5 25 M 10
4637 4636 2 5 23 M 10
4640 4635 2 4 20 M 20
4519 1533 2 10 51 O 30
4517 4519 2 7 38 O 20
1499 1494 2 4 19 O 20
2 3 1 10 53 O 30
6 5330 2 15 80 O 30
4808 4807 1 9 45 O 30
4799 4805 2 11 58 O 30
4805 2892 2 3 11 M 30
2892 2893 2 9 48 O 30
2893 2894 2 10 53 O 20
2894 2895 2 12 63 O 30
2895 2896 2 5 27 O 10
2896 2083 2 15 83 O 20
2083 2897 2 4 21 O 10
2897 884 2 5 28 O 10
884 2015 2 6 30 O 10
2015 716 2 2 6 O 10
716 1564 2 8 40 O 20
7 8 2 3 15 O 10
1134 3810 2 16 84 M 30
3810 11 2 11 56 O 20
11 3811 2 15 80 O 30
3842 3021 2 14 76 M 20
3021 2901 2 14 76 O 30
3810 10 1 10 55 O 10
11 10 2 4 20 O 10
3842 10 2 16 85 O 20
3811 3842 2 8 42 O 20
13 3262 2 23 124 M 20
16 17 2 7 37 M 10
19 4534 1 5 0 C 0
4534 4536 1 15 0 C 0
4536 404 1 6 0 C 0
404 4537 1 4 0 C 0
4537 4538 1 7 0 C 0
4538 4540 1 10 0 C 0
4540 4086 1 18 0 C 0
3206 3241 2 3 14 M 30
20 21 1 4 0 C 0
21 22 2 7 0 C 0
4263 4264 2 6 31 O 10
4732 4734 2 3 16 M 10
4736 4733 2 3 16 O 20
2247 25 2 6 31 M 20
26 4424 2 5 23 O 20
27 28 2 30 166 O 10
29 30 2 10 55 M 10
30 5484 2 5 24 O 30
1019 1020 1 16 87 O 10
1020 5777 1 3 15 O 30
5777 1019 1 3 15 M 30
31 1019 2 3 16 O 30
5484 5485 1 8 40 O 10
1281 1286 2 10 55 O 30
1286 1288 2 3 15 M 20
4215 1295 2 5 27 O 20
38 4216 2 4 17 M 30
4200 34 1 3 12 O 10
36 35 1 14 73 O 20
39 41 2 7 35 O 20
41 40 2 4 19 O 20
41 42 2 3 13 O 20
1289 43 2 1 5 O 10
44 43 2 3 16 O 10
43 45 2 5 24 O 30
45 44 2 1 4 O 30
4657 4656 1 5 23 O 30
1190 4941 2 3 15 O 10
50 1190 2 7 36 O 20
52 53 2 7 34 M 30
56 57 2 6 30 O 10
57 55 2 1 2 M 10
55 56 2 1 4 O 20
1901 61 2 8 39 O 30
62 63 2 7 37 O 20
59 60 2 5 23 O 30
66 67 2 8 40 O 10
71 72 2 1 5 O 10
73 70 2 2 6 O 30
74 75 2 3 13 M 20
77 78 2 3 16 O 10
68 69 2 3 16 O 10
79 1443 2 8 43 O 20
4658 4657 1 7 36 O 10
86 4665 2 3 12 O 20
89 253 2 4 17 O 10
253 256 2 6 28 O 30
256 3720 2 3 14 O 30
90 91 2 8 44 O 10
5304 94 2 4 20 O 30
95 96 2 3 14 M 30
5492 5491 2 3 14 M 10
5491 332 2 8 44 O 30
5491 5489 2 3 13 M 20
5378 5379 2 4 21 O 10
97 99 2 3 16 M 20
99 98 2 6 28 O 30
99 100 2 6 28 O 30
101 102 2 4 20 O 10
102 103 2 6 30 M 30
104 105 2 7 34 M 20
106 107 1 49 272 O 20
107 2395 1 43 234 O 10
106 4889 2 52 284 O 10
4889 2396 2 18 100 O 10
2394 2395 2 25 137 O 10
108 109 2 8 44 O 30
110 559 2 6 29 O 30
559 111 2 6 31 O 30
111 110 2 12 62 O 10
1532 114 2 3 0 C 0
114 113 2 1 0 C 0
111 113 2 9 0 C 0
4479 4477 2 4 0 C 0
4477 4478 2 4 0 C 0
116 3514 2 7 34 O 20
1022 117 1 4 18 M 10
117 1023 1 8 39 O 10
118 119 1 7 37 O 20
119 120 1 6 31 O 10
121 122 2 8 41 O 30
3685 123 2 2 11 M 20
4371 4370 2 5 24 O 20
126 939 2 29 157 O 10
5657 129 2 4 17 M 20
129 5656 2 3 15 O 30
941 942 2 6 33 O 10
3895 887 2 6 28 M 10
4085 4073 2 4 0 C 0
4552 4073 1 4 0 C 0
2906 2846 2 10 51 O 10
2846 2304 2 34 187 O 30
2304 135 2 29 158 O 10
135 2424 2 15 79 O 20
2905 78 2 5 25 O 20
2889 1939 2 4 21 O 30
2921 2922 2 14 74 O 10
3413 1337 2 11 0 C 0
5743 5742 2 4 18 O 30
5732 140 2 4 20 O 30
5730 141 2 4 20 O 20
5728 142 2 7 35 O 20
5726 143 2 7 35 O 20
5734 139 2 4 20 O 20
5736 138 2 4 20 M 20
5738 137 2 4 20 O 20
5740 136 2 4 20 O 10
4499 4486 2 4 19 O 20
4486 4490 2 4 18 O 10
4490 4498 2 2 10 O 20
4497 1505 2 8 42 M 20
145 146 2 8 41 M 10
144 150 2 3 13 O 20
150 148 2 3 13 O 10
148 145 2 3 14 O 20
147 148 2 6 31 O 20
149 150 2 6 32 O 10
151 152 2 5 25 O 20
4706 4705 2 3 16 O 20
4705 4704 2 5 25 O 30
4697 4707 2 4 20 O 10
4707 4703 2 2 9 O 10
4703 4708 2 4 18 M 20
4698 155 2 3 14 O 20
4698 4697 2 5 28 M 10
5119 156 1 4 20 O 20
156 4698 1 1 5 O 10
3460 5119 2 2 6 O 10
4702 4701 2 3 16 M 10
157 158 2 5 26 O 30
1336 4246 2 8 44 O 10
4246 4244 2 4 18 O 30
4244 2399 2 4 21 O 10
161 159 2 9 45 O 30
159 160 2 1 3 O 20
160 161 2 1 3 O 20
162 163 2 8 42 M 30
164 165 2 4 18 O 20
166 2046 2 5 26 O 20
167 168 1 9 45 O 10
2644 433 2 7 39 O 10
433 3240 2 8 44 O 10
3240 1626 2 4 18 M 10
3734 3735 2 8 44 M 30
169 170 2 5 26 O 10
171 172 2 3 13 O 10
2984 3894 2 10 54 O 30
3894 2381 2 10 52 O 20
174 5255 2 8 43 M 10
175 181 2 2 8 O 20
181 176 2 2 8 O 10
177 176 2 5 27 O 20
176 178 2 3 12 M 30
178 179 2 2 10 M 30
180 181 2 3 16 O 20
182 183 2 4 20 O 10
184 185 2 4 20 O 30
1807 1841 1 23 0 C 0
1841 1842 1 33 0 C 0
190 189 2 2 10 O 30
191 192 2 2 10 O 10
189 187 2 2 10 O 10
186 190 2 1 3 O 30
192 4771 2 2 6 M 30
188 191 2 1 3 O 30
4770 4769 2 5 24 M 20
4769 4768 2 4 19 O 20
195 1920 1 21 0 C 0
111 112 2 5 26 O 30
197 199 1 8 44 O 20
199 198 1 2 7 O 20
198 197 1 7 35 O 30
1009 1008 1 4 21 O 10
200 201 2 4 22 O 20
202 203 2 4 21 M 10
2537 5286 2 3 12 O 30
2520 5287 2 3 12 O 10
206 208 2 3 14 O 30
208 207 2 4 21 M 30
208 1114 2 3 15 O 10
209 210 2 12 66 O 30
211 212 2 5 24 O 20
213 214 2 16 85 O 20
1276 1278 2 4 22 M 20
1278 1277 2 2 10 O 30
1277 1276 2 2 6 O 20
1276 1275 2 2 8 O 10
215 216 2 7 34 O 10
3591 2326 2 11 61 O 20
2326 3517 2 17 90 O 30
3517 1550 2 3 15 O 10
5355 2985 2 4 20 O 10
2401 5355 2 8 40 O 20
2382 217 2 3 12 O 30
218 219 2 4 19 O 20
221 5747 2 4 19 O 10
224 5109 1 2 7 M 10
223 5107 1 3 12 O 10
5111 223 1 2 6 O 30
222 224 1 2 6 O 10
227 225 2 3 16 M 20
225 226 2 2 8 O 10
5541 5692 1 4 18 O 30
5692 5694 1 5 24 O 20
5694 1320 1 5 24 O 20
1320 1454 1 5 28 O 10
2022 5541 2 3 14 O 20
2181 231 2 16 0 C 0
231 2133 2 2 0 C 0
2133 2182 2 26 0 C 0
2182 1639 2 6 0 C 0
233 234 2 6 31 O 10
236 5778 2 3 11 M 30
5778 1200 2 3 11 O 30
237 238 2 4 21 O 20
245 244 2 2 9 O 10
242 243 2 2 9 O 20
4506 4505 2 1 5 M 10
243 241 2 2 6 M 10
240 242 2 1 4 O 30
244 239 2 2 6 M 20
4513 245 2 1 4 O 10
4446 248 1 3 16 O 10
4437 4436 2 5 26 O 20
4425 249 2 7 34 M 10
4387 4388 1 4 18 O 30
250 5090 1 3 16 M 20
251 250 1 1 5 M 10
253 255 2 2 9 O 30
255 254 2 3 12 M 20
258 257 2 2 11 O 20
255 258 2 1 3 O 30
257 256 2 1 4 M 30
290 292 2 2 10 O 20
288 291 2 2 10 O 10
281 282 2 3 14 O 30
284 285 2 4 18 O 20
293 281 2 1 5 O 20
281 289 2 1 5 M 30
283 284 2 3 12 O 30
286 280 2 2 10 O 20
278 287 2 2 7 O 10
287 277 2 2 7 O 20
279 287 2 3 13 O 30
283 293 2 2 10 O 20
291 283 2 2 6 O 30
292 283 2 2 9 O 10
277 290 2 1 3 O 20
287 288 2 1 5 M 20
289 278 2 1 3 O 20
262 264 2 2 10 O 20
264 267 2 4 21 O 30
267 268 2 3 14 O 30
268 265 2 1 5 O 30
265 263 2 2 10 O 20
264 266 2 3 13 M 20
266 265 2 3 11 O 20
266 267 2 2 10 O 20
268 270 2 3 13 O 20
270 269 2 4 21 O 20
270 271 2 3 14 O 20
5540 275 2 2 11 O 30
275 276 2 2 7 O 10
276 272 2 2 10 O 30
296 295 2 3 11 O 20
295 274 2 2 7 M 10
274 273 2 4 20 M 30
275 296 2 3 16 O 10
276 295 2 5 23 O 20
295 294 2 2 11 O 10
272 274 2 4 17 O 30
296 1149 2 2 11 O 20
2105 1339 2 7 0 C 0
2000 2001 2 5 24 O 30
303 302 2 5 23 O 30
4345 302 2 3 12 M 20
302 301 2 2 9 O 20
301 5370 2 4 17 M 20
4602 4598 2 9 49 O 10
308 3985 2 3 16 O 10
309 310 2 6 29 M 20
311 313 2 2 9 O 20
313 312 2 2 9 O 10
313 314 2 8 39 O 30
315 316 2 7 39 O 30
317 315 2 2 8 O 20
315 318 2 2 11 O 20
319 320 2 7 38 O 30
321 322 2 4 19 O 30
4269 5270 2 10 50 O 30
5270 4292 2 1 5 O 30
4292 5779 2 4 19 O 20
5779 5555 2 4 19 O 10
5555 2093 2 7 34 O 20
2093 2924 2 17 94 O 20
2924 3490 2 4 21 O 30
3490 869 2 24 133 O 10
869 872 2 5 24 O 30
872 4911 2 43 239 O 30
1137 280 2 4 17 M 30
1137 1095 1 13 68 O 20
284 286 2 2 11 O 10
327 5622 2 26 139 O 20
5622 4027 2 2 7 O 30
4826 328 2 22 121 O 20
34 1296 1 15 79 O 10
332 333 2 3 16 O 20
334 335 2 8 41 M 10
336 337 2 10 50 O 30
338 339 2 7 34 O 30
340 341 2 10 52 O 10
5678 5662 1 6 0 C 0
5447 5448 2 3 11 O 10
343 5467 2 5 25 O 10
344 580 1 4 22 O 20
346 577 1 2 8 O 10
577 578 1 3 13 O 10
349 347 2 12 62 M 30
355 348 2 10 54 O 30
348 352 2 6 29 O 20
352 350 2 9 45 M 10
350 351 2 3 12 O 30
351 352 2 7 35 O 20
5744 349 2 12 65 M 30
347 354 2 4 21 M 30
354 353 2 4 18 O 30
353 348 2 4 19 O 30
353 355 2 7 37 O 20
355 354 2 28 155 O 30
5744 356 2 1 4 M 30
357 5728 2 7 36 M 10
153 359 2 4 19 M 20
360 361 2 5 27 M 10
360 365 2 5 26 O 20
363 362 2 3 16 O 30
362 364 2 3 11 M 10
365 362 2 2 7 M 30
366 360 2 3 12 O 10
367 381 2 1 3 O 20
381 378 2 1 4 O 20
378 382 2 1 4 O 30
382 5746 2 8 43 O 10
368 5557 2 1 3 O 10
5557 88 2 4 19 O 30
369 371 2 10 52 O 10
371 370 2 1 5 O 20
374 373 2 9 46 O 10
373 372 2 1 5 O 20
5752 375 2 5 27 O 20
5755 376 2 6 33 O 30
5748 5751 2 1 2 M 20
5751 5749 2 4 19 O 10
368 367 2 1 3 O 30
367 377 2 2 10 M 10
378 379 2 2 11 M 10
380 381 2 2 11 O 20
382 383 2 2 11 M 30
385 386 2 11 56 M 10
387 389 2 14 75 M 10
389 388 2 4 18 O 30
4498 144 2 4 17 O 10
144 152 2 3 14 O 10
152 4917 2 4 17 O 10
399 394 1 3 12 M 10
398 394 1 3 11 O 30
394 392 1 3 12 O 10
395 394 1 3 12 M 10
391 397 1 2 8 O 30
393 396 1 2 8 M 20
396 395 1 2 6 O 30
390 400 1 2 6 O 20
400 399 1 2 6 O 10
397 398 1 2 6 O 30
402 403 2 6 33 O 30
401 402 2 3 13 O 20
3671 569 2 21 115 M 20
3296 407 2 2 8 O 30
407 408 2 7 37 O 30
1075 4596 1 4 18 O 10
4626 4624 2 9 47 O 10
409 410 1 11 57 M 10
412 411 2 3 14 O 30
4609 4608 2 8 42 M 20
4612 4605 2 2 10 O 30
4605 4603 2 3 16 O 20
4603 4613 2 1 3 O 30
4613 4607 2 3 15 O 30
4611 4606 2 4 18 O 20
4606 4604 2 4 19 O 30
4604 4610 2 4 20 M 20
4611 413 2 15 79 O 10
4614 4613 2 6 33 O 10
1010 1009 1 5 24 O 30
3641 1006 2 5 24 O 30
415 4977 2 6 28 O 30
4977 416 2 24 129 O 30
4061 5063 2 4 21 O 10
1449 418 1 8 44 O 30
1326 1454 1 3 13 O 10
414 419 2 5 26 O 30
425 426 2 3 15 O 30
427 428 2 4 17 O 30
429 430 2 6 30 O 30
432 433 2 10 51 O 30
431 432 2 3 16 O 30
434 2643 2 5 27 O 10
435 436 2 5 24 M 20
435 437 2 7 37 O 20
4920 5675 1 13 71 O 30
5675 439 1 14 73 O 10
4921 4920 1 8 0 C 0
438 5675 2 3 12 M 20
440 441 2 4 19 O 10
5676 5677 2 5 26 O 30
4778 4777 1 4 21 O 30
442 443 2 8 42 O 10
4767 447 2 11 59 O 30
444 445 1 7 35 O 10
445 447 1 6 32 M 30
451 452 1 6 32 O 30
449 450 1 6 32 M 10
450 451 1 4 20 O 10
454 455 2 3 13 O 20
453 454 2 1 5 M 20
456 457 2 6 31 O 30
5601 1458 1 36 0 C 0
4911 4671 2 4 19 O 20
4671 2140 2 7 36 M 10
2140 4304 2 45 247 M 20
1659 459 1 7 0 C 0
2553 4569 1 18 0 C 0
4569 464 1 4 0 C 0
1937 928 1 5 0 C 0
4118 465 1 41 0 C 0
465 5638 1 13 0 C 0
466 2552 1 8 0 C 0
4067 468 1 14 0 C 0
469 3771 1 8 0 C 0
470 469 1 8 0 C 0
4122 195 1 4 0 C 0
4110 471 1 20 0 C 0
1920 472 2 7 0 C 0
2819 2820 1 14 0 C 0
4167 473 1 6 0 C 0
473 474 1 7 0 C 0
4171 4168 1 15 0 C 0
1927 4106 2 3 0 C 0
475 5020 1 3 0 C 0
476 475 1 5 0 C 0
477 4961 1 26 0 C 0
4128 477 1 18 0 C 0
923 4128 1 8 0 C 0
1412 1411 1 4 0 C 0
1342 3273 1 5 0 C 0
1351 1352 1 12 0 C 0
478 1457 2 7 0 C 0
1457 3207 2 24 0 C 0
3207 3331 2 15 0 C 0
3331 3081 2 21 0 C 0
479 3329 2 8 0 C 0
2211 480 2 11 0 C 0
816 2211 2 11 0 C 0
481 2056 2 7 0 C 0
2056 816 2 13 0 C 0
482 2670 2 5 0 C 0
2670 481 2 10 0 C 0
483 3476 2 4 0 C 0
3476 3477 2 16 0 C 0
3477 3478 2 8 0 C 0
3478 4584 2 3 0 C 0
4584 2567 2 2 0 C 0
2567 1268 2 7 0 C 0
2821 483 2 7 0 C 0
484 4181 2 9 0 C 0
2363 633 2 6 0 C 0
633 4651 2 2 0 C 0
4651 485 2 3 0 C 0
485 4652 2 3 0 C 0
4652 2615 2 2 0 C 0
2615 5663 2 2 0 C 0
5663 4650 2 5 0 C 0
4650 2616 2 8 0 C 0
2616 1941 2 5 0 C 0
4189 5019 1 8 0 C 0
5019 490 1 3 0 C 0
1608 492 1 6 0 C 0
492 4192 1 4 0 C 0
4409 3187 1 7 0 C 0
494 235 2 13 0 C 0
1160 494 2 10 0 C 0
1159 1160 2 6 0 C 0
1158 1159 2 21 0 C 0
495 4444 2 4 19 O 20
4444 3352 2 4 20 O 20
496 3424 2 10 55 O 10
3424 3497 2 14 75 O 30
3497 4351 2 9 46 O 10
4351 3983 2 7 34 O 10
3983 4361 2 7 39 O 30
4361 3714 2 2 9 O 10
3136 496 2 5 24 M 30
2410 4375 2 6 31 O 20
4375 5369 2 2 6 O 10
5369 4394 2 5 24 M 20
498 2748 1 16 0 C 0
2748 2747 1 15 0 C 0
2747 2636 1 15 0 C 0
2636 2252 1 26 0 C 0
2252 2746 1 15 0 C 0
2746 2745 1 15 0 C 0
499 2749 1 3 0 C 0
2749 498 1 3 0 C 0
500 2750 1 15 82 O 10
2750 4410 1 11 0 C 0
4410 499 1 4 0 C 0
501 2751 1 3 12 O 30
2751 500 1 3 11 M 10
2482 503 1 2 6 M 20
2504 2493 2 5 23 O 20
506 2925 2 3 14 M 10
2925 2494 2 36 199 O 30
1563 3162 2 3 14 O 20
3162 3163 2 11 58 O 30
3163 506 2 1 3 O 10
508 4453 1 5 23 O 20
1135 269 2 4 17 O 10
269 2874 2 8 43 O 10
509 1104 1 12 62 O 10
510 4816 2 4 17 O 30
4816 1150 2 4 17 O 10
3561 3593 2 4 17 O 30
3000 62 2 8 41 M 10
62 3001 2 6 31 M 10
1548 513 2 10 53 M 30
3590 3591 2 24 129 O 10
880 2619 2 5 26 O 30
2619 783 2 7 34 O 20
517 1539 1 36 198 O 30
3369 843 1 18 0 C 0
843 1110 1 33 181 O 20
1674 5067 1 2 0 C 0
5520 5539 1 12 0 C 0
3213 4906 2 7 34 O 20
5450 4906 1 4 20 M 20
4906 5449 1 5 24 O 20
1110 516 1 5 27 O 20
1144 517 1 5 24 O 30
3954 2922 2 6 33 O 10
3101 4074 1 6 0 C 0
4074 4075 1 5 0 C 0
4075 518 1 4 0 C 0
2585 2586 2 6 32 M 30
519 520 2 3 15 O 30
521 522 2 3 14 O 20
2529 3568 2 43 237 M 10
3568 1166 2 8 43 O 30
1166 1165 2 9 46 O 10
3566 3567 2 15 79 O 20
3567 2529 2 15 82 O 20
4894 4893 1 3 12 O 30
4893 4891 1 8 44 O 20
4230 523 2 2 7 M 30
4880 4879 1 4 22 O 10
4879 525 1 4 17 O 20
525 4880 1 2 11 O 30
4879 526 2 9 48 M 10
4207 33 2 12 64 O 30
527 528 2 6 28 O 10
530 4885 2 7 34 O 20
531 532 2 5 23 O 10
533 534 2 4 18 O 30
535 536 2 11 59 O 30
536 537 2 9 45 O 20
538 536 2 3 11 M 20
5466 539 2 21 115 O 30
5062 541 2 4 18 O 10
4063 542 1 6 28 M 20
542 543 1 2 8 O 10
544 545 2 5 23 M 30
549 4908 2 4 20 O 30
551 3023 2 6 33 M 10
552 553 2 8 40 O 10
556 557 2 9 46 O 30
702 4178 1 4 0 C 0
324 4194 1 6 0 C 0
4194 4193 1 3 0 C 0
558 559 2 4 17 O 20
560 561 2 4 18 O 20
562 564 2 6 31 O 10
564 563 2 3 13 O 30
5367 565 2 5 27 O 20
4397 4399 2 3 11 O 30
4398 566 2 4 18 O 30
1521 3349 1 11 0 C 0
5232 2547 2 4 0 C 0
1348 1636 1 20 0 C 0
570 571 2 4 20 O 10
1254 1257 2 4 19 M 10
1257 1260 2 4 19 M 20
1260 1262 2 4 21 O 30
5710 1259 2 7 37 O 20
579 448 1 2 9 O 30
580 579 1 1 3 O 10
1506 1427 1 11 59 O 10
3984 112 1 17 93 O 20
112 1532 1 9 0 C 0
1533 4516 1 8 40 O 30
4516 1534 1 3 14 O 20
1437 5780 2 2 9 O 20
5780 1436 2 2 9 M 30
1436 1433 2 9 48 O 30
1433 387 2 4 17 M 30
387 384 2 4 18 M 30
384 386 2 4 18 O 10
386 1424 2 4 18 O 20
1437 1439 2 4 22 O 20
3699 3700 2 6 30 O 10
3700 2932 2 7 37 O 20
585 586 2 4 22 O 10
1154 1146 2 3 11 O 20
1154 1119 1 10 52 O 10
1115 1120 2 3 14 O 20
4377 589 2 4 22 O 30
590 591 2 6 28 O 30
600 601 2 2 8 O 30
594 597 2 3 13 O 20
597 593 2 2 8 O 30
596 598 2 3 12 O 30
596 597 2 4 18 O 30
602 603 2 2 8 O 10
593 595 2 2 9 M 20
592 599 2 2 10 O 20
603 599 2 2 8 O 10
599 596 2 2 8 O 30
601 593 2 2 6 O 10
599 600 2 1 4 O 30
595 602 2 1 4 O 10
4355 4354 2 4 18 O 10
2813 1912 2 15 80 M 20
1912 3254 2 16 85 M 30
3254 1502 2 6 33 O 30
1104 212 2 4 22 M 10
212 511 2 24 128 O 10
511 2901 2 8 42 O 30
2559 5518 1 6 30 O 20
1166 605 2 6 29 O 10
606 607 2 4 22 O 20
609 608 2 13 71 O 10
614 615 2 5 24 O 30
617 618 2 4 20 M 20
618 616 2 1 4 O 30
616 617 2 1 4 O 20
1223 5709 1 2 10 M 20
5709 1220 1 2 9 M 30
1220 1212 1 11 56 O 20
4452 4451 1 4 20 O 30
620 623 1 5 24 M 20
620 622 1 4 22 O 20
624 621 1 3 15 O 20
622 624 1 2 8 O 20
625 619 1 3 14 O 10
623 625 1 2 8 O 20
629 630 1 6 28 M 10
626 627 1 4 20 O 20
627 628 1 3 12 M 20
628 629 1 4 19 O 30
631 632 2 15 79 O 20
634 635 2 4 22 O 10
5450 4903 2 22 117 O 20
4903 5453 2 7 35 O 30
5465 5464 2 21 112 O 20
4904 5452 2 3 11 O 10
5482 5447 2 15 78 O 10
4335 4334 1 9 46 O 20
637 639 2 9 47 O 20
639 638 2 9 48 O 10
638 637 2 4 18 O 30
639 640 2 3 13 O 20
3187 641 1 5 0 C 0
641 4409 1 2 0 C 0
642 643 2 4 22 O 20
645 646 2 5 25 O 30
646 647 2 5 27 O 10
644 645 2 5 24 O 30
3128 651 2 5 27 O 30
3845 652 2 6 29 O 30
648 2433 2 3 16 O 30
2433 1081 2 11 57 O 20
1098 2940 1 14 77 O 10
2940 3759 1 6 28 O 10
3759 2565 1 9 49 O 30
2565 3948 1 16 86 O 30
3948 649 1 17 92 O 20
650 3457 1 15 79 O 30
3917 650 1 10 51 O 30
649 653 1 13 72 O 30
4844 4843 2 6 28 O 10
4834 654 2 5 28 M 10
1085 655 2 6 29 O 10
5496 5497 2 7 38 M 30
5496 656 2 4 22 M 30
657 658 2 8 40 O 10
4757 4755 2 2 9 M 30
2850 2967 1 10 53 O 30
2715 2714 2 5 23 M 20
659 3448 2 9 49 M 30
2505 2506 2 11 59 O 20
2032 2849 2 20 109 O 20
2849 660 2 13 70 M 20
660 2850 2 8 40 O 10
2850 661 2 5 23 O 30
1018 3910 2 25 134 O 30
4472 4043 2 4 0 C 0
4042 4474 2 15 0 C 0
667 668 2 4 22 M 30
668 669 2 3 15 O 10
670 674 1 2 0 C 0
671 4138 1 18 0 C 0
673 1926 1 5 0 C 0
674 4067 1 4 0 C 0
4114 675 1 4 0 C 0
676 677 2 7 34 O 10
678 679 2 5 25 O 30
680 5608 1 3 0 C 0
5029 4934 1 7 0 C 0
681 683 1 6 33 O 30
684 682 1 3 13 M 10
683 684 1 2 6 O 30
685 686 2 5 23 O 10
1766 1765 1 15 0 C 0
2874 2898 2 6 33 O 10
2898 918 2 8 41 O 10
918 2899 2 4 19 O 20
2744 1557 2 7 35 O 20
4931 5139 2 7 35 O 20
5139 4930 2 5 24 O 10
4928 5409 2 4 19 O 10
5409 4929 2 7 36 M 10
4659 3336 1 6 0 C 0
568 1516 2 1 0 C 0
4407 568 2 3 0 C 0
3335 4186 1 14 0 C 0
2863 3989 2 6 32 O 30
3915 3155 2 8 42 O 20
2624 2625 2 10 52 O 20
2625 2626 2 15 81 M 20
2626 2319 2 15 80 O 20
2319 2276 2 15 81 O 30
2276 688 2 9 46 M 30
2592 2627 2 15 79 O 20
2627 2628 2 15 82 O 20
2628 689 2 9 46 O 10
689 2629 2 7 36 O 30
688 2592 2 7 37 O 20
2145 690 2 28 0 C 0
1935 2641 2 18 98 O 20
2641 691 2 12 65 O 20
3366 2972 1 21 111 O 10
2972 4337 1 9 48 O 30
4337 2721 1 11 61 M 20
2721 2981 1 16 86 O 20
2981 3367 1 14 77 O 10
3367 3368 1 14 77 O 20
694 1709 2 3 0 C 0
698 1700 2 6 0 C 0
699 694 2 3 0 C 0
697 5619 2 4 0 C 0
700 1693 1 9 0 C 0
1568 1722 2 9 0 C 0
1589 696 2 5 0 C 0
1665 699 2 5 0 C 0
693 1721 2 7 0 C 0
1700 1701 2 15 0 C 0
1699 692 2 5 0 C 0
1692 700 1 2 0 C 0
696 1706 2 6 0 C 0
695 1697 2 7 0 C 0
692 698 2 5 0 C 0
5685 4943 1 16 0 C 0
701 1729 1 6 0 C 0
1729 1728 1 15 0 C 0
1728 5685 1 2 0 C 0
3481 703 1 4 0 C 0
703 3480 1 12 0 C 0
3480 704 1 5 0 C 0
705 3645 1 8 0 C 0
2899 707 2 12 61 M 10
708 920 2 3 12 O 30
1087 1088 2 2 10 O 10
709 2711 2 9 48 M 10
1820 1816 1 51 0 C 0
4333 4336 1 4 19 O 10
712 713 2 14 0 C 0
716 715 2 9 46 M 20
718 717 1 2 7 M 30
727 726 1 2 6 M 10
717 725 1 3 11 M 10
719 720 1 2 9 O 30
721 720 2 3 13 O 10
720 723 2 2 9 O 10
723 722 2 4 19 O 30
723 507 2 7 37 O 30
717 727 1 3 12 O 10
726 719 1 2 6 O 30
724 719 1 2 6 O 20
725 724 1 2 6 O 30
3182 729 2 10 0 C 0
729 2254 2 5 0 C 0
2254 3383 2 19 0 C 0
3383 730 2 9 0 C 0
731 3384 2 6 33 O 30
3384 3183 2 19 103 O 30
3015 5568 2 4 19 M 10
5568 5570 2 6 29 O 10
5570 2197 2 7 34 M 10
2197 732 2 6 29 O 10
1651 733 2 4 0 C 0
3489 1637 2 9 50 M 30
1637 5293 2 16 85 O 30
5293 2071 2 14 72 O 30
2071 734 2 43 237 O 30
734 2653 2 15 78 O 10
2653 4269 2 3 12 O 10
4304 3387 2 16 85 M 10
4738 2246 2 8 40 O 20
735 4738 2 6 32 O 30
736 735 2 10 52 M 30
737 2245 2 3 16 O 20
2245 736 2 4 21 M 10
738 2244 2 3 15 O 30
2244 737 2 3 16 O 20
739 738 2 5 23 O 30
2055 4875 2 4 20 O 10
4875 739 2 12 62 O 30
5527 5781 2 2 8 O 20
5781 5526 2 2 8 O 20
5526 2055 2 5 25 O 20
740 2243 2 4 18 M 20
2243 5527 2 12 62 O 30
741 2242 2 9 46 O 20
2242 740 2 6 32 M 10
2240 5230 2 2 8 M 30
742 2240 2 8 42 O 30
743 742 2 6 31 M 10
2238 744 2 15 80 M 20
3140 745 1 7 38 O 10
3789 5251 2 15 79 O 30
5251 5250 2 3 11 O 10
5250 2866 2 13 67 O 10
2866 1195 2 3 14 O 20
1195 747 2 6 32 O 10
747 1059 2 9 50 O 20
1059 3790 2 7 38 O 30
3790 2694 2 5 27 O 30
2694 748 2 9 47 O 30
748 2991 2 8 40 O 10
2991 5249 2 3 12 M 10
5249 3791 2 5 25 O 10
2558 749 2 7 34 O 30
749 2823 2 4 17 O 10
750 2558 2 8 43 O 30
751 2511 2 5 26 O 20
2510 751 2 16 84 O 30
752 2510 2 7 36 O 20
753 752 2 7 39 O 30
2509 753 2 7 36 M 30
115 3453 2 4 19 O 30
754 3417 2 8 44 O 10
3417 3452 2 4 19 O 20
3452 5133 2 5 23 O 30
5133 1558 2 5 24 M 30
5053 754 2 5 24 O 20
3301 5053 2 14 74 M 20
3451 4928 2 10 53 O 30
4928 3301 2 8 42 O 30
2714 3449 2 16 88 M 20
3449 3450 2 15 79 O 30
3450 3451 2 15 79 O 10
4763 2714 2 12 63 O 10
4757 4760 2 8 42 O 10
4760 2967 2 2 6 M 10
2967 4763 2 10 50 O 30
2031 5282 2 9 49 O 20
5282 3448 2 11 60 O 20
3448 5674 2 7 36 O 20
5674 4761 2 4 18 M 30
4761 4757 2 4 19 M 10
1562 1483 2 8 44 O 30
1483 2879 2 11 57 O 30
755 3553 2 9 46 M 10
3553 3554 2 23 127 O 20
756 2864 2 11 57 O 20
2864 3934 2 15 79 O 10
3934 3914 2 15 83 O 20
3835 756 2 9 46 O 10
3546 3547 2 4 22 M 20
3547 757 2 8 42 O 30
757 758 2 4 21 O 30
759 3554 2 10 52 O 10
758 3280 2 3 16 M 20
3620 760 2 8 39 O 10
3141 2242 2 14 77 M 20
3400 4749 2 10 53 M 20
4749 3921 2 6 30 O 30
3921 3922 2 16 85 O 10
3922 2065 2 14 76 O 20
2065 1999 2 10 50 O 20
761 762 2 6 32 O 10
1049 3436 2 6 31 M 20
3436 2454 2 14 78 M 10
2454 3437 2 10 53 M 10
3437 2203 2 5 25 M 20
2203 5595 2 6 31 M 20
1051 1049 2 7 36 O 30
763 1845 2 18 0 C 0
2871 3896 2 10 54 M 10
3896 3897 2 5 24 O 20
3897 2150 2 19 104 M 20
2231 3917 2 16 85 M 20
2232 3955 2 5 22 M 30
2651 2652 2 3 12 M 10
2652 2870 2 5 27 O 10
2870 2871 2 18 96 O 10
2869 2651 2 10 52 M 10
3229 3548 2 14 75 O 20
764 3235 2 7 36 M 10
765 92 2 6 0 C 0
92 1781 2 2 0 C 0
766 765 2 5 0 C 0
5385 5386 2 5 22 O 20
1012 2029 2 9 50 M 10
769 5686 2 6 33 O 30
770 2249 2 9 45 O 30
2023 687 2 2 8 O 30
687 771 1 3 16 O 20
771 5600 1 2 10 M 20
5600 687 1 1 5 O 10
1806 772 2 6 0 C 0
232 2181 2 22 0 C 0
2147 3763 2 15 0 C 0
3164 774 2 7 0 C 0
775 4667 2 5 25 O 10
4667 5323 2 4 19 O 20
5323 4666 2 7 38 O 30
4666 1961 2 10 54 M 30
3584 2775 2 13 71 O 30
2233 777 2 5 27 O 20
778 779 2 5 23 O 20
779 780 2 4 18 O 10
779 782 1 6 29 O 30
782 780 1 3 11 O 10
781 779 2 3 16 O 10
783 4774 2 8 42 O 10
4774 1110 2 8 42 O 10
3210 3211 2 13 67 M 10
5467 3213 2 30 161 O 20
1949 2394 2 8 42 O 10
785 1013 2 7 33 O 30
1013 5782 2 11 61 O 10
5782 1014 2 11 61 M 20
1014 644 2 16 84 M 10
644 1619 2 4 22 M 20
1302 1018 2 15 81 O 30
1018 5228 2 42 230 O 20
5531 1021 2 17 90 O 10
1021 1034 2 19 104 M 10
1034 4640 2 45 246 O 20
4640 5508 2 8 41 O 10
5508 4907 2 15 79 M 20
4907 1377 2 3 13 M 10
2386 2387 2 9 48 M 30
2387 2388 2 15 80 O 10
2388 786 2 15 78 O 10
4147 787 2 24 129 O 10
788 5429 2 13 71 M 20
789 2928 2 32 174 O 20
2928 1036 2 15 81 M 30
3248 1041 2 11 56 O 20
1041 790 2 2 9 O 10
791 3397 2 7 33 M 20
2726 3544 2 15 82 M 10
3544 462 2 10 53 O 20
792 3359 2 8 42 O 10
2558 793 2 8 43 O 20
794 2441 1 7 35 O 20
3623 2441 2 8 44 O 10
2441 3605 2 10 53 O 30
2290 3504 2 13 68 O 20
1054 196 2 26 144 O 30
196 1055 2 13 67 O 30
2138 795 2 15 78 O 30
795 2139 2 6 32 M 20
3259 3260 2 23 126 M 10
3834 3993 2 21 116 O 30
3833 3970 2 21 114 O 10
2011 5699 2 1 2 O 30
5699 2012 2 17 94 O 20
2582 2577 2 33 0 C 0
2581 2582 2 19 0 C 0
1254 800 1 2 6 O 10
800 798 1 4 18 O 30
798 1249 1 3 16 O 10
798 799 1 6 33 O 20
799 800 1 9 45 O 10
3581 803 1 7 39 M 20
803 804 1 11 60 M 20
2781 3050 2 14 76 O 30
3050 3854 2 23 126 O 10
3854 3581 2 20 106 M 20
3581 5044 2 11 56 O 20
5519 2282 2 14 73 O 20
2282 2836 2 15 81 O 30
2836 2524 2 15 80 O 30
2524 2677 2 16 84 O 20
2677 3003 2 14 0 C 0
3003 3724 2 12 0 C 0
784 805 2 12 65 O 20
805 5467 2 7 39 M 10
4905 5482 2 3 12 M 20
806 807 2 6 31 O 30
810 811 2 8 40 O 30
812 813 2 7 37 O 20
814 815 2 9 46 O 30
818 819 2 9 46 O 20
1005 929 1 2 0 C 0
3030 3029 1 13 69 O 20
2733 124 2 26 143 M 10
3150 3151 2 15 81 O 10
3192 2456 2 41 227 O 30
2661 2829 1 15 83 O 30
2829 2546 1 15 79 M 30
2546 3737 1 15 0 C 0
3737 3889 1 15 0 C 0
1940 4964 2 6 0 C 0
3396 5256 2 22 119 O 20
5256 2458 2 4 17 O 20
1101 512 1 36 198 M 30
3778 3779 2 12 66 O 30
3779 3561 2 12 64 O 30
2901 604 2 7 34 M 30
2901 3843 2 8 42 O 30
820 2482 1 1 5 O 20
2751 505 1 1 5 M 20
844 823 2 15 82 M 20
4792 825 2 5 23 O 10
5301 826 2 9 45 M 10
1041 828 2 7 37 O 20
3150 1615 2 2 8 M 10
5515 3150 2 3 14 O 10
2351 830 2 8 39 O 10
831 5391 2 6 29 M 10
5391 833 2 4 18 M 20
833 5392 2 4 18 O 30
832 833 2 7 38 O 10
5390 5391 2 6 30 O 30
3091 897 1 3 0 C 0
897 899 1 9 48 O 10
899 3350 1 4 17 O 10
837 836 2 3 16 O 30
836 835 2 2 9 M 10
834 837 2 3 12 O 30
841 838 2 4 17 O 30
838 839 2 7 33 M 20
840 838 2 3 11 O 10
843 842 2 10 54 O 20
3305 2842 2 7 34 O 20
2842 2298 2 12 64 O 30
2298 2781 2 15 79 O 10
1976 2903 2 40 221 O 30
2903 67 2 35 192 M 20
67 2904 2 9 45 O 20
3045 3046 2 15 83 O 20
3046 2933 2 14 76 O 20
2933 2621 2 14 76 M 20
2621 3047 2 14 75 O 20
3047 2688 2 12 62 O 10
2688 3048 2 16 89 O 20
1092 2581 2 2 0 C 0
1542 5034 2 3 16 O 10
3366 4008 2 3 14 O 20
3368 1108 1 32 175 M 30
1155 1554 1 39 213 O 30
1368 1670 1 25 0 C 0
1909 1596 1 6 0 C 0
5022 476 1 8 0 C 0
294 1132 2 4 19 O 20
1797 1861 2 39 0 C 0
83 80 2 3 15 O 30
1043 1044 2 2 10 M 10
796 1004 1 2 0 C 0
5408 797 1 3 0 C 0
857 858 2 5 23 O 20
5530 3338 2 4 0 C 0
1218 1210 2 9 45 O 20
1210 1208 2 3 14 O 20
1208 1205 2 10 51 O 30
1205 1202 2 4 22 O 10
1202 2880 2 6 31 O 20
2880 3789 2 25 138 M 20
859 1891 1 10 0 C 0
864 863 2 7 35 O 30
863 862 2 6 31 M 10
866 865 2 7 39 O 10
4679 1607 2 4 0 C 0
870 869 2 10 52 M 30
872 870 2 6 28 O 10
870 871 2 1 5 M 20
875 874 2 9 48 O 30
874 873 2 6 32 M 30
877 878 2 4 22 O 30
878 876 2 2 10 M 10
879 878 2 9 49 O 10
3884 515 2 4 0 C 0
882 881 2 10 54 M 20
884 883 2 8 41 O 30
4453 3013 1 7 34 M 20
4454 4456 2 4 18 O 20
4455 3013 1 4 21 O 30
4451 620 1 3 11 O 10
620 4450 1 1 5 O 10
4448 4455 1 3 12 O 20
4452 1987 1 10 52 O 30
1987 1519 1 3 16 M 20
1429 1430 1 3 12 O 10
1430 1506 1 5 27 O 20
1506 1507 1 5 26 M 10
1507 1440 1 9 47 O 10
1440 1520 1 7 36 O 10
4484 1429 1 3 16 O 10
885 886 2 6 33 M 30
4740 4739 1 4 19 O 30
4740 888 2 2 6 O 30
2398 2207 2 8 41 O 30
3640 4614 2 33 179 O 30
4614 2030 2 26 141 O 30
2030 768 2 2 6 M 30
889 890 2 6 32 M 30
891 892 2 5 27 O 30
893 894 2 3 15 O 10
407 895 2 5 25 O 30
1875 1849 1 15 0 C 0
1849 1876 1 15 0 C 0
1876 1340 1 15 0 C 0
1340 1822 1 15 0 C 0
1822 1828 1 15 0 C 0
1828 1877 1 15 0 C 0
1877 1878 1 15 0 C 0
1858 1875 1 15 0 C 0
1868 1858 1 15 0 C 0
1874 1868 1 15 0 C 0
1873 1874 1 15 0 C 0
1872 1873 1 15 0 C 0
1871 1872 1 15 0 C 0
325 1134 1 9 45 O 10
1134 9 1 4 21 O 10
1133 282 1 4 22 M 20
282 285 1 5 24 M 10
285 1137 1 4 19 O 30
9 1133 1 2 8 M 20
2154 2155 1 22 117 M 10
2155 1154 1 19 101 O 30
3955 3948 2 11 56 O 20
896 3340 2 10 0 C 0
3345 4408 2 3 0 C 0
4408 567 2 8 0 C 0
567 4407 2 3 0 C 0
5696 1803 1 2 0 C 0
897 898 2 11 58 O 30
898 899 2 2 9 O 30
4818 2703 2 45 248 O 30
280 4818 2 1 5 O 20
S M L S L M L S M L M S L M S L S L M S L M S L M S L M S L S M L M S L M S L M S L M L S M L S M L S M L S M L M S L S M L S M S M L S M L S M L S
