4705 6553 64800 75 2230 0.5
706 3876 1 15 80 O 10
1396 1395 1 20 108 O 20
1290 3495 1 5 27 O 20
1404 3527 1 3 13 M 30
3527 638 1 4 19 M 10
638 637 1 5 27 O 20
637 1405 1 4 19 M 30
1405 1406 1 16 85 O 30
1440 1441 2 17 91 M 30
878 1465 1 28 155 O 30
1465 1464 1 45 248 O 10
1464 1463 1 11 56 O 30
1463 1462 1 32 172 M 30
1462 1461 1 32 174 M 30
1461 1460 1 63 348 O 20
1460 1459 1 26 142 M 20
1459 1458 1 26 144 O 30
1458 4289 1 8 40 O 30
4289 1457 1 19 103 O 30
1457 1456 1 26 140 O 20
1456 3572 1 23 126 O 10
936 1472 1 28 155 O 20
1472 3754 1 45 248 O 10
3754 358 1 3 15 M 30
1479 1483 1 5 25 O 10
3574 1497 1 37 204 O 20
1497 1498 1 26 140 O 10
1498 1499 1 26 143 O 30
1499 1500 1 26 143 O 20
1500 1501 1 26 142 M 10
1501 1502 1 32 174 O 30
1502 1503 1 32 174 O 20
1503 1504 1 23 124 O 20
1504 656 1 16 84 O 30
656 1505 1 31 167 O 10
1505 915 1 29 157 O 10
1509 1510 1 27 0 C 0
1510 1511 1 39 0 C 0
1511 1420 1 15 82 O 10
1420 1512 1 20 110 O 10
1512 3555 1 18 95 O 30
1402 1517 2 8 41 O 20
2070 1520 2 26 143 O 20
1520 594 2 20 106 O 30
594 588 2 3 15 O 20
588 1521 2 5 22 O 10
1523 1524 2 17 0 C 0
3590 4388 1 6 29 M 30
4388 1566 1 6 30 O 20
1556 1555 2 14 0 C 0
1555 1554 2 3 0 C 0
1554 4281 2 5 0 C 0
4281 1553 2 9 0 C 0
1553 1552 2 20 0 C 0
1572 427 1 7 39 O 10
427 1571 1 19 103 O 10
1571 1570 1 27 145 O 30
1570 1569 1 26 142 M 20
1569 1568 1 26 141 M 10
446 3142 1 20 108 O 20
3142 1619 1 7 0 C 0
1623 1622 2 15 81 O 10
1603 1624 2 15 78 O 20
1607 1409 1 36 197 O 20
1409 3564 1 32 174 O 10
152 1672 1 13 0 C 0
953 1666 2 12 64 O 20
1697 1696 1 26 141 O 10
1696 4430 1 4 21 M 30
4430 4431 1 3 15 O 30
4431 3728 1 6 30 O 30
3728 3593 1 6 29 O 20
1700 1699 1 23 123 M 20
1699 1698 1 26 139 M 30
1703 1702 1 36 196 M 20
1705 1704 1 36 0 C 0
1706 1487 2 14 76 M 10
3613 1744 1 15 80 O 10
1744 3609 1 9 46 M 20
1745 607 1 23 124 O 20
607 1584 1 23 127 M 20
1584 3429 1 19 105 O 20
3429 903 1 10 51 O 10
1672 1746 1 39 0 C 0
1746 1416 1 27 148 M 10
1416 3559 1 34 189 O 30
1758 1757 1 36 0 C 0
578 363 2 8 42 M 30
3601 1777 1 24 130 O 10
1777 1778 1 26 142 M 10
1776 1784 1 6 31 M 30
1784 1785 1 14 76 O 30
1785 1517 1 14 76 O 20
1793 1772 1 37 0 C 0
1772 1792 1 37 0 C 0
1792 1791 1 37 0 C 0
1797 1798 1 26 141 O 30
1616 1802 1 9 0 C 0
1802 1677 1 34 0 C 0
4273 3534 2 3 13 O 10
1816 3532 1 11 60 O 30
1406 4270 2 4 20 M 20
4270 4266 2 3 17 M 10
1605 90 1 21 112 M 20
90 1407 1 5 27 O 30
1407 3164 1 23 123 O 20
1852 1853 2 15 0 C 0
1853 1814 2 15 0 C 0
1814 1854 2 15 0 C 0
1854 1653 2 15 0 C 0
1653 1855 2 15 0 C 0
1855 1856 2 15 0 C 0
1856 613 2 8 0 C 0
613 1857 2 7 0 C 0
1857 1858 2 11 0 C 0
913 1587 1 29 159 O 20
1587 1881 1 45 250 O 30
1881 1880 1 27 149 M 20
1880 1879 1 32 174 O 20
1879 1878 1 32 174 O 20
1878 1722 1 26 142 O 30
1722 1877 1 26 143 O 30
1877 1876 1 26 143 M 20
1876 3208 1 13 67 M 10
3208 1875 1 14 73 M 20
3586 3556 2 3 13 O 10
1481 1891 2 11 59 O 30
1899 1898 2 17 91 O 30
1898 1897 2 32 175 M 30
1897 3843 2 17 92 O 30
3843 1669 2 15 82 M 20
1669 4505 2 15 82 O 20
4505 3869 2 3 12 O 30
3869 3786 2 9 47 O 10
3786 3870 2 2 11 M 20
3870 967 2 4 19 O 10
1904 1903 1 14 77 O 20
1903 1902 1 14 77 M 10
1902 1901 1 8 44 O 10
1901 1519 1 6 32 O 20
1519 1900 1 14 76 O 30
1906 1582 2 26 142 O 10
1582 896 2 28 155 O 20
1926 1739 1 26 0 C 0
1630 1840 1 32 174 O 30
3477 4271 1 5 26 O 20
1935 4089 1 22 117 O 20
4089 1936 1 5 23 M 20
2946 1937 1 6 32 M 10
1680 1942 1 5 0 C 0
1942 1425 1 37 0 C 0
1425 3550 1 40 219 O 30
1762 1951 2 32 174 M 30
1585 3425 2 12 62 M 20
3425 908 2 17 94 O 10
1640 1967 1 32 175 O 30
1967 4346 1 25 138 O 20
4346 3183 1 13 69 O 20
3183 3179 1 22 118 O 10
3179 1966 1 5 22 M 30
1574 1970 1 44 243 O 10
1971 1972 2 8 43 O 30
3675 3040 1 30 161 O 30
3040 1974 1 7 0 C 0
1974 3039 1 17 0 C 0
3039 2671 1 10 0 C 0
1987 1986 1 32 0 C 0
1986 1844 1 32 174 O 10
1844 1634 1 32 173 O 30
1988 1989 2 20 108 O 10
1989 1583 2 26 142 O 20
1583 900 2 28 155 O 20
3446 1996 1 30 165 O 20
1996 1995 1 32 174 M 10
1995 1994 1 32 174 M 20
1994 1718 1 26 143 O 10
1718 1993 1 26 143 M 10
1993 1992 1 26 143 M 10
1992 1991 1 26 141 O 10
1991 3583 1 27 149 O 10
1777 1569 1 12 65 O 30
1569 1798 1 12 65 O 30
1798 2014 1 15 80 O 10
2014 2013 1 15 79 O 20
2013 2012 1 15 79 O 10
2012 2011 1 15 79 O 20
2011 1467 1 15 79 O 20
1467 2010 1 15 79 O 10
2010 1944 1 15 79 O 20
1944 2009 1 15 79 O 20
2009 2008 1 14 78 M 30
2008 1498 1 14 76 M 30
1498 1876 1 13 70 O 10
1876 2007 1 13 70 O 30
2007 1957 1 13 70 O 10
1957 1748 1 13 70 M 30
1748 1992 1 14 76 O 30
1992 1909 1 14 76 O 20
1909 2006 1 14 78 O 30
2006 2005 1 15 78 O 20
2005 1535 1 14 77 M 20
1535 1444 1 15 78 M 30
1444 1457 1 15 78 M 10
1457 1659 1 15 78 O 20
1659 2004 1 15 80 M 20
2004 3161 1 8 41 O 30
3161 1832 1 7 36 M 20
1832 1824 1 16 87 O 20
1401 1786 2 8 42 O 30
3474 3396 1 25 134 O 30
3396 1621 1 15 82 O 20
1621 4566 1 10 52 M 20
1901 2037 1 15 78 M 30
2037 1702 1 14 77 M 30
1702 1938 1 14 76 O 10
1938 2038 1 15 79 M 20
2046 1740 1 26 143 O 30
1740 695 1 16 88 O 30
695 2045 1 10 56 O 20
3507 3449 1 20 109 O 20
3526 1405 1 11 59 O 30
1405 1887 1 27 147 O 30
2061 1575 1 44 244 O 30
1755 2086 2 15 0 C 0
2086 1927 2 15 79 M 10
1927 2087 2 15 83 O 20
2087 2042 2 15 83 O 30
2042 2088 2 15 79 O 30
2088 1986 2 15 79 O 20
1986 1812 2 15 79 O 20
1760 2096 2 32 174 O 10
2096 2095 2 35 189 O 20
2095 916 2 34 186 O 20
3554 2098 1 15 81 O 20
2098 1421 1 23 127 O 30
1421 2097 1 12 65 M 30
2097 1675 1 39 0 C 0
1675 1614 1 33 0 C 0
1780 2108 2 15 82 O 20
2108 1543 2 15 79 M 30
1543 2109 2 15 79 M 30
2109 1895 2 15 79 O 10
1895 2110 2 15 81 O 30
1817 1386 1 5 0 C 0
1633 1843 1 32 174 O 30
1843 2088 1 32 174 O 30
444 717 1 6 33 M 30
717 2152 1 20 110 M 30
2152 2000 1 26 140 O 10
1741 3711 1 18 100 O 30
3711 2138 1 8 44 O 20
1601 1480 1 16 85 M 30
2156 3859 2 6 29 O 10
3859 2071 2 3 12 O 20
1655 1618 2 15 0 C 0
2167 1011 2 22 119 M 30
3582 2183 1 42 231 O 20
2183 2009 1 26 140 O 10
2009 2077 1 26 144 O 20
2077 1724 1 26 143 O 20
1724 2143 1 26 142 O 20
2143 2104 1 32 174 O 30
2104 2184 1 32 174 O 10
2184 2162 1 14 74 O 30
2162 1589 1 45 250 O 10
1589 924 1 28 154 O 30
1615 1676 1 38 0 C 0
1676 2187 1 39 0 C 0
2187 1422 1 9 0 C 0
1422 4118 1 32 175 O 20
4118 3553 1 7 37 O 30
1525 2070 2 26 143 O 10
2189 2190 2 16 0 C 0
1522 1296 1 25 138 O 30
4589 1496 2 10 0 C 0
1496 1692 2 15 0 C 0
1692 1656 2 15 0 C 0
1656 1619 2 15 0 C 0
1619 1477 2 15 0 C 0
2169 3510 1 22 119 O 30
2034 2124 1 36 0 C 0
944 1593 1 29 157 M 20
1593 2192 1 35 194 O 20
2192 2164 1 11 57 O 30
2164 612 1 7 35 O 10
612 2107 1 15 81 O 20
2107 2145 1 32 174 O 30
1872 1770 1 37 0 C 0
1770 1915 1 37 0 C 0
1915 2120 1 37 0 C 0
2120 4590 1 34 0 C 0
1624 2036 2 24 130 O 10
3598 2015 1 14 77 M 30
1683 1429 1 37 0 C 0
2086 1839 1 32 174 O 20
1784 1565 1 33 178 O 30
1565 1903 1 28 152 M 30
2098 1512 1 15 80 O 20
1781 3804 2 8 43 O 30
3804 2199 2 8 40 M 20
2199 1544 2 15 79 M 10
1544 2222 2 15 79 O 20
2222 1896 2 15 79 O 30
1896 2223 2 15 81 O 20
3875 3528 2 24 129 M 30
3522 2129 1 25 134 O 10
2129 2224 1 17 91 O 20
2017 3697 2 12 65 O 30
3697 2084 2 14 78 O 20
2084 3610 2 16 88 O 30
3605 2085 1 24 129 M 30
4380 2229 2 32 175 O 10
506 478 2 8 42 O 20
478 990 2 3 13 O 20
2261 1009 1 18 95 M 20
1009 3897 1 20 108 M 20
3897 3898 1 3 16 O 20
3898 3623 1 58 318 M 30
3623 3624 1 12 63 O 10
3624 3625 1 20 109 O 20
3625 3606 1 22 119 M 20
2231 2005 1 26 141 O 10
2005 3206 1 10 55 O 30
3206 2073 1 16 88 M 30
2073 1715 1 26 143 M 10
1715 2140 1 26 142 O 10
2140 2101 1 32 174 O 10
2101 2217 1 32 174 O 30
2217 1646 1 32 174 O 10
1646 2159 1 27 147 O 10
2158 1580 1 45 250 O 20
1580 888 1 28 155 O 20
2233 2210 2 32 175 M 30
2210 2234 2 17 91 M 30
3595 2083 1 23 125 O 20
2083 1734 1 27 145 M 10
1734 2148 1 26 141 O 20
2148 2109 1 32 174 M 10
2109 2222 1 32 174 O 30
2222 3294 1 14 73 M 30
3294 970 1 13 67 O 30
3599 2235 1 19 102 O 20
1047 3857 1 8 41 O 10
3857 1736 1 19 102 O 30
1736 2149 1 26 142 O 30
2236 2016 1 26 140 O 30
2016 3594 1 13 72 O 30
2237 4334 2 23 126 O 10
4334 2211 2 9 46 O 30
2238 4329 2 8 44 M 10
4329 4332 2 11 57 M 30
4332 2212 2 13 71 O 30
702 150 1 41 0 C 0
2168 3511 2 22 119 O 20
3585 4112 1 4 17 O 10
4112 2239 1 49 267 O 10
2239 2011 1 26 140 O 30
2011 2079 1 26 141 O 10
2079 1727 1 27 145 M 20
1727 2144 1 26 142 M 20
2144 2106 1 32 174 O 10
2106 2163 1 26 142 M 20
2163 2219 1 6 31 O 30
2219 1592 1 40 221 M 30
1592 942 1 29 156 O 20
1763 454 2 31 172 O 20
454 2206 2 3 13 O 30
1398 2243 1 9 46 O 10
1987 1813 2 15 0 C 0
1874 1771 2 37 0 C 0
1771 1916 2 37 0 C 0
1916 2121 2 37 0 C 0
2245 1608 2 10 54 M 10
2146 69 1 10 51 O 20
69 1730 1 17 92 O 20
910 1586 1 28 155 O 20
3578 2249 1 33 182 O 10
2249 3209 1 14 73 M 30
3209 2007 1 13 67 M 10
2007 2075 1 26 143 O 30
2075 3202 1 7 35 M 20
3202 1721 1 20 109 M 20
1721 2142 1 26 142 O 30
2142 2103 1 32 174 M 10
2103 2218 1 32 174 M 10
2218 946 1 31 171 O 20
1674 2204 1 39 0 C 0
2204 1418 1 21 115 O 30
1418 3558 1 36 199 M 10
3551 3404 1 4 18 O 30
3404 1424 1 36 199 O 20
1424 2205 1 3 0 C 0
2205 1678 1 40 0 C 0
1678 2130 1 23 0 C 0
1899 2234 2 15 79 O 10
2062 1440 2 38 210 O 20
1443 1456 2 15 78 O 20
1456 1658 2 15 78 O 10
1658 719 2 10 50 M 10
2215 1906 2 15 79 O 10
1906 3221 2 7 35 O 20
3221 1989 2 9 45 M 10
2982 2699 1 69 381 M 20
4487 374 1 54 0 C 0
2265 3018 1 50 275 O 10
3669 3664 1 54 299 M 30
3658 2998 1 16 86 M 20
2261 3617 1 33 180 O 30
3838 698 1 5 0 C 0
2269 699 1 21 0 C 0
2978 2962 1 26 141 O 30
3016 2987 1 132 732 O 20
2995 4351 2 10 54 O 30
2977 3668 1 58 321 O 30
2278 2279 2 4 20 M 10
2284 2285 1 14 74 M 10
2285 2286 1 20 108 O 20
2286 2287 1 11 59 M 10
2287 1093 1 18 97 O 10
2288 2289 1 22 122 O 20
2290 2291 1 27 146 O 10
2292 2293 1 20 111 M 10
2293 2294 1 20 107 M 10
2298 2297 1 9 45 M 10
2297 2296 1 46 254 O 20
2299 2300 2 25 136 O 20
2312 2313 1 36 198 M 20
2313 2314 1 14 78 O 30
2314 2315 1 14 78 O 20
2317 3485 1 3 15 M 10
3676 3685 2 18 96 M 10
4543 2323 1 24 133 M 20
2983 3470 1 84 464 O 10
2327 3124 1 40 0 C 0
3124 2328 1 5 23 O 30
2329 2330 1 46 250 O 10
2330 2314 1 29 156 O 20
2314 2331 1 15 79 O 10
2331 2332 1 14 77 M 20
2332 2333 1 15 79 M 30
2333 2334 1 16 88 O 20
2334 2335 1 15 82 O 30
2335 2336 1 14 72 M 20
1513 543 2 4 21 O 30
543 2338 2 23 124 O 20
2338 2339 2 26 144 O 10
2339 3613 2 26 143 O 30
3613 3608 2 7 36 M 10
2340 2341 2 32 174 O 10
2346 2345 1 15 79 O 20
3650 2362 2 7 37 O 20
2362 2363 2 15 79 O 30
2363 2364 2 15 79 O 10
2364 2365 2 15 79 O 20
2365 2366 2 15 80 O 30
2371 2372 2 20 106 O 20
2372 2373 2 38 207 M 20
2373 2374 2 38 207 M 10
2374 2375 2 38 208 O 30
2375 2376 2 38 0 C 0
1509 1614 2 17 0 C 0
1614 1615 2 16 0 C 0
1615 1616 2 15 0 C 0
2377 2378 1 15 0 C 0
2378 2379 1 15 0 C 0
2385 2386 2 14 77 O 10
2386 2387 2 15 79 M 20
2387 2388 2 16 89 O 30
2388 2389 2 15 83 O 30
2389 2523 2 17 94 M 10
2391 2392 2 16 88 O 10
2393 2394 2 15 78 O 30
2394 712 2 9 48 M 10
3607 2402 1 38 211 M 10
2402 2391 1 10 54 O 10
2391 490 1 2 10 O 10
490 492 1 8 40 O 10
492 2401 1 8 40 O 10
2401 2400 1 26 144 O 30
2404 2405 2 32 173 O 30
2408 2409 2 11 59 O 30
2410 2337 1 34 184 O 30
2413 2412 1 23 128 M 20
2412 2411 1 21 112 M 20
1071 546 1 14 77 M 10
2420 2421 2 40 218 O 30
2421 2422 2 38 207 M 30
2422 2423 2 38 207 O 10
2423 2424 2 38 207 M 30
2424 2425 2 38 206 O 10
2425 2426 2 27 146 M 20
2488 2487 1 35 189 M 10
2487 3964 1 35 190 O 30
2493 2492 1 15 79 O 10
2379 3028 1 19 0 C 0
3028 3030 1 10 52 M 20
3030 2253 1 9 47 O 10
2502 2501 1 32 174 M 10
2519 2518 1 35 190 O 10
2518 2517 1 29 160 O 10
2356 1252 2 13 71 O 20
1252 2520 2 14 74 O 20
2465 2317 2 4 17 M 20
2307 2525 2 20 109 M 10
2540 2541 2 15 0 C 0
2541 2542 2 13 0 C 0
2543 2282 2 11 0 C 0
2544 2545 2 38 208 O 30
2545 2471 2 23 127 M 10
2319 2546 2 15 82 M 20
2546 2547 2 15 83 O 20
2547 2548 2 15 80 O 10
2548 2549 2 16 85 O 30
2549 3354 2 4 18 M 30
3354 3352 2 6 32 O 20
3352 2550 2 6 29 O 30
2550 2551 2 15 81 O 10
2551 3377 2 8 42 O 20
3377 1196 2 4 19 O 30
1196 1197 2 4 18 O 30
1197 3376 2 2 8 M 20
3376 1198 2 4 19 O 20
1198 3681 2 7 35 O 20
3681 439 2 4 19 O 10
172 3007 1 6 32 O 10
3007 3008 1 16 85 O 30
2553 2554 2 14 74 M 10
2554 2408 2 14 77 M 20
2408 2555 2 14 76 O 10
2555 2332 2 14 77 O 20
2332 2386 2 22 118 O 30
2556 2557 2 32 176 O 30
2559 1022 1 30 162 O 10
1022 2558 1 5 26 M 10
2560 3109 1 30 166 O 30
3109 2561 1 2 7 O 20
2561 2953 1 31 170 M 20
2953 3897 1 2 9 O 20
2354 2550 1 35 192 O 20
3005 3090 1 5 26 O 20
3090 2270 1 17 91 O 10
2566 2567 2 38 0 C 0
2570 2571 2 12 64 M 20
2464 2573 1 43 235 O 10
2577 2576 1 30 165 O 20
2576 4278 1 11 60 O 10
4278 2575 1 25 138 O 10
2575 2574 1 27 145 M 10
3627 2578 2 25 135 M 10
2578 2579 2 32 176 O 20
2579 2547 2 32 174 O 30
2547 2351 2 35 189 M 20
4208 4215 2 8 44 O 10
4215 1034 2 13 71 M 30
1034 4214 2 12 63 O 30
182 3251 1 6 0 C 0
3251 3042 1 12 0 C 0
3042 2581 1 7 0 C 0
2581 2381 1 26 0 C 0
2381 2255 1 36 0 C 0
2255 2582 1 26 141 O 30
2585 2394 1 14 77 M 10
2394 2300 1 14 76 O 20
2300 2584 1 14 76 O 20
2584 2583 1 14 77 M 30
2472 2588 2 39 213 M 30
2588 2589 2 38 207 O 20
2597 2598 1 23 125 O 20
2607 2555 1 13 68 O 10
2555 2606 1 14 76 O 30
2606 2313 1 15 79 O 30
2313 2605 1 14 77 M 30
2605 2604 1 15 79 O 20
2604 2603 1 14 76 M 10
2603 3368 1 30 165 M 10
3368 3365 1 4 19 M 30
3365 2454 1 8 39 O 20
2306 3437 1 16 84 O 10
3437 2611 1 8 40 O 30
2611 4320 1 9 44 O 10
4320 4322 1 16 89 M 20
4322 2610 1 8 41 O 30
2610 2609 1 31 168 O 30
2609 2608 1 13 68 O 10
2488 365 2 9 0 C 0
365 2614 2 6 0 C 0
2615 2600 2 15 0 C 0
2600 3937 2 15 0 C 0
3937 3935 2 15 0 C 0
3935 2616 2 15 79 M 10
2616 2617 2 15 79 M 30
2617 2618 2 15 79 O 30
2618 2619 2 15 80 O 10
2926 2309 1 38 211 O 30
2364 2621 1 38 206 O 30
2468 2623 1 29 159 O 10
2623 2622 1 46 253 O 30
2624 2346 1 23 123 M 30
4279 2634 2 13 0 C 0
2636 2584 1 23 122 M 10
2584 2635 1 30 166 O 10
508 1071 1 6 30 O 20
2335 2389 1 22 118 O 30
2542 2543 2 4 0 C 0
2590 2638 2 15 79 O 20
2638 2639 2 15 79 O 10
2639 2423 2 15 79 O 10
2423 2640 2 15 79 O 20
2640 2641 2 15 79 O 20
2641 2642 2 15 82 O 30
2649 2517 2 16 86 O 20
2517 3002 2 11 59 O 30
3940 2665 1 12 66 O 20
2665 3832 1 25 134 O 30
2587 2669 1 26 0 C 0
2669 2377 1 26 0 C 0
2377 2251 1 36 197 O 20
2476 2674 2 39 216 O 30
2674 2675 2 38 207 M 30
2675 2639 2 38 207 O 10
2639 2676 2 38 208 O 20
2676 2677 2 38 206 O 20
2677 2678 2 30 165 M 20
3434 2316 1 24 130 O 20
2316 2462 1 26 144 O 30
2461 2689 1 45 245 O 20
2945 546 1 35 193 O 20
546 2415 1 1 2 O 10
2690 2691 1 27 147 O 10
2692 2693 2 15 78 O 10
2693 2694 2 32 176 M 30
2694 4463 2 15 79 M 20
4463 3119 2 10 53 M 20
3119 2549 2 8 41 O 10
2549 2353 2 35 191 M 10
2696 3105 1 2 6 M 20
3105 2695 1 31 169 O 30
3631 1390 1 19 101 O 10
2521 2293 2 23 123 O 30
2664 2712 1 14 74 M 10
2712 2711 1 14 77 M 10
2711 2710 1 15 83 M 30
2710 4559 1 3 13 M 30
4559 4561 1 4 21 O 30
4561 2708 1 4 18 O 10
2711 2719 1 15 80 O 20
2719 2603 1 16 86 O 30
2512 2720 1 24 129 M 10
2722 117 2 3 0 C 0
117 2723 2 12 0 C 0
2617 564 1 11 57 M 10
564 2725 1 24 132 O 10
2725 2724 1 34 188 M 20
2457 11 1 4 19 M 20
11 2726 1 23 122 M 30
2728 2716 1 20 111 O 10
2729 2730 2 11 59 O 20
1352 4474 2 4 17 M 10
4474 2596 2 4 21 M 30
2596 2681 2 14 73 O 10
2681 2418 2 14 75 O 10
2418 2732 2 14 74 O 10
2732 2733 2 14 75 O 30
2733 2734 2 14 78 O 20
2734 3240 2 4 20 O 30
3240 3238 2 3 15 O 10
3238 3237 2 1 3 M 20
3237 2735 2 8 44 M 30
2735 2530 2 15 79 M 10
2530 2370 2 15 79 O 10
2714 4415 2 7 37 O 30
4415 2501 2 4 19 O 20
2501 2738 2 15 78 M 30
2738 2609 2 15 80 O 20
2609 280 2 6 33 O 20
280 2739 2 6 31 O 10
2739 2334 2 14 74 M 10
2334 2388 2 22 118 O 10
2741 2742 2 8 42 O 10
2480 3967 2 7 36 O 10
3967 1345 2 2 10 O 10
2480 3234 2 9 47 O 20
3234 2751 2 11 56 M 20
2751 2734 2 38 208 O 30
2734 2750 2 38 206 O 10
2750 2749 2 38 0 C 0
2523 1210 2 19 100 M 20
2479 2761 2 40 220 M 10
2761 2762 2 38 207 O 20
2762 2641 2 38 207 O 30
2641 2763 2 38 207 O 20
2763 2764 2 38 207 O 10
2764 3637 2 13 72 M 10
3637 2283 2 7 34 O 10
2769 2770 2 38 0 C 0
2770 2645 2 38 0 C 0
2645 2771 2 38 0 C 0
2771 2772 2 38 207 O 10
2772 3780 2 14 76 M 30
2988 579 1 50 0 C 0
2111 2112 2 15 81 O 20
2112 1977 2 15 78 O 20
1977 2340 2 15 79 M 20
2340 2404 2 15 78 O 20
3447 3969 1 10 53 O 20
2776 2690 1 8 40 O 20
2649 1021 1 6 31 O 30
1021 2782 1 18 96 M 30
2782 2790 1 35 190 M 20
2793 2792 1 31 169 O 30
2792 3110 1 2 8 O 30
3110 3108 1 16 84 M 30
2794 3686 2 32 173 O 20
110 2996 1 18 99 O 20
2795 2588 2 6 33 O 10
2588 2796 2 15 79 M 10
2796 2674 2 15 79 O 30
2674 2421 2 15 79 M 10
2421 2797 2 15 79 O 10
2797 2761 2 15 79 M 10
2761 2743 2 15 83 M 20
2743 2798 2 15 82 O 30
2798 2532 2 15 80 O 10
2532 2376 2 15 0 C 0
2376 2769 2 15 0 C 0
2769 2799 2 15 0 C 0
2799 2721 2 15 0 C 0
2721 2427 2 15 0 C 0
2427 2800 2 15 0 C 0
2800 2801 2 15 0 C 0
2801 2802 2 15 0 C 0
2802 2566 2 15 0 C 0
2727 2411 1 12 63 M 30
2812 369 2 27 0 C 0
2816 3890 1 12 63 M 20
3890 645 1 11 59 M 30
645 2673 1 5 24 O 10
2673 4276 1 12 66 O 20
4276 4277 1 13 69 O 20
4277 2753 1 7 35 O 10
2753 2806 1 36 199 O 10
2806 3624 1 26 143 O 10
2188 3684 2 31 170 M 30
2712 2604 2 32 176 O 10
2604 2330 2 15 78 M 10
2330 2819 2 14 77 O 30
2466 2297 2 10 55 O 30
2297 2820 2 15 79 O 30
2820 2623 2 15 79 M 10
2623 2821 2 15 79 O 20
2821 2822 2 15 79 O 30
2822 2544 2 17 92 M 20
2544 2262 2 15 83 O 10
2262 2823 2 15 78 M 20
2823 2594 2 14 0 C 0
2594 2679 2 14 0 C 0
2679 2416 2 14 0 C 0
2416 2824 2 14 0 C 0
2824 2765 2 14 0 C 0
2765 2749 2 15 0 C 0
2749 2825 2 15 0 C 0
2825 2528 2 15 0 C 0
2528 2368 2 15 0 C 0
2826 2513 1 26 144 O 30
3736 3246 2 2 0 C 0
3246 2828 2 6 0 C 0
2470 2830 1 12 66 M 20
2830 2822 1 38 207 O 20
716 2367 1 22 118 O 30
2757 2635 2 17 92 O 10
2635 2299 2 14 75 O 10
2299 2393 2 18 95 O 30
2393 2950 2 16 87 O 30
4103 3372 2 8 42 M 20
3372 2836 2 21 111 M 30
2836 4288 2 19 101 O 20
4288 4285 2 6 30 O 10
4285 165 2 5 24 O 20
2843 2784 1 35 189 O 10
2784 2650 1 34 184 O 20
2524 2844 2 18 95 M 30
2510 2849 1 18 96 O 20
2852 2589 2 7 38 O 30
2803 2412 2 22 118 O 20
2285 2870 1 14 76 O 10
2554 2871 1 11 58 O 10
2872 2691 2 16 0 C 0
2691 2559 2 15 0 C 0
2559 2873 2 15 0 C 0
2873 2790 2 15 0 C 0
2790 2519 2 15 80 O 10
2519 2874 2 15 79 O 30
2874 2843 2 15 80 M 10
2843 2875 2 15 79 O 30
2875 2683 2 15 79 M 30
2683 2876 2 15 79 O 20
2876 2487 2 15 79 M 20
2487 3955 2 10 51 O 10
3955 2718 2 5 24 O 20
2878 2879 2 19 104 O 10
2879 2880 2 32 177 O 20
2880 2548 2 32 174 O 20
2548 2352 2 34 189 O 30
2352 3099 2 9 50 M 30
3099 1235 2 8 40 O 20
1235 1226 2 8 43 O 30
1226 4211 2 10 55 O 10
2883 2882 2 2 11 O 20
2872 2780 1 27 146 O 10
2858 2884 2 31 172 O 30
2884 2741 2 20 111 M 10
2741 2885 2 23 124 O 20
2279 2886 1 38 207 O 10
2886 2823 1 38 207 O 30
2786 2656 1 30 164 O 10
1212 2877 2 7 37 O 20
2305 4543 1 16 86 M 10
2888 2738 1 10 53 O 10
2738 2759 1 32 175 O 10
2759 2889 1 32 174 O 10
2889 2304 1 16 83 O 30
2890 2719 1 44 243 O 10
2533 2856 2 21 112 O 10
2804 2345 1 23 125 O 30
2345 2467 1 17 92 M 10
2651 2785 1 34 188 O 10
2785 2875 1 35 190 M 10
2358 3086 2 14 73 M 10
3086 2565 2 13 70 M 10
2898 524 1 9 45 O 20
524 2809 1 9 49 O 30
2809 2897 1 41 224 M 30
2897 2896 1 40 217 O 20
2896 2895 1 18 99 O 10
2895 2894 1 15 0 C 0
2894 4257 1 14 0 C 0
4257 4258 1 3 0 C 0
2899 4102 2 27 149 O 20
2220 2221 2 15 81 O 30
2221 1978 2 15 79 O 20
1978 2341 2 15 79 O 10
3898 2953 2 3 14 O 10
2953 2900 2 16 85 M 20
2900 2793 2 15 80 M 10
2793 1190 2 8 41 O 10
1190 4078 2 4 21 O 30
4078 4079 2 1 5 M 30
4079 2516 2 3 12 O 20
2516 1191 2 7 38 M 10
1191 2901 2 8 42 O 10
2901 2635 2 18 98 O 10
2333 2387 2 22 118 O 20
2871 2888 1 6 31 O 20
2888 2409 1 9 45 O 10
2409 2608 1 7 35 O 10
2608 2607 1 8 43 O 10
2980 119 1 37 0 C 0
2903 293 2 11 60 M 10
293 2508 2 12 62 O 20
2508 2839 2 28 153 O 10
2839 2895 2 14 76 O 20
2895 2685 2 14 76 M 30
2685 2904 2 14 0 C 0
2787 1139 1 6 31 M 30
2710 1098 1 4 18 M 20
1098 2663 1 13 68 O 10
2663 2484 1 15 80 M 10
2484 2911 1 15 81 O 30
2911 2687 1 15 79 O 30
2687 2897 1 15 78 O 10
2897 2841 1 14 77 O 10
2841 2910 1 14 77 M 20
2910 2511 1 14 77 O 20
2511 2909 1 21 113 M 30
1690 2188 2 15 80 O 20
2188 3676 2 15 80 O 10
1096 2870 1 33 182 O 10
2870 2810 1 11 60 O 30
2904 2446 1 9 0 C 0
2653 3961 1 35 189 M 30
1092 2924 1 38 211 O 20
2924 2859 1 14 77 O 10
2859 2898 1 24 129 O 20
2657 2363 1 38 206 M 10
2817 3679 2 15 82 O 10
2525 2288 1 14 77 O 20
2288 2925 1 14 77 M 20
2925 2926 1 17 92 O 30
2474 3233 2 6 30 O 10
3233 2796 2 34 184 M 20
2796 2853 2 38 207 M 30
2853 2638 2 38 207 O 30
2638 2915 2 38 208 O 30
2915 2927 2 38 206 O 20
2927 2700 2 34 186 M 30
2739 2760 1 28 150 O 30
2459 2411 2 60 333 O 30
2928 3417 1 17 91 M 10
3417 17 1 7 39 O 30
17 2458 1 7 35 O 30
3939 2788 1 33 180 O 10
2500 3706 1 20 109 O 20
1094 2287 1 16 85 O 10
2869 2612 2 9 0 C 0
3447 2477 2 7 34 O 20
2477 2797 2 40 219 M 20
2797 2854 2 38 207 O 30
2854 2640 2 38 207 O 20
2640 2916 2 38 207 O 10
2916 2931 2 38 206 O 30
2931 2701 2 23 126 O 10
3969 2732 1 38 211 O 30
2732 2932 1 37 206 O 10
2932 2824 1 38 207 M 10
2308 2925 1 28 151 O 20
2908 2821 1 46 253 M 30
2821 2469 1 40 219 M 10
2881 2934 1 42 230 O 20
2919 2920 2 32 177 O 30
2920 507 2 4 21 O 10
507 4572 2 3 13 O 20
4572 4305 2 3 16 O 10
4305 4307 2 4 17 O 10
4307 3732 2 5 27 O 20
3732 3730 2 6 31 O 30
3730 3117 2 2 6 M 20
3117 3121 2 4 18 O 30
3121 2551 2 4 21 O 10
2551 3374 2 17 91 O 20
3374 2355 2 19 103 O 20
2936 2849 2 30 166 O 20
2849 2909 2 15 79 O 30
2909 2720 2 14 73 O 20
2720 2826 2 14 73 M 20
2826 4063 2 14 76 O 20
2592 2927 2 15 80 M 10
2927 2677 2 15 79 O 20
2677 2425 2 15 79 O 10
2425 2931 2 15 80 M 30
2931 2764 2 15 79 M 10
2764 2746 2 15 83 O 20
2746 2937 2 15 82 O 20
2937 2537 2 15 79 M 20
2537 2372 2 15 80 M 10
2372 2772 2 15 79 O 20
2772 2938 2 15 79 O 30
2310 2390 1 26 141 M 20
2321 2322 2 25 135 M 20
3625 2805 1 12 65 O 10
2805 2493 1 17 91 M 20
2493 2752 1 26 141 O 30
2752 2672 1 27 145 M 20
2672 2939 1 27 147 O 30
2939 2254 1 21 113 M 20
2254 2380 1 37 0 C 0
2380 3036 1 7 0 C 0
3036 3035 1 12 0 C 0
3035 2847 1 7 0 C 0
2778 2647 2 33 182 M 10
2647 4477 2 3 11 O 30
4477 3678 2 32 173 O 20
2758 2636 1 15 79 O 30
2636 2301 1 11 58 O 10
2301 2912 1 25 138 O 20
2938 2704 2 10 0 C 0
2362 2655 1 38 206 M 10
2901 3358 1 11 57 O 30
3358 3357 1 3 15 O 20
3357 4059 1 19 102 M 20
2563 2783 1 34 184 O 10
2783 2874 1 35 190 O 20
2913 2302 1 14 74 O 30
2302 63 1 9 49 O 20
63 2728 1 19 105 M 10
2941 2891 2 12 63 O 10
2942 2644 2 10 53 O 20
2644 2917 2 38 207 O 10
2917 2937 2 38 207 O 10
2937 2703 2 18 95 O 30
2365 2658 1 38 207 O 20
2860 2924 2 11 61 M 10
2924 2884 2 14 76 O 20
2884 2736 2 14 77 M 30
181 2435 2 6 0 C 0
2435 2434 2 15 0 C 0
2434 3247 2 8 0 C 0
3247 2433 2 9 0 C 0
2433 2395 2 16 0 C 0
2395 2432 2 16 0 C 0
2089 1493 2 13 72 O 20
1493 1924 2 15 80 O 10
1924 1933 2 15 79 O 10
1933 2054 2 15 79 M 10
2777 2778 2 15 78 O 20
2778 2779 2 16 86 M 30
2779 3680 2 11 56 O 20
2406 2407 2 34 185 O 20
1767 1215 2 29 159 M 20
1215 2207 2 4 22 O 20
4486 2648 2 9 49 M 20
2648 1219 2 8 44 O 10
1219 4208 2 6 33 O 30
4208 4209 2 9 45 O 30
4209 4210 2 5 23 O 30
4210 4211 2 4 18 M 30
4211 4212 2 11 59 M 30
4212 4213 2 5 26 O 10
4213 1221 2 15 80 O 10
1694 1224 2 7 38 O 20
1224 1767 2 8 40 O 10
1767 1768 2 15 78 O 30
1694 1695 2 33 181 M 20
2211 2212 2 14 76 O 30
1695 1214 2 7 38 O 20
1214 2207 2 8 40 O 20
2207 4484 2 15 78 O 10
2817 4476 2 19 103 O 10
4476 2646 2 2 11 O 10
2646 2777 2 33 183 O 10
1690 1671 2 32 174 O 10
1671 992 2 31 170 O 10
2779 2648 2 34 185 O 20
2648 1229 2 19 100 O 20
1229 2350 2 17 92 O 30
2350 2546 2 35 190 M 30
2546 3925 2 8 40 O 30
3925 3923 2 4 18 O 30
3923 2815 2 21 116 O 10
2815 2814 2 32 175 O 10
2504 2320 2 7 34 O 20
3663 2999 1 18 97 O 30
2526 3631 1 27 146 O 30
3632 3633 1 20 109 O 10
2986 2991 1 57 316 O 20
2241 711 1 16 0 C 0
2970 1336 1 45 0 C 0
374 4489 1 12 0 C 0
4489 2280 1 7 0 C 0
2990 107 1 37 204 O 10
105 2997 1 70 388 O 10
3667 3005 1 13 67 M 30
3660 2998 1 10 55 O 30
2552 3902 1 10 55 M 20
3902 3009 1 14 74 O 30
2625 3014 1 28 150 M 20
2748 3999 2 3 13 O 20
3999 3049 2 26 144 M 20
1101 4558 1 11 56 M 30
3056 3057 1 9 48 O 10
3647 2981 1 65 356 O 30
2282 2281 1 11 0 C 0
4593 2325 1 57 0 C 0
1824 1825 2 26 142 O 20
2241 4292 2 10 0 C 0
2224 247 2 4 20 O 20
247 248 2 5 24 O 30
248 1396 2 2 10 O 10
3476 2224 1 13 69 O 20
2224 4601 1 22 121 O 30
2127 2128 1 11 58 O 10
720 4608 1 6 33 O 20
4608 243 1 2 10 O 30
243 1396 1 3 11 O 20
1677 1678 1 15 0 C 0
1678 1679 1 15 0 C 0
1679 1680 1 3 0 C 0
1682 1683 1 15 0 C 0
1683 1559 1 15 0 C 0
1559 1684 1 19 0 C 0
1684 1685 1 15 0 C 0
1685 1686 1 13 0 C 0
1686 1687 1 14 0 C 0
1687 1688 1 18 0 C 0
2906 1822 1 15 0 C 0
1822 1821 1 18 0 C 0
1821 1820 1 14 0 C 0
1820 1819 1 13 0 C 0
1819 1818 1 15 0 C 0
2430 2907 1 19 0 C 0
2907 2906 1 14 0 C 0
1143 1142 2 3 0 C 0
1142 2845 2 25 0 C 0
1677 1803 1 39 0 C 0
1803 1423 1 6 0 C 0
1437 3530 1 4 21 O 20
3530 3477 1 9 46 O 30
1437 1482 1 61 334 O 30
3478 1437 1 10 55 O 30
4517 3532 2 14 74 O 10
3532 3477 2 18 95 O 30
1436 2170 2 16 84 O 10
3530 3531 1 6 32 O 10
1403 1437 1 6 33 M 30
3747 3751 1 3 16 M 30
2475 2681 1 21 114 O 10
2681 2680 1 38 206 O 10
2680 2679 1 38 207 O 30
3493 2050 1 31 171 M 10
2050 2002 1 26 140 O 20
2002 2051 1 26 143 O 20
2051 1709 1 27 145 O 20
1709 2052 1 26 141 O 10
3494 1285 1 53 290 M 20
3549 4109 1 4 21 M 30
4109 3402 1 6 32 O 20
3496 2056 1 28 154 O 30
2056 2003 1 26 140 O 30
2003 3740 1 20 107 O 10
3740 2057 1 7 36 O 10
2057 1711 1 27 145 O 20
1711 3178 1 9 47 O 20
3178 2058 1 17 94 O 30
50 2196 1 29 161 M 20
2196 2001 1 26 140 O 30
2001 2072 1 26 144 M 30
2072 1706 1 26 143 O 10
1706 1070 1 26 142 O 30
3499 3498 1 25 137 O 10
3534 3537 1 16 86 M 20
3537 3535 1 9 48 O 20
3503 443 1 3 0 C 0
3497 3506 1 8 43 M 30
3506 3507 1 15 78 M 30
3507 3508 1 15 80 M 10
3508 3520 1 24 128 O 20
3520 3519 1 6 31 O 30
3519 3817 1 8 43 O 20
3817 3509 1 7 36 O 30
3509 3510 1 14 77 O 10
3510 3511 1 14 74 O 30
3511 3512 1 14 74 O 10
3512 713 1 14 72 M 20
1289 3499 1 49 272 M 20
3504 3141 1 8 42 O 10
3141 2154 1 7 38 O 20
1481 3069 1 14 78 O 10
1479 1480 2 14 75 O 20
1478 1479 1 8 40 O 10
3516 3517 1 17 93 M 30
3518 4273 1 22 118 M 10
3517 3518 1 17 90 O 30
3748 4529 1 15 81 O 30
4529 3519 1 13 69 O 10
3520 3703 1 23 123 O 30
3478 1403 1 7 35 O 30
1403 3514 1 11 57 O 20
3514 3747 1 3 12 O 30
3752 3703 1 21 115 O 10
3513 4695 1 7 38 O 10
4695 4515 1 14 76 O 30
3521 1313 1 6 33 O 20
3527 620 1 3 16 O 20
620 3525 1 4 20 O 10
270 3521 1 4 20 O 10
3529 701 1 8 43 M 30
706 3513 1 17 90 O 20
3533 4272 1 24 132 O 10
2135 4274 1 4 18 O 20
2154 1598 1 30 165 O 10
2154 2155 1 16 86 O 30
3535 3500 1 6 32 M 10
3500 3501 1 15 80 M 30
3534 3749 1 23 122 O 30
3536 4272 1 4 17 M 30
4272 2154 1 23 124 M 30
949 948 2 3 13 O 10
1408 1409 1 15 80 O 20
1409 1410 1 15 78 O 30
1410 1411 1 15 78 O 10
1411 1412 1 15 78 M 20
1412 1413 1 14 77 O 10
1413 1414 1 14 77 O 10
1414 187 1 15 79 O 10
187 658 1 5 27 O 10
658 1415 1 10 51 O 20
1415 1416 1 15 78 O 10
1416 1417 1 15 79 M 20
1417 1418 1 15 81 O 30
1418 1419 1 15 81 O 30
1419 1420 1 15 81 O 20
2170 3509 2 22 121 O 10
2170 1816 1 15 78 M 30
1816 151 1 20 107 O 10
2132 1998 2 23 0 C 0
2869 1306 2 21 0 C 0
1306 1301 2 35 0 C 0
1301 1302 2 8 0 C 0
1302 559 2 27 0 C 0
559 558 2 11 0 C 0
558 3871 2 20 0 C 0
3538 1417 1 35 194 O 30
1417 1955 1 24 132 O 30
1423 3406 2 32 177 O 20
3406 4115 2 2 6 O 10
4115 4117 2 3 16 M 20
4117 3539 2 3 16 O 30
3541 4465 2 11 57 O 30
4465 3542 2 4 22 O 20
4596 2113 2 13 69 O 20
3059 1787 1 34 0 C 0
1787 1682 1 32 0 C 0
1682 1428 1 38 0 C 0
1428 4328 1 27 0 C 0
4328 1400 1 13 0 C 0
3543 1658 1 24 128 O 30
1658 1659 1 26 140 O 10
1659 1660 1 26 143 M 30
1660 1661 1 26 144 O 20
1661 1662 1 26 141 M 10
1662 1663 1 63 348 M 30
1663 3224 1 11 59 O 10
3224 3809 1 14 77 M 30
3809 1645 1 7 38 M 20
1645 1664 1 32 173 M 20
1664 1665 1 15 82 O 20
1665 3976 1 6 31 O 10
3976 1579 1 39 215 O 10
1579 875 1 28 155 O 20
3544 1412 1 31 172 O 20
1412 1537 1 35 194 O 30
1537 1538 1 17 94 O 10
2161 1647 1 22 121 M 20
1647 2214 1 32 174 O 20
2214 2102 1 32 174 O 20
2102 3227 1 10 50 M 10
3227 3229 1 13 72 O 30
3229 2141 1 10 52 O 30
2141 1716 1 26 142 O 20
1716 2074 1 26 143 O 30
2074 2006 1 26 143 O 20
2006 2213 1 26 141 O 10
3547 1908 1 26 144 O 10
1908 1909 1 26 141 O 20
1909 1910 1 26 143 O 30
1910 1717 1 26 143 M 10
1717 1911 1 26 142 O 20
1911 1912 1 32 174 O 30
1912 1913 1 32 174 O 30
1913 1648 1 32 173 O 30
1648 4598 1 13 70 M 20
4598 1914 1 5 27 M 10
3548 1415 1 33 182 M 30
1415 1990 1 30 163 O 30
3569 3881 1 6 29 O 30
3881 3882 1 3 14 M 30
3882 3884 1 4 18 M 10
3884 54 1 3 16 M 20
54 52 1 3 15 O 30
52 1831 1 9 45 M 30
1831 1832 1 26 141 O 10
1832 1833 1 26 143 M 10
3565 3570 2 3 16 O 30
3565 1408 1 31 171 O 30
1408 1606 1 31 167 M 20
3473 1399 1 19 105 O 10
3472 3473 1 10 53 O 20
361 1905 1 25 139 M 30
3589 1737 1 7 37 M 30
1766 2201 2 35 189 O 20
2201 2200 2 32 174 O 20
3591 1539 1 6 31 M 20
1566 554 2 9 49 O 10
554 552 2 3 13 O 20
552 1565 2 3 16 O 20
1565 1564 2 14 76 M 10
1564 1518 2 14 76 O 10
1518 1563 2 14 77 M 10
1563 3248 2 6 0 C 0
3248 1562 2 10 0 C 0
1551 1550 2 27 146 M 30
1550 1549 2 9 48 O 10
1902 1564 1 28 153 M 30
2113 2010 1 26 140 O 20
2010 2078 1 26 144 O 20
2078 1726 1 26 143 O 30
1726 2114 1 26 142 M 30
2114 2105 1 32 174 O 20
2105 2115 1 32 174 O 20
2115 2116 1 4 22 M 10
2947 202 2 3 15 M 20
202 2151 2 9 50 O 10
2151 2112 2 32 174 O 30
2112 3308 2 13 71 O 10
3308 3303 2 6 31 O 30
3303 2221 2 14 73 O 10
2150 2111 2 32 174 O 30
2111 2220 2 32 175 M 20
2220 3302 2 12 64 O 20
3302 985 2 15 78 O 10
3614 3615 1 31 170 O 30
3617 3614 1 9 45 O 10
3901 3347 1 22 122 O 20
3347 3921 1 26 142 M 10
3628 4107 1 3 16 O 20
3654 3621 1 54 298 O 20
3630 3631 1 34 188 O 10
2311 2310 1 16 87 O 20
2310 2309 1 17 93 M 30
2309 3633 1 14 74 O 20
3633 2308 1 6 33 O 30
2308 2290 1 8 44 M 10
2912 2697 1 8 44 M 10
4104 3622 1 20 109 O 20
3620 3927 1 44 242 O 10
3927 2625 1 14 73 O 10
3629 3628 1 10 50 O 20
3634 112 1 12 62 M 10
114 3047 1 153 0 C 0
2265 2273 2 2 10 O 20
1354 2747 2 10 52 O 30
3635 3636 1 13 72 O 20
3636 3637 1 15 82 M 30
1107 3051 1 22 120 M 30
3639 3638 2 5 25 O 10
3640 3639 2 7 37 M 20
3641 3640 2 26 143 O 20
3642 113 1 12 62 O 10
2659 2787 1 9 49 O 30
2311 417 2 5 24 O 20
2627 2620 1 39 214 M 20
3643 3644 2 6 32 O 30
3644 414 2 3 16 O 10
3645 3646 2 4 18 O 30
418 2366 2 8 41 O 20
3020 316 1 2 0 C 0
316 2429 1 10 0 C 0
2429 2629 1 9 0 C 0
2629 2630 1 11 0 C 0
2630 2631 1 18 0 C 0
2631 2632 1 16 0 C 0
2632 2569 1 15 0 C 0
2569 1360 1 8 0 C 0
3648 3012 1 14 73 O 30
3012 3013 1 8 40 O 10
2626 3010 1 20 110 O 10
2272 2261 1 26 143 M 30
3650 3001 1 7 39 O 10
3000 3001 1 11 58 O 30
3001 2985 1 48 263 O 10
3000 3650 1 12 67 M 10
3651 3013 1 9 50 O 10
3652 3651 1 13 72 O 10
2526 2291 2 16 83 O 10
2291 3632 2 14 77 O 10
2270 1263 1 17 91 O 20
1263 2565 1 12 65 M 10
2565 2520 2 51 279 O 30
2520 1240 2 12 66 O 20
1240 2564 2 13 71 M 20
2683 2682 1 35 190 M 30
2682 2652 1 35 189 O 30
3003 21 1 7 38 O 30
1361 3995 1 12 64 O 20
1090 2885 1 3 15 M 10
2885 2728 1 14 78 M 10
868 2274 1 15 81 O 10
3656 3657 1 14 75 O 20
3657 3658 1 6 29 M 30
3658 3659 1 7 37 O 30
3941 2999 1 13 69 O 10
3661 416 1 9 49 O 20
1086 3390 1 6 31 O 20
3390 4313 1 8 40 O 20
4313 1024 1 4 17 O 30
1024 1025 1 3 15 O 10
1025 157 1 8 41 O 30
1089 2716 1 14 76 O 30
415 413 1 14 76 O 10
2311 3630 1 70 386 O 10
3672 2993 1 4 19 M 30
3673 3674 1 20 111 M 20
109 2989 1 24 131 O 10
3608 3609 1 25 135 O 10
3609 3605 1 8 41 M 10
3605 3610 1 17 94 M 10
3610 2946 1 18 99 O 20
2992 3672 1 22 122 M 20
1779 3850 2 23 124 M 30
3850 1780 2 10 51 M 10
1780 3801 2 8 43 O 10
3801 1781 2 24 131 O 10
1781 4452 2 29 158 O 10
4452 3824 2 3 11 O 30
2023 2022 2 31 172 O 20
2320 4312 2 15 79 M 30
4312 4310 2 12 63 O 20
4310 2319 2 8 44 O 10
2319 3676 2 32 175 O 30
3677 2350 2 8 42 O 10
2350 1245 2 8 42 O 30
1245 2351 2 8 39 O 20
2351 1248 2 7 38 O 20
1248 2352 2 8 42 O 20
2352 2353 2 16 85 O 30
2353 1253 2 14 73 O 20
1253 2354 2 1 6 O 10
2354 2355 2 15 83 O 10
3677 3678 2 9 45 O 30
3678 3679 2 8 41 M 30
1545 968 1 3 12 O 30
973 1896 1 26 141 O 20
1896 1895 1 32 174 O 10
1895 1894 1 32 175 M 10
1894 1735 1 26 141 O 10
1735 1893 1 26 144 M 10
1893 3596 1 12 65 O 30
964 2199 1 26 141 O 10
2199 3802 1 24 130 O 10
3802 2108 1 9 44 M 30
2108 2147 1 32 174 O 30
2147 1733 1 26 142 O 10
1733 2082 1 26 144 O 10
2082 2015 1 26 144 O 30
3676 2815 2 16 84 O 20
2815 2579 2 15 82 O 20
2579 2880 2 15 80 O 20
2880 2694 2 16 85 O 30
2694 2557 2 15 80 M 10
2557 1203 2 3 14 M 10
1203 2920 2 13 68 M 20
2920 3686 2 16 85 O 30
3686 1204 2 13 67 O 20
1204 1205 2 3 15 O 10
2919 2556 2 15 82 M 20
2556 2693 2 15 80 O 20
2693 2879 2 16 85 O 30
2879 2578 2 15 80 O 20
2578 2814 2 15 82 O 20
2818 2774 2 32 173 O 10
2341 485 2 11 57 O 20
485 3792 2 9 48 O 30
3792 677 2 1 5 O 10
677 996 2 6 29 O 30
1977 1978 2 32 174 O 30
1978 4539 2 11 60 O 20
4539 4535 2 8 41 O 20
4535 4315 2 2 10 O 20
4315 993 2 6 30 M 30
2814 2318 1 15 83 O 30
3683 2318 2 15 80 M 20
3683 995 2 31 167 O 10
3048 3689 1 11 0 C 0
3863 3862 2 22 0 C 0
3861 3865 2 12 0 C 0
3865 3862 2 23 0 C 0
4291 1605 2 22 118 O 30
448 1477 1 8 0 C 0
446 448 1 25 134 M 10
2026 140 2 13 72 O 20
2026 457 1 17 94 O 10
457 454 1 15 80 O 30
454 456 1 15 80 O 10
272 462 1 8 42 O 10
2716 65 1 5 22 O 30
65 3707 1 13 70 M 30
3662 3663 1 10 50 O 20
2715 3355 1 9 47 O 20
3355 4337 1 7 35 O 20
4337 34 1 5 27 O 20
34 37 1 4 20 O 20
37 3655 1 2 7 O 10
3666 3667 1 4 22 O 20
1536 2231 2 14 78 O 10
2231 2213 2 15 78 O 20
2213 1908 2 14 77 O 10
1908 1991 2 14 76 O 20
1991 1747 2 14 76 M 20
1747 1956 2 13 71 O 30
1956 2249 2 13 70 M 20
2249 1875 2 13 70 O 20
1875 1497 2 13 70 M 30
1497 2090 2 14 77 O 30
2090 2183 2 15 78 O 10
2183 1943 2 15 79 O 20
1943 2113 2 15 79 O 20
2113 1466 2 15 79 O 10
3047 3048 1 36 0 C 0
3470 3621 1 26 143 O 30
3630 3470 1 23 126 M 30
2348 4282 1 7 0 C 0
4282 3694 1 5 0 C 0
3694 2568 1 4 0 C 0
2568 2276 1 15 0 C 0
2276 863 1 2 0 C 0
863 2275 1 14 0 C 0
2275 2707 1 17 0 C 0
2707 2428 1 18 0 C 0
2428 2706 1 20 0 C 0
2706 2705 1 3 0 C 0
2705 2704 1 17 0 C 0
2704 2277 1 16 88 O 10
2277 3102 1 9 49 M 10
3102 2371 1 6 31 O 20
2371 2538 1 15 81 M 30
2538 2703 1 15 79 O 30
2703 3635 1 3 11 O 10
3635 2702 1 13 71 O 20
579 115 1 4 0 C 0
3017 3018 1 55 300 O 10
120 2984 1 66 364 O 30
2986 2987 1 224 1242 O 10
422 708 1 18 98 O 20
149 709 1 5 28 O 30
709 3476 1 11 57 O 20
4609 4481 1 139 0 C 0
704 705 1 7 0 C 0
1397 3475 1 48 0 C 0
420 421 1 4 20 O 30
709 4604 1 8 42 O 20
707 2241 1 17 92 O 10
2242 423 1 6 30 O 30
707 711 1 10 50 O 10
1651 1961 1 32 173 O 10
1961 1960 1 32 174 O 30
1960 1959 1 32 174 O 30
1959 1720 1 26 142 O 30
1720 1958 1 26 144 O 10
1958 1957 1 26 143 O 30
1957 1956 1 26 140 M 10
1956 3577 1 31 170 M 20
1142 2586 1 16 0 C 0
2586 2587 1 17 0 C 0
2397 2398 1 7 0 C 0
2660 3932 1 10 51 M 30
787 3990 1 13 69 O 10
815 816 2 2 7 O 20
816 821 2 3 12 O 20
821 823 2 2 6 O 10
823 824 2 3 12 O 10
824 825 2 2 6 M 30
825 826 2 3 12 O 30
826 827 2 2 6 M 10
827 832 2 3 12 O 20
832 3992 2 1 5 O 10
3992 1172 2 1 4 O 20
1172 835 2 2 10 M 30
835 836 2 2 7 O 10
858 815 2 22 118 M 30
823 795 2 18 98 M 10
771 769 2 21 113 O 10
796 793 2 19 104 M 30
470 467 2 14 74 O 10
767 770 2 22 119 O 20
760 756 2 22 118 O 20
860 826 2 19 101 M 20
774 772 2 21 114 O 20
791 813 1 20 110 M 20
746 749 2 21 116 O 10
859 832 2 17 91 O 20
753 750 2 22 117 O 30
751 747 2 22 121 M 20
789 786 2 20 107 O 30
790 792 2 19 105 M 10
761 758 2 22 120 O 30
755 752 2 22 120 O 10
745 742 2 21 114 O 20
797 825 2 17 92 O 30
861 821 2 22 118 M 10
748 743 2 23 123 M 10
862 824 2 21 112 O 30
850 844 2 19 100 O 20
775 773 2 21 112 O 10
780 777 2 20 110 O 30
766 762 2 22 122 O 10
838 833 2 19 100 O 10
794 816 2 19 104 O 30
768 764 2 21 115 O 30
840 843 2 19 100 O 10
857 835 2 15 81 O 30
818 830 2 4 20 M 20
830 837 2 4 18 M 10
837 841 2 4 18 O 20
841 847 2 3 12 O 30
842 839 2 4 18 M 30
839 831 2 4 18 M 10
831 820 2 4 18 O 20
820 1010 2 4 19 O 10
1010 805 2 4 17 O 20
805 787 2 19 102 M 30
787 779 2 5 27 O 10
779 774 2 4 20 O 30
774 770 2 4 18 O 30
770 766 2 4 18 M 30
766 761 2 4 19 O 30
761 757 2 4 18 M 20
757 753 2 4 19 O 20
753 749 2 4 18 O 10
749 745 2 4 18 O 30
745 741 2 4 19 O 30
741 736 2 4 0 C 0
736 734 2 4 0 C 0
734 732 2 4 0 C 0
732 730 2 4 0 C 0
730 728 2 4 0 C 0
812 803 2 5 23 M 10
803 799 2 4 21 O 10
799 793 2 9 46 O 30
793 790 2 4 19 O 20
790 786 2 4 18 O 10
786 781 2 4 19 M 20
781 777 2 4 20 O 20
777 773 2 4 18 O 30
773 769 2 4 18 O 30
769 764 2 4 18 M 20
764 759 2 4 18 O 20
759 756 2 4 19 M 20
756 752 2 4 18 M 30
752 747 2 4 19 M 20
747 743 2 4 18 O 20
743 739 2 3 0 C 0
739 738 2 1 0 C 0
471 806 1 3 14 O 30
806 782 1 24 129 M 10
855 848 2 8 41 O 20
810 820 2 26 143 O 20
820 830 2 21 114 O 30
738 736 2 5 0 C 0
828 839 2 27 146 M 20
839 841 2 21 114 O 30
814 809 2 21 113 O 20
809 803 2 19 104 O 20
784 808 1 23 123 O 30
799 801 2 19 104 O 10
801 807 2 21 113 M 30
827 804 2 13 69 O 30
788 811 1 22 118 M 10
837 831 2 21 114 O 30
831 817 2 27 145 O 30
785 781 2 20 108 O 30
781 779 2 5 25 M 20
779 776 2 20 107 O 20
763 759 2 21 117 M 10
759 757 2 5 26 O 10
757 754 2 22 119 M 30
3992 3993 2 1 5 O 30
3993 829 2 3 14 O 20
829 822 2 19 101 O 30
822 819 2 3 13 O 20
819 818 2 3 14 O 20
818 812 2 17 90 M 20
812 1010 2 5 24 M 10
1010 802 2 26 142 M 10
3050 819 1 28 154 O 30
1102 727 1 22 0 C 0
864 3692 1 4 0 C 0
2698 997 1 49 271 O 20
868 3670 1 61 334 O 20
1005 2818 2 26 140 M 10
2117 2118 2 35 189 O 30
2118 323 2 32 174 O 30
323 455 2 31 170 O 10
928 1590 1 28 154 O 30
1590 1949 1 46 251 O 30
1949 1948 1 9 48 O 10
1948 1947 1 32 174 M 20
1947 1946 1 32 174 O 10
1946 1725 1 26 142 O 30
1725 1945 1 26 144 M 30
1945 1944 1 26 144 O 30
1944 1943 1 26 140 O 30
1943 4119 1 35 193 O 30
4119 3587 1 10 50 O 10
1951 1950 1 35 189 M 30
1950 925 1 34 186 O 30
909 2244 2 34 185 M 20
2244 610 2 12 65 O 30
610 2208 2 23 124 O 20
2208 4243 2 7 38 O 20
1490 2197 2 14 74 O 10
3463 3754 2 3 17 O 10
3754 56 2 7 39 O 30
56 2219 2 8 42 O 30
2219 2192 2 15 82 M 10
2192 2023 2 16 84 O 30
1883 1882 1 35 190 O 10
1882 911 1 34 188 O 10
1001 3791 2 7 33 O 20
3791 2405 2 20 106 O 30
919 1588 1 29 156 O 30
1588 2094 1 46 251 O 10
2094 2093 1 19 100 O 10
2093 2092 1 32 174 O 30
2092 2091 1 32 174 M 10
2091 1723 1 26 141 M 30
1723 2076 1 26 144 O 10
2076 2008 1 26 143 O 30
2008 2090 1 26 140 O 20
2090 3579 1 40 218 O 20
1527 1580 2 16 85 O 10
1580 1581 2 15 79 O 30
1581 1582 2 15 79 O 10
1582 1583 2 15 79 O 30
1583 1584 2 15 79 O 30
1584 1585 2 15 79 O 30
887 2232 1 34 186 O 20
2748 1137 1 8 41 M 20
1137 2271 1 4 22 O 20
947 953 1 19 100 M 20
953 955 1 9 46 M 10
955 3288 1 3 13 O 10
3288 956 1 7 35 O 30
3616 1008 1 14 73 M 30
366 2737 1 12 61 O 30
940 3408 1 2 8 O 10
3408 943 1 6 29 O 10
943 357 1 13 72 O 10
357 947 1 3 14 M 30
3615 3921 1 9 45 M 30
3921 3618 1 15 79 O 20
1006 1002 1 17 91 O 20
1002 1335 1 28 152 M 10
986 994 1 28 154 O 20
994 999 1 18 96 O 10
999 1004 1 13 68 O 10
914 1506 1 35 189 O 30
1506 1507 2 35 189 O 30
1507 1508 2 32 174 M 10
2193 943 1 34 186 M 30
2195 457 2 3 14 O 10
457 4610 2 10 51 O 30
4610 1764 2 26 139 O 30
2191 3584 2 54 298 M 10
357 356 1 3 15 M 20
2240 2209 2 35 191 M 30
1473 934 1 34 186 O 20
1476 456 2 3 0 C 0
456 1475 2 31 171 O 10
1475 1474 2 32 173 O 20
2164 2163 1 16 83 O 10
2163 56 1 12 64 O 20
2952 261 1 72 396 O 20
1829 1850 2 16 84 O 10
1850 1849 2 15 78 O 30
1849 1848 2 15 79 O 30
1848 1847 2 15 79 O 20
1847 1846 2 15 79 O 30
1846 1492 2 15 79 O 10
1492 322 2 8 40 M 30
1528 1451 1 13 69 O 20
892 894 1 3 12 O 30
920 3410 1 4 17 O 10
3410 2185 1 31 168 O 10
2185 2186 2 35 189 O 10
2186 1761 2 32 173 O 20
4063 2791 2 14 76 O 10
2791 2514 2 15 81 O 20
2514 2807 2 15 79 O 20
2807 2808 2 15 78 M 20
2808 2809 2 15 78 O 10
2809 2688 2 15 79 O 10
2688 2810 2 15 79 O 20
2810 2485 2 15 80 O 10
2485 3834 2 15 81 O 10
3834 3831 2 4 20 O 20
1528 1529 1 33 178 O 10
1529 1530 1 32 173 O 10
1530 1531 1 32 174 O 30
1531 1532 1 32 174 O 20
1532 1533 1 26 142 O 20
1533 1534 1 26 143 O 10
1534 1535 1 26 143 O 20
1535 1536 1 26 140 O 20
1536 4139 1 17 93 O 10
4139 3573 1 7 38 O 30
884 885 2 3 14 M 10
877 880 1 11 59 O 30
941 939 1 9 47 O 30
969 3062 1 7 35 O 10
1002 1003 1 11 56 O 20
931 935 1 10 53 M 20
906 902 1 11 56 O 20
912 910 1 9 50 O 30
989 994 1 10 53 M 10
980 977 1 9 46 M 10
917 921 1 10 51 M 20
982 981 1 9 48 O 30
971 972 1 9 47 O 30
881 879 1 10 50 M 20
898 897 1 9 47 O 20
927 926 1 10 54 O 10
899 901 1 10 51 M 10
938 940 1 9 50 M 10
893 895 1 9 48 M 10
890 888 1 10 55 O 30
922 925 1 10 53 O 10
987 988 1 9 48 O 20
876 875 1 9 50 O 30
954 955 1 9 49 O 20
923 918 1 11 58 O 30
999 998 1 9 46 O 10
975 974 1 10 50 O 20
966 965 1 10 53 O 20
997 2912 1 5 23 M 20
951 945 2 6 0 C 0
945 2349 2 4 0 C 0
4280 2349 2 15 0 C 0
2912 2913 2 15 78 O 10
2913 3701 2 21 115 O 30
3701 3994 2 6 31 O 20
1000 2318 2 31 170 O 30
2318 3682 2 11 58 O 10
1009 2900 1 12 67 O 10
2505 2527 2 19 0 C 0
1016 1015 2 8 44 O 20
3963 1012 2 16 85 M 10
1012 1014 2 10 51 O 30
1014 1013 1 12 62 O 20
1019 1018 1 10 50 O 10
3003 1018 1 12 66 O 30
1018 1017 1 5 24 M 30
2974 2975 1 28 150 O 20
2964 2965 1 9 45 O 10
2973 2974 1 9 45 O 20
2966 2967 1 145 0 C 0
1022 1023 2 15 83 O 30
1030 3958 2 6 32 O 20
3958 1031 2 5 27 O 20
1027 1026 2 11 59 M 10
1029 1028 2 11 59 O 20
1025 1026 1 14 77 O 20
1039 1038 2 8 44 O 10
1037 1040 2 6 31 O 20
1040 1041 2 2 9 M 10
1033 1036 2 14 76 O 20
1040 4212 2 9 46 M 10
4210 1038 2 9 45 O 30
1034 1035 2 8 43 O 10
2812 2505 2 6 0 C 0
2813 2527 2 14 0 C 0
3591 4221 1 11 59 O 10
3611 3612 1 12 66 M 20
3612 400 1 3 14 O 30
1043 4574 1 2 11 O 20
4574 3592 1 12 63 M 10
1042 3611 1 11 57 O 20
2949 3600 1 10 55 M 10
3461 573 1 2 8 O 30
573 3595 1 2 10 O 10
3595 3596 1 19 101 M 30
3596 1043 1 7 38 O 20
3600 3601 1 3 16 M 20
3592 3722 1 5 22 O 10
3722 3724 1 7 34 O 10
3724 3593 1 5 25 O 10
3593 4428 1 10 54 M 10
4428 4425 1 6 33 M 20
4425 3589 1 3 14 O 30
3589 3597 1 11 61 O 10
3597 2948 1 7 38 O 10
2948 204 1 15 78 M 30
204 2947 1 3 16 O 20
2947 1042 1 12 63 O 20
3471 2949 1 58 321 O 20
1541 1734 1 15 79 O 30
1540 1539 1 26 143 M 10
3655 2714 1 8 40 M 10
2714 4419 1 4 21 M 20
4419 4418 1 6 28 O 30
4418 4416 1 6 32 O 30
4416 2553 1 3 15 O 20
2553 2713 1 15 80 O 30
2755 4062 2 16 86 O 20
4062 2515 2 17 91 M 30
2515 526 2 10 50 O 30
526 4059 2 9 45 O 20
4059 4061 2 4 21 O 20
1778 495 1 14 75 M 10
495 1732 1 13 69 M 10
1377 32 2 2 0 C 0
32 1376 2 4 0 C 0
1541 1540 1 26 144 O 10
2755 3106 2 25 139 O 20
3106 2857 2 2 6 M 20
2857 2900 2 31 170 O 10
1732 438 1 22 121 O 20
438 1779 1 4 21 O 20
2664 2605 2 34 187 O 30
2085 2018 1 26 144 O 30
2018 0 1 4 22 O 30
0 2228 1 22 119 O 10
2400 3335 2 3 14 O 10
3335 2495 2 12 66 O 20
2495 2939 2 15 79 O 30
2939 3034 2 12 66 O 30
3034 2816 2 3 14 M 10
2816 2582 2 6 33 O 20
2582 2574 2 7 35 O 10
2574 3032 2 2 8 O 10
3032 2883 2 8 42 M 10
2883 3888 2 5 23 M 10
3888 529 2 3 16 O 30
529 2935 2 36 200 M 20
2935 2903 2 6 32 O 10
2903 292 2 9 47 O 30
292 2936 2 4 18 O 30
2936 2509 2 11 61 M 10
2509 528 2 8 40 M 10
528 2940 2 8 39 O 20
2940 2840 2 15 79 M 10
2840 2896 2 15 80 M 10
2896 2686 2 15 79 M 30
2686 2923 2 15 82 O 30
2400 576 1 5 26 O 10
576 2252 1 9 46 O 30
958 957 2 4 18 O 10
2021 2146 2 14 77 M 30
2146 386 2 8 44 O 20
386 1800 2 7 35 O 10
1800 1572 2 12 65 O 30
1572 429 2 3 14 M 30
429 4340 2 2 6 O 20
4340 430 2 3 13 O 30
430 435 2 4 21 O 30
435 1779 2 3 11 M 20
2080 2020 2 15 78 M 10
2228 1975 1 15 79 O 20
2252 2378 2 37 201 O 20
2378 3037 2 7 0 C 0
3037 3038 2 12 0 C 0
3038 2399 2 7 0 C 0
2399 3044 2 7 0 C 0
3044 2398 2 19 0 C 0
2398 1145 2 4 0 C 0
2021 2145 2 15 81 M 30
2145 1728 1 26 143 O 20
1728 2080 1 26 144 M 10
1391 2225 2 7 37 O 30
2225 2226 2 4 17 O 20
2226 1935 2 12 62 O 30
932 927 1 14 73 O 10
927 918 1 29 159 O 10
1391 2228 1 8 43 M 30
2080 2012 1 26 142 M 20
2012 1082 1 20 110 O 30
1082 2191 1 6 31 O 30
2228 1392 2 2 11 O 30
2085 1973 2 15 80 M 30
1973 2339 2 15 80 O 10
2339 2402 2 15 80 M 20
2402 2497 2 15 80 O 30
2497 2752 2 15 79 M 20
2752 2753 2 16 86 O 20
2753 2576 2 16 89 M 20
2576 3481 2 53 291 O 30
952 949 1 10 55 O 10
2479 2478 2 4 20 M 20
2478 1347 2 3 16 M 20
2828 2918 2 9 0 C 0
2829 2979 2 5 0 C 0
2918 315 2 12 0 C 0
315 2490 2 12 0 C 0
2490 4458 2 18 0 C 0
4458 2634 2 2 0 C 0
2307 2306 1 15 82 O 10
2306 3439 1 4 19 O 30
3439 2305 1 8 43 O 10
2305 2304 1 6 29 O 30
2304 2303 1 16 85 M 30
2619 2832 1 35 190 O 30
2832 2789 1 34 188 O 30
2307 2323 2 17 90 O 30
2323 2526 2 14 77 M 30
4555 2336 1 28 152 O 30
2336 2760 2 15 79 O 10
2760 2610 2 15 79 O 10
2610 2759 2 15 80 O 10
2759 2502 2 15 79 O 20
2367 3939 1 14 75 O 10
2788 2724 2 15 79 O 30
2781 2782 2 15 82 O 10
2782 2518 2 15 79 O 30
2518 2783 2 15 79 M 30
2783 2784 2 15 79 O 20
2784 2785 2 15 79 O 30
2785 2682 2 15 79 M 30
2682 3961 2 15 79 O 10
3961 3964 2 15 80 O 10
3006 3665 1 5 24 O 10
2355 1256 2 12 65 O 20
1256 1257 2 3 15 O 30
1257 1259 2 5 24 M 10
1259 2356 2 4 19 O 10
2356 3381 2 5 27 O 20
3381 3379 2 5 28 O 10
3379 2357 2 15 82 O 10
2357 1262 2 2 7 M 30
1262 3083 2 9 48 O 20
3083 1269 2 9 49 M 10
1269 1270 2 4 18 O 10
1270 2358 2 4 20 M 30
2358 1266 2 7 38 M 20
1266 2359 2 6 33 O 20
1221 4217 2 8 39 M 10
2355 3095 2 9 46 O 30
3095 1249 2 1 6 O 20
1249 1239 2 14 76 O 20
1239 2564 2 9 47 M 20
3959 3962 2 3 14 M 10
3962 2786 2 15 79 M 10
2786 2598 2 15 80 O 30
2598 2326 2 16 85 O 10
2326 2787 2 16 86 M 20
4107 2552 1 9 45 O 10
2921 3829 2 10 55 O 20
3829 2899 2 3 14 M 20
3014 4104 1 28 153 O 10
2781 3693 2 18 100 O 10
2873 1023 2 30 162 O 10
1023 2781 2 5 27 M 20
3567 1887 1 16 85 O 10
1887 3497 1 7 36 O 30
3568 3162 1 10 51 O 10
3162 3569 1 7 37 M 10
3569 3879 1 5 28 O 20
3879 3570 1 9 49 O 30
1366 597 2 4 20 M 10
597 2467 2 8 41 M 10
2467 1367 2 8 42 O 10
2264 1351 2 7 38 O 10
2589 2853 2 15 79 O 30
2853 2675 2 15 79 M 10
2675 2422 2 15 79 M 20
2422 2854 2 15 79 M 10
2854 2762 2 15 79 M 20
2762 2744 2 15 82 M 10
2589 2590 2 38 208 O 30
2590 2591 2 38 207 M 30
2591 2592 2 38 207 O 10
2592 2593 2 38 207 M 20
1357 3775 2 5 25 O 10
2744 1359 2 7 37 O 20
2744 2855 2 15 83 M 30
2642 2643 2 5 27 O 20
2643 2644 2 10 55 O 20
2644 211 2 10 51 O 30
211 2535 2 6 28 O 20
2535 2374 2 15 79 O 30
2453 2602 2 6 32 O 30
1369 2463 2 13 70 O 10
2463 2462 2 12 66 O 30
2462 2461 2 7 35 O 20
1046 1173 2 9 45 M 20
1173 1174 2 5 24 O 10
1174 1046 2 5 23 M 20
2453 2452 2 8 41 O 20
2668 2456 1 23 125 O 20
2456 291 2 7 36 O 20
291 2455 2 9 48 M 10
2455 3361 2 4 17 O 20
3361 3364 2 7 36 O 20
3364 2329 2 7 34 M 20
2329 4248 2 10 54 O 20
2668 2726 2 6 0 C 0
2726 2928 2 10 0 C 0
2928 2831 2 15 0 C 0
2831 2689 2 14 0 C 0
2689 2850 2 15 0 C 0
2850 2572 2 15 0 C 0
3604 1776 1 14 76 O 30
1776 4076 1 15 81 O 10
4076 3472 1 33 183 M 20
2946 3602 1 12 63 O 20
3603 3604 1 9 45 O 30
3602 1700 1 7 37 O 30
1700 476 1 4 20 O 20
476 4075 1 9 45 O 10
4075 3594 1 5 25 O 20
3594 3588 1 24 128 M 30
1650 639 1 6 28 O 10
639 1753 1 4 18 O 20
1753 1952 2 11 59 M 10
1652 946 2 3 12 O 30
268 1650 1 3 14 O 20
1585 1586 2 15 80 O 30
1586 1652 1 46 251 O 20
3841 1505 2 2 9 O 30
1505 1588 2 15 80 M 20
1588 1589 2 15 79 O 10
1589 1590 2 15 79 O 30
1590 1591 2 15 79 O 20
1591 1472 2 15 79 O 20
1472 1592 2 15 79 O 30
1592 1593 2 15 79 O 30
1593 1594 2 15 82 O 20
1760 1761 2 15 80 O 10
1761 1762 2 15 79 O 20
1762 323 2 15 79 O 10
323 1475 2 15 80 O 30
1475 1763 2 15 79 M 20
1763 1764 2 15 79 M 10
1838 3761 2 9 0 C 0
3761 1754 2 6 0 C 0
1754 1839 2 15 79 O 20
1839 1840 2 15 79 M 10
1840 1841 2 15 83 O 20
1841 1842 2 16 84 M 30
1842 1843 2 15 79 O 10
1843 1844 2 15 79 O 10
1844 1811 2 15 79 O 20
3139 3478 1 11 57 O 10
3526 3877 1 5 26 O 30
3877 3878 1 13 69 O 30
1551 1298 2 20 108 M 10
1298 3052 2 29 159 O 20
3052 4483 2 3 12 O 30
1670 1056 2 6 32 O 10
1056 1064 2 10 55 O 20
1064 3793 2 2 7 O 10
3793 978 2 14 76 M 20
1549 1766 2 15 82 M 10
1766 1765 2 11 59 O 10
1547 3771 2 15 81 M 10
3771 1546 2 17 93 O 10
1546 3783 2 18 95 M 20
3783 3785 2 11 56 O 10
2227 2229 2 15 82 O 10
1547 3770 2 6 32 M 30
3770 2233 2 9 46 M 10
2233 4494 2 2 10 O 30
4494 1897 2 13 69 M 10
1897 4496 2 6 30 O 30
4496 3847 2 7 38 M 10
3847 2237 2 3 12 O 30
2237 4503 2 13 71 O 30
4503 2238 2 2 7 O 10
2238 461 2 6 28 M 10
1818 1556 1 21 0 C 0
985 3300 1 6 33 O 10
1566 4411 2 6 32 O 20
4411 4409 2 5 26 M 30
4409 3604 2 12 62 O 20
3604 3600 2 9 49 O 10
956 3286 1 8 44 O 20
3286 961 1 10 52 M 10
961 962 1 15 81 M 30
1542 1541 1 26 142 O 10
3588 3599 1 12 66 M 10
3601 3598 1 19 100 O 10
3598 3591 1 16 88 M 20
3599 3590 1 17 89 O 20
2235 1904 2 14 73 O 10
1904 361 2 2 8 O 20
361 2236 2 14 75 O 20
2236 1703 2 13 71 O 30
1703 1698 2 3 13 M 20
1698 1939 2 12 63 O 10
1939 1935 2 3 16 O 10
2149 1697 2 15 79 O 10
1697 4099 2 8 40 O 10
4099 3790 2 7 39 O 10
3790 2150 2 15 79 O 30
2150 2151 2 15 79 O 20
2151 1976 2 14 78 O 30
959 3856 1 10 52 O 30
3856 950 1 29 157 O 20
3588 1905 1 5 27 O 20
1905 2016 1 15 79 M 20
2016 1699 1 15 79 O 20
1699 1936 1 15 79 O 30
1936 1189 1 11 57 O 20
1189 2017 1 4 22 O 10
984 989 1 19 103 O 30
989 1188 1 1 3 O 30
1188 992 1 10 54 O 30
992 995 1 15 79 O 10
995 3313 1 6 29 O 30
3313 998 1 5 28 O 10
998 1000 1 5 23 O 30
1000 3312 1 4 18 O 20
3312 3309 1 9 46 O 20
956 3287 2 9 49 O 20
3287 3282 2 2 9 M 20
3282 3290 2 3 16 M 30
3290 1667 2 8 41 O 10
1667 1782 2 32 175 M 20
1782 1783 2 32 174 O 20
864 3060 2 4 0 C 0
461 4507 2 8 42 M 10
4507 2227 2 16 86 O 30
976 4501 2 3 16 O 30
4501 2223 2 23 125 M 10
2223 2110 2 32 174 O 20
2110 583 2 10 55 O 20
583 585 2 8 40 M 30
585 2149 2 15 79 O 30
1976 3611 2 5 25 O 20
3611 3606 2 36 195 M 30
3606 2498 2 4 20 O 10
2498 2805 2 15 80 O 30
2805 2806 2 15 81 O 20
2806 2577 2 14 77 O 10
2577 3896 2 15 81 O 20
3896 3480 2 2 8 M 10
3480 2695 2 16 86 O 30
2695 3482 2 11 58 O 30
4381 1671 2 29 158 M 20
4381 4380 2 15 79 O 30
4380 1054 2 8 40 O 10
1054 1670 2 8 43 O 10
976 973 1 15 82 O 20
973 972 1 8 41 O 10
972 3292 1 1 3 O 20
3292 970 1 7 36 O 30
970 968 1 15 78 M 30
1982 1981 1 26 143 O 30
1981 1980 1 26 140 O 20
1980 1979 1 33 178 O 20
1808 2139 2 8 41 O 10
1985 1984 1 32 173 O 10
1984 1983 1 32 173 O 10
1808 1809 1 32 174 O 30
1809 3197 1 31 169 O 10
3197 1810 1 1 5 O 10
1635 1811 1 32 174 M 10
1811 1812 1 32 174 M 20
1812 1813 1 32 174 O 20
2070 2045 2 15 83 M 20
2045 3716 2 14 75 O 10
3716 2071 2 1 5 O 20
2071 1982 2 15 78 O 10
1982 1807 2 15 80 O 20
1807 1170 2 9 48 O 30
356 3753 1 7 35 O 10
351 3854 2 5 27 O 30
3854 349 2 13 69 M 10
4556 3796 1 3 16 O 20
3796 942 1 7 35 O 10
942 939 1 8 40 O 30
939 936 1 8 39 O 30
936 933 1 15 79 O 10
2997 2271 1 16 85 O 30
2271 104 1 151 839 M 20
3015 3016 1 42 230 O 20
2998 3652 1 34 186 O 30
1355 2702 2 7 35 O 10
2702 3647 1 8 40 M 10
3647 2283 1 8 41 O 20
2283 2701 1 15 83 M 20
2701 2426 1 15 83 M 30
2426 2678 1 15 81 O 20
2678 2700 1 15 82 M 20
2700 2593 1 15 83 O 30
2593 3103 1 24 131 O 10
3103 3104 1 32 172 M 30
3104 2699 1 19 105 M 10
3840 914 1 2 9 M 10
914 916 1 15 80 M 10
916 917 1 3 12 M 10
917 3412 1 6 30 O 30
3412 920 1 7 37 O 10
920 925 1 15 79 M 30
925 42 1 9 47 O 10
42 929 1 6 32 O 20
908 907 2 2 11 O 20
908 906 1 7 34 O 20
906 3427 1 6 28 O 20
3427 903 1 4 17 M 10
903 900 1 14 78 O 10
900 3807 1 7 38 O 20
3807 897 1 3 12 O 30
897 896 1 6 30 M 20
896 894 1 14 78 M 20
2194 2209 2 15 80 O 20
2209 1474 2 15 79 O 20
1474 2118 2 15 80 O 10
2118 1951 2 15 79 O 30
1951 2186 2 15 79 O 30
2186 2096 2 15 79 M 30
2096 1507 2 15 79 O 30
1507 1883 2 15 79 O 20
367 661 2 1 5 M 10
661 4141 2 13 71 M 30
4141 3567 2 9 50 O 10
2028 2029 2 15 0 C 0
1976 1977 1 32 174 O 20
2030 3154 2 12 0 C 0
3154 1790 2 3 0 C 0
1790 2031 2 14 0 C 0
2031 2032 2 16 0 C 0
2032 1394 2 5 0 C 0
1394 2033 2 5 0 C 0
2033 4588 2 3 0 C 0
2034 1757 2 15 0 C 0
1757 2035 2 15 0 C 0
2035 1693 2 7 34 O 20
1874 1793 2 15 0 C 0
2030 2029 2 15 0 C 0
2157 1494 2 14 0 C 0
1494 1925 2 16 0 C 0
1925 1934 2 16 84 M 20
1934 1962 2 8 42 M 20
1962 2055 2 8 41 O 10
2055 2049 2 7 38 O 10
2049 1969 2 9 47 O 10
1969 1970 2 6 32 O 10
1970 2060 2 10 50 O 30
2060 2061 2 6 29 O 10
2061 608 2 5 24 O 10
608 1830 2 10 53 O 20
4225 4482 1 16 0 C 0
1528 2158 2 14 77 O 20
2158 2159 2 3 13 O 30
2159 2160 2 12 66 O 20
2160 2161 2 3 16 M 10
2161 1914 2 15 82 O 30
1914 1988 2 11 61 M 20
1988 1997 2 4 19 M 30
1997 642 2 10 50 M 10
642 1745 2 2 10 O 30
1745 640 2 2 11 O 30
640 1753 2 2 10 O 20
2027 2955 1 2 0 C 0
1830 1837 2 15 80 O 20
1837 2067 2 15 82 O 10
2067 1665 2 15 81 M 30
1665 3977 2 6 30 O 20
3977 1464 2 10 52 O 10
1464 1452 2 15 82 M 30
1452 1528 2 14 76 O 20
1387 1388 2 89 0 C 0
3933 2618 1 35 189 M 30
2618 3934 1 35 0 C 0
2834 2833 1 9 0 C 0
2833 2637 1 13 0 C 0
2637 2729 1 7 36 O 20
2729 2619 1 8 39 M 30
2415 509 1 3 15 O 30
509 2619 1 11 59 O 30
3964 2486 1 34 189 O 20
2968 2969 1 17 0 C 0
2971 2972 1 146 0 C 0
409 2968 1 24 0 C 0
410 411 1 24 0 C 0
2216 3756 2 17 94 O 10
3756 889 2 17 90 O 30
1774 3867 2 2 0 C 0
3867 3200 2 14 0 C 0
3200 1775 2 2 0 C 0
2133 1523 2 10 0 C 0
1523 2134 2 8 0 C 0
2134 2043 2 9 46 O 20
2043 2135 2 12 64 O 10
1443 1536 2 14 78 O 20
1448 1449 1 32 174 O 20
1449 1450 1 32 174 O 30
1450 1451 1 32 173 M 20
1451 1452 1 6 29 O 30
1452 1453 1 46 250 O 20
1453 882 1 28 155 O 20
1524 1525 2 26 0 C 0
4294 4293 2 9 48 O 10
1476 2206 1 15 81 O 20
2206 2195 1 15 80 M 20
2026 354 1 11 56 O 20
1063 1062 2 5 23 O 30
1062 1061 2 5 26 O 20
1061 1060 2 4 18 M 20
1060 1059 2 4 20 O 10
1059 1057 2 4 22 O 20
1057 1055 2 4 19 O 10
1055 1058 2 5 25 O 10
1058 1056 2 5 24 O 30
1060 1067 2 12 62 O 30
1057 1065 2 12 62 O 20
1058 617 2 9 44 O 20
617 1055 2 11 60 O 30
1066 1059 2 12 62 O 20
1059 4380 2 5 24 O 30
1053 1051 2 18 100 O 30
1053 1054 2 4 22 O 30
1061 615 2 11 61 O 10
615 1062 2 8 44 O 30
1051 1052 2 16 85 O 20
1052 1053 2 4 22 O 20
1064 616 2 6 29 O 20
616 1065 2 6 32 M 10
1065 1066 2 4 22 O 30
1066 1067 2 4 19 O 10
1067 614 2 6 31 M 20
614 1068 2 6 28 O 20
2139 407 2 6 32 O 30
407 1070 2 2 10 O 20
1070 1488 2 14 75 M 20
1488 1921 2 15 79 M 10
1921 1931 2 15 79 M 30
1931 2052 2 15 79 O 10
2052 1966 2 15 79 O 30
1966 2058 2 14 78 O 20
2058 1826 2 16 84 O 20
1713 1834 1 26 143 O 20
1834 1835 1 63 348 M 10
1835 1643 1 32 175 O 30
1643 1836 1 31 172 M 30
1836 1837 1 25 137 O 20
1837 1577 1 45 246 O 10
2250 1073 2 7 34 M 30
1073 1805 2 8 41 O 30
1805 1980 2 15 79 O 10
1980 2152 2 15 79 O 20
2152 2044 2 15 79 O 20
2044 1524 2 16 84 O 10
2165 1788 1 15 0 C 0
1788 2166 1 14 0 C 0
2166 451 1 15 0 C 0
1780 396 2 32 173 M 30
396 3800 2 45 247 O 20
3800 1781 2 13 68 O 30
2038 2039 1 18 96 O 30
1082 1081 2 9 48 O 10
2532 2533 2 20 110 O 10
2533 2534 2 18 96 O 10
2534 2535 2 38 208 O 10
2535 2536 2 38 207 O 30
2536 2537 2 38 207 M 30
2537 2538 2 19 101 O 10
1085 2718 2 4 20 M 10
1084 2614 2 4 0 C 0
2708 3705 1 22 117 O 20
1091 1090 1 6 33 O 30
1090 1363 1 11 57 O 10
1097 1096 1 15 83 M 30
1096 1095 1 16 86 O 20
1517 1518 1 33 179 M 20
1518 1519 1 28 154 O 30
1517 1786 1 14 76 M 20
1786 1273 1 10 53 M 20
2315 2819 1 28 155 O 20
2819 286 1 27 148 M 30
286 2455 1 11 58 O 30
1104 1159 1 22 118 O 10
1108 371 2 27 149 M 20
371 373 2 6 29 M 20
373 1107 2 26 144 M 20
1107 1138 2 11 61 O 20
3103 1106 1 23 124 M 30
2258 3253 1 28 0 C 0
3253 2441 1 5 0 C 0
1771 1772 2 15 0 C 0
2397 1144 2 3 0 C 0
1144 2396 2 9 0 C 0
2396 2395 2 26 0 C 0
1134 1125 2 12 62 O 10
1125 1124 2 2 10 O 20
1124 1122 2 3 12 M 20
1122 1114 2 19 103 O 30
1148 1124 2 9 45 O 10
1124 1123 2 4 18 M 10
1123 1121 2 4 18 O 20
1121 1120 2 4 17 O 10
1120 1119 2 4 19 M 20
1119 1118 2 3 15 O 10
1112 1123 2 22 120 O 20
1123 1133 2 14 75 O 10
1131 1120 2 15 78 M 30
1120 1115 2 17 90 O 10
1132 1121 2 14 76 O 30
1121 1113 2 20 107 O 30
1117 1151 2 5 27 O 10
1151 1110 2 13 69 O 10
1110 1111 2 5 24 O 30
1153 1128 2 17 92 M 20
1128 1156 2 13 71 O 10
3974 1130 2 32 174 M 30
1157 3973 2 30 164 O 20
450 2176 1 15 0 C 0
1596 450 1 3 0 C 0
2190 1596 1 26 0 C 0
2134 2190 1 15 0 C 0
2262 2263 1 38 207 O 30
2263 2264 1 33 180 O 30
2122 1917 1 37 0 C 0
1796 1795 1 14 0 C 0
1795 1427 1 26 0 C 0
1427 1681 1 39 0 C 0
1681 1794 1 32 0 C 0
1794 1617 1 39 0 C 0
3051 1138 1 12 66 O 10
1129 1118 2 16 84 M 10
1118 1117 2 12 62 O 20
2599 2600 1 35 189 O 10
3937 3938 1 34 189 M 10
3938 2326 1 35 190 M 10
2667 565 1 16 87 O 20
565 567 1 7 34 M 10
567 2616 1 13 68 M 10
2935 2902 1 14 72 O 30
2902 2934 1 14 76 M 30
2934 2257 1 15 0 C 0
2257 2383 1 36 0 C 0
2383 4251 1 8 0 C 0
2460 2831 1 36 199 O 30
2300 2301 1 26 139 M 30
2294 2295 2 13 68 O 10
3447 2767 2 5 27 O 20
2767 2751 2 14 78 O 30
2751 2775 2 15 82 O 20
2775 2531 2 15 79 O 20
2766 3236 1 21 113 O 10
3236 2733 1 17 94 O 10
2478 2767 1 10 51 O 30
2733 2767 1 38 208 O 30
2326 2658 1 16 83 O 20
2598 2599 1 34 189 O 30
2130 1817 1 15 0 C 0
1942 2131 1 35 0 C 0
1730 2081 1 26 144 O 20
2081 2014 1 26 143 O 20
2248 1622 1 17 93 O 10
2014 2248 1 26 140 M 20
1741 1742 1 15 78 M 10
1742 1743 1 15 81 O 10
1520 1740 1 15 83 O 10
1740 1741 1 15 79 O 20
1739 1520 1 15 83 M 20
1936 3126 2 13 68 O 20
3126 3133 2 5 28 O 10
3133 1937 2 9 49 O 20
1672 1673 1 15 0 C 0
1673 1674 1 15 0 C 0
1702 1701 1 45 0 C 0
1842 1632 1 32 173 M 10
2042 1842 1 32 174 O 20
1754 1755 1 32 0 C 0
2370 2369 1 38 207 O 20
2369 2368 1 38 0 C 0
3584 3549 2 4 19 O 10
3549 3401 2 8 43 O 30
3401 2041 2 13 71 O 10
2041 1426 2 19 0 C 0
1426 2131 2 5 0 C 0
1972 1973 1 26 144 O 20
1973 1744 1 26 142 O 20
1696 1737 1 15 80 O 20
1446 1533 1 14 78 M 20
1725 1726 1 15 79 O 10
1714 1661 1 15 80 M 20
1735 1736 1 15 79 M 10
1708 1709 1 15 79 O 30
1721 1722 1 13 71 O 30
1571 1732 1 12 65 O 10
1533 1715 1 14 77 O 30
1069 3597 1 7 37 O 10
1718 1719 1 14 77 M 30
1726 1469 1 15 79 O 10
1732 1733 1 15 79 O 10
1728 1729 1 15 80 O 10
1661 1459 1 15 79 M 20
1717 1718 1 14 76 O 10
1716 1717 1 15 78 O 30
1724 1725 1 15 79 O 10
1713 1714 1 15 80 M 30
1737 1069 1 3 15 M 10
1723 1724 1 15 78 M 10
1727 1728 1 15 78 M 30
1487 1707 1 15 79 M 20
1736 3725 1 12 62 M 30
3725 1696 1 4 18 O 20
1709 1710 1 15 79 O 30
1722 1500 1 13 70 O 30
1715 1716 1 15 78 O 30
1719 1720 1 13 71 M 20
1469 1727 1 15 80 O 30
1711 1712 1 15 83 O 30
1459 1446 1 15 79 O 30
1710 183 1 6 28 M 10
183 1711 1 10 50 M 30
1500 1723 1 14 75 O 30
1734 1735 1 15 80 O 10
1707 1708 1 15 79 O 10
1720 1721 1 13 69 O 10
1731 1571 1 12 65 M 20
1712 1713 1 16 85 O 20
1729 1730 1 15 79 M 20
1730 1731 1 15 80 O 30
1656 1657 1 43 236 M 10
1900 1563 1 28 0 C 0
1563 1786 1 33 179 O 20
1917 1792 1 15 0 C 0
1792 1916 1 15 0 C 0
2044 2043 1 23 123 O 10
1799 1731 1 27 146 O 30
1731 66 1 17 94 M 10
66 1800 1 9 47 O 30
1798 1799 1 26 142 O 30
1797 4534 2 15 83 O 30
1797 494 2 6 30 O 30
494 1568 2 7 34 O 20
1568 3600 2 10 54 O 20
2851 2573 2 15 81 M 20
2573 2296 2 15 0 C 0
2296 2892 2 15 0 C 0
2892 2622 2 15 0 C 0
2622 2908 2 15 0 C 0
1854 2040 1 37 0 C 0
1984 1809 2 15 83 O 10
2100 405 2 1 2 O 20
405 1489 2 14 75 O 20
1809 1169 2 9 49 O 20
1145 1144 1 7 0 C 0
1701 1890 1 15 0 C 0
1890 1142 1 15 0 C 0
1143 1141 1 14 0 C 0
1141 1278 1 17 0 C 0
1938 1939 1 35 194 O 20
2448 4459 1 7 0 C 0
4459 2483 1 21 111 O 20
2483 2484 1 35 191 M 10
2484 2485 1 41 224 O 10
3893 3480 1 31 172 M 20
1092 2714 2 4 17 M 10
2892 2820 1 46 253 O 30
2820 2467 1 19 104 O 20
2529 2530 1 38 206 O 10
2530 2531 1 38 208 O 10
2509 2508 1 7 33 O 10
2512 2513 1 14 74 O 30
2513 2514 1 14 76 O 10
2508 2507 1 15 81 O 10
2507 2506 1 14 0 C 0
2506 2259 1 15 0 C 0
2509 2510 1 30 162 O 10
3111 2516 1 31 167 O 30
2510 2511 1 15 80 O 10
2511 2512 1 14 74 O 30
2514 2515 1 22 118 M 30
2515 3111 1 11 56 M 10
2573 2572 1 32 0 C 0
2507 2902 1 28 153 O 10
2838 2507 1 28 0 C 0
2902 530 1 33 181 M 20
530 2882 1 9 49 O 10
2444 2684 1 6 0 C 0
2684 2685 1 15 0 C 0
2685 2686 1 22 121 O 30
2686 2687 1 38 209 O 20
3938 3936 2 15 79 O 20
3936 2667 2 15 79 O 20
2667 2725 2 15 78 O 30
2725 3933 2 15 80 M 20
2577 3623 2 32 177 O 10
2256 2382 1 36 0 C 0
2882 2881 1 14 74 O 30
2382 2848 1 26 0 C 0
2848 2436 1 17 0 C 0
2881 2256 1 15 81 O 20
2832 2945 1 10 52 M 10
2760 2914 1 32 174 O 30
1425 2205 1 18 0 C 0
2187 2097 1 15 0 C 0
1511 1884 1 15 79 O 20
1884 2204 1 15 79 O 30
2204 1955 1 15 79 M 20
1955 1746 1 15 78 O 20
1746 1990 1 14 76 O 30
1990 1907 1 14 76 O 30
1907 2203 1 15 78 M 20
2203 2202 1 14 78 M 20
2202 1537 1 14 78 M 10
1537 1442 1 15 78 O 10
1442 1455 1 15 78 O 10
1455 1147 1 11 60 O 20
1106 3104 1 17 93 O 20
1564 1785 1 33 179 O 10
1149 1150 2 20 109 M 10
1150 4369 2 3 13 O 10
4369 3415 2 17 91 O 20
3415 4364 2 26 139 O 30
4364 4362 2 3 14 O 10
4362 3416 2 12 64 O 20
1151 3974 2 5 27 M 20
3974 1154 2 4 19 O 10
1154 3973 2 4 20 O 30
3973 1153 2 4 19 M 20
1153 1152 2 3 15 M 20
1149 3696 1 12 64 M 10
1155 1128 2 3 15 O 10
1158 1154 2 31 168 M 30
4594 3074 2 8 42 O 20
1165 3080 2 12 64 M 20
1164 3079 2 13 68 O 10
1162 3077 2 14 75 O 20
1163 3078 2 13 71 M 30
1166 3081 2 11 61 O 30
3075 1160 2 12 62 O 30
3082 3971 2 8 43 O 30
3971 1167 2 3 14 O 30
406 2072 2 2 8 M 30
2072 1486 2 14 74 O 20
1486 1920 2 15 79 O 10
1920 651 2 4 20 O 30
651 649 2 7 38 O 10
649 1930 2 4 22 O 20
1930 2051 2 15 79 O 20
2051 343 2 4 18 O 10
343 339 2 3 16 O 20
339 336 2 5 22 M 20
336 1965 2 5 23 O 30
1965 3741 2 9 50 O 20
3741 2057 2 6 28 O 20
2057 1825 2 16 84 O 20
1525 3152 1 7 34 M 10
3152 1999 1 10 51 M 30
1999 3813 1 13 70 O 20
3813 2000 1 2 10 M 10
2000 3810 1 7 37 M 30
3810 1981 1 8 42 M 20
1981 1806 1 15 79 O 10
1806 1168 1 8 42 M 10
1170 406 2 6 28 O 20
1168 404 1 6 31 M 20
1169 2100 2 6 32 O 20
1172 3993 2 1 2 O 30
3993 814 2 6 28 O 20
2830 2545 2 17 92 M 20
2545 2263 2 16 83 M 30
2263 2886 2 14 78 M 10
2886 2595 2 14 74 M 10
2595 2680 2 14 73 O 20
2680 2417 2 14 75 O 30
2417 2932 2 14 75 O 30
2932 2766 2 14 75 O 10
2766 2750 2 15 78 O 30
2750 2933 2 15 82 O 10
2933 2529 2 15 79 O 10
2529 2369 2 15 0 C 0
1183 1184 1 9 50 M 30
1182 1184 1 4 19 M 20
1184 1187 1 4 19 O 20
1178 1180 2 12 65 O 30
1180 1185 2 12 66 O 10
1181 1180 2 4 20 O 10
1180 1179 2 4 17 O 10
1179 1068 2 5 23 O 30
1177 1178 2 4 17 O 20
1178 1181 2 16 85 O 30
1181 1185 2 16 85 O 30
1185 1179 2 15 83 O 10
1179 1177 2 12 65 M 30
1192 1190 2 30 166 O 20
1205 1206 1 39 211 M 30
3681 1195 1 14 74 O 10
1195 439 1 13 71 M 30
1196 1194 1 18 98 M 30
1194 1197 1 17 89 O 10
3687 1204 1 29 157 M 20
439 1198 1 38 208 O 30
1203 1202 2 4 19 O 30
1202 1200 2 3 15 O 10
1200 1199 2 4 18 M 30
1200 1201 1 10 51 O 10
1201 1202 1 12 66 O 10
3686 1208 2 15 79 O 20
1208 3377 2 24 129 O 30
1208 1207 2 5 26 O 20
3962 1213 2 14 76 O 10
1259 1261 1 17 90 O 10
1261 1257 1 15 83 O 30
1224 1214 2 33 181 M 20
1229 1230 2 8 43 O 30
1233 1235 2 8 42 M 30
1252 1254 2 9 48 M 10
1216 1218 2 11 58 O 30
1244 1240 2 8 41 O 20
1232 4213 2 12 66 O 30
1226 1228 2 13 68 O 30
1222 4209 2 9 45 O 10
1249 1250 2 11 56 O 30
1248 1241 2 10 52 M 20
1215 1216 2 3 14 M 10
1216 1217 2 10 53 O 30
1239 1231 2 13 72 M 10
1256 1247 2 17 90 M 20
1243 1244 2 4 18 O 20
1244 1246 2 7 34 O 20
1258 1254 2 6 30 O 20
1254 1251 2 7 37 M 20
1245 1238 2 11 59 O 20
1242 1253 2 14 74 O 20
1237 1221 2 14 73 M 20
1219 1220 2 11 57 O 10
1262 1260 2 17 94 M 10
1255 2357 2 21 112 O 30
1225 1230 2 4 21 O 20
1230 1234 2 3 16 O 30
1266 1264 2 15 81 O 10
1263 1265 2 24 129 M 10
3008 1271 2 21 111 O 20
1268 1267 1 19 100 M 30
1270 1272 1 17 92 O 10
1272 1269 1 18 95 M 30
1278 1140 1 1 0 C 0
1140 1277 1 14 0 C 0
1277 1276 1 13 0 C 0
1276 1275 1 15 0 C 0
1275 1274 1 14 0 C 0
1281 1389 1 42 228 O 20
1286 1281 1 25 137 O 10
1287 1291 1 52 289 O 30
1889 2037 1 42 0 C 0
2037 2236 1 36 198 M 20
3546 1414 1 30 165 O 10
1414 2203 1 35 193 O 30
2203 1611 1 28 154 O 30
2322 1007 2 26 139 O 20
2320 3677 2 8 44 M 10
455 2119 2 3 0 C 0
2119 1294 2 30 0 C 0
1294 3113 2 7 0 C 0
3113 4223 2 8 0 C 0
4223 4222 2 3 0 C 0
1521 1522 1 63 346 O 20
2190 2133 2 11 0 C 0
1631 4570 2 18 96 O 20
4570 1841 2 15 78 O 20
1841 2087 2 32 174 O 30
1631 1297 1 32 177 O 20
1297 1521 1 63 345 O 20
2740 2413 2 12 61 O 30
2388 2740 2 12 65 O 10
2457 2456 2 7 38 O 10
3626 330 1 10 55 O 30
330 329 1 7 38 M 20
329 256 1 60 331 O 30
1299 1666 2 13 71 M 20
1612 1907 1 34 0 C 0
1907 187 1 33 179 M 20
187 3560 1 32 174 M 30
3864 3868 2 21 0 C 0
3868 3866 2 28 0 C 0
3866 1304 2 13 0 C 0
3863 1305 2 19 0 C 0
1304 1305 2 6 0 C 0
3011 3648 1 50 277 M 30
3016 3017 1 46 252 O 30
1999 2044 1 26 139 O 30
2229 4176 2 54 297 O 10
4176 1768 2 13 69 O 10
1768 1223 2 5 25 O 30
1223 4484 2 29 156 O 10
3618 3341 2 8 44 O 30
3341 3351 2 1 5 O 30
3351 3344 2 6 30 M 10
3344 3348 2 12 63 O 30
3348 3901 2 19 100 O 20
4217 1033 2 42 228 O 10
1033 4214 2 17 94 O 20
4214 3680 2 4 21 M 30
2580 2780 2 18 100 O 20
2780 2776 2 18 97 O 10
2776 2558 2 15 79 O 20
2558 2781 2 15 83 M 30
2659 2658 2 15 78 O 10
2658 2621 2 15 79 O 10
2621 2597 2 6 30 O 20
2597 2657 2 9 49 O 10
3004 3003 1 34 186 O 10
1312 3568 1 8 44 O 20
1385 2126 2 4 0 C 0
3525 625 1 3 15 O 30
625 627 1 3 15 O 30
627 621 1 3 15 M 20
621 3526 1 5 24 O 10
1313 3524 1 10 51 O 10
3524 3525 1 3 13 M 30
3568 1311 2 16 84 O 30
1311 1310 2 6 30 O 10
1310 1823 2 6 30 O 10
1315 1789 1 8 0 C 0
1789 1885 1 14 0 C 0
713 1011 1 3 13 M 20
1011 1599 1 14 0 C 0
3492 3503 1 40 0 C 0
1288 4591 1 2 0 C 0
1314 3491 1 9 0 C 0
1320 891 1 8 40 O 20
1319 885 1 14 75 O 30
1316 872 1 8 0 C 0
884 1320 1 23 124 M 10
1323 905 1 8 44 O 20
1324 907 1 12 65 O 30
869 1316 1 22 0 C 0
1318 884 1 9 46 O 30
885 879 1 25 134 O 30
879 876 1 10 50 O 20
872 874 1 19 0 C 0
874 877 1 12 66 M 20
877 1318 1 18 94 O 20
891 895 1 20 110 O 10
895 899 1 15 83 O 10
899 1323 1 15 79 O 10
907 902 1 16 89 O 10
902 898 1 14 73 M 10
898 892 1 28 154 O 10
1322 1830 2 6 31 O 30
870 869 2 3 0 C 0
871 870 2 3 0 C 0
1317 550 2 2 0 C 0
550 3392 2 1 0 C 0
3392 549 2 4 0 C 0
549 871 2 3 0 C 0
1830 1321 2 5 27 O 10
1321 1576 2 40 218 O 10
2195 2026 1 17 90 O 10
1328 3549 1 14 76 M 30
1327 3471 1 7 34 M 20
1400 4697 1 12 0 C 0
4697 1796 1 10 51 O 10
3471 1292 1 27 150 O 30
3068 921 1 27 150 M 20
921 922 1 9 45 O 10
922 930 1 24 131 M 20
1325 932 1 10 54 M 10
1326 948 1 11 56 O 30
949 941 1 29 159 O 10
941 1325 1 20 110 O 20
1329 957 1 9 48 O 30
1331 1545 1 12 62 O 20
1333 986 1 11 57 M 10
1330 963 1 7 35 O 30
1334 983 1 11 60 O 20
1332 979 1 10 50 O 10
960 958 1 9 47 O 10
1335 991 1 14 75 M 20
958 952 1 28 151 M 10
979 982 1 8 42 O 10
991 987 1 13 70 O 10
987 1334 1 6 31 O 10
983 977 1 28 151 O 20
977 971 1 29 159 O 20
971 1331 1 19 100 O 30
963 966 1 11 56 O 20
966 3062 1 33 183 O 30
3062 975 1 20 106 O 10
975 1332 1 14 77 M 30
948 954 1 18 96 O 30
954 1329 1 10 55 O 30
1545 960 1 23 127 O 10
957 1330 1 26 140 O 10
1336 2959 1 9 0 C 0
1341 2445 2 3 0 C 0
2445 1375 2 3 0 C 0
3834 2663 1 41 224 O 10
2663 2662 1 33 181 O 20
2662 3370 1 11 60 M 30
3370 2449 1 9 46 O 20
2446 1341 2 7 0 C 0
1338 4460 2 1 0 C 0
4460 1339 2 9 0 C 0
2447 1340 2 7 0 C 0
1337 2449 2 6 0 C 0
1340 2446 2 7 0 C 0
2449 1338 2 8 0 C 0
1339 2448 2 3 0 C 0
2448 2447 2 7 0 C 0
1342 2744 2 7 39 O 30
2743 1343 2 7 38 O 30
1344 2743 2 7 37 O 30
1345 1344 2 26 140 O 30
1343 1342 2 24 130 M 30
2279 4473 2 6 30 O 10
4473 1352 2 2 6 O 10
2472 4471 2 3 16 O 10
4471 3242 2 5 23 M 30
3242 2278 2 8 42 O 30
2480 1346 2 9 46 O 20
312 2481 2 8 39 O 30
1349 2476 2 6 33 M 10
311 3779 2 3 13 O 30
3779 2480 2 7 39 O 10
1351 2471 2 11 61 O 20
1348 2420 2 7 35 M 30
2481 311 2 7 36 O 20
2278 2264 2 14 72 O 30
1346 2479 2 6 31 O 10
2477 3969 2 6 32 O 20
2474 1350 2 5 26 O 10
1347 2477 2 8 42 M 20
4567 1353 2 6 32 O 10
310 2475 2 5 24 O 10
2475 2474 2 5 27 O 10
2420 2419 2 7 38 M 20
2419 1349 2 2 9 O 30
1350 2473 2 6 33 O 30
2473 2472 2 4 20 M 30
1353 2470 2 12 64 O 10
2747 1355 2 7 34 O 20
1358 2642 2 8 40 M 30
1359 1358 2 24 130 M 10
2271 3980 2 12 64 M 30
3980 2265 2 5 23 O 20
2273 1354 2 13 71 M 30
2642 1357 2 10 55 M 20
1356 3636 2 9 46 M 10
3636 2702 2 3 14 O 10
1360 2349 1 8 0 C 0
2457 4 2 19 106 O 30
4 2727 2 49 271 O 10
1363 1089 1 9 45 O 30
2552 3006 1 4 19 O 20
1374 2451 1 6 29 O 20
1362 2715 1 11 57 O 20
1364 2664 1 8 41 O 10
3654 3649 1 8 44 O 30
1373 2709 1 6 29 O 30
1368 206 2 4 17 O 20
206 2466 2 5 28 O 30
1365 2469 2 9 46 O 20
2469 3458 2 11 59 O 20
2470 1365 2 9 50 M 30
1372 6 2 5 23 O 20
6 14 2 5 25 M 30
14 2457 2 2 6 O 10
2468 1366 2 5 28 O 30
2452 3704 2 8 41 O 30
1367 2292 2 6 31 O 30
2466 2465 2 2 7 M 30
1371 2459 2 7 36 O 20
2461 1370 2 9 46 O 30
2459 4263 2 4 19 O 10
4263 2458 2 4 20 O 20
2458 1372 2 1 5 O 20
2465 2464 2 5 25 O 20
2292 2298 2 5 27 M 30
1370 2460 2 9 49 M 10
2460 1371 2 2 7 O 20
3254 1382 2 2 0 C 0
1375 2444 2 7 0 C 0
2441 1109 2 6 0 C 0
2443 1379 2 7 0 C 0
1377 33 2 5 0 C 0
33 2260 2 7 0 C 0
2442 2441 2 15 0 C 0
1379 1380 2 5 0 C 0
3257 3258 2 5 0 C 0
3258 1146 2 3 0 C 0
1146 3256 2 2 0 C 0
3256 4258 2 4 0 C 0
2260 1378 2 10 0 C 0
1378 2443 2 8 0 C 0
3255 1383 2 5 0 C 0
1380 2442 2 7 0 C 0
1383 2440 2 4 0 C 0
1381 4252 2 3 0 C 0
4252 4251 2 9 0 C 0
2436 3252 2 7 0 C 0
3252 3886 2 8 0 C 0
3886 3885 2 5 0 C 0
1109 2384 2 4 0 C 0
2384 1381 2 2 0 C 0
2439 2438 2 9 0 C 0
2440 2439 2 4 0 C 0
1604 1385 2 9 0 C 0
1384 1603 1 2 0 C 0
1386 1616 1 7 0 C 0
1388 1616 2 10 0 C 0
2930 1387 2 15 0 C 0
2717 3951 1 17 90 O 30
3951 2718 1 18 99 O 20
2718 2614 1 35 190 O 30
1282 1283 1 3 0 C 0
1389 1282 1 8 0 C 0
3491 1280 1 1 0 C 0
3665 3666 1 7 36 M 10
3659 3660 1 4 20 O 20
3649 2698 1 4 17 M 20
1390 3649 1 11 59 O 30
1705 445 2 15 0 C 0
1758 2125 2 14 0 C 0
2125 726 2 5 0 C 0
726 1705 2 11 0 C 0
1791 2122 2 15 0 C 0
2122 2123 2 15 0 C 0
2123 2124 2 15 0 C 0
2124 1758 2 15 0 C 0
1089 2715 2 4 17 O 10
1772 1773 2 15 0 C 0
1609 2202 1 23 124 O 20
2202 1413 1 35 193 O 30
1413 3561 1 31 169 O 10
3561 3575 1 3 16 M 10
3575 145 1 6 29 M 20
145 3213 1 10 52 M 20
3213 2231 1 10 51 O 20
1526 883 2 34 186 M 20
3462 1436 1 20 109 O 20
1425 1426 2 21 0 C 0
1429 1430 2 3 0 C 0
1430 1431 2 14 0 C 0
1400 1273 2 3 0 C 0
404 2001 1 2 10 O 30
2001 1485 1 14 76 M 30
1485 1919 1 15 80 O 10
1919 1929 1 15 79 O 30
1929 2002 1 15 79 O 20
2002 1964 1 15 79 O 10
1964 214 1 5 24 O 20
214 3436 1 4 20 O 30
3436 2003 1 6 33 O 20
2003 1824 1 16 84 O 10
4292 1439 2 6 0 C 0
1610 1611 2 3 0 C 0
1609 1610 2 13 0 C 0
1608 1609 2 11 56 O 20
1538 1608 2 5 28 M 30
1439 1440 2 17 0 C 0
1441 1538 2 16 85 M 30
1441 1442 1 12 63 O 20
1442 1411 1 35 193 O 30
1411 3562 1 32 175 M 20
3562 3571 1 3 14 O 20
3571 1443 1 24 128 M 30
1606 2062 2 24 130 O 10
2845 2038 2 27 0 C 0
2038 2226 2 35 189 O 30
2671 2846 1 15 0 C 0
2846 2845 1 17 0 C 0
1513 3025 2 2 7 O 20
3025 2400 2 14 73 O 30
1975 3027 1 7 38 M 10
2341 2405 2 15 78 O 10
2405 2818 2 15 79 O 20
2818 2322 2 15 81 O 30
3025 575 2 3 15 O 10
575 3024 2 3 12 O 20
3024 3023 2 5 23 M 10
3026 1392 1 6 30 O 10
3027 3965 1 8 39 O 20
1392 1391 1 8 43 M 30
3027 539 2 3 13 O 20
539 1513 2 6 29 O 10
2251 3023 1 2 9 O 20
3023 3675 1 16 85 O 20
3675 3026 1 9 50 O 30
2226 1189 1 26 140 M 20
2017 2225 1 26 140 O 10
3030 3029 2 15 83 M 10
3029 3028 2 6 31 O 20
3033 3034 2 21 112 O 30
3031 3032 2 25 136 O 20
3041 3040 2 6 31 M 20
1671 3684 2 15 80 M 20
3873 3874 2 3 0 C 0
3052 4186 2 17 93 O 30
4186 654 2 11 58 O 10
654 652 2 6 29 O 30
652 3053 2 5 25 O 30
3061 3324 2 5 27 M 20
3324 3328 2 5 25 O 30
3328 3327 2 9 46 M 30
3327 3325 2 5 25 O 30
3325 3326 2 5 27 O 20
1825 1833 2 16 87 O 30
1833 3167 2 3 16 O 10
3167 3165 2 4 18 M 20
3165 2064 2 8 44 O 30
2064 1660 2 15 80 O 20
1660 1458 2 15 78 O 10
1458 1445 2 15 78 O 30
1445 1534 2 14 78 O 30
1534 3204 2 10 52 O 30
3204 2073 2 5 25 M 10
2073 2074 2 15 78 O 30
2074 1910 2 14 78 O 30
1910 1993 2 14 76 O 20
1993 1749 2 14 76 M 30
1749 1958 2 13 70 O 20
1958 2075 2 13 70 O 30
2075 1877 2 13 70 O 30
1877 1499 2 13 70 O 10
1499 2076 2 14 76 O 30
2076 2077 2 15 78 O 20
2077 1945 2 15 79 O 30
1945 2078 2 15 79 M 10
2078 1468 2 15 80 O 30
1468 2079 2 15 79 O 30
2079 2080 2 15 80 O 30
2020 2081 2 15 79 O 10
2081 1799 2 15 80 M 30
1799 1570 2 12 65 O 10
1570 1778 2 12 66 O 30
3693 2943 2 5 22 M 20
2063 1831 2 15 78 M 10
1831 1823 2 16 87 M 30
1823 2056 2 16 84 O 20
2056 3435 2 6 32 M 10
3435 1963 2 9 46 O 30
1963 2050 2 15 79 M 10
2050 1928 2 15 79 O 30
1595 1075 2 5 0 C 0
1075 1074 2 7 0 C 0
1074 1567 2 6 0 C 0
2177 1595 2 3 0 C 0
2116 3463 2 12 67 O 10
3064 3063 1 11 61 O 30
3063 913 1 2 10 O 10
913 910 1 15 79 M 20
910 908 1 15 81 O 30
3066 3065 1 11 61 O 20
3065 912 1 8 40 O 30
912 1324 1 12 64 O 20
3067 3068 1 11 61 O 10
905 3067 1 31 169 M 30
1489 1922 1 15 79 O 20
1667 1668 2 15 79 O 30
1668 1546 2 15 82 O 30
1546 1669 2 28 155 O 30
3584 3474 1 15 81 O 10
3721 128 1 5 25 M 30
1892 283 2 4 17 O 30
1284 1287 1 2 9 O 30
1290 1284 1 2 9 M 10
1284 3506 1 1 5 O 20
3506 1404 1 25 135 O 20
1285 1290 1 2 10 O 20
1280 1289 1 3 0 C 0
1279 1280 1 3 0 C 0
1283 1288 1 3 0 C 0
1573 1574 2 15 0 C 0
1574 1575 2 15 0 C 0
1575 1576 2 15 0 C 0
1576 548 2 20 0 C 0
548 1317 2 1 0 C 0
4009 4046 2 72 398 O 30
2020 1729 1 26 144 M 30
1729 2021 1 26 143 O 30
1047 4585 2 10 54 O 20
4585 1893 2 5 25 O 20
1893 2083 2 15 79 O 10
2083 1540 2 15 80 O 30
1779 2147 2 15 81 M 10
2147 1542 2 15 79 M 20
3501 569 1 16 86 O 20
569 1918 1 22 121 O 20
1484 4531 1 12 62 O 30
4531 3500 1 29 160 O 10
1637 1846 1 32 173 O 20
1846 1924 1 32 174 O 20
1924 1925 1 24 132 O 20
1482 3069 2 2 7 O 10
3071 3074 2 5 27 M 20
3074 3075 2 4 19 O 30
3075 3076 2 4 19 O 10
3076 3077 2 4 19 O 20
3077 3078 2 4 17 M 10
3078 3079 2 4 20 O 30
3079 3080 2 4 18 M 30
3080 3081 2 4 20 O 20
3081 3082 2 4 19 O 30
3082 3072 2 3 15 O 20
3083 3084 2 15 82 M 10
3086 3087 2 9 48 O 10
3088 3087 2 6 31 O 20
3087 3089 2 7 35 M 20
3090 3091 2 6 29 O 20
3091 3093 2 5 22 O 30
3093 3092 2 4 19 M 10
3093 3094 2 10 50 O 30
3095 3096 2 6 33 O 20
3096 3097 2 7 39 O 20
2353 3098 2 11 56 O 20
3099 3100 2 12 65 M 10
699 697 1 8 0 C 0
3021 111 1 21 114 M 10
1280 1283 1 2 0 C 0
443 3491 1 3 0 C 0
3491 3504 1 29 161 M 10
3504 3533 1 42 228 M 10
3533 51 1 11 60 O 20
3503 1279 1 3 0 C 0
1434 1478 1 8 0 C 0
4591 1886 1 13 0 C 0
1886 1315 1 7 0 C 0
2416 2417 1 38 207 M 20
2417 2418 1 38 206 O 10
2418 2419 1 30 164 O 20
2594 2595 1 38 207 O 20
2595 2596 1 38 207 O 20
2850 2851 1 28 0 C 0
2851 2463 1 30 165 O 30
1796 1399 1 27 145 O 30
1399 1328 1 2 8 O 20
1292 1273 1 11 60 M 30
3585 4110 1 10 51 O 20
4110 3584 1 6 30 O 20
3550 3400 1 4 18 O 30
3400 3397 1 7 35 M 20
3397 3551 1 9 45 O 30
3539 3540 2 3 14 O 30
3539 3552 1 8 42 O 10
3540 3541 1 7 37 O 10
3551 3405 1 6 31 O 10
3405 3407 1 3 16 O 20
3407 3539 1 6 31 O 10
3541 3581 1 15 81 O 10
3581 3585 1 15 79 M 20
3587 3540 1 8 44 O 10
3587 3552 1 3 15 O 20
3582 3587 1 15 81 O 30
3553 3554 1 15 81 O 30
3554 3555 1 15 80 O 20
3555 3556 1 15 79 M 10
3552 3553 1 8 42 M 10
3580 3586 1 7 38 O 10
3557 3558 1 10 54 O 10
3558 3538 1 15 81 O 20
3538 368 1 10 50 O 30
3586 3574 1 8 40 O 30
3574 3579 1 15 81 O 10
3579 3582 1 14 77 O 20
3556 3734 1 6 29 M 10
3734 1419 1 32 173 O 10
1419 1884 1 18 99 O 10
3556 3557 1 5 27 M 30
3547 3583 1 14 76 O 10
3583 3576 1 14 77 O 20
3572 3563 1 3 17 O 10
3543 3572 1 15 78 O 20
3564 4586 1 9 45 O 30
3563 3564 1 15 78 O 20
3563 1410 1 32 175 O 20
1410 1455 1 35 194 O 30
1455 1454 1 6 33 O 10
3567 3568 2 3 16 O 20
3566 3567 1 16 87 O 20
1885 3492 2 3 0 C 0
3492 459 2 9 0 C 0
2891 2643 2 29 157 O 30
2891 2855 2 11 61 M 20
1693 1704 2 9 46 M 10
1704 1657 2 12 67 O 30
1602 2036 2 13 67 O 10
2036 1620 2 5 24 O 10
1620 1891 2 10 54 M 20
1891 1482 2 10 51 M 30
1691 1655 2 15 0 C 0
4569 2172 2 7 0 C 0
2172 2173 2 15 0 C 0
2173 1393 2 15 0 C 0
1393 1495 2 15 0 C 0
1495 1691 2 15 0 C 0
1693 47 1 15 82 O 30
47 1692 1 14 0 C 0
1804 1869 2 15 0 C 0
1873 1872 2 15 0 C 0
1872 1871 2 15 0 C 0
1871 1870 2 15 0 C 0
1870 1869 2 15 0 C 0
2877 2599 1 15 79 O 10
2599 3938 1 15 79 M 10
2197 319 1 24 133 O 20
318 2089 1 24 131 M 30
2089 2157 1 34 184 O 20
3111 3110 1 15 80 O 20
3110 3106 1 15 82 O 30
3106 3109 1 15 83 O 10
3109 3105 1 15 79 O 10
4059 2842 2 15 83 O 30
2842 3360 2 8 42 M 20
3360 2858 2 3 15 M 10
2858 2859 2 22 122 O 10
2859 2860 2 18 97 O 20
2860 2286 2 5 25 O 10
2286 1095 2 24 132 O 30
3111 1193 1 7 36 M 10
1193 4059 1 9 48 O 10
2856 2534 2 11 58 M 10
2534 2375 2 15 79 O 30
2855 2856 2 4 21 O 10
2481 2775 1 28 153 O 10
2775 2735 1 38 208 M 10
2735 2933 1 38 206 O 20
2933 2825 1 38 0 C 0
1865 1866 2 15 0 C 0
1866 1769 2 15 0 C 0
1769 1801 2 15 0 C 0
1801 1689 2 15 0 C 0
1689 1867 2 15 0 C 0
1867 1868 2 15 0 C 0
1868 1804 2 15 0 C 0
1617 4325 2 11 0 C 0
4325 3691 2 4 0 C 0
2432 2431 2 14 0 C 0
2431 2430 2 20 0 C 0
3116 1927 2 18 97 O 30
3117 722 1 3 14 O 30
722 723 1 24 129 O 30
3118 3120 1 12 66 M 30
3120 2550 2 5 22 O 30
3126 3127 2 9 49 O 10
3127 3132 2 3 13 M 10
3132 3697 2 4 18 M 20
3128 3127 1 8 39 O 20
3127 3129 1 7 37 O 20
3128 3132 2 13 67 M 20
3132 3130 2 7 38 O 20
3131 3129 2 9 47 O 10
3129 3130 2 3 12 O 10
3131 3130 2 11 59 O 20
3133 3135 2 4 18 O 30
3135 3134 2 7 37 O 30
3135 3136 2 5 25 O 20
3136 3134 2 3 12 O 30
3134 3137 2 7 36 M 20
2194 2193 2 35 190 M 10
2025 1783 2 8 43 O 30
1783 2201 2 15 79 M 10
2201 1548 2 15 79 O 20
1548 2210 2 15 79 O 20
2210 1898 2 15 79 O 30
3267 3266 1 6 28 O 10
3523 3139 1 3 13 O 10
3141 3140 2 15 81 O 30
3148 3147 2 5 27 O 20
3149 3148 2 5 22 M 20
3150 3149 2 5 27 M 20
3147 3151 2 3 12 O 20
3151 3150 2 2 10 M 20
3152 3151 2 3 14 O 10
3468 3155 1 10 53 O 10
3158 3157 2 21 111 M 10
3160 498 2 6 32 M 10
498 3159 2 7 35 O 30
3162 3163 1 8 42 M 10
3165 3166 1 10 51 O 20
3166 3167 1 7 35 M 20
3171 3168 2 4 18 O 20
3168 3170 2 6 30 M 30
3170 3169 2 3 12 O 10
3169 3168 2 4 19 O 20
3173 3175 2 11 59 O 30
3176 3175 2 5 26 O 30
3175 3174 2 9 46 O 20
3174 3173 2 3 13 O 10
3173 3172 2 3 13 O 20
3178 3177 2 8 41 O 10
3180 3179 2 14 78 M 10
3187 3181 2 6 33 M 10
3184 3182 2 7 36 O 10
3184 3183 1 8 43 O 10
3185 3184 1 3 12 O 30
3188 3185 2 14 74 O 10
3187 3186 2 5 26 O 30
3188 3187 2 3 16 O 30
3189 3188 1 7 37 M 20
3191 3190 2 15 80 O 30
3195 3192 1 4 20 M 20
3192 3196 1 16 84 O 30
3193 3192 2 12 64 O 10
3194 3193 2 4 20 O 30
3195 3194 2 12 64 O 30
3196 3195 1 12 64 O 30
3197 3196 2 4 20 M 10
3199 3198 2 15 78 M 20
3202 3201 2 13 68 O 20
3204 3203 2 6 30 M 20
3206 3205 2 8 40 M 30
3207 545 2 6 30 O 20
3209 3207 2 6 30 O 10
3207 3208 2 8 40 M 20
3211 3212 2 3 13 O 30
3212 3210 2 10 52 O 20
1083 3212 2 4 21 O 30
3215 3214 2 8 40 O 30
3217 3216 2 8 40 O 10
3219 3217 2 6 29 M 30
3217 3215 2 4 21 O 20
3221 3220 2 8 41 M 20
3223 3222 2 14 77 M 30
3225 3224 2 15 79 O 30
3227 3226 2 9 45 O 20
3229 3228 2 9 46 O 10
3231 3230 2 11 61 O 20
3233 3232 2 5 26 M 10
3234 1346 2 10 51 O 10
3236 3235 2 11 56 O 30
3237 3240 1 18 95 O 30
3240 3239 1 9 48 O 10
3239 3238 1 7 35 O 20
3242 3241 2 8 43 O 10
3245 3244 1 16 89 O 20
3250 3249 1 6 28 M 10
3024 3250 2 6 31 O 20
3269 3268 2 1 5 O 30
3260 3259 2 8 40 O 30
3261 3259 2 11 58 O 30
3263 3262 2 9 49 O 30
3138 4163 2 7 38 O 10
4163 4175 2 2 11 M 20
4175 3260 2 3 14 O 20
3260 3261 2 4 19 O 20
3261 3264 2 3 16 O 20
3264 4172 2 4 17 O 20
4172 4161 2 4 17 O 20
4161 3263 2 4 19 O 20
3263 3270 2 1 5 O 10
3266 3265 1 5 23 O 20
3265 3267 1 2 6 O 30
3274 4195 2 13 69 O 10
4195 563 2 7 38 M 30
563 3273 2 6 28 M 30
3275 4168 2 4 18 O 30
4168 3280 2 13 69 O 20
3276 4169 2 8 42 O 10
4169 3272 2 13 68 M 30
3277 4171 2 8 44 O 20
4171 4170 2 13 68 O 30
4170 648 2 13 69 O 30
3279 3278 2 8 44 M 10
3278 3271 2 13 68 M 20
3271 647 2 13 69 O 20
1051 4700 2 7 33 O 30
4700 1053 2 7 33 O 10
3282 3281 2 13 68 O 10
3284 3283 2 7 34 O 10
3286 3284 2 5 24 O 10
3284 3285 2 11 58 O 20
3288 3287 2 10 56 M 10
3290 3289 2 7 38 M 20
3292 3291 2 18 98 O 20
3294 3293 2 3 13 M 20
3295 3293 2 4 19 O 10
3293 3298 2 2 6 M 20
3296 3298 1 13 68 O 10
3298 3297 1 10 52 O 30
3297 3296 1 4 17 O 30
3300 4448 1 13 67 O 30
4448 4446 1 12 66 O 20
4446 3299 1 12 63 O 10
3302 3301 2 20 110 O 30
3305 3303 2 3 16 O 30
3306 3305 2 6 32 M 30
3305 3304 2 3 13 M 30
3306 3307 2 14 75 O 10
3308 3306 2 4 19 M 20
3306 4701 2 4 21 M 30
4701 3307 2 4 21 M 20
3323 3318 2 7 37 O 10
3317 3322 2 7 0 C 0
3322 3321 2 5 23 O 20
3320 3319 2 7 36 O 30
3325 3324 2 9 46 O 10
3326 3061 2 9 46 O 20
3330 3329 2 18 99 O 30
3332 3331 2 18 98 O 20
3334 3333 2 4 21 O 30
3335 3336 1 10 53 O 30
3337 3334 2 10 53 O 10
3309 3310 2 5 27 O 20
3310 3836 2 2 6 O 30
3836 3311 2 4 19 O 20
3922 3310 2 9 46 O 20
3314 3313 2 2 9 O 30
3315 3316 2 6 32 O 30
3316 3314 2 2 10 M 20
3314 3315 2 5 22 O 10
1186 1183 1 6 30 M 30
1183 1182 1 13 69 O 30
1188 1186 2 4 19 M 30
3340 3339 1 7 35 M 30
3339 3341 1 3 12 M 30
3342 3343 2 8 41 O 10
3346 3345 2 17 93 O 10
3348 3345 2 3 12 O 20
3345 3349 2 4 18 M 10
3349 3347 2 9 48 O 10
3354 3353 1 7 36 O 10
3353 3352 1 13 69 O 20
3356 3355 2 15 79 M 20
3360 3359 2 11 61 M 20
2456 1175 2 12 65 O 10
3362 3361 1 13 71 M 30
3364 3362 2 7 37 O 30
3362 3363 2 2 7 O 10
3366 3365 2 5 27 O 10
4253 3370 2 2 7 O 10
3370 3369 2 5 23 O 10
3372 538 2 15 82 O 10
538 3371 2 7 34 O 10
3374 3373 2 9 46 O 10
3376 3375 2 11 59 O 30
3379 3378 2 10 53 O 10
3381 3380 2 10 53 O 10
3383 3382 2 16 86 O 10
1024 266 1 10 51 O 10
3385 3384 2 3 17 O 30
3387 3386 2 30 166 O 10
3389 3388 2 5 25 O 30
3960 3391 2 6 31 O 20
3393 3394 2 9 45 O 20
3396 3393 2 8 42 M 10
3393 3395 2 3 16 O 30
3395 3394 2 6 30 O 10
3399 3398 1 4 21 O 20
3398 3397 1 11 60 M 30
3400 3737 1 4 20 O 20
3737 3399 1 5 27 O 30
3403 4108 2 6 33 O 10
4108 3401 2 4 22 M 30
3407 3406 2 11 59 O 20
3409 3408 2 12 65 O 30
3411 3410 2 6 33 O 30
1122 3413 2 11 60 O 10
1125 1126 2 4 18 M 10
1126 1127 2 4 18 M 10
1126 1135 2 11 61 O 20
3414 1176 1 5 24 O 30
1150 4358 1 7 37 M 20
3419 3418 2 3 15 M 30
3418 3426 2 3 17 O 30
3421 3418 2 5 24 O 30
3418 3420 2 5 23 O 30
3422 3424 2 7 37 M 20
3426 3424 2 4 21 O 20
3424 3420 2 3 15 M 20
3420 3423 2 4 18 M 30
3428 3423 2 4 20 O 30
3423 3419 2 5 23 O 10
3419 3421 2 7 38 O 20
3421 3426 2 8 40 O 10
3426 3422 2 3 14 O 30
3422 3425 2 3 13 O 30
3428 3427 1 10 51 M 10
3429 3428 2 4 18 O 20
3432 3431 2 6 31 O 30
3431 3430 2 12 61 M 20
3433 3432 2 10 52 O 10
3432 3755 2 3 17 O 10
3755 3759 2 6 32 O 20
3592 3602 2 17 90 O 30
3602 1937 2 10 55 O 10
1047 3592 2 3 14 O 10
2278 3070 2 8 43 O 30
3070 1160 2 4 17 O 20
1160 4594 2 3 16 O 30
4594 3071 2 8 43 O 30
2722 317 1 3 0 C 0
317 2628 1 4 0 C 0
2688 2687 1 41 224 O 30
2688 2284 1 12 61 M 10
2606 2713 1 38 208 O 30
2606 2331 2 14 78 O 30
2331 2385 2 22 117 O 10
2893 2804 2 14 75 M 10
3436 3435 1 26 140 O 10
3437 3438 2 13 68 O 20
3439 3440 2 6 28 O 30
3440 3441 2 6 29 M 10
3443 1999 2 5 27 O 20
2053 1932 1 15 80 M 30
1932 1923 1 15 79 O 20
1923 1490 1 15 79 O 10
1639 1848 1 32 173 O 30
1848 2054 1 32 174 O 30
258 4573 1 7 0 C 0
1087 2562 2 2 0 C 0
2562 1088 2 2 0 C 0
3114 1087 2 2 0 C 0
555 3115 1 8 42 O 10
905 904 2 3 11 M 20
904 3433 2 17 91 O 20
3433 1953 2 18 95 M 10
1953 1954 2 34 187 M 30
907 905 2 3 14 O 20
3442 2698 1 22 118 M 10
1099 4256 1 7 39 M 30
2709 1374 1 3 13 O 30
2451 1099 2 3 11 O 20
2450 2500 1 12 66 O 10
2454 2602 1 3 14 O 30
2454 2453 2 7 36 O 30
3367 2454 2 7 37 M 10
3448 2328 2 8 44 M 10
1095 1094 1 6 29 O 20
1095 2713 2 4 17 O 10
2713 2312 1 15 80 O 20
2312 1364 1 8 40 O 20
1094 1093 1 13 68 M 30
1093 1092 1 15 78 M 20
1092 1091 1 8 41 M 30
1649 1648 2 14 77 O 20
1648 1647 2 14 77 M 20
1647 1646 2 15 78 O 30
1646 1529 2 14 78 O 20
1529 1450 2 14 76 O 20
1450 1462 2 15 79 M 10
1462 1645 2 15 79 O 30
1645 1644 2 15 79 M 20
1644 1643 2 15 79 O 10
1643 1642 2 16 85 M 20
1642 1641 2 16 84 O 20
1641 1640 2 15 78 O 30
1640 1639 2 15 79 O 20
1639 1638 2 15 79 O 10
1638 1637 2 15 79 M 10
1637 1491 2 15 80 M 20
1494 1493 1 29 160 O 20
1493 1492 1 32 174 M 30
1492 1491 1 32 173 M 30
1934 1933 1 19 104 M 20
1933 1847 1 32 174 O 20
1847 1638 1 32 173 O 20
1937 2084 2 15 79 O 20
2084 2085 2 15 80 M 20
2252 3249 2 7 34 M 10
3249 2251 2 7 39 M 30
1097 2664 2 4 20 O 20
1540 2082 2 15 79 O 20
2082 1778 2 15 79 O 10
1084 1085 1 35 190 O 20
1085 3956 1 7 36 O 10
3956 3949 1 17 93 O 30
3949 1086 1 11 60 O 20
2525 2337 2 15 79 O 30
4555 2524 2 24 130 O 10
2524 2523 2 7 38 M 30
2523 2336 2 17 93 O 10
2788 3933 1 34 189 O 30
2788 2789 2 15 81 M 20
2602 3448 2 7 34 O 30
3367 3448 1 6 29 O 10
918 3066 1 17 94 O 20
923 919 1 12 62 O 10
919 915 1 15 80 O 10
915 3064 1 2 9 O 10
950 949 2 3 11 O 20
2227 4245 2 17 93 O 30
4245 1670 2 15 81 O 30
273 1068 2 10 51 M 10
1068 1063 2 10 55 M 20
1063 4381 2 6 31 O 10
1438 864 2 2 0 C 0
2235 1566 2 14 78 O 30
959 958 2 3 12 O 20
978 979 2 3 11 M 10
460 461 2 15 81 O 20
4235 4461 2 8 44 O 30
4461 4240 2 5 27 O 20
1549 1548 2 35 190 O 20
1548 1547 2 32 175 O 30
1542 2148 2 15 80 O 30
2148 1894 2 15 79 M 20
1894 2149 2 15 80 O 20
1983 1808 2 15 82 O 20
1297 3766 2 6 29 M 30
3766 3764 2 11 59 M 20
3764 3768 2 10 56 O 30
3768 1985 2 17 90 O 20
3521 269 1 6 29 O 20
1952 1585 2 46 250 O 10
2698 3629 1 8 41 O 10
1873 1874 2 15 0 C 0
4568 2468 2 4 19 O 20
3457 309 1 13 68 O 10
3452 3458 1 20 110 O 30
3453 3452 1 14 74 O 20
308 1045 1 5 23 O 10
1045 3455 1 14 76 O 20
3459 4514 1 3 11 M 20
4514 4639 1 53 294 O 20
4639 4634 1 2 10 O 20
4634 199 1 1 5 O 30
199 4642 1 1 3 O 20
4642 294 1 11 60 O 30
297 2944 2 2 8 O 10
2944 3460 2 10 53 O 20
358 1471 1 29 159 O 10
1471 1470 1 32 174 O 10
1470 1469 1 26 142 M 20
1469 1468 1 27 146 M 20
1468 1467 1 26 141 M 10
1467 1466 1 26 140 O 20
3464 3465 2 3 16 O 10
3465 3466 2 9 47 M 20
3465 3467 2 9 48 O 10
3467 3466 2 4 18 O 20
3085 4413 2 3 14 M 20
4413 1268 2 10 51 M 20
1268 4702 2 2 10 M 30
4702 1267 2 2 10 O 30
1267 2357 2 5 25 O 10
1968 2054 1 15 79 O 20
2054 2055 1 14 76 O 20
2951 2948 2 11 60 O 10
3481 3482 1 5 24 O 10
3482 2560 1 4 21 O 30
2560 2754 1 6 32 M 30
3481 2754 2 8 39 O 20
2754 2755 2 13 68 M 30
2923 2483 2 15 81 O 20
2483 2662 2 15 83 O 30
2662 2500 2 15 83 O 30
2810 2911 1 41 224 O 30
2911 2923 1 36 199 M 30
2447 2482 2 5 0 C 0
2482 2661 2 15 0 C 0
2661 2499 2 15 0 C 0
2499 3114 2 9 0 C 0
2904 2923 1 26 144 O 10
3484 3485 1 2 11 O 10
3484 2521 2 17 89 M 30
2521 3434 2 11 57 O 30
3434 2522 2 10 52 O 10
2522 2413 2 45 245 O 20
2317 3484 2 3 15 O 10
3485 2316 1 23 126 M 10
2464 1369 2 7 37 O 20
2260 2837 1 15 0 C 0
2837 2838 1 14 0 C 0
2838 2839 1 15 80 O 10
2839 2840 1 14 77 O 10
2840 2841 1 41 227 O 30
2841 2808 1 41 224 O 30
2808 2842 1 32 174 O 30
2842 2756 1 11 56 O 10
2259 2258 2 14 0 C 0
2256 2255 2 15 79 O 10
2255 2254 2 16 85 M 10
2254 2253 2 15 79 O 10
2253 3333 2 12 62 O 30
3333 2252 2 4 18 O 10
1049 3487 1 3 0 C 0
3488 1048 1 3 0 C 0
3487 3490 1 5 0 C 0
3489 3488 1 6 0 C 0
3060 3975 2 14 0 C 0
3975 408 2 3 0 C 0
408 1552 2 10 0 C 0
3691 1438 2 3 0 C 0
3690 1438 1 4 0 C 0
3692 865 1 50 0 C 0
865 866 1 61 0 C 0
1629 3144 2 6 0 C 0
3144 4533 2 4 0 C 0
4533 551 2 6 0 C 0
551 3464 2 15 0 C 0
3464 3479 2 9 49 O 30
3479 3763 2 5 24 O 20
3763 1630 2 1 4 M 30
1630 1631 2 15 83 M 30
3695 4103 1 11 58 O 10
1466 2239 2 15 79 O 10
2239 2191 2 15 79 O 20
2191 2019 2 15 79 M 20
1466 4466 2 37 201 O 20
4466 3581 2 13 69 O 30
1641 2059 1 32 176 M 30
1641 1850 1 31 172 M 30
1850 3198 1 9 46 O 30
3198 2060 1 27 149 O 20
2855 2798 2 38 207 O 20
2798 2481 2 41 223 O 20
1601 446 2 4 18 O 30
1620 1601 1 28 153 O 30
2954 144 1 3 0 C 0
144 3698 1 11 0 C 0
1701 1140 2 3 0 C 0
2814 3835 1 18 96 O 10
3835 3311 1 8 43 O 20
3311 3619 1 6 31 M 30
3701 3702 1 4 20 O 20
2615 2877 1 35 190 O 10
2665 2724 1 27 145 O 10
2724 2660 2 7 36 O 20
2502 3356 2 9 49 O 10
3356 2715 2 7 36 M 10
2303 2503 1 9 47 M 30
2503 2502 1 32 174 O 10
3469 3468 2 3 13 O 30
3468 1605 2 4 20 O 20
1605 1606 2 15 83 O 30
1606 3743 2 12 64 O 30
3743 1607 2 4 20 O 20
1607 1147 2 6 29 O 20
1147 1454 2 11 56 O 20
1454 1441 2 15 81 M 30
2473 2596 1 13 68 O 20
2271 3999 1 12 63 O 30
3999 3056 1 24 131 O 20
4557 2748 1 16 88 O 10
3545 3546 1 3 16 O 20
2213 3545 1 25 137 O 10
3545 3547 1 15 78 M 10
3560 3546 1 15 79 M 30
3546 3561 1 14 77 O 20
3575 146 1 7 35 O 20
146 3545 1 8 42 O 20
3561 3544 1 15 78 O 30
3544 3562 1 15 78 O 20
3562 3563 1 14 77 O 20
3572 3571 1 14 77 O 20
3571 3573 1 15 78 O 10
3573 4132 1 6 28 O 10
4132 3575 1 10 51 O 20
1602 158 1 4 22 O 10
158 160 1 4 20 O 30
160 1384 1 23 123 M 20
445 449 1 36 198 O 10
449 446 1 23 124 M 30
1600 1434 1 16 0 C 0
1434 1435 2 28 150 M 20
442 1434 2 3 0 C 0
1600 2167 1 14 0 C 0
2167 2153 1 16 85 O 20
2153 2168 1 14 75 O 20
2168 2169 1 14 74 O 20
2169 2170 1 14 77 O 10
451 1600 1 2 0 C 0
1599 1600 1 22 0 C 0
1395 2127 2 8 44 M 10
3704 2451 2 3 12 O 10
3705 2890 1 9 46 O 20
2708 1373 1 16 88 M 10
3120 721 1 12 62 O 10
721 3121 1 3 14 M 30
2045 3444 2 8 43 M 30
3711 3713 2 3 13 M 30
3713 3715 2 9 46 O 10
3715 3712 2 4 18 O 10
3713 3714 2 12 66 M 10
3714 3715 2 4 19 O 10
3716 3720 2 5 23 O 30
3720 3719 2 4 17 M 10
3719 3717 2 15 80 M 10
3717 3718 2 4 17 O 20
3718 3719 2 12 63 M 30
3718 3720 2 15 80 O 30
2179 2180 2 12 0 C 0
2180 1628 2 21 0 C 0
1628 3123 2 20 0 C 0
3123 3122 2 4 0 C 0
3122 685 2 3 0 C 0
685 684 2 4 0 C 0
684 686 2 3 0 C 0
686 2181 2 9 0 C 0
2181 3733 2 10 0 C 0
3733 3744 2 6 0 C 0
3744 2182 2 6 0 C 0
2179 1941 1 6 0 C 0
1941 1516 1 15 0 C 0
1516 2048 1 15 0 C 0
2048 2247 1 15 0 C 0
2247 2246 1 15 0 C 0
2246 2198 1 15 0 C 0
2198 1654 1 15 0 C 0
1654 2040 1 15 0 C 0
2040 1815 1 15 0 C 0
1815 2171 1 15 0 C 0
2171 2230 1 15 0 C 0
1567 2132 2 3 0 C 0
2128 2129 2 17 94 O 30
2129 4693 2 15 82 O 20
4693 3875 2 2 9 O 30
3875 3513 2 5 25 O 20
3730 3731 1 7 35 M 20
3731 3732 1 6 32 O 20
3722 3723 1 13 72 M 30
3723 3724 1 8 44 O 30
3725 3726 2 6 31 O 20
3723 3729 2 6 31 O 10
3729 3727 2 3 15 O 20
3727 3728 2 3 13 M 20
3729 3726 1 8 40 O 10
3726 3727 1 7 38 M 30
3734 3735 2 9 45 O 10
3737 3398 1 6 33 O 20
3402 3550 1 11 59 O 10
3738 3739 2 11 57 O 20
3740 3741 2 12 64 O 10
3216 3214 2 4 20 O 20
3214 1892 2 6 29 O 10
2126 3216 2 6 0 C 0
1293 3219 2 3 11 M 10
3219 2126 2 8 0 C 0
3742 3743 2 11 58 M 10
2438 4249 2 3 0 C 0
2298 1368 2 5 25 O 10
1940 4564 2 6 0 C 0
2437 475 2 4 0 C 0
475 474 2 6 0 C 0
2847 2494 1 15 0 C 0
2494 3043 1 8 0 C 0
3043 2399 1 8 0 C 0
1079 2174 2 2 0 C 0
1078 1077 2 3 0 C 0
1077 2175 2 12 0 C 0
2174 1078 2 2 0 C 0
3653 3656 1 16 88 O 10
2654 694 1 16 84 O 30
694 520 1 5 23 M 10
520 2717 1 15 82 O 10
3745 3690 1 7 0 C 0
866 1049 1 16 0 C 0
3746 3872 1 6 0 C 0
3872 3058 1 60 0 C 0
3058 4562 1 34 0 C 0
3069 3462 1 2 8 O 20
3749 3752 1 17 90 O 20
3751 3515 1 4 20 O 10
3703 3751 1 2 10 O 30
3753 2024 1 28 154 O 20
948 947 2 2 10 O 10
3463 2115 1 11 60 M 20
2115 1948 1 15 79 O 10
1948 2184 1 15 79 O 20
2184 2093 1 14 78 M 10
2093 1503 1 14 72 O 20
1503 1880 1 13 70 O 30
1880 2218 1 13 70 M 30
2218 1961 1 13 70 M 10
1961 1752 1 13 70 M 30
1752 1996 1 14 77 M 20
1996 1913 1 14 76 O 10
1913 2214 1 14 78 O 20
2214 2217 1 15 78 O 20
2217 1530 1 14 78 O 10
1530 1449 1 14 76 O 30
1449 1461 1 15 80 M 30
1461 1663 1 15 79 M 30
1663 2066 1 15 79 M 10
2066 1835 1 15 79 M 20
1835 1828 1 16 86 M 20
1828 2059 1 16 84 O 30
3755 210 2 7 38 O 10
3757 3756 2 28 150 O 10
3759 3758 2 10 51 O 30
3431 3759 2 13 68 M 20
3760 2266 2 5 0 C 0
2266 1300 2 34 0 C 0
1300 2929 2 20 0 C 0
3762 3763 2 7 37 O 20
3764 3765 2 15 79 M 10
3766 3767 2 14 76 O 10
3768 3769 2 12 63 M 10
3770 3771 2 20 111 O 20
3772 3773 2 11 57 O 10
3493 3505 1 15 79 O 10
3505 1290 1 2 8 M 30
3505 3495 1 5 27 M 10
3775 3776 2 19 102 O 30
3775 3245 2 6 28 O 20
3245 4703 2 2 10 O 30
4703 3244 2 2 10 O 30
3244 2745 2 14 78 O 30
2745 2746 2 38 206 O 10
2746 1356 2 7 36 M 10
3783 3784 2 16 88 O 30
3784 3785 2 6 30 O 30
3786 3787 2 10 55 O 30
3789 3788 2 13 71 O 20
3792 3791 2 15 79 O 30
3794 3793 2 19 103 O 10
3803 3801 2 8 42 O 20
3804 3803 2 24 131 O 30
3803 3802 2 8 40 O 10
3796 3795 2 11 56 O 30
3800 3799 2 13 71 O 20
3799 3798 2 7 38 O 30
3798 3797 2 3 13 O 10
1875 3805 2 12 63 M 20
3807 3806 2 11 58 O 20
3809 3808 2 13 67 O 30
3811 3810 2 11 61 M 20
3813 3811 2 4 20 O 20
3811 3812 2 7 35 O 10
3815 3814 2 6 31 M 10
3817 3816 2 7 35 M 20
3820 3818 2 9 44 O 20
1840 3818 2 7 35 O 20
3818 3821 2 5 24 O 30
3821 3820 2 4 20 O 10
3820 3819 2 4 18 O 10
2053 1639 1 32 175 O 20
2059 1967 1 15 78 O 30
1967 2053 1 15 79 O 20
1864 1865 2 15 0 C 0
1862 1863 2 15 0 C 0
1863 1864 2 15 0 C 0
3823 3824 1 6 30 O 30
3824 959 2 4 19 O 30
3823 959 1 7 36 O 20
3826 3827 2 8 44 O 10
3827 3828 2 19 103 O 10
3829 3830 2 8 42 M 10
3836 3837 2 8 40 O 10
3837 3835 2 4 20 M 20
3839 3840 1 11 60 M 10
904 909 1 15 81 O 30
909 911 1 15 79 M 30
911 3839 1 2 9 O 20
3842 3841 2 11 60 O 10
1586 1587 2 15 79 M 10
1587 3842 2 2 10 O 30
1480 1481 2 26 142 O 30
1435 279 2 33 182 O 20
1435 2153 1 16 84 O 10
2153 3512 1 22 119 M 10
3843 3844 2 20 107 O 10
3453 1045 1 2 10 O 30
3847 3848 2 5 24 M 10
3848 3849 2 8 44 O 30
3850 3851 2 6 33 O 30
3851 3852 2 5 27 O 10
3851 3853 2 3 12 O 20
1111 1044 1 15 79 O 10
1432 2165 2 16 0 C 0
2165 458 2 12 0 C 0
3854 3855 2 27 149 O 10
3855 3828 2 6 32 O 10
3799 3855 2 18 97 O 10
3856 3798 2 21 112 O 10
1928 3502 1 34 185 O 20
1928 1918 2 15 79 O 10
1918 1484 2 15 80 O 20
1484 2196 2 14 75 M 30
2196 2250 2 2 9 O 30
2178 3774 2 17 0 C 0
3774 1522 2 41 225 O 30
3857 3858 2 7 34 M 20
3859 3860 2 4 21 M 20
3869 3870 2 21 113 O 20
3475 4480 1 121 0 C 0
3879 3880 2 5 27 O 20
3881 334 2 3 16 M 30
334 3880 2 3 12 M 10
3163 3882 2 7 38 O 30
3883 3884 2 7 37 M 30
3163 3883 2 4 18 O 20
3888 3889 2 11 58 O 10
3890 3891 2 6 30 O 20
3891 3892 2 15 83 M 10
2696 2561 1 15 79 O 10
2561 2857 1 15 82 O 10
2857 2792 1 15 83 O 20
2792 1192 1 8 42 O 10
1192 3111 1 8 39 O 30
3893 3894 2 13 71 O 20
3895 3896 2 13 67 O 30
3105 3894 1 3 14 O 10
3894 2696 1 3 14 M 30
3340 532 2 12 63 O 30
532 531 2 4 19 M 30
531 3342 2 12 63 O 20
3342 3340 2 4 19 O 20
3340 3344 2 3 12 O 10
3348 532 2 3 12 O 20
532 3338 2 21 116 O 30
3338 531 2 19 105 O 10
3350 3349 2 17 93 O 20
3899 3350 2 13 69 O 20
3350 4704 2 2 7 M 10
4704 3899 2 2 7 M 10
3899 3346 2 1 4 O 20
3346 3351 2 3 12 O 10
3342 3900 1 5 27 O 20
329 3901 2 2 9 O 30
3312 3922 2 5 28 M 30
3922 533 2 11 60 O 10
533 3837 1 7 35 M 10
3923 3924 2 8 40 O 30
3925 3926 2 6 29 O 20
1236 1233 2 3 16 O 10
1233 1227 2 7 35 O 10
1234 1236 2 14 78 O 20
3008 3006 1 24 130 O 10
3009 3905 1 4 19 O 20
3905 176 1 10 55 O 30
127 3902 2 15 82 O 20
3903 3909 2 2 8 O 30
3909 3904 2 7 34 O 30
3906 3907 2 6 33 O 20
3907 3903 2 3 15 O 10
3908 3909 2 7 38 O 30
3912 3906 2 9 49 O 20
3906 3910 2 4 18 O 30
3911 3912 2 9 45 O 10
3913 3914 2 5 24 O 20
3914 3916 2 3 16 O 10
3916 3915 2 1 2 O 20
3916 3917 2 8 41 O 10
3830 3915 2 2 7 M 10
3904 3905 2 5 25 O 20
3781 3919 1 17 91 O 20
3918 3782 1 17 91 O 30
3919 3918 1 3 14 O 10
3927 3928 2 20 108 O 20
3929 3930 2 22 119 O 10
3929 3928 2 2 11 O 10
3928 3931 2 11 61 O 10
3832 3932 1 3 16 O 30
3932 2666 1 5 24 O 10
2666 2667 1 35 189 M 30
2659 2366 1 38 207 O 30
1139 3936 1 29 161 O 20
3936 3935 1 34 189 M 30
744 748 2 4 18 M 30
748 751 2 4 18 O 30
751 755 2 4 18 M 10
755 760 2 4 19 O 20
760 763 2 4 18 O 20
763 768 2 4 18 O 20
768 771 2 4 18 M 30
771 775 2 4 18 O 30
775 780 2 4 19 M 20
780 785 2 4 20 O 30
785 789 2 4 20 O 20
789 792 2 4 18 M 10
792 796 2 4 18 O 30
796 801 2 9 46 M 30
801 809 2 4 20 O 20
809 819 2 5 23 M 20
2999 3000 1 15 80 O 30
3384 3942 2 9 46 O 20
3385 3943 2 5 26 O 30
3943 3944 2 4 18 O 10
3945 3946 2 3 16 O 10
3945 3942 2 3 12 O 20
3942 3944 2 2 8 M 30
3947 3948 2 11 60 O 20
1031 1029 2 4 20 O 20
1029 1027 2 4 19 O 20
1027 3948 2 4 18 O 10
1030 1028 2 4 20 M 20
1028 1026 2 4 19 M 20
1026 3947 2 4 17 O 30
3949 3389 2 4 19 O 30
3389 3950 2 8 42 M 10
3959 3950 2 11 60 O 30
3953 3951 2 4 20 O 30
3953 3952 1 12 64 O 20
4682 3953 1 7 35 O 10
3952 4682 1 1 2 O 30
3954 3955 2 5 23 O 30
3956 3957 2 4 20 O 30
3391 3390 2 7 35 O 30
1032 3958 2 7 37 O 10
3946 3662 2 14 76 M 20
2567 2347 2 16 0 C 0
2347 2768 2 16 0 C 0
2768 2633 2 14 0 C 0
2633 2491 2 15 0 C 0
2491 2324 2 14 0 C 0
2324 2827 2 17 0 C 0
2827 453 2 13 0 C 0
453 2540 2 7 0 C 0
3965 1975 2 2 10 O 20
3967 3968 2 6 33 O 20
3779 3968 2 7 35 O 30
1161 3073 2 5 23 M 10
3073 3076 2 11 56 O 10
3072 3970 2 8 42 O 20
3970 2471 2 8 42 M 10
1167 1166 2 4 19 O 10
1166 1165 2 4 20 M 30
1165 1164 2 4 19 O 20
1164 1163 2 4 19 O 30
1163 1162 2 4 20 O 20
1162 1161 2 4 19 M 20
3970 3971 2 4 17 O 20
3072 3071 2 71 389 M 30
3070 3073 2 6 32 O 30
1116 1119 2 13 70 O 30
1119 3972 2 15 80 O 20
1156 1157 2 4 20 O 10
1157 1158 2 4 17 O 20
1158 1130 2 4 18 O 10
1130 1148 2 43 236 O 30
3456 3452 1 3 14 O 20
3452 1148 1 6 28 O 10
1044 3453 1 6 29 M 20
1114 1112 2 4 19 M 30
1112 1113 2 5 25 O 30
1113 1115 2 5 24 M 20
1115 1116 2 6 28 M 20
1136 1127 2 11 59 O 10
1136 1135 2 4 18 O 20
1135 1134 2 4 18 O 10
1134 1133 2 4 19 O 30
1133 1132 2 4 17 O 10
1132 1131 2 4 17 O 10
1131 3972 2 4 20 O 30
3972 1129 2 2 8 O 20
1155 1152 2 17 90 O 20
3976 3977 2 10 53 O 30
3978 3979 2 13 0 C 0
3736 3978 2 6 0 C 0
115 362 2 3 0 C 0
362 3979 2 6 0 C 0
3980 3981 2 55 305 O 30
867 3981 2 6 32 O 20
3243 116 2 3 0 C 0
2723 3983 2 7 0 C 0
3054 3057 1 4 17 O 30
276 3984 1 13 69 M 10
3984 41 1 12 66 O 20
41 277 1 7 38 O 10
3984 3986 1 4 20 O 10
3986 40 1 12 64 O 10
40 3985 1 12 63 O 30
783 1101 1 18 100 M 20
847 845 2 7 35 O 10
800 370 2 23 127 M 20
370 805 2 3 13 O 30
834 828 2 1 4 O 10
828 817 2 4 19 O 30
817 810 2 4 19 O 20
810 802 2 4 19 M 10
802 800 2 4 18 O 30
846 842 2 9 47 O 10
842 834 2 28 151 M 30
845 846 2 6 32 O 10
852 844 2 4 20 O 30
844 840 2 4 18 M 30
840 833 2 4 18 O 10
833 822 2 4 20 O 30
4526 3987 1 4 17 O 10
3988 862 2 2 11 O 20
862 860 2 5 22 O 20
860 859 2 4 21 O 30
859 857 2 4 20 O 10
857 855 2 4 21 O 10
855 854 2 5 25 O 20
854 852 2 19 100 M 10
468 856 1 4 20 O 20
856 853 1 10 50 O 20
798 804 2 5 24 O 10
804 807 2 5 25 M 20
807 814 2 4 20 M 30
814 829 2 5 24 O 20
829 836 2 2 10 M 10
836 838 2 2 10 O 10
838 843 2 4 19 O 30
843 848 2 2 10 O 20
848 850 2 2 7 O 10
850 854 2 4 20 O 20
794 795 2 4 19 O 30
795 797 2 4 19 O 20
797 798 2 2 6 O 20
3990 3989 1 2 8 O 10
3989 783 1 8 44 M 30
762 758 2 4 19 M 20
758 754 2 4 18 O 30
754 750 2 4 19 O 10
750 746 2 4 18 O 30
746 742 2 4 19 O 10
742 740 2 2 0 C 0
765 762 2 2 9 O 30
776 772 2 4 22 M 20
772 767 2 3 16 O 10
767 765 2 3 13 O 20
740 737 2 2 0 C 0
737 735 2 4 0 C 0
735 3991 2 1 0 C 0
3991 733 2 3 0 C 0
733 731 2 4 0 C 0
731 729 2 4 0 C 0
729 727 2 4 0 C 0
727 728 2 18 0 C 0
3996 3997 1 19 103 M 20
3997 3998 1 7 38 O 30
3995 3707 1 4 18 O 30
3707 3702 1 5 27 M 10
3702 2302 1 18 100 O 20
1148 1044 1 13 69 O 30
2944 4001 2 4 20 M 20
4002 4001 2 6 30 M 30
4001 4629 2 14 73 O 30
4629 4003 2 4 20 O 20
4003 4646 2 4 18 O 30
4646 4004 2 2 11 M 20
296 4000 1 6 33 O 10
4000 3459 1 3 12 M 30
1108 123 1 6 29 O 10
123 125 1 10 52 M 10
1108 725 2 5 24 M 20
725 4005 2 2 10 O 10
2591 2915 2 15 79 O 10
2915 2676 2 15 79 O 10
2676 2424 2 15 79 M 30
2424 2916 2 15 79 O 20
2916 2763 2 15 79 O 20
2763 2745 2 15 82 M 10
2745 2917 2 15 82 O 30
2917 2536 2 15 79 M 10
2536 2373 2 15 79 O 30
2373 2771 2 15 79 O 10
4005 1104 2 3 17 O 30
1104 724 2 8 40 O 10
724 4007 2 13 70 O 20
4007 223 2 2 9 O 30
223 4037 2 9 46 O 20
4037 4008 2 10 51 M 10
4008 4009 2 14 76 O 30
4007 4006 2 2 8 O 20
4010 4006 2 2 8 O 10
4011 4010 2 8 39 M 20
4013 4012 2 16 84 O 10
4013 4014 2 12 61 O 10
4040 4016 2 4 22 O 20
4016 4021 2 14 74 M 10
4021 4018 2 4 20 M 10
4018 4015 2 3 16 M 20
4015 222 2 5 23 O 30
222 4024 2 4 18 O 20
4024 725 2 6 29 O 30
4017 4018 2 9 45 O 30
4019 4015 2 8 42 O 20
4020 4021 2 9 48 O 30
4022 4026 2 4 21 M 10
4026 4028 2 11 58 M 30
4023 222 2 7 34 O 10
4025 4024 2 6 28 O 20
4020 4022 2 3 16 O 30
4022 4030 2 9 45 O 30
4030 4027 2 3 15 O 10
4027 4028 2 4 19 M 10
4026 4027 2 8 43 O 20
4016 4035 2 10 55 O 20
4021 4031 2 14 74 O 30
4032 4033 2 10 53 O 20
4034 4036 2 3 12 M 30
4036 4038 2 6 28 O 10
4038 4035 2 3 14 O 30
4036 4037 2 4 20 O 30
4031 4033 2 4 19 O 30
4033 4038 2 4 20 O 30
75 216 1 4 19 O 10
4012 4014 2 4 18 O 20
424 778 1 44 244 O 20
4047 4042 2 31 171 O 10
4043 4044 2 73 404 O 20
4045 4043 2 67 369 O 30
4046 4047 2 13 70 O 20
1159 4053 2 15 83 M 20
4053 4005 2 3 14 M 10
4048 4049 2 12 65 O 10
4050 4051 2 11 61 O 20
4054 4052 2 5 25 O 20
1105 4049 2 3 12 O 20
4049 4053 2 4 18 O 30
4054 4051 2 13 67 O 20
4051 1105 2 2 10 O 10
4052 4055 2 4 22 M 20
4055 1159 2 3 12 M 10
4050 4054 2 3 16 O 10
4048 4055 2 5 22 M 10
1193 4057 2 8 42 O 30
4057 4056 2 11 56 O 10
4056 1191 2 13 71 O 30
4056 3357 2 8 42 O 20
4057 4058 2 5 27 O 30
4061 4068 2 10 53 M 20
4068 2756 2 6 29 O 10
2756 2757 2 9 49 O 10
2757 2736 2 25 134 O 10
2736 143 2 3 14 O 30
143 2583 2 9 47 M 20
2583 4545 2 5 26 M 20
4545 4542 2 13 70 M 30
4542 2758 2 5 25 M 20
2758 2728 2 12 64 O 30
2728 3833 2 7 37 O 30
4060 516 1 18 97 O 20
516 3483 1 9 48 M 10
3483 2807 1 3 13 M 30
2807 3112 1 2 9 O 30
3112 2910 1 39 215 M 10
2910 2940 1 43 235 O 20
3833 1089 2 2 11 O 20
4059 4060 1 3 11 O 10
3107 2791 1 12 63 M 30
3108 4062 1 3 13 M 20
4062 3107 1 2 10 M 30
3831 1097 2 3 12 O 20
3357 4064 2 7 34 O 20
4065 4066 2 8 43 O 20
3358 4067 2 12 64 M 30
4068 4069 2 9 50 M 10
4069 4065 2 2 6 O 10
4065 4064 2 3 14 O 10
4066 4067 2 2 7 O 10
2736 4070 2 6 28 O 10
4077 4078 2 14 77 O 30
4079 4080 1 9 45 M 20
1191 4081 2 3 12 O 30
4081 4082 2 14 74 O 20
4086 4083 2 7 37 M 10
4083 4084 2 3 16 O 20
4084 4082 2 3 13 M 30
4085 4086 2 4 17 M 20
4085 4080 2 5 25 O 10
4087 4088 2 5 28 O 30
4087 4089 2 4 20 O 30
4071 4072 2 11 57 O 20
4073 4074 2 5 23 M 30
4071 4073 2 3 12 O 30
4072 4075 2 4 17 O 20
4076 1785 1 9 49 O 20
2017 2018 1 15 80 M 30
2018 1972 1 15 80 O 20
1972 2338 1 15 80 O 20
2338 2401 1 15 79 O 20
2401 2496 1 15 80 O 30
2496 2672 1 15 80 M 20
2672 4275 1 9 49 M 10
4275 2673 1 6 30 O 20
2673 3892 1 6 30 O 10
3892 2575 1 7 36 O 30
3790 4096 2 15 82 O 10
4096 4090 2 21 113 O 10
4093 4095 2 4 18 O 20
4095 4091 2 4 18 O 10
4092 4094 2 4 18 M 10
4092 4093 2 5 26 O 20
4094 4095 2 5 26 M 30
4091 4096 2 5 26 O 10
4097 4098 2 3 15 M 10
4099 4100 2 3 13 M 30
4097 4100 2 10 55 O 10
4105 4106 2 10 51 O 10
3403 517 1 7 37 O 10
517 3402 1 3 16 M 20
4108 518 2 6 33 M 30
518 4109 2 3 14 O 10
4110 4111 2 5 25 O 30
4111 4112 2 10 50 O 30
4113 3405 2 3 13 O 10
4113 3404 2 8 43 O 10
4595 4114 1 10 53 O 30
4114 4116 1 13 71 M 30
4114 4118 2 3 14 M 30
4119 4122 2 8 42 M 10
4122 4120 2 4 18 O 30
4120 4121 2 5 24 O 10
4122 4123 2 5 27 O 20
4124 4125 2 7 38 O 20
4127 4128 2 4 20 M 10
4128 560 2 2 10 O 20
4128 4126 2 10 52 O 30
4125 4127 2 1 5 O 20
4127 4129 2 9 49 O 20
4130 577 2 2 11 O 10
4131 3213 2 4 21 O 20
4133 4137 1 5 24 M 30
4134 4133 1 6 33 M 30
4136 4135 1 3 16 O 10
4137 4130 1 6 28 O 30
4130 4138 1 2 6 O 30
4135 4134 1 2 7 M 30
4138 4136 1 2 8 O 20
4139 4137 2 6 28 O 20
4140 3164 2 3 16 O 30
4141 4142 2 9 48 O 30
4142 4143 2 5 25 O 30
4143 4140 2 1 4 O 20
4140 4144 2 5 23 M 30
1187 1186 1 8 39 O 20
4145 4146 2 10 51 O 10
4146 4148 2 2 6 O 20
4148 4147 2 10 55 M 10
4148 1223 2 3 13 O 10
4149 4158 2 8 41 O 30
4158 4150 2 13 68 M 20
4151 4196 2 13 69 O 10
4196 4152 2 12 66 M 10
4159 4160 2 13 68 O 30
4160 4153 2 12 66 O 10
4154 4166 2 4 17 O 30
4166 4155 2 7 34 O 20
4156 4157 2 11 57 M 30
4158 3278 2 4 20 M 10
3278 4171 2 4 18 O 10
4171 4169 2 4 18 O 10
4169 4168 2 4 20 O 30
4168 3274 2 4 17 O 20
3274 4151 2 4 19 O 30
4151 4159 2 4 19 O 30
4150 3271 2 4 20 M 10
3271 4170 2 4 18 O 10
4161 4162 2 9 49 O 30
4163 4164 2 6 29 O 30
4164 4165 2 5 28 O 30
3273 4152 2 4 19 O 10
4152 4153 2 4 19 O 30
4153 4157 2 4 20 M 30
4157 3262 2 4 19 O 20
3262 4162 2 4 18 O 20
4166 4167 2 4 20 O 10
4172 4173 2 9 48 O 20
3264 4174 2 9 47 M 10
4173 4174 2 4 18 M 20
4162 4173 2 4 17 O 20
4175 3266 2 4 19 O 10
4177 3053 2 24 129 O 10
3053 3138 2 33 180 O 10
4178 3268 2 34 185 O 20
3269 4167 2 13 68 O 20
4167 4179 2 8 42 M 20
4179 3270 2 2 9 O 10
4178 4177 2 29 159 O 30
4156 4179 2 3 14 O 10
4180 4181 2 20 107 O 20
4182 4183 2 20 106 O 20
4183 4181 2 6 30 O 10
4181 4184 2 5 24 O 20
4185 4189 2 4 22 M 30
4189 4184 2 3 15 O 20
4184 4186 2 5 22 O 30
4187 4188 2 18 98 O 10
4189 4188 2 10 55 O 10
4190 4187 2 7 36 O 30
4191 4193 2 8 44 O 10
4185 4192 2 2 7 M 20
4193 4194 2 2 10 M 30
4194 4192 2 3 16 O 30
4177 4182 2 11 57 M 10
4182 4180 2 6 29 O 30
4180 4191 2 6 31 O 10
4190 4191 2 3 12 M 20
4197 4198 2 18 99 O 10
1899 4198 2 6 31 O 10
4198 3329 2 8 44 O 10
3329 3331 2 9 48 O 20
3331 4204 2 22 118 O 10
4204 1298 2 9 46 O 10
4197 3330 2 8 43 O 30
3330 3332 2 9 47 O 30
4199 4202 2 41 224 O 30
4200 4201 1 13 70 O 20
4203 4202 1 14 74 O 30
4201 4203 1 4 18 M 30
4203 4204 2 5 27 O 30
4202 4200 1 4 19 O 10
4207 4206 2 26 142 O 20
4215 4216 2 9 49 O 10
4219 3319 2 2 9 M 10
3319 3318 2 4 19 M 30
3318 3322 2 4 17 O 20
4220 3320 2 4 22 O 10
3320 3323 2 4 20 O 20
3323 3317 2 4 0 C 0
4220 4219 2 7 39 O 30
4225 4226 2 3 0 C 0
135 2956 2 10 0 C 0
2957 1295 2 13 0 C 0
1295 2954 2 6 0 C 0
4228 4226 2 11 0 C 0
4229 4236 2 5 23 O 20
4236 4241 2 13 71 O 10
4241 4230 2 5 25 O 20
4231 4237 2 6 32 O 30
4237 4242 2 13 70 O 10
4242 4232 2 4 20 O 30
4238 4234 2 8 41 O 30
4234 4239 2 13 69 M 20
4239 4233 2 3 13 M 30
4234 4237 2 4 19 M 30
4237 4236 2 4 21 O 30
4236 4235 2 5 25 O 10
4238 4231 2 4 20 O 20
4231 4229 2 5 23 O 30
4239 4242 2 4 19 O 20
4242 4241 2 4 21 O 20
4241 4240 2 5 23 M 20
1631 1632 2 15 83 O 10
1632 4283 2 8 41 O 10
4283 1633 2 8 39 O 10
1526 2232 2 15 0 C 0
2232 2216 2 15 0 C 0
1448 1531 1 14 76 M 20
1531 2101 1 14 78 O 30
2101 2102 1 15 78 O 30
2102 1912 1 14 78 O 20
1912 1995 1 14 76 M 30
1995 1751 1 14 77 O 30
1751 1960 1 13 70 O 20
1960 2103 1 13 70 O 30
2103 1879 1 13 70 O 30
1879 1502 1 13 70 O 30
1502 2092 1 14 73 O 10
2092 2104 1 15 78 M 10
2104 1947 1 15 79 O 10
1947 2105 1 15 79 O 20
2105 1471 1 15 79 M 30
1471 2106 1 15 79 O 20
2106 2107 1 15 80 O 10
2107 2022 1 15 82 O 10
2253 3337 1 5 23 M 20
3337 2495 1 13 69 O 20
2495 2496 1 27 146 M 10
2496 2392 1 21 115 O 10
2392 2497 1 6 29 O 10
2497 2492 1 26 143 O 30
2492 2498 1 18 98 O 10
2216 3757 2 15 78 O 30
3757 4490 2 19 105 O 20
4490 3758 2 10 52 O 30
3758 1953 2 14 77 M 20
1506 2095 2 15 79 O 10
2095 2185 2 15 80 O 20
2185 1950 2 15 79 M 10
1950 2117 2 15 79 O 20
2117 1473 2 15 79 O 10
1473 2240 2 15 80 O 10
2230 1852 1 37 0 C 0
4244 4245 2 20 108 O 10
3267 4176 2 3 15 M 30
4217 2943 2 12 65 M 20
2564 4218 2 13 67 O 10
4218 4217 2 6 33 O 20
4254 4255 2 4 19 O 30
4253 4255 2 6 30 M 10
3115 4256 1 8 42 M 20
4246 3366 2 1 5 O 20
3366 4247 2 4 19 O 20
3368 4247 2 5 27 O 10
4246 4248 2 3 15 O 20
3363 3700 2 5 27 M 20
1175 1046 2 12 66 O 10
4259 4260 2 9 46 O 10
4261 4262 2 10 53 O 30
3417 4259 2 6 29 O 30
4263 4264 2 4 20 O 10
4262 4264 2 3 16 M 20
4264 4260 2 4 21 M 10
4265 4298 2 11 56 M 10
4298 3155 2 3 12 O 30
4298 4300 1 1 5 M 30
4300 4299 1 5 23 O 20
4299 3469 1 4 22 O 10
4268 4297 1 4 18 O 30
4297 4296 1 1 2 O 20
4296 4267 1 7 35 M 10
4267 4295 1 11 59 O 20
4295 3156 1 1 2 O 20
3156 4266 1 4 18 M 20
4267 3877 2 3 12 M 20
4269 4270 2 13 67 O 20
4271 3531 1 4 17 O 10
3750 3508 1 13 71 M 20
2155 4274 1 4 21 M 20
4274 444 1 2 8 O 20
2959 2960 1 2 0 C 0
4275 4276 2 17 94 M 10
4277 4278 2 15 82 M 30
4279 4280 2 29 0 C 0
3534 1805 1 37 205 M 20
1805 1806 1 26 140 O 30
1806 1807 1 26 143 M 30
1807 1743 1 26 143 M 30
1743 692 1 13 72 O 10
692 1808 1 13 70 M 10
2360 2922 1 18 96 O 30
1099 3115 2 2 10 M 20
2450 4254 2 8 40 M 10
4254 1337 2 6 0 C 0
4283 4284 2 9 46 M 10
164 4344 1 9 49 O 10
4344 4285 1 9 49 M 30
3688 4456 1 17 90 M 20
4456 4286 1 3 12 M 20
4286 4287 1 16 88 O 20
4286 4288 1 9 50 O 20
4289 4290 2 5 27 O 30
2062 4294 2 6 31 M 30
3513 3878 2 5 23 O 30
3878 3876 2 3 16 O 20
703 706 1 9 47 O 10
3469 3529 1 4 19 M 10
3529 3876 1 7 37 O 20
3878 3469 1 12 63 M 10
4296 4295 1 12 66 O 10
3156 4297 1 4 22 O 10
4265 3878 2 4 21 O 20
4300 263 1 1 5 O 20
4266 4268 2 4 22 O 10
3051 3638 2 9 46 O 20
4304 4303 1 17 92 M 30
4303 4302 1 13 71 M 20
4305 4306 1 11 61 O 30
4306 4307 1 9 47 O 10
4150 647 2 16 88 O 10
647 648 2 4 19 O 20
648 4309 2 9 47 O 20
4309 3272 2 7 39 O 20
4170 3272 2 4 18 O 30
3272 3280 2 4 20 O 30
3280 4195 2 4 17 O 30
4195 4196 2 4 19 M 20
4196 4160 2 4 19 O 30
3280 4308 2 7 38 O 20
4308 4309 2 4 20 M 10
4423 4308 2 6 29 O 10
4310 4311 1 6 31 O 10
4311 4312 2 18 95 O 30
4313 4314 2 11 61 O 10
4318 4319 2 11 61 M 10
4320 4321 2 17 94 O 20
4321 4322 2 12 64 O 10
4326 4327 2 36 195 O 10
4327 4454 2 109 602 M 20
4454 4455 2 53 290 O 30
4455 4327 2 47 259 O 30
4329 4330 2 7 35 O 10
4330 4331 2 11 57 O 30
4331 4332 2 7 35 O 30
4331 4333 2 5 26 O 10
4333 4334 2 7 37 O 20
4315 4335 2 4 21 O 30
4317 4335 2 6 31 O 10
4335 4336 1 4 17 O 30
4336 4316 1 6 30 O 30
4337 4338 2 3 13 O 20
4338 4339 2 5 23 O 20
2737 3620 1 24 131 O 30
2737 1008 2 3 14 O 30
4340 4341 2 11 56 M 30
4341 391 2 6 33 O 20
391 385 2 18 98 O 30
385 395 2 10 51 M 10
395 4342 2 11 58 M 20
4342 4343 2 12 62 O 30
4343 3827 2 11 57 O 30
3826 4343 2 13 70 O 30
4344 4345 2 18 95 O 30
4346 4347 2 8 41 M 10
2059 3172 1 6 32 O 30
2058 3180 1 5 23 O 20
1966 39 1 9 47 O 10
39 1710 1 17 94 O 10
1710 1965 1 27 145 M 10
1965 1964 1 26 143 O 20
1964 1963 1 26 140 O 20
1969 1968 1 9 48 O 10
1968 3199 1 23 127 O 20
3199 1849 1 9 46 O 10
1849 1640 1 32 173 O 30
2052 3189 1 10 55 O 20
3189 3182 1 16 85 O 20
1931 1708 1 26 141 M 10
1708 1930 1 26 144 O 10
1930 1929 1 26 143 O 30
1929 3158 1 22 117 O 10
3158 1928 1 5 24 M 20
1638 1932 1 32 175 O 10
1932 3191 1 14 76 O 10
3191 3171 1 37 204 O 30
3171 1931 1 13 67 O 30
1918 1919 1 26 141 M 30
1919 1920 1 26 143 O 10
1920 1707 1 26 144 O 10
1707 1921 1 26 141 O 20
1921 1922 1 32 174 O 30
1922 1923 1 32 174 O 30
1923 1637 1 32 175 O 30
1488 1487 1 26 142 M 10
1487 1486 1 26 144 O 10
1486 1485 1 26 143 O 10
1485 1484 1 26 141 O 10
1491 1490 1 32 175 O 30
1490 1489 1 32 174 O 30
1489 1488 1 32 174 O 10
1070 405 1 32 173 O 10
405 321 1 8 41 O 10
1810 1635 1 32 174 O 30
1634 3815 1 18 96 M 30
3815 1985 1 15 80 M 20
4348 1631 1 5 27 M 20
1296 4348 1 3 12 O 30
2660 2666 2 9 45 O 20
2666 2787 2 12 65 O 20
3934 2834 2 15 0 C 0
2366 3940 2 14 73 O 30
3940 3939 2 11 58 M 30
4587 4107 1 47 256 O 10
4101 3661 1 3 12 O 30
2717 1086 2 4 17 O 10
1086 3960 2 7 36 M 30
3960 3959 2 5 25 O 30
330 3338 2 4 21 O 30
4352 4623 1 9 49 M 20
4623 4368 1 5 26 O 20
4368 4353 1 21 114 M 10
4353 306 1 9 46 O 10
4354 305 1 3 16 O 30
305 4355 1 8 41 O 10
4355 300 1 7 35 O 10
4352 4356 2 2 10 O 10
4357 4301 2 1 5 O 20
4301 4002 2 4 21 M 20
302 4361 1 7 37 O 10
4616 4620 2 4 18 O 10
4620 4617 2 4 18 O 20
4617 4649 2 4 19 O 30
4649 4363 2 3 14 O 20
4363 4651 2 1 4 O 20
4651 4654 2 4 19 O 20
4654 4655 2 9 45 O 10
4655 4657 2 4 18 O 20
4657 4676 2 4 18 O 30
4676 4619 2 4 20 O 30
4619 4618 2 7 35 O 30
4618 4680 2 4 18 M 20
4680 4675 2 4 18 O 20
4675 4370 2 2 6 O 10
4370 4673 2 3 13 O 30
4673 4671 2 4 18 M 30
4671 4669 2 4 18 O 10
4669 4667 2 4 18 O 20
4667 4359 2 7 34 O 10
4653 4652 2 10 54 O 30
4652 4650 2 4 18 O 10
4650 4648 2 4 18 O 20
4648 4647 2 4 18 O 10
4647 4366 2 4 18 O 10
4366 4360 2 8 42 O 10
4661 4665 2 4 18 O 30
4665 4662 2 4 19 M 20
4365 4367 2 4 22 M 20
4367 4368 2 2 10 O 10
4354 4379 1 2 10 O 30
4379 4371 1 3 15 M 10
4374 4375 1 10 53 M 10
4376 4377 1 13 68 M 10
4372 4373 1 16 86 O 20
4373 4378 1 2 10 O 30
4349 4350 1 13 69 O 20
4351 4349 1 12 67 O 10
3615 3920 1 9 46 O 20
3920 3616 1 2 6 O 30
993 991 2 2 10 O 30
990 988 1 8 39 O 30
4102 2626 1 6 30 M 30
978 981 1 17 89 O 30
981 984 1 13 71 M 20
1985 1810 2 15 83 O 30
1522 1297 2 2 10 O 20
1539 572 1 7 39 O 30
572 4221 1 3 14 O 30
1777 2015 1 15 79 O 30
2015 1539 1 15 79 O 20
462 460 1 17 91 M 30
1764 1765 2 17 90 O 30
1652 1651 1 11 59 O 30
2956 4227 2 3 0 C 0
4385 4389 2 2 9 O 10
4389 4386 2 3 12 O 20
4386 4405 2 1 5 M 30
4405 4401 2 2 6 O 30
4401 4397 2 2 9 O 30
4397 4393 2 2 8 O 20
4393 4387 2 2 6 M 20
4387 4388 2 2 11 M 20
4389 4404 2 1 5 M 30
4404 4400 2 2 6 O 10
4400 4396 2 2 9 M 30
4396 4392 2 2 8 O 30
4392 4390 2 2 8 O 30
4390 4391 2 2 8 O 20
4391 4387 2 1 3 O 20
4395 4394 2 2 8 O 10
4394 4393 2 1 3 O 20
4392 4395 2 1 2 O 10
4398 4399 2 2 8 O 10
4399 4397 2 1 3 O 20
4396 4398 2 1 2 O 30
4403 4402 2 2 8 O 10
4400 4403 2 1 2 O 10
4402 4401 2 1 3 M 30
4407 4406 2 2 8 O 20
4404 4407 2 1 2 O 10
4406 4405 2 1 3 O 20
4392 4408 2 2 10 M 30
4409 4410 2 2 9 O 20
4410 4386 2 3 16 O 30
4411 4401 2 4 20 O 10
4412 4410 2 4 22 O 20
3705 3704 1 7 36 M 20
4063 2755 2 7 34 O 20
4413 4414 2 9 49 O 20
3963 714 2 4 19 O 10
3961 2876 1 35 189 O 30
2613 3873 2 4 0 C 0
3521 1403 1 3 16 O 20
3707 3994 1 2 8 O 10
3994 3442 1 6 30 O 30
3995 3998 1 5 27 O 30
3998 3996 1 14 75 O 30
3996 1362 1 3 16 O 20
4221 3461 1 3 15 M 20
4221 3588 1 15 79 M 30
2954 4222 2 11 0 C 0
3874 2182 2 18 0 C 0
3525 3523 1 4 19 O 30
4249 2437 2 5 0 C 0
3050 3987 2 75 415 O 10
4415 4420 2 4 21 O 30
4420 4417 2 4 21 O 30
4417 4416 2 12 61 O 30
4417 4418 2 6 30 M 10
4419 4420 2 6 33 O 30
4421 281 1 30 163 O 30
4308 4424 2 5 25 M 20
4424 4423 2 1 3 O 10
4425 4426 2 2 11 O 20
4429 4430 2 4 17 M 10
4431 4434 2 2 10 O 30
4434 4427 2 2 7 M 20
4427 4439 2 3 14 O 20
4434 4437 2 1 4 O 30
4432 4426 2 5 25 M 30
4429 4427 2 3 14 O 20
4427 4438 2 1 2 O 10
4436 4429 1 3 13 O 20
4435 4436 1 7 36 O 30
4426 4435 1 5 27 M 30
4440 4432 2 2 6 O 30
4432 4433 2 2 10 O 30
4439 4440 2 2 10 O 30
4441 4433 2 2 10 O 30
4433 4428 2 2 9 O 20
4438 4441 2 4 19 O 30
4443 4442 2 2 6 O 20
4442 4433 2 3 13 O 30
4444 4443 2 2 9 O 10
4437 4444 2 2 8 O 10
2411 4445 1 3 14 M 30
4445 2727 1 10 51 O 10
2411 2803 2 15 83 O 30
2803 2522 2 16 87 M 20
2522 2570 2 12 65 O 30
2570 2294 2 15 79 O 20
2294 2804 2 15 79 O 20
2804 2624 2 14 73 O 30
4446 4447 2 2 8 M 20
4448 4449 2 2 9 M 30
179 4450 2 4 19 M 10
1983 3712 1 8 43 O 30
3712 1742 1 19 100 M 30
1742 1982 1 26 144 O 30
1521 2046 2 16 84 O 10
2046 3772 2 2 10 O 30
3772 3738 2 10 54 O 30
3738 2138 2 3 15 O 20
2138 1983 2 14 77 O 10
4452 4453 2 12 65 O 30
3706 1098 1 12 62 O 20
1098 1097 1 41 227 M 10
4456 4457 2 12 62 O 30
3450 1404 1 9 45 O 30
1404 3524 1 6 31 O 10
3590 4408 1 5 27 O 10
4408 4385 1 6 29 O 10
4385 4412 1 3 14 M 20
4412 3603 1 4 17 O 30
2985 131 1 16 84 O 10
3054 3055 1 11 60 O 30
1657 449 2 3 13 M 20
449 1602 2 3 12 O 30
1601 1602 1 21 111 O 10
1209 4547 2 2 6 O 30
4547 4549 2 6 30 O 20
4549 2311 2 6 33 M 20
2926 2410 1 18 99 M 30
2926 2390 2 26 141 M 10
2390 1209 2 23 123 O 10
4459 4460 2 9 0 C 0
4461 4462 2 18 96 O 30
4463 4464 2 11 60 O 30
4465 4466 2 15 79 O 30
4467 4468 2 4 17 M 10
3242 4469 2 3 15 M 30
4469 4470 2 5 23 O 30
4470 2472 2 5 28 O 10
4470 4471 2 3 15 O 10
4469 4472 2 2 10 M 30
4472 4473 2 3 12 M 10
4474 4475 2 3 12 O 30
4475 4470 2 5 25 O 20
4472 31 2 2 8 M 10
31 25 2 1 5 O 10
25 28 2 2 6 O 30
28 4475 2 1 4 O 20
1432 1433 2 27 0 C 0
1618 1432 2 11 0 C 0
1952 1652 2 15 79 O 20
4477 4476 1 15 79 O 20
3932 2659 2 9 49 O 30
4478 1312 1 5 26 O 30
3495 3496 1 10 53 O 20
3496 4478 1 3 14 O 20
3933 2832 2 15 79 O 30
1598 1314 1 6 0 C 0
3570 2063 2 24 131 O 30
3570 3543 1 15 80 O 30
2303 501 2 8 39 O 10
501 4479 2 4 21 O 10
4480 2269 1 20 0 C 0
2969 2970 1 30 0 C 0
2976 2977 1 13 70 O 20
2977 3670 1 79 436 O 20
702 703 1 58 320 O 20
4481 702 1 20 0 C 0
4482 2961 1 59 0 C 0
4205 2406 2 13 71 O 10
2406 4485 2 8 44 O 10
4485 2646 1 7 36 O 30
2646 2647 1 15 79 O 10
2647 4486 1 7 36 M 10
4486 4477 1 7 38 O 10
4476 4485 1 7 37 O 20
2280 3778 2 2 0 C 0
3778 510 2 7 0 C 0
510 659 2 8 0 C 0
659 2979 2 16 0 C 0
3757 4491 2 30 164 O 10
4492 4491 2 18 95 O 10
4493 4492 2 14 77 O 10
4492 4490 2 5 27 M 10
3876 3513 1 4 22 O 10
4494 4495 2 9 48 M 10
4496 4498 2 5 24 O 20
4498 4497 2 8 44 O 30
4498 4499 2 4 19 O 10
4499 3848 2 4 20 O 20
4499 4500 2 9 45 O 20
4502 4501 2 3 12 O 30
4503 4504 2 10 55 M 20
4505 4506 2 11 58 M 20
4507 4508 2 22 119 O 10
4509 4510 2 15 83 O 10
4511 197 2 10 50 M 20
4467 3176 2 17 94 O 10
3176 1828 2 5 24 O 20
1828 402 2 31 170 M 30
1826 1834 2 16 85 M 30
1834 2065 2 15 79 M 30
2065 1662 2 15 79 O 20
1662 1460 2 15 79 O 20
1460 1447 2 15 79 O 30
1447 1532 2 14 76 O 20
1532 2140 2 15 78 O 20
2140 2141 2 15 78 O 30
2141 1911 2 14 78 O 20
1911 1994 2 14 76 O 10
1994 1750 2 14 76 O 10
1750 1959 2 13 70 M 30
1959 2142 2 13 70 M 20
2142 1878 2 13 70 O 10
1878 1501 2 13 70 M 20
1501 2091 2 14 74 O 30
2091 2143 2 14 78 O 20
2143 1946 2 15 80 O 10
1946 2114 2 15 79 O 10
2114 1470 2 15 79 M 30
1470 2144 2 15 80 O 10
2144 2145 2 15 79 O 10
198 3101 1 20 106 O 30
957 956 2 3 14 O 30
4515 3522 1 1 5 O 30
3522 3523 1 5 24 O 10
3474 1327 1 8 39 O 30
2982 259 1 93 514 O 10
3669 121 1 49 272 O 20
2984 3669 1 10 52 O 10
2981 2982 1 36 195 O 10
2980 2981 1 183 1014 O 30
61 2980 1 66 0 C 0
4518 4517 2 3 13 O 30
1436 4518 2 3 12 O 30
130 59 1 103 0 C 0
106 2627 1 57 313 M 20
4522 4523 1 8 41 O 30
4524 4525 1 10 55 O 10
3565 3566 1 15 78 O 10
1578 2067 1 45 246 O 20
2067 1851 1 20 109 M 30
1851 1644 1 31 172 O 10
1644 3225 1 21 116 M 10
3225 2066 1 11 59 O 30
2066 2065 1 63 348 O 10
2065 1714 1 26 142 O 10
1714 2064 1 26 143 O 10
2064 2004 1 26 144 O 20
2004 499 1 7 36 M 20
499 2063 1 19 104 M 30
880 883 1 15 82 O 30
3514 3515 1 3 14 O 20
3531 3514 1 6 30 O 10
3751 3750 1 4 17 M 20
3747 3748 1 3 13 M 30
3748 3516 1 5 27 O 30
1562 1274 2 3 0 C 0
1562 1888 1 29 0 C 0
1888 1889 1 15 0 C 0
1889 1701 1 14 0 C 0
1274 1431 2 40 0 C 0
1431 1561 2 13 0 C 0
1561 3046 2 6 0 C 0
3046 1560 2 7 0 C 0
1560 3045 2 6 0 C 0
3045 1559 2 7 0 C 0
1559 1558 2 13 0 C 0
1558 1557 2 12 0 C 0
1557 1556 2 7 0 C 0
2047 1515 2 22 0 C 0
1515 1940 2 20 0 C 0
1859 1514 2 15 0 C 0
1514 1860 2 15 0 C 0
1860 1861 2 15 0 C 0
1861 147 2 9 0 C 0
147 1627 2 6 0 C 0
1627 1862 2 15 0 C 0
1858 2047 2 5 0 C 0
1858 1859 2 4 0 C 0
851 618 1 1 3 O 10
618 4526 1 1 4 M 30
2995 4349 2 8 44 O 30
1137 4527 2 2 9 O 20
4529 4528 2 2 8 O 30
4531 4530 2 2 10 O 30
4530 4532 2 12 64 O 20
1622 1621 1 15 80 O 10
4538 4537 2 6 32 O 20
4537 4536 2 8 40 O 20
4539 4537 1 7 36 M 20
4536 4535 1 7 36 O 30
1634 1635 2 15 80 O 20
1633 1634 2 15 78 O 10
4540 3502 1 6 30 O 30
3502 3493 1 15 81 O 20
4542 4544 2 19 101 O 10
4544 4545 2 6 30 M 20
4548 4554 2 3 13 O 30
4554 4553 2 4 21 O 10
4553 4547 2 15 82 O 10
4549 4550 2 3 16 O 20
4550 4551 2 6 31 O 30
4551 4552 2 3 13 O 10
4550 4553 2 9 47 O 20
4551 4554 2 8 39 O 20
2337 4555 2 6 33 O 10
100 1101 1 10 51 O 20
924 923 1 4 17 O 20
926 924 1 7 34 M 20
950 944 1 16 84 O 30
944 4556 1 5 28 O 20
3055 4557 1 8 41 O 10
4558 3054 1 5 26 M 20
4559 4560 2 13 68 M 20
4560 4561 1 9 47 M 30
696 3486 2 2 0 C 0
696 3489 1 3 0 C 0
4562 3745 1 10 0 C 0
996 683 1 2 9 M 30
683 679 1 4 19 O 10
679 4316 1 3 14 M 30
4316 4317 1 4 17 O 20
4317 993 1 4 21 O 10
993 990 1 14 77 M 30
4563 3828 2 5 24 O 20
4564 522 2 2 0 C 0
4273 3536 1 2 11 M 20
297 1211 1 4 21 O 30
1211 4565 1 6 31 O 30
4565 4621 1 4 20 M 30
4621 4352 1 2 7 O 30
4514 4513 1 3 12 M 20
4513 3460 1 12 61 O 30
1171 3453 1 25 135 O 20
2019 2013 1 26 140 O 20
2013 2020 1 26 143 O 30
2019 2248 2 15 79 O 20
2248 3789 2 10 53 M 20
3789 1797 2 6 28 O 10
4566 2019 1 8 40 O 10
3524 3139 1 4 19 O 30
4570 4571 2 8 39 M 30
1201 4572 2 4 17 M 30
3612 2340 2 26 139 O 30
2403 2404 2 10 55 O 20
2404 2774 2 15 81 O 20
4573 3746 1 4 0 C 0
2195 274 2 6 31 O 30
3323 275 2 3 0 C 0
4574 4575 2 1 4 O 20
4575 4576 2 3 13 M 30
4575 4577 2 2 8 O 10
4575 4578 2 2 8 O 10
4575 4579 2 3 14 M 20
4576 4580 2 2 11 O 30
4577 4581 2 2 11 O 20
4578 4582 2 2 11 O 30
4579 4583 2 2 10 M 30
4580 4584 2 3 13 O 30
4581 4584 2 2 8 O 30
4582 4584 2 2 8 M 20
4583 4584 2 3 15 M 30
4584 4585 2 3 13 O 30
2914 2337 2 14 77 O 10
2914 4541 2 6 29 O 20
3164 3566 1 8 43 O 10
4586 3565 1 7 35 M 10
4107 4101 1 4 18 M 30
4589 4588 1 4 0 C 0
2033 4589 1 6 0 C 0
3559 3576 1 3 15 O 20
3559 3548 1 14 77 O 20
3548 3560 1 14 75 O 10
3576 3577 1 13 72 O 10
3577 4124 1 4 21 O 20
4124 3578 1 10 51 O 10
3578 3580 1 12 62 O 10
3576 1083 1 24 130 M 10
1083 1747 1 6 28 O 10
1747 1748 1 26 141 M 30
1748 1749 1 26 143 O 10
1749 1719 1 26 143 O 30
1719 3231 1 16 88 O 20
3231 1750 1 10 54 O 20
1750 1751 1 32 174 O 10
1751 1752 1 32 174 O 10
1752 1650 1 32 173 O 20
3215 3218 2 6 29 O 30
4421 688 2 2 9 M 30
688 689 2 4 21 O 20
689 4516 2 13 71 O 30
4422 4421 2 2 7 O 30
3218 1892 2 8 40 O 10
2030 4569 2 2 0 C 0
1012 1013 2 4 18 M 20
4206 2407 2 15 83 O 20
2407 4592 2 8 44 O 30
3336 3334 1 3 13 M 30
3900 3339 2 16 85 O 10
4595 4116 2 3 16 M 30
4595 4115 2 3 12 O 20
4116 4117 2 3 12 M 20
2194 2025 2 16 85 O 20
2867 285 2 27 0 C 0
285 1303 2 14 0 C 0
1303 2868 2 23 0 C 0
2868 4597 2 10 0 C 0
4597 2869 2 14 0 C 0
4598 4599 2 4 18 O 10
3876 701 1 9 47 O 10
701 4600 1 33 180 O 20
4602 4606 1 4 18 O 10
4601 4602 1 5 22 O 10
419 1397 1 2 9 M 20
4604 4605 1 4 20 M 30
2128 4607 1 4 17 O 30
4516 1395 2 10 52 O 20
4600 3475 1 39 0 C 0
705 4609 1 18 0 C 0
2267 700 2 38 0 C 0
700 2268 2 7 0 C 0
2268 697 2 2 0 C 0
697 3760 2 5 0 C 0
3838 2267 2 4 0 C 0
445 1604 2 3 0 C 0
4621 4622 2 10 54 O 20
4623 4624 2 6 33 O 20
4624 4625 2 6 33 M 10
4625 4632 2 2 9 O 20
4632 4626 2 2 9 O 20
4626 4624 2 10 50 O 10
4357 4625 2 2 11 M 20
4627 4628 2 14 78 M 20
4628 4630 2 11 57 M 10
4630 4627 2 6 31 M 20
4301 4631 2 20 109 O 30
4632 4633 2 18 95 O 30
4626 4627 2 4 18 M 10
4628 200 2 2 7 O 10
200 4633 2 2 6 M 20
4633 4631 2 4 19 O 30
4631 4629 2 4 19 O 10
4634 4628 1 3 16 O 10
4638 4635 2 8 44 O 20
4641 4640 2 8 44 O 10
4639 4641 1 3 16 O 10
295 4644 2 4 19 O 20
4644 4637 2 4 18 O 10
4637 4645 2 7 37 O 20
4645 4643 2 6 33 O 10
4644 4645 2 4 22 O 20
4631 4646 2 4 22 M 10
4611 4614 2 3 16 O 10
4614 4612 2 19 102 M 10
4612 4613 2 13 70 M 30
4613 4614 2 6 33 M 30
4611 4615 2 11 56 O 10
4610 4611 2 11 57 O 20
4363 4364 1 4 19 O 10
4616 4366 2 6 30 O 10
4361 4360 1 9 49 O 10
4360 4616 1 7 36 O 30
4370 4369 1 4 20 M 30
4620 4647 2 8 44 O 20
4617 4648 2 11 61 O 20
4649 4650 2 15 78 O 30
4651 4652 2 18 99 O 10
4656 4654 2 12 65 O 30
4653 4656 2 3 16 O 30
4656 4655 2 14 74 O 30
4657 4658 2 17 90 O 30
4653 4658 2 4 17 M 30
4658 4677 2 4 18 O 20
4677 4678 2 4 19 O 10
4678 4659 2 4 19 O 10
4359 4668 2 7 34 O 10
4668 4670 2 4 19 M 30
4670 4365 2 2 9 O 10
4365 4672 2 2 9 O 10
4672 4674 2 4 18 O 10
4674 4660 2 4 19 O 10
4665 4666 2 6 30 M 30
4667 4668 2 6 30 M 30
4669 4670 2 9 47 O 30
4671 4672 2 12 61 O 10
4673 4674 2 14 77 O 10
4675 4659 2 11 56 M 10
4676 4677 2 17 89 O 30
4619 4679 2 9 49 M 10
4679 4681 2 5 26 O 10
4681 4678 2 3 15 O 30
4618 4679 2 8 40 O 30
4680 4681 2 11 58 M 20
3997 4546 2 3 14 O 30
1111 4691 2 13 67 M 10
4691 4684 2 3 14 O 20
4684 4683 2 1 4 O 30
4684 4685 2 3 13 O 30
1110 4686 2 4 17 M 10
4686 4685 2 12 66 O 30
4685 4688 2 30 163 O 20
4688 4687 2 31 170 O 10
4688 4689 2 34 189 O 10
1152 4690 2 2 6 O 10
4690 4686 2 31 167 M 20
4691 4692 2 4 20 O 30
4693 4694 2 7 37 O 10
4695 4694 2 3 13 O 30
4696 4694 2 4 20 O 10
4132 4133 2 3 14 O 20
0 1 2 11 61 M 20
173 2360 2 1 4 O 30
2360 179 2 8 40 O 20
179 2359 2 3 14 O 30
2049 1573 1 44 241 O 30
3668 3003 1 4 21 M 20
1775 3864 2 2 0 C 0
1892 3861 2 4 19 M 20
4 5 2 6 29 O 30
6 13 2 4 18 O 30
13 7 2 2 6 O 10
7 8 2 3 16 M 10
18 19 2 4 18 M 20
12 14 2 4 18 O 20
15 16 2 4 18 O 20
7 17 2 2 11 M 20
16 7 2 1 4 O 10
10 15 2 1 4 O 10
9 10 2 2 10 O 10
10 11 2 4 17 O 20
8 9 2 2 6 O 10
10 12 2 1 5 O 20
12 18 2 1 4 O 10
19 13 2 1 4 M 10
22 3004 2 12 64 O 20
2652 2651 2 15 79 O 10
2651 2650 2 15 80 O 10
2650 2563 2 15 80 O 10
2563 3002 2 5 23 O 10
23 24 2 2 11 M 10
26 27 2 2 11 O 10
29 30 2 2 11 O 10
4470 29 2 3 12 O 10
30 31 2 1 3 M 30
4470 26 2 2 9 M 30
27 28 2 1 3 O 30
4470 23 2 2 9 O 20
24 25 2 1 3 O 30
35 36 2 4 20 O 20
34 35 2 3 13 O 20
36 37 2 3 12 O 30
38 39 2 7 37 O 30
40 41 2 3 15 O 10
42 46 2 3 15 M 10
46 44 2 7 38 M 10
44 43 2 4 18 O 30
44 45 2 5 24 O 30
45 46 2 3 14 M 10
4368 4524 1 4 21 O 30
4524 303 1 3 14 O 10
48 49 1 5 26 O 10
2281 4593 1 25 0 C 0
3010 255 1 34 184 M 20
2128 720 1 8 42 O 30
52 53 2 2 7 O 10
54 55 2 4 19 O 30
2155 3445 1 8 42 O 20
58 2986 1 44 239 M 30
57 58 1 4 18 M 30
60 2988 1 31 0 C 0
59 60 1 5 0 C 0
2325 62 1 15 0 C 0
62 61 1 5 0 C 0
63 64 2 8 40 M 20
65 64 2 12 63 O 20
66 67 2 3 16 O 10
67 68 2 13 71 O 30
68 69 2 3 17 O 30
67 70 2 2 9 M 10
68 71 2 3 13 O 20
1210 298 2 3 16 M 10
298 1211 2 2 7 O 30
74 86 2 4 19 O 20
86 88 2 4 20 O 20
88 80 2 3 15 M 10
80 4040 2 12 63 O 10
76 77 2 11 58 O 10
78 79 2 11 57 O 10
221 83 2 9 46 O 10
221 81 2 12 62 M 10
88 220 2 4 20 O 30
220 84 2 11 59 M 30
220 85 2 10 50 O 10
86 87 2 12 67 O 20
88 89 2 11 59 O 20
82 74 2 14 76 O 20
84 85 2 4 20 O 20
85 89 2 4 20 O 20
89 87 2 4 22 O 20
87 82 2 4 21 O 10
90 91 2 2 10 O 30
91 93 2 1 4 M 30
93 99 2 6 30 O 20
99 92 2 6 33 O 30
92 98 2 3 15 M 30
98 91 2 6 33 O 30
93 94 2 1 3 O 30
94 95 2 4 19 M 10
95 96 2 1 3 O 10
97 92 2 4 20 M 30
98 96 2 3 14 O 20
96 99 2 2 7 O 20
3049 3050 2 16 89 O 10
3057 100 1 8 40 O 10
1101 1102 2 21 114 M 20
1101 1100 2 14 75 O 10
1100 4350 2 11 57 O 10
4350 2995 2 8 41 M 30
4351 101 2 18 99 O 10
101 102 2 39 215 M 20
103 2994 1 6 0 C 0
2994 3047 1 45 0 C 0
104 103 1 30 0 C 0
2996 2997 1 9 47 O 30
2620 105 1 30 164 O 10
108 106 1 20 106 O 10
2627 2990 1 31 170 M 20
107 3673 1 8 43 M 10
2620 3015 1 26 141 O 20
3666 3660 1 4 19 M 30
3013 108 1 8 40 O 10
3674 109 1 12 65 O 10
2989 3634 1 16 87 M 20
2991 2992 1 11 58 O 30
2993 110 1 13 69 O 20
2993 3021 1 13 68 O 20
111 3642 1 17 89 O 10
3022 4488 1 29 156 M 20
112 3022 1 10 51 M 30
113 3022 1 10 51 O 30
4488 114 1 31 168 O 30
1103 4487 1 17 0 C 0
3018 867 1 5 24 M 30
867 188 1 15 83 O 10
188 3243 1 13 72 O 10
3243 3019 1 3 0 C 0
3019 2628 1 11 0 C 0
2628 3020 1 7 0 C 0
116 118 2 7 0 C 0
118 117 2 4 0 C 0
2348 951 2 6 0 C 0
119 3102 1 34 185 M 20
4044 4326 2 3 16 O 20
122 4548 1 2 8 O 20
4548 4552 1 7 38 O 20
4552 2311 1 6 29 O 10
2270 2978 1 21 113 O 10
3671 3005 1 13 71 M 30
3665 3671 1 6 32 O 30
123 1105 2 3 13 O 20
125 4514 1 9 45 O 30
124 1108 1 12 67 M 20
3621 2952 1 7 38 O 20
2626 4105 1 13 67 O 20
4105 4587 1 4 18 M 30
3649 3721 1 6 29 O 20
128 153 1 3 15 O 10
153 1361 1 3 16 M 10
129 2272 1 12 63 O 20
2950 129 1 8 40 O 30
2987 130 1 9 0 C 0
131 57 1 11 58 M 10
3653 3941 1 2 10 M 30
21 2274 1 3 12 M 30
132 2985 1 55 305 O 30
3670 132 1 22 117 O 20
2975 2976 1 20 109 M 30
2963 2964 1 28 153 O 30
2962 133 1 24 133 O 20
133 2963 1 15 82 O 20
2972 2973 1 35 189 O 10
2965 2966 1 34 185 O 10
2486 2653 2 15 79 O 20
2653 2652 2 15 80 O 20
2652 22 2 4 18 O 10
3964 3963 2 4 19 O 10
411 2971 1 24 0 C 0
2967 409 1 25 0 C 0
412 410 1 17 0 C 0
2961 412 1 10 0 C 0
2960 135 1 6 0 C 0
4227 136 2 12 0 C 0
136 1626 2 6 0 C 0
1626 571 2 2 0 C 0
571 1625 2 10 0 C 0
1625 1308 2 7 0 C 0
1308 1309 2 6 0 C 0
1309 137 2 5 0 C 0
137 3 2 14 0 C 0
3 138 2 5 0 C 0
138 2957 2 10 0 C 0
141 2027 1 4 0 C 0
3709 141 1 10 0 C 0
139 3709 1 4 0 C 0
140 1551 2 10 51 O 20
929 43 1 7 39 O 30
43 2117 1 27 147 O 30
1883 599 2 5 27 O 20
599 602 2 5 26 O 30
602 2208 2 5 27 O 30
2208 1954 2 15 82 O 20
1953 2244 2 15 82 O 10
2244 1882 2 15 79 M 30
1882 1506 2 15 79 O 10
2024 514 2 3 11 O 10
514 581 2 9 48 O 30
581 1782 2 9 49 O 10
1782 2200 2 15 79 O 10
2200 1547 2 15 81 M 20
937 4318 1 9 47 O 20
4318 2240 1 25 138 O 30
2240 2193 2 15 79 O 20
2193 2024 2 15 81 O 20
143 142 2 7 34 O 10
145 146 1 12 64 O 20
4293 148 2 4 20 M 10
708 149 1 5 27 O 30
150 3476 1 16 87 O 30
1963 331 1 9 45 O 30
331 3505 1 21 114 M 10
151 3747 1 9 48 O 10
3519 1816 1 23 127 O 30
1611 1612 2 15 0 C 0
1612 3699 2 2 0 C 0
3699 1613 2 14 0 C 0
1613 152 2 2 0 C 0
153 154 2 11 58 M 10
154 574 2 2 9 M 30
155 156 2 6 33 O 10
157 3662 1 9 45 O 20
3663 3653 1 7 37 O 30
1891 3218 2 30 162 M 10
158 159 2 5 23 O 20
160 161 2 4 17 O 30
173 178 1 4 18 O 20
174 2361 1 3 14 M 10
2361 173 1 2 7 M 20
163 3085 1 7 34 O 20
3085 162 1 7 34 O 20
166 439 1 9 45 O 20
439 168 1 8 43 M 20
167 164 1 5 24 O 20
164 165 1 4 20 O 30
165 170 1 8 41 M 10
169 168 1 2 7 O 30
168 163 1 1 2 M 10
163 162 1 3 13 M 20
162 167 1 2 8 O 10
167 170 1 3 13 O 30
170 166 1 3 12 M 10
166 169 1 2 9 M 30
171 3007 1 9 47 M 30
171 178 1 5 24 O 10
178 172 1 1 3 M 20
172 175 1 3 12 M 30
176 177 1 16 84 O 30
176 175 1 8 43 M 10
174 177 1 11 57 O 20
2359 171 2 7 34 M 10
2921 2922 1 5 26 M 10
2922 2361 1 8 39 O 10
183 184 2 3 12 O 10
184 185 2 4 20 O 20
184 186 2 5 24 O 20
2121 3153 2 29 0 C 0
3153 2030 2 7 0 C 0
188 189 2 10 50 M 30
189 191 2 9 48 O 30
189 190 2 6 32 O 30
193 190 2 4 19 O 10
190 192 2 10 51 M 10
3982 194 2 4 18 M 30
195 194 2 3 12 O 30
194 196 2 6 30 O 10
3983 3982 2 8 0 C 0
3659 3667 1 4 18 M 20
200 199 1 4 21 O 20
201 202 2 7 34 O 20
203 204 2 11 57 M 30
1206 3383 2 5 24 O 30
3383 4302 2 4 21 O 20
4302 3688 2 2 9 M 10
3688 4304 2 3 14 O 30
4304 4287 2 1 3 M 10
4287 2836 2 10 55 M 10
2836 3781 2 9 46 O 30
3781 3782 2 3 16 O 30
3782 2899 2 7 37 O 10
3687 1206 2 4 21 O 10
1205 3687 2 2 8 M 10
886 1527 2 28 155 O 20
886 882 1 14 74 O 20
882 881 1 2 11 M 30
881 878 1 13 70 O 30
878 875 1 15 79 O 20
875 360 1 13 0 C 0
885 886 2 2 11 O 20
4601 710 1 4 22 M 30
207 208 2 6 32 M 30
207 209 2 4 20 O 10
211 212 2 6 30 M 20
214 213 2 12 67 O 20
1138 73 2 17 91 O 20
73 80 2 12 62 O 20
80 216 2 13 67 O 10
4039 217 2 9 47 M 30
225 230 2 6 29 O 20
230 232 2 5 24 O 30
232 234 2 4 21 M 20
234 235 2 4 19 O 10
235 236 2 5 22 O 10
236 237 2 5 25 O 20
237 239 2 5 24 O 10
239 240 2 5 27 O 10
240 242 2 5 24 O 10
242 241 2 21 114 O 30
241 218 2 10 51 O 10
218 238 2 4 20 M 20
238 72 2 31 169 O 30
72 73 2 5 24 O 20
4035 81 2 3 16 O 20
81 83 2 4 22 O 30
4021 1104 2 17 91 O 10
223 4012 2 3 16 M 20
74 226 2 5 24 O 20
226 227 2 4 19 M 20
227 224 2 4 21 M 30
224 225 2 21 114 M 10
225 228 2 6 30 O 10
228 219 2 5 26 M 20
72 226 2 2 11 O 10
226 219 2 15 80 O 20
227 228 2 18 95 M 10
82 219 2 5 28 O 20
229 230 2 24 132 M 20
231 232 2 26 142 M 10
233 234 2 26 142 O 10
238 534 2 1 5 M 30
534 239 2 14 76 O 20
218 240 2 11 59 O 20
241 4698 2 8 40 O 30
4698 242 2 8 40 O 30
4039 78 1 4 22 M 20
78 76 1 4 19 O 20
76 75 1 4 18 O 20
215 77 1 4 18 O 30
77 79 1 4 18 O 30
79 217 1 4 19 O 30
217 4029 1 9 48 O 20
4029 4039 1 3 15 M 20
75 215 2 11 58 O 30
246 254 2 5 26 O 20
254 251 2 2 7 O 20
251 247 2 3 14 O 30
243 250 2 3 11 M 10
248 249 2 3 14 O 30
250 249 2 4 22 M 30
249 251 2 5 24 M 10
253 254 2 4 17 O 20
4607 244 2 3 15 O 10
245 246 2 3 12 O 10
244 252 2 3 17 M 20
252 253 2 3 12 O 20
256 257 1 7 33 O 30
257 2625 1 28 151 O 10
255 3011 1 15 82 O 20
2955 4224 1 2 0 C 0
4224 2958 1 2 0 C 0
2958 3708 1 14 0 C 0
3708 355 1 8 0 C 0
3667 3664 1 13 69 O 20
3660 4101 1 23 127 O 20
2612 3838 2 2 0 C 0
698 704 1 24 0 C 0
259 260 1 7 39 M 30
260 2983 1 6 32 O 10
261 262 1 5 25 O 10
262 3622 1 16 88 O 10
3698 2 1 15 0 C 0
2 2955 1 29 0 C 0
264 4299 1 3 12 O 30
263 264 1 1 5 O 30
265 3947 1 4 18 O 30
266 265 1 2 7 O 20
267 268 1 6 28 M 20
1651 267 1 6 28 O 20
2068 1756 2 15 0 C 0
1756 2069 2 15 0 C 0
2069 1926 2 15 0 C 0
2136 1072 2 10 0 C 0
1072 2137 2 20 0 C 0
2137 3710 2 20 0 C 0
3710 593 2 5 23 O 30
593 1521 2 6 28 O 20
269 3450 1 1 6 O 30
3449 3521 1 4 17 O 20
1998 20 2 13 0 C 0
20 205 2 3 0 C 0
205 2068 2 12 0 C 0
2068 1738 2 26 0 C 0
1738 3145 2 6 0 C 0
3145 4699 2 6 0 C 0
4699 3146 2 6 0 C 0
3146 2136 2 9 0 C 0
2136 2099 2 32 0 C 0
2099 1307 2 9 0 C 0
1307 603 2 4 0 C 0
603 2178 2 20 0 C 0
2178 3143 2 16 0 C 0
3143 328 2 14 0 C 0
327 1838 2 30 0 C 0
2175 1080 1 13 0 C 0
1080 447 1 15 0 C 0
447 1597 1 3 0 C 0
1597 2189 1 12 0 C 0
2189 2155 1 32 173 O 30
3445 1979 1 10 52 O 30
1979 3534 1 16 84 M 30
4274 3445 1 6 33 M 20
2176 2177 2 17 0 C 0
2175 1076 2 6 0 C 0
1076 2176 2 10 0 C 0
460 271 1 8 43 O 30
274 275 2 10 51 M 30
3057 276 1 19 104 O 20
277 3985 1 4 21 O 10
3985 3056 1 4 22 O 10
984 273 2 6 32 M 10
271 272 1 3 14 O 30
1478 1483 1 7 34 O 10
1483 1601 1 19 103 O 10
282 283 2 3 13 M 30
284 282 2 2 6 O 20
2905 3125 2 6 0 C 0
3125 2668 2 8 0 C 0
2328 3700 2 11 60 O 20
3700 2905 2 4 18 O 10
279 1436 2 8 42 O 10
3515 270 1 7 39 O 10
283 4422 2 3 12 O 10
282 281 2 3 12 M 20
281 4422 1 3 13 O 10
287 286 1 3 16 M 30
288 289 1 4 20 M 30
289 291 2 4 18 O 10
292 293 1 4 21 M 20
2274 1019 1 12 64 O 10
1019 2654 1 5 25 O 10
2654 1016 2 7 39 M 30
1016 1017 2 3 12 O 10
1017 2486 2 5 27 O 20
3662 2654 2 3 16 O 10
1032 3387 2 5 27 O 30
3387 3946 2 3 11 M 30
2657 2656 2 10 54 O 30
2656 2655 2 5 25 O 20
2655 1032 2 5 27 O 20
4104 4103 1 6 29 O 30
4103 4102 1 19 101 O 20
3490 3486 1 2 0 C 0
1048 258 1 2 0 C 0
1088 2887 2 7 0 C 0
2887 2601 2 7 0 C 0
2601 2327 2 14 0 C 0
294 4513 1 4 22 O 20
4513 4000 1 2 9 O 20
4635 4641 2 4 19 M 10
4641 4636 2 4 19 M 30
4637 4640 2 4 18 O 10
4640 4638 2 4 18 O 10
4642 4636 2 3 16 O 20
4636 295 2 2 6 M 30
3459 124 1 11 57 M 10
3460 296 1 5 27 O 10
4356 3696 1 8 42 M 10
3696 298 1 5 24 O 30
298 297 1 4 21 O 10
4356 1149 2 6 33 O 20
4367 4356 1 15 82 O 30
299 4367 1 5 26 M 30
300 299 1 10 50 M 20
3414 307 2 2 10 O 20
3416 3414 2 7 37 O 20
3451 1176 1 6 31 O 30
1176 452 1 5 25 M 20
3451 1171 2 5 24 O 30
301 4359 1 14 73 O 30
4358 301 1 7 35 M 10
3415 4619 2 4 20 O 30
4362 302 1 7 37 O 10
4659 4660 2 8 39 O 20
4663 4666 2 4 18 M 30
4666 4664 2 4 22 M 10
4353 4355 2 2 10 O 10
4355 4664 2 4 20 M 30
4664 4661 2 6 30 M 10
4662 4663 2 6 30 O 10
4519 4520 1 4 17 O 20
4521 4522 1 4 21 O 10
303 4519 1 6 32 O 30
4520 48 1 3 12 O 20
49 4521 1 2 7 O 30
4523 4353 1 5 25 O 20
304 4523 1 10 50 O 10
4525 304 1 6 30 O 20
3454 4354 1 8 42 O 30
305 306 1 3 11 O 20
306 4371 1 4 18 O 20
4371 4511 1 5 24 O 10
4511 4374 1 2 10 M 20
4374 4376 1 3 12 O 10
4376 4372 1 3 14 O 30
4372 198 1 3 13 O 10
4375 4377 1 4 18 O 20
4377 4373 1 5 22 O 20
3455 3451 1 12 66 M 20
3455 307 1 15 81 O 20
307 3451 2 4 20 O 10
3456 308 1 10 55 O 30
309 3456 1 8 41 O 10
3457 4568 2 2 7 O 30
2471 4567 2 4 21 O 10
2476 310 2 6 29 O 30
4342 393 2 11 57 O 20
393 384 2 5 26 O 20
384 382 2 7 37 M 30
382 313 2 10 52 O 30
313 314 2 7 38 M 10
2155 2135 1 5 25 O 20
3537 50 1 11 60 M 30
1845 318 1 8 42 M 30
320 1845 1 16 84 M 10
319 1636 1 8 42 O 10
1636 320 1 17 90 O 10
321 2197 1 24 133 M 30
1451 1463 2 15 79 O 10
1463 1664 2 15 79 M 10
1664 1851 2 15 78 O 10
1851 1836 2 15 80 O 10
1836 1829 2 16 85 M 10
322 1845 2 6 32 O 30
326 2864 2 2 0 C 0
2864 2865 2 7 0 C 0
2865 2344 2 10 0 C 0
2344 2343 2 5 0 C 0
2343 2866 2 15 0 C 0
325 326 2 7 0 C 0
1773 324 2 3 0 C 0
324 1774 2 6 0 C 0
1491 1636 2 13 71 O 30
1629 327 2 2 0 C 0
328 1629 2 2 0 C 0
2290 2289 1 7 38 O 30
2289 2307 1 14 77 O 30
3458 3457 2 3 15 O 20
331 332 2 16 84 M 10
3969 1348 2 3 12 O 30
206 207 2 3 15 O 10
333 334 2 3 15 O 10
280 335 2 8 41 O 30
3780 2277 2 3 13 O 10
337 338 2 5 23 O 10
337 340 2 4 17 O 30
338 341 2 3 16 O 30
341 342 2 4 17 O 30
341 343 1 4 22 O 30
338 339 1 4 22 O 20
336 337 1 4 21 M 10
175 174 1 1 2 M 20
2189 3822 1 14 0 C 0
4104 3695 2 7 36 O 10
3695 126 2 20 106 O 30
2794 2919 2 16 85 O 30
126 2794 2 12 65 O 20
344 562 2 16 85 M 20
2025 344 2 6 32 M 20
345 2025 1 8 40 O 30
346 1765 2 6 33 O 30
1765 347 2 6 31 O 10
348 2026 2 6 33 O 30
4240 348 2 5 26 O 30
2024 345 1 28 151 M 10
349 950 2 4 17 O 20
2023 3825 2 2 10 O 20
3825 350 2 25 137 O 20
350 1594 2 4 21 O 10
1594 351 2 8 39 M 30
352 314 2 15 79 M 20
2022 394 2 2 6 M 30
394 352 2 7 36 O 20
353 2021 2 4 22 M 20
314 353 2 6 30 M 10
354 3321 1 2 10 O 20
3321 139 1 8 0 C 0
355 2026 1 15 80 O 20
873 1578 1 28 155 O 10
1443 1444 1 26 140 O 20
1444 1445 1 26 144 O 20
1445 1446 1 26 143 M 20
1446 1447 1 26 142 O 10
1447 1448 1 32 173 O 10
1997 1649 1 14 72 O 30
1649 3446 1 2 7 O 30
1433 442 2 18 0 C 0
177 2921 1 3 14 M 30
134 4228 1 10 0 C 0
135 134 1 4 0 C 0
363 364 2 6 30 M 20
364 1550 2 7 37 O 20
1138 1106 2 48 263 M 20
4268 4265 2 5 23 M 10
1008 1006 1 16 84 M 10
1008 3618 2 3 12 M 20
3618 1007 1 15 83 M 10
1007 1005 1 15 80 O 10
1005 1003 1 12 66 M 20
1003 1001 1 3 13 O 30
1001 996 1 15 79 O 20
3619 2737 1 3 12 O 30
3619 3620 1 24 130 O 10
1004 366 1 5 23 M 30
1406 666 2 3 12 O 10
666 664 2 3 15 O 30
664 367 2 1 4 O 20
368 3559 1 6 29 O 30
369 2613 2 6 0 C 0
3986 370 1 4 21 O 30
373 372 1 4 18 O 20
372 371 1 5 25 M 20
378 376 1 9 45 M 30
376 377 1 2 11 M 10
377 378 1 7 34 M 30
375 378 2 4 17 O 10
4341 390 2 5 23 O 20
390 389 2 4 22 O 30
389 387 2 6 28 M 20
387 379 2 6 30 O 30
379 381 2 10 54 O 30
382 383 2 7 38 O 20
383 384 2 4 19 O 10
379 397 2 8 41 O 20
397 399 2 7 34 O 20
399 385 2 2 11 O 10
379 386 2 11 57 M 20
387 388 2 7 39 O 30
388 389 2 2 7 O 20
390 391 2 7 34 O 10
4341 392 2 14 72 O 30
394 393 2 12 63 O 10
393 395 2 7 35 O 10
395 396 2 6 32 O 30
397 398 2 6 29 O 30
398 399 2 3 15 M 10
400 3626 1 52 284 M 10
1392 2039 2 36 197 O 10
2039 2846 2 26 0 C 0
3689 1103 1 5 0 C 0
401 3223 2 3 12 O 20
3223 1829 2 29 157 O 20
1829 278 2 23 126 O 20
278 1322 2 2 6 O 20
402 1642 2 1 5 O 30
1642 401 2 1 5 O 10
403 4508 2 11 59 O 30
4258 1376 2 3 0 C 0
2444 3257 2 7 0 C 0
2670 3846 2 2 0 C 0
3846 2867 2 21 0 C 0
413 868 1 1 3 O 20
414 3645 2 3 13 M 20
3646 418 2 1 6 O 10
416 3654 1 2 8 O 10
417 3643 2 8 43 M 30
3664 415 1 2 7 O 20
2243 2242 1 4 18 M 10
421 1398 1 3 14 O 20
4603 419 1 1 2 O 10
710 420 1 3 15 M 10
4606 4603 1 4 19 M 10
711 422 1 1 3 O 10
423 707 1 4 18 O 30
4605 4603 1 3 17 M 20
853 851 1 2 9 O 30
4041 424 1 12 62 O 20
933 932 1 3 13 M 30
933 928 1 15 79 M 10
928 926 1 9 46 O 30
932 930 1 3 14 O 20
3412 3411 2 4 19 O 10
427 428 2 2 11 O 20
428 434 2 6 28 O 10
434 429 2 2 11 O 10
430 431 2 2 11 O 20
431 432 2 4 22 O 10
432 433 2 2 10 M 30
434 431 2 4 18 M 30
431 433 2 7 35 M 20
432 435 2 2 11 M 20
436 437 1 7 37 O 30
433 436 1 5 24 M 30
437 428 1 1 2 M 10
433 438 2 2 10 O 20
3498 440 1 9 48 M 10
441 1286 1 9 47 O 10
440 3494 1 4 17 O 10
1291 441 1 4 18 O 10
3822 1598 1 3 0 C 0
983 985 2 2 11 O 20
988 985 1 8 44 O 20
979 983 2 3 14 O 10
3794 978 1 7 35 M 20
982 1333 1 12 61 O 10
3300 980 1 14 73 M 20
980 3299 1 15 83 O 30
3299 976 1 8 44 O 20
889 893 1 12 63 M 20
893 901 1 33 179 M 30
901 904 1 14 73 O 30
889 891 2 3 12 O 10
894 1581 1 28 155 O 10
1581 2215 1 26 142 O 20
2215 2160 1 20 108 M 30
894 888 1 15 80 M 20
888 886 1 16 84 O 20
891 892 2 3 14 M 10
997 2697 1 8 42 O 20
2697 2585 1 24 129 O 30
2585 2950 1 8 43 O 30
1382 3255 2 2 0 C 0
4251 4250 2 3 0 C 0
4250 3254 2 4 0 C 0
962 963 2 2 10 M 20
962 965 1 20 108 M 30
965 967 1 9 49 O 30
967 969 1 9 48 M 30
969 974 1 35 189 O 20
974 3794 1 8 43 O 20
968 484 1 8 40 O 10
484 482 1 9 48 M 20
482 1544 1 10 52 O 10
1544 1543 1 32 174 O 20
1543 1542 1 32 174 O 30
968 964 1 15 81 O 30
964 4453 1 5 23 O 10
4453 3823 1 7 35 O 30
963 1545 2 3 14 O 10
3785 962 2 4 20 O 20
452 3454 1 6 31 M 20
3101 1171 1 4 20 O 30
306 4379 1 2 11 O 30
4379 4378 1 20 109 M 20
4378 3101 1 3 16 O 20
991 986 2 4 17 M 10
3497 1284 1 8 42 O 20
458 1885 2 11 0 C 0
459 1079 2 6 0 C 0
4590 2028 1 2 0 C 0
3327 463 2 12 62 M 20
463 3328 2 3 15 O 10
3326 4186 2 3 12 M 20
806 808 1 3 16 O 30
808 811 1 4 18 O 20
811 813 1 5 27 O 30
813 468 1 19 102 M 30
469 464 2 4 17 O 10
464 465 2 4 17 O 20
465 466 2 4 18 O 30
466 467 2 5 24 O 20
469 471 2 19 104 O 20
471 472 2 3 17 O 30
472 473 2 4 18 O 20
473 470 2 4 18 O 30
472 465 2 16 84 M 30
466 473 2 16 85 O 20
849 619 1 6 29 M 20
619 469 1 3 17 O 10
464 471 2 16 84 O 20
425 426 2 23 123 O 30
782 784 1 4 17 M 30
784 788 1 4 19 M 30
788 791 1 5 25 O 10
425 791 1 16 86 M 10
424 849 1 3 13 M 30
1050 476 2 4 21 M 20
479 477 2 6 29 O 20
477 595 2 1 6 O 20
595 478 2 10 52 O 30
4330 480 2 6 31 M 20
4333 481 2 6 31 O 10
484 483 2 16 84 M 10
483 482 2 7 36 O 10
486 485 2 7 35 O 20
488 486 2 8 41 M 20
486 487 2 8 41 O 30
490 489 2 6 29 O 10
492 491 2 13 71 O 30
494 493 2 12 66 O 10
495 496 2 10 55 M 30
3161 497 2 5 28 O 10
498 499 2 3 13 O 20
1597 3822 1 18 0 C 0
501 500 2 5 27 M 10
2828 3777 2 14 0 C 0
3777 505 2 11 0 C 0
3885 181 2 3 0 C 0
3885 3887 1 3 0 C 0
3887 182 1 2 0 C 0
505 2829 2 1 0 C 0
1438 4324 1 6 0 C 0
4324 4323 1 4 0 C 0
4323 3059 1 2 0 C 0
4256 3706 1 21 115 O 30
477 506 2 2 6 O 30
360 873 1 2 0 C 0
4305 507 1 12 66 O 30
509 2730 2 8 40 M 30
2730 508 2 7 35 O 20
2200 1668 2 32 175 O 10
1668 3285 2 18 98 O 20
3285 961 2 13 68 O 10
1474 1473 2 35 190 O 20
1669 3844 2 6 30 O 30
3844 4509 2 28 152 O 20
4509 403 2 11 57 O 10
403 4244 2 9 46 O 30
4244 1670 2 6 28 O 20
2116 1591 1 46 250 O 30
1591 933 1 28 154 O 10
1406 669 1 4 18 O 30
669 660 1 2 10 O 20
660 1407 1 11 59 O 30
1407 1408 1 14 78 M 20
51 3501 1 18 98 O 20
3501 4540 1 10 52 M 10
2890 2453 1 7 33 O 20
197 4512 2 6 29 M 30
1420 1421 1 15 82 O 30
1421 1422 1 15 81 O 10
1422 1423 1 16 0 C 0
1423 1424 1 15 0 C 0
514 513 1 23 124 M 20
512 511 1 23 127 O 10
2025 512 1 6 32 M 20
513 356 1 13 69 O 10
511 514 1 6 28 M 20
516 515 2 10 55 O 30
517 518 2 6 32 M 30
521 1012 2 3 13 M 20
519 521 2 6 30 O 20
520 519 2 3 16 O 20
3987 4041 2 5 25 O 10
4041 3641 2 35 191 O 30
522 2179 2 2 0 C 0
526 525 2 10 53 O 30
524 523 2 13 71 O 30
530 529 2 5 24 M 10
528 527 2 8 41 M 20
1020 1021 2 4 19 O 20
4303 538 2 4 22 O 30
537 235 2 24 131 O 10
536 236 2 21 113 O 30
535 237 2 17 93 O 20
224 229 2 4 17 O 10
229 231 2 4 17 M 20
231 233 2 4 19 O 20
233 537 2 4 18 O 20
537 536 2 4 19 O 20
536 535 2 4 20 O 20
535 534 2 4 19 O 10
4025 4023 2 4 17 O 20
4023 4019 2 4 20 O 30
4019 4017 2 4 18 M 30
4030 4029 1 3 14 O 20
2813 2414 2 7 0 C 0
2414 2861 2 8 0 C 0
2861 2862 2 14 0 C 0
2862 2539 2 14 0 C 0
2539 4383 2 3 0 C 0
4383 4384 2 4 0 C 0
4384 4382 2 5 0 C 0
4382 2731 2 4 0 C 0
2731 643 2 8 0 C 0
643 2489 2 7 0 C 0
2489 502 2 7 0 C 0
502 2342 2 8 0 C 0
2342 4451 2 7 0 C 0
4451 2773 2 7 0 C 0
2773 503 2 6 0 C 0
503 2863 2 9 0 C 0
2863 2835 2 15 0 C 0
2835 2811 2 13 0 C 0
2811 325 2 2 0 C 0
2866 3845 2 5 0 C 0
3845 2670 2 5 0 C 0
2929 2930 2 12 0 C 0
541 542 1 10 52 O 20
542 540 1 2 9 O 20
540 541 1 3 12 O 20
542 543 2 4 18 O 20
539 541 2 3 14 O 10
544 1528 2 9 48 O 30
3994 3995 2 3 16 O 10
3995 2503 2 16 85 O 20
2503 2889 2 15 79 O 10
2889 2611 2 15 79 M 30
2611 2914 2 15 79 O 20
1603 1604 1 5 0 C 0
2315 547 2 2 11 O 10
552 553 1 11 59 O 10
553 554 1 9 46 O 30
555 556 2 10 0 C 0
557 544 2 31 168 O 30
1576 1577 2 15 79 M 10
1577 1578 2 15 79 M 20
1578 1579 2 15 79 O 20
1579 1465 2 15 79 O 30
1465 1453 2 15 79 O 30
1453 1527 2 14 73 O 10
1527 557 2 7 36 M 20
3871 696 2 7 0 C 0
3115 556 2 3 13 O 10
556 180 2 2 11 M 20
561 4129 2 3 15 O 30
4129 4126 2 4 20 O 20
562 346 2 9 48 O 30
347 1759 2 3 16 O 10
1759 4235 2 4 21 O 30
947 356 2 2 7 O 20
356 1666 1 16 84 O 20
1666 1667 1 15 80 O 10
4308 563 2 4 17 O 20
565 566 2 7 34 O 10
567 568 2 7 35 O 10
569 570 2 8 41 O 20
3825 3826 2 6 30 O 20
3309 3619 1 5 23 O 10
2274 3653 1 4 17 O 30
883 884 2 3 12 O 30
883 887 1 16 84 O 20
887 889 1 15 80 M 10
572 573 2 11 56 O 30
986 984 2 2 10 M 30
946 1881 2 13 70 O 10
1881 1504 2 15 78 O 10
1504 2094 2 14 76 O 10
2094 2162 2 15 82 O 10
2162 1949 2 15 81 M 20
1949 2116 2 15 80 O 30
930 935 1 17 89 O 20
935 938 1 12 63 O 20
938 1326 1 21 114 M 10
930 929 1 3 12 M 30
929 931 1 7 37 O 30
931 934 1 8 42 O 30
934 937 1 15 79 O 20
937 3409 1 4 18 O 20
3409 940 1 5 24 O 10
892 890 1 5 27 M 10
890 1319 1 12 62 O 10
154 155 2 2 6 O 20
155 3721 2 3 16 O 10
575 576 1 13 72 O 10
577 4131 2 6 31 O 10
1759 578 2 5 27 O 10
581 580 2 6 30 O 20
596 595 2 15 79 O 30
587 586 2 3 14 O 20
590 589 2 3 14 O 30
589 588 2 3 13 M 30
592 589 2 4 20 M 10
589 586 2 2 9 O 10
586 591 2 2 6 O 10
594 591 2 3 13 O 10
591 587 2 4 21 M 10
587 590 2 2 9 M 10
590 592 2 2 6 M 10
592 593 2 4 17 M 30
583 582 2 6 33 O 20
585 584 2 6 32 M 20
1366 598 2 8 41 O 30
598 597 2 4 19 O 30
600 599 2 5 25 O 20
601 600 2 2 7 O 30
602 601 2 5 24 M 10
278 608 1 17 90 O 30
605 606 2 6 32 O 20
606 604 2 8 39 M 30
607 606 2 7 37 O 30
610 609 2 16 86 O 30
612 611 2 4 21 O 10
615 614 2 3 15 M 30
617 616 2 3 15 M 30
619 618 2 3 13 O 10
3988 861 2 2 8 M 30
861 858 2 4 19 O 20
858 856 2 5 24 O 10
3965 3026 1 10 51 O 30
1975 375 2 6 29 M 30
375 3966 2 7 36 O 20
2699 122 1 17 89 M 20
3606 3607 1 13 71 M 20
3607 3608 1 16 88 O 10
3921 3920 1 2 8 O 10
620 622 2 3 16 O 20
622 631 2 3 12 O 30
631 629 2 3 11 O 20
629 636 2 2 7 O 30
636 623 2 5 25 O 20
623 621 2 2 11 O 20
622 624 2 3 15 O 30
624 630 2 1 6 O 30
630 626 2 2 9 O 10
626 628 2 1 2 O 30
628 623 2 3 13 O 20
624 625 2 2 11 O 30
626 627 2 2 11 O 10
634 635 2 2 9 O 20
632 633 2 2 9 O 30
630 632 2 1 2 M 20
633 631 2 1 4 O 30
628 634 2 1 2 O 30
635 629 2 2 6 M 10
636 637 2 4 21 O 20
622 638 2 4 17 O 30
641 639 2 3 13 O 30
642 641 2 8 41 M 10
641 640 2 4 19 O 20
645 644 2 5 23 M 20
381 313 2 7 34 O 20
381 382 2 10 54 O 10
313 380 2 4 20 O 30
380 381 2 5 24 O 10
778 425 1 4 18 M 30
3622 2272 1 19 100 O 30
1827 4467 2 11 56 O 20
1826 646 2 15 81 O 30
646 1827 2 17 92 O 10
1823 1824 2 26 141 O 10
1712 1826 2 26 143 M 30
1825 359 2 25 135 M 30
651 650 2 11 58 M 30
650 649 2 4 18 O 20
654 653 2 15 79 O 30
653 652 2 10 50 M 30
656 655 2 11 59 M 30
658 657 2 6 33 O 30
2983 120 1 19 104 M 30
676 662 2 5 24 O 30
662 661 2 3 14 M 30
662 663 2 2 9 O 10
663 664 2 3 14 O 30
663 672 2 1 3 O 20
672 665 2 2 11 O 20
665 666 2 3 14 O 30
665 668 2 1 4 O 20
668 667 2 2 10 O 10
668 670 2 1 5 O 10
670 669 2 2 7 O 10
670 671 2 2 10 O 30
674 673 2 3 12 O 20
672 674 2 1 2 O 10
660 671 2 2 7 O 20
671 667 2 1 5 M 30
667 675 2 2 10 M 30
675 673 2 1 1 M 20
673 676 2 1 3 O 30
4336 678 2 5 22 O 10
678 682 2 4 19 O 10
682 677 2 2 9 O 20
681 679 1 3 12 O 10
678 680 1 2 10 M 20
680 681 1 2 8 O 10
682 683 2 6 29 M 20
3827 687 2 5 27 O 30
691 689 2 4 18 O 10
688 690 2 4 19 O 30
690 691 2 4 20 O 30
121 2962 1 26 143 O 30
3056 3055 1 3 14 M 30
692 693 2 9 48 O 20
1688 2430 1 16 0 C 0
694 1086 1 20 110 O 10
287 288 1 4 21 M 30
290 287 1 3 17 M 10
289 290 2 4 20 O 10
3717 695 2 3 11 O 10
359 1712 2 2 8 O 20
180 2450 2 2 10 O 30
1733 1541 1 15 80 O 30
714 715 2 3 16 O 10
715 2717 2 5 23 M 10
2789 716 1 6 32 O 10
717 718 2 6 29 O 30
719 2063 2 6 29 O 20
474 504 2 7 0 C 0
504 2436 2 4 0 C 0
2127 720 2 4 17 M 10
4607 4608 1 4 18 O 20
244 245 2 4 19 O 30
250 244 2 2 7 M 30
723 3118 2 4 18 O 10
3118 3354 2 5 23 M 20
721 722 1 4 18 O 30
723 3119 1 4 19 M 10
4248 3367 2 1 4 O 20
4044 4042 2 34 185 O 20
2592 4044 2 3 15 O 20
724 4011 2 4 17 O 30
S M L M L S M L S L M L S M S L M S L M S L M S M L S M L S S M L S M L S M L S M L M S L S M L M S L M S L M S M L S M L S M L S M L S M L S L M L S
