30278 34104 145800 94 28141 0.5
8460 26560 1 24 129 O 30
22149 18267 2 3 12 O 10
8405 13002 2 14 74 M 20
13002 2571 2 7 35 O 30
2571 8406 2 4 21 M 10
8406 22388 2 1 4 O 30
22388 13676 2 8 40 O 10
13676 2570 2 15 79 O 20
2570 11555 2 6 30 O 10
11555 4087 2 4 19 O 20
4087 8407 2 10 51 O 20
8407 4101 2 5 27 O 30
4101 23688 2 2 10 O 30
23688 4097 2 2 9 O 10
4097 4099 2 1 5 O 30
4099 4095 2 3 13 O 10
4095 8499 2 9 46 O 30
8499 13007 2 10 53 O 10
13007 8408 2 7 35 O 30
8408 25111 2 2 7 O 10
25111 13009 2 17 91 M 30
13009 11745 2 9 46 O 10
11745 22694 2 4 20 O 20
22694 8409 2 3 13 M 30
8409 12627 2 10 52 O 30
12627 29004 2 6 32 O 10
29004 13008 2 2 7 O 30
13008 24319 2 4 17 O 20
24319 26701 2 10 55 O 30
26701 8403 2 5 26 O 30
8791 2845 1 4 17 O 30
2845 23128 1 10 50 M 20
22143 18263 1 3 14 O 10
18249 18945 1 3 15 O 30
18314 18315 1 3 12 M 10
23253 783 2 16 84 O 30
783 9499 2 9 45 O 10
9499 782 2 5 24 O 10
782 15901 2 3 16 O 20
15901 22146 2 10 53 O 20
19785 10752 1 6 30 O 20
22146 778 2 5 23 O 20
778 791 2 2 9 O 30
791 790 2 2 8 O 20
790 780 2 7 36 O 20
780 8426 2 5 25 O 10
11292 11367 1 43 234 M 20
11306 12232 1 22 119 M 20
11311 14633 1 137 758 O 20
21103 10097 1 36 198 O 30
8818 14636 1 20 106 O 20
8448 12237 1 32 175 O 20
11324 11820 1 123 682 O 30
23249 22304 2 7 37 O 20
22304 14298 2 2 10 M 10
16945 14294 2 18 98 O 30
2150 8542 1 5 24 O 10
25447 25446 2 12 63 O 30
14108 28851 2 2 11 M 20
28851 28847 2 8 40 O 20
28847 28836 2 7 36 O 20
28836 8536 2 6 30 O 10
8536 29170 2 9 48 M 10
29170 28695 2 1 4 O 10
28695 22162 2 6 33 O 10
22162 29167 2 4 20 O 20
29167 29157 2 1 4 O 10
29157 28689 2 3 12 O 20
28689 798 2 13 69 O 30
798 28693 2 1 3 O 20
28693 8538 2 11 61 M 30
29554 12482 1 3 16 O 30
11388 397 2 8 41 O 20
397 395 2 2 6 M 30
395 13315 2 2 7 M 10
13315 391 2 3 15 O 30
391 26265 2 27 146 O 20
26265 26259 2 6 29 M 20
26259 11389 2 3 13 O 30
9187 5481 2 13 69 O 30
17165 12736 2 21 114 M 30
12736 316 2 9 49 O 10
316 17158 2 1 5 O 10
17158 320 2 3 15 O 30
320 13387 2 4 19 O 10
13387 17179 2 6 31 O 20
17179 17181 2 16 88 O 10
17181 385 2 7 35 O 30
385 393 2 9 47 M 20
393 11388 2 5 25 O 30
8511 20903 1 8 39 O 20
20620 8370 2 11 59 O 20
673 9648 2 15 81 M 20
9648 20982 2 5 28 O 20
20982 5669 2 4 20 O 20
5669 11403 2 3 12 O 20
11403 11404 2 19 102 O 10
11404 8552 2 20 109 M 20
8552 22746 2 13 68 O 30
12266 11401 2 12 62 O 10
18693 18806 2 4 18 O 30
18806 8484 2 4 17 O 30
11093 11091 2 7 37 O 20
11091 11090 2 4 18 O 30
11090 11089 2 4 19 O 20
11089 4077 2 15 80 O 10
11392 21460 1 18 95 O 20
8857 8858 1 22 121 O 30
8858 26827 1 19 103 O 20
26182 11405 1 19 105 M 10
21000 10989 1 10 51 O 10
11300 14671 1 8 44 O 10
11406 5670 2 9 45 O 10
5670 15898 2 10 52 O 10
8857 29271 2 5 25 O 20
29271 8541 2 16 88 O 10
8500 13918 1 7 37 O 10
13918 4074 1 3 15 M 30
4074 8501 1 9 48 O 30
8501 4068 1 9 49 O 20
4068 8502 1 4 17 O 10
29956 754 2 3 13 M 10
754 30021 2 3 13 M 20
30021 30007 2 3 12 O 20
30007 11460 2 4 17 O 10
11460 30013 2 3 16 O 20
30013 30004 2 1 1 O 10
30004 30002 2 4 17 O 10
30002 30000 2 3 17 O 10
30000 30015 2 2 11 O 20
30015 29998 2 2 7 O 30
29998 29996 2 3 16 O 30
29996 29994 2 4 17 O 10
29994 30017 2 1 5 O 10
30017 29992 2 5 23 O 10
29992 30019 2 5 24 O 10
30019 11454 2 6 31 O 30
11454 18664 2 8 40 O 20
18664 749 2 3 12 O 30
749 746 2 4 18 M 20
746 744 2 4 18 M 30
744 12053 2 9 45 M 20
23876 23116 1 2 11 O 30
8534 11518 2 19 102 O 10
11517 14306 2 16 88 O 20
11553 2093 1 9 45 O 10
2093 12636 1 2 9 O 30
12636 2088 1 2 11 O 10
2088 11552 1 5 27 M 20
8403 1870 2 3 13 O 30
25457 20517 2 3 13 O 30
20517 8700 2 21 112 O 30
8700 11463 2 25 137 M 10
11463 19210 2 14 78 O 10
19210 21107 2 26 140 O 20
21107 13939 2 16 87 O 30
13939 23108 2 12 61 O 30
21545 21544 2 28 151 O 10
8472 13362 2 15 81 O 10
13362 8473 2 7 35 O 20
23046 9707 2 3 15 M 10
9082 25836 1 3 11 O 30
25836 5901 1 2 6 M 10
5901 9232 1 34 188 O 30
11817 1793 1 69 378 M 10
1793 8750 1 4 20 O 30
8503 8817 1 138 761 O 20
11358 14689 1 7 38 M 10
8443 8444 1 90 496 O 10
22144 16687 2 3 14 O 30
12222 4222 2 21 114 O 30
8664 8186 2 148 822 O 10
8455 20796 2 26 139 O 20
20796 12226 2 29 159 O 10
12226 9694 2 21 116 M 30
9694 6049 2 4 20 M 10
6049 24322 2 12 64 O 20
11798 6390 2 4 20 O 30
6390 13303 2 18 96 O 30
13303 11799 2 5 27 M 10
11799 10868 2 7 37 O 20
10868 1743 2 1 5 O 20
1743 15731 2 28 152 O 10
15731 6378 2 14 75 O 10
6378 15733 2 6 28 O 20
15733 15738 2 9 48 O 30
15738 15736 2 6 28 O 30
4157 28476 1 5 23 M 10
28476 4159 1 3 16 O 20
4159 12263 1 8 40 O 30
12263 4162 1 4 17 O 30
4162 28475 1 2 9 O 20
11297 12219 1 37 205 O 20
12221 9254 2 19 102 M 30
22584 817 2 15 79 O 10
817 11486 2 3 15 O 30
11483 12312 1 11 61 O 10
11487 8672 2 12 63 O 10
11518 11519 2 31 169 O 30
11412 20849 1 55 300 O 20
4350 20635 1 26 143 O 10
11231 14674 1 56 306 O 20
8648 8649 1 13 68 O 10
11336 12240 1 44 243 O 20
11341 4377 1 58 318 M 30
8647 11337 1 72 395 O 30
8648 30095 1 14 75 O 30
8428 21080 1 19 100 M 10
21093 8429 2 7 38 O 20
8410 11465 1 46 254 O 30
23822 23823 1 2 8 O 30
23823 11737 1 6 28 O 30
11737 23215 1 6 30 O 20
23215 23214 1 6 32 O 10
23214 21205 1 6 29 M 20
23828 23827 1 2 8 O 20
11330 12992 1 56 309 O 10
11464 21108 2 30 166 O 10
11326 18619 1 48 264 O 10
25594 11435 2 20 109 O 20
18903 11315 1 73 403 O 30
20512 6157 2 14 74 O 10
6157 6155 2 3 14 O 30
6155 6153 2 4 21 O 30
6153 12744 2 4 21 O 10
12744 6164 2 1 2 O 10
6164 6171 2 5 27 O 10
6171 6168 2 11 58 O 30
6168 6214 2 6 30 O 10
6214 19072 2 1 4 O 20
19072 6209 2 10 53 O 20
6209 6206 2 3 13 M 10
6206 6207 2 13 69 O 20
6207 15334 2 14 76 O 10
15334 25461 2 18 98 O 10
25461 15333 2 1 3 O 20
15333 13544 2 22 119 O 30
13544 15331 2 1 3 O 30
15331 13548 2 1 3 M 30
13548 13554 2 11 61 M 20
13554 15329 2 9 47 O 30
15329 13555 2 13 68 M 20
13555 15327 2 15 78 O 30
15327 7980 2 19 105 M 30
8817 4353 1 36 198 O 20
21104 4356 1 32 177 O 30
8816 14686 1 11 57 O 10
11311 14637 1 136 754 M 20
24659 29283 2 5 25 O 10
29283 14155 2 16 87 O 30
14155 24658 2 3 13 O 30
847 8890 2 22 120 O 10
11397 21538 2 2 8 M 10
12402 765 2 6 28 M 20
7375 10599 2 6 30 O 30
10599 11915 2 6 32 O 20
11915 14254 2 1 4 O 20
12360 9137 2 3 16 O 30
589 11167 2 2 9 O 10
11167 11163 2 5 23 O 10
11163 11520 2 6 33 M 30
11520 1395 2 7 33 O 20
8942 21911 1 2 10 O 30
22946 12222 1 43 237 O 10
12222 12361 1 34 187 O 30
22328 9546 2 15 82 O 10
9546 26985 2 7 34 O 30
26985 9111 2 7 38 O 30
9111 9326 2 5 28 M 30
9326 770 2 8 41 O 20
770 14280 2 2 6 M 20
11422 10662 2 7 38 O 20
10662 14281 2 11 58 O 10
14281 18544 2 26 142 M 20
18544 11423 2 35 191 O 30
12362 26568 2 6 30 O 20
26568 26567 2 2 11 O 10
26567 26566 2 3 12 O 30
26566 26570 2 3 11 O 10
26570 8461 2 5 28 M 10
11849 23859 2 5 27 O 10
23859 5405 2 17 93 O 30
5405 5110 2 16 84 O 30
5110 5109 2 1 3 O 10
5109 19266 2 2 9 O 20
19266 5114 2 1 5 O 20
5114 5106 2 21 112 O 20
5106 19689 2 8 43 O 10
19689 20509 2 2 8 O 10
20509 12466 2 9 46 M 20
12466 1056 2 3 16 O 20
1056 18729 2 3 14 O 30
18729 5121 2 5 25 O 20
5121 5175 2 3 15 O 20
5175 5143 2 2 9 O 10
5143 15651 2 3 12 M 20
15651 16202 2 2 10 M 20
16202 19262 2 6 32 O 30
19262 2561 2 6 31 O 30
2561 19265 2 36 200 M 20
19265 12467 2 6 31 O 10
9222 15861 2 9 49 O 30
15861 9399 2 14 74 O 10
9399 5502 2 19 100 O 20
5502 9483 2 5 27 O 20
9483 21444 2 16 84 O 20
20458 8532 1 15 80 O 30
22813 18234 1 3 12 O 10
11284 12217 1 38 211 M 20
12217 11285 1 40 218 O 20
11523 8304 2 4 18 O 10
12696 882 2 1 3 M 20
882 10872 2 4 21 O 10
10872 10878 2 7 34 O 10
10878 9202 2 17 91 O 30
26267 22787 2 10 53 M 10
11522 8300 2 2 8 O 20
24391 24390 2 3 12 O 20
12549 26355 2 25 135 O 20
26355 5096 2 11 59 O 10
5096 10409 2 2 9 O 10
12567 8608 1 6 30 O 10
8608 23298 1 5 22 O 10
12508 12509 2 88 487 O 10
23683 15889 2 7 36 M 20
9896 9265 1 6 32 O 10
8484 8485 1 12 66 O 30
8485 8486 1 18 95 M 30
8486 29010 1 15 79 O 10
29010 29009 1 1 3 O 20
29009 2097 1 5 23 M 10
2097 8487 1 5 26 O 20
20291 12678 2 7 38 O 30
15974 5969 2 4 21 M 10
5969 15976 2 5 23 O 20
15976 15978 2 5 24 O 20
15978 15980 2 7 34 O 30
15980 9064 2 7 33 O 20
9064 15126 2 7 37 M 30
15126 29293 2 4 18 M 20
29293 29295 2 2 9 O 20
29295 29297 2 5 26 O 10
29297 29299 2 3 14 O 20
29299 616 2 15 80 M 10
616 15600 2 12 63 O 10
15600 23480 2 6 29 O 10
23480 15598 2 3 15 O 10
15598 15596 2 4 20 O 20
15596 29306 2 2 11 O 30
29306 29308 2 6 29 O 10
29308 15594 2 3 13 O 20
15594 15592 2 10 54 O 10
15592 28881 2 2 11 O 20
29967 9018 1 4 18 O 30
8356 7906 2 1 1 O 20
7906 8357 2 4 18 O 10
12696 19760 1 13 68 M 20
19760 10873 1 5 23 O 10
10873 29422 1 14 77 O 30
29422 29418 1 6 29 O 20
29418 29416 1 5 26 O 20
29416 883 1 3 12 O 10
12693 8926 2 2 8 O 10
8575 8578 2 2 7 O 20
26383 9874 2 36 197 M 30
9230 9227 2 14 74 O 30
1350 26607 2 27 146 M 30
26607 6223 2 3 13 O 20
6223 6225 2 4 17 M 30
6225 9662 2 3 12 O 30
9662 12734 2 14 76 O 30
12688 10890 2 4 17 M 20
10890 28643 2 1 4 O 30
28643 10888 2 4 21 O 20
10888 10885 2 4 18 O 10
10885 28645 2 1 3 O 10
28645 10883 2 4 22 M 10
10883 882 2 6 31 O 30
11409 8460 1 5 22 O 10
11273 14667 1 30 165 O 20
11276 14668 1 17 90 O 20
2266 8504 1 18 96 O 30
11275 14670 1 24 133 M 20
11358 8442 1 54 300 O 30
8814 11275 1 67 370 M 30
8816 8815 1 60 332 O 10
12770 29499 1 59 324 O 10
8444 4346 1 42 229 O 20
4346 12223 1 55 305 O 20
12220 12221 2 28 152 O 10
11366 1898 1 32 174 O 30
11413 18622 1 12 66 O 10
11411 8818 1 69 380 M 20
8821 8820 1 70 385 O 30
8820 8819 1 16 85 O 20
8696 15914 2 20 110 O 30
15914 11370 2 15 83 M 20
11370 9866 2 5 27 M 20
9866 8697 2 1 3 O 10
8697 15910 2 16 86 O 30
15910 15906 2 7 36 O 30
11419 30011 2 4 18 M 10
12841 12090 1 24 129 O 10
12090 15698 1 19 101 O 10
15698 830 1 10 55 O 30
8556 18772 2 15 83 O 20
18772 8561 2 19 101 O 10
8561 8699 2 20 110 O 10
18776 18766 2 14 74 M 10
18766 12838 2 21 113 O 30
12838 8562 2 28 152 O 20
22336 22363 1 31 170 M 30
12844 12845 2 51 281 M 30
22729 13065 2 3 14 O 20
13065 17337 2 7 35 M 10
17337 17335 2 6 33 O 10
17335 6968 2 7 38 O 20
16336 8852 2 18 96 M 30
8852 8851 2 18 95 O 10
8846 7579 2 7 34 O 10
7579 8847 2 6 33 O 30
18976 8843 2 5 26 O 10
8843 10758 2 10 53 O 30
10758 8844 2 8 42 M 10
8844 7570 2 6 30 O 30
7570 8845 2 4 19 O 20
8845 8846 2 13 69 O 20
8846 7535 2 6 30 O 10
7535 7533 2 5 27 O 10
7533 7509 2 9 49 O 10
7509 9735 2 5 23 M 10
161 3955 1 2 6 O 30
3955 3957 1 1 5 O 30
3957 4034 1 2 8 O 20
4034 3943 1 2 8 M 10
3943 4031 1 4 21 M 10
4031 13414 1 2 7 M 10
13414 3922 1 3 15 O 10
3922 3924 1 1 5 M 10
3924 3920 1 5 22 O 20
3920 3918 1 2 6 M 10
3918 3917 1 4 18 O 10
3917 3914 1 4 19 O 10
3914 4029 1 6 28 O 10
4029 3632 1 1 1 O 20
14256 21842 1 2 10 O 30
21842 21840 1 4 18 O 10
21840 21838 1 3 16 M 10
21838 8929 1 5 22 O 10
8929 13366 1 29 156 O 10
13366 12848 1 1 5 O 10
12848 12849 1 26 144 O 20
8466 12693 1 46 250 O 20
11524 15707 2 8 42 M 30
15707 20690 2 3 14 O 20
20690 19783 2 4 21 O 10
19783 20692 2 3 13 M 20
20692 15705 2 3 15 O 20
15705 18708 2 1 2 M 30
18708 20694 2 3 15 O 30
20694 20696 2 4 18 O 20
20696 11525 2 7 34 O 20
14737 16939 2 19 101 O 20
8548 22416 2 2 9 O 10
12850 18769 1 9 45 O 30
18769 8558 1 20 111 M 10
8549 8558 2 19 103 O 10
8558 20667 2 11 61 O 30
20667 14314 2 11 60 O 20
14314 1486 2 21 112 O 30
1486 8559 2 1 3 O 20
8559 1468 2 7 36 O 20
1468 1470 2 4 21 M 30
1470 1465 2 1 4 O 10
1465 25291 2 9 49 O 20
25291 9344 2 8 40 M 20
9344 8560 2 1 3 O 20
8560 20984 2 10 52 O 30
20984 6235 2 11 57 O 20
8695 8696 2 18 95 O 20
10689 29353 2 7 34 O 10
29353 14291 2 6 32 O 10
14291 29356 2 12 62 M 30
29356 18259 2 7 35 O 20
8434 19927 2 4 18 O 30
22629 12923 1 5 23 O 30
12923 22627 1 3 12 O 10
22627 12924 1 1 2 O 30
22641 17762 2 4 19 O 30
1193 1194 2 10 54 O 20
5709 11435 2 14 74 O 20
26459 26460 2 4 19 O 10
26460 18846 2 3 11 O 20
18846 26456 2 5 22 O 10
26456 2083 2 6 28 O 30
2083 8418 2 1 3 O 30
8418 4429 2 1 4 O 20
4429 26461 2 5 27 O 20
26461 26457 2 2 8 O 10
17993 2071 1 5 25 M 30
2071 2444 1 3 15 O 30
2444 2072 1 1 5 O 20
2072 2445 1 1 1 O 10
2445 2068 1 9 47 O 20
2068 2067 1 3 13 O 20
2067 18369 1 1 1 O 20
18369 2430 1 6 33 O 10
2430 2066 1 2 11 M 30
2066 2429 1 3 12 O 30
2429 2428 1 2 6 M 10
2428 2065 1 3 13 O 10
2065 2064 1 3 13 O 10
2064 2427 1 1 3 M 20
2427 11381 1 5 28 O 20
16901 26547 1 30 161 O 30
29216 20487 2 6 33 O 30
20487 4890 2 5 25 M 10
4890 4892 2 1 5 O 30
4892 4894 2 3 16 O 10
4894 19259 2 1 3 O 20
12985 12902 2 15 83 O 20
12902 12899 2 10 54 O 10
12899 399 2 3 11 O 30
399 13088 2 7 35 O 30
13088 18471 2 16 86 O 30
18471 12366 2 22 117 O 30
12366 22906 2 9 49 M 10
350 352 2 6 30 O 10
352 12981 2 5 28 O 20
12981 12983 2 17 90 O 30
5907 345 2 3 14 M 30
345 348 2 4 19 O 20
348 15175 2 6 28 O 30
15175 8459 2 8 42 O 10
8459 349 2 25 136 O 30
349 12976 2 4 22 O 20
13722 28321 2 9 46 M 30
12983 12985 2 40 218 M 10
8459 346 1 10 51 O 30
18597 18596 2 10 51 O 10
12989 12991 1 31 172 O 10
12991 26734 1 24 132 O 10
13002 2865 2 4 19 O 30
2865 2859 2 6 28 M 20
2859 12620 2 4 20 O 10
12620 2857 2 7 37 O 30
2857 13004 2 4 20 O 20
13004 2853 2 8 39 O 20
2853 11574 2 8 43 M 10
11574 9333 2 4 21 O 10
9333 13003 2 5 25 O 30
22388 11552 1 28 152 O 20
11552 8496 1 15 79 O 30
13007 30143 1 6 31 O 20
30143 14802 1 9 46 O 30
14802 14804 1 4 17 O 10
14804 11414 1 13 72 O 20
11414 26702 1 6 29 O 30
26702 8498 1 3 16 M 20
13009 12806 2 2 9 O 30
13008 11085 2 2 10 O 30
11085 13010 2 8 41 M 10
8409 19022 2 15 82 O 10
19022 2774 2 3 14 O 10
2774 19020 2 11 59 O 30
12995 6287 2 4 18 O 10
6287 13011 2 16 88 O 10
20421 20422 2 3 11 M 10
12999 20421 2 20 106 O 30
8830 1507 2 8 41 O 10
1507 1509 2 1 3 M 20
1509 1511 2 2 8 O 10
1511 12997 2 2 9 O 20
12997 1536 2 1 3 O 30
1536 1535 2 2 7 M 20
1535 1528 2 4 22 O 20
1528 1529 2 2 7 O 10
1529 1523 2 2 10 O 20
1523 1524 2 2 7 O 20
1524 1518 2 2 10 M 30
1518 6292 2 1 3 M 10
6292 1519 2 1 4 O 10
1519 1513 2 2 10 M 30
1513 1514 2 2 7 M 30
1514 12996 2 9 46 O 30
12996 12999 2 25 137 O 20
12999 6285 2 4 21 O 30
6285 13011 2 2 7 O 20
13011 29449 2 13 70 O 30
29449 13012 2 18 95 O 10
12993 11755 2 3 15 O 20
11755 13005 2 34 188 O 20
13005 20651 2 13 70 M 30
20651 13006 2 14 74 M 20
29450 12994 2 5 24 O 30
12995 12998 2 28 154 O 10
12998 18714 2 21 114 O 10
12998 6282 2 4 20 M 10
6282 6284 2 4 19 O 10
6284 12639 2 14 73 M 20
12639 12996 2 4 20 M 10
14434 15341 2 9 46 O 30
15341 20523 2 10 55 O 10
20523 15358 2 11 57 O 10
8837 15645 2 25 138 M 30
15645 8958 2 44 243 O 10
17029 18288 2 3 15 O 30
23869 23118 2 4 18 O 20
11828 27748 2 8 44 O 30
27748 18984 2 13 67 O 10
18984 6141 2 16 88 O 10
13032 13177 2 14 76 O 10
13177 10192 2 7 35 M 30
10192 12091 2 14 77 O 10
12091 22170 2 18 100 M 20
22170 13173 2 3 14 M 30
13173 12746 2 5 24 O 10
13031 6184 2 4 21 O 10
6184 10191 2 11 56 O 30
10191 11971 2 11 56 O 10
11971 11969 2 9 48 M 10
11969 13152 2 27 145 O 20
13152 11966 2 11 56 M 20
11966 11965 2 8 40 O 10
11965 6230 2 2 6 O 10
6230 19752 2 25 135 O 20
19752 20508 2 28 154 M 30
20594 8516 2 10 52 O 30
11359 15832 1 28 151 O 10
15832 15834 1 30 166 O 20
15834 8200 1 26 139 O 30
21563 13117 2 15 81 O 30
13117 6325 2 4 18 M 10
6325 15486 2 25 134 O 30
15486 8002 2 7 37 O 20
8002 7771 2 6 32 M 10
7771 7769 2 5 27 O 30
7769 5667 2 8 41 O 20
5667 15502 2 5 27 M 30
15502 7744 2 11 56 M 30
7744 7701 2 3 14 O 10
7701 7736 2 9 49 O 20
1050 18349 2 2 6 O 20
18349 15500 2 8 44 O 20
15500 13118 2 8 40 O 30
13118 15496 2 9 46 O 10
2179 7752 2 4 21 O 10
7752 15488 2 7 34 O 10
15488 12342 2 15 81 O 30
12342 13116 2 17 94 O 30
13116 1044 2 2 9 O 30
7630 13126 2 5 27 O 30
13126 18241 2 11 57 O 30
18241 11101 2 13 69 O 10
11101 11098 2 12 64 M 20
11098 13120 2 13 68 O 20
7698 7981 2 4 18 O 30
7981 7679 2 7 37 O 10
7679 11158 2 2 11 O 30
11158 7677 2 3 14 O 30
7677 7673 2 3 12 O 30
7673 8009 2 3 12 O 30
8009 8008 2 2 10 O 30
8008 11159 2 10 51 O 10
13122 15507 1 19 102 O 20
21226 17019 2 16 89 O 30
17019 13561 2 17 89 O 10
13561 13120 2 7 36 O 30
13120 13456 2 9 45 O 20
13456 13119 2 15 81 M 20
13119 17020 2 16 88 O 20
10479 18812 2 1 5 O 20
18812 18814 2 4 21 O 10
18814 10483 2 4 21 O 30
10483 13112 2 10 50 O 20
13112 23795 2 5 27 M 10
18822 18823 1 14 77 M 30
18823 3547 1 4 20 O 10
3547 18824 1 10 54 M 30
13108 13109 2 7 35 O 20
22952 23020 2 1 4 O 10
23020 18820 2 3 13 O 10
18820 3712 2 5 26 O 10
3712 4138 2 1 3 O 20
4138 20801 2 2 8 O 10
20801 13107 2 4 19 O 30
13107 4767 2 1 3 O 20
4767 4765 2 2 10 O 20
4765 4763 2 4 20 O 30
4763 18828 2 2 11 M 20
18828 4761 2 2 9 O 20
4761 4759 2 5 27 O 20
4759 4758 2 2 8 O 20
4758 18821 2 5 24 O 20
18821 4756 2 1 1 M 30
4756 4754 2 3 16 O 20
4754 4752 2 3 11 O 10
4752 4749 2 2 10 O 30
4749 13411 2 3 15 O 30
13411 4745 2 3 11 M 10
4745 7721 2 4 20 O 10
7721 3773 2 1 4 O 30
3773 3775 2 2 6 O 30
3775 20800 2 1 2 O 10
20800 3771 2 2 10 M 20
3771 3769 2 2 6 M 10
3769 3767 2 2 6 O 10
3767 4787 2 3 12 O 30
4787 3764 2 2 9 O 10
3764 3953 2 4 21 M 30
3953 13106 2 4 22 O 30
18808 18809 1 20 106 O 20
3625 3624 1 4 18 M 10
3624 3618 1 4 19 M 10
3618 18807 1 6 30 O 30
14154 21397 2 14 74 O 20
21397 14153 2 12 63 O 30
14153 16393 2 14 72 O 30
14154 8533 1 26 144 M 20
14155 14153 1 20 109 O 10
16944 681 2 6 28 O 20
681 686 2 1 4 O 10
686 688 2 6 30 O 30
688 8509 2 3 15 O 30
8509 28403 2 2 11 O 20
28403 28401 2 7 36 O 30
28401 15896 2 8 42 O 30
11405 29279 1 12 66 O 30
29279 19789 1 6 28 O 30
14256 9325 2 3 12 O 20
9325 26012 2 16 84 O 10
26012 14257 2 11 58 O 10
14257 15655 2 16 88 M 30
15655 14258 2 26 141 O 20
14272 1944 2 5 25 O 20
1944 14273 2 7 37 O 20
14273 12174 2 7 37 O 20
12174 1913 2 4 19 O 20
14273 14275 2 22 118 O 20
14276 1935 2 2 9 M 30
1935 1933 2 3 15 O 10
1933 1931 2 1 5 O 10
1931 1929 2 2 9 M 10
1929 1927 2 2 7 M 10
1927 1925 2 1 3 O 20
1925 1923 2 4 18 O 10
1923 1921 2 4 18 O 20
1921 14272 2 5 23 O 20
14269 14270 2 25 138 O 20
14270 21647 2 18 95 M 30
861 14283 2 11 59 O 20
11458 18603 1 18 99 M 30
18603 22743 1 8 42 O 30
22743 14285 1 8 44 O 10
14287 14286 1 26 143 O 20
14253 9078 2 16 88 O 20
9078 8465 2 30 161 O 20
14291 14288 1 12 66 O 20
14294 978 2 8 40 O 10
978 14292 2 8 44 M 20
14296 611 1 10 51 O 30
611 14297 1 6 33 O 10
14301 28700 1 5 26 M 30
28700 4716 1 10 54 M 20
14108 14303 1 16 85 M 20
14305 15449 1 18 96 O 30
15449 3907 1 4 18 M 30
3907 14303 1 7 38 O 10
26669 16659 2 13 71 O 20
18007 14312 2 1 5 O 20
14312 25811 2 8 42 O 10
11301 9651 1 14 75 O 10
11319 6482 1 89 494 O 30
8445 8446 1 35 189 O 30
8446 11302 1 101 557 O 10
29212 18888 2 11 57 O 10
19377 16606 2 33 180 M 10
16605 7874 2 37 203 O 20
7874 16606 2 34 188 O 20
16606 14783 2 17 91 M 20
9946 29735 2 10 54 O 20
29735 24397 2 3 16 O 20
24397 9945 2 4 18 O 10
9213 23299 2 29 159 O 30
16898 1854 2 4 21 O 30
1854 16899 2 10 55 O 20
18302 16999 2 2 11 O 30
21546 16508 2 18 95 O 20
16508 16509 2 12 63 O 10
16509 21545 2 12 62 M 10
17013 17012 1 6 29 O 30
17012 11347 1 30 165 O 10
17004 17010 2 12 64 M 20
17010 22689 2 4 18 O 30
22689 13592 2 7 37 O 30
13592 15252 2 28 152 O 20
15252 17005 2 9 49 O 30
17010 17011 2 3 16 O 30
17013 17011 1 5 28 O 30
17016 11100 2 14 75 O 30
11100 11099 2 13 68 O 30
11099 17019 2 14 73 O 20
1100 7629 2 2 9 O 30
7629 7625 2 5 27 O 20
7625 17023 2 40 221 M 10
17219 14704 1 9 50 M 30
14704 17220 1 54 299 O 30
18039 18040 2 16 88 O 30
14300 18045 2 14 74 O 10
14318 18046 2 19 105 O 10
17001 17002 1 13 69 M 20
11923 26149 2 18 98 O 30
26149 7195 2 79 437 O 10
7195 10435 2 5 25 O 10
19595 20415 2 14 77 O 20
20415 18057 2 10 54 O 30
18057 20401 2 8 42 O 20
20401 18058 2 4 18 O 20
18058 18059 2 13 68 O 20
18059 18060 2 9 48 O 10
18060 19212 2 2 6 O 30
19212 18061 2 9 45 O 10
12304 19212 2 29 159 M 10
18059 18063 2 15 81 O 30
18058 18064 2 19 103 O 10
18069 19580 2 29 159 O 30
19580 19578 2 4 19 O 30
19578 19576 2 3 15 O 20
19576 19574 2 4 17 O 30
19574 26144 2 23 123 O 30
18067 18066 2 12 63 O 30
18066 18068 2 17 92 M 30
18376 18378 2 18 97 O 20
18376 18377 2 29 159 O 20
18378 24939 2 3 14 O 20
24939 2062 2 2 10 M 10
29439 8122 2 6 33 M 10
8122 18382 2 10 53 O 10
18382 18383 2 15 80 M 30
18383 18384 2 22 117 O 10
18384 18385 2 17 92 M 30
18385 18386 2 20 107 M 10
18386 29440 2 6 33 O 20
18379 8126 2 4 20 O 30
8126 8128 2 8 42 O 20
8128 8132 2 8 43 O 30
8132 8140 2 13 70 O 30
8140 8138 2 8 40 O 20
8138 8134 2 13 70 O 10
8134 8136 2 8 42 O 20
8136 8124 2 9 47 O 30
8124 18380 2 7 37 M 20
18390 18391 2 27 147 O 30
18381 18390 2 7 35 O 10
18390 29438 2 8 44 M 30
29438 18391 2 1 5 O 10
18391 18392 2 9 47 O 20
18382 19676 2 6 30 O 20
19676 19666 2 9 45 M 30
19666 18393 2 19 105 O 30
18384 13527 2 6 32 O 10
13527 13526 2 3 15 O 30
13526 20316 2 5 22 O 10
20316 19673 2 2 7 M 10
19673 20317 2 2 9 O 20
20317 20315 2 5 23 O 10
20315 18394 2 4 20 M 10
18394 8158 2 5 25 O 20
8158 8160 2 8 41 M 20
8160 19672 2 13 70 O 20
19672 20313 2 5 26 O 20
20313 19670 2 4 18 O 20
19670 18385 2 6 32 O 20
18386 20329 2 29 160 O 10
20329 20328 2 3 15 O 30
29443 13536 2 19 105 O 30
13536 13535 2 5 24 O 10
13535 18389 2 13 72 O 20
18396 18397 2 12 65 O 20
18397 18399 2 11 60 O 30
18399 18400 2 11 61 O 20
18400 11440 2 46 251 O 10
18388 18396 2 18 99 O 30
18396 18387 2 14 74 O 10
18397 18398 2 22 120 M 30
18398 18399 2 12 62 O 20
18401 8169 2 7 37 M 30
8169 13518 2 17 91 O 20
13518 11443 2 10 53 O 30
9863 18403 2 31 171 O 30
18403 9902 2 3 12 O 30
9902 18402 2 7 38 O 20
9187 5523 2 22 120 O 10
5523 19905 2 10 51 O 20
19905 9188 2 11 59 O 30
9188 23192 2 10 52 O 10
23192 18352 2 8 44 O 30
18352 5391 2 17 91 M 30
5391 18290 2 3 12 M 30
18354 109 2 2 9 M 30
109 228 2 7 38 O 20
228 240 2 12 61 M 10
240 5527 2 4 22 O 30
5527 9184 2 2 8 O 30
9184 107 2 2 7 O 20
107 9190 2 17 90 O 20
5523 9186 1 25 136 O 30
10696 9465 2 7 35 O 30
9465 12472 2 9 47 O 10
12472 3780 2 3 17 O 30
3780 3782 2 17 92 O 30
3782 73 2 3 13 O 20
73 71 2 7 34 O 10
71 18527 2 2 8 O 20
18526 18531 2 36 197 O 30
18532 5753 2 9 47 O 20
5753 5755 2 1 2 O 30
5755 5757 2 10 51 O 20
5757 5760 2 9 48 M 30
5760 5763 2 9 50 O 30
29030 12502 2 15 81 M 20
12502 10644 2 43 238 M 10
10644 8198 2 16 84 O 10
2676 18710 2 9 45 M 20
18710 13512 2 10 54 O 30
12665 18711 1 47 258 M 30
13694 13692 2 4 21 M 10
13692 18712 2 17 89 M 10
18712 21278 2 4 20 M 10
21278 2834 2 4 19 M 20
2834 2832 2 4 18 O 20
2832 18713 2 3 12 O 30
18714 11482 2 4 19 O 10
11482 18804 2 33 181 O 30
18804 18712 2 17 92 O 10
18742 7278 2 3 14 O 30
7278 7280 2 5 23 O 30
7280 7276 2 4 21 O 10
7276 19364 2 1 3 M 10
19364 7301 2 4 22 O 10
7301 18743 2 5 28 O 30
20736 8944 2 3 13 M 30
18752 17045 2 15 79 O 30
17045 18750 2 16 87 M 20
18751 18748 2 20 110 O 30
8449 18753 2 16 84 O 30
18742 7285 2 3 16 O 10
7285 7283 2 2 8 O 20
7283 18741 2 4 20 O 30
11302 14643 1 13 69 O 10
11304 15052 1 37 201 M 20
15051 11317 1 37 201 O 10
15914 15913 1 19 102 O 30
21105 6781 2 11 59 O 30
6781 18787 2 12 64 O 20
18783 18788 1 20 108 O 20
18781 9062 2 1 3 O 30
9062 18557 2 8 41 O 30
18557 18559 2 9 48 O 10
18559 18782 2 3 13 O 10
18782 18561 2 5 24 O 20
18561 18562 2 6 33 O 10
18562 18566 2 6 30 O 10
18566 18565 2 2 6 O 20
18565 22487 2 6 32 O 10
18772 18763 2 14 73 M 20
18763 12843 2 17 90 O 30
18767 18774 1 21 114 O 10
18774 18773 1 27 146 M 30
15909 8561 2 25 136 M 30
8561 18764 2 13 71 O 10
18764 18771 2 17 93 O 30
18771 18765 2 25 138 O 10
18765 18770 2 22 120 M 10
8554 21528 1 24 133 O 10
21528 18770 1 12 62 O 10
18770 8551 1 23 127 M 10
18790 11618 2 4 18 O 10
18778 8559 1 28 152 O 10
8560 23815 1 17 91 O 20
23815 12852 1 11 61 M 30
18779 22310 1 16 85 O 30
22310 9654 1 2 7 O 10
9654 14315 1 11 59 O 30
18395 13533 2 7 35 O 10
13533 29443 2 18 95 O 20
29443 20333 2 4 22 O 30
20333 20331 2 4 17 O 30
18242 15041 2 9 45 O 30
18792 18793 2 46 252 O 30
11441 13078 2 5 28 O 20
13078 13075 2 5 23 O 30
13075 18797 2 8 41 O 20
18796 1482 2 20 106 O 30
1482 13577 2 3 15 O 20
13577 1479 2 15 80 O 20
11442 13584 2 6 30 O 10
13584 9675 2 13 69 O 10
9675 13579 2 9 45 M 30
13579 13580 2 1 3 O 10
13580 13581 2 1 5 O 30
8505 11020 2 12 66 O 20
11020 18795 2 10 55 O 10
8495 11553 1 13 70 O 10
11553 12631 1 8 43 O 10
12631 12633 1 7 36 O 30
12633 18799 1 21 116 M 10
18800 18802 2 12 64 M 30
18802 12644 2 8 43 M 10
12644 12641 2 11 59 O 10
18802 5513 2 19 100 O 10
18804 18803 1 15 80 O 10
8486 18805 2 18 95 O 10
26691 18481 2 23 123 O 20
18481 18805 2 20 109 O 20
18805 18806 2 30 163 O 20
12842 16903 2 2 7 O 30
16903 9362 2 49 271 O 10
1424 22935 2 7 36 O 10
20804 4255 1 4 18 O 20
4255 13409 1 11 61 O 20
13409 13408 1 5 27 O 20
13408 20805 1 5 23 O 30
18853 1233 1 2 11 O 10
1095 4528 1 1 2 O 20
4528 4507 1 4 19 M 10
4507 4505 1 2 10 O 20
4505 18856 1 4 21 O 10
18856 18855 1 5 24 O 20
9839 654 2 8 40 O 30
14693 24477 1 13 71 O 20
25629 9442 2 34 185 O 20
5601 5602 1 24 130 O 10
11768 28854 2 19 101 O 30
13242 14589 2 115 637 M 20
14589 7305 2 57 312 O 20
7305 18948 2 5 23 O 30
11375 28855 1 35 190 O 10
22144 18256 1 2 11 M 10
22611 11778 2 14 76 M 10
11778 1962 2 2 10 O 10
12733 23587 2 6 29 O 10
18940 18304 1 10 51 O 30
21090 1763 1 26 139 O 30
22847 14752 2 22 122 O 20
14752 25810 2 29 160 O 10
8326 8325 2 22 119 O 30
8325 12117 2 8 40 O 30
12117 5438 2 8 43 M 20
5438 12135 2 23 124 O 20
12135 13033 2 35 190 M 20
18958 7139 2 29 156 M 30
7139 18959 2 12 65 O 20
10363 6764 2 11 60 O 10
6764 6762 2 1 4 O 20
6762 6776 2 8 44 O 10
6776 7137 2 14 74 O 30
7137 6774 2 2 10 O 20
6774 18958 2 15 78 O 30
2770 10370 2 16 88 M 30
10370 20790 2 34 187 O 10
20790 13743 2 43 234 M 30
13743 16821 2 17 94 O 20
16821 10363 2 2 7 O 30
10363 1014 2 42 232 O 30
1014 15158 2 39 214 O 10
18929 21201 2 32 176 M 20
17981 18929 2 2 9 O 20
18899 9708 1 32 177 O 10
18931 11306 1 16 84 O 30
8723 22698 2 2 6 M 20
18900 7262 2 8 39 O 10
7262 7260 2 5 25 O 30
7260 20554 2 5 22 M 20
20554 7258 2 2 9 O 10
7258 20556 2 2 8 O 20
20556 7264 2 4 19 O 30
7264 7300 2 6 28 O 30
17982 18904 1 50 275 M 30
18916 18917 2 4 20 M 20
18917 16582 2 3 13 O 20
16582 16586 2 3 14 O 30
16586 25558 2 2 6 O 10
25558 16581 2 4 22 O 10
16581 18918 2 5 23 M 20
18918 14613 2 3 13 O 20
14613 15633 2 4 21 O 30
15633 25553 2 2 7 M 30
25553 17576 2 3 13 O 10
17576 17573 2 11 56 O 20
17573 18919 2 1 3 O 30
18919 25547 2 3 15 O 30
25547 16588 2 4 19 O 20
16588 16587 2 2 6 O 20
16587 25539 2 6 28 O 30
25539 25543 2 3 12 O 30
25543 25540 2 1 1 M 20
25540 17570 2 2 10 O 30
17570 25528 2 7 39 O 10
25528 25527 2 4 18 O 10
25527 25530 2 4 21 M 30
25530 6354 2 5 26 O 10
6354 25532 2 1 3 M 30
25532 25524 2 2 11 O 10
25524 17626 2 11 59 M 30
17626 18920 2 12 64 O 10
18920 25522 2 3 13 O 30
25522 18921 2 17 90 M 30
18907 17639 1 43 237 O 30
18929 15118 2 40 219 O 30
15118 15120 2 18 99 M 10
15120 19373 2 39 211 O 10
19373 19375 2 6 33 O 20
19375 19371 2 5 27 M 30
19371 12540 2 2 11 O 20
17983 11032 2 2 6 O 20
11032 10281 2 89 491 O 10
10281 12553 2 4 19 O 20
11313 18935 1 20 106 O 30
18936 18937 1 10 51 O 20
23286 23281 2 10 55 O 20
23281 14910 2 2 7 M 20
14910 3486 2 3 12 O 10
19151 19148 2 6 29 O 30
19148 22619 2 6 30 O 30
11314 18930 1 16 84 O 30
18930 15050 1 17 93 O 10
12355 18935 1 93 515 O 30
1253 12355 1 19 102 O 20
18933 18932 1 54 298 O 30
11316 14623 1 6 31 O 10
23421 12331 2 110 606 O 30
16602 19436 2 3 15 O 10
19436 21945 2 12 66 O 10
21945 19437 2 3 12 O 30
19437 8721 2 2 10 O 30
10596 18885 2 31 172 O 30
18885 9908 2 12 62 O 10
9908 21075 2 9 45 O 30
21075 18886 2 5 24 O 10
18886 19400 2 9 47 O 30
19400 19399 2 6 32 O 30
19399 18887 2 5 23 O 10
18887 16602 2 9 45 O 20
11305 18899 1 6 30 M 10
15052 14622 1 170 944 O 30
18898 11316 1 6 30 O 20
17018 13447 2 8 44 M 30
13447 13448 2 12 63 O 10
13448 13449 2 2 8 O 20
13449 7825 2 3 14 O 20
7825 13450 2 4 20 O 10
13450 7815 2 5 27 O 20
7815 17017 2 4 22 O 20
19038 11099 2 14 73 O 10
11099 11098 2 23 124 O 20
11098 19037 2 22 122 O 30
11100 11101 2 23 123 O 10
11101 19040 2 22 118 O 30
19145 19146 2 13 70 M 10
19147 16786 1 8 42 M 30
16786 19148 1 36 197 O 20
19153 3981 1 17 89 O 20
19148 17799 1 3 13 O 20
17799 19218 1 1 3 O 20
19218 17816 1 34 188 O 20
17816 19149 1 3 16 M 10
18938 17815 1 3 16 M 30
17815 17812 1 3 15 O 30
17812 17800 1 31 171 O 20
17800 22620 1 2 8 O 30
16758 10322 2 9 49 O 30
10322 10121 2 19 105 O 20
10121 12951 2 7 36 O 30
12951 9216 2 9 47 M 20
9216 16760 2 50 275 O 10
19221 19819 1 5 28 M 30
19819 18127 1 1 3 O 10
18127 18128 1 4 17 O 30
18128 18129 1 3 16 O 30
18129 18132 1 2 11 O 20
18132 22630 1 2 10 O 20
12916 27225 2 5 28 O 30
27225 27280 2 1 2 M 30
27280 27282 2 5 27 O 30
27282 27223 2 4 19 M 20
27223 27221 2 4 21 O 10
27221 27219 2 5 22 O 30
27219 27274 2 5 27 M 30
27274 27315 2 4 21 O 20
27315 27317 2 4 20 O 30
27317 27313 2 3 15 O 20
27313 27311 2 4 22 M 30
27311 19158 2 14 73 O 10
12684 27246 2 5 27 O 10
27246 27248 2 7 37 M 20
27248 19161 2 13 68 M 30
19161 27250 2 6 30 O 30
27250 27252 2 5 23 O 30
27252 27255 2 3 13 O 10
27255 27261 2 5 27 O 30
27261 27263 2 2 11 O 10
27263 27259 2 1 2 O 20
27259 27257 2 1 5 O 10
27257 27265 2 2 7 O 10
27265 27267 2 5 23 O 30
27267 19160 2 2 11 O 10
19161 19159 1 8 41 O 20
12684 27309 2 6 28 O 20
27309 12916 2 4 17 O 30
12916 27227 2 6 29 O 10
27227 12917 2 5 25 M 30
12917 27383 2 4 21 O 20
27383 19162 2 5 27 O 20
19165 19171 2 6 33 O 20
19164 19170 2 2 8 O 30
19170 27296 2 23 126 O 10
27296 27297 2 2 10 O 10
19166 19167 2 2 10 O 20
19167 19295 2 4 22 M 20
19295 27505 2 2 7 O 20
27505 27503 2 4 21 O 30
27503 27501 2 6 31 M 10
27501 19168 2 2 10 O 20
19168 19169 2 13 70 O 30
19172 19175 2 3 15 M 30
19175 19177 2 5 26 O 20
26522 16852 2 14 76 O 10
9403 9432 2 10 55 M 10
9432 9163 2 14 75 O 20
9163 27188 2 6 32 O 30
27188 27190 2 6 29 O 30
27190 27192 2 6 33 O 20
27192 9158 2 5 25 O 10
27112 27469 2 6 32 O 20
27469 27124 2 1 4 M 30
27124 19178 2 3 16 O 20
19185 19186 2 5 26 M 30
19186 19348 2 27 146 O 20
19348 9415 2 2 11 O 20
19182 19183 2 12 62 M 30
19187 19185 2 10 53 M 10
16941 20659 2 7 36 O 30
20659 9085 2 3 14 M 20
19190 23185 2 9 48 O 10
15882 19181 2 13 72 M 10
19173 19174 2 11 60 M 10
19172 27107 2 6 29 O 10
27107 19173 2 5 22 O 20
19173 27060 2 8 39 O 10
27060 21750 2 1 5 O 10
10896 19194 2 19 102 O 30
20795 12585 2 5 27 O 20
12585 19192 2 14 73 O 10
19192 19193 2 12 65 M 30
19193 21589 2 16 85 O 20
21589 10896 2 15 81 O 20
10896 21607 2 7 37 O 20
20621 19327 2 22 119 O 20
19327 19328 2 1 5 O 30
23414 19199 2 11 60 O 30
9590 262 2 6 33 O 20
19914 22842 2 3 15 O 30
22842 22841 2 10 52 O 20
22841 250 2 2 7 O 10
250 24723 2 5 23 O 20
24723 24718 2 7 36 O 10
9897 24466 1 6 33 M 20
20182 10851 2 18 97 O 30
10851 16209 2 15 80 O 20
16209 25853 2 4 21 O 20
25853 16206 2 11 57 O 10
16206 18661 2 19 102 O 30
22616 20045 2 6 30 O 10
20045 19241 2 4 20 O 30
19241 22622 2 2 10 O 10
17763 17801 2 2 7 M 20
19150 20047 1 4 17 O 10
20047 20048 1 3 13 O 30
20048 19151 1 3 16 O 20
20052 17820 1 3 14 M 30
17820 17811 1 3 12 O 20
20046 18133 1 4 20 O 10
18133 18130 1 2 11 O 20
18130 18125 1 3 16 O 20
18125 18123 1 4 17 O 10
18123 18121 1 4 17 M 20
18121 18119 1 3 17 O 10
18119 18117 1 3 15 O 30
18117 18115 1 3 16 O 10
18115 20045 1 20 108 O 20
12925 1190 1 4 18 O 20
18116 18118 2 3 16 O 10
18118 18120 2 3 15 O 30
18120 18122 2 3 16 M 10
18122 18124 2 4 17 O 10
18124 18126 2 4 18 O 30
18126 18131 2 3 16 O 10
18131 22636 2 4 21 O 20
20044 20055 2 41 228 O 10
18943 20036 2 12 66 M 30
20036 20041 2 7 34 O 10
20041 20042 2 8 41 O 10
20042 19238 2 3 16 O 10
19238 20043 2 3 16 O 20
20043 20044 2 10 52 M 10
20044 620 2 9 50 M 20
620 20305 2 6 31 O 10
20048 19811 1 34 186 O 30
19811 20049 1 8 42 O 10
19230 18298 1 5 24 M 20
19235 23075 1 6 30 O 20
1946 17781 2 6 29 O 20
17781 1945 2 7 34 O 30
25226 20046 2 5 26 O 30
20046 25228 2 5 27 O 10
20051 20043 1 36 200 O 20
18938 19149 2 7 39 O 30
19149 2743 2 4 20 O 30
2743 18942 2 4 21 O 30
18312 8431 2 3 15 M 20
20053 20052 1 8 39 O 20
20052 20050 1 8 41 O 10
20060 3043 1 5 23 O 10
3043 3045 1 3 12 O 20
3045 3049 1 5 24 O 30
3049 3052 1 5 25 O 20
3052 3075 1 4 21 O 10
3075 3054 1 4 22 O 10
3054 20061 1 2 7 O 30
20061 3056 1 3 17 M 10
3056 3058 1 4 20 O 30
3058 3060 1 1 4 O 20
3060 3062 1 6 30 O 20
3062 20062 1 6 33 O 10
20062 20794 1 13 68 O 10
18583 18584 2 10 55 O 20
14466 8026 1 7 36 O 20
8026 14468 1 50 274 O 30
14468 14467 1 17 93 M 20
14467 14469 1 15 78 O 30
14469 16389 1 10 55 O 30
27991 27993 2 23 125 O 10
27993 27995 2 8 41 O 30
27995 27999 2 19 102 O 10
27999 17115 2 15 79 O 10
17115 28003 2 5 22 O 10
28003 22986 2 24 130 M 20
18594 18595 2 8 41 O 10
20143 8787 1 65 360 M 30
28283 20078 2 6 31 M 30
20078 6339 2 11 58 O 20
6339 16358 2 17 91 O 20
16358 10126 2 13 67 O 20
10126 14552 2 13 67 M 20
14552 20080 2 16 88 O 10
20080 20081 2 35 190 O 20
18948 14444 2 31 171 O 30
14444 6033 2 13 72 O 20
6033 6032 2 12 66 O 20
6032 29256 2 9 47 M 30
29256 20783 2 28 155 O 30
18946 5510 1 37 203 O 10
5510 23469 1 5 27 O 30
23469 18947 1 29 157 O 10
20145 4371 1 22 121 O 20
11433 20145 1 26 140 O 10
11344 20083 1 33 178 O 20
9589 15442 1 3 16 O 10
15442 19913 1 3 11 O 30
19913 9179 1 3 13 O 10
19914 18680 2 6 30 O 20
18855 4509 1 6 32 O 20
4509 4580 1 1 3 M 30
4580 4579 1 2 10 O 30
4579 4511 1 3 13 O 30
4511 4513 1 2 9 O 20
4513 5517 1 2 9 O 20
5517 4515 1 3 14 O 20
4515 4574 1 1 2 M 20
4574 4576 1 2 11 O 20
4576 4517 1 1 4 O 30
4517 4573 1 2 10 O 30
4573 1091 1 2 8 O 10
24038 30092 2 56 309 M 20
20063 12689 2 3 14 M 10
15888 20170 2 1 5 O 10
20170 20171 2 7 38 O 10
22980 22979 2 10 51 M 20
11360 11363 2 23 125 O 20
8551 21422 1 5 25 O 20
21422 18790 1 11 58 M 20
18790 9847 1 11 60 M 20
9847 9672 1 8 42 O 20
9672 8552 1 8 42 O 10
18790 18770 1 18 96 O 30
20173 20172 2 15 80 M 10
20172 12552 2 11 56 O 20
8655 20176 1 37 205 M 10
23045 23046 2 9 46 M 20
20178 23560 2 4 20 O 20
23560 16680 2 24 128 O 30
16680 24985 2 3 16 O 10
24985 9233 2 2 10 O 10
9233 9446 2 5 27 M 20
23036 18028 1 13 71 M 20
11449 11450 2 25 135 O 10
11450 8981 2 11 60 M 20
8981 9210 2 10 53 O 30
9210 9414 2 8 44 O 10
9414 9416 2 13 68 M 20
9416 9423 2 5 23 M 10
9423 10822 2 3 13 O 30
10822 9438 1 5 24 O 30
9438 1974 1 3 12 O 20
1974 25116 1 10 53 O 20
25116 1981 1 8 42 M 20
1981 1982 1 6 28 O 10
1982 25117 1 7 34 O 10
25117 25215 1 10 55 O 20
25215 9418 1 10 55 O 20
11449 11448 2 17 89 O 10
11448 2017 2 4 20 O 30
2017 26473 2 4 18 O 20
11382 22944 1 8 41 M 10
22944 9251 1 11 61 O 20
9251 4407 1 6 33 O 20
4407 9253 1 21 112 O 20
9253 9252 1 7 36 O 10
9252 12240 1 27 147 O 30
12540 20266 2 13 67 O 10
20266 9235 2 11 58 O 20
9235 12541 2 23 124 M 30
20267 17033 2 5 27 O 10
17033 16977 2 11 57 O 20
16977 16980 2 15 79 M 10
16980 20268 2 19 104 O 30
18876 12430 2 3 13 M 20
20277 550 2 10 55 O 10
550 3789 2 12 66 O 10
3789 20276 2 5 23 O 20
20276 3790 2 8 42 O 30
3790 18539 2 11 59 O 20
18539 14265 2 24 128 O 30
22456 21440 2 2 6 O 10
20063 20292 2 8 39 O 20
20292 12678 2 4 19 M 10
11396 12750 2 16 88 O 20
12750 22919 2 5 23 O 20
19188 20459 2 7 37 O 10
13364 19891 2 10 54 O 20
19891 19892 2 4 19 M 30
19892 19893 2 4 19 O 10
19893 19894 2 4 19 M 10
19894 10852 2 4 19 M 30
10852 19896 2 4 19 O 10
19896 19897 2 4 18 O 10
19897 19898 2 4 18 M 10
9801 3201 2 4 17 O 30
3201 2130 2 16 85 O 20
2130 25884 2 9 48 O 10
25884 13364 2 25 138 O 20
13364 20300 2 3 13 O 10
8109 20297 2 18 99 M 10
20297 20298 2 12 64 M 10
20298 10837 2 10 54 O 20
10837 11408 2 11 59 O 30
11408 1114 2 2 9 O 30
20299 26757 2 12 62 M 20
26757 20300 2 39 212 M 30
10834 10843 1 13 69 O 10
10843 20298 1 16 88 M 30
28880 21297 2 5 25 O 20
22569 21613 2 17 93 O 30
8711 20309 1 1 3 O 10
20309 1722 1 3 12 O 30
1722 20306 1 4 20 O 20
20306 8712 1 3 16 M 20
8712 20307 1 3 16 O 20
20307 20308 1 2 8 O 20
20308 1720 1 2 10 O 10
1720 8711 1 3 14 O 10
20308 13775 2 13 68 O 20
13775 13776 2 9 48 O 10
13776 13777 2 1 4 M 30
13777 23362 2 23 126 O 30
23362 13778 2 11 60 O 10
25227 14911 2 9 48 O 10
14911 25233 2 15 79 O 30
22623 3501 2 2 8 O 30
3501 18156 2 9 44 M 30
18156 18160 2 16 88 O 30
581 28766 1 34 187 O 30
26675 19283 2 15 81 O 30
19283 5029 2 13 69 O 20
13509 15842 2 8 39 M 20
15842 8951 2 6 31 M 20
8951 8952 2 6 28 O 20
8952 8956 2 8 40 O 20
8956 20506 2 13 71 O 30
20506 8961 2 12 63 O 30
8961 25107 2 10 53 O 30
25107 8112 2 8 41 O 20
8112 5459 2 3 15 O 30
5459 11561 2 11 61 O 10
7974 8201 2 2 9 O 30
8201 20502 2 12 64 O 10
20502 2896 2 7 36 M 30
7975 15837 2 1 2 O 30
15837 8864 2 7 34 O 30
8864 8885 2 6 33 M 20
8885 20504 2 20 110 O 20
20504 8865 2 7 37 O 30
8865 8215 2 8 43 O 10
8215 8214 2 10 51 O 10
8214 8212 2 3 16 O 20
8212 8210 2 4 17 O 20
8210 8208 2 3 16 O 10
8208 8205 2 4 19 O 10
8205 20505 2 3 12 M 20
20505 11761 2 5 25 O 20
19689 5159 1 8 44 O 30
5159 5165 1 3 16 O 30
5165 8914 1 1 3 M 10
8914 5163 1 3 13 O 30
5163 5167 1 8 40 O 10
5167 5169 1 5 27 O 10
5169 19269 1 1 3 O 20
19269 14072 1 18 95 O 30
14072 21534 1 3 13 M 10
21534 13032 1 14 75 O 30
6137 16224 2 4 20 O 10
16224 20510 2 6 29 O 10
20510 16223 2 2 8 M 30
16223 16222 2 3 14 M 20
16222 28396 2 6 28 M 10
20512 13845 2 21 116 O 30
13845 6199 2 12 64 O 10
6199 15335 2 13 68 O 10
15335 21653 2 19 100 O 10
21653 15332 2 23 126 O 30
15332 15330 2 20 107 O 10
15330 15328 2 27 150 O 10
15328 14222 2 7 36 O 20
14222 15326 2 13 71 M 10
15326 20513 2 28 155 O 30
20518 27639 2 9 48 M 10
27639 12778 2 8 42 O 30
12778 13216 2 4 18 O 30
13216 27455 2 7 34 O 20
27455 27456 2 3 11 O 10
27456 20519 2 8 41 O 20
20520 6317 2 13 72 O 10
6317 19008 2 4 17 O 30
19008 19009 2 4 17 O 10
19009 25427 2 1 5 O 10
25427 20521 2 4 19 O 10
20521 20522 2 16 84 O 30
20771 22053 2 27 149 O 30
22053 22045 2 15 82 O 10
22045 20340 2 2 9 O 20
20340 20772 2 13 71 O 30
20772 20773 2 17 90 O 10
20773 22049 2 6 28 O 10
18736 20786 2 74 407 O 20
20200 20787 1 12 63 O 10
12767 12474 2 11 60 O 20
12974 12498 2 46 254 O 30
12479 10329 2 52 284 O 30
18447 20796 2 6 30 M 10
8477 21584 2 12 65 O 20
21584 3073 2 8 41 O 30
3073 3067 2 7 37 O 30
3067 3024 2 7 37 O 30
3024 3065 2 2 11 M 30
3065 20062 2 2 7 O 30
20794 21586 1 34 188 M 10
21586 20795 1 4 18 M 20
1092 4434 1 3 16 O 10
4434 4468 1 2 10 O 10
4468 4433 1 2 11 O 20
4433 4469 1 3 11 O 10
4469 4432 1 3 13 O 20
4432 4431 1 4 18 M 20
4431 4430 1 1 3 O 20
4430 4470 1 1 4 O 30
4470 2081 1 9 48 O 10
20799 3993 2 1 5 O 20
3992 4826 1 5 23 M 20
4826 20804 1 1 2 O 30
20804 4828 1 7 35 O 10
4828 4830 1 7 35 O 30
4830 4832 1 3 14 M 10
4832 20805 1 3 14 O 30
159 4784 1 3 14 O 20
4784 4016 1 1 4 O 10
4016 4805 1 4 17 M 20
4805 4803 1 5 24 O 10
4803 4738 1 1 3 O 30
20812 4770 1 7 35 O 20
4770 4772 1 3 11 O 20
4772 4717 1 3 17 M 20
4717 4774 1 4 18 O 20
4774 4777 1 7 38 O 30
4777 4778 1 6 33 O 30
4778 4743 1 11 59 O 10
4743 20813 1 2 8 O 30
4739 4142 2 4 21 M 10
4142 4140 2 1 4 M 10
4140 158 2 5 23 O 30
11430 1089 1 1 5 O 30
20811 18453 2 3 16 O 30
18453 4156 2 8 42 O 10
4156 18456 2 22 118 O 30
18456 20810 2 5 24 O 30
20073 20082 1 34 185 O 30
20072 5299 1 22 118 O 10
5299 13308 1 8 40 O 30
13308 13310 1 6 32 O 30
13310 20815 1 5 28 M 20
20815 23443 1 8 43 O 30
23443 3246 1 3 14 M 20
3246 3245 1 1 5 M 20
3245 3244 1 11 60 O 30
3244 3243 1 4 18 O 30
3243 23442 1 5 24 M 30
11333 23442 1 53 289 O 30
11342 18947 1 68 376 O 10
22840 11335 1 63 348 O 10
20820 20821 1 76 421 M 30
10344 20820 1 37 205 O 20
10105 20911 2 107 590 O 20
8480 20576 1 4 21 O 30
13902 18756 2 13 69 O 20
21489 28205 2 25 138 M 20
28205 19679 2 5 23 M 20
10310 20836 2 62 342 O 30
4719 5205 2 1 5 O 30
5205 21703 2 32 173 M 20
28346 12231 1 20 110 O 20
11437 28462 2 6 33 O 30
28462 12157 2 12 66 O 30
12157 11105 2 9 46 O 10
11105 20839 2 6 29 O 20
20850 20852 1 97 537 O 30
1242 5604 1 8 44 O 30
20853 20852 1 14 76 O 30
21183 12435 2 40 217 M 10
12435 27810 2 51 279 O 20
27810 10946 2 188 1041 O 20
10946 17864 2 3 11 O 30
24387 24386 1 3 13 M 30
18905 24787 2 57 315 M 20
24787 17639 2 10 50 O 10
17639 17640 2 1 4 O 20
17640 13207 2 5 25 O 20
13207 21070 2 10 53 O 30
21070 18926 2 6 28 M 10
18926 19497 2 17 90 M 10
20863 15718 2 218 1211 O 20
15718 16623 2 3 12 O 30
20862 15722 2 224 1242 M 30
20865 17505 2 3 15 O 30
17505 9106 2 16 87 M 20
15721 20875 2 13 69 O 10
28517 17909 2 39 215 O 20
17909 15092 2 85 472 O 20
15092 16770 2 25 134 O 20
16770 20886 2 18 98 O 10
20886 20887 2 17 92 O 30
20887 17918 2 72 397 M 30
17918 20021 2 5 26 O 10
20021 16256 2 58 318 O 30
16256 16257 2 21 115 M 30
16257 23555 2 100 555 O 20
23555 16076 2 4 19 O 10
16602 21343 2 30 165 O 30
21343 7861 2 9 46 O 20
7861 20898 2 14 76 O 10
20898 19402 2 2 7 M 20
19402 12329 2 3 13 O 10
12329 19380 2 3 16 O 30
19380 21341 2 4 17 O 20
21341 19383 2 4 18 O 30
19383 19410 2 6 32 O 30
19410 19385 2 6 31 O 30
19385 21071 2 2 9 O 20
21071 19408 2 1 2 O 10
19408 19387 2 5 25 O 20
19387 19412 2 8 39 O 20
19412 20899 2 2 6 O 10
20899 19414 2 14 73 M 30
19414 19416 2 2 10 O 10
19416 19418 2 3 16 O 10
19418 19420 2 5 24 O 10
19420 19422 2 7 35 O 10
19422 19392 2 5 27 O 10
19392 7866 2 7 35 O 20
7866 19390 2 1 4 M 20
19390 19424 2 5 24 O 30
19424 19426 2 14 73 O 20
19426 19429 2 3 17 O 10
19429 20900 2 2 11 O 30
20900 19394 2 2 7 M 30
19394 19431 2 6 30 O 30
19431 19433 2 5 27 O 30
19433 20901 2 23 125 O 20
20794 12590 2 12 63 O 30
23471 20903 1 9 45 O 10
12845 19761 2 4 21 M 10
19761 2700 2 3 13 O 30
20176 8745 1 184 1022 O 30
20819 8657 2 3 13 O 10
14047 17937 2 5 22 O 30
20816 8659 1 48 263 O 20
8658 20816 1 13 67 O 10
20818 26901 1 56 306 M 10
20817 20818 1 12 67 O 20
8709 20910 2 3 12 O 30
28466 8727 2 8 42 O 10
20947 9341 2 3 13 M 10
8773 26825 2 11 56 M 30
26825 14992 2 11 58 O 10
14992 14995 2 23 124 O 10
14995 5565 2 12 66 M 30
5565 5567 2 4 20 O 20
5567 8693 2 5 23 O 10
8688 14010 2 26 140 O 20
8686 8687 2 44 243 O 10
8687 8688 2 13 69 O 10
18499 15987 2 6 32 O 10
15987 15481 2 6 29 O 30
15481 11362 2 1 5 O 10
11362 15478 2 11 59 O 30
15478 15474 2 11 60 M 10
15474 28719 2 2 7 M 10
28719 15574 2 5 22 O 30
15574 15476 2 3 14 O 10
15476 12374 2 5 26 O 20
12374 25321 2 6 29 O 10
8684 28106 1 39 216 O 30
21246 21245 2 15 78 O 20
14680 2603 1 4 17 O 20
14668 9511 1 112 621 O 10
20960 20961 2 29 160 O 20
5298 20961 2 23 124 O 30
20961 22154 2 5 27 O 10
22154 22971 2 2 8 O 30
22970 20959 2 22 120 O 30
30118 507 2 1 4 O 20
507 514 2 2 9 O 10
514 512 2 3 14 O 30
512 510 2 1 1 O 20
510 10593 2 2 8 O 30
10593 10541 2 4 19 O 30
10541 6644 2 4 22 O 30
6644 20996 2 30 164 O 20
20996 6654 2 8 44 O 30
6654 20995 2 2 9 O 30
21058 29372 2 3 15 O 20
8821 4391 1 95 527 O 30
8819 12431 1 73 404 O 10
20892 20893 2 87 479 O 10
20893 25384 2 12 66 M 10
25384 21683 2 10 54 O 20
18911 29203 2 13 67 O 10
29203 19508 2 10 50 M 20
19508 19506 2 58 317 O 30
19506 18924 2 13 70 O 10
21027 23597 2 104 573 O 30
23597 21949 2 32 174 O 10
21949 21028 2 23 123 M 20
18909 12339 2 14 77 O 20
12339 23605 2 5 28 O 20
23605 3799 2 7 36 O 20
3799 21065 2 8 41 O 10
21065 3840 2 7 39 O 20
3840 3842 2 5 27 O 30
3842 3838 2 6 33 O 30
3838 12119 2 6 28 O 20
12119 3836 2 1 4 M 10
3836 21066 2 11 59 O 30
21066 16002 2 6 32 O 10
18911 3821 2 6 32 O 20
3821 21018 2 3 13 O 10
21018 3824 2 3 14 O 30
3824 3819 2 3 13 O 10
3819 21019 2 3 15 O 30
21019 3816 2 6 32 O 10
3816 3813 2 9 47 O 30
3813 23611 2 1 3 M 20
23611 21020 2 2 10 O 10
21020 3807 2 3 12 M 20
3807 21021 2 8 41 O 30
21021 21022 2 16 85 O 30
21022 12120 2 6 33 O 10
12120 21023 2 7 35 O 30
21023 21024 2 6 31 M 20
21024 9649 2 7 38 O 30
9649 3801 2 2 9 O 30
3801 23609 2 7 34 O 10
23609 21025 2 6 29 M 10
21025 21026 2 15 81 O 10
21036 21606 2 4 22 O 20
17471 12548 2 2 10 O 10
14770 21029 2 9 48 M 30
21029 21030 2 8 40 O 30
21030 21031 2 11 59 O 10
21029 21033 2 6 28 O 30
7360 21034 2 6 32 O 20
21040 19144 2 7 34 O 30
12475 12476 2 15 82 O 20
12476 9800 2 10 51 M 30
9800 21040 2 5 24 O 10
21045 30088 2 35 191 M 20
30088 21046 2 1 3 M 30
20293 21045 2 15 78 O 30
23088 21049 2 9 45 O 20
21049 21050 2 17 91 M 30
18655 635 2 1 4 O 10
635 633 2 3 16 O 20
633 631 2 5 24 O 20
631 629 2 4 17 O 30
629 1960 2 3 15 O 30
1960 627 2 1 2 O 30
627 625 2 4 17 O 10
625 623 2 5 22 O 20
623 622 2 4 17 M 30
622 18944 2 6 30 O 20
21822 16163 2 3 13 O 20
16163 21150 2 5 27 O 20
21150 10220 2 1 5 M 30
10220 16161 2 8 43 O 30
16161 29862 2 1 3 O 20
29862 6494 2 4 21 O 10
6494 21821 2 1 2 O 30
21821 16155 2 7 36 M 20
16155 16160 2 6 32 O 30
16160 29856 2 2 7 O 20
29856 21828 2 4 19 M 20
21828 29826 2 1 5 O 10
29826 16153 2 4 19 O 30
16153 29850 2 2 10 M 30
29850 29848 2 5 23 O 20
29848 16151 2 1 1 O 10
16151 29844 2 5 22 O 20
29844 16154 2 3 14 M 30
16154 28814 2 1 1 O 10
28814 29846 2 5 26 O 10
29846 16147 2 2 10 O 20
16147 10894 2 3 16 O 20
10894 29836 2 2 6 O 30
29836 16145 2 4 19 M 30
16145 29840 2 1 2 M 20
29840 29813 2 2 8 O 10
29813 29838 2 1 3 M 30
29838 29815 2 2 11 O 10
29815 29817 2 3 15 O 20
29817 29820 2 5 25 O 30
29820 29842 2 1 1 O 20
29842 10895 2 3 16 O 30
10895 29822 2 2 10 O 10
29822 10630 2 4 17 M 10
10630 23337 2 5 23 O 30
21055 2785 2 11 56 O 30
2785 10083 2 28 152 O 10
12428 21053 2 3 13 O 30
21053 10164 2 12 63 O 20
10164 10166 2 7 35 O 10
10166 21054 2 15 82 O 20
21060 21658 2 2 8 O 30
21658 25760 2 8 41 O 20
25760 21158 2 4 21 O 30
21158 16043 2 3 12 O 30
16043 16041 2 12 65 O 10
16041 21061 2 14 72 O 10
21061 25007 2 7 34 O 30
25007 21062 2 30 166 O 20
9831 9833 2 12 65 O 20
9833 21068 2 22 119 M 20
21069 21070 2 49 270 O 10
21072 7850 2 50 274 O 20
7850 12076 2 173 961 O 30
21071 6450 2 1 4 O 20
21073 23850 2 9 49 O 10
23850 23851 2 12 61 O 10
23851 24433 2 4 21 O 20
24433 24432 2 7 35 O 10
24432 21076 2 6 28 O 10
21076 24419 2 19 103 O 30
24419 24431 2 19 105 O 20
22409 5784 2 51 283 O 10
21056 21057 2 12 62 O 30
22880 6043 2 3 16 O 10
6043 24893 2 7 36 O 10
24893 14597 2 27 150 O 20
14597 21157 2 13 70 O 30
21157 21159 2 10 55 O 30
21159 10639 2 11 59 O 30
10639 21160 2 9 46 O 10
21160 21161 2 12 62 M 10
12920 18198 2 10 52 M 20
18198 20648 2 5 26 O 20
20648 18199 2 10 51 O 10
18199 21078 2 9 46 O 30
21078 16811 2 3 13 O 10
16811 18201 2 11 61 M 10
18201 20650 2 11 57 O 10
20650 21079 2 3 11 O 30
8434 23440 2 7 37 O 20
21087 8829 1 3 16 O 30
8430 21091 1 8 42 O 30
21092 21093 1 11 59 O 30
14313 819 2 55 304 O 10
20451 21004 2 4 19 M 10
21004 23255 2 5 22 O 10
21099 24078 2 3 11 O 20
29662 21099 2 4 17 O 10
21082 21098 2 3 15 M 20
1321 19247 2 29 159 O 20
19247 1451 2 3 11 O 10
1451 13058 2 4 19 O 10
13058 8910 2 5 22 M 20
18786 18787 2 19 102 O 20
18782 18783 1 23 128 O 10
18783 5712 1 5 22 O 20
5712 5711 1 4 19 M 20
5711 18786 1 13 68 O 10
18786 18785 1 5 27 O 20
18785 6782 1 7 37 O 10
6782 7187 1 2 7 O 10
7187 9738 1 4 20 O 30
9738 18780 1 8 41 O 10
1125 10777 2 10 56 O 30
10777 10819 2 10 52 O 20
10819 9624 2 4 20 M 30
9624 19923 2 7 38 O 20
11451 21100 2 2 11 O 10
13000 13588 2 26 144 M 10
11322 19541 1 58 322 O 20
11805 18883 2 26 141 O 10
23470 4357 2 4 20 O 10
11796 11805 2 10 51 O 20
4359 21104 1 8 39 O 10
21102 21103 1 8 39 O 20
13442 13125 2 2 9 M 10
13125 11104 2 6 28 M 20
12219 21106 1 39 213 O 10
20489 22758 2 2 10 O 10
22758 4365 2 4 20 O 10
4365 22757 2 2 9 O 20
22757 4041 2 4 20 M 20
4041 4366 2 1 3 O 10
4366 20488 2 2 11 M 30
28438 18328 2 23 125 O 30
21108 2552 2 9 46 O 20
2552 2550 2 16 86 O 30
2550 21109 2 1 2 O 20
21110 12713 2 4 18 M 30
12713 12714 2 5 23 O 10
12714 21111 2 26 142 O 20
21119 21122 2 31 172 M 20
21121 21124 2 31 169 O 30
5213 21119 2 3 12 M 20
21119 21120 2 4 17 O 20
21120 21121 2 5 23 O 20
21121 21117 2 4 17 O 10
21120 21123 2 31 171 O 30
21133 17444 2 10 53 O 30
17444 21138 2 4 18 O 30
21138 21139 2 4 18 O 30
21139 19302 2 5 23 M 30
21016 21141 2 27 148 O 30
21131 10025 2 11 56 O 30
17465 5088 2 3 16 O 20
5088 5199 2 2 7 O 20
5199 5075 2 3 12 O 10
10388 5216 2 1 5 O 20
5216 5217 2 2 7 O 10
5217 5259 2 2 6 M 20
5259 5218 2 1 6 M 20
5218 5219 2 2 7 O 30
21143 18411 2 19 101 O 20
18411 21144 2 12 65 O 30
21144 18413 2 2 9 M 30
18413 4389 2 11 57 O 20
4389 4385 2 8 44 O 20
4385 21145 2 26 144 O 20
21145 20339 2 2 10 M 10
12551 5086 2 5 22 O 10
5086 5197 2 1 5 O 10
5197 10024 2 1 5 O 30
21367 21148 2 7 39 M 10
18876 17479 2 2 9 O 20
17027 21150 2 53 292 O 30
21535 20993 2 20 108 O 30
21152 29886 2 6 28 M 20
29886 21153 2 13 70 O 20
21153 21154 2 10 55 O 20
21156 21155 2 11 59 O 10
21155 21154 2 10 55 M 20
21158 19919 2 7 35 O 10
19919 21203 2 21 116 O 10
21203 21157 2 41 227 O 30
21061 21163 2 22 119 O 10
21163 21164 2 28 153 O 30
12116 23588 1 18 95 O 30
10557 25903 2 9 48 O 10
25903 17733 2 12 65 O 20
17733 17708 2 25 136 O 20
17708 21175 2 9 49 M 30
21170 17587 2 2 9 O 20
17587 6451 2 2 10 O 20
6451 462 2 20 109 O 20
462 460 2 5 26 O 20
460 458 2 2 10 O 10
458 21171 2 27 145 O 20
21171 21172 2 65 360 O 30
21166 17546 2 4 19 M 20
17546 14600 2 11 57 O 10
14600 14603 2 1 5 O 20
14603 21167 2 6 30 O 30
21167 25578 2 3 11 O 10
25578 21168 2 8 39 M 10
21168 17547 2 1 5 O 10
17547 14605 2 4 21 O 10
14605 25585 2 8 41 O 30
25585 21675 2 2 6 O 10
21181 14774 2 23 124 O 30
14774 14781 2 19 103 O 30
14781 21182 2 9 46 O 20
21182 21183 2 14 76 O 10
21179 12434 2 74 406 M 20
12434 19526 2 103 571 M 20
21177 17656 2 107 594 O 10
21174 21173 2 11 58 O 30
23542 21174 2 10 54 O 10
21197 21198 2 14 76 O 10
21198 21183 2 3 16 M 30
12148 14891 2 31 168 O 30
14891 8174 2 14 76 O 20
8174 8116 2 4 19 M 10
8116 10374 2 29 159 O 20
21203 21204 2 23 125 O 20
26720 26723 1 14 76 O 30
21205 25513 1 18 96 O 30
25513 22453 1 13 71 O 10
22453 12252 1 24 131 O 20
8844 7600 2 27 148 O 10
7600 21206 2 16 88 O 30
7528 7511 2 2 10 O 30
7511 7599 2 14 75 O 20
7599 7529 2 2 8 O 20
8847 7587 1 2 11 M 30
7587 7465 1 3 14 O 20
7465 7585 1 5 26 O 20
7585 21208 1 4 17 O 30
21208 7513 2 1 4 O 30
7513 21210 2 5 26 O 20
21210 7506 2 3 16 M 20
7506 7595 2 2 7 O 30
7595 7497 2 1 4 M 20
7497 7597 2 5 24 O 30
7597 20680 2 1 2 O 20
20680 21209 2 2 9 O 20
21210 7507 1 6 29 O 20
7507 7499 1 2 11 O 30
7499 7504 1 4 17 O 30
7504 7502 1 2 6 O 30
7502 21211 1 4 19 O 20
8848 21215 1 23 128 M 30
13127 16338 1 12 62 M 30
21220 21224 1 14 76 O 20
21221 7488 1 4 22 O 20
7488 7486 1 2 6 M 30
7486 7482 1 6 30 O 10
7482 21212 1 6 30 O 10
6540 21224 2 11 56 O 10
1733 15422 1 8 44 M 20
15422 21225 1 1 4 O 20
21225 8852 1 21 111 O 30
21230 21231 1 14 73 O 10
21228 3177 2 1 5 O 10
3177 21229 2 26 143 O 30
20993 21234 2 21 114 O 30
21236 14626 1 26 140 M 20
11282 14665 1 18 96 O 30
11162 21339 2 44 240 O 10
18889 19450 2 94 518 O 10
21344 21345 2 15 82 O 20
18937 24387 1 2 9 M 10
21237 21001 1 11 59 O 10
21346 18933 1 18 97 O 30
21347 19512 1 10 53 O 10
26481 19737 1 11 61 O 20
19314 21579 2 3 16 O 10
21145 17760 2 36 197 O 20
21492 21493 2 12 63 O 20
21493 21497 2 13 70 O 20
26302 21496 2 3 16 O 20
21496 21493 2 3 16 O 30
21493 21494 2 33 182 O 20
21494 21495 2 3 13 O 20
11424 21501 2 37 201 M 30
21501 21502 2 29 156 O 10
21503 21504 2 35 191 O 30
21502 21505 2 9 46 M 20
21505 21506 2 22 120 O 10
21501 21504 2 11 58 O 10
21504 16792 2 8 40 O 30
16792 21507 2 14 74 O 20
21507 21508 2 10 56 O 20
21508 28029 2 22 119 M 10
21509 30061 2 24 130 O 10
30061 21507 2 7 38 O 30
21507 21510 2 6 33 O 20
8973 10778 2 8 42 O 30
10778 8977 2 26 141 M 10
8977 19107 2 8 40 O 10
19107 9959 2 3 15 O 10
21540 993 2 3 16 O 30
993 12719 2 53 289 M 20
12719 12721 2 12 61 O 20
12721 12722 2 1 4 O 10
12722 12724 2 11 58 O 10
12724 21541 2 20 106 M 20
18055 25756 2 11 58 M 20
25756 11926 2 37 202 M 30
11926 15957 2 27 150 M 30
15957 21547 2 45 246 O 10
29965 15560 2 4 18 O 10
15560 15561 2 4 22 O 10
15561 12860 2 13 72 M 10
12860 21550 2 21 115 M 20
21560 21559 2 8 44 O 20
12839 21560 2 11 60 M 20
1405 21559 2 14 75 M 10
21556 21557 2 15 79 O 30
21572 21496 2 12 63 O 30
21496 26303 2 13 69 O 10
20834 21573 2 14 74 M 30
21573 21574 2 26 140 M 30
2999 21575 2 7 37 O 30
21576 21574 2 3 16 O 10
21574 21577 2 22 121 O 10
21578 19312 2 7 37 O 20
19290 19291 2 13 67 O 20
19291 21349 2 6 29 O 30
20833 21572 2 4 17 O 20
21582 3033 2 11 56 M 10
3033 3030 2 3 14 O 10
3030 3027 2 4 20 O 30
3027 13151 2 5 24 M 10
21584 20573 2 5 24 O 30
20573 3023 2 3 11 O 30
21590 21587 2 27 150 O 30
19192 21590 2 3 16 O 10
26306 21595 2 2 11 O 10
21595 3012 2 2 6 O 30
19357 21598 2 5 23 O 10
12293 21598 2 13 71 O 30
21598 21599 2 6 30 M 20
21600 21601 2 8 40 O 30
21601 21602 2 10 54 M 30
21601 21603 2 6 30 O 30
21600 3016 2 10 53 M 20
19315 26307 2 14 73 O 30
26307 21605 2 10 51 M 20
19285 19284 2 8 43 O 30
1721 8438 2 12 61 O 10
21615 13386 2 8 42 O 10
13386 29643 2 3 13 O 30
29643 21617 2 5 28 O 30
21616 21618 2 16 84 O 30
21617 29572 2 3 13 O 20
29572 29589 2 1 1 O 20
29589 29588 2 1 2 O 20
29588 29570 2 2 10 O 20
29570 29586 2 1 1 O 20
29586 29580 2 1 3 O 20
29580 29584 2 1 4 O 20
29584 29582 2 2 10 O 20
29582 29578 2 1 4 O 10
29578 29640 2 2 6 M 10
29640 29576 2 2 10 O 10
29576 29637 2 1 5 O 30
29637 29635 2 1 5 O 30
29635 29633 2 1 4 O 10
29633 29631 2 2 7 O 10
29631 12345 2 1 5 M 10
12345 29627 2 2 11 O 20
29627 9609 2 1 5 M 10
9609 29625 2 1 4 O 20
29625 29623 2 1 3 M 10
29623 29621 2 3 14 O 30
29621 29619 2 2 8 M 20
29619 29617 2 1 5 O 20
29617 29615 2 1 4 O 30
29615 29613 2 1 4 O 20
29613 29611 2 1 3 O 20
29611 29609 2 1 4 O 30
29609 29607 2 1 5 O 30
29607 29605 2 1 5 O 20
29605 29603 2 2 9 O 20
29603 21618 2 2 10 O 10
21618 29598 2 2 11 O 20
29598 29602 2 4 20 O 20
29602 29600 2 3 13 M 10
29600 29596 2 1 4 O 30
29596 29567 2 3 12 M 10
29567 29594 2 1 4 O 30
29594 29568 2 3 14 M 30
29568 29557 2 1 4 O 20
21619 22914 2 10 50 O 10
21624 29223 2 11 59 O 10
11355 21627 1 31 167 O 10
21627 2540 1 7 35 O 30
21628 23470 2 8 40 O 20
15784 15786 2 11 58 O 30
15786 11253 2 4 22 O 10
11253 12225 2 13 67 O 30
12225 15776 2 12 62 O 10
15776 15792 2 10 50 O 10
15792 15775 2 6 30 O 20
29424 29432 2 3 11 O 30
29432 29431 2 5 27 O 30
29431 29429 2 5 24 M 10
29429 29423 2 3 15 O 30
29423 29426 2 4 18 O 10
29426 22300 2 7 38 M 10
18286 8567 1 4 17 O 30
21540 22687 2 22 117 M 30
22687 8755 2 9 49 O 20
8755 13465 2 8 40 O 20
13465 13464 2 5 27 O 20
13464 13462 2 6 29 O 10
13462 13460 2 6 28 O 10
13460 22688 2 6 28 O 10
22688 8756 2 6 30 O 20
8756 22689 2 28 151 M 10
20832 28206 2 14 74 O 10
28506 25493 2 7 34 O 20
25493 16599 2 4 20 O 20
16599 28507 2 4 22 O 10
28507 17551 2 4 22 M 20
17551 28508 2 76 421 O 20
28508 17558 2 13 70 O 30
17558 28509 2 4 18 O 10
28509 17543 2 118 655 O 20
17543 25412 2 11 60 O 10
25412 28510 2 20 111 O 20
28510 25637 2 21 112 M 30
25637 25410 2 54 297 M 20
25410 28511 2 15 81 O 10
28513 28514 2 44 243 O 20
20861 21686 2 4 17 M 30
11577 14860 2 49 271 O 10
14860 14861 2 7 37 O 10
14707 28535 2 70 388 O 20
28534 14710 2 3 14 O 10
14710 28536 2 14 73 M 30
28538 28539 2 65 361 O 30
28539 12336 2 14 73 M 20
12336 11934 2 7 36 M 20
11934 11933 2 6 29 O 10
28539 28540 2 9 47 O 10
28540 11931 2 18 96 O 30
11931 11932 2 12 63 O 10
11932 28540 2 6 33 O 20
28853 28854 1 33 181 O 30
28854 11376 1 38 209 O 20
28855 28856 1 36 200 O 20
28855 9835 2 23 122 M 30
28857 28858 1 63 348 O 20
28861 11178 2 19 100 M 30
11178 12269 2 7 35 O 30
12269 28095 2 6 31 O 20
16394 16557 2 6 28 O 30
16557 16567 2 20 106 M 20
16567 16551 2 16 86 O 20
29197 29146 2 6 28 O 30
29146 22846 2 51 282 O 30
22846 29198 2 53 294 O 30
29200 26332 1 8 42 M 30
26332 21784 1 2 10 M 30
21784 26329 1 4 20 O 30
26329 26327 1 2 7 O 30
26327 26325 1 5 23 O 20
26325 26323 1 2 11 O 20
26323 26315 1 4 21 O 20
26315 26313 1 2 11 M 30
26313 26311 1 4 19 O 10
26311 29201 1 5 27 M 10
15267 28524 2 40 219 O 20
18888 18889 2 9 48 O 10
18889 18890 2 12 65 O 10
18890 10518 2 4 21 O 30
10518 19453 2 16 89 O 20
19453 19455 2 7 36 O 10
19455 18891 2 3 12 M 30
18891 10998 2 7 35 O 30
10998 10999 2 11 60 M 10
10999 11000 2 6 28 M 30
11000 11001 2 2 11 M 20
11001 18892 2 7 38 O 30
18892 19457 2 7 36 O 10
19457 19459 2 3 11 M 10
19459 16579 2 6 33 O 20
16579 18893 2 7 37 O 30
18893 19463 2 9 49 O 20
19463 19465 2 12 64 O 10
19465 24749 2 4 21 O 30
24749 18894 2 3 14 M 20
18894 19487 2 7 37 O 20
19487 19489 2 6 29 O 30
19489 19467 2 3 12 O 20
19467 19468 2 8 41 O 20
19468 19484 2 8 41 O 10
19484 18895 2 6 31 O 10
18895 19480 2 4 18 M 10
19480 19482 2 7 38 O 30
19482 24716 2 2 6 O 30
24716 19477 2 6 31 O 10
19477 19475 2 7 36 O 30
19475 19473 2 5 27 O 20
19473 19471 2 15 78 O 10
19471 18896 2 1 4 O 30
18896 19469 2 3 11 O 30
19469 18897 2 9 50 O 30
29214 26527 2 15 79 M 10
29217 4886 1 4 18 O 30
4886 5019 1 1 2 O 30
5019 4883 1 6 31 O 10
4883 5017 1 2 7 O 10
5017 4881 1 1 3 O 20
4881 4879 1 2 7 O 20
4879 5013 1 3 16 O 10
5013 5015 1 2 7 M 20
5015 4877 1 4 17 M 10
4877 4875 1 3 12 O 10
4875 4871 1 4 20 O 30
4871 5011 1 1 5 O 10
5011 4873 1 2 7 O 30
4873 4869 1 2 6 O 10
4869 5009 1 4 20 O 20
5009 5007 1 1 4 O 10
5007 4867 1 3 14 O 10
4867 1043 1 6 29 O 30
4895 4948 2 6 31 O 10
4948 4949 2 3 15 M 30
4949 4950 2 4 21 O 10
4950 4951 2 4 21 M 10
4951 4940 2 4 21 O 10
4940 29222 2 4 21 M 30
11429 4966 2 6 32 O 20
4966 4849 2 2 8 O 30
4849 4965 2 1 5 O 10
4965 29219 2 6 28 O 20
29219 1042 2 1 5 O 30
4600 29220 2 9 45 O 20
29220 5021 2 6 30 M 30
5021 29217 2 5 26 O 10
29217 4887 2 6 33 O 20
4887 28052 2 8 43 O 30
29233 4593 1 3 13 O 30
4593 4701 1 7 37 O 20
4701 22661 1 1 4 O 30
22661 4682 1 5 23 O 10
4682 29216 1 5 25 O 20
1312 1313 2 124 689 M 10
1321 10353 2 12 64 M 10
28863 28864 2 11 58 O 30
28865 28866 2 20 111 O 10
28866 28099 2 5 23 O 20
11286 11287 1 29 158 O 10
11287 12349 1 153 845 M 30
11295 11296 1 29 158 O 20
11296 9042 1 87 478 O 20
1747 21717 2 159 879 O 10
1749 1750 2 17 90 O 20
16916 16915 2 26 140 O 10
2700 2699 2 18 98 O 20
1750 2714 2 5 25 M 20
2714 1751 2 42 233 O 20
1751 1752 2 13 69 O 10
1752 130 2 7 36 O 10
130 1897 2 12 65 O 20
1897 122 2 4 20 O 20
122 127 2 4 19 O 20
127 117 2 10 51 O 30
117 120 2 2 11 O 20
120 136 2 15 78 O 20
136 141 2 4 17 O 20
141 99 2 3 16 O 10
99 16989 2 6 33 O 30
16989 1896 2 15 82 O 20
7064 7062 1 5 24 M 10
4003 832 1 69 383 O 30
11367 14640 1 10 54 O 10
30193 6074 2 21 112 O 30
6074 4001 2 12 64 O 30
22767 17268 1 4 18 O 10
5330 14655 2 9 48 O 20
4240 11293 1 3 11 M 30
11293 4242 1 36 196 O 20
35 11366 1 57 311 M 20
11291 4241 1 2 11 O 10
4243 11291 1 35 193 M 20
4242 831 1 5 24 M 10
831 11294 1 24 128 O 30
11294 14641 1 12 64 O 20
11290 4000 1 12 65 O 10
4244 4245 2 29 159 M 10
3108 14650 2 21 113 O 10
25940 602 2 3 14 M 10
602 4306 2 13 67 M 10
4306 8998 2 4 17 O 30
4303 5598 2 7 33 M 30
5598 19974 2 3 13 O 30
19974 4307 2 9 47 O 10
4307 5583 2 2 6 O 20
5583 966 2 15 80 O 10
966 4308 2 10 53 O 20
4308 19978 2 14 72 M 30
19978 4309 2 14 77 O 20
4308 963 2 10 50 O 10
963 12747 2 9 49 O 20
12747 22764 2 7 38 O 30
4304 2902 2 3 12 O 20
4310 4311 2 7 36 O 30
4311 19960 2 27 146 O 10
19960 15960 2 17 93 O 20
15960 4312 2 4 22 O 20
4307 956 2 4 19 O 20
956 19971 2 3 13 O 10
19971 19973 2 3 16 O 30
19973 4313 2 6 30 O 10
4313 957 2 1 4 O 30
957 4314 2 4 17 O 20
4313 2905 2 30 165 O 30
15053 14642 1 53 292 O 30
4315 2192 1 4 22 M 20
2192 10095 1 35 194 O 20
6847 17372 2 4 20 O 20
17372 6830 2 2 6 M 30
6830 17374 2 2 9 O 10
17374 17378 2 13 68 O 30
17378 17376 2 7 34 O 10
17376 6832 2 1 3 O 30
6832 17386 2 3 15 M 20
17386 17380 2 2 10 O 20
17380 6834 2 2 7 O 10
6834 6836 2 2 7 O 30
6836 17382 2 6 30 M 20
17382 17384 2 9 48 O 30
17384 6840 2 2 9 O 10
6840 17214 2 6 32 M 30
17214 17388 2 2 6 O 20
17388 17394 2 4 18 O 20
17394 17392 2 1 4 O 10
17392 17212 2 3 16 O 20
17212 17390 2 2 6 O 20
17390 17210 2 3 14 O 30
17210 17368 2 5 26 M 10
17368 17396 2 5 23 M 20
17396 17366 2 4 18 O 20
17366 17206 2 3 12 O 20
17206 6842 2 2 8 O 10
6842 17400 2 1 6 O 20
17400 17402 2 3 12 O 30
17402 17398 2 3 16 O 30
17398 17364 2 1 4 O 10
17364 6843 2 4 18 O 20
6843 17404 2 5 26 O 20
17404 17208 2 2 10 O 30
17208 17360 2 4 19 O 30
17360 20904 2 10 54 O 20
11288 5980 1 33 182 O 20
5980 11289 1 42 232 O 10
4328 10748 1 12 67 O 10
4329 5817 1 7 34 O 20
5817 4334 1 4 19 M 10
4334 4335 1 27 149 O 10
4335 14660 1 7 38 M 10
14660 14663 1 11 58 O 20
14663 4336 1 3 11 O 10
4336 4337 1 43 238 M 20
4336 4331 1 6 31 O 30
4334 4338 1 12 64 O 10
4338 5823 1 16 84 O 30
5823 4339 1 3 16 M 30
4339 14661 1 3 11 O 30
14661 14664 1 11 56 O 20
14664 4331 1 10 55 O 20
4341 4342 1 4 21 O 10
4342 5824 1 12 65 O 30
5824 14662 1 2 10 O 30
14662 5819 1 2 9 M 10
5819 4330 1 9 45 O 20
4330 14664 1 5 25 O 20
14664 14663 1 6 31 O 10
4335 4339 1 4 17 O 30
8503 4349 1 11 57 O 20
8442 8443 1 11 58 O 30
4354 113 2 6 28 O 10
113 15808 2 7 33 O 20
4355 4354 2 7 38 O 10
4357 4358 1 6 33 O 10
4358 10097 1 39 213 O 30
21628 4358 1 12 65 O 20
2540 9473 1 6 31 O 20
9473 10096 1 21 112 O 10
11348 4360 1 68 374 M 20
11438 28469 1 5 23 O 30
28469 11327 1 53 292 O 10
12980 25448 2 5 22 O 30
28230 13115 2 6 29 O 20
4372 17155 1 12 64 O 30
4373 18588 1 21 112 O 20
4374 4375 2 8 39 O 30
4376 19646 2 13 68 O 10
4376 8427 1 75 413 O 20
9116 30059 1 4 21 O 30
4340 5816 1 4 20 O 10
5816 4338 1 9 46 O 30
21093 21094 1 10 56 O 20
5032 5733 2 78 432 M 10
5028 13673 2 16 85 O 20
13673 5033 2 7 36 O 30
5033 13671 2 2 6 O 30
13671 5034 2 15 78 O 30
5300 5306 2 18 98 O 20
5306 5307 2 24 131 M 10
22926 28983 2 3 13 O 30
28983 5308 2 8 41 O 10
5308 5309 2 9 49 O 10
5309 5310 2 10 54 O 30
5310 5311 2 8 41 M 10
5311 5312 2 9 47 O 10
5312 5301 2 11 58 O 10
5321 3283 2 5 27 O 30
3283 3268 2 4 21 O 20
3268 5317 2 2 11 O 20
5317 3269 2 1 4 M 10
3269 3271 2 4 20 O 30
3271 5316 2 6 33 O 20
5304 3300 2 6 32 O 20
3300 5318 2 10 53 O 30
5319 13312 1 3 13 O 10
13312 3230 1 2 11 M 10
3230 3308 1 1 2 O 10
3308 3307 1 2 10 O 20
3307 13311 1 2 8 O 30
13311 3306 1 4 20 O 30
3306 13309 1 2 8 O 10
13309 3305 1 1 2 O 10
3305 3304 1 2 8 O 30
3304 3303 1 3 13 M 20
3303 13307 1 2 8 O 10
13307 3301 1 4 21 O 10
3301 5305 1 4 20 O 30
5314 3377 1 6 32 O 30
3377 3336 1 1 3 M 20
3336 3376 1 4 20 M 30
3376 3337 1 2 8 M 20
3337 3374 1 3 15 O 20
3374 3338 1 1 2 O 20
3338 3373 1 4 21 O 20
3373 3339 1 3 13 O 20
3339 3372 1 1 4 O 20
3372 3340 1 4 21 O 10
3340 3371 1 1 3 M 20
3371 3370 1 1 4 M 20
3370 3341 1 5 23 O 20
3341 3368 1 1 4 M 10
3368 3342 1 2 8 O 20
3342 3343 1 5 23 O 10
3343 5312 1 6 28 O 10
5311 3409 1 6 31 O 20
3409 3367 1 1 4 O 30
3367 3407 1 8 41 O 10
3407 3369 1 4 17 O 10
3369 3406 1 1 1 O 30
3406 3403 1 6 30 O 10
3403 3402 1 3 15 O 30
3402 3399 1 5 26 O 30
3399 3398 1 1 5 O 10
3398 3375 1 3 13 O 20
3375 3396 1 4 21 O 10
3396 5315 1 7 36 M 10
5316 3397 1 7 35 O 20
3397 3400 1 5 27 O 10
3400 3401 1 3 15 O 20
3401 3404 1 5 25 M 10
3404 3405 1 5 26 O 20
3405 3408 1 7 36 O 20
3408 5310 1 16 85 O 10
5309 5317 1 48 264 O 10
5321 5308 1 50 276 O 20
12536 5471 2 1 4 M 10
5474 5475 2 19 101 O 20
18914 17589 2 10 51 O 20
17589 5479 2 105 580 O 20
5479 17563 2 5 27 O 10
17563 470 2 3 12 O 20
470 5480 2 4 22 O 10
5773 5774 2 155 859 M 30
5774 30183 2 202 1118 M 30
5775 16871 2 105 582 O 10
5776 5777 2 48 263 M 30
20906 15218 2 30 165 O 20
15218 16889 2 18 99 M 20
16889 15215 2 9 50 O 20
15215 16902 2 13 70 O 20
6552 28315 2 14 78 O 20
28315 16992 2 353 1961 M 10
6131 6130 2 4 19 O 10
2901 18340 1 16 89 O 30
21629 10418 2 32 175 O 20
10418 11236 2 49 271 O 20
7603 26141 2 68 375 O 10
17003 14561 2 38 211 O 10
14561 7601 2 12 63 O 10
10351 10416 2 13 70 O 10
28870 28871 2 16 85 M 10
20161 8218 2 5 27 O 10
8222 10122 2 6 31 O 20
10122 16746 2 27 148 O 20
16746 8223 2 3 14 O 10
8223 15194 2 3 16 O 10
15194 10123 2 17 94 M 20
8226 28089 2 15 79 M 20
28582 8273 2 4 19 O 20
8273 15020 2 2 11 M 30
15020 8286 2 3 14 O 20
8286 8274 2 5 27 O 20
8274 17517 2 5 24 O 20
17517 8275 2 2 10 O 30
8275 8276 2 8 44 M 20
8276 8277 2 7 34 O 10
8277 8278 2 8 39 M 10
8278 8279 2 6 32 O 10
8247 8258 2 6 32 O 20
8258 8256 2 10 55 M 10
8256 8254 2 7 38 O 30
8254 8308 2 7 36 O 10
8308 8238 2 15 80 O 30
8241 8242 2 20 110 O 10
8242 8243 2 15 78 M 20
8243 8244 2 7 35 O 10
8244 11143 2 9 47 O 10
11143 8245 2 5 27 O 20
8245 8246 2 8 39 O 20
8246 11142 2 10 55 O 10
11142 11141 2 10 53 O 20
11141 8311 2 15 79 M 20
8311 8247 2 8 40 O 30
8237 8253 2 4 20 M 20
8253 8255 2 7 38 O 20
8255 8257 2 8 41 O 20
8257 11142 2 22 122 M 30
8253 8254 2 36 196 O 10
8255 8256 2 36 199 O 10
8257 8309 2 12 63 O 30
8309 8258 2 26 140 O 30
8236 8288 1 13 68 O 10
8235 8245 2 36 196 O 10
8234 11143 2 33 182 O 10
8233 8244 2 30 163 O 30
8232 8262 2 18 98 O 10
8262 8243 2 12 64 O 10
8230 8261 2 10 52 O 20
8261 8259 2 3 15 O 10
8259 8260 2 10 54 O 30
8260 8242 2 6 30 O 30
8239 8259 2 17 92 O 30
8240 8260 2 19 100 M 20
2746 2748 2 9 46 M 30
2748 30104 2 11 58 O 30
8265 8269 2 26 143 O 30
8220 8266 2 28 151 O 20
8266 8267 2 12 66 O 30
8267 8268 2 10 55 O 20
8268 28076 2 15 78 O 20
8219 8268 2 27 149 O 20
8266 8271 2 10 52 O 10
8283 8284 2 8 43 O 30
8284 8279 2 21 113 O 10
8286 8287 2 9 47 O 20
8287 8341 2 8 42 O 30
8341 11209 2 14 76 O 20
11209 8288 2 12 64 O 10
15439 8291 2 9 48 O 10
8291 8292 2 11 58 O 30
8292 8293 2 8 41 M 30
8293 8294 2 5 25 O 10
8294 8295 2 9 50 O 10
8294 8296 2 10 55 O 30
8293 8297 2 28 151 O 10
8292 8298 2 21 115 O 10
8291 8299 2 21 112 O 30
11529 11530 2 13 69 O 20
11530 10603 2 9 48 O 10
8303 8302 2 6 29 M 10
8304 12532 2 6 30 M 20
12532 15700 2 14 74 O 30
15700 3185 2 3 14 M 30
14656 12220 2 16 86 O 30
8306 8305 2 11 57 M 30
8335 8307 2 32 177 M 30
8307 8308 2 24 132 O 30
8309 8310 2 8 41 O 10
8310 11141 2 11 56 O 30
8310 8311 2 20 108 O 20
8312 8315 1 27 146 O 30
8285 8290 1 17 94 M 10
8313 8289 1 38 206 O 10
18324 11364 2 2 11 O 20
8690 12945 2 14 72 O 20
12945 11109 2 13 71 O 20
11109 14549 2 6 31 O 30
17085 693 2 5 25 O 30
8284 8318 2 6 31 O 20
8318 8319 2 8 42 O 10
8319 8320 2 7 37 O 20
8320 8321 2 7 39 M 30
8321 8322 2 9 45 O 10
8322 8273 2 19 104 O 20
8321 8274 2 19 105 O 30
8320 8275 2 19 104 O 30
8319 8276 2 19 104 O 20
8318 8277 2 19 105 O 30
8283 8323 2 31 171 M 10
12296 8466 2 4 17 M 20
8324 23535 2 5 24 O 10
16709 8327 1 10 53 O 20
8328 8329 2 12 62 O 10
8329 8330 2 8 44 M 20
8330 8331 2 12 61 M 20
8330 8332 2 12 63 O 20
8332 8228 2 11 59 O 30
8332 8272 2 18 98 O 30
8329 8333 2 17 90 O 20
8231 8287 1 22 119 O 30
8248 8334 2 32 174 M 10
8336 8337 2 25 135 M 20
8338 8337 2 28 151 O 10
8337 8335 2 12 63 O 10
8335 8339 2 10 54 O 20
8340 8341 1 21 116 M 30
8236 8246 2 38 210 O 10
8348 8280 1 23 123 M 20
8281 8347 1 23 125 M 20
8346 8282 1 24 128 O 10
8350 9591 2 18 98 O 10
9591 16532 2 11 60 O 30
16532 8351 2 8 44 O 10
8351 16536 2 21 114 O 30
16536 8352 2 14 76 O 10
8250 16537 2 6 33 O 20
16537 16533 2 6 31 O 10
16533 8351 2 9 45 O 20
8686 15588 2 32 175 O 10
15588 15583 2 57 311 M 10
15583 10347 2 48 265 O 20
10347 15578 2 34 184 O 10
21545 8386 2 6 33 O 20
8386 8387 2 9 46 M 10
8387 8388 2 4 22 O 10
8388 8386 2 2 10 O 10
8390 8389 2 17 94 O 10
12568 8391 2 14 74 O 30
22692 18625 2 20 108 O 20
8392 8393 2 15 83 O 20
16501 8395 2 150 832 O 20
18313 8825 1 3 13 O 20
8397 23262 2 10 50 O 10
23262 12403 2 5 27 O 20
8566 8564 2 21 114 M 20
4360 28471 1 10 54 O 10
8565 8566 2 17 90 O 10
8566 13494 2 9 46 O 10
13494 22687 2 23 123 O 30
8755 13493 2 4 18 M 10
13493 13491 2 5 27 M 10
13491 13490 2 6 31 O 10
13490 13488 2 5 27 O 20
13488 15253 2 37 203 O 20
15253 8756 2 25 135 O 30
12263 4158 1 4 20 O 10
8783 16662 1 24 129 O 20
8398 8771 2 21 115 M 20
8978 8770 2 4 19 O 30
8777 8778 2 8 41 O 30
8778 8779 2 2 9 O 20
8779 8780 2 7 38 O 20
8780 8781 2 3 14 O 20
11109 12944 2 22 119 O 20
12944 17250 2 2 7 O 30
17250 17251 2 11 60 M 20
17251 8782 2 4 19 O 20
19075 6219 2 9 48 M 20
6219 18512 2 24 128 O 20
18512 25600 2 2 8 O 30
25600 25597 2 5 25 O 20
25597 25602 2 2 6 O 20
25602 25598 2 1 3 O 30
25598 12734 2 8 42 O 10
12734 25605 2 6 32 M 10
25605 25607 2 3 16 O 10
25607 25609 2 2 6 M 20
25609 25611 2 4 19 O 10
25611 25613 2 3 14 O 30
25613 8809 2 4 20 O 10
8809 7191 2 1 3 O 20
7191 18518 2 15 78 O 20
8971 14278 2 27 148 O 20
22333 20978 2 6 32 O 30
20978 22916 2 12 64 O 20
22916 29748 2 4 17 O 30
29748 18569 2 6 31 O 10
8217 11194 2 11 58 O 20
11194 11204 2 38 207 O 20
11204 11203 2 20 108 M 10
11203 11187 2 39 212 O 30
11187 28874 2 37 205 O 10
28872 28873 2 54 299 O 30
28873 11177 2 78 429 M 10
11177 19719 2 15 79 M 20
19719 28874 2 13 68 O 30
28874 11730 2 13 71 M 20
21246 11270 1 33 181 O 10
21245 21244 2 33 178 O 10
21244 14676 2 13 68 O 10
21439 9032 2 10 54 O 10
9032 9033 2 20 108 O 10
14289 9080 1 14 74 O 30
27524 14290 2 18 97 O 30
14290 27001 2 16 84 O 20
25836 80 2 28 155 O 10
9084 9083 2 7 37 M 10
11484 9084 2 3 13 O 20
20470 26414 2 13 69 M 20
26414 20469 2 2 6 O 30
23305 9174 1 25 137 O 10
9174 9514 1 17 94 O 10
9514 4 1 5 23 O 20
4 9175 1 7 38 O 10
24930 9086 2 30 165 M 30
9086 9092 2 20 108 O 20
9092 26243 2 7 34 O 30
26243 16926 2 2 9 O 20
16926 26241 2 2 7 O 10
26241 26239 2 3 17 O 10
26239 16928 2 2 8 M 20
16928 26096 2 1 5 O 10
26096 26237 2 1 3 O 30
26237 26094 2 1 2 O 10
26094 26092 2 1 5 M 30
26092 26235 2 3 12 O 20
26235 20181 2 4 18 O 10
14951 24987 2 6 31 O 10
24987 16929 2 3 15 O 10
16929 9162 2 27 149 O 10
16927 26054 1 2 9 O 30
26054 26058 1 8 39 O 20
9088 9091 1 30 163 O 30
9086 26220 1 12 62 O 10
26220 9089 1 2 6 O 30
9089 26222 1 3 15 O 10
26222 26223 1 3 16 O 30
9096 25092 1 3 12 M 30
25092 26171 1 7 37 M 30
26171 9094 1 9 46 O 20
9095 22370 1 17 89 O 30
22370 26173 1 3 13 O 30
11391 8075 2 15 78 M 30
18696 2042 2 15 82 O 20
9097 4676 2 5 24 O 20
4676 4674 2 1 2 O 10
4674 9098 2 3 16 O 20
9098 4670 2 3 15 O 10
4670 4669 2 1 3 O 30
4669 4672 2 1 3 O 30
4672 9099 2 5 23 O 20
9100 4655 2 6 31 M 10
4655 4656 2 9 48 O 30
4656 9101 2 5 25 O 30
9777 22296 2 2 10 O 30
22296 9864 2 9 45 O 20
9864 9865 2 10 54 O 10
8695 9867 2 11 59 O 10
9867 15913 2 11 58 M 30
15913 9865 2 20 107 O 20
9864 9867 1 40 219 O 10
28015 12052 2 2 7 O 10
12052 12050 2 12 62 O 30
12050 13677 2 3 12 O 10
9888 9889 2 29 158 O 20
9889 15824 2 6 30 O 30
15824 15822 2 6 29 O 30
15822 11144 2 10 53 O 30
11144 11146 2 6 29 O 20
11146 14735 2 10 55 O 20
14735 9890 2 10 52 O 30
9892 9512 2 7 38 O 10
9512 15919 2 17 91 O 30
15919 11740 2 15 82 O 10
11740 15930 2 1 5 O 20
15930 15920 2 16 84 O 10
15920 9893 2 18 97 O 20
11023 10102 2 12 66 O 20
21502 17277 2 12 63 M 30
17277 10641 2 8 44 O 20
10641 17279 2 17 89 O 30
17279 10659 2 11 56 O 20
10659 10642 2 14 76 O 30
10642 10657 2 13 69 O 30
10657 10643 2 12 66 O 10
10643 10644 2 16 87 O 10
10644 10651 2 14 77 O 30
10651 17276 2 9 49 M 20
17276 10645 2 15 82 M 30
10645 10646 2 9 49 M 20
10646 10647 2 16 84 O 10
10647 10648 2 12 62 M 10
10648 10656 2 13 70 O 20
10656 10649 2 11 57 O 20
10649 10650 2 18 98 O 30
10650 15407 2 7 35 M 20
15407 29036 2 20 110 O 30
1868 10651 2 29 160 O 30
10645 1867 2 29 156 O 10
10652 5853 2 6 29 O 10
5853 5856 2 1 4 O 30
5856 10653 2 10 51 O 20
10653 6611 2 20 107 M 30
6611 30141 2 10 55 O 10
30141 10647 2 42 233 O 20
10653 10654 1 24 129 O 10
10654 3988 1 16 88 O 30
30139 6609 2 24 130 O 30
6609 10654 2 20 107 M 10
10657 10658 2 25 136 O 20
10659 9468 2 25 134 O 30
10641 10660 2 25 138 O 10
20360 10663 2 11 59 O 10
10663 14268 2 10 55 O 10
10662 10663 2 25 136 O 30
12360 16142 2 25 138 O 20
16142 9135 2 10 51 O 20
9132 9131 2 4 19 O 20
24565 16143 2 7 37 O 30
16143 22335 2 19 100 O 30
10692 28103 2 14 76 O 30
28103 15005 2 15 79 O 30
15005 13871 2 23 124 O 10
13871 10693 2 1 4 O 20
10699 28104 2 14 75 M 20
28104 10698 2 4 22 M 20
2535 10763 1 6 33 O 10
10763 10764 1 51 279 O 10
10765 10766 1 42 232 O 20
10767 10763 1 8 44 O 30
28220 10770 1 28 153 O 30
11310 2526 1 51 283 O 20
10773 2528 1 53 291 O 20
2526 10772 1 54 297 O 10
19074 19098 2 4 17 O 10
19098 19101 2 3 16 O 20
19101 19102 2 5 24 O 20
19102 19105 2 3 16 O 10
19105 19108 2 4 18 O 30
19108 19110 2 3 16 O 10
19110 19112 2 4 18 O 10
19112 19073 2 4 18 O 10
19073 8977 2 4 19 O 20
8974 19130 2 3 16 O 10
19130 19128 2 3 16 O 20
19128 8975 2 5 23 O 20
8975 19125 2 4 17 O 10
19125 19123 2 3 16 O 20
19123 19121 2 3 16 O 30
19121 19119 2 3 16 O 20
8976 14278 2 10 55 M 30
14278 25985 2 13 67 M 30
25985 21512 2 1 5 O 20
21512 30023 2 4 19 O 10
30023 12298 2 10 52 O 30
12298 8973 2 7 36 M 20
8973 11417 2 2 9 M 10
11417 30025 2 6 29 O 10
30025 30035 2 4 19 M 20
30035 30033 2 3 16 O 20
30033 30031 2 4 17 O 20
30031 30029 2 4 18 O 20
30029 8810 2 4 19 O 20
11417 12299 2 8 40 M 30
12299 12297 2 39 214 O 10
14278 1306 2 51 281 O 20
10779 10780 1 13 72 O 30
11723 2741 2 97 535 O 30
2741 30256 2 2 6 O 20
30256 11723 2 2 6 O 30
16826 10782 2 37 201 O 30
25111 14806 2 3 15 O 30
14806 29005 2 12 67 O 30
13010 10783 2 15 82 O 30
10784 10785 2 15 79 O 30
10785 10786 2 3 15 M 30
10786 22089 2 2 7 O 30
22089 5607 2 8 44 O 20
5607 10787 2 1 1 O 20
10787 11744 2 3 16 O 20
9812 9813 2 9 45 O 30
9813 14479 2 5 26 O 10
14479 15522 2 16 85 O 30
15522 15513 2 11 61 O 10
15513 13261 2 14 72 O 10
13261 16385 2 2 7 M 20
16385 15145 2 10 50 M 30
15145 14409 2 6 28 O 10
14409 15143 2 1 5 O 10
15143 9816 2 2 11 O 20
9816 9817 2 8 42 M 30
9817 9818 2 6 32 M 10
9818 13964 2 8 43 M 20
13964 9819 2 17 92 O 30
10809 10810 2 24 130 O 10
10810 13660 2 14 77 O 10
13660 9584 2 14 73 O 20
9584 14493 2 4 19 M 10
14493 14492 2 6 31 O 10
14492 14491 2 2 10 O 20
14491 10811 2 17 94 O 10
8517 14884 2 25 136 O 20
14884 14885 2 7 39 M 20
14885 14887 2 6 29 O 20
14887 9819 2 9 50 O 30
10812 6037 2 27 149 O 20
6037 18953 2 56 309 O 20
5804 12677 2 4 17 O 30
20783 6024 2 74 407 M 30
6024 7647 2 39 213 M 10
7647 10813 2 50 275 O 30
10816 10814 2 20 107 O 10
10814 10817 2 14 76 O 20
10836 10837 1 34 188 O 20
10837 26749 1 10 55 O 30
26749 10833 1 20 109 O 30
19923 28185 2 9 45 O 10
10820 2107 2 13 70 O 10
2107 2105 2 9 49 M 30
2105 10821 2 1 4 O 20
13357 10822 1 9 45 O 30
10824 26475 2 4 19 M 20
26475 26479 2 5 25 O 20
26479 26477 2 6 32 O 20
26477 26473 2 18 98 O 30
20186 2001 2 9 48 O 30
2001 10825 2 1 2 O 20
8856 10826 2 19 104 O 20
10826 25629 2 3 11 O 30
25629 9444 2 6 33 O 30
18877 16480 2 7 36 O 10
16480 16481 2 19 100 O 30
16481 10829 2 7 34 O 10
16865 21748 1 11 57 O 30
10833 26747 1 2 9 M 30
26747 1115 1 11 56 O 10
23351 1122 1 42 231 O 10
10840 23352 1 1 5 M 10
10844 10836 1 8 41 O 30
10836 25842 1 9 49 O 10
25842 10845 1 4 19 O 10
1112 20297 2 13 67 O 30
10848 25860 2 14 76 O 20
25860 25858 2 7 34 O 10
25858 25844 2 9 45 O 30
25844 10849 2 16 89 O 20
10849 10850 2 11 60 O 30
10850 10851 2 6 29 O 30
19895 10852 2 10 52 O 30
10857 2123 2 19 103 O 20
2123 2120 2 11 59 O 20
2120 2119 2 2 6 O 30
2119 10858 2 7 38 M 10
21569 21608 2 13 70 O 10
21608 21594 2 7 37 M 30
10865 10866 2 11 60 O 10
10028 11040 2 8 39 O 20
11770 16568 1 8 42 O 20
23650 10870 2 10 52 O 30
10872 10873 2 13 69 O 20
10874 10875 2 13 71 O 10
10876 10877 2 10 55 O 30
9270 10882 2 6 32 O 20
10882 10886 2 4 22 O 10
10886 28643 2 12 64 O 20
10878 10892 2 5 26 O 10
10892 30148 2 2 10 O 20
30148 10884 2 3 14 M 20
10884 10887 2 4 18 M 30
10887 10889 2 5 26 O 10
10889 10879 2 4 17 O 10
10884 10885 2 11 56 M 20
10887 10888 2 11 56 O 10
10888 28644 2 4 17 O 10
10889 10890 2 11 56 O 30
10879 12688 2 10 55 O 20
10892 10883 2 11 56 O 10
10883 10882 2 4 22 O 20
12535 8803 2 12 65 M 10
8803 12534 2 14 73 M 20
22918 9077 2 9 46 O 10
10831 14234 2 42 228 O 10
14234 10830 2 11 61 M 30
10912 1020 2 11 60 M 30
1020 24738 2 8 41 O 10
24738 10913 2 2 8 O 10
20782 12966 2 6 33 M 20
12966 11952 2 16 84 O 20
11952 20242 2 7 36 M 20
10934 10935 2 37 205 O 30
10935 9821 2 91 502 O 20
11018 15350 2 21 112 O 30
9029 28685 1 21 112 O 20
11032 16987 2 55 304 M 10
20838 27002 2 14 74 O 10
20838 11033 2 4 17 O 20
11033 11035 2 4 21 O 20
10408 21362 2 32 174 O 10
21362 11037 2 4 17 O 10
21362 11038 2 17 89 O 30
11039 21127 2 25 135 O 20
11041 11040 1 12 63 O 30
11072 21155 2 10 54 O 20
21155 6412 2 10 54 O 30
6412 11073 2 1 4 M 30
10866 6417 2 52 286 O 30
1221 21063 2 5 24 O 30
21064 11074 2 4 21 O 30
11077 26321 2 17 94 O 20
21159 11079 2 26 141 O 10
11085 9841 2 4 19 M 30
12806 11096 2 4 18 O 30
11096 11087 2 6 32 O 10
8492 8498 1 14 73 O 10
8498 14798 1 19 101 O 20
14798 13740 1 5 24 O 30
13740 8499 1 6 33 O 10
11090 11092 2 15 79 M 20
11092 4076 2 3 12 M 10
11094 11095 2 18 98 O 30
11096 19019 2 4 18 O 30
12182 5433 2 2 6 M 30
5433 13677 2 10 51 O 30
11144 11145 2 13 68 O 30
11146 11147 2 13 68 O 10
24734 11165 2 7 35 O 10
11165 11164 2 9 48 O 30
11165 11166 2 9 47 O 10
24734 11167 1 11 60 O 10
11170 23581 2 9 48 M 20
11171 13735 2 2 10 O 30
4367 20494 2 10 54 O 30
20494 12912 2 14 76 O 20
11414 11415 2 16 86 O 30
11735 27856 1 14 75 O 20
11482 6280 2 3 16 M 30
6280 6278 2 3 16 O 10
6278 12201 2 48 266 M 30
551 11542 2 3 15 O 10
11542 14577 2 17 92 O 30
8406 11573 1 7 35 O 20
11573 2571 1 5 27 O 30
11570 11571 2 4 20 O 30
11571 11569 2 10 51 O 30
11571 11572 2 10 51 O 30
17156 24739 1 9 46 O 10
26204 11576 2 7 34 O 30
14314 1606 1 14 76 O 20
1606 12851 1 14 76 O 10
11606 11609 2 6 32 O 10
11609 11589 2 12 64 M 30
11589 1486 2 10 53 O 10
11593 11594 2 21 113 O 30
27769 11596 1 5 23 O 10
13568 27777 1 3 16 M 20
27777 27778 1 3 16 M 30
27778 27781 1 4 17 O 20
27781 27782 1 4 21 O 30
27782 27784 1 4 21 M 20
27784 27786 1 3 17 M 20
27786 27787 1 3 16 O 10
27787 27789 1 4 17 O 20
27789 27791 1 3 16 O 20
27791 27793 1 4 18 M 20
27793 27796 1 4 17 M 20
27796 13569 1 4 18 O 20
11604 28449 2 17 93 O 10
17081 24371 2 5 23 O 20
24371 15446 2 1 4 O 30
15446 9050 2 3 15 O 30
9050 9967 2 41 226 O 20
9967 11801 2 17 94 O 10
20750 28451 2 6 30 O 30
11616 11614 2 7 36 O 20
11614 11587 2 11 60 M 20
11587 11612 2 5 27 O 10
11615 11611 2 13 72 O 20
11612 25296 2 4 18 O 10
25296 9642 2 1 5 M 10
9642 14314 2 3 14 O 20
11403 11610 2 5 24 O 30
11610 27812 2 1 4 M 30
11614 11613 2 10 53 O 10
11613 11611 2 5 23 O 20
11613 20665 2 10 52 M 10
20665 11612 2 3 16 O 20
11610 11608 2 6 30 O 10
11608 9652 2 7 37 M 10
11588 27814 2 15 78 M 30
11587 11586 2 26 144 O 30
11586 18791 2 4 20 O 20
9655 25296 2 15 81 O 20
8696 18775 1 39 212 O 10
18775 18776 1 30 162 M 10
18776 22417 1 9 46 O 10
11734 11735 1 15 78 O 10
11736 11737 1 12 63 O 30
11738 24393 1 6 31 O 20
11740 11741 2 27 145 O 30
11746 5610 2 1 4 O 30
5610 20455 2 7 38 O 20
20455 11745 2 4 21 M 30
11747 4093 2 12 64 O 30
4093 4091 2 2 10 O 10
4091 11748 2 2 7 O 20
11754 12307 1 7 37 O 20
12307 12305 1 6 33 O 30
12305 8833 1 12 66 O 20
11756 11755 2 5 27 O 10
11759 21562 2 2 7 O 30
2836 4072 1 3 15 M 10
4072 4078 1 2 9 O 20
4078 4080 1 4 20 O 30
4080 4083 1 4 19 O 20
4083 27735 1 2 6 O 10
27735 8501 1 4 21 O 10
8501 11747 1 18 95 O 30
11747 8407 1 8 41 O 30
11555 4085 1 4 19 M 20
4085 4089 1 5 26 O 20
4089 12883 1 8 40 O 20
12883 2840 1 3 12 O 30
2840 8502 1 7 39 M 10
8502 9842 1 2 6 O 10
9842 9844 1 2 9 O 10
9844 2873 1 11 60 O 10
2873 9332 1 7 35 O 10
9332 23129 1 7 39 M 10
23881 8400 1 16 84 O 10
8400 27855 1 14 77 O 10
23856 23855 1 6 31 O 20
18615 18608 1 10 54 O 20
11760 23830 1 7 37 O 20
8741 8180 1 13 71 O 10
18611 18612 1 10 54 O 30
20867 17511 2 21 114 O 10
30205 20870 2 2 7 O 10
20869 30206 2 4 21 O 30
30208 20863 2 75 416 O 20
20863 11765 2 53 292 O 20
11816 10738 1 131 728 O 20
11378 6490 1 124 688 O 20
11324 11325 1 59 324 O 20
27022 27023 2 21 112 O 30
27023 27024 2 6 31 O 10
11350 11820 1 54 295 O 10
11822 11823 1 17 89 O 30
11823 18616 1 33 183 O 10
11351 12107 1 20 109 O 20
12107 11352 1 32 172 M 30
11821 11353 1 106 587 M 10
16968 29405 2 55 303 O 10
29405 8731 2 46 254 O 30
8731 29404 2 36 195 O 30
29404 21500 2 5 25 O 10
27025 12799 2 11 56 O 30
12799 20110 2 6 33 M 30
20110 11922 2 14 72 O 20
11922 19635 2 3 13 O 30
19635 12789 2 5 28 O 20
12789 12787 2 16 88 M 10
12787 20109 2 3 15 O 10
20109 26141 2 12 62 O 10
21547 15955 2 34 189 O 20
15955 11927 2 42 231 O 30
11951 11950 2 4 18 O 10
11950 11949 2 64 352 O 30
10933 10934 2 211 1168 O 20
11954 11955 2 10 55 M 10
11957 11958 2 43 234 O 30
11958 18080 2 7 35 M 20
18080 11949 2 2 8 M 10
11957 13635 2 25 138 M 10
22056 11959 2 12 61 O 10
11959 11960 2 9 45 O 20
11960 10608 2 18 96 O 10
10608 5660 2 39 213 O 20
5660 20936 2 5 26 O 20
11962 11963 1 11 59 O 30
11964 26913 1 23 124 O 30
12058 12059 2 5 27 O 30
12064 20449 2 4 20 O 10
20449 12066 2 12 64 M 10
12066 5697 2 21 114 M 20
12065 20258 2 3 14 O 30
20258 20262 2 9 46 O 10
12069 12070 2 48 261 O 10
7720 12071 1 64 352 M 10
12072 19600 1 36 199 O 10
17003 11352 1 108 595 O 30
18617 18618 2 11 60 O 20
12102 20893 2 8 41 O 20
15009 12104 2 4 20 M 20
12105 12106 2 36 197 M 10
20879 25355 2 108 595 M 30
25355 12108 2 16 86 O 30
12108 25356 2 13 71 M 30
25356 18486 2 10 51 O 10
18486 25360 2 3 14 O 10
25360 25367 2 16 87 O 10
25367 12109 2 3 16 O 10
12109 12110 2 3 13 O 10
12110 12111 2 10 53 O 10
12111 25373 2 2 6 O 10
25373 25371 2 3 16 O 10
25371 12112 2 12 65 O 30
12112 16477 2 16 84 O 10
16477 12837 2 8 44 O 10
12837 15725 2 37 201 M 20
12112 1741 2 2 8 O 20
1741 12113 2 31 171 O 20
12113 12114 2 33 182 O 30
12114 12115 2 29 160 O 30
12114 15725 2 55 302 O 30
21067 23594 2 6 33 O 10
12119 12121 2 9 45 O 30
12120 12122 2 12 64 O 30
12122 16003 2 9 49 O 10
16003 3827 2 4 20 O 10
3827 12123 2 17 89 O 10
12122 12124 2 12 61 O 30
12125 12126 2 22 119 O 30
21023 3803 2 8 44 O 20
3803 12127 2 4 20 O 30
12147 7728 2 11 58 O 30
7728 7730 2 4 18 O 10
7730 1305 2 20 108 M 20
1305 21766 2 14 74 O 10
21766 18552 2 8 39 O 20
14558 14560 2 5 24 O 10
14560 14559 2 47 257 O 30
14559 12213 2 58 321 O 20
12215 11864 2 4 19 O 30
11864 9105 2 5 28 O 10
9105 11862 2 4 22 O 10
11862 20510 2 6 32 O 30
2253 979 2 9 46 M 20
979 12286 2 6 32 O 10
11521 24578 2 10 55 O 20
24578 24582 2 4 22 O 10
24582 24580 2 7 33 O 20
24580 13556 2 2 7 O 10
13556 14265 2 6 33 M 20
12299 12300 2 9 45 O 10
601 12298 2 27 148 O 10
12357 167 2 12 66 O 20
167 20483 2 11 57 O 30
20483 12358 2 6 29 M 10
9191 18844 2 2 6 O 10
18844 25617 2 11 57 O 10
25617 8458 2 12 61 O 20
101 12365 2 20 111 O 10
18467 12365 2 10 53 O 10
12365 18474 2 9 48 M 10
18474 155 2 1 3 O 30
28860 12432 2 6 33 O 30
12435 12436 2 10 55 O 20
12439 12441 2 4 19 M 10
12441 12440 2 11 56 M 30
12441 12443 2 12 62 O 30
12443 12442 2 5 24 O 30
12443 6145 2 9 45 O 30
6145 19569 2 11 61 M 30
19569 19568 2 11 60 O 30
10125 8018 2 3 15 O 30
8018 14587 2 15 79 O 10
14587 11130 2 3 12 O 20
11130 12450 2 12 63 O 10
12450 16380 2 7 35 M 10
16380 16378 2 8 41 O 20
16378 16377 2 8 42 O 30
16377 12451 2 9 48 O 10
20075 16370 2 17 90 O 20
16370 12454 2 9 48 O 20
12454 12455 2 23 124 O 30
12458 12457 2 13 70 O 30
12457 16365 2 5 25 O 20
5849 12451 2 9 49 O 10
12456 12459 2 31 169 O 20
12454 14554 2 12 66 O 20
14554 16375 2 7 34 O 30
16375 14582 2 7 35 M 30
14582 12460 2 12 66 M 30
20077 12460 2 25 137 M 10
12460 12459 2 22 121 O 10
12459 8024 2 24 130 O 30
8024 8022 2 4 17 O 30
8022 12450 2 3 15 O 30
21041 21040 2 8 43 M 30
29710 29712 2 4 17 O 20
29712 12484 2 3 15 O 10
12484 29687 2 2 10 M 20
29685 29706 2 3 12 O 10
29706 29702 2 4 17 O 10
29702 29700 2 4 18 M 20
29700 10377 2 15 81 M 30
12485 12487 2 11 56 O 10
12484 12485 2 3 16 O 10
12485 29743 2 3 12 O 10
29743 29739 2 1 4 O 10
29739 12486 2 3 11 O 20
12486 29744 2 12 66 O 10
12494 12490 2 7 36 M 20
18295 12490 2 4 22 O 20
12490 12492 2 5 25 O 20
23186 29726 2 3 12 M 20
29726 29716 2 2 6 M 10
29716 29719 2 2 7 O 10
29719 29715 2 2 7 O 20
29715 23187 2 7 38 O 30
11389 12499 2 5 23 O 30
12499 26353 2 7 35 O 30
19191 12583 2 4 18 O 30
12583 3006 2 1 2 O 10
12585 2998 2 4 20 O 30
2998 12586 2 29 160 O 10
12586 19310 2 3 13 O 30
21606 21037 2 22 118 M 30
15904 15905 2 3 15 O 10
15905 12587 2 16 88 M 10
12587 26422 2 6 31 O 10
26422 3009 2 3 13 O 20
3009 12588 2 23 126 O 20
12588 12589 2 3 13 O 20
21586 3011 2 13 67 O 20
12710 15623 2 19 103 O 30
15623 12709 2 80 442 O 30
30204 20870 2 1 5 O 10
12751 12752 2 5 23 O 20
12752 12757 2 3 16 O 20
12757 12753 2 11 60 O 10
12753 12754 2 19 104 O 20
12752 12755 2 9 47 O 20
12756 29237 2 2 10 O 10
25986 23543 2 14 77 O 30
12753 22169 2 11 60 O 20
22169 12757 2 1 4 O 10
12758 12457 2 48 262 O 20
19231 12760 1 18 95 O 30
19152 3980 2 1 4 M 20
3980 21457 2 10 52 O 20
21457 12761 2 19 102 O 20
12761 1084 2 5 28 O 30
1084 12762 2 1 1 O 30
12768 12763 2 6 28 O 30
12763 12766 2 1 3 M 30
19254 12766 1 5 27 O 20
12766 22904 1 6 28 O 20
11087 11088 2 18 98 O 10
12814 14397 2 35 189 O 30
14397 20921 2 11 57 O 10
20921 20935 2 7 37 M 10
20935 12814 2 10 51 O 20
12814 12815 2 7 33 O 30
12815 12816 2 5 22 M 30
16087 14061 1 2 6 M 20
14061 14060 1 12 66 M 20
14060 25678 1 2 8 O 20
25678 16088 1 7 37 O 30
16088 25680 1 1 4 O 10
25680 14572 1 5 26 O 20
14572 10568 1 4 22 O 10
10568 10156 1 5 27 O 30
10156 16089 1 14 74 M 20
16089 11117 1 9 49 O 20
11117 14058 1 9 46 O 20
14058 14057 1 8 41 O 10
14057 1798 1 1 5 O 20
1798 16090 1 5 24 O 30
1131 24665 1 4 22 O 20
12762 1061 2 6 29 O 20
1061 1064 2 3 17 O 30
1064 1067 2 4 17 O 20
1067 1070 2 3 16 O 20
1070 1073 2 3 16 O 10
1073 1076 2 3 17 M 10
1076 12763 2 4 17 M 20
12763 1080 2 4 20 O 30
1080 1081 2 4 17 O 30
1081 12764 2 3 15 O 30
13225 5024 2 2 7 O 10
5024 13224 2 23 125 O 20
8483 9315 2 3 15 O 30
17547 20844 2 54 297 O 20
11548 11550 2 46 255 O 30
14440 14441 2 16 86 O 30
14441 14442 2 2 10 O 10
14562 14846 2 12 64 O 10
14846 26122 2 2 10 O 30
26122 20944 2 25 138 O 20
20944 14563 2 11 61 O 10
17007 12214 2 8 41 O 10
12214 17008 2 14 73 O 20
17008 27021 2 11 61 O 10
27021 17009 2 38 211 M 30
16993 17007 2 14 76 M 10
22688 14733 2 12 64 O 30
14735 14734 2 12 63 O 30
23484 22786 2 1 3 O 10
22786 11523 2 4 21 O 10
20994 21151 2 2 10 O 30
21151 22967 2 4 19 M 20
22967 21152 2 15 78 O 20
20992 29883 2 12 66 M 30
29883 29885 2 7 37 O 30
29885 18033 2 13 69 O 10
18033 21156 2 16 84 O 30
21156 25802 2 24 133 M 30
25802 10182 2 22 120 O 10
10182 6415 2 24 129 O 10
6415 10180 2 5 24 O 10
10180 10865 2 32 174 O 30
10865 21157 2 33 180 O 20
23369 12563 1 7 36 O 10
12277 12488 2 7 34 O 20
12488 12484 2 6 33 O 10
9212 10327 2 16 86 M 20
10327 18445 2 21 113 M 30
18445 18444 2 13 68 M 20
18444 9217 2 16 84 O 10
9217 5355 2 9 47 O 20
5355 5357 2 13 69 M 10
5357 21611 2 16 88 O 20
18395 18387 2 8 39 O 30
18387 18389 2 7 34 M 30
18389 18388 2 8 41 M 10
18388 11436 2 11 57 O 30
18243 15040 2 7 34 M 30
18709 18711 1 5 27 M 30
18800 5511 2 18 98 M 30
5511 29446 2 2 6 M 20
11499 22229 1 3 15 O 30
22229 9778 1 9 45 O 30
9778 22707 1 13 71 O 20
22707 28342 1 18 98 M 30
28342 22711 1 12 62 O 10
22711 14425 1 2 10 O 20
21617 24405 2 4 21 O 20
24405 3639 2 3 15 O 30
3639 24402 2 5 27 O 20
24402 3160 2 7 35 O 30
3160 12343 2 3 15 O 20
12343 3162 2 5 25 O 20
3162 3423 2 9 46 O 20
3423 5300 2 5 23 O 30
5300 5301 2 10 54 O 30
21615 7022 2 4 17 M 10
7022 7024 2 2 9 O 10
7024 7030 2 1 5 O 10
7030 7034 2 4 18 O 30
7034 7032 2 1 3 O 10
7032 7036 2 3 14 O 10
7036 7038 2 3 15 O 20
7038 7040 2 3 16 O 30
7040 12978 2 4 22 O 30
12978 10477 2 16 86 O 20
10477 14956 2 8 39 M 30
14956 13113 2 7 34 O 30
13113 15090 2 4 19 M 10
6404 23575 2 13 67 O 10
23575 6541 2 14 73 O 20
6541 23564 2 19 100 O 10
23564 23566 2 9 48 O 20
23566 23570 2 18 95 O 30
23570 15641 2 9 47 O 10
15641 12927 2 13 72 O 10
8602 22963 2 4 21 O 10
22963 22075 2 15 79 M 30
22075 22074 2 11 57 O 30
22074 7422 2 17 92 O 30
14767 9666 1 3 16 O 30
12544 18902 2 9 46 M 10
18902 12541 2 143 793 O 20
20828 20173 2 9 47 O 30
14783 16607 2 7 34 O 30
16607 16603 2 54 298 O 10
25230 10781 2 4 22 O 10
21092 8429 1 8 40 O 10
22864 21093 2 12 64 O 10
18305 21086 1 3 11 O 10
14798 14799 2 13 71 O 10
14802 14803 2 4 19 O 30
14804 14805 2 9 46 O 10
14806 14807 2 6 30 O 20
19517 20496 1 1 5 O 10
20496 17968 1 19 105 M 10
17968 14047 1 10 52 O 10
14831 845 2 24 129 O 10
16878 13066 2 34 186 O 30
6787 6079 2 10 55 O 30
6079 15124 2 9 47 O 10
15124 23477 2 8 43 O 10
23477 14854 2 17 94 O 30
14854 17262 2 14 76 M 30
17262 17259 2 8 43 M 10
17259 14856 2 1 5 O 30
14856 17257 2 6 30 O 10
17257 17261 2 4 21 O 30
17261 17255 2 10 53 O 30
14857 14858 2 61 337 O 10
10603 11566 2 18 95 M 10
11566 18964 2 30 166 O 30
8302 11528 2 6 31 O 30
11528 12805 2 2 8 O 10
12805 11529 2 24 128 O 30
14858 7887 2 4 21 O 30
11562 6957 2 2 9 M 30
6957 6905 2 1 4 O 20
6905 11545 2 3 13 M 10
11545 6907 2 2 6 O 20
6907 14855 2 4 20 M 30
14855 6909 2 2 10 O 30
6909 17270 2 5 24 O 10
17270 6911 2 3 15 O 20
6911 6828 2 2 7 O 30
6828 5974 2 5 27 O 30
5974 6913 2 1 4 O 30
6913 5978 2 4 19 O 10
5978 5976 2 2 10 O 20
5976 6915 2 2 11 M 20
6915 6916 2 4 20 O 30
6916 28936 2 1 2 O 30
28936 28938 2 7 37 O 30
28938 28940 2 2 10 M 30
28940 6954 2 1 1 O 10
6954 6919 2 1 4 O 30
6919 6921 2 3 11 O 20
6921 28942 2 3 15 M 20
28942 28944 2 4 21 O 30
28944 6923 2 1 1 O 30
6923 20135 2 4 20 M 30
2830 11441 2 25 134 O 20
11441 14473 2 10 51 O 20
14473 13131 2 5 27 M 20
13131 7792 2 7 36 O 30
7792 11442 2 1 5 O 30
11442 5028 2 12 66 M 30
5028 12856 2 23 123 O 20
12856 16922 2 34 186 O 30
16922 9883 2 14 74 O 20
28010 20496 2 12 65 O 20
14991 16288 2 5 27 O 10
30119 12542 2 35 190 O 10
14993 14994 2 7 34 O 10
14740 18554 1 12 63 O 10
18553 14740 1 8 42 O 10
357 18553 1 7 35 O 10
14994 357 1 16 87 O 10
16235 14994 1 8 42 O 10
14992 16235 1 8 41 O 20
21415 1587 2 10 55 O 10
1587 16242 2 6 32 O 10
16242 16237 2 16 88 O 20
16237 16238 2 11 56 O 20
16238 14997 2 7 34 O 30
14997 8192 2 24 131 O 10
29959 29379 2 3 17 O 20
29379 14033 2 4 17 O 10
14033 29960 2 4 17 O 20
29960 29961 2 2 11 O 20
29961 29962 2 4 17 M 30
29962 29963 2 6 33 O 30
29963 14996 2 7 36 O 10
8924 14032 2 33 180 M 20
14032 14999 2 8 44 M 10
14999 21415 2 4 17 O 30
14998 11125 2 9 48 O 10
11125 14999 2 9 49 M 30
15019 15855 2 47 257 O 20
15025 1015 2 2 8 O 30
5031 14808 2 20 107 O 20
15027 14808 2 4 18 M 30
14808 16762 2 15 79 O 10
12624 12655 2 18 95 O 10
12655 18800 2 23 127 O 20
10352 15042 2 11 60 M 20
29394 10352 2 7 36 O 20
10352 10351 2 11 61 O 10
20963 27955 2 6 29 O 30
27955 27948 2 10 55 O 20
27948 27944 2 8 41 O 20
27944 27942 2 5 24 M 10
15046 15047 2 10 53 O 20
15047 16473 2 8 43 O 20
15047 15048 2 13 67 O 20
15060 15055 2 4 18 O 10
15055 15054 2 43 237 M 10
12520 11622 2 20 111 M 10
11622 11623 2 6 33 O 20
11623 15077 2 7 37 O 30
15077 15057 2 6 30 O 20
15057 15058 2 6 31 O 10
15058 15059 2 5 27 O 20
15062 15063 2 7 37 O 20
15063 16779 2 15 78 O 20
16779 15064 2 7 37 M 10
15063 15065 2 15 82 M 20
15065 15066 2 6 32 M 20
15065 15067 2 8 43 O 10
15061 15068 2 33 180 O 30
15056 15076 2 4 19 O 30
15076 15062 2 3 14 O 20
15062 15061 2 19 102 O 20
15061 5899 2 10 53 O 10
5899 5897 2 1 4 O 20
5897 15060 2 2 6 O 10
15060 11629 2 30 164 O 30
11629 15069 2 33 182 O 20
15069 15070 2 20 107 O 10
15069 15071 2 7 37 O 10
15071 15072 2 13 71 M 20
15055 11789 2 59 324 M 30
15057 15073 2 15 80 O 10
15058 15074 2 5 26 O 30
15077 20987 2 45 247 O 20
20829 15471 2 9 48 O 20
15471 20911 2 46 254 O 10
15078 15079 2 4 19 M 20
15080 15079 2 6 31 M 30
15079 7848 2 17 91 O 20
7848 15081 2 1 4 O 30
15081 15082 2 9 49 M 20
15081 7846 2 20 107 O 10
12100 12101 2 144 797 M 20
12101 12102 2 26 141 O 30
12101 15083 2 25 133 O 10
15083 15251 2 17 93 O 20
15251 25385 2 4 21 O 10
25385 15083 2 7 39 O 20
15084 18879 2 246 1366 O 10
18879 18927 2 19 104 O 20
15085 17602 2 8 41 M 30
17602 17601 2 4 21 O 10
17601 15086 2 4 19 O 30
11385 27957 2 19 100 M 10
7791 27875 2 4 19 O 20
27875 11383 2 10 54 O 30
15087 15088 2 4 17 O 20
15089 18506 2 4 18 O 30
15089 18407 2 7 35 O 30
18407 27929 2 7 35 M 30
27929 18404 2 20 106 O 20
15094 15096 2 2 7 O 20
15096 27905 2 12 63 O 30
27905 27906 2 1 5 M 30
20963 23629 2 11 57 O 20
23629 20959 2 10 52 O 30
20959 20960 2 5 28 M 20
20960 15046 2 24 128 M 20
15046 5298 2 6 31 O 20
5298 12130 2 13 68 O 10
12979 25451 2 6 30 O 10
25451 25452 2 4 18 O 30
25452 14955 2 9 47 O 10
15096 24398 2 7 34 O 20
24398 15095 2 10 52 O 30
17183 27904 2 13 69 O 20
27904 15098 2 10 54 O 10
15091 29563 2 2 6 O 20
29563 12979 2 4 22 O 10
15099 15091 2 6 29 O 10
20990 27936 2 21 116 O 10
29080 12826 2 8 41 O 20
12826 12828 2 3 14 O 10
12828 7789 2 16 85 O 20
7789 15140 2 5 24 O 10
15140 7784 2 10 53 M 10
7784 18672 2 7 39 O 30
18672 15138 2 22 117 O 10
15138 29083 2 23 122 O 20
29083 29097 2 2 7 O 20
29097 29099 2 2 11 O 10
29099 14838 2 16 85 O 30
14838 29117 2 22 121 O 10
29117 29114 2 4 17 O 20
29114 29111 2 5 23 O 20
29111 29109 2 6 33 M 20
29109 14832 2 2 8 O 20
14832 11673 2 10 53 O 20
11673 15295 2 5 26 O 20
15295 29078 2 5 24 M 20
29078 15127 2 7 34 M 20
15106 15116 2 7 37 O 20
15116 15965 2 3 17 O 10
15965 15112 2 4 20 O 20
15112 15110 2 6 33 O 10
15110 55 2 1 4 O 10
55 15108 2 7 37 O 10
15108 15114 2 7 36 O 30
15114 15105 2 4 21 O 30
15108 15107 2 13 71 O 10
55 15109 2 13 71 O 10
15112 15111 2 13 70 O 10
15114 15113 2 15 80 O 30
15116 15115 2 13 70 O 10
15106 15117 2 13 70 O 30
15123 21737 2 2 6 O 10
15125 16285 2 33 181 O 10
16285 17265 2 6 29 O 10
17265 11002 2 31 172 O 20
11002 28878 2 103 571 M 30
28878 21726 2 1 5 O 20
15129 11654 2 11 61 O 20
11654 14827 2 5 27 O 10
14827 14828 2 4 18 O 10
15130 24416 2 9 45 O 10
24416 15281 2 7 39 O 10
15281 11659 2 8 39 O 30
11659 15134 2 3 15 O 10
15134 15277 2 10 55 O 10
15277 15136 2 22 117 O 20
15136 11661 2 4 21 M 30
11661 7895 2 6 33 M 10
7895 15293 2 8 41 O 10
15293 15131 2 23 123 O 30
15131 15132 2 20 111 M 10
23472 15134 1 45 247 M 10
15135 15136 1 46 254 M 20
19658 21741 2 3 12 O 20
15973 18670 2 32 173 O 30
18670 15138 2 8 41 O 10
15139 29122 2 2 7 O 10
29122 29119 2 2 10 M 30
29119 29079 2 28 153 M 30
15275 15276 2 23 126 O 20
15277 15278 1 46 250 O 10
15280 15279 2 34 188 O 20
15281 15282 2 32 178 O 10
15283 7103 2 19 105 O 20
14822 15131 2 14 76 M 20
15284 19956 2 11 59 O 20
19956 15285 2 2 11 O 30
15286 15287 2 26 143 M 30
15133 15288 2 30 164 O 30
28885 19959 2 19 102 O 30
19959 15289 2 3 11 O 10
15290 15291 2 27 149 O 10
15292 16113 2 6 30 O 20
16113 16111 2 6 29 M 10
16111 16110 2 6 29 O 10
15294 11663 2 3 11 O 10
11663 11677 2 6 33 O 20
11677 11664 2 2 10 O 30
11664 11666 2 4 20 M 10
11666 11668 2 2 10 O 30
11668 11671 2 5 27 O 10
11671 11675 2 6 30 O 20
11675 29077 2 1 1 O 10
29077 15295 2 7 39 O 10
15296 29094 2 39 215 O 20
29094 29092 2 2 9 M 20
15297 15964 2 6 32 O 20
15964 59 2 9 45 O 30
59 15962 2 2 8 O 20
15962 60 2 8 42 O 10
60 15967 2 5 26 O 10
15967 11244 2 4 21 O 10
11244 15968 2 4 22 O 30
15968 15298 2 7 37 O 10
2252 15302 2 8 39 O 20
15302 15300 2 8 43 O 20
15300 15297 2 9 46 O 30
15305 11251 2 6 30 M 30
11251 61 2 4 21 M 30
61 11243 2 9 48 O 20
11243 15301 2 13 72 M 30
15302 11248 2 16 86 O 30
11248 11249 2 1 4 O 10
15304 56 2 15 83 O 10
56 11250 2 14 72 O 30
11250 15305 2 5 27 O 30
15306 54 2 49 268 O 10
15308 15309 2 51 283 M 30
11566 19043 2 3 12 M 30
19043 19050 2 16 86 O 30
19050 15310 2 6 28 O 30
15310 15311 2 6 32 O 30
19054 19053 2 9 45 M 20
15314 11916 2 40 217 O 10
11916 15313 2 5 26 O 10
15325 1403 2 6 28 O 30
1403 14212 2 22 122 M 20
14212 15326 2 12 65 O 10
15327 1402 2 6 29 O 10
1402 15328 2 35 193 O 30
15329 13552 2 3 12 O 20
13552 13550 2 3 15 O 10
13550 14499 2 27 145 O 10
14499 15330 2 10 54 O 10
15331 12581 2 6 30 O 20
12581 12580 2 18 96 O 30
12580 15332 2 19 100 M 20
15333 12274 2 23 127 O 20
12274 21653 2 18 98 M 10
15336 24460 2 4 21 O 20
24460 27616 2 7 38 O 10
27616 27657 2 2 7 M 20
27657 15337 2 5 26 O 20
15337 15338 2 9 45 O 10
15340 2889 2 12 61 M 20
2889 14738 2 11 61 O 10
14738 15341 2 12 66 O 30
15357 12337 2 10 51 O 30
12337 6316 2 5 24 O 10
6316 15358 2 9 47 O 20
20895 15362 2 28 152 O 20
15362 15361 2 40 219 O 10
15361 16861 2 39 215 O 30
16861 15363 2 4 18 O 20
15363 9898 2 17 90 O 10
9898 15360 2 16 87 O 30
15363 15364 2 12 65 M 10
15364 11806 2 19 100 O 30
10308 21112 2 6 31 M 30
15367 15366 2 4 17 M 10
15366 15365 2 4 17 O 20
15365 28791 2 25 138 M 10
15367 15373 2 31 170 O 20
15374 15372 2 6 28 O 10
15372 15375 2 5 26 O 30
15367 15368 2 5 26 O 20
15368 15369 2 5 22 M 30
15369 15370 2 4 17 O 20
15370 15371 2 4 18 O 20
15371 15372 2 4 18 O 10
15371 15376 2 6 29 O 30
15370 15377 2 6 28 O 10
15369 15378 2 6 32 O 20
15368 15379 2 8 44 O 20
15367 15380 2 12 61 O 10
15366 15381 2 12 62 O 20
15383 15388 2 4 18 O 30
15388 15385 2 4 17 O 10
15387 15388 2 5 24 O 20
15365 15390 2 12 62 O 20
21521 15412 2 9 50 M 30
15412 15418 2 8 40 O 20
15418 20710 2 25 138 O 10
20710 20712 2 3 13 O 20
20712 15410 2 13 72 O 20
29091 57 2 26 141 O 30
57 11247 2 9 47 O 10
11247 15296 2 11 57 M 20
15296 15299 2 2 9 O 10
20704 15414 1 5 23 O 30
15413 15415 2 21 114 O 10
15418 15419 2 6 30 O 10
15419 15420 2 8 43 O 10
15420 28209 2 9 49 O 10
28209 20718 2 2 7 O 10
20718 18337 2 19 101 O 10
12538 20558 2 3 12 O 20
20558 29019 2 8 43 O 20
29019 29018 2 1 5 O 30
29018 15428 2 1 4 O 30
15431 15432 2 3 14 O 30
15432 573 2 4 17 O 30
573 20723 2 2 7 O 20
20722 15416 2 7 34 O 30
23155 9034 2 41 225 O 20
15450 15451 2 12 64 O 30
15451 15452 2 28 154 M 10
15452 15453 2 12 64 M 20
15453 13853 2 36 197 O 10
12834 16717 2 8 41 O 30
16717 25251 2 25 138 O 20
25251 25249 2 3 13 O 30
25249 25254 2 2 11 M 20
25254 25247 2 2 9 O 20
25247 15260 2 3 15 O 20
15260 25256 2 2 10 O 20
25256 25262 2 3 13 O 30
25262 25244 2 1 2 O 20
25244 25239 2 7 34 O 20
25239 25236 2 1 3 M 20
25236 15462 2 8 43 O 30
15462 25261 2 3 15 O 20
25261 25240 2 1 4 O 30
25240 25242 2 5 25 O 10
25242 25257 2 5 27 O 10
25257 15463 2 11 58 O 10
15463 15464 2 24 131 O 10
15463 18008 2 65 357 O 30
15474 16303 2 4 18 O 30
16303 16301 2 5 24 O 30
16301 15473 2 47 260 O 30
15473 17096 2 19 103 O 30
15475 28720 2 40 222 O 20
28720 28722 2 1 3 O 30
28722 15476 2 3 15 O 20
15473 16300 2 4 19 O 10
15477 15479 2 16 84 O 20
15479 15480 2 5 24 O 10
15479 15481 2 59 326 O 20
15482 18495 2 15 78 O 10
15483 16125 2 20 107 O 20
16125 3552 2 6 31 O 30
3552 16131 2 7 38 M 30
16131 15572 2 6 32 O 30
15572 15484 2 2 11 M 30
7420 15491 2 11 59 O 20
15491 7620 2 1 3 O 30
7620 6541 2 10 55 O 20
15498 20737 2 14 74 O 10
1048 13565 2 15 79 O 30
13565 15487 2 14 75 O 20
15502 15509 2 5 23 O 10
15509 15506 2 8 42 O 10
15506 7741 2 8 40 M 10
7741 15503 2 5 28 O 20
15505 29550 2 3 15 O 10
29550 15504 2 3 12 O 10
19041 18349 2 21 112 O 20
18349 13564 2 17 91 M 20
13564 19042 2 13 71 O 10
15508 7764 2 4 21 O 20
7764 7763 2 4 17 O 30
7763 7746 2 3 12 M 20
15510 13397 2 21 116 O 20
13397 13399 2 11 58 O 30
4221 15557 2 17 93 O 20
15555 16122 2 2 6 M 30
16122 15557 2 6 33 O 10
15557 3905 2 34 185 O 10
15557 15558 2 6 28 M 30
15558 15559 2 21 116 O 30
15559 15560 2 24 129 M 20
15559 12858 2 23 124 O 30
12858 12890 2 43 239 O 30
12890 12888 2 26 140 O 20
1489 12528 2 9 48 O 20
15561 15562 2 42 229 O 20
15563 15564 2 24 133 O 30
21550 15565 2 23 127 O 10
15565 15566 2 34 188 O 30
15567 15568 2 17 93 O 20
15569 11362 2 19 100 O 30
9238 9236 2 36 196 O 10
15573 15574 2 22 118 M 20
10347 15582 2 5 28 O 20
15582 15575 2 29 156 O 30
15575 15576 2 34 187 M 20
15576 15577 2 7 33 O 30
15578 15579 2 46 250 O 10
15579 15575 2 27 146 O 10
20953 17233 2 51 279 O 30
17233 2690 2 86 474 M 30
2690 15580 2 4 18 O 10
15580 15590 2 9 47 O 30
15590 15575 2 10 55 O 10
15579 15580 2 17 92 O 10
15581 15582 2 28 155 O 20
15577 15583 2 54 298 M 10
15584 15585 2 58 320 M 20
15586 14007 2 13 68 O 10
14007 8689 2 15 78 O 20
15587 17084 2 9 45 O 20
17084 17082 2 18 96 O 30
17082 15588 2 4 17 O 20
15589 15590 2 18 95 M 20
15591 29309 2 31 168 O 10
29309 15592 2 8 42 O 20
15593 29328 2 6 31 O 10
29328 29326 2 1 3 O 30
29326 29322 2 6 29 O 10
29322 29324 2 1 4 O 30
29324 29320 2 6 30 M 20
29320 29318 2 1 5 M 30
29318 29316 2 7 36 O 10
29316 29314 2 7 33 O 10
29314 29312 2 2 7 M 10
29312 29310 2 6 28 O 30
29310 15594 2 5 23 O 10
15599 29300 2 8 40 M 30
29300 29302 2 13 69 O 10
29302 11131 2 2 6 M 20
11131 15600 2 24 130 O 10
29090 15601 2 20 107 O 10
29085 15602 2 21 113 O 20
29086 15603 2 21 111 O 20
29087 15604 2 20 110 M 30
29088 15605 2 20 109 M 30
29089 15606 2 20 108 O 30
16695 15610 2 8 44 O 10
15610 5918 2 3 13 O 10
5918 5920 2 6 31 O 20
5920 5922 2 5 28 O 30
5922 5916 2 6 31 M 10
5916 5914 2 6 29 O 20
5914 15607 2 10 54 O 20
15609 15610 2 71 393 O 10
15611 15612 2 61 337 O 10
15613 15616 2 22 121 O 20
15616 15614 2 67 370 O 10
15615 15616 2 66 362 O 10
15617 15618 2 18 99 O 10
15640 12939 2 8 43 O 10
12939 15641 2 4 18 O 10
13032 15649 2 14 73 O 20
15649 15650 2 18 99 O 10
15650 5209 2 3 14 O 10
15653 15660 2 8 40 O 30
15656 15658 2 12 66 M 30
15659 15660 2 24 133 O 10
10642 29029 2 10 51 O 30
29029 17274 2 23 125 M 20
15664 15665 2 73 401 O 30
19951 15666 2 79 438 M 10
15667 1650 2 86 473 O 10
1650 11047 2 3 15 O 30
8375 1652 2 89 490 O 10
1652 15668 2 5 26 M 10
15669 11046 2 67 372 O 30
15670 16804 2 21 112 O 10
16804 15671 2 14 73 O 20
15672 15673 2 73 403 M 30
15674 15675 2 15 79 O 20
15676 15677 2 71 393 O 30
15678 15679 2 20 109 O 10
15680 15681 2 72 395 O 10
15682 15683 2 68 376 M 30
15684 15685 2 66 365 O 20
15686 15687 2 62 342 O 20
15688 10672 2 33 180 O 20
10672 15689 2 24 129 O 10
15691 15692 2 23 123 O 10
15692 10667 2 9 47 O 30
10667 10666 2 6 28 O 30
10666 10665 2 9 47 M 10
15692 10671 2 17 89 O 10
10671 10728 2 14 76 O 20
15694 15693 2 80 443 O 30
15695 14260 2 31 169 O 20
15697 15698 2 29 161 O 10
15699 16245 2 9 50 O 10
16245 12087 2 4 21 M 20
12087 15700 2 21 115 O 10
15701 9103 2 21 113 O 30
9103 15702 2 23 127 O 30
11866 25815 2 12 62 O 30
25815 6785 2 5 26 M 20
6785 25817 2 9 50 O 10
25817 6783 2 1 2 O 30
6783 15703 2 15 81 O 20
15704 18708 2 30 163 M 30
15706 21772 2 24 132 O 20
21772 21773 2 11 60 M 30
21773 15707 2 5 24 O 10
15735 15737 2 5 24 O 20
15737 15734 2 11 60 O 10
15734 15726 2 7 38 O 20
15726 15747 2 17 93 O 10
15747 15727 2 4 19 O 20
15727 15745 2 7 34 M 30
15745 6381 2 5 26 M 30
6381 13954 2 2 6 O 20
13954 15743 2 4 21 O 30
15743 15741 2 10 55 M 10
15741 6383 2 4 21 O 20
6383 15739 2 10 50 O 30
15739 5295 2 5 27 M 30
5295 6387 2 3 11 O 20
6387 15728 2 1 3 M 10
15728 6385 2 3 16 O 10
6385 15729 2 5 26 O 20
15727 15730 2 13 67 O 20
15730 13957 2 12 64 M 20
13957 15731 2 10 54 O 20
15732 15730 2 8 40 O 30
15726 15733 2 43 238 M 20
15736 15737 2 50 273 O 20
15734 15738 2 48 266 O 10
15739 15728 2 48 266 O 10
15740 15741 2 17 93 O 20
15742 15743 2 21 116 M 10
15744 15745 2 18 100 M 10
15746 15749 2 5 27 M 20
15749 11989 2 6 30 M 20
11989 15747 2 12 62 O 20
15748 15749 2 11 61 O 30
15752 15754 2 5 23 O 30
15754 13328 2 1 3 O 30
13328 13332 2 10 50 O 10
13332 15751 2 9 46 O 30
15751 15726 2 14 75 O 20
15753 15754 2 9 49 O 30
15755 9338 2 5 24 O 30
15758 15759 2 21 113 O 20
13327 15760 2 19 101 O 10
15761 15762 2 20 107 O 20
15763 15764 2 19 106 O 10
15765 15766 2 10 54 O 20
15767 15768 2 9 46 O 30
15769 15770 2 9 46 O 10
15771 15772 2 10 51 O 20
13972 15774 2 20 107 O 30
15774 28446 2 13 72 O 30
15773 15774 2 13 68 M 10
15775 11799 2 24 132 O 30
15776 15777 2 13 70 O 10
15777 13927 2 5 28 M 30
13927 15778 2 5 24 O 20
15778 15779 2 42 231 M 30
12225 15782 2 20 109 O 20
15782 15780 2 17 92 O 30
15780 13959 2 22 122 O 20
13959 15779 2 2 7 O 30
15779 15733 2 4 21 O 20
15781 13961 2 5 25 O 20
13961 15780 2 13 70 O 20
15782 13931 2 12 65 O 30
13931 15783 2 13 68 O 10
15783 20580 2 16 85 O 30
20580 15784 2 7 34 O 30
15785 15786 2 19 103 O 20
15788 5285 2 8 41 O 30
5285 13305 2 5 25 M 30
13305 5288 2 5 25 O 10
5288 5290 2 5 25 O 10
5290 15787 2 10 51 O 20
15789 15790 2 8 40 O 30
15790 15793 2 14 73 O 20
15793 15791 2 42 229 O 10
15792 15795 2 10 50 O 30
15795 15793 2 8 44 M 10
15794 15795 2 23 127 O 10
15796 15797 2 16 84 O 10
15798 15799 2 22 118 O 10
15800 15801 2 4 17 O 20
15801 12259 2 6 31 M 10
12259 15802 2 21 112 O 30
15801 11974 2 21 114 O 10
15805 3723 2 17 94 O 20
3723 15806 2 3 11 O 10
15807 15808 2 14 76 O 20
15809 4712 2 5 25 O 20
4712 4708 2 6 31 O 30
4708 17989 2 6 33 M 30
17989 21518 2 8 43 O 10
21518 17990 2 4 20 O 20
17990 9683 2 7 38 O 20
8757 4705 2 13 72 O 10
4705 8758 2 9 46 O 10
8758 8759 2 8 40 O 30
8759 8760 2 6 30 O 10
8760 6464 2 5 23 O 30
6464 11982 2 20 106 O 20
11982 6467 2 2 10 O 10
6467 6469 2 2 10 O 30
6469 10188 2 7 36 O 30
10188 19551 2 33 183 O 20
19551 8761 2 2 8 O 30
8761 8762 2 42 229 O 20
15812 27933 2 27 147 O 10
27933 15811 2 7 35 O 20
15811 27932 2 3 14 O 10
27932 19558 2 5 25 M 20
19558 15810 2 23 125 O 10
8763 9474 2 27 146 O 20
8763 8762 2 9 48 O 10
8762 19560 2 9 46 O 20
19560 19559 2 8 40 O 30
19559 28319 2 13 71 O 20
28319 15812 2 10 55 O 10
15813 23216 2 14 75 O 10
23216 15814 2 7 35 M 30
15814 19539 2 7 34 O 30
19539 15815 2 8 40 M 10
11561 5814 2 39 213 M 10
5814 17988 2 37 205 O 10
17988 15470 2 10 54 O 10
21544 15816 2 7 36 O 30
15816 21543 2 4 20 O 10
21543 15817 2 22 120 O 30
15817 15818 2 4 19 O 10
15818 21542 2 32 176 O 20
15816 16995 2 16 86 M 30
16995 21543 2 6 33 M 10
15817 15819 2 30 162 O 30
15819 15818 2 14 76 O 30
15819 15820 2 25 138 O 10
15821 15822 2 22 117 O 20
15823 15824 2 12 64 M 30
15825 9889 2 19 100 O 20
15826 15827 2 16 86 O 10
15830 8897 2 27 146 M 10
7972 8860 2 3 16 O 20
8860 15837 2 7 36 O 20
15838 15839 2 92 507 O 10
12286 15840 2 13 70 O 20
15840 8904 2 7 37 O 20
8904 15841 2 7 38 O 30
15842 6106 2 6 28 M 30
6106 7395 2 9 45 M 20
7395 6105 2 4 18 O 30
6105 7392 2 4 20 O 30
7392 15843 2 3 17 O 30
15843 8946 2 5 22 O 30
8946 7373 2 8 39 O 20
7373 8945 2 3 12 O 30
8945 8949 2 33 182 O 20
9777 22297 2 27 149 O 10
15910 15911 2 26 140 O 30
15908 15909 2 21 115 O 10
9343 15917 2 25 134 O 10
15918 15919 2 27 146 O 30
8191 12777 2 14 74 M 20
12777 15926 2 7 38 M 20
15926 15925 2 2 8 O 20
15925 15928 2 5 25 M 30
15928 2972 2 4 17 O 20
15924 18550 2 12 65 O 20
18550 15925 2 9 48 O 20
15926 15927 2 20 108 O 10
15928 15929 2 24 132 O 30
15930 15931 2 9 48 O 10
15931 9512 2 42 230 O 20
15934 2924 2 5 25 O 20
2924 2921 2 5 27 O 20
2921 15932 2 7 36 O 20
11702 11703 2 26 141 O 20
15962 15963 2 23 123 O 30
15963 15110 2 18 96 O 20
14839 15965 2 18 97 O 10
15964 14839 2 22 121 M 20
15966 15106 2 18 97 O 20
15967 62 2 21 116 O 30
15968 22281 2 23 125 O 20
15969 11649 2 4 18 O 20
15971 20664 2 11 59 M 20
20664 15972 2 40 220 O 10
20660 15974 2 50 275 O 10
15975 15976 2 47 260 O 10
15977 15978 2 49 271 O 10
15979 15980 2 49 270 O 30
21118 21124 2 4 17 O 30
21124 21123 2 5 24 O 20
21123 21122 2 3 17 O 30
21122 5212 2 2 8 O 20
21117 18073 2 8 41 O 20
18073 27030 2 16 87 O 20
27030 21118 2 8 39 M 30
16005 16006 2 9 49 O 20
16006 28153 2 6 29 O 10
28153 16007 2 3 16 O 30
16011 17717 2 8 42 O 10
17717 17709 2 6 30 O 10
17709 17701 2 5 27 O 20
17701 17691 2 6 28 O 10
17691 26335 2 5 27 O 20
26335 21782 2 5 27 O 30
21782 16012 2 5 27 M 30
16013 16017 2 9 49 O 10
16017 16015 2 6 28 O 30
16015 29153 2 6 29 O 20
16015 16016 2 18 95 M 10
16016 16017 2 22 119 O 30
16018 17705 2 7 36 O 30
17705 17694 2 6 29 M 30
17694 17688 2 6 28 O 30
17688 17677 2 6 28 O 10
17677 16019 2 5 27 O 20
12128 16050 2 6 29 O 10
16050 16020 2 12 65 M 30
16020 13848 2 5 25 O 20
13848 16018 2 16 87 O 20
21188 17728 2 2 9 O 10
17728 16029 2 24 133 O 20
16029 17684 2 11 56 O 20
17684 17685 2 1 5 O 10
17685 17682 2 5 28 O 10
17682 16030 2 8 44 O 20
21007 23347 2 18 96 O 20
23347 17748 2 59 326 O 20
17748 16031 2 31 168 O 30
16032 3474 1 4 21 O 20
3474 23345 1 4 18 O 20
23345 21796 1 3 15 O 30
21796 3472 1 2 10 M 10
3472 23342 1 1 1 M 30
23342 16033 1 6 28 M 10
16033 3467 1 2 9 M 10
3467 3465 1 1 4 O 10
3465 3463 1 1 5 O 30
3463 3469 1 2 8 M 10
3469 16034 1 1 4 M 30
16034 16326 1 5 26 O 20
16326 3461 1 1 4 O 30
3461 16035 1 8 40 O 30
16035 3452 1 3 15 O 20
3452 16321 1 5 28 O 20
16038 16037 2 10 55 O 30
16037 3458 2 6 31 O 20
3458 25805 2 5 23 O 20
25805 16005 2 4 18 O 10
26318 26317 2 9 48 O 20
29200 17721 2 17 90 O 30
17721 17724 2 2 10 M 30
17724 16013 2 9 48 O 30
16013 16011 2 6 30 O 20
16011 12128 2 14 75 O 30
12128 17742 2 17 94 M 10
17742 17744 2 5 25 M 10
17744 21661 2 8 41 O 10
9650 12268 1 4 21 O 30
12268 11076 1 20 108 O 20
11076 11080 1 11 59 O 10
11076 16039 2 12 64 O 20
16474 16041 2 58 317 O 10
16043 22941 2 3 15 O 30
22941 23383 2 11 59 M 20
23383 23381 2 6 31 O 30
23381 25003 2 3 16 M 10
25003 23379 2 3 14 O 10
23379 496 2 1 1 M 20
496 23371 2 6 29 M 10
23371 16044 2 4 20 O 20
16045 16046 2 24 132 O 20
16050 16049 2 7 39 O 20
16049 17719 2 6 28 O 10
17719 17710 2 5 27 O 30
17710 16048 2 6 30 O 30
16048 16047 2 10 50 M 30
16051 14351 2 11 56 O 30
14351 4258 2 3 14 M 20
4258 16052 2 26 140 M 10
16052 21010 2 17 91 O 30
10251 16053 2 4 21 O 30
16053 16054 2 4 22 M 30
16054 4300 2 5 25 O 30
4300 16055 2 3 13 O 10
16055 16056 2 3 15 O 30
29913 26855 2 34 189 O 20
26855 14394 2 1 3 O 30
14394 26852 2 10 55 O 30
26852 16057 2 6 31 O 10
16057 10250 2 5 24 O 20
10250 11059 2 17 89 O 20
11059 24839 2 2 8 O 30
24839 24837 2 3 17 M 30
24837 10241 2 27 146 O 10
10241 10243 2 4 17 O 10
10243 14377 2 10 55 O 20
14377 14393 2 6 28 M 30
14393 14390 2 8 41 O 20
14390 14383 2 9 47 M 30
14383 16058 2 8 44 O 10
16062 1693 2 32 176 O 10
16060 16065 2 7 36 O 10
16065 14338 2 11 56 O 30
14338 16066 2 6 29 O 10
16066 14327 2 4 21 O 30
14327 14344 2 2 7 M 20
14344 16069 2 4 17 O 30
16069 24873 2 8 40 O 20
24873 24874 2 12 65 O 10
24874 24905 2 14 73 O 30
24905 24902 2 7 34 O 10
24902 20928 2 9 45 M 30
20928 24911 2 4 17 O 20
24911 16067 2 10 51 O 10
16067 14335 2 5 24 O 10
14335 24914 2 7 39 O 10
24914 24917 2 4 21 O 30
24917 24918 2 3 16 O 10
24918 16068 2 6 28 O 20
24907 24903 2 7 37 O 30
24903 14340 2 5 27 O 30
14340 24899 2 2 8 O 20
24899 24897 2 6 29 M 20
24897 16069 2 11 58 O 30
16070 22937 2 7 34 O 30
22937 24862 2 4 17 O 20
24862 20930 2 1 5 O 30
20930 24860 2 6 30 M 20
24860 20929 2 3 17 O 10
20929 24857 2 1 4 O 20
24857 23664 2 4 18 O 10
23664 24856 2 5 23 O 30
24856 10239 2 7 35 O 30
16070 24866 2 18 97 O 30
24866 14347 2 5 27 M 10
14347 16065 2 11 56 O 10
16072 14333 2 2 10 O 30
16073 20927 2 7 34 O 30
20927 16074 2 7 39 O 10
16074 16075 2 3 16 O 30
16075 10306 2 6 28 M 10
10306 29260 2 3 12 O 10
29260 10304 2 2 7 O 20
10304 10303 2 9 46 O 30
10303 10301 2 9 45 O 20
10301 14395 2 9 49 O 20
14395 10299 2 12 65 O 20
10299 10293 2 11 60 O 20
10293 10297 2 10 52 O 20
10297 25070 2 5 27 O 20
25070 10295 2 3 16 M 20
10295 25073 2 1 5 O 20
25073 10289 2 4 19 O 10
10289 10291 2 10 51 O 10
10291 10288 2 22 118 O 30
10148 16098 2 6 32 O 30
16138 16141 1 25 136 O 20
20989 16140 1 19 101 O 20
16140 7977 1 7 34 O 30
7977 20365 1 3 12 O 10
20365 7979 1 4 21 O 10
7979 22596 1 3 12 O 10
22596 29680 1 5 27 O 10
29680 16143 1 8 41 M 20
16144 29795 2 2 8 O 30
29795 16145 2 51 281 O 30
16146 29890 2 20 110 M 30
29890 29892 2 7 37 M 10
29892 29805 2 2 10 O 30
29805 29809 2 5 22 M 10
29809 29807 2 3 11 O 20
29807 29811 2 2 10 O 20
29811 16147 2 33 179 O 20
16148 16149 2 29 159 O 10
17026 16156 2 30 165 O 20
16156 16150 2 4 22 O 30
16150 29834 2 23 126 M 30
29834 16151 2 10 51 O 10
16152 29832 2 20 107 O 10
29832 29830 2 5 24 O 10
29830 29828 2 1 2 O 20
29828 16153 2 4 19 O 10
16150 16154 2 37 203 O 20
16157 16156 2 29 156 M 10
16159 16160 2 32 175 O 30
16158 29872 2 39 215 O 20
29872 29870 2 4 20 O 10
29870 29868 2 3 13 O 20
29868 16161 2 3 16 O 30
16162 16163 2 32 177 O 10
28767 17979 2 2 9 O 20
17979 1967 2 11 59 M 30
1967 17978 2 11 58 O 20
17978 25075 2 6 29 O 30
16166 16172 2 11 57 O 30
16172 24003 2 2 11 M 10
24003 9290 2 4 21 M 10
9290 16164 2 30 164 O 30
16164 24180 2 9 50 O 30
24180 24182 2 1 4 O 10
24182 16167 2 4 19 O 30
16167 16168 2 13 68 O 20
16168 24198 2 5 27 O 10
24198 24296 2 1 1 O 10
24296 24298 2 1 4 M 30
24298 24300 2 3 12 O 20
24300 24302 2 6 29 M 20
24302 24308 2 8 44 O 30
24308 24306 2 2 8 O 20
24306 24304 2 3 14 O 10
24304 24310 2 13 68 M 20
24310 24312 2 9 46 O 10
24312 24201 2 20 109 O 10
24201 16170 2 6 29 O 30
16173 24157 2 7 38 O 20
24157 24159 2 6 28 O 30
24159 9277 2 16 87 O 30
9277 24139 2 6 30 O 20
24139 16174 2 20 106 O 10
16174 23992 2 7 36 O 20
23992 16172 2 23 125 O 20
16167 24014 2 5 23 O 30
24014 24031 2 1 5 O 20
24031 24027 2 9 45 O 10
24027 24183 2 1 4 O 30
24183 24186 2 5 27 O 10
24186 24026 2 6 30 O 10
24026 24188 2 1 4 O 30
24188 24190 2 6 31 O 10
24190 24192 2 4 20 O 10
24192 24023 2 3 15 O 10
24023 24010 2 1 2 O 30
24010 24024 2 7 34 O 20
24024 24195 2 5 23 O 30
24195 24015 2 5 24 O 30
24015 24019 2 2 8 M 10
24019 24162 2 7 34 O 20
24162 24316 2 7 34 O 10
24316 24161 2 1 4 O 10
24161 16165 2 5 27 O 10
16175 24264 2 5 27 M 10
24264 24262 2 1 5 M 10
24262 9305 2 10 53 O 20
9305 24294 2 13 71 M 10
24294 16176 2 4 21 O 10
16176 24290 2 9 44 O 30
24290 24288 2 2 10 M 10
24288 24284 2 2 6 O 20
24284 24282 2 2 8 O 20
24282 16177 2 7 37 O 30
16177 24317 2 4 21 M 10
24317 24052 2 2 9 O 20
24052 19060 2 11 60 O 20
16177 24362 2 18 95 O 10
24362 24463 2 28 154 O 30
24463 24068 2 6 31 O 20
24068 16178 2 28 154 O 30
16178 16179 2 55 301 O 30
16179 16180 2 3 15 O 30
16181 24061 2 4 19 O 20
24061 24470 2 24 132 O 30
24470 16182 2 28 154 O 10
16182 24461 2 3 14 O 30
24461 24067 2 10 55 O 30
24067 24062 2 13 69 O 30
24062 13936 2 18 99 O 10
13936 24292 2 5 25 O 20
24292 16176 2 5 27 O 30
16189 24202 2 5 25 O 20
24202 23317 2 5 27 O 30
23317 24439 2 4 21 O 30
24439 10338 2 18 96 O 20
10338 16186 2 1 4 O 20
16183 24102 2 2 9 O 20
24102 16187 2 14 73 O 10
16187 24130 2 4 17 O 10
24130 24049 2 4 21 O 30
24049 16188 2 7 34 O 10
16188 23327 2 1 5 O 10
23327 23329 2 3 15 O 10
23329 12956 2 4 17 O 20
12956 9307 2 10 51 O 30
9307 23325 2 8 42 O 30
23325 12962 2 4 20 O 30
12962 12964 2 3 14 O 10
12964 12959 2 3 16 M 20
12959 24245 2 2 10 O 10
24245 16184 2 5 28 O 10
16214 20353 2 17 92 O 20
20353 26812 2 25 137 O 30
26812 16215 2 15 80 O 10
16215 26815 2 8 42 O 20
26815 6595 2 9 47 O 30
6595 20764 2 27 147 O 20
20764 16216 2 10 52 O 10
20856 16244 2 68 375 O 10
16347 7732 2 9 45 O 30
7732 29558 2 4 21 O 20
29558 16348 2 3 13 M 10
20785 16353 2 9 47 O 10
16353 9565 2 1 5 O 30
9565 9564 2 4 20 O 20
9564 16351 2 6 28 O 10
16351 20081 2 11 60 O 30
9205 9204 2 10 51 M 10
9204 14744 2 7 34 M 20
14744 14745 2 8 43 O 30
14745 14751 2 7 38 O 10
14751 9203 2 6 28 O 10
16352 16351 1 35 189 O 30
20079 16354 1 10 50 O 10
16354 16352 1 11 59 O 10
16352 20080 1 15 78 O 20
16353 16354 1 34 183 O 10
16355 6347 2 31 170 O 20
6347 16356 2 9 47 O 20
16356 8032 2 2 10 O 20
8032 8030 2 3 15 M 10
8030 16357 2 5 23 O 10
16352 14472 2 22 120 M 20
14472 16358 2 13 69 O 30
9819 19685 2 8 41 O 20
19685 10809 2 69 382 O 20
18587 9583 2 2 7 O 10
9583 13655 2 1 4 M 30
13655 20174 2 9 45 O 20
20174 18586 2 1 4 M 20
18586 22838 2 27 148 O 20
16359 16360 2 7 35 O 30
16360 22990 2 10 53 O 10
22990 6550 2 5 27 O 10
6550 1866 2 9 49 O 10
16360 22996 2 5 25 M 10
22996 16361 2 12 63 O 30
16362 14530 1 13 69 M 10
14530 12452 1 7 34 M 20
16365 14540 2 14 73 O 10
14540 14539 2 2 7 O 10
14539 14538 2 12 66 M 30
14538 16366 2 5 23 O 10
16368 16369 2 31 171 M 30
16369 16370 2 5 25 O 10
16371 14543 2 15 79 M 20
23013 16363 2 21 111 O 30
16374 14556 2 11 58 O 10
14556 16375 2 14 77 M 10
16376 16377 2 15 83 O 20
16379 16380 2 27 150 O 20
16378 16379 2 19 105 O 10
16381 16382 2 24 129 O 10
16382 16383 2 33 178 O 20
16382 16384 2 17 92 O 20
16386 16387 2 32 173 O 30
16387 15154 2 2 8 O 10
15154 16388 2 4 21 O 30
16390 17623 2 2 6 O 30
17623 17564 2 11 56 O 20
17644 6496 2 14 77 O 30
8100 11567 1 45 249 M 30
11372 14695 1 40 220 M 30
16400 11374 1 35 192 O 10
11373 16401 1 35 192 O 30
16401 12206 1 123 679 O 10
16394 13282 2 26 141 O 10
13282 11226 2 14 73 O 20
11226 19065 2 29 161 O 20
19065 16395 2 27 146 O 10
16395 16396 2 3 13 O 20
16396 19757 2 10 55 O 20
19757 19067 2 6 33 O 10
19067 16397 2 4 22 O 10
16402 10358 2 34 186 O 10
16403 10185 2 24 131 O 20
8216 11172 2 2 10 O 10
11172 11175 2 39 212 O 20
11175 16404 2 20 108 O 10
16397 16398 2 19 101 O 10
19715 16405 2 21 111 O 30
16405 16404 2 7 35 O 30
1317 6564 2 3 16 O 30
6564 16408 2 26 143 O 30
16407 13060 2 67 371 O 20
16409 16410 2 2 8 O 10
16412 16411 2 19 105 O 20
16416 19697 2 5 25 O 30
19697 16442 2 7 37 M 30
16442 16440 2 7 36 O 20
16422 21323 2 7 36 O 10
21323 22425 2 13 70 O 10
22425 23404 2 22 118 O 10
16424 16425 2 37 202 O 10
16426 11054 2 33 178 O 30
16427 16431 2 27 146 O 30
16416 16431 2 8 41 O 30
22420 22421 2 8 41 M 30
22421 16437 2 17 94 O 20
12044 16434 2 35 191 O 10
16435 16436 2 8 39 O 20
16438 12073 2 47 257 O 10
16439 16440 2 45 245 O 20
16441 16442 2 42 229 O 30
16443 16444 2 22 118 O 30
16445 16416 2 36 197 O 30
16446 16725 2 3 15 O 30
16725 16744 2 10 51 O 20
16744 16447 2 11 56 O 30
16447 28094 2 6 30 O 20
28094 28092 2 1 5 O 30
28092 22283 2 9 46 O 20
22283 17521 2 3 11 O 10
17521 16736 2 13 69 O 20
16736 28852 2 4 22 O 20
16451 16463 2 7 38 O 10
16463 16459 2 4 21 O 10
16459 16465 2 3 14 M 10
16465 16467 2 6 33 O 20
16467 16457 2 2 11 M 30
16457 16469 2 5 24 O 20
16469 16449 2 8 40 M 30
16449 16452 2 12 61 O 10
16452 16455 2 11 57 O 10
16455 8530 2 6 33 O 10
16453 16452 2 27 147 M 10
11055 9989 2 6 28 O 20
16456 16457 2 29 160 O 10
16458 16459 2 34 187 O 30
12137 27360 2 2 6 O 30
27360 27361 2 12 64 O 20
16448 16470 2 7 39 O 10
16470 16468 2 6 33 O 30
16468 16466 2 7 34 M 20
16466 16464 2 7 36 O 10
16464 16462 2 7 39 M 30
16463 16464 2 8 44 O 30
16465 16466 2 9 47 O 10
16467 16468 2 9 49 O 20
16469 16470 2 10 51 M 10
16477 16478 2 1 5 M 30
16508 16510 2 6 30 O 30
16510 19567 2 8 43 O 10
19567 16511 2 4 17 O 30
16511 16510 2 5 22 O 20
16513 16512 2 14 74 O 10
16514 16517 2 6 31 O 20
16517 19566 2 8 40 O 20
19566 16518 2 5 24 O 10
16518 16517 2 3 14 O 20
16515 16519 2 6 30 O 30
16519 16520 2 7 38 O 30
16520 16521 2 5 25 O 10
16521 16519 2 3 15 M 30
16516 16522 2 6 31 O 30
16522 16523 2 11 59 O 20
16523 16524 2 8 42 O 30
16524 16522 2 4 20 O 30
16525 16526 2 25 137 M 20
16527 16528 2 29 161 O 30
16528 8349 1 33 180 O 20
16529 16530 2 13 67 O 20
16532 16531 1 20 106 O 30
16533 16534 2 21 111 O 20
16535 16538 1 6 33 O 10
16538 16534 1 7 33 O 20
16534 16536 1 8 39 M 10
16537 16538 2 20 111 O 20
16539 8343 2 12 65 M 30
8344 16540 1 25 137 O 30
16543 11067 2 11 59 O 10
16544 16546 2 16 85 M 30
16546 8221 2 8 43 O 30
8221 16541 2 6 28 O 30
16545 16546 2 16 86 O 20
28871 11691 2 21 114 M 30
11691 11044 2 22 118 O 30
16547 16548 2 18 99 O 30
16548 16549 2 22 118 O 10
11214 11212 2 38 210 O 10
11212 16550 2 16 84 O 30
16550 16551 2 5 27 O 10
11476 23640 2 13 72 O 30
23640 16552 2 5 26 M 30
16552 11714 2 9 45 O 10
11714 16553 2 5 23 O 10
16553 16554 2 34 185 O 20
16554 10212 2 13 67 O 20
10212 16555 2 11 60 O 30
16553 16556 2 46 251 O 10
16557 16555 2 29 160 O 30
16555 16558 2 17 91 M 10
16558 16556 2 7 38 O 20
16556 16559 2 24 130 O 10
16558 16560 2 37 203 O 10
16553 11719 2 17 91 O 10
11719 16561 2 5 23 O 30
16561 16565 2 12 62 M 20
16565 16562 2 9 50 O 20
16562 16563 2 6 30 O 10
16561 16554 2 24 129 O 30
16562 16564 2 22 120 O 20
16565 16566 2 28 151 O 10
16567 6731 2 4 18 M 20
6731 11219 2 2 9 O 10
11219 18111 2 10 55 O 30
18111 6733 2 9 48 O 30
6733 11220 2 74 409 O 20
16394 11228 2 4 21 O 30
11228 13278 2 12 64 O 30
13278 11227 2 6 32 O 30
11227 13280 2 13 69 O 20
13280 28868 2 8 40 O 30
28868 6574 2 24 130 O 30
6574 28867 2 14 73 O 30
28867 18719 2 8 40 O 10
18719 19710 2 27 148 O 30
19710 17488 2 13 68 O 30
17488 16568 2 4 17 O 20
28218 28862 2 7 38 O 10
17489 16568 1 7 38 O 30
16395 16571 2 50 274 O 30
16396 11230 2 38 210 O 30
6789 22159 2 13 68 O 20
21593 26424 2 15 80 O 20
21591 21592 2 11 56 M 30
16625 11830 1 33 179 O 20
11830 14528 1 6 32 O 30
16626 16625 2 12 64 O 30
16633 23762 2 12 63 O 30
23762 22439 2 27 147 O 30
22439 16627 2 6 32 O 10
16629 16628 1 21 113 O 30
16691 13145 2 12 62 M 20
13145 13149 2 12 66 M 20
13149 16692 2 13 71 O 10
28392 11817 1 115 639 O 30
16413 8908 2 11 60 M 10
8908 16710 2 3 14 O 20
16710 1104 2 11 58 O 20
1104 19275 2 5 23 O 10
19275 19274 2 29 159 M 10
19274 16711 2 14 72 O 20
16711 15348 2 6 30 O 10
16446 10917 1 20 108 M 20
10917 9600 1 10 50 O 30
9600 16712 1 3 12 O 30
16725 16726 2 17 92 O 20
16726 16109 2 3 14 O 10
16109 16731 2 12 63 O 10
16731 16727 2 29 160 M 10
16727 16728 2 27 149 O 10
16728 16729 2 6 32 O 30
16727 16730 2 5 27 M 10
16730 16742 2 3 17 O 10
16742 16739 2 8 42 O 30
16739 16741 2 11 60 O 10
16741 16447 2 10 55 O 10
16731 16732 2 58 320 M 10
16726 10916 2 11 58 O 20
10916 16733 2 48 264 M 10
16732 16733 2 9 48 O 10
16733 16734 2 7 35 O 10
16728 16735 2 12 65 O 30
16735 16736 2 29 160 M 10
16737 16730 2 20 110 M 10
16738 16739 2 15 82 M 10
16739 16743 2 9 47 O 20
16743 16731 2 9 48 M 20
16740 16741 2 15 78 O 20
16742 16743 2 14 74 O 30
16743 11731 2 12 62 O 10
11731 16744 2 14 77 O 30
28852 18509 2 5 26 M 30
18509 23644 2 5 23 O 10
23644 16448 2 16 87 O 30
16448 16449 2 11 58 O 30
16449 16450 2 29 157 M 30
16745 17525 2 43 238 O 20
17525 16724 2 9 49 M 20
16746 20152 2 18 97 O 30
20152 16747 2 37 205 O 30
10122 16748 2 6 32 O 30
16748 16806 2 6 30 O 10
16806 16747 2 31 169 O 10
16747 16807 2 2 10 M 30
16807 15400 2 11 61 M 10
15400 11056 2 13 71 O 20
11056 16749 2 4 21 M 30
16749 14764 2 9 49 O 20
16754 16755 2 17 93 M 10
16848 16849 2 9 47 O 30
16849 16850 2 28 150 O 10
16861 16862 2 29 156 M 30
30178 10347 2 34 184 O 20
25702 17077 2 43 237 O 20
17077 12040 2 34 189 O 30
12040 4204 2 14 74 M 20
4204 16873 2 4 22 O 10
16873 4174 2 2 6 O 30
4174 4175 2 5 26 O 10
4175 23891 2 5 27 O 20
23891 25698 2 3 14 M 20
25698 4205 2 4 21 O 30
4205 25695 2 2 6 M 20
25695 23894 2 3 12 O 30
23894 4169 2 5 22 O 20
4169 16872 2 1 5 M 30
16872 4167 2 10 53 O 10
4167 4165 2 4 20 O 20
4165 12032 2 5 24 O 20
12032 12039 2 17 89 O 10
12039 12038 2 42 228 O 30
12038 12035 2 5 25 O 20
12035 17120 2 22 120 M 30
17120 30176 2 7 35 O 10
16877 28417 2 21 117 O 20
16878 30125 2 15 78 O 30
30125 2244 2 2 6 O 10
2244 25465 2 3 14 M 10
25465 16879 2 13 67 M 10
16880 21739 2 1 4 M 30
15125 28909 2 19 102 M 10
28909 28907 2 5 26 O 10
28907 28911 2 4 17 O 20
28911 28905 2 2 7 O 10
28905 28913 2 5 26 O 10
28913 28902 2 5 25 O 10
28902 28900 2 8 41 M 10
28900 28915 2 2 6 O 30
28915 28919 2 3 13 O 30
28919 28898 2 2 7 O 10
28898 28917 2 4 20 M 20
28917 28894 2 4 20 O 10
28894 28892 2 5 22 O 20
28892 28921 2 1 2 O 30
28921 28923 2 5 25 O 30
28923 28925 2 6 30 O 30
28925 28927 2 8 42 O 20
28927 28957 2 2 10 O 10
28957 16882 2 4 20 O 20
16874 30168 2 119 656 M 30
3132 16874 2 82 455 M 20
16874 21641 2 90 495 O 30
21641 20355 2 6 28 M 20
20355 1473 2 14 76 O 10
1473 1471 2 28 152 O 20
1471 16883 2 3 16 O 30
16886 14645 2 12 65 O 20
14645 15207 2 11 58 M 20
15207 15205 2 4 20 O 20
15205 15209 2 8 43 O 10
15209 16887 2 14 75 O 10
16887 16888 2 9 49 O 30
16888 21609 2 3 17 O 30
16892 16893 2 5 26 O 30
16902 12438 2 96 529 O 10
11635 17040 2 35 193 O 30
16885 17107 2 71 389 O 10
17115 17116 2 23 123 M 20
17116 23196 2 3 16 O 30
23196 23198 2 4 17 O 30
23198 23195 2 3 16 M 20
23195 17117 2 4 20 O 20
17117 17114 2 4 19 O 20
20364 14276 1 8 41 O 30
14276 1937 1 8 40 O 20
1937 1938 1 2 10 O 10
1938 20363 1 4 20 O 20
28765 9497 2 6 32 M 20
9497 14265 2 11 60 O 30
18539 24576 2 24 132 O 20
24576 8373 2 11 56 O 30
12533 11527 2 10 53 O 10
21909 8303 2 17 93 O 10
12534 9255 2 23 126 O 30
16480 10828 1 24 132 M 10
10828 16481 1 6 32 O 30
18878 3102 2 1 5 M 10
3102 17437 2 8 41 M 30
17437 10072 2 3 15 O 10
10072 10074 2 12 62 O 10
10074 10073 2 3 16 O 10
10073 25221 2 8 42 O 20
25221 10072 2 3 12 O 20
17439 17443 2 2 11 O 20
17441 17442 2 25 137 O 20
17441 30261 2 2 8 O 10
30261 17442 2 2 8 O 30
17442 17440 2 9 47 O 20
17440 17441 2 12 64 O 10
21139 17445 2 7 35 O 10
17445 17446 2 4 17 O 10
17446 17447 2 4 19 O 30
21138 17445 2 4 17 O 30
17444 17446 2 3 16 O 20
21140 10003 2 3 14 O 20
10003 5054 2 1 4 M 20
5054 19305 2 4 18 M 10
21361 28782 2 8 44 M 30
17462 17459 2 11 60 O 20
17452 17461 2 5 25 O 30
17461 17462 2 5 27 M 30
17462 17457 2 5 27 M 20
17457 17458 2 11 60 O 20
17461 17460 2 10 52 O 10
17463 17464 2 21 114 O 10
17456 17466 2 10 55 O 30
10020 17467 2 9 48 O 20
17455 17468 2 7 39 O 10
17454 17469 2 5 26 O 30
17465 10042 2 6 30 O 20
10042 10041 2 12 63 O 30
17475 24386 1 15 80 O 10
21039 21490 2 14 74 M 30
21146 16847 2 3 12 O 20
16847 18419 2 14 73 O 30
18419 16330 2 2 8 O 30
16330 21143 2 11 61 M 10
17476 17477 1 10 51 O 30
17477 24389 1 3 13 O 30
17475 21348 1 21 114 O 20
20854 25506 2 3 14 O 30
25506 25504 2 9 48 O 10
25504 25327 2 17 91 O 20
25327 25500 2 11 61 O 10
25500 20855 2 6 32 O 10
20855 28506 2 8 41 O 30
28506 25499 2 5 23 M 30
25499 25497 2 3 13 O 20
25497 25495 2 5 27 M 20
25495 12833 2 4 21 O 20
18921 15468 2 17 92 M 30
18916 17583 2 11 59 O 30
17583 25559 2 1 5 O 10
25559 21166 2 4 18 M 10
21166 17545 2 11 58 O 20
17545 17582 2 2 8 O 30
17582 29208 2 8 40 O 20
29208 25565 2 11 60 O 20
25565 25570 2 1 3 O 10
25570 25563 2 6 30 M 30
25563 17544 2 3 14 O 20
17544 25571 2 4 17 O 20
25571 6454 2 6 32 O 20
6454 20844 2 4 20 O 20
20844 20845 2 35 191 O 30
20845 21654 2 13 70 O 20
21170 481 2 15 82 O 30
481 22438 2 6 31 O 30
21173 21177 2 14 76 O 20
12105 30197 2 125 692 O 10
17766 19154 2 14 78 M 20
19155 17767 2 3 13 M 20
17767 17770 2 8 41 M 20
17770 17768 2 3 15 O 20
17768 26871 2 5 25 O 20
19153 19152 2 7 34 M 30
3981 12759 1 15 79 M 10
12759 19153 1 2 9 O 30
12760 3981 2 5 23 O 20
17767 17769 2 10 52 O 30
17769 17768 2 7 36 O 10
17769 17770 2 4 21 O 20
17771 17775 2 3 11 O 10
17773 17774 2 3 13 O 20
17775 17776 1 11 58 O 30
17797 17827 2 9 49 O 20
17827 17830 2 4 19 O 30
17830 17832 2 4 18 O 10
17832 17834 2 4 17 O 10
17834 17779 2 13 67 O 30
17779 17780 2 5 24 O 20
17781 17796 2 8 41 O 10
17796 17794 2 3 16 M 20
17794 17798 2 3 14 O 10
17798 17792 2 4 19 O 20
17792 17790 2 3 16 O 20
17790 17788 2 3 16 O 30
17788 17780 2 4 17 O 20
17780 17786 2 4 17 O 10
17786 17784 2 3 16 O 30
17784 17782 2 1 5 O 10
17783 17784 2 3 15 O 30
17785 17786 2 3 16 O 30
17787 17788 2 4 17 M 10
17789 17790 2 3 17 O 10
17791 17792 2 3 15 O 20
17793 17794 2 3 15 M 30
17795 17796 2 3 16 M 20
17828 17855 2 3 16 O 20
17855 17856 2 4 17 O 30
17856 17857 2 3 16 O 30
17857 17858 2 3 16 O 20
17858 17859 2 3 16 O 30
17859 17860 2 3 16 O 10
17861 17799 2 5 23 M 20
17802 17803 2 4 19 O 30
17801 17803 2 3 16 O 20
20039 17806 2 3 12 O 30
17806 17809 2 1 4 O 30
17809 20040 2 4 20 O 10
20037 3728 2 12 63 O 20
3728 20039 2 1 2 O 20
20038 3728 2 11 59 O 10
17807 17806 2 12 66 O 10
17809 17810 2 5 27 O 20
17811 20041 1 32 175 O 30
17812 17813 2 8 41 O 20
17814 17815 2 8 41 M 20
17818 20051 2 10 51 O 30
17819 17820 2 5 25 M 10
17826 18348 2 7 36 M 10
18348 17823 2 5 28 O 20
17823 17843 2 3 16 M 10
17843 17841 2 4 17 M 30
17841 17839 2 4 17 O 20
17839 17824 2 4 17 M 20
17797 17798 2 5 24 O 10
17833 17831 2 3 16 O 10
17831 17829 2 4 20 M 10
17829 17830 2 7 33 O 10
17831 17832 2 6 33 O 20
17833 17834 2 6 33 O 10
17835 17836 2 3 15 O 20
17836 17827 2 2 6 O 30
17836 17837 2 5 27 O 10
17838 17846 2 6 33 O 10
17846 17839 2 6 28 O 10
17840 17845 2 6 33 O 30
17845 17841 2 6 28 O 20
17842 17844 2 6 33 O 10
17844 17843 2 6 28 O 30
22612 7828 2 4 18 O 30
17860 8713 2 7 37 O 20
17848 17859 2 6 32 O 30
17859 1404 2 10 52 O 30
17850 17858 2 6 32 M 20
17858 8715 2 7 36 O 20
17851 17857 2 6 32 O 20
17857 8714 2 7 37 M 30
17852 17856 2 6 32 O 30
17856 8716 2 7 37 O 10
17853 17855 2 6 32 O 30
17855 17854 2 10 52 O 30
20042 19223 2 30 165 O 10
19223 19225 2 3 15 O 10
19225 20050 2 4 22 O 10
20050 17818 2 3 16 O 20
17818 18938 2 4 22 O 30
18938 20054 2 8 41 O 10
20054 20055 2 8 42 O 20
18942 19150 2 38 209 O 10
18942 20053 2 7 38 O 20
20053 18943 2 25 134 M 20
19218 17800 2 8 40 M 30
18151 18153 2 4 18 O 10
18153 18155 2 4 17 O 20
18155 17977 2 6 30 O 20
17977 22626 2 10 54 O 30
21169 17997 2 4 18 O 30
17997 17562 2 7 33 O 30
17562 10528 2 25 138 O 10
10528 17998 2 51 280 O 20
17998 10539 2 22 120 O 20
10539 10537 2 3 16 M 10
10537 10547 2 34 186 O 20
10547 10549 2 12 65 O 30
10549 21656 2 33 180 O 10
17997 18001 2 4 20 M 30
18002 18003 2 24 129 O 10
18003 18004 2 9 48 O 10
18004 18005 2 12 64 O 20
17659 17658 2 2 10 O 20
17658 3797 2 42 231 O 10
18006 21662 2 8 44 M 20
21186 17734 2 9 49 O 10
17734 21187 2 7 35 O 20
21187 22857 2 10 52 M 20
22857 21188 2 7 35 O 20
21188 21189 2 25 135 M 20
21189 10553 2 7 37 O 30
10553 10555 2 8 44 O 20
10555 10557 2 17 92 O 10
21176 9974 2 12 64 M 20
9974 22860 2 4 18 O 20
22860 29198 2 3 13 O 30
29198 21190 2 7 37 O 10
21190 25904 2 10 52 O 30
25904 25901 2 7 35 O 20
25901 9977 2 4 18 O 30
9977 9978 2 18 97 O 30
9978 9975 2 19 104 M 30
9975 16117 2 4 20 O 10
16117 25906 2 3 14 O 10
25906 9981 2 3 15 O 30
9981 9979 2 16 85 O 20
9979 24937 2 25 135 O 20
24937 22878 2 9 50 O 30
22878 24934 2 9 47 O 10
24934 19921 2 16 87 O 10
19921 22877 2 21 113 O 10
22877 24932 2 2 7 O 30
24932 18102 2 8 40 O 30
18102 22873 2 5 22 O 20
22873 22876 2 1 1 M 10
22876 22871 2 3 12 O 30
22871 22870 2 2 9 O 30
22870 21191 2 1 4 O 20
21191 21192 2 3 11 O 20
21192 29144 2 11 58 M 30
29144 24922 2 3 13 O 10
24922 29145 2 2 9 O 30
11015 19195 2 5 26 M 30
8477 8478 2 8 41 M 10
19317 9314 2 54 300 O 20
26530 7357 2 2 9 O 10
7357 26532 2 11 58 O 20
26532 7352 2 6 32 O 30
7352 12592 2 4 17 O 30
12592 10635 2 15 81 O 20
10635 12079 2 7 38 O 20
12079 26534 2 4 22 O 30
26534 10633 2 5 25 O 30
8480 18747 2 10 54 O 20
18009 15006 2 10 55 O 10
14813 18012 2 18 96 O 30
18012 13346 2 8 39 O 30
13346 18013 2 17 91 M 10
18013 18014 2 27 149 O 20
18014 17866 2 25 134 O 10
17866 16261 2 14 78 M 10
16261 2523 2 106 584 O 30
2523 16262 2 6 33 M 10
16262 19281 2 36 196 O 10
19281 18024 2 44 243 O 10
15264 15465 2 29 157 M 10
18008 16244 2 76 418 O 30
29203 18029 2 11 61 M 30
18031 18030 2 23 126 O 10
16009 18031 2 32 176 O 10
18031 18032 2 12 65 M 30
16009 17666 2 4 20 O 10
17666 16012 2 12 66 O 20
16012 17683 2 13 69 O 30
17683 16047 2 8 42 O 30
16047 18030 2 2 9 M 20
18030 17700 2 12 65 M 10
11078 21161 2 24 131 M 30
10866 11077 2 8 42 O 10
11077 11078 2 12 64 M 10
18034 18035 2 12 65 O 20
12331 16601 2 19 101 M 10
8476 26545 2 31 172 O 30
18019 18020 2 25 136 O 20
18020 14815 2 21 115 O 30
18019 18183 2 16 85 O 10
18115 18116 2 8 42 O 10
18117 18118 2 8 42 M 10
18119 18120 2 8 42 M 20
18121 18122 2 8 42 O 30
18123 18124 2 8 42 O 30
18128 18125 2 8 42 M 10
18127 18123 2 8 42 M 30
18125 18126 2 8 42 O 30
18129 18130 2 8 42 O 30
18130 18131 2 8 42 M 10
18132 18133 2 8 42 M 20
18133 18134 2 5 26 O 30
18136 18146 2 3 17 O 20
18146 18148 2 3 16 O 10
18148 18150 2 3 16 O 30
18150 18152 2 3 17 O 30
18152 18154 2 3 16 M 10
18154 17977 2 5 27 O 20
18135 19815 1 12 66 O 10
19815 18137 1 6 32 O 20
18137 18139 2 7 37 M 10
18139 18141 2 3 16 O 10
18141 18143 2 3 16 O 20
18143 19816 2 3 16 O 20
19816 22632 2 2 9 M 10
18137 18138 2 5 25 O 10
18139 18140 2 5 25 O 20
18141 18142 2 5 25 O 30
18143 18144 2 5 26 O 10
18146 18147 2 8 42 O 10
18148 18149 2 7 34 O 20
18150 18151 2 5 27 O 30
18152 18153 2 4 19 O 30
18154 18155 2 3 12 O 20
18156 18169 2 3 17 O 20
18169 18171 2 3 16 O 30
18171 18174 2 3 16 O 10
18174 18176 2 3 16 O 20
18176 18178 2 4 19 O 10
18178 18180 2 3 16 O 30
18180 18157 2 3 16 O 20
18162 18163 1 14 76 O 10
18163 18165 1 3 16 O 10
18164 25225 1 2 10 O 10
18161 18165 1 13 70 O 10
18160 18162 1 4 17 O 10
18162 18167 1 3 16 O 20
18167 18161 1 3 16 O 30
18165 25235 1 3 12 O 30
18167 18163 1 13 69 O 20
18170 18173 2 6 31 O 30
18176 18177 2 8 43 O 10
3494 18178 2 2 9 O 10
18178 18179 2 8 43 O 20
3495 18180 2 2 10 O 30
18180 18181 2 6 33 M 20
3496 18157 2 2 10 O 30
18157 18182 2 3 16 O 10
12760 19155 1 23 127 O 20
9134 10664 2 14 75 O 30
27546 15703 2 23 127 O 20
15703 14193 2 9 48 O 30
14193 5750 2 5 23 O 10
5750 11867 2 12 65 O 20
11867 15618 2 11 60 O 20
15618 11500 2 5 28 M 30
11500 8576 2 10 51 O 10
18227 26368 2 10 55 O 20
26368 18334 2 3 11 M 20
27809 10455 2 4 19 O 20
10455 24820 2 4 17 O 20
24820 24788 2 6 33 O 20
24788 24824 2 8 40 O 30
24824 24826 2 8 44 M 20
24826 24793 2 9 50 O 20
24793 10450 2 2 7 O 20
10559 15078 2 15 83 O 30
15078 10561 2 31 170 O 30
10561 14624 2 6 30 M 30
12685 18226 2 8 44 O 10
8420 23038 1 10 52 O 10
23038 28746 1 9 47 O 10
18232 2588 2 6 30 O 20
2588 18869 2 2 7 O 30
18869 4486 2 6 32 O 10
4486 18867 2 3 14 M 20
18867 18870 2 6 30 M 20
18870 18850 2 4 21 M 20
18850 18849 2 5 25 O 20
8456 8622 1 6 32 O 10
22930 8456 1 7 36 O 20
18852 2577 2 5 25 O 20
2577 4455 2 7 38 M 30
4455 4453 2 1 5 O 20
4453 2477 2 3 16 O 20
2477 18853 2 2 9 O 20
18853 2497 2 5 23 O 20
2497 2495 2 6 32 O 20
2495 2481 2 2 9 O 10
2481 1235 2 2 7 O 30
1088 4633 2 2 10 O 20
4633 4635 2 3 16 O 10
4635 16409 2 3 16 O 20
16409 23939 2 7 36 O 30
18234 8414 1 11 58 O 30
1835 1837 1 3 16 O 30
1837 21912 1 19 104 O 30
23881 23882 2 3 15 O 20
21561 26587 2 11 60 O 30
2541 11795 1 9 50 M 30
2540 11795 2 8 39 O 20
24081 1683 1 11 61 O 10
18250 18249 1 10 50 O 30
8518 22994 2 4 20 O 10
22994 18255 2 3 15 O 30
18255 22995 2 9 46 O 20
22995 8519 2 13 68 O 10
18252 18251 1 10 50 M 30
18251 18248 1 2 6 O 20
15643 15642 1 8 43 M 30
10914 1497 2 3 15 O 20
23254 28404 2 8 43 O 20
28404 2792 2 6 29 O 30
2792 28398 2 2 11 O 10
28398 12808 2 13 67 O 20
18256 18228 1 2 10 O 10
18264 8915 1 5 23 O 20
24332 2198 1 2 10 O 30
2198 18344 1 6 28 O 10
23237 21428 1 10 51 O 30
18271 18606 2 9 47 O 30
18606 11486 2 8 44 O 30
21426 18268 1 4 21 O 30
18269 18270 1 21 114 O 30
19246 18272 1 9 49 O 20
8367 8366 1 6 30 O 20
8354 24655 1 8 40 M 20
18236 28706 1 8 42 M 20
18280 27463 2 5 24 O 30
27463 27454 2 2 11 O 20
27454 20518 2 11 61 O 30
18282 11593 2 4 22 O 20
11593 11595 2 8 42 O 10
11595 20519 2 8 39 O 30
20519 27646 2 4 21 M 10
27646 27648 2 4 19 M 20
27648 27650 2 5 26 O 30
27650 27652 2 4 20 O 20
27652 27762 2 3 12 O 20
27762 2886 2 3 12 O 10
2886 27668 2 5 25 O 30
11804 11380 1 14 77 O 20
18285 6473 2 8 44 O 30
6473 11880 2 5 26 O 30
11880 6630 2 14 74 O 20
6630 11467 2 9 46 O 20
11467 6633 2 7 34 M 10
6633 6635 2 7 38 O 10
6635 16280 2 14 77 O 10
16280 11468 2 18 97 M 10
11468 11054 2 4 22 O 10
23857 18986 1 2 7 O 30
23853 18990 1 4 17 O 10
23852 9726 1 18 98 O 20
9726 9725 1 29 157 M 20
18294 21761 1 12 64 M 30
12490 12491 2 14 73 O 20
19229 18299 1 8 43 O 10
18299 19157 1 3 16 O 30
18299 20042 2 3 14 O 20
19230 20037 2 9 49 O 30
20037 20038 2 4 18 O 10
20038 17807 2 4 18 O 30
18309 21087 1 7 37 O 30
18310 24627 1 6 29 O 30
22975 12211 2 98 541 O 30
18303 27549 1 15 81 M 20
18305 18304 1 9 49 O 10
18307 18306 1 7 37 O 10
18306 18305 1 4 21 O 10
8829 21091 1 6 32 O 30
21091 12210 1 9 45 O 10
18308 18307 1 3 15 M 20
18311 18312 2 5 27 O 30
8429 18311 2 4 19 O 20
1333 11360 2 10 52 O 20
1358 8770 1 4 21 O 10
192 18326 1 14 77 O 10
12401 20656 1 15 78 O 10
18331 14311 2 10 50 O 30
18330 18332 2 7 38 O 30
18332 23580 2 2 10 O 20
8827 8970 2 15 82 M 30
24390 18335 1 7 34 O 10
18335 22919 1 8 41 O 10
18338 837 2 2 10 O 20
837 15076 2 8 43 O 20
18340 30192 2 21 115 O 20
18341 5981 1 9 47 O 10
20705 20706 2 5 24 O 30
20706 15410 2 24 130 M 30
15421 11632 2 34 188 O 20
11632 23232 2 22 119 O 20
2898 2193 1 10 53 O 20
17272 1668 2 13 68 O 20
1668 27544 2 6 28 M 10
27544 11045 2 7 37 O 10
11445 11444 2 34 187 O 10
30196 18881 2 78 432 M 30
11406 8857 1 18 95 O 10
27290 19296 2 9 44 O 20
18409 18408 2 14 73 O 30
8722 4238 2 16 85 O 30
4238 2685 2 5 26 O 10
2685 8717 2 1 5 O 30
8717 18036 2 5 25 O 20
18036 22540 2 6 33 O 20
18411 18412 2 8 39 M 30
18413 18414 2 7 34 O 20
21144 9335 2 23 124 M 30
9335 18415 2 2 11 O 20
18415 9337 2 6 28 O 10
10083 10172 2 40 218 O 30
29264 2720 2 10 52 O 30
2720 18421 2 15 83 O 30
10049 18422 2 24 132 O 10
19740 18426 2 11 56 O 10
18433 18434 2 20 110 O 20
18442 17648 2 7 38 M 30
17648 14068 2 9 48 O 10
18444 10121 1 24 132 O 30
18445 18446 2 13 72 O 10
17654 20608 2 7 38 O 20
19849 12279 2 10 55 O 30
12279 12479 2 10 53 O 10
12226 18449 2 8 44 O 30
11407 13333 2 11 56 M 10
18453 18454 2 4 18 O 10
18454 4155 2 8 42 M 20
4155 4736 2 8 43 O 10
4736 4734 2 4 19 O 10
4734 4732 2 8 43 O 20
4732 18455 2 3 15 O 10
18454 18457 2 3 11 O 20
18455 18462 2 9 45 O 10
18458 18463 2 16 88 O 20
18464 18465 2 19 102 O 10
18468 18467 2 21 116 O 30
18469 18470 1 28 155 O 10
18471 18475 2 2 10 O 10
18475 18472 2 6 33 O 20
18472 18473 2 2 8 O 20
18474 18475 2 21 114 O 30
18477 18449 2 7 37 M 20
18447 18476 2 14 73 M 10
18450 18451 2 14 76 O 10
18451 9689 2 13 68 M 30
9689 18450 2 20 106 O 30
18450 18449 2 6 28 O 20
18492 3143 2 1 3 M 30
3143 3141 2 4 17 O 10
3141 18493 2 13 72 M 10
18494 18493 2 5 28 O 10
18493 4212 2 1 5 M 20
4212 30172 2 5 26 O 20
18496 18497 2 22 120 O 10
18497 17235 2 24 130 O 10
17235 16884 2 4 18 O 10
18498 18497 2 16 84 M 10
18499 18500 2 20 107 M 30
18500 18501 2 23 128 O 20
18512 22493 2 3 14 O 20
22493 29493 2 7 34 O 30
29493 22503 2 2 7 O 20
22503 29455 2 5 25 O 10
29455 22504 2 2 10 O 30
22504 29471 2 5 27 O 10
29471 22505 2 2 8 O 20
22505 22495 2 6 32 O 10
22495 29478 2 4 17 O 20
29478 22497 2 2 9 O 20
22497 29462 2 4 17 O 20
29462 22491 2 2 10 M 10
22491 29481 2 4 17 O 30
29481 22502 2 2 11 O 10
22502 29470 2 4 18 O 20
29470 22500 2 2 8 O 20
18513 18514 2 7 36 O 30
18514 18515 2 11 61 O 30
18513 18516 2 15 83 O 10
18516 18517 2 22 118 O 20
18518 18516 2 20 106 O 20
18516 14244 2 7 37 O 10
18521 18522 2 27 147 O 20
18522 18523 2 10 53 M 20
18523 7966 2 12 62 M 30
20359 13837 2 12 63 O 10
13837 14267 2 10 55 M 20
18542 5851 2 18 100 O 10
5851 18543 2 7 35 O 10
18543 20276 2 21 113 O 30
20358 16192 2 6 31 M 10
16192 9877 2 2 9 O 30
9877 14266 2 13 68 O 20
18544 18546 2 26 142 O 10
18539 18545 1 26 143 O 10
16849 18547 2 10 50 M 20
18550 14190 2 16 87 O 20
18549 22296 1 42 233 O 10
18551 7876 2 18 98 O 10
7876 28438 2 10 52 O 10
9894 18548 1 31 170 O 30
14995 18553 2 16 86 O 20
18810 18811 2 8 41 M 30
18812 18813 2 7 39 O 20
18814 18815 2 7 36 O 10
18816 18817 2 3 12 O 10
18817 18818 2 10 55 O 20
18817 18819 2 6 29 O 20
163 3713 2 4 19 O 30
3713 3714 2 1 5 O 20
3714 3700 2 4 19 O 30
3700 3715 2 5 25 M 10
3715 3701 2 5 24 O 10
3701 3716 2 1 2 O 30
3716 3719 2 5 23 O 30
3719 3694 2 1 1 O 10
3694 3562 2 5 26 O 30
1099 18823 2 28 153 O 20
1098 3635 2 7 34 O 20
3635 3637 2 1 4 O 30
3637 18825 2 16 89 O 30
18826 18827 2 9 45 O 20
18829 3572 1 3 13 O 10
3572 3573 1 3 12 O 10
3573 3603 1 2 8 M 10
3603 3604 1 1 4 O 20
3604 3578 1 4 19 O 10
3578 3605 1 1 5 O 30
3605 3606 1 2 10 O 20
3606 3577 1 2 8 M 10
3577 3611 1 1 3 O 20
3611 3576 1 2 8 O 30
3623 3612 1 3 16 O 20
3612 3607 1 4 18 O 10
3607 3614 1 1 2 O 10
3614 3608 1 1 1 M 30
3608 3602 1 5 23 O 20
3602 3620 1 2 9 O 20
3620 18831 1 6 28 M 10
18833 3651 2 6 30 O 20
3651 3653 2 4 20 O 30
3653 3645 2 4 20 M 10
3645 3643 2 4 20 O 20
3643 18834 2 4 21 M 10
7721 22599 2 10 53 M 10
18212 9390 2 56 309 M 30
9390 18213 2 10 52 M 20
18213 18214 2 9 50 O 10
18214 23812 2 8 41 O 10
23812 9391 2 2 10 O 20
9391 26793 2 45 244 M 10
26793 9392 2 13 69 O 20
9392 16214 2 76 421 O 20
20765 26772 2 58 319 O 20
26772 9219 2 5 26 O 20
9219 13748 2 8 44 O 30
13748 16216 2 14 73 O 10
16216 19027 2 26 142 O 30
19027 19028 2 5 25 O 10
16184 24355 2 12 64 M 30
24355 24353 2 1 4 O 10
24353 24349 2 5 23 M 20
24349 24274 2 9 49 O 20
24274 23319 2 1 6 O 20
23319 24276 2 3 15 O 30
24276 24458 2 5 24 M 20
24458 19057 2 9 49 O 30
9547 19059 2 25 137 O 20
19059 10985 2 4 22 O 10
10985 16291 2 23 126 O 20
16291 10986 2 4 17 M 10
10986 24541 2 2 8 O 20
24541 12445 2 8 44 O 20
18836 19252 1 30 166 O 10
19252 19253 2 15 82 M 30
19262 19691 1 4 21 O 10
19691 5182 1 5 27 O 30
5182 5154 1 10 50 O 10
5154 19263 1 10 54 O 30
19263 10177 1 14 73 O 20
19266 11845 2 10 51 M 10
11845 11846 2 7 38 O 20
11846 5134 2 3 14 M 20
5134 5132 2 3 15 O 20
5132 5137 2 3 16 O 20
5137 19267 2 3 14 O 20
19267 5139 2 1 2 O 10
5139 11848 2 11 56 M 10
11848 5124 2 5 28 M 10
5124 5126 2 3 16 O 10
5126 19268 2 7 38 O 20
19268 19269 2 7 34 O 30
19267 5102 2 5 26 O 10
5102 5100 2 6 32 O 30
5100 5098 2 7 34 O 30
5098 19688 2 20 110 O 20
19688 13165 2 16 89 M 10
13165 19270 2 5 27 O 20
19270 13167 2 1 5 O 20
13167 19271 2 11 59 O 30
19271 19272 2 13 71 M 10
16710 5400 2 2 8 O 30
5400 19273 2 33 181 O 30
19273 19274 2 23 126 O 20
10869 15886 2 1 3 O 20
15886 28627 2 2 8 O 10
28627 14300 2 6 32 O 20
14300 23652 2 6 31 O 20
8546 5641 2 7 36 O 20
9151 27365 1 15 83 O 10
27365 27375 1 5 26 O 30
27375 9405 1 9 49 O 30
1608 2345 1 10 51 O 30
2345 2347 1 2 8 O 30
2347 2349 1 4 18 O 30
2349 2351 1 2 6 O 10
2351 2353 1 3 12 M 10
2353 18367 1 5 25 O 20
18366 2316 1 5 26 O 10
2316 2359 1 1 4 O 30
2359 2361 1 2 10 O 20
2361 2317 1 1 2 O 20
2317 2363 1 4 20 M 20
2363 2314 1 2 9 O 10
2314 2313 1 1 5 O 30
2313 2365 1 3 12 M 20
2365 2312 1 1 5 O 30
2312 2367 1 1 3 O 20
2367 2318 1 3 13 O 10
2318 18373 1 4 21 O 30
20831 18756 2 9 46 O 20
19762 19763 2 6 28 M 30
19763 19768 2 9 47 O 20
19768 19761 2 12 65 O 30
28970 19762 2 20 106 O 10
19763 19764 2 15 78 O 30
19765 19766 2 10 54 O 20
19766 19761 2 8 40 O 10
19767 19768 2 10 55 O 20
19769 19770 2 2 10 O 30
19770 19766 2 20 111 O 30
19771 19780 2 8 40 O 10
19780 19781 2 6 28 O 10
19781 19770 2 7 39 O 10
8725 19773 2 6 28 O 30
19773 19774 2 6 33 O 10
19774 19775 2 6 29 O 30
19775 19776 2 7 36 O 30
19775 19777 2 16 89 O 20
19774 19778 2 16 86 O 10
19779 19773 2 11 58 O 10
17216 19781 2 15 82 O 20
19782 19780 2 8 44 O 20
19762 19772 2 40 219 O 10
20049 26370 2 25 138 O 20
26370 19814 2 2 8 O 10
19811 19808 2 3 14 O 30
19808 19809 2 3 16 O 20
19809 19807 2 1 5 O 30
19816 19817 2 5 26 O 20
16786 19812 2 2 6 O 30
19812 19819 2 12 62 O 30
19818 25303 2 8 42 O 20
25303 19813 2 2 8 O 10
18426 25931 2 19 105 O 10
25931 3428 2 1 3 O 30
3428 18425 2 4 19 O 10
20033 22989 1 13 70 O 20
26915 11961 1 8 41 O 10
11961 8660 1 14 76 M 10
8660 20034 1 16 84 O 10
20034 4610 1 109 605 O 30
20032 11963 1 9 47 O 10
11963 20817 1 64 351 O 30
18264 22143 1 3 12 O 10
18265 18274 1 14 73 O 20
23095 28617 2 4 21 O 10
28617 13335 2 6 29 O 30
21035 21036 2 3 16 O 30
21036 19313 2 2 9 O 10
8471 24585 1 3 12 O 10
8471 22892 1 14 78 M 30
25219 16668 1 6 28 O 10
11929 22601 2 63 348 O 20
22594 22595 2 5 22 O 10
22595 20365 2 11 58 M 30
20385 20386 2 28 154 O 20
20387 20388 2 14 77 O 10
20389 20390 2 20 108 O 20
20391 20392 2 11 60 M 30
20393 20394 2 43 238 O 20
20395 20396 2 11 59 O 30
20397 20398 2 12 65 O 10
20399 20400 2 17 91 O 10
20401 20403 2 16 87 O 20
20403 20385 2 25 134 O 30
20385 20404 2 21 112 M 30
20402 20403 2 3 14 O 10
20405 20416 2 21 116 M 10
20406 20407 2 13 69 O 20
20408 20409 2 12 65 O 20
20412 19587 2 11 59 O 30
20410 20418 2 4 17 M 10
20418 20411 2 11 59 O 20
28212 20405 2 10 51 O 30
20405 20412 2 3 16 O 10
20412 20413 2 7 38 O 30
20413 10421 2 2 6 O 30
10421 20419 2 4 22 O 10
20419 20406 2 5 27 O 10
20406 20408 2 6 28 M 10
20415 20416 2 11 58 M 30
20416 20417 2 10 52 O 20
20417 20420 2 6 28 O 20
20420 19744 2 2 11 O 20
19744 20399 2 1 5 O 10
20399 20397 2 5 28 O 10
20397 20395 2 5 27 O 30
20395 20418 2 6 30 O 10
20413 20417 2 22 118 O 30
20419 20420 2 23 122 O 10
12177 20423 1 15 78 O 20
20423 13587 2 24 129 O 30
20425 20424 2 14 74 O 30
20424 13587 2 1 4 O 20
13587 20426 2 13 72 M 10
18371 21539 2 18 98 O 10
20427 1604 2 32 173 O 10
21622 4957 2 14 73 O 30
18756 20103 2 12 62 M 20
20103 5243 2 12 66 M 30
20576 20577 2 6 33 M 20
18901 20572 2 15 81 O 10
20549 20550 2 3 12 M 10
20550 20551 2 1 5 O 20
7206 19356 2 4 18 O 10
19356 23411 2 4 20 M 30
20552 20553 2 5 25 M 30
20554 20555 2 11 57 M 20
20556 20557 2 11 58 O 10
20550 20562 2 6 31 O 20
20562 7205 2 2 10 O 10
20562 20568 2 6 32 O 30
20565 20563 2 4 17 M 20
20563 20564 2 3 12 O 10
20564 20569 2 5 24 O 20
20567 20566 2 7 35 M 20
20566 20571 2 5 24 M 20
12538 27807 2 5 25 M 10
27807 19353 2 1 6 O 20
19353 12333 2 4 21 O 20
12333 20570 2 5 26 M 30
20558 20559 2 11 60 O 20
20561 20560 2 12 63 O 30
20573 20574 2 3 15 O 20
20575 20574 2 4 20 O 30
20574 20548 2 1 5 O 10
29215 20547 2 11 57 O 20
20564 20566 2 4 18 O 30
20566 12333 2 4 18 O 30
19286 19293 2 8 41 O 10
19293 19287 2 7 36 O 30
19287 19288 2 1 4 O 30
19288 3002 2 3 15 O 20
3002 12745 2 5 23 O 10
19286 2977 2 3 14 O 20
2977 6334 2 1 4 O 30
6334 2976 2 3 14 O 10
2976 6337 2 1 2 O 30
6337 10863 2 5 28 O 10
20590 20591 1 5 23 O 30
20591 14683 1 12 64 O 30
14683 14682 1 2 8 O 20
14682 5825 1 3 11 M 20
5825 2190 1 9 46 O 20
20648 20646 2 14 74 M 30
20646 20647 2 18 98 O 30
20647 21078 2 14 75 O 10
20650 20649 2 22 119 O 30
6560 6577 1 19 103 O 30
6577 6561 1 26 140 O 30
2529 8967 2 93 513 O 10
8967 30202 2 19 100 O 20
20841 20842 2 13 72 O 10
20842 30203 2 22 119 O 30
26184 606 1 8 41 O 30
606 1004 1 1 1 O 20
1004 8510 1 8 41 O 10
26184 16810 1 4 21 O 10
9105 8839 2 20 107 M 30
16626 11827 2 28 151 O 20
11827 9208 2 38 207 M 30
9208 21436 2 20 111 M 20
1329 21479 2 9 49 O 10
21479 10336 2 3 16 O 30
10336 13407 2 25 136 O 30
13407 21480 2 4 22 O 30
18808 3629 2 3 14 O 10
13110 3561 2 4 20 O 10
3561 18830 2 5 23 O 10
21770 21771 2 41 226 O 10
9025 22215 2 6 28 M 10
22215 9024 2 21 112 O 10
23442 4372 1 5 24 O 20
8840 28585 2 8 44 O 30
28585 8839 2 7 38 M 10
8839 10501 2 6 33 M 10
10501 8838 2 16 86 M 10
8838 10493 2 32 175 O 10
10493 8837 2 20 106 O 20
8837 13469 2 25 138 O 30
13469 8836 2 12 64 O 20
8836 12255 2 12 62 O 20
12255 8835 2 12 65 O 30
12954 13080 2 16 85 O 30
13080 13507 2 16 84 O 30
13507 9790 2 14 76 O 20
9790 11791 2 12 65 O 30
21807 12954 2 10 54 O 10
26728 8830 2 3 16 O 20
8830 16781 2 4 17 O 10
16781 8831 2 16 88 O 30
8831 18714 2 8 44 O 20
18714 6276 2 12 62 O 20
6276 13689 2 7 36 M 30
13689 20654 2 6 30 O 30
11368 12356 1 28 153 O 20
9822 10797 2 38 210 O 10
10797 12597 2 12 63 M 20
12597 9823 2 26 140 O 20
9823 23946 2 22 119 O 20
23946 9824 2 6 32 O 30
9824 10808 2 8 40 O 30
10808 14736 2 1 5 O 20
14736 28987 2 24 130 O 20
28987 24345 2 5 25 O 30
2527 19845 2 6 33 O 20
19845 2528 2 6 29 M 20
21814 21813 2 5 26 O 20
21813 21816 2 11 61 O 10
21816 28610 2 12 66 O 30
28610 21815 2 3 15 O 30
21815 21812 2 8 41 O 30
21812 21811 2 7 34 O 10
21811 21810 2 6 33 O 30
21810 21809 2 7 35 O 10
21809 21983 2 35 192 M 10
21983 21817 2 8 39 O 30
21817 21818 2 8 43 O 10
21818 21815 2 19 105 O 20
21819 21820 2 14 76 O 30
21820 21814 2 6 33 O 10
21814 23977 2 4 21 O 20
23977 23975 2 16 86 O 10
23975 21977 2 10 54 O 20
21823 10216 1 8 44 O 10
10216 21825 1 7 34 O 30
21822 10218 1 25 134 O 20
10218 21823 1 17 90 M 30
21826 10219 2 6 30 O 20
21828 29854 2 4 22 O 10
29854 29852 2 4 22 O 10
29852 10524 2 12 64 O 10
10524 21827 2 4 22 O 10
21829 21830 2 13 69 M 30
21831 21829 2 4 21 O 30
21829 21827 2 8 41 O 30
11025 4390 2 17 94 O 30
4390 13897 2 28 152 O 30
13897 13746 2 15 83 O 10
10102 10103 2 8 40 O 30
13128 10774 2 25 134 O 20
11369 21832 1 24 133 M 10
21833 11368 1 24 132 M 30
2536 2537 1 10 55 M 20
16212 16213 2 10 53 O 10
16213 13745 2 43 234 O 10
8764 8765 2 27 146 O 20
8765 8766 2 30 164 O 30
8766 4450 2 10 52 O 20
4450 8767 2 19 105 O 10
8767 4608 2 3 15 O 10
4608 4451 2 4 20 O 30
4451 17076 2 8 42 O 10
17076 8768 2 4 21 O 30
8768 9683 2 21 113 M 10
16708 14727 1 7 36 O 30
16707 6497 1 43 236 O 10
12473 17415 2 14 74 O 30
18955 21852 2 33 180 O 30
21852 20216 2 5 26 O 30
20216 21853 2 7 35 O 30
21853 21632 2 1 5 O 30
21632 5638 2 17 94 O 30
5638 5634 2 18 95 O 10
21853 22066 2 22 119 O 30
21854 16001 1 2 8 O 10
21855 24453 2 5 23 O 10
24453 24451 2 2 7 O 30
24451 24447 2 5 24 O 10
24447 21856 2 5 24 O 20
21856 21857 2 12 62 M 10
21856 24449 2 5 24 O 20
24449 24455 2 3 15 O 30
24455 21858 2 12 63 O 10
21859 24272 2 7 38 M 10
24272 24095 2 5 26 O 30
24095 24239 2 1 3 O 10
24239 24237 2 3 14 M 10
24237 24270 2 1 5 M 10
24270 24278 2 6 32 O 20
24278 24280 2 7 36 O 30
24280 24235 2 1 3 O 20
24235 24268 2 1 3 O 20
24268 16175 2 10 52 O 20
16188 23331 2 4 22 O 10
23331 24086 2 17 92 O 10
24086 24088 2 10 51 O 10
9295 9294 2 7 34 O 10
9294 9289 2 7 37 O 30
9289 9293 2 7 38 O 30
9293 9297 2 5 24 O 30
9297 21860 2 8 40 O 30
21857 24097 2 2 10 O 30
24097 21861 2 5 24 O 30
19057 21862 2 11 61 O 20
21862 23333 2 2 6 O 20
23333 21863 2 8 42 O 10
21863 9200 2 6 31 M 30
9200 21855 2 1 5 M 30
21855 21864 2 9 49 O 10
21865 23335 2 1 3 O 10
23335 21863 2 20 110 O 30
21866 21862 2 15 81 M 30
21879 1745 2 3 15 O 30
1745 89 2 22 117 O 20
89 1746 2 5 27 O 10
1746 220 2 12 62 O 20
4316 4317 2 20 108 O 30
4317 4318 2 15 78 M 10
3935 12353 1 24 128 O 20
3936 11318 1 27 150 O 30
11318 25798 1 24 130 O 30
11303 3935 1 33 182 O 20
21895 26038 2 11 59 O 10
26038 26035 2 10 52 O 10
26035 5419 2 4 19 O 20
5419 26047 2 4 20 O 10
26047 5416 2 2 7 O 30
5416 21883 2 2 8 O 10
21901 26031 2 13 71 M 10
26031 26039 2 4 21 O 30
26039 21895 2 3 15 O 20
21895 26041 2 4 22 O 20
26041 15638 2 3 13 O 20
15638 20767 2 2 9 M 30
21903 14875 2 10 53 O 10
14875 21894 2 79 434 O 30
21894 21892 2 4 19 O 30
21892 23799 2 3 13 O 10
23799 18478 2 13 72 O 10
18478 26783 2 2 7 M 30
26783 23662 2 4 21 O 30
23662 9965 2 10 51 O 10
9965 21888 2 2 10 O 30
21888 21889 2 37 202 O 30
21889 16214 2 7 38 O 10
21884 21881 2 30 162 O 10
21882 21884 1 32 174 M 10
21884 13596 1 9 48 O 20
13596 21885 1 8 43 O 20
21885 21886 1 9 45 O 10
21886 13595 1 9 45 O 10
13595 13593 1 39 216 O 20
21885 21880 2 18 98 O 30
21887 21886 2 13 72 M 20
21892 21893 2 19 101 O 10
21890 21891 2 34 184 O 30
27044 13599 2 3 15 O 20
13599 13600 2 10 50 O 10
13600 13601 2 5 25 M 10
13614 13625 2 16 87 O 20
13625 13627 2 7 38 O 20
13627 21902 2 5 24 O 30
21898 26034 2 48 264 O 10
26034 16822 2 11 57 O 30
16822 21899 2 10 54 O 20
21916 21917 2 7 37 O 10
21917 21920 2 16 86 O 10
3980 5573 2 12 66 O 10
5573 21916 2 6 32 O 10
21916 21918 2 4 22 O 30
21918 5574 2 5 27 O 20
5576 21917 2 15 82 O 30
21917 21919 2 4 22 O 30
21919 5575 2 14 76 M 20
21918 21919 2 7 37 M 10
21949 21950 2 28 152 O 10
21947 19434 2 16 88 O 30
19434 21343 2 10 51 O 10
21946 21945 1 30 164 M 20
12077 19406 2 2 10 M 10
19406 21943 2 7 34 O 20
21943 21947 2 27 146 M 20
21947 21946 2 4 22 M 10
21943 21944 2 14 73 O 20
18894 24747 2 18 97 O 20
24747 21948 2 9 46 O 30
21964 21951 2 52 286 O 20
6453 21954 2 10 55 O 10
21955 21958 2 9 50 O 30
21952 6453 2 3 13 O 10
21956 21957 2 7 37 O 20
21961 21962 2 4 18 O 30
21959 21961 2 3 11 O 20
21961 21960 2 5 27 O 20
21960 21963 2 5 27 O 20
21970 21971 2 15 78 O 30
21971 28603 2 11 60 O 20
28603 23906 2 12 65 O 10
23906 21972 2 10 52 M 10
21972 24339 2 3 11 M 10
24339 24344 2 25 134 M 10
21975 21974 1 23 127 O 20
21974 23910 1 2 9 O 20
23910 23912 1 6 31 O 30
23912 23916 1 4 19 O 20
23916 23918 1 4 18 O 10
23918 23921 1 10 53 O 10
23921 21973 1 9 49 O 20
21976 23953 2 2 8 M 10
23953 23955 2 11 56 O 30
23955 23957 2 10 51 O 30
23957 21977 2 21 115 O 10
21977 21978 2 3 15 M 10
21979 21811 2 17 90 O 20
21980 23920 2 6 33 O 10
23920 23983 2 8 42 O 20
23983 21973 2 4 20 O 30
21973 21981 2 6 29 O 20
21983 21810 2 28 154 O 30
21817 21811 2 25 135 O 10
21818 21812 2 19 105 O 20
21981 16634 2 9 46 O 20
16634 21975 2 9 46 O 30
21975 21970 2 20 106 O 30
21970 21978 2 13 70 O 30
21978 10622 2 7 34 O 20
10622 23973 2 3 13 O 10
23973 21984 2 5 26 O 30
21984 21985 2 14 72 O 10
21985 15845 2 2 6 O 30
15845 10808 2 5 25 O 30
21987 21986 2 35 192 O 20
21986 30262 2 3 12 O 30
30262 21987 2 3 12 O 20
21987 6111 2 6 32 O 20
6111 21988 2 6 28 O 30
21990 20223 2 14 75 O 10
20223 5927 2 10 53 O 20
5927 21633 2 1 5 O 10
21633 21637 2 10 55 O 10
21637 20219 2 1 1 O 30
20219 5924 2 8 42 O 10
5924 16133 2 17 91 M 30
16133 7826 2 4 18 O 20
7826 7827 2 1 5 O 10
7827 21371 2 1 5 M 10
21371 21989 2 9 50 O 30
21990 21991 2 5 23 O 20
21991 21992 2 8 39 O 30
21992 21993 2 9 50 O 10
21993 21994 2 5 25 M 10
21994 21995 2 4 18 O 20
21995 21996 2 29 158 O 30
21993 21997 2 26 144 O 20
21995 20217 2 26 140 O 30
20217 21996 2 5 25 O 10
21998 21992 2 23 126 O 30
21999 21991 2 24 130 O 20
22000 20272 2 15 81 O 20
20272 22001 2 5 24 O 20
22001 22002 2 8 42 O 20
22002 22003 2 15 82 M 10
22004 22005 2 21 112 O 10
22006 22007 1 26 142 O 10
22008 22009 2 16 85 O 10
20644 20645 2 30 164 M 10
20645 20643 2 1 4 O 30
20643 20644 2 43 239 O 10
20644 22010 2 8 43 O 20
22011 22012 2 12 64 O 10
22013 14167 2 5 26 O 20
14167 22014 2 7 35 M 10
22016 22017 2 14 77 O 10
22019 20282 1 16 87 O 10
20282 22018 1 11 61 O 20
22018 22017 1 31 168 O 30
22017 14157 1 30 166 O 10
14157 22020 1 11 59 M 10
22020 22021 1 7 33 M 10
22021 20280 1 2 11 M 20
20280 22022 1 7 34 M 10
13944 20286 2 9 44 O 10
20286 22021 2 7 34 M 20
5689 2448 2 7 39 O 10
2448 2450 2 13 67 M 20
2450 10612 2 24 129 O 10
10612 5620 2 27 147 O 20
5620 22023 2 19 105 M 10
22024 10345 2 15 78 M 20
10345 20321 2 6 31 O 20
20321 22025 2 6 30 O 20
22025 22026 2 7 34 O 10
22026 22027 2 14 76 O 20
22026 14182 1 7 37 O 20
14182 22030 1 5 27 M 10
22030 22029 1 7 35 M 30
22029 14176 1 7 38 O 10
14176 22028 1 4 18 O 20
22028 22014 1 16 88 O 10
22029 22015 1 20 110 O 10
22031 20542 2 7 39 O 10
20542 20585 2 43 238 O 30
20585 22032 2 13 68 O 10
20532 16642 2 31 172 O 10
16642 16640 2 3 13 O 30
16640 20545 2 8 40 O 20
20545 20586 2 26 142 M 30
20586 20775 2 9 47 O 30
22033 13839 2 13 69 O 30
13839 22034 2 23 123 O 30
22034 22035 2 8 44 O 20
22035 20774 2 13 69 O 10
22036 22037 2 36 197 O 30
20780 22041 2 11 59 O 20
22041 22039 2 13 70 O 10
22039 5679 2 14 74 O 20
5679 6242 2 11 60 M 30
6242 22022 2 4 19 M 10
20777 22042 2 18 95 M 30
22042 20776 2 5 28 O 20
10733 20537 2 1 1 O 30
20537 20538 2 8 39 O 20
20538 5663 2 11 59 O 10
5663 20776 2 14 74 O 10
20589 22046 2 14 78 O 30
22046 5665 2 8 39 O 20
5665 5661 2 8 41 O 20
5661 20774 2 8 41 O 30
22046 22047 2 12 66 O 10
22048 22047 2 12 63 O 10
22047 16638 2 9 46 O 20
16638 20612 2 1 4 M 30
20612 22049 2 13 69 O 10
802 20343 1 13 72 O 30
20343 22051 1 8 44 M 30
22051 21712 1 8 41 O 20
20630 22052 2 9 45 O 10
22052 20634 2 3 16 O 10
20634 20638 2 6 31 O 30
20638 20633 2 2 11 M 10
20633 22053 2 8 40 O 10
22054 20679 2 12 66 O 10
20679 22055 2 34 187 O 10
6053 22055 2 13 71 O 10
22059 20672 2 8 42 O 30
20672 30098 2 11 58 M 20
30098 22058 2 4 22 O 20
13633 11680 2 60 329 O 10
20790 9857 2 10 53 O 30
9857 22314 2 3 14 M 30
22314 9859 2 9 46 O 10
9859 22313 2 10 54 O 10
22313 9854 2 9 50 O 20
9854 22063 2 15 82 O 30
6436 22057 2 51 280 O 20
22065 20340 2 25 134 O 20
10804 22067 2 6 30 O 30
22067 10806 2 8 43 M 30
16091 10230 2 3 15 O 20
10230 16092 2 6 31 M 20
22069 4408 2 14 73 O 30
16094 24600 2 14 74 O 10
24600 22070 2 2 8 O 20
22070 24602 2 3 13 M 10
24602 24604 2 4 17 O 20
24604 10468 2 12 64 O 30
10468 9547 2 37 200 O 10
9547 19058 2 55 303 O 30
16097 24669 2 13 67 O 20
24669 24618 2 6 30 O 10
24618 14763 2 18 95 O 20
14763 22071 2 6 29 O 20
22071 10467 2 12 62 O 10
10467 23312 2 63 350 O 30
23312 23310 2 1 5 O 10
23310 16186 2 16 88 O 10
22072 14119 2 7 38 O 30
14119 22073 2 121 667 O 30
22077 20493 2 12 62 O 30
20493 28356 2 3 14 O 30
28356 28358 2 4 17 O 30
28358 9827 2 3 14 O 10
9827 22075 2 4 17 M 20
22084 19327 2 9 49 M 30
19328 19326 2 5 25 O 20
21547 1596 2 9 48 M 10
1596 19639 2 2 7 O 20
19639 10063 2 44 242 M 20
10063 21548 2 93 512 O 10
22102 22096 2 119 659 O 30
16067 22103 2 83 458 O 30
22103 22114 2 56 308 O 20
28530 21668 2 229 1268 O 10
16168 22165 2 76 417 O 30
23338 10620 2 3 12 O 10
10620 16173 2 52 285 O 20
22165 24503 2 91 503 O 20
24503 22167 2 3 12 O 20
17017 22856 2 3 12 O 20
22812 10758 1 46 254 M 20
21082 21083 1 31 172 O 30
22318 10395 2 88 484 O 30
12219 12218 2 23 125 O 20
11161 22408 2 39 216 O 10
23851 5784 2 2 11 M 30
5784 24435 2 24 132 M 30
24435 6448 2 13 69 O 10
6448 21077 2 21 111 O 30
22410 9906 2 15 80 O 30
9906 7852 2 26 142 O 20
7852 22407 2 5 23 O 20
22407 7875 2 3 13 O 30
7875 9909 2 11 56 O 20
22433 22434 2 11 58 O 20
22433 12108 2 52 284 M 30
19497 24760 2 27 145 O 10
24760 5477 2 2 8 O 10
5477 24831 2 2 7 O 20
24831 24833 2 1 1 O 20
24833 24758 2 20 108 O 20
24758 19501 2 3 11 O 30
22436 18922 2 4 18 O 10
18915 17613 2 1 5 O 20
17613 18916 2 31 167 M 20
22437 18915 2 4 18 M 10
22438 5478 2 2 9 O 10
5478 479 2 4 19 O 30
479 475 2 3 14 O 30
475 477 2 2 10 O 30
477 5479 2 6 28 O 30
22490 22491 2 20 107 O 10
22492 22493 2 7 39 O 30
22494 22495 2 21 115 O 10
22496 22497 2 21 115 O 10
22500 22498 2 28 153 O 20
22501 22502 2 22 121 O 10
22506 22505 2 19 103 O 20
22507 22504 2 16 87 M 20
22508 22503 2 17 89 O 30
22509 22510 2 14 78 O 30
22535 22536 2 8 41 O 20
22539 22538 2 3 14 O 20
15362 22537 2 4 17 O 30
22537 22539 2 15 79 M 30
22539 30265 2 3 14 M 30
30265 22537 2 3 14 O 30
22540 22541 2 2 6 O 30
9235 16982 2 22 120 O 10
16982 22542 2 5 26 O 10
21202 11014 2 24 129 O 30
12540 16603 2 20 109 O 10
16603 16604 2 7 35 O 10
22601 22412 2 27 147 O 30
12296 5833 2 14 76 O 10
5833 12295 2 6 29 O 20
12295 8928 2 6 29 O 20
22602 22604 2 8 40 O 30
22607 22608 1 1 3 M 10
22608 22609 1 2 7 O 30
22609 22610 1 2 11 M 20
22610 22611 1 1 3 O 10
22611 22606 1 3 15 O 10
19791 19802 2 1 5 O 10
19802 19792 2 2 11 O 30
19792 19794 2 3 16 O 20
19794 19796 2 3 16 O 20
19796 19798 2 3 16 O 20
19798 19799 2 3 16 O 20
19799 19787 2 4 18 O 30
16399 16407 2 428 2374 M 30
16398 16399 2 7 35 O 10
11333 11334 1 64 353 M 30
11335 11336 1 39 215 M 10
11336 11337 1 166 920 O 30
8428 4409 1 124 685 O 10
4409 20058 1 113 627 O 20
11338 11339 1 127 702 O 30
11329 11330 1 53 290 O 30
11330 11331 1 159 883 O 20
11331 20143 1 40 217 O 20
20143 11332 1 253 1405 O 30
11332 11333 1 45 245 M 10
12072 12205 1 77 424 M 10
11353 11354 1 44 239 O 30
11326 11327 1 117 646 O 20
11327 11328 1 31 170 O 20
6490 11815 1 142 785 O 10
11817 11379 1 147 812 O 20
153 16707 1 14 78 O 10
11379 8674 1 33 180 O 20
11350 11351 1 45 246 O 30
11352 18620 1 47 256 O 30
11820 11819 1 37 203 O 10
12071 11818 1 52 289 O 30
11359 11346 1 65 360 O 20
11347 11348 1 29 159 O 20
11348 11349 1 69 381 O 10
20516 8410 1 40 219 O 20
8410 11346 1 163 902 M 30
18279 11734 1 10 54 O 30
11346 10925 1 48 266 O 20
12986 11345 1 59 323 O 20
22830 12986 1 14 73 O 20
10926 20516 1 85 469 O 10
11342 22837 1 86 472 M 10
18947 18945 1 20 108 O 30
11343 11344 1 49 270 M 10
11344 11345 1 119 656 M 10
11341 4363 1 189 1048 O 30
8427 8656 1 27 149 O 20
4363 11342 1 35 189 O 30
10927 18582 1 129 712 M 20
18953 7649 2 73 401 O 10
7649 10813 2 82 453 O 20
10813 6010 2 113 624 O 30
6010 6009 2 7 38 O 20
6009 13142 2 86 474 O 20
13142 13143 2 4 22 O 20
18953 8523 2 28 153 O 10
9811 15537 2 9 50 O 10
15537 1284 2 5 27 O 30
1284 1287 2 3 13 M 30
1287 8520 2 6 29 O 20
8520 9814 2 5 27 O 10
9814 12560 2 3 15 M 20
12560 22999 2 7 36 O 10
22999 12821 2 3 14 O 30
12821 23000 2 3 14 O 10
23000 8521 2 11 61 O 20
8521 21483 2 12 65 M 20
11124 8530 2 19 102 M 10
8530 11055 2 4 22 O 10
11055 18952 2 17 92 O 30
18952 24713 2 3 13 M 30
11826 15200 2 21 112 O 20
15200 22725 2 29 156 O 30
5456 22744 1 10 51 M 20
8462 18734 2 11 59 O 30
18734 11487 2 14 73 O 20
10682 27522 2 6 29 O 20
9079 14290 2 9 47 O 20
11483 34 1 5 26 O 20
736 9521 1 3 12 O 30
9521 21321 1 11 57 O 20
21321 16141 1 12 67 M 10
16141 18599 1 15 80 O 20
18599 16142 1 9 47 M 30
16143 16282 2 8 39 O 10
16282 21402 2 4 21 O 20
21402 22916 2 10 55 M 20
26183 25017 1 25 134 O 30
23156 23157 2 14 76 O 30
3134 16306 2 13 67 O 30
30189 23657 2 46 254 O 10
16755 16756 2 20 109 O 10
16756 16757 2 8 41 O 20
24342 9616 2 52 287 O 10
24338 9616 2 64 352 O 10
9616 24344 2 14 75 O 10
10795 24341 2 4 21 M 10
24341 24337 2 10 53 O 30
22028 14175 2 4 21 M 10
14175 14174 2 5 25 O 10
14174 14173 2 2 8 O 10
14173 22011 2 10 51 M 10
22011 14170 2 5 27 M 30
14170 10186 2 22 119 O 10
10186 650 2 10 50 M 10
22988 20200 1 6 31 O 20
26910 5701 2 9 45 M 20
5701 24365 2 10 52 O 20
24365 20447 2 6 33 M 20
20447 20448 2 42 231 O 20
8423 21400 2 4 18 M 20
8536 29155 1 10 55 O 30
29155 28840 1 2 7 M 10
28840 29172 1 5 23 M 30
29172 29176 1 2 11 O 10
29176 28819 1 8 39 O 10
28819 8542 1 5 25 O 10
24681 24680 2 2 8 M 30
24680 18487 2 5 24 M 30
18487 24682 2 14 75 M 10
10342 25265 2 18 100 O 10
25265 25264 2 4 17 O 20
25690 25691 2 17 90 O 20
16872 4207 2 1 4 O 10
4207 1594 2 5 26 O 20
1594 4203 2 5 23 O 20
4203 4188 2 4 18 M 10
4188 1592 2 5 28 O 10
1592 4193 2 4 17 O 30
4193 1593 2 6 33 O 20
1593 4197 2 2 6 M 10
4197 4195 2 4 18 O 10
4195 25692 2 4 22 O 30
25694 4210 2 17 89 O 10
4210 4184 2 4 19 M 30
4184 25693 2 1 4 O 20
25694 4181 2 8 44 O 20
4181 25696 2 3 13 O 10
25696 4209 2 10 55 O 20
4206 4178 2 2 6 M 10
4178 4176 2 8 42 O 30
17079 25699 2 23 128 O 10
17078 17077 2 31 172 O 20
25700 8686 2 39 216 M 30
25701 8685 2 24 133 O 20
16857 984 2 30 164 O 20
984 16935 2 164 907 O 10
25798 11319 1 17 89 M 20
4136 4316 2 24 133 M 10
5615 7783 2 3 16 O 20
8551 5409 2 12 61 O 20
5409 8550 2 11 58 M 20
14762 25991 2 58 319 M 20
25991 25992 2 65 358 O 20
25992 25993 2 30 165 M 20
25993 10471 2 8 43 O 20
10471 25994 2 22 117 O 30
25992 25997 2 24 131 O 30
25993 10473 2 7 34 O 30
10473 25998 2 3 12 O 30
21868 25999 2 83 457 O 20
16095 14761 2 80 444 O 20
26003 6556 2 7 37 O 20
6556 27345 2 7 35 M 30
27345 12250 2 10 50 O 30
26005 6555 2 5 26 M 10
6555 6582 2 5 27 M 10
26007 26006 2 3 16 O 20
26074 26008 2 70 388 O 30
8929 26012 2 28 153 M 20
15705 28317 2 8 41 O 10
26043 19722 2 7 36 O 30
19722 27732 2 16 88 M 20
27732 26044 2 3 15 O 30
26049 20950 2 12 64 O 20
26006 26005 2 4 21 O 10
26050 26003 2 11 58 O 30
26004 26043 1 29 160 M 10
26043 12251 1 25 134 M 10
12251 12250 1 1 4 O 20
12250 26051 1 27 148 O 30
26051 27328 1 1 4 M 20
27328 27330 1 1 2 M 30
27330 16629 1 4 20 O 10
26008 16630 2 87 482 O 10
26051 26052 2 20 110 O 30
8385 9593 2 34 186 O 10
9593 26107 2 73 402 O 10
26108 26109 2 24 133 O 20
14563 14564 2 9 47 O 20
14564 14850 2 52 287 M 30
14850 14845 2 12 62 O 20
14845 14561 2 58 321 O 20
26110 26111 2 17 90 O 20
26112 26113 2 15 80 O 30
26114 26115 2 25 134 O 30
26118 26119 2 15 83 O 10
26119 26120 2 4 17 O 30
26121 14563 2 35 192 O 10
26122 26110 2 7 34 O 20
26110 26123 2 5 26 O 10
26123 26108 2 6 33 O 30
26108 26151 2 4 17 O 30
26151 26124 2 6 33 O 20
26124 26114 2 4 19 O 10
26114 26112 2 6 33 O 10
26112 7604 2 9 49 O 20
26124 26125 2 26 143 O 30
14562 26126 2 11 60 O 30
26126 26127 2 23 123 O 20
26129 26134 2 16 87 O 30
26134 26135 2 21 115 O 10
26135 26136 2 8 41 O 10
26127 19606 2 6 29 O 30
19606 26973 2 6 30 O 20
26973 26137 2 11 56 O 10
26137 26134 2 10 52 O 30
26135 26966 2 3 16 O 20
26966 26964 2 4 21 O 20
26964 26975 2 14 73 O 30
26975 26126 2 15 79 O 30
26128 26138 1 26 139 O 20
26138 26139 1 10 54 O 10
18056 27974 2 6 33 O 10
18053 18056 2 8 40 O 20
18056 19759 2 18 96 O 30
19759 10422 2 13 68 O 10
10422 26142 2 1 5 O 10
18065 18066 2 33 183 O 30
9104 18068 2 30 162 O 10
18068 18069 2 19 103 O 30
18069 18050 2 4 22 O 30
18624 26146 2 3 14 M 30
26146 10424 2 7 33 O 10
10424 10426 2 15 82 O 10
10426 26147 2 13 72 O 10
26151 26152 2 22 117 O 10
26123 26153 2 12 61 O 10
26154 26131 2 13 72 O 10
12941 26519 1 3 14 M 30
26519 23272 1 2 8 O 10
23272 23634 1 12 66 O 20
23634 26520 1 10 55 O 20
26520 12940 1 6 33 O 20
26519 23631 1 17 91 O 20
23631 26520 1 2 10 M 30
8784 982 2 2 8 O 10
982 9328 2 8 40 O 30
8784 12017 2 6 29 O 30
12017 6368 2 5 25 O 30
6368 12014 2 8 43 O 30
12014 8785 2 8 42 M 10
8785 3127 2 4 17 O 30
3127 12012 2 2 10 O 30
12012 12007 2 12 64 O 20
12007 6363 2 1 3 O 10
6363 6361 2 8 41 O 30
6361 6365 2 2 11 O 30
6365 6367 2 2 7 O 20
6367 15772 2 1 5 M 20
15772 15770 2 4 17 M 10
15770 6358 2 4 21 O 30
6358 15768 2 1 4 O 10
15768 6357 2 7 34 O 10
6357 15766 2 7 33 O 30
15766 15762 2 7 37 O 30
15762 8786 2 3 15 M 10
8786 15760 2 7 36 O 20
15760 11994 2 4 21 O 10
11994 15759 2 5 26 O 30
15759 15756 2 9 46 O 20
742 21275 2 2 7 M 30
21275 5340 2 6 30 O 20
5340 26896 2 19 101 O 30
26899 3687 1 21 116 O 30
16137 16141 1 25 139 M 20
10664 18602 1 3 16 M 20
18602 18600 1 5 27 O 10
18600 21966 1 2 6 O 10
21966 21968 1 7 37 O 10
21968 16137 1 7 35 O 30
16137 26899 1 18 97 O 30
26899 22334 1 7 37 O 30
8811 1872 1 5 24 O 30
1872 1873 1 1 5 O 20
1873 10664 1 16 86 O 10
16136 16137 1 21 116 M 10
13111 18816 2 14 73 O 30
18816 13112 2 9 46 M 10
8652 8645 1 9 46 O 10
8651 8652 1 12 63 O 10
22605 30094 1 12 63 O 20
30094 8656 1 5 24 O 20
7638 7640 2 3 16 O 10
7640 7642 2 6 30 O 10
7642 15547 2 3 14 M 10
15547 7644 2 3 15 M 30
7644 5734 2 7 35 O 20
28410 28411 2 39 216 O 10
28602 12607 2 19 101 M 30
12607 12608 2 9 49 O 10
28603 28604 2 7 38 M 10
28604 28605 2 18 98 O 30
28604 28606 2 18 99 O 20
21971 23908 2 9 45 M 20
23908 21974 2 5 27 O 20
28607 23961 2 28 152 O 30
23961 28608 2 3 15 O 10
21981 23638 2 4 19 O 20
23638 12593 2 7 34 O 30
12593 23986 2 10 54 M 10
23986 23989 2 2 7 O 10
23989 12595 2 5 26 O 20
12595 10273 2 11 58 O 30
21816 28609 1 10 52 O 20
28609 28610 1 13 71 O 10
21972 28605 2 4 22 O 10
28605 23969 2 13 68 O 10
23969 18667 2 2 7 O 10
18667 23971 2 1 5 O 10
23971 23923 2 5 25 O 20
23923 24343 2 6 29 M 20
24343 23967 2 3 16 M 20
23967 28602 2 2 8 O 20
28602 23902 2 9 48 O 10
23902 23901 2 1 4 O 20
23901 18665 2 3 11 O 20
18665 12604 2 9 49 M 30
12604 24340 2 5 28 O 20
24343 28611 2 33 180 M 10
10797 28612 2 7 35 O 30
28612 23962 2 5 23 O 30
23962 23950 2 24 131 O 20
23950 28613 2 2 8 O 20
28614 28580 2 2 10 O 20
28580 28612 2 33 178 O 20
9823 23947 2 6 30 O 20
23947 28607 2 19 105 M 20
28607 28615 2 20 111 O 10
29043 29041 1 19 104 O 20
16169 14880 2 6 31 O 10
14880 25035 2 1 4 O 20
25035 23396 2 2 9 O 10
23396 16333 2 11 59 O 30
16333 17978 2 4 21 M 30
29042 29043 1 26 140 M 30
29044 29045 1 7 37 O 10
29045 26319 1 25 138 O 30
29051 29052 1 39 212 O 20
29050 29053 1 23 125 M 20
29053 29048 1 23 125 O 30
29049 29053 1 17 90 O 20
29058 29059 2 19 105 O 10
29056 29058 2 31 167 O 20
29058 29060 2 54 298 O 30
29057 29061 2 38 207 O 30
29128 29130 2 28 154 O 30
29130 29131 2 4 21 M 30
29131 25737 2 119 658 O 30
25737 29132 2 6 30 O 20
29132 2995 2 9 45 O 30
2995 29129 2 13 72 O 30
29133 29134 2 4 21 M 30
29134 29135 2 195 1081 M 30
29135 29136 2 46 252 M 30
29136 29137 2 77 425 O 30
29137 17881 2 91 503 O 10
17881 29138 2 18 99 O 10
29137 29139 2 43 238 O 20
29139 29140 2 56 309 O 20
29140 18016 2 1 4 O 10
29140 20064 2 29 161 O 10
20064 29139 2 32 176 O 20
29142 13935 2 12 65 O 10
29141 29143 2 15 83 O 20
21433 21179 2 40 218 O 30
29147 29148 2 9 46 O 30
29148 29149 2 10 51 M 30
29149 24885 2 5 24 O 10
24885 16615 2 21 115 O 30
16615 24927 2 2 9 M 10
24927 29150 2 8 42 O 10
29150 16614 2 11 57 O 30
16614 16612 2 8 39 O 20
16612 16609 2 12 62 M 30
16609 10705 2 36 197 O 20
10705 29151 2 12 62 O 30
21195 22866 2 9 45 O 30
22866 22867 2 9 46 O 10
22867 21012 2 5 25 O 30
21194 24925 2 6 29 O 20
24925 24881 2 5 22 O 20
24881 24878 2 14 73 O 30
24878 21195 2 12 64 O 10
8667 9674 2 17 93 O 30
22817 4013 1 3 13 M 30
4013 4014 1 2 9 O 20
4014 4015 1 4 19 O 20
4015 4012 1 1 5 M 20
4012 13427 1 21 112 O 20
13427 20807 1 12 62 O 20
21165 10621 1 18 96 O 30
16007 28167 1 3 16 O 10
28167 22136 1 9 46 M 10
22136 22134 1 9 47 O 10
22134 16008 1 4 17 O 30
16008 17726 1 10 51 O 30
17726 16040 1 1 3 O 10
16040 11080 1 12 67 O 30
3118 12128 2 6 30 O 20
29202 29195 2 23 125 O 30
29195 29196 2 25 138 M 30
29382 29381 2 451 2500 M 10
29381 17055 2 14 76 O 20
17055 17053 2 15 79 O 20
17053 29384 2 4 18 O 20
29384 17067 2 2 8 O 30
17067 18018 2 8 44 O 20
29384 29385 2 24 128 O 20
29385 29386 2 232 1284 O 20
29405 29413 2 93 516 O 30
29413 1500 2 34 184 O 20
1500 21499 2 2 10 O 20
21499 16962 2 6 29 O 30
16962 11578 2 160 888 O 20
29391 7224 2 45 250 O 20
7224 7222 2 2 9 M 30
7222 8734 2 10 55 O 10
8734 29414 2 15 82 M 30
29414 8800 2 15 79 M 10
8800 11942 2 8 42 O 10
11942 11943 2 8 42 M 20
11943 29403 2 33 182 M 30
29480 29479 2 10 55 M 30
29467 29484 2 12 63 M 20
29462 29475 2 19 104 O 20
29454 29473 2 13 69 O 30
29471 29464 2 11 56 M 20
29453 29472 2 10 51 O 30
29488 29465 2 10 51 O 20
29482 29459 2 13 72 O 20
29487 29463 2 10 54 O 30
22511 29469 2 14 74 M 30
22499 22500 2 23 124 O 30
29478 29451 2 17 92 O 20
29481 29458 2 12 63 M 20
29468 29457 2 10 51 O 20
29476 29474 2 10 51 O 30
29466 29461 2 7 37 O 30
29452 29460 2 13 68 M 20
29470 29486 2 3 12 O 30
14262 29483 2 13 68 O 20
29489 69 2 7 35 M 30
29488 29453 2 6 29 O 20
29453 29468 2 6 28 O 20
29468 29476 2 6 30 M 30
29476 29490 2 15 79 O 10
29456 29491 2 12 64 O 10
29493 29492 2 7 39 O 10
29494 14673 1 44 244 O 30
29495 29494 1 8 41 O 10
29496 11280 1 13 68 O 10
12361 29496 1 8 41 O 20
22945 12361 1 48 264 O 20
29497 12352 1 18 96 O 20
11280 29497 1 9 46 O 10
11300 29498 1 9 47 M 10
29498 12290 1 8 44 O 20
29499 8816 1 27 146 O 20
28478 4352 1 32 175 O 30
29946 11356 1 2 10 O 20
11356 29947 1 50 274 O 10
29948 11321 1 71 394 O 30
29949 29948 1 2 10 O 30
29950 29949 1 49 268 O 10
11320 29950 1 9 50 O 20
29947 11357 1 9 50 O 10
30011 29952 2 5 25 O 10
12176 29952 2 4 19 O 30
29953 30009 2 2 10 O 10
29954 11454 2 2 6 O 20
740 8916 2 7 37 O 20
8916 9008 2 1 5 O 10
9008 22347 2 5 25 O 20
22347 22349 2 7 35 O 20
22349 22326 2 7 34 M 30
29955 29956 2 6 29 O 10
708 28025 2 1 5 O 30
28025 23270 2 3 17 O 30
23270 23266 2 7 38 O 10
23266 8397 2 12 61 O 10
8397 8398 2 12 65 O 20
29958 29957 2 3 13 M 30
29958 21420 2 4 18 O 20
21420 8692 2 12 66 O 10
29964 29965 2 8 43 M 10
29968 17434 2 21 113 O 30
17434 29969 2 6 31 O 30
29969 24487 2 53 290 M 10
29969 29970 2 11 59 O 20
29970 29971 2 20 107 M 30
29971 29972 2 7 34 M 20
29972 29970 2 11 60 O 20
21553 17414 2 54 299 O 20
1746 87 2 57 311 O 30
87 88 2 5 27 O 10
88 89 2 56 310 O 10
95 96 2 44 240 M 10
97 98 2 45 245 O 10
99 100 2 8 41 O 10
100 137 2 6 32 O 30
111 30175 2 2 10 M 20
5316 3270 1 4 18 O 10
3270 3310 1 3 14 O 10
3310 3272 1 5 24 O 20
3272 5319 1 7 38 O 20
3241 3278 2 1 2 O 10
3278 3279 2 1 4 O 20
3279 3238 2 3 13 O 30
3238 3239 2 1 3 O 10
3239 3274 2 1 2 O 20
3274 3240 2 2 6 M 10
3240 3275 2 3 15 O 10
3275 3273 2 2 10 O 10
3273 5319 2 5 24 O 10
5319 23443 2 10 55 M 10
955 958 2 6 32 O 20
958 19971 2 2 11 O 20
957 959 1 3 12 O 30
960 19973 1 3 12 M 20
962 964 2 15 79 O 20
970 967 2 2 6 O 30
965 970 2 4 19 O 30
970 968 2 1 5 O 30
966 19999 2 3 16 O 30
963 964 2 3 12 O 30
964 20001 2 1 3 O 20
20001 19999 2 29 159 O 10
19999 20000 2 7 36 M 10
20000 20001 2 7 34 O 20
961 969 2 2 11 O 10
4245 21727 2 6 30 O 10
17164 17161 2 10 51 O 10
17161 12735 2 4 18 O 10
12735 12282 2 14 75 M 30
12282 11385 2 4 17 M 30
11385 13395 2 3 16 O 30
13395 18715 2 15 79 M 10
18715 18716 2 16 86 M 20
18716 11386 2 9 47 O 10
11386 22923 2 7 37 O 20
7082 4251 2 21 113 O 30
4251 4252 2 19 105 O 20
10730 4249 2 51 281 O 30
4249 4253 2 22 117 O 30
18945 18253 1 3 13 O 20
14869 12908 2 15 81 O 10
1496 12859 2 14 73 M 10
12859 1491 2 19 105 O 30
2138 14821 2 24 129 O 10
14818 2138 2 16 89 O 20
2138 2139 2 11 60 O 10
2139 4252 2 9 48 O 10
4252 2814 2 7 37 M 10
2814 4253 2 62 342 O 10
2139 2140 2 13 68 O 10
22378 182 2 24 131 O 30
182 11426 2 5 26 O 10
2263 11692 2 2 10 O 30
11381 2426 2 6 32 O 10
2426 2424 2 3 16 O 10
2424 18370 2 7 35 O 10
18370 18371 2 12 65 O 30
2259 11263 2 6 28 M 10
11263 19866 2 11 61 M 30
19866 19865 2 3 16 O 30
19865 11687 2 10 55 M 30
11687 19863 2 5 24 M 30
19863 11268 2 6 33 M 20
11268 426 2 2 10 M 20
426 19862 2 4 17 O 10
19862 19861 2 3 13 M 30
19861 2255 2 9 46 O 10
8867 6522 2 18 99 O 30
4385 4384 2 7 37 O 20
23294 4387 1 6 32 O 20
4387 21700 1 3 16 O 20
18835 18833 1 6 33 O 30
18833 3649 1 2 7 M 10
3649 18807 1 7 33 O 30
18807 10 1 7 38 O 10
10 18832 1 1 4 O 30
12117 6302 2 74 406 M 30
6302 12579 2 66 365 O 30
5355 5358 2 24 129 O 10
5357 5356 2 10 53 M 10
4323 12967 2 30 164 O 30
4322 4323 2 10 50 O 10
18681 199 2 8 41 O 20
199 198 2 2 8 M 30
198 18681 2 7 36 O 10
197 200 1 4 19 O 10
200 233 1 5 23 O 30
233 230 1 8 44 O 30
230 5528 1 4 18 O 30
5528 21529 1 3 12 O 30
21529 225 1 10 50 O 10
225 14926 1 8 41 M 20
20906 15225 2 6 29 O 20
15225 15223 2 7 39 O 10
15223 23734 2 8 40 O 30
23734 23736 2 8 40 O 20
23736 23738 2 5 24 O 20
23738 23715 2 25 138 O 10
23715 23739 2 6 31 M 20
23739 23741 2 4 17 O 20
23741 23743 2 5 24 O 10
23743 20907 2 8 43 O 20
20907 23745 2 5 27 O 30
23745 23747 2 12 65 O 30
23747 23749 2 4 17 M 10
23749 23751 2 6 29 M 30
23751 23753 2 4 17 O 20
23753 16934 2 8 41 O 20
16934 23755 2 1 5 O 30
23755 23757 2 5 26 O 10
23757 23759 2 4 22 O 30
23759 23713 2 65 361 O 20
23713 985 2 74 408 O 10
985 23837 2 22 118 M 20
23837 23835 2 22 120 O 30
23835 23718 2 1 5 M 10
23718 23834 2 7 37 M 30
23834 23832 2 6 28 O 20
23832 23709 2 34 183 O 10
23709 26022 2 19 103 O 30
26022 5322 2 8 43 O 20
5322 26020 2 6 31 M 20
26020 26018 2 8 41 O 10
26018 6852 2 9 49 O 10
6852 6854 2 15 78 O 20
6854 6856 2 49 269 O 20
6856 20908 2 3 13 O 20
5457 15827 2 10 52 O 30
5458 5815 2 1 3 O 20
5815 5459 2 34 189 M 10
15828 15890 2 5 24 O 30
15890 15851 2 5 27 O 20
15851 15895 2 5 25 O 20
15895 8938 2 9 45 M 10
8938 15829 2 6 31 O 10
20502 15827 1 10 55 O 10
15827 15828 1 17 94 O 30
12992 11738 1 22 121 O 30
8404 1849 1 4 20 M 10
18235 5746 1 45 246 O 10
5519 5521 2 10 52 O 30
4587 5519 2 6 31 O 30
5519 5518 2 5 26 O 10
5518 4571 2 5 27 O 10
4571 5520 2 4 21 O 20
9386 6643 2 16 84 O 10
5525 5524 1 22 121 O 30
5527 223 2 3 12 O 30
223 5526 2 1 4 O 10
5526 222 2 3 12 O 30
222 18683 2 9 49 O 20
18683 5528 2 3 16 O 10
12068 12069 2 40 218 O 10
22038 20528 2 4 22 M 30
20528 5688 2 5 26 O 30
5688 20525 2 6 28 O 20
20525 22023 2 17 94 O 30
22023 22005 2 10 53 M 30
22005 16998 2 11 58 O 10
16998 12068 2 1 5 O 10
5631 5630 2 21 115 O 20
24368 5637 2 20 106 O 30
5637 13947 2 8 40 O 10
13947 1238 2 22 118 O 20
5632 20264 2 9 45 O 20
20264 5686 2 3 11 O 10
5686 5630 2 3 12 M 30
26906 22468 2 6 31 M 10
22468 16757 2 10 53 M 10
16757 26909 2 20 106 O 20
22042 20582 2 2 7 O 10
20582 22043 2 10 54 O 30
22043 5683 2 35 189 O 20
5683 5692 2 13 72 O 20
22027 5705 1 33 183 O 20
5705 802 1 6 32 O 20
5674 5679 2 33 178 O 30
5676 5681 2 11 60 O 10
5678 5691 2 15 81 O 20
5701 28991 2 6 33 O 10
28991 21994 2 7 37 O 30
5700 22039 2 29 159 M 10
5686 5682 2 29 160 O 20
5704 5687 2 29 159 O 10
5687 21852 2 19 100 O 10
20773 5677 2 5 27 M 20
5696 22006 2 14 75 O 30
21986 20227 2 7 37 O 10
20227 5695 2 8 44 O 30
5695 5685 2 4 18 O 30
2448 5693 2 7 38 O 20
5699 5678 2 22 122 O 10
5678 5687 2 8 41 O 30
5688 5675 2 13 68 O 30
22040 5674 2 11 59 O 10
5674 5700 2 15 80 O 30
5700 5680 2 12 65 O 20
5680 5705 2 3 12 O 10
5703 20253 2 3 13 O 20
20253 5694 2 12 63 O 20
22041 5690 2 33 180 M 30
5698 5640 2 4 22 O 20
1426 26251 1 48 267 O 10
5741 26900 2 8 44 O 30
26900 5739 2 21 114 O 20
5739 18574 2 5 22 O 30
18574 20988 2 3 15 O 30
20988 737 2 3 14 O 20
10177 5172 1 3 14 M 10
5172 5178 1 12 65 O 20
5178 5180 1 4 20 O 20
5180 15651 1 11 61 O 30
14569 20702 2 18 99 O 20
5801 20117 2 13 70 M 30
20117 5798 2 61 338 O 20
5800 5798 2 4 18 O 30
5798 20129 2 24 130 O 30
20129 5799 2 10 55 O 20
5799 16648 2 7 38 O 20
16648 5797 2 13 68 O 20
5797 5801 2 3 14 M 30
5801 19629 2 24 133 O 10
19629 22401 2 28 153 O 20
5807 5804 2 27 149 O 10
13202 6590 1 3 15 M 30
13968 5807 2 19 103 O 30
5812 23236 2 12 62 O 30
5812 5811 2 4 22 O 20
9201 28724 2 4 19 M 30
28724 12690 2 2 8 O 10
12690 9267 2 2 10 O 10
9267 14429 2 2 7 O 20
8451 172 2 23 124 M 30
172 19871 2 8 43 M 30
19871 169 2 5 27 O 30
169 22376 2 4 17 M 30
22870 29149 2 34 184 M 20
18659 20305 2 21 112 O 30
19715 19714 2 10 55 O 20
19714 19032 2 12 66 O 10
19032 11215 2 17 90 O 20
11215 8216 2 12 66 M 30
8216 8217 2 18 98 O 10
13032 5858 2 18 95 O 30
5858 20508 2 17 90 O 20
17011 17012 1 5 25 O 10
5893 23438 2 3 14 O 30
20302 298 2 7 34 O 20
298 5892 2 4 17 O 30
144 186 2 4 21 O 30
186 174 2 2 11 O 30
174 22377 2 19 101 O 10
22376 9510 2 8 39 O 10
9510 173 2 12 61 O 10
173 181 2 4 22 O 20
181 5848 2 5 23 O 20
18848 4539 1 2 9 O 10
4539 4537 1 3 15 O 10
4537 4535 1 5 27 O 30
4535 4519 1 1 5 O 30
4519 1093 1 5 23 O 10
9142 8440 1 12 66 O 10
11516 2154 1 10 51 O 20
2154 8536 1 20 109 O 20
21969 17759 2 1 6 O 30
17759 1730 2 14 77 M 20
1730 21225 2 2 11 O 20
8457 6961 2 12 64 O 30
6961 22929 2 6 33 M 10
18342 22457 2 16 88 M 30
1346 18326 1 10 51 O 30
26882 676 2 6 28 M 10
5982 4492 2 23 125 M 20
18304 9450 1 3 14 O 30
12211 10789 2 24 130 O 20
10789 9613 2 18 99 O 20
9613 10576 2 16 89 M 30
10576 10583 2 7 38 O 10
10583 14085 2 9 45 O 10
14085 13698 2 33 182 M 20
13698 13700 2 8 42 O 20
13700 25676 2 1 3 O 20
25676 25674 2 4 20 O 10
25674 10574 2 7 37 M 20
10574 10569 2 3 14 O 10
10569 25671 2 1 4 O 30
25671 4362 2 6 31 O 10
4362 25669 2 1 2 M 10
25669 25668 2 9 48 O 10
25668 25660 2 8 41 M 10
25660 4361 2 11 60 O 20
4361 25656 2 8 40 O 30
25656 16087 2 13 67 M 10
6010 6006 2 82 451 O 10
6006 19753 2 29 159 M 20
18948 6007 2 45 245 O 10
6007 6004 2 3 13 O 30
6004 6013 2 8 43 O 20
6013 6016 2 4 21 M 20
6016 6012 2 17 90 O 10
6012 6011 2 5 25 M 30
6011 13183 2 9 49 O 10
13183 1891 2 11 58 O 30
1891 6021 2 7 35 M 30
12264 14920 2 20 109 M 10
14920 6009 2 281 1557 O 20
6024 13734 2 15 83 M 30
12918 23435 2 10 53 O 30
23435 415 2 1 2 O 20
415 14944 2 4 20 M 10
14944 417 2 8 44 M 30
417 411 2 4 18 M 10
411 26452 2 3 14 O 20
6013 6019 2 9 45 O 30
6019 18949 2 12 66 O 10
6015 6012 2 15 81 O 30
6016 6017 2 7 36 O 20
6017 6018 2 14 74 O 20
6011 6014 2 15 82 O 30
6019 6017 2 3 15 M 10
6020 6004 2 26 143 O 30
12283 13938 2 78 428 M 20
6022 6023 2 30 162 O 10
6027 11071 2 49 269 O 30
11071 11069 2 25 137 O 20
11069 11123 2 44 244 O 30
6005 6034 2 139 769 O 30
6036 6033 2 21 116 O 10
6029 6032 2 26 142 O 30
6038 11452 1 6 31 O 20
9087 26231 1 24 129 O 10
26231 26229 1 1 5 O 20
26229 9085 1 4 21 M 10
21624 21625 2 6 32 O 20
8657 8753 1 8 42 O 20
8753 8658 1 69 382 O 30
18217 8746 1 5 25 O 30
8746 8751 1 13 69 O 30
6089 6092 2 16 87 O 10
16316 29409 2 3 15 O 10
29409 11936 2 15 81 O 10
11936 16952 2 16 88 O 30
16952 6093 2 5 27 O 30
6093 26086 2 5 26 O 10
26086 5466 2 5 25 O 30
5466 6091 2 37 205 O 10
6091 26088 2 6 32 O 30
26088 6094 2 2 10 O 10
6094 6092 2 10 55 O 30
6092 6088 2 10 54 O 30
18841 268 1 9 48 O 30
268 9176 1 13 70 O 20
11364 12412 1 2 11 O 10
22009 6240 2 8 43 O 30
6240 14898 2 4 19 O 30
14898 14900 2 6 32 O 10
14900 22010 2 6 30 O 20
22010 23005 2 1 3 O 20
23005 23007 2 8 43 O 30
23007 23009 2 2 10 O 20
23009 20676 2 1 2 O 30
20676 13896 2 5 26 O 20
13896 8525 2 2 8 O 30
8525 20673 2 7 36 O 10
20673 6053 2 11 57 O 20
6053 9727 2 16 86 M 10
8707 18324 1 2 9 O 10
5702 6242 2 12 64 O 30
14303 14304 1 14 73 O 20
23798 76 2 11 57 O 10
76 16683 2 12 64 O 30
6333 6337 2 3 16 M 30
6336 6334 2 4 17 O 30
23206 4718 2 18 98 O 20
11485 28703 1 5 26 O 20
28703 15354 1 5 23 O 30
6450 6449 2 1 3 O 30
6449 21072 2 15 79 O 30
21072 7851 2 15 83 O 10
7851 7870 2 12 64 O 20
7870 21073 2 6 29 O 20
21073 19396 2 10 53 O 10
19396 22410 2 13 71 O 20
22410 9905 2 10 51 O 20
9905 21074 2 8 42 O 10
21074 7863 2 17 90 O 20
7863 21075 2 1 5 M 10
6453 6452 2 12 62 O 20
21000 20849 1 51 282 O 20
28373 21699 1 5 25 O 20
12531 12217 2 35 193 M 20
23354 339 2 5 27 O 20
22648 22652 2 21 113 O 10
6531 27850 2 4 20 O 30
27850 6525 2 14 77 O 20
6525 6526 2 7 38 O 10
6533 27849 2 9 46 O 10
6523 6528 2 25 135 O 30
6528 13879 2 6 29 O 10
13879 14197 2 2 11 M 30
6529 6530 2 5 23 O 30
6530 6531 2 3 14 O 20
6534 189 2 5 25 O 30
6525 6524 2 2 8 M 30
6524 6526 2 11 59 O 10
6526 27850 2 7 38 O 20
6542 10807 2 9 46 M 10
10394 30096 2 14 77 O 20
6585 6588 2 15 80 M 30
5735 15552 2 13 67 O 10
5738 15551 2 18 99 O 10
6587 22292 2 13 68 O 30
11407 26751 2 12 64 O 30
26751 26755 2 1 4 O 10
26755 26753 2 4 21 M 30
26753 26759 2 4 19 O 10
26759 26761 2 1 5 M 30
26761 26762 2 11 58 O 10
26762 11408 2 16 84 O 10
11408 10845 2 34 184 O 10
10845 2202 2 6 30 O 30
2202 25854 2 6 30 O 10
25854 20182 2 6 33 M 30
10818 10838 2 4 22 O 10
10838 10841 2 8 44 M 30
10841 20296 2 15 78 O 10
6594 10856 2 15 82 O 10
20295 18293 2 11 57 O 10
10856 2129 2 6 31 O 30
2129 7166 2 3 15 O 20
7166 7167 2 8 41 O 20
10856 26432 2 15 82 M 10
18355 19915 2 5 25 O 20
11437 22300 2 11 59 O 30
22300 12666 2 11 58 O 30
12666 20394 2 6 30 O 30
20394 13586 2 5 26 O 20
13586 20393 2 7 37 O 10
20393 6620 2 3 13 O 30
6620 12663 2 4 21 O 20
12663 9891 2 5 27 O 20
25810 14433 2 21 114 O 30
14433 13242 2 16 89 O 10
7305 7304 2 19 101 M 10
7304 6020 2 8 40 O 20
30209 11766 2 77 424 O 20
11766 11765 2 48 265 M 10
7422 23110 2 3 12 M 20
23110 7424 2 6 31 O 30
7642 7641 2 10 51 O 10
7640 7639 2 10 54 O 30
15549 7644 2 3 16 O 10
7644 7643 2 8 42 O 20
7647 7648 2 45 248 O 20
7648 7649 2 34 187 O 20
13109 5035 2 8 40 M 30
5035 10206 2 1 2 O 10
10206 11432 2 8 42 O 30
3685 22760 2 7 34 O 20
18835 3655 2 4 18 M 30
3655 3657 2 3 12 O 30
3657 3675 2 4 20 M 30
3675 3671 2 2 7 O 20
3671 3673 2 3 13 O 20
3673 3669 2 2 7 M 20
3669 3667 2 3 13 O 20
3667 3665 2 2 7 O 30
3665 3663 2 3 13 M 20
3663 3661 2 2 7 O 20
3661 3659 2 4 20 O 30
3659 18822 2 2 8 O 20
22907 13419 2 6 32 O 20
13419 13416 2 7 34 O 10
17138 26352 2 5 24 O 10
7733 18504 1 10 50 O 20
25456 11127 2 27 146 O 30
11127 28313 2 3 13 M 20
28313 20077 2 5 24 O 20
20077 28293 2 3 11 O 30
28293 16381 2 5 23 O 30
16381 28297 2 6 31 M 20
28297 28295 2 1 4 O 30
28295 20076 2 1 2 O 10
16627 12186 2 17 93 O 10
12186 12187 2 7 33 O 10
12187 8596 2 2 6 M 30
8206 8205 2 3 13 O 30
8211 8212 2 5 25 O 30
8207 8208 2 5 23 M 20
8213 8214 2 5 26 M 10
8209 8210 2 5 23 O 20
6247 8204 2 9 48 O 10
18768 18767 1 14 74 O 30
18767 18766 1 17 92 M 10
18766 18777 1 11 56 O 30
18769 22807 1 9 47 O 20
22807 18777 1 15 80 O 20
8356 24948 2 9 45 M 30
24948 7907 2 2 9 M 20
7907 7909 2 2 6 O 20
7909 7911 2 2 6 O 20
7911 7913 2 2 6 M 20
7913 7915 2 2 6 O 20
7915 7917 2 2 7 O 20
7917 7919 2 2 6 O 20
7919 7921 2 2 6 M 10
7921 7923 2 2 6 O 30
7923 7925 2 2 6 O 20
7925 7927 2 2 6 M 10
7927 7929 2 2 6 O 30
7929 7931 2 2 6 O 20
7931 7933 2 2 6 O 30
7933 7935 2 2 6 O 10
7935 7938 2 2 7 O 20
7938 7939 2 2 6 M 20
7939 7942 2 2 6 O 10
7942 7943 2 2 6 O 20
7943 7945 2 2 6 O 30
7945 7947 2 2 7 M 20
7947 7949 2 2 7 O 20
7949 7951 2 2 6 O 20
7951 7954 2 2 6 O 20
7954 7955 2 2 6 O 10
7955 7958 2 2 6 O 10
7958 7959 2 2 6 O 20
7959 7961 2 2 7 O 10
7961 7963 2 2 6 O 30
7963 8353 2 9 45 O 10
8353 7964 1 1 5 O 30
7964 7962 1 2 6 O 10
7962 7960 1 2 6 O 30
7960 7957 1 2 6 M 30
7957 7956 1 2 6 O 20
7956 7953 1 2 6 O 30
7953 7952 1 2 6 M 20
7952 7950 1 2 7 O 20
7950 7948 1 2 6 M 30
7948 7946 1 2 6 M 30
7946 7944 1 2 7 O 10
7944 7941 1 2 6 O 20
7941 7940 1 2 7 O 30
7940 7937 1 2 6 M 10
7937 7936 1 2 6 M 10
7936 7934 1 2 6 O 20
7934 7932 1 2 6 M 10
7932 7930 1 2 6 M 20
7930 7928 1 2 6 M 10
7928 7926 1 2 7 O 30
7926 7924 1 2 7 O 20
7924 7922 1 2 6 O 30
7922 7920 1 2 6 O 20
7920 7918 1 2 6 O 20
7918 7916 1 2 6 M 10
7916 7914 1 2 6 O 10
7914 7912 1 2 7 O 30
7912 7910 1 2 6 O 30
7910 7908 1 2 6 O 10
7908 24948 1 7 34 O 10
8919 8360 1 14 77 O 10
8361 10750 2 12 66 O 30
10750 14742 2 7 37 O 10
8362 12420 2 36 198 O 20
8918 9750 1 5 27 O 30
9750 9746 1 19 102 O 30
9746 9744 1 8 41 O 10
9744 8377 1 6 32 O 30
8916 1012 2 4 19 O 20
1012 8380 2 3 14 M 30
8380 8381 2 6 28 M 10
5542 5540 2 4 18 O 20
5540 8384 2 16 84 O 20
8383 8380 2 5 24 M 20
8382 8381 2 19 105 O 20
8381 8917 2 18 97 O 30
8379 3440 2 9 45 O 20
3440 5535 2 6 32 M 10
5535 5539 2 5 23 O 30
5539 7891 2 3 16 O 20
7891 5536 2 2 7 O 10
5536 8384 2 9 46 O 30
8384 8378 2 16 84 O 20
15468 16390 2 6 30 O 20
16390 16391 2 4 21 O 20
18265 18264 1 3 13 O 20
8545 25837 2 2 10 O 30
16391 25519 2 10 53 O 10
25519 25517 2 4 17 O 30
25517 17621 2 2 6 M 10
17621 25514 2 6 28 M 10
25514 17643 2 3 15 M 10
17643 25509 2 4 19 O 20
25509 20854 2 3 12 M 20
2372 18228 1 8 42 O 10
23387 26254 1 15 81 O 20
16392 16391 2 3 15 O 20
27718 18362 2 9 49 O 10
18260 18261 1 4 22 O 20
18261 18262 1 34 185 M 20
8524 23002 2 2 9 O 20
23002 21484 2 18 95 O 30
28716 21635 2 6 31 O 30
18233 8412 2 3 12 O 30
8412 18452 2 8 40 O 10
12921 20788 2 8 41 M 30
14241 8371 2 15 83 O 20
21485 20247 2 18 95 O 30
20247 20234 2 26 144 O 20
20234 20245 2 8 39 O 10
20245 648 2 4 18 O 30
648 17243 2 27 148 O 20
17243 5633 2 8 41 O 10
26911 24364 2 4 20 O 10
24364 5685 2 10 52 O 10
18232 22824 2 5 23 O 20
8597 16421 2 6 29 O 20
11393 14241 2 12 63 O 20
15356 19514 1 33 179 O 10
11461 6176 2 8 40 M 30
6176 13031 2 13 67 O 20
19723 16530 2 5 24 O 20
16530 9602 2 33 181 M 10
11476 28861 2 10 54 O 30
11757 1821 1 2 6 O 20
1821 11758 1 11 59 O 20
11758 11759 1 41 226 O 20
18230 22144 1 2 11 O 20
23869 8592 1 10 54 O 20
15485 29520 1 10 53 O 20
29520 29518 1 4 20 O 30
29518 29514 1 15 79 O 10
29514 14202 1 6 33 O 10
14202 7705 1 14 72 O 30
7705 29511 1 2 8 O 30
29511 13922 1 6 32 O 10
23876 23875 1 2 10 O 10
18228 18230 1 3 11 O 30
18228 23454 1 7 38 O 30
18275 26255 1 10 50 M 10
11160 11475 2 8 42 M 10
11475 19706 2 2 8 O 10
19706 8328 2 7 36 O 20
8328 28087 2 10 53 O 30
28087 12246 2 12 67 M 20
11466 23852 1 5 25 O 30
23853 23852 2 2 11 O 30
14241 18698 2 3 15 O 10
24563 1363 1 19 102 M 30
1363 1384 1 7 35 O 20
24562 20970 1 5 24 O 10
24563 24562 2 2 11 O 30
8305 11446 2 6 28 O 20
11523 10702 2 14 74 O 30
10702 18347 2 12 62 M 30
18347 14259 2 15 83 O 20
23425 9093 2 6 30 O 10
14261 20277 2 17 91 M 20
20277 29358 2 7 35 M 30
29358 8374 2 4 21 O 20
8374 3937 2 20 107 O 10
21503 29360 2 6 30 O 20
29360 569 2 16 84 O 10
569 21509 2 1 1 O 10
21509 568 2 10 54 O 30
568 566 2 12 63 O 10
566 28028 2 11 57 O 20
28028 562 2 8 39 O 20
562 27839 2 11 59 O 30
10694 10696 2 5 25 O 10
10696 17281 2 3 15 M 30
17281 18526 2 23 123 O 30
18526 18532 2 25 138 M 10
18532 27844 2 2 7 M 30
11425 19661 1 4 20 O 30
10780 11418 2 17 90 O 10
11418 12909 2 13 70 O 20
12909 19078 2 22 118 O 20
10779 30245 2 5 27 O 30
30245 10780 2 5 27 O 20
25425 2619 1 7 35 O 20
2619 16689 1 3 13 O 10
21086 18309 1 4 21 O 20
23042 21092 1 26 143 M 20
20141 28619 2 10 56 M 10
28619 10846 2 6 30 O 30
10846 2274 2 3 16 O 10
2274 2276 2 2 7 O 30
2276 2278 2 2 6 O 10
2278 2280 2 4 17 O 30
2280 2282 2 6 31 O 20
2282 2284 2 2 8 O 30
2284 2288 2 7 33 O 10
2288 2287 2 1 4 M 30
2287 20294 2 4 22 O 20
24647 18300 1 12 63 M 20
6593 7172 2 1 5 O 20
7172 26429 2 15 78 M 20
26429 26431 2 1 5 O 10
18308 21084 1 9 50 O 10
8430 8829 1 7 37 M 10
20056 20057 1 68 373 O 10
21051 21048 1 20 107 O 30
18297 19157 1 18 94 M 10
19157 24625 1 17 90 O 30
10881 10880 2 10 52 M 10
26299 26291 2 21 112 O 20
27024 28400 2 45 245 O 20
28400 8570 2 6 28 O 10
8569 28391 1 8 42 O 20
28391 8568 1 3 15 M 30
22414 8571 2 14 78 O 20
8571 19615 2 11 60 O 20
19615 8569 2 4 18 O 30
12216 6243 2 19 101 O 30
6243 17009 2 30 163 O 10
21329 27838 1 2 6 O 20
27838 21328 1 4 18 M 10
21328 21377 1 4 18 M 10
21377 21375 1 4 18 O 30
21375 8316 1 5 26 O 30
8316 8708 2 15 81 O 30
20515 20516 1 42 232 O 30
20515 20513 2 20 106 O 30
20513 20514 2 39 212 O 10
2177 13074 2 6 30 O 30
13074 2828 2 2 10 O 30
2828 2826 2 2 6 O 10
8572 8911 2 10 54 O 30
21546 7720 2 29 158 O 30
8911 19572 1 12 64 O 10
9167 19182 2 15 79 O 10
8577 8912 2 5 24 M 10
19279 30135 2 19 105 O 20
30135 12849 2 10 54 O 10
12849 10741 2 21 114 O 10
8578 11875 2 17 89 O 20
11875 21835 2 45 250 M 30
21835 12695 2 1 5 O 10
8573 6569 2 8 41 O 20
6569 1452 2 10 54 M 20
8570 28390 2 6 33 M 30
28390 8569 2 7 35 M 30
23118 8591 2 6 29 O 20
9471 8537 2 5 26 O 10
8537 28696 2 3 15 O 20
18909 23599 2 3 16 M 20
23599 12125 2 10 51 O 10
12125 3128 2 7 34 O 20
3128 18910 2 7 39 O 10
18910 3129 2 3 15 O 30
3129 21959 2 1 5 O 20
21959 3130 2 4 21 O 10
3130 12338 2 7 37 O 10
12338 15434 2 2 11 O 20
15434 15436 2 6 33 O 30
15436 18911 2 8 41 O 20
8593 8581 1 4 21 M 20
8581 6686 1 4 19 O 30
6686 8582 1 3 15 O 30
8582 8586 1 4 19 O 20
8586 8583 1 5 23 O 30
8706 8585 1 29 156 O 10
8584 8589 1 14 76 O 20
8585 5428 1 45 248 M 30
26767 8587 1 24 129 O 10
12267 8589 1 26 139 O 20
8412 26546 1 12 64 O 10
6135 17006 2 4 18 O 30
8909 15087 2 6 30 O 30
6140 6512 2 16 84 M 20
6512 12440 2 4 22 O 20
12440 13483 2 4 20 O 20
13483 12442 2 3 17 O 30
12442 8564 2 6 30 O 20
8564 6146 2 3 16 O 20
6146 17014 2 19 100 O 20
6133 13476 2 26 141 O 30
13476 13479 2 14 76 M 30
13479 13480 2 14 74 O 30
13480 16993 2 1 3 M 20
17014 8565 2 12 65 O 30
8565 21541 2 4 19 O 30
21541 8389 2 11 57 O 30
8389 19565 2 3 14 M 20
19565 8390 2 3 13 O 20
8390 12568 2 6 32 O 30
12568 30247 2 4 18 O 30
30247 8391 2 4 18 O 10
8391 6132 2 1 5 M 30
6132 15256 2 5 26 O 10
15256 21540 2 6 31 O 30
21540 8835 2 15 81 O 10
25118 19568 2 3 12 O 30
19568 17014 2 6 29 O 20
21113 15384 2 7 37 O 20
15384 10735 2 6 29 O 10
18333 8826 1 2 10 M 10
21354 12148 2 17 91 O 30
22889 22890 1 49 268 O 10
12549 14938 2 7 37 O 10
14938 27005 2 2 8 O 30
27005 5065 2 2 6 O 10
5065 5063 2 2 6 O 30
5063 27004 2 2 6 O 30
27004 5067 2 2 6 O 10
5067 5061 2 2 6 O 30
5061 27003 2 2 6 O 10
27003 5069 2 2 6 O 10
5069 13729 2 2 8 O 20
13729 11036 2 3 15 M 10
11036 10408 2 32 175 O 30
10408 10407 2 4 18 O 10
10407 10405 2 19 104 O 10
10405 20837 2 6 33 M 30
26436 21200 1 43 237 M 10
16120 21132 2 5 23 O 10
18076 10070 2 2 8 O 10
10070 21113 2 9 46 O 30
8591 8592 1 12 63 O 20
23861 13259 2 4 19 O 30
19182 19184 2 19 105 O 20
8490 809 2 2 6 O 30
809 26709 2 6 29 O 10
26709 10784 2 2 10 O 20
10784 18977 2 6 31 O 10
18977 22085 2 2 11 M 20
22085 26712 2 2 11 O 20
26712 9887 2 2 10 O 10
9887 26707 2 1 5 O 20
26707 8489 2 11 59 O 30
15087 22942 2 4 20 O 30
8584 26764 2 41 226 O 30
12267 8584 1 22 118 M 20
9815 1297 2 1 5 O 30
1297 1294 2 12 61 O 30
1294 28432 2 3 12 O 20
28432 6241 2 3 16 M 20
20782 12545 2 16 87 O 20
12545 21468 2 10 50 O 10
22294 8522 2 5 23 O 10
20771 22009 2 13 68 O 20
8229 8230 2 14 75 O 10
8230 8231 2 9 48 O 20
8231 8232 2 6 28 O 20
8232 8340 2 3 13 O 10
8340 8233 2 4 21 O 10
8233 11210 2 3 15 O 30
11210 8234 2 6 28 O 20
8234 11208 2 3 12 O 10
11208 8235 2 4 19 O 30
8235 8236 2 8 43 O 20
8236 8338 2 8 44 O 10
8338 8237 2 2 10 O 20
8237 8336 2 7 33 M 20
8336 8307 2 8 42 O 20
8307 8334 2 8 44 M 10
8334 8238 2 9 47 O 10
8238 8248 2 32 174 O 20
8248 8339 2 9 48 O 10
8339 8314 2 5 28 O 30
8314 16535 2 39 212 O 20
16535 1994 2 2 8 O 30
8249 8250 2 7 33 O 10
8250 16531 2 10 51 O 30
16531 9594 2 9 45 O 30
9594 8251 2 8 42 O 20
8251 15190 2 4 22 O 20
15190 8350 2 3 14 O 10
8229 8239 2 7 34 O 10
8239 8240 2 7 35 M 30
8240 8241 2 4 22 M 30
18992 18967 1 47 258 O 20
22143 22581 1 10 52 O 10
22581 22148 1 23 123 O 30
22148 8369 1 5 27 O 30
8907 1407 1 9 48 O 20
12227 20116 2 5 26 M 30
20116 8184 2 6 32 O 10
8184 23783 2 9 45 O 30
23783 8183 2 2 10 O 10
8183 8185 2 9 48 M 10
8185 8182 2 8 40 M 10
12185 12227 2 4 19 O 20
27724 12165 2 17 93 M 20
12165 16429 2 30 166 O 20
16429 16435 2 33 181 O 10
16435 12711 2 32 173 O 20
12711 16430 2 21 112 O 30
16428 1558 1 18 97 O 20
8907 8595 2 18 95 O 20
8595 11052 2 6 29 O 10
11052 13786 2 15 79 O 30
26470 24467 1 17 92 O 20
81 14411 2 3 12 O 20
14411 149 2 7 35 M 10
149 8451 2 9 46 O 20
8451 145 2 6 32 O 30
145 18843 2 13 69 O 30
18843 168 2 16 86 O 20
18238 5486 1 9 49 O 30
18256 18275 1 11 57 O 10
16688 772 1 3 16 M 20
772 679 1 9 47 M 20
679 18257 1 2 6 O 10
1729 14362 2 15 83 O 20
14362 25686 2 29 160 O 10
25686 20926 2 8 41 O 10
20926 10237 2 16 86 M 20
10237 16068 2 9 48 O 10
16068 16059 2 12 63 O 10
16059 16060 2 16 86 M 20
16060 12817 2 24 129 O 10
12817 24852 2 22 118 O 30
24852 16056 2 19 101 M 30
16765 26439 1 8 40 O 10
26439 16767 1 9 47 M 30
27034 10081 1 12 61 O 10
10081 17474 1 20 107 O 20
17474 26435 1 14 77 O 20
17480 14628 1 25 135 O 20
21197 16777 2 2 11 O 10
16777 4284 2 18 96 O 10
4284 4268 2 4 19 O 10
4268 21013 2 1 2 M 10
21013 4270 2 1 3 M 20
4270 4286 2 4 19 O 20
4286 4288 2 4 19 O 10
4288 21012 2 3 12 O 20
21012 21011 2 9 45 O 20
21011 4290 2 3 11 O 10
4290 22940 2 2 6 O 20
22940 14354 2 6 30 O 20
14354 4274 2 2 7 O 20
4274 4292 2 2 6 M 10
4292 14356 2 3 13 M 30
14356 1494 2 4 19 O 30
1494 4296 2 2 8 M 30
4296 4277 2 10 50 O 10
4277 4298 2 3 16 M 30
4298 4276 2 3 15 O 20
4276 21010 2 5 27 O 10
21010 10314 2 2 8 O 30
10314 4278 2 6 28 O 20
4278 14521 2 1 2 M 30
14521 4280 2 2 11 O 10
4280 21009 2 7 37 O 10
21009 14519 2 2 8 O 30
14519 4282 2 8 41 O 20
4282 21008 2 2 7 M 30
10084 10760 2 19 103 O 20
21650 8598 2 4 19 O 30
8598 7812 2 2 7 O 10
7812 7813 2 102 566 O 20
7813 18098 2 18 98 O 30
18098 20916 2 3 14 O 20
8827 11396 2 12 66 O 10
8599 6965 2 10 53 O 10
28322 14437 2 31 167 O 20
8600 8601 2 14 76 O 30
17018 1847 2 25 134 O 10
17019 12461 2 11 61 O 20
12461 16899 2 6 30 O 20
16899 947 2 3 13 O 20
947 17017 2 9 48 O 30
8788 29543 2 42 229 M 30
11427 8602 2 10 53 M 20
11558 21878 2 4 18 O 30
21878 22936 2 7 37 O 20
17020 9853 2 33 183 O 30
8601 11559 2 33 179 M 20
8404 18235 2 2 10 O 30
16175 24265 2 6 29 O 30
24265 25789 2 3 13 O 10
25789 24259 2 1 1 M 20
24259 21861 2 6 32 M 10
21861 25773 2 1 4 O 20
25773 25771 2 2 8 O 20
25771 24358 2 3 14 O 30
24358 24360 2 1 4 O 30
24360 24443 2 8 41 O 20
24443 24445 2 4 22 O 10
24445 24441 2 3 12 O 10
24441 21864 2 7 36 O 30
21864 25769 2 1 4 O 30
25769 10976 2 6 33 O 10
10976 24472 2 23 125 O 20
24472 10978 2 5 23 O 10
10978 25768 2 3 11 O 20
25768 25766 2 8 40 O 20
25766 24515 2 9 45 O 30
24515 25764 2 7 36 O 30
25764 24514 2 2 10 O 10
24514 16181 2 6 31 M 20
16181 10981 2 2 11 O 30
10981 24509 2 3 15 O 10
24509 25762 2 3 15 O 10
25762 25797 2 10 52 O 10
25797 10100 2 2 10 O 10
10100 25795 2 6 29 O 20
25795 16180 2 5 26 O 30
16180 25787 2 2 11 O 30
25787 25786 2 2 6 O 10
25786 24505 2 2 9 O 30
24505 22166 2 8 44 O 20
2524 10774 2 36 197 O 20
20094 23090 1 4 21 O 10
22166 25793 2 5 27 M 20
25793 12445 2 4 19 O 20
23429 28201 2 14 77 O 20
28201 9641 2 16 84 O 10
9641 20294 2 10 55 O 30
22167 12446 2 3 15 O 20
22616 22617 1 4 17 O 30
22617 22618 1 4 20 O 20
8613 8614 1 5 23 O 20
8614 8617 1 6 30 M 20
8617 8609 1 3 12 O 20
8609 8611 1 2 8 M 30
8611 8615 1 3 13 O 30
8615 8613 1 4 22 O 30
22637 22634 1 3 16 O 10
22641 22638 1 3 16 O 10
8712 1716 1 7 34 O 30
1716 8966 1 6 28 O 10
9794 9793 2 13 70 O 10
22626 22624 1 3 15 O 20
22624 22623 1 3 14 O 20
8609 1702 1 19 100 O 30
1702 1703 1 3 16 O 20
1703 1704 1 3 16 O 10
1704 1705 1 3 17 O 30
1705 1706 1 2 10 M 30
1706 1707 1 2 11 O 30
1707 1708 1 3 16 M 20
1708 1709 1 4 17 M 30
1709 1710 1 3 16 O 20
1710 1711 1 4 22 O 10
1711 1712 1 3 16 O 10
1712 1713 1 4 17 O 20
1713 1714 1 3 15 O 10
1714 1715 1 4 17 O 20
21064 9650 2 12 62 O 20
21062 18034 2 9 48 O 30
18034 21164 2 6 33 O 30
21164 18035 2 5 24 M 20
18035 21063 2 7 35 O 10
11074 11075 2 26 143 O 30
21063 21064 2 10 52 M 30
21408 1393 1 3 11 M 30
1393 1392 1 10 52 M 30
23250 14293 1 2 6 O 30
14293 22586 1 1 5 M 30
24743 23981 2 14 76 M 20
8619 2042 1 4 22 O 10
14318 16946 2 13 71 O 30
11401 11402 2 34 186 O 10
11391 2043 1 3 12 O 20
8621 24518 2 18 99 O 20
22979 8620 2 3 14 O 20
11565 12400 2 3 16 O 10
8624 29251 2 11 56 M 20
18291 9476 2 49 268 O 20
23189 9828 2 11 60 O 30
8324 8465 2 2 8 O 20
26471 5848 2 8 44 M 10
5848 6529 2 13 70 M 20
8622 16228 1 10 50 O 30
22982 7156 1 6 32 O 10
24345 18511 2 4 17 O 10
9262 379 2 17 92 O 10
379 381 2 3 15 O 30
381 12953 2 13 71 O 10
12953 10328 2 75 416 O 10
24335 8625 2 2 10 O 30
8625 23899 2 23 125 M 10
23899 10796 2 66 365 O 20
10796 24347 2 4 18 M 20
22646 12271 1 1 4 O 30
8626 24345 1 6 28 O 20
8630 8646 1 8 40 M 20
22744 8632 1 6 29 O 10
22745 8585 1 36 197 O 10
8631 8630 1 6 29 O 30
8633 8634 2 10 54 O 10
16999 18944 2 6 30 O 10
18944 20040 2 11 56 M 10
4304 26872 2 16 86 M 30
28975 16875 2 5 22 O 20
16875 15104 2 5 23 O 10
15104 5624 2 5 23 O 30
5624 5626 2 7 36 O 20
5626 5628 2 13 72 O 30
5628 972 2 27 147 O 10
15103 2470 2 4 21 O 30
2470 6801 2 2 10 O 20
6801 6799 2 2 10 O 20
6799 11184 2 3 14 O 10
11184 2620 2 2 7 O 20
2620 6794 2 5 25 O 30
6794 2621 2 2 7 O 30
2621 15314 2 5 25 O 30
15314 16693 2 4 21 M 20
16693 2634 2 5 27 M 20
2634 15312 2 4 17 O 30
15312 2637 2 2 8 O 10
2637 19051 2 1 4 O 30
19051 2632 2 4 18 O 30
2632 2630 2 3 13 O 20
2630 19055 2 3 16 O 20
19055 2640 2 1 3 M 10
2640 19045 2 5 22 O 10
19045 6788 2 1 3 O 30
6788 2627 2 5 27 O 20
2627 11496 2 3 12 O 20
10731 25942 2 23 126 O 20
25942 12524 2 31 170 O 30
12524 12523 2 2 6 M 20
12523 6066 2 7 37 O 30
6066 4244 2 64 352 M 30
4309 19969 2 16 88 O 10
19969 4312 2 7 37 M 20
4309 7096 2 17 93 O 20
7096 4310 2 1 2 M 30
4310 22765 2 8 44 O 20
18343 12521 2 5 25 O 10
28115 12522 2 12 63 O 30
15359 18343 2 9 45 O 20
8697 25918 2 19 102 O 10
25918 15912 2 8 43 M 20
8635 8923 2 8 40 O 20
15729 25264 2 9 45 O 10
25264 13304 2 36 195 O 20
13304 15764 2 25 136 O 10
15764 8635 2 5 27 O 10
8666 1035 2 26 142 O 30
1035 8636 2 11 59 M 30
8636 27940 2 1 5 O 20
11743 8638 1 10 53 O 20
8638 22177 1 1 2 O 20
16350 20784 2 6 32 M 30
28583 8640 1 4 20 O 30
10126 8015 2 5 22 M 10
8015 10125 2 9 49 M 20
10125 26961 2 4 19 O 30
20783 8639 2 3 15 O 20
20081 9562 2 4 20 M 10
9562 8519 2 17 91 O 30
8640 11139 2 7 37 O 10
11139 14749 2 10 53 O 30
14749 14743 2 9 48 O 30
14743 9576 2 5 27 O 20
9576 14746 2 5 26 M 10
14746 14747 2 15 81 M 20
14747 14750 2 15 79 M 10
14750 14748 2 8 44 O 10
14748 16350 2 14 76 O 10
8640 20783 2 7 33 O 10
18924 17611 2 16 88 O 10
17611 21952 2 15 79 O 20
18924 20891 2 17 93 O 20
20891 17607 2 16 88 O 30
17607 21672 2 4 22 O 20
8644 15630 2 31 172 O 30
29392 29393 2 161 889 O 20
29393 7209 2 14 76 O 30
7209 7211 2 7 35 O 30
7211 20031 2 10 51 O 20
20031 20018 2 27 148 O 10
20018 29383 2 119 656 M 20
20863 15458 2 128 708 O 20
15458 15101 2 11 60 O 20
15101 15457 2 155 856 O 10
15457 29055 2 32 173 O 10
29055 21677 2 42 233 M 10
8670 8672 2 12 66 O 20
8671 16925 2 3 15 O 20
10680 18540 1 4 21 O 20
18540 8668 1 17 89 O 20
25423 15898 1 18 95 O 20
20954 12386 2 4 20 O 20
12386 16838 2 5 26 O 30
16838 14666 2 1 5 O 10
2600 14678 1 7 34 O 10
8825 193 1 8 41 M 20
193 191 1 2 7 O 20
191 11231 1 14 77 M 10
8368 18263 1 11 59 O 10
9180 17995 2 8 40 M 20
8673 6498 1 35 193 O 10
6498 16708 1 43 235 O 30
11804 5376 1 8 39 M 30
6497 8674 1 33 181 O 10
8674 28853 1 71 393 O 10
8673 11378 1 35 192 M 20
12169 23223 2 4 20 O 20
23223 8680 2 5 23 O 10
8683 8682 2 17 94 O 20
24332 2193 1 7 37 O 20
2196 18344 1 9 49 O 30
11367 4240 1 36 197 O 30
4002 4003 2 14 75 O 10
23559 10737 2 12 66 O 20
8703 22199 1 7 36 O 20
8475 8476 2 11 59 O 20
29197 25682 2 64 350 M 30
8583 8588 1 2 9 O 10
8707 8708 1 3 14 O 20
20035 12061 2 7 39 O 10
12061 12062 2 29 159 O 20
12062 19650 2 15 82 M 30
19650 20011 2 14 74 O 20
20011 12063 2 38 209 O 30
18738 18739 2 63 346 O 30
18739 19932 2 74 406 O 20
19932 17241 2 5 28 O 10
17241 19928 2 15 82 O 30
19928 12060 2 13 68 O 10
12060 20035 2 2 10 O 30
23136 22056 2 9 45 O 10
23137 11961 1 13 69 M 10
8710 8709 2 7 39 O 20
8721 19439 2 9 46 M 10
19439 19440 2 2 11 O 20
19440 19444 2 5 25 O 20
19444 19442 2 2 6 O 10
19442 19445 2 8 44 O 20
19445 19447 2 4 22 O 20
19447 19449 2 5 26 M 20
19449 18888 2 25 136 M 30
20266 20267 2 19 104 O 20
20267 18036 2 32 176 O 20
18754 18750 2 51 283 O 20
18750 18749 2 3 16 O 20
18749 12058 2 32 177 M 20
12058 18748 2 10 55 O 30
18748 8719 2 17 91 O 10
8717 19654 2 12 63 O 20
7310 7309 2 42 228 O 10
28524 29211 2 26 142 O 10
20890 15265 2 99 547 O 10
29414 8732 2 8 44 M 10
8642 8735 2 29 159 O 30
8735 15199 2 41 227 M 20
15199 8643 2 97 535 O 10
20033 26914 1 11 60 O 30
18609 18614 1 10 55 O 30
18613 18610 1 10 54 O 20
8739 23827 1 22 120 O 20
8740 23821 1 19 100 O 20
18607 12990 1 2 8 O 10
8743 25490 1 15 78 O 30
25486 21930 1 8 43 O 30
8744 8742 1 10 52 O 10
20821 8649 1 36 199 O 20
8654 8655 1 78 433 O 10
8745 4721 1 17 94 O 10
23856 18989 1 4 20 O 20
23857 5377 1 3 13 O 20
8747 19729 1 4 19 O 20
8748 8747 1 12 64 M 10
151 18987 1 4 18 O 20
8348 8349 1 15 83 O 20
8343 8250 1 21 114 M 10
8270 8219 2 7 35 O 10
8219 8220 2 8 44 O 10
8220 16526 2 10 52 M 10
16526 16528 2 10 54 O 30
16528 8221 2 10 51 M 30
8221 11515 2 4 20 O 20
11515 12328 2 9 46 O 10
12328 6026 2 7 35 O 20
8251 8342 1 6 33 O 10
8342 8343 1 10 54 M 20
8343 8344 1 9 50 O 10
8344 8345 1 6 31 O 30
8345 8346 1 7 35 M 30
8346 8347 1 6 29 O 10
8347 8348 1 6 31 M 30
8752 18216 1 10 51 O 20
8751 10344 1 184 1022 O 30
12919 8753 1 13 68 O 10
26146 7601 2 40 219 O 10
16860 21552 2 24 130 O 10
21552 1212 2 30 165 O 10
1212 1210 2 9 45 O 30
1210 21553 2 38 208 O 30
21553 30250 2 9 46 O 30
30250 17414 2 9 46 M 10
17414 9770 2 13 67 O 30
9803 9475 2 10 52 O 10
8421 8754 2 4 21 O 20
23127 23878 1 1 5 O 30
8790 8794 2 2 9 O 20
8794 8933 1 7 35 O 30
23874 23127 1 3 13 O 30
20745 20744 2 3 11 M 30
20744 25892 2 3 12 O 20
25892 20741 2 2 10 O 20
11151 1807 1 25 138 O 30
1807 21110 1 9 46 O 20
21110 18278 1 6 33 O 20
29525 9787 1 5 28 O 20
9787 22708 1 18 99 O 10
22708 22709 1 13 71 O 20
22709 29546 1 5 27 O 10
8791 9330 2 7 34 O 20
9330 8411 2 12 62 O 10
8411 26729 2 11 58 O 30
26729 2861 2 9 48 M 30
2861 12177 2 3 14 M 20
20144 8788 1 2 7 M 30
8794 8701 2 14 77 O 10
8941 29510 1 4 18 O 30
29510 29547 1 2 8 O 10
23874 23873 1 2 10 O 20
8796 8797 2 14 76 O 20
8797 8798 2 3 16 M 30
8798 29390 2 22 117 O 10
8795 8798 2 5 27 O 20
8734 7221 2 8 39 O 30
7221 11944 2 9 45 M 20
11944 8799 2 23 126 O 20
8799 7232 2 8 43 M 20
7232 29388 2 23 125 O 30
16319 8801 2 76 419 M 30
8800 8801 2 13 71 O 10
8801 11944 2 20 108 O 30
8805 8802 2 133 738 O 30
8802 29391 2 24 132 O 10
8803 8804 2 17 89 O 20
30164 9128 2 4 18 O 20
22919 24391 1 14 74 M 20
8316 21376 1 10 51 O 20
21388 21337 1 3 12 O 10
21337 21335 1 4 18 O 10
21335 21379 1 4 18 O 30
21379 21333 1 4 18 O 20
21333 21331 1 4 18 M 30
8812 21459 2 5 26 O 20
21459 26954 2 2 7 O 20
26954 26950 2 13 67 M 20
26950 8813 2 12 65 O 20
15334 13847 2 15 81 O 20
13847 13843 2 14 75 O 10
13843 15335 2 13 68 M 30
14288 14289 1 19 101 O 10
14288 806 2 8 40 O 10
806 9081 2 11 56 O 20
9079 8359 2 3 13 M 20
8359 14289 2 13 69 O 20
8359 27523 2 17 93 O 20
8863 8865 2 13 71 O 30
8862 8864 2 8 42 O 30
8859 8860 2 30 167 M 20
8215 8861 2 12 63 O 10
7973 7971 2 4 22 O 30
15831 8069 2 11 58 O 10
8866 15833 2 1 5 O 10
15833 15831 2 15 79 M 10
8203 15835 1 4 20 O 30
8886 8881 2 9 45 O 10
8883 8880 2 3 14 M 10
8868 8872 2 8 43 M 20
8874 8870 2 13 68 O 30
8879 8871 2 10 55 O 30
8888 8885 2 9 48 O 20
8882 8876 2 9 50 O 20
8869 8875 2 8 44 O 10
8877 6255 2 8 44 M 20
6255 8873 2 6 29 O 20
8887 8864 2 8 43 M 30
8884 8883 2 4 18 M 10
8883 8878 2 5 27 O 10
8889 19695 2 8 42 M 10
19695 21436 2 18 95 O 10
8893 21771 2 10 52 O 20
543 26281 2 15 82 O 30
26281 1303 2 48 266 O 30
1303 14843 2 4 21 O 20
8893 20701 2 4 20 O 20
8896 8895 1 10 52 O 30
8897 8866 2 23 123 O 10
8071 6246 2 10 51 O 30
6246 15834 2 7 38 O 10
8905 8111 2 12 62 O 20
8202 8899 2 7 36 O 30
12741 8870 2 10 54 O 10
8904 8905 2 10 51 O 10
8905 8906 2 7 37 M 10
15840 8903 2 5 27 O 30
15088 27491 2 7 36 O 20
27491 18642 2 5 28 O 20
8573 13054 2 5 24 O 20
13054 8910 2 3 15 O 20
12456 5850 2 8 40 M 30
22014 22015 1 13 68 M 30
22015 20779 1 8 44 O 20
8911 13760 2 5 27 O 30
13760 18055 2 8 43 O 20
8577 8575 1 3 16 O 20
5474 15883 2 4 19 O 20
15883 27186 2 11 56 O 10
27186 27184 2 17 90 O 20
27184 5473 2 20 107 O 20
8922 8921 2 10 51 O 30
23541 5472 2 8 41 O 20
8926 8927 2 4 17 O 10
8927 14253 2 1 4 O 20
8931 29545 2 4 19 O 30
29545 14515 2 2 10 O 30
14515 19023 2 2 6 O 10
19023 8932 2 2 8 O 30
8932 8934 2 3 14 M 10
8744 8181 1 8 44 M 20
23880 14518 2 20 107 O 20
8938 8939 2 4 17 O 10
8937 8936 2 5 23 O 20
8574 15170 2 36 199 O 20
15170 15159 2 10 52 M 10
15159 12922 2 18 97 M 10
12360 14285 2 8 40 O 30
14285 14287 2 18 96 O 20
14287 8563 2 17 90 O 30
19536 26268 1 32 176 O 20
8943 19536 1 8 40 M 30
29013 15430 2 22 117 O 20
9077 8580 2 2 10 M 10
15647 14731 2 12 62 O 30
14731 15648 2 10 50 O 30
8955 8952 2 9 47 O 30
8954 8951 2 9 48 O 10
20506 6118 2 58 319 O 20
6118 8949 2 2 6 M 20
8957 8956 2 46 253 O 10
17988 8962 2 5 25 M 10
8962 23871 2 8 44 O 20
23871 8960 2 7 36 O 10
8961 8960 2 56 308 M 10
8965 8962 2 10 54 O 20
16845 8959 2 12 63 O 30
8873 8963 2 11 59 O 30
8610 8612 1 2 7 M 10
8612 8611 1 7 34 O 30
30201 8967 2 21 115 M 10
26148 21546 2 43 237 O 30
8980 8983 2 17 91 O 20
8981 8980 2 16 88 O 30
8980 8982 2 6 31 O 20
8987 8988 1 7 37 M 20
8988 8986 1 5 26 O 10
9900 8987 1 5 24 O 20
8987 8984 1 2 9 O 30
8984 8989 1 2 7 O 10
8989 21734 1 1 3 O 20
8984 21732 1 1 5 O 20
8989 21733 1 1 3 O 30
20897 8993 1 3 15 O 10
8993 8990 1 2 8 O 20
8990 21728 1 1 5 O 10
8993 21729 1 2 9 O 30
8990 8994 1 2 8 O 20
8996 24333 1 7 38 M 10
4315 28215 2 2 6 O 10
28215 11852 2 13 68 O 20
8998 19961 2 3 14 O 10
19961 8999 2 22 118 O 10
8999 9000 2 19 103 O 10
9000 19961 2 3 15 O 10
9006 9003 2 3 12 O 20
9002 25293 2 2 10 O 30
25293 9496 2 7 34 O 20
9006 9004 2 4 21 O 20
9001 9002 2 9 47 O 10
9002 9005 2 5 26 M 20
9008 20977 2 3 16 M 30
20977 9881 2 1 3 O 30
1101 4569 1 7 35 M 30
4569 4461 1 1 3 O 20
4461 4459 1 3 12 O 10
4459 4533 1 4 20 O 30
4533 1094 1 2 9 O 30
18855 1681 2 10 54 O 10
16356 8035 2 1 3 O 10
8035 8037 2 3 13 O 10
8037 9009 2 2 10 O 20
15961 9010 2 3 14 M 30
9010 9851 2 10 52 O 20
9851 28576 2 5 24 O 10
28576 28572 2 6 29 O 20
28572 9645 2 1 3 O 20
9645 9012 2 6 29 O 30
9012 28555 2 10 51 O 10
28555 9026 2 4 21 O 10
9010 9011 2 7 36 O 20
9011 28560 2 2 11 O 20
28560 28562 2 6 30 M 10
28562 28564 2 6 29 O 20
28564 22382 2 7 35 O 30
22382 9013 2 3 15 O 10
9013 9359 2 4 19 O 30
21772 9024 2 12 66 O 10
9021 9022 2 11 57 M 20
21774 19783 2 5 24 M 10
9023 9021 2 13 70 O 30
9021 21773 2 4 17 O 10
14306 8535 1 8 43 O 30
11518 29281 2 13 69 M 10
29281 8535 2 4 19 O 20
9030 8540 1 3 12 O 20
9031 2795 2 3 16 O 30
2795 11524 2 4 20 O 30
4958 4989 1 1 2 M 20
4989 4987 1 1 3 O 10
4987 4913 1 4 19 O 20
4913 4922 1 6 29 O 30
4922 29221 1 4 21 O 10
29221 4985 1 3 12 O 30
4985 4925 1 2 6 O 30
4925 4983 1 1 3 O 30
4983 4920 1 5 25 O 20
4920 4981 1 5 26 M 10
4981 4918 1 1 1 O 10
4918 29220 1 4 19 O 10
21622 4901 2 5 25 O 10
4901 11431 2 8 41 M 10
21624 4946 2 5 27 O 20
4946 4947 2 5 23 M 30
4947 4945 2 4 22 O 20
4945 4944 2 5 23 O 20
4944 4943 2 4 20 O 30
4943 4942 2 2 9 O 30
4942 4939 2 4 19 O 30
4939 4954 2 4 19 O 20
23939 4637 1 3 16 O 10
4637 20806 1 9 50 M 10
20808 4017 1 10 55 O 10
4017 20809 1 27 150 M 30
16090 14054 2 7 34 O 30
14054 14053 2 6 33 O 20
14053 14052 2 2 10 M 20
14052 12409 2 22 122 O 10
12409 10312 2 10 50 O 20
10312 22069 2 19 100 O 30
16173 24040 2 8 42 O 20
24040 23993 2 3 11 O 10
23993 24142 2 4 17 O 30
24142 24144 2 4 17 O 20
24144 24154 2 3 13 M 10
24154 23994 2 6 32 O 20
23994 24146 2 3 17 M 10
24146 24150 2 4 19 O 20
24150 24148 2 6 30 O 30
24148 9304 2 13 67 O 20
9304 24045 2 4 22 O 10
24045 9036 2 59 326 O 20
4320 4321 2 4 19 O 10
4321 4322 2 46 255 O 20
15881 8676 2 16 85 O 20
19202 19208 1 4 17 O 10
19208 19206 1 6 32 O 30
19206 5335 1 3 13 O 20
5335 19204 1 1 4 O 20
19204 26985 1 2 11 O 10
12829 2733 2 4 19 O 20
2733 2729 2 13 68 M 30
2729 14048 2 6 31 M 10
14048 12830 2 3 12 O 10
12830 2719 2 2 8 M 30
2719 1268 2 2 7 O 30
1268 1267 2 1 4 O 10
1267 9704 2 1 1 O 10
22327 22351 2 5 24 O 10
22351 8382 2 6 33 O 10
8382 8379 2 5 22 O 30
8379 8377 2 3 12 O 10
8377 9751 2 16 89 O 20
29755 9049 2 3 17 O 10
18787 18788 1 20 111 M 20
18788 18781 1 24 128 O 20
270 9057 1 7 38 O 20
9057 9055 1 4 20 O 20
8675 5427 1 88 487 O 10
10815 376 2 8 43 O 20
376 377 2 4 22 O 20
377 10815 2 4 22 O 30
12326 8628 1 58 322 O 20
5426 28007 1 13 69 O 20
29552 8629 1 88 486 O 20
12481 11384 2 15 80 M 30
11741 11742 2 14 75 O 10
11742 15921 2 9 47 O 20
15921 5617 2 6 31 O 30
5617 15920 2 11 56 O 30
26738 26737 1 22 121 O 10
26737 30253 1 1 4 O 20
30253 26738 1 1 4 O 10
9063 21430 2 5 25 O 10
21430 5552 2 19 102 O 10
5552 21431 2 10 55 O 10
21431 21430 2 23 125 M 20
8785 18502 2 5 24 O 30
18502 18503 2 12 66 O 30
9066 9071 2 36 199 O 30
20671 3123 2 4 19 M 30
3123 22282 2 1 4 O 10
22282 14487 2 35 192 M 30
12240 8645 1 19 101 O 20
9064 6060 2 11 57 O 30
6060 29291 2 3 13 O 20
29291 9069 2 17 94 O 10
9069 11135 2 9 48 O 20
11135 11137 2 8 39 M 10
11137 9065 2 7 38 O 30
9068 20468 2 7 33 O 30
20468 20470 2 2 6 O 30
9072 9073 2 6 31 O 30
8625 24340 2 4 18 O 10
24340 23941 2 2 6 O 10
23941 24345 2 3 13 O 20
9073 9822 2 5 27 O 30
9074 21854 1 2 7 O 30
13396 23458 2 13 72 O 20
23458 9054 2 6 29 O 10
9061 18785 2 23 124 O 10
14265 14266 2 32 173 O 30
14266 9876 2 14 77 M 30
9876 14267 2 11 60 O 10
14267 14268 2 24 133 O 10
21490 21491 2 44 239 O 30
12695 25812 2 11 60 O 20
25812 25299 2 4 20 O 20
25299 25301 2 10 52 O 30
25301 11867 2 25 137 O 30
12295 22602 2 19 102 O 10
20522 13264 2 10 54 O 20
13264 20523 2 7 35 O 20
18357 24553 2 9 45 O 20
24553 24719 2 23 123 O 30
24719 18358 2 6 28 O 30
18358 18359 2 18 96 O 10
18359 9587 2 3 14 O 10
9587 8044 2 3 14 O 10
8044 24720 2 2 11 O 10
24720 8048 2 2 9 M 30
8048 9586 2 7 35 O 10
9586 18360 2 2 8 M 10
18360 249 2 1 4 O 10
249 24556 2 2 9 O 10
24556 18357 2 11 60 O 30
9111 21274 1 3 12 O 30
21274 5336 1 1 5 M 10
5336 19205 1 3 12 O 10
19205 19207 1 6 32 M 10
19207 9112 1 4 17 M 20
9115 9116 1 9 46 O 30
9118 9123 2 15 79 O 10
9123 9117 2 7 34 O 10
9117 9127 2 44 241 O 20
9117 9119 2 19 101 O 10
9119 11592 2 23 126 O 20
9119 11590 2 4 22 O 30
11590 9126 2 18 99 O 20
9122 20939 2 29 161 O 20
9123 9125 2 38 208 O 30
12771 8445 1 31 167 M 20
1898 12771 1 45 245 O 30
9096 26516 2 6 30 O 10
26516 26514 2 4 19 M 20
26514 9619 2 2 11 O 20
9619 26512 2 2 10 O 30
26512 26510 2 4 18 O 10
26510 22981 2 2 8 O 10
9094 26169 2 3 14 O 30
26169 26227 2 4 18 O 10
26227 26225 2 2 8 O 10
26225 9087 2 5 26 O 10
9133 9135 1 2 10 O 20
9135 9134 1 6 31 O 20
9134 9132 1 3 16 O 10
9132 9133 1 1 5 O 20
14280 9129 2 3 16 O 10
9129 20361 2 2 6 O 20
9131 9130 2 2 8 O 20
9137 9136 2 4 22 O 10
20356 9498 2 16 84 O 30
9498 580 2 18 95 O 10
10211 18350 2 15 79 O 30
1203 3511 2 5 27 O 10
3511 15627 2 2 10 O 20
15627 3509 2 1 3 O 10
3509 9139 2 4 20 O 20
9139 15625 2 8 43 O 30
15625 15626 2 1 5 O 30
15626 15624 2 13 72 O 10
15624 3505 2 9 49 O 30
9140 17046 2 215 1191 O 30
18843 12358 2 8 40 O 20
12358 22378 2 8 39 O 10
22378 22377 2 7 37 O 30
22377 22376 2 8 39 O 10
22376 9509 2 9 50 O 30
1129 4503 1 9 46 O 30
4503 18856 1 5 27 O 10
2293 18372 2 4 21 M 30
18368 2291 1 5 27 O 30
2291 2290 1 6 32 O 30
2290 18367 1 7 35 O 20
1102 4568 2 5 27 O 10
4568 2587 2 1 5 O 10
2587 4565 2 6 31 M 20
4565 18851 2 3 16 O 10
18370 2306 1 8 41 O 30
2306 2425 1 5 23 M 10
2425 2308 1 5 24 O 10
2308 2435 1 2 6 O 10
2435 18368 1 6 31 O 20
18375 2369 2 6 28 O 10
2369 2378 2 2 11 O 10
2378 2370 2 2 9 O 10
2370 18374 2 2 6 O 10
18374 2381 2 6 30 O 30
2381 2341 2 2 7 M 20
2341 2327 2 4 22 O 30
2327 2383 2 1 5 O 20
2383 2329 2 1 2 O 20
2329 18366 2 5 25 M 30
18427 4494 2 5 24 O 10
4494 13422 2 4 21 O 20
13422 13421 2 11 57 O 10
13421 9144 2 5 23 O 20
24775 24776 1 4 20 O 10
10691 17 1 20 110 O 30
17 23413 1 11 57 M 20
26472 9187 2 21 117 O 30
14953 9074 1 2 9 O 10
2 9160 2 15 78 O 10
9160 9166 2 22 118 O 10
9170 9436 2 13 68 M 20
9436 9149 2 28 150 O 20
22809 19 2 5 26 M 10
19 21 2 5 25 O 10
21 22808 2 21 113 O 10
22808 15 2 4 20 O 10
15 32 2 3 13 M 20
32 9170 2 5 25 O 30
9152 15856 2 20 110 M 30
9165 27066 2 8 40 O 30
27066 27064 2 1 3 O 10
27064 27068 2 1 2 O 10
27068 27070 2 4 18 O 20
27070 27072 2 1 3 O 30
27072 27097 2 3 16 O 10
27097 27099 2 1 4 O 20
27099 27101 2 4 20 M 30
27101 27062 2 4 18 O 10
27062 27103 2 1 2 O 20
27103 27105 2 5 24 M 30
27105 27471 2 10 52 O 10
27471 19172 2 2 6 O 10
8676 9152 2 8 39 O 10
23209 23208 2 7 37 O 10
19352 9173 2 41 224 O 20
9168 13368 2 22 121 O 20
13368 23210 2 17 89 O 30
9174 9171 2 28 154 O 10
9171 9173 2 13 70 O 20
9175 9171 2 34 189 O 10
9177 94 1 17 91 O 10
18351 18686 2 10 52 O 20
18686 246 2 3 14 O 30
9182 21519 2 14 75 O 10
18362 14924 2 8 42 O 20
14924 14914 2 1 4 O 30
9190 242 2 10 54 O 20
242 244 2 5 27 O 30
244 9186 2 6 28 O 20
9193 9192 2 11 59 O 30
9192 9191 2 14 75 O 30
6531 6532 2 2 10 O 30
6532 6533 2 3 11 O 10
4348 8444 1 28 155 O 10
11315 18898 1 32 176 M 20
11365 12426 1 9 48 O 30
9198 3531 1 36 197 O 20
3531 3532 1 18 98 O 30
3532 9198 1 17 90 O 10
16166 10174 2 32 173 M 30
10174 9195 2 9 46 O 30
16164 23996 2 5 23 O 30
23996 24085 2 6 32 O 10
24085 21860 2 3 14 O 30
21860 24030 2 4 22 O 20
24030 24083 2 1 2 O 20
24083 24249 2 15 78 O 20
24249 24169 2 6 33 O 20
24169 9298 2 2 8 O 20
9298 24135 2 4 18 O 30
24135 24173 2 4 22 O 10
24173 24171 2 4 17 M 10
24171 24175 2 8 40 O 30
24175 9300 2 3 11 O 20
9300 24177 2 9 48 M 10
24177 10975 2 8 44 O 10
9199 9200 2 18 99 O 30
14744 9207 2 17 90 O 20
14746 9204 2 31 171 O 20
14747 14745 2 31 170 O 10
14743 9205 2 30 165 M 30
14751 9206 2 14 77 M 30
14750 9203 2 30 166 O 30
11448 26488 1 22 122 O 20
26488 20184 1 11 60 O 10
20184 8982 1 10 53 O 20
8982 20185 1 17 93 O 30
9202 10876 2 10 50 O 30
10876 10874 2 4 21 O 30
10874 9201 2 5 23 M 30
27547 9215 2 15 83 O 20
9215 10115 2 10 51 O 10
10115 9216 2 11 58 O 20
9216 9217 2 25 138 O 10
8433 1191 1 6 30 O 20
9322 14443 2 8 42 O 20
9226 9225 1 21 112 O 10
9225 26401 1 6 32 O 10
26401 9223 1 12 66 O 20
9229 9231 1 22 117 M 10
9229 9225 2 19 104 O 20
23026 13925 1 14 75 O 10
13925 13903 1 4 20 O 30
13903 26490 1 6 30 M 30
26490 20184 1 3 14 O 20
20184 11450 1 17 94 O 30
9222 9223 2 24 128 O 20
9223 26395 2 10 52 O 20
26395 9228 2 10 51 O 20
9233 26196 2 3 16 M 10
26196 24999 2 3 16 M 10
24999 26188 2 4 18 O 30
26188 20179 2 9 48 O 20
18435 25635 2 28 154 O 10
9231 10232 1 9 46 M 20
10232 9232 1 8 40 O 10
9237 9239 2 13 72 O 10
9239 9240 2 11 60 O 10
9240 17098 2 4 20 O 20
17098 9241 2 13 67 O 20
8195 9243 2 15 79 O 30
9243 9237 2 59 324 O 20
17112 9242 2 27 148 O 20
9243 9244 2 14 73 O 10
18070 9245 2 3 13 M 20
9245 9246 2 6 33 O 30
9246 9248 2 24 131 O 30
9245 9247 2 26 140 O 10
9253 18589 1 12 65 O 20
9250 9252 1 11 59 O 10
20303 9410 2 8 43 O 30
1549 9482 1 16 88 O 10
9257 23190 2 2 8 M 30
23190 9258 2 18 99 M 20
9258 19857 2 16 87 O 10
26984 9260 2 10 55 O 30
11477 9261 1 21 115 O 20
9264 15056 2 21 115 O 20
8777 8775 2 6 31 O 30
8775 8776 1 7 39 M 30
8808 12691 2 11 56 O 20
9808 28423 2 14 73 O 20
28423 9268 2 7 35 O 30
9255 867 1 7 35 O 30
867 865 1 1 3 M 10
865 863 1 5 25 M 30
863 28654 1 5 26 O 30
28654 28660 1 6 31 O 30
28660 28656 1 6 32 O 20
28656 28666 1 16 85 O 20
28666 9268 1 6 30 O 20
30144 9269 1 4 22 O 10
9269 22358 1 8 41 O 20
22358 22353 1 10 51 O 20
22353 12535 1 6 33 M 30
6463 16129 2 22 119 M 10
16129 16128 2 8 39 O 30
16128 15571 2 11 59 O 20
9274 20273 2 111 611 M 10
16601 9275 2 2 10 O 30
9275 16602 2 10 53 O 20
9278 24137 2 9 45 O 30
24137 24252 2 9 48 O 10
24252 24158 2 3 15 O 10
24158 24042 2 1 2 M 10
24042 24017 2 5 27 O 10
24017 9276 2 7 34 M 30
9279 9276 2 23 126 O 30
9281 9280 2 12 61 O 10
9285 9284 2 6 30 O 20
9284 9283 2 7 34 O 10
9283 9282 2 5 25 M 10
9282 16174 2 6 32 O 30
9282 9284 2 11 57 O 20
9297 9296 2 28 152 M 20
9296 9298 2 4 20 O 30
9288 9287 2 6 30 M 10
9294 9292 2 9 50 O 20
9292 9287 2 6 32 M 20
9287 9293 2 7 34 O 20
9301 9302 2 5 28 M 30
9299 9302 2 14 77 O 10
9303 24100 1 24 133 O 20
24100 9304 1 24 129 O 10
9305 24256 2 13 71 O 10
24256 24257 2 3 16 O 10
24257 9306 2 51 283 O 30
9306 25769 2 11 57 O 30
9310 9036 2 205 1137 O 20
9308 24123 2 3 16 O 30
24123 24115 2 2 8 O 20
24115 24108 2 4 21 M 10
24108 24111 2 2 6 M 10
24111 24103 2 3 17 O 10
24103 24106 2 1 4 O 20
24106 24117 2 2 9 O 30
24117 24113 2 2 10 O 10
24113 24121 2 2 11 O 10
24121 24104 2 3 15 O 30
24104 24119 2 2 6 O 30
24119 16187 2 7 34 O 30
16187 19061 2 9 49 O 10
9309 9307 2 13 71 O 10
9311 9312 2 7 34 O 30
11547 12150 2 22 122 O 30
9318 14312 2 2 8 O 20
819 23115 2 28 153 M 10
9320 26164 1 1 5 M 20
26164 26166 1 7 37 O 20
26166 9321 1 13 71 O 20
9324 9323 2 3 12 M 30
9323 23720 2 3 13 O 10
23720 23722 2 8 42 O 10
23722 23724 2 2 9 O 10
23724 23726 2 4 18 O 20
23726 23728 2 4 19 M 10
23728 16886 2 3 15 O 30
16886 23730 2 4 20 O 30
23730 15221 2 5 23 O 30
15221 23732 2 9 50 O 10
23732 20906 2 9 48 O 10
9093 13369 2 13 71 O 20
18284 18966 1 27 147 M 30
25895 18329 2 11 57 O 20
14254 9325 1 17 89 M 20
8811 20593 2 3 12 M 20
20593 20592 2 25 137 O 20
9328 10674 2 2 8 O 30
9329 8782 2 2 11 O 30
9333 2847 2 5 23 O 10
2847 25808 2 9 49 O 10
25808 9330 2 2 7 O 10
9335 28753 2 12 63 M 10
28753 9336 2 6 31 M 20
9336 24034 2 5 28 O 20
24034 24033 2 5 27 O 20
9341 9340 2 2 9 M 20
9340 20950 2 2 10 O 20
20950 13981 2 6 31 O 30
13981 13979 2 5 26 O 10
13979 20951 2 6 33 O 10
20951 12003 2 5 23 O 30
12003 20948 2 5 23 O 20
20948 13975 2 1 5 M 30
13975 12001 2 1 4 O 30
12001 11999 2 6 31 M 20
11999 11995 2 6 33 O 10
11995 20949 2 10 51 M 30
9338 9339 2 2 6 O 30
9339 11992 2 10 54 O 20
11992 15756 2 16 84 O 20
17104 8187 2 3 14 O 30
8187 19534 2 15 82 O 20
19924 24649 2 11 57 O 30
8435 6405 2 8 39 O 20
23044 1892 2 5 25 O 20
9344 9345 2 5 26 O 20
9345 9346 2 5 25 M 20
9346 9347 2 5 28 M 10
9359 5672 2 11 59 O 20
9348 9350 2 24 129 O 10
9350 16903 2 9 47 O 10
9353 9356 2 5 24 O 20
8637 8636 1 10 55 O 20
9352 9354 2 6 33 O 10
9015 9358 2 6 33 O 10
9363 9366 2 8 42 O 30
2162 8172 2 4 19 O 20
8172 26507 2 4 18 O 30
26507 23682 2 5 26 M 30
23682 23681 2 7 37 O 30
8638 9352 2 5 24 O 20
9352 9353 2 4 19 O 10
9353 9355 2 4 19 O 20
9364 9361 2 10 50 O 20
9361 22380 2 5 26 M 10
22380 9364 2 4 18 O 20
9348 9349 2 21 116 M 30
9369 9059 2 4 20 O 10
9368 9059 2 10 51 M 30
9059 9370 2 3 13 O 30
12907 7087 2 6 29 O 20
7087 18112 2 20 110 O 30
18112 7086 2 10 51 O 10
7086 9371 2 9 45 O 10
12449 9387 2 17 91 O 30
9387 9388 2 8 40 O 20
9382 2545 2 5 27 O 20
2545 2544 2 4 18 M 10
2544 2542 2 4 19 M 10
2542 9386 2 4 18 O 10
9386 9387 2 4 19 M 30
26736 9383 2 11 60 O 10
9383 9382 2 11 57 O 20
9382 2546 2 7 38 O 30
2546 6642 2 5 24 O 20
6642 2543 2 5 22 M 10
2543 6643 2 5 26 O 30
6643 9377 2 3 13 M 20
9377 12449 2 3 13 O 20
12449 24409 2 1 4 O 10
24409 9380 2 6 28 O 20
9380 9381 2 4 17 O 30
9381 5522 2 6 28 O 10
9383 25619 2 7 36 M 30
25619 9384 2 5 25 O 30
9377 9372 2 8 40 M 30
9379 9374 2 8 42 O 30
9380 9378 2 3 12 O 10
9378 9375 2 7 36 O 30
9381 9389 2 22 119 O 20
9378 9379 2 3 12 M 20
9379 9376 2 8 41 O 30
9376 9374 2 2 9 O 30
9374 9373 2 4 17 O 10
9398 9395 2 3 16 O 20
9395 9397 2 5 27 O 20
9397 6114 2 10 55 O 10
6114 9730 2 5 24 O 10
9400 28144 2 6 33 O 20
28144 9393 2 7 34 O 20
9483 26358 2 7 34 O 10
26358 26360 2 2 11 O 20
26360 9398 2 10 51 M 20
9227 22374 2 14 73 M 20
12463 9399 1 16 89 O 20
9406 9404 2 8 42 O 10
9404 30149 2 34 185 M 10
9160 20481 1 29 158 O 10
9154 9410 1 34 188 O 10
20265 19338 2 6 29 O 20
19338 9401 2 5 25 O 20
9408 9402 1 32 174 O 30
9402 27125 2 6 33 O 10
27125 902 2 4 21 O 10
902 900 2 1 6 O 10
900 9437 2 4 17 O 20
9437 27127 2 11 56 M 30
27127 27049 2 6 30 O 30
27049 9164 2 13 67 O 10
9164 934 2 1 5 O 20
9409 3962 2 11 58 O 10
3962 9412 2 13 68 O 20
9432 27051 2 41 225 O 10
27051 9420 2 11 56 M 20
9256 27396 1 6 29 O 10
27396 27394 1 4 19 O 10
27394 27392 1 4 21 O 10
27392 27378 1 7 38 O 30
27378 27404 1 1 2 M 20
27404 27390 1 1 4 O 10
27390 27388 1 4 22 O 10
27388 27385 1 9 47 O 10
27385 27400 1 1 2 O 10
27400 27152 1 11 60 O 30
27152 9426 1 3 13 O 10
9435 27179 1 5 23 O 20
27179 13363 1 2 9 O 10
13363 27158 1 3 12 O 30
27158 27160 1 1 5 O 10
27160 27162 1 5 27 O 10
27162 27164 1 4 19 M 20
27164 27166 1 1 3 O 10
27166 9422 1 4 21 O 20
9437 27204 2 8 44 O 20
27204 19332 2 2 10 M 30
19332 27206 2 9 49 O 30
27206 19329 2 4 17 O 20
19329 27531 2 2 8 O 10
27531 9433 2 8 43 O 10
9436 9430 2 14 73 O 20
12917 27217 2 7 37 O 20
27217 27229 2 1 4 M 20
27229 27231 2 4 18 O 20
27231 27292 2 7 36 O 30
27292 19294 2 7 34 O 20
19294 27233 2 2 6 O 30
27233 27122 2 2 8 O 10
27122 27235 2 7 34 O 10
27235 27237 2 4 22 O 20
27237 9428 2 1 4 M 10
9428 27239 2 4 20 O 10
27239 27241 2 4 20 O 10
27241 27243 2 2 7 O 20
27243 27303 2 5 24 O 30
27303 27279 2 1 3 O 30
27279 8473 2 6 30 O 20
9163 27076 2 6 33 O 30
27076 27078 2 2 6 M 10
27078 13359 2 8 39 M 10
13359 27080 2 7 34 O 20
27080 27082 2 2 7 O 10
27082 19340 2 8 44 O 10
19340 27084 2 4 19 O 20
27084 27086 2 5 22 O 20
27086 27050 2 5 23 O 30
27050 27088 2 6 31 O 10
27088 27094 2 1 3 O 30
27094 9417 2 4 22 M 30
23235 10823 1 8 40 O 30
10823 9210 1 15 79 O 30
9427 27422 1 5 26 M 20
27422 27420 1 8 41 O 30
27420 27369 1 6 30 M 30
27369 27418 1 1 3 O 30
27418 27412 1 2 6 O 20
27412 27416 1 7 35 O 20
27416 27414 1 1 4 O 10
27414 9148 1 3 15 O 20
9429 27509 1 7 35 M 30
27509 27133 1 1 2 O 20
27133 27154 1 1 3 M 20
27154 27135 1 4 19 O 20
27135 27177 1 3 16 O 20
27177 9435 1 8 43 O 20
9435 27137 1 3 14 O 10
27137 27139 1 9 45 O 20
27139 27141 1 2 10 O 20
27141 9424 1 1 3 O 20
9424 27143 1 4 18 M 10
27143 9432 1 6 30 M 10
9414 8983 1 17 91 O 20
8983 20185 1 6 33 O 30
20185 23393 1 25 137 O 30
10822 7831 2 6 33 O 20
7831 10820 2 4 22 M 20
10820 23889 2 3 16 O 20
23889 2101 2 17 93 O 30
2101 26496 2 2 6 O 10
9433 9419 1 17 90 M 20
9415 19350 2 1 4 O 30
19350 19341 2 12 65 O 10
19341 16580 2 2 10 O 30
9434 9416 1 49 268 O 20
26495 9440 2 6 32 O 20
22903 17439 2 7 39 O 30
17439 10830 2 14 75 O 20
10830 18877 2 8 40 O 20
18877 21254 2 15 80 O 10
21254 10829 2 4 21 O 10
10829 14232 2 5 27 O 20
14232 18878 2 8 41 O 20
9444 10827 2 8 39 O 20
27036 19307 2 9 47 O 10
9441 9442 2 25 134 O 10
9438 9423 1 5 25 O 30
14950 9095 2 16 88 O 30
9095 26218 2 7 36 O 20
26218 11575 2 9 45 O 20
9445 9438 2 9 47 O 30
9446 9155 2 5 27 M 10
9155 25104 2 1 5 O 30
25104 9157 2 4 18 O 20
26199 26197 1 16 83 O 10
26197 26203 1 14 75 O 20
26203 24995 1 7 37 O 30
24995 7636 1 1 4 O 20
7636 7637 1 3 12 O 10
7637 20180 1 6 28 O 20
8694 9447 2 4 19 O 20
9447 18549 2 6 33 O 20
18549 8695 2 22 120 O 30
9454 9453 2 7 37 O 30
9453 9452 2 3 13 O 10
9452 29663 2 1 3 O 10
21294 18784 2 3 13 O 10
9461 9462 2 17 90 O 30
9460 26741 2 6 31 O 20
9457 9491 2 13 70 O 30
9491 9461 2 4 19 M 20
9461 14578 2 8 44 O 30
14420 9460 2 3 12 O 20
9460 22341 2 5 22 O 10
22341 9459 2 5 26 O 30
9459 9457 2 2 10 M 10
9457 22344 2 7 34 O 10
22344 9456 2 6 32 O 10
22332 3687 2 8 39 M 20
9465 541 1 4 17 O 10
541 538 1 2 6 O 30
538 536 1 4 18 O 10
536 534 1 4 17 O 20
534 532 1 3 16 O 30
532 530 1 3 16 O 30
530 528 1 4 18 O 20
528 526 1 4 17 O 10
526 12470 1 2 6 O 20
18437 9792 2 4 18 O 30
9792 2257 2 16 85 O 30
2257 18678 2 14 76 O 10
18678 20301 2 3 13 O 10
20301 288 2 19 106 O 30
288 434 2 3 13 O 10
434 11017 2 4 18 M 20
11017 301 2 2 9 M 30
301 19887 2 3 11 O 20
19887 20302 2 7 34 O 30
20302 19870 2 3 15 O 20
11795 9473 1 8 41 M 30
21627 9474 1 7 37 O 10
9480 9481 2 12 63 O 10
9485 3227 2 68 377 O 10
3227 3226 2 9 49 O 10
3226 12239 2 24 133 O 30
9485 8385 2 115 636 M 10
11498 10122 2 4 17 O 30
9484 8222 2 6 31 O 30
9484 6028 2 36 197 M 30
6038 9630 2 7 36 M 10
9495 12850 1 24 130 O 20
12850 12851 1 22 122 O 20
12851 18778 1 21 115 O 30
18778 8920 1 2 7 O 10
9491 9490 2 9 45 M 20
9490 9489 2 3 13 O 10
14578 971 2 5 23 M 30
9462 9494 2 10 55 O 20
9489 9487 2 6 29 O 30
9489 9488 2 8 40 O 20
9490 9492 2 15 83 O 20
9498 9497 1 31 168 O 20
12214 12216 2 52 284 M 30
1460 11729 2 27 146 O 30
11729 9503 2 32 175 O 30
16548 11213 2 5 22 M 30
11213 9502 2 3 12 O 30
9502 11206 2 34 186 O 30
9507 11031 2 21 117 O 10
9504 28170 2 3 15 O 10
28170 25988 2 3 11 O 20
25988 9505 2 2 11 O 10
9510 5484 2 13 67 O 20
4349 4347 1 47 259 O 20
11272 11273 1 23 125 O 20
11270 190 1 19 103 O 30
8504 8503 1 32 177 O 30
11271 11272 1 134 741 O 20
9511 8684 1 65 357 O 10
14689 28479 1 125 691 O 20
4351 8817 1 30 164 O 20
23015 11343 1 42 232 M 10
21205 11331 1 51 281 O 30
20145 11332 1 32 175 M 10
20082 20083 1 24 131 O 20
4371 20072 1 37 203 O 30
27581 18946 2 19 102 M 20
9515 9514 2 7 35 O 10
9516 9517 2 7 36 O 10
9518 16362 2 6 31 O 10
743 9520 2 18 97 O 10
9521 9519 2 12 67 O 20
9519 29759 2 10 55 O 10
11721 13708 2 11 60 M 20
13708 11512 2 19 100 O 10
11512 6562 2 36 195 M 20
24333 24332 1 3 11 M 10
4003 4004 2 5 23 M 20
8702 8479 2 8 41 O 20
9531 9528 2 7 36 O 30
9528 9529 2 12 62 O 20
9534 25297 2 1 2 M 30
25297 9535 2 2 7 O 20
9535 9538 2 6 33 O 10
9535 9528 2 9 45 O 30
9541 9542 2 4 17 M 20
9537 9536 2 3 13 O 20
9532 9529 2 4 20 O 20
9529 9527 2 4 19 O 20
25297 9531 2 6 29 O 20
9531 17038 2 5 27 M 20
17038 17039 2 2 9 O 20
9538 9532 2 11 61 O 30
9532 9533 2 6 32 M 10
8462 1037 2 17 90 O 10
1037 23247 2 21 116 O 10
20614 18861 2 21 112 O 20
18861 21439 2 3 12 M 20
27756 9544 2 5 27 O 10
9544 6826 2 21 114 O 20
6826 6790 2 5 27 O 10
8563 8943 1 6 30 O 10
8661 8667 2 57 315 O 10
8667 8507 2 33 182 M 10
8507 8506 2 33 182 O 30
12842 10465 2 17 94 O 10
10465 8556 2 15 81 O 20
8556 9052 2 11 59 O 10
9052 8557 2 15 82 M 30
670 23527 2 7 37 O 10
9546 9545 2 9 47 M 30
30165 20912 2 5 25 M 10
9549 24071 2 13 72 O 20
24071 24072 2 4 21 O 30
24072 18097 2 6 30 O 30
18097 24520 2 9 45 O 10
24520 24543 2 2 9 O 10
24543 16506 2 14 77 O 30
16506 9548 2 10 52 O 10
9548 22070 2 3 14 O 20
9551 11473 2 33 178 M 10
9550 9551 2 3 15 O 30
22071 24617 2 6 30 O 30
24617 9552 2 1 1 O 20
9552 24059 2 7 38 O 20
24059 24670 2 7 37 O 20
24670 18086 2 25 137 O 30
18086 24619 2 2 7 O 30
24619 18087 2 2 6 O 30
18087 18089 2 5 25 O 10
18089 18091 2 10 52 O 20
18091 18090 2 28 150 M 30
18090 10340 2 8 40 O 20
10340 10468 2 22 121 O 30
9556 1568 2 4 21 O 20
1568 1578 2 28 155 O 10
1578 15317 2 53 294 O 10
15317 1581 2 27 144 O 30
1581 20350 2 20 109 M 30
20350 7606 2 43 235 O 10
7606 9555 2 9 44 O 30
9555 6409 2 1 4 O 30
20079 20785 1 34 186 M 20
9560 9559 2 3 15 O 10
9559 9558 2 12 64 O 30
9558 13859 2 5 24 O 30
13859 20785 2 8 41 O 10
9558 9561 2 16 85 O 30
9562 6435 2 19 101 O 30
9571 9569 2 13 72 O 20
9569 9572 2 31 167 M 20
1282 9575 2 18 95 O 30
9565 9570 2 19 101 M 30
9564 9568 2 13 70 O 30
14206 14204 2 6 29 O 20
14469 9563 2 19 103 O 10
14748 9566 2 33 180 M 10
9559 9573 2 4 18 O 20
9576 6030 2 32 177 O 30
9578 9580 2 17 93 O 10
9580 9581 2 26 143 M 10
9581 9578 2 43 236 O 30
9820 13663 2 1 5 O 30
13663 16221 2 7 39 M 30
16221 20165 2 32 177 O 20
20165 9585 2 17 89 O 20
261 9588 2 15 80 O 30
250 19915 2 19 105 O 10
9598 9592 2 10 51 O 10
9594 8342 2 7 36 O 20
8342 9595 2 8 42 O 30
9591 9599 2 15 83 O 10
8345 9597 2 6 31 O 10
16532 9601 2 59 327 O 10
16446 10918 2 13 67 O 10
10918 16722 2 4 19 M 30
16722 7884 2 12 61 O 20
7884 7882 2 9 48 M 20
7882 16723 2 5 24 M 30
16723 12074 2 7 38 O 30
12074 16734 2 14 77 M 20
16734 12075 2 3 13 O 20
12075 16724 2 5 23 O 30
16724 11122 2 16 88 M 20
11122 17522 2 9 45 O 20
17522 11121 2 12 66 O 20
11121 15406 2 24 130 M 30
15406 15404 2 15 78 O 20
15404 11123 2 5 24 O 30
8313 8314 2 3 12 O 10
8279 19702 2 7 39 O 30
19702 9603 2 5 26 O 20
9603 8285 2 10 55 O 10
8285 8312 2 14 75 O 20
8312 8313 2 14 75 O 30
9607 12609 2 13 72 O 30
9609 9611 2 13 69 O 20
9611 9610 2 21 111 O 10
9610 7732 2 10 51 O 20
24401 9610 2 3 12 O 20
9611 1865 1 28 151 O 30
1865 3424 1 2 11 O 20
3424 5306 1 2 9 O 20
10790 9614 2 37 205 O 20
10805 10793 2 37 202 O 10
10793 9615 2 3 15 O 10
9615 10396 2 21 115 M 20
10396 10792 2 7 36 O 20
10792 23846 2 15 79 O 30
23846 14142 2 6 30 O 10
14142 10791 2 4 21 O 30
10791 14139 2 6 33 O 20
14139 11221 2 5 24 O 20
11221 14137 2 5 27 O 30
14137 14133 2 10 51 O 10
14133 10280 2 8 40 O 30
24347 23887 2 14 77 O 10
23887 24346 2 21 116 O 30
24346 10401 2 2 9 O 20
10401 10795 2 3 15 O 10
10795 10399 2 3 13 O 10
10399 10398 2 5 25 M 10
10398 10794 2 7 38 O 20
10794 10402 2 7 36 M 10
10402 10393 2 6 31 O 10
21083 24624 1 5 28 O 10
21084 11340 1 59 324 O 30
1763 18623 1 72 399 O 20
20057 20058 1 32 174 O 10
9618 9619 2 14 77 M 30
11962 20032 1 12 64 O 10
12674 26913 1 11 59 O 30
26913 20910 1 6 31 O 10
23137 26915 1 12 64 O 20
9623 9621 2 6 32 M 30
9621 9622 2 4 18 M 20
9622 10176 2 9 49 O 10
9626 9625 2 25 137 O 30
9625 13374 2 6 33 M 30
13374 9624 2 3 13 O 20
9627 9625 2 6 31 O 10
9628 9629 2 6 29 M 30
9629 13374 2 26 141 M 30
9622 9629 2 28 150 O 10
9621 10864 2 4 20 O 20
9633 9636 2 5 26 O 10
9636 9632 2 11 57 O 30
9632 9631 2 7 37 O 10
9634 9632 2 6 33 O 10
28621 28618 2 4 21 O 20
28618 9637 2 2 6 O 20
9637 21753 2 18 99 M 20
28622 28623 2 10 52 M 30
28623 9638 2 5 23 M 30
9638 28622 2 2 9 O 30
28622 9637 2 3 16 M 10
9641 9639 2 10 54 O 10
9639 21758 2 8 39 O 30
23415 9150 2 3 13 O 20
9150 16853 2 9 50 O 20
16853 19198 2 2 6 O 30
11618 9846 2 12 62 O 20
25295 25294 2 1 5 O 20
25294 11586 2 11 56 M 30
11618 18791 2 13 68 M 10
18791 11607 2 4 21 O 20
11607 11588 2 12 63 O 10
11551 14441 2 18 96 O 30
11608 11619 2 5 28 O 10
11619 11606 2 14 77 M 20
11606 11607 2 16 85 O 10
9654 9653 2 16 83 O 30
9347 9659 2 4 22 O 20
9347 5659 2 9 47 O 20
9345 9660 2 11 59 O 20
9642 9656 2 9 47 O 20
9657 20985 2 14 76 O 10
15909 22805 1 4 18 O 10
22805 24491 1 10 53 O 30
24491 8557 1 16 84 O 10
8772 20380 2 27 144 O 10
20380 20382 2 9 47 O 20
20382 21769 2 5 27 O 20
21769 9894 2 9 47 O 10
9894 9895 2 27 145 O 10
9683 9677 2 14 75 O 10
9677 9678 2 13 69 M 20
9681 4609 2 14 77 M 30
4609 9678 2 3 12 O 30
9678 1560 2 21 115 O 30
1560 14470 2 4 19 O 20
23928 9681 2 14 74 O 20
9681 9682 2 3 16 O 30
8727 28465 2 4 22 O 10
28465 9680 2 1 3 O 20
9680 9679 2 11 57 M 10
4364 12236 1 37 203 O 20
6482 11301 1 17 94 O 30
8558 11615 2 3 13 O 20
11615 11617 2 10 52 O 30
11617 22363 2 18 96 O 20
22363 8550 2 2 11 M 10
8549 18777 2 21 112 O 10
18777 22418 2 11 56 O 10
9685 9684 2 2 8 O 10
23464 9687 2 1 2 O 30
9687 13396 2 16 84 O 20
18859 13865 2 22 117 O 30
13865 22663 2 6 32 O 30
22663 13862 2 2 6 M 30
13862 19199 2 10 51 O 10
23619 26244 2 7 38 M 10
26244 9198 2 4 18 O 30
9692 10944 2 2 7 O 10
20304 13763 1 16 83 O 10
13763 9691 1 5 25 M 30
11949 710 2 44 244 O 30
710 11948 2 14 76 O 20
11948 18078 2 20 107 O 30
18078 723 2 9 49 O 20
723 10933 2 17 90 O 20
9697 9695 2 17 91 O 10
9695 9696 2 21 115 O 30
9694 9695 2 11 59 O 20
9701 21763 1 10 55 O 10
105 8458 2 9 49 O 20
8458 343 2 8 41 O 30
343 341 2 8 40 O 20
341 8457 2 9 46 O 10
9478 6539 2 2 10 O 30
6539 8453 2 7 36 O 20
8453 16494 2 10 51 O 10
16494 18468 2 3 14 O 10
18468 18470 2 2 8 O 10
18470 30254 2 2 10 O 20
30254 18469 2 2 10 M 20
18469 8454 2 6 32 M 20
8454 18465 2 11 59 O 10
18465 22933 2 1 3 O 10
12831 1267 2 22 119 O 30
19196 9703 1 6 29 O 10
9703 21706 1 2 7 M 10
11481 5821 1 8 40 O 20
5821 9711 1 3 12 O 30
9711 14659 1 28 151 O 30
14659 14685 1 8 42 O 30
14685 5827 1 10 55 O 30
5827 14681 1 3 15 O 10
14681 4345 1 44 242 O 20
9722 9723 1 8 43 O 10
9723 19000 1 7 38 M 20
19000 6318 1 8 43 O 30
6318 9724 1 10 53 M 30
9727 5706 1 15 81 M 20
9719 9718 1 4 21 O 20
9718 21743 1 2 7 O 20
9717 9712 2 14 78 O 20
9712 9714 2 6 30 O 30
9711 9710 1 13 71 O 30
9710 9709 1 15 80 O 30
9709 5820 1 3 16 O 30
5820 14684 1 3 12 O 20
14684 10749 1 10 53 O 10
10749 4344 1 11 57 O 20
9718 9717 1 6 32 M 10
9726 11894 1 7 36 O 10
11894 19004 1 8 42 O 10
19004 5379 1 6 30 O 10
5379 9725 1 12 66 O 30
9712 9713 2 22 119 O 30
8660 9728 1 12 66 O 10
9728 20034 1 6 28 M 20
9738 7185 2 6 33 O 10
7185 9737 2 13 67 M 30
9740 9739 1 10 53 O 20
15917 9743 2 7 35 O 30
9743 9741 2 44 244 O 30
9741 9893 2 4 21 O 10
9741 14046 2 18 96 O 30
21296 15921 2 17 91 O 10
9743 9742 2 17 92 O 20
9742 15917 2 11 58 M 20
9762 2160 2 21 114 O 30
9751 26745 2 5 24 O 20
9747 9745 2 6 29 O 20
9755 1389 2 4 18 O 20
9748 9752 2 10 53 O 20
9750 9753 2 5 24 O 20
9753 9756 2 5 24 O 10
9756 9759 2 5 27 O 20
9746 9754 2 15 79 O 10
9753 3788 2 13 70 M 20
9754 9755 2 5 23 O 20
9755 9757 2 9 46 O 30
9744 9747 2 7 36 O 20
9747 9748 2 3 16 O 10
9748 9749 2 6 29 O 10
9759 9758 2 6 32 O 10
9758 9756 2 11 57 O 20
15906 15907 1 26 142 O 10
9763 9764 2 5 23 O 30
9765 24490 2 15 78 M 30
24490 7724 2 10 54 O 30
21555 21556 2 14 76 O 10
9767 26403 2 6 29 O 30
26403 8363 2 13 68 O 20
8363 16863 2 35 194 O 10
16863 15849 2 18 100 O 30
15849 12425 2 25 139 O 10
12425 19085 2 25 137 M 30
9770 9769 1 4 17 O 10
9769 19090 1 2 7 M 30
19090 9767 1 2 10 M 20
9767 9768 1 4 18 M 10
9771 3518 2 11 57 O 20
13949 10938 1 14 77 O 10
9772 3538 1 17 94 O 30
3538 3537 1 20 106 O 20
3537 9772 1 6 33 O 10
9773 9774 2 46 252 O 10
9775 19825 2 41 223 O 10
19825 9776 2 4 22 O 10
8550 18765 1 22 120 O 20
18768 15915 1 14 77 O 30
15915 23686 1 13 71 O 30
23686 15914 1 10 55 O 30
18773 18764 2 20 109 M 20
18764 18763 2 19 101 O 10
18763 10465 2 21 115 M 10
22803 8699 2 13 67 O 20
8699 15907 2 14 72 O 20
15907 15911 2 7 36 O 20
15911 15908 2 4 19 M 30
15908 15912 2 11 58 O 30
15912 9369 2 1 3 M 20
8550 8562 1 27 149 O 10
9866 9865 2 20 110 M 10
9783 28236 2 40 219 O 10
28236 28237 2 7 35 O 30
28237 28239 2 6 32 O 30
28239 12273 2 16 85 O 20
12273 12272 2 14 73 M 30
12272 21875 2 10 52 O 10
21875 7423 2 26 141 O 30
9779 9780 2 31 168 O 20
9780 5577 2 26 141 O 10
5577 9784 2 4 19 O 30
9784 28343 2 2 6 O 30
9785 9780 2 63 347 M 30
9782 30068 2 25 136 O 20
30068 9781 2 3 16 M 30
9781 28050 2 2 6 M 10
9789 9786 2 9 47 O 30
9790 11794 2 32 175 O 10
8959 13472 2 63 346 O 30
3687 16136 1 18 97 M 20
16136 21967 1 6 32 O 10
21967 8811 1 16 85 O 30
16136 16139 2 10 53 O 20
11377 8673 1 22 118 M 30
20078 9766 2 21 115 M 10
9766 16357 1 8 41 M 30
16357 20079 1 15 79 O 30
13781 13780 1 10 52 O 30
13780 2736 1 35 191 O 30
21373 13764 2 38 207 O 30
13764 18645 2 2 10 O 20
14917 27986 2 16 88 O 10
27986 275 2 18 97 O 20
275 28127 2 2 11 M 20
28127 273 2 3 11 O 10
273 28130 2 2 9 O 10
28130 277 2 4 18 M 10
277 28124 2 2 11 O 30
28124 279 2 3 13 O 20
279 28121 2 2 8 O 10
28121 9792 2 18 96 O 10
23278 18647 1 9 47 O 10
9795 9796 2 15 78 O 30
9797 9800 2 17 94 O 30
9798 25889 2 20 109 M 20
25889 25891 2 25 137 O 30
28229 28238 2 5 27 O 30
28238 9804 2 28 151 O 30
9804 28223 2 17 89 M 30
28223 7423 2 27 147 O 10
7423 28228 2 3 14 O 10
9808 27706 2 21 117 O 10
9809 1832 2 7 34 O 20
1832 1834 2 13 68 O 30
1834 28705 2 6 28 O 20
11609 25295 2 10 55 M 20
11766 9825 2 24 129 O 20
18648 9827 1 5 26 O 30
9259 13877 2 3 15 O 30
15037 19236 2 15 81 O 20
5529 21096 1 8 44 O 20
21096 22972 1 2 9 O 20
22972 21097 1 5 23 O 30
194 9838 2 11 58 O 30
9838 20465 2 2 6 O 10
20465 9840 2 5 23 M 10
9840 26174 2 5 25 M 20
26174 9839 2 5 27 O 10
20463 20462 2 9 49 M 20
20462 20464 2 4 17 M 10
20464 7631 2 3 13 O 10
7631 9840 2 4 19 M 20
9841 11086 2 12 66 O 10
9844 9845 2 9 46 O 20
9842 11753 2 11 61 O 10
9851 28557 2 8 42 O 10
28557 9850 2 4 19 O 30
9850 9852 2 9 50 O 10
9644 9848 2 6 33 O 30
9674 9673 2 3 13 O 10
9673 1397 2 99 547 O 30
1397 10921 2 6 29 O 20
9846 9847 2 4 19 O 10
5812 3550 2 7 36 M 20
3550 28442 2 4 21 O 20
28442 18328 2 5 23 O 30
9858 9854 2 38 210 M 10
10370 9860 2 14 73 O 20
9860 494 2 4 21 O 30
9856 9861 2 71 394 O 10
9861 16816 2 2 11 O 30
16816 9856 2 12 62 M 20
9856 9859 2 17 92 M 20
9348 7652 1 12 65 O 30
12150 14313 2 14 73 O 10
9874 9873 2 8 40 O 30
9876 9878 2 20 110 O 20
9882 8485 2 11 61 O 10
9886 9885 2 20 109 M 20
15359 9898 2 14 74 O 10
4004 9899 1 20 107 O 30
9899 2200 1 9 46 M 20
9901 7723 2 3 15 M 30
9902 9903 2 7 35 O 30
22407 9907 2 7 34 O 10
9906 9905 2 11 58 O 10
26006 12783 1 25 135 O 30
19730 9913 1 51 282 O 20
29238 16630 2 10 54 O 20
9910 12251 2 6 30 M 30
9912 19721 2 35 194 O 10
9926 12167 2 30 163 O 10
12167 12166 2 2 11 M 10
12166 9916 2 19 106 M 10
9916 9921 2 15 82 O 30
9921 9936 2 10 52 O 20
9915 9914 2 43 236 O 30
9914 28109 2 2 11 O 10
12187 12190 2 13 70 M 20
12190 16271 2 6 33 O 10
16271 9939 2 9 48 O 10
9939 9934 2 10 51 O 10
9934 9925 2 7 37 O 20
9925 9920 2 2 7 O 20
9920 23700 2 2 9 O 10
23700 9933 2 3 15 O 30
9933 9923 2 40 220 O 10
9923 9917 2 6 32 O 30
9917 9919 2 6 29 O 30
9919 16631 2 61 337 O 20
9927 9928 2 5 26 O 10
9928 10911 2 25 133 O 10
10911 11050 2 8 43 O 10
11050 11051 2 4 19 O 30
11051 8595 2 12 62 O 30
9917 19215 2 8 40 M 10
9916 16436 2 70 388 O 20
9934 9918 2 19 105 O 10
9938 19216 2 24 132 O 20
9920 9918 2 19 103 O 30
9918 23770 2 59 323 O 20
23770 23769 2 12 63 O 10
23769 12230 2 3 15 O 10
12230 9929 2 3 13 O 30
9937 12186 2 36 197 M 30
9935 9931 2 16 87 M 10
9931 9932 2 11 57 O 30
9932 22439 2 16 85 O 30
9914 9921 2 15 82 O 10
22415 9923 2 29 157 O 10
9930 9931 2 10 55 O 30
9942 9941 2 24 131 O 10
9943 9939 2 24 132 M 10
16268 12197 2 19 103 M 10
12197 9925 2 2 9 O 20
8184 23699 2 1 5 M 20
23699 12188 2 1 5 O 10
12188 23694 2 4 22 M 10
23694 23778 2 12 63 M 10
23778 3903 2 5 25 O 20
3903 3901 2 8 41 O 10
3901 21921 2 1 4 M 10
21921 9940 2 1 4 O 10
9940 16276 2 11 56 O 30
16276 9941 2 4 17 O 30
9941 12198 2 2 11 O 10
12198 9925 2 8 40 O 30
16436 11081 2 10 55 O 20
9927 19707 2 50 273 O 20
9936 12165 2 6 33 O 20
22413 12199 2 35 192 O 30
12199 9933 2 31 168 M 20
9883 9884 1 5 25 O 10
9884 811 1 4 18 O 10
811 13672 1 7 37 O 10
9944 18240 2 42 231 O 20
18240 18241 2 21 116 M 20
18241 17016 2 22 121 O 30
6564 10739 2 47 257 O 30
10739 11938 2 7 34 O 30
14581 14580 2 28 153 O 10
9952 9953 2 4 21 O 10
19020 12806 1 14 73 O 20
9951 15029 2 7 39 O 10
15029 9954 2 5 26 M 20
9954 2575 2 8 43 M 10
2575 15028 2 2 8 O 10
9958 29988 2 13 68 M 30
29988 29990 2 1 3 O 20
29990 9960 2 9 50 O 30
30211 18044 2 35 189 O 20
10412 9966 2 2 10 O 10
9966 9965 2 31 167 O 10
9968 19839 2 24 129 O 10
22899 29788 2 3 16 M 30
29788 29783 2 1 4 O 20
29783 29781 2 1 3 O 10
29781 29790 2 1 5 O 30
29790 29785 2 17 93 O 20
29785 25076 2 5 24 O 30
25076 9972 2 32 176 O 10
9972 29779 2 5 26 O 20
29779 29771 2 1 2 O 30
29771 29777 2 2 7 M 20
29777 29773 2 3 14 M 30
29773 29775 2 1 2 O 20
29775 9971 2 18 99 O 10
9972 9969 2 11 59 O 10
9969 29769 2 23 128 O 20
29769 29767 2 18 96 O 30
29767 29765 2 8 42 O 30
29765 9970 2 8 40 O 20
9979 9976 2 33 180 O 30
9978 9982 2 27 145 O 20
9975 9985 2 27 145 O 30
9981 25911 2 28 151 O 20
25911 25909 2 8 43 O 30
25909 9983 2 1 5 O 10
21190 9984 2 29 160 O 10
9977 9973 2 21 114 O 20
9974 9980 2 26 144 M 10
9988 14782 2 8 42 O 10
14782 14779 2 12 62 M 20
9988 20454 2 4 17 O 20
20454 9986 2 26 142 M 20
23820 23821 1 2 8 O 10
9991 9990 2 6 30 M 20
9993 9992 2 6 30 O 30
9995 9994 2 6 30 M 30
9996 9997 2 6 30 O 20
9998 9999 2 6 30 O 10
21115 10000 2 4 17 O 10
10000 5228 2 16 88 O 20
5228 10002 2 3 16 O 30
21363 10003 2 20 110 M 20
10004 10008 2 12 66 O 20
10008 10009 2 18 97 O 30
10009 25818 2 1 5 O 20
25818 8179 2 25 136 O 10
8179 10010 2 1 3 O 20
10008 10013 2 13 67 O 10
10013 10015 2 6 31 O 20
10015 10009 2 10 55 M 20
10009 10006 2 16 88 O 20
10013 10014 2 15 82 M 30
10015 10016 2 10 54 O 10
10016 10017 2 13 69 O 10
10017 30255 2 2 11 O 10
30255 10016 2 2 11 O 30
10017 10018 2 10 54 O 10
10019 5229 2 17 90 M 30
5076 10056 2 2 11 M 30
10056 27015 2 10 50 O 10
10867 10029 2 7 38 O 20
10030 10031 2 7 34 O 30
10032 10033 2 6 30 M 30
21126 10034 2 5 25 O 30
10035 10036 2 4 18 O 20
10042 17761 2 3 14 O 20
17761 10043 2 16 88 O 10
10045 10046 2 10 51 O 30
10044 10047 2 18 99 O 20
9034 10048 2 24 130 O 10
10049 10050 2 20 108 M 30
10050 18422 2 43 237 O 10
21354 10044 2 8 40 O 10
10044 21261 2 13 72 O 10
10039 10051 2 29 159 O 30
10051 10052 2 7 35 M 10
10052 10053 2 16 88 O 20
10051 10054 2 9 49 M 10
10052 10055 2 7 36 M 30
10059 10026 2 15 79 M 20
10026 10060 2 2 11 O 20
10061 10062 2 8 39 O 20
10062 18416 2 29 157 O 30
10067 5208 2 4 20 M 10
10070 10071 2 13 70 O 10
10074 10075 2 11 57 O 10
10075 10076 2 5 25 O 20
10075 10077 2 5 25 O 30
22886 10082 2 10 53 O 10
10084 10085 2 12 61 O 10
10086 10169 2 20 110 O 30
10169 10215 2 7 37 O 10
10215 10223 2 4 19 O 10
10223 10090 2 19 100 O 20
10108 10109 2 5 25 O 20
10093 17452 2 3 12 O 20
17452 13887 2 14 77 O 20
13887 17456 2 2 7 O 10
17456 10020 2 4 19 O 20
10020 10019 2 3 12 O 10
10019 17455 2 2 8 M 30
17455 17454 2 4 20 O 20
17454 17450 2 3 12 O 10
10736 3183 2 6 29 O 20
3183 3184 2 5 27 M 20
3184 10108 2 12 63 M 10
10108 21141 2 13 69 M 10
21141 10107 2 8 42 O 30
10107 10067 2 6 32 O 10
10067 17465 2 16 86 O 30
10111 5237 2 7 35 O 30
5237 10112 2 7 36 O 30
10114 10113 2 15 80 O 20
10113 10065 2 20 109 O 20
10115 16759 2 53 289 O 10
9215 7803 2 12 64 M 30
7803 28977 2 9 47 O 10
28977 21915 2 6 32 O 10
21915 7807 2 4 21 M 20
7807 7805 2 15 81 O 20
7805 10116 2 11 58 O 30
22547 28978 1 7 38 M 30
28978 28982 1 1 2 O 30
28982 28981 1 6 30 O 20
28981 10117 1 37 201 M 30
10119 9946 2 34 184 O 30
9945 10118 2 10 52 O 10
10118 22550 2 4 19 O 30
22550 10116 2 11 56 O 10
22544 22545 2 28 154 O 30
11480 6542 2 2 9 O 10
3725 10360 2 55 302 O 20
10360 21081 2 38 209 O 10
12496 10120 2 7 38 O 20
20058 14635 1 100 555 O 30
21089 21088 1 109 602 M 10
21088 11340 1 128 711 O 20
8656 8648 1 9 45 O 30
8650 8651 1 5 23 M 30
8647 22605 1 9 45 O 10
8649 8650 1 10 54 O 20
5456 8646 1 13 69 O 10
8646 8647 1 18 97 M 20
8645 5456 1 17 93 M 10
8589 8631 1 9 47 O 30
10127 10128 2 15 83 O 20
10129 10130 2 9 48 O 20
10131 10132 2 14 77 O 30
10142 10133 2 6 31 M 20
10133 10134 2 7 33 M 10
10135 10160 2 3 14 O 20
10137 10138 2 6 32 O 30
16100 10139 2 6 30 O 30
10140 10141 2 6 31 O 10
16099 10144 2 8 43 O 10
10144 10143 2 12 65 M 10
10144 10145 2 7 39 O 30
10146 10147 2 6 29 O 20
16098 10146 2 5 22 O 20
10146 10135 2 3 16 O 10
10135 16099 2 3 12 O 30
16099 10133 2 6 31 M 20
10133 10137 2 8 41 O 20
10137 10140 2 4 18 O 30
10140 16100 2 5 23 O 20
16100 14063 2 1 3 O 30
14063 16087 2 7 35 O 10
10149 10150 2 2 6 M 20
10150 10151 2 6 31 O 20
10150 25654 2 3 11 M 10
25654 10157 2 9 46 O 10
10157 10153 2 10 52 O 10
10153 11679 2 9 49 O 10
11679 10152 2 8 40 O 30
10153 10154 2 7 34 M 10
10155 14064 2 12 64 O 10
10156 14571 2 29 161 O 10
10158 10159 2 24 129 M 20
21195 4272 2 14 76 O 20
4272 4265 2 16 85 M 10
4265 4262 2 1 4 O 10
4262 21196 2 2 8 O 30
10160 10136 2 4 17 O 20
21055 10045 2 22 117 O 10
10045 6624 2 5 23 M 10
10092 29370 2 18 95 O 10
29370 20991 2 4 19 O 10
23303 24946 1 2 9 O 10
24946 23301 1 7 35 O 20
23301 16146 1 8 41 O 30
16146 16149 1 6 33 O 20
16149 17026 1 7 37 M 20
17026 29801 1 8 40 O 10
29801 29799 1 4 19 O 20
29799 29803 1 3 12 O 20
29803 21002 1 7 34 O 30
21002 17025 1 10 54 O 30
17025 17027 1 11 58 O 30
10162 10163 2 10 51 M 10
10164 10165 2 9 46 O 20
10166 10167 2 11 59 O 30
10168 10170 2 9 48 O 30
10170 10169 2 12 65 O 10
10170 10171 2 6 29 O 30
9337 5279 2 34 186 O 20
5279 5280 2 2 8 M 20
10174 10175 2 18 95 O 20
18416 28755 2 1 4 O 20
28755 18417 2 10 50 O 20
10178 10179 2 31 170 O 20
10180 10181 2 9 45 O 10
10182 10183 2 18 98 O 30
10014 10184 2 12 65 O 20
10186 10187 2 7 38 M 20
6466 10189 2 49 268 O 10
10189 10188 2 15 81 M 30
10196 10193 2 9 50 O 30
10193 13181 2 4 18 O 30
13181 20511 2 36 200 O 10
10193 10194 2 9 45 O 30
10190 10191 2 68 375 O 20
25809 14237 2 174 966 O 10
10199 10202 2 10 55 M 20
10206 10207 2 3 14 O 30
10207 10201 2 6 32 M 10
10204 10197 2 8 44 O 10
10200 3641 2 3 14 O 30
3641 10205 2 7 35 O 10
10203 10208 2 10 53 O 30
9035 10203 2 7 36 O 10
10203 10199 2 6 32 O 10
10199 10204 2 2 8 O 20
10204 10198 2 4 20 M 30
10209 18834 2 8 41 O 10
10212 10213 2 16 87 O 10
16563 10214 2 21 113 O 30
10215 10087 2 23 127 O 30
10217 10318 2 6 28 O 10
10218 10318 1 7 38 O 30
10318 10219 1 6 33 M 10
10220 6492 2 9 48 O 20
6492 10221 2 4 19 M 20
10089 10222 2 32 172 O 30
10223 29909 2 6 33 O 10
29909 29911 2 2 9 O 10
29911 10224 2 5 27 O 20
10169 10225 2 14 75 M 20
10467 10226 2 5 23 M 20
10227 24887 2 7 34 O 10
24887 10228 2 11 57 O 30
24640 10231 2 7 35 M 30
28712 21453 2 35 191 M 20
21453 10232 2 8 42 O 30
12817 10267 2 3 13 M 10
10267 10268 2 9 45 O 30
10268 10236 2 12 64 O 20
10236 24865 2 8 44 O 10
24865 10268 2 6 33 O 10
10250 10242 2 10 53 O 10
10242 14392 2 6 33 O 10
14392 14391 2 4 18 O 10
14391 11065 2 6 33 O 10
11065 10254 2 7 34 O 30
10254 24854 2 5 23 O 20
24854 14384 2 2 6 O 30
14384 10264 2 4 22 O 20
10264 24843 2 5 27 O 20
24843 14360 2 6 30 M 20
14360 24841 2 3 15 O 10
24841 10248 2 3 15 O 20
10248 14376 2 6 32 O 10
14376 10243 2 4 21 M 20
10267 10269 2 4 19 M 30
10269 16055 2 34 188 M 10
12815 10247 2 1 5 M 10
10247 10263 2 17 93 M 10
10263 10235 2 9 45 O 30
10235 20934 2 4 21 M 20
20934 10263 2 5 25 O 20
20931 24850 1 4 18 O 10
20926 25687 2 4 20 O 10
25687 10258 2 17 92 O 30
10258 20924 2 11 56 O 20
20924 20925 2 4 18 O 20
20925 10258 2 6 30 O 30
10255 10266 2 5 23 M 10
10266 20933 2 6 30 O 10
20933 20913 2 11 60 O 20
20913 12816 2 5 26 O 10
10260 10262 2 8 43 O 30
10262 10252 2 8 43 O 20
10252 12817 2 11 57 M 20
10244 10248 2 21 112 O 20
10237 10259 2 16 85 O 30
10259 10271 2 10 55 M 10
10271 10253 2 3 14 O 30
10253 10259 2 7 36 O 20
20922 14322 2 14 75 M 20
14322 14324 2 3 11 M 30
14324 10234 2 3 16 O 20
10234 10241 2 17 93 O 30
10265 10264 2 17 94 O 10
10256 10245 2 8 39 O 30
10245 10233 2 4 19 O 10
10233 10256 2 5 23 O 20
10257 10235 2 4 21 O 30
16059 24876 2 10 54 O 10
24876 10270 2 8 41 O 20
10247 10256 2 25 136 O 30
10261 10234 2 6 30 O 20
10246 10242 2 14 75 O 10
10266 20914 2 8 41 O 20
20914 10249 2 7 37 M 10
10249 10262 2 5 27 O 10
10269 10239 2 22 119 O 30
10239 10251 2 16 87 M 20
10251 16052 2 23 123 M 10
10277 10792 2 15 80 O 30
10279 14145 2 20 110 O 10
14145 14144 2 1 4 M 10
14144 10278 2 10 54 O 30
10278 10276 2 14 74 M 30
10276 14128 2 7 38 O 30
14128 22072 2 8 42 O 10
10275 10272 2 4 22 O 10
10272 14099 2 30 162 O 10
14099 14098 2 2 10 O 20
14098 22068 2 5 27 O 20
22068 14131 2 6 31 O 10
14131 14093 2 8 44 O 10
14093 18707 2 7 34 O 20
18707 14117 2 5 27 M 30
14117 14092 2 1 3 O 10
14092 14116 2 2 9 M 20
14116 14090 2 3 14 O 20
14090 14089 2 5 23 O 10
14089 22067 2 10 54 O 30
10280 22072 2 13 71 O 20
22072 14118 2 6 33 O 20
14118 10790 2 13 69 O 30
10790 10806 2 16 86 O 30
10806 14970 2 1 4 O 10
14970 14969 2 3 12 O 30
14969 14968 2 7 36 O 10
14968 10804 2 2 9 O 10
10804 14967 2 11 56 M 20
14967 14112 2 3 13 O 30
14112 14086 2 22 118 O 10
14086 14082 2 18 95 O 10
14082 14081 2 4 20 M 20
14081 14080 2 3 12 O 20
14080 14079 2 2 7 O 10
14079 10789 2 8 42 O 30
10281 10282 2 11 59 O 20
10283 10284 2 19 101 O 20
10040 10285 2 12 65 O 20
10038 5245 2 5 25 M 30
5245 10129 2 33 179 O 30
10129 10127 2 7 34 O 20
10127 10131 2 6 33 O 20
10131 10040 2 10 53 O 20
10040 502 2 10 53 O 20
502 28803 2 8 43 M 30
20928 24868 2 18 99 O 30
24868 10287 2 37 203 O 10
10287 10288 2 56 310 O 10
10289 10290 2 12 62 O 10
10291 10292 2 11 58 O 10
10293 10294 2 14 76 O 20
10295 10296 2 14 77 O 30
10297 10298 2 6 31 O 30
10299 10300 2 34 186 O 30
10301 10302 2 23 124 O 20
10304 16331 2 14 77 O 20
16075 10305 2 9 45 O 20
10306 10307 2 12 62 O 20
10311 10312 2 24 131 O 10
10314 10316 2 11 57 M 10
21009 13747 2 18 95 O 20
13747 10315 2 10 55 O 20
10316 10317 2 30 167 O 10
1315 1316 2 4 20 M 20
1316 1317 2 14 73 M 20
1317 12948 2 8 40 O 30
12948 6565 2 2 6 O 10
6565 12949 2 2 8 O 30
12949 1318 2 6 30 O 20
1318 1319 2 6 32 O 20
1319 13330 2 3 15 O 10
30187 12672 2 135 745 M 20
10320 10319 2 3 15 O 10
12672 11684 2 3 16 M 10
11684 13277 2 100 554 O 10
13277 10319 2 3 13 M 30
10323 10325 2 2 11 O 20
13407 10332 2 26 143 M 20
10333 10334 2 19 101 O 30
10336 10337 2 36 196 O 30
10340 10341 2 6 31 O 30
10010 10011 2 31 168 O 10
10011 8118 2 7 37 O 20
10348 10005 2 8 42 O 10
10350 10004 1 1 3 O 30
10004 28797 1 2 9 M 30
28797 28796 1 2 9 M 30
28796 10349 1 2 7 O 30
10349 10348 1 2 6 O 30
10348 10350 1 1 1 O 30
10326 10324 2 3 14 O 10
13035 6571 2 28 153 O 10
6571 6572 2 18 99 O 30
6572 1324 2 17 93 O 10
1324 6573 2 18 99 O 10
10353 1322 2 3 16 O 20
16014 3116 2 1 2 O 20
3116 29153 2 9 49 O 10
10354 10355 2 13 69 O 20
16018 17712 2 8 43 O 20
17712 10356 2 10 55 O 10
10358 10357 2 3 11 O 10
21613 10359 2 3 15 O 30
10359 21612 2 6 32 M 10
10360 10361 2 17 91 O 20
10366 26890 2 13 69 M 20
26890 10369 2 20 107 O 10
10369 11683 2 5 24 O 30
10368 10371 2 7 36 M 30
18212 10373 2 15 81 M 20
9212 13337 2 11 59 O 20
17025 10375 2 13 69 O 30
10376 22549 2 46 255 O 10
10378 10379 2 6 31 O 30
9451 27564 2 4 20 O 30
27564 27566 2 4 17 O 30
27566 27568 2 4 17 O 10
27568 27570 2 4 17 O 20
27570 10380 2 2 7 M 20
10382 10023 2 21 116 O 30
15392 10383 2 3 14 O 10
10385 10387 2 4 18 O 20
10387 10386 2 4 19 M 30
10387 28772 2 6 32 O 10
10391 5220 2 5 23 O 30
10794 10397 2 9 45 O 30
10398 3938 2 13 71 O 10
10399 10400 2 13 67 O 20
23887 10401 2 26 143 O 10
10402 7429 2 15 82 M 30
7429 10403 2 2 6 O 20
10794 10404 2 27 149 M 30
10405 10406 2 3 12 O 30
10406 5058 2 20 110 O 30
10861 4720 2 2 7 M 10
10037 10111 2 3 13 M 10
27013 10410 2 21 113 O 10
10393 10805 2 17 90 O 10
10062 10411 2 20 109 O 20
10414 10413 2 34 187 O 20
10413 10412 2 19 102 M 30
10413 10415 2 7 35 O 10
10415 21891 2 16 84 O 30
21825 21824 1 9 45 O 30
21824 10521 1 13 67 O 20
10521 29858 1 14 77 M 10
29858 29860 1 3 12 O 20
29860 21821 1 4 22 M 10
10219 21825 1 17 91 O 30
10421 10423 2 14 76 O 30
10424 10427 2 9 48 O 30
10427 23925 2 7 36 O 30
23925 10425 2 24 131 O 20
10425 10426 2 16 85 O 20
10427 10425 2 12 61 O 30
26150 10440 2 1 4 O 30
10440 10430 2 8 41 O 10
10430 10428 2 7 38 M 30
10429 10430 2 21 116 O 20
10431 10432 2 31 167 O 20
10435 7197 2 27 145 O 10
7197 7199 2 4 20 O 10
7199 10436 2 7 36 M 10
10436 7201 2 7 38 O 30
7201 10438 2 6 31 O 10
10438 26138 2 33 182 M 30
26139 13223 2 10 55 M 20
10439 10440 2 17 92 O 30
10432 10441 2 2 10 O 30
10441 19630 2 13 72 M 10
10435 16856 2 3 15 O 30
16856 19598 2 4 21 O 10
19598 19571 2 15 81 O 30
19571 19537 2 7 36 M 20
10441 10442 2 9 47 O 30
10444 10443 2 54 298 M 10
10445 10446 2 15 80 O 10
10451 24814 2 9 47 O 20
24814 6351 2 13 69 O 20
6351 24812 2 5 23 O 30
24812 6349 2 7 38 O 30
6349 24809 2 15 81 O 20
24809 24810 2 3 11 M 10
24810 24817 2 16 87 M 10
24817 10454 2 1 4 O 30
10454 10452 2 24 131 O 10
10452 10450 2 26 139 O 20
10452 10453 2 14 77 O 10
10454 10455 2 25 137 O 30
8913 16204 2 8 44 O 10
20840 20841 2 45 245 O 30
10456 10457 2 14 75 M 30
9948 10458 2 5 24 O 20
10458 18660 2 23 127 M 30
10458 12284 2 25 136 O 30
8325 12141 2 9 49 O 30
12141 10462 2 30 165 O 30
12254 12140 2 38 207 O 20
10318 10216 1 17 90 M 10
14362 10470 2 18 98 M 30
10473 10471 2 6 33 O 30
10474 21356 2 10 50 O 20
1453 12812 2 5 23 O 10
12812 12705 2 12 62 O 10
12705 10320 2 5 24 O 30
10477 29644 2 4 22 O 10
29644 29645 2 3 15 O 20
29645 10478 2 6 30 O 20
10479 3434 2 3 12 O 20
3434 10480 2 13 70 M 10
10483 27529 2 3 15 O 10
27529 10481 2 4 17 O 10
10481 10482 2 7 38 O 20
10490 23025 2 3 14 O 30
10485 23024 2 2 7 O 10
10484 10487 2 9 45 O 30
21616 10489 2 13 70 M 20
10488 10486 2 5 23 O 20
10494 10491 2 22 122 O 20
10491 14971 2 3 12 M 30
14971 10499 2 8 44 M 20
10499 12955 2 33 183 O 30
10493 11883 2 21 115 O 10
11883 10491 2 51 280 O 30
10494 10495 2 35 190 O 10
1011 6515 2 44 244 M 30
6515 10497 2 1 3 O 10
10497 10498 2 14 74 M 10
10498 10494 2 21 114 O 10
10498 10500 2 14 75 O 20
7901 10502 2 25 135 O 10
6143 14987 1 5 26 O 10
14987 11878 1 5 25 O 10
11878 6144 1 5 25 O 20
10503 10504 2 30 162 O 30
10504 10505 2 11 60 O 30
10506 10507 2 6 29 O 10
10507 11829 2 39 212 M 30
11829 10508 2 25 138 O 10
10508 10507 2 15 83 O 30
10509 10512 2 21 112 M 10
10512 18890 2 8 42 O 30
10510 19451 2 3 15 M 10
19451 10509 2 6 28 O 10
10511 10509 2 3 15 O 30
10512 10514 2 31 171 O 20
10514 10513 2 5 23 O 30
10514 10515 2 4 21 O 20
10516 10517 2 13 72 O 30
10517 10518 2 38 208 M 10
10517 10519 2 10 55 O 20
10516 10520 2 13 67 M 30
10521 10522 2 14 76 O 20
10524 10525 2 8 42 O 30
10529 468 2 4 18 M 10
468 10527 2 2 6 M 30
10527 10532 2 7 34 M 20
10532 10528 2 14 77 O 30
10530 10534 2 47 258 M 10
10527 10531 2 24 132 O 10
10532 10533 2 17 91 O 10
20846 10535 2 15 78 O 20
10537 10538 2 19 105 O 20
10539 10540 2 32 175 O 20
10005 10006 2 28 153 M 20
10541 10542 2 9 47 O 30
10544 10543 2 5 22 O 30
10459 12275 2 4 18 O 20
12275 10545 2 3 15 O 30
10545 29737 2 2 8 O 20
10547 10548 2 12 62 O 10
10548 10549 2 6 32 O 20
10526 21171 2 54 296 O 30
12118 10552 2 11 60 O 10
10552 21067 2 10 54 M 20
21067 21065 2 7 35 O 10
9649 3834 2 6 31 O 30
3834 12118 2 11 57 O 20
12118 10551 2 13 72 O 30
10553 10554 2 6 33 O 10
10555 10556 2 24 128 M 20
4366 4043 2 4 18 M 10
10561 10562 2 15 80 O 20
16093 14523 2 23 123 O 10
16088 10567 2 30 165 O 20
10568 10571 2 37 202 O 10
10571 10570 2 6 33 O 30
10569 25673 2 2 7 O 30
25673 13702 2 1 1 M 20
13702 11116 2 32 174 M 30
11116 10570 2 16 86 O 10
10570 25666 2 78 430 O 20
25666 10571 2 16 87 O 30
10571 10572 2 6 32 O 20
16089 10573 2 17 91 O 20
10574 10575 2 31 169 O 10
10576 14111 2 11 60 O 30
14111 14086 2 42 233 O 10
10577 10578 2 7 35 M 20
10579 10580 2 87 482 O 30
14074 10583 2 18 99 O 20
10584 10586 2 6 30 O 30
6304 10587 2 5 27 O 30
10588 10589 2 10 52 O 10
10590 10591 2 10 52 O 30
20357 20358 1 19 104 M 30
5460 10592 2 12 64 O 20
10599 10600 2 4 17 O 20
6846 14859 2 53 293 O 20
10603 21742 2 1 6 M 30
10604 10605 2 11 56 O 20
30097 10608 2 16 85 M 10
10609 22064 2 21 113 O 30
22064 2085 2 7 35 O 10
2085 10610 2 2 7 O 30
10802 14481 2 4 22 O 20
14481 10613 2 7 36 O 30
10613 15529 2 6 31 M 10
15529 10616 2 16 86 M 20
10799 10614 2 32 173 O 10
10615 10798 2 61 338 M 30
9585 13667 2 34 186 M 20
14486 5414 2 2 9 O 10
5414 1290 2 8 41 O 10
1290 9814 2 3 12 O 30
10800 15525 2 14 74 O 10
15525 15526 2 5 24 O 20
15526 10617 2 3 14 O 20
9818 15141 2 5 27 O 20
15141 14430 2 7 38 O 10
14430 10798 2 16 88 O 10
10798 15511 2 10 55 O 30
15511 10799 2 5 24 M 10
10799 15519 2 23 123 O 10
15519 14478 2 14 73 M 20
14478 10800 2 2 6 O 10
10800 10801 2 6 32 O 20
10801 10802 2 11 56 O 30
10802 15535 2 6 29 O 10
15535 15539 2 4 18 O 30
15539 10803 2 10 55 O 10
10803 15544 2 22 119 O 10
21481 13402 2 19 105 O 20
13402 10333 2 10 54 O 10
10333 1330 2 12 65 O 20
1330 10734 2 8 41 O 30
10619 29896 2 82 451 O 30
29896 10618 2 1 5 O 30
10622 10623 2 15 82 O 20
10894 29921 2 8 41 O 30
29921 29923 2 19 101 O 10
29923 10626 2 3 13 O 20
10895 10628 2 16 87 M 20
10628 10627 2 14 75 O 10
10628 10629 2 15 80 M 20
10630 10631 2 17 90 O 30
10090 10087 2 2 6 O 30
10087 10088 2 20 108 O 10
10088 10089 2 4 20 O 10
10089 10090 2 19 102 O 10
10633 26537 2 35 190 M 20
10638 10637 2 2 9 M 20
10637 10636 2 7 36 O 10
10639 10640 2 15 79 O 30
10667 10669 2 14 73 O 20
10671 10673 2 12 65 M 10
10665 10670 2 16 86 O 30
10668 10666 2 9 49 O 20
8295 8107 2 54 298 M 10
22788 15696 2 35 193 O 10
15696 8301 2 10 53 M 20
10676 30132 2 2 9 O 10
10678 2752 2 10 54 O 20
2752 2760 2 7 35 O 10
2760 2762 2 12 64 O 10
2762 2756 2 8 43 O 20
2756 2766 2 7 36 O 10
2766 2764 2 12 64 O 10
2764 10679 2 5 24 O 10
10683 21429 2 6 33 O 30
28731 21429 2 18 98 O 30
21429 10684 2 5 27 O 10
10684 1607 2 7 35 M 30
1607 10688 2 3 14 O 20
10689 10690 2 19 105 O 30
9051 9406 2 7 36 M 20
9406 22268 2 33 179 M 20
22798 14909 2 4 21 O 10
14909 10691 2 5 25 M 10
10702 10701 2 15 82 O 10
12805 26010 2 23 123 O 30
26010 26009 2 2 10 O 20
10704 10703 2 11 59 O 20
11012 10706 2 27 147 O 10
10105 10707 2 24 130 O 20
10708 7875 2 48 265 M 10
7852 10709 2 52 289 O 30
10712 9908 2 38 209 O 20
10597 10713 2 22 120 M 20
10598 10714 2 30 162 O 20
10715 10716 2 24 130 O 10
10717 10718 2 16 86 O 20
10719 10720 2 15 80 O 30
10721 1744 2 8 42 M 30
10665 15690 2 20 110 O 10
10722 19952 2 4 17 M 10
19952 19954 2 3 15 O 10
19954 10723 2 9 49 O 20
10724 10725 2 24 130 O 20
8263 12191 2 6 30 O 20
10726 10727 2 15 83 O 10
10728 10672 2 12 64 O 10
10729 10728 2 4 17 O 10
3113 10731 1 4 17 O 20
10731 10730 1 4 17 O 10
10730 10732 1 4 17 O 10
10606 6845 2 17 94 O 30
10741 21851 2 3 15 O 10
21851 10740 2 4 20 O 20
24939 24940 2 6 28 O 10
24940 2409 2 44 242 M 10
1610 7886 2 2 9 O 30
7886 10745 2 28 152 O 30
10746 1610 2 3 13 O 30
1610 10744 2 10 53 O 10
10744 10742 2 13 67 O 20
2190 4344 1 15 79 M 10
4344 4345 1 42 232 O 10
10750 10751 2 14 72 O 20
21611 9218 2 12 66 M 30
30111 30117 2 5 27 O 10
30117 22557 2 13 70 O 30
22557 12478 2 8 44 M 30
12478 22570 2 4 17 O 30
22570 12495 2 13 72 O 30
8301 10675 2 24 131 O 30
28884 15285 2 8 44 O 30
15285 520 2 23 124 O 10
520 11811 2 21 115 O 10
11811 11400 2 1 5 O 20
11400 11808 2 10 53 O 30
11808 11814 2 6 33 O 10
11814 17266 2 31 172 O 30
17266 1213 2 3 12 O 30
1213 2137 2 2 6 O 20
2137 5329 2 10 50 M 20
21614 16760 2 9 50 O 10
16760 10381 2 7 37 O 10
10753 10754 2 33 183 O 20
10754 17690 2 4 21 O 20
10793 10756 2 26 140 O 20
18344 18339 1 13 70 O 30
1553 11472 2 8 42 O 20
11472 6582 2 27 148 O 20
11471 15990 2 47 257 M 30
15990 11470 2 15 81 O 20
10776 9911 2 18 95 O 10
1554 16428 1 21 113 O 30
11470 6122 2 7 37 O 20
6122 10776 2 9 44 O 20
11732 28852 2 10 52 O 20
28852 16985 2 2 10 O 10
15778 10868 2 17 89 O 30
22741 27731 2 16 87 O 20
22741 22145 2 13 69 M 20
28789 10566 2 21 114 O 10
10566 10101 2 75 415 M 10
10897 10898 2 42 232 M 20
10899 10900 2 31 172 O 30
10901 22429 2 25 137 O 10
22429 10902 2 2 7 M 10
10903 10905 2 7 34 O 10
10905 12042 2 7 35 O 20
12042 10907 2 4 18 O 30
10907 10904 2 4 17 O 20
10905 10906 2 11 58 O 30
10907 10908 2 11 57 M 20
10910 10909 2 19 105 O 30
21428 23243 1 10 50 O 30
9733 12508 2 4 22 O 10
22585 25034 2 9 48 O 30
25034 12363 2 2 6 O 20
12363 23528 2 2 10 O 10
10916 16722 2 14 75 O 20
10919 10917 2 15 81 O 30
10918 10920 2 42 229 O 20
5026 10924 2 6 33 O 20
10924 22411 2 6 30 O 30
10929 10930 2 9 47 O 10
10684 28732 2 5 25 O 10
10941 23041 1 7 34 O 10
10946 10947 2 11 56 M 30
10957 10956 2 4 17 O 20
10956 10958 2 17 94 O 10
10958 10960 2 25 138 O 20
10956 10955 2 4 18 O 30
10955 2994 2 27 149 O 10
2994 10949 2 3 14 M 20
10949 10951 2 8 44 O 30
10949 10950 2 3 17 O 10
10950 10952 2 3 15 O 20
29132 10959 2 17 93 O 10
10950 10953 2 10 52 O 30
10961 26686 2 45 247 O 10
10972 10970 2 27 147 O 30
9390 10972 2 22 121 O 30
10972 10971 2 13 68 O 30
19027 10967 2 9 46 M 10
10973 9391 2 10 51 M 20
10962 10963 2 21 116 O 10
10963 10964 2 19 102 M 10
10965 10963 2 26 143 O 10
10973 10969 2 41 225 O 30
10968 14616 1 9 47 O 30
10966 20763 1 17 92 O 30
10980 10982 2 12 65 O 30
10982 10983 2 13 71 M 20
10983 10984 2 5 24 O 20
10981 10980 2 5 27 O 20
10980 10979 2 11 57 O 10
10976 10977 2 14 76 O 20
10979 24492 2 7 36 O 30
24492 10978 2 26 141 M 10
10091 10988 2 3 14 O 10
10988 30155 2 2 7 O 20
30155 10092 2 17 90 O 10
10999 10997 2 21 115 M 10
10997 10991 2 13 69 O 30
18892 24751 2 3 13 O 30
24751 24753 2 19 104 M 30
24753 10992 2 6 31 M 20
11000 10996 2 23 124 O 30
10998 10990 2 30 164 O 20
10997 10993 2 8 40 O 10
18891 10995 2 26 144 M 10
11001 10994 2 29 158 O 20
14856 11004 2 12 61 M 20
11002 11003 2 8 42 O 10
11008 6501 2 46 253 M 10
6501 11011 2 9 48 O 20
13073 13069 2 6 28 M 10
8261 8262 2 17 92 O 30
28097 28077 2 8 43 O 30
10928 22108 2 30 162 O 20
22108 28729 2 27 148 O 20
10098 11022 2 23 127 O 20
11022 21867 2 20 108 O 30
10565 24217 2 14 76 O 20
24217 24213 2 1 2 O 30
24213 24228 2 3 15 O 20
24228 11022 2 44 241 M 20
16217 26824 2 3 13 O 10
26824 11030 2 20 110 M 10
11044 19035 2 10 54 O 10
19035 28872 2 8 43 O 30
20922 20923 2 7 38 O 10
20932 11062 2 5 24 O 10
7809 20932 2 6 30 O 30
20932 11061 2 7 39 M 30
11061 11064 2 34 187 O 10
11068 28013 2 3 14 O 10
28013 8971 2 41 224 O 10
15361 12192 2 11 57 O 30
11069 11070 2 9 48 O 20
11070 11071 2 32 177 O 20
9201 883 2 1 5 O 20
883 12546 2 11 59 O 30
11081 16438 2 6 29 M 30
16438 16439 2 7 36 O 20
16439 16441 2 8 42 O 10
16441 16444 2 4 18 O 30
16444 16445 2 9 45 O 30
16445 16437 2 21 115 O 20
11082 11083 2 13 68 O 10
22432 22431 2 16 86 O 10
22431 9928 2 7 36 O 20
11084 5386 2 10 51 O 10
5386 6245 2 10 53 O 10
11102 2461 2 8 41 O 30
2461 2463 2 3 16 O 30
2463 2465 2 7 36 O 30
2465 2467 2 3 16 O 10
2467 11183 2 2 10 O 30
11183 11181 2 5 28 O 10
11181 11103 2 8 39 O 10
11107 12658 2 24 130 O 20
12658 11106 2 15 82 M 30
9891 12661 2 12 65 O 30
12661 11107 2 9 47 O 30
11107 12657 2 18 99 M 10
12657 29442 2 17 92 O 20
8362 11110 2 26 141 O 20
11110 6974 2 5 26 O 10
11112 11113 2 2 9 O 30
11113 23469 2 4 18 O 10
11116 11115 2 29 161 O 30
11119 11120 2 8 44 O 10
11125 11126 2 15 80 O 20
11127 28281 2 8 42 O 30
28281 11128 2 39 211 O 20
11135 11133 2 13 68 O 10
11137 11134 2 12 66 O 10
14749 11138 2 40 218 O 20
11139 11140 2 48 263 O 20
28550 14229 1 26 140 O 10
11149 7654 2 11 56 O 20
7654 11150 2 7 36 O 30
11153 11154 2 20 109 O 30
15480 11153 2 8 42 M 20
11153 11155 2 10 54 O 30
11156 11155 2 19 105 O 10
15572 17092 2 12 65 O 30
17092 15571 2 11 56 O 30
15571 15570 2 20 110 O 10
11157 17230 2 17 94 O 10
17230 7123 2 1 6 O 20
7123 7120 2 5 27 O 20
7120 7125 2 3 16 O 10
7125 7127 2 5 23 O 30
7127 7113 2 2 10 O 10
7113 7129 2 4 20 M 20
7129 17231 2 5 23 O 10
17231 7117 2 1 2 O 30
7117 7115 2 6 29 O 10
7115 7133 2 1 1 O 10
7133 7131 2 3 16 O 30
7131 8110 2 3 11 O 20
7998 7671 2 2 7 M 20
7671 1223 2 4 19 O 10
1223 21267 2 3 16 O 10
21267 7669 2 14 72 O 30
7669 21268 2 10 51 O 30
11172 11173 2 9 46 M 20
11173 11174 2 30 163 M 10
11175 11176 2 21 116 O 30
11103 11180 2 4 17 O 30
11181 11182 2 4 19 O 20
11183 2455 2 14 73 O 30
11184 11185 2 20 107 O 10
11188 11189 2 8 40 O 20
11189 11190 2 4 21 O 20
11190 11192 2 7 35 O 30
11191 11193 2 15 80 O 30
11194 11201 2 38 206 O 20
11201 11195 2 23 124 O 20
11195 11196 2 17 91 M 30
11196 11217 2 24 132 O 30
11217 11197 2 14 76 M 10
11197 11198 2 10 53 O 30
11198 11199 2 3 14 O 10
11199 11197 2 7 39 M 30
11200 11205 2 12 62 O 20
11196 11202 2 8 40 M 10
11203 12673 2 21 112 O 20
11204 11205 2 12 65 O 20
11205 11201 2 2 9 M 10
11207 21808 2 35 190 O 20
8288 8289 2 6 30 O 30
8289 8315 2 12 63 O 30
8315 8290 2 12 64 O 30
8290 19703 2 11 60 O 30
19703 8278 2 5 28 O 10
11208 11209 1 16 89 O 10
11210 11211 2 8 44 M 10
11215 11216 2 12 61 O 20
11217 11218 2 23 127 O 30
16550 11219 2 13 72 M 30
10229 28171 2 1 3 O 20
28171 22849 2 8 41 O 20
11228 11229 2 44 241 O 30
191 1336 1 8 42 O 20
1336 5707 1 22 117 M 20
11239 11237 2 6 32 M 10
8188 11235 2 25 137 M 10
517 19542 1 48 263 M 20
11244 11243 2 8 43 O 30
11243 56 2 5 23 O 10
12590 12591 2 20 106 M 20
11226 11246 2 28 151 O 20
11251 11250 2 2 10 M 30
11250 11249 2 8 42 O 30
11248 11247 2 7 38 O 30
6574 11252 2 31 168 O 20
11253 11255 2 7 36 O 30
15790 11254 2 3 15 O 10
11258 11257 2 10 51 M 30
11256 11258 2 8 42 O 30
11258 11259 2 8 41 O 10
28867 11261 2 25 137 O 10
11264 292 2 5 24 O 20
292 14419 2 2 9 M 30
14419 294 2 4 20 O 30
294 307 2 4 20 O 30
307 305 2 3 13 M 10
305 296 2 4 21 M 30
296 11266 2 3 13 O 30
11268 11265 2 13 69 O 10
20301 11262 2 9 46 O 20
11262 11264 2 8 43 M 10
11264 28062 2 10 52 O 10
28062 429 2 1 5 O 20
429 427 2 7 33 M 10
427 11265 2 1 2 O 10
9313 9314 2 12 66 O 30
11230 11277 2 16 84 O 30
6575 11278 2 17 93 O 30
16569 11279 2 13 71 M 10
11370 11371 2 12 61 O 30
24585 13338 1 6 28 O 20
12547 5046 1 56 309 O 30
5046 22895 1 4 19 M 30
17470 12547 2 2 9 O 10
17470 25223 1 16 89 O 20
25223 25636 1 25 134 O 20
11488 11913 2 18 95 O 30
11913 11490 2 13 72 O 20
11490 11489 2 37 201 O 30
14840 11495 2 32 175 O 10
11491 11492 2 4 19 O 10
11492 11493 2 8 42 O 30
11492 11494 2 22 119 M 30
11496 11495 2 17 91 O 20
11495 11497 2 17 92 O 10
11500 11501 2 17 91 O 20
1461 11505 2 25 136 O 30
11505 11502 2 6 33 O 20
11502 11503 2 6 31 O 10
11503 11504 2 6 29 M 10
11504 1463 2 47 260 O 10
11505 11506 2 17 93 M 20
11506 25407 2 1 4 O 10
25407 11507 2 6 29 O 10
11507 11508 2 6 33 O 10
11508 11509 2 16 85 O 10
11506 11502 2 12 66 O 10
11507 11503 2 14 74 O 30
11508 11504 2 15 81 O 30
25405 11507 2 13 69 M 20
11508 11510 2 6 30 O 30
11510 14319 2 14 74 O 30
11510 11511 2 8 39 O 10
11512 13710 2 7 36 O 20
13710 11513 2 13 69 O 20
11515 11514 2 20 108 O 20
11535 11533 2 19 102 M 30
11536 11532 2 51 282 O 20
11534 11531 2 28 153 O 10
11538 11537 2 32 173 O 20
12618 23153 2 2 11 O 10
23153 11539 2 7 34 O 20
11539 11540 2 10 52 O 10
20721 21746 2 7 38 O 20
11545 11544 2 24 128 O 20
12269 23642 2 3 13 O 30
23642 11563 2 25 139 O 30
11590 11591 2 4 20 O 10
10321 11693 2 5 26 O 10
11693 11599 2 6 29 O 20
11599 11600 2 2 6 O 30
11600 11598 2 9 45 O 30
11602 11600 2 3 15 O 20
11693 11597 2 3 14 M 10
11621 11622 2 48 266 M 20
11630 11627 2 26 142 O 20
17040 17041 2 7 37 O 10
11625 11633 2 62 340 O 30
11633 11788 2 54 299 M 20
11634 11633 2 7 35 M 20
11631 11634 2 12 65 O 20
11634 6617 2 13 67 O 20
11641 11637 2 25 138 O 30
11637 11642 2 49 271 O 10
11642 11628 2 27 146 O 20
11639 11637 2 7 34 M 20
11638 11639 2 7 34 O 10
11639 11640 2 4 22 O 30
11624 11623 2 12 61 O 10
11632 11636 2 15 79 O 20
11626 11629 2 18 97 O 20
11644 11643 2 10 54 O 10
11645 11646 2 13 68 O 20
11646 11647 2 3 13 O 30
11646 11648 2 5 24 M 30
15970 11649 2 18 96 O 20
11649 11650 2 8 43 O 20
11651 11652 2 14 72 O 10
14827 11653 2 13 69 O 20
11654 11655 2 10 51 M 30
10893 11656 2 18 95 O 10
11657 11658 2 11 59 M 30
11659 11660 2 11 56 O 10
11661 11662 2 8 44 O 10
11663 22801 2 11 59 O 30
11664 11665 2 7 36 O 30
11666 11667 2 10 53 O 20
11668 11669 2 7 39 O 20
11398 11670 2 6 32 M 30
11671 11672 2 7 36 O 10
11673 11674 2 8 44 O 10
11675 11676 2 4 20 M 10
11677 11678 2 12 62 O 30
10154 11679 2 5 25 O 20
13633 26069 2 4 19 M 10
26069 22061 2 3 11 O 20
22061 22062 2 7 38 O 10
22062 26059 2 14 73 O 10
26059 20769 2 13 70 O 30
18958 11682 2 39 213 O 20
10367 10368 2 101 559 M 20
10368 10365 2 8 43 O 10
11526 14255 1 25 135 O 30
28067 19876 2 7 36 O 10
19876 19878 2 6 33 O 10
19878 11685 2 8 43 O 30
11685 19874 2 7 38 M 30
11687 19864 2 3 16 M 20
19864 11689 2 2 10 O 30
11689 19874 2 15 79 O 10
19874 11688 2 12 62 M 30
11689 11690 2 11 56 O 10
11692 28067 2 2 8 M 30
11694 11695 2 8 43 O 30
11696 11697 2 9 46 O 20
11698 11699 2 9 48 O 10
11700 11701 2 14 74 O 20
11704 11705 2 14 78 O 20
11706 11698 2 14 72 O 30
11707 11696 2 13 71 O 30
11708 11709 2 24 131 O 30
11709 16233 2 15 82 O 30
16233 11710 2 6 31 O 20
15923 11709 2 2 6 O 20
11712 12095 2 6 32 O 30
12095 11711 2 3 16 O 20
11713 12095 2 7 34 O 10
12094 11716 2 36 198 O 30
28412 11717 2 48 263 O 20
11719 11720 2 8 43 O 30
16552 11718 2 10 54 O 30
18751 18752 2 30 165 O 20
18752 18753 2 3 15 O 10
18753 21344 2 7 37 M 10
21344 21482 2 18 96 O 30
26960 26959 2 46 251 O 10
26959 26957 2 14 74 O 20
26957 26960 2 2 7 O 30
26960 25229 2 6 33 O 10
11729 11728 2 11 60 M 10
11728 11727 2 7 37 O 10
11727 11726 2 7 35 O 30
11726 11725 2 5 26 M 20
11725 11724 2 8 42 O 20
11724 11726 2 11 58 O 20
11730 30180 2 1 5 O 30
11749 11750 2 18 97 O 30
11751 11752 2 16 85 M 10
19273 11769 2 16 87 O 20
16570 16397 2 28 153 O 30
12715 11775 2 2 11 O 10
11775 11773 2 24 132 O 10
11772 11771 2 7 37 O 20
13033 12151 2 26 140 O 20
12151 18950 2 6 32 O 10
18950 12183 2 10 50 O 20
12183 12146 2 2 8 M 10
12146 12140 2 6 32 O 10
13033 11783 2 35 192 O 30
11783 16691 2 75 413 O 20
16691 6022 2 52 287 O 30
6022 6025 2 41 224 O 30
11783 13130 2 3 11 O 20
11787 11786 2 11 56 O 20
18911 17631 2 15 79 O 10
17631 16295 2 3 12 O 30
16295 17630 2 4 19 O 30
17630 17629 2 8 41 O 10
17629 16294 2 1 3 O 30
16294 18912 2 5 26 O 10
18912 17619 2 19 102 O 20
17619 17620 2 9 46 O 10
17620 17632 2 1 5 O 10
17632 18913 2 3 16 O 10
18913 18914 2 6 29 O 30
18914 22437 2 63 346 O 30
15071 11790 2 8 42 O 30
11067 7147 2 7 39 O 20
7147 16541 2 6 32 O 10
13084 13081 1 2 7 O 10
13081 13086 1 6 30 O 30
13086 11792 1 15 82 M 20
11793 11792 2 4 21 O 30
15364 11807 2 10 54 O 30
14297 615 1 8 41 O 20
615 14298 1 11 60 O 10
11809 11808 2 9 46 O 10
11810 11400 2 21 112 O 20
11811 11812 2 15 78 O 30
11813 11857 2 11 59 O 20
11857 11859 2 9 47 O 30
11859 11814 2 31 168 O 10
29211 17865 2 67 371 M 10
29210 11824 2 104 577 O 10
11824 29211 2 13 70 O 10
11832 11831 2 7 36 O 10
11835 11832 2 6 33 M 20
11832 11833 2 7 37 O 10
11836 11835 2 12 61 M 10
11835 11834 2 7 38 O 10
11838 11839 2 18 97 O 20
11839 11840 2 5 23 O 20
11839 11843 2 13 69 M 20
11841 11842 2 18 95 O 30
11837 11838 2 9 46 O 10
11838 11841 2 8 44 O 10
11841 11844 2 15 82 O 10
11848 19687 2 10 51 O 20
19687 11847 2 4 20 M 10
11847 5103 2 2 9 O 10
5103 11846 2 8 40 O 20
11845 5101 2 11 56 O 20
5101 5099 2 5 22 M 10
5099 19271 2 44 240 O 20
19263 5187 1 4 19 M 20
5187 5183 1 7 36 M 30
5183 5151 1 4 18 O 10
5151 5190 1 7 36 O 20
5190 19264 1 2 6 O 10
19264 19694 1 2 7 O 20
19694 5145 1 6 32 O 30
5145 5148 1 1 2 O 10
5148 5149 1 5 27 O 10
5149 14961 1 4 21 M 20
14961 5195 1 8 41 O 30
5195 11782 1 1 4 O 20
11782 19265 1 6 29 O 20
11851 11850 1 6 30 O 30
11855 11852 2 77 423 O 30
11858 11857 2 3 16 O 20
11860 11859 2 7 35 O 30
11856 11813 2 4 21 O 20
11853 7894 2 11 59 O 20
11854 11853 2 7 37 O 10
11853 7893 2 12 63 O 30
11862 11863 2 19 100 O 20
11864 11865 2 18 98 O 20
11867 11868 2 8 42 O 30
12848 11869 2 2 8 O 20
11869 22216 2 25 137 O 20
14256 21845 2 2 7 O 10
21845 21849 2 4 18 O 20
21849 21847 2 4 18 O 20
21847 11525 2 8 43 O 20
11525 24572 2 23 124 M 30
24572 20695 2 8 43 O 10
15654 15660 1 16 84 M 10
11527 15654 1 27 147 O 10
15654 15655 2 22 120 O 20
15655 15656 2 14 78 O 30
15656 5747 2 21 116 O 10
5747 15657 2 4 19 O 10
1459 11871 2 10 50 O 30
11871 11728 2 23 127 O 10
11872 18026 2 11 60 M 30
18026 11873 2 23 126 O 20
11874 11875 2 11 56 M 10
11876 16250 2 8 41 O 10
16250 11877 2 11 57 O 20
8839 10503 2 6 32 O 30
10503 9486 2 30 164 O 10
16415 11879 2 32 176 M 30
11880 11882 1 34 187 O 30
11887 11886 2 7 39 M 30
11883 11885 2 9 49 M 30
11885 11887 2 4 19 M 30
11887 11888 2 9 45 O 30
11885 11884 2 20 107 M 10
8838 11889 2 7 34 O 20
19276 19275 2 36 196 M 10
18969 18968 2 17 92 O 10
8908 11890 2 34 186 O 20
11895 11903 1 5 24 O 20
11900 11895 1 39 217 M 30
11901 5882 2 9 45 O 20
5882 5887 2 3 13 O 20
5887 11902 2 16 84 O 10
11902 11896 2 6 28 O 10
11896 11897 2 7 36 O 20
11897 11898 2 2 11 O 10
11898 5382 2 3 16 O 30
5382 23854 2 4 17 O 30
23854 11899 2 2 8 O 10
11903 5868 2 3 12 M 20
5868 11897 2 5 27 O 30
11899 11900 1 5 24 M 10
11902 5865 2 12 65 M 10
5865 11905 2 11 56 O 20
11906 11907 2 12 66 O 10
11910 11908 2 5 28 M 10
11910 11909 2 6 33 O 30
11913 11912 2 5 26 O 30
11912 11911 2 6 33 O 30
11911 11910 2 1 5 O 20
11914 11915 2 17 93 O 20
11916 25898 2 12 64 O 20
25898 11917 2 2 10 O 30
11891 11918 2 24 129 O 20
11881 11919 2 14 73 O 10
11920 11921 2 16 88 M 30
6544 1276 2 15 78 O 10
8733 11947 2 39 215 O 30
663 8679 2 5 27 O 20
21423 28435 2 4 19 O 20
11966 11967 2 27 145 O 10
13152 11968 2 27 149 O 10
11969 11970 2 23 127 O 30
11971 11972 2 39 213 O 20
15799 15800 2 10 55 O 10
15800 10343 2 24 131 O 10
8764 11975 2 9 47 O 20
11975 11976 2 21 112 M 10
11975 11973 2 31 170 O 30
28542 11978 2 16 88 M 30
11980 11981 2 4 20 O 30
19540 11981 2 3 14 O 30
11981 11982 2 8 43 M 30
25265 14438 1 18 96 M 10
25265 11984 2 7 38 O 30
11984 11985 2 17 92 O 10
11984 11986 2 8 41 O 20
11986 11987 2 14 76 O 20
11986 11988 2 20 108 O 30
11989 11990 2 11 56 O 30
15756 15763 2 13 70 O 30
15763 15757 2 10 54 O 30
28447 27749 2 3 11 M 10
27749 27752 2 1 4 O 10
27752 11991 2 1 2 O 20
11991 20946 2 8 40 M 20
11991 11992 2 26 140 O 30
11992 11993 2 4 22 O 10
11993 13326 2 11 57 O 20
13326 11994 2 9 45 O 20
11995 13992 2 20 109 O 20
11996 14002 2 4 21 O 20
14002 707 2 5 24 O 30
707 11998 2 20 107 O 30
11999 13992 2 15 81 O 10
13992 12000 2 13 68 M 30
12001 12002 2 14 73 O 20
12003 13994 2 7 36 O 10
13994 12004 2 4 22 O 20
20948 22655 2 12 66 M 30
12005 12737 2 12 62 O 30
12737 28501 2 10 54 O 30
8317 13970 2 10 53 O 30
13970 8064 2 5 27 O 30
12007 13323 2 11 58 O 20
13323 701 2 12 63 O 30
701 12008 2 3 14 O 20
8786 12010 2 20 110 O 20
12010 12009 2 5 24 O 20
12010 703 2 8 41 O 20
703 12011 2 2 10 O 30
12012 13319 2 6 31 O 20
13319 12023 2 10 55 M 30
12023 12013 2 7 34 O 10
12014 12015 2 13 69 O 20
12017 12018 2 5 26 O 10
12018 12019 2 8 42 O 30
12020 12021 2 10 54 O 10
12022 12023 2 10 50 M 20
12024 12025 2 11 57 M 10
12026 12027 2 11 56 M 30
12028 12030 2 6 33 O 20
12030 12029 2 21 111 O 10
12030 12031 2 9 46 O 30
1743 12033 2 3 12 M 10
12033 12034 2 9 47 O 10
15576 8066 2 49 268 O 10
12035 12037 2 12 65 O 20
12037 17119 2 13 69 O 10
17119 12036 2 17 91 O 10
12036 12037 2 8 41 M 30
12038 1595 2 31 171 O 20
12039 23895 2 33 179 O 30
12040 12041 2 20 109 O 20
12042 12043 2 21 115 O 10
16418 16432 2 41 227 O 30
12045 12046 2 34 189 O 10
12047 5530 2 5 23 O 20
5530 5532 2 5 26 O 20
5532 12048 2 3 13 O 20
12050 12051 2 19 101 O 10
12051 12052 2 16 87 M 20
28016 12056 2 11 59 O 20
12056 12055 2 7 37 O 10
12054 12055 2 13 69 M 30
12056 12057 2 16 87 O 20
12074 7880 2 3 15 M 30
7880 12075 2 16 84 O 20
12592 7362 2 3 12 O 30
7362 12083 2 8 41 O 30
12083 12085 2 11 59 O 20
12085 12084 2 6 32 M 20
12083 12082 2 19 105 O 10
12078 12080 2 12 66 O 10
12085 12086 2 4 22 O 20
12079 12081 2 12 66 O 20
12087 12088 2 10 55 O 20
12090 12089 2 11 57 O 10
12091 26101 2 9 45 M 30
26101 12092 2 8 44 O 10
12092 20194 2 8 41 O 30
20194 26100 2 6 31 O 10
26100 26098 2 6 30 O 20
26098 12093 2 9 50 M 10
11716 15433 2 65 356 O 30
9873 9872 2 10 51 O 20
9872 9871 2 8 42 O 20
9871 9870 2 18 100 O 10
9872 12096 2 6 32 O 10
23446 23450 2 15 82 O 10
23450 23447 2 8 44 O 20
11717 11716 2 44 240 O 30
11192 11193 2 10 55 O 10
11193 11190 2 16 86 M 30
11192 11188 2 5 24 O 10
11188 11191 2 12 66 O 20
11191 11192 2 8 43 O 10
19614 11355 1 62 339 O 30
11355 10096 1 45 248 M 20
11323 11324 1 92 509 O 20
10097 11323 1 119 657 M 30
12130 12131 2 5 23 O 20
12130 12132 2 20 109 O 30
12131 27827 2 2 11 O 30
27827 27829 2 4 19 O 10
27829 27830 2 10 50 O 30
11189 12136 2 8 44 O 10
12136 11730 2 2 10 M 30
12137 12138 2 4 22 O 30
12138 12139 2 17 92 M 10
16454 16455 2 20 109 O 20
12891 5554 2 14 77 O 30
5554 8531 2 7 38 O 10
8529 8527 2 12 64 O 30
12822 8326 2 15 83 O 20
16285 12142 2 18 98 M 10
12142 17254 2 5 24 O 30
12142 12143 2 9 50 O 20
12144 12145 2 5 24 O 30
17265 17264 2 18 100 M 30
12134 12135 2 2 9 O 20
12149 14546 2 12 65 O 20
14546 23014 2 6 32 M 10
22374 18673 2 18 94 O 30
12151 12152 2 7 36 O 10
12152 12153 2 2 6 O 30
12152 18950 2 5 26 M 20
7650 12146 1 10 53 O 30
10760 10083 2 26 143 O 20
10083 21056 2 66 364 O 10
16768 23550 2 22 118 M 10
9036 9037 2 16 88 O 20
10979 10985 2 35 190 O 10
10100 12154 2 17 90 O 10
10988 27037 2 15 81 O 20
13031 6174 2 6 29 O 10
6174 6181 2 6 29 O 20
6181 13030 2 18 99 O 30
18229 18438 1 7 38 O 30
12157 12158 2 12 62 O 20
11105 12159 2 10 51 O 20
12160 12285 2 21 115 O 30
12162 12163 2 20 110 O 10
28454 9070 2 26 139 O 20
9070 12168 2 13 71 O 20
12168 14489 2 4 20 O 30
14489 28453 2 16 84 O 10
11802 12170 2 21 114 O 20
12173 14274 2 18 96 O 30
12171 12172 2 14 75 M 10
30010 29986 2 2 7 O 10
29986 29984 2 2 10 O 20
29984 29982 2 5 27 M 10
29982 9960 2 3 13 O 20
9960 14274 2 6 31 O 10
14274 29980 2 6 30 O 10
29980 12172 2 2 7 O 20
12172 29978 2 2 6 M 20
29978 14264 2 12 62 M 20
12176 29985 2 5 26 O 20
29985 12175 2 13 67 M 10
12174 1911 2 6 32 O 30
8497 25400 2 6 28 O 30
25400 18798 2 3 12 O 30
18798 2175 2 1 3 M 20
20421 13438 1 10 51 M 30
13438 12178 1 17 93 O 30
12181 12180 2 12 64 O 30
12183 12184 1 14 74 O 10
14858 29054 2 14 74 O 10
8513 18264 1 16 84 O 20
937 8513 1 17 91 O 30
22949 12193 1 16 87 O 20
12193 8420 1 18 96 O 10
14240 18230 1 17 90 O 10
18262 26559 1 7 38 O 30
8369 14240 1 18 94 O 10
1420 1419 1 3 15 O 30
1419 1684 1 4 17 O 30
12195 12196 2 14 75 O 20
4333 11299 1 46 255 O 30
10738 12072 1 48 262 O 20
12206 11375 1 45 248 O 10
12205 11821 1 58 318 O 10
28856 11377 1 47 260 M 10
11375 28856 1 44 243 O 20
11376 22375 1 21 115 M 10
11819 12071 1 47 257 O 30
28853 11376 1 47 259 O 10
11818 19613 1 114 629 O 10
22375 16400 1 144 799 O 10
11821 11822 1 61 337 O 20
15931 12207 2 6 32 O 30
12208 15931 2 4 20 O 30
12209 26885 2 7 35 O 20
26885 23786 2 25 135 O 30
23786 20840 2 64 351 O 20
20840 17035 2 3 12 O 20
30199 12209 2 37 202 O 10
12210 18310 1 12 66 M 30
9617 18308 1 17 90 O 10
2525 2526 2 8 40 O 20
14065 11024 2 79 438 O 10
12228 12229 2 29 160 O 20
10771 21833 1 17 89 M 10
12237 12238 1 16 87 M 20
10773 10771 1 48 263 O 30
12238 11309 1 27 145 M 30
12236 11311 1 41 224 O 10
11310 10772 1 45 247 O 10
10772 4364 1 98 543 M 10
12235 4379 1 29 157 M 20
10989 14632 1 29 156 O 20
9708 18904 1 129 714 M 20
15050 11315 1 142 784 O 10
25799 15051 1 23 124 M 10
12232 21236 1 42 233 O 30
4379 11308 1 48 264 M 10
18932 12233 1 25 138 O 10
11308 14638 1 33 181 O 10
12233 11314 1 42 229 M 20
18904 18931 1 30 166 M 10
21236 5600 1 25 137 O 30
11412 4379 1 108 599 O 30
20851 11307 1 32 175 O 30
12234 20851 1 79 439 O 30
20850 20851 1 25 134 O 20
6028 6027 2 45 250 M 20
6027 9485 2 54 297 O 30
18674 10367 2 53 294 O 10
11212 12245 2 5 24 O 20
12245 12243 2 2 10 M 10
12244 12245 2 10 51 O 10
12246 12248 2 7 37 O 30
12248 12247 2 1 5 O 20
12248 12249 2 16 87 O 20
9128 27726 2 21 112 O 30
27726 16628 2 90 498 O 10
9128 30163 2 10 53 O 30
11260 18242 2 4 20 O 30
18242 11443 2 18 97 O 30
11443 11256 2 3 15 O 30
11256 11439 2 11 61 O 30
11439 13516 2 31 167 O 10
13516 11440 2 4 21 O 20
11440 13574 2 6 33 O 30
13574 1485 2 9 49 M 10
1485 16895 2 5 23 M 30
16895 18792 2 4 18 O 10
18792 2822 2 6 29 O 20
2822 2658 2 8 41 O 30
2658 22298 2 6 29 O 20
12259 12258 2 10 52 O 20
12261 12260 2 9 46 O 20
12262 12256 2 5 26 O 30
12256 12257 2 28 156 M 10
12257 6461 2 11 60 O 20
6461 19550 2 39 216 O 30
9805 9555 2 11 57 O 10
9555 3223 2 16 85 O 20
3223 3218 2 12 63 O 30
3218 23577 2 5 25 O 30
23577 9554 2 10 51 O 10
9554 6403 2 7 38 M 10
6403 23563 2 1 3 O 10
4372 18248 1 10 52 O 30
10811 18592 2 14 75 O 30
24081 24080 2 4 18 O 10
22288 8790 1 11 58 O 20
9650 29202 2 10 55 O 20
29202 29201 2 13 71 O 20
29201 16009 2 12 61 M 10
15998 15999 2 11 56 O 10
15999 9650 2 4 21 O 10
2775 15505 2 9 45 O 10
15505 7742 2 21 111 O 30
7742 13114 2 22 121 O 30
13114 21925 2 24 129 M 30
21925 12265 2 23 126 O 30
11173 12270 2 23 126 O 30
12272 28226 2 11 59 O 10
28226 13217 2 1 3 O 30
13217 13219 2 6 33 O 10
13219 9804 2 7 34 O 30
28240 13220 2 4 21 M 20
13220 13218 2 7 34 O 10
13218 12273 2 12 63 O 10
12275 12276 2 3 14 O 10
12280 12281 2 5 26 O 20
12281 28049 2 4 20 O 10
28049 28038 2 7 34 O 10
28038 28040 2 4 17 O 30
28040 28042 2 4 17 O 20
28042 20168 2 3 16 O 30
12282 17159 2 15 83 M 30
17159 15440 2 10 53 O 10
12285 12161 2 2 10 M 20
17158 17178 2 21 112 M 30
12290 29495 1 7 34 O 10
10420 12301 2 26 144 O 30
12302 12303 2 20 109 O 30
18060 18062 2 12 66 O 10
12305 12306 2 9 49 M 10
12307 12308 2 12 65 O 20
12305 12309 2 14 76 M 30
12307 12310 2 10 54 O 10
22312 1230 2 2 10 O 30
1230 24622 2 12 63 O 30
24622 24623 2 6 32 O 30
12312 8462 1 14 75 O 30
12313 12314 2 7 34 O 30
29411 12317 2 11 61 O 10
12317 12318 2 15 81 O 20
11585 11764 2 101 560 O 30
11764 16950 2 64 353 M 30
16950 30214 2 111 614 O 10
9904 12315 2 6 31 O 20
12315 12316 2 53 292 O 10
11581 9904 2 25 137 O 10
9904 26083 2 5 27 O 30
26083 14765 2 75 415 O 20
9274 9273 2 49 271 O 10
9273 20438 2 3 11 M 10
20438 20431 2 10 54 M 30
20431 20430 2 6 29 O 10
20430 9271 2 5 25 M 20
9271 20434 2 7 33 M 30
20434 9272 2 12 63 O 30
12314 17138 2 8 41 O 10
17138 12319 2 6 33 M 30
26354 12320 2 13 72 O 30
9392 12321 2 21 116 O 10
12321 23809 2 14 77 O 10
23809 12322 2 9 45 O 10
27048 19652 2 199 1101 M 10
21227 21228 2 33 181 M 30
21228 1356 2 14 74 M 10
10648 8199 2 13 68 M 30
10649 12327 2 29 161 O 20
18897 24762 2 8 40 O 20
24762 24829 2 47 259 O 10
24829 24827 2 1 1 O 10
24827 18927 2 3 16 O 10
18927 19494 2 4 21 O 30
19494 18880 2 66 364 O 30
21075 10757 2 28 153 O 20
10757 19403 2 10 51 O 30
12334 11934 2 3 15 O 20
12335 12336 2 6 33 O 20
12337 26592 2 15 78 M 30
4239 11012 2 20 109 O 20
11012 10105 2 14 73 O 30
10105 11161 2 5 27 O 20
11161 10708 2 7 33 O 30
10708 10709 2 5 23 M 10
10709 11162 2 5 26 O 10
11162 10596 2 6 31 M 10
10596 10712 2 10 51 O 20
10712 10597 2 6 32 M 20
10597 10598 2 10 50 M 10
10598 10715 2 2 9 O 30
10715 10717 2 8 43 O 20
10717 10719 2 5 23 M 20
10719 12331 2 5 26 O 30
21339 21340 2 6 31 M 20
17640 18897 2 30 166 O 30
25105 26603 2 4 21 O 30
26603 16943 2 5 24 O 30
11321 11322 1 21 114 M 20
10096 4359 1 7 34 O 20
4352 11358 1 34 185 O 30
11322 21102 1 71 394 M 30
4353 11320 1 37 200 O 20
4356 29946 1 131 722 O 30
12343 12344 2 2 11 O 30
29574 24400 2 15 81 M 30
11281 11282 1 44 241 O 10
21247 11283 1 38 209 O 10
11289 12348 1 31 169 O 30
4000 4243 1 16 86 O 30
12346 11290 1 25 134 O 10
12349 11288 1 33 178 M 30
12350 11284 1 39 213 O 10
10095 9040 1 35 191 O 10
11283 12350 1 79 437 M 20
11284 11285 1 50 276 M 20
9042 11297 1 36 198 M 10
11285 9041 1 34 184 O 30
11288 11289 1 49 270 O 30
11297 21106 1 49 268 O 10
15053 10095 1 61 338 O 30
12347 15053 1 18 98 O 20
9041 11286 1 88 484 O 20
12352 11281 1 72 395 O 20
11282 21247 1 140 773 O 20
21106 12351 1 39 216 O 30
4328 4333 1 132 731 M 20
9040 11295 1 187 1034 O 10
12348 12346 1 208 1152 O 10
12356 10765 1 45 250 M 10
10764 11369 1 70 384 O 30
11312 12354 1 17 92 O 10
12353 11304 1 74 410 O 20
11313 18932 1 113 625 O 20
18935 20269 1 16 87 M 10
12355 11312 1 26 143 O 20
16685 8421 2 2 10 O 30
9469 1375 1 2 10 M 30
1375 1378 1 2 10 O 20
24474 33 2 7 34 O 20
18903 23045 2 4 17 O 10
12385 12380 2 23 123 O 20
12380 12373 2 13 70 O 30
12373 12379 2 4 18 O 20
12379 12380 2 7 38 O 20
12377 12368 2 23 123 O 30
12371 12390 2 23 127 M 30
12389 12382 2 19 102 M 30
12386 12383 2 23 126 O 20
12370 12376 2 25 136 O 20
12372 12369 2 26 140 O 20
12374 12393 2 23 123 O 20
12395 15244 2 24 130 O 20
15244 12396 2 2 9 O 10
12396 15246 2 6 30 M 10
15246 12399 2 10 50 O 30
12399 12378 2 6 30 O 10
12384 12388 2 18 97 O 20
12367 17244 2 4 21 M 20
17244 17246 2 6 33 M 20
17246 12387 2 12 65 O 20
12381 12394 2 13 69 O 20
12398 12397 2 22 118 O 20
12406 5986 2 12 63 O 10
5986 16121 2 13 69 M 20
16121 6463 2 22 117 O 30
12413 12411 1 7 37 O 30
12415 19093 2 7 34 O 10
19093 12421 2 8 42 O 20
8363 8362 2 4 21 O 20
12425 12422 2 6 32 O 20
12422 12421 2 19 102 O 30
12421 19087 2 6 30 O 30
19087 19091 2 17 91 O 30
19091 12423 2 2 8 M 20
12423 12419 2 24 132 O 10
12419 12424 2 10 51 M 10
12424 12418 2 13 68 O 10
12418 12416 2 22 119 O 20
9769 12408 2 47 256 O 10
12408 12416 2 21 115 M 10
12416 12423 2 87 479 O 20
17416 12408 2 24 129 O 30
4343 5822 1 3 16 O 20
5822 9710 1 10 51 O 10
9161 12626 2 27 148 O 20
12626 9409 2 13 72 O 30
12438 30188 2 1 5 O 20
21215 12 2 10 52 O 20
12 21217 2 10 54 O 30
21212 7505 1 2 11 M 10
7505 7480 1 2 9 O 10
7480 21211 1 2 11 M 30
21211 7477 1 2 9 O 20
7477 7478 1 4 18 O 10
7478 7474 1 1 4 M 20
7474 7455 1 1 4 O 30
7455 7459 1 1 3 O 10
7459 7472 1 6 29 O 30
7472 7461 1 4 20 O 10
7461 7470 1 1 4 O 10
7470 8848 1 4 17 O 10
7451 7444 2 5 26 O 10
7444 21213 2 4 22 O 30
21222 7450 1 4 21 O 20
7450 7448 1 4 20 M 20
7448 7494 1 7 39 O 20
7494 7446 1 1 3 O 30
7446 7492 1 3 16 O 30
7492 7490 1 1 3 O 30
7490 21221 1 3 16 O 30
21189 12447 2 9 48 O 10
19615 4392 2 10 54 O 20
4392 12448 2 6 31 M 10
12461 12462 2 15 79 M 20
15788 8188 2 11 58 O 30
8188 662 2 33 182 O 30
12470 12471 1 10 54 O 10
12471 12472 1 23 123 O 30
9824 21985 2 6 30 O 10
12502 12503 2 8 43 O 30
12503 19209 1 19 103 O 10
19209 12471 1 5 24 O 20
16516 22700 2 2 8 M 10
22700 9888 2 10 54 O 10
9888 22701 2 3 13 M 20
22701 6485 2 4 20 O 30
6485 9890 2 16 86 O 30
9890 17005 2 13 72 O 30
12504 12505 2 21 116 O 10
8565 12506 2 8 41 O 10
20886 12507 2 14 72 M 10
12507 20883 2 138 763 O 10
18010 15014 2 14 73 M 20
15014 18011 2 8 43 O 20
16924 9480 1 7 34 O 20
9480 1548 1 17 94 O 30
6567 12469 2 28 150 O 20
11951 12510 1 17 90 O 10
12510 20622 1 1 5 O 30
20622 11953 1 6 29 M 30
12512 20622 2 9 49 O 10
11953 12513 2 5 24 O 30
12513 12514 2 21 114 O 30
12523 21724 1 4 19 O 30
14791 14792 2 19 101 O 30
12526 11428 1 5 27 O 20
20492 12527 2 4 20 O 20
12526 22082 2 20 109 O 20
22082 12527 2 2 6 O 20
12527 18663 1 20 110 O 10
11953 12515 2 1 4 O 20
12515 12511 2 4 19 M 20
5636 5703 1 10 54 O 30
5703 5630 1 61 333 O 20
12515 12516 2 17 92 O 20
12516 12517 2 15 78 O 30
12529 12530 2 26 139 M 10
11950 20623 2 13 68 O 10
22006 12066 2 15 80 O 10
12066 12545 2 13 67 M 10
88 12554 2 12 62 O 30
12556 12555 2 25 139 O 10
12555 30182 2 181 1004 O 10
12558 12556 2 24 129 O 10
12556 12557 2 26 139 O 20
4326 12559 2 15 78 O 30
9567 9569 2 13 69 O 30
8773 17485 2 30 164 O 20
17485 28436 2 4 22 O 30
28436 8774 2 10 55 O 10
8774 8775 2 2 11 O 30
12560 12561 2 2 10 O 20
12561 12562 2 22 118 O 10
6035 6037 2 25 134 O 10
16073 21011 2 10 53 O 20
17018 1843 2 3 16 O 30
1843 12569 2 5 24 O 10
29218 12570 2 3 11 O 20
12570 26665 2 24 131 M 20
21626 4906 2 15 80 O 10
4906 4909 2 11 58 M 10
4909 4907 2 9 50 O 10
4907 28053 2 1 5 O 10
28053 4915 2 12 63 O 30
4915 12571 2 2 6 O 30
12574 12575 2 21 112 O 30
1455 12576 2 18 96 O 20
12577 12578 2 27 148 O 10
12579 5209 2 32 173 M 20
12580 19746 2 13 69 M 10
23204 12581 2 7 38 M 20
12581 12616 2 6 28 M 30
12593 12594 2 26 141 O 30
12595 23988 2 2 7 O 30
23988 12596 2 16 88 O 20
21981 21819 2 10 51 O 30
21819 21982 2 12 61 O 30
21820 21982 1 17 89 O 20
21982 21813 2 28 151 O 30
21809 23964 2 4 20 O 20
23964 12600 2 11 56 O 20
12600 12599 2 11 57 O 10
12599 9822 2 14 74 M 20
12597 23958 2 13 70 O 20
23958 12598 2 24 130 O 20
12599 13645 2 7 33 O 10
13645 13643 2 6 29 O 10
13643 12601 2 19 103 M 10
12601 12600 2 3 13 O 10
12601 12602 2 6 33 O 10
12607 12606 2 7 38 M 10
24345 12603 1 4 17 O 10
12603 8626 1 2 10 O 10
12604 12605 2 8 43 O 30
12609 9606 1 14 78 O 30
9606 12610 1 2 7 O 30
12610 12609 1 2 7 O 30
24339 12611 2 10 50 O 30
12611 12612 2 4 19 O 30
12612 12613 2 30 165 O 10
12612 23904 2 15 79 O 30
12616 12617 2 3 11 O 20
12617 12582 2 4 18 M 10
12620 12621 2 6 32 O 20
9331 2841 2 5 23 O 20
2841 9334 2 4 22 O 10
9334 9331 2 6 28 O 30
9331 9332 2 5 24 O 30
9412 26521 2 5 27 M 20
12626 11 2 12 62 O 20
12627 12628 2 3 13 O 20
13010 12629 2 2 10 O 20
12629 26692 2 20 109 M 10
7087 12630 2 25 135 O 10
25422 21127 2 2 10 O 10
21127 21128 2 22 117 M 20
21114 11041 2 19 103 O 10
11041 21365 2 4 22 O 20
21365 27043 2 3 15 O 10
27043 11042 2 2 9 M 10
11042 21354 2 7 37 O 30
11040 10867 1 18 98 O 10
10867 21114 1 9 46 O 20
12631 12632 1 15 80 O 20
12634 12633 1 15 80 O 10
12635 4118 2 6 31 O 10
4118 13916 2 2 10 M 30
12636 12637 2 11 60 O 10
12637 12638 2 11 61 O 20
12997 6291 2 15 79 O 20
6291 12639 2 12 67 M 10
12639 12640 2 10 55 O 10
12641 12649 2 8 42 O 10
12649 12648 2 5 26 O 20
12648 12642 2 10 55 O 10
12643 12644 2 16 88 O 20
12644 12645 2 8 40 O 20
12645 12646 2 8 43 O 20
12646 12647 2 5 26 O 20
12647 12648 2 6 32 O 30
12645 12649 2 11 60 O 30
12647 12650 2 14 77 O 10
12646 12651 2 10 55 O 20
12641 12654 2 2 10 M 10
12654 12652 2 4 21 O 20
26727 12653 2 12 64 O 30
12654 5514 2 16 88 O 30
12655 12656 2 8 39 O 10
12657 12658 2 24 128 O 10
26698 13685 2 6 31 M 20
13685 24407 2 8 40 O 20
24407 12660 2 9 45 O 30
12661 12662 2 8 41 O 30
12663 12664 2 15 78 O 30
18711 22657 2 14 75 O 20
12666 12668 2 12 64 M 10
12668 12667 2 4 18 O 10
12668 12670 2 10 55 O 10
12670 12667 2 7 37 O 30
11684 24234 2 14 77 O 30
16413 11767 2 20 108 O 30
18269 26850 2 27 145 M 10
8900 8937 2 4 22 M 30
8937 8901 2 16 84 O 10
12513 12686 2 6 31 O 10
6570 12698 2 3 13 O 20
12703 12704 2 30 163 O 10
12698 12699 2 4 19 O 30
12699 13232 2 13 71 O 30
13232 12700 2 8 43 O 20
12700 12701 2 14 75 O 10
12701 12702 2 9 46 O 30
12702 18726 2 42 233 O 30
12713 29402 1 9 47 O 30
29402 12714 1 8 43 M 30
12719 12720 2 5 28 O 10
12720 12721 2 10 54 O 30
12722 12723 2 5 26 O 10
12723 12724 2 10 53 O 20
22610 12725 2 16 84 O 30
12725 1961 2 3 16 M 10
22608 12727 1 24 133 M 20
12727 12728 1 13 71 O 20
12728 22609 1 13 69 O 20
12716 1964 1 3 12 O 30
12715 12729 2 2 7 M 30
12731 12732 2 29 160 M 20
12729 12730 1 11 58 O 30
12735 12736 2 28 152 O 10
12746 13033 2 79 435 O 10
28501 12006 2 8 40 O 20
12737 12738 2 10 54 O 20
8903 8902 2 5 24 O 30
15841 12740 2 6 31 O 10
12740 12739 2 2 6 O 10
7095 12748 2 26 143 O 10
16179 12772 2 4 18 O 20
21013 12773 2 8 40 O 30
20907 12775 2 16 89 O 10
28529 6477 2 14 73 M 20
6477 6479 2 6 29 O 20
6479 29129 2 14 77 M 10
29129 10957 2 18 99 O 10
10957 10954 2 7 36 O 30
10954 16342 2 16 84 O 30
16342 21666 2 7 37 O 20
12776 12777 2 12 66 O 30
12778 27620 2 3 15 O 20
27620 27617 2 3 15 O 30
27617 12779 2 8 42 O 20
6568 12781 2 13 67 O 30
12780 12782 2 11 56 O 20
12783 12784 2 4 17 O 30
12784 12785 2 13 70 M 30
12786 1830 2 5 23 O 30
12787 20108 2 20 111 O 10
20108 12788 2 26 142 O 30
12789 20106 2 7 35 O 10
20106 12790 2 3 14 O 10
12790 19618 2 2 10 O 20
19618 12798 2 18 96 O 10
12798 12794 2 8 40 O 20
11922 16988 2 20 111 O 30
19618 12793 2 29 157 O 30
12795 7202 2 5 24 O 20
7202 12804 2 33 181 O 30
12791 12796 2 4 22 O 30
12792 12797 2 5 24 O 20
12799 12800 2 12 64 O 30
12801 12802 2 8 42 O 20
7202 12803 2 10 52 O 30
12023 12809 2 4 18 O 30
12812 12810 2 3 17 O 20
12810 12811 2 12 63 O 30
21044 12813 2 5 24 O 30
12022 12823 2 3 12 O 20
30125 12824 2 13 70 O 10
12824 2245 2 4 19 O 10
28689 28691 1 17 91 O 20
28691 29194 1 1 4 O 10
29194 29188 1 8 43 O 20
29188 28688 1 6 29 O 30
12826 7786 2 8 43 M 30
7786 12827 2 8 43 O 10
14568 12828 2 11 56 O 30
1268 21710 1 7 35 O 20
8374 12832 2 21 113 M 20
8364 12835 2 13 68 O 20
12857 12858 2 22 119 O 20
12858 12859 2 11 60 O 30
12859 17412 2 6 33 O 20
17412 12860 2 6 31 O 10
12861 13194 2 12 66 O 20
12863 12864 2 10 54 O 10
12865 12866 2 10 55 O 30
12867 12868 2 11 57 M 10
12869 12870 2 14 74 O 30
12865 12871 2 2 8 O 30
12871 12872 2 4 19 O 10
12872 12873 2 11 60 O 30
12874 12875 2 6 29 O 30
12876 12877 2 6 29 O 10
12876 12878 2 5 27 O 10
12879 12880 2 8 39 O 20
21550 12881 2 11 58 O 20
12882 9955 2 4 18 O 20
12883 12884 2 9 49 O 30
12884 12885 2 7 34 M 30
12885 12886 2 3 15 O 10
12885 9843 2 8 41 O 20
12884 6239 2 5 24 O 10
3779 12887 2 13 71 O 30
12888 12889 2 35 194 O 10
12890 12889 2 12 63 O 30
12889 26185 2 6 29 O 10
26185 15565 2 6 28 O 30
12892 13275 2 8 44 O 10
13275 12893 2 4 18 M 10
12895 12897 2 13 69 O 10
12894 12898 2 2 6 M 10
12898 12895 2 16 86 O 10
12895 12896 2 11 59 M 20
12893 12894 2 3 12 O 10
12899 12901 2 15 78 O 30
12901 16592 2 4 19 O 30
16592 13378 2 3 11 O 10
13378 12900 2 6 32 O 10
12901 13379 2 38 207 O 10
12902 12905 2 6 31 O 20
12905 12903 2 8 40 O 20
12903 12904 2 5 26 O 10
12905 12906 2 13 69 O 20
15663 17424 2 10 50 O 30
12909 5364 2 7 36 M 30
5364 8089 2 6 28 O 20
8089 12910 2 35 191 O 30
20859 25288 2 5 27 O 10
25288 25290 2 4 17 O 20
25290 17526 2 25 137 O 20
14257 12914 2 15 82 M 10
12914 12913 2 11 58 O 10
12915 17080 2 12 66 O 20
10755 12915 2 2 7 O 30
12927 12938 2 4 17 O 20
12938 13506 2 1 5 O 20
13506 13504 2 3 16 O 20
13504 13502 2 4 17 O 30
13502 13500 2 3 16 M 30
13500 13497 2 3 16 O 20
13497 12932 2 1 4 O 10
12932 12931 2 3 13 M 30
12933 29548 2 4 17 O 10
29548 12935 2 6 31 O 10
12935 12934 2 6 28 M 30
12935 12936 2 15 83 M 20
12931 12929 2 2 7 O 10
12929 12930 2 1 3 O 20
12930 28246 2 4 18 O 30
28246 28244 2 4 18 O 10
28244 28259 2 4 18 O 10
28259 28258 2 4 18 O 20
28258 12937 2 1 3 O 10
12937 12929 2 47 256 O 30
12938 12939 2 14 72 O 10
6577 12946 1 6 30 O 10
12946 18721 1 4 18 O 30
18721 12947 1 22 120 O 20
6561 12947 2 14 74 O 30
12947 18720 2 41 227 M 10
12948 13367 2 24 131 O 30
12949 12950 2 17 94 O 10
12951 12952 2 9 47 O 30
12953 382 2 8 40 M 30
382 384 2 7 38 O 20
384 383 2 4 17 M 10
383 382 2 4 18 M 10
9307 12958 2 12 66 O 20
12956 24209 2 3 14 O 20
24209 24211 2 4 21 O 30
24211 12957 2 14 74 O 20
19057 10338 2 52 289 M 30
12959 12960 2 7 38 O 30
12962 24092 2 8 41 M 30
24092 24090 2 6 29 O 20
24090 24051 2 3 16 M 10
24051 24094 2 7 39 O 20
24094 12963 2 2 6 O 20
12964 12965 2 14 77 O 20
12969 12968 2 24 130 O 20
12969 12970 2 22 120 O 10
12970 12971 2 6 30 M 20
12972 12973 2 7 34 M 30
12987 12988 2 5 27 O 20
13013 13014 1 7 38 O 30
13014 13026 1 6 32 O 20
13026 13024 1 2 7 O 10
13024 13022 1 3 12 O 30
13022 13020 1 3 12 O 10
13020 13018 1 3 12 O 20
13018 13016 1 3 12 O 20
13016 13017 1 15 83 O 10
13017 13019 1 3 12 O 10
13019 13021 1 3 12 O 30
13021 13023 1 3 12 O 30
13023 13025 1 3 12 O 30
13025 13027 1 2 7 M 30
13027 13015 1 18 97 O 30
13015 13013 1 7 37 O 10
2767 977 2 4 19 O 30
977 801 2 1 3 M 30
801 8514 2 5 24 O 10
8514 24736 2 18 99 O 20
13016 30257 1 6 31 O 30
30257 13017 1 6 31 O 30
13018 13019 1 12 62 O 20
13020 13021 1 12 62 O 30
13022 13023 1 12 62 O 30
13024 13025 1 12 63 O 20
13026 13027 1 12 63 O 30
8571 13028 2 16 83 O 10
13028 13029 2 15 80 M 30
13253 14553 2 13 67 O 20
1323 13258 2 43 233 O 10
13258 24366 2 28 153 O 30
1323 13036 2 7 36 O 30
13036 13037 2 6 32 O 20
13036 13038 2 3 12 O 20
13140 13235 2 10 55 O 20
13235 13039 2 49 267 O 20
13040 13039 2 4 19 M 20
13039 13041 2 23 126 M 30
13041 13247 2 14 75 O 10
13247 13042 2 11 59 O 20
13042 13044 2 8 39 O 20
13044 13043 2 19 100 O 10
13044 15016 2 9 48 M 30
15016 13045 2 24 128 O 30
6572 13046 2 10 55 O 30
6571 13047 2 9 46 M 30
1324 13048 2 17 90 M 10
1451 13052 2 5 26 O 30
13052 13240 2 8 43 O 10
13240 13049 2 6 31 O 30
13049 13050 2 4 17 O 30
13050 13051 2 17 92 M 10
13052 13053 2 28 155 O 20
13054 13056 2 14 72 O 30
13056 13055 2 7 34 M 20
13056 13057 2 6 30 O 30
13058 13059 2 11 60 O 20
13060 13061 2 12 63 O 10
13061 13062 2 2 11 O 10
13061 13063 2 22 119 O 30
13064 7421 2 38 208 O 10
6573 1325 2 117 648 O 10
13065 16199 2 4 22 O 30
27448 13067 2 22 118 O 10
13580 13582 2 14 75 O 10
13582 18796 2 7 37 O 30
18795 13583 2 9 50 O 10
13583 8012 2 2 7 O 30
13068 13069 2 15 80 M 30
13069 11020 2 9 46 O 30
13069 13070 2 9 49 O 30
14473 13079 2 5 23 O 20
13079 13071 2 14 74 O 30
13074 13075 2 23 127 O 30
11020 13077 2 12 62 M 10
13078 13079 2 10 51 O 30
13071 13073 2 7 39 M 30
13073 13072 2 2 9 O 10
18797 14868 2 15 79 O 30
4387 4389 2 8 39 M 10
13081 13082 2 7 36 O 10
13080 13083 2 12 66 O 30
11793 22984 2 8 41 O 30
13084 13085 2 8 40 O 20
13086 13087 2 7 36 O 10
19258 1701 2 8 40 O 20
1701 1698 2 14 77 O 30
1698 23280 2 7 37 O 30
13088 13089 2 19 104 O 30
18472 13090 2 8 42 O 10
13090 13091 2 2 10 O 20
1314 13092 2 7 34 O 10
13092 13093 2 36 198 O 20
13092 13094 2 41 225 M 20
6563 13095 2 13 72 O 30
13095 19755 2 8 41 O 20
19755 13096 2 14 72 O 10
13096 1237 2 12 65 O 10
1318 18724 2 22 120 O 10
1318 13097 2 5 25 M 30
13097 13098 2 12 64 O 10
13098 13099 2 4 21 M 10
13097 13100 2 2 8 O 20
13100 13101 2 8 42 M 20
13100 13104 2 9 46 O 10
1320 13105 2 6 32 O 30
13131 5033 2 9 49 M 30
15663 13132 2 24 129 O 10
19747 19750 2 4 19 O 10
19750 27658 2 12 63 M 20
4563 4559 1 2 9 O 10
4559 4561 1 3 16 O 20
4561 2512 1 2 8 O 10
2512 2514 1 1 6 O 30
2514 4557 1 2 9 O 10
4557 2516 1 2 11 O 20
2516 4555 1 1 4 M 30
4555 2518 1 1 2 O 20
2518 4553 1 1 5 O 30
4553 22815 1 4 19 O 10
13143 13144 2 6 31 O 10
13144 12184 2 129 713 O 30
12184 12140 2 9 48 M 10
13141 6034 2 20 110 O 30
6034 6031 2 25 137 O 30
6031 13142 2 6 29 O 30
13144 6031 2 8 43 M 20
13145 13146 2 2 8 O 30
13146 13147 2 10 52 M 30
13146 13148 2 21 117 O 10
13149 13150 2 7 36 O 30
13151 9703 2 9 47 O 20
21585 26529 2 20 106 M 10
13156 13157 2 30 162 O 20
13158 13159 2 31 167 O 20
13160 13162 2 16 84 M 10
13162 13161 2 11 61 O 30
13162 13163 2 12 61 O 20
13153 13154 2 7 37 O 30
13154 13155 2 7 34 O 20
13154 13164 2 7 34 O 20
13165 13168 2 19 103 O 10
13168 13169 2 7 36 O 10
13167 13166 2 20 109 O 20
13170 13176 2 24 129 O 20
13176 13171 2 11 57 O 20
13171 13172 2 2 6 O 10
13172 13173 2 12 63 O 20
13172 13174 2 10 52 O 20
13171 13175 2 12 67 O 10
13175 13176 2 7 34 M 10
13177 13179 2 17 93 O 20
10195 13180 2 21 113 O 30
10195 13170 2 10 52 O 30
13170 10192 2 16 87 O 10
13179 13178 2 14 74 O 30
13181 13182 2 7 39 O 10
13183 13184 2 25 134 M 20
6011 13185 2 20 108 O 30
14229 13186 2 6 28 O 30
13186 13187 2 6 32 O 30
13187 13188 2 6 28 O 10
13188 13190 2 2 8 O 10
13187 13191 2 2 9 O 10
13186 18484 2 58 317 O 20
18484 13192 2 9 50 M 20
3940 3941 2 10 51 O 20
3941 14590 2 63 349 M 10
13193 29257 2 20 106 O 10
14230 14231 2 13 71 M 30
14229 14230 2 28 154 O 10
14230 13193 2 10 51 M 20
13193 14589 2 35 190 O 30
13188 13189 2 8 43 O 30
13195 13194 2 1 4 M 10
13194 12863 2 9 45 O 20
12863 12865 2 9 49 O 10
12865 12867 2 9 49 O 10
12867 12869 2 6 28 M 30
12869 12874 2 7 38 O 30
12874 12876 2 7 38 O 30
12876 12879 2 14 73 O 30
12879 11939 2 4 18 O 20
13195 12862 2 10 54 O 20
8523 13196 2 12 65 O 10
13198 13199 2 15 82 O 20
8523 13969 2 20 109 M 10
13196 13197 2 12 62 O 20
13197 13198 2 7 37 O 20
13198 20148 2 7 34 O 30
13204 13205 2 11 56 O 10
12315 13206 2 13 72 O 10
14765 30223 2 5 25 O 20
18906 6439 2 4 21 M 20
6439 6438 2 9 45 M 10
13207 13208 2 25 134 O 10
18926 13209 2 27 149 O 10
1492 1490 2 25 137 O 20
1490 22765 2 4 20 O 10
7051 13221 2 11 57 M 30
1488 13210 2 9 46 O 20
13211 24523 2 7 35 O 10
24523 13212 2 31 170 O 30
20522 13263 2 5 23 O 30
13263 13213 2 3 15 O 10
13213 13215 2 8 43 O 10
13213 13214 2 4 20 M 20
13216 27458 1 5 25 O 20
27458 27460 1 3 15 O 20
27460 27462 1 3 16 O 20
27462 27463 1 23 122 M 30
13217 13218 2 13 70 O 30
13219 13220 2 13 70 O 10
3112 2192 1 9 50 O 30
15026 28008 2 2 6 O 30
28008 5030 2 6 31 O 20
26139 26978 2 2 7 O 10
26978 26980 2 1 4 O 10
26980 6147 2 4 18 O 20
6147 10447 2 4 19 O 30
10447 26125 2 4 22 O 20
13223 7602 2 2 8 M 30
14564 13222 2 18 98 O 20
12701 13227 2 9 47 O 30
12702 13228 2 6 32 O 20
13226 13231 2 3 15 O 20
13231 13229 2 2 6 O 20
13229 12700 2 2 9 M 10
13229 13230 2 4 21 O 30
13231 13232 2 14 75 O 30
7427 21223 2 8 40 O 30
8847 7436 2 6 31 M 30
7436 8848 2 10 50 O 10
8847 7581 2 6 29 M 20
7581 6407 2 1 3 O 20
6407 7571 2 14 74 O 10
7571 7573 2 3 14 O 30
7573 21216 2 3 11 O 20
21215 7432 1 4 19 O 10
7432 21216 1 15 83 O 30
21215 21224 1 14 73 M 30
21224 21222 1 23 124 O 10
10759 18690 1 13 72 O 30
20076 16384 2 4 17 O 10
16384 28299 2 1 2 O 10
28299 16374 2 2 11 O 10
16374 28311 2 4 18 O 30
28311 28309 2 3 16 O 30
28309 28307 2 6 29 O 20
28307 16383 2 1 2 M 10
16383 28305 2 1 3 O 10
28305 20075 2 6 28 O 10
20075 28303 2 7 36 O 30
28303 28301 2 6 31 M 20
28301 12758 2 5 26 O 10
12758 23019 2 1 2 M 20
6569 13234 2 22 119 O 10
1452 12892 2 37 201 M 20
12892 13273 2 31 172 O 20
13273 6570 2 12 61 O 30
6570 1453 2 2 11 O 20
1453 12810 2 4 18 M 10
12810 1454 2 14 73 O 30
1452 13233 2 19 104 O 30
13235 13238 2 6 29 O 10
13238 13237 2 11 58 O 30
13238 13236 2 9 45 M 20
8766 13239 2 18 98 M 30
13240 13241 2 8 43 O 30
13242 13243 2 11 59 O 30
13248 16758 2 18 95 O 20
13249 28229 2 15 80 O 30
13246 13250 2 27 146 O 20
13251 13252 2 12 66 M 10
13245 13254 2 15 83 O 20
13034 13255 2 8 40 O 20
13256 13257 2 11 57 M 10
13259 948 2 12 65 O 30
27683 27681 2 3 15 O 20
27681 27679 2 3 16 O 20
27679 27677 2 3 16 M 10
27677 948 2 4 17 O 10
948 27691 2 5 27 O 30
27691 5891 2 11 59 M 30
5891 27692 2 24 131 O 20
13260 15148 2 7 33 O 30
15148 13261 2 5 25 O 10
13264 13262 2 21 115 O 20
13273 13272 2 17 90 O 20
13266 13268 2 19 101 O 30
13268 13269 2 2 10 O 20
13277 13276 2 10 53 O 10
13060 13265 2 7 36 O 10
13269 13270 2 3 13 O 30
13275 13274 2 20 109 O 10
13267 13271 2 15 79 O 20
13278 13279 2 8 42 O 30
13282 13283 2 10 54 O 10
6566 13266 2 14 75 O 30
13266 13267 2 3 13 O 10
13267 16406 2 12 62 O 20
16406 1321 2 2 6 O 10
13287 13288 2 9 49 O 10
13289 13290 2 7 39 M 10
13291 13292 2 10 55 O 30
13292 13293 2 15 81 M 30
13285 13286 2 15 79 O 20
13294 13295 2 2 8 O 10
11102 5622 2 6 32 O 30
5622 6819 2 2 9 O 30
6819 6817 2 1 3 O 10
6817 2472 2 2 10 O 10
2472 6814 2 4 18 O 10
6814 6812 2 3 14 O 20
6812 13294 2 2 11 M 20
13294 6810 2 1 2 M 20
6810 6807 2 1 3 O 10
6807 6804 2 4 21 O 10
6804 15103 2 5 23 O 30
13296 13297 2 9 48 M 30
13296 18430 2 3 12 M 30
18430 2656 2 13 69 O 20
2656 11476 2 16 84 O 20
16551 28869 2 10 55 O 10
28869 16563 2 5 27 O 20
16563 13296 2 28 153 O 30
8419 13298 1 6 30 O 10
13299 13300 2 4 20 O 20
13300 28687 2 2 8 M 20
28687 28684 2 4 22 M 20
28684 13302 2 3 15 O 20
13300 13301 2 10 53 O 30
13304 3721 2 22 118 O 20
13303 5557 2 11 57 O 30
12224 13306 2 17 91 O 10
13307 13308 2 11 60 O 20
13309 13310 2 11 58 O 30
13311 20815 2 11 57 O 20
13312 22834 2 10 50 O 20
13313 13314 2 18 96 O 30
16362 14529 2 1 3 M 10
14529 12458 2 11 60 O 20
12458 9517 2 17 90 O 10
9517 16363 2 22 122 O 30
16363 16364 2 12 63 M 10
12452 10811 2 10 50 O 30
12452 16371 2 8 43 O 20
16371 12453 2 14 73 O 10
13323 13322 2 6 32 O 20
13320 13318 2 3 15 O 20
13319 13320 2 6 33 O 10
13320 13321 2 2 6 O 20
13316 13317 2 9 49 O 10
13328 13329 2 8 41 O 20
13326 13325 2 7 34 O 30
13332 13331 2 6 33 O 20
13330 1320 2 12 64 M 10
1320 6566 2 20 109 O 10
18012 17868 2 42 232 O 10
17868 13351 2 3 14 O 10
13353 13347 2 90 497 M 30
17862 13345 2 36 199 O 20
18013 13349 2 17 90 O 10
13343 13341 2 8 43 O 20
14595 7321 2 40 222 M 10
28525 13342 2 26 142 O 20
16408 16407 2 34 189 O 20
13102 13103 2 11 59 O 30
13101 13102 2 2 7 O 20
13098 13356 2 4 21 O 30
13356 13354 2 2 9 O 10
13354 13355 2 1 3 O 10
13359 13360 2 10 50 M 20
13361 13360 2 6 32 O 10
13360 13358 2 10 54 O 30
13365 13366 2 23 128 O 20
13095 13371 2 15 78 O 20
13372 13373 2 11 59 O 30
18292 23439 2 24 133 O 10
13378 13379 2 11 57 O 10
12981 13380 2 10 55 O 20
13090 13381 2 6 31 O 30
24398 13383 2 3 16 M 20
13383 27966 2 4 19 O 20
27966 13382 2 10 53 O 30
13383 13384 2 20 109 O 20
13386 13385 2 20 106 O 30
13387 13389 2 4 17 O 30
11388 13392 2 12 65 O 30
28704 17182 2 13 70 O 20
17182 13389 2 22 119 O 30
13389 15440 2 3 12 O 20
15440 13388 2 12 66 O 10
13394 13393 2 4 18 M 20
13395 333 2 5 23 O 30
333 13394 2 1 3 O 30
13394 329 2 3 14 O 20
329 336 2 13 69 O 10
336 335 2 13 69 O 20
335 13391 2 12 61 O 10
13397 13398 2 11 60 O 20
13402 13400 2 7 35 O 30
6578 13403 2 11 59 O 10
21479 13406 2 10 54 O 30
6579 13404 2 4 17 O 10
13404 13405 2 12 63 O 10
13419 3873 2 4 19 M 20
3873 3875 2 3 15 O 20
3875 3877 2 3 15 M 30
3877 13420 2 4 18 O 20
1087 3929 2 6 29 O 20
3929 13420 2 2 7 O 20
13420 3879 2 4 18 M 30
3879 13417 2 3 15 O 10
13414 3945 2 4 20 O 30
3945 3951 2 2 10 O 20
3951 3949 2 3 14 O 30
3949 3926 2 1 4 O 10
3926 3947 2 1 5 O 30
3947 13418 2 4 17 O 10
13416 13417 2 12 65 O 30
13411 3761 2 4 20 O 30
3761 13413 2 10 54 O 20
13410 13409 2 11 60 O 10
28711 2483 2 2 9 O 10
13422 13424 2 9 45 O 30
13421 13423 2 20 106 O 10
13427 13426 2 10 51 M 20
13426 14896 2 2 8 O 10
14896 14895 2 4 19 M 20
14895 3998 2 4 20 M 20
3998 14897 2 1 1 O 10
13428 13429 2 22 120 O 30
13438 13789 2 11 60 O 30
21808 13440 2 20 111 O 20
13441 1215 1 12 63 O 30
13449 13451 2 15 82 O 20
13451 13452 2 9 46 O 30
13462 13459 2 11 59 O 30
13451 26555 2 11 58 O 10
26555 12846 2 5 23 O 30
13450 7821 2 8 43 O 30
7821 13446 2 2 10 O 20
13460 13458 2 11 58 O 30
13472 13468 2 11 59 O 20
13467 13466 2 6 28 M 20
13447 1839 2 8 39 O 30
1839 13443 2 2 10 O 10
13464 13461 2 11 61 O 10
13453 13454 2 6 32 M 30
13454 13457 2 15 79 M 30
13465 13463 2 11 61 O 10
13471 13473 2 20 106 O 30
13448 7823 2 5 25 O 30
7823 13445 2 5 25 O 30
13456 13563 2 3 12 O 20
13469 13470 2 12 65 O 30
13481 13482 2 36 199 O 10
13479 13477 2 13 69 O 10
13476 13478 2 6 32 O 10
13480 13481 2 7 37 O 30
13488 13484 2 11 58 O 20
13493 13489 2 6 29 O 20
13490 13486 2 11 56 O 30
13491 13487 2 7 36 O 20
13494 13492 2 10 52 O 30
13483 13485 2 8 40 O 10
13495 5743 2 1 4 O 30
5743 5744 2 10 51 O 20
5744 13496 2 6 31 O 10
13497 13499 2 19 104 O 30
13499 13501 2 3 16 O 20
13501 13503 2 4 18 O 30
13503 13505 2 3 16 O 30
13505 13498 2 4 21 M 10
13499 13500 2 16 87 O 10
13501 13502 2 16 87 O 10
13503 13504 2 16 87 O 20
13505 13506 2 16 88 M 20
10685 10686 2 7 35 O 20
13507 13508 2 10 51 O 30
18710 13510 1 9 49 M 30
13510 13512 1 8 40 O 20
21207 20606 2 4 20 M 10
13513 7591 2 7 34 O 10
7591 13514 2 6 33 M 30
21209 13515 2 11 59 O 20
13517 13520 2 9 47 O 30
1442 13538 2 2 10 O 30
13529 13530 2 10 52 O 20
13531 13532 2 10 51 O 20
19674 13527 2 4 21 O 20
13527 13528 2 6 29 O 10
13528 13526 2 5 25 M 10
13533 13534 2 5 26 O 10
13518 13521 2 10 52 O 20
13522 20314 2 6 31 O 30
20314 18394 2 4 21 O 30
13523 18401 2 6 32 O 10
1444 13537 2 11 56 M 30
13516 13519 2 10 52 O 20
13539 13542 2 13 69 O 30
13542 13540 2 2 7 O 30
13542 13543 2 6 32 O 30
13540 13541 2 11 56 O 30
13544 13545 1 3 13 O 30
13549 13548 1 3 13 O 10
13546 13545 2 4 21 O 30
13545 13549 2 1 5 O 20
13549 13547 2 20 107 O 10
13550 13551 1 12 62 O 30
13551 13552 1 9 48 M 30
13551 13554 1 3 12 O 10
15329 13547 2 3 13 O 20
13547 13553 2 21 115 O 30
13550 13555 2 19 103 M 10
13556 13557 2 5 25 O 20
17232 11361 2 9 49 M 10
11361 17223 2 6 29 M 20
17223 17222 2 2 9 O 10
17222 14784 2 3 13 O 30
14784 20954 2 6 29 M 30
12397 12391 2 38 206 O 10
13560 13559 2 14 77 O 10
13561 13562 2 8 44 O 20
13564 13565 2 10 53 O 20
13570 11596 1 1 5 O 20
11596 27795 1 3 12 O 20
27795 27768 1 1 5 M 30
27768 27794 1 3 14 O 10
27794 27792 1 4 17 O 30
27792 27790 1 3 16 M 30
27790 27788 1 4 17 O 30
27788 13566 1 3 16 O 20
13566 27785 1 4 17 M 30
27785 27767 1 1 5 O 10
27767 27783 1 3 16 M 20
27783 27766 1 3 16 O 20
27766 27780 1 1 5 O 10
27780 27779 1 4 17 M 10
27779 27775 1 3 16 O 10
27775 27771 1 4 17 O 10
27771 13567 1 2 7 O 10
27672 27770 2 2 10 O 10
13571 3756 2 13 72 M 30
13189 28550 2 26 143 M 30
28550 8639 2 1 5 M 10
10739 13572 2 14 75 O 20
13573 16403 2 113 627 M 20
16403 10357 2 14 73 O 10
13574 13575 2 7 34 O 10
13583 13582 2 12 61 O 20
18795 13581 2 2 6 O 20
9675 13576 2 7 34 M 30
13579 13578 2 4 20 O 30
8507 16205 2 11 60 O 20
13584 13585 2 8 43 O 20
20424 13588 2 7 38 O 20
20426 8411 2 7 37 O 10
13001 20426 2 8 40 O 20
13589 14201 2 10 51 O 10
13592 13591 2 12 65 O 30
14201 5928 2 10 55 O 30
5928 13001 2 4 21 M 20
13001 5931 2 7 36 O 10
5931 6402 2 1 1 O 20
6402 5930 2 8 41 O 10
12790 12791 2 5 24 O 10
12791 12792 2 18 96 O 30
12792 19617 2 2 11 M 30
13641 13639 2 25 136 O 30
13613 13616 2 12 65 O 10
21896 20768 2 2 8 O 10
20768 13617 2 4 22 O 30
13617 21897 2 9 50 O 30
21897 26625 2 17 89 O 30
26625 26623 2 1 4 M 10
26623 13621 2 5 27 O 20
13621 13622 2 8 43 O 10
13622 13623 2 6 28 O 30
13623 13624 2 4 21 O 30
13624 26661 2 6 31 O 10
26661 26062 2 2 7 O 10
26062 13626 2 5 25 O 30
13626 13628 2 5 24 O 20
13628 26643 2 5 27 O 30
26643 26614 2 5 24 O 30
26614 26612 2 4 22 O 20
26612 26616 2 6 31 O 20
26616 26066 2 31 172 O 20
26066 25922 2 3 14 O 20
25922 26064 2 5 27 O 20
26064 13633 2 3 13 O 30
13624 26653 2 6 31 O 20
26653 26649 2 4 18 O 10
26649 13615 2 7 34 M 20
21897 13613 2 7 36 M 10
13613 13608 2 7 33 O 10
13608 26061 2 2 6 M 30
26061 26645 2 11 56 O 10
26645 13606 2 4 19 O 10
13640 13637 2 20 109 O 10
13626 13619 2 14 77 O 10
13622 13620 2 6 32 O 20
13620 26639 2 2 6 O 30
26639 26642 2 9 46 O 10
26642 26641 2 8 42 M 20
26639 26641 2 15 81 O 20
26641 26640 2 6 31 O 10
13623 26647 2 18 99 O 30
26647 13612 2 2 6 O 10
13608 13617 2 25 136 O 10
20766 21881 2 9 47 O 10
21881 5895 2 13 72 O 30
5895 21882 2 1 5 O 10
21882 13601 2 22 117 O 30
13599 13603 2 3 15 O 30
13603 26028 2 19 100 O 10
26028 13611 2 4 20 O 10
13600 13607 2 17 91 O 20
13603 26029 2 14 73 O 10
26029 26027 2 4 21 O 20
21902 13604 2 33 182 O 10
13595 13594 2 10 52 M 10
13627 13632 2 16 84 O 10
13602 13610 2 20 106 O 10
13625 13629 2 9 49 O 10
13596 13597 2 23 126 O 20
13598 20767 2 40 222 O 30
13642 13733 2 57 315 M 10
13609 13618 2 11 58 O 30
13633 13638 2 25 136 O 30
13638 13635 2 45 246 O 10
13621 13620 2 4 18 O 30
13628 13630 2 11 56 O 10
13634 13631 2 13 70 O 10
13604 26046 2 5 22 M 30
26046 13605 2 8 40 O 30
13643 13644 2 2 7 O 10
13644 21979 2 15 81 O 30
13645 13646 2 4 18 O 30
21979 13647 2 6 30 O 30
13660 13650 2 30 162 O 10
5510 13648 2 12 65 O 20
13648 13650 2 5 27 M 30
13650 13651 2 4 19 O 30
13651 13653 2 5 27 O 30
13648 13649 2 6 33 O 30
13649 13658 2 38 208 O 20
13658 13661 2 21 116 O 10
13655 13652 2 23 123 O 20
13649 13659 2 36 199 O 20
13659 13658 2 3 13 O 10
13663 13665 2 18 99 O 20
13665 13666 2 7 37 O 30
13659 13662 2 17 91 O 30
11057 13651 2 35 192 O 10
16219 13656 2 16 87 M 30
13656 13654 2 10 52 O 10
16221 13664 2 8 41 O 30
9821 9072 2 1 5 O 20
13674 25401 2 2 9 O 20
25401 1737 2 28 154 O 10
13671 13669 2 7 35 O 30
13672 13668 2 8 43 O 30
13673 13670 2 7 34 O 10
13437 13675 2 2 11 O 10
25809 13244 2 17 93 O 30
18393 13529 2 4 19 O 30
13529 30258 2 2 7 O 30
30258 13530 2 2 7 M 30
13530 13531 2 5 23 O 20
13531 30259 2 2 8 O 30
30259 13532 2 2 8 O 20
13532 18383 2 6 33 O 10
18383 20336 2 9 49 O 30
20336 20334 2 3 15 O 30
13524 19563 2 7 35 O 20
19563 13525 2 3 16 M 10
13525 13524 2 3 12 O 30
12990 8834 1 11 61 O 30
14752 13681 2 4 17 M 10
14752 13682 2 65 360 O 10
13684 13683 2 20 107 O 20
13685 1495 2 11 58 O 10
13689 13688 2 8 44 O 20
13693 13691 1 6 31 O 10
13692 21357 1 10 50 O 10
21357 13691 1 10 55 O 10
13691 13690 1 2 6 O 10
13690 21278 1 3 14 O 10
29444 29449 2 30 166 O 20
13695 28394 2 3 14 O 30
28394 13696 2 15 79 O 20
13697 12578 2 4 19 O 20
13698 13699 2 25 136 O 20
13700 13701 2 25 137 O 30
13702 13703 2 16 84 O 10
12162 12160 2 24 131 O 20
12160 30185 2 67 372 O 20
13704 13706 2 14 76 O 30
13706 13705 2 4 19 O 20
13706 13707 2 6 30 O 20
13708 13709 2 7 36 M 20
13710 13711 2 9 48 O 10
1462 13712 2 5 24 O 20
11911 13713 2 7 34 M 20
11912 13714 2 7 38 M 20
11727 13715 2 12 61 O 10
11725 13716 2 10 55 O 20
13718 13719 2 11 59 O 10
13719 12433 2 10 50 O 20
13719 13720 2 8 42 O 30
13722 23112 2 3 15 O 10
23112 13723 2 4 19 O 20
13723 13725 2 3 14 O 30
7422 28362 2 10 53 O 30
28362 13721 2 3 17 O 20
21512 8085 2 5 25 O 20
8085 13726 2 1 6 O 20
13726 8084 2 15 83 O 30
8084 8085 2 20 107 O 20
8976 5437 2 23 124 O 10
14281 17219 2 11 60 O 30
17219 14705 2 6 32 M 30
14705 14702 2 1 4 M 30
14702 10699 2 6 31 O 20
10699 20759 2 11 60 O 10
20759 20753 2 6 30 O 10
20753 10692 2 1 3 O 30
14268 18546 2 24 131 O 10
18546 10661 2 26 139 M 10
13727 11037 2 16 86 O 10
13728 13729 2 19 105 O 10
13731 13730 2 16 85 O 10
13368 13731 2 7 37 O 30
13731 13732 2 6 30 O 10
13735 21233 2 3 13 M 20
13734 6006 2 66 362 O 20
11960 13736 2 15 80 O 30
22054 13737 2 7 36 M 30
10610 13738 2 16 84 O 10
30198 11019 2 19 102 O 20
16922 13739 2 10 50 O 20
13741 13742 2 24 128 M 30
13742 26717 2 9 48 O 10
13746 13745 2 1 4 M 10
13745 14526 2 6 30 O 20
14526 10961 2 4 19 O 30
10961 26690 2 4 21 O 20
26690 14615 2 6 28 O 10
16216 13749 2 9 47 O 20
13749 10962 2 4 17 M 30
10962 16217 2 16 84 M 10
16217 26678 2 6 32 O 30
26678 13899 2 1 4 M 10
13899 26680 2 2 8 O 30
26680 26682 2 2 6 O 10
26682 26778 2 2 7 O 30
26778 26686 2 2 8 O 30
26686 26685 2 1 4 O 10
26685 26780 2 3 16 O 30
26780 26776 2 6 32 O 30
26776 26773 2 23 127 O 20
26773 13746 2 2 9 O 30
13748 26823 2 24 130 O 20
26823 13749 2 14 74 O 10
10109 10110 2 9 48 M 30
13750 26116 2 15 80 O 30
26116 26117 2 8 41 O 10
13755 13756 2 12 63 M 10
13756 16656 2 12 66 O 20
16656 13757 2 13 71 O 10
13757 13758 2 23 127 O 20
13761 13762 2 18 98 O 10
20304 21708 1 6 30 O 10
28879 13767 2 5 26 O 20
13767 13770 2 25 134 M 10
13770 13772 2 5 25 O 10
13769 13767 2 12 62 O 10
13773 13768 2 11 57 O 20
13777 5651 2 12 62 M 10
5651 13774 2 2 8 O 30
13774 26932 2 24 132 M 20
26932 13773 2 4 21 M 30
13773 26931 2 9 49 O 20
26931 13766 2 10 55 O 20
13770 13769 2 9 49 M 20
13769 13771 2 3 11 M 10
13776 1719 1 5 25 O 30
1719 13775 1 12 64 O 20
21373 1761 1 4 20 M 10
1948 13785 2 9 45 O 20
13764 13785 2 7 36 O 10
10643 29021 2 10 51 O 20
29021 13787 2 16 87 O 30
13790 29359 2 23 127 O 10
23366 13792 2 2 11 O 30
13792 13793 2 2 9 O 30
13795 13815 2 11 60 O 10
13796 13793 2 23 126 O 10
2788 23365 2 2 10 O 20
23365 23364 2 5 25 O 10
13800 13803 2 3 12 O 10
13801 3541 2 1 4 M 10
3541 13795 2 9 48 O 30
3542 13801 2 14 74 O 20
13803 3541 2 22 118 O 10
2789 3540 1 24 128 O 20
13804 13805 2 12 63 O 20
13806 13813 2 11 58 O 30
13813 23058 2 1 3 O 20
23058 13811 2 3 12 O 30
13811 13807 2 3 16 O 10
13807 13809 2 3 15 O 10
13807 13808 2 9 44 M 30
13809 13810 2 9 44 O 10
13811 13812 2 8 44 O 30
13813 13814 2 8 44 O 10
2708 1145 2 8 41 O 20
9836 13816 2 6 33 O 20
13816 13820 2 9 46 O 10
13820 13821 2 3 12 M 30
13821 13817 2 4 19 O 30
13817 13825 2 4 20 M 30
13825 3985 2 16 87 M 20
3985 13830 2 4 18 O 10
13830 1142 2 1 4 O 30
13825 13824 2 18 95 O 10
13819 13818 2 10 51 O 20
13818 26878 2 5 23 O 10
26878 13819 2 4 20 O 30
2710 13830 2 65 357 O 20
13825 13826 2 13 68 O 30
13826 13827 2 33 181 O 10
13827 13828 2 5 27 O 20
13828 13826 2 29 158 M 30
13827 26873 2 56 310 O 10
13832 14023 2 14 75 O 10
13829 13833 2 5 26 O 30
13824 13823 2 4 20 O 20
13823 13822 2 4 19 O 10
2711 13834 2 9 46 O 10
13834 10941 2 2 6 O 10
10941 13831 2 3 13 O 10
13838 13837 2 23 124 O 30
22034 13842 2 11 60 O 30
13842 13840 2 34 184 O 30
13841 13842 2 13 70 O 30
13844 13843 1 24 130 M 30
13845 6152 2 6 28 O 20
6152 6163 2 6 28 M 10
6163 13844 2 1 4 O 20
13844 13846 2 15 79 O 10
13846 6208 2 10 54 O 10
6208 13847 2 14 75 O 30
16049 13848 2 15 82 O 20
29153 10354 2 3 12 O 10
13850 16019 2 7 34 O 20
16019 13851 2 10 50 O 30
13852 29153 2 16 83 O 10
29047 23399 1 4 18 O 20
23399 23395 1 13 67 O 20
23395 16169 1 12 62 O 10
16169 24889 2 4 19 M 30
24889 22848 2 11 57 O 20
22848 14881 2 19 100 O 10
10620 29905 2 5 26 M 20
29905 29907 2 4 21 O 10
29907 29903 2 2 10 O 20
29903 16318 2 1 2 O 30
16318 29901 2 4 17 O 10
29901 29047 2 5 24 O 20
12516 21466 2 3 14 O 10
21466 14902 2 21 116 O 20
22049 16636 2 10 53 O 20
16636 5779 2 1 5 O 20
5779 20774 2 6 33 O 20
20774 20775 2 13 72 O 30
20775 22032 2 16 83 O 10
22032 20540 2 8 40 O 30
20540 20776 2 6 32 M 20
20776 5676 2 10 54 O 30
5676 20530 2 6 28 O 10
20530 20777 2 3 15 O 10
20777 22037 2 3 13 O 10
22037 12067 2 8 39 O 10
20772 13854 2 20 106 M 10
13855 13856 2 11 60 O 10
13854 13855 2 3 11 O 10
18255 6433 2 12 66 O 30
6433 13858 2 1 6 O 20
13859 13860 2 7 37 O 10
21163 1357 2 32 178 M 30
12268 13861 2 23 124 O 20
13862 13863 1 4 19 O 10
13865 29361 2 13 68 O 10
29361 13866 2 7 34 O 20
23593 12694 1 8 43 O 30
13871 13872 2 9 45 M 30
6528 14199 2 6 33 O 10
14199 13878 2 7 38 O 20
13878 13873 2 7 38 O 30
13876 13875 1 5 24 O 30
13875 13874 1 2 8 M 20
13874 13876 1 2 8 O 30
13875 5090 2 5 25 M 30
5090 5089 2 4 18 O 20
5089 26829 2 4 17 O 20
26829 13877 2 5 25 O 30
13867 13890 2 12 63 O 30
13890 405 2 14 74 O 10
405 403 2 12 66 O 10
403 9830 2 9 48 O 10
14196 5412 2 4 18 O 10
13879 5412 2 15 81 O 20
5412 28066 2 2 9 O 20
28066 5829 2 22 122 O 20
5829 8042 2 1 5 O 20
8042 13880 2 9 49 O 30
6537 13882 2 10 55 O 30
13882 13881 2 24 131 O 10
13882 13883 2 12 62 M 10
6537 13884 2 15 82 O 20
9830 13885 2 12 66 O 30
15808 11977 2 10 54 O 20
11798 8728 2 10 50 O 10
8728 14439 2 5 25 O 10
14439 6392 2 3 12 O 10
6392 15797 2 5 27 O 20
15797 15791 2 9 47 O 20
15791 15799 2 13 68 O 10
15799 12261 2 6 29 O 10
12261 15804 2 5 23 O 20
15804 15806 2 5 24 O 10
15806 15808 2 11 58 M 20
13888 13889 2 6 33 O 20
13890 13893 2 8 42 M 30
13893 13892 2 3 13 O 30
13892 13891 2 1 5 O 20
13892 13894 2 14 75 O 20
13893 13894 2 12 62 M 30
8525 13895 2 8 41 O 20
13897 28725 2 3 13 M 30
28725 26821 2 2 6 O 30
26821 13898 2 30 166 O 30
26687 13899 2 11 56 O 10
11019 13909 2 25 138 O 30
13909 16211 2 10 52 O 20
16211 16212 2 17 93 M 20
23417 18747 1 4 18 O 10
13905 13906 2 4 17 O 30
13906 25218 2 1 1 O 30
25218 13924 2 10 51 O 20
25218 13907 2 12 65 M 10
13906 13908 2 11 56 O 30
13903 26485 2 18 95 O 10
26485 13904 2 4 20 M 20
13909 13910 2 7 37 O 10
13918 13917 2 5 26 M 20
26694 13913 2 4 17 O 30
13913 13912 2 18 96 M 10
13912 13911 2 12 64 O 10
13911 13913 2 9 45 O 10
13915 4128 2 4 17 O 20
4128 4126 2 1 4 O 30
4126 4124 2 2 11 M 10
4124 4122 2 1 4 O 30
4122 13916 2 4 18 O 10
13916 4116 2 3 14 M 20
4116 4120 2 2 7 O 20
4120 4114 2 2 9 M 10
4114 4112 2 3 15 O 30
4112 4105 2 6 31 O 10
13919 8006 2 12 63 O 10
13925 26494 2 3 15 O 20
26494 26482 2 3 16 M 10
26482 15661 2 2 9 O 10
13927 13929 2 11 58 O 10
15777 13928 2 6 28 O 30
13931 13930 2 11 58 O 30
13932 24242 2 6 30 M 30
24242 24244 2 5 26 O 10
24244 13933 2 2 7 O 20
13935 13934 2 9 47 O 30
13936 24057 2 9 45 M 30
24057 13937 2 11 59 O 30
13941 9899 2 14 77 O 20
19193 21592 2 4 17 O 20
21592 21593 2 4 18 M 20
21593 26247 2 31 167 O 20
26247 13942 2 3 13 O 30
5892 422 2 1 1 O 10
422 11266 2 8 44 O 10
11266 21390 2 34 189 O 30
21390 28069 2 2 7 M 10
28069 2255 2 7 34 O 10
2255 19859 2 4 19 O 30
19859 9257 2 2 10 O 30
9257 5894 2 2 11 O 10
422 299 2 3 14 M 10
299 287 2 7 34 O 30
287 289 2 4 18 O 30
289 290 2 3 16 M 30
290 435 2 6 33 O 30
435 285 2 6 32 O 20
285 11262 2 2 8 O 20
28071 28072 2 4 18 M 10
28072 28057 2 5 26 O 10
28057 19855 2 10 51 O 10
19855 9258 2 2 10 O 20
9258 11269 2 2 10 O 20
11266 424 2 6 29 O 30
424 11267 2 6 29 O 10
22020 13945 2 21 115 O 10
22018 13946 2 16 88 O 20
22020 13947 2 9 46 O 20
22013 22012 2 12 63 O 20
22012 14163 2 7 36 O 10
14163 14162 2 6 32 O 20
14162 14160 2 3 12 M 30
14160 14159 2 5 24 O 20
14159 13948 2 3 12 O 20
8063 10864 2 24 130 O 10
10864 23353 2 2 7 M 10
13950 13953 2 4 19 O 20
13953 13962 2 19 104 O 30
13962 20942 2 4 21 O 20
20942 2644 2 6 32 O 30
1206 10937 2 7 35 O 10
10937 13950 2 14 74 O 10
13952 13953 2 14 72 O 30
13961 13960 2 4 19 O 30
13954 13956 2 10 50 O 10
13959 13958 2 12 63 O 30
13957 13955 2 19 105 O 20
3526 3527 2 4 17 O 20
3527 3528 2 3 15 O 30
13962 3530 2 20 106 O 10
22026 20322 2 17 92 O 30
20322 22025 2 16 87 M 30
13964 13965 2 20 110 O 10
13966 27008 2 15 80 O 10
13966 13967 2 8 40 O 10
13975 13974 2 8 42 O 30
13974 13973 2 3 11 O 30
13981 13980 2 12 62 O 30
20951 13977 2 6 33 O 10
13975 13976 2 12 64 O 20
13970 13971 2 6 30 O 30
13974 22654 2 4 21 M 20
13979 13978 2 11 57 O 10
14471 1561 1 2 6 O 30
1561 14470 1 3 13 O 10
14470 1559 1 8 41 M 30
1559 14471 1 4 17 O 20
11993 13987 2 4 21 O 10
13987 13986 2 5 26 O 30
13986 13985 2 8 42 M 10
13996 13993 2 9 46 O 10
13990 13989 2 10 53 O 20
13994 13995 2 4 18 O 10
13998 13997 2 14 75 O 20
13991 11996 2 28 151 O 10
11996 11997 2 8 40 O 10
9762 9763 2 11 56 O 20
14001 14000 2 8 41 O 10
14002 14003 2 5 25 O 30
22167 14004 2 22 122 O 30
12520 14006 2 4 18 M 10
14006 14005 2 5 26 O 10
14005 4730 2 41 224 O 20
14005 27435 1 23 127 O 10
27435 14006 1 20 107 M 30
14011 14009 2 30 164 O 10
14007 14008 2 14 77 O 30
14010 14011 2 6 33 M 30
14011 14013 2 12 65 O 30
14012 9604 2 23 123 O 20
14015 14014 2 8 43 M 20
14017 14019 2 11 60 M 20
14016 14018 2 8 44 O 30
14026 14024 2 6 33 O 10
14027 14028 2 18 97 O 20
14028 14026 2 16 84 O 10
14026 14025 2 18 95 O 10
14025 14027 2 22 122 O 20
13969 14029 2 2 11 M 30
9050 14030 2 15 79 M 30
14037 23160 2 8 44 O 30
8191 14042 2 3 16 O 20
14042 14043 2 31 167 M 20
14043 14044 2 3 15 O 20
14044 14045 2 4 21 O 30
16240 14034 2 30 165 O 10
14044 29373 2 46 253 O 10
14038 14036 2 7 38 O 10
14043 14041 2 25 134 O 20
14996 25627 2 41 225 M 20
14032 14031 2 22 118 M 20
14042 23160 2 4 19 O 20
23160 14039 2 2 9 O 20
14063 14062 2 6 29 O 20
14052 14055 2 6 29 O 30
14051 14054 2 19 101 O 10
14061 14059 2 20 109 O 10
14058 14056 2 9 46 O 30
14056 14057 2 4 22 O 10
14050 14053 2 22 119 M 30
14067 14066 2 9 50 O 20
14070 5933 2 11 56 O 20
5933 14071 2 14 75 O 10
21050 27556 2 6 31 O 10
27556 27557 2 8 40 O 30
14590 13192 2 28 155 O 10
13192 12529 2 9 48 O 20
12529 13189 2 33 183 O 30
14072 14073 2 19 100 O 30
14074 14075 2 6 28 O 10
14092 14091 2 11 58 O 20
14080 14077 2 6 28 M 30
14079 14083 2 18 99 O 30
14090 14088 2 25 138 O 20
14082 14078 2 12 64 O 10
14099 14097 2 11 57 O 10
14089 14087 2 21 112 O 10
9612 9613 2 25 137 O 30
14081 14084 2 15 83 M 20
14085 10313 2 15 79 O 30
14096 14103 2 11 57 M 10
14093 14094 2 6 32 O 10
14094 14136 2 6 32 M 20
14136 14141 2 6 29 O 30
14141 14104 2 5 25 O 10
14098 14141 2 13 72 O 30
14101 14095 2 8 42 O 30
10278 14102 2 21 113 O 10
14102 14101 2 2 9 O 30
14101 14100 2 3 16 O 30
14076 9612 2 17 94 O 20
14102 14105 2 8 42 O 30
14094 14096 2 12 65 O 30
14096 14106 2 16 87 O 20
14139 23849 2 13 69 M 30
23849 1800 2 9 49 O 20
1800 14143 2 4 19 O 30
14143 14145 2 5 26 O 10
14118 14113 2 28 154 O 20
14137 14129 2 12 65 O 10
14112 14110 2 8 40 O 10
14133 14114 2 31 172 O 20
11221 14124 2 19 105 M 10
10276 14138 2 6 29 O 20
10280 14126 2 6 33 O 10
14126 14115 2 20 106 O 10
14134 22068 2 4 20 O 30
14144 14147 2 4 21 O 10
14147 14150 2 3 16 O 20
14119 14122 2 5 23 O 30
14126 14125 2 2 6 O 10
14125 14130 2 5 26 O 10
14111 14109 2 11 56 O 30
14125 14121 2 6 30 O 30
14143 14149 2 11 56 O 30
14142 14135 2 11 60 O 30
14135 14132 2 6 29 O 10
14116 14123 2 17 94 O 30
14128 14127 2 9 46 O 20
14135 14140 2 6 31 O 10
14117 14120 2 7 35 O 10
14152 14146 2 14 74 O 30
14146 14148 2 7 38 O 10
14147 14151 2 9 48 O 10
14131 14134 2 4 19 O 30
14134 14136 2 6 33 O 20
10274 14146 2 14 75 O 10
14146 10277 2 6 30 O 30
10277 10791 2 11 58 O 20
20778 14184 2 1 5 O 30
14184 20326 2 8 44 O 10
20326 22027 2 11 56 O 30
22027 22040 2 10 53 O 20
22040 20779 2 7 38 M 20
20779 22019 2 8 41 O 30
22019 22022 2 27 148 O 10
22022 24368 2 19 102 O 30
24368 20290 2 16 86 M 10
20290 20780 2 5 27 O 10
20780 22003 2 2 8 O 20
22003 20781 2 20 110 O 20
22030 14185 2 7 37 O 20
14185 14186 2 6 30 O 30
14186 20285 2 13 67 O 20
20285 14180 2 10 50 O 30
14182 14178 2 4 21 O 10
14162 14165 2 3 12 O 10
14187 14188 2 3 16 O 20
14167 14168 2 4 20 O 20
14173 14172 2 6 29 O 20
14163 14166 2 3 11 O 20
14159 14161 2 2 9 O 30
14160 14164 2 2 11 O 30
14170 14177 2 13 68 O 10
10187 14169 2 3 15 M 10
14176 14179 2 4 21 O 10
14174 14181 2 14 73 O 30
14175 14171 2 7 34 O 30
14186 14187 2 3 12 O 30
14187 14189 2 3 16 M 10
14185 14183 2 4 20 O 20
14157 14158 2 5 23 O 20
9816 14191 2 22 119 O 10
18361 14192 2 7 37 O 30
8376 16836 2 7 36 O 10
16836 14957 2 17 91 O 30
14957 14959 2 15 82 M 10
14959 15671 2 30 163 O 30
15671 17429 2 37 202 O 10
17429 13153 2 32 174 O 10
13153 1633 2 14 73 O 20
14193 14194 2 10 53 O 20
13873 14195 2 10 54 O 10
13878 14198 2 10 51 M 10
14199 14200 2 10 51 O 20
14197 6537 2 11 61 O 30
7712 7983 2 2 11 O 20
7983 14203 2 7 35 O 20
14209 14208 2 4 17 O 20
14467 14209 2 9 47 M 10
14209 14210 2 2 7 O 10
14211 14208 2 2 10 M 30
14208 14207 2 6 30 M 20
14214 14218 2 10 54 O 30
14221 14224 2 4 22 M 30
14213 14215 2 10 54 O 10
14216 14220 2 10 53 O 10
14223 14224 2 7 37 O 10
14222 14219 2 6 31 O 10
14219 14217 2 8 43 M 20
14220 309 2 1 5 O 30
309 312 2 3 14 M 30
312 14218 2 1 5 O 20
14218 314 2 3 14 M 20
314 14215 2 1 5 O 20
14219 14221 2 2 11 O 20
14221 14223 2 3 15 O 10
14212 14213 2 3 14 O 20
14213 313 2 2 6 O 30
313 14214 2 3 13 O 30
14214 311 2 2 6 M 30
311 310 2 3 14 O 30
310 14216 2 1 5 O 20
14225 15357 1 15 81 O 20
15357 19532 2 2 7 O 30
19532 19530 2 1 3 O 30
19530 14227 2 8 39 O 30
14227 27450 2 2 8 O 20
27450 27452 2 6 33 O 30
27452 20518 2 3 16 O 30
14029 14228 2 29 158 O 30
14232 14233 2 11 57 M 20
14234 14235 2 31 167 O 10
15441 22737 2 11 58 M 10
22737 19914 2 8 43 M 30
19914 18356 2 20 107 O 30
15444 9589 1 10 51 O 30
14244 14245 2 15 83 O 10
14245 14243 2 5 24 O 20
18525 14250 2 4 19 O 10
14250 18519 2 14 76 O 30
14245 14246 2 6 31 M 30
14247 14246 2 3 14 M 10
14246 14249 2 3 14 O 10
14249 14248 2 13 69 O 30
14249 14250 2 6 31 M 20
14251 14252 2 18 97 M 30
19017 14308 2 11 60 M 10
14308 19011 2 4 21 M 10
19011 19015 2 4 19 O 30
10266 20956 2 5 23 O 20
20956 14320 2 2 8 O 10
14320 20957 2 3 17 O 10
12816 20915 2 2 8 O 30
20915 10252 2 5 23 O 20
10255 10260 2 19 105 O 10
10261 14323 2 4 18 O 30
14323 14322 2 9 45 O 30
14323 14324 2 6 33 O 30
16066 24870 2 8 41 O 20
24870 14325 2 6 31 M 30
16069 14326 2 10 53 O 20
14327 14328 2 10 51 O 20
14329 14330 2 11 60 M 20
14331 14332 2 7 38 O 30
16072 14346 2 14 77 O 20
16072 14334 2 7 34 M 10
14335 14336 2 10 52 M 10
16065 14337 2 12 64 O 30
14338 14339 2 16 84 O 20
14340 14341 2 5 25 M 10
14342 14341 2 5 23 O 30
14341 14343 2 3 14 O 20
14344 14345 2 5 23 M 10
14347 14348 2 8 43 O 30
14349 14350 2 7 36 M 20
14351 14352 2 10 53 O 10
14354 14355 2 13 70 O 30
14356 14357 2 8 42 M 10
16074 14358 2 20 108 O 20
12773 14359 2 5 27 O 10
14360 14361 2 6 31 O 10
14362 14365 2 79 434 O 30
14364 14366 2 15 78 O 20
14363 14367 2 11 56 O 20
14368 14371 2 5 25 O 20
14371 14369 2 3 16 O 30
14370 14369 2 11 59 O 30
14369 21652 2 85 467 O 10
21652 14370 2 8 42 O 10
14371 14372 2 14 74 O 10
14372 14373 2 4 19 O 10
14373 14374 2 5 24 O 20
14375 11065 2 32 172 O 20
10238 5327 1 7 37 M 30
14376 14377 2 12 62 O 20
14383 14382 2 9 47 O 20
14382 23410 2 14 73 M 10
14384 14381 2 14 73 O 10
14381 14380 2 13 67 O 20
14391 14387 2 9 47 O 30
14390 14385 2 10 54 O 20
14393 14389 2 10 53 M 30
14382 14378 2 7 34 O 10
14394 14386 2 16 86 O 20
14392 14388 2 20 107 O 10
14381 24844 2 8 39 O 10
24844 14380 2 6 32 O 30
14395 14400 2 21 117 O 30
14397 14396 2 16 84 O 10
14398 14399 2 9 48 M 10
28868 14401 2 10 53 O 30
13644 14402 2 3 14 O 30
14406 7897 2 9 49 O 10
7897 14403 2 9 45 O 30
14408 7899 2 10 51 O 10
7899 14405 2 9 49 O 10
14404 1735 2 2 9 O 20
14403 7900 2 4 21 M 20
7900 14404 2 1 3 O 30
14404 14405 2 3 13 O 30
5638 14406 2 5 26 O 20
14406 14407 2 4 17 M 20
14407 14408 2 3 14 O 30
14409 14410 2 4 20 O 10
14411 14412 2 7 38 O 20
14413 14415 2 3 15 O 20
14415 26469 2 6 32 O 20
103 102 2 4 17 M 20
102 14416 2 3 13 O 10
12922 12921 2 7 36 O 30
20788 16817 2 4 19 M 30
16817 13744 2 5 27 M 30
13744 20766 2 69 379 O 20
30190 23656 2 40 219 O 20
11265 28062 2 10 54 M 30
12297 3558 2 7 37 O 20
3558 3556 2 13 69 M 10
3556 8091 2 12 63 O 20
8091 25983 2 12 62 M 30
25983 11418 2 15 80 M 20
14421 4398 2 3 11 O 10
4398 14423 2 5 27 O 10
14422 14421 2 4 18 M 30
11922 14424 2 7 37 O 20
14427 28642 2 15 82 O 10
28642 23533 2 12 66 O 30
12691 14428 2 12 64 M 20
28637 9523 2 7 35 O 30
14430 14431 2 16 84 M 10
3425 14432 1 14 73 O 20
10682 10681 1 2 10 O 20
14434 14435 2 12 64 O 30
14435 14436 2 7 39 O 10
14438 11983 2 5 27 O 10
14438 1539 1 2 10 O 20
1539 1540 1 4 17 O 10
1540 14439 1 7 35 O 30
17489 16571 2 18 98 O 10
16571 19712 2 14 73 O 20
19712 11230 2 3 15 O 20
11230 6575 2 8 41 O 30
6575 16569 2 5 22 O 20
16569 16570 2 10 54 O 10
9108 20873 2 60 329 M 30
14444 14445 2 13 70 O 10
13475 13474 2 9 49 M 10
12255 14446 2 5 26 O 20
14446 13475 2 5 24 O 20
14447 22104 2 20 110 O 30
14450 14451 2 34 187 M 30
14457 14456 2 21 116 O 20
14456 14454 2 7 38 O 30
14454 14453 2 9 49 M 30
14452 22103 2 57 311 M 30
14459 14455 2 20 108 M 20
14448 14449 2 7 37 O 10
14449 14450 2 76 421 O 20
14450 1965 2 40 222 O 20
1965 22113 2 22 120 O 30
14454 14452 2 12 65 O 10
14461 14460 2 36 199 O 10
1965 14458 2 12 65 M 10
23019 2781 2 6 33 O 10
2781 14465 2 13 67 O 10
16900 14462 2 10 51 O 30
14462 14464 2 8 41 O 30
14464 23018 2 2 8 O 10
23018 14463 2 17 92 O 20
14463 23017 2 5 24 M 30
23017 23018 2 13 68 O 30
21804 21802 2 12 63 O 30
21802 21801 2 4 18 M 20
21801 14464 2 10 55 O 30
9679 9676 2 2 7 M 30
1559 1562 2 3 12 O 10
1562 9676 2 7 38 O 20
15696 14259 2 35 194 O 30
18347 14474 2 14 73 O 10
14474 68 2 6 31 O 20
14475 22423 2 14 77 O 10
19636 20124 2 13 67 O 10
20124 20132 2 8 44 O 30
20132 20122 2 5 27 O 10
20122 19633 2 25 134 O 10
19633 20134 2 46 252 O 20
20134 13759 2 27 148 O 10
13759 11926 2 2 7 O 20
14477 14476 2 3 14 M 10
14479 14478 2 25 137 O 30
10803 14485 2 15 78 O 30
14483 14484 2 6 28 O 30
14486 14480 2 21 115 O 20
14481 14483 2 12 65 O 20
14483 14482 2 4 18 O 30
14488 14487 2 6 32 O 20
14493 6547 2 8 41 M 20
6547 6548 2 3 12 O 10
14492 14494 2 7 34 O 10
14491 14495 2 13 68 O 30
5799 16650 2 5 22 O 30
16650 16653 2 23 124 O 20
16653 16654 2 8 44 O 10
16654 19628 2 47 256 O 20
19628 14496 2 6 32 O 30
14496 14498 2 38 207 M 30
14499 14500 2 11 61 O 30
14507 21939 2 1 2 M 10
21939 14509 2 3 13 O 30
14509 14508 2 7 39 M 10
14509 14510 1 11 57 O 20
14510 14511 1 3 13 O 10
14510 14513 1 4 17 O 20
14514 14517 1 3 12 M 30
14517 14515 1 3 11 O 30
14516 14517 1 4 19 O 30
14519 14520 2 5 27 O 20
14520 16054 2 15 80 O 20
16053 14520 1 18 98 M 30
14353 16073 2 19 102 M 30
14333 4256 2 14 75 O 30
4256 14353 2 12 63 O 30
14521 14522 2 11 57 O 10
14523 14524 2 7 35 O 20
14524 10564 2 8 42 O 20
10564 24222 2 2 8 O 10
24222 10565 2 2 7 O 30
10565 24218 2 6 28 O 10
24218 10566 2 31 171 O 30
14524 14525 2 13 72 O 30
14525 10564 2 7 35 O 30
14526 14527 2 3 12 O 30
14527 26774 2 3 12 O 10
11828 14528 1 21 114 O 30
14528 27748 1 27 145 O 10
14540 14542 2 4 22 O 30
14538 14541 2 3 15 O 30
14539 14537 2 6 32 M 30
14530 14534 2 4 21 O 30
14529 14533 2 5 23 O 20
14533 14532 2 2 9 M 20
14533 14531 2 5 27 O 30
14536 14535 2 12 65 O 20
14544 9518 2 4 21 O 10
9518 16372 2 12 62 O 30
14545 9516 2 14 77 M 10
9516 16373 2 8 41 M 20
14546 14547 2 7 36 M 10
802 20342 2 2 9 O 20
20342 5662 2 4 19 O 20
5662 20346 2 6 30 M 30
20346 19678 2 17 93 M 20
19678 5690 2 2 8 O 20
5690 5635 2 13 72 M 30
5635 22007 2 18 99 O 20
22007 20781 2 6 29 O 10
16369 14548 2 10 53 O 10
14549 14551 2 14 76 O 30
14551 14550 2 12 63 O 10
23230 14551 2 7 37 O 20
13256 13247 2 18 97 O 30
14553 13251 2 5 24 M 10
13251 13246 2 6 30 M 30
13246 13245 2 14 74 M 30
13245 13034 2 5 25 O 10
13034 13042 2 17 93 O 30
13042 13051 2 8 41 M 30
13256 13042 2 5 26 O 10
14584 14556 2 16 87 O 10
14556 14555 2 9 48 O 20
14557 14554 2 6 29 O 10
12455 12456 2 7 35 O 10
16365 16368 2 8 41 O 30
16368 12455 2 5 24 M 20
12455 16367 2 30 166 O 10
14568 29095 2 25 136 O 30
29095 14567 2 9 45 M 20
12961 14570 2 14 72 O 30
14570 14571 2 3 12 O 10
14572 14573 2 14 72 M 10
14570 10703 2 10 54 O 20
10853 10854 2 16 85 O 10
10854 2127 2 6 28 O 20
14574 14575 2 18 95 O 30
14575 1547 2 11 59 O 10
1547 30087 2 1 4 O 20
14576 22513 2 1 5 O 20
22513 11543 2 4 19 O 30
14577 14576 2 3 13 O 20
17036 17037 1 15 79 O 30
9463 7970 2 10 52 O 10
10616 14579 2 17 93 O 10
1313 16254 2 119 659 O 20
14582 14583 2 11 57 O 20
14587 14588 2 4 19 O 10
14588 14586 2 13 71 O 20
14586 14585 2 3 11 M 30
14585 14588 2 5 25 M 10
14591 14592 2 17 94 O 20
28526 14593 2 7 34 O 10
28526 14594 2 10 51 O 20
9453 29686 1 17 93 O 30
29686 9452 1 15 82 O 10
15659 11526 1 16 88 O 10
11526 12987 1 10 52 M 20
12987 21438 1 5 24 O 30
21438 14257 1 16 85 M 20
14597 14598 2 29 160 M 20
21167 14599 2 30 164 M 20
21167 25577 2 7 38 O 30
25577 17561 2 14 73 O 10
14600 14601 2 11 58 M 30
17546 14602 2 29 159 M 10
14603 17560 2 7 35 O 10
21168 25579 2 6 31 O 30
25579 14604 2 9 45 O 20
14605 25582 2 19 105 O 30
25582 14606 2 9 46 M 20
14607 14608 2 25 136 O 20
14609 14610 2 17 93 O 30
14611 14612 2 11 60 O 10
14613 14614 2 24 131 M 10
12553 4383 2 3 11 O 30
4383 10283 2 6 33 O 20
10283 12552 2 4 19 M 20
20997 516 1 5 28 O 20
516 25378 1 28 151 O 10
25378 6650 1 59 326 O 10
6650 10594 1 8 42 O 20
20770 2529 1 7 36 O 10
10768 10769 1 7 34 O 10
30200 20770 2 47 261 O 10
14621 26770 2 6 32 O 10
26770 14620 2 6 29 O 10
14620 13129 2 5 27 O 20
10766 2533 1 8 39 M 20
2533 2531 1 8 39 O 30
13137 14620 1 8 42 M 20
10968 14618 2 7 35 O 30
20764 14617 2 5 24 O 10
13138 14619 2 7 34 M 10
13137 13129 2 7 36 M 10
20763 13137 2 4 20 O 20
14619 20763 2 12 62 M 20
13129 26771 2 3 16 O 20
26771 10968 2 5 26 O 20
13138 10767 1 13 69 O 10
10767 2535 1 6 33 O 20
10970 10971 2 20 110 M 10
10971 18212 2 58 321 O 10
18212 10372 2 66 363 M 20
10372 13593 2 21 114 O 30
13593 20766 2 84 461 O 20
14618 19028 2 16 86 O 20
19028 20764 2 22 119 O 10
10966 14616 2 6 32 O 10
14616 13129 2 5 24 O 10
14615 26688 2 2 9 O 30
26688 6055 2 4 19 O 20
6055 10966 2 3 13 O 30
11309 10773 1 108 595 O 10
21832 11310 1 49 269 O 10
9707 9706 2 18 96 O 20
14624 18903 2 14 74 O 30
14636 21089 1 67 372 M 30
4391 8447 1 8 41 O 20
14637 8818 1 28 153 O 10
12431 8448 1 12 67 O 30
14635 8821 1 34 189 O 10
20849 11413 1 22 119 O 30
14632 12235 1 43 236 O 10
14634 11410 1 26 144 O 10
14627 21237 1 5 27 O 20
24389 24388 1 3 13 O 30
20269 21347 1 7 37 O 10
21347 24389 1 8 43 O 30
21237 24387 1 9 48 O 20
12332 12427 1 8 40 O 20
14625 18903 1 10 51 O 10
24386 21348 1 9 48 M 10
14622 11305 1 9 49 O 20
14633 8447 1 6 33 O 30
14638 8448 1 15 83 O 20
14630 11412 1 32 173 O 10
8447 14631 1 36 197 O 20
14631 14629 1 36 196 O 20
12354 11313 1 32 175 O 20
11307 20853 1 29 158 O 20
20853 14630 1 18 99 O 20
14629 11312 1 25 138 O 30
14623 25799 1 151 836 M 30
24389 19512 1 7 37 O 20
19512 22883 1 16 85 O 10
24388 18936 1 3 14 O 30
14628 21052 1 16 85 O 10
24387 21001 1 9 45 O 10
21001 17028 1 9 45 O 30
21052 21346 1 26 141 M 20
8849 7182 1 6 30 O 10
7182 7180 1 6 29 O 10
7180 7178 1 2 10 O 30
7178 7176 1 6 28 O 20
7176 21220 1 5 23 O 20
12522 18339 2 7 34 O 20
8997 2195 1 4 19 O 10
2195 24333 1 2 10 O 20
18339 18114 1 7 34 M 30
2899 24332 1 7 35 O 20
9900 15360 2 13 72 O 20
15360 840 2 6 29 O 30
14641 12347 1 184 1022 M 30
11317 3936 1 90 500 O 30
14643 11303 1 15 79 M 10
12426 28348 1 40 220 O 10
9651 11365 1 19 101 O 30
14645 14646 2 12 63 O 10
12451 12456 1 30 165 M 10
12451 16367 2 7 34 M 20
16367 16366 2 12 65 M 20
16366 14536 2 6 30 O 10
14536 12452 2 11 56 O 20
14658 14657 1 14 75 O 20
22600 24392 1 3 14 O 10
11444 14658 2 14 78 O 20
21318 14656 1 11 56 O 10
9254 23231 2 12 65 M 30
965 961 2 15 79 O 10
3112 4315 2 9 48 M 10
22764 14654 2 12 65 O 10
14653 3112 2 2 9 M 20
961 22764 2 13 70 M 30
3108 7097 2 8 42 M 30
14652 965 2 11 60 O 10
14654 22765 2 15 83 O 30
22765 7079 2 14 73 O 30
11005 7080 1 5 23 O 30
14651 3108 2 14 72 O 30
14655 11854 2 5 27 O 30
11854 14653 2 35 191 O 10
4318 4319 2 10 53 O 10
4319 2191 2 6 32 O 20
11006 11855 2 3 15 O 20
11855 4136 2 9 48 O 10
14648 4320 2 5 23 O 10
4303 14647 2 10 52 M 30
14647 4314 2 11 59 O 30
14650 14649 2 6 29 O 10
14649 4303 2 9 49 O 30
25946 6064 2 3 15 M 10
6064 4305 2 17 93 O 10
4305 25963 2 14 76 O 10
25963 4304 2 14 73 M 10
12218 24392 1 11 56 O 30
14657 16218 1 14 75 O 10
14667 11274 1 17 90 O 10
14670 11276 1 16 87 O 10
14672 17089 2 11 57 O 30
17089 29964 2 6 30 O 20
14673 12770 1 4 20 O 10
11298 4328 1 41 226 O 30
14669 11300 1 46 255 O 30
11299 14669 1 42 228 M 30
12351 11298 1 80 442 M 20
14681 4344 1 6 30 O 20
14682 14684 1 5 27 O 30
14684 14685 1 6 30 O 10
14659 5820 1 4 18 O 20
14688 4351 1 43 234 M 10
14686 14688 1 72 398 M 20
4347 4348 1 34 184 O 10
17102 28418 1 24 129 M 10
14665 11481 1 6 33 O 10
11481 4343 1 15 81 O 20
4343 20590 1 12 64 O 20
20590 5826 1 18 98 O 20
5826 2190 1 10 53 O 10
2190 10749 1 5 23 O 20
10749 5827 1 6 31 O 30
10748 4329 1 6 28 O 30
4329 4340 1 14 75 O 20
4340 4341 1 13 69 O 10
4341 5818 1 18 95 O 10
5818 4330 1 10 54 O 10
4330 4331 1 15 79 O 20
4331 4337 1 41 224 M 20
4337 4332 1 4 22 M 20
14662 14661 1 5 24 O 10
14661 14660 1 6 30 O 20
14674 12770 1 4 21 O 20
2599 2594 1 6 31 O 10
2594 2596 1 4 22 O 10
4332 4333 1 13 72 M 20
4345 21247 1 20 106 O 20
3187 12375 1 8 42 O 30
8807 4213 2 2 11 O 20
4213 18494 2 4 18 O 20
18494 30170 2 5 27 O 10
14666 16840 2 7 38 O 20
16840 12372 2 3 16 O 20
12372 17202 2 6 32 M 10
17202 17205 2 4 22 O 10
17205 12370 2 5 24 O 20
12370 17190 2 8 41 O 20
17190 17201 2 4 21 M 20
17201 12371 2 1 5 O 30
12371 17200 2 5 28 O 20
17200 12377 2 1 5 O 10
12377 17197 2 3 15 O 30
17197 17130 2 3 14 M 30
14678 3187 2 5 25 O 10
18324 12414 1 4 17 O 10
20955 14677 2 5 25 O 30
14677 30167 2 14 75 O 30
1341 8825 1 10 51 O 10
14675 8707 1 6 30 O 20
2597 2595 1 5 25 M 10
14687 17409 1 9 50 O 20
17409 23531 1 10 50 O 30
12414 18325 1 5 24 O 10
18315 11364 1 8 41 O 10
11703 1266 2 5 23 O 30
1266 11705 2 3 12 O 10
11705 11700 2 2 11 O 20
11700 11698 2 6 32 O 20
11698 11696 2 7 35 O 10
11696 11695 2 6 30 O 10
11695 2891 2 2 8 O 30
2891 15935 2 7 36 M 10
14695 11373 1 84 466 O 20
11567 28857 1 40 221 O 20
12432 6576 2 4 19 M 20
6576 28217 2 3 15 O 20
28217 6561 2 1 4 O 30
14699 28864 2 13 70 M 20
6559 14697 2 3 16 O 20
28865 6559 2 4 21 M 30
14698 14699 2 4 18 O 10
14697 28860 2 8 43 O 30
28860 14698 2 8 40 O 20
28862 28863 2 11 56 O 20
28860 28859 1 6 32 O 10
28859 11372 1 44 242 O 20
14697 28859 1 9 50 O 10
14698 28100 1 5 27 M 30
20361 20362 1 26 143 O 10
20362 26180 1 4 18 O 30
26180 21647 1 45 248 O 10
20361 11422 2 7 35 M 10
9046 20361 1 10 55 M 10
14702 14703 2 17 91 O 20
14704 14705 2 16 85 O 30
14711 14710 2 75 414 O 10
14712 14708 2 199 1105 O 20
8072 14863 2 81 450 O 10
14861 30213 2 102 566 O 20
14706 14709 2 15 81 O 20
14812 15004 2 142 784 O 10
14717 14718 2 40 218 O 30
14719 14721 2 19 103 M 20
14717 15619 2 116 643 O 30
14719 24326 2 9 45 O 10
24326 14723 2 1 2 O 20
14723 14725 2 4 19 O 30
14725 24324 2 14 74 O 10
14722 14724 2 32 173 M 10
14724 14716 2 13 69 O 30
20867 12706 2 20 111 O 10
14725 14714 2 16 89 M 20
14726 11804 1 13 70 O 20
8748 23856 1 11 60 O 20
16709 18975 1 8 40 O 20
14727 154 1 8 40 O 10
14728 14729 2 10 53 M 20
14738 14739 2 17 92 O 30
14740 14741 2 9 47 O 10
14756 23150 2 35 191 O 20
14757 14758 2 15 78 O 20
14759 14758 2 7 36 O 10
14758 24628 2 12 63 O 20
24628 14760 2 2 8 O 10
9552 14763 2 4 19 M 30
6025 14771 2 16 85 O 20
6025 6021 2 3 12 O 30
6021 6014 2 18 98 M 20
6014 6015 2 8 44 M 20
6015 6018 2 14 76 O 30
6018 18949 2 8 40 O 20
18949 6020 2 12 65 M 30
6020 18948 2 18 97 M 10
14774 14773 2 1 3 O 20
14773 14864 2 21 113 O 30
14780 14777 2 6 32 O 30
14773 14775 2 8 41 O 20
14781 14780 2 6 33 O 10
14780 14778 2 7 36 O 20
14784 14785 2 14 78 O 20
26524 15882 2 13 71 O 20
16286 14790 2 9 49 O 20
14792 21721 1 3 16 M 30
14792 14793 2 15 80 O 20
14793 14794 2 15 79 O 20
14794 14792 2 2 10 O 10
14796 14797 2 4 20 O 10
14797 17574 2 9 46 O 10
17574 18925 2 5 27 O 10
14566 14809 2 15 79 O 20
14565 14810 2 6 30 O 10
14814 14816 2 7 36 O 10
18041 14817 2 4 22 O 10
12853 30137 2 18 96 O 10
14818 14819 2 12 62 O 30
14818 14821 2 22 120 M 10
14821 14820 2 15 80 O 30
14824 14826 2 8 44 O 30
14826 14825 2 7 34 O 20
14825 14824 2 4 18 O 10
14824 11628 2 5 23 O 20
23180 17041 1 5 26 O 20
14835 14836 2 24 132 O 30
14836 2897 2 9 45 O 10
2897 14837 2 4 20 O 30
14837 14836 2 6 28 O 30
26122 14848 2 40 219 O 10
14848 14844 2 3 12 O 20
14844 14845 2 10 50 O 20
19612 14847 2 14 73 O 20
14848 14849 2 13 68 O 10
14850 14851 2 13 67 M 30
14862 11582 2 115 637 O 30
14864 14865 2 5 28 O 20
14864 14776 2 3 12 O 30
14870 14871 2 3 12 M 20
14872 14873 2 5 24 O 30
21894 23804 2 1 5 O 30
23804 14874 2 8 43 O 20
5847 24599 2 18 99 M 30
24599 14760 2 5 28 O 10
14881 10550 2 13 67 O 30
1967 14879 2 17 92 O 20
14876 24942 2 7 34 M 20
24942 16169 2 8 42 O 10
10621 24896 2 7 37 O 20
24896 29152 2 4 17 O 30
16023 10754 2 22 122 O 10
16024 14883 2 15 79 O 30
9351 1035 2 13 69 O 20
26582 26578 2 3 15 O 10
14889 14887 2 9 48 M 20
14888 14885 2 10 51 M 30
9817 14890 2 18 96 O 30
14886 14884 2 2 11 O 20
13357 10823 2 46 254 M 20
14891 14892 2 5 23 O 10
14892 14893 2 3 15 O 10
14893 8177 2 3 16 O 30
8177 8178 2 6 32 O 10
18885 10711 2 7 37 O 30
10711 14894 2 8 41 O 20
11773 1883 2 3 12 O 10
1883 22647 2 5 26 O 10
22647 23934 2 7 34 O 10
23934 14070 2 2 8 O 10
14070 16490 2 2 9 M 10
16490 21050 2 2 8 O 20
14898 14899 2 19 102 M 10
14900 14901 2 16 84 O 20
18049 18050 2 17 92 O 20
18050 20387 2 13 68 M 20
20387 19586 2 2 8 M 30
19586 18051 2 2 9 O 20
18051 20391 2 5 25 O 20
20391 6432 2 2 8 O 30
6432 6430 2 7 39 O 30
6430 20389 2 5 25 M 30
20389 18052 2 16 87 O 30
18052 26140 2 8 40 O 20
26140 18053 2 6 29 M 30
18053 16855 2 1 5 M 10
16855 20100 2 11 61 O 30
20100 20102 2 12 66 O 20
20102 20101 2 1 5 M 20
20101 25758 2 12 63 O 20
25758 18054 2 3 11 M 20
18054 10443 2 6 29 O 10
10443 10431 2 8 44 O 30
10431 8572 2 27 149 O 20
17008 14903 2 3 12 O 30
14903 14904 2 7 34 M 30
14903 14905 2 9 47 O 20
15467 25198 2 1 5 O 10
25198 14907 2 16 87 M 10
14907 25201 2 1 5 O 10
25201 14906 2 6 30 M 30
14907 14908 2 10 55 O 10
12833 21681 2 4 22 O 30
14909 29436 2 2 9 O 20
14910 14913 1 11 56 O 20
25232 14911 2 2 10 O 30
14913 14912 1 4 18 M 10
14915 14917 2 4 20 O 30
14917 14918 2 8 41 O 30
18363 210 1 5 28 O 10
210 205 1 10 53 M 10
205 18353 1 4 21 O 30
14914 14916 2 16 89 O 30
14919 14920 2 9 46 O 30
21066 14923 2 4 20 O 10
14921 14922 2 14 72 O 10
14924 14925 2 12 62 O 10
14926 14928 2 7 34 O 30
14928 14932 2 7 38 O 30
14932 14934 1 8 44 O 30
14934 14931 1 3 15 O 20
14931 14930 1 3 13 O 30
14930 14929 1 9 49 O 20
14929 14933 1 5 27 O 30
14933 14928 1 7 39 O 20
14934 14933 1 8 43 M 10
11519 26208 1 4 21 O 10
26208 14935 1 3 14 O 20
21366 14936 2 11 60 O 10
21366 10066 2 18 99 O 20
27020 10021 2 4 19 O 20
10021 9991 2 4 18 O 10
9991 9993 2 4 17 O 10
9993 5093 2 3 11 M 30
26355 5073 2 2 6 O 20
14938 27007 2 3 15 O 30
14942 14945 2 4 19 O 20
14945 14947 2 2 6 O 30
14947 24651 2 15 80 M 20
24651 28108 2 2 6 O 20
28108 14943 2 1 4 M 30
14943 14944 2 2 11 O 20
14945 14946 2 13 69 O 10
14947 14941 2 37 204 M 10
24651 14940 2 6 31 O 10
14943 14941 1 7 34 O 20
14949 16824 1 3 12 M 30
14086 10577 2 15 78 O 10
10577 22067 2 26 142 M 10
8267 14954 2 6 28 O 10
14956 15100 2 23 124 O 20
14957 14958 2 23 125 O 30
14959 14960 2 22 119 M 10
14961 5192 2 14 75 O 30
5192 14962 2 7 34 O 10
14968 14963 2 36 196 M 10
14967 14966 2 6 31 O 30
14965 14970 2 21 114 O 20
14969 14964 2 24 133 O 30
14971 14972 2 4 20 O 10
10503 14973 2 9 49 O 30
14973 14974 2 28 150 O 10
14973 14975 2 6 33 O 20
14976 14977 2 16 85 O 10
14977 14978 2 15 79 O 10
14977 14979 2 23 126 O 20
14980 14981 2 7 37 O 20
14982 14983 2 14 73 O 30
19634 14984 2 7 33 O 20
14985 14986 2 6 32 O 30
14987 14988 2 8 40 O 10
11878 14989 2 8 44 O 10
22623 22625 1 3 15 O 10
22625 22626 1 3 15 O 10
22635 22636 1 3 15 O 20
22636 22637 1 3 15 M 30
22634 22635 1 3 15 M 20
22631 22632 1 4 20 O 10
22632 22633 1 3 12 M 30
22633 22630 1 3 16 O 20
22630 22631 1 3 16 O 10
22638 22639 1 2 11 O 20
22619 22621 1 3 13 O 30
22621 22622 1 4 17 O 20
23076 24662 1 11 58 O 20
23074 23068 1 3 12 O 20
12818 12819 1 2 11 O 20
15465 15466 2 12 66 O 30
15009 16713 2 22 118 O 30
15008 15010 2 5 23 O 20
12103 15011 2 9 48 O 30
15007 15008 2 8 41 O 20
15008 18010 2 25 138 O 10
15012 15013 2 10 52 M 20
15014 15015 2 6 33 M 30
15016 15017 2 3 13 O 20
13060 16406 2 11 57 M 10
15020 5398 2 2 10 M 10
5398 15021 2 14 76 O 30
5398 28578 2 3 13 O 10
28513 15022 2 21 115 O 10
28514 19949 2 39 216 O 30
19949 28515 2 18 99 O 20
28512 15023 2 6 30 O 10
28511 28512 2 31 168 O 20
28512 28513 2 28 152 O 20
25996 15024 2 40 220 O 10
9957 5999 2 6 29 M 30
5999 9956 2 4 18 O 10
15029 15030 2 4 18 O 10
15028 9952 2 2 9 O 10
9952 9950 2 10 56 O 10
12628 15032 2 9 49 M 30
12628 15033 2 3 15 M 20
15031 30063 2 2 9 O 20
30063 20497 2 2 6 O 20
20497 14299 2 3 12 M 10
14299 23538 2 10 55 O 20
9833 15038 2 35 192 O 30
15035 15036 2 23 126 O 30
15039 11605 2 28 152 O 20
11605 18537 2 9 48 O 10
15044 15045 2 23 126 M 10
15044 23693 2 17 90 O 20
15118 15119 2 9 47 M 20
15120 15121 2 8 43 M 30
15150 15152 2 4 18 O 20
15141 15142 2 5 26 O 10
15148 15146 2 11 59 O 10
15154 15155 2 6 31 O 10
15143 15144 2 5 24 O 20
15149 15151 2 4 21 M 10
16387 15153 2 4 19 O 10
15145 15147 2 11 57 O 30
9582 20167 2 47 259 O 20
20167 9821 2 45 247 O 10
20647 18186 2 12 64 O 20
18186 15156 2 3 13 O 20
15156 18188 2 31 169 O 20
18188 15157 2 4 20 O 10
15157 15158 2 6 32 M 20
15156 18190 2 4 17 O 30
18190 18189 2 47 258 M 10
15159 15168 2 10 51 O 20
15168 15166 2 3 12 O 30
15166 15160 2 4 18 O 10
15160 15163 2 4 17 O 10
15163 15162 2 4 19 O 30
15162 15161 2 13 72 O 10
15161 15171 2 21 112 O 20
15171 15162 2 18 99 O 10
15163 15164 2 8 39 O 20
15160 15165 2 8 41 M 30
15166 15167 2 11 57 O 20
15168 23139 2 11 59 O 10
15170 18208 2 6 29 O 20
18208 18210 2 63 350 O 30
15171 15172 2 18 98 M 20
18267 21426 1 39 216 O 10
988 991 1 30 166 O 30
24735 21427 2 11 56 O 30
18274 18266 1 27 148 O 20
18266 26562 1 2 8 M 10
952 18265 1 8 43 M 30
18263 18273 1 9 49 O 10
18263 18265 1 3 12 M 30
9192 15173 2 15 83 O 10
15174 15175 2 24 132 O 20
8238 15178 2 12 65 O 10
15178 15179 2 13 71 M 20
15179 15176 2 14 73 O 10
15179 15177 2 11 61 O 30
15178 15180 2 13 70 O 20
1273 1280 1 2 9 O 10
1280 1274 1 5 23 O 20
22640 22641 1 3 12 O 10
12820 1134 1 3 14 O 10
1158 13836 1 14 73 M 30
13836 9774 1 22 121 O 20
9774 9776 1 12 63 O 20
9776 1159 1 33 181 O 20
8225 15184 1 5 23 O 10
15184 5395 1 1 4 O 30
5395 15185 1 18 98 M 10
15186 15181 1 2 6 O 30
15182 15183 1 3 16 O 30
15183 15185 1 2 11 O 10
16529 15188 2 8 43 O 30
15188 15189 2 3 16 O 10
15189 16529 2 5 28 O 10
15190 15191 2 6 33 O 20
8223 15192 2 12 66 M 10
15194 15193 2 5 27 O 10
8575 8580 1 3 16 O 30
8583 8587 1 3 13 O 20
8587 14786 1 2 10 O 10
14786 8593 1 4 21 O 20
8643 8737 2 33 181 O 10
8737 8736 2 30 164 O 10
15199 15202 2 21 113 O 10
15203 15204 2 15 80 O 10
15205 15206 2 19 103 O 30
15207 15208 2 19 105 O 10
15209 15210 2 18 97 O 30
16888 15211 2 10 51 O 10
16887 15213 2 6 28 O 10
15213 15212 2 3 16 O 20
15213 15214 2 12 66 O 20
15215 15216 2 11 60 M 20
15217 15212 2 32 173 M 20
15218 15219 2 12 64 O 30
15209 15220 2 12 62 O 20
15221 15222 2 19 101 M 10
15223 15224 2 13 72 O 30
15225 15226 2 7 36 O 20
15196 15197 2 61 334 O 10
8735 15203 2 74 411 O 10
15203 15227 2 15 80 O 10
15227 15228 2 39 215 M 20
15228 15229 2 38 209 O 10
15229 17975 2 14 76 O 30
17975 16904 2 41 225 M 10
16904 16905 2 46 252 O 10
15227 15230 2 12 65 O 20
15234 15231 2 54 295 O 30
15231 15233 2 10 52 O 30
15233 15232 2 7 38 M 30
15232 22725 2 5 23 O 30
15195 15235 2 9 47 O 20
8643 15236 2 41 227 M 20
12399 15242 2 9 46 O 10
15246 15247 2 9 47 O 10
12396 15243 2 8 44 O 10
15244 15245 2 10 50 M 30
15248 15249 1 11 61 O 30
17973 15197 2 324 1797 M 30
15197 15198 2 26 143 O 20
15198 15196 2 22 122 O 10
15196 16572 2 62 339 M 20
16572 15250 2 148 822 O 30
15250 30224 2 152 841 O 30
15253 15252 2 11 57 O 20
6132 15254 2 12 63 O 20
15256 15255 2 9 46 M 30
16991 15257 2 13 69 O 20
20877 20878 2 56 308 O 30
15260 25245 2 7 35 O 30
25245 15261 2 9 50 M 20
15262 15263 2 13 71 O 20
15258 25165 2 11 56 O 10
25165 25167 2 6 31 O 10
25167 17528 2 14 74 O 30
17528 25181 2 2 6 O 10
25181 17530 2 21 115 O 30
17530 17531 2 6 32 M 30
17531 25129 2 21 113 O 30
25129 8364 2 7 38 O 30
8364 25162 2 7 35 O 10
25162 25168 2 2 10 O 30
25168 25119 2 6 30 M 10
25119 20858 2 1 4 O 30
20858 25140 2 8 42 O 30
25140 25137 2 6 28 O 20
25137 25136 2 4 17 O 10
25136 25175 2 8 39 O 10
25175 25154 2 9 49 O 20
25154 25141 2 28 152 O 10
25141 20857 2 9 46 M 10
20857 25151 2 3 14 O 30
25151 6353 2 3 12 O 10
6353 25192 2 11 58 O 30
25192 20856 2 5 27 O 20
16405 15268 2 8 39 O 20
30177 8765 2 99 545 O 20
22467 13434 2 22 117 M 20
13434 13433 2 21 115 O 10
13433 11929 2 3 12 O 10
13436 11930 2 72 396 M 10
15269 22311 2 12 61 O 30
15270 15272 2 3 16 O 10
24366 15270 2 2 9 O 10
15270 15271 2 4 22 O 20
8912 8576 2 3 13 O 20
23534 23183 2 13 67 O 30
22691 15274 2 26 140 O 10
15274 15273 2 7 35 O 20
8829 18308 1 3 12 O 20
15315 25386 2 11 58 O 30
25386 15316 2 4 21 O 10
15323 1585 2 12 61 M 10
1585 1583 2 36 199 O 30
1583 9554 2 7 37 O 20
6403 15324 2 30 164 M 30
15319 15318 2 22 119 O 20
15323 15322 2 7 38 O 10
15322 7794 2 1 3 O 10
15321 15320 2 10 53 M 30
15320 15319 2 3 14 M 30
15319 30260 2 3 12 O 30
30260 15318 2 3 12 O 10
15318 1569 2 2 7 O 30
1569 15317 2 12 62 O 10
15344 15343 2 8 42 O 10
15343 29269 2 16 87 O 20
29269 15344 2 5 26 O 10
15345 15346 2 3 13 O 20
15348 15347 2 26 142 O 10
16711 15349 2 8 44 O 10
15351 15352 2 5 24 O 10
15352 15353 2 4 21 O 30
15353 26412 2 5 25 M 10
15354 26411 2 4 19 O 20
26411 26409 2 3 14 O 30
26409 15351 2 6 29 O 10
15355 15352 2 5 27 O 10
13943 12283 2 10 50 O 30
15396 15397 2 2 10 O 20
15397 4684 2 10 55 O 10
4684 22661 2 3 12 M 10
15400 15401 2 9 50 O 30
15399 15398 2 3 16 O 20
15402 27347 2 4 22 O 10
27347 15403 2 9 48 O 20
15403 15404 2 2 8 O 20
15405 15406 2 16 85 O 10
11245 8264 2 39 215 M 20
8264 8265 2 14 72 M 20
8265 10724 2 4 20 O 30
10724 8263 2 5 26 O 20
8263 10722 2 3 13 O 30
10722 15439 2 5 23 O 20
15407 15408 2 12 62 M 30
15409 15150 2 3 12 O 20
15150 15149 2 4 19 O 20
15149 16386 2 5 25 O 10
16386 16385 2 9 47 O 20
7316 25325 2 41 226 M 10
25325 17903 2 5 27 O 10
17903 29133 2 37 205 O 30
29133 29382 2 21 114 O 10
29382 14728 2 50 273 O 20
14728 23173 2 5 26 O 10
23173 14729 2 4 22 O 20
14729 28522 2 11 56 O 10
28522 28521 2 44 240 O 30
28521 16107 2 146 810 M 20
16107 14812 2 12 62 O 30
14812 29383 2 70 388 O 30
29383 11577 2 91 505 O 10
11577 11578 2 117 650 O 30
11578 16956 2 290 1609 O 30
16956 11579 2 8 40 O 20
11579 11580 2 85 467 O 20
29134 15423 2 23 123 O 10
15426 15425 2 16 86 O 10
15425 25059 2 3 11 O 10
25059 15427 2 8 39 M 10
15424 15425 2 33 181 O 30
15434 15435 2 10 55 O 10
15436 15437 2 12 63 M 20
23485 23486 2 1 5 O 10
9179 28741 1 5 27 O 30
28741 7163 1 2 9 O 30
7163 15444 1 1 4 M 20
15445 22866 2 52 288 O 20
28528 21667 2 22 120 O 30
15446 15447 2 9 44 M 10
1753 15449 1 14 78 M 20
15471 15472 2 12 65 M 10
15524 15520 2 8 39 O 30
15520 15517 2 3 13 O 20
15522 15520 2 12 64 O 30
15525 15521 2 12 65 M 30
15516 15514 2 4 20 O 10
15526 15523 2 11 56 M 30
15519 15518 2 8 39 O 10
15513 15514 2 8 43 O 30
15514 15515 2 5 23 O 10
15511 15512 2 7 35 M 10
10613 15528 2 10 50 O 20
15529 15527 2 8 44 O 10
15531 15530 2 3 11 O 10
15535 15536 2 6 33 M 30
10801 15531 2 9 47 O 20
15531 15532 2 1 3 M 30
9813 15533 2 12 62 O 30
9811 15534 2 12 62 O 20
15541 15540 2 6 29 O 30
15539 15538 2 7 35 O 10
30179 20952 2 3 16 O 30
15543 15544 2 26 141 M 10
15545 15547 2 8 41 O 10
15547 15548 2 4 17 O 10
15550 15546 2 11 58 O 10
22293 5734 2 10 51 O 20
5734 11568 2 9 48 M 20
22727 30216 2 75 414 O 20
15237 17072 2 59 323 M 20
17072 17066 2 5 27 O 10
15627 15628 2 7 35 O 30
15633 15634 2 29 160 O 10
25625 25626 1 3 16 O 20
15635 768 2 17 91 O 20
16215 15637 2 12 64 O 20
15638 15639 2 17 94 M 10
15662 13924 2 9 45 O 10
13924 13926 2 18 99 O 10
15456 15709 2 19 103 M 30
15709 19655 2 68 373 O 30
15458 15710 2 28 155 O 20
15101 15711 2 5 24 O 30
15713 15714 2 15 78 M 30
15713 15715 2 11 60 M 10
20864 15716 2 14 75 O 10
9107 15717 2 19 105 O 10
15718 15719 2 30 166 O 10
15723 15724 2 93 514 O 10
20872 25937 2 14 74 O 30
25937 25935 2 48 262 O 20
25935 20871 2 18 96 O 20
17417 12418 2 16 84 M 30
19089 16863 2 3 15 O 30
15845 15846 2 10 53 M 10
14736 15844 2 12 62 O 20
12415 12422 2 11 59 O 20
12422 17418 2 13 70 M 10
17418 19088 2 15 82 O 10
19088 19089 2 15 82 O 20
19089 17417 2 3 12 O 30
17417 17416 2 17 94 O 10
17416 19090 2 35 194 O 20
12419 17418 2 19 100 O 20
12423 12415 2 12 64 O 30
12424 19088 2 10 52 M 30
15851 15852 2 8 44 O 30
15853 15854 2 5 27 O 30
30151 21471 2 8 41 M 30
15858 9394 2 10 52 M 30
9394 16230 2 7 37 O 10
16230 15859 2 2 10 O 30
15860 16229 2 2 10 M 20
16229 27761 2 10 52 O 30
15862 15873 2 6 32 O 20
15873 26365 2 2 8 O 10
26365 15863 2 5 23 O 10
15863 15869 2 2 6 O 30
15869 15874 2 2 10 M 20
15874 26390 2 3 15 O 10
26390 15867 2 1 5 O 20
15867 26366 2 1 4 O 30
15865 15866 2 4 21 O 30
15867 15868 2 4 22 M 30
15872 15873 2 8 43 O 20
15874 6116 2 5 26 O 20
15863 15875 2 4 22 M 10
15877 5908 2 8 41 O 10
5908 15878 2 8 40 O 30
15878 26366 2 8 43 O 20
15879 15880 2 6 28 M 20
16947 28537 2 30 162 O 10
15890 15891 2 10 50 O 30
15891 15892 2 18 100 O 30
15891 15893 2 6 30 O 10
15894 15895 2 11 60 M 10
15901 15902 2 6 30 O 30
690 689 2 6 31 O 20
15905 3015 2 5 25 O 10
12113 15936 2 23 124 O 10
15936 15937 2 28 153 M 20
15936 15938 2 14 74 O 20
15937 15939 2 15 83 O 30
12109 15940 2 3 16 O 30
15940 25363 2 3 12 M 10
25363 25369 2 107 591 O 20
25369 25376 2 8 42 O 10
25376 15942 2 8 43 O 20
15942 12111 2 5 27 O 30
15942 25366 2 8 40 O 10
25366 15943 2 7 37 M 20
15944 15945 2 15 83 O 10
20880 15946 2 15 82 O 20
28513 15947 2 3 16 M 10
15947 15948 2 10 51 O 30
15947 15949 2 4 18 O 10
11770 1459 2 4 20 O 20
1459 1460 2 14 74 O 30
1460 12433 2 3 15 O 10
12433 6560 2 4 20 O 10
6560 11872 2 5 25 O 10
11872 1461 2 18 96 O 30
1461 5860 2 6 32 O 30
5860 11488 2 18 97 O 10
13757 19632 2 6 29 O 30
19632 1458 2 10 53 O 20
1458 15950 2 23 123 O 30
15950 19631 2 23 125 O 10
19631 15951 2 14 76 O 20
15950 15952 2 13 71 O 20
15953 15954 2 5 25 O 30
16423 10897 2 9 46 O 30
10897 16425 2 8 39 O 10
16425 10899 2 11 60 M 10
10899 25467 2 2 6 O 20
25467 10901 2 6 29 O 30
10901 6397 2 2 7 O 30
6397 10909 2 13 72 M 30
10909 10903 2 2 6 O 20
10903 16419 2 4 17 O 10
16419 16426 2 14 75 O 20
16426 16433 2 6 33 O 10
16431 16428 2 35 194 O 20
15957 15959 2 31 170 O 30
13759 15958 2 20 109 O 30
15958 22406 2 58 321 O 10
11488 6562 2 4 19 M 20
6562 1462 2 16 87 O 10
1462 11509 2 12 65 M 30
11509 18723 2 3 12 O 20
18723 1463 2 9 50 O 10
15982 15981 2 2 11 M 20
15981 3784 2 8 42 O 20
15983 15982 2 49 271 O 20
22804 8698 2 2 6 M 10
8698 18774 2 14 73 O 10
18774 12838 2 18 99 M 20
12838 8549 2 11 61 O 30
15906 3096 1 3 14 O 30
3096 15915 1 19 102 O 20
13403 6579 2 18 97 M 20
13096 15984 2 16 88 O 20
18499 15986 2 6 29 O 10
15987 15988 2 14 74 O 20
15992 15993 2 11 59 O 30
15990 15991 2 9 47 O 10
15994 15995 2 11 58 O 30
15996 15997 2 8 42 O 20
16000 23235 2 5 26 M 20
23235 11450 2 7 34 O 30
21026 14921 2 1 5 O 30
14921 21027 2 39 215 O 10
21027 15998 2 35 191 O 30
16001 1984 2 12 62 O 10
1984 9075 2 2 9 O 20
5480 473 2 20 108 O 20
16003 16004 2 11 58 M 30
13292 16071 2 5 28 M 30
10775 6603 2 31 171 O 30
16077 23591 2 24 132 O 10
16077 16078 2 9 46 O 10
16082 16083 2 28 153 O 30
16084 16085 2 9 49 O 10
20885 16086 2 9 45 M 30
16079 16084 2 101 561 O 10
16084 16083 2 2 9 O 30
16083 16080 2 16 88 O 20
16080 16102 2 91 504 O 10
13857 16103 2 14 78 O 10
28517 16104 2 15 82 O 30
16106 28382 2 14 75 M 20
16107 16108 2 5 26 M 20
11731 16109 2 9 48 O 10
23419 10475 2 41 226 O 30
9256 27380 2 5 27 O 30
27380 27398 2 4 20 O 30
27398 11114 2 10 50 M 20
9175 9172 2 12 66 M 20
16110 16112 1 16 88 O 20
16112 16114 1 6 29 O 20
16114 15292 1 14 75 O 10
16111 16112 1 11 59 M 20
16113 16114 1 11 58 O 10
16116 18691 2 5 27 M 10
16117 16118 2 21 117 O 30
16119 20728 2 7 38 O 10
15558 16123 2 11 57 O 10
16123 16122 2 7 38 O 20
16124 3555 2 8 40 O 20
16126 16127 2 4 17 O 30
16131 16130 2 4 20 O 10
28434 16132 2 13 67 O 10
16134 16135 2 6 29 M 30
12274 16190 2 9 46 O 30
2098 26674 2 11 57 O 30
9877 16191 2 11 60 O 30
20358 9878 1 17 94 O 20
9878 20359 1 8 40 M 30
20359 13838 1 14 72 O 20
13838 20360 1 11 56 O 10
20360 9046 1 16 87 M 20
16192 16193 2 5 25 O 30
16193 21488 2 5 23 O 20
21488 21487 2 2 10 M 30
16196 16198 2 21 113 O 20
10860 17333 2 5 24 O 30
17333 17328 2 23 125 O 30
17328 17320 2 25 136 O 10
17320 16196 2 7 38 M 30
16196 10859 2 28 151 M 10
4324 16197 2 73 403 O 10
16201 16200 2 27 148 O 30
16202 16203 2 9 50 O 30
16206 25846 2 11 59 M 10
25846 16832 2 7 35 O 10
16832 9802 2 5 24 O 20
9802 16207 2 3 14 O 20
16207 16208 2 15 78 O 10
16209 16210 2 18 97 O 10
16222 16225 2 16 85 O 30
16223 16227 2 24 128 O 10
16224 16226 2 11 60 O 30
12984 4018 2 9 50 O 20
4018 4020 2 2 9 O 10
4020 16266 2 13 68 O 10
26384 16229 2 13 69 O 10
87 16231 2 20 110 O 10
16233 16234 2 7 35 O 10
16236 16238 2 11 57 O 30
16237 16236 2 6 33 O 30
26825 16235 2 19 101 M 30
16242 16243 2 12 65 O 30
18908 19236 2 13 68 O 10
16245 16246 2 6 28 O 30
16247 16248 1 5 27 M 30
16248 16500 1 4 18 O 20
16500 29066 1 6 29 O 10
29066 11445 1 3 15 O 20
16250 16249 2 6 29 M 10
21551 16251 2 16 87 O 10
13377 16255 2 19 101 O 20
20071 16252 2 12 62 O 10
16252 16253 2 3 13 O 20
16253 17490 2 15 78 O 20
16254 17490 2 12 62 O 30
17490 13377 2 27 148 M 20
13377 16402 2 26 141 M 10
16402 13287 2 38 209 M 30
13287 13289 2 6 28 M 20
13289 13291 2 16 85 O 20
13291 1314 2 19 104 O 20
1314 13285 2 12 66 O 20
13285 6563 2 32 177 M 20
6563 1315 2 2 7 O 20
16258 16259 2 68 372 O 20
16259 16263 2 22 119 O 10
16263 16260 2 45 246 O 30
16263 16264 2 33 179 O 30
16265 16259 2 28 150 O 20
12197 16267 2 10 55 O 20
9941 16269 2 20 109 O 30
16271 23784 2 7 34 O 30
23784 16270 2 5 25 O 20
23702 16273 2 3 15 O 20
16273 19708 2 9 49 O 30
19708 12190 2 1 3 O 20
9932 16274 2 5 23 O 10
12198 16277 2 6 28 M 10
16276 16275 2 13 71 O 30
5811 16279 2 16 85 O 30
16279 5813 2 4 18 O 10
19698 16281 2 9 48 O 20
16281 19700 2 6 29 O 10
19700 19699 2 31 171 M 30
16282 21270 2 3 15 O 10
21270 21273 2 22 117 O 20
21273 21272 2 2 7 O 30
15578 16283 2 6 29 O 10
20952 2990 2 8 40 M 10
16414 5023 2 28 154 O 30
20896 20897 2 40 218 O 30
20896 16286 2 2 6 O 10
16286 16287 2 16 88 O 30
15251 16289 2 8 42 M 20
10982 16290 2 6 32 O 20
16291 16292 2 11 60 M 10
16294 16293 2 26 139 O 10
16296 23170 2 32 177 O 20
22099 16296 2 2 10 O 30
22098 16297 2 10 54 M 30
22101 16298 2 78 429 O 30
16299 15477 2 5 24 O 10
15477 17238 2 15 79 M 30
17238 15478 2 43 237 O 20
16301 16302 2 4 20 O 20
16303 28720 2 8 43 O 10
16304 2880 2 4 20 O 30
2880 2877 2 9 47 O 30
2877 2879 2 3 16 O 30
2879 2876 2 4 17 O 10
23158 23159 2 35 192 O 10
16413 23158 2 8 44 O 10
23158 16305 2 4 17 O 30
16305 23156 2 5 23 M 30
23156 16415 2 8 40 M 20
16415 11882 2 11 60 O 10
11882 11881 2 10 51 O 20
11881 11891 2 8 39 O 10
11891 16304 2 4 18 O 30
16304 11920 2 4 21 O 20
11920 16414 2 8 44 O 30
16306 19701 2 30 162 O 30
16308 16097 2 5 26 O 20
8358 17124 2 23 128 O 10
17124 16309 2 4 18 M 10
16310 16311 2 19 101 O 30
16311 16312 2 35 194 O 30
16311 16751 2 46 255 M 30
11935 16314 2 9 45 O 10
29412 16313 2 12 65 M 10
29410 16315 2 36 195 O 20
11936 16317 2 21 116 O 10
30219 16316 2 35 189 O 20
14730 20443 2 16 85 M 30
20443 20446 2 15 79 O 20
20446 20445 2 2 8 O 10
11943 7212 2 39 215 O 30
7212 7214 2 16 84 O 20
7214 7218 2 6 29 O 20
16320 10974 2 7 33 O 10
16322 22126 2 4 21 O 30
22126 16323 2 3 15 O 20
16325 16326 2 5 24 O 10
16324 16033 2 9 47 O 10
16846 16328 2 11 59 O 30
16328 16864 2 3 16 O 20
16864 17430 2 4 17 O 20
17430 21256 2 7 37 M 30
21256 16329 2 1 3 O 20
16329 16330 2 3 13 O 10
10288 10286 2 50 275 O 10
16332 16333 2 10 53 O 20
18040 16334 2 26 144 M 20
10958 16341 2 15 82 O 10
10954 16345 2 6 33 O 10
10955 16346 2 7 35 O 20
16342 16343 2 8 39 O 30
16343 16344 2 1 4 O 20
10447 10448 2 14 74 O 20
10448 10449 2 4 18 O 30
10449 19610 2 18 98 O 10
19610 26126 2 3 15 O 30
8678 8677 2 15 78 O 20
3011 20061 2 13 69 O 20
12555 28314 2 32 174 O 10
9410 9408 1 9 50 O 30
9408 9405 1 9 48 M 30
9405 27467 1 11 58 O 10
27467 9427 1 13 71 O 10
9427 9431 1 10 52 M 10
9431 5476 1 8 42 M 30
16008 16471 2 9 46 M 10
16474 16040 1 13 69 M 30
18033 16472 2 19 102 O 10
16475 19917 2 3 16 O 30
19917 19918 2 3 14 O 30
11776 16482 1 4 21 O 20
16484 16483 1 5 23 M 30
11779 16485 1 5 23 O 20
11777 16486 1 5 23 O 20
16487 11780 1 5 23 O 10
16489 16488 1 5 23 M 10
14701 21051 2 3 15 O 20
16490 27562 2 3 16 O 30
12018 16493 2 5 27 O 10
17111 16492 2 6 30 O 20
16494 16495 2 23 125 O 10
16495 21239 2 10 51 O 20
21239 16498 2 10 52 M 20
16498 16497 2 3 12 M 30
16495 16496 2 10 54 O 20
8519 16388 2 35 191 O 20
16388 9571 2 7 39 M 30
9571 9812 2 7 37 O 20
9812 9811 2 2 10 M 30
18953 12283 2 87 482 O 30
11781 16487 1 4 20 O 10
16487 16488 1 3 16 O 30
16488 11777 1 3 16 O 10
11777 16485 1 3 16 O 10
16485 16484 1 3 16 M 10
16484 16482 1 3 16 O 30
16482 11784 1 7 36 O 20
16248 29067 1 3 14 O 10
29067 16500 1 5 27 O 30
18882 16503 2 26 140 M 10
16503 16502 1 14 74 O 30
16506 16505 2 7 38 O 10
16505 16504 2 17 89 M 30
5809 24637 2 16 85 O 20
24637 16507 2 1 4 O 30
22726 22727 2 51 283 O 20
22726 8641 2 2 11 O 20
8641 8642 2 26 143 O 30
16572 16573 2 8 41 O 10
18018 18023 2 115 637 M 10
22725 16576 2 14 77 M 10
15233 16577 2 18 98 O 10
30215 8641 2 58 318 O 10
16582 16584 2 10 51 O 20
18918 25554 2 4 17 O 30
25554 17579 2 1 4 O 10
17579 16583 2 20 109 O 10
16586 16585 2 14 75 O 30
16588 16590 2 8 40 O 10
16587 25544 2 10 51 M 20
25544 16589 2 6 31 M 10
18919 16591 2 12 66 O 20
16592 2141 2 2 8 O 10
2141 16593 2 9 45 O 30
12031 12029 2 12 65 O 10
12029 14001 2 1 2 M 20
14001 12024 2 6 29 O 20
12024 12026 2 3 17 O 30
12026 14017 2 11 56 O 20
14017 14016 2 4 19 O 20
14016 14015 2 16 86 O 10
14015 699 2 11 60 O 30
699 2989 2 13 72 O 10
16594 16595 2 9 45 M 30
16597 16598 2 7 34 O 20
16597 16596 2 18 96 M 10
15465 25389 2 33 181 O 10
25389 15316 2 6 29 O 20
15316 25390 2 6 29 M 20
25390 25392 2 7 39 O 30
25392 21679 2 18 97 O 20
16599 16600 2 8 42 O 10
20947 8764 2 73 402 O 20
8693 12228 2 13 69 O 30
12228 18554 2 3 16 O 20
18554 8192 2 14 76 M 10
8192 16240 2 15 79 O 20
16609 16608 2 6 30 O 20
10705 16610 2 10 52 O 10
16611 16612 2 16 87 O 10
16612 16613 2 12 64 O 30
16614 16616 2 26 143 O 30
16615 19921 2 41 225 O 10
16618 16619 2 50 276 O 10
9989 12253 2 10 50 O 30
12253 16454 2 46 251 O 30
12141 16622 2 20 111 O 20
10462 10463 2 31 169 O 20
20868 14800 2 40 220 M 10
14800 20869 2 39 214 O 20
15630 15631 2 4 19 O 30
15631 20866 2 13 71 O 20
20866 15629 2 4 22 O 10
15629 20867 2 4 19 O 10
16623 20864 2 15 80 O 30
20864 15715 2 1 5 O 30
15715 15712 2 10 52 O 10
9106 17507 2 11 56 O 10
17507 9107 2 31 171 M 30
9107 9108 2 66 362 O 30
14811 16624 2 150 833 O 20
16624 14566 2 4 17 O 10
14566 14565 2 9 46 O 20
14565 20871 2 15 81 O 10
20871 15723 2 155 859 O 10
15723 12710 2 19 101 O 10
12710 17500 2 45 249 M 30
17500 17493 2 4 21 O 20
17493 17495 2 3 14 O 30
17495 17497 2 8 42 M 10
17497 11762 2 24 129 O 20
11762 17491 2 10 51 O 10
17491 22435 2 199 1102 O 10
20880 25266 2 4 18 M 20
25266 15944 2 8 40 O 30
15944 18758 2 2 8 O 10
18758 25268 2 3 14 O 30
25268 20881 2 4 18 O 30
20881 25278 2 2 8 M 10
25278 8738 2 3 12 O 10
8738 20860 2 3 12 O 30
20860 25279 2 2 10 O 30
25279 17147 2 2 9 M 20
17147 17915 2 5 23 O 20
17915 18760 2 5 27 M 20
18760 20859 2 4 22 O 10
20859 25281 2 1 5 O 20
25281 25286 2 4 19 O 20
25286 25282 2 2 9 O 30
25282 15262 2 6 28 M 30
15262 25284 2 8 41 O 10
25284 15258 2 47 257 O 30
16634 16635 2 9 49 O 20
16636 16637 2 14 77 O 30
16638 16639 2 4 22 O 30
16640 16641 2 4 20 M 20
16642 16643 2 6 30 O 20
26149 16644 2 7 38 O 10
16647 16646 2 10 53 O 30
16646 19627 2 10 53 O 10
16648 16649 2 8 44 M 10
16650 16651 2 5 24 O 10
16652 16653 2 11 56 O 10
16655 16656 2 24 132 M 20
16654 16657 2 19 102 O 30
16659 28701 2 8 39 O 10
22005 16661 2 3 17 O 30
28533 28536 2 19 105 O 20
11582 28535 2 60 328 O 10
28535 28534 2 3 15 O 20
28534 28533 2 13 71 M 10
28533 28532 2 81 447 O 10
16664 16126 2 12 64 O 10
16126 16125 2 9 47 M 30
16680 24992 2 8 43 O 10
24992 16681 2 8 43 O 20
16681 24990 2 2 8 O 30
24990 16682 2 5 27 O 30
16693 16694 2 16 87 M 20
16696 15608 2 66 366 M 30
16697 28929 2 3 14 O 30
28929 28930 2 2 6 M 10
28930 28933 2 6 31 O 10
28933 16699 2 5 26 O 30
16699 16698 2 9 45 O 10
30071 23682 2 6 31 O 10
15623 16700 2 7 36 O 20
16700 16701 2 7 37 O 10
16700 16702 2 5 23 O 10
16703 16704 2 9 49 O 20
12708 16705 2 20 110 M 20
15621 12707 2 12 66 O 10
12708 15622 2 13 71 O 10
15622 15621 2 54 295 O 30
15622 16706 2 12 63 O 30
16715 16716 2 17 91 M 30
16717 16718 2 16 87 O 10
16718 16719 2 3 14 O 10
15461 25122 2 5 27 O 20
25122 16720 2 2 8 O 10
16720 16721 2 2 8 O 10
16721 16718 2 1 5 O 20
16753 16752 2 18 98 M 10
17911 20887 2 106 586 O 20
23539 16761 2 3 16 O 30
5640 20609 2 3 14 O 20
20609 22044 2 13 69 O 20
22044 22045 2 9 45 M 30
5639 16763 2 8 40 O 30
29951 1342 2 4 17 M 20
17436 8678 2 27 148 M 10
1325 1326 2 16 84 O 30
1326 10331 2 85 471 O 20
16770 16771 2 50 277 O 10
15092 23553 2 34 184 O 20
18923 21657 2 1 3 O 20
16773 16774 2 2 11 O 20
16774 16775 2 3 16 O 10
16772 16773 2 6 33 M 10
15093 16776 2 38 206 O 20
15451 28381 2 18 98 M 30
28381 15452 2 8 44 O 30
16777 16778 2 15 83 M 20
16779 16780 2 11 59 O 30
16783 16784 2 10 51 O 30
16784 16785 2 12 62 O 30
16785 16783 2 2 11 O 30
14283 14284 2 16 84 M 20
29031 7968 2 23 126 O 20
7968 18534 2 11 61 O 30
18534 15663 2 24 131 O 30
19808 19810 2 5 27 O 20
19809 19806 2 5 27 O 20
10824 8855 1 12 63 O 10
16682 25212 2 12 62 M 10
25212 20178 2 2 7 O 10
16792 16797 2 4 18 O 10
16797 16791 2 3 16 O 10
16791 8094 2 4 18 O 30
8094 16793 2 3 16 M 10
16793 16798 2 1 3 O 30
16798 16790 2 11 61 O 30
16793 16794 2 15 80 O 20
16797 16799 2 6 33 O 30
16791 16789 2 6 32 O 10
16792 16795 2 4 19 M 30
16796 16795 2 6 31 O 30
16795 16787 2 3 14 O 20
16787 8096 2 4 19 O 30
16787 16800 2 12 66 O 30
16802 16803 2 4 18 O 20
16803 8810 2 25 134 O 10
16803 16801 2 9 48 O 20
16804 16805 2 18 97 O 10
16748 16808 2 8 42 O 10
28873 16809 2 27 145 O 30
8491 26703 2 16 88 O 10
26703 8492 2 5 25 O 20
8492 13437 2 9 46 O 20
13437 13742 2 4 22 M 20
13742 26719 2 2 9 O 20
26719 8493 2 8 43 O 30
8493 8494 2 14 73 O 20
8494 16594 2 11 57 O 30
16594 8495 2 4 18 O 10
8495 2090 2 13 68 M 10
2090 8496 2 7 36 M 10
8496 2825 2 15 78 O 30
16811 16812 2 4 17 O 10
16812 18202 2 3 15 O 20
18202 16813 2 3 17 M 30
16813 18205 2 3 12 O 30
18205 20649 2 24 131 O 20
13601 13602 2 1 5 O 30
13602 21900 2 14 76 M 20
21900 26030 2 10 51 O 10
26030 21898 2 8 41 O 10
21898 21899 2 8 41 O 30
21899 21901 2 3 16 O 10
21901 13609 2 7 39 O 20
13609 16815 2 1 5 O 10
16815 26025 2 6 28 O 10
26025 21896 2 35 190 M 10
16815 16814 2 14 75 O 20
20766 20767 2 42 232 O 30
20767 17105 2 47 258 M 20
16817 16818 2 22 122 O 20
16820 13744 1 2 9 O 20
16818 16819 1 3 13 O 10
16822 16823 2 5 24 O 20
12216 16828 2 28 153 O 30
16829 8780 2 20 110 O 30
16208 16830 2 3 13 M 30
16830 16831 2 1 4 O 30
16832 16843 2 7 36 O 20
16843 16833 2 3 16 O 10
16831 16842 2 7 37 M 10
16842 16834 2 3 16 O 30
8376 29362 2 7 36 M 10
29362 16835 2 4 17 O 30
21439 15438 2 29 158 O 10
16836 16837 2 19 102 O 10
16838 16839 2 20 107 O 30
16840 16841 2 21 116 O 10
16833 16918 2 15 81 O 30
16918 16834 2 9 47 O 20
16842 16844 2 9 47 O 10
16844 16843 2 15 82 M 10
21041 16918 2 2 7 O 20
16918 16844 2 3 17 O 30
15646 15645 2 45 246 O 30
16846 16847 1 16 86 O 30
16328 21257 2 12 64 O 10
21257 16329 2 3 16 O 10
16851 16852 2 13 67 O 10
10434 16856 2 4 17 M 30
23290 16327 2 6 31 O 30
16327 21146 2 17 91 O 30
16859 16869 2 12 61 O 10
16865 16866 2 6 31 M 20
16866 16868 2 3 16 O 10
16868 16867 2 13 70 O 30
11113 16890 2 3 16 O 10
16890 22668 2 1 3 O 20
22668 16891 2 6 31 M 20
10557 21176 2 1 5 O 20
21177 10563 2 36 199 O 10
11114 12684 2 6 32 O 20
14311 16617 1 3 17 O 20
20171 11394 2 2 6 O 10
15887 11395 2 2 10 O 20
12692 8969 2 4 19 O 20
8580 8579 1 2 10 O 20
4244 8996 2 7 37 O 20
16904 17750 2 44 239 M 30
28504 16906 2 164 909 O 20
16906 16907 2 21 116 O 30
11945 16909 2 18 97 M 30
8730 16910 2 46 255 O 30
16319 7235 2 18 99 O 30
7235 11946 2 42 229 M 10
11933 16911 2 68 378 M 10
16911 20274 2 32 172 M 30
20274 16913 2 5 23 O 30
13870 188 2 1 3 O 30
188 11477 2 10 53 O 10
14817 16574 2 4 19 O 30
22723 16917 2 47 260 O 20
13433 19642 2 23 128 M 30
19642 16919 2 15 78 O 20
16919 16920 2 12 62 O 30
16926 16927 2 22 119 O 20
16930 16931 2 7 39 O 20
16932 23034 1 3 16 O 30
16929 24988 2 2 10 M 10
16948 16949 2 36 197 M 10
16950 16951 2 40 217 M 10
16952 16953 2 25 138 O 20
6093 16954 2 20 111 O 10
16955 30220 2 68 373 O 20
16956 16957 2 41 223 O 20
11579 16958 2 17 92 O 10
29413 16959 2 3 17 M 10
16959 16960 2 49 271 O 20
16959 16961 2 15 82 O 20
16962 16964 2 63 349 O 10
16964 16963 2 38 210 O 30
16964 16965 2 19 104 O 20
16961 29406 2 59 326 O 30
16959 16966 2 17 91 O 20
29407 16967 2 34 189 M 10
16967 16968 2 16 87 O 10
16969 16970 2 101 561 M 30
8731 16972 2 40 222 O 30
29404 16973 2 26 143 O 10
16907 15229 2 104 576 O 20
16974 16975 2 56 309 M 10
16976 23840 2 12 65 O 20
23840 10594 2 22 120 O 20
10594 23422 2 16 89 O 30
10475 16986 2 2 10 M 10
16986 16976 2 26 144 M 20
22692 22693 2 4 21 O 10
27730 19555 2 3 14 O 20
19555 14574 2 6 30 O 10
14574 27736 2 3 15 M 10
27736 30081 2 10 55 O 30
30081 27737 2 2 8 O 10
27737 22693 2 7 36 O 20
16977 16983 2 9 47 O 20
16983 16978 2 8 44 O 20
16980 16979 2 24 128 O 20
16984 16983 2 7 38 O 30
16982 16981 2 9 46 O 10
16986 16987 2 7 34 O 30
16989 139 2 4 22 O 30
139 138 2 3 12 O 10
138 16990 2 24 130 O 10
16992 30166 2 2 7 M 10
16994 16995 2 18 98 O 20
16998 16997 2 6 29 O 30
19923 28182 2 3 14 O 30
17000 2584 2 3 15 O 30
2584 2582 2 2 7 O 20
2582 18851 2 5 26 M 10
12705 12703 2 8 42 O 30
5660 17021 2 21 113 O 20
14692 23387 2 3 12 O 20
18905 21028 2 16 89 O 30
21028 24807 2 18 96 M 20
24807 24804 2 1 5 O 20
24804 24783 2 3 16 O 10
24783 23595 2 1 5 O 30
23595 18906 2 3 14 O 10
18906 24802 2 4 18 O 10
24802 6440 2 1 4 O 20
6440 24785 2 4 18 O 20
24785 6442 2 3 15 M 30
6442 18907 2 2 6 O 20
18907 6444 2 5 25 O 30
6444 21069 2 11 58 O 30
21069 18908 2 8 40 O 20
18908 9831 2 19 105 O 30
9831 23603 2 14 74 O 20
23603 23601 2 8 41 O 10
23601 18909 2 5 26 O 30
12116 14882 2 3 14 O 20
22172 25063 1 6 32 O 20
16766 16767 2 2 10 M 20
12326 9055 1 5 27 O 30
8629 24323 1 1 2 O 30
24323 10078 1 6 29 O 30
10078 8627 1 2 11 M 30
17034 17033 2 23 126 O 20
17035 21893 2 9 47 O 10
21893 10929 2 11 60 O 30
10929 14870 2 3 15 O 20
14870 18479 2 15 83 M 10
18479 10412 2 10 51 O 10
10412 26799 2 9 47 O 10
26799 20822 2 1 1 O 20
20822 10762 2 9 46 O 10
10762 23805 2 6 31 O 20
23805 21890 2 2 9 M 10
21890 26884 2 14 75 O 10
26884 14621 2 50 272 O 10
22618 22615 1 4 18 O 30
22615 22616 1 4 19 M 30
17038 22345 2 7 35 M 30
7601 26136 2 61 334 O 30
26136 14562 2 28 154 O 30
14562 26111 2 11 56 O 20
26111 26109 2 14 77 O 10
26109 26125 2 10 51 M 30
26125 7602 2 8 39 O 30
7602 7603 2 6 30 M 20
7601 26976 2 3 14 O 10
7603 19620 2 7 36 O 30
19620 24709 2 5 24 O 30
24709 19619 2 5 23 O 30
19619 7604 2 7 35 O 10
7604 28407 2 15 78 O 30
28407 9500 2 11 59 O 10
9500 9501 2 42 231 O 30
9501 28420 2 5 25 O 10
28420 12214 2 22 119 M 30
13752 19624 2 15 79 O 30
19624 19622 2 7 37 O 30
19622 19627 2 13 67 M 10
19627 16645 2 4 20 O 30
16645 13753 2 29 161 O 20
13753 5802 2 2 8 O 10
17009 12801 2 11 57 O 20
12801 27025 2 4 19 O 20
16155 29874 2 16 85 O 30
29874 29880 2 5 25 O 20
29880 29878 2 1 3 O 20
29878 29876 2 11 56 M 30
29876 16157 2 13 69 O 20
16157 16158 2 2 8 O 20
16158 19833 2 6 33 O 10
19833 17044 2 4 19 O 20
17044 29796 2 5 26 O 10
29796 21002 2 3 16 O 30
16232 87 2 18 96 M 30
17045 29012 2 23 123 O 10
29137 17048 2 19 103 M 20
15238 17049 2 8 44 O 20
17049 17879 2 92 507 O 20
17050 17051 2 10 54 O 10
29385 17052 2 118 650 O 30
17053 17054 2 8 40 O 10
17054 17055 2 9 49 M 10
29381 17056 2 23 123 O 20
17055 17061 2 11 59 O 20
17061 17057 2 7 37 M 10
17057 17058 2 42 230 O 30
17057 17059 2 10 55 O 30
17059 17060 2 16 87 O 10
17061 17062 2 11 56 O 20
17059 17064 2 11 60 O 10
17064 17063 2 18 96 O 20
17064 17065 2 6 29 O 20
17067 17068 2 14 78 O 10
18017 17069 2 17 93 O 10
17070 17071 2 13 72 O 10
17072 17073 2 8 40 O 20
28521 17074 2 97 538 M 30
17082 17083 2 12 65 O 20
17084 8065 2 9 46 M 10
10471 10472 2 7 34 O 10
17089 17088 2 17 94 O 10
17087 28064 2 14 77 M 20
17089 17086 2 3 12 O 20
17086 17087 2 6 29 M 30
17087 17090 2 6 30 O 20
17092 17091 2 7 38 O 20
16128 17093 2 14 73 O 30
16129 17094 2 14 75 O 20
12406 17097 2 33 182 M 10
16121 17095 2 21 115 O 10
9240 17099 2 10 50 M 10
17098 17101 2 12 64 O 20
9239 17100 2 4 19 O 10
17105 20768 2 7 35 M 10
20768 26621 2 14 75 O 30
26621 26627 2 15 78 O 10
26627 26629 2 8 43 M 10
26629 26632 2 4 20 O 30
26632 26663 2 6 30 M 10
26663 26635 2 4 18 O 10
26635 26637 2 11 59 O 20
26637 26657 2 1 4 O 30
26657 26618 2 10 55 O 30
26618 13634 2 3 16 O 20
13634 26609 2 10 50 M 10
26609 25927 2 18 96 O 10
25927 25925 2 7 36 O 20
25925 25923 2 8 42 O 30
25923 13733 2 5 27 O 10
13733 13640 2 2 11 O 30
13640 13641 2 4 19 O 30
13641 20769 2 14 75 O 20
20769 8710 2 4 19 M 10
1416 26842 1 13 67 O 30
17120 17121 2 8 41 M 30
20955 17123 2 18 99 O 30
14677 17122 2 20 107 M 30
10346 12385 2 14 76 M 30
12385 25320 2 8 43 O 30
17124 17125 2 7 34 O 30
17130 17131 2 10 54 O 30
17134 17135 2 5 24 O 10
17132 17126 2 9 46 M 10
17127 17128 2 9 49 O 20
17133 17129 2 11 61 O 20
17136 17137 2 14 77 O 20
15459 23040 2 7 34 M 10
17548 17150 2 113 626 O 30
10535 10536 2 32 174 O 20
11389 4022 2 8 42 O 10
4022 17157 2 6 31 M 20
17159 17160 2 8 42 O 10
17161 17162 2 16 85 O 30
17165 17169 2 4 20 O 20
17169 17170 2 3 16 O 10
17170 17172 2 3 16 M 30
17172 17174 2 3 16 O 30
17174 17176 2 3 16 O 30
17176 17166 2 3 16 M 10
17170 17171 2 11 59 O 10
17172 17173 2 11 59 O 20
17174 17175 2 11 59 O 30
17176 17177 2 11 60 M 30
17179 389 2 16 85 M 20
389 17180 2 5 23 O 20
17181 17182 2 4 18 M 20
3186 17184 2 9 45 O 20
17188 659 2 5 26 O 20
659 17189 2 13 68 O 30
17186 17187 2 12 64 O 20
17192 17191 2 13 69 O 20
17190 17185 2 29 161 M 10
17197 17195 2 16 88 O 30
17200 17193 2 16 88 O 20
17201 17194 2 21 113 O 30
12370 17198 2 7 34 O 30
17198 17196 2 12 66 O 10
17198 17199 2 19 103 O 20
17202 17203 2 5 26 O 20
17203 17204 2 18 97 M 10
17205 17203 2 9 49 O 30
17206 17397 2 8 42 O 10
17397 6973 2 12 63 O 30
6973 6971 2 7 35 O 10
6971 17207 2 4 20 M 30
17208 6844 2 8 43 O 20
17210 17211 2 14 72 O 10
17212 17213 2 15 80 O 30
17214 17215 2 7 38 M 30
17222 17221 2 19 104 O 10
17223 17224 2 11 58 O 20
11361 17217 2 10 54 O 30
12394 17218 2 5 23 O 20
17232 17228 2 17 92 O 30
12388 17229 2 14 75 O 10
12388 17225 2 4 20 O 20
17231 17226 2 7 35 O 10
17233 17234 2 9 46 O 20
13558 17227 2 7 38 O 20
17235 17236 2 16 85 O 10
12445 12446 2 2 8 O 10
12446 25782 2 3 14 O 10
25782 25784 2 3 13 O 20
25784 25791 2 5 24 M 10
25791 13212 2 2 10 O 20
13212 13211 2 14 74 O 20
13211 25780 2 6 32 O 10
25780 17422 2 3 13 O 10
17422 9549 2 2 6 M 10
9549 25778 2 5 25 M 20
25778 24536 2 4 18 O 20
24536 24534 2 5 24 M 10
24534 24538 2 4 18 O 10
24538 25776 2 1 4 O 30
24526 24544 2 1 4 O 30
24544 24546 2 4 18 O 20
24546 24638 2 5 28 M 30
24638 5809 2 3 16 O 20
5809 24633 2 1 5 O 30
24633 24635 2 3 15 O 10
24635 16093 2 9 49 O 20
16093 16094 2 16 85 O 10
16094 16095 2 17 93 O 10
16095 14757 2 17 89 O 30
14757 16096 2 20 106 O 20
16096 24616 2 34 189 O 30
24616 24630 2 22 118 O 30
24630 24668 2 6 33 O 10
24668 16097 2 8 43 M 30
16097 14762 2 13 70 O 10
14762 24684 2 2 7 O 20
24684 18085 2 6 28 O 10
18085 18084 2 6 29 O 30
18084 24672 2 4 21 O 20
24672 24676 2 6 31 O 10
24676 24678 2 5 25 O 20
24678 24687 2 29 156 O 30
24687 24691 2 5 24 M 30
24691 16061 2 8 44 O 10
16061 24694 2 10 56 O 30
24694 22280 2 17 90 M 10
22280 24698 2 8 41 O 20
24698 24704 2 8 43 O 10
24704 24701 2 8 40 O 10
24701 16062 2 5 24 O 10
548 546 1 5 27 O 30
546 9039 1 3 16 O 20
17238 17237 2 9 47 O 20
16806 17239 2 7 34 O 10
15399 8224 2 10 52 O 20
8224 5396 2 4 20 O 20
5396 11179 2 3 13 O 20
11179 15181 2 11 56 O 30
15181 8225 2 1 4 O 30
8225 8226 2 15 78 M 20
6026 8222 2 78 433 O 20
6026 6028 2 89 491 O 10
17246 28718 2 7 34 O 20
17245 28719 2 8 42 O 30
17247 17869 2 10 51 O 30
17869 13348 2 10 52 O 30
13353 17248 2 13 72 O 20
17248 17249 2 6 31 O 30
17252 14370 2 15 79 O 30
18500 17253 2 9 45 O 10
17255 17256 2 10 55 O 30
17257 17258 2 11 61 O 20
17259 17260 2 24 131 O 30
17261 2996 2 16 88 O 20
17262 17263 2 8 42 M 20
17266 17267 2 19 101 O 20
17270 17271 2 28 152 O 10
8199 17275 2 18 95 O 10
10646 22782 2 4 22 O 10
22782 22778 2 5 26 O 20
22778 22783 2 2 10 O 30
17276 29035 2 5 23 O 20
29035 22773 2 4 22 O 10
22773 22774 2 2 9 O 20
17277 17278 2 10 50 O 30
17279 17280 2 10 51 O 30
17281 17282 2 6 29 O 30
17282 10695 2 15 83 O 30
10697 17282 2 7 36 O 30
11764 17284 2 54 300 O 10
17285 17286 2 11 57 M 10
17287 17288 2 22 117 O 10
4325 17289 2 12 62 O 10
17290 17291 2 11 59 O 30
17292 17293 2 9 50 O 30
17294 17295 2 26 141 O 10
17296 17297 2 29 158 O 30
17298 17299 2 18 96 O 20
17300 17301 2 5 26 O 20
17301 17302 2 8 39 O 10
17301 17303 2 3 13 O 30
17304 17305 2 43 238 O 20
17306 17307 2 13 71 O 30
17308 17309 2 21 116 O 20
17310 17311 2 23 127 O 30
17312 17315 2 16 86 O 20
17315 17313 2 13 70 O 10
17313 17314 2 8 40 O 20
17314 17315 2 6 33 O 30
17318 25011 2 15 80 O 10
17319 17320 2 35 194 O 10
17321 17322 2 16 85 O 20
17323 17324 2 9 45 M 20
17325 17326 2 7 37 O 30
17327 17328 2 19 104 M 20
17329 17330 2 5 27 O 20
17331 17332 2 8 40 O 20
17333 17334 2 32 176 O 10
17335 17336 2 10 55 O 10
17338 17339 2 3 13 O 20
17339 17344 2 11 56 O 30
17344 28636 2 5 25 M 20
28636 17337 2 2 9 O 20
17340 17339 2 5 26 M 30
17339 17341 2 9 48 M 20
28636 17343 2 9 50 M 30
17343 17344 2 4 21 O 30
17345 17346 2 11 60 O 10
17347 17348 2 22 117 O 20
17349 17350 2 3 15 M 20
20905 17351 2 21 111 O 20
17352 17353 2 7 35 O 10
17354 17355 2 7 35 O 10
17356 17357 2 7 37 O 30
17358 17359 2 18 99 O 10
17360 17361 2 4 19 O 10
17361 17362 2 7 35 O 20
17361 17363 2 5 25 M 20
17364 17365 2 13 69 M 20
17366 17367 2 14 75 O 10
17368 17369 2 11 58 O 10
17210 17370 2 9 46 M 10
19776 17371 2 19 103 O 20
17372 17373 2 8 41 O 20
17374 17375 2 6 32 O 30
17376 17377 2 10 51 O 30
17378 17379 2 7 35 M 10
17380 17381 2 5 26 O 30
17382 6838 2 2 7 O 20
17384 17385 2 6 29 M 10
17386 17387 2 4 19 M 10
17388 17389 2 6 29 O 10
17390 17391 2 11 57 O 20
17392 17393 2 9 48 O 20
17394 17395 2 7 35 M 10
17396 17397 2 9 50 O 20
17398 17399 2 10 52 O 30
17400 17401 2 5 23 O 20
17402 17403 2 5 26 O 30
17404 17405 2 6 32 O 20
15200 17406 2 13 71 O 20
22083 28019 2 9 48 O 10
28019 28017 2 9 46 O 30
28017 8361 2 21 112 O 20
8361 14251 2 12 61 M 30
14251 28594 2 13 67 O 30
28594 28596 2 1 4 O 10
28596 19071 2 2 7 O 10
19071 28599 2 14 76 O 30
28599 8396 2 20 106 O 20
20655 17410 1 3 15 O 10
17410 17411 2 3 16 M 20
17411 23274 2 3 16 O 20
23274 17407 2 4 18 O 20
17407 592 2 6 33 O 20
592 28597 2 4 18 M 30
28597 8396 2 2 11 O 30
17410 17408 2 25 134 O 20
17412 17413 2 14 73 O 10
16858 2566 2 78 431 O 30
2566 18837 2 9 49 O 30
939 16858 2 87 481 O 20
24394 27938 2 4 18 O 10
17422 24077 2 15 80 M 10
24077 24075 2 8 44 O 20
24075 17421 2 10 54 O 10
11031 9506 2 10 54 O 30
9593 9507 2 13 67 O 10
17425 1653 2 2 6 M 30
17429 17428 2 11 56 O 10
17432 19194 2 4 18 O 20
19194 17431 2 3 15 O 20
17431 17432 2 3 15 M 30
13726 17433 2 6 28 O 10
17434 17435 2 20 107 M 20
20194 20193 2 14 78 M 30
20193 20195 2 7 35 O 20
20195 24725 2 15 82 O 20
24725 10179 2 4 22 O 20
10179 26103 2 10 55 O 20
26103 15650 2 6 29 O 20
11475 17487 2 14 74 O 30
17488 17489 1 6 29 O 20
11416 767 2 9 47 O 30
767 16802 2 3 16 O 10
16802 22510 2 3 13 O 20
22510 22511 2 7 35 O 30
22511 29466 2 11 59 O 20
29466 29487 2 5 28 O 10
29487 29480 2 5 28 O 20
29480 29477 2 5 26 O 30
29477 29454 2 1 2 O 30
29454 29456 2 5 27 O 30
29456 29467 2 5 27 O 10
29467 29452 2 5 27 O 20
29452 14262 2 5 27 M 20
14262 28026 2 3 14 O 10
28026 29482 2 3 15 O 10
17491 17492 2 46 254 O 10
17493 17494 2 11 56 O 20
17495 17496 2 9 48 O 30
17497 17498 2 5 27 O 30
11762 17499 2 7 34 M 30
17500 17501 2 5 26 M 30
15631 17502 2 7 38 O 10
14800 17503 2 4 17 O 10
14801 17504 2 4 22 O 10
15619 15620 2 10 54 O 20
17505 17506 2 10 53 O 10
17507 17508 2 14 75 O 10
17508 17509 2 13 68 O 30
17508 17510 2 6 29 O 30
15629 17512 2 5 25 M 10
17512 20866 2 3 15 O 30
20873 17514 2 26 140 M 20
15720 24680 2 28 154 O 30
20873 15720 2 4 17 O 10
15720 24681 2 31 171 O 10
20875 18489 2 34 188 O 30
18489 17515 2 7 36 M 20
17517 17516 2 5 27 O 30
17525 17518 2 6 30 O 20
11121 17523 2 16 86 M 20
17522 17519 2 16 89 O 20
11122 17520 2 16 87 O 20
17521 17524 2 20 107 M 20
11732 8227 1 16 85 O 20
25119 25171 2 2 6 O 20
25171 25120 2 3 13 O 30
25120 25173 2 5 22 O 30
25173 17149 2 9 48 M 30
17149 17534 2 4 21 O 30
17534 17537 2 11 60 O 20
17537 17150 2 9 47 O 30
17534 17536 2 4 20 O 30
17149 17535 2 17 90 O 20
17537 17538 2 18 95 O 30
17527 25183 2 13 70 M 10
25183 25179 2 6 31 M 10
25179 17528 2 6 28 O 10
17529 17531 2 16 83 O 10
17530 25125 2 3 11 M 10
25125 17532 2 20 107 O 10
17539 17540 2 52 285 M 20
17540 28508 2 6 32 M 30
17541 17540 2 6 30 O 30
17543 25414 2 11 56 M 10
25414 17542 2 2 8 O 10
17151 25649 2 2 7 O 30
25649 17152 2 3 17 M 30
17152 25642 2 18 100 O 10
25642 17153 2 32 176 O 20
17548 17550 2 7 35 O 20
17550 25647 2 9 46 M 30
25647 17151 2 8 42 O 20
17151 25417 2 12 66 O 20
25417 25645 2 11 61 O 10
25645 25640 2 5 27 O 10
25640 17555 2 15 79 O 30
17555 28510 2 7 38 M 10
17557 17558 2 8 42 O 30
28509 17559 2 6 31 M 20
20855 17552 2 7 36 O 30
28507 25491 2 9 48 O 10
25491 17554 2 7 36 M 10
17550 17549 2 7 35 O 10
17556 17555 2 12 63 O 10
17551 17553 2 17 89 O 10
17998 10530 2 16 84 O 10
17579 17580 2 5 23 O 10
17569 25541 2 4 21 O 20
25541 25536 2 4 18 O 20
25536 17568 2 13 72 O 30
17585 17586 2 4 17 O 30
17571 17573 2 13 71 O 20
17581 17545 2 6 33 O 10
17583 17577 2 28 154 M 20
17566 17565 2 10 51 O 30
17578 25562 2 4 21 O 20
25562 17582 2 19 101 O 10
16581 17575 2 20 110 O 20
17588 17587 2 8 42 O 30
17576 25551 2 7 36 M 20
25551 25549 2 8 41 O 10
25549 17572 2 6 28 O 20
17562 17586 2 9 48 O 10
17586 17584 2 3 14 O 20
17567 25534 2 5 24 O 30
25534 17569 2 16 87 O 10
17569 17570 2 4 17 O 10
17594 17593 2 3 14 O 20
21020 23613 2 2 7 O 10
23613 23612 2 2 8 O 30
23612 17594 2 4 21 O 30
17589 17592 2 10 54 O 10
18912 17591 2 13 71 O 20
16295 17590 2 9 49 O 20
17610 17611 2 11 59 O 10
18913 17618 2 5 28 O 30
17616 17617 2 4 22 O 20
17603 17604 2 6 31 M 20
17612 17613 2 13 70 O 10
17599 25041 2 1 3 O 30
25041 17601 2 10 51 O 20
17595 17596 2 12 66 O 20
20891 17609 2 11 61 M 30
17619 17617 2 2 9 O 20
17617 17615 2 15 79 M 20
17597 25044 2 3 14 M 20
25044 17598 2 2 7 O 20
17598 25045 2 4 20 M 30
25045 17600 2 8 44 O 20
15085 25040 2 6 31 O 30
25040 17602 2 7 35 O 20
17607 17608 2 8 41 O 10
17614 17620 2 19 105 O 10
17605 17606 2 10 51 O 30
17623 17622 2 19 103 O 30
17626 17625 2 14 75 O 30
18920 17624 2 8 42 O 20
21022 3805 2 9 45 O 10
3805 17627 2 7 34 M 20
17630 17633 2 3 16 O 20
17628 17631 2 7 34 M 20
17632 17635 2 14 73 O 20
17634 17629 2 7 39 O 10
18896 17638 2 13 68 O 10
17636 17637 2 15 78 O 10
17641 14612 2 10 55 M 20
17621 25510 2 9 48 O 10
25510 17645 2 15 81 O 10
17645 17646 2 20 106 M 10
17642 17643 2 7 37 O 30
17645 17647 2 13 71 O 30
13337 17649 2 43 234 O 10
13337 17652 2 18 98 O 20
17648 17653 2 2 10 O 20
14690 1433 1 8 40 O 10
17717 17718 2 11 60 M 30
26337 17701 2 9 50 M 30
17701 17703 2 11 60 M 10
26338 17691 2 10 54 O 20
17691 17692 2 11 57 O 10
26336 17709 2 5 24 O 10
17709 17713 2 10 53 O 30
10356 17716 2 3 13 O 30
17716 17723 2 3 16 M 30
17723 16022 2 5 28 O 30
17667 17668 2 16 85 M 30
11080 29200 2 4 19 O 20
16020 17731 2 13 72 O 20
17746 17744 2 18 100 O 10
17744 17738 2 21 115 O 10
17738 17739 2 10 53 M 10
17742 17736 2 16 88 O 10
17687 17688 2 16 88 M 20
17693 17694 2 17 91 O 10
17677 17676 2 16 86 O 10
17700 17693 2 3 16 O 10
17693 17687 2 6 29 M 20
17687 17676 2 6 28 O 30
17676 17672 2 5 28 O 20
17710 17711 2 15 82 M 30
17719 17720 2 16 84 O 10
16048 17702 2 6 33 O 10
17692 17683 2 9 46 O 10
16029 21680 2 11 57 O 10
17662 17660 2 5 27 O 30
17660 17661 2 16 83 O 20
17661 3795 2 8 43 M 10
3795 17662 2 3 14 O 30
18003 17665 2 5 23 O 20
17696 17699 2 8 42 O 10
17714 17728 2 9 47 M 10
17660 17657 2 4 20 O 20
17712 17722 2 6 29 O 30
17678 17684 2 6 31 O 30
17729 17721 2 6 32 O 20
17666 17674 2 9 48 O 30
17674 21783 2 6 31 O 30
21783 17686 2 2 10 O 30
17658 17663 2 14 77 O 30
17733 17715 2 28 155 O 20
16016 17737 2 3 11 O 30
17707 17703 2 2 9 O 10
17703 17698 2 2 10 O 10
17680 17673 2 8 40 M 30
17748 17747 2 16 84 O 20
17716 17732 2 14 78 O 30
17734 17743 2 16 86 M 30
17724 17717 2 14 74 M 20
17671 17682 2 9 45 O 10
17723 17727 2 7 33 M 20
17670 17675 2 13 71 O 20
17685 17697 2 14 75 M 30
21187 17741 2 17 90 O 20
17726 17735 2 15 80 O 30
17708 17725 2 11 60 M 30
17679 17677 2 8 42 O 10
17704 17705 2 9 47 O 30
17705 17706 2 11 56 O 10
17688 17689 2 12 65 M 30
17694 17695 2 12 64 M 30
17690 17749 2 24 133 O 10
16905 30217 2 200 1110 O 10
17753 17754 2 5 27 O 10
16906 17755 2 10 54 O 30
9319 17757 2 6 32 O 10
10321 10326 2 11 58 O 30
10326 10325 2 5 26 O 10
10325 10327 2 12 65 O 20
10680 14737 1 2 6 O 10
9232 8546 2 22 122 M 20
9224 21455 2 25 133 O 30
21455 9230 2 3 15 M 20
9230 12099 2 16 84 O 30
9224 5504 2 14 77 O 20
5504 9732 2 5 27 M 30
23385 11711 2 24 130 O 20
8970 9269 2 12 66 O 20
12535 9270 1 16 85 O 10
9270 12696 1 4 20 O 20
28649 12535 2 18 100 M 20
8579 8577 1 3 17 O 10
14253 6484 1 11 57 O 20
26270 12615 2 13 68 O 10
12615 8624 2 1 5 O 20
1548 1549 2 6 32 M 30
8547 9028 1 18 97 O 20
585 28777 2 13 69 O 30
28777 16138 2 7 39 O 20
16138 22598 2 11 61 O 30
22598 586 2 2 7 O 10
28530 10948 2 27 145 O 20
17864 17863 2 2 8 O 30
17863 28530 2 1 4 O 10
17865 8729 2 2 7 O 10
8729 15266 2 3 16 M 20
17866 17867 2 23 124 O 30
17868 13350 2 14 73 O 20
17869 17870 2 5 25 M 20
15239 17871 2 6 32 O 30
17872 17873 2 8 44 O 20
17874 15240 2 17 94 O 20
17876 17877 2 11 59 O 10
15241 17878 2 10 54 O 30
17049 17880 2 8 43 O 10
17881 17882 2 8 40 O 20
17883 17884 2 34 189 O 10
17248 17887 2 6 29 O 30
2523 7322 2 14 76 O 10
7322 16262 2 10 54 M 30
16261 17888 2 24 133 O 10
17889 28526 2 10 55 O 10
28526 2040 2 3 15 O 20
2040 14594 2 3 13 O 20
14594 28525 2 13 68 M 10
28525 13340 2 8 39 O 20
14596 17889 2 3 12 O 30
11824 17890 2 19 102 O 30
18014 17891 2 37 206 O 20
17892 17893 2 7 38 O 20
17894 15266 2 12 65 M 20
15267 17894 2 2 9 O 20
17895 17896 2 3 13 O 30
17896 17897 2 1 5 M 30
17897 2041 2 3 16 O 20
23233 17898 2 13 71 M 20
2037 17899 2 5 27 O 20
17901 17902 2 16 86 M 10
17903 17904 2 11 57 O 20
29135 17905 2 25 136 O 30
29136 17906 2 6 31 M 20
17907 17908 2 13 71 O 20
20882 28383 2 4 17 O 10
17909 17910 2 15 79 O 10
12507 23552 2 21 115 O 10
17912 17913 2 8 42 M 20
17914 17916 2 4 18 O 10
17916 17148 2 19 103 O 10
17148 25313 2 4 17 O 20
25313 17915 2 4 19 O 10
20021 17917 2 44 241 O 20
17919 17920 2 27 150 O 10
17920 17921 2 16 87 M 30
16256 23554 2 28 153 O 30
16257 17922 2 19 101 O 30
17920 17923 2 4 20 O 20
17923 17924 2 7 37 O 20
17924 17925 2 5 27 O 20
17924 17926 2 3 12 O 30
17923 17927 2 6 29 O 10
17928 6604 2 20 110 O 10
23555 17929 2 6 31 O 20
14866 17931 2 10 51 O 20
17940 14866 2 58 321 O 30
14866 9646 2 15 81 O 30
14047 16337 2 4 18 O 20
17936 17935 2 6 31 O 20
17941 17942 1 6 28 M 30
17943 17944 1 7 38 O 20
17945 17946 1 9 47 O 10
17947 17948 1 11 56 O 10
17949 17950 1 12 65 O 10
17951 17952 1 14 74 O 10
17953 17954 1 15 78 O 10
17955 17956 1 13 69 O 10
17957 17958 1 11 58 O 10
17959 17960 1 9 46 M 20
17961 17962 1 7 36 O 20
17963 17964 1 5 27 O 10
17965 17966 2 5 22 O 20
17966 28012 2 6 33 O 10
17966 17967 2 5 23 O 10
17967 17968 2 4 17 O 10
11826 17971 2 6 29 M 10
15232 17972 2 2 11 O 30
15228 17974 2 20 109 O 30
17975 17976 2 11 59 O 30
12427 9707 1 3 13 O 20
18073 10384 2 4 17 O 10
10384 27029 2 2 7 O 10
27029 27028 2 3 14 O 30
27028 18074 2 12 61 O 30
29127 29130 2 24 128 O 30
29131 23023 2 71 393 M 20
724 719 2 17 89 O 20
719 734 2 8 43 O 20
734 18078 2 4 18 O 30
18077 718 2 6 31 O 20
718 714 2 8 40 O 20
714 18079 2 56 310 O 20
18081 18083 2 45 249 O 20
18083 18085 2 10 51 O 20
18087 18088 2 5 25 O 30
18090 24595 2 4 20 O 30
24595 24593 2 5 23 M 30
24593 24592 2 1 3 M 20
24592 18095 2 2 10 O 30
18086 18092 2 19 104 O 10
18089 18093 2 7 38 O 10
18091 18093 2 6 33 O 20
18093 18096 2 20 108 M 30
18097 18094 2 24 128 M 30
18082 18084 2 32 174 O 20
29151 29146 2 45 247 O 30
18100 18101 2 17 91 O 30
18101 18103 2 18 97 O 30
18103 24884 2 11 56 M 20
24884 21194 2 6 29 O 30
18101 18102 2 10 51 O 20
29145 18440 2 2 8 O 10
18440 29147 2 12 66 M 20
11195 18104 2 9 45 O 30
18104 18105 2 24 131 O 30
18104 18106 2 11 61 O 10
11187 18108 2 4 18 O 30
18108 18107 2 12 65 O 20
18108 19029 2 3 14 O 10
11227 18110 2 21 116 O 10
18112 18113 2 15 78 O 10
20646 18185 2 12 63 O 10
18185 18186 2 18 98 O 30
18185 18187 2 17 93 O 10
18188 18189 2 18 98 M 10
18189 15157 2 21 116 M 30
18190 18191 2 18 95 O 20
18191 15156 2 17 92 O 10
20646 18187 2 5 27 O 30
18187 18192 2 10 51 O 30
18194 18195 2 5 27 M 20
18196 18197 2 6 33 O 10
18192 18196 2 1 4 O 10
18196 18194 2 3 16 O 10
18194 18193 2 7 38 M 10
18198 18200 2 15 79 O 10
18199 18200 2 21 114 M 10
18201 18203 2 3 15 O 30
18203 18202 2 13 71 O 30
16812 18203 2 11 60 O 20
16813 18204 2 11 56 M 30
18205 18206 2 10 51 O 30
21079 18207 2 41 224 O 20
18208 18209 2 46 252 M 10
18209 18210 2 14 77 O 30
18215 10971 2 16 84 M 20
10364 10367 2 177 978 O 30
16821 26892 2 20 106 O 30
26892 26888 2 1 3 O 20
26888 10366 2 8 44 O 20
10366 26894 2 1 5 O 20
26894 18218 2 4 19 M 10
18218 10364 2 11 60 O 20
10369 18219 2 18 95 O 10
23082 24586 1 20 106 O 10
23078 19152 2 4 22 M 10
18221 17108 1 12 63 M 20
23084 26848 1 6 31 O 30
23081 26845 1 5 26 O 20
10185 18237 2 31 168 M 10
1329 6580 2 7 35 O 20
6580 6579 2 12 64 O 10
6579 6578 2 8 39 O 20
6578 1330 2 2 10 O 10
1330 10332 2 9 46 O 10
10332 1487 2 19 102 O 30
15250 30221 2 46 255 O 20
9114 25632 1 8 44 O 30
18405 18406 2 12 65 O 10
11714 18429 2 8 44 O 20
18430 18431 2 5 26 M 10
8425 20658 2 5 24 O 20
20658 24660 2 3 15 O 30
23387 17991 2 3 16 O 20
21191 18441 2 17 94 O 30
5027 5026 2 30 164 O 10
10921 1399 2 2 9 O 30
18480 18481 2 14 78 M 10
9290 18482 2 5 28 O 10
9286 9295 2 9 46 O 10
9295 18483 2 2 11 O 30
18484 18485 2 8 40 O 20
17514 24680 2 8 40 M 10
18487 18488 2 13 68 O 30
18489 18490 2 4 22 O 30
17140 17141 2 162 897 O 20
18491 17140 2 11 60 O 10
17139 18491 2 2 6 O 30
18505 22969 1 9 45 M 20
18504 18505 1 3 12 O 20
18510 18507 2 2 8 O 10
18507 18508 2 3 17 M 20
18509 18507 2 3 15 O 30
18528 18529 2 7 37 O 30
11603 22653 2 10 51 M 30
27760 8465 1 12 66 O 30
9539 18538 2 2 6 O 20
9342 18540 2 2 8 O 30
10690 18541 2 1 3 O 30
18557 18556 2 7 37 O 10
18558 18564 2 5 25 O 20
18558 18575 2 5 27 M 20
18561 18560 2 8 42 O 30
18562 18555 2 8 44 O 20
26769 18555 2 3 16 O 10
18555 18560 2 7 35 O 20
18560 18575 2 7 38 O 10
18575 18564 2 6 31 O 30
18567 18568 2 8 41 O 20
18789 28764 2 6 31 O 10
18571 20969 2 2 8 O 10
20969 18570 2 7 36 O 10
18570 20966 2 3 15 M 10
20966 18569 2 5 25 O 30
18572 18571 2 4 17 O 30
18574 21279 2 7 36 O 10
21279 18573 2 6 32 O 20
18573 20978 2 8 41 O 30
21432 18577 2 4 19 O 10
18581 18580 2 5 27 O 20
18580 27701 2 4 18 M 20
27701 18579 2 1 3 O 10
11382 18583 2 2 8 O 30
18584 18946 2 2 11 O 20
18586 18585 2 17 94 O 30
11337 11338 1 51 281 M 10
18582 11341 1 50 275 O 30
8787 8788 1 11 58 M 10
11345 10926 1 53 294 M 30
18600 18599 2 26 141 M 20
18602 18601 2 19 101 O 30
18605 28374 2 1 5 O 10
28374 18603 2 8 42 O 30
28374 18604 2 10 50 O 20
18606 18579 2 8 39 O 10
18614 23826 1 1 5 O 10
18618 17003 2 2 9 O 20
7720 18617 2 2 9 O 20
10925 11347 1 36 197 O 20
11328 11329 1 34 189 O 10
11325 11326 1 48 262 O 30
18610 23824 1 1 5 O 10
18616 11325 1 29 157 O 20
11349 11350 1 38 209 O 10
18619 28470 1 11 58 M 10
28470 11438 1 2 8 O 30
18620 11353 1 41 226 O 30
17002 4360 1 2 11 M 20
11438 17001 1 1 5 O 10
21806 12989 1 2 11 M 20
18621 18607 1 10 50 O 10
18608 23820 1 2 9 O 20
23829 23826 1 1 4 O 30
23821 18609 1 2 9 M 20
18612 23828 1 2 8 O 10
23822 23824 1 1 5 O 30
23827 18613 1 2 8 M 20
20072 18594 2 1 5 O 10
20073 18595 2 1 5 O 30
11433 18597 2 3 15 O 20
18596 12986 2 3 12 O 20
18622 14634 1 4 19 M 10
11410 11411 1 19 101 O 20
18940 18305 1 8 41 O 10
21080 21083 1 25 136 O 20
11340 10927 1 44 244 O 20
11339 8428 1 60 330 O 20
26145 18624 2 3 13 O 20
26143 26144 2 25 136 O 30
26144 26145 2 24 130 M 30
18626 8392 2 27 147 O 10
18625 18626 2 3 15 O 10
18627 18381 2 10 52 O 20
8395 18627 2 4 22 O 10
18630 27922 2 2 8 O 30
27922 27921 2 2 7 O 20
27921 27920 2 2 10 O 30
27920 27923 2 1 1 O 20
27923 18631 2 2 6 O 10
18629 18630 2 3 14 O 30
18632 18633 2 6 32 O 20
18631 18632 2 3 14 O 20
18702 27925 2 3 14 M 20
27925 24396 2 2 11 O 30
24396 18628 2 2 7 O 20
18633 18702 2 3 14 O 30
18634 21620 2 3 12 M 10
18628 18634 2 3 14 O 20
18641 27611 2 2 7 O 20
27611 27594 2 1 3 O 10
27594 27609 2 2 7 O 10
27609 27593 2 2 8 M 30
27593 18640 2 2 6 O 20
18642 18641 2 3 13 O 10
18639 18638 2 6 31 O 30
18640 18639 2 3 14 M 30
18637 27584 2 3 13 M 30
27584 27586 2 3 11 O 10
27586 18636 2 2 7 O 20
18638 18637 2 3 16 O 10
18635 27597 2 3 16 O 20
27597 27582 2 3 13 M 30
18636 18635 2 3 14 O 20
14048 2722 1 7 34 O 20
2722 2721 1 7 37 M 30
2721 14049 1 3 13 O 30
18644 18643 2 4 21 O 30
18645 13784 2 2 8 O 20
18646 23279 1 4 21 O 20
18647 18646 1 2 11 O 20
22076 18649 1 4 19 O 10
18649 18648 1 3 11 O 10
18650 13724 2 3 15 O 20
13724 22755 2 19 105 M 30
13725 18650 2 2 9 O 20
18652 18651 2 8 44 O 20
17764 18652 2 6 32 O 10
18654 18655 2 3 16 O 30
21049 641 2 4 17 O 30
641 639 2 4 17 O 10
639 637 2 3 16 O 10
637 18654 2 1 3 O 20
18658 18657 2 2 11 O 10
13794 22589 1 2 7 O 10
18662 12526 1 4 21 O 30
18663 18662 1 3 12 O 20
18511 24335 2 1 5 O 10
30012 1307 2 32 177 O 20
18665 18666 2 17 90 M 20
18667 18668 2 14 76 O 30
18670 29070 2 6 30 O 20
29070 29072 2 4 18 M 30
29072 29074 2 4 17 O 30
29074 18671 2 4 17 O 20
18669 18672 2 19 102 M 20
18218 18675 2 15 79 O 20
18675 18676 2 10 52 O 20
18675 18677 2 33 183 O 30
152 20797 2 6 29 O 10
9054 24321 1 7 38 O 20
18678 18679 2 5 27 O 20
18682 18683 2 12 65 O 10
18689 17939 1 4 18 O 10
18693 21474 2 5 24 O 30
18999 22138 2 3 12 M 30
22138 22137 2 3 16 O 20
9028 1396 1 14 73 O 30
29548 18700 2 18 96 O 20
22920 18701 2 5 24 M 10
9577 9578 2 29 156 O 10
27902 9579 2 9 48 O 10
9579 27493 2 5 26 O 30
18707 18706 2 9 47 M 30
18715 27958 2 13 67 O 30
27958 18716 2 7 38 O 30
13403 13401 2 9 49 O 10
18719 18718 2 19 101 O 30
11871 3982 2 12 63 O 20
18723 18722 2 10 54 M 20
1319 18725 2 10 50 O 30
8913 18728 2 9 48 O 30
16204 18287 2 3 15 O 20
18730 5174 2 9 46 O 10
5174 18729 2 6 30 M 30
18731 18730 2 10 50 M 10
18730 18727 2 4 19 O 20
9543 18735 2 3 16 M 20
18734 18733 1 2 8 O 30
14305 18039 2 7 38 O 10
18039 23367 2 2 6 O 20
23367 14304 2 8 42 M 30
14304 2155 2 5 24 O 30
2155 11516 2 16 85 O 20
20869 30207 2 6 30 O 30
12706 15620 2 2 9 O 10
15620 14717 2 12 64 O 30
15721 20874 2 16 85 O 30
24681 15721 2 5 27 O 30
17515 20876 2 14 78 O 20
12836 20880 2 12 66 O 10
18757 12836 2 2 8 O 30
18758 18759 2 9 48 O 30
18760 18761 2 7 36 M 30
17148 18762 2 9 46 O 10
17146 25315 2 12 62 O 30
25315 25270 2 26 141 O 30
25270 17147 2 6 28 O 20
18837 16859 2 3 15 O 30
16859 18839 2 21 111 O 20
18839 16860 2 24 128 M 30
18840 18837 2 3 13 M 20
18838 18839 2 3 13 O 20
30191 5783 2 35 192 O 10
18861 28428 2 2 9 O 30
28428 28426 2 28 151 M 10
18863 28738 2 5 24 O 30
28738 3762 2 5 22 O 30
18866 4478 2 2 10 O 20
4478 4475 2 4 22 O 30
4475 18865 2 4 18 O 20
18865 4474 2 7 34 M 10
4474 9143 2 12 63 O 20
18867 18868 2 19 103 O 30
18865 4484 2 10 55 O 20
4484 18869 2 12 65 O 10
18870 4481 2 10 50 O 10
4481 4479 2 6 33 O 20
4479 18871 2 4 21 O 20
18872 26158 2 3 12 M 20
26158 18873 2 7 36 O 30
770 9527 2 9 45 O 30
12257 18884 2 13 68 O 10
16080 16081 2 17 94 O 10
18961 18962 2 5 25 O 20
18962 18960 2 4 19 O 30
18964 11565 2 7 37 O 30
6860 11491 2 2 10 O 20
11491 15123 2 6 32 O 20
11565 12404 2 4 18 M 20
15278 5507 2 4 21 O 20
5507 15279 2 7 37 O 30
15279 15291 2 2 9 O 20
15291 15135 2 9 46 O 20
15135 11111 2 3 13 M 20
14853 15127 2 3 14 M 30
15127 11398 2 10 53 O 30
11398 11678 2 12 63 O 10
11678 11657 2 5 27 O 20
11657 15130 2 11 59 M 10
15130 24415 2 3 14 M 30
24415 24413 2 13 72 M 10
24413 24411 2 10 55 O 30
24411 15276 2 7 35 M 10
19053 15312 2 25 136 M 30
27321 6581 2 11 58 M 20
23865 23133 1 5 25 O 30
23852 8597 2 2 11 O 10
15652 11893 2 3 15 O 20
15652 23125 1 3 15 M 20
16440 12073 2 7 38 M 20
11053 9929 2 10 53 O 20
9929 16632 2 3 12 O 20
16632 15996 2 4 17 O 20
15996 23765 2 8 43 O 20
23765 15994 2 5 22 M 20
16630 16631 2 58 322 O 20
16631 11053 2 39 214 O 20
1794 5141 2 5 25 O 20
5141 17029 2 2 11 O 30
12133 12468 2 3 12 O 10
19516 12786 2 29 159 M 30
18690 21219 1 2 9 M 30
8401 18692 2 3 12 O 20
23829 23825 1 2 6 O 20
23825 11739 1 6 33 O 30
23866 23867 2 3 14 O 30
8898 23868 2 3 12 O 20
23868 8896 1 28 151 O 10
8896 8894 1 17 93 O 20
18287 15652 2 3 12 M 10
11803 30040 1 11 61 M 10
30040 26593 1 6 31 O 10
18968 19276 2 13 71 O 20
18970 8894 1 8 41 O 20
8895 18970 1 3 13 O 30
8759 18974 2 9 48 O 10
19003 20520 1 5 24 M 10
19001 19000 1 1 3 O 10
19002 19001 1 6 33 O 30
9723 19003 1 4 20 O 30
19003 19002 1 1 5 M 20
19005 19004 1 2 6 M 30
19006 19005 1 5 23 O 10
11894 19006 1 5 24 O 30
19008 19007 2 6 33 O 30
19010 19009 2 7 38 O 30
19012 19011 2 7 36 O 30
19019 11097 2 11 58 O 10
2773 19022 2 16 85 O 30
2774 19021 2 14 73 M 10
19024 19023 1 6 33 O 10
19025 19024 1 3 14 M 20
8932 19025 1 26 140 O 10
19026 8741 1 3 14 M 20
23820 11733 1 6 32 O 20
14513 14516 1 10 55 O 20
14512 14514 1 10 55 O 10
19030 18109 2 6 29 M 30
19029 19030 2 3 12 O 20
19032 19031 2 6 31 O 20
1208 19033 2 12 66 O 30
1208 19034 2 14 75 O 10
2155 19036 2 8 40 O 10
12470 524 2 3 12 O 20
524 522 2 4 17 O 30
522 9466 2 2 9 O 10
19047 19043 2 16 87 O 30
19044 28965 2 11 58 O 20
28965 19045 2 3 11 O 30
19056 19049 2 6 29 M 30
19049 19047 2 11 59 O 30
19047 19046 2 15 82 O 20
19050 19049 2 13 69 O 10
19049 19048 2 10 54 O 20
15310 19056 2 13 68 O 30
19056 19055 2 13 68 O 30
19062 19063 2 2 11 O 10
26002 14874 2 16 84 O 10
19065 19066 2 13 71 O 30
19067 19068 2 16 84 O 30
9502 19069 2 10 52 O 30
11213 11043 2 9 45 O 20
592 19070 2 10 52 O 10
19071 17408 2 19 102 O 10
15847 22221 2 7 36 O 30
22221 15850 2 14 76 O 20
15850 22217 2 11 56 O 20
22217 19079 2 9 48 O 30
19079 19080 2 413 2292 O 30
19080 19081 2 32 174 O 10
19081 19079 2 22 118 O 10
15847 22219 2 6 32 O 10
22219 19082 2 7 36 O 30
19082 19083 2 14 73 O 30
19086 17420 2 2 10 M 30
17420 22223 2 3 12 O 20
22223 15848 2 2 8 O 10
15848 19084 2 6 33 O 30
19085 19086 2 8 41 M 10
19091 19092 2 6 31 O 10
19093 19094 2 4 21 M 20
19087 19095 2 6 28 O 10
19096 19092 2 3 14 O 30
19092 19094 2 5 24 O 10
19094 19095 2 4 19 O 30
19095 19096 2 2 10 M 10
15849 19097 2 22 117 O 20
19098 19099 2 6 30 O 10
19074 19099 2 9 48 M 10
19099 19100 2 3 16 O 30
19102 19103 2 7 35 O 10
19106 19109 2 5 24 O 10
19109 19111 2 4 18 M 10
19111 19113 2 3 16 M 10
19113 19107 2 4 18 M 10
19106 19108 2 7 37 M 30
19109 19110 2 9 49 M 30
19111 19112 2 9 49 O 30
19113 19073 2 8 43 O 10
8977 19114 2 3 16 O 10
19115 19114 2 8 41 O 10
19114 19116 2 9 45 M 30
19117 19118 2 5 28 O 30
19119 19120 2 5 27 O 30
19121 19122 2 5 27 O 20
19123 19124 2 5 27 M 20
19125 19126 2 5 27 O 20
8975 19127 2 4 20 O 10
19128 19129 2 4 21 O 30
19130 19131 2 4 20 O 10
8974 19132 2 7 38 O 20
19134 19132 2 4 18 O 20
19132 19133 2 4 18 O 30
19134 5349 2 6 29 O 10
19135 19136 2 6 33 O 30
19137 19138 2 5 25 O 30
19139 19140 2 9 50 O 20
19074 19141 2 10 54 O 10
18010 15012 2 12 62 M 20
15012 18009 2 6 32 O 20
18009 12104 2 8 40 O 30
16417 11083 2 8 44 O 20
11083 16416 2 10 51 O 30
16628 28409 2 24 129 O 30
19201 19200 2 6 29 O 30
19200 21988 2 17 89 M 20
14817 17885 2 7 34 O 20
17885 17886 2 6 30 O 10
17885 23022 2 13 68 M 20
23022 17886 2 8 44 O 10
11825 18021 2 44 241 O 20
8733 20024 2 22 119 M 30
20024 20022 2 14 76 M 30
20022 29388 2 10 52 O 10
29388 29389 2 59 326 O 30
29389 29390 2 40 220 O 20
29390 29391 2 23 123 O 30
29391 7225 2 34 185 O 30
7225 7223 2 5 25 O 30
7223 29392 2 29 159 O 30
11946 7231 2 21 113 O 20
7231 7233 2 5 25 O 10
7233 7227 2 12 63 O 20
7227 7232 2 4 20 O 10
7217 7216 2 5 25 O 10
7216 16319 2 8 40 O 30
16910 20089 2 79 436 M 30
20089 20084 2 73 400 M 10
20084 20090 2 25 135 O 10
20090 7237 2 47 259 O 10
8730 11945 2 77 424 O 30
29409 29410 2 59 324 O 10
29410 29411 2 24 131 O 20
29411 29412 2 25 135 O 30
29412 11935 2 11 59 M 10
11935 11861 2 48 264 M 30
6088 30218 2 66 366 O 30
11580 11861 2 57 313 O 10
11580 11581 2 23 127 O 30
11581 16912 2 45 246 O 20
16912 5455 2 14 73 O 10
11933 11585 2 1 4 O 20
16948 28538 2 89 491 O 30
28532 15469 2 14 78 O 10
28531 16618 2 65 361 O 30
16618 16620 2 93 515 O 10
20870 14811 2 20 110 O 10
14990 20895 2 209 1156 O 20
20895 20896 2 107 592 O 30
2239 25933 2 13 69 O 20
25933 19318 2 8 40 O 20
19318 12536 2 42 232 O 30
12536 23418 2 40 217 M 10
12097 12098 2 4 19 O 30
9874 9266 2 139 769 O 10
20045 17813 1 35 189 O 10
17813 17814 1 3 17 O 10
17814 20054 1 3 15 O 30
11546 28385 2 6 31 O 10
28385 14282 2 18 99 O 10
14282 5580 2 6 28 M 20
22802 9765 2 2 7 O 20
9765 9665 2 9 49 O 30
5335 19203 2 17 91 O 10
19205 19206 1 7 38 O 20
19207 19208 1 7 38 O 20
19210 19211 2 16 84 O 10
10449 19213 2 8 40 O 30
9922 9917 2 19 104 O 30
12200 12199 2 12 62 M 30
22621 19222 1 23 124 O 30
19222 19221 1 2 8 O 30
19224 19223 2 2 8 M 10
19226 19225 2 2 8 M 10
19228 19229 1 4 20 O 10
18297 18298 1 6 29 O 30
18298 19228 1 1 2 O 30
22634 18136 2 2 9 O 30
18136 18135 2 8 43 O 30
8966 8610 1 46 253 O 30
20036 19230 2 2 7 O 10
19236 9832 2 32 174 O 30
9832 9834 2 5 23 O 10
9834 6305 2 4 17 O 20
6305 10590 2 6 32 O 20
10590 10588 2 4 18 O 10
10588 10584 2 10 54 M 20
10584 10585 2 5 25 O 30
10585 10586 2 5 27 M 30
10586 5837 2 3 13 O 10
5837 10587 2 1 4 O 10
10587 5839 2 3 14 M 10
5839 5841 2 3 16 O 20
5841 5843 2 4 18 M 20
5843 9832 2 3 14 M 20
19238 19237 2 6 31 O 10
19241 19240 2 4 19 M 10
17970 18071 2 40 218 O 10
16936 16938 2 2 7 O 10
16938 8543 2 4 17 O 10
18699 18262 1 9 50 M 10
20498 26584 2 32 173 M 10
18438 14692 1 4 19 O 20
19247 19248 2 10 53 O 20
16567 19249 2 7 37 M 30
15346 29268 2 1 5 O 10
16684 2042 2 4 17 O 30
8618 16684 2 9 45 O 10
24657 7904 2 10 51 O 20
7904 8423 2 6 33 O 20
13376 13375 2 7 36 M 20
9157 25094 2 4 20 O 30
25094 26192 2 13 67 O 20
26192 9090 2 1 4 O 30
19147 20049 2 5 23 O 10
18145 19818 2 3 15 O 30
19818 19147 2 3 17 O 30
16786 19811 2 5 24 O 10
19259 15396 2 11 57 M 10
15397 19260 2 6 33 O 30
15396 19261 2 23 126 O 10
19259 4686 2 2 11 O 20
4686 4851 2 2 9 O 10
4851 4853 2 4 22 O 20
4853 4687 2 1 2 M 30
4687 4689 2 1 5 O 10
4689 4855 2 3 15 O 20
4855 4857 2 2 8 O 20
4857 4692 2 3 15 O 20
4692 4859 2 2 7 M 10
4859 4861 2 1 4 O 30
4861 4695 2 1 3 M 30
4695 4863 2 4 18 O 10
4863 4697 2 2 10 O 20
4697 4865 2 1 5 M 10
4865 4699 2 1 5 O 30
4699 4629 2 2 10 O 30
4629 11429 2 1 3 O 30
11429 4967 2 6 30 O 20
4967 4968 2 1 5 O 20
4968 4969 2 7 39 O 10
4969 4960 2 2 6 M 20
4960 4971 2 3 15 O 20
4971 4631 2 1 2 O 30
4631 4972 2 4 21 O 20
4972 20139 2 2 8 O 30
20139 11430 2 11 57 O 20
11430 20802 2 11 61 M 20
20802 20140 2 24 130 M 10
20140 11431 2 17 94 O 20
11431 13109 2 13 69 O 20
22062 13638 2 22 118 O 20
13914 8488 2 10 50 O 20
19282 19283 2 4 22 O 20
12590 19285 2 8 39 O 20
19287 3005 2 1 3 O 20
19288 19289 2 7 35 O 30
21134 19299 2 6 31 O 30
19301 20762 2 2 11 O 10
19303 19304 2 12 64 O 10
19305 19306 2 4 22 M 10
19306 5057 2 6 30 M 10
5057 5056 2 1 3 O 10
19192 19308 2 8 43 M 30
15019 19309 2 5 25 M 30
21567 15018 2 39 215 M 20
15018 19311 2 8 40 O 10
13942 21569 2 10 53 O 20
3018 3017 2 9 49 O 20
19319 19320 2 14 74 O 30
10624 19321 2 5 23 O 20
10625 2238 2 9 45 O 30
1565 19325 2 22 118 O 20
19326 6601 2 2 10 O 30
6601 5443 2 3 12 O 20
5443 5445 2 3 16 O 10
5445 5444 2 12 64 O 20
5444 5443 2 10 51 M 20
8 7 2 14 75 O 30
7 6 2 5 22 O 20
6 5 2 3 12 O 10
5 7 2 3 11 O 10
19329 19330 2 3 15 O 20
19330 19331 2 11 58 O 10
19331 19332 2 3 15 O 20
19330 19337 2 6 31 M 10
19337 19333 2 2 9 O 30
19334 19335 2 13 67 O 30
19335 27537 2 3 16 O 30
27537 27535 2 4 17 O 10
27535 19336 2 8 39 O 30
19336 9439 2 20 109 O 20
19338 19339 1 17 94 O 20
19339 9411 1 5 25 O 20
19340 27095 2 8 40 O 10
27095 27093 2 7 35 O 30
27093 27091 2 3 14 O 10
27091 27094 2 17 89 O 10
19341 19342 2 25 136 O 30
19343 19344 2 7 36 O 20
19344 1736 2 2 10 O 30
27543 19345 2 4 19 O 30
19345 27539 2 3 16 O 20
27539 19346 2 9 45 O 10
19186 19347 2 4 22 O 10
19348 19349 2 5 25 O 10
19350 19351 2 45 245 M 30
19355 27808 1 13 71 O 30
27808 19354 1 2 7 O 20
19361 19362 2 12 61 O 20
19362 19363 2 13 70 O 20
19363 13900 2 3 16 M 20
20103 13901 2 5 24 O 10
8720 7324 2 5 25 O 10
7324 19365 2 8 43 M 10
19366 19367 2 16 88 O 30
18749 19368 2 13 68 M 20
4237 2685 2 32 176 O 30
8722 19370 2 10 50 O 10
19371 19372 2 20 107 O 10
19373 19374 2 14 73 O 30
19375 19376 2 15 80 O 30
10710 10711 2 8 44 O 10
18886 19378 2 22 120 O 20
21341 19379 2 10 53 O 10
19380 19381 2 4 22 O 10
20898 7853 2 17 90 O 10
12329 19382 2 9 46 O 30
19383 19384 2 8 43 O 30
19385 19386 2 18 96 O 10
19387 19388 2 14 77 M 30
20899 19389 2 8 39 O 10
19390 19391 2 15 80 M 30
19392 19393 2 12 61 O 10
19394 19395 2 5 24 O 20
8721 19397 2 9 49 O 10
18887 19398 2 14 76 O 30
19399 7859 2 19 103 O 30
19400 19401 2 14 76 O 30
19402 7864 2 13 72 O 30
10757 19404 2 8 42 O 10
21946 19405 2 9 48 O 20
19406 19407 2 21 115 O 30
19408 19409 2 5 23 O 20
19410 19411 2 7 37 O 10
19412 19413 2 9 48 O 10
20899 7849 2 14 74 O 10
19414 19415 2 6 31 M 10
19416 19417 2 7 38 M 20
19418 19419 2 3 15 O 30
19420 19421 2 7 33 O 30
19422 19423 2 6 29 M 30
19424 19425 2 8 40 O 30
19426 19427 2 7 34 O 20
20900 19428 2 7 36 M 20
19429 19430 2 5 26 O 20
19431 19432 2 6 28 O 30
19433 19680 2 4 18 M 10
19434 19435 2 7 36 M 30
9275 19436 2 13 70 O 30
19437 19438 2 6 29 M 20
19439 7858 2 8 44 O 10
7858 7856 2 10 55 O 30
19440 19441 2 11 60 O 20
19442 19443 2 12 66 M 20
19444 7855 2 14 74 O 10
19445 19446 2 7 34 O 20
19447 19448 2 10 53 O 10
19449 7854 2 17 92 O 30
19450 21342 2 9 49 M 30
21342 10561 2 16 87 O 30
19451 19452 2 16 87 O 30
19453 19454 2 30 162 O 10
19455 19456 2 24 133 O 20
19457 24370 2 13 69 O 30
24370 19458 2 11 58 O 10
19459 19460 2 10 54 O 10
16579 19461 2 16 84 O 30
18893 19462 2 18 97 O 20
19463 19464 2 24 133 O 10
19465 24714 2 8 40 O 20
24714 24745 2 1 3 O 30
24745 19466 2 11 61 M 30
19469 19470 2 20 106 O 20
19471 19472 2 7 38 O 10
19473 19474 2 15 81 O 20
19475 19476 2 9 46 M 10
19477 19478 2 13 70 M 10
18895 19479 2 14 74 O 10
19480 19481 2 8 44 O 10
19482 19483 2 6 33 M 20
19484 19485 2 10 50 O 20
19468 19486 2 5 26 O 10
19487 19488 2 12 62 O 30
19489 19490 2 14 77 O 30
19467 19491 2 12 63 O 10
19492 19493 2 10 55 M 20
19494 19495 2 26 142 O 10
18879 19496 2 12 63 M 10
19498 19499 2 10 50 M 10
5477 19500 2 9 46 O 20
19501 19502 2 7 37 O 10
14797 19504 2 15 81 M 10
17574 19505 2 11 57 O 30
19506 19507 2 5 26 O 20
19508 19509 2 11 58 O 20
18917 19510 2 10 52 M 20
18916 19511 2 30 165 O 20
19513 15632 1 14 74 O 10
19513 21354 2 7 35 M 10
11861 16955 2 2 9 O 10
16955 6088 2 2 6 O 30
20104 19519 2 1 5 O 30
20104 17965 2 24 131 O 10
19523 19517 1 14 77 M 10
20495 19523 1 15 82 O 10
19519 19518 2 9 50 O 20
19525 23931 2 4 19 O 10
23931 14772 2 11 58 M 10
14772 21180 2 24 131 O 20
21180 21181 2 24 130 O 10
19526 19525 2 2 6 O 30
19528 19527 2 8 42 O 20
19530 19529 2 11 59 O 20
19532 19528 2 3 13 O 30
19528 19531 2 3 16 M 30
19531 15339 2 8 42 O 20
15339 6399 2 1 5 O 30
6399 19527 2 3 12 O 20
19527 14227 2 3 12 O 10
23229 19533 2 11 59 O 10
19535 8942 1 8 39 O 20
19538 26150 2 1 5 M 20
26150 16597 2 21 116 O 30
16597 10445 2 4 22 M 10
10445 16855 2 16 86 O 30
19537 19538 2 2 8 O 10
16810 22301 1 9 48 O 10
11232 27930 2 15 80 O 20
27930 11233 2 5 26 M 20
11233 6459 2 1 4 O 30
6459 11234 2 7 34 O 30
11234 15811 2 10 52 O 30
19541 23470 1 19 105 O 20
11238 19542 2 2 8 O 30
10418 19543 2 4 20 O 30
19543 11239 2 3 14 M 10
11239 11238 2 3 16 O 20
15812 6456 2 11 59 O 30
6456 10476 2 5 26 O 30
19545 19544 2 5 25 O 20
19547 19546 2 5 25 M 10
19549 19548 2 5 26 O 30
9683 19552 2 23 124 O 10
19552 8757 2 2 6 M 10
19561 17104 2 3 12 O 10
19563 18393 2 1 4 M 10
22300 19564 2 23 123 O 10
26726 17013 1 18 97 O 30
19569 12444 2 5 24 O 30
11354 19614 1 42 228 O 20
19600 17003 1 14 77 O 10
11815 11816 1 61 333 O 30
19613 28392 1 58 319 O 30
26130 19570 2 5 23 O 20
19574 19573 2 8 44 O 20
19576 19575 2 8 44 O 10
19578 19577 2 8 44 O 10
19580 19579 2 9 45 O 20
19584 19583 2 3 15 O 30
19581 19583 2 3 11 O 30
19583 19582 2 10 50 O 20
19586 19584 2 5 23 O 10
19584 19585 2 3 11 O 20
19587 27972 2 21 113 O 20
19589 19588 2 27 146 O 10
19590 19591 2 5 26 O 30
19591 19593 2 11 61 M 30
19593 19594 2 9 45 O 30
19594 19592 2 9 47 O 30
19595 19589 2 6 32 O 30
19589 19591 2 3 11 O 10
19591 19594 2 3 16 M 30
19598 19597 2 9 49 O 10
28420 19599 2 8 42 O 10
19602 19603 2 4 18 O 30
19603 19601 2 5 23 O 10
19605 19603 2 3 16 O 30
19606 19605 2 5 24 O 20
19605 19604 2 7 38 O 20
19608 19607 2 7 38 O 10
19610 19608 2 4 17 O 30
19608 19609 2 4 20 O 10
27021 8098 2 9 48 O 30
8098 19616 2 5 23 O 20
19622 19621 2 15 80 M 10
19624 19623 2 16 84 O 30
8070 19625 2 12 62 O 20
16645 19626 2 2 8 M 30
19626 16646 2 8 43 O 30
10433 10434 2 17 89 O 20
10434 10435 2 3 15 O 30
19630 10433 2 3 12 O 20
19633 22424 2 26 143 M 20
19638 19637 2 13 71 O 20
19639 19638 2 5 24 O 30
19638 29683 2 19 105 O 20
13435 22440 2 11 60 O 20
8749 28405 1 2 9 O 30
28405 6490 1 51 282 M 20
19645 151 1 4 20 M 20
8750 19645 1 4 22 M 10
19646 19647 2 19 106 O 20
12062 19648 2 10 53 O 10
19648 22459 2 144 798 M 10
19648 19649 2 9 48 O 30
19650 19651 2 13 72 O 10
19656 15709 2 16 87 M 10
19659 19658 2 18 96 O 10
19658 19657 2 3 14 O 30
19666 19669 2 5 26 M 20
19668 19676 2 6 28 O 20
19676 19675 2 5 26 O 20
19670 19677 2 6 28 O 10
19672 19671 2 5 25 M 20
19673 19667 2 5 24 O 20
16764 19678 2 14 75 O 20
19549 19682 2 8 40 O 20
19545 19681 2 10 53 O 10
19681 19682 2 3 16 O 30
19682 19550 2 11 56 O 10
19547 19681 2 8 40 O 20
19684 19683 2 8 44 O 10
14731 14732 2 33 182 O 10
19687 19686 2 14 72 O 20
19688 13168 2 4 18 M 20
19691 19690 2 20 106 M 30
19694 19693 2 9 47 O 10
19693 19692 2 4 22 O 20
19697 19696 2 12 61 O 30
16280 6636 2 3 17 O 20
6636 16281 2 13 67 O 10
19703 19702 2 9 47 O 20
8241 19704 2 10 50 O 20
19706 19705 2 12 66 O 10
9921 16429 2 29 158 M 30
19708 16272 2 7 35 O 20
19710 19709 2 14 75 M 30
19712 19711 2 18 95 M 20
19714 19713 2 12 62 O 20
11691 19716 2 12 61 O 20
12136 19717 2 18 96 O 20
19719 19718 2 16 87 O 20
26005 19720 2 7 39 O 30
19721 19722 2 1 3 O 20
19729 8749 1 1 5 O 20
25630 18436 2 45 248 O 30
19736 22882 1 7 36 O 30
19735 19737 1 3 11 O 20
24475 23032 1 8 42 O 30
19145 25848 2 1 4 O 30
25848 19144 2 14 77 O 30
19144 19143 2 4 20 M 30
19143 19739 2 7 34 O 10
18051 19741 2 7 39 O 30
18057 19742 2 6 31 M 10
19744 19743 2 5 26 O 20
6030 19745 2 8 44 O 30
19747 19748 2 6 29 O 10
19748 27658 2 4 18 O 30
20508 13178 2 14 76 O 20
13178 10195 2 7 38 M 30
19752 19751 2 18 95 O 10
19755 19754 2 8 44 O 30
19757 19756 2 9 45 M 10
19759 19758 2 6 31 O 20
15035 19784 2 5 27 O 30
500 25822 2 13 69 O 10
19791 2703 2 8 43 O 10
2703 2705 2 6 33 O 20
19792 19793 2 5 27 M 30
19794 19795 2 5 26 O 30
19796 19797 2 5 26 O 10
19798 19800 2 5 26 O 20
19799 19801 2 5 26 O 30
19802 19803 2 14 76 O 10
21084 21085 1 39 212 O 20
1259 1200 1 3 12 O 30
1202 3077 2 6 28 O 10
3077 3080 2 3 16 O 30
3080 19846 2 8 43 O 10
19846 21434 2 11 58 M 10
21434 19823 2 5 26 O 10
19823 19824 2 36 200 O 30
9693 3086 2 4 17 O 10
3086 3087 2 2 11 O 30
3087 3091 2 14 77 O 10
3091 19824 2 5 23 O 30
19825 19828 2 3 16 O 30
19826 19828 2 24 133 O 10
19829 19826 2 22 119 O 30
19826 19827 2 25 134 O 10
19827 19829 2 3 15 O 30
19829 19828 2 3 15 O 10
5281 19831 1 32 175 M 10
19831 19832 1 4 18 O 20
18449 18476 2 19 101 O 10
19833 19834 2 15 80 O 30
19835 19836 2 7 35 O 30
19839 19837 2 4 21 O 10
19837 19836 2 1 5 O 10
19836 19838 2 4 21 O 10
19840 19841 2 6 32 M 30
19841 19842 2 3 11 O 30
19843 19844 2 15 81 O 10
10461 5634 2 145 803 O 30
19846 1855 2 14 77 M 10
1855 21434 2 24 128 O 20
10072 25222 2 9 46 O 30
25222 25221 2 7 35 O 20
21039 19847 2 13 68 O 10
19849 19851 2 4 18 O 20
19851 26443 2 16 87 M 10
26443 19850 2 3 12 M 20
19851 19852 2 11 60 M 10
13867 13868 2 19 103 O 30
13868 13869 2 6 30 O 20
13869 400 2 2 7 O 10
400 13868 2 4 22 O 10
19853 23169 1 10 52 M 30
23169 12323 1 5 25 O 30
8439 24465 1 5 23 O 30
24465 19853 1 10 53 O 20
22645 19854 1 8 44 O 30
19854 22646 1 9 45 O 30
28111 26450 1 6 32 O 20
26450 17032 1 20 110 O 30
9897 12325 1 7 36 O 10
19855 19860 2 13 72 O 10
418 28057 2 15 78 O 30
19859 2816 2 1 5 O 30
2816 19861 2 11 59 O 30
19862 19863 2 13 71 O 10
19864 19865 2 11 56 M 10
19866 409 2 6 32 O 20
409 11263 2 7 38 O 10
19858 19867 2 14 77 O 20
19856 19857 2 2 10 O 20
19857 19858 2 2 7 O 20
19858 19860 2 10 50 O 10
12918 28060 2 8 41 O 20
28060 19868 2 10 53 O 30
19868 19869 2 4 18 O 30
19871 170 2 6 33 O 10
170 169 2 4 22 O 30
19873 19875 2 8 41 O 10
19876 19877 2 8 41 O 20
19877 19878 2 5 23 O 30
2258 19881 2 10 55 O 10
19881 19882 2 4 22 O 20
19882 19883 2 12 63 M 20
19883 2256 2 4 21 O 10
2262 19884 2 7 37 O 30
19885 19886 2 5 25 O 30
19887 19888 2 9 48 M 20
10852 10853 2 14 76 O 10
10853 2126 2 3 14 O 30
19898 19899 2 15 80 O 30
19897 19890 2 14 75 O 30
19896 19900 2 13 67 O 30
19894 19901 2 9 46 O 20
19893 19902 2 7 34 O 30
19892 19903 2 6 28 O 20
19891 19904 2 5 23 M 30
19905 19906 2 5 22 M 20
19907 19911 2 5 23 M 10
19911 19908 2 5 24 O 10
19909 19911 2 59 325 O 20
19911 19910 2 6 29 M 30
10618 23401 2 2 8 O 30
23401 23403 2 4 17 O 30
23403 29894 2 1 4 O 20
29894 29047 2 16 88 M 10
19912 29899 2 4 20 M 30
29899 10636 2 4 21 O 10
10636 10618 2 10 51 O 10
19917 16476 2 9 48 O 30
19919 19920 2 10 54 O 30
29150 19922 2 10 50 O 20
19925 28621 2 14 74 O 30
28621 14942 2 2 7 O 10
14942 24650 2 5 25 O 10
23092 21755 1 4 17 O 10
5893 23430 2 7 36 O 20
23430 23426 2 4 22 O 30
23426 21391 2 6 33 M 20
21391 21395 2 17 90 O 10
21395 12918 2 2 11 O 30
12918 20091 2 17 93 O 10
20091 19854 2 8 41 O 30
19928 19929 2 4 21 O 20
19929 30195 2 23 125 O 10
19929 19930 2 11 57 M 10
17241 19931 2 13 67 O 30
19932 19933 2 19 101 O 30
19933 19934 2 3 13 O 10
19933 19936 2 3 14 O 30
19936 19938 2 4 21 O 30
19934 19936 2 3 16 O 10
19934 19935 2 13 72 O 10
19938 19939 2 7 38 O 30
19938 25000 2 28 152 M 20
25000 19937 2 6 31 O 30
17241 19940 2 10 53 O 10
19941 18739 2 14 74 O 30
19942 19943 2 4 18 O 10
19944 19945 2 4 18 O 30
18738 19946 2 6 32 M 10
17144 17142 2 11 59 O 10
19949 19950 2 4 21 O 30
19952 19953 2 7 36 O 30
19954 19955 2 7 35 M 20
19956 19957 2 4 20 O 30
19958 19959 2 5 22 O 10
4311 2036 2 18 96 M 30
2036 19960 2 3 13 O 30
19966 2020 2 3 16 M 20
2020 2019 2 3 16 O 20
2019 2018 2 3 16 M 20
2018 19968 2 2 11 O 30
19968 19970 2 3 12 O 10
2022 19968 2 7 37 O 10
19968 7838 2 4 21 O 10
19969 19970 2 6 30 O 20
19962 19984 2 3 13 O 30
19984 19982 2 4 17 O 20
19982 19980 2 4 17 O 10
19980 19976 2 3 16 O 10
19976 19977 2 3 13 O 20
19977 19990 2 3 13 O 10
19990 19988 2 3 16 O 10
19988 19986 2 3 17 O 30
19986 19992 2 4 17 O 10
19992 19994 2 3 17 O 10
19994 19996 2 3 17 O 10
19996 19998 2 3 16 M 10
19998 19972 2 3 13 O 10
19972 20003 1 3 14 O 30
20003 20005 1 3 17 O 10
20005 20007 1 3 16 O 10
20007 20009 1 4 17 O 30
20009 956 1 4 21 M 20
19972 966 2 5 28 O 30
958 19974 1 12 62 O 10
19977 19978 2 6 29 O 20
19975 19976 2 4 21 M 20
19979 19980 2 4 21 O 10
19981 19982 2 4 21 O 10
19983 19984 2 4 21 O 10
19985 19986 2 4 22 O 20
19987 19988 2 4 22 O 10
19989 19990 2 4 21 O 20
19991 19992 2 4 22 M 30
19993 19994 2 4 22 O 10
19995 19996 2 4 22 O 10
19997 19998 2 4 22 O 20
20002 20003 2 4 20 O 20
20004 20005 2 4 21 O 10
20006 20007 2 4 21 O 30
20008 20009 2 4 21 O 30
20010 20011 2 6 29 M 30
28522 20012 2 9 49 O 20
20018 20019 2 13 68 O 30
20031 20020 2 21 114 M 10
20031 20013 2 7 39 O 10
20013 20014 2 13 72 O 30
20014 20015 2 9 46 O 10
20014 20016 2 8 44 O 30
20013 20017 2 10 53 O 20
20022 20023 2 10 50 O 10
20023 20024 2 17 93 M 10
29395 20025 2 13 69 O 30
20026 7219 2 12 62 M 10
11942 20027 2 8 44 O 10
29389 20028 2 20 108 O 10
8802 20029 2 24 131 O 10
29393 20030 2 14 74 O 10
17066 18018 2 38 210 O 30
17247 15239 2 5 26 M 30
15239 17874 2 41 224 O 20
17874 18015 2 11 59 O 30
18015 15240 2 6 32 M 20
15240 17876 2 12 66 O 20
17876 22096 2 37 205 O 10
12689 22384 2 22 119 O 30
12898 20065 2 26 142 O 20
20068 20066 2 7 34 M 20
16253 20068 2 4 18 M 10
20068 20067 2 8 39 O 20
20069 20070 2 5 22 O 30
20084 7236 2 14 75 O 30
20089 20087 2 23 123 O 20
20087 20085 2 12 66 M 10
20085 20086 2 9 46 O 30
20087 20088 2 6 30 O 20
20090 7238 2 28 150 M 20
20094 20092 2 13 69 O 30
20092 6101 2 1 3 O 20
6101 20091 2 4 17 O 30
20102 20097 2 7 38 O 10
18054 20099 2 8 44 M 20
20100 20095 2 9 45 O 20
19571 20098 2 13 72 O 30
20101 20096 2 9 50 O 20
19635 20107 2 7 34 M 20
20106 20105 2 6 31 O 20
13028 22414 2 43 237 O 30
20109 20113 2 3 15 O 20
20108 20112 2 10 51 O 10
20110 20111 2 8 39 O 10
13751 20114 2 10 54 O 30
20114 7203 2 4 17 O 30
13753 20115 2 8 40 M 10
12239 11053 2 10 54 O 10
20117 20118 2 11 58 O 10
5797 20130 2 7 36 O 10
20132 20120 2 6 31 M 10
20129 20131 2 4 20 O 10
11924 20121 2 6 29 M 20
20122 20123 2 14 73 O 10
19632 20126 2 13 67 O 20
13756 20125 2 7 37 O 10
20119 20127 2 6 32 O 20
20124 20128 2 8 40 O 30
20134 20133 2 12 63 O 30
20136 20135 2 11 59 O 30
20147 20146 2 9 46 O 10
7648 20149 2 6 31 O 20
16807 20153 2 6 33 M 30
16749 20150 2 9 47 O 30
11056 20151 2 5 26 O 30
20152 20154 2 6 31 O 20
11177 20156 2 8 40 M 30
20158 28030 1 5 27 M 30
28030 20159 1 4 21 O 30
20159 20160 1 3 16 O 30
20160 20155 1 11 61 O 30
20155 20157 1 3 16 O 20
20157 28031 1 3 13 O 20
28031 20158 1 3 13 O 10
20160 30263 1 3 17 O 10
30263 20155 1 3 17 O 30
20159 20157 1 7 36 O 20
14468 20162 2 13 70 O 10
13665 20163 2 22 119 O 20
20163 20164 2 2 8 O 10
20163 20165 2 28 151 O 20
20167 20166 2 4 20 O 30
10063 20169 2 12 65 O 30
9583 20175 2 9 45 O 30
9582 20174 2 14 74 O 20
13656 20187 2 9 45 O 20
20189 20188 2 23 126 O 10
11058 20190 2 8 41 O 30
16220 20191 2 11 57 O 20
20193 20192 2 12 67 M 20
17486 20195 2 32 175 O 30
20196 20197 2 1 5 O 10
10810 20196 2 11 58 O 10
20196 20198 2 5 26 O 30
14156 20199 2 23 127 O 10
20200 20201 2 14 73 O 10
20205 20208 2 6 29 O 30
20209 20202 2 10 52 O 10
21852 20207 2 4 19 O 30
20207 20205 2 2 8 O 20
20205 20209 2 6 28 O 10
20209 20210 2 2 11 O 20
20203 20204 2 6 32 O 30
20207 20203 2 2 7 O 30
20203 20206 2 20 107 O 10
20214 20213 2 7 34 M 30
20216 20215 2 10 53 O 30
20215 20214 2 1 4 O 30
20214 21636 2 9 48 O 30
21636 20212 2 1 3 M 20
20215 21645 2 3 16 O 20
21645 20211 2 3 16 O 30
20223 20220 2 8 41 M 30
5695 20224 2 6 33 M 30
20225 20218 2 5 26 M 30
20227 20226 2 8 39 O 20
20228 20222 2 42 230 O 20
20219 20221 2 29 157 O 30
12676 20232 2 4 17 M 30
20231 20230 2 9 46 O 20
20233 20235 2 7 38 O 30
12966 20240 2 5 27 O 30
20240 20236 2 5 23 O 10
20239 20237 2 14 74 O 20
20240 20238 2 3 16 O 10
11952 20243 2 10 51 M 20
20242 20241 2 3 16 M 10
20241 11951 2 5 24 O 10
20248 20229 2 6 28 O 20
20229 17243 2 5 24 O 30
20247 20244 2 9 46 O 10
20245 20246 2 9 45 O 10
20234 20249 2 15 81 M 10
20250 20251 2 13 70 O 10
20253 20252 2 4 21 O 10
20259 20255 2 7 38 M 30
20264 2045 2 12 65 O 20
20260 20254 2 5 23 O 30
20254 20261 2 4 19 M 10
20254 20256 2 2 7 M 30
5686 20257 2 11 57 M 20
20258 20263 2 5 26 M 20
22002 20270 2 20 111 O 10
5637 20271 2 13 69 O 10
8768 20275 2 3 13 M 30
22022 20281 2 6 33 O 20
20285 20288 2 9 48 O 30
20272 20278 2 6 28 M 30
20286 20287 2 7 35 O 10
22001 20283 2 6 32 M 30
20282 20284 2 7 38 O 10
20280 20279 2 12 63 O 10
20290 20289 2 10 53 O 10
20311 19677 2 2 6 O 30
19677 20310 2 2 10 O 10
19670 20312 2 4 21 O 30
20312 20313 2 4 19 O 10
20314 20315 2 7 38 O 10
20317 20316 2 11 56 O 10
20318 19671 2 2 10 O 30
19671 20319 2 2 9 O 20
5680 20320 2 11 60 O 30
20321 20323 2 17 90 O 10
20323 10345 2 14 75 O 20
20326 20324 2 6 30 O 30
22051 20327 2 7 36 O 30
22050 20325 2 6 32 O 20
20328 20330 2 4 21 O 10
20330 20329 2 4 21 O 20
20331 20332 2 5 23 O 10
20332 20333 2 4 22 O 20
20336 20335 2 5 23 M 30
20335 20334 2 4 20 M 20
15311 20341 2 13 70 M 30
20343 20347 2 10 52 O 10
5662 20345 2 5 27 O 10
20346 20344 2 7 36 O 20
20342 20348 2 6 31 O 20
20350 20349 2 20 106 O 10
20352 20353 2 22 119 O 10
18042 18043 2 124 689 M 30
18043 18044 2 359 1992 M 10
18044 30212 2 28 155 O 20
8736 29386 2 11 57 M 20
29386 28504 2 3 13 O 30
28504 29387 2 119 657 M 20
17756 22722 2 102 563 M 10
22722 22723 2 21 116 O 20
22723 18184 2 49 270 M 30
18184 22724 2 51 280 M 10
20355 20354 2 9 45 O 30
9871 23537 2 9 50 O 10
20596 20375 2 13 68 M 30
20595 20596 2 2 6 M 10
20604 20368 2 4 21 O 20
20370 20369 2 5 23 M 30
20372 20371 2 5 22 O 20
20374 20373 2 5 23 O 20
20382 20384 2 1 2 O 30
20384 20381 2 6 33 O 10
20384 5560 2 5 26 O 10
5560 5559 2 7 39 O 30
20430 20429 2 8 39 M 30
20432 20431 2 7 35 O 20
20433 9271 2 7 36 O 10
20435 20434 2 10 53 O 30
9273 20436 2 32 177 O 30
20437 20438 2 7 36 O 10
20440 20439 2 6 31 O 10
29408 20439 2 2 8 O 10
20439 20441 2 21 113 M 30
20443 20442 2 9 49 M 10
20446 20444 2 3 17 O 20
5635 5639 2 28 155 O 30
5639 5673 2 19 103 O 10
20449 20450 2 9 48 O 10
20454 20453 2 12 63 O 30
21182 9988 2 5 23 O 30
20455 20456 2 11 56 O 30
20459 20303 2 2 10 O 20
20464 20460 2 6 30 O 10
20462 20461 2 7 34 O 10
20466 20465 1 3 15 M 20
9838 20467 1 3 15 M 30
14935 25106 1 5 24 O 30
20473 20471 1 14 76 O 10
20471 5332 1 4 20 O 20
5332 20473 1 10 54 O 30
9016 20479 1 5 25 O 10
20479 20475 1 5 26 O 20
20479 20478 2 1 4 O 20
20478 30154 2 9 46 O 10
30154 20477 2 1 5 O 20
20477 20476 2 14 77 O 30
20476 20478 2 22 121 O 10
12280 28033 2 7 36 O 10
22038 20524 2 7 38 O 30
20525 20526 2 7 36 O 20
20528 20527 2 9 48 O 30
5684 5620 2 7 35 O 30
5619 28004 2 2 9 O 10
5664 20531 2 6 28 O 10
20530 20529 2 8 40 O 20
30160 13436 2 1 5 M 20
20538 20533 2 5 25 O 20
10733 20535 2 5 27 O 10
20537 20534 2 9 49 O 30
5663 20536 2 8 44 O 20
20540 20539 2 8 40 O 10
20542 20541 2 9 47 O 10
13839 20544 2 13 67 M 20
20532 20543 2 7 36 O 10
20545 20546 2 10 54 O 20
20585 20583 2 6 30 M 20
20582 20584 2 10 55 O 20
20586 20581 2 4 20 O 30
22043 30264 2 4 17 M 20
30264 5683 2 4 17 O 20
5665 20587 2 4 19 O 20
5661 20588 2 3 13 O 10
9868 12175 2 12 63 O 20
23246 669 2 4 22 M 30
669 667 2 1 3 O 20
667 666 2 6 30 O 10
666 8515 2 10 55 O 10
8515 8516 2 6 30 O 20
12680 11399 2 16 84 O 20
20598 20603 2 5 26 O 30
20597 20598 2 2 6 O 30
20600 20599 2 5 23 O 10
20602 20601 2 5 22 O 10
20376 20595 2 6 30 O 10
20377 20597 2 14 73 O 10
20605 20374 2 4 19 O 10
20374 20602 2 3 16 O 10
20602 20372 2 3 15 O 20
20372 20370 2 3 16 O 20
20370 20600 2 3 16 O 10
20600 20604 2 3 16 O 20
20604 20603 2 8 39 M 30
20603 20375 2 6 33 O 20
20375 20378 2 26 143 O 30
20607 20608 1 32 178 M 30
18353 212 1 8 42 O 10
212 17992 1 5 24 M 30
14926 18353 2 6 30 O 10
20612 20613 2 12 62 O 20
20616 20617 2 12 67 O 30
20619 20618 2 7 38 O 20
12675 20616 2 7 36 O 10
20616 20619 2 7 39 M 20
25436 10915 1 6 29 O 30
18687 20620 2 3 14 O 20
12510 12675 2 6 29 O 10
25305 9311 2 4 21 O 10
9311 18780 2 8 44 O 30
18780 9060 2 15 82 O 20
17031 25305 2 14 76 M 10
28549 26517 2 6 29 O 30
26517 29365 2 2 10 O 30
29365 12266 2 20 106 O 30
20626 20627 2 8 43 O 30
20625 20624 2 12 64 O 10
11958 20628 2 6 28 M 30
18080 20629 2 6 28 O 20
20633 20632 2 5 26 O 10
20634 20631 2 6 28 O 30
20635 8814 1 15 78 O 30
8815 4350 1 11 59 O 10
22052 20639 2 6 33 O 20
20641 20636 2 6 28 O 10
22009 20641 2 4 18 O 10
20641 27554 2 6 33 O 20
27554 20640 2 1 5 O 10
20638 20637 2 7 38 O 10
20643 20642 2 11 57 O 30
13006 20652 2 5 25 O 20
20652 20651 2 17 92 O 30
20657 23882 1 20 107 O 20
23873 11757 1 19 105 M 30
17996 20659 2 14 76 O 10
20664 20661 2 5 22 O 20
20661 20663 2 17 91 O 30
20663 20662 2 10 54 M 20
20662 20661 2 7 38 O 20
11587 20665 2 4 17 O 10
9656 20666 2 3 13 O 10
20666 9643 2 7 33 O 30
9643 20986 2 3 11 O 20
20986 11589 2 8 42 O 30
20667 20668 2 21 117 O 10
20673 20677 2 10 53 O 20
20676 20674 2 8 40 O 10
13896 20675 2 6 33 O 30
20679 20678 2 6 29 M 30
20682 20683 2 2 7 O 10
20685 20686 2 4 17 O 20
20688 20686 2 4 19 O 20
20686 20687 2 2 7 O 10
20687 20688 2 2 7 O 30
9327 9078 2 3 11 O 30
20693 20694 2 3 16 O 20
20690 20691 2 3 16 O 20
20695 21770 2 2 10 O 20
20689 20696 2 3 17 O 20
5301 20697 2 13 70 O 10
20697 5313 2 7 37 O 10
5301 3344 2 4 22 O 10
3344 22200 2 3 13 O 20
22200 3345 2 4 17 M 20
3345 5302 2 2 10 O 30
5302 3153 2 4 21 O 10
3153 3346 2 5 25 O 30
3346 13134 2 1 4 O 10
13134 3313 2 5 26 O 10
3313 3348 2 3 13 O 20
3348 3152 2 8 40 O 10
3152 3349 2 2 9 O 20
3349 5303 2 5 24 O 30
5303 3299 2 5 26 O 10
3299 22206 2 2 7 O 30
22206 5304 2 5 26 O 10
5304 3302 2 2 7 M 20
3302 22207 2 2 6 M 10
22207 5305 2 4 19 O 30
5305 3149 2 3 12 O 30
3149 13313 2 7 38 O 30
13313 22833 2 2 7 O 30
20697 20698 2 13 69 O 10
20698 5300 2 11 61 O 20
499 20698 2 6 33 O 30
5301 20700 2 11 60 O 10
20701 11425 2 11 57 O 10
8891 19662 2 7 36 O 10
15410 15413 2 30 163 M 30
20706 20707 2 11 58 M 20
20708 20707 2 10 53 O 20
20707 20709 2 4 20 O 20
20710 20711 2 5 25 O 30
20711 20712 2 3 12 O 30
20711 20713 2 4 20 O 10
20714 20715 2 7 36 O 30
20716 20717 2 4 21 O 20
20718 20719 2 7 37 M 30
20710 20720 2 7 36 O 10
15416 20726 2 10 53 O 30
20726 15417 2 7 37 O 10
20725 20724 2 3 14 M 20
20724 15431 2 3 13 M 20
20726 20727 2 2 11 O 30
20727 15416 2 9 45 O 10
27755 1372 2 18 96 O 10
20731 20732 2 33 178 O 10
23630 20734 2 2 6 O 10
20734 20735 2 8 41 O 30
20735 23630 2 11 58 O 20
8944 29013 2 9 48 O 10
29013 18751 2 2 9 O 10
5313 16349 2 18 99 M 30
20738 20743 2 12 63 O 10
20743 13118 2 4 19 O 20
13118 13121 2 22 119 O 10
20739 20749 2 13 71 O 30
20749 15497 2 13 68 O 20
15496 13116 2 12 64 O 30
13116 18240 2 10 51 O 20
18240 19040 2 12 64 M 10
19040 15510 2 6 31 O 10
15510 19037 2 6 28 O 10
19037 13119 2 12 64 O 30
12342 20740 2 10 54 M 10
20740 20749 2 4 18 O 10
20739 20742 2 4 18 O 20
15486 6323 2 6 33 O 20
6323 11150 2 19 105 O 30
11150 21266 2 2 7 O 30
21266 7993 2 4 17 O 10
7993 7994 2 5 23 O 30
7994 15493 2 4 21 O 30
15493 7660 2 2 6 O 10
7660 13124 2 6 28 O 20
20742 20740 2 13 71 M 30
20740 22397 2 4 21 O 10
22397 22395 2 4 17 O 30
22395 22393 2 4 18 O 10
22393 20741 2 3 13 M 10
20746 20747 2 12 62 O 10
20737 20747 2 4 17 O 30
20738 20748 2 4 17 O 10
20748 20743 2 15 82 O 20
21186 16031 2 2 11 O 30
16031 17745 2 18 97 O 10
17745 29199 2 29 157 O 10
29199 22132 2 11 57 M 10
22132 22131 2 7 37 O 20
22131 21185 2 13 69 O 20
21185 21184 2 19 102 O 20
21184 16321 2 7 35 O 30
16321 3448 2 6 29 O 20
3448 3450 2 1 5 O 30
3450 16323 2 6 28 O 20
16323 16005 2 12 61 O 20
16005 3122 2 8 39 O 30
18922 18921 2 15 80 O 10
20756 20752 2 6 29 O 20
20755 20753 2 8 43 O 30
20757 20756 2 8 40 O 20
20756 20755 2 35 190 O 30
20755 20754 2 3 16 O 10
20759 20757 2 9 50 O 20
20757 20758 2 4 17 O 20
9596 20761 1 15 81 O 20
20761 20760 1 4 19 M 10
20760 9596 1 11 58 O 10
13280 20791 2 15 82 O 30
13280 13281 2 14 77 O 20
20793 2182 2 11 59 O 30
2182 2181 2 8 43 O 10
11478 28350 2 4 19 M 30
28350 20793 2 15 83 O 10
23175 27438 2 3 11 O 30
27438 27444 2 4 21 O 30
27444 21775 2 7 38 M 10
21775 27443 2 5 24 O 10
27443 21776 2 4 18 O 30
21696 21694 1 65 357 O 30
21165 22947 2 5 26 O 30
13258 20843 2 31 169 O 10
20914 20913 2 10 54 O 20
10249 20915 2 10 51 O 20
20919 20918 2 4 22 M 10
20921 20919 2 2 6 O 10
20919 20920 2 3 15 O 20
10609 20937 2 7 38 O 10
20939 20940 2 3 14 O 20
20942 20941 2 11 56 O 20
20944 20945 2 14 75 O 10
20933 20956 2 10 54 O 10
14320 14321 2 4 21 O 30
20935 20958 2 5 25 O 20
18570 29749 2 3 16 O 20
20968 20967 2 10 51 O 10
26900 20973 2 7 38 O 20
9112 19202 1 7 38 O 10
20975 20976 2 3 12 O 20
20976 20974 2 2 6 O 20
20977 20976 2 11 57 O 10
9881 9879 1 8 43 O 20
20964 9109 2 14 74 M 30
18573 18572 2 11 59 O 10
18598 5338 2 8 40 O 30
5338 20979 2 6 32 O 20
20979 26897 2 3 11 M 10
20982 20981 2 10 51 O 30
20984 20983 2 10 50 O 10
20985 11617 2 12 66 M 20
11589 25295 2 8 40 M 20
21286 21287 2 8 42 O 10
21287 21283 2 4 19 O 10
21283 21281 2 4 18 O 20
21281 5739 2 11 58 O 20
20988 21289 2 5 25 O 30
9479 21276 2 13 71 M 30
20999 20998 2 9 45 O 10
21043 21042 2 5 27 O 10
9539 9534 2 5 23 O 10
9880 9541 2 5 26 O 30
9541 3883 2 3 13 M 10
9880 9881 1 9 46 O 30
21235 9581 2 21 114 O 10
9580 9579 2 10 56 O 10
20505 28410 2 14 74 M 30
22854 21238 2 3 12 O 30
21238 21252 2 7 35 O 30
21252 21254 2 4 19 M 30
9055 8439 1 6 30 O 30
22645 22646 1 4 21 O 30
16497 21240 2 8 41 O 30
21240 21243 2 6 30 O 10
21243 18447 2 44 243 M 30
21239 21240 2 18 96 O 20
16498 21241 2 6 33 O 20
18451 21242 2 25 134 O 20
16497 21243 2 21 111 M 30
9672 9644 2 3 16 O 30
9644 9671 2 10 55 M 30
21249 21250 2 5 24 O 30
21250 21248 2 5 23 O 20
21251 21250 2 4 17 O 20
21252 21249 2 4 17 O 10
21249 21251 2 8 41 O 30
21251 21248 2 8 39 O 20
21248 22854 2 4 19 M 10
22854 21253 2 18 95 O 20
21253 21238 2 16 84 O 30
21256 21255 2 8 43 O 10
21255 17430 2 3 17 O 30
21257 16864 2 8 44 O 10
21261 21258 2 15 81 O 20
21258 21260 2 3 13 M 30
10073 21262 2 3 16 M 10
1450 21264 2 3 15 O 10
21264 21263 2 4 22 O 20
21264 21265 2 5 27 O 30
21270 21269 2 7 34 O 30
21273 21271 2 4 22 M 10
21275 20979 2 12 65 O 10
9034 4246 2 1 5 O 30
21285 21286 2 7 38 M 10
21286 21280 2 2 9 O 30
21283 21282 2 9 50 O 10
21282 21281 2 6 32 O 10
21287 21284 2 7 33 O 10
21289 21288 2 10 52 O 20
21292 21291 2 7 34 O 10
21290 21294 2 8 42 O 10
21294 21293 2 8 44 O 30
24491 24490 2 3 12 O 10
24490 21295 2 5 28 O 20
21297 21301 2 4 22 M 10
21301 21298 2 3 16 O 30
21299 21298 2 6 29 M 30
21300 21301 2 10 52 O 20
21302 21303 1 18 95 M 20
21303 21306 2 4 19 O 30
21311 21312 2 20 106 O 20
21313 21316 2 3 17 O 20
21316 21314 2 3 17 O 30
21315 21317 2 4 20 O 30
21317 21307 2 4 18 M 30
21307 21312 2 4 17 O 20
21312 21308 2 4 20 M 20
21316 21317 2 9 45 O 10
21303 21304 1 9 47 O 20
21305 21319 1 6 32 O 20
20593 3686 2 5 26 O 10
9519 21321 2 2 11 O 30
6782 21324 2 9 45 O 20
21328 21327 2 9 49 O 10
27838 21330 2 9 49 O 20
21331 21332 2 9 49 O 30
21333 21334 2 9 49 O 20
21335 21336 2 9 49 O 20
21337 21338 2 9 49 O 10
21352 21351 2 13 72 O 20
21357 21360 2 8 43 M 10
21360 21358 2 5 23 O 30
21359 21360 2 7 35 M 20
21360 15043 2 11 60 O 30
21364 5082 2 4 20 O 30
5082 17761 2 8 44 O 20
10037 21369 2 9 47 O 20
16560 11937 2 22 122 O 10
16133 21370 2 10 52 O 10
21371 21372 2 27 144 O 20
21374 21387 1 14 74 M 10
21375 21376 2 7 38 O 30
21377 21378 2 9 47 O 20
21379 21380 2 9 49 O 10
21381 308 2 2 6 O 20
308 21382 2 8 42 O 10
21383 21384 2 6 33 O 30
21386 27580 2 1 4 M 10
27580 21385 2 9 45 O 10
21394 21759 2 8 43 O 20
21394 28055 1 9 48 M 30
21393 23437 2 16 85 O 20
23437 21395 2 3 12 O 30
21396 21397 1 7 35 M 10
11850 21396 2 19 104 O 30
21398 21399 2 4 17 O 30
21402 22675 2 2 7 O 20
21279 21403 2 4 22 O 30
1393 21407 2 4 18 O 30
21409 2157 2 2 9 O 10
2157 21399 2 13 69 O 20
21399 21409 2 21 117 O 30
17251 6375 2 3 11 O 10
6375 22188 2 8 44 O 30
22188 22187 2 4 21 O 30
22187 22185 2 12 66 O 10
22185 22184 2 3 15 O 10
22184 22182 2 24 130 M 30
22182 21410 2 5 27 M 10
8774 21412 2 3 16 O 10
21412 1587 2 11 60 O 10
17485 21414 2 6 29 O 10
21417 21416 1 16 87 O 30
21416 2161 1 3 12 O 10
2161 14769 1 1 5 M 20
14768 21417 1 4 17 M 30
21418 21411 2 6 29 O 30
21420 21418 2 14 74 M 20
21418 21419 2 15 82 O 30
21422 21421 2 4 17 O 10
21424 21423 2 3 15 O 10
21424 17030 2 3 16 O 30
28375 18605 2 1 3 O 30
10684 28763 2 14 72 O 10
9062 9063 2 7 36 O 30
8074 8356 1 43 235 O 10
15462 21435 2 14 73 M 20
21438 21437 2 7 35 O 30
21440 20291 2 2 8 O 30
10931 21441 2 4 21 O 10
21441 21442 2 15 81 O 30
21441 21443 2 6 31 O 20
21445 21446 2 4 22 O 10
21446 5498 2 4 20 O 10
5498 27708 2 7 34 O 10
21449 21450 2 9 45 O 30
21450 21451 2 11 56 O 20
21448 28713 2 5 22 O 20
28713 21449 2 4 18 O 20
21449 21451 2 2 11 M 30
21451 21452 2 9 45 O 30
21450 21456 2 2 11 O 30
21453 21454 2 13 67 O 30
21457 12765 2 61 335 M 30
21458 1199 1 2 9 O 30
1199 1198 1 13 67 M 10
1198 21459 1 8 42 O 10
18684 238 2 3 12 M 30
238 9183 2 13 68 O 30
9183 18354 2 20 111 O 10
21519 18684 2 4 17 O 10
21461 21462 2 9 47 O 20
21462 21460 2 3 12 O 30
21463 21464 2 2 6 O 10
21466 21465 2 2 10 O 10
21468 21469 2 3 16 M 10
21469 23011 2 9 49 O 10
23011 12675 2 6 30 M 20
12675 12511 2 7 36 O 20
12511 20626 2 3 13 O 10
20626 21467 2 6 30 O 10
21467 20771 2 14 73 O 30
14932 14927 2 2 10 O 30
14421 4396 2 15 82 O 30
21472 6565 2 4 22 O 20
21478 21476 2 14 76 O 20
21478 21477 2 6 29 O 10
20231 28994 2 4 21 M 20
28994 20250 2 2 10 O 30
20250 5636 2 9 46 O 30
5636 20259 2 9 48 O 30
20259 20239 2 14 77 O 10
20239 23003 2 4 18 O 30
23003 20260 2 11 56 M 30
20260 5632 2 8 40 O 10
5632 20786 2 8 43 O 20
20786 21473 2 10 51 O 30
21488 21498 2 9 48 O 10
16193 16194 2 7 37 O 10
8421 9803 2 9 49 O 30
8708 18324 2 3 12 O 30
16967 16971 2 4 22 O 30
9421 9428 2 6 28 O 10
9246 5509 2 5 23 O 30
16750 21514 2 10 50 O 30
21515 21417 1 3 11 O 10
2161 21515 1 17 90 O 20
21515 14768 1 2 11 O 30
14769 21405 1 2 8 O 10
8665 21516 2 2 6 O 10
18569 20964 2 3 16 O 10
19552 21517 2 14 78 O 10
9717 9714 2 9 47 M 20
9714 9715 2 6 32 M 10
18025 21522 2 3 16 O 20
21523 18025 2 4 21 O 30
18025 18026 2 3 14 O 10
9683 23928 2 2 7 O 30
23928 4161 2 11 59 M 10
20520 25440 2 4 20 M 30
21525 21526 2 6 30 O 30
21526 25435 2 7 37 M 30
25435 25442 2 2 11 O 30
25442 21524 2 1 4 O 20
21524 25434 2 17 90 M 20
25434 25433 2 6 33 O 20
20520 25443 2 1 4 O 20
25443 21526 2 3 12 O 30
21528 21527 2 9 48 O 10
21529 21530 2 3 13 O 10
21532 21531 2 11 56 O 10
21534 21533 2 10 51 O 30
8788 22712 1 3 15 O 30
13788 18534 2 21 112 O 20
8198 13788 2 3 14 M 10
20992 21535 2 1 4 M 30
9224 9226 1 8 44 O 30
9226 21448 1 14 73 O 30
21448 9231 1 6 32 M 20
20337 27727 2 63 347 O 30
18779 12853 2 20 107 O 30
8920 9001 1 17 94 O 20
9001 12852 1 8 41 M 30
12852 20980 1 10 55 O 30
20980 18779 1 16 88 O 20
9522 9479 2 3 13 O 10
9479 11456 2 15 82 M 20
11456 26898 2 26 139 O 10
8466 11524 2 15 79 O 10
23536 8563 2 16 84 O 10
10681 10680 1 4 17 M 20
15887 15888 2 2 9 O 20
5476 9256 1 2 10 O 30
9234 8854 2 3 13 O 30
9434 9209 2 15 81 O 10
9209 25216 2 17 90 O 30
17651 17650 1 3 16 M 20
11477 20797 2 1 5 O 10
24322 10078 1 8 43 O 10
12271 19848 1 12 65 O 30
17649 17654 2 1 4 O 20
9261 9262 1 19 105 O 30
22951 12985 2 11 59 O 30
12983 24558 2 16 84 O 10
24558 22825 2 3 13 O 20
22950 24468 2 12 64 O 20
21216 7569 1 2 8 O 10
7569 7567 1 2 9 O 10
7567 7433 1 1 5 O 10
7433 10759 1 5 26 O 10
21214 7427 2 14 77 M 10
7427 16115 2 37 202 O 30
23817 17965 1 4 19 O 30
14867 17932 2 4 22 O 20
8483 11484 2 6 29 M 30
17427 21564 1 9 48 O 10
15494 15495 2 12 63 O 20
15495 15496 2 21 112 O 20
5774 21565 2 10 53 O 30
21609 16889 2 13 71 O 30
9044 17347 2 7 34 M 30
17347 17349 2 6 28 O 30
17349 17345 2 6 32 O 20
17345 17356 2 4 21 M 30
17356 17354 2 6 30 O 30
17354 17359 2 3 14 O 30
17359 30266 2 4 20 O 20
30266 17358 2 4 20 O 30
17358 20905 2 13 71 O 10
20905 17352 2 6 32 O 20
17352 23703 2 48 263 O 30
23703 23707 2 2 8 O 30
23707 3138 2 6 29 M 10
3138 9324 2 3 12 O 30
21632 21634 2 18 98 O 10
21634 21633 2 27 148 O 10
21637 21638 2 7 35 M 10
19200 21639 2 5 27 O 10
21641 21640 2 4 22 O 30
21644 21642 2 16 84 O 30
16883 21644 2 16 84 O 30
21644 21643 2 2 10 M 30
21636 21645 2 7 34 M 30
21648 14449 2 15 79 O 20
21652 21651 2 8 39 M 30
11220 9524 2 18 98 O 20
11476 28870 2 11 57 M 20
28871 19715 2 2 6 O 10
16404 16549 2 7 35 O 30
16549 28869 2 52 285 O 20
12434 644 2 9 47 O 10
21178 21179 2 36 198 O 10
17656 21178 2 2 9 M 10
21656 17999 2 1 4 M 30
17999 448 2 13 68 O 10
448 450 2 3 14 O 30
450 452 2 5 26 M 30
452 456 2 1 2 O 10
456 18000 2 7 35 O 10
20847 29209 2 256 1418 O 10
21654 21655 2 2 7 O 10
21657 21964 2 4 20 M 10
21964 17605 2 4 22 O 20
17605 17603 2 11 60 O 10
17603 22436 2 10 53 O 20
21658 21659 2 13 72 O 30
17739 17740 2 2 7 O 20
17740 17745 2 8 39 O 30
21661 21660 2 2 6 O 20
21660 29199 2 6 30 M 10
17730 16022 2 3 13 O 30
16022 17749 2 15 81 M 20
17749 17696 2 3 13 M 30
17696 16023 2 3 15 O 10
16023 16024 2 9 48 O 30
16024 17670 2 8 42 O 30
17670 17667 2 3 13 O 30
17667 18002 2 3 13 O 10
21663 21006 2 14 73 O 10
21662 21663 2 3 16 O 30
21666 10945 2 1 5 M 20
10945 28528 2 39 214 M 30
21667 12156 2 2 10 O 10
12156 21664 2 573 3181 O 30
21665 28527 2 7 37 O 20
28527 14595 2 27 149 O 10
14595 2039 2 10 51 O 30
2039 7321 2 10 55 O 10
7321 14813 2 17 91 O 30
21664 21665 2 2 10 O 20
21669 17047 2 255 1415 O 20
17047 21014 2 5 24 O 10
21014 30210 2 157 869 O 20
21668 21669 2 2 6 O 10
21670 21671 2 3 14 O 20
21671 21955 2 9 46 O 30
21955 21956 2 9 49 M 30
21956 21954 2 21 116 O 30
21954 6452 2 6 29 O 30
19503 12330 2 5 23 O 10
12330 9740 2 24 132 M 20
9740 18925 2 3 14 O 20
18925 9739 2 6 32 O 10
9739 14796 2 3 16 O 30
14796 18924 2 11 59 O 10
19501 19503 2 2 9 O 30
21674 25588 2 1 1 O 30
25588 25591 2 4 20 M 10
25591 25592 2 5 27 O 30
25592 14611 2 5 25 O 10
14611 25584 2 8 40 O 20
25584 14607 2 1 5 M 10
14607 14609 2 4 18 O 20
14609 21169 2 6 30 O 20
21169 18001 2 4 20 O 10
18001 1219 2 4 19 M 20
1219 466 2 5 25 O 30
466 21170 2 1 5 M 20
21675 21674 2 2 6 M 30
21672 21673 2 2 7 O 20
21673 25038 2 9 47 O 30
25038 15424 2 4 22 M 30
15424 25055 2 14 74 O 30
25055 15086 2 1 4 M 30
15086 17600 2 8 42 O 10
17600 25049 2 8 42 O 10
25049 25051 2 5 23 O 20
25051 25053 2 1 5 M 30
25053 14991 2 3 13 O 30
14991 15426 2 2 11 M 30
15426 17596 2 14 77 O 30
17596 25399 2 79 435 M 30
25399 25397 2 3 14 O 30
25397 20892 2 4 21 O 30
21679 21678 2 2 8 O 20
21678 20892 2 11 60 O 20
21682 15467 2 15 82 O 30
15467 25194 2 1 4 M 30
25194 17566 2 6 32 O 30
17566 20856 2 30 162 O 30
21681 21682 2 1 3 O 30
17533 12103 2 36 195 M 30
12103 20894 2 21 115 M 30
21683 17533 2 2 8 M 20
11473 6554 2 91 503 O 30
6355 21690 2 1 4 M 20
21689 21688 2 2 8 O 30
21688 15459 2 72 395 O 20
15459 15259 2 121 667 O 20
21690 19214 2 153 847 O 20
19214 21689 2 58 318 O 20
21677 21676 2 2 10 O 30
21676 15456 2 99 546 O 20
15456 19656 2 21 115 O 10
19656 20862 2 7 35 O 10
20862 21685 2 83 456 M 10
21684 20861 2 79 438 M 10
21685 21684 2 2 9 O 20
21691 6355 2 22 121 M 20
20861 2556 2 2 9 M 20
21687 2557 2 1 3 M 20
2557 21692 2 135 747 O 10
21686 21687 2 2 10 O 30
15455 17907 2 448 2485 O 10
17907 15450 2 12 63 O 30
15450 20882 2 6 30 M 20
20882 20883 2 4 21 O 30
20883 15093 2 5 28 O 30
15093 16772 2 24 129 O 10
16772 13857 2 96 531 M 20
13857 20884 2 5 24 O 30
21692 15455 2 2 9 M 10
21680 17681 2 2 8 O 20
17681 17673 2 8 40 O 20
17673 17669 2 7 33 O 10
22965 21695 2 17 92 M 30
21695 21693 2 7 38 O 20
21694 21698 2 7 37 M 30
21697 20177 1 10 54 O 30
21699 21697 1 4 19 O 20
23291 23292 1 17 94 O 20
21700 21701 1 5 23 O 10
21701 4384 1 1 5 O 20
4384 23293 1 5 25 O 10
10107 27013 2 3 15 O 30
5259 10390 2 21 113 O 10
10388 10389 2 21 113 O 30
21702 21703 2 5 24 O 20
5096 5095 2 3 16 O 30
5095 5242 2 1 5 O 10
5242 21702 2 1 3 O 20
21704 21705 1 3 12 M 20
21705 18747 1 7 37 O 20
21706 21707 1 2 10 O 20
21707 19195 1 7 34 O 20
21709 18939 2 4 19 O 20
18939 20306 2 4 22 O 20
19258 21709 2 2 8 O 20
21708 2707 1 8 41 O 10
21710 21711 1 2 10 O 30
21711 9705 1 8 41 O 10
21712 21713 1 1 3 O 10
21713 22050 1 1 4 M 10
22050 5664 1 8 41 O 30
5664 12067 1 4 18 O 20
21714 21715 2 2 10 O 20
21715 20789 2 6 29 O 20
20789 26905 2 10 55 O 20
26905 18077 2 23 126 O 30
18077 2769 2 5 23 O 20
21716 30186 2 1 2 M 10
21718 21716 2 142 786 O 10
21717 21718 2 1 2 O 20
21720 14651 2 5 23 O 30
21719 21720 2 2 8 O 30
959 960 1 3 16 O 20
21731 8992 1 2 6 O 30
21730 8991 1 1 2 O 10
8991 8992 1 2 8 M 10
8992 3114 1 8 44 O 20
8995 8991 1 2 6 M 10
21729 21731 1 3 14 O 30
21728 21730 1 3 14 O 20
8994 8995 1 3 13 O 10
21734 23182 1 6 31 M 30
21733 8985 1 7 34 O 30
21732 8985 1 5 27 O 30
8985 21735 1 2 7 O 20
21735 8988 1 1 1 O 30
21736 8986 1 6 32 O 30
8986 833 1 4 17 O 20
21721 21723 1 3 16 O 10
21722 14792 1 3 16 O 30
21724 21722 1 3 16 O 20
21723 12524 1 4 20 O 20
21739 21740 2 2 6 O 10
21740 16881 2 20 108 O 20
21725 15126 2 1 5 O 10
21726 21725 2 1 5 M 30
15137 15602 2 8 40 O 10
15602 15603 2 6 31 M 30
15603 15604 2 6 31 O 10
15604 15605 2 6 31 M 30
15605 15606 2 6 32 O 30
15606 29107 2 2 7 O 20
29107 15601 2 4 22 M 10
15601 14838 2 4 19 O 10
15309 15609 2 5 27 O 20
15609 15614 2 9 48 M 20
15614 15615 2 9 46 O 30
15615 27729 2 18 97 M 20
27729 15123 2 8 44 O 10
21737 21738 2 1 4 O 20
21738 11538 2 31 168 O 20
11538 11536 2 4 19 M 30
11536 11535 2 7 35 O 20
11535 11534 2 7 38 O 10
11534 5956 2 24 130 O 30
5956 5954 2 8 40 O 20
5954 5952 2 4 20 O 10
5952 5950 2 4 22 M 10
5950 5948 2 3 17 O 30
5948 15124 2 30 165 O 10
11564 6931 2 2 9 O 20
6931 6933 2 1 3 O 10
6933 6936 2 3 14 O 30
6936 6929 2 2 10 O 10
6929 6938 2 3 12 O 20
6938 6927 2 3 11 O 10
6927 6925 2 4 20 O 10
6925 6943 2 3 13 M 20
6943 6941 2 1 3 O 10
6941 6947 2 3 16 O 10
6947 6949 2 3 11 M 30
6949 6951 2 7 37 O 20
6951 6953 2 1 5 O 20
6953 6866 2 4 22 O 10
6866 6864 2 2 8 O 10
6864 10602 2 5 25 M 20
10602 6867 2 5 27 O 20
6867 6870 2 1 1 O 20
6870 6872 2 2 8 O 30
6872 10607 2 3 13 O 30
10607 6874 2 1 3 O 20
6874 6876 2 4 19 O 30
6876 6879 2 3 12 O 30
6879 661 2 1 3 O 20
661 5972 2 4 21 O 10
5972 16134 2 2 7 O 30
16134 6881 2 3 16 O 20
6881 5967 2 3 12 O 10
5967 6883 2 2 6 O 20
6883 6885 2 1 2 O 30
6885 6889 2 8 39 O 30
6889 6887 2 2 11 O 20
6887 6891 2 1 2 O 10
6891 5965 2 4 19 O 20
5965 5963 2 3 15 O 10
5963 6894 2 3 12 O 20
6894 6896 2 1 5 O 20
6896 5961 2 3 14 O 30
5961 6898 2 3 14 O 10
6898 6903 2 2 6 O 20
6903 5960 2 4 22 O 30
5960 5958 2 3 12 O 10
5958 6087 2 3 14 O 10
6087 11562 2 3 14 M 10
21744 9715 1 5 26 O 30
9715 9716 1 4 22 O 30
21743 21744 1 6 32 M 10
21745 11541 2 13 71 O 20
21746 21745 2 2 7 O 10
18135 18147 2 4 17 O 30
18147 18149 2 4 18 M 10
18149 18151 2 4 17 O 30
21748 21749 1 3 11 M 10
21749 10832 1 10 55 O 20
21757 9640 2 40 220 O 20
9640 9639 2 24 133 M 30
21758 21757 2 1 4 O 30
21754 9635 2 11 59 O 20
9635 28620 2 9 46 O 20
21753 21754 2 2 8 O 20
21752 9636 2 3 13 O 30
21751 21752 2 4 22 O 30
21756 9702 1 4 19 M 30
21755 21756 1 3 14 O 30
21761 21762 1 6 30 O 20
21762 28204 1 13 72 O 30
21764 9700 1 12 64 O 20
21763 21764 1 4 17 O 10
19057 23308 2 5 26 O 10
23308 24511 2 9 45 O 30
24511 24495 2 3 13 O 30
24495 24498 2 1 5 O 10
24498 24500 2 4 20 O 20
24500 10339 2 14 74 O 30
10339 19058 2 8 41 O 30
21766 21767 2 4 17 O 10
21767 1304 2 4 21 O 20
21769 5563 2 2 8 O 20
5563 5562 2 5 26 O 10
23176 18335 1 8 44 O 30
7056 7083 1 6 32 O 20
21789 21788 1 1 4 O 10
21788 21787 1 3 12 O 30
21787 21785 1 1 3 O 20
16021 17730 2 3 13 O 10
21186 16021 2 7 35 O 10
17738 21797 2 11 59 O 10
21798 25705 1 5 27 O 20
25705 25706 1 9 49 O 20
9263 21800 2 7 35 O 20
21802 21803 2 9 49 O 20
21803 21804 2 4 17 O 20
14462 21801 2 3 13 O 10
21801 21803 2 12 65 O 10
18403 2168 2 5 27 O 20
2620 21805 2 22 122 O 30
21835 21836 2 12 67 O 30
21837 20692 2 7 36 O 20
21838 21839 2 3 14 M 20
21840 21841 2 3 14 O 30
21842 21843 2 3 15 O 20
21844 21845 2 4 17 O 10
21846 21847 2 4 17 O 30
21848 21849 2 3 16 O 10
21850 21851 2 7 38 M 20
21873 21872 2 1 5 O 10
21874 21873 2 2 10 O 10
21875 21874 2 2 9 O 30
21871 21876 2 2 7 O 30
21870 21871 2 2 11 M 10
21878 21870 2 4 18 O 30
21876 21872 2 38 210 O 30
21872 21877 2 4 20 O 10
21877 21876 2 34 186 O 20
20761 21904 2 14 73 M 10
8537 21906 2 4 21 O 20
21906 21908 2 1 5 O 10
21908 21905 2 2 7 O 10
21906 21907 2 6 30 O 30
21907 21908 2 5 24 O 30
10915 22143 1 4 22 O 20
8915 10914 1 6 32 O 30
10914 8372 1 5 28 M 30
17937 14867 2 11 58 O 10
15028 11088 1 9 50 O 30
11088 25112 1 3 13 M 20
25112 11094 1 4 21 O 20
11094 8408 1 5 28 O 20
21563 8399 2 2 8 M 10
18857 27853 1 20 106 O 30
8399 1820 1 33 181 O 20
21915 21914 2 7 36 M 20
9940 6395 2 10 55 O 30
6395 6394 2 4 21 O 10
21921 21922 2 9 48 O 10
22462 21924 2 8 41 O 30
21924 7718 2 2 8 O 20
7718 21923 2 9 45 O 20
21925 21924 2 3 14 O 30
21928 21929 1 5 27 M 10
25487 22446 1 5 26 O 20
22446 8930 1 14 73 O 20
21932 21930 1 5 25 O 20
21930 25484 1 1 1 M 10
25484 21929 1 2 10 M 30
21929 21933 1 2 9 O 20
21934 6516 2 31 171 M 30
21107 21934 2 6 28 O 10
21934 6519 2 3 17 O 30
6519 6521 2 2 11 O 20
6521 6518 2 3 14 O 10
6518 25432 2 18 97 O 20
21940 3209 1 34 188 O 10
21935 21936 1 5 23 O 30
14507 21940 1 10 55 M 20
21931 25486 1 11 59 O 10
21941 21939 1 12 64 O 30
21942 21941 1 30 165 O 20
25489 3848 2 4 21 O 20
3848 3849 2 14 78 O 20
8930 25488 1 6 31 O 10
25488 21936 1 13 69 O 30
18941 21086 1 9 47 O 30
21097 21095 2 10 52 M 10
21966 21965 2 7 37 O 20
21968 21967 2 21 116 M 20
21217 22078 2 12 66 O 30
22082 22081 2 1 5 M 30
9884 22086 2 8 44 O 30
5609 22087 2 27 146 M 30
22087 22088 2 6 32 M 10
5606 10787 2 9 46 O 20
10787 22089 2 11 56 O 10
10785 10788 2 9 45 M 20
10788 10786 2 6 31 O 20
22091 22092 2 7 37 O 10
22092 22093 2 4 19 O 10
22092 22094 2 4 22 O 30
22080 23387 1 19 104 O 30
14060 22105 2 38 209 O 20
546 10158 2 23 125 M 20
16090 9038 2 22 120 O 20
9038 11120 2 12 62 O 30
11120 12961 2 14 76 O 20
12961 547 2 24 128 O 30
22106 9038 2 7 34 O 20
11117 11118 2 10 50 O 10
10157 22109 2 12 65 M 10
16096 24612 2 8 43 O 30
24612 24606 2 8 44 O 20
24606 24610 2 24 128 M 20
24610 12972 2 8 40 O 20
12972 25999 2 9 49 O 10
25999 26000 2 37 204 O 30
26000 22110 2 36 196 O 30
22110 21869 2 18 96 M 20
26000 22111 2 21 112 O 20
22111 22110 2 11 58 O 10
22112 22095 2 62 343 O 10
22107 21867 2 26 143 O 20
21867 24233 2 29 157 O 10
24233 21868 2 37 203 O 20
21868 21869 2 80 441 O 20
21869 22117 2 43 236 M 30
22117 15024 2 26 143 O 30
15024 25994 2 59 322 O 30
25994 29937 2 2 9 O 10
22117 24418 2 65 357 O 10
25991 25995 2 2 9 M 20
25995 25996 2 18 97 M 20
25996 22118 2 49 267 M 20
22118 25995 2 35 190 M 10
21788 21795 1 6 28 O 30
21795 21787 1 5 26 M 20
21060 21789 1 5 27 O 30
21790 21060 1 6 28 O 10
20452 22120 1 12 65 O 20
21793 27723 1 4 17 O 20
21785 20451 1 5 27 M 30
20451 21786 1 6 31 M 30
23257 22121 2 12 65 O 20
22124 29762 2 4 19 M 30
29762 22123 2 2 11 M 30
22123 22122 2 10 55 O 20
22125 16037 2 12 66 O 30
16035 22127 2 5 25 O 10
21184 22128 2 7 37 O 30
22129 29045 1 19 104 O 30
21185 29052 2 25 134 M 20
29052 29042 2 2 11 O 20
29042 29051 2 5 24 O 10
29051 29041 2 3 13 M 20
29041 29050 2 5 24 M 30
29050 29046 2 3 12 O 20
29046 29049 2 5 23 M 30
29049 22129 2 3 13 O 30
22129 29048 2 5 24 O 10
29048 26319 2 3 11 O 20
26319 3106 2 3 12 O 30
29046 29044 1 19 103 M 20
22131 22130 2 22 120 O 20
22132 5334 2 17 91 O 20
22134 22133 2 8 44 O 20
22136 22135 2 10 51 O 30
22138 22139 2 4 20 O 30
18691 16115 2 2 9 O 30
22137 18694 2 14 77 O 10
22140 22142 2 5 23 O 30
22142 9778 2 7 36 O 10
9778 22709 2 2 7 O 10
22141 22140 2 3 14 M 30
29508 22232 2 4 22 O 10
22232 22230 2 10 55 O 20
14284 26292 2 3 15 O 30
20180 23559 2 28 154 O 10
9350 22147 2 3 14 O 10
23390 8671 2 13 68 O 10
27824 22150 2 9 49 M 10
22150 22151 2 5 27 O 10
22152 22157 2 6 28 O 20
22157 18590 2 10 54 O 10
22154 22153 2 11 58 O 20
22156 22155 2 9 50 O 10
22158 22157 2 7 34 O 30
22164 11223 2 55 301 O 10
8767 22164 2 5 27 O 30
22164 25353 2 42 230 O 10
25353 11224 2 2 10 O 10
22170 22171 2 9 50 O 30
8761 22173 2 11 60 M 10
19551 22174 2 11 58 O 20
22175 15814 2 7 37 O 10
22176 8637 1 1 5 O 10
22177 22176 1 2 11 O 30
22181 22182 2 7 37 O 20
22180 22184 2 13 70 O 10
22183 22185 2 14 73 O 30
22186 22187 2 11 61 O 10
22179 22188 2 11 60 O 30
22178 22190 2 3 13 O 30
22190 22189 2 5 23 O 20
22190 22191 2 12 67 O 10
22192 22193 2 6 30 M 10
8778 22195 2 6 30 M 10
22196 22197 2 6 31 O 20
8194 22198 2 6 30 O 30
5303 22201 2 15 79 O 20
22206 22205 2 11 61 O 10
22205 22204 2 7 34 O 30
22204 22203 2 6 33 O 30
22207 3147 2 21 117 O 20
22208 22212 2 6 29 O 10
22212 22209 2 1 2 O 30
22209 22210 2 8 40 O 30
22211 22212 2 18 97 O 30
22213 19277 2 14 78 O 30
22214 22215 2 6 28 M 30
22217 22227 2 7 34 O 20
22227 5722 2 20 111 O 10
5722 5728 2 13 70 M 10
5728 22228 2 27 149 O 20
22228 22220 2 24 133 O 20
22220 22218 2 13 69 O 30
22218 19083 2 6 33 O 30
22218 22219 2 14 74 O 20
22220 22221 2 15 82 M 10
19084 22222 2 5 24 M 20
22222 15847 2 3 16 O 10
22223 22224 2 18 100 O 10
22224 22225 2 8 42 O 20
22224 19082 1 8 40 M 10
19082 22226 2 11 58 O 10
22226 19080 2 19 101 O 10
19083 22226 2 24 133 O 20
22227 22228 2 29 157 O 30
22229 22230 2 3 13 O 30
22230 13679 2 27 146 O 10
13679 13678 2 14 75 O 20
22230 22231 2 10 53 O 30
6781 22246 2 7 34 O 30
22236 22265 2 5 23 O 30
22265 22264 2 5 23 O 20
22264 22263 2 4 20 O 10
22263 22262 2 4 20 O 20
22262 22261 2 5 23 O 30
22261 22253 2 5 23 O 30
22253 26295 2 4 18 O 10
22248 7844 1 3 12 O 30
7844 7842 1 10 51 O 30
7842 26297 1 5 23 O 20
22238 22243 1 11 56 M 20
22240 22239 1 3 12 O 20
22245 22244 1 2 11 O 10
22244 22243 1 2 10 O 20
22243 22248 1 7 36 M 30
22252 19725 1 8 39 O 10
22251 22252 2 15 83 O 30
22250 22245 1 4 19 O 10
26296 22236 2 9 46 O 20
22234 22233 2 10 52 O 20
22235 22254 2 13 67 O 20
22253 22255 2 13 68 O 10
22261 22256 2 13 68 O 20
22262 22257 2 13 68 O 30
22263 22258 2 13 68 O 30
22264 22259 2 13 68 O 30
22265 22260 2 13 68 O 30
22266 22260 2 4 17 O 10
22260 22259 2 4 20 O 20
22259 22258 2 5 23 O 20
22258 22257 2 5 23 O 10
22257 22256 2 4 20 M 20
22256 22255 2 4 20 O 30
22255 22254 2 5 23 M 30
22254 22233 2 5 23 O 20
22233 22250 2 5 25 M 20
22247 22250 1 4 19 O 20
1503 22249 1 5 25 O 20
22238 22237 2 9 49 O 30
22244 22238 1 9 45 O 20
9404 9605 2 2 9 O 20
22269 22270 2 17 92 O 20
22270 22276 2 19 102 M 30
22276 22271 2 20 106 O 30
22271 22272 2 12 65 O 10
22272 22274 2 4 20 O 30
22274 22273 2 24 129 O 20
22274 22275 2 17 93 O 10
22276 22277 2 30 164 O 10
22270 22278 2 10 50 O 10
22271 22656 2 3 15 O 20
22272 11110 2 3 12 O 20
28499 28688 2 19 101 O 30
28688 12825 2 2 7 M 10
22279 22280 2 20 109 O 10
2247 2248 2 7 37 O 10
10417 10308 2 3 12 M 20
29527 29512 1 9 46 O 10
29512 29528 1 15 81 O 20
29528 29515 1 6 33 O 10
29515 29517 1 15 79 O 30
29517 29521 1 4 20 O 30
29521 8792 1 2 6 M 10
8792 8935 1 7 36 O 20
8935 8793 1 2 9 M 20
6589 7646 2 10 53 O 10
5736 15553 2 12 62 O 10
20138 22290 2 3 15 O 20
22291 7645 2 17 93 O 30
7645 20138 2 4 21 M 30
20138 20137 2 6 31 O 10
22303 22302 2 4 22 O 30
22305 22304 2 14 77 O 10
25349 22306 2 8 40 O 20
22308 25349 1 20 107 O 30
13433 22311 2 16 86 M 10
22311 13434 2 4 18 O 20
22315 22316 2 16 84 O 10
22316 22317 2 37 205 O 20
22317 22315 2 24 130 O 20
22315 26820 2 8 40 O 30
26820 26818 2 4 19 O 20
26818 9110 2 5 24 O 20
22314 22313 2 107 589 O 30
22321 22320 2 21 114 O 20
22322 17483 2 5 27 O 10
17483 22323 2 5 27 O 30
21208 7554 1 6 28 M 20
7554 21207 1 2 7 O 20
9542 22337 2 5 27 M 30
22340 22338 2 7 38 O 10
17047 22340 2 2 7 O 20
22340 22339 2 6 30 O 30
9458 14420 2 3 13 O 20
14420 22343 2 4 20 O 10
22343 22341 2 3 14 O 30
22342 9459 2 3 15 O 20
24410 22346 2 11 57 O 30
22346 7888 2 41 225 O 10
22350 22348 2 9 47 O 20
22348 22347 2 4 18 O 20
22351 22350 2 8 44 M 20
22350 22349 2 4 18 O 20
22357 22352 2 5 26 M 30
22355 22354 2 8 40 O 10
22354 22353 2 8 43 O 30
22358 22355 2 8 39 O 20
22355 22357 2 7 34 O 20
22357 22356 2 9 46 O 30
22361 22359 2 5 23 O 30
9367 22361 2 12 63 M 20
22361 22360 2 3 11 O 20
27857 9053 2 15 82 O 20
9053 9367 2 5 25 M 20
9367 18070 2 6 32 M 30
18070 21513 2 4 17 O 30
9362 9365 2 6 28 O 30
9365 28875 2 1 4 O 30
28875 9053 2 5 24 O 10
22373 14950 2 2 10 M 30
9091 22366 2 11 58 O 20
22369 22365 2 2 9 O 30
22365 22364 2 4 22 M 20
22369 22368 2 16 87 M 10
22368 22367 2 2 10 O 10
14755 11459 2 7 37 O 30
8668 8671 2 22 117 M 10
804 27521 2 19 103 O 20
25437 786 2 5 26 O 30
786 14239 2 5 25 O 30
15900 22146 2 6 33 M 10
15899 781 2 2 11 O 10
781 15900 2 4 19 O 30
22379 9348 2 14 76 O 30
9360 22381 2 5 25 O 20
11404 22383 2 12 62 M 20
25294 9810 2 4 19 O 10
9810 20986 2 5 24 O 30
20986 20666 2 6 32 O 30
22385 22386 2 9 48 O 30
13676 22387 2 5 27 O 20
22390 22389 2 16 88 O 10
22389 22391 2 6 32 O 30
20422 20425 2 27 147 O 30
20425 3777 2 15 79 O 10
3777 3778 2 6 30 O 20
3778 13000 2 4 20 M 10
13000 8180 2 12 66 O 10
13590 3778 2 7 35 O 20
3778 22390 2 4 20 O 20
22390 30267 2 3 12 O 30
30267 22389 2 3 12 M 10
3777 22392 2 15 78 O 30
22393 22394 2 6 29 O 30
22395 22396 2 6 28 M 30
22397 22398 2 5 24 M 20
8663 8662 2 66 364 O 10
19558 22399 2 16 88 O 10
19560 22400 2 7 38 M 10
14496 22404 2 9 50 O 20
22403 19631 2 25 134 O 20
15958 22405 2 15 80 M 10
10923 10924 2 4 21 O 20
10922 10923 2 2 7 O 20
30162 21549 2 1 1 O 10
28515 28516 2 216 1198 O 30
22421 22419 2 15 78 O 10
19629 22422 2 7 34 O 10
22114 22104 2 106 588 O 30
21323 22426 2 15 81 O 20
5233 18049 2 5 27 O 30
12788 22428 2 14 73 O 10
11030 11028 2 24 128 M 10
11026 11027 2 28 152 O 10
11028 11026 2 24 132 O 20
22429 21322 2 6 32 O 10
22431 22430 2 3 16 M 30
2183 5619 2 37 203 O 30
20035 18737 1 159 881 M 30
6581 27356 2 7 35 O 10
27356 27355 2 16 85 M 30
27355 27358 2 13 72 O 10
27358 15992 2 5 24 O 20
15992 25009 2 8 44 M 10
25009 27350 2 4 18 O 10
27350 27352 2 2 9 O 20
27352 27354 2 5 25 O 30
27354 11471 2 3 16 O 20
3136 19727 2 82 455 O 30
15045 1689 2 8 42 O 20
16427 14310 2 9 47 M 20
15127 15970 2 13 71 M 30
15970 11645 2 18 96 M 30
11645 11651 2 10 50 O 20
11651 14828 2 3 13 O 20
14828 15129 2 14 75 O 20
15129 10893 2 8 42 O 30
10893 15128 2 22 121 O 10
22442 22441 2 7 35 O 30
21928 21927 2 6 29 O 30
23104 22444 1 7 37 O 30
22444 22443 1 18 99 M 20
22443 23106 1 5 24 M 10
23106 22445 1 2 11 O 30
22445 23105 1 2 11 O 30
23105 23104 1 4 18 O 30
11050 22448 2 11 56 M 10
11051 22450 2 6 33 O 20
22450 22449 2 5 28 M 20
11052 22450 2 18 97 O 10
10911 22447 2 11 56 O 20
22451 26733 2 4 21 M 10
26733 26732 2 18 95 M 20
23161 116 2 12 62 O 10
271 22456 1 2 9 O 20
22456 22457 1 3 12 O 10
22446 22445 2 7 34 O 20
7603 22458 2 12 66 O 20
10612 10611 2 8 42 M 30
7719 13123 2 5 24 O 10
22460 22461 2 7 37 M 20
21926 22462 2 12 62 O 10
16920 22463 2 11 60 O 10
16920 16921 2 7 38 O 30
16919 22464 2 13 68 M 20
19642 22465 2 23 123 O 30
22412 22466 2 6 33 M 10
18957 22469 2 14 74 O 20
22471 22472 2 6 33 M 30
22472 22470 2 3 14 O 20
22468 22472 2 3 14 O 10
22473 22479 2 6 28 M 30
22474 16756 2 3 14 O 10
22476 22474 2 6 29 O 20
22474 22475 2 9 48 O 30
22477 22480 2 4 17 O 10
22480 22478 2 6 28 O 10
16756 22473 2 3 13 M 10
22473 22480 2 1 5 O 20
14429 23533 2 11 56 O 20
23533 14426 2 1 3 O 30
14426 8969 2 10 50 M 30
22079 22482 2 6 33 O 20
22482 22484 2 5 25 O 30
22484 22485 2 2 8 O 10
22485 22483 2 13 69 O 10
18962 25894 2 9 45 O 20
22512 22513 2 10 53 M 30
22513 559 2 9 48 M 10
559 22514 2 8 41 M 30
22525 22521 2 3 16 O 10
22521 22516 2 21 113 O 30
22519 22517 2 24 129 O 10
22520 22518 2 24 129 O 10
12497 22524 1 9 45 O 10
22524 22523 1 9 46 O 10
9028 1055 1 6 33 O 30
9027 9029 1 3 16 M 30
18443 22676 2 16 87 O 20
22531 22528 2 7 36 O 30
13298 2079 2 1 2 O 10
2079 22527 2 2 7 O 30
22534 22532 2 15 81 M 20
18958 7144 2 6 29 O 10
7144 22534 2 2 11 M 30
22534 22533 2 18 99 O 10
9945 30089 2 7 35 O 20
22547 22548 2 9 45 O 30
10376 21612 2 11 57 O 30
22551 22552 2 3 15 O 30
22555 22556 1 30 164 O 10
22557 22558 2 3 16 M 30
22558 30113 2 3 15 O 30
30113 22560 2 1 2 O 20
22560 22562 2 4 17 O 30
22562 22564 2 4 17 O 10
22564 30112 2 1 2 M 30
22558 22559 2 5 23 O 10
22560 22561 2 5 23 O 20
22562 22563 2 5 23 O 20
22564 22565 2 5 23 M 30
22566 29661 2 5 24 M 20
12277 22567 2 11 58 O 10
22568 22569 2 25 134 O 10
22570 22580 2 17 94 O 20
22572 22573 2 6 29 O 20
22574 22575 2 6 29 O 10
22576 22577 2 6 29 O 20
22578 22579 2 6 29 M 30
22582 22581 2 16 87 O 20
22583 22252 2 5 25 O 30
11469 19724 2 45 246 O 10
22583 19725 2 6 29 O 20
22247 22245 1 3 17 M 30
22249 22247 1 1 5 O 10
22248 22249 1 3 15 O 30
22239 22242 1 10 54 O 20
22242 22241 1 3 15 O 20
22241 22240 1 3 13 O 10
22587 23059 1 10 51 O 30
23055 23056 1 3 12 M 20
1151 1150 1 8 41 O 30
10940 29262 1 6 29 O 20
283 10543 2 25 136 O 10
16140 22591 2 6 30 M 30
21277 21276 2 12 62 O 20
22592 21404 2 2 6 M 20
21404 22593 2 3 14 O 10
16140 21404 2 3 13 O 10
22596 23690 2 3 13 M 10
23690 22595 2 15 78 M 20
22598 22597 2 11 59 O 10
22056 22055 1 43 237 O 20
22055 22058 2 14 73 O 30
22058 11959 1 32 174 O 30
22058 22057 2 9 45 O 10
22057 22064 2 14 77 O 20
21304 21305 1 8 40 O 10
14657 21320 1 9 48 O 20
22647 23936 2 13 70 O 20
22650 22651 2 23 126 O 20
6539 12577 2 4 22 O 30
12577 26275 2 3 14 O 10
26275 369 2 3 16 O 10
369 366 2 2 9 O 20
366 22650 2 4 19 O 20
22658 28971 2 3 15 M 30
18709 22658 2 4 17 M 20
18502 22659 2 4 20 M 10
24393 11733 1 4 18 O 10
11733 5522 1 21 112 O 20
14639 11292 1 21 113 O 30
4005 4002 1 21 113 O 10
14640 4005 1 39 212 O 20
4001 4002 2 18 96 M 30
21513 17969 2 143 789 O 10
9670 16339 2 5 26 M 20
21516 9670 2 2 6 O 20
20467 20466 1 2 7 M 10
13863 22663 1 4 21 M 20
13863 22664 2 18 96 O 20
22664 13864 2 14 77 M 20
13864 13863 2 4 19 O 30
13863 22665 2 7 35 O 30
8538 22666 2 2 9 M 20
22668 16499 2 2 6 O 10
1439 18863 2 12 64 O 10
18863 28734 2 8 40 O 30
28734 799 2 6 31 M 20
22673 28739 2 2 10 M 20
22677 12482 2 5 24 M 10
12482 22684 2 5 25 O 10
22684 22679 2 2 9 O 30
22685 22680 2 2 6 O 20
15089 6228 2 4 17 M 20
22682 6228 1 4 18 O 10
12482 22685 2 11 58 O 20
22685 22684 2 10 54 O 20
12482 22686 1 2 10 O 10
22686 29554 1 2 6 O 10
22694 22695 2 4 20 O 30
21095 22864 2 27 146 O 20
22553 12478 2 50 278 O 20
22697 11427 2 3 12 O 20
8720 2689 2 6 32 O 20
2689 8719 2 3 15 O 10
8722 10936 2 38 207 O 10
10936 10632 2 66 367 O 30
8719 2687 2 2 9 O 10
2687 2688 2 1 6 O 10
2688 22699 2 3 15 O 20
2686 7338 2 1 2 O 10
7338 7343 2 5 24 O 10
7343 7340 2 5 25 O 10
7340 11549 2 2 8 O 10
11549 10309 2 5 23 O 10
10309 19366 2 6 28 O 30
19366 7326 2 2 7 O 10
7326 8720 2 4 21 O 10
14644 22700 2 8 40 O 10
22701 22702 2 11 56 O 20
16316 14730 2 42 233 O 20
16913 11583 2 7 35 O 10
8718 18900 2 10 51 O 20
18900 20736 2 9 47 M 10
20736 20549 2 16 89 O 30
20549 29014 2 14 75 O 20
22699 8723 2 2 10 M 30
8723 8718 2 2 6 M 10
22698 7256 2 5 22 O 30
7256 7254 2 1 4 O 10
7254 7252 2 2 6 O 20
7252 7270 2 9 47 O 30
7270 7268 2 5 25 O 30
7268 7266 2 5 26 O 20
7266 18741 2 4 20 O 30
21298 22703 2 4 20 O 30
22704 22706 2 31 170 O 20
22706 22705 2 15 82 O 30
22706 22707 2 4 20 O 10
22707 22708 2 2 7 O 10
22710 22711 2 15 81 O 30
22711 9786 2 2 7 O 30
7059 7058 1 4 21 O 20
22718 22715 2 4 17 M 20
22719 22717 2 6 31 O 20
22717 22715 2 2 11 M 30
22720 22719 2 4 20 O 30
22719 22718 2 4 18 O 10
22718 7098 2 1 6 O 30
16909 7240 2 35 193 O 30
7240 16910 2 9 45 O 30
11945 29403 2 41 227 O 10
29403 20026 2 35 189 O 10
20026 29395 2 13 71 M 20
29395 8732 2 11 58 M 20
8732 29392 2 1 4 M 20
21500 8730 2 51 278 O 10
11583 11584 2 112 618 O 30
30222 9274 2 53 290 M 10
19142 28452 2 6 32 O 20
28452 15788 2 4 21 O 10
10543 10459 2 21 113 O 10
20608 365 1 24 129 O 30
365 20607 1 6 33 O 20
20607 17651 1 3 16 M 30
15443 22731 1 4 20 O 30
258 7164 1 4 18 O 30
22732 22731 2 9 46 O 20
22731 258 2 2 6 O 30
19915 18356 1 20 109 O 10
23047 23048 2 7 36 O 10
23048 9213 2 5 24 O 10
10856 22735 2 15 82 O 30
22735 22734 2 3 16 O 10
22735 22736 2 8 41 O 30
22737 22738 2 3 13 O 30
22738 22740 2 8 40 O 20
22738 22739 2 4 17 O 10
22739 22740 2 6 32 O 20
22743 28375 2 3 13 O 30
28375 22742 2 1 3 O 10
9645 22747 2 7 35 O 20
9012 22748 2 7 39 O 30
9012 22749 2 9 48 O 30
22751 22750 2 5 25 O 30
13724 22754 2 30 162 M 10
22754 22753 2 20 106 O 20
22753 22752 2 12 66 O 30
22752 22754 2 4 21 O 10
22757 22756 2 8 41 O 30
20490 10210 2 8 43 M 30
22762 13722 2 8 43 O 10
11428 22763 1 4 22 O 30
22763 12526 1 1 5 M 20
22773 22772 2 3 12 O 10
22771 22772 2 2 9 O 20
22772 22770 2 2 11 O 20
22776 22777 2 2 9 M 10
22777 22775 2 2 9 O 10
22778 22777 2 3 15 O 10
22781 22780 2 2 9 O 20
22780 22779 2 2 10 M 30
22782 22780 2 3 13 O 30
10650 22784 2 6 29 M 10
22786 22785 2 17 90 O 20
22795 22789 2 2 6 O 10
22794 22793 2 26 142 O 30
22793 22795 2 3 16 O 20
22791 22790 2 15 79 O 10
22793 22792 2 14 74 O 30
22792 22794 2 26 140 O 30
18698 22796 2 7 37 O 30
22526 22145 2 3 16 O 10
18258 21233 2 13 71 M 10
21233 22526 2 17 93 O 30
22796 672 2 33 183 O 10
20823 20997 2 3 15 O 10
14829 14852 2 20 107 O 20
21537 844 2 6 28 O 20
22807 22806 2 3 16 O 10
22808 22 2 32 174 O 20
14442 14443 2 9 47 M 30
9220 9322 2 4 18 M 30
26465 4406 2 4 19 O 20
4406 5984 2 6 30 O 20
5984 4404 2 7 34 O 20
4404 8416 2 6 32 O 10
8416 4501 2 5 24 O 30
4501 4499 2 1 5 O 30
4499 9145 2 5 24 O 30
22820 22822 2 7 34 O 20
22821 22822 2 8 41 M 20
263 261 2 24 128 O 10
261 8061 2 2 7 O 30
22824 22823 1 26 143 O 10
14418 22831 2 5 26 O 20
20515 14418 2 20 106 M 10
14418 7303 2 3 14 O 10
13242 13244 2 15 80 O 30
14433 22832 2 10 52 O 20
22836 11343 1 58 320 M 10
22835 11335 1 84 466 O 10
11334 22835 1 7 37 O 20
22837 22836 1 7 36 O 20
27823 27492 1 47 260 O 30
11550 11551 2 17 91 O 20
14442 11548 2 27 149 O 30
13225 16762 1 12 64 O 10
13225 20495 2 19 105 M 30
20495 20104 2 9 47 O 20
9005 9007 2 6 30 O 30
22842 22844 1 3 13 O 20
22844 22843 2 11 61 O 20
22844 30268 2 4 19 O 20
30268 22843 2 4 19 O 10
22843 22841 1 3 14 O 30
22845 22846 2 30 166 O 30
19753 6005 2 3 14 O 20
6005 6007 2 23 127 O 10
22851 19841 2 13 69 O 30
22858 17747 2 33 181 O 10
22857 22859 2 19 100 O 20
22860 22861 2 24 129 O 30
21173 4066 2 3 15 O 10
4066 4064 2 11 58 O 30
22867 22868 2 7 38 M 20
22871 22872 2 4 21 O 30
22874 22873 2 6 32 M 30
22875 22876 2 7 37 M 10
22878 22879 2 4 18 O 30
21133 19300 2 10 51 O 30
19300 27822 2 5 27 O 10
27822 21134 2 6 32 M 30
21134 21135 2 7 35 O 10
21135 21136 2 21 113 O 20
21136 9443 2 3 16 O 10
9443 19298 2 3 13 O 30
19298 27821 2 3 16 O 20
22897 6041 2 7 39 O 20
22906 22922 2 12 64 M 20
8586 22909 2 15 83 O 20
22909 22910 2 7 38 O 10
22910 22911 2 2 7 M 20
22911 22912 2 6 33 O 10
22914 27917 2 4 20 O 30
27917 22913 2 2 9 O 30
12841 11425 2 10 53 O 10
11527 15653 2 35 189 M 20
22922 8455 2 4 19 O 20
17032 17650 1 3 15 O 20
8469 1894 2 16 87 M 10
8456 22929 2 7 36 O 20
12974 12975 2 26 139 M 10
12975 12480 2 12 66 M 10
8455 22932 2 8 39 O 30
22937 20930 2 9 45 O 20
22938 22939 1 48 264 O 30
13110 29559 1 1 4 O 20
22942 22943 1 7 35 O 10
22943 22944 1 6 28 O 30
22943 21235 2 2 8 O 30
12223 22946 1 3 16 O 30
14881 26105 2 3 15 O 10
26105 19842 2 10 52 O 10
19842 19840 2 4 21 O 30
19840 22900 2 2 10 O 20
15392 27027 2 8 41 O 20
19291 2044 2 3 13 O 20
23452 1424 1 15 80 O 30
1424 18232 2 5 27 M 30
22949 23038 1 38 207 O 10
12501 22951 2 7 34 O 30
23020 4152 2 2 9 M 20
18245 22827 2 2 10 M 20
11941 22960 2 4 17 O 10
18083 1241 2 7 34 O 20
10781 16827 2 3 12 O 30
22963 28372 2 5 24 O 20
28372 22964 2 13 70 O 10
7422 14766 2 7 35 O 30
21151 22966 2 11 58 O 10
22967 22968 2 10 53 O 10
12223 22945 1 3 14 O 20
22972 22973 2 6 30 M 10
8438 19830 1 14 77 O 20
8438 18303 2 2 9 O 30
18296 18295 1 10 55 O 20
18295 24626 1 12 67 O 20
22150 22976 2 7 36 O 20
11390 3692 1 4 17 O 30
3692 18836 1 1 3 O 30
22927 18246 1 3 15 O 10
24660 22980 2 3 16 M 10
22981 26508 2 5 27 O 20
15955 15956 2 4 18 O 20
22983 2134 2 2 8 O 30
16000 26499 2 14 76 O 30
14498 14497 2 8 44 O 20
4367 22697 2 15 81 O 30
22990 22991 2 3 16 O 30
22991 22992 2 10 51 O 30
22991 22993 2 7 37 M 20
22996 22997 2 3 14 O 30
22995 22994 2 15 81 O 20
12560 22998 2 8 39 O 30
23000 23001 2 4 21 M 30
6241 5803 1 6 32 O 10
13201 6241 1 6 31 O 10
13202 13968 1 8 39 M 10
13968 6590 1 8 41 O 30
23003 23004 2 4 19 O 10
23005 23006 2 10 55 O 10
23007 23008 2 10 53 O 30
23009 23010 2 7 38 O 10
11954 11962 1 5 25 O 20
23011 23012 2 11 56 O 10
5806 5805 1 5 25 O 30
13200 5806 1 6 30 O 30
13969 5806 2 5 25 O 10
14029 20147 2 25 138 O 20
20147 13999 2 1 1 O 10
23016 28279 2 7 35 O 10
2782 20073 1 7 38 O 30
18020 23021 2 3 17 O 30
21161 21162 2 37 201 O 30
21162 21062 2 16 84 O 20
13201 5803 1 4 19 O 30
13200 5805 1 3 14 O 10
6590 13200 1 3 12 O 20
5803 13202 1 6 30 O 20
5805 13201 1 2 6 O 30
20971 24564 1 4 22 O 20
23242 10683 1 15 83 O 20
23025 23024 2 23 128 O 20
10478 10480 2 13 67 O 10
20826 500 2 9 48 O 30
500 23027 2 7 34 O 10
23027 23028 2 4 21 M 30
2613 29056 2 22 117 O 10
29056 16032 2 3 16 O 10
16032 29057 2 50 275 M 30
29057 21006 2 23 128 O 10
21006 28757 2 11 61 M 10
9970 20452 2 4 19 O 20
23306 15881 2 14 75 O 30
18230 16688 1 3 14 O 10
16689 22144 1 3 15 O 20
11384 17163 2 3 15 O 20
12943 11384 2 4 18 O 10
22931 12943 2 4 17 M 20
23039 17139 2 2 9 O 30
23040 23039 2 2 9 O 20
18941 23042 1 13 72 O 20
12534 22918 2 3 12 O 20
23168 19848 1 12 67 O 20
20797 9262 2 3 13 O 10
22825 12982 2 2 11 O 10
22855 26557 1 6 32 O 10
26557 12846 1 7 34 O 30
12846 13453 1 16 84 O 10
13453 1053 1 10 50 M 20
17016 20682 2 14 74 O 30
20682 20684 2 1 4 O 10
16337 8402 2 4 17 M 30
23048 23049 2 3 13 O 20
23043 10119 2 5 24 O 10
9947 9948 2 5 24 O 20
23083 18223 1 8 42 M 10
23079 23078 1 10 53 O 10
23080 18225 2 1 4 O 20
26849 23080 1 8 40 O 20
17771 19156 1 4 18 O 20
23074 17771 1 7 38 O 10
23069 8606 1 9 46 O 10
8606 15002 1 6 33 O 10
2709 1141 1 5 26 O 20
1141 23626 1 5 26 O 30
23626 1140 1 3 15 M 30
1140 1138 1 55 301 M 30
1138 23627 1 5 26 M 10
18423 22642 1 9 46 O 10
1136 24664 1 3 13 O 20
12820 23070 1 5 26 O 10
19848 410 2 10 53 M 10
27722 23093 2 7 39 O 20
18422 12829 2 22 119 M 10
29266 12831 2 6 30 M 30
12831 2716 2 2 11 O 10
2716 10049 2 2 6 M 10
12830 10049 2 22 119 O 10
1749 23658 2 3 14 O 30
23658 95 2 2 9 O 20
95 23659 2 4 21 O 30
23659 9066 2 3 16 O 10
9066 5776 2 22 122 O 10
5776 17285 2 2 7 O 10
17285 4326 2 16 87 O 10
4326 17290 2 54 295 O 30
17290 5775 2 2 10 O 30
5775 17292 2 10 55 O 30
17292 25013 2 5 25 M 30
25013 4325 2 1 4 M 20
4325 17294 2 5 22 O 20
17294 17287 2 6 29 M 10
17287 17296 2 27 145 O 30
17296 16201 2 16 84 O 20
16201 4324 2 2 6 O 10
4324 17298 2 2 6 O 10
17298 17300 2 9 49 M 10
17300 17310 2 14 73 O 10
17310 17306 2 9 48 M 30
17306 17305 2 2 7 O 10
17305 30269 2 6 28 O 30
30269 17304 2 6 28 O 20
17304 17308 2 3 13 O 20
17308 17316 2 13 70 O 30
17316 17312 2 6 30 O 30
17312 17319 2 4 18 O 10
17319 17318 2 4 19 O 30
17318 17321 2 4 21 O 30
17321 17323 2 2 8 O 30
17323 17325 2 5 24 O 20
17325 17327 2 7 37 O 30
17327 17329 2 7 36 O 20
17329 17331 2 9 45 O 10
17331 10860 2 8 40 O 30
10860 17338 2 20 106 O 10
17338 4602 2 2 9 M 20
23098 23099 2 7 35 O 20
22956 23101 2 4 20 O 30
23101 23100 2 5 27 O 20
23101 23102 2 2 10 O 20
22955 23103 2 7 35 M 30
18024 19280 2 47 258 O 20
23104 3213 1 3 16 M 10
3213 23105 1 6 33 O 20
23106 22733 1 8 41 O 20
22733 22443 1 3 16 O 20
22454 23107 1 21 112 O 20
23110 23111 2 6 29 O 30
23112 23114 2 4 20 O 30
23114 28363 2 26 143 O 30
23130 23131 1 15 82 O 20
13128 23134 2 32 177 O 10
23134 11025 2 3 14 O 10
16819 16820 1 15 81 O 10
23139 23138 2 5 26 O 20
23138 15169 2 5 24 O 30
23141 23145 2 3 13 O 10
23147 23142 2 14 76 O 20
23148 23149 2 6 32 O 20
23140 18320 2 12 65 M 10
8769 1376 1 8 39 O 10
8823 23151 2 2 10 O 20
23153 9862 2 22 120 O 20
14039 14038 2 2 10 O 10
23160 14040 2 5 25 O 30
14040 14037 2 4 18 O 20
14037 14035 2 6 28 O 20
16241 8924 2 37 205 O 30
18022 11825 2 28 154 M 10
23161 114 1 10 51 M 20
23165 29501 1 7 36 O 10
29501 23166 1 4 18 O 30
23212 23167 1 1 4 O 30
23167 29502 1 10 50 O 30
17074 17075 2 3 13 O 20
22097 22098 2 44 239 O 30
22098 22099 2 27 150 O 20
29195 23171 2 21 116 O 20
29195 23172 2 8 39 M 30
23173 23174 2 7 34 O 30
12543 23181 2 2 10 M 20
12518 29399 2 5 27 O 30
29399 23178 2 13 70 M 10
23182 21736 1 2 9 O 20
12570 23184 2 13 69 O 10
29728 12496 2 11 58 O 10
12496 22554 2 13 72 O 10
23187 14789 2 23 126 O 30
21760 19879 2 7 37 O 10
19879 23188 2 2 10 O 30
23191 23192 2 5 22 O 30
17117 23200 2 6 30 O 30
23200 23202 2 3 16 O 10
23202 23193 2 26 142 O 30
23194 23195 2 5 27 O 30
17116 17118 2 7 35 O 30
23196 23197 2 6 30 O 20
23198 23199 2 6 29 O 10
23200 23201 2 5 22 M 30
23202 23203 2 4 20 M 30
11484 78 2 22 121 O 30
78 19197 2 22 119 O 10
23208 12683 2 2 9 O 10
10737 23209 2 1 5 M 10
23211 27168 1 4 20 O 10
27168 27170 1 3 14 M 10
27170 27196 1 1 4 O 20
27196 27198 1 4 20 O 10
27198 27172 1 6 29 M 10
27172 27200 1 2 9 O 20
27200 27174 1 4 17 O 30
27174 27176 1 2 8 O 10
27176 27202 1 3 15 O 30
27202 9424 1 5 26 M 20
23213 22442 2 1 3 O 30
23166 23214 1 5 25 O 30
23215 23212 1 5 25 O 30
8776 8777 2 5 24 O 20
8776 21415 2 2 10 M 20
8781 9329 2 4 18 O 20
8781 8925 1 26 140 O 10
18829 3598 1 3 14 O 30
3598 3599 1 1 3 O 30
3599 3600 1 1 5 M 20
3600 3601 1 1 5 O 20
3601 18831 1 3 13 O 30
22908 18822 1 1 3 O 10
10189 23220 2 8 40 O 10
8761 23217 2 7 37 O 10
23220 23218 2 8 41 O 30
23220 23219 2 6 30 O 20
23221 23222 2 6 28 O 10
23226 23227 2 6 33 O 10
23882 21561 2 2 11 O 20
8186 19561 2 15 83 M 30
22978 7050 2 4 19 O 10
7050 7048 2 1 3 O 20
7048 10487 2 1 3 O 20
10487 6978 2 2 7 O 20
6978 6976 2 1 5 O 20
6976 7027 2 4 18 O 30
7027 7029 2 3 12 O 30
7029 6980 2 1 3 O 10
6980 6982 2 2 6 O 10
6982 7046 2 1 1 O 20
7046 6984 2 4 22 O 10
6984 6986 2 4 17 O 20
6986 21616 2 2 9 O 30
21616 7044 2 2 8 O 20
7044 6988 2 1 5 O 30
6988 6990 2 4 17 O 30
6990 7042 2 1 3 O 10
7042 6992 2 2 10 O 30
6992 6994 2 4 18 O 10
6994 6996 2 7 35 O 20
6996 6998 2 1 4 O 20
6998 7000 2 1 5 O 10
7000 7002 2 3 14 O 20
7002 7004 2 1 4 O 30
7004 7006 2 2 10 M 30
7006 7008 2 2 9 O 10
7008 7010 2 3 13 O 30
7010 7012 2 1 4 M 10
7012 7014 2 1 4 O 10
7014 7016 2 1 5 O 20
7016 7018 2 3 13 O 20
7018 7020 2 1 5 O 30
7020 21615 2 1 2 M 20
23234 10486 2 17 94 O 10
11446 26267 2 13 69 O 20
18316 21408 1 19 103 M 10
23238 23237 1 5 25 O 20
23243 23240 1 6 28 M 20
1394 23240 1 4 19 O 10
23241 23237 1 4 18 O 10
11620 11409 1 14 73 O 30
23243 1394 1 4 19 O 10
27846 23238 1 6 31 O 10
9526 23242 1 4 21 O 20
23244 9526 1 19 103 O 30
9751 1388 2 19 102 O 20
1388 23258 2 10 53 M 20
23260 1379 2 7 34 O 10
18319 23261 2 2 11 O 20
12403 18319 2 2 10 M 30
23262 23264 2 4 18 O 10
23264 23268 2 14 78 O 10
23268 23267 2 1 3 M 20
23267 23263 2 4 19 O 30
23264 23265 2 3 15 O 30
23266 23267 2 3 15 M 30
23268 23269 2 6 28 O 30
23270 23271 2 13 68 O 30
23272 23273 2 4 17 M 20
23274 23275 2 12 65 O 30
17411 23276 2 13 69 M 30
17410 23277 2 10 53 O 10
18939 23285 2 6 28 O 10
23283 1696 1 7 34 O 10
1696 23284 1 3 12 O 10
23282 23288 1 20 107 O 30
23288 23289 2 3 13 O 20
20055 23289 2 30 162 M 20
23289 22615 2 9 47 M 30
23295 23296 2 5 28 O 20
23296 26919 2 4 18 M 30
26919 26917 2 4 17 O 20
26917 26956 2 1 2 M 20
26956 23297 2 7 37 O 10
23300 23301 2 10 53 O 10
23302 23303 2 9 47 O 20
11394 8544 2 6 31 O 10
19735 16667 1 4 17 O 30
24585 19735 1 3 12 O 20
9418 26437 2 5 25 M 10
23394 1977 2 5 26 O 20
1977 9418 2 6 28 O 20
23304 19188 2 4 21 M 10
10339 23307 2 16 88 O 10
23308 24497 2 14 75 O 30
24497 23309 2 8 40 O 20
23310 23311 2 31 167 M 10
23312 23313 2 7 36 M 10
23313 23315 2 21 115 O 10
23313 23314 2 7 38 O 30
16184 16185 2 9 46 O 20
16185 16189 2 13 68 O 20
16189 23316 2 15 78 O 30
23317 23318 2 19 102 O 30
23319 24207 2 6 33 M 30
24207 24204 2 1 5 O 20
24204 23320 2 3 13 O 20
23316 23321 2 6 31 M 30
23316 23322 2 7 34 O 20
16185 23323 2 6 30 M 10
16184 23324 2 7 38 O 10
23325 23326 2 16 87 M 30
23327 23328 2 11 56 O 20
23329 23330 2 7 37 O 10
23331 23332 2 5 25 O 20
23333 23334 2 8 44 O 30
23335 23336 2 8 44 O 20
23339 23340 2 8 41 O 20
16318 23339 2 3 16 M 20
23339 23341 2 16 88 M 10
23342 23343 2 5 26 O 10
21796 23344 2 4 20 O 30
23345 23346 2 5 26 O 30
23347 23348 2 13 68 O 10
22848 23397 2 6 31 O 30
8553 8554 2 26 140 O 10
8554 28569 2 4 18 O 20
28569 8555 2 6 30 O 30
8555 9685 2 19 103 O 20
9685 22660 2 4 19 M 10
22660 24489 2 5 24 O 30
24489 9449 2 8 43 O 10
9194 12357 2 5 25 O 30
12357 8452 2 9 47 O 30
29235 26441 1 11 59 O 20
23358 23359 2 4 17 O 20
23355 23356 2 2 11 O 20
23356 25345 2 4 18 O 10
25345 25344 2 2 8 O 20
25344 25343 2 2 11 M 10
22827 22978 2 6 29 O 30
23362 23363 2 8 42 O 20
16658 11517 2 4 18 M 30
11516 16658 2 2 8 O 30
23367 11851 1 2 9 O 30
23370 24724 2 2 9 O 10
24724 1381 2 14 75 O 30
23371 23372 2 8 41 O 30
16042 23373 2 9 46 O 10
23374 23375 2 8 42 O 10
23377 23378 2 7 37 O 30
23379 23380 2 7 38 O 30
23381 23382 2 7 38 O 30
23383 23384 2 6 28 O 10
17991 22079 2 5 23 M 10
22079 12769 2 11 59 O 20
27716 24524 2 9 48 M 30
24524 24548 2 3 12 O 10
24548 27717 2 13 68 O 30
18233 22930 1 8 40 O 10
23981 23965 2 6 33 M 20
23965 22303 2 4 21 O 10
11452 28189 1 4 19 O 30
28189 9630 1 3 16 O 30
24652 20295 2 4 17 M 30
18293 23094 2 3 16 M 20
23395 23398 2 6 28 O 30
23396 25037 2 4 20 O 10
23399 23400 2 13 68 O 30
23401 23402 2 15 83 O 10
23402 23403 2 13 68 O 10
23405 23406 2 8 43 O 20
19695 23408 2 9 45 O 10
14236 23409 2 5 25 O 30
27823 13204 2 5 24 O 20
13204 27614 2 2 10 O 30
27614 12289 2 16 85 O 20
8482 11015 2 14 76 O 10
27799 10595 2 6 29 O 10
23428 12483 2 3 13 O 10
23430 23431 2 4 22 O 30
23431 443 2 9 47 O 20
23433 447 1 5 28 M 20
447 23434 1 18 98 O 20
23436 23434 1 29 161 M 20
23437 24654 1 16 85 O 30
28055 23438 2 17 90 O 30
23440 28200 2 5 23 O 30
28200 23441 2 5 22 O 30
23441 28192 2 4 21 O 20
28192 28199 2 7 39 O 30
28199 28191 2 21 111 O 20
28191 28196 2 13 69 O 30
28196 28194 2 11 59 M 20
28194 28198 2 5 25 O 30
28198 23441 2 8 43 M 20
25114 25115 2 3 16 O 30
23449 23451 2 6 33 O 10
23448 26599 2 12 64 O 10
22948 23452 1 4 21 M 30
19244 23453 1 9 48 O 10
14242 25424 2 3 16 O 10
16690 773 2 2 10 O 20
773 15899 2 2 11 O 10
22145 8669 2 19 100 O 10
5090 23457 2 7 39 M 30
23458 23460 2 3 17 M 20
23460 23459 2 18 95 O 10
23460 23461 2 4 19 M 10
23462 23463 2 4 17 O 20
23464 23465 2 5 24 M 10
23468 5425 1 7 37 O 20
5424 23468 1 8 39 O 10
5424 5425 1 4 22 O 30
18248 8511 1 3 14 O 10
18248 17155 1 7 35 O 30
8511 18250 1 2 6 O 10
23015 23014 1 46 253 M 20
23014 23013 1 11 59 O 30
23013 20073 1 10 50 O 20
18253 18252 1 3 14 M 20
12986 7307 2 12 63 O 10
22942 22284 2 7 36 M 20
11795 11796 2 14 77 O 30
9474 2540 2 7 38 O 20
9472 2541 1 1 5 M 30
2541 2540 1 9 49 M 30
4357 28421 2 45 245 O 10
21629 21628 2 24 132 O 30
24080 22926 2 2 11 O 30
24080 24079 2 3 14 O 10
24079 22970 2 2 11 O 20
949 22158 2 10 53 O 10
23475 23473 2 8 42 O 10
15596 23474 2 1 5 O 10
15595 29304 2 26 140 M 10
29304 15596 2 17 94 O 20
23477 23476 2 7 35 O 30
23479 23478 2 2 6 O 10
23480 23479 2 1 4 O 30
23474 23475 2 1 5 O 30
15439 23485 2 2 9 O 20
23486 15690 2 1 5 O 10
15690 23491 2 3 15 O 30
23491 23489 2 4 20 O 30
23489 23493 2 2 10 M 20
23493 23487 2 2 10 O 10
23487 9885 2 5 26 O 20
9885 23495 2 1 3 O 20
23495 15689 2 8 44 O 10
15689 23497 2 2 11 O 10
23497 23523 2 1 3 M 30
23523 15687 2 3 11 M 30
15687 23498 2 1 5 O 10
23498 23521 2 2 7 O 20
23521 10726 2 4 22 M 30
10726 2750 2 1 2 O 20
2750 23500 2 4 21 O 30
23500 23502 2 4 21 O 30
23502 10678 2 3 16 O 10
10678 23504 2 3 16 O 10
23504 15685 2 2 9 O 30
15685 23506 2 5 26 O 10
23506 10676 2 1 4 O 20
10676 15683 2 6 32 O 10
15683 23508 2 3 14 O 30
23508 15681 2 9 48 O 10
15681 15677 2 5 26 O 30
15677 15679 2 2 7 O 10
15679 23519 2 1 5 M 10
23519 23517 2 4 17 M 30
23517 23515 2 4 21 O 20
23515 15673 2 2 9 M 10
15673 15675 2 2 9 O 30
15675 1744 2 9 49 O 10
1744 29039 2 4 18 O 10
29039 942 2 3 16 M 20
942 23510 2 1 5 O 30
23510 15694 2 2 7 O 20
15694 23513 2 4 19 O 30
23513 11522 2 5 25 O 30
22788 8300 2 2 7 M 30
8300 14842 2 2 8 M 30
23487 23488 2 14 73 O 30
23489 23490 2 13 71 O 30
23491 23492 2 9 50 O 30
23493 23494 2 6 31 O 20
23495 23496 2 9 48 O 20
23497 8108 2 13 71 O 30
23498 23499 2 5 25 O 10
23500 23501 2 4 21 O 20
23502 23503 2 5 25 O 20
23504 23505 2 5 23 O 30
23506 23507 2 4 18 O 30
23508 23509 2 7 35 O 20
23510 23511 2 4 22 O 20
1744 23512 2 9 48 O 10
23513 23514 2 3 15 O 30
23515 23516 2 9 47 O 10
23517 23518 2 11 57 O 10
23519 23520 2 6 29 O 30
23521 23522 2 5 27 O 30
23523 23524 2 3 16 M 10
12533 21909 2 9 50 O 10
12533 23525 2 8 40 O 20
21096 23526 2 3 17 M 20
18874 20072 1 10 54 M 30
22986 17114 2 4 18 O 30
21427 22149 2 2 11 O 10
24474 23445 2 2 9 O 20
20615 21470 2 11 59 O 30
9020 9729 2 3 14 O 30
19198 23414 2 3 12 O 20
23413 9150 1 2 6 O 30
12537 26525 2 5 28 O 10
23418 12537 2 7 38 M 30
19359 8481 2 3 17 O 10
17980 23420 2 6 32 O 20
23420 23419 2 7 37 O 30
11013 17981 2 2 9 O 20
11013 17983 2 2 9 O 20
16668 8471 1 3 14 O 20
22852 23394 2 2 7 O 30
23207 26201 2 5 25 O 30
26201 24996 2 6 30 O 10
16937 8543 2 2 10 O 10
12411 14672 1 3 14 O 20
23531 1345 1 12 64 O 10
1344 18313 1 6 33 O 20
8703 18038 2 7 34 M 30
24386 17476 1 2 8 M 30
14426 12687 2 9 45 O 20
8415 26548 1 5 24 M 10
23540 23539 2 2 6 O 20
19786 11393 1 2 8 M 10
18257 16690 2 1 5 M 20
20733 20734 1 13 69 O 10
8432 12925 1 4 20 M 30
8365 12567 1 4 22 O 20
17775 17772 2 3 15 O 10
17772 17774 1 28 151 O 30
17774 17775 1 20 107 M 10
5471 23541 2 1 2 O 10
21175 23542 2 2 11 O 10
23543 23544 2 2 11 O 30
23544 23545 2 4 18 O 30
23544 23546 2 7 35 O 20
23546 23547 2 11 57 O 10
23546 23549 2 11 56 M 20
13690 13693 1 10 50 O 30
13510 13511 2 3 14 O 20
1411 1895 2 4 17 O 20
28530 28529 2 6 29 O 10
8853 23557 1 2 10 O 20
23556 20480 2 12 63 O 10
23561 23562 2 9 46 O 30
23562 22852 2 4 22 O 30
12525 11428 2 24 131 O 20
11428 4367 2 5 24 O 30
23564 7417 2 4 20 O 10
7417 23565 2 28 155 O 10
23566 7617 2 3 16 M 30
7617 7610 2 12 62 M 20
7610 23569 2 4 18 O 30
23569 23567 2 40 219 M 30
23567 23568 2 5 23 O 10
23568 23569 2 9 49 O 30
23570 7616 2 3 16 O 30
7616 7618 2 1 1 O 30
7618 7611 2 4 20 O 30
7611 7612 2 4 18 O 10
7612 7614 2 3 16 O 10
7614 23571 2 21 113 M 10
23572 23573 2 12 62 O 10
23575 23576 2 8 41 O 20
23577 7621 2 23 127 M 30
7621 7619 2 12 61 O 30
7619 7620 2 3 16 O 20
12573 23574 2 5 24 O 20
11402 1015 2 1 3 M 30
1015 9448 2 3 15 O 20
17979 23590 2 12 66 O 10
9197 9196 2 4 20 O 30
9196 16164 2 4 18 M 10
17141 17142 2 53 293 O 30
17142 17143 2 5 24 O 30
17143 17144 2 2 8 O 20
17144 17145 2 21 115 O 20
16076 16077 2 7 38 O 30
19214 23592 2 10 51 O 10
18280 18282 1 37 203 M 20
6484 23593 1 21 112 O 20
12694 23580 2 2 9 O 10
23580 18329 2 23 125 O 20
23595 23596 2 7 34 O 20
23599 23598 2 8 43 O 20
23601 23600 2 10 50 M 20
23603 23602 2 13 67 O 20
23605 23604 2 11 56 O 10
12339 23606 2 7 36 O 10
21025 23607 2 6 28 O 30
23609 23608 2 8 41 O 10
10552 23610 2 6 30 O 30
20927 23614 2 7 36 O 30
10303 23615 2 10 50 O 20
21193 23616 2 5 26 M 10
29144 23617 2 13 71 O 30
18440 23618 2 18 97 O 20
1201 10942 2 6 31 O 20
1173 1201 1 50 276 O 20
1201 23620 1 8 40 M 20
22590 23064 1 3 13 O 30
1185 23622 1 3 12 O 30
23060 23061 1 3 12 M 30
1172 23623 1 3 12 O 20
1144 1157 1 10 55 M 30
1168 1170 1 5 26 O 10
14028 14025 2 4 19 O 20
14025 13836 2 6 29 M 20
23052 22588 1 3 13 O 30
23628 1153 1 6 31 M 10
23625 1155 1 6 32 M 10
18038 8479 2 2 10 O 10
23630 20733 1 15 80 O 30
14826 20733 2 1 5 O 30
23632 23631 2 3 14 O 20
23634 23633 2 3 14 O 10
1490 23635 2 3 13 M 30
14654 23636 2 14 75 M 20
23638 23637 2 13 67 M 20
23640 23639 2 6 33 O 30
23642 23641 2 6 31 O 20
9484 11498 2 3 14 O 20
23644 23643 2 8 41 M 20
16735 23645 2 5 26 O 30
23647 23646 2 7 34 O 30
23655 23654 2 5 26 O 30
23651 23650 1 5 25 O 10
23650 23649 1 4 21 M 10
23649 23648 1 6 29 M 10
23648 23651 1 2 10 O 20
21505 16788 2 9 46 M 30
23656 1748 2 6 33 M 30
23657 1748 2 7 37 M 10
23658 23659 2 9 44 O 30
22297 23660 2 9 46 M 30
8664 8663 2 15 82 O 10
19562 8664 2 9 49 O 30
8665 19562 2 63 345 O 10
18479 23661 2 11 60 O 10
23662 23663 2 8 44 M 20
23664 20929 1 8 43 M 30
16051 14331 2 9 45 O 10
14331 14329 2 5 24 O 20
14329 14349 2 7 38 O 10
14349 16070 2 3 11 O 30
23669 23667 1 1 4 O 30
23667 23668 1 3 15 O 30
23668 23670 1 4 20 M 30
23670 23665 1 3 16 O 20
23665 23666 1 2 9 O 10
23666 23679 1 3 15 O 10
23679 23669 1 3 16 O 20
29939 14461 2 68 377 O 20
14461 22113 2 20 110 O 10
22113 14459 2 23 122 O 20
14459 14457 2 39 214 O 20
14457 22112 2 32 176 M 10
22112 22114 2 93 512 O 20
23675 23676 1 3 12 O 10
23676 23677 1 3 15 O 30
23677 23678 1 2 8 O 10
29930 1724 2 17 92 O 10
1724 29938 2 75 413 O 20
23681 23680 2 17 90 O 20
11395 23683 2 9 46 O 20
23684 5407 2 4 18 M 30
23686 23684 2 2 9 O 30
23684 23685 2 9 45 O 30
23688 23687 2 5 27 O 30
17316 17317 2 23 125 M 10
23690 23689 2 3 16 O 20
8185 23691 2 7 37 O 20
8183 23692 2 5 23 O 20
20116 23695 2 11 59 O 10
12188 23698 2 5 26 M 20
23699 23697 2 5 26 M 10
23694 23696 2 13 68 O 10
16273 23701 2 3 11 O 20
23703 23704 2 2 9 O 10
23705 23704 2 8 42 O 10
23704 23706 2 2 10 O 20
23707 23708 2 14 73 M 30
23709 23711 2 2 10 O 20
23711 23710 2 3 15 O 30
23711 23712 2 8 43 O 30
23713 23714 2 3 14 M 30
23715 23716 2 10 54 M 30
16934 23717 2 22 118 O 10
23718 23719 2 15 81 O 20
23720 23721 2 5 26 O 20
23722 23723 2 11 59 O 20
23724 23725 2 10 52 O 10
23726 23727 2 5 27 O 20
23728 23729 2 11 57 O 20
23730 23731 2 14 75 M 20
23732 23733 2 11 60 M 30
23734 23735 2 8 43 O 10
23736 23737 2 13 67 O 30
23737 23738 2 12 64 O 20
23739 23740 2 3 16 O 10
23741 23742 2 14 74 O 20
23743 23744 2 17 91 M 30
23745 23746 2 6 30 O 30
23747 23748 2 10 52 O 10
23749 23750 2 4 19 O 10
23751 23752 2 9 48 O 10
23753 23754 2 5 23 O 20
23755 23756 2 7 36 M 10
23757 23760 2 8 42 O 20
23760 23758 2 6 32 O 20
23759 23760 2 11 60 O 30
23765 23764 2 11 57 O 30
23762 23763 2 9 49 O 30
16632 23761 2 8 41 M 30
12230 23772 2 17 92 O 30
23772 23766 2 9 46 O 20
23770 23773 2 9 45 O 30
23773 23774 2 5 23 O 10
23769 23771 2 8 42 M 20
23765 23775 2 8 44 O 20
23773 23767 2 3 13 O 20
23772 23768 2 4 17 O 10
23778 23780 2 11 59 O 20
12190 23777 2 6 29 O 20
9942 23782 2 3 16 O 20
23700 23776 2 8 42 O 20
23783 23781 2 4 21 O 10
23784 23779 2 7 37 O 10
12683 23305 1 2 7 O 10
23787 23788 2 48 263 O 10
23786 23787 2 5 24 O 10
14875 23789 2 6 29 O 10
23789 23790 2 5 24 O 30
23789 23791 2 14 78 O 30
9234 23026 1 2 6 O 10
23794 23795 2 10 51 M 20
23795 23796 2 17 92 M 30
27545 15702 2 2 8 O 30
15702 23482 2 3 13 O 10
22119 21795 2 6 29 M 10
18310 22974 2 4 20 O 20
19924 23095 2 3 12 O 10
19848 20094 1 3 16 O 20
23091 20141 2 3 12 M 10
14874 19064 2 6 33 O 10
23799 23800 2 6 33 O 30
23800 23801 2 6 32 O 30
23801 23802 2 5 26 M 20
23800 23803 2 12 66 O 20
23804 3844 2 10 52 O 20
10762 23806 1 11 58 O 10
23806 23805 1 6 30 M 20
10762 23807 2 7 34 O 10
20822 10415 2 23 126 O 10
23797 14205 2 21 115 O 30
21889 23808 2 14 76 O 30
12321 23810 2 28 152 O 30
18214 25341 2 2 7 O 20
25341 26814 2 3 13 O 10
26814 23811 2 5 27 O 20
23811 23812 2 2 10 O 20
18213 23813 2 19 104 M 10
23815 23814 2 2 6 O 20
5981 18342 2 5 27 O 20
23818 23819 2 6 31 O 10
23824 18611 1 1 4 O 20
23824 23823 1 2 10 O 10
23821 23822 1 3 14 O 20
23826 23825 1 2 7 O 30
23826 18615 1 1 4 O 20
23827 23829 1 3 15 M 30
23830 11739 1 4 18 O 30
12311 21806 1 13 70 O 20
11465 18279 1 8 40 O 10
11734 23828 1 10 51 O 10
22199 8702 1 6 29 M 20
10595 23421 2 2 9 O 10
23832 23833 2 8 39 O 10
23833 23834 2 11 58 M 30
23835 23836 2 9 48 O 10
23837 23838 2 13 68 O 20
23839 20834 2 28 155 O 30
23422 10560 2 4 20 O 20
23840 1686 2 2 7 M 30
16976 23841 2 3 15 O 30
23842 5770 2 5 23 M 30
5770 23843 2 8 39 O 10
23843 5772 2 10 52 O 10
23844 26536 2 8 39 O 30
23847 23846 2 14 76 O 10
23849 23848 2 10 50 M 30
22728 20904 2 9 49 O 10
12967 4603 2 3 15 O 20
1748 97 2 8 40 M 10
97 1749 2 3 14 O 30
11767 22810 2 17 89 O 10
22810 23853 2 3 12 O 20
18289 1787 1 2 10 O 10
1787 18285 1 4 22 O 20
23854 23407 2 4 19 O 10
18989 18986 1 2 7 O 30
18989 18988 1 3 16 O 30
18988 8327 1 4 19 O 30
8327 18991 1 41 223 O 30
23855 18989 1 3 14 O 10
23855 5378 1 2 8 O 20
18975 23857 1 1 5 O 30
18975 11380 1 8 41 O 10
18986 18988 1 4 21 O 20
18986 18975 1 1 5 O 10
23859 23858 2 2 9 O 10
23858 23860 2 4 21 O 10
23864 23865 2 3 13 O 30
23119 12465 2 5 25 O 20
19272 12465 2 5 25 M 20
23864 23120 2 3 14 O 20
12465 11849 2 2 10 O 20
23120 5446 2 6 31 O 20
5446 18985 2 4 18 O 30
23862 23863 1 5 25 M 10
23122 23870 2 3 13 O 20
23871 23872 2 7 38 O 10
23117 23875 1 2 11 O 20
23128 23873 1 3 13 M 20
23873 23876 1 3 11 O 30
23875 23874 1 2 11 O 20
18277 23877 1 6 31 M 10
8789 23878 1 4 22 O 20
23878 8791 1 11 58 O 10
18277 23876 1 4 21 O 30
23116 23877 1 3 15 M 10
9248 9647 2 11 59 O 20
8534 20458 1 20 106 M 10
18043 23883 2 17 94 O 10
22724 18042 2 65 361 O 10
15201 22724 2 42 229 M 10
24341 23884 2 6 33 O 10
23885 23886 2 18 99 O 20
24347 23888 2 12 62 O 30
1373 23890 2 3 17 O 10
23894 23893 2 9 45 O 30
23893 23892 2 3 16 O 10
23897 23896 2 7 36 O 10
23898 23899 2 7 35 O 30
23900 23901 2 14 73 O 20
23902 23903 2 6 31 M 20
23905 23906 2 9 46 O 30
28603 23907 2 5 24 M 30
23908 23909 2 7 34 O 20
23910 23911 2 10 53 O 30
23912 23913 2 4 22 O 20
23914 23913 2 1 5 O 10
23913 23915 2 2 7 O 10
23916 23917 2 6 32 O 30
23918 23919 2 6 31 M 10
23921 23922 2 7 36 O 10
23923 28988 2 28 152 O 10
3199 19899 2 20 111 O 10
19899 2130 2 4 19 O 30
23924 23925 2 4 19 O 10
23926 23927 2 15 80 O 10
23929 14844 2 10 51 O 30
18695 15342 2 2 10 O 20
23930 23931 2 13 67 M 10
21045 23932 2 6 30 O 10
23938 14504 1 15 80 O 20
17822 17853 2 3 16 O 10
17853 17852 2 4 17 O 10
17852 17851 2 3 16 O 20
17851 17850 2 3 15 O 10
17850 17848 2 3 16 O 20
17848 19227 2 3 16 O 10
11775 25739 2 3 14 O 20
25739 25742 2 3 16 O 20
25742 25744 2 3 16 O 30
25744 25746 2 3 16 O 10
25746 25748 2 3 16 O 20
25748 25750 2 3 16 M 10
25750 25752 2 3 16 O 30
25752 25753 2 3 16 O 30
25753 1882 2 3 11 M 10
17847 18348 2 4 17 O 10
18348 17844 2 4 17 O 30
17844 17845 2 4 17 M 30
17845 17846 2 4 17 O 30
17846 17835 2 3 17 O 20
23940 23941 2 15 82 M 30
21985 23942 2 4 17 O 30
23942 23943 2 15 78 O 10
23944 23942 2 4 19 O 30
23945 23946 2 9 48 O 10
23947 23948 2 9 45 O 10
21984 23949 2 13 72 O 10
23952 23953 2 12 64 O 20
23954 23955 2 8 39 M 10
23956 23957 2 4 20 M 30
23958 23959 2 7 35 O 20
23960 23961 2 2 9 O 30
23962 23963 2 4 22 O 30
23950 23951 2 4 22 O 10
23965 23966 2 13 70 O 20
23967 23968 2 4 20 O 20
23969 23970 2 10 51 O 10
23971 23972 2 11 56 O 20
23973 23974 2 14 74 O 20
23975 23979 2 9 48 M 20
23979 23976 2 3 15 M 30
23977 23978 2 6 32 M 30
23979 23980 2 4 20 O 20
23964 23982 2 5 23 M 10
23983 23984 2 7 36 O 10
23985 23920 2 5 27 O 10
23986 23987 2 10 50 M 20
23988 23989 2 6 32 O 10
23981 23245 2 3 11 O 20
16946 23981 2 2 8 O 30
23991 23990 2 6 32 M 10
23998 23999 2 9 49 O 30
9283 24000 2 3 14 O 10
23992 24001 2 5 28 O 30
24003 24005 2 7 37 O 30
24005 24004 2 3 13 O 30
24005 24006 2 6 31 O 20
24007 16183 2 9 48 O 30
24008 24009 2 6 29 M 20
9196 23995 2 7 38 O 20
23996 23997 2 3 16 O 30
24019 24020 2 6 30 O 30
24021 24020 2 4 18 O 30
24020 24022 2 3 11 O 20
24023 24286 2 4 22 O 20
24286 24024 2 11 57 M 10
24025 24164 2 3 12 O 10
24164 24026 2 5 24 O 10
24027 24028 2 7 34 M 10
24029 24030 2 4 21 M 20
24031 24032 2 7 35 O 10
24010 24011 2 4 22 O 20
24011 24012 2 4 18 O 10
24013 24014 2 5 25 O 20
24015 24016 2 6 31 M 10
24017 24018 2 9 46 O 30
24033 24035 2 25 138 O 20
24035 9336 2 26 144 O 20
24034 24035 2 22 119 O 30
18420 24036 2 20 106 O 10
24037 11479 2 13 68 O 20
18593 24038 2 17 89 O 30
24039 23993 2 14 77 O 10
24040 24041 2 3 15 M 20
24042 24043 2 5 25 O 20
24044 24045 2 6 31 O 30
24046 24047 2 5 26 O 10
24048 24049 2 7 39 O 10
24050 24051 2 4 19 O 30
24052 24053 2 4 19 O 10
24054 24053 2 6 29 O 10
24053 24055 2 3 17 O 30
24056 24057 2 6 32 O 20
24058 24060 2 16 88 O 30
24060 24059 2 17 93 O 20
24060 24617 2 21 114 O 30
24062 24063 2 5 24 O 10
24064 24063 2 6 32 O 30
24063 24065 2 4 19 O 30
24066 24067 2 7 38 O 20
24068 24069 2 7 36 O 20
24061 24070 2 7 37 O 10
24071 24073 2 5 23 O 10
24073 24072 2 10 52 O 20
24073 24074 2 6 31 M 10
24075 24076 2 6 28 O 10
24076 24077 2 5 23 O 30
21085 24078 1 13 72 M 30
22073 24078 2 10 56 O 10
8431 16825 1 13 72 M 30
8601 8603 2 3 12 O 30
24082 24083 2 7 35 O 20
24084 24085 2 3 14 O 10
24086 24087 2 6 33 M 20
24089 24090 2 5 26 O 30
24091 24092 2 3 13 O 20
24093 24094 2 4 17 O 30
24095 24096 2 5 25 O 10
24097 24098 2 4 18 O 10
24099 24100 2 4 18 O 20
24104 24105 2 6 31 O 30
24106 24107 2 6 30 O 10
24108 24109 2 4 19 M 10
24110 24111 2 4 21 O 30
24112 24113 2 6 32 O 20
24114 24127 2 2 9 O 20
24127 24115 2 4 18 M 20
24116 24117 2 4 21 O 10
24118 24119 2 3 13 O 10
24101 24102 2 16 88 M 10
24103 24120 2 8 44 O 30
24121 24122 2 5 24 O 10
24123 24124 2 3 16 O 20
24125 24126 2 3 14 M 30
24126 9308 2 3 12 O 10
24127 24128 2 3 13 O 10
16188 24129 2 6 30 O 20
24130 24131 2 3 14 O 10
24132 24133 2 7 34 O 10
24134 24135 2 4 19 M 10
24136 24137 2 3 15 O 20
24138 24139 2 5 26 M 20
24140 23993 2 6 33 M 10
24141 24142 2 7 34 M 10
24143 24144 2 3 15 O 10
24145 24146 2 6 32 O 20
23994 24147 2 4 17 O 30
24148 24149 2 2 9 O 20
24150 24152 2 3 14 O 20
24152 24151 2 2 7 O 10
24152 24153 2 3 12 O 30
24154 24155 2 7 36 M 10
24156 24157 2 5 25 O 20
24158 24159 2 11 60 O 20
23934 24642 2 12 66 O 20
24160 24161 2 4 18 O 20
24162 24163 2 6 31 O 30
24164 24165 2 3 16 M 20
24166 24167 2 6 28 O 30
24168 24169 2 3 16 O 10
24170 24171 2 6 30 M 10
24172 24173 2 4 18 O 30
24174 24175 2 3 13 O 20
24176 24177 2 4 17 O 30
21860 24178 2 4 17 O 20
24179 24180 2 4 20 M 20
24181 24182 2 4 19 O 30
24183 24184 2 6 32 O 10
24185 24186 2 5 25 O 10
24187 24188 2 5 25 O 20
24189 24190 2 4 17 O 30
24191 24192 2 4 19 O 30
24193 24011 2 4 21 O 10
24194 24196 2 3 12 O 10
24196 24195 2 2 6 O 10
24196 24197 2 3 13 O 30
24198 24199 2 2 9 O 30
24200 24201 2 12 66 O 10
24202 24203 2 6 33 O 20
24204 24205 2 4 20 O 10
24206 23318 2 3 13 O 10
24207 24208 2 2 10 O 20
24209 24210 2 4 21 M 30
24210 24211 2 2 6 M 20
24212 12957 2 3 13 O 10
24214 24213 2 9 49 O 30
24216 24215 2 4 21 M 30
24218 24215 2 13 67 M 10
24215 24217 2 5 26 M 20
24222 24219 2 3 14 O 30
24219 24221 2 20 108 O 30
24221 24220 2 8 42 O 10
24220 24219 2 13 67 O 20
24224 24223 2 14 77 O 30
24226 24227 2 13 72 O 30
24227 24225 2 6 31 O 30
24228 24227 2 22 122 O 30
24233 24232 2 21 112 O 30
24232 24223 2 1 5 O 20
24223 24229 2 7 37 O 20
24229 24231 2 23 125 O 20
24231 24230 2 15 79 O 20
24230 24229 2 14 76 O 10
22989 26916 1 12 62 O 30
24235 24236 2 4 22 O 10
24237 24238 2 5 27 O 20
24239 24240 2 5 23 O 10
24241 24242 2 3 13 M 20
24243 24244 2 3 13 M 30
24245 24246 2 7 35 O 10
24255 24256 2 7 38 M 20
24257 24258 2 9 46 O 20
24259 24260 2 8 40 O 30
24261 24262 2 5 22 O 20
24263 24264 2 3 14 O 10
24265 24266 2 6 28 O 10
24267 24268 2 4 21 M 30
24269 24270 2 5 24 M 10
24271 24272 2 4 20 O 20
24273 24274 2 8 43 M 20
24275 24276 2 4 22 O 20
24277 24278 2 4 17 M 10
24279 24280 2 4 21 O 20
24281 24282 2 2 10 O 30
24283 24284 2 2 10 O 20
24285 24288 2 7 39 M 20
24289 24290 2 2 9 O 30
24291 24292 2 4 21 M 10
24293 24294 2 5 28 M 20
24247 24248 2 4 22 O 30
24248 24249 2 1 5 O 20
24250 24248 2 2 6 M 10
24286 24287 2 3 12 O 30
24295 24296 2 5 24 M 30
24297 24298 2 4 21 O 20
24299 24300 2 3 14 M 20
24301 24302 2 4 20 O 20
24303 24304 2 5 27 O 30
24305 24306 2 2 10 O 20
24307 24308 2 4 22 O 30
24309 24310 2 5 23 O 20
24311 24312 2 5 23 O 30
24313 24314 2 5 23 O 10
24315 24316 2 4 17 O 30
24317 24318 2 5 26 O 20
24251 24252 2 5 24 O 10
24253 24254 2 3 13 M 20
29004 2567 2 6 30 O 20
2567 24319 2 2 8 O 30
2567 24320 2 9 49 O 20
10079 9054 1 6 31 O 30
10079 24321 1 5 25 O 10
24323 24322 1 8 43 O 30
8627 8628 1 7 37 O 30
8628 10079 1 1 6 M 10
24321 10080 1 3 16 M 20
10080 8629 1 6 33 O 20
14723 24325 2 6 30 O 20
24326 24327 2 3 16 O 20
14725 24328 2 6 28 O 30
24329 24330 2 3 15 O 30
14724 24331 2 7 38 O 30
28373 1242 1 9 45 O 10
12323 22645 1 1 1 M 20
8439 24336 1 4 17 O 10
24336 12323 1 2 7 O 30
24334 8626 2 2 6 M 10
24348 24351 2 3 13 O 10
24351 24349 2 2 7 M 10
24350 24351 2 3 13 O 30
24352 24353 2 3 12 O 30
24354 24355 2 3 13 M 30
24356 24357 2 4 20 M 20
24358 24359 2 4 20 O 20
24360 24361 2 5 27 O 20
24362 24363 2 4 21 O 10
19460 24370 2 5 27 M 30
15035 24372 2 6 32 M 20
15034 15035 2 4 20 O 30
19784 24373 2 53 292 M 30
24373 9967 2 5 25 O 30
24373 15036 2 16 88 O 10
24371 24384 2 8 40 O 30
24384 24382 2 3 15 O 20
24382 24374 2 3 15 O 10
24374 24377 2 3 15 O 10
24377 24376 2 3 15 M 20
24376 24375 2 10 52 O 10
24376 24379 2 7 39 O 20
24377 24380 2 7 39 M 10
24380 24378 2 8 40 M 20
24375 24379 2 4 18 M 20
24379 24380 2 3 15 O 20
24374 24381 2 14 74 O 30
24382 24383 2 11 58 O 20
24384 24385 2 8 43 O 30
28450 24384 2 6 29 O 10
9026 22751 2 3 14 O 10
22751 9363 2 1 3 O 30
9363 9014 2 2 7 O 30
18342 23176 1 1 4 O 20
24390 5981 2 5 26 O 30
5427 5426 1 8 43 O 20
5423 5427 1 7 35 O 20
5426 5428 1 6 30 O 10
5428 5424 1 3 13 O 30
5425 5423 1 3 16 O 10
16218 12218 1 9 47 O 20
11738 23820 1 6 32 M 30
27927 24396 2 15 83 M 20
24396 24395 2 16 86 O 10
13382 27971 2 6 30 O 10
27971 24399 2 3 14 O 20
24404 24403 2 11 57 O 20
24402 24404 2 3 15 O 10
24404 24405 2 7 38 O 10
19516 12292 2 7 34 M 10
12292 12291 2 32 177 O 30
24407 24406 2 4 21 M 30
22282 25351 2 4 19 O 30
24411 24412 2 13 71 O 10
24413 24414 2 14 75 O 20
29068 24415 2 4 19 O 20
24416 24417 2 8 39 O 30
24422 24420 2 5 27 O 10
21076 24422 2 22 121 O 20
24422 24421 2 11 57 O 30
24424 24423 2 8 39 M 30
19396 24424 2 13 68 M 30
24424 24425 2 5 24 O 20
24429 24427 2 7 38 M 20
24429 24426 2 6 31 M 20
23850 7871 2 5 24 M 10
7871 24429 2 5 23 O 20
24429 24428 2 11 60 O 10
24419 24430 2 19 103 O 20
24435 24434 2 9 46 O 20
24438 24436 2 6 32 O 20
6448 24438 2 7 35 O 20
24438 24437 2 10 55 O 10
24439 24440 2 4 17 O 20
24441 24442 2 4 21 O 10
24443 24444 2 5 23 O 10
24445 24446 2 3 15 M 10
24447 24448 2 7 34 M 10
24449 24450 2 8 40 O 10
24451 24452 2 5 23 O 20
24453 24454 2 3 13 M 10
24455 24456 2 4 22 O 20
24457 24458 2 6 32 O 10
27660 27661 2 5 23 O 10
27661 24460 2 10 55 O 30
24461 24462 2 7 34 O 10
24463 24464 2 7 37 M 20
24468 3698 2 10 50 O 30
22829 4146 2 5 27 O 20
4146 22952 2 2 7 O 20
24468 22829 2 3 12 M 10
24468 12501 2 3 12 O 10
22826 18245 2 3 13 O 20
22924 22826 2 6 30 O 10
22923 22924 2 4 19 O 30
24469 23315 2 7 38 O 20
4319 4327 2 11 59 O 10
24470 24471 2 7 38 O 20
24472 24473 2 19 102 M 30
10685 10687 2 16 89 M 20
23445 24733 2 5 24 O 30
24733 589 2 1 3 O 10
18223 23086 1 4 18 O 10
24478 17110 1 12 67 O 20
15000 14694 1 15 79 O 20
15001 12818 1 13 72 O 20
9695 30270 2 2 9 O 20
30270 9696 2 2 9 O 20
9696 9697 2 7 34 O 10
21558 24481 1 5 23 O 10
24483 24484 1 1 5 M 30
24484 11049 1 3 13 O 30
11049 24480 1 1 5 O 30
8554 24488 2 6 32 O 30
24493 24492 2 8 40 O 20
24495 24494 2 5 23 O 20
24497 24496 2 6 29 O 10
24499 24498 2 3 16 O 30
24501 24500 2 3 14 O 10
24502 21865 2 4 22 O 30
24506 24505 2 5 25 O 10
24507 10984 2 8 43 O 20
10983 24507 2 4 18 O 20
24507 24508 2 3 16 O 20
24510 24509 2 7 34 O 10
24504 24503 2 5 23 O 10
24517 24507 2 5 26 O 10
24516 24515 2 6 33 O 30
24514 24513 2 6 32 M 10
24512 24511 2 5 24 O 20
24524 24525 2 16 87 O 10
16505 24519 2 13 68 O 20
24521 24520 2 13 70 O 30
24523 24522 2 7 37 O 30
24527 24526 2 9 49 O 20
24530 24528 2 4 18 O 20
24532 24531 2 9 45 O 20
24534 24533 2 7 36 O 10
24536 24535 2 6 32 O 20
24538 24537 2 11 60 O 30
10986 24539 2 5 26 O 30
24541 24540 2 11 56 O 30
24543 24542 2 9 46 M 20
24545 24544 2 8 44 O 30
24547 24546 2 6 28 M 10
24548 24550 2 6 32 O 10
24550 24549 2 17 93 O 30
24550 24551 2 6 31 O 20
8422 24552 2 5 24 O 10
24553 257 2 14 73 O 30
257 24554 2 7 37 M 20
24554 24555 2 3 15 O 30
24555 257 2 5 24 O 30
24556 24557 2 5 26 M 10
24558 24559 2 18 98 M 30
12983 24559 2 4 20 M 20
24559 24560 2 2 11 O 30
11425 21910 2 12 65 O 10
21910 561 2 5 27 M 30
561 14261 2 2 6 O 30
23225 8784 2 3 14 M 10
16662 14490 1 12 66 O 10
14490 21424 1 3 12 M 30
8679 21424 2 3 14 O 20
18972 11604 2 3 14 O 10
18971 11604 2 3 13 M 10
21631 20751 2 3 11 O 20
23221 18528 2 13 68 O 10
21631 20750 2 3 14 O 20
11242 11241 2 7 37 O 20
24562 9760 2 3 11 O 10
22488 24563 2 2 9 O 20
22486 24565 2 8 40 M 30
24566 22486 2 2 6 O 30
24566 23252 1 24 130 O 30
22487 18316 2 2 11 O 30
22168 24566 1 20 108 O 20
24567 18316 1 17 91 M 10
24574 18345 2 11 56 O 20
21770 19663 2 5 25 O 30
19664 18346 1 42 231 M 20
19663 18345 2 3 12 M 10
24572 24573 2 4 21 O 10
22602 24568 2 12 64 M 20
24568 22603 2 2 6 M 10
24568 24571 2 11 56 O 20
24569 24573 2 5 23 O 20
24573 24570 2 2 9 O 30
24576 24577 2 5 25 M 10
24578 24579 2 3 15 O 10
24580 24581 2 5 22 O 20
24582 24583 2 7 38 O 10
24584 19852 2 4 19 O 30
19852 28032 2 13 70 O 30
26363 9020 2 5 26 O 20
23031 24476 1 8 41 O 10
24476 24475 2 2 9 O 20
19739 24476 2 2 10 O 10
19145 24590 2 4 17 O 30
24590 24587 2 6 30 O 10
24587 24588 2 15 78 O 20
24588 19146 2 5 24 O 30
24588 24589 2 9 48 M 30
24590 24591 2 7 35 O 20
24593 24594 2 9 48 O 10
24595 24596 2 10 53 O 10
24592 24597 2 4 19 O 20
24598 24599 2 5 24 M 20
24600 24601 2 13 67 O 10
24602 24603 2 7 37 O 30
24604 24605 2 9 46 O 10
24607 24608 2 2 10 O 10
24609 24610 2 10 50 O 10
24611 24613 2 6 30 M 20
24613 24612 2 2 7 O 10
24613 24614 2 6 28 M 10
24615 24616 2 8 41 M 10
24619 24620 2 12 64 O 20
19362 23417 2 2 10 O 20
24621 12990 1 7 34 O 30
21081 21082 2 13 71 O 10
24624 18940 1 10 52 M 30
12489 5529 1 21 113 O 30
24625 8438 1 27 145 O 20
24626 18303 1 20 111 O 30
24627 9617 1 6 28 O 10
24628 24629 2 2 8 O 30
24630 24631 2 8 43 O 10
24632 24633 2 8 41 O 20
24634 24635 2 7 35 O 10
24636 24637 2 3 11 M 10
24638 24639 2 6 29 O 20
10230 24640 2 6 28 O 20
9548 24641 2 28 153 O 30
24644 24642 2 26 143 O 30
24642 24643 2 28 155 O 30
24643 24644 2 2 7 O 10
24644 14701 2 2 9 M 30
21046 24645 2 9 50 O 20
30088 24646 2 4 19 O 20
8436 22863 2 4 19 O 30
8436 23044 2 4 17 O 20
22862 8436 1 22 120 O 20
8437 16999 1 21 113 O 30
19256 18301 1 21 112 O 10
18302 19257 1 15 80 O 10
9947 18302 1 32 177 O 30
22696 9450 2 2 11 O 30
18302 23043 2 3 12 O 10
18253 15642 1 7 36 M 20
15642 12453 1 4 20 O 20
12453 23015 1 9 47 O 20
20903 27817 1 11 58 O 10
27817 27818 1 6 30 M 30
27818 22840 1 1 6 O 30
24649 8435 2 12 66 M 10
23094 19889 1 3 12 O 30
19889 23092 1 3 12 O 30
23094 23429 2 4 17 O 10
23093 18293 2 3 12 O 10
18293 19889 2 2 10 O 20
19889 23096 2 3 12 M 30
24650 19924 2 13 68 M 30
8435 23089 1 3 14 M 10
23135 9702 2 2 10 O 30
20295 23135 2 2 9 O 10
18695 24656 2 5 28 M 30
14107 24657 2 15 79 M 20
21401 16334 2 3 13 O 30
16334 8424 2 9 49 O 20
24658 16937 2 10 54 O 30
13369 8425 2 6 30 M 10
20658 17996 2 1 5 M 10
8425 16941 2 2 7 M 20
22642 12820 1 1 5 O 10
8544 6129 2 7 34 O 30
6129 28481 2 1 3 O 10
28481 24666 2 5 26 O 30
24667 8539 2 7 37 O 30
18697 18696 2 3 12 M 20
12825 29184 2 6 31 O 10
29184 29180 2 7 38 O 30
29180 8542 2 8 41 O 10
8542 28823 2 9 45 O 30
28823 28828 2 10 51 O 10
28828 18697 2 6 31 O 20
8423 19062 2 10 52 O 10
30181 17106 2 168 930 O 10
25810 14590 2 49 269 O 10
16308 24668 2 13 68 O 30
24669 24670 1 23 128 O 10
24618 24671 2 6 31 M 30
24671 24669 2 12 62 O 10
24672 24674 2 7 36 O 20
24674 24673 2 5 23 O 30
24674 24675 2 4 20 M 10
24676 24677 2 6 29 M 10
24678 24679 2 5 27 O 10
24683 24684 2 28 155 O 20
24685 24672 2 6 31 O 10
24686 24687 2 9 49 O 10
24688 24689 2 9 49 O 20
24689 16061 2 8 43 O 20
24689 24690 2 5 26 O 10
24691 24692 2 7 35 O 20
24693 24696 2 4 19 O 10
24696 24694 2 4 18 O 10
24695 24696 2 5 26 O 10
24697 24700 2 8 43 O 30
24700 24698 2 7 39 O 20
24699 24700 2 4 18 O 20
24701 24702 2 20 109 O 20
24703 24704 2 10 51 O 10
8527 18951 2 11 60 M 30
8526 12822 2 7 33 O 30
18951 24705 2 13 70 O 30
24705 8526 2 3 13 O 20
11768 24705 1 13 67 M 10
12822 24706 1 9 47 O 20
8526 24706 1 5 27 M 20
24706 11768 1 8 40 O 10
19620 24707 2 3 13 O 30
24709 24708 2 3 12 O 10
19619 24710 2 3 13 O 10
9835 18952 1 13 70 O 30
24713 24712 1 5 24 M 30
24712 9835 1 8 44 M 30
10438 7200 1 9 45 M 20
7200 7201 1 2 9 O 10
24714 24715 2 4 20 M 30
24716 24717 2 9 45 O 30
24722 24721 2 18 97 O 30
8051 24722 2 2 7 O 30
24722 8050 2 15 78 O 10
24720 24719 2 21 111 M 10
24725 24726 2 22 119 O 10
24731 24730 2 4 17 O 30
24733 24732 2 7 34 O 10
23245 23966 2 5 24 O 10
23966 24735 2 3 15 O 10
24736 13013 2 10 54 O 30
1017 24737 2 4 20 O 30
12808 1032 2 4 22 O 20
1032 1030 2 3 12 O 30
1030 1028 2 2 6 O 30
1028 1026 2 6 31 M 30
1026 1023 2 7 35 O 20
1023 10912 2 5 26 O 20
22303 23391 2 2 10 O 20
24740 8464 2 6 31 M 10
8464 24742 2 8 41 O 30
24742 24743 2 4 18 M 10
8463 24740 2 11 60 O 30
24741 25021 2 2 6 M 10
25021 25019 2 4 18 O 10
25019 8463 2 6 29 O 30
14318 13013 2 1 1 O 10
24744 24745 2 12 66 O 10
24746 24747 2 4 22 O 30
24748 24749 2 5 23 O 30
24746 24750 2 8 41 O 30
24751 24752 2 3 17 O 10
24753 24754 2 6 29 O 30
10992 24755 2 8 39 O 20
24756 24757 2 7 34 M 10
24757 24758 2 2 6 O 30
24757 24759 2 4 18 O 30
19499 24760 2 12 65 O 10
24761 24762 2 7 35 O 30
24763 24764 2 5 27 O 30
24765 24766 2 3 15 O 10
24777 24779 2 1 3 O 30
24779 24763 2 3 13 M 10
24778 24779 2 2 9 O 10
24780 24781 2 4 18 O 20
24782 24783 2 5 26 O 30
24784 24785 2 8 39 M 10
24786 24787 2 7 36 O 10
24788 24822 2 4 22 O 10
24822 24789 2 13 68 O 10
24790 24791 2 6 33 O 30
24792 24793 2 7 36 O 20
24794 24797 2 3 15 O 10
24797 24799 2 4 17 O 20
24799 24801 2 4 17 O 30
24801 24795 2 12 65 O 30
24796 24797 2 3 15 O 20
24798 24799 2 3 15 O 30
24800 24801 2 3 13 O 20
9587 24767 2 12 67 M 30
247 252 2 4 21 O 20
252 254 2 3 15 O 30
254 256 2 3 13 M 30
256 24768 2 7 39 O 20
18358 9590 2 3 15 O 20
9590 24770 2 2 8 M 20
24770 24769 2 4 17 M 10
24769 8056 2 14 75 O 10
8056 260 2 7 39 O 10
260 24949 2 9 49 O 10
18360 24772 2 3 16 O 20
24772 24771 2 10 53 O 10
9178 247 2 2 7 O 10
247 18359 2 3 14 M 20
24718 9178 1 3 13 O 10
9178 24773 1 2 9 O 30
24773 24718 1 1 5 O 20
8422 24775 2 9 45 O 10
24776 18357 2 1 5 O 30
24776 24774 1 3 12 O 20
24774 24775 1 2 8 O 30
24802 24803 2 3 16 M 20
24804 24805 2 5 23 O 10
24806 24807 2 5 24 O 20
24808 24809 2 4 22 O 20
24810 24811 2 12 66 O 30
24812 24813 2 2 9 O 10
24814 24815 2 5 24 M 10
24816 24817 2 3 16 M 10
24818 24819 2 10 55 M 10
24820 24821 2 4 19 M 10
24822 24823 2 2 9 M 20
24825 24826 2 5 23 M 10
24827 24828 2 6 29 O 30
24829 24830 2 7 36 O 30
24831 24832 2 6 29 O 20
24833 24834 2 6 29 O 30
11064 11063 2 8 43 M 20
24835 11061 2 6 30 O 30
24836 24837 2 13 71 O 30
24838 24839 2 10 54 O 30
24840 24841 2 6 29 O 10
24842 24843 2 6 31 M 20
24845 24846 2 4 21 O 10
24846 24847 2 4 17 O 20
24846 24848 2 3 14 O 30
24849 24850 2 10 56 O 30
24851 24852 2 12 65 O 20
10240 10260 2 7 37 O 20
24853 24854 2 5 27 M 30
24855 24856 2 8 43 M 30
24857 24858 2 9 46 O 10
24859 24860 2 6 31 O 30
24861 24863 2 3 12 M 10
24863 24862 2 4 20 O 30
24863 24864 2 3 13 M 10
24866 24867 2 5 27 O 10
24868 24869 2 4 18 O 30
24870 24871 2 4 20 O 30
24872 24873 2 9 47 M 30
24874 24875 2 5 25 O 20
24876 24877 2 6 31 O 10
24878 24879 2 18 95 M 20
24880 24881 2 14 77 O 20
24882 24883 2 4 20 O 10
18441 24884 2 10 53 O 30
24885 24886 2 10 52 O 10
24887 24888 2 8 42 O 10
24889 24890 2 6 33 O 30
14879 14880 2 11 60 O 10
23339 24891 2 5 25 O 10
10637 24892 2 4 21 O 30
10638 29898 2 5 25 O 20
24893 24894 2 6 30 O 10
24894 24895 2 4 19 M 20
24894 6045 2 13 70 M 30
24897 24898 2 4 22 O 30
24899 24900 2 6 33 O 10
24901 24902 2 4 20 O 20
24903 24904 2 5 26 O 30
24905 24906 2 6 31 O 30
24907 24909 2 5 23 M 10
24909 24908 2 2 9 O 20
24909 24910 2 2 10 O 30
24911 24912 2 4 19 M 10
14336 24913 2 5 23 O 10
24915 24914 2 4 18 M 20
24916 24917 2 5 26 O 30
24918 24920 2 3 13 O 30
24920 24919 2 5 25 O 30
24920 24921 2 14 75 O 10
24922 24923 2 6 30 O 20
24924 24925 2 9 45 O 30
24926 24927 2 7 35 M 20
24929 18103 2 12 65 O 10
23034 16930 2 10 53 M 20
16930 9162 2 19 100 O 10
9162 24982 2 10 53 O 30
24982 9159 2 14 77 M 10
9085 13370 2 6 32 M 10
24931 24932 2 8 42 O 30
22877 24933 2 9 46 O 20
24934 24935 2 9 45 O 10
24936 24937 2 19 106 M 20
24938 14691 2 5 27 O 10
24942 24943 2 3 13 O 20
24943 24944 2 6 31 O 30
24943 24945 2 6 30 O 20
24946 29889 2 8 40 O 10
22644 24466 1 2 10 M 30
12325 12326 1 3 15 O 30
24951 259 2 6 28 O 20
259 24950 2 9 49 O 20
9159 24981 2 5 22 M 10
24969 24982 2 4 18 O 30
24977 24952 2 4 20 O 10
24976 24953 2 4 20 O 10
24975 24954 2 4 19 O 20
24978 24980 2 9 46 O 20
24957 24955 2 9 49 O 20
24956 24957 2 15 78 O 20
24983 26090 2 10 55 M 20
26090 24967 2 1 3 M 30
24959 24958 2 9 48 O 30
24961 24960 2 9 48 O 20
24964 24959 2 4 21 M 20
24959 24961 2 4 18 O 20
24961 24963 2 4 17 O 10
24968 24967 2 13 70 M 20
24970 24968 2 5 25 O 20
24968 24969 2 14 76 O 20
24973 24971 2 6 29 O 30
24974 24972 2 6 33 O 30
24981 24980 2 10 54 O 20
24980 24979 2 1 5 M 30
24979 24978 2 4 19 O 30
24978 24977 2 5 22 O 30
24977 24976 2 1 2 O 30
24976 24975 2 9 47 O 10
24975 24974 2 2 11 O 30
24974 24973 2 9 45 O 10
24981 24966 2 12 64 O 10
24966 24957 2 3 14 M 30
24957 30271 2 1 3 M 20
30271 24956 2 1 3 O 20
24956 24983 2 13 68 O 20
24983 24965 2 6 31 O 30
24965 24970 2 1 4 O 10
24970 24958 2 4 17 M 30
24958 24960 2 4 18 O 30
24960 24969 2 2 9 O 30
9159 16665 2 9 49 O 30
16665 22853 2 11 57 M 30
24985 24984 2 12 63 O 10
24987 24986 2 16 84 O 10
25109 16933 2 2 8 O 20
24990 24989 2 6 29 O 30
24992 24991 2 9 49 O 20
24991 16681 2 2 10 O 10
23558 25206 2 2 11 O 30
25206 26178 2 3 11 O 10
26178 25209 2 1 5 O 10
25209 25204 2 2 8 O 10
25204 16682 2 18 96 O 20
24994 24993 2 13 68 O 30
23559 23207 2 4 19 M 20
23207 23558 2 13 70 O 10
23558 24997 2 14 77 O 30
24999 24998 2 10 51 O 30
25000 25001 2 4 18 M 20
12061 25002 2 10 55 O 20
25003 25004 2 20 108 O 30
22941 28177 2 1 4 M 20
28177 25005 2 9 48 O 30
25005 30272 2 4 19 O 10
30272 28177 2 4 19 O 30
16041 25007 2 23 124 O 20
21162 25008 2 9 46 M 10
25009 25010 2 15 81 O 20
25014 25015 2 2 10 M 20
12970 17342 2 3 12 O 30
25013 25012 2 11 58 O 20
25017 25016 2 3 11 O 10
25019 25018 2 3 14 O 30
25021 25020 2 3 13 O 30
25024 25023 2 3 14 O 10
25026 25025 2 2 10 O 30
25034 25033 2 2 10 M 30
24966 24964 2 3 13 O 30
24964 24965 2 9 48 O 20
25035 25036 2 3 12 O 30
25038 25039 2 5 27 O 20
25041 25042 2 2 11 O 30
25043 25044 2 3 14 O 30
25045 25046 2 3 14 O 20
17598 25047 2 3 11 O 30
25048 25049 2 3 14 M 10
25049 25050 2 6 30 M 20
25051 25052 2 4 21 O 20
25053 25054 2 5 28 M 20
25055 25056 2 4 19 O 10
25057 25056 2 2 10 O 20
25056 25058 2 2 11 O 10
25059 25060 2 2 11 O 10
17600 25061 2 7 38 O 30
16320 25062 2 10 53 O 20
25066 25064 2 4 20 O 20
25064 25065 2 7 39 O 10
24896 25067 2 6 33 O 10
25068 24724 2 7 34 O 20
25069 10287 2 20 106 O 10
25070 25071 2 9 49 M 10
25072 25073 2 8 39 O 10
25075 25074 2 9 45 O 30
25077 25076 2 7 38 O 10
25078 25079 2 7 37 M 30
16169 25080 2 8 44 O 30
16929 25081 2 4 19 O 10
9075 13376 2 3 13 O 20
13376 11451 2 3 12 O 30
25083 25082 2 5 27 O 10
25086 25085 2 4 22 O 10
9321 9093 1 3 13 O 10
8533 24659 2 8 41 O 10
8533 25087 1 8 42 O 10
22800 26216 2 3 12 O 20
26216 26214 2 4 22 M 10
26214 21463 2 3 14 O 20
21463 9156 2 4 17 O 30
22371 22368 2 4 20 O 20
9094 22369 2 3 15 O 20
25089 25088 2 4 18 O 20
25088 25091 2 42 228 M 10
25094 25093 2 5 26 M 30
25097 25095 2 4 20 O 10
25098 25097 2 2 7 O 20
25097 25096 2 4 21 M 20
25100 25098 2 5 24 O 20
25098 25099 2 4 18 O 10
25104 25103 2 3 13 M 10
25103 25101 2 8 39 M 30
8532 14948 2 7 39 O 10
22799 26606 2 3 16 O 30
26606 8533 2 11 59 O 10
25107 25108 2 17 92 M 30
24988 25109 2 2 8 M 10
8853 8532 2 12 65 O 20
11479 4374 2 2 10 M 20
24928 25113 2 5 26 O 30
20181 14953 2 1 5 O 30
14953 23034 2 1 5 O 10
23394 23304 2 2 9 O 30
22853 23394 2 2 6 O 20
25120 25121 2 15 83 O 20
15460 25163 2 14 76 M 20
25163 12835 2 2 7 O 10
25126 25127 2 10 50 M 10
25128 25129 2 10 54 O 10
25130 25131 2 4 22 O 30
25127 25133 2 5 24 M 30
25133 25132 2 9 49 O 30
25133 25134 2 8 43 O 20
25135 25136 2 7 34 M 30
25137 25139 2 11 60 O 20
25139 25138 2 5 26 O 20
25139 25140 2 4 18 O 10
25141 25143 2 3 12 O 20
25143 25145 2 11 61 O 20
25145 25149 2 4 18 M 30
25149 25142 2 5 26 O 10
25143 25144 2 11 56 M 10
25145 25146 2 8 41 O 30
25148 25146 2 2 8 O 10
25146 25147 2 2 11 O 20
25147 25148 2 3 11 O 10
25149 25150 2 4 18 O 30
25151 25153 2 5 26 O 30
25153 25152 2 10 52 O 10
25153 25184 2 4 18 O 30
25184 6353 2 3 17 O 10
25154 25156 2 4 21 O 30
25156 25155 2 7 38 O 20
25156 25176 2 1 5 O 10
25176 25157 2 11 58 O 20
25158 20857 2 6 31 O 30
20858 15460 2 6 30 O 10
15460 25127 2 11 58 O 30
25127 25131 2 4 19 O 30
25131 25160 2 6 32 O 20
25160 15461 2 2 10 O 30
15461 12834 2 7 35 O 20
25122 25123 2 6 29 O 20
25159 25160 2 5 27 O 30
25161 25162 2 5 25 M 30
25163 25164 2 5 25 M 30
25124 25125 2 4 20 M 10
25165 25166 2 6 30 O 20
25166 25167 2 4 21 O 10
25168 25169 2 2 8 O 10
25169 25170 2 2 8 O 10
25169 25171 2 5 25 O 10
25172 25173 2 4 21 O 30
25174 25175 2 5 27 O 30
25176 25177 2 4 20 O 30
25178 25179 2 4 20 O 10
25180 25181 2 9 46 O 20
25182 25183 2 3 14 O 30
25184 25189 2 1 2 M 30
25189 25186 2 2 9 M 30
25186 25190 2 1 1 M 10
25190 25185 2 3 12 O 30
25186 25187 2 4 18 O 30
25188 25189 2 5 24 O 30
25190 25191 2 7 37 O 10
25192 25193 2 8 41 O 20
25194 25196 2 4 21 O 10
25196 25195 2 4 19 O 30
25196 25197 2 4 19 M 10
25198 25199 2 7 37 M 10
25200 25201 2 8 39 O 20
25216 9234 2 10 51 M 30
16666 813 2 4 21 O 10
25211 25202 2 6 33 O 10
23560 26506 2 12 62 O 30
25204 25203 2 11 56 M 10
25206 25205 2 10 51 O 20
25209 25207 2 2 11 O 10
25208 25207 1 10 55 O 30
25212 25211 2 3 13 M 10
25211 25210 2 8 41 O 30
23561 25213 2 23 125 O 20
19190 1966 1 2 7 M 10
12614 8855 2 12 65 O 30
814 13905 2 3 16 O 30
13905 12614 2 8 41 O 30
13926 25220 2 7 35 M 20
25220 8855 2 6 32 O 20
16671 21038 2 6 28 O 10
17471 16671 2 3 12 O 20
12547 16669 2 2 11 O 10
16669 21133 2 5 25 O 30
22854 25224 2 5 24 O 20
22633 25226 2 2 6 O 20
22635 25227 2 2 6 O 20
25228 22637 2 1 5 O 20
25233 22625 2 1 5 O 10
19820 22624 2 2 7 O 10
22631 18145 2 2 10 O 30
20049 17762 2 10 54 O 20
8616 8614 2 3 11 O 30
25236 25237 2 12 66 M 30
25238 25239 2 4 20 O 20
25241 25242 2 11 56 O 10
25243 25244 2 5 22 M 30
25245 25246 2 6 32 O 30
25247 25248 2 3 16 M 30
25249 25250 2 4 21 O 30
25251 25252 2 9 47 O 30
25253 25254 2 3 15 O 10
25255 25256 2 3 16 O 10
25257 25258 2 5 26 M 20
25259 25240 2 5 27 O 30
25260 25261 2 7 34 O 30
25262 25263 2 6 30 O 20
18762 17916 2 13 68 M 10
25266 25267 2 6 31 O 10
25268 25269 2 6 31 O 30
25271 17146 2 7 34 O 10
25272 25274 2 6 33 O 20
25274 25273 2 3 12 O 10
25274 25275 2 6 28 O 20
25276 20881 2 8 39 O 10
25277 25278 2 3 13 O 20
25279 8738 2 7 35 O 10
25280 25281 2 6 33 M 20
25282 25283 2 8 40 O 30
25284 25285 2 21 114 M 20
25286 25285 2 23 127 O 10
25285 25287 2 2 6 O 10
25288 25289 2 4 18 O 30
25289 25290 2 3 13 O 10
25293 25292 2 2 9 O 30
9810 9643 2 5 27 O 20
25299 25298 2 15 78 O 30
25301 25300 2 17 89 O 20
14832 25302 2 36 198 O 30
19812 25303 2 2 11 O 10
8478 26583 2 6 29 O 20
19189 8472 2 7 37 O 20
8474 19169 2 10 53 O 10
23185 19189 2 3 16 O 10
24564 24563 1 5 25 O 10
17915 25310 2 3 15 O 10
25311 17914 2 2 6 O 10
17914 25312 2 4 21 O 20
25313 25314 2 5 23 M 30
25315 25316 2 16 88 O 20
25270 25317 2 8 41 O 10
21380 21336 1 4 18 O 30
21336 21338 1 4 18 O 30
21338 21382 1 4 18 O 10
21382 21384 1 4 18 M 30
21384 21389 1 3 14 O 20
21325 21326 1 11 56 O 10
21325 21374 1 2 10 O 20
21387 21326 1 3 13 O 20
12412 12411 1 4 17 O 20
25318 2591 2 5 25 O 10
2592 25318 2 7 38 O 10
12397 16884 2 17 89 M 20
25321 12367 2 5 22 O 20
12367 12397 2 6 30 O 10
25324 25325 2 5 23 O 20
25326 25327 2 11 58 O 30
25332 25328 2 9 47 O 20
25330 25329 2 9 45 O 30
25331 25330 2 6 28 O 20
25319 25332 2 3 15 O 20
25332 25331 2 30 166 M 10
25334 25333 2 18 99 O 20
25319 25334 2 3 15 O 20
25334 25335 2 1 3 O 30
25335 25333 2 4 18 O 10
25333 2605 2 14 76 O 30
2605 25336 2 7 38 O 20
25336 25335 2 3 17 O 10
13604 21900 2 10 53 O 30
21888 25337 2 8 42 O 10
25337 26001 2 5 25 O 20
25339 25340 2 23 126 O 10
25341 27045 2 15 78 O 10
25345 27941 1 12 65 O 20
27941 25342 1 1 5 O 30
27956 25347 2 10 55 O 20
25347 321 2 7 37 O 10
11386 25348 2 3 13 M 30
25348 321 2 1 3 O 20
321 323 2 5 27 O 10
3123 24408 2 4 21 M 10
25353 25352 2 2 10 O 20
25356 25357 2 4 22 O 10
25358 25357 2 3 15 O 10
25357 25359 2 2 8 O 10
25360 25361 2 8 44 O 10
18486 25362 2 17 91 O 20
25363 25364 2 4 20 O 10
25365 25366 2 5 26 O 20
15940 15941 2 8 39 M 30
25367 25368 2 5 25 O 30
25369 25370 2 14 73 O 30
25371 25372 2 4 21 O 20
25373 25374 2 3 15 O 10
25375 25376 2 5 24 O 20
12110 25377 2 13 69 O 10
25354 25355 2 6 30 O 30
1687 1686 2 17 94 O 30
25378 25379 2 7 38 M 30
25378 25380 2 11 60 M 10
16419 25381 2 5 23 O 10
15466 25382 2 10 51 O 20
25388 25389 2 10 52 O 10
25390 25391 2 8 44 O 30
25392 25394 2 7 34 O 30
25394 25393 2 4 17 O 20
25394 25395 2 3 14 M 20
25386 25387 2 2 8 M 10
25396 25397 2 4 20 O 10
25398 25399 2 3 16 O 30
25383 25384 2 4 19 O 20
25401 25400 2 11 56 O 30
25404 25402 2 5 24 O 20
16782 25404 2 5 26 O 30
25404 25403 2 14 74 O 30
16781 16782 2 3 11 O 30
16782 16783 2 4 17 O 30
25406 25407 2 7 38 O 20
16478 25409 2 8 43 O 10
25409 16479 2 3 14 O 20
12837 25409 2 4 18 O 30
16479 25408 2 5 27 O 30
25410 25411 2 5 25 O 10
17153 17154 2 27 146 O 30
25412 25413 2 13 72 O 20
17542 25415 2 8 42 O 30
25415 25414 2 10 54 O 20
25416 25418 2 9 48 M 10
25418 25417 2 10 52 O 30
25418 25419 2 5 25 O 10
11468 25421 2 13 67 M 10
16280 25420 2 9 46 O 20
10386 28773 2 6 32 O 10
20521 25426 2 10 52 O 30
25427 25430 2 21 114 O 20
25428 25431 2 15 81 O 20
13263 25431 2 2 8 O 30
25431 25430 2 1 5 M 10
25430 25429 2 4 18 O 10
25435 25434 1 19 104 M 30
8372 14239 1 8 44 O 20
19522 25436 1 4 21 O 20
9736 19522 1 5 26 O 20
14239 9736 1 6 29 M 20
8512 893 2 3 14 O 30
14241 19785 1 3 11 O 10
10752 23540 1 25 138 O 10
23540 8547 1 6 31 O 10
25439 25442 2 1 3 O 20
25438 25439 2 3 13 M 20
25441 21524 2 1 3 O 10
25440 25441 2 3 13 O 20
25443 25438 2 4 20 O 20
24666 28498 2 3 16 O 20
28498 24667 2 2 8 O 10
25444 8534 2 9 49 O 30
8538 14302 2 7 37 O 30
25446 8538 2 9 48 O 30
23792 25447 2 10 55 O 20
1054 28489 2 7 34 O 30
28489 28485 2 6 31 O 20
28485 13299 2 3 13 O 30
22295 1738 1 6 32 O 10
1738 26826 1 12 63 M 20
9029 22295 1 2 6 O 30
13299 28493 2 5 25 O 30
28493 22543 2 4 22 O 10
8396 19070 2 5 25 O 20
12977 12980 2 9 44 O 30
20490 4055 2 2 11 O 10
4055 20491 2 12 66 O 10
20491 12979 2 3 16 O 20
14955 12911 2 12 62 O 20
25452 25449 2 5 22 O 10
25451 25450 2 4 19 M 20
14466 25455 2 21 115 O 20
25455 25454 2 7 34 O 20
25454 25453 2 4 17 O 10
25453 25455 2 4 21 O 10
25460 25458 2 11 60 O 30
25461 25460 2 3 11 M 10
25460 25459 2 12 62 O 30
25467 25468 2 11 56 O 10
25469 25475 2 8 39 O 10
25471 25470 2 3 14 O 10
25472 25471 2 5 24 O 30
25471 25475 2 6 29 M 20
25473 25476 2 2 7 O 30
25476 25474 2 4 19 O 30
29148 25476 2 3 12 O 10
25476 25475 2 6 32 O 10
13747 25477 2 15 82 O 20
25478 25488 2 10 53 O 30
25484 21928 1 5 27 O 20
21939 3208 2 2 9 M 10
3208 25485 2 6 32 O 30
25486 21939 2 6 33 O 20
25485 21937 2 10 53 O 20
11736 23822 1 9 48 O 30
8181 8741 2 2 11 O 30
21936 8744 1 4 17 O 20
25490 25489 1 6 29 O 20
25489 25479 1 21 113 O 10
8181 25490 1 9 47 M 20
16585 25481 2 6 31 O 10
17577 25482 2 14 74 O 10
25483 25491 2 7 33 M 20
25492 25493 2 3 16 O 20
25494 25495 2 5 27 O 20
25496 25498 2 8 44 O 30
25498 25497 2 3 16 O 20
25498 25499 2 5 28 O 30
25500 25502 2 6 32 O 10
25502 25501 2 9 48 O 30
25502 25503 2 8 43 O 30
25504 25505 2 14 77 O 20
25506 25507 2 7 37 O 20
25508 25509 2 7 33 M 10
25510 25511 2 9 49 O 10
23108 11464 2 15 82 O 30
11464 8634 2 3 12 O 10
21938 29507 2 15 81 M 10
21937 21938 2 3 13 O 20
25513 25512 2 9 48 O 20
25514 25515 2 7 36 M 10
25516 25517 2 10 53 M 30
25518 25519 2 7 38 M 20
25520 25521 2 5 26 M 20
25522 25523 2 9 46 M 10
25524 25525 2 4 22 O 20
25526 6354 2 4 21 O 30
25529 25530 2 5 24 M 10
25528 25531 2 6 31 O 20
25531 25527 2 7 36 O 30
25532 25533 2 6 31 O 20
25534 25535 2 4 19 M 10
25537 25536 2 5 22 O 30
25538 25539 2 13 70 O 10
25540 25541 2 9 49 O 30
25542 25543 2 9 50 M 30
25544 25545 2 3 16 O 30
25546 25547 2 8 44 O 10
25548 25549 2 3 14 O 30
25550 25551 2 3 16 O 10
25552 25553 2 3 15 M 30
25554 25555 2 4 18 O 10
15634 25556 2 3 13 O 10
25557 25558 2 7 38 O 10
25559 25560 2 7 37 M 10
25561 25562 2 6 33 O 20
25564 25566 2 1 5 O 20
25566 25565 2 4 21 M 30
25567 25566 2 3 14 O 20
29208 25568 2 3 15 O 20
25569 25570 2 5 22 O 10
25571 25574 2 4 19 O 10
25574 25572 2 5 24 O 20
25573 25574 2 4 20 O 20
25575 6454 2 12 62 O 10
25576 25571 2 6 32 O 20
25577 25578 2 9 46 O 10
25579 25580 2 5 22 M 20
14606 25581 2 7 38 O 30
25581 25582 2 12 62 M 20
25585 25586 2 9 46 O 20
25587 14605 2 8 44 O 20
25588 25589 2 10 54 O 20
25590 25591 2 11 59 O 10
25592 25593 2 5 26 O 10
25583 25584 2 13 70 M 30
25597 25596 2 5 27 O 10
25598 25595 2 4 22 O 10
25600 25599 2 4 21 O 30
25602 25601 2 7 34 O 10
12734 25603 2 13 67 M 20
25605 25604 2 20 108 O 30
25607 25606 2 2 10 M 20
25609 25608 2 11 59 O 10
25611 25610 2 4 22 O 20
25613 25612 2 10 52 O 10
8809 18513 2 23 123 O 30
14244 14248 2 6 29 O 20
14248 25614 2 1 4 O 20
18514 25615 2 18 95 O 10
12904 22915 2 6 28 O 30
12903 12906 2 11 58 O 30
25617 25616 2 5 23 M 10
15640 13495 2 9 45 O 20
25619 25618 2 6 31 M 30
14268 14281 2 25 136 O 20
25622 25620 2 3 12 O 10
25623 25622 2 7 39 O 20
25622 25621 2 9 46 O 30
25626 15636 2 14 73 O 20
10779 25625 2 4 17 O 20
25626 25624 1 2 8 M 30
25624 25625 1 1 4 O 10
25628 29963 2 6 32 O 10
1414 24475 1 10 51 O 20
11222 13339 1 4 22 O 20
19733 22901 1 3 11 O 30
19732 19733 1 14 75 O 30
25634 19735 1 13 69 O 10
11448 2016 2 11 56 O 10
2016 2015 2 4 20 O 30
2015 2014 2 7 36 M 20
2014 2011 2 7 36 O 10
2011 2010 2 4 20 O 30
2010 2009 2 5 24 O 20
2009 20186 2 10 51 O 10
20186 18435 2 9 49 O 30
25636 22881 1 5 23 O 10
22881 24585 1 14 77 O 10
8856 10832 2 14 77 O 20
25633 11222 1 3 17 O 30
25637 25638 2 5 26 O 20
25639 25640 2 17 91 O 30
17152 25643 2 4 19 O 10
25643 25641 2 10 53 M 10
25642 25643 2 19 102 O 10
25644 25645 2 6 31 M 30
25646 25647 2 4 22 O 10
25648 25649 2 10 53 O 30
25650 25651 2 6 31 M 20
25652 25653 2 4 19 O 10
25654 25655 2 7 38 M 20
25656 25658 2 8 43 O 30
25658 25659 2 12 64 O 10
25659 25657 2 9 50 O 10
25657 25658 2 4 18 O 30
25660 25662 2 2 7 O 30
25662 25661 2 6 29 O 30
25662 25663 2 11 60 O 30
25664 4361 2 7 38 O 30
25665 25668 2 9 49 O 10
25669 25670 2 10 53 O 30
25671 25672 2 9 50 O 20
25673 4362 2 11 61 O 30
25674 25675 2 7 35 O 10
25676 25677 2 6 29 O 20
25678 25679 2 17 90 O 20
25680 25681 2 10 53 M 30
25666 25667 2 12 65 O 10
8672 1805 2 8 43 M 20
1805 18732 2 4 21 M 30
8669 8670 2 8 40 O 20
12256 19545 2 4 18 O 20
19545 19547 2 3 16 M 10
19547 19549 2 3 16 O 10
19549 19550 2 3 16 O 20
16051 16072 2 4 17 O 10
25685 24907 2 3 16 O 10
25687 25686 2 13 70 O 30
10245 25688 2 5 25 O 30
11059 20922 2 9 46 M 10
14380 14379 2 5 27 O 20
22865 21008 2 3 12 O 10
16058 22865 2 16 88 O 30
4302 16058 2 5 24 O 20
11547 9875 2 9 48 O 20
25704 25703 2 4 17 M 30
16340 21798 1 2 10 M 20
25705 25707 2 4 22 M 10
21798 9263 2 1 2 O 20
9263 21799 2 5 27 O 10
25706 16340 1 14 76 O 10
25710 25709 2 16 89 O 20
25712 25711 2 16 89 O 20
25714 25713 2 16 86 M 30
25715 25735 2 14 75 O 30
25716 25717 2 13 69 O 10
25718 25734 2 12 66 O 20
25719 25733 2 11 60 M 10
25720 25721 2 10 52 M 10
25722 25723 2 9 47 O 30
25724 25725 2 8 44 M 20
25726 25727 2 8 41 O 10
25728 25729 2 7 38 M 20
25730 25731 2 7 35 O 30
762 25730 2 7 38 O 20
25730 25728 2 3 16 O 10
25728 25726 2 3 16 M 10
25726 25724 2 3 16 O 30
25724 25722 2 3 16 O 30
25722 25720 2 4 21 O 30
25720 25719 2 3 16 M 20
25719 25718 2 3 16 O 20
25718 25716 2 3 16 O 30
25716 25715 2 3 16 M 20
25715 25714 2 3 16 O 30
25714 25712 2 3 16 M 30
25712 25710 2 3 16 O 30
25710 25708 2 18 99 M 20
25708 25755 2 3 15 O 30
14456 25736 2 15 80 O 10
25737 25738 2 5 26 O 20
25742 25741 2 12 67 O 30
25744 25743 2 12 66 O 10
25746 25745 2 12 66 O 20
25748 25747 2 12 66 O 10
25750 25749 2 12 67 O 10
25752 25751 2 12 67 O 30
25754 25741 2 3 16 O 30
25741 25743 2 3 16 O 10
25743 25745 2 3 16 O 20
25745 25747 2 3 16 O 30
25747 25749 2 3 16 O 30
25749 25751 2 3 16 O 10
25751 1888 2 3 12 O 30
25732 1880 2 1 5 O 10
1880 25731 2 3 14 O 30
25731 25729 2 3 16 O 10
25729 25727 2 3 16 O 30
25727 25725 2 3 16 M 20
25725 1881 2 3 13 O 10
1881 25723 2 1 3 M 20
25723 25721 2 4 21 O 30
25721 25733 2 4 17 O 30
25733 25734 2 3 16 M 20
25734 25717 2 3 16 M 10
25717 25735 2 3 17 O 30
25735 25713 2 4 18 O 10
25713 25711 2 3 16 O 30
25711 25709 2 3 16 O 20
25756 25757 2 10 52 O 20
25758 25759 2 14 73 O 10
25006 25760 2 3 12 O 10
25762 25761 2 5 25 O 20
25764 25763 2 8 40 O 10
25766 25765 2 6 28 O 10
25768 25767 2 6 30 M 10
25771 25770 2 4 18 O 30
25773 25772 2 5 27 M 10
25789 25788 2 4 19 O 10
16173 9303 2 12 62 O 10
9303 24018 2 3 16 O 10
24018 25800 2 3 14 O 30
25800 24046 2 4 20 O 20
24046 23998 2 2 9 O 10
23998 16183 2 5 27 O 10
16183 24009 2 5 24 M 20
24009 19061 2 8 39 O 30
19061 10975 2 1 4 O 30
10975 24132 2 6 32 O 30
24132 24167 2 2 6 O 10
24167 16165 2 8 42 O 10
17423 25774 2 4 18 O 10
25776 25775 2 4 18 O 20
25778 25777 2 5 27 O 30
25780 25779 2 3 15 O 30
25782 25781 2 2 11 O 30
25784 25783 2 5 22 M 20
25786 25785 2 5 27 O 20
25787 5835 2 3 17 O 20
25791 25790 2 3 16 O 20
25793 25792 2 3 14 O 30
25795 25794 2 4 19 O 30
25797 25796 2 4 21 O 10
21473 20782 2 6 30 O 10
25800 25801 2 6 30 M 10
25803 25804 2 7 35 O 30
25805 25806 2 7 38 O 10
22125 25807 2 4 22 O 20
978 22674 2 3 14 O 20
25812 25813 2 11 57 M 20
25814 25815 2 9 49 O 10
25816 25817 2 11 58 O 20
25818 25819 2 25 137 O 20
25819 8179 2 5 23 O 30
14892 25820 2 2 11 O 20
25820 25821 2 9 45 M 10
14891 25829 2 3 15 M 20
25830 25829 2 16 86 M 10
25829 25831 2 3 13 O 10
25832 25833 2 15 82 O 20
25835 10022 2 12 65 O 20
25823 25825 2 3 14 O 10
20827 25823 2 3 16 M 30
25823 25826 2 4 22 O 30
25839 5506 2 2 10 O 20
5506 23651 2 3 13 M 20
8545 3865 1 4 22 O 30
3865 25839 1 3 13 O 10
25839 23652 1 4 18 M 30
23648 25840 1 8 43 O 30
25840 23649 1 3 14 O 30
23652 5506 1 3 14 O 10
5506 25838 1 6 29 O 30
25842 25841 2 5 28 M 30
25844 25843 2 11 59 O 10
25846 25845 2 5 25 O 10
25848 25847 2 31 172 M 30
25852 25849 2 31 170 O 20
24587 25850 2 5 28 O 20
18661 19145 2 22 121 O 30
25853 25852 2 10 51 O 10
25852 25851 2 8 41 O 20
25851 25853 2 5 27 O 30
25857 25854 2 18 95 O 20
25856 25855 2 11 59 O 20
10850 25857 2 5 25 O 20
25857 25856 2 15 81 O 30
25856 10849 2 21 116 O 30
25858 25859 2 16 85 M 20
25859 25860 2 22 120 M 20
25864 25863 2 3 15 O 10
25863 25862 1 17 90 M 30
25862 25861 1 3 15 O 30
25861 25863 1 4 20 O 10
25867 25865 2 6 31 O 10
25868 25867 2 3 16 O 20
25867 25864 2 5 25 O 10
25864 25866 2 2 11 O 20
25870 25869 2 8 40 O 10
25883 25871 2 27 149 M 30
25875 25872 2 8 40 O 20
25874 25873 2 14 75 O 10
25876 25875 2 15 80 O 30
25875 25873 2 8 42 O 10
25873 25882 2 6 28 O 20
25878 25877 2 8 41 O 30
25880 25879 2 7 39 O 30
25884 25880 2 4 21 O 30
25880 25878 2 9 49 O 20
25878 25876 2 3 13 O 30
25876 25870 2 6 32 O 20
25870 25874 2 2 10 O 20
25874 25881 2 5 26 M 30
25881 25883 2 11 60 M 20
25883 25882 2 23 123 O 30
25882 25881 2 13 72 O 20
25885 28876 2 4 21 O 20
25886 25885 2 4 21 O 10
28876 25887 2 4 21 O 30
25889 25890 2 8 44 O 20
25890 25891 2 21 112 O 10
25896 10871 1 3 14 O 10
17080 18331 2 2 8 O 20
3209 21935 1 7 38 O 30
25898 19052 2 17 92 M 30
25820 25899 2 3 12 O 20
25900 25901 2 23 123 O 20
25902 25903 2 8 40 O 10
25904 25905 2 17 93 O 20
25906 25907 2 6 31 M 10
25908 25909 2 6 28 O 10
25910 25911 2 3 15 O 30
23863 6515 1 14 75 O 30
25912 25913 2 10 53 M 10
25914 25916 2 4 21 O 10
18984 25912 2 2 7 O 10
25912 25914 2 5 25 O 30
25914 25915 2 19 104 O 20
25920 25921 2 27 150 O 20
25922 13637 2 15 78 M 20
25923 25924 2 14 75 M 20
25925 25926 2 20 108 O 20
25927 25928 2 12 67 O 20
25930 27721 2 2 10 O 10
18425 25931 2 11 56 O 10
19318 25932 2 28 150 O 10
25933 25934 2 10 53 O 30
25935 25936 2 6 30 M 30
25937 25938 2 18 97 O 10
14565 25939 2 6 31 O 10
25978 25943 2 37 202 M 10
25981 25980 2 6 29 O 10
25947 7841 2 4 19 O 20
7841 25976 2 4 17 O 20
25976 25974 2 4 17 O 30
25974 25972 2 3 16 O 20
25972 25970 2 3 17 O 10
25970 25968 2 4 17 O 20
25968 25966 2 3 16 O 20
25966 25964 2 4 17 M 30
25964 25980 2 4 17 M 20
25980 25960 2 4 17 O 30
25960 25958 2 3 17 O 20
25953 25949 2 5 27 O 10
25955 25954 2 6 29 O 30
25957 25956 2 6 29 O 20
25959 25958 2 6 29 O 20
25961 25960 2 6 29 O 30
25963 25962 2 5 22 M 30
25965 25964 2 6 29 O 30
25967 25966 2 6 29 M 30
25969 25968 2 6 29 M 10
25971 25970 2 6 29 O 20
25973 25972 2 6 29 O 20
25975 25974 2 6 29 M 30
25977 25976 2 6 29 O 30
25979 25977 2 3 14 O 10
25977 25975 2 3 16 O 20
25975 25973 2 4 17 O 10
25973 25971 2 3 16 M 30
25971 25969 2 4 17 O 30
25969 25967 2 3 16 O 20
25967 25965 2 4 17 O 10
25965 25981 2 4 18 M 20
25981 25961 2 3 16 O 10
25961 25959 2 4 17 O 30
25959 25957 2 3 16 O 20
25957 25955 2 4 17 M 10
25955 25962 2 2 8 O 20
25962 25953 2 2 11 O 30
25953 25952 2 4 22 O 20
25952 25948 2 8 43 O 20
4304 25981 2 5 23 O 30
25952 25950 2 4 18 O 30
25950 25951 2 1 5 O 30
25983 25982 2 18 97 M 10
25985 25984 2 8 42 O 10
29237 12751 2 2 9 O 10
12751 25986 2 2 9 O 10
25988 25987 2 6 31 O 20
25989 25990 2 16 85 O 30
10581 10582 2 39 211 O 20
10580 10581 2 54 299 O 20
10581 25989 2 3 12 O 30
25989 14074 2 9 50 O 20
19652 19653 2 8 42 O 30
26010 26011 2 8 40 O 10
26013 26014 2 13 67 O 20
26015 26016 2 9 45 O 20
26017 26018 2 6 32 M 30
26019 26020 2 8 39 M 10
26021 26022 2 9 46 O 10
26024 20909 2 48 263 O 10
26025 26026 2 11 60 O 20
26028 26029 2 9 48 O 20
26030 5410 2 19 103 O 30
26031 26032 2 14 76 O 10
26033 26034 2 5 25 O 30
26035 26036 2 18 99 O 20
26037 26038 2 6 30 M 10
26039 26040 2 3 16 O 30
26041 26042 2 11 58 O 20
26046 26045 2 7 35 O 10
26047 26048 2 12 62 M 10
26054 26053 2 6 28 O 30
26056 26055 2 4 21 O 30
26058 26057 2 6 28 O 20
26060 26061 2 14 74 O 10
26062 26658 2 5 22 O 30
26658 26063 2 6 32 O 30
22061 26068 2 7 34 O 30
26069 26070 2 6 30 O 30
26059 26071 2 10 50 O 20
26068 26072 2 6 33 O 20
26064 26065 2 6 29 O 30
26066 26067 2 4 21 O 30
18962 10603 2 5 22 M 10
12328 26075 2 9 45 O 10
26078 26079 2 19 104 M 20
26079 16911 2 8 44 O 20
26079 20274 2 36 196 O 10
26080 16912 2 18 95 O 30
26077 26083 2 24 129 O 10
26076 12317 2 16 84 M 20
26084 29410 2 40 222 O 30
26081 11936 2 9 49 M 20
26085 26086 2 3 15 O 10
6091 26087 2 9 47 M 30
26087 26088 2 9 46 O 20
26082 6094 2 8 41 M 10
12294 24575 2 10 51 M 10
28105 11068 2 13 71 O 30
14264 1038 2 6 30 O 20
1038 10779 2 14 76 O 10
25087 9320 1 12 64 O 20
11575 26204 2 2 11 O 30
26204 22800 2 2 7 O 30
26090 26089 2 3 15 O 20
26092 26091 2 3 12 O 30
26094 26093 2 3 13 M 10
26096 26095 2 3 13 O 30
16928 26097 2 3 14 O 20
26098 26099 1 2 10 O 20
26099 26100 1 6 30 O 20
26101 26102 2 17 92 O 30
26103 26104 2 9 50 O 30
26105 26106 2 9 50 O 30
26155 26157 2 7 35 O 20
26158 26155 2 2 7 O 30
26157 26156 2 27 146 O 10
22240 1504 1 5 25 O 20
21331 21329 1 3 12 M 20
26160 26161 2 3 15 M 30
13369 26162 2 6 31 O 30
26164 26163 2 6 29 M 20
26166 26165 2 7 36 O 10
26169 26168 2 4 19 O 20
26171 26170 2 6 29 M 20
22365 26172 2 5 27 O 30
9840 26175 1 4 20 M 20
26175 26174 1 2 10 O 10
20477 26176 2 12 66 O 10
20474 5333 2 7 34 O 20
26178 26177 2 7 37 M 30
26180 26179 2 6 31 M 30
20362 26181 2 10 55 M 20
21460 1400 1 3 16 O 30
26185 26186 2 24 131 M 10
25103 25102 2 6 33 M 10
26188 26187 2 6 31 O 20
26190 26189 2 4 20 O 10
26192 26191 2 3 13 O 30
26194 26193 2 9 49 O 10
26196 26195 2 4 19 O 10
26199 26198 1 13 67 O 20
26198 26197 1 4 19 O 30
26201 26200 2 5 24 O 30
26203 26202 2 3 16 O 20
26207 26206 2 3 14 M 30
14935 14949 1 2 8 M 30
9091 25100 2 5 24 O 10
25100 9090 2 5 27 M 30
26210 26209 2 7 37 O 20
26212 26211 2 6 33 O 10
26214 26213 2 3 16 O 10
26216 26215 2 6 28 O 10
26218 26217 2 7 37 O 30
9092 9088 1 20 111 M 30
9089 9088 1 20 110 O 10
26225 26224 2 2 8 O 20
26227 26226 2 2 8 O 10
26220 26219 2 4 19 M 10
26222 26221 2 3 12 O 20
26229 26228 2 2 6 M 10
26231 26230 2 2 6 O 10
26234 26232 2 1 3 M 20
26235 26234 2 2 6 M 30
26234 26233 2 1 5 O 30
26237 26236 2 2 11 O 20
26239 26238 2 2 11 O 10
26241 26240 2 3 12 O 30
26243 26242 2 2 11 O 30
17773 26865 2 12 65 O 10
26865 19805 2 3 11 M 10
26244 26245 2 19 102 O 30
26248 26249 2 6 29 O 20
26249 12693 1 7 35 O 20
18276 19244 1 2 9 M 10
17994 14690 1 16 86 M 10
14692 17994 1 4 18 O 30
26251 26253 1 15 78 O 10
26252 18229 1 5 27 O 10
26253 26252 1 3 15 M 30
26255 22080 1 6 31 O 10
2482 18233 2 9 46 O 20
8704 1438 2 3 17 O 20
26257 8704 2 3 15 O 20
8420 1437 1 9 47 O 10
1437 22948 1 11 56 O 20
22948 26256 1 3 11 O 10
12982 18461 2 21 113 M 30
9701 1436 2 10 51 O 20
9700 1435 2 6 33 M 10
22955 18245 2 15 79 M 30
26259 26258 2 7 36 O 10
26261 26260 2 7 34 O 30
26262 26264 2 5 23 O 30
26264 26263 2 6 32 O 10
26265 26264 2 3 12 O 20
26266 18818 2 2 9 M 10
18346 19535 1 7 36 O 10
26268 19665 1 17 89 M 20
29251 26269 2 8 41 O 20
26269 8563 2 2 10 O 20
16925 23818 2 3 14 M 20
23818 26270 2 8 42 O 10
18345 26271 2 12 65 O 30
14843 8306 2 11 61 M 30
11447 19660 1 10 51 O 10
22917 8892 1 3 14 O 10
16868 27513 2 15 81 O 20
27513 16870 2 7 35 O 10
11446 16247 2 11 58 M 30
26273 26274 2 9 48 O 20
21306 21310 2 5 28 M 30
26275 26276 2 2 9 O 30
26279 26280 2 31 170 O 20
26280 26278 2 9 48 O 10
26281 26280 2 4 20 O 30
2975 21035 2 4 21 M 20
19737 19736 1 3 14 O 10
19737 8471 1 3 12 O 30
26287 26289 1 4 18 O 10
18333 26287 1 1 5 O 10
26290 18333 1 1 4 O 10
26287 26290 1 1 4 M 30
26288 26287 1 3 15 O 20
23579 18333 1 3 15 O 20
23579 26286 1 5 23 O 30
26290 26286 1 3 16 M 20
26286 9896 1 8 41 M 10
9265 26289 1 6 30 O 10
9265 26290 1 5 23 O 10
12509 9896 2 2 8 O 20
26284 26288 1 3 14 O 20
18862 18330 2 1 4 O 20
26293 8467 2 10 55 O 10
26294 29253 2 4 19 O 20
8467 26294 2 2 8 O 30
23582 8671 2 15 79 O 10
23578 23534 2 11 56 M 10
26282 23578 2 7 38 O 10
8826 26283 1 3 14 O 30
26299 26284 1 5 23 O 10
23183 8827 2 5 26 O 30
10881 23579 1 7 34 O 10
19726 886 1 10 50 M 30
19725 19724 2 10 53 M 30
22250 22251 2 21 112 O 20
21376 21378 1 4 20 O 30
21378 21327 1 4 18 O 10
21327 21330 1 4 18 O 20
21330 21332 1 4 18 M 20
21332 21334 1 4 18 M 30
16939 8467 2 3 12 O 30
21594 19289 2 7 38 O 20
19289 21570 2 9 45 O 10
15018 21568 2 5 24 M 20
21568 26418 2 6 32 O 30
26418 21569 2 2 8 O 30
19309 21568 2 22 117 O 30
15855 21566 2 3 14 O 20
21582 21600 2 3 16 O 10
20830 21595 2 5 23 O 30
13902 13901 2 4 18 O 10
28205 28206 2 3 14 O 10
28206 3014 2 2 10 M 30
3014 20832 2 2 9 M 20
20832 20831 2 3 14 M 30
21576 26307 2 3 16 M 30
20833 2974 2 2 6 O 10
17674 26308 2 5 23 O 10
21783 26309 2 4 22 O 20
26311 26310 2 5 27 O 10
26313 26312 2 5 24 O 20
26315 26314 2 6 33 O 20
26323 26322 2 5 26 O 30
26325 26324 2 6 30 O 10
26327 26326 2 9 44 M 20
26329 26328 2 7 35 O 10
21784 26330 2 7 33 O 20
26332 26331 2 7 37 M 30
21782 26333 2 7 37 O 30
26335 26334 2 8 40 O 20
17700 16010 2 11 61 O 10
16042 23374 2 6 31 O 10
23374 16046 2 5 27 O 10
16046 23376 2 1 2 O 30
23376 23377 2 6 31 O 30
23377 16044 2 3 12 O 10
16034 26316 2 4 19 O 30
21160 26320 2 11 57 O 10
20168 26340 2 5 23 O 20
26340 26341 2 16 86 O 20
26341 26344 2 2 9 O 30
26340 28044 2 3 14 O 30
28044 26342 2 3 15 O 20
26342 26341 2 17 92 O 10
26344 26345 1 3 14 O 20
26345 26346 1 4 19 O 30
26346 26347 1 4 19 O 10
26347 26343 1 4 19 O 30
26343 26351 1 13 68 M 10
26351 26350 1 3 16 O 10
26350 26349 1 3 17 O 20
26349 26348 1 3 12 O 20
26348 26344 1 17 89 O 30
26345 26349 1 15 82 O 10
26346 26350 1 14 73 O 30
26347 26351 1 12 64 O 10
12499 12500 2 19 105 O 30
26357 26356 2 7 38 O 10
26358 26357 2 11 60 O 30
26357 9395 2 5 28 O 20
9396 5500 2 8 43 O 10
5500 5492 2 3 15 O 20
5492 9483 2 4 20 O 30
26360 26359 2 2 9 O 20
21444 9731 2 2 9 O 10
9407 26361 2 14 76 O 20
15880 9398 2 3 12 M 10
26362 9407 2 7 34 O 20
9407 15880 2 6 28 O 20
26366 15865 2 3 14 O 30
15865 15864 2 5 26 O 20
15870 26363 2 3 17 O 30
26365 26364 2 3 13 O 10
15876 5909 2 7 35 O 30
5909 15878 2 9 47 O 30
21471 9729 2 2 10 O 20
23386 8827 2 20 109 M 20
10931 30152 2 8 42 O 20
27711 9731 2 10 52 O 30
26369 9730 2 10 51 O 30
8543 26167 2 7 37 O 30
24518 18291 2 13 72 O 10
23439 8434 2 25 135 M 20
5985 18294 2 19 102 O 20
28203 23050 2 11 59 O 10
21048 24648 1 15 83 O 20
21047 14021 1 12 66 O 30
14021 21051 1 16 85 O 20
5529 18941 1 5 23 O 10
16825 8430 1 12 62 O 30
26370 26371 2 11 56 O 20
17778 26373 2 4 17 O 30
26373 26372 2 3 17 O 20
26372 17776 2 11 57 O 20
26374 17778 2 11 58 O 10
19814 17778 2 3 12 O 10
17778 26375 2 4 21 M 30
26372 26376 2 4 20 M 30
17777 26373 2 11 57 O 30
26373 26377 2 4 22 O 20
21455 26381 2 8 40 O 30
9221 9222 2 5 23 O 20
9228 26386 1 4 17 O 20
26386 26388 1 5 23 O 20
26388 26379 1 3 16 O 20
9734 9221 2 19 105 M 10
26382 12463 2 25 136 O 30
12463 21445 2 13 68 O 10
26379 9228 1 10 55 O 30
26379 26378 2 15 79 M 20
26386 26385 2 3 13 M 30
26388 26387 2 3 13 O 20
26379 827 2 8 40 M 30
26390 26389 2 3 12 O 10
15869 15870 2 6 32 O 30
15870 15871 2 3 15 M 20
9225 9734 2 20 108 O 30
8546 829 2 7 35 O 30
9228 9229 1 18 97 O 30
26391 26400 2 3 12 O 20
26392 5429 2 2 6 O 20
5429 26391 2 11 60 M 20
26391 26394 2 9 49 M 20
26394 26392 2 2 9 M 20
26392 26393 2 2 9 O 20
26395 26394 2 3 15 O 20
26397 26396 2 5 23 O 10
26399 26398 2 4 18 O 10
26401 26399 2 4 18 O 10
26399 26397 2 2 6 O 20
26397 26400 2 3 16 O 30
8540 9027 1 2 10 O 30
9027 9030 1 4 21 O 20
8588 26402 1 5 27 O 20
9879 9880 2 2 9 M 20
9529 9530 2 4 21 M 30
17039 9536 2 4 20 O 20
23557 5808 1 10 50 O 10
15353 26404 2 9 47 M 30
26404 15352 2 4 19 O 10
26406 26405 2 7 36 O 10
20458 26406 2 3 15 M 10
26406 30273 2 1 3 M 30
30273 26405 2 1 3 O 20
26405 26407 2 2 9 O 10
26409 26408 2 3 12 O 10
26411 26410 2 3 13 O 10
26414 26413 2 6 30 O 30
26417 26416 2 3 11 M 10
20468 26417 2 5 27 M 10
21149 27033 2 6 33 O 10
14295 14294 2 15 79 O 30
22673 1439 2 1 4 O 20
1439 11487 2 3 12 M 30
26418 26419 2 14 76 O 20
26419 19292 2 7 37 M 10
21349 21580 2 7 39 M 10
19284 26420 2 7 35 O 20
26421 21600 2 6 30 O 30
21589 21587 2 3 16 O 10
21587 26423 2 3 13 M 20
15989 16685 2 14 78 O 30
9475 18695 2 6 28 O 30
13333 23091 2 9 49 O 30
20300 26428 2 4 17 O 20
26428 26427 2 3 16 O 10
26427 11407 2 4 21 O 10
8435 6593 2 15 82 O 10
26431 11407 2 14 73 O 10
26429 26428 2 20 110 O 20
23210 8 2 1 4 O 20
8 12683 2 1 3 O 10
20480 9839 2 3 16 M 20
26437 9434 2 8 39 O 30
26438 23561 2 5 25 O 20
20178 652 2 8 40 M 10
26433 17472 1 18 98 M 30
22884 22885 1 49 267 O 30
26434 21017 1 17 91 M 20
12548 16672 1 5 23 O 20
22885 17471 1 18 99 M 30
22895 12548 1 18 96 O 10
22890 17470 1 15 83 O 10
22894 12547 1 14 73 M 30
22891 17479 1 20 109 O 30
21200 18876 1 18 99 M 30
26435 17473 1 17 94 O 10
27032 4386 1 21 116 O 10
4386 4388 1 19 103 O 30
4388 26433 1 4 20 O 30
18875 21129 1 17 91 O 30
22888 9721 1 11 58 O 20
9721 9720 1 19 104 O 30
9720 18875 1 16 87 O 10
21346 24388 1 11 60 O 20
22883 17478 1 15 78 O 20
17478 22891 1 38 208 O 30
21694 16766 1 16 84 M 10
17027 16768 1 6 32 O 30
16768 12429 1 12 63 O 20
17028 16769 1 18 99 O 10
12429 21536 1 4 19 O 20
16914 17475 1 8 41 O 20
23029 23588 2 6 30 O 20
16171 22851 2 9 46 O 30
21003 16171 2 17 92 O 30
16765 21003 2 6 29 O 20
26440 29234 2 5 22 O 10
26441 26440 1 5 24 M 30
9540 9539 2 8 43 O 30
9538 9540 2 5 24 O 20
26443 26442 2 6 31 O 20
9963 9964 2 9 45 O 10
9961 9962 2 15 82 O 10
9962 9963 2 5 26 O 20
9963 26448 2 6 29 O 30
26448 26446 2 3 15 O 30
26451 437 2 29 160 M 20
413 26451 2 5 27 O 20
26450 26449 1 10 51 M 20
20093 6102 2 4 19 O 20
6102 6103 2 6 29 O 10
6103 6104 2 3 16 M 10
6104 6102 2 4 19 M 20
26452 26453 2 14 75 O 30
26453 28107 2 3 14 O 10
26453 26454 2 5 25 M 30
8419 2080 1 6 29 O 10
18846 26468 1 2 10 O 30
26466 8417 2 2 8 O 20
8417 26465 2 3 14 O 10
26455 2368 2 2 9 M 30
26461 2375 2 2 10 M 10
26463 2374 2 3 11 O 20
26464 2373 2 3 12 O 10
23037 8420 1 13 69 O 20
5486 23037 1 6 31 O 30
9508 8450 2 8 43 O 20
24467 9508 2 3 12 O 30
7151 5481 1 16 85 O 20
18231 18841 1 4 18 O 20
9509 9142 2 2 8 O 10
9188 5482 2 13 70 O 20
5482 8440 2 2 11 O 30
8440 7153 1 11 61 M 20
7157 6406 1 10 55 M 10
6406 7159 1 8 43 O 30
7156 110 1 10 55 O 10
22982 26471 2 8 40 O 10
9828 11269 2 6 29 O 10
11269 19856 2 16 87 O 30
19856 19853 2 7 38 O 30
2263 6523 2 19 105 O 20
6523 23188 2 3 14 M 30
23188 361 2 6 32 O 20
18350 27323 2 13 69 O 30
27323 9182 2 3 11 O 20
18351 26472 2 10 54 O 10
27773 27774 2 4 21 O 30
26475 26474 2 7 37 O 10
26477 26476 2 10 53 M 10
26479 26478 2 10 55 O 20
26484 13904 2 3 16 O 20
13904 26483 2 7 39 M 20
26482 26486 2 7 38 O 30
26488 26487 2 8 41 M 20
26490 26489 2 9 49 O 10
26492 26493 2 5 26 O 10
26493 26491 2 5 25 O 10
26494 26493 2 2 9 M 10
26496 11451 2 7 39 O 10
26498 26497 2 5 25 O 10
9211 18433 2 11 59 O 10
18433 30274 2 6 31 O 10
30274 18434 2 6 31 O 20
18434 11449 2 14 73 O 10
20183 11449 2 16 84 O 10
26485 26500 2 5 25 M 30
26505 26504 2 4 21 O 10
26506 26505 2 4 17 O 20
20179 26199 1 7 35 O 30
26173 26502 1 5 25 O 20
26502 9096 1 3 17 O 20
26510 26509 2 3 13 O 30
26512 26511 2 3 14 O 20
26514 26513 2 5 25 O 20
26516 26515 2 3 15 O 30
26507 9351 2 17 94 M 30
26502 26501 2 6 31 O 10
22981 26503 2 8 42 O 30
13370 25083 2 2 6 M 20
25083 24930 2 6 32 O 30
20621 9698 2 10 55 O 10
9167 23412 2 3 16 M 20
16852 9170 2 15 81 M 10
23412 2185 2 4 19 M 30
2185 26522 2 5 26 O 30
23416 9167 2 23 125 M 10
19199 29367 2 16 84 O 30
29367 9699 2 5 24 O 30
19198 27801 2 3 14 M 10
26525 19181 2 1 5 O 30
19184 19185 2 5 27 O 30
19181 15884 2 3 13 O 20
15884 19317 2 13 69 O 10
9314 8702 2 13 68 O 30
8479 27577 2 11 57 O 10
26528 19359 2 8 42 O 10
8481 19316 2 3 14 M 30
19358 8481 2 3 14 O 10
19316 21582 2 12 62 O 30
8481 19357 2 17 90 O 10
13901 19363 2 10 54 M 20
18745 18755 2 18 95 O 20
18755 17987 2 3 12 O 10
17984 18755 2 2 10 O 30
26531 13902 2 5 24 M 30
17987 26531 2 6 32 O 30
18755 26530 2 11 61 M 10
26534 26533 2 6 30 O 20
26537 26535 2 6 30 O 10
12078 26539 2 4 19 M 30
10310 23844 2 7 37 O 20
23844 26541 2 7 39 O 30
26541 26543 2 3 17 O 20
26543 5767 2 10 55 O 30
5767 5769 2 10 54 O 20
5769 18408 2 4 18 M 20
18408 23842 2 3 11 O 20
23842 21202 2 21 113 O 10
26539 26538 2 6 33 O 20
26541 26540 2 11 58 O 10
26543 26542 2 10 55 O 20
26544 17985 2 7 36 O 30
26539 10310 2 6 29 M 10
10633 12078 2 5 26 O 10
17986 27800 2 7 36 O 30
28709 12847 2 11 61 O 10
12847 2489 2 9 47 O 10
2489 2488 2 5 23 O 20
2488 2486 2 2 6 O 10
2486 28711 2 4 21 O 30
23388 18233 1 11 56 O 30
26548 29216 1 4 22 M 20
26553 26552 1 3 14 O 10
20486 26549 1 8 40 M 20
26552 26551 1 2 9 O 10
26551 18234 1 2 7 O 30
29216 26553 1 7 33 M 20
26551 26554 1 7 34 O 10
26554 18428 1 5 25 O 20
18234 8415 1 2 10 O 10
18428 22813 1 9 47 O 10
18239 26554 1 10 52 O 20
18239 26551 1 8 42 O 30
8414 8415 1 10 53 O 10
1850 18235 1 4 19 O 20
26547 8404 1 15 82 M 30
28706 23881 2 9 45 O 30
17936 17940 2 35 193 O 30
26555 26558 2 7 34 O 10
26557 1848 2 4 19 O 30
1848 26558 2 1 2 O 30
18270 23244 1 14 76 M 30
23240 8461 1 21 115 O 30
26566 26565 2 3 14 O 20
26567 26564 2 6 31 O 20
26568 954 2 6 32 O 30
26570 26569 2 7 38 O 30
26571 26572 2 14 75 O 10
21425 11620 1 13 71 O 20
8461 21425 1 19 100 O 10
18268 18269 1 14 74 O 30
11620 18269 2 2 11 O 20
26560 22149 1 16 86 O 30
26561 18267 1 14 73 O 30
26581 26574 2 3 13 O 30
26580 26575 2 4 20 O 20
26579 26576 2 5 25 O 20
26578 26577 2 6 29 O 30
19572 8572 1 3 11 O 20
26583 8703 2 3 17 O 20
26585 17934 1 4 18 O 30
26584 8402 2 19 100 O 20
13133 26676 2 11 60 O 20
21219 18999 2 6 29 O 20
16894 7561 2 2 9 O 20
7561 17024 2 1 6 O 20
17024 18976 2 3 14 O 30
26586 18693 2 4 22 O 20
18692 26586 2 8 43 O 20
18480 9513 2 6 32 O 20
18236 23881 1 7 39 O 20
26587 8403 2 11 56 O 30
18998 18277 1 21 115 O 10
8789 23874 1 4 21 O 20
11152 8789 1 19 102 O 10
8793 23117 1 11 58 O 10
18278 8743 1 7 37 M 30
8743 8181 1 10 55 O 30
23875 11151 1 16 86 O 30
26588 23130 1 6 29 O 30
8180 26589 1 12 64 O 20
23130 18981 1 3 14 O 10
18981 23131 1 11 56 O 10
23131 11152 1 5 26 O 20
26589 26588 1 2 9 O 20
26590 19026 1 5 24 O 20
5522 26590 1 14 72 M 20
8740 11736 1 10 50 M 10
26591 8740 1 6 30 O 20
8742 18997 1 14 74 O 20
11761 8739 1 6 33 O 30
8894 11761 1 16 85 O 30
8739 27854 1 7 34 O 20
11760 23829 1 7 35 O 10
21108 11465 1 19 102 M 10
9724 23867 1 18 96 O 10
23828 11735 1 9 47 O 20
9722 9724 1 30 164 O 30
15470 8898 2 8 41 M 20
23868 23867 2 2 11 O 10
15358 23866 2 15 82 O 20
23867 19521 1 13 68 M 10
18281 23868 1 20 109 O 20
11462 11560 2 16 84 O 10
13680 7419 2 8 42 O 10
11461 13680 2 15 80 O 10
13259 13135 2 17 93 O 30
13135 27671 2 12 66 O 10
10496 23870 1 32 174 O 20
8591 20507 2 7 34 O 10
23870 23869 2 2 11 O 10
8953 23122 2 9 48 O 10
18283 23869 1 20 107 O 20
18996 18280 1 11 60 O 20
14226 18996 1 11 59 O 20
19520 23864 1 19 102 O 10
23864 23132 1 4 22 O 20
23865 23119 2 3 11 O 30
18995 23865 1 20 109 O 10
8592 18995 1 32 175 M 30
18966 15652 1 24 133 M 30
20509 8913 2 11 56 O 20
11893 16626 2 5 24 O 20
18993 18287 1 20 106 O 20
26593 12468 1 21 115 O 30
18288 12468 2 2 11 M 20
21436 12133 2 5 23 O 10
18288 14726 1 19 103 O 10
18967 18288 1 20 108 M 20
16421 11896 2 10 55 O 10
18991 23853 1 21 114 O 20
11892 11469 2 7 38 M 10
19700 5988 2 41 223 O 20
5988 26595 2 7 34 M 10
26596 6299 2 1 3 M 30
6299 11054 2 11 58 M 20
26598 8806 2 11 57 O 10
26598 26597 2 24 129 O 20
22666 22427 2 2 6 O 20
26602 26601 2 3 14 M 30
25447 26602 2 2 8 O 10
26601 26600 2 12 62 O 10
26603 26604 2 10 50 O 20
26605 26606 2 9 48 O 30
9662 9661 2 16 86 O 30
26607 26608 2 15 78 M 20
26610 26611 2 4 17 O 20
26611 26609 2 8 42 O 10
26612 26611 2 16 84 O 10
26614 26613 2 13 69 M 30
26616 26615 2 15 80 O 10
26618 26617 2 5 27 O 20
26620 26619 2 4 17 O 20
26622 26621 2 3 14 O 30
26624 26623 2 5 25 O 10
26626 26625 2 6 30 O 10
26628 26627 2 6 30 O 30
26630 26619 2 5 23 O 20
26619 26629 2 6 28 O 30
26633 26631 2 4 22 O 20
26634 26633 2 9 49 O 10
26633 26632 2 2 7 M 10
26636 26635 2 12 64 O 10
26638 26637 2 10 52 O 30
26645 26644 2 8 42 O 30
26642 26646 2 5 25 M 20
26648 26647 2 3 17 M 10
26650 26649 2 5 24 O 30
26652 26651 2 2 11 O 30
26653 26652 2 3 15 O 20
26652 26661 2 9 46 O 30
26655 26654 2 3 16 M 30
26657 26654 2 3 16 O 20
26654 26656 2 8 39 O 10
26659 26658 2 2 8 O 20
26661 26659 2 4 22 O 10
26659 26660 2 4 19 O 20
26663 26662 2 21 114 O 30
26296 22266 1 5 23 M 30
26664 22266 2 1 5 O 30
22266 22241 1 3 16 O 10
26664 26296 1 5 23 M 20
22242 26664 1 4 19 O 30
7903 14985 2 1 3 O 20
14985 8841 2 6 33 O 20
22692 30076 2 3 13 O 30
30076 10419 2 11 60 O 30
10419 10420 2 30 165 O 10
10420 22691 2 17 92 O 10
22691 19596 2 2 7 O 30
26666 13429 2 3 13 O 20
26669 14301 1 13 71 M 20
26672 26671 2 22 119 O 20
26679 26678 2 10 53 O 20
26681 26680 2 5 24 O 20
26683 26682 2 7 37 O 20
26685 26684 2 10 53 O 20
26677 26687 2 5 25 O 20
26690 26689 2 22 118 O 20
26689 6058 2 4 18 M 20
6058 26688 2 3 13 O 10
26695 26696 2 4 22 O 20
26696 26693 2 18 96 M 20
26697 26696 2 4 17 O 30
26701 26700 2 9 50 O 30
8487 13914 2 4 17 O 20
26703 26702 2 16 83 O 20
13672 8490 2 3 16 O 30
22085 26705 2 9 46 O 10
9887 26705 2 10 54 M 20
26705 22090 2 9 49 O 30
26707 26706 2 12 64 M 30
26709 26708 2 11 59 O 30
18977 26710 2 5 28 O 20
26712 26711 2 11 57 O 20
26715 26713 2 5 26 O 10
26715 26714 2 6 32 O 20
26716 26719 2 7 38 O 10
26719 26718 2 9 45 O 20
12659 6269 2 2 8 O 30
6269 6270 2 6 32 M 10
6270 6267 2 3 16 O 10
6267 12650 2 5 27 O 10
12650 12642 2 7 38 M 10
12642 8833 2 4 19 O 10
8833 12311 2 5 23 M 30
8832 12659 2 4 19 O 30
8200 24621 1 6 32 M 10
11328 26720 1 41 225 O 10
26724 26723 1 2 8 O 10
26725 26724 1 10 50 M 30
12989 18621 1 2 7 M 10
26723 26722 1 2 11 O 30
18982 26721 1 11 57 O 10
26726 26725 1 2 8 O 20
26721 26726 1 11 57 O 30
26722 26727 1 6 33 O 10
26727 12311 1 8 39 M 20
18982 20500 2 18 95 O 20
12619 6296 2 5 23 M 30
6296 6290 2 11 60 O 20
6290 6294 2 11 58 O 30
6294 11556 2 3 13 O 10
12177 2863 2 4 20 O 20
2863 8405 2 8 40 M 10
8405 12178 2 5 23 M 30
12178 12619 2 2 10 O 30
26734 9385 1 11 56 O 20
9385 26735 1 7 35 M 10
26735 12992 1 15 83 M 10
26736 26735 1 4 21 O 20
9385 26736 1 7 35 O 10
26733 26731 2 4 17 O 20
26730 13687 2 5 27 M 30
26737 18048 1 3 12 O 30
26739 18047 1 4 22 O 20
9737 1803 2 3 12 O 20
22343 22342 2 5 26 M 30
22342 22344 2 9 48 O 20
26747 26746 2 6 29 M 10
26749 26748 2 7 36 M 20
26751 26750 2 13 69 O 10
26753 26752 2 6 30 M 10
26755 26754 2 6 32 O 30
26757 26756 2 14 75 O 10
26759 26758 2 7 37 O 20
26762 26760 2 4 22 O 30
26760 26761 2 15 78 O 30
26763 4373 1 27 145 O 30
8646 26763 1 20 106 O 20
26765 26767 1 6 30 O 10
26767 22745 1 6 29 O 10
8645 26766 1 18 96 O 20
26766 26765 1 9 45 O 30
8632 22745 1 6 29 O 30
18565 26768 2 6 33 O 30
8613 23286 2 2 6 O 20
17763 22613 1 6 30 O 20
26771 26770 2 15 78 O 20
14527 26773 2 7 35 O 30
26776 26775 2 4 18 M 20
26778 26777 2 6 30 O 30
26780 26779 2 8 44 O 30
10152 26781 2 8 40 O 20
25338 25337 2 6 29 O 10
18478 26782 2 4 18 M 10
26783 26784 2 4 22 O 20
26796 26795 2 7 35 O 20
26798 26797 2 13 70 M 20
26788 26787 2 12 62 O 30
26790 26789 2 17 92 O 30
26786 26785 2 11 59 O 30
26800 26799 2 5 27 O 20
26792 26791 2 10 53 M 30
26801 26793 2 9 48 O 30
26802 26794 2 5 26 O 20
26794 26803 2 5 27 O 20
26803 26792 2 3 16 O 20
26792 26801 2 6 32 O 20
26801 26794 2 19 104 O 10
26804 26805 2 13 71 M 30
26805 26803 2 9 46 O 20
26806 26805 2 7 37 O 10
26807 26808 2 17 90 O 30
26808 26809 2 5 24 O 30
26809 26807 2 16 87 O 30
26807 26802 2 3 11 O 10
26802 26806 2 8 41 O 30
26806 26811 2 19 102 O 10
26811 26810 2 25 135 M 30
22315 26811 2 32 174 O 30
26813 26812 2 13 69 M 20
26818 26816 2 12 64 O 30
26817 26820 2 7 37 O 10
26820 26819 2 25 135 O 30
26819 26818 2 23 123 O 10
26822 26821 2 7 36 O 10
26824 26823 2 12 61 O 30
16235 16239 2 17 91 O 10
26828 5089 2 5 27 M 10
26831 26830 2 25 135 O 10
26834 26832 2 33 178 O 30
26840 26830 2 20 109 M 30
26830 18225 2 5 26 O 20
18225 26834 2 19 103 M 10
26834 26833 2 10 56 O 20
26836 26835 2 80 440 O 20
26839 26837 2 79 437 O 20
26841 26831 2 4 21 O 10
26831 26840 2 5 24 O 20
26840 26836 2 6 32 O 30
26836 26839 2 6 33 O 30
26839 26838 2 95 524 O 30
18224 26846 1 2 10 O 30
23084 18222 1 2 8 O 10
18222 23079 1 3 14 O 20
23085 18223 1 2 8 O 10
23085 26848 1 2 7 O 20
26849 26845 1 3 17 O 10
26845 26844 1 2 7 O 10
26845 18220 1 2 7 O 10
23080 23081 1 2 10 O 20
23081 26844 1 6 28 O 30
23078 23083 1 2 8 O 10
23083 23085 1 8 40 O 10
24479 23082 1 14 75 O 10
26847 18222 1 16 87 O 30
17108 17109 1 13 67 M 20
26842 18224 1 13 67 M 10
26842 26846 1 13 71 O 10
26847 23084 1 16 84 O 20
26844 26843 1 4 19 M 20
18224 18220 1 6 32 O 20
18221 23084 1 3 13 O 20
24479 18224 1 3 12 O 20
9346 9658 2 2 8 O 10
22310 22309 2 2 8 O 30
20980 22319 2 7 36 O 20
26853 26852 2 14 77 O 10
26855 26853 2 7 36 M 30
26853 26854 2 12 65 O 30
26861 20917 1 14 76 O 30
26857 26856 2 3 15 O 10
26864 26858 2 3 15 O 20
26863 26859 2 4 19 O 10
26862 26860 2 5 22 O 30
20917 30275 2 2 7 O 20
30275 26861 2 2 7 O 20
26861 26862 2 4 19 O 10
26862 26863 2 3 13 M 20
26863 26864 2 4 18 O 10
26864 26857 2 4 18 O 30
26857 16057 2 5 24 O 30
26867 26865 1 19 101 O 30
17776 17777 2 3 15 O 30
17777 26374 2 4 19 O 10
26374 17772 2 3 15 O 30
19805 19156 2 3 13 O 30
14022 26867 1 2 7 O 10
26867 17773 1 4 19 O 30
17773 22640 1 5 25 O 30
14694 23074 1 3 13 O 10
23073 14694 1 2 7 O 20
14693 17110 1 3 13 M 10
23068 23075 1 2 8 O 10
23068 24661 1 2 8 O 10
17110 26869 1 2 7 O 10
26869 26868 1 10 55 O 10
26868 24662 1 8 43 O 10
26870 26869 1 3 12 M 20
23076 23073 1 3 12 M 10
19235 23068 1 5 27 O 30
23075 24477 1 14 76 O 10
24662 23077 1 21 116 O 10
23077 24663 1 6 31 O 10
24478 26870 1 11 56 O 20
23073 24661 1 6 30 O 30
15000 23073 1 15 78 O 20
24477 26847 1 12 66 M 30
17109 24478 1 5 25 M 30
17110 23076 1 8 42 O 20
26871 19235 1 2 10 O 30
19156 26871 1 3 14 O 20
24661 14693 1 2 10 O 30
20177 1243 1 13 72 M 20
14022 22640 1 3 14 M 30
22622 22620 1 3 15 O 10
22620 22619 1 3 15 O 20
19151 19150 1 4 17 O 30
22606 22607 1 4 21 O 20
15102 21777 2 3 11 M 30
22769 3111 1 4 20 O 30
26872 3113 2 13 72 O 20
10732 3113 1 4 17 O 10
26875 26874 2 41 224 M 30
23077 4007 2 5 23 O 10
4007 26875 2 6 29 O 10
26875 26877 2 6 28 O 20
26877 26874 2 15 80 O 10
26874 26876 2 5 25 O 10
13819 13820 2 98 540 O 20
26880 26879 2 8 42 M 10
26517 8119 2 5 22 O 20
26882 26881 2 2 6 O 10
26884 26883 2 21 112 O 20
26886 26885 2 16 88 M 20
26888 26887 2 4 19 M 20
26890 26889 2 8 41 O 30
26892 26891 2 11 59 O 10
26894 26893 2 6 28 O 20
2771 20819 1 17 93 O 30
8752 20819 2 12 66 O 20
10933 8752 2 3 16 O 10
8657 12919 2 11 61 O 20
26903 26902 2 8 39 M 20
26905 26904 2 16 84 M 20
26904 20789 2 4 21 O 30
21990 28715 2 5 26 O 20
26909 26903 2 6 28 O 30
26903 18957 2 4 19 M 20
18957 21714 2 8 40 O 10
26909 26908 2 12 65 M 20
24364 26910 2 2 6 O 10
18027 5699 2 20 109 O 20
5699 5704 2 17 93 M 30
5704 18955 2 5 25 O 30
18955 6107 2 6 28 O 10
6107 21988 2 6 33 O 20
21988 20225 2 3 11 O 10
20225 26911 2 11 60 M 10
13635 13636 2 4 22 O 30
11956 11957 2 4 21 O 10
26914 20032 1 2 9 O 30
12674 26915 1 2 8 M 10
26915 26914 1 3 11 M 10
20032 12674 1 3 12 O 30
26914 26916 1 16 85 O 20
26916 9727 1 23 125 M 30
9727 26912 1 3 13 O 10
26912 5706 1 9 49 O 20
2772 20033 1 8 42 O 10
5706 11954 1 10 52 O 30
8659 11964 1 10 53 M 20
11964 12674 1 15 79 O 20
20910 23137 1 4 22 O 30
26947 12566 1 3 15 O 10
12566 26946 1 2 6 O 30
12564 12563 1 4 18 O 20
23298 12564 1 1 5 O 10
26918 26917 2 7 39 O 30
26920 26919 2 7 38 O 30
26921 23296 2 8 39 O 10
23296 26955 2 44 241 M 20
26955 23297 2 6 28 O 10
8812 3483 2 3 13 O 20
3483 1195 2 2 8 O 30
8812 12926 2 4 20 O 30
26924 26923 1 8 42 M 30
26947 26925 1 4 18 O 20
26925 19219 1 3 14 O 10
26946 26945 1 3 13 M 20
26945 12565 1 3 14 O 20
12566 8608 1 2 9 O 20
17930 26946 1 6 28 O 10
19219 17930 1 2 6 O 30
17930 12566 1 5 25 O 10
26934 26926 2 10 50 O 10
26926 26928 2 6 32 O 20
26928 26927 2 3 16 M 30
26927 26926 2 5 26 O 10
26929 2745 2 18 95 O 20
26931 2745 2 8 43 O 10
2745 26930 2 9 49 O 20
26932 26933 2 17 94 O 30
26939 26934 2 5 26 O 30
26934 26929 2 6 30 O 20
26929 26930 2 10 55 O 10
26930 26933 2 14 77 O 10
26933 5654 2 30 167 O 10
5654 13774 2 10 53 O 20
26935 26948 1 4 22 M 20
26937 19220 1 3 16 O 20
26938 26937 1 2 11 O 10
22643 26936 1 7 39 O 10
26937 2650 2 5 23 O 10
23369 26939 1 15 78 O 30
23368 23369 1 6 30 O 10
26942 23368 1 5 25 M 10
13772 22864 2 12 65 O 10
12564 26942 1 8 39 O 30
12565 23298 1 2 8 M 30
12565 26944 1 1 5 O 10
26944 26943 1 4 17 O 20
26945 26940 1 6 29 O 20
13765 26941 1 2 8 O 30
26941 26944 1 6 33 M 10
26941 12565 1 6 30 O 30
12567 26948 1 2 6 O 20
26948 26947 1 2 9 O 10
12563 22643 1 2 9 O 20
22643 12567 1 3 15 M 30
26951 26949 2 1 4 O 20
26949 26953 2 2 8 O 30
26950 26951 2 3 15 M 20
26951 26952 2 12 67 M 20
26953 26952 2 21 111 O 20
26952 26954 2 2 10 O 30
26956 26955 2 12 65 O 30
26959 26958 2 11 60 O 30
26958 26957 2 3 14 O 20
21086 23042 1 7 34 O 20
23368 13772 2 6 32 M 10
18159 9794 2 5 24 O 30
9793 18166 2 3 11 O 10
18166 8617 2 7 34 O 10
22962 10124 2 12 63 M 10
26961 22285 2 5 25 O 30
21400 7905 2 2 7 O 20
7905 21401 2 6 31 O 20
26962 16936 2 7 35 O 20
8424 26962 2 7 36 M 20
21460 26182 1 1 5 M 30
19789 14242 1 2 9 O 20
8858 8081 1 7 35 O 10
8081 11405 1 11 60 O 20
11405 11406 1 22 119 O 20
26964 26963 2 5 23 O 30
26966 26965 2 5 23 O 20
26131 26132 2 15 78 O 10
26967 26154 2 3 14 O 30
26131 26134 2 10 51 O 30
19611 26968 2 6 31 M 20
26970 26137 2 3 13 O 20
26137 26971 2 5 26 O 20
26969 26970 2 2 8 M 30
26974 26973 2 7 35 O 20
26975 26972 2 16 88 O 10
26133 26129 2 13 67 O 20
26978 26977 2 3 16 O 10
26980 26979 2 7 38 O 20
10448 26981 2 3 11 O 30
10436 10437 2 25 134 O 20
26982 21546 2 10 50 O 10
365 26984 2 5 23 M 30
26989 26988 2 30 166 O 10
26989 5292 2 1 2 O 20
5292 26988 2 3 16 M 30
26988 26990 2 14 74 M 30
26994 26996 1 12 66 O 30
26998 26995 2 3 13 O 30
26995 26997 2 7 35 O 30
26997 26986 2 3 15 O 30
26986 26993 2 21 116 O 20
26997 26994 1 5 24 O 10
26994 30276 1 3 13 O 10
30276 26996 1 3 13 O 10
26996 26995 1 4 17 M 10
27000 26999 2 5 23 O 10
26986 22308 2 19 100 O 20
27003 5070 2 2 9 O 10
27004 5071 2 2 9 O 20
27005 5072 2 2 9 O 20
27007 27006 2 6 29 M 30
25828 25826 2 3 15 O 20
25826 25827 2 3 15 O 30
25823 25824 2 3 15 O 10
21114 21125 2 10 51 O 10
21353 11039 2 5 25 M 30
11039 21128 2 4 18 O 30
21125 10030 2 3 15 O 30
10030 10032 2 4 17 O 20
10032 21126 2 4 17 M 30
21126 10035 2 4 18 M 20
10035 25422 2 5 25 O 30
27010 27009 2 20 111 M 20
27012 27011 2 20 111 O 20
21199 10106 2 12 62 O 30
10041 21364 2 3 14 O 10
21364 27016 2 6 33 O 30
27016 27018 2 3 11 O 10
12551 10043 2 6 32 O 30
10043 5077 2 9 48 O 20
27019 21142 2 8 42 O 10
18997 26591 1 4 19 O 30
8181 8742 1 6 31 O 20
28784 17463 2 2 7 O 10
17463 21356 2 10 54 O 30
21356 17464 2 6 31 O 20
17450 27026 2 5 23 M 20
27029 5211 2 5 25 O 10
5211 27028 2 5 24 O 20
27030 5210 2 10 51 M 20
27016 27017 2 6 32 O 20
27017 27018 2 4 20 O 20
16678 21148 2 5 24 O 30
21368 27031 2 7 35 M 30
17473 16676 1 5 23 O 10
16676 27032 1 11 58 O 30
16677 26436 1 11 56 O 30
21129 16677 1 5 24 O 20
21129 16678 2 3 14 O 20
21129 17473 2 2 10 M 30
12430 27040 2 6 29 O 10
16670 22889 1 10 51 O 20
17471 16670 1 5 23 M 30
27035 26434 1 49 271 O 20
16672 27035 1 10 51 O 10
15632 17480 1 9 50 O 30
18876 15632 1 9 47 M 10
16679 27034 1 11 56 O 30
17479 16679 1 4 21 O 30
16675 17472 2 3 13 O 10
23030 21016 2 5 26 M 20
17472 21017 2 2 9 O 30
21017 23030 2 2 11 O 20
20339 16675 2 7 33 M 10
16673 22884 1 9 47 O 10
17472 16673 1 5 23 M 10
16674 22888 1 10 55 O 10
21017 16674 1 5 23 O 20
10000 10001 2 12 63 O 30
18878 27036 2 8 39 O 10
21038 21039 2 7 36 O 30
21132 27038 2 4 18 O 20
12548 16120 2 3 12 O 10
27038 12549 2 11 61 O 20
21053 21055 2 26 139 O 30
10161 21053 2 23 123 O 10
21052 17478 2 2 10 O 30
12155 10168 2 10 53 O 30
27033 10084 2 11 58 O 20
17479 21149 2 3 13 M 20
17478 12428 2 2 10 O 30
27040 19513 2 3 13 O 10
27040 27039 2 4 19 O 10
21261 21260 2 4 18 O 30
21260 21259 2 12 66 O 30
21259 21258 2 10 53 O 30
21365 27041 2 5 23 O 10
11042 27042 2 6 32 O 10
27042 27043 2 4 22 O 30
12148 21353 2 8 42 O 30
21353 15391 2 2 11 O 20
23811 27046 2 14 74 O 10
26814 27047 2 4 18 O 10
23809 27048 2 9 46 O 30
9151 27151 1 4 20 O 30
27151 897 1 1 2 M 20
897 931 1 4 17 O 20
931 27150 1 1 4 O 20
27150 27149 1 4 17 M 30
27149 27129 1 1 3 M 20
27129 27147 1 4 20 M 10
27147 905 1 2 6 O 20
905 917 1 3 16 O 20
917 933 1 1 3 O 10
933 27146 1 3 15 O 20
27146 918 1 3 11 O 30
918 27126 1 2 6 O 30
27126 27145 1 7 36 O 20
27145 27128 1 1 2 O 20
27128 27144 1 2 7 O 20
27144 929 1 5 25 O 30
929 927 1 1 1 O 10
927 909 1 1 3 M 20
909 910 1 3 11 O 10
910 9403 1 3 13 O 20
27049 19335 2 2 11 O 10
26526 9401 2 3 11 O 30
9403 27052 2 30 163 O 30
27052 27054 2 3 16 O 30
27054 20265 2 16 87 O 30
27052 27053 2 3 13 O 20
27054 19339 2 5 27 M 20
27056 27055 2 2 11 O 30
27058 27057 2 2 8 O 30
9425 19343 2 5 25 O 10
19343 19346 2 11 57 O 20
19346 19334 2 11 57 O 30
19334 9164 2 2 10 O 20
27051 27050 2 14 73 M 30
27095 27073 2 3 16 O 30
13358 27074 2 3 14 O 20
27076 27075 2 5 23 O 20
27078 27077 2 4 19 M 20
27080 27079 2 3 16 M 10
27082 27081 2 4 19 O 20
27084 27083 2 5 24 O 30
27086 27085 2 5 23 M 10
27088 27087 2 6 28 O 20
9417 27089 2 4 20 O 10
27091 27090 2 3 16 O 20
27093 27092 2 4 17 O 10
27060 27059 2 4 17 O 10
27062 27061 2 4 17 M 10
27064 27063 2 4 21 O 10
27066 27065 2 2 8 O 20
27068 27067 2 4 21 O 30
27070 27069 2 4 21 O 20
27072 27071 2 4 19 O 30
27097 27096 2 4 21 O 30
27099 27098 2 6 28 O 20
27101 27100 2 7 33 O 30
27103 27102 2 5 22 M 10
27105 27104 2 5 25 O 20
27107 27106 2 5 26 O 20
19173 27108 2 5 24 M 30
21750 27109 2 7 34 M 10
27111 27110 2 5 23 O 10
27112 27468 2 3 16 O 20
27468 27113 2 4 21 M 10
27116 27115 2 6 31 O 20
27118 27117 2 7 35 O 20
27120 27118 2 2 6 O 10
27118 27119 2 10 50 O 10
27124 27123 2 6 29 O 30
19175 19176 2 16 89 O 20
19177 27116 2 5 23 O 30
27116 19179 2 7 36 O 20
19179 27111 2 3 13 M 10
27111 27120 2 2 10 O 20
27120 27474 2 7 36 O 20
27474 27476 2 5 23 O 10
27476 19180 2 2 10 O 30
27122 27121 2 10 51 M 10
19162 19163 2 3 16 O 30
19163 19164 2 3 14 O 20
19164 27294 2 2 9 O 10
27294 19165 2 6 32 O 10
27126 907 2 2 6 O 30
27127 906 2 2 6 O 10
27128 908 2 2 6 O 20
27129 914 2 2 6 O 20
9429 27512 2 5 22 O 30
27512 27370 2 4 21 M 10
27370 9148 2 6 32 O 10
9148 9422 2 14 73 M 20
9422 27410 2 2 10 O 10
27410 9426 2 10 50 O 10
9426 23211 2 3 16 O 10
23211 27194 2 4 18 O 30
27194 9158 2 8 42 O 10
9158 9165 2 3 12 O 10
9165 19180 2 12 64 O 30
19180 27478 2 8 41 O 10
27478 27284 2 9 45 O 10
27284 27288 2 3 17 M 10
27288 27114 2 5 23 O 30
9153 27131 2 3 12 O 10
27131 9429 2 5 22 M 20
27131 27130 2 4 19 O 30
27133 27132 2 4 18 O 10
27135 27134 2 4 20 O 20
27137 27136 2 6 32 O 30
27139 27138 2 3 14 M 10
27141 27140 2 4 20 O 30
27143 27142 2 4 17 O 20
27144 920 2 2 6 O 20
27145 921 2 2 6 O 20
27146 922 2 2 6 O 30
27149 27148 2 2 6 O 20
27150 924 2 2 6 O 20
27151 925 2 2 7 O 30
27154 27153 2 4 17 M 20
27177 27155 2 6 32 O 20
27156 27179 2 5 27 O 30
13363 27180 2 6 28 O 10
27179 27178 2 5 26 O 30
27158 27157 2 5 24 O 20
27160 27159 2 5 24 O 30
27162 27161 2 5 27 O 10
27510 27164 2 3 15 M 20
27166 27165 2 4 20 O 30
27168 27167 2 4 22 M 20
27170 27169 2 4 17 O 10
27172 27171 2 7 36 M 30
27174 27173 2 7 35 O 20
27176 27175 2 6 30 O 20
27188 27187 2 2 10 O 20
27190 27189 2 4 19 O 10
27192 27191 2 4 20 O 10
27194 27193 2 2 10 O 10
27196 27195 2 3 16 O 30
27198 27197 2 3 16 O 10
27200 27199 2 4 19 O 20
27202 27201 2 3 15 M 10
27204 27203 2 6 33 O 20
27206 27205 2 6 29 O 10
27208 27207 2 5 27 O 20
27209 9154 2 5 22 O 20
19331 27210 2 10 51 O 30
15883 27181 2 7 37 O 20
5475 27182 2 4 20 M 20
27184 27183 2 4 20 O 20
27186 27185 2 7 36 O 30
5472 5474 2 2 11 O 20
18432 19159 2 20 106 O 10
19159 27212 2 34 189 O 20
27212 19160 2 3 12 O 10
27212 27211 2 9 44 O 20
27213 27214 2 11 57 O 20
13362 27213 2 4 20 O 30
27213 27215 2 2 9 O 20
27217 27216 2 4 19 O 30
27219 27218 2 3 13 M 10
27221 27220 2 2 8 O 10
27223 27222 2 2 7 O 20
27225 27224 2 3 15 O 10
27227 27226 2 8 43 M 10
27229 27228 2 4 20 M 20
27231 27230 2 3 12 M 30
27233 27232 2 4 17 M 10
27235 27234 2 3 17 O 30
27237 27236 2 6 32 O 20
27239 27238 2 6 28 O 20
27241 27240 2 9 45 O 20
27243 27242 2 5 22 O 10
19294 27244 2 13 68 O 10
19158 27275 2 3 16 O 30
19158 27276 2 3 15 O 20
27278 27277 2 1 5 O 30
27279 27278 2 7 34 O 10
27246 27245 2 3 13 O 20
27248 27247 2 3 17 O 20
27250 27249 2 4 18 O 30
27252 27251 2 3 14 O 10
27255 27253 2 2 11 O 10
27255 27254 2 3 14 O 20
27257 27256 2 2 10 M 20
27259 27258 2 2 9 O 30
27261 27260 2 4 18 M 10
27263 27262 2 4 21 O 30
27265 27264 2 2 10 O 10
27267 27266 2 3 14 O 20
27269 27268 2 2 9 O 10
19160 27270 2 4 20 M 10
27273 27271 2 2 6 O 30
27272 27273 2 7 35 O 10
27274 27273 2 5 24 O 20
27282 27281 2 5 25 M 30
27281 27280 2 8 44 O 20
27292 27291 2 3 16 O 10
19170 27293 2 2 11 M 20
27296 27295 2 4 22 O 10
27299 27298 2 6 33 O 30
8473 27498 2 1 5 O 30
27498 8474 2 14 76 O 30
27301 27300 2 7 39 O 10
8474 27496 2 2 9 O 30
27496 27301 2 2 10 O 30
27301 27302 2 2 7 O 10
27303 27299 2 12 66 O 30
27299 27302 2 3 14 O 10
27284 27283 2 2 11 O 30
27286 27283 2 3 15 O 30
27283 27285 2 2 9 O 20
27288 27286 2 3 11 O 30
27286 27287 2 5 27 O 30
19169 27290 2 2 7 O 30
27290 27289 2 4 20 O 10
27305 27304 2 6 28 O 20
27306 27305 2 2 9 O 20
27305 27307 2 2 10 O 10
27307 27304 2 3 15 O 10
27304 12916 2 2 9 O 30
27309 27308 2 5 24 O 30
19160 27269 2 4 18 M 20
27269 12685 2 2 10 O 30
27311 27310 2 3 16 O 20
27313 27312 2 3 16 O 30
27315 27314 2 5 27 O 30
27317 27316 2 4 21 O 20
27320 27319 2 3 11 O 30
27323 27322 2 13 71 O 10
12784 27324 2 5 25 M 30
6555 27325 2 5 22 O 20
12242 27326 2 4 22 O 30
27328 27327 2 4 20 O 20
27330 27329 2 6 32 O 30
27334 27331 2 2 6 O 30
28437 27332 2 4 19 M 20
26052 28437 2 1 5 M 30
28437 27334 2 1 6 O 20
27334 27333 2 2 6 O 30
26052 27335 2 4 19 O 10
27338 27336 2 2 10 M 20
9910 27338 2 1 5 O 30
27338 27337 2 2 8 O 10
27342 27339 2 5 22 M 10
27341 27340 2 2 7 O 10
9910 27342 2 1 4 O 20
27342 27341 2 1 4 O 20
27341 27343 2 2 6 O 20
27345 27344 2 3 15 O 20
6556 27346 2 8 40 O 10
27350 27349 2 11 57 O 30
27352 27351 2 9 49 O 30
27354 27353 2 6 32 O 30
27356 6123 2 10 55 O 20
6123 27355 2 10 55 M 20
27358 27357 2 7 37 O 10
15403 27348 2 6 33 O 30
27348 27347 2 3 14 M 10
27360 27359 2 21 114 O 20
12137 16462 2 11 60 O 30
16462 16451 2 8 42 M 20
16451 16461 2 4 19 O 20
16461 3133 2 33 180 O 10
12138 27362 2 3 14 O 10
16985 16413 2 58 320 O 30
8531 11732 2 9 49 O 30
27363 27364 2 19 105 O 30
27365 27363 2 5 26 O 10
27363 30277 2 2 7 O 10
30277 27364 2 2 7 M 30
27367 27366 2 15 78 O 10
27369 27368 2 6 30 O 10
27370 27372 2 5 26 M 30
27372 27368 2 6 28 O 30
27368 27374 2 13 71 O 10
27372 27373 2 3 15 O 20
27373 27366 2 6 31 O 30
27366 27371 2 4 19 M 20
27375 27367 2 10 53 M 20
27367 27374 2 5 24 O 30
27374 27373 2 15 81 M 20
27152 27376 2 4 18 O 10
27378 27377 2 6 30 O 20
27380 27379 2 3 16 O 20
19163 27381 2 4 20 O 30
27383 27382 2 8 41 O 20
27385 27384 2 5 23 O 30
27294 27386 2 7 37 O 30
27388 27387 2 7 34 O 30
27390 27389 2 5 23 O 20
27392 27391 2 6 29 O 20
27394 27393 2 8 41 O 10
27396 27395 2 4 19 O 30
27398 27397 2 8 41 O 10
27400 27399 2 3 13 O 20
27402 27401 2 5 23 O 30
27404 27403 2 3 14 O 10
27406 27405 2 4 17 M 30
27408 27407 2 5 23 M 10
9422 27408 1 5 24 O 10
27408 27434 1 4 22 O 20
27434 27432 1 4 20 O 10
27432 27406 1 8 40 O 10
27406 27402 1 4 19 O 20
27402 27430 1 8 39 O 30
27430 27428 1 2 9 O 10
27428 27426 1 3 13 O 30
27426 27424 1 1 5 O 10
27424 9431 1 4 21 M 10
27410 27409 2 4 22 O 10
27412 27411 2 4 20 O 30
27414 27413 2 5 26 O 10
27416 27415 2 3 15 O 20
27418 27417 2 4 19 M 30
27420 27419 2 4 18 O 30
27422 27421 2 4 18 M 10
27424 27423 2 4 19 O 30
27426 27425 2 5 23 O 20
27428 27427 2 3 16 O 10
27430 27429 2 4 19 O 30
27432 27431 2 4 19 O 10
27434 27433 2 4 20 O 10
23175 27436 2 4 18 O 30
27438 27437 2 6 28 M 20
27444 27439 2 3 14 O 10
21775 27440 2 7 35 O 10
21776 27441 2 2 8 O 10
27443 27442 2 4 17 O 10
27446 27447 2 21 113 O 10
18336 18341 1 3 13 M 20
18341 24390 1 6 30 O 20
14226 14225 1 4 19 O 20
27450 27449 2 13 68 O 10
27452 2887 2 8 42 O 10
27454 27453 2 3 15 O 20
27458 27457 2 4 17 O 10
27460 27459 2 5 25 M 10
27462 27461 2 5 27 O 30
27465 27464 2 4 21 O 30
27467 27465 2 2 8 O 10
27465 27466 2 8 44 M 30
9172 0 2 2 6 O 20
0 20303 2 8 41 M 20
19177 27112 2 6 31 O 20
27469 27468 2 4 17 O 30
27471 27470 2 2 9 O 10
19179 27472 2 2 10 O 10
27474 27473 2 3 15 O 20
27476 27475 2 4 19 M 30
27478 27477 2 4 19 O 10
27486 27484 2 2 9 O 10
27484 27482 2 3 13 O 20
27482 27480 2 2 9 O 30
27480 27491 2 3 14 O 30
27480 27479 2 5 24 O 30
27482 27481 2 6 28 O 30
27484 27483 2 6 33 O 30
27488 27487 2 5 27 O 30
27491 27489 2 3 16 O 10
27489 27488 2 8 43 O 10
27488 27490 2 6 32 O 20
27490 27487 2 3 16 O 20
27487 27489 2 3 16 O 10
27492 11382 1 15 83 O 30
27493 27591 2 11 61 O 30
22284 11382 2 2 10 M 20
8921 8477 2 4 21 O 20
19296 8475 2 4 18 O 10
27114 8475 2 3 12 M 30
27498 27497 2 5 24 O 20
27496 27495 2 11 56 O 10
19166 27494 2 3 12 O 20
19168 27499 2 2 8 O 30
27501 27500 2 3 15 O 30
27503 27502 2 4 18 O 30
27505 27504 2 4 21 M 30
19295 27506 2 6 28 M 30
19167 27507 2 4 21 O 30
27509 27508 2 3 14 O 20
27164 27163 2 6 32 M 30
27512 27511 2 4 20 O 10
13139 27513 2 4 17 M 30
27515 27514 2 3 15 O 10
27516 27515 2 3 13 O 10
27517 27516 2 3 16 M 30
27521 8668 2 6 30 O 20
27520 27519 2 3 13 O 30
27521 27520 2 2 9 M 30
27519 27518 2 3 14 O 30
14737 10682 1 3 12 O 10
10681 22671 2 4 21 M 30
27522 9079 2 12 63 M 10
27522 22671 2 6 29 M 20
9499 9608 2 6 31 O 10
27526 27525 2 9 46 O 10
24728 27525 2 5 23 O 10
27525 24727 2 6 30 O 10
27529 27528 2 7 38 O 20
27531 27530 2 5 24 O 10
27532 19337 2 5 23 M 20
19336 27533 2 9 47 O 10
27535 27534 2 3 13 M 10
27537 27536 2 3 14 O 20
27539 27538 2 3 17 O 20
19345 27540 2 4 19 M 20
27541 27542 2 7 34 O 30
15653 12841 2 14 77 O 20
26272 11445 2 7 35 O 30
16247 26272 2 8 39 O 20
22730 12533 2 3 12 O 20
23483 11877 2 5 25 O 10
11877 22730 2 4 20 O 10
23525 27545 2 5 24 O 30
14258 27546 2 6 29 O 30
23482 14258 2 5 23 O 30
11446 17272 2 3 13 M 30
19257 19256 1 8 42 M 10
20040 22607 2 6 30 O 30
16999 18297 1 16 85 O 10
24648 8437 1 8 39 O 30
18300 22862 1 28 153 O 30
18301 24647 1 6 31 O 20
2110 20293 2 11 58 O 20
22863 14398 2 11 57 M 30
27548 21047 1 11 59 O 10
8436 27548 1 9 48 O 20
27549 9947 1 29 160 O 20
19830 12489 1 21 117 M 10
27552 24730 2 4 17 M 20
24730 27551 2 4 18 M 20
27550 26571 2 1 3 O 30
24729 27550 2 2 9 O 20
27554 27553 2 6 30 O 10
27556 27555 2 11 58 O 20
27559 27558 2 11 57 O 20
27562 27558 2 14 74 M 20
27558 27561 2 11 58 O 20
27561 27559 2 3 13 O 30
27559 27560 2 14 78 O 10
21048 23088 2 2 11 O 20
18301 21048 2 2 10 M 30
27568 27567 2 8 42 O 10
27564 27563 2 3 14 M 30
27566 27565 2 8 40 O 30
27570 27569 2 6 31 M 30
12492 12493 2 3 15 O 10
9451 22696 2 16 87 O 30
10379 27571 2 2 8 O 10
9450 18296 1 14 75 M 30
27574 19699 2 14 78 O 30
19699 27575 2 44 243 O 10
27575 4215 2 5 26 O 20
4393 5796 2 9 49 O 20
5796 27575 2 2 11 O 30
26545 8922 2 1 5 O 20
27577 8482 2 9 45 O 20
21326 21386 1 1 4 O 20
21386 21381 1 7 36 M 10
21381 21388 1 2 6 O 20
12407 28419 1 7 36 O 30
18313 12407 1 4 18 O 10
18325 18314 1 3 11 O 10
21334 21380 1 4 18 O 30
27580 308 1 8 39 O 20
2554 27581 2 9 45 O 10
27585 27586 2 16 85 M 20
27586 27587 2 12 62 O 30
27583 27584 2 16 85 O 20
27584 27588 2 9 49 O 10
27593 12288 2 16 85 O 10
27594 27599 2 14 76 O 30
27599 18704 2 2 11 O 30
27609 27595 2 10 53 O 10
27611 27610 2 10 54 O 30
27599 27598 2 5 23 M 30
27591 8909 2 2 9 M 10
27591 27590 2 4 17 O 10
27590 27589 2 6 28 O 20
27590 27592 2 5 24 O 30
27597 27596 2 3 16 O 20
27600 27605 1 6 28 O 20
27607 27601 1 8 39 O 20
27601 27600 2 10 50 O 30
27607 27604 1 2 7 O 20
27604 27602 1 3 11 O 10
27602 27603 1 8 42 M 10
27603 27605 1 2 10 M 30
27605 27604 1 9 46 O 20
27605 27608 1 6 29 O 10
27608 27607 1 5 22 M 30
27818 27608 2 5 24 M 30
27601 27606 2 12 62 O 10
27606 27600 2 4 18 O 20
27614 27613 2 2 6 O 10
9523 28638 2 7 34 O 10
28638 28637 2 2 7 O 30
27668 27797 2 12 61 O 10
27797 11560 2 4 22 M 10
27616 27615 2 9 46 O 10
27618 27617 2 7 37 O 10
27620 27618 2 5 22 O 30
27618 27619 2 4 21 O 10
27622 27625 2 3 15 O 30
27625 27623 2 8 42 O 20
27623 27621 2 5 24 O 10
27624 27623 2 2 10 M 20
27626 27625 2 2 10 O 20
27627 27636 2 3 16 M 30
27629 27628 2 2 10 O 20
27631 27630 2 7 35 O 10
27633 27632 2 5 23 O 10
27635 27634 2 2 7 O 30
27637 27635 2 4 17 O 20
27635 27629 2 2 10 O 20
27629 27636 2 4 20 M 10
27639 27638 2 18 97 O 10
27641 27640 2 4 18 M 10
27643 27642 2 2 8 M 20
27456 27641 2 6 31 O 30
27641 27643 2 7 37 O 10
27643 27644 2 3 12 M 10
27646 27645 2 3 13 O 20
27648 27647 2 3 14 O 30
27650 27649 2 6 28 O 30
27652 27651 2 8 42 O 20
27455 27653 2 15 83 O 10
27657 27654 2 3 14 O 20
27654 27656 2 6 32 O 10
27656 27655 2 4 20 O 20
27655 27654 2 3 12 O 30
27661 27659 2 9 48 O 20
24460 24459 2 8 42 M 30
27663 27664 2 2 7 M 20
27664 27662 2 2 7 O 20
27665 27664 2 2 10 O 30
27667 27666 2 7 35 O 10
27668 27665 2 4 17 O 10
27665 27667 2 1 1 M 20
27667 27669 2 9 45 O 30
15337 27670 2 20 110 O 30
20507 23861 2 5 24 O 20
13136 11461 2 3 15 O 10
27671 13136 2 4 19 O 10
27673 27674 2 4 20 O 30
27674 27675 2 2 9 O 20
27675 27673 2 3 14 O 30
27673 27683 2 3 11 M 10
27677 27676 2 8 43 O 20
27679 27678 2 8 40 O 10
27681 27680 2 6 30 O 10
27683 27682 2 4 19 O 30
27685 27688 2 2 11 M 10
27688 27684 2 12 65 M 30
27687 27686 2 5 26 O 20
27689 27687 2 3 16 O 20
27687 27688 2 3 16 O 20
27691 27689 2 8 42 O 20
27689 27690 2 13 67 O 10
27695 27696 2 7 39 O 10
27696 27694 2 2 10 O 10
23389 27696 2 4 19 O 10
27698 27697 2 3 16 O 10
27702 27699 2 3 12 O 20
27703 27700 2 8 43 O 20
11168 27704 2 9 47 O 10
27703 27702 2 3 13 O 10
27702 27698 2 3 14 O 20
27698 27701 2 3 14 O 30
9470 23581 2 7 35 O 20
27705 11168 2 9 48 O 30
12689 9808 2 9 45 O 20
9269 28664 2 16 88 O 30
28664 9255 2 11 57 O 30
18227 27707 2 6 30 O 10
10932 826 2 4 20 O 10
826 19322 2 3 15 O 30
19322 8828 2 3 15 O 30
9869 26367 2 9 48 O 10
8828 9869 2 3 14 O 30
21445 27709 2 2 9 O 10
21446 21447 2 5 25 O 20
9221 26382 2 2 7 M 20
9732 9734 2 5 24 O 30
27711 27710 2 6 29 O 20
27713 27712 2 9 48 O 20
23424 19323 2 4 22 O 20
19323 1565 2 2 8 O 10
1565 15885 2 8 39 O 10
15885 19325 2 5 25 O 20
19325 18860 2 9 49 O 20
27715 15862 2 8 41 O 10
9729 27715 2 6 28 M 20
21470 20621 2 13 72 O 20
9729 20615 2 3 14 O 10
27714 23415 2 9 49 O 10
9698 27714 2 6 28 M 30
17992 18361 1 2 8 M 20
12769 27716 2 9 46 O 10
27717 8422 2 8 44 O 20
8422 10211 2 8 44 O 20
18362 25930 2 3 12 O 10
25930 8621 2 3 13 O 10
18361 27718 2 10 52 O 30
9181 235 2 2 7 O 10
235 18361 2 13 70 O 10
27719 9181 2 16 85 O 20
18350 236 2 36 196 M 20
236 27719 2 9 45 O 10
8620 27720 2 3 15 O 30
17995 24518 2 4 19 O 30
9181 215 2 4 20 O 20
215 18354 2 11 57 O 30
19926 24652 2 7 38 M 10
19927 19926 2 8 44 O 20
9702 5893 2 7 35 O 20
23392 19925 2 10 52 O 10
23096 23392 2 7 37 O 10
8605 27722 2 5 25 O 10
21785 21786 1 4 17 O 20
21793 22120 1 3 14 O 30
21786 21794 1 3 16 O 30
21794 21793 1 3 15 M 10
27723 25078 1 3 12 O 20
25078 20452 1 7 35 M 10
23588 21165 2 3 12 O 30
22947 9970 2 9 46 O 20
17255 12144 2 19 103 O 30
27726 27725 2 16 84 O 30
11546 25704 2 8 42 O 10
25704 824 2 6 33 O 20
824 11547 2 1 2 O 10
27729 27728 2 9 47 O 30
15810 27730 2 25 139 O 30
27731 19250 2 6 28 M 20
17973 15234 2 22 120 O 10
27732 27733 2 5 23 O 30
27735 27734 2 10 54 M 30
20946 28446 2 2 6 O 10
28446 13996 2 12 66 O 20
13996 28503 2 2 6 O 30
28503 15248 2 6 28 O 20
15248 30225 2 5 24 O 20
30225 15249 2 5 24 O 10
15249 12005 2 3 12 O 30
12005 13998 2 9 46 O 30
13998 13983 2 11 57 O 10
27736 30075 2 3 14 O 30
30075 27737 2 11 60 M 30
19555 30074 2 3 15 M 30
30074 19553 2 11 58 O 30
19553 19554 2 10 51 M 20
19554 47 2 2 9 O 20
47 44 2 22 119 O 30
44 36 2 6 33 O 10
19553 27739 2 1 5 M 30
27739 27740 2 15 82 O 10
27740 27741 2 14 73 O 30
27741 27742 2 5 23 M 20
27742 27743 2 14 77 M 30
27743 27740 2 7 36 O 10
27741 27744 2 21 116 M 10
27744 27742 2 11 58 O 20
27744 27745 2 15 79 O 10
27745 27743 2 11 56 O 20
27745 27739 2 30 166 O 10
27746 8763 2 22 118 O 20
27747 27746 2 2 9 O 30
27749 27750 1 3 15 O 20
27750 27751 1 15 79 O 20
27751 30226 1 1 2 O 30
30226 27750 1 1 2 M 20
27751 27752 1 3 15 O 10
15861 27753 2 10 53 M 20
9365 28587 2 3 13 O 20
28587 27754 2 1 3 O 20
27757 27758 2 2 11 O 10
19153 17765 2 3 17 M 10
17765 19154 2 11 61 M 30
19154 17764 2 4 19 O 20
17764 26866 2 17 92 M 10
14267 18542 2 18 96 O 30
1548 27760 1 10 55 O 10
27759 18545 2 1 2 O 20
18545 18543 2 17 94 O 30
14266 27759 2 9 48 O 20
5328 28740 2 3 11 O 20
9182 27772 2 12 62 O 20
27774 18351 2 4 19 O 20
27765 27764 2 6 32 O 10
27764 27763 2 6 33 O 10
27763 27798 2 13 69 O 20
27798 27762 2 7 35 O 20
27765 27768 1 5 23 O 30
11595 27769 2 6 29 O 20
27770 13568 1 4 21 O 10
13567 27770 1 6 31 O 30
13567 13568 1 5 23 O 20
27771 27776 2 6 31 O 30
27775 27777 1 6 31 O 30
27779 27778 1 6 30 O 20
27781 27780 1 6 30 O 20
27783 27782 1 6 32 O 30
27785 27784 1 6 31 O 10
27786 13566 1 6 29 O 10
27788 27787 1 6 29 M 20
27790 27789 1 6 28 O 20
27792 27791 1 6 28 M 30
27794 27793 1 6 28 O 10
27796 27795 1 6 28 O 20
27769 27765 1 2 9 M 30
27798 27797 1 26 143 M 20
26523 23416 2 5 26 O 10
27801 26523 2 6 33 O 20
27802 26524 2 6 29 M 10
27803 27802 2 5 27 O 30
27804 27803 2 5 24 O 30
19184 27804 2 6 32 O 30
27806 27805 2 12 66 O 10
19357 23411 2 1 5 O 30
23411 27806 2 4 21 O 20
18745 23417 1 4 18 M 30
18747 18745 2 3 16 O 10
27805 8480 2 8 41 O 30
19353 7241 1 3 13 O 10
7241 19354 1 1 2 O 20
19354 19355 1 9 46 M 20
27808 27807 1 3 14 O 30
19356 19355 2 10 55 O 10
11013 17980 2 2 10 M 10
17985 11013 2 2 10 O 20
11014 26544 2 3 15 O 20
10560 10601 2 6 29 O 30
10601 27799 2 4 18 O 30
27800 10559 2 8 42 M 20
10595 17986 2 3 13 O 10
23831 24818 2 4 20 O 10
24818 27809 2 4 22 O 20
9706 2815 2 13 69 O 30
2815 23423 2 7 35 O 30
27810 27811 2 6 28 O 20
27822 27819 2 6 29 M 30
19300 20825 2 5 26 O 20
21136 21137 2 4 17 M 30
19298 27820 2 4 18 O 30
21135 21610 2 6 29 O 30
9443 19297 2 6 33 O 10
27817 27816 2 5 22 O 20
27816 27815 2 9 48 O 30
27813 11619 2 1 3 O 30
12132 27825 2 2 10 O 20
27827 27826 2 3 14 O 20
27829 27828 2 4 22 O 20
27831 22155 2 3 13 O 30
22155 12132 2 2 8 O 10
16473 15049 2 12 66 O 30
9768 9770 1 3 15 O 10
24482 24485 1 2 9 O 30
11387 27833 2 14 75 O 30
27832 15089 2 8 41 O 10
11384 27832 2 11 61 O 20
17163 17164 2 17 90 O 10
27833 22931 2 8 41 O 30
29553 12481 2 2 9 M 20
23428 27834 2 6 29 O 30
27835 23428 2 13 72 M 10
23468 27835 2 22 118 O 20
21148 5214 2 4 19 O 10
5214 5215 2 2 6 O 30
5215 10388 2 2 6 O 10
20947 27837 2 8 42 O 20
21554 21555 2 12 62 O 10
9768 21554 2 5 27 M 30
19076 12839 2 4 17 O 30
9761 12839 2 5 24 O 30
27839 9761 2 11 61 O 30
19077 11424 2 2 10 O 10
27844 19077 2 13 69 O 30
11424 21503 2 11 59 O 10
27841 27840 2 4 20 O 10
27842 27841 2 6 32 O 20
27843 27842 2 3 13 O 30
11423 18533 2 6 30 O 20
18533 17220 2 8 44 M 10
17220 27843 2 8 41 O 20
8917 22331 2 10 51 O 20
29753 9048 2 9 46 M 20
9048 8918 2 1 4 O 10
8918 8917 2 8 39 O 10
18578 22168 1 11 59 O 10
21292 8078 2 8 41 O 30
8078 20999 2 10 55 O 30
27845 27846 1 13 69 O 20
23252 6327 1 3 14 M 30
6327 27845 1 4 21 O 20
27847 24567 1 6 30 M 10
10683 27847 1 10 55 O 20
6524 19242 2 2 8 M 10
83 9193 2 5 27 O 20
9193 16411 2 15 81 O 30
8512 23253 2 2 8 O 20
16335 1825 2 13 69 O 10
8402 16335 2 3 12 O 20
8401 17022 2 15 79 O 10
18858 8399 1 34 188 M 10
27855 18858 1 16 87 M 10
27852 18857 1 21 116 O 10
11759 27852 1 6 32 O 10
27853 20657 1 13 69 O 10
27854 11760 1 9 49 O 30
21548 21549 2 78 432 O 10
21549 30161 2 2 9 O 20
27861 27865 2 6 29 O 10
27863 27862 2 6 29 O 10
27864 27866 2 6 29 O 20
27874 27867 2 7 36 O 30
27869 27868 2 7 36 O 20
27871 27870 2 7 36 O 30
27873 27872 2 7 36 M 10
27865 27862 2 3 16 M 10
27862 27866 2 4 17 O 20
27866 27875 2 3 13 O 20
27875 27873 2 4 17 O 30
27873 27871 2 3 15 M 10
27871 27869 2 3 15 M 10
27869 27874 2 3 15 O 30
27901 27876 2 6 31 O 30
18657 27859 2 3 11 M 20
27858 27859 2 3 14 O 20
27877 27892 2 1 4 O 20
27892 27879 2 1 2 O 10
27879 27860 2 5 25 O 20
27876 27877 2 3 16 O 10
27879 27878 2 15 78 M 10
27888 27887 2 4 21 M 10
27890 27889 2 4 21 O 30
27892 27890 2 2 10 O 30
27890 27888 2 2 11 O 30
27888 27891 2 14 76 O 30
27900 27901 2 3 13 O 10
18658 27882 2 2 8 O 10
27882 27886 2 1 1 O 30
27886 27884 2 2 10 O 20
27884 27900 2 3 15 M 20
27881 27880 2 8 40 O 10
27882 27896 2 3 13 M 30
27896 27894 2 2 9 O 10
27894 27881 2 2 8 M 30
27894 27893 2 4 22 O 10
27896 27895 2 5 23 O 20
27884 27883 2 11 60 O 30
27886 27885 2 12 64 O 20
23444 11383 2 2 10 O 30
27897 23444 2 7 37 O 30
27898 27897 2 9 45 O 10
27899 27898 2 9 47 O 30
12287 27899 2 3 11 O 30
15095 20963 2 14 75 O 10
15095 27903 2 1 3 O 10
27905 27904 2 4 17 O 30
27907 24399 2 4 18 M 30
24399 15097 2 5 26 O 20
11383 3729 2 2 11 O 30
3729 27902 2 7 36 O 30
22914 27913 2 1 2 M 30
27913 18629 2 4 19 O 10
27909 27908 2 7 38 O 30
27911 27910 2 7 37 O 20
27913 27909 2 4 21 O 10
27909 27911 2 3 14 O 30
27911 27912 2 2 7 O 20
27915 27914 2 12 65 O 30
27917 27915 2 14 73 O 20
27915 27916 2 3 12 O 30
18703 27922 2 13 70 O 20
27920 27919 2 16 84 M 10
27921 27918 2 15 83 O 30
18705 27923 2 16 86 M 20
27926 27925 2 15 83 O 10
27925 27924 2 13 69 O 10
27929 27928 2 5 23 O 30
8790 22985 1 6 30 M 20
27930 27931 2 13 68 O 30
27932 27933 2 13 69 O 30
27934 1551 2 2 11 O 30
1551 11233 2 7 36 O 20
18717 11386 2 2 11 O 20
22921 18407 2 4 19 O 20
22920 18405 2 6 29 O 10
18406 22921 2 5 26 O 20
18404 22920 2 3 13 O 30
20991 24394 2 7 38 O 20
23550 27938 2 4 18 O 20
27938 27937 2 4 21 O 10
8555 9249 2 20 107 O 20
27941 23360 1 2 9 M 10
25343 23361 2 4 20 O 10
25344 23360 1 8 40 O 10
23360 25343 1 5 26 O 20
27942 23355 2 6 29 O 10
23355 27963 2 2 9 M 10
27963 18717 2 6 33 O 10
27944 27943 2 6 29 O 30
27945 27947 2 15 80 O 10
27948 27947 2 6 30 O 20
27947 27946 2 10 50 O 30
27950 27949 2 6 30 O 20
27954 27951 2 3 12 M 10
27953 27951 2 4 21 O 20
27951 27952 2 3 12 O 10
27955 27950 2 4 18 M 20
27950 27954 2 1 4 O 30
27959 27958 2 15 79 O 10
27961 27962 2 5 24 O 20
27962 27960 2 4 19 O 10
27963 27962 2 4 19 M 10
27964 13383 2 5 23 O 20
27966 27965 2 5 24 O 10
27967 27971 2 6 29 O 20
27969 27968 2 4 17 M 30
27971 27968 2 4 17 O 20
27968 27970 2 6 33 O 20
13382 27959 2 22 117 O 30
27959 27942 2 16 84 O 20
1497 1450 2 6 30 O 10
1450 9826 2 4 19 O 10
26140 27973 2 5 26 M 30
27976 27979 2 3 16 O 30
27978 27977 2 6 30 O 10
23629 27978 2 9 44 O 20
27978 27979 2 11 60 O 20
27979 27975 2 4 20 O 30
19521 14226 1 6 28 O 10
26594 18281 1 3 16 O 10
19524 26594 1 7 35 O 20
27693 27981 1 7 36 M 10
11462 27672 2 2 9 M 30
13569 13570 1 5 28 M 20
13570 27769 1 5 24 O 30
27983 27984 2 7 34 O 20
27984 27982 2 3 13 O 20
27985 27984 2 3 14 M 30
23126 27980 1 12 61 O 30
23870 23126 1 4 20 M 20
27988 27987 2 5 24 M 30
27987 27990 2 12 67 O 20
27991 13571 2 10 52 O 20
13571 12978 2 10 53 O 30
27991 3755 2 4 18 O 20
3755 27992 2 5 26 O 30
27992 3732 2 23 128 O 10
27993 3752 2 4 18 O 30
3752 3737 2 32 173 O 20
27995 27994 2 34 184 M 10
27999 27998 2 6 32 O 10
27998 27997 1 11 57 M 10
27997 27996 1 9 46 M 10
27996 27998 1 2 6 M 20
28003 28000 2 11 58 O 30
28000 28002 2 13 69 O 30
28002 28001 2 8 44 O 10
28001 28000 2 5 26 O 30
24654 21394 1 9 45 O 30
21391 21392 2 3 14 O 20
28005 5684 2 1 4 O 10
28004 28005 2 2 6 O 30
28007 28006 1 10 51 O 20
28006 12267 1 31 167 O 20
26402 8706 1 3 13 O 10
28008 5025 2 7 37 O 30
16762 5024 1 12 64 M 20
17965 1688 1 3 13 O 30
1688 23817 1 2 6 O 30
23816 14047 2 3 12 O 20
17967 28011 2 5 27 O 10
28013 28014 2 13 69 O 30
28017 1863 2 5 27 O 20
1863 1858 2 13 68 M 30
1863 1862 2 4 22 O 10
1862 1860 2 4 18 O 20
1860 28018 2 3 15 O 10
28021 28022 2 6 32 O 10
28023 28024 2 4 22 O 20
28018 28020 2 5 28 O 10
28786 28024 2 7 34 M 30
28024 28022 2 4 21 M 30
28022 28020 2 2 11 O 30
28025 28785 2 24 132 O 20
28026 28027 2 10 52 M 10
28028 3316 2 8 42 O 30
3316 28029 2 18 100 O 30
28029 3314 2 35 194 O 30
28031 28030 1 5 24 O 10
28870 20158 2 3 11 O 20
18448 18447 2 13 68 O 30
20796 9961 2 5 24 O 20
9961 24584 2 6 33 M 20
24584 28034 2 10 52 O 30
28034 19849 2 2 9 O 30
26448 26447 2 4 18 O 30
9962 26445 2 8 44 O 10
28034 26444 2 6 29 O 10
28035 22932 2 12 64 O 30
28049 28036 2 3 15 O 10
28038 28037 2 4 19 O 10
28040 28039 2 4 19 O 10
28042 28041 2 4 21 O 10
28044 28043 2 5 22 O 30
28047 28045 2 3 15 M 10
26342 28047 2 3 12 O 10
28047 28046 2 5 24 O 10
26348 28048 2 2 10 O 30
13127 28051 2 10 55 M 20
17759 17758 2 7 35 O 20
8843 7564 2 13 72 O 30
7564 16897 2 4 17 M 20
28060 28059 2 10 54 M 10
5894 23189 2 4 18 M 10
9828 9259 2 2 10 O 20
28061 14419 2 7 38 O 20
17086 28063 2 4 18 O 10
21619 12287 2 2 10 O 20
18404 21619 2 8 44 O 20
26829 28065 2 3 16 O 30
13877 13867 2 6 28 M 10
9830 9829 2 6 32 O 10
7161 19872 2 8 44 O 30
21760 19880 2 8 41 M 10
28069 28068 2 5 23 O 30
28071 28070 2 9 47 O 30
28072 28073 2 6 29 M 20
21390 28074 2 9 49 O 20
9602 16712 2 6 32 O 30
16712 12891 2 5 24 O 20
28078 8252 2 2 10 O 20
28076 8252 2 2 10 O 30
8218 8219 2 7 37 O 30
8352 9596 2 11 59 O 10
28079 8283 2 8 39 M 10
28080 8218 2 3 12 M 20
28085 28084 2 4 20 O 10
28081 8349 2 14 76 O 20
8349 16539 2 33 179 M 30
16539 8270 2 8 42 O 10
28087 28086 2 37 202 O 30
8226 28088 2 7 33 O 10
28084 28083 2 3 16 O 30
16541 16542 2 18 99 O 20
11067 11066 2 7 38 O 30
28092 28091 2 14 73 O 30
28094 28093 2 17 89 O 30
9600 23647 2 6 29 O 30
8350 28078 2 5 24 O 30
28075 11474 2 6 33 M 20
12246 28085 2 2 9 M 30
28095 8226 2 8 44 M 10
28088 11160 2 3 13 O 30
28082 28081 2 10 51 M 20
28083 28082 2 5 26 O 10
28077 8252 2 3 13 O 20
8270 28097 2 5 24 O 10
8252 28075 2 2 10 O 30
11474 19723 2 3 13 O 20
11474 28096 2 8 40 O 10
28099 13718 2 5 26 M 30
16568 28098 1 6 29 O 30
28098 11770 1 3 15 O 30
13718 28098 1 8 42 O 10
28101 16568 2 3 14 O 20
13718 28101 2 6 29 O 30
1454 6568 2 11 59 O 30
6568 12780 2 6 30 O 20
12780 6567 2 3 13 O 10
6567 1455 2 27 145 O 20
1455 12574 2 9 46 O 20
12574 14700 2 55 302 O 20
28100 12432 1 5 23 O 30
28103 28104 2 15 81 O 10
11419 14263 2 12 63 M 10
22324 8378 2 30 162 O 10
8378 751 2 5 26 O 20
751 9047 2 11 56 O 10
10700 22325 2 16 84 O 10
14264 28105 2 3 15 O 10
23179 843 2 10 52 O 10
17041 14823 2 13 68 O 20
19707 12167 2 3 14 O 30
12164 12166 2 7 39 O 30
26288 8826 1 5 24 O 20
20142 7168 2 4 20 M 10
28110 28620 2 6 31 M 10
28620 13334 2 5 27 O 10
13334 20141 2 13 69 O 10
13336 28111 1 8 42 O 10
28112 28113 2 2 7 M 10
28112 13336 1 7 34 M 30
17650 9897 1 4 21 O 30
19870 20295 2 3 14 O 10
9476 18437 2 2 10 O 30
28118 284 2 4 17 M 30
28119 28116 2 9 49 O 10
2260 282 2 15 79 O 20
282 2257 2 3 13 O 20
28121 280 2 5 24 M 20
28124 28123 2 3 15 O 30
28127 28126 2 2 10 O 10
28130 28129 2 2 10 M 10
28132 28131 2 4 18 O 20
27986 28132 2 2 6 O 30
28132 28133 2 2 11 O 20
11017 27990 2 3 13 O 20
27990 5525 2 3 16 O 30
5525 27988 2 10 52 O 20
27988 5524 2 5 23 O 20
5524 9795 2 10 51 O 30
9795 28139 2 2 8 O 20
28139 28141 2 4 19 O 20
28141 28143 2 8 41 O 10
28143 28135 2 3 16 M 30
28135 15350 2 1 5 O 20
28136 28134 2 9 46 O 30
28141 28118 2 5 28 M 10
28118 28140 2 6 32 O 10
28139 28138 2 5 24 O 10
28138 27988 2 15 80 O 10
28138 28137 2 7 39 O 20
28135 28136 2 4 20 M 30
28136 28141 2 11 56 O 30
28143 28142 2 9 47 O 10
28144 28145 2 2 7 M 10
28146 9393 2 4 21 O 10
28147 28148 2 4 18 O 10
28149 28150 2 4 21 O 20
28151 28152 2 4 21 O 30
28153 28154 2 4 18 M 10
28155 28156 2 6 30 O 30
28157 28158 2 8 40 M 20
28159 28160 2 5 22 O 20
28161 28162 2 5 24 O 10
28163 28164 2 6 29 O 20
28165 28166 2 4 17 O 10
28167 28168 2 3 16 O 30
28170 28169 2 6 30 O 30
28171 28172 2 5 27 O 20
28173 28174 2 6 28 O 10
28175 28176 2 5 23 M 20
28179 28178 2 7 33 O 30
28180 28179 2 32 177 M 30
28179 9641 2 8 39 O 10
28182 28181 2 16 85 O 20
28183 28186 2 42 230 O 20
28188 28184 2 5 25 O 20
28189 28188 2 5 26 O 20
28188 28183 2 11 60 O 30
28183 28187 2 4 22 M 10
28187 28186 2 9 48 O 10
28186 28185 2 7 38 O 20
28199 28190 2 4 18 O 20
28192 28191 2 14 76 O 10
28197 28193 2 12 65 O 10
28195 28194 2 20 106 O 20
28198 28197 2 35 194 M 20
28197 28195 2 12 64 M 30
28195 28196 2 10 52 O 10
28201 28200 2 37 200 O 20
24518 6038 2 14 76 O 30
9630 18292 2 1 5 O 30
23440 8605 2 6 30 M 10
18290 28202 1 8 44 O 10
9476 28202 2 28 153 O 30
8623 18290 1 12 65 O 30
27720 9180 2 3 16 O 10
23050 8436 2 3 16 O 10
18294 28203 2 10 55 O 30
28204 5985 2 8 39 O 10
6594 28204 2 3 16 O 20
20703 15420 2 14 76 O 30
28208 28207 2 21 116 O 30
28209 28210 2 21 117 M 10
28209 28208 2 7 33 O 30
10422 28211 2 5 26 O 20
17407 28213 2 3 12 O 10
23143 23144 2 61 334 O 10
28214 23148 2 3 12 M 30
23148 23144 2 4 18 O 20
23144 23145 2 14 77 M 20
23145 7189 2 5 24 O 10
7189 23146 2 33 180 O 30
23145 23142 2 8 39 O 20
23142 23143 2 16 84 O 30
23143 23147 2 3 15 O 10
23147 28214 2 2 10 O 10
14642 28215 1 4 17 O 10
28858 28218 2 2 9 O 10
14700 28218 1 7 35 O 10
28102 14700 1 5 26 O 20
28217 28216 2 12 66 O 30
6561 28219 2 26 139 O 20
28225 28221 2 1 5 O 20
28223 28222 2 11 59 M 30
28226 28225 2 2 10 O 20
28225 28224 2 9 48 O 30
28234 28233 2 6 31 O 20
28233 28232 2 7 38 O 10
28232 28231 2 5 27 O 20
28236 28232 2 14 74 O 30
28232 28235 2 14 74 O 20
28237 28233 2 14 74 O 20
28233 9806 2 13 69 M 30
28239 28234 2 14 73 O 20
28234 28238 2 12 66 O 10
28278 28276 2 6 28 M 30
28276 9807 2 9 45 O 30
9807 28269 2 6 32 O 10
28269 28268 2 6 30 O 30
28268 7421 2 5 26 M 10
7421 3890 2 10 51 O 30
3890 28266 2 11 59 O 20
28266 28265 2 1 3 O 10
28265 13249 2 40 218 O 20
13249 28235 2 2 9 O 30
28235 9806 2 7 35 O 30
9806 28229 2 3 12 M 30
12937 12928 2 7 34 O 10
12928 28247 2 30 165 O 20
28260 28259 2 39 212 O 20
28243 28241 1 27 146 O 20
12930 28242 2 12 67 M 30
28242 28245 2 4 18 O 10
28245 28243 2 4 18 O 10
28244 28243 2 12 67 O 10
28246 28245 2 12 66 M 10
28249 28253 2 4 18 O 30
28253 28252 2 4 18 O 10
28252 28251 2 4 17 O 30
28250 28251 2 6 30 O 10
28251 28261 2 8 44 O 20
28261 28264 2 5 23 M 10
28263 28262 2 19 104 O 10
28262 28252 2 8 42 O 30
28254 28253 2 8 42 M 10
28255 28249 2 8 43 O 10
28249 28247 2 16 88 O 20
28247 28248 2 3 15 O 30
28248 12928 2 12 64 O 10
28256 28248 2 30 164 M 10
28258 28257 2 39 213 O 30
28261 28262 2 4 17 O 10
28262 28254 2 4 18 O 30
28254 28255 2 4 18 O 20
28255 3892 2 2 9 O 30
3892 28256 2 2 9 O 20
28256 3891 2 2 7 M 20
3891 28257 2 2 10 M 20
28257 3893 2 2 9 M 10
3893 28260 2 2 9 O 20
28260 3896 2 2 6 M 20
3896 28241 2 2 10 M 10
28241 3894 2 2 7 O 30
3894 3898 2 1 5 O 20
28261 28265 1 5 26 O 30
28266 28261 1 6 28 O 10
28268 28267 2 13 71 O 30
9807 28270 1 10 51 O 30
28270 28269 1 4 20 M 20
28272 28271 2 3 12 O 20
28274 28273 2 3 13 O 10
28276 28274 2 4 20 O 10
28274 28272 2 2 11 O 30
28272 28275 2 1 4 M 10
28278 28277 2 7 34 O 20
13495 28242 2 3 14 O 20
28281 28280 2 7 38 O 20
11130 11129 2 24 130 M 10
23019 16364 2 4 21 O 20
16364 20074 2 6 30 O 10
14466 25456 2 4 18 O 20
28279 16900 2 3 11 O 10
28282 28283 2 10 51 O 10
14466 28282 2 10 50 O 20
28285 28289 2 3 16 O 20
28289 28284 2 5 23 M 10
28288 28287 2 3 15 M 20
28287 28286 2 4 21 O 30
28290 28287 2 3 16 O 30
28287 28289 2 3 16 M 30
28282 28290 2 5 25 M 20
28290 28291 2 7 36 O 30
28293 28292 2 3 13 M 30
28295 28294 2 3 13 O 10
28297 28296 2 6 29 M 30
28299 28298 2 3 15 O 20
28301 28300 2 5 26 O 10
28303 28302 2 4 21 M 20
28305 28304 2 4 21 O 10
28307 28306 2 3 14 O 30
28309 28308 2 6 30 M 10
28311 28310 2 4 19 O 10
28313 28312 2 13 71 O 30
28315 12557 2 12 62 O 10
12557 28316 2 10 51 O 30
8371 8512 2 5 24 M 20
23349 2234 1 6 33 O 10
2234 2219 1 16 85 O 30
2219 2218 1 4 20 M 20
2218 2220 1 7 34 O 30
2220 2222 1 8 41 O 30
2222 2224 1 5 26 O 20
2224 2223 1 2 8 O 10
2223 2225 1 4 20 O 10
2225 20294 1 6 31 M 20
22402 19628 2 19 105 O 30
28319 28318 2 8 40 O 20
19559 28320 2 9 45 O 10
12573 28323 2 6 29 O 20
28321 12573 2 6 33 O 20
14766 13722 2 4 20 O 10
11433 28322 2 15 79 O 10
14437 8601 2 23 127 M 30
28323 11433 2 16 85 O 10
7307 22847 2 7 36 M 20
20083 22830 1 17 91 O 10
28325 28324 2 4 21 O 30
28328 28326 2 5 24 M 20
28329 28328 2 22 120 O 30
28328 28330 2 3 16 O 20
28330 28325 2 5 23 M 30
28325 28327 2 13 70 O 10
28331 28330 2 11 56 M 30
28333 28332 2 6 32 O 20
28335 28334 2 3 15 O 30
23574 28333 2 1 3 O 30
28333 28335 2 7 34 O 30
28335 28337 2 6 28 O 20
28337 28338 2 4 19 O 20
28338 28336 2 3 12 O 20
13723 28338 2 3 16 O 10
23574 28331 2 4 19 O 30
28331 28340 2 4 18 M 10
28340 28341 2 13 68 O 30
28340 28339 2 6 29 O 10
22936 8600 2 3 12 O 20
28345 28344 2 2 7 O 30
21389 21385 1 1 4 O 30
21385 21325 1 2 6 O 20
2893 22488 2 4 18 M 30
18048 26738 1 2 11 O 20
28349 28350 2 11 58 O 10
28352 28351 2 6 31 O 20
22074 22076 2 3 16 O 30
22076 28359 2 3 14 O 30
28359 28357 2 3 16 M 10
28357 28355 2 3 14 O 10
28355 22077 2 2 10 O 30
22077 28352 2 7 34 O 10
28352 28353 2 31 171 O 20
28354 28355 2 5 23 O 10
28355 20493 1 11 56 O 10
28357 28356 1 11 57 O 30
28359 28358 1 11 57 O 30
22789 22791 2 3 13 O 20
22791 22074 2 4 19 O 20
13721 28360 2 9 48 M 10
28362 28361 2 8 43 O 10
23114 23113 2 10 52 O 10
28369 28368 2 7 34 O 20
28370 28366 2 3 12 M 10
28366 28365 2 3 11 O 10
28365 28369 2 3 11 O 10
28371 28370 2 7 34 M 30
28365 28364 2 7 34 M 20
28367 28366 2 7 34 O 10
28372 28368 2 3 14 M 30
28368 28364 2 3 11 O 10
28364 28367 2 3 11 M 10
28367 28371 2 3 12 O 20
18784 29750 2 2 6 O 10
14782 9987 2 8 39 O 10
28377 28376 2 2 8 O 30
28378 28377 2 2 7 M 20
9141 28378 2 1 4 O 20
28379 28380 2 18 95 O 30
28385 28384 2 5 26 O 10
14282 28388 2 6 30 M 30
28388 28386 2 1 4 O 10
28388 28387 2 4 21 M 10
28391 28390 2 5 24 O 20
8568 8570 1 5 23 O 20
28395 28393 2 3 14 O 10
28395 28394 2 21 114 O 10
27024 12216 2 30 164 O 20
13695 27022 2 12 65 O 10
28396 6136 2 9 47 O 30
28400 28399 2 5 28 O 20
28401 12807 2 15 79 M 20
28403 28402 2 12 66 M 30
28404 896 2 10 52 O 10
9500 28406 2 5 26 O 30
28407 28408 2 8 40 O 30
8227 1106 2 3 15 O 20
1106 11124 2 7 38 O 30
8531 8227 2 12 65 O 10
24711 24712 1 8 41 M 30
24711 8529 2 9 48 O 30
24713 24711 2 6 33 O 30
22160 22161 2 12 62 O 20
28415 28413 2 15 82 O 20
16877 28415 2 6 31 M 10
28423 854 2 2 11 O 20
854 28422 2 16 88 O 10
28427 28424 2 12 66 O 20
28428 28427 2 20 111 O 20
28427 28425 2 5 23 O 20
20148 28429 2 18 96 O 10
13197 28430 2 15 81 O 20
28429 13199 2 6 33 M 30
13199 13203 2 3 16 M 10
20148 28431 1 18 98 O 30
28431 28429 1 9 45 O 30
8690 22189 2 9 45 O 30
22189 12944 2 6 30 O 10
14549 13761 2 3 14 O 20
13761 8193 2 6 29 O 30
8193 23226 2 5 27 O 20
23226 8678 2 8 42 O 10
8692 8773 2 13 69 O 30
8691 29957 2 2 8 O 10
8691 21410 2 12 63 O 20
21410 22192 2 6 29 O 30
22192 22196 2 8 39 O 20
22196 8194 2 8 41 O 20
8194 17484 2 10 55 O 20
17484 28433 2 9 45 O 30
28433 8690 2 2 9 O 10
8770 8771 2 16 85 O 10
22535 8773 2 13 69 O 10
8771 8772 2 19 103 O 10
8772 22535 2 7 34 M 10
18317 8705 1 4 21 O 20
8769 18318 2 2 10 O 10
1376 18318 1 7 39 O 20
16663 16662 2 1 4 O 30
28436 22194 2 6 29 O 10
26073 26074 2 7 38 O 20
8695 28438 2 3 13 O 30
8549 22336 1 2 6 O 10
25919 5515 2 7 37 O 30
8562 18773 2 18 95 O 10
18773 22803 2 1 5 O 10
8699 8698 2 26 144 O 20
8698 28548 2 12 65 O 10
28548 18768 2 10 50 M 30
18768 18775 2 17 91 O 10
28439 15916 2 12 64 O 10
9865 28439 2 9 45 O 20
15916 25918 2 18 97 O 10
9005 9006 2 5 27 O 10
18328 12405 2 12 62 O 20
12405 23260 2 3 12 M 20
23236 5810 2 2 9 O 30
12045 23260 2 10 51 O 20
28440 16278 2 5 24 M 20
28444 28443 2 9 48 O 30
5813 28444 2 3 12 O 20
28444 28445 2 8 42 O 20
5813 28440 2 4 20 O 10
28441 16279 2 8 42 O 10
15756 28447 2 5 24 O 10
13983 20947 2 6 32 O 30
13987 13984 2 5 26 O 30
17103 15735 2 9 49 O 20
15750 15751 2 3 15 O 30
11241 12224 2 3 12 O 20
12224 15784 2 11 60 O 20
15034 18972 2 7 34 O 20
18535 18971 2 5 23 M 30
11603 21631 2 23 125 O 20
11800 18535 2 3 12 O 30
15736 27000 2 5 25 O 20
27000 26998 2 2 7 O 10
26998 11800 2 1 2 M 30
17655 11604 2 20 108 O 20
26992 15034 2 10 53 O 30
28451 11605 2 5 24 M 30
20751 17081 2 5 25 O 20
21631 21630 2 13 71 O 20
28449 11603 2 13 71 O 20
18528 19142 2 28 155 O 20
21630 23221 2 10 55 M 30
18530 11242 2 8 41 O 10
19534 18528 2 20 108 O 10
18529 18536 2 3 12 O 30
18536 18530 2 7 38 O 20
12572 12169 2 7 36 O 30
8681 12572 2 3 17 O 30
28453 18973 2 7 34 O 10
18973 8681 2 3 14 O 10
28460 28459 2 4 19 O 10
28458 28456 2 2 9 M 10
28459 28458 2 6 28 M 10
28458 28457 2 5 27 O 30
28460 28454 2 1 5 O 10
17030 28460 2 7 34 O 30
28455 23225 2 4 17 O 10
23228 8678 2 15 82 O 30
17112 17111 2 2 6 M 30
17111 23228 2 4 20 M 10
29951 17436 2 25 137 O 10
28467 28470 1 1 5 O 20
28471 7837 1 10 53 O 20
7837 28468 1 2 7 M 20
28472 11438 1 5 26 O 30
4360 7837 1 2 8 O 20
28472 28469 1 5 27 O 10
28470 19640 1 17 94 O 30
28468 28467 1 13 69 O 20
28471 26982 2 3 12 O 10
19640 28472 1 12 64 M 20
28462 28461 2 10 55 O 30
28474 28463 2 6 30 O 30
28464 11437 2 5 28 O 20
11437 19640 2 21 113 O 20
28463 28473 2 3 16 O 20
28473 28464 2 6 28 O 30
11357 28478 1 4 20 O 20
28481 28480 2 9 45 O 20
28484 28483 2 3 16 M 30
28485 28484 2 2 7 O 20
28483 28482 2 4 20 O 10
28487 28486 2 3 11 O 30
28488 28487 2 3 14 O 30
28489 28488 2 2 7 O 20
28491 28490 2 5 23 O 20
28492 28491 2 3 12 O 20
28493 28492 2 2 8 O 30
28496 28495 2 3 15 M 30
13299 28496 2 2 8 O 10
28495 28494 2 7 38 O 20
28498 28497 2 7 37 M 30
22543 8539 2 2 9 O 20
23793 28499 2 5 24 O 20
28501 28500 2 5 26 O 30
28503 28502 2 5 26 O 20
8923 20946 2 2 10 O 20
8737 28505 2 9 47 O 30
11797 4355 2 27 150 O 30
8727 28584 2 6 28 M 20
18883 12262 2 25 136 O 20
12262 11978 2 14 76 O 30
11978 28543 2 12 66 M 20
13988 15729 2 7 37 O 10
11798 13988 2 3 14 O 20
11801 26992 2 21 113 O 20
28544 11801 2 4 22 O 20
12671 28544 2 4 19 O 20
28545 12671 2 4 17 O 30
14045 15935 2 8 42 O 30
15935 11752 2 8 41 O 20
11752 11750 2 9 48 O 20
11750 11802 2 24 133 O 30
11802 28545 2 6 31 O 20
28541 8189 2 8 40 O 30
8190 28541 2 10 53 O 30
8189 14045 2 7 35 O 20
16240 8191 2 6 31 O 30
8191 8190 2 10 51 O 20
28546 8693 2 7 36 O 20
8694 18548 2 4 19 O 10
18548 9895 2 13 68 O 20
9895 12195 2 11 61 M 30
12195 9892 2 13 70 O 20
9892 18552 2 5 23 O 30
18552 28546 2 7 38 O 10
28547 22804 2 7 35 O 10
15906 28547 2 7 34 O 10
8463 1227 2 2 10 O 30
1227 26880 2 6 32 O 10
26880 28549 2 2 6 O 20
28551 28552 2 6 31 O 10
16389 15953 2 3 13 O 10
15953 28551 2 6 29 O 20
28552 20785 2 7 37 O 20
20784 16389 2 14 75 O 20
22285 10124 2 3 15 O 10
28553 28601 2 5 28 O 30
28553 11171 2 2 10 M 30
9359 9360 2 3 12 O 10
9360 28571 2 6 32 O 30
28571 22362 2 5 23 O 10
28555 28554 2 2 7 M 10
9850 9849 2 2 9 O 30
28557 28556 2 2 7 M 10
9011 28558 2 4 18 M 10
28560 28559 2 5 23 M 30
28562 28561 2 4 19 O 30
28564 28563 2 5 25 O 20
22382 28565 2 6 33 O 10
9013 28566 2 1 4 O 10
28571 28570 2 1 6 O 10
28573 28572 2 4 18 O 10
28574 28576 2 3 16 M 30
28576 28575 2 6 33 O 30
28580 28579 2 2 9 O 10
28577 5398 2 3 12 O 10
28581 28582 2 8 43 O 20
8229 8272 2 7 36 M 20
8272 28581 2 4 20 O 20
8279 8280 2 12 65 O 30
8280 8281 2 6 33 O 10
8281 8282 2 6 33 O 10
8282 9592 2 6 32 O 20
9592 16540 2 6 31 O 10
16540 8249 2 7 37 O 10
21502 8197 2 13 69 O 10
8639 28583 1 4 22 O 20
28584 11797 2 3 13 O 30
18864 20497 2 2 6 M 30
28588 9318 2 7 37 M 10
28590 28589 2 4 20 M 20
28593 28591 2 6 32 O 30
28595 28593 1 1 4 O 10
28593 28590 1 4 17 O 20
28590 28592 1 20 109 O 20
28596 28595 1 11 56 O 10
28595 28592 1 8 44 M 30
28592 28594 1 2 10 M 20
28598 28599 2 4 22 O 20
28601 28600 2 4 17 O 10
28616 28618 2 6 30 O 10
9640 28616 2 19 104 O 10
28618 28617 2 20 111 M 30
28619 9632 2 3 13 M 30
9635 21751 2 2 9 O 10
28625 28624 2 3 16 O 30
28626 28625 2 3 15 O 20
28627 28626 2 2 6 O 20
28629 28631 2 9 47 O 30
28631 28628 2 6 33 O 10
28631 28630 2 3 15 O 10
28633 28630 2 9 47 O 10
28630 28634 2 1 2 O 20
28634 28632 2 6 31 O 20
28635 28634 2 4 21 O 10
10891 12688 2 5 23 O 10
26289 26285 1 2 8 O 20
29254 28637 2 2 9 O 20
9523 9202 2 14 75 O 10
12691 28670 2 5 27 O 20
28670 28640 2 11 61 O 30
28640 9267 2 4 22 O 30
28640 28639 2 4 18 M 20
28642 28641 2 9 46 O 20
28645 10886 2 4 21 O 30
28647 28648 2 4 19 M 20
28648 28646 2 3 16 O 10
28649 28648 2 11 59 O 30
23578 26300 2 2 10 O 30
26300 28649 2 5 26 O 20
9268 860 1 6 31 M 20
860 859 1 4 19 M 20
859 856 1 3 16 O 30
856 28422 1 2 6 M 30
28422 30144 1 4 17 M 30
12546 869 1 13 70 O 20
869 871 1 5 26 O 10
871 873 1 5 26 O 10
873 12697 1 10 51 O 30
12697 12534 1 19 105 O 20
28650 19760 2 7 34 O 10
26291 28657 2 5 23 O 20
10871 25897 1 5 27 O 20
25897 12687 1 4 20 O 20
12687 28659 1 14 75 M 30
28659 12546 1 11 61 M 20
28659 28658 2 5 27 O 30
16617 25896 1 15 83 O 30
19760 12697 1 12 65 O 30
28666 28665 2 10 50 O 10
28662 28663 2 5 25 O 20
28663 28661 2 10 51 M 20
28664 28663 2 10 54 O 20
28653 28651 2 4 17 O 20
28654 28653 2 3 13 O 20
28653 28652 2 4 20 M 30
28656 28655 2 6 28 O 30
28668 28669 2 7 38 M 30
28669 28667 2 4 20 O 20
28670 28669 2 2 10 M 10
22354 28671 2 9 48 O 20
28674 28673 2 8 43 M 30
28676 28675 2 5 24 O 10
28678 28677 2 3 16 O 30
28680 28679 2 4 17 M 30
28682 28681 2 3 16 O 30
11435 12665 2 4 22 O 10
12665 28680 2 22 119 O 20
28680 28682 2 2 11 O 30
28682 28678 2 4 18 O 20
28678 28676 2 5 24 O 30
28676 28674 2 4 21 O 20
28674 11436 2 5 24 M 30
28684 28683 2 4 18 O 10
28687 28686 2 2 10 O 10
28693 28692 2 7 35 O 30
25446 28694 2 6 28 O 10
28691 28690 2 13 67 O 20
28695 8114 2 2 10 O 20
15354 8534 1 8 43 O 30
28696 28750 2 1 5 O 20
28750 25445 2 1 6 O 30
25445 16660 2 4 19 M 30
16660 2735 2 5 22 M 10
2735 22670 2 3 15 O 10
22670 28752 2 13 67 O 20
28752 25444 2 8 40 O 20
14302 9471 2 3 14 O 20
22670 28749 2 4 22 O 20
28749 28747 2 3 13 M 20
26673 16660 2 7 34 O 10
28699 28698 2 2 11 O 20
28700 28699 2 1 3 O 10
28698 28697 2 5 23 O 20
28703 28702 2 9 48 O 10
16942 26212 2 3 12 O 20
26212 26210 2 7 34 M 20
26210 22799 2 3 15 O 20
17167 17177 2 3 16 O 10
17177 17175 2 3 16 O 30
17175 17173 2 3 16 M 20
17173 17171 2 3 16 O 10
17171 17168 2 3 16 O 10
11389 26261 2 14 77 M 10
26261 11390 2 6 29 O 30
17168 17169 2 11 59 O 20
17166 17167 2 11 60 O 30
28705 19039 2 14 73 O 20
12464 21226 2 12 63 O 10
12340 12464 2 9 48 O 30
21226 28705 2 14 75 O 10
19039 28706 2 8 40 O 30
4551 8413 2 4 18 O 30
20484 29233 2 3 15 O 10
9477 20484 2 10 55 O 10
20485 28709 2 6 29 O 20
28711 2522 2 4 17 O 30
2522 2520 2 3 11 O 20
2520 28710 2 7 35 O 20
28710 28708 2 6 29 O 20
8413 9477 2 2 8 O 30
8413 22814 1 3 12 O 20
22815 28710 1 2 8 O 20
29233 8414 2 9 48 O 10
28714 28713 2 2 7 O 30
9413 30149 2 2 7 M 30
30149 9316 2 2 6 M 20
9315 9413 2 4 21 O 20
9019 15860 2 5 27 O 30
15860 30150 2 6 28 O 10
30150 22267 2 10 53 M 10
9316 9019 2 10 52 O 20
9068 26415 2 5 26 O 10
26415 26413 2 38 208 O 10
26413 9068 2 12 63 O 30
20469 12682 2 5 26 O 30
21635 8524 2 4 18 M 10
18954 28716 2 5 23 O 30
28715 28717 2 7 36 O 10
18956 20228 2 12 62 O 20
20228 26906 2 3 13 O 20
5685 26907 2 7 37 O 30
26907 21990 2 3 13 O 10
28717 18956 2 6 29 O 30
1871 8857 1 20 108 M 20
8421 16686 1 2 10 O 30
17244 3094 2 5 26 O 10
28722 28721 2 11 61 M 30
28723 30146 2 3 12 O 20
28724 30145 2 3 15 O 30
11027 11029 2 18 95 O 30
11027 4390 2 3 16 O 20
28725 28726 2 8 41 O 10
22108 28727 2 6 32 O 30
28728 11027 2 15 81 O 10
28729 28728 2 3 13 O 10
824 28730 2 3 14 O 10
10685 18577 2 40 218 O 10
28734 28733 2 1 5 O 30
28737 28736 2 1 4 O 20
28738 28737 2 5 23 O 20
28736 28735 2 9 47 M 10
28739 22672 2 6 28 O 10
13196 13203 2 3 12 O 30
18680 10747 2 2 8 O 20
28740 27773 2 4 18 M 10
9179 15443 2 1 3 O 30
19913 28741 1 6 30 O 10
15444 15442 1 7 38 O 30
13338 25633 1 4 22 O 30
13339 8470 1 3 16 O 30
22893 22894 1 20 106 O 10
22892 22893 1 13 68 O 10
16667 25304 1 8 43 O 30
28744 28743 2 2 10 O 10
25636 28744 2 3 14 O 20
28744 28742 2 7 36 M 30
17443 17441 2 2 8 O 20
10747 8441 1 4 21 O 20
24467 7150 1 6 33 M 10
28752 28748 2 7 35 M 20
11518 12241 2 8 42 O 10
28748 28747 2 13 67 O 10
28747 22669 2 2 10 O 10
28748 28751 2 5 27 O 30
28750 28749 2 16 86 O 30
16767 23303 1 11 56 O 30
25063 16765 1 8 40 O 10
16766 22172 1 3 16 O 20
26439 25063 2 2 7 O 30
22898 10162 2 3 13 O 10
10162 29371 2 4 22 O 20
17043 12429 2 3 13 O 20
12429 16769 2 2 11 O 10
16769 22898 2 2 10 O 30
17042 21696 1 11 59 O 20
16769 17042 1 4 18 O 30
21536 16914 1 9 49 O 20
18006 21007 2 8 39 O 20
28757 18006 2 10 54 O 20
20991 17043 2 4 20 M 30
28753 28754 2 17 92 O 30
28755 28756 2 40 219 O 20
10686 10687 2 11 56 O 10
1607 10686 2 15 80 O 20
28760 28758 2 8 39 O 30
28761 28760 2 10 53 O 30
28760 28759 2 7 36 O 30
28763 28761 2 11 58 M 10
28761 28762 2 9 45 O 10
20357 28765 2 9 45 O 10
9130 28766 2 2 7 O 30
28766 20357 2 2 7 O 10
23882 9513 1 10 53 M 20
21059 10227 2 4 17 O 30
10227 10974 2 5 23 M 20
10974 23589 2 2 7 O 30
23589 28771 2 3 16 O 20
28771 28767 2 7 38 O 20
18075 28768 2 4 19 O 20
28769 18075 2 2 8 O 30
18075 16144 2 4 22 O 10
28771 28769 2 16 89 O 20
28769 28770 2 4 19 O 30
28767 28768 2 18 100 O 10
21355 10736 2 3 15 O 20
12550 21355 2 7 34 O 30
10409 12550 2 3 14 M 10
28774 28775 2 6 29 O 30
28778 11520 2 7 35 O 20
28780 28779 2 6 28 O 20
28777 28776 2 15 79 O 30
10094 28781 2 8 41 O 30
5206 5207 2 8 39 M 20
17451 21361 2 28 154 M 10
17449 17453 2 13 69 O 20
17453 10093 2 2 9 M 10
10736 21361 2 4 17 O 10
21361 5206 2 3 15 M 30
5206 17451 2 1 1 M 20
17451 10094 2 4 20 O 10
10094 17449 2 2 8 O 10
9296 9291 2 3 13 O 10
9292 9289 2 5 23 O 30
16165 24314 2 4 21 O 30
24314 24200 2 2 9 O 20
24200 28787 2 4 18 M 30
28787 16170 2 4 18 O 10
16170 13932 2 4 18 O 10
13932 28788 2 6 30 O 10
28788 16175 2 5 24 M 30
21765 24356 2 22 122 O 30
24356 21857 2 4 21 M 20
9302 9300 2 8 39 O 30
16092 10099 2 3 14 O 30
25917 24526 2 3 13 O 30
10099 24529 2 3 13 O 10
10099 10987 2 3 14 O 10
25689 28789 2 5 27 O 10
25776 17423 2 7 39 M 30
17423 10099 2 6 28 O 10
10987 25689 2 12 64 O 30
24529 24531 2 1 3 O 30
24531 24528 2 1 5 O 30
24528 25917 2 9 48 O 30
4408 16091 2 3 16 O 30
28793 10417 2 3 14 M 30
21112 28800 2 59 327 M 10
21112 28793 1 7 35 O 20
28795 28792 2 15 81 O 10
28796 28792 1 10 54 O 10
28792 10349 1 11 58 O 30
28798 25834 2 13 70 O 20
28800 28799 2 6 33 O 10
15384 15383 2 6 30 O 30
15385 15386 2 6 30 M 30
15383 15382 2 21 113 M 20
4383 28802 2 9 45 O 30
23027 20827 2 1 4 O 20
28808 28807 2 2 9 M 30
28810 28809 2 6 31 O 20
28809 28808 2 3 14 O 30
28808 28813 2 5 26 O 20
28812 28811 2 5 24 O 20
27935 28813 2 3 16 M 30
28813 28812 2 13 67 O 30
21057 10168 2 8 41 O 20
10168 10086 2 17 89 O 10
10086 21058 2 4 17 M 30
21058 27935 2 12 66 O 10
27935 21822 2 15 80 O 10
23337 10620 2 2 8 O 20
28815 29845 2 9 46 O 30
29845 28814 2 5 23 M 10
25075 11225 2 7 35 O 10
11225 22850 2 6 28 O 30
1969 23338 2 4 20 O 20
28817 28816 2 5 26 O 20
28819 28818 2 5 27 O 10
28822 28821 2 3 11 O 30
28823 28822 2 2 9 O 10
28821 28820 2 4 20 M 30
28841 28824 2 3 16 O 30
28826 28825 2 2 10 O 10
28827 28826 2 3 13 O 30
28828 28827 2 2 9 O 10
28830 28829 2 5 26 O 10
28835 28834 2 2 10 O 20
28836 28835 2 2 8 M 30
28833 28831 2 2 9 O 10
28834 28833 2 1 5 O 20
28833 28832 2 7 36 O 30
28839 28838 2 3 12 M 20
28840 28839 2 2 7 O 10
28838 28837 2 4 21 O 30
28846 28845 2 3 12 O 20
28847 28846 2 2 8 O 20
28850 28849 2 2 8 O 20
28851 28850 2 2 8 O 30
28843 28842 2 3 14 O 20
28842 28844 2 5 27 O 30
28844 28841 2 20 107 O 20
28841 28842 2 7 37 O 20
28845 28832 2 1 3 O 20
28832 28830 2 4 20 O 20
28830 28817 2 4 20 O 30
28817 28844 2 2 10 O 20
28849 28843 2 11 60 O 10
28843 28848 2 11 56 O 10
10308 20828 2 3 14 O 10
10735 28794 2 6 33 O 10
28794 28793 2 2 8 M 20
26499 23235 2 11 57 M 30
8968 26498 2 8 44 O 10
26498 26499 2 4 17 O 30
9365 9364 1 3 12 O 30
9364 28875 1 3 13 O 10
28878 28877 2 9 45 O 10
1366 1779 1 1 5 M 20
1779 1780 1 3 14 O 20
13765 28879 2 7 34 O 30
28883 12680 2 2 10 O 30
21538 852 2 6 29 O 10
15276 28883 2 9 46 O 30
28882 12680 2 4 18 O 10
28881 28882 2 8 41 O 10
12680 15275 2 13 71 O 30
15275 15287 2 2 10 O 30
11399 19958 2 5 28 O 20
19958 28884 2 3 11 M 10
28886 15974 2 8 43 M 10
28969 16848 2 32 173 O 30
16848 29341 2 12 62 M 20
29341 15613 2 6 31 O 30
15613 29338 2 4 21 O 30
29338 29333 2 7 34 O 10
29333 15607 2 4 18 O 10
15607 16880 2 8 41 O 10
16880 29346 2 5 26 O 30
29346 29349 2 6 29 O 30
29349 15972 2 2 6 O 30
15972 28886 2 2 7 O 20
28960 28887 2 5 24 M 20
28889 28888 2 5 23 M 20
28890 28925 2 4 17 O 10
28891 28923 2 3 15 O 10
28893 28892 2 4 19 O 10
28895 28894 2 5 26 O 30
28896 28917 2 5 27 O 10
28898 28897 2 6 28 O 30
28900 28899 2 14 73 M 30
28902 28901 2 8 40 O 30
28913 28912 2 15 79 O 30
28905 28904 2 4 22 O 20
28907 28906 2 9 49 O 30
28909 28908 2 5 24 O 10
28911 28910 2 7 34 O 30
28903 28913 2 15 79 M 20
28915 28914 2 6 33 O 10
28917 28916 2 7 34 M 10
28919 28918 2 4 19 O 30
28921 28920 2 11 56 O 30
28923 28922 2 10 53 O 10
28925 28924 2 11 56 O 10
28927 28926 2 15 79 M 30
28929 28928 2 14 76 O 30
28932 28930 2 8 44 O 30
28933 28932 2 3 11 O 20
28932 28931 2 5 24 O 30
16699 28934 2 13 69 O 30
28934 16698 2 5 24 O 30
28936 28935 2 11 57 O 20
28938 28937 2 13 72 O 10
28940 28939 2 13 67 M 30
28942 28941 2 5 23 M 10
28944 28943 2 8 44 O 20
28946 28945 2 2 6 O 30
28948 28947 2 6 30 O 10
28950 28949 2 10 55 O 10
28952 28951 2 4 21 O 20
28958 28953 2 7 37 O 10
28961 28954 2 5 24 O 30
28955 28956 2 3 14 O 20
28956 28946 2 6 33 M 20
28946 28961 2 8 41 O 20
28961 28962 2 5 25 O 30
28962 28948 2 5 28 O 10
28948 28950 2 7 38 M 10
28950 28952 2 4 19 O 10
28952 28960 2 6 29 O 10
28960 28959 2 1 5 O 20
16697 6862 2 3 12 O 30
16882 12844 2 4 20 O 20
28963 16882 2 4 22 O 20
20135 16697 2 5 27 O 20
12400 11564 2 6 33 O 20
28965 28964 2 16 88 O 20
12404 28967 2 8 41 M 30
28967 18965 2 2 9 O 10
11496 2625 2 7 35 O 10
2625 11565 2 8 44 O 30
28968 28969 2 3 15 O 20
15123 28968 2 25 136 O 30
18965 6860 2 11 58 O 30
28967 28966 2 8 39 O 20
18963 22346 2 1 5 O 20
21742 18963 2 2 7 O 10
28971 29441 2 2 8 O 30
28973 28972 2 4 21 O 10
28974 28975 2 8 39 O 10
21777 28973 2 4 20 O 10
28973 28974 2 3 12 O 30
9156 8533 2 3 12 O 30
28977 28976 2 6 32 M 30
28979 28978 2 9 45 M 30
28981 28980 2 10 51 O 30
17448 28806 2 3 13 M 20
29220 28986 2 7 38 O 10
5307 28985 1 10 54 O 20
28985 28984 1 4 18 M 30
28987 24334 2 11 56 O 10
24365 28989 2 39 213 O 20
28991 28990 2 10 52 O 10
7068 7081 1 2 11 M 30
2028 20378 2 2 9 M 20
20378 20376 2 8 39 O 20
20376 20377 2 6 33 O 20
20377 20605 2 7 38 O 10
20605 4249 2 9 48 O 20
28992 12676 2 6 31 O 20
12676 20231 2 4 21 O 20
21484 20233 2 12 65 M 20
20233 28992 2 3 15 M 20
28994 28993 2 3 15 O 30
9319 9227 2 27 146 O 10
28587 28586 2 4 18 O 20
3850 29002 1 3 12 O 30
29002 28996 1 2 7 M 10
28996 3850 1 1 5 O 20
28999 28998 2 5 23 O 10
29000 29001 2 9 45 O 30
28999 29001 2 13 68 O 20
29006 29008 2 2 7 O 20
29008 29007 2 6 30 O 30
29010 29008 1 3 13 O 10
29008 29009 1 3 13 O 30
28009 29011 2 10 54 O 20
16110 15293 2 8 43 O 20
15429 29015 2 7 34 O 10
15428 15429 2 4 21 O 20
29019 29016 2 5 23 M 30
29018 29017 2 7 38 O 10
29022 29021 2 6 29 O 10
29021 29020 2 6 29 O 20
29023 29029 2 6 28 O 10
17280 29024 2 7 34 M 30
29025 17280 2 6 30 M 20
17278 29026 2 6 31 O 20
29027 17278 2 6 30 O 10
29029 29028 2 6 29 O 20
23123 8950 2 7 34 O 20
15356 23123 2 2 9 M 20
9467 29031 2 9 49 M 30
18533 29030 2 25 134 O 30
29033 29034 2 2 9 O 20
29034 29032 2 2 9 O 30
29035 29034 2 3 12 M 10
29036 30138 2 11 61 M 30
30138 6607 2 8 41 O 20
6607 10655 2 20 107 O 20
10655 3990 2 7 34 O 10
3990 20277 2 5 27 O 10
12327 17273 2 17 92 O 30
22787 11522 2 2 8 O 10
14842 29037 2 6 28 M 30
29039 29038 2 2 8 O 30
16288 29040 2 6 32 O 30
25350 29063 2 2 9 O 30
29063 29226 2 4 17 O 20
8681 29062 2 4 20 O 10
29063 29227 2 8 44 O 30
29066 29065 2 5 24 M 30
18671 29075 2 5 25 O 10
29070 29069 2 5 26 O 20
29072 29071 2 5 25 O 30
29074 29073 2 5 26 O 20
29078 29077 2 10 52 M 10
2235 3792 2 9 45 M 10
3792 22281 2 2 10 M 20
22281 2237 2 6 33 O 10
2237 15298 2 18 94 O 30
15298 15301 2 9 45 M 10
15301 15304 2 7 37 O 20
15304 15303 2 10 50 M 30
15303 15122 2 9 45 O 10
18669 29082 2 2 9 O 30
29082 29081 2 9 47 O 10
23481 29082 2 20 109 O 10
29083 29084 2 9 47 O 20
15411 21778 2 3 12 O 10
15299 2252 2 2 6 O 20
2252 15612 2 7 34 O 10
15612 15307 2 7 34 M 10
29094 29093 2 10 55 O 20
7788 7790 2 2 6 O 30
7790 14568 2 8 43 M 30
29097 29096 2 4 21 O 30
29099 29098 2 4 22 O 30
29101 29100 2 5 28 O 10
29102 29105 2 5 27 O 20
29104 29103 2 5 27 O 10
29107 29104 2 6 29 M 10
29104 29105 2 4 18 O 10
29105 29100 2 4 19 M 20
29100 29106 2 2 6 O 10
21741 15137 2 3 15 O 10
29109 29108 2 5 28 M 10
29111 29110 2 32 174 O 10
29116 29112 2 4 18 M 30
29114 29113 2 11 58 O 30
29117 29116 2 14 76 O 30
29116 29115 2 5 27 O 30
9070 25350 2 2 9 M 20
8680 29232 2 4 20 O 10
29079 15140 2 2 7 O 20
29122 29121 2 9 50 O 20
29121 29120 2 5 24 M 20
14567 29123 2 3 16 O 20
29095 29124 2 6 31 M 10
29126 29125 2 2 10 O 30
29119 29118 2 3 11 O 30
29155 29154 2 9 48 O 10
29157 29156 2 4 19 O 20
29159 29158 2 3 14 O 30
29160 29158 2 7 39 O 10
29158 29165 2 1 3 O 20
29165 29159 2 11 57 M 10
29159 29160 2 10 51 O 30
29162 29161 2 5 24 O 30
29164 29163 2 5 23 O 10
29169 29163 2 2 11 O 30
29163 29161 2 1 2 O 10
29161 29165 2 4 17 O 20
29168 29166 2 8 43 O 10
29170 29166 1 6 28 O 20
29166 29169 1 8 42 O 10
29169 29168 1 4 17 O 30
29168 29167 1 7 37 O 20
29172 29171 2 7 36 O 10
29174 29173 2 6 32 O 20
29176 29173 2 4 22 O 30
29173 29175 2 6 33 O 30
29178 29177 2 5 27 M 30
29179 29178 2 3 13 O 10
29180 29179 2 2 8 O 30
29182 29181 2 6 28 O 10
29183 29182 2 3 14 O 30
29184 29183 2 2 8 O 10
29186 29185 2 2 7 O 30
29187 29186 2 3 13 O 10
29188 29187 2 2 9 M 10
29190 29189 2 6 29 O 10
29191 29193 2 6 30 O 10
29194 29189 2 5 27 M 10
29189 29193 2 4 19 O 20
29193 29192 2 9 49 M 30
29207 29206 2 2 6 O 20
29207 8541 1 13 72 M 30
24656 8618 2 11 57 O 20
29226 29225 2 4 21 O 20
1401 29228 2 5 27 O 20
29062 1401 2 3 13 O 10
1401 29230 2 2 9 M 20
29232 29231 2 8 44 O 20
23357 23356 1 4 20 O 10
29234 23357 1 3 13 O 10
23357 23358 2 1 3 M 20
23358 29235 2 6 30 M 20
23356 29234 2 2 8 M 10
29236 23356 1 9 50 O 10
25342 29236 1 15 82 O 10
22307 8680 1 5 28 M 20
29241 29240 1 3 15 M 10
18934 9045 1 7 39 O 30
9501 29250 2 2 11 O 30
11168 9470 2 2 10 O 10
23581 23582 2 8 40 O 30
23389 27705 2 3 14 M 20
18271 23389 2 11 60 O 30
21428 24474 2 4 19 O 10
29252 9482 2 7 38 M 30
9482 16940 2 6 30 M 20
29253 23390 2 6 29 M 30
26291 10755 2 3 14 O 20
26292 18331 2 2 10 O 30
14311 18862 2 3 12 O 30
18329 26293 2 6 30 O 20
26285 26299 1 5 24 O 10
29243 1255 1 17 90 O 20
29248 1244 1 6 32 M 10
9045 29247 1 6 31 O 20
26283 10881 1 6 28 O 30
29255 26282 2 9 49 O 10
10880 29255 2 5 27 O 10
28685 29746 1 3 15 O 10
29746 5204 1 2 7 M 10
29256 29258 2 19 100 O 20
29258 6029 2 15 81 O 20
12774 29260 2 13 71 M 20
10316 15445 2 11 57 O 30
12773 12774 2 6 33 M 10
12774 29259 2 14 77 O 10
4272 22868 2 8 43 O 20
22868 22869 2 3 13 O 10
11009 11010 2 14 75 O 10
19822 22590 1 8 40 O 30
1179 29266 1 6 28 O 30
1186 1183 1 3 12 O 30
29239 29249 1 2 7 O 30
29262 29263 1 6 28 O 30
15344 15345 2 4 20 O 20
29271 29270 2 2 8 O 30
29278 29277 2 3 13 O 20
29279 29278 2 2 7 O 20
29273 29272 2 5 25 O 30
29275 29274 2 3 13 O 10
29277 29273 2 2 8 O 30
29273 29275 2 7 33 O 10
29275 29276 2 4 17 O 10
8535 14154 2 18 99 O 30
29281 29280 2 6 32 O 30
29283 29282 2 2 11 O 30
9018 15355 1 5 23 O 30
15355 29288 1 4 17 O 20
5808 9017 1 3 14 O 20
26415 29284 2 10 50 O 20
29287 29285 2 7 37 O 10
29288 29287 2 7 34 O 10
29287 29286 2 6 30 O 30
9065 11136 2 12 63 M 30
9069 29289 2 4 19 O 20
29291 29290 2 7 35 O 30
29293 29292 2 10 51 O 30
29295 29294 2 9 47 O 20
29297 29296 2 25 137 O 30
11131 11132 2 22 119 O 10
29299 29298 2 21 115 O 10
29302 29301 2 15 83 O 30
29301 29300 2 3 15 M 10
29304 29303 2 3 14 O 30
29306 29305 2 8 42 O 30
29308 29307 2 7 38 O 10
29310 29309 2 14 73 O 10
29312 29311 2 3 12 M 20
29314 29313 2 5 25 M 30
29316 29315 2 5 25 O 30
29318 29317 2 4 22 O 20
29320 29319 2 5 25 M 10
29322 29321 2 5 26 O 10
29324 29323 2 5 24 O 30
29326 29325 2 5 25 O 20
29328 29327 2 5 25 O 10
29329 15593 2 6 33 O 30
15593 29330 2 6 28 O 10
15597 15598 2 43 235 O 10
29331 29332 2 1 4 M 10
29333 29331 2 1 6 O 10
29335 29337 2 2 6 O 20
29338 29335 2 1 5 O 10
29340 29339 2 15 78 O 20
29334 29340 2 2 7 O 30
29337 29336 2 6 28 O 30
29341 29334 2 1 5 O 20
29345 29344 2 14 76 O 30
29343 29345 2 2 7 O 30
29342 29348 2 2 8 O 10
29349 29342 2 1 5 O 20
29346 29343 2 1 5 O 30
29348 29347 2 13 70 O 30
29351 29350 2 4 21 M 10
29354 29355 2 4 17 O 20
29353 29351 2 8 43 O 10
29351 29354 2 2 11 O 10
29354 29352 2 4 18 O 20
29356 29355 2 21 114 O 30
29361 18859 2 11 59 M 30
29358 29357 2 6 30 O 10
29363 29362 2 8 40 O 30
29365 29364 2 6 28 O 20
29367 29366 2 3 14 O 10
10936 29368 2 9 45 O 30
29371 22965 2 5 24 O 20
22965 20992 2 1 4 M 30
29370 29369 2 4 19 M 10
27936 17481 2 1 5 M 30
23550 24394 2 4 19 O 10
24394 17481 2 3 16 O 20
29372 20990 2 3 16 O 20
29962 29374 2 4 17 M 20
29961 29375 2 4 20 O 20
29960 29376 2 6 32 M 10
29377 14033 2 8 40 O 10
29379 29378 2 9 49 O 20
29380 29959 2 16 87 O 10
14996 14997 2 40 220 O 10
15041 18401 2 9 49 O 30
18401 13517 2 9 46 M 30
13517 29394 2 2 8 O 30
9122 29396 2 10 55 O 10
29400 29398 2 21 113 O 10
14833 29400 2 11 57 O 10
29400 29399 2 16 86 O 20
11592 9120 2 6 29 O 10
9127 29401 2 5 26 M 30
15040 11260 2 5 25 O 10
29418 29417 2 2 11 O 20
29420 29417 2 3 13 O 30
29417 29421 2 6 29 M 30
29421 29419 2 2 11 M 10
29422 29421 2 2 11 O 10
29426 29425 2 3 13 M 20
29427 29423 2 3 15 M 30
29429 29428 2 4 17 O 30
29431 29430 2 6 32 O 20
29433 29432 2 12 65 O 30
22299 29433 2 9 50 M 30
29433 29424 2 1 4 O 20
9161 10691 1 6 31 O 30
29437 22798 2 21 113 O 30
29435 29436 2 3 15 O 20
29436 29434 2 3 15 O 20
29440 18243 2 1 4 O 30
18379 18380 2 17 91 M 30
18380 8152 2 6 31 M 20
8152 18381 2 14 77 M 30
18381 29439 2 14 75 O 30
18243 18395 2 6 31 O 10
28672 13537 2 11 59 O 10
13537 23897 2 3 12 O 20
23897 13538 2 3 16 O 10
13538 28474 2 10 52 O 10
11436 28672 2 2 10 O 30
18711 11436 1 9 45 M 10
24409 20653 2 14 75 O 20
29446 18801 2 3 13 O 30
29446 29445 2 5 23 O 20
29448 8832 2 3 15 O 10
29447 29448 2 9 49 O 20
29501 29500 2 6 31 O 10
29502 3210 2 1 5 M 20
3210 3212 2 2 7 O 10
23167 3211 2 1 4 O 30
3211 29505 2 2 7 M 20
8931 21938 2 22 117 M 30
23109 12252 2 13 70 O 10
12252 8633 2 2 9 M 30
29507 23109 2 8 43 M 10
22142 22232 2 2 11 O 10
29510 29509 2 2 7 M 10
29513 29512 2 2 11 O 20
29512 29511 2 2 8 M 30
29516 7696 2 4 20 M 30
7696 29515 2 3 15 M 10
29515 29514 2 2 8 O 20
7711 29518 2 5 23 O 10
29518 29517 2 2 7 M 20
29522 7697 2 11 56 O 10
13679 29523 2 19 104 O 10
29524 28050 1 8 39 O 20
28050 9784 1 12 62 O 20
9784 28344 1 10 51 O 10
28344 20144 1 8 40 O 10
14425 29524 1 7 39 O 20
29526 29525 1 5 24 O 10
22712 28345 1 6 31 O 30
28345 28343 1 10 51 O 10
28343 30065 1 10 54 O 10
30065 9781 1 2 7 O 10
9781 9786 1 16 87 O 10
9786 29526 1 2 11 O 10
22287 29527 1 6 29 O 20
8933 22287 1 7 35 O 10
13922 22288 1 10 55 O 30
23877 18980 1 5 23 O 30
29530 29529 2 3 16 O 10
29532 29531 2 3 12 O 30
29540 29529 1 19 101 O 30
29529 29532 1 4 17 O 10
29532 29541 1 16 89 O 10
29534 29533 1 2 8 O 10
29535 29537 2 4 22 O 20
29538 29534 1 11 56 O 20
29534 29537 1 4 18 M 20
29537 29533 1 4 18 O 20
29533 29536 1 9 50 O 20
29540 29539 2 7 37 O 20
29543 29538 2 6 29 O 10
29538 29536 2 1 4 O 20
29536 29542 2 6 31 O 30
29542 2982 2 2 10 O 20
29543 11558 2 15 78 O 10
13678 29509 1 7 38 O 20
29509 11499 1 3 16 O 30
22985 13678 1 8 42 O 30
8701 8931 2 9 49 O 20
11791 8941 2 15 79 O 30
8941 11499 2 2 8 O 10
11791 13084 1 14 75 O 10
11794 9788 2 5 22 O 10
11792 11794 2 11 58 O 10
22984 9787 2 1 6 M 30
9787 28342 2 2 7 O 10
9788 2980 2 1 3 M 20
2980 11793 2 10 51 O 10
29545 14511 2 19 103 O 10
29546 8941 1 6 31 O 10
29547 8794 1 19 101 O 10
23573 18700 2 10 55 M 10
18700 13498 2 3 11 O 10
12911 12525 2 6 31 O 20
12525 20492 2 2 6 O 30
29550 29549 2 4 18 O 30
12265 8790 2 9 48 O 30
9058 29552 1 11 59 O 30
5423 9058 1 4 18 O 20
14787 8593 1 3 12 O 10
26764 8590 2 7 37 O 10
27834 29553 2 8 44 O 10
29554 12481 2 3 13 O 20
29555 29556 2 12 64 O 20
18245 29555 2 6 30 O 30
5307 1864 2 2 9 O 20
1864 12313 2 3 12 M 20
12313 12320 2 5 27 O 30
12320 12319 2 4 17 O 30
12319 3352 2 15 81 O 20
3352 16347 2 3 14 O 30
29557 29590 2 4 18 M 30
29590 16348 2 4 19 O 10
16348 22977 2 5 26 M 20
13113 10485 2 5 23 O 10
10485 18825 2 1 4 O 20
18825 10490 2 3 14 M 30
10490 3432 2 6 30 O 10
3432 18826 2 2 6 O 10
18826 18810 2 8 42 O 20
18810 10479 2 7 37 O 20
23795 3627 2 17 92 O 20
3627 3586 2 1 2 O 10
3586 18809 2 3 12 O 10
18809 10488 2 10 51 O 10
10488 22939 2 1 3 O 20
22939 19253 2 7 37 O 10
19253 22828 2 2 10 O 10
13110 3580 1 9 49 O 20
3580 3582 1 7 35 M 10
3582 3584 1 8 40 O 10
3584 18808 1 4 22 M 20
13107 162 1 2 8 M 20
20491 29562 2 2 10 O 30
8901 15894 1 6 28 O 20
15894 20499 1 15 81 O 10
20499 15853 2 13 71 O 20
15853 20500 2 5 26 O 10
20503 6248 1 3 14 O 30
6248 8901 1 10 54 M 10
29570 29569 2 5 27 M 20
29572 29571 2 2 8 O 10
29575 29573 2 1 5 O 20
29576 29575 2 2 8 O 10
29575 29574 2 5 27 O 10
29578 29577 2 3 15 O 20
29580 29579 2 3 12 O 10
29582 29581 2 3 17 O 20
29584 29583 2 3 15 O 20
29586 29585 2 4 17 O 10
29588 29587 2 3 16 M 20
29589 3639 2 8 41 O 30
29591 29590 2 2 8 O 20
29592 29557 2 4 17 O 20
29594 29593 2 4 18 O 10
29596 29595 2 4 17 O 30
29598 29597 2 2 10 M 20
29600 29599 2 6 29 O 20
29602 29601 2 2 11 O 20
29604 29603 2 2 9 O 20
29606 29605 2 2 9 M 30
29608 29607 2 2 9 M 30
29610 29609 2 2 9 O 30
29612 29611 2 3 12 M 10
29614 29613 2 3 12 M 30
29616 29615 2 3 12 O 10
29618 29617 2 3 11 O 10
29620 29619 2 2 11 O 30
29622 29621 2 3 11 O 30
29624 29623 2 3 14 O 30
29626 29625 2 3 15 O 30
29628 29627 2 3 15 M 20
29629 12345 2 3 12 M 20
29631 29630 2 2 11 M 30
29633 29632 2 2 11 O 20
29635 29634 2 2 10 O 30
29637 29636 2 2 10 O 10
29638 29576 2 4 17 M 20
29640 29639 2 3 12 O 10
29641 29578 2 3 12 O 30
29643 29642 2 2 8 O 20
29566 29564 2 4 22 M 10
29567 29566 2 2 9 M 10
29566 29565 2 3 14 M 30
29558 29568 2 10 52 O 30
29645 3436 1 8 44 M 20
3436 29644 1 12 66 M 30
12977 22759 2 2 11 O 30
29646 15090 2 9 48 O 20
22759 29646 2 10 55 O 10
29648 29649 2 8 40 O 20
29648 29647 2 9 45 M 20
29647 29649 2 5 24 O 20
29650 29648 2 3 16 O 10
29649 1412 2 6 28 O 10
1412 29648 2 13 69 O 20
29651 29650 2 7 34 O 30
29650 16996 2 13 71 O 20
21792 29651 1 5 27 O 10
29651 26339 1 3 12 M 30
21614 22569 2 4 17 O 10
9214 9213 2 15 79 M 10
29652 28981 2 7 38 O 10
28982 29653 2 8 40 O 20
29654 29656 2 4 20 O 10
29656 29655 2 7 34 O 10
29655 22568 2 10 54 O 30
29657 29656 2 10 55 O 20
29659 29658 2 7 39 M 20
10460 12477 2 9 45 O 10
29664 29674 2 2 10 O 30
29666 29665 2 2 7 O 20
29668 29667 2 4 18 O 20
29670 29669 2 4 18 O 10
29673 29671 2 4 18 M 10
29675 29674 2 9 47 O 10
29677 29676 2 6 28 O 20
21098 29662 2 5 24 O 30
24565 29678 2 5 25 O 10
29680 29679 2 11 56 O 30
2079 22531 2 4 17 O 30
22531 22530 2 7 35 O 30
22530 29681 2 12 65 O 10
13298 2371 1 3 13 O 10
22530 22529 2 11 58 O 10
21082 22286 2 2 9 O 30
29663 29675 2 10 53 O 20
29675 29677 2 3 17 M 20
29677 29684 2 4 17 O 10
29684 9451 2 9 49 M 20
29689 29688 2 3 13 O 30
29699 29688 2 2 6 O 20
29688 29690 2 4 22 O 20
29692 29691 2 3 13 O 20
29694 29693 2 3 12 M 30
29696 29695 2 3 11 O 30
29698 29707 2 3 12 M 20
29700 29699 2 4 22 O 20
29699 29692 2 4 18 M 30
29692 29694 2 4 17 O 20
29694 29696 2 4 17 O 10
29696 29698 2 4 17 O 10
29698 29697 2 3 12 M 10
29702 29701 2 6 29 M 20
29704 29703 2 3 13 O 30
29706 29704 2 3 14 O 10
29704 29705 2 2 9 O 10
9454 29685 2 2 11 M 10
22286 9454 2 4 22 O 10
12942 29710 2 13 71 O 30
29687 10544 2 9 49 O 30
10544 10378 2 11 58 O 30
10378 10460 2 13 71 O 10
12488 29708 2 22 118 O 30
29709 29710 2 11 60 O 30
29712 29711 2 5 24 O 30
9948 10456 2 6 30 O 20
10456 9946 2 17 93 O 20
29714 29713 2 3 12 O 20
22580 22571 2 6 29 O 20
12495 22580 2 5 23 O 30
22580 22572 2 4 17 M 30
22572 22574 2 4 17 O 30
22574 22576 2 4 17 O 20
22576 22578 2 4 17 O 10
22578 29724 2 4 17 M 30
29724 22555 2 12 62 O 20
22555 29714 2 2 8 M 30
29714 22556 2 2 7 O 20
22556 23186 2 12 65 O 30
23186 29728 2 3 16 O 20
29717 29716 2 2 9 O 30
29719 29718 2 2 9 O 30
29720 29721 2 2 8 O 30
29723 29722 2 2 8 O 30
29715 29722 2 27 145 M 20
29726 29713 2 13 72 O 10
29713 29725 2 13 71 O 10
29728 29727 2 8 42 M 20
12495 29730 2 5 24 O 30
29729 11480 2 6 31 O 10
29730 29729 2 2 10 O 30
10381 30110 2 3 15 O 10
30110 30108 2 4 17 O 20
30108 29732 2 3 11 O 10
29732 30106 2 6 29 O 30
30106 29733 2 4 18 O 20
22566 29660 2 7 34 O 20
29732 29731 2 3 14 O 30
29735 29734 2 7 34 O 10
24397 22544 2 23 127 O 10
29736 29737 2 4 17 O 10
10545 10546 2 7 33 O 10
10460 10459 2 4 17 M 10
29738 29739 2 2 9 O 30
29740 29738 2 3 13 O 10
12486 29741 2 3 16 M 20
29743 29742 2 13 71 O 10
29746 29745 2 4 19 O 30
29748 29747 2 5 23 O 30
20968 20969 2 3 15 M 30
20966 20965 2 3 15 M 10
9060 2894 2 2 6 O 10
18047 29751 1 3 12 O 30
29751 26739 1 2 8 O 20
9048 29755 2 5 24 O 10
29753 29752 2 5 23 O 30
29755 29754 2 4 20 O 30
9455 29756 2 2 11 O 30
29750 9455 2 4 18 M 10
18783 5713 2 7 36 O 30
5713 5720 2 7 37 O 30
5720 5716 2 1 5 O 30
5716 18784 2 3 13 M 20
29757 5336 2 6 29 O 10
9326 29757 2 4 20 O 20
29757 8101 2 6 33 M 30
8101 29758 2 11 56 O 20
29760 20904 2 8 39 O 30
20824 20836 2 18 100 O 30
29762 29763 2 2 7 O 10
22123 29764 2 2 6 M 30
29765 29766 2 4 19 O 10
29767 29768 2 4 20 O 30
29769 29770 2 3 13 O 10
21004 23257 2 1 5 O 20
29771 29772 2 3 12 O 20
29773 29774 2 6 31 O 10
29775 29776 2 3 13 O 30
29777 29778 2 2 11 O 30
29779 29780 2 4 19 O 10
29781 29782 2 6 31 M 10
29783 29784 2 3 12 O 10
29785 29786 2 3 12 M 30
29785 29787 2 3 12 O 30
29788 29789 2 2 7 O 30
29790 29791 2 4 20 O 20
29761 29792 2 2 11 O 30
19916 29793 2 2 10 M 20
29794 29795 2 4 19 O 20
29805 29806 2 2 9 O 20
29807 29808 2 2 10 O 20
29809 29810 2 2 6 O 20
29811 29812 2 2 10 O 10
29813 29814 2 3 16 M 30
29815 29816 2 9 47 O 30
29817 29818 2 4 20 O 10
29818 483 2 6 31 M 30
29818 29819 2 3 12 O 20
29820 29821 2 3 15 O 30
29822 29823 2 2 8 O 20
29823 487 2 3 16 M 10
487 484 2 3 13 O 30
484 485 2 2 10 O 30
29823 29824 2 2 8 O 30
10894 29825 2 4 18 O 10
29826 29827 2 2 9 M 10
29828 29829 2 2 7 O 20
29830 29831 2 3 12 O 20
29832 29833 2 3 12 M 30
29834 29835 2 2 9 O 10
29836 29837 2 3 16 O 30
29838 29839 2 5 26 O 10
29840 29841 2 2 9 M 20
29842 29843 2 3 12 O 30
29844 29845 2 9 48 O 20
29846 29847 2 4 21 O 20
29848 29849 2 5 27 O 20
29850 29851 2 6 30 O 10
29852 29853 2 3 12 O 10
29854 29855 2 5 23 M 20
29856 29857 2 4 22 M 10
29858 29859 2 6 29 O 10
29860 29861 2 2 10 O 20
29862 29864 2 1 5 M 10
29864 29863 2 4 17 O 30
29864 29866 2 1 4 O 10
29866 29865 2 3 12 O 30
29866 29867 2 1 5 O 20
29868 29869 2 3 13 O 30
29870 29871 2 3 16 O 10
29872 29873 2 6 31 M 10
29874 29875 2 3 16 O 10
29876 29877 2 5 25 O 10
29878 29879 2 3 16 O 30
29880 29881 2 3 15 O 20
29882 29883 2 12 64 O 30
29884 29885 2 10 51 O 20
29886 29887 2 7 36 O 20
21152 29888 2 9 48 O 10
29796 29797 2 7 35 O 10
17044 29798 2 4 22 O 20
29799 29800 2 3 16 M 20
29801 29802 2 5 23 O 20
29803 29804 2 3 16 M 30
29890 29891 2 7 34 O 30
29892 29893 2 2 9 O 20
29894 29895 2 3 12 O 30
29896 29897 2 11 57 M 10
29899 29900 2 2 9 O 10
29901 29902 2 3 14 O 30
29903 29904 2 4 19 M 30
29905 29906 2 2 9 O 30
29907 29908 2 8 42 O 20
29909 29910 2 3 16 O 20
29911 29912 2 4 21 M 10
29921 29922 2 2 8 O 10
29923 29924 2 4 19 O 30
29914 29915 1 1 5 M 10
29915 29918 1 3 16 M 20
29927 29928 2 4 19 M 10
29928 1691 2 38 209 O 20
1691 29933 2 11 59 O 20
29933 29935 2 33 179 O 30
29935 21650 2 22 119 O 30
21650 29934 2 10 55 O 30
29929 29914 1 5 26 M 20
21649 23673 1 6 29 O 10
23678 21649 1 5 26 O 20
29930 23677 1 6 30 O 10
23676 29930 1 6 31 O 20
29932 23675 1 6 28 O 20
23672 29932 1 5 26 O 10
29934 23671 1 6 28 O 20
23674 29934 1 6 29 O 30
22115 23665 1 6 30 O 20
23670 22115 1 6 32 O 30
23666 29938 1 6 30 O 30
29938 23679 1 5 28 O 20
23667 22116 1 6 29 O 10
22116 23668 1 6 31 O 30
29925 29942 1 3 13 O 30
29913 29926 1 3 16 M 30
29915 9310 1 6 30 O 20
9310 29918 1 6 32 M 30
29933 20916 2 5 26 O 30
8598 29943 2 5 24 O 20
29919 29945 1 5 27 O 10
29945 29916 1 5 26 O 20
1463 13704 2 4 19 O 20
13704 12162 2 64 353 O 30
8465 23536 2 12 64 O 10
15897 29974 1 11 60 O 20
29974 21232 1 4 17 O 20
29976 29977 2 10 54 O 10
29978 29979 2 4 19 O 10
29980 29981 2 3 12 O 10
9960 1912 2 2 10 M 10
29982 29983 2 2 10 O 30
29984 769 2 3 16 O 10
29985 752 2 7 35 O 20
29986 29987 2 7 37 O 10
29988 29989 2 6 30 M 20
29990 29991 2 4 17 O 30
12176 752 2 2 8 M 20
752 30010 2 3 13 O 30
30013 30014 2 12 62 M 20
30015 30016 2 12 64 O 10
30017 30018 2 12 62 O 10
30019 30020 2 7 39 O 30
30021 30022 2 12 62 M 30
29992 29993 2 5 24 O 10
29994 29995 2 3 11 O 10
29996 29997 2 3 11 O 30
29998 29999 2 3 11 M 30
30000 30001 2 3 11 O 20
30002 30003 2 3 12 O 30
30004 30005 2 3 12 O 20
11460 30006 2 3 12 O 20
30007 30008 2 3 12 O 30
30009 29954 2 2 10 O 30
30023 30024 2 5 28 O 30
30025 30027 2 2 9 O 10
30027 30026 2 5 27 O 30
30027 30028 2 8 41 M 30
30029 30030 2 4 21 O 20
30031 30032 2 4 22 O 20
30033 30034 2 4 22 M 20
30035 30036 2 4 22 O 20
21511 11416 2 11 59 O 20
8810 21511 2 4 22 O 10
11068 8976 2 8 40 O 20
30038 30039 1 4 17 O 30
5376 5377 1 2 11 O 10
30041 30042 1 3 15 O 30
30042 5828 1 1 5 O 30
5828 28405 1 2 10 O 30
30044 30043 1 9 47 O 10
30057 1777 1 3 14 M 20
4409 30056 1 25 134 O 30
1773 30045 1 7 37 O 10
30047 30052 1 10 54 O 10
2607 16826 2 6 31 O 20
1764 21088 1 26 143 M 30
1785 20057 1 26 144 O 10
1361 1364 1 6 31 O 10
1364 30057 1 4 17 O 30
30055 30051 1 8 40 M 30
30055 30054 1 6 30 M 10
1766 1768 1 5 24 O 30
4378 30058 1 10 54 O 30
30061 30060 2 9 48 O 30
30063 30062 2 8 41 O 20
14299 30064 2 9 45 O 10
30065 30066 2 21 111 O 10
30068 30067 2 10 55 O 10
1363 30069 2 3 15 O 30
30069 1362 2 1 3 O 20
29209 20848 2 197 1090 O 30
18183 15201 2 2 6 M 30
16575 16574 2 2 9 O 30
8393 8394 2 23 123 O 10
12302 22690 2 6 29 O 20
22690 18062 2 13 72 M 10
18062 18063 2 8 42 O 30
18063 19684 2 8 43 O 10
19684 26143 2 4 17 O 20
30073 30072 2 12 64 O 30
30075 30074 1 12 64 O 30
30076 30077 2 6 32 O 30
30076 30078 2 2 9 O 30
30078 10419 2 10 53 O 30
30078 30079 2 3 17 O 10
23216 30080 2 3 12 O 20
19539 6422 1 3 14 M 20
6422 6420 1 3 14 O 20
19556 30083 2 4 20 O 10
30084 30085 2 4 22 O 10
30085 30082 2 3 13 O 20
30083 30084 2 8 43 M 10
30086 19557 2 4 18 O 20
19557 19556 2 2 9 O 20
19556 30082 2 20 106 O 30
30082 14575 2 9 49 O 10
30087 30086 2 13 67 O 20
9355 9357 2 4 18 O 20
26143 18064 2 2 9 M 10
18064 6446 2 6 32 O 10
6446 18065 2 9 46 O 30
18065 18057 2 15 80 O 20
21044 21045 2 31 171 O 30
1408 21044 2 11 59 M 30
30090 29684 2 4 21 O 20
29673 29670 2 4 18 O 10
29670 29667 2 4 17 O 20
29667 29672 2 2 9 O 20
29674 29666 2 1 3 M 20
29666 29673 2 2 7 O 30
29722 29720 2 2 7 O 30
29720 29725 2 1 5 O 20
29725 29724 2 3 13 O 30
10119 10117 2 2 10 O 10
30091 14560 2 38 206 O 30
19646 9607 2 12 63 O 10
9607 24334 2 6 33 O 30
30093 11479 1 3 14 O 30
11479 18593 2 3 14 M 30
29973 4363 1 30 162 O 20
29973 22839 1 33 179 O 30
10807 10394 2 2 10 O 10
30096 10796 2 46 252 M 20
20672 30099 2 8 40 O 10
30099 30100 2 6 29 O 30
30098 30101 2 6 31 M 20
11959 30102 2 7 36 O 20
20609 20610 1 6 32 M 10
20610 20611 1 13 69 O 20
20611 22044 1 7 37 O 30
20610 30103 2 15 79 O 20
30103 20611 2 5 22 O 30
21467 20625 2 8 42 O 10
22549 29657 2 3 12 O 10
29657 29659 2 4 17 O 30
29659 22568 2 4 17 O 30
22568 22550 2 4 17 O 10
22547 10118 2 3 16 O 10
10116 16759 2 13 68 O 10
16759 21614 2 2 10 O 30
30089 22546 2 4 21 O 20
14398 18443 2 14 73 O 30
18443 9212 2 7 33 M 10
16758 18442 2 21 115 O 20
23299 16758 2 2 8 O 30
18442 9212 2 11 56 O 30
10117 27547 2 9 47 O 20
30106 30105 2 13 69 O 10
9218 30111 2 13 72 M 30
10381 9218 2 20 109 O 10
30112 22566 2 3 15 O 30
30113 30112 2 12 66 O 10
30115 30114 2 2 9 O 30
30117 30115 2 2 11 O 10
30115 30116 2 8 42 O 10
30108 30107 2 3 14 O 20
30110 30109 2 3 14 O 10
20993 20994 2 15 83 M 20
23181 14829 2 3 16 O 10
14852 30119 2 11 61 O 20
10604 14859 2 16 85 O 30
30120 9103 2 5 23 O 10
1630 30123 2 22 120 O 20
30122 30124 2 12 65 O 20
30129 2954 2 7 34 O 30
2954 30130 2 3 14 M 20
30130 2956 2 1 4 O 20
2956 30131 2 11 59 O 10
30127 30128 2 42 233 O 20
2244 30126 2 24 132 O 10
30132 10677 2 12 64 O 20
30135 30133 2 7 37 O 20
30133 30136 2 10 54 O 20
30137 11715 2 7 35 O 30
30133 30134 2 5 25 M 10
23535 12296 2 2 10 O 30
21172 21173 2 47 258 O 10
30138 30140 2 8 44 O 20
8499 11095 1 5 24 O 30
11095 12882 1 13 70 M 30
12882 22385 1 5 22 O 30
22385 8500 1 4 21 O 20
13740 30143 2 11 56 O 10
12690 28723 2 1 3 O 30
30148 30147 2 4 21 O 30
19277 22208 2 14 74 O 20
22208 19278 2 13 67 M 20
1795 14422 2 3 13 M 30
14422 9553 2 6 31 O 10
15857 8483 2 3 11 O 20
22267 26363 2 9 47 M 10
8853 23556 2 3 16 O 20
27713 18227 2 3 12 O 10
21520 27711 2 3 12 M 30
26367 23385 2 3 15 O 10
9731 27713 2 11 56 O 30
8853 23306 2 3 13 O 10
15856 30151 2 2 9 M 30
30152 8828 2 6 29 M 30
18334 10931 2 3 16 O 30
15862 26369 2 10 52 O 30
9730 23424 2 7 36 O 30
11711 23386 2 10 53 O 30
23424 21520 2 6 30 O 30
30154 30153 2 4 21 O 30
20990 6483 2 16 88 O 30
6483 10091 2 1 3 O 30
30159 11478 2 3 12 O 20
11478 22523 2 4 17 O 30
22523 12497 2 1 4 O 20
12497 24037 2 52 284 M 20
20792 30156 2 4 21 O 20
30157 20792 2 6 32 O 20
30158 30157 2 5 27 O 10
9166 9419 2 6 31 O 30
9419 27208 2 4 22 O 10
27208 9154 2 11 61 M 20
9154 9402 2 10 50 O 10
9402 9151 2 10 51 O 20
9151 9153 2 4 21 O 20
9149 20481 2 13 67 O 10
20481 9166 2 8 44 O 30
19352 0 1 9 48 O 10
9172 19352 1 9 47 O 30
9173 9149 2 8 43 M 10
4 3 2 8 39 O 20
9161 9168 2 7 34 O 10
13731 9 2 8 40 O 20
18821 3758 2 27 148 O 30
3758 10 2 5 23 M 20
12 13 2 7 34 M 20
15 14 2 20 109 O 20
17 16 2 9 46 M 30
19 18 2 10 55 O 30
21 20 2 14 77 O 30
24 23 2 9 46 O 10
28 25 2 2 11 O 30
25 27 2 7 34 O 30
27 26 2 5 24 O 10
26 25 2 3 11 O 30
32 28 2 6 29 O 30
28 24 2 5 27 M 10
24 31 2 6 30 O 30
31 30 2 11 59 O 30
30 29 2 5 26 O 20
29 31 2 7 33 O 10
26521 12625 2 13 69 O 20
33 18271 2 12 64 O 10
11486 18581 1 5 25 O 20
18581 11483 1 6 29 O 10
11778 12730 2 6 29 O 20
12730 12715 2 10 55 O 10
4241 35 1 51 279 O 30
36 37 2 24 129 O 10
38 39 2 9 47 O 30
39 40 2 5 25 O 30
39 41 2 12 64 M 20
41 42 2 5 25 M 20
45 49 2 3 12 O 30
49 44 2 10 51 O 20
19554 43 2 3 15 M 10
43 45 2 2 9 O 10
46 47 2 2 10 O 30
46 48 2 2 9 M 20
48 49 2 3 15 M 20
41 50 2 4 19 O 20
9161 22809 2 5 23 M 20
22268 9169 2 4 18 O 20
9169 11484 2 2 7 O 10
53 51 2 7 33 O 20
30150 53 2 4 20 O 10
53 52 2 7 38 O 10
28347 14639 1 33 181 O 20
28348 28347 1 2 7 O 20
15307 15608 2 2 7 O 10
15608 15309 2 4 20 O 20
54 15307 2 6 29 O 10
15122 29080 2 11 59 M 10
58 57 2 8 40 O 10
11249 58 2 9 47 O 30
58 15303 2 23 128 O 10
15300 15305 2 15 80 M 10
59 15305 2 9 47 O 10
61 60 2 8 43 O 10
64 63 2 7 34 O 10
66 65 2 5 23 O 10
14259 14260 2 11 58 O 30
14260 11528 2 36 195 O 20
14474 67 2 1 5 O 20
71 70 2 6 28 M 10
73 72 2 9 46 O 30
29455 29489 2 11 60 O 30
25217 75 2 5 25 O 20
76 9557 2 2 9 O 30
78 77 2 8 41 O 20
80 79 2 4 17 O 10
9176 18842 1 3 14 M 20
16411 8457 2 9 48 O 30
21834 83 2 17 90 M 20
18842 21834 2 11 59 O 30
22935 22934 2 7 36 O 10
22934 18873 2 7 36 O 20
18873 93 2 4 17 O 10
93 84 2 2 11 O 30
84 18842 2 8 42 O 10
83 82 2 4 18 M 30
18873 85 2 4 17 O 30
22934 86 2 4 17 O 20
26744 14279 2 3 13 O 10
20972 24562 1 16 84 M 20
9751 26744 2 3 14 M 20
90 26257 2 5 23 M 20
93 92 2 6 32 O 20
18842 9177 1 3 16 M 30
94 8450 1 4 21 O 10
8458 5907 2 2 8 O 10
22933 12437 2 6 30 O 20
102 14412 2 1 5 O 30
103 14414 2 1 5 O 20
106 9191 2 8 43 M 10
6529 11426 2 7 34 O 10
11426 9194 2 6 29 M 20
8452 371 2 6 33 O 20
371 372 2 6 31 O 20
372 13697 2 4 18 M 10
104 8452 2 8 43 O 20
8452 105 2 10 53 O 20
108 107 2 3 12 O 30
223 108 2 3 15 O 30
109 227 2 10 55 O 20
227 5526 2 15 83 O 30
9186 9189 2 13 68 O 20
9185 9183 1 25 138 O 10
110 9142 1 12 65 O 20
113 112 2 15 82 M 20
114 115 2 4 17 O 30
23164 23165 2 30 164 O 30
117 119 2 6 28 O 10
120 119 2 5 23 O 20
119 118 2 5 27 O 20
122 121 2 10 52 O 20
1897 123 2 8 40 O 10
126 124 2 6 29 O 20
127 126 2 6 30 O 20
126 128 2 7 34 O 10
1897 128 2 6 31 O 10
128 125 2 2 10 O 20
130 131 2 6 31 O 20
131 129 2 5 25 O 10
1752 131 2 11 60 O 20
138 132 2 6 30 O 30
132 139 2 3 15 O 10
135 133 2 6 30 O 30
133 100 2 1 4 O 20
136 135 2 8 44 O 10
135 134 2 10 51 O 30
134 133 2 4 21 O 10
141 140 2 11 60 O 30
1751 16284 2 54 295 O 20
142 12974 2 9 50 O 20
22932 9102 2 7 37 O 30
20168 12975 2 8 42 O 10
12279 28048 2 13 72 O 20
28048 12280 2 17 90 O 10
18465 338 2 17 92 O 30
12359 106 2 5 27 O 20
18844 18843 2 11 57 O 10
22377 5910 2 7 36 O 30
2254 22378 2 10 55 O 10
12358 145 2 19 104 O 10
14415 14414 2 5 22 O 30
147 148 2 3 15 O 30
148 146 2 5 23 O 30
149 148 2 4 17 O 10
30039 30040 1 7 33 O 10
1793 30037 1 4 20 O 20
11380 153 1 2 6 O 30
154 16709 1 2 6 O 30
9056 8675 1 10 51 O 10
10080 9056 1 5 25 O 10
13886 150 1 10 52 O 20
8627 13886 1 6 29 O 10
19832 152 2 9 50 M 10
9054 23462 2 4 21 O 30
23462 19832 2 10 55 M 10
156 22906 2 2 8 O 30
157 156 2 8 43 O 20
18830 18828 1 29 160 O 30
3960 4028 2 4 20 O 20
4028 20140 2 4 17 O 10
164 20483 2 15 78 O 30
166 165 2 4 21 O 30
168 164 2 4 19 O 10
164 166 2 3 12 M 30
166 167 2 2 10 O 20
172 171 2 2 11 O 10
174 173 2 9 46 M 10
175 177 2 3 13 O 20
176 143 2 4 18 O 10
143 175 2 1 4 O 20
175 186 2 4 18 M 10
179 178 2 3 16 M 30
181 179 2 2 8 O 30
179 180 2 3 16 O 10
182 183 2 5 23 O 10
183 144 2 4 21 O 10
186 185 2 4 19 O 10
188 187 2 18 96 O 20
143 144 2 8 42 O 30
144 184 2 4 18 M 10
28479 11275 1 23 123 O 30
192 1346 1 9 46 O 10
28418 192 1 17 92 M 30
16824 25106 1 2 8 M 30
25106 7633 1 4 19 O 30
8532 194 2 2 7 O 10
196 195 2 4 18 O 20
9190 196 2 20 108 O 10
196 9188 2 6 29 O 30
9186 9185 1 13 68 O 20
18352 197 1 30 165 M 10
18681 5391 2 20 111 M 30
200 201 2 2 10 O 30
18363 203 2 11 56 O 10
203 18364 2 15 82 O 20
14914 18363 2 6 30 O 20
203 202 2 2 11 O 20
14930 30227 2 3 13 O 20
30227 14929 2 3 13 O 10
14931 204 2 6 32 O 20
205 209 2 7 38 O 20
209 206 2 6 31 M 30
207 206 2 3 12 O 20
208 209 2 3 12 M 20
211 210 2 8 43 M 10
18353 219 1 8 40 O 10
219 18354 1 10 52 O 20
214 212 2 16 87 O 10
215 214 2 3 14 O 20
214 213 2 6 28 O 10
217 218 2 4 20 O 30
218 216 2 9 49 O 10
219 218 2 2 10 O 20
16915 21879 2 24 133 O 30
222 221 2 4 20 M 20
225 224 2 5 27 O 30
228 227 2 3 16 O 10
227 226 2 5 27 M 20
230 229 2 3 12 M 10
233 18682 2 3 14 M 20
18682 232 2 2 7 O 20
232 231 2 12 62 O 20
235 234 2 16 84 O 10
240 239 2 4 17 O 30
9185 9184 2 20 109 O 20
238 237 2 2 10 M 30
242 241 2 5 25 O 20
244 243 2 7 37 M 30
245 9185 2 10 52 M 30
246 245 2 2 11 O 10
18685 18686 2 9 49 O 10
24772 248 2 15 79 M 10
252 251 2 8 44 O 30
254 253 2 8 42 O 30
256 255 2 5 25 O 10
260 259 2 12 66 O 10
22482 264 2 4 18 O 30
265 24949 1 2 10 O 20
24949 22949 1 14 73 O 10
26254 24950 1 8 40 O 20
24950 265 1 11 56 O 10
266 267 2 9 50 O 30
268 267 2 10 50 O 30
18841 266 2 10 52 M 30
266 269 2 8 40 O 20
150 8940 1 18 96 M 20
8940 270 1 16 89 M 20
12437 8455 2 3 14 O 30
16940 8467 2 3 13 O 30
14834 17040 2 7 37 O 30
9805 28230 2 3 14 O 20
28123 28122 2 2 9 O 20
277 276 2 4 17 O 10
279 278 2 6 32 O 30
280 28120 2 3 12 O 10
28129 28128 2 2 11 O 20
273 272 2 3 16 O 10
275 274 2 3 15 O 10
28126 28125 2 3 12 O 20
282 281 2 5 22 O 20
19881 407 2 4 22 M 10
19883 406 2 5 27 O 10
18303 12942 2 3 13 O 20
18660 283 2 7 36 O 20
12278 10377 2 4 19 M 10
22552 10361 2 2 7 O 20
10361 10362 2 12 62 O 10
27987 27989 2 8 40 O 10
15350 28117 2 2 11 O 30
28117 11018 2 8 44 O 10
28119 20301 2 8 39 O 20
9796 28119 2 10 54 O 10
285 304 2 7 35 O 10
435 303 2 7 36 O 30
287 286 2 3 17 O 10
289 288 2 9 48 M 30
290 302 2 7 37 O 20
292 291 2 6 32 M 20
294 293 2 6 31 O 30
296 295 2 6 29 O 20
305 297 2 6 28 O 30
307 306 2 5 27 O 20
298 432 2 5 25 O 10
300 299 2 4 18 O 10
301 300 2 6 32 M 20
26295 22235 2 1 2 O 10
22235 22234 2 5 26 O 10
310 309 2 10 53 O 30
312 311 2 10 54 O 20
314 313 2 10 54 O 30
12498 28635 2 11 59 O 30
28635 12975 2 8 42 O 30
320 317 2 2 9 O 20
317 319 2 10 55 O 10
319 318 2 8 42 M 30
318 317 2 3 13 O 20
316 315 2 6 31 O 20
25348 327 2 4 19 O 10
327 25346 2 3 15 O 20
25347 322 2 6 31 O 30
325 324 2 3 14 O 30
327 325 2 5 26 O 30
325 326 2 2 9 O 20
335 334 2 15 78 M 20
329 328 2 7 37 O 30
331 330 2 3 12 O 10
333 330 2 3 15 O 30
330 332 2 5 28 O 30
336 13390 2 3 16 O 30
13390 13393 2 15 83 M 30
13393 337 2 3 14 O 10
155 12366 2 2 8 O 20
26277 8454 2 2 6 O 30
8454 101 2 2 7 O 10
18466 26277 2 17 94 O 30
15174 12984 2 6 31 M 20
8457 23354 2 2 7 O 10
339 15174 2 7 34 O 10
342 340 2 3 17 O 20
344 342 2 9 45 O 10
342 341 2 3 16 O 20
345 344 2 8 43 O 10
344 343 2 3 15 M 20
348 347 2 12 62 O 30
22652 6538 2 3 12 O 30
9688 22648 2 3 13 O 10
9688 360 2 8 41 M 20
360 6527 2 1 5 O 30
8453 26273 2 14 74 M 30
26273 355 2 5 23 O 30
355 353 2 4 19 O 20
353 12976 2 6 29 O 10
12976 350 2 28 153 O 30
352 351 2 8 43 O 10
349 353 2 11 59 M 10
355 354 2 11 56 O 10
357 356 2 8 44 O 20
6535 22649 2 6 31 M 20
6532 358 2 7 35 M 30
27849 6535 2 4 20 O 20
6533 27848 2 14 75 O 20
360 359 2 4 21 O 10
362 5894 2 5 25 O 10
361 362 2 12 64 M 10
364 26983 2 5 26 O 30
363 364 2 1 1 O 10
26984 363 2 2 9 M 10
189 375 2 2 10 O 30
375 6536 2 1 6 O 30
6530 6534 2 10 50 M 30
371 370 2 4 22 O 20
373 372 2 15 79 O 20
375 374 2 6 32 M 20
367 366 2 4 18 O 20
369 368 2 4 18 O 20
22650 6538 2 26 143 O 20
6538 9686 2 15 81 O 10
379 378 2 3 12 M 30
381 380 2 11 59 M 20
385 5845 2 8 42 O 20
389 388 2 6 33 M 10
391 390 2 4 22 O 30
394 392 2 19 104 M 10
395 394 2 5 25 O 10
394 393 2 9 47 M 20
397 396 2 8 44 O 30
11387 18653 2 2 9 O 20
18653 17165 2 12 66 O 10
12480 11387 2 10 55 M 30
399 398 2 18 95 O 10
401 10815 2 2 7 O 10
10814 401 2 5 24 O 10
23427 10814 1 4 18 O 30
10814 387 1 3 15 O 10
387 23427 1 1 5 O 20
8940 23427 2 3 11 O 10
403 402 2 3 12 O 10
405 404 2 11 60 O 30
2257 2259 2 7 34 O 20
2261 408 2 7 36 M 10
11685 11686 2 7 38 O 20
415 414 2 8 39 O 10
416 417 2 9 47 O 20
412 411 2 7 36 O 10
11267 28058 2 18 99 O 20
28058 28071 2 7 36 O 30
21392 28054 2 1 1 O 10
28054 28055 2 1 2 M 20
23438 421 2 1 5 O 30
421 419 2 4 17 M 10
419 5892 2 8 43 O 10
23438 24653 2 9 46 O 20
21759 21393 2 14 75 O 30
421 420 1 10 51 O 10
420 419 1 12 65 M 20
424 423 2 8 43 M 30
427 428 2 3 15 M 30
11263 430 2 11 59 O 10
430 11264 2 5 23 O 30
429 430 2 15 80 O 30
426 425 2 3 14 O 30
19862 431 2 3 12 O 10
434 433 2 2 11 O 20
19867 436 2 8 41 M 10
19860 19868 2 11 60 O 20
438 441 2 6 31 O 10
440 439 2 4 22 O 10
442 439 2 4 18 O 20
439 438 2 2 8 O 20
23431 23432 2 8 40 O 20
445 444 2 2 7 M 10
447 446 2 1 2 M 20
23426 23436 2 3 15 O 10
23436 445 2 8 41 M 20
445 23433 2 2 8 O 30
23434 23435 1 3 12 M 10
24654 28056 2 1 4 M 10
28056 21392 2 1 2 O 30
448 449 2 8 44 O 20
450 451 2 4 22 O 20
452 453 2 4 20 O 30
453 454 2 3 13 O 30
453 455 2 4 19 O 20
456 457 2 3 15 M 10
458 459 2 9 48 M 20
460 461 2 6 32 O 30
462 463 2 11 61 O 10
10529 465 2 9 46 O 10
465 464 2 4 17 M 20
464 10529 2 8 41 O 20
466 465 2 8 39 M 30
6451 467 2 5 27 O 20
468 469 2 8 39 O 30
470 471 2 5 23 M 10
17563 472 2 6 30 M 10
473 474 2 4 21 O 20
475 476 2 3 16 O 10
477 478 2 5 26 M 10
479 480 2 8 41 O 20
481 482 2 8 41 O 10
23190 418 2 3 16 O 30
3724 30093 1 18 99 O 20
22524 22525 2 3 14 O 30
22525 22519 2 3 16 O 20
22519 22520 2 3 16 O 10
22520 22515 2 15 80 O 30
22515 22518 2 15 79 O 10
22518 22517 2 3 16 O 30
22517 22516 2 3 16 O 10
22516 22522 2 23 124 M 20
22522 22521 2 4 19 O 20
15489 15490 2 17 91 O 30
20303 2 2 7 35 M 20
484 486 2 2 8 M 20
487 488 2 4 22 O 20
494 489 2 21 113 M 30
489 493 2 9 45 O 20
490 489 2 3 14 O 10
492 490 2 5 26 O 20
490 491 2 9 45 O 20
9857 9855 2 21 111 O 30
9855 9860 2 15 81 M 20
9855 495 2 12 61 O 20
28800 28792 2 8 42 O 30
28791 20826 2 4 22 M 30
496 497 2 7 36 M 20
499 498 2 6 32 O 30
502 501 2 2 10 M 30
20836 5251 2 1 2 O 20
5251 5370 2 29 160 O 30
5370 10039 2 12 64 M 30
10039 5247 2 4 19 O 30
5247 10038 2 14 75 O 30
28803 28804 2 4 19 M 10
28803 503 2 4 21 O 10
28805 12553 2 2 6 O 20
28804 28805 2 4 19 O 10
28804 504 2 3 11 O 30
20997 30118 2 4 20 O 20
12552 20823 2 3 12 O 30
10593 505 2 7 37 O 20
507 506 2 4 17 O 30
508 30118 2 3 17 O 30
510 509 2 3 14 O 10
512 511 2 5 27 O 30
515 513 2 2 8 O 20
516 515 2 5 26 O 30
515 514 2 5 23 O 20
27485 27486 2 7 35 M 20
517 518 2 10 54 O 30
19543 519 2 8 42 O 10
27551 24729 2 3 13 O 20
18577 26768 2 9 49 M 30
26768 18576 2 2 9 M 30
520 521 2 24 133 O 10
523 522 2 4 18 O 10
525 524 2 4 17 O 20
527 526 2 4 18 M 20
529 528 2 4 18 M 10
531 530 2 4 19 M 30
533 532 2 4 21 O 20
535 534 2 4 18 O 10
537 536 2 4 18 O 20
539 538 2 4 18 O 10
541 540 2 8 41 O 20
542 19209 2 6 32 M 10
26271 8891 2 6 28 O 20
19662 17037 2 5 26 O 10
17037 11543 2 9 47 O 30
11543 17036 2 4 19 O 10
17036 8893 2 4 19 O 10
8892 543 2 6 28 M 20
545 544 2 10 52 O 10
548 14065 2 11 59 O 30
27840 10694 2 2 11 O 30
550 549 2 8 43 O 10
552 553 2 12 65 O 20
553 11542 2 5 26 O 20
554 552 2 2 8 M 30
552 555 2 3 12 O 10
555 553 2 10 54 O 30
556 555 2 10 55 O 10
558 554 2 10 55 O 30
554 557 2 5 24 O 20
559 556 2 9 50 M 20
556 558 2 4 20 O 20
558 21910 2 4 22 O 30
561 890 2 2 11 O 30
890 560 2 2 7 O 20
562 599 2 4 18 M 20
563 564 2 10 51 M 10
566 563 2 5 26 O 10
563 565 2 13 67 O 20
568 567 2 13 67 O 30
570 569 2 4 20 O 10
29360 571 2 4 21 O 20
29482 19076 2 11 59 O 20
20724 1370 2 14 76 O 20
1370 5373 2 4 20 O 20
5373 19804 2 8 42 O 10
19804 20702 2 5 26 O 10
20702 1371 2 2 9 M 20
1371 27755 2 6 29 O 20
15432 20729 2 3 12 O 20
573 20730 2 1 4 O 10
12409 12410 2 18 96 O 10
8831 574 2 5 26 O 30
576 12294 2 2 6 O 30
9136 20356 2 2 8 O 20
578 24574 2 10 53 O 10
578 577 2 2 8 M 20
579 578 2 2 9 O 10
580 11521 2 4 19 O 10
11521 579 2 4 18 O 20
20356 581 1 2 6 O 20
586 12360 2 6 31 O 30
586 582 2 2 8 O 20
11457 585 2 5 25 O 20
584 583 2 1 5 M 20
585 584 2 2 9 M 20
590 11457 2 5 24 O 10
24575 11521 2 2 11 M 20
19665 18345 1 4 18 O 20
21911 8563 1 4 17 O 10
9361 591 2 20 106 O 30
599 600 2 2 7 O 30
595 593 2 34 183 O 10
593 594 2 14 78 O 10
597 598 2 15 82 O 30
598 596 2 8 44 O 20
600 593 2 2 7 O 20
593 598 2 26 142 O 10
12298 8087 2 3 16 O 10
8087 12300 2 5 25 M 30
12300 12297 2 28 154 O 20
8579 19279 2 2 7 O 20
10741 26249 2 13 70 O 20
1005 1004 2 2 9 O 20
12808 14296 2 11 61 O 20
14296 26184 2 19 101 O 20
614 607 2 4 20 O 10
609 608 2 7 38 O 30
611 610 2 4 18 M 10
615 614 2 4 18 O 20
614 613 2 4 20 O 30
613 609 2 1 2 O 20
609 4380 2 6 30 O 20
4380 612 2 2 11 O 30
25017 17156 1 2 10 O 20
23251 26183 1 2 10 O 10
22586 23251 1 12 62 O 20
23529 25028 2 1 4 O 10
25028 23530 2 1 4 O 30
23530 25026 2 2 11 O 10
25026 25024 2 4 17 O 10
25024 24741 2 3 12 O 10
3105 8508 2 4 18 O 20
23391 23250 1 7 36 O 20
23248 14293 1 2 8 O 30
23528 25032 2 3 14 M 10
25032 25030 2 4 22 O 20
25030 23529 2 5 26 O 30
620 621 2 1 5 O 20
622 1957 2 3 15 O 30
623 624 2 4 21 M 30
625 626 2 5 24 M 30
627 628 2 5 25 O 10
629 630 2 5 26 O 20
631 632 2 5 27 O 30
633 634 2 6 30 O 20
635 636 2 6 31 M 10
637 638 2 6 31 O 10
639 640 2 6 31 O 20
641 1958 2 6 31 O 30
618 617 2 24 132 O 30
619 618 2 2 6 M 30
616 619 2 1 5 M 20
27613 27612 2 7 35 O 10
643 642 2 3 16 M 10
21180 645 2 47 259 O 10
648 647 2 14 74 O 30
17242 20229 2 4 22 O 10
646 649 2 9 48 O 30
27816 643 2 1 5 O 10
25207 651 1 2 8 O 30
651 25208 1 1 5 O 30
26058 14952 1 7 38 O 30
9088 16927 1 8 41 M 30
9155 23036 1 4 22 O 30
18028 14951 1 3 13 O 20
14951 26056 1 6 32 O 10
26056 14952 1 2 9 M 20
14952 23035 1 2 7 O 20
23035 16932 1 19 105 O 10
24963 24962 2 8 39 O 10
652 26438 2 8 40 O 30
26223 9087 1 13 68 O 10
653 25086 2 5 28 M 10
25086 7634 2 9 48 O 10
7634 20180 2 1 4 O 10
654 9016 2 2 9 O 20
9016 20475 2 2 6 O 10
20475 653 2 2 10 O 20
1360 8769 1 26 142 M 20
25309 655 1 6 33 O 30
25306 25307 1 13 68 O 10
18318 8919 1 17 94 O 10
8919 1359 1 4 17 O 20
8842 8953 2 28 151 O 20
8842 10494 2 19 103 O 30
10497 23862 2 9 49 O 10
23862 23121 2 2 11 O 20
23121 10496 2 2 10 O 10
23404 16423 2 1 3 O 20
16423 23405 2 9 46 O 10
23405 16420 2 21 116 O 10
16437 5388 2 12 63 M 20
5388 22811 2 2 9 O 30
22811 16418 2 3 14 O 30
657 656 2 7 37 O 30
659 658 2 7 36 M 20
661 660 2 15 79 O 20
28435 28455 2 4 18 O 10
9070 20671 2 2 10 O 30
8187 23229 2 1 5 O 20
662 21629 2 2 10 O 10
8680 17655 2 9 48 O 10
664 663 2 1 5 M 30
8677 664 2 5 24 O 30
11560 15336 2 16 84 O 20
8958 8842 2 7 37 O 10
8464 23246 2 2 9 O 30
14316 8515 2 10 53 M 20
666 665 2 7 36 O 10
667 24742 2 15 80 O 20
669 668 2 3 16 O 20
22149 26563 1 20 107 M 30
671 5348 2 6 33 M 10
5348 12362 2 9 49 O 10
12364 821 2 2 10 O 10
821 5342 2 4 19 O 20
5342 5346 2 5 24 M 10
5346 671 2 1 4 O 30
12362 674 2 13 72 O 10
674 26882 2 6 31 O 20
12363 1228 2 2 9 M 30
820 24728 2 2 9 M 20
24728 874 2 1 5 O 10
23527 14317 2 5 26 M 20
8515 670 2 9 47 O 10
9448 6238 2 5 27 O 30
6238 673 2 4 18 O 30
22301 14292 1 3 13 O 20
16810 30228 1 4 22 O 20
30228 22301 1 4 22 O 10
14298 26184 1 16 86 O 20
26183 23249 2 2 9 M 10
14294 1007 1 5 23 O 30
1007 677 1 5 25 O 30
677 8510 1 6 30 O 10
8510 1010 1 7 35 M 10
1010 678 1 2 11 M 10
678 8509 1 11 57 M 20
14292 18046 1 13 70 O 10
18046 22305 1 5 24 O 30
22305 1034 1 3 14 O 10
1034 23248 1 5 27 O 30
681 680 2 8 39 O 30
683 682 2 5 26 O 10
685 686 2 6 30 O 30
684 683 2 9 48 M 30
683 685 2 1 2 O 20
687 688 2 13 68 O 20
14239 18687 2 3 12 M 10
18688 22148 2 2 8 M 20
15898 679 2 2 7 O 30
15898 25425 1 3 14 O 10
23456 8668 1 2 9 O 20
26049 13982 2 6 29 O 20
25811 14284 2 5 23 O 30
672 18258 2 2 10 O 30
5029 28009 2 11 58 M 10
28009 15026 2 5 27 O 30
13914 26694 2 1 5 O 20
12659 26698 2 2 6 O 30
24623 12311 2 2 7 M 10
8950 7364 2 5 23 O 30
7364 12743 2 3 13 O 20
12743 7367 2 8 40 O 30
7367 7369 2 2 11 O 10
7369 12742 2 4 19 M 20
12742 11785 2 5 28 O 10
11785 13509 2 6 30 O 20
8958 16845 2 3 16 O 30
16845 15646 2 2 7 O 30
14010 9604 2 2 6 O 20
9604 14009 2 13 67 O 20
14009 8689 2 3 13 O 10
8689 15585 2 4 17 M 30
15585 17085 2 3 15 O 20
17113 17112 2 7 38 O 10
8196 6372 2 1 4 O 30
6372 17113 2 8 40 O 10
695 12031 2 7 37 O 30
20949 3442 2 21 114 O 10
3442 13990 2 4 21 O 30
13990 11997 2 22 121 O 30
11997 695 2 19 101 M 30
12015 12016 2 5 25 M 30
698 697 2 1 4 O 20
699 698 2 2 9 O 30
697 696 2 8 40 O 20
701 700 2 7 35 O 20
703 702 2 3 15 O 20
706 705 2 2 7 O 20
707 706 2 2 6 O 20
705 704 2 4 22 O 30
709 708 2 2 9 O 30
22083 709 2 4 18 O 30
23150 14754 1 5 23 O 10
11948 733 2 4 18 M 20
733 712 2 4 18 O 20
712 732 2 12 62 O 30
710 728 2 4 18 O 10
728 725 2 17 90 O 20
712 711 2 11 59 O 30
721 719 2 9 50 O 30
714 713 2 33 180 M 30
716 715 2 7 38 O 20
718 716 2 5 26 M 20
716 717 2 11 57 O 30
721 730 1 8 44 O 20
729 721 2 4 19 O 10
721 720 2 9 47 O 30
729 723 1 4 19 O 20
723 722 1 4 18 O 30
731 730 2 6 32 O 10
730 729 2 20 107 O 10
729 722 2 2 7 O 20
722 734 2 9 46 O 30
734 733 2 19 100 O 10
733 728 2 14 76 O 10
732 726 1 53 292 M 30
726 727 1 13 71 M 10
727 732 1 14 77 O 10
12053 735 2 5 22 O 30
735 11459 2 14 73 O 30
14263 29955 2 3 15 O 30
9047 12046 2 17 91 O 10
12046 11419 2 7 37 O 10
22330 11421 2 3 11 O 10
11421 22329 2 2 9 O 20
26898 11455 2 21 116 M 10
11455 26897 2 10 53 M 20
26897 5740 2 11 56 O 20
5740 26895 2 2 8 M 30
26895 739 2 15 81 O 10
11457 587 2 2 9 O 30
9047 741 2 16 84 O 10
588 11457 2 2 9 O 30
22334 26898 1 2 6 O 10
14263 28015 2 1 5 O 10
22325 11420 2 1 4 O 20
11420 22327 2 2 7 O 20
22331 11421 2 2 8 O 30
11421 22328 2 2 8 O 30
26895 742 2 1 5 O 20
737 5740 2 2 7 M 10
22333 11455 2 2 7 O 20
11455 22332 2 1 5 O 10
18664 30012 2 1 4 O 10
22329 740 2 10 50 O 30
739 22330 2 9 49 O 20
22326 11420 2 2 7 O 10
11420 22324 2 1 5 O 30
744 745 2 9 45 O 30
746 747 2 8 44 O 10
749 748 2 9 47 O 10
751 750 2 16 84 O 10
739 738 2 2 7 O 10
11456 20989 1 2 6 O 30
11456 736 1 1 5 O 10
22335 26898 2 2 6 O 20
754 753 2 3 14 M 10
12053 28016 2 1 4 O 30
21646 12176 1 2 7 O 20
14503 758 1 7 35 M 20
758 757 1 9 49 M 20
17849 759 1 2 7 O 10
759 758 1 9 47 O 30
14502 17849 1 6 28 O 20
25732 23937 1 4 22 O 30
761 762 1 4 18 M 30
14501 17763 1 5 28 O 30
755 14504 1 1 5 O 30
14504 22612 1 3 11 O 10
22612 14505 1 2 10 O 20
14505 22614 1 3 14 M 10
22614 14501 1 1 4 O 30
14501 22613 1 3 16 O 20
22613 14502 1 2 8 O 20
14502 760 1 3 15 O 30
760 14503 1 2 7 O 30
14503 755 1 1 5 O 10
17801 20047 2 8 41 O 30
17803 17805 2 3 15 M 10
17803 17804 2 10 52 O 20
17804 17805 2 7 36 O 20
17805 19239 2 5 24 O 10
759 760 1 4 18 O 30
16056 16058 2 5 24 O 30
29919 29916 1 3 15 M 20
29916 29917 1 1 5 M 30
29920 29925 1 3 12 O 10
23674 23671 1 3 13 O 10
23678 23673 1 4 17 O 30
23673 23674 1 2 8 M 30
29925 29914 1 3 16 O 30
1692 764 1 2 6 O 10
764 29913 1 2 11 M 10
29917 29920 1 3 15 O 10
11459 12756 2 3 11 O 10
765 14755 2 5 28 O 30
23261 12402 2 3 15 O 30
767 766 2 7 38 O 30
19075 11416 2 2 10 O 10
10466 18517 2 9 47 O 20
18517 14243 2 8 42 O 20
14243 14247 2 6 33 M 20
14247 18525 2 6 33 O 20
18525 18524 2 2 9 O 10
18518 10466 2 28 151 O 10
14275 768 2 1 3 O 10
768 29976 2 12 62 O 20
29976 14264 2 6 30 O 30
27704 11170 2 8 44 O 10
19078 11424 2 3 12 O 30
12417 24482 1 3 11 M 20
23672 23675 1 3 15 M 20
29932 1690 2 5 26 M 30
23671 23672 1 2 7 O 20
771 690 2 2 7 O 10
690 8426 2 1 5 O 30
8426 691 2 5 25 O 30
772 773 1 11 58 M 10
15900 774 2 6 30 O 30
777 776 2 3 13 O 10
778 777 2 2 7 O 10
776 775 2 5 24 O 30
780 779 2 7 37 O 20
691 18688 2 1 6 M 30
22582 794 2 7 39 O 30
794 771 2 5 24 O 30
8370 22582 2 4 18 O 30
786 785 2 3 11 O 30
22582 792 2 2 8 O 30
782 788 2 2 7 O 30
787 791 2 2 7 M 30
790 789 2 2 7 M 20
794 793 2 2 10 O 30
15903 784 2 5 25 O 30
8370 15903 2 9 45 O 20
797 796 2 4 19 O 10
797 795 2 5 26 O 30
798 797 2 5 22 O 10
8514 16945 2 2 9 O 30
801 800 2 12 62 O 20
18732 804 2 1 4 O 10
804 803 2 2 9 O 20
806 805 2 2 7 O 20
808 807 2 7 39 O 10
8539 23793 2 2 8 M 20
8539 23792 2 2 8 O 30
809 810 2 11 57 O 10
811 812 2 3 14 O 20
813 25217 2 2 8 O 20
25217 814 2 6 32 O 30
8854 16666 2 1 5 O 20
23393 9209 1 1 5 O 20
692 815 1 4 20 O 20
815 23456 1 5 24 O 30
12855 692 1 6 29 O 20
11169 4370 1 1 3 O 20
4370 12855 1 11 56 O 10
34 11169 1 10 52 O 20
817 816 2 10 55 O 30
9543 8462 2 18 95 O 30
23247 23530 2 2 8 O 20
8508 22584 2 2 8 O 10
25022 822 2 3 13 O 30
25027 823 2 3 13 O 20
12854 9080 2 1 5 O 30
9080 27517 2 4 20 O 20
27517 10689 2 4 19 O 10
22671 12854 2 10 55 O 20
12099 9733 2 2 9 O 30
9317 1972 2 7 37 O 20
15889 8545 2 2 9 M 20
8545 9082 1 2 9 M 30
16230 827 2 2 7 O 10
827 828 2 3 14 O 20
26379 9394 2 3 13 M 30
829 9229 2 12 66 M 20
21445 10932 2 11 61 M 10
826 825 2 10 52 M 30
830 12840 1 7 34 M 10
28109 12164 2 12 62 O 10
832 831 1 5 25 O 30
2199 2200 1 5 27 M 20
24391 848 1 6 29 O 10
18338 15075 2 2 10 O 30
837 836 2 3 13 O 10
15075 839 2 9 50 O 20
15056 18338 2 7 38 O 20
838 12520 2 13 68 O 30
839 838 2 7 34 O 20
28114 12521 2 3 16 O 20
840 28114 2 6 31 O 30
12520 20897 2 29 157 O 10
29397 834 2 7 34 O 20
843 15421 2 2 10 O 30
15421 11628 2 5 25 O 20
11628 11627 2 5 28 O 10
11627 12519 2 3 16 O 10
12519 11625 2 4 22 O 20
11625 11786 2 15 80 O 30
11786 15056 2 13 72 O 10
12518 14833 2 23 125 O 10
834 835 2 4 21 O 20
835 14834 2 4 22 O 10
14834 23180 1 5 28 O 10
17040 23179 2 2 10 O 10
842 6084 2 11 56 M 20
6084 6082 2 13 71 O 10
6082 841 2 12 62 O 20
841 11397 2 9 45 M 10
11397 21537 2 3 13 O 30
844 12543 2 7 36 O 10
12543 14831 2 9 49 M 10
845 9118 2 9 48 M 20
9118 14835 2 3 16 O 20
14830 12518 2 7 35 M 30
20709 2948 2 4 20 M 20
2948 2945 2 1 5 O 20
2945 20705 2 7 35 O 10
20705 2941 2 2 11 M 20
2941 2937 2 1 5 O 20
2937 2934 2 6 30 O 20
2934 2932 2 3 12 O 30
2932 2930 2 4 21 O 30
2930 16119 2 6 32 O 20
16119 2910 2 4 18 O 20
9719 9716 2 17 92 O 30
9716 9713 2 6 33 O 30
9713 6080 2 18 96 O 10
6080 846 2 3 11 O 10
30129 2951 2 5 26 O 10
2951 2926 2 1 5 O 20
2926 20709 2 2 8 O 20
846 12504 2 12 64 M 30
12504 842 2 12 64 O 10
23177 16878 2 9 46 O 20
13066 20714 2 5 24 O 10
20714 20731 2 8 39 M 30
20731 20716 2 4 18 O 20
15102 2250 2 14 74 O 30
2250 23177 2 3 15 O 20
18337 849 2 18 98 O 20
849 15411 2 11 58 O 30
15411 2959 2 6 33 O 30
2959 2957 2 5 24 M 20
2957 30129 2 7 34 M 20
20716 18337 2 6 29 O 10
848 18336 1 3 15 O 10
18336 847 2 8 44 O 30
8890 15102 2 14 76 M 20
27446 23175 2 3 15 O 20
833 3114 2 10 55 O 30
3114 9900 2 6 33 O 20
14835 14830 2 4 20 M 20
14833 29397 2 13 71 O 20
18114 8997 1 8 44 M 30
12521 28115 2 4 21 O 10
850 14853 2 5 24 O 20
852 850 2 5 22 O 30
852 851 2 7 38 O 20
854 853 2 2 8 O 10
856 855 2 1 5 O 30
859 858 2 2 8 M 20
860 857 2 2 8 O 20
861 11546 2 1 5 O 10
863 862 2 2 10 M 10
865 864 2 2 9 O 10
867 866 2 2 9 O 10
869 868 2 2 9 O 20
871 870 2 2 10 M 30
873 872 2 2 8 O 10
1228 820 2 5 27 O 10
874 26573 2 4 18 O 30
26573 12362 2 10 52 O 10
875 876 2 1 4 O 20
876 30184 2 1 2 O 30
877 878 2 8 39 O 20
879 880 2 14 77 O 20
25897 881 2 2 9 O 20
29416 29415 2 2 8 O 30
1404 17849 2 7 36 O 20
23586 23585 2 12 64 O 20
20039 17808 2 6 30 M 30
23587 22606 2 1 4 O 20
18943 12733 2 7 35 O 10
26298 19726 1 4 17 O 20
884 26298 1 4 19 O 10
22583 885 1 3 12 O 30
885 884 1 9 48 M 20
886 22583 1 3 12 O 30
26940 13765 1 3 11 M 30
9238 888 2 6 32 O 10
890 889 2 7 39 O 10
891 8229 2 12 62 M 30
28089 8228 2 7 35 O 20
8228 891 2 7 35 O 10
25423 25424 2 2 9 O 10
893 892 2 3 13 O 20
895 894 2 8 40 O 30
896 895 2 3 12 O 20
14239 23254 2 3 13 O 10
10322 10321 2 10 51 O 20
11599 11601 2 2 8 M 20
897 898 2 2 6 O 30
27125 903 2 2 6 O 20
900 899 2 2 6 O 20
902 901 2 2 6 O 20
905 904 2 2 9 O 10
909 913 2 2 6 M 20
910 912 2 2 6 M 20
911 27049 2 2 6 M 20
933 915 2 2 6 O 30
917 916 2 2 6 M 10
918 919 2 2 6 O 10
27147 923 2 2 6 M 30
927 926 2 2 6 O 20
929 928 2 2 6 O 30
931 930 2 2 6 O 20
933 932 2 2 6 O 30
9439 9425 2 12 65 O 20
934 9403 2 10 51 O 10
26563 935 1 11 57 O 30
936 26561 1 15 80 O 10
938 21101 2 3 12 O 20
21100 938 2 3 16 O 10
1222 16857 2 53 293 O 30
940 939 2 4 17 O 10
941 942 2 15 81 M 30
943 20845 2 8 43 O 30
944 945 2 5 26 O 20
946 26557 2 9 49 O 30
947 946 2 8 44 O 30
25462 25463 2 13 71 O 20
25463 25464 2 2 8 M 20
25464 25462 2 12 63 O 30
25462 15334 2 6 29 O 10
950 951 2 9 47 O 10
949 950 2 5 24 O 10
17938 18689 1 7 39 M 10
18689 17941 1 3 15 O 30
17941 17943 1 3 14 O 20
17943 17945 1 3 14 O 20
17945 17947 1 3 14 O 10
17947 17949 1 3 14 O 20
17949 17951 1 3 14 O 30
17951 17953 1 3 14 M 10
17953 17955 1 3 14 O 30
17955 17957 1 3 14 O 10
17957 17959 1 3 14 O 30
17959 17961 1 3 14 M 20
17961 17963 1 3 14 O 10
17963 26585 1 3 14 M 10
26585 17935 1 5 24 O 20
17935 17934 1 5 23 O 30
17934 17964 1 4 17 O 10
17964 17962 1 3 17 O 30
17962 17960 1 4 18 O 20
17960 17958 1 4 18 M 20
17958 17956 1 4 19 O 20
17956 17954 1 4 17 O 30
17954 17952 1 3 15 O 10
17952 17950 1 3 16 O 30
17950 17948 1 4 17 O 10
17948 17946 1 4 17 O 30
17946 17944 1 4 17 O 20
17944 17942 1 4 17 O 20
17942 17939 1 4 19 M 20
17939 17933 1 9 46 O 30
953 952 1 7 35 O 10
1823 2609 1 5 27 M 10
2609 953 1 4 19 O 10
13440 13439 2 9 47 O 30
17933 17932 1 3 13 O 20
17932 17938 1 3 17 O 20
7149 5656 1 2 8 O 20
5656 18231 1 6 32 M 30
971 9493 2 3 16 O 10
6030 6035 2 62 341 O 30
976 975 2 5 26 O 30
975 974 1 8 42 O 30
974 973 1 6 31 O 10
973 975 1 2 11 O 10
977 976 2 3 15 O 20
979 980 2 2 8 O 10
981 982 2 8 41 O 10
983 984 2 7 35 O 20
985 986 2 5 26 O 20
989 988 1 3 16 M 30
935 989 1 3 12 O 20
990 936 1 4 21 O 30
987 990 1 4 17 O 20
14238 937 1 9 47 O 20
992 987 1 30 165 O 10
26562 992 1 2 9 O 30
991 14238 1 2 8 O 10
24739 14238 1 2 8 M 20
993 997 2 3 15 M 10
997 995 2 3 17 O 10
995 994 2 5 26 O 10
995 996 2 10 51 O 20
996 997 2 7 35 M 10
998 999 2 20 108 O 30
999 1000 2 9 46 O 20
1000 998 2 9 45 O 10
8836 998 2 4 20 M 30
1002 1003 2 4 20 O 10
26380 1001 2 2 10 O 10
1001 1002 2 3 13 O 10
1007 1006 2 2 6 O 10
606 605 2 2 8 O 20
677 1008 2 1 6 O 30
1010 1009 2 2 7 O 20
10499 1011 2 8 42 O 10
22348 1012 2 9 46 O 20
8602 8599 2 3 16 O 20
1014 1013 2 22 121 O 10
29931 1727 2 3 14 M 10
14443 15025 2 3 12 O 30
24738 1017 2 2 8 O 10
1020 1018 2 2 8 O 10
1021 1022 2 4 22 M 20
1024 1025 2 4 19 M 20
1030 1029 2 2 6 O 20
28398 28397 2 2 7 O 20
1018 1019 2 6 32 M 20
1023 1021 2 2 6 O 20
1026 1024 2 2 6 O 30
1028 1027 2 2 6 M 10
1032 1031 2 3 15 O 30
1034 1033 2 1 5 O 20
1037 1036 2 2 7 O 30
23455 18732 1 2 9 M 30
18733 23455 1 15 80 O 30
676 9620 2 3 12 M 10
13474 8964 2 3 14 O 30
1038 1039 2 3 12 O 20
15433 23155 2 7 35 O 10
15415 20722 2 2 6 O 30
21007 19907 2 50 277 O 20
19907 1970 2 3 13 O 30
14846 19612 2 3 12 O 30
13117 1047 2 14 72 O 20
1056 1057 2 17 90 M 10
9442 19733 2 3 12 O 10
19733 8470 2 3 12 O 10
8470 22903 2 2 6 M 10
1060 3965 2 4 21 O 30
1063 1061 2 6 29 O 30
1061 1062 2 2 10 O 30
1066 1064 2 6 29 M 20
1064 1065 2 3 16 O 30
1069 1067 2 6 29 O 30
1067 1068 2 4 17 O 30
1072 1070 2 6 29 O 20
1070 1071 2 4 20 O 20
1075 1073 2 6 29 O 20
1073 1074 2 4 20 O 20
1078 1076 2 6 28 O 20
1076 1077 2 4 19 O 30
1085 12768 2 4 20 O 30
12768 1078 2 4 17 O 10
1078 1075 2 3 16 O 20
1075 1072 2 4 17 O 30
1072 1069 2 3 16 O 10
1069 1066 2 3 17 O 20
1066 1063 2 4 17 O 10
1063 1060 2 3 17 M 20
1060 12761 2 5 24 M 30
1085 1086 2 1 4 M 30
1086 1080 2 5 24 O 30
1080 1079 2 7 37 O 30
1083 1081 2 5 24 O 10
1081 1079 2 4 20 M 30
1079 1082 2 4 17 O 10
12765 1083 2 3 15 M 10
1083 1086 2 4 18 O 20
1082 12764 2 5 24 O 20
12764 12765 2 5 24 O 10
22904 8468 1 4 20 O 20
12767 19254 1 4 21 O 30
9853 13115 2 13 69 M 20
1104 1105 2 4 19 O 10
1106 1107 2 5 25 O 20
1107 1108 2 5 25 O 10
1107 1109 2 3 14 O 30
757 23938 2 2 6 O 10
1875 756 1 23 128 O 20
14505 1946 1 6 30 O 10
15002 19234 1 5 25 O 20
1132 23071 1 5 26 O 30
12819 8607 1 3 12 M 20
8607 1133 1 2 6 O 30
8607 1135 1 2 6 M 30
1134 1131 1 2 7 O 10
1134 8606 1 2 8 O 10
18423 24664 1 8 44 O 30
24664 22642 1 2 7 O 30
1133 1136 1 3 16 O 10
15001 15003 1 13 69 M 20
15003 12818 1 2 8 O 30
24665 15003 1 3 13 O 20
23069 1134 1 8 41 O 30
604 1135 1 4 20 O 20
604 8607 1 3 16 O 20
12819 604 1 4 20 O 20
24664 1131 1 5 26 O 10
1136 23071 1 9 48 O 20
15003 1133 1 6 29 O 30
24665 19234 1 7 39 O 10
19234 19740 1 17 92 O 30
19740 15000 1 17 90 O 30
1135 23072 1 5 24 O 20
26846 26849 1 2 8 O 20
23079 23085 1 3 12 M 10
26843 17108 1 9 48 O 30
23086 23082 1 12 61 O 20
26848 24479 1 2 10 O 10
18220 18221 1 2 8 O 20
23072 1132 1 2 11 M 10
23627 2710 2 5 27 O 20
2710 13832 2 1 3 O 30
1137 1138 2 3 14 O 10
1140 1139 2 2 10 M 10
1141 1142 1 5 27 O 10
1142 23626 1 5 28 O 10
23054 1143 1 2 6 O 20
23057 1144 1 2 10 O 30
1150 1149 1 6 29 O 30
1154 23625 1 3 12 O 20
23053 23054 1 4 18 O 10
22588 23053 1 2 9 O 30
23051 23052 1 3 12 O 30
23628 23055 1 2 9 O 10
1156 23628 1 3 12 O 20
1155 1156 1 3 12 O 30
1151 23625 1 14 77 O 30
23625 23051 1 2 8 O 10
1153 1154 1 3 11 O 20
1152 23628 1 13 68 O 20
23056 1146 1 2 9 O 30
22589 23057 1 5 24 M 20
23056 22589 1 3 14 M 30
22589 1153 1 2 6 O 30
1146 13815 1 3 16 O 10
1150 23051 1 7 39 O 10
1145 13794 1 3 12 O 10
1148 2644 1 11 57 O 30
2644 2642 1 16 87 O 30
2642 2643 1 5 24 O 30
2643 2651 1 2 10 O 10
22588 1155 1 2 8 O 30
1760 2652 1 7 35 O 20
1147 22588 1 7 34 O 30
1147 23053 1 7 38 O 10
23052 1148 1 7 39 O 10
1149 1148 1 10 51 M 20
1154 1157 1 14 77 M 30
23059 1165 1 5 23 O 10
1165 1160 1 2 7 M 10
1156 1158 1 14 76 M 10
1152 23055 1 13 72 M 30
1171 23060 1 15 82 O 30
1143 1158 1 11 58 M 20
1159 18423 1 10 54 O 10
23627 1152 1 14 76 O 30
23070 23069 1 4 19 O 30
24663 15001 1 5 26 O 20
1161 23058 2 5 23 M 30
1162 1161 2 2 7 M 10
23621 1173 1 5 27 O 20
23623 1168 1 4 18 O 20
1165 1164 2 3 16 O 20
23062 1167 1 2 7 M 20
23062 23063 1 2 7 O 30
23061 23062 1 3 12 O 20
23623 22587 1 2 8 O 10
23624 23060 1 2 8 O 20
1170 23624 1 3 11 O 20
1167 1172 1 3 13 O 20
1171 23624 1 15 79 O 20
1174 23063 1 3 13 O 30
1175 20943 1 3 15 M 20
23061 1166 1 3 12 O 10
1166 23366 1 9 46 O 10
1160 1206 1 11 60 M 30
1206 1151 1 16 85 O 10
1170 1160 1 8 40 M 30
1172 1173 1 8 39 O 10
23624 1167 1 6 30 O 20
1169 23623 1 16 85 O 10
9771 22587 1 10 51 O 20
1169 9771 1 7 36 O 30
1157 1162 1 3 16 O 30
1162 1163 1 3 14 O 10
23063 23621 1 4 20 O 30
13791 1175 1 4 20 O 20
23366 13791 1 2 10 O 10
1175 1174 1 3 16 O 10
20943 23062 1 2 10 O 20
1163 1171 1 14 77 O 10
10940 1184 1 2 8 O 30
10943 9138 1 6 29 O 20
23067 10940 1 3 14 O 10
23066 23067 1 2 10 M 30
23622 23066 1 2 9 O 10
23065 1182 1 2 6 O 10
23064 23065 1 3 13 M 30
23065 10943 1 5 26 O 20
1185 9138 1 8 42 M 20
1182 1185 1 3 13 O 10
19822 1183 1 7 38 M 20
1183 22590 1 2 8 M 10
1186 29263 1 8 42 O 30
1184 1186 1 2 11 O 20
23620 23622 1 7 36 O 30
23041 10940 1 3 12 O 20
23067 1181 1 2 11 O 20
1180 1176 1 4 20 O 10
10939 1180 1 4 20 O 10
1176 23065 1 2 11 M 20
23064 10939 1 3 13 O 20
1181 13834 1 5 25 M 10
1183 1182 1 6 30 O 20
29261 1177 1 5 25 O 10
29263 29264 1 17 92 O 30
29264 1178 1 10 56 O 30
23622 1184 1 6 32 O 20
23620 23066 1 8 40 O 10
9138 1203 1 7 36 M 30
1203 23619 1 26 143 M 20
23619 1169 1 16 84 O 10
9691 29261 1 14 73 O 10
1178 29265 1 6 33 M 20
29265 1179 1 4 19 M 20
26850 26851 2 9 49 O 20
18559 18558 2 4 18 O 10
23124 8947 2 2 10 O 20
8949 23124 2 3 14 O 10
26943 26942 1 5 26 O 20
22628 8432 1 4 17 O 20
8432 1188 1 3 16 M 30
1188 8433 1 1 2 O 20
12923 23087 1 2 11 M 10
1187 22627 1 3 12 O 20
19788 1187 1 4 18 O 20
23087 19788 1 4 19 O 20
1190 1189 1 4 18 O 20
1189 1188 1 4 18 O 30
1190 3429 2 2 11 O 10
3429 19820 2 7 34 M 20
8433 22629 1 3 16 O 20
1191 22629 1 6 30 M 10
1191 1205 2 31 171 O 10
12924 22628 1 3 16 O 10
1192 22628 1 6 33 O 20
12924 1192 1 6 32 M 30
1197 1198 1 6 31 O 30
1196 1197 1 2 10 O 20
1199 1196 1 3 16 O 20
1194 8812 2 4 21 O 10
1192 1193 2 3 12 O 20
12926 3727 2 9 45 O 30
1204 23069 2 4 18 O 20
1205 1204 2 3 14 O 10
2653 1207 2 4 18 O 10
19035 1208 2 2 9 O 30
15708 29055 2 126 697 O 10
15457 14715 2 80 442 O 20
1210 1209 2 21 116 O 30
1212 1211 2 22 119 O 30
1214 1213 2 18 98 O 20
1215 1216 2 8 41 O 20
1219 1218 2 17 94 O 30
11158 1220 2 4 21 M 30
12677 1240 2 7 37 O 30
11074 1221 2 8 44 O 10
22120 21792 1 2 8 M 10
21792 21791 1 3 14 O 20
21791 21790 1 1 3 O 20
16087 25679 2 12 62 O 30
25679 25651 2 6 32 O 20
25651 14067 2 17 92 O 10
14067 10149 2 4 17 O 10
10149 25653 2 5 27 O 20
25653 10155 2 4 18 O 10
10155 545 2 12 64 O 20
545 10704 2 1 5 O 30
10704 9039 2 4 19 O 10
9039 547 1 4 20 O 20
21790 21789 1 3 16 O 10
24481 24486 1 1 5 O 10
8822 23261 1 20 111 O 30
21550 15562 2 10 51 O 30
15562 15564 2 13 68 M 30
15564 21551 2 3 15 O 10
21551 15568 2 10 51 O 30
15568 16860 2 11 58 O 30
18319 25306 1 7 38 O 10
1226 11104 2 3 12 M 20
1224 1232 2 11 59 O 30
1229 16211 2 20 110 O 30
1230 1231 2 3 12 O 20
1233 2499 1 6 29 O 10
2499 4457 1 1 4 O 10
4457 2501 1 2 11 M 20
2501 2503 1 2 10 O 20
2503 2583 1 2 6 O 10
2583 2505 1 1 4 M 10
2505 2507 1 7 34 O 10
2507 17000 1 1 5 O 30
22816 12847 2 2 10 M 20
1235 2493 2 3 17 O 30
2493 2491 2 2 11 O 30
2491 22816 2 2 10 O 20
1235 1234 2 2 11 O 30
1237 1236 2 10 52 M 20
21913 8367 1 3 11 M 30
19245 21913 1 2 6 O 30
8366 18274 1 6 29 O 20
8368 19246 1 3 12 O 10
26559 8368 1 5 27 O 20
18272 18273 1 3 16 O 30
1180 1263 2 3 17 O 10
1263 1261 2 20 106 O 10
1261 1239 2 5 24 O 10
8846 7589 2 4 22 O 10
7589 7583 2 3 12 O 20
7583 21207 2 4 20 O 10
8401 16894 2 4 20 O 10
1240 18954 2 9 47 O 10
20200 18027 2 3 12 O 10
20787 8524 1 1 5 O 10
18954 22988 1 2 11 M 10
12677 21486 2 2 8 M 20
21486 14581 2 16 83 O 30
23002 21485 2 2 6 O 10
15850 15848 1 16 84 M 30
1258 1246 1 4 19 O 30
29242 29241 1 2 10 O 20
9045 29242 1 2 9 O 10
1252 9045 1 3 12 O 10
29246 1252 1 2 9 M 20
29248 29239 1 3 11 O 10
29239 29245 1 2 8 O 20
29244 29243 1 3 12 M 10
29266 29267 1 11 60 O 10
1250 1249 1 10 54 O 30
1243 18934 1 8 44 O 10
1251 1248 1 6 32 O 10
1248 1250 1 7 38 O 20
1254 1253 1 9 48 M 10
1255 1254 1 2 10 O 20
29245 29244 1 3 16 O 10
29247 29248 1 3 13 O 10
29240 1258 1 5 26 O 30
10944 9693 2 7 36 O 10
29241 1257 1 3 14 O 20
1200 29240 1 2 11 O 30
1245 9692 1 7 35 O 10
9692 9691 1 15 79 O 10
1247 29245 1 6 32 O 10
29244 9704 1 3 14 M 30
9704 29243 1 3 14 O 20
29243 29246 1 2 7 O 20
18934 29242 1 8 43 O 10
1254 1248 1 5 27 O 10
1249 21699 1 4 19 O 30
1252 1251 1 16 87 M 10
21699 1242 1 5 25 M 20
1257 1256 1 2 6 O 10
1256 1259 1 2 6 O 20
2799 19821 2 6 28 M 10
29247 29249 1 5 24 M 20
29240 29247 1 2 7 O 20
29249 29246 1 5 26 O 10
1260 29239 1 6 29 O 20
1261 2692 1 21 114 O 30
2692 1263 1 3 13 O 30
1263 1262 1 20 111 O 20
1262 1261 1 3 14 O 10
23935 11772 2 3 14 M 10
11772 1264 2 4 20 O 10
1266 1265 2 15 83 O 20
29267 1247 1 2 9 O 10
29267 1260 1 2 9 O 10
1244 1245 1 2 10 O 10
1246 1245 1 2 10 M 30
20852 28373 1 18 95 O 20
22667 15644 1 6 33 O 30
18254 18253 1 9 46 O 30
18254 15643 1 5 22 O 20
22958 1422 1 4 21 M 10
15644 22958 1 4 20 M 10
18945 22667 1 4 19 O 10
22958 22959 2 2 9 M 30
22959 10811 2 6 30 M 20
18592 1269 2 4 19 O 10
1269 11940 2 9 45 O 20
5849 16359 2 7 35 O 30
16359 22961 2 16 83 O 10
1270 8517 2 5 23 O 30
8517 22962 2 17 93 O 20
11940 5849 2 9 47 O 30
1271 10124 1 4 17 M 20
1274 1275 1 3 14 M 30
1275 1272 1 3 14 O 30
1272 1271 1 6 32 O 10
10124 1273 1 4 17 O 10
1275 1277 2 9 45 M 30
1277 8518 2 7 34 O 30
1278 1277 2 8 41 O 10
1279 1278 2 8 40 O 10
1280 1279 2 4 19 O 20
8522 8594 2 2 8 O 30
21483 22294 2 2 7 O 30
14417 1281 2 4 19 O 30
1281 1299 2 3 12 M 10
1299 9815 2 3 15 M 30
8594 14417 2 3 17 O 10
1284 1283 2 7 38 O 30
1283 15537 2 3 13 O 10
8520 1285 2 3 16 O 10
1287 1286 2 3 12 M 20
12561 1288 2 5 26 O 30
1290 1289 2 3 16 M 20
22999 1291 2 3 11 O 30
12821 1292 2 3 16 O 10
1294 1293 2 14 77 O 10
28432 1295 2 9 45 O 10
1297 1296 2 5 22 O 10
1299 1298 2 7 34 O 10
1281 1300 2 6 29 O 20
8521 1301 2 13 69 M 10
9575 9574 2 18 100 M 20
9811 1282 2 2 9 O 10
1282 14206 2 6 32 M 30
14206 14205 2 10 55 O 20
14205 10812 2 15 81 M 30
1303 1302 2 6 29 O 20
21767 21768 2 5 26 O 30
1305 20383 2 21 116 O 30
547 548 1 6 29 M 10
19302 19301 2 15 79 O 10
19301 5045 2 3 16 O 20
11454 1308 2 6 32 O 30
8979 1309 2 5 24 O 30
1309 1310 2 8 44 O 10
1310 1311 2 6 29 M 20
1311 1309 2 3 16 M 30
21313 21315 2 7 35 O 20
21309 21311 2 4 17 O 30
21311 21310 2 3 16 O 30
21308 21309 2 19 104 O 30
21310 21314 2 9 50 O 10
21314 21307 2 10 52 M 30
11364 1332 1 8 42 O 20
1335 11364 1 2 10 O 10
18314 1333 2 3 14 O 20
14672 1335 1 6 31 O 10
18315 12413 1 2 9 O 20
1336 1331 2 4 18 O 30
1340 1337 2 8 40 O 30
1337 1819 2 4 21 O 10
1819 2712 2 4 18 O 20
2712 2264 2 4 18 M 20
2264 1812 2 3 14 O 30
1812 1808 2 11 58 O 10
18322 14675 1 3 13 O 30
1332 18322 1 3 13 O 30
1338 27578 1 3 13 O 30
1339 1338 1 7 34 M 20
27579 1340 1 3 13 M 20
18323 27579 1 6 32 M 30
1340 1334 2 7 34 O 20
27578 18323 1 3 14 O 10
1340 1339 1 3 11 M 10
28419 18321 1 10 50 O 10
18321 5707 1 4 17 M 30
5707 1341 1 6 33 O 20
18321 27578 2 12 64 O 10
1334 18322 2 9 48 O 30
1342 23532 2 9 45 O 30
23531 1343 1 10 54 O 20
8825 1346 1 2 10 O 30
1343 18313 1 2 9 M 10
23532 1344 1 3 12 O 30
1345 23532 1 3 12 O 10
1343 1345 1 6 32 O 30
1346 1343 1 3 12 M 10
8824 1347 1 5 26 O 30
25307 25309 1 9 49 O 20
18326 6149 1 6 33 O 10
6149 8972 1 22 121 O 20
1348 1349 2 2 11 O 10
25309 14753 2 6 29 O 30
14753 1348 2 5 27 O 20
18327 23140 2 10 52 M 30
26518 18327 2 6 28 O 20
8823 25308 2 7 37 O 20
1349 8823 2 11 58 O 30
18320 8824 2 4 17 O 10
25308 26518 2 7 38 M 10
655 8822 1 3 11 O 30
8972 8824 1 5 27 O 20
1347 14687 1 9 49 O 20
12940 1347 1 6 29 O 30
17409 20655 1 2 10 O 30
14754 14753 1 4 17 O 10
23151 23152 2 3 16 O 20
20656 8823 1 3 15 O 30
26518 12941 1 4 18 O 10
18327 12401 1 5 23 O 10
25032 25031 2 2 10 O 20
25030 25029 2 2 10 O 10
25028 25027 2 2 10 O 10
24741 25022 2 2 10 O 10
1354 21228 2 6 29 O 30
3177 1356 1 20 107 M 30
1354 1353 2 12 63 O 30
1353 1352 2 3 16 O 10
934 27543 2 7 35 O 30
27543 9411 2 27 145 M 10
9411 27056 2 2 6 O 30
27056 27058 2 8 44 O 20
27058 26526 2 6 28 O 10
12684 18432 2 8 42 O 20
8705 28434 1 1 4 O 10
28434 1358 1 3 14 O 20
23261 1360 1 20 110 O 20
1359 8360 1 9 45 O 30
8360 18319 1 18 96 O 20
18318 8978 2 2 8 O 20
23259 3787 2 3 15 M 20
30069 26740 2 1 3 O 30
30053 30052 1 7 38 O 20
30054 30053 1 2 6 O 10
30048 1361 1 2 6 O 30
30047 1772 1 3 13 O 20
30050 30049 1 2 6 O 10
1368 30047 1 2 6 M 10
2645 1770 2 16 84 O 20
30052 30046 1 2 8 O 10
1371 572 1 6 29 O 20
1370 1369 2 5 27 O 30
19804 572 2 5 23 M 20
572 5373 2 12 66 O 10
27755 20703 2 1 4 O 30
20703 15419 2 8 44 O 20
23889 1373 2 3 15 O 20
17419 1222 2 4 18 O 30
18317 1376 2 2 8 O 20
9469 12047 2 10 51 M 30
12047 5810 2 5 26 O 30
5810 12045 2 6 32 M 30
12181 10761 2 13 71 O 10
8979 1380 2 5 24 O 30
1379 12181 2 20 110 O 30
10761 8979 2 7 37 M 10
1380 18317 2 6 29 O 30
1375 1374 2 2 6 O 10
1374 9469 1 2 11 O 20
1382 1377 1 7 33 O 10
14279 9456 2 12 63 O 20
1388 23259 2 3 13 O 10
1385 9458 2 2 11 O 20
9458 14279 2 9 48 O 30
9456 1390 2 3 15 O 10
1378 1387 1 5 27 O 30
1377 1374 1 1 4 O 30
1383 1382 1 2 8 M 30
1387 1383 1 2 9 M 20
1384 1385 1 2 8 M 10
1386 20972 1 10 54 O 10
1385 1386 1 2 8 O 10
9760 29753 2 7 36 O 30
20999 20971 2 10 53 O 20
1392 21292 1 2 10 O 30
21292 18578 1 2 9 O 20
20970 20971 1 4 21 O 10
1391 1383 2 3 13 M 30
1390 1391 2 9 45 O 20
18316 24566 2 2 11 O 20
23239 23242 1 3 17 O 30
1394 23239 1 1 2 M 20
23239 23241 1 1 2 M 10
9526 23239 1 4 19 O 30
23241 1394 1 1 1 O 10
23238 23241 1 3 14 O 20
1395 28774 2 3 16 O 30
28774 590 2 2 6 O 30
743 9522 2 1 4 O 10
587 9522 2 6 32 O 30
1055 9030 1 2 7 O 10
8540 1396 2 2 10 O 10
1396 23785 2 1 3 M 20
23785 1054 2 1 4 O 20
1397 1398 2 3 16 O 20
1399 5027 2 1 3 M 20
1400 1740 1 6 33 M 10
1740 19786 1 9 48 O 30
23223 23224 2 2 9 O 30
29062 29229 2 6 29 O 20
29226 29064 2 5 24 M 20
20423 20422 2 4 20 O 10
1402 1403 1 20 107 O 10
24485 24483 1 3 11 O 10
1405 24483 1 6 31 O 20
24485 1405 1 6 31 O 30
24484 24487 1 7 35 O 20
24487 11049 1 5 25 O 20
24480 24481 1 3 13 O 20
24480 21558 1 5 25 O 30
21557 21558 2 17 90 O 10
24486 24482 1 3 13 O 30
24486 11048 1 5 25 O 10
11048 12417 1 3 12 O 30
21780 12679 2 7 33 O 20
21779 9544 2 3 13 O 10
5390 1406 2 23 126 O 30
8596 12185 2 3 12 O 20
1407 8596 1 2 9 O 30
1413 22119 2 6 29 O 20
21794 22899 2 2 6 O 20
26339 21791 1 3 13 M 30
14882 23029 2 6 33 O 30
22900 16171 2 2 7 O 20
22849 21003 2 2 6 M 30
21003 22880 2 2 7 O 30
16766 22896 2 2 7 O 10
25063 25066 2 2 8 O 10
22851 12116 2 4 18 O 10
10081 22886 2 2 7 O 20
9721 23291 1 2 10 O 10
23293 4388 1 2 10 O 10
4386 23294 1 2 10 M 20
23292 9720 1 2 10 M 10
25224 25223 2 2 8 O 30
19307 17470 2 2 10 O 20
9113 1414 1 2 6 O 20
25632 9113 1 2 11 O 30
1415 1416 1 3 12 O 20
24475 1415 1 8 39 O 20
1417 1416 1 3 12 O 30
9113 1418 1 3 13 O 30
1418 1417 1 8 39 M 10
12194 12476 2 6 28 O 30
12475 1419 1 4 20 O 10
1420 12475 1 5 23 O 10
12474 1420 1 3 13 O 30
12474 1421 2 6 28 O 20
22905 8468 2 10 55 O 10
1421 19738 2 6 33 O 30
19738 23031 1 3 15 O 10
23032 19738 1 4 17 M 20
25631 25630 1 3 12 O 30
25630 9114 1 3 12 O 20
1059 19732 1 4 19 O 20
19734 18436 1 3 12 M 30
8470 19734 1 18 95 O 20
22928 19731 1 15 81 O 30
18436 1059 1 3 12 O 10
1422 18254 1 2 7 O 20
20902 23471 1 4 18 O 10
20902 8511 1 8 42 M 20
1423 20902 1 7 38 O 30
17155 22957 1 8 44 O 20
27824 22151 2 5 23 M 30
18590 27824 2 2 9 M 30
22158 18247 2 7 39 O 30
18247 18590 2 3 13 O 20
20962 949 2 3 16 M 20
18591 3416 2 2 8 M 10
24079 3422 2 4 19 M 30
22971 20962 2 2 9 O 30
27975 24081 2 3 13 O 20
21621 27975 2 10 50 O 10
1425 18246 2 5 27 M 20
7734 21621 2 5 26 O 20
18246 7734 2 5 23 O 30
29556 7733 2 3 16 O 10
7733 1425 2 10 51 M 20
22969 7734 1 3 11 O 10
22828 18244 2 2 10 M 30
22954 11390 2 11 58 O 10
11390 1428 2 21 112 O 10
23098 18244 2 4 18 O 30
18244 22956 2 6 32 M 20
22956 22955 2 10 55 O 30
1431 23098 2 6 32 O 10
1429 1431 2 4 22 O 20
1430 1429 2 6 32 O 20
1428 1430 2 6 31 O 30
2479 2476 2 8 43 M 10
16228 18452 1 4 17 O 30
18452 9700 2 5 24 O 10
1435 9701 2 3 13 O 30
1436 12982 2 2 10 O 20
18461 4148 2 2 8 O 10
4148 22950 2 6 32 O 10
1426 8420 2 2 10 O 10
1432 1426 1 16 87 O 20
1427 1432 1 5 26 M 30
26256 90 1 2 10 O 30
90 1427 1 2 10 O 30
22824 1434 2 9 47 O 10
1434 22823 2 10 50 M 20
1433 18276 1 9 48 M 10
22957 22151 1 4 18 O 30
22151 1423 1 4 18 O 10
22948 91 1 13 70 O 30
91 1437 1 3 14 O 30
13536 1440 2 2 7 M 20
1440 1441 2 4 21 O 20
13535 1443 2 5 24 O 20
1443 1444 2 4 18 O 10
1441 1442 2 11 61 O 30
26772 1445 2 5 27 M 20
1445 9219 2 4 21 O 30
1446 25563 2 4 19 O 30
1447 17544 2 14 76 O 20
17578 1448 2 12 62 O 10
1449 12125 2 11 57 M 10
1458 1457 2 15 78 O 20
1465 1464 2 4 18 O 20
25291 1466 2 7 36 M 10
1468 1467 2 3 16 O 20
1470 1469 2 6 30 O 30
1471 1472 2 9 46 M 10
1473 1475 2 4 17 O 30
1475 1477 2 1 4 O 20
1477 1474 2 9 48 M 10
1475 1476 2 7 36 O 10
1477 1478 2 8 41 O 10
13577 1480 2 6 33 M 30
1482 1481 2 5 28 O 20
16895 1483 2 13 68 O 10
1485 1484 2 3 11 O 30
1494 1493 2 7 34 O 10
1495 24406 2 1 3 O 30
24406 13686 2 4 21 O 20
11721 5390 2 44 240 O 30
5390 9525 2 2 8 O 30
23350 2233 1 2 11 M 10
2233 2232 1 7 35 O 30
2232 2231 1 8 43 M 20
2231 2230 1 5 25 M 10
2230 2229 1 8 40 O 10
2229 2228 1 5 23 M 30
2228 2227 1 11 57 O 10
2227 2226 1 3 15 O 20
2226 1121 1 4 20 O 30
21372 1498 2 3 16 M 20
21372 1499 2 8 40 O 10
22455 3204 1 8 42 O 20
28998 29003 2 14 74 O 20
1500 1501 2 4 22 O 20
18216 8746 1 5 26 O 20
20819 18217 1 5 23 O 10
4721 8657 1 6 28 O 30
20447 24367 2 7 33 O 10
18285 18286 1 7 34 O 30
26297 1502 1 12 62 O 30
1502 22239 1 5 24 M 20
26159 1503 1 4 20 O 20
1504 26159 1 19 103 O 30
30049 1786 1 4 17 O 30
1786 30048 1 2 10 O 20
30056 30055 1 26 142 O 10
1509 1510 2 4 18 M 20
1507 1506 2 7 38 O 30
1506 1505 2 2 10 O 10
1512 1508 2 3 12 O 10
1513 1517 2 3 15 M 20
1516 1515 2 3 12 O 30
1518 1522 2 3 15 M 10
1521 1520 2 3 12 O 30
1523 1527 2 3 16 O 10
1526 1525 2 3 12 O 20
1528 1532 2 3 16 O 20
1531 1530 2 3 12 O 30
1537 1534 2 3 12 O 20
1536 1533 2 3 16 O 20
15274 1538 2 2 6 O 20
25837 9317 2 1 3 O 10
1540 1541 2 6 33 O 20
1542 1543 2 9 49 M 20
1543 1544 2 3 17 M 20
1544 30085 2 2 7 O 30
19557 1542 2 4 19 O 30
1545 1546 2 3 15 O 20
1546 1544 2 1 5 O 20
1547 1545 2 3 12 O 10
36 38 2 19 100 O 20
38 27738 2 16 89 O 20
1550 1551 2 4 18 O 30
24947 19728 2 12 61 O 20
6558 6557 2 6 32 O 30
6557 24947 2 6 33 O 10
6554 28409 2 3 15 M 30
28409 12242 2 6 32 M 20
12242 6558 2 18 100 O 10
19728 1553 2 10 53 O 20
1553 1552 2 7 36 O 30
1556 16428 2 2 11 O 20
11892 1554 1 3 15 O 30
1555 11892 1 11 56 O 30
1558 26596 1 4 18 O 20
26596 1557 1 3 16 O 30
1556 1555 1 13 68 O 30
1557 1556 1 19 100 O 20
1560 1561 2 3 16 O 30
1562 1563 2 8 43 M 30
1564 28465 2 6 29 O 20
19323 19324 2 8 40 O 30
19323 22797 2 5 25 O 20
19328 18860 2 16 87 O 10
18860 9393 2 6 32 O 10
1566 1567 2 6 33 O 30
1569 1570 2 2 11 O 10
1574 1571 2 2 9 O 30
1572 1573 2 4 19 O 10
1573 1574 2 11 57 O 20
1574 1566 2 4 20 O 10
1566 9556 2 4 22 M 20
1576 1575 2 3 11 O 30
1578 1576 2 2 8 O 20
1576 1577 2 3 16 O 20
1580 1568 2 4 21 O 20
1580 1579 2 2 9 M 30
1581 15321 2 2 10 O 30
15321 15323 2 2 8 O 30
1583 1582 2 7 35 O 30
8779 1586 2 7 38 O 20
21412 21413 2 3 14 O 30
21499 1588 2 19 101 M 20
1594 4208 2 2 8 O 30
1589 4207 2 8 42 O 20
1590 1591 2 3 15 O 20
1596 1597 2 13 69 O 30
1438 18232 2 2 11 O 30
14296 16944 2 2 7 O 30
21209 1598 2 23 124 O 10
1602 1603 2 41 223 O 30
1601 1600 2 11 61 O 10
1603 1599 2 13 67 O 30
1599 1602 2 6 31 O 20
1602 1601 2 22 117 O 20
21539 20337 2 2 10 O 30
20337 20427 2 4 18 O 30
1606 1605 2 8 40 O 10
20427 1603 2 18 95 M 10
10746 18376 2 3 15 M 10
18428 26550 2 2 6 O 10
9145 9146 2 9 49 O 20
9146 1677 2 1 5 O 10
1677 18428 2 4 18 O 10
9043 2309 2 4 19 O 20
2309 26466 2 5 27 O 10
1612 1611 2 7 34 O 10
1614 1613 2 5 24 O 30
1625 1615 2 6 32 O 10
1616 1617 2 2 10 O 10
1620 1618 2 3 15 O 30
1626 1616 2 3 13 O 30
1616 1620 2 3 16 O 30
1620 1619 2 6 31 O 20
1621 1620 2 8 43 M 30
5983 1622 1 4 19 O 20
4487 1623 2 5 26 O 10
1614 1624 1 2 11 O 10
5983 1612 2 6 30 M 20
1612 1625 2 4 17 O 30
1625 1614 2 1 5 M 20
5982 8417 2 5 23 M 10
5983 1623 2 7 37 O 30
1623 5982 2 5 27 O 10
5984 5983 2 6 31 O 10
18378 2063 2 6 31 O 30
2063 11381 2 10 51 O 20
11381 15044 2 21 112 O 20
18377 1609 2 20 106 O 20
8417 2405 2 6 28 O 30
2405 26455 2 5 24 O 10
26455 26459 2 2 6 O 20
1627 14365 2 13 71 O 20
14365 14364 2 16 86 O 30
14364 14363 2 2 10 O 30
14363 1627 2 2 8 M 20
30121 30122 2 2 8 O 20
30122 1630 2 2 11 O 10
1629 12887 2 3 15 O 10
12887 1632 2 9 48 O 10
15666 15665 2 5 27 O 20
15665 1629 2 4 19 M 10
1632 29363 2 6 32 O 10
29363 8376 2 4 19 O 10
11045 1666 2 7 34 O 20
1666 1628 2 15 80 O 20
1628 1671 2 5 23 O 10
1671 1663 2 3 13 O 10
1663 1659 2 1 4 M 30
1659 1661 2 6 29 M 10
1661 1657 2 2 7 M 20
1657 11046 2 4 19 O 10
11046 1655 2 2 6 O 20
1655 17425 2 3 14 M 30
17425 15668 2 9 45 O 20
15668 1648 2 1 5 M 30
1648 1646 2 8 42 O 30
1646 11047 2 1 5 O 30
11047 1644 2 13 70 O 30
1644 11108 2 2 6 O 10
11108 1641 2 2 6 O 30
1641 1639 2 1 4 O 10
1639 1637 2 2 6 O 30
1637 15666 2 4 18 O 30
1634 13157 2 4 21 M 30
13157 13159 2 11 57 O 30
13159 1635 2 7 34 O 10
1633 13161 2 3 14 O 10
13161 1634 2 7 36 O 30
17283 1631 2 12 62 O 10
1631 30121 2 21 115 M 10
30121 11048 2 19 103 O 30
1635 17283 2 9 49 M 10
1637 1636 2 2 6 O 20
1639 1638 2 2 6 O 30
1641 1640 2 2 7 O 30
11108 1642 2 2 6 O 20
1644 1643 2 2 6 O 20
1646 1645 2 2 7 M 10
1648 1647 2 2 7 O 20
1650 1649 2 3 16 O 10
1652 1651 2 3 13 O 30
1655 1654 2 2 7 M 10
1657 1656 2 2 7 O 20
1658 1659 2 2 6 O 30
1661 1660 2 2 7 O 30
1663 1662 2 2 6 O 30
1628 1664 2 2 6 M 30
1666 1665 2 2 7 O 20
1668 1667 2 10 54 O 10
27544 1669 2 10 51 O 10
1671 1670 2 2 8 O 30
18371 2343 2 3 16 O 20
2343 18373 2 10 51 O 30
18373 2310 2 6 31 O 20
2310 2311 2 1 4 O 10
2311 9043 2 3 12 O 20
1679 1672 2 6 31 O 10
1674 1673 2 5 28 M 20
1675 1680 2 7 38 O 30
1678 1676 2 5 28 O 20
1677 1678 2 5 26 O 10
1676 1673 2 5 26 O 20
1673 1675 2 3 13 O 20
1678 1674 2 5 26 O 10
1674 1680 2 3 12 M 10
1680 1679 2 2 7 O 30
1679 1681 2 2 9 M 20
26468 4423 1 4 19 M 20
4423 4446 1 1 4 O 30
4446 4405 1 1 1 O 30
4405 4410 1 5 26 O 30
9145 1129 1 2 7 O 20
1128 8416 1 1 5 O 20
1127 1128 1 13 72 O 20
1097 18854 1 1 4 O 30
18854 1127 1 1 4 O 10
1682 22927 1 8 41 O 20
1683 1682 1 3 13 O 20
1685 12194 1 6 33 M 20
1684 1685 1 2 10 M 30
29918 29919 1 2 10 O 10
29917 1692 1 3 11 O 20
29926 29920 1 3 12 O 20
1693 1726 2 7 37 O 10
1726 21649 2 1 2 O 10
1695 22115 2 3 13 M 20
22116 1694 2 2 6 M 20
1694 29939 2 4 19 O 10
29937 1695 2 6 29 M 20
3688 3689 1 7 34 M 30
23281 23282 1 3 16 M 30
1697 1700 2 3 15 O 30
1699 1698 1 1 5 O 30
1700 1699 1 16 86 O 20
1701 1700 1 3 14 O 10
23284 8615 2 8 41 O 10
23280 23284 2 13 72 O 30
1715 7829 1 1 5 M 10
7829 1717 1 4 17 M 10
1717 19233 1 4 17 O 20
19233 20307 1 9 44 O 20
1716 1718 1 3 17 M 20
1718 1717 1 3 11 O 30
1720 1721 1 4 22 O 10
1721 8711 1 5 23 O 10
18659 1722 1 5 28 O 10
20309 18659 1 4 19 O 20
29942 29929 1 3 14 O 20
29929 29927 2 13 70 O 10
764 1723 2 17 94 O 20
29928 29940 2 2 9 M 30
29935 29941 2 2 9 O 30
1724 29936 2 2 9 O 10
1726 1725 2 2 9 O 30
16064 1728 2 62 343 O 30
1690 29931 2 6 32 O 30
1727 16063 2 3 12 O 30
29944 16064 2 4 18 M 10
16063 29944 2 5 23 M 10
14368 1729 2 9 47 O 30
16064 21648 2 8 39 O 30
21648 14448 2 13 70 M 10
14448 17252 2 15 81 M 20
17252 14368 2 11 60 M 20
8851 3176 2 7 38 O 20
3176 21227 2 3 12 O 30
8851 8850 2 21 115 O 20
1734 1730 2 5 23 M 30
1734 1731 2 1 3 O 10
1731 15422 2 1 4 O 10
1731 1732 2 8 40 O 20
8850 1733 1 12 66 M 20
25088 25090 2 5 23 M 20
25092 25089 2 7 34 O 30
25089 25091 2 1 2 O 10
26473 13926 2 6 31 M 10
14407 7898 2 9 49 O 10
7898 7900 2 9 50 O 20
19344 27542 2 5 27 M 10
27542 19345 2 25 137 O 20
14815 14814 2 6 32 O 30
18019 11826 2 60 332 O 30
22725 22726 2 37 205 O 10
22727 15195 2 13 71 M 20
15195 17973 2 2 6 M 30
26826 11392 1 2 6 O 10
1737 575 2 4 22 O 10
1738 20938 2 2 8 O 10
26827 11392 1 1 5 O 20
1740 1739 2 2 8 O 20
23538 8547 2 1 5 M 20
1741 1742 2 5 25 O 10
12678 21780 2 14 75 O 20
168 104 2 2 11 O 20
13697 9478 2 25 136 O 30
12175 9958 2 13 70 O 10
16393 8424 2 2 9 M 20
26167 23425 2 6 29 O 20
8357 8423 2 2 8 O 30
14107 22481 2 2 8 O 30
1756 1755 1 2 6 M 30
1755 9791 1 4 17 M 30
9791 1762 1 3 15 M 10
30058 1764 1 13 70 M 10
1763 30059 1 9 46 M 20
1765 1766 1 9 46 O 20
1767 30058 1 5 23 O 30
1763 4378 1 9 50 O 10
21089 21090 1 28 150 O 30
1364 1765 1 6 32 O 10
1764 18623 1 41 228 O 20
18623 8431 1 12 61 M 20
30046 1773 1 5 27 M 10
2646 1756 1 6 31 O 20
1779 1774 1 9 45 O 10
1778 1780 1 8 41 O 20
1778 1781 1 8 44 M 20
1784 9115 1 6 33 O 20
1782 1783 1 2 6 M 30
1365 1774 1 8 41 M 20
1367 1365 1 2 11 O 20
1773 1772 1 7 34 O 30
1776 1775 1 3 13 O 20
1777 1776 1 2 6 O 30
1785 1784 1 5 26 O 30
1772 1775 1 2 7 O 20
30043 30057 1 7 35 O 20
21232 18699 1 4 19 O 20
15897 21232 1 12 64 O 20
18261 15897 1 14 76 O 20
26597 23447 2 3 16 M 20
23447 23448 2 3 16 M 10
23446 26598 2 4 18 O 20
29974 23446 2 6 32 M 30
23448 30229 2 3 16 O 10
30229 26599 2 3 16 O 20
26599 23449 2 3 13 O 30
23449 23450 2 2 10 O 30
11896 16420 2 2 9 O 10
1791 1787 2 2 9 O 30
1792 1791 2 5 26 O 20
1791 1790 2 5 24 O 20
1789 1792 2 2 10 O 30
1792 1788 2 8 44 M 10
1789 18289 1 3 16 O 30
18990 1789 1 9 46 O 10
8567 11466 1 7 35 O 20
9725 8748 1 7 37 O 20
30037 30038 1 2 8 O 10
18287 18992 1 14 76 O 30
12467 1058 2 2 9 O 20
9553 5402 2 17 91 O 20
12467 6500 2 9 46 O 20
6500 1795 2 2 10 O 20
1058 1794 2 4 20 O 30
23133 18994 1 12 66 O 10
18994 18993 1 29 160 O 30
11836 19520 1 23 127 O 20
23125 19515 1 10 50 O 10
19515 11836 1 11 57 O 20
23132 1796 1 10 53 O 20
1796 10496 1 18 97 O 10
8947 19524 1 6 33 O 10
19514 8947 1 12 64 M 20
18983 15356 1 12 63 O 10
27980 18983 1 9 46 O 30
27856 14307 1 8 40 O 10
14307 9722 1 11 59 O 30
21933 25487 1 2 11 O 20
1797 25487 1 6 29 O 10
21933 21932 1 2 9 O 10
25480 21931 1 6 30 O 20
25480 21932 1 6 28 O 20
21932 21931 1 1 5 O 30
8528 18284 1 16 88 O 30
12468 8528 1 13 71 O 30
1798 1799 2 13 71 M 30
1800 1801 2 10 55 O 10
10272 1802 2 4 19 O 20
1803 26742 2 2 9 O 20
1805 1804 2 2 9 O 20
1771 1366 1 2 6 O 30
30045 1771 1 2 8 O 20
1806 15922 2 3 16 O 20
14511 14512 1 3 15 M 10
1780 1786 1 2 7 O 30
1809 1813 1 2 9 O 10
1813 1818 1 7 35 M 10
1818 1817 1 6 29 M 30
1811 1810 1 5 24 M 10
1810 1812 1 3 15 O 10
1816 1337 1 4 19 O 10
1814 1819 1 3 15 O 10
1815 1814 1 9 46 O 10
1808 1809 1 3 15 O 10
1813 1811 1 2 7 O 20
1818 1815 1 4 18 O 20
1817 1816 1 11 58 O 30
11453 12622 2 2 10 O 30
1820 11453 1 10 52 O 30
11453 18998 1 5 23 O 30
11758 12623 1 2 6 O 30
23129 1821 1 2 7 O 30
21912 17022 2 3 12 O 30
16338 21214 1 2 9 O 20
9513 18236 1 3 12 O 10
1822 1823 1 9 48 M 30
18273 1822 1 5 23 O 30
12786 18480 2 6 32 O 20
18999 13133 2 3 12 O 30
16115 21219 2 3 12 O 20
1824 21214 2 5 24 O 20
26676 8401 2 5 23 O 30
9464 1824 2 14 75 O 30
1825 9464 2 3 17 O 30
1823 20498 2 6 33 M 20
1831 1826 2 2 9 M 30
1827 1830 2 8 41 O 10
1829 1828 2 9 48 O 10
1832 1831 2 6 29 O 30
1831 1829 2 4 20 O 10
1829 1830 2 4 17 O 30
1834 1833 2 7 34 O 20
12291 1835 1 16 85 O 10
21226 12291 2 5 23 O 30
1837 1836 2 4 22 O 30
17022 19516 2 7 36 O 20
12292 20681 2 5 24 O 10
17023 1838 2 4 22 O 30
1100 17024 2 2 7 M 30
12569 1845 2 2 10 O 10
1845 1840 2 3 12 O 20
1845 1844 2 3 16 O 10
1843 1842 2 9 45 O 20
1839 1841 2 4 21 O 30
1846 17015 2 20 109 O 20
17015 17020 2 35 189 O 20
13454 13455 2 3 12 M 20
1848 26556 2 5 25 O 30
1849 12340 1 4 19 O 10
12340 1850 1 4 19 O 30
1852 1853 2 3 11 O 30
1853 1851 2 8 43 O 30
1854 1853 2 6 31 M 20
15266 17895 2 9 50 O 20
17895 23233 2 33 179 M 30
23233 17899 2 32 173 O 20
6090 17901 2 12 64 O 10
17901 14795 2 76 421 O 20
14795 1857 2 1 5 O 30
1857 1856 2 1 4 O 20
28018 28019 2 5 22 O 30
1860 1859 2 3 12 O 30
1862 1861 2 3 14 O 30
22974 22975 2 8 43 O 20
1865 1864 2 24 131 O 10
25893 7748 2 5 26 O 10
25892 25893 2 9 47 M 20
18980 15485 1 4 21 O 10
1869 15453 2 6 29 O 20
190 11271 1 32 176 O 30
1870 2835 2 7 37 O 30
16686 1871 1 4 17 M 10
2971 15924 2 22 118 O 10
15924 11710 2 14 74 O 20
11710 15922 2 4 22 M 30
15922 15932 2 10 52 O 20
15932 15933 2 8 40 O 10
8624 16924 1 2 6 O 20
12615 16923 2 1 5 M 20
19731 25631 1 2 8 O 30
24476 22928 1 5 23 O 10
1874 1875 1 10 51 O 30
757 1874 1 14 76 O 10
1876 1879 1 21 116 O 10
1877 1876 1 9 49 O 20
1878 757 2 13 69 O 20
1879 23938 1 13 70 O 20
756 1877 1 5 25 O 20
23937 761 2 2 7 M 30
761 756 2 8 43 O 30
25709 25708 1 3 16 O 30
762 25732 1 2 10 O 20
1881 1880 1 17 92 O 10
23936 23935 2 10 52 O 20
23935 23933 2 10 51 O 10
23933 1885 2 6 28 O 30
1886 23937 2 3 14 O 10
25753 1888 2 13 69 O 10
25739 25754 2 12 67 O 30
25754 1887 2 11 57 M 20
1887 25741 2 9 47 O 30
1889 25740 2 6 32 M 10
1883 1889 2 10 52 O 30
1889 1884 2 8 44 O 10
1882 25755 2 1 5 M 20
25755 1878 2 9 47 O 20
30059 1768 1 2 8 O 10
1783 1785 1 2 6 M 20
30045 1367 1 2 7 O 30
30057 30051 1 3 14 M 10
30051 1368 1 1 3 O 20
1772 30045 1 2 7 M 10
1775 30050 1 2 8 M 10
1775 1771 1 2 9 O 20
1780 1781 1 2 8 O 10
1781 1782 1 3 12 O 30
30059 4378 1 2 10 O 20
1891 1890 2 17 92 O 10
2121 2117 2 5 25 M 10
1409 8469 2 3 14 O 30
20293 3196 2 7 35 O 20
3196 3203 2 4 20 M 20
1893 3202 2 4 21 O 10
1894 22905 2 4 21 M 10
1410 9801 2 10 55 O 10
8469 1410 2 6 32 M 30
8469 1408 2 2 9 O 20
1895 1409 2 2 8 M 20
22162 22163 2 3 15 O 30
20939 9124 2 5 22 M 30
9123 9122 2 24 132 O 30
1913 1914 2 1 5 O 30
1900 1899 2 2 6 O 20
1902 1901 2 2 6 O 20
1904 1903 2 2 6 M 30
1906 1905 2 2 10 M 10
1908 1907 2 2 10 O 10
1910 1909 2 2 10 O 30
29975 14274 2 2 6 O 10
1913 29975 2 6 28 O 30
14271 14270 2 23 126 O 20
14270 14272 2 9 47 O 10
20363 1940 2 5 26 O 10
1940 1941 2 3 15 O 10
1941 1942 2 2 8 O 10
1942 1904 2 1 3 O 20
1904 1943 2 2 6 O 20
1943 1902 2 4 18 M 10
1902 1900 2 2 11 O 20
1900 14273 2 5 25 O 10
14272 14277 2 24 128 O 20
1941 1916 2 2 6 O 10
1921 1920 2 1 4 M 20
1923 1922 2 1 4 O 20
1925 1924 2 1 5 O 10
1927 1926 2 1 4 O 20
1929 1928 2 1 5 M 30
1931 1930 2 1 5 O 30
1933 1932 2 1 5 M 30
1935 1934 2 1 5 O 30
1937 1936 2 2 7 O 10
1938 1915 2 2 7 M 10
1940 1939 2 1 5 M 10
1942 1917 2 2 6 O 30
1943 1918 2 2 6 O 30
1944 1919 2 2 6 O 30
20363 1906 1 4 19 O 30
1906 1908 1 6 28 O 30
1908 1910 1 4 21 M 20
1910 21646 1 4 21 O 20
21647 20364 1 2 7 O 20
1945 17797 2 3 12 O 30
17797 17779 2 13 69 M 20
17779 19232 2 2 8 O 10
19232 22638 2 9 50 M 10
22639 14022 1 2 10 O 20
22639 19231 1 2 9 M 30
1947 22614 1 3 12 O 20
1946 1947 1 4 17 M 20
13822 13821 2 18 96 M 30
13823 13817 2 18 96 O 20
13817 13818 2 98 540 M 30
13816 1950 2 13 68 M 20
1950 1949 2 37 203 M 10
1951 1950 2 7 33 M 10
1953 1952 2 9 45 O 20
1954 1955 2 7 38 O 10
1955 1956 2 3 15 M 10
1956 1954 2 5 23 O 30
1954 1953 2 30 165 O 20
1953 9837 2 3 12 M 10
9837 1952 2 3 16 O 20
1952 1951 2 28 154 O 10
1951 9836 2 14 77 O 10
21771 15659 2 8 42 M 10
12725 12726 2 3 14 O 30
1960 1959 2 16 87 O 30
1962 23586 2 5 23 O 10
23584 23583 2 9 49 O 10
23585 17821 2 9 47 M 20
12718 12716 1 4 18 O 10
12716 12717 1 16 87 M 20
12717 12718 1 13 69 O 10
12727 1963 2 1 5 O 20
1963 1045 2 2 8 M 10
17821 23584 2 3 13 O 20
23583 1404 2 4 19 O 20
22901 25634 1 5 23 O 20
22882 19190 1 2 8 O 10
1966 25219 1 2 9 O 30
25304 10832 1 4 20 O 20
10832 26481 1 4 21 M 20
16865 8856 2 5 25 O 20
13139 16865 2 10 51 O 10
74 13139 2 4 18 O 10
10824 74 2 4 18 O 20
8855 26480 1 7 37 O 10
26480 10824 1 5 26 O 30
12253 1968 2 7 37 O 20
11490 11906 2 5 23 O 30
16767 21059 2 10 51 M 30
22850 1969 2 4 19 O 30
10101 2528 2 13 67 O 20
1971 29197 2 4 17 O 10
1970 1971 2 10 53 O 10
1972 9733 2 8 44 O 20
9083 12682 2 2 10 O 30
25215 25214 2 1 5 M 20
1974 1973 2 1 5 M 20
1977 1976 2 2 8 O 10
25116 1980 2 2 6 O 30
1981 1978 2 2 7 O 10
1982 1979 2 2 6 O 30
25117 1975 2 2 6 O 10
1984 1983 2 1 4 O 20
25115 24928 2 20 108 O 20
24928 16001 2 9 46 M 10
2750 2758 2 23 126 O 20
2758 2754 2 20 110 O 10
2754 1985 2 14 74 O 20
2684 3983 2 2 7 O 20
3983 1989 2 3 13 M 20
1987 1986 2 6 29 O 30
1989 1987 2 9 48 O 30
1987 1988 2 7 38 O 30
4135 11236 2 3 16 O 30
11236 4134 2 4 20 M 30
4134 4135 2 4 22 O 20
19542 1990 2 1 4 O 20
1990 517 2 1 5 O 20
1992 1993 2 2 11 O 20
1993 1991 2 5 23 M 30
20580 1993 2 6 31 O 30
1994 8249 2 13 69 O 30
1997 1996 2 1 2 O 30
26495 1996 2 1 3 O 30
1996 1995 2 11 56 M 10
18435 26495 2 13 71 M 10
10826 1999 2 2 11 M 30
1999 2012 2 1 4 O 20
2001 2000 2 2 7 O 20
2012 2013 2 5 26 M 10
1999 1998 2 1 5 O 30
2009 2008 2 1 5 O 30
2010 2007 2 1 5 O 30
2011 2006 2 1 5 O 20
2014 2005 2 2 6 O 10
2015 2004 2 2 6 O 20
2017 2002 2 1 5 M 10
2016 2003 2 2 6 M 10
2029 2028 1 2 11 O 30
2028 22713 1 2 10 M 20
22713 2029 1 2 10 O 10
2032 2030 2 15 81 M 20
2033 2030 2 3 15 O 30
2030 2031 2 18 97 M 10
2031 2032 2 3 15 O 20
2032 2034 2 3 16 O 20
2034 2033 2 21 111 O 10
4306 2034 2 3 13 M 10
2034 30230 2 8 40 O 10
30230 2033 2 8 40 O 20
603 25941 2 4 19 O 10
2035 603 2 3 15 M 20
15960 2036 2 15 81 O 10
2022 2018 2 6 31 O 30
2018 2021 2 5 22 M 10
2024 2019 2 6 31 M 30
2019 2023 2 5 22 O 30
2026 2020 2 6 31 O 30
2020 2025 2 4 22 O 30
2037 17900 2 4 18 O 20
6090 2038 2 4 18 O 10
2038 2037 2 4 18 M 10
17899 6090 2 7 39 M 10
28527 13352 2 26 143 O 10
2042 11391 2 3 15 O 20
8355 8619 1 3 15 M 10
2043 8073 1 1 2 O 10
8073 8355 1 2 8 O 10
18229 17993 1 2 9 O 30
2047 2058 2 6 28 O 10
2064 2052 2 2 6 O 30
2066 2054 2 2 6 M 10
2067 2055 2 2 6 O 10
2071 2070 2 2 6 O 30
2057 2046 2 1 3 O 10
2059 2047 2 1 3 M 20
2060 2048 2 1 4 O 30
2061 2049 2 1 4 O 10
2062 2050 2 1 4 O 30
2063 2051 2 2 9 O 20
2065 2053 2 2 6 M 20
2068 2056 2 2 6 M 30
2072 2069 2 2 6 M 10
2074 2073 2 10 55 M 10
2076 2074 2 3 15 O 20
2074 2077 2 1 4 M 20
2077 2075 2 9 45 O 10
2078 2077 2 2 10 O 30
8419 26458 2 9 48 O 30
26458 26463 2 5 27 O 30
26457 8419 2 6 28 O 10
26463 26464 2 5 26 M 20
26464 18845 2 2 10 O 30
2086 2087 2 14 73 O 20
2089 2090 2 5 28 O 30
2088 2091 2 4 20 O 30
2085 2084 2 4 19 O 20
2093 2094 2 4 22 O 10
21477 2095 2 13 71 O 20
17022 21475 2 4 22 O 10
21475 21478 2 3 15 O 30
2096 2097 2 2 10 O 30
19964 19963 2 18 100 O 30
19963 10732 2 7 36 O 30
25941 25940 1 4 19 M 30
2101 2102 2 2 6 M 20
23890 2103 2 1 4 O 30
23890 2100 2 2 10 O 20
2105 2104 2 1 4 O 10
2107 2106 2 1 4 M 20
1126 10844 1 2 8 O 20
2108 20182 2 9 49 O 20
2110 2109 2 2 9 O 10
2117 2116 2 2 8 O 20
2115 2123 2 1 2 O 30
2119 2112 2 1 3 M 20
2120 2111 2 1 3 O 30
2121 2114 2 2 9 O 30
2122 2113 2 2 9 O 10
19255 2118 2 2 9 M 20
22662 2124 2 6 33 M 30
10854 10855 2 13 71 O 10
19255 2110 2 8 44 O 20
2117 19255 2 8 41 O 30
2122 2121 2 1 5 O 10
1892 2122 2 2 6 O 10
28182 23349 1 2 10 M 30
21101 13372 2 4 18 M 30
13372 10840 2 9 48 O 20
10840 1125 2 2 6 O 30
23353 11452 2 2 10 O 10
28185 8063 2 9 50 O 10
24586 24475 1 2 8 O 30
9799 25886 2 2 11 M 20
25891 9799 2 13 72 O 10
25891 25888 1 15 78 O 20
25886 25887 2 12 65 O 30
25887 9798 2 33 178 O 10
9799 25888 2 1 5 O 30
25888 9801 2 6 31 O 10
2129 2128 2 2 10 O 10
10838 10839 2 17 90 O 20
20297 10847 2 16 84 M 20
2133 2131 2 2 8 O 10
10847 2132 2 1 3 O 30
20298 2131 1 22 121 O 30
2131 22983 1 7 36 M 20
22983 1126 1 6 31 O 30
1116 10834 2 8 39 O 10
23936 11774 2 6 31 O 30
11774 11784 2 9 47 O 30
11784 11776 2 3 16 O 20
11776 16483 2 3 16 M 10
16483 11779 2 3 16 O 30
11779 16486 2 3 16 M 20
16486 16489 2 3 16 O 20
16489 11780 2 3 16 O 10
11780 11781 2 7 39 O 10
11781 14020 2 8 41 O 30
14020 14021 2 5 24 O 10
14020 2135 2 8 40 O 20
14069 11774 2 8 40 O 30
2137 2136 2 17 94 O 20
25838 25837 1 2 8 O 20
9732 26383 2 2 7 O 30
9033 11717 2 18 97 M 30
2141 2142 2 4 21 O 20
2143 29271 2 2 8 O 20
8541 5200 1 4 19 O 10
5200 5201 1 4 18 O 10
5201 2149 1 1 1 O 20
2149 2147 1 5 22 M 30
2147 29205 1 4 20 O 20
29205 2145 1 1 3 O 30
2145 2150 1 8 39 O 20
2145 2144 2 1 6 O 30
2147 2146 2 1 5 O 20
2149 2148 2 1 5 O 20
29205 29204 2 2 6 O 20
2154 2152 2 3 14 O 20
2152 2151 2 7 37 O 10
2152 2153 2 13 69 O 30
19062 21398 2 3 16 O 20
21398 14305 2 6 31 O 10
2157 2156 2 2 9 O 10
2156 21399 2 2 7 O 30
8553 15961 2 1 4 O 10
22746 8553 2 7 34 O 20
818 819 2 1 4 O 10
818 4591 2 1 3 O 30
9449 12842 2 2 11 O 10
8557 22802 2 2 9 O 30
28569 2159 2 2 7 O 30
24489 28567 2 2 8 O 10
22660 28568 2 2 7 M 20
9665 9664 2 14 73 O 10
2158 27939 2 9 49 O 10
9663 14767 2 64 352 M 20
14767 2158 2 11 59 O 30
27939 2162 2 2 11 O 20
2162 8666 2 1 4 O 20
27940 11743 2 3 13 O 20
11743 21406 2 15 79 O 20
21406 8665 2 47 258 O 20
9666 14768 1 2 7 M 10
21417 30231 1 8 39 M 20
30231 21416 1 8 39 M 20
21405 8666 2 3 12 O 20
21405 9667 2 2 7 O 20
8662 8661 2 13 68 O 20
2164 2163 2 3 13 O 10
2171 2165 2 3 12 O 10
2172 2166 2 4 19 M 20
2173 2172 2 5 23 M 10
2172 2164 2 7 38 O 20
2164 2171 2 1 5 O 30
2171 2167 2 4 19 O 20
8661 2173 2 3 12 M 10
2173 9863 2 5 26 O 30
22298 2170 2 5 27 O 10
2169 22298 2 5 24 O 10
2170 2169 1 4 21 O 20
13076 2177 2 4 20 M 20
2092 8497 2 13 67 O 10
2175 2174 2 5 26 O 20
2178 13076 2 9 49 O 20
2174 8505 2 17 93 O 30
8505 13068 2 9 49 O 30
13068 2178 2 4 20 O 20
13076 2176 2 10 51 O 30
1044 13126 2 21 111 O 30
13126 21564 2 14 77 O 10
21564 2837 2 13 68 O 10
13030 20511 2 6 28 O 20
20511 6217 2 11 59 O 10
6217 6187 2 3 12 O 20
6187 6190 2 5 26 O 30
6190 20512 2 13 70 O 30
2182 2180 2 7 34 O 10
2185 2184 2 26 139 O 30
20296 2186 2 6 28 M 30
2186 2187 2 1 4 O 20
2187 2189 2 26 144 O 30
2189 2188 2 11 56 O 30
2188 2187 2 19 100 O 10
1114 26756 2 3 14 O 30
26756 20299 2 5 25 M 20
20299 25868 2 5 24 O 20
25868 10848 2 15 79 O 30
10848 30070 2 8 43 O 10
21101 9076 2 4 21 O 10
1110 10842 2 2 8 O 10
10842 1112 2 2 6 O 30
1119 1110 2 10 54 O 20
1117 10835 2 2 6 M 10
10835 1119 2 1 5 O 30
10846 1117 2 9 45 O 30
1111 10843 1 12 65 O 30
1113 10842 1 2 6 O 30
10842 1111 1 2 7 O 30
1123 1113 1 24 129 O 10
1124 10841 1 2 6 O 10
10841 1123 1 2 6 O 10
9076 20296 2 33 181 O 10
2191 14648 2 3 12 O 30
2196 2198 1 7 36 O 20
2195 8996 1 7 38 O 30
2198 2195 1 3 11 M 30
2200 16195 1 7 37 M 20
18340 2199 1 5 25 M 10
4004 2197 1 2 7 O 30
2193 2194 1 2 9 O 20
2202 2201 2 1 3 O 20
2218 2215 2 2 9 O 30
2219 2216 2 2 9 O 20
2220 2214 2 2 9 O 20
2222 2221 2 2 9 O 10
2223 2212 2 2 9 O 20
2224 2213 2 2 9 O 10
2225 2211 2 2 9 O 30
2226 2210 2 1 5 O 20
2227 2209 2 1 4 O 20
2228 2208 2 1 4 O 30
2229 2207 2 1 4 M 20
2230 2206 2 1 4 O 20
2231 2205 2 1 4 M 20
2232 2204 2 1 4 O 20
2233 2203 2 1 4 M 20
2234 2217 2 2 9 O 20
15104 15105 2 23 127 O 10
15105 66 2 4 20 M 30
66 64 2 3 13 O 20
64 2235 2 3 15 O 10
2236 2237 2 3 12 O 10
15438 2242 2 1 4 M 20
2242 28790 2 10 51 O 20
28790 2240 2 11 58 O 30
11021 10624 2 41 225 M 20
10624 19319 2 10 54 O 30
19319 2239 2 25 138 M 10
10624 10625 2 6 29 O 30
2242 2241 2 2 8 O 20
2240 11021 2 12 62 O 30
28790 2243 2 7 36 O 30
11497 14841 2 21 115 O 20
12824 2247 2 5 24 O 30
2245 2246 2 4 22 O 20
2250 2249 2 2 11 O 10
25466 25465 2 4 22 M 20
21778 2962 2 4 18 O 30
2962 2964 2 2 10 O 20
2964 2928 2 7 34 O 10
2928 2966 2 1 4 O 20
2966 30128 2 1 5 M 20
30128 2968 2 3 17 O 20
2968 2251 2 2 8 O 10
2251 15122 2 10 54 O 30
15122 29091 2 3 12 O 30
2264 2713 2 3 11 O 20
11274 2266 1 16 87 O 30
20294 10818 2 11 56 M 20
1118 2272 1 10 52 O 30
2272 2270 1 5 24 O 30
2270 2268 1 7 37 O 30
2268 1120 1 4 18 O 10
1120 10818 1 2 6 O 10
2268 2267 2 1 4 O 30
2270 2269 2 1 4 O 20
2272 2271 2 1 4 M 30
2274 2273 2 2 6 O 10
2276 2275 2 2 6 O 10
2278 2277 2 2 6 O 20
2280 2279 2 2 6 M 20
2282 2281 2 2 6 O 20
2284 2283 2 2 6 O 10
2287 2286 2 2 6 O 10
2288 2285 2 2 6 O 10
15336 25457 2 14 77 O 10
1052 14434 2 13 70 O 20
11463 1052 2 2 10 M 10
18372 2289 2 5 24 O 10
18372 18367 2 5 25 O 30
2292 2293 2 14 76 O 20
2290 2299 2 10 55 M 10
2299 2297 2 2 10 O 20
2297 2294 2 1 5 O 10
2291 2295 2 6 28 O 20
2297 2296 2 5 23 O 20
2299 2298 2 5 24 M 10
2301 2300 2 4 21 O 20
17482 2302 2 5 28 O 30
2304 2301 2 6 32 O 10
2301 2303 2 3 14 O 20
2304 2446 2 1 4 O 10
2446 17482 2 3 16 O 10
17482 2447 2 1 3 O 20
2447 18368 2 8 44 O 10
18371 1608 1 1 5 M 30
2306 2305 2 5 26 O 10
2308 2307 2 13 68 O 20
2082 2392 2 1 5 O 10
26456 2391 2 2 9 M 30
2310 2401 2 2 8 O 30
2311 2402 2 2 8 O 10
2318 2400 2 1 5 O 30
2312 2399 2 1 4 O 30
2313 2398 2 1 5 O 10
2317 2396 2 1 5 O 30
2345 2344 2 1 4 O 30
2343 2342 2 2 8 O 20
2347 2346 2 1 4 M 30
2349 2348 2 1 4 O 30
2351 2350 2 1 4 O 10
2353 2352 2 1 4 O 30
2355 2354 2 1 5 O 30
2357 2356 2 1 5 O 10
2359 2358 2 2 6 M 20
2361 2360 2 2 6 O 10
2363 2362 2 1 5 O 20
2365 2364 2 1 6 O 10
2367 2366 2 2 6 O 30
18366 2315 1 5 26 O 10
2315 2385 1 3 11 M 20
2385 18365 1 4 22 O 20
18365 2389 1 4 19 O 10
2389 2082 1 1 4 O 30
2082 2387 1 1 4 O 20
2387 26467 1 6 29 O 20
18367 2321 1 4 22 O 20
2321 2355 1 1 1 O 30
2355 2335 1 2 6 O 30
2335 2333 1 3 16 O 10
2333 2357 1 1 5 O 30
2357 2331 1 2 9 O 30
2331 18366 1 4 21 M 20
29682 8419 1 2 8 M 20
2371 29682 1 2 8 M 20
2337 18374 2 2 6 O 20
2338 2336 2 1 2 O 10
2321 2320 2 1 5 O 30
2323 2322 2 3 15 O 10
2325 2324 2 1 2 M 30
2327 2326 2 1 5 O 20
2329 2328 2 1 5 M 20
2331 2330 2 1 5 O 30
2333 2332 2 1 5 O 20
2335 2334 2 1 5 O 10
2370 2319 2 2 6 O 10
2340 2339 2 4 21 O 10
2341 2338 2 3 13 O 20
2338 2325 2 4 20 O 10
2325 2323 2 2 11 M 30
2323 2340 2 6 32 O 30
18276 2372 1 2 9 O 30
2381 2379 2 1 5 O 30
2378 2377 2 1 5 O 10
2369 2376 2 1 4 M 30
18845 2380 2 3 16 M 30
2389 2388 2 2 6 M 20
2383 2382 2 1 5 O 20
2385 2384 2 1 6 O 10
2387 2386 2 2 6 O 30
18365 2390 2 1 6 O 20
18365 2393 2 1 5 O 10
2394 2315 2 1 5 O 20
2316 2395 2 1 5 M 30
2314 2397 2 1 5 O 20
2309 2403 2 2 8 O 30
2405 2404 2 2 9 O 20
26460 2406 2 2 9 O 10
26467 8418 1 2 7 O 10
18369 2431 1 5 24 M 10
2431 2437 1 2 8 O 10
2437 2432 1 4 17 O 20
2432 2433 1 2 9 O 10
2433 2408 1 2 7 O 10
2408 18368 1 4 17 O 10
2411 2059 2 7 34 O 30
2059 2057 2 2 7 O 30
2057 2078 2 8 44 O 20
2078 5374 2 7 35 M 20
5374 14691 2 3 17 O 30
2062 2061 2 4 17 O 10
2061 2060 2 4 22 O 20
2060 2411 2 1 5 O 20
2410 24940 2 16 84 O 10
2409 2410 2 8 39 M 20
7886 10744 2 12 62 O 20
2429 2416 2 1 4 M 30
2428 2415 2 1 4 O 20
2427 2414 2 1 4 O 10
2426 2413 2 2 9 O 30
2421 2434 2 2 11 M 20
2425 2423 2 1 5 O 30
2424 2412 2 2 10 M 10
2430 2417 2 1 4 O 10
2431 2418 2 1 5 O 30
2432 2419 2 1 5 O 10
2433 2420 2 1 5 M 20
2435 2421 2 1 5 O 10
2308 2422 2 1 5 O 10
2304 2439 2 1 5 O 10
2446 2440 2 1 5 O 20
2408 2407 2 1 5 O 20
2437 2436 2 1 5 O 10
2445 2442 2 1 4 O 10
2438 2071 2 1 3 O 20
2444 2443 2 1 4 M 10
2447 2441 2 1 5 O 10
1130 18850 1 1 5 O 30
2080 9143 1 9 49 O 20
9143 4471 1 6 28 M 30
4471 4480 1 1 4 M 30
4480 4482 1 6 32 O 10
4482 1130 1 9 45 O 10
2450 2449 2 11 56 O 10
22038 24369 2 5 25 M 10
13404 2451 2 8 42 O 30
6580 2452 2 7 34 O 30
10330 2454 2 6 32 O 20
2453 1328 2 11 57 O 10
2457 2456 2 7 34 O 30
2459 2458 2 4 21 O 30
2461 2460 2 4 17 O 30
2463 2462 2 4 19 O 30
2465 2464 2 6 30 M 30
2467 2466 2 5 27 O 10
11103 2468 2 5 28 O 20
2470 2469 2 7 35 O 10
6815 6859 2 18 95 O 20
12847 22817 1 2 10 O 10
2475 2474 2 3 12 O 10
2477 2475 2 3 13 O 20
2475 2476 2 15 79 O 10
2479 2478 2 3 14 O 20
2481 2480 2 13 67 M 30
2482 2473 2 3 12 M 30
23467 2482 2 12 61 O 30
2476 23467 2 4 17 O 10
22823 2479 2 5 25 M 20
10332 10335 2 46 251 O 20
8680 5296 1 3 16 M 20
5296 22307 1 3 11 O 30
2486 2485 2 2 9 O 20
2512 2511 2 1 5 M 30
2488 2487 2 2 9 O 20
2489 2484 2 2 9 M 30
2491 2490 2 3 13 M 20
2493 2492 2 3 12 O 30
2495 2494 2 3 12 O 20
2497 2496 2 3 12 O 10
2499 2498 2 1 5 O 20
2501 2500 2 1 4 O 10
2503 2502 2 1 4 O 20
2505 2504 2 1 4 O 10
2507 2506 2 1 4 O 30
17000 2508 2 1 4 O 10
2510 2509 2 2 6 O 10
2514 2513 2 1 5 O 20
2516 2515 2 1 5 O 10
2518 2517 2 1 5 O 30
2520 2519 2 2 10 O 20
2522 2521 2 2 9 M 10
2526 11023 2 11 61 O 30
2526 2524 2 12 61 O 20
10103 2527 2 9 45 O 30
2528 22107 2 14 74 O 10
2531 6779 1 8 39 O 20
6779 2530 1 8 42 O 30
10769 2532 1 7 34 O 20
2534 13138 1 19 105 O 30
2535 2536 1 3 13 O 10
2539 2538 1 10 55 O 30
2537 2531 1 3 12 O 20
2538 2534 1 3 13 O 20
2532 2539 1 3 12 O 10
2534 2535 1 2 10 M 20
2531 2532 1 2 8 O 20
2540 9472 1 11 56 O 20
28421 9472 2 6 30 O 20
2542 2543 2 12 64 M 10
2544 6642 2 9 48 O 30
2545 2546 2 6 30 O 30
21109 2547 2 3 15 O 20
2547 2548 2 21 115 O 10
2548 2549 2 13 68 O 20
2549 2547 2 8 41 O 30
2550 2551 2 23 126 O 30
2551 2552 2 8 41 O 30
2551 2553 2 6 30 O 20
22838 22839 2 5 27 O 30
22839 2554 2 4 20 O 30
8650 2555 1 13 72 O 20
2555 29973 1 30 166 O 20
8649 2555 1 23 126 O 10
30095 8653 1 5 26 O 10
8656 30095 1 21 116 O 30
4375 4376 2 1 4 O 10
22840 27823 1 5 24 M 20
2556 21691 2 2 9 O 10
2557 2558 2 11 60 O 20
19262 2559 2 3 17 M 20
2559 2560 2 7 34 O 20
2560 2561 2 3 16 M 30
2560 2563 2 3 12 O 10
2563 2562 2 7 35 O 20
2562 887 2 4 22 O 20
2559 2562 2 17 89 M 10
2563 2564 2 3 12 O 30
2566 2565 2 55 304 O 30
8998 2099 2 6 28 O 20
2569 2570 2 3 15 O 30
2568 2569 2 2 10 O 10
2572 2573 2 6 30 M 10
25112 2574 2 2 9 O 20
2575 2576 2 10 51 O 30
2577 2578 2 17 91 O 30
2580 18867 2 3 16 O 30
2582 2581 2 5 26 O 30
2579 2583 2 15 81 O 10
2587 2586 2 6 31 O 20
2586 2585 2 2 9 O 10
2588 2580 2 19 104 O 30
12955 10492 2 16 86 O 20
25320 2590 2 8 42 O 30
14679 2591 1 10 50 O 30
2593 2592 1 10 54 M 30
25318 14679 2 8 42 M 30
2602 2598 1 4 20 O 10
2604 14680 1 3 14 O 20
14678 2599 1 6 31 M 10
14679 4592 2 5 26 O 20
2598 2601 1 3 15 O 10
2602 2601 1 6 28 O 30
14676 28106 1 5 24 O 20
28106 2602 1 7 38 O 20
2596 14676 1 5 27 M 20
2598 2595 1 2 8 O 20
2600 2599 1 2 8 M 30
2595 2600 1 2 9 M 20
2599 2598 1 2 9 O 30
2601 2597 1 3 13 M 30
12375 2594 1 4 18 O 30
2605 2606 1 3 16 O 10
2606 25336 1 6 29 O 30
1767 30044 1 5 27 M 10
1768 1767 1 5 26 O 20
2609 19245 1 14 78 O 30
2610 2611 2 3 16 O 10
21005 2610 2 3 13 O 10
2612 22124 2 4 20 O 10
22124 23256 2 6 32 O 10
23255 29761 2 2 7 O 30
29761 19916 2 4 18 O 20
19916 2612 2 3 12 O 10
23256 21005 2 21 112 M 10
21005 2613 2 10 52 O 10
22060 19944 2 7 34 O 10
19944 19942 2 5 25 O 30
19942 19947 2 16 88 O 20
19947 18738 2 8 39 O 10
20457 12061 2 9 48 M 10
30194 20457 2 20 106 O 20
28879 23295 2 5 26 M 30
23295 28880 2 4 18 O 30
21297 25230 2 11 61 O 20
25229 2607 2 15 82 M 10
10781 25229 2 2 11 M 30
2607 30046 2 10 52 O 20
2614 20056 1 6 30 M 30
8429 21094 1 7 34 M 20
21094 2614 1 25 138 O 10
2616 2615 2 8 42 O 20
2618 2683 2 1 5 O 10
1374 2618 2 5 23 O 10
2618 2616 2 2 8 O 30
2616 28441 2 4 18 O 10
11185 11186 2 4 20 O 10
2621 6857 2 2 8 M 30
2621 2622 2 2 8 M 30
2623 2624 2 3 14 O 20
2625 2623 2 9 47 O 30
2627 2626 2 4 19 M 10
6788 2628 2 3 15 O 30
2630 2629 2 6 30 O 30
2632 2631 2 3 16 M 20
2634 2633 2 9 47 O 20
19051 2635 2 11 59 O 20
2637 2636 2 7 34 M 20
2639 2638 2 5 23 O 30
2640 2639 2 8 40 O 10
1770 2647 2 10 52 O 30
1757 21373 1 6 29 O 30
21373 13783 2 2 10 O 10
2641 2643 1 4 17 M 20
2642 2641 1 4 18 O 10
2608 1762 1 6 32 O 20
9791 2608 1 6 30 M 10
1770 10782 2 7 35 O 20
2647 1778 1 5 23 O 30
1769 2649 1 5 26 O 10
1774 2647 1 4 22 M 10
1761 2648 1 1 5 O 10
1762 2654 1 1 4 O 30
2646 1755 1 6 33 O 30
2645 2646 1 2 9 M 20
1761 2649 1 6 31 O 20
2649 2645 1 3 15 M 20
1769 1756 1 2 9 M 20
1759 2648 1 7 37 O 10
2648 1769 1 2 6 O 10
2651 1758 1 6 31 O 10
2651 1759 1 6 29 O 20
1762 2653 1 5 26 O 10
2653 2652 1 3 16 O 10
2652 1147 1 32 174 O 20
1760 1759 1 3 12 O 30
1756 2654 1 7 34 O 20
2654 1760 1 2 6 M 10
1759 1758 1 2 7 O 10
1758 1757 1 4 18 O 30
1757 1761 1 3 16 O 20
2650 18159 2 5 25 M 30
19220 8365 1 2 10 O 20
19220 26935 1 3 12 O 30
26936 26938 1 2 6 O 10
26939 26938 1 1 5 O 20
2656 2655 2 8 41 M 20
9014 9015 2 19 104 O 20
9015 27857 2 13 70 O 20
2658 2657 2 7 34 O 10
2660 2659 2 3 12 O 10
2662 2661 2 3 13 O 30
2664 2663 2 3 12 M 20
2666 2665 2 3 12 M 10
12202 2667 2 3 11 O 30
2669 2668 2 3 13 O 10
2671 2670 2 3 14 O 20
2673 2672 2 3 14 M 10
2675 4395 2 13 67 O 20
2676 2675 1 3 15 O 10
2675 2674 1 3 16 O 20
2678 2677 2 3 13 O 20
2680 2679 2 3 13 O 20
2682 2681 2 3 13 O 20
2683 2617 2 3 15 O 30
2690 8067 2 17 91 O 30
1262 2693 2 3 13 O 30
2697 2694 2 3 11 O 10
2696 2695 2 11 56 O 10
1239 2696 2 1 3 M 30
2696 2698 2 13 72 M 10
2698 2695 2 3 15 O 30
2695 2697 2 14 73 O 30
2697 1239 2 3 13 M 30
2692 2691 2 3 12 M 20
1177 1202 1 5 23 O 30
1202 19822 1 10 54 M 20
21458 19791 1 8 43 M 30
19803 2701 1 4 22 O 10
2701 21458 1 2 9 O 20
19791 19803 1 2 11 O 20
19803 19790 1 3 13 O 30
19790 2701 1 2 8 O 10
19788 21458 2 3 13 O 30
19787 2702 2 12 62 O 10
2704 2703 2 4 18 O 20
19787 2706 2 9 48 O 30
9693 20304 1 2 11 O 30
2707 13763 1 1 4 O 10
23071 2709 1 5 25 M 30
13832 13833 2 28 154 O 10
13833 13815 2 2 8 O 20
13815 1145 2 2 6 M 20
10942 13835 2 6 31 O 30
2712 2265 2 2 9 O 20
11739 15835 1 4 21 O 10
15835 11359 1 11 59 M 30
14049 9705 2 7 35 O 10
14049 2715 1 9 48 O 10
2715 9705 1 3 15 O 30
9705 1255 1 4 21 O 30
18643 2721 2 2 8 O 30
2722 18644 2 3 12 O 20
2717 2716 2 8 40 O 10
2719 2718 2 6 32 O 30
2730 2723 2 7 36 O 10
2724 2733 2 2 10 O 20
2731 2728 2 2 9 O 10
2728 2726 2 4 18 O 10
2726 2732 2 5 26 O 30
2730 2731 2 1 5 O 20
2726 2725 2 6 28 M 20
2728 2727 2 7 37 O 20
2729 2730 1 12 64 O 10
2732 2724 2 11 58 O 10
10050 2720 2 4 18 M 20
2734 2735 2 2 9 O 30
26670 2734 2 2 10 O 30
2736 13779 1 2 10 M 30
2737 2736 1 15 83 O 20
13782 2737 2 3 16 O 10
2739 2738 2 3 16 O 10
13781 2738 1 16 85 O 10
2738 2737 1 13 72 M 30
13779 13782 1 21 114 O 20
13782 2739 1 15 79 M 30
2739 13781 1 17 92 O 30
13779 2608 2 5 26 O 30
14696 16826 2 27 148 O 20
10782 14696 2 11 56 O 30
16827 11723 2 8 44 O 30
2741 2740 2 17 90 O 20
2743 2742 2 6 33 O 30
17815 17816 2 7 39 O 10
17817 17818 2 4 22 M 30
20050 20051 2 7 35 O 10
19227 17860 2 6 32 O 10
17821 17854 2 3 17 M 10
17854 17828 2 7 36 O 20
17828 17822 2 6 32 O 30
19815 2744 2 1 2 O 30
8264 2746 2 2 11 O 20
2746 2747 2 9 46 O 10
2747 2749 2 8 44 O 20
2748 2747 2 1 3 O 10
2752 2751 2 2 8 O 10
2754 2753 2 2 9 O 10
2758 2757 2 2 9 O 20
2756 2755 2 2 9 O 30
2760 2759 2 2 8 O 10
2762 2761 2 2 9 O 30
2764 2763 2 2 9 M 30
2766 2765 2 2 9 O 20
22145 2767 2 11 59 O 20
2769 2768 2 10 50 O 20
2768 10933 2 8 43 O 20
12919 2770 2 9 50 O 20
26901 2771 1 5 27 O 20
18737 2772 1 4 22 O 30
25110 19021 2 8 43 O 10
19021 19020 2 3 14 M 10
13115 2775 2 13 67 O 20
13115 7750 2 5 25 O 10
7750 2179 2 4 17 M 20
9805 28278 2 13 69 O 20
28228 28227 2 3 12 M 30
28227 8600 2 8 44 O 30
2781 2780 2 2 11 O 20
2780 2777 2 1 1 O 10
2777 2779 2 6 33 M 10
2780 2776 2 20 111 O 20
2779 2778 2 10 54 O 30
2778 2777 2 4 21 O 20
16900 20074 2 2 8 O 20
23016 2782 2 4 17 O 10
2783 7817 2 2 6 O 30
7817 7819 2 3 14 O 20
7819 22819 2 3 14 O 10
2785 2784 2 15 80 O 30
13798 2786 2 7 37 O 20
23365 2787 2 8 42 O 20
23364 13792 2 2 6 O 10
10942 13797 2 15 80 O 20
13797 13798 2 26 139 O 20
13798 13799 2 13 70 O 20
13799 2788 2 40 218 O 30
13805 2789 2 14 77 O 20
13804 23364 2 7 35 O 20
2790 15565 2 7 36 O 30
2791 2793 2 4 19 O 20
2792 2791 2 2 7 O 20
2795 2794 2 2 8 O 10
2812 2798 2 3 11 O 20
2798 2799 2 3 15 O 10
2796 2802 2 6 28 O 20
2797 2796 2 3 15 O 10
2801 19821 2 16 83 M 20
19821 2802 2 8 41 M 10
2802 2800 2 5 25 O 20
2800 2803 2 12 64 O 20
2800 2801 1 67 370 O 30
2803 2797 2 37 202 O 10
2805 2809 2 6 28 O 30
2809 2804 2 3 13 M 10
2808 2806 2 7 36 O 10
2806 2807 2 5 28 O 20
2810 2806 2 3 15 M 20
2806 2809 2 3 14 O 30
2812 2810 2 8 44 M 30
2810 2811 2 7 36 M 30
1259 2812 2 2 6 M 10
1256 2813 2 7 38 O 30
16923 14286 2 15 78 O 20
14286 11458 2 16 87 M 30
11458 28779 2 28 152 O 20
28779 588 2 5 28 O 30
2816 2817 2 4 17 O 30
2884 3860 2 11 58 O 10
3860 2818 2 2 8 M 10
8700 2819 2 4 20 O 30
2819 3861 2 1 3 O 10
3861 2820 2 14 74 O 20
11556 2092 2 7 34 O 10
8497 13674 2 9 49 M 30
13674 26728 2 5 27 O 30
2825 26715 2 4 17 O 30
26715 8497 2 5 26 O 10
2822 2821 2 3 14 O 30
2824 2823 2 6 28 O 10
2826 2169 2 7 35 M 30
2828 2827 2 3 16 O 10
2176 2829 2 5 25 O 30
8506 22298 2 12 64 O 30
2170 2830 2 3 15 M 10
13693 15043 2 3 11 M 30
2832 2831 2 8 42 O 10
2834 2833 2 8 41 O 30
11434 25594 2 11 60 O 20
13560 11434 2 10 56 O 10
2829 16892 2 22 122 O 30
16892 2824 2 3 14 O 10
2824 13560 2 4 18 O 10
4394 12202 1 9 47 O 20
12202 2666 1 8 43 O 30
2666 2664 1 8 43 O 20
2664 2662 1 9 45 M 30
2662 2660 1 8 41 O 20
2660 18709 1 6 32 O 30
11434 2674 2 5 24 M 20
2674 2676 2 1 4 O 20
2835 8488 2 5 27 M 30
26699 8488 2 8 40 O 10
26699 22091 2 5 27 O 30
2837 20685 2 3 13 O 30
20685 8400 2 3 17 M 30
12623 4070 1 3 11 O 10
4070 2836 1 4 20 O 30
26729 2838 2 8 40 O 30
2840 2839 2 8 39 O 10
2844 2842 2 10 52 O 10
2845 2844 2 6 31 O 20
2844 2843 2 9 49 O 30
2847 2846 2 4 22 O 30
2850 2848 2 8 40 O 10
2852 2850 2 4 22 O 30
2850 2849 2 8 42 O 30
2870 2852 2 2 6 O 10
2852 2851 2 7 37 M 20
2854 2853 2 15 80 O 10
13004 2855 2 9 49 O 20
2857 2856 2 3 14 O 30
2859 2858 2 9 46 M 30
2861 2860 2 7 37 M 10
2863 2864 2 3 13 O 30
2864 2862 2 3 16 O 10
2865 2864 2 16 88 O 30
2869 2868 2 3 13 O 10
25808 2869 2 2 7 M 20
2867 2866 2 3 16 O 30
25808 2867 2 2 11 O 30
2867 2870 2 2 9 O 30
2870 11574 2 12 66 M 10
2841 2871 2 8 40 M 10
2873 2872 2 8 43 O 10
2874 2876 2 7 34 O 10
2876 2875 2 6 32 M 10
2877 2878 2 8 39 O 30
2879 2878 2 11 56 O 10
2878 2880 2 2 9 M 30
19531 2883 1 1 4 M 30
2882 15340 2 10 54 O 10
2883 2881 1 10 54 M 20
2881 2882 1 1 4 O 10
2882 15339 1 4 18 M 10
3861 14739 2 11 59 O 20
2886 2885 2 3 12 O 10
27452 27453 2 11 61 M 10
27453 27451 2 3 11 O 30
2889 2888 2 5 23 O 10
14435 2890 2 4 19 O 30
2891 2892 2 13 72 M 20
26127 26128 2 4 18 O 20
26128 19611 2 3 14 O 20
19611 26119 2 9 46 M 10
26119 26116 2 10 51 O 30
26116 26129 2 10 52 O 20
26129 26130 2 10 51 O 30
26130 26131 2 16 86 O 10
2894 26739 2 3 14 O 20
8548 9495 1 2 10 M 10
22418 8548 2 2 9 M 30
22417 8548 1 2 10 O 20
22416 17031 2 2 9 O 20
9060 2893 2 3 13 O 10
2903 7840 2 2 8 O 10
7840 7839 2 13 71 O 10
7839 19962 2 6 32 O 20
19962 4309 2 6 29 O 20
2902 2903 2 2 7 O 20
2904 4305 2 3 13 O 10
2905 2904 2 2 7 O 10
25945 25946 2 4 21 O 10
4314 6062 2 3 15 M 30
6062 25945 2 6 31 O 30
20366 4244 2 8 41 O 30
5783 20366 2 1 5 O 20
2900 2901 1 2 6 O 20
24333 2900 1 7 35 O 10
16195 2898 1 2 6 O 30
16195 2899 1 1 5 O 10
2194 4004 1 2 8 M 20
2197 2196 1 3 12 M 30
2910 9719 2 4 21 O 30
2908 2907 2 2 10 M 20
2907 2912 2 6 32 O 20
2912 2918 2 1 2 M 30
2918 2911 2 4 17 O 10
2910 2908 2 2 8 O 30
2913 2914 2 2 10 O 10
2914 2912 2 3 13 O 30
2915 2914 2 2 8 M 10
2917 2919 2 2 8 M 20
2919 2916 2 2 8 O 20
2918 2919 2 4 19 O 20
2907 2906 2 4 19 O 20
2911 2909 2 3 16 M 30
2920 2921 2 9 48 O 20
2921 2922 2 9 46 O 20
2923 2924 2 10 55 O 10
2924 2925 2 9 49 O 30
2928 2927 2 10 51 O 30
2930 2931 2 6 30 M 20
2932 2933 2 5 24 M 30
2934 2935 2 7 37 O 10
2937 2936 2 9 47 O 10
2939 2938 2 1 4 M 30
2940 2942 2 5 23 M 10
2941 2939 2 9 47 O 20
2939 2940 2 2 8 O 20
2946 2947 2 6 32 M 20
2944 2943 2 6 32 O 20
2945 2944 2 6 32 M 10
2944 2946 2 3 15 O 10
2948 2949 2 11 57 O 30
2926 2950 2 10 55 M 30
2951 2952 2 14 75 M 30
2954 2953 2 3 15 M 10
2956 2955 2 3 11 O 20
30130 2929 2 11 61 O 10
2957 2958 2 5 27 O 30
2959 2960 2 7 37 O 20
2962 2961 2 4 17 O 10
2964 2963 2 2 10 M 10
2966 2965 2 6 30 M 30
2968 2967 2 5 26 O 20
2970 2969 2 2 7 O 20
8192 2971 2 2 7 O 30
19197 1003 2 6 28 M 20
1003 23798 2 18 95 O 30
1115 10834 1 2 7 O 20
10834 10835 1 15 80 O 10
10835 1118 1 1 5 M 20
26573 26571 2 13 69 O 10
2972 15923 2 7 33 O 10
21747 15886 2 2 6 O 10
16683 15887 2 2 9 M 30
15187 2973 2 9 50 O 10
15182 15186 1 2 11 M 10
15185 15187 1 9 46 M 10
15187 15182 1 9 50 M 10
10123 9504 2 16 87 O 20
9504 15399 2 4 19 O 20
26301 26302 2 11 56 O 30
26302 20834 2 14 77 O 30
20834 20835 2 11 59 M 30
20835 21576 2 26 140 O 10
21576 2979 2 2 8 O 20
2979 21579 2 13 70 O 30
21579 21350 2 2 10 O 20
18756 20833 2 15 82 O 10
21350 2975 2 5 28 O 20
21607 19286 2 14 73 O 30
21582 15904 2 11 59 O 10
15904 3039 2 2 6 O 20
3039 20060 2 9 47 O 20
20060 19191 2 14 77 M 20
19191 20795 2 8 40 O 10
2976 6335 2 14 76 O 20
2977 6332 2 14 75 O 30
11024 2525 2 7 34 O 30
10372 18211 2 7 34 O 10
2979 2978 2 8 39 O 20
29542 29541 2 3 12 O 20
29541 29540 2 3 12 O 10
2982 2983 1 3 15 O 30
2983 2985 1 4 18 O 20
2985 2987 1 3 17 O 20
2987 2988 1 11 60 O 10
2988 2986 1 3 16 O 10
2986 2984 1 4 18 O 30
2984 2982 1 7 37 M 10
2983 2984 1 5 25 M 20
2985 2986 1 5 26 M 20
2987 30232 1 3 13 O 30
30232 2988 1 3 13 O 20
2980 2981 2 8 41 O 30
694 8196 2 4 21 O 30
2989 12020 2 9 47 M 10
12020 8195 2 1 5 O 10
8195 13316 2 10 50 O 30
13316 694 2 4 20 O 10
693 8317 2 3 16 M 20
8317 20949 2 10 53 O 20
2990 8358 2 4 18 O 20
8358 20953 2 8 42 O 10
20953 12384 2 8 42 O 20
12384 12381 2 10 51 M 30
12381 21043 2 23 123 M 10
21043 20954 2 6 30 O 30
2991 25702 2 48 262 O 30
25702 25691 2 9 46 O 30
25691 25699 2 4 20 O 30
25699 8685 2 6 32 O 10
8685 8686 2 13 72 M 20
30174 111 2 14 74 O 30
111 2991 2 25 134 O 20
16343 2992 2 6 32 O 30
2994 2993 2 13 71 M 20
2998 2997 2 2 8 M 10
19313 19290 2 7 36 O 20
20835 21573 2 3 15 O 30
21573 2999 2 31 169 O 20
2999 30233 2 2 6 O 10
30233 21575 2 2 6 M 10
12311 3000 2 9 49 O 30
12991 13684 2 4 18 O 20
13684 12993 2 4 18 O 20
12993 11756 2 5 27 M 20
11756 8014 2 10 50 M 30
20654 26697 2 8 42 O 20
26697 18803 2 2 9 O 30
18803 6273 2 5 27 O 10
6273 13694 2 9 47 O 30
13694 29447 2 4 21 O 10
8490 22087 2 9 46 M 10
22087 8491 2 4 21 O 30
8834 18982 1 10 56 O 20
3002 3001 2 1 4 O 20
19293 3003 2 1 5 O 30
3003 3004 2 2 6 O 30
12583 12584 2 5 24 O 30
12589 3007 2 4 19 O 20
3007 12588 2 4 17 O 30
3009 3008 2 5 28 M 30
26422 3010 2 6 33 O 20
13942 26426 2 4 18 O 30
26426 26247 2 4 18 O 30
19310 24561 2 4 18 O 10
24561 12586 2 4 19 O 20
3013 21567 2 4 17 O 10
21566 3013 2 30 167 O 10
21014 9141 2 6 30 O 20
9141 9140 2 102 564 O 10
2974 23839 2 2 8 O 20
21572 21492 2 3 16 O 30
21492 26250 2 7 34 M 20
26250 21581 2 16 86 O 20
20833 26301 2 2 8 O 30
21606 30234 2 8 41 O 30
30234 21037 2 8 41 M 20
21571 19314 2 10 56 M 20
21587 21588 2 4 19 O 30
21586 21590 2 18 98 O 30
21592 26425 2 15 79 O 10
29214 29215 2 17 90 M 30
29215 8477 2 12 63 O 20
11016 21585 2 18 96 M 20
13151 21583 2 6 31 O 10
19292 21594 2 2 7 O 10
26419 21608 2 2 6 O 20
21577 21578 2 11 60 M 30
21578 30235 2 2 7 O 20
30235 19312 2 2 7 O 30
21494 26304 2 4 17 O 30
26304 21495 2 4 18 M 20
29213 29214 2 10 51 O 20
3015 21604 2 2 7 O 10
12587 3018 2 3 16 O 10
13900 13901 2 7 38 O 10
3012 3021 2 2 7 O 30
3021 21596 2 5 25 O 30
26305 26306 2 4 20 M 20
21596 21597 2 4 21 M 10
21596 3019 2 2 10 O 20
3021 3020 2 3 13 O 30
3023 21585 2 6 31 O 10
3023 3022 2 3 14 O 30
3024 3066 2 5 23 O 10
3025 3026 2 2 10 O 30
3027 3025 2 8 40 O 10
3030 3028 2 1 5 O 20
3028 3029 2 3 16 O 30
3033 3031 2 1 5 O 30
3031 3032 2 10 53 O 10
3035 3034 2 6 29 O 10
3038 3036 2 6 30 O 30
3037 3035 2 2 10 O 30
3035 3038 2 1 3 O 20
3039 3037 2 3 11 O 20
3040 3034 2 4 18 O 10
3041 3040 2 1 4 O 20
3043 3041 2 1 5 O 30
3041 3042 2 7 39 M 20
3045 3044 2 2 8 M 10
3047 3046 2 4 17 O 30
3049 3048 2 6 31 O 10
3051 3050 2 3 12 O 10
3052 3046 2 4 17 O 20
3046 3051 2 6 33 O 10
3054 3053 2 4 22 O 20
3056 3055 2 4 22 O 10
3058 3057 2 6 32 O 20
3060 3059 2 11 57 O 30
3062 3061 2 7 34 O 30
3065 3064 2 5 27 M 30
3064 3063 2 5 28 O 20
3067 3066 2 7 35 O 10
3073 3072 2 2 7 O 20
3070 3068 2 4 20 O 30
3072 3070 2 5 24 O 20
3070 3069 2 3 14 O 20
3072 3071 2 7 37 M 10
3075 3047 2 4 20 O 30
3047 3050 2 7 37 O 30
3050 3074 2 9 46 O 20
28548 3076 2 2 8 O 10
3080 3081 2 16 86 O 10
3077 3078 2 18 97 O 10
3079 3077 2 15 81 M 10
3082 3080 2 15 80 O 20
3084 3083 2 12 66 O 10
19823 3093 2 10 50 O 20
3093 3084 2 4 21 O 30
3084 3085 2 10 53 M 30
3088 3086 2 11 56 O 10
3089 3088 1 14 75 O 30
3088 3087 1 8 40 O 10
3091 3089 2 8 39 O 10
3089 3090 2 6 30 M 30
3093 3092 2 7 36 O 20
22457 20614 1 3 16 O 30
20614 271 1 1 4 O 10
28389 11539 2 14 76 O 10
11539 23154 2 11 59 M 10
27447 27445 2 20 107 O 20
15102 21781 2 3 11 M 10
21781 27446 2 1 5 O 20
15411 21521 2 4 17 O 10
18564 18556 2 6 31 O 20
18556 18563 2 8 41 O 20
3096 3095 2 5 28 O 10
3098 3097 2 7 38 O 20
26246 23839 2 13 71 O 20
16938 19243 2 9 45 O 10
21401 3100 2 10 52 O 10
3100 3099 2 44 239 O 30
3102 3101 2 3 11 O 10
17437 3103 2 1 2 O 10
3103 3104 2 2 7 O 10
3103 17438 2 9 46 O 10
21490 18424 2 11 57 O 30
21194 24883 2 10 54 M 20
24883 21193 2 12 61 M 30
21193 21192 2 6 30 O 10
18052 27972 2 9 48 O 10
27972 16854 2 5 26 M 20
9924 9915 2 2 11 O 10
11163 24734 2 2 8 O 30
8508 22585 2 5 28 O 30
24474 3105 2 7 36 M 30
7605 11557 1 39 215 O 20
11557 13915 1 6 29 O 20
13915 4130 1 3 13 M 10
4130 11554 1 6 31 O 10
11554 11553 1 15 80 O 20
11570 11552 1 19 104 O 30
26675 2098 2 1 3 M 20
8484 26675 2 1 4 O 30
8832 12624 2 2 8 O 30
26004 26007 2 5 26 M 20
26007 26008 2 16 89 O 30
6582 6581 2 2 9 M 20
8489 26699 2 3 12 O 10
8835 12286 2 22 120 O 30
12286 13467 2 15 78 O 30
13467 6260 2 14 73 O 10
6260 20500 2 6 32 M 10
8835 8111 2 15 80 O 10
8111 8964 2 2 6 O 10
8964 12739 2 5 22 O 30
12739 11561 2 8 42 O 30
11561 6259 2 7 36 O 20
6259 15838 2 2 6 O 20
15838 6257 2 6 30 O 30
6257 6252 2 2 10 O 10
6252 6250 2 3 14 O 10
6250 8873 2 3 16 O 10
8873 8870 2 5 23 O 10
8870 20503 2 5 24 O 30
8950 8945 2 16 85 M 20
14877 19837 2 5 27 O 20
10621 19835 1 12 66 O 20
19835 14878 1 5 22 O 30
14878 25014 1 11 60 O 10
25014 14882 1 8 40 O 20
16006 29141 2 2 6 M 30
29141 29142 2 6 31 O 20
13935 3115 2 6 28 O 10
3115 16014 2 7 35 O 10
3116 3117 2 1 1 O 30
13849 3119 2 3 15 O 30
3119 3118 2 7 37 O 20
22767 7065 1 6 30 O 20
4247 4248 2 5 23 O 20
3111 7073 1 9 49 O 20
22769 7063 1 6 32 O 10
7063 3110 1 5 23 O 10
7072 7070 1 6 30 O 10
3121 3107 1 3 15 O 10
3121 7053 1 6 31 M 10
7053 17269 1 2 10 O 30
7075 3107 1 4 22 O 20
17268 22721 1 10 53 O 30
11007 22768 1 6 29 M 20
12908 1488 2 7 35 O 10
3122 16475 2 4 17 O 10
16475 28149 2 6 28 O 10
28149 28173 2 9 47 O 10
28173 28175 2 2 6 O 30
28175 28147 2 8 44 O 20
28147 26160 2 4 19 O 20
26160 25068 2 4 18 O 30
25068 23370 2 4 20 O 30
23370 1413 2 4 21 O 10
9067 14487 2 6 29 O 30
3125 3126 2 8 42 O 30
3125 3124 2 4 19 O 30
3127 3125 2 10 54 M 30
12168 20670 2 2 10 O 20
14489 28448 2 2 9 O 20
15259 25272 2 2 7 O 10
25272 20860 2 45 249 M 20
20897 833 2 4 22 O 30
13066 27448 2 2 8 O 20
3131 3132 2 2 7 O 20
16884 16885 2 37 202 O 10
16885 3131 2 77 427 M 30
3133 16460 2 13 70 O 20
16307 3134 2 28 154 O 30
16306 16305 2 6 28 O 30
3135 3136 2 2 6 O 30
9911 6298 2 6 32 O 20
6298 3135 2 47 256 O 30
15342 29268 2 7 34 O 20
29268 3137 2 2 11 M 30
3138 3139 2 7 34 M 10
18978 13921 2 7 36 O 20
3141 3142 2 10 55 O 20
3143 3144 2 4 18 O 10
20073 3145 1 3 12 M 20
3145 2782 1 5 27 M 20
20072 3150 1 3 14 O 10
3150 18874 1 8 42 O 10
17114 18874 2 6 30 O 30
3147 3146 2 4 19 O 30
3149 3148 2 7 38 O 20
22833 5299 2 1 5 O 20
22202 22205 2 6 33 O 10
22203 22202 2 5 26 O 10
22204 3151 2 3 12 O 30
499 20699 2 2 6 O 20
3155 3154 2 7 35 O 10
3157 3156 2 3 15 O 10
3158 3157 2 12 66 O 10
3160 3158 2 7 36 O 30
3158 3155 2 10 53 M 10
3155 3159 2 5 23 O 30
3162 3161 2 20 108 O 30
27981 18283 1 4 19 O 10
18282 27693 1 9 48 O 20
8402 16336 2 3 12 O 10
3172 3163 2 7 37 O 20
1353 3164 2 9 49 M 10
3165 3181 2 9 45 O 30
1355 3165 2 16 87 M 20
3166 1351 2 1 5 M 10
3167 3166 2 6 30 O 30
3168 3167 2 3 12 M 20
3169 3168 2 8 42 O 10
3170 3169 2 2 11 O 30
3171 3170 2 9 45 O 30
3172 3171 2 1 5 M 30
3175 3172 2 9 47 O 30
21230 30236 2 3 12 O 20
30236 21231 2 3 12 O 20
1356 3180 2 24 128 O 20
3180 3179 2 8 44 O 30
3179 21230 2 7 33 M 30
1356 1355 2 2 7 O 30
1355 1354 2 9 45 O 30
1352 1351 2 10 52 O 10
3173 3175 1 12 61 O 20
3174 3173 1 6 30 M 20
1352 3174 1 12 65 O 30
3176 3175 2 16 84 O 30
3179 3178 2 3 14 O 10
3181 3180 2 5 23 O 20
21231 1351 2 11 57 O 10
3182 10027 2 9 48 O 30
21115 3182 2 9 48 O 30
10027 21114 2 8 43 O 10
15391 18076 2 12 63 O 10
29037 23484 2 6 31 O 20
3185 12840 2 21 112 O 20
12840 23483 2 28 154 O 30
3186 20955 2 6 29 O 10
3187 3186 2 3 15 O 30
2603 2600 1 3 12 O 10
2595 2604 1 3 12 O 10
2590 2592 2 4 19 O 30
2591 2593 2 2 9 O 10
2593 25319 2 3 16 M 10
25319 2589 2 7 34 M 30
11868 5751 2 6 29 O 30
3192 3189 2 2 8 O 30
3189 3188 2 9 46 O 20
3190 3193 2 4 21 M 10
3189 3190 2 9 45 O 30
3190 3191 2 2 9 O 20
3195 3194 2 1 5 O 20
3196 3195 2 7 36 O 10
3195 3198 2 4 18 O 20
3198 3188 2 4 19 O 20
3188 3192 2 7 38 O 20
3192 3197 2 2 8 M 10
3199 3198 2 4 19 O 20
3201 3200 2 3 13 O 30
10857 3199 2 4 18 O 30
3203 1893 2 10 51 O 20
3202 1411 2 2 11 O 30
3203 3202 2 19 102 O 30
19898 10855 2 5 28 O 10
10855 10857 2 12 66 O 10
10857 20293 2 11 59 O 20
3205 23163 2 6 32 O 10
116 115 2 7 35 O 20
115 23163 2 3 12 O 20
23163 23164 2 4 22 M 20
3205 3204 1 2 8 O 30
3204 23162 1 4 21 O 20
114 3206 1 8 43 M 20
21928 1797 1 3 15 O 20
3208 3207 2 3 12 M 20
25479 25480 1 10 53 O 30
29505 29506 2 7 38 M 10
29505 29504 2 8 41 M 10
29504 3212 2 2 9 O 20
29504 29503 2 9 46 M 20
29502 23165 2 3 14 O 10
3211 3210 1 10 50 O 20
22452 29544 2 3 11 O 10
23213 23166 1 2 8 O 20
23212 23213 1 2 10 M 20
22444 22455 2 3 12 O 30
22455 23162 2 3 15 M 30
23162 22454 2 2 7 O 20
22454 3206 2 2 9 O 20
3206 23107 2 2 8 O 20
23107 23161 2 2 8 O 10
22452 22451 2 3 16 O 10
116 22452 2 7 36 M 10
22452 22453 2 8 41 O 10
3214 3217 2 2 11 O 10
3216 3217 2 3 15 O 30
3217 3215 2 3 16 M 10
3218 3214 2 2 7 O 20
3219 3222 2 2 10 O 30
3221 3222 2 2 6 O 10
3222 3220 2 5 27 O 20
3223 3219 2 2 6 O 20
12203 3224 2 14 75 O 20
3224 3225 2 22 122 O 20
3225 3227 2 10 55 O 10
3226 3225 2 14 76 O 20
3224 12204 2 8 44 O 10
5773 3228 2 3 14 O 10
6130 20909 2 2 7 O 30
20909 21531 2 2 9 O 10
21531 30237 2 3 15 O 30
30237 21532 2 3 15 O 10
21532 26016 2 8 40 M 30
26016 26014 2 17 93 O 10
26014 7377 2 39 213 M 30
7377 7383 2 22 117 O 10
7383 7385 2 14 74 O 30
7385 8726 2 5 25 O 30
8726 7397 2 14 78 O 30
7397 7399 2 11 59 O 10
7399 5773 2 6 30 O 30
28858 28102 1 2 9 O 10
3230 3229 2 1 3 O 10
3240 3237 2 1 4 M 10
3246 3231 2 2 9 O 30
3238 3235 2 1 4 O 10
3239 3236 2 1 4 O 20
3241 3234 2 1 4 O 10
3243 3242 2 6 30 O 30
3244 3233 2 2 9 O 10
3245 3232 2 2 9 O 20
5320 3266 2 3 15 M 20
3266 3267 2 2 6 M 20
3267 3276 2 4 21 O 10
3276 3277 2 3 12 O 30
3277 3241 2 1 4 O 20
3248 3251 2 6 28 O 10
3250 3247 2 5 23 O 30
3247 3248 2 2 11 O 10
3248 3249 2 4 18 O 30
3266 3265 2 1 5 O 10
3267 3264 2 1 5 O 30
3268 3252 2 1 4 O 20
3269 3253 2 1 4 O 20
3270 3255 2 2 6 O 30
3271 3254 2 1 4 M 10
3272 3256 2 2 6 O 20
3273 3257 2 1 4 O 20
3274 3259 2 1 4 M 10
3275 3258 2 1 4 O 10
3276 3263 2 1 4 O 30
3277 3262 2 1 4 O 20
3278 3261 2 1 4 O 10
3279 3260 2 1 4 O 10
3281 3282 2 4 22 O 10
3282 3280 2 3 16 O 20
3283 3282 2 6 29 O 20
3310 3309 2 2 6 O 10
3298 3297 2 1 4 O 20
3299 3285 2 1 5 M 20
3300 3284 2 1 3 O 20
3301 3287 2 1 3 M 10
3302 3286 2 1 5 O 30
3303 3288 2 1 3 O 10
3304 3290 2 1 3 O 20
3305 3289 2 1 3 O 10
3306 3291 2 1 3 O 30
3307 3292 2 1 3 O 20
3308 3293 2 1 3 O 10
3272 3294 2 2 6 M 10
3311 3295 2 1 4 O 30
3312 3296 2 1 4 M 30
18247 22925 2 3 11 O 20
22925 3250 2 11 56 O 20
3250 5321 2 1 5 O 20
5316 3395 2 7 33 M 20
3395 5315 2 2 6 O 30
5315 3378 2 3 12 O 30
3378 3311 2 3 17 O 30
3311 3379 2 1 3 M 10
3379 3312 2 3 12 M 20
3312 5314 2 1 2 O 20
5314 3350 2 5 25 M 20
3350 3298 2 1 3 O 10
3298 5303 2 6 30 O 20
13134 3347 1 3 13 M 30
3347 3313 1 7 34 M 20
3315 3316 2 32 177 O 20
3314 3315 2 1 2 M 30
3347 3331 2 1 1 O 10
3337 3318 2 1 4 M 30
3342 3323 2 1 4 O 20
22200 3326 2 1 4 M 10
3336 3317 2 1 4 O 20
3338 3319 2 1 4 O 20
3339 3320 2 1 4 O 30
3340 3321 2 1 4 O 30
3341 3322 2 1 4 O 30
3343 3324 2 1 4 O 10
3344 3325 2 1 5 M 20
3345 3327 2 1 5 O 30
5302 3328 2 1 5 O 30
3153 3329 2 1 5 M 10
3346 3330 2 2 6 O 30
3348 3332 2 1 6 O 10
3152 3333 2 1 5 O 20
3349 3334 2 1 5 M 30
3350 3335 2 1 4 M 20
3352 3351 2 6 32 M 20
16347 3353 2 5 24 O 30
3379 3365 2 1 4 M 20
3367 3355 2 1 4 M 30
3368 3356 2 1 4 M 10
3369 3358 2 1 4 O 20
3370 3357 2 1 4 O 20
3371 3354 2 1 4 O 30
3372 3360 2 1 4 O 20
3373 3359 2 1 4 O 20
3374 3361 2 1 4 O 30
3375 3362 2 1 3 O 20
3376 3363 2 1 4 O 10
3377 3364 2 1 4 O 10
3378 3366 2 1 4 M 10
3408 3393 2 2 6 O 30
3395 3381 2 1 4 M 10
3396 3382 2 1 3 O 10
3397 3383 2 2 6 O 10
3398 3384 2 1 3 O 10
3399 3385 2 1 3 O 20
3400 3380 2 2 6 M 30
3401 3386 2 2 6 O 30
3402 3387 2 1 3 O 30
3403 3389 2 1 3 O 10
3404 3388 2 2 6 M 30
3405 3390 2 2 6 O 20
3406 3391 2 1 3 M 10
3407 3392 2 1 3 O 30
3409 3394 2 1 4 O 20
3410 3413 2 2 11 O 30
3413 3411 2 17 90 O 20
16140 14432 2 6 30 M 10
14432 3414 1 12 64 O 10
3416 20962 2 12 62 O 30
3416 3415 2 10 52 O 20
3422 3420 2 10 50 O 10
3420 18591 2 4 19 O 30
3419 3417 2 13 67 O 10
3420 3419 2 4 17 M 30
3419 3418 2 4 21 O 10
3422 3421 2 10 50 O 20
12345 29574 2 2 11 O 30
3424 3423 2 19 100 O 10
26352 7731 2 3 16 O 10
3414 3425 2 2 9 O 30
3425 3412 2 2 6 O 10
3414 3413 2 3 15 M 30
21542 25118 2 3 16 O 30
3428 3427 2 6 32 O 30
3429 3430 2 2 10 O 20
3434 3433 2 14 77 O 10
3432 3431 2 12 65 O 10
3436 3435 2 21 116 M 10
3438 3437 2 8 42 O 30
10481 27527 2 3 13 O 20
27527 3438 2 13 71 O 30
3440 3439 2 3 16 O 10
3442 3441 2 6 28 O 20
3443 25234 2 2 7 M 20
18173 3492 2 3 16 M 20
3492 3490 2 3 16 O 20
3490 3488 2 3 16 O 30
3488 18174 2 5 24 O 10
18171 18172 2 8 43 M 10
18169 3487 2 5 23 O 10
3487 3489 2 3 16 M 20
3489 3491 2 3 16 O 20
3491 18170 2 3 16 M 20
18158 18164 1 28 153 O 20
18165 18164 1 21 112 O 10
16322 3445 2 5 28 O 20
22126 3446 2 2 7 O 30
3448 3447 2 2 7 O 30
3450 3449 2 2 7 O 30
3452 3451 2 2 10 O 10
3454 3453 2 4 22 O 10
16038 3455 2 9 45 O 10
16037 25803 2 4 17 O 10
25803 3456 2 5 22 O 30
3458 3457 2 4 19 O 10
16325 3459 2 2 8 O 30
3461 3460 2 3 16 O 10
3463 3462 2 2 9 O 10
3465 3464 2 2 9 O 30
3467 3466 2 2 9 O 10
3469 3468 2 3 15 O 20
16324 3470 2 3 13 M 10
3472 3471 2 4 18 M 30
3474 3473 2 2 6 O 10
23346 3475 2 2 7 O 20
23343 3476 2 4 18 O 10
26318 3477 2 2 8 O 20
16038 3454 2 7 38 O 20
3454 26318 2 8 41 O 10
16036 16038 2 4 22 O 20
26923 3727 1 3 13 O 20
26925 26924 1 2 7 O 20
3480 3478 2 2 11 O 30
3478 26922 2 1 4 O 30
3481 3482 2 17 89 M 30
3482 3480 2 9 47 O 20
3480 3479 2 9 47 O 20
1195 26922 2 8 40 O 20
3483 3482 2 4 18 O 30
26922 3485 2 2 8 O 20
3485 3484 2 7 36 O 10
3478 11722 2 2 8 O 10
18160 3443 2 8 39 O 20
18157 3444 2 3 16 O 30
3444 18158 2 3 12 O 20
18168 18169 2 8 43 M 10
18174 18175 2 8 43 M 10
3488 3487 2 6 32 M 10
3490 3489 2 6 31 M 20
3492 3491 2 6 31 O 20
3444 3493 2 2 7 O 30
25225 18159 1 2 7 O 20
9794 23278 1 2 8 O 30
23279 9793 1 2 7 M 30
25235 18166 1 2 8 M 20
3498 3497 2 8 42 O 10
25234 8616 2 3 14 M 30
8616 3499 2 8 43 O 10
3501 3500 2 10 52 O 30
25231 25232 2 3 12 O 10
3502 25231 2 5 25 O 30
25232 3503 2 13 68 O 30
14912 25231 1 28 153 O 20
23287 22618 2 3 13 O 30
3486 23287 2 8 41 O 20
3688 3504 1 7 38 O 30
6452 21953 2 3 14 O 30
6453 21670 2 8 41 O 30
21953 18923 2 21 116 O 20
21952 21953 2 13 67 O 30
14722 15713 2 7 34 O 30
14720 14722 2 5 24 M 20
3505 3514 2 51 282 O 20
3514 3506 2 4 18 O 20
3507 3508 2 5 26 O 10
3509 3507 2 3 13 O 20
3511 3510 2 3 14 O 10
3506 3513 2 7 36 O 10
3513 9139 2 13 70 O 30
3514 3513 2 11 57 O 30
3516 3518 2 22 118 M 10
3518 3517 1 39 215 O 20
3517 3516 1 19 103 O 20
13952 3515 2 9 46 O 30
3530 13963 2 4 17 M 10
13949 13951 2 6 33 O 10
13951 13950 2 3 16 O 30
10937 10938 2 10 54 O 10
13949 3534 2 1 4 O 10
3534 3519 2 14 77 O 30
3528 3529 2 8 40 O 20
3521 3526 2 7 33 O 20
3526 3520 2 7 34 M 20
3522 3527 2 7 34 O 10
3527 3523 2 7 33 O 10
3528 3524 2 7 33 O 20
3528 3525 2 9 49 O 20
3529 3533 2 10 53 O 20
3533 13951 2 2 10 O 10
3536 3535 2 7 36 O 10
9772 3536 2 4 19 O 20
3536 2641 2 4 21 O 30
2789 30238 2 1 3 O 10
30238 3540 2 1 3 M 10
3540 3539 2 8 41 O 10
13800 13795 2 27 147 O 10
13793 13800 2 21 116 O 10
13802 13801 2 11 58 O 10
3547 3543 2 1 6 O 20
3545 3544 2 8 44 O 20
3543 3545 2 1 2 O 20
3545 3546 2 3 16 O 30
12189 9924 2 70 385 M 30
9924 27724 2 32 178 M 30
16430 16427 2 7 38 M 20
16418 16417 2 3 14 O 30
16417 22811 1 4 19 O 10
3550 3549 2 7 38 O 30
28442 3548 2 9 48 M 20
3552 3551 2 13 67 O 10
3554 3553 2 13 69 O 20
3556 3557 2 29 158 O 10
3558 3559 2 14 74 O 30
29559 3564 1 3 12 O 10
3564 22938 1 6 32 O 30
3564 3563 2 2 9 M 10
3572 3571 2 1 4 O 20
3573 3570 2 1 4 O 20
3574 3565 2 1 4 O 30
3575 3566 2 1 4 O 30
3576 3567 2 1 4 O 20
3577 3568 2 1 4 O 30
3578 3569 2 1 4 O 10
3580 3579 2 2 8 O 30
3582 3581 2 2 8 O 30
3584 3583 2 2 8 O 30
3561 3560 2 2 7 O 10
3607 3589 2 1 3 O 10
3598 3594 2 1 5 O 30
3599 3595 2 1 5 O 20
3600 3596 2 1 5 O 30
3601 3597 2 1 5 O 10
3602 3591 2 1 3 O 30
3603 3592 2 1 4 O 20
3604 3593 2 1 4 O 10
3605 3588 2 1 4 O 10
3606 3587 2 1 4 O 30
3608 3590 2 1 3 O 10
3610 3609 2 12 64 O 20
3611 3610 2 5 26 M 10
3610 3612 2 3 15 O 30
3576 3575 1 2 11 O 30
3575 3574 1 5 24 M 30
3574 18830 1 4 21 O 30
13111 22908 1 14 72 O 30
18831 3622 1 4 20 O 30
3622 13111 1 4 22 O 20
18808 3585 1 2 6 O 10
3585 18829 1 7 37 O 30
3586 3585 2 19 105 O 20
3614 3613 2 1 4 O 20
3618 3615 2 1 3 M 30
3616 3617 2 1 5 O 30
3620 3619 2 1 4 O 20
3622 3621 2 2 6 M 30
3624 3623 2 8 42 O 10
29561 10209 1 6 31 O 20
10209 3625 1 8 43 O 10
3617 3623 1 4 19 M 30
18832 3617 1 6 29 O 20
1099 22908 2 1 4 O 10
13111 29561 1 1 4 O 20
18824 1098 2 1 4 O 20
18824 10205 1 2 6 O 10
10205 22761 1 6 33 O 10
3627 3626 2 2 10 O 10
3628 163 2 1 3 M 10
3629 19251 2 8 39 M 30
8201 3630 2 3 12 O 10
16857 940 2 2 7 M 10
18832 3609 1 3 14 O 30
3609 18830 1 5 26 O 20
13108 3683 1 8 44 M 20
3683 3912 1 1 1 O 10
3912 3679 1 1 2 O 30
3679 3910 1 4 19 O 30
3910 3934 1 2 6 O 10
3934 3677 1 4 19 M 30
3677 3931 1 1 4 O 20
3931 9035 1 5 23 O 20
9035 3871 1 4 20 M 30
3871 3869 1 3 15 O 20
3869 3867 1 3 15 O 10
3867 18835 1 4 18 O 10
13108 3631 2 3 16 O 30
10207 3633 2 5 25 O 10
3635 3634 2 10 52 O 20
3637 3636 2 15 81 O 30
11840 3638 2 13 68 O 10
3641 3640 2 3 15 M 20
3643 3642 2 2 6 O 20
3645 3644 2 2 6 M 30
18834 3646 2 1 5 O 20
3653 3647 2 1 5 O 10
3649 3648 2 6 28 O 10
3651 3650 2 2 6 M 10
3653 3652 2 2 6 O 30
3655 3654 2 2 9 M 20
3657 3656 2 2 7 O 10
3659 3658 2 2 7 O 20
3661 3660 2 2 6 O 10
3663 3662 2 2 6 O 30
3665 3664 2 2 7 O 10
3667 3666 2 2 7 O 20
3669 3668 2 2 6 O 30
3671 3670 2 2 6 O 10
3673 3672 2 2 7 O 20
3675 3674 2 2 7 O 30
3677 3676 2 5 22 O 30
3679 3678 2 2 6 O 20
3683 3681 2 5 27 M 20
3681 3680 2 2 7 O 10
3681 3682 2 7 38 O 10
5035 10558 2 3 13 O 20
10558 5041 2 4 20 O 10
5041 5039 2 6 31 O 30
5039 5040 2 3 15 O 10
5040 5044 2 9 47 O 30
5044 3684 2 5 22 M 30
22761 12977 1 2 8 O 20
22760 12977 2 3 12 O 30
11432 3685 2 4 18 O 30
21623 21622 2 14 76 O 30
3689 23283 1 3 13 O 10
23282 3688 1 2 11 O 10
3504 23283 1 4 17 O 10
1847 1846 2 10 55 O 30
3698 22954 2 10 51 O 30
3694 3693 2 1 4 O 30
3692 3691 2 2 7 O 20
3698 3697 2 3 12 O 30
3699 3628 2 5 23 O 30
3699 3696 2 1 2 O 10
3700 3695 2 1 4 O 30
3701 3690 2 1 4 M 30
3719 3703 2 1 4 O 10
3712 3711 2 2 8 O 30
3713 3710 2 1 4 M 20
3714 3709 2 1 4 O 20
3700 3708 2 1 4 O 10
3715 3707 2 1 4 O 10
3716 3706 2 1 4 O 30
3717 3705 2 1 5 O 30
3718 3704 2 1 5 O 20
3720 3702 2 1 5 O 30
18820 163 2 2 8 O 30
29560 13110 1 1 5 M 30
162 3717 1 17 94 O 30
3717 3718 1 5 24 O 10
3718 3720 1 3 11 O 30
3720 29560 1 4 17 O 20
15804 15803 2 18 96 O 10
3723 3722 2 4 19 O 10
18588 3724 1 31 170 O 20
18656 3725 2 19 102 O 10
30092 11480 2 19 104 O 30
11480 18656 2 3 15 O 30
24078 22318 2 28 152 O 20
10395 10396 2 42 233 O 30
3727 3726 2 3 11 O 10
3726 19219 2 5 27 M 10
3729 9577 2 3 16 O 20
9102 28035 2 3 16 O 20
28035 142 2 2 7 M 30
3730 26340 2 3 11 O 10
12281 3731 2 11 56 O 20
4377 8427 1 9 45 O 20
3734 3733 2 4 18 O 10
3736 3735 2 4 20 O 10
3746 3738 2 30 165 O 20
3746 3734 2 10 55 O 20
3734 3739 2 14 76 O 30
15099 3741 2 5 22 O 10
3741 3736 2 3 15 O 30
3736 3740 2 28 150 O 20
3743 3741 2 35 192 M 20
3749 3743 2 6 31 O 20
3743 3742 2 6 30 M 30
3745 3744 2 2 11 O 30
3747 3740 2 4 21 O 10
3740 3746 2 9 49 O 20
3748 3747 2 1 3 O 30
12978 3756 2 3 14 O 20
3756 3749 2 3 14 O 20
3749 3745 2 3 16 O 20
3745 3748 2 19 103 M 10
27992 3750 2 7 34 O 20
3752 3751 2 8 42 O 10
3753 3755 2 14 74 O 10
3755 3754 2 9 45 O 20
3758 3757 2 2 11 M 20
13415 13417 2 3 12 O 10
13416 13412 2 6 32 O 20
18835 22907 2 1 5 M 10
13413 3759 2 4 18 O 30
3761 3760 2 4 17 O 30
3764 3765 2 3 16 O 30
3765 3763 2 4 20 M 30
3766 3765 2 4 22 O 30
3767 3766 2 3 16 O 30
3766 3768 2 7 39 O 30
3769 6052 2 3 13 O 30
6052 3772 2 3 12 O 30
3771 3770 2 3 13 O 30
3773 3774 2 3 12 M 20
3775 6051 2 3 12 O 20
6051 3776 2 3 12 O 20
3782 3781 1 18 99 O 30
3781 3780 1 2 9 O 20
12715 1964 2 1 4 M 10
1964 3785 1 2 7 O 30
3785 12716 1 2 6 O 30
12729 12731 1 3 14 O 20
12731 3786 1 2 7 O 10
3786 12729 1 2 7 O 20
15981 3783 2 16 84 O 20
13760 15982 2 19 106 O 10
3787 26743 2 11 57 O 20
3497 18116 2 15 79 M 10
22617 3497 2 4 18 O 20
3790 3789 1 14 74 O 10
3792 3791 2 12 63 O 20
16028 16025 2 2 8 O 20
16025 17664 2 1 4 O 30
17664 16026 2 2 10 O 10
16027 17659 2 5 26 O 30
16026 17663 2 5 23 O 10
17663 16027 2 5 25 O 10
3796 16028 2 23 127 M 10
17661 3793 2 4 21 M 20
3795 3794 2 3 14 M 20
17664 17662 2 12 62 O 20
3797 3796 2 8 40 O 30
18002 10753 2 3 12 O 10
10753 16025 2 2 9 O 30
3799 3798 2 3 12 O 20
3801 3800 2 4 19 O 30
3803 3802 2 3 12 O 30
3805 3804 2 4 20 O 30
3807 3806 2 7 34 O 10
21021 3809 2 2 6 O 20
3809 3808 2 2 8 O 20
23612 3809 2 8 43 O 30
23613 3810 2 3 13 O 10
21020 3811 2 6 32 O 30
3813 3812 2 2 9 O 20
23611 3814 2 2 8 M 30
3816 3815 2 4 20 O 10
21019 3817 2 7 34 O 30
3819 3818 2 7 36 O 20
3821 3820 2 2 7 O 30
21018 3822 2 2 8 O 20
3824 3823 2 4 17 M 10
15436 3825 2 5 25 M 20
12338 3826 2 14 75 O 20
3829 3828 2 8 39 O 10
3130 3829 2 12 62 O 30
3828 3827 2 7 39 O 30
3129 3830 2 11 59 O 10
18910 3831 2 8 39 M 30
3128 3832 2 10 51 M 20
3834 3833 2 3 14 O 30
3836 3835 2 7 34 O 10
3838 3837 2 3 16 O 20
3840 3839 2 4 17 M 20
3842 3841 2 4 19 O 30
21024 3843 2 3 16 O 10
3846 3845 2 6 32 O 30
3847 3846 1 2 11 M 30
3846 6319 1 2 8 O 20
6319 3847 1 1 3 O 20
3848 3847 2 2 6 O 30
25489 21942 1 11 60 O 10
3863 3862 2 5 25 O 10
3864 3863 2 3 15 O 10
3865 3864 2 4 17 O 30
2888 3851 2 11 56 M 10
3853 3852 2 12 66 M 20
3855 3854 2 15 80 O 30
3857 3856 2 15 78 O 30
3859 3854 2 17 89 O 10
3854 3856 2 3 12 O 30
3856 3858 2 17 92 O 10
2888 3853 2 3 13 O 10
3853 3859 2 3 13 O 30
3859 3855 2 2 10 M 20
3855 3857 2 3 15 M 10
3857 3858 2 3 15 O 30
3858 3860 2 3 14 O 30
2818 2819 2 2 6 O 20
27631 27626 2 3 15 M 30
27626 27624 2 8 43 O 10
27624 20517 2 6 28 M 10
20518 27633 2 8 41 O 20
27633 27637 2 9 47 M 20
27637 27631 2 9 47 O 10
19016 19017 2 14 76 M 10
19013 19012 2 4 21 O 10
19012 19014 2 4 19 O 10
19015 19014 2 7 36 O 20
14309 19016 2 1 4 O 10
19016 14308 2 3 16 M 10
14308 19013 2 7 36 O 30
14307 19018 2 11 57 O 30
19018 14309 2 6 32 M 10
28998 28997 2 11 59 O 30
29002 28999 2 11 59 O 20
19018 3850 2 1 5 O 20
3867 3866 2 2 9 O 30
3869 3868 2 2 10 O 20
3871 3870 2 3 11 O 10
9035 1087 2 1 6 O 10
3873 3872 2 1 3 O 30
3875 3874 2 1 4 O 10
3877 3876 2 1 5 O 10
3879 3878 2 1 3 O 30
3880 21421 2 1 4 O 10
21421 3881 2 4 17 O 30
11618 3882 2 9 48 O 30
3884 9540 2 3 13 O 30
3883 3884 2 1 2 M 10
6598 3885 1 9 49 M 10
3885 6599 1 7 35 O 20
6599 6598 1 3 14 O 30
3889 3887 2 7 39 O 30
3890 3889 2 4 19 O 20
3889 3888 2 7 34 M 10
3892 3891 2 41 224 O 10
3895 3893 1 23 124 O 30
3896 3895 2 21 114 O 10
3899 3897 1 26 140 O 30
3899 3898 1 17 94 O 10
2895 12682 2 10 54 O 30
3901 3902 2 4 21 O 20
3903 3904 2 4 21 O 10
11100 3886 2 8 40 O 10
3886 19039 2 10 55 O 30
21552 12473 2 5 23 O 10
3905 12857 2 2 8 O 10
12857 13195 2 6 30 O 10
11939 15556 2 5 23 M 30
17106 16750 2 93 512 M 30
16750 16753 2 5 23 O 30
16753 16310 2 8 43 O 30
16310 17419 2 13 69 O 30
22481 808 2 11 58 O 20
808 1754 2 4 18 O 20
15448 1753 1 2 6 M 10
22489 14108 2 1 4 O 10
1754 15448 2 2 9 O 30
15448 22489 2 9 49 O 10
3907 3906 2 8 42 O 10
3632 13108 1 1 5 O 20
160 13106 1 2 10 M 20
13106 161 1 2 10 M 30
3910 3909 2 2 7 O 10
3912 3911 2 2 7 M 30
3914 3913 2 1 5 O 10
3917 3916 2 1 5 O 10
3920 3919 2 1 5 O 10
3922 3921 2 1 5 O 30
3924 3923 2 1 5 O 20
3926 3925 2 1 1 M 20
3879 3927 2 1 3 O 30
3929 3928 2 1 3 O 30
3931 3930 2 2 7 O 20
3677 3933 2 2 7 M 20
3934 3932 2 2 7 M 20
3918 3915 2 1 5 O 10
3937 18882 2 2 6 O 20
18882 16502 2 13 69 O 10
16502 10652 2 3 17 O 20
10652 8103 2 23 127 O 30
8103 18520 2 11 58 O 30
18520 13790 2 6 30 M 30
13790 11423 2 10 53 O 30
3941 3939 2 7 38 O 20
3943 3942 2 1 5 M 30
3945 3944 2 1 4 O 30
3947 3946 2 1 3 M 20
3949 3948 2 1 4 M 20
3951 3950 2 1 4 O 20
3953 3952 2 2 9 O 30
3955 3954 2 2 8 O 20
3957 3956 2 1 5 O 30
3958 3959 2 6 28 M 30
3960 3958 2 2 7 O 20
3962 3961 2 11 61 O 20
18328 3963 2 3 15 O 30
3963 7767 2 7 37 O 10
3963 3964 2 8 42 M 30
21457 3966 2 2 8 O 10
3966 3973 1 1 4 O 10
3973 3970 1 3 15 O 10
3970 3978 1 2 6 M 20
3978 3977 1 3 13 O 10
3977 3966 1 1 4 M 30
3968 3967 2 6 29 O 30
3969 3970 2 14 77 M 10
3971 3969 1 6 31 O 30
3972 3971 1 15 79 O 30
3973 3972 1 12 64 O 10
3976 3975 2 4 20 O 10
5569 3974 2 4 21 O 10
3977 3976 1 3 15 O 30
3976 5569 1 3 15 M 30
5569 3979 1 8 40 O 20
3978 3975 1 4 18 O 20
3975 3974 1 3 15 M 30
3974 3979 1 5 23 O 10
3979 3968 1 37 203 O 10
3968 1084 1 10 51 O 10
18651 17765 2 2 11 O 30
12945 2684 1 16 87 M 30
24659 25087 1 4 17 O 30
13830 3984 2 18 99 O 10
3985 3986 2 10 54 O 30
3988 3987 2 2 8 O 10
3990 3989 2 5 24 O 30
20803 3992 1 2 10 O 10
3991 20798 1 2 8 M 10
3993 20808 2 5 27 M 10
20814 20799 1 8 44 O 30
20799 20798 1 3 16 M 10
20798 4824 1 5 28 O 10
4824 4797 1 1 5 O 30
4797 4795 1 5 23 M 20
4795 20803 1 1 4 O 20
20803 4793 1 6 28 M 30
4793 4791 1 4 22 O 30
4791 4789 1 1 4 M 20
4789 4780 1 1 1 O 20
4780 160 1 5 24 M 10
3998 3997 2 15 81 O 10
14895 3999 2 9 45 M 30
14896 13425 2 7 33 M 20
13425 3994 2 6 32 O 30
14895 3995 2 3 13 O 30
13426 3996 2 3 16 O 30
22818 8413 1 3 12 O 10
4006 4007 2 28 151 O 20
4012 4011 2 2 8 M 30
4013 4008 2 2 8 O 20
4014 4009 2 2 8 O 20
4015 4010 2 2 8 O 10
20807 20814 1 14 74 M 10
9237 9236 2 13 71 M 30
4018 4019 2 19 101 O 10
4022 23097 2 6 32 O 10
13939 4023 2 3 16 O 20
4023 13940 2 1 5 O 20
13940 4024 2 2 6 M 10
4029 3908 2 2 9 O 30
4031 4030 2 1 5 O 20
4028 4027 2 2 9 O 10
3943 4032 2 1 5 O 10
4034 4033 2 1 4 O 30
4036 4035 2 3 13 O 30
25448 20490 2 2 11 O 30
4043 10558 2 5 23 M 20
4041 4040 2 3 12 O 10
4043 4042 2 2 8 O 20
4045 4044 2 4 19 O 30
4052 4053 1 2 6 O 10
4054 4045 2 14 75 O 10
4045 4046 2 1 3 M 10
4048 4047 2 4 20 O 10
4053 4048 2 4 17 O 30
4048 4049 2 3 16 O 30
4050 4052 1 9 45 O 10
4051 4050 1 4 22 O 30
4054 22758 1 12 61 O 10
4053 4054 2 2 8 M 30
4054 4055 2 2 10 O 10
12980 20489 2 2 9 O 20
20488 11432 2 2 7 O 20
4062 4056 2 11 57 O 20
4061 4058 2 3 14 O 20
4058 4060 2 28 151 O 30
4058 4057 2 4 20 O 10
4061 4059 2 4 21 O 10
4365 4051 2 3 15 O 10
4051 4062 2 4 17 O 20
4062 4061 2 5 23 O 30
4039 4038 2 7 36 O 30
25450 4039 2 2 9 O 10
4039 4037 2 38 206 O 10
22856 2783 2 5 25 O 10
1053 17015 1 2 8 O 10
17017 22855 1 2 7 O 30
4064 4063 2 4 20 O 30
4066 4065 2 16 86 O 20
4068 4067 2 3 14 O 30
4070 4069 2 8 40 O 10
4072 4071 2 9 50 O 10
4074 4073 2 2 10 O 20
11092 4075 2 4 19 O 10
4079 4078 2 7 35 O 20
4081 4080 2 5 27 O 20
4082 27735 2 4 19 O 30
4084 4083 2 5 27 O 20
8494 2087 1 6 30 M 30
2087 11554 1 7 36 O 10
11554 12632 1 8 44 O 10
12632 12635 1 2 7 O 10
12635 12634 1 6 29 M 20
12634 18799 1 8 42 O 10
18799 4104 1 2 6 O 30
4104 11555 1 5 24 O 30
8407 4110 1 11 60 O 20
4110 7605 1 6 29 O 20
7605 4108 1 3 14 O 30
4108 4106 1 4 19 O 20
4106 11557 1 6 32 O 20
11557 2086 1 7 38 O 10
2086 8493 1 5 25 O 30
4085 4086 2 8 43 O 20
4087 4088 2 2 11 O 30
4089 4090 2 6 32 O 10
4091 4092 2 3 12 O 30
4093 4094 2 3 13 O 10
4095 4096 2 3 15 O 10
4097 4098 2 4 18 O 20
4099 4100 2 4 19 O 30
4101 4102 2 2 10 O 10
4104 4103 2 4 20 O 10
4112 4113 2 4 17 O 10
4114 4115 2 4 21 M 20
4116 4117 2 4 21 O 10
4118 4119 2 3 14 M 20
4120 4121 2 2 6 O 10
4122 4123 2 4 20 O 20
4124 4125 2 4 18 O 20
4126 4127 2 4 19 O 10
4128 4129 2 4 21 O 20
4130 4131 2 3 14 O 10
4118 4132 2 3 15 M 30
13916 4133 2 2 11 O 20
4106 4107 2 4 19 O 20
4108 4109 2 2 10 O 20
4110 4111 2 4 19 O 30
18881 14990 2 20 111 O 10
4138 4137 2 2 9 O 30
4140 4139 2 1 5 O 10
4142 4141 2 1 5 O 30
4144 4143 2 1 5 M 20
4146 4145 2 10 53 O 20
4148 4147 2 7 37 O 20
4150 4149 2 10 55 M 10
18461 4151 2 3 14 O 20
18459 18458 2 4 20 O 10
18458 18460 2 11 56 M 10
4152 4154 2 3 11 O 30
4154 22953 2 2 6 O 20
4154 4153 2 3 16 O 20
4156 4155 2 4 18 M 20
18455 18456 2 4 18 O 20
20810 18459 2 12 65 M 20
28466 4157 1 4 20 O 20
28477 28466 1 4 20 O 10
28475 4161 1 5 24 O 10
4161 4160 1 5 23 O 30
4158 8757 2 15 79 O 20
4158 4162 1 4 21 O 10
28476 28543 1 4 22 O 30
28543 4159 1 4 20 M 20
16627 12189 2 15 82 O 30
12227 8907 2 3 14 O 30
8182 19217 2 9 46 O 10
12032 4163 2 4 20 O 20
4165 4164 2 2 11 O 10
4167 4166 2 3 12 M 10
4169 4168 2 5 23 O 20
23893 4170 2 2 9 O 10
4204 4171 2 4 17 O 10
16873 4172 2 8 42 O 30
4174 4173 2 10 54 O 10
4175 23892 2 8 40 O 20
4176 25697 2 7 34 O 10
4178 4177 2 2 11 O 10
4205 4179 2 3 12 O 30
4181 4180 2 1 5 O 20
25696 4182 2 2 7 O 20
4184 4183 2 5 23 O 20
4210 4185 2 5 23 O 10
4203 4186 2 2 8 O 10
4188 4187 2 3 16 O 10
4190 4191 2 2 7 O 20
4190 4189 2 2 10 O 30
4202 4190 2 1 5 O 20
4193 4192 2 1 4 O 30
4195 4194 2 3 14 M 10
4197 4196 2 1 5 M 30
1593 4198 2 3 12 O 30
4201 4199 2 2 10 O 20
4200 25692 2 2 9 O 30
25692 4201 2 9 45 O 30
4201 30173 2 2 8 O 30
1592 4202 2 11 60 O 10
25698 4206 2 3 15 O 30
23891 4206 2 2 10 O 20
4208 1589 2 2 8 M 30
1589 1590 2 6 28 M 10
25694 25695 2 4 18 M 20
30171 4212 2 1 4 O 10
4211 8807 2 8 42 O 10
14680 4211 2 7 35 O 10
26595 4217 2 7 35 M 20
4217 5790 2 7 35 O 10
5790 27576 2 2 9 M 20
27576 4215 2 8 41 O 20
4215 5788 2 27 145 O 10
4218 4219 2 4 19 M 20
4219 5791 2 9 45 O 20
5791 5792 2 6 31 M 20
5792 4219 2 4 19 O 30
4216 4219 2 4 17 O 20
27573 27572 2 11 61 O 30
15554 12873 2 5 27 M 20
12873 1489 2 24 130 O 30
1489 4230 2 4 18 O 20
4230 4228 2 4 22 O 20
4228 4226 2 4 20 O 20
4226 4224 2 4 21 M 10
4224 4221 2 17 94 O 30
4224 4223 2 2 9 M 30
4226 4225 2 2 9 O 20
4228 4227 2 2 9 M 20
4230 4229 2 2 9 M 30
16604 25920 2 16 87 O 30
25920 12539 2 5 26 M 10
12539 25921 2 8 43 O 20
25921 18037 2 8 44 O 30
18037 10104 2 19 100 O 30
4232 4233 2 4 22 O 30
4232 4231 2 16 84 O 10
18037 4232 2 8 41 O 30
10632 4235 2 13 68 O 20
4235 7335 2 4 19 O 30
7335 7333 2 7 33 O 30
7333 4234 2 10 54 O 20
10632 2686 2 4 18 O 10
2686 4236 2 6 31 O 30
22541 12540 2 5 24 O 20
10104 4239 2 6 31 O 30
13408 4254 2 3 12 O 10
4256 4257 2 3 15 O 30
4258 4260 2 4 17 O 30
4260 4259 2 6 29 O 20
4260 4261 2 3 13 O 30
4262 4263 2 4 21 M 30
4265 4266 2 5 24 O 10
4266 4264 2 4 20 O 30
4266 4267 2 7 34 M 20
4268 4269 2 6 30 O 30
4270 4271 2 4 21 O 30
22940 4273 2 6 33 M 20
4274 4275 2 4 17 M 20
4276 4277 2 15 80 O 10
4278 4279 2 6 28 O 10
4280 4281 2 4 18 O 30
4282 4283 2 11 58 O 30
4284 4285 2 5 25 O 20
4286 4287 2 6 32 O 30
4288 4289 2 6 29 O 20
4290 4291 2 3 15 M 10
4292 4293 2 7 37 O 20
14357 4294 2 4 22 O 10
14357 4295 2 2 11 O 10
4296 4297 2 5 27 M 30
4298 4299 2 5 25 O 20
4300 4301 2 5 25 O 20
4369 4368 2 3 12 O 10
4370 4369 2 2 8 O 20
613 4382 2 6 33 O 20
4380 4381 2 4 19 O 10
18415 18416 2 8 44 O 20
13029 4392 2 6 32 M 20
27318 27321 2 2 7 O 30
26107 27320 2 6 30 O 30
27320 27318 2 3 12 O 30
4398 4397 2 5 26 M 10
14242 11393 2 20 111 M 20
18257 25423 1 17 89 O 30
4400 4399 2 12 66 M 10
4402 4401 2 12 64 O 20
4404 4402 2 5 23 O 20
4402 4400 2 7 34 O 10
4400 4403 2 5 25 O 10
4406 4401 2 5 24 M 30
4401 4399 2 7 37 O 30
4399 4405 2 5 25 O 30
4410 4448 1 1 2 M 30
4448 4445 1 2 6 O 20
4445 4440 1 4 21 O 10
4440 4442 1 1 5 O 30
4442 4403 1 2 7 O 20
4403 4438 1 2 9 O 30
4438 1096 1 4 18 O 20
1096 18854 1 2 6 O 20
18854 1095 1 1 5 O 20
1090 4428 1 4 17 O 20
4428 4435 1 2 8 O 30
4435 4521 1 2 6 O 20
4521 4436 1 1 3 O 30
4436 4523 1 4 21 O 10
4523 4525 1 1 5 O 20
4525 4437 1 4 18 O 20
4437 4531 1 1 4 O 20
4531 4529 1 1 5 O 10
4529 1097 1 5 27 O 30
1094 18847 1 2 6 O 10
18847 1090 1 2 6 M 10
1093 18847 1 1 6 O 10
18847 1092 1 1 6 M 20
2081 8419 1 5 24 O 20
4438 4427 2 1 5 O 10
4426 4441 2 1 2 M 10
4444 4425 2 1 3 O 10
4444 4443 2 1 3 M 10
2083 26462 2 3 12 O 10
26457 4421 2 3 12 O 20
4423 4422 2 1 5 O 30
4446 4424 2 1 5 M 20
4428 4416 2 2 6 M 10
4429 4420 2 2 11 O 30
4430 4411 2 2 7 M 30
4431 4412 2 2 7 M 30
4432 4413 2 2 7 O 20
4433 4414 2 2 6 O 10
4434 4415 2 2 6 M 20
4435 4417 2 2 6 O 20
4436 4418 2 2 6 O 30
4437 4419 2 2 6 O 30
4440 4439 2 2 6 O 20
4442 4426 2 1 5 O 10
4445 4444 2 6 33 O 20
4448 4447 2 1 5 O 30
4450 4449 2 3 16 O 20
4453 4452 2 3 12 O 30
4455 4454 2 3 12 M 30
4457 4456 2 7 38 O 10
2584 2579 2 14 75 O 10
4468 4466 2 2 6 O 20
4469 4467 2 1 5 O 10
4461 4460 2 2 7 O 10
4459 4458 2 2 6 M 10
4463 4462 2 2 7 M 30
4470 4465 2 1 5 O 30
4471 4464 2 3 11 O 20
18849 4463 1 1 3 O 30
4463 1101 1 1 2 O 10
4473 4472 2 11 60 M 10
4474 4473 2 4 18 O 30
4475 4473 2 7 34 O 20
18866 4476 2 6 33 O 10
4478 4477 2 5 26 O 10
4480 4479 2 4 21 O 20
4482 4481 2 4 21 O 20
4484 4483 2 6 30 O 20
4486 4483 2 12 64 O 20
4483 4485 2 7 37 O 30
4490 1622 2 6 33 O 10
1622 4487 2 5 23 O 20
1622 4488 1 3 13 O 30
4488 5983 1 2 6 O 10
1624 4489 1 2 8 M 30
4489 1614 1 1 3 O 20
1624 1621 2 7 38 M 20
1621 1626 2 3 14 O 10
1626 4491 2 5 26 M 30
4494 4493 2 9 47 O 20
9144 9147 2 13 69 M 20
27727 9144 2 3 12 O 10
26550 13428 2 3 16 O 10
13428 18427 2 7 34 O 20
4496 4495 2 7 35 O 10
4497 4496 2 3 16 O 10
4496 13428 2 6 33 O 20
4499 4498 2 7 38 O 20
4501 4500 2 2 6 O 30
4503 4502 2 1 4 O 10
4505 4504 2 2 8 M 20
4507 4506 2 2 8 O 20
4509 4508 2 1 4 O 10
4511 4510 2 1 4 O 10
4513 4512 2 1 4 O 30
4515 4514 2 1 4 O 10
4517 4516 2 1 4 O 30
4519 4518 2 2 6 O 10
4521 4520 2 2 6 O 30
4523 4522 2 2 6 O 20
4525 4524 2 2 6 M 30
4528 4527 2 1 5 O 20
4529 4526 2 2 6 O 30
1091 18848 1 1 5 O 30
4531 4530 2 2 11 O 20
22814 4549 1 5 25 O 30
4549 4547 1 2 11 O 20
4547 4545 1 4 18 O 30
4545 4543 1 1 5 O 20
4543 4541 1 4 22 O 30
4541 18848 1 3 16 M 10
28984 28983 2 5 26 O 10
4559 4558 2 1 4 O 20
4557 4556 2 1 5 O 20
4535 4534 2 2 6 O 20
4567 4568 2 2 6 M 30
4569 4566 2 1 5 M 30
4533 4532 2 2 6 O 30
4537 4536 2 2 6 O 30
4539 4538 2 2 6 O 30
4541 4540 2 2 6 O 20
4543 4542 2 2 7 O 20
4545 4544 2 2 7 O 30
4547 4546 2 2 7 M 30
4549 4548 2 2 7 O 30
4551 4550 2 2 9 O 20
4553 4552 2 1 5 M 20
4555 4554 2 1 5 M 30
4561 4560 2 1 5 O 30
4563 4562 2 1 4 O 30
4565 4564 2 2 8 O 20
28708 4551 2 7 38 O 10
18849 1102 2 1 5 O 20
18851 2510 1 3 12 O 20
2510 4563 1 2 6 M 10
4571 4570 2 2 9 O 10
4585 4572 2 2 6 O 10
4586 4588 2 1 4 O 30
4576 4575 2 1 4 O 30
4579 4577 2 1 4 O 30
4580 4578 2 1 4 O 20
5518 4585 2 5 24 O 20
4585 5516 2 1 3 M 20
4582 4581 2 6 30 O 20
4584 4583 2 7 36 M 20
5517 4587 2 1 4 O 10
4587 4584 2 6 30 M 20
4584 4582 2 5 27 O 30
4582 4586 2 5 23 O 10
4586 5516 2 1 3 M 20
4573 4589 2 1 4 O 10
4574 4590 2 1 4 O 30
11033 11034 2 12 61 O 10
9266 818 2 1 2 O 20
4591 25706 2 1 1 O 30
4592 2597 2 9 49 O 30
29217 4598 2 9 45 M 30
28052 29216 2 2 10 O 30
29218 4600 2 1 4 O 30
4600 4599 2 10 52 O 30
4593 4597 2 4 20 O 20
4596 4595 2 5 25 O 30
4596 4594 2 3 14 M 10
4597 4596 2 16 89 O 30
4619 4645 1 1 4 O 10
4645 4643 1 2 10 O 30
4643 4647 1 3 15 O 10
4647 4649 1 2 7 O 10
4649 4651 1 5 27 M 20
4651 9100 1 2 10 O 10
20139 1088 2 2 6 O 30
9100 4658 1 7 37 O 10
4658 4660 1 2 9 O 20
4660 4662 1 4 19 O 10
4662 4664 1 4 20 O 20
4664 4666 1 1 4 O 20
4666 4668 1 4 18 O 30
4668 9097 1 5 23 M 20
9097 4678 1 6 33 O 20
4678 4618 1 3 14 O 10
4601 26298 2 5 24 O 30
4602 17342 2 3 13 O 20
17342 29760 2 1 5 O 30
4603 22728 2 5 27 O 10
4608 4605 2 5 23 O 20
4451 4606 2 6 31 O 20
17076 4607 2 4 18 M 20
9677 4604 2 12 62 M 20
4609 9680 2 16 86 M 30
4610 12060 1 36 197 O 20
4645 4644 2 2 6 O 20
4687 4617 2 2 6 O 10
4690 4691 2 11 57 O 30
4693 4694 2 4 17 O 30
4621 4620 2 6 32 O 10
4622 4621 2 3 11 O 30
4624 4623 2 11 59 O 20
4626 4625 2 1 4 O 10
4627 4628 2 6 29 O 20
4629 4623 2 2 9 O 10
4623 4622 2 7 35 O 10
4622 4624 2 5 25 O 30
4624 4626 2 1 5 O 10
4626 4627 2 1 2 O 30
4631 4630 2 2 6 O 10
4633 4632 2 2 6 O 30
4635 4634 2 2 6 O 20
4637 4636 2 2 8 O 10
4639 4638 2 2 6 O 20
4641 4640 2 2 6 O 30
4643 4642 2 2 6 O 30
4647 4646 2 2 6 O 30
4649 4648 2 2 6 O 20
4651 4650 2 2 6 M 10
4652 4613 2 1 2 O 30
4654 4612 2 1 2 O 20
4655 4654 2 3 15 O 20
4654 4652 2 3 15 O 20
4652 4653 2 1 2 O 10
4656 4611 2 1 4 O 20
4658 4657 2 2 6 O 10
4660 4659 2 2 7 O 10
4662 4661 2 2 7 O 20
4664 4663 2 2 7 O 30
4666 4665 2 2 7 O 10
4668 4667 2 2 7 O 20
4669 4616 2 1 2 M 20
4670 4615 2 1 2 O 30
4672 4671 2 1 2 O 30
4674 4673 2 2 7 O 20
9098 4614 2 1 4 O 10
4676 4675 2 1 4 O 20
4678 4677 2 2 7 M 20
4680 4679 2 2 7 O 20
4682 4681 2 6 31 O 30
4684 4683 2 3 14 M 30
4686 4685 2 2 6 O 30
4689 4688 2 2 6 O 10
4692 4690 2 2 6 O 30
4695 4693 2 2 6 O 20
4697 4696 2 2 7 O 20
4699 4698 2 2 7 M 10
4618 4680 1 2 9 O 20
4680 22818 1 3 12 O 20
20806 4641 1 3 12 O 30
4641 4639 1 3 14 O 30
4639 4619 1 1 4 M 10
4701 4700 2 20 106 O 30
4703 4702 2 4 17 O 20
4705 4704 2 7 36 O 20
8758 4706 2 10 51 M 30
4708 4707 2 9 47 O 20
4711 4709 2 4 22 O 20
4712 4711 2 3 12 O 30
4711 4710 2 11 59 O 20
21518 4713 2 4 20 O 10
17990 4714 2 7 37 O 10
17989 4715 2 6 30 M 10
4716 9471 1 4 20 O 30
8500 11089 2 3 16 M 30
15287 23472 2 10 53 O 20
23472 15133 2 1 5 O 30
15133 15278 2 10 54 O 20
26672 11485 2 8 42 M 30
16659 26672 2 26 143 O 30
12682 23206 2 4 21 O 10
4718 23205 2 6 31 O 10
29967 29966 2 2 8 M 30
29288 11485 1 9 50 O 30
9017 29967 1 4 20 M 10
15394 15395 2 3 12 O 30
20578 10861 2 8 43 O 30
10861 4719 2 6 30 M 10
23033 27002 2 4 20 O 30
27002 20578 2 17 89 M 20
10383 15393 2 10 54 O 10
4723 18720 2 5 24 O 20
18721 4724 2 6 32 O 10
4724 4723 2 4 21 M 20
4725 4724 2 3 12 O 10
6576 4726 2 15 81 O 30
4726 4728 2 6 28 M 10
4728 28866 2 22 122 O 10
4726 4727 2 12 66 O 30
4727 4728 2 7 38 O 10
17473 22887 2 3 13 O 10
28544 4729 2 5 24 O 10
15382 15389 2 12 63 M 20
4732 4731 2 4 18 O 30
4734 4733 2 4 17 O 30
4736 4735 2 3 15 O 30
4017 4737 2 7 35 O 10
20800 159 1 2 8 M 10
158 20801 2 2 8 O 30
4749 4748 2 2 6 O 10
4750 4751 2 1 3 O 20
4142 4768 2 2 6 O 10
4717 4741 2 1 5 O 30
4743 4742 2 1 5 M 30
4745 4744 2 2 9 M 30
4748 4746 2 1 3 O 30
4748 4747 2 1 3 O 30
4752 4750 2 2 9 M 30
4754 4753 2 2 9 M 20
4756 4755 2 2 9 O 10
4758 4757 2 2 9 O 10
4759 4740 2 2 9 M 20
4761 4760 2 2 9 O 20
4763 4762 2 2 9 O 10
4765 4764 2 2 9 O 30
4767 4766 2 2 9 O 30
4770 4769 2 1 5 O 20
4772 4771 2 1 5 O 20
4774 4773 2 1 5 M 30
4777 4776 2 1 5 M 30
4778 4775 2 1 5 O 30
4738 20813 1 1 4 M 20
20813 4801 1 2 7 O 20
4801 4799 1 2 7 O 30
4799 20808 1 9 49 O 10
20809 4150 2 6 29 O 20
4150 20812 2 4 21 O 20
20812 4144 2 1 3 O 20
4144 4739 2 1 2 O 10
20810 20809 2 14 74 M 30
4780 4779 2 11 59 O 10
4793 4792 2 2 6 M 30
4803 4802 2 1 4 O 10
4795 4794 2 2 7 O 20
4016 4782 2 1 4 O 10
4784 4783 2 1 4 O 30
3767 4785 2 2 9 O 10
4787 4786 2 2 9 O 10
4789 4788 2 2 6 O 20
4791 4790 2 2 6 O 10
4797 4796 2 2 7 M 20
4799 4798 2 2 9 O 10
4801 4800 2 1 4 O 30
4805 4804 2 1 4 O 20
4781 4036 2 9 46 M 20
4036 3960 2 5 23 O 10
13106 4781 2 3 16 O 20
4255 4806 2 4 18 O 10
1089 4822 1 6 30 O 10
4822 4821 1 3 14 O 20
4821 4818 1 1 5 O 20
4818 4836 1 1 1 M 20
4836 4838 1 3 13 M 20
4838 4816 1 1 5 O 30
4816 4814 1 4 21 O 30
4814 4812 1 3 14 O 20
4812 4840 1 1 1 M 30
4840 4842 1 2 6 O 10
4842 4844 1 3 15 O 30
4844 4810 1 2 8 O 20
4810 4808 1 2 9 O 20
4808 4846 1 2 6 M 10
4846 3991 1 6 31 O 30
4808 4807 2 2 8 M 30
4810 4809 2 2 8 O 30
4812 4811 2 2 8 O 20
4814 4813 2 2 8 M 20
4816 4815 2 2 8 M 30
4818 4817 2 2 8 O 10
4821 4820 2 2 8 M 10
4822 4819 2 2 8 O 30
4832 4831 2 1 4 O 10
4824 4823 2 2 11 O 20
4826 4825 2 1 4 O 10
4828 4827 2 1 4 O 10
4830 4829 2 1 4 O 30
4834 4833 2 1 4 O 20
4836 4835 2 1 5 O 10
4838 4837 2 1 5 M 20
4840 4839 2 1 5 O 20
4842 4841 2 1 5 M 20
4844 4843 2 1 4 O 10
4846 4845 2 1 4 O 20
20805 4834 1 4 17 O 10
4834 1040 1 2 11 O 10
1040 20802 1 2 6 M 10
20805 4847 2 1 3 O 30
4853 4852 2 2 6 O 20
4877 4876 2 1 5 O 30
4869 4868 2 1 5 O 30
4849 4848 2 2 7 O 20
4851 4850 2 2 6 O 30
4855 4854 2 2 6 O 30
4857 4856 2 2 6 O 30
4859 4858 2 2 6 O 20
4861 4860 2 2 6 M 20
4863 4862 2 2 6 O 20
4865 4864 2 2 6 O 20
4867 4866 2 1 5 O 10
4871 4870 2 1 5 O 20
4873 4872 2 1 5 O 10
4875 4874 2 1 5 O 30
4879 4878 2 1 4 O 30
4881 4880 2 1 4 O 30
4883 4882 2 1 4 O 30
4886 4885 2 1 4 O 10
4887 4884 2 2 6 O 30
20487 4888 2 2 6 O 30
4890 4889 2 2 6 O 10
4892 4891 2 2 6 O 10
4894 4893 2 2 6 O 20
1042 5003 2 2 10 O 30
5003 5005 2 1 5 O 10
5005 5001 2 2 11 O 20
5001 4999 2 1 4 M 30
4999 29224 2 6 29 O 30
1041 4964 2 7 38 O 10
4964 4962 2 8 41 O 30
4962 21624 2 8 40 O 20
1043 29219 1 2 6 O 10
29219 1041 1 2 10 O 20
21622 4900 2 5 27 O 30
4901 4902 2 2 6 O 10
4904 4903 2 3 14 O 20
4906 4905 2 6 32 O 20
4909 4908 2 11 60 O 10
4908 4907 2 2 8 O 30
4911 4910 2 5 25 M 30
4913 4912 2 4 19 O 10
4915 4914 2 7 39 O 20
28053 4916 2 7 37 O 30
29223 4895 2 1 2 O 30
4895 4994 2 6 30 O 30
4994 21626 2 4 21 M 10
4918 4917 2 3 14 O 30
4920 4919 2 3 12 O 30
4922 4921 2 4 21 O 10
29221 4923 2 6 31 O 10
4925 4924 2 9 50 O 10
29218 4926 2 9 47 O 20
4896 4897 2 2 10 O 10
4899 4896 2 3 11 O 30
4897 4898 2 5 24 O 20
4948 4935 2 1 5 O 30
4928 4941 2 3 14 O 10
4939 4927 2 1 5 O 30
4940 4931 2 1 4 O 10
4942 4928 2 1 5 O 10
4943 4929 2 1 5 O 20
4944 4930 2 1 5 O 10
4945 4936 2 1 5 O 30
4946 4938 2 1 5 O 30
4947 4937 2 1 5 O 20
4949 4934 2 1 5 O 30
4950 4933 2 1 5 O 30
4951 4932 2 1 5 O 10
29222 4952 2 3 11 O 10
4954 4953 2 9 48 O 30
4955 21626 2 28 153 O 10
4956 4955 2 28 156 M 20
4957 20428 2 13 68 O 30
29224 4911 1 8 44 O 10
4911 4958 1 4 21 O 10
29224 4904 1 9 47 O 10
4904 4998 1 11 57 O 10
4998 29223 1 5 23 M 20
4954 4899 2 7 37 O 30
4899 4956 2 6 32 O 30
4956 21623 2 6 30 O 30
4974 4959 2 2 9 O 30
4960 4974 2 2 6 O 30
4964 4963 2 1 6 O 20
4962 4961 2 1 5 O 20
4965 4979 2 1 5 O 20
4966 4978 2 1 5 M 10
4967 4977 2 2 6 O 30
4968 4976 2 2 6 O 20
4969 4975 2 2 6 O 10
4971 4970 2 2 6 M 30
4972 4973 2 2 6 O 30
4981 4980 2 3 13 M 30
4983 4982 2 3 14 O 30
4985 4984 2 5 23 M 30
4987 4986 2 2 9 O 10
4989 4988 2 2 7 O 30
4999 4990 2 2 10 O 20
5001 5000 2 2 10 O 30
5003 5002 2 2 10 O 20
5005 5004 2 2 10 O 30
5007 5006 2 2 9 O 20
5009 5008 2 2 9 M 10
5011 5010 2 8 41 O 10
5013 5012 2 3 14 O 10
5015 5014 2 6 31 O 20
5017 5016 2 4 20 O 10
5019 5018 2 5 25 O 20
5021 5020 2 8 44 O 20
4997 4996 2 22 119 O 20
4997 4995 2 7 34 O 30
4998 4997 2 5 25 O 30
4994 4991 2 5 26 O 20
4991 4993 1 8 40 O 20
4993 4992 1 6 32 O 10
4992 4991 1 2 9 M 30
8622 8412 1 9 46 O 30
3426 15027 2 6 33 O 20
5030 5031 2 14 73 O 10
5037 5036 2 6 31 M 10
5044 5043 2 14 73 O 10
5038 5037 2 12 62 O 10
5037 5039 2 2 11 O 20
5040 5042 2 13 71 O 20
5043 5042 2 9 47 O 10
5042 5038 2 4 19 O 30
5038 5036 2 17 91 O 10
5036 5041 2 2 11 M 10
5048 5047 2 3 15 O 30
5050 5049 2 6 30 O 20
5052 5051 2 5 23 O 30
5054 5053 2 9 44 O 20
19306 5055 2 6 29 O 30
5055 5057 2 2 7 M 20
5056 5046 2 13 69 O 10
17448 5022 2 1 5 O 30
19305 5052 2 12 62 M 10
5052 5050 2 2 10 O 30
5050 5048 2 6 31 O 30
5048 17448 2 2 9 O 10
20837 20838 2 18 95 O 10
5058 10407 2 2 7 O 10
10406 5059 2 19 105 O 30
11037 11036 2 3 17 O 30
5061 5060 2 20 108 O 30
5063 5062 2 18 97 M 20
5065 5064 2 2 9 O 20
5067 5066 2 2 9 O 30
5069 5068 2 2 9 O 30
27007 14939 2 9 46 O 20
23885 19303 2 4 18 M 30
19303 21140 2 3 14 O 10
12549 23885 2 11 61 O 20
5073 14937 2 10 54 O 10
23376 5074 2 7 37 O 30
16044 28164 2 4 19 M 10
28164 28162 2 6 28 O 30
28162 28159 2 4 21 O 20
28159 28158 2 4 17 O 20
28158 28165 2 5 25 O 10
28165 28155 2 1 3 O 20
28155 28151 2 5 25 O 10
28151 16007 2 3 16 O 30
21016 21199 2 3 15 O 10
21199 10064 2 4 22 M 30
27015 10057 2 4 18 O 20
10026 10056 2 4 22 O 20
5077 10059 2 3 15 O 30
10058 10057 1 4 18 O 20
10057 5078 1 2 7 O 20
5078 10058 1 2 6 O 10
10059 10058 2 3 17 O 30
5080 5081 2 3 15 O 10
5082 5080 2 2 9 O 20
17761 5079 2 5 23 O 30
10041 10385 2 12 63 O 10
10385 15392 2 6 32 O 20
5083 5084 2 4 18 O 20
17465 5083 2 8 44 O 30
12551 21116 2 13 68 O 20
21116 21130 2 16 89 O 20
21130 21115 2 16 84 M 20
5084 12551 2 8 40 M 30
15393 10069 2 7 37 M 30
5086 5085 2 9 45 O 30
5088 5087 2 7 38 M 10
13051 13035 2 24 132 O 30
1322 1323 2 6 29 M 30
1323 13035 2 2 9 O 20
10331 10330 2 8 41 M 20
10330 2453 2 4 17 M 30
2453 1327 2 7 37 O 20
1327 1328 2 4 19 M 10
1328 1329 2 4 19 O 20
14581 14156 2 27 149 O 20
14156 646 2 28 153 O 30
646 1312 2 24 131 O 10
12067 20778 2 9 50 O 10
12068 12067 2 7 38 O 20
20781 5696 2 23 126 M 10
5696 5631 2 7 36 O 30
5631 12064 2 9 45 M 30
12064 12065 2 5 23 O 30
12065 20782 2 9 45 M 10
9949 13403 2 4 22 O 30
14236 6315 2 5 24 M 20
6315 8889 2 15 80 O 10
22601 20351 2 32 176 O 10
11927 13430 2 69 378 O 20
13430 19643 2 64 355 O 10
19643 13432 2 12 66 O 10
13432 13431 2 53 290 O 20
13431 11928 2 12 63 M 30
11928 22467 2 55 304 M 30
11929 13435 2 25 137 O 10
13435 11930 2 15 82 O 30
22987 29128 2 15 80 M 20
21132 21366 2 3 15 O 10
10065 21016 2 3 14 O 20
5091 10113 2 8 40 O 30
10112 5091 2 18 97 M 20
10736 10037 2 6 31 O 30
10109 5092 2 4 19 M 20
10066 10023 2 12 65 M 10
10023 10114 2 12 66 O 20
5093 9995 2 2 6 M 10
9995 9996 2 4 17 O 20
9996 9998 2 4 17 O 10
9998 21015 2 4 17 M 20
21015 18410 2 3 14 O 30
27014 27020 2 9 49 O 30
10064 27836 2 10 55 O 30
27836 27014 2 2 9 M 20
21147 21367 2 11 56 M 30
21368 21147 2 4 17 O 20
20338 21368 2 8 41 M 20
18410 20338 2 3 14 O 20
5095 5094 2 3 14 O 10
5097 5098 2 15 79 M 30
5099 5100 2 18 97 O 30
5101 5102 2 19 100 O 10
5107 5105 2 5 24 O 10
5105 5103 2 10 54 O 20
5104 5105 2 13 72 O 30
5104 5106 2 7 38 O 30
5108 5109 2 5 23 M 10
5110 5111 2 10 52 O 20
5111 5119 2 7 38 O 20
5119 5112 2 5 23 O 10
5113 5116 2 5 24 O 30
5116 5114 2 4 20 O 20
5115 5116 2 5 24 O 20
5111 5117 2 4 22 O 10
5118 5119 2 17 94 O 20
5118 5106 2 29 157 O 30
12466 5120 2 16 85 M 10
5121 5122 2 4 19 O 10
19268 5129 2 3 12 M 10
5129 5127 2 3 15 O 20
5127 5125 2 2 8 O 10
5125 5123 2 2 9 M 20
5125 5126 2 3 11 O 30
5127 5128 2 6 29 O 20
5129 5130 2 6 29 O 10
5123 5131 2 5 27 O 20
5132 5133 2 4 18 O 30
5134 5135 2 4 17 O 10
5136 5137 2 4 19 O 10
5138 5139 2 4 19 O 30
19270 5140 2 6 30 O 20
5141 5142 2 8 44 M 20
5143 5144 2 10 50 O 20
5145 5146 2 4 19 O 10
5147 5148 2 10 55 O 10
5149 5222 2 10 55 O 10
5151 5152 2 9 45 O 10
5153 5154 2 5 24 O 30
19686 5155 2 7 39 O 10
5155 11847 2 10 52 O 30
5155 5158 2 5 22 O 20
5158 5156 2 4 22 M 10
5156 5157 2 2 10 O 20
5157 5158 2 3 12 M 30
5159 5160 2 3 16 O 20
8914 5161 2 3 17 O 20
5162 5163 2 3 15 O 30
5164 5165 2 4 19 O 20
5166 5167 2 3 15 M 20
5168 5169 2 6 30 O 20
10177 5170 2 21 112 O 30
5171 5172 2 9 49 O 30
5173 5174 2 6 28 O 20
5175 5176 2 5 26 O 10
5177 5178 2 3 14 O 30
5179 5180 2 3 12 O 20
5181 5182 2 14 74 M 20
5181 19264 2 9 48 O 20
5183 5184 2 4 19 O 30
5185 5183 2 5 24 O 10
5186 5187 2 7 37 O 20
19693 5188 2 3 13 O 30
5189 5190 2 6 29 O 10
5191 5192 2 4 18 O 30
5193 11782 2 10 52 O 30
5194 5195 2 13 70 O 20
18071 18072 2 3 15 M 20
17969 17970 2 2 7 O 30
16339 9669 2 2 9 O 30
10024 21131 2 11 58 O 20
21131 21015 2 7 38 O 30
5199 5198 2 11 57 O 30
5075 21142 2 11 56 O 10
21142 10021 2 8 44 O 30
5197 5196 2 10 53 O 10
26723 12989 1 2 9 O 20
12990 26726 1 2 10 O 10
22819 8404 2 2 6 O 10
28433 2684 2 3 11 O 10
3983 17484 1 9 45 O 10
13396 386 1 13 68 O 20
386 9687 1 9 47 O 30
17464 28783 2 3 12 O 20
17453 28784 2 3 13 O 30
2530 2529 2 2 7 O 10
2529 10768 1 2 10 O 20
2530 20770 1 7 35 O 20
21562 9956 2 3 12 O 20
9956 15028 2 7 34 O 10
11556 11570 2 4 20 M 20
5200 5202 2 2 7 O 10
5201 5203 2 2 7 O 20
5204 29207 1 5 25 O 30
5205 10862 2 4 18 O 10
28783 20579 2 1 2 O 10
5208 10068 2 18 95 O 20
21116 5213 2 2 7 O 30
5212 21115 2 2 10 O 30
5214 5257 2 5 27 M 10
5215 5258 2 5 27 O 20
5216 5256 2 5 27 O 10
5217 5255 2 5 27 M 20
5218 5254 2 5 27 O 30
5219 5253 2 5 27 M 30
27039 5221 2 1 3 O 20
5123 5124 2 3 15 O 10
5222 5150 2 10 51 O 20
5223 5266 2 4 22 O 10
5224 5267 2 5 22 O 30
5225 5269 2 5 22 M 10
5226 5268 2 5 22 M 10
27013 5224 2 1 5 M 20
5224 5223 2 2 6 O 10
5223 27012 2 2 8 M 20
27013 5225 2 2 6 M 30
5225 5226 2 2 6 O 20
5226 27010 2 2 7 O 30
10328 30158 2 4 21 O 20
30156 30159 2 2 7 O 30
5228 5227 2 2 10 O 30
18419 18420 2 9 45 O 30
9337 18418 2 5 24 O 20
13887 13888 2 9 47 O 20
21141 13966 2 5 23 O 30
5219 10391 2 2 7 M 10
10391 21130 2 6 32 O 30
22063 5230 2 54 295 M 30
15412 20704 2 1 5 M 30
15414 14506 2 18 98 M 10
15414 5231 1 4 19 O 30
5231 20704 1 2 10 O 20
5232 5233 2 2 7 O 20
19641 5232 2 2 11 M 20
26976 19641 2 2 6 O 10
16503 5234 2 6 31 O 30
18542 5235 2 7 36 O 20
10819 23350 1 1 4 O 20
1121 10818 1 1 5 O 30
1122 10838 2 2 7 O 30
10777 23351 2 1 5 O 20
23352 1124 1 36 196 O 20
18929 20829 2 3 14 O 20
12946 4722 2 5 26 O 10
15395 4719 2 4 21 O 20
23028 10308 2 3 12 M 10
5237 5236 2 1 4 O 30
3184 5238 2 2 7 O 10
26578 26579 2 3 16 O 30
26579 26580 2 3 17 M 20
26580 26581 2 4 17 O 10
26581 20482 2 5 26 O 30
1 26582 1 5 27 O 30
9149 1 2 2 7 O 10
26582 5239 1 4 21 O 30
5239 1 1 1 5 M 20
3183 5240 2 3 17 O 30
5242 5241 2 4 20 O 10
21489 3098 2 13 68 M 20
3098 21352 2 3 16 O 20
21352 20831 2 2 6 O 20
5243 20830 2 13 69 O 10
20830 19361 2 9 47 O 20
19360 8480 2 4 20 M 10
21475 5244 2 3 16 O 10
5245 5246 2 17 91 O 20
5247 5250 2 16 86 O 30
5250 5248 2 9 45 O 10
5248 5249 2 3 12 O 30
5249 5250 2 3 14 M 10
5251 5252 2 8 40 O 10
12927 23572 2 13 70 O 10
23572 13498 2 3 14 O 20
13498 12933 2 17 93 O 30
5220 10392 2 16 89 O 20
5068 5260 2 3 14 O 10
5070 5261 2 3 14 O 20
5072 5264 2 3 14 O 30
5064 5265 2 3 15 O 30
5071 5263 2 3 14 O 30
5066 5262 2 3 14 O 20
5271 5270 2 13 72 M 30
5273 5272 2 14 73 O 30
5275 5274 2 10 51 O 20
5277 5276 2 14 74 O 30
5279 5274 2 4 19 O 30
5274 5276 2 1 1 O 10
5276 5272 2 4 18 O 30
5272 5270 2 3 14 O 20
5270 5278 2 4 19 O 10
5280 10173 2 15 78 O 10
3897 3894 2 22 120 O 10
3895 3897 2 4 17 O 30
3898 30239 1 1 5 O 30
30239 3899 1 1 5 O 10
16327 16846 2 4 19 O 20
22902 21143 2 3 12 O 20
22887 22902 2 5 27 O 20
17474 23290 2 2 7 O 20
19831 30240 1 1 2 O 30
30240 5281 1 1 2 O 20
19832 5281 1 3 16 O 30
15787 11240 2 5 27 O 30
5285 5284 2 8 44 O 30
13305 5286 2 8 43 O 10
5288 5287 2 8 42 O 10
5290 5289 2 8 41 O 10
28452 5291 2 4 21 O 10
11242 5282 2 14 74 M 10
11242 5283 2 5 24 O 10
5293 26989 1 4 17 O 20
26989 26991 1 2 11 O 20
26991 5293 1 2 6 O 20
26992 5293 2 2 8 O 30
30072 5294 2 7 39 O 20
5294 30073 2 5 26 O 30
8728 30072 2 3 12 O 10
15775 11798 1 22 120 O 30
22307 25349 2 1 3 O 10
25349 26987 1 4 20 O 20
26987 22308 1 9 50 O 10
17483 8683 2 8 41 O 10
8682 15735 2 5 24 O 20
20669 22321 2 2 11 M 30
22321 17483 2 7 34 O 10
8681 20669 2 3 13 O 30
1539 5297 2 2 7 O 30
25683 18439 1 4 17 O 10
25684 11010 2 17 94 M 10
11010 11008 2 29 156 M 30
11008 21008 2 13 72 M 10
5325 5324 1 3 16 O 30
5324 5327 1 4 20 O 30
5327 5326 1 1 4 O 30
27772 5328 2 3 15 M 10
8653 8654 1 18 98 M 10
5329 11006 2 5 24 O 30
4136 5330 2 3 13 O 30
11852 21719 2 1 4 M 30
18048 18047 2 2 10 O 10
20473 20472 2 8 43 M 30
20472 5331 2 15 78 O 10
20478 20474 2 7 34 O 30
20474 20471 2 4 19 M 10
23231 12531 2 3 14 O 30
12531 16916 2 5 26 O 30
19661 22917 1 10 53 O 10
19660 11425 1 4 21 M 20
8892 11447 1 3 14 O 10
18345 19664 1 4 17 O 10
21274 19204 1 7 38 M 20
5338 5337 2 1 4 O 10
5340 5339 2 1 4 M 10
674 675 2 2 6 O 30
5348 5347 2 2 6 O 10
671 5344 2 2 6 O 10
5346 5345 2 2 6 O 10
5342 5341 2 2 6 O 20
821 5343 2 2 6 O 20
4020 4021 2 1 4 O 20
346 12984 1 16 84 O 30
9959 29953 2 1 5 O 30
19119 19117 2 3 16 O 20
19117 10778 2 3 13 O 20
21511 8974 2 8 40 O 10
8974 19136 2 7 36 O 30
19136 19138 2 4 17 O 20
19138 19140 2 5 24 O 10
19140 30241 2 3 13 O 10
30241 19139 2 3 13 O 30
19139 19074 2 7 38 O 20
19133 5350 2 6 28 O 20
19115 19107 2 3 16 O 30
19104 19105 2 7 37 O 10
19103 19104 2 3 16 O 30
19104 19106 2 4 18 M 20
19100 19101 2 6 28 O 10
23150 5351 2 6 33 O 10
14755 14756 2 4 19 M 30
14756 5353 2 7 36 O 10
5353 5352 2 8 44 O 10
9661 5354 2 1 1 O 10
10692 8115 2 6 29 O 30
8115 13539 2 1 3 O 30
13539 14269 2 23 124 O 20
14269 14277 2 9 47 M 30
14277 25623 2 3 13 O 10
25623 14275 2 8 42 O 10
10698 15005 2 25 134 O 30
5362 5360 2 3 13 O 30
5361 6410 2 32 174 M 30
5363 5362 2 9 46 O 30
5362 5361 2 8 40 M 30
22035 5359 2 28 153 O 20
5364 5365 2 15 80 O 30
5366 5763 2 3 13 M 10
5763 5367 2 3 12 O 20
5368 18531 2 3 12 O 20
18531 5369 2 3 12 O 30
5370 5371 2 6 31 O 10
29945 5372 2 30 163 O 20
5372 7809 2 62 344 O 30
7809 7808 2 3 17 O 30
5374 5375 2 4 19 M 10
5381 11904 2 6 30 O 30
5379 5380 2 5 27 O 30
5382 5383 2 4 17 O 10
5384 11898 2 4 18 O 20
11084 5385 2 10 51 M 20
5386 5387 2 7 34 O 20
5388 5389 2 10 51 O 20
13284 16407 2 38 210 O 20
13716 13717 2 6 31 O 20
12161 23655 2 3 16 O 30
23655 23653 2 2 7 O 30
13754 11925 1 1 2 O 10
11925 13755 1 5 26 O 20
13755 14475 1 1 5 O 30
14475 19636 1 2 10 O 30
19636 13754 1 4 20 O 30
14476 11925 2 8 44 O 30
11179 5392 2 2 7 O 10
5392 5393 2 9 47 M 10
5392 5394 2 2 8 O 30
15183 5395 1 2 6 O 20
5396 5397 2 8 39 O 30
5400 5401 2 3 16 M 30
12467 5403 2 6 29 O 30
5404 1103 2 13 71 O 30
1103 5405 2 2 9 M 30
1103 23858 2 18 99 O 30
15985 14528 2 4 22 O 10
15985 5406 2 10 53 O 10
14422 5399 2 8 43 O 10
5409 5408 2 11 61 O 20
12967 5411 2 23 126 O 30
28066 5413 2 11 61 M 10
10803 15541 2 7 36 O 10
15541 14486 2 4 21 O 10
15542 5414 2 7 36 O 20
5416 5415 2 7 39 O 10
5418 5419 2 2 7 O 20
5417 5418 2 3 13 M 30
5420 5417 2 4 17 O 10
5422 5420 2 4 22 M 10
5420 5421 2 3 13 O 10
19216 12212 2 1 5 O 10
12212 9919 2 14 75 O 30
26393 5429 2 3 15 O 30
5431 5430 2 4 18 O 30
1379 12182 2 2 9 O 20
5433 5432 2 9 46 O 10
5435 5434 2 9 50 M 30
12182 5431 2 4 20 M 20
5431 5435 2 6 32 O 20
5435 5436 2 11 61 M 10
5438 5441 2 5 26 M 20
5441 5439 2 23 126 O 20
5439 5440 2 12 64 M 10
5440 5441 2 10 51 O 20
12092 5442 2 21 114 O 30
5444 30242 2 3 17 O 10
30242 5445 2 3 17 M 20
18880 18928 2 8 43 O 30
5446 5451 2 4 17 M 10
5451 5453 2 10 54 O 10
5453 5447 2 4 17 O 20
5447 5448 2 1 5 M 20
5452 5453 2 4 20 M 10
5454 5447 2 5 25 O 30
5450 5448 1 18 100 O 20
23115 5461 2 4 20 O 20
18897 19492 2 15 80 O 30
19492 17637 2 3 13 O 30
17637 24781 2 4 19 O 20
24781 24763 2 3 15 O 30
24763 24765 2 1 4 M 20
24765 19497 2 3 15 M 10
16244 15264 2 6 30 O 30
16713 16714 2 4 20 O 20
20894 15009 2 1 6 O 30
20894 12105 2 103 567 O 10
22435 22433 2 2 10 O 10
11763 20878 2 83 456 O 20
20878 20879 2 26 141 O 30
20879 18757 2 2 8 O 10
22435 11763 2 58 321 O 10
12709 16703 2 1 5 O 20
16703 12708 2 43 236 O 10
15722 20874 2 24 128 O 30
17511 14801 2 3 16 O 10
14801 20868 2 4 18 O 10
24324 14713 2 16 86 M 10
14716 24329 2 4 22 M 10
24329 14719 2 11 59 O 20
14716 17513 2 43 237 O 30
15712 15713 2 3 15 O 20
15712 20865 2 6 33 O 10
20865 14720 2 1 4 O 10
14720 8644 2 2 10 O 20
15469 28531 2 31 168 O 30
28531 5460 2 10 50 O 20
14861 14862 2 115 635 O 30
14863 16621 2 20 106 O 10
16621 28379 2 2 8 O 30
16620 28518 2 15 78 O 10
28518 16106 2 49 270 M 30
16106 14712 2 90 497 O 10
14712 28519 2 42 228 O 30
28519 14708 2 57 315 O 20
14708 14706 2 6 30 O 30
14706 5464 2 3 13 O 20
28520 16107 2 5 25 M 20
5464 28520 2 2 8 O 30
20884 28518 2 20 110 O 20
20884 16079 2 17 91 O 20
16079 20885 2 38 210 O 10
20885 16101 2 2 10 O 10
16102 16101 2 44 240 O 30
16101 28517 2 53 290 O 30
16104 16105 2 15 78 O 30
17918 17919 2 18 100 O 20
5465 17928 2 18 97 O 20
17928 17912 2 89 492 O 20
17912 10775 2 11 58 O 20
10775 20888 2 34 188 O 20
5465 17240 2 4 18 M 30
17240 6602 2 6 32 O 20
16076 5465 2 109 602 O 30
20888 20889 2 60 329 O 30
20889 28516 2 5 23 O 30
28516 20848 2 32 175 O 10
20848 20890 2 2 7 M 20
14813 14596 2 4 21 O 30
13344 13348 2 6 30 O 20
19281 7320 2 22 119 M 10
7320 13353 2 18 100 O 20
13353 17873 2 58 321 O 10
17873 17247 2 19 101 O 20
22096 15241 2 31 167 O 30
15241 15238 2 49 267 M 10
15238 17050 2 8 43 O 30
17050 29138 2 15 79 O 10
22099 22100 2 47 257 O 10
18016 23551 2 76 418 M 30
23551 17070 2 12 63 O 20
17070 18017 2 11 58 O 30
18017 15237 2 9 48 O 30
18023 17883 2 12 62 O 30
17883 16974 2 3 14 O 10
16974 18022 2 58 321 O 20
18021 18041 2 36 195 O 30
14815 16575 2 8 41 O 20
5463 8733 2 54 299 O 30
29387 5463 2 12 66 O 20
5462 11946 2 6 31 O 30
11947 5462 2 7 37 O 30
14730 29408 2 39 215 O 20
29408 16969 2 49 269 O 20
16969 29407 2 9 47 M 10
29407 29406 2 16 85 M 30
29406 16968 2 12 66 O 30
5467 5468 2 21 114 O 30
5466 5467 2 5 24 O 30
5470 5469 2 5 25 O 20
5467 5470 2 2 10 O 20
5455 16913 2 4 21 O 20
20273 11584 2 11 58 O 30
11584 11585 2 44 243 O 30
28537 16948 2 49 271 O 30
22100 16258 2 2 9 O 20
16258 22101 2 7 37 O 20
22101 22102 2 42 233 O 10
10809 11057 2 13 67 O 10
11057 16220 2 13 69 O 10
16220 11058 2 6 30 O 20
11058 9820 2 2 9 O 30
9820 13661 2 10 55 O 20
13661 16219 2 4 22 O 20
16219 20189 2 10 52 O 10
20189 18587 2 7 35 O 30
18587 9582 2 9 48 M 10
7155 5482 1 10 54 O 30
8623 7160 1 2 8 O 30
7160 7157 1 18 97 O 10
236 5485 2 3 14 O 10
2895 3900 2 5 28 O 10
23115 5487 2 2 11 O 20
28995 5489 2 2 6 O 20
5489 16491 2 4 19 O 10
16491 9319 2 13 67 M 20
16491 5488 2 6 31 M 30
5489 5490 2 2 7 O 10
24606 24608 2 4 17 O 20
24608 5491 2 9 47 O 10
5492 5493 2 7 34 O 20
5493 5494 2 2 7 O 20
5494 5495 2 5 23 M 30
5494 5496 2 8 39 O 30
5493 5497 2 6 31 O 30
5498 5499 2 8 40 O 30
5500 5501 2 3 14 O 10
5502 5503 2 8 43 O 10
5504 5505 2 10 54 M 20
5507 5508 2 6 33 O 10
5511 5512 2 8 40 O 30
893 25437 2 6 32 O 30
9369 25919 2 5 23 O 10
5530 5531 2 7 35 M 20
12048 12049 2 6 31 O 10
5532 5533 2 4 17 M 20
5534 5535 2 6 30 O 10
5536 5537 2 12 61 O 20
5538 5539 2 9 46 O 20
5540 5541 2 8 41 M 10
5543 5542 2 4 21 O 20
18274 5544 1 5 26 M 20
5545 5547 2 10 51 M 10
15994 16633 2 4 19 O 30
5546 18266 1 6 29 M 20
5544 5549 1 6 30 O 20
5545 5548 1 2 11 M 30
5548 5546 1 6 32 O 10
5549 5545 1 5 23 O 20
5550 5553 2 4 18 M 30
5551 5550 2 5 24 O 20
5552 5551 2 2 10 O 10
5554 5555 2 8 41 O 10
12033 5556 2 2 7 O 10
20379 20380 2 6 32 O 30
5558 5560 2 2 11 O 30
5563 5558 2 2 8 O 20
5558 5561 2 3 15 O 20
9873 12097 2 3 16 O 10
5565 5564 2 7 37 O 30
5566 5568 2 3 12 O 10
5567 5566 2 2 7 O 20
5570 5571 2 13 69 M 10
5573 5570 2 3 14 M 30
5570 5572 2 10 56 O 10
8326 10464 2 5 26 O 10
10464 7650 2 64 352 M 20
7650 12140 2 9 49 O 20
12783 11472 1 4 17 O 20
16631 19730 2 7 34 O 20
5577 5578 2 3 11 O 30
12330 5579 2 9 46 O 20
968 5584 2 11 60 O 20
5584 5588 2 12 65 O 20
5588 5590 2 3 15 O 20
5590 5592 2 3 16 O 30
5592 5594 2 3 12 O 10
5584 5587 2 3 16 O 30
5587 5589 2 3 16 O 30
5589 5591 2 4 18 O 30
5591 5593 2 3 13 O 20
5593 5595 2 3 12 O 20
5595 5585 2 4 20 O 20
5585 5586 2 6 28 O 10
5581 14650 2 4 17 M 10
5587 5588 2 9 49 O 10
5589 5590 2 9 49 O 10
5591 5592 2 8 42 O 10
5593 5594 2 7 38 O 30
5595 5596 2 7 34 O 10
5585 5597 2 6 30 O 30
5582 5598 2 2 8 O 30
967 5599 2 14 73 O 10
969 5599 2 2 7 O 20
5581 5596 2 2 9 O 30
5596 5597 2 4 20 M 30
5597 5586 2 8 42 M 10
5586 5582 2 4 20 O 30
5582 5583 2 12 65 O 10
5594 5581 2 2 6 O 30
5599 962 2 9 49 O 30
9708 28346 1 29 157 O 10
12231 12332 1 14 77 O 30
9707 17982 1 11 57 O 10
15050 5601 1 24 129 O 30
5602 14625 1 12 66 M 20
21655 20846 2 10 53 O 20
20846 945 2 9 47 M 10
945 20847 2 12 64 O 20
14626 5605 1 15 83 O 30
5600 12234 1 10 55 O 30
5605 14627 1 7 34 M 10
5603 20850 1 10 55 O 20
24388 18933 1 10 52 M 20
5604 21000 1 7 37 O 30
2528 28220 1 23 123 O 10
10770 10771 1 17 92 O 30
14617 7174 2 47 260 M 10
10787 5608 2 5 24 O 10
5608 5607 2 16 89 O 10
5608 5609 2 6 30 O 30
5610 5611 2 10 50 O 10
8491 26704 2 2 9 O 20
5613 5612 2 7 35 O 30
19685 5613 2 9 47 O 20
13653 13657 2 13 69 O 30
7783 5614 2 4 20 O 10
15916 5615 2 24 128 M 30
11742 5616 2 8 41 O 10
5617 5618 2 10 52 M 30
9032 5621 2 4 17 M 10
5622 6858 2 3 13 M 20
5624 5625 2 7 35 O 20
5626 5627 2 11 60 O 20
5628 5629 2 10 55 O 10
5641 15857 2 10 55 O 20
5643 5642 2 19 104 O 20
5642 5645 2 2 6 O 30
5645 5649 2 17 91 O 30
5649 5650 2 39 215 O 30
5645 5644 2 2 11 O 20
2814 5643 2 4 17 O 20
5649 30243 2 5 25 O 10
30243 5650 2 5 25 M 30
5650 5648 2 9 46 O 20
5648 5647 1 13 69 O 10
5647 5646 1 10 52 O 20
5646 5648 1 49 271 O 30
5651 5652 2 10 54 O 20
5654 5653 2 16 84 O 10
12629 2773 2 12 62 O 30
2773 5655 2 6 31 O 30
5656 5657 2 5 23 O 30
15493 7998 2 22 122 O 10
15508 15486 2 7 36 O 10
23879 15485 2 2 6 O 20
21268 5666 2 3 12 O 10
5666 5667 2 4 20 M 30
5669 5668 2 9 49 O 20
5658 9648 2 9 46 O 20
5670 5671 2 11 60 O 20
21406 9668 2 1 4 O 20
11692 19872 2 8 44 M 10
19872 2258 2 2 10 O 10
2258 11688 2 9 48 O 30
11688 19882 2 2 9 O 30
19882 2261 2 6 32 M 10
2261 2256 2 7 34 O 30
2256 2262 2 6 32 O 20
2262 19885 2 4 18 M 10
19885 2259 2 15 82 O 20
28067 19879 2 20 111 O 20
19879 19873 2 7 36 O 20
19873 9257 2 16 85 O 20
1341 193 1 12 67 O 20
14671 17102 1 10 54 O 30
5708 28418 1 5 25 O 20
4222 5708 2 33 181 O 10
11231 5708 1 6 32 M 20
28475 4160 1 4 17 O 10
4160 28477 1 3 16 O 10
28477 4157 1 3 16 O 30
5481 24467 2 3 12 O 20
5402 19277 2 14 77 M 30
11439 18400 2 17 94 O 30
18400 5709 2 6 30 O 30
7306 7304 2 8 43 O 20
5710 5711 2 9 49 O 30
5712 5710 2 6 31 O 30
5710 5713 2 5 25 O 20
5714 5715 2 4 17 O 10
5716 5714 2 9 45 O 20
5714 5717 2 8 42 M 10
5718 5719 2 3 15 O 30
5720 5718 2 3 15 O 30
5718 5721 2 10 51 O 20
8562 18771 2 20 107 O 10
18771 12843 2 19 101 O 20
12843 12842 2 28 151 O 10
5722 5723 2 4 19 O 20
5723 5727 2 6 32 O 20
5727 5725 2 40 220 M 10
5725 5724 2 12 62 O 20
5727 5728 2 12 64 O 10
19083 5729 2 82 455 O 30
5729 5730 2 4 21 O 10
5729 5731 2 28 155 O 20
5731 19083 2 32 176 M 30
5723 5732 2 55 305 M 30
5725 5726 2 23 123 O 30
11568 6583 2 4 21 O 30
6583 6584 2 5 22 O 10
6584 5735 2 1 3 O 10
5735 6585 2 3 17 O 10
6585 5736 2 3 11 O 10
5736 6587 2 3 15 O 20
6587 22291 2 3 14 O 30
22291 6589 2 7 37 O 20
22294 15550 2 9 47 O 10
15550 22293 2 2 6 O 30
6584 6586 2 18 95 O 30
15551 5737 2 14 77 O 30
5737 5738 2 3 14 O 20
6583 15551 2 3 12 O 30
22289 7645 2 4 18 O 20
5743 5742 2 8 40 M 20
5744 5745 2 3 13 M 20
20909 875 2 70 386 M 30
875 878 2 6 28 O 20
878 879 2 4 19 M 30
879 1747 2 24 128 O 10
1508 1511 2 1 4 M 20
1534 1535 2 1 4 O 10
1530 1529 2 1 5 M 10
1525 1524 2 1 5 O 30
1520 1519 2 1 3 O 20
1515 1514 2 1 4 M 30
26668 20486 1 14 76 O 20
5746 26668 1 9 49 O 30
8415 26552 1 2 7 O 20
26552 26667 1 34 186 O 30
26667 16901 1 9 48 O 10
15658 12914 2 5 27 O 10
5749 5750 2 11 59 O 10
5747 5748 2 2 8 M 30
5751 5752 2 5 23 O 20
15158 12920 2 28 152 M 10
12920 12921 2 30 165 M 30
5754 5753 2 3 14 O 20
5756 5755 2 3 13 M 30
5759 5757 2 3 13 O 30
5757 5758 2 3 13 O 30
5762 5760 2 3 12 O 10
5760 5761 2 3 13 O 20
11869 5765 2 2 10 O 10
5764 22216 2 6 30 O 10
5765 11870 2 5 27 O 30
5990 1555 1 16 85 O 10
5772 5771 2 6 31 O 20
23843 5768 2 4 18 O 10
5770 5769 2 9 49 O 10
5767 5766 2 4 18 O 30
5779 5971 2 3 15 O 10
5971 5778 2 3 13 M 30
5781 783 2 2 7 O 10
5780 5781 2 4 18 O 10
5782 5780 2 2 8 M 30
5785 5786 2 16 86 O 10
26368 5785 2 10 55 M 20
5785 5787 2 2 6 O 20
4393 5795 1 5 24 M 20
5795 27576 1 4 20 O 10
5790 4393 1 10 51 O 10
6640 5990 2 2 7 O 10
5990 27573 2 3 16 O 10
27573 1556 2 7 34 O 10
5795 5796 1 9 49 O 10
5814 5815 2 8 41 O 10
5817 5816 1 12 62 O 20
5818 5819 2 5 26 O 10
5816 4342 1 11 59 O 30
9709 14683 1 6 31 O 20
5821 5822 1 11 58 O 30
5822 20591 1 11 60 O 10
5824 5823 1 6 32 O 20
5825 5826 2 5 23 O 20
5377 5378 1 1 6 O 30
5377 11803 1 3 13 O 20
18987 23855 1 2 6 O 20
18987 30041 1 6 28 O 20
5378 11803 1 3 17 O 20
5378 18987 1 1 5 O 30
5376 23857 1 4 19 O 10
5829 5830 2 3 14 O 20
5831 5830 2 6 28 O 20
5830 5832 2 5 27 O 20
5833 5834 2 10 54 O 20
16252 20070 2 2 9 O 30
20070 5836 2 4 21 M 10
5837 5838 2 4 21 O 20
5839 5840 2 5 23 O 10
5841 5842 2 5 24 M 20
5843 5844 2 5 25 O 10
24824 5846 2 5 25 O 20
5852 5851 2 14 75 O 30
5855 5854 2 6 30 O 10
5855 5853 1 4 17 M 20
5856 5855 1 4 17 O 10
28585 5857 2 7 37 M 10
5858 5859 2 14 77 O 10
5209 10177 2 5 26 O 30
5860 5861 2 6 30 O 10
11488 5862 2 6 29 O 20
5863 11903 1 14 75 O 30
11899 5867 1 13 68 O 20
5867 5864 1 9 45 O 10
5864 5863 1 8 44 O 10
5865 5866 2 3 15 O 20
5867 22426 2 5 24 O 30
22426 22425 2 3 12 O 30
5868 5869 2 4 17 O 30
5870 5871 2 4 19 O 10
11905 5871 2 4 17 O 20
5871 5875 2 3 16 O 30
5875 5877 2 3 16 O 10
5877 5879 2 4 17 M 20
5879 5881 2 3 15 O 10
5881 5872 2 3 13 O 30
5871 5873 2 5 27 M 10
5874 5875 2 5 26 O 20
5876 5877 2 4 20 O 20
5878 5879 2 4 19 O 30
5880 5881 2 4 19 O 20
11905 5381 2 3 12 O 20
5883 5884 2 19 105 O 10
5883 5885 2 9 47 O 20
5882 5883 2 3 16 O 20
5883 5886 2 7 34 O 30
5887 5888 2 5 22 O 20
15174 6962 2 4 17 O 20
6962 6960 2 16 84 O 30
6960 6961 2 5 27 M 20
5890 5891 2 4 19 M 30
15648 27985 2 3 15 O 30
27985 8950 2 5 25 O 10
8953 8948 2 6 29 O 30
8948 15647 2 1 5 O 10
14732 8959 2 2 8 O 20
15485 8793 2 2 9 O 20
5895 5896 2 12 66 M 20
5897 5898 2 13 68 M 10
5899 5900 2 6 32 O 10
18845 1426 2 7 37 O 10
5901 5903 2 2 7 O 10
5903 5902 2 3 14 O 10
5902 5904 2 2 8 O 10
5904 5905 2 8 39 O 20
5905 5906 2 5 25 M 30
5906 5904 2 2 8 M 20
20912 9550 2 7 35 O 10
10656 30142 2 25 136 O 30
5908 5909 2 2 6 O 20
19059 5912 2 31 169 O 10
5912 5911 2 5 23 O 10
5912 5913 2 10 51 M 10
5914 5915 2 8 43 O 20
5916 5917 2 10 52 O 10
5918 5919 2 9 47 O 30
5920 5921 2 10 52 O 10
5922 5923 2 9 48 O 10
5924 5925 2 19 103 O 20
5926 5927 2 5 24 O 10
5928 5929 2 7 35 O 10
5931 5932 2 7 37 O 30
5933 5947 2 8 44 M 10
5947 5946 2 4 18 O 20
5946 5934 2 1 5 O 20
5935 5947 2 9 47 O 20
5947 5944 2 6 31 M 20
5944 5942 2 3 16 O 10
5942 5940 2 3 16 M 10
5940 5937 2 3 16 O 10
5937 5936 2 1 5 M 30
5937 5938 2 6 28 O 30
5939 5940 2 6 28 M 30
5941 5942 2 6 28 M 20
5943 5944 2 5 28 M 30
5945 5946 2 9 47 M 20
5948 5949 2 8 44 O 20
5950 5951 2 8 44 O 10
5952 5953 2 14 74 O 10
5954 5955 2 20 108 O 30
5956 5957 2 9 50 M 30
5969 5970 2 12 62 O 10
5958 5959 2 9 46 O 10
5961 5962 2 17 92 M 30
5963 5964 2 20 106 O 20
5965 5966 2 19 103 O 30
5967 5968 2 12 64 O 30
13117 15507 2 9 50 O 20
15507 1050 2 7 38 O 30
1049 15500 2 1 6 O 10
15500 1048 2 1 5 M 20
15499 2572 2 14 77 O 20
2572 1049 2 7 36 O 10
5361 22049 2 3 14 O 30
5361 5971 2 11 56 O 10
5972 5973 2 10 53 O 10
5974 5975 2 8 44 M 20
5976 6917 2 9 46 O 30
6917 5977 2 11 56 O 30
5978 5979 2 12 63 O 20
5986 5987 2 14 76 O 10
23817 23816 2 2 6 O 30
26006 26004 2 4 18 O 30
5988 5989 2 11 56 O 10
4214 5793 2 11 57 O 30
5793 4216 2 9 47 O 10
5788 5794 2 12 62 O 30
5794 5789 2 4 19 O 20
5992 5993 2 14 77 O 30
5994 5995 1 14 78 O 10
5996 5997 2 1 6 O 30
5997 5998 2 2 7 O 30
5999 6000 2 8 41 O 10
6000 9957 2 4 19 O 30
9957 6001 2 3 13 O 20
6001 6002 2 11 56 O 10
6002 5999 2 3 12 O 20
6001 30244 2 3 14 O 10
30244 6002 2 3 14 O 30
19195 19196 2 10 51 O 30
19196 20561 2 4 17 M 20
20561 26528 2 5 24 O 20
19361 19360 2 2 9 M 30
20576 21704 1 1 3 O 30
18727 6003 2 3 17 O 20
16461 6039 2 9 46 O 20
25064 6040 2 7 38 O 20
22896 22897 2 5 23 M 20
22897 6042 2 9 47 M 30
6043 6044 2 3 13 O 10
6048 2099 2 2 7 O 30
2099 3120 2 3 15 O 20
3120 20367 2 2 6 O 30
20367 6047 2 2 10 O 30
6047 6046 2 2 10 O 30
6046 19964 2 3 13 O 20
19964 6048 2 2 9 O 20
6049 6050 2 14 75 M 20
3774 3776 2 3 12 O 20
3770 3772 2 3 12 O 20
6054 6055 2 4 19 O 30
6056 6054 2 5 26 O 10
6054 6057 2 5 23 O 10
6058 6059 2 8 42 O 20
6059 26689 2 5 24 O 20
6060 6061 2 4 18 O 10
6062 6063 2 73 401 O 20
6065 6072 2 7 38 O 20
6072 6067 2 44 241 O 10
6067 6066 2 16 88 M 10
6064 6065 2 38 206 O 10
6067 6069 2 21 113 O 30
6069 6068 2 15 83 O 20
6069 6070 2 5 27 O 30
6070 6068 2 11 58 M 30
6068 6071 2 17 91 O 30
6072 6071 2 4 22 O 20
6071 6073 2 5 27 O 30
6074 6075 2 4 18 M 20
6076 6075 2 4 18 O 10
6075 6077 2 3 15 O 20
6080 6081 2 11 56 O 30
6082 6083 2 7 39 O 30
6084 6085 2 7 38 M 10
6078 6079 2 6 31 O 20
6086 6087 2 7 37 O 20
1631 6095 2 13 68 O 20
6656 6675 2 9 45 M 30
6096 6099 2 22 122 O 10
6098 6097 1 3 15 O 10
6097 6096 1 4 22 O 30
6096 6098 1 8 39 M 10
8948 6100 2 9 50 O 10
20093 6101 1 3 15 O 30
20092 20093 1 3 13 O 10
6107 6108 2 3 15 O 30
6109 6108 2 4 21 O 20
6108 6110 2 5 25 M 30
6111 6112 2 11 58 O 20
6113 6114 2 7 34 O 10
9397 6115 2 3 15 M 20
6118 6117 2 7 38 O 20
6120 6119 2 9 46 M 10
6122 6120 2 9 49 O 30
6120 6121 2 4 21 O 30
6127 6124 2 5 23 M 30
6127 6125 2 4 18 O 20
6127 6128 1 3 15 O 30
6128 6126 1 2 8 M 20
6126 6127 1 1 4 O 30
6129 6128 2 2 9 O 20
2815 6625 2 32 177 O 10
18580 6142 2 15 79 O 30
17006 6139 2 5 25 O 30
6139 6138 2 3 14 O 30
17014 6135 2 2 11 O 30
6138 16991 2 8 41 O 20
16991 6134 2 15 78 M 30
6134 14559 2 2 8 M 30
14559 6133 2 2 7 O 20
17005 6140 2 3 16 O 30
8840 6137 2 7 34 O 10
6141 19634 2 4 21 O 30
19634 8841 2 2 7 M 30
8841 14980 2 13 69 O 20
14980 14982 2 4 18 O 10
14982 14976 2 19 102 O 20
14976 8840 2 4 22 O 10
6136 13695 2 6 33 O 30
9486 6143 1 2 7 O 10
6144 10504 1 1 3 O 20
10504 10502 1 3 15 M 10
6145 6146 2 4 17 O 30
6147 6148 2 7 36 O 30
6149 6150 2 6 31 O 20
23140 23141 2 4 17 O 20
6151 6154 2 5 24 O 20
6154 6156 2 4 21 O 20
6156 6158 2 3 14 O 20
6158 6159 2 23 127 M 10
6159 6152 2 3 11 O 30
6153 6154 2 2 11 O 20
6155 6156 2 3 11 O 30
6157 6158 2 3 11 O 10
6159 6160 2 18 99 O 30
6159 6161 2 3 16 O 10
6162 6163 2 13 71 M 20
6164 6165 2 16 88 O 10
19072 6166 2 2 11 M 10
6166 6167 2 7 36 O 20
6166 6168 2 18 98 O 10
6169 6170 2 10 53 O 20
6172 6173 2 20 108 O 20
6170 6172 2 2 10 O 20
6172 6171 2 8 41 O 30
6174 6175 2 6 29 O 30
6175 6177 2 7 35 M 30
6177 6170 2 16 87 O 20
6176 6178 2 6 30 O 10
6178 6177 2 16 86 M 10
6178 6179 2 7 38 O 10
6175 6180 2 4 21 O 10
6182 6183 2 19 104 O 10
6184 6185 2 26 139 O 20
6186 6187 2 19 101 O 10
6188 6189 2 4 21 O 20
6191 12744 1 24 128 O 20
6190 6189 2 4 21 O 20
6189 6191 2 9 46 M 20
6192 6193 2 12 64 O 10
6193 6194 2 11 56 O 30
6194 6186 2 2 8 O 10
6195 6194 2 5 26 O 20
6193 6196 2 19 102 O 30
6193 6197 2 3 12 O 30
6197 6182 2 2 6 M 30
6181 6182 2 3 11 O 10
6197 6198 2 5 24 O 30
6199 6202 2 3 12 O 30
6202 6200 2 3 11 O 20
6200 6201 2 11 61 O 30
6202 6203 2 11 60 O 10
6202 6204 2 10 55 O 20
6205 6200 2 11 57 O 20
6206 13846 2 17 90 O 10
6207 6208 2 15 78 O 20
6210 6212 1 4 17 O 30
6212 6209 1 11 57 O 20
6213 6212 1 11 57 O 20
6214 6216 1 10 51 O 30
6216 6213 1 2 6 O 10
6213 6211 1 3 16 O 30
6215 6216 2 9 47 M 20
6211 6210 1 11 56 M 20
6217 6218 2 7 39 O 30
6219 6220 2 2 9 M 20
6221 6220 2 9 46 O 20
6220 6222 2 15 78 M 30
6223 6224 2 3 14 O 30
6225 6226 2 3 14 O 30
22677 22678 2 2 10 O 10
22684 22683 2 15 81 O 20
22683 22682 2 4 18 O 20
22683 6227 2 3 15 O 10
6228 22681 1 2 10 O 10
22681 22682 1 2 9 O 20
6229 6230 2 7 37 O 30
11965 6233 2 4 18 O 20
6233 6231 2 11 56 M 10
6232 6233 2 6 33 O 30
28394 6234 2 9 47 O 20
6235 6236 2 8 41 O 30
6238 6237 2 4 22 M 30
26546 20485 1 2 10 O 30
20485 23388 1 3 15 O 20
19244 8354 1 2 11 M 20
24655 18260 1 6 29 O 20
23453 23454 1 3 11 O 10
23454 18260 1 5 27 O 20
6243 19644 2 8 40 O 10
19644 6244 2 2 7 M 20
3988 10655 2 6 32 O 10
1326 1456 2 18 97 O 30
1016 6246 2 7 33 O 10
6248 6249 2 4 19 M 20
6250 6251 2 4 21 O 10
6252 6253 2 2 8 O 30
6254 6255 2 2 11 M 30
6256 6257 2 6 30 O 30
6258 6259 2 3 16 O 10
6260 6261 2 17 94 M 10
6264 7359 2 4 21 O 20
18742 7274 2 2 9 O 10
7274 6264 2 5 24 M 20
6264 7302 2 4 17 M 10
6266 6267 2 10 51 O 20
6268 6269 2 4 17 O 30
6270 6271 2 6 29 M 30
24622 6272 2 3 16 O 20
6273 6274 2 6 30 M 20
6275 6276 2 5 22 O 20
6277 6278 2 7 35 O 20
6279 6280 2 7 34 O 20
6281 6282 2 7 38 O 30
6283 6284 2 7 38 O 20
6285 6286 2 7 37 O 10
6287 6288 2 4 21 O 20
6289 6290 2 10 52 O 20
6291 6292 2 4 19 O 30
6293 6294 2 7 35 M 20
6295 6296 2 8 43 M 10
6297 6298 2 12 64 M 10
6299 6300 2 13 69 M 20
6301 6302 2 7 37 O 10
6305 6306 2 5 26 O 20
9834 6307 2 5 25 M 30
14552 6313 2 3 15 O 10
6313 6308 2 4 18 M 30
6309 6308 2 9 47 M 30
6308 6310 2 10 53 O 20
6311 6313 2 10 51 O 10
6313 6312 2 9 48 O 30
8394 16501 2 43 234 O 20
6315 6314 2 6 30 M 20
6316 6641 2 12 63 O 20
6317 6318 2 8 40 O 10
6320 6321 2 7 36 O 10
13125 6320 2 3 14 O 20
6320 6322 2 4 19 M 30
6323 6324 2 25 136 O 10
6324 6325 2 6 29 M 30
4075 11091 2 15 81 O 30
11089 6326 2 6 30 O 10
6330 6329 2 5 24 O 30
6327 6328 2 2 9 O 10
6328 6330 2 3 15 O 30
10747 6331 2 2 11 O 10
14472 6338 2 6 32 O 20
6339 6344 2 3 13 O 10
6344 6343 2 2 7 M 10
6343 6340 2 1 2 M 10
6341 6346 2 11 59 O 20
6346 6344 2 2 7 O 30
6344 6342 2 9 45 O 10
6342 6343 2 8 42 O 20
6345 6346 2 7 35 O 10
6347 6348 2 7 37 O 30
6349 6350 2 3 15 O 30
6351 6352 2 2 10 O 20
23597 10585 2 8 43 O 20
6356 15758 2 5 26 O 30
13324 6357 2 11 60 O 10
6358 6359 2 5 23 O 10
6360 6361 2 9 45 O 10
6362 6363 2 4 21 O 10
6364 6365 2 5 26 O 10
6366 6367 2 7 34 O 10
6368 6369 2 5 24 O 10
6370 8196 2 8 42 O 30
6371 6372 2 9 49 O 10
6373 17113 2 5 24 M 10
17250 6374 2 9 47 O 10
6375 6376 2 11 58 O 20
6377 6378 2 10 51 O 10
13957 6379 2 8 40 M 10
6380 6381 2 4 17 O 30
6382 6383 2 3 14 O 30
6384 6385 2 4 22 O 10
6386 6387 2 3 16 O 30
6388 5295 2 3 15 O 20
6389 6390 2 4 17 O 20
6391 6392 2 4 19 O 10
6393 14439 2 4 21 M 20
6395 6396 2 3 15 O 20
6397 6398 2 16 86 O 10
6399 6400 2 6 33 O 30
6401 6402 2 3 12 O 20
6591 6404 1 2 7 O 20
6404 23563 1 2 8 O 20
23563 6591 1 3 12 O 30
6405 6594 2 9 48 O 20
6405 28112 1 12 64 O 10
6406 27851 2 4 21 O 30
23089 28113 1 4 22 O 20
6008 19924 1 19 100 O 10
413 6008 1 1 4 O 20
437 26449 2 12 62 O 20
26449 442 2 9 46 O 30
442 26451 2 7 36 O 30
26452 6008 2 4 20 O 30
12324 22644 1 4 19 O 30
12271 23168 1 2 8 O 30
23168 12324 1 4 19 O 20
23090 413 1 13 69 O 30
6409 6408 2 25 138 O 30
13940 4026 2 2 8 O 20
13940 4025 2 3 16 O 10
9664 2160 2 2 9 M 30
2160 9663 2 3 13 O 20
21153 6411 2 5 27 O 30
6412 6413 2 6 30 O 30
25802 6414 2 5 27 O 20
6415 6416 2 15 82 O 30
6418 6419 2 6 31 O 10
6420 6421 2 6 29 O 20
6422 6423 2 6 29 O 10
6424 6425 2 6 32 O 20
6426 6427 2 6 31 O 10
6428 6429 2 6 31 O 10
6430 6431 2 6 32 O 30
6431 6432 2 10 51 O 10
6433 6434 2 14 73 O 10
16433 12044 2 2 10 O 20
12044 16418 2 14 72 O 10
6245 16433 2 1 3 O 30
20645 6437 2 23 124 O 10
6439 6440 2 8 40 O 20
6441 6442 2 6 33 O 20
6443 6444 2 8 44 M 20
22690 6445 2 6 29 O 30
6446 6447 2 5 23 M 10
6428 30081 1 4 17 O 30
6426 6428 1 4 20 O 30
22693 15815 2 24 129 O 20
15815 23927 2 9 50 O 10
23927 27747 2 19 102 O 20
6424 6426 1 4 18 O 20
6418 6424 1 5 27 O 20
6420 6418 1 4 18 M 20
11234 6458 2 5 24 O 10
6459 6460 2 5 27 O 20
6456 6457 2 3 13 O 20
10476 6455 2 4 21 O 20
16123 4220 2 2 8 O 30
6461 6462 2 4 18 O 30
29465 29485 1 16 84 M 30
29485 29488 1 7 33 O 30
29477 29490 2 15 82 O 20
29490 29474 2 6 28 O 10
29474 29457 2 6 29 O 20
29457 29472 2 6 29 M 20
29472 29465 2 6 29 O 20
6464 6465 2 7 35 O 10
11979 19540 2 3 15 O 30
8760 4703 2 5 27 O 10
4703 6466 2 4 18 O 30
6467 6468 2 5 24 O 10
6470 6471 2 4 18 O 30
6469 6470 2 2 7 M 30
6472 6473 2 6 31 O 10
5450 5451 2 7 37 O 20
5448 5449 1 2 9 O 30
5449 5450 1 10 54 M 10
9833 6474 2 3 15 M 10
6474 15037 2 2 9 M 10
6474 6475 2 4 20 M 30
14413 81 2 1 5 M 30
8450 14413 2 1 4 O 10
15413 20721 2 13 70 O 20
20721 28389 2 11 59 O 20
14772 6480 2 14 74 M 10
6477 6476 2 8 42 O 10
6479 6478 2 10 52 M 20
2995 6481 2 11 61 O 20
16907 16908 2 40 221 O 10
17751 17752 2 4 22 O 20
16906 17753 2 7 36 M 10
17753 17751 2 3 16 O 10
6483 30155 2 6 29 O 10
6486 6487 1 3 12 O 20
6487 6489 1 2 7 O 20
6489 6486 1 1 5 O 20
6487 6488 2 4 21 O 10
6485 6486 2 2 9 O 20
4238 19369 2 14 75 M 30
21824 6491 2 5 24 O 10
21827 10523 2 8 43 O 20
6492 6493 2 5 24 O 20
6494 6495 2 4 19 O 30
6496 16715 2 5 25 O 30
16715 25520 2 6 33 M 10
25520 16392 2 3 13 O 30
15649 26102 2 27 145 O 10
6500 6499 2 12 62 O 10
22283 28090 2 15 80 O 20
11009 6501 2 9 49 O 20
6502 6506 2 4 20 O 30
6506 6504 2 4 18 O 10
6504 11009 2 11 57 O 30
6503 6504 2 7 35 O 30
6505 6506 2 5 26 O 10
6507 7668 1 2 7 O 20
18979 6507 1 2 9 O 10
11826 6509 2 21 113 O 30
15231 6510 2 19 105 O 30
12440 6513 2 11 59 O 30
6512 6511 2 10 52 O 20
6514 6557 2 9 48 O 30
6517 6518 2 11 60 O 10
6519 6520 2 10 53 M 20
6520 6521 2 8 43 O 30
6516 6517 2 9 45 O 10
13799 13797 2 13 70 O 10
16361 6543 2 5 23 M 20
11940 11941 2 5 23 O 20
11941 6544 2 1 5 O 10
1276 6545 2 16 84 O 20
6545 6547 2 8 42 O 30
6545 6546 2 4 18 O 10
9584 6549 2 3 13 O 20
6550 6551 2 7 34 O 30
5323 7408 2 4 18 O 10
7408 10469 2 4 18 O 10
10469 7405 2 6 32 O 20
7405 7403 2 5 24 M 20
7403 12558 2 77 423 O 30
12558 6553 2 3 14 O 30
6553 6552 2 2 9 M 20
15918 6592 2 8 43 M 30
19727 4601 2 13 68 O 10
6595 6596 2 12 66 M 30
26815 6597 2 8 44 M 20
15265 29210 2 25 135 O 20
13340 17892 2 24 128 O 30
17892 28524 2 7 39 M 30
13346 17862 2 4 19 O 30
13345 20059 2 13 68 O 10
13347 13343 2 13 70 O 20
13343 13344 2 7 34 O 20
18041 16574 2 6 31 O 30
3886 6598 2 3 15 O 20
6601 6600 2 13 71 O 10
18566 18567 2 9 49 O 10
18784 18789 2 11 59 O 10
6607 6608 2 8 41 M 10
6609 6606 2 9 45 O 10
6611 6612 2 8 41 O 30
6613 30141 2 6 30 O 10
6609 6610 2 8 40 O 20
11630 6614 2 2 8 O 10
6614 6615 2 5 24 O 30
6614 6616 2 6 32 O 30
6617 6618 2 4 17 O 10
6619 11643 2 10 55 O 20
11643 11642 2 5 22 O 10
6620 6621 2 4 19 O 30
6621 6622 2 5 23 M 20
6621 6623 2 7 36 O 10
6626 6627 2 3 15 O 10
6627 9208 2 2 11 O 20
6628 6627 2 4 22 M 10
6629 6630 2 12 64 O 10
6631 11467 2 7 37 O 30
6632 6633 2 13 70 O 30
6634 6635 2 5 27 O 20
6636 6637 2 6 30 M 30
6638 27572 2 6 31 O 10
27572 6639 2 6 33 O 20
5992 5994 2 7 36 M 30
5994 30246 2 6 29 M 10
30246 5995 2 6 29 O 10
5995 5794 2 7 34 O 20
5794 4214 2 5 26 O 30
4214 4216 2 13 67 M 30
4216 4217 2 10 52 O 20
5991 5992 1 6 30 O 30
26595 6640 2 3 13 O 30
9913 9911 1 10 51 O 20
6644 6645 2 14 73 O 30
20996 6646 2 13 71 M 30
6654 6647 2 2 8 O 30
6647 6648 2 14 75 M 30
6647 6649 2 19 104 O 10
6650 6651 2 3 12 O 30
6651 6652 2 30 162 O 20
6652 6653 2 2 9 O 20
6653 6651 2 1 4 O 30
10005 6655 2 17 89 O 10
10006 10007 2 23 123 O 10
6098 6656 2 1 5 O 10
6694 6658 2 2 8 O 30
6695 6659 2 2 8 O 10
6696 6661 2 2 8 M 10
6751 6703 2 9 49 M 10
6662 6665 2 6 31 O 30
6665 6663 1 12 66 O 20
6714 6716 1 2 7 O 20
6751 6738 2 3 16 O 20
6738 6663 2 2 8 O 10
6663 6664 2 2 11 M 20
6664 6665 2 4 18 O 20
6665 6740 2 3 15 O 30
6667 7107 2 3 16 M 30
7107 6666 2 3 16 M 30
6748 6741 2 3 16 O 30
6741 6744 2 3 16 O 20
6744 6749 2 3 16 O 20
6689 6684 1 2 9 O 10
6684 6690 1 6 31 O 10
8581 6668 1 2 6 O 10
6713 7106 2 3 16 M 30
7106 6724 2 3 16 O 20
6669 6677 2 7 34 O 10
6672 6716 2 6 28 O 20
6688 6687 1 7 38 O 20
6690 6691 1 2 11 O 10
6675 6674 1 5 27 O 10
6683 6675 1 4 19 O 20
6678 6676 1 2 10 M 10
6681 6676 1 2 11 M 20
6676 6682 1 3 14 O 10
6682 6681 1 4 22 O 30
6683 6682 2 8 42 O 30
6706 6685 1 3 15 O 10
6685 6684 1 5 25 O 30
6684 6687 1 3 13 O 10
6691 6688 1 3 14 O 20
6697 6691 2 14 76 O 10
6687 6758 1 3 11 O 30
6668 6689 1 5 24 M 10
6721 6718 2 3 16 M 10
6750 6698 2 5 24 O 20
6754 6708 1 5 23 O 10
6727 6673 1 3 13 O 10
6673 6755 1 5 27 O 10
6704 6700 2 2 10 O 20
6700 6725 2 8 43 O 10
6725 6680 2 3 16 O 30
6680 6699 2 1 4 O 10
6701 6700 1 7 35 O 30
6703 6701 1 2 7 M 30
6701 6702 1 2 8 O 30
6704 6702 1 6 29 O 30
6702 6728 1 13 72 O 10
6705 6711 1 6 33 O 20
6707 6708 2 15 83 M 30
6706 6709 1 42 229 O 30
6709 6707 1 3 12 O 20
6709 6712 1 7 35 O 10
6708 6710 1 5 24 O 20
6710 6711 1 5 27 O 10
6711 9250 1 3 13 O 10
6726 6673 1 4 17 O 20
6673 6710 1 3 12 O 10
6710 6705 1 4 18 O 20
6705 6712 1 13 67 O 20
6712 6707 1 5 25 O 30
6671 6714 1 7 34 O 10
6716 6671 2 5 25 O 30
6671 6715 2 5 26 O 30
6719 6717 2 3 15 O 20
6720 6719 2 12 65 O 30
6703 6696 2 3 16 M 30
6696 6695 2 3 16 O 30
6695 6694 2 3 16 O 20
6694 6670 2 3 16 O 30
6670 6693 2 3 16 O 10
6693 6692 2 3 16 O 20
6692 6669 2 3 16 O 30
6669 6697 2 3 16 M 10
6679 6680 2 4 17 M 20
6680 6693 2 7 35 M 20
6661 6672 2 8 40 O 20
6672 6721 2 7 37 O 20
6721 6713 2 5 22 M 30
6713 6720 2 3 14 M 20
6720 30248 2 4 18 O 20
30248 6719 2 4 18 M 10
6719 6723 2 3 16 O 30
6659 7106 2 19 100 O 20
7106 6723 2 10 51 O 20
6723 6722 2 4 18 O 10
6658 6724 2 18 100 O 10
6725 6670 2 7 35 O 30
6692 6678 2 7 34 O 10
6678 6677 2 3 16 O 10
6726 6728 2 2 6 O 20
18589 6727 1 6 30 O 20
6728 6715 1 13 67 O 20
6715 6703 1 3 17 O 10
6730 6729 2 4 22 O 10
6731 6730 2 6 33 O 20
6730 6732 2 9 50 O 30
18111 6734 2 10 53 O 30
6734 6733 2 6 28 O 30
6727 6726 1 5 24 O 10
6737 6735 2 12 64 O 20
6735 6736 2 3 16 O 30
6739 6740 2 4 21 O 10
6740 6738 2 5 25 M 10
6743 6667 2 3 16 M 10
6667 6741 2 11 60 O 20
6741 6737 2 7 38 O 30
6737 30249 2 4 18 M 30
30249 6735 2 4 18 O 10
6735 6742 2 3 15 O 20
6746 7107 2 4 17 M 20
7107 6744 2 11 59 O 20
6744 6736 2 14 74 M 20
6736 6745 2 4 20 O 30
6747 6666 2 4 17 O 20
6666 6749 2 11 59 O 20
6749 6657 2 5 22 O 20
6660 6748 2 5 25 O 10
6748 6751 2 7 35 O 30
6097 6753 2 20 106 O 30
6753 6750 2 2 6 O 30
6753 6752 2 6 32 O 20
6698 6754 1 5 25 O 10
6755 6698 1 6 29 O 10
6699 6681 2 1 5 O 20
6689 6706 1 5 23 M 20
6685 6674 2 1 5 M 20
6674 6683 2 1 5 O 10
22910 6756 2 5 25 O 20
6756 22909 2 4 18 O 20
6757 22911 2 10 50 O 10
14786 14788 1 2 10 O 10
8590 14787 1 4 19 O 10
14788 8590 1 4 20 O 30
6758 6686 1 2 10 O 30
26549 18239 1 5 25 O 10
6759 6046 1 4 20 O 10
6047 6759 1 4 20 O 30
4312 6759 2 3 13 O 20
6760 6761 2 19 101 O 30
6762 6760 2 6 29 M 20
6760 6763 2 11 58 O 10
6764 6765 2 8 43 O 20
6765 6766 2 26 142 O 20
6771 6769 2 3 16 O 30
6769 6767 2 4 17 O 20
6767 6772 2 3 13 M 30
6768 6767 2 6 29 O 10
6770 6769 2 6 29 O 10
6771 6773 2 8 41 O 20
6774 6775 2 23 123 M 10
6776 6771 2 9 46 O 30
6771 6777 2 14 74 O 20
6778 13743 2 22 119 O 20
2533 6779 1 12 66 O 20
17415 6780 2 3 13 O 30
4213 30169 2 3 12 O 10
6783 6784 2 19 100 O 10
6785 6786 2 10 51 M 20
16854 28212 2 7 39 O 10
28212 19595 2 5 25 O 10
15103 6802 2 2 10 M 20
6790 16578 2 4 18 O 10
16578 6824 2 12 64 O 20
6824 27758 2 2 10 O 20
27758 2457 2 7 39 O 30
2457 2459 2 5 26 M 10
2459 6823 2 1 5 O 10
6823 6821 2 2 10 M 10
6821 11102 2 2 8 O 10
16578 6789 2 2 6 O 20
15314 6792 2 2 8 O 20
6794 6793 2 2 8 O 30
6797 6798 2 3 12 O 20
6799 6797 2 2 8 O 10
6796 6795 2 1 3 O 10
6795 6799 2 2 8 O 10
6801 6800 2 4 21 O 10
6804 6803 2 4 17 M 20
6807 6805 2 2 8 O 20
6809 6808 2 2 11 O 30
6810 6809 2 2 8 M 10
6812 6811 2 2 8 O 10
6814 6813 2 2 8 O 30
6815 2472 2 2 8 O 20
2472 2471 2 2 8 O 30
6817 6816 2 2 8 M 20
6819 6818 2 2 8 M 20
6821 6820 2 3 16 O 30
6823 6822 2 9 46 O 10
6824 6791 2 2 8 O 20
6826 6825 2 7 36 O 20
14855 6787 2 2 6 O 30
6828 6827 2 16 87 O 30
20904 22729 2 3 12 O 30
6830 6829 2 5 24 M 10
6832 6831 2 4 17 O 30
6834 6833 2 5 23 O 20
6836 6835 2 7 37 O 10
6838 17383 2 4 21 M 30
6838 6837 2 5 23 M 10
6840 6839 2 8 39 M 10
6842 6841 2 8 43 O 20
6844 17209 2 7 37 M 10
6844 6843 2 12 66 O 20
19778 6848 2 3 14 O 30
19777 6849 2 2 8 O 30
2699 8725 2 4 18 O 30
8725 6847 2 7 38 O 30
20908 6131 2 2 9 O 20
20908 26023 2 8 43 O 20
5322 6850 2 12 62 O 20
6852 6851 2 8 43 O 20
6854 6853 2 8 39 O 30
6856 6855 2 9 46 O 20
12679 27756 2 4 17 O 20
6805 6806 2 6 28 O 30
6858 5623 2 10 56 M 20
972 15103 2 2 6 M 20
28963 28962 2 3 12 O 30
28958 28889 2 5 27 M 20
28889 28957 2 13 68 O 20
28959 28958 2 3 15 O 20
5960 5959 2 8 41 O 30
5959 6861 2 6 29 M 20
6862 28963 2 8 41 O 20
10602 6846 2 2 6 O 10
6845 10607 2 2 6 M 10
6864 6863 2 6 31 M 30
6866 6865 2 10 51 O 10
6867 6868 2 5 24 O 10
6870 6869 2 3 13 O 30
6872 6871 2 5 27 M 30
6874 6873 2 3 13 O 30
6876 6875 2 3 15 O 10
6879 6878 2 7 35 M 30
6881 6880 2 3 15 O 10
6883 6882 2 7 33 O 10
6885 6884 2 7 35 M 30
6887 6886 2 12 62 M 30
6889 6888 2 4 18 M 20
6891 6890 2 6 32 O 30
6892 5965 2 2 7 M 20
6894 6893 2 2 7 O 10
6896 6895 2 2 7 O 10
6898 6897 2 2 7 O 30
6899 6903 2 2 7 O 10
6903 6900 2 2 8 O 30
6902 6901 2 8 44 M 30
6900 6902 2 7 35 O 10
6905 6904 2 2 7 O 10
6907 6906 2 2 7 M 10
6909 6908 2 2 8 O 30
6911 6910 2 2 7 O 20
6913 6912 2 5 27 O 20
6915 6914 2 8 40 O 20
6916 6917 2 12 65 O 20
6919 6920 2 3 16 O 20
6920 6918 2 11 56 O 10
6921 6920 2 5 25 O 30
6923 6922 2 2 7 O 30
6925 6924 2 9 47 M 30
6927 6926 2 6 28 O 30
6929 6928 2 13 71 O 30
6931 6930 2 4 22 O 10
6933 6932 2 17 93 O 20
6935 6934 2 3 11 O 30
6936 6935 2 15 80 M 20
6938 6937 2 12 62 O 20
6939 6940 2 2 8 M 30
6941 6939 2 18 99 O 20
6943 6942 2 17 93 O 20
6946 6945 2 5 23 O 30
6946 6944 2 13 68 O 20
6947 6946 2 2 8 M 20
6949 6948 2 6 33 O 10
6951 6950 2 3 15 O 10
6953 6952 2 9 49 O 20
6954 6955 2 6 30 M 20
11564 6877 2 12 64 O 10
6957 6956 2 2 7 O 30
22372 22371 2 12 66 O 30
22371 22370 2 3 12 O 30
763 17823 2 4 22 O 20
22929 6958 2 14 78 O 30
6960 6959 2 4 18 O 20
6962 5889 2 2 8 M 30
7902 6963 2 14 78 O 20
12712 12711 2 4 19 O 20
5788 5991 2 25 136 O 10
8849 7438 2 5 24 O 20
7438 7440 2 3 14 O 10
7440 7102 2 5 23 O 30
7102 7442 2 1 3 O 30
7442 21213 2 4 21 O 20
2970 7426 2 7 39 O 10
7426 21220 2 1 3 O 30
6965 6964 2 2 11 O 30
6964 8604 2 19 105 M 20
12504 8120 2 6 32 O 30
8120 6966 2 26 141 O 10
17207 6969 2 3 14 M 20
6971 6970 2 4 18 O 10
6973 6972 2 3 16 M 20
6967 9044 2 20 110 O 30
6968 6967 2 1 3 M 10
24002 9280 2 2 10 M 10
9280 9279 2 5 24 O 30
9277 9278 2 3 15 M 30
9278 23990 2 7 36 O 10
23990 24253 2 5 25 O 20
24253 9279 2 9 48 M 10
6976 6975 2 7 35 O 20
7027 7026 2 8 44 O 10
7029 7028 2 3 17 O 20
6978 6977 2 5 26 O 10
6980 6979 2 2 10 O 20
6982 6981 2 4 22 O 30
6984 6983 2 3 12 O 30
6986 6985 2 2 8 O 20
6988 6987 2 3 14 O 10
6990 6989 2 2 8 O 30
6992 6991 2 3 14 O 30
6994 6993 2 2 11 O 10
6996 6995 2 2 9 O 10
6998 6997 2 2 10 M 20
7000 6999 2 2 10 O 10
7002 7001 2 2 9 O 20
7004 7003 2 2 9 O 20
7006 7005 2 2 11 O 10
7008 7007 2 2 11 M 30
7010 7009 2 2 10 O 10
7012 7011 2 2 11 O 30
7014 7013 2 2 11 O 30
7016 7015 2 2 10 O 20
7018 7017 2 2 10 O 30
7020 7019 2 2 10 M 20
7022 7021 2 2 10 O 30
7024 7023 2 2 10 O 10
7030 7025 2 2 10 O 20
7032 7031 2 2 10 O 10
7034 7033 2 2 10 O 30
7036 7035 2 2 10 M 20
7038 7037 2 2 11 O 30
7040 7039 2 3 11 M 10
7042 7041 2 6 29 O 30
7044 7043 2 5 23 M 20
7046 7045 2 2 7 M 10
7048 7047 2 5 24 M 20
7050 7049 2 5 24 M 30
7054 7078 1 6 30 M 20
7078 7055 1 13 68 O 30
7054 7058 2 4 19 O 30
4250 7055 2 6 29 O 20
14823 4250 2 38 210 M 20
7057 22721 2 7 37 M 10
7058 7057 2 4 21 M 20
7059 22720 2 2 9 M 10
7057 7059 1 4 18 O 10
11007 7053 1 8 41 O 10
17268 7066 1 3 13 O 10
7071 7072 1 6 30 M 30
3120 7071 1 13 68 O 30
3109 7064 1 1 5 O 20
7068 7067 1 3 14 O 10
7070 7069 1 2 9 O 10
3107 22769 1 1 5 O 10
3111 22766 1 3 13 O 20
22766 3109 1 2 10 O 20
22766 7063 1 2 6 M 10
7070 3110 1 2 7 O 10
7064 7070 1 3 14 O 20
7067 22767 1 2 7 O 20
7067 7076 1 2 9 O 30
3110 22767 1 6 28 O 30
7066 22768 1 2 7 O 30
22768 3121 1 1 4 M 20
7066 7065 1 2 6 O 30
3107 7074 1 2 8 O 30
22721 7061 1 2 11 O 20
7073 7051 1 3 16 O 30
7051 11005 1 3 14 O 30
7052 22766 1 6 30 O 20
4247 7076 1 6 33 M 20
7065 22769 1 4 19 O 10
4247 7067 1 5 28 O 20
7075 7074 1 5 25 M 30
17269 7075 1 4 19 O 20
7072 7069 1 6 32 O 30
7069 7068 1 3 12 O 30
7052 3109 1 6 32 O 10
7074 7073 1 12 64 O 10
11007 7066 1 6 28 O 10
7076 22721 1 12 64 O 10
7078 7776 2 3 16 O 20
7776 7077 2 4 19 O 30
7060 12908 2 46 252 O 10
7084 17269 2 3 14 M 10
7080 7052 1 5 24 O 10
7079 11005 2 3 13 M 30
7061 11007 1 3 14 M 30
4248 2035 2 2 11 O 10
7081 4247 1 4 19 O 10
4250 7082 2 2 8 O 10
7083 7054 1 11 59 O 20
7055 7056 1 2 7 O 10
7086 7085 2 10 55 O 20
7088 20367 1 11 60 O 30
7062 7088 1 9 48 O 10
22715 22716 2 11 59 M 10
22716 7098 2 15 80 O 30
22720 22714 2 8 44 O 30
22717 22716 1 15 82 O 10
7090 7089 2 6 33 M 20
7092 7091 2 6 28 O 10
12749 7092 2 2 10 O 30
7092 7094 2 8 41 O 20
7094 7091 2 3 13 O 20
7091 7093 2 4 17 O 30
12747 7090 2 3 15 O 30
7090 12748 2 1 5 O 10
12748 7093 2 16 84 M 30
7093 7095 2 6 28 M 20
7095 12749 2 2 7 M 10
12749 7096 2 3 16 M 30
7097 14652 2 12 66 O 30
7103 12681 2 1 4 O 10
7104 7103 1 2 11 O 10
12908 7084 2 3 11 M 10
11111 8724 1 6 32 O 20
7103 11111 1 9 46 M 30
12907 7104 1 8 42 O 20
12907 7060 2 3 11 O 10
8724 12681 1 3 13 O 20
12681 12907 1 10 51 O 10
7100 7099 2 4 21 O 30
7102 7100 2 10 50 O 20
7100 7101 2 3 13 M 20
10450 14591 2 3 15 O 20
14591 24791 2 7 37 O 20
24791 24794 2 9 47 O 30
24794 18905 2 22 119 O 10
7105 10451 2 2 8 O 20
10451 23831 2 3 13 O 30
23423 7105 2 4 20 O 10
8848 7468 2 9 49 O 10
7468 21222 2 5 25 O 20
21222 8849 2 14 77 O 20
8849 7184 2 6 30 M 30
7184 8850 2 6 30 O 30
12392 15484 2 6 29 M 30
15484 12395 2 3 13 M 30
12395 3554 2 5 25 M 10
3554 16124 2 6 30 M 10
16124 15482 2 11 57 M 20
15482 18499 2 7 35 O 30
11363 12392 2 44 240 O 30
16002 21026 2 3 15 O 30
17136 17134 2 9 46 O 10
17134 12389 2 1 4 O 10
12389 10346 2 2 6 M 30
17130 17186 2 5 25 O 10
17186 17192 2 4 18 M 10
17192 17133 2 4 22 O 10
13558 7111 2 4 21 M 20
7111 17232 2 4 17 O 10
7134 11157 2 3 11 O 20
11157 13558 2 15 79 O 10
7109 7108 2 5 23 O 30
7111 7109 2 9 45 O 20
7109 7110 2 10 55 O 10
7113 7112 2 3 14 O 10
7115 7114 2 3 14 O 10
7117 7116 2 5 23 O 10
7127 7118 2 2 6 M 30
7120 7119 2 3 14 O 20
17230 7121 2 3 16 O 20
7123 7122 2 2 11 O 30
7125 7124 2 6 28 O 10
7127 7126 2 4 22 O 30
7129 7128 2 5 28 O 20
7131 7130 2 4 21 O 10
7133 7132 2 2 10 O 20
15578 20952 2 61 334 O 10
657 17132 2 6 32 O 20
17132 17136 2 4 21 O 20
17133 17188 2 2 7 O 20
17188 17127 2 4 19 O 10
17127 657 2 1 3 O 30
7135 7134 2 9 49 O 20
16884 7135 2 13 69 M 10
28202 7160 1 20 108 O 20
7160 7159 1 2 10 O 10
7137 7138 2 52 288 M 30
7139 7140 2 25 136 O 10
18959 7141 2 12 64 O 30
6765 7142 2 17 91 M 30
7142 6766 2 10 53 M 20
6765 7143 2 18 98 O 10
7143 7142 2 6 29 M 10
7144 7145 2 25 137 O 30
11682 11681 2 2 7 O 20
11681 26643 2 32 172 O 30
11680 11682 2 11 59 O 10
11681 7146 2 13 69 M 10
7147 7148 2 5 24 O 30
9057 24465 1 13 68 O 20
23169 24336 1 5 23 M 20
6331 18238 1 4 18 O 30
18231 6331 1 8 41 O 20
28746 28745 1 4 22 O 30
28745 10747 1 10 52 M 20
23466 7149 1 5 26 O 30
7150 23466 1 8 42 O 10
7152 7151 1 7 33 O 30
8441 7152 1 8 40 M 30
7153 26470 1 13 67 O 10
7154 7155 1 23 127 O 10
5481 7154 1 8 43 M 30
5482 7158 1 14 74 O 20
5483 8623 1 10 54 O 30
7156 8623 1 2 11 O 10
7157 2263 2 4 17 O 30
7158 5483 1 11 60 O 20
7159 7156 1 2 9 O 20
7159 22982 1 7 33 O 10
7163 22821 2 3 14 O 20
22821 22820 2 2 10 O 30
22820 7162 2 4 20 O 30
15443 7164 2 1 4 M 20
7164 15441 2 4 17 O 20
7166 7165 2 3 13 O 30
7167 22662 2 2 9 O 20
7167 2125 2 9 48 O 30
20141 1116 2 2 8 O 20
7168 28110 2 3 11 M 30
13335 20142 2 5 24 M 10
20142 7169 2 4 17 O 10
13335 7170 2 3 15 O 20
26429 26430 2 2 10 M 20
7172 7171 2 2 10 O 30
26432 6593 2 2 8 O 10
18235 22812 1 1 5 O 30
23205 11485 2 1 5 M 20
7175 10969 2 13 70 M 10
10969 20765 2 2 10 O 20
20765 10970 2 3 14 O 10
7173 7175 2 9 47 O 20
9110 7173 2 3 12 O 30
7174 9110 2 8 40 O 20
7178 7177 2 9 48 M 20
7177 7176 2 4 20 O 10
7180 7179 2 4 18 O 10
7182 7181 2 2 8 O 10
7184 7183 2 6 33 O 20
7185 7186 2 5 25 O 30
7187 7188 2 6 32 O 20
7189 7190 2 29 157 M 10
7191 7192 2 3 17 O 10
7192 7193 2 12 63 O 10
7193 7194 2 12 63 M 10
7194 7192 2 9 46 O 10
7195 7196 2 3 11 M 20
7197 7198 2 7 37 O 10
7199 7200 2 13 72 O 20
26141 12795 2 10 51 O 30
12795 13751 2 6 31 O 20
13751 11923 2 5 27 O 10
11923 13752 2 4 17 O 10
5802 5800 2 4 17 O 30
5800 20119 2 10 51 O 10
20119 11924 2 8 39 O 20
11924 14477 2 18 96 M 10
5802 5798 2 4 20 M 10
20114 7204 2 3 12 O 10
20551 20552 2 4 17 O 10
20552 7207 2 4 19 O 20
7205 20563 2 2 8 O 30
29014 12538 2 5 26 O 30
12538 19358 2 13 69 O 30
7209 7208 2 29 160 O 20
7211 7210 2 22 120 O 30
7214 7213 2 10 52 O 30
7213 7212 2 6 30 O 10
7216 7215 2 6 28 O 20
7221 7220 2 12 66 M 20
7223 7222 2 13 72 O 30
7225 7224 2 14 73 O 10
7227 7226 2 7 39 O 30
8799 7228 2 9 45 M 30
7233 7229 2 13 72 O 10
7231 7230 2 7 35 O 10
7235 7234 2 5 26 M 30
7240 7239 2 11 60 O 20
7242 7241 2 10 52 O 30
18744 7243 2 4 22 O 20
18743 18744 2 5 22 O 30
7245 7244 2 3 11 O 10
7247 7246 2 2 9 O 10
7249 7248 2 3 13 M 10
7300 7250 2 3 12 O 30
7252 7251 2 1 5 O 30
7254 7253 2 2 6 O 20
7256 7255 2 3 13 O 10
7258 7257 2 5 26 O 30
7260 7259 2 2 9 O 10
7262 7261 2 4 19 O 30
7264 7263 2 4 18 M 20
7266 7265 2 3 14 O 20
7268 7267 2 3 12 O 20
7270 7269 2 2 9 O 30
7302 7271 2 2 9 M 30
7302 7272 2 2 6 O 10
7274 7273 2 4 17 O 20
7276 7275 2 2 9 O 10
7278 7277 2 9 45 M 30
7280 7279 2 4 19 O 30
19364 7281 2 4 17 O 10
7283 7282 2 3 13 O 30
7285 7284 2 2 9 M 30
7287 7286 2 2 11 O 20
7289 7288 2 3 14 O 10
7291 7290 2 3 16 O 20
6265 7292 2 4 19 O 20
7294 7293 2 2 11 O 30
7296 7295 2 3 12 O 30
7298 7297 2 3 13 O 20
7301 7299 2 9 48 O 20
7302 18746 2 7 36 O 30
18741 7289 2 2 10 O 10
7289 7287 2 3 13 O 30
7287 7298 2 5 24 O 10
7298 7291 2 3 12 M 10
7291 7296 2 1 4 O 10
7296 6265 2 3 13 O 10
6265 7294 2 3 13 M 30
7294 18740 2 1 4 O 30
7309 25322 2 4 21 O 20
25322 7315 2 31 172 O 10
17875 14795 2 14 73 O 30
7311 7310 2 4 18 M 30
7312 7311 2 39 215 O 30
7313 7312 2 7 34 O 30
1856 7313 2 91 504 O 10
7315 7314 2 4 20 O 10
7314 7318 2 54 298 O 10
7317 7316 2 2 7 O 10
28523 7317 2 7 37 M 30
7318 25323 2 3 15 O 20
25323 28523 2 29 158 O 10
7320 7319 2 13 67 O 20
21030 7308 2 4 17 O 10
7324 7323 2 3 15 O 10
7326 7325 2 5 24 O 20
10309 7327 2 9 47 M 20
11549 7327 2 7 34 M 20
7327 7328 2 8 43 M 10
7330 7329 2 2 9 M 20
4234 7331 2 2 10 O 20
7333 7332 2 2 11 O 20
7335 7334 2 2 7 O 20
4235 7336 2 2 11 M 10
7338 7337 2 7 36 M 30
7340 7330 2 18 99 O 20
7330 7339 2 2 6 O 10
7341 7342 2 7 39 O 20
7343 7341 2 19 100 O 30
14770 21032 2 5 24 M 10
26537 23845 2 14 76 O 10
10635 10634 2 11 56 O 30
7351 7348 2 7 36 O 10
7348 7350 2 13 70 O 10
7351 7349 2 7 38 M 20
7352 7351 2 2 11 M 10
7354 7353 2 4 22 O 10
7344 7354 2 3 12 O 20
7354 7355 2 12 67 O 30
7357 7356 2 8 39 O 10
26532 7358 2 4 22 O 10
17984 7344 2 6 33 O 20
7344 14770 2 14 75 O 10
2689 7345 2 6 33 O 30
2688 7346 2 3 12 O 10
2687 7347 2 6 31 O 20
7359 6263 2 7 35 O 30
7300 20572 2 1 5 O 20
20572 7247 2 2 6 M 10
7247 7249 2 3 15 O 30
7249 7245 2 4 19 O 10
7245 18901 2 3 12 O 20
21030 7360 2 1 5 O 10
18743 6262 2 3 13 O 20
7362 7361 2 9 47 O 30
19947 19948 2 10 51 O 10
19845 19843 2 4 21 O 10
15654 11526 1 21 114 M 10
14255 7374 2 7 37 O 10
14255 7375 2 6 29 O 20
14254 11525 2 4 22 O 10
7364 7363 2 4 22 O 20
12743 7365 2 3 16 O 20
7367 7366 2 4 22 O 20
7369 7368 2 3 13 O 10
12742 7370 2 3 14 O 30
11785 7371 2 3 14 O 10
7373 7372 2 5 23 O 20
8946 7389 2 8 41 O 30
15843 7390 2 7 37 O 30
7392 7391 2 8 41 O 30
6105 7393 2 9 45 O 10
7395 7394 2 10 53 O 30
6106 7396 2 8 39 O 20
12667 12669 2 11 56 M 10
12669 12668 2 7 38 O 30
3228 7401 2 5 24 O 30
7401 7388 2 17 89 O 30
7388 7416 2 9 48 O 10
7416 7413 2 13 68 O 10
7413 7411 2 6 28 O 20
7411 5323 2 10 54 O 20
7377 7376 2 8 40 O 20
7379 7378 2 3 13 O 30
7382 7379 2 2 11 O 30
7379 7380 2 13 67 M 30
7383 7382 2 4 21 O 20
7382 7381 2 11 57 O 30
7385 7384 2 8 42 O 30
8726 7386 2 8 40 O 20
7397 7387 2 5 26 O 20
7399 7398 2 10 54 O 30
7401 7400 2 9 45 O 20
7403 7402 2 12 66 O 30
7405 7404 2 7 39 O 20
10469 7406 2 10 55 O 20
7408 7407 2 10 55 M 20
5323 7409 2 4 20 O 10
7411 7410 2 8 41 O 20
7413 7412 2 5 27 M 10
7388 7414 2 9 45 O 10
7416 7415 2 4 19 O 10
7419 11462 2 13 70 M 30
27658 19749 2 15 79 O 10
19749 19748 2 12 63 M 10
13135 19750 2 4 20 O 20
15490 7420 2 12 67 O 10
6541 7418 2 4 21 O 10
7418 15492 2 24 131 M 20
15491 15640 2 52 288 O 10
7418 7417 2 18 100 O 20
12933 11427 2 11 57 O 20
7426 7425 2 6 33 O 20
21223 6540 2 7 35 O 20
24346 7428 2 7 36 M 30
7429 7430 2 10 53 O 10
13127 2970 2 3 15 O 10
7433 7434 2 3 12 O 10
7432 7431 2 4 20 O 10
7436 7435 2 6 29 O 10
7438 7453 2 2 8 M 30
7440 7439 2 6 31 O 30
7442 7441 2 3 15 O 30
7444 7443 2 3 12 M 30
7446 7445 2 3 16 O 30
7448 7447 2 5 28 O 20
7450 7449 2 4 22 M 20
21221 7451 2 7 36 O 20
7452 7437 2 3 14 O 30
7453 7452 2 2 7 M 10
7450 7466 2 3 14 O 20
7468 7467 2 6 30 M 20
7470 7469 2 4 21 O 20
7472 7471 2 6 28 O 30
7474 7473 2 7 37 O 30
7478 7475 2 4 22 O 20
7477 7476 2 7 34 O 20
7480 7479 2 2 11 O 10
7482 7481 2 6 31 O 10
7484 7483 2 2 8 O 10
7486 7484 2 4 21 O 20
7484 7485 2 3 11 O 20
7488 7487 2 2 7 O 20
7490 7489 2 3 14 O 10
7492 7491 2 3 15 O 20
7494 7493 2 6 29 O 10
20680 7495 2 3 16 O 20
7497 7496 2 4 22 O 20
7499 7498 2 4 20 O 20
7507 7500 2 4 21 O 10
7502 7501 2 3 15 M 20
7504 7503 2 3 15 O 10
7505 7501 2 5 23 M 10
7455 7454 2 6 28 M 20
7457 7456 2 3 14 M 30
7459 7457 2 2 6 O 10
7457 7458 2 2 10 O 30
7461 7460 2 9 47 O 20
7462 7463 2 3 11 O 10
7465 7462 2 1 5 O 20
7463 7464 2 8 41 M 30
7513 7512 2 9 45 O 10
9735 7531 2 6 29 O 20
7531 7548 2 1 5 M 20
7548 28707 2 5 27 M 30
7509 7508 2 3 15 O 20
7511 7510 2 6 30 O 30
7528 7527 2 5 27 O 30
7529 7515 2 2 8 O 20
7515 12341 2 11 60 O 30
7515 7514 2 13 71 O 30
7514 12341 2 1 5 M 30
7517 7516 2 3 15 O 20
9735 7524 2 2 10 O 30
7524 7525 2 2 10 O 30
7525 7517 2 1 3 O 30
7517 7522 2 1 4 O 20
7522 7520 2 2 9 M 20
7520 7518 2 14 74 O 10
7520 7519 2 3 16 O 10
7522 7521 2 3 16 O 20
7524 7523 2 3 17 O 10
7525 7526 2 3 16 M 30
7552 7551 2 2 6 O 20
7554 7553 2 2 7 M 10
7557 7555 2 3 14 O 30
7506 7557 2 4 17 O 20
7557 7556 2 6 32 O 10
7559 7558 2 3 11 O 30
7591 7590 2 6 33 O 20
7593 7544 2 6 28 O 30
7544 7592 2 5 24 O 20
7592 13513 2 2 9 O 10
13513 7550 2 3 14 O 20
7550 7546 2 1 5 O 10
7546 21218 2 3 14 O 30
20606 7552 2 3 11 O 10
7552 7537 2 3 12 M 30
7537 7539 2 5 26 O 20
7539 7541 2 2 6 O 30
7541 7559 2 2 8 M 10
7559 7593 2 2 7 O 30
7595 7594 2 8 40 O 10
7597 7594 2 3 14 O 10
7594 7596 2 8 40 O 30
7531 7530 2 6 30 O 10
7533 7532 2 2 10 O 30
7535 7534 2 4 20 O 10
7537 7536 2 2 7 O 10
7539 7538 2 4 17 M 10
7541 7540 2 3 15 O 20
7593 7542 2 3 15 O 20
7544 7543 2 2 7 O 30
7546 7545 2 3 17 O 10
7548 7547 2 8 39 O 10
7550 7549 2 2 9 O 30
7583 7582 2 2 7 O 30
7585 7584 2 6 29 M 20
7587 7586 2 6 28 O 30
7589 7588 2 3 14 O 30
7575 7574 2 4 19 O 30
7577 7575 2 2 8 O 20
7575 7576 2 9 46 O 20
8845 7577 2 4 19 M 20
7579 7578 2 9 49 O 10
7581 7580 2 6 31 M 30
6407 7598 2 9 48 O 30
7561 7560 2 6 28 M 20
18976 7562 2 7 35 O 10
7564 7563 2 6 31 M 20
8843 16896 2 47 259 M 20
16897 7565 2 5 24 O 20
7567 7566 2 3 15 O 20
7569 7568 2 7 34 O 30
7571 7570 2 18 100 O 10
7573 7572 2 14 75 O 20
7600 7599 2 9 45 O 30
28417 28416 2 4 17 O 30
28415 28414 2 5 26 O 30
16875 22161 2 12 63 O 30
22161 16876 2 6 28 O 30
16876 22160 2 4 17 O 30
22160 16877 2 5 23 O 20
13472 13471 2 2 9 O 30
13471 21808 2 13 68 O 20
21808 8836 2 14 74 O 20
7606 7607 2 3 12 O 10
7607 7608 2 5 26 O 10
7609 7607 2 9 46 M 30
7610 7615 2 11 57 M 10
7615 7613 2 3 16 O 20
7613 7611 2 12 64 O 10
7612 7613 2 9 48 O 10
7614 7615 2 9 47 M 10
7616 7617 1 18 95 O 10
7621 7622 2 11 60 O 30
7622 7619 2 1 3 O 30
20494 7623 2 3 15 O 10
1046 7528 2 8 43 O 10
8845 1046 2 1 6 O 10
7625 7624 2 4 20 O 20
7628 7626 2 2 8 O 10
7628 7627 2 2 7 O 30
7629 7628 2 2 7 O 30
15488 7759 2 5 22 O 20
7759 20745 2 2 8 O 20
13122 19041 2 10 53 M 10
19041 15499 2 7 36 O 30
15499 13121 2 9 47 M 20
13121 15495 2 9 46 O 10
15495 7630 2 5 23 O 10
15498 15487 2 5 27 O 10
13121 17426 2 13 68 O 10
17426 17427 2 8 44 O 30
26206 26205 2 5 23 O 30
7632 7631 2 1 4 M 20
24995 24994 1 3 16 O 30
24994 7636 1 4 18 O 30
25084 7634 2 3 14 O 10
7635 7637 2 2 8 O 10
21348 5603 1 9 50 O 20
7652 7651 2 3 13 O 10
7652 9901 2 6 32 O 30
11104 5998 2 4 22 M 20
5998 13124 2 9 48 M 10
7654 7653 2 12 65 O 30
7659 7655 2 5 28 O 30
7656 7658 2 5 25 O 10
7660 7657 2 2 8 O 20
7657 7659 2 7 34 O 20
7659 7656 2 3 12 O 10
12129 7662 2 2 7 M 20
7662 7664 2 4 19 O 20
7664 23880 2 2 10 O 10
8935 12129 2 3 15 O 10
7662 7661 2 9 45 O 10
7664 7663 2 8 41 O 20
1225 1226 2 3 11 O 20
5997 1225 2 1 5 O 20
12622 13442 2 2 8 M 10
18979 23879 2 4 17 O 10
7668 6508 2 6 30 O 30
7666 7667 1 1 4 O 20
7668 7666 1 2 7 O 30
13124 7667 2 10 52 O 10
7667 18979 2 1 4 M 20
6324 1217 2 9 46 O 30
1216 7665 2 13 69 O 10
13442 13441 2 13 70 O 30
1215 11148 1 6 31 M 10
11148 13441 1 4 17 O 20
11149 1216 2 6 30 O 10
21266 7136 2 3 16 M 10
7671 7670 2 3 14 O 20
1223 1224 2 2 6 O 20
21267 7681 2 6 30 O 30
7681 7672 2 1 5 O 10
7674 7682 2 3 13 M 30
7675 7674 1 1 5 O 30
7674 7673 1 3 14 O 30
7677 7675 2 2 7 O 10
7675 7676 2 4 18 O 30
7679 7678 2 3 16 O 30
7681 7680 2 1 3 O 20
7684 7683 2 3 13 O 20
8792 7684 2 6 30 O 30
7684 7685 2 1 3 O 10
7687 7688 2 1 5 O 10
7688 7686 2 15 83 O 10
7689 29516 2 8 42 O 30
29516 7688 2 5 27 O 20
7695 7690 2 5 23 O 20
7692 7691 2 5 27 O 10
29520 29521 2 2 8 M 30
29521 29522 2 3 14 O 20
7694 7693 2 9 49 O 10
29513 7692 2 3 12 O 10
7692 7694 2 11 58 M 20
29522 7696 2 18 95 O 10
7696 7695 2 20 108 O 30
7695 29513 2 2 7 O 30
8068 7700 2 6 30 M 10
5666 7699 2 15 83 O 10
7701 7703 2 3 17 O 10
7703 7715 2 3 13 O 30
7715 8004 2 9 49 O 30
8004 7714 2 1 5 O 10
7703 7702 2 8 43 O 20
7705 7704 2 5 24 O 20
7706 7704 2 4 21 O 20
7704 7990 2 4 18 O 10
18978 7707 2 7 35 O 20
14203 8010 2 7 34 O 30
7708 7710 2 7 34 O 10
7711 7709 2 3 16 O 30
8010 7713 2 12 66 M 30
7669 8004 2 22 118 O 20
7715 7716 2 13 70 O 10
7718 7717 2 12 64 O 30
13923 13920 2 7 37 O 30
13921 3140 2 11 60 O 30
11159 13123 2 9 48 M 20
24466 12325 1 3 12 O 30
27704 27703 2 9 45 O 30
16943 11519 2 3 16 M 10
11519 16942 2 2 10 M 10
9901 7722 2 3 16 O 10
9901 9052 2 8 39 O 10
22805 7724 2 3 12 O 10
7724 7725 2 3 12 M 30
7726 5032 2 4 18 M 30
8507 5032 2 39 215 O 20
7728 7727 2 7 38 O 20
7730 7729 2 7 36 O 10
15498 7735 2 1 4 O 20
15503 9690 2 10 52 O 20
1051 13114 2 2 7 M 30
7736 1051 2 4 22 O 30
7738 7737 2 8 44 O 20
7737 7739 2 5 27 O 10
7740 7737 2 3 15 O 10
7739 7738 2 5 25 O 30
7743 7742 2 4 22 M 30
7741 7743 2 13 70 O 10
7744 7740 2 10 54 O 10
7740 7743 2 8 43 O 10
7758 7757 2 2 11 O 20
7755 7756 2 2 10 O 30
29549 7755 2 2 6 O 20
7748 7747 2 1 4 O 20
7750 7749 2 5 26 O 10
7752 7751 2 3 16 O 30
7759 7753 2 2 9 O 10
20744 7754 2 3 14 O 10
29549 7758 2 2 6 O 30
15504 29551 2 18 99 O 30
15503 15504 2 11 56 O 10
7745 7766 2 8 43 O 20
7766 15501 2 4 17 M 30
7746 7745 2 8 42 O 20
7760 7761 2 6 30 O 30
15507 15508 2 29 160 O 20
7763 7762 2 3 14 O 30
19042 15508 2 8 41 O 20
15487 19042 2 11 58 M 30
7764 7772 2 1 5 O 30
7766 7765 2 5 24 O 20
15501 15503 2 18 99 M 30
15487 15501 2 9 47 O 30
7745 15506 2 18 99 O 20
19042 7760 2 6 31 O 30
7760 7745 2 4 19 O 30
7746 15509 2 20 108 O 30
7769 7768 2 2 6 O 10
7771 7770 2 1 6 O 10
7774 7773 2 4 20 O 20
7776 7774 1 10 55 O 30
7774 7777 1 4 18 O 20
7775 7773 1 4 18 O 20
7773 7077 1 10 55 O 20
7777 7775 2 4 20 O 20
7775 7778 2 17 92 O 20
4251 7778 2 5 28 O 10
7778 7779 2 4 19 O 30
7993 7782 2 2 9 O 30
7782 7780 2 4 18 O 30
7782 7781 2 5 23 M 10
7781 7995 2 4 17 O 30
7784 7785 2 6 29 O 10
12827 29076 2 5 24 M 10
7786 7787 2 3 16 M 20
29092 29126 2 11 58 M 20
7789 7790 2 4 21 M 10
27860 7791 2 3 14 O 10
7792 7793 2 5 23 M 30
15322 15320 2 8 43 O 30
1585 1584 2 3 13 O 20
7797 7795 2 3 13 O 20
7795 7796 2 2 10 O 30
7800 7798 2 3 16 O 20
7798 7799 2 3 14 O 20
1691 7795 2 6 33 O 10
7795 7798 2 22 121 O 20
7798 7801 2 5 24 O 20
7803 7802 2 5 23 O 20
7805 7804 2 5 27 O 20
7807 7806 2 8 42 O 30
5326 25682 1 7 38 O 20
25682 25683 1 7 36 O 10
25684 5325 1 6 33 O 30
18439 25684 1 6 31 M 10
5324 10238 1 7 36 O 30
10238 25682 1 14 73 O 20
11060 10238 2 3 14 O 20
20931 7810 2 3 11 O 20
24850 10254 2 1 4 O 20
24845 20931 2 3 14 O 10
11060 24845 2 2 9 M 30
5372 7811 2 5 24 O 10
5326 25683 1 4 19 O 20
18439 5325 1 3 17 O 10
7808 11060 2 8 40 O 20
7812 18098 2 55 302 O 20
7813 18099 2 5 24 O 20
8598 20916 2 55 302 O 10
7815 7814 2 6 33 M 20
7817 7816 2 4 22 O 10
7819 7818 2 5 22 M 30
7821 7820 2 2 6 O 10
7823 7822 2 5 26 O 10
7825 7824 2 4 20 O 20
13445 13444 2 6 31 O 10
14639 14640 1 72 396 O 10
7828 17847 2 3 16 M 30
17847 763 2 6 33 O 30
17825 17838 2 3 16 M 30
17838 17840 2 3 17 O 30
17840 17842 2 4 17 M 30
17824 17835 2 6 29 O 20
17835 17825 2 6 33 O 30
7832 7831 1 3 11 O 20
7830 7832 1 2 7 O 10
7833 7834 2 1 5 O 10
23889 7830 1 8 43 M 20
7830 7833 1 3 12 O 20
7833 7832 1 3 16 O 20
21318 7835 1 2 10 O 20
21302 21319 1 3 16 M 30
21319 7836 1 4 21 O 10
7836 21320 1 2 11 O 10
7836 14658 1 23 125 O 30
14656 7835 1 10 53 O 10
24392 21318 1 4 17 M 30
21320 22600 1 3 14 O 10
7835 21302 1 3 14 O 10
8468 12767 2 9 49 O 10
4327 5980 2 17 91 M 10
19967 2026 2 3 16 O 30
2026 2024 2 3 16 O 20
2024 2022 2 3 16 O 30
19967 19966 2 6 32 M 20
19966 19965 2 4 22 O 10
19962 19966 2 3 17 O 10
7839 19967 2 3 16 O 10
19970 2027 2 12 62 O 30
19963 6303 2 4 20 M 10
6303 7840 2 31 168 O 20
2027 6303 2 15 82 O 10
25943 25944 2 6 33 O 30
25944 25942 2 4 20 O 10
7841 25979 2 6 30 O 20
25948 25978 2 24 129 M 20
25949 25950 2 4 20 M 20
25950 25948 2 8 39 M 10
25958 25956 1 3 16 O 10
25956 25954 1 4 17 M 10
25954 25949 1 4 18 O 20
25947 25944 2 14 75 O 20
23841 1687 2 2 6 O 30
20408 20414 2 14 73 O 10
7844 7843 1 8 40 O 20
7843 7842 1 3 16 O 30
21342 7845 2 8 42 M 20
7848 7847 2 10 53 O 30
7858 7857 2 8 43 O 30
7861 7860 2 10 52 O 30
7863 7862 2 9 48 M 10
7866 7865 2 23 125 O 20
7851 7867 2 12 64 O 30
21074 7868 2 10 52 O 30
7870 7869 2 13 71 O 10
24433 7871 2 11 58 O 30
24432 7872 2 10 52 M 10
7874 7873 2 8 41 O 20
7876 7877 2 8 43 M 10
8224 7878 2 7 37 O 20
7880 7879 2 10 52 O 20
16723 7881 2 6 28 O 10
7882 7883 2 6 33 O 30
7884 7885 2 7 36 M 10
10745 10743 2 10 51 M 30
10745 24941 2 10 51 O 30
7887 10604 2 2 11 O 20
7888 14859 2 23 127 O 30
8115 7889 2 16 89 O 30
7890 23543 2 5 26 M 10
7891 7892 2 6 31 O 20
7895 7896 2 11 58 M 10
7897 7898 2 4 19 O 30
7898 7899 2 3 17 O 30
11827 7902 2 3 15 O 30
7992 11830 2 6 33 O 20
18985 11837 2 19 103 M 10
11837 10506 2 9 45 M 20
10506 11828 2 7 36 O 30
9486 14974 2 2 11 M 30
14974 7903 2 4 17 M 20
10501 7901 2 13 69 O 20
7905 7906 1 7 33 O 20
7906 7904 1 9 47 O 30
7908 7907 1 5 26 O 30
7910 7909 1 5 26 O 10
7912 7911 1 5 26 O 30
7914 7913 1 5 26 M 10
7916 7915 1 5 26 O 20
7918 7917 1 5 26 M 30
7920 7919 1 5 26 O 20
7922 7921 1 5 26 M 30
7924 7923 1 5 26 O 20
7926 7925 1 5 26 O 20
7928 7927 1 5 27 O 20
7930 7929 1 5 26 O 20
7932 7931 1 5 26 O 20
7934 7933 1 5 27 O 10
7936 7935 1 5 26 O 10
7937 7938 1 5 26 M 10
7940 7939 1 5 26 O 20
7941 7942 1 5 27 O 30
7944 7943 1 5 27 O 20
7946 7945 1 5 27 O 30
7948 7947 1 5 27 O 30
7950 7949 1 5 26 M 30
7952 7951 1 5 27 O 30
7953 7954 1 5 27 O 20
7956 7955 1 5 27 O 10
7957 7958 1 5 27 O 10
7960 7959 1 5 27 M 20
7962 7961 1 5 27 O 30
7964 7963 1 5 27 O 20
18523 7965 2 3 13 O 10
7965 18522 2 12 62 O 10
18520 18521 2 20 107 O 30
18521 7967 2 32 176 O 30
7968 7969 2 7 39 M 30
14578 9463 2 4 18 O 30
9126 9121 2 31 168 M 20
20501 7974 2 7 37 O 30
2896 8202 2 4 22 O 20
8202 20499 2 5 26 O 30
7971 3512 2 7 37 M 10
6522 7973 2 3 15 M 10
15836 3512 2 9 48 O 20
3512 7972 2 6 29 O 20
20503 15829 2 4 19 M 30
15829 15830 2 8 39 O 30
15830 8871 2 7 35 O 20
8871 8872 2 1 1 O 20
8872 8875 2 11 59 O 10
8875 8876 2 1 1 O 30
8876 8859 2 6 31 O 10
8859 8878 2 6 29 M 10
8878 8881 2 13 68 O 10
8881 7975 2 6 32 O 10
15839 20504 2 18 97 O 20
7977 7976 2 7 38 O 30
7979 7978 2 8 41 O 10
7980 15325 2 1 3 M 10
15325 20514 2 25 137 O 30
20514 21807 2 3 11 O 20
7981 7982 2 9 48 O 20
7713 7984 2 4 22 O 10
7713 7985 2 3 15 O 20
7710 7986 2 9 48 O 20
7711 7987 2 1 5 O 10
7988 7712 2 1 3 M 30
7983 7989 2 7 38 O 20
7712 7991 2 10 52 O 10
7781 7994 2 2 9 O 30
7996 7997 2 1 4 O 10
7703 8000 2 11 59 O 20
21268 8001 2 5 23 O 10
8002 8003 2 7 38 O 30
21923 8007 2 16 88 O 30
8008 13919 2 6 29 O 10
8009 8010 2 4 20 O 20
7714 8007 2 1 5 O 20
8007 8005 2 4 21 O 30
3140 22460 2 4 19 O 30
22460 13923 2 4 18 O 30
13923 22462 2 8 40 O 20
13922 18978 2 3 11 O 20
29528 14202 2 2 8 O 20
14202 7712 2 5 24 O 30
29519 7710 2 1 3 O 10
7710 7711 2 3 16 O 30
8010 8011 2 1 2 O 20
1479 12856 2 23 125 O 30
8012 8013 2 4 22 O 30
8013 18794 2 5 27 O 20
18798 18794 2 14 74 O 10
18794 18796 2 18 95 O 10
13512 2673 2 1 5 O 10
2673 2678 2 5 26 M 10
2678 2671 2 4 18 O 20
2671 2679 2 4 18 O 30
2679 2682 2 1 4 O 20
2682 2669 2 5 23 O 10
2669 4394 2 5 23 M 30
16509 16512 2 6 30 O 30
16512 30251 2 1 3 O 20
30251 16513 2 1 3 M 20
13687 12994 2 20 109 O 20
12994 12995 2 34 183 M 10
13005 12179 2 11 59 M 30
12179 29450 2 8 40 O 10
8014 11754 2 1 5 O 30
11754 13687 2 5 27 O 20
8015 8019 2 3 16 O 10
8019 8016 2 3 13 O 20
8017 8018 2 4 20 O 20
8017 8019 2 6 29 M 10
8019 8020 2 9 48 M 20
8020 8016 2 12 62 O 10
8016 8021 2 5 25 O 20
8022 8023 2 9 48 O 30
8024 8025 2 10 51 O 20
8026 8027 2 3 14 O 20
8027 8028 2 4 18 O 20
8027 8029 2 4 21 O 30
8030 8031 2 7 36 M 20
8032 8033 2 7 36 O 30
8034 8035 2 7 36 M 20
8036 8037 2 7 35 O 20
8038 9009 2 7 37 O 10
16376 16379 2 13 69 O 10
8044 8046 2 8 41 O 30
8046 8045 2 4 22 O 10
8046 8049 2 3 15 M 10
8049 9586 2 8 43 O 30
249 8047 2 19 104 O 30
8048 8049 2 5 26 O 20
8051 8053 2 3 14 M 10
8053 8052 2 20 110 O 20
8053 8054 2 16 89 O 20
24769 8055 2 4 20 O 20
8055 8056 2 10 54 O 30
8057 24770 2 9 49 O 30
27851 8039 2 1 4 O 30
8039 8041 2 4 17 O 20
8041 8040 2 14 74 O 30
8040 8039 2 10 56 O 10
8040 30252 2 4 20 O 10
30252 8041 2 4 20 O 20
8042 8043 2 15 81 O 30
18350 8058 2 3 14 O 10
24723 8059 2 1 3 O 30
8059 8051 1 3 14 O 20
8051 8060 1 2 11 O 20
8060 8059 1 1 3 O 20
250 8061 1 4 19 O 10
8061 8062 1 3 13 O 10
8062 250 1 2 7 M 30
5666 8068 2 2 8 O 10
7998 7997 2 2 6 O 20
7997 7999 2 1 3 O 10
15833 8071 2 17 89 O 10
28410 6247 1 11 60 O 20
6247 8203 1 3 12 O 20
8069 15832 2 5 24 M 20
28411 15831 2 3 13 O 30
19626 8070 2 2 9 M 30
12797 12798 2 3 16 O 10
14860 8072 2 14 75 O 30
13853 15454 2 52 288 O 20
8073 8074 1 15 78 M 20
8074 8075 1 3 15 O 10
8075 14107 2 12 62 M 20
8077 8079 2 3 14 O 20
8076 8077 2 2 8 O 20
8079 8078 2 2 11 M 20
8080 8081 2 2 8 O 20
16687 18256 1 3 16 O 30
16687 15989 2 17 90 O 30
23543 11416 2 22 117 O 10
23544 23548 2 17 91 O 30
8082 16118 2 5 26 O 10
26403 8083 2 9 46 O 20
8084 8086 2 5 23 O 20
8087 8088 2 9 46 O 20
8089 8090 2 16 86 M 10
8091 8092 2 9 47 O 30
8093 21508 2 9 49 O 20
8094 8095 2 6 33 O 20
21506 6605 2 3 15 O 30
21506 8097 2 10 55 O 30
8098 8099 2 5 24 O 20
8925 8783 1 2 6 O 20
6235 14315 2 6 33 O 10
14315 11402 2 6 33 O 20
11374 8100 1 45 245 M 10
7218 7217 2 1 3 O 30
8102 8101 2 6 30 O 30
8103 8104 2 5 24 O 30
8104 8105 2 17 89 M 30
8105 8106 2 14 74 O 10
8106 8104 2 4 21 O 20
9090 26190 2 8 43 O 20
26190 26194 2 4 20 O 10
26194 14950 2 9 46 O 10
14948 25105 2 2 11 O 10
26207 14948 1 3 13 O 30
26206 7633 2 2 11 O 20
7633 26207 1 2 9 O 30
20296 8109 2 8 39 O 20
22961 1270 2 7 34 O 10
16514 16515 2 11 60 O 10
16515 16516 2 12 61 O 30
21545 16514 2 12 63 O 20
8113 8112 2 6 29 O 20
27721 25929 2 2 6 O 10
8116 10011 2 9 47 O 20
10010 8117 2 18 97 O 20
10012 10014 2 14 77 O 30
10014 25835 2 2 6 O 10
25835 28801 2 8 42 O 30
28801 10022 2 2 8 O 10
10022 28798 2 1 3 O 30
28798 25832 2 4 17 M 10
25832 28797 2 1 4 O 30
8120 8121 2 7 36 M 20
8122 8123 2 4 19 O 10
8124 8125 2 4 22 O 20
8126 8127 2 5 26 M 10
8128 8129 2 5 25 O 20
8129 8130 2 2 9 O 10
8129 8131 2 2 6 M 30
8132 8133 2 5 24 O 10
8134 8135 2 4 22 M 30
8136 8137 2 4 22 O 20
8138 8139 2 4 17 O 10
8140 8141 2 4 17 M 20
8125 8142 2 2 7 M 20
8143 8137 2 2 7 O 30
8137 8144 2 2 7 O 20
8145 8127 2 2 7 M 10
8127 8146 2 2 7 O 30
8147 8133 2 2 9 O 30
8133 8148 2 2 7 O 30
8149 8135 2 2 9 O 30
8135 8150 2 2 8 O 20
8125 8151 2 1 4 O 10
8152 8153 2 4 19 O 30
8154 19674 2 2 8 M 10
19674 8155 2 2 6 M 10
8156 19667 2 2 10 O 10
19667 8157 2 2 7 O 30
8158 8159 2 2 10 O 30
8160 8161 2 3 12 O 20
19666 8162 2 5 26 O 20
8163 19668 2 2 8 M 20
19668 8164 2 2 7 O 10
8165 19675 2 1 4 O 10
19675 8166 2 2 7 O 30
8167 19669 2 2 7 O 20
19669 8168 2 2 7 O 20
8169 8170 2 8 40 O 20
8171 8172 2 9 46 M 10
16214 26787 2 5 23 M 10
26787 26789 2 6 28 O 30
26789 14872 2 3 13 O 20
14872 26785 2 2 7 O 30
26785 25339 2 12 64 O 20
25339 26795 2 7 35 O 10
26795 26798 2 2 9 O 30
26798 9966 2 12 63 O 10
8173 8174 2 25 138 M 10
8175 14893 2 3 16 O 10
8176 8177 2 3 16 O 10
S M L S L M S L M S L M L S M S L M S L M S L M S L M S L M S L M S L M S L M S L M S L M S L S M L S M S L M S L M L S M L S M L S L S M L S M L S M L M S L M S L M S L M S L M S M L S M
