75
175
11840 11841 11842 13745 4568 4545 8389 4184 15704 7532 15702 13719 4334 1406 1390 1408 1409 1407 1409 1408 7412 7369 14498 1404 14498 7369 7412 8282 14785 7413 14505 14506 4341 13893 8326 8325 8352 8353 8317 929 442 444 927 8329 13889 14212 4332 1274 4309 14843 16125 4315 16125 14843 4309 7479 6253 7399 12336 12329 12336 1270 1269 1270 6252 6243 7219 7195 7243 14444 7433 7186 6243 7219 7195 7236 464 466 464 7236 7195 7232 8316 463 13759 8437 13518 37 0 37 4319 4321 4064 8317 8318 13764 7413 4339 7507 11786 11787 2096 11787 11786 16753 890 904 11784 11679 11678 8150 8282 14785 7413 4339 7507 11684 11690 11694 11692 11691 11692 11694 11690 11684 7507 4339 7365 7364 7363 13890 13763 4327 7499 1008 8263 4326 6143 6151 7503 8169 820 7505 7506 5888 14411 7440 7441 11743 11745 11728 718 11731 3219 7442 13718 764 5889 4290 4289 13792 5874 15872 5871 7370 4776 8907 3680 3681 14847 14848 15822 11888 11886 11841 11840
8657 16109 16107 5487 15736 8667 9305 15997 8664 11122 15348 5683 14023 16740 4378 8873 22 2241 4269 4270 4271 4296 4310 4343 4374 4375 5453 5571 5650 5664 5665 5666 5667 8654 8656 8666 8872 8939 10374 10502 10546 10963 11510 11956 16090 16110 18838
2422
11840 11841 11842 13745 4568 14494 4788 3681 14847 11887 11844 11880 11885 2104 11878 2102 2101 2102 11878 2104 11885 11881 11843 11844 11880 3128 4789 15716 109 4776 109 11876 11873 11872 11873 11874 11875 4829 5876 7760 7446 8516 7766 5872 4805 476 14491 8915 7906 11866 7903 7904 7902 7905 483 482 481 482 4780 5596 5573 11935 11852 11851 5594 5560 11932 11933 5556 5578 5605 5588 4792 4794 8469 8459 6354 13872 1115 13870 1113 13875 1113 13870 5330 8874 5363 8868 8867 8871 8874 5363 1953 10005 15753 5345 5364 6234 13877 15745 13877 621 622 621 13878 6128 13878 16237 16235 16236 16235 6129 8125 611 612 611 8125 9043 9042 16946 9042 9043 9041 9044 9747 1423 9045 9047 9743 587 588 589 588 587 9743 9739 9744 9745 8879 15818 8879 8878 8877 8878 8879 15818 595 594 595 15818 8879 9745 15816 6483 16198 6519 1106 8881 6505 8882 6509 1093 6504 6479 16196 6492 1102 1101 1102 3223 6482 15743 15741 5324 1158 1160 1158 5324 8113 8114 8115 8116 8115 8114 8111 5673 5650 5698 9765 8112 8887 8886 8887 8112 9765 5698 5650 8117 8118 5697 15046 8888 4368 5690 5624 5649 5624 9156 6542 1997 6527 9935 6497 6543 1993 1994 1993 6543 9938 14530 1547 14529 6487 9939 9959 9958 13383 9928 9925 6527 9935 6497 9937 6529 6471 6513 6471 6529 6514 6475 6470 5722 9924 8890 6485 4369 4370 9946 9948 14147 14146 9919 9920 9919 14146 9945 14146 9919 9892 9016 9018 14145 9028 9025 9023 14144 9021 14144 14139 9004 9003 9004 9006 9009 9007 9008 9007 9009 9010 9011 9010 9009 9007 15048 14140 2084 9029 15515 9029 8990 4407 2087 8987 4406 13605 13482 16328 13481 13480 2081 14141 2082 14141 16185 13477 9170 7933 14744 4980 14586 8993 13378 5640 13378 8993 14586 14589 13382 13381 13379 13381 13382 14589 14586 8993 13378 5640 5659 7660 9821 9809 2254 4214 4213 4214 9808 1554 5695 1564 9806 4045 4046 4045 5653 5674 5619 5630 7661 9039 15678 15677 15678 9039 7661 5630 5619 5674 5617 1530 5681 1532 5681 1530 1531 1530 5617 5674 5619 5694 5656 5699 5642 5685 5657 5633 16656 16245 16244 16243 7923 7922 1410 1413 15772 5882 8866 8865 8864 1418 1419 1420 8229 5878 8226 9751 8223 9751 9750 9751 8226 1420 1419 1418 8864 8865 8866 5882 5880 8231 8232 8233 8230 5877 5330 13870 1115 13872 6354 8459 8469 6348 13501 485 13504 213 211 213 13504 13502 14488 13503 13509 13508 5530 10013 10014 10012 10010 13888 13887 15873 5529 15516 145 4299 385 387 5365 9881 13046 13095 5340 4216 5355 298 299 286 5355 298 285 284 15892 284 16676 5373 281 282 288 289 290 295 297 291 292 293 283 287 9880 6506 13060 13058 13056 6491 5271 13054 9873 13054 5271 6491 5302 13100 5266 5301 13103 5301 5282 5220 5298 5278 5269 9876 15802 9878 9877 5306 5277 5306 9877 9878 15802 9876 5269 5278 5298 5220 5282 5257 5297 12953 14431 394 1323 393 1323 13097 8286 8285 14437 14435 14438 14433 5196 13512 13510 8292 8291 13885 13884 14427 13883 8289 4791 8301 15589 13129 13127 13129 402 5292 8411 8302 6473 8413 8303 5939 7678 5940 8525 755 11825 8474 5944 5945 8542 11799 5956 14329 14328 14327 8294 13484 8294 5961 11811 5941 11808 5959 6503 6537 5958 6537 6503 5957 4550 14423 14422 14421 15867 8274 8273 14420 8273 8274 8381 7438 11724 8253 8251 7439 6261 712 6071 7484 6072 8145 11722 8170 7360 5886 11740 5887 8277 8260 8259 8258 8259 8260 11717 2699 2698 2697 2698 2699 11790 8255 6262 7439 6261 5885 15859 11794 710 14417 8268 8272 5884 4298 7679 6431 4292 8129 4287 7682 4423 12841 12842 12841 12844 14366 12840 12875 5028 4947 12876 12878 5023 4961 12862 4961 5023 5000 4982 5007 4421 14351 12879 692 16652 12864 12860 12863 12862 4961 5023 12878 12876 4947 5028 12874 696 699 12853 12848 12851 12852 12854 12852 12851 12850 4313 8414 5039 4072 5039 8414 4465 7734 8362 8364 7732 7733 4469 8428 5038 5017 852 853 852 5032 4957 11602 4311 4328 4988 4303 4302 11653 4333 6236 4316 15754 13742 7655 7656 35 30 31 34 31 30 35 13195 8579 8590 4462 7658 4462 4580 4609 4669 4667 13187 955 4616 1041 8635 4668 4653 4662 4582 4336 4616 4583 959 4651 4678 13199 13200 13199 4632 4645 4722 4725 15854 14899 961 14898 4076 801 14179 991 992 986 987 986 992 14178 2716 2717 2716 14178 578 2724 4634 15605 15603 15605 8634 4686 13163 4599 4483 4643 4605 13162 4605 4643 4483 4494 4466 4498 4453 8156 4489 8156 4453 4491 1400 4675 13522 14243 13520 13519 4723 4661 4591 4661 4723 4707 1402 13155 13177 13155 1402 4707 4693 4706 4458 408 4675 1400 4491 4487 4482 13521 13526 13525 13524 4699 2456 2457 2456 4699 13524 13853 13852 13851 13850 13849 13848 13847 13846 13845 13841 13840 13521 13526 13525 13524 4699 5404 5414 5486 2450 5443 5416 13767 5397 5412 5487 5412 5397 5422 5454 2446 5435 5434 5480 5396 5472 8688 14381 5415 1457 5415 65 14401 5467 14401 5473 14391 14390 15786 15785 15786 15782 2454 13586 13587 14389 5449 14188 10594 14188 5408 14182 5463 4066 5409 62 63 64 8649 1457 5415 65 1449 14382 15998 1455 5474 1455 15998 14382 1451 1453 1452 1453 15613 14402 14449 8824 8823 14254 14253 14938 13532 13535 13534 15514 14939 1934 13533 14253 14938 13532 13535 13531 13139 4532 4540 13143 8632 8631 513 8631 8630 8408 4613 4666 4659 15004 4620 4692 4687 4590 4656 4581 4649 8633 4585 8633 4649 4680 8627 8626 4628 8626 8627 4617 4663 15003 4692 4687 4644 13147 4581 4649 8633 4585 4602 4626 4694 4509 4608 8239 4433 4434 8307 4435 13748 4534 8420 424 426 4533 4541 12836 12835 12836 16721 13747 8310 4512 4320 8382 14457 5184 5180 5182 12925 12926 12925 5182 5180 5184 5190 5189 5179 4530 4516 13791 7901 13043 8384 4320 8313 8311 7703 14347 12892 7704 4527 95 6378 6379 6378 323 6378 95 94 93 12931 8132 12897 6385 6386 12888 12887 12885 12884 15828 4081 16780 12895 6391 337 2439 6887 6904 329 6904 16703 328 3842 3844 16702 3844 3842 328 16703 3901 3902 337 6391 6891 4226 16776 16774 106 6892 6885 6884 6888 6884 6885 6892 16773 16772 16771 16770 246 540 43 16769 16767 16768 16688 16662 16661 16659 16660 16689 146 4 9120 16764 137 136 134 9128 157 158 7918 341 7918 9115 343 344 343 9115 162 5427 9117 9122 9129 9119 9140 9119 9129 9122 9141 9142 9138 9137 9138 9143 9145 13797 7940 15756 9099 5575 5533 5577 5564 15819 5535 15819 9095 5531 5371 16216 9094 9093 9094 5542 5547 7944 5592 3933 5592 5532 5610 5532 5592 7944 16214 7945 7946 6524 7947 6533 7947 6524 6486 6477 16201 6539 6544 14532 6936 6502 6936 14535 16206 7934 7935 9994 7942 2163 7942 5368 5314 5438 5353 6915 5585 5367 5563 5565 5559 15775 5554 2167 2168 5438 9136 5395 5461 5425 14596 5353 5438 5314 5368 7942 9089 5651 5688 9084 16575 455 456 5703 16254 16249 16251 452 16253 1120 16253 452 16251 16247 16248 4038 4040 4039 16254 5703 456 455 16575 5631 16574 7935 7934 15559 6508 8895 15561 5639 13798 16218 5639 13798 16218 9738 16194 6526 2062 1159 1158 5324 15741 15743 6482 3223 1102 6492 16196 1097 1098 1097 16196 6492 1102 3223 6482 9740 5357 6483 16198 6519 1106 8881 8880 8881 1106 6519 16198 6483 15816 9745 8879 15818 5315 15749 15747 15745 13877 621 13878 6128 16255 5364 6234 13877 621 13878 16237 16235 6129 8125 611 16657 1415 16657 16245 16656 5633 5657 9767 5883 7924 7925 7924 7921 1413 15772 5882 8866 8863 8862 8892 1417 9749 9780 9749 9748 5524 5525 5615 5525 5524 5679 5646 13376 5526 9796 8222 16030 16029 666 9794 15688 4949 11920 11921 11913 11916 11917 11918 15880 11907 11909 11910 1577 11911 1667 11954 8463 8462 1669 11849 111 11951 11847 1671 11846 1671 11847 1545 11950 11845 11949 6135 11948 8460 15686 13746 4778 15888 15887 11835 15889 472 15885 6498 6507 6494 11834 6493 11833 6134 1543 4778 15888 4562 15602 4828 4985 4970 4973 16698 13915 8193 5048 5041 13918 5049 4966 8470 12030 4995 4968 4977 7401 3894 14738 14733 12061 15971 15970 15972 14844 14731 14729 14727 14729 14739 14730 7417 5855 5523 12243 4835 4836 12235 1678 6124 6126 6125 6127 7874 7873 2245 7876 2245 7873 7874 6127 6125 6126 6124 4837 4838 5843 4352 2235 4353 2235 4352 5843 5848 5844 5845 6329 12290 4345 15249 2270 15249 4841 8440 12801 2608 15248 3185 15246 15245 15246 12756 12751 12755 12754 12753 12754 12755 12751 12756 12572 12806 12749 12814 12811 3182 12811 12814 12813 12812 12809 3184 3177 12808 6273 3179 6274 6271 6272 12619 12620 12617 12620 12614 12623 6263 12625 792 791 12599 12600 12760 15512 15948 6264 3201 12773 6673 6653 6671 6670 14634 3195 12633 14636 12633 3195 14634 6670 12629 6669 6649 12631 6649 6669 12629 6670 6671 6691 6671 6670 14634 3195 12633 3194 8969 6285 15384 4799 12650 12636 12646 12652 6290 6293 12641 2189 2582 2581 2582 2189 12641 6293 6290 7527 6295 6294 3272 6297 6302 6304 6306 12486 6313 12485 6313 6316 6312 6314 6307 6311 6315 6317 6318 15402 15407 16757 12494 2673 12494 16648 12496 12497 6011 2651 12455 2651 6011 12497 12529 12530 12458 2879 6084 12511 6084 2879 6009 2673 12494 16757 15407 15402 6318 3270 9709 5719 15373 15372 6104 6099 16389 6098 6101 16384 3319 16383 16385 6096 6091 16391 6090 6933 6087 6086 6085 5517 3337 6089 5505 5507 12419 12651 6294 6295 7527 7528 6293 12641 6291 6289 12609 12610 12613 12612 7994 4842 6298 2918 2920 7981 2919 8956 8955 3451 3449 3448 7982 3456 16112 16113 16112 3445 16112 16113 7983 3438 6080 16115 8937 8947 8949 8948 6080 8938 549 550 551 15418 13909 13910 5967 2915 5968 7611 9402 9364 9404 9403 5971 9397 5971 9403 9404 9398 9673 9672 9673 9677 9676 9677 9681 9674 5970 8072 5969 54 5969 8072 2897 8074 2904 8093 2306 2307 2306 14644 1962 1961 14643 16159 5071 9650 9651 9650 5071 667 5134 9685 9686 16180 9686 5061 5117 5060 5143 5060 5117 5061 9686 9685 5134 667 5071 9650 9683 8070 14644 2306 8093 8094 8095 9646 9647 2290 9647 9646 16157 8088 16160 14643 16159 5071 9650 9651 9652 14664 14646 16175 14628 14631 245 14666 236 14666 14629 241 14630 16177 14665 41 14665 16176 14665 16177 14667 238 14632 242 14633 14631 14628 5103 5144 5103 5081 1960 5118 5092 5076 5131 5084 5131 9561 5126 5120 5058 5075 1477 5133 5102 1472 5102 9559 9560 16178 5890 1471 5094 1485 1486 1485 5094 5136 5123 5890 5140 8135 5121 201 6559 6562 6559 9697 1467 1466 1467 4967 6554 9869 13435 6556 14740 9708 9706 9707 9706 9708 13443 5015 4994 16142 2012 7405 7406 16103 12020 12018 12020 16103 7406 7405 15764 15763 15762 15761 11990 4566 13757 4569 4560 14614 4563 4775 15176 15177 6934 4729 6083 7987 8936 6081 8947 8949 8948 16115 8937 8935 7987 6083 13467 14608 4730 6935 15176 15177 14598 13756 4356 12283 4356 12280 15182 15180 6331 4345 15249 4841 8440 15175 2271 12799 2607 12796 2607 12799 2606 2601 12798 2601 2605 15174 15172 8452 4728 6934 6935 4567 4570 2019 9654 2019 4570 4553 4564 4549 5087 230 229 4554 5015 9596 234 13496 4308 7852 12089 4202 6130 4950 11974 5048 8193 13915 5052 12032 13916 5047 1685 1686 1685 5009 5004 5011 1684 4968 4977 7401 11981 1968 11980 11979 11978 11979 11980 1968 11981 7401 3894 7414 7522 12309 12312 12321 12320 12317 12322 4832 12268 12265 12266 12267 12266 12265 12268 12202 1910 1909 1910 12202 4833 12270 12201 12200 1908 12200 12201 12273 12197 5850 12258 15631 6111 15629 5851 12216 12218 6114 7362 12141 6115 6113 4834 7969 7525 3957 7525 7380 5854 12129 5860 12125 15641 12127 3920 12127 5858 5856 7447 6117 12227 12229 6116 2259 15979 5853 12256 2257 2256 2255 2256 2257 5851 12216 12218 6114 7362 12141 6115 6113 4834 15978 2225 5856 5862 2264 12126 4109 12125 15641 12127 5858 5856 7447 6117 6115 6113 4834 7969 7525 7380 5854 12194 6245 1895 15333 15498 12147 6244 4798 12585 5857 6246 12576 4812 2630 6660 2630 2631 2630 4812 6266 12581 6688 15988 6672 12580 6693 6674 6666 6674 6693 15986 15985 15987 15104 6666 6674 6693 12580 6672 15988 6688 12581 6266 4812 2630 6660 6659 6686 2636 6686 6659 6660 12579 12577 4344 12589 12597 6681 6680 6683 14637 14640 6664 6663 12582 6663 6664 14640 14637 6683 6680 6681 5861 5859 12763 2035 6654 5823 12596 4798 6244 15311 15945 8450 12173 12159 5868 12372 4546 12373 13758 12379 12374 12382 12385 12384 14795 12383 15679 15956 1639 12343 8185 12161 12162 12395 5868 12372 4546 6927 6925 4544 4558 6926 6928 4427 15114 12789 12691 12793 12792 12791 12792 12793 12691 12789 12689 8449 4556 4798 6244 15499 788 12130 15950 7381 12146 4113 4111 7380 5854 12129 5860 12125 15641 12127 5858 5856 7447 6117 12227 12229 6116 2259 15979 5853 12254 5852 12261 7418 8192 2208 8192 7416 7417 5855 5523 12243 4835 12240 12304 12399 12233 15979 5853 12254 5852 12261 7418 12260 14675 14673 14675 12260 5855 5523 12243 4835 12240 12304 12399 12233 15979 5853 12254 5852 15980 12220 5850 12258 15631 6111 6110 12224 1906 1905 7389 6109 1652 1649 6258 8466 12158 1733 8465 3403 14793 5864 4797 5867 14791 14792 1642 12354 12355 12356 12357 5864 5865 15960 12180 12181 5866 6109 1652 1649 6258 8466 12156 6255 4429 1737 3405 7558 12359 7559 1752 1744 1747 1743 1741 7560 7557 7747 7482 1446 7429 13760 7432 12340 4795 7742 13904 7243 14444 7433 7186 6243 6252 14746 6253 7479 14676 7975 4428 11441 11484 13720 6919 8442 8652 8445 8651 13726 4828 4562 11842 13745 4568 14494 4788 3681 14847 14848 15822 11888 11886 11841 11840
1238 15022 16744 14664 8972 5123 12452 4890 15361 9011 12940 10835 6471 1863 15478 10843 14439 15472 6607 7186 2797 15449 1868 6473 14026 3297 3321 15867 15912 2208 2178 6452 2226 10874 11362 3301 16628 6459 3287 3320 6587 6585 7386 7399 829 6576 6578 6579 13594 869 868 10256 16718 574 12722 6744 10161 19092 18922 96 95 6444 13835 16216 16215 2217 2218 733 16124 5274 7215 5280 5364 15083 7449 10855 5381 5383 775 9950 1836 15192 15193 7287 15186 5102 5103 9970 9969 14009 1794 11235 16042 11248 11237 10273 10852 9987 5390 5392 2582 14257 4546 5330 4267 10575 2041 5337 17318 5419 9739 939 9753 1555 11141 9748 9746 9745 5423 11145 1541 5532 4733 5662 15678 8836 10403 14875 6083 594 12470 1090 10034 15797 17339 13728 9993 976 969 10927 1052 6148 1127 17077 16180 5993 2013 1961 12147 16101 13971 6171 7997 1985 16147 6380 10314 11028 10613 15388 1086 1100 6138 11020 10283 9738 10285 1727 9802 5576 3096 15220 18664 5131 12231 15227 14787 3646 14994 14965 14974 14955 15008 15012 15245 15059 6691 6695 2150 15021 6700 205 6698 2144 2102 14424 14414 15457 6729 189 1887 1889 12203 1924 15343 15339 14449 14652 7173 15864 3299 6474 12113 2478 17920 4918 6467 7212 2161 10870 7227 12463 16275 9007 12514 3334 10965 1494 1191 11702 11699 4191 4193 12870 12437 2434 16901 13207 9719 9720 12065 9701 14211 2978 14370 15634 9551 18813 17890 9569 3433 12095 17209 9447 12287 5795 9453 17203 9458 9463 2653 2763 13347 14525 12270 4964 18167 2754 18163 14333 15414 2637 2645 7067 7069 1615 5062 5051 16938 11548 12442 7076 7077 16916 15116 19075 11606 15114 1647 12415 16162 1662 16175 7090 10222 16157 11718 7107 5846 9098 13929 1198 13815 1197 810 5781 9721 17232 3080 5854 5756 16367 16607 1249 12879 12168 16554 4441 18698 2946 2947 5692 16889 4128 2792 1284 798 17254 802 12951 13197 17260 9543 11493 2459 11503 16843 9278 11834 4513 34 37 38 39 56 100 102 177 179 184 185 186 188 201 206 207 208 303 593 732 734 735 736 776 796 797 799 800 801 865 870 871 872 926 937 956 957 958 1043 1045 1060 1063 1064 1067 1068 1075 1076 1129 1130 1190 1224 1229 1231 1239 1240 1243 1244 1246 1247 1248 1250 1251 1255 1257 1258 1261 1263 1264 1265 1488 1489 1490 1499 1500 1501 1502 1506 1507 1533 1535 1570 1572 1574 1580 1621 1622 1623 1633 1634 1635 1668 1669 1670 1690 1692 1728 1729 1795 1801 1802 1803 1804 1852 1853 1854 1856 1857 1858 1860 1861 1862 1864 1866 1869 1870 1871 1873 1874 1875 1876 1877 1888 1932 1935 1936 1937 1945 1947 1955 1956 1959 1986 2066 2067 2068 2080 2081 2082 2146 2154 2171 2174 2175 2176 2177 2188 2197 2201 2206 2216 2423 2424 2426 2428 2429 2435 2436 2439 2441 2446 2447 2455 2460 2463 2464 2466 2477 2481 2484 2488 2564 2583 2584 2628 2629 2630 2632 2638 2639 2643 2644 2751 2752 2753 2755 2756 2759 2762 2773 2780 2782 2784 2795 2796 2940 2941 2942 2944 2945 2948 2949 2950 2951 2975 2979 2980 2989 2990 2991 3006 3007 3017 3018 3022 3023 3024 3025 3026 3030 3031 3103 3104 3105 3106 3110 3111 3112 3156 3160 3161 3162 3267 3268 3296 3298 3305 3306 3311 3312 3323 3435 3436 3454 3461 3463 3714 3964 4127 4163 4164 4190 4194 4196 4197 4199 4211 4212 4214 4219 4220 4222 4223 4224 4225 4237 4242 4243 4244 4314 4316 4317 4318 4326 4327 4328 4333 4337 4425 4435 4512 4640 4641 4642 4694 4719 4741 4742 4743 4744 4745 4755 4891 4916 4917 4955 5032 5049 5050 5052 5056 5058 5060 5095 5096 5097 5101 5124 5125 5146 5152 5157 5158 5164 5165 5166 5168 5278 5279 5281 5283 5328 5355 5359 5389 5391 5404 5408 5415 5424 5432 5584 5608 5609 5620 5638 5668 5691 5702 5757 5760 5761 5771 5772 5774 5775 5776 5779 5780 5785 5796 5797 5798 5799 5816 5844 5848 5851 5853 5863 5880 5881 5882 5883 5895 5898 5990 5994 6007 6008 6009 6015 6017 6020 6021 6022 6023 6082 6120 6125 6129 6130 6131 6132 6133 6135 6137 6158 6159 6160 6172 6174 6177 6178 6179 6379 6438 6439 6441 6445 6460 6462 6463 6464 6465 6472 6477 6479 6480 6481 6505 6506 6508 6520 6581 6582 6584 6586 6589 6590 6591 6592 6608 6639 6643 6651 6670 6685 6692 6693 6705 6745 6888 7085 7089 7106 7181 7185 7210 7226 7284 7286 7315 7316 7318 7335 7380 7384 7450 8660 8973 8984 8986 9012 9028 9039 9066 9094 9202 9222 9277 9283 9284 9330 9353 9354 9355 9367 9442 9443 9457 9539 9558 9560 9561 9566 9589 9691 9722 9754 9755 9757 9762 9949 9951 9965 10031 10041 10043 10044 10163 10258 10259 10260 10276 10279 10288 10373 10378 10404 10411 10412 10416 10448 10464 10469 10480 10528 10530 10572 10573 10672 10685 10689 10763 10798 10800 10805 10806 10817 10828 10829 10831 10832 10834 10837 10842 10850 10851 10869 10872 10919 10932 10933 10937 10939 10943 10945 10946 10947 10948 11115 11116 11140 11157 11238 11285 11308 11335 11336 11339 11359 11360 11361 11363 11420 11422 11423 11437 11441 11442 11470 11471 11481 11482 11485 11486 11487 11488 11490 11491 11502 11504 11505 11507 11508 11527 11528 11532 11551 11555 11557 11558 11559 11562 11564 11566 11567 11577 11612 11614 11616 11685 11691 11701 11703 11721 11772 11779 11786 11787 11789 11794 11835 11837 11845 11846 11858 11862 11863 11865 11866 11897 11914 11921 11985 12049 12055 12076 12093 12094 12107 12112 12118 12146 12149 12150 12151 12153 12164 12180 12181 12182 12184 12185 12187 12196 12199 12200 12209 12228 12229 12230 12273 12284 12391 12410 12423 12438 12440 12441 12451 12464 12471 12535 12609 12610 12724 12834 12836 12838 12939 12952 13144 13194 13287 13288 13399 13503 13525 13565 13597 13598 13630 13698 13873 13931 13955 13958 13967 14008 14010 14012 14013 14025 14029 14039 14048 14093 14094 14127 14188 14242 14334 14402 14443 14448 14450 14451 14452 14524 14526 14629 14630 14631 14642 14646 14647 14649 14651 14653 14666 14742 14744 14748 14782 14785 14786 14830 14836 14837 14839 14872 14891 14893 14950 14952 14953 14975 14982 14983 14990 14996 14998 14999 15009 15024 15056 15057 15100 15176 15179 15185 15188 15191 15194 15222 15230 15239 15338 15342 15396 15397 15415 15416 15417 15448 15632 15774 15802 15861 16043 16102 16114 16116 16120 16123 16126 16128 16129 16181 16256 16274 16276 16277 16287 16322 16358 16407 16408 16409 16714 16716 16721 16815 16816 16890 16919 17202 17230 17231 17250 17319 17569 17570 17878 17880 18166 18615 18654 18662 18683 18722 18777 18796 18797 18802 18806 18807 18811 18812 18821 18837 18860 18866 18867 18868 19138
2
11840 11839 11840
12510
2743
11840 11841 11842 13745 4568 4545 8389 14743 13723 2653 4559 15620 4559 15619 5870 7976 479 7977 2654 7977 479 7976 5870 15616 5869 8379 5874 8380 7625 3974 5873 768 7485 8562 5960 8555 15869 4787 8551 1937 3837 3834 3838 11802 8561 4790 8924 8923 8921 8918 8917 8918 8921 8923 8924 4790 8519 6224 8520 8517 5955 8511 8512 8508 8513 8508 8507 14331 8511 5955 5952 15668 15669 8545 15669 15668 5952 8528 5953 8530 5953 8528 5952 5955 8517 11816 14333 14334 8518 8519 4790 8924 15709 4805 1324 4829 1462 4776 109 15716 4789 15726 11972 4831 7905 483 482 4780 5596 5573 16567 11853 11936 5581 5561 5543 5538 5613 5586 11926 11925 11850 11853 11936 5581 5561 5599 1581 11858 11859 11858 11864 11861 11862 4782 11911 1577 11910 11909 11907 11908 11907 11909 11910 1577 11911 1667 11954 8463 11956 8463 8462 1669 11849 111 11951 11847 1545 11950 16036 16037 16036 11949 6135 11948 8460 15686 13746 4778 1543 4778 4781 12098 4990 4969 12117 12114 878 12116 878 12114 12117 4950 6130 4202 12089 7852 7850 732 730 7851 12080 12078 12077 12079 14937 12079 12080 7851 12082 12085 12084 6130 4202 12089 7852 4308 13496 1616 1617 16034 6248 9585 1609 3161 3167 3161 1609 9585 6248 16034 1617 1616 13496 4308 727 15778 8458 4994 16142 2012 7405 7406 16103 12027 12028 7868 1512 7867 7866 7865 7866 7867 1512 7868 1965 12046 12048 12049 12048 12057 12050 12054 7404 4760 15971 15970 15972 14844 14725 14844 15972 15970 15971 12061 14733 15973 14735 14736 14734 15974 14738 3894 7414 7522 2200 2215 7523 7415 12400 14830 2202 7414 3894 8191 4759 5034 4954 8067 12031 12370 12371 8068 6918 14265 12210 14835 12316 12209 12208 12209 4832 12268 12202 4833 12270 15343 15632 12263 15632 15343 12270 12201 12273 12272 12274 12276 12275 12276 12274 12272 12273 12197 5850 12258 12259 12258 15631 6111 6110 12224 1906 1905 7389 6109 1652 1651 1650 1653 12187 12185 12187 1653 12186 1654 1655 1649 6258 8466 12158 1733 8465 1734 8465 3403 14793 5864 4797 1647 1646 1645 1644 1645 1646 1647 5865 15960 12180 12181 5866 6109 1652 1649 6258 12190 1732 1730 1726 1727 1729 1728 1729 1727 1726 1730 1732 12190 6258 8466 12156 6255 4429 7424 12339 12361 7482 1446 7429 13760 7432 7431 7430 1441 7428 1439 1435 1437 1436 1437 7427 1445 7424 12339 12361 7482 7746 7745 7744 4739 4741 11271 1633 11194 1632 11194 1636 6615 11185 6593 15776 2029 4544 4558 13800 13799 13800 6644 2572 4425 15201 5504 9900 13808 6590 6603 6613 6637 6598 15377 3286 13821 14043 10815 7588 13301 10805 2380 2149 2146 2149 2380 10805 4744 4743 4742 6633 4807 2145 4807 6624 6618 15168 6591 15168 6618 6624 4806 15289 2151 13823 11155 15149 11155 4738 16584 14889 11256 6616 11275 6616 11175 11177 2027 2025 6625 11184 15156 15164 11275 6616 11256 14893 14894 14895 16133 15139 11295 9 7375 13739 11293 11294 11293 10723 13740 3215 13740 10735 7376 10726 13741 7377 7378 3233 3232 3233 5803 7848 5807 8105 15472 11169 13736 16714 13736 11169 11146 11168 15938 5838 11150 11149 11150 8106 2410 2409 2410 8105 5807 5833 11160 11174 11147 8108 5837 5840 5839 5838 5814 10046 5812 14200 14201 16585 5813 9 11295 15139 11 15138 14896 11255 11251 11253 11252 6638 7386 11196 13498 1755 13497 15142 5906 5907 5905 15944 5905 5907 5906 5902 2357 5815 13738 7375 13739 11293 10723 13740 10735 7376 10726 3230 10727 7183 7224 15438 7218 10725 10730 7378 3233 5803 7848 5807 13248 5739 13690 5759 5817 5820 11132 3737 11131 3737 11132 7089 5819 11124 5819 7089 11132 5820 5817 5759 13689 7233 11137 7196 11116 3102 3101 3102 5920 5919 3103 5919 5918 13708 11115 13724 11115 11304 5917 3036 16670 13654 3025 13654 7225 3029 3028 3029 8102 5916 10782 7247 11212 3227 3228 3227 11212 3039 11211 11210 11211 3039 11212 3227 7231 16646 10681 5805 7394 10754 13716 10755 16370 10755 7393 3016 3017 3018 3017 3016 5921 10743 7392 13652 5909 15439 11223 11216 5908 10800 10684 4934 2843 14878 14879 14878 14880 14882 2844 14884 14886 14884 2844 14882 14880 14878 2843 4934 6921 2504 11209 4938 10686 10688 2505 10689 2505 10688 10686 10685 8151 11207 6235 7379 6235 13669 4943 4932 10795 4940 11437 4940 11438 10802 11447 6251 6922 1380 11444 11445 11444 14230 11442 11453 11456 11457 8177 14935 8176 14228 8398 14612 13895 1337 8400 4330 52 16136 11468 796 14788 8348 8349 8350 15545 8333 7460 7459 7458 7459 7457 1288 8346 8343 8339 8342 8337 6 7473 7472 7473 6 8337 8336 14263 8336 8337 8342 11480 11481 11482 1290 11482 11481 11480 7454 16789 4340 14901 5893 11525 83 14207 8338 16789 4340 11549 1284 1287 1285 1287 11470 4813 3541 4314 15849 11576 1198 11576 15849 15848 15847 15848 15849 11576 1182 1200 1192 4342 8160 11533 4897 8159 11574 8404 1237 8601 8600 8601 7477 8162 1222 8161 4500 5891 1208 11545 1208 5891 1206 5892 11547 5894 5895 5896 1278 1281 1279 14901 5893 11525 11523 11525 83 14207 8338 7454 11480 8342 8339 8344 8345 4274 11463 8332 11466 11464 1378 8178 8330 8174 8175 8177 14935 8176 14228 8398 14612 13895 15928 8399 14870 8399 15928 13895 1337 1338 1337 8400 4330 8401 13897 8396 1339 14218 8435 14671 14216 47 2406 4933 4930 4931 11217 10798 11219 4933 2406 47 14216 14671 8434 1360 1358 1361 1350 13896 1353 13778 1356 13895 14612 8398 14229 8331 8178 8330 8174 8175 8177 14935 1388 1386 1381 1384 1383 1384 1381 8397 8433 14670 13901 15544 3074 3072 14216 14217 8320 13902 13863 8431 1332 12820 1333 1335 15546 13899 13900 4322 15706 1258 4310 13651 16747 7486 8322 7456 7246 10794 8321 8323 11228 7240 7556 7738 4338 7741 13904 7243 14444 1259 1364 1365 1366 1365 1364 1259 14444 7433 12324 7434 12324 7433 7186 6243 6252 14746 6253 7399 12336 1270 1269 1268 1269 1270 6252 6243 7219 7195 7232 8316 463 13759 8437 13518 37 4319 4321 4064 8317 8318 13764 7413 14505 14506 4341 8407 1017 8407 4341 13893 1326 1330 11489 56 13892 13894 11492 16139 16138 16139 11492 13891 627 3941 11591 3945 625 624 6239 11508 1275 11508 1184 11504 1234 11507 4478 5054 11501 5054 11611 354 6238 11635 1038 11636 11638 11639 11638 11636 1038 11635 357 358 359 1034 1035 11608 11609 6237 55 4430 4335 8182 7967 11515 1238 11515 7967 11512 7968 11510 4301 4342 8160 11533 4897 4881 11569 11567 11568 11567 1240 1241 8404 1237 8601 7477 8162 1222 8161 11544 1220 1219 1220 1227 11575 1229 11529 8159 11574 8404 1237 8601 7477 1223 4878 4892 4367 8595 4503 2848 8592 4817 13207 637 5900 4816 2093 2100 14512 14248 13219 13220 5898 1053 4505 85 84 89 11521 89 87 88 90 1123 8624 8607 11520 8607 8624 1061 1060 1061 1059 1057 4505 1053 5898 7483 14242 1504 5897 170 171 2846 2845 2846 168 2846 171 170 5897 1504 14242 7483 5898 13220 13219 14248 2851 2852 5899 1049 1051 5900 4816 634 645 8606 11519 11527 8602 8162 7477 1223 4878 4893 1138 4882 6353 6152 1133 1134 1133 4885 4875 4873 4875 8580 4894 4872 8608 6352 4886 13211 1142 13211 1132 6152 1133 4885 4890 13210 13727 8596 4880 4883 4893 1138 4882 6353 1144 1130 6351 13214 6351 6352 4886 13211 1132 6152 1133 4885 4875 8580 4894 7915 4459 8368 14202 11661 8367 1155 8098 4542 11607 15852 11644 412 351 412 11644 4508 3615 6237 55 4430 4335 4478 5054 11501 11499 4307 6240 856 857 856 4325 11656 4312 4304 4993 4432 7912 11629 15851 862 861 11619 11621 11628 11627 11628 11624 11623 11622 11620 11622 11621 11628 4993 4432 7912 7911 7908 909 8405 7913 907 7911 7912 11629 4431 4307 1026 1027 11503 4323 6239 1254 4301 4342 8160 11534 11536 11538 11541 11540 11543 14900 8403 4500 5891 1206 5892 11547 5894 5895 5896 4814 11555 1211 11556 1217 11558 11553 11560 11551 11562 11563 11562 11564 11565 11564 4815 11571 11584 8160 11533 4897 8159 11574 8404 1237 8601 7477 1223 4878 4892 4367 8595 4503 2848 8592 4817 640 13213 4501 4504 8619 14241 8144 4823 15571 1072 4824 1082 4901 14239 14236 14235 4614 947 4614 4474 1083 8585 8589 8588 1164 8586 13190 13191 4826 4824 1072 15571 4823 8144 14247 8575 3849 8625 1065 39 15736 40 14163 7896 8574 7895 16879 7895 8574 7544 4821 1005 15573 1045 15575 8577 4822 8576 4823 15571 1072 4824 1082 4901 14239 14236 14235 14234 14238 14233 8165 8639 15738 8166 8167 7899 4596 16941 4596 7899 580 4621 4496 1088 13158 8643 4879 8640 14240 14237 14236 14235 4614 4474 4688 4580 4462 7658 15755 4316 6236 7491 4296 4963 5012 4311 4328 4988 4303 4302 5024 4998 4972 11648 11649 11647 4975 11605 5053 4542 11607 15852 4337 4441 4983 355 4983 4441 4325 11656 4312 4304 4993 4432 7736 7737 13890 13763 4327 7497 8427 8426 1236 4324 8425 11687 6065 13762 13514 4486 8305 4457 15751 4297 15750 4293 5884 4298 7679 6431 4292 8129 7681 12961 13137 5923 5925 5922 5924 12955 12956 15659 15658 6039 6041 5929 12984 6047 6049 6052 5932 5934 12979 12974 6059 1800 6063 16758 16022 411 16022 6062 1804 6060 16019 6061 15906 15661 5234 1793 13044 16069 1930 267 7948 7949 4515 5214 7950 12921 12923 7953 12923 12921 12922 12921 7950 7952 511 14471 509 507 14471 511 7952 7951 5177 5187 5165 5190 5184 14457 8382 4320 8313 8311 7703 14347 12892 7704 3898 4523 4231 4230 3861 3897 1507 3862 8293 3899 7900 14447 14939 1934 13533 14375 14372 14376 13722 14397 13715 8679 14693 14383 14404 14395 14392 14395 7808 1859 1857 7809 14394 1821 14394 7809 1857 1859 7808 1824 7670 1844 7795 8775 7796 8775 7795 15621 7805 7812 8789 5459 5445 10612 10609 10611 1938 10611 10609 10612 5445 5459 10605 10604 10605 10603 5394 5402 8678 10487 5399 10490 10488 5457 8674 10484 8674 5457 13597 4196 13598 4196 13597 5457 8674 10484 10482 8673 13592 10590 13591 10588 5450 5411 5401 5413 13590 13589 13588 13587 13586 10598 5402 5394 2732 10601 1951 8183 1945 1946 14400 5467 14401 5473 14391 14390 15786 15782 2454 13586 10598 5402 5394 10492 13585 5403 13585 10473 10471 10470 10471 10473 13585 5403 10612 5445 5459 8789 7812 7805 15621 7795 8775 7796 8778 7800 7798 7799 7798 7800 16707 16708 16709 14452 1839 14453 14693 8679 8680 7671 6456 10440 10439 10440 7823 6462 6454 16711 7792 16711 6454 6462 10441 8834 15023 1852 6467 2495 10434 6459 7813 1786 1783 6455 13779 6463 6457 10129 7574 6453 10061 10059 7569 7566 10132 16825 10132 10131 6219 10075 16823 10075 6219 10131 10132 7566 10102 10058 15012 15011 10139 7567 10101 2188 16831 2188 10101 7567 10139 15011 10055 10067 7769 7770 7768 7770 6468 7774 7782 7786 6465 8130 7553 8131 16561 2186 16833 2186 2187 2186 16561 8131 14699 14695 1927 2887 14690 2881 2883 2882 2883 2881 14690 14694 6465 8130 7553 8131 14700 2494 1924 10051 10049 7568 7570 10053 2466 2458 10052 10111 7551 7550 7552 2470 10145 7834 10112 7838 10113 10095 10134 10091 10090 7836 7837 10078 10079 10113 7838 7839 7833 10147 7833 7832 10154 10152 10149 10161 10160 7831 2461 661 10144 660 10144 661 2461 7831 7840 7841 10164 7842 2460 7842 10164 7841 7840 10138 10142 14118 10166 10143 10451 10453 10449 16083 14477 10167 10168 14108 16081 2465 16081 14108 10168 10167 14477 16083 10449 10453 10451 10143 10166 14118 10142 10138 7840 7831 10160 10161 10149 10152 10154 10096 10086 10135 7547 14117 6191 6194 6181 15502 14117 6191 10530 10529 10528 10531 10274 10275 10273 10275 10349 10350 10351 6177 10517 10520 2933 10520 10518 10519 10518 6173 6172 10320 6169 6171 6209 6159 10344 10343 10336 10332 10334 10364 10363 10353 10333 10332 10334 10335 10360 10359 10341 6184 6163 6211 6216 10552 10551 10554 10556 10553 10556 10557 14701 10365 10348 10555 10347 10550 10345 10284 10286 6158 6157 15570 6156 8757 8758 6155 8758 8757 6156 6217 6218 6217 10282 10376 10372 10371 10372 6213 10373 6214 14702 14703 14499 6162 14502 10346 6199 6211 6163 16759 7535 2890 2891 2893 2892 2893 2891 2890 10100 14119 10126 14119 14120 10210 10199 10194 10209 3812 10202 10203 10198 10206 10412 10403 3805 10403 10412 14121 14110 16078 14111 10411 10413 10409 10408 10409 10413 10411 14111 16078 14110 14121 10412 10206 3807 10116 10210 14120 14119 10100 4088 4092 4094 2982 10118 2982 4094 4092 4088 4087 4084 10099 10125 10121 10120 2978 10188 4090 10188 10189 10398 10397 10396 10397 10398 10189 10188 10191 10186 3811 10186 15624 10122 10184 15623 3801 3796 3797 3798 3800 3799 15684 15508 3087 6164 10467 10468 10379 10468 10467 10466 10467 6164 10384 8769 14309 8769 10384 6164 3087 7545 13620 15506 13619 10383 13619 15506 2977 14302 2435 16706 6205 10380 6205 2437 6203 8770 13617 8770 6203 2437 6205 16706 2435 14302 10468 10379 6206 7642 10386 10218 10217 10389 10217 7643 7644 10573 10572 10573 7644 7643 10432 7645 7646 8696 7646 8699 8698 8697 10580 8764 2972 15569 15570 6156 6217 10282 10376 10372 6213 6160 6212 15511 10185 10184 10122 15624 10186 10191 10190 7719 3803 7721 10174 10428 10173 10172 10173 10424 10416 10171 10429 10430 10418 10431 10420 10431 10418 10430 10421 10430 10429 10171 10416 10424 10173 10428 10174 7721 3803 7719 10190 10191 10186 15624 10122 10184 10185 14709 14712 15685 3799 15684 15508 3087 6164 10384 8769 6165 8769 10384 6164 10467 10468 10379 6206 7642 10386 10218 10386 7642 6206 10379 10468 14302 2435 16706 6205 2437 16802 2437 6203 8770 13617 15505 13617 8770 6203 2437 6205 16706 2435 14302 2977 15506 13619 10383 10382 10383 13619 15506 13620 7545 3087 6164 10467 10468 10379 6206 7642 6200 14299 7639 14299 14300 14123 14122 14123 14301 8767 14311 14310 7640 14310 14311 8767 14301 14300 14299 6200 7642 10386 10218 10217 7643 10432 7645 7646 8699 8700 8708 8702 8703 8704 15642 7636 8744 15643 8744 8739 13537 8741 8743 8742 6208 6170 6209 6171 6173 6175 10316 10323 10318 10317 10315 10314 10330 13543 10326 10325 10326 6179 10541 10542 10543 10542 10546 10532 10545 10547 10274 10530 6191 14117 7547 10135 10086 10096 10154 10152 10149 10148 10149 10161 10162 10161 10160 7831 7840 7841 7840 7831 2461 661 10144 663 652 663 10144 661 2461 7831 7840 10138 10142 14118 2390 14118 10166 10143 10451 10453 10449 16083 14477 10167 14477 16083 10449 10453 10451 10143 10166 14118 10142 10138 7840 7831 10160 10161 10149 10152 10154 10096 10086 10135 7547 14117 6191 6194 6196 6193 6195 10328 10327 10522 14175 10510 10509 10508 10509 10511 6187 10237 6183 7634 2947 7633 7632 7631 2937 10254 2937 7631 7630 13554 2941 7628 10263 2943 2939 13595 13553 10246 10247 10246 10295 13552 13558 13559 13558 13552 10295 10246 13553 10277 13561 10281 13561 10277 13553 10246 10295 13552 10249 10251 13551 15053 13550 10302 10303 13549 13548 13547 10214 7635 16573 13555 8724 8725 3080 6166 13542 8737 8728 13540 10558 13541 8720 8715 8714 8715 8719 8717 8719 8715 8720 7637 8713 15550 15552 15551 15552 7651 15553 7651 15552 15550 8713 7637 7636 8744 8739 13537 8741 8743 8742 6208 6170 6209 6159 10344 10359 10341 6184 6163 10340 1922 6180 14503 15501 14117 15502 6181 7548 2923 15611 14696 14697 15500 2924 14698 14699 14695 1927 2887 14690 14694 14450 14451 14452 1839 14453 14693 14383 14404 14403 14398 14399 1403 14402 14449 14254 14253 14938 13532 13535 13531 13139 4532 8312 8314 4512 4286 6939 14354 12834 2984 416 14353 13486 5021 12838 12837 4284 8315 7683 4287 6431 7680 7436 14421 15867 8274 8381 7438 11713 743 8375 11738 8377 744 15724 11737 940 7442 13718 764 5889 4290 4289 13792 5874 15872 5871 7370 4776 8907 3680 3681 14847 14848 15822 11888 11886 11841 11840
13753 17276 10549 4535 4541 17820 13859 5915 13829 5931 11120 5209 5889 5890 2156 12934 9021 16271 16272 9027 14255 1223 14251 5897 1547 9149 11337 4856 11584 9140 12133 247 251 17863 14189 4866 9105 14193 14192 11700 11708 13501 11904 5721 5044 1356 9228 12169 13968 9289 9276 16328 5886 16410 1262 16323 9356 16402 11780 16138 8433 10696 10694 13391 12925 10724 10726 8175 8176 6405 14128 16988 5743 3395 8499 8513 8510 17911 4146 17928 10643 10639 8414 17031 4178 4179 2415 12104 8489 3931 14356 8387 8397 17780 17782 8393 17691 17693 17923 17704 8151 17685 11916 11917 3691 11947 11941 11940 8107 2925 14931 8674 2957 5599 13640 14814 5474 4304 16008 5191 12301 11051 16009 14909 11523 16007 15953 14065 136 6106 118 8750 12620 12621 4306 5466 5580 11934 16049 4506 11618 8161 8449 61 16081 82 84 3687 14812 5448 3966 16065 4264 15996 13949 11320 11515 144 145 8707 8719 953 8814 15819 1002 15974 8734 8736 15966 672 674 11012 14913 5551 8725 15832 6112 17495 966 17501 94 3070 15900 1395 1396 15906 986 15898 8853 15297 8817 15681 8804 8803 8798 4914 2247 8761 8762 1307 1104 13923 15919 6050 5092 1312 5178 1097 1096 6062 6065 6067 10472 8826 1558 1531 5658 10563 14238 2576 10616 9800 15384 18717 11746 11183 11187 11185 16473 11991 6217 6214 13980 16585 8003 6207 11997 11998 12166 3198 11982 11979 4812 14791 7858 3252 3247 4679 2888 10499 7525 16825 6367 7486 7488 16824 17529 4515 4843 4844 7589 4493 7603 4837 4836 17089 17087 12709 12633 12632 2855 7739 7921 12691 7917 7916 7781 2837 7955 7790 2865 7791 12703 2813 7797 2882 17652 11679 17551 17550 7521 7667 7832 7838 7516 7518 18962 7828 7643 7637 13663 13662 7988 11083 2831 2869 6302 7814 7978 7987 6245 7850 7623 7622 7843 2829 7974 17651 6300 6303 2830 11074 11091 11072 6243 13776 7755 7754 7732 7936 7940 17084 7612 17095 7600 15514 13864 12708 14301 7904 12684 13734 7713 286 6248 12775 13647 13648 30 31 42 43 44 46 48 52 57 59 63 64 65 68 69 80 85 86 87 92 108 109 110 111 112 114 115 121 122 134 135 141 142 143 209 212 225 226 248 249 250 261 262 265 267 275 284 285 536 590 592 595 601 620 621 623 624 668 755 757 825 828 946 947 948 952 954 964 967 983 984 1000 1007 1170 1173 1175 1177 1179 1180 1182 1183 1293 1296 1303 1306 1308 1309 1310 1316 1317 1319 1354 1357 1407 1409 1411 1443 1549 1550 1551 1706 1940 1962 1965 2244 2245 2246 2252 2316 2368 2370 2390 2403 2404 2405 2507 2508 2511 2513 2514 2530 2531 2533 2552 2566 2714 2811 2812 2825 2827 2832 2833 2836 2847 2848 2852 2856 2860 2861 2862 2871 2887 2958 3064 3065 3066 3067 3069 3074 3191 3194 3197 3244 3245 3246 3248 3255 3258 3260 3407 3408 3686 3690 3694 3697 3936 3937 3938 3939 3954 4142 4144 4145 4149 4173 4175 4176 4177 4231 4232 4236 4255 4257 4258 4260 4263 4284 4290 4291 4295 4302 4336 4418 4419 4420 4469 4472 4473 4474 4475 4487 4489 4537 4538 4542 4544 4622 4643 4677 4678 4681 4682 4683 4747 4764 4765 4782 4810 4838 4840 4841 4847 4848 4853 4855 4893 4895 4908 4912 4913 4920 4923 4924 4925 4926 4927 4929 4930 4931 4932 4933 4934 5043 5104 5105 5116 5138 5177 5179 5180 5190 5192 5193 5195 5196 5197 5199 5201 5206 5207 5208 5211 5418 5428 5429 5437 5442 5443 5444 5445 5450 5451 5455 5464 5467 5469 5492 5493 5535 5536 5537 5539 5554 5558 5562 5579 5581 5597 5600 5601 5605 5651 5654 5659 5660 5682 5719 5720 5722 5738 5744 5856 5909 5910 5922 5974 5975 5989 6047 6063 6064 6066 6068 6079 6080 6081 6087 6089 6111 6114 6116 6117 6119 6209 6215 6216 6220 6222 6238 6240 6247 6250 6252 6265 6283 6285 6289 6290 6291 6293 6297 6301 6364 6366 6374 6492 6493 6494 7355 7485 7487 7491 7492 7493 7495 7498 7500 7502 7517 7519 7538 7539 7540 7541 7542 7543 7544 7545 7547 7551 7554 7565 7566 7567 7570 7571 7580 7581 7586 7591 7599 7601 7614 7616 7617 7618 7619 7620 7626 7629 7639 7640 7653 7654 7655 7665 7666 7669 7695 7699 7712 7743 7745 7747 7760 7761 7762 7765 7775 7776 7782 7783 7784 7786 7788 7789 7792 7793 7800 7801 7831 7908 7913 7938 7939 7943 7944 7945 7946 7975 7976 8102 8118 8119 8144 8160 8163 8165 8167 8174 8407 8444 8450 8451 8491 8492 8511 8527 8641 8646 8653 8675 8697 8735 8737 8788 8809 8811 8823 8842 8846 8847 8852 8855 9010 9035 9053 9054 9100 9190 9198 9287 9314 9315 9358 9859 9900 10050 10268 10304 10312 10327 10375 10381 10395 10489 10503 10504 10535 10538 10547 10552 10614 10615 10625 10640 10641 10669 10670 10678 10681 10682 10684 10697 10725 10744 10790 10791 10934 11001 11002 11003 11005 11013 11014 11015 11058 11059 11061 11062 11082 11085 11087 11088 11089 11090 11093 11118 11149 11154 11178 11184 11188 11189 11190 11191 11194 11196 11199 11200 11202 11254 11255 11257 11281 11319 11322 11511 11512 11520 11521 11524 11579 11581 11619 11621 11622 11623 11624 11625 11626 11633 11639 11644 11657 11658 11659 11663 11664 11666 11667 11669 11670 11677 11707 11710 11712 11760 11763 11764 11765 11768 11774 11797 11905 11918 11919 11942 11980 11992 11993 12124 12128 12132 12134 12140 12143 12156 12161 12165 12193 12300 12507 12520 12622 12623 12690 12692 12710 12711 12712 12729 12730 12763 12765 12766 12767 12779 12796 12859 12860 12923 12924 12933 12972 12973 12991 13030 13035 13097 13110 13111 13455 13456 13488 13489 13572 13577 13585 13587 13588 13650 13652 13653 13660 13661 13664 13665 13673 13748 13767 13768 13769 13775 13783 13784 13786 13787 13794 13795 13796 13798 13847 13848 13853 13854 13856 13896 13897 13899 13918 13922 13965 13966 13981 14090 14105 14142 14297 14298 14361 14362 14655 14656 14723 14776 14777 14790 14809 14815 14850 14851 14878 14908 14915 14918 15151 15257 15258 15262 15360 15383 15385 15684 15705 15706 15928 15956 16064 16079 16210 16324 16325 16330 16331 16332 16333 16335 16336 16401 16404 16405 16571 16583 16584 17081 17082 17088 17129 17425 17530 17539 17587 17593 17650 17654 17655 17761 17778 17862 17916 18459 18475 18572 18577 18584 18682 18961 19104 19105
3035
11840 11841 11842 13745 4568 14494 4788 3681 14847 14848 15822 11888 11886 11841 11842 13745 4568 14494 4788 3681 14847 11887 11844 11880 3128 3129 3128 4789 15716 109 11876 11873 11874 11875 4829 5876 7760 7446 8516 7766 5872 4805 476 14491 8915 7906 4780 5596 5573 16567 1518 16567 11853 11936 5581 5561 5543 1572 5543 5538 5613 5601 5566 5590 11943 15689 8225 592 12939 12938 16944 12937 593 12937 16944 12938 12939 592 8225 12949 12950 12945 12946 12944 12946 12947 12951 16028 16949 16028 12951 12945 12950 12949 14661 4573 8469 8459 6354 13872 1115 13872 6354 8459 8469 6348 13873 5326 13370 338 13369 338 13370 5326 13873 6348 13501 214 8284 15694 7480 4577 4576 4791 15591 15590 15589 13129 13127 13128 13127 13129 402 5292 8411 8302 6473 8413 8303 5939 5936 15663 409 13002 13000 6063 16758 16022 6062 1807 5932 5934 12976 6046 6045 15901 12985 12986 6049 6047 12984 6047 6049 12986 12985 12968 12967 12958 5930 12965 12966 6046 6045 15901 12985 12968 6043 12983 12969 6038 12956 6037 12990 12989 1933 12989 12991 6042 13021 13020 7700 15903 12993 12992 7694 7702 7696 7695 5248 7692 5233 15900 5247 7688 5206 5255 5242 1890 15899 5253 1886 5253 15899 1890 5242 5241 6055 5250 5234 1793 1792 1793 13044 16069 1758 1757 1758 12995 5227 5167 5181 15788 12997 309 15911 309 12997 12996 1848 5238 5216 5199 7948 5217 5201 5237 14463 5237 1851 1850 1851 5237 5201 5217 268 5227 5167 5181 5171 16563 5296 5299 5288 14459 14460 14459 5288 5299 5296 16563 5171 5259 5261 3952 5275 4055 5300 5226 66 91 5323 6489 13120 13118 16061 557 13119 5373 281 282 288 289 294 296 297 291 292 293 283 286 5355 298 299 286 5355 4216 5340 13095 13046 13045 13131 13132 13134 5281 5291 5309 5291 5281 13134 389 3986 4058 14429 13511 14430 5196 13512 8285 8286 13097 14428 8287 13883 14427 8290 8289 4791 8288 394 1323 13097 8286 8285 13512 13510 7480 4577 15692 4574 4575 8514 8930 11970 8926 11970 8930 8514 8510 11820 8509 14331 8511 5955 8517 8520 6224 6223 8550 8549 8550 6223 6224 8519 4790 8561 11802 3838 3834 3835 3834 3837 1937 8551 4787 15869 15870 15871 15870 15869 8555 5960 8562 7485 11797 745 8378 8376 742 8489 5957 4550 14423 7756 8488 2599 8488 7756 7755 8523 8524 8523 6520 6525 15722 8484 7676 4292 8129 7681 12961 13137 5923 14352 13485 5021 12821 12822 12823 12822 12821 5043 317 5019 12870 15865 4436 3465 7531 8308 14344 14343 14344 8308 7531 3465 3962 4069 428 427 428 4069 3962 3465 7531 14338 12827 4435 8307 4434 4433 4696 4690 4726 4638 4727 4608 4727 4638 4726 13164 4697 13183 4697 571 4642 4676 4702 572 13184 13183 4677 4670 13180 13179 4702 572 571 4642 4676 4712 15606 4623 13154 4724 13154 13153 4717 144 4717 13153 4633 4680 8627 4617 4648 14245 14246 13858 14246 8628 4658 15601 5492 4659 4666 4613 8408 4619 517 4619 8409 515 4635 4650 4639 4705 4595 4703 4635 4650 4639 4607 8633 4585 4602 4718 4623 13154 4724 13138 4661 4723 4707 1402 13155 1402 4707 4693 4706 4458 408 4675 1400 4491 4487 4482 4487 4444 4484 4444 4487 4491 1400 4675 4466 4480 4497 4708 546 13166 14181 2716 2717 2718 2717 2716 14178 578 2724 2723 2724 578 14178 2716 2717 2718 2719 2720 2721 16596 14179 801 4076 801 14179 16596 14508 16602 5842 16602 527 4074 4073 4074 527 1069 16601 14233 8165 14237 14236 14235 4614 4474 1083 1086 1087 1086 1083 8585 8589 8588 8587 8588 8589 1167 1166 4826 4824 1082 4901 4891 4901 1082 4824 1072 15571 4823 8144 14247 8575 3849 3850 3849 8625 1065 39 15736 40 14163 2734 14163 7896 8574 7544 4821 1005 15573 1004 15572 1002 1043 1002 15572 1004 15573 1045 15575 8577 15574 1079 1077 4887 4822 8576 4823 8144 1172 8584 8618 8617 8618 8584 8582 1161 8582 8584 8618 8617 7478 4501 4504 8619 5899 1049 1051 5900 4816 634 645 644 645 8606 11519 11527 8602 8162 7477 8162 1222 8161 11544 1220 1227 11575 1229 1228 1229 11529 8159 11574 8404 1241 8374 4476 4450 4449 4430 4335 8182 13634 7966 1186 1187 16761 1186 7966 13634 8182 7967 11512 404 11513 404 11512 7968 11510 4301 4342 1192 1200 1201 1202 1201 1200 1182 11576 1198 1199 1247 1248 1246 1248 1247 1199 1198 11576 15849 4314 3541 4813 1250 1252 11577 4815 11571 11584 8160 11534 11536 11538 11541 11540 11543 14900 8403 8402 1204 14900 8403 4500 5891 1206 5892 11547 5894 5895 5896 4814 11555 1211 11556 11557 11556 1217 11558 11553 11560 11551 11562 11564 4815 11571 11584 8160 11533 4897 8159 11574 8404 1241 8374 4476 4450 4449 4471 4295 4899 4904 4889 1036 4898 1036 4889 4904 4899 11631 4448 8369 4294 4459 7915 4894 4872 4820 13204 4819 8617 7478 4820 4872 8608 6352 6351 1130 1144 1130 6351 6352 4886 13211 1132 6152 1133 4885 4890 13210 13727 8596 4880 4883 4893 1138 4882 1136 8595 4503 3935 3934 3935 8605 8604 13216 8602 11527 11526 11527 11519 8606 8607 8624 1123 90 8373 86 4505 1053 5898 13220 13219 13220 5898 1053 4505 85 84 89 11521 978 11516 5891 1206 5892 11547 5894 5895 5896 1278 1281 1279 14901 5893 14207 8338 16789 4340 11549 1284 1283 1284 1287 11470 4813 3541 4314 11497 11471 11474 7458 7459 7460 7459 7458 11474 11478 11477 11476 11475 11477 11478 11474 11471 8333 8332 15533 8347 179 4999 7463 7462 7463 4999 14866 14868 14867 8349 8350 8319 11495 13894 11492 13891 627 3941 11591 3945 625 624 6239 11508 1184 3926 1184 11504 1234 11507 4478 5054 11611 354 6238 11635 357 358 357 11609 6237 55 4888 4889 4904 4899 11631 4448 8369 8368 14202 11661 8367 1155 1156 1157 1156 1155 8098 4542 11607 15852 4337 11644 4508 4448 8369 4294 4459 8372 8370 6236 4316 15755 15754 13742 7655 8371 7915 4459 8372 8370 6236 7491 4303 4302 11653 4333 8366 5050 4975 11647 11649 11654 4827 790 789 790 5051 5006 5026 11597 11600 4972 11648 4827 11654 4551 4572 4329 1015 5053 11605 4975 5050 4998 4976 11598 4971 5035 4981 5038 8428 4306 5003 5006 5026 5035 4981 5038 5017 5045 5002 5033 11603 11602 4311 4328 4988 4303 4302 11653 4333 8366 1154 11650 11651 11650 11604 11605 4975 5050 8366 4333 6236 4316 15755 7658 4462 4580 4609 4669 4667 13187 955 4616 1041 1040 1041 8635 4668 4582 4336 4616 4583 8638 4610 4720 4681 13187 955 4616 1041 8635 4668 4653 4662 4582 4336 4616 4583 8638 4610 13203 13185 13203 4610 4720 13186 4720 4681 4700 4689 4609 4580 4688 4474 4614 947 4587 949 4713 949 4587 947 4614 14234 14238 14233 8165 8639 539 536 535 14507 3905 15738 8166 8167 7899 580 579 580 4621 4496 1495 1500 1497 8166 8167 7899 7898 1064 996 13159 4588 4715 4611 999 4611 997 4654 4716 4442 4621 4496 1495 1500 1497 8166 8167 7899 4596 16941 14509 155 4652 4600 4631 4618 4601 4618 4631 4600 4652 4630 2727 16555 8573 525 2729 525 8573 8158 522 8157 14514 4438 14516 14515 1194 14515 14516 4438 4499 4443 13839 14719 14720 14721 14720 14719 1195 13840 13521 13526 13525 13524 4699 5404 5414 5486 2450 5443 5416 5478 5456 8569 5501 5469 5500 5490 14251 13842 13524 4699 5404 1493 5444 3582 5495 3573 3571 1090 3578 3576 8662 3581 8662 8664 5414 5486 2450 5443 5416 13767 5435 5434 5480 5491 5480 5434 5435 2446 5454 5422 5406 14186 5407 5464 13769 2714 13769 5464 8654 14165 14184 14168 14169 14168 14184 14165 5463 4066 4067 4066 5409 62 63 64 8649 1457 5415 65 1449 14382 1451 1453 15613 14402 14449 14254 14253 14938 13532 13535 13534 15514 14939 1934 14448 1934 13533 14253 14938 13532 13535 13534 15514 3898 4523 3895 12891 12890 4246 4245 3410 3409 16785 16783 16782 16781 3886 325 6399 6391 12895 16780 12895 6391 6891 4226 16776 16774 106 6892 6885 6884 6889 6901 6899 4025 6899 6901 6889 6884 6885 6892 16773 16772 13788 13789 13788 16772 16771 16770 246 540 43 16769 16767 16768 16688 16662 16766 16662 16661 16659 16660 2968 1877 1878 1879 5344 139 5333 15812 15811 15812 1862 1863 15809 14440 5350 4210 4211 4210 5350 5359 141 4300 15540 279 15808 15807 15806 15805 15803 15804 555 559 561 4299 385 387 5365 9881 13046 13095 13094 13093 5366 3067 13048 5369 13047 5369 13048 3067 5366 13093 13096 13045 13131 13132 13134 389 3986 4058 14429 12953 5297 5257 5282 5220 13102 5303 5271 6491 5302 13100 13099 13100 5266 5301 5282 5220 5298 5278 5269 5265 13126 13124 13126 5265 5269 5278 5298 5220 13102 5303 5271 13054 9873 12817 13080 9875 13084 1816 5232 5261 5259 5304 5294 5231 5212 5231 5274 4543 4552 5208 5225 5214 7950 7952 511 7952 7951 3630 3629 3630 14473 14472 4022 5182 5180 5165 5190 5184 5180 5182 5183 13042 5187 5177 5179 4530 4522 7955 12954 13040 4528 4526 13035 13036 13038 13036 13035 13032 13033 13032 5168 13030 4536 4547 4517 7954 4510 4539 4513 4517 7954 4510 4539 4535 4514 4521 4525 4520 4529 4511 4538 4513 4517 4547 4536 5195 5194 7687 5192 13025 13024 5164 5188 5170 5178 5166 264 265 264 5186 1818 5186 1819 4526 13035 13032 5168 5164 5188 5170 5178 7693 12991 6042 13021 6044 13019 6050 6060 16019 313 16020 16021 16020 313 16019 6061 15906 6058 15902 7697 7701 6055 5241 5248 5178 5166 5163 5169 13486 5021 12838 12837 4284 4422 5000 5023 12878 4986 4422 5000 5023 4961 12862 12863 12860 12863 12862 4961 5023 5000 4422 4284 8315 7683 4287 7682 4423 8304 14365 12850 12851 12850 4313 8414 5039 4072 702 4072 705 704 703 704 705 4072 5039 8414 4465 7734 8362 8364 7732 4495 13743 4662 4582 4336 4616 4583 959 4651 4678 13199 4632 4645 4722 4721 4606 4673 967 4674 5707 925 4446 7732 7733 8363 8361 7735 7734 4473 686 8423 689 3636 8430 8424 13749 8422 1491 8421 16051 1987 16050 16049 16048 16052 1985 8421 1491 8422 4435 8307 4434 4433 4710 4682 4584 4695 574 573 8571 576 4683 4634 15605 8634 4686 4593 4690 4696 4710 4682 4584 4695 566 13173 13175 13174 13175 13171 13170 13171 4629 4646 4594 4593 4690 4696 4433 4434 8307 4435 13748 4534 8420 424 426 4533 4541 12836 12835 16053 14346 6939 14354 12834 12830 12834 2984 416 417 418 419 418 417 416 14353 13486 5169 7667 4519 7901 13043 8384 4320 8313 8311 7703 14347 12892 7704 4527 3895 12891 12890 4246 4245 3410 3409 16785 16783 16782 16781 3886 325 6399 6391 337 2439 6887 6904 16703 328 327 328 16703 6904 329 330 329 6904 16703 12882 15828 12884 12885 12887 12888 6386 12934 6386 6385 12897 8132 4228 92 12933 16787 6393 16787 15830 16786 6397 6388 324 6388 12934 6386 12888 12887 12885 12886 12885 12884 15828 12882 16703 3901 3902 337 6391 6399 325 3886 16777 16778 152 4226 16776 16775 6916 4252 4518 4531 16663 4253 4524 16678 16677 4244 16755 4141 4142 4143 4144 4150 4061 4060 3839 9157 7731 9158 9160 9161 9160 9158 7731 9165 1999 9166 5716 9962 14540 9961 9960 9961 9939 9959 9958 13383 9928 9925 6527 1997 6542 9156 8899 9147 9149 9109 9108 9106 9105 9106 9108 9109 9149 9148 9101 9100 9101 7936 8897 450 8897 9155 4105 9155 8897 7936 9985 9154 4016 4150 4061 4060 3839 3840 4017 4062 3631 4151 4155 4154 4153 4152 163 4114 7961 7963 7962 9254 9252 9253 9252 7957 4418 9263 5710 9976 1914 9976 5710 9263 4418 7957 9252 9254 7962 7963 7961 6913 7939 13386 16079 13391 7938 16092 16090 16091 13368 771 777 16765 777 776 775 773 775 774 775 776 777 771 13368 16091 16090 16092 7938 13391 16079 13386 7939 186 2056 2054 4019 16671 16606 4 9120 13365 3980 3981 3980 13365 7937 4149 4015 3959 4115 9983 9979 9981 9982 9981 9979 9983 4115 3959 3903 9154 9985 7936 9153 14288 9151 9152 9150 9152 8894 8126 2165 9075 2163 7942 9994 9993 16203 16202 14536 14538 14539 6936 14532 6544 6539 16201 9126 14531 9126 16201 6477 6478 6490 16200 16199 16200 6490 6508 15559 7934 7935 16574 9084 5688 9085 9086 9085 5688 5651 9089 7942 5368 5314 5438 2168 2167 5554 15775 5585 5367 5351 5598 5564 15819 5564 5598 5533 5577 9098 5577 5533 5598 5351 6914 5536 7943 14592 14590 14591 14594 5431 14596 5431 14594 14593 5426 5428 5400 5460 5429 5428 5426 7943 2061 7940 13797 9145 9134 473 5419 5427 9117 9122 9123 13506 13505 15539 148 15538 15537 147 15536 16650 16689 16690 16763 16660 2968 331 2968 1877 1879 5344 139 5333 15812 1862 15809 14440 5350 5359 5329 7920 5329 5359 141 273 5370 277 5356 5349 5325 5331 5352 273 5370 5331 2855 2857 5348 5321 5338 15890 16582 16062 1814 16066 16065 16066 1813 16066 1814 16062 16582 15890 5347 16675 15892 16059 4299 145 5569 15541 7941 9144 9143 9145 9134 473 5419 5427 162 9115 343 9114 345 9114 343 9115 162 5427 5419 473 9134 9145 13797 7940 2061 7943 5536 6914 5351 5598 5564 15819 5535 5544 5555 15920 5579 5546 5549 2676 208 14897 15873 5529 15517 15918 15919 15918 5603 5607 2090 4206 3914 3913 3833 4209 4208 4209 3833 3913 3914 4206 2090 5607 5603 5579 5546 5549 15916 5548 10015 5548 10009 16208 10000 9998 5576 16211 218 16211 5576 9998 10000 16208 10009 604 10007 6233 6232 10006 5334 5342 1708 1707 1708 5342 5334 5313 5310 10008 5310 5313 5334 5342 5362 13886 10004 13370 5326 13873 6348 13501 214 8284 15694 7480 4577 15692 4574 4575 8514 8930 11970 8930 8514 8510 8513 4578 15692 4574 7453 8284 15694 7480 4577 4576 4791 8288 394 1323 13097 8286 8285 14437 14435 14436 14434 347 5205 14432 8286 13097 14428 8287 13883 8289 4791 8301 15589 13129 402 5292 8411 8302 6473 8413 8303 5939 5936 5935 8410 180 13014 13012 13016 13015 13016 6057 6056 6053 6048 12959 6051 6056 6053 12964 12963 12964 12972 12973 12975 12971 12970 12974 6059 13011 13004 6053 12964 12972 12966 6046 6045 15901 12985 12968 6043 6047 6049 12986 12985 12968 12967 12958 12957 1797 5926 5925 5922 5924 12955 12956 15659 12956 6037 12990 5166 264 5186 1819 1817 1819 4526 13035 13036 13034 13036 13035 13032 5168 13030 4536 4547 4517 7954 13027 13028 7955 12954 13040 4528 13040 4519 7901 13043 8384 4320 4512 4286 6939 14354 12834 12830 15866 12832 15866 12830 12834 2984 416 14353 13486 5021 12838 12837 4284 8315 7683 7682 4423 8304 14365 12850 4313 4293 8283 7445 7495 8276 8266 14361 8266 8267 8279 14363 817 14362 817 14363 7445 7495 828 6260 6259 7502 7501 6259 6260 6071 6136 6070 6067 6065 13762 13514 4486 8305 7735 7734 4473 686 687 688 687 686 8423 689 3636 4071 15864 8423 689 3636 8430 8424 14368 7685 14351 4421 5007 4982 5000 4422 4284 8315 7683 4287 6431 4292 7675 8482 4291 15670 7678 5939 15789 13113 15898 13090 15773 15909 15908 397 15908 15909 15773 13090 5263 13116 5263 13090 15898 13113 15789 5939 7678 5940 8525 755 11825 8474 5944 8299 8479 11798 8297 8296 8298 11821 5951 5953 5954 8300 4578 15692 4574 7453 8284 15694 13503 13509 13508 5530 10013 10012 10010 13888 5553 15913 5553 13888 13887 15873 5529 15516 145 4299 385 387 5365 13132 13134 389 3986 3985 3986 4058 14429 13511 14430 5196 13512 13510 7480 4577 15692 4574 7453 8284 15694 13503 13509 13508 13507 13887 15873 5529 15516 145 4299 385 387 5365 13132 13134 389 390 389 3986 4058 14429 13511 14430 5196 13512 13510 7480 4577 15692 4574 7453 8284 15694 13503 13509 13508 13507 13887 15873 5529 15516 145 4299 385 387 5365 9881 13046 13095 13094 13093 5366 3067 3068 3067 5366 5343 5322 5318 5343 5366 13093 13094 13095 5340 4216 5355 298 285 284 15892 16059 4299 145 5569 15541 7941 9144 13506 13505 15539 15536 16650 16689 16690 16763 16762 15823 6434 10021 10020 6435 6439 10018 6444 10032 6440 10033 6440 6437 6440 10032 6444 6447 6449 202 10024 6446 16673 14324 6448 14321 14323 14322 14323 14324 6448 14321 6444 6447 6449 202 10024 6446 16673 16672 4185 4005 3949 3948 3949 4005 4185 6439 6435 10020 10021 6434 14318 6249 6436 6249 14318 6434 10021 10020 6435 6439 4185 16672 16763 16660 2968 1877 1879 5344 139 5333 15812 15811 15813 15810 1865 1864 1865 15810 15813 15811 15812 1862 1863 15809 14440 5350 5359 5329 5359 141 4300 15540 279 15808 15804 555 559 561 4299 145 5569 1459 5562 9096 3412 3833 3913 3914 4206 2090 5607 5603 5579 5546 5549 15916 15914 15915 15914 15916 5548 10009 16208 10000 9998 5576 16211 2476 5602 1712 5602 26 5541 5568 15920 5579 5603 15918 15517 5529 15516 145 4299 385 387 5365 9881 13046 13095 13094 13093 5366 3067 13048 3067 5366 13093 13096 13045 13131 13132 13134 389 3986 4058 14429 12953 5297 5257 5297 12953 14431 394 1323 13097 8286 8285 13512 13510 7480 4577 15692 4574 7453 4793 15759 13882 13881 1586 4794 8469 6348 13501 214 8284 15694 7480 4577 4576 4791 8301 15589 13129 402 5292 403 5289 15896 5289 403 5292 8411 8302 6473 8413 8303 5939 7678 8412 5954 8300 4578 15692 4574 4575 8514 11819 8925 8924 15709 4805 1324 4829 1462 4776 8907 3680 3681 14847 14848 15822 11888 11886 11841 11840
11915 15350 8985 17822 8975 5126 16205 16249 12932 9812 15453 9816 9823 13851 1851 10155 10419 13694 13693 9986 1046 5619 5618 2571 2706 4662 2716 2715 4661 9888 14110 1745 1762 16526 16453 16429 11267 7322 11273 16498 1781 11264 1814 1815 7298 1884 15184 15195 9952 9964 5360 10278 5362 6496 5973 5971 14258 18612 4539 5979 5978 17225 5925 10562 9727 9774 677 11131 15316 10023 1126 3219 15428 1057 1088 6143 1139 1113 1110 11018 15390 6122 1128 6018 6016 998 17340 17345 18949 14706 18946 15852 15921 1415 6053 18623 15821 15823 1394 6054 6095 6073 10931 15497 50 120 15970 14052 15942 8722 15954 15955 8765 11519 127 665 8758 1292 2930 5546 4644 3072 3075 10396 18704 8731 820 11522 16005 4305 8691 1449 3683 15932 15256 1001 5538 15915 15916 14273 596 13921 11052 10471 8848 15630 1497 8822 8784 5657 8838 8840 3157 15820 3166 1108 4754 10047 10048 1071 6162 13904 15440 9991 15792 1078 6031 991 15947 5998 1973 1998 13979 18288 1994 17337 598 1921 18945 1922 6181 12152 14987 18684 19142 15221 13592 10529 3654 10520 14997 14835 16519 5352 14019 16506 19085 14014 9960 7314 7312 9967 9982 7323 11282 18342 12311 1726 12310 12309 11263 1013 9910 9909 11278 220 1021 219 15150 16471 1715 2705 14236 1560 1553 5435 5491 9744 15551 15554 10445 4736 15038 5644 14265 3221 3222 10030 10028 10568 15304 18681 15228 15229 3117 10525 3118 12226 15223 9779 14045 18616 18668 3109 14986 14838 5386 14762 6737 7408 12760 6706 6722 6656 12753 19003 19009 19012 3211 6792 16558 6678 10858 15621 15619 15620 18738 7422 6717 6715 6443 14415 11355 3313 11350 15461 6641 6645 16814 3178 198 200 2151 14095 11434 1925 1942 6669 13617 14753 17635 5349 15162 15171 5031 1850 1835 14286 14285 5385 15246 2076 16735 16729 16730 18610 19084 2143 15096 16384 14122 10405 6497 5908 13877 11244 14678 9843 2561 9863 9875 2711 2693 9868 9869 9871 15210 16472 9911 4675 12387 10565 12892 5321 11216 11217 15659 2971 15539 18346 15288 1787 5397 5399 2074 781 18746 784 15283 17744 1910 11112 11102 14746 11104 11103 18710 3242 3233 5351 13619 14022 14021 16505 15161 16727 14117 2115 9954 7317 10847 14101 8 10 26 45 47 55 93 113 123 124 128 129 131 162 163 178 180 181 182 183 187 192 194 195 196 199 213 214 217 218 221 233 234 235 236 237 591 611 664 671 676 760 771 773 774 777 782 819 924 925 927 928 929 930 931 932 933 961 989 997 1010 1014 1015 1018 1019 1024 1031 1047 1058 1066 1070 1072 1079 1080 1085 1087 1092 1093 1094 1095 1105 1106 1107 1109 1112 1115 1117 1124 1125 1131 1132 1136 1140 1209 1210 1241 1267 1288 1295 1297 1298 1299 1300 1302 1311 1318 1320 1321 1322 1329 1390 1392 1408 1417 1450 1469 1480 1498 1528 1540 1542 1543 1554 1694 1695 1696 1697 1700 1701 1702 1703 1713 1714 1716 1723 1724 1732 1733 1736 1737 1738 1741 1742 1743 1744 1746 1750 1751 1757 1758 1759 1761 1763 1767 1769 1770 1771 1777 1779 1780 1782 1796 1797 1798 1813 1816 1819 1825 1827 1828 1829 1830 1831 1832 1833 1834 1837 1839 1847 1848 1849 1881 1883 1885 1911 1912 1918 1926 1927 1928 1933 1939 1946 1948 1949 1950 1952 1953 1954 1960 1968 1976 1978 1979 1980 1981 1996 1999 2002 2003 2078 2079 2093 2095 2096 2098 2111 2116 2117 2118 2119 2125 2126 2127 2128 2129 2131 2134 2135 2152 2253 2287 2510 2512 2515 2516 2517 2518 2557 2558 2562 2568 2572 2579 2694 2695 2701 2702 2703 2704 2707 2708 2710 2712 2723 2725 2726 2903 2931 2955 2969 2970 3068 3071 3076 3077 3107 3113 3121 3122 3123 3158 3159 3174 3176 3186 3187 3213 3214 3223 3226 3227 3228 3229 3230 3231 3238 3239 3240 3241 3281 3655 3656 3657 3667 3668 3681 3682 3684 3685 3688 4341 4342 4536 4543 4656 4657 4658 4659 4660 4663 4664 4665 4667 4668 4669 4670 4671 4672 4674 4676 4697 4711 4712 4713 4720 4732 4734 4735 4738 4740 4746 4751 4752 4753 4757 4758 4777 4778 4897 4943 5030 5144 5145 5176 5181 5182 5210 5271 5272 5342 5343 5344 5345 5346 5347 5350 5354 5357 5358 5361 5376 5377 5379 5380 5388 5393 5394 5395 5396 5400 5401 5402 5403 5405 5406 5407 5420 5421 5422 5434 5457 5458 5459 5478 5480 5488 5502 5528 5530 5540 5541 5542 5543 5545 5547 5548 5549 5550 5555 5556 5573 5603 5607 5610 5611 5612 5613 5614 5616 5617 5625 5626 5629 5630 5635 5636 5637 5646 5663 5866 5867 5869 5877 5912 5913 5914 5916 5917 5947 5976 5999 6000 6001 6002 6010 6011 6012 6013 6014 6036 6048 6049 6055 6056 6059 6060 6061 6090 6096 6115 6123 6124 6126 6127 6139 6140 6141 6142 6144 6147 6156 6157 6161 6163 6164 6165 6440 6461 6482 6640 6642 6648 6652 6659 6667 6680 6681 6682 6683 6694 6702 6703 6704 6710 6711 6713 6714 6718 6723 6726 6727 6728 6730 6731 7170 7171 7172 7282 7288 7291 7292 7293 7294 7295 7297 7313 7333 7409 7410 7420 7421 7433 7435 7437 7441 7452 7453 7468 7478 7480 8688 8689 8692 8694 8695 8763 8766 8818 8819 8820 8829 8830 8831 8832 8833 8849 8850 8974 9014 9015 9734 9735 9736 9752 9775 9815 9817 9819 9824 9828 9829 9830 9847 9848 9852 9853 9856 9860 9864 9870 9873 9874 9889 9890 9891 9894 9902 9903 9904 9905 9906 9916 9926 9948 9953 9955 9956 9957 9958 9961 9962 9966 9983 9996 10010 10014 10015 10016 10017 10019 10020 10154 10172 10173 10178 10266 10267 10269 10271 10274 10281 10282 10293 10294 10295 10296 10300 10301 10302 10303 10309 10310 10311 10313 10345 10390 10407 10408 10420 10446 10470 10477 10488 10492 10493 10494 10495 10496 10497 10522 10526 10532 10533 10534 10542 10555 10556 10567 10569 10577 10581 10582 10583 10584 10585 10595 10596 10597 10598 10599 10600 10601 10609 10611 10612 10618 10619 10620 10622 10623 10626 10627 10628 10631 10846 10848 10875 10876 10877 10878 10879 10882 10886 10935 10936 10999 11000 11004 11022 11024 11057 11060 11105 11108 11109 11113 11114 11130 11156 11167 11169 11219 11234 11236 11239 11240 11241 11242 11245 11249 11260 11261 11262 11269 11270 11277 11279 11283 11284 11329 11352 11432 11436 11591 11594 11610 11611 11629 11630 11632 11689 11692 11773 11931 12148 12158 12162 12177 12197 12206 12225 12227 12238 12239 12388 12392 12456 12459 12466 12467 12469 12475 12479 12480 12519 12522 12523 12524 12525 12530 12536 12537 12625 12626 12750 12751 12754 12756 12757 12758 12759 12846 12849 12850 12902 13382 13593 13613 13616 13618 13625 13628 13643 13676 13677 13689 13692 13699 13731 13742 13820 13831 13872 13874 13887 13895 13903 13928 13950 13951 13957 13978 13986 14011 14015 14016 14017 14018 14041 14047 14050 14055 14098 14102 14104 14112 14113 14114 14116 14237 14239 14241 14243 14244 14264 14266 14267 14268 14269 14280 14311 14416 14417 14427 14645 14671 14673 14674 14675 14676 14677 14680 14686 14696 14699 14700 14701 14702 14703 14747 14749 14759 14763 14784 14826 14827 14829 14831 14832 14833 14834 14840 14841 14842 14843 14849 14855 14892 14910 14914 14917 14961 14962 14963 14964 14977 14978 14979 14981 14984 14985 14988 14991 14993 14995 15014 15037 15075 15077 15091 15092 15093 15094 15165 15168 15169 15173 15177 15181 15204 15231 15233 15248 15264 15286 15291 15302 15303 15313 15314 15315 15381 15382 15389 15431 15432 15433 15435 15451 15452 15460 15463 15538 15553 15581 15582 15618 15751 15789 15790 15794 15849 15854 15856 15941 15943 15944 15952 16179 16185 16385 16469 16520 16530 16533 16534 16626 16728 16731 16734 17341 17342 17343 17498 17504 17505 18064 18129 18274 18275 18347 18659 18667 18687 18723 18729 18769 18832 18833 18835 18839 18841 18948 18983 19001 19002 19004 19006 19011 19062 19065 19066 19102 19103 19122 19124 19125 19136 19137 19144 19145 19146
123
11840 11841 11842 13745 4568 14494 4788 3681 14847 14848 15822 11888 11886 11889 126 6538 11836 120 119 121 119 120 6532 11890 11891 11890 6532 115 4830 15718 1584 4789 15726 15725 15726 11972 4831 487 4831 7905 483 484 483 482 4780 11857 11855 11856 11855 11857 11864 11858 11864 11861 11862 4782 11911 1667 11954 8463 8462 1669 11849 111 112 111 11951 11847 1545 11950 11845 11949 6135 11948 8460 15686 13746 4778 4781 12098 4990 4969 12119 5027 12119 4969 4990 12098 4781 4778 1543 6134 1600 11902 1604 1606 1605 1606 1604 11902 15883 1602 15884 6135 11948 8460 15686 13746 4778 15888 4562 11842 13745 4568 14494 4788 3681 14847 14848 15822 11888 11886 11841 11840
3288 3289 3293 14940 14941 8988 13889 15370 15362 9020 9044 1216 14935 1222 1228 1564 16286 1044 1199 1201 1213 1214 1217 1219 1220 1237 1565 3292 3294 4561 5888 5896 11309 14637 14659 14660 14667 16280
1837
11840 11841 11842 13745 4568 14494 4788 3681 14847 14848 15822 11888 11886 11889 2097 2098 2097 11889 126 6538 11836 120 6532 11900 15720 4777 945 8128 6493 11833 6134 1600 1599 1598 1597 1598 1599 1600 11902 15883 11902 1604 1606 1604 11902 15883 1602 15884 6135 11948 8460 15686 13746 4778 4781 874 4783 13725 13765 4785 4561 4786 4020 4308 7852 12089 931 12088 4020 4308 13496 1616 1617 16034 6248 9585 9583 9585 1609 3161 3163 3161 1609 9585 9583 9591 9866 13432 13433 13432 9866 9591 9583 9585 1609 1464 1607 9578 9607 9578 1607 1464 1609 9585 6248 16034 1617 1616 13496 4308 7852 12089 4202 6130 12084 12085 12082 7851 12082 12085 12084 6130 4950 12117 4969 12119 12118 12119 4969 4990 12098 4781 874 4783 12113 16605 5042 5025 5042 16605 12113 4783 13725 13765 4785 4561 13492 13491 233 6924 14663 4949 11920 11921 11913 11916 11914 11916 11913 11921 11922 11921 11920 4949 15688 9794 666 16029 16031 16029 16030 8222 9796 5526 5636 8241 4965 5687 5620 5665 5620 5687 4965 932 933 935 933 932 4965 5687 1570 1568 5693 5691 5634 5670 5634 5691 5693 1568 1570 5687 4965 8241 5636 5526 13376 5646 5679 5524 5525 5524 9748 9749 9780 9779 9780 9749 9748 5524 5525 5527 9773 5883 7924 7921 1413 15772 5882 5880 5879 5880 5882 8866 8865 222 223 224 8229 224 223 222 8864 8865 8866 5882 5880 5879 16241 5881 6128 16255 5364 6234 13877 15745 15744 15745 13877 6234 606 8896 598 6233 6232 10006 5334 5313 5310 10007 604 10009 16208 10000 9999 10000 9998 5576 16211 2476 5602 26 25 26 5541 5568 15920 5579 5603 5607 2090 4206 3914 3913 3912 3913 3833 3412 9096 5562 1459 1458 1459 5569 15541 7941 4300 15540 279 5356 5349 301 5349 5325 5331 2855 2857 2856 2857 5348 5321 5317 303 5317 5321 5338 15890 16582 16062 1814 16063 13092 1868 1871 1868 1869 1873 1872 1873 1869 1868 13092 13117 13070 13078 306 13072 13071 13072 306 13078 13077 13068 13064 13065 13064 13068 13077 13078 13070 13118 16061 557 13119 5373 16676 284 15892 16059 4299 145 5569 15541 7941 2171 9099 15756 7940 2061 7943 5536 6914 5351 5598 5564 15819 9095 5600 5371 16216 5606 5580 5544 5555 5584 5580 5544 5555 15920 5579 5603 15918 15517 15918 5603 5579 5546 5549 2676 208 14897 15873 5529 15517 15918 5603 5579 5546 5549 15916 5548 10009 16208 10000 9998 7947 6524 7946 6524 6486 6477 6478 6490 6478 6539 6544 14532 6936 14535 14536 14538 14537 6500 14539 6936 14535 16206 7934 7935 9994 7942 2163 9075 2165 8126 8894 8893 9148 9149 9109 9149 9148 8893 9153 14288 9151 9152 9150 4222 9150 9152 8894 8126 2165 9075 2163 7942 5368 5314 5438 5353 14595 14592 7943 5536 5608 5575 5533 5598 5351 6914 5536 7943 2061 7940 13797 9145 9134 473 5419 5427 162 161 160 161 162 9115 343 9115 162 5427 9117 2553 9116 165 9130 9141 9122 9129 9119 133 9119 9129 9122 9123 13506 13505 15539 15536 16650 16689 16690 16664 16674 16765 777 771 13368 16091 16090 16092 7938 13391 16079 13386 7939 6913 7961 7963 7962 9254 9252 7957 4420 7957 4418 9263 5710 9976 1914 9975 1914 9976 184 182 2073 16705 9267 9295 5721 9296 6403 9270 9272 9273 6409 646 647 646 6409 9273 9272 9270 6403 5713 6404 9305 9318 9305 2122 6405 6407 9320 9306 9316 2124 2126 6412 6408 9307 9308 9310 6418 6419 6420 5718 4026 14762 14874 3095 14877 3092 5712 13400 15628 9070 9069 9066 9050 9052 9053 9049 9068 9064 9056 9057 9059 9060 9062 9063 9061 9055 9058 9056 9064 9068 9048 9051 9066 9069 9070 15628 7617 5384 7618 7619 7767 13363 13362 13361 13360 13345 13350 13352 13349 13341 13348 13610 13412 16608 16844 16608 6795 6878 6882 7537 6853 15062 16286 207 2154 7538 15671 6821 4161 16305 6825 6813 6815 6817 6815 6808 16302 6816 6798 6797 6807 6794 6804 6803 3997 6852 3998 6852 3997 6834 16282 16832 16282 14194 14193 7534 14192 14191 16276 6840 7717 6850 13796 6864 16268 6862 4220 7621 15842 15844 15843 15844 15845 15840 15839 6809 6805 6809 15839 6870 4221 6806 6801 6806 4221 6836 6858 6840 7717 16260 252 263 73 72 73 263 6839 16320 6844 4030 4169 4170 9073 9074 2694 9074 9073 4170 4169 16309 6865 9899 262 9898 2685 9898 262 9899 6865 6880 16263 16265 15626 15627 2692 15627 6832 6833 3983 16279 16280 4219 4218 9070 248 5377 2429 5386 5374 16627 2527 2529 2524 5376 15531 16334 15126 16334 16335 16334 15531 15129 2522 2523 2522 5391 16619 5379 16618 16614 2430 2432 16615 16617 16632 16631 16630 16629 16620 16621 16342 16623 2539 16624 16344 16625 2537 14474 16626 2542 14475 16332 5389 2545 2547 2548 2549 2548 15529 15527 5388 16322 14770 14768 14767 14768 14770 16348 16362 14771 15518 15519 14777 15519 16364 16367 14782 16367 16364 15519 14777 14773 14781 14780 14765 14779 5389 16332 14475 2542 16626 848 14445 5382 15535 5391 2522 15129 15531 5376 2524 2529 2527 16627 5374 5387 14873 14875 14874 3095 14877 3092 5712 13400 15628 7617 5384 7618 7619 7767 4049 16281 7620 14570 16278 16291 4047 16277 6877 6859 6845 6873 6838 6873 16277 6877 6841 6849 7621 4220 16589 249 250 249 4171 6833 3983 16279 16280 4219 4218 9070 15628 7617 5384 5714 5392 5383 6421 9303 6415 6410 6406 9973 5713 6403 9296 5721 9177 7718 9284 9283 9284 7718 9177 5721 9295 9267 9295 5721 9296 6403 9298 6403 9270 9272 9273 9274 9273 6409 646 6413 6416 6414 6416 6413 646 6409 2075 6410 6415 9303 6421 5383 14759 6420 5718 3885 3884 3885 5718 4026 14762 14874 3095 14877 3092 5712 13400 13399 13398 13399 13400 15628 9070 9069 9070 15628 7617 5384 7618 7619 7767 4049 16281 7620 14570 16278 3983 16279 16281 7620 4048 4050 8982 8980 8975 8974 8975 8980 13412 16608 6795 6878 6827 6874 6881 6835 2158 16293 16562 205 206 2156 206 205 16562 6799 6812 6810 6798 6797 6807 6824 6807 6797 6818 6814 6822 6829 15845 15840 15839 6809 15839 6870 4221 6836 6858 6840 7717 6850 13796 6864 16268 6862 4220 7621 15838 16295 6847 6835 6881 6831 6882 7537 15681 16289 15681 7537 6853 15062 16286 207 2154 7538 15671 6821 4161 4160 4159 4157 15682 4157 16283 16284 3999 3998 6852 3997 6834 16282 14194 14193 7534 14192 14191 16276 6840 7717 16260 252 263 6839 16320 16317 16318 2681 2682 256 255 16316 75 16316 254 4036 16315 9895 9896 9897 2685 9898 262 9899 6865 6880 16263 16265 15626 15627 6832 6833 3983 16279 16280 4219 4218 9070 15628 7617 5384 7618 7619 7767 13363 13362 13361 13360 13345 13343 13344 13343 13345 13350 13612 13611 13348 13610 13407 13609 13405 13609 13608 13419 13414 16848 13414 13419 13608 15835 6422 15837 6422 15835 13608 13609 13407 13610 13348 13611 8982 4050 4048 7620 14570 16278 3983 16279 16280 4219 4218 9070 248 5377 2429 5386 5374 16618 16614 2430 2432 16615 16617 16632 16631 16636 16635 16634 16629 16620 16621 16342 16623 2539 16624 16344 16624 2539 16623 16342 16621 16622 2532 2531 2532 16622 16326 16325 2535 2534 850 849 848 16626 2542 14475 16332 5389 14779 16323 14778 16323 14779 5389 16332 14475 2542 16626 848 14445 5382 15535 5391 2522 15129 15128 16270 16269 16272 16269 16270 15128 15126 16334 15531 5376 2524 2529 2527 16627 5374 5387 14873 14875 14874 3095 14877 3092 5712 5714 5392 5383 6421 9302 6417 13396 6417 13395 6411 9319 6406 9973 5713 6404 9305 2122 6405 6407 9320 9319 6406 9973 5713 6403 9296 5721 9295 9267 16705 2073 182 184 9976 5710 9263 4418 7957 4420 13393 6911 6910 6909 6910 6911 6907 4419 9914 9913 9914 4419 6907 6911 13393 4420 7957 9252 9254 7962 7963 7961 6913 7939 186 2056 2054 4019 16671 16606 16690 16763 16762 15823 6434 14318 6249 10030 10041 6438 6427 6428 6429 6430 14315 14313 14315 6250 10028 6426 6430 6429 6428 6427 14317 10041 6438 6442 6447 6449 6445 6450 6451 6450 6445 6449 202 10024 6446 16691 151 3 5 150 16755 4141 4142 4143 4144 4150 4061 4060 3839 9157 7731 9165 1999 9166 5716 9962 14541 9959 9958 13383 9928 9925 6527 9935 6497 6543 6535 1996 1995 1996 6535 6543 1993 6514 6475 9943 9942 9943 6475 6470 5722 9924 8890 8889 8891 8889 8890 6485 4369 4370 9946 9947 9946 9948 14147 14146 9919 9892 9016 9018 14145 9028 9025 9023 14144 14139 9002 14138 6364 16185 13477 9170 7933 14744 4980 4951 9179 13482 13605 4406 8987 8988 8989 8988 8987 2087 4407 8990 8991 8990 4407 2087 8987 4406 13606 9826 9827 9825 9824 6355 9180 9833 6565 16222 9829 16222 4004 16221 6358 9851 6571 6569 6571 6557 6572 6557 6571 9851 2645 15007 15008 15006 15794 15797 15793 15795 16651 14576 14571 15791 7930 9854 14741 5040 6558 2325 9611 9609 9611 5130 9613 9612 9613 9605 5155 9602 4959 1613 5142 9617 9618 9597 3429 5070 13439 9624 4373 13438 4389 9586 4389 4392 4375 4377 4380 7929 5154 5097 3546 3547 5109 3547 3546 5097 5154 7928 4386 5099 9332 15721 5138 9333 5138 15721 9332 5099 4386 7928 3550 4379 7927 4379 3550 7928 5154 7929 4394 4387 5069 5086 3539 3540 3539 5086 5069 4387 4388 2323 3160 4767 5975 9353 2342 5977 5978 5979 5980 5982 8087 5982 5983 16155 3911 16153 16154 16153 3911 16155 5983 8085 5984 5985 9373 6001 6371 6372 9642 3486 9641 9640 9641 3486 9642 9643 16669 6370 2836 2837 200 678 2839 678 200 16743 679 683 680 16720 678 48 49 16716 16717 16718 16719 16715 16746 16745 16744 51 50 200 678 48 49 16716 16717 16718 16719 16715 16746 4189 3466 6368 6369 4190 16745 16744 16716 16717 16718 16719 16095 4212 9582 4768 9569 4399 4402 681 15041 681 4401 4400 9342 5116 9348 9346 5161 3477 5093 9629 5093 3477 5161 5091 4397 4396 4395 8472 8471 4403 7930 15791 14571 14576 14578 15799 15798 15800 14579 14578 15799 14573 14572 16225 6560 9599 6560 16225 14572 15798 14579 14571 14576 14580 9858 7730 1556 1558 8124 3918 8123 15043 8122 8121 1537 8121 8122 15043 8123 3918 8124 9857 7660 9821 9809 2254 4214 9808 1554 5695 9803 3852 4979 16227 9169 7659 9793 5668 1490 1533 9781 9783 1535 9786 9790 9789 9790 9786 1535 9783 9781 1533 1490 4984 5621 5620 5687 4965 8241 5636 5526 9796 8222 9794 15688 4949 11920 15760 4557 4565 15686 13746 4778 15888 4562 11842 13745 4568 14494 4788 3681 14847 14848 15822 11888 11886 11841 11840
16741 16742 5891 16268 16281 9003 1235 9145 16293 17866 10223 17869 11580 11582 9150 1484 11598 9031 9033 15519 14247 18781 18783 2181 15739 16241 2062 7211 7213 2485 16119 15098 15099 13913 2921 1820 12851 7442 14870 2097 2153 18693 16732 16150 768 15170 15167 17506 1826 1880 14097 14281 16511 16512 9938 9945 7289 193 197 203 6655 15020 10884 15019 2094 2077 2091 14032 10883 11354 12848 6732 12761 19097 190 2149 15011 15247 6661 6690 6689 6664 15085 912 7417 15501 6838 3131 3132 6847 5370 6624 6614 6617 766 10866 316 10198 4460 15074 15069 4466 5301 5300 14465 18852 18853 3632 14064 4455 3571 15133 17314 7349 17313 18925 18739 13043 13044 14495 17148 13042 698 710 17172 13086 11806 13605 11826 11823 3602 3711 15128 6821 3675 6810 6813 6808 6814 10690 2275 18660 10181 10859 18744 6557 10197 764 18879 16793 14060 3589 3562 3585 18889 15130 3633 18875 4477 15073 13840 15144 17301 14899 15137 7347 762 10151 16802 310 322 3151 697 726 729 709 712 17155 11821 14462 10176 3129 3659 7373 2954 11099 12482 7469 14745 12755 7407 16629 7398 13595 7401 7383 1486 11723 16717 866 6569 7251 12395 3348 3355 13997 1524 7021 7022 1516 1514 852 847 1676 18257 166 168 6849 1672 18251 5085 14382 2614 7045 15528 16959 14807 14808 19055 12577 1655 1653 10908 859 13999 16301 16219 7221 149 150 151 152 153 154 164 165 191 202 204 246 252 253 311 313 314 315 317 318 319 323 330 332 696 699 701 702 703 704 705 706 707 711 713 717 719 720 721 722 723 724 730 765 839 840 841 842 843 845 846 848 860 861 867 908 909 910 913 914 921 922 923 1227 1230 1485 1492 1512 1513 1515 1517 1518 1519 1522 1523 1525 1548 1590 1591 1640 1654 1656 1673 1674 1678 1894 1917 2063 2064 2065 2148 2211 2213 2214 2259 2268 2269 2270 2271 2272 2273 2276 2277 2278 2474 2475 2476 2482 2483 2592 2615 2619 2620 2650 2800 2920 2922 2923 2953 3088 3089 3090 3091 3092 3093 3124 3126 3127 3128 3130 3133 3134 3141 3143 3144 3145 3146 3147 3149 3150 3152 3154 3155 3173 3236 3237 3274 3275 3276 3283 3284 3310 3319 3336 3337 3338 3561 3566 3573 3574 3575 3578 3579 3580 3581 3582 3583 3590 3596 3597 3603 3607 3608 3609 3610 3611 3615 3620 3621 3622 3623 3624 3625 3626 3634 3635 3636 3637 3638 3670 3671 3674 3676 3710 4456 4458 4459 4461 4462 4463 4464 4465 4476 5149 5175 5264 5302 5303 5304 5305 5306 5307 5308 5356 5369 5371 5372 5373 5374 5375 5892 5893 5894 5899 5900 6442 6468 6469 6559 6563 6568 6570 6583 6588 6611 6612 6619 6620 6621 6625 6626 6631 6632 6660 6663 6719 6724 6725 6811 6812 6816 6817 6839 6844 6845 6846 6862 6863 6865 7000 7001 7002 7003 7005 7011 7025 7187 7188 7189 7190 7191 7252 7266 7343 7346 7348 7350 7372 7381 7382 7397 7470 7471 9004 9144 9146 9937 9941 9942 9943 9944 9946 9947 10143 10144 10145 10150 10196 10397 10425 10426 10476 10479 10491 10686 10687 10688 10860 10861 10863 10864 10865 10871 10906 11100 11287 11338 11353 11401 11403 11407 11410 11412 11419 11421 11601 11716 11719 11722 11747 11810 11811 11812 11820 11824 11825 11827 11828 11939 12001 12002 12003 12004 12005 12195 12201 12202 12462 12487 12489 12569 12570 12582 12583 12585 12587 12596 12598 12725 12726 12733 12749 12809 13046 13047 13048 13049 13050 13051 13052 13053 13054 13055 13056 13057 13058 13059 13060 13061 13066 13067 13068 13069 13070 13071 13072 13073 13074 13075 13076 13077 13078 13079 13080 13082 13087 13088 13714 13715 13716 13718 13719 13720 13836 13837 13841 13927 13959 13985 14000 14003 14004 14006 14033 14034 14035 14036 14037 14063 14282 14454 14466 14467 14468 14474 14490 14639 14644 14663 14736 14740 14741 14750 14781 14796 14803 14818 14819 14820 14882 14883 14884 14885 14903 14904 14905 15043 15044 15045 15058 15064 15066 15070 15072 15087 15088 15090 15097 15108 15124 15125 15126 15131 15135 15136 15138 15141 15142 15143 15148 15149 15154 15155 15203 15531 15535 15536 15675 15676 15698 15729 15738 16088 16121 16193 16194 16242 16269 16270 16279 16282 16283 16288 16508 16509 16513 16709 16795 16797 16798 16799 16809 16884 16887 16888 16960 17146 17154 17157 17158 17161 17270 17271 17302 17310 17311 18194 18195 18207 18244 18258 18259 18661 18740 18742 18743 18764 18775 18778 18782 18784 18786 18789 18793 18794 18795 18798 18800 18878 18883 18885 18888 18890 18891 18893 18894 18895 18896 18897 18898 18899 18900 18901 18902 18903 18908 18909 18910 18911 18912 18913 18914 18915 18916 18917 18919 18920 18923 18924 18926 18927 18929 18931 19013 19017 19018 19019 19029 19032 19034 19054 19086 19087 19088 19089 19090 19091 19139
103
11840 11841 11842 13745 4568 4545 8389 14743 13723 2653 2652 2656 7976 5870 15616 15617 15618 15619 15618 15617 15616 5869 8379 5874 13792 4285 15614 4288 11763 499 11795 4277 11759 11760 11759 7509 5521 8391 5522 5520 14426 11766 14424 11766 5519 8393 8140 8392 8387 8385 11781 11779 8394 446 11778 446 8394 8385 8387 7532 15702 13719 4334 1406 1390 1408 7412 8282 15701 8328 8329 13889 14212 4332 1274 4309 7479 14676 7975 4428 11441 11484 13720 6919 8442 8652 8445 8651 13726 4828 4562 11842 13745 4568 14494 4788 3681 14847 14848 15822 11888 11886 11841 11840
3035 13751 5572 8925 5586 11231 4346 5589 8935 1038 1041 2056 3680 5340 5565 11724
1062
11840 11841 11842 13745 4568 4545 8389 4184 15704 7532 15702 13719 4334 8386 8394 446 445 446 11778 11777 11778 446 8394 8385 8387 7532 15702 13719 4334 1406 1390 1408 7412 7369 14498 14497 14496 14497 14498 7369 7412 8282 14785 7413 4339 7365 7364 7363 13890 2696 11705 11706 1011 11706 11705 8358 6145 8360 900 15814 7504 11709 8265 11666 864 6151 7503 6150 6142 6143 4326 1010 8264 1010 4326 6143 6151 7503 8169 820 7505 7506 5888 14411 7440 7441 11743 11742 836 832 5888 14411 7440 7441 11743 11745 11728 718 11731 11732 14413 15860 14413 11732 11731 3219 7442 13718 764 5889 4290 502 14408 838 14410 841 840 841 14410 11753 2058 11754 821 11758 8168 5162 11696 8390 8391 5522 2842 7508 11764 7508 8327 11674 11675 11680 11675 11789 11676 11789 11675 11674 14407 7511 7510 787 785 7512 11775 7512 785 787 7510 7508 8327 11674 14407 8150 8282 15701 8328 8329 13889 14212 4332 1274 4309 14843 4309 7479 14676 7975 4428 11441 11484 13720 6919 8442 8652 4027 11483 4027 8652 8444 12370 12031 1701 14839 1701 12031 12370 8444 8652 8445 8651 13726 4828 4562 15602 4828 4985 4970 4973 16698 13915 8193 5048 5041 13917 4948 1704 4948 13917 5041 13918 5049 5037 4974 4950 11974 5048 8193 13915 5052 12032 13916 5047 1687 5047 1685 5009 5004 5011 1684 4968 4977 5013 4977 7401 3894 7414 7522 12309 12312 12321 12320 12317 12322 4832 12268 12202 1910 1909 1912 12203 14336 14544 15993 14544 14336 12203 1912 1909 1910 12202 4833 12270 12201 12200 12199 12200 12201 12273 12272 12274 12276 781 12277 12278 12306 12307 12308 12307 12306 12278 12277 781 12276 12274 12272 12273 12197 5850 12258 15631 6111 15629 5851 12216 12218 6114 7362 12141 6115 6113 4834 7969 2043 7970 2043 7969 7525 7380 5854 12129 5860 12125 15641 12127 5858 5856 5862 2264 12126 2274 2273 6123 13903 6245 1895 15333 15498 12147 6244 15499 788 12130 1897 1896 1897 12130 788 15499 6244 4798 12596 5823 6654 2035 6654 5823 12685 12684 12683 2139 2138 2139 12683 12684 12685 12759 12758 12759 12685 5823 12596 4798 12585 5857 6246 15987 15985 15986 6693 6674 6666 2624 6668 2624 6666 6674 6693 12580 6672 15988 6688 12581 6267 12581 6266 4812 2630 6660 6659 6686 6659 6660 12579 12577 4344 12589 12597 6681 6680 6683 2032 6683 6680 6681 5861 5859 12600 12760 15512 15948 6264 3201 12773 6673 6653 6671 6670 12629 6669 6649 6669 12629 6670 14634 3195 12633 3194 8969 6285 15384 4799 12649 6679 12635 5505 6089 3337 5517 5709 5516 16481 5515 6752 15326 5514 16485 15281 13996 6761 13996 13997 15283 13994 13995 13972 13971 14000 13970 13969 16493 6717 6745 11046 6749 4748 11047 14747 14854 5509 14855 14851 14850 4747 14852 16611 16612 4870 11098 11101 11096 8213 8236 13968 8238 8214 13966 13978 8215 11103 11104 8215 13978 6746 16543 16544 16543 6746 13978 8215 11103 8216 3389 11093 11091 11085 11081 11083 8217 16545 8217 11077 11075 11066 11075 11070 8218 11070 11075 11077 8217 11083 11081 11085 11091 11093 3389 8216 11103 8215 13978 13966 6931 13967 3253 6742 14859 14860 81 14861 14862 20 82 8244 11004 8247 11001 8246 11007 14053 11056 15137 7610 8820 14056 15293 14519 14750 10993 14524 3385 14753 4755 4753 4754 15266 4756 15257 4752 15258 15253 15098 15262 13780 4751 13782 13781 7604 7605 8821 8822 3378 3370 8850 3381 8851 3421 3419 3420 3419 3417 8849 3414 15092 15091 15092 3414 8849 3417 3419 3421 8851 3381 8850 3375 16002 13868 3376 7606 7607 16015 16014 16015 7607 7606 3376 13868 16002 3375 8850 3370 3378 3379 3380 3379 3378 8822 8821 7605 13783 15262 15098 15253 15254 3366 3365 3366 15254 3368 3384 3383 15256 15257 4756 15266 4754 4753 4755 14753 3385 14524 10993 14750 14519 15293 14056 8820 7610 15137 7610 11054 11053 11050 11032 11050 11053 11054 7610 15137 11056 14053 11007 8246 11001 15268 15267 10999 11000 10999 15267 15268 11001 8247 11004 70 11005 70 71 70 11004 8247 11001 8246 16494 15279 3358 15280 3357 4757 11059 11058 11059 4757 3357 3355 11062 3356 11061 11060 11061 3356 11062 3355 3357 15280 6707 16490 16489 14007 14095 3634 14096 15218 15232 8799 8803 8799 8800 8801 8802 16513 11014 11011 8817 11015 15135 14758 14056 8820 7610 11054 101 16665 14748 15278 6707 15280 3357 4757 11059 11063 15309 6695 14008 14009 16519 16523 16518 16523 14010 16521 16516 16517 16516 16521 14010 16523 16519 14009 14008 15300 13944 13945 14015 14094 14015 13945 13944 16527 13958 14014 14013 14090 15290 14080 14082 16411 3907 16411 14082 14080 15290 14090 14018 14089 14019 16410 14019 14089 14018 14090 15290 16412 13955 13956 14087 14086 14087 6766 6767 13957 13956 13955 16424 13954 6763 14105 13930 4737 13976 15196 13976 4737 16420 16418 4736 6735 4732 13975 4733 13975 15296 13976 4737 13930 14105 15200 15198 6708 15198 15200 14105 6763 15187 15186 15185 6715 15185 15186 15187 6763 13954 16424 13955 13956 13957 13958 16527 13944 15300 14008 6695 4758 6756 15306 6728 4749 6765 6753 11045 11043 4748 11047 14747 14854 5509 14855 14851 14850 4747 3246 16538 16667 3348 13339 7487 10965 14025 10982 10969 10986 10971 10979 10985 10977 4868 10984 10893 10894 4240 4239 4240 4243 4241 9730 4241 4243 4240 10894 10893 10984 4868 3352 10988 4867 14024 14035 4869 14023 4866 4865 13263 13982 13981 13980 10899 10896 10895 10896 10899 13980 13981 13990 15442 7663 10912 10902 10904 10903 10904 7592 10910 7593 7595 7591 10913 7589 16547 13923 13774 10643 15056 10649 13928 10649 13927 10636 13927 13926 13925 10650 13924 13923 9732 5742 5749 3992 5798 5752 13271 13795 3657 5802 15349 10871 10044 7267 10877 10043 10876 13732 5808 15495 15347 11141 5837 5840 5839 5838 5814 10046 5812 14200 14201 16585 5813 9 7375 13738 5815 2361 11247 7374 7371 5811 11265 13713 5809 11296 5810 11233 11281 11231 11235 7205 7240 7556 7738 4338 7741 13904 7243 14444 7433 7186 6243 6252 14746 6253 7479 14676 7975 4428 11441 11484 13720 6919 8442 8652 8445 8651 13726 4828 4562 11842 13745 4568 14494 4788 3681 14847 14848 15822 11888 11886 11841 11840
15331 15330 11310 11311 2243 15806 4352 5314 4344 2498 8898 15671 15371 12605 8861 4385 4384 8669 10501 9117 2779 14783 16382 1495 16368 10950 1529 9225 16390 14213 9223 14197 4947 2437 4129 16541 9574 16772 9651 13195 14203 14205 3455 9541 3465 795 2452 16671 3437 3518 3544 3516 8381 14613 8367 8360 5234 6414 18144 18136 14231 10825 10823 18135 13213 8316 13100 8344 455 8331 18119 14896 8348 18048 18049 14580 13186 515 13028 464 18770 14598 14597 512 10654 18688 13180 503 12017 12362 13159 1145 1144 12356 3495 3514 18057 19119 7168 8258 8264 148 341 8052 336 339 340 358 359 402 404 405 419 463 465 491 492 504 1275 1276 1277 1278 1360 1361 1362 1363 1366 1367 1369 1387 1388 1482 1496 1688 1689 2022 2023 2024 2027 2047 2239 2357 2359 2360 2361 2362 2364 2366 2499 2808 3479 3480 3481 3503 3509 3519 3975 4130 4131 4181 4184 4185 4273 4274 4351 4353 4354 4356 4357 4372 4386 4387 4389 4390 4392 4393 4395 4396 4400 4401 4402 4403 4405 4409 4412 4413 4416 4432 4568 4586 4587 4588 4593 4646 4648 5111 5113 5114 5235 5236 5237 5241 5246 5252 5253 5254 5256 5257 5313 5315 5316 5341 5454 5503 5507 5509 5512 5513 5514 5517 5582 5587 6326 6327 6333 6334 6335 6336 6337 6353 6413 6415 6417 6418 7167 8058 8059 8217 8218 8314 8315 8330 8333 8349 8380 8860 8862 8916 8931 9116 9224 9675 10431 10478 10510 10511 10515 10516 10545 10553 10655 10656 10657 10658 10665 10668 10674 10732 10764 10824 10826 10827 10962 11049 11050 11070 11207 11208 11209 11306 11307 11313 11314 11513 11793 11925 12038 12046 12171 12172 12188 12245 12268 13005 13027 13103 13148 13173 13215 13216 13217 13221 13222 13226 13244 13259 13310 13312 13313 13318 13430 13433 13436 13437 14230 14516 14579 14581 14582 14712 14715 14769 16095 16183 18052 18055 18056 18058 18066 18070 18071 18073 18074 18084 18133 18137 18331 18332 18374 18375 18758 18804 18805 18825 18826 18846 18855 18957
3038
11840 11841 11842 13745 4568 4545 8389 4184 15704 7532 15702 13719 4334 8386 8394 8385 11781 11780 11779 8394 446 8394 8385 8387 7532 15702 13719 4334 8386 11771 505 504 11767 11765 11768 11774 11775 7512 1811 1810 1811 7512 785 787 7510 7508 8327 11674 11675 11680 11681 11680 901 11679 11678 8150 8282 14785 7413 4339 7507 11684 11690 11694 11692 11693 11692 11694 11690 11684 7507 4339 7365 7364 7367 14418 7367 898 11688 11689 11688 898 7367 7364 7363 13890 2696 11705 8358 6145 8360 8354 15700 8354 8360 900 15814 7504 11709 8265 11666 11663 11666 864 6151 7503 8169 820 7505 8168 5162 11696 8390 8391 5522 5520 14426 11766 5519 8393 8140 8392 8387 7532 15702 13719 4334 1406 1390 1408 7412 8282 14785 7413 14505 14506 4341 13893 8326 8325 8352 8353 8317 8318 8340 8341 8326 8325 8351 11490 4322 15706 15705 15706 1258 4310 13651 7244 7738 4338 7741 13904 7232 8316 463 13759 8437 13518 37 0 1376 0 37 4319 4321 4064 8317 8318 8340 8341 8326 8325 8351 11490 4322 13900 4164 13900 4322 15706 1258 4310 13651 16747 7486 8322 7456 7246 8431 14218 8435 14671 8434 1360 1358 1361 1350 13896 1353 13778 1356 13895 14612 8398 14229 8331 8178 8330 8174 8175 8177 14935 8176 14228 8398 14229 8331 8178 8330 11452 11455 45 11454 11462 4271 11462 449 16577 16576 7748 4922 13776 441 4915 1303 1301 7754 11453 11456 11457 8177 14935 1388 1386 1381 1384 1382 1384 1381 8397 8433 14670 13901 15544 3074 3072 14216 14217 8435 15542 13898 15543 4330 52 16136 11468 796 797 796 14788 8348 8349 8350 8319 11495 11493 16948 11494 11496 13892 13894 11492 13891 11592 11486 1185 8173 4317 1017 8407 11593 8171 11596 15731 15730 15729 15728 7910 6241 15850 4323 1024 1023 1024 1021 7518 7517 7515 7517 7518 4317 1017 8407 11593 8171 11596 15731 915 916 917 918 8436 4341 8407 11593 8171 6241 912 7909 4205 7907 4431 11629 7912 4432 4305 15728 7910 6241 912 7909 4205 7907 4431 11629 7912 4432 7736 7737 13890 13763 4327 7499 1008 8263 4326 6143 6142 6141 6149 6148 6147 6146 11697 6138 6139 6147 6146 7443 7444 814 870 871 870 15861 11673 13633 13632 11670 11672 11670 13632 13633 11673 6138 6139 6225 8426 1236 4324 8425 807 2413 2415 2412 2411 11686 11687 6065 13762 13514 4486 8305 4457 15751 4297 804 6068 11703 805 11704 805 11703 8281 7492 6069 11699 11700 11699 6066 6064 6068 11703 8281 7492 6069 7493 829 7494 8280 7494 6070 6136 6071 7484 6072 8145 6146 7443 6137 6136 6071 7484 714 11792 6262 7439 6261 5885 8249 5885 15859 11794 710 14417 8268 8272 5884 4298 7679 7680 7436 14421 15867 8274 8381 7438 11724 8253 8252 8253 8251 7439 6261 5885 15859 11794 710 14417 8268 8272 5884 4298 7679 6431 4292 7675 8482 8483 8482 4291 15670 7678 5940 8525 755 11825 8474 5944 5945 5942 5943 5942 5945 8542 11799 5956 5964 8540 5946 5947 11798 8297 8296 737 11822 737 8296 8298 11821 5951 5953 5954 8300 4578 15692 4574 4575 8514 8510 11820 8509 14331 8511 5955 5952 15668 15669 8545 16945 8563 8564 8565 8566 8521 8522 735 5966 8005 361 362 361 8006 11812 363 5962 7582 7654 5941 8533 749 8531 5938 8531 749 8533 5941 11808 5959 6503 6541 6545 6541 6503 6537 5958 7654 7582 5962 5963 5961 11811 5941 8533 749 8531 5938 5937 8481 5943 5942 5945 5944 8299 8479 11798 8297 8527 8480 8527 8297 8296 8298 11821 5951 5953 5954 8300 4578 15692 4574 7453 8284 15694 13503 13509 13508 13507 13887 15873 5529 15516 145 5569 15541 7941 2171 9099 15756 7940 2061 7943 5426 5428 5429 5405 5447 5424 5417 5424 5433 5423 5425 5461 5395 9136 5438 5314 5368 4007 4223 9990 4223 4007 5368 7942 9089 5651 5688 9084 16575 455 456 5703 16254 16249 4040 4039 16254 5703 456 455 16575 5631 16574 7935 7934 15559 6508 8895 15561 5639 13798 16218 9738 16194 6526 2062 1159 1158 5324 15741 15743 6482 3223 1102 6492 16196 1097 16196 6479 8884 1095 8884 8876 6518 8875 6518 8876 8884 6479 16196 6492 1102 3223 6482 9740 5357 6483 15816 9745 9744 9739 9743 9047 16234 609 610 609 16234 9047 9743 587 588 589 590 589 588 587 9742 6129 5315 6129 8125 9043 9041 614 615 614 16656 5633 15667 617 9046 15678 9039 7661 5630 5619 5674 5653 4045 9806 1564 5695 9803 3852 4979 9802 4979 16227 9169 3965 3964 3965 9169 7659 9793 5668 15666 5704 5635 5653 4045 9806 1564 5695 1554 9808 1551 1548 7726 1559 7726 3916 7729 2078 14742 9809 9821 7660 5659 5640 13378 8993 14586 4980 4951 7933 9170 13477 13478 13480 13481 16328 13482 13605 4406 13606 9826 9827 16189 16950 16190 9826 13606 8985 8984 6357 2251 13607 16880 13607 2251 9847 6362 6361 6358 16221 4004 16222 6565 9833 9180 6355 5014 9823 13605 13482 9179 4951 4980 14586 8993 13378 5640 5658 5627 5658 5640 13378 8993 14586 14589 13382 8891 6226 14584 6228 6365 6228 4372 9020 6230 6231 6229 6227 6229 9950 14147 14146 9919 9892 9893 9892 9016 9018 14145 9028 9027 9028 9025 9023 14144 14139 9004 9006 9009 9007 15048 14140 9012 14140 15048 9007 9009 9006 9004 14139 14144 9021 4372 6228 14584 6226 8891 8889 8890 9924 5722 14587 6542 1997 6527 9925 9928 9927 9928 9925 6527 9935 6497 6543 9938 14530 1547 14529 14530 9938 6543 6535 9931 9932 9931 9929 6487 9939 9959 9958 9167 9957 14582 5715 9952 5715 9162 9160 9158 7731 9157 9965 3840 4017 4062 3631 4151 4148 4147 4146 4145 4018 4227 16671 16606 4 9120 13365 7937 4014 7918 158 157 9128 7917 9121 13505 15539 15536 16650 16689 16690 16763 16762 15823 6434 10021 10020 6435 6439 4185 4005 4107 4005 4185 6439 10018 6444 6447 6449 202 10024 6446 16673 14324 6448 14321 6444 6447 6449 202 10024 6446 16673 16672 16763 16660 2968 1877 1879 5344 5332 5319 7919 5358 12899 12901 276 12900 14443 2853 5354 5320 5348 5321 5338 15890 16582 16062 1814 16063 270 276 12901 5341 1502 12907 5228 5252 15792 5235 14131 5235 15792 5252 5228 9874 12903 12905 14137 5211 5223 5211 14133 14129 5224 3346 12915 6433 5285 4055 5275 3952 5261 5259 5304 5294 5231 5274 4543 4552 5208 5225 5214 7950 7952 7951 5177 5187 5165 5190 5184 14457 8382 4320 8313 8311 7703 14347 12892 7704 3898 4523 4231 4230 3861 3897 1507 3862 8293 3899 7900 14447 14939 1934 13533 14375 14372 14376 13722 14397 13715 8679 14689 14688 14687 14686 6466 2176 2174 7792 16711 6454 6462 10441 8834 14907 8834 15023 1852 1853 7819 7818 7768 7770 7769 7772 7778 7772 7780 7774 6468 7774 7782 7781 7784 7781 2177 15009 7783 10127 7773 10054 10067 10055 15011 15012 10058 10102 7566 10132 10131 16824 10131 6219 10075 16822 10075 6219 15019 15016 6453 7574 10129 7574 6453 10061 10059 7569 6458 10057 10056 10055 15011 10139 7567 2185 7567 10101 2188 10101 7567 10139 15011 10055 10067 7769 7770 6468 7791 7794 7825 7826 7825 7794 8832 7792 2174 2176 6466 8831 7787 2179 2182 2181 2182 2179 7787 6465 14694 14450 14451 14452 1839 1840 2 16707 7800 7798 7800 8778 7796 8775 7795 1844 7670 1824 7808 1859 1858 1859 1857 7809 14394 1822 1823 1822 14394 7809 1857 1859 7808 14395 14404 14403 14398 8838 8837 14399 1403 14402 15613 1453 1451 14382 15998 1455 5474 5503 1392 1393 1392 1855 14403 14398 14399 1403 14402 14449 14254 14253 14938 13532 13535 13531 13139 4532 8312 8314 4512 4320 8313 8311 7703 14347 12892 7704 4527 95 94 93 12931 8132 4228 92 12933 16787 15830 16786 3409 16785 16783 16784 16782 16781 3886 325 6399 6391 337 2439 6887 6904 334 336 334 6904 6887 2439 337 6391 6891 4226 16776 16774 106 6892 6885 6884 6889 6901 6899 4025 6894 15825 15826 15825 6893 15827 6893 15825 6894 4025 6899 6901 6889 6884 6885 6892 16773 16772 16771 16770 246 540 43 16769 16767 16768 16688 5327 5361 5327 5360 5312 5360 12911 5328 5311 5252 15792 5235 14131 5203 14131 5235 15792 5252 5228 9874 12903 12905 14137 5211 14133 14129 5224 12913 5224 3346 12915 6433 1789 2872 2871 2872 1789 6433 5285 12917 5285 4055 5275 3952 5261 5259 5304 5294 5231 5274 4543 12920 15787 12920 4543 4552 5230 4548 5230 4552 4543 12920 5236 14462 5240 5198 5240 4555 5216 5199 7948 7949 4520 4529 4511 4538 4535 4514 4511 4538 4513 4517 4547 4536 5195 5194 7687 5192 13025 13024 5164 5188 5193 5197 5192 13025 13024 5164 5188 5170 5178 5248 5241 6055 5250 5234 1793 13044 1793 5234 5250 6055 5241 5248 7692 5233 15900 5247 7688 13029 7689 7687 5192 13025 13024 5164 5188 5170 5178 7693 12991 6042 12988 6037 12990 5166 5163 5169 13486 5021 13485 5021 12821 12822 12821 5043 317 318 317 5043 38 3977 421 3960 421 14337 4436 3465 7531 8308 7531 14338 14339 14338 7531 8308 14345 14340 6938 435 6938 12826 6938 14340 14345 8308 7531 14338 12827 4435 8307 4434 4433 4696 4690 4726 13164 4697 13183 4677 13183 4697 571 4642 16057 4726 4638 4727 4608 8239 4433 4710 4682 4584 4695 566 565 566 13173 13175 13171 4629 4646 4682 4584 4695 574 573 8571 576 799 576 4683 4634 2724 578 14178 2716 14181 13166 546 4708 4589 14517 14518 2440 2441 2440 14518 14517 4664 2726 4490 4660 4604 8157 14514 4438 14516 14515 14516 4438 4499 4443 13839 13838 13846 13845 13841 13840 13521 4482 4487 4491 1400 4675 4466 4498 4477 4439 14166 14167 14166 4437 4493 1196 4485 1196 4493 4472 8570 4460 8570 4472 1195 13840 13521 13526 13525 13524 4699 5404 1493 5444 3582 5495 3584 5479 7956 16870 7956 3575 1090 3578 3576 8662 8664 5414 5486 2450 5443 5416 13767 5397 5410 8568 5452 5497 8659 14326 5471 7956 3575 1090 3578 3576 8662 8664 5414 5404 4699 13524 13525 13526 13521 4482 4487 4491 1400 4675 4466 4498 4477 4439 4479 4490 4660 4630 2727 16555 8573 525 2729 8572 2729 525 8573 8158 4454 14232 524 14232 156 155 14509 16941 4596 7899 580 4621 4496 1088 13158 8643 8642 1066 8642 8643 4879 8640 14240 14237 14236 14235 14234 14238 16601 1069 527 16602 14508 16596 14179 991 992 14178 578 2724 4634 15605 8634 4686 4593 4690 4696 4433 4434 8307 4435 13748 4534 8420 424 426 4533 4541 12836 16721 13747 8310 4512 4320 8313 8311 7703 14347 12892 13534 15514 14939 1934 13533 14253 14938 13862 15592 13530 13857 13854 13853 13852 13851 13850 13849 13848 13847 13846 13845 13841 13840 13521 13526 13525 13524 13525 13526 13521 4482 4487 4491 1400 4675 13522 14243 13520 4461 13520 13519 14244 520 519 520 13523 14245 14246 8628 4658 15601 5492 4659 4666 4613 4704 4624 4714 4620 15004 4659 4666 4679 518 4615 8630 8631 513 514 513 8631 8632 4627 515 4635 4650 4639 4607 8633 4649 4680 4633 142 143 4717 13153 13154 4623 15606 4712 4676 4702 13179 13180 13181 13179 4702 572 13184 4697 571 4642 16057 4726 4690 4593 4686 13163 4599 4483 4494 4466 4480 4497 4708 4497 544 541 4447 4464 4440 4477 4439 14166 4437 4493 4472 1195 13840 13521 13526 13525 13524 4699 5404 1493 5444 3582 3583 3582 5495 3573 3571 1090 3578 3576 8662 8664 5414 5486 2450 5443 5416 13767 5456 8569 5501 8671 5489 2448 15594 2449 15594 5482 14379 5488 8668 5472 5396 62 63 64 5473 14401 5467 2339 8695 1950 8695 2339 1394 1397 5503 1392 1855 14403 14398 14399 1403 14402 14449 14254 14253 14938 13532 13535 13531 13139 4532 8312 8314 4512 4286 6939 14346 16053 16054 16053 14346 6939 14354 12834 2984 416 14353 13486 5169 7667 4526 13035 13036 13035 13032 5168 5164 5188 5170 5178 5248 7692 12981 12980 7691 5170 5178 5248 7692 12981 12980 7691 7690 7691 5170 5178 5166 264 5186 5173 5185 5170 5178 5248 5241 6055 5250 5234 1793 13044 16069 1758 12995 1931 12995 5227 5167 1992 5167 5181 5171 16563 5296 5299 5288 14459 5288 5299 5296 16563 5171 5181 15788 12997 309 12997 12996 1848 5238 5251 5238 5216 5199 7948 5217 5201 300 5201 5217 268 5227 12995 1758 16069 1930 267 7948 7949 4520 4529 4521 4525 4515 5214 7950 7952 7951 5177 5187 332 5174 332 5187 5177 5179 4530 4516 13791 7901 13043 8384 4320 8382 4320 4512 4286 6939 14354 12834 12830 15866 12832 423 12832 15866 12830 12834 2984 416 14353 13486 5169 7667 4526 13035 13032 5168 13030 4536 5195 14468 14467 14468 5219 14466 14464 267 7948 5199 5216 5238 5251 5274 5231 5294 5256 5294 5304 5259 5261 5232 91 5323 6489 13120 13118 13070 13078 13077 13068 13067 13068 13064 13065 3883 13065 13064 13068 13077 13078 306 13072 305 13074 13076 13074 305 13072 306 13078 13070 13117 13092 1868 1869 1870 1869 1868 13092 16063 16064 1813 16065 1813 16064 16063 270 276 12900 272 12900 14443 2853 5354 5352 273 141 4300 15540 279 15808 15804 555 559 561 4299 385 387 5365 13132 13134 389 3986 4058 14429 13511 14430 348 347 14434 14438 14433 5196 13512 13510 8292 682 8292 8291 13885 13884 14427 8290 8289 4791 8301 15589 13129 402 5292 8411 396 8411 8302 6473 6531 6473 8413 8303 5939 5936 15663 409 13002 13000 6063 16758 16022 6062 1807 5932 5934 12976 6046 6045 15901 12985 12968 6043 12983 12969 6038 5927 5926 5925 5923 14352 13485 5021 12821 5043 38 3977 421 14337 4436 3465 3962 4069 428 427 1989 431 8420 424 426 4533 8419 8418 8417 8416 4541 12836 16721 13747 8310 4512 4320 8313 8311 7703 14347 12892 7704 3898 4523 4231 4230 3861 3897 1508 3896 4229 92 12933 16787 15830 16786 3409 16785 16783 16784 16779 16778 152 4226 16776 16774 16773 16772 16771 16770 246 540 43 16769 16767 16768 16688 5327 5360 12911 5328 5311 5252 15792 5235 14131 5229 14131 5235 15792 5252 5228 9874 12903 12905 14137 5211 14133 14129 5224 12913 14135 14455 14135 12913 5224 14129 14133 5211 14137 12905 12903 9874 5228 5252 5311 5328 12911 5360 5327 16688 16662 16661 16659 16660 2968 331 2967 331 2968 1877 1879 5344 139 5333 15812 1862 15809 14440 5350 5359 141 4300 7941 2171 9099 15756 7940 2061 7943 14592 14595 5353 5438 5314 5368 4007 4223 9990 9151 14288 9153 7936 9985 9154 4016 4150 4061 4060 3839 9157 7731 9165 1999 9166 5716 9962 14540 9961 9939 9959 14541 9962 5716 9166 1999 9165 7731 9157 9965 3840 4017 4062 3631 4151 4155 4152 163 4114 7961 7963 7962 9254 9255 9254 9252 7957 4418 3863 4418 9263 5710 13397 5710 9976 184 182 2073 16705 9267 9295 5721 9296 6403 9270 9269 9270 9272 9273 6409 646 6409 2075 6410 6415 9303 185 9303 6415 6410 6406 9973 5713 6404 9305 2122 6405 6407 9320 9306 9316 2124 2126 6412 6408 9307 9308 9311 9308 9310 6418 6419 6420 5718 4026 14763 14762 14874 3095 14877 3092 5712 13400 15628 9070 9069 9066 9051 9052 9050 9066 9069 9070 248 5377 2429 5386 5374 16618 16628 5381 16628 16618 16614 2430 2432 2433 2432 16615 16616 16615 2432 2430 16614 16618 16628 16627 2527 2529 2524 5376 15531 16334 15126 15128 16270 16269 16270 16273 16274 16273 16270 15128 15129 2522 5391 15535 5382 15530 5382 14445 2535 16325 16326 16622 16621 16342 16623 8065 16623 2539 16624 16344 16625 2537 14474 16626 2542 14475 16332 5389 14779 16323 16324 16323 14779 5389 2545 2547 2548 15529 15528 15529 15527 5388 16322 14770 16348 16362 14771 16366 16367 14782 16368 14783 14775 14784 16358 14475 2542 16626 848 14445 5382 15535 5391 2522 15129 15531 5376 2524 2529 2527 16627 5374 5387 14873 14875 14874 3095 14877 3092 5712 13400 15628 7617 5384 7618 7619 7767 4049 3879 4052 4048 7620 14570 16278 3983 16279 16281 7620 4048 4050 8982 8980 13412 8981 13411 8981 13412 13610 13407 13609 13608 13419 13608 13609 13407 13610 13348 13341 13349 13352 13351 13354 13351 13343 13345 13360 13361 13362 13363 7767 4049 16281 7620 14570 16278 16291 4047 16277 6877 6841 12401 6851 6849 7621 15842 3880 15840 15845 15840 15839 6870 15839 15840 15845 6829 15846 6799 16562 6816 6798 6797 6807 6794 6804 6803 3997 6834 16834 6834 3997 6852 3998 3996 3995 16845 3995 7561 6830 16283 4157 4159 4160 4161 6821 15671 7538 7539 7538 2154 207 16286 16287 16286 15062 6853 7537 15681 16289 16290 16285 16290 16289 15681 7537 6882 6831 6881 6851 12401 6837 6843 6859 6845 6873 6838 6872 6838 6873 16277 6877 6841 6849 7621 4220 16589 249 4171 6832 15627 15626 16265 16263 6880 6865 9899 261 16307 16308 16307 261 262 9898 2685 9897 9896 16314 9896 9895 16315 4036 254 2681 2682 256 255 259 258 259 74 72 73 263 252 16260 7717 6850 13796 6864 16268 6862 4220 16589 249 4171 6833 3983 16279 16280 4219 4218 9070 15628 7617 5384 5714 5392 5383 6421 9303 6415 6410 6406 9973 5713 6403 9296 5721 9295 9267 16705 2073 182 184 9976 5710 9263 4418 3863 4154 4153 4152 163 4018 4227 16671 16606 16690 16763 16660 2968 1877 1879 5344 139 5333 15812 1862 15809 14440 5350 5359 141 4300 15540 279 15808 15804 555 559 561 4299 385 387 5365 13132 13134 389 3986 4058 14429 13511 14430 5196 13512 13510 7480 4577 15692 4574 4575 8514 11819 8925 8924 15709 4805 1324 4829 1462 4776 8907 3680 3681 14847 14848 15822 11888 11886 11841 11840
2036 5591 8934 15373 16538 15709 5485 8870 15716 11221 8868 1686 5519 8877 2049 4348 5482 5481 10286 4289 13871 4760 4748 16075 4297 19022 11323 4505 62 10990 13898 8681 2233 2237 16080 15638 146 8780 13893 15 15812 4450 5501 5498 2802 2804 15692 10343 4252 10409 13919 8886 8892 2730 4340 2803 5331 4692 10557 5333 794 5410 10915 15602 8963 8962 13830 5966 15259 2590 787 789 3315 4886 5929 5378 12211 7431 18869 14413 15862 15462 7182 15468 15450 12106 15473 7235 18728 2183 16235 6747 12723 16713 304 7253 785 12597 18202 6574 2912 2919 2911 12721 6598 1491 16722 14643 7390 7379 11357 7392 10881 2288 19131 19063 14992 7465 7467 7477 7479 17502 9787 15379 10531 1765 18680 13737 3249 3254 16537 4783 4785 4789 6365 4799 4795 7494 7497 7526 2901 2902 3259 16821 7490 4832 16828 11744 4811 6219 16503 16476 6378 11315 16103 18663 5132 14970 15238 14044 3647 1846 1886 3182 7309 570 17521 9797 1776 16535 1029 1748 216 1020 12474 4702 10630 10629 10624 9893 2699 11148 9728 1468 15212 15306 11129 11126 15321 11134 3218 10604 15424 5627 1114 15436 17058 990 11033 597 15948 993 13724 2007 6030 6032 15400 15835 10811 10816 13590 6019 10918 6146 15395 1111 1084 13380 1055 15412 10603 14959 10007 10018 15430 3220 975 10025 12968 14771 18289 15855 1977 1934 5995 5996 17072 6180 16594 11029 5425 14270 11152 9912 1693 4707 4706 1725 10621 9827 16625 10617 3179 11268 11271 15205 15152 1022 4894 1730 4896 5577 9733 11276 9898 9799 9935 18658 15200 16510 14287 15215 1822 772 779 11243 15534 11233 10849 15287 3270 2696 5643 5640 13599 18634 14043 15442 15234 7434 7411 19064 3212 6793 3666 10177 3673 6806 6815 2274 15042 3125 6833 3138 11803 6610 700 1914 17054 15147 14461 14464 13615 17162 14492 13612 17167 18652 18934 18932 18741 6562 10194 312 10201 3595 3613 18886 18892 3584 3563 3577 12804 626 18884 12805 14470 14469 3712 19028 14485 17312 15140 0 1 2 3 4 5 6 7 14 16 17 18 21 23 24 58 60 66 67 97 99 101 138 155 157 158 159 160 161 176 211 215 232 305 306 307 308 309 569 627 628 694 708 715 716 788 790 830 949 959 973 974 977 978 979 980 981 982 1012 1016 1023 1027 1030 1032 1033 1034 1035 1036 1037 1048 1054 1056 1059 1081 1091 1101 1102 1103 1137 1487 1731 1734 1821 1823 1824 1840 1841 1842 1843 1844 1845 1872 1878 1879 1899 1900 1901 1902 1903 1919 1944 1951 1958 1971 1972 1974 1991 1992 1993 2004 2005 2008 2010 2037 2038 2046 2048 2200 2234 2235 2240 2242 2248 2250 2251 2285 2286 2501 2502 2503 2504 2567 2580 2581 2586 2587 2591 2698 2727 2728 2798 2799 2805 2806 2889 2890 2891 2892 2893 2895 2896 2897 2898 2908 2909 2910 2913 2914 2915 2916 2917 2918 3114 3203 3250 3251 3253 3263 3271 3272 3273 3564 3576 3594 3598 3599 3600 3649 3650 3653 3665 4136 4253 4268 4275 4298 4322 4325 4345 4347 4349 4350 4359 4360 4363 4365 4379 4380 4382 4383 4445 4454 4478 4483 4503 4703 4704 4705 4708 4761 4763 4790 4791 4796 4797 4798 4806 4808 4809 4827 4882 4885 4887 4892 4970 4971 5185 5194 5200 5298 5299 5317 5414 5446 5456 5483 5484 5486 5500 5516 5520 5569 5570 5574 5588 5590 5595 5596 5639 5641 5642 5684 5944 5962 6004 6006 6025 6026 6040 6041 6121 6182 6183 6184 6185 6186 6187 6188 6202 6368 6436 6437 6446 6447 6448 6455 6456 6457 6458 6478 6564 6638 6666 6676 6677 6684 6733 6746 7180 7255 7256 7257 7290 7296 7301 7302 7303 7304 7305 7306 7307 7308 7310 7311 7376 7377 7378 7429 7430 7432 8655 8659 8665 8670 8672 8676 8710 8711 8712 8713 8781 8869 8871 8881 8882 8884 8885 8928 8932 8936 8937 9369 9785 9786 9825 9867 9880 9881 9895 9896 9897 9899 9901 9918 10008 10021 10022 10024 10146 10200 10253 10255 10275 10284 10305 10307 10308 10318 10344 10421 10422 10447 10481 10484 10587 10590 10591 10593 10594 10610 10788 10799 10807 10809 10810 10814 10839 10840 10841 10914 10920 10921 10922 10923 10979 10989 10994 10995 10996 10997 11011 11017 11133 11186 11195 11197 11198 11201 11203 11206 11222 11223 11227 11230 11247 11253 11258 11259 11316 11358 11514 11516 11529 11531 11620 11651 11656 11714 11720 11728 11729 11743 11769 11771 11775 11777 11798 11799 11800 11801 11802 11829 11961 11962 11963 11964 11990 12110 12144 12145 12155 12178 12204 12205 12212 12213 12214 12223 12232 12476 12477 12478 12533 12602 12606 12607 12833 12894 12895 12898 12899 12900 12945 12948 12949 13025 13083 13596 13600 13601 13631 13632 13633 13634 13638 13639 13691 13696 13710 13826 13827 13842 13891 13892 13902 13991 13992 14062 14078 14079 14080 14083 14216 14283 14284 14288 14294 14295 14296 14406 14407 14483 14484 14512 14640 14641 14648 14650 14682 14705 14772 14773 14887 14897 14898 14902 14958 14966 14967 14968 14976 15000 15004 15005 15007 15134 15201 15202 15251 15295 15320 15374 15380 15392 15500 15583 15586 15600 15603 15637 15643 15657 15726 15727 15728 15949 15950 16089 16091 16092 16191 16192 16228 16351 16467 16475 16491 16499 16826 17036 17037 17059 17070 17071 17123 17147 17350 17522 18203 18624 18635 18636 18637 18657 18716 18767 18828 18830 18831 18865 18870 18877 18930 18933 19007 19008 19030 19033 19101 19106 19132
1588
11840 11841 11842 13745 4568 14494 4788 3681 14847 11887 11844 11880 11885 11881 11882 11879 11882 15035 11843 11844 11880 3128 4789 15716 109 11876 11873 11874 11875 4829 5876 7760 7446 8516 7766 5872 4805 476 14491 8915 7906 11866 7903 478 7903 7904 11866 7903 7904 7902 7905 483 482 4780 5596 5573 16567 11853 11936 5581 5583 5613 5586 5589 5566 5590 11943 15689 8225 12949 12950 12945 12951 12945 12950 12949 14661 4573 8469 6348 13501 485 13504 13502 14488 13503 13509 13508 13507 13887 15873 5529 15516 145 4299 16059 16058 16059 15892 284 285 284 16676 5373 13119 557 556 557 13119 5373 281 282 288 289 294 295 297 291 292 293 283 287 9880 6506 13060 13058 13056 6491 5271 13054 9873 5286 3064 5283 13104 13106 13107 13106 13110 13108 5280 13116 5263 13090 15898 13113 13114 13115 13114 13113 15789 5939 7678 5939 5936 15663 409 13002 13000 6063 16758 16022 6062 1804 6060 16019 6061 15906 6058 15902 7697 7698 1881 12992 7694 7693 12991 6042 12988 6037 12990 5166 5163 5924 12955 12956 15659 15658 6039 6041 5929 12984 6047 6049 12986 12985 12968 6043 6047 6049 6052 5932 5934 12979 12974 6059 13011 13004 13003 13004 6053 12964 12972 12966 6046 6045 15901 12985 12968 12967 12958 12957 13136 13137 5923 14352 13485 5021 12821 5043 38 3977 421 14337 4436 15865 4956 7684 12865 12871 4989 4952 953 4982 5000 5023 12878 12876 4947 5028 12874 696 697 696 699 698 699 696 12874 5028 4947 5036 12875 12840 14366 12844 12841 4423 8304 14365 12850 4313 4293 8283 7445 7495 8276 8266 8267 8279 14363 7445 7495 7492 6069 7493 829 7494 6070 6136 6071 7484 714 11792 6262 7439 6261 5885 15859 11794 710 14417 8268 8272 5884 4298 7679 7680 7436 14421 15867 8274 8381 7438 11724 8253 8251 7439 6261 712 6071 7484 6072 8145 11722 8170 7360 11741 7360 5886 11740 11723 11722 8170 8169 820 7505 8168 5162 582 5162 900 8360 6145 8358 8356 8358 11705 11706 11705 2696 13890 13763 4327 7499 7500 16943 7498 7497 8427 8426 1236 4324 8425 807 2413 14903 811 7444 814 813 812 11669 812 813 814 870 15861 11673 6138 6139 6147 6146 11697 868 11697 6138 6139 6147 6146 7443 6137 6136 6070 6067 6065 13762 13514 4486 8305 7735 4457 15751 4297 804 6068 11703 8281 7492 6069 7493 829 7494 6070 6067 6065 13762 13514 4486 8305 7735 7734 8362 8364 7732 7733 8363 8361 7735 7734 4473 686 8423 689 3636 4071 4070 4071 15864 8423 689 3636 8430 8424 14368 14678 12881 14678 14368 7685 14351 4421 12871 12865 14406 14405 12866 14406 12865 12871 4421 14351 12879 692 16652 12864 12860 12859 12857 12858 12863 12862 4961 5023 12878 12876 4947 5028 12874 696 699 12853 12873 14369 705 4072 5039 8414 4465 7734 8362 8364 7732 7733 4469 8428 5038 5017 5045 5002 5033 11603 11602 4311 4328 4988 4303 4302 11653 4333 8366 1154 11650 11604 11605 5053 4542 11607 11606 11607 15852 4337 4441 4983 355 5008 11642 353 6238 11635 357 11609 11608 11609 6237 55 4430 4449 4471 4467 8374 4476 4450 4449 4471 4295 4899 4904 4889 4888 55 4430 4335 8182 7967 11512 7968 11510 4301 4342 1192 1200 1182 11576 15849 15848 15849 4314 3541 4813 11470 4813 1250 1252 11577 11578 1251 11578 11577 4815 11571 11584 628 11584 8160 11533 4897 8159 11574 11573 11574 8404 1237 8601 7477 8162 8602 13216 1125 13216 8602 8162 1222 8161 11544 1220 1227 11575 1225 11575 1229 11529 8159 11574 8404 1237 8601 7477 1223 4878 4892 4367 8595 4503 2848 2847 2848 8592 8622 8621 8620 8621 13156 1129 1130 1144 1143 1144 1130 6351 6352 4886 13211 1132 6152 1133 4885 4875 8580 4894 4872 4820 13204 4819 8617 8618 4819 6349 8616 13192 8616 6349 8613 6350 4894 4872 4820 13204 4819 8618 8584 8582 1161 1162 1161 8582 8584 1172 8144 14247 8575 3849 8625 1065 39 15736 40 14163 7896 8574 7895 8574 7544 4821 1005 15573 1045 15575 8577 15574 4876 1074 4876 15574 1079 1077 4887 4822 8576 4823 15571 1071 13631 28 13631 8576 4823 8144 14241 8619 5899 2852 14510 2851 14248 13219 13220 5898 7483 14242 980 981 980 14242 1504 5897 170 5897 1504 14242 7483 5898 1053 4505 85 84 87 88 8373 86 85 84 89 11521 978 11516 5891 1206 5892 11547 5894 5895 5896 4814 11555 1211 11556 1217 11558 11553 11552 11553 11560 11551 11562 11564 4815 11571 11584 8160 11533 4897 8159 11574 8404 1241 8374 4476 4450 4449 4430 4335 4478 5054 11611 11610 3928 11612 11613 11612 3928 11610 11611 5054 11501 11499 4307 6240 11615 11616 11615 11619 11621 11628 11624 11623 11622 11621 11628 4993 4432 7912 11629 15851 862 861 11619 11621 11628 4993 4432 7912 11629 4431 4307 6240 354 11611 5054 11501 11499 4307 1026 1027 11503 4323 1024 1021 7518 4317 8173 1185 11486 11485 11486 11592 13891 4507 13891 627 3941 11591 3945 625 624 6239 11508 1184 11504 1234 11507 4478 5054 11501 11499 4307 6240 856 4325 11656 4312 4304 4993 4432 7736 7737 13890 2696 11705 8358 6145 8360 900 15814 7504 11709 11710 6144 11707 6144 11710 6145 8360 900 15814 7504 11709 8265 11666 864 6151 7503 8169 820 7505 7506 5888 14411 7440 5886 11740 5887 8277 8260 11717 2699 11790 8255 8254 8255 6262 7439 6261 5885 15859 11794 710 14417 8268 8272 5884 4298 7679 6431 4292 7675 8482 8483 8526 8483 753 754 753 8483 8526 6522 5937 8481 11826 5942 5945 8542 8541 8540 5946 5947 11798 8297 8296 8298 11821 5951 14330 5949 735 8522 8521 8566 8565 8564 8563 16945 8545 15669 15668 5952 5955 8517 11816 14333 14334 8518 8519 4790 8561 11802 8499 7765 7766 5872 4805 476 14491 8915 7906 4780 5596 5573 16567 11853 1514 1515 1514 11853 11936 5581 5561 5599 1581 11858 11864 11861 11862 4782 11898 11958 11957 11958 11894 11895 11899 1589 11899 1593 16041 11893 11900 15720 4777 945 8128 6493 11833 6134 1543 4778 4781 874 4783 12113 16605 5042 881 882 881 5042 16605 12113 4783 13725 13765 4785 4561 4786 4020 4308 727 15780 15779 15778 8458 4994 15548 6133 12092 12091 12092 6133 7409 13835 7855 7853 12075 7402 14659 7403 7861 7862 7861 7404 12054 12050 12057 12048 12046 1965 7868 1512 7867 7866 7865 7421 7420 7864 7422 12000 12001 12010 7423 4762 6078 3993 12011 12012 12013 12002 12004 16699 11997 16699 12005 1511 11982 15969 12008 2017 12008 16144 12014 4761 4354 15698 7871 6073 15696 12248 6334 7878 4835 12240 12304 12305 12304 12399 12233 15979 5853 12254 5852 15980 12220 5850 12258 15631 6111 15629 5851 12216 12218 6114 7362 12141 6115 6113 12143 2046 2045 2046 6112 12152 6112 12134 12132 12150 7381 15950 12130 1897 12130 788 15499 6244 4798 12596 5823 12685 12684 12683 2139 12676 2139 12683 12681 12682 12681 12679 12678 12679 12681 12683 12684 12685 12759 7382 2617 12704 12705 12658 12705 7383 7996 12711 12659 12660 8188 7385 15203 4426 6930 6929 4425 15201 5504 9900 13808 6590 6603 6613 6646 13807 13806 13805 4282 3303 6643 4283 6612 6601 6604 6601 6645 13803 6645 6601 6619 13802 3293 3292 3293 3290 2152 6617 6592 6645 6635 6584 6614 6596 6606 4746 3301 14034 7261 7255 7254 10844 3299 14022 14023 4866 4865 7253 10842 7256 7259 7257 14033 14031 3252 14034 7261 10844 3299 14022 14023 14024 14025 10965 7487 13339 13328 16533 13338 13331 13330 13336 16535 13337 13334 13338 16533 13328 13339 3348 16667 16538 3246 4747 14852 16611 16612 4870 16610 16609 6742 3253 13967 3076 8211 3076 13967 11105 3391 11105 13967 6931 13966 11109 11111 11112 8235 11112 11111 11109 13966 8214 8238 13968 13979 13499 6747 13490 6747 13499 13979 8220 11113 8219 11113 8220 13979 13968 8238 8214 13966 13978 8215 11103 8216 3389 11093 11091 11085 11081 11083 8217 16545 16546 16545 8217 11077 11075 11070 8218 13977 11074 8243 11074 13977 8218 11070 11075 11077 8217 11083 11081 11085 11091 11093 3389 8216 11103 8215 13978 13966 6931 13967 3253 6742 14859 14860 81 14861 14862 14863 14864 1522 4133 4134 4135 4233 4248 16740 16739 4254 2965 4117 4249 4118 4119 4120 16734 4259 4260 4127 4128 4129 16731 16726 4116 9249 3506 15767 3508 7289 16072 3510 4417 3488 7299 9223 9217 15771 15768 13463 3519 3516 16750 13613 9235 7312 13615 13614 8194 3567 8195 3561 9246 9245 9244 9245 9246 8196 16478 8196 9246 3561 8195 3567 8194 13614 13615 7312 9235 13613 16750 3516 3519 13463 15768 15771 9217 9223 7299 3488 4417 3510 16072 7289 3508 15767 3506 9249 4116 16729 16728 16724 16723 3909 16722 4126 14125 14802 7358 7351 3134 3137 7300 7349 2865 4774 8456 14597 4773 4771 14602 14605 8207 9428 9430 14603 4770 8080 9327 15451 13910 5967 15448 15445 14609 14610 15443 8457 14611 13467 14608 4730 6935 15176 15504 7481 14627 6332 5847 14620 12288 5849 2218 4762 6078 3993 8441 6074 7870 4761 12014 4760 15971 12061 14733 14738 3894 8191 4759 5034 4954 8067 12031 12370 8444 8652 8445 8651 13726 4828 4562 11842 13745 4568 14494 4788 3681 14847 14848 15822 11888 11886 11841 11840
15016 4468 5127 5902 8968 2130 1207 12458 5365 14277 15498 15481 15183 15190 5100 7320 9974 5623 9978 4696 2569 2575 2577 2578 4710 1699 14679 2713 9884 4666 1709 9834 9988 10589 678 679 9772 9773 1557 15547 15548 938 941 8893 12893 12897 2972 10576 4324 10536 14854 4265 2042 2043 11211 15566 8915 5202 1685 5526 8887 4368 5653 5655 12942 15654 15689 4364 4750 12901 942 5634 18943 9763 9766 12532 1539 4331 8839 27 4335 9 8785 15679 12677 8787 10270 14049 10406 758 5552 5553 14066 11525 8767 15985 15486 8739 10056 117 119 8740 17499 15895 15907 1398 6088 675 10337 10338 12970 15917 6051 6044 6043 1314 15840 1391 14871 826 822 15783 963 17741 1291 8756 8794 8795 5497 14067 14069 17914 1479 2249 8701 11517 11628 11631 985 8888 4311 4320 5334 793 15595 5943 15601 8964 4881 5967 13828 11119 8944 16206 9057 16261 15699 13963 5857 11575 16613 5712 4865 4230 12883 4246 1184 2735 9084 2739 2741 2443 9271 2456 13756 4213 2785 16681 11853 9207 11860 9676 9682 9677 14160 10709 12911 10705 17991 3999 12915 14604 10140 14608 14714 18104 8382 5285 12250 5251 5263 5261 5245 14614 5231 18995 17632 6791 14568 25 28 49 51 53 54 116 125 126 130 132 133 137 335 384 437 537 538 539 541 545 546 550 551 555 557 666 670 673 681 682 756 759 792 821 827 940 944 950 951 955 1008 1193 1208 1233 1242 1266 1286 1287 1289 1290 1294 1301 1304 1305 1313 1315 1397 1530 1532 1536 1538 1556 1559 1684 1687 1698 1705 1707 1708 1788 1807 1808 1882 2040 2044 2505 2506 2556 2570 2573 2574 2724 2732 2734 2740 2745 2809 2936 2973 2974 2976 3073 3374 3390 3391 3501 4000 4227 4233 4245 4247 4248 4254 4266 4313 4315 4323 4330 4338 4355 4361 4362 4367 4545 4673 4739 4749 4767 5229 5232 5238 5239 5242 5247 5248 5249 5284 5382 5398 5411 5413 5416 5495 5496 5527 5531 5557 5604 5621 5622 5624 5631 5632 5633 5648 5649 5661 5685 5687 5689 5711 5713 5717 5718 5725 5727 5728 5755 5806 5832 5836 5837 5858 5864 5871 5920 5924 5940 5960 5963 5965 5972 6035 6045 6046 6052 6075 6086 6091 6098 6790 7285 7319 7354 8202 8270 8800 8837 8854 8980 9013 9046 9348 9572 9622 9756 9761 9767 9865 9971 9972 10136 10139 10272 10336 10350 10351 10354 10537 10566 10588 10592 10691 10701 10703 10707 10730 10783 10785 10913 10916 11117 11124 11125 11142 11146 11212 11218 11574 11595 11627 11634 11855 11859 11929 12039 12040 12137 12434 12453 12517 12678 12876 12884 12896 12943 12944 12946 12947 13403 13675 13678 13757 13758 13819 13905 13917 13936 13944 14040 14051 14068 14577 14578 14665 14720 14730 14764 14789 14825 14911 14912 14932 15174 15178 15180 15189 15499 15653 15782 15896 16196 16197 16679 16739 16788 17739 17740 17829 18848 18996 19109 19156 19157
1256
11840 11841 11842 13745 4568 14494 4788 3681 14847 14848 15822 11888 11886 11889 126 6538 11836 120 119 118 119 120 6532 11900 15720 4777 945 8128 6493 11833 6134 1543 4778 4781 874 875 879 16 12121 16 879 875 874 4783 12113 16605 12113 4783 13725 13765 4785 4561 13492 13491 233 6924 14663 4949 15687 8225 592 8225 15689 14662 11920 4949 15688 9794 8222 9796 5526 5636 5669 5622 5669 5636 8241 4965 932 5005 15874 8242 7725 225 9798 16654 9798 225 7725 8242 15874 5005 932 4965 8241 5636 5526 13376 13375 13376 5646 5679 5524 9748 9749 1417 9749 9748 5524 5679 5646 13376 5526 5636 8241 938 3967 3966 3967 938 8241 4965 5687 5620 5621 4984 1490 5668 9793 7659 9169 16227 9169 7659 9793 5668 15666 5704 5635 5653 4045 9806 1564 5695 1554 9808 1551 1548 7726 3916 7729 7730 9858 14580 14576 14571 14292 15796 15005 15006 15794 15797 15793 15795 16651 14576 14578 15799 15798 14579 14578 16679 15799 15798 14579 14571 14292 15796 15005 15006 15794 15797 9861 5014 6355 9180 9833 6565 16222 4004 16221 6358 6361 6362 6361 6358 9851 6571 6557 9838 6359 9850 16219 9850 6359 9838 6557 6571 9851 2645 15007 15008 15006 15795 16651 14576 14571 15791 7930 9854 14741 5040 3533 3530 6905 5065 3555 5105 9334 5147 5055 5114 5055 5147 9334 5105 3555 5065 5115 5157 5158 4376 7927 4374 4373 13438 4389 9586 9625 9586 4389 4392 4393 3543 3544 3543 4393 4392 4389 13438 4373 9624 13439 5070 3431 5018 6573 5089 201 6559 9697 1467 4967 6554 9869 13435 6556 14740 9708 13443 5015 4994 16142 2012 7405 15764 15763 15762 15761 11990 4566 13757 4569 4560 14615 11983 4764 4763 7423 4762 6078 3993 8441 6074 7870 4761 12014 4760 15971 12061 14733 14738 3894 8191 4759 5034 4954 8067 12031 12370 8444 8652 8445 8651 3994 14209 12110 12109 15966 4955 1541 12107 4973 16698 13915 5052 11975 8443 8652 4027 11483 3037 14211 1433 14215 11484 11440 13630 13629 13628 12334 12335 7399 12336 1270 6252 6243 7219 7195 7232 7740 7739 7244 7486 8322 7456 8395 15513 13900 13899 13897 8401 4330 8400 1337 13895 14612 8398 14229 8331 8178 8330 8174 8175 8177 11457 11456 11453 11442 14230 14231 11451 6923 7752 1297 7750 2094 2095 2094 7750 1297 7752 6923 11451 14231 6922 6251 11446 10802 11438 4940 10795 4932 4943 13669 6235 7379 5765 3778 10623 10891 10890 5784 5786 13674 13675 13674 5786 15400 15401 5766 5789 5785 13660 13753 13752 5796 13752 13753 13660 13235 15434 13657 5786 5784 10890 5761 3780 13659 2520 2518 13670 14223 14222 14221 14220 14226 14225 15374 8061 8060 15332 2779 8053 16644 7583 8047 7601 7602 7603 7602 7601 7010 2786 10656 10663 10662 10664 10662 10663 10656 438 10656 2786 7010 7601 7025 10693 10692 11329 11328 11329 10692 10693 7025 7002 8048 15359 8050 15494 8051 7071 7097 7071 8052 8054 15355 11336 8059 8058 5741 5735 2780 5735 5741 8058 8059 13679 15331 8062 59 2516 10859 2510 7586 2514 2513 2514 7586 2520 2518 13670 14223 14222 14221 14220 11276 8063 4905 1315 1314 1313 1314 1315 4905 1318 1304 11460 13832 11277 14221 14220 14226 14225 14224 4031 14223 14222 14227 11283 11287 10802 11438 4940 10795 4932 13258 4943 13669 6235 11207 8151 4938 11209 2504 6921 4934 2843 14878 14880 14881 14880 14878 2843 4934 6921 2504 11209 4938 10686 10688 2505 10688 10686 10685 8151 11207 6235 7379 10787 5772 10783 10784 10785 10784 10783 7250 8099 7222 11314 8100 11314 13653 7193 7184 8101 13655 8101 7184 5914 5917 3036 3035 3036 5917 11304 3031 3030 3031 11304 11115 13708 5918 11117 5918 13708 15425 13708 5918 5919 5920 3102 11116 7196 11137 7233 13689 11119 5739 13247 11145 11121 11145 13247 5739 13690 5759 5817 5820 11132 7089 5819 11130 11128 5818 5821 5822 5806 5808 13732 10876 10043 14044 10922 7266 14038 10946 3710 10945 14039 3711 14039 10945 13730 10944 3708 10943 15437 3668 16532 3674 3677 3731 16531 3640 3641 3640 4261 13983 10846 10964 13984 10964 10846 13983 7258 13982 13263 4865 10845 4865 7253 7263 7251 14022 14023 4869 6581 6606 4746 6620 4745 4808 10960 10961 4810 4811 10957 4809 10810 13821 14043 10812 10811 10812 10817 10818 3250 10820 14042 10832 14027 2417 16597 10952 10949 10952 14028 5835 5834 7490 7489 10914 7489 7490 5834 5835 2385 2383 5836 14029 14027 13292 2403 10953 2145 2144 2145 4807 6624 4806 10956 7252 7260 7252 14028 5835 2385 2383 5836 10924 3735 14047 10826 3725 14046 3716 10931 10934 7273 7270 7269 10941 10940 10941 7269 7270 10915 8839 10937 10936 3698 10936 10937 8839 10915 7270 7273 10934 10931 3716 14046 3725 10826 14047 3735 10924 5836 14029 14027 13292 2403 10953 2145 4807 6633 6636 6577 6627 6579 2561 6579 2562 6579 6600 6589 6595 13814 6595 6589 6600 6579 6627 15169 15168 6618 6624 4806 15289 2151 13823 11155 4738 16584 15924 7388 7387 6642 8447 4558 6926 6928 4427 4546 12373 13758 12379 12374 12382 12385 12387 15497 12391 5518 13761 12351 12353 15468 7560 7557 7747 7482 1446 7429 13760 7432 12340 12327 1368 12327 12340 4795 7742 13904 7232 7740 7739 7244 7486 8322 7456 7246 10794 8321 7456 7246 8431 1332 12820 1333 1335 1336 1335 15546 13899 13897 8401 4330 8400 4330 52 16136 11468 796 14788 14787 14789 15534 8325 8351 11490 4322 13900 13899 13897 8401 4330 8400 1337 13895 15928 8399 14870 14869 14870 8399 15928 13895 14612 8398 14229 8331 8178 8330 8174 8175 8177 11457 11456 11453 11442 14230 11444 1380 11444 14230 14231 11451 6923 7752 7754 1301 1303 4915 7723 11458 4910 4080 16564 1311 1320 7579 3126 4905 8063 11276 14226 14225 14224 4031 13670 2518 2520 13659 3780 5761 5784 5786 15400 15401 5766 5789 15434 13657 15400 13658 5764 10632 7237 13662 5768 5790 7199 7223 10888 7964 3124 5779 13664 10717 5795 10717 13664 5779 10857 5781 5776 5791 5787 7203 7234 5780 7242 7189 7242 13661 10766 10767 10766 13661 7242 5780 7206 10721 10625 10626 10627 10626 10625 5763 3110 13237 13236 13237 3110 10705 10704 10722 10704 10705 5910 2989 2991 2992 2991 10708 5771 2993 5777 13660 13235 15434 13657 15400 13658 5764 10632 7237 13662 5768 5790 7199 5760 5762 3764 5787 5791 7099 10851 7099 5791 7042 10852 11318 3765 11322 11324 11316 5792 5748 7110 15346 13693 5743 5744 7054 13695 7080 13695 7054 5728 5751 7062 5734 5753 13283 5753 5734 7062 5751 5728 7054 5744 5758 13227 5740 13309 5725 5747 13313 14975 13313 13315 13317 5755 3756 7228 3774 13671 3745 3775 3747 1503 3751 10714 5723 5741 5735 10713 15481 7075 10703 15490 7076 7191 7210 3782 3783 3782 7210 7191 15089 5732 7161 7159 14967 7164 14960 7164 14967 7159 7161 5732 15089 7191 7076 15490 10703 7075 15481 10713 5735 5741 8058 8059 13679 15331 8062 59 2516 10859 7585 14224 4031 14223 14222 14227 11283 11287 10802 11447 14670 13901 15544 3074 3072 14216 14217 8320 13902 13863 10794 8321 8323 11228 7240 7556 7738 4338 7741 13904 7243 14444 7433 7186 6243 6252 14746 6253 7479 14676 7975 4428 11441 11484 13720 6919 8442 8652 8445 8651 13726 4828 4562 11842 13745 4568 14494 4788 3681 14847 14848 15822 11888 11886 11841 11840
14939 14662 9151 1234 14708 9811 18779 2934 5292 15102 10159 7214 18727 18788 18791 2165 13989 13996 11427 11402 14001 12593 863 14737 14430 14411 1632 7029 18253 13930 5850 11795 1460 4301 16737 10360 2344 13301 8088 17405 8530 4998 4549 17413 5673 5674 17144 8504 16033 10974 17136 3693 11948 17130 8105 8139 2546 3986 5107 12889 17697 17694 2543 13404 4935 2373 2392 2393 13317 18435 13423 18356 1382 13506 438 10776 10796 8180 450 8185 8288 8271 16782 3996 14147 18431 3378 13135 12029 3417 10289 9302 10287 10973 83 16048 33 5602 5436 11833 5473 11933 2956 13857 13855 3705 17817 13367 17808 4938 10981 13324 10644 10646 3960 8245 8045 10073 8097 17666 8025 18412 2313 2314 3834 18503 10101 2302 18537 13524 12235 32 40 41 326 327 328 329 333 334 415 425 426 428 453 850 862 877 878 880 881 882 1186 1187 1195 1383 1385 1427 1429 1430 1431 1432 1433 1453 1456 1458 1459 1603 1604 1605 2164 2231 2236 2238 2289 2292 2293 2294 2296 2297 2300 2301 2303 2304 2311 2312 2315 2330 2331 2332 2334 2335 2336 2342 2350 2372 2378 2394 2395 2396 2400 2407 2408 2409 2411 2412 2413 2422 2540 2548 3082 3083 3084 3290 3291 3345 3369 3370 3371 3379 3380 3416 3419 3696 3796 3797 3835 3845 3928 3929 3947 3948 3972 3985 3988 3989 4011 4012 4152 4155 4156 4157 4159 4160 4169 4170 4300 4523 4524 4555 4557 4583 4653 4762 4937 4940 4972 4973 4974 4982 4994 4995 4996 4999 5002 5003 5021 5025 5288 5289 5291 5293 5439 5440 5447 5594 5669 5671 5678 5679 5680 5681 5686 5690 5766 5768 6388 6389 6390 6391 6392 6393 6395 6396 6398 6401 6403 6406 7083 7237 7238 8024 8029 8184 8186 8213 8215 8251 8253 8276 8281 8519 8542 8568 8652 8658 8700 9312 10085 10332 10333 10400 10414 10423 10434 10435 10437 10438 10442 10475 10645 10647 10745 10768 10769 10772 10775 10793 10794 10968 10970 10972 10975 10982 10984 10985 10986 10987 10988 10992 11305 11324 11406 11411 11416 11417 11592 11593 11596 11597 11715 11749 11783 11784 11831 12105 12594 12595 12599 12641 12643 12644 12666 12669 12670 13304 13305 13322 13323 13325 13332 13366 13368 13370 13371 13421 13422 13425 13518 13520 13521 13523 13551 13553 13562 13563 13591 13852 13948 13987 13988 13990 13995 14085 14086 14408 14409 14661 14735 14738 15694 15695 15696 16032 16227 16229 16738 17001 17023 17494 17701 17792 17800 17805 17809 17815 17816 17956 18353 18355 18359 18397 18439 18514 18521 18776 18780 18790 18859
2746
11840 11841 11842 13745 4568 4545 8389 14743 13723 2653 4559 15619 5870 15616 5869 8379 5874 15872 5871 7370 8494 8493 8494 11803 8503 8502 8497 5876 8495 497 5875 11831 11830 11831 2613 8490 5873 768 7485 11797 745 744 15724 11737 940 7442 13718 764 5889 4290 4289 13792 4285 15614 4288 11763 499 11795 4277 11759 7509 5521 8391 8390 8327 11674 14407 8150 8282 15701 8328 8329 13889 14212 4332 1274 4309 7479 14676 14677 14676 7975 4428 11441 11484 13720 6919 8442 8652 4027 8445 8651 3994 14209 12110 3990 12104 3990 12110 12109 15966 4955 1541 12107 4973 16698 13915 5052 12032 12033 1688 12033 12032 13916 110 13916 5047 1685 5009 5034 4954 1694 1697 14205 1697 1694 4954 5034 4759 12369 15963 12368 971 8066 8068 6918 14265 14266 14267 14831 14267 14266 14265 12210 14835 12316 12209 4832 12268 12202 4833 12270 15343 12270 12201 12273 12272 12274 12276 781 12277 12278 12306 12307 12306 12278 12277 781 12276 12274 12272 12273 12197 5850 12258 15631 6111 6110 12222 12225 12222 6110 12224 1906 1905 7389 6109 1652 1649 6258 12190 6258 8466 12156 6255 4429 1737 1736 1737 3405 7558 12359 7559 16149 16148 16147 16148 16149 14793 5864 4797 5867 12383 15679 15956 1622 15955 1622 15956 1639 1641 1639 12343 1625 12344 1625 1624 12347 12346 12345 12349 12345 12346 12347 1624 1625 12343 8185 12161 12162 12163 12164 12159 5868 12372 4546 12373 13758 12379 12374 12382 12381 1619 12381 12382 12385 12387 15497 12391 5518 13761 12351 12353 15468 7560 7557 7747 7482 1446 7429 13760 7432 7431 7430 1441 7428 1439 1438 1439 1435 1437 7427 1445 7424 12339 12361 7482 7746 7745 7744 4739 4740 15151 11274 15151 4273 4272 15150 1753 15941 1753 15150 4272 4273 15151 11274 13498 1755 13497 15142 5906 5907 15141 7521 7386 11196 11197 11198 1631 15163 15162 1631 11198 11197 6631 6626 6638 11252 15155 7520 7519 11275 6616 11256 14889 16584 4738 11155 13823 11155 15149 15147 15148 15144 16680 11154 14199 14198 14199 11152 5814 2393 2367 2366 2367 14197 15937 11148 5839 11171 8107 11147 8108 5837 5840 5837 8108 11147 11174 11160 11161 11160 11174 11147 8107 8106 2410 8105 15472 11169 13736 16714 2398 13831 14195 5813 9 7375 13739 11293 10723 13740 10735 7376 10726 13741 7377 7378 3233 5803 11306 7849 11308 16645 11307 16645 11308 7849 3236 11305 10731 16592 13831 14195 5813 9 7375 13739 11293 10723 13740 10735 7376 10726 3230 10727 7183 7218 10725 10730 7378 3233 5803 7848 5807 13248 5739 11119 13689 7233 11137 7196 11140 11139 11140 7196 11116 3102 5920 5919 5918 11117 13709 11117 5918 13708 11115 11304 5917 3036 16670 13654 7225 8097 11313 8097 10789 3024 13707 7193 13653 11314 7222 8099 7250 5915 5913 13717 13751 3011 13751 13717 10792 10755 7393 3016 3017 3016 5921 10743 7392 13652 5909 15439 11223 11216 5908 10800 10684 10683 10684 10800 13650 10799 10798 11219 5908 10800 10684 4934 6921 2504 11209 4938 8151 11207 6235 13669 2501 13669 4943 4932 4943 13669 6235 7379 10787 5772 16594 5788 2996 2997 2996 5788 7587 10679 5777 2993 2994 2993 5777 13660 13235 15434 13657 15400 15401 5766 5789 15434 13657 5786 5784 10890 10891 10890 5761 3780 13659 2520 7586 2510 7586 2520 2518 13670 14223 14222 14221 14220 11276 14226 14225 14224 4031 14223 14222 14221 14220 11276 8063 1316 1317 1318 1304 11460 13832 11277 14221 14220 14226 14225 15374 8061 14128 7576 7577 7578 8059 13679 15331 8062 59 2516 10859 7585 14224 4031 14223 14222 14227 11283 11287 10802 11446 11436 4926 13686 13685 1307 7579 3126 4905 8063 11276 14226 14225 15374 8061 14128 7576 16431 16432 16431 7576 7577 7578 8059 8058 5741 5723 10714 3751 1503 3747 3775 3776 3775 3745 13671 3774 7228 3756 5750 15345 13274 15345 5750 5792 11316 11324 11322 3765 11318 10852 7042 5791 5787 3764 5762 5760 3763 5760 7199 5790 5768 13662 7237 10632 7237 7235 13663 3122 10889 7200 3689 7188 5779 13664 10717 5795 5770 5774 5770 5795 10717 13664 5779 3124 7964 7190 7235 13663 3122 10889 7220 3119 7220 10889 7200 3689 7188 5779 10857 5781 5776 5791 5787 7203 7234 5780 7206 10721 7206 5780 7242 13661 10766 10768 10718 10768 3822 13323 5757 5745 3684 5745 5797 7229 13991 10759 7061 7040 10762 7040 7061 10759 13991 10870 5729 13321 5756 10885 5756 10883 5752 5798 3992 5749 5742 5746 14989 14992 14991 14990 14991 14992 14989 14987 5731 13318 5731 5730 13327 5753 5734 14984 13281 14984 5734 7062 7085 14983 7085 7062 5751 5728 7054 5744 5758 13227 5740 13309 5725 5747 13313 13315 13317 5755 3756 7228 3774 13671 3745 3775 3747 1503 3751 10714 5723 5741 5735 10713 15481 7075 10703 15490 3781 15489 3781 15490 7076 7191 15089 5732 7161 7159 14967 7164 14967 7159 7161 5732 15089 7191 7076 15490 10703 7075 15481 10713 5735 5741 8058 8059 13679 15331 8062 59 2516 10859 7585 14224 4031 14223 14222 14221 14220 14226 14225 15374 8061 8060 15332 2779 8053 16644 7584 8179 11347 2788 2789 2788 11347 11346 8053 16644 7583 8047 7601 7010 7601 7025 10693 10692 11329 10692 10693 7025 7002 8048 15359 8050 15494 8051 7071 7097 7107 7096 7107 7097 7071 8052 8054 15355 11336 8057 13680 15331 8062 59 2516 10859 7585 14224 4031 14223 14222 14221 14220 14226 14225 15374 8061 8060 15332 2779 8053 16644 7583 8047 8019 8017 8046 8045 14681 14680 14679 8042 8040 8036 8029 8028 14260 14259 14262 15319 15318 15319 13833 15328 2735 15320 6336 9885 6336 2738 7616 7011 4911 7021 3873 7021 4911 7014 2767 4924 3871 3870 3867 2752 15275 2748 6952 6987 6975 6940 6960 15080 6984 15078 6941 6976 6958 6986 6958 6976 6941 15078 6972 6951 6981 6951 6972 6962 6961 6988 6967 4919 7138 7140 15424 15423 15424 7182 10618 15464 7156 15475 7156 15464 10618 7182 7179 15469 7126 15470 6988 6967 4919 15277 2748 15275 2752 3867 3870 3871 4924 2767 7014 2771 15313 7019 7032 6991 14283 7015 14284 6989 14284 7015 14283 6991 7032 7019 15313 2771 7014 4911 7011 2751 6995 7008 6990 15086 2761 15459 2761 15086 6994 7028 7033 7005 7026 7029 7023 7029 7024 7034 7000 15084 7000 7034 7024 7029 7026 7005 7033 7028 6994 15086 6990 6995 2751 7011 7616 7012 14126 2764 14126 6339 13920 7722 8038 8043 8044 8036 8029 8025 8014 2766 8014 11381 8024 11384 3044 8030 8011 7894 7893 7892 7888 7882 7881 11382 7887 11373 4043 11373 7887 14273 14275 14273 11383 11369 14274 4936 14274 11372 4935 2956 2958 13568 14279 14280 14279 13569 13570 2961 13570 11424 13571 13572 11365 13572 13571 11424 13570 13569 14279 13568 14281 11370 14269 14271 4942 4918 13580 4918 4925 11379 4921 11417 4921 4909 4913 4912 14151 14162 14151 13582 4917 14277 11426 14278 2745 14278 11426 14277 4917 13582 14151 14162 4923 14161 4916 13566 11430 13565 11432 13565 14152 14153 14154 14155 14156 14155 2743 14164 2743 14155 14154 14153 14161 4923 14162 14151 13582 4917 14277 2733 13580 4918 4925 11416 11418 4946 11348 13564 11357 13563 4941 11410 11409 2950 11409 11410 11404 11403 11402 11403 11404 4928 7653 4944 11398 13562 3055 3059 3057 13599 4939 4929 4939 13599 3057 3059 3055 13562 3062 3060 3047 3052 8026 14680 14679 8042 8040 8036 8029 8028 14260 14259 14262 15319 13833 15328 2735 15320 6336 2738 7616 7012 7001 7117 7048 7117 7001 7012 14126 6339 13920 13921 7146 7181 7136 10667 7136 7181 7146 6344 7052 7049 7108 7051 7108 7049 7052 6342 6343 13922 6345 6347 15484 10668 7148 7120 7084 10678 13836 13837 15485 7151 13919 7134 10665 7134 13919 7151 15485 13837 13836 10678 7084 7120 7148 10668 15484 6347 6345 13922 6343 6342 7052 6344 7146 13921 13920 7722 8038 8043 8044 8016 9872 8018 8020 8048 15359 8050 11345 8049 11345 11338 15357 11342 11340 11339 11340 15494 8051 7071 7097 7107 7073 10696 7073 7107 7097 7071 8052 8054 15355 11336 8059 8058 2781 8058 5741 5723 10714 3751 1503 5774 5770 5795 10717 13664 5779 3124 7964 10888 7223 7199 5760 5762 13647 3705 3702 7234 7203 13666 7203 5787 5791 7099 10851 10850 10851 7099 7060 7115 7105 10771 7105 7094 7036 3694 5773 11318 3765 3766 3765 11322 11324 11316 5792 5748 7110 15346 13277 13278 3767 13278 13277 5740 13309 3772 13309 5725 13310 5725 5747 13313 13315 13317 13316 13317 5755 3756 5750 15345 13274 13275 13274 15345 5750 5792 11316 11324 11322 3765 11318 10852 7042 5791 5787 7203 7234 5780 7242 13661 10766 10768 3822 13323 5757 5745 5797 7229 13991 10759 10886 10759 7061 7040 10760 7040 7061 10759 13991 7229 5797 13667 5800 5801 5802 3657 13795 13271 5752 5798 10880 10879 10880 5798 5752 10883 5756 10867 10866 10865 13703 13699 10864 16550 10864 10868 5729 10870 13991 7229 5797 5745 5757 5737 13285 13286 7093 13639 15367 13639 7204 13255 13256 13255 7204 13639 7093 13286 13285 5737 5757 13323 3822 10768 10766 13661 7242 5780 7206 10721 10625 5763 3110 10705 5910 2989 2991 10708 5771 2993 5777 13660 13235 5785 10624 10639 5789 15434 13657 15400 13658 5764 13658 15400 15401 5766 5789 15434 13657 5786 5784 10890 5761 3780 13659 2520 2518 13670 14223 14222 14221 14220 11276 8063 4905 3126 7579 1320 1311 16564 1309 16564 4080 4910 11458 4910 4080 16564 1311 1320 7579 3126 4905 1318 1304 11460 13832 11277 14221 14220 14226 14225 15374 8061 14128 7576 7577 7578 8059 8058 5741 5735 10713 15481 7075 10703 15490 7076 7066 7038 7066 7076 7191 7210 15090 7210 7191 15089 5732 7161 7129 14968 14970 14971 14970 7178 14972 7178 14970 14968 7129 7161 5732 15089 7191 7076 15490 10703 7075 15481 10713 5735 5741 8058 8059 13679 15331 8062 59 2516 10859 7585 14224 4031 14223 14222 14221 14220 14226 14225 15374 8061 8060 15332 2779 8053 16644 7583 8047 8019 8017 8046 8045 14681 14679 8042 8040 8036 8029 8028 14260 14261 8039 8041 8043 8044 8036 8029 8028 14260 14259 14262 15319 13833 15328 2735 15320 6336 2738 7616 7011 4911 7021 4911 7011 2751 6995 7008 6990 15086 6994 7028 7033 7005 15457 7005 7026 15455 7026 7005 7033 7028 6994 15086 6990 6995 2751 7011 7616 7012 14126 6339 13920 13921 7146 7181 7136 7181 7146 6344 7052 7049 14954 7049 7052 6342 6343 13922 6345 6347 15484 10668 7148 7121 7148 7120 7084 10678 13836 13837 15485 7151 13919 16893 13919 7151 7118 15646 15653 7168 7128 15654 15655 15654 7128 7168 15656 15655 15654 7128 7168 15653 15646 15657 15485 13837 13836 10678 7084 7120 7148 10668 15484 6347 6345 13922 6343 6342 7052 6344 7146 13921 13920 6339 14126 7012 7616 2738 6336 9885 6997 11397 11393 9886 11389 11386 11385 3876 3875 3876 11385 11386 11389 9886 9887 11395 9887 9886 11393 11397 6997 9885 6336 2738 7616 7011 4911 7014 2767 4924 6964 3869 6954 6971 6954 6957 6940 6975 15483 6975 6987 6952 2749 2750 2749 6952 6987 6982 6959 6982 6960 15080 3832 15080 6984 15078 6972 6962 6948 6962 6961 6988 15470 7126 15469 7179 7182 10618 15464 7156 15474 7156 10619 7156 15464 10618 7182 7179 15469 7126 15470 6988 6961 6962 6972 6943 6945 6944 6966 15081 15417 15081 3865 6955 6965 6986 6985 6986 6958 6976 6941 15078 6984 3864 6942 6949 6942 3864 6984 15080 6960 6940 6957 6954 6971 6963 6977 16074 6950 16074 6977 6963 6971 6954 3869 3870 3871 4924 2767 7014 2771 15313 7019 7032 6991 14283 7015 14284 7015 14283 7016 6992 6998 6992 7016 14283 6991 7032 7019 15313 2771 7014 4911 7011 7616 2738 6336 15320 2735 15328 13833 15319 14262 14258 14261 8039 8041 8043 8044 8036 8029 8025 4044 11381 8024 11384 3044 8030 8010 8009 8008 8009 8010 8030 8011 7894 7893 7892 7888 7882 7881 7885 7883 7884 7886 7889 7890 7891 7894 7893 7892 7888 7882 7881 11382 7887 11373 7880 15556 7880 11373 7887 14273 11383 11369 14274 11372 4935 2956 2958 13568 14279 13569 2959 13569 13570 11424 13571 11366 13577 11412 13576 2960 13576 11412 13577 11366 13571 13572 11363 13573 11367 13574 11367 13573 11363 13572 13571 11424 13570 13569 14279 13568 14281 11370 14269 14271 4942 4918 4925 11416 11418 11419 11418 4946 11348 13564 11357 13563 4941 11410 4941 13563 11357 11353 11354 11353 11357 13563 4941 11410 11404 4928 7653 2952 2951 2952 7653 4944 11398 13562 3055 3054 3055 3059 3057 13599 2963 13600 13602 13603 13602 13600 2963 13599 3057 3059 3055 13562 11398 4944 7653 4928 11404 11410 4941 13563 11357 11356 11374 11375 11376 11375 11374 4043 11373 7880 15556 14295 4942 4918 13580 2733 14277 11426 14277 4917 13582 14151 14162 4923 14161 14153 14152 13536 16885 13536 14152 14153 14154 14155 2743 2742 2743 14155 14154 14153 14161 4923 14162 14151 13582 4917 14277 2733 13580 4918 4925 11416 11418 4946 11352 11351 13564 11357 13563 4941 11410 11404 4928 7653 4944 4937 4944 11398 13562 3055 3059 3057 13599 2963 13600 13602 3056 13602 13600 2963 13599 3057 3059 3055 13562 3062 3060 3047 3052 8026 14680 14679 8042 8035 8034 8037 2765 2766 3045 3046 3045 8013 8024 11384 8023 8021 8027 14259 14262 14258 7722 13920 13921 7146 7181 10670 7175 7167 7163 10673 10671 10673 10672 10673 7163 7167 7175 10670 10669 10670 7175 7167 7149 7167 7175 10670 7181 7146 6344 7052 7049 7108 7072 7090 15488 7090 7072 7108 7049 7052 6342 6343 13922 6345 6347 10677 7047 10677 6347 15484 10668 7148 7121 7144 14957 14956 14957 7144 7121 7148 7120 7084 10678 15486 10678 7084 7120 7148 10668 15484 6347 6345 13922 6343 6342 7052 6344 7146 13921 13920 7722 8038 8043 8044 8016 8015 9872 8018 8020 8048 15359 8050 15494 8051 8052 8054 15355 11336 8057 13680 15331 8062 59 2516 10859 7585 14224 4031 14223 14222 14221 14220 14226 14225 15374 8061 8060 15332 2779 8053 16644 7584 8179 11347 2788 2790 2788 11347 11346 8053 16644 7583 8047 8019 8017 8046 8045 14681 14679 8042 8040 8036 8029 8025 4044 8011 7894 7893 7892 7888 7882 7881 11382 7887 14273 11383 11369 2955 11370 14281 13568 14279 13569 13570 11424 13571 13572 11363 13573 11367 13573 3426 13573 11363 13572 13571 11424 13570 13569 14279 13568 14281 11370 2955 11369 11383 14273 7887 11382 7885 7883 7884 7886 7889 7890 7891 8031 8032 9884 6335 11388 9883 7616 7011 2751 6995 7008 6990 15086 6994 7028 7033 7005 7026 7029 7024 7004 7024 7029 7026 7005 7033 7028 6994 15086 6990 6995 2751 7011 4911 7014 2771 15313 7019 7032 6991 7006 7009 7006 6991 14283 7015 14284 14285 7017 7003 15065 15070 15068 4269 15068 15070 15065 7003 7017 14285 14284 7015 14283 6991 7032 7019 15313 2771 7014 2767 4924 3871 3870 3867 2752 15275 2748 6952 6987 6975 6987 6952 2748 15277 4919 6967 6979 6967 4919 7138 7140 15424 7182 10618 7182 7179 15469 7126 15470 6988 6961 6962 6972 6943 6945 6944 6966 6958 6986 6965 6955 6965 6986 6958 6976 6941 15078 6984 15080 6960 6940 6957 6953 6957 6954 6971 6963 16075 6963 6977 16074 16077 16074 6977 6963 6971 6954 3869 3870 3871 4924 2767 7014 4911 7011 7616 2738 6336 15320 2735 15328 13833 15319 14262 14258 14261 8039 8041 8043 8044 8036 8029 8025 4044 11381 8024 11384 3044 8030 8010 8009 8010 8030 8011 7894 7893 7892 7888 7882 7881 7885 7883 7884 7886 7889 7890 7891 8031 8033 8027 8028 14260 14261 8039 8041 8043 8044 8016 9872 8018 8020 8048 15359 8050 15494 8051 8052 8054 15355 11336 8057 13680 15331 8062 59 2516 10859 7585 14224 4031 14223 14222 14227 11283 11287 10802 11447 14670 13901 15544 3074 3072 14216 14217 8320 13902 13863 10794 8321 8323 11228 7240 7556 7738 4338 7741 13904 7243 14444 7433 7186 6243 6252 14746 6253 7479 14676 7975 4428 11441 11484 13720 6919 8442 8652 8445 8651 13726 4828 4562 11842 13745 4568 14494 4788 3681 14847 14848 15822 11888 11886 11841 11840
5128 5950 8967 10391 2052 1269 11646 18854 1455 9158 9119 16369 14933 1544 5046 11054 1358 13969 9290 16550 2781 11843 2965 16412 1256 14376 16341 16320 9317 16318 9164 16311 13564 11785 11778 16140 5733 16422 13108 13127 5741 1171 13123 10956 16990 8413 2414 8399 5109 4147 4150 17933 17934 14357 14358 14359 8392 8394 5094 17678 17684 8104 8171 8454 3698 8164 17137 8166 8268 8269 17663 8033 17700 13365 8650 4556 10967 8503 17922 5020 1439 10766 18530 2306 2351 2333 18513 17806 8545 4529 2340 12100 10441 8247 18416 11753 3848 12652 13296 10109 18507 3818 12646 13522 13542 12236 17427 3798 17423 3844 4997 3863 10443 11648 11040 13275 8616 3793 13470 13474 3750 3748 3747 3744 13402 13499 648 3778 12852 3795 12854 10953 4978 5019 8599 8585 635 3721 640 289 8578 15006 12977 8590 13983 17364 8640 8636 589 17614 8617 1436 3780 8068 3842 13528 8065 4984 17417 17416 8561 4654 17414 2299 4939 3945 3974 8223 18415 18515 18516 2291 18527 10097 10103 10104 11751 8241 8242 2354 8236 11758 18483 13334 10083 8028 8041 12098 8252 10971 16028 1426 8558 10444 3811 12861 12340 12218 12341 10762 16302 11063 5006 13465 3794 3802 13448 3837 8078 3879 12332 13530 18563 10752 13533 18541 13802 3052 8609 8608 8615 12831 3760 3736 13515 17373 3731 18607 3765 3777 13492 13460 13498 3915 18642 3773 3729 3732 649 658 17396 5022 4877 17717 295 631 3717 17625 291 8629 8627 8635 739 8592 17618 17726 17735 17730 8586 637 254 17360 11037 1435 17734 17731 17389 17715 5223 11042 3891 8082 8084 8081 3893 3810 18553 12333 13527 13538 3805 17428 4564 8626 8575 3056 13396 13401 17399 12825 3740 13477 13479 3772 3884 13462 18638 3745 3776 686 688 5023 288 290 296 297 298 576 581 582 583 584 586 587 588 632 633 634 638 642 643 644 645 646 647 650 651 652 653 654 659 740 741 742 743 744 745 746 747 748 749 750 751 752 753 754 945 1039 1254 1268 1355 1359 1418 1420 1421 1422 1428 1438 1440 1441 1442 1445 1454 1457 1461 1545 1546 1563 2054 2055 2290 2295 2298 2305 2307 2308 2309 2310 2323 2324 2325 2326 2327 2328 2337 2341 2353 2355 2356 2461 2462 2465 2468 2469 2472 2473 2529 2537 2538 2539 2783 2966 2967 2968 3045 3046 3047 3048 3049 3050 3051 3053 3055 3057 3058 3059 3060 3063 3383 3384 3385 3386 3689 3692 3695 3702 3716 3730 3733 3734 3735 3737 3738 3739 3746 3749 3751 3752 3753 3754 3755 3756 3757 3758 3759 3763 3764 3766 3767 3768 3769 3770 3781 3788 3799 3800 3801 3803 3819 3823 3824 3847 3860 3872 3873 3874 3875 3877 3880 3882 3885 3889 3890 3892 3908 3926 3927 3932 3943 3944 3963 3967 3968 3969 3970 3971 4143 4151 4153 4158 4180 4256 4259 4299 4440 4504 4530 4531 4532 4533 4534 4550 4551 4553 4554 4562 4563 4565 4566 4636 4766 4878 4879 4880 4898 4899 4900 4901 4902 4903 4904 4928 4976 4977 4979 4980 4981 4983 4985 4986 4987 4988 4989 4990 4991 4992 4993 5000 5001 5004 5005 5007 5008 5009 5012 5014 5016 5017 5018 5024 5026 5027 5028 5029 5108 5119 5121 5129 5222 5438 5441 5449 5515 5518 5670 5672 5675 5676 5677 5732 5734 5736 5739 5740 5742 5745 5746 5750 5751 5752 5753 5754 5878 5879 5884 5885 7280 7337 8012 8013 8014 8015 8016 8026 8027 8030 8031 8032 8034 8035 8039 8042 8069 8070 8071 8072 8073 8074 8075 8076 8077 8079 8080 8083 8114 8159 8170 8229 8230 8239 8411 8412 8436 8437 8438 8448 8522 8523 8526 8528 8541 8543 8544 8546 8547 8548 8555 8556 8564 8565 8566 8567 8579 8580 8583 8584 8587 8593 8594 8597 8598 8600 8601 8603 8604 8606 8623 8624 8625 8631 8632 8642 8647 8661 9159 9166 9220 9286 9320 9329 9346 9347 10261 10319 10320 10321 10415 10432 10433 10436 10439 10440 10543 10550 10635 10636 10637 10638 10642 10648 10650 10746 10747 10757 10758 10759 10760 10761 10767 10944 10955 10969 10980 11035 11036 11038 11039 11041 11043 11045 11046 11047 11048 11053 11055 11294 11295 11345 11647 11653 11726 11732 11750 11752 11754 11755 11756 11757 11761 11781 11782 11788 11844 11957 12037 12099 12125 12170 12173 12174 12219 12220 12221 12237 12344 12345 12642 12645 12653 12654 12660 12662 12663 12664 12665 12667 12668 12671 12672 12673 12674 12802 12826 12853 12855 12856 12857 12891 12976 12978 12980 12981 12982 12983 12984 12985 12986 12987 12988 12989 13109 13112 13113 13121 13122 13128 13286 13289 13297 13302 13303 13306 13344 13369 13383 13393 13394 13395 13397 13398 13449 13461 13463 13464 13466 13467 13468 13469 13471 13472 13473 13475 13476 13478 13480 13481 13487 13491 13496 13500 13519 13526 13529 13531 13534 13535 13536 13537 13539 13544 13545 13546 13547 13548 13549 13552 13554 13555 13556 13557 13559 13740 13761 13799 13804 14140 14141 14148 14157 14158 14347 14360 14377 14722 14811 15766 15767 15773 16035 16093 16211 16212 16342 16423 17032 17355 17356 17357 17358 17382 17388 17390 17426 17429 17610 17612 17615 17617 17622 17624 17664 17677 17716 17718 17719 17720 17729 17733 17791 17807 17921 17926 17931 17936 17937 17938 18380 18381 18405 18406 18410 18411 18484 18485 18486 18501 18502 18506 18517 18534 18542 18560 18561 18593 18608 18639 18640 18641 18643 18646 18759 18856 19123
784
11840 11841 11842 13745 4568 14494 4788 3681 14847 11887 11844 11880 3128 4789 15716 109 4776 8907 3680 3681 14847 11887 11844 11880 3128 4789 15716 109 11876 11873 11874 11875 4829 5876 8495 497 5875 11831 2613 8490 5873 768 7485 11797 745 8378 8376 742 8489 5957 4550 14423 7756 7755 7757 15868 751 15868 7757 7755 7756 14423 14422 14421 15867 8274 8381 7438 11713 743 8375 11738 11739 746 11739 11738 8377 744 15724 11737 940 7442 13718 764 5889 4290 4289 13792 4285 15614 4288 11763 499 11795 16044 16045 16044 11795 4277 11759 7509 5521 8391 8390 8327 11674 14407 8150 8282 14785 7413 14505 14506 4341 13893 8326 13744 6242 8350 8349 14789 15534 8325 8351 11490 4322 15706 1258 4310 13651 16747 7486 8322 7456 7246 10794 11288 11289 2419 13777 2419 7391 5909 15439 11223 11216 5908 10800 10684 4934 6921 2504 11209 4938 8151 11207 6235 7379 10787 5772 10783 7250 8099 11312 8099 7222 11314 7222 8099 7250 5915 5916 10782 7247 11212 3227 7231 16646 10681 13864 11301 11299 5811 11265 13713 5809 11296 5809 13713 13712 11297 11292 11302 10751 3001 10745 3008 5805 10681 13864 11301 11299 5811 11265 11266 11201 11200 11258 11259 11258 11200 11201 11266 11265 13713 5809 11296 5810 11233 11281 11231 11235 11234 5810 11296 5809 13712 11297 11292 11302 10751 10752 10753 10752 10751 3001 10745 3008 5805 10681 13864 11301 11299 5811 7371 7395 11279 3097 7372 10779 10740 3214 16129 10738 10737 7373 11310 7374 7371 5811 11265 13713 5809 11296 5810 11234 11264 11159 5901 11257 7743 11257 7744 4739 4741 11271 1633 11194 1636 6615 11185 6593 15776 2029 4544 4558 6926 6928 4427 4546 12373 13758 12379 12375 15958 15957 12374 15957 15958 12375 12377 12375 12379 12374 12382 12385 12387 12386 12388 12386 12390 12391 5518 13761 12351 12353 15468 7560 7557 7558 12359 7559 16149 14793 5864 12357 12356 12355 97 12355 12354 1642 14792 14791 5867 12383 15679 15956 1639 12343 1625 1624 12347 12346 1626 12346 12345 12348 12395 5868 12372 4546 12373 1628 1627 1628 12348 12395 5868 12372 4546 6927 6925 4544 4558 6926 6928 4427 15114 795 15116 12693 12787 12786 12802 12782 14601 12781 14599 4427 15114 12789 12689 12690 12688 12793 12691 12789 12689 8449 4556 4798 6244 15499 788 12130 15950 7381 12146 4113 4111 7380 5854 12194 2108 2107 2105 2107 2108 12194 6245 1895 15333 15498 12147 6244 15311 15945 8450 12173 12159 5868 12372 4546 6927 6925 4544 4558 13800 6644 2572 2571 2563 2564 2563 2571 2572 4425 15201 5504 16748 16135 2152 6617 6592 6645 6635 6584 6614 6596 6606 4746 6620 4745 4808 16488 14032 16487 14041 10821 14042 10832 14027 14029 5836 10924 3735 14047 10826 3725 10826 14047 3735 10924 5836 14029 14027 2417 16597 10952 14028 5835 5834 7490 7489 7488 7489 7490 5834 5835 2385 2383 5836 10924 3735 14047 10826 3725 14046 3716 10931 10934 7273 7270 10915 8839 10916 10919 10921 14045 14038 7266 10942 13729 10923 13729 10942 10943 15437 3668 16532 3664 3648 3654 10829 13988 15206 3652 15206 13989 7664 13270 4262 13795 13271 5752 5798 3992 5749 5742 9732 13923 13924 10650 13925 13926 13925 10650 13924 13923 16547 7589 10913 7591 7595 7593 10910 7592 10907 10908 10907 7592 10904 10902 10912 7663 15442 13990 13981 13982 7258 13983 4261 3640 16531 3666 3679 3671 16530 3672 16529 3730 16529 14040 3642 14039 10945 3710 10946 14038 7266 7272 7275 7267 10044 10871 15349 5802 3657 13795 13271 5752 5798 3992 5749 5742 9732 9734 7173 3659 7158 13272 3661 7169 13240 13242 13241 13242 13244 7127 7130 13230 7122 13992 16911 13992 7122 13230 7130 7127 7152 7155 7180 7169 3661 13272 7158 3659 7173 9734 9732 5742 5749 3992 5798 10880 5798 5752 10883 10882 10883 5752 13271 13795 3657 13795 4262 13270 7664 13989 15206 3652 3651 3652 15206 13989 3655 10831 10830 13988 10829 7597 13266 13268 7598 13268 13266 7597 13987 13986 13985 13984 10964 10846 13983 4261 3640 16531 3666 3679 3671 3675 3671 16530 3672 16529 14040 3642 14039 10945 3710 10946 14038 7266 10922 14044 10043 10876 13732 5808 15495 15347 11141 5837 5840 5839 5838 5814 10046 5812 14200 14201 16585 5813 9 7375 13738 5815 2361 11247 7374 7371 5811 11265 13713 5809 11296 5810 11233 11281 11231 11235 7205 7240 7556 7738 4338 7741 13904 7243 14444 7433 7186 6243 6252 14746 6253 7479 14676 7975 4428 11441 11484 13720 6919 8442 8652 8445 8651 13726 4828 4562 11842 13745 4568 14494 4788 3681 14847 14848 15822 11888 11886 11841 11840
18393 2471 10554 3723 15589 14263 5585 13614 17042 5106 3987 2358 10382 2387 14364 12116 5112 14156 8128 8131 10737 1168 10410 14173 9325 9327 9333 14926 16317 16303 9323 9693 9686 11500 16746 17191 16787 6394 2406 17020 18428 18364 12903 338 13431 4573 4649 18460 10075 3898 10649 18382 8235 8237 13314 18367 4576 4578 14615 8207 8284 239 445 446 1259 1260 1272 1370 1371 1372 1373 1377 1379 1380 1381 2017 2050 2051 2053 2379 2382 2383 2384 2385 2386 2458 2470 2536 3896 3899 3900 3901 3902 3903 3904 3905 3906 3907 3980 3981 3982 4009 4138 4139 4292 4294 4507 4572 4579 4779 5564 5948 6382 6384 6385 8129 8132 8135 8136 8150 8158 8210 8212 8286 8904 9318 9319 9321 9322 9324 9332 9334 9684 9685 9688 9697 10429 10430 10704 10706 10708 10740 10741 10742 11296 11498 11509 11745 11759 12534 12862 12887 12888 12914 12993 12994 13420 14635 16315 16316 16319 17193 18351 18368 18369 18371 18372 18385 18427 18436 18437 18462 18755
360
11840 11841 11842 13745 4568 4545 8389 14743 13723 2653 4559 5869 8379 5874 8380 7625 3974 5873 768 767 766 767 768 7485 11797 745 744 15724 11737 940 7442 13718 764 5889 4290 502 14408 838 14410 841 14410 11753 2058 11754 821 11758 8168 5162 900 15814 7504 11709 8265 11666 864 6151 7503 8169 820 7505 7506 5888 14411 7440 7441 11743 11745 11728 718 11731 11732 14413 15860 14415 15860 14413 11732 11731 3219 7442 13718 764 5889 4290 4289 13792 5874 15872 5871 7370 4776 109 11876 11873 11874 11875 4829 5876 8495 497 5875 11829 6476 494 6495 494 6476 7622 7759 7623 3617 15634 3617 7623 490 7446 8516 7766 5872 4805 476 14491 8915 7906 4780 5596 11967 11963 3932 11963 11968 4059 11968 11969 8927 8930 8514 11819 382 11819 8925 8924 4790 8561 11802 3838 1935 3838 3834 3837 1937 8551 4787 15869 15870 8554 8553 13493 8553 8554 8555 5960 8562 7485 11797 745 8378 8376 742 8489 8506 8489 5957 4550 14423 14422 6525 6520 6530 8486 6530 6520 6525 15722 8484 7676 7675 8482 4291 15670 7678 5939 5936 5935 8410 7677 8129 4287 6431 4292 7675 8482 8483 8526 6522 5937 5938 8531 749 8533 8534 758 759 758 8535 761 8536 5938 8531 749 8533 5941 11808 5959 6503 6537 364 6537 5958 8558 5958 7654 7582 748 7582 7654 5958 6537 6503 6541 6545 6540 6545 6541 6503 5957 4550 14423 14422 6525 15722 8484 7676 4292 8129 7681 12961 13137 5923 14352 13485 5169 7667 4519 7901 13043 8384 4320 8313 8311 7703 14347 12892 7704 3898 4523 4231 4230 3861 3897 1507 3862 8293 3899 7900 13790 321 14947 1510 14947 321 13790 7900 14447 14939 1934 13533 14253 14938 13532 13535 13531 13139 4532 8312 8314 4512 4286 6939 14354 12834 2984 416 14353 13486 5021 12838 12837 4284 8315 7683 4287 6431 7680 7436 14421 15867 8274 8381 7438 11713 743 8375 11738 8377 744 15724 11737 940 7442 13718 764 5889 4290 4289 13792 5874 15872 5871 7370 4776 8907 3680 3681 14847 14848 15822 11888 11886 11841 11840
15612 10539 5559 8920 5508 15562 4137 3327 4607 13762 18703 18938 15278 18614 15876 15690 4776 15594 14672 15605 15261 4773 4548 3314 10523 12313 786 1028 1040 4540 4606 4718 5409 5412 5417 5426 5427 5430 5431 5433 5504 5505 5506 5560 5575 5933 5988 6500 8899 10063 10306 10376 10377 10379 10392 10486 10487 10524 10540 10541 10544 10551 10560 10564 10570 10571 10574 11056 11147 11150 11151 11153 11155 11172 11530 12119 12314 14856 15613 15872 18633
1586
11840 11841 11842 13745 4568 4545 8389 14743 13723 2653 4559 5869 8379 5874 15872 5871 7370 8494 11803 8503 8502 8497 5876 7760 7446 8516 7766 5872 4805 476 14491 8915 7906 4780 11857 11864 11858 1581 5599 5571 11941 11940 11942 5550 11924 11923 5571 5599 1581 11858 11864 11861 11862 4782 11898 11958 11894 11895 11899 1593 16041 11893 1592 11892 1592 11893 11900 15720 4777 945 8128 6493 11833 6134 1543 4778 15888 15887 11835 15889 469 1665 15034 6480 461 6494 11834 6493 11833 6134 1543 4778 15888 15887 11835 15889 472 15885 6498 6507 6494 11834 6493 11833 6134 1543 4778 4781 12098 4990 4969 12117 4950 11974 5048 8193 13915 5052 12032 13916 5047 1685 5009 5004 13914 5004 5011 14761 14760 14761 5011 1684 4968 4977 7401 3894 14738 14733 12061 15971 4760 12014 4761 4354 15698 7871 7872 7873 7874 6127 6125 6126 6124 4837 4838 5843 5848 5844 5845 6329 4346 6330 4360 15708 4359 12253 12252 12253 12289 15690 5847 14620 12288 5849 2218 4762 7423 12010 368 367 366 367 368 12009 12012 12013 11982 1511 12005 12006 12005 1511 11982 12013 12012 12009 368 12010 12001 12010 7423 4762 2218 5849 8446 15478 16105 15478 8446 5849 12288 14620 5847 6332 14627 7481 15177 14598 13756 4356 12283 2281 2282 2281 12283 4356 12280 15182 15181 2280 15181 15182 15180 6331 4345 15249 4841 8440 12801 2608 15248 3185 15246 12756 12751 12755 2611 12755 12751 12756 12572 12806 12749 12814 12811 12747 12745 12739 6282 6283 6284 6004 2922 4842 6298 2918 2920 7981 2919 8956 8955 3451 3449 3448 7982 3456 16112 16113 3442 16113 7983 3438 6080 16115 8937 8947 8949 8939 8949 8948 16115 8937 8935 7987 6083 548 8938 549 550 551 15418 13909 15449 13905 7993 16106 29 14607 4769 8965 8968 8965 8904 8901 8900 8903 8902 8453 15436 4772 4773 9443 7324 9460 4414 7297 4846 7347 4847 4854 15568 4851 4850 4849 9379 4848 9382 9205 9380 4843 7669 9377 9412 9406 7960 5974 9397 5971 9403 9404 9398 9673 9677 9681 9674 5970 8072 2897 8074 2904 8093 8094 8095 9646 16157 8088 16160 14643 16159 5071 9650 9683 8070 3953 9653 669 1523 4553 4560 14614 4563 4775 15176 15177 6934 4729 6083 13467 14608 4730 4567 4570 4553 4560 14614 4563 4775 15176 15177 6934 4729 6083 7987 8936 6081 8947 8949 8948 6080 3438 7983 16113 16112 3456 7982 3448 7985 7986 3453 7986 7985 6082 16107 16108 3444 380 7988 7989 8945 7991 8952 8951 16106 29 14607 4769 8965 8968 8967 2862 8963 8966 2334 10045 2334 8966 8963 2862 8967 8968 8965 8904 8901 8900 8903 8902 8453 4772 4773 9443 7324 9460 4414 7297 4846 7347 4847 4854 7316 4861 4862 9189 9181 9187 9186 9185 9184 9185 9186 9187 9181 9189 4862 9202 3150 7342 7317 7315 3147 7315 7317 7342 4863 15582 9490 15580 9488 9484 9485 9486 9461 14556 9462 14560 9464 14555 13770 14551 13768 4864 3467 6003 6002 6001 6371 6372 3485 9370 3485 6372 6371 6001 6002 6003 9352 5988 5989 9354 4848 9382 9205 9380 4843 7669 9377 9412 9406 9405 9406 7960 5974 9362 9358 5976 15598 15596 8087 5982 5983 8085 5984 5985 5986 5987 5988 5989 9354 4848 4852 4855 4858 4859 4860 4857 14563 14561 4861 7316 9492 14564 9499 15565 14565 15566 9505 9508 9521 9515 7355 7338 9497 7292 9534 9532 9534 7292 9497 7338 7355 9515 9521 9508 9505 15566 14565 15565 9499 14564 9492 7316 4854 15568 4851 4844 4413 4412 4410 14649 9434 9433 9435 9431 9432 2642 2639 2638 2639 9433 9434 9433 9435 9436 9435 9431 9432 2642 2639 9433 9434 14651 8209 2480 9442 4411 4414 7297 4846 7347 7352 2704 2705 2704 9194 7348 9195 9199 7350 9196 9444 9456 9457 2666 2665 2666 9458 9417 9416 9449 13469 9423 7285 7287 2865 7349 16372 16373 16372 7349 7300 9517 9518 3156 7281 9495 7338 7355 9515 9521 9522 3153 9522 9521 9508 9507 9503 9506 9505 15566 14565 15565 9499 14564 9492 7316 4861 4862 9189 4862 9202 3150 7342 4863 15582 9490 9489 9490 15580 9488 198 9488 9484 9485 9486 9461 14556 9462 14560 9464 14555 14554 14553 14552 14551 13770 14551 13768 4864 3467 15609 3467 6003 9352 5988 5989 5988 5987 5988 5989 9385 5996 9204 9477 9475 9473 9472 9471 4860 4857 4850 4849 9379 4848 9382 9205 9380 4843 9376 9415 16947 9415 9376 4412 4410 14649 14650 14649 9434 14651 8209 2480 9442 2482 9443 4773 4772 15436 8454 12570 12567 12569 12568 12569 12567 12570 9711 12556 2117 16096 2117 12556 12555 12500 12542 12499 12544 12543 12540 12508 12536 12537 12536 12535 12548 6014 6018 6017 2671 6020 6019 6020 6021 12518 16428 6013 12514 6015 12519 6712 12516 12517 2648 2649 2648 12513 12515 12518 6021 6020 12523 12524 12547 12548 12535 6023 12549 15209 2337 15209 12549 6025 6028 12403 6744 6757 12405 6031 6030 6031 12405 6714 6729 6034 6033 12402 15131 12469 15132 2825 12450 12451 12447 12448 9727 9729 9728 9725 12453 9716 9718 9717 9714 9726 7708 6026 7709 12428 2826 7714 6032 2824 6032 2823 6036 15433 15432 15430 15431 15430 15432 15433 15429 2873 6736 6720 6785 2831 2829 15032 2829 1505 2808 2811 2808 1505 2829 2831 6785 6720 2807 16460 8859 6716 6781 16456 6792 2798 8858 2798 6792 16456 6781 6716 8859 16460 2807 6720 6736 2880 13721 6783 14810 14809 14806 16374 3133 14815 14822 14815 14816 14814 14813 14814 14816 14820 14821 14819 14818 14804 14803 14804 14825 14823 14826 14823 14825 14804 14818 14817 4181 4183 12472 14817 4181 4191 4182 5708 5720 2864 2863 2864 5720 5708 4182 4191 4181 4183 12472 14817 14818 14819 3131 14841 14808 14809 14806 2802 14805 2802 14806 14809 14808 14841 3131 14819 14818 14804 14825 14828 9250 9215 7351 7358 14802 14125 4126 16730 16732 16725 16727 16731 16726 16729 16728 16724 16723 3909 16722 16730 16732 16725 16727 16731 16726 4116 9249 3506 15767 3508 7289 16072 3501 3502 3503 3502 3501 16072 7289 3508 15767 3506 9249 4116 16729 16728 16724 16723 3909 16722 4126 14125 14802 7358 7351 3134 3137 7300 9517 9518 3156 7281 9495 7338 7355 9526 13446 13448 13450 13452 7341 13454 7287 2865 7349 7300 9517 9518 3156 7281 13458 3154 7322 13455 7319 9446 3145 16117 3145 9446 7319 13455 7322 3154 13458 7281 9495 7338 7355 9515 9521 9508 9505 15566 14565 15565 9499 14564 9492 7316 4854 15568 4851 4850 4849 9379 4848 9382 9205 9380 4843 7669 9377 9412 9406 7960 5974 9397 5971 9403 9404 9398 9673 9677 9681 9674 5970 8075 9661 8076 9663 2900 8089 9666 7614 9664 2902 2901 2902 9664 7612 2907 7611 5968 2915 5967 15448 15445 14609 14610 15443 8457 14611 13467 6083 548 15418 13909 15449 13905 7993 8439 8950 8952 7991 8945 7989 7988 381 3443 16111 3454 7986 7985 6082 16107 16108 16107 3446 6008 3447 6007 15238 8961 6006 12803 12804 16101 12804 12803 2918 6298 4842 2922 6004 6284 6283 12807 6275 6277 6281 6284 6004 2922 4842 6298 2918 12803 6006 15239 8960 6007 3447 6008 16108 3444 380 7988 7989 8945 7991 8952 8951 16106 29 14607 14606 14607 4769 8965 8904 8905 8904 8901 8900 8903 8902 8453 4772 4773 4771 14602 14605 8207 9428 9430 14603 4770 8080 15584 16094 9426 9425 9206 4409 9408 9414 7669 9377 9412 9406 7960 5974 9397 5971 9403 9404 9398 9673 9677 9681 9674 5970 8075 9661 8076 9663 2900 8089 9666 7614 7615 7614 9664 7612 2907 7611 9402 9364 9404 9403 5971 9397 5974 9362 9358 5976 15598 15596 8087 5982 5983 8085 5984 5985 5986 5987 5988 9352 6003 3467 4864 13768 14551 13770 14555 9464 14560 9462 9482 9465 9466 9467 9469 9487 9469 9467 14558 198 9488 15580 9490 15582 4863 7342 3150 9202 4862 4861 7316 4854 4847 7347 4846 7297 4414 9460 7324 9443 4773 4772 15436 8454 12570 9711 6016 6084 2879 6009 2673 12494 16648 16756 3314 3312 12493 4800 7530 16381 4804 2584 3254 15350 16402 15351 15105 15353 13961 15251 13950 6711 15112 6704 3605 6701 3597 6697 6787 15310 13939 13940 13934 8794 13951 13962 13963 13964 13963 13962 13951 8794 13934 13940 13939 15219 15122 13938 13937 15225 15224 13936 13976 4737 13930 14105 6763 13954 16424 13955 13956 13957 13958 16527 13944 15300 14008 6695 15309 11063 11059 4757 3357 15280 6707 15278 14748 16665 101 11054 7610 8820 14056 15293 14519 14750 10993 10992 14757 10990 10994 14059 10996 14060 8813 8816 8811 8807 16017 8807 8811 8816 8813 14060 14061 14062 14745 8805 8804 14058 14057 8817 11015 15135 14758 14056 8820 7610 11054 101 16665 14748 15278 6707 15280 3357 4757 11059 11063 15309 6695 4758 6756 15306 6728 4749 6765 6753 11045 11043 4748 11047 14747 14854 5509 14683 5510 5511 3988 4424 12778 16749 7385 15203 4426 14599 4427 4546 12373 13758 12379 12374 12382 12385 12387 15497 12391 5518 13761 12351 12353 15468 7560 7557 7747 7482 1446 7429 13760 7432 12340 4795 7742 13904 7243 14444 7433 7186 6243 6252 14746 6253 7479 14676 7975 4428 11441 11484 13720 6919 8442 8652 8445 8651 13726 4828 4562 11842 13745 4568 14494 4788 3681 14847 14848 15822 11888 11886 11841 11840
5120 12929 8998 8990 4436 4438 3333 12515 16366 19053 2737 4872 5696 4206 9239 9086 15267 9090 9083 4250 813 16910 13143 5783 5784 17237 12072 18162 6519 6516 15413 6551 5827 5792 1340 1282 17553 5090 1142 6512 7481 12556 4019 11378 6879 6892 1335 4104 12793 6918 17263 6920 17262 887 894 17324 6767 4090 10898 17288 5804 4115 17854 6972 4047 4046 6759 6962 15533 11382 10474 13733 2597 2596 2599 10468 6900 10887 11569 9533 16949 13954 14325 9473 9466 9500 7116 9514 2668 12258 17272 12990 13175 9423 11898 5038 9389 9387 7160 17475 13412 12502 16199 6423 17451 11880 12496 17838 11876 11892 19039 17509 17527 17827 18220 4120 14336 1280 4595 17558 6527 6524 4957 14330 14328 13457 11453 18762 5829 10455 4605 6954 380 14232 346 348 370 371 374 375 376 378 379 461 462 540 683 1152 1154 1155 1157 1161 1281 1323 1332 1333 1334 1339 1341 1342 1344 1345 1347 2260 2262 2263 2283 2284 2595 2598 2601 2602 2646 2651 2658 2664 2665 2666 2667 2670 2671 2672 2673 2688 2733 2738 2987 3331 3332 4023 4028 4029 4041 4043 4044 4048 4049 4050 4052 4054 4056 4057 4058 4059 4105 4112 4116 4118 4121 4123 4126 4202 4203 4208 4209 4251 4437 4598 4600 4602 4722 4724 4725 4871 4959 5039 5040 5041 5068 5075 5077 5078 5117 5118 5122 5159 5160 5161 5729 5789 5791 5803 5805 5810 5811 5812 5817 5818 5821 5823 5824 5825 5828 5833 5835 5901 6340 6341 6342 6343 6352 6426 6427 6525 6528 6530 6535 6543 6552 6553 6554 6748 6750 6758 6760 6761 6768 6864 6921 6925 6926 6943 6949 6953 6955 6956 6959 6974 7063 7115 7117 7119 7121 7126 7127 7130 7131 7147 7148 7149 7161 7164 8321 8325 8994 9009 9034 9047 9415 9421 9422 9452 9489 9494 9499 9501 9515 9518 9524 9699 10230 10232 10386 10387 10389 10393 10449 10450 10453 10457 10458 10460 10461 10462 10465 10889 10892 10893 10895 10896 10899 10940 11379 11380 11381 11385 11386 11387 11393 11448 11449 11455 11456 11468 11469 11473 11474 11475 11478 11479 11736 11870 11871 11872 11877 11883 11884 11886 11887 11890 12048 12073 12074 12080 12081 12086 12087 12259 12291 12292 12293 12363 12364 12473 12485 12498 12501 12540 12543 12546 12557 12560 12563 12794 12811 12930 13089 13090 13091 13094 13279 13410 13413 13414 13458 13680 13681 13811 13812 13937 13938 13940 13941 13942 13943 14337 14340 14387 14626 14627 14658 14729 14800 14822 15266 15268 16200 16247 16865 16866 16950 17118 17332 17334 17445 17477 17481 17526 17528 17828 17830 18165 18172 18219 18760 18801 18844 18993 18994 19068 19069 19070
3440
11840 11841 11842 13745 4568 14494 4788 3681 14847 11887 11844 11880 3128 4789 15726 11972 4831 7905 483 482 4780 11857 11864 11861 11862 1578 11863 1578 11862 4782 11911 1667 11954 11953 11954 8463 8462 1669 11849 111 11951 11847 1545 11950 11845 11949 6135 11948 8460 15686 13746 4778 15888 4562 15602 4828 4985 4970 4973 16698 13915 8193 5048 5041 13917 5041 13918 5049 4966 8470 12030 4995 4968 4977 7401 11981 1968 11981 12036 12038 1681 1680 1681 12044 12043 12041 7402 12075 7853 7855 13835 7409 1980 1979 1980 7409 13835 7855 7856 7854 14658 1972 14660 14659 7403 7861 7404 12054 12050 12057 12048 12046 1965 7868 1512 7867 7866 7865 7421 7420 7864 7422 7419 11991 11985 11986 11988 11986 11985 11991 7419 4764 4763 7423 12010 368 12009 12011 3993 8441 2238 8441 6074 11982 1511 12005 16699 11997 6075 12015 6075 11997 16699 12005 1511 11982 6074 7870 7875 7876 2245 7873 7874 6127 6076 6127 6125 6126 6124 4837 4838 5843 4838 7971 4350 15639 15638 15637 15636 7974 4839 4840 8440 4841 4839 13755 14798 6123 13903 2277 12122 5860 12125 15641 12127 5858 5856 5862 12301 12297 12296 12297 12295 4838 7971 4350 15639 7974 4839 4840 8440 12801 2608 15248 3185 15246 12756 12572 12806 12749 12814 12811 12747 12741 12747 12811 12814 12813 12812 12809 3184 3177 6273 3179 6274 6271 6270 6271 6272 12619 12616 12619 12620 12614 12623 6263 12621 6263 15982 15981 15512 15948 6264 3201 12773 6673 6684 6667 6684 6673 6653 6671 6691 7999 6691 5827 3207 6656 5824 12767 7668 12736 7668 12767 5824 6656 3207 5827 6691 7999 8000 6676 12670 12671 12672 12675 12667 12717 12776 12733 12775 8001 12727 8003 3334 7998 3334 3333 3334 7998 6932 12722 6752 5515 13948 14074 15399 14103 15388 15387 15388 14104 5717 3586 13950 3586 5717 15337 14072 14071 14073 14071 14070 16380 14099 3598 14099 13959 3558 6774 15395 15394 15395 6774 7526 15391 16378 4731 15389 13974 6748 15191 15190 15191 6748 13974 14078 13974 6754 4733 13975 4732 6735 4736 6755 4736 6735 4732 13975 4733 6754 4734 4735 13949 13960 3556 3600 14072 15337 3589 6711 15112 6704 3605 6704 15112 16396 3592 15110 15108 15110 3592 16396 15112 6711 13950 15251 13961 15353 15352 15353 13961 15251 13950 6711 15112 6704 3605 6701 3597 6697 6787 15310 13939 13940 13934 8794 13934 13940 13939 15310 15107 6700 15109 15111 6705 15105 15351 16402 15350 3254 2584 4804 12654 8136 4801 2136 12465 12520 6015 12514 12513 12515 12518 6021 6020 12523 15241 12546 12527 12522 15243 6025 12549 15209 12549 6023 12534 12537 12534 16097 12554 2120 2119 2120 9713 2331 9712 8455 4774 8456 14597 4773 4772 15435 8438 9712 8455 4774 2865 7287 13454 7341 9193 9424 9423 7285 7287 13454 16122 13453 16122 13454 7287 2865 7349 7300 9517 3136 9516 3136 9517 9518 3156 7281 9495 9496 9494 9496 9495 7338 7355 9526 9524 9525 9524 9526 13446 13448 13450 13452 7341 9193 9424 7350 9196 9444 7313 9194 7348 2707 9197 2710 9200 2709 9200 2710 9197 2707 7348 9195 9196 9444 7313 7297 4846 7347 7352 2704 9194 7348 9195 9196 9444 9456 9457 2666 9458 9417 9421 9417 9416 9455 9456 9457 9459 2487 9453 2486 9452 9451 9420 9458 2666 9457 9459 2487 9453 9460 4414 7297 4846 14653 4845 14654 14653 4845 4844 4413 9203 8210 4411 4414 7297 4846 7347 4847 4854 7316 9492 14564 9499 15565 9510 9509 9510 9511 9512 16120 16119 16120 9512 9511 14565 15565 9499 14564 9492 7316 4861 4862 9189 9181 9187 9186 9187 9181 9189 4862 9202 3150 7342 7317 7315 3147 7335 7298 7335 3147 7315 7317 7342 4863 15582 9490 15580 9488 9484 9485 9486 9461 14556 14557 14556 9462 9482 9465 9480 9465 9482 9462 14560 9464 9204 9477 9204 5996 9386 5996 9204 9477 9475 9473 9472 9471 4860 4857 4850 4849 9379 4848 9382 9205 9380 4843 7669 9377 9412 9411 9412 9406 7960 5974 9397 9396 9397 5971 9403 9404 9364 9402 9400 9399 9400 9402 7611 5968 2915 2914 2913 2912 2913 2914 2915 5967 15448 15445 14609 14610 15443 8457 14611 13467 14608 4730 6935 15176 15177 6934 6935 4567 4570 2019 4570 4553 1523 669 670 769 676 769 670 669 9653 9652 14664 14646 16175 14645 14629 241 14630 16177 14665 16177 14667 238 14632 242 14633 14631 14628 5103 5081 1960 1959 1960 5081 1957 2005 2006 2005 1957 5081 1960 5118 5076 5131 5084 1474 1475 1476 1473 5083 1487 5122 5066 9560 16178 5890 5140 1468 1470 1468 5140 8135 5121 201 6559 9697 1467 4967 9698 4967 6554 6551 6554 4967 1467 9697 6559 6562 6561 6573 5018 3431 5070 13439 9624 4373 13438 13437 13438 4389 4392 4375 4377 9694 9691 9692 9691 9694 4377 4380 7929 5154 7928 4386 5099 9332 15721 3536 3537 3536 15721 5138 5137 7931 5125 7931 3481 3482 5151 4991 5108 4991 4962 6905 3530 3533 3530 6905 4962 4958 8471 8472 4395 4397 16171 4397 5091 5161 3477 5093 15042 7724 15042 13476 15045 13476 15042 5093 3477 5161 5091 4397 4395 8472 8471 4958 4962 6905 5065 5115 5157 9332 5099 4386 7928 5154 7929 4394 15713 4386 7928 5154 7929 4394 4387 4388 2323 2322 2323 3160 4767 9574 15586 2340 15585 16184 15585 2340 15586 4766 9577 2303 2309 8091 2314 2315 2314 2311 2312 16163 5972 8073 2294 2293 2294 2296 2295 2296 2294 8073 9321 16161 54 5969 8072 2897 8074 8075 9661 9658 9660 9658 9661 8076 9663 2900 8089 9666 7614 9664 7612 2907 7611 9402 9364 9404 9398 9673 9677 9681 3175 9679 9680 9679 3175 9681 9674 5970 8072 2897 8074 2904 8093 8094 8095 9646 2305 9646 16157 8088 16160 14643 16159 5071 667 5134 8077 4765 4766 15586 9574 4767 5975 9353 2342 5977 5978 5979 5980 5982 5983 16155 3911 16153 3911 16155 5983 8085 5984 5985 5986 5985 5984 9356 9355 9356 5976 15598 15596 8087 6937 5972 9671 9668 3172 5973 9360 5974 9362 9358 5976 15598 15596 8087 5982 5983 8085 5984 5985 5986 5993 5986 5985 9373 6001 6371 6372 3485 6372 9642 3486 9641 3486 9642 9643 16669 9645 3468 16940 9645 16669 6370 2836 2837 200 16743 679 683 680 16720 678 48 49 16716 16717 16741 16718 16719 16715 16746 16745 16744 51 50 200 16743 679 683 9636 9634 9635 9634 9631 9630 9631 9634 9636 683 680 16720 678 200 2837 2836 6370 16669 9643 9642 6372 6371 6000 5999 5998 8083 3308 8083 5998 5999 5991 16153 3911 16155 5983 8085 5984 9356 5976 15598 15596 8087 5982 5980 5979 5978 5977 8084 3309 677 5981 2327 2329 5975 4767 3160 2323 4388 4387 5069 5153 5069 5086 5141 5145 5141 5082 5111 5107 5156 5107 5062 5107 5111 5082 5141 5086 5069 4387 4388 2323 3160 4767 5975 9353 2342 5977 5978 5979 5980 5982 5983 8085 5984 5985 5986 5987 5988 5989 9354 4848 9382 9205 9380 4843 7669 9414 9408 4409 9206 9425 3969 16713 1149 2659 16712 2662 14604 14603 4770 8080 9327 9328 9366 9331 9366 9426 9425 9206 4409 9408 9414 7669 4843 9376 4412 4410 14649 9434 9433 9435 9431 9432 2642 2639 9433 9434 14651 8209 2490 2491 2490 8210 4411 4414 9460 7324 9443 4773 4772 15436 8454 12570 9711 6016 6084 2879 6009 2673 12494 16757 15407 15402 6318 3270 9709 5719 15373 3327 6103 6743 15381 5506 5505 6089 3337 5517 5709 5516 16481 5515 6752 12722 6932 6793 6771 12724 3332 12729 12730 6605 4424 9902 9903 14528 3239 14525 3245 14850 4747 14852 16611 16612 4870 11098 11101 11096 8213 8236 13968 8238 8214 13966 6931 13967 6931 13966 8214 8238 13968 13979 13499 6747 8234 6747 13499 13979 13968 8238 8214 13966 13978 8215 11103 8216 3389 11093 11091 11085 11081 11083 8217 11077 11075 11070 8218 13977 8218 11070 11075 11077 8217 11083 11081 11085 11091 11093 3389 8216 11103 8215 13978 13966 6931 13967 3253 6742 14859 14860 81 14861 14862 20 82 8244 11004 8247 11001 8246 11007 14053 11056 15137 7610 8820 14056 15293 14519 14750 10993 10992 14757 10990 10994 14059 10996 14060 8813 8816 8811 8807 8808 16006 8808 8843 8842 8844 8842 8843 8808 8807 8811 8816 8813 14060 10996 8818 8805 8804 14058 14057 8817 11015 14749 14750 10993 10992 14757 10990 14757 3394 3395 3394 14757 10990 10994 14059 10996 8818 8805 8806 8802 16513 11014 11011 8817 11015 15135 14758 14056 8820 7610 11054 11053 11052 11051 11052 11053 11054 7610 15137 11056 14053 11031 11030 11031 14053 11007 11017 11018 11017 11007 8246 16494 15279 3358 15280 3357 4757 11059 11063 15309 6695 14008 15300 13944 13945 13944 15300 14008 14009 16519 14009 14008 6695 4758 6756 15306 6728 4749 6769 11044 11042 11046 6749 4748 11047 14747 14854 5509 14855 14851 14850 4747 14852 14853 15205 14856 14854 5509 14683 5510 5511 3988 4424 6605 12730 12729 3332 12724 6771 12724 12725 7998 6932 12722 6752 5515 16481 5516 13948 5516 5709 5517 3337 5517 6085 6086 6933 16390 16391 6091 6093 6094 6095 3324 3325 3324 6095 6094 6093 6091 16391 6090 3321 6090 16391 6091 6096 16385 6097 6098 6101 6103 6743 6300 6299 6759 6306 6309 6305 6309 6306 12486 6308 6310 6312 6314 6319 12488 3268 16098 15407 16757 16756 16648 12496 12497 6011 6010 6012 2577 6013 12514 12513 12515 12513 12514 6015 12520 12466 12520 12465 2575 12464 15140 2647 4802 15371 4802 15369 12462 9723 4803 12461 15271 12434 13704 3569 6706 4175 4176 4172 4177 4268 3621 2820 6784 2828 6734 6719 1506 6740 16452 6740 1506 2811 2808 1505 2833 1505 2829 2831 6785 6720 6736 2880 13721 6783 4180 12476 12475 12477 6789 12478 6789 6770 6768 6776 15132 2825 12450 12451 12447 9727 12448 9727 12442 12441 12443 12442 9727 12447 12451 12450 2825 15132 12469 15131 12402 6033 6029 7713 12403 6028 6027 6024 12546 12527 15217 12527 12546 15241 12523 12525 12523 12524 6018 6014 12548 12535 12536 12508 12507 15421 12507 12508 12536 12537 12534 6023 12549 6023 12534 16097 12539 12500 12555 12510 6016 9711 12570 12567 12566 12559 12563 12559 12566 12567 12570 8454 15436 4772 4773 9443 7324 9452 9451 2485 9459 9457 9456 9444 7313 9194 7348 2707 2706 2707 9197 9198 7357 9198 9199 7350 9196 9444 9456 9455 9416 9449 13469 9423 7285 7287 2865 7349 16372 16373 2867 7354 2867 16373 16372 7349 7300 9517 9518 3141 3142 3141 9518 3156 7281 13458 13456 13458 7281 9495 7338 7355 9526 13446 13448 13450 13452 7341 13454 7287 2865 4774 8456 14597 4773 4771 14602 14605 8207 9441 8208 8209 2480 9442 4411 4414 7297 4846 14653 4845 4844 4413 4412 9376 4843 9380 9205 9382 9381 9379 4848 9382 9205 9380 4843 7669 9414 9408 4409 9206 9425 9426 16094 15584 15583 15584 8080 9327 9328 9366 9328 9327 15451 13910 5967 2915 5968 7611 7958 4415 7958 7611 9402 9364 9363 9364 9404 9403 5971 9397 5974 9362 9358 5976 15598 15596 8087 5982 5983 8085 5984 5985 5984 9356 5976 15598 15596 8087 5982 5980 5979 8082 8081 8082 5979 5980 6937 5972 9671 9670 9671 9668 3172 5973 3174 9398 9673 9677 9681 9674 5970 8075 9661 8076 9663 2900 8089 9666 7614 9664 7612 2907 7611 7958 7960 9324 9323 9324 7960 5974 9362 9358 5976 15598 15596 8087 6937 8092 4767 3160 3159 3160 4767 5975 9353 2342 2343 2342 5977 8084 3309 677 5981 9572 6366 6367 4166 6367 4199 3466 6368 6369 4190 16745 16744 16716 16717 16718 16719 16715 16746 16745 16744 16716 16717 16741 16718 16719 16095 4212 9582 4768 6366 9572 5981 2327 2329 5975 4767 9574 15586 4766 9577 2303 2309 8091 2314 2311 2310 2311 2312 16163 5972 8073 9321 16161 54 5969 8088 16160 14643 16159 16158 16159 5071 9650 9683 8070 3953 3954 3955 3954 3953 9653 669 670 769 673 672 673 769 670 669 9653 9652 14664 14646 16175 14645 14629 14666 245 14631 14628 5103 5081 1960 5081 1957 5081 4564 4549 1958 15765 1958 4549 5087 9566 5058 5075 1477 5133 5102 1472 5149 5079 9558 5079 5149 1472 5102 9559 9560 16178 5890 5140 8135 5121 5132 5089 6573 5018 9618 9597 3429 9597 9618 9617 5142 1613 1614 1612 1614 1613 4959 9602 5155 9605 13430 9606 13430 9605 9613 5130 9611 2325 6558 5040 14741 9854 7930 15791 14571 15791 7930 4403 6550 4403 8471 8472 6553 3479 7932 5110 5139 5112 5139 5125 7931 3481 3482 3483 3482 3481 7931 5125 5139 5110 7932 4398 4400 9342 9341 3474 9340 3474 9341 9342 5116 9348 9346 5161 3477 5093 15042 13476 15045 15044 15045 13476 15042 5093 3477 5161 5091 4397 4395 8472 8471 4403 7930 15791 14571 14576 14580 9858 7730 7729 3916 7726 1548 1551 9808 1554 5695 9803 3852 4979 16227 9169 7659 9793 5668 1490 1533 9781 9783 1535 9786 9790 4408 8110 9784 8110 4408 9790 9786 1535 9783 9781 1533 1490 5668 15666 5704 5635 5653 5674 5619 5630 7661 5614 2834 8113 5324 1158 1159 8189 195 193 191 188 8189 1159 2062 2063 2062 1159 8189 195 194 195 193 191 188 8189 1159 1158 5324 8113 8114 8115 8117 8118 5698 9765 8112 8887 8112 9765 9762 9764 8119 5628 5644 5641 5667 5641 5647 7660 9821 9809 2254 4214 9808 1554 5695 1564 9806 4045 5653 5674 5619 5630 1528 5630 5619 5694 5656 5623 5656 5694 5619 5674 5653 4045 9806 1564 5695 9803 3852 4979 16227 9169 7659 9793 5668 1490 5668 15666 15665 15666 5704 5635 5653 4045 9806 1564 5695 9803 3852 4979 16227 9169 7659 9793 5668 1490 4984 5621 5620 5687 1570 1568 5693 1568 1570 5687 4965 932 5005 15874 8242 15874 936 15874 5005 227 4953 9799 16580 9797 16655 9797 16580 9799 4953 227 5005 15874 8242 7725 8242 7728 9795 9796 8222 16030 16653 8228 15921 8223 9751 8226 1420 8229 5878 8226 9751 8223 15921 8228 16653 16030 8222 9794 15688 4949 11920 15760 4557 4565 15686 13746 4778 4781 12098 4990 4969 12117 4950 11974 5048 8193 13915 5052 11975 8443 8652 4027 11483 3037 14211 1433 14215 11484 11440 13630 7450 13630 13629 13628 12334 12335 7399 12336 1270 6252 14746 6253 7479 14676 7975 4428 11441 11440 13630 13629 13628 12334 12335 12332 12335 7399 12336 1270 6252 14746 6253 7479 14676 7975 4428 11441 11440 13630 7450 12331 4188 4796 12205 12193 6257 14794 12190 6258 8466 12158 12157 12158 8466 12156 6255 12363 1739 1738 1739 12363 6255 4429 7424 1445 7427 7425 1443 7430 1441 7428 1439 1435 1437 7427 1445 7424 12339 12361 7482 7746 7745 7744 4739 4740 15151 11274 13498 1755 13497 15142 5906 5907 15141 7521 7386 11196 13498 1755 13497 15142 5906 5902 2357 2356 2357 5815 2361 11247 7374 7371 7395 11279 3097 7372 10779 3216 3217 3216 10779 7372 3097 11279 7395 7396 3002 7397 7398 7194 7198 7212 7209 8104 15438 7218 10725 10730 7378 3233 5803 7848 5807 13248 5739 13690 5759 5817 5754 5736 13253 13250 13683 7239 13683 13250 13253 5736 5754 5817 5759 13689 7233 11137 7196 11116 3102 5920 5919 5918 13708 11115 11304 5917 3036 16670 13654 7225 8097 10789 3022 10789 3024 13707 7193 13653 11314 7222 8099 7250 5915 5913 11433 16694 11433 16590 6921 4934 10684 10800 5908 11219 4933 2406 47 14216 14671 8434 1360 1358 1361 1362 1361 1350 13896 1353 13778 1356 13895 14612 8398 14229 8331 8178 8330 8174 8175 8177 14935 1388 1386 1381 8397 8433 14670 13901 15544 3074 3072 14216 14671 8434 13901 15931 15932 15931 13901 15544 3074 3072 14216 14217 8435 15542 13898 1343 1346 1348 13773 13896 1353 13778 1356 13895 14612 8398 14229 8331 8178 8330 11452 11455 45 11454 11462 449 16577 16576 7748 4922 13775 4922 7748 16576 6 8337 8342 8339 8344 8343 8339 8342 11480 11481 11480 7454 16789 4340 14901 5893 11525 83 977 4008 4009 977 83 14207 8338 16789 4340 14901 5893 11525 11523 7467 7464 11524 7464 7467 11523 11525 83 14207 8338 16789 4340 11549 1284 1287 11470 4813 3541 4314 11497 11471 11474 11478 11477 11475 11477 11478 11474 11471 11497 4314 15849 11576 1182 1200 1192 4342 8160 11533 4897 8159 11574 8404 1237 8601 7477 1223 4878 4893 1138 4882 1136 8595 4503 2848 8592 4817 640 13213 13212 13213 4501 7478 4820 4872 4894 7915 4459 8372 8370 6236 7491 4303 4302 5024 4998 4972 11648 11649 11654 4551 4572 4329 1015 5053 4542 11607 15852 11644 4508 3615 6237 55 4888 4889 4904 4899 11631 4448 8369 4294 4459 7915 4818 4890 13210 13727 8596 4880 1147 4880 4883 4893 1138 4882 6353 6152 1133 4885 4875 8580 4894 7915 4459 8372 8370 6236 4316 15755 7658 8579 13195 35 30 31 34 33 34 31 30 35 7656 7657 13193 8609 8612 8615 8614 8613 6350 4894 7915 4459 8372 8370 6236 7491 4296 4963 5012 4311 4328 4988 4303 4302 5024 4998 4972 11648 4827 11654 4551 4572 4329 1016 4329 1015 5053 11605 4975 11647 11649 11654 4827 790 5051 5006 5026 11597 11600 4972 11648 11649 11647 4975 5050 8366 4333 6236 4316 15755 7658 4462 4580 4609 4669 4667 13187 955 4616 1041 8635 4668 4653 360 4653 4662 4582 4336 4616 4583 959 4651 4678 13202 4678 13199 4632 4645 4722 4721 4606 4673 964 4684 8152 4709 4725 15854 14899 961 14898 4076 801 14179 16596 14179 991 990 991 992 14178 2716 2717 2718 2719 2720 2721 14180 528 547 528 4589 14517 4664 2726 4490 4660 4630 4652 4600 4631 4618 4601 4640 4601 4618 4631 4600 4652 155 14509 16941 4596 7899 580 4621 4496 1088 1089 1088 13158 8643 8642 8643 4879 8640 14240 14237 14236 14235 14234 14238 14233 8165 8639 15738 8166 8167 7899 7898 994 1062 994 7898 1064 996 13159 4588 4715 4611 997 4654 4716 4442 7543 7541 16877 7541 7543 4442 4621 4496 1088 13158 8643 4879 8640 14240 14237 14236 14235 14234 14238 16601 1069 527 16602 14508 16596 14179 801 4076 14898 4719 4632 4645 4722 4721 4606 4673 967 4674 5707 925 924 13638 923 13638 924 925 4446 7732 7733 8363 8361 7735 7734 4473 686 8423 689 3636 8430 8424 13749 8422 4435 8307 4434 4433 4710 4682 4584 14902 4655 966 4684 8152 4709 4725 15854 14899 961 14898 4076 801 14179 991 992 14178 578 2724 4634 15605 8634 4686 4593 4690 4696 4710 4682 4584 4695 566 13173 13175 13171 4629 564 4629 4646 4682 4584 4695 574 573 8571 576 4683 4634 15605 8634 4686 13163 4599 4693 4706 4458 408 4675 1400 4491 4487 4482 13521 13526 13525 13524 4699 5404 1493 5444 3582 5495 3584 5479 7956 3575 1090 3578 3576 8662 8664 5414 5486 2450 5443 5416 13767 5397 5410 8568 5452 5497 8666 5497 5452 5477 5475 5477 5443 5416 13767 5435 5434 5480 5396 62 5409 8647 8646 8647 5409 62 63 64 5473 14391 14390 15786 15782 2454 13586 10598 5402 5394 10492 13585 5403 5420 5403 13585 10473 10471 10470 10469 10498 10495 10496 10495 10498 10469 10470 10471 10473 13585 5403 10612 5445 5459 8789 7812 7805 15621 7795 8775 7796 8778 7800 8788 7801 8786 8785 8786 7801 8788 7800 8778 7796 8775 7795 1844 7670 1824 7808 14395 14404 14403 14398 14399 1403 14402 14449 14254 13862 15592 14717 14715 14716 14715 14714 13527 14250 5481 2448 15594 5482 14379 5488 8668 5472 5396 62 63 64 5473 14391 14390 15786 15782 2454 13586 13587 13588 13589 13590 5413 5401 5411 5462 5411 5401 5413 13590 13589 13588 13587 13586 2454 15782 15786 14390 14391 5473 14401 65 1449 14382 1451 1453 15613 14402 14449 14254 14253 14938 13532 13535 13531 13139 4532 8312 8314 4512 4286 6939 14354 12834 2984 416 14353 13486 5021 12838 12837 4284 8315 7683 4287 6431 7680 7436 14421 15867 8274 8381 7438 11713 743 8375 11738 8377 744 15724 11737 940 7442 13718 764 5889 4290 4289 13792 5874 15872 5871 7370 4776 8907 3680 3681 14847 14848 15822 11888 11886 11841 11840
9024 9056 1215 1226 13726 1483 12163 16364 5715 16618 12135 4235 4229 9074 9069 9087 5688 13513 9092 12447 12445 13771 13452 11790 11792 2938 2943 9253 11483 9713 2983 2982 17432 16779 2992 9565 3474 76 9640 9670 393 18037 2025 13012 13357 369 366 480 18308 13360 489 13158 490 12357 3506 362 1149 1151 18297 372 13307 1159 1160 12959 9488 9513 13177 9465 16755 10941 5838 13935 6749 4086 10239 4030 6982 17840 17855 6988 17328 17329 12821 6753 10231 4040 6928 4038 12554 12547 6979 6977 6968 14339 6752 4109 6957 11383 6951 5070 2600 17117 5079 6896 6887 6890 17564 5843 13505 3079 15615 11554 12422 11604 16599 16637 16166 1645 1642 1641 1596 15067 1504 7092 3359 3356 331 10214 10213 12427 1675 167 13885 171 1648 3346 854 14433 12590 1602 19170 16945 16963 16935 16925 16926 7052 5064 12813 7060 7072 7073 16937 13717 13713 2618 2594 6881 2604 2613 2611 6878 14391 15061 15065 15532 14804 7036 12576 5084 18002 6193 1661 1652 12568 1659 19077 6874 6916 17122 5250 382 5282 5233 6346 6408 6409 13092 6357 11734 8322 8323 18110 11737 6354 10662 8343 18115 18117 4399 10659 13006 406 8357 10675 10676 16182 14719 3363 9614 395 396 13010 2020 12274 18015 12351 12051 14823 9486 9490 9491 12264 7141 10371 19038 10384 3534 17484 2279 9417 3524 5033 17476 9386 9392 2679 13299 13184 9496 9506 9468 9478 7122 2686 2261 9531 6931 6935 17327 17325 14343 4042 17510 6983 4026 10243 4122 5841 886 10888 1346 6903 10452 17282 6871 5081 2641 6885 12812 2593 5083 7066 2633 4601 6867 1283 17860 16965 14317 19026 7004 14805 13705 16933 14384 18718 15526 11550 11556 1575 1576 5154 16598 1636 1637 1583 7012 16295 7017 1520 1521 16225 3360 174 1679 18204 18191 12589 876 15050 15047 16694 15048 15055 2173 2205 2232 18799 98 6450 2224 18792 18787 2182 13825 18785 2212 5294 15740 7230 14758 11066 15103 5277 4453 17703 2421 10331 2959 9309 2418 11839 9195 16413 4262 12126 4166 16981 2363 8134 17912 14352 17784 17687 8644 10976 16063 13635 13636 14136 107 1425 11640 8699 15778 15781 8729 8693 1416 10055 4334 8845 8821 999 6103 14876 4639 8835 15809 8783 13900 6155 10580 10038 14743 15801 15411 156 1077 13381 15853 6166 11007 1082 11325 15733 10036 5628 10586 1116 1975 17349 2006 6168 6223 16582 7883 6316 11687 13974 7991 35 36 70 71 73 74 75 77 78 103 104 105 106 169 170 172 173 175 229 230 240 241 242 300 353 363 364 365 367 368 383 390 391 392 394 460 466 474 475 476 477 488 528 529 612 613 614 667 858 875 883 884 885 892 893 906 943 1143 1148 1150 1153 1156 1158 1185 1212 1218 1221 1225 1279 1343 1348 1349 1350 1351 1401 1410 1452 1481 1493 1505 1509 1510 1511 1569 1573 1577 1588 1589 1597 1600 1601 1611 1612 1616 1630 1643 1644 1649 1657 1658 1682 1963 1964 2011 2012 2019 2021 2202 2203 2204 2255 2256 2264 2265 2317 2318 2319 2320 2365 2419 2420 2430 2431 2432 2433 2532 2603 2605 2606 2612 2616 2617 2623 2626 2627 2631 2640 2642 2647 2648 2649 2674 2689 2690 2691 2692 2731 2736 2760 2761 2767 2768 2770 2774 2775 2776 2778 2937 2939 2960 2981 2988 2998 3010 3011 3019 3020 3021 3350 3364 3365 3366 3443 3475 3487 3488 3498 3500 3521 3522 3523 3525 3529 3530 3531 3532 3533 3536 3555 3699 3703 3726 3956 3957 3991 4020 4027 4032 4033 4036 4037 4039 4045 4087 4088 4089 4091 4092 4119 4124 4125 4186 4187 4188 4226 4234 4261 4329 4391 4394 4398 4407 4410 4411 4594 4596 4597 4599 4603 4638 4814 4815 4858 4861 4862 4867 4873 4949 5034 5035 5037 5047 5053 5054 5055 5057 5059 5061 5063 5069 5080 5082 5088 5089 5155 5162 5163 5167 5169 5170 5171 5172 5173 5174 5224 5225 5226 5227 5228 5240 5243 5244 5255 5258 5265 5266 5267 5268 5273 5295 5463 5489 5697 5698 5700 5701 5703 5704 5705 5706 5707 5708 5709 5710 5714 5735 5763 5786 5787 5788 5790 5794 5800 5801 5802 5807 5808 5809 5813 5814 5815 5831 5839 5840 5842 5852 5991 5992 6024 6092 6093 6094 6150 6167 6175 6176 6190 6191 6192 6338 6339 6344 6345 6358 6451 6754 6755 6756 6757 6765 6766 6853 6855 6860 6866 6869 6872 6889 6891 6917 6919 6929 6932 6933 6934 6937 6938 6939 6940 6941 6944 6975 6976 6978 6987 6989 7018 7041 7042 7043 7053 7059 7071 7081 7086 7087 7088 7096 7118 7123 7124 7125 7136 7137 7139 7140 7144 7145 7146 7154 7155 7157 7158 7159 7198 7229 7231 7232 7359 7360 7885 7886 7887 8126 8162 8355 8356 8662 8728 9025 9068 9072 9088 9089 9388 9390 9391 9393 9403 9405 9445 9448 9455 9467 9487 9504 9505 9507 9508 9509 9510 9511 9512 9530 9532 9613 9668 9672 9673 9674 9704 10035 10037 10039 10040 10042 10045 10233 10264 10297 10298 10299 10316 10323 10330 10372 10383 10394 10424 10451 10454 10456 10459 10558 10559 10830 10890 10891 10894 10930 10942 11344 11388 11447 11450 11451 11454 11484 11489 11552 11560 11561 11563 11565 11571 11573 11602 11609 11617 11735 11741 11742 11748 11791 11838 11840 11841 11842 11923 11930 11981 12042 12089 12157 12183 12186 12190 12191 12246 12262 12263 12275 12276 12277 12290 12295 12296 12297 12298 12319 12320 12321 12322 12326 12355 12414 12431 12432 12436 12443 12446 12448 12500 12521 12545 12558 12564 12565 12571 12572 12573 12581 12616 12716 12717 12718 12719 12810 12880 12958 12960 12961 12962 12965 12971 12974 13011 13013 13019 13021 13022 13102 13105 13155 13156 13157 13170 13171 13172 13210 13224 13239 13243 13292 13379 13504 13583 13584 13701 13702 13703 13704 13706 13707 13708 13709 13772 13773 13932 13975 14054 14084 14155 14199 14200 14275 14313 14314 14315 14316 14318 14319 14320 14321 14322 14323 14327 14353 14354 14355 14388 14529 14654 14657 14668 14669 14670 14717 14756 14852 14873 15003 15049 15051 15062 15063 15107 15438 15521 15614 15732 15734 15777 15779 15780 15788 16163 16164 16165 16167 16198 16296 16574 16600 16638 16639 16693 16923 16924 16952 16953 16961 16962 17204 17283 17284 17285 17291 17294 17295 17330 17331 17333 17488 17489 17490 17493 17511 17524 17525 17565 17566 17672 17843 17969 18036 18054 18187 18199 18241 18249 18295 18299 18300 18719 18732 18772 18815 18816 18818 18819 18820 18845 18847 18849 18850 18950 19035 19046 19058 19060 19171
237
11840 11841 11842 13745 4568 4545 8389 14743 13723 2653 4559 5869 8379 5874 15872 5871 7370 8494 11803 11804 11803 8503 8502 8497 8496 8909 8496 8497 5876 7760 7446 8516 7766 5872 4805 476 14491 8915 7906 4780 5596 11967 5609 11964 11929 8464 4792 4794 8469 6348 13501 485 13504 13502 14488 13503 13509 13508 13507 13887 15873 5529 15516 145 5569 15541 7941 9144 13506 13505 15539 15536 16650 16689 16690 16664 16674 16765 777 771 13368 16091 16090 16092 7938 13388 13387 13391 16079 13386 7939 6913 7961 7963 7962 9254 9252 7957 4420 13393 6911 6910 6908 6910 6911 6907 4419 9972 9910 9908 16855 9908 9910 9972 4419 6907 6911 13393 4420 7957 4418 9263 5710 9976 184 182 2073 16705 9267 9295 5721 9177 7718 9176 2067 9970 9175 9174 9916 9173 9172 9967 9966 9967 9172 9173 9916 9174 9175 9970 2067 9176 7718 9177 5721 9295 9267 16705 2073 182 184 9976 5710 9263 4418 3863 4154 4153 4152 163 4018 4227 16671 16606 16690 16763 16660 2968 1877 1879 5344 139 5333 15812 1862 15809 14440 5350 5359 141 4300 15540 279 15808 15804 555 559 561 4299 385 387 5365 13132 13134 389 3986 4058 14429 13511 14430 5196 13512 13510 7480 4577 15692 4574 4575 8514 11819 8925 8924 15709 4805 1324 4829 1462 4776 8907 3680 3681 14847 14848 15822 11888 11886 11841 11840
8945 5952 6485 10857 10166 3661 919 920 7413 769 770 778 780 783 911 915 916 917 3209 3210 3215 3660 3669 3672 5348 5353 5384 5868 5872 5873 5874 5875 5876 6679 6742 6743 6830 10167 10171 10418 10485 10856 12737 12744 12746 12747 13620 13621 13622 13623 13624 13626 13627 13629 13690 14042 14309 14312 14709 14971 14972 14973 14980 15002 15616 16699 18656 18829 19010
0
11840

2266
11840 11841 11842 13745 4568 14494 4788 3681 14847 11887 11844 11880 3128 4789 15716 109 11876 11873 11874 11875 4829 5876 8495 497 5875 11829 6476 7622 492 3620 492 7622 7759 7623 490 7446 8516 7766 5872 4805 476 14491 8915 7906 4780 11857 11864 11861 11862 4782 11898 11958 11894 11895 11899 1593 16041 11893 1592 1591 1592 11893 11900 15720 4777 945 8128 6493 11833 6134 1543 4778 4781 874 4783 13725 13765 4785 4561 4786 4020 4308 727 15778 8458 4994 16142 2012 7405 15764 15761 11990 4566 13757 4569 4560 14614 4563 4775 15504 7481 14627 6332 12285 2223 12285 6332 5847 6332 14627 7481 15177 6934 4729 6083 7987 8936 6081 8934 6079 16116 3436 3435 3434 3432 3433 3434 3435 3436 16116 6079 8934 6081 8947 8949 8939 7980 8939 8949 8948 6080 8938 549 550 551 15418 13909 13908 13907 7992 8439 8950 8952 7991 8945 7991 8952 8951 16106 29 14607 4769 8965 8904 8901 8900 8903 8902 8453 15436 8454 12570 12567 12566 12557 12564 12565 12564 12557 12566 12567 12570 9711 6016 12510 12555 12510 6016 6084 2879 6009 6328 6325 6323 12480 15411 6319 12488 3268 16098 15407 15402 15403 15404 6318 3270 9709 5719 15373 15372 3328 3329 3328 15372 6104 6099 6100 16388 6100 6099 16389 6098 6097 16385 6096 6091 16391 6090 6933 6087 6933 16390 6088 6093 6091 6096 16386 15379 16383 16385 6096 16386 6092 6089 5505 5507 12419 12651 6294 6295 7527 7528 6293 12641 6291 6289 2135 6289 12609 12610 12613 12612 7994 4842 6298 2918 2920 2918 12803 6006 15239 8960 6007 3447 6008 16108 16109 4001 4000 379 4001 16109 16108 3444 380 7988 381 16107 3446 6008 3447 6007 15238 8961 6006 15239 8962 2192 5508 12424 3925 12425 12423 12422 12420 12422 12423 12425 3925 12424 5508 4267 6326 6328 6009 2673 12494 16648 12496 12497 6011 6010 6012 12512 6010 6012 2577 6013 12514 6015 12520 12465 2575 12464 15140 2647 12643 2647 4802 15369 12462 9723 4803 9720 9722 12460 9721 9719 9723 4803 9720 9722 12460 9718 9717 9714 9715 9716 9718 9717 9714 9715 12452 9724 12454 9729 9728 9725 12453 12452 9724 12454 9729 9727 12442 12441 12436 12441 12442 9727 12447 12451 12450 2825 15132 12469 15131 12402 12479 12402 6033 6029 12468 16376 2570 2569 2570 16376 12468 6029 7713 12403 6744 6757 6714 6729 6034 6737 12478 4182 5708 3882 5708 4182 4191 4181 4183 12472 14817 14818 14819 3131 14841 14808 14841 3131 14822 14815 3133 14815 14822 14821 14819 14818 14804 14825 14828 9250 9215 14812 9215 7351 7358 14802 14125 4126 16730 16732 4131 4132 4130 4257 4258 16736 4236 16735 4235 3908 4187 4186 4123 4124 15363 2818 15363 15362 15363 4124 4172 4177 4268 3621 2820 2819 2820 6784 6036 15433 15429 2873 6736 6720 2807 16460 8859 6716 6781 16456 16457 16458 16457 16456 6781 6716 8859 16460 2807 6720 6785 2831 2829 1505 2808 2811 1506 6719 6725 6719 6734 2828 6784 6036 2823 4179 4178 4173 4174 4175 4176 16682 4125 3742 15030 16733 4237 4121 16737 2966 4255 16738 4136 4256 4234 4140 4139 4138 4137 1520 1521 16649 14856 14854 5509 14683 5510 16668 5826 15298 5829 5512 5513 6760 5832 5514 16485 15281 13996 13997 13996 15281 16485 5514 15326 6752 12722 6932 6793 6771 12724 3332 12729 12730 6605 4424 9902 9903 14528 3239 3240 3241 4424 9902 9903 14528 9904 6609 3281 3282 14035 4869 6581 6606 4746 6620 4746 3301 14034 7261 10844 3299 14022 14023 4866 4865 7253 10842 7256 7259 7264 10843 10842 7253 4865 4866 14023 14024 14025 10965 14025 10982 10969 10986 10969 10982 10983 10968 3351 3350 3351 10973 10978 10981 10976 10977 10985 10979 10971 10986 10969 10982 14025 10965 7487 13339 3348 3349 3348 16667 16538 16667 3348 13339 13328 16533 13338 13334 13337 13331 13330 13336 16535 13337 13334 13338 16533 13328 13339 7487 13827 3306 14026 3307 14035 4869 6581 6606 4746 6620 4745 4808 10960 10961 4810 4282 4811 10957 10959 10957 4811 4810 4282 3303 6643 4283 6612 15103 6612 6601 6619 4283 6612 6601 6619 13802 3293 3290 3291 3290 2152 6617 6592 6645 6635 6584 6614 6596 6606 4746 6620 4745 4808 16488 14032 16487 14041 14030 10836 14030 14031 16487 14041 10821 14042 10832 14027 14029 14027 13292 2403 10953 2145 4807 6633 4742 13296 13297 2376 13297 13296 13298 13300 13298 13296 4742 4743 4744 10805 13301 13302 13301 10805 4744 4743 4742 6633 6636 6577 6610 6589 6595 6621 6595 6589 6600 6579 2561 6641 6642 8447 4558 13800 6644 2572 4425 15201 5504 9900 13808 6590 6578 13623 6578 6590 6603 6613 6646 13807 13806 13805 4282 3303 6643 6620 4746 3301 14034 3294 7256 10842 7253 4865 13263 13982 7258 13983 10846 10964 13984 13985 10848 10847 10848 13985 13986 13987 7597 10829 13988 10830 10831 3655 13989 15206 3652 3651 3650 3651 3652 15206 13989 7664 13270 4262 13795 13271 5752 5798 3992 5749 5742 9732 9734 7173 3659 7173 9734 9732 13923 13774 15058 13774 10643 16920 10643 15056 10649 13928 13929 10646 13929 16921 13929 13928 10649 13927 13926 13925 10650 13924 13923 16547 7589 10913 7591 7595 7593 10910 7592 10910 7593 7595 7591 10913 7589 16547 13923 9732 5742 5749 3992 5798 5752 13271 13795 3657 5802 15349 10871 10044 7267 7275 10861 7277 10861 7275 7272 7266 10942 10943 3708 3707 3708 10943 10942 13729 10923 3638 10923 13729 10942 7266 14038 14045 7276 14045 10921 10919 10918 14483 3734 3733 3734 14483 10918 10919 10916 8839 10915 3719 10915 7270 7273 10934 10931 3716 14046 3725 10826 14047 3727 14048 14052 15939 10926 10925 10926 15939 14052 14048 3727 14047 3735 10924 5836 14029 14027 2417 16597 10952 14028 5835 5834 7490 7489 7490 5834 5835 2385 2383 5836 14029 14027 13292 2403 10953 2145 4807 6624 4806 15289 2151 13823 11155 4738 16584 14889 11256 6616 11175 11177 15159 15160 2024 11176 2024 15160 15159 11177 2027 2025 6625 11184 15156 15164 11275 6616 11175 11177 2027 2025 6625 11184 15157 11189 11188 11192 11191 6607 6580 6632 6634 11188 11192 6615 11185 6593 15776 2029 4544 8448 7536 6585 6630 6625 11184 15156 15164 11275 6616 11256 14889 16584 4738 11155 15149 11153 2369 11151 11156 11157 11156 11151 11152 5814 10046 5812 14200 14201 16585 5813 9 7375 13738 5815 2361 11247 7374 7371 7395 11279 3097 7372 10779 10740 10739 16129 10738 10737 7373 11310 7374 7371 7395 11279 3097 7372 10779 10740 10739 7373 11310 11309 11310 7374 7371 7395 7396 3002 7397 7398 3004 3003 16646 10681 5805 7394 10754 13716 10755 7393 3016 5921 10743 7392 13652 5909 15439 11223 11216 5908 11219 4933 2406 47 14216 14217 8320 13902 13863 10794 8321 8323 11228 7240 7205 11229 14335 10756 2421 10756 14335 11229 7205 7240 7556 7738 4338 7741 13904 7243 14444 7433 7186 6243 7219 7195 7243 14444 7433 7186 6243 6252 14746 6253 7399 12336 1270 6252 14746 6253 7479 14676 7975 4428 11441 11484 13720 6919 14493 14842 6917 12226 12211 12226 6918 8068 8066 973 8067 12031 12370 8444 8652 8445 8651 13726 4828 4985 4781 874 4783 13725 13765 4785 4561 4786 4020 4308 727 15778 8458 4994 5015 9596 234 13496 14577 13492 14574 14291 14572 16225 6560 9599 9600 9598 9600 9599 6560 16225 14572 15798 14579 14571 14576 14580 9858 7730 7729 3916 7726 1548 1551 9808 1554 5695 9803 3852 4979 16227 9169 7659 9793 5668 1490 1533 9781 9783 1535 9786 9790 9789 9791 9789 9790 9786 1535 9783 9781 1533 1490 4984 5621 5620 5687 4965 8241 5636 5526 9796 8222 9794 15688 4949 11920 15760 4557 6247 4561 4786 4020 4308 727 15778 8458 4994 5015 13443 9708 14740 6556 13435 9869 6554 4967 1467 9697 6559 201 5121 8135 5140 5890 5123 9622 16179 13428 13427 13426 13427 13428 16179 9622 9621 1481 9621 9622 5123 5136 5094 1485 5124 5127 13442 5132 5121 201 6559 9697 1467 4967 6554 9869 13435 6556 14740 9708 13443 5015 4994 15548 6133 12092 6133 7409 13835 7855 7856 7854 14658 14657 14658 1972 14660 14659 7402 12041 12043 12044 1681 12038 12036 11981 1968 1969 1968 11981 7401 3894 2212 16578 14730 7417 5855 5523 12243 4835 4836 7879 7878 4835 12240 12304 12399 12398 12397 6119 6118 12231 6118 6119 2269 6120 12236 12396 12302 12298 1666 12298 12301 12297 12295 4838 7971 4350 15639 7974 4839 4840 8440 4841 4839 4840 8440 12801 2608 15248 3185 15246 12756 12572 12806 2588 12806 12749 12814 12811 12747 12745 12739 6282 12739 12745 12747 12811 12814 12813 3178 12813 12812 12809 3184 3177 6273 3179 6274 6271 6272 12619 12620 12614 12623 6263 15982 15981 15512 12760 15512 15948 6264 3201 12773 6673 6653 6671 6670 14634 14635 14634 3195 12633 3194 8969 6285 2794 6285 15384 15382 15384 4799 12649 6679 12635 5505 5507 12419 12651 6294 3272 6297 6296 6759 6299 6300 6743 6103 3327 15373 5719 15373 3327 3326 3327 15373 15372 6104 6105 6106 6107 16569 7529 3316 7530 4800 6108 12492 5719 9709 3270 6318 6317 6315 6311 6307 6314 6319 15411 12480 6323 6325 6323 6321 6320 6321 6322 6326 4267 5508 12424 3925 12425 2133 12425 3925 16099 12483 12484 6295 7527 6290 12653 6290 6293 12641 12639 12641 6291 6289 12609 12610 12613 12612 7994 7995 12601 12603 12613 12612 7994 4842 6298 12605 12604 12605 7995 12601 12603 12613 12612 7994 4842 6298 2918 2920 7981 2919 8956 8955 3451 3450 3458 3459 3460 3457 3460 3459 3458 3450 3451 3449 3450 3458 8954 8953 6082 16107 16108 16109 4001 4000 379 4001 16109 3452 6008 3447 6007 15238 8961 6006 15239 8962 2192 2579 2191 2190 2582 2189 12641 6293 6290 12653 6650 2794 6285 8969 8970 6647 8970 12634 3265 3266 3265 5831 8972 8971 12674 12671 12672 12675 12667 12717 12776 12733 12775 12733 12776 12717 12667 12675 8004 7999 6691 5827 3207 6656 5824 12767 12766 12767 5824 2622 12697 12666 12697 2622 5824 12767 7668 12736 12735 12708 12707 12661 12709 7996 12711 12659 12660 14486 12660 8188 7385 15203 4426 6930 6929 4425 4281 13813 13306 13305 13306 13304 7588 10815 10814 10816 10814 10815 14043 13821 10810 4809 10957 4811 4810 10961 10960 4808 4745 6620 4746 6606 6596 6614 15101 6583 13801 6582 6581 4869 14035 3282 14035 3307 14026 3306 13827 7487 10965 14025 10982 10983 10968 10969 10986 10971 10979 10978 10981 10976 10977 10985 10987 10988 4867 14024 14035 4869 14023 4866 4865 13263 13982 7258 10841 7264 10843 10842 7253 7263 7251 14022 14023 14024 14025 10965 7487 13339 13328 16533 13338 13334 13337 16535 13336 13332 16537 13332 13336 16535 651 16535 13337 13334 13338 16533 13328 13339 3348 16667 16538 3246 4747 14852 14853 15205 14856 14854 5509 14683 5510 16668 5826 15298 5829 5512 5513 6760 5832 5841 5828 13999 6771 12724 3332 12729 12730 6605 6779 15413 15412 15413 6779 6605 4424 9902 9903 14528 3239 14525 3245 14850 4747 14852 14853 15205 14856 14854 14747 11047 4748 11043 11045 6753 6765 6732 11040 14063 11038 14063 11040 6732 6765 6753 6769 15286 15307 6717 16493 13969 13970 14000 13971 13972 15192 15195 15194 15195 15192 13972 13995 14068 14069 3624 14069 13973 15191 6748 13974 6754 4733 15193 4733 6754 4734 4735 13949 3599 13949 16377 4731 16378 15391 7526 6774 3558 4731 3558 13959 14099 16380 14070 16379 16392 16379 14104 5717 3586 13950 15251 13961 15342 13961 15251 13950 6711 15112 6704 3605 6701 3597 6697 6787 15310 13939 13940 3607 13941 13942 3607 13940 13939 15219 15122 13938 13937 15225 15224 13936 13976 4737 13930 14105 15200 15198 15200 14105 6763 13954 6763 14105 13930 3845 3846 3847 3846 3845 13930 14105 6763 13954 16424 13955 16412 15290 14080 14082 16411 14931 14107 14083 8793 13515 8793 14083 14107 14931 16411 14082 14080 15290 14090 14013 15213 16417 6702 16415 16416 16415 16413 16414 16413 14012 13946 15208 13946 14012 16413 16415 6702 14089 14019 14020 16409 16406 16404 14002 15236 14021 15236 14002 15229 14003 15115 8803 8799 8800 8801 8802 16513 11014 11011 8817 11015 14749 14750 10993 10992 10991 14749 14750 14519 14521 14522 15292 16505 16502 16497 16500 16495 16503 16496 16499 16498 16505 15292 14523 14524 10993 10992 14757 10990 10994 14059 14752 8804 14058 14057 8817 11015 15135 14758 14056 8820 7610 15137 11056 14053 11031 11029 14055 9731 14055 8247 11004 8244 82 2840 14863 14864 14865 14857 14858 14859 14860 81 14861 14862 20 82 2840 14863 14864 1522 4133 4134 4135 4233 4248 16740 16739 4254 2965 4117 4249 4118 4119 4120 16734 4259 4260 4127 4128 4129 16731 16726 16729 16728 16724 16723 3909 16722 16730 16732 4131 4132 4130 4257 4258 16736 4122 4238 4121 16737 2966 4255 16738 4136 4256 4234 4140 4139 4138 4137 1520 1521 16649 14856 14854 5509 14683 5510 5511 3988 4424 12778 16749 7385 15203 4426 14599 4427 4546 12373 13758 12379 12374 12382 12385 12387 15497 12391 5518 13761 12351 12353 15468 7560 7557 7747 7482 1446 7429 13760 7432 12340 4795 7742 13904 7243 14444 7433 7186 6243 6252 14746 6253 7479 14676 7975 4428 11441 11484 13720 6919 8442 8652 8445 8651 13726 4828 4562 11842 13745 4568 14494 4788 3681 14847 14848 15822 11888 11886 11841 11840
18330 4608 8989 16264 9000 5847 11578 9246 16868 5726 12061 18154 6515 13686 6526 5822 11896 2687 11460 2996 13377 18017 2765 12272 12271 2777 14523 2018 9591 9588 16768 17568 11467 18765 6539 6534 6536 11464 9434 9454 9484 9607 7132 7129 7162 9396 9379 9418 17197 9420 19072 11873 11888 14556 19067 19134 18989 17469 17471 19037 17472 10388 14557 3718 19049 19000 11924 16094 14718 3517 11342 17954 10777 434 435 8205 17986 12909 1368 1365 18045 18042 10786 10138 18044 8295 8291 3387 10702 3388 17990 14134 448 6400 6404 16996 10124 10125 10720 14625 2016 7358 10712 4581 8219 8221 18366 10428 12800 18609 8062 12657 4570 4571 4015 18433 8280 4013 18465 18448 8272 17022 13126 8500 3412 3411 8416 8133 8130 10738 8524 8143 17045 8663 12194 9230 10692 5758 11409 14007 7013 907 7222 10219 16171 1617 1503 12885 4860 4859 16609 9363 9366 4876 9361 9359 9259 9254 5699 13209 17220 11480 11477 9703 17879 2977 18822 18817 11543 18809 9581 13354 18803 9590 9446 7156 7153 18016 12283 12257 12288 12286 2994 3015 11463 16766 3448 17213 12090 12058 9552 18176 18168 12075 18766 6541 17211 6556 17968 3405 9667 9669 9671 9654 14162 9644 9624 16674 10127 8182 10792 10774 13509 7364 8306 8299 8311 12905 12910 417 10133 14606 2035 2417 12016 9611 11343 468 13161 472 18337 13160 13260 13020 13018 473 14530 486 13266 12361 3496 356 18621 6323 6321 14537 14536 13174 3476 496 516 8320 14591 14588 18112 13104 14869 19152 19108 19114 19116 147 347 349 350 354 355 357 407 408 409 410 411 412 413 416 418 427 429 431 436 439 440 441 444 447 454 493 494 495 497 513 514 517 518 519 1174 1176 1178 1181 1232 1273 1274 1364 1374 1376 1378 1384 1386 1618 1619 1620 1624 1625 1626 2026 2028 2029 2031 2032 2033 2034 2367 2388 2410 2444 2675 2676 2677 2680 2681 2685 2749 2757 2758 2764 2793 2794 2993 2995 2997 2999 3003 3279 3372 3373 3376 3377 3381 3389 3393 3396 3397 3399 3400 3401 3402 3403 3404 3406 3409 3415 3420 3425 3426 3429 3430 3431 3432 3449 3450 3483 3520 3549 3550 3720 3722 3949 3979 3997 4002 4003 4004 4005 4006 4007 4008 4016 4111 4140 4141 4189 4192 4414 4429 4430 4433 4443 4444 4446 4559 4560 4569 4609 4875 4952 4953 4954 4961 4968 4969 5716 5724 5759 5764 5765 5769 5826 5830 5845 5849 5855 5859 5860 6322 6324 6325 6329 6383 6386 6387 6397 6399 6402 6424 6425 6517 6521 6522 6523 6529 6531 6532 6533 6537 6538 6542 6544 6545 6546 6547 7015 7128 7133 7135 7150 7151 7152 7163 7352 7353 7356 7357 7361 7362 7363 8183 8201 8203 8204 8278 8283 8303 8304 8307 8308 8309 8310 8312 8319 8415 8417 8419 8426 8427 8428 8429 8430 8431 8432 8461 8462 8993 8995 8996 8997 8999 9256 9269 9360 9364 9365 9394 9395 9397 9398 9402 9407 9431 9432 9435 9436 9437 9444 9485 9528 9529 9580 9582 9583 9584 9585 9586 9587 9600 9609 9610 9623 9641 9643 10079 10121 10123 10135 10137 10218 10290 10355 10356 10368 10370 10385 10417 10683 10700 10711 10731 10734 10773 10778 10779 10780 10781 10782 10784 10787 10795 10797 10938 11291 11292 11293 11297 11304 11340 11341 11408 11414 11415 11457 11461 11462 11465 11466 11526 11576 11599 11717 11762 11869 11928 12008 12009 12014 12015 12034 12035 12041 12053 12056 12057 12059 12092 12136 12243 12247 12248 12256 12269 12279 12282 12289 12360 12365 12495 12497 12656 12877 12878 12904 12908 12919 12927 12928 13106 13107 13125 13146 13165 13183 13203 13240 13250 13251 13252 13253 13254 13309 13311 13337 13338 13351 13372 13373 13374 13375 13376 13378 13415 13416 13432 13508 13809 13813 13814 14331 14335 14346 14365 14366 14558 14586 14589 14605 14628 14716 14724 14725 14732 14755 14765 14766 14767 14770 14801 14810 16170 16207 16655 16660 16661 16662 16789 16830 16892 16893 16985 16986 16987 16998 17196 17206 17207 17210 17212 17470 17491 17630 17633 17634 17671 17824 17825 17826 17942 17943 17944 17945 17955 17975 18018 18043 18086 18087 18088 18111 18153 18155 18156 18157 18171 18175 18177 18317 18334 18455 18456 18463 18466 18487 18488 18619 18620 18808 18810 18814 18851 18982 18986 18987 18988 18990 18991 18992 18997 18998 18999 19036 19043 19047 19048 19050 19057 19061 19094 19107 19110 19111 19112 19113 19115 19117 19118 19126 19127 19128 19129 19130 19133 19135 19148 19149 19150 19151 19153 19154 19158 19159 19160 19161 19162
0
11840

0
11840

991
11840 11841 11842 13745 4568 4545 8389 4184 15704 7532 15702 13719 4334 1406 1390 1408 7412 8282 14785 7413 4339 7507 11786 16753 890 904 11784 11679 11678 8150 8282 15701 8328 8329 13889 14212 4332 1274 4309 7479 14676 7975 4428 11441 11440 13630 7450 12331 4188 1372 12192 6254 1719 8467 6257 12193 12192 6254 1719 8467 6257 12193 12205 1716 12204 1716 12205 12193 6257 14794 12190 6258 8466 12156 6255 12363 1739 6256 12191 6256 1739 12363 6255 4429 7424 12339 12361 7482 7746 7745 7744 4739 4741 11271 1633 11194 1632 11193 1632 11194 1636 6615 11185 6593 15776 2029 4544 4558 13800 6644 2572 4425 4281 13812 13810 16565 13809 13810 16565 13811 16565 13810 13812 4281 15201 15202 15204 15203 4426 14599 4427 15114 12789 12689 8449 4556 4798 12585 5857 15992 12575 4344 12589 12597 12598 2034 12598 12597 6681 5861 5859 12763 2035 6654 6682 6654 5823 12685 12759 7382 6665 12699 6665 12701 6655 12765 15327 12760 12600 5859 12763 2035 6654 5823 12596 4798 6244 15499 788 12130 1897 1899 14904 12131 14904 1899 1897 12130 15950 7381 12146 4113 4111 7380 5854 12129 12128 12129 5860 12125 15641 12127 5858 5856 7447 6117 6115 6113 12143 12144 12143 2046 6112 12152 12140 7361 12138 7361 12140 12152 6112 12134 12151 12134 12132 12150 7381 12146 12145 12146 4113 4111 7380 5854 12129 5860 12125 15641 12127 5858 5856 5862 12301 12298 12302 12300 12302 12396 12236 6120 2269 6119 2262 2261 2262 12239 12240 12304 12399 12398 12397 6119 2262 12239 12240 12304 12305 12303 14845 14846 12242 12243 4835 12240 12304 12399 12233 15979 5853 12254 5852 15980 2205 2203 2193 2203 2205 15980 12220 5850 12258 15631 6111 15629 5851 12216 12218 6114 7362 12141 6115 6113 4834 15978 2226 2227 2226 15978 2225 5856 5862 2264 12126 4109 4108 4109 12125 15641 12127 5858 5856 7447 6117 12227 12229 6116 2259 15979 5853 12254 5852 12261 7418 8192 7416 14832 14833 2197 14268 14936 7416 7417 5855 5523 12243 4835 4836 12235 1678 6124 4837 4838 7971 4350 15639 7974 4839 4840 8440 15175 2271 12799 2606 2601 2602 2601 2605 15174 15172 8452 4728 6934 6935 15176 15177 14598 13756 4356 12280 15182 15180 6331 4345 15249 4841 8440 12801 2608 15248 3185 15246 12756 12572 12806 12749 12814 12811 12747 12745 12739 6282 6283 12807 6275 6277 6281 12807 6275 6277 12618 3188 6272 12619 6286 6287 6288 6289 6291 12641 6293 6290 7527 6295 6294 3272 6297 6296 6759 6299 6300 6743 6103 3327 15373 5719 12492 12491 2137 12491 12492 6108 4800 7530 16381 4804 12654 8136 4801 12657 15371 4802 15369 12462 9723 4803 9720 9722 12460 9718 9717 9714 9726 7708 7705 16429 7705 7708 6026 7709 12428 2826 7714 6032 2823 4179 4178 4173 4174 6706 16685 16686 16685 13931 16401 16683 16401 13931 16685 6706 4175 4176 4172 4177 4268 3621 2820 6784 6036 15433 15429 2873 6736 2880 13721 6783 14810 14807 12472 14817 4181 4191 4182 5708 5720 2864 4774 2332 12550 12552 12551 12552 12550 12553 9713 2331 9712 8455 4774 2865 7349 7300 9517 9518 3156 7281 13458 3154 7322 13455 7319 13455 7322 3154 13458 7281 3156 9518 9517 7300 3137 3134 7351 7358 14802 14125 4126 16730 16732 16725 16727 16731 16726 4116 9249 3506 15767 3508 7289 7306 9236 7303 9236 7306 7289 16072 3510 4417 9226 9225 9224 9225 9226 4417 3488 7299 9223 9217 15771 15768 13463 3519 3516 16750 13613 9235 7312 13615 13614 8194 16480 16910 16480 16914 16480 8194 3567 8195 3561 9246 9245 9243 9245 9246 3561 8195 3567 8194 13614 13615 7312 9235 13613 16750 3516 3519 13463 15768 15771 9217 9223 7299 7311 7288 7336 8198 76 79 77 79 76 8198 7336 7288 7311 7299 3488 4417 3510 16072 7289 3508 15767 3506 9249 4116 16729 7340 14550 7295 14568 9555 9540 9536 15549 16118 15549 9536 9540 9555 14568 7295 14550 14548 9241 9247 9238 3508 7289 7306 7325 7326 3523 16461 7304 7307 7318 15000 16473 7333 7321 7329 7290 16468 16469 16468 7290 7329 7321 7302 7310 16462 14997 7346 16464 7346 16433 16434 16915 16434 16433 7346 14997 14998 14997 16462 7310 7302 7310 16463 7310 7302 7321 7333 16473 15000 7318 7291 7318 7307 7304 16461 3523 7326 7325 7306 7289 16072 3510 4417 3488 7299 7311 7288 7336 8198 76 79 80 4011 3888 3890 3891 3890 3888 4011 80 79 76 8198 7336 7288 7311 7299 9223 9217 15771 15768 13463 3519 3516 16750 13613 9235 7312 13615 13614 16907 13614 13615 9220 9219 9220 13615 13614 8194 3567 8194 13614 13615 7312 7293 7343 7293 7312 9235 9234 9233 9232 9221 9232 9231 9230 9233 9234 9235 13613 13616 9547 3512 9548 14546 9537 9538 9549 9550 9546 9551 9552 9542 9554 9555 9540 9539 9530 9527 9530 9539 9540 9555 14568 7295 14550 14548 9241 9247 9240 9247 9238 3508 7289 7306 7325 7326 3523 16461 16470 16461 7304 7307 7318 15000 16473 7333 7321 7329 7282 7329 7290 7329 7321 7333 16473 15000 7318 7307 7304 16461 3523 7326 7325 7306 7289 3508 15767 3506 9249 4116 16729 16728 16724 16723 3909 16722 16730 16732 4131 4132 4130 4257 4258 16736 4236 16735 4235 3908 3742 15030 16733 4237 4121 16737 2966 4255 16738 4136 4256 4234 4140 4139 4138 4137 1520 1521 16649 14856 14854 5509 14683 5510 5511 3988 4424 12778 16749 7385 15203 4426 14599 4427 4546 12373 13758 12379 12374 12382 12385 12387 15497 12391 5518 13761 12351 12353 15468 7560 7557 7747 7482 1446 7429 13760 7432 12340 4795 7742 13904 7243 14444 7433 7186 6243 6252 14746 6253 7479 14676 7975 4428 11441 11484 13720 6919 8442 8652 8445 8651 13726 4828 4562 11842 13745 4568 14494 4788 3681 14847 14848 15822 11888 11886 11841 11840
4377 18649 9199 9227 2961 16337 10680 10716 10717 2449 2453 16667 3457 16774 9653 16543 4162 9204 4218 9161 11852 11851 11850 9181 9162 16894 16895 2445 10749 16837 16839 16853 18979 9291 4241 17227 9700 16770 14542 14774 12317 12550 4024 4022 19164 6433 14518 553 556 14570 561 6789 5215 11368 18271 14562 4060 14543 12378 4081 4097 12383 5214 18675 18678 761 738 12370 4110 4096 6777 6997 6994 18273 4085 12493 14563 4101 6430 4100 19056 325 342 343 344 543 544 548 549 554 558 559 560 737 1252 2280 2281 2282 2427 2438 2440 2448 2450 2451 2454 2457 2786 2787 2962 2963 2964 2984 2985 2986 3013 3014 4025 4063 4064 4065 4066 4070 4071 4072 4073 4074 4075 4082 4083 4084 4099 4107 4108 4161 4195 4215 4216 4217 4240 4373 4376 4721 4723 4731 5213 5777 5778 5782 6429 6431 6432 6434 6776 6779 6780 6781 6787 6995 6998 6999 7142 7143 9203 9205 9206 9226 9266 9267 9268 9270 9272 9292 9451 9521 9522 9523 9550 9571 9573 9575 9576 9652 9658 10505 10677 10679 10715 10718 10719 10901 10902 10903 11366 11371 11373 11374 11458 11459 11476 11494 11506 11733 11854 11856 11857 11861 11912 11913 12028 12064 12091 12129 12130 12189 12366 12371 12372 12373 12384 12385 12492 12494 12814 12815 12816 12819 12820 12874 12875 13166 13167 13168 13169 13417 13418 13419 13459 13566 13567 13645 13646 13759 13939 14166 14517 14544 14638 14907 16775 16776 16838 16850 16955 16957 17431 17823 18229 18232 18236 18269 18270 18648 18674 18773 18823 18824 18984 19044
0
11840

0
11840

1570
11840 11841 11842 13745 4568 4545 8389 14743 13723 2653 4559 5869 8379 5874 8380 7625 3974 5873 768 7485 11797 745 744 15724 11737 940 7442 13718 764 5889 3976 11750 11751 847 11748 2615 11727 844 11742 836 832 5888 14411 7440 5886 11740 5887 8277 8261 8277 8260 8259 8260 11717 11716 716 11718 11720 11723 11722 8170 8169 820 7505 7506 5888 14411 7440 7441 11743 11745 11728 718 11731 3219 3218 3219 7442 13718 764 5889 4290 4289 13792 5874 8380 7625 3974 5873 768 7485 11797 745 8378 8376 742 8489 5957 4550 14423 14422 6525 15722 8484 7676 4292 8129 7681 12961 13137 5923 14352 13485 5169 7667 4519 7901 13043 8384 4320 8313 8311 7703 14347 12892 13534 15514 14939 1934 13533 14375 14372 14376 13722 14397 13715 1761 1760 1759 14685 7672 8686 8684 8683 8693 8682 8681 8682 8693 8683 8684 8686 7672 6456 7671 8680 8679 14693 7670 1844 7795 15621 7805 7812 8789 5459 7803 14384 2052 1940 1942 1943 1944 1945 1946 14400 5467 14401 5473 14391 14390 15786 15782 2454 13586 13587 13588 13589 13590 10595 13590 13589 10596 13589 13590 5413 5421 5437 5449 14188 5408 14182 5463 4066 5409 62 63 64 5473 14391 14390 15786 15782 2454 13586 10598 5402 8678 8677 8678 5402 5394 10603 10605 5459 8789 7812 7805 15621 7795 1844 7670 14693 8679 14689 14686 6466 8831 7787 6465 8130 7553 8131 14700 2494 1924 10051 14697 15500 2924 14698 14699 14695 1927 2887 14690 2881 2885 13424 13422 13423 13424 2885 2881 14690 14694 6465 8130 7553 8131 14699 14695 1927 10223 10499 14172 10505 10506 10505 6464 6469 10502 14916 10501 14911 10501 14916 10220 14177 14173 14174 14175 10510 14175 10522 10327 10328 6195 10524 10523 6188 10239 2927 6182 6183 10237 10236 10237 6183 7634 2947 7633 7632 10515 10513 10515 7632 7631 7630 13545 10244 10296 15557 10243 15557 10296 13544 10312 10306 10313 10306 10317 10318 10323 10322 3077 10322 10323 10318 2936 6168 6153 10294 6153 8730 8731 8711 6169 6171 8738 3091 8738 6171 6209 6159 15563 2931 15563 6176 6177 10517 10516 10517 10520 2933 2932 2933 10520 10518 6173 6175 10331 10330 13543 10241 10329 13544 10296 10244 13545 7630 13554 2941 7628 15610 7629 10256 2945 10256 7629 15610 7628 10263 2943 2939 13595 10272 10271 10269 10271 10272 13595 13553 10246 10295 13552 10249 10251 13551 15053 13550 10302 10303 13549 13548 10232 10233 10232 16573 13555 8724 8725 3080 6166 13542 8737 8728 13540 10558 13541 8720 8715 8719 8717 8718 8717 8719 8715 8720 7637 7636 8744 8739 13537 8741 8740 7638 10583 7638 8763 10576 8763 8762 8755 8754 8755 6157 15570 6156 6217 10282 14704 10375 10376 10372 6213 10373 6214 14702 14703 14499 6162 14502 10346 10219 10347 10550 10347 10551 10554 10555 10348 10365 10366 10367 10366 10365 10348 10555 10347 10219 10346 6199 6211 6163 10340 10358 10339 10337 10362 10361 10357 10355 10356 10355 10357 10361 10362 10337 10339 10358 10340 1922 6180 14503 10085 10088 10085 7547 10135 10098 10097 2468 10097 10096 10154 10155 10154 7832 10150 10109 10147 7833 7839 10112 7834 10094 2471 7550 7551 10111 10052 10111 7551 7550 10114 10093 10114 7550 7552 7847 7845 7847 7846 7847 7552 7550 7551 10111 10052 2458 2466 10053 7562 2386 2389 2388 657 2386 7562 10053 7570 7568 10103 7548 2923 15611 14696 10049 7568 10103 7548 6181 15502 14117 15501 14503 6180 6189 10361 10362 10337 10339 10358 10340 1922 6180 14503 10085 2889 10085 7547 10135 10086 10096 10154 10152 10149 10161 10160 7831 2461 661 10144 660 654 2462 654 660 10144 661 2461 7831 7840 10138 10142 14118 10166 10143 10451 10453 10449 16083 14477 10167 10168 14108 16081 2465 16815 2465 16081 14108 10168 10167 14477 16083 10449 10453 10451 10143 10166 14118 10142 10138 7840 7831 10160 10161 10149 10152 10154 10096 10086 10135 7547 10085 14503 6180 1922 10340 6163 16759 7535 2890 10100 14119 2983 14119 10100 4088 4092 4091 4092 4094 2982 4094 4092 4088 4087 4084 10119 10115 4104 4100 4083 2980 4083 4100 4099 4098 4097 4096 4095 4090 10188 10189 10398 10397 10398 10189 10190 7719 3803 7721 10174 10176 3810 10414 3810 10176 10174 10428 10173 10428 10174 7721 3803 7719 10190 10191 10186 15624 10122 10184 10185 14709 14712 15685 3799 15684 15508 3087 6164 10467 10468 10379 6206 6204 6206 10379 10392 10379 10468 14302 2435 16706 6205 2437 6205 16706 2435 14302 10468 10379 6206 7642 10386 10218 10217 7643 10432 7645 7646 8699 8700 19 8700 8699 8698 8697 8765 8766 3089 10573 7644 7643 10432 7648 7647 14306 7649 14306 7647 7648 10465 7641 10456 7650 10567 10570 10569 10570 10567 7650 10565 10564 10565 7650 10456 7641 10465 7648 10432 7643 7644 10573 3089 8766 8765 8697 10580 8764 2972 8763 8762 8755 6157 6158 6210 15562 6174 6159 10344 10359 10341 6184 6163 16759 7535 2890 10100 14119 14120 10443 3820 10447 10446 10445 3814 10445 15635 10208 10195 10208 3816 10196 10201 10169 10203 10198 10206 3807 10116 10210 14120 10443 3820 10447 10446 10442 2459 10455 2459 10442 10446 10445 15635 15633 10209 3812 10202 10203 14121 14110 16078 14111 14113 14114 14115 14114 14113 14111 16078 14110 14121 10412 10206 3807 10116 10210 14120 14119 10100 2890 7535 10123 2894 6199 6211 6216 10552 10557 14701 15562 6174 6170 6209 6171 8738 3078 13538 8736 13542 8737 8728 13540 10558 13541 8720 7637 8713 15550 15552 7651 15552 15550 8713 7637 7636 8744 8739 13537 8741 8743 8742 6208 6170 6209 6171 6169 10320 6172 10322 10323 10318 10317 10306 10312 13544 10296 10244 13545 7630 13554 2941 13554 7630 7631 7632 10515 10513 10226 10513 10515 7632 7631 7630 13545 13546 10308 13546 7635 10214 13547 13548 13549 13548 10232 16573 7635 10214 13547 13548 13549 10303 10302 13550 15053 13551 10251 10249 13552 10295 10246 13553 10277 10278 10276 10278 10277 13553 10246 10295 13552 10249 10251 13551 15053 13550 10299 13560 10211 10212 10213 10212 10211 13560 10299 13550 10302 10301 10300 10301 10302 10303 13549 13548 13547 10214 10215 10214 7635 16573 13555 13556 13557 13556 13555 8724 8723 8724 8725 3080 6166 8734 8711 6169 6171 6209 6159 6174 15562 6210 6158 6157 15570 15569 15570 6156 6217 10282 14704 10283 10285 6218 3081 10287 10368 10287 3081 6218 6217 10282 10376 10372 6213 10373 6214 10374 10372 6213 6160 6212 15511 10185 10184 10122 10184 10185 14709 14712 15685 3799 3800 3798 3797 3796 3801 15623 10184 10122 15624 10186 10191 10190 7719 3803 7721 10405 7721 3803 7719 10190 10191 10188 4090 4095 4096 4097 4098 4099 4100 4104 10115 10119 4084 4087 4088 4092 4088 10100 14119 14120 10210 10199 10200 10199 10194 10209 15633 15635 10445 10446 10442 2459 10442 10446 10445 15635 10208 3816 10196 10201 10169 3818 3817 3818 10169 10203 14121 14110 16078 16805 16078 14110 14121 10412 10206 3807 10116 10210 14120 14119 10100 2890 7535 10123 2894 6199 10346 14502 10346 10219 10347 10555 10348 3088 10348 10555 10347 10219 10346 6199 6211 6163 10340 1922 6180 14503 10085 7547 10135 10098 10077 10080 10078 7837 10134 10091 10136 2472 10093 10092 7549 10092 7835 10092 7549 10137 7551 10111 10076 10111 10052 2458 2466 10053 7570 7568 10103 1916 10104 1916 10103 7548 2923 15611 14696 14697 15500 2924 14698 14700 2494 1924 10051 14697 15500 2924 14698 14699 8131 16561 16560 16559 16558 16559 16560 16561 8131 14699 14695 1927 10223 10499 14172 14173 14177 14173 14172 10505 6464 6469 6464 10475 5445 10612 10609 10611 1939 10611 10609 10612 5445 5459 7803 5459 8789 7812 7811 7812 7805 15621 7795 1844 7670 1824 7808 1832 1835 1834 1835 1832 7808 1824 7670 14693 8679 8680 7671 8680 8679 14689 14688 14687 14686 6466 2176 2174 2173 2174 2176 6466 8831 7787 2179 2184 7788 7789 7790 7789 7788 2184 2179 7787 6465 7786 7782 7786 7785 8130 7553 8131 14699 14695 1927 2887 14690 14694 14450 14451 14452 1839 14453 1840 14453 14693 8679 8680 7671 6456 7672 8686 8684 8683 1765 8683 8693 8682 8693 8683 8684 8686 7672 14685 1759 1760 1761 13715 8679 8680 7671 6456 7672 8686 7673 10073 1770 1774 1776 10072 1780 6220 7674 6220 1766 10037 10035 15711 10034 15711 10035 10037 1766 6220 7674 10436 10438 1788 1787 1788 6467 2495 10434 6459 7813 14909 15740 14909 7813 1786 1783 6455 13779 6463 6457 10129 7574 6453 7573 10063 10065 6221 16826 6221 10065 10063 7573 6453 10061 10059 7569 6458 10057 10056 10055 10067 10054 7773 7776 15021 15022 15021 7776 7773 10054 10067 10055 10056 10057 10058 10102 7566 10132 10131 10132 7566 10102 10058 15012 10056 10055 10067 7769 7772 7780 7774 7782 7786 6465 14694 14450 14451 14452 1839 14453 14693 14383 14404 14403 14398 14399 1403 14402 14449 14254 14253 14938 13532 13535 13531 13139 4532 8312 8314 4512 4286 6939 14354 12834 2984 416 14353 13486 5021 12838 12837 4284 8315 7683 4287 6431 7680 7436 14421 15867 8274 8381 7438 11713 743 8375 11738 8377 744 15724 11737 940 7442 13718 764 5889 4290 4289 13792 5874 15872 5871 7370 4776 8907 3680 3681 14847 14848 15822 11888 11886 11841 11840
5339 5336 17913 6233 3196 7998 7999 1930 6212 13570 10208 17536 7902 7896 11988 2854 7919 7678 2849 4615 7682 17590 17591 7753 17750 7727 6262 6261 13670 7915 17579 273 4613 17601 7691 12762 4620 6251 12776 255 6273 7971 6275 12688 2880 13788 7795 12704 7787 17578 12702 7771 7770 4488 7563 4495 7595 7553 17104 7535 7607 7573 7537 7536 17102 4849 4851 12400 17008 11665 13574 13573 2834 4496 17091 12706 17098 17581 18966 17584 7511 7827 18570 7615 6309 7817 6298 6299 14867 6282 4628 4630 4632 11077 11079 7872 12731 7659 13040 4471 7867 13766 12777 2875 7909 12686 271 266 4616 7724 13651 7722 4619 7696 7706 281 7709 13654 13649 7710 12770 6256 278 2874 2817 13672 7947 7952 2816 7950 7638 18576 18578 7834 17586 14300 7662 7873 7868 18589 13765 13785 17763 7594 7587 17103 4490 4491 7556 7529 11672 16823 609 17537 11959 16586 4817 4822 6218 16487 4285 13738 10483 16818 11727 4804 12407 6363 4800 10500 11252 4807 6224 6232 11770 4689 7459 7461 16449 4823 2885 7523 2894 12406 7496 7499 222 223 224 227 228 256 257 258 259 263 264 268 269 270 272 274 277 279 282 283 533 534 602 603 604 605 606 607 608 610 618 619 1929 1931 2045 2489 2490 2491 2492 2493 2494 2495 2496 2497 2500 2818 2819 2820 2821 2822 2823 2824 2843 2850 2851 2863 2864 2866 2867 2877 2881 2883 2884 2886 2900 3216 3217 4272 4276 4277 4278 4279 4280 4281 4282 4283 4312 4470 4499 4500 4501 4502 4514 4516 4614 4618 4621 4623 4624 4629 4631 4680 4684 4685 4686 4687 4688 4690 4691 4786 4787 4801 4802 4803 4816 4824 4839 4850 5563 6173 6213 6221 6231 6237 6239 6241 6254 6263 6268 6281 6284 6286 6296 6362 7460 7503 7504 7512 7513 7514 7530 7546 7548 7549 7550 7564 7568 7569 7574 7575 7576 7577 7578 7584 7585 7588 7590 7592 7593 7606 7627 7628 7630 7631 7632 7641 7642 7644 7645 7647 7656 7657 7658 7664 7668 7670 7671 7673 7692 7693 7697 7698 7700 7707 7718 7740 7741 7742 7744 7750 7751 7752 7756 7763 7773 7778 7779 7794 7802 7804 7851 7852 7853 7854 7859 7860 7869 7870 7871 7899 7900 7901 7910 7911 7912 7914 7941 7942 7948 7953 7956 7962 7973 7989 8909 8910 8911 8912 8913 10206 10207 10209 10210 10380 10482 10548 11107 11256 11655 11660 11661 11662 11668 11671 11674 11675 11676 11958 12399 12627 12634 12680 12681 12682 12687 12693 12694 12707 12727 12728 12764 12768 12769 12780 12785 12786 12787 12788 12795 12797 13031 13032 13033 13036 13037 13038 13039 13568 13571 13575 13576 13666 13667 13668 13669 13735 13754 13777 13793 13797 13869 14299 14624 14857 15510 16432 16433 16434 16435 16485 16488 16560 16562 16587 16589 16590 16591 16686 16687 16822 17006 17090 17575 17585 17595 17602 17638 17641 17642 17653 17753 17754 17755 18564 18565 18575 18959 18960 18965 18968 18969 18970 18971 18972 19095 19096
0
11840

0
11840

1167
11840 11841 11842 13745 4568 4545 8389 4184 15704 7532 15702 13719 4334 1406 1390 1408 7412 8282 14785 7413 14505 14506 4341 13893 8326 8325 8351 11490 4322 15706 1258 4310 13651 7244 7738 8324 11159 5901 11263 11243 11199 11243 11238 2353 2355 11240 11245 5902 2357 5815 13738 7375 9 5813 14195 13831 2398 16714 13736 11169 15472 8105 5807 13248 5739 13690 5759 5817 5754 5736 13253 5736 5754 5817 5759 13690 5739 13247 11145 11121 7067 11120 7067 7037 11122 11165 5806 5808 13732 10876 10043 14044 10922 7266 10942 10943 15437 3668 16532 3674 3677 3731 16531 3666 3679 3671 16530 3672 16529 14040 15437 3668 16532 3674 3677 3731 16531 3640 4261 13983 7258 13982 13263 4865 4866 14023 14024 14025 10965 7487 13339 3348 16667 16538 3246 4747 14852 14853 15205 14856 14854 14747 11047 4748 11043 11045 6753 6765 6732 6765 4749 6728 15306 11041 3364 11041 15306 6728 4749 6769 15286 15307 6717 16493 13969 13970 14000 14001 3626 6767 13957 13958 16526 13958 16527 13944 15300 4078 6758 4078 15300 14008 6695 15309 11063 11059 4757 3357 15280 3358 15279 16666 16665 101 11054 11053 11052 11053 11054 7610 8820 7610 15137 11056 14053 11007 11017 11007 14053 11031 11029 14055 9731 11025 9731 14055 11029 11031 14053 11056 15137 7610 8820 14056 15293 14519 14750 10993 14524 3385 14524 10993 10992 14757 10990 10994 10990 14757 3394 14757 10990 10994 14059 14752 14751 14752 8804 14058 14057 11008 16512 11008 14057 8817 11015 14749 14750 14519 14521 14522 15292 16505 16502 16501 16502 16497 16500 16497 16502 16505 15292 14523 14524 3385 14753 4755 4753 4754 15266 4756 15257 4752 15258 3384 15258 15253 15098 15097 15098 15262 13780 4751 15261 13781 7604 14298 7665 14298 7604 7605 8821 8822 3378 3370 8850 3381 8851 8847 8846 8847 8851 3381 8850 3370 3378 8822 8821 7605 13783 15262 15098 15253 15258 4752 15257 4756 15266 4754 4753 4755 14753 3385 14524 10993 10992 14757 10990 10994 14059 10996 8818 8805 8806 8802 16513 11014 11013 11014 11011 11010 11011 8817 11015 15135 14758 14056 8820 7610 11054 101 16665 14748 15278 6707 16490 16489 14007 14928 14006 15117 14006 14005 14006 15117 14093 6694 15121 13947 14016 13946 14012 14088 14020 16409 16408 16409 14020 14019 14089 14018 14090 15290 14080 16424 13954 6763 15187 6763 14105 15200 15198 15197 15198 15200 14105 6763 13954 16424 13955 13956 13957 13958 16527 13944 15300 14008 6695 15309 11063 11059 4757 3357 15280 3358 15279 16494 8246 11001 8247 11004 8244 82 2840 14863 14864 14865 14857 14858 14859 14860 81 14861 14862 14863 14864 1522 4133 4134 4135 4233 4248 16740 16739 4254 2965 4117 4249 4118 4119 4120 16734 4259 4260 4127 4128 4129 16731 16726 4116 9249 3506 15767 15766 15767 3508 7289 16072 3510 4417 3491 3495 3496 3495 3491 4417 3488 7299 9223 9217 9214 9217 15771 15768 13463 3519 3516 16750 16752 16751 16752 16750 13613 9235 9234 9233 9232 9231 9230 9233 9234 9235 7312 7293 7305 7293 7312 9235 13613 13616 9547 3512 3511 3512 9547 13616 6432 16895 6432 13616 9547 3512 9548 13475 9548 14546 9537 9538 9549 9550 9546 9545 9544 9545 9546 9551 9552 9542 9554 9555 9540 9555 14568 7295 14550 14548 14549 14548 14550 7340 16729 16728 16724 16723 3909 16722 4126 14125 14802 7358 7351 9215 9251 9215 9250 14828 14825 14804 14818 14819 14821 14820 14816 14815 3133 16374 2802 14806 14809 14808 14807 12472 4183 4180 2874 2823 6032 7714 2826 12428 12427 12428 2826 7714 6032 2823 6036 15433 15429 2873 6736 6720 2807 16460 8859 6716 6781 16456 6781 16453 2801 16453 6781 6716 8859 16460 2807 6720 6736 2880 13721 6783 4180 2874 2823 4179 4178 3569 13704 12434 12429 12433 12431 12430 12431 12433 12429 12434 13704 12434 15271 12461 9720 9722 9721 9719 9723 4803 9720 9722 9721 9719 12462 15369 4802 15371 12657 2791 12656 12655 2795 12655 12656 2791 12657 4801 8136 2115 8137 2111 8137 2115 8136 12654 4804 2584 3254 15350 3254 3264 3261 3255 3258 3259 3256 15351 15105 15353 13961 15251 13950 6711 3589 3590 3589 15336 16396 3592 15110 3593 15106 3591 6787 15310 13939 13940 3607 13942 3607 13940 13939 15310 6787 6697 3597 6701 3605 6704 15112 6711 13950 3586 5717 14104 16379 14070 16380 14098 15395 6774 7526 4029 7526 6774 15395 14098 15397 14103 15397 14098 15395 6774 7526 15391 16378 4731 15389 13974 6748 15191 13973 13995 13972 13971 13993 15285 13994 15285 13993 5829 5512 5513 6760 5513 5512 5829 15298 15297 15298 5826 16668 5511 3988 4424 9902 9903 14528 9904 6609 3243 3244 3243 6609 9904 3239 3240 3241 4424 6605 12730 12729 3332 16643 8003 3334 7998 12725 7998 3334 8003 12727 8001 12775 12774 12719 3202 12719 12718 12717 12667 12668 12667 12717 12718 6678 12674 12671 12672 12675 8004 7999 6691 5827 3207 6656 5824 12767 7668 12736 12735 12708 7997 12709 7996 12711 12710 506 12780 12781 14599 4427 4546 6927 6925 4544 4558 6926 6928 4427 4546 12373 13758 12379 12374 12382 12385 12387 12386 12390 12389 12390 12391 5518 13761 12351 12353 15468 7560 7557 7747 7482 7746 7745 7744 4739 4740 4741 11271 1633 11194 1636 6615 11185 6593 15776 2029 4544 4558 13800 6644 2572 4425 4281 13813 13306 13304 7588 10815 10814 10813 10814 10815 7588 13301 10805 4744 4743 4742 6633 4807 6624 4806 15289 2151 13823 11155 4738 16584 14889 11256 14893 11256 6616 11175 11177 2027 2025 6625 11184 15156 6626 6638 11252 11253 11251 11253 14892 14894 14895 16133 15139 11295 9 7375 13739 11293 10723 13740 10735 7376 10733 7376 10726 3230 3229 3230 10727 7183 7218 10725 10724 10725 10730 7378 3233 5803 7848 3235 3234 3235 11306 7849 3236 11305 10731 16592 13831 2398 2397 2398 16714 5812 14200 2395 14200 14201 16647 16692 14891 11154 14199 11152 5814 5838 15938 11168 15938 5838 5839 11148 5839 5840 5837 8108 8109 13734 8109 8108 5837 11141 11142 11141 5837 5840 5839 5838 5814 10046 5812 14200 14201 16585 5813 9 7375 13738 5815 2361 11247 7374 7371 5811 11265 13713 13712 11297 11292 11302 10751 10752 10748 10752 10751 3001 10745 3008 5805 7394 7231 16646 10681 5805 7394 10754 13716 13754 13716 10755 7393 3016 5921 10743 7392 13652 5909 15439 11223 11216 5908 11219 4933 2406 47 14216 14217 8320 13902 13863 10794 8321 8323 11228 7240 7205 11229 14335 10756 14335 11229 7205 7240 7556 7738 8324 11159 5901 11263 11262 2344 2347 2345 11264 11159 5901 11263 11262 11260 2347 2345 11264 11234 5810 11233 11281 11231 11235 7205 7240 7556 7738 4338 7741 13904 7243 14444 7433 7186 6243 6252 14746 6253 7479 14676 7975 4428 11441 11484 13720 6919 8442 8652 8445 8651 13726 4828 4562 11842 13745 4568 14494 4788 3681 14847 14848 15822 11888 11886 11841 11840
8470 2522 2527 3955 18473 8211 4388 12249 18067 3551 3558 18954 4397 14751 13241 13101 4408 456 8335 5310 4415 8324 11740 11738 14594 14587 14590 13218 12866 10508 11071 4584 6411 13234 8327 14514 13328 12997 14535 6328 13149 3497 13162 14768 19155 19163 13934 542 18215 547 6773 552 14816 6778 4095 18231 13982 18230 11375 11372 11367 11397 17833 11868 11885 17457 19042 9400 6422 17456 9372 7138 10369 9605 9606 17435 5134 16751 377 17963 18296 18301 18315 479 478 525 13017 18858 13014 3484 389 2030 13261 18751 17948 3362 3361 14574 17898 9631 12043 72 9642 4967 3713 10413 9335 1169 10693 8181 1172 8496 3394 8490 2369 17910 4148 17924 17925 8117 17932 17017 14794 17014 14726 14143 17011 5110 8402 8148 2389 17676 8155 8482 8476 324 352 360 361 373 388 397 398 399 501 502 505 506 508 509 896 897 2266 2371 2375 2376 2377 2380 2381 2416 2520 2521 2523 2524 2525 2526 3482 3528 3541 3546 3715 3832 3833 3978 4404 4406 4417 4966 5115 5135 5770 6356 6416 7134 8206 8208 8209 8477 8478 8479 8480 8481 8512 9331 9370 9373 9374 9404 9406 9646 9647 9648 9649 9663 9664 9665 10401 10402 10509 10512 10513 10743 11376 11874 11878 11954 11955 12096 12097 12499 12661 12966 12992 12999 13000 13001 13015 13016 13130 13223 13293 13316 13327 13329 13342 13424 13426 14164 14555 14690 14711 14754 14813 17030 17434 17837 17897 17929 17930 17941 17947 17957 17958 17959 17960 17962 18072 18233 18294 18302 18354 18357 18953 19040 19041 19045 19173
0
11840

0
11840

0
11840

0
11840

0
11840

0
11840

0
11840

0
11840

0
11840

0
11840

0
11840

0
11840

0
11840

0
11840

0
11840

0
11840

0
11840

0
11840

0
11840

0
11840

0
11840

0
11840

0
11840

0
11840

0
11840

0
11840

0
11840

0
11840

0
11840

0
11840

0
11840

0
11840

0
11840

0
11840

0
11840

0
11840

0
11840

0
11840

0
11840

0
11840

0
11840

0
11840

0
11840

0
11840

0
11840

0
11840

