16951 19175 64800 75 11840 0.5
8407 11593 1 8 42 O 10
11593 8171 1 14 75 O 10
8171 6241 1 12 64 O 30
6241 912 1 9 45 O 20
912 7909 1 3 13 O 20
7909 4205 1 6 33 O 30
4205 7907 1 7 34 O 20
7907 4431 1 10 52 O 10
8366 1154 1 15 81 O 30
1154 11650 1 4 20 M 10
11650 11604 1 2 6 O 30
11604 8098 1 9 48 O 20
7968 1191 1 9 48 O 10
1191 4331 1 7 36 O 30
4305 15728 1 10 50 O 10
15728 7910 1 2 10 M 30
7910 6241 1 7 36 O 30
6241 15850 1 8 44 O 10
15850 4323 1 6 31 O 30
4323 6239 1 19 101 O 30
4328 4296 1 6 32 O 10
4327 7499 1 1 5 O 30
7499 1008 1 11 57 O 10
1008 8263 1 5 27 O 30
8263 4326 1 2 6 O 30
4311 4328 1 7 34 O 10
4328 4988 1 7 38 O 30
4988 4303 1 11 57 M 10
4307 6240 1 17 92 O 10
6240 856 1 11 56 O 30
856 4325 1 7 35 O 20
13900 13899 2 13 69 O 10
13899 13897 2 13 71 O 20
13897 8401 2 14 76 M 10
8445 8651 1 13 70 O 20
4950 11974 2 6 28 O 30
11974 5048 2 25 134 O 30
5048 8193 2 4 21 O 20
8193 13915 2 3 11 O 10
13915 5052 2 6 31 O 20
5052 11975 2 21 114 O 20
11975 8443 2 7 36 O 10
90 1123 2 12 66 O 20
1123 8624 2 1 3 O 10
8624 8607 2 8 39 O 10
8607 8606 2 8 44 O 20
8606 11519 2 2 6 O 20
11519 11527 2 2 7 O 30
11527 8602 2 13 67 O 10
8602 8162 2 2 10 O 10
8162 7477 2 4 17 M 30
7477 8601 2 14 77 O 10
8601 1237 2 12 63 O 20
1237 8404 2 6 31 O 10
8404 1241 2 5 24 O 10
1241 8374 2 8 42 O 20
4558 6926 1 2 10 O 20
14935 1388 1 10 51 O 20
1388 1386 1 18 99 O 30
1386 1381 1 11 57 O 20
1381 8397 1 5 28 O 30
8434 1360 1 5 24 M 20
1360 1358 1 2 10 M 30
1358 1361 1 2 6 O 10
1361 1350 1 2 6 O 10
1350 13896 1 10 55 O 10
13896 1353 1 9 50 O 30
1353 13778 1 7 36 O 30
13778 1356 1 3 12 O 20
1356 13895 1 6 33 O 10
7668 12767 2 5 25 O 10
12767 5824 2 7 37 O 20
5824 6656 2 6 33 M 10
6656 3207 2 4 21 O 30
3207 5827 2 9 48 O 10
5827 6691 2 4 18 O 30
6691 7999 2 1 3 M 30
7999 8000 2 9 49 O 10
8000 6676 2 7 34 O 10
6676 5831 2 5 23 O 20
13863 8431 1 2 6 O 10
8431 1332 1 5 24 O 30
1332 12820 1 1 1 M 20
12820 1333 1 8 43 M 10
1333 1335 1 2 7 M 20
1335 15546 1 11 57 O 20
13897 8396 1 26 141 O 20
8396 1339 1 2 8 O 20
1339 14218 1 8 42 O 30
14218 13902 1 2 6 O 20
7483 982 2 8 43 O 20
982 1151 2 15 80 O 10
4816 634 1 9 46 O 10
634 645 1 11 59 O 30
645 8606 1 15 78 M 20
7661 5630 2 4 21 M 20
5630 5619 2 14 74 M 20
5619 5674 2 3 15 O 30
5674 5653 2 7 39 M 10
5653 4045 2 5 25 O 30
4045 9806 2 1 3 O 20
9806 1564 2 17 92 O 30
1564 5695 2 2 7 O 10
13898 1343 1 8 42 O 10
1343 1346 1 7 39 O 20
1346 1348 1 1 4 O 10
1348 13773 1 1 4 O 30
13773 13896 1 5 27 M 10
4342 8160 1 18 96 O 10
8160 11534 1 11 56 O 20
11534 11536 1 6 29 O 20
11536 11538 1 6 33 O 10
11538 11541 1 4 19 O 20
11541 11540 1 3 15 O 30
11540 11543 1 1 3 O 10
11543 14900 1 3 16 O 20
8162 1222 1 6 30 O 10
1222 8161 1 11 60 M 10
8161 4500 1 11 56 M 20
8161 11544 1 7 35 M 10
11544 1220 1 2 10 M 30
1220 1227 1 8 39 O 20
1227 11575 1 2 10 O 20
11575 1229 1 7 34 O 30
1229 11529 1 4 22 O 30
11529 8159 1 8 40 O 10
4813 1250 1 12 64 O 10
1250 1252 1 1 4 M 30
1252 11577 1 2 6 O 20
11577 4815 1 3 14 O 30
4815 11571 1 3 15 O 10
11571 11584 1 6 31 O 30
11584 8160 1 9 46 O 10
8160 11533 1 9 45 O 10
11533 4897 1 3 15 O 20
4897 8159 1 5 24 O 20
8159 11574 1 7 38 M 20
11574 8404 1 10 54 O 10
13892 11496 2 3 11 O 30
11496 11491 2 6 31 O 20
11491 6242 2 9 46 O 30
13893 1326 1 16 87 O 10
1326 1330 1 5 26 O 10
1330 11489 1 3 12 O 20
11489 56 1 6 32 M 20
56 13892 1 3 15 M 20
13892 13894 1 18 98 M 30
13923 13774 2 31 167 O 30
13774 10643 2 9 48 M 10
7618 7619 1 29 159 O 30
4047 16277 1 19 101 O 20
16277 6877 1 4 22 O 10
6877 6841 1 12 63 O 20
6841 6849 1 9 48 O 30
6849 7621 1 12 65 O 10
4589 14517 2 2 10 O 10
14517 4664 2 15 80 M 10
4664 2726 2 6 31 O 20
2726 4490 2 5 25 O 30
4490 4660 2 6 30 O 20
4660 4604 2 2 11 O 10
4604 8157 2 17 90 O 10
8157 14514 2 1 4 O 10
14514 4438 2 4 18 O 30
7928 4386 2 17 91 O 10
4386 5099 2 17 90 O 10
5099 9332 2 2 7 M 10
9332 15721 2 5 25 M 30
15721 5138 2 4 20 M 10
5138 5137 2 9 48 O 10
5137 7931 2 9 50 O 10
7931 5125 2 8 43 M 30
5125 5139 2 7 34 O 10
5139 5110 2 3 16 O 20
5110 7932 2 7 36 M 20
7932 4398 2 12 62 O 30
4014 7918 2 22 120 O 30
7918 9115 2 8 41 O 20
9115 162 2 13 67 O 30
162 5427 2 6 32 O 10
5427 5419 2 6 30 O 30
5419 473 2 23 126 O 30
473 9134 2 9 46 O 30
9134 9145 2 4 21 O 20
9145 13797 2 4 21 O 20
13797 7940 2 3 14 O 10
7942 5368 2 16 88 O 20
5368 5314 2 11 57 O 30
5314 5438 2 5 28 O 20
5438 5353 2 10 54 M 10
5353 14595 2 6 32 M 30
14595 14592 2 6 29 O 10
14592 7943 2 7 35 O 30
7943 2061 2 13 69 M 30
2061 7940 2 2 10 O 10
7943 5536 2 7 37 O 20
5536 6914 2 2 10 O 10
6914 5351 2 7 38 M 30
5351 5598 2 5 26 M 20
5598 5564 2 4 22 O 30
5564 15819 2 4 21 M 20
15819 9095 2 2 7 O 20
9095 5600 2 4 21 O 10
5600 5371 2 8 41 M 30
5371 16216 2 1 5 O 30
16216 9094 2 6 31 M 10
9094 5542 2 2 7 O 10
5542 5547 2 4 17 O 20
5547 7944 2 10 52 O 20
7948 7949 2 13 68 O 10
7949 4515 2 13 69 O 30
4515 5214 2 3 13 O 30
5214 7950 2 9 45 O 20
12954 13040 1 5 26 O 30
13040 4519 1 14 75 O 30
7949 4520 1 15 79 O 30
4520 4529 1 7 37 M 20
4529 4511 1 7 38 O 20
4511 4538 1 5 27 O 30
4538 4513 1 9 46 M 30
4513 4517 1 4 21 M 30
4320 8313 1 1 4 O 30
13541 10558 2 9 45 O 30
10558 13540 2 3 16 O 30
13540 8728 2 7 35 O 30
8728 8737 2 10 52 O 10
8737 13542 2 8 44 O 10
13542 8736 2 4 19 O 20
8736 13538 2 17 91 O 10
5614 2834 2 16 86 O 10
2834 8113 2 32 172 O 20
16874 4454 2 6 33 O 20
4454 8158 2 12 64 O 10
8158 8573 2 9 47 O 10
8573 16555 2 4 21 O 30
16555 2727 2 3 16 O 10
2727 4630 2 6 28 O 10
7453 8284 1 9 49 O 20
926 928 1 31 170 O 30
8326 13744 1 12 65 O 10
8472 6553 1 22 122 O 30
6553 3479 1 11 56 O 10
3479 7932 1 16 85 O 10
4964 9344 2 13 71 O 10
9344 8473 2 3 13 O 30
13495 7659 2 16 85 O 20
13496 1616 2 12 61 O 30
1616 1617 2 3 14 M 20
1617 16034 2 11 58 O 20
16034 6248 2 2 6 O 10
6248 9585 2 6 30 O 20
9585 1609 2 8 41 M 20
1609 1464 2 18 96 O 30
1464 1607 2 6 30 O 10
16885 13536 2 2 9 M 20
7636 8744 2 8 44 M 30
8744 8739 2 6 30 O 30
8739 13537 2 3 16 O 30
13537 8741 2 7 39 O 30
8741 8743 2 14 75 O 30
13538 13539 2 35 194 O 30
13595 2939 2 46 253 O 10
2939 2943 2 2 6 O 10
2943 10263 2 1 4 O 30
10263 7628 2 9 48 O 30
7628 2941 2 16 85 O 20
2941 13554 2 1 5 M 20
13554 7630 2 10 52 O 10
7630 13545 2 4 20 O 20
13545 10244 2 11 60 O 20
10244 10296 2 9 48 O 30
10296 13544 2 6 28 M 20
13544 10329 2 7 38 O 20
10329 10241 2 14 74 M 30
10241 13543 2 3 11 O 10
13543 10326 2 2 10 O 10
10326 6179 2 26 142 O 30
6169 8711 2 7 36 O 20
8711 8734 2 7 36 M 10
8734 6166 2 13 67 O 10
16842 10211 2 40 219 O 20
10211 13560 2 18 96 M 20
13560 10299 2 41 224 O 10
10299 13550 2 1 4 O 20
13553 10277 2 40 220 O 20
10277 13561 2 42 228 O 20
13561 10281 2 6 28 M 10
10281 16862 2 1 4 O 20
4942 14271 2 9 46 O 30
13570 2961 2 21 113 M 30
13571 11366 2 2 6 O 20
11366 13577 2 15 80 M 20
13577 11414 2 10 53 O 30
11414 13578 2 41 226 O 20
13578 13579 2 16 88 O 10
7880 15556 2 9 49 M 20
15556 14295 2 7 38 O 20
14295 4942 2 12 65 O 10
4942 4918 2 42 231 O 30
13583 13584 2 40 222 O 30
5401 5411 2 24 128 O 30
13598 5439 2 23 124 O 30
5439 5398 2 14 75 O 30
13605 4406 2 22 121 O 20
4406 13606 2 15 80 M 30
13606 8985 2 5 27 O 30
8985 8984 2 6 32 O 30
8984 6357 2 8 41 O 30
6357 2251 2 9 46 O 30
2251 13607 2 1 5 O 10
16848 13414 2 1 3 M 20
13414 13419 2 1 3 O 10
13419 13608 2 9 50 M 10
13608 13609 2 15 80 O 30
13609 13407 2 3 12 O 10
13407 13610 2 7 38 O 20
13610 13348 2 14 76 M 30
13348 13611 2 9 47 O 20
13611 8982 2 6 31 O 30
8982 4050 2 7 38 O 20
16852 15834 2 8 39 O 20
15834 6422 2 7 35 O 10
6422 15835 2 7 35 M 20
15835 13608 2 17 90 O 30
6432 13616 2 4 19 O 10
13616 13613 2 23 124 O 20
5018 3431 2 25 134 O 20
3431 5070 2 2 6 O 10
5070 13439 2 2 11 O 20
13439 9624 2 13 69 O 10
9624 4373 2 1 4 O 30
4373 13438 2 8 41 M 30
13438 4389 2 15 83 O 30
4389 4392 2 14 77 O 10
4392 4393 2 12 63 O 10
4282 13805 2 2 8 O 10
13923 13924 2 7 34 O 10
13924 10635 2 15 83 O 30
13925 13926 2 12 63 M 20
13926 13927 2 6 31 O 10
13927 10649 2 2 8 O 20
10649 13928 2 10 51 M 10
6706 16685 2 13 69 O 30
16685 13931 2 7 36 O 30
13931 16401 2 6 32 O 10
13934 13935 2 26 142 O 10
13936 15224 2 5 24 O 20
15224 15225 2 7 36 O 30
15225 13937 2 1 5 O 20
13937 13938 2 7 37 O 30
3607 13941 2 4 21 O 10
6699 6694 2 8 40 O 10
6694 15121 2 4 20 O 30
5515 13948 1 14 74 O 20
13930 14105 2 9 47 O 30
14105 6763 2 9 50 O 30
6763 13954 2 8 42 M 20
13954 16424 2 10 55 O 30
16424 13955 2 4 18 O 10
13955 13956 2 15 83 O 10
13956 13957 2 14 72 O 30
13957 13958 2 9 49 O 30
13949 13960 2 8 43 M 30
13960 3556 2 7 37 O 30
3556 3600 2 7 34 O 30
3600 14072 2 3 14 O 10
14072 15337 2 8 41 M 30
15337 5717 2 1 3 O 30
5717 3586 2 2 11 O 10
3586 13950 2 1 2 M 30
13950 15251 2 10 55 O 20
15251 13961 2 3 16 O 20
13961 15353 2 3 15 M 30
15353 15105 2 8 40 O 30
15105 15351 2 2 7 O 10
15351 16402 2 9 46 O 20
16402 15350 2 5 25 O 20
15350 3254 2 3 14 M 10
3254 2584 2 6 29 O 10
2584 4804 2 8 43 O 10
13963 13964 2 31 169 M 10
13951 3610 2 7 34 O 10
6931 13967 2 9 47 M 30
13967 3253 2 7 35 O 30
13967 11105 2 24 132 O 10
11105 11108 2 8 43 O 20
7591 7663 2 127 701 O 10
6749 16528 2 20 109 O 10
13993 15285 2 7 36 O 30
15285 13994 2 5 26 M 10
8001 12727 2 12 62 O 10
12727 8003 2 10 52 O 10
8003 3334 2 13 71 O 10
3334 7998 2 3 12 M 30
7998 6932 2 23 124 O 30
6932 12722 2 8 43 M 20
12722 6752 2 12 62 M 20
14000 14001 2 16 87 O 10
14001 3626 2 6 30 O 10
3626 6767 2 16 85 O 30
13970 5826 1 58 317 O 10
14011 16516 2 5 27 O 30
16516 16521 2 4 21 O 20
16521 14010 2 4 19 O 30
14010 16523 2 9 49 O 10
16523 16519 2 5 26 O 20
16519 14009 2 12 66 M 20
13946 14012 2 11 56 O 30
14012 16413 2 10 56 O 20
16413 16415 2 6 29 O 10
16415 6702 2 3 16 O 20
6702 16417 2 5 28 O 20
16417 15213 2 7 34 O 30
15213 14013 2 2 11 O 20
14016 14017 2 21 113 O 20
7253 7263 1 5 23 O 10
7263 7251 1 6 29 O 30
7251 14022 1 9 49 M 20
4867 14024 1 15 78 O 30
14024 14035 1 13 69 O 10
14526 6623 2 9 48 O 20
6623 13820 2 3 16 O 10
13820 13815 2 2 10 O 20
13815 13817 2 5 23 O 20
13817 14026 2 4 22 O 10
14027 2417 1 5 26 O 10
2417 16597 1 4 19 O 10
16597 10952 1 5 25 O 30
10952 14028 1 8 43 O 10
14031 16487 1 12 64 O 30
10833 14030 1 25 135 O 20
14030 14031 1 17 94 O 10
14031 3252 1 11 58 O 20
3252 14034 1 10 51 O 20
14034 7261 1 4 20 M 30
7261 10844 1 5 24 M 30
10844 3299 1 2 7 O 30
3299 14022 1 5 28 O 10
14022 14023 1 9 48 M 10
14023 14024 1 12 65 O 30
14052 15939 2 6 32 O 10
15939 10926 2 9 48 O 30
10926 14036 2 11 57 O 20
14036 14037 2 13 69 O 20
14032 16487 1 1 4 O 30
16487 14041 1 17 89 O 20
14041 10821 1 10 54 O 20
10821 14042 1 9 49 O 30
14042 10832 1 8 41 M 30
14043 10812 1 7 35 O 30
10812 10817 1 5 25 M 10
10817 10808 1 3 16 O 30
10808 10820 1 6 29 O 30
10820 14042 1 12 66 O 10
14048 14052 2 13 70 O 30
8246 11007 2 18 99 M 10
11007 14053 2 8 42 M 30
14053 14943 2 8 40 O 30
14943 14054 2 4 17 O 20
11026 11027 2 10 52 O 20
8804 14058 1 14 75 O 30
14058 14057 1 2 6 O 20
14057 8817 1 5 23 O 10
8817 11015 1 3 13 O 20
11015 15135 1 10 53 M 10
15135 14758 1 5 23 O 20
14758 14056 1 5 26 O 30
16507 11038 2 10 51 O 30
11038 14063 2 9 46 M 20
11037 14065 2 4 22 O 10
14065 14067 2 9 49 O 20
14067 4758 2 8 43 O 30
13995 14068 2 19 105 M 20
4731 3558 2 18 97 M 20
3558 13959 2 3 16 O 10
13959 14099 2 7 38 O 30
14099 16380 2 5 24 O 30
16380 14070 2 4 21 O 10
14070 16379 2 2 9 M 10
16379 14104 2 7 39 M 10
14071 14073 2 9 46 M 30
14074 15323 2 18 99 O 20
15323 14075 2 18 97 O 20
14075 15339 2 17 89 O 30
15339 14076 2 3 13 O 20
14076 15342 2 21 114 O 10
15342 13961 2 8 44 M 20
13960 14077 2 20 111 O 10
4731 15389 1 16 89 O 20
15389 13974 1 16 89 M 30
13974 14078 2 35 190 M 30
14018 14089 2 6 32 O 20
14089 14019 2 7 38 O 10
14019 14020 2 8 40 O 10
14020 16409 2 8 42 O 10
16409 16406 2 7 37 O 20
16406 16404 2 7 37 M 20
16404 14002 2 17 89 O 10
14082 16423 2 21 116 O 30
14083 13517 2 20 107 O 10
13517 14084 2 7 34 O 10
13971 13993 1 19 102 O 10
13993 5829 1 45 245 O 20
14086 14087 2 18 100 M 10
14087 13956 2 11 57 O 20
14012 14088 2 26 141 O 30
14088 14020 2 8 42 O 10
14020 15207 2 12 61 O 30
14080 16424 1 27 149 O 10
16490 6707 2 26 144 O 30
14010 14922 2 12 64 O 30
14922 14923 2 5 26 O 20
14015 14094 2 11 58 M 10
14003 15115 2 21 116 O 30
15115 8803 2 13 68 O 30
8803 8799 2 15 79 M 10
14021 15236 2 14 75 M 20
15236 14002 2 5 27 O 30
14002 15229 2 11 59 O 10
15229 14003 2 9 45 O 30
14003 6698 2 9 44 O 10
6698 15234 2 3 14 O 30
15234 15227 2 6 32 O 20
15227 14004 2 6 33 O 10
14095 14097 2 7 34 O 20
14098 16380 2 32 172 M 10
14101 14102 2 8 43 O 30
14102 5709 2 46 251 O 20
14104 15388 2 24 130 O 10
15388 14103 2 22 117 O 10
14106 14107 2 27 146 O 10
6459 16847 2 1 1 O 20
10404 14110 2 16 84 O 20
14111 14113 2 21 114 O 30
14113 14114 2 6 29 O 30
14113 14116 2 6 32 O 30
16759 7535 1 8 40 O 10
9249 3506 2 6 33 O 10
3506 15767 2 2 6 O 10
15767 3508 2 7 37 O 10
3508 7289 2 4 20 O 20
7289 16072 2 4 17 O 10
16072 3510 2 6 30 M 20
3510 4417 2 17 93 O 20
4417 3488 2 21 114 O 20
3488 7299 2 5 24 O 10
7299 9223 2 16 88 O 10
9223 9217 2 6 30 M 20
9217 15771 2 5 28 O 30
15771 15768 2 7 37 O 30
15768 13463 2 4 21 O 10
13463 3519 2 4 21 O 10
3519 3516 2 6 30 M 20
3516 16750 2 9 49 M 30
16750 13613 2 3 17 O 30
13613 9235 2 7 36 O 10
9235 7312 2 5 27 M 30
7312 13615 2 26 140 O 10
13615 13614 2 16 86 O 30
13614 8194 2 10 50 O 20
8194 16480 2 3 16 O 30
16480 16914 2 9 50 M 30
5222 14129 2 23 126 O 30
14130 9874 2 24 131 O 10
5286 12817 2 14 75 O 10
5215 14132 2 15 83 O 20
14132 14137 2 19 102 O 30
14134 14133 2 28 152 O 30
14136 14135 2 4 18 O 10
14135 12913 2 19 105 O 10
12913 5224 2 7 36 M 20
5218 14132 2 9 47 O 10
4992 14143 2 7 36 O 30
14143 14141 2 16 88 O 20
14141 16185 2 13 69 M 20
13579 14148 2 5 27 O 30
14151 4912 2 22 117 O 10
4912 11422 2 10 52 O 10
11422 4217 2 39 212 O 20
4217 2850 2 23 128 O 10
2850 16883 2 1 2 O 30
14152 14153 2 7 34 O 30
14153 14154 2 7 39 O 20
14154 14155 2 4 20 O 20
14155 2743 2 7 37 O 20
14158 14159 2 9 46 O 30
14153 14161 2 22 120 O 30
14161 4923 2 11 56 O 10
14161 4916 2 15 78 O 20
2743 14164 2 20 110 M 30
4614 4474 2 5 24 O 10
4474 4688 2 8 40 O 30
4688 4580 2 7 34 O 10
4580 4462 2 5 23 O 20
4462 7658 2 6 28 M 20
7658 15755 2 3 13 O 10
15755 4316 2 4 21 M 30
14167 14166 2 22 117 M 20
14168 14169 2 12 66 M 30
14169 14170 2 5 24 O 10
14170 5468 2 4 22 O 30
10327 10522 2 4 18 O 20
10522 14175 2 12 66 O 30
14175 14174 2 20 107 O 10
14174 14173 2 39 215 O 10
14173 14172 2 7 35 O 20
14172 10499 2 13 67 O 30
10499 10223 2 12 62 O 30
10223 1927 2 12 66 O 20
14173 14177 2 12 63 M 10
14177 10220 2 34 185 O 20
16596 2721 2 8 40 O 30
2721 14180 2 6 31 O 20
14180 528 2 8 42 O 20
528 4589 2 13 68 O 30
14168 14185 2 15 82 O 10
5453 14186 2 12 65 O 20
10597 13587 2 9 45 O 20
10605 10603 2 9 45 O 30
10603 5394 2 13 70 O 30
5394 5402 2 3 12 O 20
5402 8678 2 15 79 O 20
8678 10487 2 7 38 O 30
10487 5399 2 3 13 O 20
5399 10490 2 4 21 O 10
4455 8167 2 15 82 O 10
16845 3995 2 2 8 M 10
3995 3996 2 9 45 O 30
3996 3998 2 26 139 O 30
2957 14270 2 9 49 O 20
14271 14272 2 15 79 O 20
14274 11369 2 12 64 M 20
11369 11383 2 13 67 O 10
11383 14273 2 2 9 O 30
14273 7887 2 5 24 O 20
14273 14275 2 29 157 M 30
13566 14276 2 17 92 O 30
14277 11426 2 13 67 M 20
11426 14278 2 5 24 O 20
13582 4913 2 24 128 O 20
14279 14280 2 33 181 M 30
14281 14282 2 19 100 O 30
7014 2771 2 9 49 O 30
2771 15313 2 13 71 O 10
15313 7019 2 13 72 O 10
7019 7032 2 7 39 O 20
7032 6991 2 10 55 O 30
6991 14283 2 6 29 O 10
14283 7015 2 8 42 M 30
7015 14284 2 2 10 M 20
14284 14285 2 9 46 O 20
14285 7017 2 7 36 O 30
7017 7003 2 2 8 O 30
7003 15065 2 8 40 O 10
15065 15070 2 3 14 O 10
15070 15071 2 4 18 O 10
15071 15064 2 8 42 O 10
14285 6996 2 22 120 O 10
14283 7016 2 22 121 M 20
7016 6992 2 7 33 O 10
14283 14286 2 14 78 O 20
14286 4270 2 14 75 O 30
4814 1214 1 8 39 O 20
1214 8402 1 4 21 O 10
8402 1204 1 2 7 O 30
1204 14900 1 5 25 M 30
7477 1223 1 5 27 O 10
1223 4878 1 10 54 O 30
4878 4892 1 8 40 O 20
4892 4367 1 4 22 O 30
4367 8595 1 2 7 O 10
8595 4503 1 7 36 O 30
4503 2848 1 1 1 M 20
2848 8592 1 4 19 O 10
8592 4817 1 2 9 M 20
4819 8617 1 4 19 M 10
8617 7478 1 14 73 O 30
4436 15865 2 10 53 M 30
15865 4956 2 7 37 M 10
4956 7684 2 3 12 M 10
7684 12865 2 13 71 O 30
12865 12871 2 9 47 O 10
12871 4421 2 8 43 O 10
16072 3501 2 51 280 O 20
3501 3497 2 3 16 O 20
3497 16073 2 43 238 O 30
6963 16075 2 17 90 M 10
6977 16076 2 18 99 O 30
16074 16077 2 19 100 M 10
457 9081 1 10 51 O 20
9081 9082 1 14 77 O 20
9082 5675 1 8 44 O 10
5675 9090 1 8 44 O 10
9090 4039 1 14 74 O 20
4039 16254 1 2 9 O 30
14190 16613 2 39 212 O 20
16614 2430 2 29 161 O 10
2430 2432 2 13 69 M 20
2432 16615 2 10 52 M 30
16617 16615 2 10 53 O 30
5374 16618 2 31 169 M 10
16618 5379 2 53 292 O 10
5379 16619 2 3 14 O 10
16620 16621 2 11 57 O 10
16621 16622 2 8 43 O 30
16622 16326 2 10 55 O 30
16326 16325 2 9 47 O 10
16325 2535 2 6 29 O 10
2535 14445 2 10 53 O 30
16621 16342 2 15 83 M 20
16342 16623 2 12 64 M 30
2539 16624 2 7 36 O 20
16624 16344 2 7 36 M 20
16344 16625 2 8 40 O 10
15532 16627 2 19 104 O 10
16627 16628 2 9 49 O 30
16628 16618 2 7 35 O 10
16618 16614 2 9 49 O 20
16614 16613 2 5 27 O 20
16620 16629 2 8 42 O 30
16629 16630 2 7 38 O 10
16630 16631 2 8 42 O 10
16631 16632 2 5 23 O 30
16632 16617 2 57 313 O 20
16634 16629 2 25 138 O 20
16635 16630 2 24 133 O 30
16636 16631 2 23 126 M 20
16337 16638 2 21 114 O 10
16639 16634 2 8 39 O 10
16634 16635 2 7 36 M 20
16635 16636 2 8 41 O 20
16636 16637 2 8 41 O 30
5633 16656 2 12 62 O 20
16656 16245 2 7 36 M 20
16245 16657 2 12 67 O 10
16657 611 2 17 91 O 20
611 8125 2 3 12 O 20
13615 9220 2 18 95 O 10
9220 9219 2 10 50 M 20
4941 11410 2 1 5 M 20
11410 11404 2 10 54 O 20
11404 4928 2 11 60 O 20
4928 7653 2 4 19 O 20
7653 4944 2 5 22 O 20
4944 11398 2 46 251 O 10
11398 13562 2 6 33 O 30
13562 3062 2 24 133 O 30
3062 3060 2 9 45 O 20
3060 3047 2 9 48 O 10
3047 3052 2 18 98 O 20
3052 8026 2 17 92 O 10
8026 14680 2 21 113 O 30
13602 13600 2 10 53 O 30
3059 3055 2 8 41 O 20
3055 13562 2 10 52 O 10
4335 8182 1 4 19 O 20
8182 7967 1 2 10 O 10
7967 11512 1 11 60 O 20
11512 7968 1 6 29 M 10
7968 11510 1 6 33 O 10
11510 4301 1 5 26 O 30
13614 16907 2 1 2 M 20
4219 4218 1 29 159 M 20
16298 6827 2 41 223 O 20
6827 6878 2 17 92 M 20
13345 13360 2 16 87 O 10
13360 13361 2 3 15 M 30
8310 4286 1 13 69 O 10
15540 279 1 10 53 M 30
279 15808 1 7 38 O 10
15808 15804 1 10 51 O 10
15804 555 1 9 49 O 30
555 559 1 6 31 M 10
559 561 1 5 24 O 30
561 4299 1 4 19 O 30
4299 385 1 22 122 M 20
385 387 1 5 22 O 20
387 5365 1 3 16 O 30
5365 13132 1 7 34 O 10
13132 13134 1 18 98 M 10
13134 389 1 11 57 O 20
389 3986 1 2 9 M 20
3986 4058 1 11 59 O 30
4058 14429 1 8 41 O 10
14429 13511 1 1 3 M 20
13607 16880 2 8 40 M 30
5941 8533 2 6 29 O 10
8533 749 2 4 18 M 30
749 8531 2 1 4 O 30
8531 5938 2 10 53 M 30
5938 5937 2 7 35 O 30
5937 6522 2 8 40 O 20
6522 8526 2 13 70 O 10
8526 8483 2 1 4 M 10
8483 8482 2 7 34 M 30
4344 12577 2 5 23 M 20
12577 12579 2 6 28 O 10
12579 6660 2 7 35 O 20
6660 2630 2 2 8 M 10
2630 4812 2 6 31 O 20
4812 6266 2 5 24 O 20
6266 12581 2 2 7 O 10
12581 6688 2 3 16 M 10
4349 4346 2 9 45 O 30
4347 5845 2 16 87 O 10
14796 7973 2 8 41 O 10
5846 5844 2 11 58 O 10
4351 14790 2 19 100 O 30
4354 4355 2 11 61 O 30
2283 12283 2 4 22 O 20
12283 4356 2 6 28 M 10
4358 4360 2 10 51 O 10
4357 4359 2 11 60 O 10
16105 15478 2 26 143 M 20
4361 8446 2 10 55 O 10
12014 4364 1 5 25 O 20
4364 4363 1 18 97 O 10
14732 4264 2 5 26 O 10
4264 4366 2 6 31 O 10
5898 13220 2 9 49 O 30
13220 13219 2 6 33 M 30
13219 14248 2 18 97 O 10
14248 2851 2 14 77 M 10
2851 14510 2 10 52 O 20
14510 2852 2 5 24 O 20
2852 5899 2 2 11 O 20
5899 8619 2 21 116 M 10
8619 14241 2 9 45 O 10
14241 8144 2 14 77 O 20
14144 9021 2 9 46 M 20
9021 4372 2 11 61 O 10
4371 9020 2 10 52 O 10
4376 4378 2 8 42 O 30
4378 16169 2 7 34 O 30
16169 4382 2 18 98 O 20
4383 4384 2 12 66 O 10
4384 3551 2 6 30 O 20
3551 4382 2 3 15 O 10
4382 4379 2 9 46 O 20
4394 4387 2 5 25 O 30
4387 4388 2 4 22 O 10
4388 2323 2 25 138 O 10
2323 3160 2 1 5 O 10
3160 4767 2 11 59 O 10
4374 4375 2 30 165 O 20
4375 4377 2 14 76 O 10
4377 4380 2 23 126 O 10
4375 4392 2 16 86 M 10
7929 4380 2 8 40 O 10
4380 3543 2 34 186 O 20
3543 4393 2 9 45 O 20
16151 9586 2 10 51 O 20
9586 4389 2 4 20 M 10
4393 4390 2 11 58 O 30
4397 16171 2 19 102 M 30
16171 16173 2 12 63 O 20
16173 16566 2 5 25 O 20
16566 4398 2 2 6 O 30
4398 4400 2 13 69 O 10
4396 4397 2 16 84 M 10
4400 4401 2 13 70 O 10
4401 681 2 11 61 O 10
6358 6361 2 16 86 O 10
6361 6362 2 12 66 M 20
4405 9834 2 13 67 O 20
4406 8987 2 12 66 O 20
8987 2087 2 27 146 M 10
2087 4407 2 8 40 O 30
4407 8990 2 16 84 M 20
8990 9029 2 17 91 M 20
9029 2084 2 4 20 O 10
2084 14140 2 13 71 O 20
14140 15048 2 2 10 O 10
4407 3855 2 6 30 O 10
3855 9030 2 6 29 O 10
4408 8110 2 10 55 O 10
8110 9784 2 14 72 M 20
7927 4376 2 9 47 O 20
4376 5158 2 22 118 O 10
5158 5157 2 9 46 O 30
5157 5115 2 3 14 O 20
5115 5065 2 14 75 O 20
5065 6905 2 11 56 O 20
6905 4962 2 4 19 O 10
4962 4958 2 7 36 O 20
4958 8471 2 10 50 O 10
8209 2480 1 5 26 M 20
2480 9442 1 4 21 M 10
4410 2640 1 2 8 O 30
2640 2643 1 9 45 O 30
2643 14647 1 7 34 O 30
14647 4409 1 6 28 O 20
9203 8210 1 25 138 O 20
8210 4411 1 8 40 O 30
4411 4414 1 21 113 M 10
4415 4416 2 26 140 O 20
4417 3491 2 29 159 O 20
3491 3495 2 10 54 O 10
3495 7283 2 20 108 O 10
7283 3493 2 10 54 O 30
3493 8204 2 5 28 O 20
8204 7327 2 2 8 O 10
7327 8201 2 20 108 O 20
8201 16474 2 6 31 O 30
16474 14482 2 11 58 O 10
14482 8206 2 8 41 O 30
4408 9790 2 9 48 O 30
9790 9786 2 9 47 M 30
9786 1535 2 2 6 O 10
1535 9783 2 6 29 O 10
9783 9781 2 6 29 O 30
4418 7957 2 12 65 O 20
7957 4420 2 19 104 M 30
4420 13393 2 12 64 O 30
13393 6911 2 15 79 O 30
6911 6907 2 12 63 O 10
6907 4419 2 5 27 O 10
4419 9972 2 5 23 O 10
9972 9910 2 8 40 O 30
9910 9908 2 13 72 M 10
9908 16855 2 14 72 M 10
7930 4403 2 19 105 O 20
4403 8471 2 14 74 O 20
8471 8472 2 3 16 O 30
4284 4422 2 6 31 O 20
4422 5000 2 7 36 O 20
5000 4982 2 13 68 O 20
4982 5007 2 8 40 O 30
5007 4421 2 7 37 O 30
4421 14351 2 4 21 O 30
14351 7685 2 7 36 O 20
7685 14368 2 11 57 O 20
14368 8424 2 17 90 O 30
4422 4986 2 6 31 O 30
4986 12877 2 4 20 O 30
12877 5036 2 10 53 O 30
5036 12875 2 4 18 O 30
12875 12840 2 12 62 O 20
12840 14366 2 6 30 M 10
14366 12844 2 5 27 M 20
12844 12841 2 2 8 O 10
12841 4423 2 6 30 M 10
8361 7735 1 2 11 M 10
3988 4424 1 77 423 O 30
6929 4425 1 2 8 O 10
7424 12339 1 9 48 O 30
12339 12361 1 1 2 O 20
12361 7482 1 14 76 O 10
7912 11629 2 3 15 O 20
11629 4431 2 7 34 O 30
4431 4307 2 14 76 O 10
4307 11499 2 7 35 O 10
11499 11501 2 6 28 O 20
11501 5054 2 2 11 M 20
5054 4478 2 5 26 O 20
13890 7737 2 2 7 O 10
8307 4435 2 2 8 O 20
4434 4433 2 3 12 O 10
4498 4453 1 11 58 O 20
4479 4490 1 16 85 O 20
4475 4498 1 17 91 O 10
4480 4497 1 16 88 O 20
4481 4469 1 4 19 O 20
5897 170 2 3 14 M 10
170 171 2 8 39 O 20
171 2846 2 8 41 O 30
2846 168 2 15 78 M 20
8305 4457 1 6 31 O 10
4446 4495 1 12 62 O 10
4489 8156 2 5 24 M 20
4488 4456 1 9 48 O 30
4456 4492 1 2 8 O 30
4492 4488 1 1 5 O 20
4464 4440 1 4 18 O 20
4440 4477 1 19 103 O 20
4483 4494 1 17 92 M 10
4494 4466 1 8 40 M 20
4466 4498 1 8 41 O 30
4498 4477 1 9 46 O 30
4477 4439 1 10 53 O 20
4497 544 1 4 19 O 10
544 541 1 1 2 O 20
541 4447 1 6 32 O 30
4441 4325 1 10 55 O 10
4325 11656 1 12 64 O 20
11656 4312 1 13 70 M 10
13727 8596 1 3 15 M 20
8596 7476 1 12 65 O 10
4465 4473 1 6 28 O 10
8372 8370 1 28 153 O 20
14516 14515 2 7 35 M 20
14515 1194 2 2 6 M 30
4479 4464 1 10 55 O 10
8570 4460 2 26 144 M 20
4437 4482 1 29 156 O 30
4452 4494 1 14 78 O 10
4494 4458 1 13 70 O 20
4487 4444 2 8 43 O 30
4444 4484 2 5 28 M 30
4508 3615 1 11 57 M 10
3615 6237 1 5 28 O 20
6237 55 1 2 10 M 30
55 4430 1 16 84 M 20
4506 4502 2 5 26 O 20
4502 4331 2 7 35 O 30
4331 4342 2 13 68 O 20
4506 4450 1 8 43 O 30
4505 1053 2 1 5 O 20
1053 5898 2 23 126 O 10
4476 4506 1 7 34 O 10
4539 4513 1 14 75 O 10
4537 13028 1 15 78 O 20
4538 4535 1 14 76 O 10
4522 7955 1 18 98 M 30
4518 4531 1 5 27 O 30
4525 4520 1 14 75 O 20
4514 4511 1 14 75 O 10
4537 4510 1 18 99 O 10
4510 4539 1 8 42 O 30
4539 4535 1 9 45 O 10
4535 4514 1 5 27 M 20
4514 4521 1 7 38 M 30
4521 4525 1 7 37 M 10
4525 4515 1 16 88 O 20
7954 4510 1 13 70 O 10
4650 13149 1 5 26 O 20
13149 13148 1 7 34 O 10
4529 4521 1 14 75 O 20
5957 4550 1 23 123 O 10
4548 5230 2 13 70 M 20
5230 4552 2 3 14 O 30
4552 4543 2 4 20 O 10
4543 12920 2 6 32 O 10
12920 5236 2 10 54 O 20
5236 14462 2 13 69 O 20
14462 5240 2 1 4 O 10
5240 4555 2 6 31 O 20
4555 5216 2 7 37 O 10
13723 2653 1 5 27 O 10
2653 4559 1 17 90 O 30
4559 5869 1 8 44 O 10
5869 8379 1 14 72 O 10
4571 4547 2 5 27 O 10
4778 15888 1 40 220 O 20
15888 4562 1 19 101 O 10
8302 6473 1 4 18 O 10
6473 8413 1 4 21 M 30
4646 4594 1 29 159 O 30
4532 8312 1 2 9 O 30
4672 13151 2 8 41 O 10
13151 13150 2 7 35 O 30
13150 4591 2 7 35 O 20
4591 4661 2 2 8 M 20
14509 4596 2 22 118 O 10
4620 4714 2 7 38 O 10
4714 4624 2 6 31 M 10
4624 4704 2 4 19 O 20
4702 572 1 6 28 M 30
572 13184 1 3 13 O 30
13184 4697 1 4 21 O 30
4699 13524 2 7 39 O 20
4637 4592 2 3 12 O 10
4592 4643 2 7 35 O 30
4643 4483 2 4 18 O 20
4483 4599 2 7 34 O 20
4665 4605 2 8 42 O 20
4632 13199 2 4 19 O 30
13199 4678 2 6 32 O 10
4678 4651 2 10 51 O 20
4636 4600 2 7 38 O 30
4600 4652 2 5 26 O 20
4713 949 2 12 64 M 30
949 4587 2 8 43 O 20
4587 4713 2 29 159 O 30
4626 4607 1 17 93 O 20
4663 15003 1 17 89 O 20
15003 4692 1 10 55 O 10
4640 4601 2 3 15 M 10
4601 4618 2 2 11 M 30
4618 4631 2 4 20 O 10
4631 4600 2 7 38 O 20
7680 7436 1 14 78 O 30
1062 994 2 7 36 M 10
14899 4645 1 14 76 O 30
4659 4666 2 3 15 M 10
4666 4613 2 13 71 O 30
4613 8408 2 5 22 M 20
4677 4670 2 5 27 O 30
4670 13180 2 8 41 M 30
4691 4601 2 6 30 O 10
4653 4662 1 8 42 M 20
4660 4630 2 21 116 O 30
4630 4652 2 6 28 O 20
4652 155 2 7 38 O 30
155 14509 2 5 23 O 30
14509 16941 2 3 15 O 10
16941 4596 2 3 15 M 20
4596 7899 2 7 35 M 20
4687 4590 1 6 33 O 30
4590 4656 1 17 90 O 30
4656 4581 1 6 31 M 20
4666 4679 1 7 36 O 20
4679 518 1 6 32 O 20
518 4615 1 5 25 O 20
947 4614 2 11 56 M 20
4583 8638 1 6 29 O 10
8638 4610 1 2 6 O 20
4610 4720 1 9 48 O 10
4720 4681 1 3 14 M 30
4681 4700 1 7 35 O 10
4648 14245 2 9 49 M 30
14245 14246 2 24 130 M 10
14246 8628 2 13 69 O 20
4633 13153 2 23 125 M 30
8571 576 1 1 5 M 20
576 4683 1 4 17 O 20
4683 4634 1 18 96 M 10
4696 4433 2 6 31 O 10
4664 4597 2 7 36 O 20
4597 4698 2 4 20 O 10
2849 950 2 5 27 O 30
4711 4592 2 13 67 O 10
4644 13144 1 9 46 O 20
13144 4705 1 1 5 O 20
4705 4595 1 4 19 O 30
4595 4703 1 4 20 O 10
4727 4608 2 6 30 M 30
13177 13155 2 1 3 M 20
13155 1402 2 1 3 M 30
1402 4707 2 8 44 O 10
4609 4580 2 6 30 O 10
4611 4715 2 3 15 O 20
4715 4588 2 5 26 O 30
4588 1000 2 5 22 O 30
1000 8645 2 3 11 O 20
8645 15408 2 4 20 O 10
4680 4633 2 5 25 O 10
4633 142 2 5 22 O 10
142 144 2 4 18 O 20
144 4717 2 4 18 M 30
4717 13153 2 3 13 O 10
4728 8451 1 8 40 O 30
4730 4567 1 7 38 M 20
4732 6735 2 5 24 O 30
6735 4736 2 12 66 M 10
4736 16418 2 9 45 M 10
16418 16420 2 7 35 O 30
16420 4737 2 28 154 O 30
13950 6711 2 9 49 O 30
6711 15112 2 5 22 M 30
15112 6704 2 5 26 O 30
6704 3605 2 6 31 M 30
3605 6701 2 2 9 O 10
6701 3597 2 3 11 O 30
3597 6697 2 6 32 O 20
6697 6787 2 2 10 O 20
6787 15310 2 7 34 O 30
15310 13939 2 2 11 O 20
13939 13940 2 8 42 O 30
13940 13934 2 10 51 M 30
13934 8794 2 32 175 M 30
8794 13951 2 7 34 O 20
13951 13962 2 6 33 O 30
13962 8795 2 10 55 O 10
8795 13952 2 12 63 O 20
13952 3613 2 12 64 O 30
3613 15161 2 6 29 O 20
13975 15296 2 57 311 O 30
7743 11257 2 12 66 M 20
4740 4741 1 4 19 M 10
4738 11155 2 3 15 O 10
11155 13823 2 2 9 M 30
13823 2151 2 8 43 M 10
2151 15289 2 11 56 O 10
15289 4806 2 6 31 O 30
4806 6624 2 6 28 O 10
6624 4807 2 11 58 O 30
4807 6633 2 5 27 O 10
6633 4742 2 9 45 O 30
4742 4743 2 6 33 O 20
4743 4744 2 8 42 O 20
4744 10805 2 8 42 O 30
10805 13301 2 3 12 O 10
13301 7588 2 6 29 O 10
4762 7423 2 4 17 M 10
7423 4763 2 8 44 O 30
4763 4764 2 8 41 O 20
4764 11983 2 13 67 O 10
11983 14615 2 2 6 O 30
14615 4560 2 7 34 O 30
3894 14738 2 22 121 O 20
14738 14733 2 3 12 M 10
14733 12061 2 4 19 O 30
12061 15971 2 3 13 O 10
15971 4760 2 21 114 O 30
4760 12014 2 18 99 O 20
12014 4761 2 8 40 O 30
4730 6935 1 6 31 M 10
6934 4729 1 7 35 M 10
4789 1584 2 8 39 O 10
1584 15718 2 4 18 O 20
15718 4830 2 5 24 O 10
4794 11945 1 20 110 O 30
11945 11934 1 7 37 O 10
11934 5604 1 7 38 O 20
5604 4784 1 7 39 O 20
4784 5589 1 7 34 O 10
5589 5566 1 5 27 M 10
5566 5590 1 13 69 O 10
5590 11943 1 7 38 O 30
11943 15689 1 9 48 O 20
15689 14662 1 2 10 O 30
4782 11911 1 6 31 O 30
11911 1667 1 3 11 O 10
1667 11954 1 7 36 O 10
11954 8463 1 10 54 M 30
8463 8462 1 2 9 M 10
8462 1669 1 3 12 O 10
1669 11849 1 7 34 O 30
11849 111 1 1 4 O 10
111 11951 1 9 47 O 10
11951 11847 1 2 9 O 30
11847 1545 1 1 4 M 10
1545 11950 1 6 32 M 20
11950 11845 1 2 10 O 20
11845 11949 1 4 20 O 30
11949 6135 1 3 15 M 30
6135 11948 1 8 42 O 30
11948 8460 1 11 59 M 10
8460 15686 1 6 33 O 20
11920 15760 1 48 262 O 10
4828 4985 1 34 186 O 20
4985 4781 1 25 137 O 20
4781 874 1 4 20 O 10
874 4783 1 26 143 M 20
4783 13725 1 3 12 M 30
4792 4794 1 11 57 O 30
4788 3681 1 7 37 O 10
3681 14847 1 8 43 M 20
14847 11887 1 7 37 O 20
11887 11844 1 2 10 O 20
11844 11880 1 12 64 O 30
11880 3128 1 2 7 O 10
3128 4789 1 19 101 O 20
7414 7522 1 6 30 O 10
7522 12309 1 6 28 O 30
12309 12312 1 5 23 O 20
12312 12321 1 2 9 O 20
12321 12320 1 4 17 O 20
12320 12317 1 4 19 M 10
12317 12322 1 8 41 O 10
12322 4832 1 6 33 O 20
12192 6254 1 6 33 O 30
6254 4429 1 11 60 O 30
4429 1737 1 10 53 O 30
1737 3405 1 8 40 O 20
3405 7558 1 5 24 M 30
7558 12359 1 3 16 O 20
12359 7559 1 7 37 O 20
7559 16149 1 9 47 O 20
16149 14793 1 2 9 O 20
14793 5864 1 12 64 O 20
5864 4797 1 6 30 M 20
4805 476 1 7 35 O 20
476 14491 1 2 10 O 20
14491 8915 1 6 30 O 20
8915 7906 1 5 23 O 10
7906 4780 1 9 49 O 30
13889 14212 1 9 50 O 30
14212 4332 1 3 12 M 30
14032 4745 1 8 40 O 30
4809 14041 1 25 134 O 20
4808 16488 1 3 11 O 20
16488 14032 1 6 30 O 30
4282 4811 1 6 30 O 30
4753 4754 2 5 28 O 10
4754 15266 2 8 44 O 10
15266 4756 2 5 26 O 10
4756 15257 2 31 171 O 20
7669 9377 1 12 64 O 30
9377 9412 1 4 22 M 10
9412 9406 1 7 38 O 10
9406 7960 1 4 21 M 20
7960 5974 1 23 123 M 20
6246 12576 2 8 42 M 10
12576 4812 2 10 53 O 30
4814 11555 1 5 25 O 10
11555 1211 1 1 5 O 10
1211 11556 1 4 17 O 30
11556 1217 1 5 25 O 10
1217 11558 1 1 4 O 10
11558 11553 1 4 17 M 10
11553 11560 1 2 11 M 30
11560 11551 1 4 17 O 20
11551 11562 1 3 14 O 10
11562 11564 1 3 15 O 30
11564 4815 1 5 26 O 20
5900 4816 1 9 45 O 30
4501 7478 2 10 52 O 10
7478 4820 2 10 54 O 20
4820 4872 2 2 6 O 30
4872 4894 2 11 59 O 10
4894 7915 2 7 36 O 30
4826 4824 1 7 38 O 10
8144 4823 2 14 77 O 10
4823 15571 2 5 23 O 10
15571 1072 2 1 5 O 20
1072 4824 2 7 35 M 20
4824 1082 2 3 14 O 10
1082 4901 2 9 48 O 10
4901 14239 2 9 45 O 20
4821 1005 1 8 40 O 30
1005 15573 1 1 2 M 20
15573 1045 1 6 29 O 10
1045 15575 1 23 127 M 10
15575 8577 1 2 8 O 10
8577 4822 1 13 71 O 10
4822 8576 1 4 20 O 20
8576 4823 1 17 91 O 30
8585 8589 1 7 33 O 10
8589 1167 1 5 24 O 20
1167 1166 1 1 5 O 30
1166 4826 1 5 23 O 20
4782 11898 1 14 75 O 20
11898 11959 1 9 49 O 10
11959 15727 1 17 89 O 20
15727 114 1 2 8 O 20
4831 11870 1 9 46 O 30
11870 11875 1 10 55 O 20
11875 4829 1 4 22 O 30
4856 4855 1 11 59 O 30
4852 4853 1 11 59 O 30
4851 4844 1 21 114 O 10
4857 14563 1 30 165 O 10
14563 14561 1 7 33 O 10
14561 4861 1 8 44 M 20
4849 4853 1 5 27 O 10
4853 4856 1 6 28 O 10
4856 4859 1 5 27 O 10
4854 15568 1 32 176 O 20
15568 4851 1 14 72 M 20
4851 4850 1 2 6 O 10
4850 4849 1 5 25 O 10
4849 9379 1 7 33 O 30
9379 4848 1 5 26 O 10
4843 9376 2 9 47 O 20
9376 4412 2 5 25 M 20
4412 4413 2 6 30 O 10
4413 4844 2 1 4 O 30
4844 4845 2 4 20 O 30
4845 14653 2 16 88 O 20
14653 4846 2 31 170 O 30
4858 4859 1 11 59 O 30
4859 4860 1 5 26 O 30
6918 14265 1 5 25 O 20
14265 12210 1 10 50 O 30
12210 14835 1 1 5 M 20
14835 12316 1 7 36 O 10
12316 12209 1 2 9 M 30
12209 4832 1 6 29 O 30
4868 10977 2 6 31 O 20
10977 10985 2 4 20 O 20
10985 10979 2 3 16 O 10
10979 10971 2 3 16 O 20
10971 10986 2 2 6 O 30
10986 10969 2 3 14 M 30
10969 10982 2 3 12 O 20
10982 14025 2 2 9 O 20
14025 10965 2 4 17 M 30
10965 7487 2 11 58 O 20
13795 4262 2 24 131 O 20
4262 13270 2 4 17 O 10
13270 7664 2 2 9 O 20
7664 13989 2 16 86 O 20
13989 15206 2 2 6 O 30
15206 13988 2 6 32 O 30
13988 10829 2 6 33 O 30
10829 7597 2 27 145 O 10
7597 13987 2 11 58 O 30
13987 13986 2 16 87 O 20
13986 13985 2 19 102 O 10
13985 13984 2 4 18 O 10
13984 10964 2 16 87 M 10
10964 10846 2 7 39 O 10
10846 13983 2 1 5 O 30
13983 7258 2 10 50 O 10
7258 13982 2 3 14 O 30
13982 13263 2 5 23 O 10
13263 4865 2 6 32 O 20
4876 15574 2 5 23 O 30
15574 1079 2 9 45 O 30
1079 1077 2 2 10 M 10
1077 4887 2 6 30 O 30
4879 4887 1 20 106 O 30
4887 4822 1 10 51 M 30
4873 4875 2 6 31 M 20
4886 13211 1 1 5 M 20
13211 1132 1 4 20 O 10
1132 6152 1 7 38 M 10
4900 4902 2 16 85 O 10
4902 2734 2 8 39 O 20
4442 7543 2 19 103 O 30
6349 8613 1 21 113 O 20
4904 16055 2 3 13 O 30
16055 4895 2 3 15 O 30
4896 8594 2 9 49 O 10
8594 4892 2 11 58 O 30
4878 4893 1 31 170 O 10
4893 1138 1 4 20 O 30
1138 4882 1 6 32 O 10
4882 6353 1 6 32 O 30
6353 6152 1 10 52 O 10
4903 4891 1 9 47 O 30
4891 4884 1 1 3 O 10
4884 4903 1 1 3 O 30
4901 4891 2 14 77 M 30
4882 1136 1 7 36 M 10
1136 8595 1 22 120 O 20
13580 2733 2 25 138 O 20
4906 4907 2 13 71 O 30
4912 4913 2 3 16 O 30
4913 4909 2 31 169 O 20
4918 4925 2 5 26 O 30
4920 4923 2 17 89 O 30
4914 13775 2 9 47 O 30
13775 4922 2 30 163 M 10
11458 4910 2 12 63 M 20
4910 4080 2 4 18 O 20
4080 16564 2 2 6 O 30
16564 1311 2 2 11 O 20
1311 1320 2 12 61 O 20
1320 7579 2 2 9 O 20
7579 3126 2 3 15 O 20
3126 4905 2 5 24 O 10
14150 13604 2 12 64 O 30
4937 4944 2 11 61 M 10
4939 4929 2 16 88 M 30
7475 13771 2 27 145 O 20
11436 4926 1 8 44 O 20
4926 13686 1 6 30 M 30
13686 13685 1 4 19 O 30
13685 1307 1 14 76 O 10
1307 7579 1 4 17 O 10
4933 4930 2 4 21 O 10
4930 15933 2 14 74 O 20
4939 13599 2 4 20 O 10
4927 4928 2 10 55 O 30
7463 7461 2 12 64 O 20
7461 7462 2 5 24 O 30
7462 7463 2 6 28 M 30
7463 4999 2 4 19 O 20
4997 4958 2 30 166 O 10
4970 4973 1 15 78 O 30
8651 3994 1 3 16 O 10
3994 14209 1 7 38 O 30
14209 12110 1 5 25 M 30
12110 12109 1 7 33 O 10
12109 15966 1 4 22 O 30
15966 4955 1 2 7 O 20
4955 1541 1 5 23 O 10
1541 12107 1 1 3 M 20
12107 4973 1 5 26 O 30
4973 5022 1 12 63 O 10
7685 4961 1 68 373 O 10
5020 5024 1 13 68 O 10
12109 12106 2 8 40 O 30
12106 4955 2 10 55 O 30
4996 4978 2 6 30 O 20
5043 317 2 7 34 M 20
317 5019 2 4 18 O 10
5019 316 2 2 10 O 20
316 5044 2 6 29 O 30
5044 320 2 5 24 O 10
320 1791 2 7 38 O 20
1791 4952 2 13 68 O 10
4952 953 2 3 12 O 20
953 4982 2 6 28 O 20
14142 14143 2 14 75 O 20
4957 4981 1 13 71 O 30
6240 354 1 14 74 M 10
354 6238 1 1 5 O 30
4991 4962 2 33 179 O 20
4948 13917 2 1 3 O 20
13917 5041 2 5 24 M 30
5042 5025 2 4 21 M 30
14138 9002 2 12 62 O 30
9002 14139 2 3 12 M 10
14139 9004 2 6 32 O 30
9004 9006 2 14 77 O 10
9006 9009 2 8 44 O 10
9009 9007 2 5 28 O 20
9007 15048 2 2 6 M 30
4949 15688 2 2 9 O 30
5041 13918 1 9 47 O 30
13918 5049 1 1 3 M 10
5049 5037 1 9 49 M 20
5037 4974 1 8 43 O 10
11597 11600 1 8 44 M 30
11600 4972 1 7 35 O 30
14740 6556 2 3 15 O 20
6556 13435 2 2 7 O 10
13435 9869 2 6 30 O 20
9869 6554 2 2 10 O 10
6554 4967 2 6 28 M 20
4967 1467 2 4 17 M 30
1467 9697 2 3 16 O 30
9697 6559 2 5 25 O 20
6559 201 2 6 28 O 10
201 5089 2 9 45 O 30
5089 6573 2 18 96 O 30
6573 5018 2 5 25 O 30
5018 9618 2 7 35 O 30
9618 9617 2 11 57 O 20
9617 5142 2 10 51 O 10
5142 1613 2 17 90 M 10
1613 4959 2 4 19 O 20
4959 9602 2 9 50 M 10
9602 5155 2 3 11 O 10
5155 9605 2 9 47 O 10
9605 9613 2 13 71 O 30
9613 5130 2 6 30 M 20
5130 9611 2 11 61 M 20
9611 2325 2 2 7 O 20
2325 6558 2 10 53 O 30
6558 5040 2 8 40 M 10
5040 14741 2 5 22 O 30
5007 4989 2 8 43 O 10
5029 9170 2 10 51 O 30
5006 5003 2 6 32 O 20
5013 4977 2 4 22 M 20
4441 4983 2 7 36 O 10
4983 355 2 2 6 M 20
355 5008 2 2 8 O 10
5028 12874 2 2 8 O 20
12874 696 2 1 6 O 30
696 699 2 5 24 O 20
699 12853 2 7 39 O 10
12853 12873 2 2 6 O 30
12873 14369 2 23 125 O 10
14369 705 2 13 72 M 10
705 4072 2 4 18 O 30
4072 5039 2 1 3 M 20
5050 4998 1 7 34 O 10
4998 4976 1 14 72 O 30
14205 1697 2 5 26 M 30
1697 1694 2 3 12 O 30
1694 4954 2 4 17 O 20
4781 12098 2 10 53 M 20
12098 4990 2 4 21 O 30
4990 4969 2 2 10 O 20
4969 12117 2 9 47 O 20
12117 4950 2 7 36 O 10
5002 5032 1 6 30 O 30
12860 12863 2 4 20 M 30
12863 12862 2 5 22 O 30
12862 4961 2 10 54 M 20
4961 5023 2 4 21 O 10
5023 5000 2 6 28 M 10
4975 11605 2 12 63 M 20
11605 5053 2 13 72 O 10
12878 4986 1 10 51 M 30
5020 4988 1 14 77 O 10
12100 4970 2 13 72 O 20
5009 5034 1 22 120 O 30
5027 12119 2 9 47 M 10
12119 4969 2 9 49 O 10
5030 4992 2 6 30 O 30
5155 5085 2 12 65 O 20
5085 5064 2 3 14 O 30
5149 5079 2 7 34 O 10
5126 9561 2 6 30 O 20
9561 5131 2 8 40 O 30
5131 5076 2 9 48 O 20
5076 5118 2 6 28 O 20
5118 1960 2 16 84 O 10
1960 5081 2 6 28 M 20
5081 1957 2 7 37 M 20
1957 2005 2 7 37 O 10
2005 5074 2 7 37 O 10
5066 9559 2 4 19 O 30
9559 5102 2 6 31 O 10
5102 5090 2 14 76 O 30
5090 5079 2 6 29 O 10
5079 9558 2 1 4 M 20
5142 9615 2 25 134 O 20
9615 5098 2 8 44 O 10
5059 5125 2 11 60 O 30
9336 5082 2 10 52 O 30
5082 5141 2 11 58 O 10
5141 5086 2 9 47 O 30
5086 5069 2 7 35 O 30
5069 4387 2 11 58 O 20
9589 3475 2 7 37 O 10
3475 9626 2 9 48 O 30
9626 5093 2 8 42 O 30
5124 1470 2 7 38 O 20
1470 1468 2 6 33 M 30
1468 5140 2 4 21 O 10
9178 5085 2 16 88 O 20
5080 5136 2 13 68 O 10
5087 9566 2 5 26 O 30
9566 5058 2 9 45 O 20
5157 9332 2 47 259 M 30
5065 3555 2 9 45 O 10
3555 5105 2 1 3 O 10
5105 9334 2 7 38 O 10
9334 5147 2 1 4 O 30
5147 5055 2 8 40 O 30
9351 16168 2 4 18 O 10
16168 5057 2 17 94 O 20
5152 5151 2 4 20 O 10
5151 3482 2 5 25 O 10
3482 3481 2 5 24 O 10
4400 5128 2 10 53 O 20
5146 3535 2 18 97 O 10
5970 8072 1 19 104 M 10
5089 5132 2 6 30 O 10
5132 13442 2 6 30 M 20
13442 5127 2 18 96 O 30
5127 5124 2 6 30 O 20
5124 1485 2 8 40 O 10
1485 5094 2 4 20 O 20
5094 5136 2 4 17 O 10
5136 5123 2 6 28 O 10
5123 9622 2 2 8 O 20
9622 16179 2 13 70 O 30
16179 13428 2 12 64 O 20
13428 5067 2 9 46 O 20
5148 5077 2 7 35 O 10
5129 13476 2 20 107 O 10
13476 15042 2 16 84 O 10
5088 5055 2 9 46 O 20
5055 5114 2 9 46 M 20
5126 5120 2 6 30 O 20
5120 5058 2 3 13 O 20
5058 5075 2 4 22 O 10
5075 1477 2 11 61 M 20
1477 5133 2 3 16 M 20
5133 1479 2 3 13 O 30
5135 5147 2 9 45 O 20
5154 5097 2 9 46 O 30
16178 9560 2 6 28 M 30
9560 5066 2 6 32 M 30
5066 5122 2 5 25 O 30
5122 1487 2 2 8 O 20
1487 5083 2 5 25 M 30
9563 5092 2 4 18 O 20
5092 5118 2 11 57 M 10
5108 4991 2 4 20 M 30
4991 5151 2 6 32 O 30
5096 5130 2 19 100 O 10
5158 3534 2 45 248 O 20
5141 5145 2 14 78 M 30
5161 9346 2 4 18 M 10
9346 9348 2 10 53 O 20
9348 5116 2 22 120 M 10
5116 9342 2 12 62 O 30
5082 5111 2 14 74 O 30
5111 5107 2 6 33 O 30
5107 5062 2 9 49 M 30
5056 5110 2 7 33 O 30
5153 5069 2 21 115 M 30
5094 1471 2 8 41 M 10
1471 5890 2 9 45 O 30
5122 5075 2 6 33 O 10
4401 9337 2 18 95 O 10
9337 5112 2 6 31 O 30
5112 5068 2 5 23 O 10
5134 9685 2 7 37 O 20
9685 9686 2 3 14 O 10
9686 5061 2 7 36 O 20
4959 7927 2 36 195 O 20
7927 4379 2 32 174 M 10
4379 3550 2 10 52 O 30
3550 7928 2 3 16 O 10
7928 5154 2 7 36 M 30
5154 7929 2 17 92 M 10
5159 5115 2 11 58 O 10
5086 3539 2 11 60 O 10
5139 5112 2 25 136 M 20
5113 5105 2 9 46 O 20
9562 1474 2 2 6 O 30
1474 5084 2 7 34 O 10
5162 900 2 6 29 O 20
900 8360 2 12 64 O 10
8360 6145 2 4 22 M 10
6145 8358 2 4 20 M 30
8358 11705 2 6 32 O 10
11705 2696 2 2 11 O 20
2696 13890 2 8 41 O 20
5189 5179 1 9 46 O 10
5176 12925 2 6 31 O 10
12925 5182 2 8 41 O 20
5168 5164 1 5 23 M 10
5164 5188 1 13 67 O 30
5188 5170 1 6 33 O 20
5170 5178 1 6 28 O 20
5178 7693 1 7 36 O 10
7693 12991 1 2 7 O 10
12991 6042 1 4 20 M 10
6042 13021 1 5 27 O 20
13021 6044 1 4 21 O 30
6044 13019 1 7 38 O 30
13019 6050 1 15 81 O 20
6050 6052 1 9 47 O 30
6052 5932 1 7 35 O 10
5932 5934 1 4 20 O 20
5934 12979 1 8 42 O 10
12979 12974 1 7 39 O 10
12974 6059 1 4 19 M 10
6059 13005 1 13 72 O 10
13005 1803 1 8 40 O 20
1803 5935 1 9 46 O 20
5166 264 1 9 50 O 30
264 5186 1 10 54 O 30
5186 1819 1 7 35 M 30
1819 4526 1 2 10 O 20
5263 13089 2 5 27 O 10
13089 13085 2 4 20 O 10
13085 399 2 3 13 O 10
399 13052 2 27 150 O 20
13052 5273 2 7 37 O 20
5273 5296 2 14 76 O 20
5296 16563 2 6 32 O 20
16563 5171 2 20 109 O 30
5173 5185 1 14 75 M 10
5182 5180 2 16 85 M 30
5180 5184 2 7 37 M 20
5184 14457 2 8 43 O 20
14457 8382 2 6 33 O 10
5174 332 2 3 13 M 10
332 5187 2 6 28 O 10
5194 7687 1 5 26 O 10
7687 5192 1 11 59 O 30
5274 5251 2 29 156 O 30
5207 5208 2 35 191 O 10
7948 5217 1 3 11 O 30
5217 268 1 14 72 O 10
268 5227 1 12 62 O 30
5246 5225 2 6 29 O 10
5202 4555 2 15 81 O 20
5231 5274 2 10 53 O 10
5274 4543 2 14 77 O 30
5248 7692 1 5 27 O 30
7692 5233 1 5 28 O 20
5233 15900 1 5 25 M 30
15900 5247 1 3 14 O 10
5239 5198 2 4 19 O 10
5198 5240 2 13 71 M 20
5210 5206 2 5 26 O 30
5206 7688 2 3 16 O 30
7688 5247 2 5 28 O 20
5247 5197 2 6 32 O 30
5244 5250 2 11 60 O 20
5254 5236 2 17 91 O 20
5236 5249 2 23 124 O 30
5213 1851 2 2 7 O 10
1851 5237 2 3 12 O 20
5237 5201 2 14 73 O 20
5201 5217 2 11 58 O 20
5204 5199 2 18 96 O 10
1890 5242 2 2 7 O 20
5242 5255 2 8 41 M 30
5255 5206 2 7 34 O 20
5245 4555 2 17 90 O 10
5223 5211 2 18 100 M 30
5234 5219 1 27 149 O 20
12817 9873 2 6 29 O 10
5233 5255 1 8 41 O 30
4552 5208 2 27 147 O 30
5208 5225 2 30 164 O 30
5225 5214 2 6 32 O 10
5171 7926 2 17 90 O 20
13130 15895 2 6 28 O 30
15895 5289 2 10 52 O 10
5305 5272 2 21 115 O 10
5275 3952 2 11 56 M 20
3952 5261 2 16 84 O 10
13133 5291 2 8 40 O 30
5291 5281 2 9 47 O 20
5281 13134 2 10 50 O 20
5296 5299 2 9 49 M 30
5299 5288 2 12 64 O 10
5288 5262 2 4 18 O 30
5279 5270 2 7 36 O 10
5267 5281 2 10 51 O 20
5295 5304 2 40 221 O 10
5263 13116 2 12 64 M 20
13116 5280 2 15 79 O 10
5260 15904 2 4 17 O 20
15904 5273 2 12 62 O 10
5307 5270 1 16 86 O 10
5270 383 1 22 119 O 30
5308 5257 2 15 82 O 30
5277 5306 2 11 60 M 20
5306 9877 2 3 14 O 20
5171 5259 2 38 209 O 10
5259 5261 2 10 50 O 30
5261 5232 2 17 89 O 20
5293 5278 2 5 26 O 20
5303 5307 1 47 258 O 10
6491 5302 2 3 15 O 20
5302 13100 2 16 87 O 10
13100 5266 2 24 130 O 20
5266 5301 2 12 63 O 10
5283 13104 1 8 40 O 20
13104 13106 1 3 16 O 20
13106 13110 1 4 22 O 10
13110 13108 1 6 31 O 10
13108 5280 1 11 60 O 20
5276 5297 2 5 24 O 20
13123 5306 2 8 40 O 10
5258 5275 2 4 18 O 10
5275 4055 2 2 7 O 30
4055 5300 2 7 34 M 30
5300 5226 2 7 38 M 30
5367 5351 1 17 92 O 30
5346 5339 2 7 34 O 30
5339 4210 2 2 9 O 20
4210 5350 2 9 47 O 10
5310 5313 2 26 144 M 30
14443 2853 2 36 195 O 10
2853 5354 2 8 42 M 10
5354 5320 2 10 55 O 30
5320 5348 2 2 6 O 30
5348 5321 2 32 173 O 10
5321 5317 2 5 24 M 30
6348 13873 2 2 6 O 30
13873 5326 2 12 62 O 30
5326 13370 2 1 4 O 10
13370 10004 2 4 20 O 20
10004 13886 2 15 81 O 30
13886 5362 2 15 78 O 10
5362 5342 2 2 11 O 10
5342 5334 2 11 58 O 30
5338 5321 2 14 72 M 20
5340 4216 2 16 84 M 20
4216 5355 2 1 4 O 30
12908 16768 1 15 81 O 10
5343 5366 2 10 55 O 30
5252 5311 2 21 112 O 10
5311 5328 2 4 21 O 30
5328 12911 2 7 37 O 10
12911 5360 2 4 21 O 30
5360 5327 2 8 41 O 30
5327 16688 2 9 45 O 20
5361 5327 2 15 83 M 20
5356 5349 1 9 46 O 20
5349 5325 1 10 50 O 20
5325 5331 1 17 90 O 10
5331 5352 1 12 62 M 20
13872 1115 2 7 39 M 30
1115 13870 2 5 27 O 20
13870 5330 2 5 23 O 10
5330 8874 2 4 18 O 10
8874 5363 2 19 101 O 30
5363 1953 2 1 2 O 20
1953 10005 2 7 33 O 10
10005 15753 2 3 14 O 10
15753 5345 2 3 13 O 30
5345 5364 2 11 57 O 20
5364 6234 2 7 39 O 10
6234 13877 2 1 4 O 10
13877 15745 2 6 29 M 20
15745 15747 2 4 22 O 10
15747 15749 2 5 27 O 30
15749 5315 2 8 44 O 10
5315 15818 2 22 117 O 30
15818 8879 2 2 10 M 20
8879 9745 2 5 27 O 20
9745 15816 2 2 11 O 10
15816 6483 2 7 38 O 20
6483 5357 2 11 57 O 30
5357 9740 2 2 6 O 20
9740 6482 2 11 58 O 10
6482 15743 2 16 84 O 10
15743 15741 2 2 7 O 20
15741 5324 2 4 17 O 20
5324 1158 2 8 39 O 30
1158 1159 2 2 9 O 30
303 5317 2 11 59 M 30
5373 13119 2 1 5 O 20
13119 557 2 9 50 O 10
557 16061 2 7 38 O 20
16061 13118 2 15 80 M 30
13118 13120 2 5 27 O 10
5312 5360 2 28 154 M 20
5353 6915 1 10 53 M 10
6915 5585 1 2 9 O 10
5585 5367 1 6 28 M 10
5367 5563 1 2 10 O 30
5563 5531 1 7 38 O 20
5531 5371 1 13 68 O 30
5368 14537 1 9 45 O 10
14537 6500 1 19 102 O 30
5319 140 1 8 42 O 10
140 1861 1 5 27 O 10
1861 12935 1 19 101 O 20
12935 5333 1 7 34 O 20
5332 5319 1 25 138 O 10
5319 7919 1 12 62 O 20
7919 5358 1 2 6 O 20
5358 12899 1 11 59 O 30
12899 12901 1 22 120 O 30
7944 5534 1 20 111 O 20
5534 5372 1 16 87 O 10
5372 1103 1 2 6 O 10
1103 9146 1 7 36 O 20
9146 5314 1 6 29 O 10
14439 5358 2 12 61 O 30
5318 5343 1 9 47 M 20
5343 5322 1 2 10 O 20
5322 5318 1 2 10 O 10
5378 5379 2 8 40 O 10
5381 16628 2 46 254 M 10
5390 5376 2 18 96 O 10
5375 5380 2 24 130 O 10
5384 5714 2 63 350 O 20
14165 5463 1 19 102 O 10
5425 5461 2 7 38 O 30
5430 5447 2 7 38 O 30
5463 4066 2 11 59 M 30
4066 5409 2 28 155 M 30
8672 5434 2 11 59 O 20
5425 14596 2 10 51 M 10
14596 5431 2 3 15 M 20
5431 14594 2 4 18 O 20
14594 14593 2 5 27 O 10
14593 5426 2 7 34 O 20
5413 5421 1 11 59 O 30
5421 5437 1 3 14 M 30
5437 5449 1 9 45 O 20
13767 5416 2 14 77 O 10
5416 5443 2 5 24 O 30
5443 2450 2 3 16 M 10
2450 5486 2 1 4 O 20
5486 5414 2 16 87 O 10
5414 5404 2 9 46 O 20
5433 5460 1 13 67 O 20
5460 5429 1 15 78 O 20
13597 5457 2 9 49 O 20
5419 2701 2 14 74 O 30
5428 5400 1 15 80 M 20
5400 5423 1 13 67 O 10
5410 8568 2 14 73 O 20
5435 2446 2 3 15 O 10
2446 5454 2 4 19 O 30
5454 5422 2 1 3 O 10
5422 5406 2 3 14 O 10
5406 14186 2 9 49 O 30
14186 5407 2 9 46 O 20
5405 5429 2 6 32 O 10
5429 5428 2 7 37 O 30
5428 5426 2 6 32 O 10
5426 7943 2 15 78 O 30
5415 14381 2 7 38 O 20
14381 8688 2 14 74 O 10
8688 5472 2 8 43 O 30
5472 5396 2 6 28 O 30
5396 5480 2 16 86 O 20
5480 5434 2 4 17 O 30
5434 5435 2 3 13 M 20
5401 5413 2 21 115 O 10
5413 13590 2 3 14 O 30
13590 13589 2 4 21 O 30
13589 13588 2 22 121 O 20
5427 5446 2 38 210 O 10
5441 5406 2 10 54 O 20
5435 13767 2 29 156 O 30
5448 5454 2 9 46 O 20
5498 5502 2 9 49 O 30
5489 8671 2 20 108 O 20
8671 5501 2 9 49 O 10
5501 5469 2 13 72 M 30
7956 3575 1 16 85 O 10
3575 1090 1 4 18 M 10
1090 3578 1 4 18 O 10
3578 3576 1 5 25 M 10
3576 8662 1 1 5 O 20
8662 8664 1 6 33 O 10
8664 5414 1 22 118 O 20
5464 13769 2 2 9 O 20
13769 5466 2 23 124 O 30
5466 8661 2 7 35 O 10
5496 5474 2 12 64 O 20
5474 1455 2 8 44 M 20
1455 15998 2 17 92 O 10
15998 5494 2 7 38 O 30
5494 5483 2 10 53 O 20
5476 5452 2 17 91 O 30
5484 14169 2 11 59 O 20
14379 5488 2 8 41 O 30
5488 8668 2 6 28 O 20
8668 5472 2 1 5 O 10
5480 5491 2 17 92 M 30
16871 5479 2 1 3 O 10
5416 5478 2 8 43 O 30
5478 5469 2 8 44 O 30
5469 5500 2 8 41 M 30
5500 5490 2 8 43 O 10
5481 8670 2 25 138 O 20
8670 5500 2 20 109 O 30
5444 3582 1 5 28 O 20
3582 5495 1 28 153 O 10
5495 3584 1 7 36 O 20
3584 5479 1 12 66 O 30
5475 5477 2 12 64 M 10
5497 8659 1 20 107 M 20
8659 14326 1 6 30 O 10
5465 5489 2 20 107 O 10
5489 2448 2 8 39 O 10
2448 5481 2 2 7 O 20
5481 14250 2 6 31 O 10
5487 5412 2 12 62 M 20
5502 5492 1 19 101 O 10
5493 5486 2 24 129 O 30
15201 5504 1 21 113 M 30
5504 16748 1 12 65 O 20
5505 6089 2 12 64 M 30
6089 3337 2 19 100 O 30
3337 5517 2 1 2 M 20
5517 5709 2 18 99 O 30
5709 5516 2 3 15 O 20
5516 16481 2 7 34 O 20
16481 5515 2 2 10 O 20
5515 6752 2 2 10 M 30
6752 15326 2 19 101 O 30
15326 5514 2 4 21 O 10
5514 5832 2 17 91 O 10
5832 6760 2 17 94 O 10
6760 5513 2 4 17 M 10
5513 5512 2 5 26 O 30
5512 5829 2 5 26 O 10
5829 15298 2 5 25 O 10
15298 5826 2 6 28 O 10
5826 16668 2 3 14 M 20
4334 8386 1 16 84 M 30
8386 11771 1 12 64 O 30
11771 505 1 10 51 O 30
505 5519 1 4 22 O 30
6071 7484 1 7 38 O 10
7484 6072 1 8 39 M 20
6072 8145 1 25 136 M 10
8145 11722 1 1 4 M 10
11722 8170 1 10 52 O 10
8170 8169 1 19 101 O 30
8169 820 1 7 35 O 30
820 7505 1 10 53 O 20
7505 8168 1 6 30 O 30
8168 5162 1 4 21 M 30
4288 11763 1 8 43 O 20
11763 499 1 9 47 O 20
499 11795 1 6 28 M 30
11795 4277 1 19 104 O 20
4277 11759 1 5 25 O 30
11759 7509 1 9 46 O 30
7509 5521 1 8 40 O 10
5523 6333 2 9 45 O 10
6333 12249 2 6 33 O 20
12249 4366 2 9 48 O 20
4366 4363 2 5 24 O 20
4363 4760 2 4 19 O 20
5524 5525 2 8 44 M 30
5525 5527 2 26 140 O 30
5527 9773 2 4 21 O 20
9773 5883 2 5 28 O 20
5883 9767 2 9 47 O 10
9767 5657 2 22 118 O 20
5657 5633 2 6 32 O 10
5590 5539 1 6 28 O 30
5600 5557 2 5 25 O 30
5589 5586 2 13 72 O 30
11927 5591 2 10 52 O 10
16207 5565 2 12 66 O 30
15913 5553 2 16 83 M 20
5547 5595 2 15 81 O 20
5549 2676 1 1 3 M 20
2676 208 1 10 52 M 30
208 14897 1 12 66 O 30
14897 15873 1 15 79 O 20
5559 5565 2 10 51 O 10
5565 5563 2 6 29 O 10
5577 5564 1 20 106 O 10
5535 5606 2 11 58 O 20
5606 16215 2 7 35 O 30
16215 5611 2 1 4 O 30
5611 2060 2 4 19 O 10
2060 5570 2 2 11 O 20
5570 5595 2 2 6 O 10
5595 5610 2 6 33 O 20
5610 5572 2 14 73 O 10
5548 10009 1 35 191 M 30
5570 5582 2 19 101 O 30
5529 15517 2 3 12 O 30
15517 15918 2 12 64 M 30
15918 5603 2 10 54 O 30
5603 5579 2 6 29 O 20
5579 15920 2 8 40 M 30
15920 5568 2 8 42 O 10
5568 5582 2 3 15 O 20
5582 5540 2 11 57 O 30
5540 5610 2 6 30 O 10
5610 5532 2 7 35 M 10
5532 5592 2 5 27 O 30
5592 7944 2 7 37 O 30
16214 5537 2 14 74 O 30
5537 5612 2 5 27 O 20
5612 5552 2 2 8 O 10
5552 5572 2 6 28 O 30
5572 5551 2 6 31 O 20
5551 5541 2 12 62 O 20
5541 5568 2 12 66 O 10
5531 16207 1 10 54 O 30
16207 5534 1 5 23 O 10
10001 1712 2 7 35 O 20
1712 5602 2 11 59 M 10
5538 5543 2 6 29 O 30
5543 5561 2 5 25 O 30
5535 5544 1 14 75 O 10
5544 5555 1 11 61 O 20
5532 5612 2 13 69 O 20
5542 5574 2 9 50 O 20
5574 16215 2 4 21 O 30
5604 1516 1 4 21 O 30
1516 5545 1 10 51 O 20
5541 26 2 7 34 O 20
26 5602 2 7 39 O 30
5602 2476 2 8 42 O 30
2476 16211 2 5 23 O 10
16211 5576 2 2 10 O 30
11853 11936 1 4 21 M 10
11936 5581 1 4 21 O 30
5581 5583 1 5 26 O 20
5583 5613 1 6 29 O 20
5613 5601 1 8 44 O 10
5601 5566 1 6 28 O 10
5540 5551 1 14 76 O 20
5594 5560 1 4 18 O 30
5560 11932 1 7 39 O 30
11932 5528 1 6 32 O 10
5528 5591 1 4 22 O 20
5591 5609 1 4 20 O 30
5567 4784 1 14 72 O 30
5548 10015 2 24 131 M 20
5592 3933 2 10 56 M 10
3933 5537 2 2 8 O 10
15775 5559 2 6 30 O 10
5559 5372 2 5 25 O 20
5608 5575 2 7 36 O 10
5575 5533 2 15 79 M 30
5533 5577 2 6 29 M 10
5598 5533 2 16 87 M 20
5555 15920 1 14 76 O 10
5607 5603 2 10 51 M 30
5605 5588 1 12 66 O 20
5588 4792 1 6 29 O 30
5581 5561 2 9 47 M 20
5561 5599 2 7 36 O 30
5645 4984 2 19 103 O 10
5672 5647 2 13 67 O 20
5654 5664 2 4 21 O 10
5615 5525 2 7 36 M 10
9083 5703 2 8 44 O 20
5671 5655 2 13 68 O 10
5653 5635 2 27 148 O 20
5635 5704 2 25 135 M 20
5662 5646 2 7 38 O 20
9778 5655 2 13 67 O 10
5655 5681 2 8 41 O 10
5681 1530 2 2 6 O 30
1530 5617 2 8 40 O 30
5617 5674 2 6 31 O 10
5638 8887 2 19 102 O 10
8887 8112 2 2 9 M 10
8112 9765 2 8 44 O 10
9765 5698 2 1 5 O 10
5698 5650 2 7 35 O 10
5650 5673 2 7 37 O 20
5673 8111 2 4 19 M 20
8111 5614 2 11 58 O 10
5696 5694 2 7 35 O 20
5665 5620 2 5 25 M 30
5668 15666 1 13 70 M 10
15666 5704 1 2 6 M 30
5704 5682 1 4 18 O 20
5682 5700 1 4 21 O 10
5700 5684 1 7 36 O 20
5684 5699 1 2 7 O 20
5699 5642 1 3 14 O 20
5642 5685 1 5 27 O 30
5685 5657 1 10 53 O 30
9800 5620 2 16 89 O 20
5639 3225 2 13 72 O 20
3225 5618 2 25 138 O 10
5618 5677 2 7 35 O 30
5677 6499 2 9 49 O 30
6499 9156 2 9 46 O 30
9156 6542 2 2 10 O 20
5637 5658 2 7 37 O 20
5680 5642 2 14 73 O 10
16575 5631 2 3 16 O 30
5631 16574 2 23 126 O 20
7660 5647 2 9 45 O 30
5647 5641 2 10 52 O 30
5641 5644 2 14 76 O 10
5644 5628 2 5 27 M 10
8114 8111 1 42 229 O 10
5652 5679 2 4 19 O 10
8115 8116 2 15 83 M 20
5643 5693 2 12 64 O 20
5648 5627 2 8 41 O 30
5691 5693 2 3 13 O 10
5693 1568 2 5 22 M 10
1568 1570 2 6 28 O 10
1570 5687 2 6 29 O 10
5690 5689 2 12 63 O 10
5619 5694 2 19 101 O 10
5694 5656 2 7 37 M 20
5656 5699 2 28 153 M 20
5649 5629 2 9 47 O 10
5701 5685 2 13 67 O 30
5626 5621 2 25 138 O 10
4368 8888 2 11 58 O 30
5678 5659 2 14 72 O 20
5623 5656 2 8 40 M 10
5656 5635 2 14 72 O 20
5650 8117 1 35 191 M 20
5686 5700 2 18 100 O 10
5685 5623 2 29 160 O 10
5623 5666 2 16 89 O 20
5660 5644 2 12 64 O 20
5636 5669 2 6 28 O 20
5667 5641 2 16 88 M 10
4922 13776 2 12 63 M 30
13776 441 2 1 4 O 30
441 4915 2 5 24 O 20
4915 1303 2 4 18 O 20
1303 1301 2 3 11 M 30
1301 7754 2 13 69 O 10
7413 4339 1 33 181 O 20
4339 7365 1 7 38 O 30
7365 7364 1 8 44 O 10
7364 7363 1 9 47 O 30
7363 13890 1 9 48 M 20
4307 1026 1 12 64 O 20
1026 1027 1 8 42 O 20
1027 11503 1 7 39 O 20
11503 4323 1 6 32 M 20
4323 1024 1 8 40 O 20
1024 1021 1 8 41 M 10
1021 7518 1 5 24 O 20
7518 4317 1 14 75 O 30
4296 4963 1 18 95 O 10
4721 4722 2 4 19 O 10
4709 4606 1 19 103 O 10
4673 964 1 7 39 O 20
964 4684 1 13 67 O 30
4655 921 1 8 41 O 10
921 4674 1 12 65 O 10
5712 5714 1 28 155 O 30
8454 12570 2 13 70 O 20
12570 9711 2 12 65 M 20
9711 6016 2 13 69 O 10
6016 6084 2 21 114 O 10
6084 2879 2 14 75 O 30
2879 6009 2 9 49 O 30
15351 3256 2 23 127 O 10
3256 14075 2 27 150 O 10
5721 9296 2 15 80 O 10
9296 6403 2 8 44 O 10
6403 5713 2 12 66 O 30
5713 9973 2 8 43 O 10
9973 6406 2 1 3 O 20
6406 6410 2 30 163 O 20
6410 6415 2 12 65 M 10
6415 9303 2 39 216 M 20
9303 6421 2 69 382 O 20
6421 5383 2 10 53 O 20
5383 14759 2 7 36 O 20
13721 6783 1 5 23 M 20
6783 14810 1 10 50 O 30
14810 14807 1 5 23 O 30
14807 12472 1 4 18 O 20
12472 14817 1 6 33 O 10
14817 4181 1 4 22 O 20
5715 9162 2 8 41 O 20
9162 9160 2 6 28 O 10
9160 9158 2 8 40 O 30
9158 7731 2 8 41 M 30
5747 5725 2 13 69 O 10
5725 13309 2 2 6 O 30
13309 5740 2 27 146 M 20
5740 13227 2 9 48 O 20
7075 15481 2 9 47 O 20
15481 10713 2 18 99 O 20
10713 5735 2 7 35 O 30
5735 5741 2 11 60 O 10
5741 5723 2 8 41 O 10
5723 10714 2 6 30 O 30
10714 3751 2 4 18 M 20
3751 1503 2 11 56 O 10
1503 3747 2 4 21 O 20
3747 3775 2 17 94 M 10
3775 3745 2 14 76 O 20
3745 13671 2 7 35 O 20
13671 3774 2 4 19 O 30
3774 7228 2 10 52 M 30
7228 3756 2 15 80 O 30
3756 5750 2 17 93 O 10
5750 5792 2 41 225 O 30
5792 5748 2 8 41 O 30
5748 7110 2 15 80 O 10
7110 15346 2 7 37 O 20
15346 13693 2 3 15 M 10
13693 5743 2 5 25 M 10
5743 5744 2 8 43 O 20
5739 13690 2 3 16 O 10
13690 5759 2 5 23 O 30
5759 5817 2 14 77 O 30
5817 5754 2 2 10 O 30
5754 5736 2 15 78 O 20
5736 5727 2 28 155 O 20
5727 7204 2 1 5 O 10
7204 13639 2 11 56 O 10
13639 7093 2 7 37 O 10
7093 13286 2 11 56 O 20
13286 13285 2 1 4 O 10
13285 5737 2 5 26 O 30
5737 5757 2 17 91 O 10
5724 5755 2 25 136 O 30
5792 11316 2 12 65 O 20
11316 11324 2 3 16 O 10
11324 11322 2 3 12 O 20
11322 3765 2 2 8 M 30
3765 11318 2 3 13 O 10
11318 10852 2 8 42 O 10
10852 7042 2 5 25 O 10
7042 5791 2 6 29 O 30
5769 5795 2 15 78 O 20
5778 5770 2 16 84 O 20
5770 5774 2 18 98 M 30
5774 1503 2 29 159 O 20
13660 13753 2 17 94 O 20
13753 13752 2 19 104 O 30
13752 5796 2 11 56 M 20
5767 5781 2 29 157 O 20
7379 5765 2 7 34 O 30
5775 3115 2 8 42 O 20
3115 3118 2 2 6 O 30
3118 13674 2 4 18 O 10
13674 5786 2 21 116 O 20
13274 15345 2 11 59 M 30
5793 5773 2 16 87 O 30
5797 13667 2 32 174 O 20
13667 5800 2 13 70 M 20
5800 5801 2 8 41 O 10
5801 5802 2 10 53 O 30
5810 11296 2 7 34 O 20
11296 5809 2 1 5 M 20
5809 13713 2 3 16 O 20
13713 11265 2 20 111 O 10
11265 5811 2 3 14 O 20
5811 7371 2 4 22 O 10
7371 7374 2 30 164 M 10
7374 11247 2 5 25 O 20
11247 2361 2 5 26 O 30
2361 5815 2 3 13 O 20
5815 13738 2 2 8 O 30
13738 7375 2 3 16 O 10
7375 9 2 4 19 M 10
9 5813 2 13 67 O 10
5739 13247 2 19 104 O 30
13247 11145 2 14 77 O 20
11145 11121 2 2 7 M 10
11121 7037 2 18 98 O 10
7037 11122 2 12 62 O 10
11122 11165 2 2 10 O 20
11165 5806 2 34 184 O 30
5806 5808 2 8 39 O 10
5809 13712 1 4 22 O 20
13712 11297 1 6 30 O 30
11297 11292 1 1 2 O 30
11292 11302 1 4 22 O 20
11302 10751 1 3 15 O 20
10751 3001 1 6 28 O 20
3001 10745 1 3 17 O 10
10745 3008 1 6 28 O 10
3008 5805 1 3 13 M 20
5805 7394 1 8 43 O 30
7394 7231 1 3 15 M 10
5817 5820 2 3 15 O 10
5820 11132 2 7 35 O 30
11132 7089 2 20 110 M 10
7089 5819 2 18 97 M 10
5819 11130 2 7 34 O 20
11130 11128 2 16 89 O 10
11128 5818 2 17 89 O 10
5818 11134 2 20 106 O 10
11134 11133 2 10 53 O 10
5821 5822 2 2 6 O 30
5822 5806 2 10 54 O 10
6791 5830 2 28 155 O 20
5830 5825 2 17 91 O 30
8106 11150 2 6 29 O 20
11150 5838 2 7 37 O 20
5838 5814 2 10 54 O 10
5834 5835 2 11 57 M 20
4806 10956 1 6 29 O 20
10956 7252 1 4 21 O 10
7252 14028 1 10 52 O 20
14028 5835 1 22 121 O 30
5835 2385 1 7 35 O 20
2385 2383 1 5 23 O 10
2383 5836 1 6 32 O 20
5840 5837 2 11 58 M 30
5838 5839 2 23 126 M 20
5839 5840 2 16 84 O 30
5832 5841 1 35 190 M 20
4796 4188 2 9 46 M 10
4188 12331 2 11 56 O 20
12331 7450 2 24 133 O 10
7450 13630 2 4 21 M 10
13630 11440 2 7 38 O 20
4632 4645 1 6 30 O 10
4645 4722 1 6 31 O 10
8415 4622 2 10 50 O 10
4834 15978 1 12 62 O 10
15978 2225 1 4 22 O 30
2225 5856 1 6 32 O 20
5856 5862 1 15 79 O 10
5862 12301 1 9 47 O 20
12301 12297 1 1 3 O 20
12297 12295 1 6 29 O 20
12295 4838 1 7 35 O 10
4353 2235 2 5 27 M 10
2235 4352 2 3 12 O 10
4352 5843 2 4 18 O 20
5854 12129 1 16 88 M 20
12129 5860 1 5 24 O 30
5852 12261 1 10 56 O 10
12261 7418 1 11 56 O 30
7418 12260 1 3 14 O 10
12260 5855 1 8 42 O 30
4835 12240 1 4 22 M 10
12240 12304 1 8 43 O 30
12304 12399 1 7 37 M 30
12399 12233 1 9 46 O 20
12233 15979 1 4 19 O 20
15979 5853 1 1 5 O 30
5857 15992 2 8 40 M 30
15992 12575 2 6 31 O 10
12575 4344 2 3 13 O 20
4344 12589 2 3 12 M 20
12589 12597 2 13 69 M 30
12597 6681 2 3 14 O 30
6681 5861 2 14 73 O 20
5853 12254 1 5 27 M 10
12254 5852 1 20 106 O 30
5867 12383 1 7 35 O 20
12383 15679 1 3 15 M 10
15679 15956 1 12 66 O 10
15956 1639 1 5 27 O 30
1639 12343 1 8 39 O 30
12343 8185 1 4 22 O 20
8185 12161 1 5 23 O 10
12161 12162 1 4 19 O 30
12162 12395 1 6 31 O 10
12395 5868 1 9 48 O 30
4559 15619 1 4 19 O 30
15619 5870 1 5 24 O 30
5875 11831 1 3 15 O 20
11831 2613 1 7 37 M 20
2613 8490 1 10 55 O 30
8490 5873 1 6 28 O 30
5879 16241 1 8 43 O 30
16241 5881 1 6 29 O 10
5881 6128 1 19 105 O 10
6128 16255 1 5 25 O 10
16255 5364 1 9 49 M 10
8866 8863 1 15 78 O 30
8863 5527 1 11 57 O 10
5883 7924 1 11 56 O 20
7924 7921 1 7 34 O 30
7921 1413 1 7 37 O 30
1413 15772 1 4 21 O 20
15772 5882 1 10 55 M 30
5877 1427 2 10 55 O 10
1427 5878 2 5 24 O 30
5877 5330 1 28 154 O 20
5889 3976 1 8 44 O 30
3976 11750 1 5 22 O 30
11750 11751 1 5 26 O 10
11751 847 1 5 24 O 20
847 11748 1 1 5 O 20
11748 2615 1 1 3 O 20
2615 11727 1 1 2 O 30
11727 844 1 8 41 O 20
844 11742 1 11 58 O 20
11742 836 1 4 18 M 20
836 832 1 8 40 O 20
832 5888 1 1 5 O 30
4317 8173 2 1 4 O 20
8173 1185 2 3 13 O 20
1185 11486 2 2 6 O 30
11486 11592 2 7 37 O 30
11592 13891 2 8 42 O 10
5891 1206 1 12 62 O 10
1206 5892 1 9 47 O 20
1504 5897 2 32 174 O 20
5897 16882 2 24 133 O 10
14900 8403 1 6 30 O 30
8403 4500 1 2 6 O 20
5896 1278 2 4 18 O 30
1278 1281 2 1 3 O 20
1281 1279 2 5 26 O 20
1279 14901 2 3 14 O 30
8605 8604 2 20 106 O 30
8604 13216 2 9 48 O 20
13216 8602 2 8 40 O 30
14581 15737 2 37 204 O 20
5901 11263 1 5 24 O 20
11263 11243 1 2 8 O 30
11243 11238 1 9 45 M 30
11238 2353 1 4 18 O 30
2353 2355 1 12 63 O 30
2355 11240 1 6 29 O 20
11240 11245 1 8 44 O 30
11245 5902 1 17 89 M 30
11250 5906 2 5 27 O 10
5906 5907 2 17 90 O 30
15142 5906 1 1 3 O 20
5906 5902 1 15 83 O 10
5902 2357 1 12 62 O 30
2357 5815 1 11 58 O 20
5902 5904 1 11 61 O 20
5904 5907 1 7 34 O 30
10794 11288 2 10 55 O 20
10755 10792 2 18 97 O 20
10792 13717 2 2 10 O 30
13717 5913 2 6 32 O 10
8101 7184 2 8 42 O 10
7184 5914 2 16 85 O 30
5914 5912 2 27 147 O 10
5918 11117 2 4 19 M 10
11117 15100 2 13 71 O 10
5772 10783 1 8 40 O 30
10783 7250 1 16 88 M 10
10710 5771 2 11 56 O 30
5914 5917 1 20 111 O 20
5912 7227 2 19 102 O 20
15670 5940 1 8 43 O 30
5163 5924 1 11 58 O 20
5924 12955 1 10 54 O 20
12955 5927 1 8 41 O 30
5927 5928 1 7 36 O 10
5928 12967 1 14 78 O 10
12967 12958 1 6 31 O 10
12958 5930 1 2 9 O 10
5930 12965 1 8 43 O 30
12965 12963 1 7 38 O 30
12963 6048 1 8 41 O 30
6048 12959 1 3 14 M 20
12959 6051 1 5 23 O 20
6051 6054 1 7 38 O 30
5956 14329 1 5 26 O 20
14329 8536 1 15 80 O 30
5925 5923 2 6 30 O 10
5926 5927 2 5 26 O 20
5936 15663 1 12 64 O 30
15663 409 1 4 19 M 10
409 13002 1 5 27 O 10
13002 13000 1 9 46 M 30
13000 6063 1 1 4 O 20
6063 16758 1 11 57 O 10
16758 16022 1 10 52 O 10
16022 6062 1 3 13 M 10
6062 1804 1 5 25 M 20
1804 6060 1 11 57 M 10
6060 16019 1 6 29 M 10
16019 6061 1 16 89 O 30
5955 5952 2 15 83 O 30
5944 5945 2 8 40 O 30
5945 8542 2 8 40 M 20
8542 11799 2 2 10 O 10
11799 5956 2 6 28 O 20
5965 8006 2 17 89 O 10
5963 5962 2 23 123 O 20
5966 8005 2 19 103 O 10
5958 5959 1 18 97 O 30
5964 8295 2 5 23 O 30
7654 7582 2 3 16 M 30
7582 5962 2 9 48 O 20
8085 5984 2 5 27 O 30
5984 5985 2 2 8 M 20
5985 5986 2 10 53 M 30
5986 5987 2 11 59 O 20
5987 5988 2 10 55 M 10
5988 5989 2 9 49 M 10
5989 9354 2 6 31 O 10
9385 5996 2 31 167 M 10
5996 9386 2 11 58 M 30
5976 15598 1 9 47 O 10
15598 15596 1 10 55 O 10
15596 8087 1 4 22 O 30
8087 6937 1 9 49 M 30
6937 8092 1 19 105 O 20
8092 4767 1 30 162 O 20
6003 9368 2 6 28 O 10
9326 15038 2 20 109 O 20
15038 5987 2 20 107 O 10
5987 9325 2 12 62 O 30
5986 5993 2 38 209 M 30
5980 6937 1 9 48 O 30
6937 5972 1 15 82 M 30
5985 9373 1 40 220 M 10
9373 6001 1 18 95 O 10
5999 5991 2 24 130 O 30
5991 16153 2 9 46 O 30
16153 3911 2 12 62 M 30
3911 16155 2 4 20 O 30
16155 5983 2 11 58 O 20
5995 3529 2 10 50 O 30
3529 8082 2 37 204 O 30
8082 5979 2 6 30 O 20
6000 5992 2 24 130 O 20
5992 5991 2 10 54 O 20
5973 3174 1 10 55 O 10
3174 9398 1 13 70 O 20
9398 9673 1 1 3 O 20
9673 9677 1 6 32 O 10
9677 9681 1 1 2 O 10
9681 9674 1 7 37 O 30
9674 5970 1 7 38 O 10
5970 8075 1 12 65 M 20
5982 5990 2 16 89 O 30
5071 4200 2 39 213 O 20
5978 13488 2 50 273 O 20
5967 2915 2 6 33 M 10
2915 5968 2 5 25 O 10
5968 7611 2 8 42 O 10
7611 9402 2 25 136 O 30
9402 9364 2 20 107 M 20
9364 9404 2 1 5 O 30
9404 9403 2 5 24 O 10
9403 5971 2 4 20 O 10
5971 9397 2 4 21 M 10
9397 5974 2 10 52 O 10
5998 5999 2 10 53 O 30
5999 6000 2 10 53 O 30
6000 6371 2 7 35 O 30
6371 6001 2 4 17 O 30
6001 6002 2 21 112 O 20
6002 6003 2 10 56 O 30
6084 12511 2 6 33 M 10
12511 12505 2 13 71 O 20
12505 15422 2 5 25 O 10
15422 15420 2 11 59 O 10
15420 6014 2 4 20 O 20
15238 8961 1 3 15 O 20
6005 2591 2 8 40 O 20
16427 6035 2 5 26 O 10
6035 12409 2 4 21 O 30
12409 12412 2 4 19 O 30
12412 6031 2 4 18 O 30
6031 12405 2 6 30 O 10
12405 6714 2 8 44 O 10
6714 6729 2 6 33 O 20
6021 12518 2 5 25 O 20
12518 16428 2 7 34 M 10
16428 6013 2 7 34 O 30
2826 7714 2 1 5 O 20
7714 6032 2 10 52 O 20
6032 2823 2 11 60 O 20
2823 6036 2 2 6 O 10
6010 6012 1 12 66 O 10
4182 12478 2 10 53 O 30
12478 6737 2 9 48 O 30
6737 6034 2 5 25 O 30
6034 6033 2 5 25 O 30
6033 6029 2 7 39 M 20
6029 12468 2 8 42 O 10
12468 16376 2 5 24 O 30
16376 2568 2 12 62 O 10
2568 6775 2 2 9 O 30
6775 8181 2 15 83 O 10
8951 16106 1 4 21 O 30
6016 12510 2 7 34 M 20
12510 12555 2 4 17 M 30
12555 12500 2 2 6 O 20
12500 12539 2 14 74 O 20
12539 16097 2 2 9 O 20
16097 12534 2 7 38 O 20
12534 6023 2 6 28 O 20
6047 6043 2 7 38 M 20
6051 6056 2 4 19 O 10
6062 1807 1 6 30 O 30
1807 5932 1 11 60 M 10
5930 15901 2 4 20 O 10
6037 12988 2 8 40 O 20
12988 6042 2 4 19 M 20
6054 6057 1 4 19 O 30
6055 7701 2 5 27 O 10
7701 7697 2 5 27 O 20
7697 15902 2 7 36 O 20
15902 6058 2 4 21 O 20
6050 6060 1 17 92 M 30
6046 12976 2 8 39 M 30
12976 5934 2 4 17 O 20
15906 6058 1 5 24 O 20
6058 6044 1 22 118 O 20
6059 13011 1 5 23 O 20
13011 13004 1 4 19 M 20
13004 6053 1 4 19 O 20
6041 5929 2 7 36 M 10
5929 12984 2 16 87 O 20
12984 6047 2 4 19 M 30
6047 6049 2 4 21 M 30
14903 11701 1 6 30 O 30
11701 808 1 6 29 O 10
808 6137 1 7 35 O 30
6137 6072 1 6 29 O 30
7493 825 1 11 61 O 20
825 6069 1 13 69 O 10
6065 6067 2 6 31 O 30
6067 6070 2 16 86 O 10
6070 6136 2 14 73 O 30
6136 6071 2 6 28 O 20
4297 804 2 5 28 O 20
804 6068 2 1 3 O 20
6067 6066 1 15 79 O 30
6066 6064 1 12 64 M 30
6074 11982 2 5 22 O 10
11982 1511 2 4 21 O 10
1511 12005 2 2 8 O 20
12005 16699 2 4 22 O 10
16699 11997 2 11 59 M 10
11997 6075 2 9 47 O 20
4761 4354 1 13 67 M 20
4354 15698 1 4 18 O 20
15698 7871 1 4 20 M 10
7871 6073 1 5 25 O 10
6073 15696 1 4 21 M 10
15696 12248 1 5 22 O 30
12248 6334 1 6 32 O 30
6334 7878 1 2 9 O 20
7878 4835 1 8 40 O 10
6078 369 2 2 7 O 20
369 6077 2 11 56 O 20
6077 371 2 6 29 O 20
7987 8936 1 7 35 O 30
6079 3437 2 15 83 O 10
6080 3438 2 3 14 O 10
3438 7983 2 8 41 O 20
7983 16113 2 18 95 O 20
16113 16112 2 1 5 M 10
16112 3456 2 11 60 O 10
3456 7982 2 4 22 O 20
6092 16386 2 6 30 O 20
16386 6096 2 10 54 O 20
6096 16385 2 4 21 O 20
16385 6097 2 2 9 O 20
6097 6098 2 6 31 O 30
6098 16389 2 5 23 O 20
16389 6099 2 2 10 M 10
6099 6100 2 7 37 O 30
6100 16388 2 4 20 M 30
6095 6098 1 13 67 O 10
6098 6101 1 12 66 O 30
6101 6103 1 8 41 O 20
6097 6094 2 13 69 O 20
6096 6091 2 13 69 O 30
6092 6085 1 22 121 O 30
16387 6100 1 16 85 O 30
5517 6085 2 6 31 O 20
6085 6086 2 4 17 O 30
6086 6933 2 11 57 O 30
6933 16390 2 2 10 O 10
16390 6088 2 6 31 M 30
4567 4570 1 7 38 O 30
4828 4562 1 3 16 M 20
6110 12224 2 6 30 O 20
12224 1906 2 2 10 M 30
1906 1905 2 1 5 O 20
1905 7389 2 5 28 O 30
7389 6109 2 6 29 O 20
6113 12143 1 17 93 M 10
12143 2046 1 1 2 O 30
2046 6112 1 7 37 O 30
6114 2267 1 10 51 O 10
2267 3226 1 5 24 O 30
3226 1901 1 5 25 O 30
1901 6116 1 4 19 O 20
6117 6115 1 22 117 M 10
6120 2269 2 5 24 O 30
2269 6119 2 8 44 O 10
6124 6126 2 14 73 O 20
5324 8113 2 24 130 O 20
9047 9045 2 10 52 M 20
9041 614 1 17 91 O 30
614 16656 1 16 87 O 30
15884 6135 1 25 137 O 20
6148 6140 1 17 93 O 30
6141 6149 1 17 93 M 30
8145 6146 1 6 28 M 30
6146 11697 1 7 36 M 30
11697 6138 1 11 57 O 30
6139 6147 1 17 93 O 30
6150 6142 1 17 93 O 30
6143 6151 1 18 96 O 20
6144 11710 2 3 15 O 10
6215 10345 1 5 24 O 30
10345 10284 1 13 70 O 20
10284 10286 1 13 71 O 20
10286 6158 1 10 51 M 20
6154 6155 2 11 61 O 30
10548 10287 2 4 20 O 20
10287 10368 2 5 23 M 10
6157 6158 2 3 12 M 10
6158 6210 2 17 90 O 20
6210 15562 2 3 14 O 10
15562 6174 2 1 5 O 10
6174 6159 2 6 30 O 10
6159 15563 2 14 75 O 10
15563 6176 2 6 29 O 20
6176 6177 2 7 34 O 20
6177 10351 2 9 47 O 10
10351 6178 2 10 54 O 20
6164 10384 2 7 36 O 20
10384 8769 2 12 66 O 30
8769 6165 2 16 85 M 10
10382 10383 2 31 169 M 10
10383 13619 2 34 185 M 20
13619 15506 2 9 50 O 20
15506 13620 2 3 16 O 10
6189 10361 1 10 55 M 30
10361 10363 1 10 55 O 10
10363 10353 1 1 2 O 10
10353 10333 1 10 53 M 20
10333 6176 1 10 50 O 10
6167 6168 2 14 75 O 30
6185 10297 2 5 22 O 30
10297 6186 2 8 43 O 30
6186 6188 2 2 6 O 30
6188 10523 2 10 55 O 20
10523 10327 2 17 91 O 20
6196 6193 2 6 32 O 30
6193 6190 2 21 113 O 10
7632 7633 2 26 143 O 10
7633 2947 2 12 62 O 10
2947 7634 2 10 54 M 30
7634 6183 2 7 38 O 30
6183 10237 2 7 36 O 30
10237 6187 2 12 63 O 20
6187 10511 2 33 180 O 30
10524 6195 2 16 85 M 30
6191 6194 1 19 102 M 20
6194 6196 1 11 59 O 10
6196 6197 1 10 50 O 20
6192 6193 2 11 57 O 20
6193 6195 2 6 32 O 30
6195 10328 2 4 21 O 10
10328 10327 2 2 9 O 20
6211 6216 1 5 23 O 10
6216 10552 1 10 52 O 30
10552 10557 1 10 54 O 30
10557 14701 1 10 51 M 20
14701 15562 1 11 57 O 20
6174 6170 1 17 89 O 20
6210 6208 1 17 89 O 30
10380 6205 2 16 85 M 20
6207 6208 2 6 33 O 10
6208 6170 2 4 18 O 20
10381 6204 2 6 33 O 10
6201 6200 2 14 73 O 10
6209 6171 2 6 30 M 10
6171 6169 2 19 101 M 20
6169 8730 2 26 143 O 10
8730 6153 2 11 58 O 10
6212 2976 1 7 36 O 10
2976 6213 1 11 56 O 10
6213 10373 1 10 50 M 30
10373 6214 1 10 51 O 30
6217 6218 2 19 102 M 20
6221 10065 2 7 37 O 10
10065 10063 2 9 48 O 30
10063 7573 2 5 27 M 10
7573 6453 2 10 53 O 10
6453 10061 2 8 44 O 10
10061 10059 2 7 39 M 20
10059 7569 2 4 21 O 30
7569 6458 2 3 14 O 30
6458 10057 2 6 29 O 20
10057 10056 2 8 41 O 20
10056 10055 2 8 44 O 30
10055 10067 2 4 21 M 10
10067 10054 2 4 18 O 30
10054 7773 2 11 58 O 10
7773 10127 2 16 87 O 30
10127 7783 2 4 20 O 10
7783 7785 2 13 68 O 10
7785 8130 2 14 74 O 10
6219 10075 2 9 46 M 30
10075 16822 2 12 64 M 30
6224 6223 2 3 16 O 10
6223 8546 2 10 54 O 10
8546 741 2 7 39 O 30
741 6222 2 1 3 O 10
6222 8567 2 14 77 O 10
6225 8426 1 18 98 O 30
14147 9950 2 12 63 O 30
9950 6229 2 5 27 O 30
6229 6227 2 15 80 M 30
6231 6230 2 15 83 M 30
6230 9020 2 10 51 O 30
9020 4372 2 1 4 O 30
4372 6228 2 17 90 O 20
6228 14584 2 14 74 O 20
14584 6226 2 1 3 O 30
6226 8891 2 11 60 O 30
6231 6229 2 18 98 M 30
6234 606 1 10 51 O 20
606 8896 1 13 67 M 30
8896 598 1 13 72 O 20
598 6233 1 3 12 O 10
6232 5345 1 34 189 O 10
6235 7379 2 5 26 M 20
5702 5683 2 9 47 O 20
5683 5622 2 5 24 O 20
4895 1032 2 3 11 O 30
1032 4888 2 4 18 O 10
4898 1036 2 2 8 M 30
1036 4889 2 5 24 O 20
1573 5583 2 6 28 O 30
1552 5622 2 3 15 O 20
5622 5669 2 7 34 M 20
9776 5691 2 8 42 O 30
4904 4899 2 8 43 O 10
13903 2277 1 4 22 O 10
2277 12122 1 12 61 M 30
12122 5860 1 4 19 O 30
5860 12125 1 4 21 O 10
12125 15641 1 5 23 O 20
15641 12127 1 1 5 O 20
12127 5858 1 5 27 M 30
5858 5856 1 7 38 O 10
5856 7447 1 7 38 O 10
7447 6117 1 5 27 M 10
6117 12227 1 3 15 M 10
12227 12229 1 8 40 O 10
12229 6116 1 3 15 O 20
6116 2259 1 9 45 O 10
2259 15979 1 8 42 O 10
6250 16837 2 20 110 O 30
10041 10030 2 15 79 O 20
10030 6249 2 8 42 M 20
6249 14318 2 2 9 O 20
11453 11456 2 6 33 M 10
11456 11457 2 7 38 M 20
6253 7399 1 20 111 O 20
12335 7399 1 10 54 M 10
7399 12336 1 9 50 O 30
12191 6256 2 6 32 M 30
6254 1719 1 11 60 O 30
1719 8467 1 3 16 O 10
8467 6257 1 4 20 O 20
6258 8466 1 17 89 M 30
8466 12156 1 4 17 O 30
12156 6255 1 8 42 O 30
6255 4429 1 6 32 O 30
7501 6259 1 13 67 O 20
6259 7502 1 7 34 O 20
7502 7501 1 7 35 M 20
7484 714 1 7 35 M 10
714 11792 1 3 15 O 10
11792 6262 1 14 73 O 10
6261 712 1 3 12 O 20
712 6071 1 21 115 O 10
6274 6271 1 12 64 M 20
6271 6272 1 9 45 M 10
6274 3179 2 6 29 O 10
3179 6273 2 1 4 O 20
6273 3177 2 7 34 O 30
3177 3184 2 1 5 M 30
3184 12809 2 8 44 M 30
6272 3188 2 1 3 O 10
3188 12618 2 5 23 O 30
12618 6277 2 10 52 O 10
6277 6281 2 10 50 O 20
6272 12619 1 6 29 O 30
12619 12620 1 7 35 O 20
12620 12614 1 9 45 O 20
12614 12623 1 11 56 O 10
12623 6263 1 5 27 M 30
6328 6325 2 5 27 O 10
6325 6323 2 5 24 M 20
6323 12480 2 6 32 O 30
12480 15411 2 4 18 M 30
15411 6319 2 4 19 O 20
6319 6314 2 8 42 O 20
6297 6296 2 5 24 O 10
6299 6308 2 16 88 O 30
6322 6325 2 9 45 O 10
6325 6327 2 8 40 O 30
6321 6323 2 9 45 O 30
6323 6324 2 6 30 O 20
6297 6302 2 10 55 O 30
6302 6304 2 4 20 O 20
12636 12646 2 6 32 O 10
12646 12652 2 2 7 O 30
12652 12651 2 10 54 O 30
6759 6306 2 16 88 O 30
6306 6309 2 4 22 O 20
6317 12488 2 10 51 O 30
6287 6286 2 20 107 O 30
6286 12619 2 16 84 O 20
6321 6320 2 5 23 M 20
6303 6304 2 6 31 O 10
6304 6306 2 5 24 O 20
6306 12486 2 6 30 O 20
12486 6308 2 2 6 O 20
6308 6310 2 2 10 O 30
6310 6312 2 3 12 O 30
6312 6316 2 4 17 O 20
6289 6291 2 12 62 O 20
6291 12641 2 8 40 O 10
12641 6293 2 1 3 O 20
6293 7528 2 12 66 O 20
6301 6303 2 4 20 O 30
6303 6305 2 4 22 O 10
16100 12609 2 8 44 O 10
6329 12290 2 22 119 O 20
12290 4345 2 6 29 O 20
6330 6331 2 29 159 O 10
6334 15975 1 16 85 O 30
15975 6333 1 8 44 O 30
7976 2656 2 6 28 M 10
2656 2652 2 2 10 O 30
2652 15036 2 11 61 O 10
6339 15061 2 6 31 O 20
15061 6340 2 7 35 O 10
6340 6341 2 5 26 O 20
6341 6338 2 27 148 O 30
6338 7041 2 9 47 O 10
7041 7112 2 15 79 O 30
7112 7072 2 2 9 O 20
7072 7108 2 14 76 O 30
7108 7049 2 3 15 O 30
7049 7052 2 2 8 O 30
9885 6997 2 17 93 O 20
6997 11397 2 1 3 O 10
11397 11393 2 24 130 O 10
11393 9886 2 24 133 O 20
9886 11389 2 1 4 M 20
11389 11386 2 4 21 O 10
11386 6335 2 4 22 O 30
6335 11388 2 3 13 O 30
11388 9883 2 107 592 M 10
7616 7012 2 4 22 O 30
7012 14126 2 31 167 O 30
14126 6339 2 13 69 O 10
6339 13920 2 2 8 O 20
6341 15059 2 28 155 O 30
6346 6345 2 24 128 O 10
10677 6347 2 13 70 O 10
5952 8528 2 5 26 O 10
8528 5953 2 7 35 O 10
8596 4880 1 5 26 O 20
4880 4883 1 5 27 O 10
4883 4893 1 2 7 O 30
4885 4890 2 5 25 O 20
6152 1133 1 3 14 M 20
1133 4885 1 3 13 O 30
4820 13204 1 6 30 M 30
13204 4819 1 11 56 O 10
6353 1144 2 19 103 O 20
1144 1130 2 4 17 M 30
1130 6351 2 4 18 O 30
6351 6352 2 5 28 O 30
15475 16903 2 1 1 O 10
4570 2019 2 7 37 M 30
2019 9654 2 14 77 M 10
9654 8071 2 12 63 O 10
6358 9851 2 14 77 O 10
9851 6571 2 7 36 O 20
6571 6557 2 5 25 O 10
9849 6361 2 9 45 O 20
8996 16191 2 12 61 O 20
8999 9000 2 5 26 O 20
4399 9569 2 17 92 O 20
9569 4768 2 34 185 O 10
6370 16669 2 13 68 O 10
16669 9643 2 27 147 O 20
9643 9642 2 17 89 O 10
9642 6372 2 5 23 O 20
6374 6377 2 12 66 O 20
6380 6376 2 21 113 O 10
6378 6379 2 6 30 M 20
6379 6382 2 3 14 O 10
6378 6376 2 7 35 O 20
6376 6374 2 7 35 O 30
6374 6373 2 6 29 O 10
6382 6384 2 8 42 O 30
153 16785 2 4 19 O 30
8132 12897 2 2 10 O 10
12897 6385 2 37 205 O 20
6385 6386 2 13 67 O 10
6386 12888 2 6 29 O 10
12888 12887 2 9 45 O 30
6390 6399 2 7 39 O 20
6399 6391 2 7 35 M 20
6391 337 2 15 78 O 10
337 2439 2 4 17 O 20
2439 6887 2 3 12 O 10
6887 6904 2 7 38 O 30
6904 334 2 12 62 O 30
334 16700 2 11 58 O 30
6382 6383 2 5 26 O 20
6386 12934 2 26 140 M 30
6393 16787 2 13 70 M 20
6396 6397 2 22 117 O 30
6395 6393 2 9 49 O 20
16781 3886 2 3 13 O 20
3886 325 2 7 34 O 20
325 6399 2 6 28 O 20
9319 6406 2 38 210 O 20
6404 9305 1 7 34 M 10
9305 2122 1 13 68 O 20
2122 6405 1 5 24 O 20
6405 6407 1 14 76 O 20
6407 9320 1 10 50 M 20
9320 9306 1 5 24 O 20
9306 9316 1 7 36 M 30
9316 2124 1 5 25 M 30
2124 2126 1 5 23 O 20
2126 6412 1 11 59 O 30
6412 2128 1 11 59 O 30
2128 2130 1 12 63 O 20
2130 6419 1 58 317 O 10
6418 6419 1 10 54 M 10
6402 4279 2 7 35 O 10
4279 6407 2 17 90 O 30
6412 6408 1 18 98 O 20
6405 6401 1 24 129 O 30
6421 9302 1 16 84 O 30
9302 6417 1 46 252 O 30
6417 13395 1 21 115 O 10
13395 6411 1 25 134 O 30
5713 6404 2 8 39 O 10
6404 6400 2 24 129 O 20
6409 2075 1 20 106 O 20
2075 6410 1 21 115 O 30
15837 6422 2 11 58 M 20
14317 10041 1 21 113 O 30
6424 6429 2 21 113 O 30
6250 10028 1 31 167 O 30
10028 6426 1 6 32 O 30
4667 13187 1 8 43 O 20
13187 955 1 14 75 M 30
955 4616 1 5 25 O 30
4616 1041 1 6 28 O 30
1041 8635 1 5 24 O 10
8635 4668 1 2 7 O 10
4668 4653 1 8 43 O 10
5150 5111 2 4 22 O 30
13793 8629 2 8 42 O 30
8629 563 2 3 15 O 30
4668 4582 1 9 48 M 30
5032 4957 1 13 69 O 30
5284 5258 2 5 24 O 10
4671 4712 2 5 23 O 20
5470 14170 2 6 29 O 30
4656 16942 1 6 31 O 10
16942 4590 1 6 31 O 10
5606 5580 1 10 50 O 20
7961 4114 2 26 140 O 30
4624 4595 1 15 83 O 20
2855 5331 2 7 37 O 20
5243 5198 2 5 26 O 20
5554 15775 2 6 31 M 20
14459 5288 2 6 29 M 10
4657 4714 2 8 40 O 20
4701 4618 2 3 13 O 20
5203 14131 2 7 36 M 20
5385 5386 2 8 42 O 20
5073 1482 2 10 51 O 20
5046 4996 2 11 59 O 10
9154 9985 2 16 86 O 10
9985 7936 2 6 29 O 30
5432 5461 2 5 25 O 10
5616 5663 2 7 35 O 30
5663 5617 2 9 50 O 20
5394 2732 1 7 35 O 10
2732 10601 1 2 8 O 30
10601 1951 1 13 71 O 30
1951 8183 1 7 39 O 20
8183 1945 1 8 42 O 30
1945 1946 1 7 38 M 30
1946 14400 1 17 91 O 10
14400 5467 1 5 24 M 20
9687 16181 2 14 73 O 20
16181 5077 2 10 52 O 30
4626 4694 1 4 21 O 30
12909 5328 2 20 107 O 10
5285 6433 2 12 64 O 30
16057 4603 1 5 23 O 10
5209 14134 2 7 38 O 20
14134 5221 2 3 16 O 30
4597 4612 2 9 48 O 20
5230 5200 2 11 60 O 20
7939 6913 2 4 19 O 20
6913 7961 2 12 61 O 10
7961 7963 2 3 16 M 20
7963 7962 2 6 32 M 10
7962 9254 2 7 35 O 30
9254 9252 2 10 52 O 30
9252 7957 2 8 43 O 20
5445 10475 2 63 347 O 20
10475 6464 2 5 23 O 20
4677 13183 2 6 32 M 20
13183 4697 2 5 27 M 30
4697 571 2 2 8 M 10
4584 4695 1 10 55 M 30
4695 574 1 12 62 M 30
574 573 1 1 3 O 20
4452 4480 2 7 38 O 20
4480 4475 2 8 41 O 30
13096 13093 2 3 17 O 30
13093 5366 2 5 27 O 20
6439 10018 1 13 68 O 20
10018 6444 1 33 180 O 20
6444 6447 1 11 56 O 10
6447 6449 1 15 82 O 10
6443 6442 2 8 44 O 10
6436 6249 2 17 89 M 10
6441 14319 2 5 27 O 30
14319 6435 2 20 110 O 10
6438 6442 1 19 103 O 30
6442 6447 1 17 89 O 20
6434 10021 2 8 43 O 30
10021 10020 2 6 33 O 10
10020 6435 2 9 50 O 20
6435 6439 2 9 50 O 20
6439 4185 2 41 226 M 10
6455 16839 2 1 2 O 30
6467 1852 2 12 63 O 20
1852 15023 2 6 29 O 10
15023 8834 2 4 19 O 20
8834 10441 2 31 170 M 20
10441 6462 2 13 68 O 10
6466 2176 2 8 43 M 30
2176 2174 2 2 11 O 10
2174 7792 2 10 53 O 10
7792 16711 2 4 18 M 20
16711 6454 2 3 15 O 30
6454 6462 2 5 24 M 30
6462 7823 2 11 60 O 10
7823 10440 2 6 33 O 30
10440 6456 2 19 103 O 30
6457 10129 2 10 55 O 10
10129 7574 2 10 52 M 30
7574 6453 2 8 43 O 20
10069 7821 2 6 30 O 10
7821 7819 2 10 51 O 10
7819 1853 2 7 36 O 30
1853 7815 2 11 56 O 10
7815 2495 2 7 38 O 10
6460 6458 2 27 149 O 10
6477 6486 2 11 56 O 10
6486 6524 2 5 25 O 20
8882 6519 1 42 230 O 20
6531 6473 2 29 160 M 10
6518 8876 2 5 27 O 10
8876 8884 2 11 61 O 20
8884 6479 2 2 6 O 10
6535 6543 2 12 65 O 30
6543 1993 2 1 2 O 30
1993 6514 2 20 107 O 20
6516 6492 2 9 49 O 30
7624 492 2 2 8 O 20
492 7622 2 9 49 O 10
6528 6485 2 7 35 O 10
6520 6525 2 5 26 O 20
6471 6529 2 12 64 O 30
9962 14541 2 6 33 O 30
14541 9959 2 31 170 O 20
6510 6501 2 12 62 O 30
6534 6545 2 5 23 O 20
6513 6471 2 8 40 M 20
11888 11886 1 8 43 M 10
11886 11889 1 12 62 M 10
11889 126 1 10 50 O 20
126 6538 1 3 15 O 20
6538 11836 1 7 37 O 10
11836 120 1 3 12 M 10
120 6532 1 9 49 O 10
8882 6505 2 6 31 O 30
6505 8881 2 11 60 O 10
8881 1106 2 2 10 M 20
1106 6519 2 5 22 O 10
6519 16198 2 2 11 M 10
16198 6483 2 10 53 O 30
6497 6543 1 27 148 M 20
14534 6502 1 11 57 O 30
6502 14533 1 9 49 O 20
14533 14534 1 20 106 O 10
6498 6507 1 14 75 O 20
6507 6494 1 5 27 O 20
6481 6484 2 9 46 O 20
6521 3221 2 6 32 O 10
3221 6526 2 24 132 O 10
14535 6936 2 9 46 O 30
6936 14532 2 9 49 O 20
14532 6544 2 2 6 O 10
6544 6539 2 3 12 M 20
6540 6545 2 4 22 M 10
6545 6541 2 6 28 M 30
6511 6484 2 19 101 O 10
6484 6470 2 6 30 O 10
6496 4370 2 16 83 O 10
6475 6470 1 32 177 O 30
6470 5722 1 11 59 M 20
8882 6509 1 4 17 M 20
6509 1093 1 7 34 O 30
1093 6504 1 7 35 O 10
6522 8487 2 17 93 O 30
6536 4369 2 11 57 O 10
6546 6495 2 9 50 O 10
6495 494 2 7 36 M 10
494 6476 2 12 62 O 20
6474 16212 2 7 36 O 30
6523 6541 2 6 30 O 20
6480 461 1 5 23 O 20
461 6494 1 15 80 O 20
6494 11834 1 11 59 M 20
11834 6493 1 13 71 M 10
6567 16223 2 8 44 O 20
13432 9866 2 6 33 O 30
9866 9591 2 3 15 O 30
9591 9583 2 12 63 O 20
2645 6552 2 21 114 O 20
6576 9853 2 16 88 O 10
9853 6568 2 12 62 O 20
6564 6548 2 7 37 O 20
6548 6555 2 19 101 O 20
6555 6564 2 12 63 O 10
6905 3530 2 17 91 O 20
3530 3533 2 5 28 M 30
3533 5040 2 12 65 O 30
6569 6571 2 12 64 M 10
6570 6556 2 18 98 O 30
6561 6562 2 30 164 O 30
6574 9840 2 1 3 O 10
9840 9842 2 6 29 O 20
9842 6552 2 9 45 O 20
6552 6575 2 5 27 O 20
6572 6557 2 11 59 M 10
6573 6561 2 3 11 M 30
6561 6555 2 3 14 O 30
6563 7410 2 5 27 O 20
6551 6554 2 20 106 M 30
6550 4403 2 12 65 M 20
8003 16643 2 7 39 M 10
16643 3332 2 5 27 M 10
3332 12729 2 1 4 M 20
12729 12730 2 1 5 O 20
12730 6605 2 17 94 O 30
6605 4424 2 4 20 O 30
6623 6609 2 12 62 O 30
6602 11195 2 14 74 O 20
6627 6577 2 15 79 O 10
6633 6636 2 14 74 O 20
6636 6577 2 3 15 O 20
6577 6610 2 6 31 O 30
6610 6589 2 16 84 O 30
6646 13807 1 32 173 O 10
13802 6604 1 7 34 O 10
6642 6641 2 6 33 O 30
6641 2561 2 8 39 O 30
2561 6579 2 3 16 M 10
6579 6600 2 4 17 O 20
6600 6589 2 8 41 O 20
6589 6595 2 16 87 O 30
6639 15163 2 2 10 O 10
15163 1631 2 4 17 O 10
1631 11198 2 8 41 O 10
11198 11197 2 3 16 O 20
11197 6631 2 10 50 O 30
6612 15103 2 2 10 M 30
6619 13802 1 5 23 M 30
13802 3293 1 7 36 O 20
3293 3290 1 12 64 O 10
3290 2152 1 2 7 O 10
2152 16134 1 4 17 O 10
6616 11175 1 5 26 O 30
11175 11177 1 6 33 M 10
11177 2027 1 5 24 M 20
2027 2025 1 10 54 O 30
2025 6625 1 1 3 O 30
15924 7387 1 34 184 O 30
8969 8970 2 11 59 O 20
8970 12634 2 8 44 O 10
12634 3265 2 2 8 O 30
3265 5831 2 13 70 O 10
5831 8972 2 9 47 O 10
8972 8971 2 2 8 O 10
8971 12674 2 3 15 M 20
6612 6601 1 14 75 O 30
15168 6618 2 2 11 O 20
6618 6624 2 15 78 O 10
8448 7536 1 35 193 O 30
7536 14889 1 19 100 O 10
7536 6585 1 21 116 M 30
6580 6632 1 7 36 M 30
6632 6630 1 9 48 O 30
13822 4743 2 11 57 O 20
6582 6581 2 7 37 O 20
16584 15924 1 13 68 O 20
15924 7388 1 14 75 M 10
7388 7387 1 9 48 O 30
7387 6642 1 10 51 O 20
6642 8447 1 11 56 O 30
3285 6628 2 9 48 O 30
6628 6587 2 3 16 O 10
6637 6608 2 13 72 O 20
6608 6628 2 7 38 O 30
6614 15101 1 15 79 O 10
15101 6583 1 2 9 O 20
6622 11179 1 2 9 O 20
11179 6585 1 8 39 O 10
6585 6630 1 5 27 O 10
6630 6625 1 6 32 O 20
6625 11184 1 5 26 O 30
6643 6620 1 30 166 O 10
6671 6691 2 29 159 M 10
12713 6651 2 11 59 O 10
6670 12629 2 11 59 O 20
12629 6669 2 3 11 O 20
6669 6649 2 8 40 M 20
6649 6657 2 7 38 O 10
6657 6661 2 8 41 O 30
6661 4034 2 5 28 O 10
4034 3197 2 1 2 O 10
3197 6684 2 10 52 O 30
6684 6673 2 6 29 O 20
6690 6679 2 26 143 O 10
12773 12772 2 15 82 O 10
12772 12770 2 6 28 O 30
12770 6656 2 6 33 O 20
12653 6290 2 10 51 M 20
6290 7527 2 12 62 O 30
7527 6295 2 8 41 O 30
6683 6662 2 13 70 O 30
12632 6649 2 7 39 O 10
12583 6663 2 10 53 O 30
6663 6664 2 5 24 O 10
6668 2624 2 4 20 M 20
12762 12764 2 8 41 O 20
6682 6654 2 9 46 M 30
12714 6651 2 4 19 O 20
6651 6676 2 11 57 O 20
6687 12584 2 6 30 O 10
6664 14640 2 4 19 O 10
14640 14637 2 7 36 O 30
14637 6683 2 11 58 O 10
6677 6685 2 6 29 O 30
6686 6659 2 4 19 M 20
6659 6660 2 7 35 O 30
15416 6652 2 3 14 O 30
6652 14636 2 6 30 O 10
15988 6688 2 8 44 O 30
6658 6657 2 5 22 O 20
6657 12627 2 4 22 O 10
12763 12764 1 7 38 O 20
12764 12765 1 11 56 O 30
6684 6667 2 14 75 M 30
15310 15107 1 23 123 O 30
14089 6702 2 33 179 M 20
16417 14015 2 35 193 O 20
6709 15109 2 16 84 O 30
14000 13971 2 9 48 O 10
13971 13972 2 5 27 O 10
13972 13995 2 12 64 O 10
13995 13973 2 5 23 O 30
13973 15191 2 2 6 O 10
15191 6748 2 3 16 M 10
6700 6697 1 22 122 O 10
6711 6705 1 23 122 O 30
6748 13974 2 7 34 O 20
13974 6754 2 35 190 O 20
15028 15029 2 21 111 O 20
15029 14948 2 6 31 O 20
14948 16682 2 20 107 O 20
6710 15208 2 8 41 O 30
6696 15111 2 8 44 O 20
16397 6698 2 10 51 O 30
6708 15198 2 29 157 M 10
15198 15200 2 5 22 M 20
15200 14105 2 6 31 M 30
6932 6793 1 11 56 O 30
6723 6726 2 26 143 O 30
6747 13499 2 4 22 O 20
13499 13979 2 14 76 O 10
6729 6744 2 19 102 O 20
14087 6766 2 13 70 O 10
6778 6761 2 3 15 O 30
6775 6731 2 8 39 O 20
6755 4736 2 16 88 M 30
6733 16541 2 7 38 O 30
16541 16543 2 8 41 O 20
16543 6746 2 22 120 O 10
6746 13978 2 9 49 O 30
6931 6786 2 7 37 O 20
6722 15503 2 25 134 O 10
15503 6760 2 2 6 O 30
6715 15185 2 4 18 M 10
15185 15186 2 11 58 O 30
15283 13997 2 46 253 M 20
13997 13996 2 4 18 M 30
13996 15281 2 2 6 M 20
15281 16485 2 15 83 O 10
16485 5514 2 5 26 O 30
12476 12475 2 7 38 O 30
12475 12477 2 8 43 O 20
12477 6789 2 6 33 O 30
6789 6770 2 9 49 M 20
6770 6768 2 5 23 O 20
6768 12402 2 5 26 O 30
16524 6748 2 24 131 O 20
4078 15300 2 13 72 O 10
6784 2828 2 6 29 O 20
2828 6734 2 6 31 O 20
6734 6719 2 7 34 O 20
6719 1506 2 7 33 O 20
1506 6740 2 9 49 O 30
6740 16452 2 6 30 M 20
16452 15027 2 18 97 O 30
3558 6774 2 21 113 O 30
6732 14941 2 5 25 O 10
14941 6713 2 11 61 O 20
6713 6777 2 18 96 O 20
3354 11041 2 10 54 O 30
11041 15306 2 3 12 O 30
3362 6741 2 4 20 O 30
6764 6761 2 17 90 O 10
6761 13996 2 6 32 M 20
6739 6779 2 11 57 O 10
3591 6787 2 7 39 O 20
14918 6790 2 15 83 O 10
6790 6745 2 8 43 O 30
6769 15286 1 8 42 O 10
15286 15307 1 10 53 O 10
15307 6717 1 5 27 M 30
6738 6728 2 13 72 O 10
6718 15211 2 6 28 O 10
15211 13954 2 23 123 O 10
6300 6743 2 6 32 O 20
6770 6737 2 5 24 O 30
6750 6735 2 13 72 O 10
16526 13958 2 17 92 M 30
14193 6820 2 8 43 O 30
6820 6814 2 7 36 O 10
6814 6822 2 13 68 O 30
6822 6829 2 15 83 M 20
6829 15846 2 14 75 M 10
3995 7561 2 15 83 O 30
6796 6808 2 8 41 O 20
6799 6812 2 30 162 O 10
6823 6803 2 21 111 O 20
6828 14192 2 27 148 O 20
6826 6794 2 10 51 O 20
6802 6806 2 12 66 O 20
6806 6801 2 7 36 M 30
6800 6817 2 14 76 O 20
6814 6818 2 13 67 O 10
6818 6797 2 13 68 O 10
15845 6829 2 35 194 O 10
16562 6816 2 18 98 O 30
6816 6798 2 11 60 M 10
6798 6797 2 8 42 O 30
6797 6807 2 3 12 O 30
6807 6794 2 5 24 O 30
6794 6804 2 4 19 O 30
6804 6803 2 6 31 O 10
6803 3997 2 9 48 O 10
6870 15839 2 12 63 M 10
15839 6809 2 6 32 M 20
6809 6822 2 32 177 O 30
6820 6819 2 15 82 O 20
16850 7561 2 1 4 O 10
6824 6807 2 24 130 M 20
4220 7621 2 2 10 O 20
6875 6846 2 33 179 O 10
6848 6855 2 10 53 O 10
6856 6837 2 12 67 O 30
6837 12401 2 2 11 O 30
12401 6841 2 4 20 M 10
6882 6831 2 17 90 O 10
6831 6881 2 10 52 O 30
6881 6851 2 43 235 O 20
6843 6859 2 5 26 O 20
6837 6843 2 7 37 O 10
6843 6860 2 8 44 O 30
6877 6859 2 6 29 M 30
6859 6845 2 7 37 O 10
6845 6879 2 5 27 O 20
6852 16838 2 1 3 O 30
6854 6874 2 13 72 O 20
6839 16320 2 4 17 O 30
16320 6844 2 7 37 O 20
6844 4030 2 20 107 O 10
4030 4169 2 35 193 O 10
4169 4170 2 7 37 O 20
16843 3996 2 1 2 O 30
6849 6851 2 4 21 M 10
6851 6847 2 12 65 O 30
6847 6835 2 34 184 O 10
6835 6855 2 19 101 O 30
6855 6871 2 9 47 O 30
6871 6853 2 10 55 O 20
6868 6876 2 35 190 O 20
6827 6874 2 13 68 O 20
6874 6881 2 8 43 O 10
6881 6835 2 10 53 O 20
6835 2158 2 8 40 O 10
2158 16293 2 1 3 O 10
16293 16562 2 12 65 O 20
6873 6845 2 6 33 O 30
6845 6860 2 6 29 O 20
6860 6866 2 7 34 O 10
6862 6846 2 23 125 O 30
6846 16261 2 7 34 O 30
16261 6861 2 7 38 O 30
6864 16268 1 41 224 M 30
16268 6862 1 12 63 M 20
6865 6880 2 20 110 O 20
6880 16263 2 13 72 O 30
16263 16265 2 35 189 O 20
16265 15626 2 19 105 O 10
15626 15627 2 6 31 O 10
6890 6885 2 11 57 O 30
6886 6899 2 15 79 O 10
6898 6889 2 14 74 O 30
15824 540 2 18 98 O 10
6902 6887 2 11 59 O 30
6891 6883 2 14 76 O 20
6903 6900 2 30 166 O 20
6888 6884 2 9 49 M 10
15827 6893 2 12 61 M 20
6896 6893 2 5 25 O 30
6893 15825 2 3 14 O 30
15825 6894 2 12 65 O 10
6897 6900 2 24 131 O 10
6900 6894 2 6 30 O 10
6894 4025 2 3 12 O 20
4025 6899 2 7 38 M 30
6899 6901 2 5 25 O 10
6901 6889 2 3 15 O 10
6889 6884 2 9 47 O 30
6895 6901 2 16 85 O 20
6909 6910 2 18 96 M 20
6911 6910 2 10 55 O 10
6910 6908 2 17 93 M 10
10016 13366 2 8 39 O 10
13366 778 2 20 109 O 10
6913 6912 2 17 90 O 20
4154 3863 2 6 31 O 30
3863 4418 2 15 80 M 10
4418 9263 2 2 9 O 30
9263 5710 2 4 18 O 30
5710 9976 2 21 113 O 20
9976 184 2 13 67 O 30
184 182 2 5 23 O 30
182 2073 2 9 46 O 10
2073 16705 2 10 52 M 10
16705 9267 2 26 141 O 30
9267 9295 2 6 32 M 20
9295 5721 2 10 50 O 30
6914 6915 1 18 97 O 30
12911 3951 2 54 297 O 30
3951 14454 2 3 12 O 20
11484 13720 1 18 98 O 10
8319 11495 1 13 68 O 20
11495 13894 1 3 12 O 10
13894 11492 1 9 49 M 30
11492 13891 1 8 43 O 30
5893 14207 1 4 18 O 20
14207 8338 1 5 24 O 20
13651 16747 1 6 31 M 20
4574 4575 1 16 85 O 30
5908 10800 2 9 46 O 30
10800 10684 2 7 36 O 10
10684 4934 2 3 13 M 20
4934 6921 2 3 12 O 30
6921 2504 2 5 25 M 10
2504 11209 2 4 19 O 20
11209 4938 2 2 11 O 30
4938 8151 2 11 57 O 10
8151 11207 2 2 9 O 20
11207 6235 2 2 10 M 30
13901 15931 2 11 57 O 10
15931 2405 2 2 9 O 20
2405 6920 2 7 36 O 30
5915 5913 2 18 97 O 20
5913 11433 2 4 19 O 10
7752 6923 2 3 13 O 30
6923 11451 2 10 50 M 10
11451 14231 2 3 15 O 30
6838 6842 2 3 13 O 30
6515 6501 2 8 39 O 20
6501 6226 2 4 17 O 30
16277 6873 2 11 59 O 30
6873 6838 2 6 30 M 30
6838 6872 2 22 122 M 10
6926 6928 1 5 24 M 10
6925 4544 1 3 11 O 20
6927 6925 1 5 26 O 30
14274 11372 2 7 34 O 20
11372 4935 2 2 6 M 20
6725 6719 2 15 78 M 30
6773 6734 2 17 91 O 10
6930 6929 1 6 31 O 20
4936 14274 2 5 25 M 30
4426 6930 1 2 10 O 20
751 15868 2 10 55 M 20
6863 6879 2 4 20 O 20
6879 6857 2 5 25 O 30
6793 6771 2 5 24 O 30
6980 6945 2 10 54 O 10
15072 6947 2 13 70 O 20
6949 6942 2 48 266 M 20
6942 3864 2 7 34 O 20
6959 6982 2 9 47 M 20
6950 16074 2 23 126 M 20
16074 6977 2 7 35 O 10
6977 6963 2 9 47 O 30
6963 6971 2 17 91 O 30
6971 6954 2 8 39 M 20
6954 6957 2 2 8 O 10
6957 6940 2 15 83 O 10
6940 6975 2 9 48 O 10
6975 6987 2 5 23 M 10
6941 6943 2 17 93 O 30
6968 6942 2 13 68 O 20
6973 15082 2 30 161 O 30
6951 6981 2 13 68 M 30
6955 6965 2 4 20 M 10
6965 6986 2 11 57 O 20
6986 6958 2 8 44 M 30
6958 6976 2 5 27 M 30
6976 6941 2 15 81 O 30
6941 15078 2 8 42 M 30
15078 6984 2 3 13 O 30
6984 15080 2 8 42 O 20
15080 6960 2 2 8 O 10
6960 6982 2 8 40 O 20
6982 6987 2 26 142 O 20
6987 6952 2 2 7 O 30
6952 2748 2 3 14 O 10
6940 6960 2 20 106 O 20
6964 3869 2 27 146 O 10
3869 6954 2 26 140 M 20
6956 6965 2 13 68 O 20
6978 6976 2 13 70 O 20
6988 6961 2 9 45 O 10
6961 6962 2 23 123 O 10
6962 6972 2 9 50 M 20
6972 6943 2 11 58 O 30
6943 6945 2 9 48 O 10
6945 6944 2 5 22 O 10
6944 6966 2 7 36 O 10
6966 15081 2 20 109 O 10
3866 6974 2 11 60 O 30
6979 6967 2 13 68 M 10
6985 6986 2 17 91 M 20
7027 6969 2 20 107 O 10
6969 6946 2 10 51 O 30
6953 6957 2 16 84 M 10
6948 6962 2 12 62 M 20
6989 14284 2 19 104 M 30
7087 7048 2 9 44 O 30
7048 7117 2 21 113 M 30
7117 7001 2 15 81 O 10
6993 7017 2 26 140 O 20
2773 7024 2 18 98 O 20
2770 7032 2 19 105 O 30
9882 3874 2 63 345 O 20
3874 7007 2 4 17 O 20
7007 7021 2 19 102 O 30
7006 6991 2 10 54 O 30
7022 2777 2 32 176 O 30
7018 7016 2 36 199 O 30
7016 15063 2 7 37 O 10
3874 3873 2 13 67 O 20
3873 7021 2 10 53 M 30
7021 4911 2 5 26 M 20
7023 7029 2 19 100 M 30
10656 2786 2 9 45 O 20
2786 7010 2 30 162 O 20
7010 7601 2 12 65 M 30
9883 7616 2 22 120 O 10
7033 7028 2 2 9 O 10
7028 6994 2 1 6 O 10
6994 15086 2 13 69 M 20
15086 6990 2 14 78 O 10
7031 7034 2 10 53 O 20
8016 8015 1 3 16 M 10
7035 7003 2 19 105 O 20
7020 6993 2 9 47 O 10
6993 7013 2 6 31 O 10
7030 7015 2 12 65 O 20
15488 7090 2 22 120 M 10
7038 7066 2 6 33 M 20
16899 7058 2 32 177 O 30
7058 6346 2 20 110 O 20
6346 7047 2 10 52 O 20
7047 16894 2 2 11 O 20
16891 7057 2 14 78 O 20
14982 14983 2 5 23 O 30
14983 7085 2 19 104 M 30
7094 7036 2 10 55 O 30
7113 7064 2 11 58 O 10
7064 7097 2 25 135 O 10
7115 7036 2 7 34 O 30
7036 3694 2 2 9 O 30
3694 5773 2 8 39 O 30
7070 8054 2 13 70 O 30
8056 7064 2 9 44 O 10
7116 7104 2 9 47 O 30
2782 7059 2 11 59 O 20
13705 7101 2 12 61 O 20
7101 13706 2 9 49 O 20
7057 16890 2 2 10 O 20
11121 7067 2 25 139 O 20
7067 7037 2 8 40 O 30
7080 13695 2 7 34 M 10
13695 7054 2 16 87 O 20
7074 15455 2 25 138 O 10
15455 7026 2 23 127 M 20
7077 13696 2 12 62 O 30
13696 3762 2 4 20 O 30
3762 5743 2 8 43 O 30
7092 7042 2 11 57 O 20
7051 7108 2 9 50 M 30
7091 11329 2 8 41 O 10
11329 10692 2 14 74 M 30
10692 10693 2 8 41 O 20
7081 6344 2 18 99 O 10
7061 7040 2 2 10 O 30
7040 10762 2 26 142 M 30
10762 7211 2 10 53 O 20
5737 13325 2 13 71 O 30
13325 7109 2 14 74 O 20
7028 7098 2 13 69 O 20
7098 7078 2 8 40 O 10
7093 7043 2 16 85 O 10
7043 7065 2 4 17 O 20
7082 7043 2 8 42 O 20
7056 6343 2 12 63 O 10
11330 7055 2 20 107 O 20
7079 7085 2 12 62 O 30
7085 7062 2 7 38 O 30
10698 7083 2 10 53 O 30
7110 7045 2 18 96 O 30
7096 7107 2 20 109 M 30
7102 5821 2 19 104 O 20
7103 11331 2 7 34 O 20
7069 10701 2 6 33 O 30
10701 7104 2 6 31 O 30
7104 7083 2 9 47 O 30
7083 7075 2 12 62 O 20
15487 7039 2 7 35 O 20
15649 7128 2 7 34 O 20
7128 7168 2 6 31 O 20
7168 15653 2 11 59 O 20
15653 15646 2 4 21 O 30
15646 7118 2 2 7 O 30
7177 7138 2 30 164 O 10
7138 4919 2 2 8 O 30
3826 7136 2 9 46 O 30
7136 7181 2 19 100 M 20
7181 7146 2 24 131 O 10
7176 7175 2 8 43 O 30
13919 7134 2 36 199 O 10
7122 16912 2 1 1 O 10
7140 15424 2 11 56 M 10
15424 7182 2 24 129 O 10
7139 7120 2 20 108 O 20
7147 7133 2 18 95 O 20
10674 7163 2 23 127 O 30
7163 7167 2 4 19 O 30
7167 7175 2 3 14 O 20
7175 10670 2 8 43 M 10
10670 7181 2 1 3 O 30
7149 7167 2 25 138 M 10
7142 7125 2 16 83 O 10
7166 7152 2 14 73 O 10
7152 7127 2 13 69 O 20
7122 13230 2 17 92 O 30
13230 7130 2 13 71 M 20
7130 7127 2 12 64 O 10
7127 13244 2 8 44 O 20
13244 13242 2 7 35 O 20
13242 13240 2 5 25 O 10
13240 7169 2 16 87 O 10
7169 3661 2 9 45 O 10
3661 13272 2 3 15 O 10
13272 7158 2 8 44 O 10
7158 3659 2 18 99 O 10
7159 7161 2 12 62 O 30
7154 7166 2 8 40 O 10
7173 7160 2 7 36 O 30
7160 7150 2 21 114 O 20
7150 7145 2 11 56 O 20
7174 7140 2 11 61 O 10
7140 7179 2 38 211 O 30
10619 7156 2 28 153 M 20
7153 7157 2 11 61 O 10
7131 14964 2 5 23 O 20
14964 14963 2 2 7 O 30
14963 7129 2 12 65 O 30
16552 7150 2 13 68 O 30
7172 7157 2 3 12 O 30
7157 7135 2 5 25 O 10
7135 7155 2 5 23 O 20
7155 7180 2 10 54 O 30
7232 7740 1 3 12 O 30
7237 7235 2 15 82 O 10
7233 13689 2 5 23 O 30
13689 11119 2 4 20 O 10
11119 5739 2 4 19 O 20
10728 7224 2 4 19 O 20
7224 15438 2 5 27 M 20
13863 10794 1 10 50 O 30
7207 10757 2 10 50 O 10
7248 7239 2 12 66 O 30
7231 3227 2 5 27 O 30
3227 11212 2 3 16 O 20
11212 7247 2 15 80 O 10
7247 10782 2 10 55 O 20
10782 5916 2 1 3 O 20
7201 5754 2 9 47 O 30
7187 7185 2 16 88 O 30
7185 3755 2 3 16 O 20
13647 3705 2 1 4 O 10
3705 3702 2 3 14 O 30
3702 7234 2 4 21 M 20
7213 3782 2 15 83 O 30
3782 7210 2 2 10 O 10
7210 7191 2 4 19 O 10
7219 7195 1 18 95 O 30
7195 7232 1 20 108 O 30
7220 7208 2 10 52 O 10
7197 7185 2 11 56 O 20
7230 5820 2 7 38 O 20
10802 11447 1 17 90 O 10
5736 13253 2 7 34 M 30
13253 13250 2 13 70 O 30
13250 13683 2 2 10 O 10
7227 7202 2 22 119 O 30
7202 13656 2 2 9 O 30
7189 7242 2 18 96 M 10
7236 7195 2 9 47 O 30
7245 7206 2 12 63 O 30
7479 14676 1 2 9 O 30
14676 7975 1 2 11 O 20
10765 7229 2 24 133 O 20
7738 4338 1 2 9 M 20
7225 8097 1 12 62 O 10
8097 10789 1 2 9 O 10
10789 3024 1 4 19 O 10
3024 13707 1 2 6 O 30
13707 7193 1 3 12 O 20
7193 7184 1 10 53 O 10
7217 13666 2 9 46 O 10
13666 7203 2 8 43 M 20
7205 7240 2 4 21 O 10
5723 7226 2 13 69 O 10
13684 7233 2 13 67 O 10
7231 16646 1 13 68 O 30
16646 10681 1 1 5 O 30
10681 13864 1 5 27 O 10
13864 11301 1 8 41 O 10
11301 11299 1 4 21 O 10
11299 5811 1 5 26 O 30
7214 7223 2 15 82 O 20
7250 8099 2 7 36 O 20
8099 7222 2 2 6 M 10
7222 11314 2 9 48 M 20
11314 13653 2 8 43 O 10
13653 7193 2 8 40 O 10
10716 7188 2 8 40 O 30
7194 7198 2 3 16 O 30
8104 7212 2 25 134 O 30
10841 10839 1 12 63 O 20
10839 7262 1 11 58 O 10
7262 7257 1 13 70 O 30
7260 7252 2 11 57 M 10
14041 14030 1 11 60 O 10
7255 7263 2 14 74 O 10
7261 7255 1 6 31 M 10
7255 7254 1 3 16 O 10
7254 7251 1 7 34 O 20
4746 3301 1 8 40 O 30
3301 14034 1 5 24 O 30
14034 3294 1 9 45 O 10
3294 7256 1 6 28 O 20
7259 7264 1 22 117 O 20
10943 10942 2 3 13 O 30
10942 7266 2 7 35 O 30
7275 7272 2 19 101 O 10
10935 7273 2 11 57 O 30
7270 7269 2 5 27 O 10
7269 10941 2 9 45 O 20
7276 14045 2 8 42 M 30
7268 7271 2 3 14 O 30
7277 10861 2 14 73 M 30
10861 7275 2 17 91 O 30
7265 5808 2 9 49 O 20
7284 7315 2 13 70 O 20
7315 3147 2 2 11 M 20
3147 7335 2 7 38 O 30
7296 7319 2 10 50 O 30
7319 13455 2 10 51 M 30
13455 7322 2 3 14 O 20
7322 3154 2 6 28 M 30
3154 13458 2 11 60 O 30
13458 7281 2 7 38 M 20
7281 3156 2 4 22 O 30
3156 9518 2 8 40 O 20
9518 9517 2 7 34 O 10
9517 7300 2 7 37 M 30
7344 7311 2 28 153 O 20
7342 7317 2 14 74 O 30
7317 7315 2 11 58 O 30
7309 7320 2 9 50 O 30
7320 7283 2 16 87 O 30
7324 9452 1 6 32 O 10
9452 9451 1 4 19 O 10
9451 9420 1 3 11 M 30
9420 9458 1 3 11 O 20
9458 9417 1 8 41 M 30
9417 9416 1 3 14 O 20
9416 9449 1 14 74 M 20
9449 13469 1 3 13 O 20
13469 9423 1 3 13 O 20
9423 7285 1 6 32 O 30
7316 9492 2 5 24 M 10
9492 14564 2 3 15 M 10
14564 9499 2 7 36 O 20
9499 15565 2 8 40 O 20
15565 14565 2 8 44 O 10
14565 15566 2 7 34 O 30
15566 9505 2 3 16 O 20
9505 9508 2 3 15 O 30
9508 9521 2 11 60 O 10
9521 9515 2 2 11 O 30
9515 7355 2 5 26 O 20
7355 7338 2 4 17 O 10
7338 9495 2 8 43 O 20
9495 7281 2 9 45 O 10
16464 7346 2 13 67 M 30
7301 7278 2 6 32 O 30
7278 16472 2 10 50 O 30
14568 7295 2 8 40 O 20
7295 14550 2 10 51 O 30
14550 7340 2 14 74 O 30
7340 16729 2 31 171 O 10
7279 7339 2 10 53 O 10
7323 7339 2 8 41 O 30
7339 7290 2 2 6 O 10
7299 7311 2 9 45 O 10
7311 7288 2 33 179 O 20
7288 7336 2 7 36 O 20
7326 3523 2 17 93 O 10
3523 16461 2 5 24 O 30
16461 7304 2 9 47 O 10
7304 7345 2 2 9 O 20
7345 15001 2 3 13 O 30
15001 3521 2 9 48 O 30
3521 16442 2 4 21 O 20
16442 7302 2 9 46 O 20
7302 7310 2 3 15 M 20
7310 16462 2 3 16 O 10
9241 9247 2 8 42 O 10
9247 9238 2 14 75 O 10
9238 3508 2 23 128 M 10
7341 9193 1 7 37 M 30
9193 9424 1 2 10 O 20
9424 7350 1 3 13 O 30
7350 9196 1 7 36 O 30
9196 9444 1 10 54 M 10
9444 7313 1 5 28 O 20
7313 7297 1 18 100 O 20
7340 13474 1 11 57 O 10
13474 14568 1 25 134 O 10
7305 7293 2 14 75 M 20
7293 7343 2 5 25 M 10
7310 16463 2 10 55 M 20
7328 16468 2 15 81 O 10
16468 7290 2 6 31 O 10
7290 7329 2 10 50 M 10
7307 7304 2 13 69 M 10
7337 9191 2 4 21 O 20
9191 7292 2 12 65 O 20
7292 9497 2 43 237 M 20
9497 7338 2 7 36 O 20
7278 7333 2 17 92 O 10
7333 7321 2 2 8 O 10
7321 7302 2 20 109 O 10
7298 7335 2 14 75 M 30
7312 7293 2 16 88 M 10
9215 7351 2 8 43 O 30
9250 9215 2 11 60 O 20
7359 7353 2 9 47 O 20
9216 9207 2 16 89 O 30
16373 16372 2 5 24 M 10
16372 7349 2 5 22 O 20
9201 2703 2 10 51 O 30
7355 9526 1 4 19 O 20
9526 13446 1 13 69 O 30
13446 13448 1 4 20 M 10
13448 13450 1 4 20 O 10
13450 13452 1 4 22 M 20
13452 7341 1 8 41 O 20
9197 9198 1 17 90 O 10
9198 9199 1 2 8 O 20
9199 7350 1 7 38 O 10
5862 2264 1 17 90 O 10
2264 12126 1 1 6 M 10
12126 2274 1 18 99 M 20
2274 2273 1 3 13 O 20
2273 6123 1 8 44 O 10
7363 7366 2 9 47 O 10
7365 7368 2 9 48 O 30
7368 894 2 2 10 O 20
894 14492 2 2 8 O 10
7367 7364 2 9 50 O 20
7370 4776 1 11 59 M 10
7372 10779 2 5 26 O 20
10779 10740 2 2 7 O 10
10740 10739 2 5 24 O 20
10739 7373 2 6 30 O 30
7375 13739 1 2 9 O 20
13739 11293 1 4 19 O 30
11293 10723 1 3 12 O 20
10723 13740 1 4 22 O 10
13740 10735 1 4 22 M 20
10735 7376 1 2 10 M 30
7376 10726 1 4 22 M 10
10726 13741 1 4 20 O 20
13741 7377 1 4 20 M 30
7377 7378 1 10 50 O 30
15434 5789 2 1 5 O 10
5789 10639 2 12 64 O 30
10639 5794 2 14 72 O 10
5766 5789 1 9 46 O 10
5789 5785 1 8 43 O 10
5785 13660 1 9 45 O 10
13660 13235 1 9 45 O 30
13235 15434 1 8 43 O 10
15434 13657 1 9 46 O 10
7381 12146 1 8 44 O 30
12146 4113 1 4 21 M 30
4113 4111 1 4 21 O 10
4111 7380 1 7 38 O 10
8188 7384 1 8 40 O 30
5907 15141 1 1 4 M 10
5907 5905 2 14 78 O 30
5905 5904 2 15 81 O 30
6579 6627 2 12 65 O 20
6627 15169 2 6 30 O 10
7389 7390 2 10 55 O 30
4933 11220 2 5 23 O 20
7394 10754 1 8 40 O 20
10754 7393 1 8 41 O 20
5807 5833 2 14 74 O 20
5833 11160 2 11 59 O 20
11160 11174 2 12 63 O 10
11174 11147 2 3 12 M 20
11147 8108 2 14 75 M 20
8108 5837 2 3 13 O 30
5837 11141 2 40 220 O 20
11141 15347 2 17 90 O 30
15347 15495 2 21 113 O 30
15495 5808 2 12 66 O 10
5808 13732 2 13 68 O 10
7395 7396 2 8 41 O 10
7396 3002 2 2 9 O 10
3002 7397 2 5 23 O 30
5855 5523 1 4 21 O 30
5523 12243 1 3 15 O 20
12243 4835 1 21 113 M 10
4835 4836 1 12 66 O 30
4836 12235 1 1 4 M 10
12235 1678 1 8 42 O 20
1678 6124 1 8 40 O 30
6124 4837 1 7 37 O 20
5843 5848 1 4 18 O 20
5848 5844 1 10 51 O 30
5844 5845 1 4 18 O 10
5845 6329 1 6 32 O 30
6329 4346 1 7 39 O 30
4346 6330 1 6 33 O 10
6330 4360 1 11 58 O 20
4360 15708 1 2 6 O 30
15708 4359 1 3 13 O 30
4359 12253 1 9 44 M 20
12253 12289 1 1 2 O 30
12289 15690 1 4 22 O 20
15690 5847 1 6 29 O 10
7399 8143 2 16 84 O 20
15629 5851 1 3 11 O 20
5851 12216 1 5 25 O 20
12216 12218 1 7 34 M 10
12218 6114 1 4 20 O 20
6114 7362 1 1 5 O 30
7362 12141 1 10 53 O 30
12141 6115 1 2 11 O 30
6115 6113 1 6 32 M 30
6113 4834 1 5 24 O 20
4834 7969 1 3 13 O 10
7969 7525 1 8 43 O 30
7525 7380 1 7 37 O 20
7380 5854 1 4 22 O 20
5854 12194 1 12 64 O 20
12194 6245 1 9 49 O 20
7403 7861 2 21 115 O 20
7861 7404 2 6 32 O 10
12028 7868 2 12 62 O 30
7868 1965 2 5 25 M 30
1965 12046 2 6 30 M 10
12046 12048 2 9 48 O 20
12048 12057 2 6 28 O 20
12057 12050 2 1 5 O 10
12050 12054 2 10 55 O 30
12054 7404 2 7 37 M 30
7404 4760 2 9 49 O 10
16103 12020 2 4 20 O 10
12020 7407 2 16 85 O 20
7407 7408 2 1 5 O 20
14268 14936 1 6 29 O 20
14936 7416 1 7 36 M 30
7416 7417 1 11 58 O 20
7418 8192 1 8 43 O 20
8192 7416 1 3 16 O 10
7422 7864 2 16 85 O 10
7864 7420 2 3 14 M 10
7420 7421 2 9 49 O 10
7422 12000 2 10 51 O 10
12000 12001 2 6 32 O 30
12001 12010 2 9 48 M 20
12010 7423 2 6 29 O 20
8425 807 1 8 40 M 30
807 2413 1 4 19 O 30
2413 14903 1 10 53 O 10
7424 1445 2 6 31 O 10
1445 7427 2 4 18 O 30
7428 1439 1 5 26 O 20
1439 1435 1 3 14 O 20
1435 1437 1 1 4 O 30
1437 7427 1 10 51 O 20
7425 1443 1 8 41 O 10
1443 7430 1 12 64 M 10
7433 12324 2 14 76 O 10
12324 7434 2 7 37 M 20
7438 11724 1 15 83 M 10
11724 8253 1 3 13 O 10
8253 8251 1 5 24 M 20
8251 7439 1 9 47 O 30
7440 7441 1 1 5 O 10
7441 11743 1 8 41 O 10
11743 11745 1 4 18 O 10
11745 11728 1 7 37 O 30
11728 718 1 4 18 O 20
718 11731 1 6 31 O 20
7443 7444 1 17 93 O 20
10072 1776 2 3 15 O 30
1776 1774 2 6 29 O 30
1774 1770 2 9 45 O 30
1770 10073 2 9 47 O 30
10073 7673 2 10 53 O 10
7673 8686 2 3 12 O 10
8686 7672 2 2 6 O 10
7672 6456 2 6 31 O 30
6456 7671 2 10 51 O 10
7671 8680 2 12 65 M 10
7447 7448 2 9 46 O 30
7449 13627 2 3 12 O 10
7451 7452 2 12 63 O 10
4322 15706 1 16 86 M 30
15706 1258 1 2 10 O 20
1258 4310 1 19 104 O 20
11159 5901 1 27 146 O 10
5901 11257 1 22 118 O 30
11257 7744 1 1 4 O 20
7744 4739 1 8 39 O 20
4321 4064 1 15 83 O 10
4064 8317 1 24 128 M 30
13904 7232 1 3 12 O 30
7576 14128 2 6 30 O 20
8395 15513 1 4 20 O 20
15513 13900 1 34 184 M 20
7459 7457 2 5 28 O 10
7457 7458 2 9 45 O 10
7458 7459 2 1 5 M 20
7459 7460 2 5 24 M 30
11525 11523 2 20 107 M 20
7465 7466 2 9 45 O 10
7470 7471 1 15 81 O 20
7468 16607 2 14 75 O 20
5888 14411 1 3 13 O 10
14411 7440 1 19 103 M 10
7440 5886 1 7 35 O 30
5886 11740 1 8 39 O 10
11740 5887 1 4 18 O 20
5887 8277 1 4 20 O 10
8277 8260 1 8 40 O 20
8260 11717 1 7 38 O 20
11717 2699 1 2 9 O 20
2699 11790 1 3 16 O 30
11790 8255 1 4 19 M 10
8255 6262 1 6 29 O 30
6261 5885 1 5 28 O 30
5885 15859 1 5 24 O 10
15859 11794 1 8 41 M 10
11794 710 1 6 31 O 30
710 14417 1 2 6 O 20
14417 8268 1 7 34 O 20
8268 8272 1 7 37 O 20
5024 4998 1 7 34 O 30
5045 5002 1 7 35 O 10
5002 5033 1 6 32 M 10
5033 5012 1 4 19 O 10
13742 7655 1 9 48 O 10
7491 4303 1 6 30 M 10
4303 4302 1 8 42 M 10
4302 5024 1 7 37 O 20
4957 11602 1 7 39 O 20
11602 4311 1 7 37 O 10
7495 7492 1 17 90 O 20
7494 8280 2 16 85 M 30
4976 11598 1 1 2 O 20
11598 4971 1 8 43 O 20
7505 7506 1 9 49 O 10
7506 5888 1 12 66 M 20
8393 8140 1 4 21 O 20
8140 8392 1 17 90 M 10
5522 5520 1 6 30 O 30
5520 14426 1 5 23 M 30
14426 11766 1 15 79 O 20
11766 5519 1 8 39 O 20
7504 11709 1 1 5 O 20
11709 8265 1 6 32 M 20
8265 11666 1 7 35 O 20
11666 864 1 4 19 O 20
864 6151 1 4 18 O 10
6151 7503 1 2 10 O 20
7503 6150 1 4 19 O 10
6150 6149 1 7 35 O 20
6149 6148 1 7 34 O 10
6148 6147 1 7 35 O 20
6147 6146 1 7 34 O 10
6146 7443 1 18 95 O 10
7443 6137 1 8 40 O 20
6137 6136 1 14 77 M 10
7503 8169 1 6 28 O 30
7500 7498 2 5 26 O 20
7499 7500 2 2 8 O 10
7500 16943 2 3 11 M 10
16943 7498 2 3 11 O 30
7498 7497 2 3 12 O 30
5520 7509 1 18 99 O 10
7508 8327 1 5 27 O 20
7507 11786 1 11 60 O 30
11786 16753 1 16 83 O 10
16753 890 1 1 3 O 10
890 904 1 7 39 O 20
904 11784 1 9 46 M 30
11784 11679 1 5 24 M 10
11679 11678 1 3 14 O 20
11678 8150 1 7 34 O 20
11782 11783 2 4 22 O 30
11768 11774 2 2 9 O 20
11774 11775 2 9 44 O 20
11775 7512 2 5 27 M 20
7512 785 2 8 43 M 20
785 787 2 2 6 O 20
787 7510 2 4 21 O 20
6753 6765 2 2 7 M 30
6765 4749 2 3 12 O 20
4749 6728 2 3 13 O 10
6728 15306 2 10 50 O 30
15306 6756 2 2 6 O 10
6756 4758 2 17 91 O 20
4758 6695 2 5 27 O 30
6695 15309 2 20 108 O 10
15309 11063 2 11 60 O 10
11063 11059 2 11 61 M 30
11059 4757 2 3 13 O 30
4757 3357 2 1 2 M 20
3357 15280 2 5 28 O 10
15280 6707 2 2 6 O 10
6707 15278 2 6 32 O 20
15278 14748 2 9 49 O 20
14748 16665 2 9 46 O 30
16665 101 2 11 60 O 20
101 11054 2 7 34 O 30
11054 7610 2 7 34 O 30
7610 8820 2 9 46 M 30
8820 14056 2 10 53 O 20
14056 15293 2 3 15 O 30
15293 14519 2 12 63 O 30
14519 14750 2 2 7 O 10
14750 10993 2 16 84 O 10
10993 14524 2 7 37 O 30
14524 3385 2 5 25 M 30
3385 14753 2 9 46 O 10
14753 4755 2 4 20 O 30
11628 4993 1 5 24 O 20
7522 2200 1 7 36 O 10
2200 2215 1 16 84 O 10
2215 7523 1 1 2 O 30
6268 16145 2 9 47 O 30
16145 6269 2 5 25 O 20
6269 6273 2 10 52 O 10
6273 12808 2 4 17 O 20
12808 6276 2 7 36 O 20
11888 11838 2 29 161 O 30
6752 5841 1 18 100 O 30
5841 5828 1 7 35 O 30
5828 13999 1 16 86 O 30
4868 3352 1 7 36 O 30
3352 10988 1 9 47 O 10
10988 4867 1 9 45 O 30
7513 13635 2 2 10 O 30
11835 15889 1 2 6 O 20
15889 469 1 1 4 M 20
469 1665 1 1 2 O 20
1665 15034 1 35 192 M 20
15034 6480 1 7 38 O 30
7521 7386 1 4 17 O 20
7525 3957 2 7 38 M 10
3957 7524 2 3 15 O 30
6107 16569 2 4 18 O 10
16569 7529 2 1 4 O 30
7518 7517 2 3 14 O 10
6106 6105 2 5 28 O 30
6105 16387 2 1 2 O 10
11592 7514 2 2 10 O 10
7516 7517 2 5 24 O 30
7517 7515 2 6 29 M 30
7515 7516 2 3 12 O 20
7520 15153 2 4 17 O 10
4557 4565 1 9 50 M 10
14345 14340 2 9 47 O 20
6805 6809 2 10 54 M 30
6806 4221 2 10 55 O 20
7534 7533 2 16 84 O 10
6878 6882 2 15 83 O 10
6882 7537 2 2 9 O 30
7537 6853 2 21 113 M 30
6853 15062 2 3 13 O 20
15062 16286 2 4 22 O 10
16286 207 2 21 113 O 10
6816 16302 2 21 116 O 10
16302 6808 2 10 53 O 30
6808 6815 2 13 71 M 30
6804 6811 2 5 25 O 20
4829 5876 1 10 50 M 10
14120 10210 2 15 81 O 20
10210 10116 2 6 32 O 30
10116 3807 2 17 92 M 30
3807 10206 2 7 33 O 20
10206 10412 2 12 62 O 20
10412 14121 2 11 56 O 20
14121 14110 2 21 113 O 10
7537 15681 2 20 106 O 10
15681 16289 2 10 51 M 20
16289 16290 2 21 116 O 30
16290 15683 2 11 60 O 30
15683 16859 2 11 57 O 10
6818 6819 2 7 35 O 30
6819 14194 2 10 53 O 20
7244 7738 1 3 11 O 20
7553 1926 1 15 81 O 20
1926 7555 1 41 223 O 10
7555 10054 1 8 44 O 10
15501 14503 2 11 57 O 20
14503 6180 2 7 38 M 30
6180 1922 2 5 26 O 10
7549 10092 2 9 45 M 10
10092 7835 2 10 51 M 10
7835 10090 2 7 38 O 20
10090 7836 2 8 40 M 20
7836 7547 2 17 89 O 30
7547 10085 2 18 96 M 30
10085 2889 2 23 123 M 30
15508 7546 2 5 25 O 20
7548 7549 1 5 24 O 20
7549 10137 1 5 22 O 20
10137 7551 1 8 43 O 30
7535 10123 1 16 86 O 20
10123 2894 1 7 35 O 10
13651 7244 1 10 54 O 10
7556 7738 1 5 27 O 30
8431 14218 1 13 69 M 30
14218 8435 1 16 86 M 20
7557 7558 1 25 138 O 20
7559 1752 1 6 28 O 30
1752 1744 1 8 44 O 30
1744 1747 1 3 12 O 30
1747 1743 1 1 2 O 30
1743 1741 1 5 26 O 20
1741 7560 1 5 24 M 10
7562 10053 2 15 78 O 10
10053 7570 2 5 22 M 20
7570 7568 2 14 75 O 30
7564 7565 2 18 95 O 20
7572 7573 2 17 91 O 30
7566 7569 2 31 170 O 30
2390 16817 2 5 23 O 20
16829 7567 2 1 2 O 30
7563 7574 2 17 91 O 30
2520 7586 2 12 64 O 20
7586 2514 2 11 59 O 20
2514 2512 2 15 81 O 20
2512 7575 2 3 12 O 10
7575 13677 2 14 78 O 10
13677 7200 2 45 245 O 30
7200 3689 2 5 25 M 30
3689 7188 2 5 23 O 10
7188 5779 2 9 47 O 30
7577 7578 1 5 25 O 30
11276 8063 2 12 62 O 30
8063 4905 2 3 14 O 30
8562 5960 2 9 45 M 20
5960 8555 2 13 71 O 30
8555 15869 2 5 24 O 20
15869 4787 2 2 7 O 20
4787 8551 2 5 24 M 30
8551 1937 2 1 4 O 10
1937 3837 2 9 45 M 20
3837 3834 2 7 36 O 20
3834 3838 2 9 47 O 30
3838 11802 2 15 81 O 20
11802 8561 2 8 41 O 10
6537 5958 2 7 36 M 20
7581 748 2 6 28 O 10
748 7582 2 5 24 M 10
7071 7097 2 18 95 M 10
7097 7107 2 3 12 O 10
7107 7073 2 3 14 O 30
7474 8046 2 4 21 O 20
8179 11347 1 26 144 O 20
11347 11346 1 11 60 O 10
10859 2510 2 12 63 O 10
2510 7586 2 3 11 M 30
3778 10623 2 28 150 O 20
10623 10891 2 20 106 O 30
13306 13304 1 5 23 O 10
13304 7588 1 12 64 O 10
4778 4781 2 3 16 O 10
8029 8025 1 7 34 O 10
8025 4044 1 6 32 O 30
4044 8011 1 77 427 M 10
8011 7894 1 18 95 O 30
4941 13563 2 7 37 O 30
7589 7590 2 31 172 O 30
7591 7595 2 10 50 O 20
7595 7593 2 8 39 O 30
7593 10910 2 7 37 M 30
10910 7592 2 1 5 M 30
7592 10907 2 9 45 O 10
10907 10908 2 8 41 M 20
7593 7594 2 12 66 O 20
7595 10905 2 15 79 O 20
3655 10831 2 4 18 M 10
10831 7596 2 10 50 O 10
7597 13266 2 26 142 M 10
13266 13268 2 3 17 O 10
7599 10828 2 26 141 O 10
13985 10848 2 11 57 M 30
10848 7600 2 18 100 O 20
8047 7601 1 27 145 O 20
14298 7665 2 32 175 M 30
7665 16937 2 26 140 O 20
8822 3378 2 1 4 O 20
3378 3370 2 4 22 O 10
3370 8850 2 11 59 O 20
4750 16934 2 8 44 O 20
3371 7609 2 31 168 O 20
16929 11065 2 16 88 O 20
11065 13977 2 8 42 O 30
14053 11056 2 7 37 O 10
11056 15137 2 7 35 O 30
8076 9663 1 4 21 M 10
9663 2900 1 2 9 O 30
2900 8089 1 2 8 O 30
8089 9666 1 5 25 O 20
9666 7614 1 6 31 O 30
7614 9664 1 4 20 O 10
9664 7612 1 4 21 M 20
7612 2907 1 4 20 O 10
2907 7611 1 5 24 O 30
7612 7613 2 23 127 O 30
7614 7615 2 20 107 M 10
7622 7759 1 17 92 O 10
7759 7623 1 12 66 M 10
7623 490 1 7 35 M 30
490 7446 1 6 32 O 30
7626 3972 2 5 23 O 20
3972 7625 2 13 69 O 30
13659 13259 2 23 124 O 10
15610 7629 2 21 116 M 30
7632 10515 2 7 38 O 10
10515 10513 2 10 54 M 30
10513 10226 2 14 76 M 20
10226 14912 2 20 108 O 20
7635 16573 2 16 84 O 30
16573 10232 2 21 113 M 20
10232 10233 2 8 43 M 30
7637 7636 1 24 128 O 30
15642 8704 2 39 213 O 20
8763 7638 2 11 60 O 20
7638 8740 2 8 44 O 30
8740 8745 2 7 36 O 20
8745 8751 2 3 13 O 20
8751 8750 2 4 19 O 30
7649 14306 2 6 28 M 30
14306 7647 2 15 80 O 20
10456 7650 2 16 88 M 30
7650 10567 2 16 85 O 10
10567 10570 2 11 61 M 30
10458 10459 2 1 5 O 30
10459 7641 2 24 132 O 30
16818 8709 2 63 349 O 20
7653 2952 2 4 20 O 20
2952 11401 2 52 286 O 30
13193 8609 1 11 58 O 10
8609 8612 1 6 29 M 10
8579 13195 2 5 25 O 10
13195 35 2 3 14 O 20
35 7656 2 3 13 O 20
8368 4459 2 10 50 O 20
4459 7915 2 2 9 M 30
7662 5730 2 20 108 O 20
7592 10904 2 7 36 O 20
10904 10902 2 7 36 O 30
10902 10912 2 97 538 O 10
10912 7663 2 38 209 M 20
7664 131 2 32 174 O 20
7665 7666 2 24 133 O 30
7666 16938 2 12 63 O 20
8051 7071 1 12 65 O 20
7073 10696 2 13 69 M 20
10696 7114 2 4 19 O 10
6057 6056 1 7 37 O 20
6056 6053 1 7 37 O 30
6053 12964 1 8 41 O 20
12964 12972 1 5 28 O 30
12972 12966 1 2 11 O 20
12966 6046 1 4 18 M 30
6046 6045 1 4 20 M 30
6045 15901 1 1 5 O 20
15901 12985 1 4 20 O 30
12985 12968 1 4 21 O 30
12968 6043 1 2 11 M 10
6043 12983 1 4 19 O 10
12983 12969 1 9 47 O 30
12969 6038 1 7 38 O 30
6038 12956 1 7 38 O 20
12956 6037 1 9 50 O 20
6037 12990 1 4 19 O 30
12990 5166 1 8 43 O 10
4526 4528 2 3 14 O 30
4528 13040 2 13 70 M 20
5192 13025 1 2 7 O 10
13779 6455 2 13 70 O 10
6455 1783 2 2 8 O 10
1783 1786 2 6 32 M 20
1786 7813 2 7 37 O 30
7813 6459 2 6 32 O 10
6459 10434 2 2 9 O 10
10434 2495 2 4 17 O 20
2495 6467 2 11 57 O 30
6467 1788 2 2 8 O 20
1788 10438 2 3 15 O 20
10438 10436 2 8 39 O 20
10436 7674 2 21 116 O 30
7674 6220 2 5 22 M 10
6220 1780 2 4 18 O 20
1780 10072 2 2 8 O 20
7679 7680 1 7 36 M 30
7677 7681 1 7 38 O 10
7678 5940 1 5 22 O 10
7676 7675 1 7 36 O 30
7678 5939 2 2 8 M 10
7683 7682 1 6 31 O 20
7684 7686 2 14 78 O 10
7686 1981 2 26 141 O 10
1981 1982 2 9 46 O 20
1982 7686 2 3 14 O 30
5197 5192 1 6 33 M 20
5193 5197 1 7 34 O 20
7689 7687 1 5 24 O 30
7688 13029 1 1 5 O 30
7690 7691 2 8 40 M 10
7691 5170 1 7 35 M 10
7691 12980 2 1 3 O 30
7693 7694 2 9 47 O 30
7694 12992 2 4 21 M 10
7694 7702 2 3 15 O 20
7695 5248 2 3 14 O 20
7696 7695 2 2 6 O 20
7697 7698 2 5 24 O 30
15902 1884 2 4 17 O 30
7701 7702 2 11 60 O 30
4532 4540 1 3 15 O 30
12892 7704 1 7 37 O 10
7704 4527 1 25 134 O 10
3895 12891 1 16 86 O 30
9726 7708 2 4 17 O 30
7708 6026 2 4 18 O 10
6026 7709 2 3 16 O 30
7709 12428 2 11 58 O 10
12428 2826 2 1 4 O 10
6026 7707 2 5 27 O 30
7713 7706 2 17 89 O 10
7711 7709 2 9 46 O 30
7709 7712 2 8 41 O 20
2824 7716 2 26 144 O 10
7708 7705 2 25 138 O 10
4306 5003 1 15 82 O 10
7732 7733 1 2 9 M 20
5707 925 1 9 48 O 20
925 4446 1 3 13 O 30
4446 7732 1 8 39 M 30
7733 4469 1 5 26 O 30
7734 4473 1 4 19 O 30
7735 7734 1 2 9 O 10
8305 7735 1 4 18 O 20
13748 4534 1 28 151 O 20
4534 8420 1 16 84 O 10
8420 424 1 8 44 O 20
424 426 1 6 31 O 10
426 4533 1 6 29 O 20
4533 4541 1 8 42 O 30
8316 463 1 5 25 O 20
463 13759 1 4 18 M 30
4465 7734 1 5 23 O 10
7735 4457 1 5 23 M 10
8300 4578 1 8 42 O 20
4578 15692 1 12 66 O 20
13743 4662 1 8 43 O 20
4662 4582 1 7 38 M 30
4582 4336 1 6 32 O 10
4336 8306 1 5 24 O 30
7733 8363 1 3 11 O 30
7732 4495 1 8 39 O 20
4468 7733 1 7 38 O 20
4338 7741 1 7 38 M 30
7741 13904 1 3 14 O 30
7740 7739 1 7 38 O 10
7736 4432 2 3 11 O 30
7482 7746 1 2 9 O 10
7746 7745 1 5 24 O 20
7745 7744 1 3 14 O 30
7737 7736 2 6 31 O 10
7754 7752 2 20 108 O 30
7753 13766 2 9 47 O 20
7764 7761 2 9 45 O 30
7765 8499 2 21 114 O 30
7446 7763 1 5 22 O 10
5958 8558 2 6 30 M 10
8558 8560 2 10 52 O 10
7759 7758 2 7 35 O 10
6530 6520 2 4 19 M 10
6520 8523 2 2 8 O 10
8523 7755 2 3 16 O 30
7755 7756 2 8 39 O 20
7762 7760 1 5 24 O 30
8826 7768 2 23 122 O 10
10067 7769 2 18 98 O 20
7769 7770 2 10 51 M 30
8825 7771 2 22 120 O 10
7769 7772 2 14 77 M 30
7773 7776 2 6 30 O 20
7776 15021 2 6 28 O 30
15021 7778 2 2 7 O 30
7778 7772 2 7 34 M 30
7772 7780 2 1 5 O 20
7780 7774 2 8 44 O 10
7775 7776 2 9 46 O 10
7777 7778 2 9 45 O 30
7779 7780 2 6 33 O 30
7783 15009 2 10 55 M 30
15009 2177 2 6 32 O 20
2177 7781 2 1 4 O 30
7781 7782 2 11 58 O 20
7784 7781 2 7 37 M 30
7785 7786 2 27 149 M 10
7789 7788 2 21 115 O 30
7788 2184 2 12 61 O 20
2184 2179 2 5 23 O 10
2179 7787 2 9 47 M 10
7793 7825 2 5 25 O 20
7825 7794 2 9 47 O 20
14453 1840 2 2 9 M 10
1840 2 2 3 12 O 20
2 16707 2 12 65 O 30
16707 7800 2 18 97 O 10
7800 7798 2 7 39 M 30
7798 7799 2 8 44 M 20
8783 7801 2 16 84 O 30
7801 8788 2 21 117 O 10
8788 7800 2 16 87 O 20
14384 7803 2 3 14 O 20
7803 5459 2 17 93 M 10
7806 7805 2 12 63 O 20
1820 7807 2 8 39 O 10
7810 7807 2 17 91 O 20
7807 7809 2 4 21 O 20
7811 7812 2 11 58 M 10
15740 14909 2 4 18 M 10
14909 7813 2 17 92 O 10
7814 7815 2 25 138 O 30
7816 7817 2 13 68 O 30
7818 7819 2 31 171 O 10
7820 7821 2 22 121 O 20
7823 8836 2 11 57 O 30
8836 8835 2 16 85 O 20
7824 6454 2 9 45 O 20
7825 7826 2 5 25 M 30
7827 7830 2 9 48 O 30
7830 7828 2 12 65 O 30
7829 7830 2 4 20 O 20
10154 7832 2 7 34 M 20
7832 7833 2 8 42 M 20
7833 7839 2 3 12 O 10
7839 10112 2 4 21 O 20
10112 7834 2 9 47 O 20
7834 10145 2 1 5 O 20
10145 2470 2 3 12 O 30
2470 7552 2 11 57 M 20
10113 7838 2 6 30 M 20
7838 7839 2 4 21 O 30
10165 7842 2 7 38 O 20
7842 10164 2 3 11 O 20
10164 7841 2 14 77 O 10
7845 7847 2 1 5 M 30
7847 7552 2 9 45 O 10
7846 7847 2 22 117 M 30
10731 7377 1 8 41 O 10
7850 732 1 13 69 O 20
732 730 1 7 34 O 30
730 7851 1 10 55 O 20
7852 7850 1 17 89 M 20
7853 14660 2 5 24 O 20
14660 1972 2 3 12 O 20
1972 14658 2 4 17 M 20
14658 14657 2 2 11 M 20
7855 7856 2 10 52 O 20
7856 7854 2 1 4 O 10
7857 12049 2 6 29 O 20
12049 7858 2 9 46 O 30
7861 7862 2 7 35 M 10
7865 7866 2 3 14 M 20
7866 7867 2 4 21 O 30
7866 7869 2 9 48 O 30
7867 2011 2 13 68 O 10
7871 7872 2 12 64 O 30
7872 7873 2 2 10 O 20
7873 7874 2 9 48 M 20
7870 7875 2 6 30 O 10
7874 7877 2 13 68 O 30
7879 7878 1 12 65 O 30
4836 7879 1 6 33 M 20
7883 7884 1 4 18 M 20
7892 7888 1 5 22 O 30
7886 7889 1 5 26 O 20
7891 7894 1 5 24 O 30
5949 735 1 5 26 M 10
735 5966 1 5 24 O 30
5966 5965 1 6 29 O 10
5965 5963 1 9 45 O 10
5963 5961 1 5 26 O 20
5961 11811 1 11 56 M 30
11811 5941 1 7 38 O 30
5950 14330 1 1 5 O 20
14330 5949 1 6 30 O 20
7903 7904 1 4 21 M 20
7904 7902 1 4 21 O 20
13791 7901 2 4 18 O 30
7950 7952 1 27 148 O 10
7952 7951 1 8 41 M 10
7951 5177 1 11 56 O 20
5177 5179 1 26 142 M 10
5179 4530 1 12 62 O 30
13563 11357 2 1 4 O 10
11357 13564 2 6 33 O 30
13564 11348 2 2 7 O 30
11348 4946 2 16 86 O 10
4946 11418 2 7 35 O 20
11418 11416 2 3 11 O 20
11416 4925 2 3 12 O 20
7907 7908 1 7 36 O 30
7911 7908 1 6 32 O 30
7908 909 1 2 7 O 30
909 8405 1 10 55 O 10
8405 8406 1 1 5 O 20
8406 7910 1 11 57 O 30
7911 7912 2 6 33 O 30
7913 8405 2 6 28 O 10
7913 907 1 11 57 O 10
907 7911 1 8 39 M 20
7921 7922 2 7 38 O 20
7922 7923 2 17 93 O 10
7923 16243 2 2 7 O 20
7924 7925 2 14 72 M 10
5971 7959 2 13 68 O 20
5165 5190 2 6 33 O 10
5190 5189 2 2 7 O 30
5189 5175 2 7 36 O 20
5916 8102 2 14 75 O 10
8102 3029 2 8 44 O 20
3029 7225 2 9 47 O 10
7225 13654 2 9 50 O 10
13654 16670 2 10 50 O 10
16670 3036 2 2 6 O 30
3036 5917 2 2 10 O 10
5917 11304 2 9 46 O 20
11304 11115 2 5 25 O 20
11115 13708 2 4 17 O 20
13708 5918 2 1 4 O 20
5918 5919 2 6 33 O 10
5919 5920 2 13 67 M 10
3743 10715 2 17 94 O 20
3124 7964 2 2 6 O 20
7964 10888 2 2 7 M 10
10888 7223 2 5 25 M 20
7223 7199 2 7 36 O 20
4502 1189 2 7 38 O 20
1189 7965 2 2 7 O 20
13634 7966 2 5 23 O 30
7967 11515 2 13 70 O 30
11515 11514 2 2 7 O 10
7969 2043 2 7 34 O 30
2043 7970 2 3 13 M 20
7972 7973 2 6 29 O 30
7974 15636 2 2 8 O 20
15636 8064 2 8 42 O 20
7979 7978 2 9 45 O 30
8954 3458 2 3 12 O 30
3458 3450 2 1 2 O 10
3450 3451 2 4 20 O 20
3451 8955 2 3 14 O 20
7989 7984 2 20 106 O 10
381 3443 1 1 5 M 10
3443 16111 1 11 59 O 30
16111 3454 1 4 21 O 10
3454 7986 1 10 51 O 30
7992 13907 2 10 54 O 20
13907 2916 2 6 33 O 30
2916 552 2 5 27 O 20
7994 4842 2 15 80 M 10
5827 8002 2 17 90 O 30
7997 12709 2 18 98 O 30
12709 7996 2 5 24 M 10
5824 2622 2 5 23 O 20
2622 12697 2 28 155 O 30
8005 361 2 2 7 O 20
361 8006 2 6 31 O 10
2520 13659 2 8 41 O 10
13659 3780 2 8 44 O 10
3780 5761 2 18 100 O 10
3043 8013 2 12 64 O 20
8013 3045 2 11 58 O 10
3045 2766 2 4 22 O 10
2766 8014 2 3 15 M 30
8014 8025 2 4 17 O 20
8018 8020 1 4 18 O 20
8019 8017 1 4 18 O 10
15332 2779 1 3 13 O 10
8044 8016 1 77 425 O 10
8016 9872 1 6 33 M 30
9872 8018 1 3 15 O 30
8017 8046 1 11 58 O 10
8046 8045 1 22 118 O 20
8045 14681 1 26 143 O 10
14681 14679 1 7 38 O 20
14679 8042 1 5 25 O 10
8042 8040 1 15 82 O 30
8040 8036 1 4 22 O 20
2779 8053 1 47 256 O 30
8053 16644 1 11 56 O 10
16644 7583 1 20 108 O 20
7583 8047 1 45 249 O 20
8048 15359 1 9 50 M 30
15359 8050 1 9 45 M 10
8050 15494 1 20 109 O 20
15494 8051 1 2 7 O 30
8051 8052 1 21 114 O 30
8052 8054 1 6 30 O 10
8054 15355 1 32 174 O 10
15355 11336 1 7 37 O 30
11336 8057 1 11 59 O 20
8043 8044 1 8 43 M 20
8023 8021 1 5 24 O 20
8035 8034 2 4 18 O 20
8021 8027 1 36 198 O 20
8012 14256 2 10 51 O 10
14256 8030 2 4 19 O 10
8031 8032 1 5 27 O 30
8032 8033 1 5 25 O 10
8034 8037 2 6 30 O 30
8037 8040 2 3 16 O 20
9884 6335 2 12 63 O 30
4044 11381 1 11 57 O 30
8042 8035 2 5 27 O 10
8030 8011 1 11 59 M 30
8059 13679 1 7 35 M 30
13679 15331 1 3 12 O 10
8008 8009 2 12 64 M 20
8009 8010 2 14 74 M 10
7576 7577 1 8 42 O 20
11336 8059 1 14 75 O 10
7891 8031 1 30 165 O 20
8031 8033 1 8 40 O 30
8033 8027 1 65 357 O 30
8027 8028 1 6 29 O 20
273 5370 1 12 64 O 10
5370 277 1 19 101 M 20
4428 11441 1 13 72 O 20
6776 6768 2 14 78 M 20
6783 4180 2 1 5 O 20
4180 12476 2 6 32 O 10
12476 6776 2 13 67 O 20
6776 15132 2 7 36 O 10
15132 12469 2 4 17 M 10
12469 15131 2 4 18 O 10
15131 12402 2 4 18 O 10
12402 6033 2 6 33 O 10
11214 7392 2 9 46 O 10
6918 8068 2 10 55 O 10
12370 12371 1 10 55 M 20
12371 8068 1 7 39 O 30
4759 12369 1 19 104 M 30
4564 5081 2 10 52 O 30
5131 9565 2 14 74 O 10
8070 14644 2 22 119 O 20
14644 2306 2 1 3 O 10
2306 8093 2 8 44 M 10
8093 2904 2 4 18 O 10
2904 8074 2 11 56 O 30
5969 8088 1 15 82 O 10
8088 16160 1 9 46 O 30
16160 14643 1 1 4 O 20
14643 16159 1 1 4 O 30
16159 5071 1 21 112 O 20
8074 2897 2 5 27 O 30
2897 8072 2 7 38 O 20
8072 5969 2 3 16 O 30
5969 54 2 5 26 M 10
54 16161 2 7 35 O 20
16161 9321 2 5 25 M 30
8077 8078 2 26 143 O 30
8078 8079 2 9 48 O 30
13770 14555 2 7 39 O 30
14555 9464 2 3 16 O 10
9464 9204 2 26 144 O 30
9204 9477 2 5 23 M 30
9477 9474 2 6 32 O 30
9474 9476 2 10 50 O 30
9476 4858 2 10 51 O 10
4858 4855 2 6 29 O 30
4855 4852 2 5 28 O 20
4852 4848 2 5 27 O 30
4848 9382 2 6 33 O 20
9382 9205 2 3 15 O 20
9205 9380 2 2 9 M 30
9380 4843 2 11 60 O 30
4415 7958 2 10 53 M 20
7958 7611 2 8 40 O 20
8081 8082 2 5 26 M 20
8083 5998 2 40 218 M 30
5982 8087 2 9 49 M 10
8085 8086 2 24 128 O 20
8089 8090 2 24 130 O 10
8093 8094 1 2 9 O 30
8094 8095 1 4 17 O 30
16157 8088 1 8 43 M 20
8091 8092 1 16 86 O 20
16879 7895 2 3 12 M 20
7895 16881 2 9 47 O 10
8097 11313 2 14 74 M 30
14179 991 1 5 27 O 10
991 992 1 7 35 O 10
992 14178 1 7 37 O 10
6489 13062 1 7 35 O 20
13062 6506 1 10 55 O 30
6506 13060 1 1 4 M 10
13060 13058 1 11 57 O 20
13058 13056 1 12 62 M 20
13056 6491 1 12 63 M 20
10795 4940 2 6 31 O 20
4940 11438 2 8 44 O 20
8099 11312 2 9 45 M 20
11314 8100 2 7 33 M 10
8106 2410 1 12 64 O 30
2410 8105 1 4 21 M 30
8109 13734 2 12 65 M 10
5810 11233 1 3 15 O 20
11233 11281 1 9 50 M 20
11281 11231 1 7 35 O 20
11231 11235 1 7 36 O 10
11235 7205 1 5 26 O 30
5871 7370 1 10 55 O 20
7370 8494 1 5 27 O 10
8494 11803 1 1 3 O 10
11803 8503 1 4 21 O 30
8503 8502 1 11 56 M 20
8502 8497 1 1 5 O 30
8497 5876 1 6 29 O 10
5876 7760 1 5 26 M 20
7760 7446 1 6 28 O 20
7446 8516 1 9 49 O 20
8516 7766 1 6 32 M 30
7766 5872 1 2 10 M 10
5870 15616 1 4 17 M 30
15616 5869 1 2 11 O 30
8127 8128 2 8 43 O 10
8132 12931 2 7 39 M 10
12931 93 2 32 176 M 20
8135 8134 2 7 39 O 30
8136 2115 2 6 32 M 10
2115 8137 2 9 49 O 10
8138 11483 2 13 70 O 20
4974 8141 2 13 71 O 10
10685 8151 1 5 24 O 10
8153 8154 2 5 25 O 10
8155 8142 2 6 28 O 10
8142 8153 2 4 21 O 20
4444 8156 2 4 18 O 10
8156 4453 2 2 7 O 30
8158 522 1 9 45 O 10
522 8157 1 6 33 O 10
6514 6475 1 16 85 O 10
8163 9934 2 5 27 O 10
9934 6514 2 14 76 O 30
6475 9943 2 3 12 O 20
9943 8164 2 10 52 O 30
9937 6529 1 10 55 O 30
6529 6514 1 21 114 O 10
4553 4564 1 22 122 O 30
4564 4549 1 11 59 M 20
4549 5087 1 37 204 O 30
5087 230 1 22 117 O 30
230 229 1 11 59 O 10
229 4554 1 5 23 O 20
4553 1523 2 18 98 O 20
1523 669 2 1 3 O 20
669 9653 2 4 17 O 10
9653 3953 2 7 35 O 30
3953 8070 2 10 54 O 30
8070 9683 2 12 66 O 20
9683 9650 2 2 10 O 20
9650 5071 2 5 24 O 10
5071 667 2 19 100 O 30
667 5134 2 1 4 O 10
5134 8077 2 8 43 O 30
8077 4765 2 5 25 O 10
4765 4766 2 11 58 O 20
4766 15586 2 7 34 O 30
15586 9574 2 4 20 O 10
9574 4767 2 7 36 O 10
4767 5975 2 8 41 O 20
8165 8639 1 20 109 O 30
8639 15738 1 18 98 O 20
15738 8166 1 2 6 M 20
8166 8167 1 7 34 O 20
8167 7899 1 8 43 O 10
7899 7898 1 6 31 O 20
7898 1064 1 2 11 O 10
1064 13161 1 9 45 O 20
13161 7897 1 18 97 O 30
8171 11596 2 4 22 O 20
8173 1018 2 4 20 O 10
1018 1019 2 2 6 O 20
1019 1020 2 12 62 O 10
1020 1018 2 4 20 O 10
8342 8337 2 10 55 O 20
8337 6 2 4 18 M 20
7454 16789 1 8 41 O 10
16789 4340 1 3 16 O 20
8174 8175 1 2 7 O 30
8175 8177 1 1 4 O 20
8177 14935 1 4 18 O 10
14935 8176 1 1 1 O 20
8176 8331 1 4 17 O 30
8331 8178 1 2 6 O 20
8178 8330 1 3 12 O 30
8330 8174 1 2 7 O 20
5162 582 2 6 31 M 10
4871 4881 2 15 80 O 30
8183 8184 2 11 57 O 10
8186 8187 2 15 78 O 30
4805 1324 1 9 48 O 10
1324 4829 1 15 80 O 10
4829 1462 1 20 108 O 20
1462 4776 1 6 32 M 20
4776 8907 1 9 45 O 30
8907 3680 1 39 211 O 20
3680 4788 1 8 40 O 30
8198 76 2 18 97 O 20
76 79 2 22 119 M 20
79 77 2 7 34 M 30
7336 8199 2 9 48 O 30
8199 8200 2 13 67 O 10
8201 8202 2 28 152 O 10
8202 8203 2 34 188 O 10
8204 8205 2 17 90 O 30
7331 7308 2 17 91 O 20
11381 8024 1 4 17 O 10
8024 11384 1 11 57 M 10
8207 9441 1 4 21 O 30
9441 8208 1 7 34 O 30
8208 8209 1 26 143 O 30
8209 2490 1 6 32 O 10
2490 8210 1 5 26 O 30
13967 3076 2 20 111 O 10
16928 8243 2 5 24 O 10
8243 11074 2 12 62 M 10
11074 13977 2 5 27 O 10
13977 8218 2 10 50 M 30
8218 11070 2 11 56 M 20
11070 11075 2 17 92 O 20
11075 11077 2 37 201 O 20
11077 8217 2 2 8 O 20
8217 11083 2 22 119 O 10
11083 11081 2 5 27 O 10
11081 11085 2 3 14 O 30
11085 11091 2 8 44 O 20
11091 11093 2 18 98 O 10
11093 3389 2 1 4 O 30
3389 8216 2 7 39 O 30
8216 11103 2 6 30 M 10
11103 8215 2 14 73 O 20
8215 13978 2 17 90 O 10
13978 13966 2 9 48 O 10
13966 8214 2 11 57 O 10
8214 8238 2 12 63 M 30
8238 13968 2 11 56 M 10
13968 8236 2 4 17 O 20
8236 8213 2 14 74 O 20
8213 11096 2 5 24 O 20
11096 11101 2 9 45 O 30
11101 11098 2 11 56 O 10
11098 4870 2 2 10 O 20
13968 13979 2 18 99 O 30
13979 8220 2 13 72 O 20
8220 11113 2 11 58 O 30
11113 8219 2 5 28 M 10
8220 8221 2 5 24 O 30
6747 13490 2 7 36 M 10
8222 16030 2 15 82 O 30
16030 16653 2 6 33 O 20
16653 8228 2 16 88 O 20
8228 15921 2 17 94 O 30
15921 8223 2 10 51 O 10
221 8228 2 6 33 O 10
12938 12937 2 29 159 O 20
12937 16944 2 5 25 O 20
16944 12938 2 5 25 O 30
8226 9751 2 9 46 O 30
9751 8223 2 3 12 M 20
8228 9754 2 5 26 O 30
9754 8224 2 14 76 O 30
8226 1420 1 15 82 M 10
1420 8229 1 10 53 O 10
8229 5878 1 5 26 O 10
8232 8231 2 8 43 M 20
8232 8233 2 5 27 O 10
8234 6747 2 7 35 M 30
8233 8230 2 8 43 O 10
11112 11111 2 7 35 O 10
11111 11109 2 16 86 M 10
8237 8238 2 6 30 O 10
8236 11114 2 10 55 O 10
8241 938 2 11 56 O 20
938 3967 2 27 145 O 20
3967 8240 2 27 149 O 10
5005 932 2 8 41 O 20
932 4965 2 18 98 M 20
5005 15874 2 2 7 O 10
15874 8242 2 2 9 M 10
8242 7728 2 23 126 O 20
4953 9816 2 3 15 O 30
9816 9817 2 19 105 O 10
6066 11699 2 12 66 O 10
11699 6069 2 4 21 O 10
3998 6852 2 15 83 M 30
6852 3997 2 7 39 M 30
3997 6834 2 7 36 O 10
6834 16282 2 11 60 O 30
16282 14194 2 5 23 O 30
14194 14193 2 19 101 O 30
14193 7534 2 10 50 O 20
7534 14192 2 10 56 O 30
14192 14191 2 13 69 O 10
8243 16927 2 28 154 O 20
11025 9731 2 12 64 M 30
8247 11022 2 7 39 O 30
8263 8262 2 4 17 O 10
4326 1010 2 7 34 O 10
1010 8264 2 1 4 M 20
4326 6143 2 4 18 O 20
6143 6142 2 7 37 O 10
6142 6141 2 7 36 O 10
6141 6140 2 7 34 O 30
6140 6225 2 2 8 O 30
8265 865 2 4 18 O 30
8266 14361 2 8 39 M 20
8272 8267 1 16 87 O 30
4298 8271 1 6 31 O 30
8271 8270 1 4 18 O 30
8270 8269 1 4 18 O 10
7437 8270 1 15 78 O 30
8248 8273 2 2 8 O 20
8273 8274 2 5 24 O 10
8275 14420 2 6 33 O 10
14420 8273 2 4 22 M 20
8249 5885 2 6 28 M 30
8251 8250 2 4 22 O 30
8253 8252 2 12 62 M 30
8255 8254 2 8 44 M 10
8259 8256 2 3 16 O 30
8260 8259 2 8 39 M 30
8259 8258 2 6 28 M 20
8258 15856 2 6 32 O 10
8277 8261 2 6 33 M 30
8282 15701 1 7 38 O 10
15701 8328 1 26 143 O 20
8283 7445 1 4 20 O 20
7445 7495 1 9 47 O 30
7495 828 1 10 53 O 10
828 6260 1 8 40 O 20
6260 6071 1 6 28 O 10
16660 2968 1 7 36 O 30
2968 1877 1 12 65 O 10
1877 1879 1 6 29 M 20
1879 5344 1 5 25 O 30
5344 139 1 2 10 M 10
139 5333 1 6 30 M 30
13510 7480 1 28 152 O 20
15694 13503 1 28 155 O 20
13503 13509 1 5 26 O 20
4218 9070 1 24 131 O 30
8287 13883 1 12 63 O 30
13883 8289 1 5 26 O 30
8286 8285 2 1 5 O 10
8285 13512 2 8 39 M 30
8287 14428 2 2 11 O 10
4791 8288 1 29 158 M 30
13501 485 1 19 104 O 30
485 13504 1 9 49 M 20
13504 13502 1 2 9 M 10
13502 14488 1 8 44 O 30
14488 13503 1 6 29 O 30
6858 14191 1 6 30 O 10
14877 3092 1 5 24 O 30
3092 5712 1 6 32 M 30
5712 13400 1 3 15 O 30
13400 15628 1 11 57 O 10
4026 14762 1 7 37 O 30
14762 14874 1 7 34 O 30
5718 4026 1 6 30 O 30
4531 16663 1 40 217 O 10
13509 13508 1 23 124 O 30
13508 13507 1 15 80 M 30
13507 13887 1 16 84 O 30
13887 15873 1 19 105 O 30
15873 5529 1 13 71 M 20
5529 15516 1 9 45 O 10
15516 145 1 5 26 M 20
145 5569 1 30 161 O 20
5569 15541 1 19 105 M 20
4252 4518 1 51 280 M 20
5949 5948 2 8 41 O 20
5940 8525 1 2 10 O 30
8525 755 1 2 8 O 20
755 11825 1 6 32 M 20
11825 8474 1 2 7 O 20
8474 5944 1 3 16 M 20
5944 8299 1 11 59 O 10
8299 8479 1 6 29 O 30
8479 11798 1 4 17 O 10
11798 8297 1 12 62 O 20
8297 8296 1 6 31 M 20
8296 8298 1 4 21 O 10
8298 11821 1 1 5 M 20
11821 5951 1 3 13 O 30
4577 4576 1 14 73 O 30
7678 8412 1 26 141 O 10
8301 15589 1 7 37 O 30
15589 13129 1 8 43 O 10
13129 402 1 5 25 O 30
402 5292 1 13 69 O 30
5292 8411 1 9 48 O 30
8411 8302 1 16 87 O 20
7676 4292 1 5 26 O 10
15670 7678 1 7 34 M 30
7675 8482 1 26 139 O 10
8482 4291 1 10 51 O 10
4292 7675 1 5 25 O 10
4298 7679 1 5 23 O 30
7682 4423 1 2 10 O 20
4423 8304 1 8 39 O 10
7677 8129 1 5 26 O 10
4293 5884 1 29 159 O 10
5884 4298 1 11 59 M 20
8304 14365 1 9 45 O 30
14365 12850 1 18 99 O 20
12850 4313 1 9 47 O 30
4313 8414 1 18 98 M 20
8307 4434 2 6 32 O 10
4512 4286 1 10 54 M 10
5021 12838 1 22 121 O 10
12961 13137 1 43 234 O 10
8314 4512 1 1 5 O 20
8312 8314 1 8 43 O 20
8311 7703 1 4 21 O 10
7703 14347 1 11 60 O 10
14347 12892 1 3 12 O 20
8313 8311 1 8 42 O 10
4512 4320 2 3 12 O 30
8315 7683 1 7 38 M 30
11468 796 1 7 34 M 10
796 14788 1 6 29 O 20
14227 11283 1 29 160 O 30
11283 11287 1 8 44 O 20
11287 10802 1 12 66 O 10
11447 14670 1 15 81 O 30
14670 13901 1 13 67 O 10
13901 15544 1 8 43 O 10
8320 13902 1 14 76 O 20
13902 13863 1 13 67 O 20
7486 8322 1 12 62 O 30
7244 7486 1 10 55 O 20
8323 11228 1 5 24 M 20
11228 7240 1 11 56 O 30
7240 7556 1 4 21 O 20
4341 13893 1 17 92 O 20
8318 13764 1 26 142 O 30
4334 1406 1 9 46 O 10
1406 1390 1 2 8 O 20
14901 5893 1 3 13 O 20
13898 15543 1 14 75 O 20
4314 11497 2 13 71 O 10
11497 11471 2 6 28 O 10
11471 8333 2 15 80 O 20
8335 8334 2 5 25 O 10
8334 13625 2 21 116 O 10
13625 13626 2 5 25 O 30
8342 8339 2 4 21 O 30
8344 8345 1 3 13 O 20
8346 8343 1 3 14 O 30
8345 4274 1 5 28 M 20
4274 11463 1 3 11 O 10
11463 8332 1 18 96 O 30
8333 7460 1 8 43 O 20
7460 1288 1 5 28 O 20
1288 8346 1 12 64 O 30
8349 14789 1 17 94 O 30
14789 15534 1 17 92 M 10
8350 15545 1 25 137 M 20
929 442 1 8 40 O 20
442 444 1 12 65 O 20
444 927 1 12 65 O 30
15533 8347 1 4 17 O 10
8347 14867 1 3 12 O 20
14867 8349 1 10 53 O 10
8353 8317 1 2 9 M 30
8352 8353 1 5 28 M 30
8341 8326 1 3 12 O 20
8340 8341 1 6 28 O 30
8282 14785 1 14 77 M 30
14785 7413 1 26 142 O 30
7413 14505 1 2 7 M 10
4682 4584 1 24 130 O 10
4584 14902 1 13 71 O 20
14902 13865 1 2 8 O 20
7683 4287 1 5 22 M 30
6239 1254 1 9 49 O 20
1254 4301 1 9 49 O 10
6240 11615 1 6 32 O 20
11615 11619 1 3 13 O 10
11619 11621 1 11 57 O 10
11621 11628 1 9 45 M 10
4432 4305 1 32 176 M 30
4305 918 1 9 46 O 30
918 8436 1 12 62 O 20
8436 4341 1 14 74 M 30
55 4888 2 2 9 O 30
4290 502 1 9 45 O 20
502 14408 1 5 28 O 10
14408 838 1 5 23 O 10
838 14410 1 1 2 O 10
14410 11753 1 7 38 O 20
11753 2058 1 10 56 M 10
2058 11754 1 10 53 O 20
11754 821 1 10 53 O 30
821 11758 1 1 5 O 30
11758 8168 1 13 68 O 20
5162 11696 1 11 59 O 20
11696 8390 1 11 57 O 10
8390 8327 1 18 96 O 30
8327 11674 1 5 26 O 30
11674 14407 1 10 52 O 20
14407 8150 1 2 7 O 30
8354 15700 2 1 4 M 30
8360 8354 2 5 26 O 30
8359 8355 2 10 52 O 10
8357 8356 2 8 42 O 30
15700 8357 2 2 11 O 10
8357 8359 2 3 12 O 10
8359 8356 2 10 53 O 20
8356 8358 2 8 41 M 10
7912 4432 2 9 46 O 10
11654 4551 2 8 42 O 20
4551 4318 2 11 58 O 30
8363 8361 1 6 28 O 20
8364 7732 1 2 11 O 10
8362 8364 1 6 29 M 20
8365 4316 1 12 65 O 10
8306 8365 1 18 98 O 10
8098 1155 2 8 39 O 20
1155 8367 2 3 12 O 20
8367 11661 2 6 32 O 10
11661 14202 2 16 87 M 30
14202 8368 2 3 13 O 10
8369 8368 1 22 117 O 30
8369 4294 1 15 81 O 30
8370 6236 1 12 66 O 30
4459 8372 1 7 36 O 10
7476 4467 1 2 10 O 10
4471 4295 1 3 15 O 30
4294 4459 1 3 15 M 30
8371 7915 1 8 40 O 10
5891 11516 2 15 79 O 30
11516 978 2 15 79 O 30
978 11521 2 8 39 O 20
11521 89 2 5 26 M 20
4342 1192 2 6 29 M 10
1192 1200 2 4 19 M 10
1200 1182 2 7 35 O 20
1182 11576 2 5 22 O 30
11576 15849 2 1 4 O 30
15849 4314 2 13 71 O 10
11737 940 1 9 47 O 20
940 7442 1 4 21 M 10
7485 11797 1 9 48 O 10
743 742 1 3 13 O 10
8379 5874 1 13 67 O 20
5874 8380 1 3 12 O 30
4285 15614 1 2 8 O 20
15614 4288 1 8 44 O 10
4288 15615 1 11 56 O 10
15615 15620 1 2 8 O 20
15620 8392 1 6 29 O 30
8392 8387 1 19 103 O 20
8387 7532 1 15 82 O 30
4289 13792 1 2 9 O 10
13792 4285 1 12 65 M 10
8562 7485 2 6 33 O 30
7679 6431 1 5 22 O 30
6431 7680 1 5 25 O 10
8384 4320 1 4 22 M 20
8382 4320 2 12 63 M 10
8332 11466 1 9 47 O 30
11466 11464 1 17 90 O 10
11464 1378 1 4 22 M 20
1378 8178 1 7 36 O 20
8329 13889 1 17 92 O 20
14494 4545 1 6 32 O 20
11842 13745 1 6 28 O 20
5521 8391 1 17 89 M 20
8391 5522 1 2 9 M 10
8390 8391 2 5 23 O 10
8385 11781 2 4 20 O 30
11781 11779 2 20 106 M 10
11779 8394 2 4 18 O 20
8394 8385 1 11 59 M 30
4334 8388 2 8 40 O 20
8321 7456 1 2 10 O 30
7456 8395 1 2 7 O 10
8397 8433 1 3 13 O 30
8433 14670 1 1 5 O 30
8399 15928 2 1 5 O 20
15928 13895 2 10 53 O 30
8400 1337 2 13 67 M 20
1337 13895 2 9 48 O 20
8401 4330 2 1 2 O 20
4330 8400 2 1 4 M 10
8403 8402 1 13 72 O 20
5896 4814 1 6 32 O 10
4301 4342 1 14 76 O 20
8406 7909 1 7 36 O 20
4696 4710 1 7 35 O 10
4634 15605 2 10 53 O 10
15605 8634 2 6 29 O 10
8634 4686 2 11 58 O 30
4638 4726 2 5 25 O 30
4727 4638 2 7 36 O 20
8408 4619 2 2 9 O 30
4619 8409 2 5 24 O 10
8409 4627 2 2 11 O 30
8412 5954 1 41 226 O 20
5954 8300 1 15 81 O 20
5939 5936 1 8 43 M 30
8413 8303 1 10 55 M 30
8303 5939 1 9 49 O 10
5263 13090 2 4 19 O 10
13090 15898 2 9 46 O 10
15898 13113 2 2 9 M 10
13113 15789 2 8 40 O 10
4695 566 1 2 9 O 10
566 13173 1 5 28 O 20
13173 13175 1 6 33 M 20
13175 13171 1 6 32 M 10
13171 4629 1 3 16 O 30
4629 4646 1 5 23 O 10
4473 686 1 7 35 O 10
686 8423 1 4 22 O 10
8423 689 1 1 5 O 10
689 3636 1 11 57 M 10
3636 8430 1 4 19 O 20
8430 8424 1 19 100 O 30
8424 13749 1 9 48 O 20
8310 4512 1 10 50 O 10
4533 8419 1 4 21 O 30
8419 8418 1 2 11 M 10
427 1989 2 1 4 O 30
1989 431 2 7 38 O 20
431 8420 2 5 27 M 10
8421 16051 1 13 72 M 30
16051 16050 1 13 72 O 10
16050 16049 1 2 6 O 20
8430 8429 2 13 70 O 20
15864 8423 1 12 64 O 10
4993 4432 1 17 92 O 10
13763 4327 1 9 50 O 10
4327 7497 1 7 35 O 20
7497 8427 1 8 41 O 30
8427 8426 1 11 58 M 10
8426 1236 1 16 86 O 20
1236 4324 1 22 118 M 10
4318 4304 1 15 80 O 10
8428 4306 1 28 152 M 30
4324 8425 1 2 11 M 20
8425 11687 1 4 21 O 10
11687 6065 1 8 39 O 10
6065 13762 1 7 37 O 10
5038 8428 2 6 28 M 20
8333 8332 2 2 10 O 20
7243 14444 1 8 42 O 10
14444 7433 1 5 28 O 10
7433 7186 1 6 33 O 10
7232 8316 1 4 18 O 10
7742 13904 1 2 10 O 10
14225 15374 1 16 87 O 10
15374 8061 1 21 115 O 30
15331 8062 1 10 55 O 20
8062 59 1 2 7 O 30
59 2516 1 12 65 M 10
2516 10859 1 7 34 M 10
10859 7585 1 2 7 O 30
7585 14224 1 11 60 O 30
4905 1318 1 3 13 O 30
1318 1304 1 6 31 O 10
1304 11460 1 7 36 O 20
11460 13832 1 4 20 O 20
6251 11446 1 17 94 O 10
8437 13518 1 10 51 O 20
13518 37 1 10 53 M 10
37 4319 1 1 5 O 30
4761 7870 2 8 42 O 10
7870 6074 2 4 21 O 20
6074 8441 2 12 64 O 10
8441 3993 2 10 52 M 30
3993 6078 2 2 7 O 10
6078 4762 2 2 9 O 20
5853 12256 1 12 63 O 10
12256 2257 1 7 38 M 10
2257 5851 1 4 20 O 30
4759 8191 2 14 76 O 30
8191 3894 2 18 96 O 30
4837 4838 1 6 31 M 20
4838 7971 1 13 68 O 20
7971 4350 1 13 67 O 10
4350 15639 1 4 17 M 20
15639 7974 1 3 14 O 20
7974 4839 1 9 46 O 30
3894 7401 2 5 27 O 20
7401 11981 2 12 64 O 30
11981 12036 2 4 18 O 30
12036 12038 2 6 29 O 10
12038 1681 2 3 16 O 10
1681 12044 2 1 3 O 10
12044 12043 2 8 40 O 30
12043 12041 2 2 11 O 20
12041 7402 2 7 35 O 10
7402 12075 2 4 20 O 10
12075 7853 2 3 12 M 10
7853 7855 2 9 46 O 10
7855 13835 2 6 32 O 20
13835 7409 2 3 14 M 30
7409 6133 2 4 20 O 30
8652 8444 2 3 15 O 10
12370 12031 2 3 14 O 10
12031 8067 2 7 35 O 20
8067 4954 2 6 32 O 20
4954 5034 2 5 26 M 20
5034 4759 2 3 11 O 20
5022 4990 1 17 93 O 20
7481 14627 2 11 59 O 30
14627 6332 2 5 25 O 10
6332 5847 2 12 63 M 30
5847 14620 2 9 48 O 10
14620 12288 2 1 5 O 10
12288 5849 2 10 53 O 20
5849 2218 2 8 41 O 30
2218 4762 2 5 25 O 30
4740 15151 2 6 29 O 10
15151 11274 2 4 17 M 30
11274 13498 2 8 44 O 20
13498 11196 2 18 97 O 30
11196 7386 2 2 6 O 30
7386 6638 2 9 46 O 30
6638 11252 2 5 26 O 20
11252 15155 2 10 52 O 30
15155 7520 2 1 5 O 10
7520 7519 2 5 24 M 30
7519 11275 2 5 27 O 20
11275 6616 2 5 23 M 20
6616 11256 2 1 5 O 20
11256 14889 2 12 63 O 30
4739 4740 1 7 37 O 10
8106 5833 1 11 58 O 30
15414 16681 1 6 28 O 30
16681 15144 1 3 16 O 30
15144 16680 1 2 6 O 30
16680 11154 1 4 20 O 30
11154 14199 1 5 27 O 10
14199 11152 1 3 11 O 30
11152 5814 1 14 72 O 20
8458 4994 1 16 88 O 10
5015 9596 1 27 149 M 10
9596 234 1 9 46 O 20
234 13496 1 10 51 M 30
4775 15504 1 5 24 O 20
4560 14614 1 21 112 O 20
14614 4563 1 5 26 O 20
4775 15176 1 4 20 O 30
6935 4567 1 3 17 O 30
4426 14599 1 17 94 O 30
14599 4427 1 29 156 O 30
4427 4546 1 2 8 O 20
6640 6597 2 6 28 O 30
8447 4558 1 3 13 O 20
4544 8448 1 3 13 O 20
6928 4427 1 3 17 O 30
8440 15175 1 13 69 O 20
15175 2271 1 4 21 O 20
2271 2605 1 7 35 O 30
2605 15174 1 2 6 O 20
15174 15172 1 6 33 O 20
15172 8452 1 13 70 O 10
13756 4356 1 3 13 O 30
4356 12280 1 8 44 O 30
12280 15182 1 6 30 O 10
15182 15180 1 3 12 O 10
15180 6331 1 3 16 M 10
6331 4345 1 16 85 O 30
4345 15249 1 10 54 M 20
15249 4841 1 14 75 M 20
4728 6934 1 6 33 O 20
4846 7297 2 3 15 O 30
7297 4414 2 4 21 O 30
4414 9460 2 3 14 O 30
9460 7324 2 11 60 O 10
7324 9443 2 4 17 O 30
9443 4773 2 10 52 O 20
8453 15436 1 6 29 M 20
8454 15435 1 9 45 O 30
6009 2673 2 8 44 O 30
2673 12494 2 5 24 M 10
12494 16757 2 2 6 O 20
16757 15407 2 9 45 O 20
15407 15402 2 7 35 O 20
15402 6318 2 3 17 O 10
6318 3270 2 1 2 O 30
3270 9709 2 9 48 O 30
9709 5719 2 8 41 O 30
4773 4772 2 2 9 O 20
7285 7287 1 7 36 M 10
4770 8080 1 6 31 O 20
8080 9327 1 12 63 O 10
9327 15451 1 19 101 O 20
15451 13910 1 4 18 O 20
13910 5967 1 5 24 O 30
5967 15448 1 8 43 O 20
15448 15445 1 15 80 O 20
15445 14609 1 6 31 O 20
14609 14610 1 6 28 O 30
14610 15443 1 3 14 O 30
15443 8457 1 4 19 O 30
4729 6083 1 18 99 O 20
13909 15449 1 4 18 O 10
15449 13905 1 4 19 O 20
13905 7993 1 8 42 O 30
7993 16106 1 2 6 O 30
16106 29 1 10 50 O 20
29 14607 1 4 18 M 30
14607 4769 1 11 60 O 10
4769 8965 1 4 20 O 10
8965 8904 1 7 35 O 20
8904 8901 1 15 78 O 30
8901 8900 1 4 17 M 20
8900 8903 1 24 132 O 20
8903 8902 1 4 22 M 10
8902 8453 1 5 26 O 30
4771 14602 1 2 11 O 30
14602 14605 1 18 99 O 10
14605 8207 1 9 48 O 20
8207 9428 1 11 58 O 30
9428 9430 1 9 49 O 20
9430 14603 1 13 69 O 10
14603 4770 1 2 10 O 10
4772 15435 1 3 14 M 30
8438 9712 1 25 138 O 10
9712 8455 1 18 100 O 30
8456 14597 1 35 189 M 20
8457 14611 1 2 7 O 30
14611 13467 1 1 5 M 30
13467 14608 1 2 8 O 20
4994 16142 1 10 53 O 30
16142 2012 1 8 40 M 10
2012 7405 1 6 32 M 30
7405 15764 1 58 320 O 20
15764 15761 1 10 54 O 20
15761 11990 1 4 20 M 20
11990 4566 1 4 20 O 20
4570 4553 1 35 193 O 30
4563 4775 1 15 83 O 10
4554 5015 1 10 55 M 10
4308 727 1 16 84 O 30
727 15778 1 5 24 O 10
15778 8458 1 10 51 M 10
4785 4561 1 6 29 O 10
13496 14577 1 8 44 O 20
4557 6247 1 8 40 O 30
6247 4565 1 5 27 O 10
8461 8460 2 3 14 O 10
8469 6348 1 11 59 O 20
6348 13501 1 8 40 O 10
4793 1586 1 11 57 O 20
1586 4794 1 1 3 O 10
7453 4793 1 20 107 O 10
8464 4792 1 9 45 O 10
4793 15759 1 1 6 O 10
15759 4792 1 13 72 O 30
4780 5596 1 4 21 O 10
5596 11967 1 26 144 O 20
11967 5609 1 2 7 O 10
5609 11964 1 8 41 O 10
11964 11929 1 6 32 O 10
11929 8464 1 5 27 O 20
5872 4805 1 4 19 O 30
4832 12268 1 15 81 O 30
12268 12202 1 10 53 O 30
12202 4833 1 2 9 O 20
4833 12270 1 1 3 O 20
12270 12201 1 8 44 O 20
12201 12273 1 2 7 O 20
12273 12197 1 7 33 O 30
12197 5850 1 10 50 O 30
8466 12158 2 9 50 M 20
12158 1733 2 14 73 O 30
4789 15726 1 17 89 O 10
15726 11972 1 3 12 M 20
11972 4831 1 10 54 M 20
4777 945 2 5 24 M 30
945 8128 2 6 28 O 30
8128 6493 2 14 74 O 30
6493 11833 2 3 11 O 30
11833 6134 2 2 7 O 20
6134 1543 2 8 41 O 10
1543 4778 2 4 20 M 20
4794 8469 2 2 10 O 20
4786 4020 1 8 42 O 20
4020 4308 1 2 10 O 30
4560 4553 2 2 9 O 10
7903 478 2 2 6 M 10
478 11867 2 7 36 O 10
8533 8534 1 10 52 O 30
8535 761 1 2 6 O 20
761 8536 1 6 28 O 20
8532 8531 2 16 87 O 30
8510 8513 1 18 95 M 20
8508 8507 1 6 29 O 10
8507 14331 1 3 15 O 20
8507 11820 2 10 54 O 20
8510 11820 1 5 25 O 20
11820 8509 1 4 21 O 20
8509 14331 1 4 17 O 30
14331 8511 1 4 18 M 20
8513 4578 1 7 35 O 20
8514 8510 2 8 43 O 10
8516 8515 2 3 15 O 20
8517 11816 1 25 135 O 30
11816 14333 1 4 20 O 10
14333 8518 1 6 30 O 10
8518 8519 1 5 23 O 20
14332 8520 2 12 65 O 20
8522 8521 2 5 25 O 10
8524 8523 2 7 35 M 30
8525 8526 1 19 103 O 20
8475 8474 2 9 47 O 10
8479 8477 2 8 42 O 20
8527 8480 2 4 22 M 30
8529 8528 2 8 39 O 30
8530 5953 2 13 68 M 20
5952 5950 1 8 40 O 10
6503 6537 2 14 77 O 10
8534 758 1 9 46 O 20
758 8535 1 1 2 O 30
8538 8537 2 3 13 O 10
5946 8538 2 6 30 O 20
8538 8539 2 6 30 O 20
5947 734 2 11 58 O 10
8541 8540 2 7 38 O 10
8299 8541 2 9 47 O 30
8481 11826 2 9 46 O 30
11826 5942 2 8 42 M 10
7654 5941 1 20 107 O 10
8483 753 2 6 33 O 30
8485 8484 2 7 39 O 10
8488 7756 2 5 27 O 30
7756 14423 2 5 26 O 10
8491 8490 2 7 37 O 20
8494 8493 2 4 20 M 30
8495 496 2 7 36 O 20
8497 8496 2 5 23 M 10
7764 8498 2 4 20 O 30
8502 888 2 4 20 O 20
888 8501 2 7 37 O 30
8492 8503 2 11 61 O 10
8504 5871 2 4 18 O 20
8505 7977 2 13 68 O 30
8543 15036 2 4 19 O 30
8564 8563 2 3 12 O 10
8563 8545 2 19 104 O 30
8545 16945 2 2 8 O 20
16945 8563 2 2 8 O 10
5949 8521 2 7 35 O 30
8521 8566 2 1 2 O 10
8566 8565 2 5 24 M 30
8565 8564 2 5 24 M 10
8564 8566 2 6 32 O 30
8547 8546 2 10 50 O 10
8550 8548 2 10 53 O 30
6223 8550 2 6 30 M 30
5955 8517 2 2 6 O 10
8517 8520 2 12 65 M 30
8520 6224 2 7 36 O 20
6224 8519 2 11 59 O 20
8519 4790 2 6 33 O 30
8551 15871 2 10 55 O 30
15871 15870 2 2 9 M 30
15870 15869 2 3 12 M 30
8555 8554 2 3 12 O 30
8554 8553 2 1 4 O 20
8553 8552 2 4 18 O 30
5960 8557 2 8 42 O 30
8557 1109 2 14 75 O 20
1109 14481 2 3 11 O 30
14481 8556 2 3 15 O 30
8559 8558 2 18 96 O 10
5958 7654 2 14 73 O 10
8561 4790 2 2 7 O 20
5397 5422 1 27 146 O 20
5452 5477 1 11 56 O 10
5477 5443 1 9 47 O 30
13767 5397 2 8 40 M 20
5397 5412 2 5 23 O 20
5456 13767 2 10 54 M 10
5501 8569 2 9 48 M 10
5465 8569 2 16 84 O 20
8569 5456 2 2 6 M 30
5456 5478 2 13 72 O 30
1493 5444 2 8 41 O 30
4675 4466 1 16 84 O 30
4466 4480 1 16 86 O 20
4461 4451 1 7 39 O 10
4472 8570 2 3 12 O 20
4604 4470 2 5 26 O 30
4708 4589 2 7 35 O 30
4634 2724 2 4 19 O 20
2724 578 2 2 10 O 20
578 14178 2 5 26 O 20
14178 2716 2 7 36 O 30
2716 14181 2 7 35 O 10
14181 13166 2 9 45 O 30
13166 546 2 1 3 O 10
546 4708 2 8 40 O 30
13521 4482 2 8 44 O 10
4482 4487 2 4 17 M 30
4487 4491 2 3 17 O 10
4491 1400 2 2 10 M 30
1400 4675 2 2 8 M 10
4675 408 2 8 42 O 10
408 4458 2 1 5 O 10
4458 4706 2 8 44 O 10
4706 4693 2 11 58 O 20
4693 4599 2 4 21 O 30
4599 13163 2 9 45 O 30
13163 4686 2 9 46 O 30
1063 4716 2 6 31 O 30
16875 7897 2 1 1 O 30
14180 14181 1 13 71 O 20
8573 525 2 4 22 M 20
525 2729 2 5 24 M 30
2729 8572 2 3 17 M 20
8096 984 2 4 21 O 20
984 4821 2 1 5 O 10
4821 7544 2 2 10 O 10
7544 8574 2 14 77 O 30
16878 8096 2 1 5 O 20
7897 16876 2 1 5 O 20
4499 4454 2 14 77 O 20
4454 14232 2 18 98 O 10
14232 156 2 1 5 O 30
156 7897 2 6 32 O 10
7895 8574 2 18 100 M 10
8574 7896 2 1 5 M 10
7896 14163 2 13 67 O 10
14163 40 2 8 41 O 10
40 15736 2 4 18 O 20
15736 39 2 11 60 O 30
39 1065 2 4 19 O 30
1065 8625 2 4 20 M 20
8625 3849 2 1 3 M 10
3849 8575 2 10 53 O 10
8575 14247 2 11 59 M 30
8618 8584 2 7 37 M 30
8584 1172 2 1 2 O 20
1172 8144 2 7 39 O 30
13631 8576 1 6 28 O 20
8576 8575 1 18 97 O 10
4654 4716 1 9 50 O 30
4716 4442 1 2 9 O 30
4442 4621 1 6 31 O 10
4621 4496 1 8 41 M 20
4496 1088 1 1 4 O 10
1088 13158 1 8 41 O 10
13158 8643 1 8 39 M 20
8643 4879 1 2 10 O 10
4879 8640 1 7 37 M 20
8640 14240 1 14 76 O 20
14251 5493 1 8 43 O 20
5493 4699 1 16 88 O 30
5444 553 2 6 31 O 10
553 16872 2 5 24 O 20
8582 1161 2 5 23 M 30
1161 8581 2 1 5 O 20
8584 8582 2 10 50 O 10
8582 1173 2 3 15 O 10
1173 8583 2 2 6 O 30
8585 1166 2 15 79 O 10
8588 1164 2 5 23 O 10
1164 8586 2 2 11 O 20
8589 8588 2 6 30 O 20
8590 4462 1 6 30 O 20
8579 8590 2 6 28 M 20
7655 7656 2 6 32 O 30
1140 8580 1 8 41 O 20
4875 8580 1 5 26 O 10
8580 4894 1 7 37 O 20
4885 4875 1 9 46 M 10
4872 8608 1 7 37 O 20
8608 6352 1 6 30 O 30
6352 4886 1 3 13 O 10
8612 8615 1 8 44 O 10
8615 8614 1 4 20 O 10
8614 8613 1 5 27 O 30
8618 8617 2 4 19 M 30
4504 8619 1 10 54 O 30
8622 8621 2 7 34 O 20
8592 8622 2 14 76 O 10
8622 8591 2 5 25 O 30
4367 635 2 12 67 O 10
635 8604 2 8 39 O 30
8594 8593 2 10 51 O 10
4880 1147 2 18 96 M 10
1147 1127 2 3 11 O 10
1126 8600 2 11 59 O 20
8600 8601 2 5 27 M 20
8600 8598 2 2 7 O 20
8598 8597 2 5 26 O 30
8603 8604 2 18 95 O 10
8624 1061 1 14 76 O 30
1061 1059 1 5 23 O 20
1059 1057 1 28 150 M 20
1057 4505 1 9 45 O 30
5900 1051 2 5 25 O 20
1051 1049 2 2 6 O 30
1049 5899 2 6 31 O 10
4817 13207 1 6 29 O 10
13207 637 1 7 38 O 30
637 5900 1 8 43 O 20
8632 8631 2 16 89 O 10
8631 8630 2 18 95 O 30
4639 4705 1 15 83 M 30
4650 4639 1 4 20 O 30
4639 4607 1 5 24 O 20
8627 8626 2 9 47 O 20
4658 15601 2 5 25 O 30
15601 5492 2 4 17 O 10
4704 4703 1 16 84 O 10
4659 15004 2 3 16 O 20
15004 4620 2 2 6 O 20
4620 4692 2 5 26 O 20
4692 4687 2 6 28 O 20
4687 4644 2 6 31 O 10
4644 13147 2 7 33 O 30
13147 4581 2 2 9 O 20
4581 4649 2 6 32 O 30
4649 8633 2 2 9 O 20
8633 4585 2 14 75 M 20
4585 4602 2 4 17 O 30
4602 4718 2 7 34 O 20
4718 4623 2 2 11 O 30
4623 13154 2 3 16 O 30
13154 4724 2 9 48 M 30
4724 13138 2 16 84 O 10
4723 13519 2 5 26 O 30
4461 13520 2 12 61 M 10
4693 4707 2 22 120 O 30
4707 4723 2 28 150 M 20
8634 4594 1 11 57 O 30
4719 4632 1 13 70 O 20
5706 957 1 14 77 O 20
957 15853 1 5 25 O 20
4583 8636 2 11 58 O 30
8637 13202 2 6 32 O 20
13202 4678 2 7 38 M 10
4669 4667 1 4 20 O 30
4651 959 2 7 39 O 30
959 4583 2 1 2 O 10
4583 4616 2 13 68 O 10
4616 4336 2 6 33 O 20
4700 4689 1 6 29 O 10
14507 535 2 10 54 M 30
535 536 2 3 12 O 20
536 539 2 7 36 O 30
539 8639 2 13 68 O 10
8643 8642 2 7 36 M 10
5409 8647 2 14 77 O 20
8647 8646 2 24 133 M 10
13587 14389 1 24 130 O 30
14389 5449 1 1 4 O 30
5449 14188 1 14 78 M 20
14188 5408 1 9 49 O 10
5408 14182 1 11 57 O 30
13586 2454 2 6 30 O 20
2454 15782 2 4 21 O 30
15782 15786 2 9 45 O 30
15786 14390 2 11 59 O 10
14390 14391 2 22 118 O 10
14391 5473 2 10 53 O 10
5473 64 2 10 50 M 10
64 8649 2 24 129 M 30
5467 2339 1 6 33 O 10
2339 1394 1 20 108 O 10
1394 1397 1 13 70 O 30
1397 5503 1 11 58 O 10
5503 1392 1 6 31 O 10
1392 1855 1 5 24 O 20
1855 14403 1 23 123 O 10
8084 8650 2 7 35 O 10
5977 8084 1 18 99 O 20
8084 3309 1 7 37 O 20
3309 677 1 8 40 O 20
677 5981 1 15 80 M 30
14184 5442 2 15 81 O 30
8655 8654 2 8 43 O 20
8657 8656 2 7 34 O 30
8658 8660 2 7 34 O 20
8661 8660 2 15 83 O 30
8660 8659 2 7 36 O 20
5407 5436 1 21 115 O 20
5436 8568 1 10 51 O 10
8568 5452 1 11 56 O 10
8663 3581 2 4 21 O 20
8665 8664 2 8 40 O 10
8667 8668 2 11 56 O 20
8671 8670 2 9 45 O 30
8674 10484 2 3 13 M 20
10484 10482 2 5 26 O 30
10482 8673 2 30 163 O 10
13596 5399 2 21 112 O 10
8676 8677 2 6 31 O 30
8677 8678 2 16 88 M 30
10605 5459 2 13 70 O 30
5459 8789 2 7 36 M 20
8789 7812 2 2 10 O 10
7812 7805 2 10 53 O 20
7805 15621 2 12 66 M 20
15621 7795 2 3 13 M 10
7795 1844 2 15 80 M 30
1844 7670 2 8 44 O 20
7670 14693 2 13 69 O 20
5394 10492 2 34 184 O 10
10492 13585 2 24 128 M 10
8683 1765 2 9 47 M 10
1765 8689 2 2 6 O 20
1763 8692 2 3 16 O 30
8692 8691 2 13 71 O 20
8691 8690 2 10 52 O 20
8690 8692 2 2 9 O 20
8682 8694 2 8 44 O 20
8683 8693 2 3 11 O 30
8693 8682 2 19 102 M 10
8682 8681 2 5 23 M 30
8684 8685 2 12 65 O 20
8688 13527 1 17 92 O 30
8773 7647 2 10 53 O 30
7647 7648 2 8 41 O 20
8699 7646 2 5 26 O 20
7646 7645 2 6 30 O 30
7645 10432 2 13 72 O 10
10432 7643 2 5 27 O 30
8707 8708 2 32 175 O 20
8702 8708 2 58 318 M 10
8704 8703 2 13 70 O 30
8699 8698 2 29 157 M 20
8713 15994 2 19 104 O 20
8720 7637 1 31 167 O 10
8715 8714 2 8 43 M 10
8717 8716 2 8 44 O 30
13541 8720 2 14 77 O 20
8720 8715 2 5 25 M 30
8715 8719 2 1 4 O 10
8721 13541 2 19 103 O 30
13555 16573 2 25 134 O 30
13556 8722 2 10 55 O 20
8724 8723 2 10 53 M 10
8726 8725 2 26 144 O 20
8728 8727 2 8 43 O 30
8737 8729 2 8 41 O 10
8711 8710 2 5 22 O 30
8738 3091 2 8 41 M 30
8731 8730 2 8 40 M 30
8711 8731 2 26 144 O 30
8734 8733 2 33 182 O 30
13542 6166 2 8 44 O 20
8736 8735 2 5 25 O 10
13539 8739 1 10 51 O 10
8741 8740 2 20 111 O 10
8745 13537 2 20 106 O 20
8751 8746 2 8 43 O 10
8749 8747 2 8 44 O 10
8753 10583 2 5 24 O 10
10583 7638 2 4 21 M 30
7638 8752 2 8 41 O 10
8755 8754 2 9 46 M 30
8757 8756 2 4 20 O 10
8759 8758 2 8 40 O 10
8762 15569 2 9 48 O 20
15569 8759 2 37 202 O 30
8759 8761 2 5 27 O 10
8766 8765 2 7 34 O 10
8765 8697 2 24 130 M 30
8697 10580 2 34 185 O 10
10580 8764 2 9 48 O 30
8764 2972 2 10 54 O 10
2972 8763 2 9 47 O 10
14905 8767 2 3 14 O 10
8768 14122 2 13 68 O 20
14123 14301 2 9 49 O 10
15684 15508 2 10 53 O 10
15508 3087 2 2 7 O 20
3087 7545 2 6 28 O 30
7545 13620 2 3 12 O 20
13620 2977 2 10 50 O 20
2977 14302 2 18 95 O 30
14302 2435 2 2 6 O 30
2435 16706 2 8 41 O 20
16706 6205 2 6 30 M 30
6205 2437 2 1 3 M 30
2437 6203 2 8 44 M 10
6203 8770 2 10 54 O 10
8770 13617 2 3 12 M 20
13617 15505 2 6 30 M 10
15505 2436 2 2 6 O 20
2436 16796 2 15 80 O 20
8771 8770 2 31 169 O 10
8772 6203 2 17 94 O 30
6202 6204 2 11 58 O 10
6204 6206 2 4 19 M 30
8776 8775 2 15 82 O 10
8778 8777 2 31 168 O 20
2884 8779 2 36 197 O 10
8781 8780 2 33 179 O 10
14450 8781 2 16 88 O 10
8781 8782 2 6 33 O 30
8785 8786 2 27 146 M 10
8786 8784 2 6 30 O 20
8788 8787 2 23 125 O 30
8791 8790 2 23 123 O 30
16922 8793 2 5 23 O 10
8793 13515 2 13 69 M 20
8793 14083 2 8 40 O 20
14083 14107 2 9 47 M 20
14107 14931 2 9 48 O 10
14931 16411 2 8 41 O 10
16411 14082 2 3 12 O 20
14082 14080 2 9 49 O 10
14080 15290 2 5 26 M 30
15290 14090 2 10 51 O 30
8795 13953 2 34 185 O 20
8797 3608 2 4 20 O 10
3608 8798 2 13 71 O 10
8801 8800 2 4 17 O 10
8800 8799 2 16 88 O 20
8799 15232 2 3 16 O 20
15232 15218 2 23 127 O 10
15218 14096 2 8 42 O 10
8805 8806 1 14 74 O 30
8806 8802 1 19 104 O 20
14060 8813 2 5 28 O 10
8813 8816 2 15 83 O 20
8816 8811 2 12 63 O 20
8811 8807 2 3 15 O 20
8807 8808 2 14 74 O 30
8808 8843 2 4 20 O 30
8808 16006 2 39 214 M 30
16006 16008 2 6 32 O 10
16008 8815 2 10 54 O 10
8811 8812 2 19 101 O 20
8816 16016 2 33 183 O 30
8813 8814 2 8 42 O 30
14060 14061 1 30 161 O 10
11014 11011 1 15 78 O 20
11011 8817 1 9 48 M 20
10997 11008 2 5 24 O 20
11008 14057 2 10 55 O 20
10996 8818 1 4 22 M 20
8818 8805 1 20 109 O 20
11009 14058 2 8 40 O 20
8808 8819 2 11 60 O 30
11016 8820 2 11 59 O 20
6465 7786 2 14 78 O 30
7786 7782 2 13 67 M 10
7782 7774 2 19 103 O 10
7774 6468 2 9 49 M 30
6468 7770 2 6 28 O 10
7770 7768 2 7 34 M 20
7768 7818 2 5 24 O 30
7818 7771 2 5 27 O 10
7771 7817 2 2 10 O 10
7817 6460 2 8 42 O 30
6460 7828 2 12 61 O 20
7828 6457 2 11 57 O 10
6457 6463 2 10 55 O 10
8827 7789 2 4 17 O 20
8828 8829 2 9 46 O 30
8833 8832 2 5 26 O 30
14398 8838 1 5 27 M 30
8823 14254 1 8 40 O 10
8824 8823 1 3 16 M 20
14449 8824 1 8 44 O 30
14045 10921 2 17 93 O 20
10921 10919 2 5 23 O 30
10919 10916 2 6 31 O 20
10916 8839 2 2 6 O 20
8839 10915 2 11 58 O 30
10915 7270 2 7 38 O 30
7270 7273 2 4 22 O 20
7273 10934 2 6 30 O 10
10934 10931 2 4 19 O 20
10931 3716 2 11 58 O 10
3716 14046 2 1 5 O 20
14046 3725 2 6 32 O 10
3725 10826 2 1 3 M 20
10826 14047 2 10 51 O 10
14047 3735 2 1 5 O 20
3735 10924 2 6 31 O 30
10924 5836 2 7 38 O 20
5836 14029 2 8 40 O 30
14029 14027 2 7 38 M 30
14027 13292 2 8 43 O 10
13292 2403 2 2 7 O 30
2403 10953 2 5 25 O 10
10953 2145 2 2 7 M 30
2145 4807 2 9 46 M 20
8839 10937 2 14 75 O 10
8810 8841 2 9 48 O 30
8843 8842 2 8 43 M 20
8842 8844 2 10 53 M 20
8844 8845 2 12 62 O 10
8846 8847 2 19 104 M 30
8849 3417 2 1 5 O 30
3417 3419 2 2 7 O 20
3419 3421 2 3 16 M 20
3421 8851 2 2 7 O 10
8851 8847 2 15 78 O 20
8850 3381 2 1 5 O 20
3381 8851 2 11 58 O 20
8852 8853 2 4 20 O 20
7345 16459 2 12 66 O 10
6792 8854 2 3 14 O 30
16456 6781 2 3 12 M 20
6781 6716 2 19 102 M 10
6716 8859 2 9 46 O 30
8859 16460 2 7 36 O 30
16460 2807 2 1 2 O 10
2807 6720 2 7 34 O 10
7282 7330 2 35 190 O 20
7321 7329 2 5 27 O 30
7329 7282 2 4 19 M 10
7318 15000 2 4 17 O 30
15000 16473 2 8 41 O 10
7303 9236 2 25 134 M 30
9236 7306 2 4 21 O 30
7291 8861 2 13 70 O 30
5639 15561 2 13 67 O 30
15561 8895 2 4 19 O 30
8895 6508 2 2 7 O 10
6508 15559 2 3 13 O 10
15559 7934 2 12 62 O 30
7934 7935 2 8 43 O 10
7935 9994 2 5 24 O 30
9994 7942 2 13 72 M 20
7661 9039 2 5 22 M 20
9039 15678 2 8 44 O 10
15678 9046 2 2 6 O 30
9046 617 2 19 104 O 20
617 15667 2 5 27 O 30
5616 1528 2 10 54 O 30
1528 5630 2 8 41 M 10
7661 5614 2 18 96 O 30
8887 8886 2 9 49 M 20
8112 9759 1 15 82 O 10
9759 5697 1 12 62 O 30
5715 14582 2 30 161 O 30
14582 9957 2 11 59 O 30
9957 9167 2 12 65 O 30
9167 9958 2 25 135 O 20
9958 13383 2 6 30 M 20
13383 9928 2 9 45 O 20
9928 9925 2 5 24 O 30
9925 6527 2 9 49 O 20
9156 5624 2 27 147 O 10
5624 5690 2 9 46 O 10
5690 4368 2 16 86 O 10
4368 5638 2 29 160 O 10
8863 8862 2 15 80 M 10
8865 222 1 20 107 O 20
222 8864 1 7 36 O 20
8868 8867 1 9 46 O 30
8867 8871 1 11 60 M 20
8871 8874 1 10 52 O 10
8878 8877 2 8 40 M 20
8881 8880 2 9 47 M 10
1095 8883 2 5 25 O 30
8876 8885 2 12 62 O 20
6479 16196 2 19 102 O 20
16196 6492 2 2 7 O 30
6492 1102 2 9 45 O 10
1102 3223 2 4 18 O 20
3223 6482 2 4 19 O 10
9156 8899 2 66 365 O 10
8126 5336 2 10 51 O 20
8906 8907 2 8 40 O 30
8909 8496 2 2 6 M 10
8496 8908 2 2 10 O 30
8557 8910 2 7 37 O 30
6495 8911 2 3 15 O 10
8914 8913 2 10 56 O 30
8916 8915 2 7 37 O 10
8918 8919 2 7 39 O 30
8924 8923 2 6 30 O 20
8923 8921 2 1 5 O 10
8921 8918 2 4 20 O 20
1110 8925 2 9 50 O 30
8926 11970 2 22 117 M 30
11970 8930 2 3 14 M 20
11963 11968 1 3 14 O 30
11968 11969 1 10 52 O 30
11969 8927 1 19 103 O 10
8928 11970 2 12 66 O 20
8931 8933 2 19 103 O 10
8933 8932 2 3 14 O 30
8932 8931 2 15 80 O 20
8937 8935 1 14 77 O 20
7987 6083 2 3 13 O 20
8939 3437 1 36 198 O 30
6081 8947 2 1 4 O 20
8943 7984 2 13 69 O 30
7984 8942 2 5 23 O 10
8945 8944 2 9 48 O 30
7986 3453 2 7 35 M 20
3453 3454 2 4 20 O 20
16111 8942 2 14 73 O 30
7980 8939 2 18 99 M 30
8939 8949 2 5 23 M 20
8949 8948 1 4 18 O 30
8948 16115 1 2 8 O 30
16115 8937 1 3 14 M 20
8937 8947 1 1 3 O 20
8947 8949 1 3 12 O 30
6079 8934 2 4 18 O 20
8934 6081 2 6 31 O 30
7988 7989 2 3 13 M 10
7989 8945 2 4 17 O 20
8945 7991 2 4 17 M 30
7991 8952 2 4 17 M 10
7993 8439 1 2 9 O 10
8439 8950 1 3 13 O 30
7988 381 1 17 89 O 20
381 16107 1 14 76 O 10
16107 3446 1 11 60 O 30
6008 16108 1 14 74 O 30
16108 3444 1 14 76 M 30
3444 380 1 5 25 O 10
380 7988 1 13 67 M 30
3452 16109 2 7 34 O 20
16109 4001 2 3 15 O 20
4001 379 2 9 47 M 30
379 380 2 8 41 O 30
6008 3447 2 7 33 M 20
3447 6007 2 2 8 O 30
6007 15238 2 2 8 O 20
6082 8953 2 6 30 O 30
8953 8954 2 1 2 O 10
2919 7981 2 5 23 O 30
8955 8956 2 1 2 O 30
2921 8958 2 1 3 O 10
8958 8957 2 9 44 O 20
7990 7991 2 9 47 O 20
8965 8968 2 6 31 M 20
8968 8967 2 3 13 O 20
8967 2862 2 15 79 O 10
2862 8963 2 7 38 O 20
8963 8966 2 14 73 O 30
6647 8970 2 19 101 M 20
8974 8975 2 4 20 M 20
8976 8975 2 5 26 O 30
8975 8980 2 3 15 O 20
8980 8979 2 7 38 O 10
8979 8978 2 11 59 O 20
8982 8980 2 9 45 M 10
8980 13412 2 33 180 O 20
13412 8981 2 10 52 O 30
8984 3857 2 28 154 O 20
3857 8983 2 4 20 O 10
8986 8985 2 8 40 O 10
8988 8987 2 10 54 O 10
8991 8990 2 4 21 M 10
7933 14744 1 5 24 O 30
8993 8992 2 7 35 O 20
8995 8994 2 6 31 O 10
8997 8996 2 9 50 O 30
6228 6365 2 6 29 M 30
9002 9001 2 7 38 O 10
9004 9003 2 11 56 M 20
9006 9005 2 12 64 O 10
9008 9007 2 4 18 M 20
9011 9010 2 11 59 M 20
9013 9012 2 5 24 O 20
14145 9018 2 8 44 O 10
9018 9016 2 3 15 O 10
9016 9892 2 14 76 O 30
9892 9919 2 11 61 O 10
9919 14146 2 4 18 M 20
14146 14147 2 16 83 O 10
14147 9948 2 13 67 M 20
9948 9946 2 6 28 O 30
9946 4370 2 6 29 O 20
4370 4369 2 3 15 O 20
4369 6485 2 7 37 O 20
6485 8890 2 9 45 O 20
9016 9015 2 7 38 O 20
9018 9017 2 12 66 O 10
9022 9021 2 11 58 O 10
9024 9023 2 14 75 O 10
9026 9025 2 11 57 O 10
9027 9028 2 10 55 M 30
9034 9031 2 4 17 O 30
9033 9032 2 4 18 O 10
9032 16229 2 2 10 O 30
9037 9036 2 35 193 O 10
9036 9035 2 4 20 O 10
9040 9039 2 18 100 O 20
9042 16233 2 29 159 O 30
16233 16946 2 2 8 O 10
16946 9042 2 2 8 M 20
9044 9041 2 18 96 O 20
9049 9048 2 8 39 O 30
9051 9052 2 2 8 M 10
9052 9050 2 3 12 O 30
9053 9052 2 9 46 O 20
9055 9054 2 15 81 O 30
9057 9056 2 7 33 M 30
9059 9058 2 8 43 O 20
9061 9060 2 10 51 O 10
9063 9062 2 11 56 M 30
9064 9057 2 8 40 O 20
9057 9059 2 3 17 O 10
9059 9060 2 4 19 O 20
9060 9062 2 3 16 O 10
9062 9067 2 4 18 O 10
9065 9053 2 4 17 O 30
9053 9049 2 3 16 M 30
9049 9068 2 8 44 O 10
9066 9050 2 3 15 O 20
4030 9071 2 20 107 O 20
9072 2690 2 8 39 O 10
9073 9072 2 4 18 O 10
9072 2691 2 10 52 O 30
4170 9073 2 3 12 O 10
9073 9074 2 20 108 O 10
9077 9078 2 22 122 O 30
9078 9076 2 3 13 O 10
9077 9079 2 10 52 O 10
9079 9078 2 15 80 O 10
9088 9080 2 5 23 O 20
16575 9084 2 24 128 O 30
16574 7935 2 9 47 O 10
5688 9084 2 6 29 O 30
9084 16574 2 3 16 M 20
7942 9089 2 2 9 O 30
9089 5651 2 8 44 O 20
5651 9088 2 9 46 O 20
9085 9086 2 7 38 M 20
9086 9087 2 5 23 O 10
9087 9085 2 3 15 O 20
9085 5688 2 4 22 O 30
9090 4215 1 3 15 O 10
4215 5675 1 7 35 O 10
6539 16201 2 5 24 O 20
16201 9126 2 2 6 O 10
9126 9125 2 12 64 O 10
7946 9997 2 15 80 O 10
16216 5606 2 11 61 M 30
9155 4105 2 15 79 M 20
345 9127 2 12 65 O 10
9977 9983 2 5 25 O 10
9983 4115 2 12 66 O 10
9117 2553 2 8 40 O 10
2553 9116 2 1 2 M 30
9116 9130 2 1 5 O 10
9130 9141 2 8 42 O 20
9119 133 2 9 45 M 30
133 9118 2 5 28 O 10
9121 7917 2 7 37 O 10
9123 13506 1 8 42 O 30
166 9123 2 5 25 O 20
9122 9117 2 8 42 M 20
9117 5427 2 10 50 O 10
9134 9133 2 6 30 O 30
9133 9132 2 9 47 O 20
9132 9131 2 10 53 O 10
9131 9133 2 2 6 O 10
9136 2170 2 7 34 O 20
5405 5447 1 14 75 O 10
5447 5424 1 13 67 O 30
16079 13386 2 6 33 M 20
13386 7939 2 17 93 O 10
7939 186 2 17 93 O 10
186 2056 2 3 11 O 30
2056 2054 2 3 15 O 20
2054 4019 2 1 5 O 20
7917 9128 2 16 84 O 20
9128 134 2 9 46 O 10
134 135 2 3 16 O 30
135 138 2 2 11 O 20
138 16071 2 3 14 O 10
9130 165 2 16 85 M 30
165 9116 2 10 55 M 30
9138 9137 2 8 44 M 10
9141 9122 2 7 34 O 20
9122 9129 2 6 33 O 10
9144 9143 2 9 46 O 10
9143 9145 2 17 90 M 10
9146 196 2 9 47 O 30
9093 9091 2 1 4 O 10
9094 9093 2 6 32 M 10
9093 9092 2 3 16 O 10
9095 5531 1 12 61 M 10
9097 5562 2 5 27 O 30
9096 5562 2 1 4 O 10
5562 1459 2 11 59 O 20
1459 5569 2 10 54 O 10
9099 5575 1 14 73 O 10
9101 9100 2 6 30 M 20
8898 9102 2 14 74 O 20
9103 9147 2 9 46 O 10
9106 9104 2 4 18 O 10
9109 9108 2 5 26 O 10
9108 9106 2 1 4 O 20
9108 9107 2 9 49 O 30
7936 9101 2 20 107 O 30
9101 9148 2 24 132 O 20
9152 9150 2 9 45 M 20
9150 9110 2 9 46 O 30
9151 9152 1 12 63 M 20
9152 8894 1 17 93 O 10
8893 9153 1 39 214 O 20
8899 8898 2 20 111 O 10
8898 450 2 19 102 O 20
450 8897 2 14 76 M 20
8126 8894 2 9 46 O 30
8894 8893 2 14 77 O 20
8893 9148 2 9 48 O 10
9148 9149 2 6 28 O 30
9149 9147 2 2 8 O 20
9147 8899 2 12 62 O 10
7942 2163 2 8 40 M 10
2163 9075 2 2 6 O 10
9075 2165 2 2 6 O 30
2165 8126 2 21 115 M 30
9157 9965 2 1 4 O 10
9965 9963 2 26 142 O 10
9963 9964 2 12 66 O 20
9159 9158 2 11 57 O 10
9161 9160 2 13 68 M 20
9163 9162 2 13 72 O 30
9165 9164 2 24 131 O 20
9167 9166 1 35 189 O 30
9968 9967 2 15 82 O 30
9967 9172 2 16 86 O 10
9172 9173 2 7 38 O 20
5640 13378 2 1 5 M 20
13378 8993 2 2 6 O 20
8993 14586 2 1 4 O 30
14586 4980 2 5 24 M 30
7341 13454 2 5 24 O 10
13454 7287 2 4 18 M 30
7287 2865 2 6 33 O 10
9182 9181 2 5 23 O 30
9187 9186 2 19 104 M 30
4846 7347 2 2 9 M 30
7347 4847 2 9 49 O 30
4847 4854 2 10 55 O 30
4854 7316 2 11 56 O 30
7316 4861 2 1 4 O 30
4861 4862 2 6 28 O 20
4862 9189 2 5 27 M 10
9189 9181 2 2 11 O 10
9181 9187 2 3 16 O 10
9193 2667 2 2 10 O 20
2667 2669 2 8 44 O 20
2669 9192 2 2 6 O 10
7313 9194 1 6 29 O 20
9195 9196 1 7 36 O 20
9199 9195 2 7 36 M 10
9195 7348 2 6 31 O 10
9208 9209 2 12 63 O 10
9209 9212 2 9 48 O 20
9209 9210 2 7 38 O 20
9211 9209 2 5 25 O 20
9217 9214 2 15 78 M 20
16901 13615 2 1 1 O 10
9220 9218 2 9 46 O 10
9235 9234 2 4 22 O 10
9232 9221 2 8 43 M 10
9233 9232 1 4 17 M 20
9232 9231 1 4 22 O 20
9230 9233 1 6 33 O 10
9231 9230 2 3 14 O 10
9230 9229 2 12 66 O 10
9229 9231 2 24 132 O 10
9223 9222 2 24 132 O 20
9236 9228 2 13 67 O 20
9239 9238 2 12 65 O 10
14548 9241 2 33 182 O 10
9249 9248 2 12 63 O 20
9245 9243 2 19 104 M 30
9246 9245 2 9 47 O 10
9245 9244 2 9 49 M 10
9253 9252 2 6 31 M 20
9255 9254 2 8 42 M 10
7963 9256 2 12 62 O 20
9258 9257 2 4 21 O 30
9259 9260 2 4 20 O 20
4153 9257 2 15 78 O 20
9257 9260 2 7 36 O 30
9260 7962 2 8 39 O 30
3863 9261 2 15 82 O 10
9263 9262 2 16 89 O 20
9265 9264 2 6 30 O 10
9267 9265 2 11 60 O 30
9265 9266 2 11 61 O 20
9268 5713 2 9 48 O 20
9270 9269 2 10 52 M 10
9272 9271 2 9 46 O 30
9274 9273 2 6 32 M 20
9300 9298 2 17 93 O 20
9298 6403 2 11 61 M 20
6403 9270 2 7 35 O 20
9270 9272 2 7 35 O 20
9272 9273 2 4 18 M 20
9273 6409 2 10 55 M 20
6409 646 2 8 40 M 10
646 6413 2 10 52 O 10
6413 6416 2 6 30 O 30
9278 9276 2 6 29 O 10
9278 9277 2 11 61 O 30
9281 9280 2 3 11 O 10
9284 9283 2 16 84 M 30
9283 9281 2 4 17 O 30
9287 9286 2 6 33 O 30
9292 9293 2 9 45 O 20
9295 9294 2 11 56 O 30
9297 9296 2 19 103 O 10
9299 9298 2 8 43 O 30
9301 9302 2 10 54 O 10
9176 9304 2 21 116 O 30
9177 7718 2 37 201 O 20
7718 9176 2 12 66 O 30
9310 9309 2 5 24 O 30
9308 9311 2 8 41 M 10
9307 9312 2 4 22 O 10
9314 9313 2 11 57 O 20
9315 9316 2 8 43 O 10
9317 9306 2 8 44 O 30
9318 9305 2 16 85 M 30
9320 9319 1 7 37 O 20
6400 6401 2 28 151 O 20
6401 6402 2 15 80 O 30
6402 9314 2 28 155 O 10
9314 6408 2 12 65 O 30
6408 9307 2 7 35 O 10
9307 9308 2 8 42 O 20
9308 9310 2 56 311 O 30
9310 6418 2 10 51 M 30
6418 16819 2 13 69 O 10
9333 5138 2 21 115 M 10
9335 9334 2 9 46 O 10
6566 6553 2 6 29 O 10
9338 9337 2 4 22 O 30
3474 9341 2 3 14 O 20
9341 9339 2 9 48 O 20
9342 9341 2 12 66 O 30
8473 9343 2 11 58 O 20
9345 9344 2 8 39 O 20
9347 9346 2 5 22 O 10
9349 9348 2 7 37 O 10
4397 4395 2 25 138 O 30
8473 4396 2 7 38 O 30
4396 4395 2 24 131 O 30
4395 8472 2 2 10 O 10
5988 9352 2 42 233 O 10
5975 9353 1 15 81 O 30
9354 4848 2 8 42 O 30
9323 9324 2 7 37 M 20
9322 9324 2 7 34 O 10
9324 7960 2 9 45 O 20
9326 4275 2 10 51 O 20
9366 9328 2 9 45 M 20
9328 9327 2 5 24 O 10
9329 9331 2 1 5 O 20
9366 9331 2 5 23 M 30
9331 9330 2 5 25 O 20
9367 9328 2 6 30 O 10
9370 9369 2 7 35 O 10
6372 3485 2 5 27 M 30
3485 9370 2 10 51 M 20
9373 9372 2 5 27 O 20
9356 9355 2 11 57 M 30
9358 9357 2 14 77 O 20
9360 9359 2 5 23 O 20
9362 9361 2 15 80 O 30
9364 9363 2 5 25 M 20
9403 9365 2 8 40 O 20
9397 9396 2 12 63 M 30
9404 9398 2 23 123 O 20
9402 9400 2 6 32 O 10
9400 9399 2 8 42 M 30
7960 7958 2 60 330 O 10
9406 9405 2 17 89 M 20
9407 9409 2 4 19 O 30
9409 9408 2 11 58 O 20
9410 9409 2 4 20 O 20
9412 9411 2 12 64 M 30
9414 9413 2 15 80 O 30
9374 9415 2 15 78 O 30
9376 9415 2 8 44 O 30
9415 16947 2 3 13 M 10
16947 9374 2 3 13 O 10
9378 9377 2 12 62 O 10
9379 9381 2 6 33 M 20
9381 16123 2 14 73 O 30
16123 9380 2 13 69 O 10
9205 9383 2 19 105 O 30
9385 9384 2 7 34 O 20
9387 9204 2 10 53 O 30
9185 9388 2 8 40 O 10
9390 9389 2 3 13 O 30
9395 9392 2 4 19 O 20
9392 9390 2 2 7 O 10
9390 9394 2 3 16 O 20
9393 9392 2 2 11 O 30
9429 9430 2 5 22 O 20
9431 9432 1 6 32 M 30
9432 2642 1 1 5 O 30
2642 2639 1 18 99 M 20
2639 9433 1 3 15 O 30
9433 9434 2 7 34 M 10
9435 9431 1 10 54 O 20
8208 9439 2 10 51 O 20
9441 9440 1 9 48 O 10
9440 14602 1 22 121 O 30
9442 2482 1 7 36 O 10
2482 9443 1 19 105 O 20
9420 9419 2 5 27 O 30
9417 9421 2 5 26 M 30
9424 9423 2 10 54 O 30
9450 9449 2 7 35 O 20
9451 2485 1 4 21 M 20
2485 9459 1 7 37 O 10
9453 2486 1 7 38 O 20
2486 9452 1 4 21 O 30
9456 9444 2 5 27 M 20
9455 9454 2 3 13 O 20
9456 9455 2 3 15 O 20
9455 9416 2 6 32 O 20
9453 2487 2 2 10 O 30
2487 9459 2 2 9 O 20
9459 9457 2 6 30 O 30
7319 9446 2 6 30 O 30
9204 5996 2 12 65 O 10
9472 9471 2 6 29 O 30
9474 9473 1 12 64 O 30
9472 2663 1 6 30 O 30
2663 9476 1 8 41 O 20
4860 9448 1 19 104 O 30
9465 9466 2 7 37 O 10
9466 9479 2 5 26 O 20
9480 9465 2 11 61 M 30
9482 9481 2 14 75 O 30
9467 9469 2 9 49 O 10
9469 9487 2 10 50 M 10
9461 9486 2 22 119 O 10
9486 9485 2 6 29 O 10
9485 9484 2 15 78 M 30
9463 9462 2 3 16 O 30
9467 9466 2 27 147 O 20
9468 9469 2 5 27 O 20
9470 9487 2 20 108 O 10
9490 9489 2 8 39 M 10
9491 9492 2 3 12 O 30
9493 9499 2 11 56 O 30
9501 9500 2 8 42 O 30
9503 9501 2 7 38 O 20
9501 9502 2 8 42 O 10
9512 16120 2 1 4 M 30
16120 9514 2 6 29 O 10
9514 14566 2 1 4 O 30
14566 9506 2 3 12 O 30
9506 9503 2 2 9 M 10
9503 9507 2 2 7 O 30
9506 9505 2 4 20 O 10
14565 9511 2 4 17 O 10
9511 9512 2 1 3 O 20
9510 9509 2 4 21 M 30
9511 9510 2 5 23 O 10
9510 15565 2 7 38 M 30
14566 9513 2 5 27 O 20
15040 9515 2 8 40 O 30
9517 3136 2 9 45 M 30
3142 3141 2 7 36 M 20
9520 9522 2 6 30 O 30
9522 9521 2 4 21 O 30
9524 9523 2 3 11 O 30
9526 9524 2 4 22 O 20
9524 9525 2 9 45 M 30
9495 9496 2 7 37 O 20
9497 9496 2 8 42 O 30
9531 9532 2 7 35 O 10
9533 9534 2 6 30 O 30
9535 9190 2 6 33 O 30
9530 9527 2 7 34 M 10
9540 9539 2 8 39 O 10
9544 9543 2 10 50 O 30
9549 9538 2 21 115 M 10
9225 9226 2 12 64 O 20
9226 4417 2 10 53 O 30
8124 1558 2 11 57 O 30
1558 1556 2 8 44 O 10
1556 7730 2 3 15 O 10
16716 16717 1 5 24 O 20
16717 16718 1 2 9 M 20
16718 16719 1 4 17 O 10
9582 9580 2 21 115 O 20
9580 9581 2 10 54 O 30
9595 9593 2 5 22 O 20
9594 9595 2 10 50 O 30
9595 9596 2 8 44 O 10
5070 3429 2 11 57 O 30
3429 9597 2 11 57 M 20
9600 9598 2 2 7 M 30
9601 9600 2 14 73 O 20
9600 9599 2 9 49 O 10
9604 9603 2 10 52 O 10
9606 13430 2 11 56 M 20
13430 9605 2 5 25 O 20
9609 9608 2 4 18 O 10
9610 9609 2 8 40 O 20
9609 9611 2 12 65 M 10
9613 9612 2 9 46 M 10
9615 9614 2 6 29 O 20
9617 9616 2 12 62 O 30
9618 9597 2 2 10 O 10
6548 9619 2 8 42 O 10
9621 9620 2 10 52 O 10
9624 9623 2 10 54 O 20
9586 9625 2 8 43 M 20
9587 6356 2 11 59 O 20
6356 9589 2 6 31 O 10
9589 9588 2 10 52 O 10
9627 9626 2 5 25 O 30
5093 9628 2 6 32 O 30
9633 9632 2 10 53 O 30
9635 9634 2 8 40 M 30
9637 9636 2 13 70 O 30
9639 9638 2 9 47 O 10
9567 9633 2 7 37 O 30
9633 9631 2 10 55 O 20
9631 9634 2 12 61 O 20
9634 9636 2 20 107 O 10
9636 683 2 5 23 O 30
683 9639 2 18 95 O 20
9641 9640 2 10 51 M 10
9641 16165 2 12 63 O 30
9570 9569 2 6 30 O 10
9572 9571 2 17 91 O 30
9574 9573 2 14 74 O 30
9577 2301 2 3 13 O 30
2301 9576 2 6 32 O 30
9321 8073 2 10 51 M 30
8073 5972 2 17 91 O 20
9649 16157 2 6 33 O 10
9652 9651 2 30 165 O 30
9655 9654 2 8 42 O 20
9657 9656 2 9 48 O 10
9659 9658 2 8 41 O 30
9661 9658 2 10 52 O 10
9658 9660 2 6 28 M 30
9663 9662 2 6 31 O 10
9665 2902 2 9 48 O 30
2902 9664 2 5 26 O 10
9667 9666 2 8 41 O 20
9669 9668 2 5 24 O 20
9671 9670 2 10 53 M 20
9673 9672 2 11 60 M 10
9675 9674 2 11 60 O 30
9677 9676 2 12 64 M 10
9679 9678 2 5 23 O 10
9681 3175 2 6 29 O 30
3175 9679 2 3 13 M 30
9679 9680 2 4 21 M 30
9683 9682 2 13 69 O 10
9685 9684 2 15 81 O 20
9686 16180 2 7 38 M 10
5143 5060 2 12 66 M 10
5060 2317 2 10 54 O 10
9690 9689 2 5 22 O 10
9689 2318 2 9 46 O 20
9694 9691 2 8 41 O 10
9691 9693 2 7 37 O 30
4374 4373 1 24 132 O 10
5082 9695 2 11 60 O 20
5890 16178 2 9 50 O 10
5132 5121 2 3 15 O 20
5121 8135 2 12 65 O 30
8135 5140 2 4 19 O 30
5140 5890 2 11 60 O 10
5890 5123 2 23 125 M 10
9697 9696 2 7 35 O 20
4967 9698 2 9 47 M 30
9556 5090 2 5 28 O 20
9558 9557 2 6 29 O 20
5078 5126 2 7 34 O 30
9560 9559 2 9 50 O 30
5101 5076 2 6 29 O 10
5101 5084 2 13 70 O 20
230 9566 1 25 138 O 30
9700 9699 2 2 9 O 30
9702 9700 2 10 52 O 10
9700 9701 2 1 4 O 10
9704 9702 2 2 9 O 20
9702 9703 2 8 42 O 20
9706 9705 2 2 9 O 10
9708 9706 2 8 43 O 10
9706 9707 2 2 8 M 10
9709 3275 2 5 27 O 20
3275 12490 2 8 39 O 20
12490 9710 2 4 20 O 20
6300 9710 2 8 41 O 30
9710 6310 2 9 47 O 30
12521 6022 2 8 40 O 20
6022 6021 2 7 37 O 20
6021 6020 2 5 24 O 20
6020 2671 2 8 40 M 10
2671 6017 2 2 11 O 20
7713 12403 2 5 25 O 10
12403 6028 2 2 10 O 10
6028 6025 2 13 70 O 30
6025 12549 2 10 53 O 10
12549 6023 2 5 23 M 20
16097 12554 1 10 52 O 30
12554 2120 1 8 41 O 30
2120 9713 1 7 37 O 20
9714 9726 2 3 14 O 20
9717 9714 1 1 4 O 20
9714 9715 1 1 5 O 20
9715 9716 1 1 5 M 30
9716 9718 1 4 19 O 10
9718 9717 1 2 10 O 10
12460 9721 1 5 25 M 30
9720 9722 1 1 1 O 30
9722 9721 1 4 17 O 30
9721 9719 1 1 2 O 30
12461 15271 2 2 10 O 20
15271 12434 2 30 164 O 10
12434 13704 2 11 56 M 10
12462 15369 2 2 9 O 20
15369 4802 2 4 18 O 30
4802 15371 2 2 10 M 20
15371 12657 2 2 10 O 30
12657 4801 2 11 60 O 30
4801 8136 2 7 34 O 20
8136 12654 2 17 91 O 10
12654 4804 2 4 19 O 20
4804 16381 2 26 141 O 10
16381 7530 2 6 30 O 10
7530 4800 2 1 5 O 10
4800 6108 2 4 19 O 20
6108 12492 2 9 45 O 30
12492 5719 2 9 46 O 30
5719 15373 2 2 8 M 20
15373 3327 2 3 16 O 30
3327 6103 2 5 27 O 30
6103 6743 2 7 34 M 20
6743 15381 2 15 82 O 20
15381 5506 2 9 48 O 20
5506 5505 2 5 22 O 20
9725 12453 1 2 7 M 10
12453 9716 1 10 55 O 10
9729 9728 1 2 9 M 30
9724 12454 1 3 14 O 10
9729 9727 2 7 36 O 20
10894 4240 2 2 7 O 30
4240 4243 2 13 70 O 30
4243 4241 2 7 35 O 10
4241 9730 2 11 58 M 10
13265 3637 2 11 60 O 30
6233 6232 2 16 83 O 10
6232 10006 2 5 23 O 10
10006 5334 2 11 60 O 30
5639 16218 2 31 171 M 10
9738 9737 2 11 58 O 10
9740 9739 2 35 190 O 10
9742 23 2 3 16 O 30
23 9741 2 15 80 O 10
9741 24 2 12 62 O 20
24 23 2 4 20 O 30
9744 9739 2 5 23 O 30
9739 9743 2 16 86 O 10
9745 9744 2 15 79 M 30
9747 1422 2 5 22 O 30
1422 9746 2 15 78 O 10
9747 1423 1 6 31 O 10
1423 9045 1 2 8 M 20
15043 8123 2 19 105 O 10
8123 3918 2 6 28 O 30
3918 8124 2 6 29 O 30
8124 9857 2 6 32 O 10
9857 7660 2 25 136 O 20
9755 5661 2 9 47 O 10
5664 9756 2 3 14 O 20
9758 9757 2 8 44 O 10
9760 9759 2 9 48 O 30
9762 9761 2 5 26 O 30
9764 9763 2 8 40 O 30
8118 5698 1 30 164 O 20
9767 9766 2 15 81 O 30
9769 9768 2 4 17 O 20
9771 9770 2 3 17 O 20
9773 9768 2 5 26 O 30
9768 9770 2 6 30 O 30
9770 9772 2 5 27 O 10
9776 9774 2 10 55 O 20
9776 1432 2 5 27 O 20
1432 9775 2 3 16 O 30
9748 9777 2 3 14 O 20
9780 15922 2 8 40 O 10
5524 9748 2 10 55 O 20
9748 9749 2 3 13 M 30
9749 9780 2 7 36 M 10
9780 9779 2 4 17 M 30
1417 9749 2 11 59 M 20
9751 9750 2 5 22 M 20
8223 8227 2 6 28 O 20
9754 9753 2 10 54 O 20
9783 9782 2 16 89 O 20
9786 9785 2 29 160 O 10
9789 9787 2 3 15 O 10
9790 9789 2 6 31 M 10
9789 9791 2 7 34 M 30
9791 9788 2 15 81 O 10
8110 9791 2 11 56 O 10
9793 9792 2 7 39 O 30
9794 666 2 20 110 O 20
666 16029 2 10 50 M 10
5669 5683 2 7 34 O 20
4953 227 2 3 15 O 20
227 5005 2 5 25 M 10
9797 16580 2 13 71 O 10
16580 9799 2 2 10 O 30
9816 9815 2 12 66 O 20
9793 9801 2 12 65 O 10
9802 4979 2 7 37 M 30
9806 9805 2 7 38 O 20
9808 1551 2 9 49 O 10
1551 1548 2 9 48 O 20
1548 1563 2 2 11 O 10
1563 1561 2 3 15 O 10
1561 9807 2 1 3 O 30
9811 9810 2 11 59 O 30
9813 9810 2 3 15 O 10
9810 9812 2 3 16 O 30
9818 9814 2 15 80 O 20
9809 9814 2 14 75 O 10
9814 9819 2 11 57 O 10
9821 9812 2 18 100 O 30
9812 9820 2 5 25 O 30
9823 9822 2 10 53 O 10
9827 9825 2 23 122 M 10
9825 9824 2 13 67 O 30
9827 16189 2 9 47 M 30
16189 16190 2 11 57 O 20
16190 9826 2 9 46 O 10
6362 9847 2 4 19 O 10
9847 2251 2 37 202 O 30
6357 6360 2 24 128 O 20
9849 4002 2 13 70 O 10
9838 9837 2 8 44 O 10
9840 9839 2 3 16 O 30
9842 9841 2 4 20 O 30
6359 9843 2 6 32 O 20
9845 9844 2 4 20 O 30
9828 15733 2 4 21 O 30
9824 6355 2 7 38 O 20
9831 9830 2 14 73 O 10
9833 9831 2 8 44 O 20
9831 9832 2 4 22 O 10
9836 9835 2 10 54 O 30
9854 15734 2 7 39 O 10
9855 8123 2 16 89 O 10
9857 9856 2 12 61 O 10
9861 9860 2 11 56 O 30
9863 9862 2 9 46 O 30
9865 9863 2 9 47 O 20
9863 9864 2 11 60 O 20
9867 9866 2 4 18 O 10
9869 9868 2 7 36 O 30
8015 9872 1 8 40 O 10
7122 16913 2 3 14 O 10
5323 6489 2 11 57 O 10
6489 281 2 36 196 O 20
281 5373 2 1 3 O 20
5373 16676 2 7 35 O 10
16676 284 2 5 22 O 20
284 15892 2 2 11 M 20
15892 16059 2 15 78 O 20
16059 4299 2 9 47 M 30
5228 5252 2 10 55 O 20
12817 13080 2 13 68 O 20
13080 9875 2 8 41 O 30
9875 13084 2 17 90 O 10
13084 1816 2 4 21 O 20
1816 5232 2 9 45 O 30
5232 91 2 6 30 O 20
91 66 2 5 24 O 20
66 5226 2 15 82 M 30
5226 12918 2 11 57 O 10
12918 1789 2 3 16 O 20
1789 6433 2 6 32 O 20
6433 12915 2 4 21 O 10
12915 3346 2 16 84 O 20
3346 5224 2 9 48 O 20
5224 14129 2 12 62 O 10
14129 14133 2 8 41 O 20
14133 5211 2 12 63 O 30
5211 14137 2 4 21 O 10
14137 12905 2 9 49 M 20
12905 12903 2 4 19 O 30
12903 9874 2 6 32 O 20
5271 5303 2 37 202 M 30
5303 13102 2 6 30 O 10
13102 5220 2 6 31 M 30
5220 5282 2 8 43 O 20
5282 5257 2 1 5 O 10
5257 5297 2 7 34 M 10
5297 12953 2 6 28 O 10
5283 3064 2 9 46 O 10
3064 5286 2 5 23 M 10
13082 1874 2 14 76 O 30
5199 7948 2 12 63 M 30
5231 5212 2 26 143 M 30
5280 13122 1 3 12 O 30
13122 5290 1 16 85 O 10
5290 13049 1 6 30 O 10
13049 3042 1 3 15 O 20
3042 4033 1 1 4 O 10
4033 13050 1 2 9 O 30
13050 5307 1 14 75 O 20
5307 5283 1 15 79 O 30
5277 5287 2 9 49 O 30
5269 5265 2 5 23 O 10
5265 5264 2 13 72 O 20
6506 9880 2 3 12 O 20
9883 6997 2 10 53 O 10
9886 9887 2 4 22 O 20
9887 9888 2 16 86 O 20
9889 9888 2 1 2 O 10
9888 9890 2 4 17 O 30
9890 9889 2 4 19 O 30
9891 9893 2 28 152 O 10
16315 9895 2 34 185 O 20
4036 4037 2 5 24 O 20
16809 9895 2 1 2 O 20
9895 9896 2 12 65 O 30
9896 9897 2 22 120 M 20
9897 2685 2 5 24 O 20
2685 9898 2 4 18 M 30
9898 262 2 74 410 O 30
13623 14527 2 6 33 O 30
4282 3303 1 4 20 O 20
3303 6643 1 1 5 O 20
6643 4283 1 8 44 O 10
9900 13808 2 6 32 O 20
13808 6590 2 15 80 O 30
6590 6578 2 8 44 O 30
6578 13623 2 13 67 M 30
4424 9902 1 2 10 O 30
9902 9903 1 6 33 O 30
9904 6609 2 7 33 O 10
6609 3281 2 8 41 O 10
3281 3282 2 1 4 O 10
3282 14035 2 8 39 M 20
9279 9905 2 13 67 O 30
9905 9906 2 6 32 O 20
9283 9907 2 5 27 O 20
6409 9275 2 13 69 O 30
9909 9908 2 6 31 O 10
9911 9910 2 14 73 O 20
9912 9914 2 2 11 O 20
4419 9914 2 16 86 O 20
9914 9913 2 4 17 M 20
9916 9915 2 21 111 O 30
9917 9175 2 9 47 O 10
6535 9931 1 1 5 O 10
9931 9929 1 11 59 O 30
9929 6487 1 2 8 O 20
14530 9938 2 6 33 M 30
14139 14144 2 10 53 O 20
14144 9023 2 6 30 O 30
9023 9025 2 10 55 O 30
9025 9028 2 4 22 M 10
9028 14145 2 11 59 O 20
9918 6230 2 7 36 O 20
9920 9919 2 12 63 M 20
9922 9921 2 6 31 O 10
9922 9924 2 25 135 O 30
9926 9925 2 6 31 O 20
9927 9928 2 14 76 M 30
9930 9929 2 4 19 O 30
9932 9931 2 13 67 M 30
9934 9933 2 5 24 O 30
9936 9935 2 5 23 O 20
9937 16187 2 8 40 O 20
9940 1996 2 32 173 O 10
1996 6535 2 8 40 O 10
9942 9943 2 8 41 M 10
14146 9945 2 22 121 M 20
16186 14147 2 11 60 O 20
9947 9946 2 9 48 M 10
9950 9949 2 9 46 O 20
9952 9951 2 25 137 O 20
9954 9953 2 4 17 O 30
9957 9953 2 10 55 O 30
9953 9956 2 10 54 O 10
9959 9958 1 11 59 M 10
9961 9960 2 6 31 M 20
9962 14540 1 4 18 O 10
14540 9961 1 14 76 O 30
9961 9939 1 30 164 M 10
4247 9963 2 10 51 O 10
9967 9966 2 19 105 M 10
9969 9970 2 13 67 O 30
9972 9971 2 12 64 O 10
9974 9973 2 8 39 O 10
1914 9975 2 28 151 M 30
9979 9978 2 3 12 O 30
9981 9980 2 5 23 O 20
9983 9979 2 7 37 O 30
9979 9981 2 8 40 O 20
9981 9982 2 2 11 M 20
9984 9986 2 17 93 O 10
9987 9988 2 9 49 O 30
9988 9986 2 12 62 O 20
9986 9985 2 5 24 O 30
9989 9988 2 8 40 O 20
9991 9990 2 18 96 O 20
5368 4007 2 9 50 O 20
4007 4223 2 18 97 O 20
4223 9990 2 29 156 M 30
9990 9151 2 7 38 O 30
9151 14288 2 6 33 O 20
14288 9153 2 13 69 M 10
9153 7936 2 7 38 O 30
9992 7935 1 8 40 O 20
9994 9993 1 6 30 O 20
9993 9992 1 5 27 O 20
9996 9995 2 6 30 O 30
10003 219 2 1 4 O 20
5576 9998 2 7 36 O 20
10000 9999 2 23 126 M 30
10004 10003 2 9 45 O 30
10003 10002 2 20 107 O 30
10002 13871 2 12 66 O 30
10005 10006 1 34 185 O 20
10011 10010 2 20 106 O 20
10013 10014 2 5 27 O 30
10014 10012 2 11 59 M 20
5530 13508 2 16 88 O 10
5593 10014 2 22 118 O 20
5579 5546 1 5 22 O 10
5546 5549 1 14 74 O 30
6906 6907 2 19 100 O 30
10017 10018 2 10 51 O 30
10019 10020 2 14 75 O 10
16861 10034 2 14 75 O 30
10036 10035 2 6 29 O 10
10037 10035 2 25 136 M 10
10035 15711 2 7 38 O 30
15711 10034 2 4 21 M 10
10034 16865 2 5 23 O 30
10038 10021 2 18 97 O 30
10022 4107 2 13 67 O 30
4107 4005 2 12 61 M 30
10023 6448 2 17 89 O 20
6449 202 1 21 112 M 30
202 10024 1 11 61 O 30
6451 6450 2 8 42 M 20
6450 6445 2 11 60 O 30
6445 6449 2 25 138 O 10
10026 6445 2 9 48 O 20
10027 10028 2 5 27 O 30
10040 6428 2 12 63 O 20
10029 10030 2 9 46 O 30
10031 10032 2 10 50 O 30
16673 14324 1 10 51 M 30
14324 6448 1 12 63 O 10
6448 14321 1 5 26 M 30
14321 6444 1 5 28 O 20
2334 10045 2 12 67 M 20
10046 10047 2 5 26 O 20
10048 14692 2 13 67 O 10
10050 14691 2 8 40 O 10
10052 2458 2 8 44 O 20
8131 16561 2 20 110 M 20
16561 2186 2 2 6 O 20
2186 16833 2 2 10 M 20
16830 2188 2 2 8 O 20
2188 10101 2 2 11 M 30
10101 7567 2 7 36 O 10
7567 10139 2 9 49 O 20
10139 15011 2 3 13 O 10
15011 15012 2 9 45 M 30
15012 10058 2 8 42 O 20
10058 10102 2 2 6 M 10
10102 7566 2 7 34 M 30
7566 10132 2 3 12 O 20
10132 10131 2 12 63 M 10
10131 6219 2 6 30 O 10
7554 7555 2 16 85 O 20
15011 10055 2 31 171 O 10
15012 10056 2 31 171 O 10
10058 10057 2 31 170 O 10
10060 10059 2 12 65 O 10
10062 10061 2 10 54 O 20
10064 10063 2 18 99 O 20
10066 10065 2 14 78 O 30
10068 7788 2 4 20 O 20
10074 10073 2 10 54 O 30
2980 4083 2 5 26 M 30
4083 4100 2 3 11 O 20
4100 4104 2 6 33 O 10
4104 10115 2 8 44 O 10
10117 10116 2 14 73 O 10
10118 2982 2 6 30 M 20
10121 10120 2 18 96 O 10
10125 10121 2 39 214 M 20
4084 10099 2 14 77 O 20
10099 10125 2 6 33 O 30
14119 10126 2 12 64 M 20
10128 10127 2 10 55 O 10
16826 6221 2 10 55 M 10
6221 16835 2 24 131 O 30
16823 10075 2 1 2 M 20
10131 16824 2 1 1 M 30
10101 2492 2 15 81 O 10
10105 10104 2 1 3 O 20
10104 1916 2 6 30 M 10
1916 10103 2 3 14 O 10
10106 10138 2 9 46 O 20
10108 10107 2 8 43 O 20
10110 10109 2 6 33 O 20
10148 10150 2 7 34 O 10
10150 7832 2 4 21 M 30
10052 10111 2 11 57 M 30
10111 7551 2 2 8 M 30
14117 7547 2 5 24 O 20
7547 10135 2 5 23 O 10
10135 10086 2 1 3 O 10
10086 10096 2 7 37 O 10
10096 10154 2 9 49 O 20
10154 10152 2 6 30 O 20
10152 10149 2 3 16 O 10
10149 10161 2 7 37 O 20
10161 10160 2 1 5 O 30
10160 7831 2 7 34 O 20
7831 7840 2 4 17 O 30
7840 10138 2 10 51 O 30
10138 10142 2 11 58 O 30
10142 14118 2 2 7 O 20
7838 10112 2 4 22 O 30
2468 10097 2 7 38 M 30
7550 7552 2 9 46 O 20
7551 10133 2 9 45 O 10
10076 10111 2 7 35 M 10
10077 2469 2 4 17 O 30
10079 10078 2 8 40 O 30
10134 10095 2 8 40 O 30
10081 10080 2 8 41 O 20
10083 10082 2 5 25 O 10
10084 10096 2 5 23 O 10
10088 10085 2 5 23 M 30
10085 14503 2 5 25 O 20
14119 14120 2 14 73 O 20
6159 10344 1 11 61 O 20
10344 10359 1 9 49 O 20
10359 10341 1 9 49 O 30
10341 6184 1 10 55 O 30
6184 6163 1 5 23 O 20
10091 10090 2 5 23 O 20
10136 7835 2 5 23 O 20
7834 10094 2 9 49 M 30
10093 10092 2 5 23 O 30
10114 7550 2 8 42 O 10
7551 7550 2 6 33 O 30
7550 2471 2 11 59 O 30
2471 10094 2 3 15 O 30
10094 10095 2 10 54 O 10
10095 10113 2 2 6 O 10
10113 10079 2 3 13 O 20
10079 10081 2 5 22 O 30
10081 10097 2 4 21 O 20
10097 10096 2 8 41 O 30
10098 10097 2 8 44 O 10
7836 7837 2 5 23 O 10
2472 10136 2 5 23 M 10
10136 10091 2 7 38 O 30
10091 10134 2 5 27 M 20
10134 7837 2 3 13 O 10
7837 10078 2 1 5 O 10
10078 10080 2 6 29 O 20
10080 10077 2 3 17 O 10
10077 10098 2 3 14 M 10
10098 10135 2 5 26 M 30
10139 16828 2 1 2 O 30
10141 10140 2 17 92 O 10
664 663 2 8 42 O 30
663 10144 2 7 38 O 20
10144 661 2 8 44 M 10
661 2461 2 2 10 O 20
10146 10145 2 4 21 O 30
10147 7833 2 4 21 M 20
10146 10107 2 9 48 O 30
10107 10147 2 7 37 O 10
10147 10109 2 2 7 O 30
10109 10150 2 7 35 M 30
10153 10152 2 5 23 O 10
10157 10156 2 6 30 O 30
10156 10155 2 6 29 O 10
10160 10159 2 7 38 O 10
10162 10161 2 7 38 M 10
10163 10164 2 3 14 O 20
10174 10428 2 8 40 O 20
10428 10173 2 16 87 M 30
10173 10424 2 8 40 O 10
10424 10416 2 4 17 O 10
10416 10171 2 4 21 O 10
10171 10429 2 7 37 O 10
10429 10430 2 8 39 O 20
10430 10418 2 4 17 O 30
10418 10431 2 5 27 M 10
10431 10420 2 4 19 M 20
10420 16793 2 4 18 O 10
10176 10175 2 5 24 O 20
10191 10190 2 11 58 O 20
10190 7719 2 1 4 O 30
7719 3803 2 6 31 O 30
3803 7721 2 1 4 O 10
7721 10174 2 13 69 O 30
10174 10176 2 2 10 O 30
10176 3810 2 2 7 O 10
10179 10178 2 9 48 O 10
10181 10180 2 12 66 O 30
3795 10179 2 3 15 O 10
10179 10181 2 10 52 O 30
15623 3801 2 19 104 M 20
10122 10184 2 5 26 M 10
10184 10185 2 9 47 O 10
10186 15624 2 22 119 O 20
15624 10122 2 2 10 O 30
10191 10186 2 2 9 O 30
10186 3811 2 21 115 M 20
4084 10119 2 5 23 O 10
10119 10115 2 13 70 O 20
10115 4085 2 16 88 O 10
10190 10189 2 23 124 O 20
10192 7719 2 22 120 O 20
14109 10204 2 7 34 O 20
10205 14109 2 41 228 O 30
14109 14108 2 10 53 O 10
10194 10193 2 6 31 O 30
10210 10199 2 8 39 O 10
10199 10194 2 5 26 O 20
10194 10209 2 5 26 O 20
10209 15633 2 5 25 O 20
15633 15635 2 6 29 O 10
15635 10208 2 5 26 O 30
10208 10195 2 14 73 M 30
10196 16807 2 14 78 O 30
10198 10197 2 6 32 O 30
10200 10199 2 7 38 M 10
10202 10201 2 14 77 O 20
14121 10203 2 17 89 O 10
10203 10202 2 16 84 O 20
10202 3812 2 7 34 O 10
3812 10209 2 6 30 M 20
10206 10198 2 8 42 O 30
10198 10203 2 5 26 O 20
10203 10169 2 14 76 O 20
10169 3818 2 6 30 O 30
3818 16806 2 8 40 O 30
10220 14916 2 23 126 O 30
10223 10222 2 10 52 O 30
14177 10224 2 4 22 O 30
6187 10225 2 7 35 O 10
10236 10234 2 18 100 O 30
10237 10236 2 3 16 M 30
10236 10235 2 29 157 O 10
2928 10238 2 7 34 O 20
10329 10242 2 6 33 O 30
15557 10243 2 5 26 M 30
10226 10255 2 15 82 O 20
7634 10265 2 7 38 O 20
10256 10266 2 11 61 O 10
10256 10268 2 20 107 O 20
10258 10257 2 10 51 O 20
10260 10259 2 5 27 O 20
10263 10262 2 17 93 O 30
10272 10264 2 15 78 O 20
10271 10269 2 17 94 M 30
13595 10272 2 7 37 O 10
10272 10271 2 2 10 O 20
10271 10270 2 8 44 O 30
13551 10251 2 24 131 O 10
10251 10249 2 3 15 M 20
10249 13552 2 13 70 O 30
13552 10295 2 9 47 O 30
10295 10246 2 11 58 O 20
10246 13553 2 2 8 O 30
10247 10245 2 12 63 O 10
10248 10247 2 12 63 O 10
10250 10249 2 12 66 O 30
10252 10251 2 12 63 O 10
13558 10253 2 39 212 O 10
10276 10278 2 8 43 M 20
10278 10277 2 17 90 O 30
10281 10280 2 10 52 O 20
10213 10212 2 19 103 M 20
10215 10214 2 6 31 M 10
13549 10216 2 5 26 O 30
13552 13558 2 30 161 O 10
13558 13559 2 30 166 M 10
10227 13560 2 36 200 O 20
10231 10229 2 15 80 O 20
10299 10231 2 36 198 O 20
10231 10230 2 20 111 O 10
10302 10301 2 12 66 O 10
10301 10228 2 42 229 O 30
10304 10303 2 38 208 O 20
15699 10305 2 6 31 O 20
10232 13548 2 34 187 M 20
10307 13546 2 20 108 O 30
13546 10308 2 22 122 M 20
10294 10309 2 9 50 O 10
10293 10311 2 15 79 O 20
6153 10294 2 10 52 M 30
10294 10293 2 10 53 O 10
10293 10292 2 11 59 O 20
6179 10298 2 5 22 O 20
10298 10297 2 8 43 O 20
10326 10325 2 7 36 M 10
10328 6197 2 7 34 O 10
6179 6185 2 8 42 O 10
6185 10540 2 3 13 O 10
10540 6192 2 25 134 O 10
6192 10525 2 2 7 O 20
10525 6194 2 5 24 O 10
6194 6181 2 5 23 M 20
10330 13543 2 5 25 O 30
10312 13544 2 7 36 O 20
10331 10330 2 18 96 O 20
10330 10314 2 10 55 O 20
10306 10317 2 16 85 O 20
10317 10315 2 4 20 O 10
10315 10316 2 20 107 O 10
10318 10317 2 7 35 O 10
10319 10321 2 17 90 O 10
10321 10320 2 18 99 O 20
6172 10322 2 21 111 O 10
6168 2936 2 12 64 O 10
2936 10318 2 5 22 O 10
10318 10323 2 3 17 M 30
10323 10316 2 16 85 M 10
10316 6175 2 3 15 M 10
6175 10331 2 2 10 O 10
10331 15644 2 6 28 O 10
15644 6178 2 13 72 O 20
6178 10547 2 10 53 O 30
10547 10274 2 11 57 O 20
10274 10530 2 9 50 O 10
10530 6191 2 11 56 O 10
6189 6180 2 5 23 O 10
10275 10274 2 5 27 O 30
10349 10350 2 5 24 O 20
10353 10356 2 5 27 O 30
10355 10354 2 5 27 O 30
10352 10354 2 8 39 O 10
10354 10356 2 27 149 O 10
10356 10355 2 9 47 M 30
10355 10357 2 2 10 M 30
10357 10352 2 10 53 O 10
10340 10358 2 5 23 O 10
10360 10359 2 5 26 O 30
10364 10363 2 6 28 O 20
10332 10333 2 6 28 O 20
10335 10334 2 15 82 O 30
10358 10339 2 5 23 O 30
10337 10362 2 6 30 O 20
10362 10364 2 10 55 O 10
10364 10334 2 9 50 M 20
10334 10332 2 1 5 O 20
10332 10336 2 3 15 O 20
10344 10343 2 5 27 O 10
6178 10541 2 9 48 O 10
10541 6179 2 10 53 O 20
10347 10551 2 11 56 M 30
10551 10554 2 4 20 O 20
10554 10556 2 7 33 O 20
10556 10553 2 6 32 M 20
10365 10348 2 16 87 M 20
10348 10555 2 4 19 O 10
10555 10347 2 9 49 O 10
10347 10219 2 5 23 O 10
10219 10346 2 5 22 M 30
10370 10369 2 12 65 O 30
6155 8758 2 12 65 M 20
8758 8757 2 5 28 O 30
8757 6156 2 7 35 O 30
6156 15570 2 25 138 O 10
15570 6157 2 10 51 O 10
10374 10372 2 19 102 O 30
10377 10376 2 9 48 O 10
10376 10375 2 11 59 O 20
10282 10378 2 9 49 O 10
10285 2971 2 6 31 O 30
2971 10284 2 9 48 O 30
10289 10288 2 9 49 O 20
10291 10290 2 10 55 O 20
10571 10384 2 12 62 O 20
10385 7644 2 15 79 O 30
10387 10386 2 6 31 O 20
10388 10218 2 11 56 O 10
10217 10389 2 14 72 M 20
10391 10392 2 5 27 O 20
10392 10390 2 4 19 O 20
10392 10379 2 20 108 M 30
16801 13617 2 1 3 O 20
16797 13618 2 1 5 O 20
13618 10290 2 7 37 O 20
10290 10288 2 8 41 O 30
10288 3794 2 8 43 O 30
3794 13619 2 2 9 O 20
10394 10393 2 7 35 O 20
10397 10394 2 2 7 O 30
10394 10395 2 6 31 O 30
10398 10397 2 7 36 M 30
10397 10396 2 4 19 M 20
10400 10399 2 7 37 O 30
10400 10401 2 8 40 O 20
10412 10403 2 5 23 O 10
10403 3805 2 4 18 M 20
3805 10402 2 6 30 O 20
10405 7721 2 17 92 M 10
10431 10406 2 28 151 O 10
10409 10407 2 9 47 O 20
10413 10409 2 9 50 O 30
10409 10408 2 17 90 M 20
10411 10410 2 7 37 O 10
10416 10415 2 4 22 O 30
10418 10417 2 6 31 O 20
10420 10419 2 4 21 O 20
10430 10421 2 12 63 M 10
10429 10422 2 12 65 O 20
10424 10423 2 16 83 O 10
10426 10425 2 17 93 O 30
10428 10426 2 8 42 O 10
10426 10427 2 9 49 O 20
10171 10170 2 15 83 O 20
10173 10172 2 13 68 M 20
10432 7648 2 39 213 O 20
7648 10465 2 20 111 O 10
10465 7641 2 16 86 O 10
7641 10456 2 25 136 O 20
7845 10433 2 3 15 O 30
10435 10436 2 5 25 O 20
10437 10438 2 6 28 O 10
10440 10439 2 6 31 M 20
10446 10445 2 9 49 O 10
10445 15635 2 11 58 O 30
15633 10448 2 12 62 O 30
10443 7720 2 16 86 O 30
10450 10449 2 9 45 O 10
10452 14480 2 4 18 O 20
14480 10451 2 16 87 O 10
10454 10453 2 18 96 O 30
10455 2459 2 8 44 M 30
2459 10442 2 8 40 M 10
14120 10443 2 7 35 O 10
10443 3820 2 9 47 O 10
3820 10447 2 11 58 O 30
10447 10446 2 6 28 M 30
10446 10442 2 9 49 M 10
10442 16810 2 11 57 O 30
16808 10195 2 2 7 O 20
10483 10482 2 7 35 O 10
10485 10484 2 10 54 O 10
10486 10487 2 6 32 O 30
10489 10488 2 5 24 O 30
14388 10492 2 21 112 O 20
10493 10469 2 9 48 O 20
10494 10498 2 7 35 O 30
10496 10495 2 6 33 M 10
10497 10495 2 15 81 O 10
10495 10498 2 5 23 O 20
10498 10469 2 15 80 O 30
10469 10470 2 13 69 O 20
10472 10471 2 8 40 O 10
10474 10473 2 5 24 O 10
14387 14385 2 14 73 O 20
10476 10475 2 14 73 O 10
10478 10477 2 3 16 O 30
10480 10479 2 3 16 O 20
10499 10477 2 9 48 O 30
10477 10480 2 2 8 O 20
14911 10501 2 43 236 M 30
10501 10500 2 8 44 O 20
10503 10501 2 24 132 O 30
10501 14916 2 13 71 O 30
14916 10502 2 16 88 O 20
6469 10502 2 70 385 O 10
10506 10505 2 8 43 M 30
10507 14174 2 11 61 O 10
10509 10508 2 7 34 M 10
10511 10509 2 6 28 O 30
10513 10512 2 8 44 O 30
10515 10514 2 6 29 O 30
6173 6172 2 7 35 O 20
6172 10320 2 10 53 M 20
10320 6169 2 4 19 O 30
6177 10517 1 6 31 O 30
10517 10520 1 3 12 O 30
10520 10518 1 5 27 O 20
10518 6173 1 7 37 O 30
10517 10516 2 11 57 M 30
10519 10518 2 8 40 M 20
2933 10520 2 7 38 M 20
10522 10521 2 8 40 O 30
10524 10523 2 5 22 M 30
10526 10525 2 6 33 O 30
10528 10529 2 8 40 M 20
10529 10527 2 9 47 O 30
10530 10529 2 6 28 O 30
10274 10531 2 5 24 O 30
10533 10532 2 9 46 O 30
10537 10536 2 6 33 O 10
10539 10535 2 6 31 O 30
10535 10536 2 6 30 O 30
10536 10538 2 4 19 O 20
10540 10544 2 4 21 O 30
10544 10539 2 2 7 O 10
10539 10543 2 7 38 O 30
10542 10541 2 5 25 O 30
10545 10546 2 9 50 O 20
10546 10542 2 1 2 O 30
10542 10543 2 4 17 M 10
10543 10544 2 9 45 O 20
10547 10545 2 5 25 O 20
10545 10532 2 1 3 O 20
10532 10546 2 9 48 M 10
10283 14704 2 8 42 O 30
14704 10282 2 11 60 O 30
6160 6213 2 4 21 O 20
6213 10372 2 5 24 O 20
10372 10376 2 4 20 O 10
10376 10282 2 6 29 O 10
10282 6217 2 5 24 M 10
6217 6156 2 7 35 O 30
6161 6214 1 4 21 O 20
6214 10374 1 5 25 M 10
10374 10283 1 9 48 O 10
10283 10285 1 4 21 M 10
10285 6218 1 1 3 O 20
10550 10549 2 4 17 O 20
10552 10551 2 5 25 M 20
10555 10554 2 5 27 O 30
10557 10556 2 5 25 O 30
10559 10558 2 10 55 O 30
10560 10562 2 6 31 O 20
10562 10563 2 13 71 O 10
10563 10565 2 5 23 O 10
10565 7650 2 17 91 O 10
10566 10567 2 13 68 O 10
10568 10570 2 20 109 O 10
10459 10457 2 2 11 O 30
10460 10461 2 4 19 O 20
10462 10464 2 9 45 O 30
10463 10464 2 20 106 O 20
10464 10461 2 13 68 O 30
10461 10465 2 10 53 O 10
8763 10576 2 7 36 M 30
10576 10578 2 7 36 O 30
7642 10386 2 6 31 O 30
10386 10218 2 7 38 M 10
10218 10217 2 7 37 O 10
10217 7643 2 11 57 O 10
14307 14308 2 4 21 O 10
10572 10573 2 11 61 M 20
10574 8765 2 16 87 O 30
10576 10575 2 3 14 O 30
10579 10580 2 25 135 O 10
10583 10582 2 11 58 O 20
10585 10584 2 14 74 O 10
8705 10586 2 16 83 O 30
10586 10585 2 11 58 O 10
10585 8764 2 7 35 O 10
7646 8696 2 9 47 M 20
10466 10467 2 9 50 M 20
14302 10468 2 24 131 O 30
5418 5450 2 13 72 O 20
5411 5462 2 18 96 M 10
13593 10589 2 19 103 O 30
10591 10592 2 4 19 O 10
10592 14183 2 2 9 O 10
14183 14182 2 31 168 O 10
10593 5421 2 12 63 O 10
10594 14188 2 9 46 M 20
10595 13590 2 5 25 M 30
10596 13589 2 9 48 M 30
10599 10598 2 5 27 O 30
10601 10600 2 6 32 O 10
10602 10603 2 7 37 O 20
10604 10605 2 15 83 M 20
10609 10608 2 4 22 O 30
10608 10607 2 43 236 O 30
10607 10606 2 5 26 O 20
10606 10608 2 9 49 O 30
1938 10610 2 20 107 O 30
10615 10613 2 8 42 O 10
10616 10615 2 8 43 O 30
10615 10614 2 16 85 O 10
11382 7885 1 7 37 O 10
14152 13565 2 9 49 O 10
13565 11430 2 4 20 O 30
11430 13566 2 11 60 O 20
13566 4916 2 1 5 O 10
4916 11429 2 5 26 O 10
11429 4906 2 2 8 O 10
4906 4920 2 3 13 O 10
4920 13604 2 3 12 O 10
13604 2747 2 15 82 O 30
2747 15554 2 2 7 O 20
10618 10617 2 10 52 O 30
5790 7199 2 7 37 O 10
7199 5760 2 15 81 M 10
5760 5762 2 12 66 O 30
5762 3764 2 6 28 O 30
13660 5777 2 2 10 M 20
5777 2993 2 5 24 O 10
2993 5771 2 3 15 O 30
5772 16594 2 11 58 O 10
16594 5788 2 12 63 O 10
5788 7587 2 11 60 M 30
7587 10679 2 9 48 O 10
10679 5777 2 31 167 O 20
10620 7587 2 16 87 O 20
10622 10621 2 9 46 O 10
10623 14476 2 22 119 O 30
10639 10624 2 8 43 O 20
5782 10624 2 24 130 O 30
10624 5785 2 13 67 M 20
5785 13235 2 1 4 O 10
10629 10628 2 7 38 O 20
10628 10627 2 6 28 O 10
10627 10626 2 3 14 M 10
10626 10625 2 8 42 O 30
3763 10631 2 13 69 O 30
10633 10632 2 4 21 O 30
16918 7125 2 4 20 O 20
7125 15365 2 2 10 O 30
15365 10634 2 2 7 O 30
13927 10636 2 8 39 M 10
13926 10637 2 14 77 O 10
10641 10653 2 8 41 O 20
13925 10641 2 10 54 O 10
10641 10640 2 8 40 O 30
10642 10650 2 9 46 O 30
10643 15056 2 6 32 O 20
15056 10649 2 25 135 O 10
10648 10644 2 17 91 O 10
10646 10645 2 8 39 O 30
13929 10646 2 11 60 M 30
10646 10648 2 5 26 O 10
10648 10647 2 12 62 O 10
7134 10665 2 5 26 M 30
7134 7137 2 6 31 O 10
7137 10655 2 5 26 O 10
7136 10667 2 5 26 M 30
15484 6347 2 5 25 O 20
6347 6345 2 6 30 O 10
6345 13922 2 10 54 O 20
13922 6343 2 11 59 O 20
6343 6342 2 4 21 O 20
6342 7052 2 4 19 O 10
7052 6344 2 30 162 O 10
6344 7146 2 12 62 O 30
7146 13921 2 3 14 O 30
13921 13920 2 15 79 M 20
13920 7722 2 20 109 O 20
7722 8038 2 2 9 O 20
10670 10669 2 10 55 M 10
10673 10671 2 6 30 M 10
7163 10673 2 4 20 O 30
10673 10672 2 6 30 M 10
7010 10661 2 23 124 O 30
10664 10663 2 4 20 O 10
10663 10662 2 1 3 O 30
10662 10664 2 1 1 M 20
10692 10691 2 9 48 O 30
10696 10695 2 9 46 O 30
10701 10699 2 6 30 O 30
11332 7068 2 4 18 O 10
7068 7053 2 7 34 O 20
10717 3686 2 9 44 O 20
10721 13642 2 6 32 O 30
13642 10720 2 1 5 O 10
10704 10722 2 15 81 M 10
10707 10706 2 13 72 O 30
10710 10709 2 9 46 O 30
10679 10712 2 7 39 O 20
10712 10711 2 9 46 O 30
10681 5805 2 15 82 O 20
10799 10682 2 4 18 O 10
10684 10683 2 6 30 M 30
10686 10685 2 9 49 M 10
10688 10687 2 8 40 O 30
2505 10689 2 4 20 M 20
10689 13772 2 10 51 O 10
13772 13649 2 6 28 O 10
13649 10689 2 5 23 O 30
8102 8103 2 8 44 O 30
10730 10729 2 4 18 O 20
10729 3231 2 11 57 O 10
10731 16592 2 9 48 O 10
10733 10732 2 6 28 O 20
10735 10734 2 7 34 O 30
10725 10724 2 8 40 M 10
10726 3230 1 13 67 O 10
3230 10727 1 8 42 O 20
5804 10651 2 4 22 O 20
7397 3100 2 5 27 O 30
10777 3005 2 6 29 O 30
3005 7396 2 1 5 O 10
10778 7372 2 7 34 O 10
10780 3216 2 7 38 O 10
3216 10779 2 1 3 O 30
10737 10781 2 7 35 O 20
10740 3214 2 7 37 M 20
3214 16129 2 7 34 O 20
16129 10738 2 4 22 M 30
10738 10737 2 2 8 M 20
10737 7373 2 5 26 O 10
7395 11279 2 4 20 M 30
11279 3097 2 6 32 M 10
3097 7372 2 5 24 O 20
7371 7395 1 9 47 O 10
16132 3015 2 8 40 O 10
3015 10782 2 11 56 O 10
10785 10784 2 9 45 M 10
10787 10786 2 13 68 O 30
13707 10788 2 12 64 O 10
10791 10790 2 3 12 O 20
10754 13716 1 10 54 M 30
13716 10755 1 1 5 O 10
10744 10743 2 4 20 O 30
10746 10745 2 10 55 O 30
10748 10747 2 3 14 O 10
10752 10748 2 3 13 M 10
10748 10750 2 2 9 O 30
10752 10751 2 15 81 O 10
10755 16370 2 1 3 M 20
16370 16591 2 12 66 O 20
16591 10793 2 10 53 O 30
10793 16370 2 2 9 O 10
14335 10756 2 10 53 M 10
10758 10757 2 6 33 O 10
10804 15439 2 10 52 O 10
7391 5909 1 11 58 O 20
5908 11219 2 5 27 O 20
11219 4933 2 16 84 O 20
4933 2406 2 2 11 M 20
2406 47 2 7 35 O 30
47 14216 2 11 58 O 10
6235 13669 2 4 22 M 30
13669 4943 2 10 53 O 20
4943 4932 2 4 22 M 30
4932 10795 2 4 22 O 10
5908 10797 2 11 56 O 30
10797 10796 2 5 24 O 10
13650 10799 1 9 47 O 10
10799 10798 1 5 25 M 30
2843 10801 2 7 35 O 30
13650 11218 1 15 83 O 10
10805 2380 2 3 15 O 20
2380 2149 2 14 73 M 20
2149 2146 2 2 7 M 20
2146 2147 2 10 52 O 20
10808 10807 2 4 19 O 30
10809 10810 2 11 57 O 20
10812 10811 2 4 17 M 10
10814 10813 2 5 23 M 10
10816 10814 2 7 39 M 20
10814 10815 2 10 51 O 20
10818 10817 2 5 22 O 10
10820 3250 2 11 60 M 10
3250 10818 2 2 8 O 20
10818 10819 2 4 21 O 30
10822 10821 2 6 31 O 30
3714 10929 2 2 10 O 20
10929 10823 2 2 10 O 20
10826 10823 2 8 44 O 10
10823 10825 2 2 8 O 10
10803 3728 2 5 23 O 10
14049 14050 2 8 42 O 10
10832 10833 2 9 49 O 10
4745 10834 2 9 47 O 10
10836 10835 2 5 26 O 30
10839 10838 2 1 4 O 10
10838 10837 2 3 16 O 30
7262 10840 2 8 42 O 10
10841 7264 1 6 28 O 20
7254 10844 2 7 36 O 10
7256 10842 2 9 45 O 20
10842 7253 2 6 31 O 20
7253 4865 2 6 32 M 30
16531 3666 1 8 41 O 30
3666 3679 1 21 113 M 10
3679 3671 1 22 118 O 30
3671 16530 1 3 15 O 30
16530 3672 1 5 24 O 20
3672 16529 1 4 21 M 30
16529 14040 1 6 28 O 20
10946 3710 2 3 14 O 20
3710 10945 2 2 8 O 30
10945 14039 2 2 7 O 10
6724 10899 2 9 48 O 30
10899 13980 2 15 82 O 10
13980 13981 2 19 102 O 10
10848 10847 2 11 57 M 30
10827 7599 2 15 78 O 30
10831 10830 2 8 44 M 30
7060 10849 2 5 26 O 30
10851 10850 2 4 20 M 20
10853 10852 2 8 40 O 10
10857 10856 2 14 73 O 20
7585 2508 2 6 29 O 10
10861 10860 2 20 109 O 10
10871 10862 2 13 71 O 20
5756 10867 2 20 106 O 30
10867 10866 2 6 31 O 30
5801 10872 2 5 25 O 10
5800 10873 2 6 33 O 30
14044 10874 2 6 29 O 30
10876 10875 2 9 47 O 30
5798 10880 2 16 83 M 10
10880 10879 2 5 25 M 20
10883 10882 2 4 22 M 10
10865 10863 2 4 22 O 20
10868 10864 2 18 97 O 20
10870 10869 2 7 38 O 20
10759 10886 2 9 45 M 20
7040 10760 2 5 24 M 20
10762 10761 2 4 22 O 20
7211 10764 2 5 25 O 20
10767 10766 2 7 37 M 10
10769 10718 2 7 39 O 30
10718 10768 2 11 60 M 30
10773 10772 2 5 24 O 20
13665 10773 2 6 32 O 20
10888 10887 2 7 37 O 20
5761 5784 1 4 20 O 10
5784 5786 2 28 155 M 20
10890 5761 1 4 17 O 10
10893 10892 2 6 33 O 10
4868 10984 2 7 34 O 30
10984 10893 2 1 5 O 30
10893 10894 2 7 36 O 30
10896 10895 2 6 33 M 10
13990 10897 2 21 113 O 10
10899 10896 2 6 32 O 30
10896 10898 2 4 21 O 10
13980 10900 2 12 65 O 30
10902 10901 2 9 45 O 10
10904 10903 2 8 44 M 10
10907 10906 2 10 53 O 10
10910 10909 2 9 49 O 30
10912 10911 2 14 76 O 30
7379 10787 1 16 84 M 30
10787 5772 1 10 50 M 30
7259 7257 1 12 62 O 10
10914 7489 2 3 17 M 10
10926 10925 2 6 29 M 30
10930 10931 2 18 99 O 20
10933 10932 2 11 59 O 10
10934 10927 2 10 52 O 30
10937 10936 2 6 32 O 10
10939 10938 2 8 41 O 30
10918 14483 2 14 73 O 20
10921 10920 2 6 28 O 20
10923 3638 2 17 89 M 30
13730 10944 2 2 7 O 10
10944 3708 2 2 11 O 30
3708 10943 2 13 70 O 30
3671 3675 2 11 60 M 10
3675 10947 2 5 26 O 10
14038 14045 2 27 148 O 10
10949 10948 2 4 19 O 20
10952 10949 2 5 26 M 10
10949 10951 2 3 12 O 20
10956 10955 2 9 47 O 20
10957 10959 2 5 27 M 30
10959 10958 2 9 50 O 30
16488 10960 2 19 101 O 30
10962 10961 2 6 29 O 10
4810 4282 1 8 41 M 30
10964 10963 2 15 83 O 30
10966 10965 2 10 52 O 30
10983 10967 2 7 38 O 20
10968 10969 1 7 35 M 20
10971 10970 2 5 23 O 10
10973 10972 2 7 34 O 10
10975 10974 2 6 29 O 10
10976 10977 1 7 34 O 30
10979 10978 1 7 34 O 10
10981 10980 2 6 32 O 10
10983 10968 1 3 13 M 20
10968 3351 1 2 11 O 10
3351 10973 1 2 11 O 20
10973 10978 1 3 13 O 30
10978 10981 1 4 20 O 30
10981 10976 1 3 16 M 20
10987 10985 2 15 81 O 10
10986 10987 1 22 118 O 20
8821 8822 2 2 9 O 20
7605 8821 2 3 13 O 10
4755 4753 2 4 21 M 10
10989 10990 2 7 34 O 30
16511 10991 2 9 49 O 10
10992 10991 1 3 13 O 30
10991 14749 1 18 95 M 20
10993 10992 2 5 25 O 20
10992 14757 2 10 51 M 20
14757 10990 2 3 13 M 20
10990 10994 2 3 16 M 30
10994 14059 2 8 43 O 10
10995 8818 2 7 37 O 20
11011 11010 2 4 19 M 30
11014 11012 2 8 40 O 30
10999 10998 2 17 94 O 30
15267 10999 2 6 29 O 20
10999 11000 2 12 66 M 10
11003 11002 2 3 17 O 30
70 11004 2 12 63 O 20
102 11017 2 3 14 O 20
11017 11007 2 11 61 M 30
11020 11019 2 9 48 O 10
11022 11021 2 17 93 O 20
11022 11020 2 9 46 O 10
8244 11002 2 7 37 O 10
11002 11006 2 10 51 O 30
9731 11024 2 9 46 O 20
11029 11028 2 11 59 O 10
11031 11030 2 14 76 M 20
11050 11032 2 4 17 M 10
11034 11050 2 9 46 O 30
11056 11055 2 19 105 O 30
11057 4757 2 10 52 O 20
11059 11058 2 15 82 M 10
3356 11062 2 6 31 O 20
11062 14066 2 2 10 O 20
14066 11063 2 14 77 O 10
11039 11038 2 9 50 O 20
11042 11043 1 6 32 O 30
11045 11044 2 6 29 O 20
11046 11042 2 12 62 O 20
11042 11044 2 6 32 O 20
11044 6769 2 13 67 M 20
11048 11047 2 9 48 O 10
11065 11064 2 7 35 O 20
11075 11066 2 13 70 M 20
11068 11067 2 7 35 O 20
11070 11068 2 10 54 O 10
11068 11069 2 8 42 O 30
8218 11071 2 20 110 O 10
11073 11072 2 4 22 O 20
11076 21 2 11 57 O 30
8217 16545 2 9 50 M 20
16545 11078 2 17 92 O 20
11081 11080 2 18 100 O 10
11085 11084 2 21 113 O 20
11090 11086 2 11 56 O 30
11089 11087 2 7 37 O 10
11089 11088 2 10 52 O 30
11093 11092 2 17 92 O 20
8216 16509 2 14 75 O 20
8214 11094 2 4 21 O 10
11096 11095 2 6 32 O 10
8213 11097 2 6 32 O 20
11100 11099 2 3 13 O 20
8215 11104 2 18 99 O 20
11104 11103 2 12 65 M 20
3391 11105 2 5 27 M 10
11111 11110 2 5 23 O 20
11126 5818 2 11 56 O 10
11128 11127 2 8 40 O 10
11130 11129 2 4 22 O 30
3737 11131 2 2 9 M 20
11134 11136 2 5 24 O 10
11136 5816 2 7 33 O 10
11136 11135 2 4 22 O 30
11138 11137 2 11 57 O 20
11140 11139 2 6 31 M 30
11115 13724 2 8 41 M 20
11117 13709 2 8 40 M 30
11119 3075 2 6 30 O 10
11123 11122 2 10 53 O 10
5819 11124 2 7 39 M 20
7101 11125 2 5 24 O 10
11161 11160 2 15 82 M 30
11164 11162 2 3 12 O 10
11164 11163 2 9 46 O 30
11141 11142 2 9 45 M 10
11142 13750 2 23 124 O 30
11143 68 2 4 21 O 10
11145 11144 2 25 137 O 10
11167 11146 2 13 67 O 20
11169 11146 2 9 49 O 10
11146 11168 2 9 47 O 30
11171 11170 2 6 31 O 30
13735 11173 2 11 59 O 20
5839 11171 2 7 34 O 10
11171 8107 2 2 8 O 20
8107 11147 2 9 48 M 30
11150 11149 2 15 80 M 20
11152 11151 2 10 53 O 30
11157 11156 2 8 39 M 30
11156 11151 2 21 111 O 20
11175 2023 2 5 27 O 10
11177 15159 2 3 13 O 20
11179 11178 2 8 43 O 30
11181 11180 2 4 18 O 10
11183 11182 2 7 38 O 30
11187 11186 2 7 38 O 30
11189 6634 2 9 46 O 20
6580 11190 2 5 27 O 20
11192 11191 2 4 19 O 30
11191 6607 2 3 16 O 10
11184 15157 1 2 6 O 20
15157 11189 1 5 25 O 10
11189 11188 1 5 25 O 30
11188 11192 1 6 30 O 10
11192 6615 1 7 35 O 20
11194 1632 2 3 13 M 20
6611 6639 2 5 23 O 30
6629 6631 2 10 53 O 20
6631 6626 2 2 8 O 20
6626 6638 2 3 16 O 10
11197 11196 2 5 24 O 30
11198 1629 2 4 22 O 10
11207 2507 2 2 9 O 30
2507 11206 2 5 24 O 30
11209 11208 2 9 46 O 30
11212 3039 2 6 31 O 30
3039 11211 2 1 2 O 10
11214 11213 2 11 61 O 10
11215 11216 2 12 65 O 10
4938 10686 1 7 36 O 30
10800 13650 1 4 19 O 10
4930 4931 1 6 30 M 20
4931 11217 1 4 21 O 20
11217 10798 1 4 18 O 10
11218 4931 1 18 96 O 10
11217 11218 1 11 60 O 10
10798 11219 1 4 21 M 30
47 11221 2 5 24 O 20
11223 11222 2 8 43 O 30
11225 11224 2 4 21 O 20
11220 11226 2 8 41 O 30
10757 2423 2 6 32 O 30
2423 14335 2 11 59 O 30
14335 11229 2 3 13 O 30
11229 7205 2 3 15 O 10
11229 11290 1 10 53 O 30
11290 11228 1 7 35 O 30
11230 11231 2 6 30 O 30
11235 11234 1 26 140 O 30
11238 11237 2 6 30 O 20
11241 11239 2 3 12 O 10
11241 11240 2 6 33 O 20
11199 11243 2 7 34 M 30
11201 11266 2 13 68 O 30
11203 2351 2 2 6 O 10
2351 11202 2 8 40 O 20
11202 11201 2 2 11 O 20
11200 11205 2 12 62 O 20
11260 2347 1 14 76 M 10
11262 11260 2 10 50 O 10
11263 11262 1 10 51 O 10
11262 2344 1 3 16 O 30
2344 2347 1 4 17 O 20
2347 2345 1 4 17 O 30
2345 11264 1 9 49 M 10
11266 11265 2 10 52 O 30
11244 11269 2 6 33 O 10
11269 11268 2 8 41 O 30
13737 11270 2 9 45 O 30
11247 11246 2 9 47 O 30
11250 11249 2 10 54 O 20
5905 15944 2 4 22 M 20
11251 11253 2 9 46 M 10
11253 11252 2 13 71 O 10
14894 14895 1 16 87 O 20
14895 14896 1 4 22 O 20
14896 11255 1 6 28 O 30
14894 14893 2 4 18 O 30
14893 11256 2 4 17 M 10
11272 11271 2 6 33 O 10
1638 11273 2 6 30 O 10
15156 15164 1 3 11 M 20
15164 11275 1 21 115 M 30
6593 11183 2 6 31 O 30
11183 6622 2 11 61 O 30
11276 14226 1 7 38 M 30
14220 11276 1 6 28 M 10
11283 11278 2 19 100 O 20
11285 11286 2 10 55 O 10
11286 11284 2 7 38 O 30
11287 11286 2 6 33 O 30
11292 11291 2 6 31 O 10
11294 11293 2 4 19 M 20
14895 16133 2 5 25 O 10
16133 15139 2 4 20 O 30
15139 11295 2 4 21 M 20
11281 11280 2 5 27 O 20
11282 11296 2 5 27 O 30
11298 11297 2 6 31 O 20
11300 11299 2 8 44 O 30
11302 11301 2 20 108 O 30
11304 3031 2 7 38 O 20
3031 11303 2 7 37 O 20
11303 16697 2 5 22 O 10
5803 11306 2 10 52 O 20
7849 11308 2 6 31 O 20
11310 11309 2 12 64 M 30
10729 11311 2 7 34 O 20
7233 11137 2 8 41 O 30
11137 7196 2 7 38 O 10
11140 7196 2 6 28 O 20
11327 11326 2 6 29 O 30
11329 11328 2 6 30 M 10
11315 11326 2 10 50 O 20
11326 7055 2 8 44 O 30
8056 8055 2 5 27 O 20
11333 7086 2 5 24 O 30
7066 7086 2 6 28 O 20
5733 11334 2 6 29 O 20
5738 11335 2 10 54 O 20
5726 5733 2 29 157 O 20
5733 5738 2 5 24 O 20
5738 5732 2 12 66 O 30
8059 8058 2 7 35 O 30
8058 5741 2 3 14 O 10
7964 7190 1 9 49 O 20
7190 7235 1 9 49 O 30
7235 13663 1 3 14 M 30
13663 3122 1 3 12 O 10
3122 10889 1 4 21 O 10
10889 7200 1 5 27 O 30
5776 5767 2 18 100 O 30
11317 11316 2 6 29 O 20
11319 3692 2 3 13 O 20
3691 5767 2 6 32 O 20
11324 11323 2 6 32 O 30
7584 7583 1 8 41 O 20
16644 7584 1 18 96 O 20
11446 11436 1 17 93 O 10
11436 13832 1 13 69 O 10
13832 11277 1 20 107 M 20
11338 2755 2 2 6 O 30
2755 11337 2 5 22 O 10
11340 11339 2 4 19 M 20
11342 11341 2 3 11 O 30
11343 7106 2 8 43 O 30
11345 11338 1 7 34 O 20
11338 15357 1 2 9 O 30
15357 11342 1 8 42 O 10
11342 11340 1 3 16 O 20
7071 8052 1 11 59 O 10
8015 9871 2 3 12 O 30
9870 13921 2 5 23 O 30
13574 3425 2 7 38 O 20
11359 11358 2 5 24 O 20
13574 11359 2 2 7 O 20
11359 11360 2 3 13 O 10
13573 3426 2 6 30 M 10
11362 11367 2 9 45 O 10
11364 11363 2 10 55 O 30
11365 13572 2 11 58 M 30
11370 2955 2 12 66 O 30
2955 11369 2 17 90 O 10
11372 11371 2 5 22 O 20
11355 11356 2 11 60 O 30
11356 11374 2 27 147 O 20
11374 4043 2 20 107 O 30
4043 11373 2 2 7 M 30
11376 11375 2 14 77 M 20
4923 14162 2 8 41 O 20
11379 11378 2 7 35 O 20
11380 11348 2 4 20 O 30
4921 11417 2 14 73 M 30
11350 11351 2 11 56 O 10
11354 11353 2 5 27 M 20
11356 11357 2 29 159 O 30
8014 11381 1 15 81 O 10
13580 13583 2 14 78 O 30
13583 13581 2 12 62 O 30
7881 11382 1 5 25 O 10
11382 7887 2 2 8 O 20
7887 11373 2 3 14 M 30
11373 7880 2 2 9 O 30
8032 9884 2 2 7 O 10
8007 8010 2 14 74 O 20
11384 3044 1 6 31 O 10
3044 8030 1 38 211 O 20
11397 11396 2 5 25 O 20
11386 11385 2 2 6 O 20
11385 3875 2 13 72 O 10
3875 3876 2 10 55 M 20
3876 11385 2 2 10 M 20
11388 11387 2 12 62 O 10
11390 11389 2 11 60 O 10
11392 11390 2 6 28 O 20
11390 11391 2 4 20 O 20
11394 11393 2 12 61 O 10
11395 9887 2 8 44 M 20
6336 9885 2 2 10 M 30
11402 11403 2 7 36 M 30
11405 11406 2 6 29 O 10
11408 11406 2 12 65 O 20
4217 11420 2 3 16 O 30
11422 11421 2 6 32 O 10
13578 11423 2 17 90 O 10
13571 13572 2 8 40 O 20
13572 11363 2 6 31 O 30
11363 13573 2 17 90 O 10
13573 11367 2 3 11 M 10
11367 13574 2 5 25 M 20
11425 11424 2 6 33 O 20
2960 13576 2 7 38 M 20
13576 11411 2 5 23 O 20
13576 11412 2 7 38 O 10
11412 13577 2 19 102 O 30
11414 11413 2 9 49 O 20
11415 11416 2 4 22 O 20
11419 11418 2 8 42 M 20
14155 14156 2 12 62 M 30
11427 11426 2 6 28 O 30
11429 11428 2 7 38 O 30
11431 11430 2 7 33 O 30
13565 11432 2 11 57 M 30
5921 10743 1 4 18 O 20
10743 7392 1 10 52 O 30
11434 16694 2 7 37 O 10
16694 11433 2 3 13 M 10
13687 11435 2 10 53 O 20
11438 10802 2 3 12 O 20
10802 11446 2 2 7 O 30
10621 10620 2 11 58 O 20
10620 11439 2 1 3 O 30
10891 10890 2 1 5 M 30
3779 3780 1 30 164 O 30
7739 7244 1 2 9 O 20
8317 8318 1 2 10 O 20
8325 8352 1 3 13 O 10
8318 8340 1 2 9 O 10
8389 4184 1 10 52 O 10
4184 15704 1 2 7 M 10
8325 8351 1 4 17 O 10
4568 4545 1 9 49 O 30
8442 8652 1 4 21 O 20
11441 11484 1 8 41 O 30
11441 11440 1 11 56 O 30
6243 7219 1 4 17 M 30
7186 6243 1 4 19 M 10
13893 8326 1 16 88 O 30
8326 8325 1 2 10 O 10
4315 16125 2 5 28 M 10
16125 14843 2 7 38 O 20
14843 4309 2 3 11 M 20
11462 449 2 13 72 O 10
11452 8175 1 4 21 O 30
8330 11452 1 4 19 O 10
11443 11442 2 4 19 O 20
11445 11444 2 8 40 M 20
11447 6251 1 2 7 O 20
11453 7754 2 22 118 O 10
11450 11449 2 2 6 O 30
11449 11448 2 4 19 O 20
7749 1296 2 5 23 O 30
11461 11460 2 7 34 O 30
4271 11462 2 22 119 M 30
11466 11465 1 16 85 O 30
11465 11464 1 4 19 O 30
11468 11467 2 13 67 O 20
11470 11469 2 11 58 O 20
11479 11472 2 1 5 O 20
11472 11478 2 3 13 O 30
11478 11474 2 12 62 O 30
11474 11471 2 6 32 O 30
11473 11472 2 8 41 O 10
11477 11476 2 10 55 M 30
11476 11475 2 1 4 O 10
11475 11477 2 5 27 M 10
11477 11478 2 4 21 O 10
7458 11474 2 14 74 O 10
1289 11482 2 5 25 O 20
11482 11481 2 2 8 O 10
3860 11481 2 15 80 O 20
11481 11480 2 7 36 M 10
14215 11484 2 10 53 O 10
11486 11485 2 13 70 M 10
11489 11488 2 1 5 O 30
11488 11487 2 11 58 O 20
11491 1328 2 10 52 O 20
16139 16137 2 8 44 O 20
16137 16138 2 5 27 O 30
16138 16139 2 4 18 M 20
16139 11492 2 4 21 O 30
11493 11494 2 22 119 O 10
11496 11494 2 6 28 O 20
11494 16948 2 4 21 O 10
16948 11493 2 4 21 O 30
11493 11495 2 5 27 O 30
11501 11500 2 13 72 O 20
11500 11499 2 8 43 O 20
11503 11502 2 6 28 O 10
11505 11504 2 5 26 O 30
11507 11506 2 6 32 O 10
11508 1275 2 10 52 M 20
1184 11509 2 5 27 O 20
11511 11510 2 6 32 O 30
11513 404 2 7 35 M 30
11517 11516 2 7 37 O 30
11519 11518 2 18 99 O 30
8607 11520 2 6 29 M 20
11522 11521 2 5 23 O 20
11498 11523 2 20 111 O 20
5893 11525 1 5 24 O 30
11524 7464 2 10 52 M 10
7464 7465 2 6 30 O 30
11527 11526 2 20 107 M 30
1237 11566 2 8 40 O 20
11569 4881 2 2 8 O 30
11568 11567 2 8 43 M 20
11569 11567 1 12 63 O 10
11567 1240 1 16 88 M 20
1240 1241 1 6 29 O 20
11572 11571 2 5 26 O 10
11574 11573 2 6 30 M 10
1225 11575 2 6 28 M 10
11529 11528 2 14 75 O 20
11532 11531 2 7 37 O 20
11536 11535 2 9 49 O 10
11538 631 2 2 10 O 10
631 11537 2 8 42 O 30
11540 11539 2 9 49 O 10
11542 11541 2 8 41 O 20
11543 1216 1 10 54 O 20
1216 11544 1 6 31 O 10
11545 1208 2 6 30 M 20
1208 5891 2 8 40 O 30
11547 11546 2 7 34 O 30
5894 11548 2 7 34 O 30
1276 11549 2 9 46 O 10
11551 11550 2 6 30 O 20
11553 11552 2 6 32 M 10
11555 11554 2 5 27 O 20
11557 11556 2 7 34 M 30
11559 11558 2 6 33 O 20
11561 11560 2 6 33 O 30
11563 11562 2 6 31 M 20
11565 11564 2 6 31 M 20
1199 1247 2 7 36 O 20
1247 1246 2 11 59 O 30
1246 1248 2 5 25 M 30
1248 1247 2 2 10 O 30
11578 11577 2 9 46 M 10
11580 11581 2 3 12 O 20
11581 11579 2 1 3 O 20
11582 11581 2 3 13 O 10
1245 11583 2 9 46 O 30
15847 11587 2 2 9 O 10
11587 11586 2 7 34 O 20
11589 11588 2 7 35 O 20
11591 11590 2 2 9 O 10
11594 3938 2 1 3 O 30
3938 3937 2 3 12 O 20
3937 11593 2 3 12 O 20
11596 8172 2 1 2 O 10
11596 15731 2 12 66 M 30
15731 915 2 8 44 O 20
915 14872 2 12 62 O 10
5026 11597 1 12 67 M 10
4971 5035 1 9 50 M 30
11605 11604 2 6 30 M 10
854 855 2 10 55 O 10
11609 11608 2 7 35 M 10
11608 1035 2 1 5 O 20
11608 3930 2 3 12 O 10
3930 11610 2 14 73 O 30
11612 3928 2 6 28 O 30
3928 11610 2 1 5 O 30
11614 11612 2 2 10 O 20
11612 11613 2 2 7 M 10
11616 11615 2 3 15 M 10
11618 11616 2 3 13 O 10
11616 11617 2 3 12 O 30
11620 11622 2 5 27 M 20
860 11623 2 11 60 O 20
11624 11623 2 8 43 O 10
11625 11624 2 6 29 O 20
11627 11626 2 7 35 O 30
11628 11627 2 5 23 M 20
11629 15851 1 21 114 M 20
11631 11630 2 11 57 O 10
11633 11632 2 6 28 O 10
413 11633 2 1 3 O 10
11633 11634 2 19 102 O 10
11636 1038 2 2 6 O 20
1038 11635 2 2 9 O 30
11638 11636 2 5 23 O 20
11636 11637 2 2 7 O 20
11640 11638 2 2 9 O 10
11638 11639 2 2 8 M 20
11642 11641 2 6 28 O 10
4983 11643 2 6 32 O 10
11644 4508 1 16 86 M 20
4508 4448 1 18 97 O 30
4572 4551 2 8 41 O 20
4572 4329 1 7 34 O 10
4329 1015 1 2 11 M 10
1015 5053 1 16 87 M 30
5053 4542 1 7 37 O 20
11645 4827 2 10 55 O 20
11647 11646 2 12 62 O 10
11648 11649 1 6 30 M 20
11597 11598 1 7 38 O 30
11600 11599 2 6 29 O 30
5051 5006 1 9 48 O 30
5006 5026 1 21 114 O 30
5026 5035 1 8 40 O 30
5035 4981 1 5 25 O 20
4981 5038 1 10 55 O 30
11601 7513 2 11 60 O 30
5012 4311 1 7 39 M 10
4302 11653 1 5 25 M 20
11653 4333 1 4 20 O 10
11603 11602 1 5 26 M 30
5033 11603 1 7 39 M 10
11651 11650 2 8 43 M 30
11653 11652 2 12 63 O 10
5012 4963 2 5 26 O 10
5020 11601 1 7 38 O 20
11601 4957 1 6 30 O 10
11654 11649 2 15 81 M 10
11649 11647 2 5 27 O 10
11647 4975 2 6 31 O 10
4975 5050 2 3 14 M 30
5050 8366 2 12 65 O 30
8366 4333 2 1 5 O 20
11656 11655 2 12 62 O 10
8098 4542 2 5 24 O 20
4542 11607 2 6 28 M 20
11607 15852 2 5 27 O 10
15852 4337 2 8 41 O 20
11658 11657 2 14 76 O 10
11660 11659 2 13 71 O 30
11661 11658 1 4 19 O 20
11658 11660 1 2 8 O 30
11674 11675 2 8 44 O 10
11676 11789 2 2 10 M 20
11789 11675 2 10 50 O 20
11677 11678 2 13 72 O 20
11682 11681 2 8 40 O 30
11683 892 2 31 168 O 20
11684 11683 2 1 2 O 20
14419 11688 2 4 19 O 10
11688 11689 2 1 5 M 30
4339 7507 2 6 33 O 30
7507 11684 2 8 40 M 30
11684 11690 2 1 5 O 30
11690 11694 2 19 101 O 10
11692 11691 2 4 22 M 10
11696 11695 1 6 31 O 30
900 11695 2 11 59 O 10
11663 11664 2 2 8 O 20
11666 11663 2 2 9 M 30
11664 11665 2 3 12 O 30
11671 872 2 13 70 O 20
872 11670 2 4 19 O 30
13633 13632 2 4 20 O 20
11687 11686 2 3 12 O 30
11685 2412 2 9 49 O 10
2412 2415 2 2 7 O 30
2415 2413 2 3 14 O 10
11704 805 2 9 50 M 30
11706 11705 2 9 45 M 10
6144 11707 2 4 21 M 10
11708 866 2 4 18 O 10
11709 11710 1 16 87 O 20
11698 868 2 7 37 O 20
11700 11699 2 9 49 M 30
4313 4293 2 2 7 M 10
11725 11724 2 11 56 O 10
11727 11726 2 4 21 O 20
11729 11728 2 4 17 O 20
11732 11730 2 4 17 O 30
15860 14413 2 2 8 M 20
14413 11732 2 4 21 O 10
11732 11731 2 6 33 O 30
11734 11733 2 3 17 O 20
11736 11735 2 10 54 O 10
11735 11737 2 5 26 O 10
11739 11738 2 21 115 O 10
11712 793 2 3 14 O 30
793 11711 2 5 23 O 10
11712 11713 2 7 39 O 10
11715 11716 2 6 33 O 30
11717 11716 1 4 22 O 30
11716 716 1 5 26 O 10
716 11718 1 7 36 O 30
11718 11720 1 18 96 O 20
11720 11723 1 3 13 O 30
11740 11723 1 12 63 O 30
11723 11722 1 6 31 M 10
11743 11742 1 15 83 O 20
11746 11745 2 5 24 O 20
11748 11747 2 8 41 O 30
11750 11749 2 4 20 O 30
841 14410 2 6 30 M 10
11752 11753 2 8 39 O 20
833 11754 2 8 44 O 30
11755 11754 2 6 29 O 10
11757 11758 2 3 12 O 30
11760 11759 2 7 39 M 10
11761 8140 2 9 45 O 10
11763 11762 2 6 33 O 20
11765 11768 2 9 45 O 20
11771 11770 2 6 31 O 30
11773 11772 2 7 39 O 10
7511 7510 1 8 41 O 20
7510 7508 1 6 29 O 30
11774 4278 2 8 40 O 30
8394 446 2 11 57 M 30
446 11778 2 1 3 M 10
11781 11780 2 5 25 O 10
11780 11779 2 6 29 O 30
11785 11784 2 8 41 O 30
11787 11786 2 5 23 O 10
11789 11788 2 2 8 O 10
11790 11791 2 15 78 O 20
11793 11792 2 4 18 O 10
11794 14360 2 8 39 O 10
11802 8499 1 9 46 M 10
11804 11803 2 8 42 M 10
7978 11805 2 6 31 O 10
11796 11807 2 3 15 O 20
11796 11797 2 2 10 O 30
11807 16042 2 1 1 O 30
16042 11806 2 10 51 O 20
11806 16043 2 8 39 O 20
16043 16042 2 3 12 O 30
11809 11808 2 7 37 O 30
11811 11810 2 9 45 O 20
11813 11812 2 5 23 O 10
8565 11814 2 4 18 O 30
11815 6222 2 4 18 O 10
11818 11816 2 11 60 O 30
382 11818 2 1 5 O 20
11818 11817 2 14 74 O 10
11821 736 2 5 26 O 30
11822 737 2 8 40 M 30
737 8296 2 1 5 M 30
11798 5947 2 9 49 M 10
11825 11824 2 14 77 O 30
11829 493 2 8 41 O 30
11831 11830 2 8 44 M 30
7904 11866 1 13 71 M 10
11868 7902 2 15 82 O 30
11870 11869 2 8 39 O 10
11874 11871 2 6 31 O 10
11873 11872 2 5 25 M 20
11876 11873 2 6 28 O 20
11873 11874 2 5 22 O 30
11874 11875 2 15 78 M 30
11879 11878 2 7 36 O 10
11880 11885 1 4 19 O 30
11881 11882 1 5 27 O 20
11882 15035 1 11 58 O 20
11885 11881 1 1 5 O 10
11881 11843 1 11 58 O 30
11833 11832 2 13 70 O 30
11837 11836 2 5 25 O 30
11841 11840 2 16 86 O 20
11886 11841 1 7 35 M 30
11841 11842 1 26 142 O 20
6512 6538 1 14 74 O 30
11891 11890 2 5 27 M 10
11893 1592 2 5 25 M 30
1592 11892 2 5 26 M 20
11894 11955 2 8 44 O 30
11896 11895 2 7 34 O 10
11898 11958 1 9 46 O 30
11958 11894 1 5 28 O 20
11894 11895 1 7 34 O 30
11895 11899 1 4 21 O 30
11899 1593 1 4 22 O 30
1593 16041 1 6 33 M 20
16041 11893 1 6 32 O 30
11893 11900 1 11 58 M 30
11901 11903 2 2 9 O 20
11903 1606 2 7 34 O 20
1606 1604 2 1 4 M 30
1604 11902 2 5 27 O 20
11845 1674 2 7 35 O 10
1674 1672 2 2 8 O 30
1671 11846 2 12 63 M 10
11849 11848 2 17 92 O 10
5571 11923 2 6 30 O 10
11925 11850 1 12 66 O 10
11852 11851 1 7 37 M 20
11851 5594 1 4 18 O 20
5596 5573 1 9 50 O 10
5573 16567 1 1 4 O 30
16567 11853 1 5 24 O 30
5573 11935 1 10 55 O 30
11936 11937 2 3 13 O 20
11855 11854 2 9 47 O 30
11857 11855 2 2 10 O 30
11855 11856 2 4 21 M 10
11859 11858 2 10 54 M 20
11861 1677 2 5 26 O 10
1677 11860 2 2 11 O 20
11863 1578 2 3 13 M 30
1578 11862 2 5 26 O 30
11906 11910 2 8 42 O 30
11908 11907 2 2 11 M 20
15880 11918 2 14 73 O 20
11913 11912 2 9 49 O 10
15881 11865 2 2 7 O 30
11916 11914 2 5 24 M 30
11915 11917 2 2 7 O 30
11922 11921 2 22 120 M 30
11924 11923 2 5 23 O 10
11926 11925 1 5 24 O 20
11929 5528 1 13 71 O 30
11930 11851 2 5 24 O 10
11931 5560 2 4 21 O 20
11933 11932 2 4 21 O 10
11945 8468 1 5 26 O 10
8468 5605 1 7 37 O 20
5550 5539 2 8 44 O 20
11935 11928 2 7 37 O 10
11864 11858 2 6 29 M 10
11858 1581 2 11 57 O 30
1581 5599 2 2 6 O 10
5599 5571 2 5 23 O 20
11943 11942 1 14 72 O 20
11934 5556 1 13 72 O 20
5578 11944 2 9 48 O 10
8468 5588 1 19 102 O 30
11947 11946 1 17 90 O 10
11950 16036 2 9 49 O 20
16036 11949 2 15 81 O 10
11952 11951 2 7 37 O 20
11954 11953 2 8 42 M 30
11958 11957 2 5 24 M 10
11960 11959 2 9 45 O 20
8913 11962 2 9 49 O 30
1538 11965 2 16 87 O 30
11969 11966 2 5 24 O 10
11972 11971 2 12 62 O 20
11974 876 2 9 49 O 30
876 11973 2 2 10 O 30
11976 11975 2 6 32 O 20
11980 11979 2 3 16 O 20
11984 11983 2 8 40 O 10
11986 11985 2 5 25 O 10
11988 11986 2 3 16 M 30
11986 11987 2 3 14 O 20
11990 11989 2 11 58 O 20
11991 7419 2 4 20 O 30
11992 11991 2 9 45 O 10
11991 11985 2 5 27 M 30
16102 11993 2 8 43 O 10
11994 11996 2 3 14 O 10
11997 11996 2 4 19 O 20
11996 11995 2 5 23 O 20
11999 11998 2 3 15 O 20
366 12001 2 11 57 O 30
12002 12013 2 6 28 O 20
16699 12004 2 9 47 O 20
12006 12005 2 5 28 M 20
12008 2017 2 9 47 M 10
2017 12007 2 3 13 O 30
12010 368 2 5 23 M 20
368 12009 2 2 9 M 30
12009 12011 2 3 11 O 10
12011 3993 2 5 24 O 20
12013 12012 2 3 13 M 20
12012 12011 2 8 42 O 20
12015 6075 2 3 13 M 30
12027 12016 2 3 12 O 30
7405 7406 2 6 31 O 20
12018 12017 2 3 12 O 10
12021 2013 2 3 16 O 20
2013 12020 2 4 21 O 30
12020 12018 2 4 21 M 10
12018 12019 2 3 16 O 20
12027 12028 2 14 72 O 20
2012 12024 2 6 31 O 20
12026 12025 2 18 100 O 10
7407 12045 2 7 36 O 20
12047 12046 2 12 63 O 10
12049 12048 2 20 108 M 20
1513 1967 2 2 6 O 30
1967 12050 2 7 34 O 10
12054 12053 2 9 47 O 30
12057 12056 2 6 33 O 20
12059 12060 2 6 33 O 10
12060 12058 2 1 4 O 10
12061 12060 2 9 46 O 10
8191 14829 2 6 29 O 10
8470 1682 2 7 37 O 20
12030 12029 2 8 40 O 10
12031 1701 2 12 62 O 20
1701 14839 2 1 1 M 20
14839 14838 2 2 6 O 30
12033 12032 2 7 34 M 30
4995 12034 2 6 33 O 10
12035 13913 2 6 28 O 20
13913 12034 2 3 16 O 20
13911 12036 2 5 23 O 10
12039 12038 2 6 31 O 10
12041 12040 2 11 58 O 30
12043 12042 2 9 49 O 10
12044 12069 2 16 84 O 10
12070 12043 2 5 27 O 10
12071 7402 2 10 53 O 30
12073 12072 2 4 18 O 30
12063 15968 2 1 2 O 30
12065 12064 2 2 10 O 10
12066 12065 2 2 6 O 20
12064 12063 2 4 21 O 20
12067 14655 2 4 17 O 10
7411 12093 2 8 39 O 30
12094 8190 2 8 39 O 30
12096 12095 2 9 45 O 30
12077 723 2 5 24 O 20
12078 12077 2 6 33 M 20
12082 12081 2 5 22 O 10
12084 12083 2 6 32 O 20
12085 729 1 15 78 O 20
12089 931 1 8 41 O 30
931 12088 1 10 53 M 30
12088 4020 1 7 39 O 20
12392 16788 2 11 57 O 10
12115 12114 2 8 41 O 10
878 12116 2 5 25 M 20
12119 12118 2 12 67 M 30
12121 16 2 8 40 M 20
16 12120 2 4 20 O 20
12098 12097 2 8 40 O 30
12099 12100 2 5 25 O 10
12102 12101 2 5 24 O 10
12103 12105 2 5 24 O 30
12105 12104 2 12 66 O 30
12104 3990 2 4 18 M 30
3990 12110 2 10 55 O 30
12142 12141 2 7 36 O 10
12144 12143 2 6 29 M 30
12146 12145 2 4 18 M 30
1893 12147 1 16 86 O 30
12164 12159 2 9 46 M 30
12160 12161 2 6 31 O 20
12164 12163 2 5 25 O 30
12167 12165 2 3 15 O 30
12165 12166 2 6 33 O 30
12169 12168 2 5 25 O 10
12171 12170 2 5 23 O 20
12174 12172 2 9 46 O 20
12172 12171 2 5 24 O 20
788 12170 2 6 31 O 30
12170 12341 2 2 11 O 10
12341 12175 2 8 44 O 10
12175 12174 2 6 32 O 10
12174 12173 2 4 18 O 30
12148 12169 2 6 30 O 10
12169 12175 2 12 65 O 30
12149 12150 2 3 16 O 30
12151 12134 2 17 90 M 30
12153 12152 2 11 56 O 10
12178 12177 2 3 13 O 30
12176 12178 2 13 70 O 20
12178 7361 2 4 18 O 10
12180 12179 2 7 38 O 10
12182 12181 2 2 6 O 20
12183 12182 2 2 10 O 30
12184 12183 2 2 9 O 10
12187 1653 2 7 36 O 20
15961 12187 2 7 35 O 30
12154 12184 2 9 48 O 20
12184 12188 2 2 10 O 20
12156 12155 2 6 31 O 20
12158 12157 2 7 35 M 10
12189 1730 2 3 16 O 30
1730 1732 2 2 9 O 30
1732 12190 2 9 49 O 20
12193 12192 1 13 69 M 30
12195 2107 2 4 22 O 10
12123 12122 2 5 25 O 20
12126 4109 1 11 57 O 10
4109 12125 1 6 31 O 30
12129 12128 2 9 50 M 30
14904 1899 2 3 13 O 30
1899 1897 2 4 21 O 10
1897 12130 2 2 8 M 10
12133 12132 2 5 27 O 20
12135 2048 2 3 12 O 20
2048 12134 2 4 19 O 20
12137 12136 2 13 72 O 20
12139 12138 2 10 54 O 20
12212 12140 2 12 64 O 20
12214 12213 2 4 21 O 20
12216 12215 2 7 34 O 10
12218 12217 2 5 26 O 20
12220 12219 2 9 45 O 20
12222 12221 2 5 23 O 30
12224 12223 2 6 33 O 10
12222 6110 2 4 19 O 30
12197 12196 2 11 56 O 20
12201 12200 2 11 60 O 20
12200 12199 2 3 14 M 20
12203 1912 2 11 57 O 10
1912 1909 2 2 6 M 20
12205 1716 2 10 55 O 30
1716 12204 2 2 7 M 30
12209 12208 2 13 71 M 20
12208 12206 2 4 17 O 20
12226 12211 2 14 75 M 30
4352 12244 2 4 18 O 10
12244 2234 2 4 17 O 20
2234 16141 2 3 12 O 10
7872 12246 2 9 47 O 10
12249 12247 1 9 47 O 30
12247 12248 1 17 93 O 10
4264 12250 2 5 26 O 30
6126 12251 2 5 24 O 10
12253 12252 2 3 14 M 20
12281 12279 2 6 29 O 20
12282 12281 2 7 35 O 10
12281 12280 2 6 32 O 30
12284 2281 2 4 21 O 30
2281 12283 2 2 10 O 30
12286 12285 2 3 12 O 10
6332 12285 2 6 30 M 30
4361 15690 1 10 51 O 20
12288 4361 2 6 28 O 10
365 12291 2 7 38 O 20
12292 7971 2 8 40 O 30
12295 12294 2 8 40 O 10
12294 12293 2 3 16 O 10
12297 12296 2 6 32 M 30
1666 12298 2 5 25 M 20
2260 12300 2 3 11 O 20
12396 12302 2 7 36 O 10
12228 12227 2 11 57 O 20
15976 12229 2 8 42 O 20
12231 6118 2 1 2 M 20
6118 12230 2 9 48 O 10
12232 12231 2 3 12 O 10
12233 12232 2 3 12 O 20
12235 12234 2 10 54 O 20
12237 12236 2 9 45 O 30
5862 6121 2 14 72 O 30
12240 12239 2 10 51 O 10
12239 2262 2 3 16 O 30
2262 6119 2 7 36 O 20
6119 6118 2 9 45 O 10
12242 12243 1 15 83 O 30
12304 12305 2 6 33 M 10
12305 12303 2 2 8 O 30
12303 16140 2 9 44 O 10
12255 12254 2 9 45 O 10
12257 12256 2 9 50 O 10
12259 12258 2 4 21 M 20
12260 14675 2 7 38 O 10
14675 14673 2 2 6 M 10
12261 15977 2 9 46 O 30
12263 12262 2 5 23 O 10
12265 12264 2 7 37 O 30
12266 779 2 13 68 O 30
12268 12265 2 5 27 O 10
12265 12266 2 6 29 O 20
12263 12269 2 16 87 O 20
12272 12273 2 2 10 O 30
12274 12272 2 3 14 O 10
12278 12271 2 7 34 O 30
12276 12275 2 4 20 M 20
12307 12306 2 8 44 M 30
7416 14832 1 3 12 M 30
14832 14833 1 4 17 O 10
7415 2211 2 7 36 O 30
2211 16578 2 11 56 O 20
12310 12309 2 13 70 O 30
12312 12311 2 5 23 O 30
12313 12210 2 4 21 O 30
12316 12315 2 5 24 O 30
12318 12317 2 10 55 O 10
12320 12319 2 5 27 O 30
12325 12324 2 17 91 O 30
12327 1368 2 7 34 M 10
1368 12326 2 1 4 O 30
12329 12328 2 6 28 O 30
12336 12329 2 5 23 M 10
12329 15 2 1 4 O 10
15 1266 2 10 51 O 10
1266 12330 2 10 54 O 20
12335 12332 2 21 114 M 10
15962 7627 2 8 42 O 10
12339 12338 2 6 32 O 10
12340 12327 2 6 28 O 20
12327 13 2 6 33 O 30
5865 1647 2 4 22 O 20
1647 4797 2 9 47 O 20
12342 12341 2 5 23 O 10
12344 1625 2 3 12 M 30
1625 12343 2 5 27 O 20
12347 12346 2 3 15 O 10
12346 12345 2 2 7 O 30
12345 12348 2 8 41 O 20
12373 1628 1 8 42 O 20
1628 12348 1 10 51 M 20
12348 12395 1 8 39 O 10
15957 12374 2 4 18 M 20
12377 12376 2 3 15 O 30
12375 12377 2 4 18 M 20
12377 12378 2 4 20 O 20
12382 12381 2 9 47 O 20
12384 14795 2 38 206 O 20
12387 12386 2 4 22 O 30
12390 12386 2 10 51 O 10
12386 12388 2 12 62 M 20
12391 12390 2 4 22 O 10
12390 12389 2 10 54 M 10
12351 12350 2 7 38 O 30
12353 12352 2 6 32 O 10
5864 12357 2 13 67 O 30
12359 12358 2 7 35 O 20
16147 12360 2 11 59 O 20
12362 12361 2 7 34 O 10
12364 12363 2 5 26 O 30
12309 12365 2 9 45 O 10
13914 12366 2 6 30 O 10
12368 12367 2 8 39 O 30
8066 971 2 6 29 O 10
971 12368 2 2 7 O 20
4783 12113 2 4 19 O 10
5016 12112 2 3 15 O 30
12112 883 2 3 14 O 10
883 12393 2 4 18 O 30
4970 12394 2 5 23 O 30
4797 5867 1 5 24 O 10
5865 15960 1 4 18 O 10
15960 12180 1 7 37 O 10
12180 12181 1 2 8 M 20
12181 5866 1 8 40 O 30
4429 7424 1 8 42 O 10
12397 6119 2 1 3 M 20
12398 12397 2 2 9 O 30
12399 12398 2 3 11 M 20
14268 7415 1 7 39 O 10
3894 2212 1 10 50 M 20
2212 16578 1 10 51 O 10
16578 14730 1 11 60 O 10
14730 7417 1 4 18 M 20
7417 5855 1 10 53 O 20
15969 11982 2 10 52 O 30
6851 12401 2 10 50 O 30
12433 12431 2 2 7 O 30
12431 12432 2 9 47 O 10
12431 12430 2 7 36 M 20
12433 12429 2 2 6 O 30
12429 12434 2 14 75 O 20
12436 12435 2 3 14 O 30
12438 12435 2 9 47 O 20
12435 12437 2 4 21 O 30
12442 12439 2 5 26 O 30
12441 12436 2 5 25 M 30
12436 12440 2 3 13 O 20
12444 9729 2 7 34 O 30
12445 12444 1 3 12 O 20
12444 12446 1 5 24 O 20
12446 12445 1 3 15 O 10
12448 12446 2 3 15 O 30
9727 12448 2 6 28 M 20
12448 12447 2 7 34 M 10
9727 12447 2 7 35 O 30
12447 12451 2 3 12 M 10
9727 12442 2 3 16 O 30
12442 12441 2 4 17 O 30
12441 12443 2 5 25 M 20
12443 12442 2 8 42 O 10
12453 12452 2 2 6 O 20
12454 9729 1 2 9 O 30
9728 9725 1 3 13 M 30
9715 12452 1 10 56 O 10
12452 9724 1 2 7 O 20
7710 6026 2 8 43 O 30
12428 12427 2 22 119 M 20
12426 7715 2 11 57 O 20
9718 12460 2 16 86 O 30
12462 9723 1 7 38 O 30
9719 12462 1 7 38 O 30
4803 12461 1 7 36 O 10
12461 9720 1 7 36 O 30
9722 12460 1 5 24 O 20
12464 16425 2 5 27 O 20
16425 12463 2 9 50 O 10
12463 16426 2 5 28 O 10
16426 16425 2 4 21 O 30
12468 12467 2 7 34 O 10
12471 12470 2 6 28 O 10
12477 4183 2 8 43 O 30
4183 12472 2 1 5 O 20
12475 12474 2 5 26 O 30
12478 6789 2 4 22 M 20
12402 12479 2 4 17 M 30
6744 12404 2 10 50 O 10
6757 6714 2 13 67 M 30
12403 6744 2 5 24 O 10
6744 6757 2 5 24 O 10
6757 12405 2 6 29 M 10
6035 12406 2 5 24 O 10
12410 12409 2 5 22 O 20
12413 12412 2 6 29 O 30
12414 12413 2 2 6 O 10
12413 6030 2 4 19 O 10
6030 12417 2 4 21 O 10
12419 12418 2 12 67 O 20
6326 6322 2 5 27 O 10
6322 6321 2 5 24 O 20
12421 12422 2 7 37 O 10
12422 12420 2 7 34 M 30
3925 12425 2 4 20 O 30
12425 12423 2 4 18 O 20
12423 12422 2 7 34 O 20
16099 2132 2 10 51 O 20
12481 12480 2 7 38 O 10
12483 12482 2 16 87 O 20
12484 3271 2 9 47 O 20
6294 3272 2 5 23 O 20
3272 6297 2 5 26 O 10
6296 6759 2 3 15 O 30
6759 6299 2 7 36 O 10
6299 6300 2 2 10 M 20
6313 12485 2 5 23 M 10
6312 6314 2 4 22 O 30
12488 12487 2 7 37 O 10
12490 3276 2 8 40 O 30
12492 12491 2 14 76 O 10
12493 4800 1 15 80 O 10
12494 16648 2 9 50 M 10
16648 12496 2 13 67 M 30
12497 12496 2 10 52 O 30
12496 12495 2 2 8 O 10
6011 2651 2 10 51 O 20
2651 12455 2 3 14 M 10
12532 12457 2 12 63 O 10
12458 2879 1 5 24 O 30
12456 12530 2 11 59 O 30
12531 12530 2 17 91 O 10
12530 12458 2 13 72 M 10
12458 12532 2 2 10 O 10
12534 12537 2 5 25 M 30
12537 12536 2 8 44 M 10
12536 12508 2 2 6 O 30
12508 12507 2 5 23 M 20
12537 12538 1 9 47 O 10
12540 12538 1 9 49 O 30
12538 12539 1 5 25 O 30
12542 12541 2 5 25 O 10
12499 12544 1 9 49 M 10
12501 12509 2 3 15 O 20
12509 12499 2 4 22 O 30
12499 12542 2 5 27 O 30
12542 12500 2 5 26 O 30
12507 15421 2 7 34 M 20
15421 12506 2 5 26 O 10
12506 12503 2 1 5 O 20
12503 12501 2 9 47 O 20
12501 12504 2 4 20 O 20
12504 12511 1 5 27 O 20
6012 12512 1 16 84 M 30
12512 6010 1 5 26 O 10
6013 2577 2 14 73 M 20
2577 6012 2 8 39 O 30
12513 12514 2 4 19 M 30
12518 12515 2 5 23 O 20
12515 12513 2 10 54 M 20
12520 12466 2 7 38 M 20
12521 6731 2 4 21 O 10
6731 12516 2 10 56 O 20
12516 6712 2 5 25 O 10
12522 6027 1 13 70 O 10
12523 12525 2 11 61 M 20
12525 7706 2 6 33 O 30
7706 12526 2 3 16 O 30
6014 12548 2 11 59 O 10
12548 12535 2 2 9 M 10
12535 6023 2 14 74 O 20
6022 12525 2 9 45 O 30
12525 6024 2 7 35 O 30
6024 6027 2 7 37 O 10
6027 6028 2 6 30 O 10
6014 6018 2 7 36 M 20
6025 15243 2 5 24 O 10
15243 12522 2 5 26 O 10
12522 12527 2 2 11 O 10
12527 12546 2 5 26 O 10
12546 15241 2 5 24 O 30
15241 12523 2 2 11 O 30
12523 6020 2 8 44 M 30
6020 6019 2 4 22 M 10
6018 6017 1 5 24 O 20
6017 12545 1 15 81 O 30
2711 12546 2 7 36 O 30
12524 12547 2 7 37 O 20
6014 12545 2 13 72 O 20
12545 6012 2 8 40 O 10
4774 2332 1 9 47 O 30
2332 12550 1 3 16 O 20
9713 12553 2 15 83 O 20
12556 12555 2 11 60 O 20
12558 12557 2 8 39 O 30
12560 12559 2 8 41 O 10
12563 12561 2 2 10 O 30
12564 12557 2 4 21 O 10
12557 12566 2 1 4 O 20
12566 12559 2 5 25 O 10
12559 12563 2 7 34 M 20
12567 12566 2 11 58 O 20
12570 12567 2 5 27 M 10
12572 12571 2 15 81 O 20
12574 12573 2 2 11 O 30
12577 15991 2 8 42 O 30
15991 15983 2 16 87 O 30
12579 12578 2 6 28 O 30
12580 6672 2 9 46 O 20
6672 15988 2 1 5 O 30
12581 6267 2 6 31 M 20
6688 4343 2 12 66 O 20
6663 12582 2 2 7 M 10
12585 2033 2 8 44 O 20
12587 12586 2 8 42 O 30
12592 12591 2 1 5 O 30
12591 12575 2 7 35 O 10
12590 12588 2 6 32 O 30
12596 12595 2 6 31 O 10
12598 12597 2 6 31 O 10
12600 12599 2 10 52 M 10
12605 12604 2 9 50 M 20
12607 12606 2 8 40 O 30
6292 12608 2 3 13 O 20
12601 6292 2 24 131 O 20
12603 2598 2 3 13 O 30
2598 12602 2 16 87 O 20
12610 12609 2 26 142 O 10
12611 12612 2 7 36 O 20
12612 7994 2 18 97 O 10
12613 12612 2 5 23 O 20
12615 12614 2 4 21 O 30
6264 6265 2 5 24 O 10
12623 12622 2 4 18 O 20
12621 6263 2 6 30 M 30
6263 12625 2 10 51 O 20
6661 12628 2 4 18 O 30
12630 12629 2 6 32 O 20
6649 12631 2 5 24 M 10
6675 6669 2 5 27 O 10
4798 12596 2 13 70 O 30
12596 5823 2 6 32 O 10
5823 6654 2 8 44 O 30
6654 2035 2 9 48 M 20
2035 12763 2 6 33 O 30
12763 5859 2 4 20 O 30
6288 12606 2 6 28 O 20
12606 6685 2 11 58 O 10
6685 6650 2 1 3 O 30
6650 2794 2 9 45 O 20
2794 6285 2 8 44 M 20
5508 12424 2 7 37 O 10
12424 3925 2 1 2 O 30
3925 16099 2 10 50 O 10
16099 12483 2 8 43 O 30
12483 12484 2 16 84 O 10
12484 6295 2 5 24 O 20
6295 6294 2 2 8 M 30
6294 12651 2 5 23 O 10
12651 12419 2 3 16 M 20
12419 5507 2 6 29 M 30
5506 5507 1 6 30 O 30
5507 12635 1 10 53 O 10
8962 12637 2 19 103 O 30
12639 12638 2 4 18 O 20
7528 12642 2 3 14 O 30
12646 12645 2 4 17 O 10
12648 12645 2 3 12 O 10
12645 12647 2 4 17 O 30
6293 6290 2 6 32 O 30
12636 12649 1 7 34 O 30
12636 12650 2 7 37 O 30
12654 2114 2 6 31 O 30
2114 2112 2 25 138 O 10
12657 2791 2 8 40 M 10
2791 12656 2 4 17 M 10
2647 12643 2 6 32 M 30
5830 12720 2 4 20 O 20
6605 6779 2 5 22 O 20
6779 15413 2 11 60 O 10
15413 15412 2 29 158 M 20
12721 12723 2 4 20 O 20
12725 12724 2 9 48 O 20
12724 6771 2 16 85 M 20
12725 3331 2 9 45 O 20
12727 12726 2 7 39 O 30
12729 12728 2 5 26 O 30
12731 12730 2 6 33 O 10
12733 12732 2 4 20 O 10
12735 12734 2 11 57 O 10
12737 12736 2 6 32 O 10
12659 12660 1 7 34 O 10
12660 8188 1 9 45 O 20
12709 12661 2 5 25 M 20
12663 2042 2 5 26 O 30
2042 12662 2 15 78 O 20
12665 12664 2 6 32 O 30
12665 15947 1 9 49 O 20
15947 12666 1 11 57 O 20
12666 8001 1 25 135 O 20
12668 12667 2 9 50 M 10
12694 12669 2 17 89 O 20
12695 12669 2 3 14 O 30
12669 6656 2 9 46 O 30
12699 12698 2 4 17 O 30
12701 12700 2 7 38 O 20
12703 2618 2 4 20 O 10
2618 12702 2 1 5 O 20
12707 12706 2 3 14 O 30
7668 12736 2 6 31 M 30
12736 12735 2 15 79 O 30
12735 12708 2 4 19 M 10
12708 12707 2 8 42 O 20
12707 12661 2 9 47 M 20
12661 7383 2 9 49 O 30
12781 12780 2 6 31 O 30
12780 506 2 10 51 O 10
506 12710 2 8 39 O 30
12710 12711 2 9 45 O 10
12757 12710 2 9 47 O 10
12759 12758 2 20 109 M 20
12765 15327 2 12 64 O 10
12699 6665 2 8 41 M 30
12767 12766 2 10 51 M 20
12770 12769 2 4 22 O 10
12772 3206 2 3 17 O 10
6692 15327 2 12 66 O 10
15327 12760 2 3 16 O 30
12712 6653 2 13 70 O 20
12714 12634 2 5 23 O 20
12715 6678 2 8 43 O 20
12774 12716 2 7 37 O 30
12775 12774 2 7 38 O 10
12774 12719 2 6 28 O 30
12719 12718 2 2 10 O 20
12777 12776 2 11 57 O 20
12675 12667 2 3 14 M 20
12667 12717 2 2 11 O 30
12717 12776 2 3 11 M 20
12776 12733 2 2 8 M 30
12733 12775 2 5 22 M 20
12775 8001 2 6 31 O 10
12671 12670 2 7 35 O 10
12670 6676 2 8 41 O 10
12683 2139 2 3 12 O 20
2139 12676 2 5 23 M 10
12679 12678 2 7 36 M 10
12684 12683 2 4 19 O 30
12683 12681 2 3 11 O 30
12681 12679 2 10 51 O 30
12679 12680 2 6 32 O 30
12681 12682 2 9 46 M 10
12687 12686 2 9 46 O 30
12782 14601 1 7 34 O 10
14601 12781 1 8 39 O 10
12786 12802 1 9 46 M 20
12785 12783 2 3 16 O 30
12787 12786 2 4 20 O 10
12786 12785 2 2 7 O 20
12692 12788 2 4 17 O 30
12691 12789 2 5 28 O 20
12792 12790 2 6 32 O 20
12693 12787 1 9 50 M 20
12787 12692 1 8 39 O 10
12692 12691 1 3 12 O 30
12688 12794 2 9 45 O 30
12802 12782 1 6 29 O 20
12805 12804 2 16 85 O 20
12804 12803 2 16 84 O 20
6281 12807 1 6 28 M 30
12811 3182 2 11 57 M 10
3182 12810 2 8 39 O 30
12814 12813 2 20 107 M 20
12813 12812 2 6 29 O 30
6276 6278 2 2 9 O 30
6278 12815 2 4 21 O 20
6280 6282 2 8 42 O 30
2592 12738 2 6 28 O 20
12741 12740 2 4 17 O 10
12743 2587 2 2 9 O 30
2587 12742 2 2 10 O 10
12745 12743 2 13 71 O 10
12747 12741 2 6 30 M 30
12741 12746 2 6 29 O 30
12749 2590 2 5 24 O 20
2590 12748 2 2 8 O 20
12751 12750 2 5 27 O 30
12756 12751 2 5 26 O 30
12751 12755 2 7 35 M 10
12755 12754 2 14 77 M 10
2607 12796 2 2 7 M 10
12799 2606 2 5 26 O 20
12801 12800 2 13 68 O 20
12816 5341 2 29 159 O 30
12818 13902 2 6 29 O 20
12820 12819 2 8 41 O 10
12823 12822 2 4 18 M 30
12822 12821 2 5 24 M 20
12824 433 2 15 80 O 20
38 12825 2 11 60 O 20
12829 12830 2 6 32 O 30
12832 12831 2 6 33 O 30
423 12832 2 5 23 M 10
12835 16053 2 13 68 O 30
16053 14346 2 10 52 O 30
14346 6939 2 9 48 O 30
2375 12835 2 3 15 O 20
12835 12836 2 9 46 M 20
12842 12841 2 3 12 M 20
12845 12843 2 5 24 O 30
12846 12845 2 6 32 O 30
12847 12852 2 4 18 O 30
12849 12848 2 5 24 O 20
12851 12850 2 6 28 M 30
12854 12852 2 7 37 M 20
12852 12851 2 5 26 M 20
12851 12848 2 10 55 O 30
12848 12853 2 15 82 M 20
12840 12839 2 5 24 O 20
5039 12872 2 16 88 O 10
694 12873 2 18 96 O 30
5023 12878 2 3 15 O 30
12878 12876 2 4 20 M 20
12876 4947 2 10 53 O 20
4947 5028 2 4 18 O 20
4947 5036 1 10 50 O 10
12875 5028 1 10 50 O 10
12877 12876 1 10 51 O 10
12855 12879 2 7 39 O 30
12860 12859 1 11 56 O 20
12859 12857 1 4 20 O 10
16652 12864 1 2 11 O 20
12881 14678 2 6 32 M 10
14678 12880 2 8 39 O 30
684 7685 2 7 37 O 30
12866 14406 1 6 28 M 10
14406 14405 1 8 43 O 10
14405 12866 1 3 14 O 20
12869 12868 2 5 24 O 20
12870 12868 1 3 12 O 10
12868 14337 1 8 42 O 30
12871 4989 1 7 37 M 10
4989 4952 1 8 40 M 10
5019 12870 2 8 42 M 30
12870 15865 2 7 36 O 30
5044 12867 1 8 41 O 10
12867 1991 1 3 12 O 30
1991 4956 1 5 24 O 10
12886 12885 2 7 34 M 20
12889 12888 2 12 65 O 20
6387 6385 2 19 102 O 20
15492 94 2 14 74 O 20
12893 5332 2 9 48 O 20
12894 12899 2 7 39 O 20
5341 1502 2 4 21 O 20
276 12900 1 13 67 O 30
12900 14443 1 7 35 M 30
14443 1867 1 19 104 O 20
1867 14441 1 6 31 O 30
12902 12903 2 7 37 O 30
12904 12905 2 7 37 O 10
12906 12907 2 18 99 O 30
5311 7919 1 33 180 O 30
15792 12912 2 20 109 O 20
12914 12913 2 8 42 O 10
12916 12915 2 9 49 O 30
12917 5285 2 11 57 M 20
5300 12918 2 15 83 O 30
5294 5256 2 11 56 M 10
12922 12921 2 7 35 M 20
12924 12923 2 4 21 O 20
12926 12925 2 6 30 M 20
12928 6384 2 3 13 O 30
6384 12927 2 4 18 O 20
12929 96 2 4 21 O 10
12931 12930 2 7 35 O 10
12932 12933 2 11 60 O 20
12896 12895 2 3 16 O 20
12898 12897 2 5 26 O 30
12936 12935 2 14 77 O 30
592 8225 2 10 50 M 20
8225 15689 2 2 8 M 30
12941 12940 2 21 112 O 20
12942 12945 2 14 73 O 10
12946 12945 2 8 40 O 30
12946 12944 2 5 28 M 30
12947 12946 2 5 26 O 30
12943 16028 2 14 77 O 10
12950 12949 2 3 13 O 30
12952 12941 2 51 282 O 20
12941 12943 2 3 16 O 30
12943 16949 2 6 33 O 30
16949 16028 2 6 33 M 30
16028 12951 2 2 7 O 30
14430 348 1 8 42 O 20
348 14431 1 33 178 O 30
12995 1931 2 4 21 M 10
12996 1848 2 9 45 O 30
1848 5238 2 4 17 O 30
12997 12996 1 16 88 O 20
12996 15788 1 11 60 O 10
12999 12998 2 3 13 O 10
13002 13001 2 7 34 O 30
13004 13003 2 11 57 M 10
13006 13005 1 3 12 O 10
13007 13006 1 2 7 O 30
13009 13008 1 1 5 O 20
6057 13009 1 2 8 O 20
13008 13007 1 6 29 O 10
13011 13010 2 11 56 O 20
13012 1794 2 1 4 O 20
1795 13013 2 16 86 O 10
13016 13015 2 7 37 M 20
5929 13017 1 1 2 O 30
13017 13018 1 2 9 O 10
13018 13019 1 2 8 O 30
13020 7700 2 2 7 O 20
13021 13020 2 3 13 O 20
13022 6044 1 2 9 O 30
13023 13022 1 2 7 O 10
6041 13023 1 1 5 O 10
13024 5164 1 3 14 O 30
13025 13024 1 1 4 O 30
13027 13026 2 8 39 O 30
12954 13028 2 10 51 O 30
4530 4522 1 5 23 O 30
4522 4537 1 11 61 O 20
6045 12982 2 7 39 O 30
12956 12955 2 5 24 O 20
12958 12957 2 5 27 O 30
12959 12960 1 5 25 O 30
5931 12962 2 6 28 O 30
12964 12963 2 4 20 M 20
12966 12965 2 4 20 O 30
12968 12967 2 4 21 O 10
12969 5928 2 4 21 O 10
5927 6038 2 5 23 O 10
12957 1797 1 3 12 M 20
1797 5926 1 24 130 M 20
5926 5925 1 3 16 O 10
5925 5922 1 15 82 M 20
5933 5931 2 5 25 O 20
12970 12974 2 2 10 O 30
12971 12970 2 2 7 O 30
12973 12972 2 13 67 M 20
12976 12975 2 15 80 O 10
16758 1809 1 4 17 O 30
1809 12978 1 4 18 O 20
12978 12979 1 10 51 O 10
12981 7692 2 3 14 O 30
12980 12981 2 1 4 O 30
12984 12983 2 7 38 O 20
6049 6052 2 4 18 O 30
6049 12986 2 2 11 M 10
6038 6040 2 4 17 O 10
6040 5929 2 4 21 O 30
12988 12987 2 4 19 O 10
1933 12989 2 7 35 M 30
12991 12989 2 7 37 O 30
12989 12990 2 4 22 O 20
12992 12993 2 4 22 O 20
5210 1885 2 9 46 O 10
13029 7689 1 1 4 M 20
4536 5195 1 2 10 O 30
5195 14468 1 7 34 O 20
14468 5219 1 6 31 O 10
5219 14466 1 4 19 O 10
14466 14464 1 10 51 M 10
14464 267 1 1 3 O 10
267 7948 1 17 94 O 10
7667 4526 1 15 80 O 20
4526 13035 1 4 22 O 10
13035 13032 1 6 31 O 20
13032 5168 1 2 10 O 20
5168 13030 1 9 45 O 20
13030 4536 1 11 56 O 10
13031 14470 2 3 12 O 30
14470 13030 2 5 24 O 30
13033 13032 2 6 31 M 30
13038 13036 2 4 21 M 30
13036 13034 2 5 26 M 20
13036 13035 2 5 23 M 10
13037 13036 2 5 23 O 30
4528 13039 2 3 17 O 30
3628 4022 2 5 24 O 30
4022 5182 2 15 82 O 20
13041 13042 2 11 60 O 30
5187 5165 1 19 100 O 30
13049 392 2 1 4 O 30
13050 391 2 1 4 O 10
13081 13080 2 7 35 O 10
13083 13084 2 6 30 O 30
13087 13086 2 5 25 O 20
13089 13088 2 6 31 O 30
13091 15773 2 7 36 O 20
15773 13090 2 1 3 O 20
13051 15905 2 6 32 O 20
13054 13053 2 8 43 O 10
13056 13055 2 8 42 O 20
13058 13057 2 9 45 O 30
13060 13059 2 9 46 O 10
13062 13061 2 9 46 O 20
13120 9879 2 11 57 O 20
13066 13065 2 6 31 O 30
13068 13067 2 6 32 M 10
13077 13069 2 6 33 O 10
13078 13070 2 7 38 O 10
13072 13071 2 4 20 M 30
13074 13073 2 6 32 O 20
13076 13075 2 6 32 O 30
306 13078 2 12 63 O 20
13078 13077 2 8 43 O 10
13077 13068 2 3 15 O 30
13068 13064 2 3 14 O 10
13064 13065 2 6 31 M 30
13117 13092 2 27 145 O 30
13118 13070 2 28 151 O 30
9881 13046 2 2 10 O 30
13046 13095 2 3 17 O 20
13095 5340 2 3 13 M 20
5365 9881 2 3 16 O 10
13132 13131 2 3 15 M 30
5366 3067 2 14 74 O 10
3067 13048 2 12 66 M 10
13095 13094 2 7 34 O 20
13094 13093 2 12 66 O 30
13046 13045 2 7 34 O 30
13045 13096 2 12 66 O 10
13048 13047 2 32 175 O 20
13047 5369 2 2 9 M 30
5369 13048 2 24 133 O 10
13131 13045 2 2 11 O 30
13045 13094 2 3 17 O 10
5309 5291 2 12 62 M 30
394 1323 2 3 16 O 10
1323 13097 2 8 43 O 30
13100 13099 2 8 43 M 30
13102 13101 2 7 38 O 20
5301 13103 2 7 36 M 20
9873 13054 2 8 43 M 20
13054 5271 2 2 10 O 10
5271 6491 2 8 43 O 10
13105 13104 2 4 19 O 30
13107 13106 2 8 41 M 10
13109 13108 2 7 34 O 10
13111 13110 2 8 40 O 30
13114 13112 2 7 35 O 10
13115 13114 2 8 41 M 10
13114 13113 2 2 8 O 20
13135 13116 2 7 38 O 30
13122 13121 2 9 47 O 30
13126 13124 2 3 12 M 30
5265 13126 2 13 68 O 10
13126 13125 2 10 53 O 30
13128 5272 2 5 25 O 20
13127 13128 2 4 19 M 30
13129 13127 2 2 10 M 20
13136 13137 2 6 30 M 10
8621 13156 2 3 12 O 20
13158 13157 2 7 37 O 20
13159 4588 2 6 30 M 30
13161 13160 2 6 28 O 30
13162 4605 2 4 19 M 20
13164 13163 1 20 106 O 20
13138 13165 2 11 56 O 20
4617 4648 2 7 35 O 30
512 13139 2 4 18 O 30
13142 13141 2 8 43 O 20
13141 13140 2 5 25 O 10
13140 13142 2 4 18 O 20
13142 13143 2 6 33 O 30
13145 13144 2 7 34 O 20
13149 15588 1 7 36 O 30
15588 13148 1 5 25 O 20
13150 14244 2 12 62 O 20
13152 13151 2 6 30 O 30
13153 13154 2 8 41 M 10
13181 13179 2 7 34 O 30
13182 13181 2 7 35 O 10
13184 13183 2 9 45 O 30
4647 4598 2 2 9 O 10
4598 569 2 9 47 O 30
569 4677 2 1 4 O 10
4726 13164 1 12 62 O 20
13164 4697 1 6 30 O 10
4676 4702 1 7 37 O 10
4623 15606 2 12 64 O 10
15606 4712 2 4 21 M 10
4712 4676 2 4 21 O 30
4676 4642 2 13 69 O 20
4642 16057 2 1 3 O 20
16057 4726 2 10 54 O 10
4726 4690 2 7 34 M 30
1196 4493 2 14 76 O 10
4708 4497 2 3 12 M 10
13167 13166 2 3 15 O 10
13168 14181 2 7 37 O 30
13171 13170 2 4 18 M 30
13173 13172 2 3 15 O 10
13175 13174 2 4 18 M 30
4722 4725 1 15 83 O 10
5706 4721 2 5 25 O 30
13176 13197 2 3 15 O 20
13200 13199 2 6 31 M 20
14902 4655 1 9 47 O 30
4655 966 1 1 2 M 10
966 4684 1 6 30 O 20
4684 8152 1 4 20 M 10
8152 4709 1 3 12 O 20
4709 4725 1 6 32 O 20
4725 15854 1 5 24 O 20
15854 14899 1 1 5 O 30
14899 961 1 2 6 O 10
961 14898 1 6 28 O 10
14898 4719 1 5 25 O 10
13202 13201 2 5 26 O 10
13185 13203 2 10 51 M 30
13186 4720 2 11 58 M 30
954 13188 2 5 24 O 30
13190 13191 1 5 27 O 20
13195 13194 2 4 22 O 20
13205 13204 2 6 31 O 10
13208 13207 2 5 23 O 10
13636 13209 2 4 19 O 10
13213 13212 2 5 24 M 10
13216 1125 2 4 19 M 10
1125 13215 2 1 5 O 30
13218 13217 2 4 19 O 20
13219 13218 2 3 12 O 20
13217 1047 2 5 23 O 20
1047 13196 2 1 5 O 30
13220 1052 2 9 49 O 20
4790 8924 2 10 51 O 10
13223 13224 2 9 45 O 30
13224 13225 2 3 13 O 20
13225 13223 2 5 24 O 10
13223 13226 2 3 16 O 30
13229 13228 2 18 96 O 10
13231 13230 2 8 43 O 10
13233 7139 2 10 55 O 20
7139 13232 2 11 61 O 20
13234 6342 2 16 86 O 20
13237 13236 2 8 43 M 10
13240 13239 2 11 56 O 20
13242 13241 2 4 22 M 20
13244 13243 2 10 53 O 10
13245 7135 2 7 35 O 10
7160 7133 2 10 52 O 10
9732 13923 2 29 160 O 30
13247 13238 2 7 34 O 20
13249 13248 2 5 25 O 10
13254 13253 2 7 35 O 20
13256 13255 2 8 42 M 20
13257 7216 2 11 57 O 30
4943 13258 2 6 29 O 10
13261 13260 2 14 74 O 30
13263 13262 2 12 66 O 20
13264 10846 2 6 31 O 20
13265 13986 2 15 78 O 20
13267 13266 2 5 22 O 20
13270 13269 2 7 34 O 30
13928 13273 2 11 56 O 30
3663 16553 2 9 50 O 10
10655 13307 2 5 24 O 10
13309 13308 2 5 24 O 20
14978 13310 2 6 31 O 10
13310 5725 2 4 22 M 20
13311 13310 2 4 21 O 20
5747 13312 2 7 34 O 10
14977 14975 2 3 12 O 20
14975 13313 2 6 30 M 10
13315 13314 2 12 61 O 10
13317 13316 2 5 25 M 20
13275 13274 2 8 43 M 20
13276 13280 2 6 29 O 10
13282 13281 2 7 38 O 30
13326 13283 2 9 48 O 30
14985 13327 2 14 75 O 30
13318 5731 2 8 43 M 30
10866 13319 2 4 17 O 10
13321 13320 2 7 36 O 10
13323 13322 2 5 27 O 20
13325 13324 2 6 28 O 10
13285 13284 2 8 42 O 30
13288 13287 2 7 38 O 10
10924 13289 2 5 23 O 20
13291 13290 2 6 28 O 10
13294 13292 2 4 21 O 10
13295 13294 2 4 17 O 20
13294 13293 2 3 12 O 20
13297 13296 2 5 26 O 20
13299 13298 2 5 27 O 20
13296 13298 2 3 17 O 30
13298 13300 2 7 37 M 30
13302 13301 2 7 37 M 30
13303 13304 2 6 32 O 10
13305 13306 2 9 45 M 20
13329 13328 2 13 70 O 30
13338 13331 2 7 39 O 30
13332 13330 2 15 80 O 10
13334 16534 2 24 130 O 10
16534 13333 2 3 12 O 20
13332 16537 2 2 6 M 20
16537 13335 2 9 46 O 10
13332 13336 2 5 23 O 10
13336 16535 2 3 14 O 10
16535 13337 2 6 31 O 20
13337 13334 2 6 29 M 30
13334 13338 2 4 22 O 10
13338 16533 2 4 20 M 10
13341 13340 2 4 17 O 10
13349 13342 2 6 31 O 20
13348 13341 2 10 55 O 20
13341 13349 2 7 35 O 20
13349 13352 2 7 37 O 30
13352 13351 2 12 63 O 20
13353 13352 2 10 51 O 20
13356 13355 2 6 33 O 10
13358 13357 2 11 59 O 20
13345 13343 2 2 8 O 10
13343 13344 2 2 6 M 20
13360 13347 2 8 44 O 20
1519 9140 2 8 40 O 10
13370 338 2 5 24 O 20
338 13369 2 3 16 M 30
14487 13371 2 11 58 O 30
13373 13371 2 5 22 O 10
13371 13502 2 9 49 O 30
13376 13375 2 7 34 M 20
13378 13377 2 26 139 O 20
13381 13379 2 5 25 M 20
13380 13381 2 16 88 O 30
13381 13382 2 6 29 O 20
13384 13383 2 7 36 O 10
13386 13385 2 7 34 O 30
13388 13387 2 11 60 M 10
13391 13387 2 5 26 O 10
13387 13390 2 6 29 O 20
13390 13389 2 12 64 O 10
13389 13388 2 5 27 O 20
13388 7938 2 3 13 O 10
7938 16092 2 2 10 O 30
16092 16090 2 6 28 O 30
13393 13392 2 9 45 O 30
13395 13394 2 7 34 O 20
6417 13396 2 6 30 M 20
5710 13397 2 9 50 M 10
13365 3980 2 6 28 O 20
3980 15739 2 1 2 O 20
13367 13366 2 9 45 O 20
13399 13398 2 12 65 M 20
2076 13401 2 12 62 O 30
13414 13413 2 14 72 O 30
13416 13415 2 7 33 O 30
13418 16840 2 1 2 O 30
13419 13415 2 11 60 O 30
13415 13418 2 16 87 O 30
13418 13417 2 17 89 O 10
13404 13420 2 10 54 O 10
13404 13403 2 9 49 O 30
13403 13402 2 8 43 O 10
13407 13406 2 24 130 O 20
13411 13408 2 5 26 O 10
8981 13411 2 7 34 M 10
13411 13410 2 7 36 O 20
13610 13412 2 29 160 O 20
13412 16608 2 13 70 M 20
16608 16844 2 2 10 M 30
13354 13421 2 26 139 O 10
13343 13351 2 11 59 O 30
13351 13354 2 21 112 M 10
13354 13356 2 8 44 O 10
13356 13358 2 2 10 O 10
13358 13359 2 3 15 O 10
13612 2160 2 16 85 O 30
2881 2885 2 3 13 O 20
2885 13424 2 3 13 O 20
13424 13422 2 6 28 M 30
13422 13423 2 2 9 O 30
13423 13424 2 2 10 O 30
13431 13430 2 10 52 O 30
13436 9603 2 5 25 O 20
4377 9694 2 9 47 M 30
13438 13437 2 9 48 M 30
13440 13439 2 16 85 O 10
13442 13441 2 5 24 O 10
13427 13425 2 12 62 O 20
13428 13427 2 4 18 O 30
13427 13426 2 9 48 M 30
5104 5127 2 13 67 O 20
13429 6562 2 27 147 O 10
6562 6559 2 3 12 M 10
13433 13432 2 4 20 M 30
13435 13434 2 4 19 O 30
13444 9592 2 9 46 O 10
2285 13465 2 5 27 O 10
13465 13466 2 2 11 O 10
13469 13468 2 4 21 O 30
15039 4847 2 44 242 O 10
7347 7352 2 3 17 O 20
7352 2704 1 16 88 M 30
2704 9194 1 1 1 O 10
9194 7348 1 10 52 O 30
13445 13446 2 4 19 O 20
13446 3152 2 3 14 O 20
13448 13447 2 3 16 O 30
13450 13449 2 3 17 O 30
13452 13451 2 4 20 O 30
16122 13453 2 9 49 M 30
13455 3139 2 10 52 O 10
13457 13456 2 5 25 O 10
13459 13456 2 5 23 O 20
13456 13458 2 5 27 M 20
13470 7356 2 9 47 O 30
13471 13473 2 6 33 O 20
13474 13473 2 1 5 O 30
13473 13472 2 10 55 O 20
13462 13461 2 13 69 O 30
3520 3514 2 2 8 O 30
3514 13462 2 5 24 O 10
13462 3515 2 5 27 O 10
3515 3513 2 1 5 O 30
13477 13478 2 3 16 O 20
2079 13479 2 6 29 O 10
13480 13478 2 10 53 O 10
13482 16328 2 10 51 M 20
9179 13483 2 5 25 O 10
8450 12173 1 3 14 O 10
12173 12159 1 11 59 O 10
12159 5868 1 9 48 O 10
5868 12372 1 15 79 O 30
4787 13487 2 13 69 O 10
8615 8616 1 11 56 O 20
7656 7657 2 4 19 O 10
13499 13500 2 7 38 O 30
4681 13187 2 13 68 O 10
6238 11635 1 2 11 O 30
11635 357 1 9 46 O 20
357 11609 1 6 31 O 20
11609 6237 1 8 40 M 10
354 11611 2 11 58 O 30
11611 5054 2 7 35 O 10
5196 13512 1 7 38 M 20
13512 13510 1 3 16 O 30
13510 8292 1 14 75 O 30
8292 8291 1 6 30 O 10
8291 8290 1 7 35 O 10
8290 8289 1 4 18 M 30
8289 4791 1 17 93 O 10
6389 6392 1 33 179 O 10
13514 4486 1 17 90 O 30
8422 4435 1 27 146 O 20
4509 4608 1 28 153 M 20
12836 16721 1 9 45 O 30
16721 13747 1 20 106 M 20
8351 11490 1 19 101 M 30
4795 7742 1 19 101 M 10
13760 7432 1 6 30 O 20
7432 12340 1 11 57 M 10
12340 4795 1 13 69 O 30
13516 13517 2 11 58 O 30
459 16128 2 18 95 O 10
4496 1495 1 6 32 O 20
1495 1500 1 1 4 O 30
1500 1497 1 3 13 O 30
1497 8166 1 8 44 O 10
15592 14717 1 9 47 O 10
14717 14715 1 25 135 O 10
14715 14714 1 32 175 O 10
13839 14719 1 21 111 O 30
14719 1195 1 17 93 O 10
1195 13840 1 31 167 O 10
13525 13526 2 7 36 O 30
7900 14447 1 17 90 O 20
14447 14939 1 4 17 O 30
13535 13531 1 12 66 O 10
12892 13534 1 14 78 O 30
14938 13862 1 9 49 O 30
14402 14449 1 4 22 O 30
14449 14254 1 11 58 O 30
15514 3898 1 10 51 O 10
3898 4523 1 8 44 O 20
13534 15514 1 1 3 O 30
15514 14939 1 7 35 M 20
13861 13531 1 18 98 O 20
14254 13862 1 18 99 O 10
13529 14249 1 39 214 O 30
15592 13530 1 50 274 O 30
5814 2393 2 2 9 O 10
2393 2367 2 10 54 O 10
2367 14197 2 12 66 O 30
14197 14196 2 6 32 O 20
7915 4818 1 3 15 O 10
8653 13622 2 18 97 O 10
8334 13624 2 4 17 O 10
13624 13625 2 4 18 O 30
8337 8336 2 18 97 O 20
8336 8335 2 6 33 O 10
13627 7450 2 3 14 O 10
13629 13628 1 2 7 O 30
13630 13629 1 4 21 M 10
13628 12334 1 3 12 O 10
12334 12335 1 10 55 O 20
4819 8618 2 4 18 O 30
8609 8610 2 8 42 O 20
4819 6349 2 7 35 O 10
6349 8616 2 6 28 M 10
8616 13192 2 7 34 M 10
6350 8611 1 4 19 O 10
8611 8612 1 4 21 O 10
8639 8641 1 4 22 O 20
8641 8640 1 8 39 O 30
11670 11672 2 3 15 M 30
11673 13633 2 2 9 O 20
8182 13634 2 1 2 O 30
13635 4328 2 1 6 O 20
13637 13636 2 1 3 O 20
13210 13637 2 3 16 O 30
7384 12659 1 13 69 O 10
7382 2617 1 5 23 O 10
2617 12704 1 3 12 O 10
12704 12705 1 5 24 O 30
12705 7383 1 6 31 O 30
7383 7996 1 9 45 O 10
7996 12711 1 2 8 O 30
12711 12659 1 4 21 O 30
13640 13641 2 5 25 O 30
13671 13672 2 9 45 O 20
5748 13673 2 10 54 O 20
13674 13675 2 17 91 M 20
13678 13681 2 5 24 O 20
10784 13682 2 4 17 O 10
13692 7085 2 8 39 O 10
13693 13694 2 18 98 O 20
13698 7079 2 15 78 O 30
13699 13700 2 5 27 O 20
13701 13702 2 4 20 O 20
4803 9720 1 5 24 O 20
9723 4803 1 4 20 M 10
9719 9723 1 5 25 O 20
13704 3569 2 5 25 M 20
3569 6706 2 3 13 O 20
14746 6253 2 9 48 O 20
6253 7479 2 6 31 O 10
8375 11738 1 1 3 O 20
11738 8377 1 1 4 O 10
14253 14938 1 1 2 O 10
14938 13532 1 7 37 O 20
13532 13535 1 1 3 O 10
1922 10340 2 5 26 O 30
10340 6163 2 11 56 O 20
13713 13712 1 4 21 M 20
3621 2820 1 10 54 O 30
2820 6784 1 16 85 M 20
6784 6036 1 11 60 O 10
6036 15433 1 10 50 O 20
15433 15429 1 7 34 O 20
15429 2873 1 5 22 M 30
2873 6736 1 5 24 O 20
13535 13534 1 8 43 O 30
745 744 1 3 14 M 30
8378 8376 1 2 6 O 10
6736 2880 1 8 40 O 10
4818 4890 1 17 93 O 10
4890 13210 1 22 120 O 20
13210 13727 1 2 8 M 30
233 6924 1 31 169 O 30
3696 7271 2 2 7 O 30
7271 13728 2 3 12 O 10
10043 14044 2 15 81 O 10
14044 10922 2 17 92 O 30
10922 7266 2 2 8 O 30
4316 15754 1 3 16 M 20
15754 13742 1 4 19 O 20
4577 15692 1 9 49 M 20
4295 4899 1 11 60 M 10
4899 11631 1 10 53 O 20
4574 7453 1 8 40 O 20
4486 8305 1 3 15 M 30
13758 12379 1 7 35 M 20
12379 12374 1 3 14 O 20
12374 12382 1 6 31 O 10
12382 12385 1 1 5 M 10
12385 12387 1 9 48 O 10
12387 15497 1 8 44 O 30
4546 6927 1 3 15 O 10
4558 13800 1 12 66 O 30
7480 4577 1 2 9 O 20
8284 15694 1 2 8 M 30
15694 7480 1 9 49 O 10
5014 9823 2 22 117 O 30
9823 13605 2 20 110 O 30
13492 13491 1 3 12 O 10
6366 4768 2 17 91 O 20
4768 9582 2 2 8 O 20
9582 4212 2 14 76 O 20
10634 3659 2 22 122 O 10
3659 7173 2 6 29 M 30
7173 9734 2 17 89 O 10
9734 9732 2 11 59 O 20
9732 5742 2 25 134 O 20
5771 10708 2 6 29 O 30
10708 2991 2 4 17 O 30
2991 2989 2 6 31 O 20
2989 5910 2 6 30 O 20
5910 10705 2 8 42 O 30
10705 3110 2 13 67 O 20
3110 5763 2 8 39 O 20
5763 10625 2 15 79 O 30
10625 10721 2 1 5 O 30
10721 7206 2 17 92 M 30
7206 5780 2 4 19 O 10
8057 13680 1 3 14 M 30
7578 8059 1 5 23 M 20
4495 13743 1 4 21 M 30
5464 5407 2 4 18 O 20
5396 62 2 28 151 O 30
62 5409 2 5 25 O 10
4843 7669 2 5 25 O 20
7669 9414 2 7 34 O 20
9414 9408 2 14 75 O 30
9408 4409 2 4 21 M 20
4409 9206 2 23 125 O 20
9206 9425 2 1 3 O 30
9425 9426 2 13 68 M 10
9426 16094 2 3 16 O 30
16094 15584 2 5 28 O 10
15584 8080 2 5 24 O 20
4862 9202 2 25 135 O 30
9202 3150 2 2 10 O 10
3150 7342 2 11 61 O 20
7342 4863 2 10 54 O 20
4863 9498 2 5 26 O 10
4699 5404 2 8 43 O 20
4864 13768 2 2 8 O 10
3487 4864 2 17 93 O 30
9395 9471 2 12 65 O 30
9471 4860 2 10 53 M 10
13526 13521 2 1 5 O 20
4499 4443 2 7 38 O 20
6236 7491 1 9 48 M 30
7491 4296 1 18 95 M 20
13768 14551 2 1 4 O 30
14551 13770 2 1 5 M 10
13725 13765 1 11 57 O 20
13765 4785 1 9 49 O 30
8374 4476 1 6 29 O 20
8328 8329 1 2 8 O 20
4565 15686 1 1 5 O 30
15686 13746 1 22 121 O 20
8679 14689 1 13 68 O 20
14689 14686 1 6 30 O 30
14686 6466 1 20 107 M 10
6466 8831 1 6 33 O 20
4575 8514 1 5 26 O 20
8514 11819 1 8 44 O 10
11819 8925 1 9 47 O 10
8925 8924 1 10 51 O 30
8924 15709 1 5 25 O 10
4184 14743 1 8 42 O 10
7947 9998 2 33 178 O 10
9998 10000 2 10 52 O 20
10000 16208 2 20 109 O 10
16208 10009 2 11 61 O 30
10009 604 2 5 23 O 30
604 10007 2 2 7 O 30
10007 6233 2 5 25 O 20
6461 16836 2 7 34 O 10
10132 16825 2 1 2 M 20
7553 8131 1 23 123 M 10
11483 4027 2 12 63 M 20
13718 764 1 2 7 O 10
764 5889 1 8 41 O 20
5889 4290 1 16 84 O 20
4556 4798 1 13 67 O 30
15261 4750 2 7 36 O 30
4750 16935 2 3 13 O 30
15262 13780 1 6 30 M 30
4751 15261 1 4 17 O 20
13782 13781 1 1 3 O 10
13781 7604 1 2 8 O 10
7604 7605 1 3 14 O 30
7605 13783 1 2 10 O 30
13783 13780 1 4 18 O 20
13780 4751 1 1 5 O 10
4751 13782 1 2 6 O 10
13785 16770 2 5 23 O 20
13784 13785 2 24 130 O 10
13787 13786 2 9 47 O 10
13789 13788 2 14 74 M 30
6393 6394 2 6 30 O 10
12891 12890 1 12 63 O 30
8293 3899 1 6 28 M 10
3899 7900 1 2 7 O 10
8132 4228 2 11 58 M 30
6397 16786 2 6 33 O 30
3410 13513 1 51 281 O 20
6891 4226 2 9 50 O 20
16774 106 1 7 34 M 30
106 6892 1 3 14 O 10
14131 5235 2 12 64 M 30
12837 4284 1 14 77 O 30
15722 8484 1 3 13 O 20
8484 7676 1 2 6 O 30
7436 14421 1 11 56 O 20
14421 15867 1 2 6 M 10
15867 8274 1 2 7 O 10
8377 744 1 1 5 O 20
744 15724 1 4 21 M 10
15724 11737 1 6 30 O 10
11797 745 1 6 32 O 10
745 8378 1 1 5 O 30
5873 768 1 10 53 O 30
768 7485 1 17 91 O 10
11731 3219 1 5 28 O 20
3219 7442 1 17 92 O 10
7442 13718 1 7 37 O 20
7625 3974 1 7 34 O 30
3974 5873 1 7 36 M 20
4290 4289 1 6 29 O 30
8380 7625 1 5 26 O 10
13792 5874 2 3 12 O 20
8386 8394 1 5 26 O 20
8489 5957 1 11 56 M 20
8376 742 1 2 6 O 30
742 8489 1 5 23 O 30
8381 7438 1 14 77 M 30
7438 11713 1 10 51 O 30
11713 743 1 14 74 O 30
743 8375 1 2 6 O 10
7437 7436 2 6 28 O 30
7681 12961 1 3 12 M 30
13137 5923 1 31 170 M 20
12838 12837 1 11 61 O 10
4284 8315 1 40 221 M 20
14352 13485 1 11 56 O 10
5169 7667 1 27 148 O 20
12830 12834 2 11 60 M 30
7667 4519 1 15 81 O 20
4519 7901 1 17 93 O 10
6939 14354 1 11 61 O 10
7901 13043 1 12 62 O 20
4516 13791 2 4 17 O 20
13043 8384 1 7 34 O 10
7439 6261 1 6 31 M 20
6262 7439 1 2 11 M 10
4710 4682 1 18 95 O 20
13198 5707 1 9 49 O 20
13197 13198 2 3 16 O 20
4721 4606 1 6 33 M 10
4606 4673 1 6 31 O 20
4673 967 1 6 29 O 10
967 4674 1 1 3 O 20
4674 5707 1 9 48 O 30
4433 4710 1 5 23 O 20
4629 564 2 1 4 M 10
4646 4682 2 6 29 O 10
5021 12821 2 8 42 O 10
12821 5043 2 17 89 M 10
5043 38 2 1 4 O 20
38 3977 2 5 23 O 30
3977 421 2 2 9 O 10
421 14337 2 1 3 O 20
14337 4436 2 7 39 O 30
4436 3465 2 7 36 O 30
3465 7531 2 4 19 O 30
7531 14338 2 5 27 O 30
14338 12827 2 11 61 O 20
12827 4435 2 4 18 O 10
4690 4696 2 5 24 O 20
4686 4593 2 5 26 O 30
4540 13143 1 4 17 O 30
8632 4627 1 12 63 M 10
8239 4433 1 5 27 M 20
4694 4509 1 11 61 O 30
13794 4509 2 7 36 O 20
13148 4694 1 6 29 O 30
4602 4626 1 6 30 O 30
4635 4650 1 17 94 O 30
4627 515 1 7 39 O 30
515 4635 1 14 74 O 20
4703 4635 1 3 15 O 30
13143 8632 1 9 49 M 20
7950 12921 2 28 150 O 20
12921 12923 2 5 26 O 20
12923 7953 2 1 4 M 20
5171 5181 2 27 145 M 10
5181 5167 2 3 12 O 20
5167 5227 2 11 61 O 10
5227 12995 2 5 24 O 30
12995 1758 2 2 8 M 10
1758 16069 2 9 45 O 10
16069 13044 2 4 18 O 30
13044 1793 2 10 52 M 20
1793 5234 2 1 4 O 20
5234 5250 2 5 23 O 10
5250 6055 2 8 41 O 30
6055 5241 2 2 10 O 10
5241 5248 2 9 50 M 20
5248 5178 2 11 56 M 20
5178 5166 2 11 60 O 10
13098 5302 2 28 154 O 30
11919 11865 2 5 28 O 20
11865 15880 2 6 32 O 20
5813 14195 2 1 5 O 20
14195 13831 2 8 41 O 20
13831 2398 2 8 40 O 20
2398 16714 2 3 12 O 20
16714 13736 2 2 10 M 20
13736 11169 2 2 7 O 10
11169 15472 2 8 39 O 10
15472 8105 2 9 46 O 30
8105 5807 2 9 49 M 20
5791 5787 2 13 71 M 10
5787 7203 2 7 35 O 10
7203 7234 2 7 38 M 10
7234 5780 2 8 44 O 10
7115 7105 2 10 51 O 20
16911 13992 2 1 3 M 20
7118 7151 2 1 5 O 20
16508 6777 2 6 31 O 20
6777 4748 2 11 59 O 20
11036 14067 2 6 30 O 20
14014 13958 2 32 173 M 10
13958 16527 2 10 52 O 10
16527 13944 2 1 2 O 20
13944 15300 2 6 31 O 10
15300 14008 2 4 20 O 10
14008 6695 2 12 63 M 20
16515 14092 2 7 35 O 10
14092 14091 2 14 75 O 30
11052 11051 2 4 17 M 20
15133 10994 2 6 32 O 30
16018 14062 2 16 87 O 10
8801 8802 2 5 25 O 10
8842 8809 2 7 35 O 20
8809 8810 2 23 127 O 20
13924 10650 2 11 56 O 10
4312 4304 1 7 37 O 20
4304 4993 1 17 93 O 20
5003 4318 1 17 92 O 10
4469 8428 1 11 59 O 20
6864 6836 1 4 22 O 20
6745 11046 1 14 76 O 10
11046 6749 1 1 3 M 20
6749 4748 1 7 36 M 20
4741 11271 1 14 76 O 30
11271 1633 1 15 82 O 10
1633 11194 1 12 65 O 30
11194 1636 1 10 55 M 30
1636 6615 1 6 28 O 10
6615 11185 1 21 117 O 20
11185 6593 1 5 24 O 30
6593 15776 1 9 45 O 10
7940 15756 2 3 16 O 10
15756 9099 2 1 5 O 30
9099 2171 2 11 57 O 30
2171 7941 2 11 59 O 30
13745 4568 1 16 85 O 20
6416 6414 2 30 165 M 20
14661 4573 1 7 37 O 10
13726 4828 1 17 93 M 30
6644 2572 1 17 91 M 10
2572 4425 1 12 61 M 20
6599 6644 2 5 25 O 30
13799 13800 2 15 81 M 20
13800 6644 1 9 50 O 10
6583 6586 1 8 44 O 20
6586 6617 1 5 25 O 20
4283 6612 1 5 23 O 30
6601 6619 1 7 34 O 10
6619 4283 1 4 19 M 30
6601 6645 2 4 19 O 10
6592 6645 1 5 24 O 20
13803 6645 2 6 31 M 10
6584 6614 2 1 5 O 20
6614 6596 2 5 25 O 10
6596 6606 2 8 44 O 20
6590 6603 1 4 20 M 10
15377 6608 2 9 50 O 10
13806 13805 1 2 10 O 20
13807 13806 1 2 10 M 30
13805 13623 1 27 145 O 20
9901 13808 1 8 40 O 30
13812 4281 2 3 14 O 10
16565 13809 1 15 81 M 30
13811 16565 2 29 158 M 30
16565 13810 2 1 3 O 30
13810 13812 2 1 2 O 20
6595 6621 2 4 19 M 30
13816 13815 2 4 18 O 10
13818 13817 2 3 15 O 20
3277 13819 2 7 37 O 30
6598 15377 1 3 13 M 20
15377 3286 1 7 38 O 10
3286 13821 1 5 27 M 20
2370 13824 2 8 42 O 30
13824 13823 2 6 31 O 20
11153 11154 1 8 41 O 30
4865 4866 2 14 72 O 10
4866 14023 2 8 42 O 30
14023 4869 2 13 67 O 10
13825 4866 2 9 45 O 30
14024 14025 1 23 127 O 20
13826 13828 2 6 28 O 30
13830 13829 2 6 28 O 10
7373 11310 1 1 3 M 20
11310 7374 1 5 27 M 30
11267 11266 2 7 36 O 10
11264 11159 2 5 24 O 20
5810 11234 2 8 43 O 20
11234 11264 2 1 5 O 20
8324 11159 1 17 91 O 10
13900 4322 2 10 54 O 20
11490 4322 1 17 91 O 10
8036 8029 1 2 11 O 30
8044 8036 1 5 25 O 30
7126 16908 2 1 2 O 30
14845 14846 1 2 10 M 30
16143 13834 2 3 12 O 30
13834 13835 2 5 26 O 20
13837 13836 2 2 6 M 20
7122 13992 2 3 16 O 30
13992 16906 2 15 80 O 20
16900 7171 2 2 9 O 10
7171 7088 2 11 60 O 10
14260 14261 1 3 17 O 10
7889 7890 1 2 8 O 10
7881 7885 1 4 18 O 10
7888 7882 1 1 3 O 10
7893 7892 1 3 12 O 20
8029 8028 1 5 23 M 20
4949 11920 2 2 8 O 20
5742 5749 2 2 9 O 10
7455 16432 2 23 126 O 20
16432 16431 2 21 115 M 30
16431 7576 2 26 141 O 30
8061 8060 1 6 28 O 20
8060 15332 1 4 19 O 20
6598 9901 1 21 113 O 20
9901 9900 1 4 17 O 30
4810 10961 2 2 7 O 20
10961 10960 2 6 28 O 30
10960 4808 2 3 16 M 20
4808 4745 2 9 48 O 10
4745 6620 2 5 25 M 10
6620 4746 2 9 47 M 30
14035 3307 2 10 52 O 20
3307 14026 2 2 10 O 20
14026 3306 2 3 12 O 10
3306 13827 2 10 52 O 10
13827 7487 2 2 10 O 20
7487 13339 2 18 95 O 10
13339 3348 2 10 53 O 30
3348 16667 2 17 91 O 10
16667 16538 2 5 25 M 30
16538 3246 2 4 19 O 30
9874 5228 2 6 33 O 30
5286 9873 2 14 74 O 30
7588 10815 2 2 8 O 20
10815 14043 2 10 53 O 20
14043 13821 2 8 40 M 20
13821 10810 2 6 30 O 10
10810 4809 2 8 44 O 10
4809 10957 2 4 21 O 30
10957 4811 2 6 28 M 10
4811 4810 2 6 33 O 30
4287 7682 1 5 22 O 20
13838 13846 1 24 130 O 30
13841 13840 1 32 176 O 10
4250 13843 1 42 229 O 30
4251 13528 1 32 176 O 20
13528 13529 1 46 255 O 10
13841 13844 1 58 319 O 30
13849 13848 1 4 22 O 10
13852 13851 1 5 25 O 20
13851 13850 1 1 3 O 30
13856 13855 1 5 25 O 30
13846 13845 1 5 25 O 30
13857 13854 1 61 336 O 10
13530 13857 1 84 466 M 20
13528 13859 1 49 272 O 30
13865 13198 1 9 50 O 10
13850 13849 1 3 13 O 30
13855 13854 1 2 6 O 10
13854 13853 1 1 3 M 10
13853 13852 1 1 3 O 10
4867 13866 2 2 7 O 10
13867 16000 2 6 28 O 30
7606 7607 2 42 233 O 30
7607 16936 2 19 104 O 10
13868 13869 2 23 126 O 20
8850 3375 2 12 65 M 10
3375 16002 2 2 6 O 10
16002 13868 2 1 5 M 10
13868 3376 2 4 20 O 10
3376 7606 2 9 45 O 20
8113 8114 2 6 32 O 10
8114 8115 2 7 34 O 20
8115 8117 2 6 32 O 10
8117 8118 2 10 51 O 10
8118 5697 2 8 42 O 10
13873 13880 2 5 23 O 20
13870 1113 2 5 27 O 10
1113 13875 2 9 46 M 20
13878 16237 2 4 17 O 30
16237 16235 2 6 33 O 10
16235 6129 2 15 79 O 30
6129 9742 2 11 58 O 20
9742 587 2 6 30 O 20
587 9743 2 17 93 O 30
9743 9047 2 7 37 O 10
6128 13878 2 9 47 M 20
13879 8469 2 7 34 O 20
13880 13879 2 3 16 O 20
13881 1586 2 4 22 O 10
13882 13881 2 2 8 M 10
15759 13882 2 6 33 O 10
14427 8290 2 3 14 M 10
13885 13884 2 3 15 O 10
14427 13883 2 2 10 O 10
8291 13885 2 2 11 M 20
15817 13886 2 8 42 O 10
5362 1706 2 20 107 O 30
13888 13887 1 16 88 M 20
13368 771 2 2 6 O 10
771 777 2 36 195 M 10
777 16765 2 2 11 M 20
9069 9070 2 2 6 M 20
9781 1533 2 10 53 O 20
1533 1490 2 18 95 O 10
9172 9171 2 17 92 O 10
13611 13612 2 16 89 O 30
13612 13350 2 7 37 O 30
13350 13345 2 7 37 O 10
13352 13350 2 9 46 M 30
5692 5684 2 8 42 O 10
5682 5625 2 7 39 O 10
5526 13376 2 13 69 O 10
13376 5646 2 5 26 M 10
5646 5679 2 10 50 O 30
5679 5524 2 4 18 O 10
5677 5649 2 30 164 O 30
5649 5624 2 8 41 M 20
5716 9962 2 4 17 O 10
7731 9165 2 21 115 O 20
9165 1999 2 14 74 O 20
1999 9166 2 10 50 O 20
9166 5716 2 3 11 O 30
5711 9952 2 14 73 O 20
9952 5715 2 2 10 M 30
6508 6490 2 14 75 O 10
6490 6478 2 8 43 M 30
5555 5584 1 6 29 M 30
5584 5611 1 9 49 O 20
9123 9122 2 9 46 O 10
4412 4410 1 17 93 M 10
9442 4411 1 7 39 M 20
4410 14649 1 7 35 O 20
14649 9434 1 8 41 O 30
9434 14651 1 8 39 O 30
14651 8209 1 11 57 O 10
9488 15580 2 19 101 O 10
15580 9490 2 5 27 O 30
9490 15582 2 1 3 O 20
15582 4863 2 9 49 O 20
9189 9188 2 23 124 O 30
9457 2666 2 6 32 M 10
2666 9458 2 3 14 O 10
7280 7294 2 14 74 O 10
16462 14997 2 19 105 O 30
14997 7346 2 8 41 O 10
7346 16433 2 3 13 O 30
16433 16916 2 1 4 O 10
9352 6003 2 15 83 O 30
9342 4400 2 9 46 O 30
5095 5158 2 11 58 O 10
5093 9629 2 9 45 M 10
6552 9852 2 7 38 O 20
9852 15733 2 4 21 O 20
15733 16223 2 6 28 O 20
16223 6576 2 2 6 O 10
5937 8481 2 11 60 O 10
8481 5943 2 9 49 O 10
5943 5942 2 5 23 M 30
5942 5945 2 6 32 O 10
13521 13522 1 14 75 O 20
13522 14243 1 7 39 M 10
14243 13520 1 13 69 O 20
13520 13519 1 9 47 O 30
13519 14244 1 8 43 O 10
14244 520 1 22 117 O 20
520 13523 1 10 50 O 30
13523 13858 1 24 131 O 30
13858 13860 1 43 237 O 30
13860 13859 1 13 69 O 20
4675 13522 2 21 113 M 20
4475 4440 2 9 46 O 20
4451 408 1 25 138 O 10
7658 8579 1 6 31 O 10
4501 4504 1 4 22 M 30
14327 8294 2 2 7 O 20
8294 5961 2 12 62 O 20
8512 8508 1 3 12 O 20
4607 8633 1 6 30 O 30
4316 6236 2 2 10 O 30
13910 13909 2 2 8 O 10
13909 13908 2 2 9 O 20
6083 13467 2 2 8 O 10
7481 15177 1 3 15 O 20
4774 8456 1 3 12 M 30
8455 4774 1 3 11 O 10
5052 12032 1 9 46 O 10
12032 13916 1 8 40 O 30
13916 5047 1 6 32 O 20
5047 1685 1 3 14 O 10
1685 5009 1 2 7 O 20
5009 5004 1 3 12 O 10
5004 5011 1 5 25 O 30
5011 1684 1 1 5 M 20
1684 4968 1 4 20 O 30
14127 2764 2 6 31 O 20
2764 14126 2 8 42 M 30
14128 8060 1 4 19 O 30
8061 14128 1 5 23 O 10
14199 14198 2 4 20 M 30
11659 11657 1 3 13 O 20
11657 14202 1 4 18 O 30
12942 14203 2 4 19 O 20
8614 8611 1 8 40 O 10
14212 14210 2 13 69 O 30
4332 1274 1 19 103 O 20
1274 4309 1 20 107 O 10
15386 4428 2 30 165 O 10
15602 4828 1 5 25 M 10
14213 11483 2 5 27 O 20
14223 14222 1 4 19 M 30
14225 14224 1 4 21 O 20
14226 14225 1 1 5 O 30
14220 14226 1 6 28 O 10
14221 14220 1 1 5 M 20
14222 14221 1 4 19 O 20
7246 10794 1 2 9 M 10
11277 14221 1 3 12 M 10
14222 14227 1 3 12 O 10
14671 8434 1 18 99 M 10
8434 8433 1 13 68 O 20
8433 6251 1 15 83 O 10
8435 14217 2 1 5 O 10
5770 5795 2 4 18 O 30
5795 10717 2 10 54 M 10
10717 13664 2 3 15 O 10
7188 7190 2 11 59 O 10
4031 13670 1 6 32 O 10
13670 2518 2 1 5 O 10
2518 2520 2 6 32 O 10
4031 14223 1 5 23 O 20
13670 14223 1 6 32 O 10
14229 8331 1 4 22 O 30
8176 14228 1 4 20 M 30
14230 14231 1 9 49 O 30
7752 1297 2 9 46 O 20
1297 7750 2 1 4 O 30
11462 11454 2 8 41 O 20
11454 45 2 1 4 O 10
45 11455 2 3 14 O 10
11455 11452 2 3 16 O 30
9736 13507 2 4 20 O 30
4005 4185 2 1 4 O 10
4185 16672 2 4 20 O 30
4545 8389 1 7 37 O 20
8389 14743 1 13 70 O 20
14235 4614 1 5 26 O 10
4614 14234 1 6 29 O 30
14235 14234 1 4 19 O 20
14240 14239 1 6 30 O 10
14240 14237 1 9 46 M 10
14508 532 2 6 28 O 30
532 529 2 18 97 O 20
529 14518 2 18 100 O 30
14518 14517 2 3 13 O 30
4816 2093 1 7 36 M 20
2093 2100 1 2 10 O 10
2100 14512 1 2 9 O 10
14512 14248 1 19 100 O 20
4451 14243 2 5 27 O 30
14245 13523 2 9 45 O 30
14246 13858 2 7 34 M 30
5498 13860 2 9 47 O 20
4628 8626 2 12 62 M 20
8626 4648 2 7 34 O 20
5492 4659 2 5 26 O 10
407 8628 1 1 2 O 10
8628 4658 1 2 7 O 30
4658 14252 1 2 10 O 30
14252 407 1 2 9 O 10
14252 5498 1 21 116 O 10
13531 13139 1 8 40 M 20
13139 4532 1 11 57 M 10
13861 13532 1 8 42 O 20
8630 8408 1 15 81 O 30
13524 13853 1 36 196 O 30
13839 13838 1 5 23 M 20
14255 11352 2 6 33 O 10
13564 11351 2 8 40 O 10
11351 11352 2 13 72 O 30
4946 11352 1 5 23 M 10
8010 8030 2 12 67 O 20
8039 8041 1 1 4 O 10
8028 14260 1 1 2 M 30
8027 14259 1 8 41 O 10
14262 14258 1 2 9 M 10
14258 14261 1 6 33 O 30
8039 8038 1 5 23 O 20
8038 8043 1 6 30 O 10
14258 7722 1 6 32 O 30
14260 14259 1 6 33 O 10
14259 14262 1 2 9 O 20
15814 7504 1 2 10 O 20
900 15814 1 2 11 O 20
8336 14263 2 8 40 M 20
7655 8371 1 26 139 M 30
14265 14266 2 4 19 O 20
14267 14831 2 3 14 M 30
14266 14267 2 3 12 O 20
13533 14253 1 8 43 O 10
8165 14237 1 3 12 O 30
14237 14236 1 2 8 O 20
14236 14235 1 3 11 O 10
14234 14238 1 1 4 O 30
14238 14233 1 5 26 O 10
14233 8165 1 1 3 O 20
8041 8043 1 3 14 M 20
14288 14289 2 7 37 O 20
14293 6558 2 10 52 O 20
16655 9797 2 7 36 M 10
14294 12891 1 12 63 O 20
14296 14295 2 7 39 O 10
14297 4942 2 7 33 O 30
13783 15262 1 6 30 O 20
15261 13781 1 4 17 M 30
7640 14310 2 3 14 M 10
14310 8774 2 4 17 O 20
7639 14299 2 3 16 M 10
14123 16804 2 26 143 O 10
14303 14306 2 8 41 O 10
10569 10570 2 26 139 M 30
14304 10563 2 8 39 O 20
10564 10565 2 11 59 M 30
10561 10562 2 6 28 O 10
14305 10456 2 2 8 O 10
8698 8697 2 31 167 O 20
14309 8769 2 7 37 M 20
14311 8767 2 20 110 O 30
8767 14301 2 17 92 O 20
14301 14300 2 11 56 O 30
14300 14299 2 4 19 O 10
14299 6200 2 52 288 O 10
6200 7642 2 14 76 O 20
14123 14300 2 8 41 O 20
14123 14122 2 5 22 M 10
14122 14124 2 13 69 O 20
14311 14310 2 3 12 O 10
14312 7651 2 15 83 O 20
8709 14312 2 7 37 O 30
6425 6426 2 6 30 O 30
14314 14313 2 5 25 O 30
14316 14313 2 4 21 O 30
14313 14315 2 5 22 M 20
6438 6427 1 10 55 O 20
14320 14319 2 5 24 O 20
6437 6440 2 7 37 M 10
14322 14323 2 15 79 M 10
14321 14323 1 12 61 M 10
14323 14324 1 18 97 O 20
6452 6449 2 16 87 O 10
14182 5463 1 3 14 O 30
14165 8654 2 8 42 O 30
8654 5464 2 6 32 O 30
14325 5416 2 4 17 O 30
6423 6428 2 18 97 O 20
10033 6440 2 4 17 M 20
6440 10032 2 12 65 O 20
10032 6444 2 14 74 O 20
14328 14327 2 3 12 O 10
14329 14328 2 3 12 O 20
14330 5951 2 7 37 O 10
8511 8512 1 9 46 O 10
8518 14334 2 7 34 M 10
14334 14333 2 3 16 M 20
11233 11232 2 11 60 O 30
7236 464 2 23 123 M 10
464 465 2 12 64 O 10
7698 1881 2 6 33 O 10
1881 12992 2 3 12 O 10
14339 14338 2 12 64 M 20
12828 920 2 2 8 O 30
920 12827 2 22 122 O 30
7531 8308 2 2 8 M 20
8308 14344 2 5 24 O 30
14344 14343 2 9 46 M 30
14343 14340 2 3 14 O 30
14340 6938 2 3 14 O 10
6938 12826 2 9 49 M 20
14342 14341 2 8 41 O 10
8419 8416 1 15 80 O 30
7703 14350 1 6 32 O 20
14348 12892 2 4 17 O 20
4232 14348 2 6 32 O 20
14351 12879 1 7 38 O 20
12879 692 1 1 5 M 20
692 16652 1 2 10 O 10
12862 12861 2 7 35 O 30
3413 14369 2 11 59 O 30
5039 8414 2 5 25 M 20
5923 14352 1 9 45 O 10
13485 5169 1 7 38 O 10
5021 13485 2 2 11 M 20
13486 5021 1 7 38 O 20
14354 12834 1 14 78 O 10
4286 6939 1 19 104 O 10
12834 2984 1 2 9 M 10
2984 416 1 8 43 O 10
416 14353 1 2 9 O 20
14353 13486 1 15 80 O 10
5169 13486 2 2 11 O 20
8272 5884 2 6 31 O 20
14356 14355 1 8 39 O 30
14358 14355 1 4 17 O 20
14355 14357 1 4 20 O 20
8271 14356 1 3 13 O 30
14356 14357 1 5 27 O 20
14357 8272 1 4 20 O 30
8269 14358 1 7 39 O 20
14358 8268 1 5 25 O 30
8278 8279 2 5 23 O 30
7495 8276 1 13 72 O 20
14360 14359 2 9 47 O 10
817 14363 2 5 25 O 30
14364 14365 2 8 43 O 20
14367 14366 2 8 41 O 30
8129 7681 1 5 24 O 10
14375 14374 1 5 27 O 10
14378 5488 2 9 46 O 20
14380 14381 2 8 44 O 10
7804 7803 2 3 16 O 10
14386 14385 2 5 26 O 20
5403 10612 1 23 126 O 10
5393 5401 2 15 80 O 30
10587 5401 2 10 55 O 30
5455 5437 2 9 49 O 20
14389 14390 1 25 135 O 20
14392 14395 2 12 66 M 20
14394 7809 2 10 55 O 10
7809 1857 2 5 23 M 20
1857 1859 2 11 58 O 30
1859 7808 2 18 98 M 20
14404 14395 2 9 47 O 20
14395 7808 2 6 32 O 10
7808 1824 2 2 6 O 20
1824 7670 2 7 34 O 20
1769 8687 2 27 147 O 30
8687 14397 2 3 12 O 10
14383 14404 1 6 32 O 20
14404 14403 1 13 71 O 30
14403 14398 1 10 51 O 20
14398 14399 1 7 39 O 30
14399 1403 1 1 5 O 30
1403 14402 1 18 95 O 10
13533 14375 1 9 46 O 10
14375 14372 1 10 51 O 30
14372 14376 1 8 44 O 10
14376 13722 1 10 53 O 30
14406 12865 2 2 8 O 20
12867 12866 1 15 83 O 20
11767 11765 2 4 22 O 30
14407 7511 2 7 34 O 10
5522 2842 1 9 45 O 20
2842 7508 1 8 43 O 10
14409 14408 2 5 22 O 10
8170 7360 1 6 31 M 10
7360 5886 1 10 53 O 10
14414 14413 2 3 13 O 30
11719 11718 2 3 13 O 20
11721 11720 2 4 20 O 20
8267 8279 1 4 20 M 20
8279 14363 1 5 26 M 20
14363 7445 1 5 26 O 10
6259 6260 2 18 98 O 20
14416 14417 2 4 17 O 30
14418 7367 2 6 32 M 30
7367 898 2 3 12 O 20
898 11688 2 4 19 O 20
8248 14420 2 8 39 O 20
7437 22 2 5 23 O 30
15867 14423 1 3 13 O 30
8385 8387 2 5 26 O 30
11770 11768 2 5 27 O 20
11775 11776 2 6 32 O 20
5519 8393 1 6 32 O 30
14424 11766 2 5 25 M 10
14425 14426 2 7 37 O 30
13884 14427 2 1 4 M 10
8288 394 2 8 44 O 30
12953 14431 1 24 132 M 20
14429 12953 1 22 122 O 30
14433 5196 2 3 15 M 20
8285 14437 1 3 17 O 10
14432 8286 1 2 11 O 10
14437 14435 1 1 2 O 30
14435 14436 1 4 20 O 20
14436 14434 1 8 40 O 20
14438 14434 2 10 55 M 10
14434 347 2 1 2 M 20
347 5205 2 1 2 O 20
14436 14438 2 3 15 O 10
14438 14433 2 2 9 O 30
14438 14435 2 7 35 M 20
5205 14432 1 13 67 O 10
14442 14443 2 11 59 O 10
14446 14447 2 4 18 O 20
14451 14452 1 3 13 M 10
14452 1839 1 7 38 O 30
1839 14453 1 7 36 O 20
14453 14693 1 28 153 O 20
6465 8130 1 27 149 O 30
8130 7553 1 9 49 O 10
12901 5341 2 3 15 O 30
5332 5344 2 4 22 O 20
5182 5183 2 3 14 O 20
5183 13042 2 8 42 O 30
13042 5187 2 8 43 O 10
5187 5177 2 9 47 M 30
14460 14459 2 4 18 M 30
14461 16563 2 8 43 O 10
15910 15911 2 2 7 O 30
15911 309 2 7 38 M 30
309 12997 2 1 2 M 10
5216 5199 2 4 21 O 20
5238 5216 2 22 120 O 20
5251 5238 2 3 14 M 10
12919 5251 2 8 43 O 30
5237 14463 2 4 18 M 30
14466 14465 2 6 28 O 20
14465 14464 2 13 71 O 20
14467 14468 2 3 16 M 10
4517 4547 2 7 34 O 30
4547 4536 2 6 29 M 30
7954 4517 2 4 20 O 20
14470 14469 2 5 27 O 10
14471 511 2 3 12 O 20
511 7952 2 4 20 M 30
14473 3630 2 15 80 O 20
3630 7951 2 6 30 O 30
4516 4530 2 6 31 O 20
14458 5183 2 4 20 O 30
16626 14474 2 2 8 O 30
14474 2543 2 15 81 O 10
2543 16347 2 6 32 O 30
14480 14479 2 3 11 O 10
5875 11829 2 7 35 O 20
11829 6476 2 6 33 O 20
6476 7622 2 6 31 O 30
5876 8495 1 9 47 O 30
8495 497 1 8 40 O 30
497 5875 1 13 71 O 20
7195 7243 2 2 11 O 20
14484 14483 2 4 19 O 30
14488 14487 2 9 49 O 30
14489 8914 2 1 5 O 30
14490 14489 2 3 15 O 10
14491 14490 2 2 10 O 10
13226 1053 2 3 11 O 30
6919 14493 1 2 7 O 10
8443 8652 2 5 26 O 10
7532 15702 1 6 33 O 20
15702 13719 1 4 19 O 20
4568 14494 1 11 59 O 20
4562 11842 1 13 72 O 10
7369 7412 2 22 121 M 20
14496 14497 2 6 30 M 20
14497 14495 2 7 35 O 20
7369 14498 2 6 31 O 20
14498 14497 2 5 23 O 10
8837 14399 1 4 22 M 30
8838 8837 1 4 18 O 10
14501 14500 2 5 25 O 30
13790 7900 2 2 10 O 30
14506 4341 1 2 9 O 20
14505 14506 1 6 33 M 20
4468 4481 1 5 26 O 30
8322 7456 1 2 6 O 20
7456 7246 1 3 12 M 30
7246 8431 1 10 52 O 10
7541 16877 2 15 82 M 10
14511 14510 2 12 65 O 20
8623 14512 2 11 56 O 20
14513 14514 2 6 29 O 10
16601 14233 1 8 40 O 10
8870 8871 2 5 22 O 30
8870 8872 1 13 70 O 30
8872 8869 1 3 11 O 30
8869 8870 1 2 11 O 30
8873 8872 2 6 31 O 30
4950 6130 2 9 50 O 20
6130 4202 2 8 41 O 20
4202 12089 2 12 65 M 20
12089 7852 2 13 69 O 30
7852 4308 2 9 47 O 10
14522 14521 2 13 68 O 30
14521 14519 2 15 82 O 10
14528 3239 1 2 8 M 30
3239 14525 1 72 398 M 20
14525 3245 1 10 50 O 30
7747 7482 1 11 61 O 30
7608 3371 2 5 24 O 30
3371 4754 2 12 63 O 10
6713 6741 2 9 47 O 30
9125 7946 1 5 25 O 10
14531 9126 2 4 21 M 20
602 603 2 2 10 O 20
6936 14539 2 7 36 O 10
14539 6500 2 5 27 O 20
14538 14536 2 7 35 M 30
14539 14538 2 19 100 M 20
14541 14540 1 5 27 O 30
1547 14529 1 1 2 M 30
14529 14530 1 4 21 O 10
14530 1547 1 3 15 O 10
14529 6487 2 11 58 O 20
6527 9935 1 12 64 O 20
9935 6497 1 5 22 M 20
6497 9937 1 5 24 O 20
6471 6488 2 7 36 O 20
14545 9536 2 1 3 O 30
9536 9540 2 12 67 O 20
9540 9555 2 5 27 M 20
9555 14568 2 7 35 M 30
7294 14545 2 2 6 O 20
9529 9528 2 3 15 O 30
9550 9549 2 2 9 O 30
9554 9542 2 13 69 M 20
9542 9552 2 1 5 O 30
9552 9551 2 20 107 O 10
9545 9544 2 1 5 M 20
9546 9545 2 2 8 O 10
6003 3467 2 7 39 O 30
3467 4864 2 8 39 M 20
14552 14551 2 3 14 O 10
14553 14552 2 2 10 O 20
14555 14554 2 2 7 O 10
14554 14553 2 4 18 M 10
14557 14556 2 5 25 M 30
14559 14558 2 5 23 O 10
9465 9482 2 14 73 O 20
9482 9462 2 8 43 O 10
9462 14560 2 11 56 O 10
14560 9464 2 11 57 O 30
14563 14562 2 11 59 O 20
14562 14561 2 5 25 O 10
14564 15564 2 4 17 O 30
15566 9514 2 4 20 O 10
9508 9507 2 4 20 O 20
7314 9190 2 10 50 O 30
9190 7337 2 3 12 O 10
14547 7340 2 9 46 O 30
14549 14548 2 7 38 M 20
14569 7295 2 5 28 O 20
9552 9553 2 8 40 O 30
9541 9542 2 12 66 O 20
14576 14578 1 52 286 O 30
14578 15799 1 3 11 M 20
15799 14573 1 33 180 O 10
14573 14290 1 90 499 O 10
14290 14575 1 23 124 O 10
14571 14576 2 2 9 O 20
14576 14580 2 5 25 O 30
14574 14291 1 23 124 O 10
14291 14572 1 90 500 M 30
14572 15798 1 33 180 O 30
15798 14579 1 3 11 O 10
14579 14571 1 52 286 O 30
14575 13491 1 13 68 O 20
13492 14574 1 13 68 O 30
14577 13492 1 8 44 O 20
14292 15796 1 2 11 O 20
15796 15005 1 2 6 O 20
15006 15795 1 2 6 O 30
15795 16651 1 2 11 O 30
9809 9821 2 6 33 O 20
9821 7660 2 11 60 O 30
7660 5659 2 15 82 O 20
5659 5640 2 17 93 O 10
7930 4404 2 30 162 O 20
4404 6568 2 6 31 O 10
14571 14292 1 33 180 O 30
16651 14576 1 33 180 M 20
128 127 2 9 48 O 10
127 4877 2 14 77 O 20
14588 14587 2 5 26 O 10
9014 14145 2 16 85 O 10
14591 14590 2 6 29 O 10
2169 14590 2 5 23 O 20
14590 14592 2 4 17 M 20
14595 14591 2 4 17 O 10
14591 14594 2 11 59 O 30
14596 5353 1 15 78 O 20
14583 14582 2 4 19 O 30
14585 14584 2 7 36 O 20
5337 5326 2 6 29 O 20
13872 6354 2 4 22 O 20
6354 8459 2 5 26 O 20
12076 12074 2 3 16 O 10
12074 12075 2 5 27 O 30
4987 720 2 10 51 O 20
720 4966 2 5 27 O 20
14597 4773 1 12 63 O 20
8454 15436 2 4 20 O 10
8453 4772 1 5 23 O 10
4773 4771 1 3 15 O 30
14604 14603 2 5 23 O 30
14605 9440 1 4 22 O 30
14606 14607 2 9 48 M 10
14608 4730 1 18 95 O 30
6083 548 1 13 67 O 10
548 15418 1 25 134 O 10
15418 13909 1 9 50 O 30
8452 4728 1 19 103 O 30
15177 14598 1 3 12 O 30
6009 6328 2 12 66 M 30
6328 6326 2 8 44 O 30
6326 4267 2 9 50 O 10
4267 5508 2 9 49 M 20
5508 2192 2 37 201 M 30
2192 8962 2 5 23 O 20
8962 15239 2 11 57 O 20
15239 6006 2 2 7 M 30
6006 12803 2 2 6 O 10
12803 2918 2 8 41 O 20
2918 6298 2 6 33 O 20
6298 4842 2 5 24 O 10
4842 2922 2 3 16 O 30
2922 6004 2 9 45 O 20
6004 6284 2 4 18 O 10
6284 6283 2 5 26 O 20
6283 6282 2 5 25 O 30
6282 12739 2 2 9 M 20
12739 12745 2 4 19 O 20
12745 12747 2 7 36 O 10
12747 12811 2 1 3 M 20
12811 12814 2 4 19 O 10
12814 12749 2 6 30 O 20
12749 12806 2 7 36 M 30
12806 12572 2 5 24 O 30
12572 12756 2 2 6 O 10
12756 15246 2 3 12 O 10
15246 3185 2 1 4 O 20
3185 15248 2 4 22 O 20
15248 2608 2 1 3 O 30
2608 12801 2 2 11 O 10
12801 8440 2 5 23 O 10
12687 4556 2 5 24 O 30
12372 4546 1 10 54 M 10
8449 4556 1 5 23 O 30
12690 12688 1 4 19 O 30
12688 12793 1 5 25 O 30
12780 2143 2 7 34 O 10
12781 14599 2 8 41 O 20
14600 14601 2 5 25 O 30
12689 12690 1 5 27 M 20
12693 12802 1 6 30 O 20
12793 12792 2 11 60 O 20
12792 12791 2 6 32 M 10
15945 8450 1 6 32 O 10
4427 15114 1 10 52 O 20
15114 12789 1 19 103 O 30
12789 12689 1 12 62 O 10
12689 8449 1 7 35 O 10
6242 8350 1 18 97 O 10
927 8329 1 7 39 O 10
8349 8350 2 2 10 O 20
14612 8398 2 2 11 O 20
8150 8282 1 11 60 O 20
4317 1017 2 10 55 O 10
1017 8407 2 4 19 M 20
8407 4341 2 18 96 O 30
4507 13891 2 18 99 M 10
4507 4314 2 14 77 O 10
4813 3541 2 8 42 M 30
3541 4314 2 10 51 O 20
4340 11549 2 9 47 O 20
11549 1284 2 6 28 M 30
1284 1287 2 6 28 M 20
1287 11470 2 5 24 O 10
11470 4813 2 7 35 M 10
12370 8444 2 7 35 O 30
4541 12836 1 3 12 O 10
14254 14253 1 14 73 O 20
5941 11808 1 4 18 O 30
11808 5959 1 1 5 O 10
5959 6503 1 13 71 O 30
6503 5957 1 12 65 O 20
5847 14619 1 5 26 O 20
14619 14622 1 4 21 O 20
14622 14613 1 11 57 O 20
14613 14614 1 9 48 O 20
16104 14615 2 11 56 O 30
14618 14617 2 4 21 O 20
14619 14618 1 9 48 O 10
14622 14621 1 16 88 O 30
2241 14624 2 9 46 O 30
14626 14627 2 5 26 O 10
14635 14634 2 5 23 M 20
14638 14637 2 6 29 O 10
14641 14640 2 4 18 O 30
14642 6664 2 6 30 O 10
14644 1962 1 4 22 O 30
1962 1961 1 4 18 M 10
1961 14643 1 11 60 O 30
16175 14645 2 13 68 M 20
14628 16175 2 4 19 O 20
16175 14646 2 8 44 O 30
14668 14645 1 8 44 O 30
14645 14629 1 13 68 M 30
14631 245 2 5 24 O 20
245 14666 2 5 24 M 20
14666 14629 2 3 16 O 20
14629 241 2 3 13 O 10
241 14630 2 5 23 O 20
14631 14633 2 22 122 O 30
14633 242 2 5 24 O 30
242 14632 2 5 24 O 20
14632 238 2 6 28 O 30
238 14667 2 5 23 O 20
5081 5103 2 4 22 O 30
5103 14628 2 9 49 O 20
14628 14631 2 9 50 O 20
14648 14647 2 8 44 O 10
14650 14649 2 7 36 M 10
14652 14651 2 11 61 O 30
14654 14653 2 21 112 O 30
7403 14656 2 3 14 O 10
14660 14659 2 7 34 O 30
6133 15548 2 6 31 O 10
15548 4994 2 14 73 M 10
13443 5015 2 9 46 O 30
5015 4994 2 2 9 O 10
4569 4560 1 10 51 M 30
6130 12084 2 5 25 O 10
12084 12085 2 2 11 M 30
12085 12082 2 4 20 O 10
12082 7851 2 2 9 M 30
7851 12080 2 5 26 O 30
12080 12078 2 3 13 M 20
12078 725 2 8 40 O 20
725 6131 2 8 44 O 20
6131 12094 2 3 16 O 20
12094 7410 2 4 22 O 10
7410 7411 2 4 21 O 20
7411 722 2 2 8 O 30
13501 214 1 12 62 O 10
4949 15687 1 2 9 O 20
15687 8225 1 18 95 O 20
8225 12949 1 14 77 O 20
12949 14661 1 56 306 O 10
14662 11920 1 18 94 O 20
14663 4949 1 3 13 O 20
6924 14663 1 19 103 M 30
6247 4561 1 3 13 O 30
13491 6247 1 2 9 O 10
4561 4786 1 7 38 O 20
9652 14664 2 1 5 O 30
236 237 2 18 99 O 20
14665 16177 2 4 19 M 30
14669 16176 2 21 115 O 20
16176 14665 2 6 28 M 10
14646 14668 1 13 71 O 10
14668 14669 1 7 36 O 30
14646 14664 2 9 45 O 30
11631 4448 1 10 54 O 10
4448 8369 1 7 38 O 10
4333 6236 2 14 73 O 10
4963 4468 1 14 76 O 30
8414 4465 1 15 80 O 20
8410 7677 1 9 45 O 20
4791 8301 1 4 18 O 10
13901 8434 2 1 5 O 10
8435 14671 1 3 14 M 20
14217 8320 1 2 10 O 20
14216 14217 1 3 13 O 30
14671 14216 2 2 6 O 10
13891 627 1 8 41 O 20
627 3941 1 4 21 O 20
3941 11591 1 4 20 O 20
11591 3945 1 3 13 O 20
3945 625 1 6 30 O 20
625 624 1 2 7 O 10
624 6239 1 9 48 M 10
6239 11508 1 7 36 O 30
11508 1184 1 6 32 O 30
1184 11504 1 1 5 M 10
11504 1234 1 4 18 O 30
1234 11507 1 4 18 O 20
11507 4478 1 13 67 O 10
4301 11589 1 5 26 O 10
11589 1179 1 13 68 O 30
1179 1176 1 9 46 O 20
1176 4507 1 8 40 O 10
8343 8339 1 21 114 O 10
8339 8344 1 21 111 M 10
2207 12305 2 13 67 O 20
12242 12241 2 5 24 O 10
14673 14672 2 5 26 O 20
7415 12400 1 1 4 O 10
12400 14830 1 5 23 O 30
14677 14676 2 4 22 M 30
14680 14679 1 5 25 O 30
14681 14680 1 6 28 M 30
14682 13602 2 8 41 O 30
14678 14368 2 3 14 O 30
3840 9965 2 14 73 O 10
8180 8179 2 32 176 O 10
8179 7584 2 4 18 O 10
14684 11398 2 2 8 O 10
14685 1759 2 23 123 O 30
14687 14686 1 4 21 O 20
14693 8679 2 2 8 O 10
1927 2887 1 12 63 O 10
2887 14690 1 3 16 O 10
14690 14694 1 23 123 O 30
14699 8131 2 2 7 O 30
14699 14695 1 3 13 O 30
14695 1927 1 20 106 O 10
7548 2923 1 4 21 O 10
2923 15611 1 31 170 M 30
15611 14696 1 5 25 O 20
14696 14697 1 2 6 O 10
14697 15500 1 4 17 O 30
8131 14700 1 8 40 O 10
14700 2494 1 10 55 O 10
2494 1924 1 3 12 O 30
1924 10051 1 4 21 M 10
10051 10049 1 2 6 O 30
10049 7568 1 17 91 O 30
7568 10103 1 8 43 O 20
6163 6211 2 6 28 O 30
6211 6199 2 8 44 O 20
14701 10365 2 16 87 O 30
14702 14703 2 4 22 M 20
14705 14709 2 1 5 O 10
14706 14712 2 1 5 O 20
14708 14707 2 10 53 O 10
14708 14710 2 2 9 O 30
13222 8045 2 3 11 O 10
4661 4723 2 8 39 O 20
4706 4461 1 31 167 O 20
14716 14715 2 2 9 M 10
14718 14717 2 4 19 O 20
14516 4438 2 2 6 O 10
4463 14515 2 5 23 O 20
13840 13521 1 3 13 O 10
14720 14719 2 4 19 O 10
14722 14725 2 4 19 O 30
14724 14723 2 5 23 O 20
370 14724 2 11 56 O 20
14724 14722 2 1 4 O 10
14731 14726 2 12 65 O 30
15971 15970 2 3 13 O 30
14729 14727 2 9 50 M 10
14725 14844 2 5 24 M 20
14844 14731 2 1 5 O 20
14731 14729 2 5 24 M 10
14729 14739 2 7 39 O 10
14735 14737 2 2 6 O 10
14734 14728 2 8 44 O 30
14736 14737 2 1 2 O 30
14734 14736 2 1 5 O 20
14736 14735 2 2 7 M 20
14735 15973 2 2 10 O 30
15973 14733 2 2 11 O 10
14738 15974 2 3 12 O 30
15974 14734 2 2 8 O 20
14739 14730 2 2 6 O 30
14742 9809 2 10 53 O 10
14741 9854 2 8 42 O 10
9854 7930 2 7 37 O 30
13443 9708 2 3 13 O 30
9708 14740 2 3 15 M 10
4980 4951 2 4 17 O 10
4951 7933 1 6 33 O 30
13605 13482 2 19 103 O 10
13482 9179 2 2 8 O 30
9179 4951 2 7 39 M 10
14743 13723 1 10 52 O 10
14239 14236 2 8 43 O 30
13720 6919 1 13 70 O 30
8831 7787 1 17 93 M 10
7787 6465 1 9 47 O 10
4310 13651 1 4 18 O 30
7428 12337 1 7 37 O 20
12337 7429 1 6 30 O 10
7432 7431 1 13 67 O 30
4739 4741 1 6 33 O 30
11015 14749 1 11 60 M 20
14749 14750 1 4 21 O 20
8805 8804 1 17 92 O 10
14059 10996 1 12 64 M 20
14751 14752 2 6 28 M 30
14756 3394 2 3 16 O 10
3394 14757 2 6 29 M 30
3037 14211 2 33 181 O 30
4839 4840 1 2 8 O 20
14694 14450 1 13 71 O 30
14450 14451 1 14 73 M 30
13744 6242 1 20 109 O 10
14693 14383 1 7 35 M 20
14744 4980 1 3 13 O 30
1433 14215 2 5 22 O 30
14211 1433 2 9 47 O 10
7229 13991 2 4 19 O 30
5757 5745 2 8 40 M 20
5745 5797 2 9 46 O 10
5797 7229 2 3 14 M 30
13991 10870 2 20 107 O 20
10870 5729 2 4 22 O 10
5729 13321 2 12 65 O 10
13321 5756 2 13 67 O 10
5756 10883 2 21 114 M 20
10883 5752 2 11 57 O 10
5807 13248 2 4 20 O 20
13248 5739 2 33 178 O 30
14201 14200 2 1 5 O 30
14200 5812 2 6 30 O 20
5812 10046 2 7 36 O 20
10046 5814 2 15 80 O 10
14760 13912 2 7 35 O 20
5011 14761 2 2 9 O 30
13722 14397 1 11 58 O 10
14397 13715 1 29 156 O 30
13715 8679 1 14 77 M 10
13747 8310 1 4 18 O 30
4435 13748 1 6 28 O 10
13749 8422 1 14 77 O 20
13762 13514 1 2 11 O 20
13890 13763 1 10 53 O 30
13764 7413 1 7 36 O 30
13759 8437 1 5 23 O 30
7482 1446 1 5 25 M 30
1446 7429 1 7 36 O 20
7429 13760 1 4 18 M 20
13761 12351 1 7 35 O 30
12351 12353 1 6 32 O 30
12353 15468 1 16 86 O 20
15468 7560 1 4 19 O 10
7560 7557 1 12 64 M 30
7557 7747 1 12 64 O 10
4546 12373 1 7 35 O 10
12373 13758 1 3 13 O 30
6244 15311 1 7 36 O 10
13755 14798 1 8 40 M 30
14798 6123 1 9 45 O 10
6123 13903 1 10 53 M 30
13903 6245 1 19 105 O 20
14598 13756 1 5 28 O 20
13757 4569 1 2 6 M 20
6461 6463 2 4 21 O 20
6463 13779 2 1 5 O 20
14475 16358 2 55 301 O 30
16358 14784 2 14 72 O 10
14784 14775 2 12 63 O 10
14775 14783 2 20 108 O 10
4026 14763 1 8 42 O 20
14763 14762 1 5 24 M 10
14765 14764 2 16 86 O 10
14766 16795 2 14 73 O 10
14768 14767 2 13 67 M 30
14769 16321 2 10 55 O 30
16321 14767 2 6 28 O 30
14767 16794 2 9 48 O 10
14771 16362 2 9 48 O 20
16362 16348 2 1 4 O 30
16348 14770 2 8 39 O 20
14773 14772 2 15 78 O 20
16361 14776 2 12 65 O 20
14776 14774 2 22 120 O 20
14777 16355 2 14 75 O 10
16355 14776 2 6 31 O 20
14776 16359 2 4 21 O 10
16359 14775 2 6 33 O 30
14779 16323 2 18 100 O 10
16323 14778 2 3 16 M 20
16790 14782 2 8 39 O 20
14782 16367 2 1 3 M 30
16367 16364 2 7 35 O 30
16364 15519 2 7 39 O 30
15519 14777 2 4 20 M 30
14777 14773 2 7 36 O 10
14773 14781 2 16 88 O 30
16368 14782 2 29 160 O 20
15113 14786 2 3 14 O 10
14789 14787 2 5 26 O 20
14787 16136 2 31 172 O 10
14788 14787 2 17 94 M 10
14792 14791 2 8 42 M 10
5864 5865 1 11 60 O 20
12214 7362 2 11 58 O 10
6110 6111 2 10 51 O 10
4796 12205 2 4 21 O 10
12205 12193 2 3 15 M 10
12193 6257 2 8 43 O 20
6257 14794 2 2 6 O 20
14794 12190 2 16 89 O 20
12190 6258 2 6 31 M 30
6258 1649 2 10 53 O 30
1649 1652 2 4 18 O 20
1652 6109 2 3 15 O 10
6109 5866 2 18 99 O 30
5866 12136 2 2 7 O 30
12136 12138 2 9 47 O 30
12138 7361 2 4 19 M 30
7361 12140 2 8 43 M 30
12140 12152 2 5 23 M 30
12152 6112 2 5 26 M 10
6112 12134 2 6 30 O 30
12134 12132 2 8 44 O 10
12132 12150 2 1 2 O 30
12150 7381 2 10 53 O 30
7381 15950 2 2 11 O 20
15950 12130 2 5 27 O 10
12130 788 2 5 25 M 10
788 15499 2 5 25 O 30
14795 12383 2 1 4 O 20
12384 12385 2 2 10 O 20
14797 14799 2 6 30 O 20
15498 12147 1 5 26 O 10
12147 6244 1 7 35 O 20
11710 6145 1 5 25 O 20
14825 14804 2 6 29 M 20
14804 14818 2 5 26 O 30
14818 14819 2 2 10 O 10
14819 3131 2 7 37 O 20
3131 14841 2 3 13 O 10
14841 14808 2 2 7 M 30
14808 14809 2 3 16 O 30
9251 14801 2 21 116 O 30
14804 14803 2 4 17 M 10
14810 14809 2 6 29 O 20
14809 14806 2 7 36 O 30
16455 16374 2 4 22 O 10
16374 14806 2 7 33 M 10
14811 16455 2 17 93 O 30
14816 14814 2 7 35 O 30
14828 9250 2 11 58 O 10
14819 14821 2 5 27 O 20
14821 14820 2 6 31 M 20
14820 14816 2 8 43 O 20
14816 14815 2 2 7 O 10
14815 3133 2 4 17 M 30
3133 16455 2 3 14 O 10
14828 14825 2 8 43 O 20
2868 14824 2 5 25 O 10
14826 14823 2 5 27 M 10
14823 14825 2 8 41 O 30
12567 12569 2 12 64 O 30
12563 12562 2 7 39 O 20
12565 12564 2 6 28 M 30
12530 12529 2 4 21 O 20
6030 6031 2 6 29 M 10
12409 12408 2 4 21 O 20
12407 6035 2 4 20 O 10
12412 12411 2 4 21 O 20
12415 12414 2 4 22 O 30
14996 12417 2 5 27 O 20
14830 2202 1 5 23 M 20
2202 7414 1 13 69 O 10
14835 14834 2 7 35 O 10
12310 14836 2 3 14 O 30
14829 14837 2 4 18 O 10
14841 14840 2 3 15 O 20
17 14842 2 6 32 O 30
14843 14264 2 3 12 O 20
12303 14845 1 1 5 O 10
14846 12242 1 1 2 O 30
14848 15822 1 3 16 O 20
14847 14848 1 2 7 M 30
5909 15439 1 1 4 M 20
15439 11223 1 7 38 M 20
11223 11216 1 7 39 O 10
11216 5908 1 8 41 O 20
5863 14791 2 12 61 O 10
14791 5867 2 6 30 O 10
5799 13697 2 10 52 O 30
15205 14856 1 3 13 O 20
14856 14854 1 6 28 M 30
14852 16611 1 8 41 O 20
16611 16609 1 5 25 O 10
16609 6742 1 54 298 O 30
14858 14859 1 5 24 O 30
14859 14860 1 9 45 O 10
14860 81 1 11 59 O 30
4999 14866 2 4 20 O 30
14866 15930 2 7 37 O 30
14869 14870 2 5 25 M 10
14870 8399 2 12 64 M 20
14871 14870 2 4 20 O 30
913 8436 2 3 14 O 20
14876 15777 1 2 7 O 10
15777 14873 1 3 13 O 30
14873 14875 1 1 4 O 20
14886 14884 2 4 22 M 20
14884 2844 2 4 21 M 20
2844 14882 2 2 9 O 20
14882 14880 2 5 25 O 30
14880 14878 2 3 12 O 30
14878 2843 2 3 12 O 30
2843 4934 2 7 33 O 30
14878 14879 2 3 13 M 20
14880 14881 2 3 16 M 10
14882 14883 2 3 12 O 10
2844 14885 2 11 60 O 20
14886 14887 2 3 15 O 30
14891 2364 2 2 9 O 10
2364 14890 2 7 38 O 10
11253 14892 2 13 69 O 30
14892 14894 2 8 42 O 10
5874 15872 1 23 123 O 10
15872 5871 1 4 17 O 30
14700 14698 2 2 7 O 10
6464 6469 2 16 87 M 10
6469 10616 2 5 25 O 20
7791 7794 2 19 101 O 30
7794 8832 2 12 64 O 20
8832 7792 2 12 63 O 30
6468 7791 2 24 130 O 30
7791 10069 2 7 38 O 30
14908 14909 2 7 33 O 20
10130 10129 2 12 62 O 20
10261 15996 2 12 63 O 30
10268 10267 2 4 21 O 10
10504 10503 2 5 24 O 20
5457 8674 2 7 37 O 30
8674 14189 2 25 136 O 30
14910 10491 2 5 25 O 10
10491 13597 2 4 21 O 30
15995 10491 2 7 38 O 10
5398 5440 2 17 90 O 20
5439 14915 2 4 20 O 10
14915 16860 2 2 11 O 10
10470 10471 2 4 19 M 20
10471 10473 2 6 30 O 10
10473 13585 2 5 27 O 30
13585 5403 2 8 40 M 20
4976 5020 1 6 33 O 30
5017 852 1 1 3 O 30
852 5032 1 6 32 O 20
13591 16867 2 23 123 O 30
14385 10470 2 9 49 O 10
14175 10510 2 13 67 M 30
7798 7802 2 15 82 O 10
7795 8775 2 5 26 O 30
8775 7796 2 1 5 M 20
7796 8778 2 9 45 O 20
8778 7800 2 11 57 O 20
10614 14914 2 22 118 O 10
10220 10221 2 9 46 O 10
16851 14911 2 47 260 O 30
13597 4196 2 8 42 M 20
4196 13598 2 8 43 M 20
2860 2859 2 10 51 O 20
2859 14913 2 4 19 O 30
6427 6428 2 7 38 O 10
6428 6429 2 10 52 O 30
6429 6430 2 9 50 O 20
6430 14315 2 3 11 O 30
14315 6250 2 25 138 O 20
14079 14086 2 11 58 O 20
14085 15195 2 18 96 O 30
15195 15192 2 15 83 O 10
14069 13973 2 22 121 O 20
13981 13982 2 38 211 O 30
16595 6730 2 3 12 O 10
6730 14918 2 11 56 O 10
6790 14919 2 4 17 O 20
4731 16377 2 17 90 O 20
16377 13949 2 16 87 O 10
13999 6771 1 14 72 M 20
6766 6767 2 17 91 M 10
14920 14089 2 11 58 O 30
14922 14921 2 4 21 O 20
14925 14927 2 4 21 O 20
14928 14927 2 12 65 O 20
14927 14926 2 8 42 O 20
14092 14929 2 7 34 O 10
14091 14096 2 15 83 O 30
13947 14930 2 9 48 O 30
14932 14931 2 21 115 O 10
12768 5824 2 11 60 O 10
5861 5859 2 7 35 O 30
6595 13814 2 3 14 M 10
15925 6591 2 5 25 O 10
6591 6641 2 23 123 O 20
4807 14934 2 14 76 O 30
14051 14036 2 14 74 O 30
12675 8004 1 16 84 O 30
8004 7999 1 5 25 O 10
12165 12164 2 4 22 O 10
12163 12162 2 12 66 O 30
5823 12685 2 7 38 O 20
12685 12759 2 9 45 O 10
12759 7382 2 6 31 O 10
12674 12671 1 7 35 O 10
12671 12672 1 4 22 O 30
12672 12675 1 4 22 M 10
12686 12682 2 3 16 O 30
12682 12684 2 9 47 O 10
12684 12685 2 7 38 O 20
12691 12793 2 4 18 O 30
6275 6277 1 6 32 O 20
6316 6313 2 3 16 O 10
6313 12486 2 6 29 O 30
6305 6309 2 10 54 M 20
6302 6301 2 6 29 O 10
7994 7995 1 5 23 O 20
6286 12610 2 5 26 O 10
12610 12613 2 4 20 O 10
6298 12605 1 7 37 O 30
12605 7995 1 8 43 O 30
7995 12601 1 11 57 M 20
12601 12603 1 5 27 O 10
8940 16116 2 39 213 O 10
16116 6079 2 2 9 M 30
8934 8933 2 4 21 O 10
12798 12797 2 8 41 O 30
2271 12799 2 4 21 O 30
12754 12753 2 4 20 M 10
12753 12752 2 11 61 O 10
12739 2592 2 7 35 O 20
6004 2594 2 8 42 O 20
2594 2596 2 9 47 O 10
2596 6005 2 5 26 O 30
15238 16110 2 7 36 O 30
7982 3448 2 5 26 M 20
3448 7985 2 4 20 O 20
7985 6082 2 8 40 O 20
6082 16107 2 15 82 M 20
8938 6080 2 36 196 O 10
12531 12533 2 7 38 O 10
12533 12532 2 12 63 O 20
12505 12533 2 10 52 O 20
12535 12536 2 6 30 O 20
12544 12543 2 4 22 O 10
12541 12544 2 10 51 O 10
12505 12506 2 6 28 O 20
12509 12502 2 9 46 O 20
12502 12543 2 1 3 O 10
12543 12540 2 5 25 O 10
12540 12508 2 8 44 O 20
12503 12502 2 4 20 O 20
9366 9426 1 14 74 O 20
12609 6289 2 3 13 M 20
6289 6288 2 2 9 O 20
6650 12653 2 18 98 O 30
7527 7528 1 6 28 O 10
12652 6290 1 19 105 O 20
4799 12650 2 10 54 M 10
16692 14891 1 4 17 O 30
14891 11154 1 9 45 O 10
13658 5764 2 27 145 M 20
10889 7220 2 17 91 O 30
7220 3119 2 7 38 M 30
3119 5775 2 12 63 O 10
14046 10824 2 6 32 O 30
11255 11254 2 8 41 O 20
11255 11251 2 9 47 M 20
4561 13492 1 2 9 O 10
5315 6129 2 23 126 M 30
6129 8125 2 10 51 O 20
9038 16228 2 15 81 O 30
9038 9037 2 14 72 O 20
9047 16234 2 5 25 O 10
16234 9038 2 4 17 O 20
13877 621 1 7 38 O 10
621 13878 1 9 50 M 10
11203 11205 2 4 21 O 20
11205 11204 2 2 10 O 10
11259 11258 2 10 55 M 20
5290 5277 1 17 92 O 10
5301 5282 2 12 66 O 10
8514 8930 2 7 35 O 10
5299 5268 2 8 44 O 20
16693 13260 2 6 29 O 20
13260 13259 2 9 49 O 10
11201 11200 2 5 23 O 30
7431 7430 1 4 20 O 20
7430 1441 1 4 17 O 30
1441 7428 1 3 12 M 10
11249 11248 2 3 13 O 20
7523 7415 1 6 28 O 20
14833 2197 1 2 10 O 30
2197 14268 1 5 22 O 10
12074 12073 2 8 42 O 20
12077 12079 2 8 39 O 20
12079 14937 2 5 24 M 20
12080 12079 2 11 57 O 20
14658 7854 2 7 37 M 30
7402 14659 2 5 25 O 30
14659 7403 2 14 78 O 10
10588 13591 2 9 45 O 30
13591 10590 2 14 73 O 30
13592 8673 2 7 37 O 10
8673 13593 2 11 60 O 30
13593 13594 2 7 36 O 20
10590 13592 2 6 33 O 20
5479 7956 2 10 52 O 10
7956 5471 2 12 66 O 20
8649 1457 2 10 52 O 20
1457 5415 2 8 42 M 20
5415 65 2 4 19 O 30
65 1449 2 8 42 O 20
1449 14382 2 19 105 O 10
14382 1451 2 5 23 O 10
1451 1453 2 35 192 M 30
1453 15613 2 4 21 O 20
1949 8695 2 11 56 O 10
8695 2339 2 10 54 O 10
13586 10598 2 2 6 O 10
10598 5402 2 22 118 O 30
13138 4661 2 7 35 O 30
13178 13177 2 7 35 O 10
8661 5485 2 10 54 O 10
13588 13587 2 12 62 O 20
14165 14184 2 4 22 O 10
11981 1968 2 6 29 M 30
1968 11980 2 8 40 O 20
5411 5450 2 8 40 O 10
5450 10588 2 5 27 M 20
12202 1910 2 9 49 O 30
1910 1909 2 1 5 M 10
15343 15632 2 1 4 M 20
12278 12277 2 9 47 O 30
12277 781 2 1 3 O 10
781 12276 2 10 55 O 20
12276 12274 2 1 1 O 30
12306 12278 2 9 46 O 30
12239 12238 2 3 17 O 10
5471 16869 2 1 4 O 10
14184 14168 2 9 49 O 30
5503 5474 2 22 121 O 20
6373 6375 2 16 83 O 30
5049 4966 1 9 49 O 20
4966 8470 1 8 41 O 10
8470 12030 1 6 28 O 20
12030 4995 1 13 69 O 30
4995 4968 1 3 11 O 20
4968 4977 1 11 58 O 20
4977 7401 1 6 29 O 30
5048 5041 1 12 61 O 20
4974 4950 1 8 39 O 20
6256 1739 2 2 9 O 10
1739 12363 2 10 50 O 20
12363 6255 2 3 14 O 20
12334 12333 2 5 26 O 10
12336 1270 1 4 17 O 20
1270 6252 1 12 62 M 30
5536 5608 2 16 87 O 20
9128 157 2 10 55 O 20
5688 5651 2 9 47 O 30
6544 9124 2 7 36 O 30
14535 16206 1 11 60 O 10
16206 7934 1 4 21 O 10
6478 6539 1 9 49 O 10
14536 14535 2 10 54 O 30
5395 9136 2 6 31 M 10
9136 5438 2 5 26 O 30
5354 5352 1 13 71 O 10
5352 273 1 8 43 O 30
9140 9139 2 5 25 O 20
9142 9138 2 8 41 O 30
9138 9143 2 27 145 O 10
9113 9112 2 18 96 O 20
5417 5424 2 17 91 M 30
5424 5433 2 6 33 O 20
5433 5423 2 7 38 O 30
5423 5425 2 4 19 O 30
7132 14973 2 18 97 O 10
14973 3788 2 6 33 O 20
3788 7178 2 1 2 O 30
7178 14970 2 8 41 M 20
14970 14968 2 8 40 O 30
14968 7129 2 23 124 O 20
7129 7161 2 2 6 O 10
13064 13063 2 4 19 O 30
4055 5285 2 15 82 O 20
5299 5260 2 5 27 O 20
12934 6388 2 1 3 O 20
6388 6397 2 19 101 M 20
12887 12885 2 18 96 O 30
12885 12884 2 5 27 O 20
12884 15828 2 2 6 O 10
15828 4081 2 2 6 O 10
4081 16780 2 19 102 M 10
16063 16064 2 4 21 O 20
16064 16068 2 4 17 O 30
7165 14960 2 4 21 O 10
14960 7164 2 6 33 M 10
7164 14967 2 2 6 M 30
14967 7159 2 18 99 O 30
5294 5304 2 5 24 O 10
5304 5259 2 7 35 O 20
11091 11090 2 5 22 O 10
11090 11089 2 5 25 O 20
11080 11079 2 11 56 O 10
14055 8247 2 26 142 O 30
8244 3399 2 11 58 O 30
11050 11053 2 10 52 O 10
11053 11054 2 5 26 O 30
14063 11040 2 7 38 O 10
11040 6732 2 3 14 O 10
6732 6765 2 9 46 M 30
8235 11112 2 9 45 M 10
14941 14940 2 7 34 O 20
14943 14942 2 7 34 O 10
14748 14944 2 10 51 O 30
6019 12528 1 7 38 O 20
12528 15216 1 6 30 O 10
7529 3316 2 1 5 O 10
3316 7530 2 8 44 M 20
12516 12517 1 5 26 M 10
12517 2648 1 5 23 O 10
2648 12513 1 2 6 O 30
12515 12517 1 16 86 O 20
12465 2575 1 7 39 O 10
2575 12464 1 3 12 O 20
12464 15140 1 5 26 M 20
13932 13933 2 34 187 O 20
13997 13998 2 7 38 O 30
13998 15283 2 31 170 O 20
15283 13994 2 22 122 O 10
6088 6093 2 11 56 O 10
6086 6087 2 15 79 M 10
6087 6933 2 4 19 M 30
6090 16391 2 2 10 M 30
16391 6091 2 2 7 O 10
6091 6093 2 5 25 M 20
6093 6094 2 2 6 O 30
6094 6095 2 6 31 O 10
6095 3324 2 3 11 O 30
3324 14995 2 6 30 O 10
6933 6090 2 11 58 O 30
6107 6108 1 9 45 O 30
6102 6106 2 16 86 O 30
6106 6107 2 3 13 O 20
6104 6105 2 11 59 M 20
6104 6099 1 15 82 O 20
12418 6296 2 5 27 O 10
6311 6315 2 4 22 M 20
6307 6311 2 6 33 M 10
6315 6317 2 2 6 M 20
6317 6318 2 5 24 O 30
6013 12514 2 5 23 O 30
12514 6015 2 2 11 O 10
6015 12519 2 7 38 O 20
12519 6712 2 2 6 O 20
6712 8181 2 6 32 O 30
6015 12520 2 8 40 O 30
12520 12465 2 2 9 O 10
12465 2136 2 7 38 O 20
2136 4801 2 10 52 O 10
13959 15324 1 24 129 O 10
6 7473 2 13 67 O 20
7473 7472 2 9 48 M 20
5042 881 2 6 33 O 30
881 5016 2 3 13 O 30
12108 12107 2 7 35 O 20
4960 12100 2 8 40 O 20
6507 15886 2 9 47 O 10
6381 6379 2 12 63 O 20
14457 5172 2 6 32 O 10
5190 5184 2 13 71 M 30
5180 5165 2 15 81 M 30
14472 14473 2 8 40 M 30
15790 1510 2 6 30 O 10
1510 14947 2 14 74 M 10
14947 321 2 31 167 O 10
321 13790 2 1 1 O 30
14948 4192 2 39 212 O 30
16401 16683 2 10 53 M 30
13931 14949 2 10 54 O 20
14072 14071 2 12 62 O 20
14071 14070 2 11 59 O 20
4802 2647 2 12 66 O 10
2647 15140 2 5 24 O 20
15140 2567 2 4 18 O 10
2567 8181 2 6 29 O 30
12466 12519 2 7 37 O 10
15407 16098 2 2 7 O 30
7078 15460 2 4 22 O 20
14945 15461 2 5 25 O 10
14946 7098 2 6 29 O 20
7048 14951 2 6 30 O 30
14953 14952 2 7 35 O 30
14954 7049 2 6 30 M 20
14956 14957 2 7 36 M 10
14959 7164 2 9 48 O 20
14961 14960 2 7 38 O 20
14962 14963 2 7 36 O 30
14965 14964 2 13 67 O 10
14966 14967 2 8 40 O 20
14969 14968 2 8 43 O 30
14971 14970 2 7 35 M 20
14972 7178 2 8 43 M 20
14974 14973 2 7 35 O 10
14976 14975 2 4 19 O 20
15346 13277 2 22 118 O 30
13277 13278 2 5 25 O 10
13278 13279 2 4 20 O 20
14979 13695 2 4 18 O 20
14980 14983 2 4 20 O 30
14986 14987 2 8 39 O 30
14988 14989 2 5 22 O 10
6090 3321 2 9 50 M 20
14995 14994 2 8 42 O 10
14994 14993 2 3 17 O 20
14993 16389 2 5 24 O 10
6754 4733 2 2 8 O 10
4733 13975 2 8 39 M 10
13975 4732 2 5 25 M 30
13949 16570 2 2 10 O 20
16570 13936 2 40 218 O 10
13936 13976 2 34 188 O 30
13976 4737 2 3 13 M 20
4737 13930 2 5 27 M 10
13938 15122 2 12 61 O 20
15122 15219 2 12 63 O 20
15219 13939 2 17 91 O 30
14550 14548 2 4 22 O 20
6031 14996 2 4 19 O 30
12417 12416 2 4 17 O 30
8196 16919 2 1 3 O 20
8194 3567 2 3 12 M 10
3567 8195 2 7 36 O 20
8195 3561 2 60 332 O 30
3561 9246 2 16 88 O 30
9246 8196 2 26 141 O 20
9207 7353 2 27 149 O 10
7353 7356 2 5 25 O 20
7356 7358 2 13 70 O 10
14998 14997 2 6 32 M 20
15000 14999 2 10 54 O 30
15002 16471 2 5 27 O 20
15001 15002 2 10 54 O 30
7307 15002 2 12 65 O 20
7291 7318 2 17 90 M 20
7318 7307 2 5 25 O 10
7336 8198 2 2 6 O 20
8198 7331 2 13 71 O 30
12832 15866 2 2 6 M 20
15866 12830 2 4 22 O 30
4607 13146 1 10 50 O 10
13146 13147 1 6 30 O 20
4649 4680 1 8 40 O 20
4680 8627 1 5 27 O 30
15004 15003 2 16 89 O 20
6565 6547 2 11 58 O 10
16222 9829 2 7 35 M 10
16821 7571 2 3 15 O 30
7571 659 2 4 17 O 20
659 657 2 4 18 O 10
657 2386 2 4 18 O 10
2386 7562 2 4 17 M 30
15010 15009 2 4 22 O 10
15013 15014 2 4 21 O 10
15015 15014 2 4 17 O 20
15018 15017 2 4 20 O 20
15020 15019 2 3 15 O 20
15022 15021 2 4 19 M 10
7790 7789 2 5 23 M 10
15024 15023 2 4 20 O 10
9688 5117 2 8 40 O 30
5117 5061 2 14 76 O 20
5061 5077 2 4 19 O 20
12003 12004 2 3 16 O 30
12004 12002 2 2 10 O 20
5133 5102 2 6 30 O 30
5084 5131 2 4 22 M 10
5076 5092 2 6 30 O 30
6075 7863 2 5 23 O 10
4362 4361 2 13 68 O 20
14625 14626 2 7 35 O 30
14621 14618 1 10 52 O 20
14618 14620 1 5 27 O 30
14630 16177 1 2 8 M 30
16177 14667 1 21 112 O 10
5067 5100 2 4 21 O 20
5100 5073 2 11 59 O 30
5119 5073 2 10 50 O 30
9692 9691 2 4 19 M 30
7408 7857 2 4 18 O 20
7857 12026 2 5 27 O 10
12026 1980 2 4 20 O 30
1980 7409 2 14 74 O 10
7421 7865 2 14 75 O 20
11982 12013 2 13 72 O 30
12014 16144 2 4 20 O 10
16144 12008 2 7 38 O 20
7875 7876 2 7 36 O 10
7876 2245 2 8 41 M 10
2245 7873 2 13 72 O 20
9648 9647 2 2 8 O 30
9647 9646 2 8 43 O 10
5117 5060 2 6 28 O 20
9651 9650 2 7 35 M 10
9653 9652 2 7 33 O 10
5083 5120 2 7 36 O 30
4838 5843 2 7 36 M 30
6125 6127 2 9 45 O 30
6127 6076 2 4 18 M 30
7874 6127 2 6 33 O 30
5539 5601 1 13 69 O 10
11961 11960 2 12 65 O 30
7902 7905 1 5 24 O 20
7906 11866 1 5 24 M 20
11866 7903 1 9 45 O 10
8913 8912 2 12 63 O 30
12943 12942 2 5 25 O 30
12951 12947 2 8 40 O 10
12947 12948 2 4 18 O 20
12951 12945 2 5 25 M 10
12945 12950 2 4 19 O 20
5571 11941 2 6 33 O 30
11941 11940 2 6 30 O 30
11916 11913 2 7 36 O 30
11913 11921 2 1 3 M 10
11921 11920 2 5 23 O 10
4631 4685 2 5 25 O 30
4654 997 2 2 10 O 20
997 4611 2 4 21 O 20
8645 8644 2 6 28 O 30
4689 4609 1 2 11 O 30
4609 4669 1 8 44 M 20
4605 4643 2 10 51 O 20
4670 4598 2 5 27 O 10
6720 6736 2 11 59 O 10
5195 5194 1 5 24 M 20
12993 15903 2 6 32 O 10
5185 5170 1 5 24 O 30
5186 5173 1 7 37 O 30
5188 5193 1 5 25 O 20
5242 5241 1 5 22 O 10
15899 5253 2 2 8 O 10
5253 5210 2 12 62 O 10
6426 6430 1 14 75 M 20
15027 16451 2 14 75 O 20
16451 6785 2 6 33 O 30
6785 6720 2 8 40 O 10
10039 10040 2 4 22 O 10
6427 14317 1 10 52 O 20
10025 6450 2 19 105 O 30
10041 6438 1 6 30 O 10
15029 16400 2 2 10 O 30
15031 7320 2 5 23 O 30
7289 7306 2 20 107 O 10
7306 7325 2 9 47 M 10
7325 7326 2 19 102 O 20
3131 14822 2 7 35 O 30
14822 14815 2 6 29 M 10
14822 14821 2 8 40 O 30
14818 14817 2 5 28 O 10
14808 14807 2 6 32 O 10
6785 2831 2 7 36 O 30
2831 2829 2 4 20 O 10
2829 15032 2 1 3 M 10
11887 414 2 9 48 O 20
414 6512 1 11 60 O 10
7978 7977 2 4 17 O 10
7977 479 2 3 14 O 30
479 7976 2 9 47 O 10
12106 12101 2 5 25 O 20
12101 12105 2 2 10 O 20
11840 11839 2 4 19 M 30
15034 123 1 4 21 O 10
123 15033 1 4 19 O 20
8139 8138 2 3 11 O 30
15889 472 2 10 52 M 10
472 15885 2 6 28 M 20
15035 11843 1 2 8 O 20
11843 11844 1 4 21 O 10
8544 8543 2 7 38 O 30
12975 12973 2 4 22 O 30
5922 5924 1 5 27 O 10
4998 4972 1 8 44 O 30
4972 11648 1 6 28 O 30
11648 4827 1 12 66 O 10
4827 790 1 8 39 O 30
790 5051 1 2 10 O 20
8258 8257 2 9 50 O 20
11714 708 2 10 55 O 20
5010 14371 2 5 27 O 20
6040 6039 2 7 36 O 20
12975 12971 2 1 5 O 20
12857 12858 1 4 19 O 20
12858 12863 1 7 34 M 10
6064 6068 1 14 75 O 10
7757 7755 2 4 21 O 10
5038 5017 1 3 17 O 20
5017 5045 1 6 30 O 30
4594 4593 2 9 45 O 20
14344 14342 2 3 15 O 20
14342 14343 2 11 59 O 30
9433 9435 1 7 37 O 10
9427 9428 2 7 36 O 30
15038 15037 2 4 19 O 10
9477 9475 1 11 60 O 10
9475 9395 1 10 55 O 10
9472 9473 2 9 49 O 30
9473 9475 2 6 33 O 20
4413 9203 1 6 31 M 30
9479 9478 2 4 21 O 20
9394 9391 2 6 32 O 20
12552 12551 2 14 77 M 30
9447 9448 2 21 116 O 30
9448 2484 2 8 41 O 10
2484 9447 2 7 34 O 10
4845 14654 1 5 23 M 30
14654 15039 1 6 32 O 30
9185 9184 2 4 21 M 20
9186 9185 2 3 16 O 10
9382 9381 1 6 31 O 10
14567 15040 2 4 20 O 20
9467 14558 1 6 29 O 20
14558 198 1 16 84 O 30
9483 9484 2 10 52 O 30
9484 9488 2 4 21 O 10
5984 9356 1 7 35 O 30
9356 5976 1 4 17 O 20
7765 7764 2 5 24 O 10
9568 9567 2 2 9 O 10
5107 5156 2 8 40 M 30
6372 6371 2 16 89 O 30
6368 3466 2 2 7 O 20
3466 4199 2 24 133 O 20
4199 6367 2 7 38 O 20
6367 6366 2 20 109 O 10
12845 12844 2 2 11 O 10
5068 5106 2 13 69 O 20
9631 9630 2 7 38 M 30
681 15041 2 11 57 M 10
9644 9643 2 10 52 O 30
9850 9845 2 6 33 O 20
9845 9846 2 5 28 O 30
15042 5093 2 11 59 O 10
5093 3477 2 11 60 O 30
3477 5161 2 1 4 O 10
9350 9351 2 7 35 O 20
8122 15043 2 11 59 O 10
8120 8121 2 5 23 O 20
8121 8122 2 5 25 O 30
4378 4381 2 9 45 O 20
15045 15044 2 7 39 M 20
13476 15045 2 9 49 M 30
16220 6356 2 3 16 O 20
6362 6363 2 17 92 O 20
9180 9833 2 3 15 M 20
9833 6565 2 15 81 O 20
6565 16222 2 3 12 O 10
16222 4004 2 8 43 O 30
4004 16221 2 7 38 M 30
16221 6358 2 7 39 O 30
5014 6355 2 16 85 O 10
7511 11772 2 10 51 O 20
11772 11782 2 15 82 O 10
11694 11692 2 8 42 O 30
6549 6576 2 16 85 O 30
4404 4405 2 14 73 O 10
11675 11680 2 1 5 M 20
11680 901 2 6 33 O 30
901 11679 2 4 20 O 20
5632 5667 2 6 31 O 10
8888 15046 2 9 45 O 20
15046 5697 2 13 68 O 20
9945 9944 2 4 20 O 20
4978 2082 2 10 50 O 30
6364 8994 2 10 54 O 30
8994 8996 2 3 14 O 20
9000 14138 2 11 58 O 10
7657 13193 2 13 71 O 10
13192 14204 2 10 55 O 30
4881 4897 2 5 24 O 30
11584 11582 2 7 36 O 20
5892 11547 1 5 24 M 20
11547 5894 1 5 27 M 20
5894 5895 1 2 7 O 20
5895 5896 1 2 10 O 20
11569 1239 2 7 38 O 30
4503 3935 2 6 33 O 20
3935 8605 2 7 37 O 10
10168 10167 2 6 33 O 30
16814 10205 2 1 4 O 20
10205 16811 2 15 81 O 20
16812 16080 2 1 4 O 30
16080 2465 2 6 31 O 10
2465 16081 2 1 2 M 20
16081 14108 2 7 36 M 20
14108 10168 2 2 7 O 30
16827 10102 2 1 3 O 30
15017 15014 2 4 18 O 30
15014 15016 2 8 42 O 20
7057 16889 2 1 2 O 10
3696 10922 2 7 36 O 30
10719 10718 2 5 26 O 30
13227 5758 2 26 140 O 20
3756 5755 2 6 33 O 30
5755 13317 2 15 80 O 20
13317 13315 2 15 81 O 10
13315 13313 2 10 51 O 30
13313 5747 2 4 21 M 30
15047 10913 2 30 163 O 10
10634 16917 2 1 5 O 10
11165 11164 2 9 45 O 30
13667 13668 2 10 53 O 30
10884 10885 2 1 5 O 30
10885 5756 2 10 55 M 30
13991 10759 2 11 61 O 30
10759 7061 2 12 63 O 10
7211 7221 2 18 95 O 30
13928 13929 2 13 67 O 10
13929 16921 2 12 62 M 30
10638 13925 2 22 121 O 10
7137 7171 2 11 58 O 10
13703 13699 2 9 50 O 10
14040 15437 1 36 198 O 30
14987 14989 2 6 29 O 30
14989 5746 2 34 188 O 10
5746 5742 2 6 28 O 20
5744 7054 2 9 49 O 30
7054 5728 2 9 46 O 20
5728 5751 2 3 17 O 30
5751 7062 2 5 24 O 30
7062 5734 2 5 24 O 10
5734 5753 2 20 111 O 10
5753 13327 2 3 15 O 20
13327 5730 2 5 24 O 10
5730 5731 2 20 110 O 20
5731 14987 2 7 35 O 20
7130 7170 2 5 27 O 20
5008 11642 1 2 8 O 30
11642 353 1 8 42 M 10
353 6238 1 1 5 O 10
11610 11611 2 6 31 O 30
6188 10239 2 30 162 O 10
10239 2927 2 4 20 O 30
2927 6182 2 6 28 O 10
10315 10314 2 6 29 O 30
2937 10254 2 8 40 M 10
10321 10322 2 5 22 O 30
10322 10323 2 7 38 M 20
10366 10365 2 3 13 O 30
10375 14704 2 6 30 M 30
2969 10286 2 9 47 O 30
10350 10351 2 5 25 O 20
10273 10275 2 23 128 M 20
10275 10349 2 15 83 O 20
10362 10361 2 6 29 O 10
10361 10357 2 5 27 O 30
10341 10342 2 5 25 O 10
10336 10343 2 14 74 O 30
10343 10335 2 5 27 O 20
10335 10360 2 5 22 O 30
10360 10342 2 9 49 O 30
10342 10338 2 6 30 O 30
10338 10339 2 5 26 O 20
10339 10337 2 5 24 M 30
10345 10550 2 6 28 M 20
10550 10347 2 5 26 M 30
10125 10124 2 8 39 O 30
14477 16083 2 5 25 M 30
16083 10449 2 3 13 O 30
10449 10453 2 5 24 M 10
10453 10451 2 8 41 M 20
10451 10143 2 19 102 O 20
10143 10166 2 3 15 O 10
6171 6173 1 20 110 O 20
10535 10534 2 4 17 O 30
5664 5661 2 8 41 O 20
5661 8119 2 6 28 O 20
8119 5628 2 3 17 O 10
8119 9764 2 6 31 O 30
9764 9762 2 8 41 O 30
9762 9765 2 11 57 O 30
5673 9778 2 18 99 O 20
9893 9892 2 14 77 M 30
7933 9170 2 5 23 M 20
9170 13477 2 2 6 M 30
13477 16185 2 5 25 O 20
16185 6364 2 8 43 O 10
6364 14138 2 21 112 O 20
13545 13546 2 16 84 O 30
13546 7635 2 28 153 O 30
7635 10214 2 3 16 O 20
10214 13547 2 2 10 O 10
10445 3814 2 13 67 M 30
2069 9284 2 16 84 O 30
9284 7718 2 14 73 O 30
9288 9275 2 2 8 O 20
9275 9287 2 2 9 O 30
9290 9289 2 5 27 O 10
5721 9177 2 5 26 O 20
15050 15049 2 9 46 O 30
4420 15050 2 6 33 O 30
15050 15051 2 8 42 O 10
6416 9915 2 40 221 O 10
9905 9278 2 11 57 O 30
9281 9282 2 4 20 O 10
9174 9175 2 5 22 O 10
9175 9970 2 16 84 O 30
9970 2067 2 1 5 O 20
2067 9176 2 6 32 O 20
6415 6411 2 10 52 O 10
6411 9319 2 8 43 O 20
4015 3959 1 17 93 O 10
3959 3903 1 30 165 O 30
3903 4016 1 4 19 O 10
4016 4150 1 11 59 M 20
4150 4061 1 33 180 O 30
4061 4060 1 6 30 M 10
4060 3839 1 24 130 O 10
3839 3840 1 18 98 O 10
3840 4017 1 4 21 O 30
7731 9157 2 25 136 O 10
9106 9105 2 4 17 M 20
9149 9109 2 11 58 M 30
13550 15053 2 9 49 M 30
15053 13551 2 8 42 O 20
6153 6168 2 6 32 O 10
6166 3080 2 4 19 O 20
3080 8725 2 12 64 O 20
8725 8724 2 7 36 O 20
8724 13555 2 24 128 O 30
13555 13556 2 14 76 O 20
13556 13557 2 6 31 M 10
10582 10581 2 7 35 O 20
8750 8749 2 3 12 O 30
8749 8748 2 3 15 O 10
13539 13540 2 17 94 O 20
8719 8717 2 10 54 M 10
8717 8718 2 2 6 M 30
15552 7651 2 30 164 M 30
15553 7652 2 33 182 O 10
8708 8700 2 22 118 O 20
8700 8699 2 5 26 O 30
10578 10577 2 6 28 O 10
8703 8702 2 4 17 O 30
8702 8701 2 5 23 O 20
8705 8704 2 20 111 O 20
7643 7644 2 5 24 O 30
7644 10573 2 6 33 O 30
10573 3089 2 19 103 O 30
3089 8766 2 9 49 O 10
15053 15052 2 15 78 O 30
13561 16864 2 4 21 O 20
15054 15055 2 7 36 O 20
15055 9532 2 13 68 O 30
9532 9534 2 7 37 M 20
9534 7292 2 12 66 O 20
7630 7631 2 4 21 O 30
7631 7632 2 7 38 O 10
13553 13595 2 11 57 O 30
10279 10278 2 14 77 O 10
15057 15056 2 4 20 O 20
15058 13774 2 5 26 M 30
15060 15061 2 15 81 O 20
11384 8023 1 2 7 O 10
6830 16854 2 1 3 O 10
16834 6834 2 1 2 M 10
7538 7539 2 2 9 M 10
7539 7540 2 2 10 O 20
7540 16857 2 4 21 O 30
15062 16288 2 24 129 O 10
6810 6798 2 15 81 O 10
5974 9362 1 5 26 O 30
9362 9358 1 7 38 O 20
9358 5976 1 3 16 M 20
8074 8075 1 21 113 M 30
9548 3512 2 20 106 O 20
3512 9547 2 1 5 O 10
9539 9530 2 14 74 O 10
9530 9529 2 6 33 O 20
16371 9538 2 2 11 O 20
9538 9537 2 6 28 O 20
14546 9548 2 32 174 O 30
9200 2709 2 3 13 M 30
2709 16121 2 2 7 O 30
15066 15065 2 16 84 O 20
15067 15071 2 18 95 O 10
4269 15068 2 14 76 M 10
15068 15070 2 11 60 O 10
15069 15068 2 11 60 O 30
7019 2778 2 5 25 O 20
6983 6946 2 8 44 O 30
6946 6964 2 19 101 O 10
6964 4924 2 11 61 M 20
6969 15074 2 8 44 O 10
6487 9939 1 12 65 O 30
9939 9959 1 11 60 O 10
6971 15076 2 7 38 O 30
5880 8231 1 5 27 O 20
8231 8230 1 5 27 O 10
8230 5877 1 13 71 O 20
6955 15077 2 11 57 O 20
15079 15082 2 16 88 O 20
16902 6974 2 8 43 O 20
6974 6970 2 23 125 O 30
6970 6961 2 7 38 O 30
15083 6340 2 7 34 O 30
5431 5400 1 6 33 O 30
5400 5460 1 7 37 O 10
5460 5447 1 6 32 O 10
14538 14537 1 5 28 M 30
7936 8897 2 15 79 O 10
8897 9155 2 4 17 O 10
5310 10007 1 7 35 M 30
15459 2761 2 8 44 M 30
6990 6995 1 8 42 O 30
7000 15084 2 49 267 M 30
6995 7008 1 6 32 O 30
6995 2751 2 3 15 O 10
2751 7011 2 5 24 O 30
10675 10676 2 15 79 O 20
6059 1800 1 4 21 O 10
1800 6063 1 12 65 O 20
7210 15090 2 7 34 M 20
7155 7152 2 9 49 O 20
15089 15087 2 6 29 O 30
7119 7180 2 18 99 O 20
15097 15096 2 2 11 O 10
15098 15097 2 4 18 M 30
15094 15093 2 5 24 O 20
15096 15094 2 6 28 O 20
15094 15095 2 3 11 O 10
6126 6125 2 4 20 M 10
8064 14799 2 11 60 O 30
14799 14798 2 3 16 O 20
12204 14794 2 26 142 O 10
5852 15980 1 4 20 O 30
15980 12220 1 12 63 O 30
12220 5850 1 7 37 O 10
8066 973 1 4 22 O 10
973 8067 1 9 46 O 20
12266 12267 2 3 16 M 10
7427 7425 1 10 52 O 30
7425 7426 2 9 47 O 30
2020 7864 2 5 28 O 10
7867 1512 2 5 26 M 10
1512 7868 2 3 16 O 10
12092 6133 2 6 32 M 20
5765 3779 1 9 48 O 10
5915 5916 2 6 28 O 10
7250 5915 1 11 56 O 20
13655 8101 2 8 41 M 10
13710 11116 2 5 23 O 10
8106 8107 2 24 131 O 30
8276 8266 1 3 15 M 20
8266 8267 1 7 36 M 10
8281 7492 1 3 13 O 20
7492 6069 1 8 41 O 20
6069 7493 1 4 18 O 10
7493 829 1 6 31 M 10
829 7494 1 2 9 O 30
7494 6070 1 4 22 O 30
6068 11703 1 4 17 O 30
11703 8281 1 2 7 M 10
12986 12985 2 7 38 O 30
10650 13925 2 4 17 M 20
10982 10983 1 7 35 O 30
10988 10987 2 5 22 M 20
11220 11224 1 10 52 O 10
11224 7391 1 7 38 O 20
7264 10843 1 8 43 O 30
10843 10842 1 5 26 M 30
7258 10841 1 7 37 M 20
6601 6604 2 5 23 M 10
15101 6588 1 5 24 O 20
6588 6635 1 5 23 O 10
6645 6635 1 9 49 O 20
7257 14033 1 5 24 M 10
15102 6594 2 2 11 O 10
15103 15102 2 2 10 O 20
6587 13804 1 8 44 O 10
6613 6646 1 5 23 O 30
6646 3289 1 9 50 O 10
3289 13804 1 2 11 O 10
13804 6608 1 3 15 O 30
6603 6613 1 5 25 O 20
6613 6637 1 5 24 O 10
6637 6598 1 14 77 M 20
8536 5938 1 9 45 O 30
13306 13813 2 6 32 O 20
13813 4281 2 7 36 O 10
11942 5550 1 7 38 M 20
5550 11924 1 2 8 O 10
11924 5538 1 3 14 O 30
5538 5613 1 9 46 M 30
5613 5586 1 5 27 O 20
5586 11926 1 4 21 M 20
11926 5567 1 3 12 O 10
5567 11931 1 5 25 O 30
11931 5545 1 3 13 O 20
5545 11933 1 5 26 O 20
11933 5556 1 3 12 O 20
5556 5578 1 6 30 M 20
14903 811 1 1 4 O 30
811 7444 1 7 35 M 10
7444 814 1 2 10 O 10
814 870 1 4 22 O 10
870 15861 1 6 31 O 20
15861 11673 1 5 25 O 10
11673 6138 1 2 6 O 10
6138 6139 1 7 34 O 20
6139 6225 1 5 26 O 10
12574 6674 2 2 9 O 30
6674 6666 2 2 10 M 10
6666 15104 2 3 14 O 20
6689 2626 2 2 9 O 30
2626 6266 2 14 74 O 10
12644 6291 2 10 52 O 30
12590 12589 2 5 28 O 10
3205 8000 2 10 51 O 10
15107 6700 1 9 44 O 20
6700 15109 1 8 43 M 30
15109 15111 1 7 34 O 20
15111 6705 1 10 51 O 30
6705 15105 1 16 87 O 30
6703 6704 1 15 83 O 20
6701 15109 1 22 122 O 20
3592 15110 2 9 49 O 10
15106 3591 2 8 44 O 20
4603 4671 1 17 93 O 20
4447 4464 1 8 39 M 10
4717 4585 1 7 38 O 30
8613 6350 1 3 16 M 10
4817 640 1 13 70 O 30
640 13213 1 5 22 O 10
13213 4501 1 5 23 O 10
6350 4894 1 6 31 O 20
14162 14157 2 20 107 O 20
4925 11379 2 9 47 O 30
11379 4921 2 4 21 M 30
4921 4909 2 8 43 O 20
4909 4908 2 20 109 O 20
14271 14269 2 10 52 O 20
14269 11370 2 5 27 O 10
11370 14281 2 9 50 O 10
14281 13568 2 7 36 O 10
13568 14279 2 7 39 O 20
14279 13569 2 5 25 O 30
13569 13570 2 17 94 O 20
13570 11424 2 18 99 O 30
11424 13571 2 15 83 O 10
2956 2958 2 25 135 O 10
12547 12548 1 5 26 M 10
11184 15156 1 2 8 O 20
15156 6626 1 18 95 O 20
15114 795 1 3 15 O 10
795 15116 1 2 11 O 10
15116 12693 1 1 5 O 30
15115 3633 2 17 92 O 30
14005 14006 2 21 113 M 30
15120 15119 2 4 20 O 10
15121 13947 2 2 11 O 30
13947 14016 2 10 51 O 20
14016 13946 2 9 49 O 20
13946 15305 2 11 60 O 20
15305 15302 2 14 74 O 10
15302 14015 2 18 100 O 10
14015 13945 2 6 32 O 20
13945 13944 2 10 51 M 20
5442 13621 2 12 62 O 30
13621 8653 2 10 53 O 30
8653 16868 2 10 52 O 10
5516 13948 2 18 96 M 20
13948 14074 2 9 44 O 30
14074 15399 2 16 84 M 30
15399 14103 2 13 67 O 20
14103 15397 2 2 9 M 10
15397 14098 2 10 53 O 10
14098 15395 2 9 46 O 30
15395 6774 2 2 8 M 10
6774 7526 2 8 39 M 20
7526 15391 2 3 13 O 10
15391 16378 2 2 11 M 20
16378 4731 2 9 47 O 30
14104 5717 2 21 112 O 20
13938 15124 2 12 65 O 20
15122 15123 2 15 81 O 10
5452 5497 2 4 21 O 20
15125 11013 2 9 47 O 20
8802 16513 1 9 48 O 10
16513 11014 1 6 31 M 10
13561 16863 2 1 3 O 30
6170 6209 1 8 41 O 20
7637 8713 2 7 34 O 30
8713 15550 2 18 97 O 30
15550 15552 2 2 7 O 30
10182 10183 2 29 158 O 20
10188 10189 2 10 55 O 10
10189 10398 2 8 40 O 30
10208 3816 2 7 35 O 30
3816 10196 2 5 22 O 20
10196 10201 2 2 7 O 20
10201 10169 2 16 85 M 30
10169 10207 2 12 66 O 30
16619 5391 2 15 82 M 30
15531 16334 2 11 56 M 30
16334 15126 2 11 58 M 30
15126 16275 2 4 20 O 30
16626 848 2 22 119 O 20
848 14445 2 18 99 O 20
14445 5382 2 10 54 O 10
5382 15535 2 1 5 O 20
15535 5391 2 42 230 O 20
5391 2522 2 16 87 O 30
2522 15129 2 8 42 O 30
15129 15531 2 11 57 O 20
15531 5376 2 4 21 O 10
5376 2524 2 11 60 O 20
2524 2529 2 1 2 O 10
2529 2527 2 6 29 O 30
2527 16627 2 3 12 O 10
16627 5374 2 32 176 O 10
5374 5387 2 12 63 O 20
15126 15128 2 15 82 O 10
16632 16633 2 7 36 O 10
16638 16639 2 8 39 O 30
16639 16640 2 21 112 O 30
16640 16620 2 8 40 O 20
15128 15129 2 36 198 O 20
5388 15527 2 8 40 O 20
15527 15529 2 9 47 O 30
15529 2548 2 19 102 O 30
2548 2547 2 10 55 O 20
2547 2545 2 6 33 O 10
2545 5389 2 3 16 O 20
5389 16332 2 36 198 O 10
16332 14475 2 10 51 O 30
14475 2542 2 2 7 O 10
2542 16626 2 8 44 O 30
14781 14780 2 16 87 O 10
14780 14765 2 5 24 O 10
14765 14779 2 11 59 O 30
14779 5389 2 5 27 O 20
14772 15518 2 6 32 O 30
15518 14771 2 2 7 O 10
14771 16366 2 12 62 O 30
16366 16791 2 9 45 O 10
16792 14768 2 9 48 O 20
14768 14770 2 10 55 M 30
14770 16322 2 15 79 O 20
16322 5388 2 1 5 O 10
14061 14062 1 5 24 O 20
14062 14745 1 5 22 O 10
14745 8805 1 4 19 O 10
10996 14060 2 29 157 M 20
15131 15130 2 4 19 O 10
15132 2825 2 9 45 O 10
15135 15134 2 9 48 O 10
14758 15136 2 9 47 O 30
15139 11 1 3 14 O 20
11 15138 1 4 17 O 30
15138 14896 1 2 8 O 30
15137 7610 2 4 18 M 10
11053 11052 2 1 5 M 30
8246 11001 2 14 73 O 30
11001 8247 2 6 31 O 10
9731 14055 2 17 94 M 20
14053 11031 2 7 37 O 30
11031 11029 2 7 34 O 20
11029 14055 2 6 32 O 30
15141 7521 1 3 13 M 30
13497 15142 1 3 11 O 30
13498 1755 1 4 21 O 20
1755 13497 1 1 5 O 10
4273 4272 2 2 6 O 10
15151 4273 2 2 8 O 30
15150 15143 2 3 12 O 10
15153 15152 2 2 8 O 20
15152 7519 2 4 18 O 30
15155 15154 2 5 27 O 30
16394 13953 2 11 61 O 10
15145 16680 2 5 26 O 10
15146 16681 2 3 17 O 10
15147 15149 2 4 19 O 10
15148 15147 2 3 12 O 20
15144 15148 2 2 6 M 30
15158 15157 2 6 29 O 10
15159 15160 2 3 13 O 20
2024 11176 2 5 26 M 30
15163 15162 2 6 31 M 30
15162 1631 2 5 24 O 20
14095 14007 2 20 107 O 30
6694 14093 2 12 62 O 30
6788 6931 2 17 90 O 30
15165 11101 2 10 54 O 10
8212 11098 2 11 57 O 10
6610 15167 2 6 30 O 20
2562 6579 2 6 30 M 10
6600 15170 2 3 13 O 10
15172 15171 2 9 47 O 20
15174 15173 2 9 46 O 20
15175 12800 2 5 23 O 20
15179 15178 2 2 8 O 20
15178 15180 2 2 8 O 10
15181 15179 2 1 2 O 30
15181 2280 2 2 7 M 20
15177 6934 1 2 10 O 20
15176 15504 1 2 10 O 30
15504 7481 1 2 6 O 30
13953 15183 2 5 24 O 20
15186 15187 2 6 30 O 10
15187 6763 2 12 62 M 30
14933 14932 2 3 12 O 30
15185 15184 2 4 19 O 30
6680 6681 2 5 23 O 30
16570 15188 2 20 111 O 30
4735 15189 2 19 101 O 30
13949 4735 2 8 39 O 10
4735 4734 2 3 16 O 20
4734 6754 2 2 10 O 30
15191 15190 2 10 53 M 30
13976 15196 2 1 4 M 10
4733 15193 2 10 52 M 20
15195 15194 2 5 26 M 20
15198 15197 2 4 19 M 30
15199 16422 2 19 102 O 20
11083 11082 2 2 6 O 10
4425 4281 1 2 7 O 20
15201 15202 1 2 8 O 20
4281 15201 1 2 7 O 20
15202 15204 1 6 31 O 30
15204 15203 1 2 10 O 10
14853 15205 1 5 27 O 10
4747 14852 1 6 32 O 30
14852 14853 1 3 14 O 10
14855 14851 1 5 25 O 20
15208 13946 2 7 35 M 20
15209 2337 2 15 83 M 10
2337 12553 2 4 21 O 10
12549 15209 2 2 6 M 30
15211 15210 2 3 12 O 10
15213 15212 2 10 55 O 10
16410 14019 2 9 49 M 10
14019 15214 2 11 59 O 30
14088 15215 2 5 23 O 30
15192 13972 2 2 7 O 20
12527 15217 2 6 29 M 20
14096 3634 2 3 14 O 30
3634 14095 2 11 59 M 10
15335 15218 2 9 49 O 10
15237 16925 2 1 1 O 30
15220 15219 2 10 53 O 30
15221 13937 2 11 57 O 10
15224 15223 2 8 43 O 20
15225 15226 2 6 33 O 30
15104 4840 1 6 28 O 20
12585 5857 1 13 71 O 20
5857 6246 1 19 104 M 20
6246 15987 1 20 110 O 30
15987 15104 1 8 41 M 10
15228 15227 2 11 56 O 20
8803 15230 2 7 38 O 20
15232 15231 2 13 68 O 30
15234 15233 2 16 85 O 30
15236 15235 2 14 77 O 20
15239 8960 1 2 10 O 30
15241 15240 2 5 24 O 10
15243 15242 2 6 30 O 30
2588 15244 2 6 31 O 10
15246 15245 2 9 46 M 10
15248 15247 2 6 29 O 10
4841 4839 1 5 23 M 20
4839 13755 1 8 40 O 30
15251 15250 2 9 48 O 30
15254 3366 2 18 95 O 30
3366 3365 2 20 106 M 10
15257 15256 2 4 20 O 30
15256 3383 2 5 23 O 10
3383 3384 2 3 13 O 10
3384 3368 2 8 39 O 10
3384 15258 2 3 14 M 30
4752 3383 2 3 15 O 20
15260 15259 2 6 28 O 10
15253 15098 2 2 9 O 20
15098 15262 2 17 91 O 20
7604 14298 2 7 36 O 20
13966 6931 2 13 72 O 30
15268 15267 2 2 7 O 30
11001 15268 2 2 10 O 10
11033 11034 2 6 29 O 20
4125 16398 2 5 25 O 30
16398 15269 2 3 15 O 10
15271 15270 2 6 30 O 20
15272 15273 2 4 18 O 20
8806 15272 2 2 11 O 10
8451 4729 1 3 15 O 30
11013 11014 2 4 21 M 30
15275 15274 2 13 67 O 10
15282 15281 2 5 25 O 30
15285 15284 2 10 54 O 30
3363 15286 2 8 42 O 30
4749 6769 1 7 34 O 10
6769 6753 2 5 28 O 20
16665 16666 2 12 64 M 30
16666 15278 2 9 48 O 10
3358 15279 2 10 54 O 30
15279 16494 2 10 53 O 10
15277 15276 2 11 57 O 30
5513 15288 2 5 26 O 30
15289 15926 2 8 41 O 30
15291 16527 2 17 91 O 20
16506 14522 2 9 49 O 20
15292 16505 2 5 23 O 30
16505 16498 2 4 18 O 10
16498 16499 2 4 17 O 30
16499 16496 2 3 16 O 20
16496 16503 2 9 48 O 20
16503 16504 2 2 9 O 20
15119 15118 2 2 8 O 20
15117 15120 2 10 54 O 30
13945 15295 2 15 81 O 20
15296 13976 2 4 21 O 10
13949 3599 2 18 99 M 20
15298 15297 2 12 64 M 10
5512 15299 2 4 20 O 20
6756 15301 2 11 56 O 30
15303 15302 2 5 24 O 30
15305 15304 2 8 42 O 30
13941 13942 2 10 50 M 20
15307 16492 2 12 66 O 20
15309 15308 2 4 22 O 30
15313 15312 2 3 11 O 30
15315 15314 2 2 11 O 20
15326 15325 2 5 27 O 10
15323 15405 2 9 47 O 20
15324 13960 1 3 11 O 10
13833 15317 2 4 21 O 10
15319 15318 2 5 24 M 30
15328 15321 2 14 75 O 20
15321 15320 2 2 10 O 20
12625 12624 2 7 35 O 30
13962 13963 2 3 14 O 10
13952 3611 2 6 30 O 10
3610 15330 2 14 73 O 10
15330 13965 2 14 73 O 30
7143 13701 2 3 15 O 20
13701 7166 2 1 5 O 20
7133 13246 2 5 27 O 20
5791 7099 2 13 67 O 30
6245 1895 1 6 31 O 10
1895 15333 1 2 8 O 20
13680 15331 1 5 26 O 20
16926 15237 2 2 7 O 20
15237 14021 2 2 10 O 20
15337 3589 2 9 45 O 10
3589 15336 2 1 3 O 10
15339 15338 2 5 27 O 30
15342 15341 2 11 61 O 10
14990 14991 2 9 44 M 30
15345 5750 2 9 49 O 20
15347 15348 2 7 39 O 30
6024 12546 2 11 61 M 20
15216 6019 1 13 69 O 20
7602 7603 2 11 58 M 20
8047 8019 1 16 84 O 10
7601 7025 2 10 51 O 30
7025 7002 2 14 75 O 10
7002 8048 2 4 18 O 10
8020 8048 1 24 129 O 10
15353 15352 2 7 34 M 30
10877 7267 2 23 122 O 30
10044 10871 2 4 20 O 30
10871 15349 2 8 42 O 10
7267 10044 2 4 17 O 30
15349 5802 2 3 14 O 10
5802 3657 2 11 60 O 20
3657 13795 2 31 168 M 10
7158 3660 2 6 31 O 30
13732 10876 2 2 8 O 30
10876 10043 2 2 9 M 10
10043 10877 2 4 21 O 10
15355 15354 2 11 59 O 10
15357 15356 2 5 23 O 20
15359 15358 2 6 28 O 30
5779 10857 2 14 76 O 20
10857 5781 2 11 57 O 20
5781 5776 2 9 49 M 10
5776 5791 2 8 44 O 10
15365 15364 2 6 29 O 30
14093 15117 2 13 70 O 10
15117 14006 2 7 39 M 30
14006 14928 2 9 46 O 20
2818 15361 2 7 37 O 20
15362 16440 2 27 145 O 30
5818 5821 2 10 53 O 10
5727 15366 2 5 26 O 30
15367 13639 2 5 28 M 20
15369 15368 2 8 42 O 30
15371 15370 2 11 58 O 10
15373 15372 2 6 32 O 30
15372 6104 2 1 5 O 30
14950 7087 2 17 93 O 10
2521 15374 2 19 100 O 10
8972 15375 2 4 17 O 10
6678 12674 1 6 29 O 10
15082 6951 2 13 68 O 10
6951 6972 2 10 51 O 30
6944 15376 2 7 38 O 10
15378 16384 2 17 90 O 20
16384 6101 2 6 29 M 10
15381 15378 2 6 28 O 30
15378 15380 2 5 24 O 10
15380 15379 2 2 11 O 20
15379 16386 2 4 21 O 20
15383 3267 2 2 9 O 20
15382 15383 2 4 21 O 30
15384 15382 2 4 17 M 20
6972 15385 2 8 41 O 20
14211 15386 2 9 49 O 30
15388 15387 2 5 28 M 30
15391 15390 2 8 43 O 20
15392 15394 2 4 22 O 20
15395 15394 2 8 41 M 30
15397 15396 2 7 39 O 30
15399 15398 2 7 34 O 30
15406 15405 2 7 38 O 10
4731 14917 2 10 54 O 20
15401 5766 1 1 3 M 30
15400 13658 2 2 11 O 20
13657 15400 1 1 4 M 10
5786 15400 1 6 33 O 20
15400 15401 1 1 4 O 30
13657 5786 1 6 33 O 10
5784 10890 2 2 7 O 20
14493 14842 1 8 41 O 20
14842 6917 1 3 13 O 10
6917 12226 1 3 11 O 10
12226 6918 1 5 23 O 30
15403 15402 2 3 13 O 20
15404 15403 2 2 10 M 30
6318 15404 2 3 14 O 10
12488 6319 2 8 40 O 10
4613 4704 2 5 27 M 10
7899 580 1 6 30 M 10
580 4621 1 13 72 O 30
6952 2749 2 5 26 O 10
15075 6968 2 8 39 O 20
15411 15410 2 6 28 O 30
16584 15414 1 3 13 O 10
2151 15415 2 7 34 O 10
12504 12510 2 17 91 O 10
15420 15419 2 10 52 O 30
6603 6578 1 9 49 O 20
5504 9900 2 3 15 M 20
15085 7000 2 14 75 O 10
7000 7034 2 3 13 O 10
7034 7024 2 11 59 O 30
7024 7029 2 5 25 O 10
7029 7026 2 7 34 M 10
7026 7005 2 7 37 O 30
7005 7033 2 11 56 O 10
6674 6693 2 8 41 O 20
15422 15421 2 6 31 O 10
7024 7004 2 11 58 M 10
15424 15423 2 3 16 M 30
6244 4798 2 2 8 O 10
13708 15425 2 6 28 M 10
5720 15426 2 9 49 O 10
3881 3882 2 7 34 O 20
15427 6736 1 4 21 O 10
15428 15427 1 2 10 O 30
15429 15428 1 5 26 O 30
15433 15432 2 4 17 O 10
15432 15431 2 7 38 O 10
15431 15430 2 4 21 M 10
15430 15432 2 2 6 O 20
4181 4191 2 1 3 O 20
4191 4182 2 1 4 O 30
4182 5708 2 6 28 O 30
5708 5720 2 12 65 O 30
5720 2864 2 3 14 O 30
2864 4774 2 30 166 O 10
7267 7275 2 21 116 O 20
15437 3668 1 29 159 O 20
3668 16532 1 6 33 O 10
16532 3674 1 2 7 M 10
3674 3677 1 33 183 O 30
3677 3731 1 7 36 O 20
3731 16531 1 13 70 O 30
7224 7183 2 9 45 O 30
4268 2822 2 8 41 O 10
2822 16441 2 12 65 O 30
7591 10913 2 21 112 O 10
10913 7589 2 5 27 M 20
7589 16547 2 5 26 O 30
16547 13923 2 17 90 O 20
15442 15441 2 11 60 O 10
13983 3639 2 29 156 O 30
7663 15442 2 10 54 O 10
15442 13990 2 11 60 O 20
13990 13981 2 13 69 O 30
2909 15443 2 10 52 O 30
2910 14610 2 6 30 O 10
15444 14609 2 4 17 O 30
15446 15445 2 5 23 O 30
15448 15447 2 6 28 O 30
15449 15451 2 2 8 O 20
15451 15450 2 3 12 O 30
15440 15950 2 5 25 O 10
7005 15456 2 3 15 O 20
7005 15457 2 5 26 M 20
7008 6990 1 3 14 O 20
6994 15453 2 4 20 O 20
15455 15454 2 8 41 O 30
4840 8440 1 5 23 M 30
15458 10916 2 5 25 O 20
15460 7050 2 2 8 O 20
16584 4738 2 4 22 O 20
14889 16584 2 2 8 O 20
6281 6284 1 15 79 M 10
6283 12807 1 15 79 O 10
12807 6275 1 9 50 O 30
15469 7179 2 2 11 M 20
7179 7182 2 15 82 O 30
7182 10618 2 16 85 M 10
10618 15464 2 53 290 O 10
6336 2738 2 6 31 O 30
2738 7616 2 4 22 M 20
7616 7011 2 8 41 O 10
7011 4911 2 12 61 O 20
4911 7014 2 12 63 O 30
7014 2767 2 16 84 O 20
2767 4924 2 22 118 M 30
4924 3871 2 6 33 O 10
3871 3870 2 21 112 O 10
3870 3867 2 2 9 O 10
3867 2752 2 2 6 M 30
2752 15275 2 10 51 O 10
15275 2748 2 15 83 O 10
2748 15277 2 11 61 M 10
15277 4919 2 15 81 O 20
4919 6967 2 7 34 M 10
6967 6988 2 7 36 O 10
6988 15470 2 18 98 O 30
15462 13738 2 5 26 O 30
13864 15463 2 5 26 O 30
15466 15467 2 1 5 O 10
15467 15465 2 3 16 O 10
15467 15468 2 3 16 O 10
10755 7393 1 9 46 O 30
7393 3016 1 6 32 O 20
3016 5921 1 6 29 O 10
15474 16904 2 5 28 O 30
7126 15469 2 5 22 O 10
15470 7126 2 5 22 M 20
2396 15471 2 5 22 O 20
15473 15472 2 10 55 O 20
7086 7046 2 2 6 O 20
7066 7076 2 2 11 O 20
7213 15476 2 3 13 O 20
7156 15474 2 3 12 M 20
7156 15475 2 2 10 M 30
15464 7156 2 3 12 O 20
3894 7414 2 13 68 M 20
12369 8069 2 3 12 O 30
15176 15177 1 2 7 O 10
6935 15176 1 2 10 O 30
6934 6935 1 2 7 M 30
4865 10845 2 9 49 M 10
6594 6584 1 9 50 O 20
13801 6582 2 12 66 O 30
6583 13801 1 5 27 M 20
4364 15477 2 4 20 O 30
15479 369 2 9 49 O 30
15480 2238 2 2 6 O 30
2238 8441 2 5 24 M 30
15482 15481 2 5 27 O 10
15483 6975 2 4 17 M 20
10976 10975 1 4 17 O 20
10975 10984 1 4 20 O 30
5732 15089 2 18 97 O 10
15089 7191 2 12 65 O 30
7191 7076 2 12 65 O 20
7076 15490 2 14 77 O 20
15490 10703 2 8 42 M 30
10703 7075 2 8 39 O 10
7161 5732 2 18 100 M 10
13904 7243 1 19 102 O 10
13836 10678 2 1 2 O 10
10678 7084 2 12 63 M 10
7084 7120 2 3 16 M 30
7120 7148 2 6 29 O 20
7148 10668 2 16 88 M 20
10668 15484 2 5 26 O 10
7088 16896 2 3 15 O 30
16893 13919 2 1 4 M 20
13919 7151 2 12 62 O 10
7151 15485 2 22 120 O 10
15485 13837 2 2 6 O 10
15657 15646 2 21 115 O 20
10678 15486 2 7 35 M 10
7090 7072 2 9 46 O 10
7100 15487 2 3 12 O 10
13813 2565 2 4 18 O 30
3781 15489 2 5 25 M 30
15087 15491 2 3 11 O 10
14262 15319 2 3 15 O 10
15319 13833 2 2 9 O 20
13833 15328 2 2 8 O 20
15328 2735 2 5 27 O 30
2735 15320 2 6 33 O 30
15320 6336 2 7 39 O 10
14422 14421 1 3 13 O 30
5780 7242 2 7 34 O 20
7242 13661 2 2 8 O 30
13661 10766 2 9 49 O 20
10766 10768 2 6 29 O 10
10768 3822 2 7 38 O 20
3822 13323 2 18 98 O 30
13323 5757 2 1 4 O 20
10680 8101 2 9 48 O 20
5729 10868 2 15 80 O 20
13679 15493 2 8 41 O 10
15496 15495 2 8 44 O 30
15497 12391 1 2 7 O 20
12391 5518 1 4 20 O 10
5518 13761 1 2 10 M 30
15333 15498 1 4 19 O 20
4798 12585 1 9 47 O 30
15499 6244 2 6 32 O 30
10103 7548 1 15 82 O 30
14698 14906 2 11 61 O 10
15500 2924 1 4 21 M 30
2924 14698 1 10 51 O 30
14698 14699 1 8 41 O 10
14117 15501 2 8 40 M 30
15502 14117 2 8 44 M 30
7548 6181 2 29 159 O 30
6181 15502 2 11 58 O 30
6191 14117 2 5 23 O 10
5513 15503 2 4 21 O 10
15505 16800 2 1 4 O 20
15507 7545 2 5 25 O 20
7546 15507 2 2 9 O 30
15509 15510 2 8 44 O 10
15981 15512 1 2 9 O 30
7454 11480 2 5 28 O 30
11480 8342 2 19 102 O 10
13513 6389 1 7 36 O 10
6209 6159 1 17 90 O 20
14118 10166 2 7 38 O 20
15513 16554 2 4 18 O 10
13524 13525 2 2 7 M 10
4374 7927 2 11 59 O 10
6391 6891 2 20 108 M 30
10024 6446 1 21 115 O 10
9029 15515 2 7 35 M 20
8889 8891 2 26 142 M 10
8891 13382 2 17 94 O 30
13382 14589 2 38 207 O 10
14589 14586 2 12 62 O 10
8417 8416 1 2 7 M 10
8416 4541 1 5 23 O 10
8418 8417 1 3 16 O 10
15517 8149 2 4 17 O 10
8148 15516 2 5 23 O 10
8149 8148 2 4 20 O 10
15519 15518 2 13 67 M 30
15521 15522 2 4 22 O 20
15522 15520 2 10 54 O 20
16329 15522 2 10 52 O 20
15525 2550 2 22 117 O 30
16350 16322 2 12 65 O 30
15527 15526 2 16 84 O 30
15529 15528 2 14 76 M 10
8332 15533 1 19 100 O 20
15534 8325 1 16 85 M 20
5382 15530 2 15 83 M 10
15538 15537 2 3 14 O 30
15537 147 2 4 21 M 20
148 15538 2 5 23 O 30
5333 15812 1 3 14 M 10
15812 1862 1 7 39 O 20
1862 15809 1 5 23 O 10
15809 14440 1 1 3 O 10
14440 5350 1 9 47 O 20
5350 5359 1 16 84 O 20
5359 141 1 14 77 O 30
141 4300 1 14 76 O 20
7941 9144 1 7 37 O 10
9144 13506 1 44 240 O 30
13506 13505 1 22 121 O 20
6919 8442 1 11 57 O 20
8435 15542 1 6 28 O 30
15542 13898 1 10 52 O 20
15543 4330 1 10 52 O 30
15544 3074 1 3 13 O 30
3074 3072 1 6 31 M 10
3072 14216 1 3 12 M 10
15545 8333 1 9 45 O 30
4330 52 1 10 55 O 30
52 16136 1 10 53 O 30
16136 11468 1 3 14 M 20
15546 13899 1 12 63 O 30
15548 15547 2 5 26 O 30
8350 8319 1 2 8 O 30
16613 15127 2 18 98 O 30
9555 9554 2 3 14 O 30
9536 15549 2 12 64 O 10
15552 15551 2 30 163 M 10
7651 15553 2 11 59 M 10
10301 10300 2 4 19 M 10
13547 13548 2 7 35 O 10
13548 13549 2 7 34 M 20
13549 10303 2 11 58 O 10
10303 10302 2 8 40 O 10
10302 13550 2 3 13 M 10
15554 13567 2 4 19 O 30
13581 13567 2 4 18 O 10
15556 15555 2 5 27 O 10
15559 15558 2 15 82 O 20
15561 15560 2 8 43 O 10
7642 6206 2 8 41 O 10
6206 10379 2 7 35 O 20
10379 10468 2 4 17 M 20
10468 10467 2 7 34 M 20
10467 6164 2 16 84 O 20
6164 3087 2 14 73 O 10
6157 8755 2 6 30 O 20
8755 8762 2 2 8 O 10
8762 8763 2 7 38 O 20
8743 8742 2 17 91 O 30
15563 2931 2 7 35 M 30
15568 15567 2 4 22 O 20
15570 15569 2 8 40 M 10
15569 2972 2 8 40 O 20
15571 1071 1 9 45 O 30
1071 13631 1 8 41 O 10
15573 1004 2 13 69 O 20
1004 15572 2 1 6 O 30
8577 15574 2 9 46 O 10
14560 15576 2 2 11 O 10
9462 14556 2 13 67 O 20
14556 9461 2 4 21 O 20
9486 15577 2 2 10 O 20
9485 15578 2 4 21 O 10
15580 15579 2 5 26 O 30
15582 15581 2 6 29 O 20
8439 7992 2 4 18 M 30
16712 9429 2 9 46 O 10
16184 16183 2 8 40 O 20
13511 14430 1 1 2 O 30
14430 5196 1 9 44 O 20
4608 8239 1 7 35 O 30
15591 15590 2 3 16 O 10
15590 15589 2 4 22 M 30
4791 15591 2 4 22 M 30
9206 15593 2 8 41 O 10
13862 15592 1 3 14 O 20
13859 13861 1 2 10 O 10
4566 13757 1 7 37 O 10
13842 13524 1 5 25 O 10
16873 13852 2 10 54 O 20
4766 9577 1 15 82 O 20
9577 2303 1 2 6 O 30
2303 2309 1 7 34 O 10
2309 8091 1 6 31 O 10
8091 2314 1 7 35 M 20
2314 2311 1 1 3 O 30
2311 2312 1 5 28 O 10
2312 16163 1 2 9 O 20
16163 5972 1 6 33 O 10
5482 15594 2 5 26 O 10
15596 15595 2 5 23 O 10
15598 15597 2 5 23 O 30
5982 5983 1 6 28 M 30
5983 8085 1 13 69 O 30
5977 5978 2 6 30 O 20
5978 5979 2 5 23 O 10
5979 5980 2 6 29 M 30
5980 5982 2 9 49 O 20
9353 2342 1 1 3 O 10
2342 5977 1 19 104 O 10
5989 9385 2 11 60 O 30
5436 15599 2 2 10 O 30
5412 5436 1 11 56 O 20
16870 7956 2 1 2 M 20
15601 15600 2 4 18 O 30
4562 15602 1 5 25 M 30
4779 15602 2 13 69 O 20
15603 15605 2 2 9 M 20
15604 15603 2 3 15 O 30
4591 516 2 7 38 O 30
4593 4690 2 6 33 O 30
15608 15607 2 7 36 O 20
3467 15609 2 5 25 M 10
10246 10247 2 5 27 M 10
7628 15610 2 9 46 O 20
10241 10240 2 8 39 O 30
14688 14687 1 2 7 M 30
14689 14688 1 4 21 M 10
13536 16886 2 2 7 O 10
13536 14152 2 3 16 O 20
15612 15611 2 2 11 O 10
15613 14402 2 4 20 O 30
14374 14373 1 4 20 O 20
14373 14372 1 4 21 O 10
8790 8789 2 5 24 O 20
15622 15621 2 10 55 O 30
10490 10488 2 3 14 O 30
10488 5457 2 13 67 O 20
15614 16047 2 15 81 O 20
15617 15616 2 2 9 O 30
15619 15618 2 1 5 M 10
15618 15617 2 2 11 O 20
15620 4559 2 3 12 M 20
10184 15623 2 5 25 O 30
15625 15624 2 4 17 O 20
5850 12258 1 8 39 M 10
12258 15631 1 6 33 O 10
15631 6111 1 2 6 O 10
6111 15629 1 11 56 O 30
15631 15630 2 4 18 O 30
8068 8066 2 2 10 O 30
15634 3617 2 2 7 M 10
3617 7623 2 5 22 O 20
7763 7762 1 6 31 O 30
16078 16805 2 1 1 M 10
14114 14115 2 21 112 M 30
16078 14111 2 2 9 O 20
14111 10411 2 10 52 O 20
10411 10413 2 11 60 O 10
10413 14112 2 13 71 O 30
15637 15636 2 1 4 M 30
15638 15637 2 2 7 O 10
15639 15638 2 2 10 O 20
15641 15640 2 7 38 O 10
7636 15642 2 9 50 O 10
15643 8744 2 6 31 M 10
8742 6208 2 4 19 O 30
6189 10273 1 15 82 O 10
10273 6191 1 10 53 O 20
6189 10358 1 10 53 O 20
10358 6184 1 10 54 O 20
15645 15644 2 6 33 O 20
10531 10528 2 2 11 O 20
6199 10346 2 2 8 O 10
10346 14502 2 9 49 M 10
14502 6162 2 1 5 O 10
6162 14499 2 7 34 O 10
14499 14703 2 1 4 M 30
14703 3086 2 7 34 O 20
3086 6161 2 2 7 O 10
6161 14504 2 10 51 O 30
14504 6160 2 10 50 O 30
6160 6212 2 13 72 O 30
6212 15511 2 10 51 O 20
15511 10185 2 8 39 O 10
10185 14709 2 4 17 O 20
14709 14712 2 4 20 O 30
14712 15685 2 6 30 O 20
15657 15485 2 3 12 O 10
15652 15653 2 8 42 O 10
15650 15648 2 2 6 O 10
15656 15655 1 18 96 M 20
15648 15656 2 13 69 O 20
15656 7168 2 3 12 O 20
15653 15647 2 4 17 O 30
15647 15650 2 10 51 O 10
15650 15651 2 2 11 O 30
15651 15647 2 3 11 O 30
13908 13907 2 4 19 O 20
13906 13905 2 2 10 O 10
8961 6006 1 2 10 O 20
8960 6007 1 4 19 O 10
8952 8951 1 3 15 O 30
8950 8952 1 3 16 O 30
8936 6081 1 14 75 M 10
8935 7987 1 7 35 O 30
9045 9046 1 27 150 O 20
15658 15659 2 2 6 O 30
6039 15658 2 1 4 O 10
6048 6053 2 4 19 O 10
15661 27 2 8 44 O 10
15663 15662 2 6 32 O 10
15664 10586 2 4 21 O 20
8706 8705 2 9 47 O 20
15666 15665 2 5 23 M 10
15667 5633 2 13 70 O 10
15668 5952 2 2 9 O 30
15669 15668 2 3 13 M 10
8545 15669 2 1 3 M 20
5953 5954 1 7 34 M 30
4291 15670 1 2 10 O 20
15672 15671 2 46 255 O 10
15674 15673 2 13 67 O 30
15676 15675 2 11 57 O 20
15678 15677 2 7 38 M 20
6878 6795 2 14 76 O 30
6795 16608 2 16 86 O 20
15681 16849 2 1 3 O 30
16289 16853 2 1 3 O 10
15682 4157 2 16 86 M 20
4157 16283 2 5 26 O 30
16283 6830 2 4 17 O 10
15683 16858 2 1 4 O 30
6795 16841 2 1 5 O 20
16856 7540 2 1 4 O 10
15680 15679 2 11 61 O 30
15685 3799 2 7 37 O 10
3799 15684 2 20 109 O 10
15688 15687 1 3 13 O 20
4573 8459 1 6 28 O 20
8459 8469 2 4 19 M 30
14231 6922 1 7 35 O 20
6251 6922 2 11 61 O 20
6922 1380 2 2 6 O 20
1380 11444 2 3 13 M 10
11444 14230 2 4 19 O 10
14230 11442 2 8 42 M 10
11442 11453 2 7 37 O 30
8513 8508 2 4 18 M 20
15693 13618 2 8 40 O 30
12289 2222 2 4 22 O 20
12248 15691 2 5 24 O 20
8476 8299 2 3 16 O 20
14118 2390 2 18 97 M 10
12022 7406 2 5 26 O 30
15696 15695 2 6 28 O 30
15698 15697 2 4 19 O 30
13547 15699 2 1 4 O 30
10212 10211 2 2 8 O 30
15703 15702 2 4 18 O 20
15706 15705 2 7 36 M 30
4292 8129 1 2 10 O 30
6431 4292 1 2 11 O 20
4287 6431 1 2 9 O 30
15708 15707 2 7 34 O 10
15711 15710 2 5 25 O 20
4576 4791 1 5 27 M 20
15714 15715 2 5 23 O 10
15715 11877 2 4 19 O 30
15821 15820 2 2 11 O 20
15820 15715 2 1 2 O 10
15716 15821 2 2 10 O 20
15718 15717 2 6 33 O 30
15720 15719 2 6 30 O 10
3536 3537 2 5 24 M 30
8129 4287 1 2 11 O 30
6525 15722 1 11 56 O 30
15724 15723 2 6 33 O 20
15726 15725 2 6 33 M 10
15727 1585 2 3 14 O 10
15729 15728 2 2 6 O 20
15730 15729 2 2 9 O 30
15731 15730 2 2 6 M 30
15736 15735 2 7 35 O 30
6061 15906 2 2 10 O 30
15906 15661 2 17 94 O 10
15661 5234 2 5 26 O 20
14228 8398 1 2 9 M 30
8398 14229 1 2 9 O 10
4653 360 2 1 2 M 10
4877 8625 2 3 13 O 10
4439 4479 1 21 112 O 10
15738 3905 2 12 66 O 20
3905 14507 2 32 172 M 30
4573 8469 1 4 20 O 10
2427 16025 2 5 24 O 30
16025 5363 2 3 14 O 30
15741 2071 1 4 20 O 30
2071 16195 1 28 153 O 10
16195 16194 1 9 48 O 20
15743 16217 2 6 32 O 10
16217 2249 2 5 26 O 10
15745 15744 2 5 26 M 30
15747 15746 2 7 37 O 10
15749 15748 2 8 42 O 10
15750 4293 1 10 50 O 30
15751 4297 1 10 53 O 10
4297 15750 1 9 50 O 10
4457 15751 1 5 26 M 30
15753 15752 2 7 39 O 30
15755 15754 1 5 25 M 30
4474 1083 1 2 10 O 20
1083 8585 1 13 67 M 20
15757 15756 2 2 9 O 20
13797 15758 2 2 7 O 30
15758 15757 2 3 14 O 10
15760 4557 1 5 23 O 10
4438 4499 2 8 43 O 30
15763 15762 2 5 25 M 10
15764 15763 2 5 24 M 20
15762 15761 2 3 14 O 10
4549 1958 2 4 21 O 10
4622 4719 2 12 62 O 20
15767 15766 2 9 50 M 20
4774 2865 2 15 82 M 30
2865 7349 2 22 119 O 10
7349 7300 2 9 49 O 20
7300 3137 2 6 31 O 20
3137 3134 2 12 63 O 30
3134 7351 2 3 15 O 20
7351 7358 2 7 37 O 20
7358 14802 2 13 68 O 20
14802 14125 2 5 26 O 20
14125 4126 2 6 29 O 10
15769 15768 2 3 15 O 20
15770 15769 2 3 12 O 30
15771 15770 2 4 18 O 30
11440 11484 2 7 38 O 10
4319 4321 1 14 77 M 20
7954 13027 2 13 70 O 10
13027 13028 2 7 34 O 10
14350 14349 1 3 16 O 20
14349 14347 1 6 28 O 20
9711 12556 1 11 58 M 10
13587 13586 2 5 22 O 20
10173 15774 2 7 33 O 10
5585 15775 2 5 27 O 30
4453 4491 1 8 43 O 10
5387 14873 1 6 30 O 30
15777 5387 1 4 22 O 10
2390 16816 2 2 8 O 10
15779 15778 2 2 11 O 30
727 15780 2 3 11 M 10
15780 15779 2 3 12 O 30
15776 2029 1 2 7 O 20
2029 4544 1 4 22 O 10
4544 4558 1 2 8 O 10
15632 12263 2 4 18 M 20
12270 15343 2 1 4 M 30
15781 15782 2 3 14 O 20
15786 15785 2 4 17 M 20
15785 15784 2 7 38 O 20
14186 14187 2 10 52 O 30
14714 13527 1 8 44 M 10
13527 14250 1 13 68 O 20
14250 8669 1 23 125 O 10
8669 5490 1 25 138 O 30
5490 14251 1 6 32 O 20
14251 13842 1 18 96 M 30
5445 5459 2 19 102 M 20
10612 10609 2 3 15 O 20
6432 16895 2 8 40 M 20
14151 14162 2 2 9 M 30
16866 15790 2 9 48 O 10
7941 4300 2 3 12 O 20
15789 5939 2 11 58 O 30
7930 15791 2 4 22 O 20
14580 9858 2 8 41 O 10
9858 7730 2 40 220 M 20
7730 7729 2 15 81 O 10
7729 2078 2 8 43 O 10
2078 14742 2 1 3 O 20
15797 9861 2 3 15 O 30
9861 5014 2 18 95 O 30
15794 15797 1 4 21 O 20
15797 15793 1 4 21 M 20
15793 15795 1 3 16 M 10
15795 15796 1 2 9 O 20
15800 14579 1 5 25 M 10
14579 14578 1 2 8 O 30
14578 16679 1 6 29 M 20
16679 15799 1 6 30 O 30
15799 15798 1 2 8 O 30
15798 15800 1 7 39 O 30
15801 14573 2 5 25 O 20
14573 14572 2 2 8 O 30
14572 16225 2 5 25 M 30
9877 9878 2 2 10 O 10
9878 15802 2 1 5 M 20
15802 9876 2 3 15 O 20
5269 5278 2 10 54 O 30
5278 5298 2 6 28 O 10
5298 5220 2 6 32 O 20
15806 15805 1 2 10 M 30
15805 15803 1 1 5 O 30
15803 15804 1 5 24 O 30
15808 15807 1 5 25 O 10
15807 15806 1 1 5 O 10
15812 15811 2 2 10 M 30
15810 1864 2 13 68 O 10
1864 1865 2 7 37 M 10
1865 15810 2 5 24 M 10
0 37 2 15 81 M 10
15816 15815 2 8 43 O 20
15818 595 2 6 32 O 20
595 594 2 10 52 M 20
9124 9125 2 13 68 O 20
6486 6533 1 5 24 O 30
7944 16214 2 8 44 O 10
16214 7945 2 2 9 O 30
7945 7946 2 5 22 O 30
7946 6524 2 8 43 M 30
6524 7947 2 5 24 O 30
6813 6825 2 5 25 O 30
6825 16305 2 8 44 O 10
16305 4161 2 2 6 O 10
4161 6821 2 1 3 O 30
9876 5269 2 2 6 O 30
4308 13496 2 2 9 O 10
4889 4904 2 6 29 O 10
4888 4889 2 5 28 O 30
15692 4574 1 2 7 O 20
5229 14131 2 4 17 M 10
15826 15825 2 5 27 M 20
12882 15828 2 28 152 M 20
15829 15830 2 4 21 O 30
14939 1934 1 1 4 O 30
1934 13533 1 1 4 O 20
4471 4467 1 4 19 M 10
4449 4471 1 5 27 O 20
4450 4449 1 2 7 O 10
4476 4450 1 4 18 M 30
4467 8374 1 1 5 O 30
8344 8343 1 3 15 O 10
4827 11654 2 3 14 O 10
15831 15834 2 11 57 O 20
15832 15835 2 5 27 O 30
15833 15834 2 12 66 O 30
15836 15835 2 12 64 O 10
6812 6810 2 2 10 M 20
15841 15844 2 5 23 O 10
15840 3880 2 5 26 O 20
15840 15839 2 4 19 O 30
15843 15844 2 12 62 M 30
15848 15847 2 2 7 M 20
15849 15848 2 3 14 M 10
11624 11628 2 4 22 M 10
11623 11622 1 2 7 O 10
11622 11621 1 3 15 M 10
7496 1012 2 8 42 O 30
1012 4572 2 4 17 O 10
15855 15854 2 9 48 O 10
15858 15857 2 8 40 O 10
11695 11662 2 4 21 O 10
15862 15861 2 6 29 O 20
11702 11701 2 10 52 O 10
8429 15863 2 12 67 O 10
363 5962 2 7 37 O 10
8006 11812 2 7 37 O 10
11812 363 2 2 6 O 30
8541 8542 2 6 29 O 20
11828 6530 2 12 61 O 20
6541 6503 2 13 71 O 30
9796 9795 2 21 116 O 20
7725 225 2 12 67 O 10
225 9798 2 11 57 O 10
15876 15875 2 5 23 O 10
6354 15878 2 7 37 O 30
15879 8462 2 5 23 O 20
11853 11850 2 5 25 O 10
15883 15882 2 10 51 O 30
11904 11903 2 6 31 O 30
15888 15887 1 2 7 O 20
15887 11835 1 3 13 O 20
9098 5577 2 4 21 M 20
15807 15803 2 8 41 O 30
5338 15890 2 10 52 M 30
15890 5347 2 15 81 O 20
15893 16675 2 17 90 O 20
15895 15894 2 9 50 O 20
15896 5289 2 12 62 M 10
403 5292 2 7 38 O 10
15898 15897 2 13 72 O 10
91 5323 2 8 44 O 10
6039 6041 2 4 21 O 20
7699 7698 2 7 34 O 30
1881 12994 2 4 18 O 10
1883 7699 2 1 3 O 10
7699 15903 2 13 67 O 20
15903 7700 2 2 6 M 30
15909 15907 2 4 18 O 10
15773 15909 2 4 19 O 30
15909 15908 2 6 30 O 30
15788 12997 1 26 142 O 10
5553 15912 2 9 50 O 10
15916 15914 2 4 18 O 10
15915 15914 2 6 30 M 10
15914 16209 2 18 97 O 20
5587 2089 2 9 46 O 20
14897 15917 2 11 60 O 20
16023 15919 2 9 46 O 20
10008 5310 2 5 27 M 20
9753 16027 2 13 70 O 10
16027 9752 2 2 6 O 10
9752 9753 2 10 51 O 20
220 15921 2 5 26 O 20
8862 8892 2 12 62 O 20
6591 15168 2 8 40 M 20
15169 15168 2 6 32 O 30
13824 15927 2 5 23 O 10
6636 2556 2 9 46 O 20
6622 6597 2 3 14 O 10
6597 11181 2 3 13 O 10
14030 10836 2 7 35 M 30
15929 15928 2 10 52 O 30
15932 15931 2 8 40 M 10
7215 13646 2 7 36 O 10
11156 15934 2 5 26 O 30
15936 15935 2 4 18 O 30
15937 11148 2 3 14 O 20
14197 15937 2 1 5 O 20
15938 5838 2 1 2 O 10
11168 15938 2 3 15 M 10
14048 10803 2 5 26 O 30
10803 10825 2 5 24 O 10
10825 14049 2 3 13 O 30
10941 10940 2 3 16 M 10
1753 15150 2 3 14 O 20
15943 11238 2 2 10 O 30
15942 15943 2 2 8 O 10
11258 15942 2 1 2 O 20
13251 13250 2 3 14 O 20
5911 10710 2 6 31 O 20
5920 11118 2 5 26 O 20
7398 7194 2 10 51 O 20
10753 10752 2 5 25 M 20
7392 13652 2 2 6 O 30
13652 5909 2 2 7 O 30
12785 12784 2 5 27 O 30
12658 12705 2 20 109 M 10
7997 15946 2 2 7 O 20
12697 12666 2 5 28 M 20
12697 12696 2 8 43 O 30
12718 6678 1 13 69 O 10
15948 3201 2 9 47 O 20
12765 6655 2 13 70 O 20
15951 15945 2 2 9 O 30
15952 15951 2 1 5 O 10
12172 15952 2 2 8 O 30
15955 15954 2 14 74 O 30
15954 15953 2 7 33 O 10
15953 15955 2 4 18 O 30
15958 15957 2 2 9 M 20
12375 15958 2 1 3 O 30
12356 12355 2 2 6 O 30
12355 12354 2 6 31 O 30
15960 15959 2 7 36 O 20
1973 15732 2 2 10 O 10
12063 12062 2 6 29 O 10
13834 12090 2 3 16 O 30
6131 12096 2 3 13 O 30
12096 6132 2 3 14 O 10
12086 729 2 9 45 O 20
15966 15965 2 4 18 O 30
10295 15967 2 20 111 O 30
15964 12076 2 1 4 O 10
15968 15964 2 2 11 O 10
7406 16103 2 2 8 O 10
16103 12027 2 8 43 M 20
12021 12023 2 4 18 O 10
7859 7860 2 4 21 O 30
15972 14844 2 2 6 M 20
15970 15972 2 3 15 M 20
15974 15973 2 3 13 O 20
12247 2243 2 4 20 O 30
2243 15975 2 3 15 O 10
12308 12307 2 5 22 M 20
6122 12396 2 2 7 O 10
15982 6263 2 1 3 O 30
15982 15981 1 3 12 O 20
15984 12576 2 3 16 O 30
15983 15984 2 3 11 O 20
15985 15987 2 2 10 M 20
15986 15985 2 2 9 O 30
6693 15986 2 1 4 M 20
2628 6672 2 6 28 O 30
15989 15991 2 1 4 O 20
15990 15989 2 2 11 O 30
15992 15990 2 2 9 O 10
6278 6279 2 7 35 O 30
12808 3177 2 10 53 M 10
12594 12593 2 5 24 O 20
15993 14544 2 7 37 M 20
1781 15997 2 10 51 O 10
15997 7673 2 6 30 O 30
15998 14382 2 10 53 O 30
2530 15999 2 4 19 O 20
16002 16001 2 21 113 O 10
7666 16003 2 8 44 O 20
8809 16004 2 12 64 O 30
16006 16005 2 17 92 O 30
16008 16007 2 14 76 O 20
8815 16009 2 22 118 O 10
16931 8815 2 6 28 O 10
8800 16930 2 37 202 O 10
8810 16010 2 15 79 O 30
8844 16011 2 18 96 O 10
16012 16015 2 12 64 O 30
16013 16015 2 6 29 O 30
7607 16015 2 20 109 O 20
16015 16014 2 10 51 M 20
16017 8807 2 16 87 M 10
8843 16572 2 14 74 O 20
16572 16933 2 28 155 O 20
6061 12999 2 10 54 O 20
16021 16020 2 5 26 M 30
16020 313 2 6 30 O 30
411 16022 2 7 35 M 20
7702 7696 2 2 7 O 30
5597 15913 2 7 38 O 30
13888 10010 2 12 63 O 30
10010 10012 2 6 28 O 10
10012 10013 2 7 36 O 30
10013 5530 2 7 38 O 30
5530 5593 2 7 35 O 10
16026 16025 2 6 29 O 10
16029 16030 2 7 34 M 30
16033 16032 2 3 11 O 20
16035 1514 2 2 9 O 10
1514 11853 2 10 55 O 30
16037 16036 2 5 26 M 20
16039 8127 2 7 34 O 10
8127 16038 2 4 22 O 10
16041 16040 2 9 45 O 20
8463 11956 2 6 30 M 20
8921 8920 2 4 20 O 30
13484 8294 2 5 27 M 20
8550 8549 2 9 46 M 30
11770 11769 2 3 14 O 10
11795 16044 2 2 9 O 30
16044 16046 2 9 49 O 30
16046 16045 2 6 32 O 30
16045 16044 2 3 15 M 20
16048 16052 1 4 20 O 20
16052 1985 1 3 17 M 30
1985 8421 1 2 6 O 30
16049 16048 1 8 43 O 20
16051 1987 1 3 16 O 20
1987 16050 1 3 17 O 10
16054 16053 2 4 19 M 10
7914 7913 2 7 35 O 20
1033 16055 2 10 55 O 10
4337 11644 2 10 52 M 30
4337 4441 2 3 13 O 30
15852 11644 1 13 71 O 30
16056 8367 2 6 30 O 20
16059 16058 2 5 24 M 10
15893 16060 2 7 34 O 20
16061 16582 2 25 134 O 20
16582 16062 2 29 158 O 20
16062 1814 2 3 14 M 30
1814 16063 2 6 31 O 30
16063 270 2 15 81 O 10
270 276 2 43 238 O 30
1813 16066 2 7 37 M 20
16066 16065 2 3 12 M 20
16065 1813 2 5 26 M 10
1813 16064 2 1 3 O 10
16068 16067 2 5 23 O 30
16070 14947 2 15 79 O 10
10070 7674 2 1 5 O 20
10071 1772 2 4 20 O 20
1772 10072 2 11 57 O 20
6453 15016 2 21 111 O 10
15016 15019 2 3 16 O 10
15019 6219 2 8 41 O 10
8680 8679 2 2 8 O 20
7535 2890 2 7 34 O 20
2890 10100 2 19 102 O 30
10100 14119 2 16 87 M 10
10167 14477 2 2 7 M 10
16082 16081 2 5 24 O 20
16084 16083 2 10 52 O 30
16085 10143 2 8 41 O 20
13390 16086 2 5 25 O 10
16089 16087 2 6 30 O 30
13389 16089 2 6 31 O 10
16089 16088 2 2 10 O 20
16091 16090 2 6 32 O 10
16093 16092 2 24 129 O 10
7938 13391 2 12 62 O 30
13391 16079 2 3 16 O 20
5975 2329 2 5 24 O 10
2329 2327 2 4 20 O 20
2327 5981 2 3 16 O 10
5981 9572 2 8 40 O 10
9572 6366 2 9 46 M 20
5972 9671 1 10 55 O 10
9671 9668 1 2 8 O 10
9668 3172 1 5 23 O 20
3172 5973 1 1 2 O 30
5973 9360 1 9 48 O 10
9360 5974 1 8 39 O 20
12556 2117 2 7 36 O 30
2117 16096 2 6 28 M 10
16096 12554 2 4 22 O 30
16098 3268 2 3 12 O 10
12804 16101 2 8 42 M 10
14623 14613 2 10 51 O 20
16107 16108 2 2 8 M 10
16108 16109 2 2 9 O 10
7983 16114 2 5 28 O 30
8948 6080 1 3 14 M 10
6080 16115 1 3 15 O 20
3435 3436 2 7 38 O 10
16117 3145 2 6 31 M 10
3145 9446 2 4 21 O 20
9446 9445 2 4 21 O 30
16120 16119 2 5 27 M 30
9457 9456 2 11 61 O 20
9421 9422 2 4 22 O 30
9419 9418 2 6 33 O 10
7357 9198 2 6 31 M 20
16124 16123 2 8 42 O 20
16126 16125 2 8 40 O 10
16129 10739 2 4 20 O 20
11308 16645 2 3 12 O 20
16130 16131 2 3 13 O 20
10792 16130 2 2 6 O 30
7231 5804 1 11 57 O 30
5804 7198 1 5 25 O 30
7198 7212 1 4 21 M 10
7212 7209 1 3 15 O 30
7209 8104 1 5 25 O 20
8104 15438 1 2 11 O 10
15438 7218 1 8 43 M 20
7218 10725 1 5 25 M 30
10725 10730 1 4 21 M 30
10730 7378 1 12 65 M 30
7378 3233 1 14 73 O 30
3233 5803 1 5 26 O 10
5803 7848 1 9 48 O 10
7274 7269 2 8 42 O 30
11258 11200 2 1 5 M 20
12302 12298 2 10 52 O 20
12298 12301 2 5 23 O 20
1977 1976 2 7 33 O 30
16146 16145 2 5 25 O 30
6269 2633 2 3 13 O 30
12617 12620 2 9 46 M 10
12779 14486 2 2 8 O 30
8185 8186 2 9 45 O 10
7435 1260 2 1 4 O 20
1260 1262 2 3 12 O 10
1262 12323 2 3 15 O 10
16148 16147 2 3 14 M 30
16149 16148 2 2 7 O 10
7400 12331 2 8 41 O 30
3527 13488 2 1 5 O 20
13488 13489 2 3 16 O 10
5992 16152 2 4 22 O 20
16154 16153 2 6 29 M 10
16156 16155 2 6 29 O 10
16159 16158 2 6 33 M 20
16160 2292 2 6 33 O 20
16162 16161 2 23 123 O 10
8075 9661 1 8 44 O 20
9661 8076 1 4 18 O 30
16164 16163 2 6 30 O 10
8959 8958 2 7 38 O 10
3486 9641 2 7 37 M 30
16166 5116 2 10 52 O 20
16168 16167 2 5 28 O 20
16170 16169 2 9 45 O 30
16172 16171 2 5 27 O 10
16174 16173 2 5 26 O 10
5118 5063 2 4 21 O 20
5074 9564 2 6 30 O 30
41 16176 2 9 46 O 20
16182 16181 2 9 49 O 10
16193 14589 2 6 33 O 20
14141 2081 2 7 34 O 20
14145 9019 2 14 75 O 20
9923 9922 2 5 24 O 30
9825 16188 2 5 25 O 30
16190 16950 2 3 14 O 30
16950 16189 2 3 14 O 30
15005 15006 1 2 9 O 10
15006 15794 1 3 16 O 10
15005 15007 1 43 235 O 20
15008 15006 1 43 235 M 20
16197 1097 2 9 45 O 10
1097 16196 2 5 23 M 30
6477 16201 2 3 16 M 10
9993 16203 1 1 5 M 20
16203 16202 1 2 10 O 20
16202 14536 1 1 4 O 10
16204 16206 2 2 6 O 10
16205 16204 2 2 10 O 20
14534 16205 2 1 5 O 10
1710 16208 2 12 64 O 30
5552 16210 1 5 25 O 10
16210 5576 1 11 60 O 10
7947 6533 2 5 25 M 10
6533 16212 2 2 8 O 10
16212 16213 2 2 6 O 30
5334 5313 2 8 39 O 20
5313 9996 2 2 10 O 10
9996 5335 2 24 133 O 10
9850 16219 2 6 32 M 20
9848 9849 2 5 22 O 20
9847 14542 2 2 10 O 20
15042 7724 2 7 37 M 30
16224 9612 2 11 56 O 10
16226 16225 2 21 112 O 10
16230 16232 2 11 59 O 30
16232 16231 2 2 6 O 30
16231 16230 2 4 19 O 10
16236 16235 2 10 52 M 20
16238 16237 2 11 57 O 10
16240 1430 2 24 128 O 30
16242 5881 2 9 48 O 30
16244 16245 2 4 19 O 10
16243 16244 2 3 17 O 30
5625 5692 2 10 52 O 20
16246 1564 2 7 38 O 10
9747 9044 2 4 22 O 30
16247 16248 1 3 15 O 20
16248 4038 1 13 68 M 10
16251 16247 1 15 79 O 20
16249 16251 2 3 17 O 10
16251 452 2 5 23 O 10
16256 16255 2 4 22 O 20
263 73 2 22 121 O 20
16257 2131 2 4 18 O 30
16262 16261 2 16 84 O 10
16264 16263 2 9 47 O 10
16267 16266 2 15 82 O 20
6876 16268 2 7 39 O 20
6869 6880 2 33 181 O 30
16270 16269 2 5 25 M 10
16272 16269 2 9 49 M 20
16269 16271 2 11 58 O 30
16274 16273 2 9 49 M 10
16832 16282 2 1 4 M 30
3998 3999 2 3 12 O 10
3999 16284 2 14 76 O 20
16284 16283 2 20 110 O 30
16285 16290 2 6 32 M 10
16287 16286 2 9 50 M 10
16292 16291 2 15 81 O 30
16294 15846 2 11 60 O 10
16294 16293 2 18 99 O 30
16295 15838 2 6 32 O 20
6871 16296 2 7 36 O 10
6831 16297 2 7 34 O 20
16299 3999 2 17 92 O 20
16300 7561 2 7 37 O 30
16301 6813 2 17 89 O 30
16303 16302 2 7 38 O 10
16304 6825 2 8 42 O 20
16306 16307 2 7 36 O 10
16307 261 2 8 43 O 10
261 9899 2 3 14 O 20
16308 16307 2 14 77 M 10
16310 16309 2 17 92 O 10
16311 2687 2 12 64 O 30
2683 16312 2 12 66 O 10
16314 16313 2 10 55 O 20
16316 254 1 20 111 O 30
16319 6839 2 13 69 O 20
16324 16323 2 7 34 M 10
15524 16330 2 15 81 O 10
16333 16332 2 7 36 O 30
16335 16334 2 14 72 M 30
16336 16337 2 5 24 O 30
16340 16339 2 11 60 O 20
2533 16326 2 10 52 O 10
16341 16342 2 8 40 O 20
16343 16624 2 11 57 O 20
16345 16344 2 14 72 O 30
16346 16625 2 10 54 O 30
16349 16348 2 4 20 O 30
16351 14781 2 8 42 O 30
16352 14780 2 9 48 O 30
2551 16355 2 7 37 O 10
16358 14774 2 11 56 O 30
14774 16353 2 1 4 O 30
16360 16359 2 6 32 O 20
16363 16362 2 8 40 O 10
16365 16364 2 8 43 O 20
16367 16366 2 12 64 O 10
16369 16321 2 9 46 O 10
14928 14007 2 4 20 M 30
14091 14004 2 3 15 O 20
6717 6745 1 9 50 O 20
9537 14546 2 19 105 O 20
9224 9225 2 12 63 M 30
9237 16072 2 4 21 O 10
16375 16438 2 13 71 O 20
16438 4187 2 7 38 O 20
16382 16381 2 16 85 O 10
15379 16383 2 14 77 M 30
16384 3319 1 4 18 O 10
3319 16383 1 3 15 M 10
16383 16385 1 4 22 O 20
16387 16388 2 15 79 O 20
14995 14102 2 9 48 O 20
16391 16390 2 11 58 O 20
16392 16379 2 9 49 M 20
16399 16398 2 13 71 O 10
3335 16402 2 12 66 O 30
16405 16404 2 4 20 O 10
16407 16406 2 6 33 O 20
16408 16409 2 9 49 M 30
16414 16413 2 12 66 M 20
16416 16415 2 10 53 M 20
16419 16418 2 7 34 O 20
16421 16420 2 10 51 O 30
16428 12528 1 5 26 O 20
16430 7705 2 8 40 O 30
7705 16429 2 3 16 M 30
16915 16434 2 1 1 M 20
16434 16433 2 5 23 O 10
16437 16435 2 13 71 O 30
16435 16436 2 2 6 O 30
16439 16437 2 3 15 O 10
16437 16438 2 7 34 O 30
16443 16442 2 7 39 O 30
16445 16444 2 5 24 O 20
16449 16448 2 12 62 O 20
16450 15025 2 3 14 O 30
15025 16452 2 12 63 O 20
16454 16453 2 3 13 O 20
16453 6781 2 9 48 O 20
14812 9215 2 17 93 M 30
16458 16457 2 5 25 M 30
16457 16456 2 8 42 O 10
16465 16466 2 5 26 O 10
16466 7330 2 4 19 O 10
16467 16466 2 7 36 O 10
16469 16468 2 11 60 M 30
16470 16461 2 8 44 M 10
7327 3563 2 17 91 O 30
16475 16474 2 9 46 O 20
16476 7336 2 17 94 O 30
16477 8202 2 22 121 O 10
8196 16478 2 15 81 M 10
8195 16479 2 7 33 O 30
16910 16480 2 1 1 M 30
16482 3340 2 25 134 O 20
16483 15413 2 2 10 O 10
16484 15412 2 9 46 O 30
7998 12725 2 3 14 M 10
8001 12778 2 7 34 O 30
16486 16485 2 13 69 O 20
6635 6584 1 5 26 O 10
14033 14031 2 10 53 O 10
16489 16490 2 3 12 O 20
14007 16489 2 1 4 M 10
16493 13969 2 4 18 O 10
6717 16493 2 2 11 O 20
16496 16495 2 6 29 O 30
16498 16497 2 6 28 O 20
16500 16499 2 6 28 O 30
16505 16502 2 6 28 O 10
16502 16501 2 2 9 M 30
16503 16495 2 4 20 M 20
16495 16500 2 3 16 O 10
16500 16497 2 4 18 M 30
16497 16502 2 4 18 M 20
14055 11026 2 6 31 O 10
14066 11035 2 16 86 O 20
11008 16512 2 3 13 M 30
16514 16513 2 7 34 O 10
15136 3398 2 9 46 O 10
16517 16516 2 14 73 M 10
16518 16523 2 5 27 M 10
16520 16519 2 7 36 O 20
16522 16521 2 9 46 O 10
14924 14011 2 7 34 O 30
3622 16524 2 6 31 O 30
15394 15393 2 3 13 O 20
16533 13328 2 4 17 M 10
13328 13339 2 5 27 O 30
16535 651 2 19 104 M 20
651 16534 2 9 45 O 30
13336 13330 2 11 57 M 10
16537 16536 2 5 24 O 30
16539 16538 2 6 31 O 10
16540 11113 2 5 27 O 20
16542 16541 2 12 61 O 10
16544 16543 2 14 76 M 20
16546 16545 2 5 25 M 10
13268 7598 2 3 16 M 10
16548 16547 2 15 79 O 30
15294 15293 2 7 36 O 10
3698 14485 2 3 16 O 20
10764 10763 2 3 13 O 10
10879 10878 2 4 17 O 20
16551 10880 2 4 22 O 30
16557 16558 2 4 21 O 20
16558 16556 2 5 27 O 30
16561 16560 2 7 36 O 20
4425 15201 1 2 8 M 30
16749 7385 1 25 135 O 20
7385 15203 1 8 44 O 20
15203 4426 1 2 9 O 30
8125 9043 1 6 29 O 20
9043 9041 1 5 27 O 10
5363 8868 1 15 81 O 10
8868 5879 1 14 76 O 20
11288 11289 1 8 39 O 30
11289 2419 1 2 9 O 30
2419 7391 1 6 31 O 20
6500 7945 1 26 144 O 30
13746 4778 1 29 158 O 10
13809 13810 1 15 80 O 30
7767 4049 1 4 17 O 30
6542 14587 2 18 95 O 10
14587 5722 2 7 35 O 20
5722 9924 2 12 62 O 20
9924 8890 2 16 88 M 30
8890 8889 2 6 32 O 10
6527 1997 2 15 81 O 30
1997 6542 2 4 21 O 10
1159 2062 2 4 21 O 10
2062 6526 2 20 106 O 30
6526 16194 2 3 12 O 10
16194 9738 2 3 13 O 30
9738 16218 2 3 14 O 10
16218 13798 2 2 11 M 10
13798 5639 2 3 14 O 20
11864 11861 1 5 24 O 30
11861 11862 1 2 9 O 20
11862 4782 1 5 23 O 20
4780 11857 1 11 57 O 30
11857 11864 1 12 62 O 20
4830 115 2 7 34 O 10
115 6532 2 6 32 O 10
6532 11900 2 5 27 O 20
11900 15720 2 5 26 M 20
15720 4777 2 5 27 O 30
4776 109 2 5 24 M 20
109 15716 2 6 30 O 10
15716 4789 2 8 39 O 20
4831 7905 1 6 29 O 10
7905 483 1 1 3 O 30
483 482 1 6 31 O 30
482 4780 1 12 66 O 30
15709 4805 1 25 135 O 30
5935 8410 1 11 61 M 10
5936 5935 1 16 86 O 30
6057 13016 2 3 16 O 30
13016 13012 2 6 29 O 30
13012 13014 2 4 18 O 20
13014 180 2 1 4 O 30
180 8410 2 3 15 M 20
5166 5163 2 7 34 M 10
5163 5169 2 9 46 O 10
16572 16571 2 22 119 O 30
16576 16577 2 9 49 O 10
14205 1693 2 6 32 O 20
3979 14448 2 30 164 O 10
15891 5338 2 12 63 O 10
15890 16582 2 11 58 O 30
13775 16583 2 6 29 O 30
16583 7723 2 13 67 O 20
7475 4914 2 21 115 O 10
14201 16647 1 23 126 O 20
16647 16584 1 18 99 O 30
14889 16585 1 40 222 O 30
16587 16258 2 18 96 O 10
16258 16260 2 6 30 O 30
16586 16259 2 4 19 O 30
14494 4788 2 6 32 O 30
16590 3009 2 6 28 O 20
16593 16594 2 15 82 O 30
16601 1069 2 15 78 O 10
1069 527 2 14 75 O 20
527 16602 2 1 5 O 10
16602 14508 2 15 79 O 30
14508 16596 2 17 93 O 10
16597 16598 2 4 21 O 30
14238 16601 1 7 36 O 10
5842 16602 2 5 27 M 30
7747 16603 2 6 28 O 30
12113 16605 2 3 16 M 20
16606 16690 1 19 101 O 20
16923 14018 2 16 84 O 20
14018 14090 2 26 144 O 30
14090 14013 2 11 57 O 10
14013 14014 2 10 52 O 30
4870 16610 1 3 13 M 10
16611 16612 1 3 12 O 20
16649 14856 1 77 423 O 20
9903 14528 1 2 9 O 20
14683 5510 1 6 33 M 30
5510 5511 1 8 39 M 20
7734 8362 1 2 11 O 10
40 39 2 47 259 O 10
11340 15494 1 3 12 O 20
14247 8144 2 3 13 O 20
3003 3004 2 3 16 O 30
3004 7398 2 6 33 O 20
16647 16692 1 3 16 M 10
16756 3314 1 6 28 O 30
3314 3312 1 2 10 O 30
3312 12493 1 8 40 O 20
6742 14859 1 44 244 O 10
14865 1521 1 17 91 O 20
1521 16649 1 11 57 O 30
16764 215 1 6 33 O 30
215 16071 1 7 38 O 30
15007 2645 2 2 9 O 10
2645 9851 2 19 102 O 30
6557 9838 2 5 27 M 20
9838 6359 2 13 70 O 20
6359 9850 2 6 31 O 30
6368 6369 1 4 21 O 30
6369 4190 1 11 58 O 30
12864 12860 1 3 12 O 20
14179 16596 2 3 13 M 10
13845 13841 1 4 19 O 20
6446 16691 1 11 59 M 20
6446 16673 1 2 7 M 10
16673 16672 1 40 218 O 30
16661 16659 1 20 109 O 10
16663 4253 1 19 103 O 30
16674 16765 1 23 126 O 30
16666 15279 2 2 9 M 30
14525 16667 1 12 66 O 20
16650 16689 1 10 55 M 20
16668 5511 1 5 27 O 10
5510 16668 1 6 32 O 20
14854 14747 2 4 19 O 30
5912 10708 1 15 79 O 30
9799 4953 2 16 83 M 10
16675 5347 2 19 101 O 10
3033 3034 2 6 28 O 20
16932 7608 2 12 62 O 20
16677 4244 1 11 56 M 20
16678 16677 1 18 98 O 20
14862 14863 1 7 38 O 10
14863 14864 1 4 22 O 30
14864 14865 1 7 36 O 10
14865 14857 1 6 28 O 30
81 14861 1 2 9 M 30
14861 14862 1 1 5 O 20
14857 14858 1 5 27 O 10
4437 4493 1 6 32 M 10
4493 4472 1 4 21 O 30
4472 1195 1 3 16 O 20
16686 16685 2 6 31 M 30
16685 16684 2 4 20 O 20
5813 16585 2 2 8 O 20
16585 14201 2 2 8 O 10
16696 3010 2 4 21 O 20
16694 16695 2 4 22 O 10
16695 16696 2 1 5 O 30
16225 6560 2 11 57 O 20
13915 16698 2 7 39 O 10
16698 4973 2 8 43 M 20
16703 328 2 5 27 O 30
328 3842 2 2 7 O 10
3842 3844 2 5 23 O 10
3844 16702 2 10 52 M 10
16705 16704 2 1 4 O 30
287 9880 2 27 146 O 10
14452 16709 2 7 37 O 10
16709 16708 2 11 59 M 20
16706 16803 2 1 2 O 30
2657 16713 2 8 44 O 10
16714 5812 2 11 56 M 10
9580 9579 2 7 37 O 30
678 48 1 11 58 O 30
10858 13678 2 4 22 O 10
13678 5723 2 7 36 O 10
7575 14219 2 5 28 O 10
16722 16730 1 7 37 O 10
16733 4237 1 26 143 O 30
16095 16715 1 4 20 O 10
16719 16095 1 4 19 O 20
16717 16741 1 3 15 M 30
16741 16718 1 4 18 M 20
16742 16741 2 2 7 O 10
50 200 1 11 58 M 10
4189 3466 1 15 81 M 10
16747 7486 1 3 15 O 10
12778 16749 1 31 171 O 30
10794 8321 1 2 10 O 30
8321 8323 1 2 7 M 20
7738 8324 1 4 19 O 10
8348 8349 1 2 7 M 20
13895 14612 2 7 37 O 20
16752 16751 2 6 31 M 20
16753 16754 2 5 27 O 10
151 3 1 28 152 O 20
5 150 1 6 30 O 30
3 5 1 61 339 O 20
12493 2110 2 7 37 O 10
16648 16756 2 2 8 O 20
16757 16756 1 10 52 M 20
4478 4335 2 18 98 O 30
4335 4430 2 2 11 O 10
4430 4449 2 12 63 O 20
16763 16762 1 17 94 O 10
16661 16762 1 37 200 O 20
16606 4 1 26 143 O 10
16660 16689 1 4 22 O 10
92 12933 1 9 48 O 30
12933 16787 1 9 47 O 10
16787 15830 1 19 104 O 10
15830 16786 1 17 93 O 30
16662 16766 2 6 31 M 30
16769 16767 1 5 27 O 20
6892 16773 1 9 47 O 10
16776 16775 1 18 96 M 20
16770 246 1 9 48 O 20
16777 16778 1 12 65 O 20
3886 16777 1 7 39 O 20
16782 16781 1 8 44 O 10
16783 16782 1 13 69 O 10
13663 3121 2 6 32 O 20
3121 3122 2 5 23 O 30
5031 5025 2 3 14 O 30
5025 12112 2 2 10 O 20
16788 5031 2 4 20 O 20
8338 16789 1 5 25 O 30
8338 7454 1 7 37 O 20
4340 14901 1 5 26 O 20
7467 7464 2 6 33 O 10
2 1 2 24 130 O 30
8274 8381 1 1 3 M 10
4550 14423 1 2 10 O 30
14423 14422 1 2 6 O 10
14422 6525 1 10 55 O 20
7 8 2 14 75 O 20
7471 16939 2 2 8 O 20
16939 7470 2 2 8 O 10
7470 7469 2 6 31 O 10
7472 7 2 8 40 O 20
15138 10 2 4 19 O 30
11 12 2 4 20 O 30
7431 14 2 3 13 O 30
7645 18 2 4 21 O 30
8700 19 2 9 49 M 30
15550 4065 2 22 121 O 30
14862 20 1 5 27 M 20
26 25 2 6 32 M 30
13631 28 2 3 16 M 10
30 31 2 2 10 O 10
35 30 2 2 10 O 30
34 32 2 12 65 O 30
31 34 2 2 8 M 20
34 33 2 13 67 M 10
36 9781 2 13 72 O 30
6163 16759 1 7 36 O 10
42 14667 2 8 43 O 20
43 44 2 10 52 O 30
11454 46 2 22 118 O 10
49 16716 1 2 10 O 30
48 49 1 3 12 O 30
51 50 1 3 12 O 10
16744 51 1 2 11 O 10
52 53 2 14 76 O 30
449 16577 2 6 31 O 30
56 57 2 5 26 O 20
58 16339 2 7 37 O 10
61 2445 2 9 47 O 30
64 63 2 16 85 O 20
63 62 2 2 9 O 30
65 14401 2 39 212 O 20
67 66 2 6 31 O 10
2501 69 2 9 49 O 20
70 71 2 7 39 M 10
74 259 2 3 15 O 10
259 255 2 16 86 O 30
255 16316 2 12 66 M 20
16316 253 2 13 67 O 20
253 254 2 33 181 O 20
254 2681 2 16 88 O 20
2681 16318 2 12 64 O 30
16318 16317 2 5 23 O 20
16317 16320 2 7 36 O 20
77 78 2 17 91 O 30
79 80 2 11 59 O 20
11525 83 1 4 21 O 20
83 14207 1 2 7 M 20
85 84 1 6 33 O 30
84 87 1 4 19 O 10
87 88 1 1 1 O 10
4505 85 1 5 25 M 20
86 4505 1 5 27 O 20
84 89 1 6 31 O 20
89 87 1 5 27 O 30
90 8373 1 4 18 O 20
88 90 1 3 14 O 10
12908 12909 2 13 72 O 10
101 98 2 6 33 O 20
98 100 2 6 32 O 30
100 99 2 4 17 O 10
99 98 2 2 7 O 20
104 102 2 2 9 O 30
102 103 2 3 12 O 20
12355 97 2 9 46 M 20
105 16210 2 6 32 O 20
107 106 2 6 31 O 10
108 13785 2 2 7 O 20
5705 7455 2 17 92 O 30
11437 4940 2 2 10 M 20
109 11876 2 3 13 O 10
13916 110 2 2 7 M 30
11952 1546 1 8 40 O 30
111 112 2 4 18 M 10
113 4830 1 2 10 O 30
114 113 1 2 9 O 30
115 116 2 6 31 O 10
118 119 2 1 5 M 20
119 120 2 3 16 M 10
119 121 2 11 56 M 10
15033 122 1 10 51 O 30
122 123 1 7 34 O 20
15033 124 1 3 12 O 10
124 125 1 3 16 O 30
125 126 1 1 5 O 10
129 127 2 4 21 O 10
14441 14440 1 2 11 O 20
16233 16230 2 3 12 O 20
9043 9042 2 2 9 O 20
133 132 2 5 24 O 30
16764 137 2 3 13 O 10
137 136 2 3 13 O 20
136 135 2 10 53 O 20
134 136 2 9 50 M 10
138 137 2 12 62 O 30
139 140 1 24 132 O 30
4717 143 2 7 34 O 10
143 142 2 7 35 M 10
144 143 2 4 21 O 20
145 4299 2 3 12 O 30
4524 16678 1 12 62 O 10
16690 16763 1 5 25 O 30
16763 16660 1 10 53 O 30
16688 16662 1 26 144 M 10
16783 16784 1 10 50 O 20
16779 16778 1 8 43 O 10
16784 16779 1 3 12 O 30
16777 16779 1 8 44 O 30
16784 16782 1 9 45 M 20
13505 15539 1 4 17 O 20
15539 15536 1 12 64 O 10
15536 16650 1 4 21 O 20
16689 146 1 3 15 M 10
16659 16660 1 4 18 O 20
16786 3409 1 7 36 O 10
3409 16785 1 21 113 O 10
16689 16690 1 10 52 O 30
16762 15823 1 50 275 O 30
16671 16606 1 25 138 O 10
16672 16763 1 21 111 O 20
16662 16661 1 17 92 O 20
16767 16768 1 6 32 O 10
152 4226 1 15 80 O 30
4226 16776 1 2 7 O 30
16778 152 1 15 82 M 20
14448 1934 2 4 19 M 30
16785 16783 1 2 8 O 10
8309 153 2 17 89 O 30
16768 16688 1 8 40 O 20
14318 6434 2 21 111 O 20
6434 15823 2 12 64 M 30
246 540 1 6 28 O 30
540 43 1 3 15 M 10
43 16769 1 5 26 O 30
16771 16770 1 11 59 O 20
16772 16771 1 17 91 M 30
16773 16772 1 19 104 O 10
16776 16774 1 9 48 O 10
16774 16773 1 10 54 O 30
14249 14294 1 22 120 O 30
16690 16664 1 16 86 O 10
6 16576 2 13 68 O 10
16576 7748 2 10 53 O 20
7748 4922 2 9 50 O 30
4918 13580 2 14 75 M 30
156 155 1 31 167 O 30
157 158 2 2 7 M 10
158 7918 2 9 45 O 20
158 159 2 4 18 O 30
160 161 2 3 11 M 30
7918 341 2 4 18 M 10
5405 2674 2 5 26 O 30
15916 5548 2 4 21 O 20
11883 11879 2 2 10 O 10
11879 11882 2 8 40 M 10
15739 13364 2 4 20 O 20
9132 164 2 3 14 O 20
5584 5580 1 7 38 M 30
5580 5544 1 3 15 M 30
15819 5535 2 12 66 M 10
11885 2104 2 6 29 M 20
2104 11878 2 2 7 O 30
11878 2102 2 2 6 O 20
2102 11884 2 4 19 O 30
16583 167 2 14 75 O 10
169 170 2 6 33 O 30
171 172 2 5 25 O 30
173 174 2 9 45 O 10
1151 174 2 3 15 O 30
174 1030 2 5 22 O 10
1030 175 2 2 7 O 10
175 176 2 13 68 O 20
176 177 2 4 22 O 30
177 175 2 3 15 O 10
982 178 2 12 67 O 10
8422 1491 2 6 33 O 30
1491 8421 2 1 5 M 30
180 181 2 5 25 O 20
14456 5258 2 7 38 O 20
182 183 2 2 11 O 30
9303 185 2 5 25 M 10
5714 5392 1 3 16 O 10
5392 5383 1 7 33 O 20
6419 6420 1 9 49 O 20
186 187 2 4 20 O 30
188 8189 1 4 18 M 20
8189 195 1 19 101 M 10
195 193 1 48 263 O 30
193 191 1 24 128 M 20
191 188 1 17 89 O 20
189 188 2 2 10 O 10
190 191 2 2 11 O 30
192 193 2 3 13 O 30
194 195 2 3 15 M 10
5461 5395 2 6 33 O 10
9141 9142 2 5 27 O 20
9129 9119 2 4 19 O 30
9119 9140 2 8 42 M 10
197 198 2 3 16 O 20
9645 3468 2 14 74 M 30
3468 16940 2 1 4 O 10
16940 9645 2 1 4 O 30
200 2837 2 16 89 O 20
2836 6370 2 11 56 M 30
2837 2836 2 3 14 O 10
201 5121 2 8 41 M 30
202 203 2 4 20 O 10
6817 6815 2 9 49 M 30
6815 6813 2 4 22 O 30
16305 204 2 16 87 O 30
205 206 2 3 16 O 20
207 2154 2 6 29 M 20
2154 7538 2 8 44 M 30
5549 15916 2 4 17 O 10
208 209 2 6 28 O 30
5553 13888 2 3 14 O 20
13372 14487 2 6 31 O 30
13374 13373 2 5 25 O 10
13509 210 2 11 60 O 20
211 486 2 6 31 O 10
486 212 2 3 12 O 10
211 213 2 3 12 M 20
215 216 2 5 23 O 10
16664 16674 1 10 51 M 30
149 16674 2 2 7 O 10
14874 3095 1 1 5 O 20
3095 14877 1 3 15 O 10
14877 14876 1 3 16 O 30
6420 5718 2 14 77 O 30
8347 179 1 3 15 O 30
179 4999 1 2 10 O 10
14866 14868 1 2 10 O 10
14868 14867 1 3 15 O 30
5564 217 2 5 28 O 10
16211 218 2 3 14 M 20
222 223 2 2 8 O 10
223 224 2 3 13 M 30
224 8229 2 1 3 M 30
8226 5878 2 4 19 O 10
16581 16580 2 11 60 O 20
16654 9798 2 7 34 M 20
8242 7725 2 14 77 M 10
225 226 2 8 40 O 20
226 9798 2 4 22 O 30
227 228 2 12 64 O 10
9795 7728 2 4 17 O 30
13491 233 1 8 40 O 30
234 235 2 5 24 O 20
9702 231 2 1 3 O 20
231 232 2 2 11 O 30
232 229 2 2 10 O 20
9561 9562 2 5 24 O 20
5144 5103 2 13 69 M 10
237 14632 2 3 14 O 20
14666 236 2 2 8 M 10
238 239 2 3 13 O 10
239 240 2 18 99 O 20
240 241 2 2 8 O 10
242 243 2 3 14 O 10
243 244 2 18 98 O 10
244 245 2 2 9 O 30
5380 5392 2 4 20 O 10
5377 2429 2 5 27 O 10
2429 5386 2 3 16 O 20
5386 5374 2 15 83 O 30
247 248 2 18 97 O 10
249 250 2 6 30 M 30
16589 251 2 5 28 O 10
6858 6840 1 3 14 M 20
13796 6864 1 1 4 O 10
252 16258 2 4 18 O 10
73 72 2 13 69 M 30
72 74 2 12 66 O 20
16315 4036 2 9 46 O 10
4036 254 2 4 19 O 10
16316 75 2 14 76 M 20
2682 2681 2 11 56 O 30
73 257 2 28 154 O 30
258 259 2 8 40 M 10
7717 16260 2 50 274 O 20
16260 252 2 6 32 O 10
252 263 2 9 45 O 30
263 6839 2 10 53 M 20
4168 6865 2 2 10 O 30
260 15626 2 6 33 O 20
16615 16616 2 24 132 M 10
16625 2537 2 1 5 O 30
2537 14474 2 14 75 O 20
264 265 2 2 7 M 30
16069 1930 1 18 98 O 10
1930 267 1 9 48 M 10
268 269 2 2 10 O 30
13070 13117 2 14 76 O 10
13092 16063 2 6 28 O 30
16062 271 2 11 59 O 10
5317 5347 2 7 34 O 30
16068 4012 2 19 101 O 10
7920 275 2 7 36 O 20
275 5329 2 30 166 O 10
5329 5359 2 4 19 M 10
5329 7920 2 10 50 M 20
274 275 2 4 22 O 20
5339 7916 2 6 28 O 20
214 8284 1 4 19 O 10
5316 301 2 4 21 O 30
301 5349 2 1 4 M 30
277 5356 1 8 41 O 30
5331 5370 2 8 44 O 20
5356 279 2 3 15 M 30
273 141 2 4 19 M 20
13119 15587 2 3 16 O 10
16675 15892 2 6 32 O 10
282 288 2 4 18 O 10
288 293 2 10 53 O 10
293 283 2 4 19 O 20
286 283 2 11 58 O 20
283 287 2 11 58 O 10
291 292 2 7 38 O 20
289 294 2 4 18 O 10
294 296 2 4 18 O 30
296 292 2 4 17 O 10
294 295 2 7 38 M 10
296 297 2 7 38 M 30
289 290 2 7 38 O 10
290 295 1 4 18 M 20
295 297 1 4 18 O 30
297 291 1 4 17 O 20
288 289 1 3 14 O 10
292 293 1 3 15 M 10
285 298 2 14 78 O 10
299 286 1 2 7 M 20
286 5355 1 3 11 M 20
5355 298 1 4 18 O 20
298 299 1 2 7 M 30
4216 770 2 18 96 O 30
301 302 2 10 52 O 10
5325 304 2 4 19 O 10
13079 13076 2 3 15 O 30
13076 13074 2 4 18 M 10
13074 305 2 1 5 O 10
305 13072 2 3 13 O 20
13072 306 2 3 11 O 10
5294 5231 2 13 69 O 10
300 5201 2 4 19 M 10
307 15911 2 5 24 O 30
309 310 2 7 38 O 30
311 12999 2 6 29 O 10
16020 314 2 6 32 O 20
15659 12956 2 2 6 M 20
315 316 2 3 14 O 10
317 318 2 3 14 M 20
319 320 2 3 15 O 10
266 13044 2 2 9 O 20
12900 272 2 2 11 M 10
278 5356 2 1 2 O 20
8383 8382 2 3 12 O 10
5175 5191 2 3 15 O 30
6378 95 2 4 21 O 30
6378 323 2 6 28 M 20
16780 12895 2 11 61 M 30
12895 6391 2 5 27 O 20
6388 324 2 2 10 M 20
6398 16781 2 11 57 O 20
325 326 2 4 21 O 10
16701 329 2 15 79 O 20
329 6904 2 24 128 M 10
327 328 2 2 7 M 30
329 330 2 3 14 M 30
6884 6885 2 3 15 O 20
6885 6892 2 3 14 O 30
13786 16771 2 3 14 O 10
13788 16772 2 2 11 O 30
331 2967 2 20 109 M 10
5172 5175 2 6 29 O 20
332 333 2 2 8 O 30
334 335 2 3 13 O 30
334 336 2 2 8 M 20
337 3902 2 15 79 O 10
280 16676 2 5 23 O 30
12883 12884 2 2 7 O 30
307 308 2 1 5 O 20
338 339 2 1 4 O 30
340 341 2 1 3 O 30
343 344 2 4 18 M 10
9114 345 2 9 50 M 20
9115 343 2 8 39 M 30
343 9114 2 7 36 O 10
9114 9113 2 5 25 O 10
10034 346 2 4 17 O 10
347 348 2 2 7 O 30
14428 349 2 2 6 O 10
350 5266 2 5 25 O 20
352 353 2 5 25 O 10
355 356 2 3 12 O 20
357 358 2 2 6 M 30
358 359 2 3 11 O 10
1034 359 2 6 30 O 20
361 362 2 2 6 M 30
7580 6537 2 7 33 O 10
6537 364 2 1 3 M 10
11644 412 2 2 10 O 10
321 322 2 2 7 O 20
313 16019 2 1 5 O 20
360 4641 2 4 19 O 10
12009 12012 2 6 32 O 20
366 367 2 3 14 M 20
367 368 2 1 4 O 10
371 372 2 5 26 O 10
371 373 2 14 75 O 20
373 6076 2 9 45 O 10
373 374 2 5 23 O 10
6334 377 2 2 9 O 10
377 375 2 4 19 O 30
376 377 2 5 24 O 20
7879 12245 2 13 69 O 20
12294 378 2 2 6 O 30
11819 382 2 3 13 M 10
383 5298 1 10 51 O 10
384 385 2 21 115 O 20
386 387 2 9 49 O 30
388 390 2 5 22 O 30
390 389 2 3 16 M 20
394 395 2 11 58 O 30
401 402 2 3 15 O 30
5289 403 2 1 5 O 10
8411 396 2 2 10 M 10
15908 397 2 1 4 M 20
400 398 2 3 13 O 10
13086 13085 2 2 9 O 10
404 11512 2 1 4 O 30
405 14339 2 2 7 O 30
14339 406 2 4 18 O 30
5485 5499 2 2 11 O 30
14326 5471 1 14 75 O 20
410 409 2 6 30 O 20
412 351 2 1 2 M 20
351 413 2 2 6 O 20
398 399 2 1 5 O 20
13086 400 2 1 3 O 30
415 414 2 4 21 O 10
416 417 2 6 31 O 10
417 418 2 2 9 O 30
418 419 2 9 49 M 30
2375 3960 2 42 229 O 30
3960 421 2 14 74 M 20
12833 423 2 1 4 O 10
16721 2374 2 6 29 O 20
12978 12977 2 4 19 O 20
13052 13051 2 6 31 O 30
424 425 2 5 26 O 20
425 426 2 4 19 O 30
3465 3962 2 14 75 O 20
3962 4069 2 9 48 O 30
4069 428 2 10 50 O 30
428 427 2 4 20 M 30
430 4534 2 3 15 O 20
431 432 2 2 9 O 10
15866 434 2 5 26 O 20
8308 14345 2 5 25 O 20
6938 435 2 5 27 M 20
433 12822 2 2 9 O 10
436 437 2 11 60 O 30
438 439 2 10 52 O 30
10657 440 2 8 41 O 30
10663 10656 2 8 41 O 30
11455 11457 2 12 61 O 20
442 443 2 12 62 O 30
443 444 2 13 68 O 10
11778 11777 2 6 32 M 20
445 446 2 4 19 M 20
447 448 2 4 18 O 20
8927 8928 2 2 10 O 30
8928 8929 2 2 7 O 30
16599 16600 2 2 10 O 20
15615 447 2 2 7 O 30
450 451 2 7 35 O 20
452 16253 2 4 22 O 20
16253 1120 2 16 85 M 10
5631 453 2 12 62 O 30
5631 454 2 14 75 O 10
455 16575 2 5 23 O 10
456 455 2 1 2 M 10
9088 458 1 5 23 O 10
458 457 1 1 4 O 10
13518 459 2 3 13 O 10
462 463 2 3 13 O 10
464 466 2 5 25 M 10
15701 468 2 5 26 O 30
15822 11888 1 1 3 M 30
469 470 2 7 34 O 30
471 472 2 2 9 O 20
15885 6498 1 3 12 O 30
460 461 2 2 11 O 10
473 474 2 20 108 O 20
8923 8922 2 5 26 O 30
475 476 2 7 36 O 30
477 478 2 1 5 O 10
479 480 2 3 11 O 10
5870 7976 2 16 87 O 20
481 482 2 4 18 M 20
483 484 2 1 4 M 10
8930 8927 2 8 41 O 30
485 7727 2 2 6 O 10
7727 486 2 3 14 O 20
213 13504 2 4 17 O 30
490 491 2 2 10 O 20
494 495 2 1 4 O 30
497 498 2 4 18 O 20
487 4831 2 5 24 M 10
11764 7508 2 3 14 M 20
14425 488 2 3 15 O 30
11767 504 2 3 13 M 30
504 505 2 2 9 O 10
500 501 2 6 30 O 30
499 500 2 5 24 O 20
502 503 2 2 8 O 30
16047 489 2 7 37 O 30
5235 15792 2 4 19 M 30
15792 5252 2 2 6 O 20
13028 7955 2 4 18 O 20
7955 12954 2 1 4 O 10
14471 509 1 4 18 O 10
509 507 1 7 34 M 20
507 14471 1 11 61 O 10
508 509 2 2 6 O 20
510 511 2 2 7 O 10
8631 513 2 1 5 M 20
8409 515 2 9 47 O 20
4619 517 2 9 44 M 30
5502 4615 2 7 37 O 20
4615 8630 2 2 10 O 10
4679 4021 2 7 36 O 10
4021 518 2 4 20 O 20
520 519 2 6 30 M 10
8627 4617 1 1 6 O 20
4617 4663 1 6 28 O 20
4705 521 2 2 8 O 10
522 523 2 4 17 O 20
14232 524 2 7 36 M 20
525 526 2 3 16 O 20
529 530 2 2 8 O 30
531 532 2 2 7 O 20
534 535 2 2 9 O 20
536 537 2 2 11 O 20
538 539 2 3 12 O 20
8166 533 2 8 44 O 10
541 542 2 6 31 O 20
543 544 2 4 20 O 10
545 546 2 5 25 O 20
528 547 2 5 25 M 10
513 514 2 3 16 M 10
548 8938 1 9 45 M 20
8938 549 1 4 18 M 10
551 15418 1 8 42 O 10
549 550 1 6 33 O 20
550 551 1 3 12 O 10
553 554 2 5 27 O 30
555 558 2 7 36 O 10
559 560 2 4 18 O 30
561 562 2 8 41 O 30
13146 567 2 3 13 O 30
13169 15604 2 3 12 O 30
566 565 2 1 4 M 20
4671 4625 2 4 18 O 20
15607 15606 2 5 23 O 10
15607 568 2 1 4 O 30
571 4642 1 6 29 M 30
569 570 2 5 24 O 10
13181 13180 2 5 27 M 10
13180 13179 2 4 21 O 10
13179 4702 2 3 16 O 10
571 572 2 8 43 O 10
574 575 2 11 60 O 30
573 8571 1 3 15 O 30
576 799 2 8 41 M 20
577 578 2 1 5 O 10
7543 7541 2 6 28 O 20
7541 7542 2 2 7 O 20
580 579 2 4 18 M 30
8642 581 2 6 31 O 30
14455 14135 2 1 5 M 10
595 596 2 1 5 O 30
9744 583 2 3 12 O 30
583 584 2 1 5 O 10
584 585 2 3 15 O 20
585 608 2 6 31 O 10
587 588 2 4 19 O 20
588 589 2 4 18 M 20
589 590 2 5 26 M 30
12938 12939 2 6 31 O 20
12939 592 2 2 10 O 10
12937 593 2 2 9 M 30
597 16653 2 3 13 O 30
599 6499 2 4 18 O 30
5618 600 2 4 17 O 30
6502 6936 2 5 24 M 10
603 14532 2 3 12 O 30
14533 602 2 1 2 O 10
6477 6478 1 10 52 O 30
16200 16199 2 5 26 M 20
8875 6518 2 7 36 M 30
6490 16200 2 3 11 O 10
8895 601 2 6 28 O 10
604 605 2 3 14 O 20
606 607 2 2 10 O 10
608 586 2 2 6 O 10
610 609 2 11 61 M 30
9036 9034 2 7 37 O 20
9034 9033 2 6 31 O 30
9032 613 2 4 22 O 10
611 612 2 2 9 M 20
614 615 2 13 67 M 30
617 618 2 2 7 O 30
618 619 2 4 19 O 30
619 616 2 2 7 O 20
616 620 2 2 7 O 30
621 622 2 2 11 M 20
564 8629 2 10 55 O 10
591 5357 2 2 8 O 10
556 557 2 2 11 M 10
623 624 2 3 12 O 10
14208 625 2 4 20 O 10
14208 3942 2 4 20 O 20
626 627 2 4 17 O 10
11584 628 2 10 52 M 10
11534 629 2 2 7 O 20
11536 630 2 9 47 O 30
631 632 2 6 31 O 10
633 634 2 2 7 O 10
635 636 2 1 4 O 20
637 638 2 2 7 O 20
639 640 2 6 29 O 30
639 641 2 4 20 O 20
642 4504 2 4 19 O 10
643 14241 2 5 23 O 10
644 645 2 3 13 M 30
284 285 2 3 12 M 10
281 282 2 2 9 O 10
609 16234 2 2 7 O 20
646 647 2 4 20 M 30
648 10123 2 3 13 O 30
649 648 2 1 5 O 20
651 650 2 7 35 O 30
655 654 2 5 23 O 20
654 653 2 14 74 O 30
653 661 2 4 20 O 20
652 660 2 7 34 O 10
660 653 2 9 46 O 30
657 2388 2 2 9 O 10
2388 656 2 13 67 O 10
659 658 2 15 81 O 10
2464 2463 2 38 207 O 10
663 652 2 3 14 M 10
652 655 2 4 19 O 10
655 662 2 6 30 O 10
12939 16033 2 2 9 O 30
665 666 2 4 20 O 10
16031 16029 2 4 19 M 30
667 668 2 6 28 O 30
669 670 2 7 36 O 10
670 671 2 18 98 O 10
671 674 2 6 31 O 10
674 2003 2 4 17 O 10
2003 672 2 2 7 O 20
672 673 2 12 64 M 20
674 675 2 2 6 O 30
678 2839 2 4 17 M 10
2839 2838 2 3 12 O 20
2838 3038 2 29 157 O 20
16743 679 1 3 14 O 10
680 16720 1 3 14 M 30
198 9488 2 6 32 M 10
8292 682 2 2 7 M 10
679 683 1 2 11 O 10
683 680 1 2 10 O 30
15863 685 2 11 61 O 10
686 687 2 3 14 O 30
688 687 2 3 12 M 20
689 690 2 11 59 O 30
691 692 2 1 4 O 10
12856 12855 2 5 28 O 30
12861 12858 2 4 22 O 30
693 12859 2 2 7 O 20
12874 695 2 1 3 O 10
695 694 2 2 9 O 10
696 697 2 5 24 M 10
698 699 2 3 13 M 10
698 700 2 2 8 O 10
700 701 2 1 3 O 20
4072 702 2 6 29 M 30
703 706 2 3 12 O 10
705 704 2 2 11 O 10
704 703 2 3 11 M 30
707 15872 2 2 11 O 10
708 709 2 3 13 O 10
709 15859 2 2 9 O 10
711 712 2 2 7 O 10
713 714 2 1 4 O 30
715 716 2 2 8 O 30
5887 717 2 13 68 O 30
14415 15860 2 6 33 M 10
718 843 2 11 57 O 10
7441 11744 2 7 37 O 20
14412 14411 2 5 25 O 10
7360 11741 2 3 15 M 10
11741 15712 2 7 35 O 30
724 725 2 2 6 O 30
7850 726 2 2 10 O 10
12086 728 2 2 10 O 30
729 730 2 5 24 O 30
731 732 2 2 7 O 20
12068 12066 2 5 23 O 10
12066 12067 2 2 7 O 10
12066 719 2 4 18 O 20
720 721 2 4 19 O 10
13918 14206 2 2 7 O 30
11948 11946 2 2 6 O 20
11946 733 2 8 40 O 10
733 11947 2 5 23 O 30
8511 5955 2 4 20 O 30
5951 5953 1 12 65 O 10
8522 735 2 7 34 O 30
11823 11822 2 3 16 O 30
737 738 2 2 11 O 10
8297 8527 2 6 30 O 20
8298 739 2 2 10 O 30
740 741 2 10 51 O 30
11739 746 2 3 13 M 20
747 748 2 2 7 O 20
749 750 2 2 11 O 10
15868 7757 2 2 11 O 30
8487 752 2 1 3 O 20
8486 6530 2 5 22 M 10
753 754 2 6 32 M 10
11827 11826 2 2 9 O 10
11800 11799 2 4 20 O 20
5943 11801 2 3 13 O 20
755 756 2 2 9 O 20
5947 5946 2 5 26 O 20
5946 8540 2 4 22 M 10
8540 5964 2 2 8 M 30
5964 5956 2 4 21 O 10
5963 757 2 5 26 O 10
758 759 2 1 4 M 10
760 761 2 1 5 O 10
8477 8478 2 2 10 O 20
11735 762 2 3 13 O 30
762 11734 2 2 11 O 10
763 764 2 7 34 O 30
765 766 2 3 14 O 20
766 767 2 1 5 M 10
767 768 2 2 9 O 10
670 769 2 7 35 O 30
769 676 2 2 8 M 30
16091 13368 2 9 48 O 10
771 772 2 1 3 O 10
776 775 2 7 34 O 30
775 773 2 4 22 M 20
774 775 2 9 46 M 20
777 776 2 6 29 M 20
778 149 2 16 87 O 10
12088 12087 2 6 32 O 20
780 781 2 2 10 O 30
12034 782 2 4 22 O 20
12037 13911 2 4 17 O 20
13913 783 2 2 6 O 20
784 785 2 4 21 O 10
786 787 2 2 7 O 20
789 790 2 2 6 M 30
12599 12626 2 6 28 O 30
791 792 2 3 13 O 10
12599 791 2 2 8 O 30
792 12625 2 1 4 M 10
11712 15858 2 3 12 O 20
793 794 2 3 16 O 10
14788 8348 1 4 18 O 30
796 797 2 7 33 M 30
4683 798 2 9 47 O 10
800 801 2 2 9 O 20
7445 802 2 4 17 O 30
803 804 2 12 66 O 20
805 11703 2 2 10 O 10
825 826 1 2 9 O 20
826 827 1 4 19 O 10
827 828 1 2 11 O 10
829 830 2 5 22 O 20
806 807 2 2 9 O 30
808 809 2 8 44 O 10
810 811 2 2 8 O 20
11668 11667 2 6 32 O 10
812 813 2 2 8 O 20
813 814 2 2 8 O 10
812 11669 2 3 16 M 10
815 11669 2 2 6 O 30
11669 11668 2 1 5 O 30
13632 11670 2 2 6 O 10
11669 816 2 4 19 O 20
14362 817 2 1 5 M 20
7506 818 2 1 3 O 20
819 820 2 6 31 O 10
821 822 2 2 10 O 20
823 824 2 4 20 O 10
824 831 2 3 12 O 20
823 832 2 2 6 O 20
834 833 2 4 22 O 10
835 836 2 2 10 O 10
11756 837 2 2 7 O 10
11756 11755 2 5 25 O 20
838 839 2 2 7 O 30
840 841 2 2 7 M 20
11751 842 2 5 26 O 30
844 845 2 3 11 O 30
846 847 2 4 22 O 30
848 849 2 2 11 O 30
849 850 2 1 2 O 20
850 851 2 5 25 O 10
852 853 2 4 17 M 20
11607 11606 2 9 47 M 10
855 15852 2 7 38 O 20
856 857 2 2 9 M 20
857 858 2 2 10 O 10
858 859 2 10 52 O 10
861 11619 1 2 6 O 20
862 861 1 4 19 O 30
863 864 2 3 14 O 10
866 6144 2 2 8 O 20
11741 867 2 2 10 O 30
868 11697 2 3 15 M 10
8506 8489 2 2 10 M 10
14462 869 2 6 30 O 30
870 871 2 2 9 M 30
872 873 2 3 12 O 20
874 875 2 4 17 O 10
875 879 2 1 4 O 20
879 16 2 2 7 O 20
12119 880 2 1 2 O 30
16605 5042 2 1 3 O 20
881 882 2 2 8 M 10
5016 883 2 6 28 O 10
886 884 2 5 26 O 20
884 885 2 3 16 O 30
885 13765 2 3 12 O 10
876 877 2 2 6 O 30
12117 12114 2 3 13 O 10
12114 878 2 1 4 O 20
887 888 2 1 4 O 10
889 890 2 2 8 O 20
11681 11680 2 6 31 M 30
7368 893 2 5 25 O 10
891 11690 2 2 10 O 30
894 895 2 1 4 O 10
11689 896 2 2 6 O 30
897 898 2 1 4 O 10
14418 899 2 4 18 O 30
11692 11693 2 5 26 M 30
901 902 2 5 22 O 10
903 904 2 2 11 O 10
905 15851 2 5 24 O 10
906 907 2 2 7 O 10
908 909 2 2 10 O 20
909 910 2 4 21 O 20
911 912 2 3 11 O 20
914 913 2 3 13 O 20
14872 914 2 1 3 O 10
915 916 2 1 4 O 30
916 917 2 3 13 O 10
917 918 2 3 13 O 30
200 678 2 2 8 O 10
919 920 2 2 6 O 10
922 921 2 4 18 O 30
924 925 2 2 8 O 10
923 13638 2 1 2 M 10
13638 924 2 1 3 O 20
8328 926 1 7 38 O 30
8317 929 1 2 10 M 10
928 8318 1 2 11 O 10
932 933 2 3 13 O 30
933 935 2 6 31 M 30
936 15874 2 3 16 M 10
937 938 2 1 4 O 20
930 931 2 4 20 O 30
939 940 2 2 10 O 20
939 941 2 3 12 O 30
14872 11595 2 14 75 O 30
915 943 2 3 12 O 30
943 942 2 2 9 O 20
15575 944 2 10 55 O 30
945 946 2 6 29 O 20
952 953 2 6 30 O 30
4587 947 2 1 4 O 10
948 949 2 2 9 O 20
950 951 2 6 32 O 10
13189 955 2 5 23 O 20
954 13189 2 5 25 O 10
15853 956 1 3 13 O 20
956 8635 1 2 6 O 30
957 958 2 1 3 O 30
959 960 2 6 28 O 10
962 963 2 4 20 O 20
961 962 2 3 13 O 10
964 965 2 2 8 O 30
966 967 1 20 106 O 20
8155 968 2 5 28 O 30
8152 8142 2 5 24 O 10
12369 15963 1 3 13 O 30
15963 12368 1 4 19 O 20
15963 969 2 4 18 O 10
970 971 2 2 8 O 30
972 973 2 1 3 O 20
12371 17 2 5 25 O 30
17 974 2 1 4 O 30
6243 6252 2 3 13 O 30
6252 14746 2 2 8 O 10
975 976 2 2 8 O 20
976 7975 2 3 16 O 10
83 977 2 2 11 O 20
977 4008 2 9 48 M 10
4008 4009 2 6 32 O 30
4009 977 2 2 10 O 30
11523 7467 2 8 44 M 10
14242 980 2 4 17 O 10
980 981 2 3 16 M 10
978 979 2 4 19 O 10
983 984 2 5 27 O 20
985 7544 2 3 13 O 30
994 995 2 2 6 O 30
994 7898 2 3 16 O 30
13159 996 2 6 29 O 30
996 1064 2 10 52 O 20
4715 998 2 6 31 O 30
4611 999 2 7 35 M 30
1000 1001 2 5 25 O 20
15572 1002 2 4 22 O 10
1003 1004 2 1 3 O 30
1005 1006 2 2 9 O 20
986 987 2 3 15 M 20
987 988 2 8 41 O 10
988 989 2 2 8 O 30
989 990 2 3 15 O 20
990 991 2 2 6 M 10
986 992 2 2 7 O 20
988 993 2 4 20 O 10
1007 1008 2 2 9 O 10
1009 1010 2 1 4 O 30
11706 1011 2 2 7 M 20
1012 1013 2 6 31 O 10
1014 1015 2 2 10 O 10
4329 1016 2 3 14 M 10
10042 1017 2 3 12 O 20
1021 1022 2 3 12 O 10
1023 1024 2 2 6 M 30
1025 1026 2 2 7 O 30
1027 1028 2 4 21 O 20
1029 1030 2 5 22 O 20
1031 1032 2 10 53 O 20
1036 1037 2 2 10 O 10
1038 1039 2 4 17 O 20
1034 1035 2 3 13 M 20
1040 1041 2 1 3 M 30
2734 14163 2 2 10 M 30
1042 4902 2 2 8 O 20
1002 1043 2 3 13 M 30
1044 1045 2 2 6 O 20
1046 1047 2 3 12 O 20
1048 1049 2 3 15 O 20
1050 1051 2 9 46 O 30
4505 1055 2 5 26 O 10
1055 1054 2 2 8 O 20
1056 1057 2 2 6 O 10
1058 1059 2 2 9 O 20
1060 1061 2 2 10 M 20
130 1065 2 3 13 O 10
4579 1063 2 3 12 O 30
8642 1066 2 4 22 M 20
1067 8641 2 6 32 O 20
1068 1069 2 6 28 O 10
1070 1071 2 4 19 O 30
1072 1073 2 3 13 O 20
4876 1074 2 5 27 M 10
16760 4876 2 9 50 O 30
1075 16760 2 4 17 O 20
1076 1077 2 3 11 O 20
1078 1079 2 3 13 O 20
4887 1080 2 18 98 O 20
1081 1082 2 5 25 O 20
4445 4455 2 4 19 O 30
15737 7896 2 3 13 O 30
1083 1086 2 4 20 O 30
1086 1084 2 5 26 O 30
1085 1086 2 6 29 O 20
1086 1087 2 6 31 M 30
1088 1089 2 7 36 M 10
5495 3573 1 6 31 O 20
3573 3571 1 4 22 M 10
3571 1090 1 4 17 O 10
6517 6505 2 8 43 O 10
1091 6504 2 15 83 O 30
6509 1092 2 4 17 O 10
1093 1094 2 3 15 O 30
6504 6479 2 10 54 O 20
8884 1095 2 3 12 M 30
1096 6518 2 8 43 O 10
1097 1098 2 5 25 M 10
1097 1099 2 7 36 O 10
16197 1100 2 6 32 O 10
1102 1101 2 11 57 M 20
1103 1104 2 5 27 O 20
1105 1106 2 1 5 O 20
1107 16198 2 6 32 O 30
8879 8878 2 5 26 O 30
8554 15870 2 5 24 O 10
15871 13494 2 1 4 O 20
13494 8147 2 2 10 O 20
8147 14481 2 3 12 O 30
8553 13493 2 2 8 M 10
13493 1108 2 3 11 O 20
1108 1109 2 2 10 O 10
15878 1111 2 8 41 O 10
1111 15875 2 2 7 O 30
15875 15877 2 5 26 O 20
1112 1113 2 2 9 O 30
1114 13875 2 5 23 O 20
13875 13874 2 4 22 O 30
1115 1116 2 8 44 O 30
1116 1117 2 1 5 O 30
1117 1118 2 5 22 O 30
1117 1119 2 15 83 O 10
14400 1121 2 24 128 O 20
1122 1123 2 3 16 O 10
1124 1125 2 3 15 O 10
8598 8599 2 3 17 O 20
1127 4874 2 3 16 O 10
8594 1128 2 11 56 O 10
8621 8620 2 3 16 M 10
13156 1129 2 3 16 O 10
1129 1130 2 2 9 O 30
6351 13214 2 12 65 M 20
1131 1132 2 3 11 O 10
1133 1134 2 11 56 M 20
1135 1136 2 4 17 O 30
1137 1138 2 4 17 O 30
1139 1140 2 3 11 O 30
8608 1140 1 4 18 O 30
4886 1141 2 13 67 O 10
1142 13211 2 2 8 M 20
1143 1144 2 2 8 M 10
1145 4883 2 2 9 O 10
1146 1147 2 2 7 O 20
1148 16094 2 5 28 O 10
1149 1150 2 4 19 O 30
1158 1160 2 12 66 M 20
16056 1152 2 2 7 O 20
1153 1154 2 2 10 O 30
1155 1156 2 3 15 M 30
1156 1157 2 1 3 M 30
1161 1162 2 2 7 M 10
1163 1164 2 2 6 O 30
8586 13190 2 5 22 M 20
8587 1165 2 6 30 O 10
8588 8587 2 2 9 M 30
1167 1168 2 5 23 O 10
8590 8578 2 5 24 O 10
8610 1169 2 2 9 O 30
8617 13206 2 3 15 O 30
1171 1172 2 2 8 O 10
1173 1174 2 1 4 O 20
4826 13191 2 2 8 O 20
13191 4825 2 8 39 O 10
11497 1170 2 9 48 O 10
11505 1183 2 2 6 O 10
1184 3926 2 7 37 M 30
1185 1019 2 5 23 O 10
11586 11585 2 4 21 O 20
11587 1175 2 2 6 O 30
1176 1177 2 2 7 O 30
1178 1179 2 6 28 O 20
11588 1180 2 4 19 O 30
1181 1182 2 2 8 O 10
1192 1193 2 3 16 O 20
1186 16761 2 8 43 O 30
16761 1187 2 5 26 M 30
1187 1186 2 4 17 O 30
1186 7966 2 2 9 O 30
1188 1189 2 1 3 O 10
1190 1191 2 1 3 O 10
14721 14720 2 3 12 M 30
4485 1196 2 10 54 M 20
4439 14166 1 6 32 O 20
14166 4437 1 3 12 O 20
4452 1197 2 2 10 O 10
1198 1199 2 4 17 O 30
11576 1198 2 3 12 M 20
1200 1201 2 2 8 M 30
1201 1202 2 3 16 M 30
4500 5891 1 6 32 O 10
1203 1204 2 2 10 O 30
5895 1205 2 12 62 O 10
1206 1207 2 3 15 O 10
1208 1209 2 4 21 O 10
1209 1210 2 2 7 O 30
1211 1212 2 6 30 O 20
1213 1214 2 2 6 O 20
1215 1216 2 2 10 O 30
1217 1218 2 3 11 O 30
1219 1220 2 4 20 M 20
1221 1222 2 2 7 O 30
1223 1224 2 6 28 O 20
1226 1227 2 5 25 O 30
1228 1229 2 2 8 M 30
11530 11532 2 1 2 O 30
11533 11532 2 5 23 O 20
1230 11530 2 6 31 O 20
11515 1238 2 2 8 M 20
1231 1233 2 3 11 O 30
1233 1232 2 2 11 O 30
1233 1234 2 2 9 O 10
1235 1236 2 4 21 O 10
11570 4871 2 5 22 O 10
11570 1242 2 6 28 O 10
1240 1243 2 2 10 O 30
11582 1244 2 1 4 O 20
1202 1245 2 4 17 O 30
1249 1250 2 2 10 O 10
1251 11578 2 4 21 M 10
1252 1253 2 3 13 O 30
1254 1255 2 4 20 O 10
1257 1258 2 7 35 O 20
1259 14444 2 6 28 O 30
1260 1261 2 3 16 O 20
1262 1263 2 1 5 O 30
7434 7435 2 4 18 O 10
1264 15 2 6 29 O 30
1267 1265 2 3 14 O 20
1266 1265 2 2 8 O 20
1268 1269 2 1 4 M 20
1269 1270 2 10 51 M 10
975 1271 2 3 11 O 20
1271 1272 2 2 10 O 30
16127 16126 2 6 33 O 10
1273 1274 2 3 11 O 20
1277 1278 2 3 15 O 10
1279 1280 2 2 6 O 20
1281 1282 2 2 6 O 30
1283 1284 2 2 7 M 30
1285 1286 2 3 13 O 10
1285 1287 2 4 21 M 20
7457 1288 2 5 24 M 20
11482 1290 2 3 14 M 20
7469 7468 2 6 28 O 20
7471 7472 2 4 22 O 20
1291 7473 2 7 36 O 10
1292 13776 2 5 24 O 20
1293 14231 2 2 9 O 20
11451 11450 2 3 14 O 10
2094 1294 2 2 7 O 20
1295 7750 2 7 39 O 20
1296 7723 2 10 52 O 20
1298 11458 2 2 9 O 30
1299 1297 2 2 6 O 20
1300 1301 2 3 13 O 10
1302 1303 2 3 16 O 10
11459 1305 2 5 27 O 10
1305 1304 2 5 24 O 20
1305 1306 2 3 16 O 20
1308 1306 2 2 8 O 30
1306 1307 2 3 14 O 20
1309 16564 2 4 19 M 20
1310 1311 2 3 15 O 30
1312 4910 2 3 12 O 30
8432 1315 2 3 11 O 20
1315 4905 2 2 6 O 10
1313 1314 2 6 29 M 10
1314 1315 2 5 24 O 30
1317 1316 2 3 12 O 30
1319 1320 2 2 8 O 20
13688 13686 2 3 16 O 10
1321 13685 2 3 13 O 20
4926 13687 2 5 27 O 30
11435 1322 2 5 26 O 10
1324 1325 2 6 32 O 10
393 1323 2 2 9 M 20
14431 394 1 4 21 O 10
1326 1327 2 4 22 O 30
1329 1330 2 3 12 O 20
1331 1332 2 1 5 O 30
1333 1334 2 3 15 O 20
1335 1336 2 4 18 M 10
1337 1338 2 21 113 M 20
1339 1340 2 4 19 O 30
1341 8396 2 2 10 O 30
15542 1342 2 7 37 O 20
1343 1344 2 9 48 O 30
1345 1346 2 2 9 O 10
1347 1348 2 2 9 O 10
1349 1350 2 2 10 O 10
1351 13773 2 2 7 O 20
1352 1353 2 2 6 O 30
1354 13778 2 2 7 O 20
1355 1356 2 2 7 O 10
1357 1358 2 3 12 O 30
1359 1360 2 1 4 O 30
1361 1362 2 1 5 M 10
1364 1365 2 1 3 O 10
1365 1366 2 3 12 M 20
1366 1367 2 3 12 O 10
1371 1369 2 6 28 O 10
1368 1371 2 7 38 O 10
1369 1370 2 5 25 O 10
13 16150 2 4 21 O 10
7452 1363 2 4 22 O 10
1372 1373 2 2 9 O 30
1373 1374 2 2 10 O 30
3304 6582 2 4 20 O 10
0 1376 2 8 43 M 30
15928 1377 2 5 26 O 20
1378 1379 2 5 26 O 30
1380 13876 2 2 8 O 20
1381 1384 2 5 25 O 10
1384 1382 2 5 26 M 30
1383 1384 2 1 2 M 20
1385 1386 2 2 10 O 10
1387 1388 2 3 16 O 30
11449 1389 2 4 18 O 10
7751 7753 2 4 18 O 20
13766 6923 2 4 20 O 30
12208 12207 2 2 11 O 30
14875 14874 1 3 12 O 10
13719 4334 1 7 38 O 30
1390 1408 1 4 19 O 10
1408 7412 1 13 68 O 30
7412 8282 1 10 53 O 30
8651 13726 1 8 43 O 30
14854 5509 1 10 52 M 30
14851 14850 1 3 12 O 20
4637 1399 2 6 33 O 20
15026 1400 2 2 9 O 20
1401 1402 2 2 9 O 10
1391 13155 2 2 10 O 20
14713 8669 2 5 23 O 30
5467 14401 2 13 67 M 20
14401 5473 2 13 68 O 10
1392 1393 2 12 64 M 30
1394 1395 2 11 60 O 30
1396 1397 2 8 44 O 30
1403 1837 2 16 86 O 10
1404 14498 2 1 4 M 10
3987 1406 2 2 11 O 30
1407 1409 2 4 18 M 10
1409 1408 2 3 12 O 10
1421 1422 2 2 6 O 10
1423 1424 2 5 26 O 20
1425 7923 2 7 35 O 20
7922 1410 2 7 36 O 20
1412 1410 2 7 34 O 30
1410 1413 2 7 37 O 10
1411 1412 2 6 29 O 10
15772 1414 2 10 54 O 30
5879 5880 2 2 10 M 30
5880 5882 2 15 81 O 20
5882 8866 2 3 15 O 30
8892 1416 2 5 27 O 20
8864 1418 2 5 24 O 10
1418 1419 2 3 13 M 20
1419 1420 2 1 3 O 30
8892 1417 2 5 24 O 10
1426 1427 2 4 20 O 10
8864 8865 2 6 28 O 20
8866 8865 2 6 32 O 10
1428 1429 2 2 6 O 30
16239 16240 2 14 72 O 30
16240 16241 2 4 20 O 10
1430 1429 2 2 10 O 10
1429 16239 2 3 13 O 20
1431 1432 2 2 9 O 20
12337 1434 2 5 24 O 10
16604 1435 2 3 13 O 10
1436 1437 2 3 11 M 20
7400 15962 2 6 29 O 10
1438 1439 2 3 13 M 30
1440 1441 2 2 6 O 10
1442 1443 2 2 10 O 10
1444 1445 2 1 5 O 20
1447 1446 2 14 73 O 30
1448 1449 2 8 39 O 30
1450 1451 2 2 9 O 10
1452 1453 2 7 35 M 20
1454 1455 2 5 26 O 20
1456 1457 2 4 22 O 20
1458 1459 2 1 4 M 30
1459 1460 2 2 10 O 20
1461 1462 2 4 17 O 30
9590 9583 2 9 48 O 10
9591 16568 2 5 23 O 20
6248 9584 2 4 21 O 30
16034 1465 2 1 4 O 30
1466 1467 2 7 34 M 10
1468 5104 2 6 30 O 20
8134 8133 2 7 37 O 10
8134 1469 2 7 37 O 20
1470 1471 2 11 60 O 10
5102 1472 2 2 7 M 10
1472 5149 2 3 12 O 30
5083 1473 2 18 95 O 30
1474 1475 2 3 15 O 20
1475 1476 2 3 12 M 30
1476 1473 2 1 4 O 20
1477 1478 2 5 27 O 20
5078 1480 2 6 29 O 20
9622 9621 2 5 26 O 20
9621 1481 2 5 27 M 20
1482 5067 2 6 28 O 20
5100 1483 2 5 23 O 10
16179 1484 2 6 30 O 10
1485 1486 2 12 66 M 10
1487 1488 2 4 22 O 20
1489 16227 2 10 50 O 20
8647 8648 2 3 16 O 30
4443 13839 1 2 6 O 10
13848 13847 1 2 6 M 20
13847 13846 1 2 9 O 20
5509 14855 1 3 12 M 20
14850 4747 1 3 13 O 20
13845 13856 1 3 13 O 10
5404 1493 2 2 10 O 10
1494 1495 2 1 5 O 20
1496 1499 2 2 8 O 20
1499 1497 2 5 24 O 20
1498 1499 2 1 3 O 30
1500 1501 2 2 7 O 10
1502 12907 2 1 5 O 20
12907 5228 2 2 7 O 30
14759 6420 2 4 18 O 30
6836 6858 1 2 8 O 20
5898 7483 2 12 64 O 30
7483 14242 2 3 13 O 10
14242 1504 2 5 25 O 10
1506 2811 2 3 13 O 20
2811 2808 2 13 71 M 10
2808 1505 2 5 28 O 10
1509 1510 2 6 30 O 30
9111 9977 2 2 7 O 10
1516 1517 2 9 45 O 20
5594 11925 2 4 22 O 10
16567 1518 2 5 25 M 30
1514 1515 2 3 17 M 10
4134 4135 1 12 64 O 30
1523 1524 2 8 40 O 10
1526 13799 2 2 9 O 30
7196 11116 2 3 13 O 10
11116 3102 2 4 19 O 30
3102 5920 2 2 9 O 30
1527 1528 2 2 10 O 30
5663 1529 2 1 5 O 20
1530 1531 2 8 43 M 20
5681 1532 2 4 18 M 20
1533 1534 2 8 43 O 10
1535 1536 2 10 52 O 20
8121 1537 2 8 42 M 10
1538 1539 2 3 13 O 20
1539 1540 2 9 45 O 10
11965 11964 2 4 21 O 20
1541 1542 2 2 10 O 10
1544 1543 2 11 59 O 30
15791 14571 2 7 34 M 20
1549 1548 2 12 63 O 20
1548 7726 2 9 47 O 10
7726 3916 2 4 21 O 30
3916 7729 2 4 19 O 10
9804 9803 2 10 52 O 10
1550 1551 2 2 7 O 10
1553 1554 2 2 11 O 10
1555 1556 2 12 62 O 20
1557 1558 2 2 11 O 30
7726 1559 2 7 35 M 30
1560 1561 2 4 17 O 10
1562 1563 2 4 19 O 30
5676 5626 2 4 22 O 30
9800 1565 2 4 20 O 20
1565 1566 2 5 27 O 30
5670 5634 2 16 86 M 30
5634 5691 2 4 22 O 30
1567 1568 2 1 4 O 30
1569 1570 2 2 6 O 30
1571 11938 2 3 14 O 30
11938 11939 2 2 11 O 30
11942 11940 2 2 10 O 10
11940 11938 2 3 14 O 20
5543 1572 2 1 5 M 30
11941 1574 2 3 11 O 20
11941 1575 2 2 8 O 20
1576 1577 2 1 5 O 10
1578 1579 2 10 52 O 20
11858 1580 2 2 6 O 20
1581 1582 2 7 37 O 10
5605 5578 2 2 11 O 20
1583 1584 2 4 22 O 30
1587 117 2 5 26 O 10
1588 1587 2 1 3 O 30
116 1588 2 1 4 O 30
11899 1589 2 3 12 M 10
11897 11896 2 4 20 O 10
4777 1590 2 10 51 O 20
1591 1592 2 1 3 M 30
1593 1594 2 1 6 O 10
1595 1596 2 4 19 O 30
1594 1595 2 3 15 O 20
1597 1598 2 7 37 M 30
1599 1600 2 2 7 O 10
1598 1599 2 1 5 O 30
11911 1577 2 6 31 M 20
1577 11910 2 4 19 M 20
11910 11909 2 3 15 O 30
11909 11907 2 4 18 O 10
11907 15880 2 6 31 M 10
11918 11917 2 6 29 O 20
11917 11916 2 2 9 O 10
1546 1545 2 4 18 O 30
6134 1600 1 4 21 O 30
1600 11902 1 14 76 O 10
11902 15883 2 1 4 M 30
15883 1602 2 3 14 O 30
1602 15884 2 2 11 O 20
1601 1602 2 4 19 O 10
1603 1604 2 2 7 O 30
1605 1606 2 3 14 M 10
4985 4970 1 7 36 O 10
1607 9578 2 10 55 O 10
1608 1610 2 21 113 O 10
1610 1609 2 2 10 O 20
1610 1611 2 16 85 O 20
1611 1608 2 2 8 O 20
9583 9585 2 5 25 M 30
9603 9602 2 7 35 O 10
1612 1614 2 3 11 M 20
1614 1613 2 2 9 O 20
9864 5014 2 14 73 O 20
13443 13444 2 3 14 O 20
1615 1616 2 2 10 O 10
1617 1618 2 6 30 O 20
6560 9599 2 10 53 M 10
14261 8039 1 1 1 M 20
1627 1628 2 2 8 M 20
1636 1635 2 3 13 O 30
1635 1637 2 2 11 O 30
1630 6611 2 7 33 O 30
1634 1633 2 3 12 O 20
11193 6602 2 12 65 O 20
12357 12356 2 3 16 O 30
1619 12380 2 5 27 O 10
12381 1619 2 2 7 M 30
12386 1620 2 5 25 O 10
1620 12390 2 7 34 O 20
15680 1621 2 2 6 O 10
12347 1624 2 3 14 O 20
1624 1625 2 2 9 O 10
12346 1626 2 2 7 M 20
12349 12345 2 3 14 M 30
12379 12375 2 3 15 O 20
1639 1641 2 1 4 M 30
1642 14792 2 2 8 O 30
12354 1642 2 1 4 O 10
1644 1645 2 5 23 M 20
1645 1646 2 2 9 O 10
1646 1647 2 2 8 O 10
1643 1644 2 3 14 O 30
12188 15961 2 3 16 O 30
12187 12185 2 5 25 M 20
1648 1655 2 3 14 O 30
1655 1649 2 5 23 O 20
1650 1651 2 3 12 O 20
1651 1652 2 2 7 O 10
1650 1653 2 1 4 O 10
12186 1654 2 2 9 O 30
1654 1655 2 1 5 O 10
1653 12186 2 1 5 O 10
1632 11193 2 1 5 M 30
6602 1634 2 1 5 O 10
11274 1638 2 1 4 O 30
1641 1640 2 2 10 O 30
1622 15955 2 2 9 M 30
15956 1622 2 2 6 O 30
76 1657 2 3 12 O 20
1657 1656 2 10 52 O 10
1657 1658 2 18 97 O 30
8199 1660 2 7 37 O 20
1660 1662 2 6 30 O 10
1662 1659 2 2 9 O 10
1660 1661 2 10 54 O 20
1662 1663 2 10 53 O 10
13505 9121 2 4 21 O 10
16071 9121 1 12 65 O 10
1664 1665 2 6 28 O 30
11890 6532 2 5 26 O 20
12299 1666 2 5 24 O 10
1667 1668 2 5 25 O 20
1669 1670 2 5 24 O 10
11847 1671 2 7 36 O 20
1672 11905 2 7 36 O 10
1673 1674 2 4 18 O 10
11860 1675 2 2 8 O 30
1676 1677 2 4 18 O 20
1678 1679 2 2 7 O 30
1680 1681 2 8 42 M 30
1683 1684 2 3 13 O 30
5004 13914 2 6 32 M 20
1685 1686 2 8 40 M 10
5047 1687 2 2 10 M 20
12033 1688 2 2 6 M 30
1689 1690 2 4 20 O 30
1690 1691 2 5 25 O 30
8193 1689 2 2 10 O 10
1692 5037 2 2 10 O 20
1694 1695 2 3 12 O 30
1696 1697 2 2 7 O 20
5001 14205 2 2 7 O 20
14839 1698 2 4 18 O 20
14838 1699 2 4 18 O 10
1700 1701 2 3 13 O 30
4948 1702 2 7 35 O 30
13917 1703 2 4 20 O 20
4948 1704 2 4 21 M 20
1705 16698 2 2 6 O 10
1707 1708 2 8 40 M 20
1708 5342 2 2 8 O 30
1708 1709 2 6 32 O 20
5558 10001 2 5 27 O 10
1711 1712 2 5 24 O 30
1713 12296 2 4 20 O 30
14544 14336 2 2 8 M 20
14336 12203 2 2 7 O 30
1715 14336 2 4 19 O 30
1714 1715 2 3 13 O 30
1716 1717 2 3 14 O 20
1718 1719 2 1 3 O 30
8467 1720 2 4 20 O 10
1721 1722 2 2 7 O 20
1722 1723 2 3 17 O 20
1723 1724 2 3 12 O 30
1724 1725 2 2 7 O 20
1726 1727 2 3 15 O 20
1729 1728 2 2 7 M 20
1725 1729 2 3 15 O 20
1727 1729 2 2 7 O 20
1726 1730 2 2 8 O 20
1731 1732 2 2 9 O 30
1733 8465 2 3 11 O 10
8465 3403 2 4 20 O 10
3403 14793 2 11 59 O 20
1734 8465 2 2 11 M 20
1735 12155 2 2 11 O 20
1736 1737 2 2 11 M 30
1738 1739 2 1 5 M 10
1740 1741 2 2 9 O 10
1742 1743 2 2 11 O 10
1744 1745 2 6 30 O 30
1746 1747 2 5 24 O 20
1749 1750 2 4 21 O 10
1750 1751 2 2 7 O 20
1751 1752 2 1 4 O 30
1748 1749 2 1 4 O 10
15941 1753 2 3 15 M 30
4272 15150 2 5 24 O 30
5903 11250 2 4 22 O 30
1754 1755 2 5 26 O 10
11245 11244 2 4 19 O 30
11244 13737 2 5 23 O 20
11280 1756 2 2 8 O 30
1757 1758 2 4 22 M 30
8687 14396 2 2 7 O 10
14377 14376 2 2 8 O 20
1761 13715 2 2 8 O 10
1759 1760 2 3 16 O 30
8686 8684 2 12 63 O 10
8684 8683 2 16 85 O 10
8685 1762 2 1 5 O 20
8693 1763 2 2 7 O 10
1764 1765 2 8 43 O 20
1766 1767 2 6 31 O 10
1767 1768 2 9 47 O 10
15997 1782 2 3 13 O 10
1770 1771 2 7 34 O 30
1772 1773 2 8 40 O 10
1774 1775 2 4 19 O 10
1777 1776 2 4 20 O 10
1778 1780 2 1 5 O 30
1779 1778 2 1 4 O 20
1783 1784 2 3 16 O 30
1787 1788 2 4 20 M 10
1790 1791 2 3 16 O 10
12999 312 2 3 15 O 20
27 15660 2 4 21 O 30
1792 1793 2 3 16 M 30
1799 1800 2 2 6 O 20
6054 5933 2 2 10 O 30
13136 12960 1 25 134 O 30
12960 5931 1 14 73 O 10
13136 12957 2 3 11 O 30
1796 1797 2 7 38 O 10
13014 1795 2 1 3 O 30
13000 1798 2 1 4 O 10
1801 1800 2 1 3 O 10
1802 1803 2 2 7 O 30
1804 1805 2 4 18 O 30
1806 1807 2 3 11 O 10
1808 1809 2 2 7 O 20
7512 1811 2 1 2 O 20
1812 270 2 14 75 O 30
16066 1814 2 3 12 O 30
1815 1816 2 2 8 O 20
1818 5186 2 2 7 M 30
1817 1819 2 2 7 M 20
14394 1821 2 2 10 M 20
14393 1822 2 1 2 O 10
1822 14394 2 2 8 O 30
1822 1823 2 3 16 M 30
1824 1826 2 4 20 O 30
1826 1828 2 3 11 O 30
1828 1830 2 4 19 O 10
1830 1825 2 7 34 O 10
1826 1827 2 4 18 O 30
1828 1829 2 4 17 O 30
1830 1831 2 3 16 O 10
7822 8836 2 7 39 O 20
7808 1832 2 3 15 O 10
1833 1835 2 4 19 O 20
1835 1834 2 3 14 M 10
1835 1832 2 4 22 O 20
1832 1836 2 6 31 O 10
1837 1838 2 1 5 O 30
1839 1840 1 8 41 O 30
7671 1841 2 2 6 O 10
1842 1843 2 2 7 O 10
1841 1842 2 1 4 O 10
1844 1845 2 5 23 O 10
1847 1848 2 3 14 O 20
5213 1849 2 2 7 O 30
1850 1851 2 2 9 M 30
1852 1853 2 7 39 O 30
10434 1854 2 4 17 O 20
1398 1855 2 1 5 O 30
1856 1857 2 3 11 O 20
1858 1859 2 3 12 M 30
1860 1861 2 3 13 O 20
1862 1863 1 6 32 M 10
1863 15809 1 4 20 M 30
1866 1867 2 1 5 O 30
13092 1868 2 2 9 O 20
1868 1869 2 5 26 O 10
1869 1870 2 8 43 M 10
1871 1868 2 7 36 M 30
1872 1873 2 2 9 M 30
1869 1873 2 3 17 O 30
1873 1870 2 34 185 O 20
1874 1876 2 4 20 O 10
1876 9875 2 4 18 O 10
1875 1876 2 13 72 O 30
14454 12910 2 7 37 O 10
1877 1878 2 4 22 M 30
1878 1879 2 7 36 O 10
1878 1880 2 6 30 O 20
5285 4053 2 12 65 O 30
4053 2877 2 30 163 O 20
12992 1882 2 6 28 O 10
1884 1883 2 1 4 O 10
1886 5253 2 4 18 M 30
15900 1887 2 7 36 O 30
4571 1888 2 5 28 O 20
1888 1889 2 2 6 O 30
1890 15899 2 1 4 O 10
9188 1891 2 1 5 O 30
1891 9447 2 2 6 O 20
15813 15810 2 2 9 O 20
15811 15813 2 2 6 O 30
15787 12920 2 1 5 M 20
1846 10441 2 1 3 O 10
14907 8834 2 1 4 M 30
1811 1810 2 6 28 M 30
1894 1893 1 1 3 O 20
1895 1894 1 2 8 O 10
1896 1897 2 11 57 M 20
1898 1899 2 2 9 O 20
12131 14904 2 4 18 M 30
15949 15440 2 3 13 O 10
15440 1892 2 3 12 O 30
1623 12151 2 7 34 O 30
1900 1901 2 3 13 O 20
1902 3226 2 1 4 O 20
15976 1903 2 2 6 O 20
12225 12222 2 2 10 M 30
1904 1905 2 5 23 O 10
1906 1907 2 3 14 O 30
12199 12198 2 5 23 O 30
1908 12200 2 2 6 M 10
1910 1911 2 3 12 O 20
1912 1913 2 3 13 O 30
12315 12314 2 3 16 O 10
9976 1914 2 6 30 M 20
14691 10051 2 2 11 O 30
10051 14697 2 2 8 O 30
14692 10049 2 2 10 O 10
10049 14696 2 2 8 O 20
1916 1918 2 14 74 O 30
1915 1917 2 2 6 O 30
1918 1917 2 3 13 O 30
1917 10104 2 8 42 O 30
1919 2923 2 3 15 O 20
1923 1924 2 4 22 O 30
1925 1926 2 11 58 O 20
16709 1928 2 5 26 O 10
16708 16707 2 17 90 O 10
8830 8831 2 3 15 O 10
8829 8830 2 3 15 O 30
8786 7801 2 12 62 O 10
7799 7802 2 7 38 O 10
7802 1920 2 4 18 O 10
1921 7799 2 3 12 O 30
7796 7797 2 5 24 O 20
1929 1930 2 2 9 O 20
8783 1932 2 2 7 O 30
1937 1936 2 2 11 O 10
5420 5403 2 9 45 M 10
10612 5445 2 2 10 O 10
10609 10611 2 2 10 O 20
10611 1938 2 2 8 M 20
10611 1939 2 9 45 M 10
2052 1940 2 1 1 O 20
1940 1941 2 10 54 O 20
1942 1943 2 18 100 O 10
1943 1944 2 2 7 O 10
1944 1945 2 2 6 O 10
1946 1947 2 4 17 O 30
1948 1949 2 16 84 O 30
8695 1950 2 4 22 M 10
1951 1952 2 6 30 O 20
1953 1954 2 3 16 O 30
1955 1956 2 5 23 O 30
1958 15765 2 4 17 M 20
1960 1959 2 5 27 M 30
673 769 2 7 39 O 20
1512 1963 2 5 28 O 30
1964 1965 2 2 6 O 20
12056 12055 2 2 10 O 20
12053 12052 2 3 12 O 10
12051 1513 2 6 30 O 10
1966 1967 2 1 3 O 20
11979 11978 2 3 14 M 10
11977 11980 2 3 15 O 20
1968 1969 2 2 10 M 20
1970 7856 2 1 3 O 10
1971 1972 2 3 16 O 20
1974 16143 2 3 16 O 10
12091 12092 2 4 17 M 10
1973 1975 2 2 6 O 30
12072 1973 2 2 6 O 20
1978 1977 2 4 17 O 20
16142 1978 2 3 15 O 20
1979 1980 2 2 7 M 30
1988 1989 2 2 9 O 20
1990 1991 2 3 13 O 10
1981 1983 2 4 17 O 20
1984 1985 1 4 21 O 20
1986 1984 1 8 43 O 10
1987 1986 1 2 7 O 20
5167 1992 2 2 8 M 10
9157 3839 2 14 74 O 10
9956 9955 2 10 52 O 30
1993 1994 2 5 27 M 20
1995 1996 2 4 22 M 10
9941 9942 2 6 31 O 20
8163 9891 2 16 86 O 20
1997 1998 2 6 30 O 20
1999 2000 2 8 43 O 20
9655 2001 2 4 18 O 10
2002 671 2 7 37 O 20
2003 2004 2 10 55 O 30
2005 2006 2 2 8 M 30
4764 7419 2 11 58 O 20
7419 7422 2 10 51 O 20
7422 16102 2 4 17 O 20
2010 7420 2 2 9 O 30
12022 12021 2 4 21 O 20
2013 2014 2 4 21 O 30
2015 7421 2 3 15 O 30
7858 7859 2 2 7 O 30
2007 16144 2 1 5 O 30
2009 12007 2 6 32 O 20
2008 2009 2 1 4 O 20
2016 2017 2 2 7 O 20
2018 2019 2 4 19 O 20
12000 11999 2 3 15 O 30
1511 2021 2 5 26 O 20
12008 15969 2 4 22 O 30
29 2022 2 5 23 O 30
15160 2024 2 3 12 O 20
15164 2025 1 4 18 O 10
2026 2027 2 4 17 O 30
2029 2028 2 7 35 O 10
11186 11185 2 7 35 O 10
6580 6607 2 5 26 O 10
6632 6634 2 7 37 O 20
6634 11188 2 4 21 O 30
11191 2030 2 6 29 O 20
12586 12593 2 3 16 O 30
12593 12592 2 2 11 O 20
12591 12590 2 5 24 O 30
2034 12598 2 6 30 M 30
2036 2035 2 6 29 O 30
6680 6683 2 12 62 O 30
12586 2031 2 4 19 O 20
6683 2032 2 6 29 M 20
12704 2037 2 2 8 O 20
2037 12703 2 3 12 O 10
14486 12660 2 6 32 M 20
12660 2038 2 1 6 O 10
2040 2041 2 3 12 O 20
2039 2040 2 1 5 O 10
2041 2042 2 1 5 O 10
7385 8188 2 7 33 O 10
2043 2044 2 2 10 O 20
2045 2046 2 2 8 M 10
2045 2047 2 3 11 O 30
2048 2049 2 3 11 O 30
14001 2050 2 6 28 O 10
16492 2051 2 11 61 O 10
14384 2052 2 1 5 O 30
1940 1942 2 11 59 O 20
2053 2054 2 1 5 O 20
2053 2055 2 7 37 O 20
2056 2057 2 13 67 O 30
2058 2059 2 2 6 O 30
2060 5574 2 6 30 O 10
8189 1159 2 3 14 O 30
2062 2063 2 5 25 M 10
2064 16195 2 2 10 O 20
2065 2071 2 2 9 O 30
16658 3631 2 4 20 O 20
9171 9168 2 7 35 O 20
9173 9916 2 5 22 O 20
9916 9174 2 2 8 O 30
2067 2068 2 3 15 O 30
9285 2069 2 3 15 O 30
9287 2070 2 4 21 O 30
9277 6413 2 10 51 O 30
9177 9292 2 3 16 O 10
9292 9291 2 4 22 O 30
9291 9290 2 5 24 O 20
2074 2075 2 6 31 O 10
13400 13399 2 3 14 O 30
7617 2076 2 4 19 O 30
2077 2078 2 3 15 O 30
7933 2079 2 2 9 O 10
16328 13481 2 9 45 M 30
13481 13480 2 1 4 O 10
13481 2080 2 2 10 O 20
2081 13480 2 2 11 O 10
8989 8988 2 5 27 M 10
2082 14141 2 3 16 M 20
8998 8997 2 4 19 O 30
16192 16193 2 3 14 O 20
9010 9009 2 2 11 O 10
9012 14140 2 3 12 M 30
2084 2085 2 8 40 O 20
9948 2086 2 6 31 O 30
2087 2088 2 4 21 O 30
2083 2061 2 8 43 O 30
2090 4206 2 1 2 M 10
4206 3914 2 2 6 O 10
3914 3913 2 10 50 M 20
3913 3833 2 8 42 M 20
3833 3412 2 2 9 O 20
3412 9096 2 7 38 M 30
2091 3914 2 2 11 O 30
2090 5607 2 6 30 O 20
15919 15918 2 8 43 M 20
2092 2093 2 2 7 O 30
2094 2095 2 4 21 M 20
7750 2094 2 2 6 O 20
4293 8283 1 2 8 O 10
11787 2096 2 2 7 M 10
11889 2097 2 3 16 M 30
2097 2098 2 3 14 M 30
2099 2100 2 4 20 O 20
2101 2102 2 2 6 M 20
2103 2104 2 1 5 O 20
2105 2107 2 4 18 M 20
2106 2105 2 1 2 O 20
2107 2108 2 4 17 O 30
2108 12194 2 1 3 O 30
2108 2109 2 3 13 O 20
8137 2111 2 7 39 M 10
2114 2115 2 17 92 O 10
2116 2117 2 2 7 O 10
2118 16096 2 2 6 O 10
2119 2120 2 2 10 M 30
2121 2122 2 11 56 O 10
2123 2124 2 6 32 O 30
2125 2126 2 5 26 O 20
2127 2128 2 4 21 O 20
2129 2130 2 4 20 O 30
16588 16586 2 8 40 O 30
16259 2131 2 1 5 O 30
2131 16587 2 3 13 O 20
8977 8976 2 4 21 O 30
2132 12423 2 3 13 O 20
12425 2133 2 6 32 M 20
12424 2134 2 2 7 O 10
6289 2135 2 4 22 M 30
2113 2136 2 1 5 O 30
12491 2137 2 3 14 M 30
12678 12677 2 3 11 O 30
2138 2139 2 2 9 M 20
12761 12699 2 2 11 O 30
7382 6665 1 4 19 M 30
6665 12701 1 13 69 O 10
12701 6655 1 5 23 O 20
6655 7668 1 6 32 O 10
12622 2140 2 1 5 O 10
12616 12619 2 9 47 M 30
2141 506 2 3 13 O 20
2142 2143 2 4 17 O 20
2144 2145 2 2 7 M 10
2147 10806 2 4 18 O 30
2148 2149 2 1 5 O 20
4743 2150 2 6 30 O 20
2150 2378 2 3 15 O 20
16135 2152 1 4 21 M 20
2152 6617 1 7 39 O 10
6617 6592 1 3 16 O 30
6592 6588 1 9 49 O 10
7539 2153 2 4 20 O 20
2154 2155 2 6 32 O 30
206 2156 2 5 24 M 20
2157 2158 2 7 38 O 20
6847 16295 2 6 29 O 30
2159 8979 2 4 17 O 20
13361 13362 2 4 21 O 10
13362 13363 2 6 31 O 10
13363 7767 2 2 8 O 10
13346 13361 2 5 27 O 30
2160 13362 2 4 19 O 20
13609 13405 2 6 30 M 20
13405 13404 2 2 9 O 30
13403 2161 2 4 21 O 30
6422 2162 2 4 21 O 20
8981 16846 2 15 79 O 30
13410 13409 2 3 15 O 30
6876 6867 2 6 31 O 10
161 162 2 1 5 O 20
14593 2169 2 7 37 O 20
2170 9135 2 3 14 O 20
2163 2164 2 3 16 O 10
2165 2166 2 11 56 O 30
5554 2167 2 3 17 M 20
2167 2168 2 3 11 O 10
5438 2168 2 7 38 O 20
2171 2172 2 6 30 O 30
2173 2174 2 6 31 M 10
2175 2176 2 3 11 O 30
2177 2178 2 4 20 O 10
7567 2185 2 8 42 M 30
16560 16559 2 5 24 O 20
16559 16558 2 2 8 M 10
2186 2187 2 4 21 M 20
16831 2188 2 5 26 M 20
2179 2182 2 3 12 O 30
2182 2180 2 4 20 O 20
2181 2182 2 1 4 M 30
2183 2184 2 4 21 O 10
2579 2191 1 9 49 O 30
2194 12321 2 7 34 O 30
2195 12322 2 5 26 O 20
2196 2197 2 2 9 O 20
14936 2198 2 3 15 O 30
2199 2200 2 3 15 O 20
2201 2202 2 3 16 O 20
15980 2205 2 7 34 M 30
2205 2203 2 1 3 O 10
2203 2193 2 3 14 M 30
2204 2205 2 1 4 O 20
14674 14675 2 2 9 O 30
2206 12277 2 2 9 O 20
2208 8192 2 3 12 M 10
2209 14832 2 2 10 O 20
2210 2211 2 1 5 O 10
2212 2213 2 3 16 O 10
2214 2215 2 2 6 O 30
12306 2216 2 2 7 O 10
2224 2225 2 3 12 O 10
2226 15978 2 2 10 O 20
2227 2228 2 1 3 O 20
2228 2229 2 5 24 O 10
2226 2227 2 4 20 M 30
2228 2230 2 3 17 O 30
2229 2231 2 2 9 O 20
6121 2232 2 3 15 O 20
2233 2234 2 6 30 O 30
12244 2235 2 6 31 O 10
14790 5848 2 10 52 O 30
4348 5846 2 6 28 O 30
2217 2218 2 4 22 O 20
15479 2219 2 2 8 O 30
2219 2220 2 10 52 O 30
2219 2221 2 5 25 O 30
15478 8446 2 2 9 O 10
8446 5849 2 5 28 O 20
2223 12287 2 3 15 O 20
12285 2223 2 5 25 M 30
14617 14616 2 3 16 O 10
14626 2241 2 3 12 O 20
2236 6077 2 3 16 O 10
15480 2237 2 9 45 O 10
2238 2239 2 5 28 O 30
372 2240 2 4 18 O 30
2244 6073 2 3 15 O 20
4355 7875 2 5 24 O 10
2245 2246 2 3 17 O 30
4365 14732 2 5 24 O 30
2242 2243 2 1 3 O 20
2247 14209 2 2 9 O 20
2249 15742 2 7 34 O 10
16217 2250 2 15 78 O 20
2251 14543 2 19 101 O 10
6355 9180 2 9 48 O 30
2252 2253 2 3 12 O 20
2253 2254 2 2 10 O 30
13606 9826 2 3 13 O 20
9826 9827 2 7 38 O 30
2255 2256 2 2 9 M 10
2256 2257 2 1 3 O 20
2255 2258 2 5 24 O 20
12396 12236 2 7 35 O 30
12236 6120 2 4 22 O 10
12300 12302 2 2 10 M 30
2261 2262 2 2 10 M 30
2263 2264 2 2 7 O 30
5858 2265 2 9 48 O 20
2266 2267 2 5 26 O 30
2268 2269 2 8 43 O 10
7973 4350 2 6 31 O 30
15249 2270 2 8 43 M 10
12291 12290 2 5 23 O 30
2272 2273 2 4 19 O 30
2274 2275 2 3 14 O 10
12124 12123 2 3 15 O 30
2278 2279 2 3 13 O 30
2279 2276 2 3 13 O 20
2277 2278 2 1 5 O 30
15182 15181 2 2 6 O 30
2281 2282 2 3 13 M 20
13466 14611 2 7 37 O 20
2284 2285 2 2 9 O 30
13464 2284 2 1 5 O 10
11834 2286 2 1 4 O 10
2286 2287 2 3 12 O 20
9647 2290 2 2 8 M 10
9648 2289 2 2 8 O 30
9648 2288 2 3 14 O 20
8095 9646 1 2 9 O 10
54 2291 2 4 18 O 20
8078 2298 2 11 57 O 20
2298 2296 2 3 14 O 20
2296 2294 2 6 32 O 30
2294 8073 2 4 20 O 20
2293 2294 2 2 6 M 30
2295 2296 2 5 24 M 30
2297 2298 2 2 6 O 30
8079 2299 2 4 18 O 20
2300 2301 2 1 5 O 30
9576 9575 2 2 7 O 20
2302 2303 2 3 15 O 30
4765 2304 2 4 17 O 20
2310 2311 2 5 28 M 20
2312 2313 2 4 22 O 30
2314 2315 2 6 33 M 30
2315 2316 2 2 8 O 30
2305 9646 2 2 11 M 30
2306 2307 2 5 23 M 10
2308 2309 2 5 25 O 30
2318 9688 2 3 13 O 30
9690 2319 2 6 33 O 30
9689 2320 2 6 28 O 10
5143 5072 2 11 60 O 20
2321 4388 2 2 8 O 20
2322 2323 2 2 8 M 30
2326 2327 2 2 8 O 20
2328 2329 2 4 22 O 20
2324 2325 2 8 40 O 30
12569 12568 2 5 23 M 10
8966 2334 2 4 19 O 20
14606 2335 2 12 62 O 20
9713 2331 1 6 30 O 20
2331 9712 1 10 53 O 20
2330 2331 2 2 7 O 10
12550 12552 2 4 19 O 10
2332 2333 2 12 62 O 10
12550 12553 1 6 30 O 30
2336 2337 2 2 11 O 20
16720 678 1 3 16 M 10
200 16743 1 4 17 O 30
15586 2340 2 10 55 O 20
2340 15585 2 7 38 O 30
15585 16184 2 6 32 M 30
677 2341 2 6 31 O 10
2342 2343 2 10 52 M 20
341 342 2 1 3 O 20
11263 11236 2 10 52 O 20
14888 2344 2 3 13 O 10
2345 2346 2 5 22 O 30
2348 11259 2 3 15 O 10
11260 11261 2 5 28 O 20
11267 2349 2 5 25 O 20
11202 2350 2 4 20 O 30
2350 2351 2 8 43 O 20
2352 2353 2 6 28 O 20
2354 2355 2 11 56 O 30
11242 11241 2 4 19 O 10
2358 11269 2 7 38 O 20
11268 2359 2 5 27 O 10
2360 2361 2 6 28 O 10
2356 2357 2 4 21 M 10
2362 14892 2 5 24 O 20
2363 14893 2 1 4 O 20
2364 2365 2 4 18 O 20
11151 2369 2 3 15 O 20
2369 11153 2 4 21 O 30
11153 15149 2 6 30 O 10
15149 11155 2 9 49 M 20
11158 11157 2 6 29 O 30
2366 2367 2 4 20 M 30
2368 2369 2 3 15 O 20
16133 2371 2 3 12 O 10
2372 11255 2 2 11 O 10
2374 420 2 5 26 O 10
15904 2373 2 6 29 O 20
2376 13297 2 1 5 M 30
2377 13296 2 7 36 O 30
4742 13296 2 6 33 O 20
2378 2379 2 2 7 O 20
2380 2381 2 4 18 O 10
10832 14027 1 33 178 O 10
14029 13291 1 6 29 O 20
13291 10833 1 27 146 O 10
2382 2383 2 1 5 O 20
2384 2385 2 1 3 O 30
2386 2389 2 2 10 O 30
2389 2387 2 5 26 O 10
2388 2389 2 4 19 M 30
15936 2391 2 5 25 O 10
5840 15936 2 17 90 O 10
11148 5839 2 7 37 M 10
14196 2392 2 6 31 O 30
2393 2394 2 9 47 O 30
14200 2395 2 8 44 M 10
16579 14195 2 2 6 O 20
13736 2396 2 4 17 O 30
2397 2398 2 3 16 M 10
13739 2399 2 4 21 O 20
8485 2400 2 7 38 O 30
7488 7489 2 7 37 M 20
7490 2401 2 7 35 O 20
7489 7490 2 2 6 M 30
7490 5834 2 1 4 O 20
10950 10949 2 4 19 O 30
2402 2403 2 6 29 O 30
10954 10953 2 7 34 O 10
13734 13733 2 6 31 O 30
11173 11172 2 7 36 O 10
11174 13735 2 4 20 O 30
8108 8109 2 8 40 O 30
2409 2410 2 5 27 M 20
7848 5807 1 17 90 O 30
2404 2405 2 3 16 O 10
2406 2407 2 5 25 O 30
13652 2408 2 3 12 O 20
11686 2411 2 8 43 O 20
2411 2412 2 1 3 O 30
2414 2415 2 4 20 O 10
2416 2417 2 2 6 O 30
13714 10797 2 1 4 O 20
11289 2418 2 2 8 O 30
13777 2419 2 2 9 M 20
11288 2420 2 2 7 O 10
11290 11227 2 3 12 O 30
10756 2421 2 2 11 M 30
2422 2423 2 8 41 O 20
11226 2424 2 3 13 O 30
16026 2425 2 4 20 O 30
2426 15923 2 2 10 O 10
15923 2427 2 3 17 O 10
10002 16024 2 3 12 O 20
2428 2429 2 2 9 O 10
2430 2431 2 9 45 O 10
2432 2433 2 7 37 M 10
2435 2434 2 28 153 O 30
2436 16799 2 1 3 O 30
2438 2439 2 2 6 O 20
2440 2441 2 9 44 M 20
14518 2440 2 2 10 O 10
2442 2443 2 10 53 O 20
2443 2444 2 9 46 O 20
8648 2442 2 4 17 O 30
2445 60 2 2 7 O 10
60 14391 2 5 24 O 20
2452 60 2 10 54 O 30
15785 2453 2 5 24 O 20
5458 13588 2 7 36 O 10
15783 15781 2 3 13 O 20
2446 2447 2 6 29 O 20
5482 14379 2 7 37 O 30
2448 15594 2 4 20 O 30
15594 2449 2 2 9 M 10
2450 2451 2 3 15 O 30
2454 2715 2 13 67 O 20
4699 2456 2 2 11 O 30
2457 2455 2 2 7 O 20
2456 2457 2 1 1 M 20
7844 7845 2 5 27 O 30
10151 10146 2 6 30 O 30
16820 10052 2 17 94 O 20
2458 2466 2 2 7 O 20
2466 10053 2 6 30 O 20
7565 7570 2 6 33 O 10
10149 10148 2 5 23 M 10
10159 10158 2 5 26 O 30
7843 10165 2 6 31 O 30
7842 2460 2 6 28 M 20
2461 7831 2 7 38 O 20
10144 660 2 4 17 M 20
660 654 2 4 22 O 20
654 2462 2 2 6 M 30
2463 661 2 4 21 O 20
664 2464 2 4 21 O 30
10142 10141 2 10 53 O 10
7841 7840 2 3 15 M 10
2459 14478 2 7 38 O 10
16080 16813 2 1 1 O 20
16815 2465 2 1 1 M 30
2466 2467 2 2 7 O 30
2470 2471 2 9 49 O 10
10137 10114 2 7 34 O 20
10114 10093 2 3 11 M 30
10093 2472 2 5 28 M 10
10155 10154 2 4 21 M 30
10084 2473 2 4 17 O 10
2474 10156 2 1 4 O 30
2475 2476 2 2 8 O 30
2477 9429 2 3 12 O 30
9438 2478 2 1 4 O 10
9438 2479 2 6 31 O 30
9438 9437 2 4 20 O 10
9437 9432 2 8 39 O 10
9437 9431 2 2 10 O 30
2480 2481 2 11 60 O 20
2482 2483 2 7 36 O 20
9183 9182 2 4 22 O 20
4860 4857 1 5 27 M 30
4857 4850 1 11 56 O 10
2485 2486 2 4 19 O 20
2487 2488 2 6 29 O 20
2489 9419 2 1 4 O 30
2490 2491 2 5 25 M 30
9938 6543 2 5 24 O 30
2494 2493 2 9 45 O 10
10082 2496 2 18 96 O 10
10089 10083 2 10 54 O 10
14884 2502 2 3 13 O 30
2503 2504 2 4 21 O 10
10686 10688 2 5 28 O 20
10688 2505 2 2 7 M 10
2506 2507 2 2 8 O 30
2498 2499 2 2 6 O 30
2497 2498 2 2 7 O 20
2499 2500 2 1 5 O 30
13258 2497 2 2 6 O 30
13258 4932 2 6 31 M 10
13669 2501 2 4 18 M 30
11325 2517 2 10 51 O 20
13259 11325 2 9 45 O 20
2518 2519 2 10 53 O 30
16693 2248 2 7 33 O 20
2509 2510 2 2 7 O 20
2511 2512 2 8 39 O 10
2513 2514 2 3 13 M 10
2515 2516 2 6 33 O 20
15128 16270 2 6 28 O 30
16270 16273 2 6 29 O 20
2522 2523 2 3 16 M 30
2524 2525 2 5 25 O 30
2526 2527 2 8 41 O 30
2528 2529 2 5 25 O 20
15535 16327 2 3 16 O 10
16620 2530 2 4 17 O 20
16622 2532 2 7 37 O 30
2532 2531 2 3 16 M 20
16339 16325 2 5 25 O 10
2534 850 2 11 61 O 20
2534 2535 2 1 4 O 20
16340 2536 2 6 28 O 10
2537 2538 2 2 11 O 10
16623 2539 2 4 19 O 30
16623 8065 2 23 126 M 10
16338 16337 2 8 40 O 10
16640 2540 2 6 33 O 30
2541 2542 2 1 5 O 30
2543 2544 2 6 29 O 30
14783 16368 2 6 28 M 10
16353 16357 2 2 11 O 20
16354 16353 2 4 20 O 30
2545 2546 2 6 32 O 30
2546 2547 2 4 22 O 10
2548 2549 2 5 27 M 30
2550 15524 2 2 9 O 30
15524 16331 2 7 39 O 20
16330 14769 2 17 92 O 10
15523 16329 2 8 42 O 20
16798 14766 2 19 100 O 10
14766 15523 2 12 62 O 20
15523 14769 2 9 46 O 20
14769 15525 2 9 45 O 20
15525 5388 2 10 52 O 20
16356 2551 2 3 16 O 10
14784 2552 2 6 32 O 20
2553 2554 2 4 18 O 30
15167 15166 2 5 24 O 10
6618 2555 2 3 16 O 10
2557 2558 2 4 20 O 10
2559 2557 2 1 3 O 10
2557 4744 2 4 17 O 30
2560 2561 2 1 5 O 10
2563 2564 2 6 29 M 20
2563 2571 2 3 15 O 30
2571 2572 2 5 25 O 20
2566 2567 2 2 10 O 30
2568 2570 2 13 68 O 10
2570 16376 2 11 57 O 30
2569 2570 2 1 4 M 30
12521 2573 2 3 13 O 20
2574 2575 2 2 8 O 20
2576 2577 2 6 33 O 30
6009 12529 2 12 66 O 30
12529 12497 2 10 51 O 10
12497 6011 2 2 8 M 10
6011 6010 2 12 63 O 30
2578 2579 2 4 17 O 20
2192 2579 2 11 58 O 30
12641 2189 2 17 89 O 30
2189 2580 2 2 7 O 30
2581 2582 2 2 9 M 10
2190 2582 1 5 25 O 20
2191 2190 1 6 31 M 20
2582 2189 2 5 24 O 30
12641 12639 2 6 30 M 20
12639 12640 2 9 45 O 10
2583 1525 2 4 21 O 20
1525 2584 2 3 13 O 10
15350 2585 2 4 17 O 20
12743 12744 2 5 25 O 30
2586 2587 2 1 4 O 10
12806 2588 2 2 8 M 20
2589 2590 2 1 4 O 20
2593 2594 2 4 19 O 20
2595 2596 2 1 3 O 20
2597 2598 2 3 12 O 30
2599 8488 2 3 12 M 30
15173 2600 2 4 21 O 30
2601 2602 2 4 22 M 30
2603 2604 2 8 39 O 30
15173 2603 2 2 10 O 30
2601 2605 2 5 22 O 10
2606 2601 2 2 9 O 10
2601 12798 2 1 2 M 10
12796 12795 2 2 10 O 10
2607 12799 2 2 9 O 30
2608 2609 2 6 30 O 10
2609 2610 2 6 28 O 20
12755 2611 2 8 40 M 20
2612 2613 2 3 12 O 20
2614 2615 2 7 38 O 10
14785 15113 2 3 12 O 20
2616 2617 2 2 6 O 30
2618 2619 2 2 9 O 30
2620 2621 2 4 18 O 30
12665 2621 2 2 6 O 20
2621 2039 2 5 28 O 30
2039 7384 2 1 4 O 20
2622 2623 2 2 11 O 30
2624 6666 2 4 19 O 30
12574 2625 2 3 16 O 20
6693 12580 2 8 44 O 20
12580 6689 2 8 39 O 10
2626 2627 2 3 12 O 20
2629 6688 2 2 7 O 30
2630 2631 2 7 38 M 10
15991 2632 2 4 18 O 20
12584 6680 2 3 16 O 10
14640 14639 2 5 27 O 10
2634 12584 2 3 11 O 30
6686 2635 2 6 31 O 30
6686 2636 2 8 41 M 10
2637 6659 2 4 18 O 20
9435 9436 2 2 7 M 10
2638 2639 2 2 11 M 20
2640 9375 2 4 19 O 20
2641 2642 2 1 4 O 30
2643 2644 2 5 23 O 20
9853 9836 2 4 19 O 10
2645 16221 2 9 46 O 20
9852 2646 2 4 20 O 10
681 4402 2 3 13 O 20
4402 4399 2 11 60 O 20
2648 2649 2 5 27 M 10
2650 2651 2 2 7 O 20
12455 12498 2 4 19 O 10
2652 2653 2 9 46 O 20
7977 2654 2 3 15 M 20
2655 2656 2 4 22 O 10
1785 1786 2 3 16 O 20
1784 1785 2 2 8 O 30
2658 2657 2 7 34 O 10
2659 2660 2 2 8 O 20
15584 15583 2 5 23 M 20
1149 2659 2 7 34 O 30
2659 16712 2 4 21 O 20
16713 1149 2 3 15 O 30
2661 2662 2 2 8 O 10
2663 2664 2 4 21 O 30
2665 2666 2 5 23 M 10
2667 2668 2 9 46 O 20
2668 2669 2 2 7 O 10
13454 16122 2 3 15 O 30
2670 2671 2 1 4 O 10
2672 2673 2 4 21 O 10
14604 2662 2 3 15 O 10
2662 16712 2 2 7 O 30
2675 5546 2 5 22 O 30
2676 2677 2 2 8 O 10
2678 15913 2 2 9 O 10
2680 2679 2 5 27 O 20
2679 253 2 4 21 O 30
255 256 2 2 10 M 20
256 2682 2 10 52 O 10
9897 2683 2 3 16 O 20
2684 2686 2 3 15 O 10
2686 2685 2 3 13 O 10
2687 9898 2 3 15 O 10
16317 2688 2 4 22 O 10
2688 16318 2 1 5 O 10
2689 6844 2 4 20 O 10
4169 16309 2 9 45 O 30
16309 6865 2 34 187 O 10
9896 16314 2 3 15 M 10
15627 2692 2 8 42 M 30
9074 2694 2 5 28 M 30
2694 2693 2 4 21 O 10
2694 2695 2 5 27 O 30
8146 2696 2 2 9 O 30
2697 2698 2 3 15 M 20
2698 2699 2 3 12 O 10
2700 5451 2 4 19 O 30
2701 2700 2 10 51 O 30
2702 7352 2 7 37 O 20
2703 2702 2 10 52 O 20
2704 2705 2 4 20 M 10
2706 2707 2 2 7 M 20
2708 2709 2 3 14 O 30
7348 2707 2 5 24 M 20
2707 9197 2 1 3 M 30
9197 2710 2 1 5 M 30
2710 9200 2 3 13 O 30
6029 7713 1 14 76 O 10
6729 6034 1 7 38 O 20
6018 12524 2 4 19 O 30
12524 12523 2 10 50 O 20
5408 14183 1 30 164 O 20
2713 13621 2 7 34 O 20
2714 13769 2 3 12 M 30
8677 8675 2 2 8 O 30
2716 2717 2 2 9 M 20
2717 2718 2 3 15 M 30
2718 2719 2 1 3 O 30
2719 2720 2 6 31 O 20
2720 2721 2 6 28 O 20
2720 2722 2 1 2 O 20
2723 2724 2 4 18 M 30
2725 2726 2 5 22 O 30
2727 2728 2 13 68 O 30
2729 2730 2 2 9 O 20
5497 8666 2 4 19 M 10
5397 5410 2 7 34 O 20
5466 8657 2 3 16 O 10
2731 2732 2 3 12 O 10
7084 7095 2 10 52 O 20
7095 7057 2 5 23 O 20
4917 13582 2 7 36 O 20
13582 14151 2 7 36 O 20
2733 14277 2 1 4 O 10
14277 4917 2 3 15 O 10
11417 11349 2 9 45 O 20
2742 2743 2 10 54 M 10
14154 14158 2 10 53 O 30
14159 14160 2 6 29 O 10
14276 2744 2 6 31 O 10
14278 2745 2 5 23 M 30
14149 14150 2 8 44 O 30
2746 2747 2 4 20 O 20
2736 2737 2 4 17 O 20
2735 2736 2 2 9 O 10
2738 2739 2 2 6 O 10
2740 15321 2 6 30 O 30
2741 2751 2 4 22 O 30
2749 15409 2 2 11 O 10
2749 2750 2 7 35 M 20
16905 2752 2 62 344 O 20
7002 2753 2 7 35 O 10
8049 2754 2 4 20 O 30
2755 2756 2 6 28 O 20
11337 2757 2 3 16 O 20
2758 59 2 6 30 O 10
8062 2759 2 5 28 O 20
2759 2760 2 3 15 O 30
2761 15086 2 3 15 O 30
15461 7078 2 3 15 O 20
6999 7117 2 11 61 O 30
14952 7087 2 3 14 O 10
2762 7001 2 3 13 O 10
2763 2764 2 6 29 O 30
7001 7012 2 9 44 O 20
8037 2765 2 6 29 M 10
2765 2766 2 7 37 O 30
2767 2768 2 9 47 O 30
15316 15315 2 1 5 O 20
15316 2769 2 4 19 O 10
2771 2772 2 5 28 O 10
2777 6992 2 4 17 O 10
6992 6998 2 6 29 M 20
2778 15073 2 3 14 O 20
7019 15316 2 2 7 O 20
7009 7006 2 4 22 M 10
14286 14287 2 4 18 O 10
10659 10658 2 1 3 O 30
10658 10657 2 5 27 O 10
10657 436 2 15 82 O 20
436 438 2 3 13 O 20
438 10656 2 3 12 M 10
10660 10659 2 24 131 O 10
10661 16599 2 9 49 O 30
16599 10660 2 1 5 O 10
2774 2775 2 4 18 O 30
2775 7603 2 11 60 O 10
7603 2776 2 9 46 O 30
7601 7602 2 9 46 O 30
5735 2780 2 2 10 M 10
8058 2781 2 8 42 M 20
11344 8049 2 5 24 O 20
8049 11345 2 2 10 M 20
11345 8050 2 2 6 M 20
7059 7106 2 2 9 O 20
7106 11344 2 1 5 O 10
2783 2784 2 7 36 O 10
16431 2783 2 5 27 O 10
16432 2785 2 6 28 O 10
10693 7025 2 3 14 M 30
2786 2787 2 8 41 O 20
11295 9 2 11 56 O 20
11347 2788 2 2 9 O 30
2788 2789 2 13 67 M 30
2788 2790 2 13 69 M 10
11346 8053 2 8 42 O 30
2793 2794 2 5 24 O 20
6288 6287 2 9 45 O 20
6271 6270 2 2 6 M 30
2791 2792 2 9 47 O 10
12656 12655 2 9 47 O 30
12655 2795 2 4 21 M 10
12655 2796 2 14 75 O 10
12470 12469 2 4 18 O 30
12474 12473 2 5 26 O 30
16460 2803 2 6 29 O 30
2803 2804 2 4 18 O 20
2805 2803 2 6 30 O 10
2806 2807 2 3 14 O 30
8859 8860 2 2 8 O 20
16457 2797 2 5 28 O 20
6792 16456 2 6 32 O 10
8855 8856 2 1 4 O 20
8854 8855 2 2 6 O 30
2798 6792 2 3 12 O 30
8857 6727 2 5 24 O 30
6727 8858 2 1 4 O 10
8858 2798 2 2 7 M 10
4194 15025 2 16 85 O 30
2799 16447 2 2 10 O 20
16447 16446 2 2 7 O 10
6792 2800 2 3 13 O 30
2801 16453 2 4 19 M 20
16374 2802 2 15 81 M 20
2816 2817 2 4 21 O 20
6716 2816 2 4 19 O 30
16451 16449 2 8 43 O 10
16448 16444 2 5 24 O 20
16444 2799 2 2 7 O 20
2808 2809 2 10 54 O 10
2810 2811 2 1 4 O 20
6740 2812 2 6 32 O 10
2813 15032 2 7 36 O 10
2814 2815 2 8 43 O 10
6734 2814 2 4 20 O 10
15363 2818 2 3 13 M 30
4124 15363 2 8 41 O 10
15363 15362 2 3 16 M 30
2819 2820 2 4 19 M 30
2821 2822 2 3 11 O 30
12459 12429 2 5 24 O 10
6032 2824 2 4 18 M 10
2825 12450 2 1 4 M 20
12451 12450 2 3 17 O 10
12450 12449 2 6 31 O 30
7714 12426 2 1 5 O 10
2827 2828 2 3 12 O 20
1505 2829 2 7 36 O 20
2830 2831 2 2 7 O 20
2833 2832 2 4 18 O 30
1505 2833 2 1 5 M 20
4186 15360 2 5 23 O 10
16435 16375 2 7 35 O 20
2834 2835 2 4 20 O 10
8247 11004 2 16 87 O 30
11004 8244 2 10 51 O 30
8244 82 2 7 37 O 30
82 2840 1 8 42 O 10
2841 2842 2 2 10 O 20
11433 16590 2 5 24 O 30
15007 15008 2 2 9 O 10
2845 2846 2 4 22 M 20
950 4586 2 3 15 O 30
4688 2849 2 2 10 O 10
13203 4610 2 7 36 O 20
2847 2848 2 2 9 M 10
2850 16884 2 16 84 O 10
2851 2852 2 65 356 M 20
12901 276 2 13 72 M 30
2853 2854 2 5 27 O 20
5348 2857 2 5 26 O 20
2857 2855 2 2 8 O 30
2856 2857 2 1 4 M 30
2858 2859 2 5 23 O 10
14695 2860 2 3 12 O 20
2863 2864 2 5 23 M 10
7354 2867 2 2 7 M 20
2867 16373 2 2 8 O 20
2866 2867 2 3 16 O 10
16372 2869 2 5 28 O 20
2870 14826 2 3 14 O 10
2861 2862 2 2 10 O 30
13931 13932 2 9 47 O 10
16687 15028 2 6 33 O 30
2876 2875 2 9 45 O 20
2873 2874 2 2 6 O 10
2874 2876 2 1 5 O 20
2872 2871 2 2 8 M 20
1789 2872 2 2 7 O 20
2877 2878 2 1 5 O 20
15435 8438 1 1 2 O 20
8440 4841 2 2 8 O 30
14806 2802 2 7 34 O 20
2802 14805 2 6 30 M 10
2880 13721 1 4 20 O 20
2882 2883 2 6 29 M 20
14690 2881 2 4 18 O 10
2881 2883 2 8 42 O 30
2883 2884 2 3 16 O 20
2885 2886 2 5 23 O 10
2887 2888 2 5 25 O 20
10480 10481 2 2 10 O 30
14172 10505 1 16 88 M 30
10505 6464 1 33 180 M 10
14171 6464 2 14 73 O 20
10509 10510 2 5 25 O 10
10510 14176 2 10 52 O 30
6197 6198 2 4 18 O 30
6186 10524 2 11 59 O 20
10324 10298 2 4 19 O 20
10124 649 2 2 11 O 30
14502 14501 2 4 18 O 20
14500 14499 2 3 16 O 10
6162 6215 2 4 22 O 30
2890 2891 2 3 15 O 30
2891 2892 2 16 84 O 10
2892 2893 2 3 14 M 20
2893 2891 2 6 29 M 20
13465 2895 2 1 5 O 30
9646 16157 2 2 6 M 20
2896 2897 2 3 14 O 20
9656 8076 2 4 21 O 10
9662 2898 2 3 13 O 20
2899 2900 2 2 9 O 30
2901 2902 2 2 8 M 10
2903 2904 2 3 12 O 30
9656 2905 2 4 20 O 30
2906 2907 2 2 8 O 20
5968 2908 2 4 17 O 30
2910 2911 2 4 19 O 20
2912 2913 2 3 13 M 30
2913 2914 2 3 14 O 20
2914 2915 2 1 4 O 20
2916 2917 2 13 71 O 30
2918 2920 2 2 10 M 30
8956 2919 2 2 7 O 10
2920 7981 2 2 6 O 10
2922 2921 2 2 10 O 30
2924 2925 2 5 25 O 30
2926 2927 2 5 24 O 20
10239 2928 2 3 12 O 10
6182 6183 2 8 43 O 30
10339 2929 2 4 22 O 10
6207 2930 2 6 31 O 10
10367 10366 2 2 10 M 30
2932 2933 2 1 4 M 30
2981 10119 2 21 113 O 30
14119 2983 2 2 9 M 30
10083 10088 2 2 9 O 30
10087 10086 2 3 16 O 20
2982 4094 2 2 9 M 30
4094 4092 2 10 54 O 30
4092 4088 2 4 21 M 10
4088 4087 2 2 6 O 10
4087 4086 2 2 11 O 30
10314 10312 2 13 71 O 20
10312 10306 2 3 12 M 30
10306 10313 2 9 45 M 30
2935 2936 2 5 23 O 30
7631 2937 2 4 19 O 20
10254 10244 2 7 34 O 30
10296 15557 2 5 24 O 20
13554 2938 2 9 47 O 20
2939 2940 2 4 22 O 10
2941 2942 2 7 39 O 10
2943 2944 2 10 55 O 10
7629 10258 2 11 61 O 30
10256 2945 2 4 18 M 30
7629 10256 2 4 17 O 30
10258 10260 2 7 36 O 20
10260 10261 2 2 8 O 10
7633 2946 2 4 21 O 10
2947 2948 2 4 22 O 10
14179 2949 2 2 7 O 20
11399 11401 2 12 61 O 10
11401 11400 2 4 21 O 20
11403 11404 2 2 10 O 30
11406 11409 2 8 40 O 10
11409 11410 2 9 49 O 30
11407 11408 2 10 53 O 20
11409 2950 2 5 25 M 30
11375 11374 2 4 20 O 10
11377 11376 2 8 42 O 20
11353 11357 2 6 32 O 10
2951 2952 2 1 3 M 20
11382 4043 2 6 28 O 30
11383 2953 2 7 35 O 30
2954 2955 2 2 6 O 20
4935 2956 2 4 22 O 10
14269 2957 2 6 28 O 30
2958 13568 2 6 30 O 10
13569 2959 2 3 14 M 20
2961 13575 2 9 49 O 10
2962 2963 2 11 56 O 20
1985 2964 2 8 44 O 20
2964 16052 2 6 28 O 10
4248 16740 1 60 328 O 30
16393 16394 2 8 42 O 30
4119 4120 1 79 435 M 10
4255 16738 1 42 230 O 30
16737 2966 1 17 91 O 10
331 2968 2 13 67 M 20
6215 10219 1 10 54 O 30
10219 6216 1 10 51 O 10
6214 14702 2 8 40 O 30
14702 6215 2 8 39 O 30
2970 2971 2 2 7 O 10
6218 3081 2 4 21 O 20
3081 10287 2 4 17 O 20
2975 2976 2 5 25 O 20
2972 2973 2 6 28 O 20
14504 10373 2 4 21 O 30
14711 2974 2 4 22 O 20
14711 14706 2 1 3 O 20
15511 15509 2 2 9 O 30
14710 14705 2 1 3 O 30
15506 2977 2 11 58 O 10
2437 16802 2 1 3 M 10
10372 10371 2 7 35 M 20
2894 6199 1 5 22 O 30
10120 2978 2 4 19 O 10
2978 10188 2 3 15 O 10
10383 2979 2 56 306 O 30
2985 2986 2 8 41 O 20
2984 2985 2 4 18 O 20
10786 2987 2 4 19 O 10
10784 10783 2 2 8 O 30
2988 7222 2 3 15 O 30
2995 10712 2 5 24 O 30
2996 2997 2 6 29 M 30
5788 2996 2 2 6 O 10
2990 2989 2 5 23 O 20
2991 2992 2 6 32 M 10
13753 2998 2 4 21 O 10
2999 9354 2 3 13 O 10
3000 3001 2 4 19 O 20
10652 3002 2 3 16 O 10
16646 3003 2 1 4 O 30
7397 7398 2 4 21 O 30
3005 3006 2 4 20 O 10
10750 10749 2 3 14 O 30
3007 3008 2 2 7 O 20
13754 13716 2 3 12 M 10
13717 13751 2 1 4 O 30
13751 3011 2 2 11 M 30
3011 3012 2 2 10 O 20
16132 10742 2 9 48 O 10
16132 3013 2 9 47 O 30
16131 16132 2 1 3 O 30
3014 3015 2 5 27 O 30
3016 3017 2 2 8 M 30
3017 3018 2 3 12 M 20
3018 3019 2 3 12 O 30
10789 3022 2 4 20 M 10
3022 3020 2 3 13 O 20
3021 3022 2 1 4 O 30
3023 3024 2 2 7 O 10
13654 3025 2 7 35 M 20
3027 13653 2 2 11 O 30
3028 3029 2 6 28 M 20
3030 3031 2 2 9 M 10
3032 11303 2 2 7 O 10
3034 16670 2 3 16 O 20
3035 3036 2 3 11 M 10
7227 10707 2 13 67 O 10
10707 5910 2 3 15 O 20
2993 2994 2 6 33 M 30
5765 3778 2 3 14 O 10
2697 3026 2 6 30 O 20
11483 3037 2 4 18 M 10
11211 11210 2 2 9 M 20
3039 3040 2 1 4 O 20
10741 10791 2 3 12 O 20
10790 7247 2 3 11 O 30
7055 7096 2 14 73 O 10
7063 11331 2 8 43 O 30
11331 8056 2 3 13 O 10
13049 3041 2 3 13 O 30
3041 3042 2 2 9 O 30
3043 3044 2 14 75 O 10
8022 3043 2 27 145 O 20
3045 3046 2 13 69 M 10
8013 8024 2 14 78 O 30
7884 7886 1 2 6 M 20
7882 7881 1 1 3 O 20
7894 7893 1 1 4 O 30
7890 7891 1 2 6 O 10
8009 3049 2 4 20 O 10
3049 4042 2 16 85 O 30
14257 14256 2 2 8 O 30
3051 8026 2 2 8 O 10
3052 3053 2 5 23 O 20
3054 3055 2 2 6 M 20
4945 4939 2 8 41 O 20
13601 13600 2 10 52 O 30
13600 2963 2 15 81 O 30
13603 13602 2 6 31 M 20
13602 3056 2 6 31 M 10
3057 3058 2 6 32 O 20
2963 13599 2 2 7 O 10
13599 3057 2 15 78 M 10
3057 3059 2 1 4 M 20
3047 3048 2 10 51 O 30
3060 3061 2 5 28 O 30
3062 3063 2 8 39 O 30
86 85 1 4 20 O 10
8373 86 1 1 5 O 10
88 8373 1 3 14 M 10
3064 3065 2 7 35 O 30
3065 3066 2 5 23 O 20
3067 3068 2 4 21 M 20
3068 3069 2 8 42 O 20
3069 3070 2 4 22 O 30
3070 3068 2 4 20 O 20
3074 3073 2 3 11 O 30
3071 3072 2 3 12 O 20
10322 3077 2 11 56 M 30
10311 10310 2 4 19 O 30
3078 3079 2 2 11 O 10
6171 8738 2 7 38 O 10
8738 3078 2 8 40 O 30
3078 13538 2 4 18 O 20
3080 3083 2 14 76 O 30
10369 6155 2 5 23 O 20
8761 8760 2 16 88 O 30
3081 3082 2 4 21 O 10
14308 8766 2 4 18 O 20
6175 6173 2 19 102 O 20
8731 8732 2 4 19 O 20
10348 3088 2 4 17 M 10
3089 3090 2 5 26 O 20
3085 3086 2 6 28 O 10
3084 3085 2 5 25 O 10
3091 8712 2 4 17 O 20
16711 16710 2 2 7 O 20
3093 3092 2 3 17 O 10
3094 3093 2 3 16 O 30
3095 3094 2 2 9 O 30
3096 10780 2 2 9 O 10
10780 3097 2 6 31 O 10
3098 11279 2 2 8 O 30
3099 10778 2 3 16 O 30
13711 7209 2 8 40 O 10
13690 11119 2 3 13 O 20
5759 13689 2 4 22 O 10
7241 13684 2 9 45 O 30
3101 3102 2 1 5 M 20
7249 11140 2 5 24 O 30
5919 3103 2 3 14 M 20
13645 13251 2 4 17 O 30
13683 7239 2 14 73 M 10
13644 7192 2 4 21 O 10
13252 13644 2 4 22 O 20
13656 7216 2 16 85 O 20
7216 13252 2 1 5 O 10
7202 3104 2 5 25 O 20
7239 13255 2 2 8 O 20
13255 7204 2 6 31 O 30
10705 10704 2 8 42 O 10
13642 3105 2 3 12 O 30
10720 13643 2 4 17 O 30
10627 3106 2 1 4 O 20
10630 10629 2 3 15 O 20
10630 3107 2 1 6 O 30
5763 3108 2 3 13 O 10
3109 13752 2 4 18 O 20
13237 3110 2 5 23 O 10
10626 3111 2 1 1 O 20
10628 3112 2 1 3 O 20
15401 3113 2 12 62 O 30
13676 13677 2 2 10 O 10
5764 10632 2 3 14 O 20
10632 7237 2 9 46 M 30
7237 13662 2 6 31 O 30
13662 5768 2 5 27 M 10
5768 5790 2 7 35 O 20
5768 3114 2 6 30 O 10
3115 3116 2 7 39 O 10
3117 3118 2 1 5 O 20
3119 3120 2 7 35 O 20
3123 3124 2 2 6 O 30
5779 3124 2 8 42 O 10
4915 7723 1 10 51 O 10
7723 11458 1 22 119 M 10
3125 3126 2 2 9 O 20
3127 8917 2 2 9 O 30
8917 8918 2 6 29 M 20
11850 11852 1 4 19 O 20
3128 3129 2 4 21 M 30
16727 16731 1 2 9 O 30
16731 16726 1 2 10 O 30
16724 16723 1 6 30 O 30
16723 3909 1 3 14 O 30
3909 16722 1 2 6 M 10
16725 16727 1 6 31 O 10
16729 16728 1 1 5 O 10
16728 16724 1 2 8 O 20
14802 3130 2 6 28 O 10
3130 14125 2 8 42 O 30
9215 9251 2 9 48 M 20
14827 14828 2 7 34 O 10
14824 14823 2 5 23 O 10
14820 3132 2 3 14 O 10
16374 3133 2 6 32 O 30
14814 14813 2 4 17 M 10
3134 3135 2 5 23 O 30
3136 9516 2 3 13 M 30
3137 3138 2 5 26 O 10
7322 3140 2 5 24 O 20
3141 9518 2 5 24 O 20
9519 3142 2 3 11 O 10
9191 3143 2 7 36 O 20
3144 3145 2 5 23 O 20
7335 7334 2 6 33 O 10
3146 3147 2 5 24 O 30
7298 3148 2 4 22 O 20
7286 7317 2 4 21 O 20
9202 3149 2 3 16 O 30
3150 3151 2 5 23 O 10
9507 9504 2 4 21 O 10
9522 3153 2 4 17 M 10
9496 9494 2 3 17 M 30
3154 3155 2 3 14 O 10
13460 13459 2 8 40 O 10
3156 3157 2 5 22 O 30
9521 3158 2 4 19 O 20
3159 3160 2 2 10 M 20
1463 1464 2 10 55 O 10
1609 3161 2 3 12 O 20
3161 3167 2 7 34 M 20
3167 3162 2 7 37 O 30
3163 3164 2 25 137 O 20
3161 3163 2 3 16 M 30
3166 3167 2 3 12 O 30
3164 3165 2 3 16 O 20
9607 9578 2 7 36 M 30
7451 7449 2 2 9 O 30
7451 3168 2 3 14 O 20
3168 3169 2 3 13 O 30
4415 3170 2 7 36 O 10
3171 3172 2 4 20 O 30
3173 3174 2 4 19 O 30
3175 3176 2 3 17 O 10
9400 9401 2 2 7 O 20
11935 11852 2 5 24 O 10
3178 12813 2 3 15 M 20
12809 12812 2 4 21 O 20
3179 3180 2 7 36 O 20
3181 3182 2 1 4 O 10
3183 3184 2 2 6 O 20
3186 3185 2 3 13 O 10
12618 3187 2 5 23 O 30
3188 3189 2 7 34 O 20
3190 2921 2 5 25 O 30
6653 15329 2 3 12 O 20
6675 3191 2 2 9 O 20
14636 12633 2 8 43 M 10
6652 3192 2 9 47 O 30
3193 3194 2 3 14 O 30
3195 3196 2 6 28 O 30
3199 3200 2 5 26 O 20
3197 3198 2 4 22 O 20
3198 3199 2 4 22 O 30
12718 12717 2 5 23 O 20
12719 3202 2 3 15 M 10
3203 8004 2 3 13 O 20
3204 12672 2 3 16 O 30
12670 12673 2 4 19 O 10
6648 12714 2 6 31 O 20
3206 12771 2 3 16 O 20
3207 3208 2 4 22 O 20
14065 14849 2 7 37 O 30
10738 3210 2 7 36 O 10
3212 3213 2 3 15 O 10
3213 3214 2 1 5 O 10
3211 3212 2 1 4 O 20
7376 10733 2 3 12 M 10
3215 13740 2 2 6 M 20
3216 3217 2 3 15 M 10
3218 3219 2 1 5 M 30
15851 862 1 2 10 M 10
934 933 2 4 18 O 20
11457 8177 2 7 37 O 10
3220 3221 2 4 19 O 10
3222 3223 2 2 8 O 20
3224 3225 2 4 20 O 30
1415 16657 2 8 42 M 10
1317 1318 1 2 6 O 30
8063 1316 1 2 7 M 30
3227 3228 2 4 20 M 20
3229 3230 2 2 11 M 10
10727 7183 1 2 8 M 10
7183 7218 1 5 27 O 10
3231 10690 2 3 13 O 20
3232 3233 2 3 12 M 20
7848 3235 1 4 22 O 30
3235 11306 1 5 24 O 10
11306 7849 1 4 20 O 20
3234 3235 2 3 15 M 10
16645 11307 2 2 9 M 30
7849 3236 1 14 74 M 30
3237 11305 2 4 20 O 20
16592 13831 2 5 23 O 20
3236 11305 1 6 31 O 10
11305 10731 1 2 10 O 30
3238 13741 2 2 7 O 20
10723 10736 2 4 21 O 10
9904 3239 1 4 18 O 20
3240 3241 1 6 32 O 20
14528 9904 1 4 18 O 20
3239 3240 1 2 9 O 30
3241 4424 1 3 13 O 10
3242 3243 2 3 12 O 20
6609 3243 2 4 20 O 30
3243 3244 2 2 10 M 10
3244 1375 2 6 30 O 30
3247 10962 2 4 18 O 20
3248 10959 2 3 16 O 10
3249 3250 2 1 4 O 30
3251 3252 2 2 10 O 30
4746 6606 2 3 13 M 30
6606 6581 2 13 72 O 30
6581 4869 2 7 36 O 20
3254 3264 2 9 45 O 10
3264 3261 2 3 13 O 10
3261 3255 2 8 44 O 20
3258 3259 1 9 50 O 10
3257 3258 2 1 5 O 20
3255 3258 2 4 19 O 30
3259 3256 1 2 9 M 10
3260 3261 2 3 13 O 10
3263 3264 2 4 18 O 20
3262 3263 2 1 3 O 30
8973 8971 2 4 17 O 10
3265 3266 2 23 125 M 20
3268 12488 2 2 6 O 10
3269 3270 2 3 13 O 20
6275 6274 2 2 11 O 30
3272 3273 2 5 25 O 10
3274 3275 2 5 27 O 10
3276 12489 2 3 15 O 10
6314 6307 2 6 30 O 30
14801 14800 2 6 28 O 30
13820 3279 2 4 22 O 20
3279 3277 2 1 5 O 10
3278 3279 2 1 4 O 30
13829 13828 2 4 17 O 10
13828 13827 2 4 21 O 20
3280 3281 2 2 7 O 30
3282 3283 2 2 7 O 30
10843 3284 2 3 11 O 10
10838 15452 2 3 12 O 30
7259 7256 2 6 29 M 30
3286 3285 2 2 10 O 10
3285 3287 2 4 21 O 30
3288 3289 2 2 9 O 20
3290 3291 2 4 20 M 30
3292 3293 2 6 31 M 10
16549 14033 2 2 11 O 10
3295 3296 2 2 10 O 20
3296 3297 2 3 12 O 20
3294 3295 2 1 4 O 20
3298 3299 2 2 6 O 30
3300 3301 2 1 5 O 30
3302 3303 2 5 26 O 10
6586 3209 2 2 9 O 10
6596 3305 2 4 19 O 20
3306 3307 2 7 35 O 20
3308 8083 2 4 17 M 30
3309 3310 2 6 28 O 20
3311 3312 2 2 6 O 30
3313 3314 2 8 43 O 30
3315 3316 2 3 16 O 10
3317 16569 2 4 20 O 20
16388 6102 2 4 18 O 20
3318 3319 2 4 20 O 30
14100 14101 2 4 18 O 30
3320 15380 2 4 17 O 30
14994 3322 2 10 55 O 30
14993 3330 2 3 14 O 20
6088 3323 2 8 43 O 30
3324 3325 2 6 32 M 20
3326 3327 2 7 37 M 20
3328 3329 2 6 32 M 30
15372 3328 2 3 12 O 10
15405 15322 2 3 12 O 20
3336 3339 2 15 80 O 20
3338 3339 2 1 5 O 10
3339 3337 2 9 46 O 10
3340 16481 2 3 15 O 30
12723 12722 2 2 9 O 30
6782 6793 2 5 23 O 30
13999 6772 2 14 76 O 30
15412 6726 2 9 45 O 30
6726 6791 2 8 42 O 20
5828 6791 1 17 92 O 20
16641 16642 2 3 14 O 30
16642 16643 2 2 9 O 20
3344 3342 2 2 6 O 30
3343 3342 2 2 10 O 30
3342 16641 2 1 2 O 20
3341 3344 2 1 5 O 10
3332 12724 2 16 83 O 30
3333 3334 2 6 31 M 30
3345 3346 2 7 35 O 20
1256 15850 2 2 7 O 10
130 129 2 10 53 O 30
129 128 2 8 42 O 10
3348 3349 2 6 30 M 30
13331 13337 2 6 31 O 20
13331 13330 1 11 58 M 30
3350 3351 2 5 26 M 30
3352 3353 2 5 24 O 30
3354 14064 2 13 69 O 10
11062 3355 2 15 80 M 10
11060 11061 2 3 16 M 10
3355 3357 2 15 81 O 30
11061 3356 2 3 13 O 30
15280 3358 2 6 31 O 20
16492 16491 2 3 14 O 20
14747 11047 2 12 65 O 30
11047 4748 2 10 50 O 20
4748 11043 2 14 73 O 10
11043 11045 2 6 31 M 10
11045 6753 2 13 67 O 20
3359 16595 2 3 13 O 20
6730 3360 2 3 16 O 10
16528 3361 2 3 15 O 30
11049 11048 2 7 37 O 10
6777 15252 2 5 23 O 10
3949 4005 2 3 16 O 30
15287 3363 2 7 36 O 20
13994 13995 1 12 64 O 20
11041 3364 2 3 15 M 30
3366 3367 2 19 103 O 30
15256 15255 2 3 11 O 20
15257 4752 2 7 34 O 10
4752 15258 2 4 17 O 10
15258 15253 2 12 63 O 30
3368 15254 2 5 26 O 10
15254 15253 2 3 13 O 20
154 7608 2 12 66 O 10
15264 15263 2 2 10 O 20
15266 3372 2 2 6 O 10
4756 15260 2 2 9 O 20
15099 3373 2 3 16 O 30
3373 3374 2 6 32 O 20
15099 3375 2 2 6 O 20
3376 3377 2 7 36 O 30
7606 13867 2 3 12 O 30
3378 3379 2 4 22 O 10
3381 3382 2 4 21 O 20
14524 14523 2 32 174 O 20
14523 15292 2 2 10 O 20
15292 14522 2 9 49 O 20
14521 14520 2 11 58 O 20
14520 14523 2 12 65 O 30
3385 3386 2 9 47 O 30
14753 14754 2 7 35 O 30
14753 3387 2 7 37 O 20
14520 3388 2 3 16 O 10
14064 11037 2 5 26 O 30
6751 3354 2 2 11 O 10
11072 11074 2 3 16 O 10
11077 11076 2 8 41 O 20
11076 3392 2 7 37 O 30
3389 3390 2 6 29 O 30
16510 11105 2 2 9 O 30
11108 11107 2 3 16 O 10
11106 3391 2 5 23 O 20
3076 8211 2 2 8 M 10
11109 13966 2 5 27 O 30
6746 3393 2 5 25 O 10
11102 11100 2 2 6 O 30
11100 15165 2 6 28 O 30
14755 14756 2 3 12 O 30
3394 3395 2 4 21 M 20
14059 14752 1 1 4 O 10
14752 8804 1 17 92 M 20
14061 3396 2 6 31 O 20
10997 3397 2 3 14 O 20
11018 11017 2 3 14 M 20
8245 16494 2 20 111 O 10
16494 8246 2 5 24 M 20
11022 11023 2 3 12 O 30
11005 70 2 6 31 M 10
14917 3408 2 8 42 O 30
3402 3401 2 3 14 O 30
3404 3400 2 1 4 O 30
3405 3407 2 4 18 O 30
3407 3406 2 3 16 O 10
3401 3400 2 2 8 O 10
3403 3402 2 3 12 O 30
15263 15260 2 1 3 O 30
3372 15265 2 3 16 O 30
3410 3409 1 23 125 O 10
3411 3412 2 2 6 O 30
14370 3413 2 6 29 O 20
14371 14370 2 5 25 O 30
15290 16412 2 17 91 O 20
3369 3370 2 3 14 O 20
3379 3380 2 4 17 M 10
15091 15092 2 4 17 M 20
15092 3414 2 2 8 O 20
3415 3416 2 3 14 O 10
3416 3414 2 9 49 O 20
3414 8849 2 1 6 O 30
8848 8852 2 4 17 O 20
8847 8848 2 5 23 O 30
3417 3418 2 4 17 O 10
3419 3420 2 4 21 M 20
3421 3422 2 4 21 O 20
11412 3423 2 5 23 O 30
11366 3424 2 4 21 O 20
3425 11368 2 6 29 O 20
3426 11361 2 5 23 O 20
3427 4081 2 5 25 O 30
3428 3429 2 1 5 O 10
3430 3431 2 3 12 O 30
3434 3433 2 3 12 O 30
3433 3432 2 2 6 M 30
3432 3434 2 2 10 O 30
3434 3435 2 1 3 O 30
3436 16116 2 6 30 O 20
3438 3439 2 6 32 O 20
3439 3440 2 5 22 O 30
3440 3441 2 3 12 O 20
3441 3439 2 3 12 O 20
16113 3442 2 5 23 M 20
16112 3445 2 4 21 M 10
3446 3447 1 14 73 O 10
3446 6008 2 3 12 O 10
3448 3449 2 13 67 O 20
3451 3449 1 10 55 M 10
3449 3450 1 7 35 M 20
8946 3443 2 9 46 O 20
381 3444 2 2 8 O 20
6008 3452 2 11 56 O 20
7986 7985 2 9 50 O 20
3455 3456 2 4 17 O 20
8941 7982 2 4 17 O 20
3458 3459 2 4 18 O 30
3460 3457 2 1 3 M 20
3459 3460 2 1 2 O 10
3461 5494 2 4 18 O 10
3462 3461 2 3 16 O 20
14180 3464 2 6 28 O 20
9370 9371 2 9 45 O 20
5997 5998 2 4 21 O 30
199 3468 2 2 10 O 20
3469 3859 2 7 37 O 10
3859 3858 2 4 22 O 30
3858 16669 2 8 39 O 10
9645 16669 2 9 47 O 20
2712 6369 2 2 8 O 20
4401 3471 2 8 42 O 30
3471 3472 2 2 9 O 30
9340 3474 2 6 33 M 20
3475 3476 2 12 66 O 10
3477 3478 2 5 27 O 10
5161 5091 2 10 53 O 10
5091 4397 2 13 69 O 20
5057 16566 2 3 13 O 30
5160 5056 2 7 38 O 20
3479 3480 2 5 25 O 10
3481 7931 2 8 43 O 30
5638 9758 2 17 91 O 30
9758 5627 2 13 69 O 20
5627 5658 2 18 95 M 30
5658 5640 2 24 128 O 10
3482 3483 2 4 19 M 20
6002 9326 2 19 100 O 20
3484 3485 2 8 42 O 30
9642 3486 2 3 13 O 10
16887 3487 2 11 60 O 20
7288 8197 2 5 24 O 20
9226 9227 2 5 26 O 20
3488 3489 2 14 73 O 20
3490 7309 2 3 12 O 20
3491 3492 2 12 64 O 20
3493 3494 2 12 62 O 10
3495 3496 2 4 21 M 20
3497 3498 2 5 24 O 20
3498 3499 2 6 28 O 20
3500 3498 2 7 35 O 10
3501 3502 2 7 38 O 20
3502 3503 2 2 9 M 10
3504 3505 2 5 25 O 10
3505 3506 2 3 14 O 10
3505 3507 2 9 50 O 20
3509 3510 2 12 62 O 20
3514 3515 2 40 217 O 20
3516 3517 2 7 38 O 30
3518 3519 2 4 21 O 20
13463 3520 2 8 40 O 20
9547 13616 2 4 17 O 30
13475 9548 2 2 9 M 20
3511 3512 2 2 10 M 20
9234 9233 2 3 12 O 30
16750 16752 2 2 9 O 20
16434 3522 2 3 12 O 20
16472 7291 2 5 24 O 30
16473 7333 2 3 11 O 20
3523 3524 2 4 20 O 20
3521 3525 2 7 39 O 20
7325 3526 2 4 22 O 20
9212 9213 2 4 19 O 30
9453 9460 1 5 28 O 10
5994 5995 2 5 27 O 10
3528 3529 2 1 3 O 20
4394 7929 2 16 85 O 20
9693 9692 2 4 18 O 30
3530 3531 2 5 24 O 10
3532 3533 2 6 31 O 20
3535 5137 2 3 14 O 10
15721 3536 2 2 10 O 10
3538 5099 2 10 55 O 20
3539 3540 2 4 19 M 10
3541 3542 2 4 21 O 30
3543 3544 2 5 26 M 20
9694 4393 1 9 47 O 20
4391 16151 2 5 24 O 10
13437 3545 2 2 7 O 30
3547 5109 2 3 15 M 10
5097 3546 2 3 14 O 10
3546 3547 2 3 12 O 10
15713 3548 2 4 19 O 10
3549 3550 2 6 29 O 10
4385 4384 2 3 16 O 10
3551 3552 2 5 26 O 10
3552 3553 2 6 28 O 20
3554 3555 2 7 37 O 30
3557 3556 2 8 41 O 20
4734 3559 2 8 41 O 20
9241 9242 2 3 13 O 30
9551 9546 2 6 32 O 20
9546 9550 2 3 12 O 30
16118 15549 2 2 9 M 30
3560 9247 2 6 31 O 20
9247 9240 2 8 40 M 10
15539 148 2 3 13 O 20
147 15536 2 3 14 O 10
3561 3562 2 25 137 O 30
3563 3564 2 4 20 O 30
3564 3565 2 3 13 O 30
3563 7332 2 5 24 O 30
14482 3566 2 8 42 O 30
3567 3568 2 9 45 O 30
3570 3571 2 2 7 O 10
3572 3573 2 2 8 O 20
3574 3575 2 8 39 O 30
3576 3577 2 7 36 O 10
3579 3580 2 5 25 O 20
3578 3579 2 1 5 O 30
3581 8662 2 4 21 M 30
3582 3583 2 4 17 M 10
3584 3585 2 4 18 O 30
14076 15340 2 4 19 O 10
3587 3588 2 4 22 O 30
3586 3587 2 3 14 O 20
15336 16396 2 4 20 O 20
6711 3589 2 3 13 O 30
3589 3590 2 5 26 M 10
15108 15110 2 4 18 M 30
6780 3591 2 4 20 O 20
15112 16396 2 2 10 O 30
16396 3592 2 2 6 O 30
15110 3593 2 6 30 M 10
3593 15106 2 6 30 O 30
15111 6703 1 8 39 O 20
16403 3594 2 5 24 O 30
3594 15107 2 7 35 O 30
3594 3595 2 7 33 O 10
3596 3597 2 3 13 O 30
14099 3598 2 8 39 M 30
3600 3601 2 5 23 O 10
16377 3602 2 4 19 O 20
3603 3604 2 4 17 O 30
3604 3605 2 3 15 O 20
15223 15222 2 6 33 O 20
15219 3606 2 1 4 O 10
3607 13942 2 13 69 M 10
13942 13943 2 10 53 O 30
13940 3607 2 2 6 O 30
13943 16395 2 9 48 O 20
8794 15334 2 3 15 O 10
15334 8797 2 3 16 O 30
3608 3609 2 6 32 O 10
13953 8796 2 4 19 O 20
3612 3613 2 5 24 O 30
13515 13516 2 4 17 O 20
13515 8792 2 5 25 O 20
3614 3615 2 2 10 O 30
15634 3616 2 2 6 O 20
3617 3618 2 2 6 O 20
3619 3620 2 1 3 O 30
492 3620 2 2 10 M 30
13969 13970 2 6 32 O 20
13970 14000 2 3 14 O 20
6721 16526 2 4 21 O 30
14068 14069 2 6 31 O 30
14069 16524 2 5 24 O 30
14078 3623 2 3 15 O 30
14069 3624 2 4 19 M 20
6762 16524 2 10 51 O 30
15389 3625 2 3 14 O 10
3626 3627 2 4 20 O 10
16924 14021 2 2 8 O 10
3629 3630 2 2 11 M 30
2066 16658 2 3 11 O 30
15229 3632 2 18 100 O 10
3634 3635 2 4 21 O 30
3636 4071 1 25 136 M 20
4071 15864 1 20 106 O 20
13984 3646 2 5 23 O 30
3646 3644 2 8 39 O 20
3647 3664 1 8 44 O 30
3664 3648 1 47 257 O 10
13987 7599 2 13 68 O 10
16531 3640 2 5 24 O 10
3640 4261 2 4 21 O 30
4261 13983 2 5 24 O 20
3640 3641 2 7 37 M 10
10943 15437 2 4 19 O 30
3642 3643 2 8 44 O 20
7266 14038 2 21 113 O 20
3645 3646 2 5 23 O 30
3649 3647 1 48 262 O 20
3648 3649 1 85 470 O 20
3649 4261 1 5 23 O 10
15206 3652 2 2 9 M 20
3652 3650 2 9 50 O 10
3650 3651 2 1 5 M 30
3651 3652 2 5 26 M 10
3648 3654 2 2 6 O 10
3654 10829 2 22 119 O 20
3653 3654 2 4 22 O 30
10830 13988 2 4 20 O 10
13989 3655 2 7 35 O 10
3656 3654 2 4 20 O 20
5752 13271 2 5 23 O 10
13271 13795 2 6 30 O 10
3657 3658 2 6 31 O 10
13697 13271 2 7 35 O 30
9734 9735 2 2 7 O 20
5746 9733 2 3 14 O 30
3992 5798 2 1 3 O 30
5798 5752 2 1 5 O 30
7180 7169 2 18 95 M 10
3661 3662 2 11 61 O 10
13272 3663 2 5 23 O 30
3664 16532 2 2 9 O 10
3665 3666 2 2 9 O 10
16532 3667 2 3 12 O 30
3668 3669 2 3 13 O 30
3670 3671 2 2 9 O 10
3673 3674 2 7 35 O 20
3676 3677 2 1 5 O 10
3678 3679 2 6 29 O 20
3680 3681 1 4 21 M 20
10855 3687 2 6 31 O 30
10856 10855 2 4 22 O 30
10855 5769 2 3 12 O 10
13664 5779 2 3 16 O 20
3688 3689 2 2 6 O 10
11322 11321 2 3 15 O 10
3690 3691 2 4 19 O 30
11321 11320 2 2 6 O 20
3692 11318 2 3 12 O 10
3693 10853 2 3 13 O 20
10854 10853 2 4 19 O 20
5773 11318 2 11 59 O 10
7105 7094 2 5 26 O 30
3694 3695 2 5 22 O 10
13665 10775 2 2 6 O 30
10775 7115 2 4 18 O 20
7099 7060 2 6 30 O 30
7060 7115 2 4 22 O 10
7099 10851 2 3 12 M 10
10776 10775 2 3 14 O 20
10773 10774 2 2 9 O 30
7105 10771 2 2 10 M 20
5745 3684 2 4 18 M 30
3684 3682 2 3 12 O 30
3683 3684 2 1 2 O 30
10768 3685 2 3 16 O 20
10770 10769 2 4 17 O 20
10770 3699 2 3 16 O 30
3700 10719 2 4 17 O 10
3701 13666 2 4 17 O 30
3702 3703 2 4 20 O 10
3704 3705 2 2 6 O 10
13646 13647 2 5 25 O 30
10942 13729 2 6 32 O 20
13729 10923 2 5 23 M 20
13731 10946 2 10 51 O 30
3697 3675 2 4 18 O 20
10936 3698 2 2 6 M 10
3706 10944 2 3 15 O 30
3707 3708 2 3 15 M 30
3709 3710 2 4 18 O 10
14039 3711 2 4 22 M 10
14039 3642 2 4 20 O 10
3642 14040 2 1 4 O 10
3712 10946 2 3 15 O 20
14038 10946 2 4 18 O 10
10945 13730 2 11 56 O 30
3713 10937 2 5 23 O 20
10929 10928 2 3 16 O 30
3715 3717 2 3 16 O 20
3717 3716 2 3 12 O 10
10937 3722 2 3 14 O 10
3722 8840 2 5 26 O 30
3718 3719 2 2 10 O 10
10915 3719 2 2 7 M 30
3719 10939 2 4 20 O 10
3720 10938 2 2 8 O 20
3721 3722 2 2 6 O 30
3724 3735 2 3 16 O 20
3723 3725 2 3 15 O 30
3726 3727 2 5 26 O 30
14047 3727 2 6 30 O 30
3727 14048 2 1 3 O 10
14052 15940 2 12 65 O 10
15939 3729 2 3 14 O 20
1364 1259 2 3 12 O 20
16529 3730 2 4 18 M 20
3731 3732 2 5 26 O 30
7272 7266 2 4 18 O 10
14483 3734 2 1 1 O 30
3734 10917 2 3 16 O 30
3733 3734 2 1 4 M 30
10919 10918 2 3 16 O 10
10932 10931 2 9 49 O 30
7274 3736 2 2 7 O 30
13750 11166 2 3 16 O 30
68 11142 2 3 15 O 20
11123 3740 2 17 93 O 20
3741 5822 2 11 56 O 10
11120 7067 2 3 16 M 30
13706 7089 2 4 22 O 30
11132 3737 2 2 9 O 20
7065 13648 2 6 32 O 20
13648 7111 2 5 25 O 20
13287 13286 2 5 23 O 20
13639 13640 2 4 19 O 10
10884 3738 2 5 23 O 10
10885 3739 2 1 4 O 20
10882 10881 2 3 15 O 10
10864 16550 2 7 35 M 20
10866 10865 2 10 54 O 10
10865 13703 2 4 17 O 30
13699 10864 2 7 37 O 10
4235 3908 1 3 15 O 10
3742 15030 1 4 17 O 20
5774 3743 2 7 34 O 30
3744 3745 2 7 36 O 30
3746 3747 2 5 23 O 20
3748 7068 2 4 20 O 30
10713 11332 2 8 39 O 30
10714 3749 2 5 23 O 30
3749 3750 2 1 4 O 10
3751 3750 2 7 37 O 10
3749 3752 2 1 3 O 30
3752 3753 2 2 7 O 20
3752 3754 2 2 6 O 10
3755 7228 2 6 29 O 20
14992 14989 2 6 31 O 10
14991 14992 2 3 12 O 20
13283 5753 2 8 43 M 10
14981 14982 2 7 39 O 20
13691 7079 2 11 56 O 20
14984 5734 2 8 44 O 30
13281 14984 2 5 27 M 30
5728 3757 2 6 31 O 30
5751 3758 2 5 25 O 30
7077 3759 2 6 31 O 30
13696 3760 2 5 26 O 10
3761 3762 2 4 22 O 20
5760 3763 2 4 17 M 30
3764 5787 2 4 20 O 10
3765 3766 2 5 23 M 20
3767 13278 2 2 7 M 20
13277 5740 2 10 53 O 10
13279 5783 2 7 36 O 20
15344 13280 2 13 72 O 30
13280 13274 2 8 42 O 10
5758 5744 2 9 50 O 20
3768 3769 2 2 9 O 30
3770 3769 2 4 21 O 10
3769 13227 2 9 48 O 20
13228 3771 2 26 143 O 20
13228 3770 2 2 8 O 20
3772 13309 2 1 4 M 20
3773 3774 2 2 7 O 20
3776 3777 2 6 31 O 10
3775 3776 2 1 5 M 30
10695 10694 2 3 14 O 30
10700 7069 2 3 12 O 30
10697 10698 2 3 14 O 20
15490 3781 2 2 6 O 10
10703 10702 2 4 21 O 10
7238 7213 2 5 28 O 30
3782 3783 2 6 28 M 10
15087 15088 2 3 13 O 20
7132 3784 2 6 30 O 20
3785 15655 2 2 9 O 30
15655 15654 2 1 4 M 20
15654 7128 2 5 24 O 20
3786 3787 2 10 54 O 10
15654 3786 2 2 9 O 10
3788 3789 2 4 21 O 10
7124 7131 2 10 51 O 20
16892 9894 2 2 7 O 10
9894 13919 2 2 7 O 10
14958 14959 2 6 32 O 10
3790 3791 2 2 9 O 20
10676 3791 2 7 39 O 20
3791 13922 2 2 11 O 10
7047 10677 2 8 41 M 10
16898 7088 2 1 1 O 10
9894 3792 2 6 29 O 20
10654 10666 2 2 7 O 20
10655 10654 2 2 9 O 20
7058 16897 2 1 4 O 30
10668 14955 2 6 28 O 20
14957 7144 2 3 12 O 30
7121 7144 2 4 20 O 10
7144 7141 2 2 7 O 20
7148 7121 2 3 13 M 20
6220 1766 2 3 11 O 30
1766 10037 2 3 13 O 10
3793 3794 2 2 9 O 10
10121 10122 2 23 128 O 30
3809 10398 2 5 25 O 20
10414 10177 2 4 18 O 20
3810 10414 2 4 20 M 30
3811 10187 2 7 37 O 30
3801 3796 2 5 27 O 20
3796 10182 2 4 21 O 10
10182 3795 2 5 23 O 10
3797 3798 2 6 33 O 30
3800 3799 2 2 9 M 10
3798 3800 2 4 21 O 10
3796 3797 2 5 23 M 10
3802 3803 2 4 18 O 20
3804 3805 2 6 33 O 30
10403 10400 2 7 34 O 10
10206 3806 2 5 24 O 10
3807 3808 2 13 70 O 10
14110 16078 2 7 37 O 20
3812 3813 2 4 17 O 10
10448 10447 2 9 45 O 20
3814 10444 2 5 25 O 20
3815 3816 2 4 21 O 20
3817 3818 2 10 51 M 10
3819 3820 2 3 16 O 30
3822 3821 2 8 44 O 10
13661 3823 2 8 40 O 30
5762 13647 2 15 80 O 10
3824 3825 2 5 24 O 30
10658 3824 2 2 10 O 30
7123 7176 2 6 31 O 30
3826 3827 2 5 26 O 30
7162 3826 2 7 34 O 20
3828 7044 2 5 27 O 30
7044 7041 2 13 67 O 30
6337 6338 2 5 22 O 20
7039 7112 2 5 24 O 10
6983 3829 2 4 19 O 10
6947 3830 2 2 10 O 20
3830 6983 2 7 36 O 30
3830 3831 2 7 34 O 10
15080 3832 2 3 16 M 20
7138 7140 2 25 135 O 20
10643 16920 2 4 21 M 30
4209 3833 2 8 40 M 20
2089 9096 2 2 8 O 20
3834 3835 2 3 12 M 30
3836 3837 2 3 11 O 10
1935 3838 2 3 12 M 10
6904 16703 2 17 94 O 10
16703 12882 2 17 90 M 20
3841 3842 2 3 14 O 30
3843 3844 2 3 14 O 30
3845 3846 2 13 69 O 30
13930 3845 2 6 32 O 10
3846 3847 2 10 50 M 20
5091 3848 2 11 57 O 10
3849 3850 2 15 78 M 30
9169 3965 2 20 108 O 10
3965 3851 2 7 36 O 20
3852 3853 2 12 66 O 10
9035 7661 2 7 34 O 10
3855 3854 2 7 37 O 10
3857 3856 2 9 49 O 10
1956 1957 2 2 9 O 30
3470 3858 2 2 7 O 20
3473 3859 2 2 7 O 20
3861 3897 1 3 15 O 10
3897 1508 1 12 66 M 10
1508 3896 1 5 23 O 20
1507 3862 1 3 12 O 30
3897 1507 1 16 88 O 30
6966 6958 2 16 85 M 10
3864 6984 2 3 12 O 20
15081 3865 2 7 37 O 20
3865 6955 2 4 20 O 30
15417 15081 2 4 17 M 20
15078 6972 2 17 93 O 30
16909 3866 2 9 46 O 10
3867 3868 2 9 49 O 30
3869 3870 2 10 50 O 20
3871 3872 2 4 18 O 10
4188 1372 1 6 29 O 30
1372 12192 1 9 47 M 30
3873 7007 2 9 50 O 20
466 467 2 3 12 O 20
4048 4052 2 2 8 M 10
3878 3879 2 2 7 O 10
146 4 1 10 53 O 20
2073 2072 2 2 9 O 20
15541 7941 1 14 76 O 10
14694 6465 2 1 5 O 30
13065 3883 2 6 33 M 10
4300 15540 1 14 77 O 30
3884 3885 2 4 17 M 20
3885 5718 2 4 17 O 30
4527 95 1 4 19 O 10
95 94 1 20 106 M 30
94 93 1 10 53 M 10
93 96 1 6 29 O 30
96 4228 1 18 95 O 30
4228 92 1 1 4 O 20
16703 3901 2 13 68 M 20
3901 3900 2 6 29 O 10
6727 8856 2 4 20 O 20
8856 4193 2 8 43 O 20
8203 3892 2 12 66 O 30
3892 3890 2 4 18 O 20
3890 3888 2 4 20 O 20
3888 4011 2 4 21 M 20
4011 3887 2 9 47 O 20
3888 3889 2 10 51 O 10
3890 3891 2 7 38 M 20
3892 3893 2 5 24 O 30
4230 3861 1 12 62 M 30
4527 3895 1 13 67 M 30
7704 3898 1 12 62 O 20
3902 3901 2 3 13 O 10
4523 3895 1 19 103 M 30
3904 3905 2 1 2 O 20
3906 4074 2 4 19 O 30
4074 527 2 4 19 O 30
16411 3907 2 7 34 M 10
3910 3911 2 5 23 O 30
3915 3916 2 2 9 O 30
3917 3918 2 1 5 O 10
6472 6521 2 9 48 O 30
3912 3913 2 2 7 M 30
3921 3922 2 4 22 O 20
3922 3923 2 2 10 O 30
3923 4763 2 2 11 O 30
3919 2259 2 2 8 O 20
3920 12127 2 1 5 M 10
12425 3924 2 8 42 O 20
3927 3928 2 2 7 O 10
3929 3930 2 2 6 O 10
3931 3933 2 5 25 O 20
11963 3932 2 2 9 M 10
3934 3935 2 2 7 M 30
3936 3937 2 1 5 O 30
3938 3939 2 1 4 O 30
3940 3941 2 3 16 O 20
3942 3943 2 1 3 O 30
3944 3945 2 4 17 O 10
3949 3948 2 16 86 M 10
3948 3946 2 6 33 O 20
3946 3949 2 16 88 O 30
3947 3948 2 1 4 O 30
3950 3951 2 1 4 O 20
3347 3952 2 2 10 O 30
3896 4229 1 17 94 O 30
3862 8293 1 16 85 M 20
3954 3955 2 8 39 M 20
3953 3954 2 2 9 O 10
3956 3957 2 4 22 O 30
12791 3958 2 4 20 O 30
13097 8286 2 5 27 O 10
14428 13097 2 7 37 O 30
8288 8287 1 11 56 O 30
3960 3961 2 3 14 O 10
3962 3963 2 3 16 O 30
3966 3967 2 1 5 M 20
3964 3965 2 3 11 M 30
4115 3959 2 4 17 O 20
9263 3982 2 9 46 O 30
3968 3969 2 1 5 O 20
9425 3969 2 11 57 O 30
184 3970 2 7 34 O 10
3971 3972 2 4 17 O 20
3973 3974 2 4 21 O 10
3975 3976 2 2 11 O 30
3977 3978 2 21 115 O 10
3980 3981 2 3 13 M 20
16279 16280 1 8 43 M 30
16281 7620 1 2 7 O 10
3983 16279 1 1 5 M 10
16279 16281 1 3 13 O 10
16278 3983 1 3 15 O 20
7620 14570 1 1 5 M 20
3984 3985 2 7 34 O 20
3985 3986 2 3 12 M 20
8499 8500 2 3 13 O 30
7766 7765 2 4 17 O 20
422 14346 2 2 8 O 20
1405 3987 2 1 5 O 30
5511 3988 1 6 29 M 10
12111 12104 2 3 15 O 30
3989 3990 2 1 5 O 10
9975 3991 2 5 25 O 10
16748 16135 1 48 263 O 10
16135 16134 1 5 23 O 30
16134 14528 1 27 147 O 30
4869 14035 2 11 59 O 20
5749 3992 2 1 4 O 30
4424 12778 1 46 250 O 20
1492 3994 2 4 19 O 30
8905 8904 2 2 8 M 10
8964 8963 2 3 11 O 30
14191 16276 1 3 12 O 30
4001 4000 2 8 41 M 30
4000 379 2 3 13 M 20
7561 6830 2 19 100 O 20
4004 4003 2 13 67 O 30
15788 5181 2 4 22 O 20
14009 14008 2 11 57 M 10
4007 4006 2 10 55 O 20
16590 6921 1 11 60 O 10
4011 80 2 9 49 O 20
80 4010 2 22 119 O 30
15688 9794 2 9 49 O 30
9794 8222 2 22 122 O 20
8222 9796 2 4 19 O 20
9796 5526 2 8 42 O 30
5526 5636 2 15 79 M 20
5636 8241 2 2 10 O 10
8241 4965 2 2 11 M 30
4965 5687 2 10 54 O 30
5687 5620 2 13 71 M 30
5620 5621 2 11 60 O 30
5621 4984 2 11 59 M 10
4984 1490 2 12 66 O 30
1490 5668 2 8 41 M 10
5668 9793 2 5 24 M 20
9793 7659 2 9 47 O 30
7659 9169 2 5 25 O 10
9169 16227 2 2 10 M 20
16227 4979 2 7 39 M 10
4979 3852 2 7 34 O 30
3852 9803 2 7 38 O 20
9803 5695 2 11 60 O 20
5695 1554 2 6 32 O 20
1554 9808 2 5 24 O 10
9808 4214 2 6 33 O 30
4214 2254 2 4 19 M 10
2254 9809 2 7 34 O 30
15436 4772 2 5 23 O 20
5507 5505 2 6 29 O 10
12635 6679 2 3 14 M 20
6679 12649 2 2 10 O 10
12649 4799 2 7 38 O 20
4799 15384 2 7 36 O 10
15384 6285 2 8 42 O 20
6285 8969 2 3 15 O 30
8969 3194 2 8 42 M 20
3194 12633 2 4 19 O 30
12633 3195 2 1 4 O 20
3195 14634 2 2 9 O 10
14634 6670 2 3 11 M 10
6670 6671 2 3 13 O 30
6671 6653 2 5 25 O 30
6653 6673 2 9 49 O 30
6673 12773 2 2 7 M 20
12773 3201 2 1 3 O 30
3201 6264 2 3 15 O 30
6264 15948 2 3 12 O 30
15948 15512 2 7 35 O 10
15512 12760 2 5 25 M 20
12760 12600 2 5 24 O 30
12600 5859 2 12 64 O 30
5505 12635 2 7 35 O 10
15704 7532 1 1 4 O 20
4014 4015 1 5 27 O 30
7937 4014 1 6 30 O 30
163 4018 1 24 128 O 20
4018 4227 1 3 13 O 30
4227 16671 1 4 17 O 30
9154 4016 1 4 20 O 20
3903 9154 1 4 19 O 20
4227 4019 1 3 16 O 30
4019 16671 1 4 18 O 30
4115 4013 2 14 76 O 20
7975 4428 1 2 8 O 20
4309 7479 1 13 72 O 10
6489 13120 1 4 21 O 10
14473 4022 2 4 22 O 10
4022 14472 2 9 46 O 30
5320 4023 2 8 42 O 10
4025 4024 2 13 69 O 30
5509 14683 1 3 15 O 20
3245 14850 1 3 16 O 20
3246 4747 2 4 17 O 20
16612 4870 1 3 11 O 30
16610 16609 1 2 11 O 10
3253 6742 2 2 9 O 30
20 82 1 8 42 O 30
2840 14863 1 5 26 O 30
6840 7717 1 1 5 M 30
7717 6850 1 1 4 M 30
4027 8445 1 3 15 M 30
4027 8652 2 5 24 O 20
8652 8445 1 5 25 O 30
16378 4028 2 8 39 O 10
7526 4029 2 7 34 M 10
14224 4031 1 1 2 O 20
15311 15945 1 4 19 O 20
13567 13579 2 30 163 O 10
13579 16888 2 33 178 O 10
4033 4032 2 6 30 O 10
4034 4035 2 6 28 O 20
16254 5703 2 7 35 O 30
5703 456 2 4 18 O 10
4038 4040 1 2 7 O 20
4040 4039 1 2 10 O 10
16254 16249 1 3 12 M 30
16249 4040 1 2 10 O 10
16247 16252 2 4 18 O 20
16250 16248 2 8 43 O 20
9081 4041 1 7 36 O 30
4041 9082 1 7 36 O 10
7621 15838 2 21 116 M 20
15838 15846 2 19 103 O 20
15846 6799 2 6 29 O 30
6799 16562 2 9 49 O 20
16562 205 2 9 45 M 20
205 15676 2 16 87 O 30
15676 15674 2 9 48 O 10
15674 6821 2 10 53 O 10
6821 15671 2 21 116 O 10
15671 7538 2 10 51 M 10
7621 15842 1 6 33 O 20
15842 3880 1 11 59 M 10
3880 6870 1 6 29 O 10
6870 4221 1 25 138 O 20
4221 6836 1 14 73 M 20
15844 15842 2 5 24 O 10
15844 15845 2 8 40 O 30
15845 15840 2 4 20 M 10
4220 16589 1 1 5 O 20
16589 249 1 29 159 O 20
249 4171 1 20 109 O 30
4171 6833 1 4 19 O 30
6862 4220 1 9 45 O 10
16276 6840 1 4 19 O 30
6850 13796 1 1 4 O 20
9070 248 1 3 14 O 20
9070 15628 2 2 9 O 10
15628 7617 1 7 39 O 10
9051 9066 2 5 23 O 10
9050 9065 2 9 50 O 30
9065 9067 2 65 360 O 10
9067 9054 2 13 71 O 10
9054 9063 2 2 8 O 10
9063 9061 2 4 18 O 30
9061 9055 2 3 12 O 10
9055 9058 2 2 8 O 20
9058 9056 2 4 19 O 10
9056 9064 2 4 20 O 20
9064 9068 2 4 18 O 20
9068 9048 2 4 20 O 10
9048 9051 2 3 15 O 30
7617 5384 1 3 17 O 10
5384 7618 1 14 75 O 30
5377 14876 1 18 95 O 10
248 5377 1 5 24 O 10
9066 9069 2 5 24 O 10
3049 3050 2 4 18 O 10
4046 4045 2 8 42 M 20
7619 7767 1 4 17 O 10
16280 4219 1 4 18 O 10
6833 3983 1 11 58 M 30
16278 16291 1 8 43 O 30
16291 4047 1 2 10 O 20
14570 16298 2 6 29 O 30
4050 4048 2 6 31 O 20
4052 3879 2 4 19 O 20
4049 16281 1 6 32 O 20
14570 16278 1 1 2 M 10
3879 4049 2 4 19 O 30
4048 7620 2 2 10 M 10
4053 4054 2 6 31 O 20
4056 4058 2 12 62 O 20
11967 11963 2 4 18 O 20
11968 4059 2 4 20 M 10
4057 4056 2 1 4 O 10
4063 4064 2 7 38 O 10
428 429 2 1 4 O 10
4068 4069 2 4 20 O 30
4070 4071 2 2 7 M 10
3463 63 2 1 3 O 10
4066 4067 2 3 15 M 30
4073 4074 2 5 23 M 30
4075 4076 2 1 5 O 30
14179 801 2 7 39 O 30
801 4076 2 3 16 M 30
4076 14898 2 5 24 O 30
8638 4077 2 4 18 O 30
6766 16525 2 8 43 O 10
6767 13957 2 22 119 O 30
6758 4078 2 6 33 M 30
15200 15199 2 5 23 O 20
14106 14084 2 14 76 O 30
16412 13955 2 11 57 O 20
4079 4080 2 10 52 O 10
10188 10191 2 22 118 O 30
4087 4084 2 12 66 O 30
10100 4088 2 16 86 O 10
4090 10188 2 5 24 M 20
4089 4102 2 4 20 O 30
4102 4095 2 3 12 O 10
4095 4090 2 9 48 O 20
4091 4092 2 1 5 M 30
4093 4094 2 2 8 O 30
4095 4096 2 2 9 O 30
4096 4097 2 4 22 O 30
4097 4098 2 9 49 O 30
4098 4099 2 4 22 O 20
4099 4100 2 2 6 O 20
4101 4102 2 2 10 O 20
4082 4083 2 2 6 O 20
4103 4104 2 2 8 O 10
14080 14081 2 18 96 O 20
4106 4107 2 12 63 O 30
3877 9263 2 6 32 O 20
4108 4109 2 2 8 M 30
4110 4111 2 2 7 O 20
4112 4113 2 2 7 O 20
12613 12603 2 3 12 O 20
4114 163 2 3 11 O 30
4116 16729 1 9 45 O 30
9213 4116 2 3 12 O 30
4122 4238 1 77 426 O 30
4236 16735 1 34 188 O 10
3908 4187 1 7 38 O 30
4187 4186 1 13 71 M 30
4186 4123 1 13 68 O 30
16682 4125 1 16 85 O 10
4125 3742 1 22 117 O 30
16722 4126 1 10 51 O 20
4126 16730 1 9 45 O 10
16739 4254 1 42 228 M 10
2965 4117 1 17 91 O 10
4128 4129 1 21 113 O 30
4131 4132 1 22 117 O 30
4138 4137 1 7 35 O 20
4136 4256 1 52 286 M 30
4062 3631 1 9 50 O 30
3631 4151 1 80 441 O 30
4151 4155 1 11 60 M 20
4017 4062 1 18 97 O 20
4149 4143 1 28 153 O 10
4144 4150 1 30 162 O 10
4145 4018 1 20 107 O 10
4151 4148 1 24 132 O 30
4154 4153 1 3 12 M 20
4153 4152 1 5 23 O 10
4155 4154 1 6 29 O 10
4152 163 1 13 68 M 20
150 16755 1 4 18 O 30
4156 204 2 16 86 O 30
4158 16284 2 12 62 O 10
4158 4159 2 24 133 O 30
4159 4160 2 8 43 O 10
4157 4159 2 28 155 O 20
4160 4161 2 24 133 O 30
4162 14554 2 17 92 O 30
13899 4163 2 7 37 O 10
13900 4164 2 8 40 M 30
7917 9129 1 26 143 O 20
16764 9120 2 5 27 O 30
4166 4165 2 7 38 O 10
6367 4166 2 2 6 M 20
4166 4167 2 29 160 O 10
9899 6865 2 15 83 M 10
262 9899 2 3 12 O 10
261 262 2 2 10 O 10
16266 16265 2 3 12 O 10
6832 6833 1 3 14 O 10
4171 6832 1 4 21 O 20
15627 6832 2 14 77 O 20
4176 4172 1 4 18 O 30
4179 4178 1 37 203 O 30
4177 4268 1 7 36 M 30
4268 3621 1 1 4 M 20
4181 4183 1 10 54 M 10
4183 4180 1 17 90 O 20
4180 2874 1 20 107 O 20
2874 2823 1 20 107 M 20
2823 4179 1 2 11 O 10
4174 6706 1 4 22 O 30
4178 3569 1 9 46 O 30
6706 4175 1 5 23 O 10
4123 4124 1 2 6 O 20
4124 4172 1 7 36 O 30
4176 16682 1 3 14 M 30
4178 4173 1 5 23 O 30
13363 4051 2 1 5 O 10
14214 4779 2 3 13 O 20
14761 14760 2 3 11 M 20
16746 4189 1 11 58 O 20
4190 16745 1 10 53 M 10
3908 3742 1 5 22 M 10
4174 4175 1 3 12 O 30
4172 4177 1 2 6 O 10
4177 4173 1 2 10 O 10
4175 4176 1 3 12 O 30
4173 4174 1 1 4 O 20
9120 13365 1 6 29 O 30
13365 7937 1 14 76 M 30
4155 4152 1 7 34 M 10
7937 4149 1 5 28 O 10
4149 4015 1 3 12 O 20
16730 16732 1 2 9 M 30
16732 16725 1 3 12 O 10
16726 16729 1 7 35 O 20
16726 4116 1 8 44 O 20
4191 3881 2 2 11 O 10
3882 5708 2 1 5 M 30
4196 4195 2 14 76 O 30
4198 4199 2 2 8 O 20
14665 41 2 4 20 M 10
4200 4201 2 29 160 O 20
3969 16713 2 3 12 M 30
4197 12369 2 2 8 O 20
4202 4203 2 10 54 O 10
4204 4205 2 3 12 O 20
1151 13221 2 3 14 O 20
13221 4456 2 3 11 O 10
4206 4207 2 19 105 O 10
4208 4209 2 1 4 M 20
4210 4211 2 4 20 M 30
16715 16746 1 1 3 O 20
16746 16745 1 4 17 O 30
16745 16744 1 6 29 O 30
16744 16716 1 2 10 O 20
16719 16715 1 3 14 O 20
4212 16095 2 4 18 O 30
4213 4214 2 8 40 M 20
10099 2934 2 4 20 O 10
6092 6089 1 8 44 O 30
7672 14685 2 2 9 O 20
1760 1761 2 4 21 O 10
9150 4222 2 5 25 M 30
4224 4223 2 7 34 O 10
4225 9990 2 8 44 O 20
9076 9075 2 2 11 O 10
4147 4146 1 5 23 O 30
16755 4141 1 23 123 O 30
4141 4142 1 14 74 O 30
4523 4231 1 10 50 O 20
4231 4230 1 5 25 O 20
4229 92 1 2 9 O 20
4259 4260 1 27 145 O 20
4120 16734 1 17 89 M 20
4249 4118 1 16 89 O 10
4118 4119 1 18 98 O 20
4135 4233 1 5 23 O 30
4234 4140 1 5 22 O 30
4257 4258 1 18 97 O 30
16736 4122 1 20 107 M 20
4121 16737 1 17 89 O 30
4238 4121 1 21 115 M 20
1520 1521 1 4 21 O 10
4140 4139 1 7 34 O 30
4239 4240 2 1 4 M 10
4241 2338 2 12 65 O 20
4242 4243 2 12 65 O 10
4244 16755 1 11 56 O 10
7885 7883 1 2 6 O 20
12890 4246 1 40 218 O 30
4246 4245 1 5 27 O 10
4137 1520 1 12 63 O 10
14864 1522 1 8 40 O 20
4233 4248 1 15 78 O 30
4117 4249 1 4 17 O 20
4127 4128 1 18 95 O 30
4148 4147 1 5 27 M 30
4146 4145 1 4 19 O 10
4129 16731 1 4 21 O 20
16732 4131 1 4 17 M 30
4132 4130 1 18 96 O 10
4143 4144 1 6 32 O 20
4142 4143 1 8 44 O 10
4 9120 1 8 44 O 10
16691 151 1 6 32 O 10
13844 4250 1 8 41 O 30
13843 4251 1 6 31 O 30
4245 3410 1 10 55 M 30
6392 16775 1 21 114 O 30
16775 6916 1 16 86 O 30
6916 4252 1 5 23 O 20
4253 4524 1 3 15 O 20
9859 9858 2 13 69 O 30
16735 4235 1 4 17 O 30
16736 4236 1 20 107 O 30
15030 16733 1 4 20 O 30
4237 4121 1 22 117 O 30
4254 2965 1 8 43 M 20
2966 4255 1 8 43 O 20
16738 4136 1 21 111 O 20
16740 16739 1 21 114 M 30
1522 4133 1 5 23 O 10
4133 4134 1 12 63 O 10
4139 4138 1 6 32 O 20
4256 4234 1 22 120 O 10
4130 4257 1 30 162 O 20
4258 16736 1 16 89 O 20
16734 4259 1 22 118 O 30
4260 4127 1 19 105 M 30
4116 9249 2 8 40 M 30
4263 4262 2 14 75 O 20
10867 4265 2 8 43 O 10
4266 4267 2 3 12 O 20
4274 4271 1 4 21 O 30
4271 11463 1 4 20 O 30
4394 15713 1 8 40 M 30
15713 4386 1 16 88 O 20
4276 4277 2 9 49 O 30
12708 7997 2 4 21 O 20
4280 4279 2 9 44 O 10
S M L M L S L S M L S M L M S M L M S L S M L M S L M S L M L S M S L M L S M L S M L S M L S M S L M L S M S L M S L M S L M L S M M L S M S L M S L
