5501 6236 97200 79 4726 0.5
2359 2360 1 2 0 C 0
2360 1098 1 10 0 C 0
1098 5096 1 6 0 C 0
3414 3455 2 17 93 O 30
3455 2078 2 37 203 M 10
3467 1528 1 16 88 M 30
1554 3479 1 32 0 C 0
3497 4558 1 23 0 C 0
3547 3530 2 14 76 O 20
3530 3531 2 13 67 O 20
3531 3532 2 19 103 O 30
3532 440 2 27 150 O 20
4691 3535 1 17 0 C 0
1555 3554 1 8 0 C 0
3566 3567 2 12 63 O 30
3502 584 2 16 87 M 30
584 592 2 7 36 O 10
592 593 2 3 17 O 10
593 590 2 5 26 O 10
590 3569 2 19 100 M 20
3569 3667 2 9 46 M 20
3572 2261 2 11 57 O 10
2261 2255 2 21 117 O 10
3513 2554 2 17 91 M 10
3573 2406 2 25 134 M 20
2406 2404 2 3 16 O 10
2404 1010 2 160 888 O 10
1010 1639 2 19 105 O 20
1639 1638 2 3 14 M 30
3576 3552 2 34 186 O 10
3552 3551 2 9 45 O 20
1402 2179 2 64 354 O 10
2179 3733 2 15 80 O 20
3733 1427 2 40 217 M 10
1427 2314 2 16 88 O 20
2314 5019 2 4 21 M 20
3962 2153 2 13 70 O 10
2153 2141 2 39 213 O 30
2141 5017 2 2 10 O 10
5017 2739 2 34 186 O 10
2739 2162 2 27 149 O 30
2162 2167 2 25 135 O 30
2167 5095 2 45 245 O 10
2562 2149 2 30 0 C 0
2149 2558 2 10 0 C 0
2558 2794 2 42 0 C 0
2198 982 2 15 79 O 20
982 2192 2 11 60 M 30
2181 3602 2 33 182 O 20
3618 1267 2 16 85 O 30
1267 4185 2 9 49 O 20
3628 43 2 45 248 O 10
43 2221 2 18 97 M 10
2221 2457 2 1 2 O 30
2457 2311 2 9 50 O 10
2311 67 2 16 88 M 20
67 2276 2 17 93 O 20
3665 2398 2 25 135 O 30
3642 3641 2 16 86 O 30
3641 5041 2 20 110 O 20
4091 4132 2 11 56 O 30
3638 4998 2 2 10 O 30
4205 1294 2 17 92 O 10
1294 3633 2 9 47 O 20
3633 1293 2 9 46 O 20
1293 4492 2 5 25 O 20
4492 3781 2 9 45 O 20
3781 2382 2 6 33 O 10
809 3844 2 17 94 O 30
3844 3398 2 10 54 O 20
2383 1453 2 26 142 O 20
1453 3632 2 27 145 O 10
3689 86 2 8 42 O 10
86 85 2 16 86 O 30
85 3690 2 25 138 O 20
3690 4053 2 26 139 O 10
5433 3001 2 23 127 O 20
3001 5374 2 6 31 O 10
2998 5372 2 8 0 C 0
1179 5277 2 57 316 O 10
5277 5275 2 4 17 O 30
5275 2183 2 2 9 O 30
2183 5273 2 5 25 O 30
5273 5271 2 12 63 M 20
5271 2185 2 27 149 M 20
3687 1109 2 124 684 O 10
1111 1505 2 5 27 M 10
1505 84 2 5 23 M 10
84 4247 2 9 45 M 30
4247 4329 2 13 72 O 30
4329 82 2 4 18 O 20
82 4330 2 3 14 O 20
4330 4331 2 8 41 O 20
4331 795 2 14 72 O 30
795 4349 2 2 8 O 30
4349 797 2 3 12 O 20
797 789 2 4 21 O 20
789 4351 2 1 1 M 10
4351 791 2 15 82 O 10
791 4008 2 3 15 O 30
3543 4577 2 45 0 C 0
3616 1255 2 7 37 O 30
1255 539 2 2 6 O 20
172 2649 2 83 460 O 20
1214 3731 2 28 154 M 30
3731 2754 2 13 67 O 10
2754 3730 2 24 132 O 10
3982 2651 2 7 38 O 20
3733 3734 2 65 360 M 10
2646 4117 2 10 51 O 10
4117 2803 2 10 53 O 20
2803 2807 2 9 49 O 20
2807 244 2 6 29 O 20
244 248 2 8 39 O 30
248 246 2 3 13 O 10
246 4889 2 4 20 O 30
4889 4887 2 3 12 O 10
4887 3772 2 9 46 O 10
3555 4779 1 7 0 C 0
2704 4936 2 7 38 O 30
3730 3881 2 10 53 M 10
3881 3915 2 24 130 O 20
3915 3882 2 34 185 M 20
3882 3883 2 38 210 O 10
3883 3884 2 36 198 M 10
3886 2032 2 29 160 O 30
168 170 2 33 180 O 30
170 999 2 20 107 M 20
999 998 2 1 4 O 10
998 172 2 12 63 O 10
4873 1250 2 7 39 O 20
1215 171 2 50 276 O 10
171 170 2 102 564 O 20
170 3889 2 80 440 M 30
3893 174 2 67 369 O 30
174 1020 2 13 70 O 30
1020 3894 2 8 44 O 30
3915 3916 2 11 60 O 20
3727 3474 2 59 323 O 20
4171 4172 2 15 0 C 0
4172 4173 2 27 149 O 10
4173 3474 2 77 424 O 30
400 4177 2 22 118 O 20
4177 4003 2 32 173 O 10
4003 4176 2 2 7 O 10
4177 3602 2 17 91 O 20
3602 3984 2 13 70 O 20
4175 4178 2 20 106 O 20
4174 221 2 5 27 O 10
221 219 2 9 50 O 10
219 217 2 1 5 O 30
217 226 2 24 132 O 10
226 225 2 11 57 M 20
225 627 2 21 112 O 30
4891 1314 2 1 4 O 20
1314 1316 2 3 12 M 30
1316 1318 2 2 10 O 30
1318 1264 2 4 18 O 20
1264 4530 2 2 10 O 20
4530 4181 2 5 23 O 30
4181 1170 2 2 10 O 20
1170 1262 2 4 17 M 20
1262 1306 2 4 0 C 0
1306 1260 2 3 0 C 0
1260 1307 2 1 0 C 0
1307 1259 2 3 0 C 0
1259 1308 2 1 0 C 0
1308 1309 2 4 0 C 0
1309 4182 2 6 0 C 0
4182 4183 2 3 0 C 0
4183 4220 2 21 0 C 0
4181 1174 2 23 123 M 30
1174 1172 2 9 45 O 30
1172 4184 2 1 4 M 10
1265 4186 2 27 146 O 10
4186 4221 2 36 0 C 0
4186 1091 2 14 76 O 10
1091 3904 2 7 38 O 20
4190 1240 2 5 25 O 30
4892 862 2 7 38 O 10
862 888 2 4 18 O 30
888 863 2 1 5 M 30
863 866 2 2 9 O 10
866 868 2 7 38 O 30
868 871 2 4 22 O 20
871 873 2 4 19 O 10
873 875 2 10 53 M 30
875 877 2 4 19 O 20
877 880 2 6 31 O 20
880 882 2 2 10 O 20
882 4197 2 8 40 O 20
4916 916 2 1 3 O 20
916 921 2 1 1 O 30
921 918 2 2 10 O 30
918 914 2 13 69 M 10
914 912 2 8 43 O 30
912 910 2 2 7 O 10
910 908 2 4 17 O 20
908 906 2 2 6 O 30
906 904 2 7 38 O 30
904 900 2 5 24 O 30
900 899 2 2 6 O 20
899 902 2 1 2 O 20
902 894 2 6 28 M 20
894 896 2 3 15 O 30
896 892 2 1 3 O 30
892 890 2 2 11 O 10
890 4199 2 4 22 O 10
1362 4201 2 28 153 O 30
4201 4202 2 11 59 O 30
4202 1381 2 18 96 O 30
1381 3635 2 37 205 O 30
4202 4197 2 21 117 O 20
4197 884 2 5 26 O 10
884 886 2 3 13 O 30
886 4204 2 2 8 O 20
4204 4199 2 11 60 O 30
4199 4200 2 22 120 O 10
4342 4203 2 28 153 O 20
4203 3906 2 25 137 O 20
4205 4206 2 20 109 M 30
3633 1454 2 32 172 M 10
4206 1454 2 21 117 O 10
1454 1453 2 22 119 O 10
4207 4208 2 8 44 M 10
3469 966 2 9 48 M 10
966 5326 2 2 7 O 20
5326 5328 2 10 51 O 30
5328 5442 2 10 55 O 30
5442 4830 2 23 127 O 30
4830 5369 2 7 37 M 30
4434 3522 2 4 0 C 0
4434 266 2 14 0 C 0
266 265 2 2 0 C 0
265 4109 2 6 0 C 0
4109 4108 2 13 0 C 0
3532 3533 2 26 143 O 10
4588 3550 1 23 0 C 0
989 4744 1 12 0 C 0
4589 3679 1 4 0 C 0
3062 3722 1 5 0 C 0
4744 4597 2 3 0 C 0
1649 3647 1 8 0 C 0
4630 4631 1 4 0 C 0
3597 5062 1 8 0 C 0
5062 2378 1 7 0 C 0
4623 4624 1 4 0 C 0
4624 4620 1 5 0 C 0
5211 2544 1 1 0 C 0
3574 2674 2 10 0 C 0
2674 1150 2 28 0 C 0
4807 4880 1 7 0 C 0
4683 101 2 11 0 C 0
3535 146 1 17 0 C 0
4690 3535 1 25 133 O 20
5203 4521 2 40 222 M 20
4521 2685 2 35 190 O 20
4696 4697 1 5 23 O 10
4702 4700 1 8 42 O 10
4699 4702 1 7 38 M 20
4695 4698 1 7 36 M 10
4697 4695 1 7 37 O 20
4703 4696 1 5 24 O 20
4701 4703 1 5 26 O 10
3558 5116 2 6 33 O 30
959 4704 1 8 40 O 30
960 3558 1 7 37 O 30
4372 2793 1 48 262 O 10
4708 4712 1 6 32 O 20
4712 4709 1 7 38 O 10
4712 5118 2 4 21 O 30
5118 4304 2 3 16 O 10
4707 1128 1 44 242 M 10
1128 1498 1 27 148 O 10
4721 961 1 6 33 O 10
4724 4725 2 40 0 C 0
4725 4726 2 39 0 C 0
3543 4727 2 3 0 C 0
5431 2433 2 18 95 O 10
2433 3705 2 78 429 O 10
3705 2186 2 6 30 O 10
2186 2433 2 43 234 M 10
3773 3579 2 3 12 O 10
3579 3771 2 9 46 O 30
4730 1218 2 46 0 C 0
1218 3743 2 41 0 C 0
3743 5465 2 42 0 C 0
5465 1169 2 8 0 C 0
4690 4691 1 14 73 O 20
5221 4688 1 12 0 C 0
4881 1534 2 2 11 M 10
4885 1100 1 20 0 C 0
1100 17 1 11 0 C 0
1189 3810 2 10 55 M 30
3810 5310 2 15 82 O 10
5310 3486 2 9 45 O 30
3486 1451 2 6 33 O 20
5421 787 2 13 68 O 20
787 5422 2 1 2 O 10
5422 3439 2 10 55 O 10
3439 5423 2 22 121 O 30
5423 5424 2 38 209 O 30
5422 5425 2 60 332 O 10
5428 1457 2 98 541 M 10
1457 5426 2 97 533 O 10
5428 5429 2 19 105 O 30
5429 5431 2 67 371 O 30
5433 5434 2 96 531 M 30
2244 2237 2 18 97 O 30
2237 2972 2 3 16 O 20
2972 2974 2 22 120 M 20
2974 5436 2 38 210 O 10
5436 2225 2 42 231 M 10
4610 2512 2 35 193 O 20
2512 5437 2 1 5 O 10
5047 149 2 17 92 M 20
149 5438 2 22 118 O 20
5438 5048 2 10 53 O 30
4211 3870 2 16 88 O 20
4210 5441 2 36 195 O 30
5446 5445 1 5 23 O 30
5445 4033 1 3 15 O 10
4033 4031 1 6 29 O 10
4031 5444 1 4 20 O 10
126 5448 2 64 352 O 20
28 2526 2 26 140 O 30
2358 31 2 23 127 O 30
31 2357 2 36 200 M 30
31 32 2 37 201 O 10
32 33 2 11 58 O 10
33 34 2 38 209 O 30
32 1471 2 56 307 O 20
1471 1472 2 18 96 O 30
1472 34 2 24 0 C 0
34 35 2 4 18 O 30
35 29 2 15 79 O 10
2470 2472 2 12 65 O 10
2472 2471 2 37 203 O 20
2471 36 2 20 106 O 20
36 2465 2 13 71 O 30
2465 37 2 2 11 O 30
37 2462 2 11 57 O 30
2462 2463 2 3 16 O 20
2463 38 2 53 289 O 20
38 58 2 8 42 O 20
58 178 2 70 389 O 20
178 57 2 15 80 M 10
57 2968 2 65 356 O 20
2968 2209 2 18 97 O 20
2209 56 2 8 43 O 30
56 40 2 21 112 O 10
43 2535 2 10 53 O 10
2535 44 2 6 33 O 10
44 2533 2 10 55 O 10
2533 2365 2 4 21 O 20
2365 45 2 11 60 O 10
45 46 2 20 109 O 20
46 2503 2 3 15 O 10
2503 2210 2 8 44 M 30
2210 2500 2 20 109 O 30
2500 47 2 3 15 O 20
47 42 2 11 58 O 30
49 51 2 144 798 O 30
52 53 2 10 52 M 30
45 54 2 9 46 O 20
54 55 2 38 210 O 10
178 59 2 17 90 O 20
57 60 2 31 170 O 10
60 63 2 21 115 M 10
63 61 2 14 78 O 10
60 2488 2 23 124 O 30
39 2455 2 31 171 O 10
56 62 2 17 92 M 20
1075 64 1 2 9 M 20
64 1074 1 4 19 M 20
1074 1075 1 3 17 O 10
2365 44 2 72 398 O 30
41 2493 2 15 79 O 20
2493 65 2 9 48 O 30
2221 36 2 36 197 O 20
38 2460 2 18 99 O 30
2467 66 2 24 128 O 10
66 2468 2 13 67 M 10
66 2466 2 6 29 O 30
67 68 2 17 92 M 20
69 70 2 25 134 M 10
27 71 2 16 88 M 10
71 72 2 19 101 O 10
72 73 2 13 67 O 30
72 2271 2 24 131 M 30
74 75 2 40 221 M 30
75 4874 2 46 252 O 10
4874 76 2 86 476 O 10
76 2390 2 21 112 O 30
82 83 2 32 177 O 20
83 77 2 45 245 M 20
83 793 2 17 94 O 10
793 1459 2 67 367 O 20
1459 76 2 19 104 M 30
85 1508 2 57 311 O 10
86 87 2 73 405 O 30
3688 88 2 58 321 O 20
88 89 2 18 97 O 10
88 87 2 21 113 O 30
81 93 2 22 121 O 30
93 96 2 23 126 O 30
96 94 2 9 46 O 20
93 95 2 41 223 O 30
95 1461 2 9 48 O 10
96 97 2 21 112 O 20
97 2218 2 27 147 O 10
5427 1568 2 29 156 M 10
104 3436 2 24 129 M 10
75 105 2 19 101 M 10
2390 78 2 14 76 O 30
2194 5265 2 49 267 O 20
5265 5263 2 6 32 O 20
5263 97 2 78 428 O 30
106 107 2 26 139 M 10
4890 4466 2 10 51 O 10
4466 1016 2 8 40 O 20
1016 190 2 21 115 O 10
4011 5447 2 12 65 O 10
3728 986 2 1 5 M 10
139 2772 2 46 253 O 30
2772 3457 2 56 311 M 30
3457 5095 2 21 112 O 20
4739 2768 2 16 88 M 20
2768 4894 2 12 64 O 20
4894 140 2 7 38 O 30
4740 4735 1 1 5 M 30
946 2786 2 8 41 O 20
2786 2789 2 21 116 O 10
2789 4831 2 29 158 O 30
4831 137 2 3 0 C 0
4737 2728 2 26 141 O 20
2728 2764 2 5 25 O 10
2764 3587 2 25 136 O 10
3587 3461 2 6 32 O 20
3461 3460 2 23 123 O 20
3460 2327 2 4 20 O 20
2327 951 2 16 84 O 20
951 2323 2 28 152 O 30
949 2583 2 4 21 O 10
2583 2566 2 5 27 O 30
2566 3918 2 109 604 O 30
929 2732 2 6 29 O 30
2732 950 2 53 290 O 30
950 2720 2 16 84 M 30
2720 2710 2 4 17 M 10
2710 2717 2 31 172 O 10
2717 948 2 7 38 O 10
954 956 2 22 0 C 0
956 955 2 16 0 C 0
4170 3999 2 5 0 C 0
981 3984 2 13 68 M 20
4174 3986 2 12 64 O 20
3986 223 2 3 13 O 10
223 4175 2 6 32 O 10
4175 4345 2 17 94 M 30
4345 5281 2 25 134 O 30
5281 5279 2 1 4 O 20
5279 2181 2 10 52 O 10
2181 3601 2 13 70 O 10
2451 984 2 17 93 O 30
2655 984 2 5 26 O 10
3997 980 2 42 231 O 20
980 626 2 5 26 M 30
626 625 2 14 78 M 30
2348 2347 2 6 0 C 0
80 81 2 24 133 O 10
81 1110 2 71 393 O 10
1178 3690 2 36 195 O 10
87 2206 2 48 265 O 20
2206 90 2 36 197 O 20
5413 1435 2 3 0 C 0
1435 1436 2 22 0 C 0
1436 5415 2 14 0 C 0
3626 5059 1 9 0 C 0
3907 1378 2 4 19 O 30
1378 4201 2 18 98 O 10
4191 1286 2 14 75 O 30
1286 1489 2 15 81 O 30
1489 1449 2 16 84 O 30
1449 1448 2 8 41 M 30
1450 1449 2 11 56 O 30
5310 3487 2 10 54 O 30
3487 2801 2 4 18 O 20
2801 1190 2 3 15 O 10
1292 1452 2 5 23 O 10
1452 1483 2 26 143 O 30
1457 3437 2 5 23 O 10
1455 1456 2 16 85 O 10
1458 1459 2 30 166 O 10
77 84 2 79 436 M 30
1462 2216 2 16 85 O 10
4614 2222 2 29 158 O 20
2222 4766 2 2 11 O 30
4209 3909 2 124 689 O 10
1465 1463 2 13 71 O 10
1466 212 1 5 28 O 30
5485 1467 1 3 0 C 0
1468 2356 2 27 147 O 20
2356 2515 2 4 22 O 20
1469 33 2 11 57 O 10
1471 1470 2 7 37 O 20
1473 1474 2 22 118 O 10
1474 1478 2 12 63 O 10
1478 70 2 15 82 M 10
70 1475 2 34 185 O 20
1474 1476 2 5 26 O 30
1478 1477 2 9 48 O 10
3024 1486 2 25 135 M 30
1486 1484 2 39 212 M 10
1486 1485 1 34 183 O 10
1487 1497 2 15 80 O 10
1497 4189 2 7 38 O 10
1488 1489 2 4 22 O 20
1493 1494 2 15 81 O 30
1495 1383 2 16 84 O 20
1383 1493 2 15 78 O 10
3823 1496 2 9 49 O 20
4961 1497 1 3 15 O 20
1502 4017 2 2 11 O 30
4017 1503 2 9 46 M 30
1504 4347 2 4 18 M 20
4347 1505 2 15 80 M 20
1506 4265 2 7 36 O 10
4265 4015 2 25 135 O 10
4015 1507 2 23 126 M 20
2367 1277 2 8 40 M 10
1277 1279 2 40 218 M 30
1509 4851 2 22 117 O 30
4851 1297 2 12 64 O 30
1297 1510 2 14 74 O 10
1512 1511 2 9 47 O 20
1516 1520 2 7 35 O 30
1520 4750 2 7 38 M 10
1517 2440 2 2 7 O 30
2440 1516 2 24 130 O 20
1516 1518 2 12 64 O 10
1522 1523 2 6 29 O 30
3447 1532 1 3 0 C 0
5343 5345 2 2 9 M 20
5345 4970 2 15 80 O 20
1541 1730 2 3 12 O 20
1730 4253 2 5 25 O 30
4253 5358 2 15 80 O 10
5358 1728 2 3 12 O 10
1728 1542 2 16 86 O 10
1542 3178 2 16 89 O 10
3178 1081 2 13 70 O 30
1081 1709 2 3 14 M 20
3601 4176 2 12 64 O 20
3548 357 2 5 0 C 0
357 687 2 7 0 C 0
687 4476 2 2 0 C 0
3671 4224 1 6 0 C 0
1515 3672 1 3 0 C 0
4793 2223 2 18 97 O 10
5437 2510 2 1 4 O 20
2510 4794 2 25 135 M 20
3531 2343 2 14 75 M 20
2343 1618 2 4 21 O 30
4643 4554 1 8 0 C 0
3887 2750 2 24 132 O 10
2750 2752 2 5 25 O 10
2752 2408 2 72 399 O 10
1209 2410 2 11 61 M 10
2410 2743 2 18 100 M 30
2743 2411 2 26 143 O 20
2411 2412 2 5 24 O 10
2412 2747 2 14 77 M 30
2747 2413 2 9 48 O 10
2418 3925 2 1 5 O 30
3925 2751 2 8 40 O 10
2751 2741 2 12 62 O 10
2741 2421 2 18 96 O 20
2421 2742 2 37 205 O 10
2742 1212 2 22 120 O 20
2418 2423 2 19 103 M 30
2423 2425 2 20 106 O 20
2425 2413 2 18 99 M 30
3881 2420 2 21 115 O 20
2749 2335 2 21 111 O 30
2423 2424 2 34 186 M 20
2425 2592 2 29 160 M 30
2592 2426 2 12 62 O 10
2414 3791 2 17 91 O 20
3791 2427 2 29 157 O 30
2420 3514 2 46 0 C 0
4129 3514 2 8 44 O 20
1415 2189 2 16 85 M 30
2189 2579 2 15 80 O 10
2579 2686 2 12 63 O 10
2688 2313 2 24 132 O 20
2313 1228 2 7 35 O 20
1228 2314 2 8 41 O 30
2689 2703 2 17 94 O 20
2703 2701 2 17 90 O 10
2701 2690 2 19 105 O 30
2690 2691 2 59 324 O 20
2691 2695 2 20 107 O 20
2695 1207 2 9 49 M 20
2693 3965 2 9 49 O 20
3965 1425 2 27 147 O 10
1425 2694 2 22 120 O 30
2694 2695 2 31 172 O 20
2696 2697 2 30 166 O 10
2697 2698 2 11 56 O 10
2698 2699 2 10 51 O 10
2699 2691 2 21 115 M 30
2694 2698 2 19 105 O 30
2697 2700 2 26 140 M 20
2699 2701 2 59 325 M 20
2702 2703 2 18 100 O 10
2704 2705 2 36 195 O 20
2705 2706 2 33 183 O 10
2707 2708 2 55 301 O 30
2708 3789 2 17 93 O 20
3789 2709 2 35 191 O 30
2710 2711 2 26 141 M 10
2713 2714 2 19 105 M 10
2715 2714 2 24 133 O 30
2714 649 2 44 239 O 30
2407 2708 2 42 231 O 10
2708 2716 2 20 107 O 20
2717 2718 2 22 117 M 30
2718 2140 2 26 144 O 20
2718 2719 2 16 87 O 30
2720 2721 2 60 331 O 20
2722 2723 2 19 102 O 10
2723 2724 2 52 286 O 20
2725 2730 2 20 106 M 30
2730 2724 2 25 138 O 10
2724 2726 2 33 178 M 10
3460 2730 2 65 357 M 20
3461 2731 2 51 280 O 10
2732 2733 2 11 57 M 30
2733 2734 2 17 93 O 30
2735 2736 2 32 176 M 10
2737 2738 2 27 145 O 20
2738 2739 2 19 105 O 30
2740 2723 2 40 218 M 30
2723 2727 2 31 170 O 10
2727 3582 2 3 12 O 10
2742 4509 2 26 139 O 10
2743 2744 2 22 120 O 20
2745 2746 2 127 701 O 20
2411 2748 2 18 98 O 10
2750 4147 2 18 99 O 10
4147 2751 2 10 54 O 20
2752 3816 2 28 154 O 10
3816 2753 2 23 126 O 20
2754 2755 2 28 155 O 30
2756 2755 2 36 196 O 20
2755 2757 2 26 144 O 20
2761 2762 2 22 118 M 20
2763 3459 2 43 238 O 30
2766 2767 2 20 110 O 30
3586 2768 2 10 53 M 30
2771 2772 2 36 197 O 30
2772 2774 2 31 168 O 20
2774 2773 2 52 0 C 0
2774 2775 2 46 252 M 20
2780 930 2 36 0 C 0
2779 2773 2 36 0 C 0
2783 2609 2 7 38 O 10
2785 2607 1 8 41 O 10
2787 2788 2 12 61 O 30
2789 5320 2 19 101 M 10
5320 2790 2 8 43 O 20
3464 2589 2 19 105 O 10
2589 3890 2 27 147 M 10
3890 3827 2 31 169 O 20
3827 3920 2 22 119 O 20
2795 2796 2 120 663 O 30
2796 3843 2 34 188 M 10
3843 103 2 17 94 M 20
2796 2598 2 14 75 O 30
2598 3465 2 26 142 O 30
3465 2219 2 45 247 O 20
2219 2597 2 2 8 O 20
2597 2326 2 44 240 O 30
4600 3772 2 11 0 C 0
2798 3644 2 14 0 C 0
2801 1197 1 7 37 O 10
1197 3803 1 2 10 O 30
3803 1195 1 3 15 M 10
1195 3802 1 4 18 O 10
3802 4478 1 5 27 O 10
4478 2802 1 7 38 M 10
2798 253 2 15 0 C 0
253 2799 2 7 0 C 0
2800 2304 1 2 0 C 0
2803 2804 1 9 47 O 20
2804 5078 1 13 69 O 30
5078 2805 1 6 33 O 20
2805 2806 1 14 76 O 30
2806 2807 1 3 14 O 20
2132 3778 2 55 0 C 0
1244 1247 1 9 47 M 10
1247 3498 1 3 12 O 20
2808 5209 1 50 0 C 0
5037 2809 1 7 36 O 30
2809 5054 1 2 10 O 10
2813 2814 2 31 171 O 20
2814 2873 2 22 122 M 20
2873 4718 2 18 100 O 10
2814 2815 2 6 30 O 20
4952 2816 2 23 126 O 10
2816 2811 2 17 89 M 20
2816 2817 2 18 95 O 20
5099 2810 2 12 65 M 30
2810 1998 2 41 222 O 30
4716 5382 2 11 56 O 20
5382 4390 2 2 8 O 10
4390 2819 2 4 17 M 20
2819 618 2 29 159 M 20
618 644 2 5 23 M 30
644 2896 2 7 35 O 20
2896 2891 2 6 31 O 20
2891 2002 2 10 51 O 10
2002 2894 2 16 87 O 20
2894 460 2 48 266 O 20
460 2007 2 13 68 O 10
2007 457 2 11 56 M 20
457 442 2 20 110 O 30
442 2882 2 10 52 O 20
2882 2883 2 44 242 O 30
2883 2820 2 21 112 O 20
2820 2821 2 19 104 O 20
1991 2822 2 14 77 O 10
2822 3156 2 47 258 M 30
3156 2823 2 15 82 O 30
2823 3158 2 16 85 O 20
3158 2845 2 11 60 O 10
2845 2824 2 10 53 O 10
1988 2829 2 13 67 O 30
2829 2909 2 21 111 O 20
2909 2825 2 22 117 O 20
2825 2906 2 11 60 M 30
2906 2826 2 16 89 O 20
2826 2827 2 8 43 O 20
2827 1137 2 11 58 M 30
1137 2837 2 33 180 O 20
2837 2839 2 47 260 O 10
2839 2828 2 5 27 O 20
2828 1935 2 26 142 O 30
2825 1136 2 51 281 O 30
1136 4928 2 14 74 M 30
2829 2850 2 55 300 O 20
2850 2830 2 12 65 O 20
2830 2847 2 77 424 O 20
2847 2848 2 29 160 O 10
2830 2832 2 17 92 M 10
2832 2831 2 24 132 O 20
2832 2833 2 8 42 O 30
2827 2835 2 26 141 O 30
2835 3344 2 17 91 O 10
3344 2834 2 9 49 O 20
2835 1115 2 11 58 M 20
1115 1113 2 9 49 O 10
1113 2836 2 29 160 O 30
2837 2838 2 13 69 O 10
2839 2840 2 25 138 O 30
2840 2841 2 15 78 O 20
2840 2842 2 19 102 O 10
2823 2844 2 67 370 O 20
2844 2843 2 35 191 O 30
2844 2000 2 16 88 O 20
2845 2846 2 21 113 O 20
2847 2849 2 21 116 M 20
2850 2851 2 27 149 O 20
2855 2856 2 11 60 O 30
2852 2857 2 24 128 M 20
2853 2859 2 11 58 O 30
2859 2858 2 5 26 O 30
2854 2859 2 26 141 O 10
2860 2862 2 13 70 O 20
2862 3662 2 3 15 O 30
3662 2863 2 30 162 O 30
2863 2868 2 27 146 O 20
2868 2861 2 29 157 M 30
2863 2864 2 10 54 O 10
2865 2866 2 11 58 O 20
2862 2869 2 18 100 O 30
2869 2867 2 58 321 O 10
2867 2868 2 27 146 O 10
2867 1992 2 25 135 O 20
2869 2870 2 12 64 O 30
2871 2872 2 10 53 M 30
2812 1993 2 45 250 O 10
2873 2875 2 15 79 M 30
2875 2874 2 18 99 M 10
2875 2876 2 20 110 O 10
2877 2878 2 25 135 O 30
2878 2879 2 28 155 O 30
2878 2880 2 18 95 O 20
2820 514 2 65 358 O 10
514 2887 2 15 80 O 10
2887 2881 2 12 63 O 30
2881 2882 2 10 53 O 10
2883 2884 2 14 77 O 20
2881 2885 2 17 90 O 20
2887 2888 2 18 99 O 30
2888 2889 2 10 56 O 10
2888 2890 2 9 47 O 10
2891 648 2 14 74 O 10
648 2892 2 2 10 O 30
2007 2893 2 18 97 O 20
2894 2895 2 11 57 O 30
2896 2897 2 29 158 O 30
2002 2898 2 24 128 M 20
2898 2819 2 65 356 O 30
2898 2900 2 18 96 M 10
2900 2899 2 59 326 O 30
2900 2901 2 14 73 O 10
4717 2902 2 17 90 O 10
2826 2904 2 19 102 O 10
2904 2903 2 20 108 O 20
2904 2905 2 11 61 O 30
2906 2908 2 16 83 O 10
2908 2907 2 38 206 O 30
2908 1929 2 29 160 O 30
2909 2003 2 14 73 O 30
2822 2910 2 10 50 O 20
2911 2912 2 18 97 M 30
2024 3148 2 21 115 O 10
3785 2915 2 13 71 M 20
3590 3914 1 6 29 M 30
3914 5053 1 3 11 O 30
2921 2922 2 18 96 M 10
2922 2923 2 41 227 O 30
2922 2924 2 24 131 O 10
2917 2930 2 15 78 M 10
2930 2925 2 30 166 O 30
2916 2926 2 15 81 O 30
2927 2926 2 7 36 M 30
2926 2928 2 22 122 O 10
2929 2932 2 21 116 O 10
2932 2923 2 19 102 O 10
2923 2925 2 6 32 O 20
2925 2022 2 54 297 O 20
2930 2934 2 17 90 M 30
2934 2931 2 28 153 O 10
2932 2933 2 13 72 O 10
2934 2935 2 15 78 O 20
2919 2936 2 23 127 O 20
2936 2939 2 4 20 O 20
2939 2937 2 36 198 M 20
2936 554 2 34 185 O 10
554 2937 2 43 236 O 20
2937 2938 2 19 100 O 10
2939 2940 2 7 35 O 20
2940 2941 2 9 47 M 30
2944 2945 2 25 138 M 20
2945 2943 2 10 53 O 10
2942 2946 2 16 89 O 20
2914 2951 2 15 82 O 10
2951 3674 2 19 105 O 20
2956 2648 2 29 160 O 30
2948 2957 2 17 90 M 10
2949 154 2 40 217 O 30
2947 2959 2 13 70 O 10
2959 844 2 5 26 O 20
844 823 2 2 10 O 30
823 821 2 2 9 O 10
821 847 2 4 22 O 30
847 845 2 2 10 O 20
845 849 2 10 53 O 30
849 851 2 5 24 O 30
851 853 2 5 25 O 10
853 4502 2 13 69 O 20
4502 829 2 9 49 O 30
829 827 2 7 36 M 30
827 825 2 5 27 O 30
825 835 2 9 45 O 10
835 831 2 3 12 M 10
831 833 2 2 11 O 10
833 837 2 1 2 O 10
837 854 2 3 16 M 20
854 841 2 2 7 O 20
841 2959 2 7 36 M 20
1501 2960 2 39 215 O 30
2953 2960 2 17 92 M 20
2960 2961 2 6 33 O 20
2962 2964 2 10 51 O 30
2963 2965 2 12 66 O 20
54 2966 2 19 103 M 30
2966 2491 2 16 87 O 30
1064 2967 1 3 12 O 20
2967 1063 1 4 17 O 10
1063 1064 1 4 17 O 20
2968 2969 2 10 52 O 10
2446 2976 2 17 92 O 10
2976 2453 2 11 60 O 10
2453 2970 2 6 30 O 20
2970 2248 2 20 106 O 30
2970 2971 2 27 147 M 30
2971 2972 2 24 131 M 10
2971 2975 2 19 102 M 30
2975 2973 2 22 117 M 10
2974 2975 2 24 133 O 30
2975 2976 2 30 164 O 20
2977 2978 2 64 353 M 10
2979 2980 2 54 299 O 30
2982 5436 2 35 192 O 20
2983 2984 2 19 101 O 20
4665 2991 2 25 138 O 20
2371 1051 2 8 0 C 0
1051 1160 2 1 0 C 0
1160 2284 2 12 62 O 30
2284 2391 2 6 29 O 10
2391 4665 2 15 78 O 30
4665 2283 2 33 182 O 30
2283 2995 2 32 175 O 30
2996 309 2 13 70 O 20
2998 5370 2 7 0 C 0
3000 3002 2 59 326 O 30
3002 3001 2 35 193 O 20
3002 3003 2 28 153 O 20
4470 3451 2 16 84 M 30
3451 3005 2 19 104 O 20
3005 3012 2 7 39 O 10
3012 1773 2 43 236 M 30
1182 3369 2 21 112 M 10
3369 4380 2 8 42 O 20
4380 3006 2 16 87 O 20
3006 3367 2 17 92 M 20
3367 3366 2 13 70 M 10
3366 1785 2 16 85 O 30
3008 1769 2 12 0 C 0
1769 3009 2 9 0 C 0
3009 3010 2 80 444 O 30
3009 3011 2 46 251 O 30
3012 3013 2 18 95 O 10
3014 3015 2 10 0 C 0
3005 3014 2 19 105 O 30
508 494 2 5 23 O 30
494 504 2 12 62 M 30
504 501 2 8 41 O 10
501 420 2 35 194 O 20
420 417 2 6 30 O 10
417 434 2 7 35 M 10
434 418 2 2 6 O 20
418 407 2 33 183 O 10
407 1889 2 9 49 O 10
1889 1890 2 4 20 O 20
1890 3016 2 4 21 M 10
3016 1891 2 6 30 O 30
1891 1890 2 5 27 O 10
3661 1949 1 6 31 O 10
1594 3095 2 51 279 O 20
3095 3097 2 36 199 O 30
3097 4279 2 22 118 O 20
4279 1949 2 8 44 O 10
4771 2289 2 20 0 C 0
2289 4504 2 17 0 C 0
4504 2992 2 2 0 C 0
2992 4503 2 6 0 C 0
4503 4505 2 4 0 C 0
4505 2993 2 19 0 C 0
2993 4506 2 5 0 C 0
4506 2994 2 52 0 C 0
2994 2055 2 5 0 C 0
2055 3430 2 36 195 O 10
3858 642 2 15 0 C 0
642 3056 2 10 0 C 0
3056 3055 2 9 0 C 0
3055 2067 2 18 0 C 0
3243 3429 2 17 0 C 0
3429 155 2 12 0 C 0
155 3244 2 22 0 C 0
3244 3034 2 25 139 O 20
3034 3031 2 10 53 M 20
3031 3032 2 18 96 O 20
3031 3033 2 22 120 O 30
3032 2049 2 18 95 O 10
3034 3035 2 15 80 O 30
3039 3040 2 37 201 O 20
3041 3049 2 14 73 O 30
3049 3042 2 12 0 C 0
3042 3051 2 15 0 C 0
3051 3050 2 23 0 C 0
3050 3043 2 35 0 C 0
3043 3044 2 27 0 C 0
3044 5309 2 12 0 C 0
5309 3045 2 8 0 C 0
3045 3046 2 24 0 C 0
3044 1183 2 20 0 C 0
1183 2060 2 21 0 C 0
2060 3047 2 2 0 C 0
3047 2058 2 6 0 C 0
2058 2056 2 7 0 C 0
2056 2053 2 12 0 C 0
2053 2052 2 2 0 C 0
2052 3048 2 32 172 M 20
3042 159 2 17 0 C 0
3050 2059 2 19 0 C 0
2059 2057 2 7 0 C 0
4315 3053 2 46 0 C 0
3053 3755 2 46 0 C 0
3755 3754 2 17 0 C 0
3754 4314 2 15 0 C 0
4314 3753 2 21 0 C 0
3753 4312 2 30 0 C 0
4312 1047 2 5 0 C 0
1047 3752 2 8 0 C 0
3059 3056 2 41 0 C 0
3057 3061 2 38 0 C 0
3061 3060 2 39 0 C 0
3060 3059 2 36 0 C 0
3057 785 2 19 0 C 0
785 3062 2 32 0 C 0
2346 3066 2 22 118 O 30
3145 3547 2 10 52 M 30
3547 3141 2 36 199 O 30
3141 4485 2 9 0 C 0
4485 3142 2 7 0 C 0
3142 439 2 15 0 C 0
439 438 2 10 0 C 0
438 1622 2 18 0 C 0
3068 3069 2 18 99 O 20
3069 3072 2 13 70 O 30
3072 3070 2 10 51 O 10
3069 3071 2 35 189 M 10
3072 3073 2 11 57 O 20
1616 745 2 6 28 O 10
745 748 2 3 12 O 10
748 743 2 3 12 O 30
743 751 2 4 20 M 30
751 741 2 2 6 O 10
741 739 2 3 12 O 30
739 754 2 2 10 O 10
754 738 2 2 11 O 10
738 757 2 1 5 M 20
757 3074 2 5 25 M 30
3074 759 2 2 6 O 10
759 3075 2 5 26 O 20
3075 735 2 7 34 O 30
735 737 2 2 11 O 10
737 2626 2 9 49 O 20
3022 3076 2 48 263 M 20
2344 3077 2 35 191 O 30
774 776 2 2 6 O 30
776 772 2 1 6 M 20
772 778 2 3 12 O 10
778 770 2 2 9 M 30
770 768 2 2 7 O 20
768 780 2 1 4 O 20
780 782 2 3 16 O 30
782 766 2 1 3 O 10
766 1620 2 3 15 O 10
3020 3089 2 15 79 O 20
3089 3091 2 17 92 M 20
3091 3082 2 13 67 M 30
3082 3079 2 18 95 O 10
3079 3080 2 11 58 O 30
3080 3085 2 21 111 O 10
3085 3088 2 14 75 O 30
3088 1589 2 12 65 O 30
1589 3093 2 9 46 O 10
3093 3018 2 23 124 O 10
3080 3081 2 27 145 O 20
3082 3083 2 12 61 O 30
3079 3084 2 15 82 M 30
3085 1592 2 22 120 M 30
1592 3086 2 8 40 M 30
3087 3088 2 55 303 O 10
3089 3090 2 26 142 O 20
3091 3092 2 9 49 O 20
3093 3094 2 39 212 O 30
3095 3100 2 22 121 O 30
3100 3102 2 11 60 O 10
3102 3096 2 10 55 O 30
3096 1962 2 16 87 O 30
3097 3098 2 16 85 O 10
3098 3099 2 30 166 O 20
3099 3302 2 13 69 O 20
3302 3096 2 19 101 O 10
3100 3101 2 19 102 O 10
3102 1963 2 22 121 O 30
3306 3098 2 12 66 O 20
3107 1019 2 10 0 C 0
1019 3108 2 5 0 C 0
3108 3109 2 19 0 C 0
3109 3110 2 27 149 O 30
3109 3111 2 12 65 O 20
3111 3112 2 9 48 O 20
3112 3113 2 13 71 O 20
3113 3604 2 7 34 O 20
3604 5405 2 2 11 O 30
3113 3114 2 36 198 O 30
3114 3605 2 3 14 O 10
3111 3115 2 29 160 O 10
3115 3116 2 20 109 O 20
3116 4927 2 31 168 O 10
4927 3606 2 3 12 O 20
3112 3116 2 33 178 O 30
3122 3110 2 19 103 O 10
3117 4494 2 12 62 O 10
4494 3123 2 3 11 M 30
3119 3124 2 15 83 O 10
3124 3125 2 18 96 O 30
3125 3122 2 16 85 O 20
3124 5407 2 22 118 O 10
5407 3126 2 3 11 O 10
3125 3127 2 9 46 M 10
3127 3129 2 2 11 O 30
176 177 2 62 342 O 30
177 3120 2 23 127 O 10
177 3130 2 10 54 O 10
3130 3131 2 3 14 O 30
3130 3132 2 3 11 O 10
3121 3115 2 49 270 O 30
3108 4292 2 4 0 C 0
4292 4289 2 1 0 C 0
4289 3135 2 4 0 C 0
3135 3133 2 6 30 O 20
3133 3134 2 9 45 O 20
3134 3135 2 4 0 C 0
3145 3146 2 14 78 O 10
2952 2033 2 21 114 O 30
2033 4302 2 9 47 O 10
4302 5105 2 7 38 M 30
5105 4820 2 12 63 O 20
4820 2037 2 38 210 O 10
2037 3147 2 5 23 O 10
3147 3165 2 14 75 O 20
3165 2082 2 9 48 M 20
2082 3166 2 46 253 O 10
4715 3149 2 26 141 O 10
3149 3154 2 14 73 M 10
3154 454 2 23 127 O 10
454 3150 2 8 43 O 30
3149 3152 2 11 59 O 20
3152 3151 2 16 83 O 20
3152 3153 2 20 109 O 30
3154 3155 2 30 163 O 30
3156 3157 2 11 57 O 10
3158 3159 2 21 113 O 20
2920 550 2 8 42 O 30
550 3160 2 15 81 O 20
3160 3161 2 39 216 M 10
3160 558 2 9 48 O 20
558 3162 2 28 153 O 20
3163 3164 2 8 42 M 30
3165 2034 2 27 147 M 30
3168 3169 2 13 69 O 10
3147 4902 2 11 59 O 10
4902 4904 2 25 134 O 20
4904 3170 2 3 11 M 10
3171 3175 2 27 144 O 30
3175 3173 2 19 104 M 10
3173 3172 2 31 169 O 30
3173 3174 2 31 167 O 30
3175 3176 2 16 85 M 20
3178 1715 2 20 108 M 20
1715 3186 2 13 67 O 20
3186 3184 2 3 15 O 30
3184 3179 2 52 284 O 20
3179 3190 2 17 91 O 10
3190 3180 2 17 93 O 10
3181 1748 2 19 100 M 10
1748 1722 2 19 103 O 10
1722 1746 2 3 16 M 10
1746 4418 2 22 118 M 20
4418 1712 2 3 11 M 30
1712 3180 2 14 77 O 30
3180 3393 2 10 51 O 10
3393 3391 2 38 208 O 10
3391 3188 2 7 39 O 10
3188 3182 2 17 91 O 20
3184 3185 2 8 42 O 30
3186 3191 2 31 170 M 30
3191 3189 2 40 220 O 20
3189 3187 2 16 88 O 10
3187 3188 2 19 103 M 30
3187 3190 2 38 207 O 30
3189 3179 2 24 133 O 30
3191 3192 2 21 111 O 20
3183 3193 2 62 342 O 20
3193 3194 2 19 101 O 30
3194 3205 2 35 194 O 10
3205 3195 2 18 98 O 10
3195 3196 2 38 208 O 20
3196 3202 2 30 166 O 30
3202 3197 2 17 0 C 0
3195 3203 2 30 165 M 10
3203 3198 2 17 91 O 20
3196 3199 2 20 109 O 20
3199 3200 2 13 70 O 20
3199 3201 2 6 32 O 10
1868 3204 2 17 92 O 30
3205 1845 2 17 94 O 20
1845 3206 2 27 148 O 30
3194 3207 2 13 72 O 20
3193 3208 2 8 44 M 20
1841 3229 2 49 0 C 0
3229 3388 2 7 0 C 0
3388 1834 2 35 191 O 20
3209 3210 2 28 151 O 30
3210 3232 2 57 315 O 30
3232 3211 2 24 131 O 10
3210 3214 2 14 73 O 10
3214 3217 2 7 34 O 20
3217 3215 2 30 162 O 30
3214 3216 2 33 180 O 10
3217 3218 2 55 303 O 30
3212 3219 2 40 218 O 20
3220 3226 2 15 78 O 10
3226 3213 2 23 124 O 30
3213 3224 2 17 93 O 20
3224 3216 2 16 87 O 20
3216 3221 2 16 83 O 30
3221 3222 2 23 126 O 10
3221 3223 2 16 84 O 10
3224 3225 2 9 45 O 30
3226 3227 2 8 40 M 30
1831 3228 2 55 303 O 20
3228 1793 2 15 0 C 0
3229 3230 2 29 160 M 10
3230 3231 2 35 190 O 10
3230 1837 2 25 136 O 20
3232 3233 2 35 192 O 10
3233 1838 2 36 197 O 10
3233 3234 2 11 56 M 10
3235 3236 2 16 85 O 10
4160 3237 2 8 40 O 20
3237 3238 2 49 268 O 30
3238 4161 2 8 43 O 30
4161 3237 2 10 54 O 30
3239 3659 1 3 15 O 30
3659 1959 1 4 19 O 10
1959 3240 1 4 17 O 20
3240 3239 1 4 18 O 20
3240 3289 2 12 64 O 10
3289 3291 2 10 53 O 30
3291 3286 2 7 36 O 30
3286 3241 2 19 104 O 30
3241 3104 2 15 83 O 10
3245 3246 2 20 108 M 20
3246 2519 2 7 38 M 20
3246 2204 2 20 108 O 30
2203 3247 2 12 62 O 10
3247 2517 2 3 14 O 10
3248 46 1 4 22 O 10
3251 3252 2 13 69 O 20
1888 3253 2 19 101 O 20
3249 3254 2 25 138 O 20
1917 3266 2 18 98 O 10
3266 3265 2 16 86 O 30
3265 1921 2 15 82 O 30
3257 3259 2 23 127 M 20
3260 3261 2 37 203 O 20
3258 3262 2 11 61 O 10
3255 3263 2 19 104 O 20
3256 1906 2 26 142 O 20
3264 1909 2 25 134 O 20
3265 1911 2 28 155 O 10
3266 3267 2 15 78 O 10
3268 3269 2 38 209 O 10
3270 3271 2 18 97 O 30
3271 3272 2 15 82 O 10
3271 3273 2 17 91 O 20
3274 5399 2 16 87 O 20
5399 5400 2 10 56 O 10
5400 3275 2 5 24 O 20
2660 1926 2 18 99 O 10
3276 3277 2 10 53 O 10
3278 3279 2 18 97 O 10
3279 3280 2 13 70 O 30
3280 3281 2 12 62 O 20
3281 3282 2 6 31 M 20
3280 3283 2 6 32 O 30
3284 4229 2 18 98 O 30
4229 1120 2 12 64 O 20
1120 3285 2 27 147 O 30
3286 3287 2 14 76 O 10
3287 3288 2 8 39 O 10
3287 1925 2 14 77 M 10
3289 1919 2 12 62 O 20
3241 3290 2 11 61 O 10
3291 445 2 15 82 O 30
445 3292 2 3 13 O 30
3293 3294 2 8 44 O 20
3294 3295 2 16 86 O 20
3294 3296 2 11 58 O 30
1930 3297 2 38 207 M 10
3103 3298 2 35 192 M 10
3299 3298 2 25 135 O 10
3298 3300 2 19 102 O 30
1933 3300 2 24 128 O 20
3300 4487 2 12 66 O 10
4487 3301 2 9 47 O 20
3302 3303 2 24 131 O 30
3303 3304 2 12 65 O 10
3303 3305 2 9 50 M 20
3750 3307 2 28 154 O 10
3307 3308 2 22 122 O 10
3307 1964 2 14 74 O 10
3309 3310 2 16 87 O 20
3311 3312 2 15 83 O 30
3312 3310 2 50 278 O 10
3313 3318 2 36 198 O 20
3317 3319 2 17 94 O 20
3319 3320 2 14 74 O 20
3320 5103 2 20 107 M 30
5103 3321 2 3 11 O 20
3319 3323 2 14 76 O 30
3323 3322 2 12 67 O 10
3323 3324 2 16 88 O 10
3316 3325 2 17 92 O 30
3315 3326 2 23 123 M 30
3314 1130 2 30 165 O 10
1130 1984 2 8 40 O 20
1984 1980 2 12 64 O 30
1980 3327 2 13 67 O 10
3328 3329 2 26 141 O 20
3330 3331 2 33 181 O 20
4713 3333 2 17 92 O 30
3333 3332 2 12 62 O 20
3333 2631 2 19 102 O 30
2631 3334 2 7 33 M 20
3335 1943 2 11 60 O 30
1943 2632 2 8 42 O 10
2632 1947 2 9 45 O 20
2828 3340 2 15 81 O 20
3340 3337 2 12 63 O 10
3337 1934 2 18 96 O 30
1934 3338 2 6 32 O 10
3337 3339 2 6 28 O 10
3340 3341 2 10 51 M 30
3341 3342 2 14 76 M 20
3343 1939 2 13 71 O 20
3344 3345 2 22 120 O 20
3345 1924 2 10 52 O 20
3347 3348 2 46 250 O 30
3349 3350 2 22 118 O 30
3350 3351 2 14 75 O 30
3350 3352 2 37 204 M 10
3353 3354 2 14 74 O 10
3355 3356 2 16 87 O 30
3356 3357 2 14 76 O 10
3357 5332 2 3 12 O 20
3356 1961 2 39 216 O 20
3358 3359 2 35 194 O 30
3360 3361 2 18 95 O 30
3361 1960 2 19 101 O 20
3361 1966 2 9 49 O 30
1966 1967 2 7 36 M 20
1967 3608 2 4 21 M 10
3608 1966 2 3 14 M 30
3362 4551 2 35 191 O 20
4551 3363 2 9 49 O 10
3363 4549 2 7 37 M 30
4549 4552 2 12 64 O 10
4552 4545 2 13 72 O 20
4545 4547 2 10 54 O 20
4547 3364 2 7 38 O 10
3364 3912 2 37 201 O 10
3912 3365 2 22 120 O 10
3365 4380 2 17 94 O 20
3365 3366 2 79 438 O 20
3006 3656 2 20 107 O 30
3656 3367 2 18 95 O 20
3364 3878 2 24 133 O 20
3363 3368 2 40 220 O 10
3369 3370 2 24 132 M 10
3370 1786 2 79 437 M 30
3007 3380 2 29 159 O 20
2278 3375 2 13 0 C 0
3375 4533 2 10 0 C 0
4533 3384 2 10 0 C 0
3376 3377 2 52 0 C 0
3377 3385 2 5 0 C 0
3379 3381 2 35 194 O 10
3382 3383 2 26 143 M 10
3228 1824 2 12 0 C 0
3386 3389 2 20 0 C 0
3389 3387 2 9 0 C 0
3387 3390 2 7 0 C 0
3390 3388 2 14 0 C 0
3391 3392 2 13 67 O 20
3392 1703 2 27 149 O 30
1703 3393 2 32 175 O 10
3392 3394 2 12 63 O 20
3426 3410 2 4 17 M 10
3410 3572 2 3 12 O 10
3572 3425 2 6 30 O 20
3425 3422 2 15 78 M 30
3422 3776 2 20 110 O 30
3410 3411 2 17 92 M 10
3413 3418 2 28 151 O 30
3418 3414 2 24 132 M 10
3414 2108 2 28 154 O 30
3415 3455 2 10 54 O 30
3413 3416 2 20 108 O 10
3901 3498 1 11 60 O 10
3418 3419 2 22 121 O 30
3420 3421 1 10 0 C 0
3478 5236 1 9 0 C 0
5208 3399 1 3 0 C 0
3399 3480 1 8 0 C 0
2784 3428 2 5 23 O 10
3422 3423 2 10 55 O 30
3424 3425 2 17 92 O 30
3428 1223 2 2 7 O 30
3569 3570 2 26 141 O 20
3570 467 2 15 83 O 10
467 588 2 2 8 O 10
588 474 2 2 8 O 30
474 470 2 7 34 O 20
470 582 2 6 28 M 10
582 992 2 12 61 O 30
3482 3567 2 8 39 O 30
3567 3570 2 3 15 O 20
3424 3411 2 8 0 C 0
3412 701 2 14 73 O 20
701 706 2 4 21 O 20
706 203 2 18 100 M 30
203 697 2 28 153 O 10
697 805 2 5 28 M 10
805 807 2 1 4 O 20
807 3951 2 2 6 O 30
3951 798 2 5 26 O 30
798 1640 2 9 46 O 20
3509 3510 2 16 88 M 30
3588 4150 2 15 0 C 0
2298 3552 2 74 410 O 30
3552 3553 2 9 48 O 10
3464 4130 2 3 12 O 30
3372 4157 2 39 216 O 30
4157 3370 2 9 50 O 30
3371 3372 2 20 106 O 10
3383 3381 2 27 149 O 30
3579 3580 2 10 52 O 30
3580 3581 2 3 14 O 30
3581 4118 1 1 2 M 30
4118 4119 1 15 82 O 20
4119 3581 1 8 44 O 10
2739 2721 1 19 102 O 10
2721 2740 1 18 98 O 10
2740 2733 1 19 104 M 20
3583 3584 2 25 136 M 20
2724 3585 2 10 50 O 30
2768 667 2 5 25 M 20
667 669 2 5 27 O 10
669 671 2 6 30 O 10
671 685 2 2 11 O 30
685 683 2 9 48 M 10
683 681 2 6 30 O 20
681 679 2 4 18 O 20
679 677 2 1 4 M 30
677 1048 2 16 84 M 20
1048 676 2 12 0 C 0
676 675 2 3 0 C 0
675 674 2 4 0 C 0
674 673 2 4 0 C 0
673 2769 2 1 0 C 0
2769 2778 2 7 0 C 0
2778 3917 2 2 0 C 0
3917 2770 2 13 0 C 0
3587 3459 2 61 336 O 30
2012 4300 1 3 16 O 30
4300 2013 1 3 13 O 30
2013 2011 1 4 18 O 30
2011 937 1 4 18 O 10
937 935 1 4 18 O 30
935 940 1 4 18 M 20
940 939 1 4 19 O 10
3589 5051 1 8 42 O 20
2557 4499 2 26 0 C 0
4499 2147 2 17 0 C 0
3105 3104 2 18 95 O 10
3104 1927 2 5 24 O 10
1927 1930 2 34 189 O 10
1930 3293 2 8 43 M 10
3293 3103 2 14 73 O 30
3103 4162 2 26 141 O 10
4162 4277 2 38 209 O 10
4277 3017 2 15 83 O 30
3712 1221 2 20 0 C 0
1224 1545 2 34 0 C 0
3621 2613 2 12 0 C 0
3718 1529 1 11 0 C 0
3535 3536 2 43 0 C 0
3538 3720 1 18 0 C 0
3549 3062 1 8 0 C 0
1607 5125 2 26 141 O 20
5125 5124 2 6 31 O 20
5124 3171 2 8 43 O 20
3171 1619 2 18 95 O 20
1619 3067 2 33 179 O 10
3067 1621 2 28 0 C 0
3723 5131 2 2 11 O 30
5131 1617 2 8 44 O 30
1598 3724 2 16 87 M 10
4009 5296 2 28 151 M 10
5296 126 2 46 0 C 0
3736 3740 2 12 0 C 0
3740 3737 2 6 0 C 0
3737 3742 2 29 0 C 0
3724 3758 2 7 39 O 30
3758 3759 2 5 23 O 10
3758 3760 2 6 32 O 30
3784 3785 2 10 52 O 20
3785 1049 2 23 125 O 10
1049 3786 2 2 6 O 10
3736 2388 2 17 0 C 0
2388 955 2 12 0 C 0
955 1737 2 13 0 C 0
1737 1738 2 15 0 C 0
1738 1088 2 2 0 C 0
1088 1087 2 6 0 C 0
1087 1089 2 2 0 C 0
1089 1083 2 8 0 C 0
1083 1090 2 2 0 C 0
1090 1086 2 10 0 C 0
1086 3140 2 6 0 C 0
3140 1085 2 4 0 C 0
1085 1084 2 2 0 C 0
1084 3139 2 13 0 C 0
3139 1739 2 5 0 C 0
1739 1741 2 7 0 C 0
1741 1742 2 11 0 C 0
1742 953 2 6 0 C 0
953 1095 2 7 0 C 0
1095 8 2 11 0 C 0
2206 2658 2 11 56 M 10
90 2657 2 8 43 M 30
90 3971 2 74 406 O 10
4138 3727 1 2 8 M 10
3727 4139 1 3 12 O 10
4139 3728 1 3 14 O 30
3728 3729 1 2 11 O 10
3729 4138 1 1 4 O 30
4221 4507 2 19 0 C 0
4507 1191 2 27 0 C 0
4224 3475 1 5 0 C 0
3475 3987 1 3 0 C 0
1398 4076 2 2 8 O 20
4076 1008 2 9 48 O 30
3763 1009 2 6 31 O 10
3763 1006 2 4 22 O 20
1464 1463 2 21 115 O 30
2337 1463 2 16 88 O 10
3515 3769 2 20 109 M 20
3769 4190 2 38 211 O 10
4190 3903 2 3 16 O 10
3516 3515 2 5 24 O 10
3762 3516 2 4 20 M 10
3617 1238 2 6 32 O 30
3616 4531 2 4 17 O 20
4531 1445 2 2 10 O 10
4258 2627 2 57 315 O 30
1521 2973 2 8 40 O 30
2973 1523 2 10 54 O 30
1523 2444 2 20 108 O 20
1643 620 2 17 93 M 10
620 622 2 7 39 M 20
622 704 2 8 44 O 10
704 609 2 2 7 O 30
609 693 2 6 31 M 10
693 3667 2 7 34 O 30
3667 3668 2 19 102 O 20
3668 3666 2 11 58 O 20
3668 3775 2 16 84 O 20
3775 2259 2 22 118 O 30
3775 3776 2 48 265 O 20
3776 3777 2 3 13 O 10
3777 4261 2 20 109 O 30
3643 3521 2 25 0 C 0
4615 3780 2 3 17 O 20
2247 2300 2 20 107 O 10
2300 2554 2 19 100 O 10
5439 3779 2 60 331 O 10
3670 2996 2 22 121 M 20
2996 2997 2 29 156 O 30
2999 2986 2 26 144 M 20
2986 3670 2 7 38 O 10
2429 561 2 17 0 C 0
561 562 2 7 0 C 0
562 2137 2 21 0 C 0
2137 316 2 41 0 C 0
3029 2068 2 23 0 C 0
2068 323 2 21 0 C 0
3038 4233 2 41 223 O 20
4233 4140 2 58 322 O 30
3052 3243 2 9 0 C 0
3243 976 2 10 0 C 0
4315 3052 2 23 0 C 0
1096 303 2 17 0 C 0
303 304 2 13 0 C 0
304 1097 2 41 225 O 10
1142 3752 2 2 0 C 0
3752 300 2 6 0 C 0
1628 4840 1 55 0 C 0
4943 5061 2 23 0 C 0
3019 1595 2 4 22 O 10
3607 4339 2 54 298 O 30
3749 3839 2 4 22 M 30
3119 3120 2 11 58 M 30
3120 3121 2 31 169 O 10
3121 3122 2 20 106 O 30
4222 4479 2 17 94 O 20
2528 98 1 23 0 C 0
3374 1782 2 16 88 O 30
1782 4532 2 14 74 O 10
3368 4534 2 11 59 O 20
4536 4393 2 21 114 O 20
4393 4408 2 12 63 O 30
4408 4537 2 9 50 O 20
4537 4538 2 8 41 O 30
4538 4539 2 4 20 M 10
4542 4477 2 44 242 O 20
4538 4543 2 38 210 O 30
4544 4537 2 30 162 O 30
3654 4545 2 22 122 O 30
4546 4547 2 17 94 O 30
4548 4549 2 14 73 O 10
4550 4551 2 14 74 O 20
3655 4552 2 19 104 O 10
3495 3494 1 17 0 C 0
4559 1441 1 44 0 C 0
1441 1440 1 15 0 C 0
1440 1442 1 6 0 C 0
3747 4844 1 7 0 C 0
3405 1859 1 11 0 C 0
4582 4584 1 24 0 C 0
4569 1025 1 5 0 C 0
1025 4579 1 20 0 C 0
4579 4582 1 43 0 C 0
4566 4423 1 30 0 C 0
4422 4575 1 36 0 C 0
4571 4572 1 5 0 C 0
4568 5226 1 2 0 C 0
5226 5219 1 9 0 C 0
3717 3715 1 10 0 C 0
4576 4571 1 11 0 C 0
18 3765 1 26 0 C 0
4839 1439 2 20 0 C 0
4653 995 1 13 0 C 0
3407 4651 1 8 0 C 0
3831 1688 1 23 0 C 0
1688 2667 1 64 0 C 0
2667 3832 1 28 0 C 0
4660 4663 1 5 0 C 0
4652 4654 1 12 0 C 0
4661 4659 1 9 0 C 0
5140 1616 2 23 123 O 10
1616 4806 2 20 110 O 30
4806 4484 2 8 41 O 20
4484 3022 2 3 16 O 20
3022 1596 2 41 222 O 30
5098 2000 2 9 46 M 20
2000 5099 2 4 18 O 10
1005 228 1 11 0 C 0
1565 4510 1 16 0 C 0
4780 2123 1 7 0 C 0
4648 5222 1 5 0 C 0
4785 4784 2 3 0 C 0
4786 3837 1 2 0 C 0
4787 4788 1 6 0 C 0
4785 4787 1 4 0 C 0
2027 4023 2 2 9 M 10
103 2214 2 41 224 O 30
3477 623 1 15 80 O 10
4945 4946 2 25 133 O 10
4946 4947 2 25 134 O 10
4948 4946 2 4 20 O 20
4949 4717 2 52 285 O 30
4717 4718 2 19 105 O 10
4718 4719 2 17 90 O 20
4719 4720 2 41 224 O 10
4950 4951 1 3 14 O 20
4953 1932 2 13 67 O 10
4841 4954 1 8 44 M 20
5037 4955 1 9 45 O 20
4956 4957 2 3 12 O 20
4957 4958 2 20 109 O 10
2728 3976 1 33 179 M 10
3976 2729 1 6 32 M 20
2771 2726 2 17 94 O 30
2726 2729 2 29 160 O 20
4574 5354 1 4 0 C 0
4567 4566 1 7 0 C 0
4583 2679 1 7 0 C 0
4571 3717 2 9 0 C 0
5012 1744 2 29 0 C 0
1744 1743 2 18 0 C 0
1743 1740 2 58 0 C 0
1740 1167 2 7 0 C 0
1167 954 2 13 0 C 0
4680 4679 2 16 0 C 0
4679 4678 2 18 0 C 0
4678 4677 2 7 0 C 0
4677 4676 2 13 0 C 0
4646 4644 1 7 0 C 0
165 4675 2 17 0 C 0
4675 164 2 3 0 C 0
164 3143 2 24 0 C 0
3143 952 2 53 0 C 0
3761 5091 1 10 50 O 10
5100 5101 2 12 62 O 20
5101 5102 2 15 81 O 30
5101 3342 2 13 71 O 10
5104 5103 2 3 13 O 30
5106 5105 2 22 117 O 30
5107 5108 2 3 16 O 30
5108 5109 2 7 37 M 10
5110 5108 2 4 18 O 20
5111 5112 2 3 12 O 20
5113 5114 2 4 17 M 30
5114 5115 2 6 30 M 10
5114 5116 2 3 13 O 10
5117 5118 2 11 57 O 20
5119 3322 2 3 13 O 30
3322 5120 2 3 15 O 30
5121 5112 2 3 13 M 20
5112 5120 2 6 31 O 10
5123 3077 2 27 146 M 10
5126 5125 2 11 61 O 10
5125 5127 2 8 40 O 30
5127 5128 2 4 18 O 10
5129 5127 2 4 19 O 20
5130 5124 2 14 76 O 30
5132 5131 2 3 13 O 20
5133 5134 2 3 15 O 20
5134 3070 2 12 64 M 10
4899 5136 2 26 141 O 30
5142 5139 2 17 94 M 30
5142 5143 2 8 43 M 30
5145 5136 2 31 168 O 30
5136 5143 2 16 88 M 30
5143 5137 2 12 65 O 20
5147 5138 1 7 37 O 20
5148 5149 2 12 65 O 30
5149 5138 2 4 18 O 20
5152 5150 2 7 34 O 30
5153 5151 2 7 36 O 10
5154 5155 2 7 35 M 30
5149 5156 2 9 46 O 10
5188 5241 2 24 0 C 0
5159 4454 2 9 46 O 20
4454 5160 2 8 41 M 30
5160 4458 2 13 67 O 10
5161 5162 2 5 25 O 20
5162 4457 2 2 9 O 20
4457 5163 2 5 24 O 10
5164 5165 2 3 0 C 0
5162 5164 1 13 69 O 20
5166 5167 2 10 51 O 20
4805 5168 2 7 33 O 30
5168 5169 2 4 22 M 10
5169 3936 2 4 21 O 20
3936 5145 2 14 73 O 10
5169 5170 2 18 100 O 20
5170 5168 2 15 79 O 10
5171 370 2 51 282 O 10
370 371 2 19 105 O 20
371 4452 2 35 191 M 10
4452 5172 2 4 18 M 10
4359 5173 2 7 34 O 30
5173 5166 2 10 51 O 20
5166 5174 2 3 16 O 30
5174 5167 2 4 19 O 30
5167 5165 2 8 40 O 10
5179 5180 2 19 105 O 30
5180 5181 1 3 15 O 10
5182 5180 1 4 19 O 10
5175 5176 2 10 0 C 0
5176 5177 2 12 0 C 0
5177 5227 2 11 58 O 30
5227 5181 2 7 35 O 10
5181 5182 2 2 11 O 30
5182 5229 2 3 14 M 10
5229 5183 2 13 68 O 10
5188 5189 2 12 0 C 0
5189 5187 2 22 0 C 0
5187 5177 2 13 0 C 0
5191 5192 2 3 15 M 20
5192 5193 2 11 60 O 20
5193 5194 2 4 20 M 30
5194 5192 2 10 52 O 20
5195 5173 2 19 100 O 20
5198 5204 2 2 6 O 30
5204 5199 2 13 72 O 10
5200 5201 2 10 55 O 30
5202 5201 2 3 14 O 10
5201 5199 2 5 26 O 10
5199 5197 2 11 60 O 20
5203 4360 1 6 28 O 10
4361 4689 1 6 28 M 10
5205 5204 2 2 9 O 20
4772 5218 1 100 555 O 10
1686 5023 1 391 0 C 0
5227 5178 2 15 79 M 20
5185 5186 2 3 12 O 30
5186 4450 2 7 39 O 10
4450 366 2 5 28 O 20
366 364 2 6 31 O 10
364 4448 2 2 9 O 10
4448 5171 2 14 77 O 30
5165 5161 2 7 36 O 10
5161 5191 2 1 5 O 20
5191 5159 2 16 85 O 30
5159 5228 2 17 91 M 30
5228 5171 2 51 283 M 20
5229 5230 1 14 74 O 20
5230 4442 1 5 22 M 20
4442 5228 1 13 67 M 20
5232 4491 1 9 46 M 20
5232 5233 2 12 64 O 20
3770 1360 2 2 7 O 20
1360 1380 2 5 27 M 10
1380 1358 2 3 11 O 10
1358 3761 2 37 204 O 30
3761 3762 2 7 34 O 30
2027 1023 2 7 38 M 30
4340 4341 2 53 291 O 20
4341 1232 2 11 59 O 10
3676 3726 2 21 113 O 20
5246 5245 2 25 138 O 20
1397 5492 1 7 0 C 0
3908 5477 1 9 50 O 10
130 2638 1 4 0 C 0
4789 4786 1 9 0 C 0
1531 4254 1 14 0 C 0
4254 4577 1 13 0 C 0
5442 5443 2 12 65 O 20
5443 4030 2 4 22 O 20
4656 5027 1 3 0 C 0
5027 4655 1 2 0 C 0
4658 4657 1 2 0 C 0
2981 2980 1 12 62 M 10
1550 1552 1 17 92 M 30
3462 2709 2 34 188 M 20
137 2770 2 9 0 C 0
2770 5316 2 7 0 C 0
259 261 2 2 11 O 30
260 259 2 19 102 M 10
2738 263 2 8 40 M 30
3384 3793 2 6 0 C 0
5244 4 1 17 0 C 0
4 563 1 3 0 C 0
563 564 1 4 0 C 0
564 5084 1 2 0 C 0
5084 1818 1 11 0 C 0
4727 327 2 18 0 C 0
327 328 2 2 0 C 0
328 329 2 10 0 C 0
3166 927 2 6 30 O 20
3674 2955 2 3 12 O 10
153 2034 2 44 241 O 30
2034 2952 2 38 209 M 30
2952 2953 2 22 121 M 20
2953 2954 2 17 93 O 10
154 2957 2 3 15 O 10
3166 3148 2 44 242 O 10
2957 2958 2 9 46 O 20
2951 2956 2 21 111 O 20
2956 153 2 11 57 M 20
2018 2954 2 19 100 O 30
2954 2947 2 18 97 M 20
2947 926 2 11 61 M 10
937 942 2 7 34 O 20
940 938 2 6 33 O 20
943 936 1 2 10 O 20
936 938 1 4 18 O 10
938 941 1 4 18 O 10
941 942 1 4 18 M 30
942 2014 1 4 18 O 10
2014 2015 1 4 18 O 20
2015 5387 1 8 44 O 10
5387 4300 1 2 9 O 10
939 936 1 6 32 M 30
935 941 2 6 33 M 10
944 5388 2 5 24 O 20
1482 1480 2 32 175 O 10
3840 3068 2 1 3 O 10
3068 1593 2 8 43 O 30
5241 3021 2 21 0 C 0
3310 3313 2 23 123 M 10
3313 3328 2 12 66 O 30
3328 3314 2 11 57 O 20
3314 3315 2 17 90 O 30
3315 3316 2 17 90 O 10
3316 3317 2 16 88 O 30
3317 3312 2 15 79 O 20
1500 1501 2 3 13 O 10
1501 1499 2 3 13 O 30
1567 1562 2 6 0 C 0
1562 1561 2 9 0 C 0
1561 4664 2 22 0 C 0
4664 1564 2 3 0 C 0
228 1563 1 35 0 C 0
2213 1559 2 13 70 M 30
1559 1557 2 3 15 O 30
1559 1558 2 10 52 O 20
1560 627 2 44 239 O 30
1571 3899 1 27 150 O 30
1387 5479 1 6 30 O 30
5478 1570 1 9 49 O 10
1631 1002 1 4 19 O 10
1002 1580 1 9 49 O 20
1580 1550 1 10 53 O 30
5480 1584 1 4 19 O 10
1573 1680 1 4 20 O 30
1576 811 1 8 39 O 30
1585 1583 1 5 27 O 20
1586 3482 2 4 18 O 10
3618 3726 2 9 45 M 20
4205 1588 2 13 68 O 20
1588 3634 2 10 52 O 10
3634 2191 2 20 107 O 30
2191 3635 2 29 160 O 30
3635 1237 2 11 59 O 10
2345 1614 2 14 76 O 20
1614 1615 2 8 44 O 20
1626 3660 2 14 0 C 0
3660 4431 2 14 0 C 0
4431 4433 2 10 0 C 0
4433 4430 2 3 0 C 0
4430 4432 2 7 0 C 0
4432 4428 2 4 0 C 0
4428 4429 2 16 0 C 0
4429 4879 2 15 0 C 0
326 1624 1 2 0 C 0
4362 1595 1 1 3 O 10
1619 2346 2 14 76 O 10
2346 1617 2 7 34 M 30
1617 2345 2 31 167 O 30
2345 2344 2 14 73 O 10
2344 3530 2 47 259 O 30
1605 1612 1 25 136 O 20
3935 2343 2 13 70 M 30
4354 1856 2 9 47 O 20
1856 1695 2 21 113 O 20
1695 5394 2 45 248 O 20
3070 1604 2 20 106 O 20
1601 4835 2 13 68 O 10
4835 1611 2 5 27 M 20
1611 1613 2 13 69 O 20
1599 1591 2 14 73 M 30
1603 1607 2 13 71 O 30
1609 3933 2 3 13 O 20
3933 1600 2 18 96 O 20
1591 1590 2 40 218 O 10
1590 1589 2 15 83 O 30
1597 1601 2 27 147 O 20
1601 3725 2 5 26 O 20
3725 1602 2 9 45 O 10
3417 4608 1 12 0 C 0
1001 1631 1 12 63 O 20
1579 1570 1 9 45 O 20
1678 1630 1 4 21 O 30
1584 1574 1 5 27 O 20
3448 5025 1 5 0 C 0
5025 1649 1 6 0 C 0
1577 1550 1 4 19 O 10
1655 1654 1 14 0 C 0
2366 1582 1 5 23 M 30
1582 1484 1 34 184 O 10
1484 1510 1 22 120 O 30
1510 3458 1 23 128 O 10
1656 1657 1 7 0 C 0
2073 254 1 21 0 C 0
5474 1631 1 6 33 O 10
1680 5476 1 5 23 O 20
5476 5260 1 18 97 O 20
812 5474 1 9 46 M 10
1681 1 1 3 12 O 10
1 1239 1 4 22 M 10
3898 1632 1 28 152 O 30
1645 3565 1 51 282 O 10
3479 5024 1 45 0 C 0
1152 2669 2 71 0 C 0
5219 4566 1 15 0 C 0
1718 1726 2 21 112 O 10
1726 529 2 13 69 M 10
529 490 2 15 81 O 10
490 487 2 20 107 O 10
487 1734 2 24 132 O 20
1701 1702 2 19 102 O 30
1736 1732 2 31 169 M 20
1725 1727 2 7 37 O 30
4963 5346 2 6 28 O 10
5346 4881 2 7 36 O 30
1722 1716 2 23 126 M 30
1728 586 2 24 132 M 30
586 1730 2 74 410 O 20
4141 4142 2 22 121 O 30
4142 1718 2 9 47 M 10
1718 1719 2 17 94 O 10
1719 1713 2 26 140 O 30
1713 5379 2 22 118 O 30
5379 1698 2 43 238 O 20
1720 1723 2 7 38 O 20
1736 1731 2 21 113 O 10
1712 1710 2 19 103 M 30
1706 1701 2 22 122 O 20
1701 1696 2 18 99 O 30
1700 1697 2 26 143 M 30
1697 1694 2 33 182 O 30
1704 2663 2 25 136 O 30
1713 1714 2 34 188 O 20
1707 3183 2 20 110 O 20
3183 3192 2 5 27 O 30
3192 1858 2 19 104 O 10
1858 3198 2 49 268 O 10
3198 3182 2 11 56 O 20
3182 1848 2 30 166 O 10
4142 1699 2 63 346 M 30
1697 1704 2 36 198 O 20
1704 1711 2 24 132 M 10
1705 2661 2 77 424 O 30
1709 4141 2 35 189 O 10
1715 1721 2 16 86 O 20
1721 1724 2 15 78 O 20
1719 4526 2 87 481 O 20
1726 1725 2 9 49 O 20
1725 1720 2 20 110 O 20
1720 1717 2 9 46 O 10
4141 1702 2 36 199 O 20
1702 1694 2 39 214 M 30
1694 1693 2 15 83 O 30
1746 1747 2 10 55 O 20
1755 1751 2 12 62 O 20
1762 1756 2 14 77 O 10
1759 1757 2 7 36 O 10
1747 1745 2 34 185 O 20
1758 1753 2 17 93 M 20
1747 1748 2 57 312 O 30
1754 1752 2 8 40 O 30
1752 1749 2 40 220 O 20
1749 1750 2 9 49 O 30
1750 1752 2 8 41 O 20
3619 3620 2 9 0 C 0
3620 1526 2 11 0 C 0
1526 4666 2 8 0 C 0
1679 5472 1 2 11 M 30
5472 5065 1 12 64 O 20
1792 1796 2 101 561 O 10
1784 1785 1 2 8 O 10
1785 3007 1 3 15 O 30
1792 1793 1 5 0 C 0
1793 1790 1 4 0 C 0
1783 3362 2 26 142 O 20
3362 1780 2 29 161 O 30
1780 1775 2 19 104 O 30
1799 1794 2 9 45 O 30
1794 1791 2 17 94 O 30
1791 4421 2 3 13 M 10
4421 1798 2 46 250 O 20
1800 4160 2 86 475 O 30
1782 1777 2 9 49 O 30
1794 1789 2 8 41 O 10
3238 1802 2 5 25 O 10
1771 1770 2 2 8 O 20
1779 1781 2 4 20 O 30
1791 1787 2 17 92 O 10
1780 1779 2 13 69 O 30
1779 1776 2 4 20 O 30
1774 3008 2 22 0 C 0
1769 1771 2 12 0 C 0
1771 1772 2 4 19 O 10
1801 1788 2 30 162 M 20
1809 4388 2 9 46 O 20
4316 4317 2 33 180 O 20
356 1840 1 1 0 C 0
1835 1834 1 4 18 O 10
1834 1831 1 3 15 M 30
1831 3209 1 4 17 O 10
3209 1835 1 2 11 O 20
1856 1855 2 8 44 M 20
1855 1853 2 16 84 O 30
1853 1854 2 2 9 O 20
1825 1826 1 3 0 C 0
1824 1825 1 3 0 C 0
1849 1844 2 34 185 O 30
1844 1843 2 11 56 O 20
1850 1866 2 13 69 O 10
1866 1864 2 29 156 O 30
1864 4318 2 23 124 M 20
1845 1847 2 6 33 O 10
1827 1829 2 8 43 O 30
1852 1853 2 2 9 O 30
1695 1850 2 20 108 M 20
1850 1849 2 2 10 O 30
1849 1881 2 13 67 O 20
1881 4318 2 8 41 M 30
4318 1842 2 15 80 O 20
1842 1839 2 16 86 O 20
1833 1871 2 4 18 O 30
1871 1836 2 5 26 O 20
3213 3215 2 20 111 O 10
3215 3137 2 39 211 O 30
3137 1828 2 21 112 O 30
1828 1829 2 14 73 O 30
1829 1863 2 14 74 O 30
1863 1876 2 26 142 M 20
1876 1878 2 32 177 O 20
1878 3235 2 3 15 O 30
3235 3212 2 7 34 O 30
3212 3211 2 19 101 O 20
1858 1857 2 17 90 O 10
1875 1832 2 14 73 M 10
1872 1874 2 19 100 O 20
1848 2549 1 2 10 O 30
2549 1846 1 2 9 O 30
1868 1867 2 7 36 O 10
1870 1869 2 2 7 M 20
1826 3386 2 27 0 C 0
1864 1865 2 5 27 M 10
1865 1866 2 14 77 O 20
2662 1828 2 22 120 O 10
1830 1863 2 22 118 O 30
1855 1870 2 12 66 M 10
1870 1882 2 3 12 O 20
355 3197 2 27 0 C 0
3197 1846 2 30 166 O 10
1876 1875 2 13 72 O 10
1875 1874 2 4 18 O 30
1874 1873 2 2 6 O 10
1873 1872 2 1 5 M 20
1872 1871 2 8 40 O 30
1881 5457 2 11 59 O 10
5457 5459 2 9 50 O 10
5459 5455 2 9 48 O 30
5455 1880 2 3 16 O 10
1877 1878 2 18 98 O 20
3550 4595 1 46 0 C 0
1551 298 1 4 0 C 0
4563 4561 1 7 0 C 0
1895 1898 2 53 289 O 30
1021 4307 2 22 121 O 20
4307 4310 2 9 45 O 30
4310 1932 2 25 135 O 30
1904 1905 1 2 7 O 20
1905 1903 1 3 14 O 30
1903 1902 1 2 7 O 30
1902 3256 1 3 13 O 20
3256 1904 1 1 5 O 20
1922 1923 1 3 16 M 30
1937 305 1 2 7 M 30
4143 3105 2 31 170 M 30
4320 1900 1 2 6 O 10
1900 1901 1 3 15 O 30
1901 1899 1 3 15 M 10
1899 1898 1 3 16 M 20
1898 4320 1 2 9 M 20
1899 3255 2 18 96 O 20
3255 1902 2 65 356 O 30
1916 1917 1 2 10 O 30
1947 1950 2 20 107 M 10
1950 3336 2 7 33 O 20
3336 1947 2 9 47 O 20
1912 3257 2 33 181 O 20
3257 3260 2 7 34 O 20
3260 1907 2 10 52 O 20
1907 3258 2 18 97 O 10
3258 131 2 8 40 O 20
131 1896 2 12 66 M 10
1946 1944 2 5 23 O 20
1889 1887 2 15 81 O 30
1910 1914 2 5 25 O 20
1927 1928 2 13 72 O 10
1943 1941 2 7 35 O 10
1891 402 2 2 8 O 10
402 1893 2 2 8 O 30
1893 1894 2 4 18 O 30
1894 4498 2 6 29 O 20
4498 4497 2 5 25 O 30
4497 1894 2 4 17 M 10
3338 1938 2 15 83 O 30
1940 1941 2 6 30 O 10
1941 1942 2 8 43 O 10
1903 4145 2 2 10 O 30
1918 1924 2 19 101 O 30
1934 1936 2 17 91 O 30
3016 1892 2 16 85 O 20
1900 3249 2 9 47 O 30
3249 1897 2 52 288 O 30
1897 3250 2 33 179 O 20
1901 4324 2 15 80 O 10
4324 4321 2 18 95 M 10
4321 3276 2 17 94 O 10
3276 1920 2 16 88 M 20
1947 1946 2 5 27 O 30
1946 1948 2 9 48 O 10
1907 1910 2 11 60 M 20
1910 1908 2 12 66 O 10
1905 3264 2 13 69 O 30
3264 1913 2 9 46 M 30
1954 1955 2 21 115 O 20
1955 1952 2 34 184 O 20
1951 1952 2 24 128 O 30
1952 4896 2 14 73 M 10
4896 1954 2 3 14 O 10
1954 1956 2 8 42 M 20
1956 1959 2 15 80 O 20
1958 4729 2 36 195 O 30
3239 3355 2 32 177 O 30
3355 3358 2 11 60 O 30
3358 3360 2 18 97 O 30
3360 3353 2 42 230 M 20
3353 3349 2 15 79 O 10
3349 3347 2 15 81 O 20
3347 4382 2 13 69 O 10
4382 1973 2 6 30 O 30
1973 4381 2 8 44 O 10
4381 1975 2 15 79 O 20
1975 1945 2 19 101 M 10
1953 1956 2 19 100 O 20
3659 1958 2 13 67 O 30
1958 1957 2 12 65 O 30
1969 1970 2 9 50 O 20
1984 1979 2 15 80 O 20
1590 1983 2 45 245 M 30
1980 1977 2 14 78 O 20
1985 1986 2 7 35 O 30
1982 1981 2 5 28 O 10
1978 1976 2 7 38 O 30
1972 1974 2 12 64 O 20
1974 1975 2 15 80 O 10
1967 3609 2 2 7 O 20
3609 1965 2 17 91 M 10
1968 1970 2 8 42 M 20
1970 1973 2 17 94 O 20
1971 1974 2 23 122 O 10
1990 1991 1 1 3 O 30
1987 2848 2 109 605 O 10
2848 5098 2 19 103 M 30
4301 4714 1 2 6 O 10
2017 4386 2 7 35 O 30
4386 5392 2 12 62 O 20
2005 2006 1 3 16 M 10
4383 2811 1 2 7 O 20
2013 2015 2 7 34 O 30
2011 2014 2 7 34 O 20
2008 294 2 5 24 M 30
294 4948 2 18 96 M 20
4948 4715 2 26 140 M 10
4715 2006 2 44 241 O 30
1996 2813 2 21 113 O 10
2813 2865 2 37 205 O 30
2865 4720 2 11 60 O 10
2004 2821 2 6 31 M 20
2821 3163 2 29 157 M 10
3163 2843 2 25 136 M 30
2843 2001 2 10 52 M 30
2001 4716 2 14 73 O 10
4716 4951 2 31 167 O 30
2864 1994 2 9 47 O 20
1999 2853 2 13 68 O 20
2853 2852 2 42 232 O 10
2852 2860 2 58 320 O 20
2860 1995 2 19 100 O 30
2810 2818 2 27 144 O 10
1997 1995 2 17 94 O 30
2019 2020 1 26 142 O 10
2913 2921 2 16 85 O 10
2921 2920 2 27 150 O 30
2920 546 2 15 82 O 30
546 2022 2 18 95 O 30
2022 2919 2 12 64 O 10
2919 517 2 16 86 O 30
517 2918 2 15 83 O 20
2918 2944 2 30 166 O 30
2944 2917 2 17 90 O 20
2917 2916 2 42 229 M 30
2916 2039 2 32 172 M 20
2918 2942 2 12 62 O 20
2942 2943 2 86 474 O 10
2945 2023 2 14 76 O 20
2020 4956 2 10 51 O 20
4956 2021 2 20 107 M 30
2027 4022 1 6 32 O 10
2026 1443 2 7 36 O 30
4001 4002 2 36 199 O 30
3641 5494 2 17 93 O 30
3640 4917 2 19 104 O 30
4917 5040 2 5 23 O 10
5493 111 2 25 134 M 30
111 540 2 6 31 M 10
3865 2025 2 32 177 O 20
1467 2612 1 6 0 C 0
3676 2602 2 39 215 O 30
2602 3745 2 24 131 O 20
4130 5360 2 6 30 O 30
5360 3818 2 3 13 M 10
3890 2211 2 48 264 M 20
2211 3969 2 28 151 O 30
172 4089 2 25 135 O 30
4089 4088 2 29 156 O 30
4088 2564 2 49 271 M 10
2038 2037 2 23 126 O 10
2065 3029 2 38 0 C 0
3029 2063 2 58 0 C 0
2063 2086 2 3 0 C 0
2086 2085 2 17 0 C 0
2085 2062 2 11 0 C 0
2046 2044 2 16 86 O 30
2052 2050 2 11 57 O 20
2061 3030 2 36 0 C 0
3039 2047 2 8 41 O 20
2057 2051 2 16 0 C 0
2064 530 2 11 0 C 0
530 533 2 6 0 C 0
533 535 2 1 0 C 0
535 534 2 4 0 C 0
534 532 2 3 0 C 0
532 531 2 4 0 C 0
531 3054 2 16 0 C 0
3054 2375 2 27 0 C 0
2375 3030 2 15 0 C 0
3048 2048 2 13 72 O 30
4151 3028 2 18 0 C 0
3028 3027 2 44 0 C 0
3048 2386 2 12 64 O 30
3032 521 2 22 120 O 30
521 2045 2 17 94 O 30
2033 2035 2 39 212 O 30
3038 2043 2 36 198 O 30
4771 4770 1 2 0 C 0
4770 3027 1 3 0 C 0
3027 4771 1 2 0 C 0
522 2047 2 18 98 O 20
2047 2046 2 6 30 O 10
2046 523 2 7 34 O 30
3619 2071 1 24 0 C 0
2090 632 2 9 0 C 0
632 634 2 8 0 C 0
634 635 2 1 0 C 0
635 630 2 11 0 C 0
630 633 2 6 0 C 0
633 637 2 6 0 C 0
637 631 2 5 0 C 0
631 636 2 2 0 C 0
636 639 2 10 0 C 0
639 640 2 7 0 C 0
2090 2089 1 3 0 C 0
2079 2080 2 9 47 M 20
2082 2081 2 9 50 O 10
2083 2054 2 53 292 O 20
2054 3244 2 6 0 C 0
4169 346 2 6 0 C 0
346 353 2 26 0 C 0
353 2268 2 47 0 C 0
2268 3025 2 37 205 O 20
3025 3525 2 42 232 M 10
3575 2094 2 22 117 O 10
3526 2291 2 14 73 M 10
2291 2098 2 33 183 O 30
2098 2103 2 8 42 M 20
2103 2110 2 15 82 O 30
2110 4425 2 20 111 M 30
4425 22 2 7 36 M 30
22 3577 2 22 117 M 30
3577 1285 2 1 6 O 30
3577 1284 2 14 77 O 10
1284 1041 2 22 118 M 30
1041 1280 2 3 13 O 10
2098 2097 2 32 175 O 20
2101 3517 2 36 195 O 30
3517 2298 2 37 203 M 10
2298 2299 2 29 159 M 30
2105 2102 2 63 349 O 10
2103 2105 2 28 154 O 10
2105 2104 2 13 67 O 10
2107 2581 2 52 286 O 10
4911 1304 2 9 45 M 30
1303 2110 2 69 378 O 30
2113 2112 2 43 239 M 20
945 2296 2 9 46 O 30
2296 2297 2 16 87 O 10
2297 2295 2 21 113 O 20
2116 2129 2 48 262 M 30
2129 2127 2 14 0 C 0
2127 4093 2 5 0 C 0
4093 5312 2 55 0 C 0
2791 3456 2 44 243 M 20
3456 4741 2 49 268 O 30
2227 2765 2 57 312 O 20
2765 3456 2 39 212 O 20
3456 2785 2 13 69 O 20
2785 2787 2 14 72 O 20
2787 1223 2 25 134 O 30
2124 5312 2 34 0 C 0
4511 4555 1 27 0 C 0
2122 2403 1 15 0 C 0
2126 3427 2 117 649 M 20
2128 2129 2 25 134 O 10
2130 4939 2 17 91 O 10
2099 2131 2 29 160 O 10
2986 568 2 19 101 O 10
568 574 2 3 15 M 30
574 571 2 1 3 O 10
3595 2142 2 20 107 O 10
2142 2305 2 39 212 O 10
2143 2146 2 32 174 O 10
2146 2147 2 13 0 C 0
2165 2166 2 28 151 O 30
2172 2174 2 17 93 M 10
2168 2576 2 18 100 O 30
2576 2167 2 20 108 O 20
3593 2161 2 37 202 M 10
2161 3959 2 34 187 O 20
3959 2157 2 37 201 O 20
2154 2159 2 44 242 O 30
2319 2161 2 24 133 O 30
2161 3594 2 27 147 O 30
3594 2159 2 35 190 O 20
2159 2158 2 22 121 O 30
2171 2165 2 39 211 O 20
2152 1092 2 18 100 O 10
2151 2324 2 20 107 O 30
2324 2154 2 4 19 M 10
2154 2155 2 19 104 M 20
2570 2569 2 33 183 O 10
2164 5093 2 90 496 O 10
3964 2150 1 5 24 O 30
2169 2575 2 14 74 M 10
2575 2170 2 14 75 O 10
2170 2171 2 29 161 O 30
2171 2172 2 7 37 M 10
2172 2173 2 27 145 O 10
2175 2174 2 6 31 O 30
2174 2177 2 39 217 O 20
2160 2569 2 31 168 O 30
2569 2168 2 25 136 O 30
2168 2574 2 5 27 O 10
2574 2169 2 11 59 O 30
2169 2573 2 11 59 M 10
2573 2559 2 20 106 O 10
2166 1414 2 23 128 M 10
1414 2173 2 17 93 O 20
2173 1412 2 12 66 O 20
1412 1410 2 9 50 O 10
1410 2178 2 23 123 O 20
2240 4897 2 25 134 O 10
191 2234 2 9 49 O 10
3678 3797 2 44 241 O 10
2183 2193 2 42 230 O 30
2193 2198 2 15 78 O 30
2194 2188 2 27 149 O 20
2188 2432 2 5 27 O 20
2432 78 2 69 379 O 10
4006 2202 1 40 218 M 20
2196 2655 2 32 173 O 10
624 3853 2 40 217 O 30
42 2201 2 27 147 O 20
2201 2489 2 14 74 O 30
2489 2207 2 24 130 O 30
2207 41 2 9 47 O 30
41 40 2 5 24 O 30
40 55 2 10 55 O 10
55 61 2 28 151 O 30
61 3628 2 16 85 M 20
2207 2486 2 26 143 O 30
2486 2200 2 11 56 O 20
2200 2208 2 55 302 O 20
2208 2209 2 8 40 O 10
2195 92 2 38 207 O 30
2246 2245 2 19 105 O 30
2263 2261 2 15 81 M 30
3705 2184 2 6 29 M 10
4612 801 2 22 120 M 10
801 803 2 6 29 O 20
803 1106 2 18 98 M 10
1106 2256 2 66 363 O 30
2256 2255 2 4 17 O 30
2251 560 2 28 150 O 20
560 2248 2 20 107 O 10
2248 2244 2 51 279 M 30
2179 1400 2 5 24 M 20
1400 5311 2 19 104 O 10
2237 2983 2 16 88 O 30
2983 2979 2 4 22 O 20
1521 2450 2 17 92 O 20
2270 5303 2 33 181 O 20
5303 2265 2 26 141 M 20
2236 2245 2 23 123 O 10
2245 2249 2 11 59 O 20
2212 5368 2 44 241 O 30
2197 2489 2 25 136 O 10
48 52 2 12 66 O 20
52 51 2 7 37 M 20
51 2962 2 12 61 O 20
2962 2963 2 16 84 O 30
2963 2498 2 3 15 O 30
2498 2497 2 4 17 O 10
2497 2499 2 14 75 O 30
4204 1373 2 6 33 M 30
1373 1364 2 16 87 O 10
1364 1365 2 21 117 O 30
1365 1367 2 5 24 M 30
1367 1371 2 5 24 O 30
1371 2190 2 14 72 O 30
2190 3795 2 2 9 O 10
2266 2267 2 33 179 M 10
4061 3685 2 12 65 O 30
2205 2523 2 15 79 O 30
2523 2524 2 2 10 O 10
2239 2307 2 41 226 O 20
2307 2260 2 48 264 M 20
2502 2210 2 19 102 O 30
1633 2222 2 57 313 O 20
3601 2182 2 18 95 M 10
2182 2185 2 18 96 O 20
2269 5302 2 18 99 O 20
5302 2677 2 12 64 O 20
2312 4336 2 31 170 O 10
4336 1403 2 29 161 O 10
1403 1406 2 2 10 O 10
1406 1407 2 2 8 O 10
1407 4335 2 9 0 C 0
4335 5311 2 11 0 C 0
414 262 2 2 6 M 30
262 258 2 20 106 O 10
258 261 2 23 122 O 30
261 5046 2 7 34 M 10
2180 1408 2 55 303 O 10
1408 2189 2 32 177 O 10
1636 2228 2 3 15 O 10
2228 2239 2 80 442 O 20
2239 2260 2 51 282 M 20
2260 2264 2 4 19 O 20
2213 2215 2 20 106 O 10
2212 3518 2 55 300 O 10
3518 3465 2 35 192 O 10
3465 2759 2 24 130 M 10
2759 2214 2 26 140 O 30
2214 3462 2 23 125 O 20
2268 2266 2 17 94 M 10
2266 2254 2 30 165 M 10
2257 2553 2 24 128 O 10
2553 2253 2 8 42 O 10
2253 2252 2 30 163 O 20
2241 2233 2 28 153 M 20
2187 50 2 19 104 M 20
50 2495 2 11 59 O 10
2258 2256 2 26 144 O 30
2274 2273 1 4 20 O 30
2273 2272 1 3 12 O 20
2272 2274 1 3 12 O 30
860 2627 1 1 3 O 30
26 2280 2 30 0 C 0
2281 463 2 26 140 M 10
463 466 2 3 0 C 0
466 2282 2 26 0 C 0
2282 2989 2 31 0 C 0
2283 2284 2 97 536 O 10
2287 2286 2 22 0 C 0
2286 3026 2 20 0 C 0
3026 2303 2 22 0 C 0
2285 2990 2 28 0 C 0
2990 2376 2 24 0 C 0
2376 4770 2 21 0 C 0
2287 3433 2 6 0 C 0
2303 2988 2 12 0 C 0
2988 2989 2 55 0 C 0
1052 5416 1 1 0 C 0
5416 3588 1 2 0 C 0
3588 2285 1 3 0 C 0
2285 1052 1 1 0 C 0
4913 3741 2 17 0 C 0
3741 3738 2 13 0 C 0
3738 4496 2 18 0 C 0
3476 4587 2 38 211 O 10
2226 4256 2 7 35 O 10
4256 2352 2 18 97 M 20
2352 2478 2 16 86 M 10
2371 2992 2 73 0 C 0
2288 3974 2 33 178 O 20
3974 2483 2 7 36 O 10
1230 1334 2 10 51 M 10
1334 1336 2 4 19 O 30
1336 1338 2 6 28 O 10
1338 1340 2 4 18 O 10
1340 1342 2 1 5 O 10
1342 1344 2 9 45 O 30
1344 4203 2 10 51 M 20
4203 1346 2 7 37 O 10
1346 1348 2 1 4 O 10
1348 1350 2 4 19 O 30
1350 1354 2 7 38 O 10
1354 1352 2 6 33 M 30
1352 1357 2 10 51 O 10
1357 4343 2 12 62 O 20
4343 541 2 4 19 O 30
4154 3616 2 21 114 M 20
2292 2291 2 15 80 O 30
2294 3025 2 34 185 O 10
2297 3512 2 15 81 O 10
2300 2121 2 38 207 O 20
2304 2799 1 6 0 C 0
1652 1654 2 2 0 C 0
2307 2308 2 19 103 O 10
5432 2309 2 26 140 M 10
2311 2310 2 7 35 M 20
948 1395 2 36 199 M 10
2329 2328 2 22 117 O 20
3598 2330 2 27 0 C 0
2712 2322 2 18 95 O 30
2324 2325 2 23 127 O 20
2412 2334 2 28 152 O 30
2337 4207 2 16 84 O 30
4207 1464 2 47 260 O 10
2396 2392 2 4 22 M 30
2392 3941 2 13 67 O 10
3941 3940 2 2 9 O 20
3940 2400 2 25 137 O 20
2400 2402 2 3 16 O 20
2402 3978 2 7 37 O 20
1460 3691 2 10 52 O 10
1447 5245 2 6 31 M 20
2182 2336 2 18 96 O 20
2339 3998 2 10 52 O 30
2121 2250 2 20 110 M 20
2250 3509 2 16 86 O 20
3509 2115 2 71 390 O 10
2115 2113 2 38 206 O 30
2113 3471 2 5 24 O 10
2250 3877 2 28 154 O 20
4067 2348 2 4 0 C 0
2349 2347 1 13 0 C 0
3748 3747 1 9 0 C 0
2353 2477 2 12 63 O 20
2477 2351 2 3 13 M 30
2351 2474 2 8 41 O 10
3961 2354 2 10 51 O 20
3528 2130 2 36 199 O 30
2130 2099 2 9 48 O 30
2099 2293 2 26 140 O 20
3529 3526 1 3 13 O 30
3526 3527 1 2 9 O 20
3527 3528 1 3 12 M 20
3528 3529 1 2 10 M 30
641 3524 1 1 4 M 20
3524 3812 1 5 26 O 30
3812 3525 1 3 14 O 30
3525 2100 1 5 22 O 30
2100 641 1 3 12 O 30
3524 2102 2 58 317 O 30
2102 3529 2 31 171 M 10
3575 333 2 22 118 O 30
333 5066 2 18 96 M 10
2100 2101 2 24 130 O 30
2101 2299 2 56 307 O 30
2299 2295 2 37 205 O 20
4959 1485 2 38 207 O 20
1662 2321 1 4 18 O 20
2321 1661 1 19 0 C 0
1570 2366 1 8 41 O 10
2106 2116 1 36 198 M 20
5314 1305 1 33 180 O 30
2779 2780 2 21 0 C 0
2780 2781 2 80 0 C 0
2118 2783 2 28 0 C 0
2783 2782 2 8 41 O 20
2117 3880 2 1 0 C 0
2321 2320 2 29 160 O 30
2373 2072 1 17 0 C 0
1666 2367 1 39 211 O 20
2367 1675 1 75 413 O 10
2117 1659 1 10 0 C 0
1663 2108 1 10 53 O 10
4731 4789 2 14 0 C 0
4633 3625 1 23 0 C 0
1221 1222 2 23 0 C 0
2055 3242 2 23 126 O 10
3431 3430 2 15 81 O 30
2379 5435 2 35 192 O 10
208 1234 2 4 18 O 10
5039 4925 2 7 36 O 20
4925 2381 2 16 86 O 10
4021 3638 2 21 113 O 20
2383 3396 2 25 136 O 30
4586 4791 2 2 8 O 30
4060 4241 2 12 62 O 30
4241 4239 2 9 47 M 20
4239 4249 2 6 31 O 20
4249 4035 2 60 330 M 30
4767 2217 2 5 27 O 20
2387 1627 2 3 0 C 0
4140 5053 1 28 151 O 30
4387 3589 1 15 79 O 10
4597 198 2 10 0 C 0
5052 3168 2 7 38 O 30
3168 3784 2 25 135 O 10
3784 2041 2 42 230 O 10
2913 1226 2 40 219 O 30
623 2028 2 9 45 O 30
3675 5028 1 7 37 O 30
4594 1816 1 29 0 C 0
4597 3703 1 22 0 C 0
3590 3669 1 7 38 O 20
3766 1032 1 47 0 C 0
1225 4633 2 20 0 C 0
3647 4832 1 16 0 C 0
4832 4833 1 16 0 C 0
4833 1648 1 37 0 C 0
1648 4905 1 23 0 C 0
4905 166 1 10 0 C 0
4607 3417 1 12 0 C 0
1439 100 2 32 0 C 0
100 1432 2 31 0 C 0
1432 1431 2 25 0 C 0
1431 3603 2 13 0 C 0
3603 1438 2 7 0 C 0
4651 4652 1 8 0 C 0
3710 3711 1 18 0 C 0
2391 5417 2 8 40 O 30
2393 2392 2 10 50 O 30
2394 3939 2 8 39 O 20
2397 3943 2 11 61 O 10
3943 3944 2 10 53 O 10
3944 3938 2 7 34 O 30
3938 3943 2 4 17 O 20
2401 2402 2 5 25 M 30
2399 2400 2 10 51 O 30
2406 2405 2 6 33 O 10
2405 2404 2 6 32 O 20
2232 2246 2 42 231 O 30
2246 2253 2 43 233 O 10
2332 2408 2 8 39 O 10
3670 2429 2 15 78 M 20
2430 5427 2 8 39 M 30
5426 2430 2 2 10 O 10
2434 95 2 20 108 O 30
2432 2431 2 9 45 M 30
2431 2188 2 2 10 O 10
2438 2436 2 4 18 O 20
2437 1519 2 5 25 O 20
2435 1518 2 5 23 O 20
2443 2441 1 2 7 M 30
2441 2442 1 2 7 O 30
2442 2445 1 2 7 O 30
2445 2446 1 3 11 O 10
2446 2444 1 3 12 O 30
2444 2443 1 1 2 O 20
2439 2440 2 3 13 M 30
1519 2436 2 3 16 O 20
2436 1520 2 15 82 O 20
2448 2215 1 9 45 M 10
2215 2447 1 6 33 M 30
2447 2448 1 3 13 O 10
2448 4041 2 8 42 M 10
4041 2218 2 3 12 M 10
2218 4045 2 12 65 O 30
4045 2220 2 5 24 O 10
2220 4259 2 19 102 M 10
3630 4604 2 3 14 O 20
4609 3945 1 9 49 O 10
3945 3948 1 12 64 O 20
3948 1503 1 18 95 O 30
1503 3400 1 5 25 O 10
3665 4610 1 30 166 O 10
4610 4611 1 21 116 O 20
4611 1641 1 3 15 O 30
2452 2454 2 5 24 O 30
2454 2453 2 3 15 O 10
4752 2455 1 2 10 M 10
2455 4751 1 3 15 O 30
4751 4752 1 3 15 M 20
2460 2458 2 4 21 O 20
2458 2459 2 2 10 O 20
2459 2460 2 3 12 M 30
2288 2350 2 24 132 O 30
2463 2461 2 6 31 O 10
2461 2462 2 6 29 O 20
37 2464 2 5 27 O 10
2464 2465 2 5 28 O 20
4757 2468 2 3 15 O 20
2468 4756 2 4 20 O 10
4756 4757 2 4 20 M 30
4759 2473 2 2 11 O 30
2473 4758 2 3 15 O 10
4758 4759 2 3 15 O 30
2471 2473 2 7 33 O 10
2472 2469 2 7 35 O 30
4755 2469 1 2 9 O 30
2469 4754 1 4 17 O 30
4754 4755 1 3 15 O 20
2477 2476 1 4 18 O 30
2476 2351 1 4 17 O 20
4761 68 1 3 14 O 20
68 4760 1 3 16 O 30
4760 4761 1 3 14 O 20
2456 2457 2 5 26 O 20
2481 2479 2 10 50 O 20
2476 2475 2 12 63 O 10
1058 2484 1 3 12 O 10
2484 1057 1 3 15 M 20
1057 1058 1 3 16 O 30
1060 2487 1 3 14 O 10
2487 1059 1 3 16 O 30
1059 1060 1 3 14 O 10
1056 2485 1 3 16 O 20
2485 1055 1 3 14 O 20
1055 1056 1 3 13 O 10
2490 4768 1 5 23 M 10
4768 4769 1 3 11 O 10
4769 2490 1 2 10 O 30
1068 2492 1 3 12 M 20
2492 1067 1 4 17 O 10
1067 1068 1 4 17 M 10
2025 1233 2 4 21 M 20
2498 2496 2 6 32 M 10
2496 2497 2 5 28 M 20
2500 2501 2 6 32 M 10
2501 47 2 6 29 M 30
71 2507 2 7 36 O 10
3248 73 2 9 50 O 10
73 2504 2 13 68 O 20
2506 2504 1 3 12 M 30
2504 2505 1 2 10 O 30
2505 2506 1 1 3 O 10
2503 3248 1 6 29 O 20
2506 2534 2 5 26 O 30
2512 2511 2 3 15 O 10
2511 2510 2 4 22 O 30
2511 2513 2 18 96 O 10
2521 2522 2 3 12 M 20
2519 2521 2 11 59 M 10
2521 2520 2 2 8 O 10
3247 2518 2 3 13 M 30
2516 2514 2 2 9 M 10
2515 2514 2 2 8 O 10
2514 2355 2 19 100 O 20
2523 2525 2 2 9 O 20
2356 4327 2 33 178 O 20
4471 367 2 28 152 O 30
367 2529 2 13 0 C 0
2534 4942 2 2 10 O 20
4942 4940 2 4 17 M 20
4940 2533 2 12 65 O 30
2534 2537 2 14 76 O 30
2537 2538 2 4 17 O 10
2536 2535 2 3 12 O 20
2536 2537 1 16 84 M 10
2538 2536 1 15 82 M 20
2790 2548 2 7 37 O 30
2551 2265 2 5 22 M 20
2265 610 2 43 238 O 30
610 2270 2 12 0 C 0
2270 2269 2 9 0 C 0
2269 3565 2 27 0 C 0
2255 3412 2 24 130 O 10
2553 2552 2 16 85 O 20
5243 4897 2 5 27 M 20
4897 2242 2 14 74 O 20
2114 2235 2 11 56 O 10
1444 4795 2 3 14 M 20
2198 2555 2 7 34 O 30
982 3599 2 6 31 O 20
1490 1569 1 31 170 O 20
2557 2558 2 29 0 C 0
2560 4501 2 26 144 O 10
5018 2563 2 8 43 O 30
2318 2316 2 35 190 O 10
2564 2407 2 55 303 O 10
3463 2565 2 9 48 O 30
2565 2566 2 13 69 O 30
2736 3841 2 10 55 O 30
2567 2713 2 68 372 O 30
2713 2568 2 37 202 M 30
2705 1481 2 23 127 M 10
2569 2162 2 39 215 O 10
2572 2573 2 28 153 O 30
2574 5337 1 3 15 O 20
5337 5339 1 7 34 O 30
5339 2575 1 15 81 O 20
2576 2577 2 9 48 O 20
2579 2580 2 9 46 M 10
2582 1177 2 7 36 M 10
2584 2585 2 4 21 O 30
2586 2587 2 18 96 M 10
2588 3846 1 13 67 O 20
3846 4094 1 14 75 O 30
2590 2419 2 22 117 O 30
2591 2592 2 18 96 O 20
2595 5016 2 8 41 O 10
5016 3863 2 26 141 M 20
2323 2763 2 36 198 O 30
2763 2760 2 12 67 M 10
2760 2596 2 6 33 O 30
2596 2597 2 18 98 O 30
2219 3678 2 70 387 O 20
2598 2599 2 39 215 M 10
3891 3892 2 70 385 O 20
3892 2600 2 10 53 O 10
2604 175 2 37 202 O 10
175 2602 2 33 183 O 30
4286 2603 2 2 8 O 30
2758 2757 2 20 109 O 20
2757 2331 2 3 13 M 20
2605 3636 2 41 223 O 10
2606 2368 2 2 6 O 20
2609 2784 2 3 12 O 20
2607 5319 1 23 126 O 10
5319 2608 1 14 74 M 10
2608 2786 1 10 55 O 20
2747 2746 2 24 129 O 10
2410 2611 2 16 84 O 10
2421 2422 2 27 145 M 30
1205 171 2 21 115 O 10
171 5331 2 31 172 M 10
2688 5085 2 11 58 O 30
2948 2949 2 18 96 O 30
2949 2950 2 17 89 M 10
3148 2079 2 30 165 O 30
2079 2914 2 2 8 O 10
2914 2950 2 53 291 O 20
926 2948 2 15 82 O 10
927 3167 2 24 131 O 10
3833 2668 1 83 0 C 0
2668 4215 1 44 0 C 0
3614 969 2 23 0 C 0
969 4672 2 14 0 C 0
4672 970 2 5 0 C 0
970 971 2 4 0 C 0
971 925 2 14 0 C 0
925 974 2 18 0 C 0
974 4671 2 22 0 C 0
4674 4673 2 29 0 C 0
2614 2615 2 11 61 M 20
2616 2614 1 2 9 O 10
2614 2617 1 6 30 M 20
2617 2618 1 3 15 O 20
2618 2616 1 2 6 O 20
2619 4353 1 14 74 O 20
4353 4971 1 3 12 O 10
4971 2619 1 16 86 O 10
2619 2617 2 10 51 M 20
2620 2621 2 4 17 M 10
2621 728 2 2 9 O 30
728 2622 2 1 5 O 30
2623 2624 2 3 14 O 30
2624 2625 2 2 6 O 30
2624 763 2 8 40 O 30
763 761 2 3 12 O 30
761 3075 2 8 39 O 20
2626 711 2 5 25 M 10
711 714 2 4 20 O 30
714 719 2 5 24 O 20
719 717 2 2 9 M 30
717 723 2 2 11 O 20
723 721 2 1 4 M 20
721 725 2 6 30 O 20
725 2621 2 4 19 O 30
1983 1985 2 6 32 O 20
1985 1981 2 15 81 O 10
1981 1978 2 9 45 O 10
1978 1983 2 18 96 M 20
4720 2861 2 8 39 O 30
2861 2871 2 34 188 O 30
2871 2812 2 12 65 O 30
2812 2877 2 20 106 O 20
2877 4719 2 19 102 O 20
4150 1054 2 2 0 C 0
1054 1053 2 6 0 C 0
1053 437 2 13 0 C 0
437 468 2 1 0 C 0
468 2659 2 38 210 M 30
2234 3629 2 3 15 M 20
3706 4469 2 9 49 O 30
4469 4467 2 6 28 O 10
4467 4463 2 11 61 O 10
4463 2274 2 28 153 O 10
2628 2629 2 14 77 O 10
2629 2630 2 9 44 O 20
2631 2629 2 16 84 M 30
2632 2633 2 7 39 O 20
2634 2633 2 3 13 O 10
2633 2635 2 2 11 M 10
2885 2886 2 12 62 O 20
2637 2642 1 2 0 C 0
129 2641 1 4 0 C 0
4632 2301 1 11 0 C 0
2301 5036 1 4 0 C 0
5036 5035 1 6 0 C 0
5035 3710 1 14 0 C 0
2644 2645 2 8 41 O 30
934 2645 1 1 3 O 20
4783 2528 2 1 0 C 0
983 91 2 18 99 O 10
2658 3600 2 5 26 O 30
3600 983 2 4 18 M 30
2654 3476 2 20 110 O 10
3476 3442 2 15 79 O 20
4065 3470 1 35 194 O 30
2652 4924 2 8 43 M 20
4924 2380 2 4 17 M 30
1007 4210 2 2 10 O 20
4210 861 2 21 117 O 10
2657 2656 2 2 9 O 30
2656 2655 2 8 39 O 10
4159 421 2 20 111 O 10
421 429 2 19 101 O 20
429 4415 2 14 72 O 30
4415 1822 2 49 269 O 30
1822 4535 2 22 120 O 20
4317 4872 2 17 94 O 10
2550 2532 2 43 0 C 0
2532 1181 2 56 0 C 0
5060 4628 1 7 0 C 0
5213 4797 1 9 0 C 0
2378 5214 1 11 0 C 0
1222 1225 2 16 0 C 0
269 3825 2 23 0 C 0
1094 2139 1 22 0 C 0
2139 4637 1 10 0 C 0
4640 5240 1 14 0 C 0
2677 2676 2 3 11 M 20
3541 135 1 11 0 C 0
1846 1848 1 4 19 O 30
2531 1180 2 6 0 C 0
4153 133 2 8 0 C 0
1540 519 1 20 0 C 0
519 518 1 2 0 C 0
518 1531 1 24 0 C 0
1540 1533 2 2 0 C 0
4461 1536 1 9 47 O 20
1536 4723 1 7 36 O 30
4723 1539 1 2 8 O 30
1539 1729 1 5 25 O 10
1729 4212 1 49 270 O 20
1761 4728 1 2 0 C 0
952 4674 2 88 0 C 0
4581 5352 1 7 0 C 0
5352 5353 1 7 0 C 0
5353 5351 1 8 0 C 0
5351 4263 1 17 0 C 0
4263 4580 1 6 0 C 0
4580 4578 1 18 0 C 0
2679 4581 1 23 0 C 0
2480 2680 1 10 55 O 10
2979 2982 2 12 63 O 30
2982 2977 2 13 67 O 20
2977 2680 2 3 11 O 10
2680 2681 1 12 62 O 20
2681 2480 1 4 19 M 30
3716 1533 1 37 0 C 0
2615 1538 1 57 315 O 10
1538 102 1 2 8 M 10
102 4251 1 9 46 M 30
1533 1762 2 14 0 C 0
1762 1759 2 6 0 C 0
1759 1758 2 5 0 C 0
1758 1731 2 16 87 O 20
1731 1755 2 3 15 O 10
1755 3181 2 21 112 O 10
4682 4683 1 37 0 C 0
4682 4684 1 3 0 C 0
1790 1792 1 8 0 C 0
1795 1796 1 5 24 O 10
1796 1182 1 3 12 O 30
1182 1795 1 3 14 O 20
2682 2278 1 2 0 C 0
2278 2279 1 2 0 C 0
2279 2682 1 3 0 C 0
25 2550 2 50 0 C 0
3007 1783 1 3 11 O 30
1783 1784 1 3 16 M 10
1775 1774 1 4 22 O 30
2684 2280 1 2 0 C 0
1774 1773 1 2 9 O 30
1773 1775 1 2 10 O 10
3380 3373 2 56 308 O 20
2280 2683 1 4 0 C 0
2683 2684 1 2 0 C 0
2302 5215 1 11 0 C 0
2792 2024 1 4 18 O 30
3534 4358 1 15 82 M 30
4358 378 1 1 3 O 10
378 5196 1 6 28 O 20
2016 4385 1 3 14 O 10
5 3078 1 14 0 C 0
4364 4707 1 2 6 O 10
1623 3721 1 33 0 C 0
4692 5221 1 17 0 C 0
976 2061 2 11 0 C 0
3023 3024 1 1 5 M 10
3024 1483 1 7 33 O 30
1483 3023 1 2 10 O 20
3137 3138 2 9 48 O 30
3395 2030 2 32 177 O 20
2385 2588 2 14 73 O 20
2588 2384 2 18 97 O 10
3397 3398 1 2 8 O 10
3398 3396 1 3 12 O 30
3396 3395 1 3 12 O 20
3395 2385 1 3 12 O 10
2385 3397 1 1 3 O 10
3676 2651 2 34 184 O 30
2651 2650 2 25 137 O 20
3433 3434 2 12 0 C 0
3434 3435 2 15 0 C 0
3437 3438 2 3 14 O 30
3438 3436 2 6 31 O 20
3436 1456 2 25 136 O 10
1456 2449 2 12 63 M 10
3440 3439 2 12 61 O 30
3692 3443 1 6 33 O 20
1043 179 2 10 0 C 0
4586 3441 1 2 11 O 30
3441 3442 1 3 13 O 20
3442 4586 1 2 11 O 30
1768 3744 2 28 0 C 0
3445 3444 2 22 122 M 10
5344 3446 1 6 28 O 30
3446 1539 1 6 30 O 30
1539 1538 1 2 11 O 20
3627 4630 1 4 0 C 0
4629 3626 1 3 0 C 0
124 4625 1 16 0 C 0
1149 5257 2 7 0 C 0
5257 2074 2 32 0 C 0
3451 3452 2 11 60 O 10
2362 3788 2 23 0 C 0
1140 2359 1 12 0 C 0
1685 2363 1 29 0 C 0
2361 979 1 10 0 C 0
979 1004 1 5 0 C 0
3815 1040 1 5 0 C 0
4649 3453 1 13 0 C 0
1684 4416 1 17 0 C 0
3561 3454 1 17 0 C 0
99 2528 1 23 0 C 0
4654 4658 1 1 0 C 0
384 1446 2 5 26 O 30
3484 3483 1 2 8 M 20
3483 4132 1 4 20 M 10
4132 3485 1 3 14 O 30
3485 3484 1 2 11 M 10
3486 3487 2 18 95 O 10
5242 4774 1 47 261 O 20
3644 4606 2 3 0 C 0
1549 4794 2 3 15 O 20
4794 4611 2 47 259 O 10
3504 1018 2 54 299 M 20
1018 4838 2 20 111 O 20
4838 2217 2 2 10 O 10
2217 2216 2 12 64 O 20
2216 3872 2 14 73 O 10
4608 2135 1 3 0 C 0
5038 3403 1 53 0 C 0
3403 3645 1 33 0 C 0
3645 3646 1 44 0 C 0
3646 3704 1 10 0 C 0
3704 3701 1 8 0 C 0
3701 2377 1 6 0 C 0
1467 5086 2 1 0 C 0
5086 4170 2 5 0 C 0
3768 3769 2 45 248 O 10
3519 3518 2 11 58 O 30
2545 4634 1 6 0 C 0
1707 1705 1 5 25 O 30
1705 1708 1 6 32 O 10
1708 1707 1 5 26 O 20
4642 3619 1 23 0 C 0
1569 3895 1 53 293 O 30
3624 1046 2 4 0 C 0
1046 1045 2 5 0 C 0
1045 1224 2 14 0 C 0
3609 3610 2 4 18 O 20
3612 4356 1 10 54 O 20
3250 3251 2 34 188 O 30
3251 1888 2 78 428 O 30
1888 3250 2 63 345 O 30
4222 3615 2 2 0 C 0
3615 3764 2 13 0 C 0
4555 2122 1 9 0 C 0
4749 3653 1 3 0 C 0
3658 1592 2 3 14 M 20
3657 3662 2 15 83 O 10
4671 973 2 18 0 C 0
973 4670 2 17 0 C 0
4670 5325 2 7 0 C 0
5325 972 2 21 0 C 0
972 4669 2 36 0 C 0
4669 4556 2 16 0 C 0
3682 3681 1 34 0 C 0
3697 3696 2 4 18 O 10
3695 3693 2 7 34 O 30
3698 3697 2 7 35 O 30
3697 3695 2 7 34 O 30
3695 3694 2 3 16 M 10
1507 3699 2 9 47 O 20
5432 3700 2 15 79 O 10
5207 1567 2 16 0 C 0
4473 3735 2 7 0 C 0
3735 3845 2 6 0 C 0
4180 1320 2 13 72 M 10
1320 1324 2 9 49 O 10
1324 4062 2 1 5 O 10
3746 3905 2 16 86 O 30
3861 3862 2 4 0 C 0
1171 168 2 99 550 O 30
168 2032 2 4 20 O 10
2032 169 2 72 398 O 10
4284 169 2 28 153 O 20
169 3891 2 6 29 M 30
3891 931 2 13 71 M 30
931 3889 2 15 81 O 10
3889 3893 2 5 25 O 30
3893 2649 2 28 151 O 10
3781 3782 1 6 30 M 30
3789 3790 2 14 77 M 30
3791 3792 2 6 32 M 30
3794 3761 1 8 39 M 20
2191 2190 1 7 34 O 30
141 142 2 6 30 O 20
3799 3800 1 1 4 O 20
3800 3798 1 2 9 O 20
3798 2224 1 2 8 M 30
2224 3797 1 2 10 O 20
3797 3799 1 1 5 O 30
3800 2326 2 69 381 M 30
2326 2227 2 18 96 O 20
2227 3459 2 19 102 M 30
3459 2327 2 36 196 O 10
1511 3796 1 6 29 O 30
3796 3801 1 4 18 O 20
3801 1511 1 3 13 O 10
3810 3806 2 4 22 O 30
3806 3808 2 4 17 O 30
3808 4092 2 4 18 O 20
4092 3802 2 4 17 M 20
3803 4092 2 9 50 M 30
3805 3806 2 5 23 O 20
3806 3807 2 11 58 O 30
4094 2589 1 30 162 O 10
2759 2761 2 24 129 O 30
2761 2760 2 23 127 O 30
3884 3731 2 103 567 O 30
3010 1778 2 13 0 C 0
1778 3374 2 10 0 C 0
3374 3373 2 17 0 C 0
2176 2559 1 3 13 O 30
2559 2560 1 3 12 O 30
2560 2561 1 3 13 O 30
2561 2176 1 3 15 M 10
4508 4509 2 5 23 O 10
3816 3817 2 7 38 O 30
140 2729 2 34 185 O 20
2721 2722 2 40 217 M 30
2722 3457 2 57 311 O 30
4095 1201 2 8 39 M 20
1201 3879 2 6 31 O 20
3879 2802 2 3 14 O 20
2802 4099 2 8 44 O 30
4099 2031 2 2 6 O 10
3822 3821 1 1 2 O 30
3821 5361 1 1 2 O 20
5361 3819 1 3 15 M 30
3819 3818 1 2 6 O 10
3818 3820 1 3 16 O 30
3820 3822 1 2 11 O 10
1496 1229 2 33 180 O 20
4149 498 1 17 90 M 20
498 4148 1 23 126 O 10
3824 3663 2 3 12 O 30
3339 3824 2 22 118 O 10
3825 3624 2 13 0 C 0
3622 2665 2 17 0 C 0
2665 5080 2 2 0 C 0
5080 1546 2 24 0 C 0
1546 1525 2 42 0 C 0
1525 1544 2 21 0 C 0
1544 3623 2 31 0 C 0
3826 3827 2 17 94 O 30
1168 4228 2 16 0 C 0
3837 4785 1 3 0 C 0
1038 3815 1 11 0 C 0
3838 4228 2 11 0 C 0
1437 3838 2 11 0 C 0
5237 3537 2 10 0 C 0
3385 3378 2 28 0 C 0
3378 3382 2 36 0 C 0
3382 3379 2 34 188 O 10
3379 3380 2 18 97 O 10
1807 1808 1 16 84 O 10
1805 4811 2 3 14 O 10
4811 385 2 13 68 O 20
385 388 2 4 19 O 20
388 4338 2 1 4 O 30
3406 109 2 10 0 C 0
109 117 2 30 0 C 0
117 118 2 11 0 C 0
118 3136 2 23 0 C 0
3136 5216 2 34 0 C 0
3842 3843 2 19 101 M 30
2764 2766 2 27 150 O 20
2766 2329 2 12 64 M 20
2329 2765 2 15 83 O 30
2765 2241 2 29 160 O 20
2241 143 2 35 191 O 20
5206 5207 2 9 0 C 0
1564 3911 2 14 0 C 0
3911 1566 2 11 0 C 0
1566 280 2 32 0 C 0
3844 3846 2 15 79 O 10
3849 4036 2 22 122 O 30
4036 1157 2 13 72 O 20
1157 1156 2 2 8 O 10
4033 4032 1 13 70 O 30
3850 284 2 9 46 O 20
3564 3406 2 9 0 C 0
3852 2342 2 2 6 O 20
2450 4258 2 21 112 O 30
4054 3691 2 10 53 O 20
3856 4257 2 7 36 O 30
4257 3857 2 3 12 O 30
2277 3856 2 9 48 M 20
2479 2288 2 9 47 O 20
3854 2273 2 9 45 O 20
3853 3854 2 24 129 O 20
3859 3858 2 9 0 C 0
1629 3592 2 14 0 C 0
3021 5146 2 3 0 C 0
5146 3860 2 3 0 C 0
928 3861 2 9 0 C 0
3862 4222 2 8 0 C 0
3764 3864 2 14 75 O 30
538 928 2 7 0 C 0
207 4074 2 6 31 O 30
4074 3866 2 3 16 O 30
2653 3763 2 5 25 M 10
3763 3867 2 7 36 O 30
3867 4136 2 5 25 O 20
4136 3868 2 2 6 O 10
3877 2247 2 10 54 M 10
3871 5439 2 5 28 O 10
3872 3871 2 5 28 O 10
3869 861 2 4 21 O 30
5440 3869 2 23 125 O 20
2112 3873 2 20 111 O 10
3873 2114 2 18 98 M 30
2114 4262 2 20 109 O 30
3780 3874 2 38 207 M 20
3876 2247 2 10 50 O 30
3874 4262 2 10 51 O 10
4262 3875 2 9 47 M 10
3875 2240 2 21 114 M 30
2240 3876 2 11 57 M 20
3540 1625 1 5 0 C 0
1148 4850 1 43 0 C 0
197 196 2 3 0 C 0
5094 197 2 7 0 C 0
3880 2118 2 1 0 C 0
1995 2855 2 17 91 O 30
2855 2854 2 16 87 M 20
2854 1999 2 24 131 O 20
3345 3346 2 9 48 O 30
4540 4541 2 24 129 M 30
5177 5190 2 13 72 M 10
3897 3501 1 4 20 O 20
3498 1246 1 6 29 O 20
3905 3907 1 4 22 O 20
3770 3906 1 6 30 O 20
3912 3913 2 16 86 M 10
1880 5454 2 5 27 O 30
5454 1879 2 3 16 M 30
5135 1612 1 19 100 O 30
1612 1608 1 22 122 M 10
3921 3922 1 17 91 O 20
3922 1664 1 2 10 O 30
3922 3923 2 9 45 O 10
2565 3924 2 6 30 O 30
3925 3926 2 4 21 O 30
3926 3927 2 9 47 O 30
3926 3928 2 6 28 O 30
5141 5142 2 7 37 O 10
1614 3935 2 12 66 O 10
1610 3934 2 7 35 O 30
5137 5138 2 8 41 M 20
3932 3929 2 11 59 M 30
1615 1618 2 6 29 O 10
5186 1609 2 15 80 O 20
1609 1608 2 6 30 O 20
524 2084 2 24 129 O 30
2084 2054 2 27 148 O 30
4798 3936 2 17 93 O 20
3933 3931 2 8 43 O 10
1606 3930 2 5 25 O 10
2084 3937 2 10 55 O 20
3940 2338 1 17 89 O 10
3942 2395 1 7 37 M 30
2341 3942 1 6 32 O 30
2338 3941 1 15 81 M 30
2340 2395 1 3 13 M 10
2395 2397 1 4 19 M 30
2397 2394 1 2 10 O 10
2394 2341 1 4 20 M 10
2341 2340 1 1 5 O 30
2338 2339 2 6 28 O 20
2339 3942 2 12 65 O 30
3945 3946 2 10 52 O 20
3946 3948 2 6 30 O 30
3949 3947 2 7 35 O 30
3947 3630 2 5 24 O 20
3950 3953 2 5 27 O 30
3953 3952 2 9 48 O 20
3951 3953 2 9 47 M 30
3596 3957 1 7 0 C 0
196 3958 2 16 87 O 20
3959 3960 2 11 57 M 10
3961 2692 2 3 15 O 20
3963 3964 1 5 24 M 10
3964 2151 2 12 66 O 30
2151 2152 2 39 215 O 10
2152 2317 2 45 250 O 30
3965 3968 2 10 50 O 20
3968 3966 2 8 40 O 20
3966 3967 2 1 3 O 10
3967 3968 2 4 17 M 20
3970 2795 2 12 62 O 20
2795 1512 2 17 89 O 20
1512 173 2 22 122 O 10
2229 4020 2 7 38 O 10
4020 5438 2 69 382 O 30
3971 4225 2 14 76 M 20
4200 1494 2 26 144 O 10
3977 4200 2 23 126 O 30
4198 4915 2 3 16 O 20
4915 4893 2 4 22 O 20
4185 3972 1 4 19 M 30
1494 4185 2 34 184 M 10
3685 4154 2 28 154 O 10
3976 3973 2 5 27 O 30
3974 2482 2 12 63 O 10
3416 5087 2 31 171 O 20
5087 1675 2 6 31 O 20
2997 3975 2 4 17 O 20
3954 3978 1 13 70 O 30
3979 3556 2 2 0 C 0
280 3979 2 1 0 C 0
4127 3980 2 28 153 O 10
3980 2104 2 6 28 O 30
2794 2148 2 38 0 C 0
2148 2306 2 14 0 C 0
2306 3596 2 24 0 C 0
3596 2145 2 7 0 C 0
2145 195 2 1 0 C 0
149 3983 2 6 32 O 10
3985 3986 2 11 59 O 30
3989 3988 1 739 0 C 0
3988 4481 1 358 1983 O 30
4482 3993 1 328 1818 O 10
3993 3992 1 736 0 C 0
3994 3990 1 204 0 C 0
5234 4846 1 136 0 C 0
3995 3993 1 190 1055 O 30
3988 3996 1 180 996 O 10
2185 92 2 15 79 M 30
92 3687 2 30 165 O 10
4083 5267 2 5 26 O 10
5267 988 2 12 66 O 10
79 5261 2 43 237 O 10
5261 80 2 14 76 O 30
5431 5430 2 48 265 O 30
5430 5424 2 18 97 O 20
5424 5425 2 19 102 O 10
5425 2272 2 11 57 O 30
2390 77 2 21 116 O 30
2508 74 2 26 139 O 30
74 5427 2 24 130 M 10
5423 5428 2 18 98 O 20
5429 5430 2 19 104 O 30
986 4000 2 3 14 O 20
4793 1549 2 3 12 O 30
3691 4790 2 3 16 O 30
987 4000 1 4 22 O 10
986 987 1 5 25 M 10
4000 5284 2 11 58 M 10
5284 5308 2 36 198 O 20
5308 4084 2 2 7 O 10
4002 4139 2 24 132 O 20
1443 400 2 3 13 M 20
400 4243 2 37 203 M 10
4243 4245 2 18 96 O 20
4245 4001 2 13 72 M 30
2202 4007 1 12 65 O 30
4007 4006 1 26 141 M 30
4005 4004 2 8 40 O 10
3729 5286 2 26 143 M 30
5286 5289 2 1 4 O 20
5289 5290 2 11 57 O 10
5290 5292 2 5 24 O 10
5292 5294 2 8 40 O 20
5294 4009 2 4 18 O 30
980 4010 2 2 6 M 20
4173 1513 2 14 73 M 10
1504 4012 2 25 136 O 10
4013 4014 2 12 63 O 30
4014 4015 2 25 137 M 30
4016 4017 2 8 41 O 20
4018 3504 1 3 15 O 30
3504 3505 1 3 15 O 20
3505 2223 1 3 12 O 20
2223 4018 1 1 2 M 30
4020 4121 2 40 218 O 20
4121 4123 2 3 15 M 10
4123 5225 2 5 25 M 10
5225 4019 2 3 14 O 10
4038 5441 2 2 9 M 20
5441 4037 2 4 17 O 10
2428 3688 2 9 47 O 30
5445 4032 2 3 14 O 20
4032 4034 2 13 69 O 30
4056 4058 2 2 11 O 10
4043 4042 2 3 12 O 10
2220 4050 2 11 57 O 20
4050 4051 2 3 13 M 10
4041 4043 2 15 83 O 30
4043 4044 2 7 35 O 10
4049 4047 2 1 4 O 10
4047 4046 2 2 9 O 10
4050 4052 2 7 36 O 10
4045 4047 2 12 62 O 20
4047 4048 2 7 33 O 20
2513 4056 2 9 45 O 10
4056 4057 2 6 30 O 30
3864 4061 2 9 47 O 30
4062 1311 2 7 35 O 10
1311 3617 2 5 24 M 30
1445 3617 2 5 26 O 30
4962 4029 1 30 165 O 20
4025 4026 2 5 23 O 30
2380 4025 2 4 20 O 20
1575 5483 1 7 34 O 30
5483 1576 1 5 24 O 10
2029 2652 2 8 39 M 20
4024 2029 2 15 79 O 30
1670 1575 1 8 44 O 20
5065 4188 1 33 178 M 20
3469 1447 1 9 49 O 10
207 965 2 12 66 O 20
965 2494 2 4 21 O 30
3470 293 1 15 81 M 10
3768 3851 1 9 48 O 20
5034 2349 1 20 109 O 20
2349 5334 1 12 0 C 0
5334 3671 1 2 0 C 0
4026 4028 2 3 16 O 20
4028 5064 2 4 22 O 20
5064 4069 2 6 30 M 10
4069 4070 2 4 18 O 20
4070 207 2 3 17 M 20
3899 1572 1 19 100 O 20
1636 4066 1 5 22 O 20
4613 2229 1 8 40 O 10
2229 1636 1 9 47 M 20
4059 1638 1 13 68 O 10
1638 4613 1 23 123 O 30
1641 3955 1 8 43 O 20
5045 2231 1 12 63 M 30
3955 3503 1 13 72 O 20
4260 1642 1 15 79 O 20
1632 3780 1 16 87 O 10
1241 3779 1 19 104 O 30
4055 4615 1 10 52 O 10
1637 2342 1 12 66 O 30
3400 4260 1 23 123 M 20
3780 1634 1 11 56 O 20
4066 4614 1 38 210 O 30
3503 4059 1 26 142 O 10
1642 3571 1 24 131 M 20
1243 1681 1 9 46 O 30
3483 3636 2 20 111 O 20
4187 1332 2 8 44 O 10
1332 3794 2 15 80 O 20
4067 4068 2 26 142 O 30
4073 4072 2 2 6 O 10
4074 4073 2 5 23 O 20
4073 4071 2 5 24 O 10
4070 4072 2 5 23 M 30
4072 4071 2 4 19 O 10
4071 4069 2 5 24 M 30
4078 4079 2 5 27 O 10
4077 4076 2 3 12 M 20
4080 4081 2 5 28 O 20
4077 4078 2 1 5 O 10
4078 4080 2 4 19 O 10
4080 4082 2 9 47 O 30
4075 4077 2 8 40 O 10
988 214 2 16 86 M 30
214 4174 2 6 32 O 10
987 4083 2 15 80 O 20
4084 985 2 6 32 O 20
626 4011 2 13 67 O 20
985 3997 2 3 14 O 20
984 2199 2 7 38 O 30
2199 2195 2 17 94 O 20
4085 4087 2 10 53 O 20
4137 4088 2 22 118 M 10
4090 4089 2 18 98 O 20
4092 3804 2 8 40 O 20
3969 2384 1 2 11 M 20
2384 3970 1 3 12 O 10
3970 3969 1 3 16 O 10
4478 4098 2 5 27 O 20
4096 3804 2 2 8 O 20
3804 4097 2 4 17 O 20
3807 3808 2 8 39 M 30
3808 3809 2 5 25 O 20
4107 5471 2 7 33 O 10
4910 4102 2 8 40 O 30
4102 4106 2 10 54 O 20
4106 4104 2 28 153 M 10
4104 4101 2 9 47 O 10
4101 4102 2 10 55 O 10
4101 4100 2 3 14 O 10
4106 4105 2 5 26 O 30
4105 4104 2 3 12 O 10
4104 4103 2 3 15 O 30
4110 4108 2 24 0 C 0
2296 3511 2 84 462 O 30
4218 3813 1 9 0 C 0
1003 4226 1 8 0 C 0
4111 4218 1 10 0 C 0
4068 4112 2 4 20 O 10
4112 4113 2 6 29 M 10
4113 4114 2 15 81 O 20
4114 4115 2 10 51 O 10
1466 5495 2 10 51 O 20
5495 208 2 2 6 O 30
3638 1466 2 14 77 M 30
3464 3631 2 8 44 O 10
30 29 2 15 81 M 20
29 28 2 60 332 O 20
28 2358 2 20 109 O 30
2358 2355 2 23 124 O 20
2355 1468 2 31 172 O 20
1468 2499 2 39 216 O 20
4117 3580 2 14 75 M 30
4118 5500 1 2 9 O 10
5500 4119 1 2 9 O 20
2805 4120 1 13 69 O 20
4120 2806 1 4 22 O 30
4121 4122 2 6 28 O 20
4122 4123 2 3 13 O 10
4121 4124 2 5 26 M 10
4124 4125 2 5 26 M 30
4125 4126 2 5 26 O 10
4126 4124 2 5 26 O 30
2333 2741 2 10 53 O 30
2334 2333 1 20 108 O 30
2333 4131 1 7 38 O 30
4131 2334 1 13 68 O 30
4136 4133 2 17 90 O 30
4133 4135 2 6 30 O 20
4135 4134 2 4 21 O 20
4134 4133 2 3 12 O 10
4147 4146 2 5 26 O 10
1923 2660 2 10 51 O 20
4778 1388 1 151 837 O 30
4775 4776 1 21 111 O 20
4155 4587 2 2 11 O 30
4587 2509 2 2 8 O 20
4156 4157 2 9 49 O 10
4158 4535 2 9 45 O 30
1585 4960 1 2 10 O 20
1578 1585 1 2 10 O 30
4163 4179 2 11 60 O 30
4179 4164 2 16 88 O 20
5236 5210 1 3 0 C 0
5210 3420 1 9 0 C 0
3421 5208 1 5 0 C 0
2028 4024 2 6 31 O 20
3987 1514 1 8 0 C 0
4166 1220 2 24 132 O 30
3 4110 2 27 0 C 0
4110 2134 2 2 0 C 0
3522 3523 2 34 0 C 0
4162 4179 2 45 246 O 20
4179 4165 2 4 21 O 10
4165 4163 2 6 32 O 30
1844 1880 2 9 50 O 20
4195 4194 2 25 135 M 30
4193 4194 2 67 368 O 10
4194 1842 2 45 250 O 30
5340 4964 2 11 61 O 10
4213 3828 1 15 0 C 0
4662 3649 1 11 0 C 0
4214 3834 1 9 0 C 0
3829 3830 1 54 0 C 0
4215 2075 1 10 0 C 0
1548 1151 1 26 0 C 0
2076 4216 1 7 0 C 0
4216 4426 1 10 0 C 0
1433 1690 1 5 0 C 0
4217 4661 1 10 0 C 0
3830 4217 1 7 0 C 0
4229 4230 2 30 162 O 30
4231 4232 2 10 55 O 20
4233 4234 2 4 18 O 10
4234 4748 2 1 4 O 30
4748 4235 2 1 4 O 30
4235 4236 2 32 173 O 10
4234 4237 2 9 46 O 30
4235 4238 2 6 32 O 10
4239 4240 2 9 50 M 30
4241 4242 2 7 36 O 30
4243 4244 2 9 45 O 20
4245 4246 2 7 38 O 30
4247 4248 2 18 100 M 10
4249 4250 2 7 36 O 20
4252 4253 2 7 34 O 10
4957 4255 2 30 163 O 20
1506 4264 2 23 124 O 20
4265 4266 2 30 164 O 30
4267 4268 2 7 36 O 20
4268 4269 2 2 7 O 20
4269 4270 2 6 31 M 10
4270 4271 2 9 45 M 10
4271 4269 2 12 64 M 30
4268 4272 2 13 69 O 30
4270 4273 2 15 78 O 30
4266 4274 2 25 136 O 30
4274 4275 2 7 39 M 20
3980 4276 2 5 28 O 30
4319 4145 1 7 38 O 30
4145 4144 1 11 57 O 10
4277 4280 1 5 24 O 10
4280 4281 1 3 14 O 30
4281 4278 1 24 128 O 20
4278 4279 2 5 23 M 20
4278 4282 2 7 37 O 30
4282 4280 2 15 82 M 30
4281 4282 2 15 80 O 20
3886 3885 2 4 21 O 30
3885 3650 2 103 568 O 20
4287 2230 2 22 119 O 10
4288 2233 1 3 14 O 20
2233 4287 1 3 14 M 30
4287 4286 1 3 14 O 20
4286 4288 1 1 4 O 30
3133 4290 2 7 38 M 20
4290 12 2 7 36 O 20
9 4291 2 8 0 C 0
4293 4295 2 41 226 O 20
4295 2012 2 13 67 M 30
2012 5391 2 2 8 O 10
5391 5386 2 2 9 O 10
5386 4385 2 6 28 O 10
4295 4296 2 7 39 O 20
4302 4303 2 9 49 O 30
963 962 1 9 45 O 30
1931 4339 1 6 30 O 20
4339 1117 2 32 178 O 10
1117 3749 2 25 139 O 20
1803 4602 1 11 58 O 10
305 4306 2 23 127 O 30
4307 4309 2 7 35 O 10
4309 4308 2 20 111 O 10
4309 4310 2 17 92 O 20
2618 4975 2 11 59 O 20
4321 4322 2 12 62 O 20
4322 4323 2 4 22 O 30
4324 4325 2 12 66 M 20
4325 4326 2 3 16 O 10
4329 4330 2 50 273 O 10
4331 4332 2 26 143 O 30
1506 4333 2 30 164 O 30
1506 4334 2 25 134 O 10
4336 4337 2 18 99 O 10
4343 4344 2 5 26 O 30
4345 4346 2 17 92 O 30
4347 4348 2 21 114 M 20
4349 4350 2 10 52 M 10
4351 4352 2 23 124 O 10
4356 4355 1 5 26 O 10
5172 4359 1 2 7 O 30
5119 3321 2 17 91 O 30
1897 4377 2 23 123 O 10
4377 4378 2 3 12 O 10
4377 4379 2 2 11 O 30
4381 4382 2 15 81 O 30
2910 4384 2 25 134 O 10
1932 2911 2 13 68 O 10
2911 1989 2 20 107 O 10
5386 4386 1 10 55 O 10
1806 4388 1 14 76 O 10
4388 4389 1 12 63 O 30
4668 383 2 10 54 O 10
383 4667 2 67 368 O 10
4325 4391 2 3 15 O 20
4322 4392 2 3 15 O 20
3546 3309 2 32 173 O 10
3309 3840 2 7 35 O 10
1593 3750 2 3 12 O 20
3750 3019 2 16 85 O 10
4394 4395 2 6 30 M 30
4397 4400 2 4 18 O 30
4400 4398 2 6 31 O 20
4398 4396 2 17 91 O 10
4397 4393 2 7 36 O 30
4400 4399 1 19 102 O 30
4399 4398 1 24 131 O 20
4405 4477 1 2 6 O 30
4477 4406 1 1 3 M 20
4406 4401 1 2 9 O 10
4401 4404 1 2 6 M 30
4404 4402 1 1 4 M 20
4402 4403 1 1 2 O 20
4403 4405 1 1 5 O 10
1822 4401 1 8 40 O 20
4404 4394 1 1 5 O 10
4394 4402 1 1 5 O 30
4403 4539 1 3 12 O 20
4539 4405 1 2 11 O 30
4406 4540 1 5 25 O 30
4540 1822 1 4 19 O 20
4395 4407 2 7 36 O 30
4408 4409 2 27 148 M 30
4411 4412 2 20 110 O 20
4541 4413 2 22 121 O 10
4413 4415 2 4 20 M 30
4413 4542 2 7 39 O 20
4542 4543 2 7 39 O 30
4543 4544 2 6 33 O 20
4544 4414 2 9 48 O 30
3629 182 2 15 82 O 10
4418 4417 2 13 70 M 20
3664 2296 2 9 46 O 30
1955 4419 2 15 81 O 30
4421 4420 2 14 77 O 20
4425 4424 2 19 104 M 10
2899 4427 2 21 115 M 30
2596 2227 2 44 239 O 30
3498 13 1 3 12 O 20
13 2 1 3 11 O 20
2 3898 1 5 24 O 20
3906 3905 1 4 19 O 20
3907 3770 1 5 27 M 20
1581 1583 1 2 11 O 30
1583 1579 1 2 7 O 20
3675 3641 2 18 97 O 20
3499 4565 1 1 0 C 0
4560 4564 1 6 0 C 0
4645 4643 1 3 0 C 0
3554 1082 1 1 0 C 0
1082 123 1 11 0 C 0
123 4816 1 2 0 C 0
4599 2800 1 17 0 C 0
2800 3644 1 21 0 C 0
3978 4618 2 8 42 O 30
2074 277 2 5 0 C 0
277 2670 2 28 0 C 0
2078 2107 1 29 159 O 10
1673 924 1 13 67 O 30
1639 264 1 23 123 M 30
4616 1635 1 26 140 O 10
2231 4612 1 42 233 O 10
2408 2409 2 23 124 O 20
2416 2419 2 35 192 O 20
4575 4576 1 2 0 C 0
4574 4567 1 2 0 C 0
4573 4574 1 3 0 C 0
4576 4574 1 3 0 C 0
4680 4422 1 5 0 C 0
4423 4680 1 4 0 C 0
4657 4660 1 4 0 C 0
2640 2639 1 4 0 C 0
2641 2636 1 1 0 C 0
4779 1565 1 7 0 C 0
1563 4780 1 7 0 C 0
5094 193 1 7 0 C 0
193 194 1 4 0 C 0
3037 3038 2 11 58 O 30
3052 3041 2 58 0 C 0
3041 3036 2 20 110 O 30
4371 3546 1 4 20 O 30
3560 4370 1 3 16 O 10
3546 4368 1 6 28 O 30
4369 3560 1 5 25 M 30
4375 4374 1 35 0 C 0
3560 3546 2 2 10 O 20
4365 4366 1 16 86 O 20
5055 4841 1 13 68 M 10
3839 5055 2 44 242 O 30
298 3499 1 4 0 C 0
2613 268 2 16 0 C 0
268 167 2 15 0 C 0
167 3622 2 6 0 C 0
2544 2546 1 2 0 C 0
4641 5211 1 5 0 C 0
4636 4436 1 12 0 C 0
4638 4639 1 11 0 C 0
4639 4437 1 11 0 C 0
4438 4636 1 9 0 C 0
4644 4645 1 3 0 C 0
2123 4328 1 22 0 C 0
3578 3555 1 17 0 C 0
4620 3709 1 4 0 C 0
3708 2664 1 3 0 C 0
2664 3627 1 15 0 C 0
4440 4619 1 5 0 C 0
4626 4439 1 6 0 C 0
3625 1524 1 3 0 C 0
3711 4633 1 8 0 C 0
3534 4691 1 3 0 C 0
4691 3719 1 2 0 C 0
3719 4692 1 11 0 C 0
4688 4585 1 15 0 C 0
3537 3538 1 7 0 C 0
3721 3537 1 7 0 C 0
5315 1145 1 29 160 O 30
4370 1144 1 39 213 O 10
3544 3545 2 2 9 O 10
3568 4603 1 11 58 O 20
4605 229 1 4 17 O 20
229 4601 1 14 74 O 30
4601 1645 1 7 37 O 20
993 144 1 7 39 O 30
144 3568 1 7 35 O 20
4603 3698 1 12 64 O 20
3698 3694 1 8 43 O 30
3502 4605 1 12 66 O 20
4601 3568 2 3 13 O 20
3521 4600 2 3 0 C 0
4600 1803 1 12 0 C 0
1646 3521 1 7 0 C 0
3644 5075 1 8 0 C 0
5075 5076 1 5 0 C 0
5076 4600 1 7 0 C 0
3521 4606 1 20 0 C 0
3630 4609 1 13 68 O 20
1644 4604 1 10 54 M 20
3694 3630 1 8 42 O 10
4604 3502 1 8 40 O 30
1643 602 1 18 99 O 30
602 604 1 1 4 O 30
604 595 1 13 67 M 10
595 994 1 28 155 M 10
4260 1643 2 3 14 O 20
1640 3571 2 3 13 O 30
1640 3950 1 4 18 M 30
3950 3952 1 6 33 O 20
3952 1643 1 31 171 O 30
2342 1640 1 25 135 M 30
4618 3852 2 2 8 O 30
4618 3665 1 27 148 O 10
3571 3954 1 17 92 O 30
3954 4618 1 9 49 O 20
2985 4599 1 10 0 C 0
2092 2136 1 4 0 C 0
4606 2091 1 18 0 C 0
2091 1647 1 15 0 C 0
3756 1658 2 2 0 C 0
3756 1655 1 5 0 C 0
1657 3756 1 3 0 C 0
1658 1555 1 3 0 C 0
1651 1658 1 5 0 C 0
1676 1272 1 5 26 O 30
1272 1302 1 19 102 O 30
1302 1153 1 5 25 O 20
1153 968 1 29 159 O 10
968 1670 1 8 44 O 10
1556 1666 1 7 37 O 20
3458 5067 1 4 20 O 10
2078 2369 2 2 10 O 20
2369 1673 1 9 47 O 20
1674 2078 1 9 46 O 30
2126 1667 1 10 53 O 10
1669 1663 1 9 48 M 10
2116 2369 1 5 25 O 30
2107 2374 1 11 60 O 30
1660 2106 1 8 44 O 30
2374 1662 1 8 42 O 20
2095 3458 2 3 13 O 30
5419 2095 1 15 83 O 30
255 4914 1 7 0 C 0
4914 2117 1 30 0 C 0
2370 255 1 3 0 C 0
254 2370 1 3 0 C 0
2119 2373 1 6 0 C 0
2372 2119 1 3 0 C 0
2118 2372 1 37 0 C 0
1667 1669 2 3 12 O 20
1667 5314 1 3 16 M 10
1672 5313 1 1 3 O 20
4442 4441 2 11 56 O 10
5230 4443 2 9 50 O 10
4445 4446 2 5 23 O 10
4446 4444 2 4 17 O 20
4447 4446 2 10 54 O 10
4448 4449 2 9 45 M 20
4449 4447 2 27 146 M 20
4447 5231 2 3 16 O 20
4450 4449 2 18 95 M 20
4452 4451 2 5 24 O 10
4454 4453 2 7 34 O 10
5160 4455 2 4 19 M 10
4457 4456 2 4 18 O 10
293 4961 1 5 27 M 30
4961 4040 1 12 62 O 30
2134 4480 2 12 0 C 0
4480 2133 2 2 0 C 0
2133 2132 2 26 0 C 0
1635 2228 1 17 92 O 10
2228 1639 1 38 211 M 10
4616 4614 2 3 14 O 10
4617 3503 2 3 15 O 10
4617 5045 1 21 117 O 30
148 4617 1 16 84 O 10
1533 4459 1 15 0 C 0
4460 1540 1 15 0 C 0
4681 4682 1 3 0 C 0
4881 4461 1 6 32 O 10
4462 1534 1 8 40 O 30
3714 3447 1 2 0 C 0
4598 189 1 15 0 C 0
189 3648 1 3 0 C 0
2135 1650 1 14 0 C 0
3648 2135 1 5 0 C 0
3648 3448 1 2 0 C 0
4463 1251 2 5 27 O 10
4465 4467 2 4 17 O 20
4464 4465 2 9 46 O 20
4466 4468 2 10 54 O 10
4469 4468 2 14 73 O 30
4468 4464 2 6 33 O 10
2069 4591 1 2 0 C 0
4743 1812 1 2 0 C 0
1815 1813 1 7 0 C 0
4592 4597 1 16 0 C 0
3774 4471 2 6 29 O 10
3774 4470 1 8 39 O 30
4470 4471 1 6 33 M 20
1690 2076 1 21 0 C 0
1687 1433 1 6 0 C 0
4426 2077 1 2 0 C 0
2075 1548 1 2 0 C 0
2077 3831 1 18 0 C 0
2675 3833 1 7 0 C 0
3835 2675 1 24 0 C 0
1689 4214 1 15 0 C 0
3832 1689 1 10 0 C 0
3834 1547 1 13 0 C 0
1691 3835 1 13 0 C 0
1547 3829 1 5 0 C 0
3828 1691 1 5 0 C 0
3106 3682 1 3 0 C 0
4596 3106 1 8 0 C 0
3058 4590 1 13 0 C 0
2541 2542 1 7 0 C 0
2542 299 1 3 0 C 0
299 2543 1 3 0 C 0
3402 5007 1 15 0 C 0
1883 1819 1 9 0 C 0
2543 536 1 8 0 C 0
4590 320 1 93 0 C 0
320 321 1 5 0 C 0
321 566 1 8 0 C 0
566 565 1 16 0 C 0
565 569 1 6 0 C 0
569 322 1 11 0 C 0
322 1217 1 5 0 C 0
1217 1814 1 33 0 C 0
4528 3058 1 10 0 C 0
3493 1821 1 8 0 C 0
1820 4808 1 9 0 C 0
4808 1158 1 4 0 C 0
3492 3493 1 8 0 C 0
1859 3488 1 5 0 C 0
3490 3491 1 9 0 C 0
3491 3492 1 8 0 C 0
1862 3490 1 5 0 C 0
1768 1767 1 14 0 C 0
1766 3542 1 22 0 C 0
3542 1768 2 3 0 C 0
134 1765 1 23 0 C 0
1180 1764 2 2 0 C 0
1765 1764 1 3 0 C 0
1180 3541 1 17 0 C 0
2610 3578 1 7 0 C 0
4328 280 1 12 0 C 0
3556 2610 1 9 0 C 0
4472 1219 2 29 0 C 0
4472 4473 2 14 0 C 0
995 3407 1 8 0 C 0
4784 4650 2 2 0 C 0
4227 5414 2 3 0 C 0
7 4783 2 13 0 C 0
4647 2361 1 15 0 C 0
3453 1683 1 5 0 C 0
2363 3561 1 25 0 C 0
4395 4397 1 26 143 O 20
4087 4086 2 9 45 O 20
4086 4085 2 3 12 O 30
4014 4087 2 2 7 O 30
4773 4482 1 60 331 M 30
4481 5235 1 44 244 O 30
3847 4191 2 46 255 M 10
4191 4192 2 46 250 O 10
4484 4483 2 17 90 O 30
4487 4486 2 13 69 O 30
4489 4488 2 12 62 O 30
4493 4492 2 12 64 O 30
4496 4495 1 2 0 C 0
4495 3739 1 2 0 C 0
3739 4496 1 4 0 C 0
3739 4882 2 44 0 C 0
2330 4500 2 11 57 O 30
2943 2036 2 19 102 O 20
4514 4513 2 5 24 O 20
4516 5378 2 11 56 O 20
5378 4514 2 30 161 O 10
4514 4515 2 4 20 M 10
5377 5376 2 25 133 M 10
4517 4520 2 16 84 M 10
4520 4518 2 6 29 M 30
4519 4520 2 7 35 O 10
4520 4522 2 26 141 O 30
4522 4521 2 5 22 O 10
4525 4523 2 7 35 O 30
4524 4525 2 3 14 M 20
4525 4526 2 13 68 M 20
4527 4896 2 3 14 O 10
4529 4530 2 21 113 O 20
4531 1394 2 5 25 O 30
3203 1868 2 32 177 O 30
3341 3343 2 19 101 M 20
4410 4411 2 13 68 O 30
4536 4410 2 5 26 O 20
4666 3621 2 10 0 C 0
19 4668 2 34 187 O 10
4667 411 2 21 113 O 10
411 1808 2 6 33 O 20
4913 4722 2 10 0 C 0
4722 3744 2 18 0 C 0
102 4723 1 2 11 O 20
4723 1537 1 7 37 O 10
4732 4739 1 3 16 O 20
4739 4733 1 3 16 M 10
4734 946 1 4 18 O 10
946 4735 1 4 18 O 20
4737 4736 1 8 40 M 30
4738 4737 1 8 41 O 20
4741 947 1 5 24 O 20
4742 4741 1 5 23 O 10
3718 4681 1 11 0 C 0
1608 3932 1 9 49 O 20
3932 1605 1 4 17 M 20
1605 1606 1 2 8 O 30
1606 1610 1 7 37 O 30
1610 5135 1 6 30 O 30
2980 4745 1 4 19 M 20
4745 2981 1 5 28 M 10
4144 4319 1 5 24 O 20
5231 5232 1 2 9 O 30
5183 5231 1 10 54 O 30
2020 4746 1 19 103 M 10
4746 2019 1 2 6 O 10
4748 4747 2 18 95 O 10
2203 2204 1 3 14 O 20
2204 2205 1 4 17 O 30
2205 2203 1 3 15 O 10
2441 4750 1 7 35 O 10
4750 2442 1 7 35 O 10
1069 59 1 5 22 O 20
59 4753 1 3 11 O 20
4753 1069 1 2 9 O 10
4763 2271 1 3 12 O 30
2271 4762 1 4 18 M 20
4762 4763 1 4 17 O 10
4765 2507 1 3 16 O 20
2507 4764 1 4 18 O 10
4764 4765 1 3 16 O 30
2201 2490 2 8 44 O 20
3895 4775 1 9 48 O 30
3996 1248 1 27 150 O 20
1245 3995 1 36 199 O 10
4790 2396 2 5 27 O 30
4795 4792 2 6 30 O 30
4796 3687 2 2 9 O 10
4791 4796 2 5 24 O 20
4801 5184 1 3 17 O 20
4805 4799 1 4 18 O 10
4804 5185 1 4 19 O 20
5185 4803 1 4 22 M 30
4802 4805 1 5 23 O 30
5184 4800 1 4 19 O 30
4804 4803 1 3 12 O 10
4491 361 2 9 45 M 20
361 4490 2 2 8 M 10
4490 5184 2 22 117 O 30
4806 5141 2 25 135 O 20
4813 3507 2 20 0 C 0
3507 3508 2 15 0 C 0
3508 3506 2 18 0 C 0
4815 4814 1 1 0 C 0
4814 4553 1 2 0 C 0
4553 4812 1 3 0 C 0
4812 4813 1 2 0 C 0
4813 4815 1 2 0 C 0
2670 2672 2 22 0 C 0
2672 2671 2 21 0 C 0
2671 2539 2 17 0 C 0
2539 5217 2 38 0 C 0
5217 5335 2 16 0 C 0
5335 4553 2 19 0 C 0
4819 4817 2 11 56 O 20
4820 4819 2 10 50 O 10
4819 4818 2 13 67 O 20
4823 4821 2 3 15 O 20
4824 4823 1 3 15 O 10
4823 4822 1 5 25 O 10
4826 4825 1 6 32 O 20
4828 4826 1 10 51 O 20
4826 4827 1 9 48 O 20
4830 4828 1 4 21 O 20
4828 4825 1 4 21 O 10
4825 4824 1 2 9 M 30
4824 4827 1 2 7 M 30
4827 4822 1 6 30 O 30
4822 4829 1 23 124 O 10
4835 4834 2 16 85 O 30
4837 3870 2 12 64 O 20
4838 4837 2 26 141 O 30
4837 4836 2 22 117 O 30
3559 3311 2 2 8 O 10
3724 3757 1 16 84 O 30
3757 1598 1 13 70 O 30
3725 1598 2 13 71 O 20
278 1677 1 2 10 O 30
1627 4840 2 2 0 C 0
1147 1146 1 27 0 C 0
4847 3994 1 44 0 C 0
1552 3896 1 10 54 O 20
1527 1389 1 42 228 O 20
3466 5021 1 16 87 O 10
4851 4852 2 8 42 M 10
4852 4853 2 5 23 O 30
3517 4854 2 6 30 O 10
4856 4859 1 4 0 C 0
4862 3489 1 62 0 C 0
4863 4860 1 31 0 C 0
4861 4857 1 11 0 C 0
4858 4862 1 9 0 C 0
3200 4867 2 5 24 O 20
4868 4869 2 8 44 O 10
1839 4870 2 10 52 O 30
4870 4871 2 4 18 O 20
4871 1839 2 7 35 M 30
2661 4316 2 11 56 O 10
4316 1692 2 21 116 O 30
4874 4875 2 22 119 M 30
2431 4876 2 20 108 M 20
4876 4877 2 4 22 O 30
4876 4878 2 2 10 M 10
3720 3539 1 11 0 C 0
3539 5468 1 12 0 C 0
4880 3718 1 6 0 C 0
5005 4807 1 4 0 C 0
4884 4883 1 2 0 C 0
4884 3742 2 16 0 C 0
4474 4885 1 36 0 C 0
4888 4886 2 15 79 O 20
4888 4887 1 6 31 O 10
4889 4888 1 6 32 O 30
4008 5004 2 1 5 M 20
5004 5002 2 4 19 O 30
5002 5421 2 4 19 O 20
5421 4890 1 9 47 M 20
5421 3706 2 7 37 O 10
2202 3600 2 4 19 O 30
2193 4005 2 16 84 O 10
4005 4006 2 4 17 O 10
1851 2549 2 15 81 O 20
4031 5446 1 4 18 O 20
5444 5443 2 33 181 O 20
2323 3463 2 5 24 O 30
3463 2587 2 10 55 O 30
2587 949 2 3 14 O 10
949 2584 2 4 21 M 10
2584 2582 2 6 28 O 20
2582 2712 2 6 32 O 30
2712 2567 2 2 8 O 30
2567 3462 2 14 77 O 10
4180 1322 2 6 31 O 10
1322 1312 2 2 8 M 30
1312 4891 2 1 5 O 10
4196 4892 2 5 27 O 20
4893 4196 2 14 76 O 20
4196 4180 2 10 50 O 20
4895 3650 2 2 7 O 20
3851 4065 1 7 35 O 30
4965 4968 2 14 78 O 30
2389 4898 2 7 34 O 10
4900 5155 2 10 52 M 20
4901 4902 2 14 76 M 10
4903 4904 2 12 65 O 30
4907 4906 2 10 55 O 10
4908 3040 2 12 66 M 30
4909 4901 2 9 47 O 10
4185 1211 2 5 26 M 10
4916 4915 1 4 21 O 20
4198 4916 1 4 20 O 10
4917 4920 2 7 35 O 30
4920 4922 2 18 95 M 30
4922 4918 2 6 32 M 20
4918 4919 2 6 31 O 20
4920 4921 2 1 4 O 10
4921 4922 2 1 4 O 30
4922 4923 2 5 25 O 10
4923 4918 2 2 7 O 20
4924 4925 2 11 61 M 30
3632 174 2 28 151 O 30
174 3892 2 34 184 O 10
3892 1216 2 31 170 O 30
3632 3481 2 31 172 O 30
1814 1811 1 11 0 C 0
1812 4594 1 53 0 C 0
1574 4910 1 7 35 M 10
1580 1578 1 8 40 O 10
2361 1685 1 3 0 C 0
3494 4560 1 13 0 C 0
1524 130 1 35 0 C 0
2071 270 1 6 0 C 0
270 2545 1 7 0 C 0
5240 4641 1 9 0 C 0
4700 4701 1 3 14 O 30
2693 4932 2 7 37 M 20
4930 2693 2 8 44 O 20
4932 2315 2 7 39 O 20
4934 4931 2 7 34 O 20
4932 4931 1 7 37 O 20
4933 4934 2 11 58 O 20
4935 4933 2 8 40 O 20
4931 2315 2 7 35 M 10
2315 2704 2 17 94 O 30
4936 948 2 16 83 O 10
2150 3962 2 10 51 O 30
2315 3963 2 11 58 O 20
3963 4937 2 2 9 O 30
4637 4646 1 25 0 C 0
3717 5469 2 7 0 C 0
5469 4577 2 2 0 C 0
4689 4690 1 12 66 M 30
1821 3064 1 33 0 C 0
3064 537 1 8 0 C 0
3814 3787 1 10 0 C 0
4557 4511 1 4 0 C 0
4556 4557 1 32 0 C 0
4699 4700 1 4 21 M 20
4698 4699 1 2 10 M 10
3592 3591 2 2 0 C 0
1532 3716 1 8 0 C 0
4940 4941 2 11 56 O 30
4941 4942 2 8 39 O 20
2142 2176 2 16 87 O 20
4501 2177 2 2 7 O 20
2177 2143 2 8 44 M 10
2143 2144 2 23 126 O 30
2144 3956 2 24 132 O 10
1545 3712 2 16 0 C 0
3036 3037 2 5 24 O 30
3036 3039 2 13 69 O 30
3623 269 2 33 0 C 0
5209 4944 1 48 0 C 0
4944 3472 1 386 0 C 0
3845 5206 2 7 0 C 0
3793 3376 2 12 0 C 0
3787 4781 1 4 0 C 0
3672 5485 1 7 0 C 0
4040 1678 1 16 86 M 10
4029 3768 1 14 74 O 10
4064 5042 1 3 15 O 20
2494 3469 2 9 45 O 30
4967 4965 1 2 8 O 20
4965 4966 1 2 8 O 10
4966 4964 1 2 7 O 10
4964 4967 1 2 8 O 30
4966 4969 2 2 10 O 20
4353 4972 1 12 62 O 10
4972 4971 1 9 46 O 20
4974 4983 2 4 20 O 20
4983 4975 2 3 16 O 30
4975 4994 2 3 14 O 20
4994 4976 2 6 31 O 10
4977 4974 2 3 16 O 10
4974 4992 2 4 18 O 10
4992 4990 2 3 16 M 30
4990 4988 2 4 17 M 20
4988 4986 2 4 17 O 30
4986 4984 2 4 17 M 30
4984 4978 2 4 17 O 10
4978 4979 2 14 78 O 10
4979 4985 2 4 17 O 10
4985 4987 2 4 17 O 20
4987 4989 2 4 17 O 30
4989 4991 2 3 17 O 30
4991 4993 2 4 17 O 30
4993 4976 2 4 17 O 20
4976 4995 2 3 17 O 30
4995 4980 2 4 17 O 30
4977 4982 2 4 20 O 30
4982 4981 2 2 6 O 10
4982 4983 1 3 17 O 20
4975 4973 2 4 17 O 10
4984 4985 2 15 78 O 20
4986 4987 2 15 78 O 10
4988 4989 2 15 79 M 30
4990 4991 2 15 79 M 30
4992 4973 2 7 36 O 30
4973 4993 2 8 44 O 20
4980 4996 1 9 48 O 30
4996 4994 1 4 17 O 30
4995 4996 2 6 31 O 10
4998 3637 2 4 20 O 30
4003 4999 1 4 18 O 20
4999 4176 1 3 13 O 10
5000 4999 2 5 25 O 20
3999 4171 2 6 0 C 0
5002 5001 2 19 101 O 10
5004 5003 2 9 46 O 10
2120 1656 1 12 0 C 0
1813 4743 1 11 0 C 0
1650 3401 1 27 0 C 0
2540 4598 1 26 0 C 0
1817 613 1 29 0 C 0
4857 4856 1 2 0 C 0
5006 317 1 25 0 C 0
317 318 1 4 0 C 0
318 3402 1 64 0 C 0
5007 2541 1 15 0 C 0
1671 136 1 24 0 C 0
136 4556 1 11 0 C 0
5008 5221 2 16 0 C 0
5009 4687 2 3 0 C 0
4687 5008 2 13 0 C 0
4683 1763 1 2 0 C 0
1763 4684 1 34 0 C 0
4584 5220 1 4 0 C 0
5220 5005 1 9 0 C 0
4578 5212 1 6 0 C 0
5212 4568 1 2 0 C 0
5014 5342 1 6 29 M 10
1886 4149 2 37 201 O 30
3110 3117 2 12 67 O 10
3117 3118 2 26 142 O 20
3118 176 2 39 211 O 20
176 3119 2 17 94 M 20
1709 1708 2 13 68 O 20
1529 1530 1 15 0 C 0
4355 3611 2 17 91 M 30
5393 1692 2 15 81 O 30
4389 1809 2 6 32 O 10
4357 409 2 57 315 O 10
4356 3613 2 11 56 O 10
1541 1733 1 10 54 O 10
1535 4682 1 17 0 C 0
3715 3713 1 8 0 C 0
3713 3714 1 11 0 C 0
4859 4863 1 62 0 C 0
2070 4635 1 13 0 C 0
5016 5015 2 9 46 O 20
1627 1099 1 26 0 C 0
1099 1143 1 25 0 C 0
4879 2387 2 21 0 C 0
2066 2064 1 3 0 C 0
2062 4151 2 9 0 C 0
4938 115 1 9 0 C 0
115 116 1 7 0 C 0
116 114 1 1 0 C 0
114 4638 1 36 0 C 0
5020 2689 2 4 20 O 10
2689 1423 2 17 91 O 10
1423 2696 2 37 205 M 10
2696 4930 2 28 150 O 10
5019 2686 2 14 73 M 30
2686 2687 2 8 44 M 30
2687 1417 2 18 96 O 20
1417 1418 2 5 26 O 20
1418 1421 2 18 95 O 20
1421 5020 2 2 8 O 20
4937 2150 2 2 10 M 30
2140 2141 1 6 31 O 10
5017 5018 1 5 26 O 20
5018 2140 1 3 16 M 20
1582 4959 2 2 7 M 30
5021 3467 1 6 33 M 10
146 4692 1 6 0 C 0
3480 5022 1 18 0 C 0
5022 2808 1 22 0 C 0
5023 1554 1 41 0 C 0
5024 3478 1 19 0 C 0
4285 3886 2 68 374 O 30
2669 3564 2 10 0 C 0
190 4267 2 5 26 O 30
4267 183 2 3 12 O 30
187 3692 1 5 24 M 10
4023 623 2 11 56 M 20
1392 1391 1 14 73 O 10
4223 5029 1 6 0 C 0
5030 4223 1 6 0 C 0
5490 1249 1 12 0 C 0
5031 5490 1 4 0 C 0
4023 4060 1 9 46 M 20
4060 2027 1 9 45 O 30
3477 4023 1 9 50 M 20
1204 2564 2 28 155 M 30
4257 2467 2 5 22 M 10
2478 2479 2 2 7 O 10
2474 2352 2 3 15 O 20
4256 2470 2 4 18 O 20
2225 2226 2 3 17 O 30
4562 1885 1 2 0 C 0
1885 4563 1 3 0 C 0
4843 1860 1 6 0 C 0
2642 2302 1 4 0 C 0
4655 4653 1 2 0 C 0
3649 4213 1 41 0 C 0
3105 3607 2 15 79 O 30
1807 5044 2 23 126 O 30
5057 3107 2 2 0 C 0
4148 1808 1 6 32 O 30
1808 499 1 30 164 O 20
499 4149 1 16 88 O 30
5044 3783 2 61 335 O 20
5043 1807 1 3 15 O 20
4148 5043 1 18 98 O 30
1808 5043 1 13 71 M 30
3107 1886 1 20 0 C 0
1886 978 1 6 29 O 30
978 977 1 5 0 C 0
977 5057 1 10 0 C 0
4954 5050 1 8 41 M 30
1159 3330 2 13 70 M 30
3330 4305 2 15 80 M 10
5052 3590 1 2 10 O 30
5053 5056 1 3 12 O 10
5056 5051 1 6 30 O 30
3669 4140 1 23 123 M 30
4387 958 2 11 58 O 30
5053 4387 1 20 106 M 30
1634 4616 1 7 34 O 30
4614 4055 1 7 34 O 10
5046 2257 2 19 103 O 30
2257 2262 2 16 84 O 30
5048 3505 2 12 65 O 20
4027 207 2 10 51 O 10
2380 5039 2 5 25 O 20
5040 4919 2 2 7 O 30
4919 2029 2 4 22 O 30
5041 2028 2 3 16 O 30
5042 4962 1 13 70 M 10
5028 3477 1 4 22 O 20
2639 4632 1 3 0 C 0
1625 1623 1 8 0 C 0
5058 3540 1 20 0 C 0
2546 3520 1 6 0 C 0
4634 2070 1 10 0 C 0
121 3673 1 15 0 C 0
4554 121 1 13 0 C 0
2403 113 1 12 0 C 0
113 4938 1 12 0 C 0
4585 3534 1 2 0 C 0
3703 1804 1 5 0 C 0
1804 3702 1 5 0 C 0
3702 2540 1 7 0 C 0
4744 4593 1 14 0 C 0
2527 4929 1 4 0 C 0
2530 4153 2 24 0 C 0
5059 4474 1 10 0 C 0
4628 4629 1 18 0 C 0
4439 4627 1 9 0 C 0
4627 5060 1 9 0 C 0
3673 1671 1 11 0 C 0
819 4782 2 14 0 C 0
4510 3788 1 20 0 C 0
4816 2073 1 8 0 C 0
4558 3496 1 13 0 C 0
4561 4559 1 52 0 C 0
4844 4847 1 16 0 C 0
4845 1551 1 2 0 C 0
2556 138 2 18 0 C 0
3527 342 2 23 123 M 20
342 2093 2 6 30 O 20
3778 112 2 72 0 C 0
112 3408 2 9 0 C 0
5196 5197 1 3 12 O 30
5197 4689 1 3 12 O 10
3536 5175 2 14 0 C 0
5175 5237 2 46 0 C 0
1816 5006 1 25 0 C 0
4593 1815 1 13 0 C 0
1810 4592 1 19 0 C 0
23 572 1 2 0 C 0
572 2069 1 32 0 C 0
3144 3449 2 44 0 C 0
3449 5010 2 15 0 C 0
5010 3450 2 11 0 C 0
3450 360 2 17 0 C 0
360 3548 2 19 0 C 0
3591 4943 2 4 0 C 0
5054 5055 1 19 102 O 10
4304 4713 2 23 127 O 30
4713 2021 2 37 201 M 20
2021 2016 2 24 128 M 10
5116 957 2 69 379 O 30
4955 4721 1 54 296 M 10
4435 3311 1 29 157 O 10
3311 4367 1 21 112 O 10
4022 128 1 7 38 O 10
4622 125 1 17 0 C 0
125 4623 1 1 0 C 0
4416 4649 1 13 0 C 0
1823 5239 1 9 48 O 20
2547 5239 2 3 15 O 10
4476 3681 2 13 0 C 0
3681 707 2 9 0 C 0
707 4810 2 3 0 C 0
3679 5484 1 15 0 C 0
145 4595 1 54 0 C 0
5484 3684 1 8 0 C 0
3684 3683 1 4 0 C 0
3683 4596 1 20 0 C 0
3722 4588 1 33 0 C 0
5064 5063 1 9 45 O 30
5063 4028 1 8 43 O 20
4034 283 2 4 20 O 30
4860 4858 1 25 0 C 0
5066 1667 2 11 56 O 30
5477 1679 1 3 13 M 30
4167 4169 2 9 0 C 0
3523 267 2 2 0 C 0
5067 5068 1 3 16 O 10
5068 5069 1 8 41 O 30
5070 5071 1 7 38 O 10
5071 5073 2 3 14 M 20
5073 5074 2 3 12 O 20
2804 5079 1 2 6 O 10
5077 5078 1 4 21 M 30
5079 5077 1 7 35 M 10
98 4475 1 13 0 C 0
3454 4311 1 17 0 C 0
5082 5081 2 2 11 O 20
5083 3099 2 15 81 O 30
5083 3306 2 38 210 O 10
3639 4021 2 2 7 O 20
5087 5088 2 4 18 O 20
5090 5088 2 7 34 O 10
5088 5089 2 1 5 O 20
5089 5090 2 1 5 O 30
1438 4731 2 8 0 C 0
2636 2640 1 1 0 C 0
2638 2637 1 4 0 C 0
194 2145 1 9 0 C 0
2145 3957 1 5 0 C 0
3957 5092 1 5 0 C 0
5092 3956 1 6 0 C 0
195 5093 1 12 0 C 0
4535 3774 2 18 99 M 20
2529 510 2 2 0 C 0
4631 3597 1 4 0 C 0
4625 4626 1 13 0 C 0
4797 3708 1 6 0 C 0
3765 3707 1 6 0 C 0
3707 4440 1 5 0 C 0
4619 5213 1 5 0 C 0
5214 4621 1 8 0 C 0
4621 129 1 8 0 C 0
5215 4622 1 11 0 C 0
4842 1044 1 7 0 C 0
1044 1862 1 13 0 C 0
5216 3506 2 3 0 C 0
4663 4662 1 5 0 C 0
5222 281 1 2 0 C 0
4782 4648 2 6 0 C 0
5224 5225 2 22 122 O 20
5235 4774 1 25 138 O 30
1534 1733 1 5 23 O 10
3407 4839 2 24 0 C 0
4788 4789 1 2 0 C 0
1553 1686 1 21 0 C 0
4774 1553 1 57 312 O 30
1491 5242 1 100 556 M 30
1386 3576 2 8 43 O 10
3576 5482 2 46 251 O 10
5477 5475 1 3 14 M 10
5248 2364 1 4 0 C 0
5247 5248 1 4 0 C 0
281 127 1 4 0 C 0
5238 5420 1 3 0 C 0
5420 5249 1 3 0 C 0
5251 5252 2 4 21 O 30
5252 5253 2 10 55 M 10
5253 5250 2 3 14 O 20
5253 5255 2 5 25 O 10
5255 3958 2 3 12 O 30
5254 5255 2 36 198 O 10
5259 5258 2 5 22 O 30
2593 2156 2 3 15 O 20
4685 3177 1 10 0 C 0
3177 4583 1 21 0 C 0
4684 4685 1 3 0 C 0
5262 5261 2 14 73 M 10
5264 5263 2 15 78 O 10
5266 5265 2 16 84 O 30
78 80 2 18 99 M 20
79 2194 2 3 14 M 10
2213 5268 2 2 7 O 10
5270 5268 1 4 22 M 10
5268 5269 1 6 32 O 10
5269 5270 1 6 32 O 20
5272 5271 2 11 57 O 30
5274 5273 2 14 74 O 20
5276 5275 2 10 52 O 20
5278 5277 2 9 47 M 20
5280 5279 2 8 43 O 10
5282 5281 2 20 111 O 20
5283 5267 2 9 46 O 30
5285 5284 2 12 62 O 20
5287 5286 2 11 59 O 20
5289 5288 2 11 60 O 20
5291 5290 2 9 48 O 10
5293 5292 2 11 58 O 20
5295 5294 2 10 52 O 20
5297 5296 2 8 41 M 10
5304 412 2 2 6 O 10
412 5298 2 2 8 M 10
5299 5304 2 3 13 M 30
5300 5304 2 7 37 M 10
5302 5301 2 8 44 O 20
5304 5303 2 11 56 O 10
5306 1542 2 14 72 O 20
5308 5307 2 46 254 M 20
2072 2120 1 8 0 C 0
1556 5074 1 5 27 O 20
5074 2031 1 4 19 O 10
5317 1666 1 10 54 O 30
5073 5318 2 4 22 O 20
5318 4099 2 3 13 O 30
5319 5320 2 24 128 M 30
5326 5327 1 24 133 O 30
5327 5328 1 12 65 O 20
5329 932 2 9 49 M 30
3357 5333 2 2 9 O 20
1895 5336 2 9 47 O 10
5337 5338 2 5 27 M 10
5338 5339 2 4 18 M 20
1536 1537 1 8 40 O 30
1537 5343 1 4 17 O 10
3446 1729 1 9 49 O 30
5346 5347 2 3 15 O 10
5348 5349 2 2 9 O 20
5349 5350 2 3 12 O 10
1760 5340 2 4 0 C 0
4969 4970 2 2 7 O 10
5345 5344 1 3 13 O 20
5342 5013 1 3 13 O 30
5341 4212 2 2 8 O 20
5355 5014 2 6 32 O 30
5356 5355 1 1 5 M 10
5355 4968 1 3 16 O 20
4968 5356 1 2 10 O 10
1659 122 1 10 0 C 0
122 1660 1 11 0 C 0
1661 2118 1 10 0 C 0
5358 5357 2 14 75 M 10
1721 5359 2 7 36 M 10
4811 5362 2 18 95 O 30
5363 5364 2 11 58 M 10
5365 3285 2 25 139 O 10
3279 5366 2 12 64 M 10
3281 5367 2 7 36 O 20
3000 315 2 9 45 O 10
315 578 2 4 21 O 20
578 612 2 4 18 O 30
612 576 2 1 1 O 20
576 580 2 6 33 O 10
580 2999 2 13 67 O 30
5372 614 2 10 0 C 0
3445 181 1 13 69 O 20
2251 5373 2 12 63 M 10
3445 484 2 6 32 O 10
484 481 2 7 36 O 30
481 479 2 5 23 O 10
479 482 2 4 22 O 20
482 2309 2 8 44 M 30
2309 2251 2 2 9 O 10
5374 5082 2 32 176 M 30
5082 5375 2 8 40 O 20
5375 2998 2 15 0 C 0
3677 3004 2 12 0 C 0
4522 4516 2 12 65 O 10
4516 5377 2 7 38 O 30
5377 5378 2 8 42 O 30
5379 5380 2 9 46 O 30
1714 5381 2 27 149 O 30
2001 5382 1 24 129 M 10
4390 5384 2 4 20 O 10
5384 5383 2 9 46 O 30
5384 5385 2 4 22 O 10
4294 944 2 9 46 O 10
944 939 2 4 20 O 30
4297 4298 1 11 60 O 30
4297 5389 2 11 59 O 20
5389 5390 1 3 12 O 10
5390 943 1 1 5 O 10
943 5388 1 2 9 O 10
5388 5389 1 2 7 O 10
5387 5391 1 3 15 O 20
5390 5392 2 13 70 O 10
24 1543 2 36 197 O 10
4354 1543 1 4 20 O 30
1543 1698 1 2 11 O 20
1698 4354 1 3 11 O 20
5394 1693 1 2 9 O 30
1693 5393 1 2 9 O 10
5393 5394 1 3 16 M 20
4232 5395 2 4 18 O 10
4232 5396 2 3 14 O 30
4232 5397 2 5 23 O 20
5398 5399 2 12 62 O 10
5400 5401 2 9 46 O 20
5401 5403 2 6 28 O 10
5401 5402 2 4 18 M 30
3114 5404 2 3 13 O 20
4926 4927 2 3 13 M 10
3127 3128 2 2 10 O 30
3604 5406 2 3 12 M 20
5407 5408 2 3 14 M 30
3269 5409 2 11 60 O 20
3275 5410 2 12 63 O 20
5410 5411 2 9 46 O 20
5410 5412 2 4 21 O 20
5354 4570 1 7 0 C 0
4570 4569 1 11 0 C 0
4572 4573 1 4 0 C 0
5415 1437 2 8 0 C 0
4650 3836 2 2 0 C 0
1434 5413 2 18 0 C 0
5414 1434 2 14 0 C 0
2601 3732 2 37 202 M 20
173 3632 2 60 330 O 30
1534 1541 2 8 43 O 10
922 1274 1 2 7 O 30
1274 5418 1 5 24 O 10
5418 1668 1 7 37 O 10
1668 278 1 12 63 O 10
1677 5419 1 6 30 O 10
1677 1556 1 3 12 O 30
5450 5451 2 7 39 O 10
5451 1879 2 6 29 O 20
5451 5452 2 4 22 M 20
5453 5454 2 6 29 O 10
5464 5463 2 4 18 O 10
5463 5455 2 5 25 O 20
5456 5457 2 6 29 O 30
5458 5459 2 6 32 O 30
5460 5459 2 7 36 M 30
5461 5457 2 7 37 M 30
5462 5463 2 3 11 O 30
4659 4656 1 2 0 C 0
1584 1585 1 3 15 O 20
1583 1584 1 4 17 O 10
2031 5317 1 3 15 O 20
3901 4107 2 4 19 O 10
4107 5470 2 2 6 M 20
5474 1680 1 1 3 O 20
5475 5472 1 3 16 O 30
1680 5475 1 1 3 O 20
119 5476 1 4 22 M 10
4960 1577 1 1 3 M 10
5479 1581 1 1 3 O 10
307 5480 1 1 6 O 10
307 5481 1 2 7 O 30
5483 5482 1 5 27 O 30
5482 1576 1 5 26 O 30
5487 5491 1 10 0 C 0
3981 5488 1 1 0 C 0
5489 5031 1 2 0 C 0
5491 5489 1 6 0 C 0
5492 1396 1 2 0 C 0
1396 1515 1 7 0 C 0
1652 1651 1 13 0 C 0
1654 2777 2 11 0 C 0
2777 2776 2 25 0 C 0
2776 650 2 3 0 C 0
650 651 2 16 0 C 0
651 652 2 11 60 O 20
652 2775 2 1 5 O 10
2775 655 2 6 28 O 30
655 656 2 1 5 M 10
656 658 2 5 25 O 30
658 660 2 5 23 O 20
660 662 2 6 29 M 10
662 664 2 6 31 O 10
664 139 2 5 27 O 10
1654 256 1 4 0 C 0
256 257 1 8 0 C 0
257 1653 1 6 0 C 0
3637 4091 2 5 25 O 20
3686 1231 2 6 31 O 10
4866 5493 2 14 75 O 30
5494 3640 2 3 12 O 20
3640 3639 2 4 20 O 20
5067 5069 1 6 30 O 10
5069 5070 1 3 15 O 20
5070 5072 1 6 30 O 10
5072 1556 1 4 21 O 10
5071 5072 1 3 14 O 30
5097 3921 1 10 53 O 30
3921 1664 1 16 88 O 30
1664 1672 1 7 35 O 20
1675 2606 2 2 6 O 30
2111 2096 1 54 297 O 10
2096 1665 1 18 99 M 30
5313 1669 1 3 14 O 10
2108 1674 1 11 61 O 30
4063 2595 2 4 22 O 10
20 4342 1 16 86 O 30
4341 5496 1 13 68 O 20
0 13 1 2 11 O 20
13 1247 1 2 7 O 10
0 2 1 4 17 O 30
3902 3898 1 6 29 O 30
4777 0 1 16 88 O 10
1530 5350 1 5 26 M 30
5350 4881 1 5 27 O 10
1733 1535 1 13 67 O 20
4251 4462 1 5 25 O 20
4462 1541 1 10 54 O 10
1735 4997 2 2 0 C 0
4997 4963 2 5 0 C 0
3065 5467 1 4 0 C 0
5467 4376 1 15 0 C 0
4376 5 1 8 0 C 0
5158 5058 1 15 0 C 0
5157 5158 1 8 0 C 0
2793 5157 1 7 0 C 0
3545 4372 1 6 29 O 10
4373 3544 1 14 73 O 30
4374 4373 1 10 53 O 30
1492 3977 2 7 34 M 30
3894 6 2 9 49 O 30
4227 5223 2 2 0 C 0
5223 7 2 7 0 C 0
8 1024 2 3 0 C 0
1024 4678 2 13 0 C 0
10 9 2 2 8 O 10
4290 10 2 1 2 O 30
11 4291 2 2 0 C 0
4291 4289 2 2 0 C 0
12 11 2 2 0 C 0
5475 5474 1 1 2 O 30
15 3015 2 3 14 O 10
3015 14 2 2 9 O 10
4810 708 2 11 0 C 0
708 3549 2 5 0 C 0
16 2361 1 4 0 C 0
5096 1141 1 11 0 C 0
1683 4647 1 13 0 C 0
17 3766 1 3 0 C 0
1033 18 1 22 0 C 0
4160 2547 2 15 80 O 30
1795 1102 2 35 194 O 20
1102 1797 2 9 49 O 10
1799 1800 2 9 47 O 30
1797 1799 2 14 77 O 30
1181 2530 2 20 0 C 0
4338 4868 1 4 17 O 20
4868 5497 1 2 9 O 10
5497 4869 1 2 9 O 20
4869 1823 1 14 75 O 30
1809 1806 2 10 53 O 10
1806 1805 2 9 46 O 30
4694 4389 2 11 57 O 30
4693 4694 2 9 50 O 20
4388 5364 2 8 39 O 20
5364 19 2 10 51 M 30
5496 20 1 1 4 O 30
21 22 2 26 140 M 20
4311 99 1 15 0 C 0
4512 1684 1 18 0 C 0
4475 4512 1 1 0 C 0
1811 23 1 9 0 C 0
4591 1810 1 11 0 C 0
3611 4357 2 12 65 O 10
2685 3613 2 15 79 O 30
4355 24 2 8 41 O 30
2683 25 2 7 0 C 0
2682 26 2 12 0 C 0
4673 3614 2 11 0 C 0
267 4167 2 3 0 C 0
4595 3063 1 8 0 C 0
3063 3404 1 5 0 C 0
5061 5324 2 9 0 C 0
5324 5323 2 2 0 C 0
5323 3680 2 7 0 C 0
3680 5322 2 4 0 C 0
5322 5321 2 6 0 C 0
5321 5011 2 12 0 C 0
5011 3144 2 10 0 C 0
4459 4460 2 2 0 C 0
101 4686 2 17 0 C 0
4686 5009 2 8 0 C 0
3473 3468 1 40 221 O 10
5218 813 1 24 132 O 20
108 3643 2 35 0 C 0
3408 3409 2 41 0 C 0
3409 108 2 23 0 C 0
4865 111 2 3 12 O 10
4864 4865 2 9 49 O 30
3920 2224 2 20 109 O 10
2561 3598 2 21 115 O 10
3598 192 2 10 0 C 0
192 2571 2 3 0 C 0
2571 2305 2 10 0 C 0
2305 2149 2 37 0 C 0
2727 2771 2 36 196 O 30
4697 4698 1 3 14 M 20
4701 4696 1 3 16 M 30
4612 1637 1 14 75 O 30
128 5034 1 7 37 O 20
2389 4115 2 7 35 M 20
4115 2026 2 2 9 O 30
4035 3441 2 3 11 O 30
131 132 2 23 123 O 20
133 2531 2 4 0 C 0
1767 134 1 14 0 C 0
135 1766 1 6 0 C 0
138 3756 2 10 0 C 0
139 140 2 3 15 O 20
1587 3473 1 23 127 O 30
3472 1587 1 20 0 C 0
3468 4772 1 10 53 O 30
4776 3902 1 20 107 O 30
3798 141 2 25 138 O 10
142 2238 2 31 168 M 20
143 2238 2 4 20 O 30
144 4116 1 6 32 O 30
4724 1169 2 2 0 C 0
150 151 1 14 0 C 0
3709 124 1 6 0 C 0
4772 4773 1 31 170 M 10
152 147 2 6 29 O 30
2677 2678 2 3 12 O 30
156 158 2 17 92 O 20
158 157 2 16 88 O 10
158 159 2 14 76 O 30
160 2051 2 8 39 M 10
2051 161 2 13 72 M 10
163 4903 2 7 36 O 30
4903 162 2 12 61 O 10
165 5012 1 4 0 C 0
4676 165 2 3 0 C 0
3613 4355 2 7 38 O 30
185 191 2 5 24 M 30
1819 145 1 5 0 C 0
5449 3648 1 6 0 C 0
4128 2987 2 14 0 C 0
180 297 2 8 0 C 0
297 2290 2 3 0 C 0
2290 4128 2 19 0 C 0
188 180 2 18 0 C 0
4152 188 2 9 0 C 0
179 5449 1 7 0 C 0
189 5026 1 11 0 C 0
5026 179 1 5 0 C 0
3004 4152 2 21 0 C 0
184 477 2 1 3 O 30
477 185 2 2 8 O 20
186 184 2 3 15 O 20
2445 186 2 20 107 O 20
182 3444 2 3 15 O 30
3444 2243 2 21 116 O 30
2243 1507 2 7 37 O 30
1507 3949 2 3 12 O 20
3443 3629 1 6 29 O 20
183 3692 2 12 66 M 10
181 2234 1 5 27 O 30
3443 2234 1 4 22 M 20
191 187 1 7 39 O 30
3629 3445 1 17 91 O 30
198 199 1 6 0 C 0
200 3434 1 4 0 C 0
201 316 2 11 0 C 0
2136 5038 1 5 0 C 0
202 203 2 15 80 O 20
202 204 1 14 73 O 10
204 205 1 10 51 O 30
205 202 1 5 22 O 30
206 3919 2 11 58 O 20
214 215 2 18 95 O 20
216 217 2 5 26 O 20
218 219 2 4 21 O 20
220 221 2 4 18 O 10
222 223 2 4 17 O 30
224 225 2 2 9 O 20
226 227 2 14 73 O 10
210 209 2 7 38 O 30
211 212 2 14 76 M 10
5042 213 2 10 54 M 30
229 230 2 5 26 O 10
230 231 2 3 13 O 10
230 232 2 4 17 O 20
233 241 2 28 153 M 20
241 234 2 7 37 O 10
2647 234 1 4 19 O 30
234 2643 1 4 20 O 10
234 235 2 3 16 O 20
235 236 2 7 38 O 10
236 237 1 15 80 O 10
237 235 1 13 71 O 10
2644 238 2 4 17 O 20
238 239 1 12 62 O 20
239 240 1 3 13 O 30
240 238 1 14 74 O 20
241 240 1 3 13 O 20
239 242 2 4 21 O 30
243 2644 2 6 28 O 10
244 245 2 16 85 M 10
246 247 1 10 53 O 10
247 248 1 11 59 M 30
247 249 2 12 65 O 20
5466 251 2 8 44 O 20
3520 4642 1 6 0 C 0
3565 991 1 9 50 O 20
3565 4602 2 3 15 O 20
4602 993 1 41 227 M 30
1219 1184 2 22 0 C 0
1184 275 2 28 0 C 0
276 273 1 1 0 C 0
279 2337 2 14 77 O 10
1528 1490 1 10 53 O 30
4188 4039 1 3 17 M 20
295 3469 1 9 48 O 10
286 285 1 4 19 M 20
818 286 1 11 60 O 20
815 287 1 29 157 O 10
291 290 1 21 113 O 30
816 283 1 9 46 O 30
1447 4064 1 7 37 O 10
3768 289 2 2 11 O 20
283 288 1 3 15 O 30
2010 294 1 19 101 O 30
293 4188 2 2 10 O 20
285 295 1 7 38 M 30
1447 295 2 2 10 O 20
5134 296 2 3 15 M 20
4116 3568 2 5 27 M 10
4564 3748 1 5 0 C 0
3589 5056 1 5 23 O 20
5056 3914 1 2 9 M 10
3914 3669 1 5 26 O 10
5051 5052 1 2 10 M 20
1498 5054 1 2 10 O 20
3783 3105 2 11 58 O 20
4565 3500 1 1 0 C 0
2042 2040 2 2 7 O 30
5054 5049 1 2 10 O 10
5049 4954 1 6 30 O 10
4841 5049 1 6 30 O 10
5049 2809 1 2 7 O 30
308 309 2 16 89 O 30
310 309 2 12 64 O 20
311 312 2 15 79 O 10
5370 312 2 25 0 C 0
312 3000 2 13 72 O 10
313 312 2 4 19 O 30
314 315 2 16 89 O 20
5371 201 2 12 0 C 0
316 3677 2 18 0 C 0
320 3859 1 5 0 C 0
322 323 1 4 0 C 0
5014 5341 2 5 23 O 30
4459 1754 1 17 91 O 10
1754 2615 1 14 76 M 20
4212 5013 1 6 31 O 30
5013 4460 1 25 137 O 30
4212 2615 2 2 9 M 20
2950 2913 2 13 70 M 10
5050 4489 1 3 15 O 30
4489 5037 1 4 20 O 20
2809 4955 1 5 23 O 20
329 4728 2 12 0 C 0
330 331 2 21 115 O 10
332 333 2 12 64 O 10
331 332 2 2 8 O 20
337 338 2 7 37 O 30
338 340 2 6 30 O 30
338 339 2 3 14 O 20
341 343 2 9 46 O 30
343 342 2 7 36 O 20
343 344 2 3 16 O 10
334 335 2 18 98 O 30
336 345 2 11 61 O 10
4635 4438 1 22 0 C 0
4437 4640 1 20 0 C 0
347 348 2 7 39 O 10
348 349 2 5 25 O 10
348 350 2 2 8 O 20
351 352 2 13 71 O 10
4689 5203 2 3 14 O 30
4491 5183 1 1 3 O 10
358 359 2 3 15 O 20
5145 5154 2 6 32 M 10
5154 5151 2 4 18 O 10
5151 5150 2 2 8 O 20
5150 5156 2 11 58 O 10
5156 5137 2 3 14 M 10
3860 5144 2 6 0 C 0
5144 783 2 4 0 C 0
783 1620 2 9 49 M 30
1620 5147 2 4 18 O 10
1624 1626 2 23 0 C 0
1629 1628 2 3 0 C 0
4809 638 1 8 0 C 0
638 357 1 1 0 C 0
4589 1884 1 16 0 C 0
1884 5244 1 8 0 C 0
5147 5140 2 5 23 O 20
5138 5139 2 3 12 O 20
5139 5140 2 4 18 O 30
361 362 2 11 58 M 30
4490 363 2 11 57 O 10
364 365 2 11 61 M 20
365 366 2 9 47 O 10
3574 4863 2 14 0 C 0
370 373 1 2 11 O 20
373 372 1 4 20 O 20
372 369 1 17 91 O 10
369 371 1 5 23 O 30
372 368 1 11 60 M 10
368 373 1 15 79 O 30
368 369 1 5 22 M 10
4358 376 2 5 26 M 10
376 379 2 12 62 O 30
376 377 2 11 57 M 20
377 378 2 10 54 O 10
377 374 2 15 81 O 10
374 375 2 24 133 O 10
374 4523 2 12 63 O 30
380 381 2 22 121 M 30
381 383 2 11 60 O 20
381 382 2 9 47 O 30
3489 3497 1 11 0 C 0
3636 1235 2 10 54 O 30
1236 3686 2 21 115 O 20
3686 4187 2 31 168 M 20
2025 3485 2 12 65 O 30
385 386 2 10 54 O 20
387 388 2 18 95 O 30
389 390 2 26 144 M 10
391 393 2 24 131 O 30
392 389 2 23 124 O 30
393 392 2 2 10 O 10
396 395 2 40 217 O 10
395 399 2 3 13 O 10
398 397 2 6 30 O 30
399 398 2 2 9 O 10
394 395 2 7 38 M 10
402 405 2 38 207 M 10
404 403 2 12 66 M 20
405 404 2 2 9 O 20
1893 406 2 20 108 O 10
406 407 2 12 64 O 20
406 408 2 11 58 O 10
409 410 2 37 201 O 20
410 1164 2 7 37 O 10
1164 1163 2 8 40 M 10
1163 410 2 47 260 O 20
403 411 2 7 35 M 30
412 413 2 8 39 O 10
199 5498 1 2 0 C 0
5498 200 1 2 0 C 0
417 415 2 7 37 O 30
415 418 2 12 63 O 10
415 416 2 8 43 O 20
421 425 2 6 28 O 30
425 422 2 3 15 O 20
422 423 2 19 102 O 10
422 428 2 34 188 M 30
427 426 2 29 158 O 20
428 427 2 2 9 O 10
424 425 2 19 104 M 10
419 433 2 1 3 O 30
433 431 2 5 25 O 30
431 420 2 12 63 O 10
431 432 2 7 35 O 20
432 433 2 7 37 O 30
420 434 2 22 121 M 20
429 435 2 3 16 O 30
435 430 2 7 34 O 20
435 436 2 12 64 O 20
444 445 2 13 69 O 30
3292 450 2 1 4 O 10
450 448 2 3 16 O 30
450 451 2 2 10 O 20
441 442 2 9 45 O 10
441 453 2 9 45 O 20
453 447 2 5 27 M 30
447 443 2 2 9 O 10
452 453 2 6 30 O 20
446 447 2 3 16 O 10
441 449 2 2 6 O 20
454 455 2 19 103 O 10
455 458 2 7 38 O 30
459 460 2 24 132 O 20
456 462 2 2 10 O 20
462 457 2 10 53 O 10
461 462 2 3 16 O 30
469 470 2 15 80 O 30
471 469 2 6 30 O 30
469 464 2 4 19 O 30
472 473 2 12 64 O 20
473 474 2 5 25 O 20
467 473 1 5 23 O 10
472 465 2 3 16 M 20
475 482 2 11 60 O 10
478 479 2 11 57 M 20
480 481 2 11 59 O 20
483 484 2 10 51 O 30
485 3445 2 10 54 O 10
476 477 2 9 45 O 10
486 487 2 13 68 M 20
488 489 2 4 22 O 30
489 490 2 7 39 O 30
489 491 2 2 8 O 10
497 496 2 4 20 O 10
496 492 2 6 29 O 30
492 499 2 2 11 O 10
499 498 2 2 9 O 10
496 502 2 7 36 O 20
492 493 2 10 54 O 20
500 501 2 17 93 M 30
503 504 2 27 148 O 20
494 495 2 9 49 M 10
495 506 2 8 42 O 20
506 507 2 1 3 O 30
507 495 2 1 5 O 30
506 505 2 7 37 O 20
509 512 2 11 60 O 10
512 510 2 30 0 C 0
511 512 2 22 117 O 20
513 615 2 1 4 O 30
615 514 2 12 66 O 10
515 2940 2 12 65 O 10
516 517 2 17 90 O 20
520 521 2 9 45 M 20
525 527 2 3 14 O 20
526 2048 2 15 79 M 20
2048 527 2 23 124 O 20
198 3435 2 5 0 C 0
528 529 2 10 52 O 20
536 1817 1 9 0 C 0
1818 4528 1 10 0 C 0
537 4589 1 43 0 C 0
538 3865 2 4 21 O 30
539 1329 2 1 3 O 30
1329 1257 2 3 13 O 30
1257 1253 2 3 15 M 20
540 3685 2 6 30 O 30
541 4154 2 8 43 O 30
542 1331 2 1 4 O 20
4154 542 2 8 44 M 10
545 544 2 3 16 M 30
544 548 2 1 3 M 30
548 546 2 8 42 O 30
547 548 2 5 23 O 20
543 544 2 2 10 O 20
549 550 2 11 56 O 30
4928 2666 2 11 58 O 30
557 556 2 5 27 O 30
556 551 2 1 3 M 10
551 558 2 4 21 O 10
551 552 2 2 10 O 30
555 556 2 2 9 O 20
553 554 2 11 58 M 20
559 560 2 8 41 O 30
3078 4375 1 5 0 C 0
5316 2556 2 6 0 C 0
567 568 2 9 45 O 30
570 571 2 11 57 O 10
573 574 2 13 68 O 30
577 578 2 8 43 O 20
575 576 2 9 47 O 20
579 580 2 9 47 M 30
581 582 2 8 44 O 20
583 584 2 7 38 O 10
585 586 2 18 96 O 20
587 588 2 15 83 M 20
589 590 2 9 49 O 20
591 592 2 15 81 M 10
593 594 2 22 117 M 20
596 597 2 2 10 O 20
597 598 2 1 4 M 30
598 599 2 5 27 O 20
599 600 2 3 13 O 30
600 598 2 2 8 O 20
597 595 2 14 72 O 10
603 604 2 11 57 O 20
601 602 2 11 57 O 10
608 607 2 7 34 O 20
607 609 2 7 34 O 10
606 607 2 4 19 M 20
608 605 2 12 64 M 30
611 612 2 11 59 O 10
614 5371 2 10 0 C 0
613 1883 1 10 0 C 0
615 616 2 3 13 O 30
617 618 2 12 66 O 10
4615 1242 1 14 77 O 20
5468 3065 1 3 0 C 0
619 620 2 15 83 O 10
621 622 2 14 72 M 10
2649 173 2 5 24 O 30
3918 950 2 5 27 O 30
629 1475 1 3 14 O 20
1475 628 1 3 16 O 10
628 629 1 3 14 O 10
2093 341 2 1 4 M 10
341 334 2 1 2 O 20
334 336 2 2 6 M 30
336 110 2 4 18 O 10
110 345 2 2 8 O 20
345 337 2 3 11 M 20
337 3575 2 11 57 O 30
2093 2124 2 100 552 O 30
643 646 2 3 13 O 10
646 644 2 9 48 O 30
645 646 2 3 12 O 20
1192 4219 2 2 0 C 0
4219 4220 2 2 0 C 0
2407 3888 2 34 188 O 10
3888 2749 2 29 161 O 20
2408 2416 2 28 152 O 30
2416 3927 2 65 357 O 20
3927 2418 2 4 21 O 20
647 648 2 9 47 M 10
2413 2414 2 10 54 O 30
2414 2591 2 20 107 O 30
2591 2415 2 39 214 O 30
401 2417 2 26 142 O 20
2417 2407 2 28 152 O 20
2707 1482 2 21 113 O 20
1482 1393 2 7 37 O 10
2709 1203 2 8 43 O 30
652 653 2 4 17 O 30
654 655 2 5 24 O 30
656 657 2 3 16 O 30
658 659 2 5 27 O 30
660 661 2 4 17 O 30
662 663 2 5 24 O 30
664 665 2 3 16 O 30
4894 666 2 4 18 O 10
667 668 2 4 20 O 30
669 670 2 4 21 O 20
671 672 2 4 17 O 20
677 678 2 5 26 O 20
679 680 2 4 18 O 10
681 682 2 2 9 O 10
683 684 2 2 9 M 10
685 686 2 6 32 M 20
696 689 2 22 119 O 10
689 694 2 12 64 O 30
694 697 2 10 55 O 20
694 698 2 10 52 O 30
698 695 2 3 12 O 20
698 691 2 13 71 M 30
691 699 2 5 23 O 20
688 689 2 5 26 O 30
690 691 2 9 45 O 10
702 704 2 18 98 O 30
703 702 2 7 36 M 30
692 693 2 24 132 O 10
705 706 2 12 63 M 20
700 701 2 11 58 M 20
2626 709 2 9 48 O 20
2626 710 2 5 27 O 20
711 712 2 4 18 O 30
711 713 2 3 14 O 30
714 715 2 4 19 O 20
714 716 2 3 12 O 30
717 718 2 4 19 O 20
719 720 2 3 11 O 30
721 722 2 4 17 O 20
723 724 2 3 12 M 10
725 726 2 3 14 O 10
725 727 2 3 13 O 30
728 729 2 3 16 M 10
2620 730 2 3 13 O 20
728 731 2 3 13 O 20
2622 732 2 3 12 M 10
3074 733 2 3 14 O 20
734 735 2 3 14 M 30
736 737 2 3 14 O 20
738 319 2 4 18 O 30
739 740 2 3 16 O 30
741 742 2 4 20 O 20
743 744 2 3 17 O 30
745 746 2 3 15 O 10
745 747 2 5 24 O 30
748 749 2 3 16 O 10
750 751 2 3 16 O 20
752 753 2 2 8 M 10
753 754 2 3 11 O 10
753 755 2 2 6 O 10
756 757 2 3 16 O 30
758 759 2 4 17 O 30
760 761 2 2 10 O 20
762 763 2 2 9 O 20
2624 764 2 4 20 O 20
2623 324 2 6 30 O 30
2625 765 2 5 23 O 20
766 767 2 4 18 O 30
768 769 2 3 16 O 30
770 771 2 3 15 O 30
772 773 2 4 17 O 10
774 775 2 4 20 O 20
777 778 2 3 16 O 10
779 780 2 4 17 O 10
781 782 2 4 17 O 20
783 784 2 3 15 M 20
786 787 2 7 35 O 10
790 791 2 7 34 O 10
788 789 2 11 58 O 30
792 793 2 8 42 O 30
796 797 2 10 53 O 10
794 795 2 11 60 O 10
798 799 2 3 15 M 20
799 808 2 7 38 O 10
806 807 2 10 52 O 10
804 805 2 11 56 O 10
800 801 2 15 79 O 20
802 803 2 14 74 O 10
3631 809 2 6 31 O 30
2382 3631 2 30 167 M 20
2382 3782 2 8 39 M 10
3782 2383 2 14 75 M 10
2651 175 2 39 217 M 10
175 3732 2 25 137 O 10
1210 4283 2 6 33 O 10
3884 3885 2 33 183 O 30
3732 3884 2 73 402 O 10
813 3466 1 4 20 M 30
5481 810 1 3 14 O 10
811 307 1 3 16 M 30
3469 814 2 5 28 O 10
288 815 1 2 10 O 20
289 816 1 2 6 M 10
290 284 1 7 37 O 10
284 289 1 8 42 O 30
817 291 2 12 63 M 30
292 291 1 14 75 O 20
4039 292 1 13 68 M 30
287 818 1 1 4 M 20
3910 3908 1 14 72 O 20
2362 819 2 14 0 C 0
820 821 2 3 15 M 30
822 823 2 4 19 O 10
4502 824 2 4 18 O 10
825 826 2 5 26 O 30
827 828 2 4 20 O 20
829 830 2 4 17 O 10
831 832 2 3 14 O 30
833 834 2 4 17 M 20
835 836 2 4 17 O 30
837 839 2 4 17 O 10
839 838 2 3 11 O 30
839 840 2 2 9 O 20
841 842 2 2 9 O 30
843 844 2 3 16 O 30
282 845 2 5 25 M 30
846 847 2 3 16 O 30
848 849 2 4 18 O 20
850 851 2 3 16 O 30
852 853 2 3 14 M 20
854 855 2 9 49 O 30
5239 4159 1 32 177 O 30
856 1801 1 11 59 O 20
1801 4338 1 9 49 O 20
858 856 1 9 46 O 30
857 858 2 2 7 M 10
4159 423 1 4 18 O 10
423 396 1 4 20 M 20
396 390 1 18 95 O 30
390 858 1 9 45 O 30
5239 857 2 2 6 O 30
5095 3595 2 3 13 M 20
3595 2781 2 27 148 O 20
930 2562 2 2 0 C 0
1568 859 2 13 71 O 30
2153 2155 2 6 32 O 20
2155 2158 2 37 203 M 20
2158 2160 2 14 77 O 20
2160 3593 2 56 311 O 10
3593 3594 2 14 75 O 30
2170 2165 2 54 295 O 10
2165 3593 2 33 179 O 20
2166 2164 2 27 148 O 20
2178 5092 2 1 0 C 0
3956 2178 1 6 32 M 30
5093 193 2 2 0 C 0
5093 5094 1 7 0 C 0
48 49 2 4 21 M 30
49 2495 2 9 46 O 10
2495 5499 2 2 6 O 10
5499 50 2 2 6 O 10
42 48 2 30 165 O 20
3628 39 2 8 41 M 20
39 58 2 14 77 O 30
3857 2226 2 6 33 O 30
5434 2244 2 21 116 M 30
5435 4906 2 2 10 O 30
4906 5434 2 11 56 O 30
5373 5433 2 9 47 O 30
2987 3432 2 6 0 C 0
2499 3245 2 28 154 O 20
3245 1473 2 43 235 O 20
1473 27 2 21 116 M 30
27 69 2 7 34 O 30
69 2275 2 33 178 O 20
3500 4562 1 4 0 C 0
2095 1676 1 5 28 O 20
5369 4829 2 5 27 O 30
4829 2594 2 8 42 O 20
861 4211 2 2 10 O 20
4211 5439 2 28 153 O 30
4792 4793 2 2 9 O 10
3706 4890 2 5 27 O 20
862 864 2 7 36 O 10
864 863 2 4 18 O 20
864 865 2 2 6 M 10
866 867 2 5 23 M 30
868 869 2 5 28 O 20
870 871 2 6 28 O 10
871 872 2 7 36 O 10
873 874 2 4 20 O 30
875 876 2 7 37 O 30
877 878 2 5 24 O 10
877 879 2 9 46 O 30
880 881 2 5 24 O 30
882 883 2 4 20 O 10
884 885 2 3 13 O 20
886 887 2 3 13 O 20
888 889 2 7 38 O 20
890 891 2 5 27 O 20
892 893 2 5 25 O 20
894 895 2 4 21 O 20
896 897 2 6 28 M 10
898 899 2 4 17 M 20
900 901 2 2 9 O 10
902 903 2 4 20 O 30
904 905 2 5 25 M 20
906 907 2 6 31 O 20
908 909 2 4 18 O 30
910 911 2 4 17 O 20
912 913 2 3 14 O 30
914 915 2 6 31 O 30
916 917 2 3 12 O 30
918 919 2 5 24 O 30
920 921 2 5 24 O 10
1665 922 1 4 17 O 30
923 2368 1 3 16 O 20
924 2126 1 9 47 O 30
4911 923 1 6 32 O 20
4912 2111 1 11 60 O 30
2368 4912 1 6 32 O 30
2234 187 1 6 31 O 30
3772 2797 2 8 39 O 30
2797 5466 2 8 44 M 30
5466 250 2 1 5 O 30
250 252 2 3 0 C 0
252 2798 2 9 0 C 0
150 3 2 5 0 C 0
151 4168 2 6 0 C 0
951 2725 2 65 359 O 20
2725 2735 2 11 58 M 20
2735 3583 2 7 36 O 30
3583 929 2 5 25 O 10
2773 1653 2 38 0 C 0
932 933 2 5 25 O 10
1162 4895 2 10 55 O 20
5488 5486 1 3 0 C 0
5486 5487 1 3 0 C 0
2612 3981 1 3 0 C 0
2115 945 2 19 103 M 30
181 3629 1 4 20 M 30
4705 4711 1 3 16 O 30
4710 960 1 6 33 O 10
3558 959 1 4 21 O 10
961 4363 1 9 46 M 20
962 4706 1 5 26 O 30
5122 963 1 6 33 M 20
957 4703 2 5 28 O 20
958 4695 2 5 24 O 10
964 3675 1 13 68 O 10
4034 3848 2 9 47 M 30
3848 3849 2 6 32 M 20
966 965 2 20 109 O 10
968 967 2 20 111 O 10
4910 5473 1 8 43 O 10
5495 210 2 2 10 O 30
2578 2692 2 6 30 O 10
2692 4935 2 65 358 M 30
975 3268 2 3 15 O 20
3268 4143 2 22 119 O 20
1915 975 2 8 41 O 20
3812 351 2 2 7 O 30
351 347 2 15 80 O 20
347 2125 2 21 113 O 30
2009 2008 1 5 23 M 30
2008 4301 1 2 8 O 10
4714 2009 1 3 15 M 20
2039 2040 1 1 6 O 20
2040 2041 1 4 18 O 30
2024 2039 1 4 19 O 10
2041 2792 1 1 3 M 20
4385 2017 1 2 11 O 30
2017 2018 1 3 15 O 20
2018 2016 1 3 14 O 30
4706 4364 1 2 6 O 20
4707 4363 1 5 23 M 20
4363 4708 1 1 4 O 10
4708 4709 1 5 24 O 10
4709 4710 1 2 6 O 20
4710 4704 1 5 24 M 20
4704 4705 1 2 7 O 10
4705 4706 1 4 21 O 20
4951 4952 1 3 11 M 20
4952 4949 1 2 10 O 30
4949 4950 1 2 7 O 20
306 1937 1 2 7 O 20
305 4305 1 2 11 O 10
4305 1935 1 4 18 O 10
1935 306 1 3 14 O 30
1915 1912 1 3 14 O 20
1912 1913 1 4 20 O 30
1913 1916 1 2 7 M 20
1917 1915 1 4 18 O 20
1987 1990 1 2 11 M 30
1991 1989 1 4 17 O 10
1989 1988 1 4 17 O 30
1988 1987 1 3 14 O 20
2006 2824 1 3 13 O 10
2824 2004 1 3 12 O 20
2004 2005 1 2 8 O 30
1996 4383 1 2 7 O 20
2811 1998 1 3 13 O 30
1998 1997 1 2 10 O 20
1997 1996 1 3 13 O 30
2088 2090 1 3 0 C 0
2089 2087 1 3 0 C 0
2087 2088 1 2 0 C 0
1949 3018 1 4 20 O 20
3018 1945 1 7 36 M 10
1945 3017 1 5 26 M 10
3017 3661 1 2 7 O 20
1595 1596 1 4 17 O 20
1596 3020 1 4 19 O 20
3020 1594 1 3 15 M 30
1594 4362 1 2 9 O 30
4883 4882 1 2 0 C 0
4882 4884 1 4 0 C 0
1624 1622 1 4 0 C 0
1622 1621 1 3 0 C 0
1621 325 1 3 0 C 0
325 326 1 2 0 C 0
2064 2065 1 3 0 C 0
2065 2067 1 3 0 C 0
2067 2066 1 3 0 C 0
355 356 1 3 0 C 0
1840 1841 1 3 0 C 0
1841 355 1 2 0 C 0
4359 4361 1 1 5 O 30
4361 4360 1 1 5 O 30
4360 5172 1 2 8 O 30
4799 4801 1 2 6 O 20
4800 359 1 3 13 O 30
359 4804 1 2 6 O 30
4803 4802 1 3 12 O 30
4802 4799 1 2 10 O 10
4801 4800 1 3 12 O 20
273 275 1 3 0 C 0
275 274 1 3 0 C 0
274 4730 1 2 0 C 0
4730 276 1 2 0 C 0
4728 1760 1 2 0 C 0
1760 1735 1 3 0 C 0
1735 1761 1 2 0 C 0
3652 3651 1 3 0 C 0
3651 4749 1 2 0 C 0
3653 3652 1 3 0 C 0
3503 5047 2 8 43 M 10
4617 414 2 14 75 M 20
264 148 1 3 15 O 30
990 989 1 15 0 C 0
3401 990 1 12 0 C 0
2377 4607 1 13 0 C 0
166 2138 1 11 0 C 0
2138 2985 1 52 0 C 0
1647 2092 1 6 0 C 0
991 1646 1 6 0 C 0
3773 4116 2 5 26 O 30
992 4601 2 7 34 O 10
994 1644 1 6 30 M 30
3813 3814 1 4 0 C 0
996 931 2 2 10 O 30
998 997 2 2 8 O 20
999 1000 2 2 9 O 20
1001 1002 1 15 81 O 30
4929 4111 1 4 0 C 0
4226 2527 1 17 0 C 0
5305 1003 1 4 0 C 0
2364 5305 1 7 0 C 0
1004 3563 1 5 0 C 0
3563 5247 1 10 0 C 0
4781 1005 1 8 0 C 0
1006 5369 2 14 75 M 10
3868 4209 2 35 193 O 30
4209 1007 2 14 74 O 20
1008 2653 2 35 192 M 30
1009 2654 2 13 68 O 20
1010 1012 2 10 50 O 10
1012 1011 2 3 11 O 20
1012 1013 2 3 16 O 20
1012 1014 2 4 18 M 30
1016 1015 2 35 194 O 20
1018 1017 2 30 166 O 10
1202 1020 2 7 36 O 30
306 1022 2 10 55 M 30
1022 1021 2 3 16 M 20
1023 2389 2 5 25 O 30
1030 3767 1 13 0 C 0
3767 1038 1 11 0 C 0
1026 1037 1 8 0 C 0
1039 1026 1 14 0 C 0
1028 1029 1 8 0 C 0
1031 1030 1 8 0 C 0
1032 1031 1 21 0 C 0
1029 1027 1 21 0 C 0
1034 1033 1 38 0 C 0
1035 1034 1 30 0 C 0
1036 1035 1 3 0 C 0
1027 1093 1 17 0 C 0
1093 1036 1 30 0 C 0
1037 1028 1 14 0 C 0
1040 1039 1 5 0 C 0
1040 4227 2 17 0 C 0
1041 1042 2 14 75 O 30
3432 1043 2 3 0 C 0
1921 1920 1 3 14 O 10
1920 1922 1 1 5 O 20
1923 1921 1 3 15 O 30
2660 3278 2 23 127 O 10
3278 3270 2 5 26 O 10
3270 3274 2 14 74 O 10
3274 4231 2 19 101 O 30
4231 3284 2 2 7 M 30
3284 1931 2 9 50 O 20
3745 4283 1 3 13 M 30
4283 4285 1 3 12 O 10
4284 3745 1 3 14 M 20
4285 4284 1 3 14 O 20
5329 5330 1 3 13 O 10
5331 5032 1 3 13 O 20
5032 5329 1 3 13 O 10
5330 5331 1 3 12 O 20
2646 934 1 2 8 O 30
2645 2647 1 3 11 O 10
2647 2643 1 2 11 O 30
2643 3771 1 2 7 O 20
3771 2646 1 3 16 M 10
2277 2276 1 2 11 M 10
2627 2277 1 3 15 M 10
2276 2275 1 4 18 O 30
2275 860 1 2 10 M 20
4736 4732 1 1 4 O 30
4732 4733 1 2 9 M 20
4733 4734 1 1 3 O 30
4735 4742 1 1 4 O 30
4742 947 1 2 7 M 30
947 4738 1 1 3 O 20
4738 4736 1 2 9 O 30
4734 4740 1 1 5 O 20
212 2381 1 16 85 O 30
2381 4021 1 14 75 O 10
1049 1050 2 13 69 O 30
2486 2485 2 7 37 O 30
2200 2484 2 4 18 O 20
2208 2487 2 4 19 O 20
1062 2491 1 3 15 O 20
2491 1061 1 4 18 O 30
1061 1062 1 3 15 O 10
2966 2967 2 5 25 O 10
1066 65 1 3 14 M 20
65 1065 1 3 17 O 30
1065 1066 1 3 14 O 30
2493 2492 2 6 29 O 30
1071 2488 1 2 10 O 20
2488 1070 1 4 18 O 30
1070 1071 1 3 17 M 20
1073 2969 1 2 10 O 10
2969 1072 1 4 18 O 10
1072 1073 1 3 17 O 10
63 64 2 6 31 O 30
1077 62 1 2 10 O 20
62 1076 1 4 18 M 30
1076 1077 1 3 17 O 10
1079 2187 1 2 10 O 10
2187 1078 1 3 15 O 30
1078 1079 1 3 14 O 30
1081 1080 2 18 96 M 10
2164 2163 2 14 77 O 30
1092 5258 2 3 12 O 10
5258 2593 2 3 12 O 30
4436 271 1 4 0 C 0
271 272 1 5 0 C 0
272 1094 1 10 0 C 0
3751 301 2 17 0 C 0
301 3557 2 11 0 C 0
3557 3046 2 19 0 C 0
3046 302 2 33 0 C 0
302 1096 2 2 0 C 0
1097 4702 2 10 50 O 20
1101 1102 2 3 12 O 10
1105 1103 2 2 6 O 30
1106 1105 2 15 80 O 30
1105 1104 2 3 14 O 30
1108 1107 2 13 67 O 20
1109 4225 2 12 64 O 30
4225 2428 2 30 162 M 10
3688 1444 2 8 44 O 10
1444 3689 2 11 58 M 10
1110 1460 2 7 37 O 30
1460 1111 2 14 74 O 10
3855 4054 2 6 33 O 30
4053 4259 2 8 40 O 20
4259 106 2 19 105 O 30
106 3855 2 3 17 M 20
4168 354 2 4 0 C 0
354 3522 2 4 0 C 0
5392 2010 2 24 132 O 10
2010 2009 2 9 47 O 30
1112 1113 2 21 112 O 20
1114 1115 2 4 21 M 20
1116 2836 2 10 53 O 20
1117 1118 2 8 44 O 10
1119 1120 2 11 58 O 10
1121 3326 2 12 63 M 30
3326 1122 2 13 71 M 20
1123 1122 2 4 18 O 30
1122 1124 2 5 22 O 10
1125 3325 2 13 72 O 10
1126 3320 2 9 47 M 20
1127 1128 2 3 15 O 30
1129 3325 2 9 49 O 10
1130 1131 2 15 79 M 20
1132 3304 2 13 68 O 10
1133 1924 2 10 53 O 10
1134 1924 2 5 24 O 20
1135 1136 2 13 68 O 10
1137 1138 2 18 99 M 20
127 5238 1 2 0 C 0
1139 3562 1 3 0 C 0
3562 1140 1 6 0 C 0
5249 1139 1 5 0 C 0
1141 16 1 3 0 C 0
300 2087 2 12 0 C 0
3751 4313 2 58 0 C 0
4313 1142 2 7 0 C 0
640 4809 2 7 0 C 0
4809 3548 2 6 0 C 0
1143 1628 1 6 0 C 0
3545 3145 2 11 59 M 10
120 4369 1 12 63 M 10
4366 1597 1 9 49 O 10
1597 3559 1 10 51 O 10
3559 120 1 21 113 O 30
4711 4365 1 23 128 O 20
4367 5109 1 6 31 O 30
5109 5122 1 15 79 O 10
4368 4435 1 4 21 O 10
1144 3545 1 22 121 O 20
3544 5315 1 17 93 O 30
1145 4371 1 14 78 O 30
1146 4848 1 4 0 C 0
4848 4845 1 18 0 C 0
4846 1147 1 3 0 C 0
3496 3495 1 12 0 C 0
3404 1820 1 21 0 C 0
4847 4843 1 15 0 C 0
4849 4845 1 13 0 C 0
4850 4849 1 22 0 C 0
3488 1861 1 6 0 C 0
1861 1148 1 5 0 C 0
1860 4842 1 18 0 C 0
4855 4861 1 12 0 C 0
1442 4855 1 9 0 C 0
1150 5256 2 26 0 C 0
5256 2673 2 29 0 C 0
2673 3651 2 14 0 C 0
3653 1149 2 40 0 C 0
1151 1687 1 10 0 C 0
1433 1152 2 18 0 C 0
1155 4036 2 7 34 O 10
1157 3848 2 31 169 M 10
1158 3405 1 7 0 C 0
5050 3335 2 3 16 O 30
3335 1159 2 5 27 O 30
1161 5330 2 8 41 O 20
933 1162 2 3 16 O 10
1163 1165 2 15 79 O 10
1165 1164 2 10 54 O 10
409 4693 2 52 288 O 30
3887 4873 2 8 40 M 10
3611 3612 1 7 37 O 30
1986 1166 2 11 59 O 20
3836 1168 2 4 0 C 0
1173 1172 2 7 36 O 30
1175 1174 2 10 55 O 20
1176 2585 2 2 9 O 30
2585 2583 2 4 21 O 30
1177 1176 2 1 5 O 10
4298 4299 1 9 48 O 10
4299 4297 1 2 8 M 10
5444 5446 1 4 21 O 30
1185 1187 2 7 38 O 20
1185 4096 2 5 24 O 20
3458 1189 2 3 14 M 10
1188 1185 2 5 25 O 20
1186 5318 2 8 43 O 30
1189 1188 1 3 13 O 20
1188 5068 1 3 13 O 20
4095 3821 1 4 17 O 20
3820 4095 1 4 18 O 10
5361 1190 1 5 23 M 20
1190 3819 1 5 26 M 20
1191 1192 2 2 0 C 0
1193 3803 2 3 14 M 30
1195 1194 2 4 20 O 20
1197 1196 2 4 20 M 10
1200 1198 2 8 39 O 10
1201 1200 2 3 16 O 20
1200 1199 2 5 24 O 20
2749 3887 2 4 19 O 30
1203 5033 2 8 41 O 30
5033 1204 2 3 12 O 10
2564 1205 2 11 57 M 20
1206 401 2 5 28 O 10
1207 3961 2 6 31 O 10
3992 3991 1 214 0 C 0
3990 3989 1 216 0 C 0
3991 5234 1 90 0 C 0
2354 2316 2 6 30 O 20
1479 1208 2 24 133 O 20
1208 2745 2 6 29 O 30
2745 1209 2 6 32 M 10
401 1479 2 5 24 O 30
3732 1210 2 26 142 O 20
1211 1269 2 9 46 O 30
1269 4198 2 7 39 O 10
3811 1213 2 7 34 O 20
1213 2707 2 15 79 M 30
1216 3676 2 5 24 O 30
5032 1171 2 2 10 O 30
3888 1215 2 6 28 O 20
1212 2417 2 5 25 O 20
3650 1214 2 5 26 M 30
2316 2578 2 4 18 O 10
1226 4714 2 6 31 M 30
2687 3919 2 11 58 O 10
3919 2688 2 3 13 O 10
5019 1228 2 20 107 O 20
1227 2318 2 14 73 M 30
1229 3795 2 4 21 O 30
4187 1230 2 7 35 O 20
1231 1108 2 15 82 M 30
1108 4342 2 14 72 M 20
4342 152 2 4 21 O 10
152 4866 2 4 17 O 20
1232 1446 2 12 63 O 30
1233 4063 2 13 70 O 10
1234 4027 2 8 41 O 10
1235 384 2 9 49 M 20
1446 1236 2 10 53 O 20
3794 3762 2 6 32 O 20
1237 1376 2 1 5 O 20
1376 5091 2 4 19 O 20
5091 3762 2 5 24 O 10
1238 3746 2 24 130 M 30
1239 1682 1 7 35 M 10
1682 3909 1 9 46 O 30
3909 3910 1 3 12 M 20
1682 3901 1 3 12 O 20
1240 4191 2 18 96 O 10
3903 4189 2 1 4 O 30
4189 293 2 4 20 O 20
1242 1633 1 5 23 O 30
1633 1241 1 3 12 O 20
5473 1573 1 8 39 O 20
3501 4778 1 5 25 M 10
1246 3501 1 3 15 O 10
1247 1 1 3 14 O 30
1248 4777 1 7 34 O 30
1249 5030 1 2 0 C 0
3475 1249 1 2 0 C 0
1250 1161 2 32 176 O 10
1252 1253 2 3 15 O 10
1254 1253 2 8 41 O 20
1256 1255 2 17 93 O 10
1258 1257 2 9 48 O 30
1170 1261 2 14 74 O 10
1264 1263 2 5 28 O 30
3972 1265 2 4 19 O 20
1266 1267 2 10 55 M 30
1268 1267 2 7 35 O 20
1270 1269 2 12 63 O 10
1272 1271 2 6 30 O 20
1274 1273 2 6 33 O 30
1276 1275 2 14 75 M 20
1278 1277 2 6 29 M 20
1279 1275 2 5 24 O 30
1275 3879 2 33 183 O 10
1280 2096 2 8 43 O 10
1283 1281 2 12 62 O 20
1284 1283 2 4 20 M 30
1283 1282 2 10 53 O 20
1285 4166 2 23 126 O 10
4166 1300 2 4 19 O 10
1300 2095 2 19 103 O 20
1287 1286 2 11 57 O 10
1289 1288 2 5 24 O 20
1291 1288 2 8 41 O 20
1288 1290 2 1 5 O 30
1451 1289 2 16 84 O 20
1289 1292 2 7 39 M 10
1452 1509 2 4 21 O 30
1296 1295 2 15 78 O 30
1295 1293 2 3 11 O 30
1295 1294 1 19 102 O 30
1298 1297 2 9 47 O 20
1154 1153 2 3 13 M 30
1300 1299 2 16 89 O 20
1302 1301 2 17 89 O 20
2211 2212 2 31 171 O 30
1675 5097 1 11 61 O 30
1305 4911 1 3 13 O 20
2111 1303 2 4 20 O 10
1304 2109 2 18 97 O 20
1313 1312 2 3 12 O 10
1315 1314 2 3 11 M 30
1317 1316 2 3 14 O 30
1319 1318 2 3 13 O 10
1321 1320 2 4 17 O 10
1323 1322 2 3 13 O 20
1325 1324 2 10 54 M 30
1327 1326 2 8 42 O 30
1329 1327 2 4 19 O 10
1327 1328 2 3 15 O 10
1331 1330 2 13 71 O 20
1333 1332 2 11 60 M 20
1335 1334 2 9 49 O 10
1337 1336 2 10 52 M 10
1339 1338 2 11 58 O 30
1341 1340 2 10 53 O 30
1343 1342 2 11 59 O 10
1345 1344 2 9 47 O 20
1347 1346 2 8 44 O 20
1349 1348 2 10 50 O 10
1351 1350 2 11 56 O 30
1353 1352 2 11 56 O 10
1355 1354 2 9 49 M 30
1357 1356 2 9 46 O 30
1359 1358 2 9 49 O 10
1361 1360 2 10 53 O 30
1364 1363 2 9 50 O 30
1366 1365 2 11 57 O 10
1368 1367 2 14 77 M 30
1370 1369 2 2 8 O 20
1372 1370 2 3 16 O 10
1370 1371 2 9 47 M 20
1374 1373 2 11 56 O 10
1376 1375 2 11 59 O 10
1378 1377 2 5 24 O 20
1380 1379 2 11 58 M 30
1382 1381 2 10 54 M 10
1384 1383 2 7 36 O 20
1385 5252 2 13 67 O 30
810 1574 1 6 29 O 30
1390 3897 1 6 32 O 10
3900 3901 1 4 20 M 20
5260 3900 1 10 54 O 20
3779 1244 1 3 12 O 30
3779 1243 1 2 10 O 20
1572 5478 1 1 4 O 20
1572 1387 1 2 7 O 10
1528 1571 1 2 11 O 30
1388 1491 1 3 11 O 20
1389 1491 1 3 11 M 20
3896 1527 1 16 85 O 20
4778 1245 1 3 12 O 30
3901 1390 1 2 8 M 10
2295 1386 2 29 159 O 20
1630 812 1 3 14 O 30
1630 1001 1 3 14 O 10
1573 119 1 2 10 O 20
4188 279 2 7 34 O 20
1391 964 1 4 21 O 10
5029 1392 1 3 0 C 0
649 3811 2 7 34 O 30
1394 1310 2 6 31 O 10
1310 1311 2 2 10 O 10
1395 3811 2 11 60 M 10
1393 1206 2 6 28 O 10
1514 1397 1 2 0 C 0
3866 4075 2 3 15 O 20
4075 1398 2 2 8 O 10
1409 1410 2 14 74 O 10
1411 1412 2 15 78 O 20
1413 1414 2 13 68 O 20
1399 1400 2 11 61 M 10
1401 1402 2 16 88 O 30
1404 1403 2 11 56 O 10
1405 1406 2 6 28 O 20
1416 1417 2 16 88 M 30
1419 1418 2 23 123 O 30
1420 1421 2 18 96 O 30
1422 1423 2 17 91 M 20
1424 1425 2 8 44 O 20
1426 1427 2 20 108 M 10
1428 1430 2 13 68 O 20
1430 2313 2 2 9 O 10
1429 1430 2 7 33 O 10
S M L L S M S L S L M S M L S L M S L S M L M L S S L M M S L L M S M L S S M L S M L S M S L M S L M S L M S L M S L M S L L M S L S M L M S L S M M L S L M
