5179 6300 64800 76 4385 0.5
4814 4813 2 3 13 O 20
4813 2909 2 33 183 O 10
2909 1418 2 31 170 O 10
2048 2543 1 7 34 O 20
1765 1766 1 2 0 C 0
1766 714 1 10 0 C 0
714 4746 1 6 0 C 0
1818 752 1 16 0 C 0
752 2139 1 92 0 C 0
2139 2659 1 18 0 C 0
2659 4101 1 27 0 C 0
4101 4100 1 13 0 C 0
4100 110 1 14 0 C 0
3576 131 1 7 0 C 0
131 132 1 7 0 C 0
132 342 1 60 0 C 0
342 343 1 7 0 C 0
343 4420 1 5 0 C 0
4213 4646 1 80 0 C 0
983 982 2 17 0 C 0
188 3566 2 19 0 C 0
3785 3055 2 13 68 O 10
3055 3056 2 18 95 O 20
3056 3042 2 76 421 O 20
3042 3034 2 16 85 O 30
1045 1046 2 3 0 C 0
2335 4428 1 87 480 O 30
2609 1716 1 21 115 O 30
1716 2607 1 26 139 M 10
2601 2600 1 3 0 C 0
2605 2610 1 38 207 O 20
4943 1793 1 3 14 O 10
2614 4919 1 17 92 M 20
2620 2619 1 31 168 O 10
2619 109 1 93 515 O 10
2662 1785 2 35 0 C 0
4237 4124 2 14 0 C 0
4124 4122 2 21 0 C 0
4122 3722 2 21 0 C 0
2667 2668 2 18 0 C 0
2667 2669 2 77 0 C 0
2671 848 2 7 0 C 0
848 2672 2 63 0 C 0
627 628 1 121 0 C 0
2546 2645 2 14 74 O 10
2546 4009 2 9 46 O 20
2949 2377 1 71 394 O 10
2377 1214 1 11 61 O 20
1214 2948 1 59 0 C 0
2954 1246 2 13 0 C 0
1246 2058 2 44 0 C 0
985 982 1 6 0 C 0
982 979 1 5 0 C 0
2347 4400 1 7 0 C 0
3575 3573 1 9 0 C 0
3722 3723 2 37 0 C 0
2547 2953 2 3 12 O 10
2953 3882 2 14 74 O 20
3882 3726 2 3 16 M 10
2283 3784 1 19 104 O 20
3787 192 1 6 33 O 20
3794 135 1 26 0 C 0
135 4258 1 8 0 C 0
4258 996 1 48 0 C 0
1753 2541 1 3 11 M 30
2524 845 2 11 0 C 0
3809 420 1 49 0 C 0
5158 3813 1 9 0 C 0
2148 5153 2 21 0 C 0
3789 3790 1 9 0 C 0
3997 3999 2 21 0 C 0
3999 4000 2 24 0 C 0
4000 3995 2 20 0 C 0
3996 3997 2 60 0 C 0
2361 4011 2 3 0 C 0
4011 4010 2 20 0 C 0
4010 4059 2 3 0 C 0
4059 4006 2 18 0 C 0
4928 802 2 12 63 O 10
802 800 2 3 15 O 10
800 2646 2 26 142 O 20
2646 4009 2 15 78 O 30
4011 830 2 52 288 O 10
830 833 2 2 9 O 10
833 1861 2 8 43 O 30
3955 3956 1 7 36 O 30
3956 4767 1 3 13 M 10
4686 2474 2 54 298 O 10
4045 4129 2 9 50 O 10
1236 3752 2 14 74 M 10
3752 4130 2 22 119 O 10
4130 4073 2 15 81 O 30
4073 4131 2 14 77 M 10
4131 2548 2 3 12 O 10
4628 3537 2 46 253 M 10
3537 3536 2 3 13 O 30
4354 4355 1 4 0 C 0
2502 4668 1 8 0 C 0
4668 1773 1 7 0 C 0
4347 4348 1 4 0 C 0
4348 4344 1 5 0 C 0
3801 3802 1 4 0 C 0
3804 5154 2 3 0 C 0
3818 3820 1 3 0 C 0
3953 2945 2 25 138 O 20
4032 4033 1 5 23 O 20
4383 4384 2 40 0 C 0
4384 4385 2 39 0 C 0
774 4385 2 17 0 C 0
4387 810 2 46 0 C 0
810 2652 2 41 0 C 0
2652 5148 2 42 0 C 0
5148 760 2 8 0 C 0
3802 3783 1 4 0 C 0
559 2137 1 22 120 O 20
3467 4703 1 17 91 M 20
4703 3861 1 6 32 O 30
3861 4682 1 9 46 O 30
2142 2181 1 4 19 O 10
2181 4684 1 7 34 O 30
4685 2180 1 2 6 O 10
4688 4702 1 3 13 M 10
4684 4696 1 2 7 O 20
4944 624 1 42 0 C 0
2180 4684 1 2 11 O 10
4128 2478 1 41 224 M 20
2478 3860 1 63 347 O 20
4688 3945 1 15 82 O 10
3945 3695 1 8 44 O 10
2540 4689 1 31 171 O 20
4687 4703 1 29 157 O 20
2666 2665 1 4 19 O 10
2665 1872 1 2 11 O 20
1872 1871 1 14 73 O 30
4318 4321 1 17 89 O 30
4755 3385 1 6 31 M 20
3385 1050 1 70 385 O 20
4359 1043 1 7 36 O 30
4559 715 1 20 0 C 0
715 6 1 11 0 C 0
530 3953 2 13 70 O 20
1755 4636 2 9 0 C 0
4636 4519 2 10 0 C 0
4519 1754 2 9 0 C 0
1754 4633 2 8 0 C 0
4633 4635 2 15 0 C 0
4635 4634 2 5 0 C 0
4634 919 2 23 0 C 0
919 2333 2 85 0 C 0
2049 2050 1 2 7 O 10
4779 3106 2 14 77 O 20
3106 2203 2 41 226 O 20
4782 4952 2 18 99 O 10
4952 4783 2 27 148 O 30
4784 2938 2 11 61 O 30
2938 4285 2 2 8 M 30
4285 2941 2 15 80 O 10
2941 4785 2 36 195 O 10
4785 2931 2 10 54 M 10
2931 4783 2 19 100 O 30
4783 4786 2 89 490 O 10
4786 4787 2 18 96 O 30
4785 4789 2 32 176 O 20
4789 4790 2 63 346 O 20
4789 4791 2 29 156 M 10
1384 4382 2 37 202 M 30
3715 185 1 9 44 O 30
3718 4800 1 11 59 O 20
185 1753 1 3 16 M 20
4803 3081 1 33 181 O 20
3081 3067 1 25 139 M 10
3067 3074 1 6 31 O 30
3074 163 1 14 77 O 20
163 3681 1 6 32 M 30
4807 1450 1 40 222 O 10
1450 4809 1 11 57 M 10
4809 2255 1 7 39 O 30
4812 4813 1 13 67 O 20
4813 2259 1 114 632 M 30
4815 4816 1 140 777 M 20
4817 4818 1 134 740 O 20
4820 1400 1 99 545 M 30
4710 2090 1 30 167 O 20
2090 4286 1 43 234 O 10
4286 4287 1 28 155 M 10
4287 4288 1 5 28 O 20
4288 4289 1 8 40 O 30
4289 5065 1 4 19 O 20
4811 1044 1 3 14 M 30
2088 4816 1 3 11 O 10
4816 4819 1 4 17 O 10
4819 2086 1 5 23 O 10
2086 4822 1 2 8 O 30
4822 2087 1 5 24 O 30
2087 4817 1 2 8 O 10
4817 2088 1 1 4 M 10
4786 4953 2 15 80 O 30
4953 2925 2 33 179 O 20
2925 4952 2 17 92 O 30
4953 4954 2 26 144 O 10
2127 3996 2 2 0 C 0
117 811 2 90 0 C 0
811 1045 2 47 0 C 0
1388 779 2 24 0 C 0
773 780 2 24 0 C 0
778 779 2 29 0 C 0
780 1388 2 29 0 C 0
807 806 2 27 0 C 0
806 805 2 30 0 C 0
805 803 2 24 0 C 0
803 804 2 24 0 C 0
804 808 2 22 0 C 0
808 809 2 22 0 C 0
2519 4664 1 9 0 C 0
844 3809 2 55 0 C 0
845 844 2 16 0 C 0
847 3821 2 7 0 C 0
846 847 2 6 0 C 0
4363 4794 2 14 74 O 10
4794 3709 2 4 0 C 0
3709 757 2 6 0 C 0
757 851 2 15 0 C 0
851 3701 2 4 0 C 0
3712 2112 2 41 223 O 10
2112 854 2 20 106 O 10
854 855 2 27 145 O 20
855 856 2 43 238 M 20
856 854 2 23 123 O 30
854 857 2 21 116 M 10
624 514 2 11 0 C 0
514 4468 2 3 0 C 0
4468 4457 2 2 0 C 0
4457 4456 2 5 0 C 0
4456 473 2 3 0 C 0
473 4644 2 16 0 C 0
4644 471 2 2 0 C 0
471 859 2 2 0 C 0
4691 4945 2 6 30 O 20
4945 2281 2 8 42 O 30
2281 860 2 3 15 O 30
4692 775 2 50 273 O 10
775 488 2 42 231 O 20
488 861 2 22 121 M 20
2016 864 2 20 108 O 10
864 862 2 12 64 O 30
2525 352 1 4 21 O 20
352 4589 1 15 80 O 10
4589 862 1 28 155 O 30
864 4590 1 29 156 O 20
4590 353 1 10 54 M 10
353 863 1 4 21 O 30
866 865 2 14 77 M 10
865 3971 2 21 112 O 30
877 874 2 16 0 C 0
874 875 2 2 0 C 0
876 877 2 18 0 C 0
876 878 2 17 0 C 0
881 882 2 29 159 O 20
884 885 2 9 49 M 20
886 883 2 14 0 C 0
883 885 2 33 182 O 20
885 4022 2 16 86 O 10
4022 882 2 22 118 M 10
882 880 2 19 101 O 20
880 887 2 52 0 C 0
888 889 2 18 98 O 10
890 889 2 30 162 O 10
889 891 2 59 328 O 30
891 898 2 21 0 C 0
898 892 2 22 0 C 0
892 893 2 9 0 C 0
894 896 2 24 132 O 30
896 891 2 21 115 O 10
896 895 2 9 44 M 20
895 867 2 3 12 M 30
897 870 2 2 8 O 10
906 4165 2 24 0 C 0
4165 4164 2 5 0 C 0
4164 1161 2 18 0 C 0
1161 4308 2 5 0 C 0
4308 907 2 21 0 C 0
2599 1148 2 26 0 C 0
4298 909 2 7 33 M 20
919 1745 2 15 0 C 0
1745 1746 2 23 0 C 0
1746 920 2 34 0 C 0
918 2582 2 44 0 C 0
2582 931 2 30 0 C 0
931 922 2 82 0 C 0
922 921 2 67 0 C 0
922 928 2 27 146 O 30
928 924 2 27 146 O 20
924 923 2 9 46 M 20
924 2545 2 14 76 O 20
2545 792 2 1 5 O 20
792 925 2 7 38 O 10
925 2334 2 4 18 M 20
2334 927 2 34 187 O 20
927 926 2 11 57 M 20
925 794 2 5 25 O 20
794 797 2 4 18 O 10
797 927 2 50 274 O 10
928 929 2 86 0 C 0
2331 4090 2 30 166 O 30
933 934 2 15 80 O 20
935 936 2 24 131 O 30
937 939 2 17 91 M 10
939 938 2 18 95 M 30
939 940 2 33 181 O 30
941 942 2 54 298 O 30
943 944 2 29 160 O 30
2546 1849 2 34 187 O 10
1849 4015 2 4 22 M 30
946 961 2 53 290 O 20
961 1327 2 16 85 M 10
1327 716 2 12 65 O 10
716 947 2 23 125 O 30
948 945 2 19 103 O 10
945 949 2 21 112 O 10
950 951 2 12 66 M 20
951 952 2 17 94 O 20
951 3757 2 40 220 O 30
953 957 2 9 49 O 30
957 954 2 23 123 O 20
954 955 2 24 132 O 20
954 956 2 74 408 O 10
956 4086 2 8 39 O 30
4086 4087 2 3 12 O 20
957 3687 2 68 376 O 20
958 4077 2 3 11 O 20
4077 4079 2 5 26 O 30
4079 3686 2 26 139 O 20
959 4180 2 14 72 M 30
4180 960 2 10 52 O 10
960 649 2 2 6 O 10
1187 962 2 21 112 O 20
962 963 2 12 65 O 30
962 964 2 8 43 O 20
1743 1744 1 3 13 O 30
1778 1779 1 11 60 M 10
1780 1781 1 15 81 O 20
51 52 2 5 0 C 0
315 2028 2 4 0 C 0
2028 4518 2 4 0 C 0
4518 4516 2 22 0 C 0
4516 4503 2 20 0 C 0
2413 1088 1 41 222 O 10
2637 2031 1 3 13 O 10
3456 2624 1 4 0 C 0
2624 4642 1 7 0 C 0
4642 2623 1 11 0 C 0
2623 3457 1 22 119 O 20
3457 2135 1 7 38 O 20
2135 1780 1 7 37 O 10
1422 4323 1 69 383 O 30
4323 2750 1 32 173 O 20
2113 2112 2 49 269 O 10
2114 1555 1 5 0 C 0
2117 2116 1 4 0 C 0
4874 4249 1 102 0 C 0
2119 1378 2 76 418 O 20
2952 2560 1 15 80 O 20
2124 2125 2 23 124 O 20
2164 2914 2 40 222 O 30
2914 2165 2 33 181 O 30
2165 2166 2 24 128 O 20
2165 2921 2 23 123 O 10
2921 2923 2 19 106 M 20
2923 2912 2 14 76 O 30
2912 2164 2 11 56 O 30
3819 3816 1 3 0 C 0
1775 2005 1 3 0 C 0
10 2384 2 15 0 C 0
2384 2383 2 16 88 M 20
2383 2389 2 17 90 M 30
2389 2386 2 37 0 C 0
2387 2422 2 24 130 O 30
2422 2394 2 23 123 O 20
2394 2388 2 17 90 O 10
2404 2406 2 14 0 C 0
2406 2401 2 20 0 C 0
2403 2404 2 48 0 C 0
2395 2407 2 31 168 M 30
2401 4578 2 3 0 C 0
2408 2396 2 34 186 O 20
2409 2410 2 16 86 M 10
2411 2410 2 9 47 M 20
2410 2412 2 55 303 O 30
2414 2399 2 14 74 O 10
2415 2398 2 18 95 M 30
2416 2417 2 94 0 C 0
2390 2046 2 15 80 M 10
2046 2426 2 26 144 O 10
2426 2424 2 44 240 O 20
2424 2418 2 17 91 O 30
2419 2420 2 17 94 O 20
2420 2047 2 25 136 O 20
2047 2046 2 20 108 O 20
2420 2421 2 31 171 O 30
2423 2047 2 9 49 O 30
2424 2425 2 17 92 O 20
2426 2427 2 52 285 O 10
2431 2432 2 39 217 O 20
2432 2433 2 35 189 O 30
2432 2428 2 29 160 O 30
2434 2435 2 22 118 O 30
2436 2429 2 14 74 M 20
327 2949 2 3 16 M 30
2949 2440 2 52 287 M 20
2441 2392 2 39 216 M 20
2442 2443 2 14 77 O 10
2443 2444 2 4 19 O 30
2445 683 2 21 113 O 30
683 3932 2 4 22 O 30
3932 3933 2 1 5 M 20
3933 2444 2 43 236 O 30
4126 554 2 21 114 O 30
554 555 2 11 58 O 20
555 558 2 8 39 O 30
558 2446 2 15 78 O 30
2446 2445 2 8 43 O 10
2445 2447 2 27 147 O 10
2447 4652 2 31 167 O 30
4652 4654 2 4 18 M 20
4654 2567 2 10 50 O 30
2567 2448 2 8 40 M 20
2449 2447 2 21 114 O 10
2450 2451 2 17 94 O 20
2451 2453 2 20 110 O 20
2453 2452 2 18 100 M 20
2453 2454 2 18 100 O 10
2455 2451 2 9 47 O 20
2456 2459 2 25 136 O 30
2459 2457 2 10 54 O 20
2458 2459 2 41 226 O 20
2460 5052 2 68 373 O 20
5052 3749 2 8 42 O 20
3749 3745 2 9 45 O 20
2462 2463 2 16 84 O 10
2464 3916 2 20 109 O 30
3916 2465 2 4 21 O 10
2466 2464 2 8 43 O 10
2464 2467 2 18 97 O 10
2468 2475 2 14 76 O 10
2475 2469 2 12 63 M 20
4682 2470 2 13 71 O 10
2470 2471 2 23 127 O 30
2472 2471 2 6 33 O 10
2471 2473 2 14 76 O 20
2473 2470 2 23 123 O 10
2474 2475 2 83 460 O 10
4314 2476 2 19 100 M 30
2476 2468 2 26 139 M 20
2468 2482 2 22 121 O 30
2482 2477 2 42 228 O 10
2477 2478 2 3 12 O 20
2479 2481 2 6 31 M 30
2481 2480 2 6 31 O 20
2481 2482 2 14 74 O 20
2483 2476 2 57 312 O 30
2484 2485 2 14 74 O 20
2485 2486 2 10 52 O 30
2486 3861 2 3 12 O 20
2487 2485 2 4 18 O 10
2488 2490 2 19 103 O 30
2490 2489 2 10 52 O 10
2490 2491 2 20 110 O 10
2494 2493 2 25 137 O 10
2498 2499 2 16 85 O 30
969 87 2 11 0 C 0
87 3739 2 6 0 C 0
3739 195 2 4 0 C 0
4999 1300 1 3 13 O 30
2589 198 2 1 0 C 0
198 199 2 42 232 O 10
617 4713 2 3 17 O 10
2595 821 2 20 0 C 0
836 911 2 34 0 C 0
2514 1914 2 12 0 C 0
2674 2675 2 15 80 M 10
2675 2676 2 25 137 O 30
2676 815 2 21 113 O 10
815 5123 2 5 28 O 20
5123 2677 2 12 65 M 30
2678 2837 2 20 107 M 10
2837 2679 2 10 53 O 20
2679 2680 2 8 44 O 30
2680 2677 2 19 100 O 10
2677 1735 2 31 169 M 30
1545 2685 2 31 171 O 20
2687 2688 2 16 89 O 10
2689 1550 2 11 59 M 10
5087 2692 2 24 130 O 20
2692 2693 2 29 161 O 20
3950 2694 2 29 156 O 20
2694 5053 2 11 61 O 30
5053 2692 2 45 250 O 30
2692 5091 2 11 56 O 30
5091 1540 2 49 271 M 10
1540 5124 2 1 4 O 30
5124 2695 2 13 70 O 20
2698 2696 2 19 105 O 20
2682 2699 2 37 200 M 20
2699 2702 2 16 85 O 20
2702 1535 2 41 223 O 20
2700 1544 2 12 62 O 20
2701 2702 2 36 199 O 30
2683 2704 2 17 91 O 10
2704 2703 2 25 138 M 20
2704 2684 2 43 235 O 10
2705 2706 2 31 170 O 10
1546 1536 2 18 98 O 10
2686 1737 2 43 234 O 20
1737 2707 2 17 91 O 10
1528 2709 2 63 347 O 30
2708 2710 2 56 306 O 20
2714 1518 2 11 58 O 30
2713 2715 2 18 96 O 20
2716 5093 2 10 50 O 10
5093 2717 2 10 54 O 30
2718 2719 2 8 42 M 20
2720 2719 2 5 28 M 20
2719 2721 2 22 120 O 30
2722 2132 2 44 244 O 20
1527 2730 2 20 106 O 20
2730 1521 2 34 187 O 10
2723 2724 2 20 110 O 20
2724 2728 2 13 71 M 20
2728 2725 2 33 180 O 30
2726 2727 2 38 209 M 30
2728 4939 2 25 138 O 20
4939 4938 2 3 11 M 10
4938 1532 2 14 75 M 10
1529 2731 2 16 86 O 10
2731 2729 2 18 99 O 10
2730 2729 2 17 89 O 10
2729 4990 2 24 130 O 30
4990 2731 2 28 153 O 30
2732 2743 2 20 110 O 20
2743 2744 2 21 113 O 30
2744 1864 2 19 104 O 20
2738 2732 2 21 116 O 10
2732 2739 2 48 264 O 10
2739 2740 2 79 436 M 20
2741 2742 2 78 428 O 10
1497 2745 2 79 435 O 20
2745 2747 2 31 168 O 10
2747 1458 2 19 104 M 10
1458 2746 2 18 98 O 10
2747 744 2 51 283 O 10
744 2748 2 5 22 O 10
2748 1455 2 37 203 O 10
1084 4712 2 3 11 O 30
1451 2748 2 19 102 M 20
2234 2752 2 11 59 M 30
2756 1435 2 7 36 O 30
1435 2757 2 7 35 O 30
2758 2753 2 16 88 O 20
2759 2760 2 19 103 O 20
2754 2760 2 16 87 O 20
2760 2761 2 11 58 O 10
2761 1434 2 77 423 O 20
2762 2763 2 13 71 O 20
2764 5056 2 37 202 O 20
5056 304 2 9 50 O 10
5063 2770 2 19 104 O 20
2770 2769 2 4 18 M 10
2769 2775 2 23 125 O 20
2775 2766 2 26 142 O 10
4304 2767 2 10 55 O 20
2768 2769 2 83 459 O 10
2770 2771 2 31 167 M 30
2772 2773 2 16 86 O 30
2774 2775 2 83 459 M 30
2775 2773 2 38 209 M 20
2773 2231 2 22 117 O 10
2231 2781 2 9 44 M 30
2777 2776 2 69 379 O 20
2776 2778 2 16 84 O 30
2779 2780 2 17 90 M 10
2765 2782 2 14 75 O 20
2782 2783 2 90 499 O 10
2751 2784 2 23 126 O 10
2791 2785 2 16 85 O 10
2785 2786 2 23 128 O 30
2786 2787 2 18 95 M 20
2787 1483 2 24 130 O 10
1483 1486 2 16 84 O 20
2788 2787 2 13 72 O 30
2789 2786 2 24 132 O 10
2785 2790 2 42 230 M 30
2791 2784 2 35 191 O 20
2784 2790 2 8 43 O 20
2790 2237 2 8 39 O 10
2237 1448 2 33 180 O 20
2792 1452 2 11 60 O 20
1475 2793 2 27 147 O 10
2794 2795 2 44 239 O 10
2734 1504 2 50 277 O 20
2798 2819 2 12 65 O 10
2819 2799 2 13 71 O 20
2799 2818 2 8 43 M 10
2818 2800 2 11 56 O 10
2802 2806 2 35 190 O 20
2806 2804 2 29 157 M 10
2805 2806 2 14 78 O 20
248 93 2 4 21 O 10
93 2804 2 1 5 O 20
2804 1520 2 11 61 O 10
1520 4026 2 8 39 O 10
4026 5108 2 8 44 O 10
2807 2808 2 17 92 O 30
2809 2810 2 5 25 O 10
2810 2811 2 5 27 O 10
2812 2799 2 11 58 O 20
2810 2801 2 10 52 O 20
2813 2814 2 22 120 O 20
2815 2816 2 7 39 O 30
2816 2817 2 7 37 M 10
2816 2818 2 14 74 M 10
2819 2820 2 21 114 M 10
2820 2821 2 43 234 O 30
2822 2823 2 21 114 O 10
2820 2813 2 47 259 O 20
2841 4958 1 8 42 O 10
4958 1733 1 41 225 O 20
2827 2828 2 10 51 M 30
2829 2830 2 18 95 O 10
2831 2679 2 11 59 O 10
2676 2678 2 34 188 M 30
2678 2832 2 36 198 O 10
2832 1484 2 17 94 M 30
2680 2833 2 42 233 O 20
2835 2837 2 50 277 O 10
2832 2836 2 9 48 O 10
2836 2838 2 62 340 O 10
2839 2840 2 10 54 M 20
2834 2838 2 28 154 O 10
2838 4957 2 11 56 O 10
4957 1732 2 8 43 M 20
2842 2846 2 17 89 O 30
2846 2843 2 13 67 O 10
2843 2826 2 18 99 O 30
2843 2829 2 46 253 O 10
2829 2847 2 34 184 O 30
2847 2844 2 14 74 O 10
2844 2845 2 42 233 O 20
2846 2847 2 68 375 O 30
2844 2848 2 24 130 O 10
2849 2353 2 10 52 O 30
2353 2853 2 33 182 O 20
2853 3683 2 40 221 O 10
2852 2853 2 24 129 O 20
2854 2855 2 19 105 M 30
1505 2674 2 51 281 O 30
2674 2797 2 14 72 O 10
2857 2859 2 41 223 O 10
2859 2675 2 25 138 O 20
2858 2859 2 51 279 M 20
2860 2858 2 17 89 O 30
2858 2865 2 10 50 O 30
2865 2795 2 17 91 O 30
2795 2857 2 16 86 O 10
2857 1488 2 10 51 O 30
2861 2862 2 56 308 O 10
2863 2794 2 18 96 O 20
2794 2861 2 22 118 O 30
2861 2796 2 19 104 M 10
2864 2865 2 13 67 O 10
1444 2239 2 35 193 M 10
2239 2866 2 12 66 O 20
2867 2902 2 12 62 M 30
2902 1442 2 22 118 O 10
1442 2868 2 45 246 O 30
2869 2904 2 15 81 M 20
2904 2870 2 29 159 O 20
2870 2868 2 12 63 O 10
2868 2871 2 18 96 O 20
2870 2872 2 46 250 O 10
2873 2872 2 19 103 M 30
2872 2874 2 16 84 M 20
2874 4240 2 16 84 O 10
4240 2869 2 13 70 O 10
2869 2905 2 9 50 M 10
2905 2875 2 17 89 M 30
2875 1464 2 25 138 M 10
2875 2877 2 22 120 M 10
2877 2876 2 15 83 O 20
2876 2874 2 40 217 O 10
2877 2878 2 16 88 O 20
2879 2876 2 17 93 O 20
1480 4970 1 12 61 O 30
4970 2825 1 29 161 O 10
2881 2882 2 93 515 O 10
2882 2884 2 14 72 O 30
2884 2885 2 28 153 O 10
2884 2886 2 24 133 O 10
2887 2888 2 16 87 O 30
2889 2890 2 56 311 M 20
2891 2892 2 13 69 M 30
2893 2889 2 46 253 O 10
2889 2894 2 26 140 M 30
2895 2894 2 16 84 O 10
2894 2896 2 15 79 O 30
2897 2893 2 18 97 M 10
2893 2892 2 17 92 O 30
2892 2898 2 25 134 O 10
1460 2901 2 20 108 O 30
2899 2901 2 27 149 O 10
2901 2895 2 32 174 M 30
2895 2880 2 19 102 O 30
1441 2902 2 57 316 O 30
2903 2867 2 50 273 M 30
2867 2904 2 13 71 O 20
2905 2903 2 57 315 O 30
2903 1447 2 15 83 O 30
303 1433 2 13 67 O 30
1433 1437 2 17 93 M 30
1437 2235 2 8 39 O 30
2235 2763 2 7 35 O 30
2763 2241 2 8 44 O 30
2241 1446 2 8 42 O 30
2909 2910 2 25 138 O 10
2910 2164 2 11 59 O 10
2911 2910 2 12 64 O 30
2912 2913 2 26 140 O 30
2914 2915 2 17 91 O 30
2916 2915 2 33 179 O 10
2915 2917 2 74 408 O 20
2918 2919 2 7 37 O 10
2920 2921 2 7 35 O 20
2922 2923 2 5 26 O 30
2924 2925 2 23 126 O 20
2926 2927 2 78 431 O 30
2928 2929 2 13 71 O 20
2930 2931 2 18 95 O 30
1399 2926 2 43 235 O 20
2926 2930 2 13 71 O 10
2930 2929 2 18 99 O 30
2929 2927 2 21 114 O 10
2927 2932 2 22 122 M 10
2932 2933 2 12 62 O 20
2933 2934 2 17 94 O 30
2934 2935 2 25 138 O 20
2935 2936 2 16 84 O 10
2937 2934 2 6 32 O 20
2933 4784 2 20 109 O 10
4784 5070 2 45 246 O 30
5070 5072 2 4 21 O 20
5072 2935 2 10 54 O 30
2227 2938 2 10 52 O 10
2940 2932 2 8 42 M 10
2941 2942 2 9 46 O 20
1408 2133 2 15 81 O 30
2133 2959 2 150 828 O 10
2960 2963 2 9 49 O 20
2963 2961 2 22 119 M 20
2961 1405 2 19 102 M 20
2961 4274 2 42 233 M 20
4274 2962 2 33 179 O 10
2963 2208 2 13 71 O 10
2208 2964 2 13 72 O 10
2965 2967 2 18 96 O 10
2967 4788 2 13 69 O 30
2966 1404 2 11 60 O 20
2967 2968 2 60 330 O 10
2968 2979 2 13 70 O 30
2979 2969 2 5 25 O 10
2969 1420 2 19 101 M 20
1420 2970 2 20 106 M 20
2970 2971 2 23 123 O 10
2971 1430 2 13 70 O 30
2972 2973 2 21 114 O 20
2974 2970 2 8 42 O 30
2971 2972 2 28 151 M 20
2972 2975 2 29 158 O 10
2976 4781 2 5 26 O 20
2977 2981 2 14 73 O 10
2981 2975 2 8 44 M 30
2979 2980 2 8 41 M 30
2981 3799 2 17 90 O 20
3799 2965 2 9 47 O 10
2965 2978 2 58 322 O 30
2982 2968 2 9 48 M 20
2983 2984 2 34 189 M 20
2985 2986 2 19 102 O 30
2986 4780 2 81 446 O 20
2987 2988 2 11 61 M 20
2989 2986 2 13 69 O 30
2990 2989 2 56 308 O 30
2992 679 2 22 118 O 30
679 2995 2 15 80 O 10
2995 2993 2 27 145 O 10
2994 2995 2 11 61 O 20
2996 2997 2 11 56 O 10
2997 2993 2 36 197 O 10
2993 2985 2 17 89 O 30
2998 2999 2 97 534 O 10
2998 62 2 21 116 O 30
3002 3003 2 33 182 O 30
3008 3009 2 51 283 O 30
3009 1750 2 18 95 M 30
3009 4629 2 16 86 O 30
4629 3006 2 37 203 O 20
4629 3007 2 41 224 O 20
3010 3005 2 55 305 O 20
3015 3016 2 17 89 O 10
3016 3045 2 30 165 O 10
3045 2187 2 38 208 O 20
2187 2185 2 9 46 O 30
2185 3017 2 6 30 O 10
3017 2265 2 23 0 C 0
3016 3021 2 46 250 O 20
3021 3022 2 40 0 C 0
3026 3027 2 15 0 C 0
3027 3025 2 40 218 M 30
3025 3015 2 8 39 O 10
3015 3023 2 10 53 O 20
3023 4575 2 28 154 O 10
4575 4572 2 4 19 O 20
4572 3024 2 4 17 O 20
3023 623 2 45 246 O 30
3025 3026 2 59 326 M 30
3028 33 2 16 0 C 0
3030 3031 2 19 106 O 30
3031 3032 2 37 202 O 20
621 2184 2 6 33 O 20
2184 2188 2 8 40 O 30
2188 3033 2 7 36 O 20
3033 3024 2 29 159 O 20
3033 3040 2 22 119 O 20
3040 3039 2 18 98 O 10
3039 3037 2 11 58 O 10
3037 3035 2 35 190 O 20
3036 3037 2 3 13 O 10
3038 3039 2 12 61 O 10
3040 3041 2 44 242 O 30
3042 3041 2 19 103 O 10
3041 3043 2 11 57 O 10
3044 3045 2 14 76 O 30
3046 4804 2 3 12 O 20
4804 3047 2 24 129 M 20
3048 3047 2 24 130 O 20
3047 3049 2 16 86 O 30
3049 3050 2 12 63 O 30
3051 3049 2 7 34 M 30
3052 3050 2 9 45 O 10
3053 3055 2 37 205 O 20
3056 3058 2 22 122 O 10
3058 3054 2 11 58 M 10
3054 3057 2 41 225 O 30
3058 2191 2 25 139 O 10
2191 3064 2 12 64 O 20
3064 3059 2 21 111 O 30
3059 3060 2 28 153 O 30
1960 3013 2 24 133 O 20
3062 3063 2 15 82 O 20
3063 3059 2 51 280 O 30
3064 4307 2 7 35 M 30
4307 3057 2 19 104 M 10
3057 3061 2 36 198 O 10
3066 3067 2 3 17 O 30
3067 3068 2 17 90 O 30
4241 3070 2 22 122 O 10
3070 3071 2 57 316 M 20
3072 3070 2 11 60 O 20
3073 3075 2 17 89 O 20
3075 4306 2 15 80 O 30
4306 176 2 6 31 O 20
176 2264 2 3 16 M 10
2264 3074 2 3 16 O 10
3075 3076 2 40 218 O 10
3077 3076 2 32 175 O 30
1459 3079 2 45 246 O 10
3082 3083 2 31 168 O 20
3083 3011 2 11 56 O 30
3084 2196 2 25 135 O 10
2196 3085 2 23 126 O 30
3086 3085 2 30 164 M 10
1958 3087 2 8 42 O 30
3088 3090 2 17 90 O 20
3090 3100 2 13 68 O 20
3090 335 2 28 153 O 10
335 337 2 19 103 O 20
337 3091 2 9 48 O 20
3092 3105 2 15 79 O 30
3105 3093 2 21 112 O 20
3093 3091 2 19 101 O 20
3091 3096 2 15 82 O 10
3096 3094 2 15 80 O 10
3095 3096 2 14 73 O 10
2201 3094 2 37 203 O 10
3094 3089 2 14 76 O 30
3089 3097 2 80 439 M 20
3098 3099 2 6 33 O 20
3100 3101 2 14 73 M 30
3101 2200 2 3 14 O 30
2200 2204 2 14 74 O 30
2204 3098 2 14 77 M 30
3098 3097 2 18 97 O 10
3097 3102 2 17 92 O 30
3103 4175 2 42 230 O 30
4175 2200 2 59 326 M 10
4294 3093 2 59 325 O 10
3104 3105 2 15 79 M 10
3106 2205 2 48 261 O 20
2205 3107 2 16 88 O 20
3107 3108 2 41 227 O 20
3108 3111 2 16 86 O 30
3110 3111 2 32 173 M 20
3108 3112 2 20 108 M 30
3112 3107 2 52 285 O 30
3000 340 2 21 116 O 10
340 3113 2 30 163 O 30
3113 3136 2 26 144 O 30
3114 3115 2 12 63 O 10
3116 3115 2 4 22 O 20
3115 3117 2 26 143 M 30
3118 3113 2 31 170 O 20
3119 3120 2 10 55 O 30
3122 3123 2 26 141 O 30
3124 3125 2 7 35 O 10
3127 3129 2 32 178 O 10
3126 3147 2 39 211 M 30
3147 3123 2 15 81 M 10
3123 3148 2 15 80 O 30
3148 3120 2 25 135 O 10
3120 69 2 35 189 O 10
69 1844 2 46 251 M 20
3130 3131 2 18 95 O 10
3135 1950 2 28 153 O 10
1845 3134 2 20 108 O 30
3134 3128 2 9 48 O 20
3128 3137 2 18 99 M 30
3137 1947 2 6 29 M 30
3137 3138 2 28 154 O 20
3142 3143 2 15 83 O 30
3147 3148 2 36 198 O 10
1938 3237 2 29 157 O 20
2173 4043 2 19 103 O 10
4043 3149 2 10 54 M 30
3149 3238 2 14 76 O 10
3238 3159 2 39 212 O 30
3159 3150 2 15 79 M 30
3150 3157 2 21 114 O 10
3153 3154 2 14 75 O 10
3154 3155 2 24 132 O 20
3155 2308 2 20 108 O 30
3157 3160 2 18 98 O 10
3160 3158 2 18 96 O 20
3160 3161 2 13 69 O 20
3164 3171 2 24 131 O 30
3171 3167 2 14 74 O 20
3167 3173 2 23 128 O 30
3173 3166 2 10 50 M 20
3166 3150 2 7 37 O 10
3165 3166 2 21 112 O 20
3167 1639 2 14 76 O 30
1639 288 2 4 20 O 30
288 290 2 5 24 O 20
290 292 2 2 7 O 10
292 294 2 4 20 O 10
294 296 2 6 31 O 30
296 298 2 4 18 O 30
298 300 2 3 14 O 10
300 3168 2 5 24 O 20
3168 3169 2 24 132 O 10
3169 3170 2 14 74 M 20
3298 3168 2 13 70 M 20
3171 3172 2 37 202 M 10
3173 3174 2 18 97 O 30
3174 3175 2 14 75 O 30
3175 3176 2 33 183 O 10
3174 3177 2 15 79 M 20
3177 3178 2 22 119 M 10
3179 3177 2 7 36 O 10
3175 3180 2 28 152 O 30
3149 3181 2 15 79 M 30
3181 3182 2 12 62 O 10
3183 3181 2 23 127 O 10
3184 3186 2 46 253 M 30
3186 3185 2 50 273 O 30
3186 3188 2 13 72 O 10
3188 3187 2 15 81 O 30
3189 3192 2 34 186 M 20
3192 3190 2 16 89 O 30
3191 3192 2 13 68 M 30
3193 3194 2 26 144 O 20
3195 3262 2 14 74 O 10
3262 3196 2 20 110 M 30
3196 1665 2 10 51 M 30
3197 3243 2 26 143 O 20
3243 3198 2 15 81 M 20
3199 3200 2 23 122 O 30
1660 1657 2 38 207 O 20
1663 1659 2 14 74 O 10
1659 1658 2 12 66 O 10
1658 3201 2 15 78 O 20
1661 3202 2 20 107 O 20
3203 3204 2 13 69 O 20
3204 3205 2 15 80 O 10
3205 3156 2 20 106 O 30
3205 3206 2 9 46 O 30
3207 3208 2 27 146 O 20
3196 3209 2 15 81 M 10
3210 3209 2 8 43 O 20
3209 3211 2 38 208 O 30
3204 3213 2 6 31 O 20
3213 3201 2 31 172 O 20
3201 3215 2 11 59 O 30
3215 3214 2 12 61 O 20
3212 3215 2 14 76 O 10
3154 3220 2 14 78 O 30
3220 3218 2 16 86 M 30
3218 3223 2 14 74 O 10
3223 3219 2 13 70 O 20
3220 3222 2 30 165 M 30
3222 3221 2 11 59 M 10
3218 3222 2 34 186 M 30
3223 1625 2 40 217 M 10
537 3198 2 77 427 M 20
3198 3225 2 15 80 O 30
3225 3200 2 6 29 O 30
3200 3233 2 28 153 O 20
3233 3226 2 1 5 O 20
3226 3227 2 53 294 O 20
3229 3230 2 39 211 O 30
3231 4429 2 2 8 O 10
4429 3232 2 6 29 O 30
3232 3230 2 22 119 O 10
3230 3227 2 13 69 O 10
3232 3233 2 15 82 M 10
3234 3235 2 17 92 O 10
3235 3226 2 11 59 O 10
3225 3236 2 9 48 O 20
3670 3671 2 5 26 O 30
3671 3238 2 28 151 O 20
3239 3240 2 12 66 M 10
3240 3241 2 8 41 O 20
3241 3242 2 34 187 M 10
3243 3242 2 17 92 O 20
3242 3244 2 13 69 M 20
3244 2299 2 19 101 M 30
2299 3224 2 21 113 M 30
3244 3245 2 33 183 M 20
2300 3245 2 20 106 O 30
3245 3241 2 15 80 O 10
3216 1671 2 72 396 O 30
3246 3252 2 28 153 O 30
3247 3248 2 16 86 O 30
1670 1673 2 12 63 O 10
1673 3249 2 7 34 O 30
3249 395 2 16 85 O 20
395 393 2 4 19 M 10
393 3250 2 10 53 O 30
2304 3254 2 24 133 M 20
3254 3257 2 14 75 M 10
3257 3253 2 15 80 O 30
3254 3255 2 10 54 O 30
3256 3257 2 11 56 M 20
3258 3261 2 10 53 O 20
3261 3259 2 16 85 O 30
3260 379 2 6 30 O 20
379 3261 2 15 83 O 30
2296 3262 2 23 127 O 20
3263 3264 2 23 124 O 30
3266 3264 2 40 217 O 10
3267 3269 2 13 68 O 10
3155 3270 2 14 74 O 10
3270 3271 2 14 74 O 30
3271 3272 2 9 48 O 10
3272 3273 2 13 68 M 10
3273 3329 2 29 157 O 10
3329 3325 2 14 75 M 30
3325 3326 2 24 133 O 30
3326 3324 2 12 66 O 20
1587 3273 2 14 76 O 10
3274 3272 2 12 64 O 10
3271 3275 2 16 86 M 20
3278 3279 2 9 48 O 20
3279 3280 2 7 34 O 30
3280 3286 2 13 68 M 20
3286 3281 2 7 34 O 30
3281 3282 2 19 102 O 10
3283 3282 2 2 10 O 10
3282 3284 2 14 73 O 30
3280 3285 2 10 53 M 20
1979 3281 2 13 69 M 30
3286 3284 2 11 56 O 20
1964 3279 2 13 70 O 30
3270 3287 2 19 102 O 20
3276 3288 2 25 134 O 30
3289 3290 2 14 74 O 20
3291 3275 2 13 70 O 30
3292 3293 2 10 54 O 30
3293 3169 2 14 75 O 10
3293 3294 2 12 65 O 10
3295 3170 2 13 69 M 20
3170 3296 2 46 252 O 30
3297 3295 2 23 127 O 10
3299 3300 2 13 70 M 20
3301 2321 2 11 58 O 30
2321 3300 2 20 106 O 20
3300 3302 2 19 102 O 10
3302 3152 2 68 377 M 20
3302 3303 2 23 122 O 30
3507 3306 2 72 399 O 20
3306 971 2 39 213 O 20
3305 3306 2 28 155 O 20
3307 3308 2 11 60 O 20
3309 3310 2 9 48 O 30
1396 3311 2 16 87 O 30
3312 3311 2 38 207 O 30
3311 3305 2 18 97 M 20
3305 3308 2 17 94 O 30
3308 3310 2 21 112 M 30
3310 3304 2 34 188 O 30
1395 3313 2 15 80 O 20
3313 3314 2 27 145 O 10
3315 3313 2 5 26 O 20
3317 3320 2 4 20 M 30
3321 3322 2 32 175 O 10
3321 3318 2 18 97 O 30
3327 3328 2 9 47 O 20
1556 1557 2 5 0 C 0
1557 1560 2 13 69 O 20
3330 3331 2 14 74 O 20
1582 3332 2 34 185 O 30
3333 3332 2 18 95 O 30
3332 3334 2 6 28 O 20
3334 1972 2 11 57 M 10
3334 3335 2 25 133 O 20
3337 1558 2 19 101 M 10
1558 3336 2 7 38 M 20
3336 2286 2 3 11 O 20
1962 3339 2 19 105 O 10
3339 3340 2 17 93 O 20
3316 3341 2 11 59 O 20
3341 3342 2 19 104 O 30
1965 3344 2 23 126 M 20
1963 3345 2 24 131 O 10
3343 3346 2 20 111 O 20
3341 3346 2 9 47 O 30
3346 3345 2 12 62 O 30
3345 3344 2 13 70 O 30
3344 3347 2 10 53 O 20
3347 2294 2 10 54 O 20
3347 3348 2 13 72 O 20
3350 3351 2 28 152 O 30
1050 3429 2 3 12 O 20
3358 3359 2 54 297 O 30
3357 3359 2 14 76 O 10
3359 1648 2 14 74 O 30
1648 3367 2 12 62 O 20
3367 3360 2 7 38 O 30
3360 3361 2 20 108 O 30
3361 3362 2 17 93 O 10
3363 3360 2 17 89 O 10
3364 3361 2 41 227 M 10
3365 3366 2 25 138 O 20
3367 3368 2 10 53 O 10
3368 1966 2 19 102 O 20
1966 1967 2 4 17 O 10
1967 3217 2 56 307 O 10
3368 3369 2 29 156 O 20
3370 3371 2 14 74 O 10
3372 3371 2 13 71 O 30
3371 3373 2 12 65 O 10
3374 3375 2 14 74 O 20
3376 1613 2 46 251 O 10
3377 3388 2 14 77 O 20
3388 3378 2 4 22 O 20
3378 3379 2 15 79 M 30
3379 3380 2 13 72 M 10
3380 5009 2 30 163 M 30
5009 1597 2 4 17 O 20
3382 1597 2 13 68 O 10
3383 3380 2 12 64 O 20
3384 3385 1 16 83 O 30
3386 3379 2 9 46 M 20
1611 3387 2 16 86 O 30
3389 3378 2 9 49 O 20
1605 3390 2 47 258 O 30
1610 1609 2 16 87 O 30
1609 1607 2 13 69 O 10
1594 1605 2 28 153 O 20
1605 3394 2 13 67 O 20
3443 3397 2 2 11 O 30
3399 3401 2 23 124 O 30
3402 3403 2 31 172 M 10
3398 3404 2 16 86 O 10
3405 3409 2 29 0 C 0
3409 3406 2 9 0 C 0
3406 3407 2 17 0 C 0
3407 3408 2 4 0 C 0
3408 2630 2 12 0 C 0
3405 3410 2 19 0 C 0
3410 3411 2 3 0 C 0
3411 3356 2 14 0 C 0
3412 3418 2 49 268 O 20
3418 3415 2 14 78 M 20
3415 3417 2 14 75 O 20
3417 3413 2 20 109 O 20
3414 3415 2 14 72 O 20
3416 3417 2 15 81 O 10
3418 3419 2 25 138 M 30
1642 1653 2 21 112 O 20
1653 1903 2 49 267 O 10
1903 3421 2 14 75 O 10
3421 3413 2 19 101 O 30
3413 3420 2 27 146 O 20
3420 3352 2 18 97 O 10
3421 3422 2 17 93 O 10
3424 3426 2 25 136 M 20
3426 3425 2 29 161 O 10
1591 1577 2 20 110 O 10
1577 1571 2 14 77 O 20
1571 3434 2 8 43 O 30
3434 3431 2 14 75 O 30
3431 3430 2 22 117 O 20
3431 3432 2 47 261 O 30
3433 3434 2 42 231 M 30
3435 3436 2 13 70 O 20
3436 1577 2 26 141 M 30
3436 3437 2 16 84 O 30
3437 4596 2 2 10 M 20
4596 4597 2 1 5 M 30
3439 1596 2 37 202 O 30
1595 3440 2 39 212 O 30
3443 3444 2 44 239 O 30
3442 3445 2 14 73 O 30
3445 3444 2 14 77 O 10
3444 3441 2 14 0 C 0
3441 3446 2 11 0 C 0
3446 3447 2 27 145 O 30
3325 3449 2 11 56 O 20
3449 3448 2 15 83 O 20
2318 3449 2 14 77 O 30
196 4637 2 6 0 C 0
3460 3464 2 34 189 O 30
3464 3462 2 6 30 O 20
3463 3464 1 38 210 O 30
4698 3462 2 7 34 O 30
3466 3465 2 40 221 M 30
534 2400 2 21 115 O 10
5082 253 2 9 46 O 10
3530 740 2 54 298 O 10
318 3472 2 4 22 O 10
3472 1803 2 31 170 O 20
1803 3474 2 46 255 O 30
3474 1878 2 5 27 O 10
1878 3473 2 11 58 M 20
3474 4720 2 6 30 M 20
3475 317 2 3 15 O 10
317 322 2 4 19 O 20
322 316 2 8 42 O 10
316 320 2 3 15 O 20
320 3472 2 19 101 O 20
3472 838 2 22 117 O 20
3482 3483 2 17 90 O 10
3483 3484 2 23 126 O 20
3484 3485 2 24 130 M 30
3485 3496 2 5 24 O 30
3496 3486 2 11 59 O 10
3486 3487 2 33 178 O 30
3487 3491 2 14 76 O 20
3491 3488 2 17 90 O 10
3488 3477 2 13 68 O 10
3489 3488 2 5 23 M 10
3490 3487 2 5 28 O 30
3491 3492 2 27 146 O 10
3492 3493 2 32 175 O 10
3493 3483 2 22 121 O 20
3493 3494 2 21 114 O 10
3494 562 2 8 40 O 10
562 3495 2 14 73 O 30
3492 3495 2 25 138 O 10
3495 3496 2 18 98 O 20
3485 3497 2 12 63 O 10
2223 3498 2 14 77 O 10
3498 3503 2 16 88 O 20
3503 3501 2 15 82 O 10
3501 3499 2 8 41 M 20
3500 3501 2 12 65 O 30
3502 3503 2 13 70 O 30
3504 3498 2 12 66 O 30
3499 3509 2 10 53 M 20
3509 3511 2 16 83 O 20
3511 3513 2 16 88 M 30
3513 3506 2 13 72 M 20
3506 3507 2 14 73 O 30
3508 3509 2 11 60 O 20
3510 3511 2 10 54 O 20
3512 3513 2 8 42 M 20
3514 3506 2 9 48 O 10
4798 3797 2 10 51 M 10
3797 3515 2 15 79 O 30
3515 3521 2 41 223 O 30
3521 3516 2 61 335 O 20
3516 3518 2 12 66 O 10
3518 3517 2 17 92 O 30
3518 3522 2 17 94 O 10
3522 3519 2 18 98 O 20
3519 2226 2 17 90 M 10
2226 3520 2 49 271 O 20
3521 3520 2 18 95 O 10
3520 3522 2 37 202 O 10
3519 3523 2 13 69 O 20
3524 3525 2 16 88 M 20
3515 3528 2 28 152 O 20
3528 3526 2 15 82 O 20
3526 3527 2 5 25 O 10
3527 1392 2 8 42 M 20
3528 2936 2 40 218 O 20
1804 3529 2 40 217 O 20
3480 3531 2 29 159 O 30
3532 3478 2 9 45 O 30
3533 3479 2 12 61 O 10
4025 3534 2 17 94 O 20
3535 4024 2 16 84 O 30
1694 3577 2 28 153 O 20
3577 3578 2 16 84 M 20
3578 1138 2 19 101 M 20
1138 1143 2 14 77 O 30
1143 3579 2 14 72 O 20
3579 1145 2 19 102 M 30
1145 1144 2 25 139 M 30
1144 3580 2 8 39 M 30
187 3581 2 2 0 C 0
3581 3582 2 17 0 C 0
3582 3583 2 16 0 C 0
3583 3584 2 15 0 C 0
3584 3585 2 14 0 C 0
3585 1927 2 5 0 C 0
1111 1119 2 20 107 O 30
1119 3588 2 15 81 O 30
3586 3589 2 33 180 O 30
3589 3584 2 36 198 O 10
3769 2625 1 66 0 C 0
1038 2613 1 9 46 M 10
2613 4427 1 28 154 M 10
3825 3826 1 10 52 O 20
3826 4943 1 5 25 O 20
3828 4021 1 1 5 O 20
3829 2622 1 37 201 O 10
1552 1554 2 10 52 M 10
3615 4018 2 5 24 O 30
4018 1553 2 33 181 O 20
4018 5086 2 5 22 O 30
4019 1935 2 39 216 O 10
4973 4022 2 9 49 O 10
3008 4023 2 4 19 O 10
1848 953 2 5 26 O 30
953 3757 2 20 108 O 30
3757 950 2 34 187 M 30
950 1178 2 20 111 M 10
1178 945 2 29 161 O 30
4004 3690 2 1 0 C 0
799 1757 2 3 0 C 0
1757 1758 2 27 0 C 0
114 1759 2 21 0 C 0
1759 917 2 16 0 C 0
917 5147 2 22 0 C 0
5147 916 2 48 0 C 0
916 1760 2 15 0 C 0
1784 2658 2 17 0 C 0
2005 1776 1 3 0 C 0
2437 2438 2 40 217 M 10
1922 4053 2 6 32 O 20
4053 4054 2 7 34 O 10
4054 1921 2 12 64 M 30
4055 4054 2 6 30 O 10
1602 1603 2 18 95 O 10
1603 3317 2 23 123 O 20
3319 3322 2 16 83 O 10
3322 3318 2 43 234 O 20
3318 3317 2 15 79 O 30
3720 2947 2 26 0 C 0
3463 3461 2 9 45 M 20
3461 4640 1 10 0 C 0
2438 2430 2 4 20 O 20
2430 2433 2 25 135 O 10
2433 4044 2 8 44 M 20
4044 2439 2 2 9 O 10
2393 2405 2 7 33 O 20
2405 2395 2 19 100 O 30
2395 2396 2 22 121 O 30
2396 2411 2 17 90 O 20
2411 2397 2 16 86 O 20
4996 4149 1 3 15 M 10
4997 1307 1 2 9 O 30
4239 4240 2 11 58 M 20
4242 3091 2 10 55 O 10
4244 4243 2 9 47 O 20
4245 3031 2 7 37 O 30
4246 2145 1 28 153 O 10
3795 4246 1 65 0 C 0
4252 4247 1 43 236 O 10
4251 4362 1 9 49 O 30
2147 4549 1 11 56 M 30
4261 4229 1 15 0 C 0
4141 3812 1 64 0 C 0
3816 1025 1 11 0 C 0
4310 1168 2 37 0 C 0
4272 2133 2 9 49 M 30
4273 4274 2 6 31 M 30
2263 175 2 3 16 O 30
175 4306 2 16 86 O 10
1163 4167 2 10 0 C 0
4167 903 2 14 0 C 0
903 905 2 20 0 C 0
905 1172 2 17 0 C 0
893 4049 2 7 0 C 0
4319 4332 1 62 341 O 30
4332 1869 1 37 205 O 20
4322 4320 1 105 582 M 10
1870 4342 1 13 67 O 30
1821 35 1 23 0 C 0
1057 1058 2 43 0 C 0
4330 4717 1 6 29 O 30
4717 617 1 25 136 O 10
617 129 1 36 196 M 30
129 127 1 38 207 M 30
127 125 1 5 23 M 20
125 122 1 7 35 O 10
122 119 1 8 42 O 30
119 4718 1 16 85 O 20
3891 282 1 45 247 O 10
998 1001 1 119 0 C 0
4337 1751 1 82 452 O 10
4318 4336 1 17 93 O 20
4332 2664 1 38 210 M 10
4341 4320 1 110 610 O 30
4320 1752 1 110 609 O 10
4333 4339 1 84 465 O 10
1873 408 1 5 23 O 20
408 3766 1 2 7 O 20
3766 3767 1 4 19 O 30
3767 4336 1 8 41 O 20
4340 4337 1 11 61 M 20
4333 4338 1 103 571 O 10
4339 1872 1 24 130 O 20
1872 3765 1 4 19 O 10
7 2956 1 26 0 C 0
569 184 1 11 0 C 0
976 4316 1 16 0 C 0
4401 1176 1 7 0 C 0
4365 4757 1 5 0 C 0
3132 3133 2 9 49 M 30
3131 3132 2 18 99 O 10
3139 3140 2 24 128 O 20
3140 3142 2 16 86 O 30
3142 3141 2 15 83 O 20
3144 3140 2 16 84 O 10
3143 3144 2 19 100 O 20
2615 3145 2 15 82 O 10
3145 3146 2 49 270 O 30
3145 4551 2 12 62 O 30
4551 3146 2 10 54 O 20
4550 1847 1 1 5 M 30
1847 1845 1 2 10 O 30
1845 1844 1 3 13 O 10
1844 4550 1 4 17 O 20
4611 1573 2 13 70 O 10
4612 1651 2 10 52 O 30
4613 1894 2 12 62 O 20
4614 4615 2 8 44 O 30
4615 4616 2 8 44 O 20
4615 4617 2 8 40 O 20
4618 1894 2 11 58 O 10
4915 4624 2 1 5 M 30
4624 3691 2 3 14 M 10
3691 3692 2 4 18 M 10
3692 4625 2 20 110 O 20
1265 4995 2 15 0 C 0
3881 1215 1 2 7 O 20
188 759 2 25 0 C 0
759 758 2 20 0 C 0
196 4926 2 8 0 C 0
4926 3459 2 19 0 C 0
4638 4639 1 10 0 C 0
4639 4637 1 20 0 C 0
3458 4641 1 10 0 C 0
4641 4638 1 18 0 C 0
195 72 1 31 0 C 0
72 3917 1 10 0 C 0
3917 3458 1 7 0 C 0
2736 4941 2 22 122 O 30
4941 2725 2 20 110 O 10
2725 2727 2 18 97 O 30
2727 2737 2 17 92 O 10
3998 1782 1 5 0 C 0
4250 4251 1 7 37 O 20
4027 3770 1 80 0 C 0
3468 1085 2 11 60 M 20
3947 4769 1 20 110 O 10
1001 626 1 34 0 C 0
90 1930 1 4 0 C 0
3789 4944 1 10 0 C 0
84 4253 1 24 0 C 0
4249 4947 1 11 0 C 0
4947 4255 1 90 0 C 0
4254 3795 1 16 0 C 0
625 999 1 49 0 C 0
4948 4950 2 27 148 O 20
4949 4951 2 4 21 O 20
2549 1197 1 8 40 M 10
2380 2944 2 34 0 C 0
1223 2553 1 4 20 M 30
4715 1782 1 3 0 C 0
60 4008 2 37 0 C 0
4008 236 2 3 0 C 0
236 2506 2 8 0 C 0
551 2573 2 7 36 O 20
2573 4594 2 3 13 M 10
4594 2574 2 4 20 O 30
2574 2575 2 4 18 M 10
2575 550 2 4 21 M 10
559 2568 2 22 118 O 30
2568 556 2 9 45 M 10
558 2579 2 9 48 O 10
2579 551 2 13 70 O 20
551 2571 2 13 68 M 30
2571 4593 2 3 12 O 10
4593 2570 2 4 20 M 20
2570 2569 2 4 18 O 20
2569 556 2 7 37 O 20
555 557 2 33 178 O 20
557 552 2 20 111 O 30
593 3626 2 20 110 O 30
593 594 2 2 11 O 30
592 594 2 137 761 O 10
915 1868 1 20 0 C 0
3822 3823 1 126 0 C 0
631 915 1 84 0 C 0
914 913 1 35 0 C 0
1047 914 1 13 0 C 0
4058 564 2 1 0 C 0
564 2639 2 26 0 C 0
2943 2063 2 73 0 C 0
2063 3725 2 10 0 C 0
3725 2064 2 33 0 C 0
2064 2944 2 17 0 C 0
4116 4111 2 4 18 O 30
4111 4140 2 14 75 M 10
4140 4118 2 2 7 M 20
1018 2143 2 3 14 O 20
2178 2499 2 113 628 M 20
2499 2497 2 7 38 O 30
3981 4190 1 144 0 C 0
2672 1904 2 11 0 C 0
3805 4261 1 51 0 C 0
3804 2523 2 4 0 C 0
3983 2148 1 95 0 C 0
4189 840 1 34 0 C 0
2148 3982 1 95 0 C 0
978 973 2 6 0 C 0
973 972 2 9 0 C 0
972 4367 2 22 0 C 0
4367 975 2 3 0 C 0
807 761 2 13 0 C 0
1772 4762 2 3 0 C 0
184 974 1 35 0 C 0
971 2222 2 22 119 M 30
983 245 2 8 0 C 0
979 980 1 3 0 C 0
980 981 1 2 0 C 0
981 985 1 3 0 C 0
3790 3801 1 3 0 C 0
228 4214 1 8 43 O 20
994 134 1 6 0 C 0
993 994 1 17 0 C 0
990 2157 1 155 860 O 10
999 84 1 27 0 C 0
4946 4254 1 11 0 C 0
989 991 1 76 418 M 20
2352 990 1 77 424 O 20
4253 4946 1 90 0 C 0
991 4249 1 123 0 C 0
4255 998 1 24 0 C 0
4338 4341 1 12 62 O 20
1013 2073 1 8 44 O 20
3664 3665 1 9 49 O 30
3665 5008 1 13 70 O 10
5008 2252 1 1 2 O 10
1012 425 1 33 179 O 20
1014 1013 1 35 194 O 30
3883 3930 2 21 114 O 10
3930 3931 2 2 9 O 10
3931 77 2 7 38 O 10
77 1019 2 21 112 O 20
4660 2040 1 17 93 M 30
1015 2038 1 6 30 O 10
416 3817 1 30 0 C 0
3814 3815 1 11 0 C 0
3815 1024 1 8 0 C 0
1029 1030 1 2 0 C 0
1042 2611 1 58 322 O 30
1039 1042 1 15 82 M 30
3830 2617 1 22 117 O 20
1043 1040 1 15 82 O 10
1040 1796 1 74 406 M 30
1796 1035 1 67 372 O 20
2512 2513 2 9 0 C 0
2513 873 2 11 0 C 0
873 4369 2 8 0 C 0
2881 2871 2 29 160 O 10
2871 1886 2 8 43 O 20
1046 761 2 65 0 C 0
2512 1047 1 24 0 C 0
4046 968 1 269 0 C 0
1059 966 1 26 0 C 0
966 4333 1 297 0 C 0
968 967 1 26 0 C 0
967 3769 1 222 0 C 0
1985 1064 1 2 0 C 0
1069 1070 1 1 0 C 0
1070 4620 1 3 0 C 0
1071 4619 1 2 0 C 0
1067 1068 1 1 0 C 0
1068 1069 1 2 0 C 0
3539 1984 2 29 0 C 0
2586 3544 2 16 0 C 0
3544 3546 2 32 0 C 0
3546 3545 2 30 0 C 0
3545 1066 2 15 0 C 0
1066 3547 2 35 0 C 0
3547 3541 2 37 0 C 0
3541 3540 2 13 0 C 0
3540 338 2 12 0 C 0
1072 2065 1 1 0 C 0
2065 1075 1 3 0 C 0
1075 1077 1 1 0 C 0
1078 1076 1 2 0 C 0
1073 1072 1 2 0 C 0
2117 2289 2 11 0 C 0
2289 2291 2 27 0 C 0
2291 1080 2 4 0 C 0
1074 1079 2 39 0 C 0
3469 1087 2 24 133 O 30
2588 197 2 37 0 C 0
197 2589 2 2 0 C 0
311 2588 2 24 0 C 0
1086 2413 2 64 353 O 10
1092 1094 1 1 0 C 0
3873 2416 2 14 0 C 0
2416 1030 2 8 0 C 0
1095 1094 2 70 0 C 0
1093 2385 2 16 0 C 0
1155 1151 2 28 156 O 10
1150 1152 1 2 0 C 0
2105 1171 1 2 0 C 0
1171 1170 1 4 0 C 0
1170 1168 1 4 0 C 0
1168 1169 1 4 0 C 0
1169 2105 1 3 0 C 0
1098 1096 2 32 173 O 30
1096 1099 2 18 95 O 10
1162 908 2 16 0 C 0
908 4166 2 10 0 C 0
4166 906 2 18 0 C 0
906 1152 2 13 0 C 0
1165 902 2 30 0 C 0
902 907 2 17 0 C 0
1678 1099 2 49 267 O 30
1099 1105 2 42 231 O 30
1105 1107 2 15 83 O 30
1107 1111 2 14 77 O 30
1112 1111 2 8 41 O 30
1160 1159 2 1 5 M 20
1159 1155 2 17 92 O 30
1155 4297 2 4 19 O 20
1157 4152 2 7 35 M 10
4152 4158 2 30 166 M 30
4158 4157 2 2 10 M 10
4157 4886 2 53 290 O 10
4886 4887 2 2 11 M 10
4887 1174 2 16 84 O 10
3585 4312 2 26 0 C 0
4312 1132 2 2 11 O 10
1097 1096 2 9 46 O 20
1036 4849 1 10 50 O 10
4849 4853 1 6 30 M 10
4853 4916 1 11 57 M 10
1121 1118 2 24 131 O 20
3583 1137 2 28 154 O 10
1114 1117 2 17 89 O 30
1106 1110 2 23 122 O 20
1693 1690 2 10 50 M 20
1690 1120 2 15 81 O 10
1120 1118 2 14 75 O 30
1118 1113 2 15 79 O 20
1169 1166 2 25 0 C 0
1134 1136 2 29 159 O 30
3582 1139 2 41 226 O 30
1138 1700 2 27 147 O 20
1131 1120 2 39 214 O 10
4145 4168 2 5 0 C 0
4168 1720 2 13 0 C 0
1720 904 2 19 0 C 0
904 4169 2 22 0 C 0
4169 4148 2 9 0 C 0
1108 1115 2 28 152 M 20
1141 1143 2 24 129 O 10
1105 1104 2 27 148 O 10
1135 1136 2 14 75 O 10
1136 3578 2 24 131 O 20
1101 3587 2 41 227 O 30
1158 4310 2 44 243 M 10
1119 1107 2 67 370 O 20
1104 1102 1 6 33 O 30
1102 1103 1 5 24 O 30
1103 1104 1 3 13 O 10
1159 1151 2 28 153 O 30
1144 4326 2 36 198 O 30
4326 1145 2 16 84 O 30
1156 2027 1 1 4 M 20
2027 2022 1 3 12 M 20
2022 2026 1 1 5 O 30
2026 2023 1 3 14 M 20
2023 1153 1 1 4 O 30
1153 1154 1 4 17 O 10
1154 2021 1 1 4 O 10
2021 2024 1 3 0 C 0
2024 1156 1 1 4 O 10
1126 4395 1 1 0 C 0
1690 3577 2 46 251 M 20
1170 4608 2 6 0 C 0
4608 1867 2 24 0 C 0
1786 4105 2 19 0 C 0
4105 1817 2 15 0 C 0
2670 4414 2 38 0 C 0
4414 1763 2 15 0 C 0
1763 3730 2 8 0 C 0
1215 1815 2 16 84 O 10
1815 4602 2 14 72 M 20
4602 4601 2 3 14 O 20
4601 1189 2 41 225 O 10
1274 2170 2 16 0 C 0
2170 1278 2 18 0 C 0
1278 235 2 15 0 C 0
235 234 2 6 0 C 0
234 1284 2 4 0 C 0
1284 233 2 4 0 C 0
233 1285 2 7 0 C 0
1285 177 2 8 0 C 0
1258 4074 2 46 0 C 0
4074 4062 2 56 0 C 0
4062 4061 2 7 0 C 0
4061 1233 2 28 0 C 0
1233 3753 2 11 57 M 30
3753 4627 2 4 19 O 20
1248 2340 2 12 0 C 0
2340 1254 2 25 0 C 0
1254 1255 2 37 0 C 0
1255 2946 2 17 0 C 0
1213 3888 2 33 183 M 10
3888 1208 2 2 11 O 30
1208 1192 2 44 241 O 30
3536 2098 2 16 87 O 10
2098 1189 2 14 74 M 10
1189 1192 2 21 114 O 20
1192 1206 2 18 96 O 30
1206 1213 2 18 97 O 10
1213 1230 2 18 95 O 10
1230 1248 2 36 0 C 0
1219 1220 1 1 4 M 10
1220 1222 1 1 5 O 20
1222 1224 1 2 6 O 30
1224 1223 1 1 3 O 10
1223 1221 1 2 9 M 30
1221 1218 1 2 7 O 10
1218 1219 1 1 4 M 10
1198 2549 1 1 1 O 20
2549 1201 1 2 8 O 30
1201 1203 1 2 6 O 20
1203 1200 1 2 8 O 20
1200 1199 1 2 8 O 10
1199 1198 1 2 7 M 20
1241 1243 1 2 0 C 0
1243 1245 1 2 0 C 0
1245 1244 1 3 0 C 0
1244 1242 1 2 0 C 0
1242 1241 1 2 0 C 0
1251 1253 1 3 0 C 0
1253 1252 1 5 0 C 0
1252 1251 1 4 0 C 0
1233 1234 2 18 98 O 10
1259 4544 2 44 0 C 0
4544 4545 2 8 0 C 0
4545 4547 2 3 0 C 0
4547 4546 2 6 0 C 0
4546 766 2 51 0 C 0
766 1250 2 3 0 C 0
172 1279 1 1 0 C 0
4058 1275 2 43 0 C 0
1275 1276 2 14 0 C 0
1276 1277 2 26 0 C 0
1260 1261 1 2 0 C 0
1291 1289 1 2 0 C 0
1289 1287 1 2 0 C 0
1287 1288 1 1 0 C 0
1247 1248 2 17 0 C 0
1206 1204 2 12 62 O 10
2550 1200 1 8 41 O 20
4130 1205 2 8 40 O 10
1185 1194 2 47 260 O 10
1280 711 2 22 0 C 0
711 756 2 23 0 C 0
756 688 2 65 0 C 0
688 686 2 10 0 C 0
686 687 2 3 0 C 0
687 2130 2 22 0 C 0
1216 1227 2 22 117 O 30
3888 3887 1 8 42 M 30
3887 1208 1 8 39 O 20
1237 1240 2 29 0 C 0
4004 4982 2 2 0 C 0
4982 4983 2 3 0 C 0
4983 241 2 6 0 C 0
241 1274 2 23 0 C 0
650 1183 2 17 94 M 30
1183 1184 2 37 205 O 20
1180 4084 2 12 64 O 20
4084 1181 2 5 23 M 10
1183 1185 2 16 88 O 20
1185 1190 2 22 121 O 10
1190 1196 2 17 92 O 20
1234 1232 2 16 87 O 20
1232 1231 2 3 12 O 10
1202 1226 2 59 325 O 20
4047 65 2 58 0 C 0
65 4765 2 17 0 C 0
1251 4138 2 28 0 C 0
1193 3537 2 25 135 O 10
1249 2555 2 3 0 C 0
2555 2558 2 75 0 C 0
2558 1196 2 69 381 O 10
1207 1186 2 38 206 O 20
1186 1184 2 12 66 O 20
1240 1247 2 21 0 C 0
3720 3673 2 15 0 C 0
3673 3877 2 12 0 C 0
1178 4083 2 20 110 O 30
4083 1180 2 7 39 O 10
1180 1179 2 11 57 O 30
1188 1202 2 25 138 O 20
1202 1210 2 17 93 M 20
1209 1212 2 14 74 O 30
1212 1216 2 8 41 O 30
1216 1235 2 16 88 O 30
1235 1238 2 8 0 C 0
1230 1225 2 39 214 O 20
1199 669 2 10 51 O 30
1290 4017 2 23 0 C 0
4017 4984 2 16 0 C 0
4984 4007 2 4 0 C 0
4007 4002 2 7 0 C 0
4002 240 2 3 0 C 0
240 239 2 7 0 C 0
239 238 2 11 0 C 0
238 237 2 11 0 C 0
237 2128 2 9 0 C 0
1211 1226 2 23 124 M 20
1226 1239 2 16 87 M 20
1186 1188 2 18 95 O 30
1188 2057 2 18 95 O 20
2057 2061 2 18 98 O 20
2061 2056 2 8 39 O 30
2056 1211 2 18 98 O 10
1211 1212 2 14 73 M 20
1282 1286 2 48 0 C 0
1286 4386 2 3 0 C 0
4386 1289 2 21 0 C 0
1217 3961 2 5 27 O 30
1225 1237 2 18 98 O 30
1190 1194 2 21 114 O 10
1194 1207 2 19 101 O 10
1207 1210 2 15 80 O 10
1210 2557 2 17 92 O 30
2557 1239 2 52 289 O 10
1239 1238 2 14 0 C 0
1238 1246 2 19 0 C 0
1359 1357 2 18 95 O 20
1357 1353 2 22 121 M 20
1353 1356 2 34 186 O 10
1356 3905 2 18 95 O 20
3905 1362 2 2 10 M 30
2037 139 2 7 34 O 10
3884 1364 2 45 246 O 30
1364 2341 2 66 366 O 10
2341 1368 2 15 83 M 20
946 1324 2 18 100 O 10
1332 1336 2 17 90 O 20
1336 1340 2 31 169 O 10
1340 1338 2 11 59 O 10
1338 2124 2 14 74 O 20
2124 2123 2 46 253 O 10
1299 3647 2 10 53 O 20
3647 1295 2 10 55 O 30
1295 1298 2 35 191 M 30
1298 3653 2 19 105 O 10
1347 1348 2 32 173 O 10
1348 1356 2 18 95 O 20
1309 3913 2 47 257 O 20
3913 1318 2 18 96 O 30
1318 1321 2 17 93 O 10
1339 1342 2 17 93 O 20
1342 1345 2 17 93 O 30
1345 1349 2 17 92 O 10
1349 1359 2 25 137 O 10
1359 1366 2 43 237 M 20
1366 1367 2 21 111 O 30
1310 1318 2 29 157 O 20
1336 1337 2 28 155 O 30
1333 1335 2 12 61 O 10
3913 1327 2 27 149 O 10
1338 1341 2 9 46 O 10
1329 3928 2 58 320 O 30
3928 1322 2 2 9 O 20
1307 148 2 3 13 M 30
148 2036 2 7 34 O 20
2036 1315 2 32 176 O 30
1314 4199 2 18 99 O 30
4199 1319 2 1 2 O 10
1366 1365 2 19 100 O 20
1357 1365 2 38 210 O 20
1326 1317 2 26 143 O 10
1301 1302 2 10 55 M 20
1302 149 2 11 60 O 10
149 1305 2 4 18 O 20
1303 1313 2 40 219 O 20
1296 1729 2 8 40 O 10
1729 1304 2 35 191 O 20
1320 3915 2 11 56 M 10
1306 1313 2 17 91 M 20
1313 3913 2 16 88 O 30
1308 4408 2 11 60 O 10
4408 4409 2 4 20 O 10
4409 4149 2 6 32 O 20
1361 4934 2 20 108 O 10
4934 3918 2 12 67 M 30
3920 1339 2 38 209 O 10
1339 1354 2 52 288 O 20
1300 1730 2 8 41 M 20
1730 1311 2 38 207 O 10
1349 1355 2 15 81 O 10
1355 1361 2 18 99 O 20
1361 1364 2 18 94 M 20
1330 707 2 51 282 O 10
707 267 2 47 259 M 30
1351 1345 2 17 91 O 10
1302 1298 2 41 227 M 20
1346 1347 2 13 68 O 10
1347 5168 2 2 7 O 20
5168 1348 2 2 7 O 10
1353 1360 2 16 86 O 10
1360 1363 2 22 121 O 20
1363 1358 2 9 47 O 20
1358 1360 2 8 40 O 10
3771 2081 2 4 21 O 30
2081 2042 2 14 77 O 30
2042 3649 2 10 52 O 20
3649 1295 2 10 53 O 30
1350 1333 2 80 440 O 30
1333 1331 2 9 49 O 30
1331 3914 2 31 172 O 30
4998 3653 2 47 261 O 20
1018 1311 2 34 187 O 30
1324 4604 2 5 25 O 10
4604 4194 2 47 259 O 10
4194 1334 2 49 271 M 10
1355 2079 2 22 120 O 30
2079 4932 2 3 15 O 10
4932 2341 2 53 294 M 20
1340 1344 2 23 127 O 10
1309 1303 2 20 109 M 10
1303 4989 2 13 71 O 20
4989 1306 2 35 192 O 20
1306 1310 2 16 89 O 30
1310 4150 2 16 85 O 20
1382 1383 1 2 6 O 20
1383 1385 1 4 17 M 30
1385 1384 1 6 29 O 30
1384 1382 1 2 11 O 10
941 932 2 24 132 O 30
932 4090 2 2 9 O 10
4090 935 2 14 78 O 30
935 938 2 17 90 O 10
938 532 2 34 185 O 20
532 1386 2 9 46 M 20
1386 1385 2 34 185 M 20
1373 351 2 10 52 O 20
351 2016 2 25 137 M 10
2016 3970 2 19 102 O 30
3971 4465 2 15 79 O 20
4465 2533 2 14 74 O 30
2136 5128 2 23 126 O 30
5128 712 2 26 140 O 30
712 598 2 16 89 O 20
598 1373 2 17 89 O 20
1472 2879 2 17 91 O 30
2879 1732 2 17 94 O 30
1732 4960 2 8 44 O 10
4960 2841 2 4 17 O 10
1406 1405 2 5 26 O 20
1405 1404 2 9 50 O 30
1404 4788 2 19 101 O 20
4788 2962 2 28 154 M 10
2962 1402 2 14 78 M 10
1449 1452 2 18 96 O 20
1452 1465 2 45 247 M 20
1512 1518 2 51 282 O 20
1518 2713 2 18 97 O 30
2713 2712 2 15 82 O 20
2712 2711 2 19 102 O 10
1445 1460 2 35 191 O 30
1460 1461 2 15 83 O 20
1423 1426 1 2 10 O 30
1426 1424 1 4 17 O 20
1424 2228 1 2 9 O 10
2228 1423 1 1 2 O 30
1398 1401 2 42 230 M 10
1401 1410 2 30 166 O 20
1537 2694 2 19 100 O 30
2694 1523 2 21 114 M 10
1403 3004 2 71 391 O 10
3004 1750 2 27 146 O 10
1750 1427 2 28 155 O 30
1443 1456 2 26 143 O 20
1456 1461 2 21 113 O 10
1487 1484 2 12 63 O 30
1484 2270 2 35 190 M 30
2270 1473 2 16 89 O 30
305 1449 1 2 11 O 30
5076 1487 1 1 2 O 20
1463 1464 1 1 2 M 20
1464 1466 1 2 10 O 30
1466 1465 1 3 16 O 20
1465 1463 1 2 9 O 20
1473 1471 1 2 10 O 30
1471 1470 1 2 10 O 20
5124 5103 1 11 58 M 10
5103 5125 1 11 61 M 10
3896 1516 1 1 2 O 30
1442 2779 2 38 208 M 30
2779 1439 2 27 146 M 20
1439 1441 2 13 71 O 20
1441 1444 2 8 41 O 20
1444 1447 2 7 39 O 10
1447 1452 2 18 97 O 10
1510 1507 1 2 10 M 30
1469 1474 1 4 18 O 20
1427 1428 1 3 11 O 30
1397 1398 1 4 18 O 30
1416 1418 1 3 16 O 30
1418 1417 1 2 11 O 10
1417 1415 1 2 9 O 10
1415 1416 1 1 5 O 20
191 190 1 1 2 O 10
2685 1546 2 12 63 O 30
1546 2686 2 23 123 O 30
2686 1549 2 65 359 O 20
3895 1500 1 1 5 O 20
1538 1541 1 1 4 M 10
1541 1542 1 2 9 O 30
1542 1539 1 2 9 O 10
1432 5122 2 2 7 O 20
5122 4630 2 3 15 O 20
4630 2754 2 14 76 M 20
2754 2753 2 12 61 M 20
2753 1438 2 11 57 M 10
1438 2752 2 16 89 O 10
2752 2746 2 35 190 O 30
1409 1414 2 15 78 O 10
1414 2984 2 23 128 O 20
2984 2977 2 7 35 O 20
2977 4781 2 35 192 O 10
4781 2996 2 26 142 O 20
2996 1430 2 11 56 O 30
1390 1391 1 4 20 O 20
306 3674 2 1 2 O 10
3102 1428 2 17 93 O 10
4300 2726 2 10 51 M 10
2726 2724 2 17 92 O 10
2724 1522 2 39 213 O 20
1435 1438 2 14 78 O 20
1531 1533 2 17 90 O 20
1506 4026 2 40 218 O 30
1420 1421 2 17 89 O 10
2786 1481 2 11 57 O 30
2712 1524 2 18 95 O 20
1468 1492 2 78 428 O 10
3078 1459 2 31 171 O 10
1459 1450 2 22 117 O 10
1495 1496 1 2 8 O 30
1499 4591 1 6 30 O 30
4591 1503 1 21 112 O 30
1478 2842 2 19 100 O 10
2842 2896 2 9 46 M 10
2896 2845 2 23 124 O 10
2845 2897 2 37 204 O 20
2897 2848 2 8 42 O 20
2848 1482 2 17 91 O 20
1482 2257 2 8 42 O 10
1550 1552 2 24 132 O 20
1552 2688 2 19 102 M 10
2688 1553 2 69 382 O 30
1553 2690 2 12 65 O 30
1394 4282 2 7 37 O 30
4282 1395 2 32 176 O 20
1395 1396 2 47 256 O 30
1396 4797 2 48 265 M 20
4797 1397 2 30 164 O 20
1866 1519 2 27 145 O 10
1456 2129 2 16 84 M 30
1496 2743 2 47 257 O 20
1541 5087 2 69 382 O 20
5087 2681 2 2 6 O 10
2681 2076 2 26 142 O 20
2076 1548 2 14 73 O 20
1437 1440 2 16 86 O 30
4763 1453 2 31 168 O 20
1509 3676 2 49 269 O 10
2199 3011 2 14 76 O 30
3011 3084 2 21 117 M 20
3084 3087 2 41 227 O 20
3087 3012 2 19 103 O 20
3012 3088 2 11 56 O 20
3088 2192 2 7 35 M 30
1510 2709 2 19 105 O 30
2709 2684 2 11 60 O 20
2684 2710 2 19 105 O 10
2710 1536 2 25 138 M 20
1536 2683 2 12 66 M 20
2683 2705 2 7 36 O 30
2705 1543 2 9 47 O 10
1543 2706 2 4 22 M 10
2706 2682 2 4 18 O 20
2682 1549 2 26 141 M 20
1549 1550 2 15 78 O 30
1550 1544 2 24 132 M 30
1544 1535 2 21 114 O 10
1535 1539 2 16 87 O 10
1466 1471 2 34 184 O 30
1490 2739 2 19 104 O 10
2739 1493 2 19 104 M 30
1413 1415 2 28 152 M 30
1520 2807 2 20 108 O 20
2807 1533 2 15 78 O 10
1533 1534 2 2 11 O 10
1422 459 2 11 58 O 10
1462 3065 2 27 147 O 10
1494 1497 2 19 104 O 10
1497 1500 2 19 103 O 10
1491 1511 2 68 373 M 20
1513 2738 2 30 162 O 20
2738 2723 2 9 49 O 20
2723 1511 2 12 63 O 10
1511 4301 2 16 87 O 20
1498 4592 2 15 83 O 30
4592 1475 2 55 302 O 10
1475 1474 2 7 34 O 10
1389 4799 1 3 13 O 10
1429 3103 2 25 136 O 20
3103 2198 2 16 87 O 10
2144 2695 2 20 106 O 30
2695 1530 2 22 120 O 10
1433 1434 2 15 79 O 20
1434 1436 2 13 67 O 20
2243 2698 2 14 75 O 20
2698 2132 2 14 73 O 10
2132 2721 2 15 80 O 10
2721 3685 2 16 85 O 20
1419 1421 2 18 99 O 10
1439 2866 2 46 252 M 10
1542 1547 2 13 71 O 30
1412 1408 2 18 99 O 20
1408 1407 2 10 55 O 10
1483 2863 2 53 293 O 20
2863 2862 2 16 87 M 30
1443 1445 2 17 90 O 10
1445 2900 2 25 134 O 10
3894 1490 1 1 2 M 20
1647 3294 2 35 194 O 20
1617 384 1 6 32 O 30
384 1612 1 18 97 M 10
1612 383 1 5 24 O 20
383 381 1 13 70 M 30
381 2509 1 26 140 O 30
1555 1962 2 29 0 C 0
1962 2292 2 8 40 O 10
1621 1649 2 60 333 O 20
1569 1579 1 16 88 M 10
3208 1655 2 17 94 O 20
1608 3439 2 15 80 O 10
3439 3440 2 15 79 M 20
3440 3394 2 15 78 O 20
3394 3393 2 45 250 O 20
3393 1607 2 15 79 O 20
1607 4196 2 11 57 O 30
4196 1615 2 11 59 O 20
1615 843 2 12 62 O 30
843 1624 2 15 83 O 20
1624 1893 2 3 12 O 20
1893 1641 2 14 73 O 30
1563 1567 2 5 26 O 20
1567 3330 2 8 44 O 10
3330 1971 2 12 64 O 30
44 1565 2 29 160 M 20
1634 1637 1 1 3 O 10
1664 1663 1 2 9 O 30
1663 1662 1 3 15 O 30
1662 2297 1 3 15 O 20
2297 1665 1 3 14 O 30
1665 1664 1 2 7 O 30
3237 1943 2 14 73 M 30
1654 1660 2 14 74 O 10
1660 1970 2 13 71 O 10
1970 2297 2 70 388 O 30
1568 1572 2 9 50 O 20
1576 546 1 6 33 O 20
546 1897 1 4 22 O 30
1897 1576 1 3 12 O 20
3249 2302 2 11 58 O 20
3284 3285 2 14 75 O 20
3285 2317 2 3 12 O 30
1652 1650 2 23 127 M 10
1556 1558 2 14 77 M 10
1666 1669 2 14 74 O 30
3295 3298 2 35 193 M 10
273 2287 2 32 173 O 10
2287 3323 2 24 0 C 0
3323 3324 2 10 55 O 30
3324 3338 2 36 0 C 0
3338 2295 2 44 242 O 30
1667 1672 2 18 97 O 10
1639 1647 2 13 68 O 10
1615 1617 2 11 59 O 30
3393 3391 2 25 137 O 20
3391 1601 2 16 84 O 10
1601 1604 2 10 53 M 10
3428 3351 2 15 81 O 30
3351 3427 2 27 150 M 20
3420 1891 2 13 72 O 10
3426 3427 2 14 75 O 10
3427 1575 2 16 86 O 30
1575 1898 2 17 92 O 20
1619 1611 2 57 312 M 30
3156 3904 2 13 69 M 30
3904 373 2 39 211 M 20
373 375 2 4 20 O 20
375 214 2 15 78 O 20
214 216 2 12 64 M 10
216 217 2 5 24 O 20
217 2176 2 11 59 M 10
3219 1643 2 39 215 O 10
1593 1591 2 6 29 O 30
1591 1583 2 24 133 M 20
1646 1644 2 14 77 O 20
1575 1573 2 15 81 O 30
1611 4553 2 2 8 M 20
4553 1619 2 21 114 O 20
1619 1623 2 15 80 O 20
1650 2312 2 14 75 M 30
1578 1882 2 12 66 O 10
1882 5020 2 11 60 O 30
5020 1564 2 23 127 M 20
1573 1566 2 18 95 O 10
1566 3424 2 15 82 O 10
1882 1974 2 13 68 O 20
4705 1561 2 22 120 O 30
1561 3435 2 9 48 M 10
3435 43 2 8 42 O 30
1626 1624 2 22 119 O 30
1635 3217 2 26 142 M 20
3217 271 2 21 113 O 20
271 2307 2 6 29 O 10
2307 3253 2 4 22 O 30
3253 3216 2 9 46 O 30
3216 1668 2 14 75 O 20
1620 1638 2 26 140 O 10
1580 1590 2 41 223 O 10
1571 1580 2 15 78 O 30
1580 1583 2 6 29 O 20
1583 1599 2 17 93 M 10
1638 3212 2 42 230 M 30
3212 3211 2 34 189 O 20
3381 5017 2 10 52 O 10
5017 5015 2 2 6 O 10
5015 1598 2 3 14 O 10
1598 1597 2 10 51 O 20
3157 2175 2 13 70 O 10
3358 1650 2 20 109 O 20
1564 1578 2 27 145 O 20
1973 1581 2 14 72 O 30
1588 1590 2 10 53 O 10
1590 1599 2 23 124 O 20
1606 1609 2 24 131 O 10
3375 3376 2 46 250 O 10
3376 5169 2 7 38 O 20
5169 1613 2 7 38 M 10
1627 5028 2 23 128 O 30
5028 1614 2 10 53 O 30
1614 3153 2 23 123 M 30
1658 3203 2 33 180 O 30
3203 3207 2 8 42 O 20
3207 1621 2 13 71 O 20
2614 1945 2 6 28 O 10
1945 1957 2 10 55 O 20
1630 3375 2 12 64 O 30
3375 3370 2 25 137 O 10
3370 2310 2 12 62 O 10
3159 1654 2 13 72 O 10
1654 1645 2 37 205 O 20
3331 1586 2 26 141 M 20
3221 1625 2 21 111 O 20
1625 1643 2 13 71 O 10
274 3333 2 42 232 O 20
3333 1976 2 25 134 O 20
1648 1646 2 23 127 M 10
1646 1652 2 12 63 O 30
1652 1656 2 25 139 O 20
1891 3419 2 29 160 M 10
3321 1603 2 13 70 M 10
1686 1688 2 37 202 O 30
1707 1705 2 8 40 O 20
1705 2640 2 7 36 M 20
2640 1704 2 3 13 O 20
1679 1682 2 13 68 O 20
1682 1684 2 19 104 O 20
1684 4037 2 7 34 O 20
4037 1921 2 30 162 M 20
4424 1709 2 55 305 O 10
1684 1686 2 11 59 M 30
1686 1687 2 12 66 O 10
3326 3328 2 34 187 O 30
3328 1683 2 18 100 O 10
1677 1678 1 3 14 O 30
1678 1680 1 4 21 O 20
1680 1679 1 4 20 O 30
1679 1919 1 4 19 O 20
1919 1677 1 2 7 O 10
1699 4443 1 5 25 O 30
4443 1926 1 5 27 O 10
1712 1711 1 6 30 O 20
1711 95 1 3 11 O 10
1706 4532 1 3 15 O 20
4532 1709 1 6 32 O 10
1709 1708 1 2 10 O 10
1708 1707 1 3 15 M 10
1707 1706 1 4 18 O 10
1695 1696 1 5 28 O 30
1696 1697 1 6 30 O 30
1697 1695 1 5 24 O 20
1717 1862 1 1 6 O 20
1862 4847 1 6 30 O 20
4847 4845 1 3 15 O 20
4845 1718 1 2 7 O 20
1718 1717 1 8 43 M 30
1716 1715 2 6 29 O 30
1708 1711 2 17 94 M 20
1675 1682 2 28 154 O 20
1697 4482 2 12 62 O 10
4482 689 2 2 9 O 10
689 1698 2 16 87 O 10
3277 1681 2 22 122 M 20
3579 1710 2 17 90 M 10
4368 4543 2 8 40 O 10
4543 4828 2 6 33 O 10
4828 4832 2 3 13 O 10
4832 4923 2 3 16 O 10
1714 4863 2 14 77 O 10
4863 1862 2 22 118 O 30
3589 1139 2 33 182 O 30
1699 521 2 9 45 O 10
521 526 2 11 60 O 30
526 527 2 11 61 O 20
527 1703 2 2 10 M 10
1703 4858 2 20 108 O 20
4858 4861 2 1 5 O 10
4861 4860 2 1 3 O 30
4860 1712 2 20 106 O 10
1676 3340 2 23 125 O 30
1700 1141 2 15 80 O 20
1692 1693 1 4 17 M 10
1693 1694 1 4 19 O 30
1694 1692 1 8 40 M 30
5083 4836 1 11 56 O 30
4836 4835 1 1 5 M 20
4835 4924 1 8 42 O 30
1920 1921 2 30 162 O 30
1685 1689 2 51 283 O 20
4787 1417 2 13 72 O 20
893 901 2 13 0 C 0
901 900 2 47 0 C 0
900 4144 2 13 0 C 0
4049 1721 2 6 0 C 0
2511 879 2 20 0 C 0
879 887 2 16 0 C 0
887 878 2 17 0 C 0
878 886 2 16 0 C 0
886 4162 2 7 0 C 0
4162 1722 2 46 0 C 0
1016 2492 2 3 11 O 20
2492 1727 2 9 49 O 10
1727 2493 2 11 58 O 30
2493 1726 2 35 191 M 30
1730 1729 2 26 142 O 10
1728 3831 2 22 120 O 10
3831 4588 2 7 38 O 30
4588 681 2 13 72 O 20
681 4579 2 15 82 M 30
4579 4581 2 9 46 O 20
4581 423 2 18 97 O 20
423 2041 2 5 22 O 20
2041 1294 2 9 48 O 30
2422 2391 2 18 95 O 30
2391 2044 2 7 34 O 20
2044 2419 2 23 123 O 30
2419 2427 2 28 155 O 20
2427 2418 2 19 103 O 30
2418 2431 2 17 91 M 10
2431 329 2 17 91 O 10
329 2377 2 3 12 O 10
2427 2434 2 17 93 O 10
2434 2428 2 16 83 M 30
2428 2429 2 17 91 O 30
2429 2430 2 15 78 O 10
3593 3594 2 4 18 O 10
3594 3595 2 5 24 O 20
3595 4962 2 9 46 O 10
4962 3600 2 2 6 M 20
3600 1733 2 10 55 O 20
1733 1734 2 14 77 O 30
1734 2798 2 56 310 O 30
2798 1735 2 10 55 O 10
1735 1514 2 20 109 M 10
1502 4585 2 8 42 M 20
4585 1863 2 37 205 O 10
1737 1736 2 16 85 M 20
3054 3053 2 18 100 O 20
3053 3050 2 16 86 O 20
3268 3267 2 29 157 M 20
3267 3264 2 55 301 O 30
1748 1749 2 9 46 O 10
1747 1748 2 5 26 O 30
1748 396 2 2 11 O 10
1772 1771 2 7 0 C 0
4357 2518 1 23 0 C 0
821 822 2 23 0 C 0
1785 1784 1 3 0 C 0
2957 659 1 47 0 C 0
837 4357 2 20 0 C 0
2593 2594 1 18 0 C 0
3813 417 1 39 0 C 0
3820 5157 1 10 0 C 0
5157 2673 1 1 0 C 0
1789 1788 1 10 50 O 20
1790 2611 1 53 291 M 20
1792 2621 1 43 233 O 10
1793 1794 1 8 42 O 10
1801 1802 2 9 46 O 20
1799 1800 2 9 47 O 20
1803 1801 2 8 42 O 10
1801 1799 2 9 50 O 10
1799 1798 2 1 5 O 10
3529 578 2 6 31 O 30
578 576 2 8 42 O 10
576 3530 2 16 87 O 30
2653 1912 1 15 79 O 10
1808 1810 1 31 168 O 30
1842 4895 1 3 15 O 30
4895 2215 1 4 18 O 20
2215 4891 1 2 6 O 20
4891 1174 1 6 30 O 20
1805 1807 1 22 119 O 30
1815 1814 2 14 76 O 20
2469 2466 2 26 144 O 20
2466 2458 2 17 91 O 30
2458 2460 2 16 89 O 20
2460 4129 2 34 188 O 30
4129 2474 2 8 41 O 20
1822 1823 2 30 163 O 20
386 1195 2 8 39 O 20
728 741 2 36 197 O 20
741 4005 2 10 51 O 20
1242 1229 2 29 0 C 0
1825 1824 2 12 65 O 10
3465 4566 2 9 46 O 30
4566 3781 2 3 14 O 30
1828 2400 2 10 51 O 30
2400 4417 2 7 39 O 10
1085 1828 1 2 11 O 30
1829 1831 2 29 158 O 20
1831 1835 2 4 21 O 10
1835 1837 2 4 18 M 10
1837 1838 2 11 60 O 10
1836 1833 2 4 18 O 10
1832 1831 2 7 38 O 30
3468 4446 2 9 50 O 30
4446 1827 2 2 7 O 20
1833 4536 1 9 46 O 30
1839 1841 1 12 63 O 10
1841 1840 1 7 36 O 30
1840 1839 1 7 34 M 10
1810 2214 1 16 88 O 30
2214 2216 1 2 8 O 20
1842 726 2 27 146 O 10
726 2654 2 22 120 M 20
2338 725 1 10 53 M 10
725 2339 1 7 37 O 10
1847 3121 2 16 84 O 20
3121 3126 2 17 93 O 10
3126 3127 2 16 87 O 10
3127 3133 2 33 179 M 20
3133 3130 2 18 98 O 20
3130 3128 2 18 98 O 20
3134 1949 2 13 69 O 30
2359 1858 1 1 4 O 30
1858 1860 1 2 6 O 20
1860 1857 1 2 7 O 30
1857 1856 1 1 4 M 20
1856 1852 1 2 7 O 30
1852 1851 1 2 7 O 10
1851 1853 1 2 7 O 10
1853 1854 1 1 2 M 20
1854 2359 1 1 4 M 30
2945 4266 2 4 17 O 10
1854 1859 1 5 26 O 30
1855 4016 1 4 20 O 10
4016 2360 1 4 20 O 10
1859 1858 1 5 26 O 20
1849 2643 2 12 63 O 10
2643 1850 2 26 144 O 30
1860 1861 1 4 17 M 20
1861 1857 1 4 17 M 10
1850 1853 1 3 15 O 30
1851 1850 1 3 16 O 10
2735 1507 2 9 47 O 10
2733 2734 2 20 109 O 10
2734 1509 2 23 127 M 20
1509 2735 2 23 127 M 10
1865 1866 1 2 10 O 20
3773 4675 1 3 14 M 10
4675 4678 1 2 6 M 10
4678 4677 1 15 83 O 10
4677 3473 1 5 23 O 20
1876 3778 2 2 6 O 30
3778 3776 2 4 22 O 20
3776 1874 2 2 6 O 20
3034 3014 2 22 121 O 20
4818 1885 1 6 30 O 10
1887 1886 1 3 13 O 10
1888 2873 2 35 190 M 10
2873 4542 2 9 47 M 10
4542 2880 2 3 14 O 20
2880 1477 2 26 143 M 10
1893 1892 2 20 110 O 30
1982 1896 1 3 14 O 30
1896 1895 1 3 14 M 10
2631 4217 2 20 0 C 0
1899 965 2 15 0 C 0
965 1055 2 5 0 C 0
3396 3395 2 8 44 O 20
1898 3350 2 28 151 M 20
3350 1901 2 11 57 O 10
1903 1902 2 18 100 O 30
1908 1906 1 2 0 C 0
1904 4329 2 28 0 C 0
1177 2372 2 26 0 C 0
1909 2373 2 26 0 C 0
1147 4397 1 11 0 C 0
4397 1142 1 16 0 C 0
1142 4399 1 14 0 C 0
4399 78 1 5 0 C 0
78 79 1 10 0 C 0
79 4398 1 4 0 C 0
4398 1133 1 14 0 C 0
1133 1124 1 16 0 C 0
2653 4913 2 11 58 O 20
4913 4911 2 2 6 O 20
4911 1911 2 8 43 M 10
1021 1023 1 3 0 C 0
2511 992 2 22 0 C 0
992 1723 2 20 0 C 0
1723 993 2 20 0 C 0
1917 1916 2 7 36 M 30
545 3587 2 8 44 O 20
1919 1918 2 16 84 O 20
1918 4030 2 25 137 M 20
1918 1917 2 16 86 O 30
1917 1915 2 15 79 O 30
1128 4396 1 29 0 C 0
4396 1140 1 31 0 C 0
1140 1146 1 26 0 C 0
1929 1934 1 2 0 C 0
89 1933 1 4 0 C 0
4356 1739 1 11 0 C 0
1739 4656 1 4 0 C 0
4656 4655 1 6 0 C 0
4655 2593 1 14 0 C 0
3572 3573 1 4 0 C 0
3542 4935 1 14 0 C 0
4935 4936 1 10 0 C 0
4936 4645 1 9 0 C 0
4404 1821 2 1 0 C 0
1795 1937 1 15 79 O 20
3826 1794 1 10 55 O 20
1947 2615 2 8 39 O 20
2615 3141 2 16 89 O 30
1674 3184 2 9 48 O 10
3184 3185 2 39 214 O 20
3185 3194 2 16 88 O 30
3194 1955 2 15 78 O 10
1948 1846 1 2 10 O 20
1846 1950 1 2 9 M 30
1950 1949 1 2 9 M 10
1949 1948 1 2 8 O 10
1942 1941 1 2 8 O 10
1941 1943 1 3 12 O 20
1943 1944 1 3 12 O 30
1941 40 2 8 39 O 30
40 39 2 2 9 O 30
1846 1843 2 9 45 O 20
3144 3139 2 32 173 O 10
3227 3228 2 14 78 O 30
1951 3190 2 17 92 O 10
3190 1944 2 12 67 O 10
1946 2620 1 78 429 O 30
204 1951 1 1 2 O 30
1954 3239 2 8 44 O 20
3239 2301 2 39 212 O 30
2301 2066 2 20 107 O 10
2066 1747 2 9 46 M 30
1747 3195 2 19 101 O 20
3195 3265 2 17 92 O 30
3265 64 2 18 98 O 10
268 3246 2 7 35 O 10
3246 3259 2 22 118 M 10
3259 4741 2 24 129 M 10
4741 1667 2 7 34 O 20
1667 2314 2 2 6 O 30
2314 2315 2 9 48 O 30
2315 3362 2 21 116 O 10
3362 1666 2 8 39 O 20
1666 4722 2 14 78 O 10
4722 4739 2 28 152 O 10
4739 3365 2 4 22 M 20
269 268 1 2 6 M 30
3240 1956 2 13 68 M 20
3061 3063 2 17 93 O 10
3063 1959 2 16 89 M 10
2293 1676 2 14 73 O 20
1676 3319 2 15 78 O 30
3319 3316 2 18 99 O 30
3316 1602 2 21 113 M 30
1602 280 2 14 77 O 10
3290 3287 2 13 72 O 30
1659 1655 2 16 88 O 30
3202 1969 2 13 71 O 30
1970 1969 2 13 72 O 20
1967 1968 2 4 21 O 30
1968 1966 2 4 22 O 30
3287 2015 2 16 89 O 10
275 273 1 1 3 O 10
1586 3289 2 28 151 O 20
3289 1978 2 12 63 O 10
1584 5019 2 15 79 O 20
5019 3381 2 2 9 O 30
1585 2311 2 15 83 M 20
1585 1584 1 3 17 O 10
1584 1975 1 4 17 O 30
3570 2661 2 8 0 C 0
2506 229 2 1 0 C 0
1981 1895 1 1 3 O 10
1895 1982 1 21 114 M 20
1982 1981 1 1 3 O 20
4315 3442 2 11 61 M 20
1064 1984 1 5 0 C 0
1687 1688 2 30 161 O 20
1108 1101 2 32 175 M 20
2216 2006 1 4 17 O 30
2006 4625 1 13 71 O 10
4625 324 1 6 28 O 10
2008 1911 1 5 27 O 20
2007 4866 2 1 4 O 30
4866 4864 2 1 4 M 30
4864 4869 2 3 12 O 20
4869 2009 2 22 121 O 20
2013 2011 1 4 22 O 20
2007 668 1 14 76 O 10
2008 4669 2 17 89 O 20
4669 4610 2 10 52 O 10
4610 2014 2 4 19 O 30
2014 4908 2 21 112 O 10
4908 5002 2 15 81 O 20
5002 2011 2 10 52 O 10
4914 4624 1 19 100 M 10
4624 1912 1 24 129 O 20
4311 875 2 20 0 C 0
4665 4352 1 7 0 C 0
4750 4405 1 9 0 C 0
1773 4751 1 11 0 C 0
822 837 2 16 0 C 0
194 3689 2 23 0 C 0
1936 414 2 36 0 C 0
414 413 2 3 0 C 0
413 743 2 2 0 C 0
743 411 2 12 0 C 0
411 412 2 2 0 C 0
412 410 2 2 0 C 0
410 0 2 9 0 C 0
1936 2673 2 15 0 C 0
4248 2145 1 6 33 O 20
2147 226 1 12 62 M 30
134 431 1 3 0 C 0
2104 1167 1 2 0 C 0
1162 1163 1 4 0 C 0
2599 2598 1 4 0 C 0
2597 2601 1 4 0 C 0
2600 2599 1 4 0 C 0
4247 4251 1 8 40 O 20
3759 1923 1 24 130 O 20
4262 849 2 14 0 C 0
1740 4752 1 11 0 C 0
4223 820 1 37 0 C 0
820 670 1 63 0 C 0
670 2033 1 27 0 C 0
2151 422 1 81 0 C 0
3808 3809 1 60 0 C 0
3083 4056 2 14 78 O 30
3863 1315 2 20 109 O 20
2036 1730 2 26 140 O 20
2038 2037 1 12 61 O 20
2037 2039 1 10 53 O 30
2040 2041 1 26 142 O 10
2641 4013 1 3 13 O 30
4013 3652 1 5 27 O 30
3652 1889 1 7 34 O 20
2043 644 1 10 0 C 0
2044 2045 2 32 175 M 20
959 2051 2 5 26 O 10
2051 2054 2 8 43 O 30
2054 2052 2 7 36 O 30
2053 2051 2 4 20 M 20
2054 2055 2 7 37 O 10
2056 2057 2 43 237 O 30
2058 1209 2 44 242 O 30
1209 2060 2 37 202 O 20
2060 2059 2 59 323 O 30
1364 2060 2 8 42 O 30
2060 2061 2 17 93 O 30
2066 2069 2 26 139 O 20
2069 2071 2 15 82 O 30
2071 2067 2 7 34 M 10
2068 2069 2 9 44 O 20
2070 2071 2 8 41 O 20
1608 2344 2 8 44 O 30
2073 2072 1 15 78 O 30
3898 632 1 15 78 O 10
4761 3969 1 2 11 O 20
3969 186 1 13 71 O 20
2075 3646 1 6 28 O 20
1011 3646 1 18 100 O 30
2076 2159 2 30 163 O 20
2476 2077 2 11 56 O 10
2078 2079 2 12 66 O 30
2080 1331 2 10 53 O 20
2081 2082 2 8 41 O 10
161 2085 2 30 163 O 30
2089 2166 2 16 87 M 30
2166 4782 2 23 124 O 20
4782 4787 2 64 351 O 20
4822 2089 1 10 50 O 30
2090 1400 2 4 18 O 10
1400 2783 2 21 115 M 20
2783 1411 2 23 127 O 20
1411 2768 2 23 126 O 20
2768 738 2 9 46 O 20
738 2774 2 15 80 O 30
2774 2228 2 24 129 O 10
2413 2412 2 3 0 C 0
143 2093 2 20 106 O 20
2093 2092 2 39 212 O 30
2093 2094 2 7 35 O 20
2095 2096 2 20 109 O 20
2097 2098 2 11 60 M 10
2099 4995 1 2 0 C 0
1264 1257 2 22 0 C 0
1269 1264 1 13 0 C 0
3880 2947 1 15 0 C 0
2100 2101 2 24 130 M 10
2101 3754 2 3 15 O 10
2103 5080 2 6 29 O 10
5080 2583 2 24 131 O 10
1907 1908 1 2 0 C 0
2107 1905 1 1 0 C 0
2106 1907 1 2 0 C 0
1324 1328 2 12 63 O 10
1328 160 2 3 17 O 30
160 1330 2 4 21 O 30
1330 945 2 16 87 O 10
1479 1731 2 12 65 O 10
2716 1516 2 26 144 O 20
2717 5095 2 6 30 O 10
5095 5099 2 43 236 O 30
5099 2696 2 10 53 O 20
2696 5125 2 2 6 O 10
5125 1530 2 11 59 O 20
2073 3625 1 19 104 O 10
4661 2498 2 2 8 O 10
2498 693 2 22 122 O 30
693 1728 2 6 29 O 20
2072 3625 1 22 119 O 30
3719 2856 1 11 58 O 20
4801 2264 1 21 113 O 10
2264 3066 1 6 29 M 10
3066 2263 1 6 28 O 20
2263 3080 1 22 119 O 20
3080 4802 1 33 182 O 20
2907 2908 1 3 13 O 30
4679 1480 1 2 8 O 30
1537 1538 1 1 5 O 20
1539 1537 1 2 10 O 10
1007 2253 1 32 175 O 30
4303 1489 2 17 93 O 30
4714 2111 1 8 0 C 0
4716 2109 1 8 0 C 0
2109 3456 1 6 0 C 0
4805 2541 1 8 41 O 30
1011 1012 1 28 152 M 10
4695 185 1 3 13 O 10
1017 1018 1 19 101 O 30
1734 2833 2 18 97 O 10
2833 2834 2 7 38 O 10
2834 2840 2 23 126 O 30
2840 2835 2 8 42 O 20
2835 2836 2 17 93 M 30
895 868 2 3 12 O 20
898 899 2 16 0 C 0
899 897 2 14 74 O 20
897 869 2 2 10 O 10
2520 4354 1 4 0 C 0
4353 2519 1 3 0 C 0
85 4349 1 16 0 C 0
2015 1587 2 22 120 M 10
1572 1587 2 26 139 O 20
1567 1568 2 16 86 O 30
1568 3329 2 14 76 O 10
136 4392 1 15 0 C 0
2120 2122 1 4 0 C 0
2366 2367 2 8 0 C 0
2120 2366 2 11 0 C 0
2122 2121 1 2 0 C 0
2121 2120 1 3 0 C 0
60 2127 1 3 0 C 0
1288 1290 1 2 0 C 0
1290 1291 1 2 0 C 0
1261 1263 1 2 0 C 0
1263 1262 1 2 0 C 0
1262 1259 1 3 0 C 0
1259 1260 1 1 0 C 0
4765 4048 2 69 0 C 0
4048 3688 2 18 0 C 0
1228 4235 2 20 0 C 0
4235 4236 2 15 0 C 0
4236 4006 2 24 0 C 0
2083 4807 1 1 5 O 10
1472 1473 1 2 9 M 20
2860 1505 2 14 78 O 20
1505 2735 2 15 81 O 20
1044 4815 1 4 17 M 10
4815 1885 1 4 17 M 30
1885 4812 1 4 18 O 10
4812 4811 1 4 17 O 20
1470 1472 1 2 8 O 20
1523 2693 2 34 186 O 10
2693 2717 2 13 72 O 30
429 4779 1 17 94 O 20
1409 1407 1 2 10 O 30
1410 1412 1 2 10 M 20
1398 1399 1 3 12 O 30
1399 1397 1 3 11 O 10
1391 1392 1 2 9 O 20
1392 1390 1 2 11 O 20
1768 3552 2 23 0 C 0
721 1765 1 12 0 C 0
2372 1909 2 5 0 C 0
2658 4121 2 21 0 C 0
4121 3723 2 21 0 C 0
3723 4925 2 12 0 C 0
4925 4123 2 10 0 C 0
4123 718 2 13 0 C 0
718 719 2 5 0 C 0
719 4125 2 4 0 C 0
4125 3721 2 22 0 C 0
1784 1787 1 3 0 C 0
1787 1786 1 3 0 C 0
2367 2368 2 13 0 C 0
2368 2369 2 21 0 C 0
2369 2370 2 22 0 C 0
2370 2371 2 25 0 C 0
2371 1177 2 7 0 C 0
2669 3995 2 17 0 C 0
4640 4699 1 9 0 C 0
52 4057 2 10 0 C 0
1264 1266 1 11 0 C 0
2947 1270 1 15 0 C 0
1266 1267 1 2 0 C 0
1267 1268 1 4 0 C 0
3871 2043 1 12 0 C 0
1782 4020 1 19 0 C 0
2668 4099 2 3 0 C 0
4099 3567 2 27 0 C 0
4699 4715 1 3 0 C 0
2528 640 1 6 0 C 0
640 4700 1 50 276 O 20
4687 3467 1 21 114 O 10
1028 1769 1 29 0 C 0
1767 528 1 10 0 C 0
528 568 1 5 0 C 0
3592 667 1 5 0 C 0
4366 2134 1 13 0 C 0
1027 4176 1 17 0 C 0
2349 2138 1 17 0 C 0
36 1821 1 23 0 C 0
1175 846 2 14 0 C 0
3792 4216 1 6 0 C 0
2150 4319 1 131 726 O 20
2149 2335 1 53 291 O 30
2335 2155 1 148 817 O 10
1752 2149 1 11 56 M 20
2618 2150 1 10 55 O 30
2607 2152 1 5 26 O 20
2610 2153 1 5 25 M 10
2152 2602 1 39 213 O 30
2153 2608 1 45 249 O 30
2155 2156 1 13 67 M 10
2157 988 1 13 67 O 30
2156 989 1 158 874 O 20
988 109 1 158 877 O 10
109 2618 1 38 208 O 30
553 2162 2 8 44 O 10
2162 2161 2 6 31 O 10
2161 2163 2 6 30 M 20
2161 2160 2 10 54 O 20
2160 2162 2 4 21 O 20
3553 4231 1 13 0 C 0
4231 4107 1 11 0 C 0
4107 112 1 12 0 C 0
4762 3555 2 3 0 C 0
2167 2168 1 12 0 C 0
2625 2626 1 6 0 C 0
2626 2627 1 18 0 C 0
1379 347 2 8 42 M 10
347 349 2 22 118 O 30
1381 361 2 9 46 O 30
361 359 2 3 11 M 30
359 360 2 15 81 O 10
439 762 1 12 0 C 0
3830 1041 1 22 118 O 10
1937 2336 1 4 20 O 30
2611 1808 1 48 265 O 10
1807 2118 1 78 431 M 10
1809 1806 1 5 24 O 20
1806 3829 1 71 391 M 30
3829 4359 1 53 292 O 30
2617 2616 1 20 107 O 10
1946 2614 2 3 14 O 20
1674 1942 1 1 1 O 30
1955 1954 1 4 19 O 20
1954 2173 1 3 13 M 20
3153 1600 2 28 154 O 30
1944 1674 1 3 13 O 20
2177 2355 2 7 37 M 10
2355 1616 2 13 68 M 10
1616 277 2 11 57 O 10
277 3151 2 14 77 M 30
2174 2177 1 1 4 O 30
1600 1977 1 3 13 M 20
1977 1976 1 3 14 O 20
1975 1974 1 3 15 O 20
1974 1585 1 3 16 O 20
4705 1881 1 3 15 O 30
1052 405 1 35 194 O 20
4754 4753 1 4 17 O 30
470 313 1 24 0 C 0
1048 465 1 18 98 M 10
1050 4207 1 36 195 O 30
3429 3985 1 56 306 O 10
3429 3428 2 29 157 O 10
3428 3430 2 7 34 O 20
3989 467 1 9 49 O 30
2179 2534 1 15 80 O 20
2181 2183 1 9 49 M 20
2188 2189 2 13 68 O 30
2189 2184 2 10 54 O 30
2190 4945 1 12 62 O 20
2187 2186 1 6 29 M 30
2186 2185 1 5 27 O 10
2265 3020 2 12 0 C 0
3666 492 1 13 71 O 30
492 104 1 10 53 M 30
104 2284 1 7 36 O 20
3019 3020 1 9 49 O 30
1960 3060 2 26 140 O 20
4307 2191 2 23 124 O 10
2194 1462 2 30 162 O 10
1462 4243 2 22 119 O 30
4243 3013 2 31 168 O 20
3085 3012 2 24 128 O 20
2192 2194 1 4 20 O 10
2194 2193 1 3 11 O 20
2193 2192 1 2 10 O 30
2195 2196 2 9 46 O 30
2197 4977 2 8 39 O 20
4977 1431 2 9 48 M 10
2197 2198 1 3 16 M 10
2198 2199 1 2 10 O 10
2199 2197 1 2 8 O 10
3068 3069 2 29 157 M 30
2203 2201 1 3 13 O 30
2201 3800 1 2 11 O 20
2207 3101 2 8 40 O 30
2206 2204 2 6 32 O 20
3111 3109 2 31 168 O 10
3100 3089 2 25 134 O 20
2985 2988 2 15 79 O 20
2988 2992 2 35 191 M 20
2992 2983 2 15 78 M 20
2983 1414 2 40 218 O 30
2989 2991 2 24 133 O 30
2202 2205 2 8 42 O 20
3800 3110 2 82 451 O 30
3110 3102 2 59 322 O 20
2975 2978 2 46 253 M 20
2978 2969 2 22 122 M 10
1430 4780 2 8 39 O 10
4780 2261 2 19 104 O 20
2209 2208 2 5 27 O 30
1421 1425 2 26 143 O 10
2012 2213 1 9 45 O 30
2213 2214 1 3 16 O 30
1174 1842 1 5 26 O 30
1805 1809 1 10 54 O 20
2216 2654 1 29 158 O 30
2598 2596 1 5 0 C 0
2602 2603 1 2 7 M 10
2378 2219 1 17 91 O 30
27 2220 2 14 74 M 20
2225 3517 2 75 416 O 20
3517 2224 2 17 92 O 10
3525 3516 2 14 77 M 10
4285 2939 2 9 46 O 10
4632 5068 2 3 12 O 10
5068 1411 2 22 121 O 20
1411 5063 2 84 463 O 10
2766 1426 2 83 457 O 20
2232 2229 2 6 30 O 20
2230 2231 2 15 83 M 30
2237 2238 2 21 114 O 30
2238 4955 2 11 60 O 10
4955 4956 2 4 20 M 20
4956 2238 2 6 29 O 10
2158 1455 2 5 25 O 30
1455 1454 2 4 19 O 20
1454 1451 2 19 102 M 30
1451 1458 2 56 307 O 30
1458 1457 2 19 101 O 30
2240 2241 2 8 44 M 20
2239 2235 2 16 89 O 20
2803 2242 2 12 63 O 10
1733 2821 2 14 74 O 20
2821 2825 2 9 46 O 10
2825 2826 2 12 65 M 30
2826 2823 2 14 72 M 30
2823 2824 2 17 93 O 30
2251 1373 2 47 258 M 10
2250 2251 2 6 33 O 30
2252 1006 1 6 30 O 10
1006 5131 1 10 51 O 30
5131 426 1 8 44 O 10
4052 5106 1 5 27 O 30
2253 1005 1 6 28 O 10
4598 1534 2 21 112 O 30
2249 2244 2 17 92 M 10
2245 2246 2 2 7 M 10
2246 3659 2 3 16 O 10
3659 2247 2 3 13 O 20
2247 3656 2 3 17 O 20
3656 2248 2 4 17 O 30
2244 5110 2 3 11 O 20
2259 2260 1 3 13 O 10
2254 3077 2 5 22 O 10
3077 2849 2 47 258 O 30
2849 1485 2 6 29 O 10
2260 2258 1 3 11 O 20
2258 2084 1 13 67 O 10
2084 162 1 5 24 O 10
162 4808 1 42 229 O 20
2255 2256 1 3 16 O 30
4809 2258 1 12 62 O 20
4810 4814 1 96 530 O 10
4814 4811 1 12 65 O 10
2257 2254 2 4 21 O 20
2261 1431 2 4 20 O 30
2262 28 2 9 48 O 10
189 566 2 6 0 C 0
566 565 2 7 0 C 0
565 777 2 13 0 C 0
777 778 2 24 0 C 0
2268 3494 2 6 29 M 30
3534 3535 2 14 74 O 30
3535 3484 2 9 46 O 30
1719 3477 2 8 39 O 10
3477 302 2 8 41 O 10
302 3478 2 16 86 O 20
3478 3479 2 18 97 M 30
3479 3480 2 41 223 M 20
3480 3482 2 21 112 O 30
3482 309 2 23 123 O 30
2269 2353 2 5 23 O 10
4968 4966 1 20 108 O 30
2271 2270 2 29 160 M 30
2273 2741 2 15 82 O 30
2741 746 2 9 48 O 10
746 2740 2 12 63 O 20
2740 1468 2 21 111 M 10
1468 2745 2 21 112 O 10
2745 2272 2 19 102 O 10
1519 1513 2 33 182 M 10
1513 1521 2 18 100 O 30
1521 1522 2 2 10 O 30
1522 1529 2 15 79 O 30
1529 1532 2 12 63 M 30
1532 3645 2 29 159 O 30
3645 2736 2 12 65 M 30
2274 1736 2 3 15 O 10
1736 2275 2 4 17 O 10
2283 192 1 11 60 O 20
2280 2282 2 4 19 O 20
2279 2278 2 6 32 O 10
2278 860 2 18 95 M 30
2282 2281 2 18 99 O 30
444 858 1 20 110 O 20
2855 2856 2 14 78 O 10
2856 1738 2 2 10 M 30
3387 3388 2 40 221 O 10
1581 1598 2 19 101 O 10
1972 1582 2 25 137 M 30
3337 1972 2 26 143 O 30
5021 5022 2 11 60 O 30
2288 2292 1 3 12 M 20
4501 2290 2 11 0 C 0
3264 3265 2 7 36 O 20
1638 3213 2 15 78 O 10
2299 2300 2 33 179 O 30
2300 2301 2 15 83 M 10
1645 3158 2 22 119 O 20
1672 1669 2 39 213 O 10
3162 3163 2 15 83 O 20
1673 3250 2 78 432 O 10
3250 3248 2 16 85 O 10
3248 3252 2 15 81 O 30
3252 3251 2 7 34 M 10
2307 2303 2 8 40 M 20
3151 279 2 7 34 O 10
2311 1592 2 4 17 O 30
2316 3278 2 13 70 O 30
3278 1977 2 20 106 O 20
404 1884 1 15 80 O 20
2308 2298 2 7 37 O 10
2298 3156 2 15 78 O 30
1671 1670 2 15 83 M 20
1670 389 2 21 111 O 30
389 1953 2 22 121 M 10
2310 2309 2 4 19 O 20
2315 2313 1 8 39 O 20
2313 2314 1 8 40 O 20
1964 1979 2 25 135 O 10
1979 1613 2 20 107 M 30
3448 2318 2 17 93 O 10
1683 3288 2 23 122 O 10
1681 1683 2 17 90 O 30
2319 3348 1 1 3 O 20
3348 3349 1 6 33 O 30
3349 2319 1 4 20 O 30
1965 1963 2 15 78 O 10
1963 3343 2 18 99 M 30
3343 3342 2 17 89 O 30
2322 2320 2 2 9 O 10
2320 2323 2 2 8 O 10
2324 91 2 6 29 O 30
2320 2321 2 7 38 M 20
1976 1978 1 3 15 M 10
272 1627 1 1 3 O 20
278 279 1 1 3 O 20
1978 1600 1 3 14 O 20
1038 2339 1 7 34 M 20
2072 3858 2 9 46 O 10
3858 3859 2 3 15 M 30
1540 1548 2 21 114 M 10
1548 1551 2 17 92 O 10
1551 2072 2 5 25 O 10
1517 1512 1 46 255 O 10
1547 2690 2 44 242 O 30
2690 2691 2 31 171 O 10
2691 2159 2 11 60 O 10
2159 1551 2 23 127 O 20
1512 2797 2 56 307 M 20
2797 2711 2 20 108 O 20
2711 1508 2 15 80 M 10
1512 1515 1 46 254 O 30
2327 2699 2 20 106 O 30
2795 1813 2 15 80 O 10
2328 1383 2 33 181 O 20
2330 2329 2 10 54 O 10
932 710 2 36 199 O 10
710 933 2 5 23 O 30
933 2332 2 11 60 O 10
3172 1618 2 23 123 O 20
1618 3164 2 13 70 O 10
3164 1622 2 56 309 O 10
3298 3172 2 19 105 O 20
314 1880 1 62 0 C 0
4358 2512 1 23 0 C 0
3443 1589 1 24 133 O 10
3397 3396 2 25 139 M 20
3396 1608 2 14 74 O 20
1608 3398 2 11 57 O 30
3398 3399 2 22 122 O 30
3399 3400 2 20 110 O 30
3354 3353 2 3 14 O 10
1595 1594 2 15 81 M 20
1596 1595 2 15 81 O 30
1894 1651 2 3 13 M 20
1651 1653 2 10 54 O 10
1058 2345 2 2 0 C 0
2755 1454 2 47 256 O 20
2345 42 2 7 0 C 0
42 3355 2 4 0 C 0
3355 3356 2 22 0 C 0
3356 3423 2 12 0 C 0
3423 3412 2 29 0 C 0
3412 1640 2 3 0 C 0
4557 1987 1 13 0 C 0
1987 4556 1 91 0 C 0
4556 1986 1 16 0 C 0
1986 1985 1 2 0 C 0
3741 2004 1 10 0 C 0
2004 1775 1 3 0 C 0
2171 616 1 9 0 C 0
1984 1065 1 5 0 C 0
4429 2354 2 16 86 M 30
2355 4558 1 12 64 M 20
4558 1616 1 6 29 O 20
2306 2357 1 11 60 O 10
2357 2358 1 8 44 O 20
2358 2306 1 4 17 O 20
946 346 2 17 91 O 10
4119 2363 2 28 151 O 10
4698 2374 2 2 11 O 30
2374 2140 1 2 10 O 20
2498 3619 2 8 41 O 30
3619 3620 2 4 20 O 30
3620 3622 2 5 22 M 20
3622 3624 2 5 23 O 10
3624 3737 2 9 46 O 20
2379 2380 1 3 0 C 0
2517 672 2 4 0 C 0
672 671 2 5 0 C 0
671 836 2 14 0 C 0
2503 2504 1 19 105 O 20
3526 2505 2 5 23 O 20
2146 2147 1 11 56 M 30
2118 2656 1 71 393 O 30
3353 1642 2 11 59 O 30
1642 1641 2 16 88 O 30
1641 4617 2 16 85 O 20
4617 4560 2 23 123 O 10
1870 1873 1 9 48 M 10
1873 3738 1 5 23 O 10
3422 1902 2 15 82 O 20
3390 3391 2 16 86 O 20
1594 3390 2 29 156 O 30
2507 1626 2 7 39 O 20
3395 2344 2 12 63 O 20
2509 1617 2 6 29 O 30
2508 1612 2 7 34 M 20
1601 3392 2 5 25 M 10
2521 2226 2 4 19 O 30
44 1561 2 27 146 O 10
1373 863 2 22 122 O 10
863 2525 2 13 68 O 30
2525 2532 2 16 87 O 10
2532 4492 2 32 173 O 30
4492 4490 2 6 32 O 30
2531 350 2 36 199 O 10
350 2532 2 9 48 O 20
2533 2535 2 7 36 O 30
2535 3974 2 8 44 O 10
2180 2182 1 7 35 O 20
2537 1016 1 18 96 M 30
1016 4687 1 13 68 O 30
2536 2537 1 6 30 O 10
2538 2539 1 6 28 O 20
2539 4128 1 11 60 O 10
1782 2526 1 3 0 C 0
2540 4702 1 18 95 M 20
2541 3716 1 6 30 M 30
4657 2143 1 17 92 O 20
2179 4696 1 11 57 O 20
2541 4695 1 3 16 O 20
4378 4766 1 3 16 O 30
4380 4379 1 5 24 O 20
4379 4031 1 5 22 O 20
2543 4379 2 22 117 M 30
2050 4378 1 4 21 O 10
2543 4768 1 7 36 O 20
2545 2544 2 15 81 O 30
1197 1201 1 8 43 O 10
1218 2552 1 6 29 O 20
2552 1220 1 5 26 M 20
2553 1221 1 4 21 O 30
1203 2550 1 8 43 O 20
2550 4171 2 32 172 O 20
4171 1824 2 4 18 O 30
1824 2552 2 3 12 O 30
2553 4172 2 9 48 O 20
2382 1249 1 17 0 C 0
1249 2955 1 6 0 C 0
2954 2554 1 14 0 C 0
1222 1229 1 4 18 O 10
2551 4131 1 28 153 O 30
2557 2558 2 17 91 O 30
2560 157 2 1 5 O 10
157 2463 2 12 62 O 20
2463 153 2 1 2 O 30
153 155 2 7 34 O 20
155 144 2 9 47 M 30
144 2091 2 2 7 O 10
2091 2095 2 4 21 M 20
2095 2456 2 13 71 M 10
2456 2450 2 26 140 O 10
2450 3745 2 20 108 O 10
3745 3747 2 4 18 O 10
2559 3748 2 7 37 O 30
2561 2562 1 14 73 O 20
2563 2564 1 10 54 O 20
2565 2566 2 2 6 O 10
2566 2567 2 10 51 O 30
2576 2568 1 77 424 O 10
2575 2569 1 10 52 O 30
2577 2572 2 19 105 O 20
2570 2574 1 9 47 O 30
2571 2573 2 7 37 O 20
2579 2578 2 3 12 O 20
2578 2577 2 1 1 O 20
2577 2576 2 13 69 O 20
2125 2126 2 8 40 M 10
1229 1224 1 4 19 O 10
1197 676 2 21 115 O 10
676 4081 2 24 130 M 30
4081 4080 2 7 38 O 30
4080 3951 2 6 33 O 10
3951 3952 2 3 14 O 20
3952 955 2 19 103 M 10
955 4016 2 7 38 O 30
2333 4504 2 57 0 C 0
4504 930 2 13 0 C 0
930 923 2 89 0 C 0
923 2544 2 15 81 O 10
918 2581 2 2 0 C 0
2393 2392 2 23 122 O 20
2392 2561 2 34 184 O 30
2561 66 2 8 42 O 10
66 2562 2 3 16 O 30
2562 2563 2 3 13 O 20
2563 5170 2 4 18 O 30
5170 2564 2 4 18 O 10
2564 2391 2 5 22 O 10
2391 2421 2 18 97 O 30
2421 2390 2 35 192 O 20
2390 2417 2 19 103 O 20
2443 2584 2 3 14 O 10
3947 1829 2 9 47 O 20
1829 3469 2 12 62 M 10
3469 5082 2 2 9 M 30
3824 4533 1 101 0 C 0
3823 2585 1 48 0 C 0
5152 3824 1 78 0 C 0
2585 5152 1 138 0 C 0
4256 1806 1 79 434 M 20
1939 1788 1 4 18 M 20
2621 1795 1 22 122 O 10
2622 3830 1 10 54 M 10
4360 1796 1 50 275 M 10
2089 2087 1 9 45 M 20
4749 978 2 16 0 C 0
4233 2633 2 7 0 C 0
2633 3694 2 6 0 C 0
3906 2547 1 21 112 O 30
2547 3905 1 18 97 O 30
3905 2548 1 28 150 O 20
2548 2551 1 28 153 O 10
4131 1362 1 28 151 M 10
1362 2953 1 18 96 M 30
2953 3909 1 15 82 O 30
3909 3908 1 5 25 O 30
2137 2031 1 12 66 O 30
2137 2635 1 24 131 M 10
2636 2029 1 9 48 O 30
2636 2634 1 11 59 O 10
3750 2638 1 6 31 O 20
1554 4221 2 11 58 O 20
1889 4014 2 39 214 O 10
4266 2643 1 29 159 O 20
2646 2644 2 35 190 O 20
2647 2645 2 10 55 M 20
2648 4226 1 18 0 C 0
3727 2649 1 19 0 C 0
4321 409 1 6 29 O 30
409 407 1 2 6 O 30
407 3738 1 1 5 O 10
3738 4342 1 13 68 O 20
3593 4325 2 8 42 O 10
4325 3594 2 7 38 O 10
3595 3596 2 7 37 M 30
3600 3603 1 4 20 O 10
3603 3601 1 4 18 O 10
3613 3611 2 4 20 O 30
3611 3609 2 4 20 O 10
3609 3607 2 4 19 M 10
3607 3605 2 4 20 O 30
3605 3604 2 4 19 O 30
4961 3612 2 1 5 O 30
3612 3610 2 4 20 O 20
3610 3608 2 4 19 M 20
3608 3606 2 4 20 O 30
3606 4963 2 5 25 M 20
4963 3604 2 6 28 O 20
3605 3606 2 7 34 M 10
3607 3608 2 7 35 O 30
3609 3610 2 7 34 M 20
3611 3612 2 6 30 O 10
3613 3614 2 5 22 O 30
3737 3623 2 12 63 O 10
3623 3621 2 4 18 M 30
3621 3617 2 4 21 O 10
3617 3618 2 4 21 O 10
3618 3616 2 17 91 O 20
3618 3862 1 14 76 O 20
3862 3619 1 3 13 M 10
3617 3620 2 17 93 O 20
3621 3622 2 17 93 O 30
3623 3624 2 15 83 O 30
3627 3764 1 4 20 O 20
3764 3641 1 4 18 O 30
3641 3639 1 4 18 O 20
3639 3637 1 4 17 M 20
3637 3635 1 4 17 O 10
3635 3633 1 4 17 O 30
3633 3631 1 4 18 O 20
3631 3629 1 4 17 O 10
3629 4992 1 5 28 O 30
4992 4991 1 9 49 O 30
4991 3630 1 3 16 O 10
3630 3632 1 4 18 O 30
3632 3634 1 4 17 O 20
3634 3636 1 4 18 O 30
3636 3638 1 4 17 O 30
3638 3640 1 3 16 M 10
3640 3628 1 4 17 M 20
3628 3642 1 4 18 O 20
3629 3630 2 9 49 M 30
3631 3632 2 9 46 M 20
3633 3634 2 8 43 O 20
3635 3636 2 8 40 O 20
3637 3638 2 7 36 O 30
3639 3640 2 6 33 O 30
3641 3628 2 6 28 O 20
3643 3627 1 4 22 O 30
3764 3642 2 5 24 M 10
3644 3645 2 14 77 O 10
3642 3644 1 7 38 O 20
3647 3648 2 28 153 M 30
1296 3648 1 6 30 O 10
1889 3651 1 4 20 O 10
3651 3650 1 4 19 O 30
3650 5035 1 2 11 O 20
4013 3650 1 9 48 M 30
3652 3651 1 6 30 O 10
3654 2248 2 5 25 O 10
2248 3655 2 3 12 O 30
3667 3656 2 5 25 O 10
3656 3657 2 4 20 O 20
3658 3659 2 5 25 O 30
3659 3660 2 6 28 M 10
2246 3662 2 6 28 O 20
3664 4489 2 21 112 O 30
4489 3665 2 12 65 O 30
3668 2247 2 5 26 O 10
2247 3669 2 5 26 M 30
4246 4250 1 28 152 O 30
3187 5171 2 3 13 M 30
5171 3188 2 3 13 O 10
3671 3672 2 3 15 O 10
3163 3161 2 12 65 O 10
3161 3162 2 3 12 O 20
3770 1059 1 214 0 C 0
3677 2708 2 20 108 M 10
2708 1545 2 22 118 O 10
1545 2707 2 23 123 O 10
3676 1527 2 6 32 M 10
1527 1528 2 6 29 M 20
1528 3677 2 1 2 O 10
1467 2751 2 38 206 O 10
2751 1457 2 7 36 O 20
1457 1453 2 5 24 O 20
1453 2233 2 7 35 O 20
2233 2746 2 13 67 O 10
2193 3071 2 15 79 O 20
3071 4806 2 52 284 M 10
3014 4779 2 73 405 O 20
2824 2830 2 15 79 O 20
2830 2828 2 29 159 O 30
2828 2803 2 22 121 O 10
2800 2801 2 7 37 O 20
2801 2814 2 27 148 M 10
2814 2802 2 39 216 O 10
2802 2803 2 27 148 O 10
2803 1482 2 77 422 O 20
3685 2716 2 15 79 O 30
2813 2824 2 12 66 O 20
3684 2851 2 2 6 O 10
3683 2850 2 2 8 O 20
3675 1504 2 3 14 O 20
1504 2796 2 13 71 O 30
2796 2860 2 12 62 O 30
146 267 2 17 91 O 10
267 5044 2 9 45 O 30
5044 1334 2 10 53 O 20
2581 920 2 23 0 C 0
2329 531 2 8 43 O 10
531 1386 2 10 51 O 10
3686 959 2 39 214 M 20
3688 3960 2 23 0 C 0
2130 1826 2 34 0 C 0
1826 1271 2 11 0 C 0
1271 1263 2 21 0 C 0
1250 1252 2 19 0 C 0
3687 958 2 4 18 O 10
3689 2517 2 13 0 C 0
2515 2020 2 17 0 C 0
2020 4674 2 2 0 C 0
4674 912 2 24 0 C 0
912 872 2 42 0 C 0
872 910 2 21 0 C 0
910 2516 2 31 0 C 0
3690 243 2 3 0 C 0
243 242 2 5 0 C 0
242 1272 2 2 0 C 0
1272 4047 2 22 0 C 0
665 3592 1 11 0 C 0
4564 4565 1 20 107 O 30
3561 3560 2 20 0 C 0
3560 3559 2 41 0 C 0
3558 3557 2 88 0 C 0
3557 402 2 22 0 C 0
3693 1816 2 1 0 C 0
4748 4749 2 9 0 C 0
975 3751 2 14 0 C 0
3751 977 2 11 0 C 0
977 246 2 32 0 C 0
2609 2608 1 5 28 O 30
2339 1036 1 1 4 O 10
2608 2212 1 4 17 O 20
415 2606 1 6 0 C 0
1036 96 1 4 21 O 30
1037 2211 1 3 12 O 10
2605 2602 1 6 29 O 10
2606 2217 1 2 0 C 0
2217 2218 1 4 18 O 30
2218 2605 1 2 6 O 20
1926 1698 1 5 25 O 30
1698 1699 1 5 27 O 30
1713 1714 1 4 22 O 30
1714 1712 1 4 20 O 10
2566 3696 2 15 82 O 20
3699 3698 2 17 90 O 30
3710 3706 2 6 31 O 30
3706 4795 2 2 11 M 30
4795 3698 2 8 41 M 10
3705 3707 2 13 71 O 20
3707 3700 2 16 87 O 20
3707 3704 2 9 47 O 10
3704 4792 2 10 54 O 30
4792 4796 2 11 59 M 20
4796 3703 2 10 50 O 10
5032 3703 2 89 489 O 10
3703 3706 2 15 82 O 10
3701 3702 2 29 158 O 10
3704 4793 2 10 53 M 20
4793 3699 2 10 51 O 10
3699 3711 2 22 122 O 10
3697 3708 2 23 122 O 10
3717 3719 1 12 63 O 20
3715 3714 1 10 50 O 30
4805 3716 1 8 44 O 30
4694 3718 1 11 59 M 20
3569 4227 1 4 0 C 0
2649 4228 1 5 0 C 0
4689 2492 1 16 86 O 10
2492 2538 1 18 97 O 10
2386 2387 2 11 0 C 0
3731 3729 2 7 0 C 0
3736 1762 2 12 0 C 0
1762 3731 2 2 0 C 0
3736 3730 1 3 0 C 0
3729 3735 2 2 0 C 0
1726 1727 2 27 148 O 20
3743 3742 1 9 0 C 0
3749 3746 2 7 35 O 30
3747 3748 1 10 55 O 10
3748 3750 1 2 11 M 20
2030 3747 1 20 108 O 30
3752 3753 2 17 94 O 10
2101 2102 2 31 169 O 20
1179 3755 2 27 147 M 20
1179 3756 2 11 59 O 10
3761 3759 1 10 55 O 10
4053 529 2 5 23 O 20
2627 2629 1 14 0 C 0
1875 1877 2 7 34 O 10
3774 3772 2 7 36 M 20
3779 3777 2 7 34 O 20
3777 1875 2 4 18 O 30
1875 1874 2 4 19 O 20
1874 3774 2 5 26 O 20
3774 3773 2 3 16 O 30
3778 3775 1 10 51 O 20
3775 3776 1 7 37 O 10
1878 3779 2 4 22 O 30
3779 1877 2 4 18 O 10
1877 1876 2 4 19 M 10
1876 3773 2 14 74 M 30
3780 2348 2 2 0 C 0
246 3780 2 1 0 C 0
3796 5074 2 20 106 O 20
5074 4798 2 12 65 O 30
4798 3505 2 8 41 M 20
1407 1406 1 4 20 M 10
1412 1413 1 4 21 O 20
1413 1410 1 2 9 M 10
3798 3799 2 4 22 M 10
1428 1429 1 4 20 O 20
3800 2203 1 4 21 O 10
2356 4041 1 22 117 O 30
3899 3832 2 6 28 M 30
3836 3837 2 6 28 O 30
3837 3838 2 12 64 O 30
3839 3835 2 6 28 O 30
3835 3840 2 12 64 M 30
3841 3842 2 17 93 O 30
3843 3844 2 17 93 O 20
3845 3846 2 17 93 O 20
3847 3848 2 17 93 O 30
3849 3850 2 17 93 O 30
3851 3852 2 17 93 O 20
3833 3836 1 9 45 O 30
3836 3839 1 4 17 O 30
3839 3841 1 4 20 O 30
3841 3843 1 4 17 O 30
3843 3845 1 4 17 O 10
3845 3847 1 4 20 O 20
3847 3849 1 4 17 O 30
3849 3851 1 4 17 O 20
3851 3834 1 4 17 M 10
3834 3852 1 20 110 O 10
3852 3850 1 4 18 O 30
3850 3848 1 4 17 O 10
3848 3846 1 4 20 O 20
3846 3844 1 4 17 O 20
3844 3842 1 4 17 O 30
3842 3840 1 4 20 O 20
3840 3838 1 4 17 O 20
3838 3833 1 15 81 O 10
3835 3837 1 4 18 O 10
3837 3833 1 4 17 M 10
3832 3853 2 4 20 O 30
3853 3833 2 2 10 M 20
3854 3897 1 4 18 O 20
3855 3856 1 4 18 M 20
3857 3866 2 13 67 O 20
3858 3868 1 13 69 O 10
3868 3859 1 12 65 M 30
3616 3862 1 4 20 O 20
2082 3864 1 9 47 M 10
3864 3865 1 4 19 O 30
3865 2082 1 5 23 O 20
192 2284 1 2 10 O 20
3872 3873 1 10 0 C 0
3875 1281 1 4 0 C 0
1273 1281 2 49 0 C 0
3879 1273 1 1 0 C 0
1265 1268 1 6 0 C 0
1267 1265 1 6 0 C 0
3726 1020 2 18 95 M 10
1334 3885 1 26 142 M 10
4702 3467 1 2 8 M 30
4702 4689 1 19 103 O 20
3467 4127 1 3 14 O 20
4020 4716 1 15 0 C 0
3897 3857 2 5 26 M 10
3857 3867 2 19 104 O 30
3867 3866 2 3 14 O 10
3866 3855 2 10 50 O 30
3855 3897 2 2 8 O 30
4019 2074 2 17 89 O 10
2075 1012 1 13 67 O 20
3898 2074 2 3 17 O 10
3898 3900 1 16 84 M 30
4760 3899 1 3 13 O 20
3904 371 2 5 23 M 30
371 3903 2 25 139 O 10
3903 3901 2 11 57 O 10
3901 3902 2 4 19 O 30
3902 3903 2 4 19 O 20
1020 2952 1 9 48 O 10
3908 3910 1 5 23 O 10
3910 1020 1 3 16 M 20
2560 3911 1 9 48 M 20
3911 3907 1 5 27 M 10
3907 3912 1 6 30 M 30
3912 3883 1 8 41 O 20
3883 3906 1 14 76 O 20
3908 2952 1 3 12 O 20
3907 3906 1 3 13 O 10
3909 3910 1 4 21 O 20
3911 3912 1 6 31 O 20
3536 145 2 5 25 O 20
145 3726 2 6 28 O 30
2029 2030 1 3 12 O 10
2634 4513 1 28 155 O 10
2559 4683 1 50 274 O 20
2031 2029 1 3 13 O 20
2635 2448 1 15 83 O 30
1019 3916 1 7 38 O 10
3783 4259 1 4 0 C 0
2002 3763 1 10 0 C 0
1741 1742 1 3 13 M 30
1779 4330 1 12 64 O 10
1744 1741 1 2 9 M 10
4185 549 1 16 0 C 0
549 4317 1 21 0 C 0
4317 2501 1 50 0 C 0
4713 4303 2 4 17 O 30
4713 4331 1 31 170 M 30
3921 3927 2 5 26 O 20
3927 3925 2 4 19 O 10
3925 3922 2 4 17 O 20
3922 3923 1 10 51 O 20
3923 3924 1 7 34 M 10
3924 3922 1 4 17 O 30
3925 3926 1 9 48 M 30
3926 3927 1 6 29 O 30
2183 4662 1 82 454 O 10
4696 4685 1 2 11 O 20
4696 2534 1 7 34 O 10
3928 3929 2 18 94 O 20
2123 3930 1 8 41 O 20
3931 2123 1 8 43 O 30
3932 3934 1 9 48 O 30
3934 3933 1 9 48 M 10
3934 3935 2 3 13 O 20
3936 3941 2 5 24 O 20
3941 3940 2 9 45 O 10
3940 3935 2 5 25 M 10
3935 3939 2 6 33 O 20
3939 3937 2 3 16 M 20
3937 3938 2 13 71 M 30
3939 3940 2 13 67 O 30
3941 3942 2 7 35 O 20
3937 3943 2 4 20 M 10
2100 4701 1 48 264 O 20
3889 2141 1 2 9 O 20
3944 3946 2 11 56 M 30
3946 4672 2 7 35 O 10
4672 1830 2 5 27 O 20
1830 4769 2 29 160 O 30
3944 3695 1 7 35 M 10
2491 3695 2 2 11 O 20
2491 2540 1 7 38 M 30
3945 3944 1 10 50 O 30
3468 3948 2 2 10 O 20
3899 3949 2 17 91 O 30
1195 3951 1 5 28 M 10
3952 1195 1 7 36 O 20
3954 3955 1 8 39 O 30
3955 530 2 16 89 O 30
4626 3958 1 16 85 O 10
3959 4033 1 11 57 M 10
4032 3959 1 9 47 O 30
4034 59 1 16 88 O 20
2645 2945 2 3 12 O 20
3961 3962 1 9 48 O 10
3963 3961 1 9 50 O 20
1228 3964 1 6 28 O 20
3965 1228 1 5 26 O 10
3960 3966 1 8 0 C 0
3967 3960 1 9 0 C 0
3968 3965 1 1 1 O 10
1312 3921 2 18 98 O 20
3921 3929 2 3 13 O 20
3929 1326 2 32 175 O 20
1326 1329 2 10 53 O 30
1329 3920 2 20 107 O 20
3920 3919 2 3 12 O 20
1325 4198 2 2 8 M 20
4198 3914 2 1 3 M 30
3914 1319 2 19 100 O 30
3918 1352 2 2 9 O 10
3918 1342 2 33 178 M 20
3915 1323 2 4 22 O 10
3915 1319 2 14 74 O 30
3899 3969 1 2 8 O 20
3970 1374 1 5 27 O 20
1376 3970 1 6 30 O 10
3971 3972 1 6 31 O 20
1375 3971 1 6 28 M 20
1378 1377 1 5 24 O 10
3973 1378 1 5 23 O 30
3974 1380 1 5 26 O 30
3975 3974 1 5 26 O 20
3976 1379 1 4 20 O 30
1379 3979 1 4 19 O 20
3980 2529 1 6 28 O 10
3977 3980 1 6 28 O 30
1381 3978 1 5 24 O 20
2530 1381 1 5 25 O 20
3985 3986 1 22 119 O 20
538 3991 2 1 4 O 30
3991 3992 2 3 14 O 10
3992 3988 2 4 19 M 30
3988 3987 2 4 18 O 30
4108 3590 1 9 0 C 0
567 4109 1 8 0 C 0
3994 4108 1 10 0 C 0
4028 1 2 14 0 C 0
4029 4028 2 17 93 O 20
4035 4040 2 4 20 O 30
4040 4039 2 10 52 O 30
4039 4036 2 12 63 O 30
4037 4038 2 5 26 O 10
4038 4039 2 12 63 O 10
4038 4040 2 24 128 O 30
2305 1632 2 7 33 M 20
4041 5172 1 4 17 O 30
5172 2356 1 4 17 O 30
4043 4042 2 8 41 M 20
5112 5118 2 3 15 O 10
5118 5117 2 2 7 M 30
5117 5114 2 2 9 O 20
5114 4050 2 2 9 O 10
4050 5104 2 2 6 O 30
106 495 2 7 36 O 10
495 823 2 6 28 O 20
823 825 2 6 30 O 20
825 816 2 11 58 M 10
816 2531 2 49 270 O 20
4073 4063 2 4 20 O 20
4072 4064 2 4 17 M 10
4066 4065 2 3 17 O 20
4071 4067 2 4 20 O 20
4069 4068 2 4 20 O 30
4063 4072 2 2 7 O 10
4072 4066 2 4 19 O 30
4066 4071 2 4 18 O 30
4071 4069 2 4 19 O 10
4069 4070 2 2 7 M 20
4079 4078 2 5 22 M 20
4078 4077 2 4 21 O 20
4083 4082 2 4 20 O 30
4086 4085 2 3 11 O 10
4089 4088 1 18 96 O 10
4092 4094 2 12 64 O 10
4096 4094 2 4 18 O 30
4094 4093 2 2 7 O 30
4093 4092 2 6 29 O 30
4092 4091 2 5 27 O 30
4097 4096 2 10 53 M 30
4096 4095 2 14 73 O 10
4098 2334 2 21 113 M 20
930 929 2 14 0 C 0
4112 4111 2 9 45 O 30
4114 4113 2 6 31 O 20
4116 4112 2 12 66 O 10
4112 4114 2 5 23 O 20
4114 4115 2 10 55 O 20
4140 4117 2 21 112 O 20
4118 534 2 6 31 O 10
4218 2628 1 10 0 C 0
4133 2399 2 14 77 O 30
2399 2398 2 13 70 M 20
2398 1088 2 17 91 O 20
4134 4133 1 3 14 O 10
4136 592 2 2 11 O 30
4012 4136 2 3 11 O 10
4137 2361 2 3 0 C 0
4005 4137 2 28 153 O 30
54 533 2 2 0 C 0
4139 1245 2 25 0 C 0
3885 5041 2 6 31 O 30
5041 1321 2 18 98 O 30
1321 4197 2 2 6 O 10
4197 1314 2 19 105 O 10
1314 1890 2 4 18 M 10
4147 4146 1 3 0 C 0
1167 4903 2 13 0 C 0
4903 4309 2 1 0 C 0
4309 4163 2 15 0 C 0
4163 4143 2 39 0 C 0
4152 4151 2 26 143 M 20
4156 4875 2 11 56 O 30
4875 4155 2 10 51 M 20
4155 4154 2 1 5 O 10
4154 4899 2 35 192 O 20
4899 4153 2 8 42 O 30
4157 4897 1 4 21 O 20
4897 4155 1 12 63 O 30
4154 4158 1 15 82 O 10
4160 4159 2 9 50 O 20
4162 4160 2 20 0 C 0
4160 4161 2 17 89 O 10
4170 4171 2 12 66 O 20
1912 2655 1 20 109 O 20
2655 2006 1 9 48 M 30
2006 2213 1 2 8 O 30
2213 2035 1 11 57 O 10
2654 2653 1 15 79 O 30
956 4173 2 12 66 O 20
4175 4174 2 9 45 O 30
1883 3384 1 37 204 O 10
4753 4704 1 3 16 O 20
4683 140 1 23 126 O 10
140 2950 1 2 11 O 30
138 2555 1 4 0 C 0
2555 2556 1 18 0 C 0
2955 2954 1 14 0 C 0
1774 1777 2 2 0 C 0
1781 3892 1 2 0 C 0
3892 3893 1 16 0 C 0
3893 4183 1 3 0 C 0
2523 3981 1 4 0 C 0
3984 3804 1 5 0 C 0
1764 2122 2 16 0 C 0
3765 408 1 1 3 O 20
408 407 1 2 7 O 30
407 2663 1 1 4 O 10
2544 4098 2 11 58 O 20
4098 4378 2 29 161 M 10
1932 1931 1 4 0 C 0
1933 1928 1 1 0 C 0
4400 976 1 7 0 C 0
974 4401 1 7 0 C 0
4180 4179 2 20 110 O 20
1065 1089 1 150 0 C 0
1990 1989 1 31 0 C 0
1989 3548 1 54 0 C 0
3548 334 1 7 0 C 0
334 601 1 15 0 C 0
1089 3549 1 37 0 C 0
3549 3454 1 43 0 C 0
3454 116 1 3 0 C 0
3538 4381 1 71 0 C 0
4381 1725 1 104 0 C 0
1724 4003 1 59 0 C 0
4003 4001 1 67 0 C 0
4001 1818 1 50 0 C 0
3543 1293 1 74 0 C 0
1293 4075 1 6 0 C 0
4075 4076 1 6 0 C 0
4076 1724 1 7 0 C 0
1725 2034 1 17 0 C 0
1783 92 1 74 0 C 0
1292 133 1 30 0 C 0
2631 2632 2 2 0 C 0
2632 1049 1 98 0 C 0
4756 2631 1 99 0 C 0
1983 4181 1 10 0 C 0
4182 2586 1 10 0 C 0
1983 2586 2 3 0 C 0
4183 1774 1 5 0 C 0
1777 4184 1 5 0 C 0
1774 4185 1 3 0 C 0
1778 1741 1 10 51 O 20
1992 1991 1 13 0 C 0
4177 1992 1 2 0 C 0
115 4177 1 21 0 C 0
1060 4178 1 2 0 C 0
3453 1060 1 15 0 C 0
3550 611 1 22 0 C 0
612 4514 1 15 0 C 0
1041 3827 1 7 34 M 20
3827 2617 1 4 19 O 10
1811 1809 1 3 16 O 30
1806 1811 1 4 17 M 20
210 209 1 2 10 O 30
3459 3998 1 9 0 C 0
2526 2528 1 5 0 C 0
47 1999 1 22 0 C 0
1999 1998 1 5 0 C 0
1997 4188 1 9 0 C 0
4187 1062 1 8 0 C 0
4186 1063 1 13 0 C 0
1062 4186 1 10 0 C 0
614 3450 1 3 0 C 0
3450 602 1 5 0 C 0
1998 1997 1 17 0 C 0
613 1993 1 16 0 C 0
4184 1778 1 16 0 C 0
1744 1781 1 6 31 O 10
1741 1779 1 7 37 M 10
1780 1744 1 12 62 M 30
1743 3891 1 11 58 O 10
1742 1743 1 2 10 O 30
4331 1742 1 18 95 O 10
1914 193 2 16 0 C 0
193 158 2 15 0 C 0
158 2515 2 6 0 C 0
1797 3741 1 7 0 C 0
4299 4515 1 2 0 C 0
4515 1797 1 10 0 C 0
2003 2002 1 13 0 C 0
608 3598 1 5 0 C 0
3598 2001 1 7 0 C 0
1776 2003 1 5 0 C 0
2001 3599 1 11 0 C 0
3599 4505 1 7 0 C 0
4505 2000 1 5 0 C 0
49 4506 1 24 0 C 0
4506 3455 1 18 0 C 0
3455 4299 1 15 0 C 0
605 47 1 14 0 C 0
607 50 1 11 0 C 0
604 48 1 11 0 C 0
48 46 1 2 0 C 0
46 606 1 14 0 C 0
4548 2326 1 6 0 C 0
1176 4142 1 22 0 C 0
2364 2347 1 17 0 C 0
2524 4189 1 7 0 C 0
4190 2524 1 7 0 C 0
3810 3811 1 25 0 C 0
4191 3808 1 11 0 C 0
4344 2592 1 4 0 C 0
2591 2019 1 3 0 C 0
2019 2520 1 15 0 C 0
4193 4343 1 5 0 C 0
4350 4192 1 6 0 C 0
2518 871 1 3 0 C 0
2594 4357 1 8 0 C 0
1082 4388 1 11 0 C 0
1032 4361 1 7 0 C 0
1691 3758 1 3 14 O 10
1691 83 1 5 22 O 30
2032 1691 1 2 7 O 20
3760 2032 1 3 15 O 20
3758 3760 1 2 6 M 10
1019 2465 2 7 34 O 20
2465 4314 2 53 293 O 20
4314 1822 2 11 56 O 30
1822 1312 2 32 175 O 30
1312 2142 2 1 5 M 30
4413 2636 1 37 205 O 30
2397 1088 2 2 11 M 20
2397 2409 1 9 45 M 30
2409 2412 1 33 181 O 10
2948 3871 1 11 0 C 0
4127 4688 1 2 9 O 30
2951 4126 1 11 60 M 20
4683 4126 2 3 12 M 10
4128 4686 2 3 12 O 30
4686 790 1 9 46 O 30
790 2536 1 3 11 O 20
1018 4659 1 3 11 O 20
2030 2637 1 3 13 M 10
3121 3125 2 22 118 O 10
3125 3122 2 13 72 O 20
961 4194 2 18 99 M 20
4196 4195 2 11 57 O 30
3303 3299 2 14 75 O 10
4198 4197 2 18 97 M 20
4199 1316 2 8 43 O 20
1900 1898 2 9 45 O 10
43 2522 2 10 53 O 10
4200 4311 1 4 0 C 0
1721 4203 1 5 0 C 0
4204 1721 1 5 0 C 0
1722 4205 1 5 0 C 0
4206 4204 1 1 0 C 0
4203 4202 1 1 0 C 0
4202 4201 1 2 0 C 0
4201 4200 1 2 0 C 0
4205 4206 1 1 0 C 0
4719 4821 1 3 13 O 10
308 2266 1 30 163 M 20
4821 4710 1 3 12 O 10
4711 4719 1 3 12 O 30
4710 4711 1 3 13 O 10
4709 4710 1 14 73 O 30
4799 645 1 2 10 O 30
2131 1389 1 3 13 M 10
4706 646 1 28 155 O 10
1389 2267 1 8 41 O 30
2266 4799 1 6 29 O 30
5065 4820 1 16 84 O 30
2236 5066 1 10 54 M 20
5066 2086 1 38 209 O 30
4819 4820 1 49 270 O 20
406 1869 1 8 42 O 10
4720 4708 2 2 11 O 30
4708 3679 1 14 75 O 10
2267 4707 1 32 178 M 10
3678 4720 1 6 33 O 30
4821 3678 1 45 250 M 30
3470 3471 2 2 11 O 30
453 574 1 6 28 O 20
574 4719 1 14 73 O 20
463 3470 1 20 109 O 10
4707 4708 1 34 189 O 20
3481 4707 2 2 10 O 10
4720 3481 1 35 190 O 30
4207 3397 1 29 157 O 30
1589 3429 1 40 220 O 10
3397 4756 1 18 98 M 30
1049 3443 1 18 100 O 30
468 1881 1 17 90 M 10
4705 1562 1 22 121 O 10
2342 4705 1 15 81 O 10
207 1048 1 16 85 O 20
4704 1052 1 12 65 O 10
3384 4755 1 13 70 M 30
1051 4753 1 22 119 O 10
4754 3986 1 5 27 O 30
4755 4754 1 2 11 M 30
4704 4755 1 4 17 O 30
1054 3354 1 15 79 O 10
1884 1054 1 12 66 M 30
405 404 1 14 75 M 20
1053 1883 1 13 70 O 30
4209 3353 1 6 33 O 30
3354 4208 1 9 50 O 20
3353 1053 1 15 80 M 20
2907 4801 1 4 22 O 20
3681 2908 1 6 31 M 20
1010 168 1 5 24 O 30
168 3713 1 6 29 O 30
1009 166 1 7 36 M 20
166 170 1 6 33 O 30
170 1010 1 1 4 M 20
3869 1009 1 12 63 O 30
1009 1008 2 3 13 O 30
1008 1007 1 9 47 O 10
2697 1008 1 14 76 O 10
3625 2527 1 12 64 O 20
4210 621 1 9 46 O 30
621 4570 1 12 64 O 10
4570 622 1 6 33 O 20
619 620 1 71 389 O 10
4691 4948 1 6 33 O 30
621 4691 2 2 10 O 20
2190 4691 1 10 50 O 10
620 4692 2 2 10 M 10
4211 4210 1 25 134 O 20
620 4211 1 13 71 O 10
4212 4692 1 13 70 M 10
4948 4212 1 27 147 O 10
2850 3684 2 1 5 O 20
3046 173 1 56 310 O 20
2850 427 1 7 36 O 20
4804 428 1 6 32 O 10
174 3682 1 8 41 O 30
3682 4804 1 49 268 O 20
3717 1753 1 6 33 O 20
185 3714 1 7 37 M 20
4800 100 1 3 17 M 10
100 3715 1 4 17 O 20
4695 3718 1 5 26 O 20
2376 51 1 6 0 C 0
858 624 2 3 14 O 30
624 4469 1 8 40 O 10
4469 4473 1 11 57 O 20
4473 446 1 4 18 O 10
3791 1913 1 25 0 C 0
440 3802 1 21 0 C 0
2510 4215 1 16 0 C 0
4216 3793 1 11 57 O 20
223 4214 1 11 60 M 20
4257 4215 1 22 0 C 0
4216 995 1 10 52 O 30
4214 4252 1 17 89 O 20
3804 3983 1 4 0 C 0
3982 2523 1 4 0 C 0
2510 3793 1 4 21 O 10
2169 4218 1 11 0 C 0
4181 2169 1 69 0 C 0
2651 4182 1 68 0 C 0
4219 2651 1 11 0 C 0
2346 2642 1 2 0 C 0
2168 2650 1 4 0 C 0
3768 2167 1 8 0 C 0
2628 3768 1 7 0 C 0
2629 4219 1 4 0 C 0
3817 5156 1 5 0 C 0
1084 200 1 34 187 O 10
200 1083 1 4 17 M 20
2750 4712 1 6 32 O 20
2749 4713 1 105 579 O 10
4712 2749 1 15 78 O 10
461 4747 1 18 96 O 20
4718 1084 1 12 67 O 10
3604 3602 2 6 32 O 30
3602 4267 2 9 47 O 20
2841 3602 2 9 49 O 10
4700 2374 1 3 14 O 10
4698 3461 1 45 246 O 30
2141 4698 1 2 10 M 20
3782 2100 2 2 11 M 20
3782 3889 1 6 31 O 10
2140 2100 1 7 39 O 20
4444 3782 1 29 159 O 10
3695 4697 1 22 121 O 10
4701 2491 1 20 106 O 10
117 4383 2 14 0 C 0
1910 2364 1 7 0 C 0
4142 246 1 12 0 C 0
2348 1910 1 9 0 C 0
4232 812 2 29 0 C 0
4232 4233 2 14 0 C 0
245 763 1 9 0 C 0
2365 1816 1 10 0 C 0
245 3693 2 3 0 C 0
2373 2365 1 11 0 C 0
2373 244 2 3 0 C 0
4222 244 1 7 0 C 0
763 4222 1 6 0 C 0
2657 4447 2 10 0 C 0
4447 4978 2 12 0 C 0
4978 4979 2 13 0 C 0
4979 4981 2 13 0 C 0
3567 2657 2 3 0 C 0
3728 3575 1 14 0 C 0
2657 4225 1 4 0 C 0
1761 3570 2 3 0 C 0
4226 3570 1 5 0 C 0
1761 3727 1 4 0 C 0
3568 3569 2 3 0 C 0
4227 2648 1 5 0 C 0
4228 3568 1 4 0 C 0
1023 3819 1 4 0 C 0
1024 1022 1 3 0 C 0
3806 2151 1 2 0 C 0
4229 3806 1 13 0 C 0
3811 4223 1 8 0 C 0
5155 3807 1 4 0 C 0
4224 4191 1 7 0 C 0
3807 4224 1 7 0 C 0
4 4404 2 13 0 C 0
4364 1767 1 15 0 C 0
2134 1026 1 5 0 C 0
1769 2349 1 25 0 C 0
4362 4256 1 80 439 M 30
4250 4248 1 3 14 M 30
2656 4250 1 3 15 O 10
2639 2943 2 5 0 C 0
4015 55 2 3 13 O 30
2360 1852 1 2 9 O 30
1856 1855 1 2 10 M 30
4263 4264 2 42 232 O 30
4266 834 2 1 5 O 20
834 828 2 8 41 O 20
828 1859 2 4 22 O 10
4267 1731 1 5 22 O 20
3733 1764 2 15 0 C 0
3735 4270 2 2 0 C 0
4271 3734 1 1 0 C 0
3900 2075 1 2 8 O 30
3793 995 1 6 30 M 10
2505 4276 1 3 12 O 10
4276 4275 1 14 77 O 20
4276 4277 2 7 33 O 10
4277 4278 1 11 58 O 10
4278 4275 1 7 36 M 30
4275 2503 1 4 19 O 20
4278 4279 1 1 5 O 30
4279 4277 1 7 35 O 30
4277 3527 2 4 19 O 10
4275 310 2 5 24 M 10
2505 4280 2 2 8 O 30
4280 2504 2 2 10 O 30
2504 4283 2 24 130 O 30
4280 4281 2 14 77 O 30
4282 4284 1 5 23 M 10
4284 4283 1 24 132 O 30
4284 2503 1 8 44 M 30
4286 5069 1 4 19 O 10
5069 4287 1 29 156 O 30
4288 4290 2 6 33 M 20
4290 4292 2 4 20 M 30
4292 4293 2 15 78 O 30
4293 4291 2 4 20 O 10
4291 4289 2 7 34 O 20
4290 4291 2 8 39 M 20
4292 5173 2 4 19 O 20
5173 4293 2 4 19 O 30
4294 4295 2 4 18 M 30
2026 4297 1 4 17 O 30
4297 2023 1 3 15 O 30
4298 2218 1 8 39 M 30
2217 4298 1 7 39 M 20
909 1154 1 5 27 O 20
1153 909 1 5 27 O 10
2027 1158 1 5 25 O 30
1158 2022 1 5 25 O 20
1728 2178 2 100 550 O 30
4221 4012 2 13 69 M 10
4012 4220 2 48 262 O 30
1127 1924 1 6 0 C 0
1924 4313 1 6 0 C 0
1129 1927 1 7 0 C 0
1927 1130 1 6 0 C 0
3593 4268 1 10 55 O 20
4269 3593 1 10 54 O 30
4663 2108 1 17 0 C 0
1122 4328 1 6 0 C 0
1122 4327 2 7 0 C 0
4327 4265 2 1 0 C 0
4265 1116 2 26 0 C 0
2025 1122 1 5 0 C 0
4369 2514 2 10 0 C 0
1920 4374 2 7 39 O 30
4374 4371 2 3 14 O 30
4371 4372 2 20 107 O 30
4372 4373 2 18 96 O 20
4374 4375 1 24 133 O 10
4376 4554 2 13 71 O 20
4382 2250 2 20 108 O 10
4370 4371 1 24 128 O 20
4041 2305 1 10 50 O 30
2305 2356 1 4 17 O 30
4391 4390 2 77 424 O 20
618 192 1 15 81 O 10
4694 4695 1 9 48 M 10
4407 4406 2 5 24 O 30
4409 4407 1 18 95 O 10
4407 4408 1 17 94 O 30
4412 4410 2 5 23 O 20
4413 344 2 4 19 O 10
344 4412 2 4 21 O 20
4412 4411 2 29 158 M 10
4769 5174 2 2 6 O 20
5174 3947 2 2 6 M 30
4416 4132 2 7 36 O 20
4621 4416 1 2 6 O 20
4420 2660 1 13 0 C 0
2660 4103 1 3 0 C 0
4103 4102 1 6 0 C 0
4102 34 1 31 0 C 0
34 4393 1 17 0 C 0
4393 4421 1 5 0 C 0
4421 4104 1 11 0 C 0
4104 4422 1 24 0 C 0
4422 3538 1 15 0 C 0
24 4425 2 47 256 M 20
4426 4425 2 2 7 O 10
4425 1715 2 2 11 O 20
1715 4424 2 2 7 M 20
4424 4426 2 2 6 O 10
3235 4430 2 2 7 O 10
4388 1034 1 122 672 O 30
3760 2325 1 22 120 O 10
2325 142 1 7 36 O 30
142 1033 1 102 563 M 30
4433 4432 2 6 28 O 20
4433 4431 2 11 60 O 10
4434 4433 2 5 27 O 10
4442 4843 2 3 16 O 30
4843 4435 2 10 55 O 30
4435 4839 2 2 8 O 30
4842 4436 2 4 20 O 20
4436 4439 2 9 45 O 20
4439 4438 2 4 17 O 10
4438 4441 2 3 15 M 10
4436 4435 2 19 105 O 30
4438 4437 2 12 62 O 30
4437 4843 2 8 43 M 30
4440 4437 2 4 18 M 20
4437 4439 2 14 78 O 30
4441 4440 2 12 63 O 10
4440 4442 2 8 44 O 20
4446 4445 2 19 103 O 30
857 4448 2 20 107 M 30
4449 857 2 20 108 O 20
2136 4455 2 6 29 O 30
4450 4451 2 15 80 O 20
4452 4451 2 6 29 O 30
4455 4454 2 22 119 O 10
4453 4454 1 25 136 O 10
2580 2578 2 16 86 M 10
2580 2576 1 4 19 O 10
2446 2580 1 6 33 O 10
4465 4464 2 3 15 O 30
4464 4463 2 30 163 M 20
4460 4457 2 4 0 C 0
4470 4469 2 4 17 O 10
4473 4472 2 2 8 M 30
4459 4466 1 13 71 O 10
4470 4459 2 3 13 O 30
4459 4461 2 8 39 O 20
4467 4466 2 2 11 O 10
4466 4461 2 5 25 M 20
4468 4467 2 3 0 C 0
4471 4673 2 7 38 O 30
4673 4458 2 1 4 O 20
4461 4460 2 7 38 O 10
4461 4458 2 6 32 O 10
4458 4462 2 15 79 O 20
4462 4472 2 2 8 O 20
4472 4471 2 6 30 O 30
4471 4470 2 5 23 O 30
4475 4474 2 22 119 O 30
4482 4481 2 7 37 M 10
4477 4476 2 23 127 O 10
4479 4477 2 40 221 O 20
4477 4474 2 9 45 O 20
4474 4478 2 23 127 M 10
4478 1696 2 15 81 O 30
4481 4479 2 10 54 O 20
4479 4476 2 11 56 M 10
4476 4475 2 8 44 O 20
4475 4478 2 3 16 O 10
4481 4480 2 16 85 O 30
4493 4485 1 4 17 O 10
4485 4497 1 8 39 M 20
4497 4495 1 2 11 O 30
4485 4484 2 2 10 O 30
4484 4496 2 3 12 O 20
4494 4493 1 8 41 O 10
4484 4483 2 15 78 O 20
4486 4493 2 2 11 O 30
4495 4494 1 4 19 O 10
2761 4495 2 20 109 O 10
4501 548 2 4 0 C 0
548 4500 2 4 0 C 0
4500 4499 2 5 0 C 0
4498 4499 1 14 0 C 0
4488 4491 2 5 27 M 10
4489 4487 2 2 6 O 20
4487 4488 2 9 50 O 10
4492 4491 1 13 67 O 10
4491 4490 1 18 99 O 20
4513 4512 2 4 18 O 10
4511 4507 2 7 35 O 30
4682 4513 1 5 26 O 30
4510 4512 2 3 16 M 20
4509 4510 2 22 121 O 20
4512 4509 2 26 140 O 20
4509 4508 2 4 22 M 10
4512 4511 2 11 59 O 30
4511 4510 2 8 42 O 20
4323 200 1 4 21 O 30
200 199 1 5 22 O 20
4517 4503 2 5 0 C 0
4521 4520 1 9 46 M 20
4520 4377 1 6 32 O 30
4522 5033 1 6 32 O 10
5033 4523 1 9 49 M 30
4532 11 2 6 31 O 10
1706 4524 2 9 47 O 20
4526 4525 2 12 65 M 20
4526 4530 1 4 18 O 30
4530 4529 1 38 206 O 10
4533 625 1 30 0 C 0
3795 2352 1 106 584 O 10
4319 4340 1 92 509 O 20
4334 1751 1 61 334 M 20
1751 4046 1 42 0 C 0
4335 4334 1 4 18 O 30
1838 4535 1 6 31 O 20
4535 4534 1 2 11 O 20
4534 1838 1 4 21 O 30
1834 1833 2 8 42 O 30
4536 1836 1 11 56 O 20
4536 1830 2 13 67 O 30
1835 1836 2 12 66 O 20
1836 1839 2 4 19 O 20
1837 4537 2 3 13 O 10
4537 4539 1 7 36 O 30
4539 4538 1 4 19 O 10
4538 4537 1 4 17 O 20
1832 4541 1 5 26 O 30
4541 4540 1 3 15 O 20
4540 1832 1 2 10 O 30
4555 4522 2 3 15 O 20
4522 4377 2 3 15 O 30
4554 4555 2 4 21 O 10
4373 4370 2 20 111 O 30
4370 4375 2 2 9 O 10
4376 4373 2 41 225 O 20
64 1671 2 6 29 M 30
4234 4559 1 36 0 C 0
281 4561 1 2 11 O 20
4561 3402 2 18 100 O 20
3402 4681 2 15 79 O 20
773 774 2 20 0 C 0
1923 1922 1 12 65 O 30
1922 4368 1 13 67 O 20
1923 4368 2 3 13 O 30
3648 1297 1 9 49 M 30
1576 1575 2 8 42 O 20
2303 2306 2 2 10 O 20
4563 3691 2 4 20 O 30
3692 4564 2 5 26 O 10
4565 5175 1 2 9 O 10
5175 4564 1 2 9 O 10
4568 4566 1 4 21 O 10
4568 4567 2 12 66 M 20
4569 4567 1 4 19 O 10
4567 251 1 4 18 O 10
251 252 1 13 72 O 10
252 4568 1 4 17 O 20
4570 4571 2 9 48 O 10
4572 4573 2 2 10 M 10
4574 4575 2 2 10 M 30
4576 4577 2 20 106 O 30
4576 2408 1 13 0 C 0
4578 4576 1 29 0 C 0
4581 4580 1 8 40 O 10
4580 4579 1 7 36 O 30
4588 4587 1 6 31 O 20
4587 3831 1 5 28 O 10
864 865 2 31 172 O 10
4590 4589 1 12 64 O 20
4583 4586 2 5 26 O 20
4586 4582 2 4 18 M 30
641 4586 1 15 83 O 30
4592 4591 2 22 120 O 30
4591 642 2 2 6 M 10
4594 4593 1 8 41 M 20
556 550 1 11 58 O 20
550 2163 1 4 18 O 10
2163 553 1 5 26 O 30
553 557 1 11 58 O 30
557 5176 1 6 33 O 30
5176 552 1 6 33 O 30
552 554 1 12 65 O 10
3437 4595 2 4 20 O 10
4595 4596 2 4 18 O 20
1980 3438 2 2 10 O 10
4597 1980 2 3 12 O 10
4599 1534 2 3 15 O 30
4602 4600 2 6 33 O 30
4600 4601 2 8 39 O 30
4603 5034 2 9 45 O 20
4604 1328 2 14 77 O 30
1935 4606 2 4 17 O 10
4606 4605 2 20 108 O 30
4610 4609 2 5 26 O 20
618 2283 1 8 43 O 10
1767 1028 1 3 0 C 0
3571 2375 1 4 0 C 0
1819 3572 1 4 0 C 0
3029 448 1 16 0 C 0
4260 3801 1 5 0 C 0
1795 67 1 13 71 O 30
1789 68 1 6 30 M 30
68 1791 1 2 8 O 30
871 90 1 35 0 C 0
4339 1871 1 25 136 O 20
4336 4335 1 15 78 O 10
3863 1311 1 6 28 O 20
3591 3551 1 10 0 C 0
3821 3788 1 3 0 C 0
2040 1014 1 23 123 O 30
2143 2219 1 6 33 O 10
2111 2500 1 10 0 C 0
1268 3880 1 2 0 C 0
469 1879 1 27 0 C 0
1880 1559 1 41 0 C 0
313 314 2 3 0 C 0
314 315 2 3 0 C 0
1881 1569 1 3 15 O 20
911 2595 2 16 0 C 0
4419 2587 1 6 29 O 30
2516 194 2 33 0 C 0
3694 4748 2 7 0 C 0
3551 4402 1 4 0 C 0
4342 4322 1 2 10 O 30
2284 102 1 6 32 O 30
3750 2637 1 6 33 O 30
3890 1775 1 8 0 C 0
1374 1375 1 4 19 O 30
1376 1374 1 3 13 O 10
3975 1380 1 3 13 M 30
1380 3976 1 2 6 O 30
3976 3979 1 2 10 O 10
3979 3977 1 1 3 O 10
3977 2529 1 3 13 O 10
2529 2530 1 2 7 M 30
2530 3978 1 3 11 O 20
3978 3975 1 2 7 M 30
3972 3973 1 1 3 O 10
3973 1377 1 2 11 O 10
1377 1376 1 1 3 O 10
1375 3972 1 4 17 O 30
1811 1810 1 10 54 O 10
1808 1811 1 25 133 O 30
435 4667 1 20 111 M 30
1794 4360 1 22 120 O 10
1911 2010 1 8 44 O 30
2010 2008 1 7 37 O 10
2011 2009 1 9 46 O 20
2173 1955 1 3 11 O 30
913 3822 1 66 0 C 0
3959 943 2 4 18 O 20
943 4097 2 14 73 M 20
4097 941 2 15 78 O 20
3957 921 2 10 0 C 0
1270 1269 1 1 0 C 0
4034 3958 1 5 25 M 20
4033 4034 1 3 13 M 10
4031 4032 1 2 9 O 30
4380 4031 1 3 15 O 10
3958 4380 1 2 11 O 20
859 4643 2 3 0 C 0
4643 1369 2 1 0 C 0
1369 1370 2 7 0 C 0
1370 1371 2 8 0 C 0
1371 507 2 27 0 C 0
507 1372 2 4 22 O 10
1372 4607 2 8 42 O 20
4645 1783 1 31 0 C 0
4646 1292 1 31 0 C 0
2642 4027 1 6 0 C 0
4647 4650 1 7 36 O 20
4649 4648 1 7 34 M 30
4653 4651 1 3 16 O 30
4653 4650 2 6 29 O 30
4648 4647 1 6 30 O 30
4650 4649 2 11 56 O 10
4651 4652 1 3 16 O 20
4654 4653 1 5 23 O 20
1934 1740 1 4 0 C 0
4321 3767 1 3 14 O 30
3767 2666 1 3 13 O 10
4208 1870 1 58 319 O 10
1788 1790 1 9 50 M 30
3801 1000 1 5 0 C 0
2534 4657 1 6 33 O 30
4659 4658 1 13 67 M 30
4658 4685 1 14 76 O 20
2219 4660 1 5 26 O 10
2378 2495 2 4 20 O 10
2495 4661 2 4 21 O 30
2143 2378 2 15 83 O 20
2039 4603 1 2 10 O 20
4603 1017 1 14 73 M 20
1931 4356 1 3 0 C 0
3738 2663 1 2 8 O 30
2663 2664 1 2 8 O 30
2664 406 1 1 5 O 20
4721 4318 1 20 109 M 30
1869 4706 1 18 97 O 30
1871 4209 1 57 314 O 20
3742 969 2 10 0 C 0
2005 3740 1 5 0 C 0
3740 2171 1 15 0 C 0
4021 332 1 4 20 M 20
332 1937 1 3 15 O 10
3573 111 1 43 0 C 0
987 3571 1 9 0 C 0
2375 3576 1 5 0 C 0
3574 1819 1 11 0 C 0
1022 2017 1 6 0 C 0
4690 2179 1 4 20 O 10
3860 4690 1 27 148 O 20
4684 2183 1 8 41 O 20
4662 2477 1 14 74 O 20
2477 4686 1 41 225 O 30
1820 4622 1 4 0 C 0
1296 1297 2 6 33 O 30
1297 1299 2 9 48 O 10
1299 5000 2 13 71 M 10
2638 2559 1 2 10 O 10
2637 2638 1 6 31 O 10
2031 2635 1 14 74 O 30
4666 2030 1 25 135 M 30
2029 2634 1 10 51 O 20
1257 1256 2 18 0 C 0
1256 2946 2 24 0 C 0
2946 3724 2 17 0 C 0
3724 2542 2 18 0 C 0
2542 2172 2 25 0 C 0
2856 2850 1 19 105 O 30
1753 3719 1 7 39 O 10
4126 559 1 25 137 O 30
4513 2486 1 13 68 O 10
2486 4127 1 22 117 O 10
2448 3744 1 72 395 O 10
1088 2103 1 21 116 O 20
2103 4413 1 47 260 O 30
4120 1995 1 13 0 C 0
1995 603 1 3 0 C 0
4178 4663 1 11 0 C 0
192 619 1 11 58 O 30
3784 3785 2 11 56 M 10
3716 618 1 3 14 M 30
4664 4234 1 10 0 C 0
4352 4353 1 18 0 C 0
4192 4351 1 9 0 C 0
4351 4665 1 9 0 C 0
4682 4666 1 19 102 O 10
4697 4444 1 17 90 O 10
3462 4569 2 10 54 O 10
4569 3465 2 9 46 O 30
330 4403 2 14 0 C 0
4316 3552 1 20 0 C 0
1738 4805 1 8 44 O 20
2851 1738 1 19 104 O 20
4490 4800 2 11 59 M 20
1005 3870 1 13 68 O 10
3870 4052 1 5 26 O 30
3714 101 1 2 6 M 30
101 97 1 5 24 O 10
97 3664 1 8 41 M 30
2336 2337 1 29 158 M 10
2337 4922 1 10 50 O 10
4922 2338 1 2 6 O 20
4918 1946 1 21 117 M 20
4215 3794 1 16 0 C 0
1913 437 1 75 0 C 0
2017 3805 1 8 0 C 0
4346 86 1 17 0 C 0
86 4347 1 1 0 C 0
4176 4366 1 13 0 C 0
4870 4498 1 8 0 C 0
323 3568 2 8 0 C 0
81 4870 1 4 0 C 0
2014 4671 1 5 26 O 10
4671 4670 1 14 74 O 30
4670 4669 1 5 23 O 20
3744 2397 1 14 78 O 20
4672 260 1 4 19 M 20
260 3946 1 15 82 M 10
2277 2276 1 18 99 O 10
2282 2276 1 3 15 O 10
2276 517 1 2 7 O 10
517 2277 1 3 14 O 30
2277 2278 2 12 64 O 30
4673 4462 1 13 69 O 20
4675 4676 1 9 45 O 20
4676 4677 1 7 39 O 10
4678 4676 1 8 44 O 10
2034 3542 1 74 0 C 0
35 4238 1 13 0 C 0
2138 4135 1 17 0 C 0
2527 2144 1 10 52 M 10
2144 2697 1 4 21 O 20
615 3453 1 20 0 C 0
1988 4680 1 11 0 C 0
1928 1932 1 1 0 C 0
1930 1929 1 4 0 C 0
4722 4723 1 3 12 O 10
4724 4726 2 7 34 O 30
4726 4725 2 7 39 M 20
4723 4726 1 2 10 M 10
4726 4727 1 4 18 M 10
4727 4735 1 3 15 O 20
4735 4734 1 4 17 O 20
4727 4737 1 4 19 O 20
4737 4731 1 3 15 O 30
4731 4729 1 4 17 M 10
4729 4733 1 17 89 O 10
4733 4730 1 1 4 O 30
4731 4732 1 17 90 O 30
4732 4733 1 2 9 O 30
4734 4736 1 15 79 M 10
4736 4729 1 4 20 O 20
4735 4736 1 11 60 M 10
4737 4738 2 6 28 M 20
4739 4740 2 2 11 M 10
4732 4730 2 2 10 O 30
4730 4740 2 15 79 M 10
4741 4742 2 2 11 O 30
4742 4743 1 14 75 M 20
4743 4744 1 1 5 O 20
4744 4742 1 2 10 O 30
4745 4743 2 9 49 O 30
4734 4728 2 2 11 O 20
1157 2211 1 5 26 O 30
2212 1157 1 5 24 O 10
4355 2502 1 4 0 C 0
4349 4350 1 13 0 C 0
4405 2591 1 6 0 C 0
2956 2590 1 6 0 C 0
2590 4193 1 5 0 C 0
4343 4750 1 5 0 C 0
4751 4345 1 8 0 C 0
4345 89 1 8 0 C 0
4752 4346 1 11 0 C 0
1868 4548 1 3 0 C 0
4757 247 1 2 0 C 0
4403 4365 2 6 0 C 0
4759 1945 1 8 39 O 10
3646 4761 1 1 4 O 10
3646 4760 1 2 7 M 30
4773 4774 1 1 0 C 0
4774 4772 1 2 0 C 0
4772 4771 1 1 0 C 0
4770 4775 1 1 0 C 0
4771 4217 1 4 0 C 0
4775 2630 1 2 0 C 0
4777 1770 1 4 0 C 0
4776 4777 1 4 0 C 0
247 88 1 4 0 C 0
4764 5085 1 3 0 C 0
5085 4778 1 3 0 C 0
4793 4792 2 13 71 O 20
3709 3710 2 6 28 O 20
3710 4794 2 7 38 O 20
3711 4795 2 9 47 O 30
4796 3698 2 14 74 O 20
4824 4825 1 2 9 O 30
4825 4826 1 8 41 O 20
4826 4827 1 4 18 O 10
4827 4829 1 3 12 O 30
4829 4543 1 3 12 M 10
4828 4824 1 6 33 O 20
4825 4830 2 5 26 O 10
4826 4831 2 4 21 O 20
4832 4833 1 3 16 O 10
4840 4837 1 7 38 M 30
4837 4834 1 1 5 O 30
4834 4835 1 6 28 O 10
4836 4837 1 6 29 O 10
4834 4838 2 8 40 O 10
4839 325 2 4 20 O 20
4833 4841 1 11 60 O 20
4841 4840 1 3 13 O 30
1718 4844 2 17 92 O 20
4845 4846 2 39 213 O 10
4847 4848 2 16 86 M 30
4849 5150 1 18 99 O 30
5150 5149 1 7 36 O 20
5149 4854 1 2 9 M 30
4854 4855 1 1 5 O 10
4855 4850 1 13 69 O 10
4850 4851 1 16 89 M 10
4851 4852 1 8 40 O 20
4852 4853 1 18 98 O 20
4854 4856 1 7 36 O 30
4856 4850 1 10 55 M 30
4855 4856 1 6 31 O 10
1703 4857 2 21 113 O 20
4857 4858 2 25 138 O 10
4860 4859 1 24 132 O 10
4859 4861 1 23 122 M 30
4862 4863 2 13 67 O 10
4864 4868 1 4 19 O 10
4868 4867 1 1 5 O 20
4867 8 1 31 169 O 10
4867 4865 1 1 4 O 30
4871 2114 1 4 0 C 0
1961 4872 1 2 0 C 0
4873 4871 1 9 0 C 0
1032 4873 1 9 0 C 0
1033 1032 1 21 0 C 0
2118 4874 1 73 403 M 30
4875 4882 2 4 21 O 10
4882 4877 2 11 60 M 30
4877 4880 2 9 48 O 20
4880 4876 2 4 21 O 30
4877 4879 1 4 19 O 20
4879 4878 1 19 105 O 30
4878 4876 1 4 19 O 10
4879 5177 1 7 34 O 30
5177 4878 1 7 34 O 20
4880 4881 1 4 19 M 10
4881 4883 1 9 49 O 10
4883 4882 1 15 80 M 30
4877 4883 1 4 19 O 10
4881 4884 2 3 14 O 30
4876 4885 2 15 82 O 20
4885 4888 2 3 11 M 30
4888 4890 2 21 112 O 10
4890 4892 2 1 3 O 20
4892 4889 2 1 2 O 30
4885 4886 1 6 29 O 30
4887 4888 1 6 29 O 30
2215 4889 1 7 36 O 10
4890 4891 1 6 30 O 10
4892 4893 2 23 126 O 20
4894 4895 2 10 54 M 30
4897 4898 2 13 70 O 10
4899 4900 2 10 50 O 10
4896 4156 2 2 10 O 20
4156 4901 2 3 15 O 10
869 4902 2 9 49 M 20
4904 4906 2 12 63 O 30
4906 4905 2 4 18 O 30
4905 4609 2 1 3 O 30
4905 4907 1 14 76 O 30
4907 4906 1 11 60 O 20
4907 5178 1 4 21 M 10
5178 4905 1 4 21 O 20
4908 4909 2 11 60 M 20
4909 4671 1 10 52 M 10
4670 4910 1 20 110 O 10
4911 4910 1 7 34 O 20
4910 4912 2 1 5 M 10
4912 4913 1 7 34 O 10
4914 2013 2 5 23 O 30
1912 4915 1 24 129 O 30
4915 4914 1 19 101 O 30
4916 1713 1 8 39 O 30
4917 4759 1 15 83 O 30
4759 2614 1 6 31 O 10
1957 1952 2 3 16 O 20
3141 1946 2 10 55 O 10
2616 4918 1 17 91 O 20
4919 4920 1 14 72 O 30
4920 4921 1 10 53 M 20
4921 3825 1 11 58 O 30
2612 1789 1 15 83 O 10
4427 2612 1 7 38 O 10
2613 4922 1 10 54 O 30
4923 1925 2 5 26 O 20
1925 4434 2 7 36 O 10
4434 1926 2 10 53 O 30
2032 3759 1 7 34 O 10
4924 1691 1 9 46 O 10
4368 5083 1 3 14 O 20
1035 3758 1 27 149 O 20
4927 4928 2 18 97 O 10
4929 2078 2 2 10 O 30
2078 4930 2 2 10 O 20
4931 4932 2 2 9 O 20
4933 4934 2 2 9 M 20
4941 4942 2 12 62 O 20
4938 4937 2 14 73 M 20
4939 4940 2 12 65 O 30
4217 4770 1 4 0 C 0
1899 4773 1 4 0 C 0
4957 4959 2 8 44 O 20
4959 4958 2 3 16 O 20
4959 4960 2 8 41 O 30
3603 3614 1 3 16 O 30
3614 4961 1 3 16 O 10
4961 4962 1 7 38 M 30
4963 4964 2 4 21 O 10
3601 3613 1 3 15 O 30
2242 4969 2 11 61 O 30
4969 4965 2 4 21 M 20
4965 2242 2 7 35 O 20
4966 4967 1 2 7 O 30
4967 4968 1 2 8 O 20
4970 4971 2 7 35 O 10
4971 4972 2 3 15 O 10
4974 4973 2 13 68 O 10
4973 4975 2 6 33 O 30
4976 4977 2 8 41 O 20
2662 4980 2 17 0 C 0
4980 4981 1 2 0 C 0
4985 4986 2 13 72 O 20
4986 4987 2 4 22 O 10
4987 4985 2 5 24 O 30
4985 2330 2 2 6 O 20
2780 2776 2 78 433 O 10
2136 3834 2 15 80 O 30
4988 4989 2 2 6 O 10
3644 3643 1 6 28 O 20
4991 5159 2 3 15 O 10
5159 4992 2 3 15 O 10
3630 4993 2 12 62 O 20
5001 1021 1 14 0 C 0
5003 5004 2 15 79 O 10
5003 5005 2 16 86 O 30
5002 5003 2 4 20 O 10
1867 71 2 7 35 O 20
2655 4623 2 7 36 M 20
5007 5008 2 39 214 O 20
5009 5014 2 12 66 O 20
5014 5010 2 2 7 M 30
5010 5013 2 11 56 O 10
5013 5011 2 31 171 O 10
5011 5012 2 2 8 O 10
5012 5013 2 4 21 O 30
5014 5015 1 5 23 O 20
5016 1581 2 9 47 O 20
5017 5010 1 5 27 O 30
5018 5019 2 13 72 O 20
1570 5020 2 2 11 O 30
2285 3335 2 3 11 O 30
3335 5021 2 3 11 O 10
5022 3336 2 3 12 M 30
5023 3349 2 2 6 O 10
5024 5025 2 2 6 O 20
5029 5026 1 23 123 O 10
5029 5160 1 2 11 O 10
5160 5026 1 2 11 M 10
5026 5030 1 4 18 M 20
5030 5027 1 3 15 M 20
5027 5028 1 3 14 O 20
1614 5029 1 3 14 O 20
5030 5031 1 3 15 O 20
5031 5027 1 2 7 O 10
4520 5033 1 4 20 M 30
5036 5038 2 7 36 O 10
5038 5037 2 4 20 O 20
5039 5042 2 11 56 M 10
5042 5040 2 3 12 O 30
5040 5041 2 5 24 O 20
5040 5043 2 6 31 O 20
5044 5048 2 9 49 O 10
5048 5045 2 3 16 O 10
5045 5049 2 16 84 O 20
5049 5046 2 1 5 O 30
5045 5047 1 10 51 O 10
5047 5048 1 7 36 M 30
5049 5050 2 3 11 O 20
5051 2467 2 3 11 O 30
5052 2461 2 1 5 O 20
3597 5053 2 2 7 O 10
1436 5054 2 2 9 O 20
5055 5056 2 6 33 M 10
5057 2764 2 2 10 O 20
2764 5058 2 4 19 O 30
5058 5059 2 7 34 O 10
5058 5062 2 10 52 O 20
5062 5060 2 2 10 O 20
5061 5062 2 3 13 O 20
5064 2765 2 15 80 M 10
4820 5066 1 11 61 O 10
5067 5068 2 2 6 O 10
5070 5071 2 4 18 O 10
5071 5072 2 4 18 O 30
5073 3797 2 7 34 O 10
5074 5075 2 4 20 O 10
2449 5077 2 13 72 O 10
5078 5081 2 7 37 O 10
5081 5079 2 3 15 O 10
5080 5081 2 6 31 O 30
2042 2641 1 2 9 O 10
2033 2018 1 7 0 C 0
5086 4119 2 11 58 O 10
4119 3615 2 19 100 O 10
2691 2681 2 20 107 O 30
5088 5090 2 5 22 O 10
5090 5089 2 6 29 M 20
5090 5091 2 7 33 O 30
5092 5093 2 11 57 O 20
5094 5095 2 10 50 O 30
5096 5098 2 6 29 M 30
5098 5097 2 8 42 O 30
5098 5099 2 7 34 O 10
5100 5102 2 3 16 O 30
5102 5101 2 4 17 M 20
5102 5103 2 2 8 O 10
5107 3661 2 4 21 M 20
5107 3660 2 1 1 O 20
3660 3662 2 3 15 O 20
3662 3663 2 4 19 O 10
3663 2245 1 6 31 O 10
5110 2245 2 1 5 O 10
4051 5115 2 2 10 O 10
5115 5116 2 2 10 M 10
5116 5119 2 2 6 O 30
5119 5112 2 6 28 O 10
5112 5111 2 9 49 M 20
5111 5105 2 6 32 O 10
3870 5113 1 2 11 O 10
5113 4051 1 2 7 O 20
5105 5106 1 3 11 O 20
4051 4050 1 5 24 O 10
5113 5104 1 5 26 O 10
5104 5105 1 5 25 O 30
5115 5114 1 4 22 O 30
5116 5117 1 4 20 M 20
5119 5118 1 4 18 M 30
5118 5111 1 6 32 O 10
2249 5108 1 4 20 O 10
5108 5109 1 3 11 M 10
5109 2249 1 3 13 M 30
5109 5120 2 6 31 O 20
5121 5122 2 3 16 O 30
4631 4630 2 1 5 O 10
5126 5144 2 3 13 O 20
5144 5142 2 2 7 O 30
5142 5132 2 2 11 O 10
5132 5141 2 3 15 O 10
5141 5139 2 1 2 M 10
5139 5146 2 3 14 O 30
5146 5134 2 14 72 O 10
5134 5129 2 29 156 O 30
5129 5127 2 3 13 O 10
5127 5128 2 16 85 O 30
5129 5130 2 16 84 M 10
5130 5135 2 24 132 M 10
5135 5133 2 19 102 M 30
5133 5131 2 6 28 O 30
5132 5138 2 7 39 O 20
5138 5133 2 8 42 O 20
5134 5135 2 16 85 O 20
5127 5136 2 17 89 M 30
5136 5137 2 8 44 O 10
5136 5130 2 4 20 O 30
5138 5139 2 10 51 O 30
5140 5141 2 8 41 O 30
5142 5143 2 5 24 O 30
5143 5144 2 5 24 O 30
5145 5146 2 8 40 O 30
4451 4453 2 10 51 O 20
5151 4851 2 11 61 O 10
4851 5149 2 1 3 O 30
5151 4852 2 18 100 M 10
4852 5150 2 1 3 O 30
1116 4562 2 5 0 C 0
4562 45 2 13 0 C 0
45 1109 2 4 0 C 0
1109 4423 2 17 0 C 0
4423 1100 2 18 0 C 0
1100 4389 2 28 0 C 0
4389 4391 2 10 0 C 0
3 1 1 2 0 C 0
1 2 1 4 0 C 0
2 4030 1 2 0 C 0
4030 3 1 1 0 C 0
4110 4758 2 2 0 C 0
4758 4 2 7 0 C 0
5156 3818 1 2 0 C 0
5153 1175 2 2 0 C 0
5 1767 1 4 0 C 0
4746 722 1 11 0 C 0
1026 4364 1 13 0 C 0
6 2957 1 3 0 C 0
660 7 1 22 0 C 0
9 4865 1 21 116 O 20
4865 4866 1 4 22 O 30
8 9 1 7 36 M 20
2385 10 2 2 0 C 0
1705 21 2 4 21 O 30
21 19 2 4 17 M 30
19 17 2 4 17 O 10
17 12 2 19 101 O 30
12 13 2 49 270 O 20
13 24 2 7 34 O 20
2640 22 2 4 18 M 30
22 14 2 4 21 O 20
14 15 2 5 26 O 10
14 23 1 6 31 O 20
23 20 1 4 17 M 20
20 18 1 4 17 O 30
18 16 1 4 17 O 30
16 12 1 4 20 O 20
16 17 2 16 84 O 20
18 19 2 16 84 O 20
21 20 1 16 84 O 30
22 23 2 5 26 O 20
4528 4525 1 5 26 O 20
4525 4527 1 15 81 O 30
4531 4527 2 2 8 O 20
4527 4526 2 3 16 O 20
4530 5161 2 2 6 O 30
5161 4529 2 2 6 O 20
4529 4528 2 8 41 M 10
24 25 2 4 19 M 10
13 1701 2 4 17 O 10
11 4531 2 3 15 O 20
1704 1702 2 7 38 O 10
4312 26 2 3 12 O 10
4135 36 1 15 0 C 0
4324 1027 1 18 0 C 0
4238 4324 1 1 0 C 0
4305 4304 2 26 141 O 10
4304 4632 2 18 96 O 30
4820 2782 2 22 117 O 10
2782 5064 2 5 25 O 30
5064 5063 2 2 8 O 10
2781 2230 2 8 41 O 30
2230 2918 2 9 50 O 20
2918 2229 2 13 68 O 30
2229 2765 2 50 276 O 10
2781 2777 2 38 208 O 10
2777 2780 2 22 121 O 30
1044 2778 2 13 70 O 10
2778 2881 2 17 92 O 20
2883 2899 2 9 46 O 20
2899 2888 2 12 65 M 10
2888 2900 2 15 83 O 20
2898 2890 2 16 89 M 30
2890 2883 2 9 44 O 10
2882 2883 2 18 96 O 10
2256 4810 1 20 106 O 30
28 3076 2 2 6 O 10
3076 3078 2 15 82 M 20
3081 3080 2 3 17 O 10
3080 3079 2 18 100 O 10
3079 3078 2 15 80 O 20
3068 4241 2 18 99 M 30
4296 3065 2 10 52 O 20
3061 4296 2 20 106 O 10
1959 1960 2 16 84 O 20
1476 3014 2 25 136 O 10
3013 1476 2 10 52 M 20
1476 3092 2 18 95 O 30
3092 4294 2 34 187 O 10
4719 3476 1 63 346 O 20
30 31 1 16 86 O 20
32 1565 2 7 36 M 20
3024 3032 2 8 41 O 10
3032 3030 2 21 113 M 20
3030 3034 2 16 86 O 20
3026 3028 2 9 0 C 0
3028 3022 2 8 0 C 0
33 3029 2 2 0 C 0
1940 41 1 26 139 O 20
41 37 1 16 86 O 30
37 38 1 11 60 M 30
38 40 1 1 4 O 10
39 1940 1 1 5 O 10
41 5162 1 6 33 O 20
5162 37 1 6 33 O 20
1277 3874 2 24 0 C 0
53 4213 1 17 0 C 0
4138 54 2 2 0 C 0
55 1848 2 2 8 O 20
56 58 2 3 13 O 30
58 57 2 2 7 O 30
1214 1225 2 19 104 M 20
63 4917 1 67 368 O 10
4428 63 1 6 31 O 10
3276 5025 2 12 62 M 30
5025 3277 2 15 83 O 10
3275 3276 2 13 69 O 10
69 70 2 9 47 O 30
71 5006 2 3 14 O 10
3955 181 2 2 10 O 20
181 73 2 4 18 O 30
74 76 2 11 57 O 20
76 75 2 6 30 O 20
75 74 2 11 57 O 30
76 77 2 11 59 O 20
80 1938 2 5 26 M 20
4872 81 1 17 0 C 0
4361 81 1 3 0 C 0
4924 83 1 10 51 O 20
82 1082 1 3 0 C 0
81 82 1 4 0 C 0
2950 2949 1 16 84 O 10
1034 3761 1 18 99 O 10
3761 2032 1 8 41 M 20
2650 2346 1 2 0 C 0
5035 3649 1 2 10 O 10
94 93 2 2 7 M 10
59 58 1 2 11 O 20
58 3957 1 7 34 M 10
3957 57 1 7 34 M 30
57 4626 1 2 11 O 30
83 1792 1 89 492 O 20
1792 1039 1 75 412 O 20
95 96 1 34 183 O 30
2337 5151 1 6 33 O 30
97 98 2 7 35 O 30
98 99 2 3 15 M 30
99 100 2 7 38 M 30
101 98 2 3 16 O 10
3715 99 2 4 17 O 30
102 103 2 18 98 M 20
104 105 2 16 84 O 10
106 4060 1 8 39 O 10
4693 106 1 13 70 M 20
890 107 2 14 75 O 10
894 108 2 12 63 O 20
3554 4106 2 4 0 C 0
4106 61 2 2 0 C 0
61 3553 2 11 0 C 0
110 401 1 6 0 C 0
111 1817 1 37 0 C 0
112 4230 1 7 0 C 0
4230 986 1 26 0 C 0
1758 113 2 22 0 C 0
113 1387 2 8 0 C 0
1387 114 2 8 0 C 0
4383 760 2 2 0 C 0
118 119 2 13 71 O 30
120 121 2 9 50 O 20
121 122 2 2 6 O 10
123 121 2 8 42 M 30
124 125 2 8 42 O 30
126 127 2 8 40 O 10
129 128 1 35 190 M 10
128 127 1 5 24 O 20
4237 2661 1 9 0 C 0
2592 85 1 6 0 C 0
986 987 1 8 0 C 0
133 3543 1 31 0 C 0
1003 331 1 22 0 C 0
4392 1907 2 12 0 C 0
4392 137 1 7 0 C 0
137 136 1 9 0 C 0
2554 138 1 3 0 C 0
2058 1368 2 8 43 O 10
1368 1367 2 25 135 O 20
1367 2551 2 13 69 O 10
2059 2062 2 9 50 O 30
1184 2059 2 6 28 O 10
1191 1187 2 14 73 O 20
1187 651 2 11 59 M 20
139 1296 2 5 23 O 20
140 141 2 10 52 O 30
2324 142 1 9 48 O 30
2325 2324 1 8 41 O 10
143 2091 1 6 31 O 20
144 143 1 6 32 O 30
3906 3908 1 2 8 O 30
3882 145 1 7 37 O 10
1334 947 2 19 103 O 20
947 3885 2 4 19 M 20
147 148 2 5 23 O 30
147 149 1 4 20 O 20
147 150 1 7 34 O 20
150 151 1 3 14 M 10
151 147 1 3 12 O 30
2952 3907 1 2 9 O 30
152 153 2 4 21 M 30
154 155 2 5 26 O 10
156 157 2 13 71 O 20
160 159 2 17 92 M 20
2084 161 1 4 21 M 20
161 162 1 4 21 O 10
163 164 2 6 29 O 20
3682 165 2 8 41 M 10
166 167 2 8 40 O 10
169 168 1 5 27 O 10
170 169 1 6 28 O 20
169 171 2 7 34 O 30
2670 136 2 7 0 C 0
1485 2907 1 9 48 M 10
173 1485 1 9 49 O 10
174 173 1 3 13 O 10
173 2907 1 2 10 O 10
176 175 1 11 57 O 20
2908 174 1 2 10 M 30
2221 2223 2 7 37 M 20
2223 27 2 2 11 O 20
3505 3499 2 16 88 O 30
1394 3304 2 15 82 M 10
3304 3507 2 3 14 O 30
2222 970 2 8 42 O 10
971 3312 2 31 168 O 20
3312 3118 2 7 38 O 30
3118 4797 2 29 156 O 20
3136 3117 2 35 193 O 30
3117 2999 2 25 135 O 30
2999 3000 2 31 171 O 10
3000 1401 2 49 269 O 20
190 2959 2 22 120 O 30
2959 2998 2 15 83 O 30
62 3001 2 17 94 O 30
3004 3003 2 19 105 O 30
3003 3005 2 19 104 O 10
3005 3006 2 23 126 O 30
3006 3007 2 25 137 O 30
3007 3008 2 19 102 O 20
1755 1756 2 14 0 C 0
180 179 1 3 0 C 0
2018 4141 1 6 0 C 0
1786 1785 1 3 0 C 0
2673 5158 1 3 0 C 0
181 3956 1 8 40 M 20
182 474 2 9 49 M 20
474 475 2 10 54 O 30
475 183 2 5 23 O 10
2212 1037 1 1 5 M 20
2211 1038 1 2 6 O 10
2654 1912 2 2 10 O 30
2035 1805 1 8 44 M 10
186 3898 1 7 36 O 30
2603 2604 1 5 27 O 10
3580 3581 1 7 0 C 0
187 3580 1 7 0 C 0
187 2604 1 22 0 C 0
2603 187 1 23 0 C 0
1809 1807 1 17 94 O 30
1391 1393 2 10 54 O 30
1406 1409 1 2 10 O 20
1429 1427 1 2 9 O 30
2326 4358 1 6 0 C 0
5082 4415 2 8 43 O 20
1269 1266 1 5 0 C 0
199 1083 1 5 27 O 30
201 202 1 13 70 O 20
202 203 1 6 30 M 30
2394 2402 2 17 89 O 30
2402 2403 2 16 88 O 30
2403 2393 2 9 45 O 20
1592 2316 2 2 11 O 30
1975 1579 2 10 52 O 30
206 205 1 9 49 O 20
207 4705 1 3 13 O 20
1881 207 1 2 11 M 30
205 207 1 3 16 O 10
1579 206 1 8 40 O 10
3392 208 2 9 50 M 10
4943 213 1 3 14 O 20
1793 3828 1 2 11 M 20
68 209 1 2 11 O 20
213 3827 1 6 29 M 30
214 215 2 11 56 O 10
215 216 2 4 22 O 30
217 218 2 12 63 M 10
3559 3558 2 18 0 C 0
981 984 2 12 0 C 0
984 809 2 13 0 C 0
812 781 2 22 0 C 0
781 221 2 28 0 C 0
222 219 1 1 0 C 0
211 1041 1 1 1 O 20
1791 211 1 2 10 M 30
212 1793 1 2 6 O 30
209 212 1 2 9 O 30
209 332 1 5 25 O 10
1041 210 1 1 1 O 10
211 1939 1 3 12 O 20
210 211 1 1 1 M 30
213 210 1 2 9 O 10
212 213 1 2 9 M 20
3828 212 1 2 8 O 30
67 3828 1 2 10 M 10
225 134 1 3 0 C 0
225 224 1 6 0 C 0
224 227 1 2 0 C 0
227 993 1 17 0 C 0
228 226 1 4 21 O 10
4779 434 1 7 38 O 10
226 4549 1 7 35 O 30
226 2510 1 3 15 M 20
3793 228 1 3 15 O 30
230 231 2 3 0 C 0
231 232 2 3 0 C 0
232 179 2 4 0 C 0
229 230 2 4 0 C 0
762 3821 1 4 0 C 0
1008 4598 2 11 59 O 30
4598 1526 2 35 191 O 10
2243 1525 1 10 52 O 10
1526 2243 1 11 60 O 20
248 1526 1 6 33 O 20
1526 249 1 3 16 M 30
249 248 1 4 19 O 30
1525 1526 1 2 11 O 20
223 228 1 5 25 O 30
3556 1771 2 9 0 C 0
251 5163 2 5 26 O 30
5163 252 2 5 26 O 10
253 254 2 2 10 O 20
254 258 2 3 15 O 20
258 3948 2 2 7 O 20
254 255 1 3 15 O 20
256 255 1 3 15 O 30
255 257 1 10 52 M 10
257 256 1 13 67 O 10
256 258 1 3 15 O 20
259 260 2 6 29 O 20
3946 262 2 3 17 O 10
262 264 2 10 54 M 30
264 261 2 4 18 O 30
261 263 2 7 36 O 10
263 4672 2 4 17 O 10
262 265 2 4 18 O 20
265 263 2 4 17 O 30
264 265 2 7 36 M 20
261 266 1 3 15 O 20
266 263 1 7 35 O 20
270 271 2 17 90 O 10
276 277 2 13 69 O 20
4681 1633 2 10 51 O 20
1633 1637 1 7 35 O 10
1631 1633 1 6 31 O 10
1640 2343 1 5 26 M 20
1636 1640 1 5 28 O 30
1629 3400 1 5 25 O 30
3400 1628 1 4 21 O 30
1146 2597 1 1 0 C 0
4302 2737 1 6 0 C 0
2737 4714 1 2 0 C 0
282 4302 1 12 0 C 0
630 631 1 52 0 C 0
629 630 1 65 0 C 0
628 629 1 125 0 C 0
626 627 1 81 0 C 0
2596 1147 1 2 0 C 0
3561 3562 2 14 0 C 0
1002 284 1 6 0 C 0
284 283 1 7 0 C 0
283 286 1 3 0 C 0
286 3875 1 5 0 C 0
285 1002 1 11 0 C 0
3876 285 1 9 0 C 0
53 1002 2 12 0 C 0
287 288 2 3 12 O 10
289 290 2 3 14 O 20
291 292 2 3 15 M 30
293 294 2 3 15 O 10
295 296 2 3 14 O 30
297 298 2 3 14 O 20
299 300 2 3 15 M 30
1393 310 2 8 41 O 10
301 302 2 3 15 O 30
5065 2236 1 15 78 O 10
2906 2766 2 9 50 O 20
303 2906 1 8 44 O 10
304 303 1 9 45 O 20
304 2906 2 2 10 O 20
1467 2791 2 16 87 O 10
3674 1467 2 9 47 O 10
4585 4582 2 2 6 O 20
4582 4583 2 3 14 O 10
4583 4584 2 9 48 M 30
307 1519 2 10 55 O 10
309 308 1 11 59 O 20
309 3481 2 10 52 O 20
3481 308 1 5 24 O 20
3505 1390 2 36 196 M 20
2587 312 2 12 65 O 20
4712 2158 2 3 15 O 20
2587 731 1 27 146 M 30
731 737 1 11 56 O 30
737 748 1 9 50 O 30
748 3471 1 12 62 O 20
1084 311 2 24 132 O 30
95 1713 1 4 17 O 20
96 2609 1 2 8 O 10
2009 2013 1 4 20 O 20
2012 2035 1 14 77 O 20
318 319 2 19 100 O 20
320 319 2 4 22 O 20
319 321 2 7 39 M 10
1760 323 2 5 0 C 0
324 2007 1 6 28 O 10
325 1925 2 2 10 O 30
0 4329 2 3 0 C 0
5154 4262 2 2 0 C 0
3886 652 1 10 0 C 0
2439 2951 1 16 87 O 30
328 3873 2 5 0 C 0
2948 328 2 3 0 C 0
328 329 1 70 0 C 0
329 327 1 70 386 O 20
327 2439 1 14 74 M 20
3985 4754 1 21 113 O 30
1768 330 2 14 0 C 0
331 2376 1 2 0 C 0
92 1003 1 13 0 C 0
643 3872 1 22 0 C 0
3872 328 1 8 0 C 0
339 3539 2 20 0 C 0
335 336 2 9 48 O 10
336 337 2 11 58 O 20
4619 338 1 6 0 C 0
4620 339 1 6 0 C 0
339 1071 1 5 0 C 0
338 1067 1 6 0 C 0
340 341 2 4 20 M 20
3854 3856 2 2 8 O 30
3856 4019 2 12 63 O 20
3859 3854 2 11 56 O 20
2744 1497 2 48 266 M 30
4009 1217 2 18 96 O 20
130 3721 2 34 0 C 0
2661 130 2 4 0 C 0
344 345 2 11 57 O 10
346 2362 2 6 30 O 10
354 3038 2 3 15 O 10
3038 355 2 3 14 O 20
350 352 2 22 117 O 30
352 353 2 13 69 O 30
353 351 2 28 153 O 20
347 348 2 11 60 O 20
347 358 2 6 31 O 20
358 855 2 30 166 O 10
357 358 2 13 68 O 30
361 366 2 13 68 M 20
366 360 2 3 16 O 10
359 362 2 2 10 O 10
362 360 2 14 74 O 30
360 363 2 9 45 O 10
360 364 2 20 108 O 30
360 365 2 7 37 O 20
365 366 2 4 21 O 10
356 4305 2 14 73 O 20
378 379 2 3 13 O 30
371 370 2 39 212 O 30
369 371 2 13 69 O 30
372 370 2 16 88 O 20
370 373 2 5 23 O 20
374 376 2 25 136 O 10
376 375 2 4 20 O 30
376 377 2 10 55 O 10
367 788 2 3 0 C 0
788 368 2 1 0 C 0
368 786 2 3 0 C 0
786 787 2 3 0 C 0
787 785 2 3 0 C 0
785 784 2 3 0 C 0
784 782 2 3 0 C 0
782 789 2 2 0 C 0
380 381 2 6 32 O 30
382 383 2 5 23 O 10
384 385 2 4 21 M 30
2302 387 2 11 57 M 20
388 389 2 14 77 M 20
390 391 2 2 10 M 20
391 3193 2 5 25 O 30
392 391 2 11 60 M 20
393 394 1 8 42 O 10
394 395 1 4 20 O 30
1749 397 2 13 68 O 30
396 398 2 13 68 O 10
398 399 2 9 48 O 20
399 396 2 2 6 O 20
400 3728 1 17 0 C 0
4225 400 1 12 0 C 0
401 3574 1 16 0 C 0
250 3554 2 3 0 C 0
3555 250 2 6 0 C 0
3553 1817 2 4 0 C 0
3556 402 2 13 0 C 0
3563 3562 2 10 0 C 0
3566 403 2 8 0 C 0
403 3565 2 13 0 C 0
3565 3564 2 20 0 C 0
3564 3563 2 11 0 C 0
764 767 2 16 0 C 0
767 771 2 13 0 C 0
771 768 2 4 0 C 0
768 772 2 12 0 C 0
772 769 2 5 0 C 0
769 770 2 16 0 C 0
770 765 2 5 0 C 0
765 29 2 11 0 C 0
29 189 2 7 0 C 0
758 764 2 4 0 C 0
2664 409 1 2 7 O 10
409 3766 1 2 6 M 10
3766 2665 1 4 17 M 10
2309 1623 2 15 81 M 30
1623 3357 2 8 39 O 30
3357 3377 2 25 139 O 10
3377 404 2 10 54 O 10
1883 405 1 4 20 O 30
405 1884 1 4 17 M 10
1025 416 1 25 0 C 0
417 3814 1 14 0 C 0
3812 5001 1 9 0 C 0
420 3810 1 11 0 C 0
421 5155 1 21 0 C 0
422 4418 1 14 0 C 0
4418 421 1 20 0 C 0
4080 418 2 9 49 O 30
418 4081 2 3 15 O 20
4005 600 2 2 10 O 10
600 386 2 28 155 O 20
1343 648 2 2 7 M 20
648 4089 2 4 20 O 10
4089 5037 2 2 10 O 30
5037 4088 2 3 16 O 30
4088 1350 2 44 243 O 20
1350 2062 2 2 10 O 20
2062 1354 2 14 76 O 10
1354 3884 1 6 32 O 10
3884 419 1 3 12 O 20
419 1354 1 3 12 O 30
424 423 2 3 16 O 30
2182 2142 1 4 20 O 20
425 1015 1 3 14 O 30
2038 2039 1 12 65 O 30
3786 3787 1 3 13 O 30
3784 3786 1 7 37 O 10
3713 4452 1 9 45 M 20
4452 1011 1 6 31 O 30
426 5126 1 7 34 O 10
5126 3869 1 6 31 O 30
4692 4949 1 22 117 O 30
4949 4693 1 11 59 O 20
4693 4060 1 15 81 O 10
4060 3666 1 7 35 O 30
102 4694 1 7 37 O 10
427 3046 1 7 37 O 10
428 2851 1 8 43 O 10
1004 3717 1 8 43 M 10
5106 1004 1 7 36 O 10
995 429 1 5 27 O 20
430 4257 1 6 0 C 0
431 430 1 8 0 C 0
432 225 1 8 0 C 0
4549 432 1 8 0 C 0
433 447 1 4 19 O 20
434 433 1 11 56 O 30
4667 2146 1 8 40 M 10
2145 435 1 10 50 O 30
436 3792 1 6 0 C 0
437 436 1 13 0 C 0
1000 3791 1 13 0 C 0
438 3789 1 12 0 C 0
3788 438 1 9 0 C 0
4259 439 1 13 0 C 0
441 440 1 5 0 C 0
997 441 1 6 0 C 0
442 997 1 8 0 C 0
996 442 1 4 0 C 0
858 443 1 5 0 C 0
443 3029 1 18 0 C 0
622 623 1 21 113 O 30
623 444 1 10 53 O 20
445 2280 1 9 49 O 10
2280 2190 1 3 13 O 10
446 182 1 17 91 O 20
182 445 1 11 57 M 20
447 223 1 4 19 O 20
448 4260 1 5 0 C 0
449 4709 1 7 39 O 20
3680 449 1 11 58 O 10
3679 3680 1 8 40 O 30
451 450 1 2 10 O 30
1400 451 1 4 21 O 30
450 4711 1 25 135 O 20
452 4821 1 19 101 M 10
3471 571 1 9 48 M 30
571 577 1 6 29 O 20
577 453 1 4 17 O 10
3471 3530 2 15 83 O 30
455 456 2 4 20 O 30
456 454 2 11 61 O 30
202 456 2 7 35 O 10
458 457 2 52 285 O 20
459 460 2 7 37 O 10
4747 1422 2 3 14 M 30
460 1424 2 15 79 O 10
203 457 1 6 30 O 20
457 461 1 4 17 O 20
4747 2587 1 9 48 M 30
1083 201 1 32 174 O 20
201 203 1 13 69 M 10
4419 1422 1 14 76 M 10
462 4419 1 18 99 O 20
3470 462 1 35 190 O 10
4711 463 1 16 88 O 30
464 1051 1 8 40 O 10
465 464 1 7 36 M 10
466 3989 1 5 22 O 30
3986 466 1 20 107 O 10
467 3993 1 8 41 O 10
3993 1574 1 10 53 O 10
1574 2342 1 2 11 M 20
1559 468 1 15 78 O 20
1562 469 1 24 129 O 20
1081 470 1 7 0 C 0
1879 1081 1 33 0 C 0
472 471 2 30 165 O 10
473 476 2 28 154 O 20
476 513 2 10 55 O 20
513 511 2 3 13 M 10
511 474 2 8 42 M 30
475 476 2 8 42 O 20
478 479 2 22 119 O 20
479 480 2 39 213 M 30
480 478 2 9 45 O 20
478 482 2 3 12 O 20
482 477 2 8 43 M 30
477 861 2 9 46 O 30
479 5164 2 7 38 O 20
5164 480 2 7 38 O 20
477 481 1 21 112 M 20
481 482 1 17 92 M 10
483 484 2 31 170 O 30
861 485 2 7 35 O 30
485 486 2 8 42 O 30
485 484 1 12 62 O 10
484 487 1 8 41 O 10
487 485 1 6 29 O 20
488 491 2 20 106 O 10
491 489 2 30 163 O 20
490 491 2 17 94 O 20
492 493 2 7 36 O 30
493 494 2 3 13 O 20
495 496 2 24 128 O 30
860 516 2 14 75 O 20
516 497 2 13 69 O 20
860 515 2 7 36 O 10
515 498 2 18 100 M 10
499 4607 2 27 148 O 20
500 503 2 20 106 M 30
503 501 2 10 52 O 10
501 1372 2 9 47 O 30
501 502 2 17 91 O 30
503 504 2 14 74 M 30
505 4607 2 26 142 O 20
506 507 2 17 90 O 10
4644 508 2 20 0 C 0
508 509 1 15 83 M 30
509 510 1 10 52 M 20
510 508 1 5 28 O 20
511 512 2 7 35 O 30
512 513 2 5 22 O 30
515 516 2 12 66 M 20
849 852 2 9 0 C 0
852 853 2 30 0 C 0
853 850 2 17 0 C 0
850 3712 2 15 0 C 0
3712 4363 2 18 0 C 0
4363 3705 2 37 203 O 10
3705 3697 2 10 50 O 30
3697 4448 2 11 56 O 30
4448 4449 2 4 21 O 10
4449 839 2 11 57 O 20
839 3980 2 5 23 O 10
520 519 2 55 305 O 20
522 521 2 2 8 O 30
527 518 2 2 7 O 10
523 522 2 6 28 O 20
524 523 2 50 274 O 30
526 525 2 7 36 O 10
518 520 2 6 32 O 30
529 3762 2 6 28 O 20
531 532 2 18 96 M 20
533 4139 2 1 0 C 0
2604 415 1 1 0 C 0
4552 1657 2 11 60 O 20
1657 1661 2 11 56 O 20
1661 1662 2 10 54 O 30
4552 1649 1 5 27 O 30
1649 536 1 3 13 O 20
536 4552 1 3 14 M 30
3224 537 2 6 30 M 10
1152 1812 1 3 0 C 0
1812 1148 1 3 0 C 0
1148 1149 1 3 0 C 0
1149 1150 1 2 0 C 0
1130 1127 1 3 0 C 0
4313 1129 1 6 0 C 0
1173 4148 1 4 0 C 0
1172 1173 1 4 0 C 0
1167 1166 1 4 0 C 0
1166 1164 1 4 0 C 0
1164 1165 1 4 0 C 0
1165 2104 1 2 0 C 0
4145 4144 1 4 0 C 0
4144 4143 1 4 0 C 0
4146 4145 1 3 0 C 0
4143 4147 1 1 0 C 0
1124 2025 1 1 0 C 0
4395 1128 1 2 0 C 0
4328 1123 1 1 0 C 0
1123 1125 1 4 0 C 0
1125 4394 1 1 0 C 0
4394 1126 1 2 0 C 0
3730 3732 1 3 0 C 0
3732 3736 1 2 0 C 0
4270 4271 1 1 0 C 0
3734 3733 1 2 0 C 0
3733 4270 1 4 0 C 0
178 180 1 1 0 C 0
179 177 1 3 0 C 0
177 178 1 3 0 C 0
1448 1446 1 2 10 O 20
1449 1448 1 2 9 O 10
1446 305 1 2 6 O 10
1474 2272 1 3 13 O 30
2272 306 1 2 10 O 20
306 1469 1 1 4 O 10
1502 3895 1 2 11 O 20
1500 1498 1 3 13 O 10
1498 1499 1 2 10 O 20
1501 1502 1 2 10 O 20
1866 1864 1 2 11 O 10
1864 1863 1 3 13 O 20
1863 2733 1 3 11 O 20
2733 1865 1 1 3 O 20
1281 3874 1 4 0 C 0
3874 3876 1 3 0 C 0
3877 3879 1 4 0 C 0
1273 3878 1 3 0 C 0
3878 3877 1 3 0 C 0
1951 1952 1 3 16 O 10
1952 3228 1 3 12 M 20
3228 204 1 2 8 O 10
2176 2174 1 2 8 O 20
2177 2175 1 3 16 O 10
2175 2176 1 3 12 O 10
268 1668 1 3 12 O 20
1668 1953 1 3 13 O 20
1953 269 1 3 14 O 30
274 1560 1 3 14 O 10
1560 275 1 2 11 O 10
273 1971 1 3 14 O 10
1971 274 1 3 15 O 20
2295 2288 1 1 3 M 10
2292 2293 1 2 11 O 20
2293 2294 1 4 17 O 30
2294 2295 1 3 16 O 20
1635 1630 1 3 13 M 30
1630 272 1 3 11 O 20
1627 1632 1 3 14 M 20
1632 1635 1 3 13 O 30
280 3152 1 2 11 O 10
3152 278 1 2 8 O 30
279 280 1 3 15 O 10
1628 1631 1 1 5 O 10
1637 1636 1 2 9 O 10
1636 2343 1 3 14 O 30
2343 1629 1 1 3 O 30
1629 1628 1 3 13 O 30
1631 1634 1 2 8 O 30
4561 4560 1 4 20 O 30
4560 3352 1 3 11 O 20
3352 281 1 1 1 M 30
219 221 1 3 0 C 0
221 220 1 3 0 C 0
220 4387 1 2 0 C 0
4387 222 1 2 0 C 0
1555 2115 1 3 0 C 0
2115 2116 1 4 0 C 0
2116 1961 1 1 0 C 0
5000 1301 1 4 18 M 10
1300 5000 1 3 16 M 30
1301 4999 1 1 3 O 30
4149 4150 1 3 11 O 20
4150 1890 1 2 11 O 30
1890 4996 1 1 2 O 20
1305 4998 1 2 10 O 10
4998 1308 1 3 11 O 10
1307 1305 1 2 9 O 30
1308 4997 1 1 2 O 30
4627 3881 1 1 4 O 20
1215 4628 1 2 10 O 20
4628 4627 1 4 17 O 30
4994 2099 1 1 0 C 0
4995 1258 1 4 0 C 0
1258 4994 1 3 0 C 0
2556 2379 1 2 0 C 0
2380 2381 1 3 0 C 0
2381 2382 1 2 0 C 0
1095 1029 1 2 0 C 0
1030 1031 1 3 0 C 0
1031 1095 1 3 0 C 0
1093 1091 1 2 0 C 0
1091 1092 1 1 0 C 0
1094 1093 1 3 0 C 0
3781 1085 1 3 13 O 10
1828 3781 1 3 16 O 20
4132 4134 1 1 4 O 20
4133 1086 1 2 11 O 30
1086 4132 1 2 9 O 30
4417 4415 1 3 16 O 10
4415 4621 1 2 11 O 30
4416 4417 1 5 26 M 20
1279 1282 1 2 0 C 0
1282 1283 1 2 0 C 0
1283 1280 1 2 0 C 0
1280 172 1 2 0 C 0
1488 1486 1 3 13 O 20
1486 5076 1 2 6 M 10
1487 1488 1 4 19 O 10
1493 1492 1 2 11 O 20
1492 1494 1 3 13 O 10
1496 1493 1 3 12 O 30
1494 1495 1 1 2 O 10
1489 2742 1 3 14 O 10
2742 3894 1 2 9 O 20
1490 1491 1 3 13 O 20
1491 1489 1 2 10 O 10
1888 1887 1 2 6 O 20
1886 2129 1 3 13 M 10
2129 1888 1 2 10 M 10
1479 1477 1 3 12 O 10
1477 1478 1 3 12 O 20
1478 4679 1 1 2 O 10
1480 1479 1 3 12 M 20
2128 60 1 2 0 C 0
2127 2128 1 2 0 C 0
4808 4806 1 4 18 O 20
4806 4803 1 1 4 O 30
4807 4808 1 3 11 O 20
4803 4802 1 2 11 O 20
4802 2083 1 1 2 O 30
3962 3967 1 1 5 O 20
3965 3964 1 2 6 M 30
3964 3963 1 2 7 M 30
3963 3962 1 2 6 O 30
3967 3966 1 2 6 M 30
3966 3968 1 1 1 O 20
1731 4269 1 2 8 M 20
4269 4268 1 2 10 O 10
4268 4267 1 2 9 O 30
3989 538 2 8 41 O 10
3990 3993 2 5 24 O 10
538 3987 2 4 20 O 20
3987 3990 2 5 23 O 10
3991 539 2 3 16 O 10
539 540 2 15 80 O 20
539 5165 2 3 16 M 20
5165 540 2 3 16 O 30
540 542 2 3 12 O 20
542 541 2 4 19 O 10
541 3988 2 5 26 O 30
3992 542 2 5 27 M 10
541 543 2 6 31 O 20
543 3990 2 9 48 O 10
310 1394 2 5 27 O 30
1403 1402 1 4 20 O 10
190 1403 1 2 10 O 30
1402 191 1 2 9 O 10
3587 544 2 7 39 O 10
1685 1110 2 8 41 O 30
1110 1113 2 10 54 M 10
1113 1115 2 6 32 O 10
1115 1117 2 15 81 O 10
1117 4263 2 19 101 M 10
4263 3586 2 19 101 O 30
3586 3588 2 17 93 O 30
3588 1924 2 23 127 O 30
544 1685 2 5 23 M 10
1680 545 2 6 32 O 30
1566 1896 2 2 7 O 20
1076 1074 1 7 0 C 0
1077 1080 1 5 0 C 0
547 2291 2 5 0 C 0
2290 547 2 4 0 C 0
3590 3591 1 4 0 C 0
4057 53 2 4 0 C 0
560 3486 2 3 15 O 10
4024 561 2 7 34 O 30
563 562 2 2 8 O 20
4622 3994 1 4 0 C 0
4109 1820 1 17 0 C 0
4823 567 1 4 0 C 0
1770 4823 1 7 0 C 0
568 2351 1 5 0 C 0
2351 4776 1 10 0 C 0
4402 569 1 8 0 C 0
570 573 2 6 29 O 10
573 571 2 3 13 M 20
572 573 2 4 22 O 20
574 587 2 7 37 O 30
587 575 2 4 19 O 10
576 581 2 3 16 O 30
581 585 2 10 50 O 10
585 575 2 6 33 M 20
575 577 2 3 14 M 10
580 582 2 2 9 O 30
582 581 2 4 18 O 10
582 583 2 5 27 O 30
586 587 2 6 29 O 10
584 585 2 3 14 M 20
583 584 2 5 26 O 30
578 579 2 4 21 O 30
579 580 2 2 9 O 10
4542 588 2 27 147 O 20
588 590 1 17 91 M 10
590 589 1 15 82 O 20
590 5166 1 5 25 O 20
5166 589 1 5 25 O 30
589 588 1 2 9 M 30
4084 591 2 2 7 M 20
597 595 2 9 45 O 10
598 597 2 4 20 O 10
597 596 2 4 21 O 30
600 599 2 15 80 O 30
333 4557 1 7 0 C 0
4680 333 1 14 0 C 0
601 535 1 15 0 C 0
535 1988 1 2 0 C 0
116 3550 1 9 0 C 0
602 1061 1 4 0 C 0
1061 3451 1 14 0 C 0
3451 4187 1 16 0 C 0
4502 1994 1 3 0 C 0
603 4502 1 6 0 C 0
1996 4120 1 9 0 C 0
4188 1996 1 7 0 C 0
1063 604 1 11 0 C 0
50 605 1 12 0 C 0
606 49 1 10 0 C 0
2000 607 1 10 0 C 0
3763 608 1 4 0 C 0
609 3890 1 4 0 C 0
610 609 1 4 0 C 0
2501 610 1 11 0 C 0
1090 3452 1 4 0 C 0
611 1090 1 10 0 C 0
4514 1990 1 4 0 C 0
1991 612 1 20 0 C 0
1993 115 1 7 0 C 0
1994 613 1 13 0 C 0
2108 614 1 29 0 C 0
3452 615 1 14 0 C 0
2110 639 1 24 0 C 0
2500 2110 1 7 0 C 0
616 3743 1 8 0 C 0
632 3900 1 5 22 O 10
4767 2048 1 3 14 O 10
2050 4766 1 2 10 O 10
4766 3954 1 2 7 M 30
3954 4767 1 4 19 O 20
2048 4768 1 3 14 O 30
4768 2049 1 2 7 O 10
1516 1517 1 3 16 O 30
1517 1515 1 2 10 O 10
1515 1514 1 2 8 O 30
1514 3896 1 3 11 O 30
1507 1508 1 3 16 O 20
1508 1510 1 2 10 O 10
4523 635 1 4 19 O 10
635 636 1 6 33 O 10
636 633 1 12 62 O 30
633 634 1 23 127 O 30
634 635 1 6 32 O 20
634 4521 1 4 18 O 10
637 638 1 14 75 O 30
638 633 1 2 10 O 30
636 637 1 2 10 O 30
639 640 1 2 0 C 0
1499 1501 1 2 7 O 10
1503 641 1 14 77 O 10
641 642 1 7 35 O 10
642 1501 1 6 29 M 30
1503 3675 2 3 17 O 20
326 643 1 2 0 C 0
2172 3886 2 2 0 C 0
644 3886 1 4 0 C 0
646 1389 1 2 9 O 10
645 4721 1 16 84 M 30
645 646 1 3 14 O 20
646 647 1 3 13 O 10
647 3796 1 12 61 O 10
3796 2131 1 11 60 O 20
650 648 1 15 78 O 10
648 146 1 4 22 O 30
651 649 1 22 121 O 10
649 650 1 4 22 O 20
1182 960 1 4 22 O 20
960 651 1 22 121 O 20
146 1343 1 4 21 O 30
1343 1182 1 15 78 O 10
1182 650 2 2 6 M 30
652 326 1 3 0 C 0
657 2958 1 13 0 C 0
2958 665 1 11 0 C 0
653 664 1 8 0 C 0
666 653 1 14 0 C 0
655 656 1 8 0 C 0
658 657 1 8 0 C 0
659 658 1 21 0 C 0
656 654 1 21 0 C 0
661 660 1 38 0 C 0
662 661 1 30 0 C 0
663 662 1 3 0 C 0
654 708 1 17 0 C 0
708 663 1 30 0 C 0
664 655 1 14 0 C 0
667 666 1 5 0 C 0
667 4110 2 17 0 C 0
1057 1056 1 4 0 C 0
1056 1055 1 4 0 C 0
668 2012 1 2 7 M 20
669 1191 2 9 45 O 10
675 673 2 4 20 O 20
676 675 2 13 69 O 20
675 674 2 5 25 O 30
1925 677 2 11 57 O 30
678 2997 2 3 12 O 30
680 679 2 2 7 O 20
681 682 2 9 47 O 20
683 684 2 26 140 M 20
2125 685 2 3 12 O 10
689 691 2 4 19 O 30
691 690 2 12 63 O 20
691 692 2 10 51 M 30
693 694 2 4 22 O 20
694 697 2 5 23 M 30
697 695 2 10 52 M 30
695 696 2 4 19 O 30
696 697 2 13 72 O 10
696 699 2 11 60 O 10
699 701 2 4 18 O 30
701 702 2 3 15 O 20
702 698 2 11 61 O 30
698 703 2 4 19 M 20
703 700 2 3 14 O 20
700 695 2 4 19 O 20
695 699 2 8 42 M 30
700 701 2 8 42 O 30
702 703 2 8 42 O 10
694 704 2 8 42 M 10
704 700 2 15 78 M 10
704 705 2 3 16 O 20
705 698 2 18 97 O 30
705 703 2 15 79 O 20
707 706 2 18 97 O 10
710 709 2 19 101 O 20
712 713 2 26 144 O 20
716 717 2 18 97 O 20
4966 2269 1 6 29 O 20
2269 4968 1 6 32 O 20
88 4764 1 2 0 C 0
720 2350 1 3 0 C 0
2350 721 1 6 0 C 0
4778 720 1 5 0 C 0
722 5 1 3 0 C 0
724 723 2 1 5 M 20
2221 724 2 1 3 O 30
4922 725 1 14 73 O 20
3237 5084 2 8 42 O 10
726 727 2 15 82 O 30
728 729 2 17 93 O 20
730 733 2 2 11 M 10
733 734 2 4 17 O 10
734 736 2 7 36 M 20
736 731 2 4 22 O 10
730 732 2 7 37 O 20
733 735 2 9 50 O 10
735 734 2 10 54 O 30
736 737 2 14 74 O 20
738 739 2 13 68 O 10
741 742 2 16 86 O 20
744 745 2 19 102 M 20
746 747 2 18 97 O 20
748 751 2 10 53 O 20
751 749 2 9 45 O 10
749 750 2 4 22 M 20
750 751 2 4 17 O 30
493 753 2 6 31 O 10
753 755 2 17 92 O 30
755 754 2 25 135 O 10
754 753 2 17 89 O 30
755 5167 2 2 10 O 10
5167 754 2 2 10 M 10
1074 1073 1 7 0 C 0
1080 1078 1 4 0 C 0
3020 3018 1 7 35 O 20
3018 3019 1 2 8 O 10
775 776 2 24 133 O 30
4517 367 2 22 0 C 0
783 1079 1 5 0 C 0
1079 789 1 8 0 C 0
789 783 2 2 0 C 0
790 791 2 7 33 O 20
1294 3771 2 4 20 O 10
2496 2178 2 10 51 O 10
792 793 2 4 20 M 20
794 795 2 4 18 O 30
794 796 1 9 47 O 20
796 797 1 8 40 O 10
795 798 2 3 12 O 20
795 793 2 12 63 M 20
1756 799 2 8 0 C 0
802 801 1 11 58 M 20
801 800 1 8 44 O 30
4443 4842 2 3 14 O 20
813 5123 2 2 6 O 30
814 815 2 2 8 O 20
816 819 2 6 29 O 20
819 817 2 13 67 O 10
817 818 2 8 41 O 10
818 819 2 4 19 O 10
823 824 2 16 87 O 20
825 826 2 16 87 O 20
1905 2671 1 8 0 C 0
2671 2106 1 8 0 C 0
1906 2107 1 2 0 C 0
828 827 2 2 10 O 30
829 830 2 2 11 O 30
832 833 2 2 10 O 30
831 834 2 2 10 O 20
2714 835 2 15 81 O 30
2154 31 1 15 81 M 30
31 452 1 30 163 M 30
838 30 2 5 25 M 30
30 2154 2 4 17 M 30
2154 3476 2 3 16 O 30
348 839 2 10 51 O 20
840 3803 1 18 0 C 0
3803 2210 1 4 0 C 0
2210 841 1 4 0 C 0
841 842 1 70 0 C 0
842 3984 1 16 0 C 0
1892 843 1 4 19 O 20
S M L M M S L S L M S M S L M L M S S M L S M L M S L M L S M L S M L S M L M S L M S L M S M L S M L S L S M S M L S L M S L M S L M L S M L M S M S L
