8431 10639 97200 78 6803 0.5
5846 4560 1 25 137 M 10
4187 4203 2 76 421 O 10
4203 7642 2 5 26 O 30
7642 4208 2 14 77 O 30
4208 4211 2 15 83 O 20
4211 4215 2 8 41 O 10
4215 4224 2 17 92 O 30
4224 8250 2 12 63 O 20
6122 4984 2 9 47 O 20
4984 4985 2 6 30 O 20
4985 4994 2 4 18 M 30
4994 1196 2 6 33 O 30
1196 4988 2 11 58 O 30
4988 5671 2 18 95 O 10
5671 4992 2 3 12 M 10
6025 6023 2 51 279 O 10
1805 1806 2 46 253 O 10
1806 4235 2 37 203 O 10
4235 2470 2 28 154 O 30
5722 5242 2 8 40 O 10
5242 6875 2 5 25 M 20
6875 1082 2 20 106 O 10
1082 3167 2 1 2 M 10
3167 1080 2 1 5 M 10
1080 3164 2 25 136 O 20
5723 5724 2 18 99 M 30
5726 5439 2 55 300 O 30
5439 4690 2 54 296 O 20
5727 8002 2 16 84 O 10
8002 6112 2 1 4 O 30
6112 4582 2 3 12 O 30
4582 430 2 10 53 M 20
430 8001 2 31 168 O 10
8001 8000 2 13 67 O 30
8000 429 2 11 59 O 10
429 6891 2 17 91 M 20
6891 6892 2 4 19 M 30
6892 3344 2 13 71 O 20
7826 7834 1 39 0 C 0
5857 416 1 2 8 O 20
5730 5814 1 13 68 O 30
5764 5501 1 12 62 O 20
2247 5772 1 13 68 O 30
5772 5773 1 28 154 O 30
6471 331 1 2 9 M 20
331 333 1 20 110 O 10
333 5923 1 5 24 M 10
2258 2253 1 4 21 O 20
5621 2220 1 10 52 O 10
6012 6013 2 105 583 M 10
449 6774 2 6 32 O 20
6774 6776 2 22 117 O 30
6776 2497 2 22 119 O 20
2497 7628 2 21 112 O 30
7628 2498 2 21 116 O 20
2498 3274 2 21 115 O 20
3274 3275 2 21 114 O 30
3275 7641 2 1 3 O 20
7641 3277 2 21 116 O 30
3277 3279 2 21 114 O 10
6773 1608 2 53 289 M 20
1608 1606 2 4 22 M 20
1606 6204 2 5 26 M 30
6204 7632 2 6 33 M 30
7632 4625 2 2 8 M 20
4625 6774 2 8 43 O 30
6774 5488 2 16 86 O 20
6775 1611 2 7 37 M 20
1611 6205 2 55 301 M 20
6205 4420 2 8 40 O 10
4420 6776 2 8 44 O 20
5766 6773 2 21 114 O 10
6773 6780 2 11 59 O 10
6780 6775 2 11 59 O 10
6775 6778 2 5 24 O 10
6778 4410 2 9 49 O 20
4410 2496 2 9 45 O 10
2496 7630 2 3 16 O 30
7630 6777 2 18 97 O 20
6778 6779 2 24 132 M 10
6780 6781 2 20 106 M 10
6782 6783 2 17 90 O 30
1544 6803 2 17 0 C 0
6803 1725 2 10 0 C 0
1725 1597 2 11 0 C 0
1597 6174 2 20 0 C 0
6174 1596 2 4 0 C 0
6806 4263 2 11 0 C 0
6805 6806 2 13 0 C 0
5981 4141 1 13 70 O 10
6814 4139 1 10 54 O 10
4406 6391 2 6 30 O 30
6391 7833 2 6 33 O 20
7833 4767 2 32 177 O 10
2259 5630 2 5 27 O 10
368 5525 2 12 62 O 30
7298 7297 1 13 67 O 30
7297 1840 1 13 69 O 30
7304 7303 1 7 38 O 30
7758 5274 2 36 198 O 30
1817 5272 1 6 30 O 20
5735 5765 2 3 15 O 10
5765 7580 2 20 109 O 20
7580 7579 2 45 245 O 20
7580 7581 2 32 177 M 30
7582 7583 2 73 401 O 30
7584 7585 2 12 62 O 10
7586 7582 2 25 134 O 10
7582 4857 2 40 222 O 10
7587 7588 2 15 81 O 10
7589 7590 2 28 152 M 10
7590 7649 2 12 62 O 20
7649 7588 2 5 26 O 30
7590 7875 2 14 77 O 10
7875 7591 2 16 87 O 10
7591 7876 2 10 51 O 30
7876 7589 2 15 79 O 20
7589 3590 2 25 135 O 30
7592 7591 2 16 86 O 20
7593 5894 2 46 254 M 30
5894 7594 2 1 2 O 30
7595 7586 2 69 380 O 20
7586 28 2 7 35 O 20
7598 7599 2 17 92 O 20
7599 6267 2 16 88 O 30
6267 6268 2 2 6 O 30
6268 7600 2 15 80 O 10
7601 6267 2 7 36 O 10
7599 6268 2 50 273 O 10
7602 7603 2 16 84 O 10
7603 4512 2 15 80 O 10
4512 7604 2 2 10 O 10
7604 7605 2 14 76 O 30
7603 7604 2 58 321 O 20
7607 7660 2 21 116 M 10
7660 7608 2 21 115 O 30
2495 7656 2 21 116 O 10
7656 4409 2 21 114 O 10
4409 7609 2 1 3 O 20
7609 7610 2 21 114 O 20
7611 7636 2 21 115 O 20
7636 7661 2 21 114 O 20
7661 4411 2 1 5 M 10
4411 7657 2 21 113 O 10
7657 7674 2 21 115 M 30
2633 4661 1 37 200 O 20
4661 4653 1 16 88 O 30
4653 4669 1 15 81 O 10
4669 4651 1 19 104 O 20
4651 7620 1 18 99 O 30
7620 4652 1 23 123 O 30
4652 4645 1 18 98 M 30
4645 7622 1 16 88 O 20
7622 7624 1 13 72 M 10
7624 4665 1 7 37 O 30
4665 4666 1 16 86 O 20
4666 4656 1 9 50 O 10
4656 4654 1 7 37 M 10
4654 3268 1 11 60 O 20
3269 4647 1 11 59 O 20
4647 4646 1 7 37 O 30
4646 4663 1 10 50 O 20
4663 4655 1 16 85 O 10
4655 4664 1 7 37 O 10
4664 7621 1 13 71 O 10
7621 6314 1 1 5 O 30
6314 4667 1 16 84 O 30
4667 4649 1 18 99 M 10
4649 7619 1 22 121 M 20
7619 4650 1 19 101 O 10
4650 4659 1 19 104 O 20
4659 4648 1 15 81 O 20
4648 4660 1 16 89 M 30
4660 2633 1 36 196 O 10
7596 7612 2 90 499 M 20
5893 2632 2 45 248 O 20
2632 7613 2 52 288 M 30
7614 7613 2 14 76 O 30
7613 3574 2 2 8 O 20
3574 3565 2 14 75 O 20
3565 3560 2 12 62 O 30
3560 3557 2 5 27 O 20
3557 3543 2 16 89 O 20
3543 3541 2 4 21 O 20
3541 2628 2 13 70 O 10
396 4372 2 51 278 O 20
4372 3273 2 62 342 M 30
7621 7622 2 3 13 O 20
7622 7623 2 18 96 O 10
7625 4413 2 21 114 O 30
4413 7659 2 1 2 O 20
7659 4414 2 22 117 O 20
4414 7663 2 1 3 O 30
7663 7638 2 21 113 O 20
7638 7666 2 21 115 O 20
7666 4415 2 21 114 O 20
7626 1579 2 10 52 M 20
1579 7658 2 12 64 O 30
7658 4412 2 21 114 M 10
4412 7662 2 1 4 O 30
7662 7637 2 21 114 O 20
7637 7665 2 21 115 O 30
7665 7671 2 21 114 O 30
7671 7627 2 22 118 O 10
7630 7631 2 26 140 O 20
7632 4420 2 22 120 M 30
7633 4422 2 21 114 O 10
4422 4423 2 1 5 O 20
4423 4424 2 21 114 O 30
4424 7640 2 21 116 M 10
7640 4426 2 21 112 M 20
4426 7670 2 2 6 O 30
7670 4429 2 20 111 O 20
7635 4417 2 21 113 O 10
4417 4418 2 1 5 O 10
4418 7664 2 22 117 O 10
7664 7639 2 21 112 M 10
7639 4419 2 21 113 O 30
4419 7669 2 2 6 M 30
7669 7672 2 20 110 O 10
7608 7609 2 15 81 O 30
7610 7636 2 15 81 O 10
7636 7637 2 15 82 O 30
7637 7638 2 15 82 O 30
7638 7639 2 15 82 O 20
7639 7640 2 16 84 O 30
7640 7641 2 15 83 O 20
7643 4507 2 12 63 O 10
4507 4508 2 14 75 O 20
4508 7602 2 8 42 M 20
7602 5340 2 34 187 M 20
5340 5339 2 16 88 O 20
5339 7644 2 17 89 O 30
7645 5326 2 27 145 O 20
5326 7644 2 17 92 O 20
7644 7646 2 17 89 O 10
1115 4317 2 22 117 O 10
4317 7647 2 21 115 O 10
7647 4321 2 18 100 O 30
4321 4322 2 5 25 O 20
4322 3351 2 17 89 O 30
7653 7654 2 18 96 O 20
2271 7654 2 63 348 M 20
7654 3260 2 62 344 O 20
7655 7660 2 14 78 O 10
7660 7656 2 15 82 M 20
7656 7657 2 15 83 O 10
7657 1603 2 7 39 M 30
4409 7661 2 15 83 O 10
7611 7665 2 15 82 O 20
7665 7666 2 15 81 O 10
7627 7667 2 15 79 O 30
7666 7669 2 16 84 M 20
7671 4416 2 15 83 M 10
7695 7694 2 6 31 M 20
4273 1617 2 10 0 C 0
1617 1615 2 6 0 C 0
1615 1616 2 2 0 C 0
1616 1618 2 12 0 C 0
1618 17 2 10 0 C 0
5650 4268 2 16 0 C 0
4268 4267 2 5 0 C 0
4267 5865 2 12 0 C 0
5914 227 1 47 257 M 10
7825 6434 1 99 549 O 30
226 5915 1 46 251 O 30
6540 4404 1 1 2 O 20
4559 2615 1 3 12 O 10
7829 7825 1 77 425 O 10
7830 5913 1 59 325 O 30
7835 7836 1 53 293 O 20
7837 7828 1 8 41 M 30
7827 7837 1 7 37 O 30
7836 7838 1 16 88 O 10
234 4223 2 12 63 O 20
4223 4217 2 20 107 O 20
4217 4210 2 24 133 O 20
4210 4207 2 13 70 O 10
64 2190 2 10 0 C 0
7222 1528 2 17 0 C 0
1528 1529 2 19 0 C 0
1529 1530 2 19 0 C 0
1533 1530 2 7 0 C 0
1533 1534 2 37 0 C 0
1535 1566 2 24 0 C 0
1566 6029 2 13 0 C 0
6029 1565 2 11 0 C 0
1565 6028 2 12 0 C 0
6028 1564 2 13 0 C 0
1564 1545 2 24 0 C 0
1563 1553 2 24 0 C 0
1562 1561 2 8 0 C 0
1549 5651 2 10 0 C 0
5651 1550 2 4 0 C 0
1562 1563 2 31 0 C 0
1854 3755 2 24 128 O 10
1590 1586 2 39 0 C 0
690 1586 2 17 0 C 0
1587 1588 2 10 0 C 0
1588 1589 2 12 0 C 0
1589 4253 2 2 0 C 0
4253 1590 2 20 0 C 0
1595 1726 2 61 0 C 0
1726 1596 2 19 0 C 0
1805 1811 1 8 39 O 10
1814 1819 1 22 119 O 10
1814 1815 2 10 52 O 10
1813 7191 1 5 26 O 30
7191 7199 1 31 167 O 10
8369 1818 1 32 174 O 10
1820 8353 1 24 132 O 30
2450 1821 1 13 71 M 20
1842 467 2 3 0 C 0
7294 2210 2 33 0 C 0
1843 2605 1 3 16 M 20
2605 1844 1 15 78 O 20
4738 4743 2 18 99 O 10
4701 5741 1 6 0 C 0
5743 6474 1 29 0 C 0
4702 5757 1 6 0 C 0
955 7314 2 14 0 C 0
7314 7970 2 14 0 C 0
7970 4703 2 22 0 C 0
4703 7971 2 6 0 C 0
7971 4747 2 11 0 C 0
4747 4393 2 16 0 C 0
4393 7969 2 15 0 C 0
7969 440 2 8 0 C 0
6392 4765 2 43 237 O 20
365 4742 2 32 175 O 10
4742 4740 2 18 0 C 0
4740 366 2 4 0 C 0
366 4739 2 17 0 C 0
4739 4704 2 19 0 C 0
4743 4744 2 43 238 O 10
5514 4748 1 82 455 O 30
342 4398 2 10 50 M 30
4398 4751 2 20 107 M 30
4751 4753 2 15 81 O 20
4753 4755 2 8 42 O 30
4755 5513 2 17 90 O 10
4751 4752 2 22 118 O 20
4753 4754 2 28 152 O 30
4755 4762 2 23 127 O 20
4762 4756 2 41 225 O 30
4757 4756 2 41 227 O 10
4756 5512 2 16 86 O 10
4758 4761 2 8 42 O 20
4761 4757 2 21 111 M 10
4760 4761 2 25 139 O 30
4761 4762 2 14 76 O 20
4763 4764 2 39 211 O 10
4765 4766 2 32 176 M 10
4767 4770 2 12 61 O 10
4770 3361 2 11 60 O 30
3361 4783 2 17 89 O 10
4783 4773 2 15 81 M 20
4773 4775 2 4 20 M 20
4775 4781 2 48 266 O 20
4781 4780 2 13 69 O 30
4780 4768 2 4 21 O 10
4768 3445 2 13 68 O 20
3445 6934 2 4 17 O 20
6934 3459 2 13 68 O 30
3459 7106 2 4 18 O 20
7106 4769 2 13 70 M 10
4770 4772 2 56 307 O 30
4772 4771 2 43 236 O 10
4772 4773 2 17 91 O 10
4774 4775 2 7 34 O 30
4776 4777 2 7 39 O 10
4777 4771 2 26 141 O 20
4771 4778 2 15 82 O 20
4777 4768 2 25 134 O 20
4779 4780 2 28 152 O 10
4781 3390 2 38 207 M 10
3390 4782 2 16 85 O 30
4782 4783 2 26 140 O 30
4800 1599 2 13 70 O 10
1599 4801 2 9 50 O 20
4801 4802 2 29 156 O 10
4801 4803 2 13 69 O 30
4803 4830 2 5 26 O 20
4830 4806 2 9 50 M 10
4806 4808 2 8 40 O 10
4808 4810 2 7 35 M 10
4810 4804 2 13 68 O 20
4803 4805 2 11 60 O 20
4806 4807 2 15 79 O 20
4808 4809 2 9 49 O 20
4810 4811 2 8 42 O 10
5515 4813 2 21 115 O 20
4813 4804 2 6 32 O 10
4804 4812 2 16 88 O 20
4812 7891 2 28 155 O 10
7891 5634 2 15 78 M 30
4812 4814 2 40 219 O 20
4819 4818 2 51 278 O 20
4818 4822 2 7 37 O 10
4822 4820 2 12 63 M 10
4820 4821 2 14 77 O 20
4822 4823 2 17 90 O 20
4823 4824 2 15 79 O 10
4824 4825 2 14 77 O 10
4826 4827 2 18 95 O 20
4828 4829 2 13 70 O 20
4830 4831 2 9 46 O 10
5515 4832 1 16 84 O 20
4813 4841 2 18 98 O 10
4841 4834 2 20 110 O 30
4834 4839 2 15 82 O 20
4839 4836 2 17 89 O 30
4836 5634 2 20 108 M 20
5634 4835 2 18 95 O 30
4836 4837 2 13 69 O 30
4838 4839 2 13 70 M 20
4840 4834 2 15 79 O 10
4841 4842 2 16 84 O 20
4842 4843 2 11 59 O 30
4842 4844 2 14 72 O 30
3123 3239 2 14 73 M 10
4937 4938 2 98 540 O 10
4938 4939 2 87 479 O 30
4940 4947 2 96 530 O 30
4942 4948 2 97 536 M 30
4948 7063 2 93 515 M 30
7063 7931 2 5 24 M 30
7931 384 2 4 21 O 20
4944 6247 2 109 605 O 10
4946 4938 2 20 107 O 10
4938 8383 2 15 82 O 20
2320 2043 2 39 215 O 30
2042 2047 2 20 110 O 30
2045 5861 2 6 31 O 10
1547 1548 2 112 618 O 20
1548 7410 2 5 22 O 20
7410 993 2 70 386 M 30
993 6103 2 14 75 O 30
6103 1102 2 21 115 M 20
1102 1310 2 52 288 O 10
1310 6668 2 7 34 O 10
1548 1094 2 51 282 O 20
1094 1089 2 7 38 O 10
1089 123 2 43 234 O 20
123 1988 2 7 37 O 10
6103 1277 2 46 255 O 10
1277 1509 2 2 9 O 20
1509 1276 2 3 11 O 10
1276 1275 2 6 31 O 10
1275 1273 2 4 19 O 20
1273 1280 2 7 36 O 20
1280 1278 2 3 16 O 10
1278 2033 2 41 227 M 10
2003 2010 2 16 87 O 30
7332 767 1 7 39 O 10
8108 4952 2 2 0 C 0
4952 8126 2 4 0 C 0
8126 8136 2 18 0 C 0
8136 8128 2 2 9 O 20
8128 4953 2 5 25 M 30
6812 1914 2 9 49 O 10
4978 4708 2 113 625 O 20
4983 4979 2 15 78 O 20
4979 4710 2 37 202 O 20
4980 1376 2 14 76 M 20
1376 6183 2 16 89 O 20
6183 1282 2 13 72 O 10
1282 4983 2 13 71 O 20
4983 4982 2 6 31 O 10
4982 5078 2 16 87 M 30
5078 5277 2 24 129 O 10
5277 6615 2 23 125 O 30
4979 4990 2 11 60 O 10
4990 6123 2 14 74 O 20
6123 6125 2 6 33 O 20
6125 6126 2 13 72 M 10
6126 4984 2 2 10 O 10
4985 6426 2 19 105 O 10
6426 4986 2 41 223 O 20
4988 6712 2 7 35 O 30
6712 4989 2 28 153 O 30
4989 4993 2 4 21 O 10
4993 6706 2 10 50 O 10
6706 4991 2 22 121 O 30
4992 6711 2 7 37 O 10
6711 6093 2 7 36 O 10
6093 6704 2 16 86 O 20
6704 6707 2 4 19 O 30
6707 6710 2 5 23 O 20
6710 4993 2 9 45 O 10
4994 1194 2 7 37 O 30
1194 4995 2 5 28 O 10
4170 5000 2 63 347 O 30
5000 4996 2 44 241 M 10
820 1908 2 46 255 O 10
1908 1917 2 58 320 O 30
4997 4982 2 27 148 O 30
4999 5000 2 26 140 O 30
5000 1908 2 26 141 O 10
1908 5001 2 24 129 O 20
5001 5002 2 19 102 O 20
5007 5004 1 29 160 O 10
4167 5001 2 53 289 O 10
5001 1887 2 58 322 O 20
5003 8009 2 6 31 O 10
8009 1936 2 3 16 O 30
5004 1888 2 52 288 O 30
5007 5008 2 7 37 O 30
1886 5009 2 24 132 O 10
5010 5009 2 2 8 O 20
5009 5011 2 5 26 O 30
5012 7451 2 7 35 O 10
5015 5014 2 23 0 C 0
8137 4859 2 63 347 O 30
8107 5016 2 75 412 O 20
1962 5017 2 39 0 C 0
5017 1941 2 14 0 C 0
1556 1418 2 9 50 O 10
1418 1420 2 22 117 M 30
1420 5018 2 7 35 O 20
5018 1129 2 5 26 O 20
1129 4858 2 12 65 M 30
5018 1460 2 17 92 M 30
1460 5019 2 28 150 O 10
5019 1527 2 82 450 O 20
1527 5653 2 16 86 M 30
5653 5019 2 25 133 O 30
2145 2149 2 17 0 C 0
2149 5034 2 18 0 C 0
5097 5029 2 19 0 C 0
4981 5027 2 17 0 C 0
5027 5028 2 24 0 C 0
5028 5029 2 17 0 C 0
3682 1214 2 24 129 O 10
1214 53 2 4 21 O 20
53 2140 2 9 47 O 10
2140 1296 2 16 88 M 30
1296 3675 2 35 190 O 20
3675 3668 2 42 229 O 30
3668 3662 2 23 127 O 10
3662 5030 2 24 130 O 10
5034 5035 2 20 0 C 0
5035 5051 2 21 0 C 0
5036 5026 2 7 0 C 0
2231 5037 2 8 0 C 0
2147 5037 2 23 0 C 0
5041 6163 2 24 132 O 10
6163 55 2 4 19 M 20
55 5054 2 15 81 O 30
5054 5055 2 19 100 O 20
5055 6415 2 19 100 O 10
6415 5039 2 2 6 O 20
5039 4015 2 17 90 O 10
7697 6733 2 14 0 C 0
6733 5053 2 14 0 C 0
5053 7789 2 18 0 C 0
5043 5044 2 94 522 O 30
5045 5046 2 43 239 O 30
5047 5048 2 27 149 O 20
5048 4537 2 10 55 O 30
5048 6071 2 3 13 O 20
6071 6072 2 19 105 O 30
6072 6073 2 22 121 O 20
6073 6071 2 4 17 M 10
5049 5050 2 18 96 O 20
5046 4251 2 3 13 O 20
5054 5881 2 46 252 M 10
5055 5056 2 12 62 O 30
5057 5058 2 17 91 O 20
5059 5058 2 23 127 O 20
5058 5060 2 22 120 O 30
5060 5061 2 19 103 O 30
5060 5062 2 15 80 O 10
5063 5062 2 20 109 O 10
5062 1193 2 6 31 M 10
1193 8141 2 10 50 O 30
8141 5064 2 28 152 M 10
5065 5064 2 17 94 O 30
5064 6413 2 18 96 O 20
6413 5070 2 2 9 M 30
5070 5071 2 16 86 O 10
5071 5067 2 15 80 O 10
5067 5066 2 8 40 O 30
5005 5068 2 44 241 O 10
5068 4998 2 73 402 O 20
4998 5085 2 53 291 O 20
5085 5036 2 19 0 C 0
5067 5068 2 16 88 O 30
5069 5070 2 62 339 O 30
5071 5072 2 23 127 O 10
5074 5073 2 20 108 O 10
5073 5075 2 11 56 O 20
5076 5077 2 17 93 O 10
5078 5079 2 36 197 M 10
5080 4169 2 7 38 O 10
4169 5087 2 19 102 O 10
5087 5086 2 44 244 M 30
5086 5089 2 30 166 O 20
5089 8140 2 17 92 O 10
8140 5082 2 19 103 O 10
5083 6446 2 6 33 O 10
6446 5084 2 11 56 M 30
5084 5099 2 29 160 M 10
5099 5100 2 26 140 O 10
5100 5085 2 18 95 O 20
5084 5086 2 17 93 O 30
5087 5088 2 27 146 M 30
5088 4862 2 23 128 M 30
4862 5089 2 23 127 O 30
5088 5090 2 15 83 O 30
5091 5092 2 17 0 C 0
5092 5093 2 38 0 C 0
5092 5094 2 29 156 O 20
5094 5095 2 5 27 O 20
5094 5098 2 17 90 O 20
5098 5096 2 6 30 M 10
5101 5093 2 10 0 C 0
5103 5097 2 15 0 C 0
5098 5099 2 20 109 O 10
5100 5102 2 25 0 C 0
5101 5102 2 15 0 C 0
5103 5629 2 29 0 C 0
3995 5109 2 16 87 O 10
5109 5104 2 16 85 M 10
5105 5104 2 11 61 M 10
5104 5107 2 39 213 O 10
5107 5112 2 13 70 O 20
5112 5114 2 27 147 O 20
5114 5118 2 20 109 O 20
5118 5119 2 17 94 O 30
5119 5628 2 22 117 M 20
5108 5109 2 12 64 O 30
5109 5110 2 20 106 O 10
5107 5111 2 13 68 O 30
5112 5113 2 14 73 O 10
5114 5115 2 14 75 O 10
5116 5115 2 5 27 O 10
5115 5117 2 11 59 O 10
5118 5040 2 28 153 O 30
5119 5627 2 35 189 O 20
5120 5121 2 36 199 M 30
5122 5125 2 18 96 O 20
5126 5127 2 13 71 O 20
5127 5130 2 45 250 O 10
5130 5125 2 19 101 O 30
5125 5161 2 18 97 O 20
5161 5128 2 47 260 O 30
5127 5129 2 35 190 O 20
5129 5130 2 16 85 O 10
5126 5157 2 14 77 O 10
5157 5159 2 42 232 O 10
5159 762 2 13 70 O 20
5133 5134 2 15 78 M 20
5135 6740 2 35 194 M 10
6740 6393 2 4 17 O 20
6393 5138 2 19 101 O 10
5138 5136 2 4 22 M 30
5136 2225 2 12 62 O 20
5136 5137 2 35 194 O 30
5138 5139 2 25 135 O 10
5140 5154 2 14 74 O 30
5154 5141 2 22 119 O 30
5141 5143 2 26 141 O 30
5143 5145 2 16 88 O 20
5145 5146 2 16 86 O 30
5146 5155 2 10 55 O 30
5155 5150 2 16 86 O 30
5150 5147 2 14 77 O 10
5147 5152 2 22 122 O 30
5152 2232 2 13 69 O 10
5142 5143 2 20 107 M 30
5144 5145 2 11 56 O 30
5146 5149 2 34 186 O 30
5149 5147 2 35 191 M 20
5148 5149 2 17 92 M 30
5150 5151 2 11 56 M 10
5152 5156 2 32 172 M 20
5156 5153 2 16 85 O 30
5153 59 2 41 228 O 10
59 5154 2 27 146 M 20
5141 5153 2 72 399 O 20
5155 5156 2 27 146 O 30
5168 5163 2 50 277 O 30
5163 5182 2 15 80 O 30
5182 5131 2 56 306 O 20
5157 5158 2 15 79 O 30
5159 5160 2 16 85 M 30
5161 5162 2 12 64 O 10
5163 5164 2 15 79 O 20
5167 5172 2 53 294 O 10
5172 5181 2 19 104 O 20
5181 5166 2 37 204 O 30
5167 5168 2 18 96 O 20
5165 5169 2 18 96 M 20
5185 5170 2 54 297 O 30
5170 5177 2 25 138 O 20
5177 5213 2 9 49 O 10
5213 5179 2 7 35 O 20
5179 5175 2 31 172 O 20
5170 5173 2 19 102 O 20
5173 5172 2 17 92 O 30
5173 6734 2 30 163 O 30
6734 5174 2 27 145 O 10
5174 5220 2 11 61 M 30
5220 5175 2 18 100 O 30
6734 5176 2 12 62 M 20
5179 5180 2 8 43 O 20
5184 5206 2 72 398 O 10
5206 5212 2 17 90 O 10
5212 5190 2 13 70 O 10
5190 5209 2 14 77 O 10
5209 5211 2 16 88 O 10
5211 5006 2 18 100 O 20
4013 5226 2 15 83 O 10
5226 5228 2 17 89 O 10
5228 5183 2 16 85 O 30
5183 5230 2 25 138 O 30
5184 5185 2 18 98 M 10
5214 5196 2 19 101 M 20
5196 5197 2 14 75 M 20
5197 5199 2 14 75 O 20
5199 5202 2 23 126 O 30
5202 5200 2 31 171 M 10
5200 5192 2 24 129 O 30
5192 5190 2 27 148 O 10
5188 5191 2 9 45 O 30
5187 7956 2 12 66 O 30
7956 5203 2 3 16 O 30
5203 7954 2 3 12 O 20
7954 5198 2 28 154 O 20
5198 5204 2 30 161 M 10
5204 7967 2 15 81 M 20
7967 5205 2 1 3 O 10
5205 7965 2 3 13 O 20
7965 7962 2 12 63 O 20
7962 5207 2 2 8 M 10
5207 7961 2 5 24 O 10
7961 7958 2 5 25 O 30
7958 5192 2 5 27 O 10
5193 5194 2 33 180 O 10
5195 5196 2 44 239 O 20
5197 5198 2 28 155 M 10
5199 5200 2 66 361 O 20
5201 5202 2 16 87 O 20
5203 5204 2 84 465 O 20
5205 5206 2 26 140 O 10
5207 5208 2 12 62 O 30
5209 5210 2 23 127 M 10
4536 5211 2 10 53 O 30
5212 5213 2 17 91 O 30
5214 5215 2 16 89 O 10
5132 6132 2 11 58 O 30
6132 5218 2 16 87 M 30
5218 5221 2 12 64 O 20
5221 5219 2 15 79 M 30
5219 5216 2 16 88 O 30
5216 6869 2 10 54 O 20
6869 5217 2 19 102 O 30
5218 5219 2 53 294 M 20
5220 5221 2 15 80 O 30
5222 7423 2 36 197 M 20
5224 5223 2 34 185 O 10
5223 5225 2 34 185 O 30
5226 5227 2 13 71 O 20
5228 5229 2 13 69 O 30
1985 2027 2 12 64 O 20
2013 2005 2 15 83 M 10
2005 2022 2 17 94 O 30
2022 2362 2 75 412 O 20
2362 2364 2 5 23 O 20
2364 2370 2 25 137 M 30
2370 2380 2 30 165 O 30
2380 2390 2 17 91 O 20
2024 1991 2 17 93 O 20
3141 3145 1 25 135 M 10
3145 2325 1 27 147 O 30
2325 7460 1 16 85 O 30
5246 5248 2 60 331 M 30
5248 5252 2 30 164 O 10
5252 5247 2 53 293 O 30
2650 5246 2 17 91 O 20
5246 6333 2 10 55 O 30
6333 5247 2 9 45 O 30
5247 5250 2 16 85 O 20
5250 5248 2 27 146 M 10
1883 4186 2 17 0 C 0
4186 411 2 7 0 C 0
411 4181 2 11 0 C 0
6109 2457 2 6 31 O 20
5417 659 2 4 0 C 0
659 5416 2 13 70 O 20
5416 653 2 4 19 M 20
653 656 2 6 29 M 10
656 5415 2 12 62 M 20
5415 7534 2 8 41 M 20
2000 1992 2 39 216 O 30
7573 2003 2 39 211 O 20
2380 2369 2 41 225 M 10
2369 2020 2 21 112 O 30
2020 2005 2 53 292 O 20
2020 2004 2 16 84 M 20
2015 7572 2 8 44 O 10
2008 1989 2 19 104 O 20
2017 7853 2 9 45 O 20
7853 2035 2 46 252 O 10
2035 2039 2 33 183 O 10
2002 122 2 13 68 O 10
122 1512 2 3 16 O 20
1512 456 2 11 60 O 30
456 455 2 4 17 O 20
455 457 2 9 45 M 20
457 2029 2 43 238 O 30
2016 1991 2 37 200 O 10
1991 1987 2 14 76 O 10
6808 1702 2 12 0 C 0
1702 7418 2 51 0 C 0
7418 7412 2 24 0 C 0
2034 2701 2 18 98 O 30
2701 2026 2 45 249 O 10
2026 2700 2 22 117 O 20
2700 7852 2 16 86 O 20
7852 2706 2 20 109 O 10
2706 2713 2 55 305 O 20
2035 2026 2 17 92 O 30
2147 2151 2 58 0 C 0
2126 2137 2 53 292 O 10
2127 8299 2 6 28 O 10
8299 8295 2 9 48 O 20
8295 2126 2 35 189 O 10
2126 2124 2 39 212 O 30
2118 2116 2 19 103 M 10
2116 2119 2 2 7 O 20
2114 2117 2 51 283 O 10
2117 2120 2 19 101 O 20
2120 2116 2 19 103 O 20
2116 2111 2 19 105 O 30
2114 2109 2 27 147 M 20
6885 5351 1 8 43 M 10
2429 6070 2 20 109 O 20
6070 5292 2 12 64 O 10
5292 5703 2 29 157 O 10
6065 6069 2 11 60 O 30
6069 5292 2 12 62 M 10
5292 2424 2 9 45 O 30
2424 8167 2 22 117 M 10
8167 1911 2 5 23 O 20
4348 8238 2 2 9 M 10
8238 5264 2 12 65 O 20
7232 5400 2 36 197 O 20
5400 5298 2 3 12 O 30
2956 5390 2 46 252 O 20
5390 2428 2 23 125 M 30
3972 1919 2 16 87 O 10
1919 3991 2 82 452 O 20
310 5300 2 57 314 O 20
5300 4022 2 16 87 M 30
4022 3831 2 25 136 M 10
3831 5578 2 8 39 O 30
5578 2054 2 9 45 O 10
2059 6655 2 7 35 O 30
6655 2065 2 1 2 O 20
2062 2492 1 18 96 M 10
2492 4872 1 18 95 O 20
2069 2678 2 20 110 M 10
2678 2062 2 17 94 O 30
2062 2066 2 9 47 O 20
5782 5869 2 1 5 O 30
1884 6528 2 23 126 O 30
1930 7747 2 11 58 O 30
7747 1507 2 22 121 O 20
1507 3969 2 10 53 O 30
3969 115 2 49 269 O 10
2092 2093 2 56 308 M 30
2093 2096 2 28 154 O 10
2101 3968 2 14 78 O 30
3968 2144 2 25 137 O 20
2144 3977 2 27 148 M 30
2144 2128 2 16 86 M 10
2128 2122 2 15 80 O 20
2128 2141 2 6 32 O 10
2142 2141 2 11 59 O 30
2141 2121 2 10 55 O 20
2129 2143 2 51 279 O 30
2088 2098 2 15 83 O 10
2086 2094 2 16 86 O 20
6697 5258 2 11 58 O 30
5258 4895 2 23 124 O 20
5290 8215 1 25 135 M 20
8215 8212 1 9 46 O 10
8212 7039 1 8 44 O 20
7039 7503 1 29 158 O 20
5303 8222 2 7 37 O 30
8222 135 2 22 121 O 30
4350 2851 2 17 90 M 30
2077 7559 2 13 71 M 20
1957 1982 2 6 31 M 20
1964 1971 2 6 33 O 30
1963 1979 2 9 48 O 10
1945 1947 2 20 109 O 10
1958 1948 2 10 53 O 20
1948 1980 2 71 394 O 20
1980 4101 2 14 77 O 20
4101 1949 2 21 115 O 30
1949 1966 2 3 14 O 20
1943 1980 2 64 352 O 30
494 1975 2 54 296 O 10
1953 1952 2 35 189 O 30
1952 1939 2 16 89 O 20
1981 1869 2 67 369 M 10
1968 1967 2 15 80 M 10
1967 1951 2 10 54 O 30
1951 1942 2 8 39 M 10
1869 1890 2 35 194 O 20
1931 4111 2 14 74 O 20
4111 4113 2 19 103 O 30
4113 4878 2 51 283 O 20
1869 1910 2 13 71 O 10
1910 6280 2 30 163 O 10
6280 498 2 16 87 O 20
1910 1889 2 17 94 O 30
1889 3140 2 40 219 O 10
3140 7578 2 16 89 O 10
7578 1889 2 24 132 O 30
1947 1943 2 30 162 M 30
1943 1245 2 20 111 M 10
1245 1500 2 6 30 O 10
1500 1940 2 28 151 O 20
1947 1957 2 54 300 O 20
1957 1964 2 12 63 M 30
1964 1963 2 10 52 O 20
1963 1949 2 48 266 O 20
1872 1925 2 24 131 O 30
1925 1909 2 12 64 O 10
1867 1923 2 8 43 O 10
194 195 2 3 15 O 20
195 197 2 2 10 O 10
197 198 2 4 17 O 20
198 1927 2 7 35 O 20
1894 1902 1 39 213 O 10
1902 1892 1 6 31 M 30
4640 1849 2 22 121 O 30
8202 8201 2 1 2 O 20
8201 1927 2 40 219 M 10
6642 1911 2 18 98 O 10
5704 1918 2 11 61 O 10
7045 1903 2 23 124 O 30
1903 2427 2 7 38 O 20
6639 1873 2 28 153 M 30
1895 1906 2 21 116 O 20
1906 2439 2 22 119 O 10
2439 2440 2 15 82 O 10
2440 1896 2 6 31 M 10
6607 1899 2 24 129 O 20
1899 6612 2 17 90 O 20
6606 1906 2 34 183 M 20
5322 5325 2 26 142 O 20
5325 5324 2 15 83 O 10
5324 6264 2 9 48 O 20
6264 5323 2 9 49 O 20
4496 5322 2 54 297 M 20
5322 4485 2 52 288 M 10
4485 5324 2 15 81 O 10
5325 5328 2 14 73 O 10
5328 5327 2 2 10 M 10
5327 4496 2 15 82 O 20
4496 5336 2 14 76 O 10
5336 5330 2 13 69 M 30
5330 5326 2 16 88 O 10
5331 5327 2 10 55 O 10
5328 5329 2 16 86 M 30
5329 5332 2 42 230 O 30
5332 5330 2 17 91 O 30
5329 5334 2 2 10 M 10
5332 5333 2 2 7 M 30
5335 7645 2 27 147 O 10
7645 5338 2 14 76 O 20
5338 5336 2 39 216 O 30
5337 5338 2 12 61 O 20
5339 4508 2 54 300 O 20
5340 5341 2 15 81 M 30
2538 2952 1 47 259 O 30
8240 5386 2 72 398 O 20
5386 5387 2 32 174 O 30
5387 4925 2 25 134 O 10
5387 6051 2 18 95 O 10
5390 5380 2 17 93 O 10
5380 5381 2 6 29 O 30
5381 2426 2 11 56 M 30
2426 5392 2 19 105 O 30
5392 5393 2 18 97 O 20
5393 5391 2 18 95 O 10
5392 5395 2 12 66 O 20
3023 1828 2 18 96 O 30
1828 7495 2 21 115 O 20
5396 5399 2 58 318 O 20
5399 5261 2 23 125 O 30
5398 5399 2 24 131 O 20
2953 5261 2 26 141 O 10
5261 5397 2 10 54 O 30
5402 5403 2 36 198 M 10
5403 6595 2 5 24 O 10
6595 1797 2 2 11 M 30
1797 2535 2 5 22 O 30
73 5408 2 11 57 O 10
5408 5406 2 31 167 O 20
5406 4896 2 18 99 O 30
5406 5407 2 47 256 O 20
5407 5410 2 11 60 O 30
5410 5408 2 14 73 O 20
5407 5409 2 10 52 O 30
5409 5410 2 8 40 O 20
2955 5411 2 64 350 O 10
5415 370 2 40 221 O 20
2416 638 2 4 20 O 20
638 635 2 14 77 O 30
635 637 2 1 2 O 20
637 636 2 3 14 M 10
240 5667 2 6 32 O 10
5667 5421 2 26 141 O 30
5421 1977 2 17 93 M 30
1977 1950 2 9 47 O 20
1950 1974 2 12 65 M 30
5420 5668 2 19 0 C 0
7169 1977 2 7 34 O 10
5424 5425 2 15 80 O 30
1950 104 2 17 89 O 10
104 5425 2 79 438 M 30
5425 5420 2 38 209 M 20
5420 5422 2 22 0 C 0
5422 1978 2 22 0 C 0
5432 2658 2 20 0 C 0
2658 5427 2 7 35 O 20
5427 5428 2 15 80 O 20
5427 4387 2 50 273 O 10
4387 4391 2 3 15 O 10
4391 5429 2 53 293 O 10
5434 6341 2 11 58 O 30
6341 2646 2 30 163 O 10
2646 2649 2 44 243 O 20
5435 6339 2 11 59 M 10
6339 2647 2 30 162 M 20
2647 2651 2 44 242 O 20
5436 5438 2 29 160 O 20
5438 2648 2 11 61 O 10
2648 2652 2 44 242 O 20
5437 2527 2 55 302 O 30
2527 2526 2 29 161 O 30
2526 4692 2 24 131 O 30
5438 2527 2 19 102 O 20
2527 5439 2 22 118 O 10
5440 2645 2 44 243 O 20
2645 6340 2 30 162 O 30
6340 5441 2 11 58 O 10
5442 2644 2 40 221 O 10
2644 5443 2 44 242 O 30
5445 5446 2 28 152 O 20
5447 2525 2 36 199 M 30
5448 743 2 6 30 O 20
743 5449 2 33 183 O 10
7482 5451 2 34 187 O 30
5454 5456 2 7 36 M 30
5456 10 2 16 84 O 20
5455 5265 2 11 60 O 20
3157 5265 2 17 92 O 30
5265 5456 2 17 94 M 30
7426 5457 2 8 40 O 30
5457 7427 2 8 40 O 10
3161 5457 2 18 95 M 10
3155 3157 2 20 110 O 20
3157 3158 2 15 83 O 30
5459 4632 2 3 14 O 10
4632 5460 2 3 15 O 20
4636 4632 2 19 103 M 20
5461 4636 2 50 276 O 20
4636 3169 2 16 84 M 20
5462 6683 2 5 26 M 20
6683 4634 2 20 109 M 10
5463 4633 2 12 62 O 30
5464 4637 2 13 67 O 10
760 3162 2 19 102 O 30
130 4634 2 13 72 O 10
4634 5468 2 9 47 O 30
5468 4637 2 17 90 O 30
4637 5470 2 2 8 O 10
5470 761 2 10 51 O 10
5466 5475 2 15 83 O 20
5475 5469 2 18 99 O 10
5469 5467 2 36 195 O 20
5467 5468 2 47 260 M 20
5469 5470 2 71 392 O 20
5471 4635 2 17 90 M 20
5472 5473 2 32 176 O 20
5474 5472 2 30 163 O 20
5472 5475 2 21 114 M 30
5476 5477 2 28 154 O 30
5478 4635 2 16 88 O 20
4635 5474 2 21 113 O 30
5474 5479 2 10 51 O 30
3345 3347 2 44 243 O 30
3347 1200 2 27 149 O 10
1200 3348 2 2 6 M 30
5482 3296 2 22 117 O 30
3296 4445 2 21 113 O 20
4445 3298 2 1 5 O 10
3298 3301 2 20 110 O 10
3301 4447 2 2 6 O 20
4447 4449 2 20 110 O 30
4449 4450 2 2 6 O 20
4450 2505 2 21 112 O 10
2505 4453 2 21 114 O 30
4453 3309 2 2 6 O 20
3309 4455 2 20 110 O 30
4455 3313 2 1 4 O 30
3313 4458 2 21 112 O 30
4458 3317 2 1 4 O 20
3317 3318 2 22 117 O 30
5489 4430 2 11 60 M 10
4430 3276 2 11 58 O 20
3276 6240 2 21 115 O 10
6240 2499 2 21 111 O 20
6240 3286 1 15 83 M 20
900 481 1 15 0 C 0
481 5754 1 14 0 C 0
2200 7869 2 19 0 C 0
7869 2164 2 3 0 C 0
2164 2194 2 22 0 C 0
2172 2197 2 36 0 C 0
2213 2162 2 20 0 C 0
2162 2197 2 20 0 C 0
2170 2166 2 19 0 C 0
2166 2198 2 17 0 C 0
2198 3641 2 44 0 C 0
2164 2169 2 35 0 C 0
2180 2176 2 44 0 C 0
2211 2177 2 44 0 C 0
2204 2181 2 44 0 C 0
2167 3726 2 65 360 O 30
5785 5873 2 1 5 O 20
5529 5541 2 18 98 O 10
5541 3899 2 4 19 O 30
3899 3900 2 2 9 O 20
3900 5543 2 21 115 O 30
5543 5537 2 8 41 O 20
5537 5536 2 14 74 O 20
5536 5539 2 5 25 O 30
5539 3902 2 19 100 O 30
4887 3892 2 49 270 O 30
3892 3882 2 29 161 M 30
5533 3867 2 21 111 O 30
3867 367 2 18 95 M 30
5535 5536 2 73 403 O 20
5537 5538 2 23 125 O 20
5539 1002 2 12 63 O 30
1002 464 2 6 31 O 30
3915 5540 2 19 104 M 10
5540 5541 2 16 85 O 10
5540 5542 2 22 118 O 30
5545 5546 2 23 123 O 30
5544 3873 2 8 40 M 10
3873 3878 2 8 40 O 20
3878 3897 2 44 240 M 10
3897 5543 2 15 82 O 20
5548 5566 2 26 139 O 10
5566 5568 2 26 144 O 20
5568 5549 2 26 141 O 10
5549 5550 2 9 49 O 20
5554 5555 2 21 112 O 10
5555 5558 2 20 108 O 30
5558 7810 2 20 106 M 20
7810 5556 2 10 52 O 20
5556 5557 2 27 148 O 10
5558 5559 2 29 156 M 30
5560 7811 2 68 375 O 30
7811 4062 2 10 51 O 10
4062 5561 2 26 141 O 20
5582 5562 2 44 243 O 20
5524 5563 2 21 114 O 10
5563 5564 2 18 97 M 20
5563 3853 2 62 343 O 30
3853 4051 2 24 132 O 10
5566 5567 2 70 387 O 20
5568 5569 2 70 388 M 20
2157 2156 2 5 27 M 30
2156 7533 2 11 59 O 20
6136 3135 2 17 89 O 30
3135 6137 2 8 43 O 20
6139 6140 2 21 114 O 10
6142 4614 1 9 50 O 30
4614 4616 1 12 63 O 30
4616 6143 1 4 21 O 20
903 2172 2 19 0 C 0
2172 1243 2 19 0 C 0
2207 2174 2 33 0 C 0
2191 2180 2 22 0 C 0
2198 2211 2 19 0 C 0
2211 2204 2 19 0 C 0
4196 299 2 106 585 O 20
299 300 2 40 218 M 20
300 3759 2 21 113 O 10
3759 1854 2 21 115 O 10
1868 1935 2 19 0 C 0
1935 1877 2 23 0 C 0
1877 1933 2 9 0 C 0
1933 5317 2 22 0 C 0
1901 1883 2 100 0 C 0
3691 2660 2 7 0 C 0
138 6138 2 29 161 M 10
4825 4816 2 23 123 O 20
4824 4826 2 16 86 O 30
4826 4817 2 18 99 M 30
4815 4816 2 13 0 C 0
4816 4835 2 9 45 M 20
4835 4828 2 23 123 O 10
4828 4817 2 14 77 O 30
4817 4814 2 12 65 M 20
4814 4819 2 7 36 O 30
4819 4802 2 22 118 O 30
4802 5638 2 15 82 O 20
5638 5636 2 14 76 M 10
5636 6454 2 32 174 O 10
6454 4818 2 16 86 O 30
1369 5344 1 26 139 O 30
1370 7706 2 53 291 M 20
7706 1373 2 2 7 O 20
2275 2282 2 12 63 O 10
2282 4521 2 2 10 O 10
4521 4522 2 2 7 M 20
4522 4374 2 10 52 O 30
4374 7618 2 4 22 O 30
7618 202 2 12 63 O 10
202 7634 2 5 26 M 10
7634 6772 2 17 93 O 30
6667 2745 2 35 190 O 10
5467 6669 2 18 99 O 10
6669 6670 2 31 168 O 10
5510 166 2 41 223 O 30
166 5732 2 33 182 O 20
6671 6673 2 14 75 O 20
6673 6674 2 11 56 O 30
6673 6675 2 17 92 O 30
6675 6676 2 6 30 O 10
6677 6675 2 10 54 O 10
6678 6679 2 11 59 M 30
6680 6679 2 4 20 M 20
6679 6669 2 17 90 O 10
6681 6682 2 2 11 M 10
6682 6683 2 14 73 O 30
6687 127 2 4 22 O 20
127 6688 2 17 90 O 10
6688 6689 2 25 133 M 20
6690 6689 1 7 35 O 10
6689 6691 1 4 20 O 20
6691 6690 1 3 15 M 10
6692 4888 2 33 181 O 30
6693 5685 2 12 63 M 20
5685 5694 2 11 56 M 20
5694 5684 2 2 6 O 30
5684 244 2 3 12 O 20
244 245 2 11 60 O 20
245 6690 2 7 37 O 30
8201 7039 2 20 108 O 30
7039 1902 2 2 8 O 10
6698 4894 2 12 65 O 20
4894 6697 2 41 226 O 20
2051 6416 2 6 30 O 10
6416 5862 2 24 129 O 30
2048 5240 2 27 145 O 30
5240 2044 2 17 89 O 20
1921 5988 2 14 76 O 30
5988 4713 2 17 93 O 30
4713 4715 2 22 120 O 10
2064 2063 2 57 313 O 20
2112 2118 2 74 409 O 30
2163 2186 2 73 0 C 0
5710 5810 1 8 42 M 20
1859 1861 2 4 0 C 0
2209 2176 2 3 0 C 0
2176 3707 2 16 0 C 0
3707 3634 2 7 0 C 0
3634 3706 2 12 0 C 0
915 3652 2 18 0 C 0
3652 3633 2 5 0 C 0
3633 3642 2 24 0 C 0
3642 523 2 8 0 C 0
1870 8006 2 5 22 O 30
8006 4865 2 6 32 M 20
1879 1865 2 20 109 O 20
1865 1863 2 17 89 O 20
1924 8007 2 4 19 O 20
8007 6178 2 6 30 O 10
6178 1887 2 9 49 O 10
1887 1886 2 3 14 O 30
1886 1885 2 17 92 O 10
2148 2149 2 83 0 C 0
7446 7447 1 4 22 O 30
7447 6793 1 4 19 M 20
6793 4072 1 3 14 M 30
4072 7446 1 1 3 O 20
3931 2110 2 15 81 M 20
2103 2082 2 84 466 O 30
2081 2080 2 18 99 O 20
2100 2083 2 17 90 M 30
2083 2108 2 15 79 O 10
2108 2101 2 12 62 M 20
2101 2107 2 18 95 O 10
2014 2037 2 15 82 O 20
2037 2004 2 31 171 O 10
2004 2379 2 42 233 O 30
2379 2390 2 13 67 O 10
2390 2403 2 17 89 O 10
7173 1954 2 6 0 C 0
1959 1976 2 8 40 O 20
1976 7539 2 18 100 O 10
2028 2025 2 16 85 M 10
2025 2021 2 23 127 M 30
2021 1997 2 15 78 O 30
5295 1897 1 8 44 M 20
1944 1965 2 4 0 C 0
1938 1961 2 6 0 C 0
6170 6872 2 17 92 O 10
6872 6820 2 7 36 O 30
2046 2041 2 37 205 M 10
7711 2719 2 9 49 O 30
2215 2208 2 38 0 C 0
2192 2212 2 14 0 C 0
2212 2214 2 20 0 C 0
5033 1905 2 32 176 O 20
2133 2137 2 19 100 O 30
2137 2131 2 15 82 M 10
2131 2125 2 3 14 O 20
2125 2140 2 24 128 O 10
2123 2132 2 24 131 M 10
2132 2134 2 15 0 C 0
1866 1882 2 18 96 O 20
4644 5301 2 16 87 M 30
5301 5302 2 14 75 M 20
5302 5871 2 7 36 O 30
2056 6382 2 48 266 O 20
6382 6384 2 12 62 O 30
6384 2669 2 37 200 M 30
4153 5850 2 2 6 O 20
7793 7794 2 24 130 O 10
7794 7795 2 17 91 O 30
7797 7794 2 3 15 O 20
7800 345 2 30 163 M 20
860 2655 1 25 137 M 20
4997 5074 2 50 274 O 10
5074 4168 2 10 53 O 30
4168 5076 2 6 31 O 30
5076 4998 2 64 354 O 10
7996 7997 1 29 161 O 20
7997 6890 1 6 29 M 10
6890 8000 1 16 89 O 30
8001 7998 1 7 35 O 20
8002 4581 1 12 64 O 20
4581 8003 1 7 36 M 10
4612 8004 1 5 26 O 30
4954 6234 1 9 49 O 20
6234 6233 1 26 144 O 20
6233 8005 1 9 47 O 20
739 6236 2 14 75 O 20
6236 6238 2 9 45 O 20
6238 6235 2 7 37 M 30
6235 504 2 3 15 O 10
505 739 2 2 9 O 30
4545 1473 2 1 1 O 10
1473 2437 2 4 17 O 20
2437 1896 2 26 142 O 20
2058 2056 2 82 0 C 0
3644 3649 2 49 269 O 20
3649 2057 2 45 0 C 0
2057 1862 2 19 0 C 0
2175 7182 1 10 0 C 0
7182 7181 1 7 0 C 0
7181 2179 1 9 0 C 0
2179 2173 1 2 0 C 0
3640 3637 1 10 0 C 0
3637 2193 1 24 0 C 0
995 987 2 22 119 O 20
987 4920 2 27 147 O 30
1367 5342 1 5 25 O 30
1368 1367 1 2 8 O 20
1366 1368 1 1 5 O 10
1372 1371 1 11 57 O 30
1369 1372 1 2 11 O 20
1374 1369 1 2 11 O 30
1937 5705 1 15 79 O 30
1371 1374 1 10 52 M 10
1824 1825 1 8 43 O 20
7302 7556 1 2 11 O 10
7556 7554 1 4 18 O 10
3924 7299 1 15 80 M 10
7299 5275 1 10 54 M 20
1839 7202 1 21 114 M 30
7202 7298 1 4 21 O 30
1848 1852 2 9 49 O 20
1847 1848 2 3 13 O 30
1848 309 2 3 11 O 30
1853 7065 1 11 57 O 20
7065 1852 1 14 76 O 30
1852 1851 1 24 130 O 30
2069 2072 2 4 22 O 20
2695 5031 2 13 68 M 20
5031 5032 2 5 24 O 20
5032 320 2 17 92 O 10
2072 2061 2 14 74 O 30
2061 2071 2 2 11 O 10
2071 2070 2 9 49 M 10
5280 1862 1 2 0 C 0
1891 7805 2 14 75 M 30
7805 8326 2 3 15 O 30
1934 1885 1 3 15 O 10
7317 1891 1 1 2 O 30
5844 1894 1 1 5 O 10
1894 1893 1 3 14 O 30
1893 1900 1 2 6 O 20
1900 1881 1 3 14 M 20
1881 1876 1 3 14 M 20
1876 5844 1 1 2 O 10
1924 1870 1 3 16 M 30
1898 1897 1 15 79 O 10
7048 1926 1 3 12 O 20
1926 1884 1 3 14 O 30
1884 1880 1 3 14 O 10
1880 1878 1 2 9 O 20
1878 7048 1 3 12 O 30
1901 1868 1 2 0 C 0
1907 5836 1 2 7 M 30
5836 5838 1 1 5 O 20
5838 1916 1 3 12 O 10
1916 5837 1 1 5 O 20
5837 5839 1 3 14 O 30
5839 1904 1 1 3 M 30
1904 1907 1 1 5 O 30
6586 1953 1 2 8 O 20
1953 1940 1 5 22 O 30
1940 1958 1 3 14 O 20
1958 6586 1 2 8 O 10
1951 1969 2 14 75 O 10
6585 1939 1 2 7 O 20
1965 1961 1 7 0 C 0
6843 1983 1 1 0 C 0
1984 5022 2 16 0 C 0
5022 5024 2 22 0 C 0
5024 5025 2 17 0 C 0
5025 5023 2 10 0 C 0
5023 2668 2 16 0 C 0
6842 1941 1 2 0 C 0
1941 1946 1 3 0 C 0
1946 1984 1 3 0 C 0
1984 6842 1 3 0 C 0
105 1974 1 2 7 O 30
1974 1954 1 3 0 C 0
1954 1959 1 3 0 C 0
1959 105 1 2 7 M 30
6844 1944 1 1 0 C 0
7856 2017 1 2 7 O 30
2017 2002 1 4 19 O 30
2002 1988 1 4 18 M 20
1988 7855 1 2 11 O 30
7855 7856 1 3 15 O 20
6092 2027 1 1 1 O 30
2027 2028 1 4 17 O 20
2028 2007 1 2 9 M 20
2007 6092 1 3 11 M 10
6420 2013 1 2 9 O 30
2013 1997 1 2 10 O 20
1997 2014 1 3 16 O 10
2014 6420 1 1 2 O 30
243 1999 1 1 5 M 10
1999 2006 1 3 12 M 30
2006 2016 1 3 12 O 20
2016 243 1 1 5 O 20
7408 2019 1 2 7 O 20
2019 2800 1 3 13 O 20
2800 1992 1 5 23 O 30
1992 7408 1 1 4 M 30
7409 2023 1 2 6 O 20
2023 1986 1 3 16 O 30
1986 2033 1 3 14 O 10
2033 2029 1 3 15 O 30
2029 7409 1 2 9 O 10
2012 2018 1 2 10 M 20
2018 2031 1 3 16 O 20
2031 1994 1 3 13 M 20
1994 2012 1 6 29 O 10
1998 2036 1 3 12 O 30
2036 2011 1 1 4 O 20
2011 7407 1 5 24 O 30
7407 1996 1 2 8 O 10
1996 2015 1 4 19 M 10
2015 1998 1 3 16 O 10
6011 7335 2 7 39 O 20
7335 7405 2 3 13 O 30
7405 7403 2 17 89 O 10
7403 7357 2 16 87 M 20
7357 7328 2 71 394 O 20
493 2047 1 3 15 O 30
2051 2041 1 8 41 M 30
6549 2049 1 2 10 O 20
5285 2059 1 2 11 O 30
2076 2075 1 5 23 M 30
2075 2077 1 3 13 O 10
2077 2078 1 4 21 O 10
2078 2076 1 3 16 O 30
7047 2100 1 1 5 O 10
2090 2103 1 2 9 O 10
7201 2110 1 1 2 M 10
2110 2112 1 5 22 O 10
2112 2109 1 3 15 M 30
2109 7201 1 2 10 O 20
7733 2122 1 3 15 O 10
2122 2129 1 4 18 O 10
2129 2139 1 3 13 M 10
2139 7733 1 3 12 O 20
6858 6857 1 1 4 O 20
6857 2136 1 1 2 O 10
2136 2124 1 3 12 O 10
2124 2133 1 2 6 O 30
2133 6858 1 3 11 O 10
2153 2151 1 2 0 C 0
2148 2153 1 2 0 C 0
2146 2150 1 3 0 C 0
2150 2152 1 2 0 C 0
2152 2146 1 4 0 C 0
2171 2187 1 2 0 C 0
2187 2185 1 3 0 C 0
2185 2174 1 2 0 C 0
2174 2194 1 3 0 C 0
2194 2171 1 1 0 C 0
2199 2207 1 2 0 C 0
2207 2191 1 2 0 C 0
2191 2178 1 3 0 C 0
2178 2202 1 3 0 C 0
2202 2199 1 1 0 C 0
2215 2210 1 4 0 C 0
2210 6418 1 2 0 C 0
6418 2215 1 2 0 C 0
2208 2192 1 4 0 C 0
2192 2205 1 2 0 C 0
2205 2208 1 2 0 C 0
2165 2163 1 4 0 C 0
2262 5621 1 9 49 O 20
5621 2234 1 7 34 O 20
2261 5622 1 19 103 O 20
2241 2234 1 2 7 O 10
824 4177 2 139 772 O 30
2253 2251 1 22 119 O 20
2255 2130 1 37 202 O 30
2130 2246 1 34 186 O 10
7538 2236 1 8 41 O 30
2236 2249 1 22 121 O 20
2283 2296 2 6 31 O 30
2286 2269 2 65 357 O 10
2269 2281 2 30 161 O 10
2281 682 2 7 37 O 20
682 3473 2 7 37 O 20
3473 6922 2 14 75 O 30
6922 441 2 14 73 O 20
2292 2297 2 99 545 O 10
402 403 1 2 8 M 20
2288 2284 2 91 503 O 20
2265 6456 2 47 256 O 30
6456 2276 2 67 371 O 20
2264 293 2 21 114 O 10
2279 2280 2 13 70 O 20
2280 2274 2 8 44 M 20
2274 2268 2 12 66 O 10
2267 2269 2 58 320 O 20
2296 2276 2 11 57 O 10
2276 4362 2 5 24 O 20
4362 4378 2 16 87 O 20
4378 2270 2 4 19 M 20
2274 2285 2 43 234 O 10
2293 2275 2 7 38 M 30
2291 2305 2 7 38 O 20
2305 5503 2 14 74 O 20
5503 223 2 8 40 M 20
2294 2268 2 36 198 O 20
2268 699 2 63 349 O 20
699 2273 2 6 31 O 30
2280 698 2 64 353 O 20
698 695 2 2 8 O 10
695 2287 2 5 23 O 20
2287 5905 2 14 76 O 30
5905 5908 2 2 11 O 20
5908 7263 2 9 49 O 10
225 693 2 1 4 O 30
693 2290 2 60 333 O 20
2272 2279 1 3 14 O 30
2279 2290 1 2 11 O 10
2290 2277 1 2 11 M 30
2277 2272 1 3 13 O 10
2295 2277 2 23 123 O 10
2272 2298 2 51 279 O 30
2266 2270 2 106 584 O 10
2317 1637 2 9 45 M 20
1637 1302 2 16 87 O 30
1302 1640 2 9 48 M 20
1640 1639 2 3 14 O 10
1639 4318 2 1 4 M 30
4318 4315 2 5 23 M 20
4315 4309 2 12 62 O 30
4309 5601 2 6 33 O 30
5601 5602 2 10 51 O 30
2312 2299 2 15 82 O 30
2299 3402 2 6 32 O 10
3402 2303 2 10 51 O 10
2301 1390 2 47 260 O 10
1390 8324 2 9 45 O 20
2304 1272 2 65 360 O 10
1272 2318 2 112 618 O 30
5746 4972 2 37 205 O 20
4972 2310 2 44 241 M 30
2281 5904 2 7 39 O 30
5904 2273 2 15 83 O 20
2273 691 2 10 52 M 10
691 2287 2 5 24 M 30
2287 7183 2 10 55 M 30
7183 697 2 12 64 O 20
697 2311 2 4 17 M 10
2316 2299 2 22 119 O 30
7229 2308 2 15 83 M 30
2308 941 2 3 11 O 20
941 943 2 3 16 O 20
943 5504 2 6 28 O 20
5504 2313 2 10 53 M 30
4297 1621 2 10 52 M 20
2300 2314 1 3 11 O 20
2314 2303 1 4 20 O 30
2303 2315 1 3 13 O 20
2315 2300 1 1 2 O 30
2308 2305 2 24 132 O 20
2314 3381 2 10 54 O 30
3381 2319 2 20 110 O 20
224 216 2 9 48 O 20
2315 1665 2 39 217 M 30
1665 1666 2 6 29 O 20
1666 1669 2 14 76 O 30
1669 1671 2 8 42 O 10
1671 1673 2 4 19 O 10
1673 1674 2 7 35 O 30
1674 7094 2 5 25 O 20
7094 1676 2 2 8 M 10
1676 7098 2 9 49 O 30
7098 5752 2 4 19 O 10
5752 2306 2 9 49 O 30
2309 2311 1 3 13 O 30
2311 2313 1 3 13 O 30
2313 2307 1 3 13 M 10
2307 2309 1 3 11 O 10
3967 491 1 33 180 O 10
2243 2322 1 13 67 M 30
2323 2324 1 11 58 O 10
5719 2459 1 12 65 O 10
4341 2331 2 2 6 O 30
7705 5710 1 17 91 O 20
4346 5709 1 4 21 M 30
2342 2344 1 60 333 O 10
2333 3733 1 45 0 C 0
3733 3647 1 47 259 O 20
2334 3728 1 35 192 O 20
3728 2332 1 45 0 C 0
2347 4063 1 12 66 M 20
4063 2346 1 14 77 O 10
2337 2339 1 7 35 O 20
2338 2336 1 6 30 M 30
2350 2351 1 15 83 M 30
5778 2349 1 15 78 M 20
2351 2353 1 11 61 O 10
6008 4657 1 3 0 C 0
1729 1728 1 6 0 C 0
7835 5761 1 20 106 M 30
2391 463 1 8 43 O 20
2373 2376 2 34 188 O 10
2372 2376 2 21 115 O 10
2376 2374 2 26 142 M 30
2374 2373 2 2 6 O 20
2373 2371 2 16 88 O 20
4886 4889 1 2 7 O 20
1976 2418 2 12 61 O 10
2418 2420 2 7 39 M 10
2420 2417 2 39 216 O 20
2417 2419 2 18 99 M 10
2364 2365 2 30 164 O 20
2365 2370 2 24 129 M 20
2374 2386 2 47 258 O 30
2386 2721 2 17 94 O 20
2721 2387 2 25 135 M 20
2387 2379 2 27 148 O 30
2707 2367 1 45 249 M 30
2367 2377 1 22 117 M 20
2369 2362 2 22 121 O 30
2382 2386 2 6 29 O 30
2366 2367 2 6 29 O 20
2037 2368 2 17 92 O 30
2703 2363 2 55 301 M 30
2363 2368 2 41 224 O 30
2368 2372 2 20 106 M 30
2372 2387 2 37 203 O 10
2419 2420 2 89 490 O 30
2378 2377 2 17 92 O 30
2416 2415 2 5 25 O 30
6014 4889 1 2 11 O 30
2395 2400 1 12 62 O 20
4886 2400 1 6 28 O 20
2407 6014 1 7 37 O 30
2363 2371 2 24 129 O 20
2371 2378 2 10 51 M 30
2378 2397 2 34 184 O 30
8393 422 2 4 17 O 10
422 7707 2 3 17 M 20
4547 2435 2 40 220 M 30
2435 2434 2 7 38 O 30
2434 1132 2 15 80 O 30
1132 2433 2 1 5 O 10
2423 2424 2 23 123 O 20
2426 2425 2 7 38 O 20
2431 2430 2 26 142 O 30
2437 120 2 14 74 O 30
7509 2428 2 9 0 C 0
2428 2956 2 26 0 C 0
2956 7507 2 35 0 C 0
2433 1123 2 1 5 M 30
1123 1352 2 23 124 O 30
1899 1415 2 26 140 O 30
1415 6608 2 6 31 O 20
7647 5323 2 31 171 O 10
5323 3369 2 15 83 O 20
3369 3383 2 18 95 M 10
3383 7646 2 41 225 O 10
7646 3436 2 16 83 O 20
3436 3463 2 32 176 M 30
3463 3490 2 32 173 O 10
3490 7648 2 15 83 O 30
6466 4244 1 16 87 O 20
5272 6466 1 18 96 M 20
2458 7917 2 12 66 O 20
7917 3839 2 15 79 O 10
3839 152 2 2 11 M 30
152 8247 2 14 77 O 20
8247 6108 2 2 7 O 30
7200 2457 1 2 6 O 30
2455 2454 1 6 28 M 30
2444 2446 2 36 195 M 30
2454 2453 1 5 25 O 30
2450 2451 1 9 48 M 30
6110 2456 2 13 67 O 30
383 1815 1 13 68 O 30
2447 2264 2 63 345 O 10
2317 2444 1 4 17 O 30
2452 8353 1 3 14 O 20
8353 2455 1 1 5 O 30
7301 488 1 13 71 O 10
5525 5535 2 23 123 M 10
5535 5544 2 22 118 M 10
5544 3864 2 21 113 O 20
2329 2460 1 13 69 M 20
2459 2326 1 13 69 O 30
2460 4784 1 28 153 O 10
6438 6694 1 25 137 M 10
6694 7184 1 31 167 O 20
7184 5234 1 52 285 M 20
1810 5567 2 26 140 O 10
5567 5552 2 13 70 M 20
5552 5569 2 14 73 O 10
5569 5551 2 26 140 O 20
5551 5526 2 14 76 M 30
5526 5270 2 6 30 M 20
5551 5549 2 71 391 O 20
5547 3862 2 50 275 O 20
5527 5547 2 25 135 M 10
5547 2472 2 22 122 O 10
2472 4874 2 22 118 O 30
4874 5589 2 18 100 M 20
2473 4248 2 28 154 O 20
4248 5975 2 15 81 O 10
5975 6181 2 18 95 O 30
6181 3987 2 12 65 O 30
3987 2474 2 74 409 M 30
5526 2471 2 28 153 M 20
5565 1017 1 11 58 O 30
2486 2485 2 4 22 O 30
2061 2492 2 37 204 O 30
2071 7763 2 95 523 O 20
7763 2481 2 8 39 O 10
2067 2491 2 62 339 O 30
2479 2482 2 47 0 C 0
2482 4606 2 19 0 C 0
4606 4605 2 19 101 O 30
4605 2677 2 18 100 O 20
2677 2072 2 48 261 O 20
2480 2490 2 57 314 M 20
2074 2490 2 18 98 O 10
2490 2489 2 49 268 O 20
2487 2484 2 19 103 O 10
4904 2481 2 16 84 O 30
2481 2482 2 15 83 O 10
2488 2486 2 15 82 O 30
2486 2483 2 19 104 M 10
3810 2477 2 55 301 O 10
2477 5300 2 60 331 M 20
7629 7607 2 6 31 O 10
7607 2495 2 15 82 O 30
2495 6777 2 14 74 O 20
6777 7674 2 2 7 M 30
7674 7626 2 15 83 O 10
7626 7625 2 15 83 O 10
7625 7635 2 15 82 O 30
7635 7633 2 15 83 O 10
7633 7628 2 16 84 M 30
2512 2513 1 3 14 M 20
899 2519 1 2 8 O 20
2519 898 1 3 13 O 30
898 2518 1 3 12 O 10
2518 897 1 3 12 M 30
897 899 1 2 6 O 20
2526 5436 2 19 103 O 30
5436 5451 2 5 23 O 20
5451 5435 2 12 65 O 30
5435 5449 2 14 74 O 30
5449 5434 2 2 10 O 10
5434 5441 2 15 81 O 20
5441 2525 2 6 32 M 30
2525 5442 2 9 50 O 10
5442 5446 2 13 70 O 30
5446 2642 2 3 15 O 20
2642 2524 2 18 96 O 20
2522 2523 1 3 13 O 30
2523 2521 1 3 12 M 10
2497 2496 2 77 423 O 20
2500 6294 2 13 71 M 10
2514 2513 2 30 166 O 20
2510 2509 2 17 93 O 10
2520 898 2 30 165 O 20
897 2517 2 30 165 O 30
2530 306 2 4 21 O 30
306 3154 2 19 101 M 30
3154 3150 2 25 134 M 30
3150 2529 2 26 140 O 30
2529 3147 2 26 142 M 20
3147 2528 2 22 121 O 30
4951 3347 2 26 144 O 10
3347 2523 2 31 171 O 20
2506 2505 2 15 79 O 30
2505 2504 2 14 76 O 10
2508 2509 1 2 9 O 10
2509 2507 1 2 8 O 30
2507 2506 1 2 7 O 10
2506 2508 1 2 9 M 10
2502 2503 1 2 10 O 20
2503 2501 1 2 9 O 10
2501 2500 1 2 9 O 10
2500 2502 1 2 10 O 20
2627 2278 2 78 428 O 10
249 2550 1 1 4 O 10
2564 2565 1 3 15 O 20
2565 2563 1 3 11 O 30
2575 2576 1 5 28 M 20
2576 2574 1 4 22 O 10
2574 2575 1 4 18 O 30
5315 2553 1 1 2 M 20
2511 5490 2 20 107 O 30
5490 3328 2 21 113 O 30
3328 3325 2 21 115 O 30
3325 3322 2 21 116 O 30
3322 5481 2 12 63 O 30
2569 4946 2 96 531 O 20
2550 3516 2 17 94 O 30
3516 3523 2 26 141 O 10
3523 3524 2 8 41 O 10
3524 3533 2 52 287 O 20
3533 8144 2 8 43 O 10
8144 3538 2 9 48 M 20
3538 5736 2 31 169 O 10
2564 3267 2 34 188 O 20
3267 3025 2 18 96 O 20
3025 3026 2 15 81 O 10
3026 2566 2 7 34 M 20
2566 3027 2 10 53 O 30
3027 3270 2 8 42 O 20
3270 3029 2 6 28 O 30
3029 3271 2 8 44 M 30
3271 3030 2 8 39 O 30
3030 3272 2 12 62 M 10
3272 447 2 7 39 O 20
2558 2559 2 53 291 O 30
2553 3555 2 18 100 M 10
2512 3331 2 20 110 O 20
3331 3332 2 21 115 O 30
3332 3333 2 22 118 O 10
3333 2576 2 13 71 O 30
2568 5376 2 11 59 M 20
421 1788 2 24 129 O 30
1788 3338 2 12 64 M 10
3338 3337 2 10 55 O 30
3337 3335 2 26 142 O 30
3335 3334 2 28 152 M 30
3334 2575 2 14 75 M 30
2562 683 2 6 28 O 30
683 8375 2 6 33 O 10
2542 3453 2 17 91 O 30
3453 3467 2 18 95 O 30
3467 3484 2 19 103 O 10
3484 7885 2 14 74 O 30
7885 2545 2 6 31 O 30
2546 3497 2 15 83 O 10
3497 5373 2 11 59 O 30
5373 5371 2 16 89 M 10
409 3424 2 45 247 O 10
3424 4383 2 28 151 M 20
4383 5514 2 36 196 O 10
5314 7886 2 4 18 O 20
7886 5796 2 9 47 O 20
5796 2548 2 5 24 O 10
2548 3515 2 10 53 O 20
3515 3521 2 7 39 O 20
3521 3540 2 28 151 O 30
3540 2552 2 13 72 O 30
2565 3028 2 15 79 O 30
3028 2583 2 25 135 O 10
2583 3036 2 15 81 O 10
3036 5977 2 4 20 O 10
5977 3040 2 14 76 O 10
3040 7127 2 15 79 O 10
7127 2571 2 8 43 M 30
2465 2614 1 15 78 O 20
5605 2592 2 43 237 O 20
2592 2593 2 22 118 O 10
3086 5604 2 30 0 C 0
2624 2623 1 2 8 O 20
2623 2621 1 3 12 O 20
2621 2620 1 2 10 M 10
2620 2622 1 3 12 O 30
2622 2624 1 1 2 O 10
2623 3510 2 14 77 O 30
3510 2625 2 18 99 O 10
6541 2618 1 2 8 M 20
2618 2619 1 2 10 O 20
2619 2617 1 2 10 M 10
2617 2616 1 2 10 M 10
2616 6541 1 1 4 O 30
3581 2631 2 66 365 M 30
2619 3471 2 15 78 O 10
3471 3488 2 16 85 O 30
3488 2620 2 15 79 O 20
7606 5859 2 4 19 O 30
2637 3588 2 22 121 O 20
3588 3587 2 4 18 M 10
3587 3586 2 26 141 M 30
3586 3581 2 28 152 M 20
2442 3368 2 22 120 O 20
3368 2306 2 10 53 O 10
2306 4500 2 7 35 M 30
4500 3395 2 16 86 O 10
3395 2301 2 11 60 O 10
5726 5437 2 19 104 O 20
5437 6336 2 12 64 O 30
6336 2652 2 7 35 O 30
2652 2651 2 18 97 O 20
2651 2650 2 16 88 M 10
2650 2649 2 2 7 M 20
2649 5440 2 15 82 M 30
5440 5443 2 15 83 O 20
5443 5444 2 16 85 O 10
5444 5245 2 9 45 O 30
5444 2643 2 44 242 O 30
2643 2642 2 40 222 O 30
2643 2644 2 16 85 O 30
2644 2645 2 15 82 M 10
2645 2646 2 15 82 M 10
2646 2647 2 17 89 O 10
2647 2648 2 17 91 O 10
2658 2659 2 12 63 O 30
5433 5426 2 15 0 C 0
5426 5432 2 16 0 C 0
5431 5429 2 8 39 M 20
5429 5430 2 20 109 O 20
5430 4388 2 3 15 O 30
4388 5428 2 62 342 O 30
5428 2657 2 4 18 O 30
2666 4981 2 18 0 C 0
2146 3690 2 27 0 C 0
2664 5026 2 38 0 C 0
2663 5051 2 18 0 C 0
2661 2152 2 42 0 C 0
506 2665 1 1 0 C 0
6134 2661 1 2 0 C 0
2661 2663 1 3 0 C 0
2663 2664 1 3 0 C 0
2664 2662 1 4 0 C 0
2662 6134 1 2 0 C 0
2687 4247 2 49 269 O 20
5033 1720 2 8 40 O 30
1720 4542 2 6 29 O 30
4542 2684 2 3 12 O 20
2686 2685 2 10 51 M 20
2669 311 2 3 11 M 10
2698 5030 2 43 235 O 10
6053 2678 2 20 110 O 10
4672 4734 1 11 57 O 10
2672 2675 2 39 217 M 20
2676 6161 2 5 24 M 10
6161 2675 2 15 80 M 20
2675 4902 2 37 201 O 30
1905 2694 2 15 82 O 10
2694 3654 2 17 93 M 20
3654 3657 2 19 104 M 10
2696 4247 2 31 168 O 30
4247 2694 2 19 102 O 20
2690 2688 2 11 58 O 20
2688 2687 2 16 89 O 10
4903 2480 2 21 115 O 20
2480 2483 2 17 90 O 30
2483 2484 2 15 81 O 10
2484 4055 2 18 97 O 30
4055 7216 2 10 51 O 10
2671 2672 2 38 210 O 10
2672 4028 2 30 164 O 30
2695 2697 1 2 10 M 10
2688 2693 2 35 192 M 20
2691 2692 1 3 14 M 30
2681 4538 2 8 41 M 20
4538 2682 2 16 84 M 30
2704 2711 2 63 348 O 20
2711 2717 2 19 104 O 20
472 2713 2 17 91 O 30
2713 2714 2 17 92 O 20
2714 2717 2 44 243 O 10
2717 2718 2 20 109 O 30
2009 2709 2 21 113 O 10
2715 2720 2 8 42 O 10
2710 2711 2 47 256 O 10
2716 2721 2 8 41 O 30
2705 474 2 3 13 O 20
474 2706 2 17 91 O 10
2702 2708 2 17 92 M 30
2708 7269 2 14 76 O 20
7269 2709 2 9 48 O 20
2701 2704 2 14 73 O 20
2704 2718 2 66 365 O 10
2700 2710 2 61 336 M 30
2710 2714 2 16 88 M 10
2712 7268 2 26 142 O 10
7268 2709 2 6 31 M 20
2021 2699 2 40 222 O 10
2703 2024 2 11 58 M 30
2024 2702 2 22 118 O 30
2375 2707 1 55 303 O 30
2384 2715 2 56 307 O 10
2715 2712 2 4 20 M 20
2757 2751 2 28 152 O 30
2751 2750 2 11 57 O 20
2750 2748 2 15 83 O 20
2748 2749 2 51 278 O 10
2755 2762 2 13 68 M 10
2772 2768 2 14 76 O 20
2768 5964 2 44 242 O 30
5964 5966 2 3 12 O 10
5966 2772 2 39 213 O 30
2772 2774 2 23 123 O 10
2774 2767 2 13 70 M 30
2767 2750 2 26 142 O 20
2737 8139 2 37 202 M 30
8139 5943 2 19 105 O 30
5943 5944 2 55 302 O 20
5944 5945 2 20 106 O 20
2747 2754 2 22 120 O 20
2805 2806 2 33 178 O 30
2801 2802 2 58 322 O 30
2804 7849 2 57 315 O 30
7849 2801 2 17 94 O 10
2801 2795 2 17 92 O 20
2782 2789 2 11 60 O 10
2785 2787 2 9 46 O 10
2792 2796 2 14 74 O 10
2768 2766 2 8 42 O 20
2767 5959 2 20 109 O 30
2763 2775 2 20 107 O 30
2764 2777 2 56 306 O 30
2753 2752 2 6 33 M 30
2784 2791 2 25 135 O 10
2771 2778 2 17 90 O 20
2794 2791 2 37 204 O 10
2791 2790 2 59 324 O 30
2741 2748 2 14 73 O 10
2730 2732 2 6 32 O 30
2781 2788 2 11 58 O 20
2743 2751 2 17 89 O 10
2735 2734 2 16 84 M 20
2737 2738 2 16 88 O 20
2738 2739 2 28 152 O 10
8139 2727 2 17 89 O 30
2727 2726 2 12 63 O 30
2761 5268 2 22 122 M 30
2744 2743 2 11 60 O 30
2743 2742 2 12 64 O 20
2758 2731 2 78 431 M 20
2731 2730 2 15 80 M 20
2730 5950 2 15 79 O 20
5950 2729 2 14 77 O 10
2729 2734 2 15 83 M 30
2734 2738 2 16 89 O 20
2803 2806 2 47 259 M 30
2806 2808 2 15 80 M 30
2808 4684 2 25 136 O 30
2774 5268 2 16 88 M 10
5268 2775 2 15 78 O 10
2759 2758 2 17 91 O 10
2758 2756 2 17 92 M 10
2740 5956 2 19 102 O 20
5956 2753 2 22 118 O 20
2753 5960 2 15 81 O 10
5960 2770 2 15 78 O 20
2812 4684 2 25 135 O 30
4684 2811 2 58 317 M 10
2762 2760 2 16 86 O 30
995 4922 2 40 220 O 20
4922 4921 2 16 86 O 30
4921 4908 2 18 98 M 20
4908 5952 2 30 163 O 10
5952 2725 2 53 293 O 30
2725 4913 2 18 97 O 30
4913 2724 2 11 56 O 30
2724 2723 2 34 185 O 10
2723 4907 2 22 119 O 20
4907 2722 2 11 59 O 30
2722 5943 2 7 37 O 30
2814 2813 2 46 252 O 30
2809 2805 2 19 105 O 30
2805 2803 2 17 93 O 30
2803 2798 2 17 93 O 30
2810 2809 2 18 96 M 30
2809 2808 2 36 197 O 20
2736 2739 2 13 68 M 20
5945 6588 2 12 62 O 10
6588 2759 2 92 506 O 30
6668 2757 2 36 200 O 20
2757 451 2 23 128 O 20
2733 4544 2 97 534 O 10
5955 2741 1 55 303 M 10
5969 2770 2 16 84 O 30
2770 2769 2 22 122 O 20
1995 2807 2 42 230 O 30
2726 2765 2 121 672 O 30
2765 2773 2 17 91 O 30
8272 2802 2 15 80 O 10
2802 2804 2 17 92 O 20
2804 2810 2 19 103 O 20
2810 2811 2 17 92 O 30
2811 2039 2 16 86 M 30
7236 7243 2 33 179 O 30
2800 7847 2 13 67 O 20
7847 1417 2 3 12 O 10
1417 1393 2 40 217 O 10
1393 2812 2 18 95 O 30
2812 2012 2 16 86 O 10
2727 2733 2 25 134 O 10
2733 4016 2 33 183 O 20
4016 2746 2 23 124 O 20
2746 4544 2 36 198 O 10
4544 2765 2 17 92 O 20
2784 2782 2 16 88 O 20
2782 2781 2 13 67 O 10
2781 2783 2 7 38 O 20
2783 2785 2 13 67 O 30
2785 2790 2 25 137 O 30
2790 2792 2 36 197 O 30
2792 2794 2 58 322 O 30
2794 2793 2 23 123 O 20
7124 4593 2 7 36 M 30
4593 2822 2 18 97 O 30
2825 2821 2 36 194 O 10
2821 4677 2 18 97 M 20
4677 4675 2 3 15 O 10
4675 4681 2 17 93 O 20
4682 4676 2 13 69 O 10
4676 2820 2 21 112 O 30
2820 187 2 10 51 O 30
187 2824 2 27 147 M 10
2819 2820 2 20 111 O 10
2820 2821 2 21 112 O 20
2821 2822 2 22 119 O 30
2822 2823 2 18 97 O 20
7444 2823 2 16 88 O 10
6697 2834 2 8 43 O 30
5310 2832 2 31 168 M 10
5311 2826 2 3 11 O 10
5259 4638 2 10 52 O 30
4638 2829 2 8 41 O 10
2829 4639 2 10 52 O 20
4639 133 2 11 57 M 30
5305 1300 2 7 38 O 10
1300 1298 2 10 50 O 10
1298 5304 2 32 175 O 20
2331 4642 2 22 120 M 30
4642 6641 2 14 77 O 30
6641 6609 2 20 111 M 30
1922 7161 2 18 100 O 20
7161 2850 2 10 55 O 10
2830 8199 2 39 212 O 30
8199 2836 2 10 51 M 20
2846 2844 1 7 34 O 20
2844 2842 1 5 24 O 30
2845 2846 1 7 34 M 20
1898 5295 1 12 67 O 10
2828 2835 2 47 261 O 30
6923 5293 2 15 83 O 30
2837 2831 2 48 265 O 20
8204 2832 2 10 52 O 30
2832 4352 2 15 83 O 20
5257 5313 2 13 69 O 20
5313 4678 2 10 52 O 10
4678 134 2 7 38 O 20
4848 4847 1 16 86 O 10
5304 7757 2 14 76 O 20
7757 2838 2 8 40 O 30
2838 5256 2 2 7 M 30
2847 2840 1 14 73 O 20
2828 2830 2 20 111 O 20
5289 2467 1 3 15 O 20
5295 415 2 40 220 O 10
2841 6924 2 16 84 M 10
6924 6424 2 24 132 M 30
6424 2835 2 7 33 O 30
5312 8216 2 19 103 M 30
8216 8203 2 2 9 O 10
7542 5703 2 9 44 O 20
5703 2849 2 4 17 O 30
4340 8186 1 7 37 O 30
2887 2889 1 2 10 O 30
2889 2890 1 3 12 O 30
2890 2888 1 3 12 O 30
2888 5288 1 3 13 O 10
5288 2887 1 1 4 O 10
2873 2886 2 28 153 M 20
2886 6623 2 15 78 O 30
2871 765 1 1 4 M 20
765 2873 1 2 9 O 10
2873 2872 1 2 8 O 30
2872 2870 1 2 8 O 20
2870 2871 1 1 3 O 20
2903 2906 2 12 63 M 20
2906 2907 2 25 136 O 20
2907 2909 2 31 169 O 30
2909 2903 2 69 382 O 20
2903 6625 2 3 16 O 20
6625 2902 2 10 53 O 20
2902 2901 2 4 20 O 10
2861 2853 1 17 90 O 10
2853 2854 1 8 39 O 20
2854 2861 1 7 37 O 20
2895 2891 2 12 63 O 10
2891 2885 2 14 78 O 30
2885 2884 2 8 41 O 30
2884 2883 2 8 44 O 20
2883 2882 2 16 85 O 10
2882 2880 2 20 107 O 30
2880 2881 2 39 216 O 30
2881 2888 2 7 38 O 30
2898 2905 2 10 52 O 10
2878 2879 2 20 111 O 10
2859 2852 2 16 86 O 20
2863 2855 2 8 41 O 20
2876 2885 2 19 105 O 30
2894 2902 2 21 113 O 20
2874 2883 2 23 124 O 10
2896 2895 2 24 128 O 20
2868 2882 2 26 139 M 30
2870 2862 2 19 104 O 30
2862 2858 2 61 336 O 30
2858 2864 2 7 34 O 10
2864 5232 2 17 89 O 20
2877 2875 2 18 95 O 30
2875 765 2 17 92 O 20
2872 2869 2 16 84 O 20
2865 2891 2 39 214 O 30
2860 7149 2 25 139 M 20
7149 2879 2 5 26 O 30
2879 1405 2 2 8 O 30
1405 1404 2 3 14 M 10
1404 1399 2 7 39 O 30
1399 1398 2 3 13 O 10
1398 1409 2 8 40 O 10
1409 2896 2 4 17 O 20
2886 2899 2 24 132 O 10
502 175 2 10 52 M 20
175 763 2 15 80 O 20
763 2900 2 7 38 O 30
2900 2895 2 18 98 M 10
6622 2901 2 19 104 O 10
2901 6621 2 18 97 O 20
6621 2910 2 10 54 O 10
2856 2880 2 42 231 O 20
2890 2897 2 28 154 M 20
2875 967 2 50 277 O 20
967 2904 2 1 3 M 30
2884 2898 2 29 158 O 30
2898 2900 2 16 88 O 30
2881 2866 2 33 178 O 20
2877 11 2 41 227 O 10
11 7809 2 7 38 O 10
2864 766 2 8 43 M 20
766 2858 2 7 38 M 20
2865 4884 2 25 138 O 30
4884 2863 2 14 78 O 10
2863 2859 2 16 88 O 20
2859 2856 2 7 36 O 20
2869 5288 2 40 217 O 10
2906 2908 1 13 68 O 30
2908 2907 1 29 159 M 10
2933 2941 2 33 182 O 20
5298 4956 2 20 110 O 10
4956 4968 2 32 176 O 30
4968 5398 2 10 52 O 20
5398 2953 2 19 102 O 30
2953 875 2 4 18 O 30
7240 2945 2 33 182 O 10
2945 2949 2 17 89 O 20
2949 2951 2 21 113 O 20
2918 2922 2 20 107 O 10
2922 2926 2 21 113 O 30
2926 7266 2 38 211 O 30
2917 266 2 22 121 O 20
266 2914 2 36 197 M 10
2914 2913 2 43 235 M 30
2610 2918 2 15 81 O 10
2918 2919 2 3 12 M 30
7227 2942 2 16 87 O 10
2942 2947 2 27 148 M 10
2947 1593 2 16 88 O 30
1593 2537 2 26 140 O 30
77 2932 2 50 273 O 20
2932 2929 2 20 108 O 20
2930 6634 2 4 21 O 10
6634 2933 2 11 56 O 20
2926 2928 2 20 108 M 10
2932 2938 2 27 148 O 10
2949 2948 2 8 39 O 10
2914 2916 2 16 87 M 30
2946 2945 2 11 58 M 20
5393 5394 2 19 105 O 20
2922 2923 2 25 134 O 30
2923 2924 2 40 221 O 10
6596 786 2 2 6 O 30
786 4962 2 8 40 O 30
4962 5402 2 29 156 O 10
5402 7235 2 22 119 O 10
7235 7233 2 4 18 O 10
5401 2950 2 18 96 O 10
2941 2942 2 33 180 O 10
2941 2947 2 43 235 M 20
2940 2943 2 18 98 O 20
2921 5414 2 48 261 O 10
7228 2933 2 54 297 M 10
2936 2931 2 36 199 O 10
2917 2927 2 63 349 O 10
2913 2915 2 14 75 O 10
2915 5254 2 16 87 O 30
2923 2928 2 25 137 M 10
2928 7239 2 38 206 O 20
2944 757 2 5 26 M 20
757 2939 2 68 373 O 30
4358 5263 2 8 40 O 10
5263 70 2 13 70 O 10
2915 2916 2 45 247 O 10
2916 2917 2 55 305 O 10
2937 2929 2 31 169 M 20
2920 2924 2 17 89 O 20
2924 2935 2 50 274 O 10
7267 6632 2 9 46 O 20
6632 2940 2 13 67 O 20
2940 7238 2 8 43 O 20
5607 2961 2 10 55 O 20
2961 2963 2 16 88 O 30
2963 2970 2 30 165 O 30
2961 2962 2 14 74 M 20
2962 2967 2 15 83 M 30
2967 1578 2 30 164 O 30
3015 3016 2 13 0 C 0
2982 2980 2 13 72 M 10
7250 2988 2 16 88 O 30
2988 2986 2 6 29 O 30
2986 2984 2 11 56 O 10
2984 2985 2 11 58 O 10
2985 118 2 13 67 O 30
118 2983 2 4 19 O 20
2992 2995 2 18 100 O 10
2995 2996 2 8 40 O 20
2996 2999 2 11 56 M 20
2999 6449 2 11 58 O 20
6449 3000 2 13 68 O 30
2972 2976 2 18 97 O 20
2964 2967 2 7 38 M 30
5396 7506 2 13 68 O 20
3022 3024 2 10 51 O 30
2995 2997 2 12 66 O 20
2971 2969 2 7 35 O 10
2986 2990 2 11 59 O 20
3012 3009 2 27 146 O 20
3015 1830 2 12 0 C 0
1830 3014 2 11 0 C 0
2991 2989 2 18 95 O 30
2999 5609 2 16 87 O 10
2994 2992 2 18 97 M 10
5979 2978 2 59 324 O 20
2979 2984 2 16 85 O 10
2975 2980 2 25 135 O 20
2985 2991 2 21 112 O 20
2991 2992 2 8 41 O 10
2966 2965 2 13 69 O 10
2968 2973 2 17 94 O 30
3007 3005 2 23 126 O 10
3011 3008 2 30 165 M 20
2963 2960 2 41 223 O 20
2962 2974 2 39 212 M 20
2993 2996 2 49 268 M 30
2981 2988 2 22 117 O 10
2959 2958 2 113 624 O 10
2960 2965 2 17 93 O 30
2965 2969 2 14 73 M 30
3025 3028 2 68 375 M 30
3092 3098 2 23 123 O 20
3098 3105 2 36 195 O 20
3105 3108 2 7 38 O 20
3108 3110 2 17 92 O 20
3110 3111 2 41 224 M 30
3094 3107 2 58 320 M 20
3107 3109 2 42 233 O 10
3109 3108 2 9 48 O 30
3027 3042 2 63 349 O 10
3087 3084 2 16 87 O 10
3041 3059 2 32 174 O 20
3029 3043 2 63 350 O 30
2589 3070 2 17 91 O 20
3107 3106 2 10 50 M 30
3076 3090 2 27 146 M 20
3052 3060 2 17 90 O 20
3049 4891 2 10 54 M 10
3075 3074 2 15 0 C 0
3078 3091 2 27 147 O 10
3057 3088 2 97 534 O 20
3096 3099 2 12 63 O 20
3114 3112 2 9 48 M 10
3083 3082 2 10 51 O 20
3039 3062 2 58 320 O 10
3080 6221 2 16 88 O 10
3069 3068 2 54 297 O 30
3035 3033 2 58 320 O 20
3033 3026 2 32 173 O 20
3073 3071 2 53 294 M 20
3117 3113 2 30 163 O 20
3054 3061 2 17 92 O 20
3065 3064 2 5 26 M 10
3064 3063 2 37 201 O 10
3074 3086 2 24 0 C 0
3072 3075 2 6 31 O 20
3075 3079 2 8 39 O 30
3058 3050 2 16 84 O 30
3050 3048 2 3 13 O 30
4906 3032 2 22 120 M 30
2572 3063 2 15 78 M 10
3063 3066 2 14 76 M 20
3081 3082 2 6 29 O 30
3082 3085 2 5 24 M 30
3045 3047 2 2 8 O 30
3047 3056 2 16 87 O 20
3030 3039 2 53 290 O 20
3039 3044 2 11 60 O 30
3044 3055 2 14 75 O 30
3050 3047 2 15 80 O 20
3037 3046 2 17 92 M 30
3046 3053 2 8 44 O 20
3067 3066 2 37 201 O 30
3066 3068 2 33 181 M 10
3068 3071 2 16 84 O 20
3071 3089 2 41 222 O 30
3100 3102 2 25 135 O 10
3102 3101 2 18 97 M 20
3103 3104 2 39 215 M 20
3036 3051 2 67 372 O 10
2583 3032 2 17 89 M 10
3032 3031 2 15 83 O 20
3044 3043 2 15 82 O 20
3043 3042 2 15 81 O 20
3042 3041 2 15 79 O 20
3041 3038 2 44 244 O 10
3090 3097 2 27 146 O 20
3097 3100 2 12 64 O 10
3100 3103 2 16 84 O 30
3103 3105 2 17 90 O 10
3098 3099 2 22 122 O 20
3099 3097 2 16 85 M 30
3097 3095 2 29 160 M 10
3064 3067 2 14 76 M 20
3067 3069 2 15 83 O 20
3069 3073 2 15 83 O 30
3073 3083 2 21 111 O 10
3083 3093 2 20 111 O 30
3040 3038 2 33 178 M 10
3038 3035 2 16 87 O 10
3035 3034 2 8 40 O 20
3034 3033 2 52 283 O 20
3109 4688 2 17 94 M 30
4688 3118 2 49 271 O 20
3111 3113 2 15 83 M 30
3113 3115 2 4 19 O 30
3110 3114 2 22 118 O 10
3114 3117 2 18 100 O 30
3117 3118 2 7 34 O 30
3118 6083 2 14 73 O 30
6244 3101 2 41 226 M 20
3101 3116 2 75 415 O 30
3159 4878 2 31 169 O 20
4878 4879 2 16 87 M 10
4879 3165 2 17 89 O 10
3165 3166 2 21 115 O 10
3143 4876 2 21 113 O 30
4876 3163 2 35 192 M 30
3163 3166 2 7 34 M 20
3126 3155 2 75 413 M 30
3155 3162 2 20 111 O 10
3132 3133 2 22 120 O 30
3133 3134 2 3 12 O 30
3134 3136 2 20 108 O 30
3136 1231 2 16 88 O 30
1231 1238 2 2 10 O 10
1238 1236 2 6 29 O 20
1236 3131 2 15 79 O 20
3143 305 2 3 14 O 20
305 3149 2 12 62 O 30
3149 3151 2 11 56 O 30
3151 3153 2 4 17 O 30
3153 3159 2 53 289 O 10
3159 3160 2 5 25 O 20
3160 1931 2 13 71 O 30
4092 497 2 25 134 O 20
251 114 2 44 244 O 10
3123 3133 2 50 272 O 30
3120 3130 2 58 318 O 30
3138 4951 2 40 218 M 30
3156 2325 2 17 94 M 20
5244 5243 2 21 111 O 20
4935 3136 2 38 210 M 10
3134 306 2 58 318 M 10
3127 3147 2 55 301 O 20
3147 5723 2 37 201 M 30
3125 5452 2 47 257 O 30
3144 3148 2 12 62 O 30
3148 3151 2 15 78 O 20
3129 3150 2 56 306 M 10
3150 3167 2 37 202 M 30
5249 5246 2 15 83 O 20
3158 8012 2 2 9 M 30
8012 3161 2 12 64 O 30
3161 5458 2 15 81 O 30
3139 5476 2 15 80 O 20
5476 5479 2 30 162 O 10
3135 7485 2 27 149 O 30
250 3128 2 13 69 O 20
3128 2529 2 55 304 O 30
2529 4973 2 15 79 M 20
4973 3164 2 22 121 O 20
3152 3148 2 44 243 O 10
3145 3156 2 24 130 O 10
3156 5243 2 39 212 O 30
3122 3132 2 55 305 O 30
3132 3154 2 56 309 O 20
3154 5242 2 37 201 O 20
3146 3152 2 13 71 O 10
3152 3160 2 27 147 O 20
3153 3165 2 33 183 O 10
1928 1909 2 23 126 O 30
1909 3146 2 23 124 M 20
3146 3144 2 34 184 O 10
3144 305 2 33 179 O 10
3149 3163 2 47 260 O 20
3137 8014 2 2 10 O 30
8014 3142 2 21 113 O 20
2049 6558 2 22 117 O 10
7932 3205 2 28 154 O 10
3205 5240 2 30 162 O 10
5240 3220 2 35 191 O 20
3220 3219 2 2 10 M 20
3219 3215 2 27 144 O 30
3172 3171 2 65 356 O 20
3200 3210 2 38 208 M 30
3218 3224 2 13 69 O 30
3224 3230 2 10 52 O 30
3230 3229 2 3 17 O 10
3229 3224 2 6 29 O 30
6871 4525 2 5 24 M 30
3238 3231 2 38 209 O 10
3214 3225 2 26 142 O 30
3179 3189 2 28 151 O 20
3181 7125 2 17 91 M 20
7125 3188 2 9 49 O 10
3174 3173 2 47 257 O 20
5239 3228 2 24 133 M 30
3234 6211 2 29 158 O 10
6211 3232 2 18 97 O 20
3193 6565 2 17 92 M 10
3182 3190 2 25 134 O 20
3170 3173 2 20 109 O 20
3173 5237 2 27 148 O 20
3176 4853 2 2 9 O 20
3236 3241 2 47 260 O 30
3206 3210 2 5 27 O 20
3210 4950 2 16 84 O 20
3193 3192 2 44 240 O 20
3192 5238 2 11 56 O 10
5238 2320 2 34 186 O 20
6871 6289 2 30 163 M 20
6289 5237 2 49 272 O 30
3178 3183 2 59 326 M 20
3184 3180 2 43 236 O 10
3237 3243 2 69 379 O 10
3242 3244 2 24 131 O 30
3233 1479 2 36 198 O 10
1479 1477 2 9 47 O 10
1477 3227 2 31 170 M 10
6561 3211 2 19 102 O 10
3211 3212 2 3 13 O 10
3192 4457 2 11 57 O 10
4457 4443 2 69 378 M 20
4443 3183 2 19 104 O 20
5237 3177 2 76 421 O 30
3185 3187 2 18 97 O 10
3187 3189 2 14 73 M 10
3189 3190 2 20 109 O 10
3190 3314 2 3 11 O 30
3314 3188 2 17 94 O 30
3188 3311 2 5 27 O 10
3311 3186 2 18 98 M 20
2050 3217 2 5 25 O 10
6563 3207 2 17 91 M 30
3207 3208 2 4 21 O 10
3207 5658 2 16 86 O 10
5658 3211 2 22 121 O 10
3175 3176 2 10 50 O 20
3176 6329 2 17 93 O 20
6329 6292 2 2 7 M 10
6292 5237 2 60 332 O 30
4463 3191 2 28 152 M 30
3191 1290 2 16 85 O 30
1290 3183 2 11 57 O 20
3221 3218 2 24 133 O 20
3218 3216 2 73 402 O 10
3216 3214 2 17 89 O 20
3214 3213 2 16 84 M 30
3227 3234 2 26 142 O 10
3234 6208 2 12 66 O 10
6208 3121 2 8 43 M 30
1001 3172 2 12 62 O 30
3172 6288 2 13 69 M 30
6288 3171 2 20 110 M 10
3171 3170 2 27 146 O 10
5657 6292 2 19 104 M 10
494 5241 2 3 13 O 10
5241 6542 2 8 41 O 20
6542 6504 2 1 5 M 20
6504 6477 2 21 113 O 20
6477 6538 2 29 160 O 10
6538 6548 2 5 23 O 30
6548 6509 2 4 22 O 30
6509 6545 2 2 10 O 10
6545 6511 2 11 60 O 10
6511 3231 2 32 174 O 30
3240 6494 2 4 20 O 10
6494 6482 2 11 61 O 20
6482 6487 2 7 36 O 10
6487 4091 2 7 36 M 10
4091 6486 2 4 17 O 10
6486 6514 2 2 9 O 20
6514 6526 2 6 29 O 30
6526 6521 2 4 19 O 20
6521 6518 2 6 30 O 10
6518 3238 2 18 96 O 10
3232 4626 2 22 120 O 20
4626 255 2 11 60 O 10
4457 5238 2 6 30 O 30
5238 6550 2 32 177 O 20
6745 3226 1 5 25 M 20
3220 3215 2 45 248 O 30
3215 3222 2 22 118 O 10
3222 3219 2 29 161 O 10
107 3186 2 4 17 O 20
3186 8346 2 35 194 O 30
3196 8335 1 2 11 O 30
8335 4462 1 1 1 O 30
4462 8332 1 2 10 O 20
8332 8330 1 1 2 O 20
8330 8331 1 3 16 O 20
8331 3195 1 3 11 O 10
3195 3196 1 2 7 O 30
2579 3245 2 20 110 M 10
3245 3246 2 21 115 M 30
3246 3250 2 49 267 O 10
401 6162 2 4 21 O 30
6162 5899 2 9 47 O 30
5899 5889 2 2 11 M 10
3303 7912 2 10 53 O 20
7912 5620 2 2 9 O 30
3248 3603 2 36 195 O 20
3603 3604 2 39 215 O 20
3258 5508 2 35 192 O 10
3314 3319 2 9 45 M 10
3251 3256 2 24 130 O 10
3307 7911 2 4 17 O 30
7911 3300 2 25 137 O 20
3247 3597 2 36 195 O 10
3597 2158 2 39 213 O 10
2515 6138 2 94 518 O 30
3311 3324 2 18 99 M 30
3335 3339 2 38 207 O 30
5363 6222 2 32 176 O 30
6222 3290 2 4 20 O 20
3290 7255 2 39 214 O 20
3337 4583 2 36 197 O 20
2519 1212 2 15 79 O 30
1212 1313 2 27 145 O 10
1313 1311 2 3 16 O 30
1311 6140 2 20 111 O 30
6140 429 2 27 146 O 20
3261 3265 2 16 86 O 30
3265 3267 2 16 88 O 20
3334 6411 2 16 89 O 30
6411 6400 2 11 60 O 10
6400 4577 2 10 50 M 10
2521 4696 2 42 228 O 20
7257 6935 2 13 71 O 30
6935 3338 2 27 149 O 20
4587 4610 2 15 80 O 20
4610 4609 2 4 18 O 10
4609 3341 2 14 77 O 30
65 3261 2 9 47 O 20
3261 3263 2 39 214 M 30
3266 3265 2 39 213 O 20
3265 3264 2 35 193 O 10
3315 3326 2 56 308 M 20
430 6141 1 18 99 O 20
3295 3300 2 9 48 O 10
3300 3308 2 10 54 M 20
8334 5615 2 7 37 O 30
8333 5614 2 9 46 O 30
3340 142 2 53 290 O 20
3259 3262 2 15 80 O 30
4433 4435 2 21 113 O 10
4435 3284 2 2 6 O 10
3284 3286 2 21 111 O 30
3286 2501 2 21 112 O 20
5489 4433 1 15 83 O 10
2502 4438 2 20 107 M 10
4438 3288 2 1 5 O 30
3288 6316 2 21 111 O 20
6316 6317 2 1 5 O 20
6317 4441 2 20 111 O 20
4441 3292 2 1 5 O 10
3292 3294 2 21 113 O 10
3294 5485 2 20 110 O 30
3340 4694 2 31 171 O 30
3279 3287 2 16 85 O 10
3287 3294 2 15 83 O 10
3294 3305 2 15 82 M 10
3271 3257 2 60 333 O 20
3257 4407 2 17 89 O 30
140 3306 2 19 100 O 30
3604 3250 2 34 186 O 10
3250 3249 2 16 88 O 20
3249 3245 2 57 314 O 10
2508 4459 2 20 108 O 20
4459 3321 2 1 5 M 10
3321 4460 2 21 112 O 20
4460 3323 2 1 4 O 20
3323 4461 2 20 110 O 10
4461 3327 2 1 5 M 10
3327 3329 2 20 110 O 30
6298 4442 2 20 108 O 10
4442 3293 2 2 6 M 10
3293 4440 2 20 109 O 20
4440 3291 2 2 6 O 20
3291 4439 2 20 111 O 20
4439 3289 2 1 5 M 20
3289 4437 2 21 113 O 30
4437 4436 2 22 117 O 20
3246 3249 2 37 203 O 20
3304 1210 2 44 241 O 30
1210 3315 2 3 14 O 10
3315 1766 2 12 63 O 20
1766 7259 2 5 22 O 10
3254 3270 2 77 424 O 10
2585 3306 2 21 117 M 30
3306 4454 2 21 112 O 20
4454 3310 2 2 7 O 20
3310 4456 2 20 110 M 20
4456 3312 2 2 6 O 20
3312 3316 2 21 113 O 30
3316 2507 2 20 111 M 30
3284 3276 1 15 83 O 10
3252 3255 2 25 135 O 20
3253 3254 2 13 69 O 10
3254 4407 2 15 82 O 20
4407 3255 2 2 8 O 20
3255 3256 2 27 149 O 30
3256 2581 2 15 79 O 30
2522 755 2 80 441 O 30
755 505 2 1 4 O 20
505 756 2 4 21 O 30
756 3344 2 6 28 O 30
5484 3305 2 13 71 M 10
3332 4460 2 20 109 M 10
3277 3285 2 16 84 O 30
2566 3266 2 16 88 O 10
3266 3263 2 16 87 M 30
3263 3258 2 16 86 O 30
3258 3253 2 30 162 O 10
3331 4459 2 20 109 M 30
3257 3259 2 24 132 O 20
3259 3272 2 52 284 O 10
6141 6142 1 7 34 O 30
6142 8003 1 6 33 O 30
8003 6143 1 8 40 O 30
6143 3343 1 9 46 O 20
2570 6241 2 96 528 O 30
4599 5271 1 11 61 O 20
3532 3547 2 35 190 O 10
3547 3550 2 18 98 O 30
3550 3556 2 20 111 O 30
3556 3549 2 32 176 O 10
3549 3544 2 8 44 M 20
3544 3538 2 8 44 O 20
3367 3394 2 46 250 O 30
3394 3410 2 14 74 O 30
3410 3424 2 31 167 O 30
3555 3561 2 16 84 O 10
3561 3564 2 22 118 O 30
3564 3567 2 18 96 O 10
3567 3568 2 14 74 M 20
3568 3573 2 19 102 O 10
3564 3577 2 23 123 O 20
3577 3580 2 22 117 O 10
4854 3528 2 88 486 O 30
3528 3516 2 17 92 O 20
3493 3508 2 35 190 O 20
3508 3512 2 15 79 O 30
3512 3513 2 16 87 O 30
3513 3514 2 14 77 M 20
3584 7428 2 22 119 O 30
7428 3567 2 54 295 M 30
3351 3356 2 15 79 O 20
3356 3357 2 3 12 O 30
3357 3363 2 14 74 O 30
3363 3373 2 16 87 M 30
3373 3387 2 16 84 O 10
3387 3404 2 16 86 M 30
3404 3409 2 3 16 O 20
3409 3423 2 13 69 O 10
3423 3435 2 16 86 O 20
3435 3444 2 16 84 M 10
3444 3454 2 15 81 O 10
3434 3458 2 32 174 M 20
3562 3581 2 48 265 O 30
3378 3385 2 27 149 O 10
3541 3551 2 80 442 O 10
3476 3494 2 28 154 O 20
3512 3523 2 17 90 M 20
2548 3509 2 12 67 M 10
3493 3491 2 17 91 O 10
3445 3443 2 13 69 O 30
3522 3533 2 17 90 O 30
3480 3478 2 10 50 O 20
2449 3419 2 30 166 O 20
3550 3558 2 8 41 O 10
3462 3475 2 16 83 O 10
3575 1484 2 14 75 O 30
1484 221 2 37 202 M 30
221 3546 2 1 4 O 20
3554 3571 2 44 239 O 30
3508 3513 2 56 309 O 20
3560 3566 2 72 397 O 30
5793 3474 2 28 153 O 10
3474 7884 2 1 4 M 30
3530 3526 2 9 47 O 30
5891 3534 2 45 249 O 10
3534 3543 2 53 290 O 20
5373 5374 2 19 103 O 30
3383 3371 2 40 218 O 20
3371 3369 2 24 128 M 20
3447 3461 2 16 84 O 10
3461 4477 2 4 17 O 30
4477 7879 2 5 26 O 10
7879 3462 2 2 9 O 10
3462 3448 2 28 153 O 20
3429 3427 2 10 54 M 30
3433 3421 2 44 241 O 30
3403 3401 2 7 35 O 10
3548 3568 2 29 159 M 20
3547 3553 2 8 41 O 20
3380 3379 2 8 41 O 20
3486 7889 2 9 45 O 20
7889 7888 2 12 62 O 30
7888 3484 2 5 24 M 20
3577 3569 2 27 147 M 30
3524 3536 2 17 89 O 10
3442 3438 2 39 213 O 10
5895 940 2 7 35 O 30
940 5896 2 9 46 O 20
3552 3545 2 82 454 O 20
3459 3455 2 12 66 O 20
3439 3436 2 24 130 O 30
3446 3440 2 10 51 O 20
3440 3431 2 15 82 O 30
3431 3426 2 11 59 O 20
3426 3413 2 14 76 O 20
3413 3403 2 7 34 O 30
3403 3398 2 12 66 O 30
3398 3396 2 8 41 O 20
3396 3391 2 17 93 O 30
3391 3392 2 14 73 O 20
3392 3411 2 19 104 M 10
3411 3422 2 12 63 O 30
3435 3441 2 45 250 M 10
3441 4360 2 46 250 O 10
3468 3503 2 56 307 O 10
5371 5372 2 18 0 C 0
5372 5370 2 17 0 C 0
3587 3583 2 46 251 O 20
3583 3576 2 39 212 O 20
2448 3384 2 21 113 O 20
3384 6255 2 21 113 M 10
3472 3479 2 46 250 O 10
3479 3488 2 46 250 O 30
3488 4365 2 29 159 O 10
4365 4379 2 27 148 O 30
3542 3559 2 91 503 O 30
3559 3565 2 52 288 O 30
3539 3552 2 24 129 M 20
3552 3563 2 24 132 O 20
4782 3372 2 9 45 O 20
3505 3510 2 45 250 O 10
3510 4368 2 29 157 O 10
4368 4369 2 27 148 O 30
3454 3471 2 91 501 O 20
3437 3432 2 46 250 O 20
3432 3423 2 45 250 O 10
3390 3388 2 20 107 M 30
3388 3386 2 17 90 O 10
4232 3419 2 16 89 O 20
3419 3397 2 40 222 M 10
3585 3583 2 22 118 O 10
3583 3582 2 21 116 O 20
291 3384 2 54 296 M 20
3384 3381 2 39 213 O 20
3482 3492 2 46 251 O 10
3492 2621 2 44 243 O 10
3457 3456 2 3 15 O 10
4234 238 2 20 107 O 20
238 6945 2 31 167 O 20
6945 441 2 13 68 O 10
3466 7884 2 16 85 O 20
3355 3362 2 21 112 O 20
3444 3451 2 45 250 O 20
3451 2617 2 44 244 O 20
7612 5858 2 51 279 O 30
3454 3452 2 16 84 O 20
3452 3450 2 9 47 O 30
3586 6312 2 20 107 O 20
6312 6310 2 1 3 O 20
6310 3572 2 68 374 O 10
3402 3414 2 37 203 O 20
3357 3355 2 17 90 M 20
3355 3354 2 7 38 O 20
3531 5892 2 46 255 O 10
3540 3548 2 42 232 O 30
3548 3520 2 69 382 O 20
3520 3518 2 19 101 O 30
3518 3515 2 17 90 O 20
4769 3489 2 17 90 O 30
3489 3496 2 14 75 O 10
3496 3499 2 3 16 O 10
3499 5369 2 14 73 M 10
5369 3514 2 15 82 O 30
3405 3429 2 24 128 O 20
3429 3439 2 17 92 O 30
3439 3452 2 18 99 M 30
2630 3562 2 45 248 O 10
3518 3535 2 23 124 O 30
3391 1612 2 45 247 M 20
1612 3430 2 13 70 O 30
3570 3582 2 39 212 O 10
3582 3586 2 32 176 O 30
3520 3537 2 30 163 O 30
3464 5793 2 27 149 O 10
5793 3497 2 16 86 M 30
3469 3487 2 19 101 O 30
3460 3470 2 18 99 O 10
3574 3578 2 64 351 O 30
3375 3392 2 18 100 O 20
223 1575 1 17 93 O 20
1575 217 1 17 90 O 10
3418 4503 2 8 44 M 10
4503 3408 2 16 85 M 10
3408 3400 2 22 120 O 20
3400 4502 2 22 122 M 10
4502 3393 2 1 4 O 30
3393 3387 2 23 125 O 10
3373 4499 2 23 126 O 30
4499 3377 2 1 4 O 30
3377 3382 2 22 120 O 10
3382 3389 2 23 123 O 20
3389 4501 2 16 85 O 30
4501 3395 2 8 42 O 10
3363 3366 2 24 128 O 10
3366 3370 2 23 123 O 10
3370 3374 2 22 120 O 20
3374 4495 2 1 3 O 10
4495 4497 2 16 84 O 10
4497 4498 2 1 5 O 30
4498 4500 2 7 38 M 10
3404 3416 2 24 130 O 30
3416 3420 2 22 120 O 20
3420 3425 2 23 126 O 10
3425 3428 2 23 124 O 20
4479 3501 2 39 212 O 30
3501 3503 2 9 48 O 10
3503 4482 2 7 38 O 10
3426 3415 2 17 93 O 10
3368 4494 2 8 42 M 20
4494 3364 2 16 84 O 10
3364 4493 2 1 4 O 30
4493 3360 2 22 120 O 30
3360 3359 2 22 121 O 20
3359 4491 2 1 3 M 20
4491 3356 2 23 127 O 20
3563 3570 2 10 53 O 30
3570 3575 2 17 92 M 20
3575 3576 2 5 27 O 20
3576 212 2 18 95 O 30
441 4598 2 30 167 O 10
4598 3500 2 14 74 O 30
3500 5505 2 17 91 O 10
5505 5906 2 11 61 O 20
3431 3412 2 45 249 M 10
3465 3498 2 61 334 O 10
3406 4899 2 25 134 O 20
3549 3536 2 70 384 O 10
3536 3532 2 18 97 O 30
3532 3528 2 16 89 O 10
3376 3411 2 31 168 M 20
3481 3477 2 26 139 O 10
4928 3504 2 29 158 O 10
3396 3438 2 46 251 O 30
3438 2543 2 15 83 O 10
2544 3468 2 19 102 O 10
3468 3477 2 20 107 O 10
3477 908 2 4 17 O 30
908 4478 2 4 18 M 20
3353 4489 2 8 43 O 20
7261 3506 1 2 11 O 20
3506 7225 1 26 142 O 30
3525 3511 2 30 166 O 20
3519 3529 2 29 156 O 10
3352 4488 2 9 49 M 10
3361 3365 2 47 258 M 30
3365 3388 2 27 146 O 20
3467 3464 2 14 76 O 30
3464 3449 2 21 113 O 30
3449 3456 2 9 47 O 30
3456 7883 2 14 74 O 30
7883 805 2 8 43 O 30
805 806 2 2 9 O 10
3398 3385 2 12 63 O 10
3385 3399 2 38 210 O 20
3453 3465 2 15 81 M 20
3465 5792 2 10 51 M 10
5792 3486 2 18 98 O 30
3486 3498 2 27 148 O 30
3409 3405 2 16 84 O 20
3405 3417 2 13 67 M 20
3358 3367 2 17 92 O 10
3367 3380 2 17 89 O 30
3380 3386 2 10 50 O 10
3386 3407 2 14 75 O 20
7615 4370 2 28 151 O 30
4370 6308 2 60 331 O 10
6308 7653 2 1 4 O 30
7653 3589 2 62 343 M 20
5370 3519 2 24 132 O 10
3519 3521 2 19 105 O 20
3463 3480 2 41 224 O 10
3480 3490 2 37 202 O 10
6325 6324 2 8 43 O 20
6324 911 2 17 91 O 30
911 6323 2 3 12 O 30
6323 6322 2 26 143 O 20
6322 3628 2 16 86 O 30
3628 3627 2 30 164 O 10
2567 3631 2 17 90 O 30
3619 3621 2 44 241 O 30
3621 3618 2 25 134 O 30
3621 3623 2 16 84 O 10
3617 3613 2 23 127 O 30
3613 3611 2 14 73 O 10
5359 3601 2 16 85 O 30
3630 3629 2 15 81 M 30
3607 3610 2 10 51 O 30
3592 3594 2 21 115 O 10
3612 3615 2 18 95 O 20
5358 3598 2 11 59 O 10
3613 3616 2 17 89 O 10
3628 4890 2 17 92 O 20
4890 3630 2 16 88 O 30
3630 6321 2 17 90 O 20
2158 3604 2 15 83 O 20
3604 3608 2 13 71 O 30
3614 3612 2 23 123 M 20
3612 2557 2 21 112 M 20
3595 3597 2 16 88 O 20
3597 3603 2 16 87 O 20
3603 3606 2 16 87 O 20
6318 3625 2 23 123 O 20
4852 3620 2 41 223 O 30
3600 3598 2 36 196 O 10
3598 3601 2 14 78 O 10
3601 3602 2 6 32 O 10
3591 3561 2 41 224 O 30
6323 3626 2 48 266 O 20
3605 393 2 12 62 O 30
393 3606 2 25 134 O 30
3606 3607 2 16 84 O 10
3607 3609 2 21 115 O 20
3622 3623 2 48 261 O 20
3623 3624 2 16 83 O 10
3596 3595 2 17 92 O 10
3595 3594 2 19 105 O 30
3594 3593 2 17 90 M 20
2563 2160 2 16 87 O 20
3634 2178 2 43 0 C 0
3636 3638 2 73 0 C 0
3649 3650 2 28 151 O 20
3650 3646 2 27 149 O 10
3650 3651 2 64 0 C 0
3645 3646 2 65 0 C 0
3646 3648 2 49 270 O 30
3665 1855 2 6 31 O 20
7016 7020 2 12 63 O 30
7020 6995 2 1 5 O 10
6995 7026 2 1 3 O 20
2132 3677 2 14 76 O 30
3675 3674 2 26 142 O 30
3655 3654 2 11 59 O 10
5183 3684 2 6 28 M 20
2475 3653 2 44 243 O 10
3667 3664 2 12 63 O 10
6173 3663 2 13 71 O 30
3656 3658 2 17 94 O 10
3670 3669 2 15 82 O 10
2131 3671 2 72 397 O 20
3676 3677 2 8 40 O 10
3677 3678 2 12 63 O 20
3673 3672 2 12 66 O 10
3672 3669 2 21 111 O 20
3669 3665 2 21 114 O 10
3683 2125 2 55 304 O 10
3666 3660 2 12 63 M 10
3660 3659 2 10 55 O 10
5006 5042 2 16 84 O 30
5042 4163 2 76 419 O 10
5517 5044 2 36 200 O 10
5044 4537 2 31 170 O 20
4537 5042 2 57 313 M 10
3688 3690 1 2 0 C 0
3690 3691 1 3 0 C 0
3691 3689 1 2 0 C 0
3689 7789 1 3 0 C 0
7789 3688 1 1 0 C 0
1550 1551 2 5 0 C 0
375 1558 2 17 0 C 0
1558 1555 2 19 0 C 0
1555 1552 2 37 0 C 0
1552 1553 2 31 0 C 0
1553 1531 2 30 0 C 0
6111 3714 2 4 0 C 0
3714 3713 2 8 0 C 0
3713 5519 2 23 0 C 0
5519 6076 2 45 0 C 0
3700 7316 2 10 0 C 0
7316 4736 2 9 0 C 0
4736 2189 2 27 0 C 0
2167 3751 2 26 142 M 10
3780 1020 2 12 64 O 10
3798 3792 2 22 117 O 20
3792 3790 2 5 27 O 20
3790 3787 2 26 144 O 20
3787 3783 2 28 151 O 10
3783 526 2 28 151 O 20
526 3778 2 2 6 O 30
3778 3777 2 55 302 M 30
525 3772 2 29 159 O 30
3772 3764 2 22 120 O 10
3764 3761 2 18 100 O 20
3761 8274 2 5 27 M 20
8274 3752 2 13 70 O 20
3752 3746 2 16 88 M 30
3746 3744 2 3 11 O 10
3755 3743 2 22 122 O 30
3743 3738 2 8 44 O 20
3738 3735 2 9 45 M 20
3735 3731 2 16 86 M 30
3731 3721 2 16 0 C 0
8266 8265 2 10 0 C 0
8265 3694 2 25 0 C 0
3803 3807 2 47 261 O 10
3742 3740 2 2 10 M 10
3799 3791 2 7 37 O 30
3830 1780 2 20 111 O 30
1780 3832 2 14 75 O 20
3738 8256 2 33 181 O 20
8256 8252 2 72 0 C 0
8252 8263 2 20 0 C 0
8263 8264 2 6 0 C 0
8264 8262 2 12 0 C 0
8262 8261 2 6 0 C 0
8261 8260 2 16 0 C 0
8260 8259 2 10 0 C 0
8259 8258 2 12 0 C 0
8258 8253 2 15 0 C 0
3698 3697 2 3 0 C 0
3728 3724 2 26 0 C 0
3729 3727 2 5 0 C 0
5552 4900 2 115 639 O 10
3766 3775 2 37 204 O 30
3819 1505 2 12 63 O 20
1505 1503 2 4 19 O 10
1503 1502 2 5 28 O 20
1502 6752 2 22 117 M 30
6752 3797 2 32 173 O 10
3826 4870 2 28 154 O 30
4870 3825 2 1 1 O 30
3740 3739 2 3 14 O 30
3802 3792 2 22 117 M 10
3774 3790 2 57 317 O 10
3829 30 2 17 93 O 10
30 3817 2 19 101 O 10
3734 3733 1 21 115 O 30
3814 4868 2 17 93 O 30
3767 3771 2 10 53 O 20
3788 3795 2 10 52 M 10
3786 3781 2 53 291 O 20
2477 3818 2 21 113 O 20
3783 3768 2 58 318 O 10
3768 3754 2 37 205 O 10
3787 3770 2 58 317 O 10
3770 3763 2 24 128 M 20
3707 3717 2 58 0 C 0
3717 3745 2 65 359 O 30
3715 5520 2 22 0 C 0
5520 6428 2 27 0 C 0
6428 3706 2 10 0 C 0
3761 3757 2 27 149 O 20
3757 3753 2 32 177 M 10
3763 3754 2 26 143 O 30
3754 3746 2 27 147 O 30
3735 3741 2 48 262 O 20
3748 3718 2 66 362 O 10
3718 2209 2 58 0 C 0
3719 3751 2 66 365 M 10
3769 3771 2 22 121 O 30
3771 3772 2 11 59 O 20
3736 3729 2 23 126 O 30
5782 6364 1 8 40 O 30
6364 6361 1 5 26 O 10
6361 3823 1 13 67 O 20
3821 3818 2 12 66 O 30
3818 4869 2 24 129 M 10
3782 3794 2 22 121 M 30
3750 3743 2 33 181 O 30
3809 3808 2 37 200 O 30
3808 3806 2 18 99 M 20
1808 3747 2 59 325 M 30
3747 3752 2 37 200 O 10
7769 3813 2 41 227 O 30
3813 3815 2 9 47 O 30
3815 3816 2 40 219 O 20
3722 2203 2 56 0 C 0
3696 3695 2 15 0 C 0
8275 3762 2 49 272 O 10
4034 4025 2 17 91 O 10
4025 3827 2 23 125 O 30
3827 3820 2 17 92 O 30
3820 3815 2 19 105 O 30
1581 3731 2 61 337 O 20
3822 3820 2 47 259 O 10
3820 3824 2 60 332 O 20
4735 3757 2 32 175 O 30
3749 3734 2 36 197 M 20
3734 3710 2 67 0 C 0
1809 3736 2 48 264 O 10
3727 1391 2 17 0 C 0
1391 3716 2 8 0 C 0
3716 5518 2 22 0 C 0
5518 5521 2 11 0 C 0
5521 3705 2 37 0 C 0
3784 4680 2 33 182 O 20
4680 3773 2 33 179 O 20
3773 3756 2 73 403 O 30
3732 3730 2 9 0 C 0
3813 3811 2 55 303 M 10
3703 3702 1 2 0 C 0
3702 3700 1 3 0 C 0
1807 3756 2 23 126 O 30
3756 3766 2 28 151 M 20
3766 3777 2 28 152 O 30
3777 3781 2 18 99 O 20
3781 3793 2 19 103 O 30
3730 3720 2 17 0 C 0
3720 5649 2 3 0 C 0
5649 5648 2 14 0 C 0
2344 3823 2 12 65 O 30
3823 3824 2 5 27 M 10
3824 3827 2 51 278 O 30
3827 3828 2 55 302 O 30
3776 3774 2 26 143 O 30
3774 3770 2 26 142 O 30
3770 3768 2 27 150 M 10
3768 3764 2 28 152 M 10
3725 3723 1 2 0 C 0
3723 3722 1 3 0 C 0
3722 3724 1 3 0 C 0
3724 3726 1 3 0 C 0
3726 3725 1 1 0 C 0
1781 3830 1 1 4 O 10
3830 4900 1 3 15 O 30
4900 3829 1 3 12 O 20
3829 4901 1 2 11 O 20
4901 1781 1 3 11 O 20
3812 3808 2 51 282 O 30
3808 3801 2 41 223 O 10
3831 4028 2 40 217 O 10
4028 2671 2 29 159 O 20
2671 2673 2 54 295 O 10
3967 8 2 9 48 O 10
8 3966 2 9 47 O 10
3966 3964 2 30 166 O 30
4887 3907 2 8 40 O 20
3907 3905 2 15 81 M 20
3905 3904 2 6 28 M 10
3904 3903 2 19 103 O 20
3903 465 2 1 5 O 10
465 3902 2 25 136 O 30
3932 3936 2 60 330 O 10
3936 3938 2 31 168 O 30
3956 3957 2 13 69 M 10
3957 3960 2 29 156 O 10
3960 3962 2 18 98 O 10
5772 3958 2 30 163 O 10
3958 3954 2 21 113 O 20
3954 3949 2 13 68 M 30
3938 6659 2 11 57 O 10
6659 6661 2 3 15 O 10
6661 3951 2 15 80 O 20
3951 3955 2 22 121 O 20
5273 8372 2 3 11 O 30
8372 3838 2 24 133 O 10
3838 3835 2 35 190 M 30
3835 5592 2 16 84 O 30
214 3585 2 34 189 O 30
3585 2637 2 59 325 O 10
2637 3260 2 6 33 O 30
3843 3840 2 25 136 O 10
3873 3871 2 21 117 O 20
486 3856 2 7 37 O 10
3908 5555 2 36 198 O 20
3964 3959 2 53 293 O 20
2120 3942 2 29 156 O 20
5656 3881 2 15 80 M 10
3960 3952 2 29 158 O 30
3947 6665 2 13 67 O 20
6665 6663 2 6 32 O 30
6663 3951 2 4 21 O 10
3859 3863 2 19 105 M 20
3912 3910 2 16 83 O 20
3926 3907 2 36 195 O 10
3919 3920 2 11 61 O 30
3841 1223 2 85 472 O 20
1223 5551 2 19 105 M 20
3867 3852 2 22 121 O 20
3900 3895 1 15 79 O 20
3923 3925 2 28 154 O 30
3893 5590 2 29 159 O 20
5590 3874 2 15 81 O 30
3836 3835 2 9 49 M 10
3921 7718 2 4 22 O 20
7718 3909 2 17 92 O 30
3869 3886 2 34 184 O 30
3930 3928 2 6 32 O 20
3918 3904 2 21 114 M 30
3957 7175 2 19 101 M 10
7175 3945 2 20 109 M 10
3853 3851 2 6 29 O 20
3917 3903 2 21 115 O 30
3948 62 2 15 80 O 10
62 2117 2 17 94 O 20
3868 3870 2 22 117 O 30
3905 3892 2 38 211 O 10
3894 3899 1 15 79 M 30
5565 1810 2 6 29 O 20
5532 3880 2 32 177 O 10
3865 3870 1 7 38 O 30
3870 3875 1 7 38 O 10
3844 3850 1 58 321 O 10
3837 3838 2 14 76 O 20
5900 3846 1 26 140 O 10
3898 3901 2 14 73 O 30
3848 5564 2 55 301 O 10
3943 3939 2 11 60 O 20
3939 5531 2 18 99 M 30
5531 7730 2 17 90 M 30
7730 6167 2 1 1 M 20
7296 3954 2 71 390 O 10
3897 3896 2 16 84 O 30
3896 3895 2 6 31 O 20
3895 3894 2 2 9 O 10
3894 3893 2 7 37 O 20
3893 7737 2 11 59 O 10
7737 3891 2 2 8 O 10
3884 3890 2 18 98 M 10
3879 5533 2 20 106 O 30
5533 486 2 8 42 O 10
3929 1750 2 9 47 O 30
1750 3927 2 33 179 O 30
3927 3926 2 9 45 O 30
3926 1748 2 3 11 O 10
1748 4520 2 61 337 O 10
4520 3922 2 1 5 O 30
3842 5596 2 28 152 O 30
5773 228 2 11 61 O 30
228 7133 2 3 11 O 20
7133 3949 2 26 140 O 30
3949 3941 2 19 101 O 10
3876 3871 1 7 38 O 30
3871 3866 1 7 36 M 20
3847 1009 1 17 90 O 20
1009 3845 1 19 101 M 30
3966 3965 2 25 137 O 20
3887 3881 2 14 76 O 10
3881 3860 2 32 174 O 10
3860 4679 2 10 54 O 30
3936 3947 2 22 121 O 20
3947 3953 2 17 94 O 30
3914 3906 2 11 58 O 20
3906 3888 2 47 259 M 30
3888 3883 2 18 97 O 30
3854 3883 2 41 222 O 10
3883 3884 2 26 141 O 20
7297 3935 2 4 20 O 20
3935 3934 2 10 54 O 10
3963 3961 2 49 272 M 20
3913 6373 2 15 82 O 30
6373 2111 2 18 95 O 20
2111 3944 2 40 219 O 30
3944 3950 2 14 77 O 30
3849 5901 1 60 329 O 20
3857 5524 2 11 60 O 20
5524 5586 2 40 219 O 30
7295 3963 2 37 202 M 20
3963 8407 2 10 52 M 10
8407 3961 2 10 52 O 30
3961 3958 2 17 90 O 30
4855 7759 2 7 37 O 20
4679 1741 2 13 70 O 20
1741 3854 2 3 16 O 10
3854 8249 2 9 49 O 30
8249 1007 2 20 107 O 10
1007 1520 2 8 40 O 30
1520 3845 2 14 77 O 20
3872 3874 2 15 81 O 20
3874 3875 2 7 35 O 10
3875 3876 2 2 8 O 30
3876 3877 2 7 36 O 20
3877 3878 2 15 81 O 30
3953 3952 2 9 47 O 20
3952 1488 2 25 135 M 20
1488 3945 2 11 58 O 20
3945 489 2 9 49 O 10
3861 3868 2 7 37 M 20
3868 3872 2 7 37 O 10
3872 5560 2 25 137 M 10
5560 5554 2 25 138 O 30
5554 5529 2 9 45 O 30
5529 5528 2 32 178 O 10
3916 3913 2 15 82 O 10
3913 6369 2 34 187 O 10
7815 3929 2 9 46 M 20
3929 6658 2 3 13 M 10
6658 3923 2 16 84 M 20
3923 3920 2 5 23 O 30
3920 5530 2 16 88 M 20
7130 3950 2 3 16 O 20
3950 3940 2 27 147 O 30
3940 3937 2 6 33 O 20
3885 3886 2 14 77 O 20
3886 6305 2 4 20 O 10
6305 3887 2 24 128 M 30
3887 6452 2 5 26 O 10
6452 3888 2 30 162 O 30
3888 3889 2 27 145 O 20
6106 1737 2 46 250 O 20
1737 1735 2 5 23 M 30
1735 3858 2 4 21 O 10
3858 3860 2 16 85 O 10
3833 5644 2 9 49 M 10
4698 3879 1 5 26 O 10
3889 3906 2 77 425 O 30
3856 1024 2 7 35 M 20
1024 1026 2 24 128 O 10
1026 5594 2 18 96 O 20
5594 3847 2 23 125 O 20
3931 3934 1 3 14 O 20
3934 3932 1 3 14 M 20
3932 3930 1 2 11 O 10
3930 3931 1 3 14 O 10
3944 3933 2 36 199 O 20
4010 540 2 20 106 O 20
4014 5224 2 26 142 O 20
5224 5222 2 19 101 O 10
5222 5362 2 12 63 O 10
4005 4004 1 3 12 O 30
2104 6062 2 17 94 O 10
6062 4880 2 36 200 O 20
4880 3973 2 13 70 M 30
3973 3975 2 9 47 O 20
3975 3978 2 18 97 O 30
3978 3982 2 23 125 M 20
3982 4882 2 16 88 O 30
4882 510 2 46 254 O 30
1919 6729 2 49 268 M 10
3977 7750 2 2 9 O 30
7750 2107 2 84 466 O 20
3992 2091 2 48 265 O 20
3993 3994 2 38 210 O 30
3994 8408 2 2 11 O 20
8408 3993 2 2 11 O 20
4001 7203 2 39 212 M 30
7203 5134 2 2 7 O 30
5134 5148 2 36 199 O 10
5148 5040 2 11 60 M 10
5040 5142 2 42 228 O 20
5142 3995 2 42 233 O 30
3995 335 2 27 149 O 30
335 6195 2 14 75 M 20
4005 6131 2 7 37 O 10
6131 5880 2 1 3 O 10
3978 3976 2 53 291 O 10
2087 2143 2 20 111 O 30
2143 4873 2 22 117 O 10
6730 2106 2 21 115 M 20
6396 47 2 8 40 O 30
47 6397 2 8 41 O 30
6397 4003 2 29 161 O 30
5806 4012 2 4 17 O 10
2099 3982 2 27 145 O 20
2089 3976 2 21 112 O 30
3976 3979 2 22 119 O 10
4000 3989 2 89 494 O 20
3989 3983 2 35 191 O 30
3989 3988 2 17 91 O 20
3988 3987 2 18 95 O 10
2083 3970 2 22 117 M 20
3970 7735 2 11 61 O 30
7735 3971 2 2 7 M 20
3975 2080 2 26 140 O 30
2080 2089 2 34 188 M 10
2089 2087 2 19 104 M 20
2087 2102 2 51 279 O 20
3974 3969 2 26 142 O 20
3985 3988 2 15 79 O 10
3988 2474 2 60 330 O 30
2474 3998 2 24 133 O 30
3981 3980 2 25 138 O 10
2095 3986 2 22 120 O 10
3972 3974 2 40 218 O 20
3974 2092 2 17 89 M 10
3970 3968 2 31 172 O 20
2138 4789 2 20 110 O 20
4789 4790 2 19 103 O 10
4790 4873 2 13 72 O 30
4873 3979 2 20 107 O 20
3979 3980 2 6 31 O 10
3980 8409 2 9 46 M 30
8409 3981 2 9 46 O 30
3981 2079 2 36 199 O 20
508 507 1 1 3 O 30
4007 4010 1 2 6 O 20
4010 5806 1 3 14 O 30
5806 4011 1 3 12 O 20
4011 4006 1 3 14 O 20
4006 4007 1 2 8 O 30
4019 4018 2 10 52 O 20
4017 4016 2 17 94 O 20
4053 5872 2 1 5 O 30
7447 6531 2 22 118 O 20
7770 6367 2 12 62 O 30
6367 4031 2 18 98 M 20
4031 8286 2 25 136 O 20
4076 4081 2 6 28 O 10
4042 1779 2 39 215 M 30
1779 4037 2 63 348 O 20
4059 6032 2 38 210 O 10
6032 6968 2 15 81 M 30
6968 6967 2 3 15 O 20
6967 516 2 8 42 O 30
516 5779 2 10 51 M 20
4043 4035 2 34 189 O 10
4036 4041 2 15 78 O 20
4075 6044 2 15 80 M 10
6044 6046 2 9 47 O 30
5587 6346 1 20 108 O 10
4023 8285 2 14 76 O 10
8285 4032 2 20 110 O 20
5553 5556 2 20 107 M 20
5556 4062 2 24 130 O 30
4062 4060 2 36 197 O 20
4025 4024 2 19 103 O 30
4050 1394 2 8 44 O 30
1394 1396 2 7 36 O 10
1396 4048 2 43 234 O 30
4048 4047 2 32 176 O 20
4047 4046 2 25 138 M 10
4086 7743 2 1 4 M 20
7743 7739 2 5 24 O 30
7739 2108 2 46 253 O 30
4021 4022 2 19 105 O 10
4057 4051 2 16 84 O 30
4051 5584 2 5 25 O 10
4087 4082 2 46 254 O 10
5301 4036 2 13 68 M 30
4036 2053 2 20 108 M 30
5923 6347 1 26 144 M 20
5302 4535 2 10 50 M 10
4535 4041 2 11 56 M 10
4041 4030 2 34 188 M 30
4031 4040 2 41 227 O 10
4040 4043 2 26 142 O 30
4043 4045 2 21 113 O 30
4081 5875 2 32 176 O 30
7927 4077 2 33 182 O 20
6793 4087 2 63 349 M 30
4087 4088 2 41 223 O 10
4061 4055 2 24 131 O 10
5784 4035 2 11 60 O 20
4035 4040 2 16 87 M 10
4040 4044 2 20 106 O 30
4056 5580 2 42 229 O 30
5580 4052 2 7 35 O 30
4052 4048 2 17 91 O 10
6345 6346 1 3 11 O 20
5921 5920 1 18 98 O 20
4084 2107 2 53 292 O 20
4038 4039 1 2 7 O 10
4039 3841 1 3 12 M 20
3841 3832 1 2 11 O 10
3832 4037 1 3 11 O 20
4037 4038 1 1 4 O 10
6343 6349 1 2 10 O 20
4070 799 2 9 48 O 20
799 1480 2 65 359 M 30
1480 1482 2 30 164 M 10
1482 4049 2 22 120 O 20
4115 4114 2 60 331 M 10
4114 6587 2 58 322 O 30
6587 4109 2 3 12 O 10
4109 4108 2 3 14 O 10
4108 1956 2 56 308 O 10
4110 4111 2 7 38 O 10
4096 1967 2 10 52 O 10
4107 1925 2 5 25 O 10
4098 4097 2 15 80 O 20
4099 1952 2 27 147 M 20
6250 4866 2 19 101 O 20
4104 4102 2 41 223 M 10
4101 4104 2 26 139 O 30
4104 4105 2 9 50 O 30
1871 4103 2 34 185 O 30
4095 4094 2 20 106 M 30
1966 4106 2 30 163 O 10
4112 4113 2 17 90 O 10
4114 4867 2 29 158 O 20
4100 4097 2 7 35 O 20
4097 4094 2 13 69 O 30
4094 1948 2 16 85 O 10
4091 6502 2 5 22 O 10
4153 4120 1 110 606 O 10
4123 4122 2 3 12 O 30
4122 5994 2 12 62 O 30
5994 4118 2 68 375 M 10
4118 4117 2 17 91 O 10
4127 4123 1 16 85 O 20
4123 4154 1 152 842 O 20
4140 7687 1 2 6 M 20
7687 4137 1 5 26 O 30
4137 4134 1 2 6 O 10
4134 4126 1 8 41 O 10
4126 4128 1 6 31 O 20
4128 7688 1 6 32 O 10
7688 4136 1 1 4 M 30
4136 4140 1 5 27 O 30
4135 4127 1 18 96 M 10
4118 4119 2 27 150 O 30
4124 4133 1 18 96 O 30
5983 4138 1 9 45 O 30
4148 8099 1 66 364 O 30
4123 4129 2 12 65 O 20
4134 4131 1 6 33 O 30
4131 8034 1 2 11 O 20
8057 8033 1 3 14 M 10
8033 4126 1 8 43 M 10
8046 6825 2 1 4 M 30
6825 8028 2 8 40 O 10
4132 7688 1 13 67 O 20
4128 8098 1 28 152 O 30
8054 4130 2 38 207 O 10
8031 4137 1 15 81 O 30
8105 4147 1 8 44 O 20
7796 4155 2 4 18 O 30
5267 7791 2 2 10 O 20
4156 7419 2 145 805 O 20
7419 4157 2 34 186 M 10
4158 4125 1 9 46 O 20
4165 4164 1 3 16 M 30
1914 1921 2 9 47 M 20
1921 8040 2 27 148 O 30
8040 6802 2 51 282 O 20
6802 6800 2 3 11 O 10
6800 1574 2 31 172 O 20
1574 6798 2 51 280 O 30
6798 8329 2 68 377 O 30
8329 4174 2 1 5 O 20
4174 4978 2 36 199 O 30
4166 40 2 29 158 O 30
40 7430 2 6 29 O 10
4169 4168 2 20 110 O 30
4726 518 2 3 15 O 10
518 519 2 5 26 O 20
519 4722 2 2 11 O 10
5215 1147 2 7 34 M 20
1147 1171 2 20 108 O 20
1171 5201 2 43 235 O 20
5201 4164 2 27 145 O 20
4212 4207 2 30 165 O 10
4195 4189 2 28 150 M 10
4189 4191 2 61 337 O 20
6619 4296 2 16 84 M 20
4296 1244 2 11 59 O 10
1244 4289 2 19 0 C 0
5929 4187 1 5 0 C 0
4239 4241 2 9 49 O 10
4227 4220 2 15 80 O 10
4225 5570 2 10 53 M 30
5570 4222 2 12 63 O 30
4180 8267 2 4 0 C 0
8267 2186 2 9 0 C 0
4228 4226 2 15 80 O 30
4192 4189 2 8 40 O 10
4242 4241 2 5 27 M 30
4241 1806 2 9 48 O 10
4219 3759 2 45 248 O 30
4231 6330 2 8 40 O 10
6330 4225 2 16 85 O 20
4225 5572 2 13 68 O 30
5572 5646 2 20 108 O 30
5646 299 2 22 121 M 20
4217 7767 2 8 44 M 30
7767 4205 2 36 195 M 20
6468 7861 2 1 6 M 10
7861 7858 2 6 30 O 30
7858 7864 2 1 2 O 10
7864 7866 2 2 7 M 10
7866 5788 2 21 115 O 30
4213 4210 2 10 51 O 10
8268 4198 2 21 113 O 20
4893 5895 2 24 132 O 30
5895 3433 2 3 17 O 20
3433 927 2 9 47 O 10
927 7186 2 6 32 O 30
7186 4597 2 18 97 O 10
4240 4237 2 6 31 O 20
4237 4236 2 9 49 O 30
4216 4214 2 14 76 O 20
4214 4211 2 16 87 O 20
4204 4203 1 6 29 O 10
4206 4200 2 36 195 O 10
300 5642 2 20 111 O 30
5642 4219 2 17 93 O 30
4219 4222 2 5 27 O 20
4222 1782 2 14 75 O 30
1782 4230 2 11 60 O 30
4181 4182 2 29 0 C 0
4182 4183 2 21 0 C 0
4183 4184 2 21 0 C 0
4184 4185 2 22 0 C 0
4185 1877 2 16 0 C 0
4243 7312 2 1 6 O 20
7312 4238 2 48 262 O 10
4237 4235 2 28 150 M 20
4214 4224 2 37 204 O 20
4190 4209 2 70 385 O 30
4197 4198 2 2 6 M 30
4198 4200 2 8 40 O 10
4200 4201 2 7 38 M 20
4201 4205 2 12 63 O 30
4205 4209 2 21 115 O 10
4209 4215 2 22 118 O 30
4229 4231 2 29 157 M 30
4231 4230 2 13 70 O 10
4230 1783 2 9 45 O 20
1783 4218 2 47 258 O 10
236 4232 1 1 3 M 10
4194 4196 1 3 11 O 30
4196 298 1 4 18 O 30
298 4193 1 4 22 O 30
4193 4194 1 2 6 O 10
301 413 2 47 0 C 0
413 405 2 16 0 C 0
405 6193 2 34 0 C 0
6193 5643 2 3 0 C 0
4179 4180 1 2 0 C 0
4250 4248 2 14 77 O 30
1561 1560 2 37 0 C 0
1560 1559 2 36 0 C 0
4260 4258 2 18 0 C 0
4298 4301 1 2 7 M 30
4301 5602 1 3 11 M 30
4318 1658 2 7 37 O 30
1658 1661 2 9 46 O 20
1661 4314 2 1 5 O 10
4311 4307 2 51 282 O 30
4323 4319 2 52 284 O 20
4308 4400 2 12 65 O 20
4400 4306 2 10 51 O 20
4324 1294 2 15 83 O 30
1294 1114 2 15 79 O 10
1114 1490 2 4 18 M 10
1490 1656 2 18 98 O 30
1656 4208 2 38 208 O 20
4316 4313 2 18 96 M 20
4202 1653 2 34 184 M 10
1653 1651 2 14 0 C 0
1651 4289 2 9 0 C 0
4328 1632 2 8 41 O 30
1632 1635 2 5 25 M 30
1635 1682 2 8 42 O 10
1682 1684 2 1 5 O 30
1684 1663 2 7 37 M 20
1663 1686 2 6 32 O 30
1686 1679 2 4 17 O 30
1679 1643 2 30 161 O 20
1643 4309 2 22 121 O 10
2445 4324 2 30 163 O 30
4324 1647 2 21 112 O 30
1647 4305 2 12 64 O 10
4290 4304 2 60 330 O 30
4273 7210 2 27 0 C 0
4310 4317 2 12 62 O 10
4312 4313 2 5 26 O 20
4313 4320 2 8 43 M 30
4283 4293 2 27 0 C 0
4293 1692 2 18 97 M 20
1692 1690 2 6 28 O 20
1690 1699 2 11 57 O 10
1699 1697 2 5 28 M 30
1697 117 2 9 49 O 30
117 1694 2 4 21 O 30
1694 4325 2 12 62 M 10
4300 4304 2 10 50 O 30
4304 4308 2 5 24 O 10
4308 4321 2 21 111 O 30
4291 7305 2 43 236 O 30
7305 4322 2 50 276 M 30
7195 1619 2 1 0 C 0
1619 1614 2 8 0 C 0
1614 1605 2 4 0 C 0
1605 4274 2 14 0 C 0
4274 4276 2 28 0 C 0
4276 4394 2 15 0 C 0
4394 1629 2 12 0 C 0
1629 4279 2 9 0 C 0
4294 4303 2 16 87 O 20
4303 1631 2 14 76 O 10
1631 4311 2 8 40 O 30
4311 1688 2 16 88 O 30
1688 4323 2 5 23 O 20
4323 4327 2 21 112 O 20
4326 4315 2 45 250 O 10
4288 4295 2 21 0 C 0
4295 4307 2 21 116 O 30
4307 4316 2 17 91 O 30
4316 4319 2 4 21 O 30
4319 2442 2 21 112 O 20
4303 4295 2 58 319 O 10
4293 4291 2 5 0 C 0
4291 4290 2 27 0 C 0
4290 4284 2 18 0 C 0
4292 4294 2 11 0 C 0
4294 1624 2 22 118 O 20
1624 1623 2 8 40 O 30
1623 1644 2 8 39 O 10
1644 4299 2 6 30 O 10
4331 4347 1 15 79 M 10
4334 4352 1 2 7 O 20
4341 4332 1 31 172 O 30
4332 7704 1 4 22 O 10
420 8168 2 48 266 O 20
4340 433 1 13 71 O 20
6597 4339 2 32 173 O 30
4339 4348 2 4 18 O 20
8355 8196 1 11 59 O 20
433 8183 2 7 36 O 20
8183 7512 2 6 31 O 20
7512 5706 2 2 10 O 30
8356 5382 1 10 55 O 10
5306 4347 1 11 56 O 10
6168 5495 2 6 33 O 10
5495 7550 2 17 93 M 20
4331 6065 1 15 78 O 20
5708 4335 1 7 38 O 30
4344 4333 1 12 66 M 30
4353 4335 1 8 43 O 30
4357 7071 2 10 51 O 30
7071 7069 2 38 209 O 10
7069 4355 2 5 24 O 10
4523 4376 2 34 185 O 20
4376 4377 2 6 28 O 20
4377 4527 2 20 106 O 10
4527 4526 2 3 14 O 10
4526 4524 2 46 252 M 30
4524 4376 2 5 24 O 20
2626 4368 2 18 98 M 20
4361 4359 2 12 65 O 10
4362 1250 2 9 49 M 20
1250 1248 2 8 44 O 20
1248 4361 2 11 57 M 10
4361 4360 2 29 159 O 20
4375 4372 2 78 433 O 10
4367 4366 2 28 151 O 20
4366 2622 2 27 149 O 10
4373 4371 2 33 180 O 30
4378 4363 2 28 152 O 20
4363 2618 2 27 150 M 20
4382 4381 2 9 47 O 10
4383 1705 2 5 25 O 30
1705 4382 2 23 123 O 20
4382 4380 2 9 47 O 30
4391 106 2 7 39 O 30
106 4387 2 7 37 M 10
4388 4386 2 7 37 M 10
4386 5430 2 7 37 O 30
4390 4389 2 6 28 M 20
994 4920 2 2 7 O 20
4920 996 2 19 100 O 10
996 994 2 20 109 M 10
5738 7832 1 60 328 O 20
4404 4705 1 4 20 M 30
4406 6540 1 10 50 O 30
4405 4406 1 10 52 O 20
4397 4400 2 9 47 O 20
438 5760 2 4 0 C 0
7836 7831 1 24 131 O 20
4398 4399 2 19 104 O 20
4401 4399 2 7 37 O 20
4399 4396 2 9 48 O 20
4411 7662 2 15 83 O 30
4415 4421 2 15 83 M 20
7672 7673 2 15 83 O 10
4429 4431 2 16 84 O 20
8338 8340 1 3 12 O 10
8340 8341 1 1 3 M 10
8341 4468 1 3 15 O 30
4468 4469 1 1 2 O 10
4469 4470 1 4 18 M 30
4470 8337 1 3 13 O 10
8337 8338 1 2 10 M 30
3296 4437 2 15 83 O 20
8341 4467 1 3 13 O 30
3276 4427 2 13 67 M 20
3280 5488 1 15 82 M 30
3316 5490 2 20 109 O 30
4428 4430 2 9 48 O 20
7628 6240 2 16 84 O 30
4408 4410 2 8 43 M 30
4462 4464 1 3 15 O 30
5489 141 2 14 75 O 10
3281 3274 2 16 85 O 30
3274 4424 2 16 84 O 20
3199 6567 2 3 15 M 20
6567 4466 2 9 49 M 10
4425 4422 2 9 47 O 30
4456 3328 2 20 108 O 10
4444 4438 2 16 84 O 20
3291 4447 2 15 82 O 20
3309 3297 2 15 82 O 30
3301 3312 2 15 83 O 30
7663 4412 2 15 83 O 30
3289 3298 2 15 81 O 10
3321 4453 2 15 82 O 30
3197 8348 1 7 34 O 30
8348 543 1 4 19 O 30
543 4465 1 5 26 O 20
4443 4451 2 8 41 O 20
4452 3318 2 16 84 M 20
4433 4439 1 16 83 O 20
4465 4464 2 2 8 O 30
3323 4455 2 15 83 O 10
7670 4419 2 15 82 M 10
4445 3310 2 15 83 O 30
4454 3325 2 20 108 M 20
4448 3317 2 16 84 O 10
4423 4417 2 16 84 O 10
3286 4442 2 15 83 O 10
4441 3302 2 15 83 O 20
3306 3296 2 15 83 O 20
4446 6316 2 15 83 M 20
3313 3299 2 15 82 O 20
3283 3275 2 16 85 O 10
4461 3333 2 20 108 O 10
4418 4413 2 16 84 O 10
4449 3316 2 15 81 O 20
6317 4434 2 16 84 O 20
3288 4432 2 16 84 O 30
3277 4426 2 16 85 O 10
4458 3327 2 15 83 O 30
4435 4440 2 16 83 M 10
4437 3280 2 16 84 O 20
3285 3292 2 16 84 O 30
3293 4450 2 15 83 O 10
7664 4414 2 15 83 O 30
8336 3197 2 3 11 M 20
7664 4424 2 16 84 O 20
3501 4483 2 16 86 M 10
3407 4473 2 18 99 O 20
3485 4480 2 6 32 M 30
3413 4474 2 8 40 O 20
3365 4471 2 6 29 O 10
3394 4472 2 8 43 M 10
3489 4481 2 8 40 O 30
3440 4475 2 21 113 O 20
3517 3531 2 17 93 O 30
3531 3542 2 16 87 M 20
3542 7597 2 15 83 O 10
7597 7595 2 13 72 O 20
7301 7445 1 20 111 O 20
3472 3454 1 17 94 O 20
4527 4528 2 6 33 O 30
4528 4526 2 5 26 O 10
3454 4509 1 6 32 O 10
4509 3472 1 12 61 M 30
3389 3408 2 16 84 O 10
4504 3432 2 12 66 O 30
4485 4484 2 2 10 M 20
4524 4377 2 5 23 M 30
4492 3364 2 10 51 O 20
7109 4769 2 11 57 O 10
4769 7896 2 26 143 O 30
7896 7894 2 17 90 O 10
7894 3460 2 11 58 O 20
3460 3458 2 5 26 O 10
3458 409 2 17 91 O 10
409 2544 2 19 100 O 30
2544 3448 2 16 87 M 20
3448 2543 2 18 95 O 20
2543 3447 2 8 44 O 20
3447 3446 2 11 58 O 20
3446 5854 2 12 66 O 10
4486 3359 2 11 56 O 30
3922 7299 1 9 48 O 30
4506 3451 2 12 65 O 30
3451 4510 2 10 52 O 30
4531 4532 2 32 175 M 10
4523 4374 1 9 49 O 20
4522 4523 1 8 42 O 20
4511 3479 2 10 51 O 30
3505 4518 2 12 64 O 10
109 4521 2 14 76 O 20
4520 4519 2 14 74 O 30
4503 4501 2 16 86 O 10
4501 4497 2 16 86 O 10
4517 23 1 3 12 O 30
23 4516 1 4 19 O 30
4516 4515 1 5 24 M 30
4507 4512 2 50 272 O 10
4505 3441 2 10 54 O 10
4499 4502 2 16 86 O 20
3408 3425 2 16 87 O 20
4513 3492 2 9 46 O 20
4515 19 1 3 16 O 30
19 21 1 4 19 O 20
21 4517 1 4 20 O 20
3393 3416 2 16 87 O 20
3472 3482 2 16 83 O 20
3482 3495 2 16 85 O 20
4498 4494 2 16 88 O 20
4494 4487 2 22 118 M 10
4495 4493 2 16 87 O 10
3374 3389 2 16 87 O 30
3366 3377 2 16 88 M 30
4491 3366 2 16 85 O 10
3360 3370 2 16 85 O 20
3370 3382 2 16 87 O 20
3382 3400 2 16 85 O 30
3400 3420 2 16 86 O 20
4530 1341 2 40 221 O 10
1341 4529 2 32 175 M 30
4534 4535 2 6 30 O 30
4542 4543 2 14 74 O 30
4540 4539 2 7 37 O 10
4538 4540 2 13 69 O 20
4540 4541 2 4 20 O 20
3162 3169 2 27 148 M 20
3169 5458 2 15 80 O 10
430 4613 2 19 104 O 30
4613 4585 2 13 68 O 10
8163 4546 1 2 6 O 20
4546 4547 1 5 24 M 10
4547 4548 1 3 17 O 10
4548 8163 1 3 15 O 20
5981 4563 1 17 93 O 20
4569 4683 2 16 84 O 10
2816 4682 2 24 130 O 10
4682 4681 2 21 114 M 30
4731 4888 2 21 114 O 30
4888 5720 2 14 74 O 20
2030 4565 2 18 99 O 30
4566 7761 2 7 37 O 20
7761 7278 2 28 155 O 20
7278 7277 2 3 0 C 0
7277 4567 2 9 0 C 0
4570 4572 2 96 528 O 30
4571 1330 2 28 153 O 10
1330 1986 2 42 232 O 20
4568 4569 1 1 3 O 20
4569 4571 1 3 16 O 10
4571 4570 1 7 35 O 30
4570 4568 1 4 17 O 10
2421 4573 1 4 20 M 30
4573 2422 1 4 22 M 30
2493 4576 1 20 107 O 30
4580 6406 2 13 68 O 20
6406 6405 2 2 11 O 30
6405 2516 2 75 414 O 10
4579 429 2 32 173 M 30
4576 722 2 7 38 O 20
722 4575 2 7 36 O 10
4575 3344 1 75 416 M 30
4576 724 1 1 5 O 10
724 4929 1 7 37 O 10
4581 4582 1 14 77 O 10
4586 1305 2 22 122 O 20
1305 3339 2 2 11 O 20
3339 1303 2 1 4 O 10
1303 4578 2 26 139 M 30
7819 6880 1 16 88 O 20
6880 6898 1 34 188 O 30
112 4588 2 9 48 O 20
3090 3091 2 16 85 O 10
3091 3092 2 21 114 O 20
3092 3093 2 4 20 O 10
3093 7490 2 8 42 O 30
4588 7478 1 5 22 O 30
7478 4631 1 7 38 O 20
4631 4932 1 8 39 O 10
5732 2599 2 3 15 O 20
2599 6671 2 48 263 M 10
6671 6672 2 18 96 O 20
1880 6179 2 8 43 O 10
6179 2473 2 23 128 O 20
2473 318 2 32 173 M 10
4589 4871 2 25 138 O 30
4592 1165 2 81 446 O 30
1165 1169 2 10 51 O 20
1169 4732 2 33 179 M 20
4732 4591 2 9 46 O 10
4591 4590 2 31 169 O 20
4677 4593 2 22 119 M 20
4676 4675 2 21 112 O 30
2674 2673 2 20 106 O 20
2673 4594 2 12 64 M 20
2060 4872 2 7 39 O 20
4872 4871 2 24 132 M 30
4871 4601 2 9 48 O 20
2478 2670 1 4 21 O 20
2554 1706 2 23 125 O 20
1706 167 2 16 88 O 30
167 2556 2 22 119 O 30
2556 5799 2 10 51 O 10
5799 3600 2 6 29 M 10
3600 7038 2 30 161 M 30
7038 6888 2 6 33 O 30
6888 3611 2 10 55 M 20
3611 3619 2 33 180 M 20
3619 3620 2 7 38 O 20
3620 2560 2 18 96 M 30
4607 3625 2 17 93 O 10
3625 3627 2 33 0 C 0
4610 4608 1 9 46 O 20
4608 4609 1 6 31 O 10
8004 4611 1 11 61 O 10
4611 4612 1 10 53 M 30
4612 4613 2 22 118 M 20
7939 4615 1 32 176 O 20
4614 754 1 6 31 O 20
754 4616 1 7 35 O 20
4618 4617 1 16 85 O 20
7777 532 2 42 233 M 20
4623 4620 2 4 18 O 10
4620 4624 2 3 16 O 20
4624 4625 2 4 19 O 10
4622 4624 2 3 13 O 30
4621 4623 2 3 12 O 30
4619 4620 2 3 12 O 30
4626 4628 1 14 76 O 10
4628 4631 1 11 58 M 10
4630 4627 2 9 47 M 30
4627 4629 2 6 30 O 10
4629 4630 2 3 16 O 10
4630 4628 2 10 52 O 20
2689 2683 2 35 192 O 20
2683 2680 2 13 71 M 10
3789 3791 2 11 61 O 10
3791 3794 2 8 43 M 20
3794 3795 2 18 99 O 30
3795 3796 2 8 41 O 10
3796 6381 2 12 64 O 10
6381 5575 2 6 29 O 30
2816 2815 2 13 70 O 30
2816 2819 2 29 156 O 30
2819 188 2 9 48 O 10
188 4590 2 33 181 O 30
5313 2829 2 23 125 O 20
5888 4894 2 11 57 O 20
4894 4638 2 11 57 O 10
4678 4639 2 23 124 O 20
4642 4641 2 22 121 O 30
2054 3828 2 13 67 O 20
3828 4870 2 11 59 O 30
4870 3822 2 10 53 M 20
3822 4869 2 8 40 O 10
4869 3816 2 12 62 O 20
3816 4868 2 10 54 M 30
4868 3811 2 17 93 M 20
3811 3810 2 10 53 O 10
3810 3807 2 5 23 O 30
3807 3796 2 21 116 O 10
4643 2055 1 2 9 O 30
4647 4654 2 3 13 M 30
4650 4651 2 3 12 O 10
4659 4669 2 3 12 M 10
4649 4652 2 3 12 O 20
4648 4653 2 3 12 O 30
4660 4661 2 3 12 O 10
3471 4364 2 29 156 M 10
4364 4662 2 28 153 M 10
4663 4666 2 3 13 O 30
4646 4656 2 3 13 O 10
4664 7624 2 3 13 O 10
4655 4665 2 3 13 O 10
4667 4645 2 3 13 O 10
4670 2579 1 4 21 O 10
2068 4672 2 9 47 O 20
4733 6390 2 19 106 M 20
6390 4797 2 41 226 O 20
4673 7144 2 10 51 O 10
7144 6445 2 5 27 M 20
6445 7139 2 13 67 O 30
7139 6462 2 21 115 O 10
6462 6848 2 9 46 O 20
6848 5016 2 17 92 O 10
2970 2982 2 50 275 M 20
4674 2815 2 14 76 O 10
2815 5260 2 31 170 M 10
4686 7695 2 17 91 O 10
4687 741 2 3 16 M 10
741 3349 2 38 210 O 20
3349 951 2 48 265 O 30
951 7487 2 1 3 M 20
4691 145 2 30 163 O 30
4693 4694 1 3 14 O 30
4694 4696 1 3 16 O 10
4689 4688 2 17 91 O 10
4693 7489 2 34 184 O 20
4692 4690 2 24 131 O 10
4697 7694 2 20 109 O 20
7694 3303 2 15 80 O 10
3282 4697 2 9 49 O 30
5725 5724 2 22 117 O 10
5717 4786 1 18 95 O 10
4276 4277 2 17 0 C 0
4277 4395 2 7 0 C 0
4395 1650 2 1 0 C 0
1650 1649 2 3 0 C 0
1649 1648 2 9 0 C 0
1648 4285 2 7 0 C 0
4074 2354 1 12 64 O 30
4171 4170 2 9 47 O 20
4170 6816 2 7 36 O 20
5120 5660 2 33 181 O 30
4711 4712 2 24 128 M 20
4709 4710 1 1 4 O 20
4710 4711 1 4 19 O 30
4711 4708 1 3 13 O 30
4708 4709 1 2 7 O 20
4713 4720 2 28 152 O 10
4721 4717 2 16 84 O 10
4717 4716 2 9 47 O 20
4716 4714 2 6 29 O 20
4718 4715 1 5 28 O 30
4718 4721 2 10 55 O 20
4721 4716 2 7 36 O 10
4719 4720 1 17 92 O 10
4720 4717 1 3 15 O 30
8244 4728 1 5 27 O 20
4728 7913 1 4 18 O 30
7913 5884 1 9 46 O 20
5259 4729 1 17 90 O 20
4674 4671 2 32 174 O 20
5883 8246 1 16 86 O 20
8246 4727 1 5 28 O 20
4730 4731 1 3 15 O 10
4731 125 1 3 12 O 10
125 6687 1 4 18 O 10
6687 4730 1 1 5 O 30
4672 2679 2 1 5 O 20
2463 4558 1 14 76 O 30
4784 4785 1 19 103 O 10
4785 2461 1 2 8 O 20
4788 4787 2 36 200 O 10
4789 4791 2 20 109 O 10
4791 4790 2 8 39 O 20
4794 4793 2 10 53 M 10
4252 1727 2 22 0 C 0
1727 1546 2 8 0 C 0
1546 1584 2 12 0 C 0
1584 1583 2 21 0 C 0
1583 1554 2 5 0 C 0
1554 1582 2 16 0 C 0
1582 1557 2 4 0 C 0
1557 412 2 18 0 C 0
4252 4799 1 3 0 C 0
2602 2604 1 13 69 O 30
2603 2601 1 13 71 O 10
2604 2605 1 41 224 O 30
2605 8410 1 6 31 O 30
8410 1844 1 6 31 O 20
1844 1118 1 2 9 O 30
2595 2591 1 98 540 M 20
7459 7185 1 42 232 O 10
7185 5992 1 53 290 O 30
4553 5233 1 10 53 M 10
5234 5721 1 10 53 O 10
497 4093 1 13 70 O 20
4093 3240 1 21 113 O 30
3240 308 1 13 68 O 30
308 6496 1 14 75 M 10
6496 6499 1 4 22 O 30
6499 6475 1 11 61 O 30
6475 6503 1 15 78 O 20
6503 6506 1 8 39 O 30
6506 5241 1 5 27 O 20
5241 492 1 36 199 O 20
1892 4848 1 3 13 O 30
5666 5841 1 3 13 O 30
4852 137 1 9 46 O 10
4849 3573 2 5 23 O 10
2556 4849 2 27 148 O 30
4861 8024 2 1 0 C 0
4673 1221 2 30 164 M 30
1221 5091 2 16 87 O 10
4858 5016 2 2 11 O 30
6699 8096 2 8 42 O 20
4173 4174 2 15 83 O 30
1913 1920 2 10 53 O 30
1920 5057 2 30 164 O 30
5057 5069 2 52 285 O 30
5069 4997 2 4 22 M 10
4865 1913 2 37 201 O 30
5715 5716 1 19 101 M 20
6169 3178 2 22 118 O 20
3178 3180 2 3 14 M 30
3180 4530 2 19 103 M 30
4530 4532 2 13 71 O 30
4532 4533 2 13 67 M 30
4525 6169 2 4 20 O 20
5709 5705 1 13 71 M 10
5710 5708 1 4 19 O 30
5293 5295 1 21 114 O 10
6200 4355 1 17 90 O 10
4355 7546 1 10 53 O 20
5305 4330 2 13 72 O 10
2406 5492 1 25 134 O 20
3780 1807 2 170 940 O 30
220 3539 2 27 149 O 10
4692 720 2 16 87 O 20
720 731 2 2 7 O 30
731 173 2 4 18 M 10
7481 7946 2 7 38 O 30
7946 7480 2 4 20 O 30
4875 4876 2 6 29 O 10
4877 4879 2 9 46 O 10
1966 1956 2 9 46 O 20
5251 5250 2 13 71 O 10
6686 5252 2 9 50 O 20
7812 6459 2 18 98 O 20
6459 3221 2 16 87 O 30
3221 6259 2 42 233 O 20
4883 4884 2 10 52 O 20
4882 4880 2 53 292 M 10
4903 4904 2 4 21 O 10
4904 7762 2 8 39 O 20
7762 2074 2 54 300 O 20
2074 2067 2 18 96 O 30
2067 4600 2 18 99 O 10
4199 4892 2 6 33 M 30
4892 4207 2 19 103 O 10
4212 4227 2 37 200 M 10
6172 4228 2 19 102 O 20
4228 4227 2 20 106 O 20
4901 31 2 38 209 O 10
31 4029 2 79 439 O 10
4914 4917 2 14 77 M 20
4923 2725 2 4 22 O 10
4911 4910 2 17 94 M 20
4910 4918 2 7 37 O 30
4918 4911 2 2 10 O 20
4911 4919 2 16 85 O 20
4912 4914 2 7 39 O 10
4914 2723 2 5 28 O 30
4915 4922 2 7 34 O 30
4916 2008 2 7 36 O 10
2008 2000 2 17 90 M 20
4924 4921 2 7 37 O 30
4917 4907 2 7 37 O 30
4915 4924 2 14 73 M 30
4909 4913 2 4 17 M 30
4919 4908 2 5 26 M 30
4923 4909 2 12 65 M 20
4925 5385 2 19 103 O 30
5385 5388 2 92 510 O 30
6427 4300 2 15 82 O 30
4347 4332 1 19 103 O 10
4347 4341 1 14 74 M 10
4956 4957 2 18 99 M 30
790 4957 2 10 56 O 10
4957 4958 2 10 53 O 30
4958 4966 2 7 38 M 20
4966 4959 2 2 6 O 30
4959 4960 2 30 163 O 10
4959 4969 2 11 58 O 10
4969 4963 2 5 27 O 30
4963 4961 2 21 112 O 10
4961 4962 2 6 28 O 30
4963 5286 2 17 90 M 10
5286 4964 2 11 60 O 20
4961 5286 2 15 83 O 20
5286 4965 2 16 89 M 20
4966 4965 2 19 102 O 20
4965 4967 2 11 59 M 10
4958 4968 2 31 170 O 20
4969 4970 2 19 100 M 20
2913 4971 2 7 35 O 20
4973 4974 2 12 64 O 10
4975 4976 2 14 75 O 10
5811 4562 1 15 83 O 20
5289 2835 2 19 101 O 30
2835 2836 2 20 111 O 10
2836 2837 2 21 112 O 20
2837 7577 2 11 56 O 30
5253 2920 2 63 346 O 10
2920 2921 2 16 87 O 20
2921 6636 2 30 165 O 30
6636 2925 2 14 78 M 20
5255 2919 1 2 6 O 10
2919 5253 1 4 17 M 10
5253 5254 1 2 11 M 30
5254 5255 1 1 2 O 30
5825 1046 2 5 27 O 20
1046 5830 2 5 26 O 20
5830 1064 2 19 101 M 10
1064 1075 2 21 112 O 20
1075 5831 2 8 44 M 30
5824 5833 2 2 11 O 10
5833 1067 2 5 23 M 10
1067 5823 2 7 37 O 10
1874 6787 2 27 149 M 10
6787 6100 2 7 37 M 10
5178 5177 2 6 32 O 30
303 2196 2 13 0 C 0
2196 2188 2 5 0 C 0
2188 2214 2 25 0 C 0
66 876 1 9 49 O 20
6594 4795 2 11 60 O 30
3701 3703 1 2 0 C 0
3700 3701 1 2 0 C 0
2169 7315 2 32 0 C 0
7315 4737 2 3 0 C 0
4737 3643 2 10 0 C 0
3739 3737 2 9 45 O 30
3800 1486 2 4 20 O 20
1486 3802 2 76 421 O 30
3797 3800 2 19 103 O 30
7035 233 1 33 180 M 10
471 7036 2 19 101 M 30
7036 4245 2 28 153 O 30
3819 6748 2 31 168 M 30
6748 3817 2 16 85 O 20
3817 1832 2 105 579 O 30
1832 5565 2 19 102 M 20
998 997 2 4 22 O 10
5906 404 2 18 99 O 20
404 3527 2 10 55 O 30
3527 403 2 25 136 M 20
2289 5271 1 12 61 O 30
7197 3833 1 18 95 O 20
441 4599 1 26 143 O 10
1820 1817 1 14 77 O 10
4603 4602 1 2 11 O 20
2068 4734 2 6 29 O 10
4734 2066 2 12 65 O 30
2073 2069 2 13 71 O 20
4603 312 2 13 69 O 20
312 314 2 17 89 O 30
5287 2007 2 13 68 O 30
8271 5276 2 56 309 O 30
5276 1995 2 92 509 O 30
1544 1543 2 9 0 C 0
1543 2640 2 12 0 C 0
2640 4798 2 17 0 C 0
4178 4179 1 2 0 C 0
4599 2289 1 5 27 O 20
2641 4178 1 2 0 C 0
2541 2539 1 2 11 M 30
2547 5314 1 2 6 O 20
235 6171 2 12 64 O 10
6171 14 2 5 23 M 20
2163 5317 1 3 0 C 0
5317 2165 1 2 0 C 0
8318 6597 2 26 141 O 20
1897 6870 1 13 69 O 30
2848 136 2 16 85 O 30
5296 6190 1 7 38 O 10
6190 7282 1 2 8 O 20
7282 7280 1 31 171 O 30
7280 6189 1 2 7 O 10
6189 2848 1 8 39 O 30
2848 6649 1 6 33 O 30
6649 6645 1 1 3 M 20
6645 6097 1 19 103 O 30
5271 7287 1 33 183 O 10
2531 5321 2 3 0 C 0
5318 5319 1 4 0 C 0
5318 3019 2 5 0 C 0
3019 1719 2 22 0 C 0
1719 3020 2 2 0 C 0
3020 4955 2 5 0 C 0
4955 3021 2 7 0 C 0
2531 5852 1 14 0 C 0
5356 5730 1 4 18 M 30
1843 2603 1 42 229 M 20
5344 5357 1 2 9 O 20
5319 5320 1 2 0 C 0
1374 1370 1 20 109 M 30
5342 5343 1 5 28 O 20
5355 5356 1 4 17 O 30
5345 5497 2 12 64 M 20
5497 5391 2 20 109 M 30
5391 1752 2 8 42 O 30
1752 3024 2 27 146 M 30
3024 3023 2 5 25 O 20
3023 7508 2 17 93 O 20
5346 5345 2 3 15 M 10
5347 5350 2 6 29 O 20
7764 7086 2 6 30 O 30
7086 7765 2 6 28 O 20
7765 4357 2 12 62 M 30
4357 7575 2 3 16 O 30
5352 5411 1 9 46 O 10
5354 5352 1 4 21 O 30
5613 5728 1 14 73 O 30
5351 5348 1 4 22 O 20
5349 5353 1 4 18 O 10
3003 5360 2 20 111 O 10
5361 8138 2 15 78 O 10
2251 2255 1 26 141 O 10
4002 4001 1 4 18 O 10
4001 5135 1 2 9 O 10
2253 2235 1 15 80 O 30
2245 3984 2 2 10 O 30
2250 5282 1 6 32 O 20
3680 2260 1 1 2 O 10
7037 4008 2 21 117 O 20
6722 3679 2 2 10 M 30
3679 52 2 13 69 O 30
52 1413 2 36 196 O 10
1413 3674 2 24 128 O 20
3674 3659 2 66 363 O 10
3681 2260 1 3 13 M 30
2227 2229 1 26 139 O 30
2231 7698 1 7 0 C 0
2237 2249 1 14 77 O 20
2249 2247 1 5 26 O 20
2222 2233 1 27 146 O 10
5622 6430 1 10 55 O 30
2238 2244 1 2 6 M 10
5135 4002 1 3 12 O 10
2225 3997 2 3 11 O 30
2263 3984 1 11 56 M 10
3762 3765 2 46 250 O 10
3745 8275 2 2 7 O 30
8275 3739 2 12 63 O 10
1545 1534 2 3 0 C 0
4254 5864 2 8 0 C 0
5366 2638 2 84 464 O 30
2638 2293 2 15 80 O 30
3539 2295 2 40 220 O 20
2295 410 2 60 331 O 30
3562 3563 2 16 85 O 20
3581 3571 2 30 162 O 20
3571 2630 2 17 91 O 10
2630 5750 2 14 77 O 30
5750 3545 2 9 49 O 30
3545 8396 2 15 79 O 20
2631 3566 2 5 27 O 30
3566 3572 2 12 62 O 20
3572 3578 2 16 85 O 30
3578 2271 2 17 91 O 30
2271 4370 2 18 98 O 30
4370 399 2 15 83 M 10
7612 2633 2 12 61 O 10
2633 1567 2 7 36 O 20
1567 7616 2 13 71 M 20
7616 2634 2 20 109 O 20
2634 2636 2 19 102 O 20
7596 7593 2 10 51 O 20
7595 7596 2 10 55 O 30
2562 2564 1 3 15 O 30
2563 2562 1 3 13 O 30
4850 2551 2 50 277 M 30
2561 4607 1 3 17 O 10
2559 2560 1 3 15 O 10
2560 2561 1 4 19 O 30
3578 6311 2 66 362 O 10
6311 3588 2 44 242 O 30
5845 5763 1 58 319 M 20
2578 5912 1 39 212 O 20
5911 4778 1 44 240 O 20
5367 7995 2 4 20 O 30
2158 3599 2 16 88 O 30
5368 5369 2 8 42 O 10
3514 3522 2 30 164 M 20
3522 3525 2 8 41 O 20
3525 3526 2 18 98 O 20
3526 3504 2 49 269 M 30
3504 3499 2 23 124 O 20
3493 3485 2 8 42 O 20
3485 3487 2 13 70 O 20
3487 3494 2 27 149 O 20
3494 3496 2 16 88 M 20
3407 3410 2 30 162 O 10
5375 7903 2 26 142 O 30
7903 2557 2 5 26 O 30
2557 6239 2 11 59 M 30
6239 3605 2 9 48 O 10
3605 6201 2 7 37 O 30
6201 6203 2 2 9 O 10
6203 3248 2 8 41 O 30
3248 7898 2 8 41 O 20
7898 3247 2 9 47 O 10
3247 1354 2 4 19 O 20
1354 3593 2 14 74 O 30
3593 2555 2 21 113 O 20
2161 5375 2 4 19 O 10
2160 2159 2 4 22 M 20
4905 6325 2 19 101 O 30
6325 2561 2 47 257 M 20
5376 5805 2 3 15 O 30
5379 5377 1 4 18 M 10
5377 5735 1 39 216 M 10
6219 3278 1 8 43 O 20
3278 4436 1 15 82 M 20
4436 5482 1 15 82 O 10
5482 2585 1 16 83 O 10
2585 2586 1 13 69 M 30
5805 6321 2 11 57 O 30
6321 2567 2 3 13 O 20
5378 2580 1 4 18 O 30
5380 809 2 6 28 O 20
809 5381 2 6 29 O 20
5296 1922 2 3 16 O 30
8168 437 2 21 117 O 20
7708 4897 2 21 115 O 30
5297 1875 2 20 111 O 10
437 8196 2 2 10 O 30
5382 4349 1 3 17 O 20
4349 4354 1 19 105 O 10
4151 4159 1 6 0 C 0
435 1853 2 12 61 O 30
1927 371 2 28 151 O 30
1927 1288 2 36 200 O 10
7521 837 2 5 25 O 30
837 834 2 2 6 O 30
834 5383 2 6 32 O 10
5383 835 2 3 11 O 30
415 6630 1 10 54 O 20
6630 8189 1 4 20 O 10
8189 8188 1 11 60 O 30
8188 6629 1 1 3 M 10
6629 8187 1 1 1 O 10
8187 7549 1 12 64 O 20
7549 8192 1 5 27 O 20
8192 419 1 6 33 M 20
414 435 2 48 263 O 20
8095 5980 1 77 424 O 20
433 4351 2 4 19 O 20
415 414 2 34 186 O 10
2155 2154 2 2 10 M 20
4162 4161 2 3 0 C 0
419 6187 1 7 36 O 20
6187 436 1 23 125 O 30
436 7552 1 8 43 O 30
4160 1077 1 1 0 C 0
1077 1079 1 15 0 C 0
1079 1078 1 3 0 C 0
1078 4152 1 5 0 C 0
4141 4563 1 9 49 O 10
4141 4138 1 3 14 O 30
5984 5985 1 28 150 O 10
4138 4139 1 2 10 O 10
5491 2415 1 54 297 O 30
5493 2405 1 5 27 O 10
2405 2403 1 26 140 O 20
5492 5491 1 6 30 O 30
5495 5494 1 33 182 O 30
5496 5497 2 10 53 O 30
5498 6324 2 46 251 O 20
6866 7038 2 5 23 O 20
2584 6220 1 39 214 O 30
5499 4670 1 13 69 O 30
4670 5765 1 15 80 O 10
5765 5378 1 39 216 O 30
5502 5736 1 12 62 O 30
5501 5499 1 5 24 O 30
5500 5502 1 5 24 O 10
7488 5769 1 14 72 O 10
5769 2594 1 25 138 O 30
2594 6078 1 45 246 M 20
6078 7486 1 4 22 M 20
4371 2634 2 91 500 M 30
4371 2638 2 18 97 M 20
5504 5503 2 25 133 O 30
5505 6464 1 24 128 O 10
6464 5506 1 15 79 O 20
3885 5507 2 14 73 M 20
5507 1269 2 8 39 O 10
1269 6303 2 27 149 O 20
6303 5655 2 86 475 O 30
5655 4596 2 17 93 O 10
3351 3352 2 45 248 O 10
5775 4083 1 15 79 O 10
5522 7745 2 1 5 O 30
7745 2088 2 17 90 M 20
2088 2097 2 13 72 M 20
5523 4088 2 30 163 O 10
4088 2086 2 39 212 O 10
5866 4260 1 9 0 C 0
5867 2168 1 9 0 C 0
2168 7782 1 5 0 C 0
7782 1822 1 8 0 C 0
1822 1823 1 26 0 C 0
5573 3806 2 28 155 O 20
3806 3785 2 38 208 O 10
1809 1180 2 26 0 C 0
1180 6111 2 20 0 C 0
3777 3775 2 30 165 O 30
3775 3773 2 30 165 O 30
3781 4680 2 84 464 O 30
3793 3797 2 34 188 M 30
5571 5572 2 28 155 O 10
3721 3712 2 26 0 C 0
5575 5576 2 6 32 O 30
5576 5574 2 17 89 M 10
5578 5577 2 9 49 O 20
2054 2055 2 3 11 M 10
4052 5579 2 10 53 O 20
5579 5580 2 6 32 O 30
5583 4047 2 12 66 O 10
4047 4039 2 36 197 O 30
5584 5583 2 4 20 M 30
5581 5562 2 16 87 O 30
5562 4058 2 20 109 O 10
5585 5581 1 3 17 O 10
5553 5559 2 21 113 O 10
5559 3908 2 19 100 O 10
3908 5528 2 21 112 O 10
5528 7553 2 6 31 O 10
5588 5527 2 5 25 O 30
5527 3855 2 50 276 M 30
5270 5588 2 6 28 O 20
3896 5591 2 29 157 M 10
5591 3877 2 15 83 M 20
5591 5590 2 15 79 O 30
5548 1811 2 13 70 O 10
5592 1812 1 6 33 M 10
5593 3901 2 8 40 O 20
3901 3911 2 25 139 M 30
3846 3847 1 4 18 O 20
5532 5546 2 17 94 O 30
5546 466 2 22 122 O 30
466 3902 2 26 143 O 10
5595 5897 1 16 87 O 20
5594 1039 2 8 43 O 30
3839 5596 1 22 117 O 30
5597 5598 1 2 8 O 30
5599 2310 2 27 147 M 30
8395 3428 2 3 13 M 10
3428 2304 2 7 36 O 30
2304 3437 2 9 49 O 20
3437 8323 2 15 80 M 10
4705 4403 1 5 24 O 20
2442 1701 2 28 151 O 10
1701 1677 2 14 78 M 10
1677 4327 2 11 56 O 30
4327 4328 2 20 110 O 10
4328 7873 2 15 79 M 10
7873 2443 2 17 94 M 10
2444 2319 1 3 15 O 20
2319 2443 1 3 15 O 20
2443 2317 1 4 17 O 30
5600 5601 2 13 67 O 20
15 8250 2 7 33 O 20
2446 2445 1 3 14 O 30
2445 2447 1 3 15 O 10
292 3421 2 19 103 O 30
3421 2310 2 24 129 O 30
2310 2267 2 22 117 O 10
2267 2318 2 7 35 O 30
2318 2265 2 25 136 O 30
2447 2448 1 3 14 M 10
2448 2446 1 3 13 O 30
5602 4299 1 3 12 O 20
4299 4297 1 3 14 O 20
4297 4298 1 2 6 M 10
5760 7835 1 79 0 C 0
4286 4285 1 2 0 C 0
4282 4283 1 2 0 C 0
5603 5605 1 4 21 O 20
5605 7211 1 1 3 M 10
7492 4944 2 15 80 O 20
4944 5851 2 7 39 O 20
3001 2998 1 21 0 C 0
2998 5606 1 7 0 C 0
5606 3001 1 11 0 C 0
2970 2972 2 17 92 O 20
2972 2973 2 11 60 O 10
2973 2974 2 18 95 O 20
2974 2978 2 20 109 O 30
5607 7491 2 8 40 O 20
7491 5608 2 8 44 M 10
3001 3004 2 17 0 C 0
3004 3006 2 17 91 O 10
3002 3004 2 15 83 O 30
3006 3008 2 10 50 O 10
3008 3009 2 19 0 C 0
3009 3010 2 3 0 C 0
3010 3013 2 37 0 C 0
3013 3014 2 7 0 C 0
3014 3017 2 24 0 C 0
3017 5320 2 25 0 C 0
5320 5318 1 3 0 C 0
5412 2951 2 26 141 O 10
2951 5413 2 14 76 O 30
2511 2510 1 3 13 M 20
2510 2512 1 3 15 O 20
2513 2511 1 3 13 O 10
237 4580 1 1 3 O 30
4584 4583 1 2 11 O 10
431 3343 2 8 42 O 10
3341 7939 2 3 12 O 20
7939 3342 2 24 128 M 20
6320 2568 1 1 2 O 30
5595 6192 2 17 93 O 20
6192 5611 2 50 276 O 30
5617 5615 1 15 81 O 20
5614 3336 1 19 104 M 30
5619 5614 1 7 33 O 20
5615 5616 1 6 31 O 20
5623 7535 2 81 448 O 20
715 713 1 5 0 C 0
713 4702 1 51 0 C 0
1965 5014 2 15 0 C 0
5619 3336 2 13 72 O 10
5618 5620 1 6 33 O 30
3320 537 1 8 41 M 20
537 5618 1 4 18 O 10
3336 421 2 9 46 O 30
421 3341 2 38 209 M 20
1816 7290 1 5 27 O 30
7303 5273 1 14 73 O 20
5273 7291 1 20 109 M 10
1961 1955 2 13 0 C 0
5631 219 1 8 40 O 20
219 217 1 2 7 M 20
3127 5633 2 22 121 O 20
4748 4749 1 47 259 O 10
4749 5514 1 35 190 O 10
5635 5636 2 13 67 O 30
5637 5638 2 9 45 O 30
2237 2235 1 3 15 O 20
2235 2241 1 2 7 O 10
2235 2251 1 15 80 M 10
2234 2238 1 3 14 O 30
2234 2220 1 6 29 O 30
5648 3711 2 33 0 C 0
5645 1768 2 1 3 O 20
1768 4233 2 33 178 O 10
4233 1771 2 12 62 M 20
1771 1773 2 3 13 O 10
1773 1775 2 17 93 M 30
1775 1777 2 9 48 M 10
1777 4221 2 9 45 M 10
4221 1514 2 56 307 O 30
1514 298 2 21 114 M 30
5644 4238 2 20 108 O 20
4238 5645 2 10 53 O 20
5646 5642 2 32 174 O 20
3711 5647 2 23 0 C 0
5647 3699 2 48 0 C 0
4927 7157 2 29 0 C 0
7157 4269 2 12 0 C 0
4269 3692 2 14 0 C 0
3692 5930 2 18 0 C 0
5930 380 2 23 0 C 0
3889 3890 2 2 7 O 10
5507 1268 2 31 167 O 20
1268 1269 2 30 163 O 10
5654 5655 2 8 42 O 20
3194 3205 2 35 193 O 10
6329 3177 2 21 112 O 30
3177 3185 2 23 128 O 30
3939 7725 2 26 143 O 10
7725 7726 2 5 24 O 30
7726 3927 2 51 280 O 20
6319 8161 2 3 16 O 10
8161 8159 2 4 20 O 30
8159 8157 2 4 20 O 30
8157 3946 2 24 129 O 30
3955 6290 2 69 382 O 10
3946 3943 2 7 35 O 10
5659 5658 2 12 63 O 30
132 5888 1 24 132 O 30
5888 5886 1 13 69 O 10
1851 8220 2 4 21 M 10
8220 4338 2 6 33 M 30
7802 8315 2 75 412 O 10
8315 8316 2 5 25 O 20
8316 7274 2 6 30 O 10
7274 8317 2 2 6 M 20
5662 5661 1 1 5 M 10
5661 5664 1 3 14 O 30
5664 5665 1 3 13 O 20
5665 5663 1 3 12 O 30
5663 5662 1 2 9 O 30
5667 5668 2 23 0 C 0
4722 4172 2 3 12 O 10
8351 4999 2 54 295 O 20
4999 4173 2 46 253 O 20
5672 5674 2 18 98 O 20
5673 5672 2 19 100 M 10
5672 5671 2 14 77 O 10
5682 5681 2 2 11 O 30
5681 7121 2 3 11 O 30
7121 5680 2 6 29 O 30
5680 5679 2 3 16 O 30
5679 6114 2 5 23 M 10
6114 6113 2 20 107 O 30
6113 5679 2 24 133 M 10
5685 7120 2 8 42 O 10
7120 7122 2 5 27 O 20
7122 5683 2 8 43 O 10
5681 5690 2 18 99 O 20
5690 5677 2 12 63 M 30
6688 5687 2 30 166 O 20
5687 5686 2 29 161 M 30
5686 5688 2 16 85 O 10
5688 5687 2 13 72 O 30
5694 5695 2 4 20 O 30
5695 5697 2 10 55 O 30
5232 6012 2 4 20 O 10
6694 5692 2 16 86 O 20
5690 6690 2 5 28 O 20
5695 5691 2 14 77 O 30
5691 5693 2 9 50 O 20
5689 5676 2 29 159 O 30
5698 5700 2 23 127 M 10
4732 5698 2 5 27 O 30
5698 5699 2 16 84 O 10
2837 1421 2 4 18 O 20
1421 1731 2 18 96 O 20
5706 5704 1 12 64 O 30
410 2629 2 3 16 O 20
5786 5749 2 13 72 O 10
5749 3551 2 12 61 O 20
3551 3554 2 5 28 O 10
3554 2631 2 17 90 O 30
2265 2286 2 4 22 O 10
2286 2266 2 21 115 M 20
2266 2294 2 3 17 O 10
2294 2285 2 15 78 O 20
2285 2292 2 8 42 O 10
2292 2298 2 16 85 O 20
2298 2288 2 10 51 O 10
2288 410 2 14 75 O 30
341 340 2 2 11 M 30
340 2628 2 1 3 O 20
2628 2626 2 25 134 O 20
2625 4517 2 86 473 O 10
5747 2302 1 2 10 O 30
5749 5750 2 21 114 M 30
5751 5752 2 19 104 O 30
5786 2627 1 11 59 O 30
2281 5787 2 7 38 M 20
5787 6949 2 6 33 O 30
6949 6938 2 1 4 M 10
6938 938 2 21 115 O 30
938 7188 2 10 51 O 30
7188 5598 2 17 92 M 30
5788 4245 2 2 9 O 30
4245 3500 2 27 145 O 10
3500 6918 2 9 48 O 10
6918 5506 2 8 40 M 20
5506 3506 2 10 54 O 10
5803 5804 1 18 98 O 10
5804 5801 1 18 99 O 10
5802 5804 2 13 67 M 10
5792 5791 2 7 37 O 10
5795 5798 2 7 36 O 30
5801 5803 1 8 41 O 30
5794 5797 2 14 73 O 30
5798 5797 2 18 96 O 10
5797 5796 2 15 83 M 20
5799 5800 2 5 27 O 10
2614 5349 1 7 34 O 20
5816 5827 2 25 137 M 20
5827 5819 2 4 20 O 20
5819 5829 2 12 61 O 20
5829 5820 2 4 18 O 20
5830 5828 2 25 136 O 10
5832 5263 2 14 76 M 20
5827 5824 2 19 103 O 10
5829 5821 2 11 57 M 30
5821 5819 2 4 19 O 20
5818 5823 1 2 9 O 20
5823 5832 1 2 10 O 10
5832 7260 1 2 6 O 10
7260 5831 1 1 4 O 10
5831 5818 1 1 2 M 20
5833 5820 2 4 19 O 10
5820 5817 2 4 22 O 20
5817 5822 2 9 47 O 20
5822 5826 2 6 28 O 30
5826 5817 2 5 24 O 30
5824 5816 2 5 24 O 10
5816 1069 2 8 42 O 10
1069 5262 2 7 34 O 20
4748 4815 2 56 0 C 0
5849 589 2 12 62 M 30
589 5848 2 2 11 O 20
501 499 1 5 23 O 30
499 2421 1 40 219 O 10
2421 2422 1 3 16 O 30
2422 500 1 26 142 O 10
500 7801 1 6 33 O 10
4154 7793 2 3 16 M 10
7793 5267 2 19 104 O 20
862 861 1 16 85 O 20
6089 5511 1 13 69 O 20
5612 1591 1 35 192 O 20
1591 2537 1 22 119 O 10
5853 7498 1 4 0 C 0
2533 5853 1 14 0 C 0
5852 2532 1 14 0 C 0
3018 3016 2 26 141 O 10
8377 5854 2 3 15 O 10
5855 8379 2 36 196 O 10
8379 6302 2 7 35 O 20
7134 5514 2 34 187 O 20
5514 5513 2 26 139 M 10
4429 7673 2 1 5 O 30
7673 7634 2 41 224 O 20
6772 6229 2 34 188 M 10
6229 3290 2 17 89 O 10
3290 3295 2 25 134 O 20
3295 4856 2 7 34 O 10
4856 7909 2 7 38 M 20
7909 7696 2 8 40 O 20
7696 3303 2 18 95 O 20
3279 4431 2 1 4 O 10
7672 4421 2 1 5 O 20
4421 7618 2 48 263 O 30
4415 4416 2 1 5 O 10
4416 7667 2 21 114 O 30
7667 2282 2 34 185 O 30
5483 3329 2 17 90 O 10
3329 2574 2 14 77 O 20
2636 5366 2 1 5 M 20
7245 3559 2 15 82 M 30
3559 2632 2 15 82 O 10
2632 7612 2 15 80 O 10
3305 4452 2 1 3 M 30
3318 5483 2 6 31 O 20
4452 3302 2 20 111 O 20
3302 4448 2 1 5 O 30
4448 4446 2 20 111 O 10
4446 3299 2 1 4 O 20
3299 4444 2 20 110 O 10
4444 3297 2 2 6 O 20
3297 6299 2 20 109 O 10
3124 5445 2 27 145 M 30
5445 5447 2 24 131 O 20
3062 3061 2 32 175 O 10
3061 2572 2 8 40 M 30
2572 3060 2 8 42 O 20
3060 4975 2 11 59 O 30
4975 3059 2 4 22 O 10
3059 3058 2 15 80 O 20
3058 3057 2 3 14 M 10
3057 3056 2 13 67 M 10
3056 4945 2 8 41 O 30
4945 4891 2 10 53 M 30
4891 4942 2 10 54 O 10
4942 2571 2 12 64 O 20
2571 2570 2 8 43 M 30
2570 3053 2 9 48 O 30
3053 4940 2 11 59 O 30
4940 3051 2 9 49 O 10
3051 4937 2 11 58 O 20
4937 6206 2 15 80 O 30
6206 4936 2 4 20 O 30
3198 4470 1 5 27 M 20
5860 6214 2 1 3 O 10
6214 3198 2 13 71 O 10
4369 339 2 14 77 O 20
398 7623 2 55 301 O 30
7623 2639 2 62 343 O 30
5858 7614 2 1 5 M 10
3217 6327 2 60 329 M 20
5863 2321 2 2 6 O 20
5862 492 2 11 59 O 10
5861 5239 2 7 34 M 10
5239 4950 2 14 77 O 10
4950 7041 2 46 250 O 20
7041 1336 2 4 17 O 20
1336 2046 2 5 28 O 30
5123 5124 2 8 43 O 20
5121 5122 2 65 356 O 20
5122 5123 2 44 244 O 10
5628 5124 2 3 12 O 20
5124 5106 2 40 219 M 10
5864 5364 2 8 0 C 0
5790 5284 1 9 0 C 0
5643 1883 2 33 0 C 0
5865 4264 2 11 0 C 0
4264 4262 2 10 0 C 0
4262 4259 2 13 0 C 0
4259 4256 2 20 0 C 0
4256 4254 2 18 0 C 0
5867 5866 1 6 0 C 0
5868 3632 2 12 0 C 0
3632 3636 2 13 0 C 0
3712 5748 2 34 0 C 0
5748 3708 2 9 0 C 0
3708 3704 2 18 0 C 0
3704 3699 2 9 0 C 0
3699 3698 2 5 0 C 0
3755 3758 2 14 76 O 10
3758 3750 2 25 135 O 10
3750 3741 2 22 121 M 20
3741 1581 2 22 119 O 10
1581 3732 2 24 133 O 10
7295 7296 2 17 90 O 20
7296 3959 2 8 44 O 10
3959 3956 2 10 53 M 10
3956 7174 2 17 91 O 10
7174 2115 2 18 96 M 20
5780 7061 2 17 93 O 10
5870 4030 2 7 37 O 30
4030 2053 2 14 74 O 30
2053 2052 2 16 83 M 10
4033 4034 2 15 79 O 20
4034 5870 2 28 151 M 20
5879 3996 2 2 6 O 10
5871 6147 2 6 32 O 30
6147 6052 2 26 142 O 30
6052 7214 2 16 85 O 30
4054 8292 2 35 190 O 30
8292 8289 2 9 49 O 10
8289 4044 2 29 161 M 20
4044 8287 2 66 363 O 20
2134 3673 2 27 148 M 20
3673 3671 2 18 95 O 30
3671 1219 2 16 86 O 20
1219 3668 2 17 94 O 30
5873 5779 2 1 3 M 20
5876 1905 2 45 250 O 30
5875 1163 2 48 264 M 30
1163 1930 2 24 131 O 30
1930 1926 2 8 42 O 30
5878 3663 2 2 6 O 30
3663 3662 2 15 79 M 10
2660 5049 2 45 0 C 0
5049 5052 2 13 68 M 30
5052 5046 2 14 75 M 30
5625 4009 2 7 35 O 10
4251 6332 2 7 38 O 20
6332 6121 2 5 22 O 10
5629 2145 2 11 0 C 0
5627 5133 2 10 50 O 20
5133 5626 2 7 37 O 30
5626 4006 2 34 188 O 10
5880 4002 2 13 67 O 20
8243 5886 1 1 3 O 30
5886 5885 1 3 12 O 20
5885 5883 1 4 18 O 30
5883 5884 1 3 15 O 30
5884 7803 1 2 9 O 20
7803 8243 1 3 13 O 10
4728 5882 1 5 26 O 20
4727 7689 2 9 46 O 20
8244 7915 2 22 118 O 30
7915 7151 2 3 12 O 10
7151 5887 2 25 135 O 10
1733 3858 2 16 85 O 10
5902 5903 2 12 66 O 20
5904 692 1 37 204 M 30
692 5905 1 4 20 O 20
5898 404 1 38 210 O 10
5907 5900 1 25 134 O 30
5908 5909 1 13 67 O 30
5909 949 1 1 4 O 30
949 2308 1 17 92 O 10
2573 5917 1 8 43 O 10
2586 2587 1 7 38 O 10
5735 2579 1 12 65 O 20
2579 5500 1 16 85 O 10
2582 2581 1 35 189 M 30
2581 5379 1 39 216 O 20
2580 6782 1 20 108 O 20
6782 5766 1 20 108 M 20
5766 5916 1 35 189 M 20
5919 3087 1 12 64 O 10
3087 3080 1 15 79 O 10
3080 2589 1 18 98 M 10
2589 5918 1 33 178 O 30
5738 5914 1 26 140 O 30
4778 5910 1 7 35 O 20
5915 7825 1 25 136 O 20
5737 6435 1 13 69 O 20
7834 4745 1 48 0 C 0
4745 438 1 9 0 C 0
5910 5738 1 38 207 O 10
2591 5733 1 13 67 O 20
5918 2573 1 14 76 O 30
6085 2596 1 9 50 O 20
1120 5732 1 14 74 O 30
5732 2598 1 31 172 O 30
5353 2934 1 18 98 O 30
2934 5815 1 5 23 O 30
5728 5729 1 3 14 O 10
2466 5812 1 18 95 O 10
5912 2577 1 22 122 O 10
5913 7834 1 40 0 C 0
2679 2680 2 7 38 O 20
2683 6374 2 11 59 O 20
5924 5922 1 7 35 M 20
5920 5587 1 7 37 O 20
3474 3483 2 7 35 O 10
4245 5902 2 9 47 M 30
5902 3502 2 3 15 O 30
5927 5928 2 14 76 M 30
5419 5418 2 13 68 O 10
5418 681 2 12 67 O 30
681 633 2 2 6 M 30
633 632 2 9 45 O 30
632 672 2 4 17 O 30
672 662 2 18 98 O 30
662 2416 2 10 51 O 10
4116 6251 2 57 317 O 10
4990 4989 2 27 145 O 30
5944 5947 2 8 44 O 10
5948 5947 2 9 46 O 30
5947 5946 2 7 36 O 30
5949 5950 2 8 40 O 10
2754 2764 2 17 94 O 30
2764 2779 2 31 170 O 20
2739 2745 2 30 162 M 30
2745 2756 2 17 91 O 10
5962 5965 2 6 29 O 20
5961 5962 1 6 29 O 30
5962 5963 1 6 28 M 20
5965 5964 1 5 24 M 10
5966 5965 1 5 24 O 20
5971 4683 2 20 106 O 10
5953 5955 2 17 94 O 10
5955 2749 2 16 88 O 20
2749 5961 2 23 127 O 10
5961 5963 2 3 15 O 30
5963 5967 2 8 42 O 30
2728 2729 2 10 51 O 20
5957 2746 2 7 34 O 20
5958 5960 2 8 40 O 20
2776 5972 2 27 149 O 20
2731 5951 2 3 16 M 10
5954 5956 2 7 35 O 20
5940 5938 1 43 234 O 20
5968 5970 1 1 2 O 30
5970 5971 1 3 15 O 30
5971 5969 1 2 11 O 10
5969 5967 1 3 14 O 10
5967 5968 1 1 5 O 10
2722 5937 2 42 233 O 10
5937 5939 2 6 28 O 10
5939 5940 2 2 6 O 10
5940 5941 2 1 5 O 10
5941 5938 2 7 35 M 20
5938 5933 1 17 90 O 30
5933 5936 1 16 86 M 20
5936 5939 1 5 27 O 10
5932 5931 2 4 19 O 10
5933 5932 2 3 15 O 10
4910 5952 2 5 26 O 20
2724 5942 2 11 60 O 30
5936 5937 1 3 13 O 30
5935 5942 2 14 76 O 20
5942 5934 2 14 75 O 30
5934 5935 2 5 23 M 20
5974 1252 2 6 30 O 30
1252 1800 2 1 1 O 10
1800 1801 2 2 10 O 10
1801 4358 2 13 69 O 10
4356 5973 2 34 188 M 20
193 2909 2 35 190 M 20
2895 1410 2 4 20 O 20
1410 1397 2 8 39 M 30
1397 1400 2 3 12 O 30
1400 1403 2 8 39 O 30
1403 1406 2 3 13 M 20
1406 7150 2 7 35 O 30
7150 2857 2 27 147 O 20
2830 2831 2 19 105 O 10
6014 2404 1 3 16 O 20
5307 6066 2 12 63 O 10
6066 2429 2 10 55 O 20
2093 3973 2 17 93 M 20
5975 5976 2 16 89 O 30
2682 2685 2 19 101 O 30
2685 2687 2 19 100 O 10
2783 5276 2 16 85 O 30
2105 7752 2 2 8 O 10
7752 2084 2 27 149 M 10
2084 2079 2 108 598 O 20
2079 2099 2 23 123 O 20
2099 2091 2 51 281 O 20
2091 509 2 13 69 O 20
2118 3916 2 17 90 O 20
4084 7741 2 9 47 O 30
7741 7927 2 1 2 O 30
7927 4085 2 4 17 O 10
3124 2524 2 18 96 O 30
2524 3137 2 22 119 O 30
5977 5978 2 11 58 O 20
3102 3104 2 15 82 O 30
3104 3111 2 28 150 O 10
2978 2977 2 23 126 O 30
4490 3360 2 7 38 O 30
5983 5982 1 11 61 O 20
6814 5984 1 13 68 O 10
5279 6815 1 20 107 O 30
5989 5988 2 11 60 O 10
5987 5989 2 8 41 O 30
5989 5990 2 4 21 O 30
5990 5991 2 3 16 O 30
5991 6813 2 7 36 O 30
5990 444 2 17 93 O 10
5993 5995 2 9 47 O 10
5995 5996 2 4 19 M 10
5995 5994 2 8 42 M 30
6000 5998 2 3 14 O 10
5998 5997 2 4 19 O 30
5997 7309 2 3 15 M 10
6002 7780 1 12 0 C 0
4658 5759 1 11 0 C 0
5759 7781 1 3 0 C 0
1815 2450 1 3 14 O 20
218 5631 1 8 41 O 30
148 8248 2 2 9 M 20
8248 147 2 20 106 O 30
2414 559 1 10 51 O 20
559 2413 1 12 62 M 20
6026 6027 1 4 21 O 10
6023 6021 2 11 60 O 30
6020 6024 1 4 17 M 30
4351 6025 2 10 54 O 20
6018 6789 2 10 53 O 30
6789 6019 2 9 48 O 30
6015 6016 2 15 79 O 10
6016 628 2 3 12 O 20
628 7525 2 6 29 O 20
7525 6017 2 5 25 M 30
3166 3168 2 6 30 O 30
2465 2615 1 10 52 M 20
5257 5303 1 23 124 O 10
5303 4556 1 5 27 O 30
1937 5709 1 7 38 O 10
1932 1895 1 34 186 M 30
1895 5835 1 9 49 O 20
5835 8411 1 5 0 C 0
8411 5834 1 5 0 C 0
5834 2441 1 2 0 C 0
6091 416 1 8 40 O 10
6090 2599 1 41 225 O 10
2599 2600 1 30 164 O 20
5716 2912 1 38 209 O 30
6031 1342 2 54 300 O 10
6037 6041 2 13 69 O 20
6041 6043 2 24 128 O 20
6042 6041 1 3 12 M 10
6040 6042 1 2 10 M 30
6038 6040 2 9 49 M 10
6036 6037 2 10 51 O 20
6037 6038 2 4 22 M 30
6038 6973 2 11 56 O 30
6973 6039 2 1 5 O 10
5926 6042 1 10 55 O 10
6032 6033 2 6 33 O 20
6033 6034 2 8 44 O 10
6034 6035 2 13 70 M 30
6035 6036 2 2 10 O 10
6043 6035 2 49 268 O 10
4083 6046 1 7 38 M 20
6046 6045 1 25 138 O 20
5775 2356 2 2 10 O 20
7684 7682 1 9 49 O 20
7682 7683 1 6 28 O 10
5385 6050 2 17 93 M 10
6049 6638 2 80 444 O 10
6638 5389 2 13 67 M 30
6048 5386 2 17 91 O 10
5386 1369 2 18 96 O 20
6050 6051 1 3 12 O 30
6051 6048 1 3 12 O 10
6048 6049 1 2 11 O 10
6049 6050 1 3 12 O 30
7445 6747 1 12 64 O 10
3021 6786 2 5 0 C 0
6786 2531 2 6 0 C 0
3243 496 2 7 38 O 30
4935 3241 2 11 61 O 20
3241 3131 2 25 134 O 20
3131 7466 2 5 23 O 10
4695 4929 1 4 17 O 10
2493 4695 1 14 75 O 10
6056 6054 2 3 14 O 20
6054 6057 2 11 57 O 10
6057 6059 2 8 39 O 20
6059 4589 2 6 33 O 10
6054 6059 2 5 24 O 30
6058 6055 2 4 21 O 30
6057 6058 2 7 36 O 30
6058 6060 2 6 28 O 10
6061 6063 2 5 24 O 30
6063 6064 2 16 86 O 30
6062 6063 2 8 40 M 10
6732 6064 1 2 10 O 30
6064 6731 1 3 12 O 30
6731 6732 1 3 13 M 20
6066 7100 2 12 64 O 20
7100 7099 2 6 31 O 30
7099 6067 2 2 7 O 20
6067 6069 2 11 61 O 10
6069 6068 2 27 146 O 30
6070 6067 2 11 58 O 30
6072 8412 2 8 44 M 10
8412 6073 2 8 44 O 10
6075 5050 2 2 6 O 10
5050 6074 2 3 15 O 20
6074 6075 2 3 16 O 20
5711 6090 1 11 57 O 10
6091 6089 1 12 63 M 30
6082 6088 1 11 58 O 10
5712 5711 1 23 125 O 30
6084 6085 1 22 122 O 20
5851 3116 2 14 76 O 20
3116 6081 2 28 155 M 10
6078 6080 1 17 94 M 20
6080 6079 1 5 27 M 20
6093 6094 2 18 100 O 20
6098 8193 2 5 27 O 20
8193 6099 2 6 29 O 20
6097 6098 2 2 11 O 30
6102 6101 1 9 48 O 10
6101 6598 1 4 20 O 20
6168 6876 1 14 76 O 30
6876 6102 1 5 24 O 10
6102 6788 1 7 37 O 20
6104 6105 1 12 62 M 20
6112 8004 1 7 39 O 30
6113 8413 2 8 39 M 20
8413 6114 2 8 39 O 30
6332 6115 2 4 21 O 30
6116 6118 2 8 44 O 10
6118 6120 2 2 9 O 30
6115 6121 2 4 18 O 10
6122 6426 1 39 212 O 20
6124 6125 2 8 44 O 30
6126 6127 2 9 50 O 10
6128 6129 2 16 86 M 20
6130 6131 2 18 97 O 30
6132 6133 2 3 15 O 10
6117 6135 2 2 9 O 30
7215 6153 2 6 32 O 30
6153 6157 2 13 69 O 20
6157 6144 2 52 285 O 10
6144 6145 2 12 66 O 20
6145 6146 2 23 123 O 10
6146 6148 2 11 60 O 30
6148 6151 2 19 103 O 30
6151 6147 2 8 42 O 30
6148 6149 2 12 64 O 30
6149 6150 2 11 57 M 20
6151 6150 2 13 68 O 30
6150 6152 2 17 92 O 20
6152 6153 2 19 103 M 30
6145 6155 2 18 95 O 30
6155 6154 2 5 26 O 30
6155 6158 2 15 81 O 20
6158 6159 2 6 31 O 20
6159 6156 2 13 68 O 10
6156 6157 2 14 73 M 10
6152 6156 2 8 42 M 10
6146 6158 2 14 74 O 10
6149 6159 2 11 61 O 30
6160 6161 2 22 121 O 10
6162 5898 1 8 44 O 20
5892 7244 2 44 239 M 20
6163 6164 2 13 71 O 20
4070 6165 1 17 94 M 20
6600 6604 2 1 4 O 30
6604 434 2 15 79 O 20
6175 4592 2 3 16 M 10
6176 6177 2 12 63 O 30
6181 6182 2 9 48 O 10
6179 6180 2 13 67 O 30
6183 6184 2 19 101 O 10
6178 4865 2 21 112 O 30
7938 37 2 11 57 O 10
37 7430 2 21 115 O 10
7430 42 2 7 36 O 10
42 44 2 7 38 O 30
44 6186 2 12 67 O 20
6188 6187 1 55 302 O 10
6189 6190 1 51 282 O 30
6191 6192 2 38 207 M 20
6195 6194 2 14 75 O 10
2139 2138 2 18 100 O 10
2138 2084 2 17 90 M 10
2084 2130 2 15 82 O 20
2130 2135 2 2 11 O 20
7996 6196 2 15 81 M 20
6322 6199 2 7 37 O 30
4685 7696 2 10 51 M 10
6201 6202 1 21 114 O 20
6202 6203 1 24 130 O 10
6204 6205 2 22 119 M 30
6206 6207 2 3 13 O 20
6213 6209 1 19 101 O 20
6211 6212 2 3 16 O 30
6213 6208 2 9 48 O 30
6214 6575 2 18 95 O 20
6215 6216 1 2 11 O 30
6217 6218 1 2 10 O 20
6222 6228 1 17 90 O 30
5366 6224 2 12 63 O 20
7652 6225 2 3 12 O 20
6226 6227 2 2 10 O 10
6228 6229 1 4 19 O 10
6228 6223 2 15 83 O 30
4685 6230 2 2 6 O 30
6231 7910 1 18 96 O 20
7910 6232 1 2 8 M 10
4856 6231 1 11 59 O 10
6233 740 2 2 7 O 30
740 6234 2 2 11 O 20
6235 6237 2 5 23 O 10
6237 6236 2 4 18 O 10
6237 6238 2 5 27 O 10
6242 4948 2 18 99 M 30
4948 4949 2 18 99 M 10
6243 387 2 85 470 O 10
387 7064 2 1 5 O 30
7064 2494 2 7 37 M 10
3350 6241 1 3 15 M 20
6241 6242 1 3 12 O 30
6248 6245 2 17 91 O 10
6249 4945 2 96 533 O 30
4949 6249 1 3 12 M 30
6249 6248 1 3 12 O 10
6246 3089 2 19 102 O 10
3089 3090 2 15 80 O 10
6245 3088 1 3 13 O 10
3088 6246 1 3 15 O 20
6252 6251 1 2 7 O 20
6251 6250 1 4 21 M 30
6250 4115 1 3 11 O 20
4115 6252 1 1 5 O 10
6253 5676 2 12 66 O 10
5676 5678 2 49 272 O 10
6254 5677 1 1 4 O 30
5677 5689 1 4 19 M 10
5689 6253 1 2 9 M 20
6253 6254 1 2 11 M 10
6256 3421 2 49 272 O 20
6257 4972 2 21 111 O 10
6258 6256 1 1 3 O 30
6256 6257 1 3 13 O 20
6257 3414 1 3 12 O 10
3414 6255 1 3 14 O 20
6255 6258 1 2 8 M 30
6260 1382 2 12 63 O 10
1382 3233 2 3 15 M 20
6261 704 2 10 50 O 20
704 3239 2 27 145 M 10
6262 3235 1 2 11 O 10
3235 6261 1 3 12 M 20
6261 6260 1 3 13 M 30
6260 6259 1 3 12 O 10
6259 6262 1 1 3 O 30
6264 6263 2 7 37 O 30
6265 6266 2 23 124 O 30
6270 6269 2 23 126 M 20
6271 6277 2 9 47 O 10
6277 6275 2 13 72 O 30
6275 6272 2 5 25 O 30
6276 6278 2 13 69 O 10
6278 6277 2 15 78 O 10
6278 6279 2 5 26 O 30
6273 6276 2 5 25 M 30
6276 6272 2 9 49 O 30
6272 6274 2 24 129 M 10
6274 6275 2 19 104 O 20
6280 6287 2 5 24 O 10
6287 6282 1 2 11 O 30
6282 6281 1 8 41 O 10
6281 6284 1 23 127 O 10
6284 6286 1 3 13 O 10
6286 6287 1 9 47 O 30
6282 6283 1 12 64 O 30
6283 6281 1 6 31 O 10
6284 6285 2 9 49 O 30
6285 6286 2 7 36 O 20
6288 3174 2 21 112 O 20
3174 6289 2 16 86 O 30
2320 6291 2 10 54 O 30
4853 3187 2 50 276 O 10
3175 6293 2 5 22 O 20
6295 4432 2 20 109 O 10
4432 3281 2 1 3 M 10
3281 4434 2 21 114 O 20
4434 3283 2 1 3 O 10
3283 3285 2 21 114 O 10
3285 3287 2 21 116 O 30
3287 5487 2 27 149 O 30
6296 2498 2 15 81 O 30
6297 6294 1 1 3 O 10
6294 2499 1 2 7 O 10
2499 6296 1 2 7 M 30
6296 6295 1 2 7 O 10
6295 6297 1 1 4 M 30
6300 2503 2 13 72 O 30
6301 2504 1 1 5 O 30
2504 6298 1 2 8 O 10
6298 6300 1 2 7 O 10
6300 6299 1 2 8 O 30
6299 6301 1 1 3 O 30
6303 1253 2 19 102 O 10
1253 1258 2 17 91 O 30
1258 6306 2 14 77 O 20
6306 6304 2 23 124 O 20
6305 6306 2 46 254 O 10
6307 6308 2 10 53 O 20
6310 6311 2 16 87 O 20
6312 6313 2 9 45 O 30
7654 6309 2 10 54 M 10
7619 4885 2 16 87 O 30
7620 7619 2 3 12 O 30
6314 6315 2 9 50 M 30
6328 3235 2 25 134 O 20
6328 6327 1 3 13 O 20
6105 4897 2 6 33 O 10
6104 4897 2 9 47 O 20
6330 5570 2 23 123 O 20
7224 3527 2 12 62 O 10
6333 6334 2 10 54 M 30
6334 6335 2 21 114 M 30
6336 6337 2 55 305 O 20
6334 6338 2 14 76 O 20
6339 6341 2 16 86 O 30
6341 6340 2 15 81 O 10
5553 5925 2 25 135 O 10
6342 4065 1 25 137 O 10
5925 5924 1 10 52 M 30
7557 1493 2 71 393 O 10
1493 4073 2 33 179 O 10
6348 4065 1 2 10 O 10
6348 5587 1 6 28 M 30
6349 6348 1 2 9 O 10
5926 4063 1 21 112 M 20
6346 6347 1 2 9 O 30
6346 4064 1 24 133 M 20
6347 4066 1 3 11 M 10
6347 4067 1 25 138 M 20
6353 6354 1 2 8 O 20
6354 6355 1 1 2 O 20
6355 6356 1 2 11 M 20
2070 6354 1 6 30 O 10
2064 6350 1 4 22 O 20
4600 6352 1 5 23 M 30
4601 6356 1 4 21 O 30
6359 6358 2 6 29 O 30
6361 6359 2 2 10 O 20
6359 6360 2 26 140 O 20
6366 6362 2 6 32 M 30
6363 6366 2 5 22 O 10
6366 6365 2 1 5 O 20
6367 6363 2 11 57 O 10
6365 6358 2 17 91 O 10
6358 6364 2 2 10 O 10
6052 6368 2 27 145 M 20
6372 6370 2 12 64 O 10
6373 6372 2 24 130 O 30
6372 6371 2 17 93 O 10
6371 6370 2 6 32 O 30
6370 6369 2 10 53 O 30
6376 6375 2 13 72 O 30
6379 6378 2 3 15 O 20
6378 6377 2 10 54 O 20
6381 6378 2 6 32 M 20
6378 6380 2 3 16 O 30
6384 6383 2 14 74 M 20
6383 6382 2 13 70 O 30
6386 6385 2 11 57 O 10
6388 6387 2 4 19 O 20
6390 6386 2 3 17 O 20
6386 6388 2 5 22 O 30
6388 6389 2 7 37 O 20
6391 6392 1 15 79 O 30
6351 4600 1 4 21 O 30
6357 2064 1 5 23 O 20
6353 2070 1 6 30 O 10
6355 4601 1 4 20 O 30
4003 6398 2 20 108 M 30
6398 6397 2 9 49 O 10
4004 4003 2 11 60 M 10
6394 6395 2 36 198 O 30
2025 6399 2 14 75 O 10
6401 6400 2 7 36 O 30
6403 6404 2 7 37 O 20
6404 6407 2 2 11 O 20
6407 6401 2 12 62 M 10
6401 6402 2 17 93 O 10
6405 6404 1 6 32 O 10
6407 6406 1 6 32 O 20
6410 6408 2 11 58 M 10
6411 6410 2 11 57 O 30
6410 6409 2 9 48 M 20
6413 6412 2 16 85 O 30
6415 6414 2 9 50 M 30
6416 6417 2 10 50 M 20
2022 6419 2 9 49 O 20
6423 6421 1 8 39 O 30
6421 6422 1 6 33 M 30
6424 8198 2 5 25 O 20
8198 6421 2 16 85 O 20
1865 6425 2 30 165 O 20
6396 6394 2 15 80 M 20
6395 6396 2 9 47 M 20
6394 6393 2 9 45 O 10
6122 6127 2 2 10 O 10
6127 6124 2 13 72 O 20
6124 6123 2 14 76 O 30
4284 6427 2 44 0 C 0
2401 432 1 3 12 O 10
432 2396 1 3 13 O 10
5473 7485 2 4 18 O 20
7485 7484 2 55 304 O 30
6432 6431 2 11 60 O 30
2135 6331 2 9 45 O 10
5020 5450 2 14 76 O 10
77 2944 1 9 47 M 20
2944 5404 1 25 136 O 20
67 68 2 3 13 O 10
7576 5729 1 22 119 O 20
2173 3640 1 12 0 C 0
6817 1863 2 8 44 M 20
7526 6185 2 27 148 O 30
6185 8352 2 16 88 O 10
8352 866 2 12 66 O 20
3804 1110 1 5 24 M 30
1110 1106 1 5 26 O 20
1106 3798 1 10 53 M 10
3798 919 1 37 203 O 10
4029 4026 1 7 36 O 30
3358 5513 2 32 173 O 20
2461 8224 1 13 71 O 10
5729 2841 1 19 103 M 10
2843 1875 2 48 264 O 20
6010 855 1 22 121 O 20
855 857 1 5 28 O 20
857 2814 1 20 111 O 10
2653 5701 1 3 13 M 20
7797 7796 1 13 69 O 20
7796 7790 1 52 285 M 10
18 6006 1 43 0 C 0
3902 3910 2 15 80 M 10
3910 5275 2 3 14 O 20
2114 2113 1 8 40 O 10
2356 2357 1 23 127 M 10
2355 2356 1 17 93 O 10
6166 4070 1 18 96 M 30
4067 4068 2 38 206 O 10
2135 2226 1 38 207 M 30
2233 2135 1 15 79 O 20
1370 1369 1 21 113 M 20
5343 1372 1 21 114 O 10
5850 4154 2 2 6 M 20
4154 7797 1 24 131 O 10
2336 3765 1 27 148 M 30
3765 3760 1 27 149 O 30
3760 2335 1 13 72 O 20
2335 3647 2 3 12 O 20
3647 1037 1 12 66 O 20
1037 1035 1 21 112 O 20
1035 2337 1 35 194 O 20
2182 2201 2 2 0 C 0
1858 3651 2 17 0 C 0
3651 3645 2 24 0 C 0
3645 3710 2 20 0 C 0
4977 6811 1 21 113 O 10
4977 6812 2 2 10 O 30
6811 6812 1 21 112 O 30
4715 1864 2 3 12 O 10
3789 3805 1 30 162 M 20
3804 3805 2 2 7 O 30
5780 270 1 15 82 M 30
270 268 1 6 28 O 20
268 2343 1 9 49 O 20
2343 7699 1 4 20 O 30
7699 3804 1 49 269 O 10
4027 5783 1 3 13 O 20
4026 4027 2 2 10 M 10
498 497 2 3 13 O 30
4550 6584 1 12 63 O 30
6584 6580 1 9 49 O 20
6580 7464 1 17 93 O 30
2322 964 1 27 148 O 20
964 960 1 11 60 O 30
960 4090 1 4 21 O 10
4090 6279 1 14 74 O 20
6279 6273 1 13 69 M 10
6273 1498 1 23 127 O 30
1498 2321 1 50 276 O 10
2225 3996 1 28 155 O 10
5282 5879 2 2 7 M 20
5282 3997 1 28 155 O 20
4705 4707 2 5 27 O 30
4757 4759 2 18 98 O 20
4750 343 2 5 27 O 30
343 8325 2 20 106 M 10
5764 5736 2 3 14 O 10
5736 2578 1 11 60 O 20
5763 5764 1 14 76 O 10
5762 5737 2 3 14 O 20
4515 7592 2 20 110 O 30
7592 7648 2 15 79 O 30
7648 7605 2 39 212 O 20
7605 7600 2 12 65 O 10
7600 6265 2 14 75 M 20
6434 5762 1 13 69 O 30
6435 5911 1 12 63 O 20
5762 5845 1 13 69 O 10
2577 5737 1 13 69 O 10
77 78 2 3 15 O 10
78 6436 1 15 80 M 10
6437 77 1 8 40 O 10
6436 2533 1 19 104 O 20
2532 6437 1 26 143 O 10
495 6693 2 3 13 M 20
5992 495 1 17 90 O 10
6693 6438 1 13 68 O 30
495 6439 1 14 73 O 30
6440 6693 1 14 73 O 10
4555 5260 1 15 78 O 10
5260 2329 1 34 188 O 20
7505 5720 1 16 84 O 30
5722 6441 1 8 41 O 10
5244 5722 2 3 14 O 20
5721 6873 1 26 139 O 30
6873 6695 1 4 18 O 30
5244 4553 1 48 265 O 20
5771 4552 1 12 66 O 30
496 6442 1 12 62 O 10
4552 6443 1 17 92 M 10
6444 496 1 10 52 O 30
4551 6859 1 3 12 O 10
6859 6864 1 5 24 O 20
6864 5771 1 23 128 M 20
6441 2530 1 32 176 M 30
2530 2327 1 49 269 O 10
2327 1227 1 8 41 O 10
1227 1229 1 4 21 O 30
1229 2328 1 5 25 O 30
2328 1234 1 9 48 O 30
1234 6444 1 3 15 M 30
496 4552 2 3 14 O 10
6447 6446 2 22 117 O 10
1585 6805 2 29 0 C 0
3034 2583 2 24 130 M 20
6449 6448 2 12 66 O 30
2987 6450 2 21 114 O 10
5175 5171 2 9 48 O 30
6452 6451 2 11 60 O 30
6454 6453 2 9 46 O 30
6456 6455 2 10 51 O 30
6457 7655 2 13 69 O 20
6459 6458 2 15 80 O 20
68 2469 1 28 155 O 20
6460 67 1 9 47 O 30
67 5809 1 12 64 M 10
5808 68 1 14 73 O 30
2469 6200 1 20 111 O 20
72 4561 1 10 54 O 10
5807 72 1 5 27 O 30
5809 6643 1 19 103 O 20
5670 7766 1 15 82 M 10
7766 5808 1 14 76 M 20
71 5670 1 7 34 O 20
5669 71 1 9 47 O 30
71 72 2 3 14 O 20
1846 1845 2 3 0 C 0
2441 7685 1 1 0 C 0
7685 7686 1 4 0 C 0
7686 1845 1 14 0 C 0
1846 5388 1 19 0 C 0
1375 6460 1 40 217 O 10
5729 1375 1 3 12 O 30
6200 5728 1 3 13 O 30
1375 6200 1 3 14 O 20
4560 5289 1 14 76 O 20
5289 5813 1 6 29 O 30
2467 2466 1 10 52 M 10
2468 2467 1 8 42 O 30
5728 2468 1 39 211 M 30
6462 6845 2 7 38 M 10
6845 6461 2 12 62 O 30
6464 6463 2 6 28 M 10
5181 5182 2 17 93 O 10
6682 6465 2 5 24 O 10
2388 2393 1 5 24 M 10
2394 2392 1 7 38 O 30
642 2385 1 12 65 O 30
2383 7524 1 8 43 O 20
2392 2388 2 2 10 O 20
463 6018 1 11 58 O 30
2385 463 1 3 13 O 10
2381 2383 1 1 5 O 20
6022 587 1 5 23 O 20
587 585 1 6 33 M 10
585 583 1 9 46 O 30
583 2381 1 3 14 M 30
2383 2385 1 3 12 O 30
463 2381 1 3 15 O 10
1819 7198 1 3 11 O 20
3834 1812 1 27 148 O 30
3834 3833 1 15 79 O 30
3833 1805 1 14 73 O 20
7193 1814 1 18 95 O 30
7190 1813 1 4 20 O 30
7287 470 1 19 103 M 10
470 469 1 26 140 M 20
4244 6468 1 11 56 M 20
6468 6467 1 8 42 O 10
1811 3834 1 7 35 O 20
2397 7710 1 85 468 O 20
2402 2399 2 3 12 M 20
2653 81 1 7 34 O 20
81 7714 1 3 15 O 20
4050 4042 1 40 220 M 20
4042 4029 1 40 219 M 20
4053 4050 1 12 66 M 10
4056 4053 1 12 66 O 10
5872 4054 2 2 7 O 10
4054 7772 1 3 14 O 20
6469 4054 1 6 32 M 20
5783 5784 1 4 22 M 10
5784 4045 1 57 313 O 30
4045 918 1 20 108 O 10
7771 4056 1 7 37 O 20
917 5779 1 19 101 O 20
5785 328 1 12 62 O 20
328 330 1 4 17 O 20
330 6471 1 6 29 O 20
6470 322 1 4 21 O 30
322 324 1 17 93 O 30
324 5785 1 1 4 O 20
5776 5777 1 26 141 M 10
5777 7677 1 2 9 O 20
2354 5777 1 2 10 M 10
2354 2355 1 23 124 O 10
5774 5775 1 24 131 O 10
5775 5776 1 14 75 O 10
7820 2358 2 2 10 O 30
2358 5774 1 28 154 O 20
5773 2358 1 20 106 M 20
6472 7775 1 27 147 O 30
7820 6472 1 11 60 O 10
2357 7820 1 29 160 O 10
3984 2222 1 21 116 O 10
2246 2245 1 28 152 O 20
3681 48 1 5 27 O 30
2240 3680 1 3 16 M 10
2260 51 1 2 8 O 30
2228 2230 1 6 32 O 10
2224 3682 2 3 12 O 10
2218 2219 1 9 48 M 20
2219 2228 1 8 42 O 20
2224 2218 1 4 22 O 30
2252 3682 1 8 44 O 20
2239 2252 1 11 61 O 10
3998 3999 2 3 13 M 20
2254 4000 1 14 76 O 20
4000 6723 1 10 54 M 30
6723 6725 1 6 32 O 10
3998 2254 1 4 20 O 10
2248 3998 1 8 42 O 10
2221 2225 1 9 46 O 30
3999 2221 1 8 39 O 30
2229 3999 1 6 31 M 20
2223 2216 1 7 0 C 0
3687 2223 1 12 0 C 0
2216 5516 1 13 0 C 0
3682 3683 1 30 167 O 10
3683 8307 1 15 78 M 10
8307 7180 1 11 61 O 20
7180 8306 1 11 57 O 30
8306 2127 1 11 61 O 10
3685 5516 2 3 0 C 0
7715 879 1 49 269 O 20
879 884 1 17 89 O 10
884 2224 1 16 84 M 30
5516 3686 1 3 0 C 0
2217 3687 1 10 0 C 0
7781 6005 1 2 0 C 0
6004 1239 1 5 0 C 0
1239 4699 1 24 0 C 0
6003 5759 1 2 0 C 0
4699 5740 1 2 0 C 0
4392 5758 1 2 0 C 0
5740 4700 1 25 0 C 0
4700 4701 1 21 0 C 0
5757 2360 1 21 0 C 0
2360 4392 1 23 0 C 0
5741 8251 1 10 0 C 0
8251 6791 1 35 0 C 0
6077 482 1 4 0 C 0
482 6473 1 9 0 C 0
5755 6433 1 13 0 C 0
6433 5756 1 8 0 C 0
6474 5744 1 16 0 C 0
5641 2206 1 22 0 C 0
5742 6792 1 7 0 C 0
6792 714 1 1 0 C 0
714 5743 1 9 0 C 0
6473 5755 1 26 0 C 0
492 5863 2 2 7 M 20
492 7902 1 14 76 O 20
7902 7900 1 14 72 O 30
7900 6744 1 8 42 O 30
6744 3226 1 15 78 O 20
3226 2323 1 91 506 O 30
6476 6478 2 22 119 M 10
6478 6477 2 6 28 O 10
6478 6480 2 8 43 M 10
6480 6479 2 4 22 O 30
6507 6476 2 2 7 O 10
6476 6481 2 6 29 O 10
6482 6483 2 12 66 M 20
6484 6485 2 12 64 O 20
6486 6488 2 4 19 O 30
6488 6489 2 16 85 O 10
6489 6487 2 4 19 O 20
6488 8414 2 5 26 O 30
8414 6489 2 5 26 M 20
6490 6491 2 6 29 O 10
6492 6493 2 3 16 O 10
6494 6493 2 4 22 O 20
6493 6491 2 4 19 O 30
6491 6495 2 6 31 O 10
6496 6485 2 5 25 O 30
6485 6497 2 2 9 O 20
6497 6500 2 9 45 M 20
6500 6498 2 4 21 O 30
6497 6499 2 6 33 O 20
6500 6501 2 14 73 O 20
6501 6498 2 12 66 O 10
4092 4093 2 18 97 O 30
6502 4092 2 14 75 O 20
139 2587 2 6 33 O 20
5856 2573 2 2 9 O 10
2587 5856 2 2 6 O 20
5733 5768 2 3 15 O 20
2587 2588 1 44 239 O 30
5733 5919 1 10 52 O 20
4146 4147 1 2 8 O 30
2154 8103 1 68 373 O 20
4150 4149 1 2 8 O 30
8027 4150 1 12 66 O 20
4149 4146 1 3 13 M 20
4147 4150 1 3 13 O 30
6503 6505 2 13 68 O 10
6505 6504 2 7 38 O 20
6505 6506 2 10 51 M 30
6509 6539 2 13 67 M 30
6539 6516 2 6 31 M 30
6516 6510 2 2 8 O 20
6511 6515 2 16 86 O 30
6515 6513 2 19 103 O 10
6513 6512 2 26 140 M 30
6513 6514 2 12 66 O 30
6515 6516 2 12 65 O 10
6510 6517 2 16 84 O 20
6518 6522 2 29 158 O 10
6522 6519 2 5 24 O 20
6519 6525 2 16 88 O 20
6525 6520 2 3 16 O 30
6520 6521 2 11 58 M 30
6520 6524 2 4 20 O 30
6524 6519 2 25 136 O 10
6522 6523 2 4 18 O 20
6524 6525 2 3 15 O 10
6526 6527 2 13 67 M 20
6529 5876 2 3 16 M 10
6528 6529 2 2 10 O 30
6531 6530 2 2 11 O 10
6530 4078 1 30 166 O 20
4078 4080 1 4 21 M 10
4080 8148 1 1 4 O 20
4069 6532 1 3 12 O 20
6532 797 1 7 36 O 10
797 796 1 5 26 M 20
796 6166 1 4 20 M 30
8148 6533 1 7 39 O 20
6533 6530 1 32 175 M 20
4078 6533 2 5 22 O 10
6533 6534 2 8 39 O 30
6534 6535 2 23 123 M 20
6535 6536 2 69 382 M 30
6536 6537 2 47 258 O 20
6537 6535 2 12 63 O 10
924 3638 1 3 0 C 0
3638 925 1 11 0 C 0
2195 2182 1 22 0 C 0
2332 2201 1 14 0 C 0
2182 920 1 11 0 C 0
6538 6539 2 23 126 O 10
6542 6543 2 7 39 O 10
6543 6544 2 6 31 O 10
6545 6546 2 15 78 O 20
6546 6547 2 3 15 O 10
6547 6548 2 14 77 O 20
6551 6559 1 9 50 M 30
6556 6551 1 1 3 O 10
6551 6553 1 2 9 O 20
6553 3204 1 1 3 O 10
3204 6557 1 2 10 M 10
6557 6554 1 2 6 O 10
6554 6552 1 2 11 O 10
6552 6555 1 1 2 M 30
6555 6560 1 2 9 O 20
6560 6556 1 1 3 O 20
6554 6558 1 8 43 O 30
5860 3199 2 5 26 O 20
3199 3201 2 18 96 O 30
3201 6564 2 2 7 O 30
6564 3202 2 3 14 O 30
3202 6566 2 2 8 M 20
6566 3203 2 27 149 O 30
3203 6562 2 3 12 O 20
6562 6559 2 10 54 O 30
6555 4881 1 3 12 O 30
6550 6557 1 7 38 O 10
6562 6561 1 4 21 O 20
6564 6563 1 6 29 O 30
6565 6566 1 5 24 O 20
6567 6569 2 7 35 O 10
6569 6568 2 11 56 O 20
6568 8415 2 2 10 O 30
8415 6569 2 2 10 O 30
3209 6570 2 2 7 O 10
6570 6574 1 19 104 O 10
6574 6217 1 2 10 O 20
6216 6573 1 2 9 O 30
6573 6571 1 12 64 O 20
6571 6570 1 10 50 M 10
6572 6571 1 11 59 O 10
6573 6572 2 4 22 O 20
6572 6574 2 4 20 O 20
6576 6577 2 3 14 O 30
6578 6579 2 10 53 O 10
4748 4750 2 25 138 O 10
2626 702 2 12 63 O 30
702 7292 2 5 25 M 10
7292 2625 2 13 69 O 10
4845 1871 2 10 55 M 30
3349 5480 2 31 167 O 20
5480 5021 2 9 47 O 20
6088 6897 1 11 59 O 10
6897 6087 1 9 47 O 20
6085 6086 1 3 14 M 20
6086 2597 1 3 13 O 30
416 6085 1 3 13 M 10
2597 6090 1 7 34 M 30
2598 6091 1 9 45 O 30
5731 2606 1 10 51 O 10
1122 1116 1 7 34 O 20
1116 5731 1 13 67 O 10
538 6955 1 4 21 M 20
6955 6952 1 13 70 O 10
6952 388 1 5 27 O 10
388 2608 1 5 27 O 30
2607 5770 1 8 41 O 20
2609 2610 2 4 17 O 10
392 2613 1 48 261 O 10
2609 189 1 5 23 O 20
189 2611 1 3 12 O 20
2612 2610 1 19 103 O 30
5815 2612 1 47 260 O 30
5847 2464 1 3 13 O 10
4559 5846 1 5 24 O 30
2615 2614 1 8 42 O 10
2464 4559 1 3 14 O 30
2615 2464 1 2 11 O 20
2826 7514 2 20 109 O 30
5311 7504 1 3 16 M 20
5309 2911 1 4 19 O 30
2826 5310 1 17 94 O 10
5310 5312 1 17 93 M 30
5312 5290 1 2 10 O 10
5290 5308 1 17 94 O 30
4556 2826 1 18 99 O 30
5718 5719 1 36 198 O 10
2461 8225 1 9 50 O 20
4729 2910 1 3 11 O 10
4729 2462 1 6 30 M 30
2910 5718 1 12 62 O 30
4786 2910 1 9 49 O 10
7812 6560 1 8 39 O 30
6561 3203 1 4 21 O 20
3202 6565 1 5 24 O 30
6563 3201 1 6 28 O 10
3204 6550 1 8 39 O 20
3924 488 1 3 11 O 10
6558 6552 1 8 42 O 10
6559 6553 1 9 47 M 20
4707 6392 2 6 32 O 20
6580 6581 2 5 27 O 10
6581 6582 2 9 49 O 30
6583 6582 2 2 9 O 10
6582 6584 2 6 28 O 30
6588 6589 2 14 73 O 20
6589 6591 2 4 17 M 20
6591 6593 2 4 17 O 30
6593 6592 2 11 59 O 20
6592 6590 2 4 18 O 20
6590 6589 2 9 45 M 20
6590 6591 2 5 28 O 10
6592 8416 2 3 14 O 30
8416 6593 2 3 14 M 30
6808 7515 2 27 0 C 0
5294 5293 1 18 99 O 20
2841 5294 1 3 14 O 10
6097 6648 1 3 14 O 30
6648 6979 1 3 15 O 10
6979 1898 1 7 36 M 10
434 6627 2 26 141 O 20
6627 419 2 9 45 O 20
5264 6594 2 8 41 O 20
419 420 2 20 110 O 20
420 2848 2 21 114 O 30
6601 6603 1 1 4 O 20
6604 6603 1 4 20 M 20
6603 6602 1 19 104 O 20
6602 6601 1 9 45 O 10
6605 6609 1 1 3 O 20
6609 6607 1 2 9 M 10
6607 6606 1 2 10 O 20
6606 1912 1 1 5 O 30
1912 6605 1 1 5 O 30
1932 1912 2 21 115 O 10
6608 2439 2 4 22 O 30
1903 8174 2 8 40 O 10
8174 6640 2 22 117 O 20
6640 4641 2 19 100 O 20
4641 1899 2 24 131 O 30
6610 8357 2 7 38 O 30
8357 8358 2 1 3 O 20
2436 1464 2 8 44 O 20
1464 6611 2 4 18 O 20
2697 6613 2 5 24 O 30
6613 3653 2 14 76 O 10
5031 6613 1 13 71 O 20
2066 6654 2 4 20 O 10
6654 6651 2 1 4 M 30
6651 6653 2 12 65 M 10
6653 5285 2 17 93 O 20
4604 4594 2 6 28 M 20
4594 1496 2 6 32 O 20
1496 4902 2 11 59 O 10
2479 4602 2 29 161 O 30
4162 4160 1 13 0 C 0
4161 8100 1 9 0 C 0
6614 4980 2 11 59 O 10
6615 1536 2 19 104 O 30
1536 6616 2 32 173 O 30
6616 6447 2 6 29 O 30
6447 8367 2 2 11 O 20
8367 8363 2 4 20 O 30
8363 5083 2 4 20 M 10
5083 4673 2 10 54 O 10
6620 6619 1 1 2 O 30
6619 6618 1 3 12 O 30
6618 4305 1 3 11 O 10
4305 6617 1 3 13 O 30
6617 6620 1 2 9 M 30
6617 4301 2 36 199 O 20
6624 2893 1 2 10 O 10
2893 6623 1 3 16 M 10
6623 6622 1 3 12 O 30
6622 6624 1 1 3 O 30
2893 2894 2 2 10 O 20
2894 2892 2 10 50 O 20
2892 2889 2 4 20 M 20
6625 2892 2 23 124 O 20
6627 6626 1 29 161 O 20
4793 6628 2 23 126 O 30
6630 6629 1 35 192 O 30
6632 6631 2 14 73 O 10
6634 6633 2 8 40 O 20
6636 6635 2 18 99 O 30
6638 6637 2 8 41 O 10
6640 6639 2 22 122 M 10
4337 6641 2 19 104 O 10
6643 6642 1 18 99 O 10
6645 6644 2 10 52 M 10
6647 6646 2 7 36 O 30
6649 6647 1 12 63 M 20
6647 8195 1 15 78 O 10
8195 6648 1 15 78 O 30
6651 6652 1 15 82 O 20
6652 6653 1 3 16 O 10
6654 6655 1 39 212 O 10
6656 6657 2 13 71 O 10
6658 7731 2 6 28 O 10
6659 6660 2 9 50 O 10
6661 6662 2 9 49 O 10
6663 6664 2 13 68 M 30
6665 6666 2 12 65 M 20
3662 5877 2 21 112 M 10
5236 2912 2 3 13 O 30
6696 201 1 5 26 O 10
201 5412 1 3 16 O 30
2537 2538 2 3 14 O 20
5411 5405 1 17 90 O 10
2537 199 1 4 19 O 20
199 6696 1 2 9 O 30
2452 1821 1 6 32 M 10
4108 6701 1 5 23 O 10
4109 6701 2 4 21 O 30
6701 6700 2 40 217 O 20
6587 6702 2 33 178 O 10
6703 6705 2 13 70 O 10
6706 6705 2 17 93 M 10
6705 6704 2 10 52 M 20
6708 6707 1 23 126 O 20
6710 6709 1 26 141 O 20
6712 6709 2 9 46 O 30
6709 6708 2 4 19 M 30
6708 6711 2 8 43 O 30
6713 5278 2 14 74 O 30
5278 6714 2 3 16 O 10
6715 6714 2 9 46 O 30
6717 6716 2 9 47 O 30
6718 6720 2 15 79 M 10
6719 6717 2 26 142 O 20
6717 6720 2 3 12 O 10
5673 6720 2 5 25 M 30
5675 5674 2 16 84 M 10
5674 5673 2 16 85 O 30
6872 6721 2 56 309 O 20
6723 6724 2 4 20 O 30
6724 6728 2 1 3 O 30
6728 6726 2 6 30 O 20
6726 3679 2 4 21 O 30
6725 6726 2 4 20 M 10
6724 6727 2 7 35 M 10
6727 6728 2 9 45 O 10
6730 3990 2 46 253 O 10
7203 6737 2 9 48 M 10
6737 6739 2 4 22 O 20
6739 6735 2 11 60 O 20
6735 6736 2 3 16 O 10
6735 6738 2 3 16 O 20
6738 6737 2 12 64 M 10
6738 6739 2 9 46 O 10
6740 6742 2 6 33 O 10
6742 6741 2 17 90 M 30
6742 6743 2 7 38 O 20
6397 8417 2 7 37 O 10
8417 4003 2 7 37 M 20
6744 6745 1 13 71 O 20
6745 3222 2 5 27 M 20
6746 6747 1 32 173 O 10
6748 6749 2 5 26 O 30
6749 6750 1 15 80 O 30
6750 6751 1 13 68 M 20
6751 6749 1 3 12 M 30
6752 6755 2 7 38 O 30
6755 6753 2 4 17 O 30
6753 6754 2 8 43 M 30
6754 6755 2 6 29 O 10
6753 6756 2 11 61 M 20
6757 4140 1 5 26 O 10
4136 6759 1 5 27 O 30
6758 6760 2 9 45 O 30
6761 6762 2 7 38 O 10
6762 6763 2 4 18 M 10
9 6766 1 1 1 O 10
6766 6770 1 9 48 O 30
6770 6761 1 1 5 O 10
6767 6768 1 10 51 O 10
6766 6769 1 5 23 O 10
6769 6770 1 4 20 O 20
6762 6771 2 4 21 M 10
6785 6784 2 11 56 M 10
6795 6796 1 3 13 M 10
6798 6799 2 42 233 O 30
6800 6801 1 10 52 O 30
6801 6802 1 8 40 O 20
8033 4131 2 2 9 O 30
4131 8032 2 18 95 O 30
8032 6821 2 2 6 M 30
6821 6841 2 11 58 O 10
6841 6839 2 4 18 M 10
6839 6837 2 4 17 O 20
6837 6822 2 4 18 O 20
6822 6834 2 4 18 O 20
6834 6832 2 4 19 M 30
6832 6830 2 4 18 O 20
6830 6828 2 4 18 O 20
6828 6824 2 4 18 M 20
6824 6826 2 4 18 O 20
6823 6824 2 9 46 O 20
6825 6826 2 9 46 M 30
6827 6828 2 9 46 O 10
6829 6830 2 9 46 O 30
6831 6832 2 9 46 O 10
6833 6834 2 9 46 O 10
6835 6822 2 9 47 O 30
6836 6837 2 9 45 O 30
6838 6839 2 8 43 O 10
8032 8031 1 4 20 M 10
6845 6846 2 5 25 O 20
6847 6848 2 4 22 O 20
5047 6850 2 2 10 O 20
6850 6853 2 8 42 M 30
6853 6849 2 10 51 O 10
6850 6852 2 2 9 O 10
6852 6849 2 4 17 O 30
6849 6851 2 4 17 O 20
6852 6853 2 7 33 O 10
5073 6854 1 37 205 M 20
6854 5072 1 6 28 M 20
5072 6855 1 2 8 M 10
4862 6856 2 3 13 M 30
462 2718 2 12 66 M 10
6859 6860 1 4 22 O 10
6861 6862 2 23 124 O 10
6862 6863 2 19 103 O 30
6863 6861 2 1 5 O 10
6860 6864 1 5 23 M 20
6860 6861 2 4 19 O 20
6889 6865 1 3 16 M 30
6865 6866 1 6 32 O 20
6866 6886 1 39 212 O 20
5004 5002 1 6 30 O 10
5002 5007 1 17 91 O 20
6855 6854 1 1 2 O 20
5216 6867 2 2 10 O 20
6869 6868 2 2 8 O 20
6221 3077 2 4 20 O 10
6875 7119 2 16 87 M 10
7119 6874 2 6 29 O 30
6874 6873 2 4 20 O 30
6876 6101 1 6 30 M 30
5308 5309 1 6 28 M 20
6877 6880 2 4 19 M 30
6882 6881 1 4 21 O 30
6883 6956 2 7 37 M 30
6956 6882 2 8 40 O 30
6879 6878 2 17 94 M 30
6884 6879 2 3 14 O 10
6878 6883 2 49 271 O 10
5411 6885 2 3 13 O 30
6886 6887 1 7 34 M 10
6887 6889 1 9 47 O 20
6888 6865 2 4 21 O 10
6890 6891 1 11 61 O 20
338 6894 1 5 23 M 30
6893 6080 2 2 9 O 10
6895 7925 2 4 19 M 20
7925 7926 2 2 9 O 10
6896 6895 2 6 30 O 10
6895 745 2 5 25 O 20
745 750 2 4 20 O 10
750 6894 2 2 6 M 30
6894 7840 2 3 13 O 30
7840 7839 2 16 86 O 10
7839 6896 2 3 13 O 30
6896 6893 2 2 8 M 10
6917 6916 2 6 30 O 20
6900 8392 2 2 9 O 20
8392 8388 2 2 9 O 10
6912 6899 2 74 407 O 30
6917 6900 2 17 93 O 20
6900 6899 2 22 119 O 20
6903 6901 2 6 31 O 20
6914 6910 1 3 13 O 30
7821 6917 1 4 21 O 30
6904 6905 1 19 104 O 30
6916 6904 2 2 9 O 20
6904 8418 2 3 14 O 10
8418 6905 2 3 14 O 30
6905 6907 2 3 14 O 10
6908 6906 2 10 55 O 20
6909 6908 2 4 19 O 30
6908 6907 2 14 75 O 10
6907 6906 2 4 19 O 20
6906 6915 2 4 18 O 10
6910 6911 1 19 102 O 30
6910 8419 1 5 23 M 30
8419 6911 1 5 23 O 30
6911 6913 1 3 14 O 30
6916 6915 2 3 16 O 10
6915 6909 2 10 55 O 10
6909 6914 2 2 8 O 20
6914 6913 2 9 46 O 10
6913 6912 2 7 36 O 10
6912 6903 2 4 19 O 10
6903 6902 2 9 46 M 30
6922 6921 2 9 47 O 10
6920 6918 1 9 47 O 30
6921 6920 1 28 154 M 20
6920 6919 1 29 160 O 30
6919 6921 1 4 18 O 30
6924 6923 2 21 112 M 30
6927 6926 1 6 31 O 20
6928 6927 1 6 31 O 20
6929 6928 1 3 16 M 20
6931 6930 1 6 29 M 30
6933 6926 2 5 24 M 30
6926 6932 2 6 30 O 10
6931 6925 2 5 24 O 10
6933 6931 2 7 36 O 20
6930 6929 1 9 48 O 30
6934 6933 2 11 57 M 30
6946 6937 2 4 19 M 20
6940 6939 1 3 14 O 10
6938 6941 1 5 26 O 20
6948 6940 2 1 2 O 30
6939 6949 1 2 8 O 30
6941 6940 1 15 78 O 10
6948 6944 2 13 68 M 20
6944 6942 2 4 21 M 10
6942 6947 2 9 47 M 10
6944 6943 2 10 53 O 10
6943 6942 2 6 31 O 20
6947 6946 2 3 11 O 30
6946 6945 2 15 81 M 20
6951 6950 2 7 34 O 10
6954 6953 2 6 32 O 10
6956 6951 2 7 34 M 20
6951 791 2 2 11 O 20
791 7991 2 2 8 O 20
7991 7993 2 3 12 O 20
7993 6954 2 1 4 O 10
6957 6958 2 5 26 O 20
6970 6957 2 3 12 O 30
6962 6961 1 3 12 O 10
6959 6960 1 3 16 O 10
6961 6959 1 9 46 O 30
6972 6971 2 28 151 O 10
6973 6972 2 3 15 O 10
6963 6034 2 16 87 O 20
6965 6964 2 28 154 O 20
6964 6972 2 4 17 O 10
6967 6966 1 10 52 O 20
6969 6968 1 9 46 O 30
6971 6965 2 4 20 O 10
6965 6970 2 6 31 M 30
6970 6966 2 2 10 O 20
6966 6969 2 3 12 O 30
6969 6960 2 3 14 O 30
6960 6962 2 10 52 O 10
6962 6033 2 2 7 O 30
6980 6981 1 4 22 O 30
6985 6986 1 5 24 O 20
6974 6985 1 9 45 O 20
6981 6982 1 2 7 O 10
6982 6983 1 17 94 O 10
6982 8420 2 6 33 M 20
8420 6983 2 6 33 M 20
6976 6975 2 12 65 O 10
6978 6977 2 12 65 O 10
6984 6979 2 5 23 O 10
6985 6978 1 4 18 O 20
6978 6975 1 3 16 M 20
6975 6981 1 2 9 O 10
6974 6984 2 4 19 O 20
6984 6977 2 5 24 O 20
6977 6976 2 3 16 O 30
6976 6983 2 4 17 O 20
7009 7008 2 17 90 O 20
7005 6988 2 9 49 M 10
6989 6996 1 13 68 O 10
6991 6990 1 12 66 O 30
6993 6992 1 13 67 O 30
7016 6989 1 3 13 O 30
6989 6991 1 4 18 M 10
6991 6993 1 4 17 M 20
6993 7897 1 13 71 M 30
7897 6992 1 5 23 O 30
7007 6997 1 14 78 O 30
6999 6998 1 15 79 O 10
7006 7000 1 14 78 O 20
7002 7001 1 15 79 O 10
7008 6997 2 16 86 O 20
6997 6998 2 4 17 O 20
6998 7000 2 4 17 O 10
7000 7001 2 4 20 M 10
7001 7040 2 4 20 O 30
7004 7003 2 10 51 O 20
6987 7009 2 10 50 O 10
7008 7007 1 4 21 M 30
7007 6999 1 4 18 O 30
6999 7006 1 4 17 O 20
7006 7002 1 4 19 O 20
7002 6992 1 48 267 O 20
7015 6994 1 6 29 O 10
7026 7010 1 3 16 M 30
7013 7012 2 6 32 O 10
6994 7021 1 9 47 M 30
7017 7023 2 14 73 M 10
7021 7020 1 3 13 O 30
7010 7014 1 3 13 M 10
7014 7025 1 9 49 O 30
7025 7018 1 3 15 O 10
7018 7024 1 7 38 O 20
7013 7051 2 9 49 M 30
7051 7011 2 1 4 O 10
7025 7052 2 2 8 O 30
7052 7013 2 3 13 O 10
7019 7014 2 2 10 O 10
2219 7014 1 15 80 O 10
7022 7015 2 4 19 O 30
5362 7015 1 59 325 O 20
7018 7017 1 4 18 O 10
7024 7017 1 4 18 O 20
7017 7019 1 13 67 O 30
7019 7021 1 3 15 O 30
7024 7023 2 17 91 M 20
7023 7022 2 11 60 O 10
7022 6994 2 9 49 O 20
7030 7027 1 5 23 M 30
7027 7029 1 5 23 O 20
7029 7028 1 12 63 M 10
7032 7031 2 6 33 O 30
7034 7033 2 9 48 O 20
7036 7028 2 3 13 O 30
7028 7034 2 2 6 O 10
7034 7032 2 4 22 O 30
7032 7033 2 1 4 M 30
7033 7030 2 2 7 O 10
7030 7035 2 19 104 O 20
7042 7041 2 17 94 O 30
7043 6785 2 14 73 O 10
6785 2040 2 57 314 O 30
7044 7043 2 3 15 O 20
2143 7046 2 10 50 O 20
7051 7052 1 12 62 O 30
7054 7053 2 13 70 O 30
7055 1463 2 11 59 M 20
1463 7054 2 10 50 O 10
7054 7056 2 3 14 O 30
7057 7056 2 8 44 O 10
7059 7058 2 3 15 O 30
7061 7059 2 5 27 O 10
7059 7055 2 3 12 O 20
7055 7057 2 2 6 O 30
7057 7053 2 4 18 O 10
7053 7060 2 3 14 O 20
6621 7062 2 22 119 O 20
7063 7928 1 4 19 O 20
7928 7064 1 21 116 O 20
7066 7065 2 1 3 O 20
7067 7066 2 8 41 O 10
7068 7067 2 4 17 O 30
7092 7870 2 3 15 O 10
7870 7097 2 12 65 M 30
7095 7094 2 4 21 M 20
7093 7871 2 3 13 O 10
7871 7087 2 3 12 O 10
7089 7088 2 6 33 O 20
7091 7090 2 6 33 O 20
7095 7093 2 6 33 O 10
7093 7091 2 4 22 O 30
7091 7088 2 3 16 O 30
7088 7092 2 3 15 M 20
7096 7089 2 3 15 O 30
7089 7090 2 3 16 O 30
7090 7095 2 4 22 O 10
7098 7096 2 4 20 O 20
7096 7092 2 6 33 O 10
7101 7099 2 5 27 O 30
4331 7101 2 9 48 O 10
7101 7100 2 6 29 O 30
7109 7102 2 4 17 M 10
7106 7107 2 4 21 O 10
7103 7102 2 26 144 O 30
7108 7104 2 5 24 O 30
7107 7104 2 7 36 O 30
7104 7105 2 7 38 M 30
7102 8421 2 3 12 O 10
8421 7103 2 3 12 O 10
7103 7108 2 3 14 O 30
7108 7107 2 11 58 O 20
7115 7117 2 5 22 M 30
7111 7114 2 3 14 M 30
7113 7116 2 4 20 O 10
6874 7117 2 3 17 O 30
7117 7116 2 20 110 M 10
7116 7115 2 16 85 O 10
7115 7114 2 4 18 M 10
7114 7113 2 14 74 M 30
7113 7112 2 3 12 O 10
7112 7111 2 13 68 O 10
7111 7110 2 5 23 O 20
7110 7112 2 15 82 M 20
7119 7118 2 14 72 O 20
7121 7120 2 13 71 M 20
5680 7122 2 13 72 O 20
7081 7129 2 4 20 O 30
7129 7085 2 3 16 O 20
7085 7128 2 13 67 O 10
7128 7084 2 4 20 M 30
7084 7080 2 1 4 O 30
7080 7083 2 4 17 O 20
7083 7069 2 34 186 O 20
7082 7081 2 7 36 O 30
7070 7071 2 4 17 O 30
7072 7074 2 7 38 O 30
7074 7073 2 3 16 M 20
7076 7072 2 4 17 O 20
7072 7075 2 4 18 O 10
7075 7074 2 10 55 O 20
7074 7085 2 10 55 O 20
7078 7077 2 10 52 O 20
7080 7079 2 13 71 O 10
7082 7084 2 3 16 O 10
7083 7070 2 8 41 O 30
7070 7079 2 9 44 O 20
7079 7082 2 17 91 O 30
7086 7077 2 5 23 O 10
7077 8422 2 2 9 O 10
8422 7078 2 2 9 O 10
7078 7076 2 3 13 M 30
7076 7073 2 7 38 O 10
7073 7081 2 1 5 O 20
7124 7123 2 17 92 M 30
7126 7125 2 20 110 M 20
7127 3046 2 17 91 O 20
7129 7128 2 10 53 O 20
7133 7132 2 2 10 O 10
7131 7130 2 2 8 O 10
7132 7131 2 15 83 M 10
4832 1715 2 2 10 O 20
7136 7135 2 37 205 M 30
7142 7139 1 5 26 O 30
6445 7143 1 5 27 O 20
7141 7140 2 12 65 O 20
7138 7137 2 5 24 M 20
7140 7138 2 4 17 O 30
7140 7142 2 4 17 O 10
7143 7142 2 12 66 M 20
7144 7141 2 34 184 M 10
7141 7143 2 3 16 O 30
7147 7148 1 16 86 M 30
7148 7145 2 4 19 O 30
6971 7148 2 3 16 O 10
7145 7147 1 6 31 M 10
7147 7146 1 3 12 O 20
7146 7145 1 4 18 M 30
7150 7162 2 5 26 O 10
7162 7164 2 15 78 M 10
7164 7149 2 3 16 O 20
7151 7804 1 13 72 O 10
7804 5888 1 2 6 O 30
7152 7154 2 18 97 O 30
7154 7153 2 5 24 O 10
7156 7154 2 10 53 O 30
7154 7155 2 11 60 O 20
7160 7158 2 7 34 M 30
7161 7160 2 4 17 O 20
7160 7159 2 10 55 O 30
7164 7163 2 17 91 O 30
7163 7162 2 3 14 O 10
1920 7167 2 12 65 O 30
7167 7166 2 9 47 O 30
7166 7165 2 3 14 O 20
7165 7167 2 5 26 M 10
7169 7168 1 4 19 O 10
7170 7171 2 8 0 C 0
7168 7172 1 6 30 M 30
7172 7171 1 7 34 M 10
7173 7170 2 3 0 C 0
2793 2799 2 18 96 M 30
7175 7174 2 13 68 O 20
7180 7179 2 5 23 O 30
7179 7176 2 3 12 O 30
7176 7178 1 9 47 O 30
7178 7177 1 6 29 M 20
7177 7176 1 3 16 O 10
5909 7183 1 18 97 O 10
7185 7184 2 3 12 O 10
7186 191 2 9 45 O 30
191 934 2 4 18 O 10
934 937 2 12 63 M 20
937 936 2 13 68 O 10
7188 7189 2 5 27 M 20
1818 7193 1 10 50 O 30
7190 7191 1 7 37 M 10
7196 7193 1 6 30 O 30
7198 7197 1 3 12 O 10
2456 2454 2 8 43 O 10
7202 2114 1 8 40 O 20
2259 4089 1 28 152 O 10
6430 6429 2 8 44 O 20
6789 285 2 5 27 O 30
285 7204 2 41 225 O 20
7204 4566 2 27 147 O 20
4566 7205 2 21 115 O 30
7209 7208 1 2 0 C 0
7208 7207 1 2 0 C 0
7207 7210 1 2 0 C 0
7210 7206 1 2 0 C 0
7206 7209 1 1 0 C 0
7208 1628 2 7 0 C 0
1628 1627 2 4 0 C 0
1627 1626 2 6 0 C 0
1626 1625 2 4 0 C 0
1625 4292 2 33 0 C 0
7212 7213 1 4 22 O 30
7213 7217 1 4 21 O 20
7214 7219 1 7 35 M 20
7218 7214 1 7 34 O 20
7220 7217 1 1 3 O 10
7213 8282 2 5 27 O 20
8282 8277 2 21 114 O 20
8277 4788 2 20 108 O 20
4788 7558 2 39 215 O 30
2939 7226 1 2 8 O 10
7226 7228 1 2 6 O 20
7228 7227 1 2 8 O 10
7227 2939 1 2 6 O 20
2925 5414 2 26 139 O 20
5414 2935 2 17 89 O 10
2935 2936 2 3 15 O 30
2936 7226 2 16 86 O 20
7229 7225 1 3 12 O 30
7225 7224 1 2 11 O 20
7224 7229 1 2 10 O 20
7221 7223 1 3 0 C 0
1525 4385 2 6 0 C 0
4385 1511 2 2 0 C 0
1511 4384 2 23 0 C 0
4384 4329 2 12 0 C 0
4329 7221 2 14 0 C 0
7232 7231 1 3 13 O 20
7231 7230 1 3 12 O 10
7230 7233 1 2 8 M 30
7233 7232 1 3 13 M 30
5401 7234 2 26 143 O 20
7234 7230 2 3 16 O 10
2797 7237 1 3 16 O 10
7237 7236 1 5 24 O 20
7236 2797 1 3 14 O 10
2019 7846 2 3 12 O 30
7846 2799 2 14 74 O 20
2799 2798 2 30 164 O 10
2798 7237 2 15 82 O 30
7240 7239 1 2 9 O 30
7239 7238 1 2 10 O 10
7238 7240 1 3 15 O 10
7241 2796 1 3 14 O 20
2796 7242 1 4 18 O 20
7242 7243 1 4 21 O 30
7243 7241 1 1 3 O 10
7242 2795 2 22 119 M 20
2795 1995 2 9 50 O 10
1995 2023 2 9 45 O 10
2625 7293 2 8 44 M 10
7293 3534 2 9 47 O 30
3534 7246 2 16 84 O 10
7247 7244 1 2 9 O 30
7244 7246 1 2 10 O 20
7246 7248 1 3 12 O 30
7248 7245 1 2 10 O 10
7245 7247 1 1 2 M 20
7248 3557 2 51 282 O 20
7252 7251 1 2 8 O 30
7251 7249 1 4 20 O 10
7249 7250 1 2 10 O 30
7250 7252 1 1 3 O 20
7249 2993 2 11 60 M 10
2993 5361 2 9 47 O 30
5361 3000 2 24 130 O 20
3000 3003 2 14 74 M 30
3003 3005 2 25 137 O 10
3005 3006 2 12 64 O 10
7253 7254 2 2 8 O 20
1535 1544 2 20 0 C 0
7258 7259 1 2 10 O 30
7259 7255 1 3 13 M 20
7255 7256 1 3 13 O 10
7256 7257 1 3 13 O 10
7257 7258 1 1 2 M 20
7256 1790 2 15 82 O 10
1790 3330 2 28 153 O 30
7264 7263 1 2 7 O 20
7263 7262 1 2 10 O 20
7262 7261 1 3 12 O 30
7261 7264 1 1 3 O 10
3473 7262 1 35 192 O 10
7267 7266 1 2 7 O 10
7266 7265 1 2 8 O 20
7265 7267 1 3 12 M 10
2934 7265 2 13 71 O 20
7268 7270 2 2 8 M 10
7270 7272 2 10 55 O 30
7272 7269 2 6 29 O 30
7270 7271 2 16 87 O 10
7271 7272 2 8 40 O 10
2844 7273 1 2 6 O 20
2839 2840 2 5 27 O 10
2840 2842 2 2 7 M 20
4068 4069 1 10 50 O 20
7275 4068 1 10 53 M 20
7276 7275 1 3 12 M 20
6165 7276 1 16 89 O 20
4070 793 1 13 71 O 30
793 6165 1 3 16 O 30
7801 501 2 1 4 O 20
7278 7279 1 13 71 O 20
2707 2708 2 17 89 O 10
2377 2375 1 23 127 M 20
7282 7281 1 31 167 O 10
7281 7280 1 20 108 M 10
6598 6168 1 4 19 M 30
2862 2861 2 20 110 O 10
2539 4476 2 9 49 O 20
7284 7283 2 9 48 O 30
470 7286 2 7 34 O 30
7286 7284 2 3 16 O 30
7284 7285 2 44 242 O 20
7287 7286 1 21 116 O 30
3132 3130 1 22 121 M 20
3127 3128 2 26 141 M 20
3128 3129 2 26 140 O 20
3129 3130 2 2 11 O 10
7289 7288 1 15 81 O 30
7291 7289 1 12 65 O 20
7289 8423 1 1 3 O 10
8423 7288 1 1 3 O 10
7288 7290 1 15 82 O 20
7293 7292 1 19 106 O 30
7938 6185 1 12 62 O 20
4431 753 2 24 130 O 10
753 751 2 6 31 O 30
751 6772 2 5 23 O 20
6772 5487 2 17 90 M 20
5487 5485 2 18 95 O 30
5485 3304 2 12 64 O 30
3304 5484 2 5 26 O 30
5484 5483 2 17 91 O 30
7305 7306 2 9 48 O 20
7307 6001 2 7 34 M 20
6001 5999 2 3 16 O 10
7309 7307 2 4 17 M 10
5997 7308 2 4 18 O 10
6001 5998 2 9 47 O 30
3422 3430 2 14 74 O 10
7311 5928 2 7 34 O 10
5928 7310 2 6 33 O 10
7313 7312 2 14 76 O 20
5929 4188 2 27 0 C 0
4188 4190 2 20 0 C 0
4190 4191 2 7 33 O 20
4191 4195 2 17 93 M 30
4195 4201 2 31 171 O 30
7318 7319 2 49 271 O 30
7319 7323 2 8 41 O 10
7321 7322 1 3 14 O 30
7322 7323 1 7 37 O 30
7322 7324 2 22 120 O 10
7327 7334 1 2 11 O 20
7334 7326 1 3 15 O 30
7326 7328 1 3 14 O 10
7328 7327 1 3 15 O 10
7326 7336 2 11 56 O 30
7336 7329 2 1 4 O 20
7330 7331 1 14 72 O 20
7329 7453 1 6 28 O 30
7453 7330 1 3 14 O 20
7330 768 1 13 69 M 30
767 7333 1 4 21 O 10
7333 7345 1 12 62 M 10
7345 7329 1 7 35 O 10
7332 7333 1 9 45 O 20
7334 7399 2 8 42 M 30
7399 7401 2 21 112 O 20
7401 7335 2 57 312 M 30
7336 7339 2 4 19 O 10
7339 7337 2 12 65 O 10
7337 7338 2 3 16 O 20
7338 7339 2 9 49 O 10
7453 7340 2 3 15 O 30
7340 7344 2 13 68 O 20
7344 7342 2 4 21 O 10
7342 7341 2 17 93 O 10
7341 7343 2 4 21 O 30
7343 7340 2 3 16 M 10
7341 8424 2 6 31 O 10
8424 7342 2 6 31 O 30
7343 7344 2 11 56 O 30
7453 7345 2 2 6 M 30
7345 7349 2 4 20 M 30
7349 7346 2 4 18 O 20
7346 7347 2 8 40 O 20
7346 7352 2 5 25 O 30
7352 7348 2 2 11 O 10
7348 7349 2 10 53 O 10
7348 7350 2 18 98 O 30
7350 7351 2 6 31 O 20
7351 7348 2 19 103 M 30
7350 7352 2 20 106 O 30
7319 7354 2 26 140 O 20
7354 7353 2 6 32 M 10
7354 7355 2 9 46 O 30
7357 7356 2 17 90 O 10
7360 7362 1 1 3 O 20
7362 7391 1 2 9 O 10
7391 7359 1 2 9 M 30
7359 7358 1 4 19 O 10
7358 7360 1 4 19 O 30
7358 7390 2 7 34 O 30
7390 7383 2 1 4 O 20
7383 7561 2 6 28 M 30
7359 7361 2 10 53 O 30
7362 7374 2 20 107 O 20
7374 7363 2 6 32 O 10
7363 7364 2 21 113 O 10
7364 7365 2 11 56 O 20
7365 7370 2 4 17 M 30
7370 7368 2 4 17 M 20
7368 7366 2 14 75 O 20
7366 7367 2 4 19 O 30
7367 7369 2 4 17 O 10
7367 7368 2 11 57 M 30
7369 7370 2 11 57 M 10
7365 7371 2 8 43 O 20
7369 7364 2 4 17 O 30
7366 7372 2 42 230 O 20
7372 7373 2 45 246 O 20
7374 7377 2 3 16 M 20
7377 7375 2 9 50 O 20
7375 7376 2 2 9 M 20
7376 7377 2 4 19 M 30
7363 7382 2 5 23 O 30
7382 7378 2 124 688 M 30
7379 7378 1 5 23 O 30
7379 7381 2 12 64 O 30
7381 7382 2 3 12 O 30
7383 7384 2 4 20 O 10
7384 7385 2 6 28 M 10
7386 7384 2 4 17 O 20
7387 7389 2 5 26 M 30
7389 7388 2 8 42 O 20
7389 7390 2 3 14 O 10
7391 7392 2 4 19 O 30
7393 7392 2 19 102 O 10
7392 7394 2 5 24 O 30
7394 7397 2 2 9 O 10
7397 7395 2 9 49 O 30
7395 7396 2 6 32 O 20
7396 7397 2 4 17 M 10
7372 7398 2 7 38 O 30
7323 7320 1 5 23 M 10
7399 7400 2 8 44 O 30
7401 7402 2 11 57 O 10
7403 7404 2 12 63 M 30
7404 7405 2 6 33 M 10
7411 7415 2 2 11 M 20
7415 7413 2 4 17 M 30
7413 7414 2 15 79 O 20
7414 7416 2 4 19 O 10
7416 7417 2 4 19 M 20
7417 7412 2 5 0 C 0
7413 8425 2 3 15 O 30
8425 7414 2 3 15 O 20
7415 7416 2 4 22 O 20
7411 7417 2 3 14 O 20
5982 6810 1 24 129 M 20
7421 2472 2 13 71 O 20
3922 7422 2 8 43 O 30
7424 5223 2 9 49 O 20
7425 5724 2 7 38 M 20
7429 7428 2 10 51 M 10
7432 7431 2 7 35 O 10
7433 2763 2 6 32 O 30
7434 2761 2 5 24 O 20
3502 7440 1 10 55 M 20
7435 3502 1 10 50 O 30
7437 3507 1 8 43 O 30
3507 7436 1 7 38 O 30
7441 7440 1 3 15 M 30
7439 7442 2 23 124 M 10
7444 7443 2 14 72 O 20
2385 2389 1 5 23 O 30
5279 4143 1 17 91 O 30
6815 6809 1 16 89 O 30
4133 5983 1 5 26 O 20
7712 241 1 13 70 O 20
4573 4574 2 5 23 O 20
426 7448 2 25 134 O 20
7452 7450 1 2 8 O 20
7451 5013 2 10 53 O 20
7449 7452 1 6 33 O 30
7450 5013 1 3 14 O 20
7378 7380 1 1 5 M 10
7380 7379 1 1 5 O 30
5709 5710 1 3 13 O 20
5708 4346 1 2 11 O 10
6791 716 1 10 0 C 0
5299 230 1 11 59 O 30
230 232 1 8 43 O 30
232 1366 1 13 72 O 30
2330 5299 2 4 21 O 20
7455 7454 2 14 73 O 10
7457 2330 1 8 41 M 20
7456 7455 2 6 33 M 20
7455 2330 2 7 35 O 30
5707 7457 1 13 71 O 10
5357 5707 1 18 95 O 20
1372 1374 1 2 8 M 10
812 1915 1 4 20 O 30
1915 7458 1 4 19 M 10
5388 539 1 11 0 C 0
539 5389 1 8 42 M 30
4554 4555 1 12 65 O 30
6439 4554 1 11 61 M 10
5233 7459 1 11 56 O 10
6695 5722 1 20 109 O 10
7460 7461 1 7 34 O 30
7461 5244 1 18 98 O 10
2321 7462 1 21 114 M 20
7462 494 1 16 84 O 30
494 7463 1 12 64 O 30
7463 4550 1 34 188 O 10
7464 498 1 17 93 O 10
498 4551 1 26 143 O 10
7465 497 1 14 74 O 20
6442 3244 1 14 77 M 10
3244 7465 1 29 157 O 10
7466 3243 2 6 30 M 20
3239 4935 2 13 71 O 10
7472 3123 2 6 33 O 10
3122 7472 2 17 91 O 10
7469 707 1 11 57 O 30
707 7471 1 3 13 O 20
7468 7470 2 13 68 O 10
3233 706 2 4 21 O 30
706 7469 2 13 71 O 30
7469 7468 2 4 22 O 20
7468 7467 2 10 51 O 10
7472 709 1 5 26 O 10
709 7471 1 2 7 O 30
7471 7467 1 2 11 O 30
7467 7470 1 4 17 M 20
4934 3122 2 16 88 O 30
7473 1784 2 15 80 O 30
1784 3120 2 4 17 M 20
3120 4934 2 7 35 M 30
3121 7473 2 11 59 O 30
6209 8426 1 9 47 O 10
8426 6213 1 9 47 M 10
172 712 2 3 12 O 20
712 3121 2 8 40 O 30
4932 4933 1 12 66 M 30
7474 4932 1 3 13 O 10
4931 7477 1 2 8 O 30
7477 7474 1 9 49 O 30
4930 7476 1 12 66 M 30
7476 4931 1 4 21 M 20
4575 3346 2 8 43 O 10
417 264 2 5 26 O 10
3346 5610 2 6 28 M 10
7479 3346 2 11 56 O 30
4690 7481 2 10 55 O 30
5450 737 2 7 38 O 20
737 7482 2 2 6 O 10
5448 5020 2 9 46 O 30
5714 5448 2 10 53 O 10
5447 5714 2 13 68 O 10
5453 3124 2 13 70 M 10
3125 5453 2 3 13 M 10
7483 3125 2 5 27 M 20
4951 7483 2 15 78 M 30
5713 4951 2 8 41 O 30
5021 3126 2 19 101 O 20
3126 742 2 12 66 M 10
742 5713 2 3 12 M 30
7484 5480 2 13 69 O 30
6087 5473 1 11 59 O 10
5473 5712 1 9 47 O 20
5711 2597 1 7 37 M 10
7486 6079 1 13 71 O 30
6079 6082 1 15 78 O 30
6082 6086 1 8 41 O 30
2594 7487 1 6 30 O 10
5768 7488 1 20 109 O 10
7489 5768 2 19 104 O 30
7490 3094 2 5 27 O 30
3094 5733 2 18 95 O 10
6081 6083 1 17 90 O 10
6083 6084 1 5 27 M 20
3119 5510 1 3 15 M 20
5510 6081 1 14 77 M 10
5511 3119 1 8 39 O 30
3119 6083 2 2 10 O 10
5608 385 2 1 5 O 20
4943 5608 2 4 20 O 10
7492 7491 2 14 72 O 10
439 4943 2 3 12 O 20
2494 2959 2 9 50 O 20
2959 439 2 9 49 O 20
439 5607 2 11 57 O 10
2978 6176 2 23 122 M 30
6176 2987 2 10 52 O 20
2987 7251 2 11 61 O 20
6870 2843 1 21 114 O 20
2843 1375 1 19 102 O 30
5348 7547 1 8 42 O 10
7493 2538 1 6 32 O 30
7494 2534 1 4 17 O 20
2534 78 1 9 48 O 10
7234 7235 1 5 25 O 30
7496 5401 2 25 135 O 30
7497 7496 2 1 3 O 10
78 7497 2 15 79 O 10
2534 1760 1 12 64 O 30
1760 7497 1 5 23 O 20
7497 6436 1 27 145 M 30
7498 5321 1 10 0 C 0
69 1072 2 8 39 O 30
1072 4358 2 7 34 O 20
71 7499 2 16 86 O 30
72 6642 2 4 22 O 20
7500 5807 1 8 42 O 10
4557 2463 1 4 19 O 10
4558 4559 1 15 81 M 10
5236 4557 1 38 209 O 10
2912 7690 1 12 64 O 20
7501 5236 1 8 42 O 20
5308 7501 1 4 17 O 30
1881 7502 2 3 14 O 20
7503 1893 1 11 57 M 20
4847 5308 1 8 42 O 10
5235 5311 1 37 204 M 10
7504 5717 1 26 141 O 20
5259 6698 2 11 58 O 20
6698 5885 2 9 47 M 10
8246 8245 1 4 20 O 20
5720 6440 1 23 125 O 10
2326 7505 1 32 175 O 10
2462 5257 1 5 24 O 10
4786 5257 2 3 13 O 30
7506 5291 2 10 0 C 0
7507 5291 2 8 0 C 0
7508 5291 2 11 58 O 10
7510 7509 2 6 0 C 0
5299 2430 2 9 48 O 10
2430 7510 2 6 33 M 10
2427 6610 2 11 57 M 20
2427 7511 2 17 93 O 30
7511 7551 2 12 62 O 30
7512 8180 2 4 18 O 30
8180 8181 2 7 35 M 30
5706 1918 2 10 52 O 30
1918 7045 2 2 11 O 10
1874 5704 2 3 16 O 30
6100 4354 2 3 11 O 30
4354 6599 2 13 69 O 30
7513 6600 2 6 31 O 20
6601 6600 1 4 19 O 30
6168 7513 2 9 48 O 10
434 4794 2 12 64 O 10
4794 6807 2 7 36 O 30
6807 4792 2 10 50 O 20
4792 414 2 21 112 O 20
435 7068 2 11 56 O 30
7068 4640 2 4 22 M 20
4640 1850 2 3 13 O 10
1850 1847 2 8 42 O 30
1847 4345 2 23 124 O 30
7514 8218 2 6 29 O 10
8218 2833 2 8 40 O 30
7515 6809 2 9 47 O 10
7516 5981 1 5 23 O 20
6809 7516 1 5 24 M 30
4122 4124 1 16 87 M 20
4120 5993 1 29 156 M 20
5993 5996 1 8 42 O 10
5996 4122 1 8 39 O 30
2038 4153 1 13 71 O 30
5266 7798 1 5 27 O 30
7518 7517 1 8 41 O 20
7517 7798 1 10 50 O 30
7517 5266 1 8 39 O 30
7790 7518 1 7 34 O 30
5269 850 1 2 10 O 30
850 851 1 10 53 O 20
851 6010 1 7 37 O 30
7519 473 1 19 100 O 20
5701 7713 1 13 71 O 30
7520 842 1 8 42 M 10
842 2402 1 7 36 O 10
7521 838 2 3 13 O 10
838 2399 2 4 20 O 10
7522 2406 1 22 119 O 20
2402 840 1 8 42 O 30
840 7522 1 56 311 O 30
813 5384 1 2 8 O 20
5384 2399 1 15 83 M 10
2403 2406 2 3 13 O 20
2413 557 1 1 2 O 20
557 555 1 3 17 O 10
555 553 1 4 22 O 20
553 552 1 5 25 O 20
552 550 1 10 50 M 20
550 549 1 4 19 O 30
549 547 1 8 42 O 30
547 5493 1 1 5 O 10
2415 2414 2 3 12 O 20
2415 665 1 27 150 O 10
665 667 1 13 69 O 10
667 668 1 3 16 O 10
668 671 1 15 80 O 20
671 651 1 18 97 O 30
651 648 1 3 16 M 20
648 2398 1 3 16 O 20
2412 452 1 12 66 O 30
452 565 1 3 15 O 20
565 563 1 3 15 O 20
563 561 1 5 26 O 10
561 546 1 9 49 O 30
546 2414 1 2 10 O 20
2411 2412 1 12 62 M 10
7523 575 1 7 34 O 10
575 573 1 7 35 O 10
573 569 1 11 56 O 20
569 2410 1 7 36 O 30
2393 425 1 7 38 M 30
425 579 1 8 39 M 20
579 577 1 9 50 M 10
577 7523 1 2 9 O 20
2398 646 1 6 30 O 10
646 649 1 14 77 O 20
649 2394 1 3 14 O 30
7524 2388 1 9 46 O 10
6015 6022 1 7 34 O 30
6024 6015 1 3 16 O 20
629 630 2 35 191 O 20
630 619 2 9 47 O 30
1724 6787 2 8 43 O 10
6021 6020 1 6 28 O 20
6027 6021 1 7 35 O 10
4166 7431 2 7 34 O 10
7431 7526 2 14 73 M 20
4724 4166 2 14 75 O 20
7528 7527 2 4 21 O 20
823 4171 2 16 88 O 30
6816 7529 2 10 51 O 30
6816 4725 2 13 68 O 20
822 4167 2 1 5 O 10
4167 821 2 2 9 O 10
5986 6814 1 7 38 M 10
4719 5986 1 16 85 O 30
6813 4719 1 2 11 M 10
6812 5987 1 8 40 M 10
5987 6813 1 15 82 M 30
6810 4977 1 24 131 O 20
7530 5279 1 18 95 M 10
5980 7530 1 31 172 M 20
8073 4142 1 5 24 M 10
2155 7531 1 10 53 M 20
7532 2154 1 12 66 O 30
7533 2155 2 13 68 O 10
2389 2395 1 5 26 O 20
2408 2401 1 6 33 O 10
7534 2407 2 5 27 O 10
5624 6432 2 7 34 O 10
6432 5623 2 9 48 O 30
6820 7535 2 18 97 O 30
2261 5624 2 12 63 O 10
7536 6820 2 152 842 O 20
2261 2238 1 17 94 O 10
491 7295 2 17 92 O 20
5630 491 2 4 19 O 30
2226 2262 1 26 140 O 30
2257 2259 1 13 71 O 30
6430 2257 1 28 154 O 10
7537 2237 1 11 56 M 10
2256 7538 1 20 107 O 30
6010 5266 1 3 17 O 10
7799 7800 2 15 79 O 10
7539 841 2 10 54 O 20
841 2402 2 6 30 O 20
7540 810 2 2 11 O 10
5433 7541 2 32 0 C 0
5231 1978 2 15 0 C 0
7541 5231 2 16 0 C 0
2851 2850 2 9 49 O 30
2850 6068 2 2 8 M 30
6068 7542 2 3 12 O 30
7543 8172 2 8 42 O 30
8172 2427 2 10 51 M 10
4344 4346 1 7 34 O 10
6870 6980 2 9 47 O 20
5293 6870 2 3 11 M 30
5412 6885 1 16 83 O 30
2952 2536 1 3 15 O 20
2536 1226 1 22 120 M 20
1226 1224 1 2 11 O 10
1224 1796 1 12 63 O 20
1796 2535 1 8 42 O 20
2535 7494 1 16 86 M 30
5404 5612 1 30 164 O 30
5612 2952 1 12 63 O 30
4350 8358 1 2 10 M 30
8358 7544 1 3 17 O 30
1911 1875 2 48 264 O 10
1911 8166 2 10 52 M 30
8166 8164 2 4 22 O 30
8164 6105 2 2 6 O 10
6065 5306 1 10 53 O 30
7545 5306 2 11 60 O 30
2851 7545 2 7 35 M 30
7544 8168 1 17 93 O 20
7546 5354 1 3 14 O 20
7547 5613 1 8 40 O 20
2331 7543 2 14 76 O 10
7548 7549 1 10 53 O 30
4793 7548 2 15 80 O 20
7550 5494 2 3 12 O 20
5494 6626 2 2 6 O 30
6626 436 2 8 43 O 20
7552 6188 1 7 35 O 10
6188 437 1 5 25 M 30
4897 7709 2 10 54 O 10
3937 1338 2 5 23 O 10
1338 3941 2 13 70 O 30
3941 3942 2 3 16 O 20
3942 3948 2 19 105 O 20
3948 3956 2 60 331 O 30
2113 7298 2 1 4 M 10
2115 490 2 2 10 O 20
7553 3915 2 13 67 O 20
3915 5874 2 15 81 O 10
5874 6747 2 26 140 O 30
7554 7555 1 8 43 O 30
5275 6746 1 10 55 O 30
6746 7301 1 2 9 O 10
7555 1839 1 6 29 M 20
7300 1005 1 3 13 O 30
4246 7445 1 5 27 O 10
488 4246 1 6 31 O 10
1004 372 1 17 90 O 10
4065 6344 1 13 70 M 30
4070 1494 2 14 77 O 10
1494 7557 2 1 4 O 10
4071 2078 2 7 35 O 30
4073 4071 2 10 54 O 30
4797 2075 2 10 53 O 10
7558 2076 2 14 73 O 10
7559 4076 2 10 51 O 30
4066 6345 1 2 9 O 10
4065 6343 1 2 9 O 10
6343 6344 1 11 61 O 30
6344 5925 1 3 14 M 30
6345 6342 1 1 1 O 30
4067 4066 1 25 138 O 10
767 768 1 2 8 O 10
768 7331 1 4 19 O 10
7331 7569 1 22 117 O 30
768 769 1 3 12 M 20
769 767 1 3 12 O 10
7570 7332 1 7 36 O 20
7571 7321 1 4 21 O 20
7321 7320 1 10 53 M 30
7320 7570 1 14 73 O 10
769 7565 1 24 132 M 10
7566 769 1 26 139 O 30
770 7562 1 4 21 M 30
7562 7566 1 25 136 O 20
7569 771 1 29 156 O 20
7564 770 1 12 63 M 10
771 7325 1 13 71 O 30
770 771 2 3 12 O 20
7561 7560 2 4 21 O 30
7564 7560 1 13 68 M 30
7561 7562 1 9 45 O 10
7560 770 2 4 18 O 10
7563 7564 1 3 13 O 30
7567 772 1 17 89 O 30
772 7563 1 3 13 O 30
7568 7567 1 12 66 O 10
7325 4020 1 14 76 O 10
6011 7568 1 7 34 O 30
4564 2817 1 9 45 O 10
7565 7571 1 18 95 M 30
4020 6011 1 11 61 O 30
7571 2818 2 22 118 O 30
774 777 1 10 55 O 10
777 4564 1 3 12 O 10
5720 4555 2 3 15 O 30
2032 4555 2 24 128 O 20
2010 7568 2 9 49 O 20
7572 1993 2 14 76 O 10
1996 7573 2 8 41 O 10
1990 7407 1 8 42 M 30
4572 2036 2 7 36 O 30
4567 7279 2 7 0 C 0
7279 369 2 1 3 M 10
369 7574 2 10 53 O 10
2409 2408 2 2 9 O 20
2395 4886 1 9 46 O 20
432 4886 1 2 6 O 10
4564 775 1 2 7 O 10
775 4681 1 16 86 O 30
2818 2001 2 9 49 O 10
7123 2818 1 4 22 O 30
1922 8168 2 17 92 O 10
4336 4331 1 8 40 O 20
4343 5307 1 6 33 O 10
5307 4336 1 7 35 M 20
7575 68 2 14 76 O 20
1875 67 2 19 102 M 30
5813 7576 1 19 101 M 10
7577 1876 2 9 47 O 10
5758 4668 1 31 0 C 0
2236 7537 1 3 15 M 30
5924 6349 1 5 25 O 30
2349 5921 1 5 24 O 20
7642 4204 1 7 35 M 20
4204 1655 2 15 81 O 10
1655 4202 2 9 45 O 20
4202 5927 2 30 163 O 20
5927 6618 2 19 104 M 30
5859 2635 2 59 327 O 20
7616 395 2 97 536 O 20
397 4371 2 16 85 O 30
2264 2449 2 33 180 M 10
7668 5419 2 3 16 O 30
5890 7668 2 6 29 O 30
916 7676 1 3 13 O 20
7676 7677 1 8 42 O 10
2353 7679 1 8 42 O 10
7678 7679 1 7 34 O 10
7678 2354 1 2 8 O 20
5777 7681 1 11 59 M 30
7681 4075 1 8 40 O 20
2353 7678 1 6 30 O 10
7679 4074 1 4 21 O 20
7677 7678 1 2 10 O 10
7677 2352 1 5 23 O 10
4074 4072 2 73 400 O 30
7680 7681 2 2 9 O 20
7683 7684 1 4 20 O 10
2597 5857 1 2 6 M 30
4657 7781 1 6 0 C 0
4143 4141 1 2 11 O 30
4139 4143 1 3 14 O 20
2401 2396 1 5 22 O 20
1818 7192 1 7 37 O 20
1819 7197 1 4 21 O 20
1812 7190 1 2 6 O 20
2244 2237 1 2 8 O 20
4679 1739 2 7 35 O 10
1739 6106 2 9 49 O 20
2220 2261 1 13 71 O 30
6195 3984 2 4 20 O 30
491 2256 1 22 117 O 20
5734 1350 1 31 168 O 20
1350 1348 1 7 38 O 30
1348 2582 1 5 24 O 30
6220 448 1 20 111 O 20
2911 5235 1 8 43 O 30
7690 5309 1 4 22 O 10
5702 94 2 5 24 O 30
86 2653 1 6 29 O 20
7692 7691 2 5 25 O 20
242 7692 2 4 19 M 20
7691 1289 1 6 32 O 20
1289 7692 1 9 50 O 30
3843 1744 2 12 64 O 10
1744 3847 2 8 42 O 20
6643 7500 1 6 29 O 10
4089 2243 1 15 79 M 20
4089 3967 2 10 52 M 10
2324 3967 1 16 85 O 10
2238 5622 1 7 35 M 10
5041 7697 2 11 0 C 0
5516 5038 2 11 0 C 0
7698 2217 1 10 0 C 0
2343 7703 1 5 25 O 20
7703 7699 1 6 30 O 30
7703 7702 2 15 81 O 10
7702 7701 2 39 214 M 10
7701 7700 2 12 64 M 20
7700 7702 2 27 146 O 20
5810 5669 1 73 404 O 10
4337 863 1 12 67 O 10
7704 4337 1 4 21 O 10
4333 1932 1 2 8 M 20
4346 4333 1 7 38 M 20
1373 7705 1 4 18 O 20
4353 5708 1 7 36 O 10
4561 2423 1 16 88 M 10
2423 5811 1 34 183 O 20
4335 4343 1 8 44 O 10
5705 1373 1 8 39 M 20
7458 1937 1 14 75 O 30
2396 8354 1 6 31 O 30
7574 2409 2 28 152 O 30
5922 5926 1 12 66 O 20
6349 5922 1 5 23 M 20
5920 6348 1 5 27 M 10
6007 1730 1 27 0 C 0
6005 6004 1 21 0 C 0
5812 2465 1 8 40 O 10
5814 5715 1 9 45 O 30
2464 5814 1 6 31 M 30
5730 5847 1 9 46 O 10
1918 8178 2 3 13 O 30
8178 6639 2 36 197 O 10
4138 5982 1 7 38 M 30
4139 5984 1 7 36 O 10
4563 4135 1 5 23 O 10
4143 6815 1 6 33 M 10
6018 6026 1 17 89 O 10
7707 598 2 16 84 O 30
598 582 2 5 25 O 20
582 597 2 15 82 O 10
597 5849 2 22 118 O 10
8224 5259 1 5 24 O 10
5297 7708 2 27 150 O 10
7709 5296 2 10 55 M 30
2849 6104 2 3 11 O 20
7710 5701 1 10 54 O 30
5701 7711 2 6 30 O 10
480 843 1 16 84 O 10
843 7716 1 34 184 O 30
7713 7519 1 79 436 O 30
7714 85 1 6 28 O 20
85 826 1 12 65 O 30
826 103 1 10 55 O 10
103 97 1 6 31 O 20
97 99 1 7 38 M 10
99 832 1 35 194 O 30
832 830 1 8 44 O 10
830 7520 1 21 115 O 20
2127 8298 1 15 83 O 20
8298 3685 1 30 0 C 0
3686 7715 1 39 216 O 10
5038 5041 2 5 23 O 20
1842 2184 1 8 0 C 0
5744 5745 1 70 0 C 0
5640 901 1 5 0 C 0
2361 4706 1 19 0 C 0
438 7892 1 4 0 C 0
7892 7893 1 16 0 C 0
7893 2361 1 14 0 C 0
7716 7712 1 48 263 O 20
2836 6422 2 18 98 O 20
6980 6986 2 8 42 M 10
6986 8194 2 9 49 O 20
8194 5297 2 23 125 O 30
7717 7718 2 4 19 O 30
7719 3918 2 4 21 O 20
3918 7721 2 2 7 O 20
7721 7720 2 3 13 M 10
7721 7722 2 3 14 O 20
3917 7723 2 4 18 O 20
3917 7724 2 4 20 M 20
7725 7728 2 3 12 O 20
7728 7727 2 11 57 M 20
7727 7726 2 2 11 O 10
7727 8427 2 3 12 O 10
8427 7728 2 3 12 M 20
7729 7730 2 3 13 O 10
5531 7732 2 16 87 M 20
7738 7739 2 4 21 M 30
7740 7741 2 5 23 O 20
7742 7743 2 4 17 O 10
7744 7745 2 4 21 O 20
7746 7747 2 4 22 O 30
7748 5523 2 5 24 O 20
7749 7750 2 5 23 M 10
7751 7752 2 4 22 O 10
7734 7735 2 3 16 M 20
7736 7737 2 3 12 O 20
5985 6699 1 115 637 M 30
5006 6128 2 14 74 O 10
6128 5217 2 10 54 O 20
5217 507 2 15 81 O 10
6006 5760 1 7 0 C 0
6086 6088 1 8 41 M 30
416 6089 1 8 42 O 10
4683 1307 2 13 71 O 20
1307 1309 2 10 53 O 20
1309 1328 2 41 226 O 10
1328 1329 2 4 21 M 20
1329 1326 2 6 30 O 30
1326 1334 2 27 147 O 30
1334 1332 2 4 19 O 30
1332 1310 2 11 59 M 20
4026 5780 1 34 184 M 20
7061 279 2 5 25 O 30
279 277 2 2 6 O 20
277 1190 2 33 179 M 30
1190 1501 2 19 104 O 10
1501 3819 2 15 81 O 30
5869 5780 2 2 6 O 10
2345 4027 1 16 89 O 30
2344 5782 1 11 57 O 10
4064 2350 1 9 48 O 10
414 5305 2 22 121 O 30
7755 7753 2 3 14 O 20
2838 7756 2 4 19 O 30
7757 7756 2 13 67 M 20
7756 7755 2 4 21 M 20
7755 7754 2 11 59 O 20
5737 1183 2 22 120 O 30
1183 1181 2 6 33 O 20
1181 7109 2 16 84 O 20
6265 5762 2 11 56 O 20
7759 3842 2 15 81 O 10
6110 6109 2 17 92 O 30
2573 3062 2 19 101 O 10
2588 2590 1 24 129 M 20
2590 5768 1 33 181 O 10
7760 7761 2 4 19 O 10
7762 7763 2 16 84 M 10
7765 7766 2 52 285 O 20
7767 7768 2 18 99 M 30
2400 2407 1 6 29 O 20
2404 2408 1 6 29 M 10
4889 432 1 2 6 O 10
4889 2404 1 3 14 M 30
2340 3776 1 10 50 O 20
3776 2338 1 3 12 M 10
2339 2341 1 19 102 O 20
3805 2342 1 11 57 O 10
4027 7770 2 12 63 M 30
5779 7771 1 10 53 O 30
7772 6470 1 4 22 O 10
5923 2348 1 14 73 M 20
2356 4084 2 12 64 O 30
7773 7130 2 7 35 O 30
7774 2258 1 4 17 O 30
7775 7774 1 19 104 O 20
2352 5778 1 13 71 M 30
2348 4064 1 7 34 O 30
5921 2347 1 12 64 O 10
7776 2058 2 14 0 C 0
3648 7777 2 8 42 O 20
7778 3648 1 11 59 O 10
7779 7778 1 26 142 O 30
3647 7779 2 9 47 O 10
5617 5616 1 10 51 M 20
5616 5618 1 5 28 O 10
5616 3320 1 6 33 O 20
3320 3330 2 16 86 O 10
3330 5619 2 18 96 O 30
7783 7784 2 2 11 O 20
7784 7785 2 6 29 O 20
7785 7786 2 2 9 O 10
7786 7787 2 4 21 O 30
7787 7788 2 7 35 M 20
7788 7786 2 3 15 O 20
7784 7787 1 11 59 M 20
7785 7676 2 3 13 O 20
3996 2232 1 34 186 O 30
2232 5140 1 121 667 O 30
5140 2263 1 29 156 O 10
2245 2242 1 9 48 O 20
2242 2250 1 179 990 O 30
2270 4662 2 12 67 O 20
4662 2297 2 12 64 O 10
2297 4379 2 5 22 O 20
4379 4367 2 16 84 O 10
4367 2284 2 5 23 O 30
2284 4369 2 12 62 O 20
4368 4366 2 16 86 O 20
4366 4365 2 16 86 O 20
4365 4364 2 16 87 O 30
4364 4363 2 16 85 O 10
4363 4361 2 16 87 M 10
5841 2834 1 4 20 O 20
2834 5842 1 3 14 O 30
6197 7802 1 3 11 O 20
7802 6198 1 3 11 O 10
7803 7804 1 14 75 O 20
7804 131 1 24 132 O 10
4846 7806 2 10 52 M 10
7806 7807 2 11 60 M 20
7806 7808 2 5 26 O 10
7809 2904 2 8 41 O 10
7810 7811 2 24 130 O 10
4881 7812 1 5 26 O 30
1807 1808 2 15 83 M 10
1808 1809 2 22 119 M 30
3556 8146 2 13 67 O 30
8146 4854 2 18 98 O 20
1572 7814 2 32 175 O 30
8391 12 1 36 196 O 30
12 7972 1 3 13 O 10
7972 7818 1 13 70 O 20
2857 6884 2 4 19 M 20
6884 1759 2 7 35 O 30
1759 7823 2 15 83 O 20
7824 7818 1 1 5 M 20
7818 7823 1 7 37 O 30
7823 7819 1 5 22 O 10
7819 7824 1 1 3 O 20
5770 7821 1 10 53 O 10
7821 7822 1 17 89 O 20
7822 8389 1 2 10 O 10
7839 7841 1 4 20 O 30
7841 7840 1 9 45 O 20
7842 3194 2 14 75 M 10
4533 7842 2 1 3 O 10
7846 7847 2 18 97 O 10
2702 7848 2 3 13 O 10
7844 4866 2 4 19 M 10
4866 7845 2 3 14 O 10
7845 7844 2 3 12 O 30
7849 7850 2 2 11 O 30
7851 7852 2 4 19 O 20
7853 478 2 16 87 O 30
478 477 2 15 83 O 20
7027 7857 1 2 6 O 10
7857 7029 1 3 14 O 30
7858 7859 1 5 27 O 30
7859 7860 1 6 30 O 30
7860 7861 1 5 27 O 10
7859 7862 1 10 53 O 10
7862 7860 1 5 23 O 10
7863 7187 2 10 55 M 10
7189 7863 2 9 45 O 30
7864 7867 1 14 74 O 20
7867 7865 1 10 54 M 30
7865 7866 1 29 156 M 30
7867 8428 1 3 14 O 20
8428 7865 1 3 14 O 30
7870 7871 1 9 48 O 30
7872 7873 2 10 54 O 30
7877 7876 2 2 6 O 30
7878 7875 2 3 11 O 20
4477 7880 1 4 18 O 30
7880 7881 1 9 46 O 10
7881 7879 1 4 18 O 10
7880 8429 2 3 13 M 20
8429 7881 2 3 13 O 30
3461 7882 2 17 92 O 20
7885 7887 1 4 22 O 30
7887 7888 1 14 74 O 30
7891 7890 2 2 7 M 20
7894 7895 1 17 94 M 30
7895 7896 1 6 31 O 20
7009 336 2 2 11 O 30
336 7005 2 2 8 M 20
7005 7004 2 4 19 M 30
7004 7016 2 59 326 O 30
6992 6990 1 4 17 O 30
6990 6996 1 4 18 M 30
6996 6995 1 2 11 O 20
2159 4905 2 7 36 O 30
5803 5800 1 10 52 O 30
5801 5800 2 3 13 O 20
7898 7899 2 14 72 O 20
7900 7901 2 14 72 O 20
7901 7902 2 8 42 O 10
6118 6119 2 4 20 O 30
6115 6116 2 7 34 M 30
6116 6135 2 10 51 O 20
7903 7904 2 12 65 O 10
7904 7905 2 2 6 O 20
7904 7906 2 6 30 O 30
4595 7908 1 17 92 M 30
7908 6110 1 3 14 O 10
6109 7907 1 2 9 O 30
5530 3911 2 14 75 O 30
3938 6656 2 19 101 M 10
6656 6319 2 3 12 O 10
6232 7909 1 10 55 M 20
6231 8430 1 2 10 O 10
8430 7910 1 2 10 O 30
7911 7912 2 11 60 M 10
4727 8245 1 6 30 O 10
7914 7913 1 4 19 M 30
7915 7916 1 4 17 O 30
6599 6168 2 4 20 O 20
4895 5664 2 20 110 O 30
4895 8228 2 13 69 O 10
8228 8226 2 1 2 O 20
8226 5256 2 34 184 M 30
7920 7918 1 12 66 O 10
7918 7919 1 2 9 O 20
7919 7920 1 9 45 O 20
7917 7920 2 4 18 O 10
75 7922 2 75 411 O 30
5678 5683 2 18 97 O 10
7928 7930 2 5 24 O 10
7930 7929 2 4 19 O 30
7930 7931 2 4 19 O 20
3191 7932 2 54 299 O 30
1863 7935 2 19 105 O 30
7935 7934 2 11 57 O 20
7934 7933 2 2 9 M 20
7935 7921 2 7 38 O 20
7945 7944 2 18 96 O 10
7944 7940 2 4 17 M 30
7941 7940 2 4 21 O 10
7943 7942 2 5 26 O 20
7946 7943 2 4 21 O 20
7943 7945 2 4 18 O 20
7945 8397 2 7 34 O 30
8397 7944 2 7 34 O 20
5632 5633 2 15 81 O 30
5633 2528 2 54 299 M 30
2528 5725 2 55 301 O 30
7947 7948 2 4 19 O 10
7480 7479 2 4 20 O 20
7949 7951 1 2 0 C 0
7951 7952 1 3 0 C 0
7952 2958 1 3 0 C 0
2958 7950 1 3 0 C 0
7950 7949 1 2 0 C 0
2957 7952 2 21 0 C 0
7955 7954 2 5 26 M 20
7957 7956 2 3 16 O 20
7959 7958 2 2 10 O 30
7961 7960 2 4 22 O 10
7962 7963 2 5 23 O 10
5204 7964 2 3 16 O 30
7966 7965 2 4 17 O 10
7968 7967 2 3 17 O 20
7974 7975 2 4 17 O 30
7975 7978 2 4 18 O 10
7978 7979 2 4 17 O 30
7979 7982 2 3 16 O 10
7982 7983 2 4 19 O 10
7983 7986 2 4 18 O 20
7986 7987 2 4 19 O 10
7987 7990 2 4 17 O 10
7990 7989 2 22 117 O 20
7989 7988 2 4 18 O 10
7988 7985 2 4 19 M 20
7985 7984 2 4 18 M 10
7984 7981 2 4 18 M 10
7981 7980 2 4 17 O 30
7980 7977 2 3 16 O 30
7977 7976 2 4 18 M 10
7976 7973 2 4 17 O 20
7975 7976 2 16 85 O 30
6882 7817 2 12 64 M 10
7817 6877 2 35 192 M 20
7993 7992 1 11 58 O 30
7992 7991 1 9 46 O 20
7994 5367 2 6 28 O 20
7995 4850 2 3 14 M 20
394 7994 1 1 4 M 30
8006 8007 2 11 56 O 20
8008 8009 2 8 41 O 20
8011 8010 2 6 30 O 30
8012 8011 2 6 29 O 10
8014 8013 2 7 38 O 10
8016 8015 2 15 78 O 20
8018 8017 2 6 29 M 20
8020 8019 2 6 29 O 20
8022 8021 2 3 15 O 20
4159 8123 1 2 0 C 0
8123 4861 1 11 0 C 0
8024 8120 2 4 0 C 0
8120 8119 2 3 0 C 0
8119 8118 2 3 0 C 0
8118 8116 2 6 30 O 30
8116 8114 2 2 7 M 20
8114 8112 2 2 10 O 30
8112 8110 2 4 19 O 30
8110 8125 2 2 9 O 20
8125 4860 2 1 5 O 20
4861 4161 1 10 0 C 0
6840 8032 1 4 18 O 10
8106 8030 1 5 25 O 30
4142 6699 2 3 12 O 20
8077 8076 1 3 16 O 20
8036 974 2 16 88 O 30
974 972 2 16 88 M 20
972 970 2 10 54 M 20
970 8035 2 21 112 O 20
8038 8037 2 33 180 O 20
8042 8039 2 34 186 O 10
8043 8042 2 14 77 M 30
8042 8038 2 61 336 O 10
8038 8041 2 7 37 M 10
8041 8036 2 8 41 O 30
8036 981 2 17 94 O 20
981 979 2 12 63 M 10
979 977 2 5 25 O 30
977 8040 2 46 252 O 10
8047 8046 2 2 8 M 10
8048 6827 2 2 10 O 10
6827 6823 2 4 18 O 10
6823 8047 2 1 5 O 30
6829 8048 2 2 8 M 10
8052 6831 2 3 13 M 20
6831 6829 2 4 18 M 10
8051 6833 2 1 5 O 30
6833 8052 2 2 7 O 10
8050 6836 2 2 6 O 10
6836 6835 2 4 17 M 20
6835 8051 2 3 12 O 20
8049 8050 2 2 8 O 30
6840 6838 2 4 17 O 20
6838 8049 2 1 4 O 30
7419 7420 2 22 122 M 30
7420 8053 2 24 132 O 10
4121 8054 2 12 66 O 20
8056 8055 2 5 25 O 20
6763 8056 2 2 6 O 30
8055 6761 2 4 22 O 20
6760 6764 2 6 28 M 10
6764 6767 2 1 3 O 30
6767 6763 2 1 5 O 30
6794 4146 1 4 22 M 20
8025 4151 1 7 0 C 0
4147 8026 1 30 166 O 30
4152 8101 1 20 106 O 30
4144 8031 1 2 8 O 20
6797 4144 1 8 43 O 30
8031 8030 1 3 11 O 30
7687 8029 1 8 42 M 10
4146 8104 1 3 16 O 10
4144 6821 1 4 18 M 10
6821 6840 1 4 18 O 20
6840 6841 2 8 42 O 30
8058 8067 2 6 31 M 10
8060 8059 1 22 121 M 30
8044 8062 2 8 41 O 20
8064 8069 2 7 35 O 20
8069 8063 2 6 33 O 20
8065 8064 2 27 147 O 20
8064 8072 2 19 102 O 30
8068 8065 2 16 86 O 10
8065 8066 2 19 103 O 20
8070 8063 2 14 74 O 20
8063 8068 2 58 321 O 30
8068 8058 2 2 9 O 20
8061 8066 2 37 202 O 30
8066 8060 2 3 16 M 10
8060 8062 2 7 36 O 10
8062 8059 2 10 55 O 10
8059 8089 2 8 42 O 20
8089 8072 2 3 15 M 10
8072 8071 2 6 29 M 10
8071 8070 2 4 21 M 20
8070 8069 2 12 62 O 10
8099 2155 1 11 57 O 20
4149 4148 1 5 25 M 20
8074 8073 1 9 46 M 10
7531 8074 1 6 29 O 20
8075 7532 1 2 10 O 30
8076 8075 1 6 29 O 10
6699 8077 1 6 33 O 10
1864 4718 1 6 31 O 30
8082 8079 1 4 18 O 20
8079 8081 1 17 92 O 10
8083 8082 2 4 21 O 20
8079 8078 1 4 20 O 10
8078 8081 1 7 35 O 30
8082 8080 1 8 41 O 10
8081 8080 1 3 16 O 30
8080 8084 1 8 41 O 30
8084 8082 1 4 17 O 30
8091 8088 1 25 134 O 20
8088 8094 1 3 16 M 10
8094 8093 1 3 15 O 10
8093 8092 1 3 15 O 30
8071 8091 1 3 12 O 30
8092 8085 2 4 17 O 20
8093 8086 1 6 31 O 20
8094 8087 1 7 37 O 30
8088 8090 1 10 51 O 10
8090 8089 1 3 15 O 20
8092 8086 1 8 40 O 30
8086 8087 1 4 17 O 20
8087 8090 1 4 21 O 20
8090 8091 1 10 55 O 10
4142 8095 1 8 43 O 20
8096 4864 2 3 14 M 20
8044 8097 2 5 23 O 20
8045 8044 2 5 26 O 30
8097 8043 2 11 60 O 20
4864 8083 2 1 5 M 10
8083 8045 2 4 20 O 10
6758 6757 1 2 9 M 30
6759 6758 1 2 7 O 20
8034 4130 1 1 5 O 20
4130 8057 1 1 5 O 10
4157 4158 1 3 14 M 10
8098 4157 1 3 13 O 20
8100 4952 1 5 0 C 0
8026 8025 1 6 30 O 10
8101 8027 1 4 18 O 20
6794 6795 1 2 10 O 20
8102 6794 1 6 33 O 30
8103 8102 1 4 18 O 20
8104 6797 1 2 6 M 30
6796 6797 1 2 6 O 20
4125 4132 1 8 43 O 20
4145 8105 1 4 20 O 20
8030 4145 1 2 8 O 30
4145 4144 1 3 11 O 20
8029 8106 1 3 11 O 30
8110 8109 2 2 10 M 30
8112 8111 2 2 10 O 30
8114 8113 2 3 15 O 30
8116 8115 2 2 10 O 30
8118 8117 2 5 26 M 10
8121 8120 2 3 0 C 0
8122 8121 2 8 0 C 0
8123 8122 2 3 0 C 0
8125 8124 2 4 22 O 20
8108 4162 1 14 0 C 0
8128 8127 2 4 22 O 10
8130 8129 2 4 21 O 20
8132 8131 2 4 20 O 10
8135 8133 2 4 20 O 30
8136 8130 2 5 23 O 10
8130 8132 2 5 24 O 30
8132 8135 2 4 22 O 20
8135 8134 2 5 24 O 30
5081 8140 2 3 13 O 30
7693 8141 2 2 8 O 30
8142 8143 2 2 8 O 30
8144 3544 2 17 89 M 10
8145 8146 2 1 2 O 20
7649 7650 2 8 43 O 10
7597 5893 2 46 254 O 10
5893 8147 2 7 37 O 30
8148 4079 2 2 9 O 20
4080 8149 2 4 19 M 10
8149 8152 2 2 7 O 10
8152 8150 2 12 65 O 30
8151 8150 2 3 12 O 20
8150 8153 2 5 24 O 20
8153 8155 2 9 46 O 30
8155 8152 2 5 28 O 30
8153 8154 2 5 27 O 10
8154 8155 2 2 9 O 10
5848 7801 2 2 7 O 20
7448 1985 2 2 10 O 20
1994 1985 2 9 50 O 30
461 2030 2 18 96 O 30
2038 1547 2 2 11 O 10
6738 8156 2 37 201 M 30
8157 8158 2 6 31 O 10
8159 8160 2 6 31 O 20
8161 8162 2 5 27 O 30
7684 1345 2 5 24 O 10
1346 7683 2 3 13 O 10
8164 8165 2 6 32 M 20
8166 8167 2 13 67 O 20
8168 8170 1 13 69 O 20
8170 8169 1 1 4 O 10
8169 8357 1 7 36 O 10
8357 4350 1 2 10 O 30
8171 8172 2 7 38 M 30
8173 8174 2 24 130 O 10
8175 8176 2 8 41 O 30
8176 8177 2 7 35 O 10
8176 8178 2 6 28 M 30
8181 8179 1 7 36 O 30
8179 8180 1 5 23 O 10
8181 8184 2 7 35 O 30
8184 8182 2 6 32 O 20
8183 8184 2 13 68 O 20
8189 8190 2 17 94 O 30
8191 8192 2 12 67 M 10
8194 8195 2 11 56 O 20
4896 5405 2 3 12 O 30
2954 66 1 5 27 O 20
8197 8198 2 5 23 O 10
8199 8200 2 8 43 M 10
8208 8205 1 1 3 O 30
8212 8213 2 13 70 O 10
8213 8207 1 6 30 O 20
8205 8213 1 6 30 O 10
8210 8204 1 7 35 O 10
8204 8214 1 7 33 O 30
8202 8208 1 7 35 O 20
8209 8202 1 7 34 O 10
8206 8203 1 6 29 O 30
8203 8211 1 5 27 O 10
8215 8216 2 18 97 O 20
8217 8218 2 8 42 O 10
8219 8220 2 8 41 O 30
8221 1851 2 7 35 O 30
8222 8223 2 10 52 O 10
8225 8224 1 10 54 O 10
8226 8227 1 13 70 O 10
8227 8228 1 12 62 M 20
1853 8229 2 26 144 O 20
4339 8230 2 33 183 O 10
8230 8231 2 12 63 O 20
8231 8232 2 7 34 O 20
8230 8237 2 5 26 O 20
8237 8235 2 6 29 M 20
8235 8233 2 7 37 O 10
8234 8235 2 6 30 M 10
8236 8237 2 10 52 O 30
8238 8239 2 9 49 O 20
8240 7706 2 19 101 O 20
8240 8241 2 12 64 O 30
8241 8242 2 5 28 O 20
1915 8241 2 12 63 O 30
1813 7196 1 2 7 M 10
7196 7198 1 2 7 O 30
7192 7196 1 2 9 O 10
7198 1813 1 2 7 O 10
8253 8254 2 62 0 C 0
8254 8255 2 50 0 C 0
8255 8257 2 46 252 O 10
8257 8256 1 33 178 O 10
8266 8267 2 9 0 C 0
8269 8270 2 9 45 O 30
4221 1388 2 47 257 O 30
1388 1386 2 17 91 O 20
1386 4229 2 27 145 M 20
209 5889 2 10 52 M 20
2773 4018 2 14 76 O 30
4018 7406 2 11 61 O 10
2030 2000 2 9 50 O 30
2793 7253 2 20 111 M 20
7253 4565 2 12 64 O 20
4565 2786 2 8 44 O 10
2786 2784 2 29 156 O 20
2797 8272 2 1 3 O 30
2039 1999 2 30 166 O 10
8273 8274 2 12 61 O 10
8284 8285 2 2 7 O 30
8288 8286 1 3 11 O 20
8289 8294 2 18 97 O 10
8294 8291 2 4 20 M 30
8291 8290 2 23 128 O 30
8292 8293 2 18 98 O 20
8293 8291 2 13 67 M 30
8293 8294 2 9 48 O 10
8276 8281 2 11 56 M 10
8281 8278 2 10 52 O 10
8278 8277 2 10 50 M 20
8278 8279 2 11 58 O 20
8280 8281 2 4 21 O 20
8283 8282 2 25 137 O 30
8295 8296 2 10 55 M 10
8296 8297 2 7 38 O 20
8298 8296 2 27 146 O 10
8299 8303 2 3 13 O 30
8303 8301 2 11 57 O 10
8301 8300 2 2 8 O 20
8301 8302 1 4 22 M 10
8302 8303 1 6 29 O 20
8304 7179 2 11 59 O 30
7178 8305 1 7 36 O 30
8305 7177 1 9 48 M 30
7179 8306 1 13 69 M 10
8309 8310 2 7 35 O 10
8310 8311 2 22 118 O 30
8307 8308 2 4 18 O 20
8308 8313 2 5 27 O 20
8313 8309 2 5 26 M 10
8308 8312 2 13 68 O 30
8312 8313 2 9 46 O 10
8310 8314 2 4 20 O 30
5843 6197 1 2 10 O 10
6198 5666 1 2 7 O 10
2842 7273 1 5 24 O 10
7273 2845 1 2 10 M 20
7274 2847 1 8 39 O 20
8316 2845 2 5 22 O 10
4330 6597 2 1 4 O 30
5284 5283 1 8 0 C 0
8320 8321 1 17 0 C 0
8321 8322 1 11 0 C 0
8322 5790 1 10 0 C 0
5652 8319 1 13 0 C 0
8319 8320 1 2 0 C 0
4898 5652 1 6 0 C 0
5789 4898 1 7 0 C 0
5283 5789 1 2 0 C 0
8323 4360 2 2 6 M 30
4360 2616 2 15 79 O 20
8324 2302 2 48 262 M 30
8325 4741 2 4 20 O 20
4741 4759 2 17 93 O 20
7805 4846 2 1 5 O 10
8333 8331 1 7 34 O 10
8330 8333 1 6 30 O 20
3195 8334 1 5 27 O 20
8334 8335 1 5 24 O 10
4464 8332 1 3 15 M 20
4469 3198 1 5 25 M 30
8339 8340 1 13 68 O 10
8337 8339 1 13 67 O 20
8343 4468 1 3 14 O 10
8336 8342 1 1 3 M 20
8342 8343 1 2 9 O 30
4467 8336 1 3 12 M 10
8344 6214 1 19 104 O 30
8342 8344 1 2 9 O 30
4465 8347 1 5 26 O 20
8347 8345 1 3 14 O 30
8345 3197 1 8 41 O 30
8346 8345 1 5 24 O 30
8347 8346 1 4 21 O 10
8348 8347 1 4 20 O 30
8350 8349 2 64 352 O 10
8349 8327 2 14 74 O 10
8327 8328 2 22 121 M 10
8327 8329 2 3 14 O 20
8349 6095 2 8 44 O 10
1821 5272 1 14 76 O 20
8185 4342 1 3 16 O 20
4342 4349 1 2 10 O 20
8185 8355 1 3 16 M 20
8360 8359 2 4 20 O 20
8361 8360 1 4 18 M 10
8360 4712 1 4 20 O 10
4712 8361 1 7 38 O 20
5277 6122 2 6 30 O 10
4992 5675 2 26 140 O 30
5675 6714 2 12 65 O 10
6714 484 2 4 19 M 20
484 5278 2 7 35 M 30
8364 8362 1 2 9 O 10
8362 8363 1 4 18 O 20
8365 8364 1 3 12 O 20
8366 8362 1 5 27 M 20
8367 8366 1 4 17 O 10
8366 8365 1 10 54 O 30
7758 7304 1 15 81 O 30
8370 8371 1 16 87 O 10
8368 8370 1 11 56 O 10
8371 8369 1 8 39 O 20
4244 6467 1 11 57 O 30
6467 7035 1 23 122 O 30
8369 7199 1 18 96 O 10
7199 8372 1 44 242 M 20
8372 8373 1 15 80 O 10
8373 8374 1 7 37 O 10
8374 7758 1 15 81 O 20
5509 2161 2 10 52 O 20
5509 3264 1 4 20 O 20
3264 8375 1 4 22 O 30
8375 8376 1 4 21 O 10
8376 5509 1 4 20 O 10
2540 8377 2 3 15 O 20
8378 8379 1 19 105 O 30
6302 8378 1 18 96 O 30
4946 5603 2 20 110 M 20
5604 5603 1 3 11 O 30
7211 5604 1 3 11 O 20
8381 4947 1 2 10 M 20
4947 8382 1 2 10 M 30
8384 4941 2 85 472 M 30
8385 3350 2 14 73 O 20
8382 8385 1 3 16 O 20
8385 8380 1 4 17 M 20
8383 8381 1 4 17 M 10
8386 8383 1 4 18 O 20
8380 8384 1 2 10 O 10
8384 8386 1 2 9 O 10
8382 8380 1 2 8 O 20
8386 8381 1 2 9 O 20
6242 6243 1 3 14 O 20
6243 3350 1 3 16 O 20
6248 6247 1 2 11 O 10
6247 4949 1 3 13 O 20
6246 6244 1 3 12 M 30
6244 6245 1 3 13 O 10
4696 4691 1 3 16 O 10
4691 4693 1 3 15 M 20
2521 2520 1 3 12 O 30
2520 2522 1 3 13 M 30
3344 4954 2 11 58 O 20
4954 8005 2 2 8 O 30
8005 504 2 5 24 M 10
504 5714 2 7 35 O 30
8390 8387 1 1 4 M 20
8387 8389 1 2 7 O 10
8389 8388 1 1 4 O 10
8388 8391 1 2 6 O 20
8391 6898 1 2 8 O 10
6898 7816 1 1 4 O 20
7816 8390 1 2 6 O 30
8387 792 1 7 34 O 30
792 6881 1 6 31 M 20
6881 538 1 16 84 O 20
7816 7817 2 3 14 O 20
7822 8392 1 3 14 O 10
2432 6047 2 8 41 O 30
6047 8394 2 4 19 O 20
8394 2432 2 5 24 O 30
2629 8396 1 4 21 O 30
2301 3418 2 5 27 O 30
3418 8395 2 13 71 M 30
6045 6044 2 3 17 O 20
6045 1 2 3 13 O 20
1 3 2 15 79 M 30
3 0 2 3 12 O 30
0 7681 2 2 11 O 30
1 2 2 4 17 O 20
2 3 2 13 68 O 20
0 4 2 7 38 O 30
4 3 2 6 30 O 30
5 4077 2 14 74 O 20
6 7 1 31 168 O 20
7 8398 1 2 8 O 10
8398 6 1 2 8 O 20
7 8 2 3 14 O 30
410 2627 2 11 56 O 10
2629 5786 2 4 18 M 20
6765 9 1 4 17 O 30
6764 6768 1 11 56 O 30
6768 6765 1 1 5 O 20
6475 6476 2 4 21 M 20
6508 6507 2 3 13 O 30
6480 6508 2 9 47 O 10
7974 7972 1 4 19 M 10
12 13 1 4 19 O 30
7973 13 2 14 73 O 30
13 7974 2 3 12 O 30
7989 8399 2 8 42 O 30
8399 7990 2 8 42 O 20
7987 7988 2 16 83 O 20
7985 7986 2 16 84 M 30
7983 7984 2 16 84 O 30
7981 7982 2 16 84 M 30
7979 7980 2 16 85 O 30
7977 7978 2 16 85 O 30
1855 3664 2 11 61 O 30
3664 5878 2 8 40 M 30
14 15 1 25 134 O 30
16 4272 1 2 0 C 0
17 32 1 3 0 C 0
4706 6007 1 5 0 C 0
5759 4275 1 47 0 C 0
4275 18 1 6 0 C 0
4325 3353 2 12 66 O 10
3353 4487 2 16 86 O 10
4487 2442 2 8 43 M 30
3352 4325 2 10 55 M 30
25 4516 1 2 9 O 20
22 3517 2 14 74 O 30
3517 5891 2 46 253 O 10
4857 7585 2 2 9 O 30
7585 7583 2 17 91 O 10
7583 7651 2 16 83 M 10
7651 7652 2 4 19 O 10
7652 6226 2 5 28 O 30
6226 7593 2 5 27 O 20
3495 3505 2 45 250 O 20
4514 3505 2 8 41 O 30
3495 20 2 15 78 O 30
20 27 1 3 12 O 30
22 25 1 2 8 M 20
27 21 1 2 8 O 30
26 20 1 2 11 O 20
23 24 1 2 9 O 30
24 22 1 2 8 M 10
19 26 1 2 9 O 10
28 5764 2 15 79 O 10
6877 29 2 5 27 O 20
30 31 2 55 305 O 20
32 7195 1 3 0 C 0
17 7194 2 2 0 C 0
7194 4272 2 3 0 C 0
4272 7780 2 3 0 C 0
7195 33 1 3 0 C 0
34 5881 2 9 47 M 10
5881 35 2 7 37 O 20
6818 36 2 11 57 O 20
37 38 2 5 26 O 20
38 39 2 18 100 O 20
39 7938 2 5 24 O 30
38 8400 2 6 28 O 10
8400 39 2 6 28 O 30
40 41 2 12 62 M 10
42 45 2 4 21 O 30
45 43 2 14 75 O 20
43 44 2 2 7 O 10
43 8401 2 3 16 O 30
8401 45 2 3 16 O 10
46 47 2 11 60 O 30
49 48 1 7 37 O 30
2228 50 1 9 47 M 10
51 2230 1 3 14 O 30
49 3681 1 5 25 O 30
2230 3681 1 2 8 O 30
2230 50 1 6 29 O 10
50 7026 1 4 19 O 10
51 2239 1 8 43 O 20
6725 2240 1 1 3 O 20
48 2227 1 1 5 O 30
52 53 2 26 139 O 30
5174 54 2 2 7 O 10
55 56 2 3 14 O 10
56 57 2 42 229 O 10
57 58 2 6 30 O 10
58 56 2 2 7 M 30
59 60 2 9 47 O 20
61 62 2 9 50 O 10
8322 63 2 9 0 C 0
63 64 2 9 0 C 0
7499 1127 2 8 44 O 10
1127 1128 2 2 10 O 20
1128 69 2 2 8 O 30
70 5262 2 4 22 M 10
5262 5346 2 6 32 O 20
2954 73 2 6 29 O 30
74 6685 1 11 58 M 10
6013 75 2 8 39 O 30
407 76 2 3 14 O 20
5725 171 2 3 12 O 20
3164 5723 2 26 141 O 30
7948 5632 2 10 53 M 10
3121 254 2 37 202 O 20
7924 7947 2 2 11 O 10
5424 80 2 3 12 M 10
79 5424 2 2 11 O 30
81 82 1 4 22 O 10
82 83 1 5 24 O 20
83 84 1 3 14 O 30
84 85 1 3 12 O 20
86 95 2 5 26 M 10
95 87 2 3 12 O 20
87 82 2 1 6 O 20
90 88 2 9 49 O 30
84 88 2 2 11 O 10
88 89 2 3 16 O 30
89 90 2 3 13 O 20
96 91 2 5 23 O 30
92 93 2 4 20 O 30
95 93 2 7 38 O 30
5702 86 1 6 29 M 10
87 96 1 4 22 O 10
83 96 2 2 6 M 20
97 98 1 4 20 O 20
98 99 1 11 56 O 30
98 100 2 7 35 O 20
101 102 2 4 18 O 20
102 103 2 5 24 O 30
1972 104 2 2 6 M 30
8339 6576 2 7 39 O 30
6576 6215 2 4 18 O 30
6215 6218 2 8 43 M 30
6218 6578 2 12 64 O 30
6578 3213 2 8 41 O 20
3213 110 2 15 83 O 20
108 7126 2 20 107 O 30
7126 107 2 7 35 O 20
256 3223 2 9 47 O 30
111 257 2 5 25 O 10
112 7924 2 8 41 M 30
6685 5726 2 5 24 O 30
6685 113 1 6 31 O 20
113 74 1 3 14 O 20
114 5632 2 2 9 M 20
2085 2095 2 6 33 O 10
2095 2106 2 20 108 O 10
2106 2104 2 29 158 O 20
2104 2092 2 13 68 O 10
2358 7773 2 2 10 M 30
3937 2119 2 25 137 O 20
3962 3955 2 31 170 O 10
1878 3972 2 6 30 O 20
2687 5033 2 27 146 O 20
6650 2683 2 19 101 M 20
321 6650 2 5 26 O 10
116 2086 2 29 156 O 20
115 116 2 12 63 O 10
117 1695 2 15 81 O 30
118 119 2 9 46 O 20
119 2989 2 10 52 O 30
2989 2998 2 43 0 C 0
2983 119 2 5 27 O 20
123 122 1 45 248 M 10
124 126 2 8 40 O 20
126 125 2 13 72 O 10
127 124 2 10 50 O 20
8196 8356 1 1 5 O 30
6207 128 2 26 140 O 20
6676 6684 2 2 10 M 20
129 130 2 2 11 O 10
5245 8016 2 2 6 O 30
8016 8022 2 4 19 O 30
8022 8020 2 4 18 O 10
8020 8018 2 3 16 O 10
8018 8023 2 3 12 O 20
131 5840 1 14 78 O 10
1841 132 1 15 81 O 30
133 5258 2 14 76 O 20
134 4895 2 18 95 O 30
135 5661 2 9 49 O 30
5663 1851 2 10 51 O 10
136 5297 2 5 27 O 20
4795 434 2 3 11 O 20
2952 6596 1 6 28 M 30
6596 2536 1 6 28 O 10
5481 138 1 6 28 M 10
138 139 1 6 32 O 10
141 6776 2 2 11 O 20
3280 4433 2 21 116 O 30
3278 3280 2 21 115 O 10
5486 4618 2 16 89 O 30
4618 8402 2 2 7 O 10
8402 4617 2 2 7 M 20
4617 5488 2 3 13 O 20
5488 5489 2 21 115 M 20
3322 140 2 2 10 M 30
142 2590 2 2 7 O 10
2518 3340 2 43 235 M 10
5465 4633 2 6 30 O 10
4633 130 2 11 56 O 10
144 3345 1 1 2 O 20
3345 146 1 2 11 O 10
146 143 1 3 12 M 10
143 145 1 3 12 O 30
145 144 1 2 10 M 30
146 3349 2 24 128 O 10
5769 143 2 53 290 O 10
3689 5043 2 10 0 C 0
5043 5517 2 3 16 M 10
2719 2009 2 40 220 O 10
2009 2034 2 41 223 M 20
2034 2006 2 15 81 O 30
147 6106 2 4 17 O 30
6108 149 2 8 44 O 20
150 151 2 3 15 M 10
152 151 1 3 13 O 10
151 153 1 1 3 O 20
153 154 1 14 76 O 20
155 8247 2 3 16 O 30
156 157 2 2 10 O 30
157 160 2 5 24 O 20
160 158 2 4 20 O 10
158 161 2 4 22 O 10
155 156 2 2 10 M 30
157 159 2 4 19 O 30
159 158 2 8 44 O 30
159 160 2 3 15 O 10
162 161 2 4 20 O 30
161 163 2 7 39 M 20
154 155 1 1 3 O 30
164 3884 2 9 45 O 10
165 166 2 49 268 O 30
6076 3702 2 4 0 C 0
167 168 2 4 17 O 30
168 169 2 3 11 O 20
168 170 2 2 8 O 30
6352 6353 1 1 2 O 30
6351 6352 1 2 9 M 30
76 75 2 3 13 O 10
171 74 2 2 6 O 30
259 174 1 17 92 O 10
5450 2493 1 13 67 M 20
173 717 1 5 26 O 10
717 728 1 5 24 O 30
728 5450 1 18 96 O 30
4933 711 1 1 4 O 20
711 172 1 1 3 O 20
175 176 2 10 54 O 10
176 184 2 4 19 O 10
184 183 2 6 29 O 20
183 177 2 4 18 O 30
178 177 2 5 27 M 10
177 179 2 8 44 O 20
179 183 2 5 26 M 10
183 180 2 5 27 O 10
181 184 2 5 26 O 30
184 182 2 6 29 M 30
176 185 2 6 32 M 30
4686 4685 2 5 23 O 30
187 188 2 20 111 O 10
189 190 2 132 728 O 10
192 932 1 8 40 O 20
932 191 1 4 17 O 10
2911 193 2 2 8 O 30
195 196 2 2 10 O 20
5350 4356 2 14 73 O 10
4356 7764 2 6 28 O 10
199 200 2 5 27 O 30
202 207 2 6 28 O 10
204 203 2 4 18 O 30
203 205 2 4 17 O 30
207 208 2 4 18 M 10
206 207 2 4 17 O 20
207 203 2 2 10 O 30
5889 210 2 6 31 M 30
212 3579 1 4 21 O 10
213 212 1 4 22 O 20
5631 215 2 35 192 O 30
214 213 1 3 14 M 20
215 214 1 10 50 O 30
216 223 1 6 33 O 10
217 3849 1 3 11 M 20
217 211 1 2 7 O 10
3850 211 1 3 12 O 20
218 219 1 2 7 O 30
219 944 1 8 42 O 30
944 946 1 6 32 O 10
946 220 1 21 117 O 20
220 216 1 6 33 M 30
223 220 2 2 8 O 20
221 222 2 15 81 O 10
222 3546 2 4 17 O 30
2307 694 2 8 41 O 10
694 224 2 1 2 M 20
2309 225 2 4 22 M 20
5739 7826 1 52 284 O 30
5761 4402 1 52 284 O 20
4402 226 1 20 110 O 10
227 5739 1 21 115 O 30
228 229 2 4 18 O 20
230 231 2 7 38 O 30
231 232 2 4 18 O 30
234 235 1 11 60 O 20
238 239 2 14 74 O 30
5423 240 2 7 34 M 20
241 242 1 8 43 O 20
242 5702 1 3 16 M 20
5701 241 1 3 13 O 30
241 2653 1 2 10 O 20
5682 5684 1 4 21 O 10
244 5681 1 6 32 O 20
5693 5696 2 15 83 O 20
5691 245 2 4 19 M 20
246 6690 2 6 29 O 20
248 247 1 9 45 O 20
253 250 1 1 2 O 10
250 251 1 3 13 O 30
251 254 1 2 11 O 20
254 252 1 3 14 O 10
252 253 1 1 2 O 10
255 112 2 3 14 M 10
7923 3232 2 25 136 M 20
256 257 1 9 45 O 20
110 256 2 4 20 O 10
257 3223 2 3 16 O 10
3223 7923 2 2 11 O 20
4931 7475 1 4 20 O 10
7475 4588 1 5 23 O 10
7478 7477 1 6 31 O 10
7476 7475 1 5 24 M 30
172 260 1 16 88 O 10
260 258 1 8 42 O 10
258 259 1 2 8 O 20
7477 258 1 3 11 O 20
259 4931 1 3 11 M 20
261 726 2 3 17 O 20
726 262 2 13 69 M 20
4929 261 1 4 21 O 10
262 263 2 15 78 O 10
263 4930 1 3 15 O 30
174 263 1 3 14 O 10
264 5727 2 9 46 M 10
3342 4615 2 5 23 O 30
4615 5727 2 4 20 O 30
265 266 2 30 161 O 20
267 268 1 7 36 O 20
270 269 1 8 40 O 20
271 275 2 4 18 O 20
275 267 2 4 18 O 30
267 269 2 2 8 O 10
269 276 2 18 98 O 10
276 274 2 4 20 M 30
274 278 2 12 65 O 20
278 272 2 2 6 O 10
272 273 2 18 96 O 10
274 273 2 4 19 O 10
273 271 2 13 68 O 10
275 276 2 16 86 O 30
277 272 1 5 25 O 20
278 279 1 5 25 O 10
7204 281 2 24 128 O 10
281 280 2 20 109 M 10
281 282 2 39 213 O 20
282 283 2 10 55 O 20
284 282 2 14 73 O 30
285 287 2 11 60 M 20
287 286 2 23 123 O 20
287 288 2 27 145 O 10
288 286 2 3 16 M 30
286 290 2 5 23 O 30
290 289 2 23 126 O 20
289 287 2 3 16 O 20
289 8403 2 10 53 M 20
8403 290 2 10 53 M 10
292 291 1 6 29 M 10
291 293 1 6 33 O 10
295 296 2 3 14 O 30
297 294 2 3 17 O 10
14 3406 2 4 22 O 20
8250 234 2 9 48 M 30
8250 235 2 6 29 O 20
2449 294 2 5 25 M 20
294 296 2 10 51 O 20
296 15 2 2 6 O 30
3397 292 2 5 23 O 30
293 3397 2 4 17 M 30
301 302 2 24 128 O 30
3143 3141 1 14 74 O 20
304 3143 1 13 71 O 20
1900 194 2 5 24 O 10
307 308 2 4 17 O 30
309 1850 2 9 45 O 10
8225 4729 1 2 7 O 10
2910 8225 1 3 12 O 20
2478 310 1 6 31 O 10
310 2670 1 6 31 O 10
2670 311 1 2 9 O 10
312 313 2 13 72 O 10
314 2478 1 4 19 O 10
311 314 1 9 49 O 30
317 5877 2 2 7 O 30
3660 316 2 3 13 O 20
3983 7049 2 3 13 O 20
7050 319 2 4 18 O 20
318 7050 2 2 8 O 20
2476 3658 2 24 128 O 20
3658 5030 2 26 142 M 30
5030 2475 2 21 115 O 30
3661 2475 2 14 76 M 20
3659 2476 2 20 111 O 20
318 4249 2 4 18 O 30
320 2692 2 12 63 O 20
2682 321 2 2 11 M 20
322 325 2 3 15 O 30
325 323 2 32 172 O 20
324 326 2 6 31 O 20
326 327 2 17 90 O 20
327 325 2 9 49 O 30
326 8404 2 5 26 M 30
8404 327 2 5 26 O 30
328 329 1 19 104 M 30
329 330 1 19 102 O 10
331 332 2 15 81 O 20
332 333 2 11 57 O 30
334 335 2 13 67 M 20
7037 7009 1 4 22 M 30
336 337 1 5 24 O 30
5362 337 2 11 59 M 20
337 7037 2 2 7 O 10
339 2278 1 4 20 O 20
340 339 1 5 23 M 30
2278 341 2 3 12 M 30
343 342 1 4 21 O 30
342 4750 1 5 25 O 30
11 344 2 5 24 O 20
5015 4863 2 13 0 C 0
4863 8137 2 24 0 C 0
345 382 2 6 0 C 0
347 950 1 1 0 C 0
950 351 1 3 0 C 0
351 348 1 2 0 C 0
348 349 1 2 0 C 0
349 350 1 1 0 C 0
355 356 2 15 80 O 30
358 351 1 6 0 C 0
348 352 1 4 0 C 0
950 358 1 5 0 C 0
352 349 1 4 0 C 0
356 361 2 14 74 O 10
360 361 2 14 75 O 20
354 362 2 28 0 C 0
362 360 2 23 124 O 20
362 363 2 21 115 O 10
363 360 2 17 90 M 30
359 364 2 15 80 O 10
357 358 2 11 56 M 10
356 359 2 7 37 O 30
359 357 2 8 44 O 30
352 353 2 24 0 C 0
353 354 2 20 0 C 0
4707 365 2 4 17 O 30
6356 6357 1 1 2 O 20
6357 6350 1 2 9 O 20
6350 6351 1 1 2 M 10
367 5274 1 4 21 O 10
368 367 1 4 20 M 30
5274 368 2 4 21 M 10
371 435 2 6 33 O 10
372 7556 1 3 13 O 10
373 5899 2 12 65 O 20
5365 1559 2 15 0 C 0
1551 3693 2 5 0 C 0
3693 4270 2 20 0 C 0
4270 4266 2 19 0 C 0
4266 4265 2 12 0 C 0
4265 4261 2 11 0 C 0
4261 4257 2 20 0 C 0
4257 4255 2 17 0 C 0
4255 376 2 17 0 C 0
377 374 1 2 0 C 0
381 378 1 2 0 C 0
382 346 2 5 0 C 0
2451 2452 1 1 1 O 30
384 385 1 5 25 O 20
4943 384 1 4 20 O 20
386 387 2 11 56 O 30
388 389 2 5 28 O 30
389 1755 2 5 26 O 10
390 391 2 22 118 M 10
385 7492 2 5 23 O 10
6239 393 2 20 107 M 30
396 397 1 4 18 M 30
4885 396 1 4 19 O 20
4885 395 2 2 10 O 10
395 397 2 3 12 O 10
399 398 1 5 26 O 20
398 400 1 5 24 O 20
400 7620 2 15 83 M 10
399 2635 2 3 14 O 20
2635 400 2 3 14 O 10
6013 406 2 2 8 O 20
406 407 2 3 12 O 10
6013 408 2 4 20 O 30
3343 417 2 5 24 O 10
418 2515 1 2 10 O 30
422 424 2 5 23 O 10
2393 544 2 4 20 O 20
544 424 2 2 6 O 30
423 315 2 2 11 O 10
315 425 2 2 9 O 20
426 427 2 13 70 O 30
427 428 2 9 48 M 10
428 426 2 4 18 O 30
5610 431 2 4 20 M 10
261 173 1 6 32 O 30
5875 1179 2 11 58 O 30
1179 1173 2 10 55 O 10
1173 1475 2 21 115 M 30
1475 442 2 24 132 M 30
4078 443 2 13 71 M 30
445 5991 2 7 37 O 30
444 445 2 2 11 O 10
6964 446 2 16 88 O 30
446 6963 2 2 6 O 10
447 5734 1 18 98 O 10
448 447 1 18 98 M 30
5734 5767 1 3 15 O 20
5916 5767 1 42 230 O 10
5767 449 1 16 85 M 20
450 448 1 3 15 O 10
449 450 1 16 85 M 30
451 995 2 8 41 O 30
2018 1987 1 5 24 O 10
1987 2031 1 5 24 O 30
453 454 2 22 117 O 30
454 455 1 8 40 M 10
456 454 1 8 39 O 10
457 458 2 14 73 O 30
459 457 2 8 44 M 20
5970 460 2 23 123 O 30
2776 2777 2 15 83 O 30
2777 2778 2 17 89 O 30
2778 2779 2 15 81 M 30
2779 2780 2 14 74 M 20
2759 2769 2 19 102 O 30
2756 2754 2 13 70 M 10
1993 2760 2 27 146 O 30
2760 4017 2 43 236 O 10
4017 2737 2 21 112 O 20
7406 1993 2 3 14 O 10
2011 461 1 13 72 O 10
461 1990 1 5 27 O 20
2719 462 1 3 16 O 10
466 527 2 28 155 O 30
527 465 2 21 116 O 20
1842 7294 1 7 0 C 0
2206 468 1 4 0 C 0
468 1842 1 8 0 C 0
7294 467 1 8 0 C 0
469 7135 1 34 187 O 10
7135 8368 1 38 209 M 10
2289 469 1 3 15 O 10
7287 3406 2 19 105 O 10
471 441 1 26 143 O 10
469 233 1 3 14 O 30
4599 471 2 2 8 O 10
233 471 1 6 32 O 10
233 2289 1 2 8 M 30
473 859 1 11 60 O 20
472 474 1 54 295 O 20
474 477 1 17 94 O 10
478 479 2 3 16 O 20
7854 477 1 3 13 O 30
477 479 1 13 67 O 20
479 7856 1 9 49 O 10
7799 480 1 12 64 O 20
7798 7799 1 7 37 O 30
480 473 1 3 16 O 30
473 6010 1 3 16 O 20
484 483 2 9 46 O 20
4991 485 2 15 81 O 20
487 5897 2 10 50 O 20
3911 3909 2 12 65 O 30
3909 4887 2 12 66 M 10
489 2113 1 4 21 O 10
490 489 1 4 22 O 20
2320 4463 2 29 157 O 30
4463 7044 2 33 181 O 30
3238 3237 2 4 20 O 10
3237 6326 2 24 133 O 10
1929 8326 2 5 23 O 10
8326 1867 2 17 90 O 20
1867 1928 2 15 79 O 20
1928 1931 2 17 91 O 10
6443 304 1 14 75 M 30
304 3141 1 3 12 O 10
490 2113 2 3 17 M 20
1871 1866 2 3 12 O 10
1866 1869 2 15 83 O 30
2388 8393 2 2 11 O 30
500 499 1 4 19 O 20
2912 503 2 8 40 O 20
503 502 2 3 15 M 20
2453 383 1 1 1 O 10
383 2451 1 3 12 M 10
2455 2453 1 3 15 O 10
7026 49 1 4 21 M 30
3991 5282 2 55 304 O 20
3991 3990 2 17 90 O 10
3990 3992 2 13 68 O 20
3992 3994 2 12 66 O 30
511 3986 2 12 63 O 20
3986 3992 2 21 116 O 30
512 511 1 2 8 O 10
1343 7783 2 5 24 M 20
7783 7675 2 6 29 O 20
4075 6369 1 14 75 O 10
6369 7675 1 14 76 O 10
7675 4075 2 2 11 M 10
513 4059 1 1 5 O 30
3857 3861 1 2 10 O 30
514 3863 1 1 1 O 20
5525 5532 2 8 43 O 30
7291 1816 1 22 120 O 20
7290 1820 1 2 10 O 20
515 516 2 5 23 M 10
3997 2248 1 8 41 O 20
4172 517 2 3 14 M 30
518 520 1 4 19 M 20
520 519 1 7 37 O 10
520 521 2 9 45 O 20
6290 7843 2 2 8 M 20
522 3635 2 14 0 C 0
3635 3639 2 4 0 C 0
3639 5868 2 11 0 C 0
522 524 1 2 0 C 0
524 523 1 2 0 C 0
3800 3786 2 17 90 O 30
3786 3779 2 8 42 O 10
3779 3778 1 7 39 M 30
3778 525 1 8 42 O 20
525 526 1 8 40 M 20
526 3779 1 7 39 O 20
3643 2359 2 11 0 C 0
2359 3705 2 22 0 C 0
527 528 2 6 32 O 10
528 531 2 4 19 O 30
531 529 2 4 20 O 30
528 530 1 4 22 O 30
530 531 1 4 19 O 20
5481 139 2 5 27 O 30
3644 533 1 12 62 O 30
533 6376 2 13 69 M 20
6376 7776 2 4 21 O 20
535 534 1 13 69 O 30
534 532 1 5 25 O 20
3644 534 1 6 31 O 10
535 3644 1 8 41 M 30
532 3644 1 10 55 O 10
536 537 2 9 46 M 10
5731 5770 1 4 18 O 30
5770 538 1 1 5 M 30
538 5731 1 4 18 O 20
533 535 1 5 23 O 20
2957 2593 2 44 0 C 0
2593 4939 2 20 107 M 20
4939 4941 2 20 107 O 30
4941 386 2 11 60 O 20
386 2494 2 10 52 M 10
2982 2983 2 9 47 O 10
539 6637 1 12 63 M 30
4607 2559 1 3 16 O 20
5131 5132 2 16 85 O 20
541 6130 2 4 20 O 10
6130 5625 2 3 15 O 20
5131 540 1 4 21 O 30
540 541 1 5 23 O 30
5131 541 2 2 10 O 10
6819 814 2 9 46 M 10
814 5158 2 22 117 O 30
5158 5168 2 19 105 O 20
5165 5167 2 30 163 O 30
5169 5185 2 30 165 O 10
7953 819 1 8 39 O 20
5186 5184 2 18 98 M 10
5186 5187 2 31 171 O 10
5187 5195 2 15 83 O 20
5195 5193 2 3 12 O 20
5193 5188 2 9 47 O 20
5188 5189 2 2 11 O 10
5189 5191 2 2 10 O 30
5191 5214 2 9 46 O 30
1934 5012 2 46 253 O 10
5012 5215 2 14 75 O 20
542 543 2 18 99 O 20
5620 5617 1 2 9 O 20
2925 2927 2 9 45 O 20
448 5734 1 2 11 O 30
3694 1549 2 11 0 C 0
5365 5364 1 3 0 C 0
412 7868 2 17 0 C 0
7868 4926 2 24 0 C 0
4926 4927 2 2 0 C 0
1595 1587 2 25 0 C 0
544 423 2 5 27 O 10
546 545 2 3 15 O 20
555 554 1 5 26 O 20
549 548 1 7 37 M 20
548 547 1 4 22 O 30
552 551 2 13 69 O 10
551 550 2 8 41 O 10
554 553 1 8 44 M 30
556 554 2 10 53 O 10
558 557 2 20 107 O 20
560 559 2 17 93 O 10
562 561 2 20 109 O 10
565 564 1 5 25 M 10
564 563 1 2 10 O 20
566 452 2 17 89 M 10
568 567 2 33 181 O 10
570 569 2 4 20 M 10
572 570 2 10 51 O 10
570 571 2 7 34 O 20
574 572 2 12 62 O 30
572 573 2 3 11 O 20
576 575 2 11 59 M 20
578 577 2 9 48 O 30
580 579 2 7 36 M 20
582 581 2 32 172 O 30
584 583 2 6 33 M 30
587 586 1 9 46 O 30
586 585 1 4 19 O 30
589 588 2 49 269 M 20
591 590 2 11 58 M 10
592 590 2 29 156 M 10
590 603 2 10 54 O 10
595 594 2 17 93 M 30
594 593 2 6 30 O 10
597 594 2 36 197 O 20
594 596 2 3 13 O 20
599 598 2 79 436 O 30
601 600 2 18 99 M 10
603 608 2 19 105 O 30
608 602 2 17 94 M 30
602 614 2 39 215 O 20
605 604 2 15 82 M 20
607 604 2 14 77 O 20
604 606 2 9 48 O 30
615 609 2 40 219 O 10
611 591 2 29 156 O 10
591 610 2 10 54 O 20
610 606 2 14 76 O 10
606 600 2 19 102 M 30
600 608 2 7 37 O 30
613 612 2 32 177 O 20
630 615 2 8 43 O 30
615 611 2 11 61 M 30
611 612 2 4 21 O 10
612 592 2 7 35 O 10
592 614 2 8 41 O 20
617 609 2 15 82 O 20
609 605 2 2 8 O 20
605 610 2 10 50 O 20
610 603 2 11 57 O 30
603 602 2 10 51 O 30
602 616 2 7 35 O 10
622 617 2 56 309 O 10
617 618 2 15 82 O 20
631 7525 2 6 28 O 30
620 631 1 3 13 O 10
631 621 1 3 15 O 20
622 619 1 9 46 M 30
619 620 1 2 10 O 30
620 621 1 3 13 O 20
621 622 1 1 3 O 30
624 623 2 14 73 O 30
626 625 2 13 68 O 30
628 624 2 8 39 O 30
624 626 2 4 17 M 10
626 627 2 16 88 O 30
636 635 1 23 125 O 20
638 637 2 15 83 M 20
640 641 2 14 78 O 20
641 639 2 4 21 M 30
642 641 2 3 16 O 20
644 643 2 7 36 O 20
645 647 2 11 60 O 20
648 647 2 9 46 O 30
647 646 2 5 24 M 10
650 643 2 14 75 O 20
643 649 2 4 21 M 20
654 651 2 33 180 O 20
655 652 2 11 59 O 20
656 655 1 4 22 O 20
655 654 1 3 15 O 20
654 653 1 5 27 O 20
661 657 2 16 85 O 30
659 658 2 5 0 C 0
5417 660 2 37 201 O 10
660 661 2 4 19 O 30
661 658 2 22 117 O 30
658 660 2 21 115 O 30
634 662 2 12 62 O 30
664 663 2 13 71 M 20
667 663 2 5 28 O 10
663 666 2 35 194 O 20
666 664 2 18 99 O 10
664 665 2 7 35 O 20
669 668 2 30 165 O 30
671 670 2 30 166 O 30
673 672 2 20 111 O 30
675 674 2 15 82 O 30
677 676 2 8 44 O 20
679 680 2 7 37 O 10
680 674 2 7 34 M 20
674 676 2 9 49 O 20
676 678 2 8 44 M 10
681 680 2 18 95 O 10
5787 682 1 11 56 O 20
683 684 2 5 23 M 20
684 689 2 28 155 O 30
689 685 2 3 15 O 10
685 686 2 8 43 O 30
686 8376 2 4 19 O 30
685 684 2 2 10 O 20
686 687 1 4 22 O 30
688 689 1 4 19 O 20
687 688 1 3 15 O 10
3697 3696 2 3 0 C 0
379 3695 2 8 0 C 0
1585 690 2 5 0 C 0
2200 4258 2 72 0 C 0
2189 2200 2 37 0 C 0
3737 3715 2 55 0 C 0
3709 3719 2 58 0 C 0
3751 3748 2 26 140 O 30
3748 3745 2 19 102 O 30
4902 4903 2 21 116 O 30
691 692 2 13 71 M 30
693 694 2 15 82 O 20
695 696 2 13 72 O 20
696 697 1 13 68 O 10
698 700 2 3 12 O 10
700 699 2 11 60 O 20
700 701 2 10 54 O 20
2184 5640 1 5 0 C 0
5754 6077 1 2 0 C 0
702 703 2 11 57 O 30
704 705 2 11 60 M 30
705 706 1 12 65 O 20
707 708 2 3 15 O 10
709 710 2 3 14 O 20
2341 3789 1 25 135 O 10
711 712 1 7 37 O 20
6209 6210 2 3 12 O 10
720 721 2 6 28 O 20
717 718 1 4 18 O 10
718 719 1 1 5 O 10
729 728 1 4 19 O 10
730 729 1 1 4 O 10
719 730 1 3 13 O 30
731 732 2 3 13 O 20
732 734 2 2 6 M 30
734 718 2 2 6 M 20
732 733 1 5 27 O 10
733 729 1 11 57 O 10
734 735 1 1 5 M 10
736 733 1 2 10 O 20
735 736 1 2 10 O 30
722 723 2 9 45 O 10
724 725 2 5 22 M 30
726 727 2 4 20 O 10
743 744 2 9 50 O 10
737 738 2 12 64 M 20
741 742 2 8 42 O 20
745 746 1 3 11 O 10
746 747 1 2 8 O 10
747 748 1 2 6 O 10
748 749 1 5 27 O 20
6897 338 2 2 7 O 10
750 749 1 4 21 O 20
749 338 1 3 12 O 10
748 7925 1 7 34 M 20
751 752 2 8 42 O 20
752 753 2 3 16 O 10
6790 7999 1 2 9 O 30
7999 7996 1 28 155 O 10
2170 2213 2 12 0 C 0
2201 2181 2 17 0 C 0
2203 2177 2 7 0 C 0
3709 3641 2 4 0 C 0
3760 2167 2 24 133 M 10
3744 3742 2 2 8 O 10
3736 3744 2 43 235 O 20
3747 3736 2 19 104 O 20
3705 3701 2 13 0 C 0
755 756 2 10 54 M 20
757 758 2 6 30 O 30
5756 715 1 2 0 C 0
716 5742 1 2 0 C 0
761 5478 1 3 13 O 10
5478 759 1 2 10 O 20
759 760 1 2 10 O 20
760 761 1 2 10 O 10
759 5477 2 22 118 O 20
5477 3139 2 32 173 O 10
3139 5480 2 24 128 O 10
762 5164 2 8 42 O 10
5164 8143 2 3 13 O 20
8143 5128 2 30 165 O 20
5128 5106 2 15 78 O 20
5106 4011 2 10 52 O 20
5304 778 2 10 55 M 10
778 779 2 4 17 O 10
779 5665 2 34 183 M 30
1853 5304 2 11 60 M 30
764 763 2 42 228 O 20
2869 2867 2 10 55 O 30
5232 2877 2 16 85 O 30
7444 7123 1 11 57 O 30
772 773 2 3 16 O 30
2001 2817 2 9 49 M 30
774 2032 2 8 40 O 30
2817 775 1 9 47 O 20
775 776 1 3 11 O 10
776 774 1 10 55 O 10
4681 776 1 15 80 M 30
776 777 1 2 7 O 10
778 781 1 4 22 M 30
781 779 1 4 17 M 20
7065 780 2 1 3 O 30
7998 6790 1 3 14 O 30
2814 2038 1 48 265 O 30
782 783 2 7 36 O 10
783 784 2 8 41 O 20
783 785 2 8 40 O 20
4962 789 1 14 73 O 30
789 787 1 7 34 O 30
787 786 1 3 15 O 30
787 788 1 8 39 O 20
788 789 1 8 41 O 20
6955 6954 1 9 46 O 20
1793 1794 1 4 17 O 30
6953 6952 1 3 17 M 10
792 6882 1 6 32 M 20
2059 4733 1 3 14 O 20
4733 2060 1 3 12 O 20
2060 5285 1 3 12 M 20
2692 2690 1 4 17 O 30
2690 2689 1 3 16 M 30
2689 2691 1 4 18 M 30
4604 4603 1 4 17 O 20
4602 4604 1 2 10 O 10
794 795 2 10 52 O 10
795 796 1 6 31 O 20
797 795 1 5 23 O 30
798 794 2 8 44 O 30
794 799 2 31 169 O 20
3449 800 2 4 21 O 30
800 801 2 11 58 O 10
801 802 2 6 29 O 30
802 800 2 6 30 O 30
801 803 2 6 30 O 10
7883 804 2 13 71 O 30
806 807 2 13 69 O 10
3457 808 2 12 62 M 20
5298 5396 2 22 121 O 30
811 810 1 10 54 M 30
811 7540 2 3 13 O 20
810 4390 2 10 51 M 30
4390 5433 2 27 145 O 30
94 811 2 2 9 O 10
93 94 2 5 24 O 30
4562 4353 1 8 41 O 30
5389 812 1 12 65 O 10
2403 813 1 69 381 O 20
2410 568 1 3 13 O 30
568 2411 1 4 21 O 30
819 858 1 3 13 M 20
817 7953 1 6 29 O 10
6818 817 1 4 20 O 20
818 7936 2 4 19 M 10
6818 4796 2 2 11 O 10
4796 36 2 2 8 O 30
7953 5186 2 18 99 O 30
7933 858 2 11 60 O 10
858 6818 2 3 12 O 30
36 818 2 3 14 O 20
815 814 2 3 13 M 10
816 5120 2 18 95 O 20
6819 816 2 5 23 O 10
7937 6819 2 15 82 M 30
7936 7937 2 25 138 M 30
5660 7536 2 29 158 O 30
6811 824 2 4 18 O 20
4177 7528 2 7 39 O 30
7528 4176 2 7 34 O 20
4176 4175 2 33 183 O 20
4175 4723 2 38 208 M 20
7529 820 2 4 18 M 20
821 4724 2 17 91 M 10
4725 822 2 11 59 O 30
4723 823 2 1 5 O 30
831 827 2 1 2 O 10
827 829 2 8 42 O 10
829 828 2 2 11 M 30
828 827 2 6 32 O 10
832 831 1 8 44 O 30
831 830 1 3 14 O 30
826 825 2 13 71 O 20
841 840 1 11 58 O 20
841 842 1 11 60 O 30
5383 833 1 13 68 O 20
833 834 1 7 37 O 20
835 836 2 7 35 O 30
836 837 1 3 14 M 10
838 836 1 6 29 O 10
5383 839 2 8 41 O 20
839 835 2 6 28 O 30
7521 847 2 11 56 O 20
847 848 1 4 21 O 20
5384 835 1 6 30 M 20
843 844 2 3 13 O 20
844 845 2 9 46 M 30
845 846 2 5 27 O 30
846 844 2 2 11 M 20
849 850 2 5 22 O 30
851 852 2 5 24 O 10
853 854 2 37 201 O 20
855 856 2 13 69 M 30
856 857 2 10 51 O 10
2780 2762 2 37 200 O 10
2769 2776 2 18 98 O 20
2786 8271 2 21 113 O 10
121 2438 2 7 34 O 30
1351 121 2 10 53 O 30
5767 450 1 2 11 O 10
450 5486 1 14 77 O 30
5917 2584 1 27 147 O 30
5486 6219 1 8 39 M 10
6019 6016 2 18 96 O 30
7792 861 2 4 19 O 30
7791 862 2 6 28 O 10
5266 480 1 3 12 O 30
859 472 1 8 40 O 10
853 2656 1 5 27 O 20
2705 1378 1 4 18 O 20
1378 860 1 5 26 O 30
2655 853 1 7 36 O 30
2656 854 1 7 39 O 30
854 5269 1 2 10 O 30
2654 1381 1 4 17 O 20
1381 2705 1 7 36 O 10
7854 2654 1 8 43 O 20
475 476 1 7 37 M 10
476 7854 1 9 46 O 20
7855 475 1 6 32 O 10
8354 2391 1 4 18 O 10
2392 642 1 5 23 O 30
8186 8185 1 6 32 O 20
863 4344 1 6 28 O 10
6788 6100 1 4 18 M 30
4090 962 2 4 18 O 10
962 963 2 5 24 M 20
963 6271 2 6 33 M 30
6271 6270 2 2 9 M 10
6270 1947 2 49 269 O 10
2472 5544 2 51 283 O 20
5534 4874 2 9 49 O 20
4874 5535 2 51 281 M 30
864 865 2 12 61 M 30
866 6817 2 27 145 O 10
6425 866 1 2 11 O 10
870 867 2 1 5 O 20
867 6425 2 7 35 O 20
868 867 2 5 24 O 30
869 870 2 5 23 O 20
872 873 2 4 18 O 30
871 874 2 2 10 O 30
8352 873 2 1 5 O 30
873 871 2 2 7 O 30
2123 6857 1 3 16 O 10
4209 4223 2 34 189 O 10
4199 8270 2 6 30 M 30
8270 301 2 5 23 M 30
2641 4271 2 15 0 C 0
4271 5650 2 2 0 C 0
2549 4482 2 20 109 O 10
4482 3491 2 16 85 O 20
3491 409 2 41 225 M 20
875 2954 1 8 42 O 20
876 2955 2 3 13 M 20
2955 5347 2 6 28 O 30
878 877 1 8 41 O 10
877 875 1 4 19 O 10
2954 877 1 5 25 M 30
878 2954 1 4 21 O 30
876 878 1 11 60 O 10
879 885 1 7 36 O 30
885 880 1 5 23 M 30
880 881 1 13 68 O 10
881 882 1 7 34 O 30
882 883 1 3 14 O 20
883 884 1 5 23 O 10
885 882 2 14 74 O 30
880 886 1 6 32 O 10
886 887 1 22 117 O 10
887 889 1 5 27 O 20
889 881 1 2 8 O 20
886 8405 1 7 36 O 30
8405 887 1 7 36 O 10
883 890 2 12 66 O 10
890 888 2 1 4 O 20
888 889 2 6 33 O 10
888 891 2 6 31 O 10
891 887 2 8 44 M 10
891 894 2 7 34 O 30
894 896 2 6 31 O 30
896 892 2 1 5 O 30
893 894 2 5 26 O 10
895 896 2 5 26 O 20
303 2190 2 16 0 C 0
5639 900 1 54 0 C 0
5745 5641 1 8 0 C 0
901 5753 1 5 0 C 0
5753 5639 1 6 0 C 0
902 903 1 2 0 C 0
903 2183 1 3 0 C 0
2183 904 1 2 0 C 0
904 905 1 3 0 C 0
905 902 1 1 0 C 0
2187 904 2 17 0 C 0
4765 4738 2 7 34 O 30
4738 4763 2 10 55 O 20
4763 7156 2 7 36 O 10
7156 4302 2 38 209 O 30
4302 4759 2 3 15 O 20
4766 4764 2 17 89 O 10
4764 5512 2 16 87 O 20
5512 3358 2 30 164 O 10
4767 4766 2 5 27 M 20
4832 4833 2 9 49 M 20
906 4479 2 4 17 O 30
907 908 2 3 17 O 20
909 7643 2 4 21 O 30
910 911 2 3 14 O 30
3618 912 2 23 124 O 10
913 3602 2 4 17 M 20
1531 6030 2 11 0 C 0
6030 1532 2 13 0 C 0
1532 1543 2 24 0 C 0
1857 1856 2 18 0 C 0
5782 2345 1 18 97 M 10
2335 2334 1 21 113 O 20
920 2333 1 12 0 C 0
921 923 1 9 0 C 0
922 2195 1 4 0 C 0
2193 921 1 5 0 C 0
923 922 1 7 0 C 0
5781 924 1 4 0 C 0
925 2175 1 3 0 C 0
7675 7680 1 6 32 O 20
7680 916 1 2 10 O 20
2346 917 1 14 76 O 20
918 6469 1 10 53 O 20
919 2340 1 7 38 O 30
3804 1109 2 9 46 O 20
1109 3802 2 14 74 O 30
2182 3710 2 22 0 C 0
5896 926 2 14 75 O 30
927 939 2 10 53 O 20
939 928 2 2 7 O 10
929 931 2 6 30 O 10
931 930 2 4 20 O 30
191 931 2 3 14 O 10
932 933 2 16 83 O 30
933 192 1 2 9 O 20
934 935 1 12 63 O 20
935 933 1 3 13 O 20
935 192 1 2 7 O 10
937 938 2 7 36 O 30
939 940 2 7 39 O 20
943 942 1 10 52 M 10
942 941 1 7 36 O 20
944 945 2 4 17 O 20
945 946 2 9 48 O 10
945 947 2 6 31 O 20
948 949 2 2 9 O 10
346 966 1 9 0 C 0
965 346 1 9 0 C 0
951 952 2 10 52 M 30
6423 6923 2 9 48 O 10
6422 953 2 1 3 O 30
953 954 2 2 11 O 20
954 6423 2 2 8 O 10
438 4746 2 9 0 C 0
4746 4278 2 13 0 C 0
4278 956 1 8 0 C 0
957 955 1 7 0 C 0
956 957 1 1 0 C 0
964 958 2 4 20 M 20
958 959 2 10 55 O 10
959 960 2 4 18 O 10
958 961 2 13 68 O 20
961 959 2 3 14 O 10
959 962 2 4 21 O 30
961 963 2 6 31 O 10
350 965 1 1 0 C 0
966 347 1 1 0 C 0
967 968 2 8 44 O 10
1841 5840 1 3 12 O 20
5843 5666 1 3 12 M 10
5840 5843 1 2 6 M 20
5841 5842 1 3 13 O 10
5842 1841 1 2 7 O 30
969 970 2 3 13 M 20
972 971 2 5 24 O 10
974 973 2 5 24 O 20
976 973 2 11 57 O 10
973 971 2 16 87 M 10
971 975 2 31 172 O 30
978 977 2 11 56 O 30
980 979 2 6 29 O 10
982 981 2 5 26 O 20
983 8041 2 5 27 M 30
985 980 2 4 20 O 20
980 982 2 12 66 O 20
982 983 2 25 134 O 20
983 984 2 4 20 O 20
986 8037 2 6 31 O 10
987 988 2 4 18 O 10
989 988 2 6 31 O 30
988 990 2 6 30 O 10
991 992 2 16 84 O 10
7410 991 2 5 24 M 10
4234 4893 1 3 16 O 10
4893 236 1 2 9 M 10
4232 4899 1 4 17 O 20
4899 4234 1 3 14 O 10
7617 4288 1 3 0 C 0
4288 4287 1 3 0 C 0
4285 7617 1 3 0 C 0
4287 4286 1 1 0 C 0
4281 4282 1 1 0 C 0
4283 4280 1 3 0 C 0
4280 7874 1 2 0 C 0
7874 4279 1 1 0 C 0
4279 4281 1 3 0 C 0
440 4704 1 3 0 C 0
7436 7435 1 2 7 O 30
7435 7441 1 2 11 O 20
7440 7439 1 1 3 O 30
7439 7438 1 2 10 O 10
7438 7437 1 1 4 O 30
7437 7436 1 5 25 M 10
1857 1861 1 2 0 C 0
1861 1858 1 4 0 C 0
915 914 1 3 0 C 0
914 1856 1 3 0 C 0
4403 7830 1 2 11 O 30
7830 7831 1 6 32 M 20
7831 7827 1 1 2 M 30
4404 4403 1 4 17 M 10
7827 7828 1 4 18 O 30
7828 7829 1 3 13 M 30
7829 4405 1 4 17 O 20
4405 6540 1 4 20 O 20
5599 4597 1 2 10 O 10
5598 5599 1 4 17 O 20
4597 5597 1 1 2 O 10
2302 2312 1 2 11 O 20
2312 5746 1 2 11 O 30
5746 5747 1 2 8 O 10
376 377 1 1 0 C 0
374 375 1 2 0 C 0
2291 402 1 1 5 O 30
403 401 1 4 22 O 10
401 2291 1 3 12 M 20
2551 2549 1 4 18 O 20
2549 249 1 1 4 O 30
2550 2551 1 2 10 O 10
2555 2554 1 2 9 O 30
2554 394 1 2 9 O 20
7994 2555 1 4 22 O 30
2553 5316 1 3 13 O 20
5316 2552 1 3 13 O 30
2552 5315 1 4 18 M 30
4799 4798 1 3 0 C 0
4798 4252 1 5 0 C 0
2542 2541 1 1 3 O 20
2539 2540 1 3 16 O 10
2540 2542 1 4 22 O 30
5314 2546 1 3 12 O 10
2546 2545 1 2 11 O 20
2545 2547 1 3 12 O 10
378 380 1 3 0 C 0
380 379 1 2 0 C 0
379 381 1 2 0 C 0
7222 7221 1 4 0 C 0
7223 7222 1 3 0 C 0
997 5906 2 7 37 O 10
3507 998 2 3 15 O 10
8351 865 2 5 24 O 20
865 4723 2 4 22 O 20
4726 4723 2 4 18 M 10
999 1000 2 8 43 O 20
247 5413 1 5 23 O 10
5413 248 1 2 11 O 10
1002 1003 2 12 65 M 10
6747 1004 1 5 26 O 30
1004 1006 1 17 94 O 20
1005 3924 1 2 7 O 10
1006 7302 1 3 14 O 10
488 1006 1 2 6 O 10
1006 1005 1 2 11 M 20
4644 2052 1 3 15 M 30
2052 4643 1 2 9 O 30
2055 4644 1 4 17 O 10
7216 7212 1 3 12 O 10
7212 7220 1 2 7 O 30
7217 7215 1 2 9 O 10
7215 7218 1 3 15 O 20
7219 7216 1 2 10 O 30
7218 7219 1 2 9 O 20
4033 8287 1 3 13 O 30
8287 8288 1 1 3 M 20
8286 4032 1 3 12 O 20
4032 4033 1 3 13 O 10
1020 3784 2 17 92 M 20
3784 3785 2 4 18 M 10
3785 3793 2 104 576 O 20
1021 3780 2 9 47 O 20
1022 1021 2 8 41 M 10
2470 782 2 10 53 O 30
782 1022 2 2 10 O 30
1013 1012 2 4 18 O 20
1015 1014 2 6 30 O 20
1017 1016 1 10 50 O 10
1016 5565 1 2 10 O 30
1017 1014 2 2 7 O 30
1019 1011 1 6 0 C 0
1019 6804 2 27 0 C 0
6804 1240 2 15 0 C 0
1810 5548 2 70 386 O 10
1013 2470 2 43 237 O 30
1014 1013 2 1 5 M 20
1018 1076 1 2 0 C 0
1035 1028 2 54 298 O 20
1028 1032 2 10 50 O 10
1032 1034 2 4 17 O 30
1034 1027 2 3 16 O 20
3648 1029 1 9 46 O 20
1029 1027 1 11 60 M 20
1027 1031 1 15 79 O 10
1031 7779 1 4 17 O 10
1011 1018 1 9 0 C 0
1030 1036 2 8 39 O 20
1036 1031 2 2 11 O 20
1032 1033 2 15 79 O 20
1033 1034 2 15 82 M 10
1033 1028 2 28 150 O 20
1036 1037 2 21 115 O 10
1023 1024 2 11 57 O 10
1025 1026 2 9 47 O 30
1038 1039 2 5 27 O 10
1039 487 2 6 33 O 10
1040 1041 2 21 113 O 10
1007 1010 2 21 115 O 30
1010 1008 2 16 86 M 20
1009 1010 1 19 105 O 10
1067 1068 2 16 84 O 10
1069 1071 2 3 17 O 20
1071 1068 2 2 9 M 20
1068 1070 2 12 65 O 20
1070 1071 2 14 74 M 20
1060 1063 2 11 61 M 20
1063 1061 2 4 19 O 30
1061 1043 2 6 29 O 10
1043 1044 2 11 58 O 30
1044 1047 2 3 13 O 20
1047 1042 2 3 16 O 10
1043 1045 2 4 17 M 10
1045 1042 2 13 68 O 10
1042 1048 2 15 81 O 20
1048 1044 2 14 77 O 10
1045 1047 2 10 52 O 10
1047 1048 2 12 65 M 30
1048 1046 2 3 14 O 20
1371 1059 2 18 96 O 10
1059 1049 2 1 1 O 20
1049 1050 2 22 119 O 30
1371 1050 2 5 23 O 20
1050 1051 2 32 175 M 20
1052 1053 2 9 47 O 10
1053 1056 2 2 8 O 10
1056 1054 2 2 10 O 20
1054 1052 2 6 29 M 30
1054 1055 1 4 20 O 20
1055 1056 1 6 32 O 20
1053 1051 2 3 17 O 10
1057 1049 2 6 31 O 10
1058 1059 2 7 33 O 10
1060 1062 2 3 15 O 10
1062 1061 2 14 76 O 10
1062 1063 2 10 51 O 30
1064 1065 2 41 227 O 20
1066 1074 2 21 112 O 10
1074 1072 2 4 18 O 10
1073 1074 2 6 32 M 20
7260 1075 1 9 49 M 20
1060 5819 1 4 21 O 20
5821 1062 1 4 22 M 10
1076 5781 1 2 0 C 0
1081 1080 1 6 29 M 20
1082 1081 1 6 29 O 10
1081 1083 2 2 9 O 20
1083 7110 2 21 112 O 30
1083 1085 2 9 50 O 30
1085 1084 2 3 13 O 30
1085 1086 2 4 18 O 30
1087 1086 2 4 21 O 30
1086 1088 2 3 15 O 30
1089 1095 1 5 27 O 30
1095 1100 1 19 104 O 10
1100 1090 1 12 64 O 10
1093 1092 2 6 32 O 20
1093 1099 1 12 64 O 20
1099 1096 1 19 105 O 20
1096 1094 1 5 27 O 10
1095 1097 2 4 18 O 30
1097 1096 2 4 19 O 20
1097 1098 2 18 97 O 10
1098 1100 2 3 14 O 30
1091 1090 2 7 36 O 20
1090 1093 2 4 20 O 10
5404 1101 2 13 71 M 30
1102 1104 2 28 150 O 10
1104 1103 2 15 79 O 30
1104 1105 2 8 44 O 20
1108 1112 2 5 27 O 20
1112 1109 2 6 29 M 10
1107 1108 2 7 38 M 10
1111 1112 2 8 40 O 20
1114 1113 2 14 78 O 20
1117 1116 2 5 24 O 10
1118 2607 1 11 61 O 20
2600 2602 1 11 60 O 20
2596 2595 1 22 119 O 30
1119 1120 1 26 139 O 30
2601 1119 1 3 13 O 20
1121 5999 1 7 34 M 20
5999 1843 1 10 51 O 10
2606 6000 1 5 23 O 10
6000 1121 1 3 13 O 10
2608 390 1 3 12 O 30
390 2609 1 21 114 O 30
2610 1122 1 31 171 O 30
2613 5355 1 9 48 O 30
2611 190 1 20 107 O 10
190 392 1 5 24 M 10
7832 7833 1 9 46 O 10
7837 7838 2 9 45 O 20
7838 1115 2 2 8 O 30
1123 1126 2 10 54 O 30
1126 1136 2 2 7 O 30
1136 1143 2 5 27 O 30
1143 1124 2 7 35 M 30
1124 1125 2 4 21 O 10
1125 1126 2 16 84 O 10
1129 1130 2 43 234 O 30
252 1131 2 16 85 O 10
1132 1133 2 11 57 M 10
1133 1134 2 1 4 O 30
1134 1142 2 4 21 M 20
1142 1138 2 1 5 O 20
1138 1135 2 8 42 M 30
1135 1124 2 8 40 O 30
1133 1136 2 7 34 O 30
1134 1137 2 6 33 M 20
1138 1139 2 6 28 O 30
1135 1140 2 3 16 O 30
1140 1141 2 6 33 O 20
1140 1125 2 19 103 O 20
1142 1143 2 7 36 O 30
1146 1144 2 23 127 O 10
1147 1146 2 8 43 O 10
1146 1145 2 4 18 O 10
1145 1144 2 5 27 M 20
1162 1160 2 5 26 O 10
1163 1162 2 17 92 O 10
1162 1161 2 4 20 O 10
1152 1157 2 1 4 O 30
1154 2435 2 3 16 M 30
1150 1148 2 6 31 O 20
1151 1149 2 11 56 O 10
1153 1151 2 6 29 O 10
1151 1150 2 6 30 O 20
1150 1155 2 11 56 O 30
1153 1149 2 5 23 O 20
1149 1152 2 11 58 O 20
1152 1153 2 7 37 O 30
1153 1148 2 5 27 O 30
1148 1155 2 6 30 O 10
1155 1154 2 5 24 O 20
1154 1159 2 7 34 O 30
2434 1159 2 6 32 O 20
1159 1158 2 5 23 O 30
1158 1157 2 20 111 O 10
1157 1156 2 7 39 O 10
1156 1158 2 6 28 O 10
1158 1155 2 7 34 O 30
1168 1164 2 3 16 O 20
1165 1167 2 27 149 O 20
1169 1168 2 27 149 M 10
1168 1167 2 11 56 O 30
1167 1166 2 5 24 O 20
1171 1170 2 17 90 O 10
1175 1172 2 15 78 O 10
1174 1173 2 23 127 O 30
1178 1176 2 49 271 O 10
1176 1175 2 10 53 O 30
1175 1174 2 4 17 O 30
1174 1176 2 8 39 O 20
1179 1178 2 3 12 M 30
1178 1177 2 7 36 O 30
1181 1182 1 9 49 O 20
1183 1182 2 4 22 O 10
1182 1186 2 18 96 M 10
1186 1188 2 4 17 O 30
1188 1184 2 13 67 M 10
1185 3459 2 12 63 O 30
1184 1185 2 2 11 O 30
1186 1187 2 13 69 O 10
1187 1188 2 10 55 O 20
1190 1189 2 45 246 O 30
6892 1191 2 16 86 O 20
1193 1192 2 23 125 O 20
1194 1195 2 5 24 O 20
1196 1199 2 4 17 M 20
1199 1197 2 12 63 O 20
1197 1198 2 9 45 O 30
1198 1199 2 4 17 M 30
1200 1203 2 5 25 M 20
1203 1205 2 9 44 M 10
1205 1204 2 3 14 O 20
1204 1203 2 5 26 O 30
1202 3348 1 2 7 O 10
3348 1201 1 2 10 O 30
1206 1207 1 14 76 O 20
1207 1208 1 21 115 O 10
1208 1206 1 2 8 M 30
5882 1206 1 2 11 O 20
1208 7914 1 2 11 O 30
7916 1207 1 2 10 O 10
4580 4577 1 3 14 O 10
4577 4578 1 3 15 O 30
4578 4579 1 3 14 O 20
4579 237 1 3 11 O 10
4586 4584 1 1 3 O 20
4583 4587 1 3 12 M 10
4587 4585 1 3 13 O 10
4585 4586 1 3 15 O 30
2568 4936 1 4 21 O 30
4936 2569 1 3 11 O 10
2569 6320 1 2 11 O 20
2514 2516 1 3 13 O 10
2515 2514 1 3 11 M 20
2516 2517 1 3 12 O 10
2517 418 1 1 3 M 20
1210 1209 2 14 74 M 20
1211 993 2 13 68 O 30
1212 1213 2 14 74 O 20
1214 1215 2 14 75 O 10
1218 1216 2 9 47 O 20
1219 1218 2 12 66 O 30
1218 1217 2 3 12 O 20
1221 1220 2 35 194 O 30
1223 1222 2 20 108 O 10
8245 8244 1 2 8 M 10
1226 1225 1 10 55 O 30
1225 1224 1 11 56 M 20
1228 1227 2 5 24 M 20
1233 1229 2 5 23 O 30
1230 1232 2 9 48 O 30
2327 1228 2 11 59 O 20
1228 1233 2 4 22 M 10
1233 1232 2 4 19 O 10
1232 1231 2 5 23 M 10
1237 1235 2 8 42 O 30
1236 1235 2 5 25 O 30
1235 1234 2 4 19 O 10
1238 1237 2 6 32 O 10
1237 2328 2 4 19 O 10
1241 7782 2 1 0 C 0
4263 1242 1 2 0 C 0
1241 1243 1 5 0 C 0
1243 4263 1 15 0 C 0
1823 1240 1 12 0 C 0
1244 1620 2 16 86 M 10
1242 5867 1 5 0 C 0
1245 1246 2 17 94 O 30
1248 1247 2 13 71 M 20
1250 1249 2 12 62 O 20
1252 1251 2 25 134 O 30
7907 4595 1 2 6 O 10
1253 1254 2 25 138 O 30
1254 1267 2 11 61 O 20
1255 1254 2 5 27 O 30
1254 1256 2 16 87 O 10
1256 1257 2 17 89 O 20
1257 1258 2 8 44 O 10
1257 1259 2 13 72 O 10
1256 1260 2 30 163 O 30
1260 1261 2 7 35 O 20
1260 1262 2 10 50 O 10
1262 1263 2 4 20 O 20
1262 1264 2 8 41 O 20
1264 1265 2 5 24 O 10
1265 1266 2 3 14 O 20
1266 1264 2 3 12 M 10
4528 1270 2 11 58 O 20
1272 1271 2 12 62 O 20
1273 1274 2 17 92 O 30
1274 1275 2 16 85 O 10
1276 1277 2 32 173 M 30
1278 1279 2 18 95 O 20
1279 1280 2 16 88 O 10
1282 1281 2 14 76 M 30
4004 4008 1 2 10 M 20
4008 4009 1 3 12 O 20
4009 4005 1 3 13 O 30
1885 1888 1 3 14 O 30
1888 1879 1 3 15 O 20
1879 1934 1 3 16 M 30
1870 1936 1 3 13 O 20
1936 1917 1 2 10 O 30
1917 1924 1 3 13 O 30
2100 2098 1 3 13 M 10
2098 2082 1 3 12 O 30
2082 2102 1 3 14 O 30
2102 7047 1 2 7 O 30
2103 2094 1 2 11 O 10
2094 2096 1 2 9 O 20
2096 2081 1 3 11 O 20
2081 2090 1 1 4 O 10
2667 506 1 3 0 C 0
2665 2666 1 3 0 C 0
2666 2668 1 4 0 C 0
2668 2667 1 3 0 C 0
4014 4013 1 3 13 O 10
4013 4015 1 3 12 O 20
4015 508 1 2 10 O 30
507 4014 1 3 13 O 20
4163 5005 1 3 15 O 30
5005 4165 1 1 3 O 20
4164 4163 1 4 18 O 20
5586 5585 1 1 2 M 20
5581 5582 1 2 10 O 20
5582 5586 1 3 11 O 10
2085 512 1 1 4 O 20
511 509 1 3 12 O 10
509 510 1 3 14 O 20
510 2085 1 3 15 O 30
4058 4057 1 3 12 O 10
4057 513 1 2 6 O 20
4059 4060 1 3 11 O 10
4060 4058 1 3 12 M 10
3859 3855 1 3 12 O 10
3855 3857 1 2 11 O 20
3861 3859 1 2 11 O 20
3864 3862 1 3 13 O 30
3862 514 1 2 10 M 30
3863 3865 1 2 6 O 20
3865 3866 1 2 10 M 20
3866 3864 1 2 8 O 10
8315 1283 2 4 22 O 20
1283 1284 2 14 74 O 10
1284 1285 2 13 67 M 20
1285 1286 2 6 32 O 30
1287 415 2 10 55 O 30
1288 1287 2 2 7 M 30
1981 1975 1 3 12 O 10
1939 1968 1 3 11 M 10
1968 1981 1 3 11 M 30
1975 6585 1 2 7 O 10
2050 493 1 3 15 O 30
2047 2045 1 3 14 O 10
2045 2050 1 3 14 O 10
2040 2048 1 7 35 M 30
2048 2051 1 2 9 O 30
2041 2040 1 3 16 O 10
2042 6549 1 2 10 O 20
2049 2043 1 3 14 O 10
2043 2042 1 5 25 O 30
4855 2458 1 3 16 O 20
2458 7200 1 4 19 O 30
2457 4855 1 4 18 O 20
3882 4698 1 1 3 O 10
3879 3880 1 4 18 O 10
3880 3882 1 3 16 O 30
4352 2833 1 3 14 O 30
2833 4338 1 3 14 M 20
4338 4345 1 3 11 O 30
4345 4334 1 2 7 O 30
6326 3236 1 3 14 O 30
3236 6328 1 3 13 O 20
6327 6326 1 3 13 O 20
8205 8207 1 3 12 O 30
8207 8206 1 1 3 O 10
8206 8211 1 2 9 O 10
8211 8210 1 1 3 O 10
8210 8214 1 3 14 O 30
8214 8209 1 1 4 M 20
8209 8208 1 2 9 O 30
1890 7317 1 2 9 O 10
1891 1929 1 3 14 O 10
1929 1872 1 3 13 O 30
1872 1890 1 2 10 O 20
1983 1955 1 2 0 C 0
1955 1973 1 2 0 C 0
1973 1962 1 3 0 C 0
1962 6843 1 2 0 C 0
1938 1970 1 3 0 C 0
1970 1960 1 2 0 C 0
1960 6844 1 2 0 C 0
1290 1291 2 8 41 O 10
1291 1292 2 6 28 M 30
1291 1293 2 2 8 O 10
1294 1295 2 13 68 M 30
1296 1297 2 13 68 O 20
1298 1299 2 9 46 O 10
1299 1300 2 16 88 O 10
1862 1859 1 2 0 C 0
1859 1860 1 4 0 C 0
1860 5280 1 1 0 C 0
1302 1301 2 21 112 M 10
2698 2696 1 3 12 O 10
2696 2695 1 3 13 O 20
2697 2698 1 3 11 O 10
1303 1304 2 10 55 O 30
1305 1306 2 11 58 M 20
1307 1308 2 9 46 O 10
1308 1309 2 6 29 O 10
1311 1312 2 14 72 M 20
1312 1313 2 14 78 O 30
2035 1314 2 6 28 O 30
1314 1321 2 6 32 O 10
1321 1315 2 7 37 M 10
1314 1316 2 4 21 O 10
1316 1317 2 20 107 O 20
1316 1318 2 19 101 O 10
1318 1319 2 2 7 O 30
1319 1325 2 9 50 O 30
1325 1320 2 2 6 M 20
1320 1321 2 18 100 O 10
1320 1322 2 7 38 O 30
1318 1323 2 8 40 O 20
1319 1324 2 24 132 O 10
1324 1325 2 13 69 O 30
1326 1327 2 22 122 O 10
1327 1328 2 20 109 O 10
1329 1327 2 17 93 O 10
1330 1331 2 73 402 O 30
1334 1333 2 20 106 O 20
1333 1332 2 22 121 M 10
1336 1335 2 17 90 M 30
1674 1337 2 14 78 O 20
3964 1342 2 4 18 O 10
1342 3962 2 18 99 O 20
3940 1338 1 8 39 M 20
3935 1339 2 8 42 O 10
1340 1341 2 6 30 O 30
3227 3225 2 17 89 O 20
3225 111 2 17 94 O 20
3209 3216 2 14 73 O 30
3216 3227 2 26 141 M 20
4685 6232 1 8 42 O 30
2827 2830 2 11 60 M 30
1345 1343 2 7 38 O 10
1344 1345 2 10 51 O 30
7682 1347 2 2 10 O 10
3845 3844 1 2 9 O 10
5901 5900 1 8 41 O 20
1350 1349 2 20 107 M 10
1349 1348 2 15 79 M 10
2438 4546 2 2 8 O 20
120 1351 2 2 9 O 20
1352 2432 2 13 69 O 20
1201 1202 1 12 63 O 20
1354 1353 2 16 84 O 20
4598 1362 2 4 22 M 20
1362 1364 2 4 18 M 30
1364 1363 2 33 181 O 30
1363 1356 2 9 46 O 30
1356 1355 2 8 41 O 10
1356 1357 2 19 103 M 20
1357 1358 2 4 19 O 20
1357 1359 2 4 19 O 10
1359 1360 2 2 7 M 30
1361 1359 2 12 65 O 20
1362 1365 2 28 150 M 30
1365 1363 2 9 47 O 20
1364 1365 2 25 134 O 30
1376 1377 2 26 141 O 10
1379 1378 2 41 227 O 30
1381 1379 2 25 136 O 30
1379 1380 2 7 37 O 10
1382 1383 2 14 74 M 10
1385 1384 2 17 94 M 20
1388 1385 2 8 44 O 20
1385 1387 2 8 42 O 20
1387 1384 2 22 120 O 10
1384 1386 2 9 46 M 30
1390 1389 2 16 85 O 20
1393 1392 2 16 88 O 10
1394 1395 2 19 101 O 30
1395 1396 2 16 87 O 20
1397 1407 2 3 15 O 30
1407 1398 2 21 115 M 30
1399 1401 2 21 114 O 20
1401 1400 2 3 15 O 30
1401 1402 2 8 39 M 10
1403 1402 2 3 14 M 20
1402 1404 2 20 111 O 10
1405 1411 2 20 109 O 10
1411 1406 2 3 14 O 10
1407 1408 2 8 39 O 30
1408 1409 2 21 116 O 10
1408 1410 2 3 16 M 30
1407 1401 2 3 13 O 30
1402 1411 2 3 13 O 30
1413 1412 2 12 64 M 30
1415 1414 2 13 68 O 10
1417 1416 2 13 69 M 30
1418 1419 2 43 236 O 10
1419 1420 2 35 190 O 30
1421 1422 2 5 24 M 20
1422 1426 2 3 13 O 20
1426 1428 2 4 20 O 30
1428 1430 2 4 19 O 20
1430 1432 2 3 16 O 10
1432 1434 2 3 17 O 30
1434 1423 2 4 18 O 20
1423 1424 2 12 65 O 10
1422 1425 2 13 68 O 10
1425 1427 2 2 10 O 20
1427 1429 2 4 19 M 30
1429 1431 2 4 17 O 20
1431 1433 2 4 18 O 10
1433 1435 2 3 16 O 30
1435 1424 2 4 22 O 10
1426 1427 2 13 67 O 10
1428 1429 2 13 68 O 10
1430 1431 2 13 68 O 10
1432 1433 2 13 69 O 10
1434 1435 2 13 70 O 30
1425 1438 2 8 42 O 30
1438 1445 2 20 108 O 20
1445 1441 2 8 40 O 30
1441 1443 2 6 31 O 30
1443 1436 2 16 85 O 30
1436 1437 2 6 28 O 30
1438 1444 2 5 26 O 20
1444 1440 2 7 37 M 10
1440 1442 2 6 32 O 20
1442 1439 2 18 98 M 20
1440 1441 2 14 74 M 10
1442 1443 2 14 73 O 30
1444 1445 2 14 75 O 10
1423 1451 2 9 50 M 30
1451 1453 2 4 17 O 20
1453 1446 2 5 23 O 10
1446 1447 2 10 52 O 20
1447 1457 2 26 144 O 20
1457 1455 2 4 18 O 10
1455 1454 2 3 15 O 10
1454 1452 2 4 19 O 20
1452 1450 2 12 64 O 10
1450 1448 2 31 170 O 20
1448 1449 2 6 29 M 30
1449 1450 2 12 65 O 10
1451 1452 2 14 72 O 20
1453 1454 2 14 72 O 30
1455 1456 2 14 72 M 30
1457 8406 2 7 36 O 30
8406 1447 2 7 36 O 30
6887 1458 2 7 35 O 10
1460 1459 2 26 139 O 10
200 201 2 7 34 O 30
5013 7449 1 2 9 O 20
1462 7056 2 2 10 O 20
1461 1462 2 3 16 O 20
1463 1461 2 1 1 O 20
1464 1465 2 4 19 M 10
1466 1468 1 4 18 O 30
1468 1465 1 4 20 O 20
1465 1469 1 9 45 O 10
1469 1467 1 4 22 O 20
1467 1466 1 4 18 M 20
1468 1469 1 5 23 O 20
1470 1471 2 3 14 O 10
1472 1471 2 3 13 M 10
1471 1473 2 2 11 O 20
4545 1916 1 4 20 O 10
5838 1474 1 3 16 O 10
1474 4545 1 2 7 O 30
1474 1467 1 3 17 O 30
1873 2436 1 4 19 O 20
2436 5836 1 4 18 M 20
1904 1873 1 6 33 O 30
4548 4549 2 13 68 O 30
6612 5839 1 6 31 O 10
5837 6612 1 5 25 O 20
442 1476 2 38 209 O 20
1476 1475 2 58 322 M 20
1479 1478 2 11 59 O 20
1478 1477 2 18 97 O 10
1480 1481 2 31 167 O 20
1481 1482 2 22 121 O 10
1484 1483 2 11 60 M 30
6518 1485 2 13 72 O 10
1486 1487 2 17 89 O 30
1488 1489 2 15 82 O 30
1490 1491 2 11 61 O 10
1491 1492 2 5 27 O 20
1493 1494 2 110 609 O 10
391 1495 2 30 165 O 30
1496 1497 2 20 108 O 20
1498 1499 2 38 209 O 10
1499 1500 2 29 159 O 30
1501 1506 2 12 63 O 20
1506 1504 2 4 18 M 20
1504 1502 2 19 105 O 30
1503 1504 2 15 80 O 30
1505 1506 2 15 80 O 30
1507 1508 2 50 277 O 10
1509 1510 2 43 235 O 20
1110 1111 1 2 7 M 30
1107 1106 1 2 7 M 30
1512 1513 2 37 204 M 20
1514 1515 2 6 29 O 30
1515 1516 2 8 41 M 10
1515 1517 2 5 27 O 20
1517 1518 2 18 96 O 10
1517 1519 2 4 18 O 10
1520 1521 2 3 16 O 10
1521 1522 2 2 8 O 10
1522 1523 1 9 48 M 10
1523 1521 1 11 61 O 10
5897 1041 1 9 46 O 30
1041 5595 1 9 48 M 10
137 4851 1 3 0 C 0
4851 4852 1 4 20 M 20
861 1524 1 15 82 O 20
1524 862 1 4 18 M 10
1527 1526 2 13 67 O 10
1536 1537 2 5 24 O 30
1537 1538 2 13 70 O 10
1537 1539 2 13 71 O 10
1539 1540 2 7 36 O 30
1540 1537 2 7 35 O 20
1540 1541 2 9 47 O 30
1541 1539 2 5 22 O 20
1541 1542 2 6 29 O 20
4986 4987 1 19 102 O 10
4987 6096 1 3 15 O 20
6096 4986 1 14 76 O 30
3842 3843 2 6 29 M 30
1567 1568 2 6 28 O 10
1568 1569 2 3 14 O 30
1568 1570 2 7 36 O 20
5894 7813 2 2 6 O 20
7813 1572 2 15 80 M 30
7813 1571 2 5 24 O 30
1571 1572 2 16 88 O 30
1574 1573 2 9 50 O 20
1575 1576 2 2 9 O 30
1576 1577 2 4 21 O 20
1579 1580 2 8 42 O 20
1591 1592 2 10 55 O 30
1593 1594 2 14 77 O 20
1599 1602 2 21 114 O 10
1602 1600 2 9 50 O 30
1600 1598 2 5 24 O 10
1600 1601 1 12 62 O 30
1601 1602 1 2 11 M 20
1604 7658 2 6 28 O 10
7658 7659 2 15 83 O 10
1610 1611 2 7 38 O 30
1606 1607 2 10 55 M 30
1608 1609 2 10 52 O 20
1612 1613 2 13 67 M 30
1622 1623 2 5 25 O 20
1630 1631 2 9 47 O 30
1632 1633 2 9 47 O 10
1634 1635 2 10 52 O 10
1636 1637 2 9 49 O 30
1638 1639 2 8 41 O 30
1640 1641 2 9 48 O 20
1642 1643 2 8 44 O 30
1644 1645 2 9 48 O 30
1646 1647 2 14 72 O 20
1652 1653 2 10 51 O 20
1654 1655 2 12 61 O 10
1656 1657 2 13 69 O 30
1658 1659 2 8 41 O 30
1660 1661 2 12 63 O 30
1662 1663 2 9 47 M 10
1664 1665 2 13 68 O 20
1666 1667 2 16 84 M 20
1668 1669 2 16 87 M 30
1670 1671 2 9 49 O 30
1672 1673 2 16 84 O 10
1675 1676 2 15 80 O 10
1678 1677 2 15 82 O 20
1679 1680 2 8 41 O 10
1681 1682 2 8 39 M 10
1683 1684 2 3 17 O 10
1685 1686 2 9 45 O 30
1687 1688 2 9 46 O 30
1689 1690 2 16 87 O 10
1691 1692 2 16 87 M 30
1693 1694 2 16 86 O 10
1696 1697 2 16 88 O 20
1698 1699 2 13 70 O 30
1700 1701 2 9 46 O 10
1525 1703 2 2 0 C 0
1703 186 2 48 0 C 0
186 5652 2 12 0 C 0
1705 1704 2 14 74 O 20
1706 1707 2 10 54 O 30
1708 1711 2 2 10 O 20
1711 1709 2 3 12 O 20
1710 1707 2 2 7 M 10
1707 1711 2 5 23 O 30
1712 3412 2 3 15 M 30
3412 5855 2 6 30 M 20
1712 1713 1 11 56 O 10
1713 4800 1 15 81 O 30
7134 1718 1 6 30 O 10
1718 1716 1 23 127 O 10
1716 1714 1 13 69 O 10
1714 1717 1 27 150 O 20
1717 1712 1 14 75 O 20
1713 1602 2 5 23 O 20
1718 5515 1 13 67 O 30
4800 5515 1 40 220 O 20
5515 1715 1 16 84 O 20
1715 7134 1 3 12 O 20
5515 1716 1 12 63 M 20
1714 4800 1 17 91 O 20
4800 1717 1 12 64 O 30
5875 1721 2 102 562 O 30
1721 1720 2 8 43 M 10
1721 1722 2 49 268 O 30
7551 1723 2 4 22 M 30
7551 4340 1 3 15 O 30
433 7551 1 15 80 O 10
1728 6002 1 10 0 C 0
1728 6003 1 9 0 C 0
4668 1729 1 4 0 C 0
1730 6009 1 7 0 C 0
6009 6008 1 6 0 C 0
33 16 1 1 0 C 0
7780 4658 1 6 0 C 0
149 5907 2 2 7 O 30
5907 6107 2 1 3 O 30
6107 148 2 3 16 O 20
211 218 1 2 7 O 10
3260 3589 2 18 97 O 20
3589 2639 2 18 96 O 10
2639 3268 2 18 95 O 10
3268 3269 2 3 13 O 30
3269 3273 2 17 94 O 10
3273 4375 2 18 97 O 20
4375 999 2 22 118 O 10
999 3282 2 3 16 M 30
1732 3869 2 7 36 M 20
1734 1735 2 5 24 O 20
1736 1737 2 9 48 O 10
1738 1739 2 4 18 M 20
1740 1741 2 4 19 O 10
1742 8248 2 4 20 O 20
1743 1744 2 10 53 O 20
8249 1745 2 10 55 O 20
164 1746 2 5 25 M 30
1747 1748 2 22 117 O 20
1749 1750 2 17 89 M 10
6171 6172 2 2 8 M 20
6167 7815 2 1 4 O 20
213 3579 1 4 18 M 30
3579 215 1 4 19 O 20
1752 1751 2 7 37 O 20
1754 1751 2 6 30 O 30
1751 1753 2 4 17 O 20
5405 7493 1 6 28 O 30
389 1756 2 14 75 O 10
1756 1757 2 3 14 O 10
1759 1758 2 3 15 O 10
1761 1760 2 10 55 O 10
7494 1761 1 2 8 O 20
6595 1762 2 9 50 O 30
2399 848 1 10 54 O 30
848 2397 1 23 125 O 10
1763 2930 2 14 77 M 20
1764 2896 2 12 63 O 10
1765 1766 2 17 90 O 30
1767 1768 2 23 125 O 10
1769 4233 2 37 204 O 10
1770 1771 2 17 92 O 30
1772 1773 2 28 153 O 10
1774 1775 2 21 116 M 20
1776 1777 2 23 123 M 20
1778 1779 2 14 77 O 20
1780 1778 2 65 357 O 10
1782 1783 2 8 41 O 10
1784 1785 2 13 69 O 10
1785 1786 1 10 53 O 30
1786 1787 1 1 4 O 20
1787 1785 1 4 17 O 10
6936 6935 2 3 16 O 20
1788 1789 2 5 28 O 10
1790 1791 2 3 15 O 10
791 1792 1 4 19 O 20
1792 1793 1 2 6 O 10
1795 6953 1 2 10 O 10
1794 1795 1 2 6 O 10
1796 1797 2 11 57 O 10
1127 1798 2 2 10 O 10
1128 1799 2 2 10 M 20
1800 1802 2 3 16 O 20
1803 1801 2 3 16 O 20
5039 1804 2 5 28 M 30
1840 1824 1 5 26 O 30
1825 7300 1 6 28 O 10
1827 1828 2 14 72 O 30
1826 5403 2 7 38 O 30
1098 1099 2 3 16 O 30
5360 1829 2 21 115 M 30
5281 1831 2 9 48 O 20
1831 1834 2 3 12 O 10
1834 1833 2 4 18 O 30
1833 1832 2 4 21 O 10
1831 1838 2 14 74 O 10
5281 1836 2 4 18 O 30
1836 1835 2 5 27 O 10
1835 1833 2 17 94 O 20
1834 1835 2 14 76 O 20
1836 1837 2 8 41 M 20
S M L S M L M S L L M S L M S L S M L M S L M S M L S M L S M L S L M S L M S M L S M L S L M S M L S L M S L M S L M S M L M S L S M L S M L M S L M S L M
