8570 10736 64800 84 6824 0.5
4211 4212 1 2 0 C 0
4212 1722 1 10 0 C 0
1722 7624 1 6 0 C 0
3511 10 1 26 143 O 10
938 6231 1 15 79 O 10
4217 4510 1 4 21 M 20
7312 3513 1 2 9 O 30
3513 4218 1 13 70 O 30
274 5966 1 2 8 M 20
3894 1670 2 2 11 O 30
1670 5215 2 17 94 M 10
5215 1184 2 11 59 O 20
1184 3245 2 12 64 O 20
2934 2924 2 11 56 O 20
2924 678 2 51 283 M 30
2908 196 2 11 58 O 20
196 2915 2 4 21 O 10
2915 2927 2 21 112 O 30
2927 2920 2 21 112 O 20
2920 5204 2 21 112 O 10
5204 5202 2 4 17 O 30
5202 5203 2 17 93 O 20
5203 2937 2 21 112 M 10
2937 2919 2 21 112 O 20
2919 2909 2 20 110 O 20
2909 2923 2 28 152 O 30
3403 3404 2 8 41 O 30
301 6640 1 26 144 O 10
5260 1844 2 5 0 C 0
305 4338 1 3 16 O 10
5213 5214 2 25 0 C 0
2448 7244 2 16 0 C 0
4531 1053 2 1 6 O 10
1053 5215 2 25 138 M 20
5215 3043 2 43 237 M 30
3043 3023 2 36 199 O 20
3014 3049 2 2 8 O 30
3049 1669 2 13 67 O 20
1669 3043 2 18 99 O 10
3043 6690 2 25 138 O 10
4159 4611 2 3 15 O 10
3274 5280 1 22 117 O 30
3402 4848 1 34 185 M 10
4848 1091 1 112 620 O 30
5489 6224 1 13 70 O 30
6224 5820 1 5 24 O 20
2628 2635 1 17 92 O 20
2630 2614 1 17 93 O 10
2612 6259 1 46 251 O 30
5454 5492 2 25 136 O 30
2632 2637 1 14 77 O 30
2637 2616 1 10 52 O 10
2652 2605 1 24 129 M 30
3314 3313 2 17 0 C 0
3184 3206 2 4 21 O 20
3206 3195 2 28 151 M 20
3195 692 2 21 111 M 10
692 3204 2 5 27 O 20
3204 3210 2 5 26 M 20
3184 3190 1 3 15 M 20
3196 3184 1 3 14 O 10
3201 8341 2 24 128 M 20
8341 8343 2 15 79 O 10
8343 5531 2 31 170 O 20
3201 3211 1 3 12 O 30
3214 3201 1 3 12 O 30
3186 3183 2 15 80 M 20
3183 6202 2 58 317 O 20
3186 3185 1 3 14 O 20
3212 3186 1 3 14 O 20
5533 3378 1 41 223 O 30
6700 5545 1 2 0 C 0
628 910 2 2 10 O 30
4088 2529 2 16 83 O 30
7754 2556 2 4 21 O 20
1420 5276 1 8 44 O 30
5563 6664 1 29 157 O 10
5568 5567 2 32 0 C 0
1986 2037 2 49 0 C 0
2037 1987 2 33 0 C 0
3431 3434 2 3 0 C 0
5251 3883 2 5 27 M 10
4491 760 2 16 84 O 20
760 3050 2 1 4 O 20
3050 761 2 1 2 M 30
761 3026 2 16 84 O 20
3026 3031 2 34 187 O 20
3072 3065 2 7 35 O 20
3065 39 2 3 14 O 20
671 3061 2 3 14 O 30
2766 55 2 8 43 O 20
2977 5866 2 6 30 O 20
6136 6137 2 18 96 O 30
2887 1041 2 32 0 C 0
5685 5499 2 1 0 C 0
5499 5686 2 22 117 O 20
5685 7612 2 30 0 C 0
3316 3313 1 6 0 C 0
917 6052 1 6 30 O 20
5964 5698 1 5 25 O 10
3305 2084 1 9 48 O 20
2084 916 1 20 106 O 20
5699 1426 1 7 34 O 10
1426 5974 1 9 49 O 20
912 7969 1 9 47 O 10
7969 5699 1 7 35 O 20
5458 6897 1 7 0 C 0
830 5707 1 6 0 C 0
5707 5708 1 16 0 C 0
5708 5709 1 17 0 C 0
5709 5710 1 11 0 C 0
5710 5711 1 19 0 C 0
5711 5712 1 21 0 C 0
5712 5713 1 21 0 C 0
3298 5725 1 71 393 O 10
5527 5739 1 11 61 O 30
5741 4443 1 28 155 O 20
5914 5915 2 56 307 O 20
5916 1354 2 3 11 M 30
1354 1361 2 3 14 O 20
1361 4027 2 5 27 M 30
5920 5918 1 32 175 O 30
5924 5922 2 40 221 O 10
5922 5927 2 31 168 O 20
6309 8479 2 3 16 O 30
8479 5935 2 7 38 M 30
5935 5914 2 15 82 O 10
5914 4011 2 15 83 O 30
6010 6852 2 24 129 O 30
6852 6011 2 20 109 O 10
6011 6248 2 20 108 O 10
6170 1014 2 12 66 O 20
6089 3325 1 7 36 O 30
4429 6091 1 39 216 O 30
6094 5740 1 115 634 O 10
6091 4425 1 74 410 O 30
6097 6765 1 51 278 O 20
6105 6098 1 65 361 O 30
1216 378 1 9 46 O 10
378 7285 1 3 12 O 10
6103 8013 1 1 4 O 10
8013 8015 1 4 20 O 20
8015 6106 1 19 104 O 30
7920 8290 2 31 169 O 30
8290 6107 2 8 40 O 10
4428 6782 1 61 337 O 20
6014 1360 1 6 29 O 10
1360 568 1 2 7 O 30
568 567 1 7 38 O 30
5279 124 1 32 175 O 30
5726 2375 1 11 57 M 10
5730 7436 1 7 34 O 10
4444 5735 1 22 119 M 20
6170 5937 1 47 257 O 20
255 3624 2 10 54 O 10
3624 6172 2 20 111 M 20
3598 3097 2 40 222 M 20
3097 1176 2 10 51 M 20
1176 3115 2 21 115 O 20
7389 3109 1 6 29 O 20
3093 6176 2 28 154 O 20
6176 4775 2 14 75 O 20
4775 4774 2 11 56 O 20
4774 7530 2 15 83 O 30
7530 7386 2 15 78 O 20
6179 6182 2 56 0 C 0
6182 6183 2 17 0 C 0
6183 6180 2 41 0 C 0
6181 6179 2 18 0 C 0
6186 6185 2 24 131 O 30
6185 5779 2 11 59 M 10
5779 5777 2 30 163 O 10
5777 6184 2 19 104 O 20
5962 874 2 17 89 O 30
874 876 2 42 232 O 10
876 877 2 9 0 C 0
877 878 2 10 0 C 0
878 879 2 3 0 C 0
879 1996 2 14 0 C 0
914 915 1 2 11 M 30
1897 8317 2 1 4 O 10
8317 8319 2 3 11 O 10
8319 8318 2 1 4 O 30
8318 8321 2 4 17 O 10
8321 1900 2 2 6 O 20
6229 6228 2 20 108 O 10
1056 7964 1 2 11 M 30
7964 7975 1 2 8 O 30
7975 7972 1 4 18 O 30
7972 7397 1 14 76 M 10
8516 3501 2 4 18 O 20
3501 5913 2 1 3 O 20
5913 5720 2 9 46 O 20
1820 1302 2 1 0 C 0
1302 1819 2 1 0 C 0
6236 8152 2 5 0 C 0
8152 8150 2 3 0 C 0
8150 6125 2 9 0 C 0
617 939 2 14 73 O 30
6244 8315 2 6 29 O 10
8315 8259 2 2 9 M 10
8259 6245 2 18 99 O 20
6246 4862 2 12 63 M 30
4862 4855 2 4 21 O 30
4855 8170 2 6 32 M 10
8170 6268 2 5 27 M 10
6268 4860 2 1 3 O 10
4860 7446 2 10 54 O 20
6638 6345 2 16 84 O 20
2193 5933 2 17 90 O 10
6257 2132 2 4 20 O 30
2132 2134 2 3 16 O 30
2134 3217 2 9 45 O 30
3217 2133 2 2 11 O 20
2133 1588 2 9 45 M 20
1588 5688 2 2 8 M 30
5688 2195 2 17 90 O 20
2195 3571 2 20 106 O 20
6257 2009 2 24 130 O 30
2009 2197 2 17 89 O 10
2197 22 2 35 189 M 10
6260 6261 2 29 157 O 30
7252 6262 2 13 70 M 30
664 7613 1 4 22 O 20
1587 22 1 20 109 O 20
7794 8155 2 6 31 O 20
8155 8165 2 6 33 O 30
8165 8163 2 11 57 O 20
8163 4872 2 3 12 O 30
4872 8161 2 2 10 O 30
8161 8159 2 3 13 O 10
8159 8157 2 3 13 M 10
8157 6267 2 10 52 O 10
365 366 2 15 82 O 20
6305 4887 2 4 18 O 20
4887 8166 2 9 49 O 20
8166 4889 2 6 29 O 20
4889 6246 2 4 20 O 20
6305 8237 2 4 17 O 10
8237 8168 2 5 23 O 10
8168 4854 2 8 43 O 10
6233 6309 2 35 189 O 20
6310 6637 1 8 43 O 20
6637 1614 1 10 51 O 30
1614 6233 1 9 48 M 30
6333 6350 2 14 74 M 20
6350 6334 2 17 94 O 20
5155 6337 2 37 202 O 20
6337 6162 2 17 89 O 30
6162 3229 2 15 79 M 10
7466 6348 2 52 285 O 20
3484 6365 2 10 52 O 20
6365 6349 2 17 92 O 10
6177 1301 2 19 0 C 0
1301 2332 2 22 0 C 0
2332 6937 2 19 0 C 0
6937 2330 2 26 0 C 0
2330 2328 2 4 0 C 0
7475 6347 1 28 154 M 30
4199 2602 2 21 0 C 0
1034 6407 2 7 37 O 10
6407 6408 2 15 81 M 30
7388 7534 1 8 41 M 30
7534 2648 1 18 100 O 20
2624 3600 2 6 31 O 20
3600 6409 2 18 96 O 10
6409 6410 1 13 71 O 30
6411 6412 2 17 92 M 30
6412 2617 2 15 78 O 30
2650 6414 1 21 115 O 30
6414 6413 1 17 92 M 20
6414 6412 2 11 58 O 30
2640 6416 2 29 158 O 30
6416 6415 2 23 127 O 10
6416 3621 2 19 105 M 30
2623 6418 2 42 229 M 30
6417 6419 2 41 223 O 10
6419 7679 2 12 65 O 30
7679 6420 2 10 55 O 30
6420 3601 2 12 65 O 20
6420 2645 1 19 100 M 30
6421 6888 2 12 66 O 20
6888 6422 2 6 32 O 30
6422 2644 2 11 60 O 10
2604 6423 2 10 50 O 20
6423 5694 2 9 48 O 20
5694 3631 2 8 44 O 10
3631 3636 2 16 87 O 30
3636 4769 2 21 116 M 30
2647 2638 2 10 52 O 20
2638 6426 2 8 40 M 30
3636 6427 2 10 56 O 10
6427 6425 2 14 75 O 10
6427 6428 2 18 99 O 20
2649 7520 2 6 33 M 30
7520 6871 2 5 24 O 20
6871 6429 2 11 61 O 10
2637 6872 2 7 37 O 30
6872 6429 2 6 32 O 30
6429 4782 2 9 49 O 30
4782 6876 2 7 34 O 20
6876 6430 2 7 35 M 20
2607 6430 2 15 83 O 20
6430 3630 2 7 34 O 20
3630 6441 2 7 35 O 10
6441 6431 2 10 50 O 20
6431 6440 2 6 32 O 20
6440 6448 2 15 79 M 20
6448 6435 2 5 22 O 10
6435 5785 2 20 108 O 30
5785 6442 2 10 50 O 10
6442 6432 2 13 70 O 20
6174 5174 2 6 33 O 30
5174 6433 2 10 54 O 30
6433 6432 2 10 50 O 10
6493 5173 2 3 16 O 30
6435 3634 2 7 36 M 20
3634 6434 2 4 18 M 30
6434 6436 2 12 62 M 10
6437 6438 2 11 60 O 30
6174 6493 2 16 84 O 30
6493 4160 2 3 14 O 30
4160 5785 2 10 54 O 10
6441 6447 2 21 113 M 10
6447 3641 2 33 180 O 20
6442 3641 2 10 51 O 10
3641 3642 2 10 52 M 20
3642 6444 2 5 26 O 10
6444 2621 2 13 71 O 20
2621 3647 2 12 66 O 10
2627 2651 2 10 51 O 20
2651 2619 2 11 59 O 30
2619 2621 2 11 60 O 10
6444 4772 2 12 62 O 20
4772 6443 2 8 39 M 20
4461 3644 2 11 60 M 30
3644 3647 2 11 60 O 20
3647 6446 2 11 61 M 30
6446 6445 2 17 90 O 10
6447 6448 2 10 54 O 30
6176 6449 2 45 245 O 20
6452 6450 2 35 190 O 20
6450 5586 2 8 42 O 20
3096 6461 2 11 57 O 10
6461 1072 2 12 65 O 30
1072 1070 2 12 62 M 10
1070 3081 2 7 37 O 20
3081 3163 2 39 214 O 20
6173 3160 2 66 366 O 10
3160 3167 2 69 379 O 10
3095 3111 2 13 67 M 20
3111 3090 2 17 93 M 10
3090 3108 2 16 86 O 10
3154 3150 2 20 108 M 10
3150 3159 2 21 111 M 10
3159 6456 2 22 117 O 30
6454 6463 2 16 89 O 10
6463 6457 2 19 100 M 30
6458 3162 2 65 361 O 30
3156 3151 2 20 111 O 10
3151 3148 2 19 101 O 30
3151 3152 2 40 222 M 30
6459 3160 2 21 111 O 10
3160 3168 2 20 109 M 30
3168 6461 2 20 110 M 10
3096 3084 2 21 115 M 30
3084 3103 2 18 100 O 10
6171 6989 2 17 91 O 30
6989 3080 2 19 100 M 30
3080 3098 2 51 281 O 30
3098 6462 2 8 41 O 10
3098 3101 2 17 90 O 30
3101 3092 2 23 124 O 10
3099 3111 2 40 222 O 30
3083 3090 2 40 221 O 30
3084 1075 2 36 198 O 30
1075 3091 2 4 22 O 20
3081 1074 2 12 65 O 20
1074 3091 2 10 50 M 20
3091 3107 2 19 105 O 10
6463 3117 2 23 127 O 20
3104 6464 2 40 221 O 20
3891 3114 1 26 144 O 30
3088 1971 2 10 50 O 30
1971 1968 2 5 27 M 20
1968 3112 2 7 34 O 20
3112 3086 2 40 221 O 20
3101 3079 2 41 227 O 30
6466 6469 2 18 99 O 30
6469 6468 2 9 50 O 10
6468 6467 2 23 127 O 20
6468 3116 2 17 91 O 30
6470 6472 2 17 92 O 10
6472 6473 2 3 13 O 10
6473 3889 2 15 81 O 20
3889 7297 2 11 61 O 20
6471 6472 2 31 168 M 10
6473 6469 2 24 131 O 30
3087 208 2 14 77 M 20
6110 242 1 22 122 O 20
6476 6482 2 71 391 O 10
6482 6481 2 46 254 O 30
6481 6479 2 21 112 O 20
6479 6480 2 35 190 O 30
6480 7374 2 73 404 O 20
7374 8127 2 14 76 M 20
6481 3696 2 110 611 M 30
6482 6065 2 11 56 O 30
6483 8096 2 3 16 O 10
8096 8089 2 9 47 M 30
8089 8088 2 4 18 M 20
8088 8082 2 12 64 O 20
8082 8076 2 10 52 O 10
8076 6484 2 7 39 M 10
2453 2492 2 45 0 C 0
2492 4485 2 56 0 C 0
7445 2161 2 15 78 O 30
2161 5610 2 27 149 M 30
5917 6204 2 12 63 O 20
6204 5784 2 11 58 O 10
5784 6206 2 13 72 O 30
6206 6207 2 13 71 M 30
5819 5155 2 13 67 O 20
5155 6012 2 12 63 O 10
6012 5156 2 12 64 O 10
5156 6514 2 12 64 O 10
4525 8460 1 21 113 O 30
6515 6642 1 15 82 O 10
6642 4520 1 15 79 O 30
4520 4524 1 2 6 O 20
2463 2086 2 18 0 C 0
2086 2085 2 20 0 C 0
2085 2449 2 20 0 C 0
2449 2469 2 20 0 C 0
6516 2160 2 23 127 M 30
2160 6517 2 23 123 O 30
4231 2397 1 2 9 O 30
6521 5791 1 1 4 O 30
5791 6848 1 7 38 O 10
6848 6521 1 6 32 O 30
6243 6511 2 12 63 O 30
6453 3154 2 25 135 O 30
3154 3149 2 40 222 O 30
3149 3165 2 39 214 O 10
4342 7455 1 13 72 M 20
7455 8292 1 1 5 O 30
8292 8294 1 4 17 M 30
8294 1258 1 5 23 O 30
1258 1259 1 2 11 O 10
1259 6710 1 8 44 O 30
6710 5605 1 16 86 M 30
6708 8283 2 12 66 O 20
8283 4354 2 9 49 O 10
8544 3282 1 8 44 O 10
3282 6022 1 15 81 O 20
8546 3284 1 46 252 O 10
6675 6713 1 9 50 O 30
5880 6674 1 16 86 M 10
6715 6108 1 30 162 O 30
1215 6111 1 21 112 O 30
6100 6714 1 30 162 O 10
6101 6102 1 36 196 O 10
5533 5266 1 19 105 O 30
3204 695 1 3 13 M 30
695 696 1 6 33 M 20
696 5530 1 5 27 O 20
6718 6719 1 54 299 M 20
6720 1264 1 49 268 O 20
6719 1279 1 48 262 O 30
6724 3385 1 41 224 O 20
6723 6727 1 8 41 M 20
2360 6724 1 8 41 M 30
6722 6728 1 27 148 M 20
6730 6731 1 23 125 M 20
7944 2360 1 54 298 M 30
2346 845 1 4 20 O 10
6736 3603 2 40 220 O 20
3603 3604 2 18 95 M 20
3604 3605 2 23 126 O 20
3605 3607 2 26 139 O 20
6736 1948 1 16 86 O 30
1948 3609 1 26 139 O 20
3609 256 1 8 44 O 10
6080 1947 1 3 13 O 30
1947 5613 1 47 259 O 20
6743 5615 1 7 39 O 30
6755 6756 1 4 0 C 0
5508 7568 1 8 0 C 0
7568 4230 1 7 0 C 0
6748 6749 1 4 0 C 0
6749 6745 1 5 0 C 0
6234 6233 2 15 83 O 30
3298 3294 1 122 674 O 20
3279 3260 1 9 45 O 30
6799 6800 1 11 60 O 30
2347 6801 1 12 64 M 30
3296 5563 1 197 1089 O 10
2367 4331 1 101 0 C 0
7704 2367 1 26 0 C 0
6822 6823 2 40 0 C 0
6823 6824 2 39 0 C 0
6824 2078 2 10 0 C 0
2078 2053 2 11 0 C 0
2053 6190 2 20 0 C 0
6190 2050 2 4 0 C 0
6827 4155 2 11 0 C 0
6826 6827 2 13 0 C 0
3032 7187 2 19 102 O 30
7187 541 2 18 96 O 10
2477 2454 2 39 0 C 0
2480 2488 2 41 222 O 30
2468 2487 2 71 392 O 30
6832 2038 2 46 0 C 0
2038 5677 2 41 0 C 0
5677 8526 2 42 0 C 0
8526 1984 2 8 0 C 0
6856 6891 2 39 211 M 30
6891 6283 2 18 97 O 30
6572 6860 2 20 108 M 10
6860 2090 2 15 82 O 30
2090 1532 2 2 8 O 20
1532 6858 2 4 22 M 10
6858 8382 2 18 94 O 10
7237 7236 2 10 53 O 20
7236 6860 2 18 95 O 10
6860 2409 2 21 112 O 20
2409 6863 2 26 143 O 20
6863 6861 2 18 98 O 30
6861 6864 2 27 145 O 10
6863 6862 2 21 117 O 20
6750 6865 2 46 252 O 30
6752 1888 2 18 95 M 10
6753 6867 2 53 290 M 10
6861 6890 2 17 89 M 30
6891 6967 2 21 116 O 20
6967 6864 2 34 187 M 20
6864 3351 2 20 108 O 30
6892 2317 2 18 96 M 20
6896 4464 2 12 65 O 20
4464 4466 2 18 97 O 10
4466 2317 2 25 134 M 20
2317 7930 2 42 230 M 20
923 686 2 5 25 M 20
686 31 2 21 115 M 20
31 28 2 13 68 M 20
28 6987 2 6 33 M 20
6987 6486 2 38 211 O 30
6486 6986 2 5 26 O 30
6986 6985 2 10 51 O 30
6966 6967 2 40 217 O 30
6917 5216 2 2 0 C 0
7251 1724 1 20 108 O 30
1724 120 1 11 57 O 20
2468 2485 2 10 0 C 0
964 6870 2 40 0 C 0
6870 3679 2 1 0 C 0
3679 935 2 41 0 C 0
403 404 2 18 95 M 10
404 405 2 15 79 O 10
405 406 2 13 67 M 20
406 407 2 17 91 O 20
407 4695 2 8 39 O 20
4695 4697 2 28 152 M 30
4697 402 2 7 36 O 30
6098 4437 1 27 146 M 30
4435 6094 1 5 25 M 20
6094 6095 1 86 475 O 20
6096 4008 1 23 123 O 20
4008 4009 1 52 288 O 20
6103 4445 1 33 182 O 10
1380 6764 2 3 13 O 20
772 1381 1 1 3 O 20
1381 3971 1 3 15 O 20
3971 3974 1 2 10 M 10
3974 1382 1 2 10 O 10
1382 772 1 2 11 M 30
5379 1164 2 28 0 C 0
1164 1163 2 13 0 C 0
1163 5584 2 13 0 C 0
5584 6154 2 4 0 C 0
6154 5452 2 7 0 C 0
5936 362 1 31 169 O 20
362 5937 1 24 129 O 30
3272 3278 1 10 53 O 30
3264 3276 1 10 53 O 30
3276 3266 1 129 715 M 20
856 2039 2 90 0 C 0
2039 3431 2 47 0 C 0
1988 1989 2 28 0 C 0
1996 8525 2 20 0 C 0
8525 1997 2 7 0 C 0
1997 2081 2 20 0 C 0
2081 4287 2 2 0 C 0
2034 2033 2 27 0 C 0
2033 2032 2 30 0 C 0
2032 2030 2 24 0 C 0
2030 2031 2 24 0 C 0
2031 2035 2 22 0 C 0
2035 2036 2 22 0 C 0
2042 1989 2 19 0 C 0
2048 2044 2 39 0 C 0
1069 2044 2 17 0 C 0
2045 2046 2 10 0 C 0
2046 2047 2 12 0 C 0
2047 4154 2 2 0 C 0
4154 2048 2 20 0 C 0
2049 2079 2 61 0 C 0
2079 2050 2 19 0 C 0
2051 2052 2 40 0 C 0
2052 2053 2 39 0 C 0
2455 2470 2 20 0 C 0
2470 2479 2 20 0 C 0
2479 2486 2 15 0 C 0
2455 2484 2 18 99 M 30
2459 2491 2 6 0 C 0
2489 2450 2 6 0 C 0
2450 2465 2 20 0 C 0
2465 2461 2 20 0 C 0
2461 2484 2 20 0 C 0
2484 2084 2 60 328 O 30
2148 3525 2 4 18 O 30
3525 8177 2 61 338 O 10
8177 5608 2 9 47 O 20
2149 7444 2 4 22 O 30
7443 2151 2 29 157 O 10
2151 2152 2 20 107 O 20
2153 8206 2 18 98 O 30
8206 2154 2 8 42 O 10
2154 8057 2 10 51 O 30
8057 8058 2 7 35 O 10
8058 2155 2 3 13 O 20
2154 8214 2 15 82 O 20
8214 8053 2 5 25 O 20
8053 8055 2 5 26 O 10
8055 8211 2 3 14 O 10
8211 8213 2 3 15 O 30
8213 8209 2 3 12 M 10
8209 8006 2 6 30 O 30
2155 2157 2 29 159 O 20
2158 8181 2 7 35 O 30
8181 8179 2 2 9 O 30
8179 8188 2 5 24 O 20
8188 8192 2 2 7 O 10
8192 6156 2 1 1 O 10
6156 8190 2 3 14 O 10
8190 8194 2 4 20 O 20
8194 8196 2 4 19 O 20
8196 6368 2 3 13 M 20
2160 5604 2 40 221 O 20
2161 4869 2 38 208 O 10
6241 7962 2 10 0 C 0
7962 7411 2 1 0 C 0
7411 2082 2 3 0 C 0
2162 2163 2 20 110 O 30
2163 7959 2 3 16 O 20
2166 8272 2 4 18 O 10
8272 3486 2 10 52 O 20
3486 6343 2 8 44 O 20
6343 2167 2 34 185 O 30
2167 6344 2 18 98 M 30
6344 4728 2 4 21 O 30
4728 3556 2 22 120 O 10
2169 2170 2 15 79 O 10
2170 7018 2 11 57 O 10
7018 5498 2 19 102 O 20
5498 400 2 12 63 M 20
2174 2175 2 42 232 O 10
2172 2176 2 24 130 M 30
2178 2185 2 46 251 M 30
2185 401 2 41 226 O 20
401 5497 2 11 58 M 10
5497 3521 2 16 85 O 20
3521 7017 2 3 13 O 30
7017 2179 2 5 27 M 10
2180 2181 1 5 24 O 20
4341 3330 2 9 45 O 30
3330 3533 2 18 99 M 30
4597 4288 2 18 95 M 30
2183 2192 2 42 229 O 30
8497 2194 2 3 15 O 30
2194 2195 2 22 118 O 20
2195 8499 2 14 73 O 30
2198 1946 2 37 205 O 20
1946 2439 2 20 109 O 30
2200 2201 2 15 79 M 10
6751 6138 2 20 107 M 30
6138 2229 2 21 114 O 20
2229 2204 2 21 114 M 10
2209 3494 2 11 61 O 10
3494 2210 2 12 65 O 10
2210 2214 2 12 65 O 10
2201 3490 2 39 213 M 10
3490 2210 2 26 143 M 20
2211 1274 2 2 8 O 10
1274 2202 2 8 42 O 20
2215 2213 2 19 105 O 20
5518 7561 1 9 50 O 10
2203 2217 2 27 146 O 10
2217 2218 2 40 219 O 20
2219 2220 2 11 58 O 20
2220 2221 2 42 231 O 10
2221 2222 2 24 133 M 20
2222 2206 2 11 59 O 30
2220 2223 2 17 94 O 30
2223 2224 2 17 93 O 30
2223 2222 2 41 225 M 20
2207 2226 2 10 55 O 30
2226 2225 2 28 150 M 10
2225 2216 2 15 81 O 10
2225 905 2 35 190 O 20
905 2226 2 19 102 O 10
2221 2227 2 10 53 O 10
1382 2228 2 40 219 O 20
2229 2230 2 19 100 O 30
2204 2231 2 21 114 O 30
2231 5507 2 12 65 O 10
2231 6077 2 16 89 M 20
6077 2232 2 14 74 M 10
2232 2233 2 13 71 M 30
640 936 1 14 74 M 10
5519 2239 2 23 126 O 30
2239 6547 2 148 819 O 30
2239 2240 2 12 62 O 30
6758 4536 2 9 0 C 0
4536 2242 2 6 0 C 0
2242 2243 2 47 0 C 0
7249 2245 2 31 168 O 20
2245 2246 2 6 30 O 20
2246 2264 2 26 139 O 20
2264 2261 2 8 43 O 30
2261 2247 2 17 89 O 30
2247 2260 2 38 208 O 30
2248 2249 2 22 0 C 0
2248 1110 2 47 0 C 0
1603 2249 2 26 0 C 0
2249 8371 2 21 0 C 0
8371 2250 2 39 212 O 10
2251 4537 2 6 33 O 10
2251 2252 2 57 0 C 0
2252 2253 2 9 0 C 0
2255 2256 2 33 180 M 30
2245 2257 2 34 188 M 10
2257 1344 2 9 45 O 20
1344 2258 2 54 300 O 30
2258 2259 2 23 125 M 20
2259 2260 2 54 295 O 10
2258 2261 2 17 92 O 20
2257 2262 2 10 52 O 30
2259 2263 2 32 173 O 30
2264 2265 2 6 33 O 30
2246 2270 2 13 71 M 20
2270 2268 2 18 99 O 20
2268 2272 2 19 100 O 30
2272 2266 2 14 75 O 20
2266 2267 2 13 71 M 20
2268 2269 2 8 44 M 30
2270 2271 2 9 45 O 10
2272 2247 2 20 107 O 30
2275 2276 2 9 47 O 20
2277 1776 2 30 162 O 30
1776 6579 2 3 14 O 30
6579 5228 2 5 25 M 20
5228 2278 2 48 265 O 20
2279 2280 2 17 93 O 10
2281 2280 2 21 115 O 20
2283 2284 2 9 48 M 20
2284 2285 2 18 95 O 30
2284 1286 2 24 133 M 20
2287 2288 2 7 34 O 30
2288 5235 2 19 101 M 20
5237 2305 2 19 100 O 10
2305 2289 2 56 307 O 10
2289 2294 2 13 68 O 20
2294 2290 2 41 227 O 30
2290 2296 2 22 120 O 20
2296 2291 2 39 214 O 20
2291 2293 2 6 28 O 30
2293 2294 2 23 123 O 20
2293 2295 2 34 188 O 20
2296 2297 2 11 58 O 10
2289 2299 2 20 111 O 30
2299 2301 2 3 14 M 10
2301 5890 2 7 38 O 10
2299 6550 2 8 39 O 30
6550 2300 2 36 199 O 10
2301 2302 2 14 74 O 30
2303 2189 2 87 482 O 20
2304 2308 2 23 123 O 10
2308 2306 2 39 215 O 20
2306 2305 2 24 128 O 30
2306 2307 2 9 48 O 10
2308 2309 2 12 63 O 30
2191 2310 2 51 278 O 20
2311 2312 2 26 141 M 10
2314 2313 2 75 412 O 20
2313 5524 2 31 171 M 30
5524 3345 2 3 13 M 10
2315 2316 2 13 70 O 10
2315 2313 2 93 514 O 10
3366 4259 2 18 97 O 20
4259 4826 2 19 100 O 10
4791 4781 2 32 177 O 20
4234 5344 2 20 109 O 30
5344 5347 2 19 104 O 30
5347 5345 2 19 102 O 30
4235 4828 2 6 31 O 20
4828 4236 2 13 68 O 20
4236 4252 2 10 53 M 10
4252 4237 2 22 122 O 10
4240 4242 2 26 140 O 10
4242 4243 2 45 245 O 10
4245 4244 2 25 134 O 20
4244 4242 2 11 61 O 10
4248 6725 2 19 102 M 10
4238 4249 2 60 333 O 30
638 4258 2 15 82 M 10
4258 4250 2 6 33 O 30
4253 4250 2 7 38 O 30
4254 4257 2 20 107 O 30
4257 4236 2 21 115 O 20
4256 4257 2 21 112 O 20
4258 4253 2 7 39 M 20
4245 4251 1 6 31 O 10
4246 4251 2 5 24 O 30
4259 4260 2 42 233 M 20
1849 5091 2 10 54 O 10
5091 4720 2 21 113 O 10
4720 4717 2 21 113 O 30
4717 1953 2 12 64 O 20
1953 1328 2 7 35 O 20
2188 5240 2 33 178 O 20
4291 4292 2 84 465 O 30
4293 4296 2 16 84 O 10
4296 4297 2 14 75 O 30
4297 415 2 11 58 O 30
415 4294 2 10 53 O 10
4295 4296 2 19 103 O 30
4297 414 2 30 163 O 30
414 4298 2 10 54 M 10
3643 1492 2 12 64 O 20
1492 4754 2 1 4 O 30
4754 6655 2 2 11 O 30
6655 3045 2 37 202 O 30
257 4490 1 11 56 M 20
4490 6877 1 10 54 O 20
4405 81 2 17 93 O 30
3901 3034 2 54 299 O 20
3898 3025 2 21 115 O 20
6894 4412 2 30 163 O 30
4306 4010 2 3 15 O 10
4010 6552 2 15 83 M 10
6552 4414 2 23 125 O 30
4414 4413 2 22 119 O 20
4464 4465 2 17 92 O 20
4466 4467 2 21 116 O 30
4468 4469 2 31 170 O 20
4470 4471 2 39 214 O 30
4472 4473 2 15 79 O 30
4473 4474 2 20 109 O 30
4548 4545 2 20 108 O 30
4545 5544 2 5 27 O 20
4475 4476 2 15 78 O 20
4479 4477 2 20 110 O 10
4477 4478 2 23 124 O 20
3258 1256 1 8 0 C 0
8511 3275 1 35 190 O 10
3266 7634 1 58 319 O 30
7634 3277 1 61 334 O 30
5727 3286 1 54 300 O 10
2368 1425 1 77 0 C 0
4413 4479 2 21 112 O 20
4479 4548 2 31 168 O 10
4548 6895 2 17 90 M 20
4543 6562 2 5 25 O 20
6562 6560 2 17 92 O 20
6560 4544 2 25 135 O 20
4546 4547 2 19 102 O 10
2314 2315 2 11 56 O 20
4551 4549 2 31 168 O 10
5539 4549 2 14 76 O 10
4549 4550 2 56 309 O 30
4552 4553 2 29 157 O 30
4553 4554 2 15 80 M 30
4557 4555 2 19 103 M 10
4555 4556 2 18 97 O 30
4555 3718 2 79 436 O 20
6839 3718 2 21 112 O 20
3718 4558 2 9 50 O 10
4558 4559 2 11 61 O 20
4558 4560 2 13 69 O 10
6839 5539 2 23 125 O 30
5539 4550 2 25 136 O 10
4550 4557 2 19 103 O 20
4557 4552 2 8 43 O 10
6895 4561 2 8 41 O 30
4562 6648 2 18 97 O 20
1437 4579 2 3 14 M 30
4579 4564 2 19 100 O 10
4564 4565 2 25 137 O 20
4565 2379 2 9 45 O 10
1318 4568 2 3 14 O 20
4568 4566 2 37 203 M 30
4569 4570 2 10 51 O 10
4570 4571 2 20 107 O 10
4572 4570 2 11 61 O 10
4573 3354 2 29 157 O 10
3354 3730 2 8 43 O 20
4574 3353 2 32 178 O 30
3353 2381 2 9 45 O 10
4579 4580 2 37 201 M 20
4580 4581 2 57 315 O 10
4786 4577 2 44 240 O 10
4178 6164 2 40 219 O 30
6164 8416 2 23 124 M 30
8416 6520 2 3 17 O 30
6520 4590 2 37 202 M 30
4590 4588 2 19 101 O 10
4588 4593 2 19 101 O 10
4593 4595 2 18 96 O 30
8416 2325 2 18 96 M 20
4588 4589 2 19 103 O 20
4590 4591 2 42 231 O 30
4588 4592 2 50 276 O 20
4593 4586 2 53 289 O 30
4585 4595 2 52 286 O 30
4597 4598 2 52 284 O 30
3972 4599 2 46 252 M 30
4615 4616 2 26 139 O 10
4617 5248 2 12 66 M 10
4699 881 1 11 57 O 10
4618 4289 2 77 422 O 10
4619 4620 2 6 31 O 10
4621 840 2 9 47 O 10
840 4629 2 24 130 O 20
4629 6060 2 17 91 O 30
6060 6059 2 8 39 M 20
6059 4622 2 24 129 O 30
4622 4623 2 18 99 M 30
4622 4625 2 10 54 O 20
4625 4624 2 21 115 O 10
4627 4626 2 27 150 M 10
4625 4626 2 27 147 O 20
4626 625 2 8 42 M 10
625 4628 2 40 219 O 30
4629 843 2 17 92 O 30
843 842 2 6 31 O 30
842 4616 2 24 132 O 30
4630 4631 2 11 60 M 30
5256 4632 1 16 87 O 30
4635 5979 1 34 185 O 20
4621 4637 2 25 136 M 20
4637 4643 2 25 137 O 20
4643 4639 2 19 105 O 10
4639 4648 2 27 149 O 30
4648 4646 2 37 201 M 30
4646 4638 2 25 134 O 30
4638 4623 2 16 85 O 20
4637 4638 2 97 536 O 30
4639 4640 2 23 124 M 30
4642 4643 2 14 73 O 20
4647 4648 2 17 91 O 30
4651 4653 2 8 44 M 10
4654 4655 2 23 126 M 30
4649 4650 2 15 78 O 20
4650 4656 2 9 46 O 30
4656 4645 2 27 145 O 30
4645 4646 2 24 128 O 20
4656 4657 2 12 64 O 10
4658 1146 2 52 285 O 10
1146 6975 2 12 66 O 30
4661 4662 2 34 187 O 30
4664 4663 2 15 80 O 30
4667 4668 2 12 65 O 30
4669 4670 2 12 64 O 20
4673 4607 2 33 178 O 10
4607 1878 2 17 92 O 10
1878 1580 2 12 63 O 30
1580 4679 2 19 105 O 20
4675 4676 2 15 80 M 30
4677 4715 2 14 72 O 10
4715 4678 2 42 233 O 30
4679 4714 2 16 85 O 30
4714 4681 2 21 115 O 30
4681 4680 2 44 243 O 10
4681 4689 2 26 143 M 20
4689 4683 2 20 108 M 10
4683 4712 2 12 66 O 20
4712 4682 2 28 150 O 30
4683 4685 2 28 153 O 20
4685 4686 2 20 106 O 10
4686 4690 2 53 294 O 30
4690 4687 2 33 180 M 30
4688 4686 2 54 297 M 30
4686 4689 2 50 277 O 30
4690 4672 2 30 166 O 30
4691 4692 2 68 375 O 10
4692 4693 2 29 156 O 30
4692 4694 2 12 65 O 20
405 5506 2 12 66 O 30
406 4698 2 51 280 O 10
4695 4696 2 30 164 O 10
4697 4696 2 35 190 O 30
4696 4698 2 27 145 O 30
4701 6606 2 24 129 M 30
6606 6614 2 10 55 O 30
6614 4705 2 15 82 O 20
4705 4704 2 17 91 O 20
4704 4710 2 13 70 O 10
4710 4707 2 14 73 M 30
4707 4702 2 24 133 O 30
4702 880 2 17 91 O 10
880 4699 2 2 10 O 20
4703 4704 2 27 147 O 30
4705 4706 2 19 100 O 10
4707 4708 2 32 172 O 10
4709 4710 2 14 74 O 20
4702 4711 2 15 83 M 10
4712 4713 2 14 73 O 10
1626 1627 1 42 232 O 20
4715 4716 2 9 47 O 10
4717 4718 2 31 168 O 20
4719 4718 2 15 80 O 20
4718 3995 2 26 139 M 30
2395 7315 1 8 39 O 20
6709 7923 1 5 24 O 30
4727 4733 2 25 138 O 20
4733 4728 2 27 145 O 10
4730 4731 2 9 48 O 10
4732 4733 2 29 161 M 30
6156 8230 2 4 19 M 30
8230 8228 2 4 22 M 20
8228 8222 2 4 18 O 10
8222 6155 2 1 4 O 20
6155 8220 2 1 4 O 20
8220 8224 2 8 40 O 10
8224 8226 2 4 17 O 20
8226 8202 2 5 25 M 30
8202 2159 2 1 5 O 20
5359 4586 2 9 48 O 20
4586 6627 2 10 50 O 30
6627 4592 2 10 54 O 30
4592 435 2 3 14 O 20
435 4591 2 21 114 O 30
4591 4587 2 54 298 O 30
4587 6520 2 7 37 O 30
4587 5791 2 21 111 O 20
4787 612 2 14 74 O 20
612 4792 2 14 76 O 10
4787 4486 2 17 92 O 30
4486 5629 2 6 32 M 20
5629 4788 2 18 98 O 20
4788 4790 2 29 161 O 30
5629 4789 2 28 151 O 10
4789 4790 2 37 203 M 30
4790 4791 2 13 68 O 30
4241 602 2 8 41 O 30
602 5636 2 8 43 O 30
4793 4794 2 20 111 M 10
4794 4795 2 21 113 O 10
4795 3317 2 19 103 O 20
123 5278 1 86 477 O 10
4794 7221 2 38 209 O 10
7221 6694 2 4 17 O 10
4796 4795 2 13 71 M 20
3872 4814 2 9 49 O 10
4814 2902 2 18 96 O 20
2902 426 2 13 72 O 10
2899 2895 1 5 25 O 10
4799 4806 2 11 60 O 10
4806 3859 2 19 101 M 20
3859 3858 2 1 4 O 30
3858 4805 2 18 97 O 10
2896 4800 2 63 349 O 30
4800 5199 2 48 263 O 30
5199 4801 2 11 60 M 30
4797 5201 2 99 546 O 20
5201 5200 2 18 100 O 10
5200 5197 2 32 176 O 10
5197 6958 2 23 126 O 20
6958 5255 2 6 31 O 30
5255 3666 2 16 85 M 10
3666 6956 2 2 9 O 30
3672 4507 2 55 304 O 30
4507 4509 2 65 361 O 30
4509 2901 2 63 345 O 10
2894 4802 2 10 54 O 30
4802 4809 2 25 136 O 20
4809 4810 2 15 79 O 20
4810 3874 2 16 85 O 10
3874 4803 2 30 166 O 20
5209 4454 2 55 305 O 10
4454 4820 2 16 83 M 30
4820 4508 2 50 275 O 20
4508 3675 2 53 292 O 20
4804 4821 2 15 83 O 20
4821 3848 2 101 559 O 30
3848 6950 2 2 9 O 30
4805 3850 2 115 635 O 30
4806 8297 2 108 596 O 30
8297 3854 2 5 23 O 20
4807 4822 2 16 87 O 30
4822 3867 2 13 71 O 20
4810 4811 2 40 221 M 20
3875 4817 2 23 124 O 30
4817 2902 2 10 51 O 30
4812 522 2 3 15 O 20
522 528 2 3 12 O 10
528 530 2 18 95 O 10
530 532 2 16 88 O 20
532 534 2 7 38 O 10
534 7086 2 15 81 O 10
7086 7094 2 26 142 O 30
7094 7090 2 3 0 C 0
7090 536 2 13 0 C 0
536 537 2 16 0 C 0
537 152 2 3 0 C 0
4799 7087 2 22 121 O 10
7087 7093 2 26 143 O 30
7093 8298 2 59 326 M 30
615 4816 2 39 214 O 30
4816 425 2 8 41 O 10
2913 4813 1 22 117 O 20
4813 3869 1 9 45 O 30
4814 3873 2 16 85 O 20
2930 1552 2 40 222 O 10
1552 4815 2 18 95 O 10
4817 4818 2 27 149 O 30
1248 2376 2 38 210 M 10
2909 2929 2 21 116 O 30
2929 2907 2 15 78 O 10
2907 2936 2 21 112 O 10
2929 2911 2 38 206 M 10
4820 4821 2 19 100 M 20
4822 4823 2 23 124 O 30
4824 4825 2 3 14 O 20
4828 4239 2 47 260 O 20
4829 2314 2 10 51 O 20
4830 3678 2 5 25 O 20
1846 6121 2 7 35 O 10
6121 5414 2 6 33 O 10
4161 6112 2 14 74 M 10
4852 7696 2 8 41 M 20
7696 7697 2 2 8 O 30
7697 7693 2 2 6 O 20
7693 7694 2 4 21 M 10
7694 4853 2 2 10 O 10
2243 1498 2 21 0 C 0
1498 2244 2 3 0 C 0
3707 4897 2 20 108 M 10
4897 3712 2 51 281 O 10
3712 4898 2 8 43 O 20
4898 3715 2 9 49 M 10
4898 4899 2 20 109 O 30
5218 6047 2 6 32 O 20
6047 3367 2 1 5 O 10
3367 4936 2 9 49 O 30
4936 5346 2 29 158 O 10
5346 3349 2 21 116 O 10
3349 4920 2 19 101 O 30
4920 6157 2 10 52 O 10
6157 3724 2 9 46 M 30
3724 4909 2 2 7 O 20
4909 4908 2 16 87 O 30
4908 4905 2 17 91 O 30
4905 6475 2 33 179 O 20
6475 4900 2 18 98 O 20
4906 4903 2 52 284 M 20
4903 4907 2 22 118 O 30
4908 4911 2 50 273 O 30
1378 4914 2 20 106 O 10
4917 1624 2 9 49 O 10
1624 4916 2 11 58 O 20
3349 4938 2 19 101 O 10
4938 4921 2 16 87 O 20
4921 4925 2 15 83 M 30
4925 4924 2 6 30 M 10
4924 4927 2 14 76 O 20
4918 4919 2 31 171 O 20
4919 4913 2 3 16 O 20
4918 4923 2 21 114 O 30
4923 4922 2 39 215 O 30
4922 4920 2 12 66 O 10
4921 4922 2 37 201 O 20
4923 4924 2 29 159 O 20
4925 4928 2 14 73 O 30
4928 4937 2 19 101 O 20
4937 4462 2 10 53 O 20
4462 4926 2 8 44 O 10
4928 4929 2 34 185 O 20
4929 5346 2 20 106 O 30
5346 4934 2 19 102 O 10
4934 4930 2 20 108 O 30
4930 4931 2 6 33 O 10
4930 4932 2 28 151 M 10
4934 4933 2 28 150 O 30
4933 3365 2 11 56 O 20
4936 4937 2 53 289 O 10
4929 4938 2 22 118 M 20
4939 6984 2 16 86 M 30
6986 4940 2 21 115 O 30
4940 4941 2 44 239 O 20
4941 4942 2 22 119 O 10
4941 6987 2 19 100 O 20
4943 4944 2 60 329 M 30
4943 4945 2 25 134 O 20
4945 2322 2 18 98 O 20
4945 4946 2 41 225 O 20
4947 4944 2 20 109 O 20
4944 0 2 14 76 M 20
0 27 2 12 61 O 30
27 4949 2 12 66 O 20
4949 4950 2 10 53 O 20
4950 4951 2 18 98 O 30
4950 4952 2 72 400 M 10
6070 4948 2 7 36 O 20
4953 4955 2 62 340 O 30
4956 4957 2 20 109 O 10
4957 4958 2 21 116 O 10
4958 3206 2 21 113 O 10
697 4958 2 40 221 M 20
3195 3213 2 19 101 O 30
3213 3207 2 8 39 O 30
3207 3216 2 25 138 M 30
3216 3208 2 8 39 O 10
3208 4959 2 12 63 O 30
3207 3203 2 16 85 O 10
3216 5553 2 8 40 O 20
3213 3205 2 18 95 O 20
3205 3183 2 19 105 O 10
3205 3209 2 42 230 O 30
3209 3194 2 17 90 M 20
3209 3208 2 21 114 O 30
6798 6797 2 3 0 C 0
3191 4961 1 13 68 O 20
817 4962 2 6 0 C 0
5265 4965 2 22 118 M 30
4966 3193 2 53 289 O 30
3189 3202 2 26 142 M 10
5888 4972 2 22 119 O 20
1385 5013 2 16 84 O 30
4986 4987 2 43 234 O 30
4987 4988 2 54 296 O 10
4988 4989 2 17 90 O 30
4988 4991 2 39 215 O 30
4964 5004 2 14 73 O 10
5004 5002 2 49 269 O 20
5002 4990 2 31 168 M 10
4990 4991 2 18 96 M 10
4991 4993 2 15 83 O 20
4994 4993 2 6 32 M 20
4993 4995 2 6 28 M 20
4992 4996 2 17 92 O 30
4996 4987 2 18 98 O 20
4996 4997 2 10 50 O 20
4969 5000 2 27 145 O 20
5000 4998 2 80 439 M 10
4967 4998 2 60 329 O 10
4998 4999 2 18 98 O 10
5000 5001 2 20 109 O 30
5002 5003 2 44 240 O 10
5003 5004 2 29 159 O 30
5003 5005 2 26 143 O 30
5006 5007 2 12 63 M 30
5008 3364 2 27 0 C 0
3364 5009 2 21 0 C 0
5009 5010 2 13 69 O 30
5012 5550 2 20 111 O 10
5550 5011 2 47 258 O 30
5876 5016 2 59 324 M 10
5016 5017 2 19 103 O 20
5017 5018 2 50 277 O 10
5015 5019 2 42 233 O 10
5019 5021 2 8 43 O 30
5019 5016 2 49 272 M 30
5021 5022 2 18 100 M 20
5022 4981 2 18 97 O 30
5014 5022 2 65 361 O 10
4978 5023 2 43 235 O 20
5023 5024 2 19 105 O 30
5020 5025 2 38 207 O 30
4977 5023 2 42 232 M 30
4976 5026 2 18 97 O 20
5026 5024 2 41 225 O 30
5024 5027 2 18 97 O 20
5027 5886 2 44 244 O 20
7238 5029 2 12 64 O 10
5027 5037 2 19 103 O 30
5037 5035 2 20 107 O 20
5035 4980 2 22 118 O 30
5035 5036 2 51 280 O 30
5037 5033 2 40 221 M 10
4973 2142 1 29 156 O 20
2142 5038 1 9 45 O 10
5039 2095 2 33 181 O 20
2095 5040 2 4 21 O 20
5041 5042 2 17 92 O 30
5042 4975 2 18 94 O 20
5042 5043 2 28 155 O 10
4974 3699 2 18 96 O 20
3699 5044 2 26 144 O 10
5044 3677 2 22 121 O 30
5044 5048 2 21 115 O 10
5048 5046 2 19 103 O 10
5046 5045 2 22 121 O 30
5046 5047 2 59 328 O 30
5047 2105 2 2 8 O 20
2105 3699 2 18 95 O 30
5047 5048 2 35 191 O 10
4971 5049 2 46 254 O 20
4832 5050 2 34 184 M 10
7226 5101 2 27 149 M 30
5101 5078 2 11 61 O 20
5078 5105 2 14 78 O 30
5105 5076 2 15 79 M 30
5053 5349 2 11 56 O 20
5349 5083 2 38 208 O 20
5083 5077 2 15 81 M 20
5056 5058 2 9 49 O 10
5058 5059 2 17 92 O 30
5059 5060 2 59 325 M 20
5060 5061 2 18 94 M 20
5061 4831 2 11 57 O 10
5063 5057 2 31 172 O 20
5059 1049 2 23 124 O 30
1049 5060 2 53 293 O 10
5063 5062 2 98 541 O 10
5065 5064 2 29 157 O 20
5066 5069 2 38 209 M 20
5054 5350 2 12 61 O 10
5350 5070 2 26 139 O 30
5072 5073 2 20 107 M 10
5073 5350 2 38 206 O 20
1326 5073 2 35 192 O 30
5074 5075 2 24 129 O 30
5075 5067 2 15 80 O 30
5075 5351 2 16 86 O 30
5076 5081 2 51 279 O 10
5081 5077 2 19 104 M 20
5078 5079 2 44 241 O 20
5079 5555 2 12 62 O 30
5079 5080 2 13 67 M 20
5080 5081 2 16 88 O 30
5080 5082 2 9 47 O 30
5083 5084 2 21 112 O 30
5085 5086 2 47 256 O 30
5087 5103 2 28 155 O 10
5103 5098 2 19 104 M 30
5088 5090 2 23 123 O 20
4007 1324 2 6 33 O 20
1324 5108 2 4 21 O 10
5108 5092 2 21 113 M 30
5092 1154 2 15 78 O 10
1154 1147 2 3 11 O 30
1147 5095 2 3 13 M 10
5095 1151 2 3 16 O 20
1151 4541 2 13 68 O 30
5884 5097 2 9 45 M 10
5097 5093 2 24 133 M 20
5093 5096 2 12 65 M 10
5096 5092 2 18 96 O 20
5093 5095 2 50 275 M 10
5096 5097 2 68 374 M 20
5101 5100 2 9 48 O 30
5100 5102 2 19 102 O 20
5102 5099 2 21 116 O 10
5103 5102 2 59 323 O 30
5105 5104 2 13 69 O 10
5051 2056 2 19 105 M 20
2056 1634 2 15 83 O 30
1634 5348 2 25 135 O 20
5348 7702 2 9 49 O 10
5108 5107 2 8 43 O 30
5107 5106 2 13 68 O 10
5106 5273 2 46 250 O 10
5106 5109 2 62 341 O 10
4353 299 2 7 34 O 20
5111 5112 2 18 100 O 20
5112 6962 2 10 53 O 10
5113 5114 2 19 103 O 10
6982 6983 2 64 351 O 20
5116 5115 2 26 143 M 30
5117 5030 2 51 281 M 30
5119 5120 2 37 203 M 10
5872 5122 2 18 97 O 30
5123 4984 2 114 631 O 30
5125 5124 2 24 131 O 10
5128 5131 2 30 161 M 30
5132 5136 2 7 37 O 30
5136 5133 2 61 339 O 20
6032 5135 2 21 116 O 30
5134 5135 2 10 52 O 20
5135 5133 2 62 342 M 10
4500 4494 2 17 92 O 30
4494 5557 2 3 15 O 10
5557 4492 2 14 75 O 20
4492 36 2 12 62 O 30
3009 3032 2 42 231 O 20
3032 3019 2 15 81 M 30
3019 3051 2 69 380 M 10
3030 3023 2 22 122 O 10
3023 146 2 6 28 O 10
146 35 2 10 53 O 20
3020 5138 2 38 210 O 10
3019 3907 2 35 193 O 20
3221 3026 2 19 100 O 20
3026 3899 2 17 92 O 20
3899 3903 2 17 91 O 20
3903 4497 2 17 94 O 20
4497 3909 2 17 92 O 30
3909 3913 2 17 92 O 30
3913 5139 2 24 132 O 10
5140 3910 2 15 83 O 30
3910 3913 2 16 86 O 10
3913 5141 2 16 88 M 20
5141 3916 2 11 56 O 30
6484 8077 2 6 31 M 10
8077 8075 2 13 71 O 30
8075 6478 2 62 339 O 30
5156 5157 2 37 202 O 10
5157 7210 2 25 137 O 10
7210 7211 2 14 76 O 30
5158 5159 2 24 129 O 20
5160 5376 2 25 134 O 30
5376 5161 2 10 50 O 20
4833 6336 2 22 119 M 30
5163 5164 2 33 179 O 10
5164 5412 2 18 97 M 30
5168 5164 2 17 92 O 30
5164 5166 2 18 97 O 10
5166 3253 2 17 89 M 30
5199 5200 2 20 108 O 10
5201 5202 2 27 147 M 10
7014 2917 1 6 31 O 30
5203 781 2 47 259 O 20
5204 779 2 46 254 M 30
2920 777 2 45 247 O 10
2927 773 2 45 245 M 30
5205 1484 2 24 128 M 20
1484 1485 2 12 63 O 10
1485 2140 2 8 39 O 10
2140 5515 2 9 48 O 10
5515 1880 2 16 86 M 20
1880 2139 2 4 20 O 20
2139 2138 2 16 84 O 20
2138 6944 2 56 308 M 20
6944 8399 2 6 30 O 20
137 139 2 20 110 O 30
139 6927 2 3 12 M 20
6927 5206 2 9 48 O 30
3654 3236 2 2 10 O 20
5206 5207 2 20 107 O 30
5207 5208 2 20 106 O 10
5208 7216 2 24 128 O 10
7216 8530 2 8 41 M 10
4305 4489 2 9 0 C 0
4489 2891 2 5 0 C 0
2891 2889 2 17 0 C 0
1694 1553 1 16 89 O 20
5210 6932 1 22 117 O 20
6932 5211 1 11 57 O 20
1678 1688 1 7 35 O 20
1688 1692 1 18 97 O 10
1692 204 1 1 5 O 10
204 6130 1 14 76 M 10
2743 3061 1 23 124 O 30
3136 3119 2 42 229 O 30
3119 3143 2 41 227 O 10
2976 8425 2 10 55 O 10
5284 4304 2 31 0 C 0
1677 1697 2 6 28 O 10
3410 3413 2 25 0 C 0
3413 3428 2 38 0 C 0
3428 7384 2 4 0 C 0
7384 3421 2 10 0 C 0
3421 3425 2 13 0 C 0
3425 3424 2 13 69 O 10
5368 5705 2 2 0 C 0
2528 7257 2 4 19 O 10
7257 5404 2 17 93 O 30
5713 729 2 70 0 C 0
3834 2580 2 59 326 O 30
5712 3827 2 70 0 C 0
5711 3842 2 69 0 C 0
5710 2541 2 67 371 O 20
5709 2506 2 69 378 O 20
5708 4452 2 69 379 M 10
5714 3835 2 72 0 C 0
2508 5297 2 43 235 O 30
5297 5298 2 37 205 O 20
2500 2589 2 15 81 O 30
2589 5306 2 15 81 O 10
5306 5308 2 15 79 M 30
5308 5300 2 16 84 O 30
5303 5304 2 16 84 O 10
5304 2520 2 15 83 O 20
2520 2589 2 17 90 M 10
2589 2533 2 26 143 O 20
5306 5307 2 26 142 O 20
5308 5309 2 26 142 O 20
5310 5298 2 23 124 O 30
5312 5313 2 37 204 M 20
5313 2600 2 44 244 M 10
5314 5315 2 37 205 O 10
5315 2498 2 44 244 O 20
3967 2540 2 21 112 O 20
2568 3822 2 22 122 O 20
3822 5317 2 23 123 O 10
5317 5318 2 66 364 O 30
4102 5321 2 25 135 O 10
5321 5323 2 21 112 O 10
5323 5322 2 10 55 O 10
5321 737 2 54 299 O 30
2417 4229 2 8 41 O 30
4229 6842 2 61 334 O 20
2324 3350 2 35 192 O 10
3350 4589 2 22 120 M 10
4589 4594 2 36 197 O 20
5572 2876 2 22 122 M 10
2831 2837 2 78 430 O 30
2701 2682 2 29 159 O 20
5326 2865 2 40 219 O 20
2846 5334 2 19 102 O 10
5334 5335 2 5 26 O 10
5335 5331 2 14 74 M 20
5331 5329 2 18 100 M 10
5329 2825 2 19 100 O 20
2774 7276 2 8 41 O 30
7276 2975 2 18 95 O 20
2818 2814 2 19 101 O 10
2814 2821 2 18 96 O 30
2749 2764 2 22 121 O 10
2787 2794 2 26 142 M 20
2794 2812 2 36 199 O 20
2798 2803 2 26 141 O 20
2803 2811 2 38 210 O 30
2811 2823 2 38 208 O 20
2780 2781 2 26 141 O 30
2781 2815 2 37 204 O 20
2795 2782 2 26 142 O 10
2782 2814 2 39 213 O 30
2814 4455 2 38 208 M 20
4455 4844 2 10 53 O 30
4844 5328 2 9 48 M 30
5328 5330 2 18 99 O 10
5330 5333 2 19 101 M 10
5333 4175 2 9 48 M 30
4175 2841 2 10 53 O 30
5328 5329 2 48 262 O 10
5329 2857 2 48 262 O 30
5330 5331 2 48 262 O 10
5331 5332 2 48 264 O 30
5333 5334 2 48 262 O 30
5335 2859 2 47 257 O 10
2853 5336 2 24 128 O 20
5336 71 2 50 273 O 20
2863 2680 2 73 401 O 10
2680 2687 2 61 337 O 10
2668 2689 2 17 89 O 20
2689 2664 2 14 78 O 20
2664 2698 2 5 23 M 30
2698 2687 2 11 60 O 30
2687 2691 2 20 110 O 20
2691 2702 2 8 44 O 10
2858 2681 2 35 190 O 20
2681 5338 2 22 117 O 10
5338 2697 2 17 94 M 30
2697 2707 2 21 112 O 10
2703 2691 2 62 339 O 20
5339 5340 2 7 36 M 20
5340 2740 2 75 416 O 10
2740 5342 2 35 190 M 30
5342 2667 2 38 211 O 30
5340 5341 2 19 102 O 30
2662 8400 2 10 51 O 20
8400 2704 2 43 238 O 20
2704 2698 2 9 48 M 30
2862 8401 2 10 51 O 10
8401 2717 2 43 238 O 10
2717 2689 2 9 48 O 10
2664 2997 2 18 98 O 20
2726 2720 2 29 157 O 20
2761 2791 2 40 219 M 30
2738 2975 2 42 229 O 10
3003 8412 2 33 182 O 20
8412 2973 2 7 37 O 10
2790 2995 2 41 227 O 10
2995 2982 2 41 225 O 20
3134 3131 2 36 196 O 30
3119 3131 2 21 112 O 10
3131 3133 2 21 112 O 10
3133 3144 2 10 52 O 10
3135 3133 2 12 63 O 30
3133 3145 2 14 76 M 20
2886 2885 2 26 141 O 20
2885 3594 2 12 61 O 10
2789 5853 2 10 0 C 0
2998 2879 2 22 119 O 10
4247 4255 2 26 139 M 20
4255 4235 2 27 150 M 30
4235 4234 2 6 29 O 20
4234 6044 2 6 32 M 20
6044 5598 2 4 21 O 20
4243 4244 2 58 321 O 10
4250 4251 2 11 59 O 30
4252 4256 2 24 129 O 20
4256 4253 2 25 139 O 30
4247 4246 2 49 271 O 20
4253 4254 2 31 169 O 30
4254 4255 2 23 125 O 10
4232 5344 2 39 214 O 30
5344 5597 2 8 44 O 10
5058 5063 2 15 80 O 10
5348 1726 2 10 55 O 20
1726 5349 2 15 82 O 30
5099 5098 2 94 517 O 10
5054 5055 2 61 337 O 20
5068 5067 2 39 214 M 20
5067 5066 2 12 65 O 10
5066 5352 2 17 90 O 20
5352 5070 2 6 31 O 20
5070 5065 2 8 41 O 20
5352 5353 2 12 64 O 20
6545 6539 2 7 36 O 30
6539 1956 2 32 174 O 10
1956 5088 2 77 426 O 20
5088 5274 2 17 93 O 20
5274 5089 2 19 103 O 30
4678 4677 2 23 124 O 30
4677 4675 2 24 133 M 10
4675 5243 2 22 119 O 30
3042 3046 2 3 13 O 10
3044 3042 2 15 79 O 20
2631 4163 1 7 38 O 20
2999 8415 2 9 46 M 20
8415 2996 2 1 4 M 10
2996 5860 2 10 53 O 20
3140 54 2 3 12 O 20
54 5859 2 4 18 M 30
2970 5227 2 13 67 O 10
5227 2992 2 34 187 O 30
2992 2993 2 23 124 O 30
2993 2983 2 8 43 O 10
3749 4460 2 19 105 O 30
4460 3748 2 19 105 O 10
3748 2885 2 20 108 O 30
2971 5867 2 12 63 O 10
3007 2991 2 23 126 O 10
2991 3743 2 23 127 O 30
2996 5864 2 6 31 M 20
3001 2985 2 10 51 O 30
2994 4724 2 12 63 O 20
4724 2993 2 12 63 O 30
2993 5225 2 12 61 O 30
5225 2876 2 12 65 O 10
2804 2800 2 21 116 O 20
2984 2981 2 42 231 O 10
2981 2978 2 37 203 O 30
2822 2873 2 79 438 O 10
2828 2874 2 80 440 O 10
2706 2665 2 20 106 O 10
2769 2808 2 36 200 O 10
2866 8471 2 10 50 O 20
8471 8401 2 10 50 O 20
8401 53 2 9 47 O 30
53 8400 2 10 53 O 30
2708 8472 2 8 40 O 20
8472 2717 2 9 50 O 30
2717 2713 2 9 48 O 20
2713 2704 2 10 52 O 20
8435 6133 2 38 207 O 20
5444 2648 2 27 150 O 30
2629 3601 1 26 139 O 20
3601 2615 1 23 127 M 10
2613 6319 2 27 145 O 30
6319 4204 2 10 55 O 10
2603 6418 1 10 51 O 30
6418 7533 1 17 94 O 30
7533 2623 1 3 13 O 10
2623 2606 1 10 51 O 20
2608 2645 2 10 55 M 20
2645 2641 2 8 41 O 20
2641 3608 2 11 59 O 10
3608 6419 2 9 45 M 30
2634 2640 2 7 34 M 10
2640 3621 2 12 63 O 20
3621 6415 2 12 61 O 10
2656 2609 1 38 209 O 20
2626 4203 1 24 133 O 20
4203 2613 1 9 45 M 20
2613 2610 1 18 97 O 30
5788 2641 2 32 176 M 20
2639 2602 1 43 234 O 30
2644 5787 2 30 166 O 30
5821 2644 2 10 53 O 30
2644 2655 2 9 50 O 30
3115 1178 2 13 70 O 20
1178 1182 2 11 60 M 10
1182 3089 2 2 8 O 30
6443 4165 2 3 14 O 10
4165 3652 2 13 71 O 30
3652 6445 2 13 69 O 10
6445 3653 2 20 108 M 30
3653 3650 2 13 70 O 10
3650 5690 2 7 34 O 30
5690 4162 2 16 84 O 20
5980 7648 2 22 121 O 20
7648 5418 2 21 112 M 10
541 542 2 2 11 M 30
3062 4499 2 14 72 M 20
4499 3048 2 13 71 O 10
3067 4499 2 44 241 O 10
3041 3171 2 22 122 O 20
3171 3179 2 23 124 M 10
3178 3916 2 14 74 O 20
3916 3174 2 5 25 O 20
3174 3912 2 13 67 O 20
3177 3174 2 24 133 O 20
3173 3178 2 25 137 O 30
3162 3152 2 20 110 M 10
3152 3149 2 20 109 O 30
3149 3157 2 21 112 O 10
3157 3166 2 20 111 M 30
3166 6460 2 21 114 O 30
6460 1372 2 3 12 O 10
4446 6715 1 46 252 O 10
3767 4136 2 18 0 C 0
2965 2957 2 20 108 O 10
2957 2962 2 22 120 M 30
2962 715 2 33 182 M 30
715 2956 2 22 119 M 20
2956 2964 2 19 100 O 20
5394 2955 2 54 299 O 20
2954 3990 2 5 26 O 30
3990 3988 2 11 56 O 20
2957 2951 2 60 330 O 10
3837 4131 2 15 80 O 20
2041 4156 2 4 0 C 0
2526 2509 2 10 55 O 30
2509 3453 2 16 85 O 20
3453 3801 2 7 39 O 10
3801 3759 2 23 127 O 30
2553 2599 2 23 127 O 10
2527 1039 1 10 51 O 10
1039 1038 1 4 19 O 10
1038 3761 1 5 25 M 10
2525 5398 2 9 45 M 30
2551 2533 2 11 57 O 10
2494 1359 2 3 13 O 20
2512 578 2 8 44 O 30
578 3938 2 16 88 O 20
2503 2587 2 5 23 O 20
2587 5361 2 7 37 M 20
5361 5363 2 7 33 O 30
5341 3917 2 11 57 M 10
3917 2757 2 65 358 O 30
2757 5343 2 35 189 O 20
5343 2672 2 39 212 O 20
2672 888 2 39 211 M 30
888 2737 2 5 26 O 30
4562 4563 2 55 304 M 30
6566 6565 1 2 6 O 10
6565 6564 1 3 13 M 30
6564 6963 1 2 11 O 10
6963 6566 1 2 9 O 10
5433 7939 1 9 47 M 30
7939 6045 1 4 17 O 10
6045 5432 1 13 70 O 10
5434 5435 2 18 96 O 30
5435 5436 2 18 99 O 30
5436 6647 2 8 39 O 20
5435 6573 2 26 143 O 30
6573 5436 2 31 170 O 20
5437 7235 1 19 104 M 10
7235 7234 1 2 7 O 30
5431 5438 2 22 118 O 10
7710 7846 2 6 32 M 20
7846 1103 2 4 22 O 10
1103 5126 2 1 3 M 30
7437 6892 2 43 234 M 30
6892 6893 2 47 256 M 10
3729 6733 1 15 79 M 10
3696 6477 2 132 728 O 10
3123 3137 2 36 0 C 0
3147 3118 2 20 0 C 0
3118 3137 2 20 0 C 0
3122 3120 2 19 0 C 0
3120 3139 2 17 0 C 0
3142 3129 2 44 0 C 0
3102 3114 1 3 13 O 10
3620 6885 1 1 2 O 10
6885 2601 1 9 45 M 30
5595 5345 2 8 44 O 20
5596 5347 2 9 45 M 10
5347 4827 2 42 228 O 10
4827 4233 2 20 108 M 20
4233 4826 2 23 0 C 0
5598 5218 2 2 11 O 20
5599 5432 2 4 19 O 30
5432 6043 2 2 6 O 20
6043 5433 2 2 9 O 20
5433 4239 2 8 40 O 30
4239 4237 2 9 48 M 20
4237 4249 2 50 273 O 30
4249 638 2 8 42 O 30
638 4248 2 13 70 O 10
4248 4240 2 39 212 O 30
4240 4241 2 15 79 O 10
5601 3357 2 8 41 M 20
3357 4575 2 40 221 O 30
5602 3352 2 8 42 O 30
2398 7031 2 11 59 O 20
7031 8381 2 9 49 O 20
8381 6200 2 42 231 O 20
7938 7937 1 5 26 O 20
6708 8279 2 1 5 O 10
8279 8275 2 6 31 O 10
8275 8284 2 11 56 O 20
8284 4729 2 1 5 O 30
4729 8286 2 2 11 O 20
8286 8288 2 9 45 O 30
8288 6107 2 24 133 O 10
5609 8042 2 5 26 O 10
8042 8045 2 34 188 O 30
8045 8047 2 14 76 M 20
8047 6930 2 16 88 O 30
2164 6342 2 21 114 M 10
6342 4309 2 52 283 M 10
4309 7260 2 26 142 O 10
6744 6751 2 2 9 O 10
5621 2064 2 20 0 C 0
2071 2254 2 34 0 C 0
294 3059 2 24 131 O 20
2986 7278 2 30 164 O 10
7278 2774 2 12 63 O 10
3215 3199 1 28 155 O 30
789 2924 2 7 37 O 10
7013 7014 2 6 29 M 30
2907 2910 2 26 143 O 20
2915 775 2 44 239 O 30
2898 2901 2 6 32 O 20
2901 2900 2 18 95 O 30
4809 3875 2 30 167 O 10
3875 882 2 28 155 O 20
8532 2903 1 15 80 O 30
2890 486 1 2 8 O 10
486 2895 1 7 38 O 30
885 480 1 7 37 O 20
480 482 1 2 6 O 20
482 484 1 2 10 O 10
484 2890 1 1 3 O 30
2890 2899 1 8 42 O 20
2916 2922 2 9 49 O 20
2922 2905 2 9 48 O 10
2905 2930 2 2 7 O 10
2930 2944 2 14 75 M 30
2944 2066 2 5 24 O 10
2066 2928 2 8 43 M 30
6732 2354 1 17 94 O 20
3328 2174 2 19 103 O 30
2174 2173 2 18 96 O 20
6077 6078 2 12 63 O 10
2233 4263 2 33 181 O 30
2318 824 2 2 10 O 10
824 6645 2 4 18 M 30
5901 8114 1 12 62 O 10
8114 8116 1 3 15 M 30
8116 5906 1 3 16 O 10
5906 8119 1 6 33 O 30
8119 8120 1 4 20 O 30
8120 8123 1 9 46 O 10
8123 6933 1 3 15 O 10
6933 8107 1 7 36 O 20
8107 8108 1 2 9 O 20
8108 8103 1 17 91 O 30
8103 8105 1 2 6 M 10
8105 8100 1 15 83 O 20
8100 8099 1 2 7 M 20
8099 5907 1 3 16 O 30
5907 251 1 20 108 O 30
251 7487 1 1 4 O 30
7487 6953 1 12 65 O 30
6953 6955 1 11 61 M 30
6955 211 1 36 196 M 20
211 210 1 7 35 O 10
210 240 1 8 41 M 10
240 799 1 8 41 M 10
799 236 1 5 26 O 20
236 231 1 11 58 O 10
231 229 1 2 6 O 20
229 4180 1 16 84 O 20
4180 230 1 5 24 O 10
230 241 1 4 19 O 10
241 4179 1 5 27 O 20
4179 233 1 3 16 O 20
233 237 1 12 64 O 20
237 235 1 11 60 O 30
235 239 1 2 8 O 30
239 7460 1 6 32 O 10
7460 6954 1 44 241 O 30
6954 3681 1 11 60 O 20
3681 250 1 9 47 O 30
250 3683 1 15 79 O 10
8524 6120 1 6 32 O 30
6121 8524 1 5 26 M 10
5380 8524 1 6 28 O 20
2851 2864 2 26 143 M 10
2707 2674 2 19 103 O 10
2674 2694 2 11 58 M 20
2674 2688 2 41 225 O 20
2693 2688 2 8 42 O 30
2688 2715 2 8 42 O 10
2711 2746 2 18 99 O 10
1054 1610 2 22 118 O 10
2767 6395 2 43 238 O 10
64 2673 2 9 49 O 30
2753 2748 1 8 41 O 10
84 2765 2 24 128 O 30
82 2786 2 21 111 O 30
2786 2761 2 7 36 O 10
2761 2766 2 37 205 O 10
2736 2723 2 14 74 M 30
3169 2673 1 57 313 M 20
6157 6158 2 19 102 O 30
5492 2631 2 9 46 O 10
3123 1569 2 19 0 C 0
3139 3146 2 19 0 C 0
3146 3142 2 19 0 C 0
6254 4852 2 4 22 O 10
4852 7770 2 3 11 O 30
7770 7700 2 5 24 M 20
7700 7773 2 4 18 O 30
7773 7772 2 2 7 O 30
7772 7778 2 2 6 O 30
7778 7777 2 2 6 O 10
7777 7780 2 2 7 O 20
7780 7707 2 4 19 O 20
7707 6349 2 3 14 O 20
6246 7764 2 6 29 O 30
7764 7763 2 7 35 O 20
7763 4877 2 12 62 M 20
4877 4859 2 5 24 O 20
4859 5611 2 5 26 O 10
6129 6101 2 4 21 O 10
6164 6165 2 9 47 M 10
6519 4178 2 9 49 O 20
5137 5775 2 17 93 O 10
5775 6519 2 8 42 O 30
6519 2418 2 17 93 O 30
8482 2489 2 19 0 C 0
2489 2463 2 24 0 C 0
4529 2469 2 16 83 O 30
2469 2457 2 20 108 O 30
2457 4048 2 18 99 O 30
4048 2473 2 24 131 O 30
5299 5310 2 6 30 M 10
5314 5311 2 17 92 M 20
2499 3468 2 12 64 O 30
3468 1960 2 8 44 O 20
1960 5311 2 3 17 M 20
5311 3451 2 4 19 M 10
3451 727 2 27 145 O 10
6349 7782 2 8 41 O 20
7782 7785 2 2 11 O 10
7785 5612 2 7 34 O 20
5925 822 1 4 22 O 10
2947 2948 2 17 90 O 20
2948 2946 2 7 37 O 10
2963 2947 2 16 84 O 10
6351 330 2 15 80 O 10
330 6196 2 8 42 O 10
6196 6851 2 3 16 O 10
6851 339 2 5 22 O 30
339 6010 2 11 58 M 10
6010 6247 2 20 111 M 20
6248 8217 2 6 30 O 10
8217 2153 2 16 86 O 20
2153 8203 2 17 92 O 20
8203 6517 2 2 7 O 30
6517 2400 2 40 219 M 30
2498 5296 2 15 81 O 20
5397 5296 2 10 53 O 20
5296 3782 2 9 48 O 30
5300 5301 2 6 32 O 10
2593 5305 2 14 76 O 20
5305 5302 2 16 84 O 20
2569 5297 2 15 79 O 10
5315 724 2 14 75 M 10
6365 8241 2 6 29 O 30
8241 6366 2 3 14 O 10
6366 8242 2 7 33 O 10
8242 6367 2 3 13 O 20
4308 368 2 3 0 C 0
2127 2516 2 41 226 O 30
2517 2579 2 13 71 O 10
2579 4329 2 4 18 O 30
2505 2126 2 39 211 M 30
2888 5284 2 21 0 C 0
5284 5210 2 4 17 O 30
5210 1101 2 6 28 M 10
1101 6931 2 4 21 O 10
6931 1679 2 5 27 O 20
6623 6074 1 14 0 C 0
6624 6081 1 43 0 C 0
5734 2420 1 14 77 M 10
6699 7085 1 17 93 M 30
7085 8355 1 6 33 M 30
2669 2666 1 5 23 O 20
2666 887 1 9 49 O 30
2481 2464 2 15 0 C 0
2464 2474 2 20 0 C 0
2474 2476 2 20 0 C 0
2476 4527 2 14 0 C 0
2452 2480 2 7 0 C 0
2480 2459 2 15 0 C 0
5969 6630 1 6 28 O 20
6631 458 2 1 4 O 30
458 6632 2 8 44 O 20
6634 6635 1 8 44 O 10
6635 6636 1 8 44 O 20
6233 816 2 33 181 O 30
816 6636 2 5 23 O 10
6636 5916 2 8 43 O 30
6633 7408 2 16 86 O 10
7408 7407 2 2 11 M 30
7407 7404 2 8 39 O 20
7404 6632 2 3 11 O 20
6632 456 2 4 22 M 10
456 457 2 6 29 O 20
457 6630 2 7 34 M 30
6637 1015 2 11 58 O 10
1015 6635 2 27 145 O 20
1459 5254 2 11 56 O 10
5254 5818 2 21 112 O 10
5818 1721 2 5 24 O 10
1721 4016 2 38 209 M 20
6524 755 1 13 69 O 10
4339 1047 2 20 106 O 10
1064 5420 2 18 97 M 30
5420 6641 2 9 48 O 20
6641 5421 2 4 19 M 20
3303 3304 1 8 39 M 20
6639 6641 2 40 218 O 20
7518 6643 2 30 163 O 20
5924 6644 2 13 69 O 30
4338 306 1 23 125 O 10
4561 6648 2 86 474 M 10
2731 2670 2 27 146 M 20
75 3172 2 8 42 O 10
5704 1421 1 6 32 O 20
5565 3947 1 24 132 M 30
1422 1998 1 26 0 C 0
8529 6168 2 37 201 O 10
6669 6670 1 7 35 M 10
6670 6013 1 22 118 O 30
6672 5378 1 7 38 M 10
5378 910 1 10 55 O 10
6023 3288 1 2 8 O 10
6024 3228 1 4 17 O 10
3228 4609 1 5 25 M 30
4609 1133 1 2 7 O 10
6022 6024 1 5 26 M 10
5881 4220 1 2 11 O 20
4220 1119 1 6 29 M 10
6691 6692 1 6 30 M 20
6692 6690 1 18 99 O 20
6690 3246 1 12 62 O 10
6679 6693 1 9 49 O 20
6680 7147 1 2 8 O 30
7147 6681 1 17 94 O 20
3269 6712 1 56 308 O 10
6712 6697 1 93 514 O 20
7482 5489 1 32 174 M 30
5547 3646 1 9 49 O 20
5547 6699 1 12 63 O 30
6701 1193 1 4 18 O 20
1193 6703 1 13 71 O 20
6703 6702 1 19 100 M 30
5282 6706 1 15 0 C 0
2588 5857 2 9 46 O 10
745 3957 2 10 51 O 30
3957 740 2 15 82 O 30
2564 2583 2 4 0 C 0
2448 5457 2 31 0 C 0
5457 5476 2 21 0 C 0
5476 2443 2 15 0 C 0
2443 6537 2 20 0 C 0
2558 3810 2 11 58 O 30
3810 3820 2 33 179 O 20
3820 3841 2 12 63 O 10
1574 3943 2 16 84 O 10
3943 3448 2 12 66 O 10
3448 1016 2 12 61 M 10
1233 4102 2 18 0 C 0
4102 3762 2 5 0 C 0
3762 3799 2 24 0 C 0
3799 1024 2 8 42 O 30
6781 6091 1 65 357 O 20
121 5686 1 26 141 O 10
5522 681 1 3 13 O 10
681 5445 1 18 99 M 30
6093 4433 1 45 247 O 20
4433 4436 1 77 423 O 20
7152 2215 2 20 109 O 30
6754 6743 1 19 101 O 30
6786 4433 1 67 369 O 10
6769 1380 1 13 69 O 30
5220 6764 1 8 42 M 30
6092 6789 1 10 54 O 20
6092 6783 1 8 44 O 20
6766 6769 1 10 52 O 10
6787 6786 1 9 47 O 20
6787 6776 1 8 44 O 20
5801 3339 1 23 123 M 10
3339 4606 1 64 352 O 30
4606 5802 1 28 153 O 30
6783 6784 1 3 16 M 30
6784 6789 1 5 26 M 10
6766 6775 1 9 49 O 20
6773 6781 1 6 32 O 20
6782 6774 1 6 32 O 10
6767 6780 1 9 45 O 20
6768 6770 1 12 62 O 20
6787 6779 1 9 45 O 10
6771 6785 1 4 19 O 20
2735 2799 2 54 298 O 20
2752 2745 2 21 114 O 30
2820 2811 2 18 97 O 20
2811 2816 2 17 93 O 20
2826 2817 2 37 201 O 20
2751 2747 2 21 113 O 20
2733 2728 2 54 298 O 30
2750 2721 2 20 106 M 30
2967 2719 2 45 248 O 10
79 2723 2 9 46 O 30
2723 1095 2 7 35 O 20
2705 2742 2 45 246 O 30
3200 3187 2 16 86 O 30
2855 2858 2 29 156 O 20
2858 2763 2 19 101 O 30
2830 2841 2 17 89 O 30
2841 2844 2 30 162 O 10
2844 2846 2 18 100 O 30
2846 2835 2 8 41 M 30
2835 2832 2 11 60 O 30
2832 5451 2 19 100 M 20
5451 2848 2 11 56 O 20
2813 2819 2 36 200 O 20
2776 2773 2 37 204 O 20
2824 2788 2 17 90 M 30
2805 2806 2 19 100 O 20
2847 2849 2 17 93 O 20
2849 2850 2 2 10 M 20
2850 2706 2 17 90 O 20
2706 2712 2 19 100 M 20
2712 2699 2 2 8 O 10
2699 2675 2 16 85 O 20
8477 3526 1 2 8 O 30
3526 8473 1 3 11 O 10
8473 8474 1 1 5 O 10
8474 8475 1 2 10 O 20
8475 8476 1 2 8 M 20
8476 8477 1 1 4 O 20
6256 8295 2 14 77 M 30
2552 634 2 6 33 O 20
634 2559 2 10 53 O 10
2515 587 2 10 54 O 20
587 2596 2 7 35 O 30
2565 2495 2 19 101 O 20
2581 2600 2 9 45 O 20
2600 2498 2 15 82 O 30
3127 3005 2 41 223 M 20
3005 5861 2 33 181 O 30
3071 4504 2 35 194 O 10
4504 3075 2 14 74 O 10
3068 446 2 8 44 O 20
446 444 2 7 37 O 10
444 448 2 8 39 M 10
448 452 2 5 23 O 20
452 3072 2 23 123 O 20
3056 1609 2 27 147 O 20
2683 2685 2 37 202 O 10
2685 2763 2 35 191 O 10
2871 2862 2 17 94 O 10
2862 71 2 11 60 O 10
71 2662 2 8 40 O 30
2662 2680 2 11 61 O 30
2680 2703 2 18 99 O 20
2703 2686 2 10 54 O 10
2861 2866 2 8 44 O 20
2866 2806 2 29 157 O 10
2806 2708 2 15 83 M 20
2708 2668 2 9 47 O 10
2668 2854 2 18 99 O 30
2716 2672 2 17 91 O 30
2672 2667 2 19 101 O 30
2667 2722 2 13 69 O 30
3040 2062 2 13 69 O 20
2062 2060 2 6 29 O 10
2060 3041 2 10 53 O 20
3041 3012 2 23 126 M 20
3036 3035 2 24 128 O 30
3039 3048 2 10 50 O 10
3048 3066 2 41 223 O 10
3022 3053 2 50 275 M 10
3070 6280 2 23 123 O 20
3057 3055 2 23 128 O 10
3063 442 2 7 34 O 20
442 3058 2 17 94 O 10
3008 3062 2 9 49 O 10
3062 3067 2 32 174 O 30
3067 3060 2 9 49 O 20
3015 3033 2 22 121 O 10
5186 3047 2 24 128 O 20
2893 500 2 5 26 M 20
500 498 2 1 5 O 20
498 2903 2 9 47 O 30
2972 3006 2 24 131 O 10
3006 2991 2 20 106 M 30
2991 2877 2 19 105 O 30
2877 2880 2 20 110 O 20
2709 2697 2 28 153 M 10
2697 2684 2 17 92 O 10
2677 2694 2 19 105 O 10
2694 2676 2 40 218 O 10
1094 65 2 6 32 O 10
2727 57 2 11 60 M 30
2921 2919 2 43 238 O 20
2845 4455 2 18 95 O 20
4455 2817 2 19 104 O 20
2817 2823 2 19 103 M 20
2823 2825 2 10 53 O 30
2825 2819 2 10 50 O 10
2819 2769 2 20 106 M 10
2769 2869 2 18 98 O 20
2974 2995 2 22 119 O 10
2995 3005 2 23 124 M 10
2840 2834 2 19 103 O 30
2834 2818 2 18 97 O 30
2818 2822 2 2 6 O 30
2822 2828 2 15 83 O 30
2828 2785 2 23 125 O 30
2785 2829 2 19 104 M 10
2829 2796 2 7 37 M 20
2796 2989 2 20 108 O 10
2760 6396 2 9 49 O 30
6396 397 2 59 325 O 10
2784 2854 2 23 124 M 30
2854 2988 2 29 158 O 30
2777 2807 2 22 119 O 30
1220 2864 2 11 61 O 30
2864 5332 2 2 6 O 10
5332 2857 2 18 100 O 10
2857 5269 2 17 94 M 10
2872 2870 2 18 96 O 30
2870 2853 2 11 56 M 30
2853 2856 2 9 50 O 20
2856 2863 2 10 51 M 30
2863 2860 2 10 54 O 30
2860 2867 2 18 99 O 30
2987 2770 2 40 217 O 30
3175 2661 2 23 124 O 20
2714 2678 1 10 51 M 10
4685 3575 1 26 143 O 10
3575 4684 1 11 56 O 30
3153 3155 2 19 103 O 30
3155 3158 2 19 105 O 20
3038 1644 2 19 103 O 30
1644 1639 2 3 15 O 30
1639 3020 2 18 96 O 10
3020 1368 2 7 37 O 10
1368 1369 2 11 61 O 30
1369 1884 2 2 9 M 20
1884 3030 2 21 115 O 10
2560 752 2 5 24 O 10
752 2511 2 11 56 O 10
2511 5295 2 29 160 M 10
2548 8450 2 57 315 O 30
8450 1230 2 9 48 M 20
1230 8447 2 7 35 O 10
8447 8451 2 2 7 O 10
8451 2570 2 11 56 O 10
2562 2555 2 21 113 O 30
2535 2520 2 14 73 O 20
2520 2585 2 51 278 O 20
2510 2506 2 9 46 O 10
2506 2500 2 7 36 O 30
2500 4452 2 11 58 O 10
4452 2521 2 14 75 O 10
3021 144 2 23 125 M 30
3094 1745 2 36 198 O 10
1745 3107 2 4 17 O 20
3107 1746 2 1 4 O 20
1746 3156 2 40 217 O 10
3156 3162 2 40 221 O 30
3162 6455 2 25 136 O 30
3078 3105 2 39 213 O 20
3113 1729 2 9 47 O 20
1729 3104 2 11 59 O 10
3104 1736 2 10 51 M 30
1736 3080 2 11 57 O 10
3080 3077 2 30 166 O 20
1418 919 1 11 0 C 0
2471 6622 1 16 0 C 0
6898 4147 1 7 0 C 0
6760 7671 1 5 0 C 0
7968 7421 1 5 26 O 20
7421 7403 1 18 95 O 30
7403 7310 1 10 50 O 30
7310 912 1 10 55 O 10
6578 5657 1 11 58 O 10
5657 661 1 20 107 O 30
6905 6904 1 2 10 M 30
6912 6908 1 3 15 O 20
6911 6910 2 3 13 O 30
6909 6914 1 7 37 O 10
6912 5809 1 2 7 O 20
6913 6914 1 6 31 M 30
6911 6913 1 4 18 O 10
6913 6912 1 2 10 O 10
5613 6909 1 2 10 M 20
6916 6275 2 4 0 C 0
6275 5456 2 11 0 C 0
6917 4395 2 2 0 C 0
4332 3300 1 53 293 O 10
5062 5061 2 24 130 M 10
2537 2553 2 7 39 O 10
2553 5836 2 25 137 O 20
2802 2787 2 11 57 O 20
2787 2798 2 19 103 O 20
2798 2800 2 9 50 O 30
2800 2780 2 10 54 O 10
2780 2795 2 19 102 O 20
2795 2796 2 19 105 O 20
5324 6979 2 22 120 O 30
6979 3738 2 11 59 O 20
3738 8436 2 17 92 O 30
8436 8434 2 4 18 O 10
8434 8428 2 6 28 O 20
8428 8430 2 13 67 O 30
8430 2839 2 9 45 O 30
2838 2833 2 9 45 O 30
2833 2842 2 21 116 O 30
2842 2843 2 22 121 M 20
2843 4845 2 11 58 O 30
4845 2836 2 9 45 M 20
5324 3744 2 14 75 O 10
3744 3579 2 10 56 O 10
3579 3589 2 8 41 O 20
3589 3580 2 15 79 M 20
3580 3590 2 8 40 O 10
3590 3581 2 8 40 O 30
3581 2831 2 13 71 M 10
2831 3591 2 20 111 O 10
3591 3592 2 2 9 O 30
3592 2873 2 17 94 M 10
2873 2874 2 19 104 O 10
2874 2810 2 19 103 M 30
4785 6054 2 15 79 O 10
6054 7283 2 12 66 O 30
2663 2692 1 37 203 O 30
2778 2745 2 55 300 O 20
2792 2770 2 4 21 M 30
2770 2791 2 17 93 M 30
2791 2790 2 7 34 M 30
2790 3125 2 21 115 O 30
2771 2728 2 21 114 O 30
2728 2738 2 4 22 M 10
2738 2809 2 17 93 O 30
2783 2772 2 19 103 O 30
56 1093 2 20 111 M 20
2739 2737 2 30 163 O 20
2737 2741 2 37 205 M 10
5029 5115 2 16 85 O 30
5115 5030 2 17 93 O 20
5873 5032 2 30 164 M 10
5032 5033 2 19 103 M 10
5033 5036 2 18 98 O 10
5036 5034 2 17 89 M 10
2135 4983 2 15 79 O 20
5030 4123 2 16 88 O 10
7298 5797 2 8 43 O 10
5797 5794 2 11 57 M 30
4789 4788 2 12 66 O 20
4788 4792 2 13 68 M 30
5626 611 2 4 19 O 30
611 5633 2 6 31 O 20
5633 609 2 6 33 O 30
609 5631 2 6 32 O 30
7300 594 2 8 41 M 10
594 5642 2 7 38 O 10
38 7605 2 7 36 O 30
3024 37 2 23 125 O 20
7437 7366 2 17 92 O 10
6893 6896 2 20 110 M 10
2763 2757 2 19 100 M 10
2757 2740 2 19 100 O 30
2740 398 2 15 80 O 10
2657 2646 1 12 66 O 30
2611 2622 1 3 14 O 10
2622 2636 1 11 58 O 30
5487 3095 1 42 228 M 30
3095 6464 1 22 117 M 30
6464 6171 1 21 113 O 10
6171 267 1 15 79 M 30
5281 2348 1 23 126 O 20
6801 6354 1 26 139 O 30
7483 6799 1 18 99 O 10
705 4420 1 4 0 C 0
2976 2980 2 11 56 O 20
7501 5212 2 7 36 O 10
8426 8427 2 14 75 O 20
8428 8429 1 5 25 O 20
8429 7302 1 3 14 O 10
7302 8430 1 15 79 O 10
8431 8432 2 23 123 O 30
8433 8434 2 8 41 O 10
8436 8433 2 5 23 M 10
8433 8431 2 1 3 O 20
8431 8564 2 2 10 M 30
8564 8432 2 2 10 O 20
8437 8438 2 47 260 O 20
8439 8440 2 13 0 C 0
5310 5300 2 21 111 O 20
8444 8445 1 8 41 O 30
8446 8447 1 4 22 O 10
8444 8448 2 4 18 M 20
8448 8449 2 14 76 O 30
8449 8445 2 4 18 M 10
8445 8446 1 18 97 M 20
8446 8444 1 3 13 O 10
8448 8565 2 4 21 M 30
8565 8449 2 4 21 O 20
8450 8452 2 16 87 O 10
8451 8444 1 5 23 O 10
2491 2451 1 8 0 C 0
8470 7073 1 4 18 O 30
5526 7922 1 13 67 O 30
6915 6912 1 9 47 O 20
6777 6770 1 2 10 O 30
6775 7542 1 3 14 O 20
7542 6772 1 2 6 M 10
6778 6776 1 2 9 O 30
6785 6780 1 7 36 O 30
3 2 2 4 19 O 30
1749 2 2 36 196 O 20
2 1 2 3 13 O 30
7 18 2 2 8 M 30
18 6 2 25 138 M 10
31 7 1 5 27 O 10
7 28 1 13 68 O 20
27 5 2 9 45 O 20
4949 30 2 6 33 O 30
30 4 2 16 87 M 20
4 26 2 10 51 O 20
26 30 2 2 10 O 10
2602 2618 1 44 239 O 20
6082 6178 2 18 0 C 0
6178 6180 2 16 0 C 0
3972 6795 2 80 443 O 10
6795 1340 2 13 70 O 10
1340 5442 2 55 304 O 10
5442 3970 2 28 154 O 20
3970 8369 2 30 161 O 20
8369 5519 2 11 60 M 20
5519 5233 2 24 130 O 20
5233 5234 2 18 97 O 10
8493 6745 2 4 0 C 0
4 29 2 10 54 O 30
5531 5124 2 11 60 O 30
5124 4999 2 13 68 O 20
4999 4983 2 33 179 O 20
3254 3308 1 4 0 C 0
2959 2945 2 82 452 O 30
2946 2584 2 14 78 O 10
3816 3843 2 49 0 C 0
3843 2951 2 45 0 C 0
2951 2598 2 19 0 C 0
3124 7213 1 10 0 C 0
7213 7212 1 7 0 C 0
7212 3126 1 9 0 C 0
2950 5839 2 7 39 M 10
3074 3069 2 19 101 O 10
3059 3054 2 19 104 M 10
3164 3166 2 39 214 O 20
3166 3159 2 41 223 O 30
3161 3017 2 19 102 O 20
3017 3044 2 3 12 O 30
1671 4484 2 2 10 O 30
1799 6821 2 11 56 O 10
1792 1795 1 4 20 O 30
1795 1794 1 3 12 O 30
1794 1672 1 5 24 O 20
1672 1673 1 10 53 O 10
1672 1674 1 3 12 O 10
8506 3659 1 42 233 O 10
1675 1676 1 10 53 O 20
1694 1696 1 17 92 O 30
1696 1678 1 7 34 M 10
6134 1695 2 3 14 O 30
1682 1690 1 6 28 O 30
1686 1684 1 6 30 O 30
1695 5211 2 5 27 O 20
5286 1686 2 7 36 O 30
1677 5286 2 2 7 O 30
1700 1705 2 10 55 M 20
1696 1688 1 5 25 O 30
1698 1699 1 13 69 O 20
1700 1682 1 10 55 M 20
1701 8539 1 2 9 O 20
1699 1689 1 3 16 O 30
1679 1699 1 2 10 M 20
1680 1683 1 3 12 O 30
1693 1691 1 5 23 O 30
1683 1682 1 11 56 M 10
1685 1693 1 12 62 O 30
1684 8539 1 2 6 O 30
8539 1679 1 1 2 M 30
1701 1693 2 14 78 M 30
1684 1701 1 1 5 O 10
5211 1678 2 4 17 O 10
1699 1684 1 2 6 M 10
1689 1686 1 4 21 O 30
1702 1681 2 9 47 M 20
1703 1681 1 9 48 M 30
1690 1702 2 4 18 O 30
1705 1704 1 4 17 O 10
1704 8537 1 7 39 O 30
8537 8538 1 4 20 O 20
8538 1707 1 3 12 M 20
1707 8533 2 11 59 O 30
1706 1705 1 4 19 O 20
1706 8538 1 11 59 O 30
1690 1680 1 18 95 O 10
1703 1706 1 2 11 O 30
1681 1706 1 7 38 O 10
1707 1703 1 12 62 O 20
2234 2235 2 19 104 O 20
2237 2236 2 18 98 O 20
1692 2238 2 5 24 O 20
6230 7398 2 2 10 O 10
6544 6230 2 15 83 O 10
2490 2458 2 6 0 C 0
2458 2453 2 9 0 C 0
2453 6793 2 22 0 C 0
6793 2467 2 3 0 C 0
2034 1985 2 13 0 C 0
6797 3191 2 19 0 C 0
4290 3707 2 11 61 O 30
4290 4916 2 25 134 O 20
4916 4899 2 24 130 O 30
2319 6797 1 61 337 M 30
6798 819 1 41 223 O 20
819 2117 1 8 44 M 30
2323 6841 1 2 6 O 10
919 2462 1 35 0 C 0
2327 2197 2 14 76 O 20
8489 2328 2 26 0 C 0
4331 302 1 47 0 C 0
2336 3396 1 3 16 O 30
3281 2349 1 11 56 O 30
264 6739 1 12 66 O 20
6051 4185 1 16 0 C 0
4185 7676 1 20 0 C 0
2353 2352 1 10 51 O 10
2357 3729 1 14 74 M 10
3729 2360 1 19 100 O 30
757 3728 1 17 90 O 10
6167 2518 2 67 370 O 30
2361 3781 2 11 57 M 20
3781 5316 2 13 71 O 20
5316 3764 2 7 35 O 20
3764 3759 2 14 77 O 30
3759 3794 2 25 136 O 30
3794 5320 2 21 114 O 20
5320 7258 2 6 31 O 10
7258 2523 2 7 34 M 20
3919 3966 2 8 44 O 20
3782 5295 2 7 34 O 30
5295 2361 2 21 111 O 10
4284 860 2 5 25 O 30
860 4084 2 7 35 O 20
6184 2363 2 15 80 O 30
5725 2374 1 26 139 O 10
3293 3296 1 55 302 O 30
2374 2373 1 11 57 O 30
2372 8465 1 14 73 O 30
2373 3299 1 70 387 O 20
5595 5596 1 19 102 O 10
5596 1217 1 17 94 O 30
6729 2383 1 12 65 O 10
2386 3384 1 14 75 M 20
2390 2389 1 15 79 O 20
5731 4726 1 15 78 O 30
4726 2419 1 7 39 M 20
2401 2403 1 14 77 O 20
5218 4926 1 53 291 O 30
2316 2404 1 15 78 O 30
7926 2396 1 22 122 O 20
2405 2395 1 10 54 O 10
2408 6859 1 17 94 O 30
6859 932 1 19 101 O 20
4562 2440 2 14 74 M 10
2413 932 2 19 104 O 10
5358 2416 1 2 11 O 30
2403 5288 1 16 88 O 20
2421 7731 1 9 49 M 10
2430 8035 2 27 148 M 10
2425 99 2 19 106 O 10
6907 25 1 14 77 O 20
2433 2432 1 2 6 O 30
2428 2427 1 1 5 O 20
2427 2430 1 3 11 O 20
659 6359 2 8 44 O 10
6359 8476 2 11 56 O 30
2441 2442 2 42 229 O 20
2452 2454 1 3 0 C 0
2454 2485 1 2 0 C 0
2485 2452 1 4 0 C 0
2497 2531 1 3 12 O 10
2528 2537 1 2 10 O 10
7303 2562 1 1 4 O 10
2562 2524 1 2 10 O 10
2524 2580 1 3 11 O 20
2580 7303 1 3 12 O 10
2557 5397 1 2 10 O 10
5407 2517 1 2 11 M 30
2517 2559 1 3 13 O 20
2559 2595 1 3 13 O 10
2595 2530 1 3 12 O 10
2530 5407 1 1 3 O 10
5384 2555 1 3 14 M 30
2555 2508 1 3 13 M 10
2508 2581 1 3 13 O 30
2581 5384 1 1 2 M 10
2522 2594 1 3 12 M 10
2510 2535 1 3 13 O 20
2535 2591 1 3 12 O 10
2551 2521 1 5 27 O 10
721 2539 1 2 7 O 20
2539 2592 1 2 9 O 10
2592 2495 1 2 8 O 10
2495 721 1 2 8 O 30
2546 1018 1 2 8 O 30
5385 2540 1 2 7 M 30
2540 2565 1 3 14 O 30
2565 2496 1 3 11 M 10
2496 5385 1 1 2 O 20
859 2525 1 1 2 O 30
2525 722 1 2 10 O 10
722 2545 1 2 11 M 10
2545 2597 1 2 9 O 30
2597 859 1 1 5 O 10
750 2502 1 1 2 M 10
2502 2513 1 3 12 O 10
2513 2588 1 3 11 O 20
2588 2578 1 2 10 O 10
2578 750 1 2 9 O 10
2563 2593 1 2 9 O 30
2593 2585 1 3 12 O 10
2585 2576 1 3 11 O 20
2576 2569 1 2 10 O 30
2569 2563 1 1 2 O 20
2542 2544 1 2 11 M 10
2544 2566 1 3 15 M 30
2566 2542 1 2 11 O 10
5366 573 1 2 6 O 30
6847 2547 1 3 13 O 30
2573 2499 1 4 19 O 30
6831 2558 1 1 5 O 20
2558 4130 1 3 13 O 20
4130 4131 1 3 12 M 10
4131 6831 1 1 5 O 30
5360 2598 1 2 0 C 0
2572 2548 1 3 13 O 10
2548 2586 1 3 12 O 10
2586 2554 1 3 13 O 20
5444 2642 1 3 14 M 20
2643 2627 1 3 12 O 30
2627 2628 1 7 35 O 20
2653 4198 1 4 22 O 30
2653 2650 2 3 12 O 20
2626 2615 1 3 14 O 10
2642 2653 1 4 21 O 30
4534 2670 1 3 12 O 10
2669 2661 1 5 24 O 30
2676 2693 1 5 25 O 20
2693 2711 1 2 10 O 10
2677 2686 1 2 11 M 20
4482 2679 1 2 11 O 10
2661 2666 1 5 25 O 30
6843 2684 1 2 11 O 20
2744 2755 2 22 118 O 20
4480 2742 1 2 9 O 20
4483 2741 1 2 8 O 20
6370 2726 1 1 4 O 30
2753 2747 2 1 5 O 30
2747 2768 2 54 295 O 20
2729 58 1 1 4 O 20
58 2732 1 1 1 O 30
2732 2748 1 3 15 O 30
2748 2725 1 3 12 O 20
2725 85 1 1 5 O 20
85 61 1 1 5 M 20
61 60 1 2 8 O 10
60 59 1 3 16 O 30
59 2729 1 1 3 O 20
6390 2764 1 2 10 O 20
5592 2720 1 2 10 O 20
2732 2753 1 6 33 O 20
5593 2758 1 2 8 O 20
2758 2752 1 2 11 O 30
2752 2735 1 2 11 M 10
2735 2759 1 2 10 M 20
2759 5593 1 1 2 O 30
2802 2807 1 3 15 O 30
2807 2799 1 2 10 O 20
2799 2783 1 3 15 O 30
2783 2802 1 2 10 O 10
5594 2778 1 2 10 O 10
1055 2784 1 1 3 O 20
2809 2768 1 3 12 O 10
2768 2792 1 3 12 O 10
2792 2809 1 3 17 O 20
2808 2805 1 3 13 O 30
2805 2776 1 3 12 M 30
2776 2788 1 3 13 O 20
2788 2808 1 3 12 O 10
2786 2775 2 28 154 O 20
2813 2824 1 3 13 O 20
2824 2812 1 3 13 O 20
2812 2816 1 3 13 O 10
2816 2813 1 3 13 M 20
2826 2820 1 3 12 O 10
2820 2815 1 3 12 O 10
2815 2821 1 2 11 O 20
2821 2826 1 3 11 O 10
7282 2827 1 1 5 O 20
2827 2830 1 3 14 M 30
2830 2838 1 3 13 O 10
2838 2839 1 3 14 O 20
2839 7282 1 2 8 O 10
5271 2840 1 2 9 O 20
5270 5269 1 2 10 O 30
6844 2865 1 1 3 O 10
2865 2872 1 3 11 O 10
2872 2852 1 3 11 O 30
2852 2848 1 3 11 O 10
2848 6844 1 2 9 O 20
6846 2847 1 2 9 O 10
2847 2867 1 3 12 M 30
2867 2868 1 3 11 M 30
2868 2855 1 2 11 O 10
2855 6846 1 1 2 O 30
5194 8536 1 1 4 O 10
8536 8535 1 2 10 O 10
8535 5192 1 1 3 M 20
5192 5193 1 2 10 O 20
5193 8534 1 1 1 M 10
8534 2892 1 2 9 M 10
2892 5194 1 1 2 O 20
3400 907 1 12 66 O 10
2923 2914 1 2 9 O 10
2914 2940 1 6 33 M 20
783 5956 1 1 2 O 20
5956 5955 1 1 5 M 10
5955 5954 1 2 8 M 20
5954 2918 1 1 2 O 10
2918 2935 1 2 11 M 30
2935 5952 1 1 3 M 10
5952 2906 1 2 8 O 30
2906 5953 1 1 3 O 30
5953 783 1 1 5 O 10
2950 5388 1 2 11 O 20
2990 2983 1 3 11 O 30
52 2984 1 9 46 O 30
2984 2989 1 4 19 O 10
2989 2986 1 5 23 O 20
2986 2966 1 3 14 O 20
2966 52 1 1 3 O 20
4481 3004 1 2 9 M 10
3000 2974 1 2 11 O 20
2974 2973 1 3 12 O 10
2973 2979 1 3 12 O 20
2979 2987 1 3 12 O 30
2987 3000 1 1 2 O 30
5181 3010 1 1 5 O 20
3010 3034 1 3 11 O 30
3034 3015 1 2 11 O 20
3015 3040 1 3 11 O 20
3040 5181 1 2 7 O 20
5189 3045 1 1 2 O 10
3045 3028 1 3 13 O 30
3028 3008 1 3 12 O 10
3008 3035 1 3 12 O 20
3035 5189 1 2 10 O 20
1032 3038 1 1 2 O 30
5187 3022 1 2 6 O 30
3022 3033 1 2 11 M 20
3033 3029 1 3 12 O 20
3029 5186 1 3 11 O 30
5186 5187 1 1 4 M 30
5184 5185 1 1 2 M 30
5185 3018 1 2 8 O 10
3018 5182 1 1 4 O 30
5182 3011 1 2 8 O 30
3011 5183 1 2 8 O 30
5183 3027 1 2 8 O 20
3027 5184 1 1 2 O 10
3037 3047 1 2 10 O 30
3024 3031 1 3 12 O 20
3031 3025 1 2 11 O 30
3025 3024 1 3 16 O 30
5190 3070 1 2 6 M 10
3073 3055 1 2 9 O 30
5191 3057 1 2 7 O 30
3057 3060 1 2 10 O 10
3060 3069 1 2 11 O 30
3069 3071 1 3 13 O 30
3071 5191 1 1 5 O 30
4502 4501 1 2 9 O 20
3094 3113 1 3 13 O 10
3125 3138 1 3 12 M 10
3138 3140 1 2 7 O 20
3140 3127 1 3 11 M 30
3127 3125 1 2 8 M 20
1033 3148 1 1 3 O 30
4503 3158 1 2 10 O 30
674 3172 1 1 6 O 10
5551 3200 1 2 11 O 10
3200 3198 1 2 6 O 20
3198 3202 1 2 9 M 30
3202 3197 1 3 11 O 10
3197 5551 1 1 2 O 10
3214 3211 1 2 10 O 30
3211 3212 1 1 3 O 20
3212 3185 1 2 8 O 20
3185 3196 1 1 5 O 30
3196 3190 1 2 8 O 30
3190 3214 1 2 11 M 20
3218 3217 1 22 118 O 10
7749 3237 1 9 44 O 20
4220 6114 1 3 15 O 20
5371 5370 2 6 30 O 20
6012 6113 2 37 203 O 10
6113 3229 2 19 104 O 30
3229 7209 2 6 31 O 30
7209 3220 2 8 44 O 20
270 3239 1 17 90 O 20
3225 3224 1 21 113 O 10
3224 5951 1 10 51 O 20
3252 6052 1 6 33 O 20
3263 6801 1 6 30 O 20
3273 8510 1 85 471 O 10
3280 8508 1 141 779 M 10
3275 3273 1 9 49 O 10
3278 3267 1 85 467 O 20
6705 8507 1 73 403 O 20
3259 3272 1 61 337 O 20
3265 3280 1 14 0 C 0
2341 3260 1 21 112 M 10
3270 3268 1 17 0 C 0
6026 3289 1 31 170 M 30
8550 3228 1 15 80 O 30
3284 3283 1 22 120 O 10
3288 6025 1 5 23 O 20
3295 3299 1 20 106 O 20
3297 3291 2 44 240 O 20
3289 8547 1 45 249 M 20
3290 3292 1 56 310 O 20
5278 3296 1 56 308 O 10
3690 1210 1 16 84 O 10
3300 3298 1 187 1034 O 10
3306 7539 1 5 27 O 20
3309 6250 2 20 110 O 30
5670 6855 2 8 43 M 10
6855 6251 2 15 83 O 10
6251 2149 2 17 93 O 30
2149 7442 2 5 27 O 10
2435 3549 2 40 221 O 20
3314 973 2 8 0 C 0
3311 1424 1 32 0 C 0
3312 3316 1 3 0 C 0
1237 3323 1 15 0 C 0
3323 3800 1 19 0 C 0
5703 1427 1 9 0 C 0
6071 6088 1 8 0 C 0
5455 6086 1 8 0 C 0
402 5512 2 14 75 O 30
5512 401 2 12 65 M 10
401 400 2 24 130 O 20
3255 3254 2 3 0 C 0
1848 4624 2 71 390 M 30
1582 8502 2 6 28 O 30
2184 2441 2 12 61 M 10
2441 2183 2 11 58 O 10
2183 5230 2 19 101 M 10
2186 4693 2 11 59 M 30
4693 4672 2 22 117 M 30
4672 4691 2 10 54 O 20
4691 4680 2 65 359 O 20
4680 4673 2 22 121 M 30
4673 3340 2 23 126 O 20
6344 4309 2 28 151 M 10
4309 1067 2 15 82 O 30
1067 3344 2 14 77 M 30
1671 194 1 19 101 O 20
194 3665 1 25 134 O 10
4909 5625 2 52 288 O 20
4905 4901 2 21 117 O 10
4901 4910 2 26 140 O 10
4910 4915 2 31 169 O 10
4915 1379 2 8 40 M 30
4904 4903 2 23 125 M 10
4908 3382 2 29 159 M 20
4912 4919 2 26 140 O 30
3361 4575 2 9 48 O 30
4575 4596 2 19 102 O 30
4596 4574 2 21 113 M 30
4574 4573 2 19 102 M 20
4573 4564 2 19 103 O 20
4565 3354 2 19 100 O 10
3354 3353 2 19 101 O 30
3353 3352 2 20 111 O 30
1534 1537 2 4 21 O 30
3356 4568 2 19 104 O 20
4568 4569 2 18 97 O 20
4569 3359 2 11 58 M 20
3363 3364 2 33 181 O 10
4960 3197 2 28 150 O 10
3368 6046 2 14 73 O 30
6046 3365 2 5 27 O 20
3375 3374 1 2 0 C 0
3372 6160 1 6 0 C 0
6160 3370 1 12 0 C 0
6050 6127 1 12 0 C 0
3377 3371 1 10 0 C 0
3369 1711 2 3 15 O 30
1711 290 2 2 10 M 30
290 292 2 15 80 O 20
292 5259 2 7 36 O 10
1377 5533 1 16 84 O 30
5532 2319 1 30 166 O 10
5530 3379 1 7 38 O 30
3381 3723 2 25 137 O 10
3723 3721 2 17 90 O 30
3721 4906 2 16 89 M 30
4906 4904 2 36 198 O 10
4904 3711 2 38 211 M 20
3711 4907 2 15 80 O 10
3382 3381 2 7 34 O 10
6731 757 1 23 122 M 30
6038 2355 1 8 40 O 20
3383 6041 1 8 42 O 20
6041 6040 1 9 46 O 10
6040 4935 1 6 28 O 10
4935 5218 1 18 99 O 20
6734 5599 1 2 7 O 10
6733 2356 1 15 78 O 20
2356 3383 1 10 53 O 30
2387 3386 1 43 234 O 30
6739 6451 2 3 12 M 30
3239 5267 1 9 47 O 10
2341 273 1 10 55 M 30
2335 2337 1 19 101 O 30
3392 3393 1 1 5 M 10
3393 3396 1 10 53 O 10
2336 3392 1 13 67 O 20
3393 3394 1 12 62 O 30
2339 4299 1 23 124 O 10
4299 3398 1 11 60 O 10
3398 4300 1 5 27 O 20
4300 259 1 5 24 O 10
2931 7560 1 17 93 O 10
3400 4453 1 11 57 O 10
3395 2336 1 3 13 O 30
3395 2337 1 11 56 O 10
2934 789 2 8 39 O 10
789 787 2 15 80 O 30
787 790 2 8 44 O 10
3401 3402 1 9 48 O 20
293 4764 2 50 275 O 20
4764 4765 2 32 178 O 20
3404 8540 1 5 22 O 10
4277 7489 2 40 0 C 0
3963 3430 2 21 0 C 0
3430 1431 2 15 0 C 0
5566 3432 2 13 0 C 0
3432 3417 2 14 0 C 0
3417 3433 2 9 45 O 20
2042 5570 2 55 0 C 0
5568 5569 2 11 0 C 0
5569 5566 2 15 0 C 0
5566 5564 2 4 0 C 0
5564 3413 2 40 0 C 0
3435 3423 2 39 215 M 20
3434 1985 2 65 0 C 0
1433 3426 2 35 192 O 30
3426 1434 2 9 48 M 10
4532 3443 2 50 277 O 30
3462 3473 2 26 143 M 20
3453 3763 2 14 76 O 30
3763 3808 2 20 109 O 10
3808 4753 2 35 191 O 10
2543 3948 1 15 79 O 30
3445 6628 2 61 339 O 30
3976 3456 2 23 124 O 10
3460 3459 2 46 254 M 30
3975 3440 2 23 125 O 20
3979 3472 2 23 126 O 10
3438 3436 2 37 203 O 20
3978 3457 2 23 125 O 20
3471 3980 2 26 143 O 20
2006 3461 2 27 147 O 10
3461 3473 2 2 10 O 20
3473 3446 2 13 70 O 30
3446 3481 2 15 81 M 10
3481 4451 2 17 93 M 10
4451 3471 2 16 85 M 20
3471 3478 2 20 110 O 10
3478 3444 2 3 16 O 30
3444 1630 2 15 83 O 10
1630 1665 2 16 87 M 10
1665 3474 2 21 113 M 30
3474 7291 2 5 26 O 30
7296 3450 2 8 41 O 30
3455 4451 2 28 152 O 20
4451 733 2 26 143 M 20
4129 3475 2 42 232 O 20
4749 3439 2 6 31 O 20
3449 2005 2 27 147 O 30
3444 3977 2 26 143 O 20
3469 3470 2 24 128 M 30
3470 3441 2 21 112 O 20
3451 1964 2 4 20 O 30
1964 3461 2 25 135 O 20
3446 3468 2 28 153 O 10
3481 3437 2 26 143 O 20
3437 3463 2 23 127 O 30
3477 3478 2 28 155 O 10
739 3454 2 15 82 O 30
3454 3458 2 63 348 M 30
3483 3942 2 17 90 O 30
3942 4742 2 14 78 O 20
3448 3954 2 18 97 O 10
3954 3959 2 16 87 O 30
6835 893 2 18 99 O 10
893 6264 2 10 55 M 30
3502 3486 2 15 83 O 30
2218 2214 2 22 120 O 20
3490 3485 2 12 62 O 30
3485 3491 2 11 59 O 10
2099 8518 2 4 21 M 20
8518 4861 2 3 15 O 30
4861 3500 2 13 70 O 10
3488 3496 2 16 86 O 30
2217 2212 2 20 107 O 20
3499 3498 2 15 81 M 20
3495 3485 2 6 29 O 20
3485 3494 2 27 147 O 20
6124 7960 2 4 22 M 20
7960 3501 2 7 36 O 10
3503 2112 2 3 12 O 30
2112 3517 2 39 216 O 10
6245 8515 2 7 39 O 10
4525 6142 2 8 41 O 30
1336 6340 2 13 72 O 10
6515 6339 2 9 45 O 10
2427 3509 2 19 104 O 30
8036 2432 2 11 57 O 20
275 278 2 4 18 M 10
278 980 2 7 35 O 10
980 7401 2 5 24 O 10
7401 7987 2 5 26 O 20
7987 7986 2 2 6 O 30
7986 7984 2 2 10 O 20
7984 276 2 4 20 O 10
5937 341 2 8 42 O 20
341 351 2 7 37 M 10
351 1066 2 17 94 O 30
5891 3297 2 16 83 O 10
3297 5923 2 12 63 O 30
5923 3685 2 20 107 O 30
6170 5918 2 10 55 O 20
5918 7626 2 26 140 O 30
7744 6338 2 17 92 O 10
3505 6951 2 5 24 M 10
6951 1396 2 6 30 O 20
1396 1394 2 3 14 O 30
1394 1392 2 2 8 O 10
1392 3513 2 4 19 O 20
3513 984 2 1 4 M 20
4513 4523 2 9 45 O 30
3514 2192 2 19 101 O 30
2192 2442 2 11 58 O 10
2442 3535 2 10 54 O 20
3520 5511 2 17 93 O 20
5511 3521 2 15 81 O 10
3525 8184 2 9 50 M 20
8184 3527 2 9 47 O 20
3524 7981 1 13 72 O 10
7981 7982 1 1 5 O 10
7982 3523 1 16 88 O 20
8473 3563 2 41 226 O 30
2431 3526 2 18 96 O 30
6255 3542 1 3 14 O 30
3542 3541 1 3 12 O 30
3541 3543 1 3 12 O 10
3543 6255 1 3 14 O 10
6255 3536 2 18 97 M 30
3542 6513 2 43 234 O 10
3528 5541 2 39 213 O 20
3553 3496 2 15 81 O 20
3496 3545 2 26 141 O 10
3544 1062 2 38 211 O 20
6838 3531 1 3 14 O 30
3531 3556 1 3 14 O 10
3556 3552 1 3 16 O 30
6838 2175 2 18 96 O 20
2175 3537 2 21 115 O 10
707 3547 1 1 2 O 10
3547 3544 1 3 12 O 30
3544 3533 1 2 10 O 10
3533 3549 1 2 10 M 10
3549 707 1 2 8 O 20
3552 7261 2 24 131 O 20
3548 3540 2 39 215 O 10
3547 3529 2 19 100 O 10
3555 2171 2 27 148 O 10
2171 2185 2 23 127 M 20
2185 407 2 26 141 O 30
835 3545 1 1 2 O 20
836 6252 1 2 6 O 30
3528 3529 1 3 11 O 10
3529 3535 1 3 12 O 10
3535 3550 1 2 10 O 10
3550 3528 1 3 11 O 20
3550 2184 2 41 225 M 30
2184 3546 2 26 142 M 10
2168 3538 1 3 14 O 20
3538 3537 1 3 13 O 20
2168 5679 2 35 192 O 30
3539 5229 2 19 104 O 30
3534 3559 2 19 103 O 10
3329 7019 2 30 166 O 20
7019 3568 2 11 57 M 20
3538 2173 2 41 227 O 10
3539 3329 1 3 14 O 10
2182 3534 1 3 16 O 30
3534 3551 1 3 13 O 10
3551 3536 1 3 13 O 20
3536 2182 1 3 13 O 20
2182 5810 2 9 47 O 10
3562 3330 2 42 231 O 10
3572 7469 1 2 8 O 20
3565 6836 2 25 137 O 10
7468 8496 2 13 67 O 10
5465 8501 2 14 73 O 10
6837 3568 1 3 17 O 30
3568 3559 1 3 12 O 30
3559 3565 1 3 13 O 20
3565 6837 1 4 17 O 30
3570 662 2 11 56 O 10
5465 3570 1 3 13 M 20
3570 3569 1 2 10 O 10
3569 3571 1 2 9 M 20
3571 5465 1 3 14 M 30
2423 3569 2 20 107 O 30
399 3562 1 3 12 O 10
3562 3558 1 3 13 O 20
3558 3563 1 3 12 O 30
3563 399 1 3 13 O 20
6837 5510 2 10 54 O 30
5510 2170 2 12 63 O 10
2170 2180 2 20 108 M 10
399 2436 2 17 93 O 10
3577 2189 2 15 82 O 30
2189 2285 2 3 14 O 30
2285 2303 2 15 79 O 20
2303 2190 2 11 60 O 30
2190 6590 2 31 167 O 20
6590 5238 2 6 32 M 30
3574 3575 2 20 111 M 30
837 3576 1 2 6 O 20
3578 6918 2 22 122 O 20
3582 3587 2 70 384 O 30
3585 3586 2 69 380 M 10
2834 3591 2 79 438 M 20
3583 3584 2 71 392 O 10
2843 3590 2 79 438 O 30
2829 3588 2 42 233 M 10
3588 3593 2 37 203 O 20
2842 3589 2 79 438 O 20
3655 3658 1 15 82 O 10
6276 3271 1 6 32 O 10
3667 6276 1 11 57 O 10
3660 3662 1 3 14 M 30
3664 3661 1 3 14 O 10
6496 427 1 15 79 O 30
427 3235 1 5 23 O 10
3657 3654 1 20 106 M 20
6415 6417 2 28 153 O 10
6417 3608 2 26 140 M 10
3630 4783 2 7 35 O 20
4783 3627 2 6 28 O 30
5208 142 2 11 57 M 10
142 543 2 14 73 O 20
543 7218 2 3 11 O 30
7218 7033 2 7 38 M 20
7033 3224 2 10 54 O 20
3610 3611 2 22 118 O 30
2625 4201 1 27 145 O 20
5788 3621 2 11 58 O 30
3624 3635 2 47 258 O 30
3635 3638 2 14 73 M 30
2601 4767 1 10 55 O 10
3613 3610 2 17 89 M 20
3610 3604 2 27 145 O 10
3596 6411 2 20 111 O 30
6411 6413 2 11 60 O 30
6413 5692 2 5 27 M 20
3641 6884 2 15 79 O 30
6884 3645 2 2 9 O 30
3645 6443 2 14 73 O 30
3625 3615 2 26 143 O 30
3615 3611 2 17 90 M 20
3611 3605 2 26 141 O 10
3605 3097 2 40 221 O 10
3609 3612 2 40 219 O 20
3612 3613 2 19 102 M 30
3613 3615 2 22 119 O 30
3615 3619 2 26 143 O 10
3644 2619 2 13 68 O 10
2619 4200 2 17 93 O 10
3614 3616 2 10 51 O 20
3616 2654 2 9 50 M 10
3596 3597 2 11 0 C 0
4783 4768 1 5 24 O 20
4768 3627 1 5 25 O 10
3629 3634 2 24 131 M 10
6172 3612 2 42 231 O 10
3612 3603 2 42 231 M 20
3603 3598 2 40 221 O 10
3599 2620 2 14 77 O 10
2620 3597 2 24 133 M 30
6410 3600 1 26 142 O 10
3639 6880 2 3 15 O 20
6880 6881 2 5 25 M 30
6881 6438 2 7 36 O 20
6438 6436 2 11 57 O 10
6422 3602 2 11 61 O 20
3602 6372 2 12 64 M 30
6372 4202 2 6 29 O 10
3648 3651 1 11 61 M 30
3652 3651 2 8 40 O 20
3659 2365 1 15 79 O 20
2365 1255 1 43 235 O 20
3678 4832 2 1 5 O 30
4832 3677 2 10 53 O 20
3677 871 2 54 299 O 20
4957 3701 2 29 156 O 10
3682 6934 1 53 290 O 10
6934 3680 1 46 253 M 10
3680 4181 1 12 63 O 20
4181 2276 1 13 71 O 20
6025 3282 1 16 85 O 10
2371 3695 2 16 86 M 30
3697 3692 2 34 184 O 10
3698 3693 2 37 202 O 10
4220 632 1 2 8 O 20
3515 5926 2 21 114 O 20
5923 4017 2 39 212 O 10
5674 4026 2 38 206 O 10
6195 3691 1 5 23 M 10
4735 461 2 24 128 O 10
461 3687 2 4 21 O 20
3687 3688 2 15 83 O 10
1442 5926 2 19 104 O 30
5926 1441 2 24 130 O 10
3686 4735 1 2 10 O 20
4735 3515 1 3 12 O 20
3515 5674 1 2 11 O 30
5674 3685 1 3 14 O 20
3685 3686 1 1 3 O 30
3684 6476 1 1 2 M 30
6476 3682 1 1 4 O 30
3682 897 1 5 26 O 10
897 7488 1 1 1 O 20
7488 3683 1 5 27 M 10
3683 3684 1 1 2 O 10
7564 6716 1 37 205 O 10
2354 3727 1 8 41 O 20
3380 6717 1 38 209 O 30
3726 6038 1 1 2 O 10
6038 2357 1 8 39 O 10
2358 2359 1 8 41 O 10
3722 3723 2 9 45 O 20
3710 3712 2 12 62 O 20
3728 2358 1 8 42 O 10
3700 5878 2 7 35 O 20
3720 3721 2 14 73 O 20
3725 3724 2 23 125 O 30
3713 3711 2 9 46 O 30
5909 4292 2 13 67 O 20
4292 4293 2 7 37 O 20
4293 4291 2 22 119 O 30
4291 2321 2 4 20 O 30
4948 4952 2 18 98 O 20
4952 4947 2 18 96 O 30
4971 5889 2 11 60 O 30
3719 3714 2 20 111 O 10
3717 648 2 31 170 O 10
2355 6733 1 22 119 O 30
2762 2745 2 21 113 M 20
2844 3737 2 28 154 O 20
2835 3736 2 18 95 O 20
2870 3732 2 44 242 O 20
2759 3004 2 20 107 O 10
3738 8435 2 63 345 O 10
2832 3735 2 26 144 M 20
3747 3746 2 15 81 O 20
3739 3744 2 34 186 O 10
3740 2992 2 11 61 M 10
2992 5223 2 12 64 O 30
5223 5572 2 12 62 O 10
6135 3747 2 12 62 O 10
3747 3742 2 11 56 M 10
3734 7012 2 18 98 O 10
7012 3731 2 39 212 M 30
50 49 1 4 21 O 10
3750 3751 2 25 0 C 0
3751 2887 2 7 0 C 0
7642 3618 1 33 0 C 0
3771 3780 2 73 0 C 0
3768 7295 2 7 35 M 10
7295 3126 2 68 0 C 0
2544 5833 2 8 42 O 20
3784 3760 2 18 95 O 10
3760 3769 2 18 99 O 30
3798 4752 2 24 133 O 30
3802 3808 2 26 140 O 30
3808 3781 2 30 163 O 20
3766 5399 2 50 277 O 30
3805 3773 2 50 274 O 20
3785 2599 2 61 338 M 10
2599 5403 2 7 37 O 20
2592 3779 2 66 361 O 30
3756 3783 2 17 91 O 30
3793 3796 2 56 306 M 20
5320 3796 2 21 112 O 30
3796 3969 2 21 113 O 20
3969 5318 2 20 109 O 20
5318 3779 2 20 108 M 20
3779 736 2 19 105 O 30
5316 2566 2 22 119 O 10
3767 3792 2 78 432 O 20
3789 3800 2 72 0 C 0
3801 3760 2 10 55 O 20
3760 7294 2 32 175 O 30
7294 5401 2 15 82 M 30
2509 3582 2 58 317 O 30
3777 3758 2 15 83 O 10
3806 3787 2 12 63 O 10
3778 3770 2 27 147 O 20
3794 2542 2 64 354 O 20
3807 5831 2 11 56 O 30
3774 2536 2 51 282 O 20
3765 3775 2 51 279 O 30
2958 3785 2 23 128 O 20
3785 3587 2 22 120 M 20
3587 3803 2 12 63 M 30
3790 3783 2 20 110 O 30
3783 3787 2 19 105 M 20
3787 3791 2 17 94 O 30
3795 3982 2 51 281 O 10
3982 3761 2 5 25 O 10
1037 3763 2 23 123 M 10
3763 3764 2 30 164 O 30
2961 5837 2 10 54 O 30
3847 2946 2 43 237 O 30
3815 4457 2 37 205 O 10
4457 1227 2 21 115 O 30
1227 3809 2 7 37 O 10
2531 5841 2 5 26 O 30
2533 5828 2 13 71 O 30
5302 5303 2 51 283 O 10
5303 3830 2 15 81 M 20
3831 2956 2 40 221 O 10
3818 717 2 5 25 O 10
717 4459 2 47 259 O 30
3832 3445 2 27 146 O 10
3820 3840 2 18 98 O 30
3823 3833 2 18 95 O 20
7578 2362 2 9 49 O 30
3837 3840 2 42 230 O 30
3840 2959 2 31 172 O 10
4458 709 2 44 240 O 20
709 3814 2 6 28 O 20
3838 2586 2 18 99 O 10
3817 3844 2 17 91 O 20
3819 1224 2 2 11 M 30
1224 2497 2 21 113 O 10
3822 3811 2 61 335 M 10
7554 7557 2 9 50 O 10
7557 3829 2 14 76 O 30
3821 3810 2 10 55 O 30
3839 2568 2 15 79 O 20
3836 5843 2 9 48 O 30
3825 3824 2 20 108 O 30
3824 7314 2 3 12 O 10
7314 3815 2 15 78 O 30
3815 3812 2 37 202 M 30
3813 4456 2 19 100 M 10
4456 5393 2 13 69 M 30
5305 5304 2 52 287 O 10
5304 3845 2 9 49 O 30
2960 3847 2 40 218 O 30
3847 5387 2 20 107 O 10
4171 807 2 23 128 O 20
807 810 2 6 33 M 10
810 812 2 34 188 O 30
812 3879 2 13 68 O 30
3867 3868 1 3 14 O 30
3868 3866 1 3 14 O 10
3866 3865 1 2 11 O 20
3865 3867 1 2 10 O 10
3884 86 2 120 662 M 30
791 3871 2 30 163 O 10
4815 4816 2 26 141 O 30
3879 3878 2 6 30 M 30
3866 4808 2 27 150 O 10
3864 3862 1 35 194 O 20
6136 3877 2 23 122 O 10
3863 3861 2 9 47 O 30
3878 2899 2 2 11 O 10
3870 3869 1 28 155 O 30
3865 3861 2 10 52 O 20
3861 3858 2 29 156 M 30
3873 3870 1 13 68 O 30
3870 3864 1 15 82 O 20
3881 3883 1 12 61 M 10
4798 3874 2 40 222 M 20
3874 5195 2 19 101 O 20
5195 3868 2 16 85 O 10
3852 3859 2 113 626 O 20
3869 2922 1 40 222 O 10
546 3876 2 27 148 O 20
3860 6062 2 17 89 O 10
467 469 1 11 57 M 10
4501 6990 2 14 73 O 20
6990 265 2 11 57 O 30
3889 4778 2 30 165 O 30
5258 6693 2 9 48 O 10
6166 212 2 24 131 O 10
212 216 2 46 252 M 20
216 8459 2 51 280 O 10
3919 7305 2 37 201 M 30
7305 2763 2 36 196 O 20
3917 3918 2 9 47 O 10
5338 2699 2 30 162 O 10
2707 2692 2 41 225 O 20
3923 2849 2 18 97 O 10
3924 2712 2 19 101 O 20
3906 3903 2 17 89 O 30
3903 4493 2 16 85 O 10
4493 4494 2 16 86 M 30
2856 3925 2 35 190 O 20
2860 3922 2 42 229 O 20
3029 3905 2 53 294 O 20
4492 4406 2 16 87 O 10
4406 3899 2 16 85 M 20
3899 3902 2 17 89 O 10
3902 1465 2 3 16 O 10
4096 7072 2 19 105 O 20
7072 6673 2 14 74 O 20
3050 4406 2 17 92 O 30
4406 4493 2 17 91 O 20
4493 4498 2 17 93 O 10
4498 3908 2 17 93 O 20
3908 3910 2 17 93 O 30
3910 3914 2 20 106 O 20
3921 3920 2 8 43 O 10
3920 2681 2 10 52 O 10
2681 2685 2 19 101 O 20
2685 5343 2 19 101 M 10
5343 5342 2 19 100 O 20
70 5141 2 28 155 O 20
5141 3911 2 17 92 M 30
3911 4496 2 17 92 O 30
4496 3906 2 17 92 O 30
3906 3902 2 17 91 O 20
3912 3911 2 11 56 O 20
3911 3909 2 16 88 O 30
3909 3908 2 16 86 M 20
3908 5419 2 16 83 O 20
3966 5325 2 69 381 O 10
3950 3949 1 1 5 O 20
5930 3952 1 18 0 C 0
3952 3412 1 5 0 C 0
1017 3940 2 15 83 O 10
3940 3937 2 19 103 O 10
2507 3938 1 3 13 O 20
3963 3411 1 5 0 C 0
3411 3962 1 2 0 C 0
3961 3963 1 3 0 C 0
5290 4744 2 15 79 O 30
2534 3932 2 32 173 M 30
3953 5929 1 20 0 C 0
3951 3947 2 30 161 O 10
4093 4099 2 20 106 O 10
4099 4100 2 2 11 O 10
4100 3930 2 17 94 O 10
3958 655 2 24 128 M 10
3941 3929 2 32 174 O 30
3969 3968 2 22 121 O 20
3946 2512 2 13 70 M 30
3965 1523 2 30 165 O 10
1523 3964 2 4 21 O 30
3931 3939 2 20 110 O 20
3939 1448 2 7 33 M 10
2501 3933 2 30 165 M 20
3933 3927 2 13 72 O 30
3927 4101 2 6 32 O 30
4101 4097 2 19 101 O 30
4097 5293 2 23 125 M 10
3414 5569 2 24 0 C 0
2512 580 2 10 53 M 20
580 3942 2 9 45 O 10
3942 323 2 17 91 O 20
2582 3954 2 33 183 O 20
3954 3955 2 9 49 O 10
3934 2577 2 16 83 O 10
2577 6869 2 7 38 M 10
3959 3957 2 34 184 O 10
3952 3414 1 8 0 C 0
8527 5292 2 17 91 O 30
1444 3929 2 5 27 O 10
3929 3930 2 15 82 O 20
3930 3932 2 14 74 O 10
3932 1443 2 16 84 O 10
3936 5663 2 3 15 O 20
5663 5667 2 4 17 O 20
5667 3483 2 25 134 O 30
3326 4271 1 18 99 M 30
3973 3326 1 7 36 O 30
7248 2251 2 17 89 M 10
3970 6542 2 19 102 M 10
3325 3324 1 21 112 M 10
3987 3988 1 2 7 O 10
3990 3991 2 55 302 O 20
3989 3985 2 60 332 O 20
3982 3983 2 13 70 O 10
3761 2590 1 18 96 O 10
3761 3802 2 14 75 O 10
3802 3775 2 6 29 O 30
3775 3773 2 18 99 O 20
3773 857 2 8 40 O 20
3986 3985 2 5 27 O 10
3985 3585 2 18 97 O 10
3585 3583 2 18 98 O 10
3583 3797 2 29 156 M 20
3797 3790 2 5 27 O 10
3790 3766 2 33 180 O 30
3766 3984 2 13 72 O 20
3993 5416 2 27 146 O 30
3994 5416 2 43 237 O 30
1282 5417 2 37 203 O 10
4666 4665 2 16 89 O 10
4659 4667 2 17 93 O 10
4667 4669 2 16 84 O 30
4669 4666 2 8 43 M 10
4650 4651 2 38 210 O 20
4651 4652 2 11 58 O 30
3992 4628 2 9 48 O 30
4628 4649 2 5 27 O 30
4649 4627 2 18 95 O 20
4627 4655 2 12 66 O 20
4655 4623 2 16 87 O 30
4623 4632 2 21 112 O 20
4632 8554 2 2 9 O 20
8554 5256 2 2 9 O 10
5256 4630 2 15 83 O 30
4630 4634 2 13 72 O 20
4634 4621 2 14 73 O 10
4621 5247 2 14 74 O 20
4005 3999 2 14 73 O 10
4000 4720 2 9 50 M 20
1977 6615 2 1 5 M 10
6615 6383 2 2 11 O 20
6383 6380 2 44 243 O 20
6380 6377 2 8 39 O 20
6377 6385 2 24 129 O 30
6385 4001 2 1 5 M 30
4002 3999 2 15 79 O 10
3999 4004 2 17 91 O 30
4441 5740 1 13 70 M 10
2393 5110 2 79 433 O 20
4414 4415 2 16 86 M 30
7929 21 1 20 107 O 20
5738 4438 1 2 10 M 30
4545 4546 2 12 61 O 20
4546 4477 2 20 107 O 20
4477 4475 2 19 101 O 30
4475 4473 2 37 200 O 20
5737 5738 1 2 10 O 10
4056 4057 1 2 10 M 30
4057 4054 1 3 14 O 20
4054 4053 1 3 12 O 10
4053 4055 1 3 14 O 10
4055 4056 1 1 3 M 30
4068 4067 1 4 17 O 20
4045 4046 1 2 9 M 30
4046 4043 1 3 13 O 30
4043 4042 1 3 11 O 20
4042 4044 1 3 13 O 30
4044 4045 1 1 2 M 20
4074 4076 1 2 10 O 30
4519 4064 1 3 16 M 30
4064 1026 1 3 16 O 10
1026 4063 1 4 17 O 20
5268 4081 1 2 10 O 30
4031 4032 1 1 4 O 10
4032 5152 1 1 2 O 20
5152 4028 1 2 10 O 20
4028 5149 1 1 1 M 20
5149 7833 1 2 9 O 20
7833 5150 1 1 4 O 20
5150 4025 1 2 9 O 10
4025 5151 1 1 4 O 30
5151 4031 1 1 4 M 30
4029 4030 1 2 10 O 30
4022 4023 1 2 9 O 20
4023 4020 1 2 11 O 30
4020 4019 1 3 11 O 20
4019 4021 1 2 10 O 20
4021 4022 1 1 2 O 10
562 4105 2 11 60 O 20
4105 4078 2 4 18 O 30
4078 8467 2 9 49 O 30
4061 4062 1 2 10 M 30
4051 4052 1 2 8 O 30
4015 4017 1 3 15 O 20
4030 4047 2 19 105 M 10
4101 4099 2 34 187 O 10
4067 559 1 7 35 M 10
4046 4053 2 19 105 O 20
4018 4024 2 19 103 M 20
5716 1026 2 29 156 O 20
4075 4079 2 24 130 O 30
4054 5783 2 48 264 O 20
4043 1457 2 38 209 O 10
1457 4037 2 5 26 O 20
4100 4389 2 15 81 O 30
4389 4392 2 9 50 O 30
4392 4098 2 10 54 O 10
561 4070 1 6 31 O 10
4049 4044 2 41 227 O 20
4065 560 1 8 42 O 20
4059 4055 2 41 225 O 10
4077 4522 2 19 103 O 20
4522 4104 2 12 61 O 30
4104 4078 2 49 270 O 20
4019 5818 2 21 113 O 20
4042 5871 2 10 53 M 30
4052 4058 2 19 105 O 20
5934 4020 2 48 265 O 20
4091 5560 2 14 78 O 30
4071 4062 2 23 125 O 20
4094 4087 2 31 168 O 20
4011 4012 2 20 110 O 10
4073 4075 2 15 82 O 10
4075 2370 2 24 131 M 10
2370 6209 2 11 61 O 30
6209 3692 2 11 60 O 10
3692 3693 2 12 62 M 30
3693 6207 2 2 6 O 30
6207 3694 2 5 25 M 10
4048 4041 2 60 332 O 10
4076 4106 2 14 78 O 10
4106 4736 2 12 64 O 30
9 5159 2 8 39 O 30
5159 6336 2 11 58 O 10
6336 6112 2 20 107 M 30
4388 4092 2 13 69 O 30
4092 4091 2 13 70 O 30
4093 4094 2 3 13 M 20
4094 4391 2 16 87 M 10
4391 4097 2 15 79 O 10
4014 4013 2 17 90 O 30
7836 5915 2 9 48 O 20
5915 4035 2 11 57 O 30
4063 5783 2 21 113 M 10
5783 1460 2 9 45 O 10
4089 4086 2 21 114 O 30
4086 6491 2 7 36 M 10
6491 7490 2 5 27 O 20
473 6338 2 27 148 O 20
7835 6634 2 2 10 O 30
4105 4106 2 44 244 O 10
6644 5892 2 3 11 M 30
7289 4104 2 8 40 O 30
4104 4064 2 21 115 O 20
4103 2477 2 26 0 C 0
4127 4126 2 29 159 M 10
4111 665 2 28 152 O 20
665 6489 2 8 41 O 10
4117 5032 2 16 86 O 10
4123 4125 2 14 75 M 10
4125 1200 2 13 72 O 20
1200 4126 2 7 39 O 30
4115 4114 2 7 38 O 30
4120 4112 2 15 82 O 10
4116 4110 2 100 555 O 10
4119 5939 2 5 28 O 30
4128 5117 2 31 171 O 10
4124 5026 2 11 59 M 10
4127 4113 2 8 41 O 20
4109 5668 2 2 8 O 30
5668 4125 2 21 114 O 10
4122 4985 2 16 84 O 30
4133 4132 1 5 27 O 20
4132 4134 1 10 52 O 10
4134 4133 1 4 17 O 20
4137 4139 2 51 282 O 20
4146 4143 2 17 94 O 10
4143 4141 2 11 0 C 0
4140 4146 2 15 83 O 10
4146 4141 2 7 38 O 30
4141 4145 2 10 0 C 0
4145 4144 2 8 0 C 0
3362 7654 2 8 0 C 0
7654 4144 2 31 0 C 0
4152 7241 2 38 0 C 0
2052 4153 2 18 0 C 0
4158 5162 2 19 104 O 30
4165 8483 2 6 33 O 30
4169 4168 1 6 0 C 0
2202 2212 2 23 124 O 20
2212 2214 2 44 240 O 10
2214 2213 2 16 86 O 20
3343 5535 2 14 75 O 30
5679 7931 2 8 42 O 20
2833 4847 2 9 48 O 30
4847 4175 2 10 51 O 20
4177 4176 2 56 309 O 20
4449 4178 2 15 80 O 20
367 5463 1 25 0 C 0
6247 3527 2 4 19 O 10
3527 8186 2 3 12 O 20
8186 8182 2 4 21 O 20
8182 2158 2 6 29 O 20
2158 8231 2 8 39 O 10
8231 6516 2 18 94 O 20
6516 6369 2 37 202 O 30
6247 6248 2 44 240 O 30
6248 8030 2 32 176 O 20
8030 8026 2 3 16 O 20
8026 8028 2 2 11 O 30
8028 6129 2 8 42 O 10
4188 6489 2 2 6 O 10
6489 4187 2 19 102 O 20
4182 5554 2 25 0 C 0
5554 4189 2 42 229 O 20
472 5556 2 37 202 O 30
5556 4197 2 28 0 C 0
4183 6150 2 10 53 O 30
6150 6148 2 9 45 O 30
4184 4191 2 21 0 C 0
4191 6617 2 21 0 C 0
6617 4186 2 2 0 C 0
4201 2633 1 15 83 M 10
2646 2611 1 16 83 O 10
4202 4204 2 5 25 O 10
4204 6421 2 12 64 O 30
6421 4203 2 10 55 O 30
3085 7529 2 4 21 O 20
7529 95 2 3 14 O 30
95 7527 2 1 3 O 20
7527 7525 2 4 17 O 20
7525 7522 2 4 17 O 10
7522 5591 2 3 13 M 10
5591 4206 2 10 54 O 10
2199 2203 2 20 108 M 20
1576 3489 2 17 90 O 30
2710 2743 1 4 20 M 30
5382 4207 2 18 99 O 10
4226 2055 2 6 29 O 20
2055 4227 2 7 38 O 30
4595 4594 2 17 94 O 10
4582 4583 2 61 338 O 30
4178 4229 2 19 101 O 10
4577 4582 2 36 195 O 20
4594 4581 2 12 67 O 30
4581 4576 2 20 110 M 30
4576 4786 2 33 180 O 30
4786 5600 2 17 93 O 10
6834 2439 2 29 158 M 20
6834 6079 2 28 152 M 30
6836 6915 2 14 74 O 10
6758 5517 1 23 0 C 0
2064 2065 2 23 0 C 0
5355 767 2 23 123 O 20
767 6200 2 1 5 O 20
896 664 1 5 25 M 30
664 6265 1 5 22 O 20
5687 1583 1 47 261 O 30
3628 6459 2 25 133 O 10
6459 3017 2 70 386 O 20
3017 6460 2 40 220 O 30
3155 3157 2 40 221 M 20
3157 3150 2 40 222 O 20
2072 6758 2 20 0 C 0
3497 33 2 20 106 O 30
33 4266 2 5 27 O 20
4262 4264 2 9 48 O 30
303 304 1 5 26 O 30
2439 2208 2 12 63 O 30
6263 2201 2 7 35 O 20
2203 2219 2 17 92 M 10
2219 6867 2 3 16 O 30
6867 6866 2 15 83 M 20
6866 2204 2 16 88 O 20
6263 1276 2 14 75 O 30
1276 6835 2 6 31 O 30
6835 2199 2 19 104 O 30
2201 2202 2 16 84 M 30
2202 2203 2 21 111 M 10
5719 1407 2 6 29 O 20
2204 2224 2 22 117 O 20
2224 2205 2 9 45 O 10
928 7829 2 8 41 O 30
939 7831 2 13 69 O 10
2200 6263 2 13 67 O 20
1915 1907 2 1 2 M 10
1907 6226 2 12 65 M 20
2351 4190 1 24 0 C 0
4190 3376 1 4 0 C 0
2215 408 2 32 174 O 10
408 2181 2 31 172 O 20
2181 2169 2 25 139 O 20
2169 5509 2 13 72 O 30
5509 2198 2 7 36 O 10
6764 6768 1 8 44 M 20
6764 1381 2 8 43 O 30
6089 4166 1 7 37 M 30
4166 6087 1 20 108 O 10
4271 4270 1 3 12 O 30
4269 4272 1 3 13 O 20
4270 3327 1 69 380 O 20
4272 6089 1 17 92 O 30
5520 544 2 13 0 C 0
6090 6072 1 29 0 C 0
5619 5620 1 18 0 C 0
4273 6833 2 5 0 C 0
6833 6177 2 2 0 C 0
3310 4273 2 9 0 C 0
1436 3426 2 6 29 O 10
3426 3435 2 13 70 O 30
3435 3419 2 13 69 M 20
3419 3418 2 13 0 C 0
3418 3428 2 40 0 C 0
3962 3956 1 21 0 C 0
3956 3953 1 9 0 C 0
4089 3423 2 3 14 O 20
3423 3415 2 13 72 M 30
3415 4281 2 12 65 O 30
4282 4286 2 23 0 C 0
3412 3961 1 29 0 C 0
7394 4283 2 10 0 C 0
4283 7391 2 6 0 C 0
7391 7392 2 3 0 C 0
7392 4275 2 10 0 C 0
4276 7393 1 1 0 C 0
4279 4278 1 3 0 C 0
7500 4280 1 2 0 C 0
4280 4285 1 2 0 C 0
4285 4276 1 1 0 C 0
6266 1975 2 7 38 O 30
3731 4300 1 7 39 O 30
5936 3309 2 5 25 O 30
5217 1066 2 13 67 O 20
1066 6333 2 19 100 O 30
6333 5724 2 18 100 O 30
6638 5252 2 20 108 O 10
4013 5254 2 17 94 O 10
4339 6638 2 30 166 O 20
3516 937 2 2 6 O 20
373 5921 2 30 161 O 20
5285 4304 1 21 113 O 30
4303 4842 2 11 0 C 0
4306 1751 2 15 81 O 20
1751 4307 2 4 20 O 30
2426 2424 1 2 10 O 10
4311 3507 1 2 8 O 30
4310 3510 1 2 8 O 10
3510 3506 1 2 11 O 10
3506 3503 1 2 10 O 10
3503 3509 1 2 9 O 30
3509 4310 1 1 2 M 30
7339 5257 2 6 29 O 10
4312 4348 2 28 151 M 10
4313 3593 2 16 85 O 30
3593 2978 2 21 111 O 10
2978 3594 2 21 112 M 20
4314 4316 2 23 125 O 10
5292 4315 2 10 50 M 20
4315 3440 2 9 49 O 10
3440 4314 2 10 50 O 20
4314 3456 2 9 47 O 10
3456 320 2 8 42 O 30
320 4326 2 2 7 O 20
4326 3457 2 9 50 M 20
3457 4327 2 9 47 O 20
4327 7691 2 4 17 O 10
7691 7689 2 2 7 O 10
7689 3472 2 5 25 O 20
3472 4322 2 9 50 M 20
4322 3476 2 9 49 M 30
3476 4328 2 10 51 O 20
4328 8437 2 8 44 M 10
8437 3463 2 1 4 M 20
3463 8339 2 3 14 O 30
4327 4324 2 23 126 O 20
4315 4325 2 23 124 M 10
4328 4323 2 23 127 O 10
4322 4320 2 23 126 O 20
4317 628 2 34 185 O 20
4096 4321 2 14 72 O 30
4326 4318 2 23 125 O 10
4319 3892 2 17 89 O 10
3892 4317 2 18 95 O 20
2595 2125 2 10 52 O 10
2273 3343 2 2 9 O 20
4679 4004 2 8 42 O 30
5242 1294 2 13 67 O 20
1294 3996 2 12 62 O 10
3996 838 2 30 164 M 10
4004 4678 2 5 26 O 20
1285 2288 2 8 42 M 10
2288 2286 2 16 86 O 30
2291 2292 2 5 24 O 10
2280 2282 2 32 178 M 30
4647 4644 2 25 0 C 0
4644 4645 2 48 263 O 20
4344 7830 1 29 160 O 20
7830 7832 1 10 51 O 30
7307 4385 2 1 3 O 30
4385 7304 2 13 72 O 20
7304 4379 2 3 16 M 10
1076 4378 1 14 74 O 20
6201 4353 2 11 59 M 10
7324 8023 2 13 67 M 10
8023 4384 2 5 25 O 10
4373 7381 2 33 181 M 10
4379 7317 2 13 69 M 20
7317 7319 2 11 58 M 20
7319 7323 2 6 30 M 20
7323 7356 2 10 52 O 30
7356 4374 2 20 107 O 10
7350 7344 2 7 38 M 10
7344 7342 2 4 17 O 20
7342 7343 2 3 17 O 10
7343 4376 2 4 19 O 10
4376 7351 2 4 18 M 20
7351 7353 2 4 18 O 10
7353 7358 2 4 20 O 20
7358 7359 2 14 75 M 20
7359 7325 2 16 86 O 10
7325 4380 2 1 4 O 30
4380 4381 2 3 16 O 10
4382 4381 2 3 16 O 10
4349 4350 2 4 18 O 30
4356 4352 1 17 94 O 30
4352 4349 1 10 52 M 30
4349 4348 1 4 22 M 30
4348 4347 1 13 70 O 10
4355 7382 2 17 89 M 10
4352 4351 2 5 25 M 30
4361 4364 1 2 10 O 10
4364 4365 1 1 1 M 10
4365 4368 1 2 11 O 30
4368 4369 1 1 1 O 10
4369 4363 1 3 15 O 30
4363 4362 1 1 2 O 10
4362 4361 1 1 3 O 10
4359 4375 2 17 93 M 30
4375 4377 2 52 287 O 30
2420 7430 1 4 19 O 30
4384 4386 2 19 102 O 30
4373 4370 2 5 24 O 20
4370 5257 2 12 64 O 20
5257 4367 2 2 8 O 10
4369 4371 1 4 20 O 30
4366 4363 1 7 39 O 20
4383 4384 2 13 67 O 10
4384 1158 2 16 86 M 30
5585 671 2 6 30 O 30
4389 3929 2 18 94 M 30
3927 3928 2 19 102 M 30
4390 1755 2 10 52 M 20
4393 4391 2 27 146 O 30
4487 2577 2 26 142 M 30
2333 5516 1 16 84 O 10
5516 258 1 23 125 O 20
4760 3390 1 14 78 O 10
3028 4394 2 22 119 O 10
2344 4394 1 4 18 M 10
4395 4396 2 9 0 C 0
4396 4210 2 4 0 C 0
372 4397 1 3 0 C 0
2447 6507 1 19 0 C 0
7224 4334 2 18 0 C 0
4948 4953 2 4 21 O 30
4953 8555 2 17 90 O 10
8555 4955 2 17 90 O 10
4955 4954 2 29 161 M 30
4387 4409 1 2 8 O 30
4409 6973 1 3 14 O 20
6973 4407 1 2 6 O 20
4407 6972 1 2 10 O 20
6972 4410 1 2 11 O 20
4410 6974 1 1 1 O 20
6974 4408 1 1 4 O 30
4408 4387 1 2 9 O 10
5803 4619 1 83 458 O 30
4619 6216 1 44 240 O 10
6073 6624 1 15 0 C 0
6074 6075 1 6 0 C 0
6072 6073 1 6 0 C 0
6075 6071 1 31 0 C 0
3324 6090 1 8 0 C 0
6088 3973 1 22 118 O 10
6086 4417 1 22 121 O 10
4416 4169 1 19 0 C 0
6087 4170 1 8 0 C 0
4417 3326 1 7 34 O 10
6085 5455 1 26 0 C 0
4419 4424 1 2 0 C 0
704 4423 1 4 0 C 0
6757 4167 1 11 0 C 0
4167 7559 1 4 0 C 0
7559 7558 1 6 0 C 0
7558 5619 1 14 0 C 0
4418 4420 1 2 0 C 0
3327 4427 1 3 14 O 30
4427 4428 1 80 441 M 30
4425 4426 1 3 14 O 30
4426 4269 1 71 390 O 30
6783 6777 1 2 7 O 10
4431 4432 1 16 85 O 10
4432 4373 1 13 67 O 10
7951 1013 1 16 86 O 20
1013 4306 1 45 244 O 10
4306 5529 1 12 66 O 30
4440 6098 1 64 354 O 20
2400 5604 1 23 126 O 30
5604 5607 1 17 93 O 20
5728 2401 1 12 62 O 30
4436 4435 1 6 29 M 30
4437 4434 1 6 30 M 20
6097 6773 1 60 329 M 10
6081 6082 1 9 0 C 0
6084 6623 1 43 0 C 0
4428 4430 1 39 215 O 10
5525 4439 1 7 33 O 20
4439 5737 1 2 9 M 10
4438 4441 1 7 35 O 30
4442 5732 1 39 212 O 10
7436 4447 1 11 61 O 10
4726 2402 1 14 74 M 20
2402 5728 1 3 14 O 20
5736 5737 1 8 44 O 10
4963 5007 2 70 0 C 0
5007 4960 2 15 81 O 10
4960 4964 2 22 121 M 10
4964 4965 2 15 83 O 10
4989 4990 2 54 298 M 20
2342 2343 1 3 15 O 30
3242 3643 1 13 70 M 30
5723 706 2 11 58 O 20
3522 6256 1 26 143 M 10
3492 1239 1 19 102 O 30
6907 4338 2 1 5 O 20
2336 4506 2 45 249 O 30
4506 3733 2 5 22 O 20
3396 3395 1 2 9 O 20
6742 7198 2 11 58 O 10
7198 7194 2 5 24 M 20
7194 7188 2 3 14 O 20
7188 1550 2 3 14 O 30
1550 6134 2 10 52 M 30
2801 2785 2 43 234 O 30
2785 2782 2 19 103 O 20
2782 2781 2 19 103 O 20
2781 2803 2 19 103 O 20
2803 2794 2 19 103 O 30
2794 2793 2 15 78 O 30
2754 3915 2 76 420 O 10
6398 2695 1 6 28 O 10
864 2532 2 21 114 O 30
5291 5292 2 23 123 O 10
3937 749 2 5 25 O 10
749 1450 2 13 70 M 20
3890 7029 1 9 46 O 10
3086 3116 2 9 45 M 30
3116 6465 2 25 135 M 20
4490 3074 1 11 59 O 20
4495 4496 2 9 45 O 30
4496 4497 2 16 88 O 10
4497 4498 2 16 86 M 10
4498 4500 2 16 84 O 10
4506 3397 2 50 276 O 10
1157 4504 2 39 214 M 20
4508 4507 2 18 96 M 20
4507 4505 2 18 96 O 20
6439 3629 2 7 35 O 20
3629 6440 2 15 82 O 30
4513 1269 1 12 65 M 20
1269 1266 1 2 7 O 20
1266 1267 1 2 7 M 30
1267 4524 1 12 64 O 10
4524 6340 1 12 66 O 30
4516 4522 2 11 60 O 30
5716 6338 2 7 39 O 30
5421 4517 1 20 110 O 30
4517 4525 1 22 118 M 10
4514 1027 2 12 65 O 10
1027 4077 2 3 14 O 30
4077 7083 2 4 22 M 30
7083 1991 2 9 46 M 10
1991 1993 2 3 16 O 30
1993 5716 2 8 42 O 30
4515 4526 2 2 6 M 20
4512 6639 2 9 46 M 30
6639 4525 2 9 48 O 10
4521 4523 1 3 12 O 10
4523 4512 1 3 12 O 10
4512 4526 1 3 12 O 10
4526 4521 1 3 14 O 20
6340 4520 1 12 66 O 10
4520 1268 1 12 64 O 20
1268 1270 1 3 14 O 30
1270 4513 1 12 64 O 20
4527 2451 1 9 0 C 0
122 116 1 54 297 O 10
4641 5245 2 42 232 O 20
4640 4641 2 67 369 O 20
4186 4193 2 25 0 C 0
4193 4192 2 18 0 C 0
4192 4110 2 12 0 C 0
4659 4533 2 13 71 O 30
4660 4533 2 7 39 M 20
4663 4665 2 11 60 M 20
4662 4663 2 13 67 O 20
7562 6753 1 7 38 M 20
2208 2200 2 9 46 O 20
408 2209 2 6 33 O 10
2209 3491 2 27 146 O 20
3491 2208 2 37 205 O 10
402 3520 2 8 41 O 20
3520 408 2 15 79 O 30
2218 2216 2 14 77 O 20
400 2171 2 42 231 M 20
2171 2172 2 47 261 O 30
2172 2165 2 28 154 O 30
2165 3530 2 26 143 O 20
6264 6743 2 1 4 M 10
6262 1657 2 10 50 O 10
1657 6263 2 19 102 O 30
6262 6264 2 19 102 O 20
7631 6929 1 9 47 O 20
4230 7632 1 11 0 C 0
2065 2072 2 16 0 C 0
2250 4539 1 18 97 O 10
4537 4539 2 8 41 O 20
4539 4538 1 5 23 O 10
4538 2250 1 8 39 M 30
4537 4540 2 11 58 M 10
6050 6048 1 12 0 C 0
3379 5266 1 2 7 O 30
5117 5118 2 13 71 O 30
5028 5031 2 17 89 M 20
4975 4976 2 9 49 O 30
4602 6649 2 15 83 M 10
6649 6007 2 27 145 O 10
6007 7815 2 31 170 O 30
4601 4839 1 90 495 O 20
4607 4606 2 27 148 O 20
7810 6006 2 3 12 O 30
6006 4605 2 45 245 O 30
6298 4603 2 54 295 O 30
7820 6006 2 3 15 O 10
6006 7821 2 24 130 O 30
8458 4793 2 18 98 O 10
1365 1166 2 11 56 O 30
5216 7438 1 12 0 C 0
4209 4330 1 3 0 C 0
6132 5461 2 9 0 C 0
5461 5213 2 18 0 C 0
5213 5477 2 18 0 C 0
5477 6916 2 5 0 C 0
4398 4400 1 8 0 C 0
4401 5216 1 17 0 C 0
4724 4725 2 19 101 M 10
6181 3310 2 13 0 C 0
4168 7633 1 11 0 C 0
4737 4738 2 21 116 M 20
4736 4739 2 5 23 O 20
4739 6514 2 13 68 O 10
6514 4080 2 35 194 O 30
6802 2371 2 10 52 O 30
2371 2370 2 18 96 O 20
2370 6205 2 13 70 O 20
6205 2369 2 14 72 O 20
5160 4161 2 17 92 O 20
6112 4737 2 7 34 O 10
4737 4834 2 15 78 O 10
5160 5162 2 7 38 O 10
5162 8469 2 8 44 M 10
4745 1659 2 38 210 O 10
1659 3965 2 8 41 O 10
3965 3477 2 7 38 O 10
3477 3464 2 21 115 M 10
3464 3455 2 15 81 O 20
3455 2573 2 18 96 O 30
5294 3474 2 27 147 O 30
3474 5291 2 26 143 O 20
4743 5294 1 2 8 O 30
5294 4745 1 4 17 O 20
4747 4748 2 5 25 O 10
4748 3450 2 4 19 O 20
3450 3445 2 21 114 O 10
3445 2572 2 11 59 O 20
3949 4741 1 17 92 M 30
4751 3782 2 29 157 O 10
3776 2513 2 17 91 M 20
4750 4752 1 2 7 O 30
4752 4753 1 2 11 M 30
4753 4751 1 3 11 O 20
4751 3776 1 3 12 O 20
3776 4750 1 1 5 O 10
80 3734 2 29 157 O 30
3075 6494 2 13 68 O 30
6494 3392 2 1 5 M 20
4754 4756 1 10 53 O 20
4758 4757 1 6 31 O 20
4764 4763 2 23 125 O 20
4765 4722 2 2 11 O 30
4722 158 2 3 13 O 30
158 3401 2 14 78 O 30
3888 6739 2 4 20 O 30
5179 6426 1 3 14 O 30
6426 5786 1 7 35 O 30
5786 5179 1 7 37 O 30
4772 4771 2 6 31 O 30
5821 6886 2 6 33 O 20
3614 5821 2 40 220 M 20
6446 3653 2 11 60 M 30
4779 4247 2 20 110 O 30
4780 4781 1 1 2 M 20
4781 4779 1 3 16 O 10
467 7549 2 7 38 O 10
7549 7386 2 27 147 M 20
4784 4289 2 7 36 M 30
4289 4641 2 10 53 O 20
4836 1891 2 2 9 M 20
1891 1895 2 17 93 M 20
1895 4838 2 5 26 O 10
4601 5648 2 11 57 O 20
5648 4837 2 21 114 O 10
4838 1896 2 7 38 O 20
1896 4837 2 44 243 O 30
4837 7809 2 1 5 O 10
7809 6304 2 27 150 O 20
4836 4835 2 15 80 O 20
4835 4838 2 168 932 O 30
4836 1893 1 5 23 O 30
1893 1892 1 9 49 M 20
1892 1891 1 5 24 O 30
4288 4784 2 22 118 O 30
4841 4840 1 22 121 M 10
4844 4846 2 10 53 M 30
4846 4845 2 9 48 O 30
4846 4847 2 54 296 O 10
4848 2376 2 4 17 O 20
4849 3871 1 6 28 O 20
3871 4850 2 3 15 O 30
4855 4854 2 21 115 O 30
6269 8233 2 12 62 M 30
8233 6306 2 2 7 O 20
6306 6268 2 21 113 O 20
4856 4857 2 15 79 M 20
4877 1188 1 14 77 O 10
1188 4859 1 14 74 O 10
4863 6243 2 9 48 O 20
4864 4865 2 12 64 O 30
4867 4860 2 18 95 O 30
4866 4862 2 13 72 O 20
4879 5612 1 7 35 O 30
5612 3492 1 26 143 O 10
930 2437 2 3 12 O 20
4871 4874 2 11 59 O 20
4875 4870 2 11 57 M 30
8019 4874 2 27 149 O 20
4874 4873 2 2 10 O 20
4873 4872 2 10 54 O 20
4870 4873 2 14 74 O 10
4878 4879 2 2 10 O 20
4340 4341 1 45 247 O 10
4341 5148 1 4 22 M 20
5148 5147 1 7 36 M 20
5147 8261 1 9 46 M 20
8261 8266 1 4 19 O 20
8266 8264 1 2 8 O 10
8264 8268 1 4 21 M 10
8268 5723 1 16 84 O 10
1925 4881 2 4 19 O 30
4886 4884 1 6 30 O 30
7766 4889 2 18 99 O 10
4888 4887 2 16 84 O 10
4891 4892 2 21 116 M 20
4890 4893 2 20 109 M 10
4894 8032 2 8 40 M 10
8032 4895 2 4 22 M 10
2003 4854 2 6 28 M 20
4854 8236 2 2 6 M 20
8236 6306 2 10 54 O 10
5146 6029 2 2 7 O 20
6029 5142 2 2 11 O 30
5146 5143 2 5 25 O 20
6030 5144 2 2 11 O 20
6029 7450 2 5 23 O 30
5148 5646 2 6 28 M 30
5646 5147 2 7 36 O 20
5153 5154 2 8 42 O 10
4083 7211 2 26 143 O 20
7211 6335 2 14 73 M 30
5169 5170 2 7 35 O 20
5174 5175 2 7 33 O 30
6433 5176 2 7 35 O 10
6432 5177 2 8 41 O 20
3645 5178 2 7 34 M 20
5558 7146 2 30 163 O 20
7146 5180 2 6 32 O 20
5180 7116 2 17 92 M 20
7116 5557 2 16 84 O 10
4221 5180 2 50 273 M 30
5195 5196 2 19 104 O 10
5197 5198 2 15 78 M 30
5221 5222 2 31 170 O 30
5223 5224 2 11 59 M 20
5225 5226 2 10 50 O 30
5227 3740 2 30 163 O 10
935 1592 2 2 0 C 0
2051 1986 2 11 0 C 0
1986 4152 2 9 0 C 0
4488 2900 2 63 346 M 20
1606 1244 2 17 94 M 10
1244 298 2 4 21 O 20
298 4505 2 32 173 O 30
4505 4488 2 65 360 O 10
3671 7495 2 11 57 O 30
7495 1510 2 13 67 O 10
1510 1517 2 7 34 O 10
1517 7491 2 10 51 O 20
7491 7493 2 4 21 O 30
7493 6702 2 53 293 O 20
2912 616 2 11 58 O 10
5820 1191 1 18 100 O 10
1191 1192 1 13 71 O 30
1192 5453 1 13 71 O 10
6705 3669 1 14 75 O 30
2928 2912 2 21 116 M 10
2900 2896 2 17 89 O 30
2896 6062 2 19 104 O 10
6062 4797 2 2 9 O 10
4797 2914 2 15 79 M 30
4488 4800 2 16 84 O 10
5680 4804 2 15 81 O 10
4804 4454 2 19 100 O 10
4454 4509 2 18 97 O 30
4509 4488 2 18 97 O 10
3850 3848 1 19 102 O 20
3848 708 1 15 82 O 30
3241 3666 1 6 32 O 20
3666 1671 1 28 155 M 20
3671 3673 2 9 49 O 10
2430 2431 1 2 10 O 20
2431 2429 1 3 11 O 30
2429 2428 1 2 6 M 30
5464 3522 1 20 106 O 20
5722 2429 2 26 141 M 20
5611 4340 2 2 11 O 20
4340 3558 2 17 92 O 10
3552 6838 1 3 13 O 30
3537 3530 1 3 14 O 30
3530 2168 1 3 11 O 10
2278 4688 2 16 84 O 10
839 5232 1 1 5 M 10
5232 6513 2 20 106 O 30
6513 3507 2 20 109 O 10
5231 3551 2 41 225 O 20
3507 3514 1 2 11 O 20
3514 3519 1 2 11 O 20
2434 2433 1 2 6 O 30
2432 2435 1 2 10 O 20
2435 2436 1 2 11 O 30
3519 3517 1 2 9 O 20
3517 4311 1 1 1 O 10
5521 6755 1 4 0 C 0
6754 5518 1 3 13 O 20
6745 5521 2 3 0 C 0
656 6750 1 16 0 C 0
1240 6935 1 6 33 O 20
6935 3332 1 9 46 O 10
3334 8494 2 3 15 O 10
3497 8386 2 14 75 O 10
8386 8385 2 8 40 M 20
866 3493 1 2 8 M 10
3493 3484 1 11 57 O 10
5236 2277 2 29 160 M 20
2277 2191 2 19 102 O 10
2191 2279 2 13 71 O 30
2279 2311 2 14 73 M 30
2311 6375 2 14 75 M 10
6375 5528 2 4 22 O 10
4688 3574 2 12 62 O 20
5236 5235 1 2 10 M 20
5239 1288 2 3 16 O 10
1288 1291 2 4 17 M 20
1291 1293 2 3 16 O 30
1293 5241 2 5 25 O 30
7674 5242 1 1 4 O 30
5244 5247 1 3 12 O 10
5247 5246 1 3 12 O 30
5246 841 2 7 38 O 20
841 4616 2 43 238 M 10
4616 2187 2 23 127 M 20
5246 5248 1 3 12 M 30
5248 5245 1 3 12 O 20
5245 5244 1 1 2 O 20
3338 5582 2 4 19 M 30
5582 7651 2 1 6 O 10
2940 2933 1 3 13 O 30
2933 2923 1 6 28 M 20
5251 5250 1 2 10 O 30
5250 5249 1 4 22 O 30
6234 5869 2 10 51 O 10
6684 6694 1 14 72 M 10
6694 7223 1 4 22 M 10
7223 7220 1 5 27 O 10
7220 151 1 4 18 O 20
1683 1700 1 20 110 O 20
6099 6110 1 3 15 O 10
5880 6116 1 9 45 M 30
4484 1674 1 10 54 O 20
1674 6956 1 19 101 O 10
6956 3233 1 6 32 O 20
5250 5285 2 9 47 O 10
5285 1685 2 4 21 O 20
1685 1691 2 8 42 O 30
2908 5255 2 28 154 O 10
6671 3892 2 38 210 M 30
632 1357 1 32 175 O 30
1357 4319 1 8 43 M 30
628 6669 1 11 57 O 20
1120 6114 1 8 44 O 30
5701 6900 1 19 0 C 0
4214 5701 2 23 0 C 0
1803 4211 1 12 0 C 0
6279 1950 2 19 0 C 0
1950 1951 2 3 0 C 0
1951 5473 2 4 0 C 0
5473 6791 2 5 0 C 0
6791 5460 2 14 0 C 0
5460 2445 2 23 0 C 0
2445 6792 2 32 0 C 0
5456 6279 2 7 0 C 0
8003 4218 2 7 39 O 20
936 4216 1 33 0 C 0
1812 6355 1 2 0 C 0
6355 1811 1 2 0 C 0
3336 4215 1 29 0 C 0
4337 1401 2 12 62 O 30
1401 1412 2 6 29 O 20
280 6240 2 12 62 M 20
5721 2194 2 17 90 O 30
2194 2424 2 19 104 O 10
4213 1305 1 10 0 C 0
1305 1416 1 5 0 C 0
5721 1591 1 5 27 O 30
6761 5260 1 13 0 C 0
3335 6364 1 17 92 M 10
5466 5262 1 17 91 M 30
2109 890 2 12 62 O 10
890 5261 2 3 13 M 20
307 4338 1 23 126 O 10
5261 3218 2 4 19 O 30
3218 1590 2 8 44 M 20
4880 7965 2 5 24 M 10
6228 7978 2 1 5 M 20
7978 7970 2 4 20 M 20
7970 6141 2 14 76 O 10
2424 2423 1 2 11 O 10
2423 2425 1 3 12 O 10
939 7383 1 9 49 O 10
7383 8310 1 3 15 O 20
8310 3523 1 2 8 O 10
3523 651 1 10 50 O 10
651 6227 1 29 156 M 30
2425 2426 1 2 10 O 10
3492 3522 1 2 6 O 10
4342 6711 1 12 66 O 20
818 5008 2 57 0 C 0
5008 5383 2 13 0 C 0
6502 5522 1 49 267 O 10
4970 4986 2 17 92 O 20
4986 2014 2 73 402 M 20
2014 5814 2 12 65 M 20
5814 4107 2 16 85 M 10
4979 4980 2 31 167 O 10
4980 5874 2 21 113 O 30
3703 3705 2 3 14 M 30
5607 5608 1 24 133 O 20
5608 5609 1 16 85 O 20
5609 7396 1 6 30 M 10
904 3215 2 2 7 O 30
3215 8556 2 5 23 O 10
8556 3199 2 5 23 O 20
3199 3193 2 8 39 O 30
3193 5531 2 35 193 O 30
7502 3192 2 34 0 C 0
3192 3198 2 18 96 O 20
3331 3700 1 34 187 M 20
3700 3704 1 48 266 M 20
3704 3204 1 24 133 O 20
5434 7723 2 10 52 O 30
7723 2415 2 29 159 O 30
7950 5524 1 59 323 O 30
5524 2076 1 10 51 M 30
5447 5045 1 21 113 O 30
5045 6501 1 49 270 O 30
932 924 2 2 9 M 30
3709 3708 2 3 13 O 10
2414 5437 1 37 201 O 30
5437 5671 1 20 106 O 30
924 8377 1 85 470 O 10
8377 1280 1 12 63 O 20
5383 5011 2 44 0 C 0
5011 4138 2 63 350 O 10
4138 951 2 23 125 M 10
951 948 2 9 47 O 30
948 946 2 5 27 O 20
946 4183 2 6 33 O 20
4183 942 2 2 9 M 10
942 940 2 12 65 O 30
940 4207 2 18 97 O 20
4207 8557 2 7 34 O 20
8557 5382 2 7 34 M 20
5382 3370 2 2 10 O 30
3379 5532 1 5 25 O 10
5266 5534 1 2 7 O 30
5266 3378 1 28 154 M 30
3210 690 1 11 57 O 10
690 4954 1 27 149 O 30
4954 4951 1 24 133 M 20
4951 3702 1 49 269 O 10
5534 3379 1 1 5 O 10
4218 6360 2 9 45 O 10
6360 989 2 8 44 M 30
4219 5470 2 11 56 O 20
6902 7311 1 11 59 O 10
3897 7101 1 16 87 O 10
7101 7103 1 3 13 O 30
7103 7119 1 5 25 O 10
7119 3219 1 20 108 O 10
3219 764 1 5 26 O 20
764 1141 1 7 38 O 10
542 1493 2 11 60 O 30
1493 1497 2 7 34 O 10
1497 6497 2 5 26 O 20
6335 6672 1 22 122 O 10
6013 1129 1 6 32 O 20
541 7185 1 16 85 O 20
7185 6652 1 13 70 O 20
1212 6099 1 11 60 M 30
6335 6013 2 2 10 O 10
62 2744 2 9 46 M 20
2744 83 2 64 352 O 10
3181 669 2 5 23 O 20
2711 2702 1 5 28 O 20
2702 2676 1 2 9 O 30
5272 5273 2 11 57 O 30
5273 5274 2 51 279 O 10
3362 5383 2 22 0 C 0
3342 4114 2 16 84 O 20
666 3342 2 4 20 O 30
4114 4107 2 41 224 M 30
6776 6777 1 1 5 O 10
6770 6778 1 1 5 O 20
6778 6779 1 2 7 O 10
6779 6786 1 8 43 O 10
3622 3617 1 11 0 C 0
3618 3623 1 11 0 C 0
5424 5426 1 54 297 M 10
3617 4777 1 28 0 C 0
6036 5734 1 9 45 O 20
5288 1753 1 15 82 O 30
5289 5731 1 17 94 M 20
1754 1281 1 4 18 M 30
2422 6117 1 34 185 O 20
4231 6533 1 25 138 O 30
6533 6530 1 12 63 O 20
2397 7582 2 6 33 M 20
7582 771 2 37 200 O 30
771 5356 2 25 134 O 10
5357 5354 1 3 14 O 10
4779 3366 1 2 8 O 30
4594 1277 2 8 40 O 20
1277 4582 2 10 51 O 20
4582 6518 2 12 61 M 20
6722 6723 1 58 320 M 30
6518 6722 1 27 145 O 30
7946 6734 1 18 95 M 30
3366 4780 1 2 6 M 20
5598 6037 1 32 173 O 10
2382 2381 1 5 26 O 10
2381 1122 1 2 11 O 20
3707 1378 2 34 187 M 20
1378 2320 2 17 92 O 10
2320 1377 2 5 26 M 10
4899 4294 2 29 159 O 20
4294 4298 2 24 133 O 30
4298 4900 2 17 93 O 10
4900 4902 2 10 55 O 10
5724 5868 2 8 43 M 10
5935 6310 2 15 78 O 10
6310 6634 2 34 187 O 20
1463 6638 2 9 46 O 30
3938 3935 1 3 12 O 10
3935 3934 1 2 10 O 10
3934 2507 1 3 12 O 10
3949 3948 1 3 12 M 30
3946 5290 1 3 12 O 10
3948 3946 1 2 7 O 10
4063 4519 1 3 15 O 20
2571 2551 1 3 12 M 10
7506 4085 1 4 20 M 30
2503 3936 2 15 83 O 20
3936 564 2 52 288 O 30
564 5291 2 18 96 M 10
2521 2518 1 2 10 O 10
2518 2571 1 5 27 O 30
4033 4034 1 2 10 O 30
6969 4065 1 1 4 M 10
4065 6971 1 2 10 O 20
6971 6968 1 3 14 O 20
6968 4070 1 2 11 O 20
4070 6970 1 1 3 M 10
4039 4038 1 2 11 O 20
5363 1022 2 3 13 M 20
1022 2507 2 8 40 O 10
2529 566 2 2 8 O 10
5364 2503 2 7 36 M 30
5376 5377 2 15 80 O 20
2087 4151 2 10 0 C 0
4151 4150 2 22 0 C 0
4156 6068 2 5 0 C 0
3439 1882 2 59 323 O 20
1882 3467 2 20 110 O 30
5301 2576 2 16 86 M 10
2964 2952 2 79 434 O 30
4136 3772 2 79 435 O 30
5386 3844 2 10 52 O 20
3844 3833 2 17 91 M 20
3833 3826 2 17 93 M 30
3826 5846 2 11 56 O 10
5387 5840 2 38 208 O 30
5389 2947 2 47 258 O 30
3812 4268 2 41 226 O 20
5392 2948 2 42 229 M 30
3812 5391 2 14 76 O 20
3779 5323 2 56 306 O 10
5395 2949 2 59 325 O 30
6541 5395 2 25 135 O 10
735 2496 2 65 356 O 30
5318 5319 2 35 194 O 20
5298 5312 2 10 52 O 10
5312 5314 2 15 82 O 10
5317 2539 2 19 104 O 20
5297 5313 2 10 52 O 20
5313 5315 2 15 81 O 10
5399 3791 2 17 90 M 30
3791 3758 2 33 181 O 30
3758 3584 2 22 119 O 30
3443 3479 2 26 144 M 30
5402 5400 1 2 8 M 10
5400 5403 1 2 10 O 20
5403 5404 1 2 11 O 10
5404 5401 1 2 11 O 10
5401 5402 1 1 4 O 20
5400 3582 2 22 118 O 30
3582 3797 2 13 72 O 20
5406 3940 2 10 52 O 30
3931 3928 2 6 28 O 20
1447 7205 2 13 69 O 20
7205 3482 2 23 123 O 10
5405 3939 2 6 33 O 10
2550 5369 1 9 49 M 30
5369 2529 1 5 23 M 10
4329 2596 2 18 97 O 30
2596 2121 2 8 43 M 10
5412 5410 1 7 38 O 10
1063 6336 2 28 155 O 10
5411 5410 2 4 22 O 30
4091 4084 2 20 106 O 10
5293 4393 2 15 81 M 10
4393 1488 2 11 59 O 20
1488 4087 2 5 25 O 30
4087 4084 2 17 89 O 30
5560 6663 1 7 36 O 10
4085 3223 1 2 10 O 30
5397 5396 1 3 16 M 20
5396 2557 1 2 10 O 30
2523 2528 1 2 11 O 30
2537 2523 1 3 13 M 10
2963 2950 1 3 13 M 30
2584 2497 1 2 10 O 30
2531 2538 1 3 11 O 10
2538 2584 1 3 12 O 20
5388 2955 1 3 14 O 30
2955 2963 1 2 10 O 30
7618 3772 2 5 25 O 10
5290 3950 1 2 10 O 30
4744 4742 1 3 16 O 20
4742 4743 1 3 12 O 10
4745 4744 1 4 19 O 30
3876 4723 2 7 37 O 30
5426 5427 1 9 47 O 20
5427 5429 1 44 242 M 10
5429 5430 1 2 0 C 0
3632 3633 1 2 11 M 20
203 164 2 5 25 O 30
164 178 2 18 95 O 20
178 181 2 3 13 O 10
181 793 2 3 13 O 20
793 2912 2 11 58 O 20
5441 916 1 2 9 O 10
3248 2083 2 2 11 M 20
2083 2457 2 60 332 M 20
2457 2456 2 20 0 C 0
2456 2478 2 20 0 C 0
2478 2466 2 20 0 C 0
2466 2475 2 19 0 C 0
2475 2460 2 11 0 C 0
2469 7932 1 47 258 O 30
915 4521 2 21 116 O 20
934 3416 2 8 0 C 0
2473 2488 2 22 120 O 10
2488 7637 2 32 176 O 30
7637 7390 2 5 24 M 10
6341 1265 1 25 138 O 30
1265 3248 1 6 33 O 20
3248 915 1 17 91 O 20
4527 4528 2 7 0 C 0
2451 4528 2 6 0 C 0
2459 2451 2 6 0 C 0
2482 2483 2 3 13 O 20
2481 4149 2 2 0 C 0
965 4403 2 10 0 C 0
966 968 1 21 0 C 0
5442 5233 2 114 632 O 20
4261 5443 1 8 41 O 20
5443 5649 1 3 13 O 20
5649 4261 1 6 32 O 20
2647 2630 1 2 11 O 30
2652 2616 1 4 17 O 20
2630 2635 1 3 14 O 10
2633 2604 1 2 6 O 10
2604 2652 1 2 8 O 20
2625 2636 1 3 15 O 20
2606 2634 1 2 10 O 10
2634 2625 1 2 8 O 10
2603 2609 1 3 14 O 20
2615 2608 1 2 9 O 20
2608 2603 1 2 9 O 30
2629 2610 1 3 15 O 30
2648 4206 1 8 44 O 10
4206 6408 1 14 78 O 30
1263 1171 2 7 36 O 20
1171 97 2 3 12 O 30
97 3085 2 4 19 M 30
3085 3106 2 12 66 O 10
6738 5548 2 3 12 O 30
3102 2658 1 47 260 O 20
6730 931 1 30 165 O 20
8354 5423 1 15 78 O 10
2612 2643 1 3 13 O 10
7084 5490 1 7 35 O 30
2614 2612 1 2 6 O 30
6738 1390 1 13 71 M 30
1390 7531 1 27 145 O 10
7531 268 1 15 81 O 20
1261 3110 1 7 38 O 20
5430 6700 1 2 0 C 0
2628 2614 1 3 14 O 30
553 6701 1 19 104 O 10
5545 5546 1 32 176 O 30
7655 3671 2 24 0 C 0
2657 2633 1 3 14 O 20
2616 2649 1 2 7 O 10
2649 2657 1 3 12 O 10
2632 2605 1 3 14 M 30
2607 2632 1 3 13 O 30
7644 1107 1 11 59 M 20
3109 3082 1 20 109 O 30
3114 3082 1 3 12 O 20
4205 5589 1 2 8 O 30
5589 3110 1 8 42 M 10
2610 5444 1 3 13 M 30
2609 2655 1 2 10 O 30
2655 2626 1 2 10 O 10
2656 2606 1 3 14 O 10
6451 3389 1 12 64 O 20
3076 3102 1 3 12 O 10
2383 5600 1 11 57 O 10
6729 2384 1 9 47 M 30
3082 3076 1 3 13 O 10
2636 2654 1 2 8 M 20
2654 2656 1 2 10 M 10
3277 6191 1 48 262 O 10
5451 5450 2 23 123 O 30
4135 2827 2 7 36 O 30
4778 7078 2 16 87 O 10
7078 6471 2 1 5 M 10
6471 312 2 7 34 O 20
5479 5483 2 25 136 O 30
5483 5484 2 5 26 M 10
5484 2190 2 51 282 O 10
5479 5480 2 15 83 M 10
5480 5482 2 5 23 M 10
5482 5478 2 3 16 O 20
5478 5486 2 10 51 O 20
5485 5480 2 7 38 M 20
5481 5484 2 14 74 O 30
5485 5486 2 3 14 M 30
5486 5482 2 7 35 O 10
5483 5478 2 4 17 M 30
633 5968 1 2 10 M 10
3249 6504 1 4 19 O 30
274 5968 1 2 11 M 30
6053 5375 1 3 15 O 30
5493 5495 2 3 14 O 10
5495 3974 2 5 26 O 30
5496 5495 1 6 31 O 30
5494 7151 2 26 143 O 10
1604 2071 2 14 0 C 0
4698 6765 2 15 79 O 30
5497 7239 2 12 65 O 20
7239 5498 2 12 64 O 30
5504 5991 2 10 55 O 10
5501 5505 1 1 3 O 30
5505 5500 1 5 23 O 10
5500 5990 1 2 11 O 10
5990 5503 1 2 8 O 20
5503 5502 1 1 3 O 20
5502 5501 1 1 2 O 10
5993 5989 2 7 38 O 20
5989 5505 2 6 33 O 10
6765 6766 1 4 20 O 10
5509 5510 2 21 112 O 30
5511 5512 2 18 96 M 30
1060 6342 2 33 178 O 30
6342 6343 2 22 118 O 30
6343 4734 2 33 181 O 10
7231 548 2 3 13 M 20
548 7316 2 3 16 O 30
7316 5513 2 2 8 M 10
5515 5516 2 21 116 O 30
5516 6877 2 3 16 O 20
5537 5535 2 57 316 O 30
5538 5537 2 16 87 M 30
5537 5536 2 15 80 O 30
5542 6258 2 13 68 O 20
5540 3498 2 20 106 M 10
3498 3344 2 21 116 O 10
3344 6252 2 26 140 O 20
5540 5542 1 3 14 M 30
5542 5543 1 3 15 O 10
5543 5541 1 3 15 O 10
5541 5540 1 3 15 O 30
5552 5550 2 23 125 O 10
5830 3121 1 9 0 C 0
3121 7636 1 5 0 C 0
7636 2115 1 8 0 C 0
2115 2116 1 26 0 C 0
8443 8441 1 6 0 C 0
4358 2394 1 10 52 O 20
2420 6928 1 6 29 M 30
4360 7395 1 12 61 M 10
7430 4358 1 3 17 O 30
7676 7677 1 2 0 C 0
6424 5574 2 6 28 M 30
5577 5578 2 4 19 O 20
4769 5580 2 4 18 O 30
5580 5579 2 5 23 O 10
5580 5581 2 4 17 O 30
5575 5576 2 4 17 O 10
5582 5583 2 20 110 O 30
3967 3807 2 3 15 O 30
4776 94 1 10 52 O 20
5588 5590 1 4 20 O 10
7387 5588 1 21 112 O 20
3268 3257 1 46 0 C 0
3267 1254 1 28 154 O 30
2378 3264 1 68 375 O 20
1377 5879 2 2 8 O 10
4123 1114 2 12 62 M 10
1114 4118 2 41 224 O 30
4976 899 2 3 13 O 20
899 4977 2 14 77 O 20
4977 4978 2 16 84 O 10
4978 5040 2 4 17 M 10
5040 5038 2 10 52 O 30
5038 4979 2 4 21 M 20
5624 5623 2 18 98 O 20
5625 4912 2 11 58 O 30
4912 4911 2 6 32 M 30
4911 4910 2 19 105 O 10
3717 3360 2 7 33 O 20
4932 4933 2 20 106 O 30
6726 5641 1 19 103 O 30
5636 603 2 6 29 O 20
603 605 2 15 83 O 20
605 5638 2 8 39 O 30
5640 5639 2 13 71 O 20
5641 5634 1 9 48 O 20
636 5645 1 2 10 M 10
5645 5632 1 3 15 O 20
5632 598 1 5 24 M 30
598 5630 1 3 16 M 20
5630 636 1 2 7 O 20
5643 5639 2 13 72 M 30
5639 7300 2 13 68 O 10
4241 5641 2 10 55 O 20
2322 4946 2 10 54 O 30
4946 4947 2 13 70 O 10
5648 5647 2 15 79 M 30
5443 289 2 7 35 M 10
5650 7609 1 12 61 O 20
7609 7610 1 3 11 O 30
7610 5650 1 8 43 O 10
4265 4261 2 11 57 O 10
5649 5650 2 21 112 M 30
5652 6509 1 12 0 C 0
7629 2490 2 16 0 C 0
6509 5651 2 7 0 C 0
5651 5823 2 6 0 C 0
661 5722 1 2 10 O 10
660 5656 1 19 104 O 10
5656 7611 1 22 117 O 20
5657 1527 2 10 55 O 20
1527 1525 2 1 3 O 20
1525 3510 2 17 89 O 30
5654 3543 2 29 160 O 20
5658 1065 2 6 28 O 20
4542 5091 2 24 130 O 30
5665 5661 1 6 31 M 30
5664 5660 1 8 39 O 30
5662 5666 1 5 24 O 30
2587 5659 1 4 20 O 10
5659 5660 1 3 15 O 30
5660 5661 1 3 15 M 20
5661 5662 1 3 15 O 20
5662 5663 1 4 20 O 10
5667 5666 1 6 31 O 10
5666 5665 1 4 17 O 30
5665 5664 1 4 17 O 30
5664 5659 1 12 64 O 20
5668 5669 2 6 30 M 20
6186 2143 2 9 45 O 30
2143 1506 2 23 126 M 20
1506 5781 2 8 41 O 20
5781 1029 2 3 16 O 20
2384 931 1 2 8 O 20
2384 2383 1 6 33 O 30
4442 5728 1 21 116 O 20
6711 6790 1 2 7 O 30
6114 6116 1 2 9 O 20
150 4321 1 21 115 O 10
4321 3222 1 9 49 M 20
3222 6023 1 1 3 O 20
6116 4220 1 3 15 O 10
6116 6674 1 12 65 O 30
917 4463 1 3 15 O 30
5375 917 1 3 12 O 10
5375 5698 1 6 30 M 30
2463 2460 2 23 0 C 0
2460 4150 2 17 0 C 0
5961 4103 2 9 0 C 0
5676 6667 2 15 80 O 20
5678 2177 2 3 13 O 10
2177 2176 2 20 109 M 30
7570 2186 2 10 55 O 20
2186 4687 2 41 225 O 30
4687 2278 2 13 69 O 20
5528 3346 2 3 12 O 20
6200 5757 2 12 63 O 10
5757 1474 2 13 67 O 20
1474 6186 2 6 29 M 10
5681 4382 2 2 11 O 10
4382 5682 2 4 19 O 30
5682 4383 2 21 111 O 30
4383 5681 2 8 42 O 30
1168 8127 2 33 178 M 10
2440 2409 2 34 188 O 30
2409 2410 2 19 104 M 10
5684 5683 2 5 27 O 10
5683 4789 2 1 5 O 30
6457 3168 2 33 182 O 30
3168 3155 2 70 387 O 30
3110 3106 1 10 50 O 30
5697 4162 2 7 34 O 10
4162 5169 2 11 57 O 20
5169 4461 2 11 58 O 20
4461 2651 2 13 69 O 30
4164 6174 2 6 33 O 30
4769 5575 2 5 27 O 30
5575 6428 2 5 26 O 20
6428 5577 2 8 41 O 10
5577 6424 2 10 55 O 10
4770 4771 1 6 32 O 30
3650 5691 2 7 37 O 20
3647 3650 2 16 83 M 20
6415 5693 2 6 31 O 20
553 4208 1 2 10 O 10
6424 2638 2 8 44 M 30
2638 6425 2 9 48 O 30
6425 6423 2 18 96 O 30
5170 5172 1 9 48 O 30
5690 5172 2 8 40 O 10
4200 3642 2 11 60 M 20
3608 3606 2 11 56 O 10
5694 5695 2 7 35 O 20
5695 6027 2 4 19 O 10
4767 4766 1 7 38 M 30
4766 3620 1 10 50 O 10
3484 3492 1 16 88 M 10
5743 8022 2 1 4 O 10
8022 5744 2 3 13 O 20
5126 5373 2 10 53 O 10
5745 5750 2 12 62 O 10
5750 5749 2 56 306 O 10
5749 5746 2 12 66 O 10
5745 7847 2 2 11 M 10
7847 7848 2 4 17 M 20
7848 5748 2 27 146 M 20
5748 5747 2 15 79 O 10
5748 5749 2 38 208 O 30
5750 5751 2 5 25 O 30
5751 7851 2 6 32 O 10
7851 7849 2 5 25 O 10
7849 5752 2 6 30 M 30
6184 5753 2 15 79 O 20
6185 5756 2 9 47 O 30
5756 5754 2 70 384 O 10
5754 5755 2 23 124 O 20
5755 5756 2 15 78 O 30
5757 5758 2 25 138 M 30
767 5758 2 16 85 M 20
5758 5759 2 56 308 O 20
5759 5760 2 15 79 O 20
5759 5761 2 9 46 O 30
5763 5764 2 22 118 O 20
5764 5765 2 7 38 O 10
5762 7712 2 31 170 O 10
7712 7711 2 32 176 O 10
5767 5768 2 24 129 M 20
5769 5774 2 24 132 O 10
5774 5770 2 2 6 M 10
5770 5772 2 10 55 O 10
5772 5771 2 6 29 O 10
5772 5773 2 40 221 O 20
5773 5770 2 9 48 O 20
5774 5768 2 14 78 O 10
5775 5776 2 26 140 M 20
5777 5778 2 34 185 M 10
5779 5780 2 46 254 O 10
5781 5782 2 29 159 O 30
404 2178 2 28 153 O 10
88 3291 1 16 89 O 30
3291 87 1 26 142 M 20
5644 2119 2 16 86 O 20
5639 607 2 5 27 O 30
607 5637 2 16 88 O 20
5793 5796 2 13 69 O 20
5793 5792 2 4 18 O 30
637 591 2 8 41 O 10
591 5795 2 8 40 O 30
5627 7299 2 15 79 M 20
1976 6266 2 16 86 M 20
5810 6762 2 19 101 O 20
5809 6911 1 3 12 M 30
8503 1583 2 5 26 O 30
2196 3347 2 21 113 O 10
3347 5812 2 2 10 O 30
1589 5721 1 11 58 O 30
6790 5607 1 4 17 O 30
3506 2111 2 8 39 O 10
2111 3541 2 11 60 M 10
5811 6266 2 11 59 M 10
2196 5811 2 11 57 O 20
5219 466 2 10 51 O 30
466 619 2 30 165 O 30
619 621 2 11 60 O 10
621 5052 2 23 124 O 30
5052 7649 2 34 187 O 20
1112 5813 2 7 34 O 10
5816 5817 2 25 134 O 20
5822 4334 2 1 0 C 0
7628 7629 2 9 0 C 0
2467 5958 2 14 0 C 0
5958 2472 2 11 0 C 0
2472 974 2 32 0 C 0
3458 3480 2 11 57 O 10
5827 2571 2 9 49 O 20
5834 3757 2 12 63 O 10
3757 3771 2 13 71 O 30
3771 3789 2 17 92 O 10
3789 3967 2 17 91 M 20
730 3834 2 14 74 O 30
3834 3827 2 6 32 O 30
3827 3830 2 8 44 M 20
3830 3842 2 13 68 O 20
3842 2591 2 17 94 M 10
5831 3323 2 62 0 C 0
5832 5317 2 10 51 O 10
5833 5832 2 21 115 O 30
5826 6619 2 8 40 O 20
5824 5825 2 9 0 C 0
5825 5826 2 43 238 O 30
5829 5299 2 12 62 O 30
3838 5309 2 8 40 M 10
5309 5829 2 4 18 O 30
5835 1466 2 10 55 O 10
1466 286 2 3 16 O 30
286 288 2 4 17 O 10
288 7796 2 8 42 O 10
5836 2961 2 10 54 O 20
5841 3836 2 18 98 O 20
3836 719 2 12 64 O 30
719 3826 2 24 129 O 30
2961 2949 2 11 59 O 20
2949 2958 2 16 85 O 10
2958 5388 2 15 80 O 20
5843 5842 2 11 57 O 30
5842 713 2 32 172 O 10
713 711 2 5 23 M 30
711 2953 2 1 3 O 10
922 4459 2 8 42 O 20
4459 4458 2 17 90 M 20
4458 4457 2 17 91 O 10
4457 4456 2 23 123 O 30
4456 4268 2 17 91 M 10
4268 2954 2 16 89 M 10
5837 3793 2 11 58 O 20
3793 3770 2 21 112 O 10
3770 3804 2 16 84 O 10
5839 5838 2 27 147 M 30
5838 1638 2 4 19 O 30
1638 2960 2 6 29 O 10
2960 2965 2 17 91 O 30
2965 2575 2 59 324 O 10
5840 2538 2 6 28 O 20
5845 3826 2 7 38 O 10
7617 849 2 9 49 O 10
3743 5851 2 10 51 O 10
5851 4460 2 17 91 O 10
5853 7267 2 9 0 C 0
5854 5855 2 6 0 C 0
5855 2969 2 8 0 C 0
7263 3752 2 18 0 C 0
3752 3754 2 19 0 C 0
3754 3753 2 20 0 C 0
3753 4851 2 15 0 C 0
4851 2882 2 11 0 C 0
3745 5850 2 6 31 O 10
5850 3749 2 20 111 O 10
2789 3595 2 3 0 C 0
3595 2797 2 19 0 C 0
2797 7614 2 6 0 C 0
3745 3743 2 19 105 O 10
5849 5848 2 10 55 M 10
2879 5849 2 8 43 O 10
5848 3745 2 8 41 O 20
3743 3741 2 19 105 O 20
3741 5847 2 10 54 O 30
2886 2981 2 21 112 O 30
2981 3588 2 21 111 O 20
3588 2801 2 19 105 O 20
2879 5852 2 8 42 M 10
5852 2884 2 15 79 M 10
2882 2878 2 16 0 C 0
5864 5865 2 4 18 M 30
5865 2877 2 14 77 O 10
2877 3741 2 23 127 O 10
3741 3748 2 26 141 M 30
5867 3006 2 12 62 O 30
3006 3745 2 23 127 O 20
5858 2502 2 9 46 M 30
5856 2557 2 8 44 O 20
5857 870 2 11 56 O 30
870 5856 2 1 4 O 30
5398 5858 2 7 37 O 10
3002 2977 2 4 20 O 10
5862 5863 2 4 19 O 30
2971 3002 2 22 119 O 10
5863 2982 2 9 45 O 30
2982 2971 2 2 8 M 30
5860 3003 2 5 23 O 30
3003 3007 2 6 29 M 10
3007 5862 2 7 34 O 10
2977 2994 2 10 53 O 10
2994 3136 2 3 12 O 30
3136 2968 2 21 111 O 30
2968 3001 2 21 112 M 30
3001 2970 2 12 66 O 20
5866 1040 2 16 88 O 10
4299 3731 1 18 95 O 20
5861 3002 2 8 43 O 10
5859 3143 2 11 57 O 10
3143 6522 2 9 46 O 10
6522 3128 2 8 43 O 30
3128 3134 2 8 41 O 10
3134 3135 2 31 170 O 30
3135 3144 2 15 82 O 10
3144 3132 2 18 96 O 20
5868 5924 2 13 72 O 20
8466 5819 2 10 52 O 10
5819 5163 2 25 134 O 10
5163 6014 2 13 68 O 30
5871 4023 2 10 54 M 10
8306 1065 2 9 45 O 30
5471 7709 2 20 107 O 10
7709 5253 2 4 22 O 10
5253 5217 2 3 13 O 20
4302 4339 2 8 42 O 30
5869 6523 2 10 50 O 20
7738 6234 2 3 12 M 10
5571 8330 2 1 5 M 20
360 4021 2 42 228 O 30
5029 5120 2 13 70 O 30
5120 5122 2 41 228 M 30
5122 5031 2 7 39 O 20
5031 5873 2 5 25 M 20
5875 4979 2 15 79 M 30
5013 5875 2 5 26 O 10
4981 5025 2 14 74 O 10
5025 4982 2 5 27 O 30
5874 4981 2 7 36 O 10
4982 5018 2 10 53 O 30
5018 5034 2 8 44 O 20
5879 2319 2 2 10 O 30
5121 5872 2 9 45 O 20
5013 5014 2 18 97 O 10
5014 5877 2 15 82 O 30
4962 4963 2 9 0 C 0
5878 4956 2 12 66 O 10
5021 5020 2 21 112 O 30
5020 5017 2 21 113 O 10
7540 5277 1 16 87 O 30
5890 1287 2 1 1 O 30
1287 2304 2 22 122 O 20
2304 2298 2 21 112 O 20
5094 5884 2 10 51 M 30
5883 5054 2 18 97 O 30
5071 5883 2 13 72 O 20
5886 5028 2 5 25 O 30
5028 5029 2 72 397 O 30
5877 5015 2 4 22 O 20
5015 5876 2 31 167 O 10
5475 5219 2 9 48 O 30
5889 3703 2 7 38 O 10
4971 5888 2 13 70 O 30
5885 5054 2 8 40 O 10
5882 1508 2 35 190 O 10
1508 5052 2 7 36 O 30
5094 5882 2 5 27 O 30
5098 5887 2 11 58 O 10
5887 6546 2 12 66 O 10
3912 3179 1 9 46 O 30
8305 4015 2 16 85 O 20
347 5922 2 10 51 M 30
5922 5891 2 7 39 M 30
375 5921 2 5 25 M 20
1571 1570 1 5 24 O 10
1570 1573 1 8 42 O 10
4543 5895 2 10 52 O 10
5894 4543 2 9 45 O 20
5896 4470 2 2 7 O 20
4470 5898 2 16 84 O 30
5895 4469 2 4 21 O 30
4469 3578 2 11 57 O 10
3578 5896 2 9 48 O 30
4180 253 2 39 212 M 10
253 6484 2 7 34 O 10
2276 249 1 12 65 O 20
249 5899 1 3 12 O 10
3716 6984 2 7 35 O 10
6984 3719 2 6 30 O 30
3719 5897 2 11 57 O 30
5897 6983 2 14 77 O 20
6983 15 2 22 121 O 30
15 6982 2 12 64 O 30
6982 5114 2 18 97 O 20
5114 6962 2 11 58 O 30
6962 6565 2 17 91 M 20
5893 5438 2 2 8 O 10
5438 3716 2 9 45 O 20
3680 5902 2 4 20 O 10
5902 7375 2 6 29 O 30
7375 7376 2 2 6 O 20
7376 7377 2 14 76 O 20
7377 8131 2 1 5 O 20
8131 8134 2 3 11 O 30
8134 5903 2 5 23 O 30
5905 5904 1 6 30 O 30
5904 6329 1 5 25 O 30
6329 5903 1 6 32 M 10
5903 5905 1 1 5 O 10
5899 4181 2 2 10 O 10
5900 3680 1 9 47 O 20
2659 2658 2 3 12 O 10
2658 5908 2 60 0 C 0
3884 4173 2 9 47 O 10
4290 5909 2 11 58 O 20
5912 6271 2 2 10 O 20
6271 6905 2 4 20 O 30
6905 5910 2 2 9 O 20
5910 6906 2 7 37 O 20
5911 5910 2 15 80 M 20
5913 3508 2 28 152 O 20
3945 5929 1 2 0 C 0
4430 6092 1 19 102 O 20
6115 5880 1 6 33 M 10
2340 5212 1 58 319 O 20
5941 3399 1 16 85 O 10
796 8541 1 6 30 O 20
6061 5583 2 17 90 O 10
5583 3338 2 14 76 O 10
5939 4113 2 2 9 O 30
4107 1995 2 7 38 O 10
1995 5259 2 13 69 O 10
3397 2336 1 11 58 O 20
3244 2342 1 3 15 O 30
2340 6742 2 3 13 O 30
5572 4840 2 29 156 M 20
5940 3266 1 114 629 O 20
2690 2679 2 8 40 O 30
6395 2756 2 9 47 O 10
1782 1781 1 4 17 O 20
1781 5945 1 3 16 O 30
5945 5948 1 3 13 O 10
3665 3663 2 3 11 O 30
3663 5946 2 13 68 O 20
5948 5944 1 7 36 O 20
5942 5943 2 3 12 O 10
135 134 2 20 110 O 30
5961 5960 2 28 0 C 0
5960 5959 2 33 0 C 0
5959 5958 2 29 0 C 0
5975 274 1 5 25 O 10
5469 4219 2 20 108 O 20
3132 2976 2 16 88 O 30
4632 4633 1 8 41 O 30
4633 5256 1 8 40 M 30
6721 3888 1 18 100 O 30
5981 5984 2 7 38 M 30
5984 5982 2 8 40 M 20
5982 6019 2 12 64 O 10
5982 5983 1 8 40 O 10
5983 5984 1 6 29 O 10
5990 5991 1 37 205 O 10
5991 5992 1 4 21 M 20
5992 5985 1 9 50 O 20
5985 5653 1 3 12 O 20
5653 5503 1 28 155 O 10
5985 5987 2 17 91 O 10
5987 5988 2 6 33 M 10
5988 5986 2 3 15 O 10
5502 5987 1 16 86 O 30
5988 5989 1 9 46 O 30
5653 5992 1 10 52 O 30
5995 5993 1 10 52 M 20
5996 5998 2 16 88 M 20
5998 5997 2 44 239 O 20
5998 5999 2 17 94 O 30
4612 6000 2 3 16 M 10
6000 6001 2 10 51 O 30
6000 6002 2 4 22 O 20
6003 6004 2 1 4 O 20
6004 6001 2 13 71 M 30
6001 6003 2 5 23 M 30
6004 5997 2 6 31 O 20
5997 6005 2 59 325 O 30
4839 7815 2 16 85 O 20
7815 6009 2 6 30 M 20
6015 6016 2 7 36 M 10
6017 6018 2 9 50 O 30
6020 6021 2 4 21 M 20
5695 6028 2 4 18 O 20
5136 6031 2 13 67 O 20
5135 5136 1 18 95 O 20
6706 6035 1 13 0 C 0
6043 645 2 5 27 O 10
645 646 2 3 14 O 20
646 6044 2 39 216 O 20
6046 6042 2 4 20 O 30
6042 6040 2 5 26 O 10
6041 6042 2 9 47 O 30
6047 4462 2 53 290 O 20
4462 5428 2 10 56 O 10
4237 7941 2 14 75 O 20
7941 4238 2 2 8 O 20
6056 6057 2 5 25 M 10
6057 7615 2 24 130 M 20
6055 1663 2 15 81 O 10
4163 2643 1 45 249 O 20
6259 2631 1 8 40 M 10
6059 6058 2 5 26 M 10
6058 6060 2 5 24 O 30
6885 3614 2 14 72 O 20
6693 6064 2 11 59 M 30
6063 6064 2 4 21 O 20
4222 3914 2 16 86 O 10
3914 5139 2 17 89 O 30
5139 74 2 14 73 M 10
7068 6067 2 57 312 M 20
6068 5381 2 5 0 C 0
6069 5459 2 2 0 C 0
974 6069 2 1 0 C 0
6119 6118 2 35 191 O 10
7253 7163 2 5 27 O 20
7163 7472 2 5 25 M 20
7472 345 2 5 24 O 30
845 3635 2 16 88 M 30
3635 3637 2 20 109 O 30
3637 5696 2 7 36 O 10
5138 3221 2 2 11 O 30
3243 3016 1 26 142 M 30
3227 3232 1 2 11 O 10
6126 6237 2 2 6 O 10
6125 6126 2 15 0 C 0
6222 5717 1 9 0 C 0
1415 6236 1 8 0 C 0
6128 6222 1 10 0 C 0
6139 1561 2 3 16 M 30
1561 6140 2 20 107 M 20
6145 6144 2 36 199 O 20
6522 6145 2 9 45 M 30
6145 8558 2 14 72 O 20
8558 6144 2 14 72 O 10
6144 6143 2 3 13 O 10
6146 6147 2 10 51 O 10
6148 6149 2 13 70 M 10
6150 6151 2 8 42 O 10
4145 6152 2 17 0 C 0
6153 6152 2 6 29 O 30
4699 4701 2 45 249 O 30
4701 4700 2 14 74 M 20
4700 6602 2 4 22 M 20
6602 6601 2 16 84 M 10
4142 4196 2 30 164 O 20
4196 4137 2 3 14 M 10
4137 4138 2 23 126 O 20
6161 575 2 2 6 O 20
575 6162 2 13 68 O 20
6169 6231 2 3 17 M 10
6187 6188 1 17 0 C 0
6188 6189 1 63 0 C 0
6189 3256 1 98 0 C 0
6192 6664 1 29 157 M 30
1439 2369 2 34 184 O 10
2369 1440 2 23 126 O 30
6194 3295 1 22 120 O 20
8505 6187 1 13 0 C 0
3689 5917 2 10 51 O 20
6664 5275 1 42 232 O 30
6213 1003 1 1 3 M 30
6196 6197 2 15 79 O 30
4222 5140 2 16 84 O 10
5140 5419 2 17 92 O 10
5419 4500 2 17 93 O 10
6064 7144 2 8 39 O 20
7144 1057 2 5 26 M 30
1057 5558 2 17 92 M 30
5558 4221 2 56 310 O 20
4221 4222 2 33 178 O 20
3064 3072 2 26 142 O 20
3072 295 2 8 42 O 10
295 3075 2 19 100 O 30
6389 6388 1 10 50 O 30
6388 6387 1 5 26 M 20
6387 6389 1 3 12 O 20
6204 6203 2 18 96 O 30
6206 6205 2 34 189 M 30
6209 6208 2 32 177 O 30
2532 8488 2 15 79 O 30
6642 6639 2 36 198 O 10
6273 6274 2 3 14 O 30
6274 7286 2 4 17 M 10
7286 7287 2 1 4 M 30
7287 7288 2 11 56 M 10
6210 3505 2 3 13 M 20
6214 5798 1 15 81 M 10
6788 5538 1 11 59 O 20
6215 5804 1 9 47 O 10
5799 5800 1 54 298 O 10
6216 3997 1 10 54 O 30
2274 1847 1 26 143 O 20
3998 6217 1 7 34 O 30
6217 6386 1 10 54 O 20
2187 3341 1 5 26 O 10
6218 6787 1 10 55 O 20
5800 6218 1 7 35 O 30
6219 5072 2 5 26 O 20
5415 6219 2 18 99 O 10
5072 5055 2 11 60 O 10
1078 6120 2 10 53 O 30
6120 5380 2 4 21 O 20
5380 5414 2 4 20 O 30
6220 5006 2 11 56 O 10
5006 6221 2 10 53 O 30
6224 7497 2 30 165 M 20
4208 6159 1 10 52 O 20
6272 6271 1 1 6 O 20
6274 6903 1 4 19 O 10
6278 6277 2 2 11 M 20
6281 872 2 40 221 O 30
6282 6280 1 1 4 O 10
6285 7232 2 11 61 O 30
6286 6285 1 3 12 O 20
6285 3351 1 2 11 O 10
3351 6283 1 2 9 O 10
6283 6286 1 1 4 O 10
6284 1398 2 1 3 O 30
1398 5469 2 18 98 O 10
6289 6284 1 1 3 O 30
6284 6288 1 2 6 O 30
6288 6287 1 1 5 O 20
6287 6902 1 1 2 O 20
6902 6290 1 2 7 M 10
6290 6289 1 2 9 M 30
6291 3997 2 17 93 O 10
6296 6294 1 2 8 O 30
6294 6295 1 1 4 O 20
6295 6293 1 2 8 O 30
6293 6292 1 1 4 O 10
6292 6297 1 2 8 O 20
6297 6296 1 2 6 O 10
7818 7819 1 1 3 M 30
7819 6301 1 1 2 O 30
6301 7817 1 2 10 O 20
7817 6300 1 1 2 O 30
6300 6302 1 2 10 M 10
6302 6299 1 2 8 O 10
6299 109 1 2 7 O 30
109 108 1 2 9 O 20
108 6303 1 1 1 O 30
6303 7818 1 2 8 O 10
7012 43 1 3 16 O 10
43 6315 1 31 171 O 30
6315 6317 1 13 69 M 30
6317 6314 1 4 19 O 30
6314 6313 1 4 19 O 20
6313 6312 1 4 19 O 20
6312 7011 1 5 24 O 10
7011 6311 1 25 138 O 10
6314 6316 2 10 51 O 10
6316 6317 2 6 31 M 30
7377 6322 2 3 13 O 20
6322 6321 2 4 17 O 20
6321 6320 2 4 19 O 10
6324 6321 2 10 50 O 20
6321 6323 2 13 70 O 10
6326 6320 2 6 33 O 10
6320 6325 2 9 50 M 30
6329 6324 2 4 19 M 10
6324 6326 2 5 26 M 10
6326 6325 2 16 88 O 30
6325 6323 2 6 33 O 30
6323 6849 2 3 14 O 10
6849 6328 2 1 5 O 10
6328 6322 2 12 65 O 30
6322 6327 2 6 30 O 30
6331 6330 2 16 87 O 10
6332 7380 2 45 248 M 20
7380 7379 2 10 52 O 30
7379 7373 2 38 211 O 20
4149 4485 2 12 0 C 0
6358 6359 2 3 16 O 30
6360 6363 2 5 26 O 30
6363 6361 2 3 16 O 20
6362 6363 2 10 54 O 30
6372 6371 2 9 48 O 10
3920 6373 2 27 148 O 10
6375 6374 2 28 153 O 10
6376 6379 2 31 170 O 30
6378 6377 2 20 109 O 10
6381 6382 1 26 139 O 30
6383 6376 2 8 40 O 10
6376 6382 2 7 36 O 30
6382 8559 2 7 35 M 20
8559 6381 2 7 35 O 10
6381 6378 2 7 37 O 30
6378 4001 2 7 35 O 10
6385 6384 2 15 78 O 10
6386 4001 1 8 44 O 30
4841 3750 2 22 0 C 0
6198 6389 2 13 67 O 10
6199 6198 2 23 126 O 30
4090 3250 1 2 8 O 10
3250 572 1 2 7 O 10
573 569 1 5 23 M 10
7508 918 1 4 17 O 30
1446 3941 2 8 43 M 10
3941 2534 2 28 155 O 20
2534 1445 2 14 74 O 30
4098 5422 1 13 68 O 30
1845 4111 2 8 39 O 20
4111 8417 2 4 18 O 10
8417 3338 2 8 44 M 10
6648 6895 2 14 77 O 30
5671 4578 1 26 144 O 10
6678 3896 2 2 10 O 30
6687 3897 2 2 9 O 10
6688 6689 1 11 60 O 10
6687 3896 1 4 19 O 20
6678 3897 1 3 16 O 30
6676 759 1 5 27 O 30
759 6677 1 3 12 O 20
6677 6678 1 16 85 O 20
2678 6397 1 14 77 O 20
2734 2700 1 10 55 O 10
4148 4209 1 4 0 C 0
4397 4398 1 4 0 C 0
6776 6784 1 4 18 O 20
6775 6778 1 1 5 O 30
6777 6785 1 2 10 O 10
6770 7542 1 3 13 O 10
4422 4421 1 4 0 C 0
4423 4418 1 1 0 C 0
6396 223 2 5 24 O 20
223 218 2 1 5 O 20
218 6392 2 1 4 O 10
6897 2471 1 7 0 C 0
2462 6898 1 7 0 C 0
5972 633 1 11 59 O 30
5968 5971 1 3 12 O 30
7470 8245 2 9 49 O 30
8245 6936 2 4 18 O 30
6936 7635 2 7 37 M 30
5722 5464 1 21 113 O 20
7943 7565 1 84 464 M 20
3360 3348 2 3 13 M 20
7566 7942 1 105 582 O 20
2386 7948 1 9 45 M 30
5426 3646 1 2 9 M 10
5425 5426 1 3 12 M 20
3646 6625 1 3 11 O 20
6625 5425 1 2 10 O 30
3646 6699 1 6 32 O 10
3853 3855 1 11 61 O 10
3856 3855 2 2 0 C 0
3856 8299 1 3 16 O 20
8299 8302 1 5 27 O 10
8302 3854 1 3 16 O 30
3675 3674 2 2 10 O 10
1135 6950 1 13 68 O 30
642 3672 2 14 77 O 10
3672 1608 2 15 79 O 30
5424 5423 1 2 11 M 20
5423 3632 1 2 9 M 10
3623 7641 1 34 187 O 10
3854 3853 2 2 9 O 10
3851 1134 1 16 84 O 30
3854 3852 1 19 101 O 30
3850 3849 2 2 9 O 10
6702 5820 2 2 9 O 20
3247 3857 2 2 0 C 0
198 641 1 26 0 C 0
641 3857 1 2 0 C 0
3247 3856 1 34 0 C 0
3851 3852 2 2 9 O 30
3852 3850 1 19 101 O 20
3849 3851 1 19 102 O 20
3130 3141 2 2 0 C 0
2561 3846 2 17 0 C 0
3846 3828 2 24 0 C 0
3828 4108 2 20 0 C 0
2493 2087 2 20 0 C 0
5381 6794 2 4 0 C 0
4147 6352 1 22 0 C 0
5491 5458 1 17 0 C 0
5559 571 1 18 98 M 30
3220 6335 1 25 134 O 20
1130 3250 1 21 113 O 20
4085 7510 1 4 17 O 30
3253 3223 1 14 77 O 10
6667 5675 2 2 8 M 30
3237 3253 1 26 142 O 10
5698 1423 1 27 150 O 30
7751 6667 1 11 56 O 30
913 2482 1 11 58 O 30
2483 6341 1 11 59 O 20
6341 913 2 3 12 O 10
6667 7747 1 9 47 O 30
4463 6053 1 1 4 M 10
3465 5560 1 20 106 O 30
3427 7758 1 16 87 M 10
1419 5704 1 3 16 O 30
7755 7757 1 5 25 O 20
6662 6868 1 9 49 O 10
3420 5422 1 2 10 M 20
3420 7015 1 9 48 O 20
5422 3926 1 6 29 O 20
3926 5565 1 33 179 O 10
1209 3420 1 26 140 O 20
3422 5565 2 2 11 M 20
6745 5618 1 4 0 C 0
5617 4535 1 3 0 C 0
4535 5521 1 15 0 C 0
6400 6744 1 5 28 O 10
6751 6399 1 6 29 O 20
6083 6084 1 10 0 C 0
6083 6082 2 3 0 C 0
5517 2241 1 3 0 C 0
5620 6758 1 8 0 C 0
7225 5051 2 7 36 O 20
5051 7226 2 6 29 O 10
3369 6049 1 11 59 O 20
3371 3369 1 18 0 C 0
7677 2350 1 3 0 C 0
2350 2351 1 2 0 C 0
6099 6403 1 3 16 O 10
1213 6110 1 15 79 O 20
6401 248 1 4 20 M 30
6110 911 1 3 13 O 30
3690 3689 2 3 12 O 10
3689 6404 1 5 23 O 10
90 3689 1 16 86 O 20
6405 3690 1 4 22 O 30
6402 7001 1 14 75 M 10
7001 89 1 42 228 O 20
6665 6683 1 8 43 O 30
6683 6684 1 8 39 O 20
6681 6695 1 7 37 O 30
6695 6683 2 2 10 O 20
6674 6666 1 9 47 M 10
6666 6665 1 13 71 M 30
6695 1137 1 6 29 O 30
6682 1136 1 6 30 O 10
910 1131 1 13 67 O 20
6671 628 1 17 89 O 30
2043 6826 2 29 0 C 0
6475 6474 2 13 70 O 20
4298 4901 2 49 267 O 10
6486 6485 2 18 97 M 20
6487 5167 2 12 63 O 20
6488 5326 2 10 50 M 30
4191 4188 2 51 279 O 10
6491 6490 2 11 56 O 30
4086 6492 2 10 54 O 20
6689 5138 1 11 59 O 30
3221 6676 1 10 54 O 10
5138 3227 1 38 211 O 10
3226 3221 1 21 115 O 10
4160 6437 2 14 76 O 10
6437 6434 2 11 57 M 30
6433 5173 2 11 60 O 20
3900 3901 2 2 10 M 10
3905 3901 1 23 125 O 20
3900 3904 1 23 124 O 10
3901 3243 1 9 49 O 10
3231 3900 1 9 45 O 10
542 3905 1 26 143 O 30
3904 3907 1 12 64 O 30
3907 541 1 15 80 O 30
3396 3394 1 6 32 M 20
6495 6494 2 42 232 O 30
2344 2333 1 38 209 O 30
3391 4394 1 33 180 O 30
3665 3664 1 5 23 O 30
3663 6496 1 6 29 O 10
3662 3663 1 5 24 O 20
5946 1602 1 2 6 O 10
1602 6496 1 10 55 O 20
6497 5188 2 31 167 O 20
3232 3016 2 2 11 O 30
3898 3226 1 15 78 O 30
3016 3898 1 5 26 O 30
3232 3231 1 27 147 O 10
3233 676 1 3 13 M 30
676 675 1 9 46 O 20
675 3668 1 17 92 O 20
3670 6961 1 19 101 M 30
6961 3241 1 10 52 O 30
8398 3657 1 6 30 O 20
186 3656 1 15 80 O 30
269 3240 1 12 66 M 30
3657 3656 2 2 9 O 20
8395 8397 1 6 31 O 10
8397 3657 1 14 78 O 10
3656 8396 1 19 105 O 20
5951 3236 1 11 56 O 10
3240 758 1 13 69 M 10
3236 7032 2 10 54 O 30
7032 138 2 21 114 O 10
138 5207 2 11 61 M 10
3886 3887 2 3 0 C 0
4843 3887 1 7 0 C 0
3408 3409 1 6 0 C 0
3886 5222 1 22 0 C 0
6742 3408 1 5 26 O 20
5222 2340 1 8 43 O 20
6397 2756 1 6 29 O 20
2756 6393 1 6 31 O 30
3131 2968 2 42 229 O 20
3977 4318 2 7 37 O 10
4318 3976 2 9 48 O 30
3976 4316 2 9 47 O 10
4316 3975 2 10 51 O 30
3975 4325 2 9 49 O 10
4325 5291 2 9 49 M 10
3977 3978 2 3 12 O 30
3407 3403 2 3 16 M 20
2377 6740 1 12 62 O 10
3407 3402 1 7 37 O 30
3403 794 1 5 27 O 10
795 6741 1 32 177 O 10
3245 6691 1 23 124 O 20
6686 3245 1 12 66 O 20
5370 2237 2 3 15 O 20
2237 1612 2 2 6 M 30
3245 5258 2 2 9 O 20
5258 3230 1 18 100 M 10
6679 5258 1 7 37 O 10
3706 923 2 3 13 O 20
6500 923 1 11 57 O 10
6499 3703 1 10 54 O 30
923 685 1 3 15 M 30
685 683 1 6 31 O 30
683 6502 1 6 32 O 20
3705 6500 1 10 53 O 20
6501 3706 1 14 76 O 30
3706 6499 1 11 56 M 10
3703 3331 1 23 123 O 20
3702 3705 1 19 105 M 10
5449 3676 1 8 41 O 20
16 3709 1 6 28 O 10
3676 5446 1 5 25 O 20
3708 5449 1 4 19 M 10
3676 5523 2 3 12 O 20
5523 5448 1 4 21 O 20
5445 5523 1 9 45 O 30
3709 7543 1 27 150 O 30
5529 3708 1 27 147 O 20
3358 5602 2 2 9 M 10
5602 1124 1 1 5 O 20
5601 1126 1 5 25 O 20
5600 6039 1 12 63 O 30
3358 6730 1 23 126 O 30
4578 3358 1 30 166 M 20
2379 5671 2 2 7 O 30
2380 2379 1 16 86 O 10
2379 1958 1 24 132 M 30
1958 2388 1 31 171 O 10
932 2414 1 15 83 O 20
2388 924 1 16 87 O 10
2397 7580 1 4 20 O 20
2407 8373 1 5 23 O 20
8373 4231 1 14 75 O 10
8512 6503 1 67 368 M 10
6175 3088 1 41 222 O 20
3088 1970 1 9 48 O 30
1970 261 1 4 18 O 20
6175 6735 2 3 12 O 20
6735 6736 1 41 224 O 20
6739 2345 1 31 170 O 20
5548 6466 1 17 90 O 30
6466 6470 1 24 130 O 30
6470 263 1 18 95 M 20
2392 2393 1 11 60 O 10
2393 3346 1 14 75 O 10
5740 5528 1 23 125 O 20
7759 5964 1 4 18 M 30
5963 5375 1 2 9 O 20
7760 5963 1 6 32 O 30
3301 7761 1 6 31 O 10
6053 3301 1 2 10 O 30
5562 5561 2 2 0 C 0
3318 3442 1 8 0 C 0
5368 3319 1 4 0 C 0
3442 5705 1 13 0 C 0
5705 5706 1 9 0 C 0
5561 3318 1 9 0 C 0
5705 832 2 9 0 C 0
832 5824 2 2 0 C 0
3319 8443 1 12 0 C 0
5713 3321 1 17 0 C 0
3322 7577 1 6 0 C 0
3320 3321 2 2 0 C 0
3321 5714 1 5 0 C 0
5715 5703 1 2 0 C 0
1235 3780 1 3 0 C 0
3780 1236 1 11 0 C 0
3800 1432 1 11 0 C 0
3341 3998 1 21 116 O 30
3337 2187 1 6 28 O 10
6386 4003 1 2 6 O 30
3997 2274 1 2 7 O 10
4003 5801 1 18 100 O 20
3340 4674 2 2 8 O 30
4674 5803 1 7 34 O 30
5805 4674 1 24 128 O 20
3340 6215 1 15 83 O 10
5802 3340 1 10 54 M 30
5804 2273 1 13 69 O 10
3343 5805 1 13 69 O 20
2273 5799 1 5 25 O 10
5798 3343 1 5 23 O 20
6845 6505 2 13 72 O 20
6505 2850 2 8 40 O 20
6506 6505 2 9 49 O 20
4399 4148 1 3 0 C 0
4400 4401 1 5 0 C 0
4210 6132 2 12 0 C 0
856 6822 2 14 0 C 0
4402 5491 1 7 0 C 0
6352 974 1 12 0 C 0
5459 4402 1 9 0 C 0
6507 5459 1 12 0 C 0
6508 2040 2 29 0 C 0
6508 6509 2 14 0 C 0
973 5822 2 3 0 C 0
1380 5220 1 8 43 O 30
6754 895 2 9 47 O 20
895 2199 2 19 104 M 30
5615 5518 1 12 64 O 10
6079 6262 2 5 25 M 30
6908 6840 1 3 12 O 30
5614 6913 1 3 15 O 10
6910 6763 2 2 9 O 30
2437 2438 1 18 95 M 10
5806 930 1 20 108 O 20
6253 8498 2 3 15 O 30
24 6907 2 13 67 O 30
3487 3334 2 2 7 O 30
1242 8392 1 8 41 O 10
8392 8389 1 4 19 O 20
8389 8387 1 1 4 O 30
3332 100 1 2 7 O 20
4215 5260 2 2 0 C 0
6759 4213 1 15 0 C 0
5260 3333 1 5 0 C 0
4215 5466 1 25 0 C 0
6523 4302 2 11 60 O 10
200 6525 1 14 73 O 10
6527 201 1 14 0 C 0
6527 6525 2 3 0 C 0
6533 6532 1 13 69 O 10
2399 6530 2 2 10 O 30
6531 8376 2 11 59 O 20
8376 7857 2 13 69 O 30
7857 7067 2 2 6 M 10
7067 6529 2 3 13 O 10
6534 7064 2 4 19 O 30
7064 6996 2 3 13 O 30
5132 589 2 3 13 O 20
2446 2444 2 29 0 C 0
2444 2447 2 21 0 C 0
6537 6538 1 2 0 C 0
6538 2446 1 2 0 C 0
2362 4130 2 3 11 M 20
2962 3837 2 20 110 O 30
5337 2868 2 25 139 O 10
3365 4935 2 9 46 O 20
3367 3365 1 19 102 O 10
400 3532 2 27 145 O 10
1327 1330 2 8 42 O 30
1330 2188 2 3 14 O 30
5076 5087 2 9 45 M 30
5087 5074 2 16 87 O 20
5074 5094 2 16 89 O 30
5077 5085 2 2 6 O 20
5085 5068 2 16 85 O 30
5068 5069 2 20 106 O 20
5069 5885 2 15 81 O 20
7701 5053 2 7 35 O 30
4830 4831 2 13 70 M 20
4831 7702 2 52 286 O 20
7702 7701 2 5 26 M 30
2136 2103 2 5 25 O 20
2103 2101 2 2 9 O 20
2101 2093 2 8 39 O 10
2093 4975 2 7 39 O 10
6545 4007 1 2 11 O 20
4007 6546 1 2 10 O 10
6546 6545 1 4 21 O 10
6542 6548 2 12 63 M 30
6550 1287 2 17 89 O 20
4553 6551 2 17 90 O 30
6552 6553 2 4 20 M 30
6553 6554 2 2 9 O 30
6554 6555 2 4 18 O 10
6551 6553 1 11 59 O 10
6554 6551 1 9 48 O 10
6558 6557 1 14 75 O 20
6557 6556 1 12 65 O 30
6557 6559 2 2 6 O 10
6562 6561 1 17 91 O 20
6561 6560 1 4 18 O 30
6561 1100 2 13 69 O 30
5112 6563 2 3 12 O 20
6963 6964 2 22 120 O 10
6564 6568 2 2 7 O 30
6568 6567 2 4 21 M 20
6568 6571 2 8 40 M 10
6571 6569 2 4 22 M 30
6569 6570 2 16 87 O 10
6570 6571 2 21 114 O 30
6575 6966 2 7 37 O 20
6966 6856 2 21 116 O 30
6856 3356 2 12 63 O 30
6576 6574 1 3 12 O 30
6574 3355 1 2 8 O 10
3355 6575 1 2 9 O 10
6575 6576 1 1 3 O 30
5655 6578 1 4 19 O 10
6834 663 1 6 32 O 10
663 6080 1 6 31 O 30
6581 6579 2 6 33 O 20
6582 6581 2 5 27 M 10
6581 6580 2 5 26 O 10
6583 6584 2 6 31 O 30
6585 6584 2 9 47 O 10
6584 5228 2 9 47 O 30
6589 6586 2 28 154 O 10
6590 6589 2 33 183 O 20
6589 6588 2 5 25 O 20
6588 6586 2 5 24 O 20
6586 6587 2 5 25 M 10
6591 6593 2 27 146 O 10
2177 6593 2 10 51 O 20
6593 6592 2 14 75 O 10
6594 6603 2 15 82 O 10
6596 6595 2 12 62 O 10
6600 6598 2 11 58 O 10
6602 6600 2 7 35 M 30
6600 6599 2 4 18 O 30
6599 6598 2 2 6 O 10
6598 6597 2 39 213 O 10
6604 6605 2 7 38 O 30
6605 6595 2 4 21 O 20
6595 6603 2 13 68 O 20
6603 4700 2 17 91 O 20
6606 6605 2 25 138 O 20
6607 6613 2 22 122 O 10
6608 6612 2 21 111 M 30
6610 6609 2 12 61 O 30
6614 6613 2 13 69 M 20
6613 6612 2 12 62 O 30
6612 6610 2 12 63 O 20
6610 6611 2 17 94 O 10
6616 6615 2 11 59 O 10
933 5142 1 5 28 M 20
5142 5144 1 6 31 O 30
5144 4857 1 4 18 O 10
4857 8172 1 12 64 O 10
8172 5610 1 18 96 O 20
5610 4893 1 19 101 O 20
4893 4892 1 13 68 M 20
4892 5611 1 14 78 O 20
5611 5806 1 3 13 O 30
5723 2164 1 25 135 O 30
2164 8270 1 13 68 O 10
8270 2166 1 9 50 O 10
2166 7452 1 11 56 O 20
7452 4342 1 2 7 M 10
1464 8068 2 4 19 O 20
8068 10 2 7 37 O 10
933 5723 2 3 12 O 10
6617 4194 2 23 0 C 0
4194 7484 2 2 8 O 10
6620 2554 2 30 166 O 20
6618 5827 2 8 42 O 30
6621 6619 1 2 8 O 10
5631 637 2 21 112 O 10
5635 606 2 6 33 M 20
606 5637 2 6 33 O 20
5637 608 2 6 32 O 10
608 6577 2 6 31 O 10
2118 5644 2 15 78 O 10
2167 4730 2 11 61 O 20
4730 4732 2 14 77 O 20
4732 4729 2 18 99 O 20
6627 6626 2 9 47 O 20
831 3442 2 7 0 C 0
6138 6139 2 37 200 O 30
5658 8071 2 9 45 M 20
8071 1045 2 18 97 O 20
7814 6649 1 31 168 O 20
3346 5741 1 4 22 O 20
2389 5525 1 5 23 O 10
4463 5276 1 6 31 O 30
271 2342 1 12 63 O 10
3643 542 1 26 143 M 10
4759 6654 1 7 38 M 20
6651 6650 1 7 36 O 30
6660 6650 1 7 34 O 20
6650 6661 1 15 80 M 10
6658 6657 1 11 57 O 20
6654 6658 2 2 9 O 10
6658 6661 2 8 44 O 10
6661 6651 2 4 17 O 30
6651 6660 2 1 4 O 10
6660 4756 2 3 11 O 30
4756 6657 2 2 8 M 20
6657 6659 2 2 6 O 20
6654 6656 2 4 21 O 20
6656 6653 2 12 63 O 30
6656 8560 2 3 13 O 30
8560 6653 2 3 13 O 20
6653 6659 2 5 22 O 20
6659 6655 2 10 53 O 10
3389 6718 1 7 36 O 30
3388 6518 1 36 200 O 30
3387 6726 1 19 101 O 20
6726 5634 1 23 124 O 30
5634 6720 1 39 213 O 20
6725 3387 1 22 120 O 20
6728 6729 1 26 141 M 30
3384 2387 1 14 75 O 10
6794 2493 2 2 0 C 0
6796 6795 2 19 101 O 20
5787 3616 2 11 59 O 30
6803 6818 2 4 18 O 20
6818 6817 2 4 19 O 30
6817 6815 2 4 17 O 30
6815 6813 2 4 18 O 30
6813 6811 2 4 19 M 30
6811 6810 2 5 24 O 20
6810 6808 2 4 19 M 10
6808 6805 2 4 18 O 10
6806 6805 2 6 28 O 30
6809 6808 2 6 28 O 10
6820 6810 2 6 28 O 30
6820 4530 2 2 8 O 10
6812 6811 2 6 29 O 20
6814 6813 2 6 28 O 20
6816 6815 2 5 28 M 20
6807 6817 2 5 27 O 10
6819 6818 2 5 27 O 10
6820 6809 2 4 20 O 30
6809 6806 2 4 18 O 30
6806 7074 2 2 9 O 10
7073 6804 1 2 6 O 30
6804 6819 1 4 17 M 20
6819 6807 1 4 20 M 10
6807 6816 1 4 17 O 10
6816 6814 1 4 18 O 10
6814 6812 1 4 18 O 10
6812 6820 1 5 24 O 20
6828 4301 1 3 12 M 30
4301 4011 2 17 91 O 30
4983 902 2 8 39 O 30
902 4984 2 11 61 O 10
4984 4985 2 18 99 O 10
4985 5001 2 37 205 O 20
5001 6278 2 6 31 O 20
6278 5123 2 11 56 O 30
5123 903 2 16 85 O 20
4965 4966 2 21 116 O 30
4966 4967 2 63 349 M 10
4967 4968 2 30 162 O 20
4968 4969 2 8 40 O 10
4969 5264 2 12 62 O 30
8441 8442 1 4 0 C 0
8442 8440 1 2 0 C 0
5993 5994 1 4 21 M 10
5994 5995 1 3 16 O 10
5172 5171 1 7 35 O 30
5171 5170 1 3 14 O 20
332 7485 1 13 70 O 30
6852 6850 2 15 80 O 10
6850 6351 2 45 249 M 20
6854 7958 1 8 43 O 20
7958 7957 1 3 11 O 10
7957 6854 1 5 24 O 20
6855 6854 2 5 25 O 30
5410 5413 1 2 9 O 20
5413 5412 1 2 6 O 10
3651 3649 1 8 41 M 10
3649 3648 1 4 21 O 20
5041 2094 2 8 40 O 10
2094 6540 2 29 159 O 10
6868 3427 1 7 37 O 20
5560 6868 2 2 10 M 20
6869 2532 2 2 7 O 30
2605 2647 1 2 8 M 10
2635 2607 1 2 6 O 30
6876 6875 2 7 33 O 10
6873 6872 2 7 34 O 20
6875 6873 1 8 43 O 20
6873 6874 1 4 18 O 30
6874 6875 1 5 25 O 10
6880 6879 2 3 14 O 30
6881 6879 2 7 35 O 20
6879 3639 2 5 27 O 10
3639 6878 2 7 36 O 10
6882 6884 2 5 25 O 30
4771 6883 1 3 16 O 30
6883 4770 1 4 19 O 30
4766 5978 2 5 23 O 20
6889 6888 2 8 43 O 30
6922 6921 2 4 18 M 10
6922 6920 2 17 89 O 10
6919 8485 2 3 13 O 20
8485 8486 2 10 53 O 20
8486 6923 2 18 97 O 20
6923 6922 2 11 58 O 10
6925 6920 2 2 6 M 20
6920 6921 2 15 80 O 30
6921 1373 2 4 21 O 10
1373 6923 2 9 49 O 30
6923 6926 2 16 85 O 10
6926 8486 2 3 16 O 20
6927 7274 2 5 24 O 30
7274 8484 2 1 5 O 20
8484 7275 2 3 14 O 30
7275 6926 2 8 39 O 10
6926 6925 2 46 251 O 10
6925 6924 2 5 26 M 10
6929 6750 2 2 10 O 30
6934 6933 2 5 24 O 30
6936 6935 2 30 161 O 20
6939 6943 2 23 124 O 20
6943 6942 2 9 46 O 30
6940 6938 1 22 121 O 30
6943 6938 1 3 12 O 20
6938 6941 1 4 22 O 30
6941 6940 1 19 100 O 10
6940 6939 1 10 55 O 10
6944 6943 2 5 22 O 20
3687 6948 1 4 21 O 30
6947 6946 1 4 21 O 20
6945 1662 2 9 49 O 30
1662 6949 2 6 29 O 30
6949 460 2 4 21 O 20
460 6947 2 3 13 O 20
6947 6948 2 34 189 O 30
6948 6945 2 4 18 O 20
6952 1008 1 11 56 O 20
6953 3681 2 5 24 O 10
6955 6954 2 5 24 O 20
6957 6960 2 3 14 O 30
6961 6957 2 9 47 M 10
6960 7020 2 2 7 O 20
7020 6959 2 9 44 O 10
6959 7021 2 6 30 O 10
7021 6958 2 10 51 O 10
4813 3862 2 13 70 O 10
3862 3860 2 7 39 O 20
6339 6348 2 14 73 M 10
6348 6340 2 18 97 O 30
6976 5416 2 20 110 O 10
5416 5417 2 15 83 O 10
5417 5415 2 18 95 O 10
6977 4659 2 28 154 O 30
6978 6977 1 1 2 O 30
6977 6696 1 2 10 M 20
6696 6975 1 3 13 O 10
6975 6976 1 2 10 O 10
6976 6978 1 2 6 O 20
7652 8424 2 16 86 O 30
8424 6696 2 19 100 O 30
6979 6980 2 23 124 O 10
6990 6989 2 37 201 O 30
6999 7715 1 7 35 O 10
7715 6991 1 12 65 M 10
6997 6999 2 6 32 O 10
7000 6999 2 6 30 O 10
6993 6992 2 6 28 O 30
6996 6992 2 4 20 O 10
6992 6998 2 3 14 O 20
7000 6997 2 7 37 O 10
6998 6991 2 2 9 O 10
6991 6997 2 2 6 O 30
5547 5427 2 2 10 M 10
7003 1704 1 16 87 M 30
7002 7003 2 13 68 O 20
6315 7007 2 6 31 O 30
6312 7010 2 5 24 O 20
6313 7004 2 7 36 O 20
7006 7005 2 8 43 M 30
7009 7005 2 3 13 M 20
7005 7007 2 4 18 O 10
7007 7006 2 10 55 O 30
7006 7008 2 3 13 O 30
7011 7010 2 9 47 O 30
7010 7004 2 6 31 O 10
7004 7009 2 27 145 O 10
7009 7008 2 9 46 O 30
7008 2939 2 6 31 O 30
2937 2917 2 48 266 O 10
2917 7013 1 6 31 M 20
7016 1169 2 8 44 O 10
7019 413 2 13 68 M 20
413 7018 2 12 65 O 30
7018 7240 2 13 67 O 20
7240 7017 2 12 62 O 10
7021 7020 2 14 77 O 10
7025 7024 2 12 66 O 10
7026 7025 2 4 19 M 30
7025 7022 2 3 16 M 30
7026 7023 2 4 17 M 20
1108 7027 2 2 6 O 30
7027 7026 2 12 66 O 30
7029 7027 1 11 57 O 10
7027 7024 1 4 19 O 20
7024 7028 1 2 9 O 30
7031 7030 2 6 30 O 10
7033 7032 2 19 105 O 30
7035 7034 2 7 39 O 20
6407 7035 2 23 123 M 20
7035 6406 2 33 180 M 20
7036 7037 2 8 44 O 20
7038 7036 2 2 10 O 10
7040 7039 2 12 66 O 10
7059 7067 1 3 14 O 20
7059 7063 2 8 40 O 10
7063 7713 2 5 25 O 30
7713 7066 2 3 16 O 20
6530 6532 1 5 27 O 10
6532 7854 1 9 46 O 30
6534 7859 1 7 33 O 30
7043 7042 2 8 41 O 20
7042 7041 2 8 40 O 10
7046 7045 2 8 41 O 20
7045 7044 2 8 40 O 30
7049 7048 2 8 41 O 20
7048 7047 2 8 40 O 30
7052 7051 2 8 41 O 10
7051 7050 2 8 40 O 20
7055 7054 2 8 41 M 20
7054 7053 2 8 40 O 20
7858 7060 2 3 12 O 20
7060 7041 2 4 19 O 10
7041 7044 2 4 19 O 20
7044 7047 2 4 19 O 30
7047 7050 2 4 19 M 20
7050 7053 2 4 19 O 20
7053 7058 2 4 19 O 10
7062 7061 2 8 41 M 30
7061 7060 2 8 40 O 30
7064 7057 2 4 19 O 30
7057 7054 2 4 19 O 10
7054 7051 2 4 19 O 10
7051 7048 2 4 19 O 20
7048 7045 2 4 19 O 30
7045 7042 2 4 19 O 10
7042 7061 2 4 19 O 30
7061 7063 2 4 19 O 20
6994 6993 2 4 19 O 30
6993 6995 2 4 20 M 30
6995 7056 2 4 19 M 10
7056 7055 2 4 19 O 20
7055 7052 2 4 19 O 10
7052 7049 2 4 19 O 30
7049 7046 2 4 19 O 10
7046 7043 2 4 19 M 10
7043 7062 2 4 19 M 10
7062 7066 2 4 19 O 30
7066 7065 1 3 14 O 30
7065 4231 1 58 320 O 30
5472 6403 1 15 79 O 20
7070 4775 1 50 273 M 20
7072 7071 2 22 119 O 10
6804 6803 2 5 28 O 20
7075 7078 2 4 21 O 10
7076 7075 2 4 19 O 10
7079 7080 1 13 71 O 20
7077 7076 2 10 50 O 30
7079 7077 2 10 55 O 30
7077 7075 2 13 71 O 10
7082 7081 2 2 10 O 10
7083 7082 2 10 52 O 10
7084 7085 1 3 13 O 20
7087 7086 2 34 188 O 10
7088 7089 2 6 31 O 30
7090 7088 2 4 0 C 0
7091 7093 2 14 76 O 10
7094 7092 2 17 92 O 20
7092 7091 2 4 20 M 20
6339 7098 2 4 17 O 30
7097 7095 2 15 82 M 10
7098 7097 2 11 60 O 10
7097 7096 2 12 65 O 30
7117 7111 2 2 10 O 10
7111 7113 2 4 19 M 30
7113 7115 2 18 95 M 30
7115 7116 2 5 25 O 10
7119 7099 2 3 13 M 10
7100 7114 2 3 13 M 20
7102 7103 1 4 18 O 10
7101 7102 1 4 19 O 30
7105 7102 2 2 8 O 30
7118 7105 2 6 30 M 10
7105 7104 2 9 45 O 20
7107 7106 2 4 21 M 20
7109 7108 2 4 19 M 10
7111 7110 2 8 40 O 30
7113 7112 2 7 36 O 30
7115 7100 2 8 43 M 10
7099 7118 2 2 9 O 20
7118 7107 2 4 20 O 10
7107 7109 2 4 17 O 20
7109 7117 2 3 11 M 10
7126 7127 2 24 131 M 30
7120 7121 1 10 55 O 20
7124 7125 2 11 57 O 10
7125 7123 2 12 63 O 30
7128 380 2 3 16 O 10
380 381 2 1 5 O 20
381 7127 2 12 64 O 20
7127 8561 2 2 10 M 20
8561 7126 2 2 10 M 30
7126 7122 2 6 30 O 30
7122 7120 2 6 29 M 20
7120 7125 2 4 17 O 10
7140 5130 2 5 27 O 30
7138 7130 1 8 41 O 20
7132 7141 2 8 42 O 20
7131 7133 2 7 35 O 30
7138 7137 2 6 28 M 10
7840 7137 2 2 8 O 30
7137 7134 2 6 33 M 20
7141 7133 2 4 17 O 30
7133 7140 2 4 19 O 30
7143 7142 2 16 88 M 20
7145 7143 2 45 246 O 30
7143 6063 2 10 52 M 20
7146 7145 2 24 130 O 30
7145 7144 2 30 165 O 30
7149 7148 2 14 76 M 30
7148 7147 2 5 23 O 30
7150 7149 2 6 29 O 10
7152 7151 2 14 75 O 20
7151 1717 2 10 51 O 10
7155 7153 2 3 16 O 10
7153 244 2 3 16 O 20
7254 7157 2 3 12 O 30
7157 7164 2 3 16 M 20
7164 7156 2 7 36 O 10
7156 245 2 6 29 M 30
7156 7155 2 3 14 O 30
7155 7154 2 6 29 M 20
7165 7164 1 11 60 M 20
4808 4809 2 36 199 O 30
7160 7159 1 3 11 O 20
7159 7158 1 5 22 O 20
7158 7161 1 12 62 M 20
7161 7162 1 10 54 O 30
7163 7162 2 3 17 O 30
7157 7165 2 6 32 O 30
7167 7166 2 6 33 M 30
7166 7172 2 4 21 O 30
7172 7168 1 3 13 O 10
7170 7169 1 2 8 O 20
7168 7170 1 5 28 O 10
7173 7172 2 7 36 O 30
7186 7173 2 4 19 O 30
7173 7167 2 4 17 O 10
7167 7174 2 8 42 M 30
7175 7182 2 2 7 O 20
7177 7181 2 1 5 O 30
7181 7176 2 2 6 M 10
7176 7175 2 18 98 O 30
7182 7178 2 1 5 O 10
7180 7179 2 8 44 O 20
7178 7179 2 3 13 M 10
7179 7177 2 18 95 O 10
7184 7180 2 4 21 O 20
7180 7183 2 8 44 O 30
7187 7181 2 4 20 O 10
7181 7182 2 4 17 M 10
7182 7184 2 9 45 O 10
7184 7186 2 3 13 O 30
7193 7192 2 8 44 M 20
7189 7188 2 5 23 O 20
7191 7189 2 13 68 O 20
7189 7190 2 4 18 O 20
7194 7190 2 5 23 O 10
7190 7191 2 5 27 O 10
7191 7193 2 4 19 O 30
7227 7197 2 10 55 O 30
7196 7197 2 3 12 O 30
7197 7195 1 4 20 O 20
7195 7228 1 4 22 O 30
7228 7196 1 12 67 M 10
7208 7199 2 3 11 O 20
7201 7200 2 10 55 O 10
7203 7201 2 7 38 O 10
7201 7202 2 7 36 O 20
7205 7200 2 9 50 O 30
7200 7204 2 2 11 M 30
7206 7207 2 2 8 M 20
7207 7204 2 6 32 O 20
7199 7207 2 12 66 O 30
7210 7209 2 12 64 M 30
7215 7214 2 13 67 M 30
7217 7215 2 29 157 O 30
7222 7220 2 10 53 O 30
7223 7222 2 5 24 O 20
7222 7221 2 5 25 M 30
4792 4824 2 9 45 O 10
4824 4791 2 21 114 O 10
7227 7198 2 2 9 O 30
7195 8562 1 2 9 O 20
8562 7228 1 2 9 M 10
7230 556 2 9 47 M 30
556 7229 2 10 53 M 10
7232 7235 1 7 36 O 30
7235 7233 1 7 37 O 20
7233 7038 2 28 156 O 10
7038 7040 2 3 15 M 30
7040 2412 2 13 70 O 20
7233 7234 1 7 37 O 20
7234 7232 1 7 36 O 10
7240 7239 2 18 98 M 10
7242 7241 1 2 0 C 0
4153 7242 1 1 0 C 0
7247 7244 1 2 0 C 0
7246 7245 1 2 0 C 0
7245 7247 1 1 0 C 0
7246 5214 2 17 0 C 0
7250 7248 1 2 9 O 30
7248 7249 1 2 9 M 10
7249 7250 1 4 19 O 20
2244 2253 2 47 0 C 0
2253 2255 2 37 0 C 0
2255 7250 2 6 33 O 20
6510 7251 1 36 199 M 20
7251 7252 2 12 66 O 30
6261 1585 2 18 95 O 10
1585 7251 2 2 7 M 20
7255 7253 1 2 6 O 20
7253 7256 1 2 6 O 30
7256 7254 1 2 6 O 10
7254 7255 1 2 6 O 10
246 7256 2 9 46 O 20
7257 7258 1 12 65 O 10
7260 7262 1 3 14 O 10
7262 3554 2 26 142 O 20
7259 2165 2 37 201 O 10
463 5474 1 10 0 C 0
5474 372 1 13 0 C 0
2969 7264 2 19 0 C 0
7268 5854 2 6 0 C 0
7267 7266 1 3 0 C 0
7266 7268 1 3 0 C 0
4116 4107 1 5 25 O 10
4782 3627 2 8 40 O 20
2715 2692 2 11 58 O 10
2710 34 1 6 29 O 30
3181 8307 1 4 17 O 10
8307 63 1 9 49 O 30
7271 7270 1 4 18 O 20
7270 7269 1 13 68 O 20
7273 7272 1 12 66 O 10
7275 7274 1 10 51 O 20
4092 4093 1 18 95 O 30
4319 3893 2 6 33 O 30
4353 4431 1 26 140 O 10
4246 4245 1 6 31 O 10
5643 2120 2 12 65 O 30
2601 2622 2 10 53 O 30
3616 2601 2 12 66 O 10
5790 4176 1 13 67 O 20
4176 5789 1 21 113 O 30
5789 5790 1 13 69 O 30
5588 5587 2 10 55 O 20
7276 7277 2 8 39 O 10
7278 7279 2 3 14 O 20
3795 7281 1 10 55 O 30
7281 7280 1 3 12 O 20
7280 3795 1 7 37 O 30
7290 4092 2 11 59 O 20
722 3459 2 4 21 O 20
3459 3443 2 18 99 O 10
3443 3466 2 17 90 M 10
3466 3438 2 2 11 O 10
3438 3475 2 19 101 O 10
3475 3462 2 9 49 M 10
3462 3469 2 10 52 O 10
3469 3437 2 19 100 O 10
3437 4323 2 9 48 M 20
4323 733 2 8 43 O 20
733 3981 2 1 5 O 30
3981 4320 2 9 49 O 20
4320 3980 2 6 32 O 20
3980 3979 2 3 17 O 10
3979 4324 2 9 50 M 10
4324 3978 2 9 48 O 30
7292 4174 2 22 117 O 10
7294 7293 2 12 65 O 30
3450 1229 2 67 372 O 10
1229 3464 2 20 107 M 30
8429 7301 1 7 38 O 20
7301 7302 1 5 25 O 10
7305 7306 2 30 163 O 10
4365 4374 1 6 33 O 20
4374 4368 1 5 26 O 10
7307 4409 1 6 33 O 20
4408 7307 1 6 30 O 10
7309 7308 2 12 63 O 30
1426 7969 2 2 6 O 30
7969 7310 2 13 72 M 10
7314 8 2 26 140 O 20
2395 7925 1 3 16 O 30
7322 7320 2 5 25 O 20
7321 7318 2 3 16 O 20
7320 7317 1 13 70 O 30
7323 7322 2 3 14 O 20
7322 7321 2 7 36 O 10
7321 7320 2 1 4 O 30
7320 7319 2 3 13 O 10
7326 7325 2 3 14 O 30
7328 7329 2 3 14 O 30
7329 7327 2 3 16 O 10
7331 7330 2 4 17 O 10
7338 7332 2 4 17 O 20
7334 7333 2 11 58 O 10
7339 7335 2 11 58 O 30
7337 7336 2 11 58 O 20
7339 7336 2 4 17 M 30
7336 7338 2 4 17 O 20
7338 7331 2 4 19 O 20
7331 7337 2 11 56 M 20
7337 7335 2 4 17 O 10
7335 7334 2 4 17 O 20
7334 7340 2 14 75 O 20
7340 7333 2 4 17 O 20
7333 7339 2 4 17 M 20
7342 7341 2 10 55 O 30
7344 7341 2 12 63 O 10
7341 7343 2 15 78 O 10
7346 7345 2 5 24 O 10
7349 7345 2 2 7 O 10
7351 7352 2 7 38 O 10
4376 7352 1 11 56 M 30
7355 7354 2 2 10 O 30
4385 7355 2 4 17 M 10
7355 6973 2 13 70 O 30
7792 7839 1 9 48 O 30
7358 7360 1 3 12 O 10
7360 7361 1 19 105 O 20
7361 7359 1 3 12 O 30
7361 8563 1 7 38 M 10
8563 7360 1 7 38 O 10
7365 7362 2 4 22 O 10
7363 7365 2 4 20 O 30
7365 7364 2 4 21 O 20
7367 7368 2 6 33 O 20
7367 8125 2 45 247 O 20
7370 7368 2 21 116 O 20
7371 7369 2 4 21 O 20
7369 7370 2 16 84 M 30
7372 7374 2 23 123 O 10
7372 8129 1 5 24 O 20
8129 7373 1 1 4 O 10
7373 7371 1 3 11 O 20
7371 7372 1 4 17 O 10
7379 8142 2 13 67 M 20
8142 8130 2 5 26 O 10
6849 7375 1 3 16 M 20
7376 6328 1 3 15 O 10
7378 7380 2 16 85 O 30
5904 6331 2 9 50 O 10
6331 6332 2 25 136 O 20
4447 7567 1 10 54 O 10
7381 4375 2 6 29 M 20
7382 4347 2 5 27 M 10
4355 4354 2 18 98 O 10
7915 7908 2 14 76 O 30
7908 4346 2 2 8 O 20
6711 5606 1 6 28 O 30
5606 7439 1 17 94 O 20
5573 2316 1 13 71 O 10
4354 4411 2 5 26 O 20
6710 8281 2 1 4 O 20
8281 8277 2 3 14 O 30
8277 6708 2 4 19 O 30
5558 7385 2 12 67 O 30
7430 6928 1 4 17 M 20
5605 5606 1 6 29 O 20
7396 5143 1 23 127 O 30
7400 7399 2 7 35 O 20
7401 7400 2 2 9 M 10
7403 7402 2 10 51 O 20
7413 7412 2 1 3 O 20
7415 7413 2 3 12 M 10
7413 7414 2 6 32 O 30
7997 7996 2 13 67 O 10
7425 7417 2 2 8 O 30
7420 7419 2 2 7 O 20
7420 7418 2 1 2 O 10
7422 7420 2 2 7 M 20
7423 7422 2 5 26 O 20
7422 7421 2 2 10 O 30
7424 7423 2 2 8 O 10
7426 7425 2 2 8 O 10
7425 7416 2 2 8 O 30
7416 7424 2 4 21 O 30
7405 7404 2 3 11 O 10
7407 7406 2 5 22 O 20
7409 7408 2 7 37 O 30
7410 6631 2 15 82 M 10
6630 5967 1 5 24 O 20
4367 8543 1 1 5 O 20
4362 7428 1 3 15 M 20
7428 4360 1 3 14 O 10
8543 7428 1 10 55 M 30
4371 4372 1 5 24 O 30
7395 7430 1 2 11 O 30
7395 4358 1 4 18 O 20
7429 4364 1 8 41 O 10
7431 7429 1 6 28 M 30
7430 7431 1 7 34 O 30
7925 7924 1 4 18 M 20
5925 823 1 4 21 O 20
823 6100 1 33 183 O 20
5733 7433 1 19 103 M 20
7434 5733 1 3 16 M 10
6102 7736 1 44 243 O 20
7435 5734 1 9 46 M 10
6102 5729 1 25 134 O 30
7436 2402 1 9 47 O 20
7439 618 1 7 37 O 20
7447 8050 2 12 62 M 20
8050 8048 2 1 3 M 30
8048 7440 2 12 63 O 10
7440 5145 2 7 34 O 30
5145 7456 2 3 14 O 20
7456 5143 2 5 23 O 30
7441 7447 2 10 52 M 10
6249 8017 2 9 47 O 10
8017 7441 2 1 3 O 20
7442 6249 2 16 84 O 30
6251 7443 2 4 19 O 30
7444 2150 2 28 153 O 20
6512 7445 2 5 26 O 20
6512 6267 2 4 22 O 20
6267 6249 2 37 204 O 30
756 8061 2 17 90 O 30
8061 6930 2 6 31 O 30
6930 2148 2 15 79 O 10
2148 6247 2 18 97 O 10
5143 933 2 5 27 O 10
2343 3239 1 3 16 O 30
3239 3244 1 3 16 O 30
3244 4755 1 7 34 O 30
2343 3225 1 19 105 O 20
4115 4120 2 20 108 O 20
4120 4116 2 18 96 M 30
4213 3336 1 3 0 C 0
7450 7451 2 3 14 O 10
7451 5145 2 9 47 O 10
7459 7458 2 14 73 O 10
7459 7457 2 16 89 O 10
7452 7453 1 2 7 O 30
7453 7454 1 14 75 O 20
7454 7455 1 1 5 O 20
3290 3287 1 23 126 O 10
3288 6026 1 4 19 O 10
5599 2386 1 9 49 O 10
7627 3281 1 16 87 O 20
2342 2341 1 25 137 O 20
2241 705 1 35 0 C 0
4434 6097 1 90 496 M 30
6049 6050 1 1 0 C 0
2335 3395 1 14 74 O 30
6768 6767 1 5 23 O 10
6767 6771 1 4 18 O 10
4758 3244 1 6 32 O 30
7460 7461 2 13 68 M 10
7464 7465 1 16 88 M 30
7462 7464 1 2 11 M 30
7461 7462 1 11 57 O 20
7462 7463 2 7 36 O 30
7465 7461 1 7 37 M 10
6231 5263 1 30 165 O 20
7468 7469 1 4 19 O 10
5933 3564 1 3 15 O 30
3566 5933 1 3 15 M 10
3567 7471 1 2 8 M 20
8495 3561 1 2 10 O 30
5932 3557 1 2 11 M 20
3560 5932 1 2 11 O 30
3572 7468 1 4 17 O 30
7474 7473 2 5 28 O 20
7472 7474 1 4 19 O 30
7474 346 1 10 55 O 30
7477 7476 1 5 22 O 10
7479 7481 1 4 17 M 30
7481 1260 1 13 69 O 10
1260 7480 1 5 24 O 10
7480 7479 1 20 109 O 10
7481 7477 1 2 10 O 10
4634 4635 2 14 78 O 10
4839 7805 1 41 223 O 20
7805 4601 1 6 31 O 20
4601 7812 2 36 197 O 20
4411 4442 1 7 35 O 30
2394 2421 1 7 35 O 20
2353 5534 1 8 43 O 20
5372 6698 1 15 83 M 10
3658 5372 1 19 105 O 20
3259 7483 1 40 220 O 30
6697 3259 1 93 515 O 20
5718 5700 1 10 0 C 0
6909 5614 1 4 18 M 20
930 4879 1 16 86 M 20
4858 7768 2 2 7 M 20
3881 5249 2 8 39 O 30
66 3180 1 2 8 O 10
5488 4199 2 18 0 C 0
3755 5488 2 2 0 C 0
4777 5488 1 12 0 C 0
2254 5621 2 16 0 C 0
3013 3064 2 22 118 M 10
3281 3279 1 3 15 O 30
3260 5940 1 12 65 O 20
5823 7628 2 7 0 C 0
3261 3263 1 3 16 O 20
3279 3261 1 22 119 O 30
5700 6899 1 4 0 C 0
3632 3622 1 47 261 M 10
4343 7830 2 8 41 O 10
6391 3181 1 3 15 O 30
7488 251 1 11 61 M 20
5907 897 1 9 47 M 20
7489 3418 2 2 0 C 0
7490 3427 2 2 9 O 20
7491 7492 2 24 128 O 10
7493 7494 2 18 95 O 10
7495 7496 2 16 84 O 30
5427 8358 1 6 33 M 30
8358 8360 1 3 15 O 20
8360 8368 1 10 53 O 30
7498 7499 1 15 79 O 30
7394 4279 1 3 0 C 0
7393 7394 1 3 0 C 0
4278 4287 1 3 0 C 0
4287 7500 1 3 0 C 0
3370 3373 1 10 0 C 0
6242 6241 2 2 0 C 0
6241 7313 1 2 0 C 0
6900 5717 1 17 0 C 0
4961 3194 2 30 166 O 20
3194 6202 2 22 117 O 20
6202 3188 2 28 153 O 30
4961 7502 1 13 68 M 10
7503 7505 1 4 21 O 30
7505 7507 1 7 34 O 30
7507 577 1 4 18 O 20
7505 7504 2 2 9 O 10
7507 7508 1 4 20 O 10
7509 7512 2 13 69 O 10
7510 7512 2 6 30 O 30
7512 7513 2 4 22 O 30
7513 7511 2 1 3 O 30
7513 7514 2 3 14 O 20
3304 3305 1 4 19 O 30
4333 4518 1 3 12 O 30
3304 4333 1 3 12 O 10
3401 3405 2 7 35 O 30
3302 4463 1 8 44 O 30
6226 6244 2 16 89 O 10
6244 6227 2 14 73 M 20
6232 1414 2 9 49 O 20
143 5936 2 12 64 M 10
7469 3567 1 1 1 O 10
3567 3561 1 2 6 O 10
3561 3560 1 1 5 O 20
3560 3557 1 1 5 O 30
3557 3566 1 1 3 O 30
3566 3564 1 2 8 O 20
3564 3572 1 1 4 O 20
1697 1702 2 2 6 O 20
4040 7518 1 5 24 M 30
7518 4038 1 4 19 O 20
4039 4040 1 7 38 O 10
7516 4037 1 4 20 O 20
4037 7515 1 5 23 O 20
4034 7516 1 6 28 M 20
7516 7515 1 2 11 O 30
7515 4039 1 1 2 O 10
4035 7517 1 4 18 M 10
4036 4035 1 4 18 M 20
4038 4036 1 5 26 O 10
4036 7517 1 2 7 O 10
7517 4033 1 1 3 O 30
1461 5934 2 5 24 O 10
5934 6829 2 21 115 O 20
7519 4034 1 4 21 O 30
4033 7519 1 4 19 O 10
929 7486 2 9 46 O 10
5249 5251 1 2 11 M 30
6871 7521 1 3 12 M 10
7521 7520 1 7 36 O 10
7522 7523 2 11 58 O 20
7526 7527 2 11 58 O 10
7528 7529 2 11 58 O 20
7070 7069 2 39 214 O 30
4775 7530 1 42 229 M 30
7070 311 2 11 59 O 10
311 6449 2 4 22 O 20
7532 7531 1 4 19 O 20
6319 7536 2 5 26 O 20
7534 7535 2 4 22 O 20
7058 7057 2 8 40 O 20
7057 7056 2 8 41 O 20
5928 3944 1 6 0 C 0
3944 5931 1 6 0 C 0
4286 3944 2 4 0 C 0
4170 4416 1 7 0 C 0
4624 5475 2 10 55 O 10
3394 2334 1 11 61 O 10
3180 3170 1 3 11 O 30
68 3180 1 19 104 M 10
2810 2801 2 38 206 O 10
7545 7544 2 17 92 O 30
7547 7545 2 4 21 O 20
7545 8566 2 2 8 O 30
8566 7544 2 2 8 O 10
7544 4774 2 32 176 O 30
4773 7546 2 11 59 O 10
7549 7548 2 12 62 O 30
7548 7547 2 15 79 O 10
7547 7546 2 15 82 O 20
7546 7548 2 10 55 O 20
7554 7553 1 10 53 O 30
7552 7550 2 17 90 O 20
7556 7552 2 23 122 O 20
7555 7553 1 17 94 O 10
7555 7556 1 9 46 O 10
7553 8567 1 6 31 O 10
8567 7555 1 6 31 O 10
7550 7555 2 4 17 O 20
7552 7551 2 3 14 O 20
7551 7550 2 8 42 O 10
7556 7557 1 21 113 O 30
2349 272 1 19 102 O 30
2347 3263 1 9 48 O 20
3261 6800 1 8 40 M 20
6799 3261 1 8 40 M 10
5281 3281 1 25 134 O 30
5280 5281 1 12 64 O 30
6704 1161 1 8 42 M 10
6702 1162 1 11 58 O 20
2352 689 1 4 19 M 30
689 3210 1 9 46 O 20
5534 2352 1 6 33 O 20
5530 5532 1 10 53 M 20
4424 4168 1 4 0 C 0
6772 6769 1 2 8 O 20
5538 6214 1 41 222 O 30
4420 6085 1 9 0 C 0
4421 6757 1 3 0 C 0
5267 1246 1 19 103 O 20
4394 4760 1 21 114 O 10
6034 3255 1 28 0 C 0
2338 3400 1 14 77 M 30
4453 2931 1 2 8 M 10
5205 2338 1 24 130 O 30
2939 2339 1 11 57 O 10
7560 2376 1 116 639 O 30
2376 4849 1 16 85 O 10
4849 2377 1 13 72 O 20
1092 2934 2 4 21 O 30
1322 3375 1 9 0 C 0
6127 6051 1 3 0 C 0
3375 3372 1 8 0 C 0
5741 2390 1 14 74 O 20
6106 7921 1 4 17 O 30
5974 5973 1 7 38 M 10
7563 6241 1 19 0 C 0
4336 7449 1 4 0 C 0
5535 6020 2 4 17 O 20
6020 6016 2 27 149 M 30
6016 5981 2 6 28 O 30
5981 6017 2 5 26 M 30
6017 1616 2 4 18 O 20
1616 5500 2 8 39 O 10
3386 6725 1 21 116 O 10
6256 2437 1 22 120 M 30
909 2353 1 24 128 O 10
7561 6510 1 10 51 O 30
6753 6754 1 18 96 O 20
6399 6752 1 9 47 O 10
6752 7562 1 9 46 M 30
7628 7630 1 10 0 C 0
3228 3222 1 4 19 O 10
5275 1998 1 28 0 C 0
1127 6901 2 14 0 C 0
6622 5701 1 20 0 C 0
8001 454 1 7 37 O 10
454 997 1 4 18 M 10
997 936 1 8 43 O 20
4903 3348 2 12 63 O 30
6717 3360 1 26 144 M 10
3360 7566 1 12 65 O 30
7565 3348 1 34 185 O 30
3348 7564 1 27 146 O 10
3378 3380 1 20 107 O 20
5735 7727 1 15 82 M 20
2419 7733 1 41 226 O 10
7567 2400 1 10 53 O 10
2402 4447 1 6 32 O 20
5729 5730 1 12 63 O 10
3885 478 2 6 0 C 0
478 3884 2 14 0 C 0
7486 4863 2 3 15 M 20
6747 657 1 17 0 C 0
657 6748 1 1 0 C 0
7790 4337 2 3 12 O 30
6364 6761 1 13 0 C 0
1417 2487 1 8 44 M 30
5971 7966 1 37 204 O 30
5976 5969 1 8 39 O 20
5969 5967 1 4 20 O 30
5967 5975 1 6 32 O 30
5966 5965 1 21 111 O 30
5469 5976 1 5 25 M 20
5973 5977 1 6 33 O 30
5977 5970 1 4 18 O 30
5970 5469 1 10 53 O 30
8439 5957 2 7 0 C 0
5957 5562 2 7 0 C 0
6792 7219 2 14 0 C 0
7219 7224 2 2 0 C 0
2529 7514 1 6 32 O 30
4090 7503 1 18 95 O 30
7503 7508 1 8 42 O 20
2487 5972 1 9 48 O 20
6683 4793 2 39 217 O 20
5567 1204 1 2 0 C 0
306 6528 1 13 67 M 10
5262 6318 1 17 93 M 30
5276 7540 1 9 46 M 10
7577 3320 1 19 0 C 0
5603 7579 2 5 23 O 20
7580 7581 1 3 13 O 20
7582 7583 2 4 18 O 30
7584 7585 1 5 24 O 10
7585 7586 1 2 11 O 20
7586 7587 1 2 6 M 20
7587 7588 1 3 15 M 20
7589 7590 1 2 6 O 30
7590 7587 1 3 14 O 10
7584 7591 2 2 7 M 30
7591 7583 2 6 31 M 20
7591 7602 1 2 6 O 20
7602 7592 1 1 3 O 30
7592 7603 1 1 4 O 30
7603 7604 1 2 8 O 30
7604 7589 1 1 4 O 10
7581 7599 2 2 6 O 20
7599 7597 2 2 7 O 10
7597 7595 2 2 7 O 10
7595 7583 2 2 7 O 10
7581 7593 1 4 17 M 10
7593 7594 1 2 8 O 20
7594 7590 1 1 3 O 10
7595 7596 1 4 19 M 30
7597 7598 1 4 18 O 30
7599 7600 1 4 17 O 30
7596 7601 1 2 8 O 20
7601 7602 1 1 3 O 30
7598 7603 1 3 11 O 30
7600 7604 1 3 11 O 20
7607 7606 1 5 27 O 20
7606 3010 2 14 78 O 30
7605 7607 1 7 38 M 30
7606 7608 1 5 25 M 10
7608 7605 1 9 50 M 10
2198 6836 2 8 39 O 30
4418 4422 1 1 0 C 0
4420 4419 1 4 0 C 0
6265 5687 1 14 76 O 20
7612 1584 1 6 31 O 20
7613 1631 2 39 214 O 20
1631 8500 2 6 29 O 20
6741 6742 1 27 150 M 20
631 2810 2 8 44 M 20
6199 5324 2 12 62 O 30
7615 5324 2 32 175 O 10
3829 6056 2 39 214 O 20
7616 7554 2 8 41 O 20
922 7616 2 22 119 O 30
5844 922 2 7 34 O 20
4267 5844 2 6 31 O 10
5846 7617 2 26 144 O 10
3772 5845 2 18 96 O 30
3792 7618 2 13 72 O 20
7619 3792 2 5 26 M 10
7620 7619 2 9 49 O 20
2964 7620 2 5 27 O 30
7621 2964 2 7 33 M 10
7622 7621 2 5 24 M 30
2959 7622 2 9 49 O 20
7623 2959 2 14 75 M 30
1682 1680 1 13 67 O 10
8531 4798 2 5 24 O 20
4798 490 2 14 75 O 30
490 4803 2 30 162 O 30
4803 506 2 6 29 M 30
506 503 2 1 3 O 30
503 508 2 5 24 O 20
508 510 2 3 14 M 30
510 512 2 4 17 O 10
512 8394 2 3 14 O 30
8394 515 2 4 19 M 10
515 517 2 3 14 M 30
517 519 2 1 3 M 20
519 520 2 5 26 M 10
520 523 2 3 16 O 10
523 4807 2 3 15 O 20
4807 525 2 9 45 O 10
525 527 2 11 59 O 20
527 4812 2 3 17 M 30
6756 5508 1 4 0 C 0
6750 6751 1 13 70 O 20
6929 5617 1 6 0 C 0
5686 5616 1 6 30 M 30
5616 6400 1 5 23 O 10
6744 7631 1 5 23 O 30
7632 6746 1 8 0 C 0
6746 704 1 8 0 C 0
7633 6747 1 11 0 C 0
129 6193 1 12 62 O 20
128 3262 1 16 88 M 30
125 6192 1 337 1869 O 30
3262 130 1 32 173 O 10
7637 7638 2 4 19 O 20
7638 7639 2 5 23 O 10
7638 7640 2 5 24 O 10
3633 5424 1 2 9 O 20
7641 3633 1 14 74 O 30
3755 7642 1 6 0 C 0
5908 4177 2 10 0 C 0
7643 3076 1 16 85 M 10
468 310 1 9 50 O 30
310 7069 1 12 65 O 20
7069 470 1 6 33 O 20
3082 7644 1 11 56 M 30
7625 468 1 7 36 M 30
7645 471 2 5 27 O 10
470 469 2 2 9 O 30
469 6119 2 24 130 O 20
6119 6452 2 33 181 O 20
5418 7647 1 7 36 M 10
7647 7648 1 27 147 O 30
7649 5415 2 3 13 O 30
6789 6788 1 5 23 O 20
7671 975 1 2 0 C 0
6901 6760 2 6 0 C 0
5373 5127 2 7 34 O 30
5127 7724 2 11 59 O 30
7724 5128 2 11 56 O 10
5128 7362 2 39 216 O 30
7362 5134 2 3 15 M 20
5134 5129 2 9 46 O 10
7085 7683 2 16 88 M 30
7661 7662 1 2 6 O 20
7662 7656 1 2 9 O 20
7656 7657 1 2 6 M 20
7657 7659 1 2 10 O 10
7659 7660 1 1 3 O 10
7660 7658 1 2 9 O 10
7658 7661 1 3 15 O 10
7682 7663 2 7 39 M 10
7681 7688 2 11 58 O 20
7666 7685 1 1 5 O 20
7685 7684 1 1 5 O 30
7684 7687 1 2 10 O 10
7687 7686 1 2 8 O 10
7686 7664 1 3 13 O 30
7664 7665 1 2 6 O 30
7665 7666 1 2 8 O 30
7667 7668 2 10 51 O 20
7669 7670 2 14 75 O 10
7673 308 2 23 127 M 30
6548 7675 2 6 33 O 20
6548 6543 2 5 26 M 10
7521 7678 2 6 31 M 20
6887 3602 2 6 29 M 20
7679 7680 2 6 32 M 10
2642 4198 1 3 13 M 10
2639 2618 1 3 13 O 10
2650 2624 2 4 21 M 30
2624 2617 2 2 10 O 30
2617 2620 2 11 60 O 30
4198 2639 1 1 4 O 20
2618 2629 1 1 5 O 30
7662 7683 1 4 21 O 30
7681 7658 1 6 28 O 20
7660 7681 1 6 28 O 20
7682 7659 1 5 25 O 20
7657 7682 1 5 24 O 10
7683 7656 1 4 21 O 10
7665 7669 1 5 28 O 30
7684 7688 1 5 24 O 30
7669 7685 1 5 25 M 30
7667 7664 1 6 31 M 10
7686 7667 1 5 27 O 10
7688 7687 1 5 24 O 20
7689 7690 2 4 17 O 20
7691 7692 2 28 154 O 10
5528 4448 1 10 53 O 20
6663 754 1 22 117 M 10
754 4098 1 12 64 O 30
7015 4281 1 31 169 O 20
4281 6662 1 4 19 O 20
3433 3422 1 41 223 O 10
1201 3467 1 15 0 C 0
3467 5561 1 6 0 C 0
2216 5496 2 39 212 M 30
5496 3971 2 5 27 O 30
5220 7152 2 24 131 O 20
6914 6915 1 2 10 O 20
7576 7693 2 2 10 O 30
7575 7694 2 2 8 O 10
7695 7696 2 2 8 O 20
7697 7698 2 2 9 O 30
7699 7700 2 6 33 O 10
7705 7706 2 8 44 M 10
7707 8246 2 16 86 O 30
7708 1455 2 9 49 M 30
1455 7956 2 5 23 O 10
7956 7709 2 2 7 M 20
7711 5766 2 13 71 M 30
5354 5762 2 7 37 M 20
5762 5763 2 10 53 O 10
5764 7712 2 11 57 O 10
7713 7065 2 4 20 O 10
6999 7714 1 4 18 O 10
7714 7715 1 2 10 M 30
7717 7718 2 15 81 O 30
7716 7717 1 5 26 O 20
7718 7719 1 5 25 O 10
7720 7721 2 27 148 O 30
7721 7904 2 25 137 O 30
7904 7722 2 2 6 O 20
7717 7720 2 3 14 M 30
7724 8513 2 18 98 O 20
7725 5439 2 5 23 O 30
5440 7725 2 3 13 O 10
7726 6036 1 3 14 O 30
7727 7726 1 2 9 O 10
7730 2422 1 10 56 O 10
7731 7730 1 2 9 O 30
2421 7729 1 9 48 O 20
7729 1754 1 2 9 M 10
7728 7435 1 3 13 M 10
1753 7728 1 2 9 M 10
7733 7732 1 5 23 O 20
7732 7434 1 5 25 O 10
7734 7434 1 5 23 O 10
4009 7735 1 12 64 M 10
7735 7737 1 5 24 O 10
7736 7734 1 5 23 O 30
7574 1905 2 3 13 O 30
1905 558 2 3 12 O 20
5470 5870 2 3 12 O 10
5870 7738 2 2 10 M 20
4510 3516 1 2 11 O 30
5263 4217 1 1 5 M 30
936 4511 2 2 7 O 20
7740 7739 2 4 21 O 10
7742 4216 1 4 0 C 0
7741 7742 1 4 0 C 0
975 698 1 4 0 C 0
7703 8519 1 3 0 C 0
8519 7743 1 3 0 C 0
6142 7744 2 3 14 M 20
4381 5682 2 4 18 O 30
7745 5675 1 9 45 M 20
7746 7745 1 3 13 O 20
7747 7748 1 3 13 O 10
5675 7750 1 9 46 O 10
7750 7749 1 6 31 O 30
6668 7752 1 4 21 O 20
7752 7751 1 6 31 O 30
5408 7753 1 5 24 M 30
7753 7754 1 3 11 O 20
1359 5408 1 7 37 O 10
7754 2494 2 2 10 O 20
6223 7755 1 16 84 O 30
7756 5704 1 8 44 O 30
7757 3465 1 4 22 O 10
7758 7756 1 5 26 M 20
7539 3304 1 7 36 M 30
7761 3306 1 3 12 O 10
6504 1139 1 3 15 O 20
6504 1138 1 3 15 O 30
7762 7763 2 11 57 O 10
7764 7765 2 22 120 O 30
7767 7789 2 5 27 M 30
7789 7768 2 10 55 M 20
7768 930 2 11 58 O 10
7769 7770 2 6 31 O 20
7771 7772 2 2 9 O 20
7773 7774 2 5 23 O 20
7774 7775 2 6 28 M 20
7776 7777 2 2 10 O 30
7778 7779 2 10 52 O 10
7780 7781 2 5 23 O 30
7782 7783 2 2 10 O 20
7784 7785 2 2 8 O 20
7786 7788 2 3 16 O 20
7788 7787 2 7 39 O 20
7788 7789 2 4 20 O 10
558 4868 2 4 19 O 20
4861 8517 1 2 10 O 30
8517 8518 1 3 13 O 10
7304 7329 2 3 13 O 20
6928 5573 1 1 4 O 10
4357 7430 1 5 25 O 20
7308 4370 2 2 8 O 10
6250 5670 2 5 25 O 10
6232 7705 2 2 6 O 20
7705 1413 2 12 63 O 20
972 5719 2 5 23 O 10
7793 4380 2 1 3 M 10
7655 2114 2 15 0 C 0
2114 7795 2 12 0 C 0
7795 1218 2 23 126 M 10
7801 285 2 8 40 O 20
285 7800 2 2 10 M 10
7799 7802 2 3 0 C 0
7802 7797 2 6 29 O 30
7800 7803 2 4 19 M 10
7803 7804 2 22 122 M 10
7807 7806 2 6 29 O 10
7806 7808 2 3 14 O 30
7808 7807 2 3 15 O 30
7807 7809 2 3 15 O 10
4614 4612 1 12 62 O 20
4612 4613 1 14 74 O 30
4613 4614 1 3 15 M 30
4613 7810 1 4 20 O 10
7810 4614 1 3 15 O 20
7811 7813 1 2 6 O 10
7813 7812 1 3 13 O 20
7812 7814 1 1 5 O 30
7814 4602 1 1 4 M 20
4602 7811 1 2 10 O 30
7813 7816 2 5 27 O 10
6008 6007 2 12 63 O 30
6296 6291 1 4 22 O 30
6291 6294 1 4 20 O 20
4603 6293 1 3 13 O 30
6295 4603 1 3 12 O 10
7816 6297 1 3 16 O 30
6292 7816 1 3 13 M 10
6301 4620 1 6 32 O 20
4620 7817 1 6 29 O 20
6303 6298 1 3 16 O 20
6298 7819 1 3 14 O 10
6304 108 1 4 17 O 10
109 6304 1 4 19 O 30
4605 6302 1 4 19 O 20
6300 4605 1 4 22 M 30
7822 7823 2 3 12 O 20
7824 7825 2 2 10 O 10
7826 7827 2 8 41 M 20
1931 4876 2 2 10 O 10
4876 1930 2 2 10 O 10
7828 7829 2 3 12 O 20
2068 929 2 10 54 O 30
5149 4027 1 5 26 O 20
4027 7833 1 5 25 O 30
7834 4028 1 5 25 O 20
5152 7834 1 5 24 O 30
5150 7835 1 5 28 O 10
7835 4025 1 6 28 O 10
5151 7836 1 5 27 O 10
7836 4032 1 6 29 O 30
7837 7838 2 2 9 O 30
7350 7349 2 3 11 O 20
7348 7347 2 2 10 O 30
7839 7356 2 4 21 O 20
7130 7139 1 2 8 O 30
7135 7129 1 2 7 O 30
7134 7841 1 2 11 O 30
7841 7842 1 4 18 O 30
7842 7710 1 8 44 O 20
7710 7843 1 8 41 O 20
7843 7134 1 3 16 M 10
7844 5752 2 17 91 O 20
5752 7845 2 63 349 O 30
5751 7845 1 33 182 O 10
7846 7844 1 11 57 O 30
7844 1103 1 13 70 M 30
7841 7847 1 3 12 O 10
5745 7842 1 5 27 O 20
7843 7841 1 3 13 O 20
7841 7848 1 3 15 O 30
7849 7850 2 13 72 O 10
7851 7852 2 6 32 O 20
7135 7140 2 4 17 O 30
7140 7139 2 1 4 M 30
7130 7129 1 4 18 M 30
7129 7136 1 8 41 O 10
7136 7138 1 4 18 O 30
6994 6998 1 6 31 O 10
6998 7853 1 4 18 O 20
7853 6994 1 4 22 O 10
7856 6530 1 15 81 O 20
7857 7858 1 3 14 O 20
7854 7859 1 4 20 O 10
7855 7000 1 5 24 O 30
6531 7856 1 7 33 M 30
7854 7855 1 6 30 O 20
6996 6995 2 6 28 M 10
7860 7868 2 4 20 M 20
7868 7538 2 12 62 M 20
7538 7537 2 3 15 M 10
7860 8453 2 3 17 M 20
8453 7538 2 19 102 M 20
7861 7864 1 19 105 O 10
7864 7865 1 1 5 O 20
7863 7864 1 17 90 O 20
7865 7866 1 16 87 M 30
7867 7866 2 18 96 M 30
7866 7863 2 1 4 O 30
7863 7537 2 1 5 M 10
7537 7861 2 3 13 O 30
7865 7867 2 2 8 O 30
7867 7862 2 10 50 O 20
7868 7869 2 13 70 O 10
7860 7870 2 18 95 O 30
7877 7890 2 5 26 O 30
7890 7876 2 1 5 O 30
7876 7875 2 2 11 M 30
7875 7902 2 22 121 O 20
7902 7872 2 25 136 O 20
7872 7873 2 22 117 O 20
7871 7889 2 7 37 O 20
7874 7875 1 4 21 O 20
7874 7876 1 4 20 O 20
7879 7881 1 10 51 O 10
7881 7884 1 4 20 O 20
7877 7878 1 5 23 M 30
7887 7881 1 3 16 O 20
7881 7880 1 11 60 O 10
7880 7879 1 1 5 O 30
7882 7879 1 9 46 O 30
7888 7886 1 2 8 O 10
7886 7887 1 1 4 O 20
7887 7884 1 2 6 O 30
7884 7885 1 1 2 M 30
7885 7878 1 1 5 O 20
7878 7883 1 2 7 O 20
7883 7888 1 1 2 M 10
7886 7882 1 4 19 O 30
7885 7877 1 5 25 O 30
7890 7889 1 5 27 O 30
7875 7889 1 5 26 O 30
7889 7874 1 1 5 O 30
7873 7894 1 3 17 O 10
7894 7891 1 4 19 O 10
7873 7893 1 8 42 O 30
7893 7891 1 11 56 O 30
7893 7894 1 7 33 O 30
7892 7896 2 21 116 O 20
7896 7879 2 45 249 O 30
7872 7895 2 13 68 M 20
7895 7896 2 14 77 O 20
7895 7903 2 24 129 O 20
7903 7901 2 4 20 O 10
7897 7900 2 4 22 O 10
7900 7898 2 1 3 O 10
7899 7900 2 8 39 M 10
7891 7898 2 2 6 O 10
7898 7892 2 1 3 O 30
7901 959 2 18 95 O 20
7902 7903 2 13 69 M 10
7905 7906 2 12 64 O 30
7904 7905 2 19 105 O 30
7906 7718 2 10 50 O 10
4355 4356 1 18 99 O 30
7907 4346 2 13 68 O 30
7908 7909 2 16 84 O 30
7909 7910 2 10 53 O 20
7910 7911 2 4 17 O 20
7911 7912 2 2 6 O 20
7912 7910 2 3 15 M 20
7909 7913 2 3 16 O 10
7915 7913 2 3 16 O 10
7913 7914 2 3 12 O 30
7918 6105 1 17 93 O 10
6095 7916 1 18 95 O 30
7916 7917 1 5 23 O 30
7919 7918 1 5 23 O 30
6106 7920 1 3 16 O 10
7920 7921 1 3 16 M 10
1660 5527 1 10 51 O 20
5527 5738 1 8 44 O 20
7923 3328 2 28 153 M 10
3328 3531 2 41 224 O 20
7316 7924 1 3 16 O 30
5513 7230 2 9 49 O 30
7230 5514 2 5 27 O 10
7315 4357 1 8 44 O 20
7925 5513 1 5 26 O 30
7432 7431 1 5 24 O 10
7924 7432 1 10 55 O 10
7924 7315 1 2 8 M 10
4372 4367 1 2 8 O 10
5573 6201 2 4 22 M 20
428 7926 1 5 24 M 20
7927 5129 2 21 115 M 30
7928 5132 1 2 11 O 30
7366 7930 2 2 11 M 30
6529 7860 2 7 33 O 20
7571 7570 2 16 83 O 10
7931 7571 2 9 46 O 10
4335 5699 2 7 38 M 30
6076 7427 2 2 11 O 30
6288 6213 1 8 40 O 20
6213 6212 1 1 4 M 20
6249 756 2 3 12 M 20
5919 383 2 15 80 O 30
383 7128 2 2 9 O 20
7128 8304 2 1 3 O 20
6633 6341 2 12 64 O 10
6340 6633 2 11 59 M 30
7932 5441 1 12 65 M 10
340 349 2 4 19 O 20
349 5724 2 12 63 M 10
7446 6512 2 7 35 O 20
4339 6309 2 9 45 O 20
6227 7963 2 9 46 O 20
7963 6228 2 6 29 M 30
6309 1335 2 17 94 O 10
5129 5440 2 2 10 O 10
7933 8372 1 4 20 O 30
8372 2407 1 5 27 M 30
7934 7933 1 6 29 M 30
5603 7936 1 7 34 O 20
7936 7935 1 6 29 O 20
7937 7928 1 7 38 O 20
5603 7938 1 6 31 O 30
5439 7437 2 4 19 O 10
6896 6558 2 2 8 O 30
6558 6556 2 3 14 O 30
6556 5894 2 1 4 O 10
7939 7940 1 10 55 O 20
7940 7941 2 5 27 O 10
4238 6045 1 17 91 O 10
3727 2359 1 8 40 O 30
2359 7943 1 18 99 O 10
7942 3726 1 25 138 O 10
6731 7945 1 9 47 O 30
7945 7944 1 5 25 M 10
931 7947 1 2 7 M 30
7947 7946 1 5 25 M 30
643 2384 1 2 8 O 10
7948 643 1 5 24 O 20
4448 2298 1 58 321 O 30
2298 2075 1 6 32 O 20
3345 7952 1 62 343 O 30
7952 7951 1 2 6 O 10
7543 4010 1 14 72 O 20
4010 7949 1 63 350 O 10
7949 7950 1 2 7 O 30
1316 5434 2 9 48 M 30
7955 938 2 12 62 O 20
1453 5253 2 6 29 O 30
1454 7956 2 6 30 O 10
5252 5471 2 4 19 O 10
6854 6853 2 11 57 O 20
7960 7961 2 3 16 M 30
7970 7971 2 4 21 O 20
7972 7973 2 10 54 O 10
7974 7975 2 7 39 M 10
7976 7964 2 7 38 O 30
7963 7977 2 2 11 O 10
7978 7979 2 11 58 O 10
7980 7981 2 4 20 M 20
7982 7983 2 5 23 O 30
7985 7986 2 2 10 O 10
6229 7988 2 6 29 O 10
7989 7990 2 2 11 M 30
7991 7992 2 3 12 O 20
7993 7994 2 9 49 O 30
2148 7995 2 15 81 O 30
7416 7998 2 4 18 O 10
7998 7997 2 3 12 O 10
2082 6239 2 9 0 C 0
8000 7999 1 2 8 O 30
936 995 1 9 50 O 20
995 999 1 2 8 O 30
999 994 1 1 4 O 10
7427 8000 1 3 12 O 20
937 8004 2 7 34 O 10
8004 8003 2 2 6 O 30
6270 6305 2 3 11 O 30
2156 8005 2 4 20 O 30
8006 2156 2 13 67 O 30
7467 8007 2 4 18 O 10
8008 8011 2 16 84 O 20
8011 106 2 2 11 O 20
8009 8008 2 8 39 O 30
8008 8010 2 6 33 O 10
8011 8012 2 28 152 O 10
8013 8014 2 9 45 M 10
8015 8016 2 4 20 O 10
8017 8018 2 8 42 O 30
8021 8022 2 3 13 O 20
8023 8024 2 1 4 M 10
8024 4384 2 4 22 O 30
8025 6974 2 6 32 O 20
8026 8027 2 4 21 O 20
8028 8029 2 3 16 O 30
8030 8031 2 3 15 O 20
4377 1076 2 31 171 O 30
1076 1077 2 7 36 O 20
1077 4378 2 1 4 O 10
4378 4379 2 6 32 O 10
8032 8033 2 2 7 O 30
8034 2434 2 13 72 O 20
8035 8034 2 2 7 O 30
3519 8037 2 7 38 O 10
8037 8036 2 2 6 M 30
8038 8039 2 5 26 O 30
6528 8038 2 4 21 O 30
8038 8040 2 10 51 O 20
8041 8038 2 4 20 O 10
8042 8043 2 5 26 O 20
8044 8049 2 2 11 O 30
8049 8045 2 17 92 O 10
8046 8047 2 9 49 O 20
8048 8049 2 10 51 O 20
8050 8051 2 8 40 O 20
8052 8053 2 12 66 O 10
8054 8055 2 10 52 O 10
8056 8057 2 6 32 M 10
8058 8059 2 7 38 O 30
8060 8061 2 11 56 O 30
8063 8064 2 14 73 O 30
4885 4886 2 3 15 O 20
7823 4886 1 6 30 O 30
8065 8066 2 10 51 O 20
8066 8067 2 7 36 M 20
7650 8067 2 4 17 O 10
8067 8065 2 3 15 M 20
8066 8068 2 4 17 O 30
6227 8311 1 12 63 O 10
8311 8314 1 1 5 O 10
8314 650 1 7 36 O 30
650 3511 1 6 31 O 10
3512 6245 1 14 73 M 30
1065 8069 2 2 10 O 20
6141 8323 2 7 35 O 20
8323 1046 2 6 33 O 20
8070 8071 2 13 71 O 20
8072 8074 2 4 21 O 10
8074 1096 2 17 90 O 10
1096 8073 2 4 21 O 30
8073 8074 2 9 47 O 20
8076 8075 2 23 124 O 30
8077 8078 2 7 34 O 30
8078 8079 2 41 224 O 10
8079 8080 2 22 120 M 10
8080 8078 2 14 73 O 30
8081 8083 2 17 94 O 10
8083 8082 2 4 21 O 20
8083 8086 2 6 30 O 30
8086 8084 2 13 68 O 30
8084 8085 2 9 48 O 10
8085 8086 2 5 27 O 20
8087 8091 2 36 197 M 20
8088 8091 1 20 107 O 10
8091 8089 1 19 102 O 10
8091 8090 2 9 47 O 20
8090 8087 2 12 63 O 10
8091 8092 2 17 93 O 20
8091 8093 2 10 53 O 30
6483 8094 1 11 57 O 20
8095 8096 1 10 52 O 10
8094 8095 2 2 9 M 10
8095 8097 2 28 154 M 20
8097 8094 2 23 123 O 30
8098 8099 1 4 18 M 30
8100 8101 1 4 18 O 30
8102 8104 2 2 6 M 20
8104 8101 2 16 84 M 10
8101 8098 2 2 9 O 10
8103 8102 1 4 20 O 20
8104 8105 1 4 22 O 30
8102 8106 2 19 105 M 10
8107 8106 1 4 19 O 10
8106 8108 1 4 20 M 10
8109 8110 1 4 19 O 30
8110 8111 1 3 15 O 30
8111 8112 1 4 20 O 30
8111 8115 2 15 80 O 20
8115 8113 2 3 14 O 10
8114 8115 1 6 31 M 30
8113 8116 1 6 33 O 30
5906 8117 1 5 24 O 30
8121 8122 2 8 43 O 20
8122 8124 2 13 71 O 30
8120 8121 1 4 18 O 20
8122 8123 1 4 20 O 10
8118 8119 1 5 25 O 20
8117 8118 2 5 23 M 30
8126 8128 2 15 80 O 10
8128 1165 2 24 129 O 30
8128 8129 2 22 120 O 30
8131 8136 1 5 27 O 30
8136 8132 1 4 17 O 20
8133 8135 1 3 13 O 10
8135 8134 1 5 25 O 10
8135 8136 2 3 15 O 20
5902 8137 2 20 110 O 10
8138 8139 2 17 93 O 10
8138 8140 2 6 30 O 20
8140 8139 2 7 35 M 30
8139 8141 2 44 242 O 20
8141 8142 2 14 76 O 30
8141 8143 2 9 50 M 30
8133 8132 2 4 18 O 20
8132 8144 2 23 124 M 20
5927 8145 1 14 76 O 30
8145 8147 1 4 19 O 20
8147 5927 1 5 27 O 20
8145 8146 2 4 20 O 20
8147 8148 2 6 32 M 20
5927 8149 2 6 28 O 10
8153 7794 2 17 91 O 30
8154 8155 2 6 29 O 20
8156 8157 2 4 17 O 30
8158 8159 2 5 24 O 20
8160 8161 2 10 51 O 10
8162 8163 2 4 21 O 30
8164 8165 2 9 45 O 10
8166 8167 2 3 13 M 30
8168 8169 2 3 16 O 10
8170 8171 2 4 20 O 20
8172 8173 2 3 13 O 20
8173 8174 2 5 24 O 10
8173 8175 2 3 16 O 20
7456 7459 2 4 19 O 10
8176 8177 2 4 19 M 20
8178 8179 2 3 16 M 20
8180 8181 2 2 10 O 10
8182 8183 2 3 16 O 20
8184 8185 2 4 21 M 20
8186 8187 2 4 18 O 30
8188 8189 2 3 16 O 30
8190 8191 2 3 15 O 30
8192 8193 2 3 17 O 30
8194 8195 2 4 19 M 30
8196 8197 2 3 15 O 30
2159 8198 2 5 27 O 30
2159 8199 2 5 27 O 30
8200 2159 2 6 29 O 20
8201 8202 2 4 20 O 30
8203 8204 2 9 44 O 10
8205 8206 2 8 40 O 30
8006 8207 2 5 24 O 30
8208 8209 2 11 59 O 10
8210 8211 2 6 32 O 10
8212 8213 2 4 20 M 10
8214 8215 2 7 34 O 20
8216 8217 2 4 20 O 20
8218 6155 2 5 25 O 20
8219 8220 2 5 24 O 30
8221 8222 2 4 21 M 20
8223 8224 2 3 15 M 20
8225 8226 2 3 14 M 10
8227 8228 2 4 17 O 10
8229 8230 2 3 15 O 10
8231 8232 2 4 18 O 20
8233 8234 2 9 46 O 20
8235 8236 2 7 34 O 30
8237 8238 2 4 17 O 10
8239 6366 2 8 44 M 20
8240 8241 2 3 12 O 20
8242 8243 2 2 10 O 30
8244 8245 2 4 18 O 20
8247 8248 2 6 31 O 20
7576 8250 2 4 19 O 10
8250 8254 2 4 20 O 30
8254 8247 2 1 2 O 30
7575 8253 2 4 18 O 30
8253 8257 2 4 22 M 20
8257 8249 2 1 5 O 30
8251 8252 2 2 10 O 30
8250 8251 2 2 6 M 10
8252 8253 2 2 8 O 30
8255 8256 2 2 10 O 20
8256 8257 2 2 8 O 20
8254 8255 2 2 8 O 20
8258 8259 2 7 38 M 30
7694 8260 2 3 13 O 10
8261 8262 2 5 23 O 20
8263 8264 2 6 31 O 20
8265 8266 2 8 44 O 10
8267 8268 2 6 30 O 20
8269 8270 2 5 26 O 10
8271 8272 2 8 39 O 30
1258 8273 2 4 17 O 30
8273 1259 2 2 11 O 30
8274 8275 2 6 31 O 20
8276 8277 2 6 29 M 10
8278 8279 2 3 16 M 30
8280 8281 2 4 17 O 10
8282 8283 2 5 24 O 20
8284 8285 2 9 47 O 20
8286 8287 2 6 30 O 30
8288 8289 2 5 23 O 10
8290 8291 2 7 34 M 20
8292 8293 1 3 13 M 20
8293 8294 1 5 24 O 30
8474 8295 1 4 20 O 10
8295 8475 1 4 18 M 20
5409 5168 2 2 8 M 20
5168 8296 2 2 8 M 30
8297 8301 2 3 17 M 30
8301 8300 2 5 25 O 20
8300 8298 2 4 18 O 10
8299 8300 2 5 23 O 30
8301 8302 2 5 23 M 20
8303 822 2 12 65 O 20
8304 8303 2 3 14 O 30
5892 8305 2 2 9 M 20
6345 8306 2 1 4 O 10
8062 4882 2 12 66 O 10
6391 8307 1 3 13 O 30
8308 7383 1 2 7 O 10
8309 8308 1 19 104 O 20
8311 8312 2 4 20 O 20
8313 8314 2 3 14 O 30
8315 8316 2 3 14 O 10
8318 8336 1 2 8 O 30
8337 8319 1 2 8 M 30
8320 8321 2 4 17 O 10
4883 8322 2 4 20 O 10
8323 8324 2 2 8 O 30
8325 8326 2 3 14 M 20
8327 8328 2 2 8 O 30
7975 8329 2 5 23 O 30
8330 8331 2 3 14 M 30
8330 6234 2 12 64 O 10
8332 8333 2 4 20 O 20
8332 5571 2 1 5 M 20
7831 7832 2 2 6 O 20
7832 8334 2 4 18 O 20
8335 8334 2 3 12 O 10
8334 928 2 14 74 O 20
8336 8337 1 1 4 O 10
2128 2130 1 20 0 C 0
2130 2129 1 11 0 C 0
2129 2128 1 7 34 M 30
4991 4992 2 15 83 O 30
4992 4968 2 12 61 O 10
8341 8345 1 4 18 M 10
8345 8346 1 9 46 M 20
8346 8348 1 3 17 O 10
8348 8350 1 4 18 M 10
8350 8342 1 4 18 O 30
8342 8344 1 5 26 O 20
8344 8343 1 5 22 O 30
8345 8347 1 4 18 O 10
8347 8349 1 4 17 O 20
8349 8351 1 4 17 O 30
8351 8344 1 4 18 M 20
8346 8347 1 5 28 O 10
8348 8349 1 5 27 O 20
8350 8351 1 5 27 O 10
8342 8352 2 7 38 M 20
5546 5547 1 12 64 O 20
5490 6625 1 18 98 O 20
8353 8354 1 34 188 O 30
5425 8353 1 6 31 O 30
8356 8361 2 9 45 M 30
8368 8361 2 3 15 O 30
8361 7498 2 3 15 O 30
8358 8359 2 2 7 O 20
8360 8362 2 2 7 O 30
8361 8362 1 12 66 O 20
8362 8359 1 3 16 O 10
8359 5427 1 6 33 O 10
8366 7498 1 4 17 M 10
8368 8363 1 3 15 O 20
8365 8364 1 12 65 O 20
8363 8365 1 6 32 O 20
8365 8367 1 9 50 O 10
8367 8364 1 15 79 O 20
8364 8366 1 6 32 O 30
8370 8369 2 20 108 O 10
8383 8375 1 7 37 O 10
8375 8373 1 6 29 O 20
8372 8374 1 2 10 M 10
7047 8376 2 3 14 O 30
8377 8378 1 16 89 M 20
8380 8378 2 27 145 O 20
8378 8379 2 10 50 M 10
8379 8380 2 10 53 M 10
8380 8381 2 18 95 O 30
8382 6859 1 4 20 M 10
5110 4008 2 6 29 O 10
8374 8383 1 1 1 O 20
7059 7858 2 2 6 M 10
6569 8384 2 4 19 O 10
8385 1187 1 6 28 O 20
1187 8386 1 6 32 O 10
8385 3487 2 6 29 O 10
8387 8388 1 7 38 M 30
8388 8390 1 16 88 O 10
8390 8389 1 8 41 O 30
8390 8391 1 1 4 M 20
8391 8388 1 1 4 O 20
8392 8393 2 19 104 M 30
5946 1601 2 7 34 O 10
1601 5948 2 9 49 O 10
8397 1170 1 15 80 O 30
8398 6498 2 2 11 M 20
3238 8399 1 5 28 O 20
2926 776 2 5 26 O 30
135 3665 2 16 87 O 20
8402 8403 2 3 13 O 20
8403 8404 2 5 26 M 30
8404 8405 2 12 66 O 10
8405 8403 2 7 37 O 10
8404 8568 2 3 14 O 20
8568 8405 2 3 14 O 30
8402 8407 2 13 68 M 10
8407 8413 2 1 5 O 20
8407 8410 2 3 14 M 10
8410 8408 2 6 30 M 10
8408 8409 2 9 48 O 20
8409 8410 2 4 18 O 10
8410 8411 2 12 64 O 20
8411 8408 2 1 1 O 30
8411 8412 1 4 20 M 20
8413 8406 1 7 39 M 30
8414 8413 1 7 39 O 30
8417 8418 2 6 30 O 20
8418 8420 2 9 46 M 10
8419 8420 2 6 29 O 30
8419 8418 2 4 17 O 10
8421 8422 2 10 51 M 30
8423 8422 2 12 64 O 10
8422 8569 2 2 6 O 30
8569 8423 2 2 6 O 20
7652 1145 1 10 54 O 10
1145 8424 1 7 39 O 30
4277 3429 2 8 39 O 10
3429 4089 2 10 55 O 30
7859 7856 1 3 13 O 10
7859 6531 1 4 22 O 10
7855 6534 1 3 14 O 20
8453 8454 2 18 98 O 30
1315 8455 2 11 57 O 30
8456 8504 2 3 0 C 0
8504 8457 2 4 0 C 0
8457 2326 2 44 0 C 0
8460 6515 1 17 91 O 30
969 970 2 4 21 O 10
8461 4172 2 3 11 M 10
3880 8461 2 1 4 M 10
4172 4223 2 2 6 M 30
8462 5726 1 12 64 M 30
3292 8462 1 12 66 M 10
8549 8548 2 5 27 O 10
8464 8463 2 8 43 O 10
2375 2372 1 18 99 M 20
8465 3293 1 11 59 M 20
4157 8466 2 6 30 O 20
8467 4157 2 2 8 M 20
4793 4159 2 2 9 M 10
8468 5673 2 10 55 O 10
3317 8468 2 5 24 O 20
8471 8472 2 43 239 O 20
8479 8478 2 5 25 O 10
4219 7475 1 3 12 M 30
4530 4531 2 9 49 O 30
6436 6439 2 13 71 O 30
8484 8485 2 4 17 O 20
8487 5367 2 4 19 O 20
8487 5361 2 2 9 O 30
8488 5364 2 4 18 O 10
2331 8489 1 8 0 C 0
8491 2331 1 9 0 C 0
4610 954 1 5 27 M 20
8499 2196 2 8 39 O 30
8500 6266 2 11 56 O 20
8501 3347 2 6 30 M 10
5812 7611 2 10 51 M 20
8502 2196 2 12 64 O 30
6763 5808 2 2 11 O 30
5807 8503 2 2 10 M 10
8494 5932 2 15 78 M 20
7471 7470 1 2 7 M 10
7470 8495 1 1 5 M 30
8496 2426 2 3 16 O 30
2193 8497 2 18 99 O 10
8498 2193 2 14 76 O 10
8492 5520 2 11 58 O 30
544 8493 2 6 0 C 0
6133 4134 2 7 36 O 30
8339 3470 2 16 86 O 20
5418 7645 2 4 19 O 30
7645 4450 2 15 79 O 10
8537 7003 1 12 65 O 30
6833 7572 2 26 0 C 0
7572 2326 2 7 0 C 0
3308 8505 1 13 0 C 0
6035 6034 1 10 0 C 0
3257 6707 1 12 0 C 0
6707 6033 1 50 0 C 0
6033 5282 1 10 0 C 0
3271 8506 1 29 158 O 20
1676 3271 1 5 25 M 10
8508 1675 1 6 31 O 30
8507 3667 1 3 14 M 10
2364 2366 1 28 0 C 0
8510 2364 1 25 136 M 10
8509 2364 1 20 109 M 10
6503 8509 1 30 163 M 10
6704 8512 1 6 33 O 10
6698 7482 1 10 51 O 30
5372 8511 1 18 95 O 30
5696 4164 2 4 21 O 30
6801 8514 2 7 36 O 20
8310 8309 1 1 6 O 20
8002 7427 1 4 18 M 20
1863 1409 2 1 2 O 10
1409 1862 2 1 3 M 20
1851 4227 2 4 17 O 10
4227 928 2 8 39 M 10
6904 8520 1 16 87 O 10
8520 8521 1 9 46 O 10
8521 8523 1 4 17 O 10
8523 6272 1 3 11 O 30
8523 8522 1 10 54 M 20
8522 8521 1 7 37 O 30
6903 8520 1 1 5 O 20
6785 6783 1 3 15 M 20
6779 6775 1 2 10 O 20
3670 3668 1 2 10 O 10
3668 3669 1 2 10 O 20
3669 1607 1 2 10 O 10
4610 6168 2 14 76 M 20
6168 8458 2 3 14 O 20
6666 8529 2 2 8 O 20
8531 2899 1 11 59 O 20
2895 488 1 4 18 O 10
488 8531 1 3 15 O 20
2893 2892 1 5 26 O 20
8534 502 1 4 21 O 30
502 2893 1 1 4 O 10
8536 8533 1 4 22 O 30
8533 8535 1 4 18 M 10
5192 2897 1 4 20 O 20
2897 5193 1 4 18 M 20
2404 2406 1 5 27 M 30
8542 2405 1 5 23 O 10
2396 8542 1 7 38 O 20
2406 7929 1 7 38 O 30
3282 3283 1 11 56 O 30
3283 3285 1 4 17 O 10
8545 4608 2 7 36 O 30
91 8546 1 21 113 O 20
8547 6194 1 5 25 M 30
8548 8464 2 2 9 O 30
8425 7501 2 6 29 O 30
7930 21 2 5 27 M 30
5936 7953 2 4 18 O 30
2348 2349 1 9 49 O 10
8069 10 2 15 82 M 20
6037 5599 1 14 73 O 20
2356 6734 1 8 42 O 10
6727 6732 1 15 79 O 20
3385 3386 1 24 131 M 10
14 4096 2 3 14 O 20
4913 4915 2 29 156 O 30
4899 5624 2 22 118 O 20
5624 5622 2 3 14 O 20
5622 5623 2 11 58 O 10
5623 1379 2 8 44 O 10
6985 4943 2 16 87 M 10
4902 3717 2 3 12 O 30
16 17 1 8 43 O 30
17 3709 2 6 31 O 10
4552 17 2 12 66 O 10
20 19 2 4 18 O 10
18 20 2 3 16 M 20
6985 5893 2 9 46 O 20
6965 6574 2 12 66 O 10
6964 6965 2 7 38 O 10
6895 6839 2 26 144 O 30
21 7934 1 11 60 M 30
5965 2483 1 11 60 O 30
23 2083 1 4 17 O 10
2083 1384 1 9 47 O 20
1384 4041 1 11 57 O 10
4041 913 1 13 69 O 10
914 23 1 14 77 O 30
2660 2669 1 7 36 O 30
886 3170 1 1 5 O 30
2695 886 1 7 38 M 30
6253 7673 2 2 8 O 10
7673 24 2 7 36 M 30
1241 3334 1 10 51 O 20
2337 5205 1 12 66 O 10
7172 7171 1 4 20 M 20
7185 7169 1 5 26 O 10
7169 7171 1 5 27 M 30
7171 7186 1 7 35 O 10
32 33 2 2 11 O 20
4842 6134 2 6 0 C 0
2673 5327 2 12 61 O 30
34 2718 1 7 38 O 10
63 77 1 7 38 O 20
55 3138 2 3 15 O 10
35 6687 2 7 38 O 10
36 4491 2 6 29 M 10
4491 762 2 5 25 O 20
762 763 2 3 14 M 10
763 6678 2 7 35 O 20
39 4761 2 2 11 O 30
4761 5585 2 4 21 O 20
2671 40 2 6 30 O 30
42 41 1 2 7 O 30
41 3734 1 3 15 O 20
43 42 1 18 95 O 20
44 3733 2 5 27 O 20
45 6495 2 15 81 O 10
6495 44 2 13 69 O 30
3054 45 2 5 24 O 20
62 47 2 9 45 O 20
46 6391 1 7 34 O 20
4762 48 2 28 150 O 20
49 4762 1 4 21 O 10
4761 50 1 4 21 O 10
73 68 2 7 38 O 10
3013 72 2 4 18 M 10
51 67 1 16 87 O 10
67 66 1 3 12 O 10
55 54 1 5 25 O 10
56 2745 2 16 87 M 10
57 2758 2 34 188 O 30
3061 46 1 7 38 O 10
3180 2660 1 1 5 O 20
66 69 1 10 52 M 20
69 68 1 10 52 M 30
3170 67 1 2 9 O 20
6394 6398 1 6 31 M 30
6393 2734 1 4 20 O 10
3170 74 1 29 158 O 20
3171 3177 2 19 102 O 20
3177 3173 2 19 103 O 10
3173 69 2 25 135 O 30
74 70 1 4 19 O 10
70 51 1 10 52 O 20
53 2713 2 43 238 O 30
5327 76 2 6 32 O 10
76 2749 2 1 2 O 30
64 78 1 1 4 O 30
77 2710 1 4 20 O 20
78 2710 1 4 18 O 20
77 64 1 3 16 O 30
2730 79 2 6 32 O 10
5183 38 1 4 20 O 10
38 3027 1 4 18 O 20
5185 37 1 4 20 O 30
37 3018 1 4 21 M 20
81 3011 1 5 22 O 30
5182 81 1 4 20 O 10
59 82 1 4 21 M 10
82 58 1 4 21 M 20
61 83 1 4 18 M 10
83 60 1 4 18 O 30
84 85 1 4 19 O 20
2725 84 1 4 19 O 10
1081 1079 2 5 0 C 0
86 3881 2 17 90 O 30
4173 3882 2 3 16 O 30
3882 3880 2 3 13 O 30
87 6401 1 10 54 O 20
6404 3688 1 18 98 O 10
3688 88 1 17 90 O 20
89 6405 1 29 157 O 20
3299 3691 1 9 46 O 10
3691 90 1 5 25 M 20
3287 91 1 8 39 M 30
5977 1007 1 5 23 O 20
7476 5970 1 4 18 O 20
92 1007 2 1 5 O 30
1007 7476 2 2 8 O 10
94 5591 1 2 10 O 10
5589 4776 1 3 13 M 30
7526 7528 2 4 18 M 30
7524 7526 2 4 17 O 20
7524 7525 2 11 58 O 10
7523 7524 2 4 17 O 20
96 97 1 7 35 O 20
95 96 2 4 19 O 30
6911 98 1 65 361 O 30
7635 99 1 21 113 O 20
101 7635 1 12 63 O 10
100 101 1 8 43 O 30
100 3522 1 3 15 O 10
865 866 2 6 30 O 30
3493 6357 1 4 19 O 20
4266 866 2 2 10 O 10
99 660 1 2 10 O 20
99 5722 2 2 11 O 10
6840 5654 1 19 101 O 20
5654 5655 1 7 36 O 20
102 103 1 42 229 O 10
5919 5920 2 21 112 O 10
104 105 2 3 14 O 20
105 106 2 17 90 O 20
106 8072 2 3 13 M 10
110 4213 1 4 0 C 0
7624 1804 1 11 0 C 0
111 6240 1 10 52 O 30
3333 6759 1 13 0 C 0
112 2318 2 8 42 O 20
2318 113 2 9 48 O 30
5744 8020 2 2 9 O 20
7837 939 2 8 43 O 10
117 3269 1 50 277 M 10
116 117 1 8 42 O 30
1166 118 2 11 60 M 30
118 119 2 10 51 O 10
6260 1586 1 18 99 M 30
120 6834 1 25 138 O 30
120 5687 1 3 12 O 10
1584 121 1 22 120 O 10
5518 121 1 7 35 M 10
3285 122 1 35 191 O 20
3294 5727 1 33 180 O 10
5279 123 1 32 175 O 30
124 3234 1 20 110 O 20
126 125 1 55 300 M 20
6193 131 1 36 198 O 30
127 5279 1 23 127 O 10
3286 5672 1 8 43 O 10
5672 3269 1 51 278 O 20
6191 128 1 11 60 O 10
6191 129 1 12 63 M 20
130 127 1 8 43 O 30
131 126 1 8 42 M 10
132 136 2 12 65 O 20
136 133 2 71 391 O 10
135 136 2 18 99 O 30
3640 3637 2 14 75 M 10
3637 6172 2 53 289 O 30
7032 140 2 10 55 O 10
140 137 2 10 52 O 20
138 141 2 10 55 M 30
141 139 2 10 52 O 30
140 141 2 21 112 M 20
142 138 2 20 106 O 30
3246 6687 1 27 148 O 20
145 146 2 3 15 O 10
145 147 2 9 50 O 20
147 148 2 5 27 M 30
147 149 2 10 50 O 20
3896 6688 1 11 57 O 10
144 3232 2 11 60 O 20
151 1611 1 4 18 M 20
3234 8550 1 10 51 O 20
6114 6713 1 7 37 O 30
6713 150 1 6 29 O 20
152 153 2 11 0 C 0
153 154 2 12 0 C 0
154 155 2 7 35 M 20
155 156 2 4 17 O 30
5707 6167 2 2 0 C 0
157 160 2 3 16 M 30
160 162 2 4 18 O 30
162 158 2 6 30 M 20
157 159 2 8 44 M 30
160 161 2 8 44 O 30
162 163 2 9 45 O 10
164 165 2 4 19 O 10
165 168 2 4 22 O 30
168 170 2 4 20 O 10
170 169 2 12 66 O 10
169 167 2 4 17 O 20
167 166 2 4 19 O 30
166 171 2 12 63 O 30
171 165 2 9 46 O 30
165 166 1 12 62 O 20
167 168 2 10 51 O 10
169 2011 2 6 32 O 10
2011 170 2 2 8 O 10
171 172 2 6 30 O 30
176 172 1 3 11 O 20
172 174 1 2 9 M 30
174 175 1 2 9 O 30
175 173 1 2 9 O 20
173 176 1 1 5 O 10
174 177 2 4 18 O 30
185 182 1 4 20 O 10
182 179 1 3 14 M 20
175 183 1 9 45 O 10
183 180 1 2 9 O 20
182 183 1 3 13 M 10
180 184 1 5 27 O 30
179 173 1 6 30 M 20
184 181 1 3 15 M 10
178 185 1 3 12 M 10
3236 186 1 5 27 O 20
3661 8395 1 14 77 O 20
6498 187 2 2 10 O 30
6498 192 2 3 16 O 20
192 190 2 7 35 O 10
190 189 2 2 7 O 10
189 193 2 4 22 M 30
193 188 2 2 7 O 30
188 189 1 14 74 O 10
190 191 1 10 54 O 30
191 192 1 5 26 O 30
3656 137 2 10 54 M 10
5942 132 2 4 18 M 10
132 135 2 10 54 O 10
5949 6821 2 7 39 M 30
5949 5947 1 6 31 O 10
1784 5949 1 6 31 O 20
5944 5950 1 4 18 O 20
196 197 2 3 14 O 10
1671 2908 2 16 86 O 20
3235 4484 1 18 97 O 10
152 538 2 14 0 C 0
538 3247 2 14 0 C 0
3855 198 1 8 0 C 0
199 202 2 3 0 C 0
202 201 2 4 0 C 0
201 200 2 4 17 O 10
6526 200 1 4 22 O 20
199 7672 2 4 0 C 0
6318 6646 2 2 11 M 10
6318 307 1 15 78 M 30
6646 3335 1 18 98 O 30
6528 6646 1 1 5 O 10
3404 203 2 5 23 O 20
6137 2340 2 6 30 M 20
4840 6135 2 4 18 O 20
6135 6136 2 10 52 M 20
2876 2879 2 10 50 O 10
6130 6131 1 2 10 O 30
6131 1687 1 10 51 O 20
205 206 2 2 11 O 30
2696 205 2 8 43 M 10
205 75 2 6 28 M 10
207 6096 1 7 38 M 30
7917 207 1 9 45 O 20
6774 6093 1 30 162 O 30
5738 5739 1 6 30 M 30
5739 4440 1 12 64 O 20
6104 7919 1 6 31 O 20
4445 6104 1 23 123 O 30
5732 5733 1 5 24 O 10
4009 4444 1 8 40 O 20
7737 6117 1 9 46 O 20
6117 4446 1 33 182 O 30
6714 6101 1 8 41 O 10
5449 871 1 20 108 M 30
209 5446 1 8 43 M 20
209 3676 2 8 41 M 10
5446 5447 1 5 24 O 10
210 7460 1 5 26 O 20
214 213 2 6 28 O 20
213 212 2 3 13 O 20
213 215 1 46 252 O 20
216 215 2 3 12 O 30
215 217 2 46 254 O 10
219 220 1 21 114 O 10
220 221 1 23 125 O 10
221 219 1 3 13 O 30
218 219 2 9 45 O 30
220 222 1 7 34 O 30
222 221 1 10 55 O 30
224 225 1 9 47 M 10
225 226 1 6 32 M 10
226 224 1 4 17 O 30
223 224 2 4 22 O 10
6477 4179 1 7 38 O 20
229 241 1 9 46 O 20
241 228 1 4 18 O 10
228 6477 1 2 10 O 20
230 228 1 5 26 O 30
233 232 2 1 4 O 30
232 231 2 5 26 O 30
231 234 2 12 62 O 30
232 238 1 12 62 O 20
238 235 1 12 62 O 20
236 238 2 4 18 O 10
238 237 2 2 6 O 20
239 240 2 5 24 M 30
242 2275 2 3 13 M 20
243 911 1 16 87 O 20
1573 11 1 7 34 O 10
248 244 1 8 41 O 10
244 245 1 6 28 O 20
245 246 1 10 55 O 10
246 1572 1 21 115 M 20
911 248 1 3 15 O 10
247 5472 1 10 52 O 30
6645 5899 1 6 33 O 30
4181 249 2 2 9 M 20
249 6645 1 5 26 O 10
252 253 2 9 49 M 10
5899 5900 1 4 21 O 10
5900 8109 1 6 31 M 30
8109 8112 1 4 18 O 10
8112 5901 1 4 22 O 20
5487 254 2 12 65 O 30
6173 6454 1 17 93 O 30
6454 5487 1 24 130 M 10
6800 6173 1 11 57 O 10
5487 6737 2 3 12 O 20
6737 255 2 11 58 O 20
6737 2346 1 40 218 O 20
2346 2347 1 11 59 O 20
256 1954 1 8 40 O 30
1954 6737 1 27 148 O 10
265 6175 2 8 42 M 30
6735 266 2 8 41 O 30
267 6175 1 27 145 O 10
268 6735 1 27 147 O 30
5548 260 2 10 51 M 30
7386 6738 2 20 107 O 30
261 5548 1 28 155 O 30
262 6738 1 15 78 O 30
2345 262 1 26 140 O 20
263 6451 1 14 74 O 20
6721 264 1 6 30 O 30
6877 3391 1 20 107 M 10
2334 257 1 14 74 M 30
258 2335 1 14 77 O 10
259 3397 1 6 31 O 20
3654 269 1 8 40 O 30
3238 270 1 6 30 M 10
6652 271 1 12 64 O 30
4755 1115 1 2 10 O 10
272 2343 1 13 71 O 10
273 3279 1 7 35 O 30
3263 7627 1 6 30 O 30
2378 3274 1 15 79 M 20
5968 912 1 2 9 O 20
5974 274 1 2 8 O 30
7748 1117 1 2 11 O 20
277 977 2 9 47 O 30
977 275 2 5 23 M 30
276 6239 2 10 52 M 20
4335 983 2 8 41 O 20
983 277 2 3 16 O 20
278 279 2 2 9 O 10
7999 6239 1 8 0 C 0
5702 7563 1 5 0 C 0
6242 5718 1 35 0 C 0
281 5702 1 3 0 C 0
5717 281 1 7 0 C 0
7967 6242 1 17 0 C 0
7966 7967 1 9 49 M 20
7313 7415 1 12 0 C 0
7415 7426 1 5 26 O 10
7426 7968 1 5 27 M 30
4511 7740 2 3 12 O 20
7739 6238 2 10 54 O 30
6238 280 2 8 40 O 30
7796 7797 1 5 23 O 10
7797 7798 2 7 35 O 30
282 7799 2 13 72 O 10
7800 287 2 6 31 O 20
7803 283 2 4 21 O 10
284 7804 2 4 17 O 10
7798 282 2 3 15 O 30
282 285 2 4 22 M 20
286 287 1 5 28 O 30
287 288 1 6 29 M 20
4195 4197 2 21 0 C 0
4197 5549 2 33 0 C 0
290 291 1 12 65 O 30
291 292 1 7 36 O 10
8543 4366 1 1 3 O 10
294 296 2 7 36 M 30
3733 80 2 3 15 O 20
3405 3407 2 2 11 O 20
4721 6311 2 2 8 O 20
6311 293 2 12 64 M 30
48 3054 2 4 21 O 30
3075 3059 2 15 78 O 20
3065 294 2 8 43 M 20
296 295 2 2 8 O 30
297 298 2 6 31 M 30
8481 7704 1 27 0 C 0
302 4332 1 23 0 C 0
6318 6526 2 4 22 M 10
6526 7672 2 9 0 C 0
424 422 2 12 61 O 10
311 310 1 62 340 O 10
312 7080 2 7 37 O 10
7080 6451 2 4 21 M 20
4327 314 2 5 25 M 10
314 319 2 10 55 O 30
319 313 2 12 63 O 20
314 316 2 4 22 O 30
316 315 2 13 68 M 30
316 318 2 10 54 O 20
318 317 2 11 60 O 10
318 319 2 4 22 M 20
321 322 2 7 37 O 10
320 321 2 5 24 M 30
323 327 2 3 15 M 20
327 325 2 5 27 M 30
325 324 2 5 25 O 10
324 328 2 13 68 O 20
328 329 2 2 7 O 30
329 324 2 6 31 O 20
325 326 1 7 39 M 10
326 327 1 3 12 O 10
330 331 2 3 15 O 20
6851 334 2 7 39 O 20
334 336 2 1 3 M 20
336 332 2 2 8 O 10
7485 6850 2 3 11 O 10
7485 333 1 12 63 M 10
333 332 1 2 7 M 30
334 335 2 4 18 O 10
336 337 2 3 16 O 10
338 339 2 3 14 O 20
340 350 1 11 57 M 30
350 341 1 32 177 O 30
7626 5919 1 12 62 O 30
5919 342 1 5 23 M 10
342 7626 1 6 33 O 30
7159 343 1 3 15 M 10
343 7158 1 1 4 O 20
7255 440 2 2 9 O 30
440 344 2 1 5 O 30
6122 345 1 7 34 O 20
345 346 1 4 20 M 10
346 347 1 3 15 O 20
7162 7160 1 2 9 O 10
7160 7161 1 4 17 O 20
5937 348 1 31 168 O 20
349 350 1 15 80 M 30
353 354 1 25 138 O 10
354 352 1 20 106 O 10
352 355 2 6 28 O 10
355 357 2 2 10 M 10
357 356 2 28 151 O 10
356 354 2 3 13 M 30
357 358 1 8 39 O 10
358 355 1 6 30 O 20
351 353 2 4 18 O 10
353 352 2 2 7 O 10
119 6988 2 6 30 M 30
6988 8545 2 15 80 O 30
6350 361 2 8 40 O 10
362 363 2 5 27 O 30
6511 365 2 12 66 O 20
366 4858 2 14 74 O 10
4330 7573 1 23 0 C 0
7573 976 1 10 0 C 0
976 371 1 5 0 C 0
5463 2329 1 17 0 C 0
2329 8490 1 8 0 C 0
8490 5462 1 24 0 C 0
369 8491 1 7 0 C 0
371 370 1 16 0 C 0
370 369 1 7 0 C 0
368 8456 2 10 0 C 0
4308 367 1 22 0 C 0
348 5938 1 13 67 O 20
5938 103 1 8 39 O 10
375 102 1 6 28 M 30
378 377 1 4 19 O 20
377 376 1 15 80 M 10
376 104 1 21 116 O 10
7122 7121 2 7 37 M 10
385 387 1 23 126 O 20
384 382 2 6 31 O 20
383 384 1 4 19 O 30
381 384 2 2 9 O 10
380 385 2 7 35 O 20
386 385 2 3 13 O 10
387 379 1 7 37 O 30
379 7121 1 4 18 O 10
391 388 1 1 4 O 30
388 1593 1 1 2 O 30
1593 390 1 2 10 O 30
390 389 1 2 11 O 30
389 395 1 4 20 O 30
395 394 1 1 4 O 30
394 393 1 2 8 O 10
393 392 1 1 4 O 10
392 391 1 3 13 O 30
389 396 1 5 27 M 20
396 395 1 6 29 M 10
2754 390 1 4 22 O 30
394 397 1 5 24 O 10
398 388 1 3 16 M 30
392 398 1 3 16 O 10
396 1594 2 227 1261 O 10
409 410 2 46 252 M 30
411 412 2 10 54 O 10
414 415 2 24 130 O 30
416 309 2 3 12 O 20
420 417 1 5 24 O 20
420 2897 2 10 54 O 10
421 423 1 1 2 M 20
423 430 1 2 7 O 30
430 429 1 1 1 O 10
429 416 1 2 7 M 20
416 418 1 1 2 O 20
418 417 1 2 9 O 10
417 419 1 1 2 O 10
419 431 1 2 8 M 30
431 421 1 1 2 M 30
418 420 1 5 25 O 10
419 425 1 8 43 O 10
429 424 2 1 5 M 20
423 426 1 5 26 O 10
115 4344 1 6 31 O 30
1572 6122 2 10 55 O 10
6122 347 2 2 6 O 10
5921 1570 2 18 94 O 20
1570 3504 2 1 5 O 20
426 430 1 5 28 M 20
425 431 1 8 43 O 30
12 432 2 14 77 O 30
440 433 2 7 36 M 20
433 434 2 15 81 O 20
435 436 2 8 39 O 10
437 4585 2 24 133 O 10
2363 438 2 3 12 M 10
2363 439 2 14 73 M 30
433 441 2 2 10 O 10
442 443 2 6 29 M 20
444 445 2 15 80 O 10
446 447 2 4 17 O 20
448 449 2 11 57 O 10
450 451 2 11 57 O 30
452 453 2 7 37 M 20
248 6099 1 3 14 O 10
911 6402 1 6 31 O 30
457 455 1 4 21 O 30
455 456 1 7 36 O 30
458 459 2 1 4 O 10
6948 1661 2 9 49 O 30
1661 460 2 6 29 O 20
6945 461 1 4 21 M 20
5462 463 1 15 0 C 0
464 4121 2 6 32 O 20
5287 4114 2 3 14 M 30
4126 5287 2 9 45 O 30
4121 4127 2 7 36 O 10
466 465 2 13 70 O 10
5980 3888 2 3 16 O 30
470 4773 1 7 37 O 30
4773 467 1 4 20 O 30
1109 7643 1 6 30 O 20
7625 7029 1 3 12 O 30
4196 4189 2 20 110 O 10
4189 472 2 2 7 O 30
103 373 1 2 8 O 30
7834 5153 2 2 10 O 10
5153 6643 2 2 8 O 10
6643 473 2 7 39 M 20
3502 474 2 10 50 O 20
5127 5374 2 9 45 M 20
475 476 2 10 53 O 20
476 4171 2 7 34 M 30
477 476 2 5 27 O 10
3882 478 2 24 132 M 30
479 480 2 3 12 O 30
481 482 2 3 12 O 10
483 484 2 3 14 O 10
485 486 2 3 16 O 10
487 488 2 4 20 O 10
489 490 2 6 28 O 30
491 492 2 3 12 M 20
493 494 2 3 11 O 20
495 496 2 3 11 M 20
497 498 2 3 13 O 20
499 500 2 3 13 O 30
501 502 2 2 10 O 10
503 504 2 10 51 M 10
505 506 2 2 10 O 30
507 508 2 7 35 O 20
509 510 2 7 33 O 30
511 512 2 4 18 O 20
513 8394 2 4 17 O 30
514 515 2 3 13 M 30
516 517 2 5 25 M 10
518 519 2 5 24 O 10
520 2029 2 5 24 O 20
2029 521 2 5 23 M 10
522 523 1 36 199 O 30
524 525 2 4 19 O 10
526 527 2 4 19 O 20
528 529 2 4 17 M 20
530 531 2 32 176 O 10
532 533 2 15 81 M 10
534 535 2 21 113 O 20
539 540 2 2 10 O 20
7215 7216 1 22 121 O 20
7218 7217 1 9 48 O 30
7217 543 1 11 59 O 10
4671 5259 2 6 32 M 20
6137 546 2 2 9 M 20
545 2881 2 16 0 C 0
2883 545 2 8 0 C 0
548 547 2 2 7 M 10
6159 5454 2 6 33 M 10
6159 549 1 10 52 M 10
551 552 2 3 14 O 10
550 551 1 2 7 M 20
551 553 1 2 6 O 20
555 556 2 4 21 M 30
554 555 2 3 11 M 20
557 554 2 2 11 O 30
4386 6972 2 4 19 O 30
4410 4386 1 4 19 O 20
4067 4066 1 1 5 O 20
4066 6969 1 1 4 O 30
559 6969 1 7 34 O 20
4519 559 2 40 220 O 20
560 6971 1 9 47 O 20
560 4057 2 12 66 M 20
6968 561 1 6 31 O 30
561 4072 2 36 195 O 10
4069 4068 1 1 5 O 30
6970 4069 1 2 6 O 20
6970 562 1 4 21 M 20
562 4068 1 5 24 M 10
7345 7348 2 4 20 M 30
4375 7350 2 5 23 O 10
4347 7915 2 4 21 O 10
7396 933 1 21 112 O 30
564 563 2 9 45 O 30
565 918 1 2 10 O 10
918 577 1 4 20 O 20
918 4085 1 2 7 O 20
7510 7509 1 7 38 O 10
7509 6668 1 32 177 O 10
2123 4090 1 7 38 O 30
570 2574 1 4 21 O 10
572 571 1 2 8 O 30
3250 6161 1 8 42 O 20
6161 5165 1 10 53 M 30
5165 574 1 2 7 O 10
574 6014 1 6 29 O 10
6014 6337 2 13 70 O 10
6337 6113 2 12 63 O 30
6113 5157 2 12 64 O 10
5157 4081 2 11 56 M 30
576 5166 2 32 177 O 20
5166 5167 2 46 254 M 10
576 574 1 6 30 O 30
574 1360 1 2 6 M 30
572 3220 1 26 140 O 20
571 4090 1 2 7 O 20
571 2124 1 7 39 O 10
567 575 1 3 15 M 20
575 572 1 9 45 O 10
568 5165 1 2 6 O 30
5165 576 1 6 32 O 20
579 578 2 12 66 M 30
581 580 2 11 56 O 30
749 3931 2 25 135 O 30
1449 3937 2 10 54 O 20
582 583 2 5 24 O 30
584 583 2 9 49 O 30
583 5369 2 2 11 O 20
586 585 2 6 31 M 30
588 585 2 10 51 O 30
585 587 2 10 53 O 30
589 428 1 2 10 O 20
5796 590 2 5 23 O 20
591 592 2 5 23 O 10
591 593 2 4 22 O 20
594 595 2 4 22 M 20
594 596 2 5 24 O 20
5630 597 2 6 30 O 30
598 599 2 6 30 M 10
600 601 2 6 29 O 10
5632 602 2 15 80 O 30
603 604 2 21 113 O 10
604 605 2 9 48 O 30
606 607 2 22 120 O 10
607 608 2 22 120 M 10
610 609 1 20 106 O 30
610 611 2 20 106 O 20
612 613 2 11 60 O 20
2928 615 2 20 106 O 30
614 1680 2 4 21 O 20
938 617 2 15 81 O 20
3223 565 1 2 8 O 20
549 550 1 2 10 O 10
4208 549 1 2 8 M 10
619 620 2 14 74 M 10
621 622 2 7 35 O 30
622 623 2 17 93 O 20
623 624 2 8 40 O 10
624 622 2 4 20 O 30
625 626 2 12 62 O 20
6629 627 2 11 59 O 10
4082 9 2 2 10 O 30
2944 2113 2 9 49 O 10
462 4194 2 3 11 O 10
4407 5743 2 2 10 O 10
629 4112 2 3 14 O 20
630 76 2 11 59 O 30
7614 631 2 5 0 C 0
634 635 2 9 48 O 20
4232 4827 2 17 90 O 30
5636 5628 2 12 63 O 20
5628 5643 2 8 39 O 30
5645 600 2 2 8 O 10
600 5643 2 8 41 O 30
5633 610 2 14 74 O 10
610 7298 2 6 30 O 30
7298 5684 2 13 69 O 20
7300 637 2 12 66 O 20
637 7298 2 12 66 O 30
7299 2070 2 1 4 O 10
2070 7300 2 6 31 O 20
5796 5797 2 6 33 M 10
4583 437 2 1 5 O 30
437 4584 2 2 11 M 10
4584 4585 2 16 87 O 20
4585 5359 2 10 54 O 30
3350 4580 2 12 67 M 20
4580 4574 2 19 100 O 10
4577 4576 2 15 82 O 30
4576 3361 2 9 46 O 20
6048 3375 1 2 0 C 0
3374 3371 1 6 0 C 0
644 645 2 3 12 M 30
646 647 2 3 13 O 10
8515 3511 1 7 35 O 30
649 650 2 3 13 O 30
652 651 2 3 13 O 30
115 653 1 5 24 M 30
653 654 1 6 32 O 20
654 115 1 2 10 M 10
544 656 1 16 0 C 0
659 5464 1 7 38 M 10
5656 662 1 5 26 O 30
665 5283 2 9 47 M 10
669 670 1 7 36 O 20
47 3061 2 2 11 M 30
669 3176 2 4 19 M 10
672 673 2 6 33 O 30
1299 1300 1 11 56 M 10
1298 1297 2 10 50 O 20
1297 676 2 4 22 O 10
681 682 2 5 27 O 30
685 684 1 3 16 O 10
684 683 1 7 35 O 30
686 684 2 5 24 M 20
687 691 2 7 36 M 20
691 688 2 21 116 O 10
688 689 1 4 19 O 20
690 691 2 3 16 M 20
692 693 2 6 29 M 10
693 694 2 3 16 O 10
695 694 2 4 20 M 30
693 696 2 11 60 O 20
697 3704 1 6 28 O 20
4721 699 2 4 20 O 20
699 700 2 10 51 O 30
702 700 1 2 7 O 30
700 701 1 3 11 O 30
701 702 1 2 11 O 30
699 703 2 11 60 O 20
1800 8480 2 24 131 O 30
4006 3339 1 2 10 O 30
4001 4003 1 9 45 M 20
3997 6386 1 2 10 M 10
4003 3997 1 2 9 M 10
710 709 2 2 7 O 20
712 711 2 2 8 O 30
714 713 2 2 9 O 10
716 715 2 2 7 O 10
718 717 2 2 7 O 10
720 719 2 2 10 O 30
725 723 1 4 19 M 30
727 3449 1 3 13 O 10
723 867 2 23 127 M 30
867 5396 2 9 46 O 20
726 725 2 4 19 O 20
732 728 1 1 2 O 30
3807 3811 2 19 105 O 30
3811 3835 2 2 10 O 30
3835 728 2 19 105 O 30
731 2568 2 59 326 O 10
2591 2541 1 3 12 O 30
2541 2510 1 3 11 O 30
2554 2572 1 3 13 O 20
3981 3476 2 23 127 O 30
2499 2570 1 3 11 O 20
2570 2573 1 3 12 O 10
738 734 1 1 2 O 10
734 735 1 2 10 M 20
735 736 1 3 11 M 10
736 737 1 2 11 O 20
737 738 1 2 8 O 10
734 3786 2 22 120 M 20
743 739 1 1 3 O 10
3452 2058 2 9 45 O 30
2058 741 2 25 133 M 10
742 4747 2 19 102 O 20
2522 744 2 14 74 O 10
745 746 1 7 37 O 10
748 747 1 7 36 O 20
746 748 1 3 14 O 10
744 2582 2 3 14 O 10
2582 747 2 5 25 M 20
747 745 2 2 8 O 20
4095 862 2 2 8 O 20
3839 751 2 3 13 O 20
753 752 2 2 9 O 20
6523 6524 1 13 67 M 30
755 6141 1 3 16 O 10
6732 3729 1 5 25 O 30
764 765 2 8 44 O 30
765 3219 2 2 8 O 10
765 766 2 15 81 O 10
7580 7588 1 8 42 M 20
7588 5603 1 8 43 O 10
768 769 2 7 37 M 30
770 771 2 4 21 O 10
773 2932 1 6 30 O 20
774 773 1 6 32 O 10
775 2926 1 6 29 O 20
776 775 1 6 28 O 30
777 2925 1 7 34 O 10
778 777 1 6 32 O 20
779 2942 1 6 31 M 10
780 779 1 6 33 O 30
781 2904 1 7 34 O 10
782 781 1 7 36 M 20
784 2904 2 71 393 O 20
2943 5954 1 6 31 M 30
5955 785 1 5 24 M 10
785 2943 1 2 7 O 20
786 785 2 4 17 O 10
787 788 2 39 216 O 30
2918 2921 1 10 54 O 30
2921 2935 1 10 54 O 30
2910 2906 1 7 37 M 20
5952 2910 1 7 36 O 10
790 5956 1 8 40 O 20
5953 790 1 8 41 O 20
680 2933 2 16 88 O 30
4819 2911 2 4 21 O 30
2911 680 2 4 18 O 10
679 4819 2 34 189 O 10
678 2936 2 4 20 O 30
2936 679 2 4 18 O 10
2905 791 2 7 34 O 10
792 793 2 13 71 O 30
8540 3406 1 3 12 O 30
3406 795 1 3 13 O 30
794 3406 1 3 16 M 20
5212 796 1 4 17 O 10
8541 3407 1 5 25 O 30
2943 7013 2 11 60 O 10
7014 788 2 1 3 O 30
788 2904 2 15 80 O 20
2904 782 2 6 31 O 10
782 2942 2 16 83 O 20
780 2925 2 15 83 M 30
2942 780 2 5 27 O 30
778 2932 2 16 86 O 20
2925 778 2 5 25 M 10
774 1595 2 5 25 O 10
1595 1600 2 10 54 M 20
1600 2926 2 1 3 O 30
2932 1596 2 6 30 O 10
1596 774 2 1 1 O 30
776 5942 2 2 10 O 10
6953 957 2 12 62 O 30
957 803 2 4 19 O 30
211 804 1 3 12 O 10
804 806 1 21 114 M 30
806 799 1 2 11 O 10
804 805 1 13 68 O 10
805 806 1 7 38 O 10
7352 7353 1 11 57 O 10
807 808 2 5 24 O 10
809 810 2 5 23 O 20
811 812 2 3 15 O 10
813 815 2 2 9 M 30
815 814 2 2 8 O 20
816 815 2 4 19 M 30
817 818 1 15 0 C 0
819 1310 2 43 234 O 10
2320 820 2 8 39 M 10
5448 16 1 2 9 M 10
821 376 2 4 21 O 10
107 377 2 2 8 O 30
822 823 1 5 27 O 10
6111 5925 1 4 17 O 10
825 824 2 5 26 M 10
6111 7467 1 5 22 O 30
7467 105 1 19 101 O 30
105 6109 1 3 12 O 10
7285 104 1 2 9 O 20
104 5925 1 21 114 M 10
7153 827 2 6 30 O 30
828 827 2 2 10 O 10
827 829 2 3 16 M 20
7487 956 2 7 35 O 20
3690 826 2 6 29 O 10
831 832 2 12 0 C 0
837 4682 1 4 18 O 30
4682 838 1 4 20 O 20
840 841 2 15 82 O 30
843 844 2 5 28 O 20
844 842 2 5 24 M 10
848 921 1 7 36 O 20
921 846 1 2 7 O 20
847 848 1 7 36 M 20
849 846 1 7 35 O 10
921 849 1 7 35 O 30
850 4267 1 7 38 M 30
4267 851 1 4 17 O 10
851 853 1 4 20 O 10
853 847 1 3 14 M 20
848 5835 2 2 10 O 20
851 852 2 3 16 M 20
853 854 2 5 23 O 20
6822 1984 2 2 0 C 0
858 2597 1 12 66 O 20
2545 5325 1 13 67 O 20
857 3798 1 5 26 O 10
3798 858 1 7 36 M 20
860 861 2 9 49 O 20
13 863 1 8 44 O 10
862 864 1 9 48 M 20
864 4095 1 9 46 M 20
3447 13 1 8 43 O 10
6356 865 2 3 14 M 10
6357 6356 1 7 34 M 10
4812 4799 2 19 101 O 30
8298 3856 2 5 23 O 10
867 868 2 5 26 O 10
869 870 2 3 13 O 30
869 868 2 12 65 O 10
4802 5209 2 19 105 O 20
2898 2894 2 13 68 O 10
2894 3872 2 14 75 O 20
4805 5680 2 4 20 O 30
5618 656 1 6 0 C 0
5828 5307 2 2 8 O 30
5307 3838 2 8 41 O 30
2524 2568 2 14 74 O 10
2511 7292 2 12 62 O 10
4746 3959 2 11 58 O 30
3959 3452 2 16 86 O 20
3960 4746 2 4 17 M 10
4740 2543 1 4 18 O 10
4741 1018 1 2 9 M 20
655 4741 2 1 5 O 30
862 2556 2 2 8 O 20
6107 4727 2 2 9 O 20
4727 6709 2 27 146 O 20
7433 8014 1 14 73 O 30
8014 6103 1 1 5 O 20
6380 6379 2 7 36 O 10
618 4411 1 7 35 O 20
872 3013 1 6 28 M 10
72 872 1 5 24 O 30
871 209 2 8 41 M 10
72 73 2 8 42 O 20
873 874 2 5 23 O 30
875 876 2 6 33 O 10
2273 880 1 17 91 O 10
881 2273 1 6 31 O 10
885 884 1 3 15 O 20
884 8532 1 3 14 O 20
8532 883 1 2 10 M 30
883 882 1 2 8 M 20
882 885 1 3 12 M 20
2899 884 1 15 83 M 20
2903 496 1 4 20 O 30
496 494 1 3 13 O 30
494 492 1 3 17 O 20
492 883 1 5 27 O 30
887 2714 1 9 49 O 10
40 2714 2 2 9 O 30
2678 2700 1 2 7 O 10
888 889 2 21 113 M 20
890 891 2 8 41 O 10
6394 887 1 2 7 O 20
2700 6394 1 2 6 O 30
887 2678 1 2 7 M 30
893 892 2 5 27 M 10
895 894 2 13 69 O 20
6780 4429 1 20 109 O 30
5414 6123 1 7 37 O 30
6123 855 1 5 25 O 10
855 5414 1 3 13 M 30
6450 7646 2 10 53 O 10
4450 898 2 14 75 O 20
899 900 2 8 41 O 20
901 902 2 5 23 O 30
4970 5264 1 15 78 M 30
5264 903 1 15 79 O 20
903 4970 2 3 13 O 30
5265 3188 1 13 68 O 30
904 5265 1 13 67 O 20
3188 904 2 3 12 M 30
3191 7502 2 3 0 C 0
906 905 2 2 11 O 30
4453 2938 1 6 28 M 10
908 2931 1 3 13 M 20
2938 2941 1 7 36 O 20
907 2938 1 2 6 O 20
2941 908 1 8 39 M 10
6716 909 1 16 87 M 20
6981 5897 2 11 58 O 10
3399 2939 1 4 18 O 10
2931 2939 1 3 14 O 20
2939 4453 1 3 13 M 30
1687 1694 1 14 76 O 30
13 3482 2 16 88 M 20
3482 5293 2 19 104 O 10
4095 3447 1 4 17 O 20
863 862 1 3 16 O 30
658 920 2 18 95 O 10
4132 4785 2 3 14 O 20
7283 4135 1 23 124 M 20
4135 8426 1 18 99 O 20
8426 7283 1 5 25 M 20
926 927 1 1 5 O 30
6734 3383 1 5 27 O 20
940 941 2 13 71 O 30
942 943 2 12 65 O 10
944 943 2 6 29 M 10
943 945 2 2 9 O 10
946 947 2 15 82 O 30
948 949 2 8 43 O 30
949 953 2 12 65 O 10
953 950 2 2 8 O 10
951 952 2 9 48 M 30
952 953 2 5 24 O 10
949 952 2 7 36 O 10
954 4609 1 3 14 O 20
958 1668 2 16 89 O 30
955 957 2 7 37 M 20
797 958 2 2 6 O 30
958 798 2 3 16 O 30
800 801 2 3 16 O 10
801 802 2 2 6 O 10
959 7883 2 1 3 O 30
3312 3315 2 12 0 C 0
3315 2036 2 13 0 C 0
2040 2001 2 22 0 C 0
2001 962 2 28 0 C 0
963 960 1 1 0 C 0
1987 1988 2 17 0 C 0
966 4404 2 7 0 C 0
4404 4600 2 2 0 C 0
4600 964 2 12 0 C 0
968 967 1 11 0 C 0
967 966 1 11 0 C 0
4403 968 2 2 0 C 0
3052 3014 2 9 48 O 30
970 3052 2 7 37 O 20
22 6260 2 4 20 M 30
98 896 1 3 14 O 10
7611 6911 1 23 124 O 30
6762 6840 1 7 37 O 20
990 8002 1 8 40 M 10
991 6237 1 6 32 M 20
6237 8001 1 2 8 M 30
6239 992 1 8 0 C 0
992 993 1 2 0 C 0
993 991 1 6 30 O 30
994 1002 1 5 27 M 10
1002 990 1 2 11 O 20
996 997 2 10 50 M 10
995 998 2 2 10 O 30
999 1000 2 2 9 O 20
1001 1002 2 2 10 O 30
977 978 2 2 11 M 30
979 980 2 2 10 M 20
276 981 2 2 10 O 20
982 983 2 9 48 O 20
988 4335 2 11 56 O 20
989 988 2 4 20 M 10
987 984 1 2 7 O 10
984 6346 1 20 107 O 20
6346 985 1 2 9 M 20
227 985 1 3 12 O 10
4218 986 1 11 60 O 10
986 987 1 2 6 O 30
7397 7398 1 3 14 O 30
7398 8332 2 10 54 O 30
227 6346 1 3 13 M 30
985 6290 1 8 44 O 10
6347 227 1 4 19 M 30
6212 1003 1 1 4 O 20
1003 6287 1 7 37 O 20
6212 93 1 2 11 O 30
93 6211 1 4 18 O 20
6211 7478 1 3 15 O 30
6210 7448 1 6 31 O 10
1005 1004 2 5 24 M 20
6951 1005 2 3 12 M 20
6951 1006 2 2 8 O 20
1008 7477 1 3 16 M 10
7448 6952 1 6 30 O 10
3505 7478 2 2 10 O 30
589 7927 2 1 3 O 20
7935 7926 1 10 51 O 20
5053 6549 2 48 263 O 10
114 6549 1 6 29 O 20
6535 114 1 13 69 M 10
1009 6535 1 11 60 O 30
6549 1009 1 7 37 M 10
6535 6536 2 20 109 O 10
6536 1010 1 14 72 O 10
1010 1011 1 7 35 O 10
1011 6536 1 7 37 O 20
4113 666 2 3 11 O 30
5132 428 1 2 8 O 10
1012 1013 2 6 30 O 10
5938 374 2 3 15 M 10
1014 5938 2 3 12 O 10
374 340 2 4 20 O 30
1021 1022 2 16 88 O 30
1016 1019 1 5 25 M 10
5365 1016 1 5 25 O 10
1020 1017 1 4 18 O 30
1017 8528 1 4 18 O 30
1023 3768 2 14 73 M 30
3768 3786 2 4 19 O 20
3786 5834 2 11 56 O 10
1024 1023 1 4 18 M 30
1023 1025 1 2 8 O 10
1025 1024 1 2 10 O 10
1027 1028 2 2 10 O 30
7270 8402 1 2 11 O 20
2966 2875 2 10 53 O 30
2970 2980 2 10 51 M 10
1030 768 2 4 22 O 30
768 2015 2 2 9 O 10
2015 5769 2 14 75 O 30
5769 5767 2 15 78 O 20
5767 2416 2 8 41 O 30
1029 1030 2 7 36 M 20
1031 2234 2 2 10 M 30
2234 3064 2 8 43 O 20
3030 3049 2 40 220 M 10
254 3117 2 5 24 M 20
3117 539 2 6 32 M 20
539 3099 2 1 3 M 30
3099 3083 2 17 93 O 20
3083 3096 2 17 93 M 30
3105 3087 2 7 36 M 30
3087 3079 2 14 74 M 30
3079 3100 2 10 51 O 10
3112 3105 2 13 69 O 20
260 3086 2 11 59 O 30
3110 3109 2 3 12 O 30
3891 6406 2 5 23 O 10
6406 1034 2 4 22 O 20
2659 3891 1 22 117 O 30
3816 1035 1 12 0 C 0
1035 6353 2 13 0 C 0
6353 7623 2 4 0 C 0
1036 3816 1 8 0 C 0
1037 1038 1 4 18 O 30
1039 1037 1 3 16 O 30
2774 2804 2 4 17 O 10
2804 1521 2 24 128 O 10
1521 1519 2 4 21 M 20
1519 2779 2 11 59 O 20
2975 8406 2 11 60 O 30
8406 8414 2 1 4 O 30
8414 2979 2 10 54 O 10
2975 7271 2 14 72 O 10
7271 7269 2 10 54 O 20
7269 7273 2 4 19 O 20
7273 1043 2 5 25 O 30
1043 7272 2 2 9 O 10
7272 2999 2 9 45 O 30
2875 2999 2 11 60 O 10
2875 2880 2 23 127 O 30
2880 2886 2 23 127 O 20
5847 2886 2 10 55 O 30
1041 2881 2 3 0 C 0
6530 7716 1 4 20 O 20
7716 7719 1 16 89 M 10
7719 7871 1 10 54 O 30
7871 1540 1 37 204 O 10
1540 2408 1 8 39 O 20
2399 2398 1 11 58 M 30
2398 2397 1 27 145 O 30
6172 3626 2 20 110 O 30
266 3093 2 15 82 M 20
3093 3598 2 18 97 M 10
1042 1043 2 16 84 O 20
2701 1044 2 20 108 M 10
5325 858 2 2 6 O 20
5325 857 1 12 62 O 30
3984 2547 1 7 39 O 20
2567 3984 1 8 40 O 10
1035 1036 1 5 0 C 0
1048 1047 1 2 8 O 30
1050 2369 2 19 102 O 30
1052 1053 1 24 128 O 10
3176 1054 2 3 14 O 30
850 847 1 2 8 O 20
846 850 1 2 6 M 20
4345 7243 1 6 0 C 0
7243 4399 1 8 0 C 0
2491 2473 2 14 0 C 0
7390 2482 2 2 10 M 10
2486 8482 2 3 0 C 0
6141 7990 2 5 27 O 20
7990 7992 2 2 7 O 30
7992 8325 2 1 5 O 10
8325 8327 2 3 14 O 10
8327 7994 2 2 9 M 30
7994 1056 2 2 11 O 30
1057 6064 2 17 92 O 10
1059 5543 2 18 98 O 30
1061 1058 1 3 12 O 10
1058 1062 1 3 15 O 10
1062 1059 1 3 12 O 30
1059 1060 1 3 12 M 30
1060 1061 1 1 3 O 30
3249 1064 2 6 30 O 20
4518 3249 1 3 16 M 20
2049 2045 2 25 0 C 0
1067 1068 2 20 110 O 30
2043 1069 2 5 0 C 0
302 301 1 31 0 C 0
1072 1073 2 5 24 O 20
1074 1075 2 13 72 M 20
1070 1071 2 5 26 O 10
3122 3147 2 12 0 C 0
3141 3129 2 17 0 C 0
7357 7792 1 10 54 M 20
7839 7357 1 4 20 M 30
7332 7330 2 4 18 M 30
4263 4265 2 16 87 O 30
1080 3885 1 14 0 C 0
3885 1079 1 17 0 C 0
1082 1081 2 2 0 C 0
1083 1082 2 5 0 C 0
1086 1087 1 2 0 C 0
1088 4224 1 2 0 C 0
1090 1086 1 3 0 C 0
4225 1098 2 5 27 O 20
1098 1097 2 9 0 C 0
1097 1089 2 4 0 C 0
1089 1088 1 5 0 C 0
1084 1085 1 1 0 C 0
1085 1090 1 4 0 C 0
4224 1084 1 1 0 C 0
1087 1089 1 4 0 C 0
1091 5941 1 3 13 O 10
2941 1092 2 6 28 M 10
1093 2718 2 10 52 M 10
65 2718 2 2 9 O 20
2724 1094 2 15 80 O 20
1095 2743 2 11 57 M 20
670 668 1 3 14 M 30
668 673 1 2 9 O 10
673 3061 1 9 46 O 30
7514 7506 1 6 31 O 20
1097 1560 2 34 184 M 20
1098 1099 2 26 143 O 10
1698 1689 1 14 75 O 30
1691 5286 2 8 44 O 10
1101 1102 2 10 55 M 20
5773 1104 2 6 28 O 10
7028 1106 2 2 6 O 10
1106 1105 2 2 7 O 30
1106 1108 1 5 28 O 10
1108 1109 1 11 58 O 20
1107 7625 1 2 7 O 10
1109 1107 1 3 12 O 20
7029 1109 1 2 7 O 30
723 724 1 3 13 M 30
724 725 1 3 13 M 10
726 727 1 4 18 M 30
3449 726 1 3 13 M 20
1110 1111 2 36 196 O 10
5814 5815 2 8 40 O 30
1113 5815 2 3 14 O 20
5815 5816 2 3 11 O 30
5816 1112 2 3 16 O 30
1112 1113 2 1 2 O 10
4757 4755 1 3 16 O 10
1115 3242 1 5 25 O 10
6924 3660 1 3 13 O 30
8396 6924 1 14 73 O 30
1116 7541 1 12 63 O 30
1117 1116 1 7 34 O 10
1132 3303 1 21 111 O 10
1118 6671 1 7 37 O 10
1119 1118 1 5 24 O 30
1121 3238 1 2 8 O 20
758 1121 1 5 24 O 20
4214 1127 2 14 0 C 0
706 1058 2 4 18 O 30
1438 3730 1 8 44 O 10
3730 2380 1 3 14 O 30
1123 2382 1 7 38 M 20
1124 1123 1 8 41 O 30
1125 5602 1 3 12 O 10
1126 1125 1 12 64 O 30
6039 5601 1 7 35 O 30
1128 8470 1 8 42 M 20
1052 6686 1 16 88 O 10
916 914 1 3 14 O 30
916 3251 1 3 14 O 10
5441 914 1 3 16 O 20
1129 5559 1 27 147 O 30
565 1130 1 8 40 O 20
1131 6673 1 5 25 O 30
1133 6115 1 20 111 O 30
1136 5881 1 16 89 O 30
1137 6682 1 13 69 O 10
6640 1132 1 3 16 M 30
915 3251 1 5 24 O 30
3251 4333 1 31 167 O 30
1134 3853 1 3 16 M 30
6950 3849 1 19 102 O 30
3674 1135 1 6 32 O 20
708 3675 1 4 19 O 20
1138 7759 1 5 27 O 10
1139 7760 1 3 12 O 10
1051 1052 1 8 40 O 10
8470 1051 1 4 21 M 30
1140 6679 1 2 10 M 10
7142 1140 1 13 68 O 20
1141 7142 1 10 53 O 20
7541 1143 1 6 31 O 30
1143 917 1 11 60 O 20
6052 12 1 8 40 O 30
12 6223 1 6 30 O 30
1120 6675 1 2 9 O 20
1142 1120 1 4 22 M 30
6673 1142 1 3 14 O 20
8387 1144 1 5 24 O 30
1144 305 1 9 45 O 20
1147 1149 2 18 95 M 10
1149 1148 2 1 5 M 20
1149 1150 2 11 56 O 30
1150 1151 2 12 66 O 10
1150 1152 2 11 58 O 10
1153 1353 2 2 8 O 10
1353 1148 2 15 81 O 10
1154 1155 2 14 77 O 30
1155 1156 2 3 15 M 30
5549 4182 2 5 0 C 0
4195 5379 2 6 0 C 0
5452 4190 2 2 0 C 0
1999 4274 2 9 0 C 0
4274 2002 2 21 0 C 0
2002 2080 2 17 0 C 0
2080 2041 2 12 0 C 0
4567 4571 2 14 75 M 20
4571 4566 2 20 107 O 10
4566 3355 2 19 101 M 10
4931 4567 2 13 71 O 10
5742 6096 1 15 82 O 30
4443 5742 1 2 11 O 10
3307 8492 2 13 72 O 10
5234 3307 2 12 62 O 10
1160 7084 1 7 34 M 30
549 1160 1 11 57 O 20
8355 550 1 12 66 M 10
5453 4208 1 9 50 O 30
1159 1189 1 6 32 O 20
3668 1159 1 11 59 M 30
1161 1190 1 8 39 O 10
1162 6704 1 4 20 O 30
4223 4171 2 2 9 O 10
1167 1168 2 10 53 O 10
4608 1167 2 25 137 O 20
3424 3422 2 12 64 O 20
3417 3424 2 40 221 O 10
3657 1170 1 4 21 O 30
1170 8398 1 2 8 O 30
3824 4458 2 38 208 O 30
4268 5390 2 10 51 M 10
3788 1231 2 51 280 O 20
2213 5494 2 18 95 O 10
5494 2216 2 9 49 O 10
1171 1179 2 32 175 O 20
1179 1180 2 4 17 O 30
1180 1177 2 10 51 O 10
1177 1172 2 10 53 O 10
1173 1172 2 6 31 M 30
1172 1175 2 1 5 O 30
1175 1174 2 19 102 O 30
1175 1176 2 4 22 O 30
1177 1178 2 22 119 O 20
1179 1181 1 20 111 O 20
1181 1180 1 21 111 O 10
1181 1182 2 3 15 O 30
1183 1184 2 4 20 O 20
1183 1185 1 10 55 O 10
1185 1186 1 3 12 O 10
1186 1183 1 8 44 O 30
1189 5489 1 12 63 O 10
1190 6705 1 3 15 M 30
6480 2108 2 8 43 O 10
2108 6067 2 7 37 O 20
6067 8551 2 6 31 O 10
8551 7068 2 6 31 O 30
7068 409 2 19 103 O 30
409 359 2 13 71 O 10
6703 1191 2 2 9 O 30
1192 1193 2 2 10 O 10
8420 667 1 2 11 M 30
7651 8419 1 3 13 O 30
6988 1196 2 24 129 O 10
8549 1199 2 2 8 O 20
1197 1199 2 7 34 O 30
1199 1198 2 4 20 O 10
1196 1197 2 6 28 O 20
1202 1201 1 5 0 C 0
1208 1202 1 11 59 O 10
1203 1207 1 5 0 C 0
1204 1203 1 7 0 C 0
1205 3433 1 2 6 O 20
1206 1205 1 7 36 O 10
1207 1206 1 4 22 O 20
3947 3480 1 24 129 M 20
3480 1208 1 2 10 O 20
3422 1209 1 13 72 O 10
242 243 1 6 33 O 30
1210 3290 1 9 46 O 20
5917 6946 2 3 16 M 20
6946 1211 2 3 14 O 30
5472 1212 1 4 18 M 10
11 247 1 6 33 O 30
1214 1213 1 4 17 M 20
6109 1214 1 8 41 O 20
6108 1215 1 16 86 O 10
6403 1216 1 12 65 O 20
1217 5597 1 2 11 M 20
5597 2385 1 12 67 O 30
2385 5598 1 8 43 O 20
4152 934 2 10 0 C 0
3416 965 2 4 0 C 0
1219 1222 1 1 3 O 30
1222 1221 1 3 11 O 10
1221 1220 1 3 11 O 10
1220 2859 1 3 11 O 20
2859 1219 1 2 9 O 30
2852 1222 2 21 113 O 30
1221 5336 2 28 152 O 20
1223 4282 2 22 0 C 0
8338 1223 2 4 0 C 0
5570 2000 2 18 0 C 0
2000 1999 2 19 0 C 0
1225 1224 2 8 39 O 20
1226 3809 2 3 16 M 10
1228 1227 2 4 20 O 20
1230 1229 2 34 186 O 20
754 4390 2 8 44 O 30
4390 4388 2 6 30 O 10
1234 1232 1 1 0 C 0
2519 2514 2 18 0 C 0
847 921 1 2 7 M 10
5715 1235 1 4 0 C 0
1236 3124 1 3 0 C 0
1238 1237 1 4 0 C 0
5714 1238 1 3 0 C 0
5706 2073 1 5 0 C 0
3130 4108 2 22 0 C 0
4275 4274 2 20 0 C 0
1239 3487 1 9 50 O 10
3334 1240 1 10 50 M 10
25 1241 1 13 71 O 10
3487 1242 1 10 51 O 20
6959 1243 2 9 46 M 20
1245 1244 2 9 49 O 20
1243 1245 2 3 15 M 30
4759 4758 1 5 25 M 20
3390 4759 1 5 23 O 20
1246 2344 1 21 113 O 10
3409 4843 1 13 0 C 0
5720 1247 2 7 36 O 20
3872 4802 2 15 79 M 10
1249 1250 1 3 12 O 30
2940 677 2 25 134 O 20
677 2913 1 2 10 O 20
1249 677 1 4 17 O 20
1251 2916 1 1 4 O 20
1248 1249 1 2 6 O 20
2916 1248 1 2 10 O 10
1250 1251 1 2 8 O 30
2913 1250 1 2 10 O 10
2366 3270 1 11 0 C 0
1253 3267 1 13 68 O 10
6354 1252 1 14 74 O 30
1252 1253 1 33 180 O 10
1254 3655 1 16 86 O 20
1255 2378 1 14 78 M 30
1256 3265 1 3 0 C 0
1257 3258 1 8 0 C 0
3256 1257 1 29 0 C 0
3577 3573 1 3 12 O 20
838 3576 2 4 20 O 10
3573 837 1 2 7 O 30
3576 3577 1 3 12 M 10
7921 5736 1 28 152 M 10
6213 1260 1 3 14 O 30
3110 4205 1 9 48 O 20
6408 5590 2 4 19 M 30
5590 4205 2 5 26 O 20
3114 7387 1 9 49 O 20
7387 1261 1 6 30 M 30
3089 7388 1 2 9 O 30
1262 3089 1 2 11 O 10
1262 7388 1 3 11 M 20
1263 1262 1 3 13 M 30
3089 1263 1 5 23 M 20
3106 7389 1 4 17 O 10
469 3890 1 25 137 O 30
1264 6721 1 7 36 O 20
1265 1272 2 20 106 O 20
1272 1266 2 3 15 O 10
1267 1268 2 2 6 O 10
1269 1270 2 2 6 O 10
1271 1272 2 12 62 O 10
1273 1274 2 2 9 O 30
1275 1276 2 5 26 O 10
1278 1277 2 6 28 O 10
1279 3388 1 19 102 O 20
3284 8544 1 8 42 O 30
5605 6711 1 5 26 O 30
1280 2399 1 13 68 O 10
1281 5289 1 11 58 O 30
1284 1282 2 4 19 O 30
1282 1283 2 7 37 O 10
1283 1284 2 6 29 O 20
1288 1289 2 12 64 O 20
1290 1291 2 11 60 O 20
1292 1293 2 7 36 O 10
1289 1294 1 5 23 O 20
1289 1290 2 4 19 O 30
1290 1296 2 8 43 O 20
1296 1295 2 6 33 M 10
1292 1296 2 7 35 O 30
1297 1299 1 2 7 O 20
1300 675 1 5 23 O 30
413 411 2 9 47 O 10
1825 1303 2 2 9 O 30
1307 1306 2 2 9 O 10
3653 1308 2 7 39 O 10
5794 5793 2 6 30 O 30
5794 1309 2 3 14 O 10
1314 1312 1 15 83 O 10
1312 1313 1 12 66 O 20
1313 1314 1 3 17 O 20
7723 1314 2 5 26 M 20
924 1317 2 8 40 O 10
1316 1317 1 6 30 O 20
1317 1315 1 4 17 M 20
1315 1316 1 3 14 M 10
1311 1310 1 6 32 M 10
1310 1319 1 2 7 O 20
1319 1311 1 2 7 O 10
5044 1320 2 10 50 M 30
1320 1321 2 8 42 O 10
658 4264 1 11 57 O 10
4264 115 1 9 47 O 30
304 658 1 2 10 O 30
5107 1323 2 3 12 O 30
1323 6539 2 11 56 M 30
1323 1324 2 9 46 O 30
5100 1325 2 9 49 O 30
1329 5089 1 1 5 O 30
1330 1331 2 21 115 O 20
1331 1332 2 11 61 O 20
1332 1333 2 3 12 O 30
1333 1331 2 17 90 M 30
1332 1334 2 3 13 M 20
1614 1015 2 13 70 O 30
3518 1336 2 9 49 O 20
6065 6066 2 28 153 O 20
6066 1337 2 2 8 O 20
1338 1339 2 7 35 O 30
1340 1341 2 22 119 O 10
1341 1342 2 8 39 M 20
1341 1343 2 7 34 O 30
1344 1349 2 7 38 O 10
1349 1345 2 19 102 O 20
1345 1346 2 5 23 O 10
1347 1349 2 10 53 O 30
1349 1348 2 14 77 O 20
1345 1350 2 3 16 O 30
4604 6299 2 14 73 O 30
4604 7821 1 14 75 O 10
7821 1351 1 11 57 O 30
1351 4604 1 8 42 M 30
1152 1352 2 12 65 O 20
1352 1353 2 11 57 O 10
1354 1355 2 9 45 O 30
7446 1356 2 27 148 M 30
3548 3555 1 3 14 O 20
3555 835 1 2 7 O 30
3545 3546 1 3 14 O 30
3546 3548 1 2 9 O 20
3553 3554 1 3 16 M 10
6252 3553 1 3 14 O 10
3554 836 1 2 6 O 20
3329 3532 1 3 13 O 10
3532 3540 1 3 13 O 10
3540 3539 1 3 11 O 30
5232 5231 1 3 13 O 10
5231 5229 1 3 13 O 30
5229 5230 1 2 11 O 10
5230 839 1 2 7 O 20
5235 5238 1 2 9 O 20
5238 5237 1 2 8 O 30
5237 5236 1 3 11 O 10
7262 7259 1 3 13 M 30
7259 7261 1 3 15 O 10
7261 7260 1 3 15 O 20
2594 2501 1 3 11 M 20
2501 2549 1 2 9 O 20
2549 5362 1 2 8 O 20
1019 1020 1 1 2 O 30
1020 8528 1 2 9 O 20
8528 4740 1 1 3 O 10
1018 5365 1 2 10 O 30
5365 1019 1 3 12 O 10
4740 2546 1 1 1 M 30
2519 2583 1 2 0 C 0
2583 2561 1 4 0 C 0
2504 5366 1 1 2 O 30
573 2574 1 2 9 O 20
2574 2552 1 2 7 O 20
2552 2515 1 3 12 O 30
2515 2504 1 3 12 O 20
6618 6621 1 1 4 O 30
6619 6620 1 4 21 M 30
6620 6618 1 3 12 O 10
6829 6828 1 2 6 O 10
4301 6830 1 2 11 M 10
6830 6829 1 2 11 O 10
728 729 1 3 12 M 30
729 730 1 3 13 M 30
730 731 1 3 12 O 10
731 732 1 2 9 M 20
742 743 1 2 9 O 20
739 740 1 3 11 O 10
740 741 1 3 12 O 30
741 742 1 3 13 M 30
2514 1234 1 2 0 C 0
1232 1233 1 3 0 C 0
1233 1231 1 3 0 C 0
1231 2514 1 3 0 C 0
2686 2675 1 2 11 M 20
2675 2709 1 3 13 O 20
2709 2677 1 3 12 O 30
2696 4482 1 1 2 O 20
2679 2705 1 1 5 O 30
2705 2731 1 3 14 O 30
2731 2696 1 1 5 M 30
2742 2750 1 2 10 M 10
2750 2719 1 3 11 M 20
2719 2746 1 3 12 O 10
2746 4480 1 1 2 O 30
2845 5271 1 1 2 O 10
2840 2837 1 3 12 M 30
2837 2836 1 3 13 O 20
2836 2845 1 3 12 O 10
2871 2861 1 3 11 O 10
2861 2869 1 3 11 O 20
5269 2871 1 2 10 O 20
2869 5270 1 1 2 O 30
5188 3036 1 2 11 O 20
3036 3039 1 3 14 O 20
3047 5188 1 2 11 M 10
3039 3037 1 1 2 O 30
3066 3073 1 1 2 O 20
3055 3068 1 2 11 O 10
3068 3063 1 3 11 O 10
3063 3066 1 3 11 O 30
3182 674 1 1 6 O 30
3172 3175 1 2 9 O 30
3175 3182 1 3 16 O 10
4071 4073 1 3 13 O 20
4073 4074 1 2 6 O 30
4076 4072 1 4 17 O 10
4072 4071 1 3 14 O 10
4080 4082 1 3 13 O 10
4082 4083 1 3 14 O 20
4081 4080 1 3 13 O 30
4083 5268 1 1 2 M 10
4024 4026 1 2 11 M 10
4026 4029 1 1 2 O 10
4030 360 1 3 11 O 20
360 4024 1 3 11 O 30
4058 4060 1 3 12 O 20
4060 4061 1 1 2 O 30
4062 4059 1 3 12 O 30
4059 4058 1 3 11 O 20
4047 4050 1 3 11 O 20
4050 4051 1 1 5 M 10
4052 4049 1 3 13 O 20
4049 4047 1 3 13 O 10
4017 4018 1 3 13 O 30
4018 4016 1 3 15 O 10
4016 4015 1 3 13 M 10
960 962 1 3 0 C 0
962 961 1 3 0 C 0
961 6832 1 2 0 C 0
6832 963 1 2 0 C 0
566 2122 2 21 112 O 30
566 2550 1 13 71 O 10
577 566 1 12 61 O 20
1357 1358 2 63 348 O 30
5242 5243 1 2 11 M 30
5243 5240 1 2 10 M 30
5240 5239 1 2 10 M 30
5239 7674 1 1 5 O 20
1327 1328 1 4 21 O 10
5089 1327 1 3 14 O 20
1328 1329 1 2 7 O 10
1359 2550 2 1 4 O 20
1361 2088 2 3 11 O 30
2410 2412 1 3 11 M 20
2412 2413 1 2 11 O 10
2411 925 1 1 5 M 10
2413 926 1 1 1 O 10
1363 3573 2 9 48 O 30
3574 4684 2 10 55 O 10
4684 1364 2 6 28 O 10
1364 1363 2 3 15 M 30
4611 1365 2 10 51 O 20
3373 3377 1 5 0 C 0
4515 1366 2 3 15 M 10
1367 5420 2 4 22 O 30
1368 1371 2 3 12 M 30
1370 1369 2 2 11 O 10
1373 1376 2 3 13 O 20
1376 1374 2 13 68 O 10
1374 1375 2 1 4 O 20
1375 1376 2 7 34 O 10
7613 6265 1 4 21 O 30
1383 1384 2 8 44 O 10
5717 5718 1 4 0 C 0
1387 1385 1 2 9 O 20
1390 1389 1 11 60 O 30
1391 1392 2 4 17 O 30
1393 1394 2 4 21 M 30
1395 1396 2 2 10 O 30
6211 1397 2 2 10 O 30
1398 1399 2 4 21 O 20
1400 1401 2 10 50 M 10
1402 1403 2 9 47 M 20
1404 1405 2 8 41 O 20
1406 1407 2 5 23 O 10
1408 1409 2 4 18 O 10
1410 7286 2 1 5 O 20
1411 7287 2 3 16 O 30
6232 8516 2 9 47 O 20
3497 7959 2 9 47 O 20
1412 6240 2 16 84 O 30
4337 1413 2 16 85 M 20
1414 2162 2 6 28 M 30
7449 6128 1 4 0 C 0
6236 4336 1 17 0 C 0
8151 1415 1 4 0 C 0
4216 8151 1 7 0 C 0
1416 5468 1 5 0 C 0
5468 7741 1 10 0 C 0
2482 1417 1 4 19 O 20
6899 1418 1 8 0 C 0
1421 3302 1 13 67 M 30
5704 5962 2 8 42 M 20
1998 2368 1 38 0 C 0
300 1422 1 26 140 O 20
5277 300 1 26 142 O 20
1423 7746 1 5 26 O 20
1424 5652 1 19 0 C 0
1425 3311 1 25 0 C 0
6223 1419 1 6 30 O 30
3302 1420 1 3 16 O 10
1143 3252 1 5 26 O 20
912 5974 1 2 9 M 20
1431 8439 2 4 0 C 0
1430 1428 1 6 0 C 0
1430 6825 2 27 0 C 0
6825 1565 2 15 0 C 0
1429 1432 1 2 0 C 0
1429 833 1 12 0 C 0
833 834 1 9 0 C 0
834 3322 1 9 0 C 0
1427 1430 1 6 0 C 0
1428 1429 1 9 0 C 0
1432 5715 1 2 0 C 0
6841 1437 2 9 45 O 10
1122 1438 1 9 46 O 20
1443 3933 2 6 30 O 20
3926 1444 2 17 93 O 20
1445 2594 2 7 35 O 20
5565 1446 2 20 108 M 10
3928 1447 2 7 39 O 20
1448 3943 2 14 76 O 20
3935 1449 2 12 66 O 30
1450 4487 2 3 13 M 10
4487 7208 2 2 9 O 20
7208 4095 2 20 108 O 30
3425 7284 2 12 66 O 20
3424 1433 2 5 24 O 30
1434 7016 2 1 3 O 30
7016 3415 2 30 165 O 20
1435 3429 2 35 192 O 30
3419 1435 2 5 22 M 20
3420 1436 2 7 35 O 20
6195 5784 2 7 34 O 30
5784 1439 2 1 5 O 20
1440 1636 2 8 44 O 10
1636 4060 2 8 44 M 30
1441 4050 2 15 83 O 10
1211 1518 2 4 21 O 20
1518 1442 2 7 36 O 30
1452 1451 2 5 25 M 30
1456 1455 2 3 13 O 10
1458 1457 2 4 21 O 30
6830 1451 2 7 34 O 20
1451 1459 2 12 62 O 20
1460 4040 2 7 33 M 30
7519 1461 2 9 46 O 30
1462 1463 2 4 21 O 10
4011 1462 2 6 32 M 20
7650 1464 2 4 18 M 10
7953 7650 2 8 42 O 30
937 640 1 26 144 O 30
7438 4345 1 3 0 C 0
1466 1468 2 8 40 O 10
1468 1467 2 4 17 O 10
1468 1470 2 3 13 O 30
1470 1469 2 5 23 O 10
1470 1471 2 7 38 O 30
1472 1467 2 8 44 O 30
1467 1473 2 4 20 O 20
7630 8481 1 6 0 C 0
1474 1482 2 7 38 O 30
1482 1483 2 11 58 O 30
1483 1475 2 7 38 M 30
1476 1475 2 21 111 O 30
1475 1477 2 11 56 O 30
1477 1476 2 31 168 O 20
1478 1481 2 4 20 O 30
1481 1483 2 13 72 M 10
1483 1480 2 13 70 M 10
1480 1479 2 4 20 O 20
1480 1482 2 3 13 M 30
1482 1481 2 4 17 O 20
1484 1487 2 20 110 M 20
1487 1486 2 44 239 O 20
1486 1485 2 20 110 O 10
1486 8552 2 6 31 O 10
8552 1487 2 6 31 O 30
1488 1489 2 8 40 O 20
1489 1490 2 8 40 O 20
1490 1491 2 3 16 O 10
1491 1489 2 2 6 M 10
1496 1492 2 3 16 O 30
1495 1493 2 6 31 O 30
1497 1494 2 6 29 O 10
1494 1496 2 20 110 O 30
1496 1495 2 19 101 O 10
1495 1494 2 6 32 M 10
1500 1502 2 20 111 O 10
1503 1502 2 6 30 M 20
1502 1501 2 2 11 O 30
1501 1500 2 15 83 O 20
1500 1499 2 11 56 O 10
1505 1503 2 3 11 O 10
1503 1504 2 2 9 O 20
1506 1505 2 25 137 O 30
1505 1504 2 43 236 O 10
1508 1507 2 20 106 M 30
1516 1515 2 7 39 O 20
1510 1509 2 19 104 O 10
1516 1514 2 3 16 O 30
1512 1509 2 12 63 O 10
1509 1511 2 11 57 M 10
1514 1512 2 2 8 M 30
1514 1513 2 8 44 O 10
1513 1512 2 9 46 O 30
1517 1516 2 5 23 O 10
1518 6949 1 4 22 O 10
1521 1520 2 12 66 M 30
1520 1519 2 12 64 O 30
1523 1522 2 14 76 O 20
5537 1524 2 27 145 O 30
1524 5536 2 24 133 O 20
1525 1526 2 3 13 O 20
1527 1528 2 7 37 O 30
1389 7532 1 17 93 O 20
1389 1388 2 9 49 O 10
1529 1114 2 19 100 M 20
1530 4478 2 5 25 O 20
1531 4476 2 5 22 O 10
1532 2092 1 3 13 O 20
2092 2089 1 6 33 M 10
2089 1536 1 11 57 O 30
927 1535 1 2 9 O 30
1534 1533 1 2 11 M 20
1536 1533 1 1 5 O 10
1535 1537 2 10 53 O 30
925 2410 1 2 7 O 30
1533 925 1 2 9 O 10
1535 1534 1 2 11 O 30
927 2411 1 1 4 O 10
1537 6858 2 12 65 M 10
6858 6857 2 19 104 O 30
7236 1538 2 4 20 O 10
1538 1539 2 37 203 M 30
1540 1539 1 5 24 O 10
1541 6857 2 8 42 O 10
1542 1543 2 19 100 O 30
1542 1548 2 4 17 O 10
1548 1546 2 4 21 O 30
1546 1544 2 11 58 O 20
1545 1546 2 10 53 M 20
1547 1548 2 12 63 O 30
1538 1542 2 6 33 M 10
1549 1550 2 13 71 O 20
1552 1551 2 12 66 O 10
1553 1698 1 2 6 O 10
1559 1556 2 4 18 O 10
1556 1554 2 12 62 O 10
6458 1556 2 2 6 O 30
1556 1555 2 15 83 M 20
1559 1558 2 9 47 O 20
1558 1557 2 2 11 O 30
1557 1559 2 8 40 M 10
1561 1562 2 15 82 O 30
1563 2116 1 5 0 C 0
2116 1564 1 5 0 C 0
4155 1568 1 2 0 C 0
1565 1563 1 7 0 C 0
1564 1566 1 21 0 C 0
1566 1567 1 8 0 C 0
1567 1569 1 5 0 C 0
1569 4155 1 15 0 C 0
2116 1565 1 12 0 C 0
1572 1571 1 5 24 O 30
3504 1572 2 1 3 O 10
5724 1571 2 36 199 O 20
5362 2522 1 2 9 M 30
1574 5362 1 5 26 O 10
2549 1574 1 5 26 O 30
5689 1576 2 1 5 O 20
1579 5688 1 13 71 O 30
5688 1589 1 11 60 O 20
1575 1588 1 8 41 M 10
1590 1575 1 14 77 O 10
1583 5689 2 1 5 O 10
1590 5721 2 2 7 O 20
1577 1578 1 8 42 O 20
1582 1579 1 8 41 M 30
1583 1582 1 21 116 O 10
1578 1576 1 21 113 O 10
1585 1584 1 38 206 O 10
1586 1585 1 30 166 O 30
1587 1586 1 3 11 O 20
1576 1667 1 17 93 O 30
1667 1587 1 30 163 O 10
1588 1577 1 14 74 O 20
1591 1590 1 5 27 O 20
1591 6253 2 17 89 O 20
1580 1581 2 18 98 O 20
1568 5830 1 5 0 C 0
1598 1595 1 12 66 M 20
1596 1598 1 10 50 O 20
1597 1598 2 4 22 O 20
1599 1600 2 10 54 M 20
1601 1602 2 10 53 O 20
1947 1946 1 33 181 M 20
1603 1605 2 4 0 C 0
1605 1604 2 8 0 C 0
1607 3670 1 2 9 O 30
1607 1606 1 4 17 O 30
1606 3670 1 4 17 O 20
3669 1608 1 4 17 O 30
1608 1607 1 3 15 M 10
642 3674 1 4 18 M 30
3675 642 1 4 18 O 10
1609 450 2 2 11 O 20
450 1031 2 10 51 M 20
1610 3169 2 12 63 M 10
3169 3182 2 7 37 M 10
1090 1083 2 8 0 C 0
1079 1080 1 4 0 C 0
1613 6685 2 11 60 O 20
1612 1613 2 3 15 O 10
1611 6680 1 11 56 M 30
1611 7150 2 3 15 O 20
7150 5371 2 5 27 O 20
6685 2096 1 10 54 O 10
3230 2098 1 30 161 O 30
3046 3051 1 2 8 O 30
3051 3021 1 2 11 O 30
3021 1032 1 2 11 O 20
3038 3046 1 3 13 O 20
3070 3053 1 3 11 O 10
3053 3058 1 3 12 O 10
3058 3056 1 3 13 O 30
3056 5190 1 2 7 M 20
3163 3153 1 2 10 O 10
3148 3163 1 3 13 O 20
3153 3165 1 3 11 O 30
3165 1033 1 2 10 O 30
3158 3167 1 2 9 M 30
3167 3161 1 3 11 O 20
3161 3164 1 3 12 M 10
3164 4503 1 1 2 M 30
6281 3012 1 4 18 O 10
3012 6282 1 2 8 O 10
6280 6281 1 3 13 O 10
6842 2323 1 1 5 M 20
6841 2324 1 3 14 O 20
2324 2325 1 2 9 O 30
2325 6842 1 3 14 M 20
2416 2415 1 3 13 O 10
2415 2417 1 3 13 O 20
2417 2418 1 3 14 O 10
2418 5358 1 1 3 O 10
5356 5355 1 3 15 M 20
5355 5357 1 1 3 M 30
5354 5356 1 5 24 M 20
3077 3092 1 3 11 M 20
3092 3078 1 3 12 O 10
4501 3077 1 2 11 O 20
3078 4502 1 1 2 O 20
3103 3094 1 2 10 M 20
3113 3108 1 2 11 O 30
3108 3103 1 3 13 O 10
1615 1617 2 13 71 O 30
1617 1618 2 4 18 O 20
1618 1619 2 4 17 O 30
1619 1616 2 67 368 M 10
5898 4474 2 7 34 O 20
4474 6894 2 2 10 O 20
6894 4413 2 33 178 O 10
2889 2888 1 3 0 C 0
4303 4305 1 2 0 C 0
1620 1621 2 9 48 O 30
1621 1622 2 6 33 O 10
1621 6462 2 14 74 O 10
1623 4940 2 2 11 O 20
1625 1624 2 4 17 O 20
3996 1626 2 3 12 O 30
1627 4714 2 36 198 M 30
1627 1628 1 37 205 O 10
1628 1626 1 5 27 O 20
2590 2536 1 2 8 O 10
2536 2567 1 2 11 O 10
2547 2526 1 2 9 O 20
2526 2527 1 3 14 O 20
2527 2590 1 5 22 O 20
2567 6847 1 1 4 O 30
2598 2564 1 2 0 C 0
2564 2575 1 4 0 C 0
2575 5360 1 1 0 C 0
2670 2663 1 3 14 O 20
2663 2739 1 2 6 O 30
2739 2671 1 3 14 O 20
2671 4534 1 1 3 O 30
2716 2682 1 3 14 O 30
2682 6843 1 1 3 O 10
2684 2683 1 3 14 M 20
2683 2716 1 3 14 O 10
2741 2722 1 3 12 O 20
2722 2760 1 3 14 O 30
2760 2767 1 3 15 M 20
2767 4483 1 1 3 O 10
2726 2730 1 3 14 O 10
2730 2765 1 4 18 O 30
2765 6370 1 2 9 O 10
2762 5592 1 1 2 O 10
2720 2751 1 3 13 M 10
2751 2733 1 3 12 O 10
2733 2762 1 3 13 O 30
2779 2772 1 3 12 O 20
2772 5594 1 1 2 O 10
2778 2771 1 2 11 O 20
2771 2779 1 3 11 M 10
2878 2883 1 3 0 C 0
2998 2972 1 3 13 M 10
2972 1040 1 3 12 M 20
2983 2998 1 3 11 O 30
1040 2990 1 1 1 O 20
3986 3987 1 3 14 O 10
3988 3803 1 3 13 M 10
3803 3986 1 3 12 M 30
1592 8338 2 18 0 C 0
3410 5930 1 2 0 C 0
5930 3945 1 2 0 C 0
5929 5928 1 3 0 C 0
5931 3410 1 2 0 C 0
7264 7265 1 3 0 C 0
7265 7263 1 3 0 C 0
1630 1629 2 14 77 O 10
2793 2773 1 4 22 M 20
2773 1055 1 2 9 O 20
2784 2777 1 4 20 O 10
2777 2793 1 3 12 O 10
2988 2997 1 3 11 O 20
2997 2967 1 3 11 O 10
3004 2988 1 2 10 O 10
2967 4481 1 1 2 M 30
1632 1631 2 10 52 O 10
2764 2724 1 2 11 O 30
2724 2727 1 3 12 O 10
2727 2721 1 3 12 O 10
2721 6390 1 1 2 O 10
1634 1633 2 27 150 O 20
1636 1635 2 15 82 O 30
1638 1637 2 13 69 O 10
1639 1640 2 7 35 O 20
1640 1641 2 6 30 O 10
1641 1642 2 6 29 O 20
1642 1643 2 13 68 O 10
1644 1645 2 7 35 M 20
1645 1646 2 6 30 O 10
1646 1647 2 5 27 O 10
1647 1648 2 3 12 O 20
1649 1655 2 5 25 O 20
1655 1653 2 3 16 M 20
1653 1651 2 5 23 M 30
1651 1642 2 6 31 O 20
1650 1656 2 5 24 O 10
1656 1654 2 3 16 O 10
1654 1652 2 5 23 O 20
1652 1647 2 6 31 O 10
1641 1646 2 3 16 O 10
1640 1645 2 3 15 M 30
1652 1651 1 3 15 O 20
1654 1653 1 3 15 O 10
1656 1655 1 3 15 O 30
893 1657 2 19 103 O 20
1045 1048 1 1 6 O 10
1047 1046 1 3 13 O 20
1046 1045 1 5 23 O 20
1386 1387 1 2 9 O 20
1385 4972 1 3 13 M 20
4972 1386 1 4 18 O 30
1659 1658 2 13 71 O 20
7923 1660 1 5 27 M 20
7922 7923 2 2 11 O 10
7922 6709 1 6 31 O 10
5737 5526 1 8 42 M 30
1662 1661 2 4 20 M 10
3454 4749 2 18 99 M 20
1663 6054 2 2 9 O 30
1665 1664 2 13 71 M 30
1667 1666 2 11 57 M 30
6629 831 2 24 133 O 20
6346 7311 1 2 9 O 30
7311 7312 1 16 88 O 10
1668 801 2 8 44 O 30
801 955 2 7 37 O 30
1669 1670 2 43 234 O 30
521 1709 2 3 15 O 10
1709 1708 2 27 149 O 20
2029 1710 2 28 152 O 10
1709 1710 2 16 87 M 30
1711 1712 2 15 82 O 10
1712 1713 2 2 7 O 30
1713 1714 2 7 36 O 30
1713 1715 2 5 25 M 30
1712 1716 2 9 49 O 10
1720 1718 2 9 46 O 30
1721 1720 2 13 72 O 20
1720 1719 2 4 17 O 20
1724 1723 2 13 70 O 30
1726 1725 2 4 17 O 20
1200 1727 2 19 105 O 30
1729 1735 2 21 115 O 30
1731 1730 2 4 19 M 30
1733 1732 2 3 16 M 30
1736 1731 2 10 54 O 20
1731 1733 2 4 19 M 30
1733 1734 2 4 17 O 10
1734 1735 2 12 63 O 20
1735 1728 2 1 4 O 20
1728 1734 2 6 29 O 30
1739 1738 2 5 25 O 10
1741 1740 2 4 18 O 20
1743 1742 2 4 19 M 10
1745 1744 2 29 158 O 10
1746 1743 2 8 43 O 30
1743 1741 2 3 14 O 30
1741 1739 2 4 17 M 20
1739 1744 2 12 64 O 30
1744 1737 2 27 147 O 20
3352 4596 2 37 200 O 30
3352 3357 2 19 101 M 20
3357 4228 2 9 49 O 20
639 3358 2 2 8 O 10
3356 639 2 7 35 M 30
6485 1747 2 3 15 O 10
1747 7653 2 4 18 O 20
1747 1748 2 5 24 O 20
0 1750 2 9 49 O 10
1750 1749 2 1 4 O 30
1751 1752 2 30 165 O 10
1755 4392 2 2 10 O 10
990 1757 2 4 22 O 30
1757 1760 2 4 17 O 10
1760 1762 2 3 16 M 30
1762 1764 2 4 17 O 20
1764 1756 2 6 29 O 30
1757 1758 2 15 83 M 20
1758 1761 2 7 33 O 20
1761 1763 2 3 15 O 30
1763 1759 2 5 24 M 20
1759 1756 2 16 85 O 30
1760 1761 2 9 50 M 30
1762 1763 2 10 51 O 10
1764 1759 2 8 40 M 30
1757 1765 2 8 43 O 20
1765 1766 2 12 63 M 30
1766 1768 2 3 15 O 30
1768 1770 2 5 27 O 30
1770 1772 2 3 16 O 20
1772 1774 2 3 16 O 20
1774 1775 2 17 92 O 20
1775 1773 2 3 16 O 20
1773 1771 2 3 15 M 10
1771 1769 2 5 28 O 10
1769 1767 2 3 16 O 20
1767 1765 2 4 17 M 30
1766 1767 2 9 45 M 20
1768 1769 2 8 44 O 20
1770 1771 2 8 43 O 10
1772 1773 2 8 42 O 30
1774 8553 2 4 21 O 20
8553 1775 2 4 21 O 30
7499 8357 1 6 30 M 30
8357 7498 1 11 60 O 20
397 393 1 4 22 O 10
1593 2754 1 4 18 M 30
1776 1777 2 10 51 O 30
1777 1778 2 2 9 O 10
1777 1779 2 3 12 O 30
1781 1780 2 4 20 O 20
1780 5945 2 2 6 O 10
5947 1783 1 1 2 O 30
1783 195 1 3 16 O 10
195 1782 1 1 2 O 30
1782 5950 1 2 9 O 30
5950 1784 1 2 11 O 10
1784 5947 1 1 5 M 10
1785 1792 1 8 42 M 10
1791 1795 1 3 14 O 20
1786 1791 1 8 42 O 10
1790 1794 1 3 14 O 20
1787 1790 1 8 42 O 30
1789 1794 1 4 17 O 20
1788 1789 1 8 42 O 10
1673 1793 2 3 12 O 30
1797 1787 1 4 17 O 10
1796 1786 1 5 24 O 10
1798 1796 1 2 10 O 20
1796 1797 1 3 17 O 20
1797 1793 1 2 10 O 30
1793 1788 1 3 13 O 10
8516 1801 2 3 16 O 20
1799 1798 1 2 8 O 30
1798 1785 1 5 25 M 20
1673 1799 1 13 68 M 10
3376 1322 1 3 0 C 0
698 7703 1 2 0 C 0
1802 5467 1 3 0 C 0
5467 1803 1 6 0 C 0
7743 1802 1 5 0 C 0
1804 110 1 3 0 C 0
1805 303 1 5 26 O 20
1808 1805 1 2 9 O 30
1806 1807 1 2 6 O 10
1807 1808 1 2 10 O 10
1810 1806 1 1 3 O 20
1809 1810 1 3 12 M 30
6240 1809 1 4 21 O 30
1811 1814 1 2 0 C 0
1813 1812 1 5 0 C 0
1815 1813 1 2 0 C 0
1814 1877 1 5 23 O 20
4213 1815 1 5 0 C 0
1816 7791 2 6 0 C 0
1819 1817 2 3 0 C 0
1817 1818 2 1 0 C 0
1818 1816 2 1 0 C 0
1821 1820 2 3 0 C 0
7791 5468 2 2 0 C 0
1824 1304 2 1 0 C 0
1304 1821 2 2 0 C 0
1825 1822 2 1 3 O 30
1823 1825 2 1 4 M 20
1822 1824 2 4 22 O 20
1826 1823 2 3 15 O 20
1827 1826 2 3 14 O 10
1195 1827 2 3 12 M 20
1831 1829 2 1 4 O 20
1829 1833 2 1 4 O 30
1829 1828 2 3 16 O 30
1830 1194 2 2 8 M 10
1832 1831 2 2 9 M 10
1833 1830 2 3 15 O 30
1838 8421 2 1 3 O 20
8421 1831 2 2 6 O 30
1194 6238 2 2 10 O 20
6238 1195 2 2 11 M 10
1835 1834 2 8 43 O 10
1836 1838 2 1 5 M 30
1837 1835 2 1 4 O 20
1835 1836 2 1 4 O 30
6235 1837 2 3 12 O 10
1839 7790 2 8 41 O 10
1840 1839 2 2 10 O 20
1841 1840 2 2 7 O 20
7569 1841 2 3 16 M 20
1800 1842 2 2 7 O 30
1842 7569 2 4 21 M 20
1843 1800 2 1 5 O 10
1844 1843 2 7 37 O 10
4184 4187 2 48 264 O 10
4187 1845 2 10 51 O 10
1010 5071 2 40 217 O 30
5071 1846 2 63 347 O 10
5055 1078 2 9 45 O 30
6123 6061 2 3 13 O 20
7651 667 2 7 34 O 10
667 4119 2 1 3 O 20
1847 3337 1 10 54 M 20
2187 1848 2 18 100 O 30
2187 1849 2 11 57 O 10
1850 929 2 5 26 O 20
1857 1338 2 5 23 O 10
1338 1850 2 7 37 O 30
1852 1851 2 5 27 O 10
1854 1853 2 2 6 O 10
1853 6906 2 2 8 O 10
6906 1856 2 3 13 M 20
1855 3500 2 4 18 O 10
3500 1858 2 2 7 O 10
1856 1855 2 6 31 O 10
1858 6308 2 8 40 M 30
6308 1857 2 3 16 O 30
1247 6146 2 2 7 M 20
6146 1854 2 3 12 O 10
1859 7954 2 2 11 M 30
7954 6308 2 2 11 O 30
1860 1859 2 6 31 O 30
1862 1861 2 8 43 O 10
1864 1863 2 3 12 O 10
1861 6273 2 2 8 O 10
6273 1860 2 3 12 O 20
6307 1864 2 3 16 O 10
1865 1870 2 4 17 O 20
1866 1865 2 2 9 O 20
1867 6307 2 7 35 O 10
6307 1852 2 4 18 O 10
1868 1867 2 2 8 O 10
1869 1868 2 3 16 O 20
971 1866 2 2 9 O 10
1407 971 2 3 14 O 30
1870 1869 2 8 43 O 10
1405 1871 2 2 8 O 30
1872 972 2 2 10 O 30
1871 3508 2 1 3 O 20
3508 1872 2 2 6 M 30
1873 1403 2 1 5 M 10
1403 1405 2 2 7 O 20
1875 1873 2 5 24 O 10
1874 1875 2 2 7 O 10
4337 1874 2 4 20 O 20
1876 111 1 3 13 O 30
1877 1876 1 3 14 O 20
1878 1879 2 18 98 O 20
1126 3358 1 15 80 O 30
2205 2206 2 29 160 O 20
2206 2207 2 38 209 O 20
2233 2205 2 9 46 O 30
1880 1881 2 18 99 O 20
1882 1883 2 12 63 O 30
1884 1886 2 15 83 O 10
1886 1885 2 8 39 M 30
1886 1887 2 8 40 O 30
1888 6866 2 40 220 M 20
98 6834 1 4 20 M 30
6834 896 1 4 18 O 20
4835 1889 2 2 9 M 30
1889 1890 2 6 33 O 10
1889 1893 1 14 74 O 20
1893 1894 1 2 9 O 10
1894 1892 1 2 8 O 30
1895 1896 1 12 64 M 30
1902 1897 2 3 12 O 20
1899 1898 2 4 17 O 10
1901 1899 2 2 8 O 30
1900 1901 2 2 9 O 20
1898 6226 2 4 20 O 10
1903 4883 2 1 5 M 30
4883 1902 2 1 4 M 10
1927 4880 2 6 33 O 20
6225 1903 2 2 9 O 20
6163 6225 2 1 5 O 20
1905 1904 2 5 26 O 30
4868 4864 2 4 21 O 10
1907 1906 2 2 11 M 20
1908 1915 2 1 5 O 20
1909 4895 2 4 17 O 10
1910 1917 2 1 5 O 30
1918 1911 2 4 19 O 10
1913 1912 2 13 67 O 30
1920 1914 2 3 13 O 30
1916 1908 2 3 16 M 20
1917 4895 2 2 8 O 30
4895 1916 2 2 7 O 30
1911 8064 2 1 5 M 20
8064 1910 2 1 4 O 30
1919 1918 2 4 19 O 30
1914 1913 2 1 3 O 20
1913 4882 2 2 9 M 30
4882 1919 2 1 4 O 10
1921 1920 2 2 9 M 30
1922 3524 2 2 8 O 30
3524 1921 2 3 11 M 10
1923 4881 2 1 4 O 30
4881 1922 2 2 8 M 30
1924 1923 2 2 7 O 20
928 1924 2 10 50 O 30
1926 7826 2 1 4 O 10
7826 1928 2 2 6 O 20
7965 6163 2 2 10 O 10
1929 4876 2 1 4 O 10
4876 1927 2 3 14 O 10
1928 1929 2 2 6 O 10
1932 7824 2 3 13 O 10
7824 1926 2 2 9 O 10
1937 7823 2 1 4 O 10
7823 1934 2 6 29 O 30
1934 1932 2 1 3 O 20
1934 1933 2 2 10 O 10
1935 1936 2 2 7 O 10
1938 1935 2 4 21 O 30
1936 4884 2 1 2 O 30
4884 1937 2 2 7 O 10
1939 1938 2 2 7 M 20
1940 1939 2 2 7 O 10
1943 1940 2 3 13 O 30
4865 1941 2 3 15 O 30
1942 1944 2 2 6 O 10
1944 4865 2 1 5 M 10
4865 1943 2 2 6 O 30
1945 1942 2 4 17 O 20
364 1945 2 2 10 O 10
929 364 2 3 14 M 30
1948 1949 2 17 92 M 20
1953 1952 2 13 67 O 20
1954 1955 2 20 107 O 20
1956 1957 2 22 120 O 10
1958 1959 2 10 54 O 30
1961 1962 1 3 17 O 30
1967 1963 2 1 5 M 10
1963 1962 2 2 6 O 10
1962 5311 2 3 14 O 10
1965 1963 1 3 17 O 30
1966 1967 1 4 17 O 10
1964 1963 2 4 18 O 20
1960 1961 1 3 14 O 20
1961 1965 1 2 6 O 20
1965 1966 1 1 5 O 20
1968 1974 1 3 14 M 10
1974 1969 1 14 73 O 30
1972 1969 2 6 32 O 10
1969 1973 2 7 34 O 30
1973 1971 2 3 15 O 20
1970 1972 1 4 18 M 20
1973 1974 2 5 27 O 10
1975 5807 2 4 21 O 20
5808 1976 2 4 17 O 30
4006 1977 2 4 20 O 10
197 1979 2 14 74 M 30
1979 1978 2 15 82 O 20
1979 1981 2 4 17 O 10
1981 1980 2 18 96 M 10
1981 1982 2 12 61 O 20
1981 1983 2 13 70 O 30
5979 4636 1 4 19 M 10
4636 4635 1 18 96 O 10
1991 1990 2 17 90 O 30
1993 1992 2 7 38 O 20
1995 1994 2 38 209 O 30
4896 2003 2 6 28 O 30
2004 3466 2 26 139 O 20
2578 3479 2 22 121 O 20
3479 2007 2 16 86 M 30
2008 2005 1 1 4 M 30
2005 2006 1 2 7 O 20
2006 2004 1 2 6 M 30
2004 2007 1 2 6 O 20
2007 2008 1 1 3 O 30
2009 2010 2 9 45 M 30
1386 4973 2 3 12 O 30
4973 5039 2 10 50 M 10
5039 4974 2 21 115 O 30
4974 5041 2 12 62 M 20
6226 1307 2 7 39 M 10
1307 3512 2 19 102 O 10
3512 143 2 14 73 O 30
6740 3407 1 3 16 O 20
6740 3403 1 4 21 O 30
2012 1680 2 3 13 O 20
2013 2014 2 5 26 O 20
2015 2018 2 4 19 O 20
2018 2016 2 3 14 M 30
2016 2017 2 14 73 O 10
2017 2018 2 11 60 O 20
250 2019 2 16 83 O 30
2019 2025 2 7 34 O 20
2025 2021 2 31 169 O 10
2021 2020 2 3 15 O 30
2019 2027 2 2 10 O 20
2027 2020 2 55 305 O 30
2021 2024 2 12 63 O 30
2024 2022 2 43 237 O 30
2022 2023 2 5 25 O 20
2023 2024 2 41 227 O 30
2025 2026 2 15 79 O 30
2027 2028 2 11 56 O 20
2391 2392 1 13 72 O 10
2054 2055 2 1 4 O 10
2056 2057 2 18 95 M 10
2058 2059 2 14 72 O 20
2060 2063 2 18 96 O 30
2063 2061 2 2 9 O 10
2062 2063 2 13 67 O 30
2066 2067 2 22 122 O 20
938 6544 2 14 74 O 30
7829 2068 2 9 50 O 10
2069 2070 2 6 28 O 20
2074 3345 1 8 42 O 10
2075 2074 1 2 10 O 30
2077 2391 1 35 193 O 20
2076 2077 1 3 12 O 10
2073 830 1 2 0 C 0
550 553 1 2 8 O 10
616 614 2 2 8 M 30
2438 4340 1 5 27 O 30
2436 2434 1 3 13 O 20
2088 1362 2 4 21 O 10
2089 2091 1 10 50 O 10
2091 2090 1 3 15 O 10
2091 2092 2 3 12 M 20
2093 2094 2 33 181 O 20
2095 2142 2 14 74 O 10
2096 1128 1 3 12 O 10
2097 6685 1 10 55 O 10
2098 2097 1 2 11 M 30
2099 2100 2 1 4 O 30
2101 2102 2 6 31 O 30
2103 2104 2 4 19 O 10
2105 2106 2 9 46 O 20
8459 3915 2 4 22 O 30
3895 6166 2 8 44 O 20
2107 2108 2 4 19 M 10
2110 2109 2 3 15 O 30
2112 2111 2 11 58 O 30
2117 1377 1 13 67 O 30
5638 2118 2 4 18 O 30
2119 5628 2 12 64 O 10
2120 5635 2 10 51 O 30
6577 5627 2 1 5 O 30
2121 5408 2 11 58 M 30
2122 2504 2 8 39 O 10
569 2123 1 2 10 O 30
2124 570 1 3 14 O 30
2125 5559 2 5 23 M 30
2126 2579 2 8 43 O 30
2530 2127 2 6 29 O 20
8340 2327 2 6 0 C 0
8340 2128 2 10 0 C 0
2132 2131 2 11 60 O 20
2134 2133 2 17 91 M 30
5034 2135 2 4 22 O 20
6540 2136 2 6 28 O 10
2137 2138 2 50 274 O 30
2139 2140 2 68 374 O 10
6932 2141 1 9 47 O 30
2141 6931 2 22 118 O 30
2143 2144 2 12 61 M 30
4825 2146 2 2 8 O 30
2146 2147 2 12 65 M 10
2147 2145 2 3 12 O 10
2145 2146 2 9 46 O 20
S M L S L M S M S L M S L M L M S L S M L S M L M L S M L S M L S M L S M L S L M S L S M L S M L S M L M S L S M L S M L S L M S L M S M L S M L S M L S L M L S M L S
