6291 8024 97200 76 907 0.5
1198 5033 1 30 165 M 30
5033 1315 1 7 38 O 20
1401 1480 1 54 0 C 0
2847 1585 2 16 0 C 0
1583 964 2 18 0 C 0
964 1001 2 15 0 C 0
2846 123 2 6 0 C 0
123 2847 2 16 0 C 0
2845 2846 1 17 0 C 0
960 4509 1 9 0 C 0
4509 4848 1 7 0 C 0
4848 1590 1 9 0 C 0
1590 1591 1 7 0 C 0
1591 1455 1 23 0 C 0
3684 3683 1 2 6 O 20
3683 1487 1 84 463 O 30
1487 1390 1 58 319 M 10
3684 3699 1 20 110 M 20
3699 3685 1 2 9 O 10
3700 4818 1 10 0 C 0
4818 4351 1 6 0 C 0
4351 4348 1 61 0 C 0
3685 3687 1 42 232 M 30
3690 3689 2 3 0 C 0
3645 2046 2 12 62 O 20
2046 2035 2 34 185 O 10
2035 2051 2 40 218 O 30
1624 3705 2 27 146 M 30
3705 5614 2 8 40 O 20
5614 1625 2 28 152 M 30
1625 1632 2 16 84 O 20
1632 3592 2 14 73 O 10
1623 2103 2 15 82 O 10
2103 2101 2 17 92 M 10
2101 2106 2 18 95 O 20
2106 3643 2 6 30 O 20
3643 805 2 40 222 O 30
805 3615 2 16 85 O 10
1365 3692 2 43 0 C 0
3692 3942 2 35 0 C 0
1381 1481 1 108 0 C 0
3283 3184 1 18 96 O 20
3184 3174 1 8 44 O 20
3174 3158 1 9 48 O 30
3158 3159 1 17 94 O 10
3159 3141 1 25 134 O 10
68 2430 1 9 0 C 0
2430 47 1 13 0 C 0
1584 3514 1 7 0 C 0
3514 2843 1 11 0 C 0
2843 2701 1 11 0 C 0
3958 3649 2 30 0 C 0
3649 3667 2 56 0 C 0
3635 2589 1 47 0 C 0
2589 3301 1 16 0 C 0
3301 3302 1 11 0 C 0
3302 1222 1 8 0 C 0
1222 3300 1 11 0 C 0
3121 5120 1 13 0 C 0
159 3122 1 50 0 C 0
3122 157 1 18 0 C 0
2676 4065 1 55 0 C 0
4065 2674 1 6 0 C 0
909 3137 2 15 0 C 0
3137 3136 2 12 0 C 0
3136 3135 2 21 0 C 0
3135 3134 2 21 0 C 0
3134 3133 2 21 0 C 0
3133 910 2 10 0 C 0
909 907 2 28 0 C 0
907 908 2 95 0 C 0
908 906 2 81 0 C 0
906 3669 2 14 0 C 0
924 921 2 7 0 C 0
921 922 2 26 0 C 0
922 925 2 28 0 C 0
928 929 2 12 0 C 0
929 930 2 35 0 C 0
930 933 2 50 0 C 0
933 931 2 9 0 C 0
3955 934 2 6 0 C 0
127 469 1 19 0 C 0
469 468 1 5 0 C 0
468 3739 1 5 0 C 0
3739 927 1 15 0 C 0
927 133 1 15 0 C 0
133 1551 1 15 0 C 0
1551 3708 1 15 0 C 0
3708 2595 1 19 0 C 0
1030 2329 1 10 0 C 0
2329 2327 1 15 0 C 0
2327 954 1 15 0 C 0
4632 2123 1 11 60 O 10
2123 2125 1 14 77 O 30
2125 4626 1 5 26 O 30
4626 4633 1 6 28 O 30
4633 4631 1 5 23 O 10
931 2619 2 2 0 C 0
2619 2618 2 2 0 C 0
2618 1083 2 5 0 C 0
129 1679 2 113 0 C 0
1239 3105 2 11 0 C 0
1118 1053 1 8 0 C 0
4288 4289 2 2 0 C 0
4289 6099 2 47 0 C 0
6099 6100 2 4 0 C 0
6100 1051 2 12 0 C 0
128 926 1 19 0 C 0
926 1071 1 15 0 C 0
1071 1072 1 15 0 C 0
1072 1073 1 15 0 C 0
1073 1049 1 15 0 C 0
1049 1074 1 15 0 C 0
1074 3670 1 5 0 C 0
1061 2769 1 26 0 C 0
1081 1078 1 39 0 C 0
912 910 2 26 0 C 0
3985 913 2 36 0 C 0
913 914 2 14 0 C 0
914 911 2 16 0 C 0
911 912 2 10 0 C 0
915 3086 2 11 0 C 0
3086 916 2 35 0 C 0
928 915 2 22 0 C 0
20 5325 2 9 0 C 0
5325 307 2 1 0 C 0
307 932 2 7 0 C 0
932 4050 2 5 0 C 0
4050 5326 2 6 0 C 0
5326 5327 2 8 0 C 0
5327 1132 2 13 0 C 0
1132 1134 2 12 0 C 0
1134 1133 2 41 0 C 0
4671 696 1 29 0 C 0
1111 5097 1 15 0 C 0
465 1122 2 4 0 C 0
1133 1121 2 15 0 C 0
1121 1122 2 35 0 C 0
1124 1125 2 34 0 C 0
2582 2581 2 3 0 C 0
2581 3482 2 5 0 C 0
4574 1136 1 29 0 C 0
1169 1153 1 79 438 O 20
1212 973 2 4 0 C 0
973 1213 2 15 0 C 0
1213 1214 2 15 0 C 0
1214 1215 2 15 0 C 0
1215 1216 2 15 0 C 0
1216 1206 2 12 0 C 0
1206 4989 2 2 0 C 0
1218 1219 2 10 0 C 0
1219 1220 2 15 0 C 0
1220 1221 2 15 0 C 0
1221 1205 2 15 0 C 0
1205 1207 2 12 0 C 0
1207 4987 2 2 0 C 0
970 1193 2 15 0 C 0
1193 1194 2 15 0 C 0
1194 1202 2 15 0 C 0
1201 1202 2 20 0 C 0
1210 1211 2 10 0 C 0
1211 4285 2 1 0 C 0
1229 1230 2 26 0 C 0
1235 4698 2 3 0 C 0
4698 2620 2 5 0 C 0
2620 3623 2 7 0 C 0
3623 5396 2 7 0 C 0
5396 1232 2 2 0 C 0
1232 3625 2 9 0 C 0
3625 6228 2 1 0 C 0
6228 3626 2 7 0 C 0
3626 1233 2 8 0 C 0
1233 5379 2 5 0 C 0
5379 3632 2 3 0 C 0
3632 3631 2 8 0 C 0
3631 3305 2 1 0 C 0
4298 1234 1 1 0 C 0
1234 5498 1 13 0 C 0
5498 1671 1 53 0 C 0
1671 1237 1 9 0 C 0
1237 6074 1 2 0 C 0
6074 3304 1 4 0 C 0
3304 3305 1 4 0 C 0
6071 5378 2 8 0 C 0
5378 1228 2 13 0 C 0
1243 3588 1 120 0 C 0
5006 1242 1 122 0 C 0
1242 3052 1 186 0 C 0
3052 3594 1 29 159 M 20
1056 1061 2 9 0 C 0
3641 3639 2 14 0 C 0
3639 3640 2 14 0 C 0
3640 1059 2 15 0 C 0
1059 1055 2 14 0 C 0
1055 1075 2 14 0 C 0
1075 1058 2 14 0 C 0
1058 892 2 15 0 C 0
1053 4323 1 6 0 C 0
4323 3642 1 2 0 C 0
1055 1056 2 74 0 C 0
1210 1208 2 4 0 C 0
1208 3797 2 4 0 C 0
3797 4788 2 23 0 C 0
4788 4789 2 11 0 C 0
4789 1212 2 5 0 C 0
5005 5003 1 3 15 O 10
1538 1539 1 27 146 O 20
1539 4504 1 92 511 O 30
4504 1540 1 6 29 M 20
1540 4498 1 5 24 O 10
4498 1453 1 81 448 O 10
1453 1454 1 22 119 O 10
1252 1253 1 13 71 M 20
1253 5673 1 8 42 M 30
5673 5672 1 7 36 O 30
5672 3793 1 44 240 O 10
3793 1142 1 7 34 O 20
1142 3792 1 6 28 O 20
3792 4223 1 20 108 O 20
4223 1441 1 8 40 M 20
1441 4224 1 3 13 O 30
4224 1143 1 59 326 O 20
1143 1144 1 31 172 O 30
3083 2468 1 15 78 O 10
2468 1145 1 29 160 M 30
1152 1174 1 39 213 M 20
58 59 1 16 0 C 0
59 60 1 16 0 C 0
1270 1273 2 18 0 C 0
1273 1271 2 15 0 C 0
1244 959 2 15 0 C 0
41 1278 2 26 0 C 0
1278 1277 2 16 0 C 0
1277 1276 2 15 0 C 0
1276 1275 2 16 0 C 0
885 881 1 19 0 C 0
1299 891 1 3 0 C 0
891 6256 1 4 0 C 0
6256 1292 1 24 0 C 0
1292 1296 1 15 0 C 0
1296 1298 1 5 0 C 0
1298 961 1 14 0 C 0
961 1293 1 15 0 C 0
1280 1279 2 32 0 C 0
1279 5079 2 11 0 C 0
1248 1285 1 12 0 C 0
1285 1286 1 15 0 C 0
1289 1288 1 28 0 C 0
1299 3225 1 11 0 C 0
1287 1291 1 3 0 C 0
1291 1295 1 16 0 C 0
1295 962 1 18 0 C 0
939 3652 1 20 0 C 0
1309 5040 1 26 0 C 0
1320 1313 1 76 422 O 10
1319 4179 2 7 37 M 20
4179 13 2 1 3 O 30
13 305 2 15 82 O 20
305 4933 2 2 11 O 30
4933 4928 2 3 12 O 10
4928 1387 2 12 67 O 10
1325 3773 2 12 0 C 0
3773 1326 2 8 0 C 0
1326 811 2 8 0 C 0
1327 4708 2 10 52 O 10
4708 4413 2 2 10 O 20
4413 1328 2 15 79 O 20
1328 812 2 15 80 O 20
812 4415 2 21 114 M 10
4415 4672 2 10 50 O 10
4672 4674 2 7 39 O 10
4674 4186 2 6 28 O 10
4186 4187 2 18 98 O 10
4187 4712 2 12 65 O 10
4712 4711 2 2 10 O 10
4711 4673 2 14 77 O 30
811 4185 2 10 0 C 0
4185 1681 2 26 0 C 0
4759 430 2 3 15 O 20
430 4755 2 6 29 M 10
4755 101 2 2 9 O 20
101 4746 2 2 10 M 10
4673 4180 2 20 106 M 30
4180 4709 2 8 44 M 30
4709 1331 2 29 156 O 10
1331 4181 2 9 45 O 10
4181 4171 2 19 101 M 30
4171 4174 2 1 5 O 30
3813 4935 2 51 280 O 10
4935 4936 2 3 13 O 30
4936 3813 2 8 40 O 20
1335 4955 2 7 36 O 30
4955 1336 2 34 185 O 20
1336 1337 2 14 74 M 30
1338 1547 2 34 0 C 0
1547 1342 2 12 0 C 0
1342 1374 2 29 0 C 0
1374 1375 2 35 0 C 0
1375 4568 2 7 0 C 0
4568 4550 2 2 0 C 0
4550 4549 2 11 0 C 0
4549 3481 2 3 0 C 0
4548 3540 2 47 0 C 0
3540 3538 2 3 0 C 0
1346 6085 2 43 234 O 30
6085 6097 2 6 31 M 30
6097 6095 2 18 96 O 10
6095 5998 2 21 115 M 10
5998 3854 2 13 68 O 30
3854 1347 2 4 17 M 10
1347 2617 2 4 19 O 20
1158 1159 1 148 821 O 20
1159 3084 1 54 299 O 20
3130 4881 2 3 12 M 30
1357 1358 1 35 0 C 0
1358 695 1 7 0 C 0
695 1367 1 7 0 C 0
1367 4254 1 26 0 C 0
4254 1359 1 2 0 C 0
1359 2588 1 24 0 C 0
2588 4906 1 13 0 C 0
1680 4718 1 7 0 C 0
4718 1370 1 12 0 C 0
1370 1325 1 20 0 C 0
1325 1307 1 18 0 C 0
1307 4256 1 2 0 C 0
4256 3998 1 4 0 C 0
3998 4018 1 16 0 C 0
4018 1366 1 6 0 C 0
1366 1368 1 13 0 C 0
1368 1357 1 35 0 C 0
1380 1168 1 44 0 C 0
1362 3286 2 44 0 C 0
3286 3769 2 16 0 C 0
3769 385 2 22 0 C 0
385 387 2 18 0 C 0
387 4108 2 15 0 C 0
4108 1361 2 15 0 C 0
1361 1365 2 49 0 C 0
1365 1622 2 30 0 C 0
1414 2776 1 54 0 C 0
1420 5024 1 14 75 O 10
1424 1422 1 25 137 O 10
1424 1425 1 42 232 O 20
4349 1427 1 10 50 O 20
1427 1487 1 110 606 O 30
1427 1428 1 70 386 O 30
1304 2336 1 41 0 C 0
131 938 1 86 0 C 0
1143 2686 1 37 205 O 30
2686 172 1 6 29 O 20
172 4214 1 2 10 O 20
2467 1437 1 2 10 M 20
1437 2685 1 4 19 O 30
2685 1144 1 32 174 O 10
1717 4309 1 36 199 O 30
4309 2464 1 5 25 O 20
2464 4311 1 3 13 O 30
4310 2463 1 3 13 M 10
2463 1160 1 51 283 O 20
1440 1716 1 11 56 O 30
1716 1160 1 37 203 M 20
1160 4225 1 54 299 O 30
4225 1161 1 3 14 O 30
1161 1162 1 32 177 O 30
1162 1251 1 59 327 M 20
1144 1439 1 10 55 M 30
1161 1441 1 3 13 O 10
1441 4220 1 7 37 O 10
4220 4234 1 4 21 M 10
4234 1442 1 5 27 O 10
1443 11 2 24 132 O 20
11 76 2 51 282 O 20
76 1444 2 4 22 O 30
1444 5652 2 14 75 O 10
5652 1443 2 49 269 O 20
1444 5647 2 4 21 O 10
5647 75 2 7 37 O 20
75 5649 2 1 5 O 20
5649 5651 2 13 70 M 30
1447 2328 1 15 0 C 0
2328 2330 1 15 0 C 0
2330 3875 1 15 0 C 0
3875 2320 1 16 0 C 0
1455 1064 1 23 128 M 30
1064 4497 1 80 442 O 30
4497 1063 1 4 21 O 10
1063 5276 1 97 535 M 10
5276 1537 1 28 150 O 10
1107 1371 1 42 0 C 0
2321 5095 1 10 0 C 0
1467 1468 1 33 0 C 0
1454 1459 1 18 98 O 30
1534 4980 1 35 191 O 30
4980 1535 1 34 184 O 20
1535 2750 1 82 455 M 10
2750 4405 1 24 131 O 20
4405 2932 1 11 0 C 0
2932 5715 1 9 0 C 0
5715 1478 1 4 0 C 0
1485 1486 1 163 0 C 0
3064 3612 2 12 65 O 30
1168 1469 1 42 0 C 0
1469 1138 1 2 9 O 10
1310 1309 1 24 128 M 10
1309 1382 1 26 143 O 30
1388 5031 1 8 44 O 20
1492 4683 2 25 139 O 30
4683 4677 2 9 46 O 30
4677 6082 2 5 27 O 20
6082 1493 2 2 7 O 20
1497 1498 2 56 309 O 30
1497 1499 2 14 74 O 30
1499 1500 2 17 92 O 20
1500 1501 2 19 100 O 20
1495 4689 2 27 146 M 30
4689 1501 2 1 6 O 10
1501 1502 2 53 293 O 30
1494 1500 2 35 194 M 30
1500 1503 2 53 292 O 20
1502 6091 2 23 125 O 30
6091 1352 2 62 341 O 20
1495 1496 2 4 20 M 10
1496 2313 2 23 123 M 30
2313 2312 2 40 219 O 10
2312 2252 2 38 209 O 30
2252 3567 2 14 76 O 10
4213 5817 2 12 64 O 20
5817 4228 2 30 162 O 20
2468 1505 1 19 105 O 30
1506 80 2 17 90 O 30
80 4104 2 38 207 O 20
4317 4318 1 88 488 O 10
1156 1157 1 23 125 O 10
1149 1150 1 23 124 O 10
1150 5026 1 13 70 M 30
1251 1509 1 18 95 M 20
1509 1511 1 43 234 M 30
1511 1163 1 83 458 M 20
1162 5646 2 9 46 O 10
5646 1510 2 2 8 O 30
3802 1511 2 3 14 O 20
1511 744 2 54 295 M 10
1668 5777 2 47 260 O 10
5777 1660 2 16 85 O 10
1660 1657 2 29 159 O 20
1657 1666 2 20 111 M 20
1666 1662 2 1 4 O 20
1662 4236 2 1 5 O 30
4236 1139 2 4 19 O 30
1139 1458 2 3 14 O 10
1458 1512 2 6 32 O 10
1512 4521 2 96 529 O 30
1512 1513 2 39 215 M 30
4221 2476 2 12 66 O 30
1516 2040 2 13 0 C 0
1529 3206 1 4 20 M 20
3206 3150 1 19 105 M 20
3150 1528 1 16 87 O 30
1528 2574 1 23 126 O 20
2574 1527 1 27 145 O 30
1527 3166 1 43 234 M 30
3166 474 1 61 337 O 30
1530 1529 1 6 28 O 20
1422 1425 1 32 175 M 30
1425 1430 1 6 28 M 10
1430 1630 1 32 175 O 20
1630 1522 1 15 83 O 20
1522 1521 1 13 69 O 10
1521 3243 1 14 78 O 30
3243 3260 1 14 76 M 30
3260 3277 1 11 59 O 30
3277 1515 1 3 16 O 30
1533 1534 1 5 27 O 30
1478 1479 1 13 0 C 0
1386 5106 1 13 0 C 0
2507 2134 1 15 79 O 20
2134 2483 1 19 101 M 20
2483 4586 1 3 12 M 20
4586 2135 1 10 53 O 20
2135 2482 1 30 166 O 10
2482 2126 1 21 116 O 30
2126 2487 1 12 61 M 10
2487 2481 1 8 43 O 30
2481 3859 1 17 91 M 30
3859 2489 1 6 29 M 30
2489 3861 1 53 292 O 10
3861 1588 1 235 1302 M 30
1588 2514 1 88 484 O 20
1450 1449 1 11 61 M 20
1449 1561 1 10 51 O 20
1537 1450 1 9 46 O 20
1448 1538 1 9 49 O 20
3500 4855 2 10 53 M 20
4855 3501 2 8 43 O 10
1552 1092 1 68 0 C 0
163 1553 2 7 36 M 30
1552 1554 2 4 18 O 10
1552 1555 2 5 23 M 30
1379 1556 1 95 0 C 0
1556 1557 1 26 0 C 0
1557 1558 1 7 0 C 0
1558 4123 1 20 0 C 0
4123 5115 1 3 0 C 0
181 1467 1 4 0 C 0
178 1379 1 43 0 C 0
1379 1562 1 83 0 C 0
1562 1564 1 15 0 C 0
1564 165 1 101 0 C 0
165 1560 1 62 0 C 0
1560 2596 1 149 0 C 0
2596 3617 1 60 0 C 0
1565 1563 1 15 0 C 0
1563 1092 1 81 0 C 0
1092 1386 1 103 0 C 0
5125 840 1 64 0 C 0
1568 5030 2 3 0 C 0
5030 5028 2 3 0 C 0
1569 6040 2 25 0 C 0
6040 6039 2 5 0 C 0
6039 1570 2 6 0 C 0
1570 6041 2 23 0 C 0
6041 6043 2 25 138 M 30
6043 6042 2 2 10 O 20
6042 1571 2 19 104 M 20
1571 6083 2 28 152 O 10
6083 2424 2 40 222 O 20
2424 3079 2 13 67 O 20
3079 4572 2 2 10 M 30
4572 1572 2 5 27 O 30
1569 1573 2 27 0 C 0
1573 1574 2 30 0 C 0
679 1575 2 13 72 O 10
1575 1576 2 18 97 O 20
1576 1577 2 11 57 M 10
1576 1578 2 21 114 O 20
677 1575 2 43 234 M 10
1575 5126 2 25 136 O 20
5126 4324 2 2 9 O 10
1171 1170 1 44 242 O 10
2270 2273 2 20 107 O 20
2273 2268 2 23 124 O 30
2268 2295 2 36 195 O 30
2295 2260 2 31 168 O 10
2260 2815 2 40 219 O 20
2815 2264 2 3 0 C 0
3062 3041 1 3 0 C 0
1174 1173 1 29 161 O 30
1104 1105 1 27 0 C 0
1105 5080 1 2 0 C 0
1593 4508 2 29 0 C 0
4508 1594 2 2 0 C 0
1594 1603 2 15 0 C 0
1603 1595 2 19 0 C 0
1595 1596 2 28 155 O 30
1596 1598 2 13 67 O 30
1598 1599 2 30 166 O 30
1599 5067 2 21 113 M 30
1600 2934 1 26 0 C 0
2934 5068 1 11 0 C 0
1608 5135 1 7 36 O 20
1607 1608 1 15 78 O 30
1609 1610 1 14 78 M 10
1610 4660 1 4 20 O 10
4660 4658 1 53 294 O 30
5 1402 1 53 0 C 0
1078 1079 1 10 0 C 0
4671 1098 2 2 0 C 0
1098 1099 2 12 0 C 0
1099 1100 2 14 0 C 0
1100 905 2 13 0 C 0
905 5096 2 21 0 C 0
5096 1101 2 3 0 C 0
2431 1687 1 15 0 C 0
5075 5071 2 12 0 C 0
575 4919 2 9 0 C 0
4919 4655 2 11 0 C 0
4655 5688 2 2 0 C 0
5688 4656 2 13 0 C 0
2839 2840 1 21 0 C 0
1686 67 2 37 0 C 0
67 68 2 4 0 C 0
1240 1239 2 9 0 C 0
6075 3106 2 82 0 C 0
1294 3855 2 8 0 C 0
3855 1669 2 31 0 C 0
1669 4535 2 2 0 C 0
4535 3224 2 21 0 C 0
3224 4218 2 6 0 C 0
4218 180 2 2 0 C 0
1736 3050 2 30 164 O 20
3050 1783 2 15 79 O 20
1783 3330 2 5 24 O 10
3330 1782 2 11 58 O 20
1782 1789 2 14 75 O 30
1789 1738 2 15 78 O 10
1740 1781 2 30 166 O 10
1741 2853 2 30 161 O 30
2853 2854 2 29 160 O 20
2854 1742 2 30 166 O 30
1743 2864 2 30 163 O 20
2864 2855 2 30 162 O 30
2855 1744 2 29 160 O 20
1745 2856 2 29 160 O 30
2856 2863 2 30 161 O 10
2863 1746 2 30 164 O 10
1747 2857 2 29 160 O 20
2857 4886 2 4 18 O 20
4886 2862 2 26 143 O 20
2862 1748 2 30 165 O 20
1749 2861 2 30 165 O 10
2861 2858 2 30 161 O 20
2858 1750 2 29 159 O 20
3973 5761 2 20 107 M 10
5761 2849 2 8 42 O 20
2849 5762 2 7 34 O 10
5762 2860 2 23 127 O 30
2860 4303 2 19 102 O 10
4303 4792 2 4 20 O 30
4792 4793 2 4 18 O 30
4793 1737 2 4 22 O 10
1737 5775 2 9 50 O 20
5775 1791 2 9 45 O 10
1791 1752 2 17 93 O 10
1753 2859 2 30 163 O 10
2859 2850 2 30 162 O 10
2850 1754 2 29 160 M 20
1755 2851 2 29 160 O 20
2851 2876 2 30 163 O 30
2876 5768 2 16 86 M 10
5768 1756 2 14 77 O 20
1757 1758 2 28 152 M 30
1759 2870 2 30 163 O 10
2870 2865 2 30 163 O 10
2865 1760 2 29 160 O 30
1761 2866 2 29 160 M 10
2866 2871 2 30 162 O 10
2871 1762 2 30 164 M 30
1763 1764 2 28 152 O 20
1765 5770 2 15 80 O 20
5770 1766 2 14 75 O 30
1767 2872 2 30 163 O 30
2872 2867 2 30 164 M 30
2867 1768 2 29 158 O 30
1769 2868 2 29 159 O 10
2868 2873 2 30 163 O 30
2873 2874 2 30 162 O 20
2874 1770 2 29 157 O 20
1771 1772 2 23 125 O 10
1773 5764 2 33 180 M 20
5764 1775 2 20 109 O 30
1776 1777 2 18 99 O 20
1778 1779 2 36 196 O 10
1780 3050 2 16 89 O 10
3050 2875 2 59 325 O 10
2875 2873 2 15 78 O 30
2873 2872 2 14 77 O 30
2872 2871 2 14 76 O 20
2871 5766 2 5 25 O 30
5766 2870 2 10 53 M 30
2870 2876 2 14 76 O 10
2876 2859 2 14 77 O 20
2859 2860 2 14 77 O 20
2860 2861 2 14 77 O 20
2861 2862 2 14 75 O 30
2862 2863 2 15 79 O 20
2863 2864 2 14 77 M 30
2864 2854 2 14 76 O 20
2854 1781 2 14 77 O 30
1783 1788 2 24 131 O 20
1788 1786 2 14 77 O 30
1786 1784 2 22 118 O 10
1785 1786 2 15 83 O 20
1787 1788 2 15 83 M 30
1789 1790 2 59 324 O 10
1791 1794 2 25 135 M 10
1794 3335 2 2 10 O 30
3335 1796 2 32 173 O 10
1796 1792 2 32 176 O 30
1792 1797 2 8 43 O 20
1793 1794 2 17 92 O 30
1795 1796 2 17 94 M 20
1792 1806 2 16 87 M 20
1806 1804 2 13 71 O 30
1804 1798 2 15 79 M 10
1799 1798 2 8 42 O 10
1798 1800 2 46 255 O 20
1802 1804 2 55 303 O 20
1805 1806 2 13 67 O 30
3976 3961 2 41 226 O 10
1739 1813 2 15 81 O 20
1813 1815 2 14 76 O 20
1815 1821 2 14 76 M 30
1821 1825 2 15 81 O 10
1825 1827 2 15 83 O 10
1827 1841 2 19 104 O 20
1841 1844 2 14 75 O 20
1844 1850 2 14 77 O 30
1850 1853 2 14 76 M 30
1853 1914 2 14 76 O 20
1914 1811 2 15 78 M 30
1812 564 2 27 148 M 10
564 1813 2 28 150 O 30
1813 1819 2 24 129 M 10
1814 1815 2 55 301 M 20
1815 1816 2 22 121 M 20
1816 3329 2 6 28 O 30
3329 3883 2 44 239 O 20
1816 1819 2 14 73 O 10
1819 1818 2 7 37 O 30
1820 3884 2 9 48 O 30
3884 3885 2 31 168 O 10
3885 1821 2 13 68 O 20
1821 122 2 9 47 O 20
122 3328 2 18 95 O 30
3328 1822 2 44 243 O 20
3883 1823 1 5 23 O 20
1817 3334 1 2 7 M 10
1808 1825 2 52 285 O 20
1825 5922 2 11 61 O 10
5922 95 2 19 103 O 30
95 1832 2 18 95 M 30
1832 3978 2 15 82 O 10
3978 1824 2 6 32 O 20
1826 1906 2 11 60 O 10
1906 1908 2 31 169 O 10
1908 1827 2 10 55 O 30
1827 1909 2 8 40 O 30
1909 96 2 22 117 O 30
96 1910 2 11 58 O 20
1910 1828 2 7 37 O 10
1828 1829 2 27 147 O 10
1829 5757 2 26 140 O 20
5757 1830 2 2 10 O 20
3968 5759 2 9 49 O 20
5759 114 2 15 83 O 10
114 1829 2 6 31 O 20
1829 1839 2 14 74 O 20
1839 1846 2 10 53 M 10
1846 1831 2 14 76 O 10
1832 1828 2 16 84 M 30
1828 1840 2 19 103 O 10
1840 1845 2 14 75 O 30
1845 1849 2 15 78 M 30
1849 1854 2 14 75 O 10
1854 1915 2 14 75 O 10
1915 1833 2 17 90 O 30
1824 3980 2 2 9 O 20
3980 1834 2 33 183 O 30
1774 1835 2 20 107 M 10
1835 3075 2 24 133 O 10
3075 1837 2 16 87 O 20
1834 1830 2 21 111 M 30
3975 1839 2 65 359 O 10
1839 1840 2 23 127 O 10
1840 1841 2 42 233 O 10
1841 1842 2 52 284 O 20
3989 1844 2 52 284 O 20
1844 1845 2 40 217 O 10
1845 1846 2 22 117 O 30
1846 1847 2 23 122 O 10
1848 1831 2 20 110 O 20
1831 1849 2 20 107 O 20
1849 1850 2 37 203 O 10
1850 1851 2 52 284 M 20
1851 3982 2 4 19 O 30
1852 1853 2 52 284 O 30
1853 1854 2 34 187 O 30
1854 1855 2 40 221 O 10
3129 1916 2 7 38 M 30
1916 3060 2 20 107 O 10
3060 1856 2 65 361 O 20
3957 2878 2 20 108 O 30
2878 2879 2 26 141 O 30
2879 2910 2 26 141 O 20
2910 2911 2 26 143 O 20
2911 1862 2 28 155 O 30
1862 3061 2 17 92 M 30
3061 5924 2 7 35 O 30
5924 4029 2 45 246 O 20
3001 4460 2 2 0 C 0
3004 1901 2 21 0 C 0
1901 1891 2 6 0 C 0
1891 1858 2 5 0 C 0
1858 5780 2 7 0 C 0
5780 3057 2 8 0 C 0
3057 879 2 15 0 C 0
879 1893 2 26 144 M 10
1893 3058 2 26 140 O 30
3058 3059 2 26 141 O 20
3059 3982 2 9 49 O 10
3982 1843 2 14 74 O 30
2500 2508 2 4 17 O 20
2508 1861 2 4 21 O 10
1861 5906 2 1 5 O 20
5906 4463 2 4 19 O 30
4463 5899 2 4 18 M 10
5899 1883 2 8 40 O 10
1883 3345 2 8 42 O 10
3345 1895 2 8 41 O 20
1895 1899 2 15 78 O 20
1899 3078 2 8 40 M 20
3078 3061 2 14 74 O 10
3061 1808 2 18 95 O 20
1862 1905 2 9 49 O 20
1905 1863 2 5 26 O 30
1863 1900 2 8 40 O 20
1900 2890 2 12 63 M 10
2890 3346 2 8 40 O 30
3346 2889 2 8 40 O 10
2889 3344 2 8 43 O 30
3344 2886 2 7 39 M 20
2886 3342 2 8 43 O 30
3342 3574 2 6 28 O 30
1865 2907 2 14 76 O 30
2907 2911 2 16 85 O 10
2911 2884 2 9 48 O 20
2884 1866 2 5 26 O 20
1866 2888 2 16 84 M 30
2888 3347 2 8 40 O 30
3347 2887 2 8 41 O 20
2887 5781 2 8 42 O 30
5781 2885 2 8 39 O 20
2885 3339 2 8 42 O 10
3339 5533 2 2 6 O 30
5533 4454 2 7 34 O 30
4454 4452 2 2 8 O 30
4452 3033 2 15 82 O 30
3033 3032 2 15 82 O 20
3032 1885 2 15 81 O 30
1885 1867 2 3 16 O 10
1868 3059 2 6 33 O 30
3059 2908 2 15 81 O 10
2908 2910 2 16 84 O 20
2910 1904 2 9 50 O 10
1904 1869 2 5 26 O 10
1869 1894 2 12 66 O 20
1894 3348 2 8 40 M 10
3348 2882 2 8 41 O 30
2882 5782 2 8 42 M 30
5782 2883 2 7 39 O 20
2883 3338 2 8 43 O 20
3338 4030 2 5 24 M 30
1857 694 2 9 50 O 20
694 3060 2 16 88 O 20
1871 1879 2 20 109 M 10
1879 1880 2 19 101 M 30
1856 1878 2 18 0 C 0
1878 1874 2 3 0 C 0
1874 1877 2 11 56 M 10
1877 1875 2 17 91 O 20
1875 1811 2 15 80 O 30
1873 1876 2 19 103 O 20
1876 1874 2 29 157 M 30
1880 1877 2 38 209 M 10
1879 1875 2 35 193 O 10
1875 1876 2 27 145 M 10
1882 1881 2 55 303 O 10
1881 1838 2 21 113 M 30
1881 2550 2 44 240 O 30
1882 2557 2 32 175 O 20
1884 2995 2 26 141 O 30
1885 4824 2 7 37 O 10
4824 4823 2 4 18 M 20
4823 2998 2 16 88 O 10
2998 2999 2 26 141 O 10
2999 2994 2 26 143 M 20
2994 1886 2 26 141 O 20
2504 1864 1 40 219 O 20
1864 3032 1 26 143 O 30
3033 3006 2 26 142 O 10
3006 1888 2 26 141 O 30
4469 1884 2 3 16 O 20
1884 5621 2 8 41 O 20
5621 2994 2 8 41 M 10
2994 5684 2 8 41 O 20
5684 3003 2 8 41 M 30
3003 1917 2 15 81 O 10
1917 3477 2 14 77 O 10
1892 1902 2 5 25 M 20
1902 2878 2 9 48 O 20
2878 3954 2 8 43 O 30
3954 2906 2 8 43 O 10
2906 1893 2 15 81 O 10
1894 2888 2 26 140 O 10
2888 2890 2 26 143 O 20
2890 1895 2 21 116 O 10
1898 2485 2 27 149 O 20
2485 1899 2 27 146 M 30
1899 1900 2 20 109 O 20
1900 563 2 14 74 O 10
1901 1902 2 25 133 M 10
1902 1903 2 26 141 O 30
1903 1904 2 26 142 O 10
1904 2884 2 26 142 O 10
2884 1905 2 28 154 O 10
1906 1907 2 16 88 O 20
1907 1908 2 18 97 O 30
1909 1910 2 35 191 O 10
1911 1912 2 16 84 O 10
1916 1915 2 38 209 O 30
1915 1914 2 32 173 O 10
1914 1913 2 52 284 O 30
3000 1917 2 26 141 O 10
1980 3124 2 8 43 O 20
3124 2982 2 8 44 O 20
2982 3465 2 8 43 O 30
3465 2983 2 8 43 O 10
2983 3458 2 8 43 M 20
3458 2986 2 8 44 O 30
2986 3448 2 8 43 O 20
3448 1964 2 8 44 M 10
1964 3452 2 8 42 M 30
3452 1635 2 9 45 O 30
1635 3438 2 8 42 O 10
3438 4004 2 9 49 M 10
4004 4003 2 2 10 O 20
4003 3432 2 9 47 O 30
3432 3021 2 8 44 M 30
3021 3387 2 8 43 O 30
3387 4155 2 7 36 O 10
4155 3022 2 5 26 O 20
3022 3370 2 8 44 M 30
3370 867 2 8 43 O 20
867 3377 2 8 43 O 20
3377 1918 2 8 43 O 20
1918 3383 2 8 43 O 10
3383 1941 2 8 44 M 10
1941 3366 2 8 43 O 30
3366 1919 2 8 42 O 20
1921 3367 2 8 43 O 10
3367 3031 2 8 42 M 10
3031 3382 2 9 44 M 10
3382 3030 2 8 43 M 30
3030 3376 2 8 43 O 30
3376 863 2 8 43 O 30
863 3369 2 8 44 O 20
3369 3028 2 8 44 O 10
3028 4154 2 5 24 O 20
4154 3386 2 7 38 M 20
3386 3029 2 8 43 O 30
3029 3433 2 8 44 O 10
3433 4002 2 9 48 O 10
4002 2991 2 2 9 O 20
2991 3437 2 9 48 O 30
3437 2992 2 8 43 O 20
2992 3453 2 8 44 O 10
3453 2993 2 8 43 O 30
2993 3447 2 8 43 O 30
3447 2980 2 8 43 M 30
2980 3457 2 9 44 O 30
3457 2979 2 8 43 O 20
2979 3464 2 8 44 O 20
3464 2978 2 8 42 O 30
2978 3125 2 8 44 M 10
2997 3425 2 8 43 O 20
3425 2996 2 8 43 O 30
2996 3456 2 8 43 O 10
3456 1993 2 9 45 O 10
1993 3455 2 8 43 M 30
3455 1922 2 8 44 O 30
1922 3454 2 8 42 O 30
3454 3042 2 8 44 O 10
3042 3436 2 8 44 O 30
3436 3043 2 9 48 O 20
3043 4010 2 2 8 O 20
4010 3434 2 9 48 O 20
3434 3044 2 8 44 O 30
3044 3428 2 8 44 O 20
3428 3045 2 10 52 O 30
3045 3374 2 10 52 O 20
3374 834 2 8 44 O 20
834 3375 2 8 42 O 20
3375 3046 2 8 44 M 20
3046 3381 2 8 43 O 10
3381 3047 2 8 43 O 20
3047 5530 2 8 39 O 10
5530 3368 2 1 4 O 20
3368 1923 2 8 43 O 10
1925 5740 2 10 51 O 10
5740 1926 2 9 47 M 20
1926 5732 2 8 44 O 10
5732 2941 2 15 81 O 10
2941 1927 2 27 146 O 10
1927 2014 2 9 50 O 30
2014 1963 2 10 54 O 10
1963 3393 2 8 43 O 10
3393 4474 2 9 44 O 30
4474 4475 2 8 43 O 20
4475 1928 2 9 47 O 30
1928 4011 2 2 10 O 20
4011 3999 2 9 48 O 20
3999 4381 2 8 43 O 10
4381 4380 2 8 43 O 10
4380 4377 2 10 53 O 30
4377 4379 2 10 52 O 10
4379 874 2 8 44 O 10
874 3416 2 8 43 O 10
3416 4378 2 8 43 O 20
4378 3353 2 9 45 O 20
3353 3069 2 8 42 O 20
3069 3357 2 8 43 M 30
3357 1920 2 9 46 O 20
1920 1954 2 16 85 O 10
1954 1929 2 16 85 O 10
1930 3054 2 10 51 M 20
3054 1953 2 9 48 M 20
1953 1931 2 26 141 O 10
1931 1944 2 29 156 M 10
1944 1929 2 28 153 M 10
1929 5701 2 33 178 O 10
5701 822 2 28 155 M 20
822 1932 2 17 90 O 30
1940 3047 2 45 246 O 10
3047 3031 2 35 191 O 20
3031 1941 2 43 239 O 10
1941 3023 2 18 98 O 10
3023 3026 2 30 162 O 20
3026 3012 2 26 144 O 20
3012 3014 2 33 183 O 20
3014 1942 2 33 183 M 30
1942 3027 2 27 145 O 30
3027 3055 2 28 154 O 20
3055 3069 2 28 155 O 30
3069 1955 2 12 64 O 30
1955 2958 2 16 87 O 20
2958 2957 2 29 156 O 30
2957 1943 2 26 144 O 30
1944 1638 2 8 42 O 30
1638 3039 2 8 44 O 20
3039 3418 2 8 42 O 20
3418 2959 2 8 43 O 30
2959 3355 2 9 45 O 10
3355 2958 2 8 42 O 30
2958 3354 2 9 45 O 20
3354 4375 2 8 43 M 20
1946 3815 2 22 117 O 10
3815 1962 2 3 15 O 30
1962 419 2 2 6 O 10
419 3396 2 8 42 O 10
3396 1947 2 8 44 O 10
1947 3397 2 10 51 O 30
3397 1952 2 11 59 O 30
1952 1951 2 18 95 O 30
1951 3423 2 35 193 M 20
3423 868 2 16 86 O 30
868 1945 2 2 6 O 10
1945 869 2 15 82 O 30
869 1628 2 17 92 O 20
1628 3054 2 32 174 O 20
1949 1948 2 19 101 M 10
1948 3990 2 29 156 O 10
3990 3991 2 1 5 O 30
4071 3398 2 9 49 O 10
3398 1960 2 8 42 M 10
1960 3399 2 8 42 O 30
3399 1959 2 10 53 O 10
1959 3400 2 10 52 O 10
3400 1957 2 9 46 O 20
1957 3422 2 8 44 O 20
3422 3037 2 8 43 O 10
3037 1646 2 8 43 O 10
1646 1943 2 8 43 M 30
1943 3036 2 16 87 O 10
3036 3417 2 8 43 O 20
3417 3038 2 9 45 O 30
3038 3420 2 8 43 O 30
3420 1953 2 8 42 O 30
3038 3040 2 26 142 M 10
3040 3039 2 29 156 M 20
3039 1954 2 28 153 O 20
1955 3356 2 8 43 M 10
3356 1956 2 8 44 O 10
4095 1957 2 26 143 M 20
1958 1959 2 26 143 O 10
1960 4093 2 26 143 O 20
1952 4071 2 2 10 O 30
4071 1961 2 27 147 O 30
1962 2946 2 14 76 M 10
2946 2952 2 28 154 O 30
2952 1963 2 28 155 O 10
1963 1984 2 28 153 O 30
1984 2944 2 28 154 O 20
2944 2975 2 27 145 O 30
2975 1997 2 15 79 O 30
1997 2973 2 19 103 M 10
2973 2972 2 33 183 O 30
2972 2988 2 27 145 O 10
2988 872 2 15 80 O 30
872 2987 2 15 79 O 20
2987 1964 2 18 99 O 20
1964 2993 2 44 240 O 20
2993 1922 2 35 192 M 10
1922 1965 2 47 257 O 20
1967 4022 1 15 81 O 20
4022 4020 1 16 85 M 30
4020 3043 1 16 86 O 10
3043 4162 1 18 97 M 10
4162 2991 1 18 95 O 30
2991 4151 1 16 84 O 10
4151 4150 1 15 78 O 30
4150 4004 1 14 77 M 20
4004 3015 1 18 99 O 30
3015 4149 1 15 81 O 20
4149 3016 1 15 80 O 30
3016 4148 1 13 71 O 10
4148 3008 1 14 74 O 30
3008 4473 1 17 92 M 30
4473 4147 1 7 34 O 20
4147 3056 1 11 56 O 30
3056 4477 1 16 86 M 30
4477 1968 1 18 96 O 30
1968 4479 1 13 70 O 30
4479 2947 1 14 75 O 30
2947 2950 1 28 154 O 20
2950 4481 1 15 78 O 20
4481 1928 1 14 76 O 20
4381 2949 2 28 154 M 30
2949 2948 2 28 154 O 10
2948 1969 2 27 146 M 30
4377 2954 2 28 154 O 20
2954 2953 2 28 155 O 30
2953 1970 2 27 146 O 30
1970 1971 2 10 53 O 20
1971 1976 2 37 201 O 20
1976 4153 2 35 192 O 10
4153 4160 2 6 29 O 20
4160 1998 2 34 185 O 20
1998 1971 2 37 203 O 30
4153 1978 1 10 53 O 30
1978 3020 1 27 145 O 10
3020 3019 1 29 160 O 10
3019 3022 1 18 99 O 30
3022 3028 1 44 239 O 30
3028 4159 1 15 79 O 20
1973 3044 2 46 252 M 20
3044 3029 2 35 192 M 10
3029 3021 2 44 240 M 20
3021 3018 2 18 99 O 20
3018 3017 2 29 160 O 20
3017 1974 2 26 144 O 20
1975 3362 2 8 43 M 30
3362 3014 2 8 43 O 30
3014 3349 2 8 44 O 10
3349 3013 2 8 42 O 20
3013 1976 2 10 54 O 10
1977 3363 2 8 43 O 10
3363 3012 2 8 44 O 20
1986 3359 2 8 44 O 10
3359 3027 2 8 43 M 10
3027 3351 2 8 43 O 30
3351 3009 2 8 43 O 10
3009 3414 2 8 44 O 10
3414 3010 2 8 43 O 30
3010 3412 2 8 43 O 10
3412 2953 2 10 53 O 10
2953 3410 2 10 52 O 20
3410 2948 2 8 44 O 20
2948 3408 2 8 44 O 30
3408 4006 2 9 47 O 30
4006 2947 2 2 9 O 30
2947 3405 2 9 48 O 20
3405 1633 2 8 43 M 10
1633 3391 2 8 44 M 10
3391 2944 2 8 43 O 10
2944 1642 2 8 44 O 30
1642 2945 2 8 43 O 20
2945 1643 2 8 44 O 10
1643 2942 2 8 43 M 20
2942 3472 2 8 43 O 10
3472 2943 2 8 44 O 20
2943 3440 2 8 43 O 10
3440 1987 2 8 43 O 10
1983 2011 2 7 33 O 30
2011 1988 2 18 99 O 30
1989 1990 2 9 49 O 20
1989 2964 2 21 114 O 20
2964 2962 2 23 128 O 10
1889 1993 2 47 258 M 20
1993 2980 2 35 192 O 20
2980 2986 2 43 238 M 30
2986 2985 2 18 99 O 20
2985 870 2 15 80 M 20
870 2971 2 15 80 O 20
2971 1994 2 27 144 O 20
1994 2970 2 33 183 O 20
2970 1995 2 19 103 O 30
1995 1996 2 15 80 O 30
1996 2945 2 27 145 M 30
2945 2013 2 30 163 O 30
2013 81 2 12 64 O 30
81 1927 2 14 76 O 10
1927 2018 2 30 164 O 10
2018 2937 2 7 37 M 30
1995 3445 2 8 42 O 10
3445 1997 2 9 45 O 20
1998 4008 2 11 60 O 30
4008 3056 2 2 9 O 10
3056 3404 2 9 48 M 10
3404 1634 2 8 44 M 30
1634 3390 2 8 43 O 30
3390 2973 2 8 44 O 20
2973 3444 2 8 43 O 20
3444 2970 2 8 43 O 30
2970 3462 2 8 44 M 30
3462 2969 2 8 43 O 20
2969 3470 2 8 44 M 10
3470 2963 2 8 42 O 20
2963 3128 2 8 43 O 10
3128 1999 2 8 43 O 20
1999 2008 2 7 38 O 30
2008 2962 2 15 82 O 30
2964 2000 2 16 84 O 10
2001 3126 2 8 44 O 20
3126 2966 2 8 44 O 20
2966 3467 2 8 42 O 20
3467 2965 2 8 43 O 20
2965 3460 2 8 43 O 10
3460 2971 2 9 44 O 10
2971 3442 2 8 43 M 10
3442 2988 2 8 44 O 10
2988 3451 2 8 43 O 10
3451 2989 2 8 43 M 10
2989 3402 2 8 43 O 20
3402 3016 2 9 49 O 20
3016 4001 2 2 9 O 30
4001 3430 2 9 48 O 30
3430 3017 2 8 43 O 10
3017 1640 2 8 43 O 30
1640 4157 2 7 38 O 10
4157 3020 2 5 26 M 10
3020 3372 2 8 43 M 30
3372 866 2 8 43 M 10
866 3379 2 8 43 O 10
3379 3025 2 8 44 M 10
3025 3385 2 8 43 O 30
3385 3026 2 9 44 O 10
3026 3364 2 8 43 O 30
3364 2002 2 8 43 O 30
2003 3365 2 8 42 M 30
3365 3023 2 8 44 O 20
3023 3384 2 8 44 M 20
3384 3024 2 8 43 O 30
3024 3378 2 8 44 O 10
3378 864 2 8 42 O 10
864 3371 2 8 44 O 30
3371 3019 2 8 42 O 20
3019 4156 2 5 27 M 30
4156 3388 2 7 37 O 10
3388 3018 2 8 42 O 30
3018 3431 2 8 44 O 30
3431 4009 2 9 47 O 10
4009 3015 2 2 10 O 10
3015 3401 2 9 48 O 20
3401 2990 2 8 43 O 10
2990 3450 2 8 44 O 10
3450 2987 2 8 43 M 30
2987 3449 2 8 43 O 10
3449 2985 2 8 43 M 10
2985 3459 2 8 44 O 10
3459 2984 2 8 43 O 30
2984 3466 2 8 43 O 30
3466 2981 2 8 43 O 20
2981 3123 2 8 44 M 30
3123 2004 2 8 42 O 20
2997 2978 2 35 192 O 10
2978 2982 2 43 239 M 20
2982 2981 2 18 98 O 20
2981 2966 2 29 160 O 30
2966 2967 2 27 145 O 10
2967 2963 2 33 183 O 30
2963 2976 2 33 183 O 10
2976 2943 2 27 145 O 10
2943 2005 2 28 153 M 20
2006 1933 2 31 169 M 20
2007 2938 2 33 181 O 30
2938 2008 2 31 172 O 30
1988 2009 2 23 128 O 20
1991 2011 2 23 127 O 10
2012 83 2 12 63 O 10
83 1926 2 12 66 O 20
1926 2937 2 34 187 M 20
1946 4087 2 1 5 O 30
4087 4487 2 11 59 O 20
4487 2016 2 16 85 O 30
2017 3394 2 8 43 M 20
3394 2952 2 8 43 O 10
2952 2016 2 15 81 O 20
2016 2018 2 10 51 O 10
2019 2020 2 77 426 O 20
2020 2021 2 7 34 M 10
2023 2028 2 17 90 O 30
2028 2027 2 17 90 O 10
2027 2026 2 15 79 O 20
2026 2024 2 36 198 O 20
3706 2027 2 16 85 O 10
2027 2022 2 22 121 O 20
2022 5453 2 7 39 O 20
5453 2021 2 5 25 O 10
2028 4069 2 17 91 O 20
2029 2835 2 75 415 M 30
2835 2077 2 26 141 O 10
2077 2030 2 70 385 O 30
2030 2031 2 20 106 O 30
2032 2031 2 34 187 O 30
2031 2033 2 8 41 O 20
2033 2036 2 24 131 O 30
2036 2034 2 26 142 O 10
2033 2035 2 18 95 M 20
2036 2074 2 14 76 O 20
2074 2083 2 25 138 O 30
2083 2037 2 43 238 O 10
2037 2038 2 65 356 O 10
2092 2090 2 13 68 O 20
2090 2099 2 14 75 O 30
2099 2082 2 9 46 O 10
2082 2097 2 6 33 M 10
2097 2038 2 13 71 O 10
2038 5347 2 9 49 O 10
5347 2085 2 11 58 O 30
2085 2094 2 16 87 O 20
4352 2052 2 61 0 C 0
2052 2043 2 36 0 C 0
2043 2061 2 32 0 C 0
2061 4111 2 16 0 C 0
2040 5020 2 17 0 C 0
5020 2049 2 22 0 C 0
2044 2067 2 3 0 C 0
2067 2065 2 17 0 C 0
2065 2069 2 13 0 C 0
2046 2057 2 13 67 M 20
2057 2056 2 6 29 O 30
2056 5497 2 4 18 M 30
5497 2045 2 10 0 C 0
2045 2047 2 17 0 C 0
2047 2048 2 58 0 C 0
2059 2049 2 53 0 C 0
2048 2050 2 2 0 C 0
2050 2043 2 18 0 C 0
2050 2062 2 20 0 C 0
2053 2055 2 48 0 C 0
2055 2051 2 20 109 O 20
2052 2053 2 18 0 C 0
2053 2054 2 46 0 C 0
2055 2054 2 30 166 O 30
2054 2063 2 17 91 O 10
2063 2056 2 17 92 M 30
2057 2064 2 40 221 M 30
2064 2070 2 11 60 O 20
2070 2068 2 17 92 M 10
2068 2066 2 17 91 O 20
2066 2058 2 18 97 O 30
2059 1670 2 29 0 C 0
1670 2071 2 27 0 C 0
2058 2060 2 13 69 O 30
3645 2104 2 6 33 M 10
2104 5492 2 4 18 O 10
5492 5495 2 6 32 O 10
5495 2100 2 8 44 O 30
2100 2102 2 18 95 O 20
2102 2060 2 50 277 O 30
2060 2073 2 18 99 O 10
2062 2063 2 69 0 C 0
5021 5496 2 10 53 O 10
5496 2064 2 9 45 M 10
2067 2068 2 43 0 C 0
2069 2070 2 20 106 M 10
2071 2072 2 27 0 C 0
2072 2073 2 27 148 M 20
2051 4355 2 12 64 O 20
2074 2080 2 17 94 O 10
2080 2030 2 17 93 O 30
2030 2078 2 17 91 O 30
2078 2075 2 17 90 O 20
2076 2079 2 23 127 O 20
2079 2077 2 36 198 M 30
2078 2079 2 57 316 O 20
2080 2081 2 83 459 O 20
2083 3691 2 35 190 O 10
2051 2034 2 21 111 O 30
2034 3691 2 48 266 O 30
3691 3686 2 11 59 O 10
3686 3065 2 54 296 O 20
3065 2084 2 3 16 O 20
2088 2095 2 24 130 O 20
2095 3053 2 22 120 O 20
3053 6140 2 13 72 O 10
6140 1637 2 33 180 O 10
1637 2091 2 18 98 O 10
2091 103 2 28 155 O 30
103 2089 2 8 39 O 10
2089 2023 2 4 19 O 10
2090 2093 2 27 150 O 30
2093 2091 2 25 138 O 20
2092 2093 2 41 226 O 30
2084 2094 2 38 206 O 30
2096 2097 2 23 127 O 20
2098 2099 2 29 156 O 20
2100 5023 2 66 363 O 20
5023 2101 2 65 358 O 20
2102 2107 2 70 386 O 10
2107 2103 2 62 340 O 30
2104 5494 2 6 28 M 30
5494 2105 2 57 314 M 10
2105 2106 2 68 378 O 30
2105 5023 2 17 89 O 20
5023 2107 2 17 93 O 10
2108 2109 2 3 16 O 30
2109 2115 2 17 89 O 10
2115 5751 2 12 62 O 10
5751 1982 2 6 29 M 10
1982 1983 2 15 78 M 30
2109 3035 2 58 320 M 10
2114 5742 2 51 279 O 10
5742 2115 2 18 97 O 30
2115 2116 2 16 85 O 20
2117 5753 2 10 0 C 0
5753 2118 2 8 0 C 0
2118 5752 2 11 0 C 0
5752 6252 2 34 185 O 30
6252 2116 2 8 40 O 10
2116 2118 2 12 61 O 10
2503 1897 2 2 8 O 10
2120 2141 2 23 127 M 10
2141 120 2 13 70 O 20
120 2119 2 2 8 O 30
2119 2137 2 37 201 M 10
2137 2121 2 37 201 O 30
2123 3034 1 36 198 O 10
3034 998 1 8 43 O 30
998 1000 1 21 116 O 30
1000 2899 1 8 42 O 20
2899 2122 1 43 233 O 30
2122 2488 1 9 47 M 10
2488 3859 1 8 42 O 20
3859 3858 1 3 14 M 30
1782 4986 2 8 41 O 30
4986 1787 2 16 88 M 20
1787 1785 2 15 79 O 20
1785 2869 2 21 117 O 10
2869 2868 2 14 78 O 30
2868 2867 2 14 77 O 20
2867 2866 2 14 78 O 20
2866 2865 2 14 75 O 30
2865 2851 2 14 77 O 20
2851 2850 2 14 77 O 10
2850 2849 2 14 76 O 10
2849 2858 2 14 77 O 20
2858 4885 2 10 53 O 10
4885 2857 2 5 23 M 10
2857 2856 2 15 78 O 10
2856 2855 2 14 76 M 10
2855 2853 2 15 79 M 20
2853 2852 2 14 77 O 10
4631 2509 1 3 11 O 20
2509 2896 1 35 190 O 30
2896 2901 1 36 200 O 30
2901 2126 1 37 204 O 30
2127 2482 2 2 10 O 20
2482 2895 2 22 119 O 20
2895 2894 2 36 200 O 10
2894 7 2 26 144 O 20
7 2510 2 9 45 O 20
2510 2128 2 2 10 O 30
2129 6259 1 11 60 M 10
6259 2893 1 26 139 M 10
2893 5548 1 9 47 O 10
5548 5552 1 3 15 O 30
5552 5551 1 3 15 O 30
5551 2511 1 21 113 O 20
2511 2130 1 2 9 O 10
2426 5541 1 11 59 O 20
5541 5550 1 11 60 O 20
5550 5542 1 3 12 O 10
5542 5553 1 1 5 O 20
5553 5549 1 3 15 M 20
5549 2892 1 9 46 O 30
2892 2132 1 24 129 O 20
2132 2483 1 4 22 M 20
2483 2131 1 2 10 O 10
2891 2134 1 14 77 O 20
2135 2129 1 8 42 O 10
2138 2904 2 38 209 O 20
2904 2903 2 37 201 M 10
2903 2139 2 14 77 M 20
2139 2140 2 24 129 M 20
2139 2141 2 14 78 O 10
2142 2905 2 39 215 O 10
2905 2902 2 37 201 O 30
2902 6222 2 30 162 O 20
6222 5561 2 5 22 M 20
5561 4043 2 1 4 M 10
2144 2136 2 41 226 O 20
2136 2898 2 37 201 O 10
2898 5560 2 33 178 O 30
5560 4039 2 4 19 O 10
4039 4041 2 2 6 O 10
2146 4048 2 24 131 O 20
4048 2175 2 11 58 M 20
2175 2149 2 17 89 O 20
2149 2168 2 9 45 O 10
1939 2547 2 2 7 O 30
2547 2167 2 39 212 O 10
2167 2147 2 4 20 O 20
2150 2151 2 19 105 O 20
2152 2153 2 17 93 O 20
2154 618 2 32 177 M 10
618 4721 2 12 65 M 10
4721 4719 2 25 133 O 10
4719 2155 2 24 133 M 10
2156 2157 2 15 80 M 30
2158 2160 2 20 109 O 30
2159 2162 2 59 325 O 20
2161 752 2 7 38 O 10
752 2164 2 11 59 O 20
2164 2156 2 12 61 O 10
2156 2152 2 12 61 O 20
2152 2150 2 11 60 O 10
2150 2158 2 11 61 O 10
2158 751 2 13 68 O 10
2163 2159 2 9 49 M 10
2159 2148 2 39 216 O 10
2165 3963 2 21 117 M 20
3963 2166 2 26 141 O 30
2167 995 1 27 149 O 30
995 2172 1 15 79 O 20
2172 2170 1 14 77 O 10
2170 748 1 12 64 O 30
2169 2170 2 13 70 M 30
2171 2172 2 10 54 O 20
2172 2173 2 13 69 O 30
2175 4604 2 59 327 O 20
4599 745 2 38 210 O 20
2176 4600 1 15 81 O 20
4600 4602 1 6 30 M 20
2178 5949 2 19 104 O 10
5949 3072 2 29 158 O 20
3072 106 2 81 448 O 30
106 2236 2 15 81 O 30
2236 2237 2 16 87 O 30
2237 2565 2 21 112 M 20
2565 2182 2 2 10 O 20
2182 2179 2 26 143 O 20
2185 2190 2 15 79 O 30
2190 2240 2 9 49 O 20
2240 2238 2 11 56 O 20
2238 2188 2 10 54 O 10
2188 5943 2 7 36 O 30
5943 2186 2 16 88 O 30
2186 2183 2 36 197 O 10
2184 2187 2 28 153 O 20
2187 2185 2 33 183 M 10
2186 2187 2 14 77 O 10
2188 2239 2 21 115 O 10
2239 2241 2 10 53 O 20
2241 2189 2 19 103 O 30
2189 2190 2 2 9 M 30
2191 2189 2 8 40 M 10
2192 2215 2 15 80 M 30
2215 2193 2 16 85 M 20
2193 2194 2 28 152 O 30
2196 2214 2 18 98 O 10
2214 2217 2 18 96 O 20
2217 2222 2 35 192 O 30
2222 2195 2 10 54 O 10
2195 2198 2 26 141 O 20
2198 5014 2 12 63 O 20
2199 2200 1 7 36 O 20
2203 2202 1 7 34 O 20
2205 4242 1 7 38 O 20
2209 2208 1 7 36 O 10
2211 2212 1 7 37 O 20
2214 2215 2 52 289 M 30
2193 2216 2 44 239 O 20
2216 2217 2 15 83 O 20
2216 2221 2 14 73 O 30
2221 2218 2 13 67 M 20
2218 2219 2 5 24 M 30
2219 2220 2 13 70 O 20
2219 2221 2 37 204 O 30
2218 2222 2 34 189 O 30
2223 2224 2 60 332 O 30
2224 2225 2 16 86 O 20
2224 3074 2 18 99 O 20
3074 3073 2 18 99 O 30
3073 3072 2 18 97 O 30
3072 3071 2 18 98 O 30
3071 3070 2 17 94 O 30
3070 2233 2 18 98 M 10
2233 4080 2 2 8 O 10
4080 2561 2 16 88 O 30
2561 2226 2 3 16 O 20
2178 2227 2 18 96 O 30
2227 2228 2 16 87 O 20
2227 3073 2 47 260 M 10
3073 2229 2 80 443 M 30
2230 3071 2 24 131 O 30
3071 2231 2 42 228 O 30
2232 3070 2 23 123 M 10
3070 2231 2 66 362 O 20
3861 3860 2 3 13 O 30
3860 3996 2 8 41 O 30
3996 746 2 1 5 O 10
746 5928 2 29 160 O 10
5928 1740 2 4 17 O 10
1740 1742 2 14 78 M 10
1742 1795 2 13 68 M 30
1795 1743 2 2 10 M 20
1743 1746 2 14 76 M 10
1746 1748 2 15 78 O 20
1748 1793 2 4 19 O 10
1793 1749 2 11 56 O 20
1749 1737 2 15 79 O 30
1737 4306 2 4 19 O 20
4306 1753 2 11 57 O 30
1753 72 2 1 3 O 30
72 1756 2 13 71 O 20
1756 1757 2 8 44 O 30
1757 1759 2 7 34 O 20
1759 1763 2 8 43 O 10
1763 1762 2 6 32 O 10
1762 1765 2 12 62 O 20
1765 1767 2 3 16 M 20
1767 2874 2 14 75 O 30
2874 2912 2 15 81 O 20
2912 1776 2 55 303 O 10
1776 1736 2 4 21 O 30
1736 4037 2 24 130 M 20
2234 2235 2 11 60 O 10
2235 2236 2 48 266 O 20
2235 2237 2 62 344 O 30
2238 2239 2 11 59 O 10
2240 2241 2 11 60 M 10
2242 2243 2 16 84 O 20
2246 6007 2 14 75 M 30
6007 2249 2 17 91 O 30
2249 6003 2 15 78 O 10
6003 2247 2 17 93 O 20
2248 6009 2 91 500 O 20
6009 2249 2 12 66 O 20
2250 2254 2 12 64 M 30
2254 2570 2 25 138 O 10
2252 2251 2 9 45 O 30
2251 2258 2 11 58 O 10
2258 5992 2 2 6 M 30
5992 5994 2 13 69 O 30
5994 2253 2 9 50 O 30
2254 2255 2 11 61 M 10
2255 2256 2 19 104 O 10
2255 2257 2 11 57 O 30
2257 2256 2 9 45 O 10
2256 2258 2 12 63 O 20
2259 1720 2 55 304 O 10
2261 2265 2 16 84 O 30
2264 2265 2 31 170 O 20
2267 2282 2 8 42 M 10
2282 5017 2 48 263 O 10
5017 5010 2 36 196 M 20
5010 3327 2 8 44 O 20
3327 116 2 11 58 O 20
116 3324 2 7 35 O 20
3324 4685 2 11 56 M 30
4685 5991 2 16 84 O 20
5991 1350 2 9 46 O 30
2268 2276 2 12 64 M 20
2276 2274 2 12 64 O 20
2274 2272 2 12 64 M 20
2272 2279 2 23 127 O 20
2279 5010 2 13 70 O 20
5010 2287 2 13 69 O 20
2287 2286 2 48 265 O 10
2286 2269 2 12 64 O 20
2270 2271 2 50 277 O 20
2272 1719 2 22 122 O 30
2274 2275 2 23 123 O 10
2276 2277 2 23 124 O 30
2276 2306 2 12 65 O 30
2306 2305 2 12 64 O 20
2305 5009 2 12 65 O 30
5009 2355 2 12 65 O 10
2355 2350 2 12 63 O 10
2350 2278 2 14 77 O 20
2279 2307 2 12 65 O 10
2307 2303 2 12 65 O 30
2303 5016 2 12 65 O 30
5016 2352 2 12 65 O 10
2352 2348 2 12 63 O 20
2348 2280 2 20 106 O 10
2281 2280 2 42 230 O 30
2280 2282 2 14 75 O 20
2282 2283 2 14 77 O 20
2283 2290 2 13 69 O 20
2290 2292 2 23 125 O 10
2292 4692 2 8 40 O 20
4692 4690 2 6 30 O 10
2284 2285 2 4 21 O 30
2285 2289 2 26 142 O 10
2289 5012 2 13 71 M 20
5012 2297 2 12 66 O 30
2297 2300 2 12 65 O 10
2300 2286 2 12 65 M 20
2287 2301 2 12 64 O 10
2301 2299 2 13 68 O 20
2299 5013 2 12 65 O 10
5013 2288 2 13 71 O 20
2288 2283 2 30 163 M 20
2288 2291 2 13 70 M 20
2291 2293 2 23 126 O 20
2293 2289 2 13 70 M 10
2290 2291 2 30 162 O 20
2292 2293 2 30 162 O 10
2294 5012 2 12 65 M 10
5012 5013 2 48 264 O 10
5013 5017 2 13 69 O 20
5017 5016 2 13 69 O 30
5016 5009 2 46 255 O 10
5009 2295 2 12 64 M 10
2296 2297 2 17 91 O 30
2298 2299 2 18 96 O 10
2300 2301 2 48 265 M 20
2302 2303 2 17 93 O 30
2304 2305 2 17 89 O 20
2306 2307 2 46 255 O 10
2308 2311 2 21 114 O 20
2311 2309 2 15 80 M 10
2310 2311 2 5 26 O 30
2315 2316 2 15 80 O 10
2316 2356 2 17 94 O 30
2356 2357 2 16 0 C 0
2357 5018 2 13 0 C 0
2316 5018 2 65 358 O 20
3539 674 2 32 174 O 20
674 692 2 27 148 M 20
692 6035 2 5 23 M 10
6035 4551 2 47 259 O 20
4551 2317 2 8 42 O 30
2317 690 2 16 88 O 10
690 6068 2 21 115 O 30
6068 6070 2 8 40 O 30
942 1447 1 10 0 C 0
1093 1094 2 10 0 C 0
1094 1095 2 8 0 C 0
1095 1096 2 11 0 C 0
1096 3504 2 7 0 C 0
3602 3601 2 15 0 C 0
3601 3604 2 15 0 C 0
3604 3605 2 15 0 C 0
3605 971 2 15 0 C 0
971 2339 2 12 0 C 0
2339 2340 2 21 0 C 0
2348 2354 2 12 63 M 30
2354 2349 2 24 131 M 10
2349 2350 2 12 62 O 30
2349 2351 2 8 42 O 10
2352 2355 2 46 255 M 20
2356 1718 2 11 59 O 20
1718 2357 2 9 49 O 30
5008 2415 2 11 60 M 20
2415 2358 2 13 67 M 30
2358 2361 2 17 93 O 10
2361 2359 2 32 176 O 30
2415 2406 2 20 109 O 10
2406 2403 2 16 89 O 10
2403 2404 2 16 86 O 10
2404 2416 2 27 148 O 30
2416 2360 2 13 67 M 10
2361 2414 2 13 68 O 20
2414 2408 2 9 46 O 10
2408 2410 2 8 41 O 30
2410 6012 2 2 10 O 10
6012 2393 2 53 289 O 30
2393 2387 2 37 203 O 20
2387 2383 2 17 91 O 20
2383 2375 2 20 107 O 10
2375 2381 2 16 88 O 30
2381 2363 2 11 56 M 10
2363 1703 2 31 170 O 20
1703 2364 2 43 238 O 20
2363 2365 2 9 45 M 30
2365 2366 2 21 114 O 20
2365 2367 2 14 74 O 20
2367 2368 2 65 360 O 30
2367 6045 2 12 64 O 10
6045 2370 2 69 378 M 20
2370 2368 2 6 30 O 30
2368 2372 2 11 58 O 20
2372 2364 2 8 43 O 10
2369 2370 2 9 47 M 30
2371 2372 2 7 37 M 30
2364 2378 2 18 96 M 20
2378 2373 2 50 275 M 30
2373 2374 2 65 358 O 10
2374 2375 2 50 273 O 20
2374 2380 2 16 84 O 20
2380 2376 2 16 88 O 10
2376 2379 2 19 105 O 10
2379 2377 2 31 169 O 30
2376 1702 2 48 262 M 30
1702 2377 2 29 156 O 10
2377 2378 2 16 86 M 20
2379 2373 2 16 87 M 30
2380 2381 2 50 275 O 20
2382 2383 2 81 448 O 10
2383 2384 2 38 209 O 30
2386 2384 1 9 49 M 10
2389 2388 2 37 204 O 10
2388 2391 2 96 531 O 20
2391 2387 2 14 75 O 10
2388 2394 2 26 139 M 10
2394 2390 2 28 151 O 30
2390 2391 2 17 89 O 20
2390 2392 2 24 130 O 30
2392 2394 2 25 136 O 20
2393 2362 2 15 82 M 20
2362 5019 2 12 67 O 20
5019 2395 2 37 205 O 20
2396 5019 2 37 204 O 10
5019 2400 2 44 242 O 10
2400 2399 2 20 108 O 30
2399 2397 2 14 77 O 10
2398 2395 2 36 199 O 20
2395 2399 2 9 45 O 20
2400 2877 2 36 200 O 30
2877 2359 2 17 93 O 10
2359 2407 2 16 86 O 20
2407 2401 2 20 106 O 20
2401 2402 2 16 84 O 10
2401 2403 2 35 191 O 30
2404 2402 2 20 110 O 30
2402 2405 2 16 87 O 20
2406 2407 2 50 277 O 30
2408 6017 2 5 23 O 30
6017 2877 2 38 209 O 30
2877 2409 2 16 88 O 20
2410 2389 2 16 87 O 30
2389 2411 2 23 123 O 30
2411 2415 2 20 109 O 10
2412 2413 2 8 44 M 30
2413 4290 2 2 11 O 20
4290 2412 2 5 26 O 10
2414 2358 2 26 143 O 10
2416 6019 2 6 33 O 20
6019 2418 2 18 97 O 30
2420 2423 1 41 225 O 30
2423 2419 1 6 30 O 30
2420 183 2 3 11 M 20
183 2421 2 52 286 M 30
2421 2422 2 17 94 O 30
2422 2423 2 2 10 O 30
2423 4678 2 25 137 O 20
4678 2420 2 48 261 O 20
940 62 2 15 0 C 0
3307 1305 1 29 0 C 0
1688 3513 2 10 0 C 0
2433 1678 1 4 0 C 0
1678 1674 1 18 0 C 0
17 18 1 19 0 C 0
18 1054 1 3 0 C 0
1054 3679 1 28 0 C 0
2693 2694 1 12 0 C 0
2694 3680 1 26 0 C 0
3296 2427 1 3 0 C 0
2705 2706 2 42 228 O 10
2706 5250 2 32 174 M 20
5250 852 2 76 418 O 10
852 2707 2 69 378 O 10
2707 4279 2 2 8 O 20
4279 3118 2 41 224 O 10
3118 2715 2 6 32 O 30
2715 2716 2 2 11 M 30
2705 2708 1 53 294 O 20
2708 4270 1 24 130 M 30
4270 2709 1 9 45 O 30
2709 2710 1 34 184 O 10
2706 5247 2 5 27 O 30
5247 2714 2 32 174 O 10
2714 5245 2 4 18 O 30
5245 5243 2 26 141 M 20
2721 4272 2 5 25 O 20
4272 3314 2 1 5 O 10
3314 2766 2 6 28 O 20
2766 4276 2 10 51 O 10
4276 3828 2 14 73 O 10
3828 3825 2 24 131 O 10
3825 150 2 13 70 M 20
150 192 2 11 59 O 10
192 853 2 4 22 M 10
853 4619 2 34 187 O 30
4619 2722 2 26 141 O 10
2723 5321 2 15 79 O 30
5321 2724 2 39 215 O 30
2724 5894 2 6 30 O 10
5894 5889 2 4 21 O 10
5889 5223 2 49 272 O 30
5223 5255 2 3 13 O 30
5255 662 2 14 75 M 20
656 3111 2 5 24 O 30
3111 5241 2 24 132 O 30
5241 1041 2 55 302 O 20
1041 1039 2 26 141 O 20
1350 4238 2 14 77 M 10
4238 2419 2 10 52 M 20
2419 4239 2 2 9 O 10
4239 2179 2 7 36 O 20
2179 2196 2 37 203 O 20
2196 4893 2 25 137 O 10
4893 2242 2 6 30 M 30
2242 2192 2 16 84 O 30
2192 5027 2 26 140 O 20
1508 5846 2 25 136 M 20
5846 5873 2 6 33 M 20
5873 4103 2 18 95 O 20
4103 5870 2 10 53 O 30
5870 2731 2 29 160 O 20
2732 2724 2 33 181 O 10
2738 4868 2 9 48 M 10
4868 1017 2 2 10 O 30
1017 2735 2 75 412 O 10
2735 2734 2 22 117 O 30
2539 5717 2 3 12 O 20
5717 2737 2 3 15 O 30
2737 5588 2 55 304 O 30
5588 4864 2 30 162 O 10
4864 2736 2 7 34 O 30
2737 2739 2 18 97 M 30
2739 4867 2 14 76 O 30
4867 4527 2 5 23 O 10
2739 2735 2 96 532 M 30
2740 4500 2 5 25 O 30
4500 4503 2 4 22 O 30
4503 4499 2 1 1 O 20
4499 1540 2 5 28 M 20
1540 1063 2 3 12 O 30
2743 3877 2 11 58 O 20
3877 2742 2 55 302 M 20
2742 1009 2 15 82 O 10
1009 2744 2 19 101 O 30
2748 2749 2 17 93 O 20
2749 2531 2 2 8 O 10
2540 2536 2 2 10 O 30
2536 5721 2 19 102 O 20
5721 5719 2 2 10 M 30
5719 2745 2 17 90 M 20
2745 6220 2 10 51 O 30
6220 2928 2 25 135 O 10
2928 2744 2 27 147 O 30
2744 1532 2 29 160 M 10
1532 2750 2 3 12 O 10
1574 2597 2 34 0 C 0
2597 15 2 98 541 O 20
15 4573 2 1 3 O 20
2752 1573 2 103 0 C 0
2761 2765 2 112 620 O 10
2765 2764 2 8 43 O 30
2764 2762 2 67 367 M 10
4277 591 2 29 158 O 10
591 586 2 7 35 M 30
586 584 2 4 17 O 20
584 589 2 5 26 O 10
589 595 2 31 172 O 30
595 594 2 62 342 O 10
594 596 2 6 33 M 20
596 2763 2 5 23 M 10
2763 4277 2 11 60 O 20
2766 3101 2 21 115 O 10
3101 3099 2 10 53 O 30
3099 2767 2 34 185 O 10
1688 1676 1 6 0 C 0
1235 4284 1 33 0 C 0
4284 3633 1 7 0 C 0
1226 1227 2 77 0 C 0
974 3284 1 9 0 C 0
3284 4696 1 4 0 C 0
4696 4697 1 2 0 C 0
4697 1082 1 4 0 C 0
1082 1081 1 10 0 C 0
2427 2428 1 14 0 C 0
2428 3306 1 24 0 C 0
1835 3048 2 14 73 O 20
3048 1836 2 10 55 O 20
2748 2747 2 41 224 O 10
2747 5487 2 49 272 O 30
5487 3202 2 3 16 O 10
3202 4956 2 19 104 M 20
4956 4961 2 12 67 O 30
4961 3203 2 19 105 O 30
3203 2743 2 12 62 O 10
2743 4965 2 16 86 O 30
4965 1531 2 15 79 O 10
1531 1535 2 2 10 O 10
1535 4982 2 6 30 O 30
4982 2921 2 11 60 O 30
2921 4978 2 2 11 M 10
4978 2922 2 20 110 O 10
2922 2923 2 12 64 M 20
3519 2925 2 30 164 M 10
2925 4871 2 7 37 O 10
4871 2926 2 6 31 O 20
2921 2927 1 71 393 M 20
2923 2925 2 41 226 O 20
2925 2919 2 30 165 O 30
2919 2931 2 7 36 O 10
29 4426 1 1 0 C 0
2748 1008 2 74 406 O 20
1008 4506 2 10 50 M 10
4506 2745 2 13 71 O 20
2745 5723 2 18 100 O 10
5723 2746 2 20 0 C 0
3011 3380 2 8 44 O 10
3380 865 2 8 41 M 10
865 3373 2 9 46 M 20
3373 1978 2 8 41 O 30
1978 4158 2 6 28 O 30
4158 1639 2 7 36 O 10
1639 1974 2 8 43 O 20
1974 3429 2 8 43 O 20
3429 4000 2 9 49 O 30
4000 3008 2 2 10 O 10
3008 3403 2 9 48 O 20
3403 2974 2 8 42 O 20
2974 3389 2 8 44 O 10
3389 2972 2 8 43 O 30
2972 3443 2 8 44 O 30
3443 1994 2 8 43 O 20
1994 3461 2 8 44 M 10
3461 2968 2 8 42 O 30
2968 3469 2 8 44 M 10
3469 2967 2 8 43 O 30
2967 3127 2 8 43 O 20
3127 1979 2 8 42 O 30
3971 1750 2 4 21 O 20
1750 1747 2 14 77 O 10
1747 1745 2 14 77 O 20
1745 1744 2 14 75 O 20
1744 1818 2 3 14 O 10
1818 1741 2 12 64 M 10
1741 1739 2 15 78 O 10
1739 3961 2 2 8 O 10
3961 3964 2 26 141 M 30
3964 1810 2 28 151 M 20
3048 3049 2 15 83 O 10
2552 3049 2 27 146 O 10
3049 2551 2 23 122 O 30
3052 2112 2 6 31 O 20
2112 2113 2 37 205 O 20
3063 3062 1 12 0 C 0
2228 3938 2 19 102 O 10
3938 3074 2 31 169 O 10
3074 2229 2 54 296 O 10
3066 3065 2 17 91 O 30
1421 1422 1 113 624 O 10
2931 3528 2 31 0 C 0
4257 1200 2 3 0 C 0
1200 3603 2 10 0 C 0
3603 4258 2 2 0 C 0
4258 4244 2 2 0 C 0
4244 1203 2 2 0 C 0
1203 1192 2 15 0 C 0
1192 1323 2 28 0 C 0
1323 2580 2 16 0 C 0
3151 3152 2 13 71 O 10
3152 3147 2 15 79 O 30
3147 3153 2 15 80 O 20
3153 3154 2 15 80 O 10
3154 3155 2 15 79 M 10
3155 3156 2 10 52 O 20
3260 6235 2 13 68 M 10
6235 3245 2 16 89 M 20
3245 3161 2 48 266 M 20
3142 3165 1 23 127 O 10
3165 3164 1 26 141 O 20
3244 3245 1 14 75 O 10
3245 6243 1 11 57 M 20
6243 3256 1 26 140 M 10
3256 3249 1 11 60 O 10
3249 3187 1 25 136 M 10
3187 4129 1 23 126 O 30
4129 4128 1 2 6 O 30
4128 3169 1 10 54 O 10
3169 3168 1 17 92 O 30
3168 3193 1 9 45 O 30
3193 3167 1 3 16 O 10
3154 3143 1 20 111 O 20
3143 3170 1 23 127 O 20
3170 3171 1 26 141 M 20
3171 3169 1 49 269 O 10
3168 3172 1 41 226 O 20
3172 3173 1 26 142 O 30
3173 3144 1 23 126 M 20
3144 3153 1 20 110 M 20
3174 3175 2 16 84 M 30
3175 3164 2 15 80 O 20
3164 3171 2 15 80 O 20
3171 3172 2 15 80 O 20
3172 3149 2 15 81 O 20
3149 1518 2 14 75 O 10
3163 4431 2 18 99 M 10
4431 3176 2 2 8 O 20
3176 4146 2 11 56 M 10
3197 3148 2 15 79 M 20
3148 3173 2 15 81 M 20
3173 3170 2 15 78 O 30
3170 3165 2 15 83 O 10
3165 3190 2 15 82 O 30
3190 3159 2 13 72 O 20
3140 2918 1 20 109 O 10
2918 3178 1 30 162 O 20
3178 3179 1 22 118 O 20
3179 3191 1 23 125 O 10
3176 3180 2 63 348 O 10
3244 633 2 15 79 M 10
633 1087 2 36 197 O 10
3181 3182 2 18 97 O 20
3183 3179 2 15 80 O 30
3179 3184 2 17 92 O 30
3185 3183 2 13 71 O 20
3183 3186 2 26 142 M 20
3187 3188 1 21 115 M 30
1517 3146 1 12 65 O 10
3147 3145 2 20 109 M 10
3145 3148 2 23 125 O 10
3148 3149 2 26 144 O 30
3194 3195 2 33 182 O 20
3196 3140 2 17 89 O 20
3160 2922 2 82 453 O 10
3160 4465 1 35 189 M 10
4465 4140 1 10 53 O 10
4140 3155 1 14 75 O 10
3155 3142 1 20 111 O 10
3141 3196 1 8 41 O 30
3196 3156 1 16 84 O 30
3156 2916 1 16 84 M 30
2916 2917 1 5 24 O 20
3142 3143 2 15 81 O 10
3143 3144 2 15 80 O 20
3144 3145 2 15 79 M 10
3145 3146 2 15 79 O 10
3146 2575 2 6 28 O 20
29 30 2 9 0 C 0
2580 2579 2 14 0 C 0
2579 5424 2 13 0 C 0
5424 982 2 144 797 O 30
982 990 2 53 293 O 20
990 5046 2 7 38 M 20
3138 3195 2 6 31 O 10
3195 3180 2 5 26 O 20
3180 4145 2 2 8 O 30
3141 3142 2 20 107 O 30
3149 3193 2 42 229 O 30
3202 4423 2 13 71 O 20
4423 4957 2 38 211 O 20
4957 4960 2 12 66 O 10
4960 5404 2 16 84 M 10
5404 4424 2 2 9 O 30
4424 5489 2 14 73 O 20
5489 3203 2 22 120 O 10
3204 347 2 48 262 O 30
347 3205 2 13 67 M 10
3205 4650 2 6 30 O 10
4650 3206 2 161 893 M 30
3204 4207 2 9 45 O 30
4207 5479 2 4 18 O 10
5479 3207 2 16 85 O 30
3207 4196 2 2 8 O 20
3210 4191 2 44 240 O 30
3210 3211 2 29 160 O 20
3211 2543 2 21 112 O 30
2543 3212 2 10 55 O 20
4188 3213 2 2 10 M 30
3213 3214 2 26 144 O 20
3214 3212 2 22 117 O 30
3215 4516 2 29 160 O 10
4516 4515 2 25 137 O 30
4515 3214 2 21 115 O 10
3211 3216 1 52 285 O 20
2533 3217 2 9 47 O 10
3217 3218 2 7 38 O 20
3218 3219 2 35 190 O 10
3219 3220 2 10 54 O 30
3220 3221 2 13 71 O 30
3221 6208 2 34 187 O 30
3217 4519 2 28 152 O 30
4519 4520 2 14 73 O 30
4520 3222 2 19 105 M 10
3222 3223 2 21 115 O 30
3223 3220 2 9 46 O 10
3223 3221 2 20 109 M 20
687 4540 2 34 186 O 30
4540 2537 2 44 243 O 20
1086 4397 2 2 6 O 10
4397 1087 2 6 29 O 30
3226 3227 1 19 101 O 30
3227 3280 1 69 379 O 10
1087 3161 2 14 75 M 10
3161 3182 2 14 77 O 20
3182 3255 2 37 202 O 30
3255 3191 2 15 81 O 30
3191 3157 2 6 30 M 10
3278 3279 2 3 12 M 20
3279 3229 2 9 47 O 30
3229 3230 2 9 46 O 20
3230 6264 2 14 74 O 20
6264 5336 2 37 205 O 20
5336 5334 2 5 23 O 30
5334 1522 2 8 39 O 20
1522 1523 2 3 12 O 10
3230 3231 2 9 48 M 10
3231 3232 2 54 296 O 10
3231 3229 1 7 38 O 20
3239 3233 2 15 78 O 20
3233 3240 2 15 78 M 10
3240 3771 2 10 52 M 20
3189 3175 2 24 132 O 10
3175 3190 2 26 141 M 30
3161 3162 2 40 220 O 20
3248 2577 1 20 109 O 20
3249 3250 2 36 199 O 20
3250 1526 2 3 12 O 10
4404 3251 2 20 107 M 10
3251 3805 2 52 287 O 30
3252 3251 2 76 419 O 30
1089 3188 1 19 105 O 20
3188 3253 1 40 218 O 10
3254 3247 1 41 227 O 10
3255 3254 1 14 75 M 30
3254 3253 1 11 59 M 30
3253 3256 1 19 105 O 20
3256 2572 1 38 209 O 10
3257 3187 1 28 154 O 30
3258 3259 1 13 68 O 10
1946 6266 2 8 44 O 20
6266 2946 2 8 42 O 10
2946 3395 2 8 43 O 30
3395 4059 2 8 44 O 10
4059 4088 2 8 43 O 20
4088 1961 2 10 54 O 30
1961 4089 2 10 51 O 30
4089 4093 2 8 44 O 20
4093 4090 2 8 43 O 10
4090 1958 2 10 53 M 10
1958 4092 2 10 52 O 10
4092 4095 2 8 44 O 10
4095 4091 2 8 43 O 20
4091 4094 2 8 44 M 20
4094 1647 2 8 43 O 30
1647 2957 2 8 43 M 30
2957 3993 2 6 31 O 20
3993 3994 2 3 14 M 10
1524 3259 1 8 43 M 20
3259 3242 1 16 87 O 30
3242 1018 1 15 78 O 20
1018 1523 1 13 69 O 30
1523 5343 1 6 30 O 20
5343 1629 1 10 52 M 20
1629 5338 1 7 39 O 30
5338 2088 1 14 74 O 30
2088 1431 1 11 58 O 10
1431 1426 1 39 211 O 30
471 298 1 9 50 O 30
298 297 1 11 60 M 30
297 1526 1 9 45 M 30
1526 4404 1 24 131 M 20
4404 3248 1 1 3 O 20
3248 1525 1 11 60 O 30
1525 1524 1 4 17 O 10
475 4787 1 9 48 O 10
4787 4783 1 18 100 O 10
4783 3167 1 32 176 M 10
3167 1518 1 42 228 O 30
1518 3197 1 27 145 O 20
3197 1517 1 11 60 O 20
1517 2575 1 13 68 O 20
2575 3151 1 17 91 O 30
3151 1533 1 23 125 O 30
1515 5329 1 5 22 O 10
5329 2572 1 6 31 O 10
2572 3250 1 25 135 M 30
3250 1520 1 18 100 O 20
4391 1090 1 10 55 O 20
3275 3189 1 11 61 O 30
3189 3281 1 3 16 O 20
2935 1227 2 11 0 C 0
1229 3628 2 12 0 C 0
3628 1224 2 9 0 C 0
1228 3629 2 8 0 C 0
3629 3630 2 8 0 C 0
3630 1231 2 8 0 C 0
1231 3627 2 8 0 C 0
3627 3624 2 7 0 C 0
3624 1230 2 9 0 C 0
1086 3279 1 21 112 M 30
3279 4401 1 6 30 O 10
4401 4400 1 12 65 O 30
4400 1619 1 129 711 O 10
4257 3601 1 11 0 C 0
3602 4245 1 5 0 C 0
4989 4988 2 7 0 C 0
4988 1181 2 2 0 C 0
1181 1182 2 15 0 C 0
1182 1183 2 15 0 C 0
1183 1184 2 15 0 C 0
1184 1185 2 15 0 C 0
1185 1180 2 15 0 C 0
1180 1179 2 15 0 C 0
1179 1188 2 15 0 C 0
1188 1190 2 15 0 C 0
1190 1189 2 18 0 C 0
1189 5371 2 1 0 C 0
5371 5370 2 9 0 C 0
5370 4166 2 6 0 C 0
4166 1306 2 13 0 C 0
1306 1433 2 10 0 C 0
1433 5369 2 3 0 C 0
5369 5367 2 5 0 C 0
5367 5366 2 2 0 C 0
5366 3997 2 4 0 C 0
3997 1324 2 7 0 C 0
1324 6231 2 10 0 C 0
6231 5368 2 9 0 C 0
5368 1434 2 12 0 C 0
1434 5365 2 3 0 C 0
5365 1186 2 4 0 C 0
2325 2326 2 27 0 C 0
2326 5314 2 6 0 C 0
5314 3868 2 12 0 C 0
1582 1581 1 14 0 C 0
3622 2332 1 34 0 C 0
2332 3246 1 2 0 C 0
3246 1582 1 13 0 C 0
132 3668 1 4 0 C 0
3668 128 1 83 0 C 0
3633 3634 1 13 0 C 0
1305 3635 1 17 0 C 0
1053 3102 2 59 0 C 0
3102 1223 2 12 0 C 0
1223 3636 2 19 0 C 0
3636 3637 2 22 0 C 0
3637 6101 2 8 0 C 0
6101 3638 2 8 0 C 0
3638 2621 2 8 0 C 0
1212 972 2 15 0 C 0
972 1217 2 7 0 C 0
1217 1218 2 21 0 C 0
3480 2795 1 1 0 C 0
2795 2798 1 3 0 C 0
2798 2796 1 3 0 C 0
4365 4364 2 4 0 C 0
4364 4363 2 5 0 C 0
3693 2797 1 1 0 C 0
2797 3702 1 15 0 C 0
3703 3741 1 10 0 C 0
3741 4365 1 14 0 C 0
2085 6143 2 14 75 O 20
6143 6141 2 3 14 M 20
6141 6139 2 3 16 O 10
6139 6137 2 3 16 M 10
6137 3053 2 3 13 O 30
3053 2086 2 21 113 O 30
2086 1021 2 15 81 O 20
1021 1027 2 13 70 O 20
3706 390 2 16 83 M 30
390 5613 2 1 4 O 20
5613 3784 2 3 14 O 10
3784 3705 2 35 190 O 30
1624 5617 2 8 40 O 20
5617 3707 2 6 32 O 20
1364 1357 2 128 0 C 0
1362 1363 2 7 0 C 0
3743 3744 2 15 0 C 0
3749 3742 1 38 0 C 0
3742 3750 1 38 0 C 0
3750 3751 1 38 0 C 0
3751 3752 1 39 214 O 20
3753 3754 2 12 0 C 0
3754 3750 2 15 0 C 0
3756 3757 2 12 63 O 10
3757 3752 2 15 78 O 10
3752 3748 2 15 81 O 30
3748 3237 2 15 78 M 20
3236 3747 2 15 0 C 0
3747 3751 2 15 0 C 0
3751 3758 2 15 0 C 0
3758 3759 2 12 0 C 0
3233 3234 1 37 204 O 10
3757 3758 1 39 213 O 30
3763 3228 1 177 0 C 0
3756 4368 2 1 2 O 20
4368 3759 2 38 207 O 20
3759 3753 2 38 0 C 0
3768 3763 1 7 0 C 0
3745 3760 1 31 0 C 0
3770 3241 2 7 35 O 10
3241 3234 2 14 78 O 20
3234 3238 2 15 80 O 30
3755 3761 2 12 0 C 0
3761 3749 2 15 0 C 0
3749 3745 2 15 0 C 0
3745 3762 2 15 0 C 0
3240 3241 2 37 202 O 10
3771 3770 2 36 198 O 10
3762 87 1 25 0 C 0
87 86 1 7 0 C 0
86 88 1 4 0 C 0
88 3744 1 4 0 C 0
3744 89 1 2 0 C 0
89 3235 1 36 0 C 0
3235 3236 1 37 0 C 0
3236 3237 1 39 0 C 0
3237 3238 1 17 93 O 30
3238 3239 1 37 204 O 10
3239 3232 1 17 90 O 30
4173 1337 2 10 52 O 20
1337 1327 2 17 92 O 20
1683 1682 2 4 0 C 0
1682 1681 2 45 0 C 0
1681 5328 2 3 0 C 0
5328 4184 2 17 0 C 0
4184 5372 2 13 0 C 0
5372 4707 2 10 52 O 30
3783 3766 1 143 0 C 0
3765 3783 1 16 0 C 0
1293 1282 1 15 0 C 0
3871 1721 1 18 0 C 0
3872 3873 2 15 0 C 0
3873 3874 2 15 0 C 0
3874 3870 2 15 0 C 0
4361 3943 1 17 0 C 0
3943 1685 1 11 0 C 0
968 99 2 16 0 C 0
99 975 2 72 0 C 0
1108 1700 2 2 0 C 0
1700 1035 2 19 0 C 0
1035 3556 2 18 0 C 0
3556 4667 2 9 0 C 0
4667 4666 2 3 0 C 0
4666 4237 2 28 0 C 0
4237 1699 2 6 0 C 0
1699 3290 2 12 0 C 0
3290 4211 2 11 0 C 0
4211 4918 2 9 0 C 0
4918 2659 2 1 0 C 0
1112 4665 2 15 0 C 0
4665 1108 2 5 0 C 0
1178 1177 1 6 0 C 0
4674 4675 2 3 12 M 20
4673 5286 2 54 299 O 30
5286 4710 2 4 19 O 30
4711 5443 1 58 320 O 10
5443 4414 1 45 247 O 20
4414 5442 1 5 24 O 20
5442 4712 1 15 80 O 10
4709 4672 2 57 315 O 30
4708 1713 1 21 116 O 10
4990 969 2 3 0 C 0
4987 4990 2 6 0 C 0
1096 3620 2 19 0 C 0
4659 4657 1 25 135 O 10
4657 1048 1 14 73 O 10
1048 1607 1 20 106 O 10
1250 1353 1 31 169 O 10
1353 2386 1 58 321 M 10
2386 5011 1 7 33 M 30
5011 5136 1 162 897 O 10
3536 3532 1 7 37 O 10
3532 3541 1 5 24 O 30
610 3546 1 2 11 O 30
3546 1153 1 48 262 O 10
1153 1347 1 24 129 M 10
1347 606 1 44 243 O 10
1860 1890 2 26 141 O 20
1890 2880 2 26 142 M 10
2880 2883 2 26 143 O 30
2883 2885 2 26 141 O 30
2885 2886 2 26 141 O 10
2886 5926 2 10 54 O 20
5926 5901 2 8 40 O 30
5901 1861 2 9 46 O 10
3764 3765 1 56 0 C 0
5024 1421 1 9 50 O 30
1411 1412 1 9 49 O 10
5022 1405 1 10 54 O 30
1429 1413 1 24 128 O 10
1428 1429 1 8 41 M 10
1406 1420 1 10 55 O 20
1420 5022 1 15 81 O 10
5025 1411 1 26 139 M 20
1407 1406 1 8 44 M 30
1464 1463 1 10 0 C 0
1463 1289 1 39 0 C 0
1339 1377 2 8 0 C 0
1377 1376 2 2 0 C 0
1376 1340 2 75 0 C 0
5027 2180 2 20 110 O 10
4265 3113 1 4 20 O 10
3113 4259 1 9 47 O 30
5029 1569 2 2 0 C 0
5028 5029 2 11 0 C 0
5030 125 1 52 0 C 0
125 1568 1 52 0 C 0
1318 1310 1 16 86 O 20
1316 1315 1 11 61 O 30
1317 1318 1 16 86 O 30
1316 5033 1 6 33 O 10
5033 5034 1 5 24 O 30
4676 5031 1 12 66 O 30
5031 1317 1 8 44 O 20
4715 1196 1 12 0 C 0
1384 1316 1 54 298 O 30
5041 1385 1 201 0 C 0
1385 1381 1 11 0 C 0
1314 1321 1 32 0 C 0
1485 1312 1 23 0 C 0
5039 1384 1 9 48 M 10
1382 5041 1 9 0 C 0
1313 1314 1 21 116 O 20
5040 1308 1 8 0 C 0
2347 1320 1 97 535 O 20
1398 1399 1 130 722 M 30
2346 2347 1 25 138 O 10
5042 1398 1 21 116 O 10
1391 2346 1 128 706 M 30
1399 5044 1 17 92 O 30
5044 1423 1 50 274 O 30
1423 1410 1 101 558 O 10
5043 1391 1 17 93 O 20
5038 1311 1 42 228 O 10
1312 5038 1 46 0 C 0
1392 5045 1 62 341 M 10
5050 5048 1 25 137 M 30
5045 1393 1 3 0 C 0
1393 1486 1 76 0 C 0
1486 5053 1 44 0 C 0
5049 5052 1 87 0 C 0
5051 1484 1 21 0 C 0
1491 5050 1 23 0 C 0
1397 5042 1 97 538 O 10
5047 5051 1 18 0 C 0
1400 5054 1 32 0 C 0
3517 5056 1 7 0 C 0
1477 1480 1 61 0 C 0
5052 1321 1 86 0 C 0
1321 5039 1 16 0 C 0
5056 5060 1 10 0 C 0
1482 5058 1 22 0 C 0
1481 1482 1 6 0 C 0
1270 1246 1 6 0 C 0
1246 944 1 12 0 C 0
944 42 1 15 0 C 0
1410 5025 1 11 59 O 30
2933 1532 1 35 189 O 20
1532 6135 1 14 76 M 20
6135 6133 1 6 33 O 20
6133 5713 1 27 146 O 30
5713 1531 1 38 207 O 10
1531 4969 1 34 184 O 10
4969 1530 1 35 189 O 30
1693 2827 1 3 0 C 0
1405 1390 1 89 491 O 20
5062 1474 1 22 0 C 0
1474 1475 1 54 0 C 0
1476 941 1 56 0 C 0
5070 2759 2 28 0 C 0
2759 4528 2 3 13 O 20
2343 5069 1 13 0 C 0
1599 5064 2 8 40 O 10
5064 1600 2 20 106 O 30
5069 1476 1 14 0 C 0
5064 5067 2 20 106 O 10
2542 2545 1 4 0 C 0
2545 5062 1 3 0 C 0
1480 1400 1 35 0 C 0
3520 3 2 4 20 O 20
3 3530 2 2 8 O 10
3530 2930 2 13 70 O 10
1691 4834 1 10 0 C 0
5080 1106 1 34 0 C 0
5081 1380 1 2 0 C 0
5082 1372 1 2 0 C 0
1372 1466 1 45 0 C 0
1466 5083 1 2 0 C 0
1383 1473 1 26 0 C 0
1371 1104 1 59 0 C 0
5083 5081 1 17 0 C 0
1468 1469 1 52 287 O 20
1103 1107 1 18 0 C 0
1461 1165 1 46 253 O 20
1167 1166 1 11 56 O 10
1166 1105 1 47 256 O 30
1462 5089 1 31 171 O 20
5089 5084 1 18 0 C 0
5084 1465 1 3 0 C 0
1465 5086 1 11 0 C 0
5086 5088 1 11 0 C 0
5091 1167 1 11 59 O 10
1456 1457 1 13 71 O 10
1165 5091 1 13 71 O 30
1457 5118 1 73 0 C 0
5090 1462 1 13 71 M 30
5092 5085 1 39 212 M 30
5085 4235 1 4 21 M 30
4235 1139 1 15 78 O 20
1139 4923 1 8 40 O 20
4923 4920 1 14 76 O 30
4920 1140 1 7 34 O 10
1138 5092 1 19 102 O 30
1140 5093 1 6 29 O 30
1163 1164 1 6 29 O 10
5093 3802 1 84 463 O 20
3802 5683 1 22 119 O 10
5683 1141 1 8 44 O 30
1141 1252 1 12 65 M 10
1164 1458 1 27 149 M 30
1458 5087 1 13 71 M 20
5087 1456 1 48 262 O 10
1288 1287 1 9 0 C 0
1447 2325 2 34 0 C 0
954 948 1 11 0 C 0
2320 1102 1 18 0 C 0
5095 5098 1 146 0 C 0
948 942 1 16 0 C 0
2323 2324 2 16 0 C 0
5101 181 1 59 0 C 0
4889 3288 1 20 0 C 0
5100 3946 1 5 0 C 0
3946 5102 1 18 0 C 0
5102 3947 1 14 0 C 0
180 3289 1 6 0 C 0
3289 3945 1 24 0 C 0
3945 5100 1 4 0 C 0
5113 2670 2 42 231 O 10
2670 5110 2 37 0 C 0
5110 4061 2 34 0 C 0
4061 2672 2 1 0 C 0
2672 2673 2 2 0 C 0
5107 5113 2 37 201 O 30
5113 5105 2 39 211 O 20
4063 169 2 2 7 O 30
169 5112 2 18 96 O 30
5112 176 2 29 160 M 20
176 5107 2 34 184 O 30
5106 5111 1 49 0 C 0
5115 4122 1 2 0 C 0
4122 4344 1 18 0 C 0
4344 5116 1 20 0 C 0
5116 4340 2 4 0 C 0
4340 161 2 5 0 C 0
161 162 2 18 0 C 0
162 5114 2 33 0 C 0
5114 4345 2 11 57 O 10
4345 163 2 2 7 O 10
5118 4492 1 19 0 C 0
4492 1464 1 22 0 C 0
4319 4334 1 12 63 M 30
3558 5129 1 53 294 O 10
5122 5124 1 4 0 C 0
5120 1566 2 31 0 C 0
1566 1567 2 6 0 C 0
5124 5121 1 12 0 C 0
3563 5128 1 6 29 O 20
5121 5127 1 3 0 C 0
5127 837 1 11 0 C 0
5119 2718 2 21 113 O 20
2718 2717 2 32 173 M 30
2717 4281 2 6 29 O 30
4281 3315 2 19 102 O 10
3315 2721 2 6 30 M 20
2721 3313 2 5 23 O 20
3313 2716 2 16 84 M 20
2719 2720 2 43 235 O 30
2720 207 2 4 20 O 10
207 4315 2 2 9 M 10
4315 4595 2 2 10 O 10
4595 4768 2 41 224 M 30
4768 4577 2 28 151 O 20
4577 3080 2 41 225 O 10
3080 1572 2 5 23 M 20
5131 5132 1 7 36 O 30
5133 2385 1 162 900 O 30
2385 1354 1 63 349 M 10
1354 6047 1 4 21 O 10
6047 3549 1 21 114 O 20
5135 5133 1 7 35 M 30
5136 5134 1 7 35 O 20
5134 1609 1 7 36 O 10
5053 1394 1 15 0 C 0
1394 1395 1 162 0 C 0
1395 1080 1 97 0 C 0
1079 1396 1 96 0 C 0
1396 1546 1 178 0 C 0
1263 959 1 15 0 C 0
3704 2039 2 38 210 O 10
465 1123 2 13 0 C 0
1123 1124 2 9 0 C 0
3068 4395 1 2 8 M 20
4395 3803 1 58 319 O 10
3803 2578 1 18 98 O 10
2578 3258 1 59 326 O 10
3258 1524 1 10 52 O 20
1524 3277 1 3 13 O 20
3068 5455 1 9 45 O 20
5455 467 1 2 9 O 30
3613 3686 2 4 22 O 10
3686 2037 2 17 92 M 20
2037 2081 2 18 95 M 20
2081 1488 2 17 90 O 30
1488 3614 2 4 19 O 30
1541 1542 1 14 73 O 30
1808 1859 2 8 44 O 30
1859 1826 2 8 42 O 30
1826 1842 2 19 105 O 20
1842 1865 2 11 60 O 10
1865 3989 2 3 16 O 30
3989 1843 2 1 4 O 10
1843 1851 2 13 72 O 20
1851 1868 2 10 55 O 10
1868 1852 2 4 22 O 10
1852 1913 2 14 75 O 20
1913 1809 2 10 53 O 30
2164 749 2 12 67 O 10
750 752 2 9 49 O 10
799 788 2 11 59 O 10
768 4778 2 6 30 O 30
4778 784 2 5 27 M 20
767 3264 2 1 2 O 30
3264 754 2 5 27 O 20
759 808 2 9 45 O 10
766 770 2 4 21 O 10
770 782 2 2 10 O 10
782 788 2 5 24 O 10
788 413 2 2 6 M 20
413 808 2 3 14 O 30
808 757 2 4 19 O 30
757 795 2 4 17 O 20
795 792 2 6 32 O 20
792 760 2 7 38 O 20
760 806 2 3 13 O 30
806 791 2 4 18 O 10
791 775 2 4 20 O 20
775 772 2 4 18 O 20
772 807 2 3 16 O 20
807 801 2 4 17 M 30
801 779 2 4 18 O 10
779 774 2 4 18 O 30
774 793 2 4 20 O 20
793 755 2 3 15 O 30
755 408 2 3 13 O 20
408 4385 2 12 63 M 30
4385 391 2 4 19 O 20
391 406 2 5 23 O 20
406 765 2 17 89 M 30
765 773 2 3 15 O 10
758 793 2 10 51 O 10
780 777 2 9 48 O 20
785 806 2 3 15 O 20
805 760 2 6 30 O 10
794 779 2 16 86 M 30
804 761 2 11 59 O 10
771 756 2 4 22 O 10
792 809 2 5 27 O 30
809 803 2 4 19 O 30
803 759 2 4 17 O 30
759 799 2 3 16 O 10
799 770 2 18 96 O 20
770 771 2 4 22 M 20
771 764 2 4 21 O 30
764 767 2 4 18 O 30
767 4902 2 23 127 O 20
3265 769 2 7 39 O 10
790 807 2 20 111 O 10
764 786 2 4 20 O 20
778 772 2 19 105 M 20
3266 796 2 8 40 O 20
783 801 2 18 98 M 30
755 1648 2 6 31 O 10
800 774 2 14 73 O 10
776 4382 2 7 37 M 30
4382 780 2 12 66 O 20
803 757 2 6 32 M 30
789 3267 2 4 20 O 30
3267 781 2 11 59 O 30
763 768 2 3 16 O 20
768 787 2 3 16 O 20
787 762 2 4 19 O 20
3267 3268 2 5 26 O 10
3268 802 2 7 39 M 20
798 775 2 14 74 O 20
809 795 2 4 20 O 20
797 791 2 8 42 O 30
787 4777 2 6 29 M 30
4777 773 2 9 49 O 10
780 4779 2 9 48 O 10
4779 763 2 6 29 O 10
765 4776 2 9 47 M 10
4776 762 2 6 29 M 20
815 814 2 8 44 O 30
1211 617 1 48 0 C 0
823 828 2 9 49 O 20
816 821 1 3 15 O 20
821 829 1 3 14 O 10
829 816 1 3 13 O 10
827 4910 2 2 11 O 30
820 826 2 2 6 O 20
821 828 2 3 14 O 20
828 827 2 2 8 O 20
827 825 2 2 8 O 20
825 817 2 9 46 O 20
825 1645 2 4 20 O 30
818 824 1 5 27 O 20
1986 818 1 6 29 O 10
818 816 2 12 63 M 10
1924 831 2 19 103 M 10
831 3046 2 26 143 O 20
3046 3030 2 35 194 O 20
3030 1918 2 44 239 O 30
1918 3024 2 18 98 O 20
3024 3025 2 29 161 O 10
3025 3011 2 27 145 O 30
3011 3013 2 33 181 O 20
3013 1936 2 33 183 O 10
1936 3009 2 27 146 O 20
3009 2955 2 28 154 O 30
2955 4378 2 28 155 O 20
836 4911 2 4 18 O 10
4911 833 2 5 24 O 20
831 4468 2 8 44 O 20
4468 4912 2 3 15 O 30
4912 833 2 3 16 O 10
833 4467 2 4 18 O 30
4467 832 2 9 47 O 10
835 832 2 3 12 M 30
832 4914 2 6 29 O 20
4914 4467 2 4 17 M 20
830 835 2 7 36 M 20
835 836 2 7 36 O 30
836 4913 2 6 32 O 30
4913 834 2 27 146 M 20
837 839 1 9 0 C 0
840 838 1 11 0 C 0
838 158 1 10 0 C 0
5123 4326 1 20 106 O 10
845 841 1 8 40 O 30
843 842 2 4 17 O 20
2718 5938 2 23 125 O 20
5938 847 2 24 128 M 30
848 849 1 30 166 M 30
844 841 1 21 113 M 10
841 843 1 9 49 O 10
843 846 1 8 40 O 10
847 848 1 3 16 O 30
848 4899 1 8 40 O 20
4899 849 1 8 43 O 10
849 844 1 17 91 O 20
844 845 1 14 73 O 30
845 846 1 9 49 O 10
846 847 1 2 10 O 10
852 851 2 84 465 O 30
851 850 2 54 298 O 20
850 4900 2 8 39 O 20
4900 851 2 24 128 M 20
850 4280 2 78 430 O 30
4280 2717 2 6 29 O 10
2715 3119 2 6 31 O 10
3119 3117 2 2 9 O 20
3117 4275 2 7 38 O 30
4275 856 2 34 187 O 20
856 2434 2 22 121 O 30
2434 4274 2 4 19 O 30
4274 857 2 4 19 O 30
857 143 2 4 19 O 20
143 4273 2 4 19 M 20
4273 140 2 4 19 O 30
140 138 2 4 19 O 10
138 146 2 4 20 O 20
146 858 2 11 60 O 30
858 860 2 15 82 O 30
860 859 2 30 163 O 20
859 4661 2 12 64 O 10
4661 4623 2 15 78 M 30
855 4620 2 19 101 O 20
4620 860 2 16 87 O 10
858 855 2 5 26 O 10
855 151 2 17 94 O 10
151 155 2 8 44 O 20
155 147 2 10 52 M 30
147 853 2 10 55 M 20
856 861 2 62 341 O 20
861 2764 2 38 208 O 10
861 862 2 145 803 O 30
865 866 2 26 144 O 30
866 864 2 29 160 O 20
864 867 2 18 97 M 20
867 863 2 43 238 O 30
863 834 2 35 193 O 30
869 875 2 10 51 O 10
1983 2012 2 6 31 O 20
2012 2940 2 38 211 O 20
2940 2013 2 42 231 O 20
2013 1641 2 8 42 O 10
1641 1984 2 8 44 M 10
1984 3392 2 8 42 M 10
3392 2951 2 8 44 O 10
2951 3406 2 8 42 M 20
3406 2950 2 10 50 O 10
2950 4005 2 2 10 M 10
4005 3407 2 9 47 O 20
3407 2949 2 8 43 M 20
2949 3409 2 8 44 O 30
3409 2954 2 10 52 O 10
2954 3411 2 10 52 O 10
3411 2956 2 8 44 O 20
2956 3415 2 8 43 O 30
3415 2955 2 8 44 M 30
2955 3352 2 8 43 O 20
3352 3055 2 8 43 O 10
3055 3358 2 8 44 O 30
3358 1985 2 9 45 O 20
3584 5471 2 3 15 M 20
5471 1985 2 14 73 O 20
1985 1986 2 28 154 O 10
1986 824 2 8 42 O 10
824 4799 2 1 3 O 30
4799 5699 2 3 13 O 10
5699 4803 2 2 8 O 20
4803 1937 2 14 78 O 20
872 870 2 16 86 O 30
1980 4926 2 13 70 O 20
4926 2004 2 5 28 O 20
2004 2001 2 29 160 O 20
2001 1990 2 15 82 O 20
1990 1979 2 12 62 M 30
1979 2000 2 11 56 M 10
2000 1999 2 24 128 M 20
1999 1934 2 33 182 O 10
1991 2939 2 30 165 O 20
2939 2005 2 16 86 O 20
2005 2942 2 37 200 O 10
2942 2977 2 27 145 O 20
2977 2969 2 33 183 O 20
2969 2968 2 33 183 O 20
2968 2965 2 27 145 O 10
2965 2984 2 29 160 O 20
2984 2983 2 18 98 O 10
2983 2979 2 44 240 O 10
2979 2996 2 35 192 O 20
2996 1992 2 47 260 M 30
871 3010 2 27 145 M 10
3010 2956 2 28 154 O 30
2956 874 2 28 154 O 20
4462 1992 2 8 43 O 20
1992 4461 2 8 43 O 30
4461 1889 2 8 44 O 10
1889 4469 2 1 5 O 20
4469 4013 2 7 36 O 20
4013 1965 2 9 45 O 20
1965 4014 2 8 42 O 10
4014 1872 2 4 21 O 30
1872 1966 2 5 23 O 20
1966 4015 2 8 43 M 30
4015 1967 2 9 50 O 20
1967 4012 2 2 9 O 20
4012 1870 2 4 19 O 10
1870 3435 2 6 28 O 30
3435 1973 2 9 44 O 10
1973 4825 2 5 23 M 20
4825 4828 2 4 18 O 30
4828 3427 2 1 2 O 30
3427 1867 2 6 29 O 20
1867 1972 2 5 23 O 20
1972 4016 2 10 53 O 20
4016 830 2 9 44 O 20
830 1924 2 16 86 O 20
1924 4017 2 8 43 O 20
4017 1940 2 8 42 O 30
1940 5520 2 8 44 O 30
5520 4024 2 8 43 O 20
4024 2133 2 2 6 O 30
1946 2111 2 10 55 O 10
2111 1925 2 44 242 M 10
1925 5744 2 11 59 O 30
5744 5748 2 1 5 O 30
5748 1982 2 13 67 O 20
1982 2117 2 26 142 M 30
868 873 2 10 51 O 30
2009 1991 2 19 106 O 10
2112 878 2 28 151 O 10
877 878 2 9 48 O 20
878 876 2 7 37 O 20
876 1632 2 9 47 O 10
3004 2881 2 51 283 O 20
2881 1911 2 12 62 O 20
1911 2882 2 15 81 O 20
2882 2887 2 26 141 O 10
2887 2889 2 26 141 O 20
2889 5896 2 16 84 M 20
5896 1883 2 8 43 O 10
1883 2486 2 26 142 O 30
1809 3058 2 13 72 O 20
3058 2909 2 15 82 O 30
2909 6260 2 8 41 O 10
6260 2879 2 9 46 O 10
2879 1903 2 9 47 O 10
1903 3077 2 5 24 O 20
3077 2881 2 24 130 O 30
2881 6257 2 8 40 O 10
6257 2880 2 8 40 O 10
2880 3337 2 8 42 M 10
3337 4457 2 8 40 O 10
4457 4453 2 2 7 M 20
4453 1888 2 15 82 O 20
1888 5686 2 8 43 O 10
5686 3005 2 8 39 O 10
3005 2999 2 15 81 O 20
2999 5942 2 8 41 O 20
5942 1872 2 6 30 O 20
4676 1388 1 8 44 O 20
1388 5034 1 34 185 M 10
5034 4167 1 21 0 C 0
1315 1387 1 25 135 O 10
1387 1369 1 55 0 C 0
1294 881 2 15 0 C 0
3225 4538 1 12 0 C 0
4538 4537 1 2 0 C 0
4537 5094 1 77 0 C 0
5094 1652 1 37 0 C 0
1652 4502 1 24 129 O 10
4502 5085 1 40 219 O 20
886 1033 1 15 0 C 0
1033 1034 1 15 0 C 0
1034 884 1 14 0 C 0
884 1299 1 15 0 C 0
883 887 1 15 0 C 0
887 882 1 15 0 C 0
882 885 1 14 0 C 0
905 904 1 16 0 C 0
969 1187 2 20 0 C 0
1187 970 2 20 0 C 0
975 1373 2 37 0 C 0
1373 2691 2 6 0 C 0
1419 1409 1 21 0 C 0
1409 1408 1 91 0 C 0
1408 1407 1 57 314 O 30
160 6116 1 165 0 C 0
6116 5117 1 110 0 C 0
5117 164 1 51 0 C 0
164 1565 1 68 0 C 0
5063 1401 1 20 0 C 0
979 2777 2 5 0 C 0
2777 3606 2 3 0 C 0
977 3557 2 5 0 C 0
1417 980 2 8 0 C 0
990 989 2 22 119 O 30
989 987 2 10 51 O 10
987 986 2 8 43 M 20
986 984 2 15 79 O 30
983 985 2 17 92 O 30
987 988 2 6 33 O 10
982 460 2 13 68 O 20
460 454 2 3 13 O 30
454 983 2 7 37 O 10
983 981 2 52 284 O 20
993 997 2 19 104 O 30
1000 999 2 14 76 O 30
998 996 2 14 77 O 20
748 2168 1 16 88 O 20
1803 1801 2 31 170 O 20
991 5913 2 26 142 O 10
5913 994 2 10 54 O 10
992 995 2 26 141 O 20
3858 2491 1 9 45 O 30
2491 5920 1 23 127 O 20
5920 5918 1 2 10 O 10
5918 994 1 9 49 O 30
994 5912 1 8 42 O 20
5912 1781 1 10 55 O 20
1800 1801 2 6 33 M 20
1801 1802 2 4 21 O 10
1802 1803 2 5 27 M 30
1803 3335 2 11 57 O 30
2121 2138 2 14 77 O 10
2138 2142 2 14 74 O 20
2142 2144 2 14 77 O 10
2144 2122 2 14 76 O 10
1001 66 2 16 0 C 0
66 55 2 16 0 C 0
1012 5711 2 8 40 O 30
5711 361 2 11 56 O 10
361 362 2 8 40 O 30
362 1011 2 7 35 O 20
1009 1007 2 35 194 O 20
1007 1008 2 39 212 O 10
1007 1014 2 16 88 O 20
1013 1016 2 26 142 O 10
3499 1010 2 36 196 M 10
1010 1017 2 70 385 O 20
1026 300 2 21 114 M 10
300 416 2 6 33 M 10
416 418 2 7 34 M 20
418 2087 2 9 47 O 10
1020 1023 2 13 71 O 10
1023 1019 2 15 82 O 20
1022 822 2 23 126 O 20
1523 1021 2 46 252 O 20
1021 1023 2 42 231 O 20
1023 1024 2 8 42 O 20
1521 1018 2 3 13 O 10
1018 5341 2 33 180 O 30
5341 1027 2 13 71 O 30
1027 1020 2 42 232 O 10
1020 6238 2 11 61 M 30
6238 6103 2 5 27 O 10
6103 5465 2 16 87 O 30
5465 5463 2 8 42 O 30
5463 5458 2 7 37 O 20
5458 4393 2 10 50 M 10
4393 467 2 2 7 O 10
968 967 2 69 0 C 0
3060 1873 2 20 110 O 10
1873 1833 2 14 72 O 20
1833 1811 2 29 156 O 30
1811 1871 2 33 182 M 30
5015 2253 2 24 133 O 30
2253 2259 2 22 119 O 20
2259 2250 2 10 54 O 10
2250 2269 2 4 18 O 10
2269 2294 2 35 194 O 20
2294 2197 2 31 167 O 20
2197 4681 2 14 74 O 10
4681 2284 2 4 21 O 20
2284 4690 2 1 3 O 20
4690 2315 2 2 11 O 10
2315 4691 2 2 9 M 20
4691 2266 2 14 75 O 20
2265 2262 2 39 215 O 30
2262 2267 2 7 34 O 30
2267 2263 2 6 31 M 10
2263 2266 2 45 245 O 30
2265 2281 2 14 73 O 30
2281 2278 2 14 74 O 30
2278 2260 2 9 50 O 10
1037 4700 2 2 0 C 0
4700 1038 2 21 0 C 0
2842 1036 1 9 0 C 0
1244 5313 1 6 0 C 0
5313 944 1 10 0 C 0
944 1245 1 33 0 C 0
3865 3864 1 16 0 C 0
44 37 1 22 0 C 0
4531 1689 1 28 0 C 0
1689 4838 1 4 0 C 0
4838 4833 1 4 0 C 0
4833 5072 1 3 0 C 0
36 48 1 22 0 C 0
48 49 1 16 0 C 0
49 50 1 16 0 C 0
50 51 1 16 0 C 0
51 951 1 16 0 C 0
951 52 1 15 0 C 0
52 1254 1 16 0 C 0
1254 1255 1 12 0 C 0
1255 1256 1 15 0 C 0
1256 1257 1 15 0 C 0
1042 4722 1 15 0 C 0
4722 4738 1 4 0 C 0
3493 2700 1 12 0 C 0
2700 2838 1 13 0 C 0
1043 5318 1 4 0 C 0
5318 4739 1 12 0 C 0
3489 2436 1 11 0 C 0
2331 69 1 17 0 C 0
4660 1048 1 17 89 M 20
1417 4113 2 25 0 C 0
4113 1516 2 4 0 C 0
3300 17 1 20 0 C 0
1119 1120 1 4 0 C 0
1120 5410 1 9 0 C 0
5410 5408 1 8 0 C 0
5408 5409 1 10 0 C 0
5409 3299 1 2 0 C 0
3299 3318 1 13 0 C 0
962 1249 1 15 0 C 0
1002 5315 1 8 0 C 0
5315 4916 1 3 0 C 0
1434 1435 1 11 0 C 0
1672 1548 1 15 0 C 0
1548 464 1 10 0 C 0
464 1549 1 12 0 C 0
1145 2469 1 20 109 O 30
2469 1146 1 113 624 O 10
4216 171 2 2 8 M 30
171 5206 2 4 20 M 20
5206 3777 2 22 117 M 10
3777 2472 2 6 29 M 30
2472 5211 2 10 55 O 10
5211 5213 2 17 89 O 20
5213 2473 2 4 19 O 20
2473 4993 2 36 197 O 30
4993 6176 2 45 249 O 10
6176 2474 2 40 219 M 10
2474 4343 2 10 51 M 20
4343 1039 2 98 539 O 20
1039 3095 2 7 37 O 10
3095 134 2 103 568 O 20
5111 2678 1 4 0 C 0
2678 168 1 7 0 C 0
168 2677 1 3 0 C 0
1772 1773 2 20 111 M 10
1773 2912 2 17 94 O 30
2912 1779 2 14 78 O 10
1779 2875 2 16 84 O 20
2875 1784 2 15 80 O 10
1784 2869 2 15 83 O 20
2869 1790 2 14 73 O 20
1790 1774 2 16 88 O 30
1451 1588 1 5 23 O 10
4594 1451 1 88 485 O 30
1062 1448 1 21 114 O 10
1451 1606 1 6 33 O 10
1606 2478 1 225 1249 M 20
2478 3860 1 7 34 O 10
3860 2479 1 6 30 O 30
2479 2490 1 43 236 O 10
2490 3858 1 9 46 M 30
3858 2480 1 17 92 O 10
2480 2493 1 5 27 O 30
2493 2127 1 37 203 M 10
2127 1896 1 10 52 O 20
1896 2131 1 33 179 O 20
2131 5903 1 8 44 O 30
5903 5910 1 4 21 O 20
5910 5908 1 7 38 O 10
5908 3483 1 1 5 O 20
1155 1156 1 15 81 O 20
5026 1452 1 5 27 O 10
1452 3565 1 106 585 M 30
1611 1149 1 20 107 O 20
5026 1155 1 4 18 O 10
1612 1611 1 4 17 O 10
5511 5509 1 1 4 O 20
5509 5510 1 2 7 O 10
5510 5512 1 2 7 O 20
5512 5511 1 4 18 O 30
1614 4373 2 46 254 O 30
4373 1617 2 25 133 O 10
1615 4371 2 64 353 O 10
4371 1618 2 8 40 O 20
952 3865 1 18 0 C 0
2323 1032 1 10 0 C 0
1003 963 1 15 0 C 0
3868 4917 2 4 0 C 0
4917 3867 2 11 0 C 0
3867 5312 2 6 0 C 0
5312 3869 2 12 0 C 0
3869 4714 2 2 0 C 0
4714 3621 2 32 0 C 0
1619 4070 1 72 0 C 0
3228 3226 1 49 272 O 10
1277 956 1 33 0 C 0
956 2345 1 18 0 C 0
2345 952 1 15 0 C 0
950 65 1 16 0 C 0
65 61 1 15 0 C 0
61 947 1 16 0 C 0
947 2837 1 16 0 C 0
2837 2836 1 16 0 C 0
2836 1583 1 16 0 C 0
1583 466 1 14 0 C 0
1261 1262 1 12 0 C 0
1262 1263 1 14 0 C 0
2840 5311 1 6 0 C 0
5311 3488 1 12 0 C 0
3488 4705 1 3 0 C 0
4705 5310 1 5 0 C 0
5310 5309 1 1 0 C 0
5309 2841 1 8 0 C 0
3618 4740 1 15 0 C 0
4740 1043 1 18 0 C 0
1114 3663 1 2 0 C 0
3663 1115 1 24 0 C 0
1004 212 2 12 65 O 10
212 1014 2 13 68 O 10
1014 1016 2 20 110 M 10
1016 1011 2 21 114 M 30
1011 336 2 14 77 O 10
336 1006 2 2 10 O 20
1006 339 2 11 61 O 10
339 4192 2 11 60 O 20
4192 1005 2 5 24 M 30
1005 1015 2 14 77 O 20
1015 1012 2 35 191 M 20
1012 1013 2 21 111 O 20
1013 1004 2 21 114 O 10
1642 1641 2 28 154 O 20
1637 1636 2 21 114 O 20
3420 1091 2 26 142 O 20
1091 1638 2 28 155 O 20
1638 3421 2 18 96 O 30
1639 1640 2 26 144 M 30
1640 3388 2 29 160 O 30
3388 3387 2 18 98 O 30
3387 3386 2 44 240 O 10
4461 3456 2 47 259 O 30
3456 3457 2 35 192 O 10
3457 3458 2 44 239 O 20
3458 3459 2 18 98 O 20
3459 3460 2 29 161 M 30
3460 3461 2 26 144 M 20
3461 3462 2 33 183 O 20
3462 1644 2 33 182 O 10
1644 1643 2 27 145 O 30
1643 3474 2 61 339 O 10
1648 758 2 5 27 O 20
758 800 2 4 21 M 30
800 794 2 4 20 M 10
794 783 2 5 23 O 30
783 790 2 5 25 O 10
790 778 2 2 11 M 30
778 798 2 7 36 O 20
798 797 2 7 38 O 20
797 785 2 6 31 O 10
1648 3707 2 3 14 M 20
3354 1647 2 29 157 O 30
1647 1646 2 26 144 O 10
1649 5645 2 48 266 M 10
5645 1510 2 22 117 M 10
2351 2353 2 22 121 O 30
2353 2354 2 9 48 M 10
5779 1653 2 32 173 M 10
1653 1654 2 52 288 O 20
1652 1650 1 17 92 O 20
1650 1651 1 7 35 O 30
1651 1654 1 4 19 O 20
1654 5089 1 38 209 O 30
1656 1659 2 37 0 C 0
1658 1663 2 230 1275 O 10
1665 1667 1 11 60 O 10
1661 1657 2 50 276 O 10
1666 4921 1 12 65 O 30
4921 1665 1 2 6 O 20
655 4271 1 47 257 O 30
4271 2704 1 8 44 O 10
2704 4269 1 24 129 O 10
4269 2705 1 53 290 O 30
1671 1236 1 18 0 C 0
1673 1675 1 18 0 C 0
2431 1704 1 4 0 C 0
1704 1688 1 4 0 C 0
1677 743 2 7 0 C 0
743 1686 2 43 0 C 0
1687 1677 1 13 0 C 0
937 5400 1 11 0 C 0
5400 5399 1 3 0 C 0
5399 5403 1 6 0 C 0
5403 5402 1 4 0 C 0
5402 1238 1 11 0 C 0
4707 5364 2 29 159 M 10
5364 3772 2 2 7 O 20
3772 1331 2 31 167 O 30
1331 1329 2 36 199 O 20
1329 623 2 19 100 O 30
623 4182 2 4 21 O 30
4182 315 2 3 15 O 10
315 1328 2 10 52 O 30
1684 4177 2 4 0 C 0
4177 5393 2 18 95 O 10
5393 4183 2 3 15 O 20
4183 5380 2 7 36 O 30
5380 4707 2 12 65 O 10
4710 5301 2 1 2 O 10
5301 5357 2 10 51 O 30
5357 5356 2 18 95 O 20
5356 5352 2 11 58 O 30
5352 4707 2 9 49 O 10
1715 1698 1 7 0 C 0
1701 1494 2 9 49 O 20
1494 1495 2 16 85 O 20
2779 2780 1 6 30 O 30
1702 1703 2 18 98 O 10
5728 6250 2 59 324 O 30
6250 5727 2 7 34 O 10
5727 2113 2 51 280 O 30
2113 3644 2 21 112 O 30
3644 1625 2 17 89 O 10
1625 2019 2 15 83 O 30
4555 3764 1 20 0 C 0
3782 4555 1 4 0 C 0
3806 4112 2 2 0 C 0
4112 1706 2 7 0 C 0
1706 4118 2 5 0 C 0
4118 4117 2 2 0 C 0
4117 976 2 6 0 C 0
4115 4367 1 2 0 C 0
4367 3285 1 10 0 C 0
3285 1708 1 16 0 C 0
1708 1621 1 50 0 C 0
1621 1622 1 34 0 C 0
1622 1709 1 28 0 C 0
1709 1707 1 7 0 C 0
1707 1710 1 5 0 C 0
1710 1415 1 44 0 C 0
1415 3485 1 14 0 C 0
1698 4554 1 25 0 C 0
4547 1715 1 18 0 C 0
1731 1723 1 12 0 C 0
35 1732 1 13 0 C 0
1732 1696 1 10 0 C 0
1696 1729 1 10 0 C 0
1729 1730 1 18 0 C 0
4426 3518 1 8 0 C 0
3518 1735 1 13 0 C 0
2424 6278 2 3 12 O 20
5060 3525 2 25 0 C 0
2922 3523 2 19 102 O 30
2146 4905 2 11 57 O 10
4905 4604 2 14 77 O 30
4604 4904 2 11 57 O 10
4904 2513 2 24 130 O 30
2295 2438 2 27 147 O 30
2438 3780 2 15 80 M 20
3780 3778 2 67 368 O 10
2816 2824 2 12 61 O 10
2824 2822 2 10 53 M 10
2822 2820 2 10 51 O 10
2820 2819 2 10 51 O 10
2819 2438 2 10 55 O 20
2438 2445 2 10 53 M 10
2445 2441 2 15 83 M 10
2441 2440 2 10 55 O 20
2440 528 2 8 44 O 30
528 5970 2 7 34 M 10
5970 532 2 11 59 O 10
532 534 2 10 51 M 20
534 2439 2 7 34 O 20
2268 2440 2 19 100 O 20
3939 2442 2 5 24 M 10
2442 2444 2 16 87 M 20
2444 2443 2 4 21 O 30
2444 2445 2 17 91 M 20
2270 2439 2 10 50 O 20
2439 536 2 11 60 M 30
536 5963 2 4 19 O 20
5963 2446 2 20 108 M 10
2446 541 2 15 79 O 20
541 3940 2 11 60 O 20
3057 2906 2 26 142 O 10
2906 2909 2 26 142 O 20
2909 2908 2 26 142 O 20
2908 2907 2 26 140 O 30
2907 1859 2 39 215 O 30
2447 2559 1 7 35 O 20
2559 3798 1 6 32 O 20
3798 3801 1 10 51 M 10
3801 2455 1 64 355 O 10
2455 2450 1 13 68 O 10
2461 2457 1 56 310 O 20
2457 2454 1 8 43 O 30
2454 2453 1 13 68 O 20
2453 2452 1 15 80 O 30
2452 84 1 13 68 O 20
84 2448 1 87 483 O 10
2448 4032 1 2 8 O 30
2450 2451 1 15 80 O 30
2456 2460 1 66 365 O 30
1438 2475 1 11 57 M 10
2475 2463 1 14 73 O 30
2463 2464 1 2 9 O 20
2464 4312 1 4 22 O 20
4312 2684 1 39 212 M 20
2684 1437 1 4 22 O 30
1437 172 1 2 8 O 30
172 2687 1 5 26 O 30
2687 4215 1 5 24 O 10
2466 4214 1 10 53 M 30
4214 2467 1 2 8 O 30
2467 4311 1 48 263 M 30
4311 4310 1 2 9 O 20
4310 2465 1 11 60 O 10
2465 5815 1 9 49 O 10
5815 4317 1 4 18 M 30
1505 2469 1 42 233 O 20
1505 3829 2 105 579 O 20
3829 3882 2 15 82 O 30
3882 2470 2 4 18 M 10
2470 4105 2 75 415 O 10
4105 6195 2 21 111 O 10
6195 1506 2 9 45 O 10
1506 1507 2 40 218 O 20
1507 1508 2 19 101 M 30
1508 3791 2 14 74 M 10
3791 4100 2 17 90 O 20
2475 4307 2 55 301 O 20
4307 2606 2 25 138 M 30
2606 4308 2 12 64 O 30
4308 2476 2 17 91 O 20
3996 2479 1 10 54 O 30
2478 746 1 12 62 O 30
2484 2485 2 15 79 O 10
2487 2124 1 6 32 O 20
2488 2489 1 12 63 O 10
2490 2491 1 10 52 O 30
2492 2493 1 13 70 O 30
2892 2893 2 14 75 O 20
2893 2894 2 14 77 O 30
2894 2896 2 14 73 O 10
2896 2897 2 14 76 O 10
2897 3034 2 14 77 O 20
3034 2898 2 14 75 M 10
2898 2902 2 14 76 M 20
2902 2903 2 14 75 M 10
2903 2119 2 14 77 O 10
3589 3597 1 29 156 O 30
2496 2497 1 8 40 M 30
2497 2507 1 2 11 O 20
2506 2505 1 2 10 O 10
2505 2498 1 12 65 O 10
2501 2508 1 6 33 O 30
2496 2502 1 8 41 O 30
2505 2497 1 3 14 O 30
2497 2503 1 3 15 O 30
2503 2502 1 4 19 O 20
2502 815 1 15 79 O 20
815 5518 1 8 44 O 30
5518 3575 1 4 18 O 30
4023 1897 1 39 215 O 10
1897 2507 1 4 22 O 20
2507 2506 1 3 13 O 10
2509 2510 1 13 72 O 20
2510 2511 1 14 76 O 30
2511 2512 1 14 72 O 30
4593 2516 1 8 42 O 30
2516 1062 1 16 84 O 20
2514 4592 1 24 128 O 20
2515 2516 1 11 60 O 20
2517 2518 1 15 81 O 30
2519 2520 1 13 68 O 10
1247 1271 2 6 0 C 0
1271 1274 2 14 0 C 0
1274 3085 2 9 0 C 0
3085 1280 2 11 0 C 0
1937 3360 2 8 41 O 30
3360 1942 2 8 44 O 20
1942 3350 2 8 44 O 20
3350 1936 2 8 43 M 30
1936 3413 2 8 43 O 30
3413 871 2 8 43 O 30
871 4376 2 8 44 O 20
4376 1970 2 10 53 O 20
1970 4491 2 10 53 O 30
4491 1969 2 8 43 M 20
1969 4490 2 8 43 O 20
4490 4007 2 9 47 O 20
4007 1968 2 2 10 O 20
1968 4489 2 9 49 O 10
4489 1935 2 8 43 O 30
1935 4488 2 8 44 O 20
4488 2975 2 8 43 O 30
2975 3446 2 8 43 O 10
3446 1996 2 8 44 O 10
1996 1644 2 8 43 M 20
1644 2977 2 8 44 O 30
2977 3471 2 8 44 O 10
3471 2976 2 8 42 O 10
2976 3441 2 8 44 O 10
3441 1934 2 8 43 O 30
1937 4805 2 21 112 O 10
4805 4809 2 6 30 O 30
4809 1975 2 8 43 O 20
1975 3578 2 9 48 M 20
3578 3580 2 15 81 O 30
3580 3582 2 2 8 O 10
3582 4609 2 3 14 O 20
4609 1977 2 6 30 M 10
1977 2002 2 27 145 O 20
2002 2003 2 29 160 O 20
2003 1919 2 18 99 O 20
1919 1921 2 43 238 M 30
1921 1923 2 35 193 M 20
1923 5526 2 27 148 O 20
5526 4026 2 1 1 O 10
2521 322 2 2 8 O 30
322 323 2 3 16 O 30
323 3966 2 12 64 M 10
3966 1938 2 42 231 O 20
1938 286 2 16 87 O 10
286 267 2 14 74 O 30
267 5574 2 3 11 O 30
5574 5578 2 7 37 O 10
5578 5580 2 9 47 O 30
5580 5582 2 9 46 O 20
5582 3965 2 3 13 M 30
3965 1932 2 97 536 O 20
1932 214 2 10 55 O 10
214 250 2 5 25 M 10
250 225 2 5 25 O 20
225 1937 2 14 73 O 20
2521 2523 1 14 73 O 10
2523 4203 1 2 7 O 30
4203 3207 1 14 73 O 10
3207 2522 1 14 77 M 10
2526 6225 1 6 30 O 10
6225 6224 1 6 33 O 30
6224 2521 1 2 10 O 30
2522 2527 1 10 51 O 20
2527 4193 1 9 48 O 30
4193 4197 1 10 51 O 20
4197 3208 1 10 53 O 30
3208 4189 1 2 9 O 30
4189 4199 1 11 60 O 10
4199 2537 1 14 73 O 20
2537 2533 1 13 69 O 20
2533 4188 1 19 101 O 20
4188 4201 1 19 104 O 10
4201 6130 1 2 6 O 20
6130 4202 1 15 78 O 10
4202 78 1 8 39 M 20
78 2749 1 22 117 O 10
2749 215 1 11 60 O 20
215 4529 1 3 14 O 10
4529 4530 1 5 27 O 30
4530 2534 1 17 89 O 30
2528 2524 1 10 52 O 20
2524 4196 1 14 77 M 10
4196 2525 1 5 25 O 30
2525 4204 1 10 51 O 10
4204 2526 1 2 7 O 30
3215 2532 1 6 28 O 30
2538 3215 1 9 47 O 30
1939 4205 1 2 11 M 10
4205 6227 1 8 39 O 30
6227 2526 1 8 44 O 20
2526 2523 1 2 9 M 20
2525 4206 1 12 66 O 10
4206 1939 1 12 66 O 20
2547 2548 2 10 54 O 10
2548 5474 2 10 53 O 20
5474 2549 2 22 122 O 30
1934 1933 2 2 9 O 20
1933 2938 2 15 81 O 20
2938 2961 2 15 82 M 20
1934 1987 2 27 145 M 20
1987 1981 2 26 143 M 30
1981 2010 2 14 72 O 30
4028 2554 1 5 23 M 30
2554 1837 1 5 25 O 20
1837 2555 1 4 21 M 20
2555 2553 1 4 19 M 20
2555 2556 1 5 25 O 30
1838 2554 1 7 34 O 10
2558 2559 1 8 42 O 10
4081 2560 1 6 28 O 20
2561 2562 2 4 19 O 30
2417 2563 1 10 51 M 10
4296 2564 1 10 55 O 10
2271 4077 2 2 6 O 30
4077 2565 2 46 251 O 30
4078 1350 2 35 192 O 30
1350 4246 2 35 191 O 20
4246 5015 2 37 203 O 10
5015 2309 2 14 75 O 30
2309 3569 2 9 50 O 10
4078 2271 1 3 11 O 10
2271 4075 1 10 55 M 20
4075 3573 1 9 49 O 30
1349 2569 1 9 47 O 10
2569 5961 1 9 45 O 20
5961 2567 1 9 48 O 30
2567 4077 1 10 55 O 10
4077 4078 1 3 12 O 20
2568 2569 1 15 78 O 20
1515 1525 1 3 13 M 20
1525 2577 1 13 71 O 20
2577 2576 1 113 625 O 30
2584 2585 1 5 0 C 0
2583 2584 1 5 0 C 0
3956 6274 2 6 0 C 0
6274 923 2 3 0 C 0
923 3087 2 14 0 C 0
3087 924 2 5 0 C 0
2593 3654 1 116 0 C 0
3653 939 1 105 0 C 0
132 2591 2 2 0 C 0
2595 3651 1 78 0 C 0
3554 2600 2 37 204 O 10
2600 2601 2 3 15 M 10
2601 6067 2 17 92 O 20
6067 631 2 23 124 O 10
631 2602 2 4 19 O 10
2604 2605 1 1 3 O 10
2605 2603 1 3 14 O 20
2603 2607 1 5 27 M 20
2607 2604 1 2 10 M 10
2606 2605 2 9 48 O 10
2607 2611 2 7 37 O 10
2611 2609 2 37 204 O 20
2609 2608 2 3 14 O 30
2609 2610 2 6 32 O 10
2610 2611 2 36 197 O 30
2603 2612 2 21 112 M 20
1172 1171 1 11 58 O 20
1173 2616 1 14 76 O 20
2616 1172 1 7 37 O 20
1051 2624 1 8 0 C 0
2624 2625 1 2 0 C 0
2625 2621 1 9 0 C 0
2621 2623 1 8 0 C 0
2623 2622 1 2 0 C 0
2622 1051 1 7 0 C 0
2626 2630 2 6 30 O 10
2630 2632 2 4 0 C 0
2632 2634 2 3 0 C 0
2634 2636 2 3 0 C 0
2636 2638 2 4 0 C 0
2638 2640 2 4 0 C 0
2640 2642 2 4 0 C 0
2642 2644 2 3 0 C 0
2644 2646 2 4 0 C 0
2646 2648 2 3 0 C 0
2630 2631 2 5 23 M 10
2632 2633 2 6 29 O 10
2634 2635 2 7 36 M 30
2636 2637 2 8 0 C 0
2638 2639 2 9 0 C 0
2640 2641 2 10 0 C 0
2648 2649 2 13 0 C 0
2649 2652 2 3 0 C 0
2652 2627 2 3 0 C 0
2627 2628 2 4 0 C 0
2628 2653 2 3 0 C 0
2653 2650 2 5 0 C 0
2656 6193 2 38 0 C 0
6193 3291 2 2 0 C 0
3291 3292 2 23 0 C 0
3292 2758 2 22 0 C 0
2758 124 2 13 0 C 0
124 3293 2 8 0 C 0
3293 4816 2 3 0 C 0
4816 4815 2 5 0 C 0
4815 1085 2 11 0 C 0
1085 2757 2 28 0 C 0
2757 3294 2 15 0 C 0
3294 3295 2 16 0 C 0
3295 2756 2 10 0 C 0
2756 1559 2 39 0 C 0
1559 2753 2 40 0 C 0
2753 2754 2 39 0 C 0
2754 2755 2 18 0 C 0
2755 2833 2 67 0 C 0
2833 2834 2 53 0 C 0
2834 6273 2 25 0 C 0
6273 1084 2 4 0 C 0
1084 4314 2 67 0 C 0
4314 2319 2 26 0 C 0
2319 1567 2 53 0 C 0
1567 3120 2 9 0 C 0
3120 125 2 12 0 C 0
2656 4346 1 31 0 C 0
4346 2657 1 8 0 C 0
2657 2318 1 31 0 C 0
2658 2318 2 95 0 C 0
2658 2689 1 7 0 C 0
2689 2661 1 6 0 C 0
2661 2688 1 4 0 C 0
2688 2662 1 70 0 C 0
2662 2665 1 2 0 C 0
2665 4812 1 7 0 C 0
4812 4 1 21 0 C 0
4 2663 1 32 0 C 0
2663 2660 1 9 0 C 0
2667 4057 1 58 0 C 0
4057 2666 1 2 0 C 0
2664 4813 1 1 0 C 0
2666 2662 1 3 0 C 0
2662 4814 1 8 0 C 0
4814 2664 1 1 0 C 0
4061 5790 2 21 0 C 0
5790 5109 2 12 65 O 30
5109 5789 2 5 24 O 20
5789 4062 2 15 79 O 10
4062 176 2 13 71 O 10
170 171 1 41 224 M 20
171 2466 1 51 278 M 10
4064 3941 1 32 173 M 30
3941 2669 1 2 9 O 30
2675 2671 1 2 9 O 30
2671 2681 1 8 40 O 20
2681 5108 1 25 134 O 30
2669 2677 1 23 0 C 0
2669 2675 1 3 13 M 30
2675 2683 1 8 39 O 10
2683 2673 1 37 0 C 0
2672 2680 1 39 0 C 0
2680 2671 1 7 37 O 30
2671 3941 1 3 12 O 20
4058 2676 1 19 0 C 0
2676 168 1 14 0 C 0
4058 4222 2 28 0 C 0
4222 166 2 2 0 C 0
166 2664 2 5 0 C 0
2680 2681 1 11 58 O 30
2682 2683 1 9 0 C 0
2677 167 1 13 0 C 0
167 4058 1 18 0 C 0
168 2679 1 5 0 C 0
2679 2682 1 11 0 C 0
2682 2675 1 6 31 M 10
2684 2685 1 5 27 O 30
2686 2687 1 8 41 M 30
2690 3309 2 3 0 C 0
3309 3830 2 4 0 C 0
3830 1341 2 1 0 C 0
2691 2690 2 6 0 C 0
2771 2772 1 10 0 C 0
2338 131 1 20 0 C 0
2337 2338 1 24 0 C 0
2773 2337 1 7 0 C 0
2774 2773 1 16 0 C 0
2335 2775 1 7 0 C 0
2775 2774 1 23 0 C 0
2336 2335 1 7 0 C 0
2779 2788 2 60 0 C 0
2781 2780 1 4 19 O 20
2780 2782 1 8 44 O 30
2782 2781 1 2 9 M 20
2781 2779 1 6 30 O 30
2782 2784 2 4 19 O 10
2784 2783 2 4 17 O 20
4363 2785 2 6 0 C 0
2785 2787 2 3 0 C 0
2787 2786 2 4 0 C 0
2786 2790 2 8 0 C 0
2790 2789 2 2 0 C 0
2789 2788 2 12 0 C 0
3693 3694 2 8 0 C 0
3694 1711 2 3 0 C 0
1711 2800 2 15 0 C 0
2800 2801 2 5 0 C 0
2801 3695 2 9 0 C 0
3695 1712 2 12 0 C 0
2798 3693 1 8 0 C 0
3697 2802 2 5 27 O 20
3698 2803 2 14 74 O 10
2804 2805 2 7 33 O 10
2803 2804 2 1 3 O 20
2804 3699 2 4 17 O 20
3699 4347 2 2 6 O 10
2809 2810 2 21 0 C 0
2810 2808 2 4 0 C 0
2808 2807 2 3 0 C 0
2807 2806 2 4 0 C 0
2806 2812 2 3 0 C 0
2812 2814 2 3 0 C 0
2814 1711 2 2 0 C 0
2809 2792 2 2 0 C 0
2793 2792 2 17 91 M 30
2792 2811 2 17 0 C 0
2817 2818 2 4 19 O 30
2818 2821 2 9 50 M 10
2821 2823 2 10 51 O 20
2823 2825 2 10 54 O 10
2825 4067 2 14 73 O 20
4067 2816 2 25 137 O 10
2816 518 2 6 33 O 20
518 3781 2 13 70 O 30
2818 2819 2 22 119 M 20
2820 2821 2 24 132 O 20
2822 2823 2 26 143 O 30
2824 2825 2 28 155 O 20
2852 3995 1 4 17 O 10
3995 2492 1 48 265 M 30
2492 2480 1 9 49 M 10
2852 1739 2 29 158 O 20
1684 5395 2 8 42 O 20
5395 5390 2 6 28 M 10
5390 1319 2 2 7 O 30
1319 5389 2 5 23 O 10
5389 4178 2 4 19 M 20
4178 4176 2 14 73 O 10
4176 4175 2 5 25 M 30
4175 5388 2 17 90 O 30
5388 1334 2 3 15 O 30
2826 1693 1 5 0 C 0
1690 2928 1 35 190 M 30
669 2828 1 3 12 O 10
2828 2727 1 7 39 M 20
4268 2829 1 7 34 O 30
2722 2830 2 11 60 M 10
4622 2830 2 47 258 O 10
2830 2831 2 52 289 M 20
2832 2828 1 6 33 O 30
2835 1488 2 3 12 O 10
2147 2165 2 17 93 O 10
2165 2166 2 21 113 O 10
2166 1938 2 22 120 O 10
2147 997 2 18 95 O 20
997 2161 2 5 23 O 30
2161 2148 2 28 155 O 20
2148 2155 2 20 108 M 30
2155 2162 2 51 279 M 10
2162 753 2 57 315 O 20
2539 4522 1 19 104 O 30
4522 4525 1 17 90 O 20
4525 2733 1 1 5 M 10
2733 2538 1 10 52 O 20
2538 2532 1 7 37 O 20
2532 3775 1 5 27 O 20
3775 2531 1 14 74 O 10
2531 2530 1 29 157 O 30
2530 4195 1 16 84 O 20
4195 3774 1 15 80 M 10
3774 3213 1 5 23 O 30
3213 4209 1 3 16 O 20
4209 4208 1 21 113 M 20
4208 3216 1 6 32 O 20
3216 4200 1 15 79 O 30
4200 4190 1 11 61 O 30
4190 2529 1 2 8 M 30
2529 5484 1 2 9 O 10
5484 4198 1 9 45 O 30
4198 4194 1 10 51 O 10
4194 2528 1 9 49 O 30
1545 2546 1 12 0 C 0
2914 4125 2 35 193 O 20
4125 4143 2 4 20 M 30
4143 3138 2 1 5 O 10
2914 4434 1 58 317 O 30
4433 2915 1 37 202 O 30
2915 2914 1 22 118 O 30
2917 4464 1 1 5 M 30
4464 3160 1 39 216 O 10
2919 2920 1 8 42 O 30
2590 2778 1 23 0 C 0
3076 3075 2 31 169 O 10
3078 1863 2 19 101 O 10
1863 1866 2 28 154 O 30
1866 1869 2 26 141 O 10
1869 3077 2 26 144 M 30
3077 1892 2 26 139 O 20
1440 1717 1 10 53 O 20
3082 3083 1 6 32 O 20
1439 3082 1 15 79 O 30
3081 1440 1 14 75 O 20
3084 3081 1 6 33 M 10
513 512 2 21 112 O 30
512 511 2 2 11 O 30
511 3091 2 28 155 O 20
4345 4342 1 9 47 O 10
4342 512 1 37 201 O 10
512 515 1 47 261 O 20
515 510 1 63 349 O 30
4341 1552 2 13 71 O 30
510 514 1 49 270 O 10
514 511 1 47 260 O 30
511 163 1 46 253 O 30
3092 5225 2 53 293 M 20
5225 2474 2 8 42 O 30
3093 5196 2 15 79 O 20
5196 5200 2 12 62 O 10
5200 6098 2 154 853 O 30
3094 3093 2 7 39 O 10
3095 3094 2 42 233 O 30
1041 5254 2 9 49 M 10
5254 5264 2 1 3 O 10
5264 5263 2 2 11 O 10
5263 5222 2 19 103 O 30
5222 5230 2 42 232 M 30
5230 5228 2 2 7 O 30
5228 3096 2 47 256 O 30
3099 4293 2 20 110 O 10
2767 3100 2 14 74 M 20
3100 4291 2 48 264 M 20
3101 3100 2 39 212 O 30
2334 1137 1 24 0 C 0
1402 1135 1 13 0 C 0
1038 2845 2 16 0 C 0
1238 935 1 5 0 C 0
935 3104 1 3 0 C 0
3104 1672 1 5 0 C 0
3105 4702 2 2 0 C 0
4702 5401 2 3 0 C 0
5401 935 2 2 0 C 0
3112 3111 1 11 58 O 30
3113 3114 1 13 69 O 20
3115 4260 1 12 66 O 20
3117 3116 2 47 258 O 10
3119 3118 1 10 50 O 30
3122 3121 1 22 0 C 0
3126 3123 2 29 160 M 10
3123 3124 2 18 98 O 30
3124 3125 2 44 239 O 10
3439 3440 2 23 126 O 30
3440 3441 2 27 145 O 20
3441 3128 2 33 182 M 20
3128 3127 2 34 184 O 20
3127 3126 2 26 144 M 30
3129 1855 1 7 37 O 20
3130 3129 1 11 56 O 30
3132 3131 1 7 35 O 30
1338 4907 2 17 0 C 0
4907 1343 2 27 0 C 0
1343 1445 2 47 0 C 0
1445 1446 2 10 0 C 0
1446 5272 2 17 0 C 0
5272 5273 2 12 0 C 0
5273 1344 2 18 0 C 0
2360 3316 2 5 25 M 10
3316 6028 2 10 52 O 10
6028 2405 2 2 7 O 30
2405 4096 2 9 45 O 10
4096 6272 2 9 50 O 10
6272 6270 2 1 4 M 20
6270 6026 2 30 165 M 20
6026 6024 2 1 4 O 30
6024 6020 2 16 86 O 30
6020 6022 2 1 4 O 10
6022 2409 2 3 11 O 10
2409 6150 2 6 31 O 10
6150 2397 2 42 230 O 10
2397 2398 2 53 292 O 30
2398 2396 2 37 205 O 30
2396 2362 2 44 240 O 30
2195 5015 2 25 136 O 10
3198 3199 2 16 85 M 20
2194 3198 2 11 58 O 30
3198 2210 2 19 102 O 10
2210 2207 2 19 100 O 20
2207 2220 2 6 31 M 20
2220 2204 2 13 71 M 30
2204 2201 2 19 101 M 20
2201 2195 2 14 74 O 20
2570 2251 2 30 162 O 20
3032 3007 2 26 142 O 30
3007 3005 2 26 141 O 20
3005 3003 2 26 142 O 30
3003 3002 2 26 141 O 10
2049 2044 2 47 0 C 0
2084 2085 2 28 150 O 10
2086 5344 2 15 80 O 30
5344 5342 2 24 129 M 20
5342 1629 2 8 42 M 30
1629 1630 2 3 13 O 20
1630 2571 2 29 161 O 20
3200 2025 2 8 44 M 30
2025 2026 2 11 59 O 30
1627 3608 2 9 50 O 20
3608 3610 2 3 15 O 20
1201 1204 2 15 0 C 0
1204 1195 2 15 0 C 0
1195 1199 2 23 0 C 0
1199 1191 2 15 0 C 0
1191 1322 2 15 0 C 0
1322 1196 2 10 0 C 0
1196 4924 2 7 0 C 0
4924 4925 2 9 0 C 0
5079 1281 2 30 0 C 0
1265 1269 1 7 0 C 0
1269 1266 1 33 0 C 0
5067 5070 2 41 225 M 10
5070 5065 2 4 0 C 0
3503 3201 2 24 128 O 10
1595 3509 1 18 96 O 10
1602 1601 1 12 65 O 20
1601 1600 1 12 66 O 10
1245 1247 2 12 0 C 0
1724 35 2 3 0 C 0
55 946 2 16 0 C 0
946 940 2 16 0 C 0
56 55 1 15 0 C 0
55 54 1 30 0 C 0
957 1028 2 18 0 C 0
1028 1029 2 15 0 C 0
1029 3866 2 18 0 C 0
3866 1003 2 15 0 C 0
955 1275 2 15 0 C 0
963 3862 1 18 0 C 0
3862 1109 1 15 0 C 0
1109 2324 1 24 0 C 0
40 41 2 33 0 C 0
1286 2344 2 15 0 C 0
2344 40 2 18 0 C 0
883 1300 2 14 0 C 0
1300 886 2 22 0 C 0
886 888 2 3 0 C 0
888 1290 2 26 0 C 0
1290 5317 2 5 0 C 0
5317 3863 2 11 0 C 0
3863 5316 2 6 0 C 0
5316 4915 2 7 0 C 0
2500 5517 1 1 2 O 10
5517 2505 1 3 13 M 30
2506 2500 1 2 9 O 30
1355 1356 1 3 0 C 0
1356 1186 1 5 0 C 0
4906 1355 1 17 0 C 0
1423 1424 1 44 243 O 30
1311 1397 1 33 183 O 30
5048 1311 1 26 139 M 30
1484 5049 1 8 0 C 0
5049 1491 1 69 0 C 0
1631 2110 1 43 235 O 10
2110 1243 1 171 945 O 10
2576 4394 1 18 99 M 10
4394 3067 1 2 9 O 20
3067 3068 1 3 14 O 10
3261 4396 1 12 64 O 20
3262 4068 1 13 70 O 10
2023 4068 2 7 38 O 10
4068 1627 2 17 91 O 30
3263 4383 2 3 15 O 30
4383 4384 2 3 13 O 10
4384 789 2 1 6 O 20
789 804 2 6 28 O 10
804 780 2 4 19 O 30
3264 3265 2 4 18 M 30
3265 3266 2 4 17 O 10
3266 4902 2 1 4 O 30
4902 3268 2 3 12 O 30
2041 3270 2 13 70 O 10
2041 3269 2 18 98 M 20
1426 4350 1 10 51 O 10
3687 3701 1 32 0 C 0
3272 2614 1 11 0 C 0
2614 4780 1 18 0 C 0
4780 3688 1 9 0 C 0
3688 3689 1 10 0 C 0
3701 3702 1 3 0 C 0
3702 3272 1 3 0 C 0
3700 3701 1 3 0 C 0
4365 3740 1 14 0 C 0
3740 3700 1 10 0 C 0
3271 3703 1 3 0 C 0
3703 3700 1 2 0 C 0
4109 3271 1 43 0 C 0
2791 2799 1 4 0 C 0
3273 1419 1 16 0 C 0
1416 1418 1 7 0 C 0
4117 1416 1 9 0 C 0
1418 3273 1 12 0 C 0
2776 979 1 7 0 C 0
3274 1088 1 10 51 M 20
3274 3275 1 7 39 O 30
1088 3275 1 7 37 M 30
3276 1089 2 7 35 O 10
1089 4127 2 18 99 O 10
3164 3274 1 16 86 O 30
1088 3276 2 4 20 O 20
1520 3257 1 8 41 O 20
3257 470 1 3 12 O 10
3280 3278 1 11 57 O 30
3278 4398 1 6 29 O 30
4398 1086 1 16 84 M 30
3157 3283 1 10 51 O 20
3282 3283 1 8 39 O 10
3281 3282 1 5 27 O 20
3282 3157 1 14 73 O 20
1435 4676 1 56 0 C 0
1680 1355 1 3 0 C 0
1369 1680 1 18 0 C 0
2769 19 1 8 0 C 0
3641 3642 2 55 0 C 0
3642 1118 2 3 0 C 0
4698 5397 1 8 0 C 0
5397 4699 1 16 0 C 0
1546 5047 1 35 0 C 0
3288 3224 1 11 0 C 0
1308 1485 1 28 0 C 0
6072 1052 1 2 0 C 0
1052 4300 1 75 0 C 0
4300 4299 1 1 0 C 0
3306 2429 1 20 0 C 0
2429 6230 1 9 0 C 0
6230 4301 1 2 0 C 0
4301 6229 1 1 0 C 0
6229 4298 1 14 0 C 0
4299 3308 1 8 0 C 0
3308 4302 1 7 0 C 0
4302 4297 1 11 0 C 0
4297 3307 1 21 0 C 0
1224 1225 2 3 0 C 0
1341 3310 1 6 0 C 0
3310 1340 1 6 0 C 0
3543 3535 1 17 91 O 20
3535 1176 1 3 12 O 20
602 4296 2 5 24 O 10
4296 2563 2 2 6 O 20
2563 5008 2 3 11 O 30
665 3114 1 7 38 O 30
3114 3311 1 44 241 O 10
4252 4102 1 2 11 O 20
4102 4101 1 3 13 O 30
4101 661 1 3 15 O 20
1612 3560 1 57 313 O 30
1146 2517 1 38 210 O 20
2517 660 1 9 45 O 30
2829 1147 1 15 83 M 30
1147 1148 1 42 232 O 20
4272 3313 1 7 35 O 20
3315 3314 1 8 43 M 10
2384 5011 2 6 32 O 20
5011 2385 2 3 12 O 30
3106 3107 2 12 0 C 0
3107 5275 2 2 0 C 0
5275 1240 2 14 0 C 0
3317 3297 1 25 0 C 0
3298 3317 1 31 0 C 0
3318 3298 1 20 0 C 0
1722 1731 1 23 0 C 0
4704 1722 1 16 0 C 0
3319 2433 1 8 0 C 0
2432 3319 1 9 0 C 0
1225 3634 2 8 0 C 0
3634 1226 2 7 0 C 0
4679 1351 2 2 11 M 30
1351 2248 2 28 153 O 20
2248 2245 2 28 155 M 10
2245 2244 2 43 237 O 20
1349 2566 2 2 9 O 10
1344 4124 2 5 0 C 0
4124 1345 2 6 0 C 0
6267 3321 2 17 90 O 10
3323 3322 2 14 77 O 10
3325 3322 2 8 42 O 20
3322 3321 2 5 26 O 30
3321 3324 2 23 123 O 10
3327 3325 2 19 102 O 20
3325 3326 2 4 21 O 20
2178 3320 2 17 90 O 20
3329 3328 2 14 76 O 10
3331 3330 2 4 17 O 30
3333 3331 2 18 96 O 10
3331 3332 2 20 107 O 20
3339 3338 2 26 140 O 20
3338 3337 2 26 143 O 30
3337 3336 2 26 141 O 30
3340 3342 2 10 53 O 20
3342 3341 2 16 86 O 20
3344 3343 2 10 53 O 30
3348 3347 2 26 141 O 30
3347 3346 2 26 140 O 10
3346 3345 2 23 122 O 10
3353 3352 2 28 154 O 30
3352 3351 2 28 154 O 20
3351 3350 2 27 145 O 20
3350 3349 2 33 183 O 30
3355 3994 2 28 155 O 20
3360 3359 2 26 144 O 30
3359 3358 2 28 154 M 30
3358 3357 2 28 155 M 30
3357 3356 2 12 64 M 10
3368 3367 2 35 192 O 20
3367 3366 2 43 238 O 30
3366 3365 2 18 99 M 20
3365 3364 2 29 161 O 20
3364 3363 2 26 144 O 20
3363 3362 2 33 182 O 30
3362 3361 2 23 128 O 20
3373 3372 2 26 144 O 30
3372 3371 2 29 160 O 10
3371 3370 2 18 98 O 20
3370 3369 2 44 240 O 20
3374 4016 2 46 251 O 10
3380 3379 2 26 143 O 10
3379 3378 2 29 161 M 30
3378 3377 2 18 98 M 10
3377 3376 2 44 239 O 30
3376 3375 2 35 193 O 30
3385 3384 2 29 160 O 20
3384 3383 2 18 99 O 10
3383 3382 2 43 238 O 30
3382 3381 2 35 192 O 30
3381 4017 2 45 246 O 20
3396 3395 2 17 94 O 10
3395 3394 2 28 154 O 30
3394 3393 2 28 154 O 30
3393 3392 2 28 154 O 20
3392 3391 2 28 154 O 30
3391 4488 2 27 146 O 10
4488 3390 2 33 182 O 30
3390 3389 2 33 183 M 10
3397 4088 2 24 133 O 10
3398 4089 2 26 143 O 10
3399 4090 2 26 144 M 10
3400 4092 2 26 143 O 30
3405 4489 2 27 146 O 30
4489 3404 2 33 181 O 30
3404 3403 2 33 183 O 10
3403 3402 2 26 143 M 20
3402 3401 2 30 162 O 30
3401 3438 2 18 99 O 10
3438 3437 2 44 239 O 10
3437 3436 2 35 192 O 10
3436 4015 2 46 254 O 10
3406 4475 2 28 154 O 10
3407 3999 2 28 154 M 30
4490 3408 2 27 145 O 20
4491 3410 2 27 145 M 20
3410 3409 2 28 155 O 10
3409 4380 2 28 154 O 20
4376 3412 2 27 145 O 20
3412 3411 2 28 154 O 10
3411 4379 2 28 155 O 20
3416 3415 2 28 155 O 10
3415 3414 2 28 155 O 30
3414 3413 2 27 145 O 20
3417 3419 2 26 142 O 30
3419 3418 2 28 155 O 20
3422 4091 2 26 143 O 10
3424 3423 2 10 51 M 20
3992 3993 2 26 144 O 30
3426 3425 2 7 37 O 20
3425 4462 2 48 262 O 20
3428 3427 2 46 252 O 30
3435 3434 2 46 252 O 20
3434 3433 2 35 192 O 20
3433 3432 2 44 241 O 30
3432 3431 2 18 98 M 20
3431 3430 2 29 160 M 20
3430 3429 2 27 145 O 20
3446 3445 2 15 79 M 30
3445 3444 2 19 103 O 30
3444 3443 2 33 183 M 10
3443 3442 2 27 145 O 20
4144 3449 2 8 43 O 10
3449 3448 2 18 99 O 30
3448 3447 2 44 240 O 20
3451 3450 2 29 159 M 20
3450 3452 2 18 99 O 30
4014 3454 2 47 256 O 20
3454 3453 2 35 192 O 20
3453 3452 2 44 240 M 30
3455 4013 2 47 258 O 10
3467 3466 2 29 161 M 20
3466 3465 2 18 97 O 20
3465 3464 2 44 240 O 20
3464 3463 2 7 38 O 20
3473 3472 2 16 88 O 20
3472 3471 2 27 145 O 10
3471 3470 2 33 182 O 30
3470 3469 2 33 183 M 20
3469 3468 2 12 64 O 10
3476 3475 2 16 87 M 30
2582 2587 1 10 0 C 0
2587 2586 1 7 0 C 0
2586 2583 1 17 0 C 0
2799 2813 1 5 0 C 0
2813 2811 1 6 0 C 0
3479 2791 1 2 0 C 0
2796 3479 1 5 0 C 0
2794 3480 1 5 0 C 0
3701 2794 1 6 0 C 0
1136 2334 1 6 0 C 0
3481 4571 2 4 0 C 0
2069 5021 2 11 0 C 0
3767 3768 1 143 0 C 0
3766 3767 1 30 0 C 0
4452 5535 1 7 38 M 30
5535 2494 1 9 45 O 30
2498 2499 1 16 86 O 10
2499 3596 1 16 86 O 20
2501 2506 1 7 33 O 20
3483 2501 1 6 31 O 20
84 2455 1 3 12 O 20
3485 4366 1 12 0 C 0
4366 4114 1 1 0 C 0
4116 3807 1 5 0 C 0
3807 1705 1 5 0 C 0
70 2848 1 18 0 C 0
4739 5319 1 9 0 C 0
5319 1581 1 12 0 C 0
4991 2848 2 13 0 C 0
4738 4713 1 7 0 C 0
4713 70 1 9 0 C 0
69 1042 1 15 0 C 0
3486 4999 2 8 0 C 0
1097 3486 2 8 0 C 0
4999 3487 2 9 0 C 0
3487 4991 2 7 0 C 0
2841 2842 1 7 0 C 0
2436 2437 1 6 0 C 0
2437 2839 1 5 0 C 0
1581 2838 1 12 0 C 0
2838 3489 1 17 0 C 0
574 1046 1 21 0 C 0
3109 573 1 11 0 C 0
3492 3109 1 20 0 C 0
1045 3491 1 8 0 C 0
1046 1045 1 10 0 C 0
1697 126 1 28 0 C 0
2435 1697 1 17 0 C 0
3490 2697 1 8 0 C 0
2697 2696 1 11 0 C 0
2696 2435 1 5 0 C 0
126 1047 2 3 0 C 0
1038 5308 2 28 0 C 0
5308 3953 2 5 0 C 0
3953 1036 2 6 0 C 0
2546 2760 1 3 0 C 0
5073 4836 1 22 0 C 0
4836 4835 1 3 0 C 0
4835 1545 1 3 0 C 0
5072 2343 1 9 0 C 0
2343 1692 1 11 0 C 0
1692 2826 1 2 0 C 0
5071 4533 1 14 0 C 0
4533 1691 1 1 0 C 0
1263 1264 1 15 0 C 0
1264 1265 1 11 0 C 0
1260 1261 1 16 0 C 0
60 64 1 16 0 C 0
64 1259 1 16 0 C 0
1259 1260 1 15 0 C 0
2701 3493 1 9 0 C 0
1585 1584 2 16 0 C 0
1586 2432 1 3 0 C 0
1604 4494 1 13 0 C 0
3494 1297 2 18 0 C 0
1297 889 2 8 0 C 0
4493 889 1 14 0 C 0
182 4494 2 12 0 C 0
4494 960 2 2 0 C 0
1543 1544 2 38 0 C 0
1544 4539 2 3 0 C 0
4539 182 2 27 0 C 0
960 4510 2 11 0 C 0
4510 3494 2 3 0 C 0
5078 3495 2 12 0 C 0
3495 1593 2 14 0 C 0
1593 1543 2 14 0 C 0
2844 4840 1 7 0 C 0
4840 1550 1 12 0 C 0
1436 742 1 2 0 C 0
742 3515 1 9 0 C 0
1549 1436 1 21 0 C 0
47 36 1 15 0 C 0
43 44 1 16 0 C 0
46 43 1 16 0 C 0
63 46 1 16 0 C 0
949 63 1 16 0 C 0
45 949 1 15 0 C 0
1378 45 1 16 0 C 0
25 1378 1 12 0 C 0
3496 25 1 11 0 C 0
24 3496 1 5 0 C 0
23 24 1 15 0 C 0
22 23 1 12 0 C 0
380 21 1 12 0 C 0
21 1267 1 21 0 C 0
5055 5059 1 3 0 C 0
4449 5055 1 6 0 C 0
3497 1734 1 14 0 C 0
1734 4896 1 2 0 C 0
4896 3516 1 18 0 C 0
2933 2932 1 3 0 C 0
1536 2933 1 11 0 C 0
5061 4908 1 5 0 C 0
4908 1536 1 2 0 C 0
3498 4909 1 9 0 C 0
4909 2933 1 10 0 C 0
5066 2542 1 15 0 C 0
2535 2536 1 14 76 O 20
2544 2535 1 9 45 O 30
2534 4526 1 1 5 M 30
4526 4523 1 17 90 O 30
4523 2544 1 19 104 O 20
2740 5587 2 7 37 M 30
5587 3508 2 2 10 O 10
3508 3499 2 8 43 M 20
2740 3500 2 11 56 O 10
4589 4501 2 116 643 O 10
4501 2740 2 5 26 O 10
3501 3201 2 6 31 O 20
3201 4865 2 6 32 O 20
4865 2734 2 2 6 M 10
2734 4866 2 10 54 O 10
4866 4856 2 3 14 O 10
4856 4861 2 2 7 O 20
4861 3502 2 4 17 O 10
3502 2736 2 12 66 O 30
2736 1598 2 14 75 M 10
1598 1602 2 17 91 O 30
1602 3509 2 3 12 O 30
3509 378 2 8 41 O 10
378 5590 2 12 0 C 0
5590 5078 2 8 0 C 0
3504 1097 2 6 0 C 0
1694 5061 1 7 0 C 0
2536 4528 1 13 70 O 10
4528 3506 1 5 25 O 20
2542 2759 1 15 0 C 0
2759 2541 1 7 37 O 30
2540 2539 1 22 121 M 20
2541 2540 1 7 38 M 20
2544 2539 2 2 10 O 10
2760 2542 1 21 0 C 0
3505 937 1 11 0 C 0
1550 936 1 22 0 C 0
936 3505 1 11 0 C 0
1267 22 1 7 0 C 0
696 4669 1 3 0 C 0
4669 4670 1 27 0 C 0
4670 1098 1 6 0 C 0
1675 2844 1 4 0 C 0
3506 2545 1 11 0 C 0
3508 3507 2 3 12 O 20
1403 904 2 13 0 C 0
57 2837 1 16 0 C 0
2837 56 1 18 0 C 0
32 31 1 12 0 C 0
945 32 1 16 0 C 0
33 945 1 14 0 C 0
1389 33 1 12 0 C 0
965 3510 1 8 0 C 0
3510 5307 1 7 0 C 0
5307 1389 1 2 0 C 0
3484 965 1 15 0 C 0
2425 3484 1 16 0 C 0
3511 1725 1 12 0 C 0
1725 4853 1 5 0 C 0
4853 4852 1 8 0 C 0
4852 1726 1 6 0 C 0
1724 5302 1 3 0 C 0
5302 5303 1 3 0 C 0
5303 3511 1 8 0 C 0
3512 35 1 11 0 C 0
4436 1727 1 12 0 C 0
1727 1728 1 20 0 C 0
1723 1724 1 11 0 C 0
1726 4703 1 20 0 C 0
4703 2425 1 12 0 C 0
1730 4704 1 11 0 C 0
3513 1695 2 43 0 C 0
1674 2431 1 4 0 C 0
3515 1586 1 9 0 C 0
3516 5706 1 3 0 C 0
5706 26 1 3 0 C 0
1479 1477 1 13 0 C 0
5058 3517 1 6 0 C 0
1483 3497 1 17 0 C 0
26 27 2 5 0 C 0
27 4873 2 2 0 C 0
4873 4872 2 4 0 C 0
4872 2929 2 6 0 C 0
2929 5708 2 6 0 C 0
5708 28 2 6 0 C 0
3287 3519 2 6 31 O 30
2924 3287 2 4 22 O 10
2930 2924 2 14 75 M 20
2920 3520 2 5 25 O 30
2931 2920 2 9 45 O 20
4429 3521 1 4 18 O 20
2750 2927 2 18 100 O 30
2927 5707 2 5 22 O 10
5707 3521 2 19 103 O 20
3521 2751 2 4 19 O 20
3523 2926 2 22 121 O 20
3524 4427 2 5 27 O 10
2926 4870 2 4 18 O 20
4870 3524 2 4 21 O 30
3522 4429 1 3 13 O 30
4429 2751 1 4 19 O 10
1257 1258 1 11 0 C 0
1249 4851 1 3 0 C 0
4851 4849 1 5 0 C 0
4849 1248 1 8 0 C 0
1258 1268 1 7 0 C 0
1284 1272 1 7 0 C 0
1272 1248 1 6 0 C 0
1282 4511 1 2 0 C 0
4511 1283 1 6 0 C 0
1283 4850 1 3 0 C 0
4850 1284 1 1 0 C 0
1735 4448 1 17 0 C 0
4448 1483 1 5 0 C 0
3525 29 2 16 0 C 0
5057 5060 2 7 0 C 0
28 5057 2 7 0 C 0
3526 26 2 13 68 O 30
3522 3527 2 8 40 O 30
3527 5705 2 4 19 O 30
5705 3526 2 9 45 O 10
953 950 1 15 0 C 0
1721 1030 1 16 0 C 0
31 4435 1 12 0 C 0
1728 34 1 18 0 C 0
34 3512 1 13 0 C 0
3528 2929 2 13 0 C 0
3530 3529 2 2 10 O 30
3531 4680 1 23 0 C 0
4680 1175 1 2 0 C 0
3532 3533 1 5 26 O 20
3533 509 1 14 73 O 30
509 3534 1 59 324 M 10
3534 3853 1 14 77 O 30
3853 3854 1 48 262 O 10
1176 1579 1 4 19 O 20
3537 3536 1 9 49 O 20
3537 4566 2 5 23 O 20
4566 6157 2 7 39 O 10
6157 1492 2 5 23 M 30
1492 1346 2 25 135 O 10
1346 1498 2 7 35 O 10
1498 1503 2 15 79 O 20
1503 6093 2 5 27 O 30
6093 1502 2 14 74 O 20
3538 1176 1 13 70 O 20
3535 3539 1 6 33 O 30
3539 3538 1 7 37 O 30
3541 1169 1 38 208 M 30
1169 3547 1 32 176 O 20
3542 1579 1 16 84 O 10
1177 3542 1 65 0 C 0
1176 3531 1 48 0 C 0
1170 3543 1 34 184 O 30
3544 3548 1 12 62 O 20
3545 3546 1 5 27 M 20
3547 3545 1 13 69 O 10
3545 609 1 3 12 O 10
5002 5004 1 3 15 M 30
5004 612 1 2 8 M 20
3548 1170 1 23 126 O 20
3549 613 1 10 51 O 20
5005 614 1 1 5 O 10
3550 3555 1 41 226 O 10
3552 615 1 3 11 O 20
3552 3551 1 4 20 O 20
3553 3552 1 6 31 O 10
2598 3553 1 57 316 O 10
2598 2599 2 3 15 M 30
2599 3554 2 16 85 O 30
3555 2599 1 17 92 O 30
1175 1178 1 13 0 C 0
5003 5002 1 3 16 O 10
3551 3544 1 10 55 O 30
1459 1592 1 5 0 C 0
1592 1589 1 10 0 C 0
1589 1471 1 6 0 C 0
1471 1604 1 4 0 C 0
157 5122 1 3 0 C 0
1080 569 1 20 0 C 0
976 977 2 6 0 C 0
3557 978 2 8 0 C 0
978 979 2 4 0 C 0
1490 1414 1 72 0 C 0
1413 1490 1 64 351 O 30
1412 1413 1 21 116 M 10
4331 3559 1 16 86 O 20
3559 4339 1 3 13 O 10
4339 3558 1 11 60 M 30
5129 5126 1 17 92 O 30
5126 5125 1 11 60 O 10
3560 3115 1 8 42 O 10
3115 666 1 8 43 O 30
3561 2832 1 7 39 M 20
2832 664 1 3 16 M 20
3312 3561 1 40 222 O 20
4249 3562 1 29 160 M 10
2471 4102 1 3 15 O 30
3562 2519 1 16 87 M 30
2519 658 1 7 34 M 30
2712 4248 1 17 91 O 20
4247 2712 1 33 182 O 30
2710 654 1 13 69 O 30
4320 5130 1 6 29 O 10
5130 3563 1 6 29 O 20
3564 2617 1 12 64 O 20
607 2564 1 5 26 O 30
2564 3564 1 28 150 O 30
2417 603 1 4 21 O 10
3566 611 1 11 56 O 30
3565 2417 1 9 45 O 20
1157 1612 1 16 88 O 20
1148 1611 1 13 68 O 10
2617 1152 1 7 36 M 20
1152 3566 1 56 311 O 20
3567 4693 2 9 46 O 30
1351 3568 1 15 81 M 30
3568 1352 2 39 212 M 30
1352 6005 2 49 268 O 30
6005 4564 2 3 12 O 30
4564 6000 2 2 9 O 20
6000 6002 2 6 31 O 30
6002 6001 2 5 22 O 10
6001 2247 2 2 9 M 10
2247 605 2 9 45 O 20
3569 4695 1 9 50 O 20
3570 4074 1 9 46 O 20
4072 175 1 31 169 O 10
175 2449 1 17 93 O 20
2566 3572 2 12 64 O 30
2568 1349 2 7 38 O 20
3571 1349 1 20 109 O 30
1348 3571 1 16 88 O 10
3572 2270 2 5 25 O 20
2566 4076 1 21 111 O 10
4076 4072 1 17 89 O 30
3573 2566 1 16 88 O 10
2499 2495 2 2 8 O 20
2495 3583 2 8 39 O 20
3575 2504 1 6 28 O 10
2504 4024 1 5 27 M 10
3576 2496 1 10 51 M 30
3578 3577 2 17 90 M 30
3580 3577 1 4 17 O 30
3577 3579 1 8 42 O 30
3581 4610 1 9 46 O 10
4610 3582 1 3 17 O 20
3583 5531 2 1 2 O 10
5531 1887 2 8 41 O 20
1887 1864 2 15 82 O 20
2495 3576 1 11 60 O 30
2494 2495 1 11 58 O 10
1920 3584 2 13 67 O 20
1956 1920 2 12 64 M 20
3586 2959 2 16 84 O 30
2959 4984 2 11 60 M 20
4984 1956 2 6 28 O 20
3585 2960 2 13 67 O 10
2960 3586 2 13 70 O 20
3261 4389 2 7 36 O 30
4389 1950 2 1 5 O 10
1950 1628 2 9 50 O 20
1628 3036 2 9 48 O 20
3994 2960 2 8 41 O 30
2960 3419 2 8 43 M 30
3419 3040 2 8 44 M 30
3040 1091 2 8 43 O 30
1091 1931 2 8 44 O 30
1931 1949 2 44 244 O 30
3587 4023 1 9 45 M 20
2133 4023 2 1 3 O 20
4023 2426 2 7 35 M 30
1580 3063 1 3 0 C 0
3588 5007 1 8 0 C 0
5007 1241 1 6 0 C 0
4453 3589 1 13 70 O 10
3591 3590 1 24 132 M 30
3590 4453 1 14 74 O 10
3001 3591 1 14 77 O 30
1631 4484 2 6 29 M 10
4484 3593 2 3 13 O 10
3592 1514 2 11 60 M 30
1947 4059 2 21 114 O 30
4059 2017 2 28 155 O 20
2017 4474 2 28 153 O 30
4474 2951 2 28 155 O 30
2951 1633 2 28 155 O 30
1633 1935 2 27 146 O 10
1935 1634 2 33 182 O 30
1634 2974 2 33 183 M 30
2974 2989 2 26 143 O 30
2989 2990 2 30 161 O 10
2990 1635 2 18 98 O 30
1635 2992 2 44 240 O 10
2992 3042 2 35 192 O 30
3042 1966 2 46 254 O 10
1514 1631 2 3 14 O 30
1514 5456 1 102 565 O 10
5456 3068 1 14 78 O 10
3594 1514 1 14 75 O 20
3595 4483 1 3 12 M 10
4483 1631 1 12 64 O 20
3067 4773 1 4 18 O 10
4773 4770 1 7 38 O 30
4770 3595 1 93 512 O 10
3596 4454 1 10 54 M 30
3597 4887 1 6 33 O 20
4887 4452 1 5 25 M 30
3598 2852 2 23 125 M 20
1781 3598 2 7 35 O 20
3599 2558 1 11 58 O 30
2558 2447 1 8 40 O 10
4086 2234 2 50 273 O 30
2234 2568 2 14 76 M 10
42 39 1 15 0 C 0
39 943 1 12 0 C 0
943 953 1 16 0 C 0
3606 1417 2 5 0 C 0
2089 3607 2 19 102 O 30
3609 3608 1 11 56 O 10
3610 4387 2 8 42 M 30
1489 2092 2 14 73 O 20
1320 1392 1 52 286 O 30
1390 3611 1 45 245 M 30
3611 5043 1 18 96 O 30
2041 3612 2 16 84 M 10
2041 3613 2 13 71 O 30
3614 1489 2 13 72 O 30
3615 1489 2 14 75 O 10
1489 3616 2 13 68 M 20
3616 766 2 10 54 O 20
766 3263 2 25 135 O 30
3263 4774 2 11 59 O 10
4774 2023 2 9 48 O 30
3617 159 1 29 0 C 0
1101 5827 2 6 0 C 0
5827 5097 2 9 0 C 0
158 160 1 67 0 C 0
3132 2449 2 5 26 M 20
2449 4074 2 2 10 O 30
3051 3132 2 14 75 O 10
1044 1587 1 6 0 C 0
461 3646 1 11 0 C 0
3647 463 1 9 0 C 0
2594 3655 1 31 0 C 0
920 919 1 21 0 C 0
919 3657 1 31 0 C 0
3648 3108 1 2 0 C 0
925 130 2 74 0 C 0
3650 132 2 5 0 C 0
3651 2591 1 9 0 C 0
2591 2593 1 24 0 C 0
3652 3666 1 13 0 C 0
3666 132 1 5 0 C 0
2592 3653 1 12 0 C 0
3654 920 1 12 0 C 0
3655 3656 1 17 0 C 0
3656 2592 1 12 0 C 0
3657 918 1 8 0 C 0
918 3647 1 48 0 C 0
3658 2594 1 9 0 C 0
3646 3658 1 37 0 C 0
3659 2692 1 16 0 C 0
3660 1432 1 9 0 C 0
1432 2590 1 14 0 C 0
1119 3660 1 25 0 C 0
3661 1119 1 11 0 C 0
1115 1116 1 15 0 C 0
1116 1117 1 3 0 C 0
1117 3661 1 13 0 C 0
3664 3662 1 4 0 C 0
3662 1114 1 2 0 C 0
2772 813 1 42 0 C 0
813 3677 1 16 0 C 0
1113 892 2 3 0 C 0
3665 1679 1 27 0 C 0
938 3665 1 27 0 C 0
3667 4051 2 11 0 C 0
4051 3650 2 1 0 C 0
3669 462 2 3 0 C 0
462 463 2 8 0 C 0
463 461 2 2 0 C 0
3670 1070 1 10 0 C 0
1070 1067 1 15 0 C 0
1067 1068 1 15 0 C 0
1068 3672 1 8 0 C 0
3671 127 1 8 0 C 0
893 3856 1 6 0 C 0
3856 902 1 6 0 C 0
902 1050 1 4 0 C 0
1050 895 1 15 0 C 0
895 3671 1 8 0 C 0
3672 1065 1 7 0 C 0
1065 1069 1 13 0 C 0
1069 1066 1 13 0 C 0
1066 3089 1 15 0 C 0
3673 893 1 8 0 C 0
899 894 1 17 0 C 0
894 896 1 13 0 C 0
896 3673 1 6 0 C 0
3089 3090 1 11 0 C 0
3090 4210 1 2 0 C 0
897 899 1 10 0 C 0
4210 3088 1 3 0 C 0
3088 3675 1 10 0 C 0
900 898 1 5 0 C 0
898 897 1 2 0 C 0
3674 900 1 3 0 C 0
901 3674 1 6 0 C 0
19 903 1 4 0 C 0
903 2770 1 6 0 C 0
2770 901 1 10 0 C 0
3675 2771 1 9 0 C 0
3676 2768 1 16 0 C 0
2768 1060 1 7 0 C 0
1060 19 1 3 0 C 0
1113 3664 1 33 0 C 0
3677 1113 1 11 0 C 0
3678 892 1 14 0 C 0
1057 3678 1 24 0 C 0
3679 1057 1 13 0 C 0
892 3676 1 52 0 C 0
4644 1137 1 7 0 C 0
1137 208 1 31 0 C 0
208 1304 1 46 0 C 0
4625 3103 1 14 0 C 0
3103 3681 1 10 0 C 0
3680 2695 1 21 0 C 0
3681 3682 1 91 0 C 0
4645 4642 1 2 0 C 0
4642 4596 1 23 0 C 0
4596 4839 1 14 0 C 0
4839 880 1 1 0 C 0
880 571 1 17 0 C 0
1303 4641 1 29 0 C 0
4641 4643 1 1 0 C 0
570 1303 1 23 0 C 0
2692 2693 1 3 0 C 0
1387 1388 2 3 14 M 30
3716 3735 2 21 115 O 10
3736 3716 1 4 20 M 10
3734 3709 2 6 29 O 10
3710 3712 2 2 8 M 30
3715 3711 2 2 9 O 20
3711 3714 2 2 9 O 10
3713 3710 2 2 9 O 20
3714 3713 2 18 100 O 10
3738 3737 1 3 14 O 10
3717 3729 2 2 9 M 30
3718 3729 2 6 32 M 30
3727 3718 2 13 71 O 20
3719 3733 2 36 199 M 20
3737 3712 1 9 46 M 10
3712 3736 1 11 56 O 10
174 3715 2 15 82 O 20
3715 3738 2 7 38 O 30
3726 3723 2 1 3 O 20
3723 3725 2 2 6 M 30
3728 2459 2 14 76 M 30
3729 3728 2 4 22 M 20
3730 3717 2 5 24 O 30
3731 567 2 8 40 O 10
567 3730 2 12 61 O 10
3732 3731 2 8 42 M 10
3733 3732 2 29 161 O 30
3720 3726 2 3 13 M 10
3721 3720 2 10 53 O 20
3722 3721 2 3 15 O 20
3723 3722 2 10 55 O 30
3725 3724 2 15 82 O 30
3728 3726 2 5 24 O 30
3731 3727 2 6 31 O 30
3735 3734 2 18 100 M 30
3734 3719 2 11 56 O 10
3716 3738 1 20 110 M 10
4209 4517 1 14 72 O 30
4517 4208 1 9 47 M 20
3775 3774 1 73 402 O 10
3162 3776 2 4 17 O 30
3776 3163 2 28 152 M 20
3784 4386 2 4 18 M 20
4386 389 2 4 18 O 30
389 4385 2 4 19 O 30
3785 3789 2 9 50 O 10
3787 3786 2 14 76 M 10
3787 3785 2 6 32 M 20
3785 3790 2 22 117 M 20
3790 3789 2 22 119 O 30
3789 3786 2 8 44 O 10
3786 3788 2 7 38 O 30
4212 3792 1 7 37 O 30
3793 3794 1 8 43 M 10
1162 1142 2 3 13 M 10
1142 4212 2 5 24 O 30
4212 3794 2 1 4 O 10
3794 4227 2 12 62 M 10
4227 3795 2 52 286 O 30
3800 3801 1 8 42 O 20
3798 3799 1 7 36 O 20
3799 3800 1 3 13 O 20
4035 4038 2 2 6 M 30
4038 5953 2 7 38 M 30
5953 3800 2 6 32 M 20
2456 2454 1 3 13 O 20
62 955 2 16 0 C 0
1354 1353 2 3 12 O 20
1949 4998 2 17 93 M 10
4998 1025 2 9 50 O 20
1025 1613 2 4 17 O 20
1613 4996 2 34 185 M 20
4996 5515 2 7 34 O 20
5515 1616 2 25 135 O 30
1616 5500 2 10 52 M 20
5500 4370 2 3 16 O 10
4370 4130 2 9 49 M 20
3803 4403 1 10 54 O 10
3808 3811 2 11 59 O 30
3811 3809 2 18 97 M 30
4267 3811 2 11 56 O 30
3811 3810 2 10 51 O 20
875 3812 2 22 117 O 30
1333 810 2 4 18 O 30
810 4753 2 4 17 O 30
4753 1334 2 25 138 O 20
3815 3814 2 18 97 O 20
3817 3825 2 7 35 O 20
3826 3818 2 12 63 O 30
3819 3820 2 5 26 O 10
3827 3819 2 2 7 O 20
3821 3823 2 2 9 O 10
3824 3822 2 2 10 O 10
3822 3821 2 22 119 O 20
3828 3824 2 5 25 O 20
3824 3823 2 4 21 O 10
3823 3827 2 3 12 O 30
3827 3826 2 35 193 M 10
3826 3817 2 19 101 O 20
3829 1159 2 9 50 O 10
92 3724 2 2 8 O 10
3724 2459 2 5 26 O 20
2459 4728 2 2 9 O 20
4728 2458 2 69 381 M 30
3832 3831 2 6 33 O 30
3835 3834 2 8 44 O 30
3834 3833 2 22 119 O 30
3838 3835 2 15 80 O 30
3835 3837 2 52 283 M 20
3837 3834 2 58 321 O 30
3834 3836 2 9 48 O 30
5805 3839 2 152 840 O 10
3842 3841 2 155 857 O 20
3843 3831 1 27 145 O 20
3831 3844 1 48 262 O 10
3844 3832 1 50 273 O 10
3832 3847 1 30 165 O 20
3840 5805 2 2 9 O 20
5805 6284 2 3 12 O 20
6284 3839 2 3 12 M 10
3839 5828 2 2 6 M 10
5828 5833 2 7 36 M 10
5833 5839 2 14 77 M 30
5839 3838 2 2 8 O 20
3838 3836 2 6 33 O 10
3836 3833 2 28 151 O 30
3833 2462 2 200 1106 O 30
3850 3849 2 7 34 O 30
3852 6197 2 21 111 M 20
6197 3851 2 3 13 O 20
3853 3851 2 2 10 O 10
572 3857 1 4 0 C 0
3857 2698 1 3 0 C 0
2698 1733 1 5 0 C 0
1733 3490 1 7 0 C 0
3962 3880 2 48 262 M 20
751 3962 2 20 108 M 30
3962 2149 2 9 46 O 10
3879 3878 2 36 200 O 10
2460 173 1 34 187 O 20
4318 2461 1 33 179 M 10
2725 5884 2 12 63 O 20
5884 2727 2 64 355 O 20
3882 5803 1 14 77 O 10
5803 5804 1 8 43 M 10
4313 3845 2 30 163 O 20
3845 3847 2 17 91 O 20
3847 3843 2 8 41 O 30
3843 3846 2 5 24 O 20
3846 3842 2 16 85 M 30
3842 6285 2 3 15 O 20
6285 3841 2 3 15 O 30
3841 3881 2 4 18 O 20
3881 5802 2 8 41 O 20
5802 5804 2 8 41 O 30
5804 3840 2 2 7 O 10
3881 5806 2 8 42 O 20
5806 3829 2 16 85 O 30
1817 3977 2 3 12 O 20
3977 1822 2 10 53 O 10
1822 3981 2 11 60 M 30
3885 3960 2 21 116 O 30
3960 3884 2 13 71 O 20
3891 3900 2 15 80 O 10
3893 3892 2 10 54 O 10
3930 3907 2 15 80 O 30
3907 3896 2 10 53 M 10
3896 3895 2 11 57 O 30
3895 3931 2 10 53 O 30
3931 3936 2 20 106 O 30
3936 3927 2 10 53 O 20
3927 3897 2 10 53 M 20
3897 3894 2 10 54 O 30
3918 3905 2 10 52 O 20
3905 3910 2 11 60 O 30
3910 3928 2 8 39 O 10
3914 3897 2 31 171 O 30
3902 3901 2 10 53 O 30
3901 3900 2 10 53 O 20
3900 3892 2 20 107 O 30
3892 1882 2 11 58 O 10
3907 3906 2 26 139 O 20
3906 3925 2 11 56 O 30
3925 3905 2 10 54 O 20
3905 3904 2 22 120 M 20
3904 3903 2 16 88 O 10
3933 3919 2 10 53 M 10
3919 3899 2 10 53 M 20
3906 3929 2 14 73 O 20
3912 3901 2 15 78 O 10
3921 3923 2 44 239 O 10
3923 3922 2 21 115 O 20
3922 3909 2 33 179 O 30
3909 3908 2 34 187 O 20
3903 3890 2 10 54 O 10
3890 3923 2 10 52 M 20
3918 3896 2 46 252 O 20
3925 3924 2 15 78 O 20
3932 3926 2 10 54 M 10
3926 3898 2 10 52 M 30
3915 3927 2 36 195 M 10
3920 3890 2 50 274 M 30
3890 3889 2 30 166 O 10
3889 3888 2 47 258 O 20
3888 3887 2 37 201 O 30
3910 3904 2 14 75 M 10
3889 3922 2 10 53 O 20
3930 3929 2 26 140 O 30
3929 3924 2 10 53 O 30
3924 3928 2 9 47 O 30
3928 3903 2 13 68 O 10
3903 3913 2 101 560 O 30
3913 3891 2 18 99 O 30
3891 3912 2 10 52 M 10
3912 3911 2 10 52 O 20
3911 3902 2 15 78 O 10
3886 3895 2 46 250 M 30
3918 3886 2 10 55 O 10
3886 3934 2 10 55 O 30
3934 3917 2 12 66 O 10
3917 3916 2 10 51 O 10
3916 3915 2 12 61 O 10
3915 3914 2 10 55 O 10
3914 3894 2 37 203 O 10
3917 3919 2 15 78 O 20
3919 3926 2 19 101 M 20
3892 3913 2 28 153 O 10
3913 3888 2 10 55 O 10
3888 3909 2 10 53 O 10
3921 3920 2 10 52 O 10
3934 3933 2 16 89 O 10
3933 3932 2 19 102 O 20
3932 3931 2 11 60 O 30
3918 3935 2 17 91 O 10
3916 3899 2 11 57 O 20
3899 3898 2 19 102 M 30
3898 3936 2 11 57 O 30
3938 3937 2 11 59 M 20
2245 2246 2 90 497 O 30
2441 2442 2 13 71 O 10
2440 3779 2 14 77 O 20
3779 3940 2 6 28 O 10
3779 545 2 12 66 O 30
545 549 2 16 87 O 10
549 3780 2 7 37 O 10
3780 624 2 23 124 O 30
624 552 2 8 40 O 30
552 3778 2 1 5 O 30
3778 6192 2 11 60 M 20
6192 3781 2 3 12 O 20
2197 725 2 23 126 O 30
725 2314 2 11 58 O 20
2314 1496 2 17 90 M 10
2659 2667 1 18 0 C 0
2660 2668 1 6 0 C 0
2668 2659 1 4 0 C 0
3805 3252 2 33 183 O 30
3252 4997 2 26 141 O 30
4997 1025 2 3 14 O 20
1186 1360 1 4 0 C 0
1360 1680 1 3 0 C 0
3760 91 1 22 0 C 0
91 3762 1 4 0 C 0
179 5100 2 2 0 C 0
5104 5103 1 2 0 C 0
5103 5101 1 2 0 C 0
1403 3872 2 11 0 C 0
3645 2032 2 18 99 O 10
2032 2075 2 26 143 O 30
2075 2076 2 53 293 M 30
2076 2029 2 17 92 O 10
2029 3643 2 17 92 O 30
3643 4060 2 25 137 M 20
4060 1624 2 6 30 O 30
3593 4901 2 2 6 O 20
4901 1947 2 9 48 O 30
2024 2025 2 41 226 O 30
876 3644 2 25 137 O 10
3644 5599 2 15 79 O 10
5599 675 2 31 170 O 10
675 1623 2 31 168 O 10
3948 3705 2 15 82 O 10
3950 3952 2 46 253 O 10
5003 608 1 2 6 O 30
3036 3992 2 9 47 M 10
3992 3585 2 6 31 O 20
1083 20 2 4 0 C 0
129 3955 1 10 0 C 0
934 3956 2 7 0 C 0
3108 3958 1 10 0 C 0
3959 3648 1 11 0 C 0
2173 3967 2 6 32 O 10
3967 2174 2 2 10 M 10
2174 2173 2 4 20 O 20
3971 3969 1 10 51 O 10
3969 3970 1 2 9 O 30
3970 3972 1 5 26 O 10
3972 3974 1 5 27 O 30
3974 1751 1 2 10 O 10
1751 1823 1 6 31 M 20
1823 3971 1 4 18 O 10
1738 1774 2 58 322 O 20
1774 5755 2 9 49 M 10
5755 1769 2 6 32 O 30
1769 1768 2 14 77 O 10
1768 1761 2 14 76 O 20
1761 111 2 9 47 O 10
111 4884 2 1 5 O 30
4884 1760 2 5 24 O 20
1760 1755 2 14 76 O 20
1755 1754 2 14 76 M 20
1754 3972 2 9 48 O 20
3973 3970 1 2 8 O 20
3970 3974 1 2 8 O 30
3974 3977 1 9 48 O 30
3334 1751 1 6 29 O 30
1751 3969 1 2 9 O 20
3969 3973 1 2 10 M 30
3978 3979 1 7 38 O 30
3980 3968 1 2 8 O 20
3981 3980 1 5 22 O 20
3968 1824 1 2 10 O 10
1824 3979 1 3 14 O 10
3979 3981 1 2 7 O 10
3985 3984 1 4 0 C 0
3988 3986 1 3 0 C 0
3984 3983 1 1 0 C 0
3983 3987 1 1 0 C 0
3987 3988 1 2 0 C 0
916 917 2 60 0 C 0
917 3986 2 25 0 C 0
1855 3130 2 7 35 O 10
3976 3995 2 39 215 O 30
4011 4480 1 14 76 O 10
4480 4005 1 15 78 O 20
4005 4006 1 28 154 O 30
4006 4478 1 14 75 O 30
4478 4007 1 13 71 O 30
4007 4476 1 18 96 M 20
4476 4008 1 16 86 O 20
4008 4164 1 10 55 O 30
4164 4472 1 7 35 O 10
4472 4000 1 17 92 O 30
4000 4165 1 14 74 O 20
4165 4001 1 13 71 O 30
4001 4163 1 15 80 O 10
4163 4009 1 15 80 O 10
4009 4003 1 18 99 M 30
4003 4161 1 14 77 M 20
4161 4471 1 14 77 O 10
4471 4002 1 16 84 O 20
4002 4152 1 18 95 O 10
4152 4010 1 18 97 O 20
4010 4019 1 16 88 O 10
4019 4021 1 16 85 O 20
4021 4012 1 15 80 O 20
4022 4021 2 2 9 M 10
4024 4025 1 9 47 O 10
4025 4026 1 10 52 O 30
4026 3587 1 10 52 O 20
2129 2895 2 14 77 O 20
2895 2901 2 14 73 M 20
2901 2900 2 14 75 O 10
2900 2899 2 14 76 O 10
2899 2136 2 14 75 O 10
2136 2905 2 14 76 O 30
2905 2904 2 14 74 O 20
2904 2137 2 14 77 O 20
4027 2129 2 5 23 M 10
3478 3006 2 14 73 M 10
3006 5687 2 8 42 O 20
5687 3007 2 8 41 O 30
3007 2998 2 15 80 M 30
2998 1870 2 9 45 O 20
4079 4032 1 2 10 M 30
2448 4031 1 3 14 O 10
4032 4033 1 3 14 M 30
4033 4034 1 8 44 O 20
4034 4036 1 11 60 M 20
4036 4035 1 3 13 O 20
4035 4304 1 2 9 O 10
4304 4037 1 3 14 M 10
4037 4305 1 3 14 O 20
4305 4038 1 2 9 O 20
4038 3599 1 3 14 O 10
4047 4045 1 2 9 O 30
4045 4046 1 10 53 O 20
4046 753 1 7 39 O 10
753 4044 1 16 85 M 10
4044 2143 1 2 9 O 10
4042 2143 1 4 20 M 30
4044 4042 1 4 20 M 20
4040 5558 1 2 10 O 10
5558 4039 1 4 21 O 10
4039 4632 1 3 15 O 10
4049 4045 1 8 41 O 20
4045 4044 1 2 9 O 20
4042 2140 2 10 53 M 30
2140 2120 2 15 78 O 20
2120 2177 2 34 184 O 10
2177 2154 2 20 110 O 30
2154 4597 2 15 83 O 20
4597 620 2 27 149 O 30
620 2146 2 35 193 M 10
4043 4047 1 3 15 O 10
2143 4043 1 3 15 M 10
4049 4046 1 15 81 O 30
2143 4047 1 2 8 M 30
4047 5559 1 2 10 O 20
5559 4040 1 6 30 O 10
2145 4041 1 3 13 M 10
4041 4049 1 6 29 O 10
4054 4053 2 36 197 O 20
4053 4052 2 27 148 O 20
2121 4056 2 6 32 O 20
4056 4054 2 25 136 O 10
4054 4055 2 35 191 O 10
2168 2169 1 14 77 O 10
2169 2171 1 14 75 O 20
2171 2147 1 41 223 O 10
2124 2122 1 14 76 O 20
4217 4063 1 71 394 O 10
4063 4064 1 5 24 O 10
5108 169 1 5 27 O 20
169 5143 1 65 360 O 10
5143 5141 1 7 34 M 20
5141 170 1 1 3 O 30
2111 2114 2 17 94 O 20
2114 3476 2 11 61 O 20
3476 2110 2 5 24 M 10
4073 1348 1 31 170 O 10
4074 4073 1 16 87 O 10
3571 4076 2 2 8 O 30
5960 2567 2 23 126 O 20
2567 4075 2 2 6 O 10
1981 2939 2 13 67 M 10
2939 3474 2 9 50 O 10
3474 2940 2 9 48 O 30
2940 82 2 9 48 M 30
82 2941 2 10 50 M 20
2941 5730 2 13 72 M 30
5730 2937 2 12 67 O 10
2937 4486 2 20 106 M 30
4486 4087 2 7 38 O 30
4086 4082 1 10 51 O 10
4082 4083 1 9 47 O 30
4083 4080 1 5 26 O 10
4080 4081 1 11 59 O 10
4081 4079 1 3 16 O 30
4084 4085 1 9 48 O 20
4085 4086 1 10 50 O 30
4031 2233 1 14 75 O 20
2233 4084 1 5 25 O 20
2183 2184 2 19 105 O 20
2184 2243 2 26 140 M 10
2243 4106 2 8 43 O 10
4106 4107 2 5 24 O 10
4107 5978 2 8 40 M 20
5978 6148 2 5 23 M 10
6148 2185 2 12 66 O 10
2182 5983 2 8 39 O 30
5983 2183 2 11 56 O 10
2180 5848 2 28 155 O 20
5848 2731 2 1 4 M 30
4099 4100 1 14 76 O 20
4100 4098 1 6 31 O 30
4098 4097 1 9 45 O 10
3788 3787 2 23 125 O 30
3791 3788 2 15 80 O 20
3769 386 2 19 0 C 0
386 90 2 5 0 C 0
90 3816 2 3 0 C 0
3816 3760 2 2 0 C 0
4110 4109 1 10 0 C 0
3234 3748 1 17 89 O 20
3748 3747 1 39 216 O 30
3747 3746 1 37 0 C 0
3746 3743 1 37 0 C 0
3743 3745 1 38 0 C 0
4114 4116 1 2 0 C 0
4121 4115 1 2 0 C 0
3806 4119 1 4 0 C 0
4119 4120 1 1 0 C 0
4120 4121 1 9 0 C 0
1705 3806 1 4 0 C 0
4133 4132 1 4 17 O 20
4131 4134 1 3 15 M 20
4137 4138 1 1 5 M 10
4138 4136 1 7 36 O 30
4128 4137 1 13 68 M 30
1090 4139 1 3 14 O 30
4139 4126 1 7 37 O 20
4126 4129 1 13 68 O 20
4127 4128 1 2 8 O 30
4129 4127 1 2 10 O 10
4132 473 1 2 8 O 20
4130 472 1 1 3 O 20
4136 4135 1 11 56 O 10
4139 4138 1 7 38 O 20
2916 4140 1 4 19 O 10
4465 4464 1 6 30 O 20
4141 4125 1 6 31 O 30
3138 4142 1 12 62 O 20
4142 4141 1 8 41 O 20
4141 4143 1 4 22 O 30
4145 3139 2 3 16 O 20
3139 3140 2 12 62 M 20
3140 3141 2 9 47 O 10
4146 3177 2 3 16 O 10
3177 3186 2 14 75 O 10
3186 3178 2 15 79 O 30
3178 3158 2 15 81 M 30
4159 4154 1 15 79 O 20
4154 4155 1 44 241 O 20
4155 4156 1 18 98 O 30
4156 4157 1 29 160 O 20
4157 4158 1 27 145 O 20
4158 4160 1 10 54 O 20
4159 3045 2 21 114 O 10
3045 1972 2 46 251 O 10
4150 4161 2 2 9 O 10
4152 4162 2 2 9 O 20
4149 4163 2 2 9 O 10
4147 4164 2 2 9 O 10
4165 4148 2 2 9 O 20
4167 5032 1 8 0 C 0
4169 4168 2 2 7 O 30
1332 4174 1 3 14 O 30
4174 4169 1 10 54 M 10
4169 642 1 1 2 O 30
642 651 1 5 26 M 30
651 4745 1 18 98 O 30
4745 4172 1 4 20 O 20
4172 4170 1 2 10 O 10
4170 4173 1 7 34 O 10
4173 1330 1 8 44 O 10
1330 4168 1 27 146 O 30
4168 4171 1 10 54 O 10
4171 1332 1 3 14 O 10
1334 1332 2 11 60 O 10
4179 4178 1 10 55 O 20
4189 4190 1 2 11 O 30
4191 2529 1 4 17 O 30
5483 4198 2 2 11 O 10
4198 4197 2 2 10 O 10
4194 4193 2 2 10 O 20
4200 4199 2 2 11 O 10
4195 4201 2 2 8 O 20
2530 4202 2 2 7 O 10
4203 4204 1 2 9 O 30
4204 4206 1 7 37 O 10
4646 4647 2 22 119 M 20
4647 5477 2 39 215 O 30
5477 3204 2 24 133 O 30
3216 2537 2 3 13 O 20
4214 4213 1 3 13 O 10
4213 2467 1 3 13 O 20
4215 4216 1 51 280 O 30
4216 4217 1 41 225 O 20
1442 4219 1 6 29 O 10
4223 4220 1 11 57 O 30
4226 4233 1 5 26 M 10
4233 4224 1 11 58 M 10
4224 4225 1 3 13 O 30
4219 4226 1 6 29 O 10
4219 5653 2 4 17 O 30
5653 1443 2 2 8 O 10
4229 4228 1 6 30 O 30
4228 4232 1 6 30 O 20
4231 4229 1 1 3 O 10
4229 4232 1 3 13 O 10
4232 4230 1 3 15 O 30
4230 1504 1 1 3 O 20
1504 4231 1 2 8 O 10
1504 3777 2 17 90 O 10
4234 4233 2 3 12 O 30
4225 4221 1 4 18 O 30
4221 1161 1 3 15 O 10
4235 4236 1 15 82 O 30
3947 5104 1 19 0 C 0
1655 1656 2 4 17 O 20
4217 170 2 2 7 O 30
2198 2199 2 8 39 O 10
2201 2202 2 14 75 O 10
2204 2205 2 13 71 O 10
2207 2208 2 14 73 M 10
2210 2211 2 13 71 M 30
4245 4244 1 7 0 C 0
4256 4254 1 3 0 C 0
1683 4255 1 11 0 C 0
4255 4256 1 5 0 C 0
3813 1333 2 8 40 O 20
4263 4260 1 6 31 O 10
4260 4265 1 7 36 O 30
2731 5850 2 2 9 O 20
5850 4265 2 17 92 O 20
4268 668 1 3 14 M 30
2728 4267 1 7 39 O 10
2727 2728 1 8 39 M 20
4267 4268 1 7 37 O 30
2708 4269 2 3 12 M 10
2704 4270 2 2 10 M 10
5933 5935 2 19 100 O 20
4279 2761 1 7 36 O 10
2761 2707 1 7 35 O 30
4281 4280 1 8 43 O 10
4282 4817 1 2 0 C 0
4817 4288 1 10 0 C 0
4283 4286 1 5 0 C 0
4286 4287 1 6 0 C 0
4289 4283 1 12 0 C 0
4287 4285 1 51 0 C 0
2411 2412 2 4 21 O 20
4293 3098 1 2 8 O 30
3098 4292 1 2 6 O 10
4292 4293 1 1 4 O 10
3098 3097 2 12 63 O 20
4295 4278 1 9 48 O 10
4295 2765 2 9 48 M 30
4278 4294 1 4 19 O 10
4294 4295 1 6 30 M 30
4309 4312 1 6 30 O 30
3848 4310 1 2 10 O 10
3848 4311 1 3 12 O 10
3883 1817 2 3 12 O 10
173 1438 1 88 485 O 20
5132 4319 1 4 17 O 20
4320 4333 1 2 9 O 10
4333 4321 1 18 99 M 10
4321 4322 1 7 37 O 20
4322 2719 1 4 19 O 30
2719 5131 1 8 42 O 30
4316 5119 2 13 70 O 20
4325 4335 1 25 135 M 20
5128 4331 1 21 113 O 30
4330 4324 1 13 67 O 20
4328 4327 1 15 80 M 30
4329 4328 1 52 287 O 10
4324 4329 1 11 61 O 10
4334 4316 1 4 17 O 20
4316 4332 1 4 17 O 30
4336 4333 1 6 29 O 20
4333 4334 1 3 12 O 10
4335 4337 1 6 29 O 20
4337 4336 1 6 29 O 20
4327 4338 1 3 16 M 20
4338 4325 1 14 76 O 20
4326 4330 1 6 30 O 30
839 5123 1 39 0 C 0
4339 4338 2 2 7 O 30
3297 3296 1 3 0 C 0
4341 4345 1 4 18 O 20
163 4341 1 4 18 O 10
5114 4342 1 12 67 M 30
4350 4349 1 8 42 O 20
4350 3066 2 14 73 O 30
3066 3269 2 39 213 M 10
3683 3064 1 3 13 O 10
4348 4347 1 2 8 O 30
4347 4764 1 3 13 M 10
4764 3683 1 18 98 O 20
3064 3684 1 3 12 O 30
4353 4352 1 5 24 O 20
4352 4359 1 5 26 O 30
4354 4356 1 5 24 O 10
2042 4354 1 5 26 O 20
4357 4355 1 5 27 O 10
4355 4360 1 5 27 O 10
4358 4359 1 2 7 M 20
4359 2042 1 1 4 M 10
2042 4356 1 2 6 O 30
4356 4357 1 1 2 O 20
4357 4360 1 2 6 O 10
4360 4353 1 1 2 O 10
4353 4358 1 1 1 O 10
3270 4354 2 52 286 O 20
4361 3942 2 5 0 C 0
3942 6236 2 20 0 C 0
6236 6237 2 8 0 C 0
6237 5490 2 5 0 C 0
5490 5491 2 1 0 C 0
5491 4110 2 11 0 C 0
4110 3690 2 8 0 C 0
3755 3944 2 16 0 C 0
3944 2613 2 28 0 C 0
2613 5324 2 11 0 C 0
5324 1685 2 1 0 C 0
4362 1712 1 11 0 C 0
1712 3696 1 5 0 C 0
3696 4362 1 6 0 C 0
4362 3697 2 26 143 O 10
3697 3698 2 20 106 M 10
401 4369 2 14 75 O 30
4369 4368 2 16 85 O 30
1026 1020 2 13 71 O 10
1027 2087 2 13 70 O 30
4372 4371 2 31 172 O 10
4374 4373 2 21 117 M 20
3952 3951 1 17 93 O 30
3951 3950 1 7 37 O 20
763 4382 2 4 17 O 30
773 777 2 4 21 O 10
777 761 2 3 14 O 10
761 781 2 4 20 M 20
781 802 2 3 16 O 10
802 796 2 4 18 O 30
796 769 2 4 17 O 20
769 754 2 4 21 O 10
754 786 2 3 14 O 20
786 756 2 5 25 O 30
756 782 2 5 23 O 30
4388 4389 1 2 10 O 20
1950 4388 1 2 9 O 20
4389 4390 1 5 24 O 30
4390 1950 1 5 24 O 20
4388 875 2 16 86 M 20
875 5446 2 6 31 O 10
5446 5448 2 5 23 M 10
5448 873 2 6 31 O 30
873 3424 2 16 85 O 30
3424 6254 2 14 76 O 20
6254 1951 2 28 154 O 20
4396 3067 1 10 55 M 20
4395 4394 1 3 15 M 20
4393 4392 1 4 19 M 20
4392 4395 1 7 38 O 10
4387 4393 1 9 48 O 20
467 5457 1 2 9 O 30
5457 4387 1 8 39 O 10
4394 3261 1 22 117 O 10
4398 4397 1 18 95 O 20
4401 4399 1 7 37 M 20
4399 4400 1 7 34 M 30
4403 3804 1 3 14 O 20
3804 4402 1 3 13 O 20
4402 2578 1 7 33 O 10
4410 4407 2 21 114 O 20
4407 4408 2 4 18 M 20
4408 4409 2 13 69 M 20
4411 4410 2 15 79 O 30
4410 4406 2 19 101 O 20
4406 4407 2 3 15 O 30
4412 4411 2 9 48 O 30
4411 1713 2 3 15 O 20
1713 4413 1 22 122 O 30
1714 5418 2 14 77 O 30
5418 1713 2 5 25 M 20
381 4833 2 4 0 C 0
2923 4971 2 18 99 O 30
4971 4416 2 31 169 M 20
4418 4417 2 16 86 O 10
4423 4420 2 9 47 M 10
4420 4419 2 3 14 O 20
4419 4422 2 32 173 O 20
4422 4417 2 12 62 O 30
4417 4421 2 4 22 O 30
2751 4428 2 2 8 M 30
4427 4447 1 2 10 M 10
4447 4428 1 1 4 O 30
4428 3522 1 7 36 O 20
2751 4427 1 4 18 O 20
4431 4430 2 20 106 O 10
4434 5046 1 3 15 O 20
5046 4433 1 3 15 O 10
4433 4434 2 2 6 O 10
4434 311 2 32 174 M 10
311 4432 2 2 7 O 30
4435 30 1 2 0 C 0
30 4445 1 2 0 C 0
4437 4436 1 16 0 C 0
4438 4437 1 15 0 C 0
4439 4438 1 8 0 C 0
4440 5306 1 2 0 C 0
5306 4439 1 7 0 C 0
4441 4440 1 12 0 C 0
4442 4441 1 16 0 C 0
4443 4442 1 14 0 C 0
4444 4443 1 12 0 C 0
4445 4444 1 12 0 C 0
3192 3152 2 11 57 O 10
3152 3146 2 20 110 M 30
4446 5703 2 2 6 O 20
5703 2924 2 4 17 O 30
986 988 2 11 57 O 30
988 989 2 10 51 M 10
4448 4450 2 13 0 C 0
4450 632 2 11 0 C 0
632 4449 2 9 0 C 0
2918 4451 2 20 108 O 10
4454 4455 1 9 47 O 10
4455 4456 1 30 162 O 20
4456 4457 1 14 74 O 10
4457 4458 1 14 73 O 30
4458 4459 1 24 133 O 30
4459 4460 1 14 77 M 30
1871 3850 2 17 91 O 20
3850 1809 2 4 18 O 30
747 1807 2 19 102 O 30
1807 1810 2 13 72 O 20
1810 4029 2 3 16 M 20
4029 1812 2 12 66 O 20
1812 1814 2 14 77 O 30
1814 1820 2 14 75 O 10
1820 1808 2 15 79 M 30
1690 5714 1 14 0 C 0
5714 3498 1 5 0 C 0
2827 1690 1 15 0 C 0
1897 2891 1 10 51 O 30
2891 2892 1 14 76 O 20
1896 2484 1 26 140 M 30
2484 1895 1 27 146 O 10
4470 3336 2 5 24 O 20
3336 1890 2 8 42 O 10
4151 4471 2 2 9 O 30
4473 4472 2 2 10 O 20
4020 4019 2 2 10 O 10
4477 4476 2 2 10 O 10
4479 4478 2 2 10 O 30
4481 4480 2 2 10 O 10
4482 4483 1 4 18 M 20
3595 4482 1 5 23 O 20
4482 4485 2 1 4 O 10
4485 4484 2 10 56 M 20
4487 4486 2 7 39 O 30
5088 4493 1 11 0 C 0
1539 5276 2 3 11 O 20
1064 1453 2 3 12 O 10
1453 4495 2 47 258 O 30
4497 4496 1 5 26 O 30
4499 4498 1 7 36 O 10
4504 4503 1 8 42 O 10
4500 4501 1 6 31 M 20
1650 4502 1 10 55 O 30
2016 2014 2 29 157 O 30
2014 2015 2 25 133 O 20
4506 4505 2 35 194 O 10
4507 2928 2 22 121 M 30
5077 5065 1 16 0 C 0
5077 5068 2 2 0 C 0
1596 1597 2 13 67 O 30
1010 4512 2 17 91 O 30
4512 4513 2 5 24 O 30
4515 4514 2 14 76 O 30
1063 4496 2 4 21 O 10
4496 2741 2 5 26 M 20
3209 3210 2 15 79 O 10
4190 4191 1 4 18 M 10
2529 3208 1 2 10 O 30
3218 4895 2 19 102 O 20
4895 4518 2 8 42 O 20
4520 109 2 15 81 O 30
109 4519 2 6 28 M 30
4523 4522 2 2 8 O 20
4526 4525 1 2 10 O 30
2733 2534 1 2 10 O 10
4524 4527 2 1 1 O 30
4525 4527 1 5 28 O 30
4527 2738 1 1 3 O 30
2738 4524 1 1 3 O 20
4524 2733 1 5 27 O 10
4529 3775 2 2 9 O 20
4530 2532 2 2 9 O 30
2746 5073 2 22 0 C 0
5073 4832 2 4 0 C 0
4832 5075 2 15 0 C 0
5075 697 2 2 0 C 0
697 4534 2 5 0 C 0
4534 5076 2 6 0 C 0
2342 4531 1 1 0 C 0
1268 2342 1 8 0 C 0
4496 4532 2 7 35 O 30
1266 5074 1 1 0 C 0
5074 5076 1 20 0 C 0
4541 4542 1 18 0 C 0
4542 4544 1 37 0 C 0
4544 4543 1 17 0 C 0
4543 4546 1 10 0 C 0
4546 4545 1 25 0 C 0
4545 4547 1 6 0 C 0
3536 3535 1 4 19 O 10
1579 3537 1 9 49 O 20
1579 3536 1 3 12 O 20
4566 3533 1 19 100 M 30
4552 1620 2 2 0 C 0
4554 4553 1 67 0 C 0
4553 4552 1 72 0 C 0
4557 4556 2 9 49 O 20
4562 4559 2 15 81 O 10
4559 4556 2 17 91 O 10
4556 4558 2 27 145 O 30
4560 4563 2 15 82 O 20
4564 4563 2 13 69 O 20
4563 4562 2 22 120 O 20
4562 4561 2 14 77 O 10
4561 4559 2 17 93 O 10
4559 4557 2 11 57 O 30
4557 4560 2 11 61 O 20
4560 4558 2 9 46 M 20
4558 2247 2 5 25 M 30
4548 4565 2 30 161 O 10
1339 600 1 8 0 C 0
4569 4570 1 3 0 C 0
601 4571 1 6 0 C 0
3080 4572 1 7 39 O 30
1572 6279 2 2 11 O 10
4578 4581 1 24 132 O 10
4581 4583 1 26 139 O 20
4583 4585 1 10 53 O 30
4585 4315 1 6 28 O 20
2132 4586 1 6 29 O 20
3878 4587 1 5 26 M 20
4588 3878 1 5 24 O 30
4592 4588 1 2 8 O 10
4587 4593 1 2 8 O 30
4590 4589 1 3 16 M 10
4591 4590 1 14 73 O 10
2513 4588 1 10 52 O 10
4588 4587 1 2 9 M 30
4587 4591 1 23 125 O 30
4589 1541 1 3 15 O 30
1542 2515 1 15 81 O 10
2515 4593 1 8 42 O 20
4593 4592 1 2 10 M 20
4592 2513 1 10 52 O 30
505 504 2 12 66 O 10
504 4582 2 7 35 O 10
4582 4581 2 5 23 O 30
4581 4580 2 26 140 O 30
4584 4583 2 3 15 O 10
4585 2720 1 7 37 O 10
4595 4584 1 16 84 O 10
4584 4582 1 23 127 O 30
4582 4578 1 22 118 O 20
4579 6032 1 23 126 O 20
2176 6104 2 18 97 O 20
6104 4597 2 36 199 O 30
4598 4599 2 6 29 O 30
745 4600 2 1 5 M 30
4052 4601 1 7 34 O 20
4601 4603 1 4 19 M 20
4603 4602 1 2 10 O 20
4602 4052 1 2 10 M 20
745 2176 1 15 80 O 10
2177 4598 2 5 28 O 30
4598 4601 2 36 194 O 30
4603 745 1 6 28 O 10
4610 4609 1 4 21 O 20
4605 4606 2 75 415 M 10
4606 226 2 7 37 O 10
226 228 2 4 18 O 20
228 229 2 3 16 O 20
229 231 2 5 23 O 20
231 233 2 4 19 O 30
233 236 2 4 19 O 30
236 4607 2 4 20 M 30
4607 238 2 4 18 O 10
238 243 2 4 19 O 10
243 248 2 2 10 O 30
248 240 2 2 9 O 20
240 247 2 4 18 M 30
247 245 2 4 20 O 20
245 252 2 4 21 M 30
252 276 2 30 166 O 20
276 274 2 5 24 O 20
274 4618 2 2 7 M 10
4618 272 2 3 14 O 20
272 4608 2 4 18 O 20
4608 269 2 4 20 O 30
269 4617 2 3 15 O 30
4617 3579 2 4 17 O 30
3579 3581 2 2 9 O 10
3581 4616 2 1 5 M 30
4616 4615 2 3 16 M 20
4615 5697 2 2 7 O 30
5697 288 2 12 65 M 20
288 117 2 18 99 O 20
117 5564 2 34 184 O 30
5564 5562 2 16 86 O 30
5562 4614 2 3 17 M 20
4614 4613 2 38 211 O 10
4613 4612 2 14 75 O 10
4612 4611 2 26 144 O 30
4621 4623 2 32 176 M 30
2695 4625 1 2 0 C 0
4630 4633 2 2 6 O 30
4627 4626 2 2 6 O 10
4628 2123 1 2 8 O 30
2480 2481 1 3 15 O 20
2481 2124 1 7 36 O 20
2124 2900 1 44 241 O 30
2900 999 1 8 42 O 30
999 996 1 21 116 O 30
996 2897 1 8 42 M 30
2897 2125 1 36 198 O 20
2125 4629 1 2 6 M 10
4631 4630 1 5 24 O 20
4630 4638 1 4 17 O 10
4638 4627 1 3 11 O 20
4627 4629 1 5 25 O 30
4629 4628 1 14 77 O 30
4628 2145 1 12 62 M 10
2426 2512 2 2 6 O 20
2512 5524 2 1 4 O 20
5524 2130 2 13 67 O 10
2130 2128 2 14 76 M 20
2128 4631 2 13 71 O 20
1062 1561 1 3 15 O 20
4594 2514 1 3 16 O 10
2514 1062 1 2 9 O 30
1561 4594 1 2 8 O 30
4639 4634 2 14 75 O 30
4636 4635 2 34 184 O 20
4638 4637 1 10 54 M 10
4640 4636 2 37 205 O 20
4636 4639 2 16 84 M 30
4639 4637 2 2 9 O 20
4637 4629 2 7 38 M 10
4650 4649 2 14 75 O 20
4649 4646 2 35 192 O 30
4646 4648 2 7 33 O 10
1938 4654 2 7 37 O 10
4654 4653 2 13 71 O 20
4653 4652 2 15 79 O 10
4652 4651 2 284 1573 O 30
4659 4658 2 2 10 O 20
859 4624 2 16 86 O 10
4624 854 2 19 105 M 10
4623 4622 2 3 16 O 10
4622 4621 2 30 161 O 10
4619 4664 2 14 73 O 20
4664 4663 2 13 67 M 10
4663 4662 2 7 34 O 30
1135 4574 1 5 0 C 0
1302 4576 1 2 0 C 0
4575 2699 1 2 0 C 0
4643 4644 1 3 0 C 0
3682 4645 1 13 0 C 0
1032 1031 1 3 0 C 0
1031 2322 1 14 0 C 0
2322 4831 1 7 0 C 0
4831 4830 1 5 0 C 0
4830 4829 1 3 0 C 0
4829 1404 1 4 0 C 0
1404 1110 1 8 0 C 0
4669 4668 2 4 0 C 0
4668 1112 2 16 0 C 0
3620 5000 1 12 0 C 0
5000 3619 1 16 0 C 0
3619 3618 1 16 0 C 0
6038 1497 2 7 36 M 30
1493 1497 2 18 98 O 20
3568 4694 1 7 38 M 20
4679 3569 1 17 92 O 20
2285 4681 2 4 19 O 10
4683 4682 2 27 147 M 30
4685 4684 2 16 86 O 30
3091 4686 2 3 16 O 30
4686 4687 2 12 65 O 10
4687 4742 2 59 324 O 20
4742 4743 2 23 124 O 10
4743 1553 2 10 51 O 10
4689 4688 2 33 179 O 30
4693 4679 2 2 8 O 10
4692 4691 2 5 24 O 10
4694 4679 1 8 43 O 30
4695 1351 1 8 39 M 30
4699 5398 2 3 0 C 0
5398 383 2 4 0 C 0
383 384 2 31 0 C 0
384 5377 2 5 0 C 0
5377 1076 2 10 0 C 0
1076 974 2 51 0 C 0
4656 4706 1 12 0 C 0
4706 4700 1 17 0 C 0
1037 4701 1 14 0 C 0
4701 4656 1 15 0 C 0
1676 1673 1 6 0 C 0
1695 4704 2 1 0 C 0
957 958 2 31 0 C 0
958 53 2 16 0 C 0
2838 2331 1 3 0 C 0
3870 5709 2 1 0 C 0
5709 3871 2 6 0 C 0
1110 1111 1 11 0 C 0
3864 4992 2 11 0 C 0
4992 1002 2 15 0 C 0
5098 5099 1 29 0 C 0
5099 1103 1 11 0 C 0
2626 2631 2 4 22 O 20
2631 2633 2 4 17 O 30
2633 2635 2 4 19 O 10
2635 2637 2 4 18 O 30
2637 2639 2 4 18 O 10
2639 2641 2 4 17 O 30
2641 2643 2 4 19 O 30
2643 2645 2 4 17 O 30
2645 2647 2 4 19 O 10
2647 5037 2 3 15 O 20
5037 2651 2 4 0 C 0
2651 2655 2 4 0 C 0
2655 2629 2 4 0 C 0
2629 2654 2 4 0 C 0
2654 5035 2 11 0 C 0
5035 2650 2 13 0 C 0
2650 5036 2 2 0 C 0
5036 4716 2 6 0 C 0
4716 4715 2 2 0 C 0
1196 4717 1 6 0 C 0
4717 5036 1 9 0 C 0
4721 4720 2 27 148 O 30
4720 4719 2 41 223 O 30
4723 4724 2 27 149 O 20
4724 4727 2 44 244 O 30
4727 4725 2 35 192 O 20
4726 4727 2 26 140 O 20
4728 4729 2 11 58 O 20
4729 4730 2 17 91 O 30
4730 4731 2 3 11 O 10
4731 4732 2 10 50 O 10
4733 4734 2 10 53 O 30
4734 4731 2 3 13 O 30
4734 4730 2 4 19 O 30
4729 4737 2 14 73 O 30
4737 4735 2 6 31 M 30
4735 4736 2 9 48 M 30
4736 4737 2 18 99 O 10
2674 177 1 2 0 C 0
177 4066 1 6 0 C 0
4066 178 1 70 0 C 0
1299 1301 2 22 0 C 0
1301 890 2 14 0 C 0
890 4536 2 1 0 C 0
4536 1294 2 19 0 C 0
3242 3243 1 3 13 O 30
3243 5332 1 19 105 O 10
5332 3244 1 7 36 O 30
5059 1694 1 13 0 C 0
4686 4741 2 16 84 O 20
4742 4741 2 70 384 O 30
4741 4687 2 4 20 O 30
4687 4743 2 70 388 M 30
5054 1394 1 16 0 C 0
4744 4170 1 4 20 O 10
4745 4744 1 5 25 O 10
1329 4749 2 15 83 O 20
4749 1330 2 12 62 O 20
1330 4172 2 2 7 M 20
4749 4748 2 2 9 M 10
4748 4747 2 17 92 O 10
4751 810 2 5 26 O 10
4753 4752 2 5 25 O 10
4752 637 2 4 18 O 30
637 638 2 4 17 O 20
638 635 2 4 18 M 10
635 640 2 4 17 O 30
640 641 2 4 18 O 30
641 4750 2 4 18 O 10
4750 650 2 4 22 O 20
650 4751 2 96 531 O 30
4751 4752 2 4 18 O 30
4754 4756 2 5 23 O 30
4758 4754 2 11 59 O 20
4754 4757 2 21 116 O 20
4757 4756 2 18 98 M 10
4756 4755 2 3 13 O 10
4172 4744 2 3 16 O 20
4744 432 2 13 68 O 20
432 4758 2 5 27 O 30
4758 4759 2 1 4 O 10
4761 4762 2 14 73 O 30
4764 4761 2 11 60 O 30
4761 4763 2 3 11 O 20
4763 4762 2 3 15 O 30
4762 4760 2 24 129 O 20
4766 4765 2 19 101 M 20
4768 4767 2 12 66 O 10
4772 4769 2 9 50 M 20
4769 4396 2 3 14 O 30
4773 4772 1 4 17 M 10
4772 4771 1 2 10 O 20
4771 4770 1 4 22 O 30
4383 4775 2 12 62 O 20
4779 4778 2 3 16 M 30
4778 4777 2 4 18 M 10
4777 4776 2 4 17 O 20
4786 4781 2 4 22 M 10
4781 4782 2 22 119 O 30
4138 4784 1 5 28 O 30
4784 4785 1 4 18 O 10
4787 4785 1 8 42 O 20
4785 4786 1 10 53 O 30
4784 4781 2 12 61 O 20
4790 4791 2 1 5 M 20
4792 4790 2 2 10 O 10
4795 4791 2 3 17 O 30
4791 4794 2 2 7 M 20
4306 4810 2 4 22 O 20
4810 4795 2 1 2 O 10
4793 4810 2 3 16 M 30
4794 4303 2 5 23 O 20
4801 4796 1 2 10 O 10
4796 4800 1 1 3 M 30
4800 4799 1 4 19 O 10
4797 4800 1 1 2 O 20
4798 4797 1 2 10 O 20
4802 4798 1 1 4 M 30
4803 4802 1 4 18 O 10
4802 4801 1 6 31 O 10
4808 4807 2 4 22 O 30
4809 4804 2 2 7 M 10
4804 4808 2 3 14 O 10
4806 4804 2 6 29 M 20
4807 4806 2 3 13 O 30
4806 4805 2 2 8 O 10
4813 4811 2 10 0 C 0
4811 4812 2 6 0 C 0
4821 4825 2 2 8 O 30
4820 4826 2 2 6 O 10
4819 4827 2 1 5 M 20
4828 4822 2 2 9 O 20
4823 4820 2 2 8 O 20
4824 4819 2 2 7 O 20
4822 4827 2 1 2 O 10
4827 4826 2 3 16 O 10
4826 4821 2 1 4 O 20
4875 4837 2 2 0 C 0
4837 4874 2 4 0 C 0
4834 4875 2 2 0 C 0
4874 4833 2 3 0 C 0
4842 4098 2 13 68 M 10
4843 4842 2 6 29 O 10
4842 4841 2 7 35 M 10
5932 6262 2 2 0 C 0
6262 4845 2 13 0 C 0
4845 5931 2 12 0 C 0
5931 4844 2 6 29 O 10
3941 4846 1 24 132 O 10
4847 4844 2 3 15 O 30
4844 4846 2 12 62 O 10
4846 2669 1 23 127 O 30
4855 4854 2 32 176 O 10
4857 4856 2 20 110 O 10
4859 4857 2 7 35 O 20
4857 4858 2 6 30 O 10
3502 4859 2 11 59 O 20
4859 4860 2 5 27 M 10
4862 4861 2 2 11 O 20
4864 4862 2 18 96 O 20
4862 4863 2 24 130 O 10
4866 4865 2 18 96 O 30
4786 4783 1 3 14 M 30
4868 4878 2 4 17 O 20
4876 4867 2 3 14 O 30
4878 4876 2 6 28 O 30
4877 4869 2 2 10 O 20
4870 4877 2 4 18 O 30
4871 4869 2 7 37 O 10
4869 4447 2 9 46 M 30
4880 4879 2 7 38 O 30
4882 4881 2 9 46 O 30
4884 4883 2 5 27 O 10
4886 4885 2 7 36 O 10
4888 4887 2 8 40 O 20
4891 1659 2 19 0 C 0
4890 4889 1 10 0 C 0
1658 4891 2 20 0 C 0
4891 4890 2 7 0 C 0
4890 179 2 6 0 C 0
4893 4892 2 4 18 O 30
4895 4894 2 19 104 O 20
4898 4897 2 5 28 O 30
3991 4898 2 7 37 O 30
4898 3990 2 70 388 O 30
4485 4901 2 13 71 O 20
3266 4903 2 4 17 M 30
4904 4905 1 31 170 O 30
820 1645 2 2 9 M 10
1645 819 2 2 7 O 10
4912 4911 2 7 39 M 10
4468 4913 2 8 42 O 30
4916 4915 2 8 0 C 0
1667 4920 1 4 20 O 10
4922 1662 2 11 57 O 20
4923 1664 1 5 27 O 20
1667 1664 2 8 41 O 20
1664 4922 2 2 9 O 30
4922 4921 2 4 22 O 10
4928 4927 2 6 29 M 10
4931 4927 2 2 6 O 30
4927 4930 2 3 13 M 20
4931 4929 2 11 60 O 10
4934 4929 2 4 20 O 20
4929 4932 2 6 31 O 20
4932 4931 2 12 65 O 20
4935 4934 2 10 55 O 10
4934 4930 2 11 60 O 20
4930 4933 2 6 32 O 20
4939 4937 2 11 58 O 10
4939 4938 2 8 44 O 30
4308 4941 2 7 35 O 10
4941 4937 2 9 47 O 20
4937 4940 2 6 32 O 10
4940 4939 2 3 16 M 30
4950 4943 2 6 30 O 30
4951 4944 2 8 40 O 20
4946 4945 2 9 47 O 10
4948 4947 2 6 32 O 20
4952 4949 2 5 26 O 20
4953 4952 2 6 29 M 10
4952 4948 2 4 21 O 30
4948 4946 2 4 19 O 20
4946 4954 2 1 3 O 30
4954 4951 2 4 18 O 30
4951 4950 2 4 21 M 10
4950 4942 2 7 35 O 10
4955 4954 2 6 31 M 20
4957 4958 2 34 185 O 30
4958 4956 2 4 18 O 30
4959 4958 2 13 68 O 20
4961 4959 2 4 18 O 30
4959 4960 2 35 193 M 20
4963 4962 2 4 22 O 30
4965 4968 2 33 181 O 10
4968 4964 2 24 131 O 10
4967 4966 2 12 62 O 30
4969 4967 2 5 23 M 10
4967 4963 2 2 10 O 30
4963 4968 2 8 41 O 30
4974 4977 2 4 19 O 30
4971 4970 2 17 92 O 30
4972 2923 2 13 67 O 10
4973 4974 2 22 119 M 30
4975 4973 2 74 406 O 30
4973 6286 2 8 44 O 10
6286 4974 2 8 44 O 20
4976 4977 2 24 130 O 10
4978 4977 2 7 36 M 20
4980 4979 2 8 44 O 30
4982 4981 2 12 65 M 30
4986 4985 2 8 42 O 30
4984 4983 2 12 62 M 20
2019 2022 2 61 333 O 30
2022 5451 2 14 77 O 30
5451 1626 2 11 57 O 10
1626 3262 2 5 23 O 20
3262 1627 2 11 56 O 30
967 4567 2 33 0 C 0
4567 3110 2 24 0 C 0
3110 966 2 25 0 C 0
966 6 2 32 0 C 0
6 6268 2 31 0 C 0
6268 2585 2 25 0 C 0
1719 2275 2 11 59 O 20
2275 2277 2 12 63 M 30
2277 2273 2 12 64 M 10
4104 5843 2 53 293 M 10
5843 1507 2 6 29 M 20
4993 4994 2 17 94 O 30
4994 4995 2 5 27 M 10
3232 2615 2 6 33 O 30
2615 3233 2 8 41 M 10
2094 2039 2 24 130 O 20
2039 1431 2 7 35 O 30
1431 1430 2 3 13 O 30
2094 2095 2 19 105 M 20
3163 4142 2 65 356 O 10
3991 1930 2 19 105 M 10
1930 3949 2 20 107 O 10
3949 4390 2 8 42 O 30
4996 4997 2 38 208 O 10
4997 4998 2 12 63 O 20
1834 94 2 39 216 O 20
94 1835 2 23 124 O 30
2340 3600 2 15 0 C 0
3600 2341 2 21 0 C 0
2341 2936 2 15 0 C 0
2936 2935 2 15 0 C 0
3621 1093 2 4 0 C 0
2778 3303 1 7 0 C 0
3303 3659 1 17 0 C 0
1102 2321 1 3 0 C 0
4573 2752 2 44 244 O 30
2752 1571 2 26 144 O 30
5233 5137 1 67 370 O 10
5141 5142 2 7 34 O 20
5142 5153 2 2 11 O 20
5153 5156 2 5 24 M 20
5156 5155 2 15 83 O 10
5155 5145 2 9 46 O 30
5145 5138 2 19 100 O 10
5138 5139 2 10 52 M 10
5138 5140 2 8 42 O 30
5142 5143 2 9 49 O 10
5144 5146 2 5 27 O 30
5146 5148 2 2 10 O 30
5148 5145 2 4 18 O 30
5146 5147 2 8 42 O 10
5148 5147 2 10 52 O 20
5147 5149 2 5 27 O 20
5153 5152 2 2 10 M 20
5157 5151 2 9 46 O 10
5151 5156 2 2 6 O 20
5150 5151 2 9 46 O 30
5154 5155 2 7 36 O 30
5178 5182 2 7 35 O 20
5182 5158 2 157 871 O 10
5161 5160 2 39 212 O 30
5160 5158 2 5 26 O 10
5158 5159 2 3 14 O 30
5112 5162 2 9 49 M 20
5162 5160 2 34 187 O 30
5162 5163 2 19 101 O 10
5163 5164 2 3 14 M 10
5164 5172 2 19 105 O 30
5172 5169 2 3 11 M 20
5169 5165 2 27 149 O 20
5165 5166 2 2 8 O 30
5166 5167 2 77 424 O 20
5167 4466 2 1 3 O 10
4466 5168 2 3 16 O 30
5169 5170 2 6 31 O 30
5171 5172 2 4 17 M 10
5159 5176 2 3 15 O 30
5174 5173 2 88 486 O 20
5175 5174 2 1 5 M 30
5176 5175 2 2 8 O 20
5178 5179 2 3 15 O 20
5180 5181 2 3 13 O 30
5180 5178 2 4 20 O 20
5180 5274 2 169 935 O 20
5182 5183 2 6 30 O 20
5183 5184 2 2 10 O 30
5184 5177 2 8 42 O 30
5187 5185 2 33 183 O 30
5185 5184 2 40 219 M 30
5185 5186 2 32 178 M 30
5186 5177 2 5 26 O 10
5187 5188 2 37 204 M 10
5189 5190 2 106 584 O 30
5190 5192 2 3 11 O 10
5192 5193 2 19 104 O 20
5189 5188 2 2 9 O 10
5194 5189 2 10 54 O 10
5195 5197 2 10 55 O 30
5197 5198 2 6 30 O 20
5196 5197 2 3 12 O 30
5190 5191 2 6 31 O 20
5191 5192 2 4 20 O 10
5200 5199 2 2 9 O 30
5199 5201 2 2 9 O 30
5202 5201 2 11 60 O 30
5201 5203 2 2 10 M 30
5210 5211 2 12 62 O 20
5212 5213 2 4 22 O 10
5205 5206 2 9 49 O 10
5205 5207 2 19 105 O 30
5205 5208 2 14 72 M 20
5208 5209 2 3 12 O 10
5209 5205 2 8 39 O 10
5204 2472 2 8 40 O 20
5215 5214 2 3 14 O 30
5216 5217 1 12 64 O 10
5234 5216 1 50 273 O 20
5137 5235 2 21 112 O 20
5235 5234 1 12 64 M 30
5233 5217 2 10 53 O 30
5217 5215 2 3 16 O 20
5215 4343 2 21 112 O 20
5224 5225 2 12 66 M 10
3096 5226 2 13 71 O 10
5228 5227 1 10 53 O 10
5229 5230 1 10 54 M 20
5231 5227 2 4 20 M 10
5227 5229 2 2 7 O 10
5229 5232 2 4 19 O 10
5253 5254 2 3 14 O 20
5222 5221 2 3 15 O 10
5223 5257 1 29 156 O 20
5258 5255 1 30 163 O 10
5256 5257 2 3 15 O 30
5257 5258 2 2 10 O 30
5258 5259 2 73 400 O 30
5259 5261 2 21 115 O 10
5261 5260 2 27 148 O 30
5260 5256 2 33 178 O 10
5220 5260 2 6 28 M 30
5218 5261 2 4 20 O 20
5219 5269 1 19 101 O 10
5269 5268 1 2 7 O 30
5268 5263 1 7 38 M 10
5264 5262 1 28 151 O 10
5259 5219 2 4 20 O 20
5262 5259 2 4 20 M 20
5270 5266 2 17 91 O 10
5266 5218 2 1 4 O 30
5265 5266 1 39 211 O 20
5267 5268 1 20 110 O 10
5269 5271 1 5 24 O 10
5271 5270 1 16 88 M 20
5271 5265 2 2 7 M 20
5267 5270 2 2 7 O 30
1040 5237 2 8 40 O 20
5237 5240 2 19 103 O 10
5240 5238 2 13 70 O 20
5238 5236 2 68 375 O 10
5238 5239 2 7 35 O 20
5239 5240 2 8 41 O 10
5241 5242 2 14 77 O 10
5244 5245 1 11 60 O 10
2714 5246 1 13 69 O 30
5247 5248 2 11 57 O 10
5249 5250 2 9 50 M 10
5251 5244 2 7 38 O 30
5244 5246 2 3 15 M 20
5246 5252 2 5 26 O 30
3188 3247 1 12 63 M 30
3247 3189 1 9 45 M 20
2081 2082 2 46 250 M 10
1627 3609 2 6 29 M 30
3609 98 2 35 190 O 30
98 1636 2 8 40 O 20
1636 1019 2 7 38 M 30
1019 5348 2 21 113 O 10
5348 2086 2 22 119 O 10
3054 1948 2 43 234 O 20
3949 3950 2 11 58 O 20
2742 4425 2 7 34 M 10
3877 3876 2 19 102 O 10
5281 5282 1 2 9 M 30
5282 5277 1 3 13 O 20
5277 5280 1 3 12 O 10
5280 5290 1 3 15 M 20
5290 5278 1 4 19 O 10
5278 5279 1 2 9 O 20
5279 5281 1 1 4 M 30
5283 5284 1 5 25 O 20
5284 5288 1 2 11 M 30
5288 5285 1 4 18 O 10
5285 6076 1 5 23 O 30
6076 5283 1 5 26 O 30
5284 5279 1 15 83 O 10
5278 5287 1 9 47 O 10
5287 5288 1 7 36 O 30
5289 5293 2 21 114 O 20
5293 5291 2 8 40 O 30
5291 5294 2 7 37 O 10
5290 5291 2 3 16 O 10
5291 5292 2 8 40 O 10
5292 6202 2 4 21 O 30
6202 6203 2 4 17 O 20
6203 6204 2 3 17 O 20
6204 5300 2 3 16 O 30
5300 6115 2 7 35 O 20
6115 652 2 23 124 O 20
5293 5287 1 9 50 O 10
5280 5294 2 7 35 O 20
5282 5295 2 10 54 O 20
5295 5296 2 10 51 M 30
5296 5297 2 17 90 O 20
5296 5298 2 13 69 O 10
5285 5301 1 6 31 M 10
5321 5322 2 9 45 O 30
2732 5320 2 23 124 O 10
5330 5329 2 11 59 O 10
5332 5331 2 12 66 O 30
5334 5333 2 10 51 O 10
5336 5335 2 14 75 M 10
5338 5337 2 9 47 O 10
2615 5339 2 21 114 O 30
5341 5340 2 12 63 O 20
5343 5342 2 16 84 O 30
5345 5344 2 12 65 O 20
5347 5346 2 12 66 O 20
5349 5348 2 9 50 O 30
5351 5350 2 7 38 O 10
5352 5351 2 6 31 O 20
5351 5362 2 23 122 M 30
5363 5354 2 9 48 M 10
5354 5353 2 11 57 O 20
5356 5354 2 27 148 O 20
5354 5355 2 25 134 O 10
5357 4180 2 56 308 O 30
5360 5353 2 25 135 O 10
5353 5358 2 22 117 O 10
5362 5361 2 1 5 M 30
5361 5355 2 34 184 O 20
5355 5360 2 11 58 O 10
5360 5359 2 4 22 O 30
5363 5362 1 2 11 O 30
5362 5364 1 9 48 O 30
3772 5361 1 9 48 O 20
5361 5363 1 2 11 O 10
5373 5372 2 4 19 O 30
5375 5373 2 12 0 C 0
5373 5374 2 15 78 O 10
4184 5375 2 4 0 C 0
5376 4183 2 4 22 M 10
5380 5383 2 10 53 O 30
5382 5384 2 7 38 O 10
5385 5384 2 6 32 O 20
5384 5383 2 19 103 M 30
5383 5382 2 25 134 O 20
5382 5381 2 5 25 O 20
5387 5386 2 18 95 M 20
4175 5386 2 4 20 O 20
5386 5385 2 16 86 O 10
5385 5387 2 25 136 O 30
5387 5388 2 4 21 M 30
4176 5389 2 41 227 M 30
5394 5390 2 10 55 O 10
5392 5391 2 12 61 O 30
5395 5394 2 11 60 O 10
5394 5392 2 11 58 O 20
5392 5393 2 2 10 O 10
5405 5404 2 8 42 M 10
5405 4424 2 8 42 M 20
5407 5405 2 24 130 O 10
5405 5406 2 4 17 M 20
5412 5411 2 10 51 M 30
5413 5414 2 13 69 M 30
5414 5412 2 25 136 O 30
5412 4408 2 3 15 M 20
5416 1714 2 19 105 O 10
1714 5413 2 29 156 O 20
5413 5415 2 13 71 O 20
5415 5414 2 3 12 O 20
5417 4411 2 5 25 O 30
5418 5417 2 3 15 O 20
5417 4412 2 14 75 M 10
5420 5419 2 8 44 O 30
5423 5421 2 8 41 O 30
2915 5420 2 25 134 O 20
5420 5423 2 6 31 O 10
5423 5422 2 10 53 O 30
5430 5428 2 28 154 O 10
5428 5429 2 14 77 O 20
5431 5427 2 25 136 O 10
5428 4186 2 17 94 O 20
5441 5439 2 3 12 O 20
5439 5436 2 4 20 O 20
5436 5434 2 4 18 O 20
5434 5432 2 4 20 M 20
5434 5433 2 12 65 O 10
5433 5425 2 8 43 O 10
5436 5435 2 12 64 M 20
5435 5425 2 10 51 O 20
5425 5431 2 4 19 O 20
5439 5438 2 12 63 O 10
5438 5437 2 8 44 O 10
5441 5440 2 12 66 M 10
5440 5437 2 10 54 M 30
5437 5430 2 11 57 O 10
5433 5435 2 4 17 M 20
5435 5438 2 4 20 M 10
5438 5440 2 3 16 O 10
5440 4711 2 4 20 O 20
5443 5442 2 19 102 O 10
5442 4187 2 3 14 M 20
4414 5426 2 3 16 O 20
5444 4771 2 5 28 O 20
5445 5444 2 3 11 O 10
4769 5445 2 6 29 O 20
5447 5446 2 21 114 M 30
5449 5448 2 17 89 O 20
5451 5450 2 49 269 O 10
5453 5452 2 22 121 O 30
5455 5454 2 7 35 O 10
5457 5456 2 15 82 O 30
5459 5458 2 12 66 O 20
5461 5460 2 8 44 O 10
5463 5460 2 5 28 O 10
5460 5462 2 15 81 O 20
5465 5461 2 7 34 O 20
5461 5462 2 7 38 O 20
5462 5464 2 2 8 O 10
5467 5466 2 3 13 O 30
5468 5467 2 11 60 O 30
5467 3396 2 4 22 O 10
4377 5469 2 19 105 O 10
5471 5470 2 19 105 O 10
5474 5473 2 7 34 M 10
5473 5472 2 4 21 O 20
4207 5475 2 9 48 O 20
5477 5476 2 31 171 O 10
5479 5478 2 24 128 O 20
5482 5480 2 27 149 O 30
5484 5483 2 9 50 O 20
5483 5482 2 7 39 O 30
5482 5481 2 5 28 O 10
4540 5485 2 7 37 O 10
5487 5486 2 58 321 O 30
5489 5488 2 16 86 M 30
5493 5492 2 5 23 O 20
5495 5493 2 8 42 O 20
5493 5494 2 5 26 M 10
5497 5496 2 40 221 O 10
5500 5499 2 19 101 O 30
5503 5501 2 11 58 O 20
4370 5503 2 31 169 O 10
5503 5502 2 19 102 O 20
5504 1616 2 21 116 O 10
5506 5505 2 7 34 O 20
5508 5506 2 2 7 O 30
5506 5507 2 12 64 M 20
5513 5505 2 6 31 O 10
5505 5507 2 4 17 M 30
5512 1614 2 17 92 O 20
1614 4372 2 8 44 O 10
4372 1615 2 33 182 M 10
1615 1616 2 10 55 O 20
1613 1617 2 24 131 O 30
1617 4374 2 5 24 O 20
4374 5511 2 8 41 O 30
5515 5514 2 3 15 O 20
5509 5508 1 21 115 O 10
5508 5513 1 4 22 O 20
5513 5514 1 2 10 O 30
5514 5510 1 28 151 O 10
5517 5516 2 10 52 O 30
5519 5518 2 8 41 O 30
5521 5520 2 12 61 O 30
5524 5522 2 4 22 O 10
5522 5525 1 15 81 O 30
5525 5523 1 4 20 O 10
5523 5522 1 10 51 O 10
5526 5525 2 5 26 O 20
5528 5527 2 3 14 O 10
5527 5529 2 22 121 O 20
5529 560 2 3 16 O 20
560 562 2 15 83 O 30
562 5528 2 9 45 O 10
5528 561 2 4 18 O 20
561 560 2 13 68 O 10
5530 5527 2 5 23 O 30
5527 6287 2 8 44 O 30
6287 5529 2 8 44 O 20
5532 5531 2 16 84 O 30
5534 5533 2 13 69 O 30
5536 5535 2 7 36 O 10
5538 5536 2 3 16 M 30
5536 5537 2 4 19 M 30
5540 5539 2 14 77 O 10
5541 5540 2 3 16 O 10
5540 5543 2 16 85 O 30
5543 5539 2 4 19 M 30
5539 5542 2 3 14 O 10
5545 5544 2 3 15 O 20
5547 5546 2 3 16 M 20
5549 5544 2 7 39 O 10
5544 5548 2 7 36 O 20
5551 5547 2 7 38 O 10
5547 5550 2 7 36 M 20
5553 5546 2 7 36 O 20
5546 5545 2 1 3 O 20
5545 5552 2 7 36 O 20
5555 5554 2 4 21 O 30
5557 5556 2 4 21 M 10
5559 5556 2 2 10 O 20
5556 5555 2 6 30 O 20
5555 5558 2 2 7 O 30
5561 5557 2 1 4 O 30
5557 5554 2 10 54 O 10
5554 5560 2 4 19 O 10
5564 5563 2 14 75 O 10
5563 5562 2 6 33 O 10
2548 5568 2 9 46 O 10
5567 5565 2 9 50 O 20
5473 5568 2 7 34 O 10
5568 5567 2 10 51 O 10
5567 5566 2 8 43 M 10
3963 5569 2 12 62 O 20
3966 5570 2 21 113 O 20
5572 5571 2 6 30 O 30
4654 341 2 16 88 M 20
341 5572 2 4 18 M 20
5572 5573 2 7 38 O 10
5575 291 2 3 11 M 30
291 5576 2 3 15 O 10
5576 5574 2 3 16 O 10
5577 5576 2 7 37 M 10
5580 260 2 6 29 O 30
260 6178 2 5 24 M 10
6178 5579 2 21 112 O 20
5582 259 2 8 43 M 30
259 5581 2 8 42 O 10
3965 5583 2 47 256 O 10
5585 5584 2 22 119 M 10
5587 5585 2 15 78 O 10
5585 5586 2 9 46 O 30
5589 5588 2 8 42 O 10
5590 5591 2 10 0 C 0
1601 377 2 10 53 O 10
377 375 2 13 69 O 20
375 5591 2 3 0 C 0
5592 5594 2 4 21 O 10
5596 5592 2 3 15 O 20
5594 5593 2 4 21 M 10
5593 5592 2 6 33 M 20
4048 5596 2 4 19 O 20
5596 5595 2 3 12 O 30
5598 5597 2 8 43 O 10
5601 5598 2 54 297 M 10
5598 5599 2 5 27 O 30
5602 5611 2 13 68 M 20
5612 5610 2 6 29 O 30
5610 5602 2 2 7 M 20
5604 5603 2 6 30 O 10
5606 5605 2 6 30 O 20
5608 5607 2 6 28 O 20
5610 5604 2 4 17 O 20
5604 5606 2 4 19 M 20
5606 5608 2 3 16 O 10
5608 5609 2 4 17 M 20
5613 5611 2 2 10 O 30
5611 5609 2 2 11 O 10
5609 5607 2 8 43 O 20
5607 5605 2 4 17 O 30
5605 5603 2 4 18 O 20
5603 5612 2 4 17 O 10
5615 5614 2 10 51 O 20
5617 5616 2 11 56 M 10
5620 5619 2 11 61 M 20
4060 5620 2 5 25 O 10
5619 5618 2 4 21 O 10
5618 5620 2 8 43 O 30
5600 2120 2 16 85 O 20
5624 5623 2 20 110 O 20
5641 5640 2 9 46 O 30
5626 5630 2 4 20 O 30
5629 5628 2 10 52 O 10
5628 5626 2 13 69 O 30
5633 5631 2 11 57 O 10
5631 5630 2 8 40 O 20
5630 4307 2 5 25 M 20
5635 5634 2 4 22 O 20
5637 5636 2 8 41 O 30
5639 5638 2 6 29 O 20
5642 5638 2 8 41 O 10
5638 5641 2 5 24 O 20
5641 5625 2 3 15 O 20
5631 5632 2 10 53 O 10
5632 5633 2 5 23 O 30
5633 5623 2 32 176 O 20
5623 6288 2 9 49 O 10
6288 5624 2 9 49 O 20
5624 5635 2 10 53 O 30
5635 5637 2 4 18 O 30
5637 5640 2 4 18 O 30
5640 5639 2 3 17 O 20
5639 5642 2 6 31 O 10
5642 5629 2 17 91 O 20
5629 2606 2 10 50 O 30
2476 2477 2 15 82 O 30
5644 2477 2 30 161 O 30
2477 5643 2 28 153 O 10
5646 5645 2 31 170 O 20
5648 5647 2 19 101 O 30
5650 5649 2 25 137 O 10
5652 5648 2 4 21 O 10
5648 5650 2 8 40 O 20
5650 5651 2 43 235 M 20
5655 5653 2 6 31 M 30
5656 5655 2 31 172 O 20
5655 5654 2 16 84 O 30
5658 5657 2 14 73 O 30
5661 5659 2 14 76 O 10
5662 5661 2 10 51 M 30
5661 5660 2 12 66 O 10
5665 5667 2 6 32 O 30
5667 5659 2 9 47 O 10
5659 5664 2 20 107 M 10
5666 5663 2 57 313 O 30
4227 5666 2 4 22 O 20
5666 5658 2 14 76 O 10
5658 5662 2 5 24 O 30
5662 5667 2 5 25 O 10
5668 5670 2 6 31 O 20
5671 5670 2 9 45 M 10
5670 5669 2 28 151 M 20
5673 5671 2 6 31 O 20
5671 5672 2 5 23 O 10
5675 5674 2 12 66 O 30
5677 5676 2 17 91 M 10
5682 5677 2 11 60 O 10
5677 5678 2 4 20 O 10
5681 5679 2 10 55 O 30
5683 481 2 3 13 O 20
481 5674 2 7 36 O 10
5674 5682 2 4 22 O 10
5682 5681 2 6 30 O 30
5681 5680 2 31 168 O 10
5626 5627 2 10 54 O 10
5627 5628 2 3 12 O 30
5622 5621 2 19 101 O 20
5685 5684 2 18 98 O 10
5687 5686 2 26 141 O 10
5690 5689 2 6 29 O 20
5692 5691 2 6 29 O 20
5693 5689 2 2 8 O 10
5689 5691 2 4 18 M 20
5691 4618 2 2 8 O 20
5695 5694 2 10 54 O 10
5697 5695 2 5 24 O 20
5695 5696 2 11 57 O 20
5699 5698 2 14 75 O 20
5701 5700 2 28 151 O 10
5703 5702 2 23 124 M 30
5705 5704 2 6 31 O 20
5707 5706 2 29 161 O 30
5711 5710 2 10 55 M 10
5713 5712 2 12 65 O 30
5717 5716 2 20 106 O 20
5719 5718 2 17 89 M 20
5721 5720 2 28 151 O 10
5723 5722 2 32 176 O 20
5725 5724 2 5 26 O 30
5727 5724 2 6 30 O 20
5724 5726 2 16 85 O 30
5730 5729 2 5 27 M 10
5732 5731 2 9 47 O 10
5733 5740 2 9 49 O 20
5735 5734 2 4 22 O 20
5738 5737 2 5 23 O 20
5737 5736 2 5 23 O 20
5740 5737 2 5 25 O 20
5737 5734 2 3 13 O 10
5734 5739 2 4 19 O 20
5742 5741 2 9 50 O 20
5743 1925 2 10 52 O 30
5745 5746 2 3 14 O 10
5746 5744 2 6 28 O 30
5747 5746 2 5 26 O 30
5749 5748 2 10 53 O 20
5751 5750 2 14 73 O 30
5755 5754 2 10 51 O 20
5757 5756 2 13 68 O 30
5759 5758 2 20 111 O 10
5761 5760 2 6 31 O 20
5763 5762 2 10 52 O 10
5765 5764 2 6 29 O 20
5767 5766 2 8 40 O 10
5769 5768 2 7 38 O 10
5771 5770 2 6 30 O 20
5773 5774 2 11 57 O 10
5774 5772 2 7 38 O 30
5775 5774 2 5 28 O 20
5777 5776 2 77 427 M 10
1653 5778 2 18 97 O 30
5780 3954 2 26 140 O 10
5782 5781 2 26 141 O 30
5784 5783 2 6 28 O 30
4062 5784 2 6 33 O 20
5784 5112 2 13 71 O 30
5787 5788 2 10 53 O 20
5788 5786 2 8 39 O 20
5789 5788 2 9 45 O 30
5788 5785 2 19 101 O 30
5791 5790 2 16 84 M 10
5109 5791 2 4 20 O 10
5791 5792 2 21 111 O 30
5794 5795 2 3 13 O 10
5795 5793 2 19 105 O 20
5796 5797 2 4 20 O 20
5797 5795 2 25 133 O 20
5798 5794 2 3 14 O 30
5794 5797 2 26 142 M 10
5801 5799 2 6 28 O 20
5802 5801 2 5 24 O 10
5801 5800 2 5 26 O 10
5806 5803 2 15 82 O 10
2470 5805 1 22 119 O 20
5807 3842 2 6 28 O 20
5810 5807 2 15 83 M 20
5807 5808 2 6 33 M 10
3846 5810 2 6 28 M 10
5810 5809 2 3 13 O 20
5814 5811 2 25 133 O 10
5811 5812 2 6 29 O 10
2465 5813 2 7 39 O 20
5813 5811 2 10 55 O 10
5815 5814 2 7 37 O 10
5814 5813 2 4 21 M 30
5813 5812 2 12 62 O 10
5812 4313 2 6 28 O 30
5817 5816 2 22 120 O 20
5819 5818 2 8 43 O 10
2473 5818 2 6 30 O 30
5818 5820 2 12 66 O 10
5822 5821 2 8 44 O 20
5823 5824 2 17 93 O 30
5826 5823 2 7 35 O 20
5823 5825 2 13 67 O 10
5825 5824 2 9 49 O 20
5824 5822 2 1 4 O 10
5822 4230 2 11 56 O 10
5829 5830 2 4 20 O 30
5830 5828 2 8 40 O 10
5831 5832 2 14 75 O 10
5832 5830 2 7 36 O 20
5833 5832 2 7 38 M 20
5835 5834 2 11 60 O 10
5837 5836 2 17 93 O 10
5839 5831 2 7 35 M 10
5831 5834 2 1 4 O 20
5834 6289 2 3 14 O 20
6289 5835 2 3 14 O 20
5835 5836 2 2 9 O 10
5836 5838 2 14 75 O 10
5842 5841 2 12 66 O 20
5843 5842 2 4 19 M 30
5842 5840 2 24 128 O 30
4103 5844 2 17 91 O 30
5846 5845 2 16 89 M 30
5847 5848 1 8 41 O 30
5850 5849 1 8 43 O 30
5852 5851 2 10 54 O 20
5853 5852 2 33 182 O 30
5852 5854 2 34 185 O 30
5855 5854 2 9 48 O 20
5854 5847 2 2 8 O 30
5847 5849 2 3 12 O 20
5849 5853 2 48 261 M 10
5857 5856 2 4 20 O 30
5859 5860 2 3 15 O 30
5860 5857 2 1 5 O 10
5857 5858 2 3 17 O 10
5861 5860 2 5 23 O 20
5863 5864 2 3 14 M 20
5864 5861 2 2 6 O 10
5861 5862 2 3 17 M 30
5865 5864 2 5 26 O 20
5867 5868 2 3 13 O 20
5868 5865 2 1 4 O 20
5865 5866 2 3 12 O 20
5872 5868 2 13 71 O 20
5870 5856 2 9 48 O 10
5856 5869 2 14 75 O 20
5873 5872 2 10 53 O 30
5872 5871 2 12 65 M 30
5876 5874 2 6 29 O 10
5877 5876 2 10 54 O 10
5876 5875 2 4 21 O 20
5880 5878 2 6 33 O 20
5881 5877 2 5 23 O 10
5877 5880 2 13 69 O 30
5880 5879 2 5 26 O 30
5883 5882 2 17 93 O 30
5885 5882 2 16 89 O 20
5882 5884 2 5 25 M 10
5888 5886 2 13 69 M 30
5889 5888 2 16 86 O 30
5888 5887 2 30 164 O 10
5887 5886 2 48 263 O 10
5894 5893 2 6 28 O 30
5891 5893 1 8 44 M 20
5892 5891 2 24 133 O 30
5893 5890 1 6 33 O 20
5890 5891 1 3 11 O 20
5896 5895 2 14 72 O 10
5898 5897 2 8 42 O 20
5901 5898 2 3 15 O 30
5898 5900 2 5 23 O 20
5900 5897 2 4 17 O 20
5897 5899 2 4 20 M 30
5903 5902 2 10 52 M 20
5905 5904 2 6 30 O 10
5907 5906 2 4 18 O 20
5909 5907 2 10 50 M 30
5907 5905 2 1 3 O 20
5905 4463 2 4 17 O 30
5910 5902 2 4 19 M 10
5902 5909 2 5 25 O 10
5909 5908 2 1 5 O 30
5912 5911 2 8 43 O 20
5915 5913 2 5 24 O 30
5919 5915 2 6 31 O 30
5915 5914 2 14 73 O 10
5917 5916 2 2 11 O 20
5920 5917 2 5 27 O 20
5917 5919 2 5 23 O 30
5919 5916 2 3 13 O 30
5916 5918 2 5 26 O 20
5922 5921 2 8 44 O 20
5924 5923 2 10 51 O 30
5926 5925 2 4 20 O 20
5928 5927 2 8 42 O 10
4056 5929 2 14 75 O 30
5932 6261 2 21 114 M 30
6261 5931 2 14 75 M 10
5931 5930 2 9 49 M 10
5935 5934 2 8 41 M 10
5934 5933 2 6 30 O 20
2709 4271 2 3 11 O 10
4271 5933 2 4 19 O 20
5237 5936 2 30 163 M 30
5939 5937 2 26 144 O 10
5940 5939 2 15 81 O 20
5939 5938 2 5 25 O 30
5942 5941 2 6 32 O 30
5944 5943 2 6 29 O 20
5946 5947 2 10 50 O 10
5947 5945 2 16 88 M 20
5949 5946 2 7 34 O 20
5946 5948 2 15 81 O 10
5948 5947 2 17 91 O 30
5952 5951 2 8 42 O 10
4304 4305 2 1 4 O 30
4305 5952 2 10 54 O 10
5952 5950 2 18 95 O 20
5954 5953 2 9 45 M 20
5955 5954 2 4 20 O 30
5954 3799 2 5 28 O 20
5957 5956 2 4 22 O 30
5959 5957 2 3 16 O 30
5957 5958 2 3 14 O 10
5961 5958 2 9 47 O 10
5958 5960 2 13 69 O 30
5963 5962 2 9 48 O 30
5965 5964 2 6 28 M 30
5967 5966 2 5 27 O 20
2446 5964 2 5 23 O 30
5964 5967 2 9 47 M 20
5967 5968 2 5 27 O 10
5970 5969 2 9 48 M 10
5975 5971 2 8 39 O 20
5973 5972 2 4 20 O 20
4106 5975 2 4 20 O 20
5975 5973 2 4 19 O 30
5973 5974 2 13 70 O 30
4107 5976 2 8 44 O 10
5978 5977 2 7 34 O 10
5980 5979 2 6 29 O 30
5982 5981 2 7 37 O 30
5985 5986 2 8 44 O 30
5986 5984 2 9 50 M 30
4238 5986 2 13 68 O 10
5989 5987 2 4 20 O 20
4246 5989 2 10 51 O 30
5989 5988 2 21 113 O 10
5991 5990 2 14 74 M 30
5994 5993 2 6 28 O 30
5993 5992 2 17 89 O 20
5996 5995 2 24 133 O 20
5998 5995 2 3 16 O 10
5995 5997 2 6 29 O 10
2413 5999 2 8 44 O 10
6001 6000 2 13 72 M 20
6005 6004 1 11 61 O 30
6004 6002 1 4 17 O 10
6004 6003 2 16 88 O 30
6008 6006 2 21 114 O 30
6009 6008 2 15 82 O 20
6008 6007 2 5 26 O 30
6016 6010 2 4 17 M 20
6012 6011 2 4 18 O 20
6014 6013 2 11 59 O 30
6017 6016 2 3 16 O 10
6016 6011 2 7 35 O 20
6011 6013 2 2 9 O 20
6013 6015 2 4 21 M 30
6015 6014 2 8 41 O 30
6019 6018 2 7 39 O 10
6021 6020 2 8 42 M 30
6023 6022 2 8 42 O 20
6025 6024 2 8 42 M 10
6027 6026 2 8 42 O 10
6029 6028 2 11 61 O 30
4577 6030 2 24 128 O 30
6032 6031 1 15 81 O 30
6031 4579 1 7 38 O 20
6032 6033 2 75 414 O 10
4578 4579 2 17 91 O 30
6035 6034 2 25 134 O 30
6037 6036 2 4 21 O 10
6038 6037 2 7 36 O 10
6276 6042 2 2 11 O 20
6043 6275 2 2 11 O 30
6045 6044 2 8 42 O 30
6046 6047 1 5 24 M 10
1354 6050 1 4 22 M 30
6051 6052 2 30 162 O 20
6052 6050 2 27 147 O 20
6050 6046 2 3 13 O 30
6053 6052 2 14 75 O 10
6055 6054 2 14 74 O 10
6057 6056 2 14 74 O 10
6059 6058 2 14 74 M 30
6061 6060 2 14 74 O 10
6063 6062 2 13 71 O 20
6066 6063 2 3 14 O 10
6063 6061 2 4 18 O 30
6061 6059 2 4 18 O 10
6059 6057 2 4 18 O 20
6057 6055 2 4 18 M 20
6055 6064 2 4 17 M 10
6065 6054 2 4 19 O 20
6054 6056 2 4 18 O 10
6056 6058 2 4 19 O 30
6058 6060 2 4 17 O 20
6060 6062 2 4 18 O 20
6062 6066 2 18 96 M 20
6067 6066 2 5 25 O 30
6069 6068 2 9 50 O 10
6069 6070 2 3 16 O 20
1131 1130 2 14 0 C 0
1130 1129 2 15 0 C 0
1129 5323 2 4 0 C 0
5323 1128 2 11 0 C 0
1128 1127 2 15 0 C 0
1127 1126 2 15 0 C 0
1126 188 2 15 0 C 0
188 5001 2 13 0 C 0
5001 1125 2 19 0 C 0
4881 4880 2 13 69 O 10
4880 2550 2 9 46 O 10
2550 1 2 24 128 O 20
1 1838 2 18 95 O 20
1838 4028 2 4 21 O 20
4028 2553 2 3 12 O 20
2553 2556 2 5 23 O 10
2556 3935 2 81 445 O 30
3935 3051 2 69 379 O 10
4334 4332 1 2 9 O 10
6071 1052 1 4 0 C 0
1236 6075 1 7 0 C 0
6075 6073 1 11 0 C 0
6073 6074 1 10 0 C 0
6074 6072 1 2 0 C 0
6076 5286 2 3 12 O 30
6078 6081 2 2 9 M 30
6077 6078 2 7 38 M 30
6078 6290 2 2 9 O 10
6290 6077 2 2 9 O 10
6077 4677 2 5 28 O 10
6080 6078 2 13 67 M 20
6079 6080 2 8 41 O 10
6080 6081 2 10 55 O 10
6081 6082 2 7 36 O 20
6083 6277 2 3 13 O 10
6085 6084 2 31 170 M 10
4512 6087 2 34 184 O 10
6087 6086 2 70 384 O 30
4516 6088 2 15 78 O 10
6089 2543 2 17 94 M 30
6091 6090 2 25 136 O 20
6093 6092 2 29 158 O 20
6095 6094 2 17 89 O 10
6097 6096 2 21 116 O 10
4313 3848 1 13 70 O 30
3845 2462 2 120 663 O 30
6103 6102 2 22 121 O 30
6105 6104 2 21 116 O 10
6107 6106 2 5 25 O 30
4432 6109 2 2 8 O 30
6109 6107 2 10 50 O 20
6107 6108 2 47 260 O 30
6109 6108 2 71 390 O 20
4181 6113 2 2 11 O 30
6112 6110 2 13 71 O 30
6113 6112 2 2 9 O 10
6112 6111 2 18 95 O 10
6115 6114 2 9 48 O 20
6129 6117 2 6 32 O 30
6119 6118 2 6 31 O 10
6128 6120 2 6 30 O 30
6127 6121 2 8 40 M 30
6126 6122 2 9 48 O 30
6124 682 2 8 41 M 30
682 223 2 2 6 O 30
223 6123 2 3 12 O 30
6130 6129 2 17 94 M 10
6129 6119 2 4 17 O 20
6119 6128 2 4 18 M 20
6128 6127 2 5 22 M 30
6127 6126 2 4 19 M 30
6126 219 2 10 55 O 10
219 221 2 3 14 O 20
221 6124 2 58 320 O 20
6124 6125 2 13 67 O 20
6131 6133 1 2 10 O 10
6135 6132 1 2 9 M 20
6132 6131 1 6 33 M 10
6132 6134 2 7 39 O 10
6134 6131 2 3 13 M 20
6137 6136 2 14 72 O 10
6139 6138 2 13 72 O 20
6141 6138 2 16 83 O 30
6138 6136 2 3 15 O 30
6136 6140 2 6 32 O 30
6143 6142 2 12 66 O 10
6146 6147 2 22 121 O 10
6147 6145 2 28 151 O 20
6148 6147 2 16 86 O 20
6150 6149 2 8 43 O 10
3316 6151 2 8 43 O 10
6153 6154 2 4 19 O 20
6154 6152 2 4 20 M 10
4941 6154 2 3 16 O 20
6155 1492 2 15 83 M 20
6157 6156 2 13 69 M 10
4612 6158 2 9 47 O 10
4613 6159 2 13 69 O 10
6161 6160 2 4 18 M 30
6163 6162 2 4 19 O 20
6165 6164 2 4 18 O 20
6166 6165 2 14 73 O 10
6165 6163 2 17 93 O 20
6163 6161 2 12 65 M 10
6161 4611 2 19 104 O 20
4614 6166 2 43 234 O 30
6166 6164 2 14 77 O 30
6164 6162 2 17 94 M 30
6162 6160 2 12 64 O 10
6160 4605 2 324 1797 O 20
6167 6175 2 36 195 O 20
6168 4994 2 33 179 O 30
6169 6170 2 39 213 O 10
6173 6172 2 18 100 M 20
6172 6170 2 38 209 M 30
6170 6171 2 5 25 O 30
6174 6173 2 26 140 O 20
6173 6169 2 44 241 M 30
6169 6172 2 8 40 O 30
6172 6174 2 6 29 O 20
6176 6175 2 31 169 O 20
6175 6171 2 15 83 O 30
6171 6174 2 42 233 O 10
6178 261 2 3 15 O 30
261 263 2 5 27 O 20
263 258 2 9 49 M 30
258 6177 2 4 18 O 30
4925 5032 2 10 0 C 0
5032 1197 2 5 0 C 0
1197 1198 2 3 0 C 0
6048 6190 1 8 43 M 30
6190 6046 1 8 39 O 10
6050 6191 1 8 40 O 10
6191 6049 1 8 43 O 10
6183 6185 2 14 73 O 20
6185 6179 2 12 64 O 20
6179 6180 2 5 26 O 10
6180 6182 2 28 152 M 30
6182 6181 2 7 37 M 10
6181 6180 2 24 130 M 10
6184 6183 2 6 30 O 10
6183 6179 2 25 138 O 30
6187 6186 2 20 106 M 30
6186 6185 2 5 24 M 30
6189 6190 1 21 113 O 10
6190 6191 1 3 14 O 30
6188 6187 2 22 120 O 20
6187 6049 2 7 38 O 10
6049 6048 2 3 14 O 20
6048 6189 2 17 90 O 30
4105 6196 2 10 52 O 30
6196 6195 2 24 132 O 30
4096 6194 2 8 41 M 20
6198 6200 2 5 27 O 20
6200 6197 2 14 76 O 20
3534 6200 2 4 20 O 30
6200 6199 2 23 123 M 10
6207 6202 2 11 56 O 30
6206 6203 2 10 54 O 10
6205 6204 2 10 50 O 30
6211 6210 2 6 29 O 10
6213 6212 2 6 30 O 10
6215 6214 2 6 31 M 30
6219 6216 2 7 35 O 20
6218 6217 2 14 74 O 30
6220 6217 2 3 16 O 10
6217 6280 2 1 5 M 20
6280 6218 2 1 5 M 10
6218 6219 2 3 14 O 20
6219 6215 2 3 14 O 30
6215 6213 2 3 15 O 30
6213 6211 2 3 15 O 20
6209 6125 2 17 94 O 30
6125 6208 2 13 67 M 10
6222 6221 2 12 65 O 10
6223 4205 2 9 47 O 30
6226 6224 2 8 40 O 10
6227 6223 2 3 12 O 30
6223 6226 2 5 23 O 30
6226 6225 2 2 11 O 20
3033 1887 1 26 141 O 20
6242 6241 2 8 42 O 30
6243 6242 2 2 7 M 20
6233 6232 2 5 24 O 10
6235 6233 2 3 12 M 20
6233 6234 2 6 33 M 30
6247 6246 2 12 64 O 10
6249 6246 2 2 8 M 30
6250 6249 2 3 12 O 10
6246 6248 2 5 25 M 10
6248 6247 2 9 46 O 30
1626 6245 2 5 23 M 30
6245 6244 2 9 50 O 10
6239 6238 2 2 8 O 30
6240 6239 2 10 55 O 10
6252 6251 2 9 49 M 10
6254 6253 2 8 41 O 30
6259 6258 2 7 37 O 10
5782 6257 2 26 143 O 10
6255 6260 2 16 85 M 20
6262 6261 2 14 73 O 30
3482 1131 2 6 0 C 0
6264 6263 2 8 41 M 10
6266 6265 2 24 133 O 30
130 3959 2 20 0 C 0
4332 4320 1 3 11 O 30
6270 6269 2 8 42 O 10
6272 6271 2 8 41 O 10
1 0 2 39 213 M 20
3 2 2 10 52 O 20
1077 2333 1 35 0 C 0
2333 5 1 10 0 C 0
8 7 2 10 50 O 20
9 5687 2 8 42 O 20
11 10 2 25 136 O 30
13 104 2 5 25 O 30
104 12 2 6 33 O 10
15 14 2 29 156 O 30
16 1660 2 1 3 M 20
1660 1655 2 33 180 O 10
1807 3976 2 29 156 O 10
4111 980 2 18 0 C 0
4375 4094 2 29 157 M 20
4094 3037 2 26 144 O 20
3037 1945 2 9 47 O 10
72 71 2 8 41 O 10
73 74 2 15 78 O 30
74 6281 2 4 21 O 20
6281 73 2 4 21 O 10
73 2096 2 4 17 O 30
76 75 2 26 142 O 30
78 77 2 11 58 O 10
80 79 2 30 165 O 20
4053 2137 2 30 166 O 10
81 82 2 35 193 O 30
82 83 2 31 169 M 30
1461 1651 1 55 305 O 30
5983 5980 2 5 25 O 30
5980 5982 2 2 7 O 20
2451 2456 1 11 60 O 30
2449 3131 1 5 24 M 10
3131 4033 1 37 205 O 20
4033 2447 1 2 8 O 20
2447 2448 1 3 13 O 10
4032 2560 1 5 26 M 30
2560 3570 1 27 146 M 30
6144 85 2 9 0 C 0
4070 6144 1 18 0 C 0
85 86 2 3 0 C 0
1363 1364 2 22 0 C 0
4724 92 2 78 432 O 10
2461 2460 2 3 12 O 10
2460 4725 2 19 105 M 20
4725 174 2 24 132 O 10
174 92 2 2 7 O 20
94 93 2 7 34 O 20
96 95 2 16 84 O 30
98 97 2 13 72 O 30
101 100 2 16 87 O 20
103 102 2 6 33 O 20
107 106 2 31 168 M 10
104 306 2 15 83 M 30
306 105 2 2 6 M 30
109 108 2 8 44 O 20
110 1761 2 13 68 O 20
112 110 2 12 62 O 20
110 111 2 5 23 O 30
114 113 2 10 55 O 10
1461 5090 1 46 253 O 10
5087 1461 1 2 10 O 20
116 115 2 20 110 O 30
118 117 2 57 312 O 30
120 119 2 17 89 O 20
121 122 2 2 6 M 10
134 1040 2 2 9 O 20
5107 5798 2 16 84 O 10
5798 5110 2 30 161 O 20
37 38 2 17 0 C 0
38 1724 2 12 0 C 0
4620 136 2 15 78 O 20
136 135 2 2 8 O 30
138 137 2 13 70 M 30
140 139 2 13 70 O 20
4273 141 2 13 69 O 10
143 142 2 13 70 O 20
857 144 2 13 69 O 20
4274 145 2 13 68 O 10
2434 145 2 16 87 O 20
145 144 2 4 19 O 20
144 142 2 4 19 O 30
142 141 2 4 20 O 10
141 139 2 4 18 O 20
139 137 2 4 19 O 20
137 146 2 16 86 M 10
148 147 2 8 43 O 10
150 149 2 21 112 O 10
152 151 2 13 71 O 30
154 152 2 18 97 O 30
152 153 2 8 43 O 30
156 153 2 9 49 O 10
153 155 2 13 71 O 20
5431 5430 2 3 16 M 30
1281 1543 2 10 0 C 0
4239 2422 1 6 29 O 30
2422 183 1 41 226 O 30
184 186 2 9 47 M 30
2421 186 2 13 71 O 20
186 185 2 14 75 O 20
187 2010 2 5 24 O 30
4664 189 2 7 38 O 30
190 4619 2 16 85 O 20
191 4663 2 16 88 M 30
193 192 2 19 103 O 30
4661 194 2 11 58 O 10
196 195 2 9 48 O 10
198 197 2 9 47 O 20
201 196 2 3 13 O 30
196 198 2 3 16 O 30
198 199 2 12 64 O 10
2722 201 2 3 13 O 30
201 200 2 7 38 M 30
136 202 2 7 38 O 30
203 204 2 12 63 O 10
204 4624 2 7 39 O 20
205 204 2 12 64 M 20
4720 206 2 2 10 O 20
4766 207 2 3 14 O 10
216 215 2 9 46 O 20
211 209 2 18 97 O 20
212 211 2 6 33 O 20
211 210 2 6 29 O 30
244 213 2 2 10 O 30
213 241 2 2 9 O 10
225 224 2 6 32 O 20
224 214 2 7 35 M 30
251 247 2 9 47 O 30
235 226 2 5 23 O 30
228 227 2 6 30 O 20
230 229 2 8 39 O 20
232 231 2 10 53 O 20
234 233 2 11 60 O 30
237 236 2 12 62 O 30
239 238 2 10 54 O 20
251 241 2 4 19 O 10
241 240 2 8 44 O 10
242 4607 2 11 60 O 20
4606 235 2 8 42 O 20
235 227 2 4 17 O 20
227 230 2 3 16 O 20
230 232 2 4 19 O 10
232 234 2 4 18 O 30
234 237 2 4 20 O 30
237 242 2 4 19 O 10
242 239 2 4 20 O 10
239 244 2 5 23 O 10
244 243 2 9 45 O 20
249 213 2 1 2 O 20
213 248 2 8 44 O 20
246 245 2 8 42 O 20
250 224 2 4 21 O 10
224 249 2 2 6 O 10
252 246 2 12 62 O 30
246 251 2 4 21 M 30
223 222 2 6 32 M 30
222 6123 2 4 22 O 20
218 217 2 3 14 O 10
221 217 1 6 29 O 10
217 220 1 6 31 O 10
220 218 1 5 25 O 20
218 219 1 6 29 O 10
253 257 2 8 39 O 30
255 254 2 8 41 O 30
258 254 2 6 31 M 10
254 257 2 6 28 O 10
257 256 2 10 50 O 10
260 259 2 8 44 O 20
262 261 2 6 28 M 20
264 263 2 5 25 O 10
265 258 2 4 19 O 30
266 6177 2 8 42 O 10
281 1022 2 4 18 O 10
280 281 2 1 3 M 30
280 279 1 25 134 O 30
279 278 1 19 101 M 30
278 280 1 13 71 O 20
4616 272 2 20 107 O 20
268 4617 2 6 33 O 30
270 269 2 7 34 O 20
271 4608 2 7 34 O 30
273 272 2 6 30 M 20
275 274 2 6 30 M 20
277 276 2 3 15 O 30
282 267 2 3 16 O 10
283 282 2 15 79 M 20
282 285 2 13 67 O 30
285 283 2 24 133 O 20
286 285 2 3 15 O 30
285 284 2 3 14 O 30
284 283 2 3 16 O 20
4615 287 2 2 6 O 30
289 290 2 13 71 O 20
290 288 2 3 16 M 10
287 290 2 15 79 O 30
292 291 2 7 36 O 30
5578 5577 2 4 18 M 10
5577 292 2 3 14 O 10
292 293 2 3 15 O 10
294 4653 2 17 92 O 30
4652 294 2 5 26 O 20
294 295 2 164 908 O 10
298 296 1 12 63 M 30
296 297 1 5 25 O 20
303 2571 2 18 99 M 20
302 4402 2 12 64 O 20
300 299 2 15 78 O 30
2020 301 2 8 39 O 30
304 305 2 3 16 M 10
306 304 2 2 8 O 10
12 105 2 55 303 O 10
4415 313 2 6 32 O 10
315 313 2 35 190 M 10
313 314 2 5 26 O 10
4182 316 2 14 73 M 20
812 312 2 25 136 O 10
310 308 2 11 60 O 20
311 310 2 6 30 O 10
310 309 2 24 132 O 30
309 308 2 24 133 M 20
321 322 2 4 17 O 30
326 321 2 15 81 O 10
323 324 2 3 17 O 30
324 327 2 48 261 O 10
327 326 2 50 276 O 20
326 325 2 14 73 O 20
341 329 2 5 25 O 10
329 331 2 19 101 M 30
329 330 2 8 41 O 20
330 328 2 9 46 O 30
331 330 2 14 73 O 10
331 328 2 25 134 M 10
328 340 2 7 36 O 10
343 342 2 18 96 M 10
327 343 2 13 68 O 20
343 340 2 13 67 O 30
340 5573 2 4 19 O 20
319 318 2 6 32 O 20
317 318 2 2 8 M 10
318 320 2 4 20 O 20
4649 320 2 4 17 O 20
320 319 2 9 47 O 20
4647 344 2 7 35 O 30
345 349 2 2 8 O 10
346 355 2 2 7 O 10
347 346 2 2 6 O 20
348 354 2 12 62 O 30
356 355 2 6 28 O 30
355 354 2 12 63 O 10
354 345 2 1 4 O 20
357 359 2 12 64 O 20
3205 349 2 4 18 O 30
349 359 2 20 108 M 20
359 358 2 15 78 O 30
4419 351 2 7 36 O 30
4422 351 2 39 213 O 10
351 350 2 13 71 M 10
4420 352 2 5 23 O 20
4418 353 2 14 77 O 20
4192 333 2 2 11 O 10
333 332 2 3 16 O 20
335 334 2 6 33 M 10
336 335 2 3 12 O 30
339 338 2 3 11 O 20
338 337 2 20 107 M 20
361 360 2 9 49 M 10
363 362 2 12 62 O 30
366 365 2 10 54 O 10
364 366 2 6 29 M 20
366 368 2 5 25 M 30
371 369 2 12 64 O 10
6087 371 2 7 39 O 10
371 370 2 8 43 O 10
370 369 2 4 21 O 20
369 368 2 11 56 O 30
368 4513 2 9 49 O 30
4513 367 2 7 35 M 20
376 372 2 2 10 O 30
375 374 2 4 0 C 0
374 373 2 5 27 O 30
372 373 2 3 12 O 10
378 376 2 11 56 O 20
376 377 2 2 9 O 10
379 380 2 2 0 C 0
382 379 2 8 0 C 0
382 381 2 10 0 C 0
394 393 2 7 34 O 10
396 395 2 6 31 M 10
398 397 2 6 32 O 20
400 399 2 6 32 O 20
401 400 2 5 25 O 30
400 398 2 4 18 O 20
398 396 2 4 18 O 20
396 394 2 3 17 O 20
394 404 2 3 13 O 10
403 402 2 14 74 M 10
4369 404 2 4 20 O 30
404 403 2 11 59 O 20
403 392 2 8 42 O 20
392 402 2 7 36 O 30
5295 407 2 4 19 O 10
389 388 2 8 42 M 20
388 4386 2 10 52 O 10
391 390 2 8 42 O 20
5292 5289 2 20 107 O 30
406 405 2 3 17 M 30
408 3707 2 6 30 O 10
4775 4384 2 13 72 O 20
4775 4774 2 4 18 O 10
409 4775 2 7 35 O 30
411 410 2 6 29 O 20
412 411 2 2 8 O 10
411 4382 2 8 44 M 30
414 413 2 7 38 O 20
416 415 2 9 48 O 10
418 415 2 1 5 M 20
415 417 2 13 68 O 10
420 419 2 2 10 M 30
421 420 2 16 86 O 30
424 423 2 9 46 O 30
426 425 2 9 46 O 30
428 427 2 9 46 M 20
430 428 2 3 14 O 20
428 426 2 4 19 O 30
426 424 2 4 18 O 20
424 429 2 12 62 O 30
429 422 2 4 20 O 10
432 427 2 3 16 O 10
427 425 2 4 18 O 10
425 423 2 4 18 M 20
423 429 2 4 18 O 20
429 431 2 4 17 M 30
431 1336 2 5 24 O 30
460 459 2 3 12 O 20
456 455 2 19 102 O 10
455 433 2 2 8 O 30
433 438 2 2 9 O 10
438 436 2 3 16 M 10
436 454 2 14 74 O 10
458 450 2 2 11 O 10
450 448 2 3 16 O 30
448 452 2 3 16 M 30
452 457 2 4 19 M 20
457 446 2 3 16 O 20
446 443 2 4 19 O 10
443 442 2 3 14 O 10
442 440 2 3 16 O 20
440 456 2 2 8 M 10
433 456 2 18 95 O 30
444 443 2 5 23 O 20
445 444 2 3 15 O 20
455 434 2 4 19 O 10
436 435 2 4 21 O 30
438 437 2 4 20 O 30
440 439 2 3 15 O 10
442 441 2 4 17 O 30
446 445 2 5 27 O 20
448 447 2 5 22 O 30
450 449 2 3 16 O 10
452 451 2 6 31 O 30
457 453 2 7 35 O 10
459 458 2 28 151 O 30
466 5305 1 4 0 C 0
5305 5304 1 2 0 C 0
5304 3622 1 3 0 C 0
3167 3166 1 3 14 O 10
470 4134 1 2 6 O 10
4134 1519 1 2 9 O 20
2573 4131 1 2 6 M 20
4131 471 1 1 5 M 20
472 4131 1 2 8 O 20
473 4130 1 1 4 O 10
474 4132 1 2 8 M 20
4132 2573 1 1 5 O 10
1519 4133 1 2 8 O 30
4133 475 1 3 11 O 30
4135 4133 1 2 10 O 30
4134 4391 1 3 11 O 10
1518 1527 2 3 13 O 10
2574 3197 2 3 13 O 30
2575 1528 2 2 11 O 10
3150 3151 2 3 11 O 20
1345 4541 2 2 0 C 0
5248 478 2 4 20 O 10
478 477 1 16 88 O 20
477 476 1 10 50 M 20
476 478 1 6 32 O 10
480 479 2 9 48 O 20
481 480 2 22 117 O 20
480 3802 2 3 13 O 20
1141 481 2 8 43 O 10
482 494 2 3 16 O 10
483 495 2 8 41 M 20
485 484 2 5 25 O 10
500 486 2 7 38 O 20
488 487 2 6 32 O 10
490 489 2 6 32 M 30
491 496 2 6 33 M 20
492 497 2 8 41 M 20
498 482 1 4 22 O 20
482 493 1 4 19 O 30
493 494 1 5 27 O 20
494 499 1 9 44 O 30
4275 499 1 5 24 M 20
499 484 1 1 5 O 10
484 498 1 3 12 O 10
498 497 1 11 59 O 30
497 496 1 2 6 O 20
496 489 1 4 17 O 30
489 487 1 4 19 O 30
487 495 1 4 17 O 10
495 500 1 4 21 O 30
500 4276 1 6 32 O 10
504 503 2 4 18 O 10
503 502 1 16 83 O 10
502 501 1 1 4 O 10
501 503 1 13 69 O 20
508 506 2 7 34 O 30
509 508 2 18 95 O 10
508 507 2 12 61 O 20
514 515 2 3 13 M 20
515 516 2 19 101 O 10
517 520 2 10 52 M 20
520 522 2 5 23 O 20
522 518 2 4 22 O 10
519 520 2 9 45 O 20
521 522 2 4 18 M 20
523 525 2 7 39 O 10
525 6192 2 4 19 O 20
524 526 2 6 31 O 20
526 525 2 4 18 O 30
526 527 2 8 42 O 20
528 529 2 9 48 O 20
529 530 2 4 17 O 10
529 531 2 4 20 O 30
532 533 2 10 55 O 30
534 535 2 8 40 O 10
536 537 2 11 58 O 30
538 540 2 6 32 O 10
540 539 2 7 39 O 20
540 541 2 17 91 M 30
542 544 2 5 24 O 20
544 543 2 7 35 O 20
544 545 2 9 47 O 10
546 548 2 5 24 O 20
548 547 2 7 35 M 30
548 549 2 9 47 O 30
550 559 2 11 60 O 30
559 557 2 6 29 M 30
557 553 2 11 57 O 20
553 555 2 6 29 O 10
555 551 2 11 61 O 20
552 553 2 9 46 O 20
554 555 2 4 21 O 30
556 557 2 7 38 O 10
558 559 2 5 23 O 20
561 562 2 4 17 O 20
564 565 2 2 6 O 10
566 3964 2 2 8 O 20
567 568 2 20 110 O 30
1106 1460 1 34 0 C 0
1460 1472 1 41 0 C 0
1472 1383 1 54 0 C 0
941 2913 1 65 0 C 0
2913 1470 1 39 0 C 0
1470 5082 1 66 0 C 0
1473 1475 1 64 0 C 0
1475 5063 1 38 0 C 0
5065 5066 1 10 0 C 0
569 1077 1 51 0 C 0
3041 5006 1 3 0 C 0
1241 1580 1 3 0 C 0
4349 1422 1 4 20 O 30
1422 1426 1 3 16 O 20
1426 4349 1 1 5 O 20
3782 6201 2 17 0 C 0
6201 1620 2 34 0 C 0
6188 6189 1 7 35 O 20
576 6186 1 9 47 O 30
6186 6184 1 13 72 O 30
6051 576 2 4 17 O 20
6051 2601 1 29 156 O 20
2600 576 1 27 147 O 30
6184 6188 1 30 164 O 20
6046 577 2 42 231 M 20
581 578 2 2 11 O 10
578 580 2 18 99 O 10
580 579 2 4 19 O 10
579 578 2 15 81 O 10
593 582 2 24 131 O 20
596 583 2 9 47 M 10
585 584 2 5 25 O 30
587 586 2 5 25 O 20
589 585 2 9 50 O 20
585 587 2 3 16 M 20
587 588 2 3 16 O 30
591 590 2 4 22 M 10
594 593 2 7 39 O 20
593 581 2 18 97 O 30
581 592 2 16 86 M 10
2763 595 2 63 349 O 30
4277 4278 2 30 163 O 20
598 597 2 31 171 M 20
3540 598 2 4 22 M 10
598 599 2 17 94 O 20
600 4569 1 2 0 C 0
4570 601 1 2 0 C 0
603 1151 1 2 11 O 20
1151 602 2 2 9 O 30
605 1154 2 2 8 M 30
1154 1151 2 3 15 O 20
604 1155 1 123 679 O 30
606 1154 1 4 18 O 30
1154 604 1 3 14 M 20
1151 607 1 4 17 O 20
615 5003 1 1 4 O 10
614 3550 1 7 38 O 20
609 5002 1 2 6 O 20
5002 610 1 2 9 O 20
611 5004 1 2 8 O 10
5004 5005 1 3 16 O 10
612 1250 1 3 16 M 20
613 5005 1 2 7 M 20
608 3551 1 2 7 M 10
616 3796 1 5 0 C 0
3796 4282 1 4 0 C 0
617 1209 1 3 0 C 0
1209 616 1 2 0 C 0
1047 574 1 2 0 C 0
1047 575 2 2 0 C 0
2699 572 1 3 0 C 0
571 4575 1 2 0 C 0
4576 570 1 2 0 C 0
573 1302 1 3 0 C 0
1587 3492 1 8 0 C 0
3491 1044 1 3 0 C 0
618 619 2 11 61 O 20
620 621 2 10 54 M 30
622 623 2 7 35 O 20
624 625 2 2 11 O 30
628 626 2 6 33 O 20
630 628 2 4 21 M 10
628 627 2 4 21 M 10
631 630 2 12 62 M 30
630 629 2 5 23 O 20
54 1605 1 4 0 C 0
1605 53 1 29 0 C 0
48 58 1 15 0 C 0
58 57 1 16 0 C 0
633 634 2 16 85 M 20
4752 643 2 8 43 O 30
643 636 2 13 70 O 30
636 639 2 4 17 O 10
639 646 2 13 69 O 30
646 635 2 8 42 O 20
636 644 2 10 53 O 30
644 637 2 8 42 O 10
638 645 2 8 42 O 10
645 639 2 10 53 O 20
640 647 2 8 42 O 10
647 648 2 31 168 O 20
648 641 2 8 43 M 10
4750 649 2 8 43 O 30
649 642 2 18 95 O 20
643 644 2 4 18 O 30
644 645 2 4 17 O 30
645 646 2 4 17 O 10
646 647 2 4 18 O 20
647 6282 2 2 9 O 30
6282 648 2 2 9 O 30
648 649 2 4 19 O 30
650 651 1 26 139 O 20
5299 5300 2 9 50 O 20
4102 4099 1 3 12 M 20
658 2471 1 2 11 O 10
661 4843 1 5 24 O 20
4843 4841 1 8 40 O 20
4841 1158 1 7 37 O 20
3311 4252 1 23 127 O 20
4253 2520 1 8 44 O 10
2520 3312 1 16 85 O 20
660 2729 1 3 16 M 10
2729 2471 1 3 14 O 30
2471 4253 1 2 9 O 10
4101 2729 1 3 15 O 30
2729 659 1 2 11 O 20
4097 4101 1 3 11 O 20
2713 4249 1 3 14 O 30
4248 2713 1 3 11 O 20
4251 2702 1 3 15 O 20
2702 4250 1 2 10 O 10
659 2518 1 5 26 O 20
2518 4251 1 47 259 O 20
663 5881 2 10 52 O 30
5881 5875 2 10 53 M 30
5875 2725 2 4 20 O 10
2725 2726 2 31 170 O 10
662 2702 2 2 9 M 30
2702 2713 2 3 15 M 10
2713 663 2 2 10 O 20
657 2703 1 3 13 O 30
2703 655 1 2 9 O 30
4250 3112 1 47 257 O 20
3112 657 1 5 28 O 10
654 2711 1 2 10 O 10
2711 4247 1 3 12 M 30
653 2711 2 2 7 O 10
2711 2703 2 3 15 O 20
2703 656 2 3 12 O 30
2728 2726 2 49 269 O 30
2726 653 2 40 218 O 20
666 4262 1 1 5 O 10
4262 2181 1 1 5 O 30
2181 4261 1 1 2 O 30
4261 665 1 2 8 M 20
664 4266 1 2 8 O 10
4266 2730 1 1 4 O 30
2730 4264 1 1 4 O 30
4264 667 1 1 4 O 30
4266 669 1 2 8 M 20
668 4264 1 2 9 O 30
4264 4262 1 4 17 M 10
4262 4263 1 1 5 O 20
4259 4261 1 1 4 O 10
4261 4266 1 4 17 M 30
674 673 2 3 12 O 30
672 670 2 9 45 O 30
4551 672 2 3 16 O 20
672 671 2 15 80 O 10
667 2829 1 5 22 O 20
675 676 2 9 47 O 10
677 680 2 4 21 O 20
680 678 2 4 17 M 30
678 679 2 17 93 O 10
681 2747 2 22 122 O 20
683 682 2 7 36 M 20
685 684 2 11 60 O 30
3219 685 2 11 56 O 30
685 3222 2 11 57 O 20
1005 686 2 13 72 M 20
692 691 2 2 9 O 10
694 693 2 3 13 O 20
689 690 2 2 8 O 20
2317 688 2 2 9 O 30
4242 2206 1 4 21 O 20
2206 2205 1 4 17 O 10
2202 4241 1 4 17 O 20
4241 2203 1 3 14 O 10
2212 2213 1 4 21 M 10
2213 2211 1 4 21 M 20
2208 4243 1 4 20 M 10
4243 2209 1 3 16 O 20
2200 4240 1 4 20 O 30
4240 2199 1 3 15 O 10
2313 698 2 14 78 M 30
698 699 2 6 31 O 30
699 724 2 16 84 O 20
2314 729 2 4 21 M 20
729 734 2 4 18 O 30
734 732 2 3 17 O 10
732 730 2 4 17 O 20
730 738 2 2 9 M 20
738 728 2 2 9 O 10
728 736 2 2 6 O 20
736 726 2 3 11 O 10
726 698 2 3 15 M 10
698 722 2 3 16 M 30
722 721 2 3 16 O 20
721 720 2 4 18 O 10
720 717 2 3 16 M 20
717 714 2 4 18 O 20
714 712 2 4 17 O 20
712 709 2 4 18 O 30
709 707 2 3 16 M 20
707 700 2 4 17 O 20
2312 702 2 11 57 O 10
702 701 2 23 123 O 20
702 700 1 13 68 M 30
700 703 2 6 31 O 20
705 740 2 4 19 O 10
740 741 2 21 114 O 20
741 706 2 4 19 O 10
706 708 2 3 16 O 20
708 704 2 4 17 O 10
706 705 2 4 21 M 20
705 707 2 4 18 O 30
707 703 2 9 48 O 10
708 709 2 8 41 O 30
709 710 2 7 37 M 20
711 712 2 7 38 O 20
712 704 2 8 44 O 10
713 714 2 7 38 O 20
714 715 2 7 38 O 30
716 717 2 7 38 O 20
717 718 2 7 38 O 20
719 720 2 7 38 O 10
721 723 2 5 26 M 20
723 719 2 5 26 O 10
719 716 2 3 16 O 20
716 713 2 4 18 O 30
713 711 2 4 18 O 20
711 710 2 4 18 O 20
722 723 2 8 43 O 30
699 725 2 25 133 M 10
726 727 2 5 23 O 20
728 731 2 11 58 M 30
731 733 2 4 18 O 30
733 735 2 4 17 O 30
735 729 2 11 61 O 10
730 731 2 8 43 M 10
732 733 2 8 43 O 30
734 735 2 8 43 O 10
736 739 2 2 9 O 20
739 737 2 4 22 O 30
739 738 1 25 138 M 20
740 6283 2 2 10 O 20
6283 741 2 2 10 O 10
S M L L S M L S M L M S L M S M L S M L S M L S M L L M S L S M L S L M S L M S L M S L M L S S M L S M L S M L S M L S M L S M S L M M L S M S L M S L
