6824 8067 145800 87 1471 0.5
4056 1565 1 10 0 C 0
1565 1403 1 9 0 C 0
1403 2956 1 12 0 C 0
2956 2957 1 38 0 C 0
2957 2958 1 8 0 C 0
2958 4272 1 13 0 C 0
4272 4271 1 36 0 C 0
4271 1647 1 9 0 C 0
1555 3264 1 18 0 C 0
348 712 1 12 67 O 20
712 713 1 8 42 O 30
713 1832 1 11 60 O 30
1832 1834 1 32 175 M 30
1834 5539 1 52 286 M 20
5539 6423 1 11 59 M 30
6423 361 1 6 28 M 30
1512 2619 1 52 0 C 0
2594 112 1 20 0 C 0
1406 4339 1 19 0 C 0
4339 4338 1 6 0 C 0
4338 3968 1 6 0 C 0
293 1686 1 21 0 C 0
1686 3964 1 7 0 C 0
1538 2605 1 27 0 C 0
1668 1667 1 50 0 C 0
1667 1422 1 6 0 C 0
1422 4106 1 56 0 C 0
1538 3209 2 143 0 C 0
2613 3386 1 71 0 C 0
1425 2198 1 28 0 C 0
3749 2027 2 7 0 C 0
3551 3548 1 4 18 O 30
4043 1642 1 6 0 C 0
5270 2096 2 48 265 O 20
2101 2377 1 10 54 O 20
2377 1550 1 36 198 O 10
3638 1549 1 23 125 O 20
3853 6799 2 156 865 O 30
3777 1535 2 44 241 O 10
1535 1043 2 1 3 O 20
1043 4194 2 22 119 M 20
4194 1655 2 25 137 O 30
1655 3788 2 15 79 O 10
3788 4714 2 12 64 O 20
4714 6487 2 21 116 M 10
6487 4719 2 19 101 O 20
4719 3791 2 27 150 O 10
3816 2113 2 95 527 O 30
2105 5834 1 38 0 C 0
5834 2106 1 13 0 C 0
2106 2332 1 37 0 C 0
1600 2494 2 99 0 C 0
4035 5635 1 65 357 O 30
5635 2142 1 18 100 O 10
2142 4029 1 15 81 O 20
2132 5410 2 55 300 O 30
5410 5412 2 23 127 O 20
5412 5415 2 4 21 O 10
5415 6173 2 20 110 O 10
6173 5400 2 6 33 O 20
5400 2137 2 26 141 O 30
1339 1340 1 3 16 O 20
1340 4083 1 6 31 M 20
4083 1332 1 10 55 O 20
2149 4934 1 7 37 O 20
4603 3689 2 24 131 O 20
3689 6328 2 67 368 O 30
6328 2210 2 1 3 O 20
2210 4602 2 8 43 O 30
3054 5382 1 2 6 O 20
5382 4030 1 17 94 M 10
5443 2172 2 19 104 O 10
2172 4019 2 4 18 O 10
4019 3990 2 4 22 O 10
3990 4102 2 24 132 O 30
4102 2173 2 4 21 O 30
5555 6691 2 11 60 M 10
6691 2158 2 19 105 O 20
2158 5621 2 15 83 O 10
5621 4233 2 8 41 O 20
4233 2159 2 29 156 M 30
2159 5624 2 6 29 O 10
5624 1314 2 6 28 O 30
1314 1312 2 16 85 O 10
1312 2162 2 2 8 M 30
2162 6361 2 7 37 O 10
6361 6360 2 11 58 M 10
6360 3017 2 19 104 M 20
3017 2165 2 10 55 O 20
2165 3678 2 23 124 O 10
2305 2126 2 12 66 O 10
2126 2125 2 57 314 O 10
2125 2124 2 61 334 O 30
2084 2085 1 101 0 C 0
2174 3004 2 28 151 O 20
1590 1650 1 59 0 C 0
1628 1627 2 43 0 C 0
4017 4012 2 4 0 C 0
4012 3988 2 14 0 C 0
3988 2639 2 3 0 C 0
2639 3987 2 7 0 C 0
3987 4109 2 4 0 C 0
4109 1504 2 5 0 C 0
1616 1614 1 13 71 O 10
3986 1924 2 19 105 O 10
1924 1920 2 24 132 O 20
1920 1910 2 36 196 O 30
1910 1911 2 11 60 O 10
1911 1925 2 45 245 O 30
1925 1926 2 13 67 M 20
1926 1927 2 29 159 O 20
1927 3379 2 20 108 O 30
1622 1621 2 2 0 C 0
1623 5429 2 55 0 C 0
1920 1921 2 46 250 O 30
1921 5370 2 18 97 O 20
5370 2974 2 15 80 O 20
2974 4002 2 7 37 O 20
4002 1922 2 11 57 O 30
1922 6358 2 17 92 O 10
6358 6615 2 5 22 M 20
6615 1923 2 7 34 M 30
1923 5374 2 2 6 O 30
5374 2081 2 15 82 O 30
2081 3983 2 14 76 O 20
3983 2080 2 7 39 O 10
2363 5584 2 103 569 O 30
5584 5580 2 24 131 O 30
5580 5608 2 25 137 M 10
5608 5816 2 4 17 O 30
5816 5813 2 14 73 O 10
5813 5598 2 20 107 O 10
5598 5569 2 1 5 O 20
5569 5602 2 6 29 O 10
5602 5601 2 10 52 O 30
5601 5566 2 2 7 O 30
5566 5678 2 30 162 M 20
5678 2850 2 3 12 O 20
2850 2156 2 19 102 O 10
1517 5782 1 78 0 C 0
5782 1632 1 46 0 C 0
1631 1630 1 28 0 C 0
1630 1629 1 91 0 C 0
5191 6349 2 13 0 C 0
6349 3579 2 3 0 C 0
3579 3580 2 5 0 C 0
3580 3581 2 24 0 C 0
3581 1606 2 10 0 C 0
1606 3582 2 4 0 C 0
3582 5185 2 4 0 C 0
5185 3393 2 1 0 C 0
1551 3735 1 71 390 O 10
3735 2374 1 11 57 M 10
1850 3566 1 5 0 C 0
3566 3381 1 72 0 C 0
2123 5003 2 3 12 O 10
5003 2121 2 12 67 O 10
2121 2360 2 45 247 O 20
2360 1596 2 5 24 O 20
1458 1460 2 12 0 C 0
1460 1459 2 21 0 C 0
1459 1461 2 21 0 C 0
1461 1462 2 24 0 C 0
3876 3877 2 40 0 C 0
3877 236 2 20 0 C 0
236 898 2 16 0 C 0
898 3878 2 30 0 C 0
3878 5883 2 32 0 C 0
5883 3879 2 31 0 C 0
3879 3881 2 11 0 C 0
3881 3880 2 32 0 C 0
3880 2082 2 33 0 C 0
1501 2585 1 11 0 C 0
2103 5132 1 37 0 C 0
5132 2102 1 1 0 C 0
5437 6214 2 9 48 O 30
6214 6216 2 2 9 O 30
6216 5727 2 19 101 O 20
5727 5363 2 13 67 M 10
5363 1618 2 10 51 O 30
1633 1634 2 20 0 C 0
1634 1635 2 8 0 C 0
1635 1636 2 16 89 O 20
1635 1238 2 18 99 O 30
1238 1637 2 18 96 O 10
1637 1236 2 9 49 O 30
1637 1638 2 18 97 O 20
2123 4655 2 71 390 O 30
4655 2189 2 4 17 O 30
2189 4658 2 30 162 O 10
4658 3224 2 7 38 O 10
3223 5103 2 16 85 O 30
5103 4635 2 25 137 O 10
4635 2339 2 24 132 O 10
282 5983 1 7 0 C 0
5983 5982 1 12 0 C 0
5982 619 1 5 0 C 0
619 2581 1 29 0 C 0
1094 1093 2 19 0 C 0
1093 4865 2 14 0 C 0
2753 2754 1 37 201 O 10
2754 2761 1 6 28 M 30
864 865 2 6 32 O 30
865 494 2 31 170 O 30
494 2768 2 12 67 M 20
2768 866 2 24 130 O 20
866 2765 2 9 46 O 10
2765 498 2 3 14 O 30
498 867 2 74 411 O 10
2817 2816 2 21 112 M 30
2816 6688 2 15 78 O 10
6688 6687 2 1 5 O 10
6687 6067 2 14 72 O 20
6067 5195 2 6 30 O 10
5195 6070 2 3 13 O 30
6070 6072 2 2 9 O 10
6072 6074 2 15 78 M 10
6074 6077 2 6 32 O 30
6077 2815 2 3 13 M 30
2815 870 2 9 50 O 10
868 77 2 9 48 O 30
77 5194 2 36 195 O 30
5194 869 2 9 46 O 20
869 2814 2 25 134 O 20
2814 2813 2 54 297 O 20
871 872 2 22 118 O 30
872 873 2 34 185 O 20
5518 6766 1 16 0 C 0
6766 6765 1 2 0 C 0
6765 2041 1 9 0 C 0
2041 5515 1 8 0 C 0
5515 5516 1 17 0 C 0
5516 3842 1 5 0 C 0
1098 2015 2 3 13 O 30
2015 1099 2 10 54 O 10
1099 2018 2 19 103 O 30
2018 2034 2 5 23 O 10
2034 1100 2 13 69 O 20
1100 1101 2 16 87 O 30
1101 1102 2 20 109 M 10
1102 1103 2 30 163 O 30
1103 1104 2 13 71 O 20
1104 1117 2 17 90 O 10
1117 1105 2 2 11 M 20
1105 1106 2 42 233 O 10
1106 3822 2 60 0 C 0
3822 2022 2 9 0 C 0
2022 1107 2 11 0 C 0
4124 5854 2 75 0 C 0
5854 1108 2 2 0 C 0
1108 1109 2 13 0 C 0
1109 2024 2 17 0 C 0
2040 1094 2 64 0 C 0
2019 1102 2 56 306 O 10
1105 1115 2 15 83 O 20
1115 1111 2 62 341 O 10
1115 1116 2 28 151 O 30
1104 3829 2 4 18 M 20
1118 1119 2 21 114 O 20
1099 1120 2 30 165 O 10
1120 1121 2 11 61 O 30
1121 1122 2 6 30 O 20
1100 3414 2 20 106 O 20
3414 3413 2 10 53 O 30
3413 2035 2 2 9 O 10
2035 2033 2 11 60 M 30
2033 1124 2 7 39 O 10
1121 5697 2 3 14 O 30
1120 5698 2 3 13 O 30
1101 1125 2 16 85 O 20
1125 1126 2 20 110 O 20
1126 1127 2 59 323 O 30
3841 1128 2 9 0 C 0
1128 938 2 6 0 C 0
938 2039 2 1 0 C 0
2039 1090 2 1 0 C 0
1090 937 2 1 0 C 0
937 2038 2 40 0 C 0
2038 1129 2 6 0 C 0
1129 955 2 61 0 C 0
955 901 2 2 0 C 0
901 2017 2 14 0 C 0
2017 2016 2 24 0 C 0
2016 2014 2 19 0 C 0
2014 1130 2 10 0 C 0
1130 2029 2 59 327 O 10
2029 2013 2 3 12 O 30
1112 1131 2 28 151 O 20
1131 1132 2 27 147 O 30
1131 1135 2 22 119 M 20
1110 1136 2 38 206 O 10
1107 1137 2 65 0 C 0
1137 524 2 16 0 C 0
524 3409 2 5 25 O 30
1137 1138 2 11 0 C 0
1138 1139 2 33 0 C 0
1139 3409 2 35 192 O 30
1138 4868 2 19 0 C 0
4868 1140 2 3 13 M 20
1125 2018 2 89 493 O 10
1122 4774 2 1 4 O 20
4774 1123 2 30 163 O 10
1123 1124 2 7 33 O 20
1124 6481 2 3 15 O 20
6481 4509 2 19 101 O 20
1134 1133 2 94 518 O 20
1132 1133 2 14 74 O 20
1133 4867 2 16 86 O 20
4867 1134 2 3 0 C 0
3742 3732 1 158 0 C 0
1161 1156 2 11 0 C 0
2615 3062 2 6 0 C 0
1553 3603 2 17 0 C 0
3603 3602 2 4 0 C 0
3602 1160 2 4 0 C 0
1160 1159 2 7 0 C 0
1156 3081 2 2 0 C 0
3081 3740 2 30 0 C 0
3740 3378 2 8 0 C 0
3378 4467 2 23 0 C 0
4467 1152 2 26 0 C 0
1152 2010 2 74 0 C 0
2010 4437 2 51 0 C 0
4929 1179 2 17 92 O 10
1179 6196 2 15 78 O 10
6196 1180 2 2 6 O 10
1180 6198 2 6 29 O 10
6198 6190 2 6 29 O 20
6190 6194 2 2 7 O 10
6194 6192 2 2 7 O 10
6192 1181 2 3 13 M 20
1181 1182 2 16 0 C 0
1180 1183 2 15 82 O 30
1183 4891 2 114 632 O 20
1181 6199 2 50 275 O 10
6199 1184 2 8 44 O 30
1182 1084 2 52 286 O 20
1178 1187 2 19 102 O 30
1187 1188 2 28 152 O 30
1188 1189 2 79 438 O 10
1189 1177 2 19 103 O 30
1189 8 2 21 114 O 30
8 1190 2 2 8 M 30
1190 1187 2 37 205 O 20
1190 1188 2 48 266 O 20
1176 1191 2 11 59 O 20
1191 1192 2 8 40 O 10
1192 1193 2 19 101 O 20
1193 1194 2 40 218 O 10
1196 1197 2 56 307 O 20
1197 1192 2 23 124 O 30
1197 1195 2 52 284 M 20
5167 1198 2 7 33 O 20
1198 1199 2 12 63 O 30
1199 5169 2 22 117 M 30
5169 5168 2 2 9 O 30
5168 1208 2 44 240 M 10
1208 2863 2 16 87 O 10
1199 1200 2 32 172 O 10
1198 1201 2 15 81 O 30
1201 1202 2 45 248 O 20
1202 1203 2 26 143 O 30
1203 1204 2 13 71 O 30
1204 1205 2 17 94 O 30
1204 2863 2 74 411 O 20
1202 1206 2 31 168 O 20
1206 1207 2 32 173 O 20
1207 1208 2 16 85 O 20
1207 1209 2 38 207 O 20
1209 1201 2 23 124 O 10
1209 1206 2 46 254 O 30
2864 5177 2 41 225 O 20
5177 5178 2 2 9 O 20
5178 2916 2 32 175 O 10
1191 1241 2 39 216 M 10
1241 1193 2 31 168 O 30
5224 1210 2 8 41 O 20
1210 1211 2 10 51 O 30
1211 1212 2 9 45 O 30
1212 1213 2 18 98 O 10
1213 1214 2 16 88 O 20
1212 1210 2 104 577 O 10
2152 1215 2 15 80 M 30
1215 1216 2 22 120 O 20
1216 1217 2 16 84 M 10
1216 2862 2 32 173 M 10
1215 1218 2 37 202 M 30
2153 6346 2 22 118 M 10
6346 3359 2 22 120 O 30
1830 6771 2 34 184 O 20
6771 6796 2 39 216 O 30
6796 6797 2 2 6 O 10
6797 1003 2 33 179 O 20
1003 3692 2 55 305 O 20
2935 3366 2 77 423 O 30
3366 4291 2 23 126 O 10
4291 692 2 35 193 M 10
692 1220 2 3 13 O 10
1220 2136 2 37 201 M 20
2136 54 2 20 107 O 10
54 55 2 2 10 O 20
55 2135 2 9 46 O 10
2135 6162 2 7 37 M 30
6162 5392 2 16 83 M 20
5392 5396 2 14 74 O 30
5396 5394 2 2 9 M 20
5394 6164 2 6 31 O 30
6164 2133 2 25 137 O 20
2133 6160 2 30 166 M 30
6160 4519 2 18 97 O 10
4519 6580 2 13 70 O 10
6580 6175 2 25 138 O 20
6175 2132 2 15 79 M 30
2132 4266 2 10 54 O 20
4266 6183 2 9 46 O 10
6183 2134 2 6 29 O 10
2134 6751 2 17 94 O 30
6751 5690 2 4 19 O 30
5690 2890 2 2 7 M 20
2890 1226 2 57 314 O 30
1225 1391 2 78 432 O 30
2129 6669 2 20 108 O 30
6669 4518 2 3 12 O 30
4518 6536 2 11 57 O 20
6536 6029 2 28 155 O 30
6029 4517 2 12 65 M 20
4517 4516 2 22 121 M 20
4516 1224 2 23 125 O 30
3498 1227 2 36 195 M 10
2849 4738 2 19 105 M 10
4738 6389 2 24 129 O 30
6389 1996 2 8 39 O 30
1996 5283 2 61 334 M 30
5283 1997 2 3 13 M 10
1997 5287 2 8 40 O 20
5287 2363 2 33 182 O 10
2363 5377 2 1 4 O 30
5377 5449 2 55 303 O 30
5449 5445 2 25 139 O 10
5445 1234 2 2 6 O 20
1234 5447 2 11 60 O 20
5447 6613 2 28 154 M 20
6613 573 2 5 22 O 10
573 2169 2 38 211 M 10
1229 65 2 26 142 O 10
65 4731 2 23 125 O 10
4731 4734 2 47 260 O 20
4734 4740 2 18 97 O 10
4740 5401 2 12 61 O 30
5401 6584 2 7 34 O 30
6584 4733 2 16 89 O 20
4733 5349 2 16 84 O 10
5349 571 2 20 106 M 20
571 569 2 3 17 O 20
569 1230 2 18 96 O 10
4026 2073 2 12 61 O 20
2073 6406 2 82 454 O 10
1221 4521 2 56 306 M 20
4521 5387 2 6 30 O 10
5387 2847 2 4 21 O 20
2847 1232 2 3 16 O 20
2158 6371 2 12 63 M 20
6371 6367 2 31 169 O 10
6367 1233 2 3 16 M 30
1233 5578 2 47 260 M 20
5578 5611 2 13 67 O 10
5611 5606 2 30 165 O 10
5606 5536 2 7 38 O 10
5536 1234 2 44 243 O 20
2167 3900 2 15 81 M 10
3900 3911 2 13 70 O 30
3911 1235 2 11 59 O 20
1235 3923 2 14 73 O 30
3923 6577 2 10 55 O 10
6577 6386 2 4 18 O 10
6386 2160 2 9 50 O 20
2168 5623 2 19 103 M 10
5623 4295 2 11 60 M 30
4295 1235 2 28 151 M 10
1638 1239 2 27 149 O 10
2157 3454 2 38 210 O 10
3454 3010 2 19 100 O 10
3010 4262 2 42 228 M 30
4262 3011 2 17 93 O 20
2149 4920 2 1 5 O 20
1240 79 2 6 33 O 20
1241 1242 2 6 30 O 10
5356 5740 2 51 279 O 20
5740 1243 2 19 105 O 10
1211 1203 2 16 86 M 10
4913 2946 2 22 117 M 10
2946 3362 2 58 317 O 10
3362 1478 2 12 63 O 10
1478 2932 2 23 127 M 10
2932 1479 2 34 184 M 20
1479 5059 2 16 86 M 10
5059 1830 2 18 96 O 10
1830 2851 2 44 242 O 20
2858 1217 2 16 85 M 20
1217 1246 2 11 56 O 30
1246 1247 2 7 37 O 10
5741 1246 2 7 38 O 30
1246 2861 2 25 135 M 10
2861 2859 2 34 187 O 10
1248 1244 2 10 53 M 20
1244 2861 2 9 50 O 30
1232 4520 2 2 7 O 30
4520 5357 2 12 63 O 30
5357 2133 2 49 269 M 10
2129 2130 2 42 231 O 10
2130 2131 2 43 236 M 20
2131 6181 2 9 47 O 30
6181 2132 2 24 130 O 30
1231 5597 2 6 33 O 20
5597 5594 2 14 74 O 10
5594 5593 2 40 218 O 10
5593 5616 2 11 58 O 30
5616 4727 2 18 99 O 20
4727 4728 2 24 131 O 10
4728 5417 2 3 16 M 30
1236 1237 2 16 88 M 10
1237 1636 2 41 222 O 20
3037 3036 2 2 0 C 0
3036 1639 2 17 89 M 30
1639 2157 2 41 222 O 10
2157 4325 2 14 76 M 10
4325 3893 2 5 27 M 20
3893 3892 2 6 33 O 30
3892 4323 2 2 8 O 10
4323 4288 2 5 25 O 10
4288 3887 2 15 80 M 10
3887 3011 2 16 89 O 30
3011 3012 2 1 5 O 30
3012 5553 2 50 275 O 10
1454 1470 2 84 0 C 0
1470 488 2 12 0 C 0
488 1452 2 73 0 C 0
1452 507 2 69 0 C 0
507 1469 2 14 0 C 0
1441 1472 2 17 0 C 0
1472 1471 2 28 0 C 0
1453 5722 2 76 0 C 0
5722 2370 2 8 0 C 0
5186 5187 1 2 0 C 0
5187 5188 1 3 0 C 0
5188 3228 1 2 0 C 0
1699 2353 2 1 0 C 0
1708 781 2 7 0 C 0
781 4776 2 28 0 C 0
4776 5853 2 9 0 C 0
5853 3540 2 6 0 C 0
3540 4777 2 3 0 C 0
4777 1404 2 14 0 C 0
1404 5797 2 13 0 C 0
111 3943 2 9 0 C 0
3943 4413 2 30 0 C 0
4413 6697 2 1 0 C 0
6697 4438 2 26 0 C 0
4438 229 2 34 0 C 0
229 5875 2 6 0 C 0
5875 230 2 10 0 C 0
230 5728 2 11 0 C 0
5728 1706 2 24 0 C 0
1706 1707 2 56 0 C 0
1707 822 2 29 0 C 0
822 1852 2 57 0 C 0
1776 3611 1 26 0 C 0
3611 1775 1 26 0 C 0
1775 4513 1 25 0 C 0
4513 4514 1 2 0 C 0
4514 3622 1 2 0 C 0
3622 3620 1 10 0 C 0
3620 1760 1 14 0 C 0
1760 3617 1 4 0 C 0
3617 3615 1 5 0 C 0
3615 3613 1 4 0 C 0
3613 3607 1 6 0 C 0
2581 1765 1 9 0 C 0
1765 1853 1 60 0 C 0
1766 2580 1 9 0 C 0
2580 1788 1 21 0 C 0
1788 1789 1 9 0 C 0
1789 3225 1 9 0 C 0
3225 3593 1 5 0 C 0
5362 1408 1 6 0 C 0
1408 3974 1 33 0 C 0
1141 5849 2 15 0 C 0
5849 3871 2 45 0 C 0
3874 3873 2 37 0 C 0
3873 3872 2 37 0 C 0
3872 3870 2 37 0 C 0
5503 1465 2 14 0 C 0
1465 3875 2 59 0 C 0
3875 1141 2 3 0 C 0
1462 1463 2 36 0 C 0
1463 1451 2 78 0 C 0
1451 3944 2 20 0 C 0
3944 1450 2 6 0 C 0
1464 5497 2 6 0 C 0
5497 1455 2 1 0 C 0
1455 3940 2 11 0 C 0
1466 1443 2 54 0 C 0
1441 1442 2 30 0 C 0
1442 1443 2 22 0 C 0
1443 1440 2 21 0 C 0
1440 1444 2 55 0 C 0
1444 1445 2 46 0 C 0
1445 3563 2 20 0 C 0
3563 1446 2 38 0 C 0
1446 4094 2 36 0 C 0
4469 1449 2 2 0 C 0
1855 5789 2 10 50 O 20
5789 4307 2 2 0 C 0
1854 5481 2 9 47 O 10
5481 5483 2 3 16 O 10
5483 1856 2 2 11 O 30
1856 4331 2 18 95 O 30
4331 6223 2 2 8 O 30
6223 4329 2 1 5 O 10
4329 5472 2 9 49 M 30
5472 4321 2 7 37 O 20
4321 1492 2 10 51 O 20
2829 2832 2 9 47 O 20
2832 4989 2 4 19 O 10
4989 1349 2 18 99 O 30
1349 1350 2 3 15 O 20
1350 5772 2 15 79 O 20
5772 1858 2 4 19 M 10
1858 3099 2 9 45 M 20
3099 3102 2 11 58 O 20
3102 1859 2 15 78 O 20
1860 1858 2 8 44 O 30
3015 1863 2 28 153 O 10
4507 119 2 5 25 O 30
119 129 2 5 25 O 30
129 2186 2 4 17 O 30
1872 1871 2 41 226 M 10
1871 1873 2 16 85 M 10
1874 1873 2 10 53 O 10
1873 1875 2 30 164 M 30
1875 1876 2 43 234 O 30
1876 1877 2 7 37 O 30
1864 1879 2 15 80 O 10
1879 1878 2 28 155 O 10
1878 1876 2 16 86 M 30
1865 1872 2 18 97 O 10
1872 1881 2 22 121 O 30
1881 1875 2 18 95 M 20
1880 1881 2 8 43 M 20
1882 3658 2 46 255 M 20
1890 1889 2 21 115 O 30
1889 1888 2 25 138 M 30
1888 1887 2 48 266 M 10
1891 1889 2 15 79 O 10
1892 1888 2 8 41 O 30
1893 1894 2 15 80 M 10
1894 1895 2 39 212 O 10
1896 1897 2 22 117 O 30
1897 1898 2 62 340 O 20
1898 6270 2 12 63 O 20
6270 5407 2 1 5 O 10
5407 1899 2 22 119 O 10
1899 2943 2 5 26 M 20
3033 1904 2 57 312 O 10
1904 1902 2 31 167 O 10
1904 1900 2 47 257 M 30
2936 224 2 9 48 M 20
224 3283 2 16 88 M 20
3283 2937 2 9 49 O 20
2937 3281 2 17 93 M 10
3281 3275 2 11 58 M 30
1913 1914 2 39 212 M 30
1914 1915 2 76 418 O 10
1915 6116 2 20 111 M 10
6116 4274 2 27 147 M 30
1915 1906 2 19 103 M 10
1916 1907 2 18 98 M 30
1917 1918 2 45 246 O 10
1918 1919 2 15 78 O 30
1919 1920 2 13 67 O 20
2164 1091 2 26 139 O 10
1091 2959 2 2 6 M 10
2959 2975 2 22 117 O 30
2975 3347 2 13 68 O 30
3347 2977 2 7 38 O 10
2977 1922 2 13 69 O 30
3363 6785 2 4 18 M 10
6785 1928 2 2 7 O 10
1928 6373 2 9 50 O 10
6373 1929 2 18 98 M 10
1929 1505 2 50 277 O 30
5427 1930 2 38 208 M 10
1142 4353 2 13 72 O 30
2177 1933 2 19 102 M 10
1933 1934 2 25 136 O 30
1934 1935 2 30 164 O 10
1935 1933 2 91 501 O 30
1936 1934 2 12 62 O 10
1927 1937 2 19 101 O 10
1937 1938 2 53 293 M 30
1938 1925 2 19 105 M 30
1938 1939 2 21 112 O 20
1939 1937 2 15 80 O 20
1942 1943 2 8 40 O 30
1943 1944 2 16 86 O 30
1944 1625 2 17 93 M 30
1945 1944 2 47 260 O 20
1944 1946 2 10 54 O 10
1947 1943 2 13 71 O 10
1950 1949 2 53 291 O 30
1951 3924 1 23 125 M 30
3924 3927 1 2 8 O 30
3927 1923 1 19 104 O 30
2523 1952 2 18 98 O 10
1953 2979 2 7 37 O 30
2979 1951 2 32 172 M 10
1951 5375 2 2 7 O 30
5375 3320 2 31 172 O 30
3320 1954 2 2 9 O 20
1955 1953 2 2 11 O 20
1953 1956 2 2 6 O 10
1894 1959 2 37 203 M 30
1959 1895 2 24 133 M 20
1895 1897 2 18 100 O 20
2965 1960 2 12 65 O 10
1961 1917 2 15 82 O 30
1963 1918 2 18 95 O 10
1964 666 2 7 34 O 20
666 2971 2 14 74 O 30
2971 2960 2 1 5 O 20
2960 1921 2 9 49 M 20
1908 1914 2 19 105 M 10
1965 5196 2 22 118 O 20
5196 1966 2 5 23 O 30
2823 5964 2 2 10 M 10
5964 1967 2 6 32 M 30
1967 5976 2 2 11 M 30
5976 2820 2 12 65 O 20
2820 1966 2 14 74 M 30
1966 2795 2 40 217 M 10
1968 5206 2 1 1 O 30
5206 4048 2 5 25 M 10
4048 3235 2 3 16 O 10
3235 5244 2 5 28 O 30
5244 5243 2 1 5 M 30
5243 1970 2 4 21 O 10
1970 1971 2 36 195 O 10
1974 1034 2 69 380 M 10
1034 4343 2 29 159 O 10
4344 4343 2 39 214 O 30
4343 1975 2 40 218 O 10
1975 1972 2 35 192 O 30
3526 1976 2 12 61 O 30
1976 1973 2 65 357 O 20
1977 6518 2 3 13 M 10
6518 599 2 3 15 O 30
599 1978 2 24 132 O 20
1978 6758 2 19 101 O 30
6758 1979 2 3 14 O 20
4283 4285 2 19 102 O 30
4285 4284 2 4 22 M 10
1987 161 2 15 0 C 0
161 3226 2 11 0 C 0
3226 3733 2 4 0 C 0
3733 1988 2 6 0 C 0
1991 1992 2 39 214 O 10
1992 1990 2 21 115 O 10
1990 2915 2 2 6 M 10
2915 1993 2 48 266 O 20
1993 1473 2 23 123 O 10
1473 1983 2 13 68 O 20
1994 1758 2 15 0 C 0
1758 1439 2 36 0 C 0
1439 1988 2 14 0 C 0
1494 1374 2 3 14 O 10
1374 1998 2 13 70 O 30
1998 1999 2 16 84 O 30
2000 2001 2 12 65 M 10
1622 5773 1 77 0 C 0
5773 4042 1 2 0 C 0
4042 4018 1 20 0 C 0
1962 1916 2 15 83 O 30
1916 1963 2 47 258 O 10
1963 1909 2 31 169 O 10
1899 2942 2 6 32 M 30
2002 1901 2 28 153 O 10
1905 3274 2 12 66 O 30
3274 2003 2 10 52 O 20
2003 3280 2 13 69 O 30
3280 3030 2 12 63 O 10
3030 2004 2 27 147 O 10
2004 3028 2 11 59 O 10
3028 3266 2 13 71 O 30
3266 3265 2 16 85 O 10
3265 2300 2 17 93 O 30
2005 3273 2 3 13 O 30
3273 3271 2 5 23 O 30
3271 2003 2 11 58 O 30
1890 1868 2 10 55 O 30
1868 3268 2 28 154 O 10
3268 4411 2 8 41 O 20
4411 3267 2 2 7 O 20
3267 5696 2 2 6 O 30
5696 2004 2 31 172 O 30
1868 2007 2 4 22 O 20
2007 1869 2 20 108 O 30
2006 2007 2 13 69 O 10
1866 1867 2 16 84 M 30
4506 1861 2 11 56 O 10
1861 1862 2 21 114 O 10
1862 1863 2 90 496 M 20
3032 2008 2 7 38 M 10
2009 1870 2 10 52 O 30
4878 3756 1 90 0 C 0
5787 5788 1 9 0 C 0
1507 2351 1 22 0 C 0
2198 1427 1 4 0 C 0
1427 2197 1 4 0 C 0
2197 2199 1 2 0 C 0
2200 2193 1 5 0 C 0
2193 1428 1 4 0 C 0
1428 3117 1 2 0 C 0
2206 2207 2 22 117 O 10
2207 4943 2 2 6 O 10
2220 5514 2 10 0 C 0
2221 1145 1 11 0 C 0
1145 2219 1 36 0 C 0
1144 2222 1 11 0 C 0
1805 5255 2 1 0 C 0
2190 1699 2 12 0 C 0
2225 1508 1 13 0 C 0
1510 1511 1 13 0 C 0
2228 2229 1 16 0 C 0
2227 2012 1 119 0 C 0
2232 2231 2 10 54 O 30
5090 2048 2 40 222 O 30
2048 2047 2 40 217 O 10
2047 2287 2 41 223 M 30
2287 3398 2 30 166 O 10
3398 665 2 10 55 O 30
665 2285 2 44 244 O 20
2285 3396 2 33 181 M 30
3396 3246 2 28 155 O 10
2240 5123 2 33 182 O 30
5123 5082 2 22 118 O 10
5082 5119 2 20 107 M 30
5119 5100 2 81 448 O 10
5100 988 2 9 45 O 30
988 5081 2 1 4 O 10
5081 72 2 7 35 M 20
72 5073 2 2 10 O 20
5073 2067 2 12 63 O 30
2067 2283 2 42 232 M 20
2283 241 2 28 154 M 20
241 2282 2 17 91 O 10
3981 4854 2 1 3 O 20
4854 1024 2 11 56 O 30
1024 2234 2 30 162 M 10
2234 5996 2 21 113 O 30
5996 2241 2 12 61 O 30
2050 243 2 21 112 O 30
243 5866 2 6 32 O 30
5866 5863 2 3 16 M 30
5863 245 2 36 196 O 30
245 5908 2 12 62 M 10
5908 4510 2 7 38 O 30
4510 379 2 11 59 O 20
379 2049 2 14 77 O 20
2049 2288 2 54 295 O 20
1536 5107 2 52 285 O 30
5107 5086 2 25 134 O 20
5086 5084 2 20 111 O 30
5084 4979 2 18 97 O 30
4979 6460 2 9 46 O 10
6460 4429 2 7 37 O 30
4429 5946 2 15 80 O 30
5946 4432 2 6 31 O 10
4432 5939 2 8 43 O 10
5939 4971 2 22 122 O 10
4971 2237 2 21 112 O 10
2244 2242 2 32 173 M 30
3206 2234 2 50 275 O 10
2234 2245 2 97 535 O 10
2128 2297 2 15 80 O 20
2297 2248 2 24 129 O 10
2248 6477 2 44 244 O 30
6477 4472 2 57 315 O 10
4472 2249 2 52 284 M 10
2249 4478 2 28 150 O 20
4478 4477 2 27 148 M 20
4477 2250 2 17 89 M 30
2250 2251 2 13 68 O 30
2251 2252 2 61 335 O 10
2252 2253 2 20 106 O 20
2253 2254 2 20 106 M 20
2251 2258 2 47 260 O 20
2258 2259 2 83 456 O 20
2259 2260 2 97 536 O 30
2264 4747 2 52 287 O 30
4747 2263 2 39 216 O 30
2263 4569 2 25 139 M 10
4569 4568 2 7 38 M 20
4568 3795 2 52 288 O 20
1604 4575 2 23 125 O 10
4575 4581 2 17 93 O 30
4581 4574 2 4 17 O 10
4574 4579 2 33 183 M 20
4579 4570 2 7 38 O 30
4570 4974 2 27 147 O 30
4974 2263 2 27 148 O 30
2263 2265 2 46 252 O 30
2265 4802 2 13 71 O 10
4802 4800 2 61 337 O 10
4800 539 2 42 233 M 10
2331 539 2 29 158 O 30
539 2266 2 2 11 O 10
2266 275 2 24 132 O 20
275 4796 2 32 176 O 30
4796 6437 2 3 12 O 30
6437 1541 2 20 111 O 20
1541 2267 2 84 462 O 10
4302 2270 2 38 207 O 30
2270 4820 2 63 347 O 20
4820 258 2 8 40 O 10
258 260 2 69 383 M 10
260 4821 2 2 8 O 20
2273 2272 2 43 235 O 30
2277 899 2 42 230 O 20
899 2278 2 42 228 O 20
2278 239 2 29 160 O 30
239 2247 2 26 140 O 10
2274 2275 2 52 288 O 20
2278 2279 2 26 142 O 20
4183 2245 2 39 213 M 10
2280 542 2 41 226 O 30
542 5858 2 23 124 O 20
5858 2237 2 14 77 O 10
2237 4591 2 54 297 O 20
4591 2283 2 29 161 O 10
2283 2043 2 52 286 M 30
2043 2059 2 5 27 O 30
2059 2216 2 8 44 O 20
2216 4590 2 10 51 O 30
4590 2284 2 6 31 O 10
2284 457 2 5 24 O 10
457 2285 2 88 489 O 20
2285 2045 2 50 278 O 10
2045 2069 2 37 202 O 10
2069 2286 2 7 36 O 20
2287 2288 2 36 199 O 20
2290 2291 2 72 399 O 20
2291 2292 2 67 368 O 20
2281 4430 2 42 231 O 10
4430 2293 2 43 237 O 30
2293 4704 2 40 218 O 10
4704 1655 2 43 236 O 20
4431 2293 2 21 112 O 30
2293 4555 2 36 199 O 30
4555 6511 2 32 177 O 20
6511 2243 2 24 128 O 30
3812 4197 2 93 513 O 10
4197 1535 2 3 16 O 20
2248 4459 2 33 181 O 10
4459 2294 2 23 125 M 10
2294 2296 2 43 239 O 10
2296 2256 2 15 80 M 10
2298 2260 2 23 125 O 10
2260 6530 2 9 49 M 20
6530 271 2 23 123 O 10
271 2261 2 26 141 O 10
1475 160 2 32 0 C 0
2147 1165 2 15 0 C 0
1165 1166 2 7 0 C 0
1166 1167 2 10 0 C 0
1167 1168 2 16 0 C 0
1168 1169 2 15 0 C 0
1169 1170 2 2 0 C 0
1170 1829 2 20 0 C 0
2126 4487 2 51 281 O 30
4487 4486 2 33 178 O 10
4486 6141 2 93 512 O 10
6141 1000 2 39 214 M 10
1000 4448 2 2 6 O 10
4448 1593 2 49 271 O 20
1654 3184 2 9 50 M 10
3184 5087 2 2 10 O 30
5087 4973 2 33 180 O 20
4973 2236 2 39 213 O 10
2236 2280 2 87 481 O 10
2280 2281 2 4 22 M 30
2281 1603 2 93 515 M 30
1603 4752 2 16 86 O 30
4752 1602 2 139 770 O 30
2305 4829 2 105 582 O 20
4829 2306 2 79 435 O 20
2310 4572 2 16 85 M 30
4572 2323 2 115 638 O 20
3701 2302 1 27 146 O 30
2117 2313 2 80 442 O 20
2313 3814 2 36 197 O 10
3814 3807 2 54 298 O 20
3807 2325 2 43 237 M 20
2303 957 2 51 279 O 20
957 5027 2 23 124 O 30
5027 6188 2 22 120 O 20
6188 2304 2 58 320 M 20
2308 402 2 3 16 O 20
402 954 2 97 538 O 30
954 948 2 5 24 O 20
948 2309 2 56 309 O 10
2212 89 2 12 64 O 20
89 4652 2 45 245 O 20
4652 2301 2 6 33 O 30
2313 247 2 24 130 O 30
247 2314 2 4 20 O 20
2314 2338 2 32 174 O 30
2312 2309 2 128 708 O 10
2309 4610 2 3 15 O 30
4610 4608 2 25 135 O 10
4608 4609 2 34 184 O 20
4609 6524 2 19 101 M 10
6524 4623 2 38 206 O 30
4623 4631 2 24 129 O 30
4631 2321 2 2 7 O 30
2321 4498 2 99 545 O 10
4498 2326 2 19 105 O 20
2326 2322 2 40 221 O 20
2322 4497 2 26 143 O 10
4497 4797 2 65 357 O 20
1602 1601 2 87 478 O 20
1601 4957 2 47 258 O 10
2306 2307 2 4 20 M 20
2311 4824 2 16 85 O 10
4824 1544 2 50 274 M 20
2318 788 2 17 91 O 10
788 4599 2 8 43 O 10
4599 4598 2 23 126 O 30
4598 789 2 7 34 O 10
789 2303 2 12 61 M 30
2303 4486 2 72 397 M 30
2315 2325 2 25 136 O 20
2325 2340 2 73 405 O 30
2900 5242 2 21 114 O 30
3696 6324 2 2 6 O 30
6324 5054 2 52 285 O 10
5054 4600 2 15 79 O 10
4600 6186 2 5 26 M 10
6186 2318 2 13 69 M 20
2311 2310 2 13 71 O 10
2310 4838 2 29 156 O 10
4838 2312 2 37 205 O 10
2312 6787 2 145 804 O 20
2307 4588 2 63 349 O 30
4588 6786 2 28 155 M 30
2096 5264 2 17 93 O 30
5264 2097 2 7 34 M 10
2375 2301 2 9 47 O 10
3694 1039 2 5 23 O 30
1039 6320 2 2 8 O 30
6320 5179 2 11 56 M 10
5179 2901 2 2 8 O 20
1543 1544 2 110 606 O 10
1544 4618 2 59 327 O 10
4618 538 2 81 448 M 10
538 3799 2 44 239 O 10
3799 4842 2 53 292 O 10
4842 2116 2 16 89 O 10
2116 4843 2 10 54 M 30
4843 2117 2 16 89 O 10
2117 3801 2 13 70 M 10
3801 4653 2 24 129 O 30
4653 4657 2 51 282 O 30
4657 2118 2 13 70 O 10
2118 5016 2 33 181 O 30
5016 2119 2 3 12 O 20
2119 4654 2 16 84 M 10
4654 102 2 5 23 O 20
102 2120 2 23 124 O 20
2120 2122 2 20 106 O 20
1542 1543 2 128 708 O 20
2315 4644 2 128 708 O 20
4644 2112 2 5 23 O 20
2110 6794 2 64 355 O 20
6794 6789 2 10 52 M 20
6789 4760 2 20 108 M 10
4760 369 2 20 111 O 20
369 4764 2 5 24 O 10
4764 4770 2 110 609 M 20
4770 90 2 28 155 O 30
90 4646 2 105 578 O 20
1600 4954 2 34 186 O 20
4954 3405 2 20 107 O 30
3405 6513 2 24 132 O 10
6513 4964 2 15 80 O 10
4964 4956 2 31 172 M 20
4956 6695 2 1 4 O 20
6695 6519 2 49 267 O 20
6519 4958 2 31 171 O 30
2282 4968 2 68 375 O 30
4968 4977 2 29 157 O 30
4977 4435 2 24 128 M 20
4435 2055 2 7 34 M 10
2055 2054 2 6 29 O 10
2054 1603 2 50 276 O 10
1603 4576 2 21 112 O 20
4576 1604 2 62 342 O 10
1604 257 2 26 143 O 10
257 3789 2 55 304 O 30
3774 6733 2 30 166 M 20
6733 6736 2 3 12 O 20
6736 6508 2 11 60 M 20
6508 2243 2 38 208 M 30
2243 4556 2 27 147 O 30
4556 2236 2 59 323 M 20
2241 2242 2 67 370 O 20
2242 4551 2 65 357 O 10
4551 998 2 45 248 O 20
998 3776 2 11 59 O 10
2267 4699 2 64 351 O 10
4699 686 2 31 172 O 20
686 2262 2 1 4 O 20
2262 4694 2 14 74 O 30
4694 2268 2 8 43 M 20
2268 4710 2 10 51 O 20
4710 2269 2 59 326 O 30
2322 961 2 58 321 O 20
961 5011 2 38 210 O 10
5011 2320 2 18 96 O 20
2321 4582 2 37 205 O 30
4582 4624 2 14 76 M 10
4624 4625 2 38 207 O 20
4625 4815 2 39 216 O 30
4815 2119 2 32 173 O 30
2326 2327 2 39 215 O 20
2327 2342 2 55 302 M 30
2342 6804 2 1 4 O 20
2328 4695 2 58 322 M 10
4618 6541 2 67 370 O 10
6541 536 2 31 167 O 30
536 5781 2 21 112 M 30
2261 4697 2 12 63 O 10
4697 4417 2 18 99 O 10
4417 4418 2 24 133 O 20
4418 2259 2 64 353 M 10
2271 4702 2 5 26 O 10
4702 2272 2 146 809 O 20
2272 4689 2 30 162 M 20
4689 4688 2 14 73 O 10
4688 2258 2 30 162 O 20
4480 4479 2 33 178 O 30
4479 4817 2 183 1016 O 20
4817 4478 2 31 170 O 30
2334 2335 2 98 541 O 10
2324 221 2 59 323 O 30
2337 613 2 47 258 M 10
613 611 2 38 208 O 20
611 4641 2 22 120 O 20
4641 2336 2 13 68 O 30
2336 2315 2 74 409 O 10
4994 4640 2 46 253 M 10
4640 4639 2 15 81 O 30
4639 4638 2 21 113 O 10
4638 2314 2 28 152 O 20
2118 4841 2 66 363 O 20
4841 2338 2 33 179 O 20
2338 4998 2 8 40 M 30
4998 4636 2 16 85 M 20
4636 2339 2 33 179 O 10
2339 4637 2 48 263 O 10
4637 2340 2 23 126 O 30
2343 6066 2 22 118 O 30
6066 2327 2 78 428 M 10
2343 2122 2 114 628 O 10
4648 4647 2 84 0 C 0
4647 2345 2 90 497 O 10
1594 5008 2 24 129 O 10
5008 1552 2 236 1306 M 30
2346 41 2 28 155 O 20
41 2347 2 18 96 M 30
4448 6393 2 70 388 O 30
6393 5956 2 2 6 O 10
5956 6700 2 17 93 O 20
6700 6141 2 53 293 O 30
5531 1774 1 3 0 C 0
1774 199 1 2 0 C 0
2573 2572 1 12 0 C 0
1508 2228 1 242 0 C 0
2574 2576 1 8 0 C 0
2576 3383 1 8 0 C 0
2575 2577 1 8 0 C 0
1513 1512 1 183 0 C 0
2578 2579 1 8 0 C 0
2579 2575 1 60 0 C 0
3565 2583 1 14 0 C 0
2583 107 1 6 0 C 0
1853 1522 1 118 0 C 0
115 2362 1 6 0 C 0
117 2361 1 4 0 C 0
1570 2600 1 14 0 C 0
346 4326 1 3 0 C 0
4326 1538 1 50 0 C 0
2599 1571 1 15 0 C 0
5381 1830 2 89 494 O 30
3379 3380 2 3 13 O 10
3380 1940 2 15 83 O 30
1940 1619 2 47 256 O 30
1619 6666 2 16 86 O 30
6666 6220 2 16 89 M 20
6220 2537 2 4 19 M 30
3386 5790 1 90 0 C 0
3388 2457 1 26 0 C 0
2457 5487 1 21 0 C 0
5487 2456 1 27 0 C 0
3393 3392 1 105 0 C 0
1790 2444 1 51 0 C 0
4125 4126 2 154 852 O 20
4126 3416 2 54 298 O 20
3416 5118 2 15 79 O 10
5118 4148 2 7 35 O 30
4148 4127 2 34 187 O 20
4127 4129 2 27 147 O 30
4129 1652 2 59 322 O 20
4149 3431 2 80 442 O 10
3431 4168 2 9 45 M 20
4168 3868 2 3 13 O 10
3868 5113 2 20 107 O 20
5113 4142 2 14 77 O 20
4142 4128 2 29 158 O 20
4128 4140 2 15 78 O 30
4140 4138 2 13 72 O 20
4138 4136 2 11 59 O 20
4136 4134 2 14 77 O 20
4134 4131 2 18 98 O 10
4131 3424 2 21 114 O 30
3424 4129 2 19 105 O 20
4130 4131 2 21 112 O 30
4131 4132 2 29 156 O 10
4133 4134 2 15 79 O 30
4134 4135 2 29 157 O 10
5062 4136 2 17 92 O 30
4136 4137 2 29 157 M 10
4139 5060 2 33 179 O 20
4140 4141 2 29 157 M 20
4142 4141 2 15 78 O 20
4141 4139 2 14 75 O 30
4139 4137 2 11 57 O 10
4137 4135 2 14 77 O 10
4135 1022 2 14 74 O 30
1022 4132 2 6 32 O 20
4132 3866 2 11 56 O 30
3866 4127 2 25 138 M 10
4143 4144 2 9 48 O 30
4144 4145 2 19 101 O 20
3086 5821 2 44 0 C 0
4144 4466 2 76 418 O 10
4466 4146 2 7 35 O 10
4148 4150 2 47 259 O 20
4149 4164 2 22 118 O 10
4164 4165 2 10 53 O 20
4165 4166 2 8 41 O 10
4166 4163 2 8 44 O 30
4163 4167 2 8 43 O 10
4167 4157 2 9 47 O 10
4157 4147 2 25 138 M 30
4147 4145 2 86 474 O 20
4145 4125 2 20 108 O 10
4156 4157 2 13 67 O 30
4157 4158 2 29 156 O 10
4162 4442 2 36 197 O 20
4442 4163 2 21 116 O 10
4163 4154 2 21 113 O 30
4440 4162 2 7 36 M 10
4164 4151 2 30 166 O 10
4440 4167 2 43 236 O 10
4167 4155 2 18 98 O 30
4153 4166 2 24 129 O 30
4166 4161 2 11 57 O 10
4152 4165 2 26 143 O 20
4165 4160 2 11 57 O 20
4170 5778 2 26 142 O 10
5778 4178 2 28 155 O 10
4172 4179 2 5 24 O 10
4179 4180 2 20 107 O 20
4180 4181 2 7 36 O 20
4181 4179 2 10 54 O 10
4173 4176 2 4 18 O 30
4176 4177 2 12 62 M 10
4184 4554 2 16 86 O 20
4554 409 2 25 135 O 30
1479 3350 2 17 93 O 20
3350 2948 2 37 204 O 20
1233 5057 2 13 70 O 20
5057 4397 2 15 83 O 20
1549 3627 1 82 451 O 10
5783 1644 1 15 0 C 0
2351 1631 1 10 0 C 0
5785 3391 1 331 0 C 0
1509 1510 1 14 0 C 0
291 3433 1 4 0 C 0
3433 1665 1 31 0 C 0
1665 1663 1 26 0 C 0
1663 5833 1 45 0 C 0
5833 4105 1 15 0 C 0
6556 4773 2 22 0 C 0
4773 4606 2 4 0 C 0
4606 6555 2 4 0 C 0
5820 5819 2 7 34 O 30
5821 5818 2 8 0 C 0
5817 4169 2 12 65 O 30
5819 3761 2 103 568 O 20
5818 4146 2 64 351 O 30
4169 4463 2 33 179 O 20
4463 4168 2 22 122 M 30
1600 1012 2 35 192 M 20
1012 4952 2 19 104 M 20
4952 2290 2 19 105 O 30
5958 5959 1 10 54 M 20
5959 6392 1 2 10 O 10
6392 6393 1 21 113 O 20
2341 6801 2 1 4 O 10
2429 2431 1 92 0 C 0
2431 2432 1 57 315 O 20
5796 4500 2 5 0 C 0
4500 1825 2 6 0 C 0
2537 6745 1 2 10 O 20
6745 878 1 13 68 O 20
3392 3624 1 54 0 C 0
5790 2230 1 15 0 C 0
5484 3393 1 73 0 C 0
2914 1225 2 35 192 M 30
1225 1224 2 35 191 O 10
2255 4818 2 78 431 O 30
4818 2 2 26 141 O 30
2 4682 2 68 377 O 20
4682 895 2 11 59 O 20
895 893 2 2 10 O 10
893 2252 2 25 136 O 30
1251 1261 2 17 93 O 10
1262 3051 1 3 13 O 20
3051 1255 1 4 21 O 30
1255 3058 1 4 17 O 20
3058 1266 1 3 14 O 20
1266 1270 1 3 13 O 10
1270 1269 1 1 4 M 30
1269 1262 1 1 4 O 30
1254 1259 2 18 95 O 30
1256 1264 2 18 95 M 30
1265 1261 2 20 107 O 20
1261 1257 2 4 18 M 20
1257 1264 2 3 16 O 30
1264 1272 2 5 26 O 10
1272 1259 2 4 17 O 30
1259 1263 2 4 17 O 10
1263 5631 2 12 63 O 20
5631 1268 2 9 49 M 30
1253 1272 2 18 95 M 20
1267 1258 2 20 108 O 30
3059 1271 2 2 7 O 10
1271 3060 2 7 34 O 10
3060 1267 2 7 36 O 30
1267 5420 2 2 9 O 30
5420 1268 2 37 203 M 10
1268 1252 2 4 17 O 20
1252 1254 2 3 17 O 20
1254 1253 2 4 18 O 10
1253 1256 2 5 25 O 10
1256 1250 2 3 16 O 10
1250 1251 2 4 18 M 10
1251 1265 2 4 17 O 20
1265 3048 2 10 52 M 20
1250 1257 2 17 94 O 10
1252 5632 2 9 49 O 10
5632 1263 2 9 47 O 10
1276 1279 2 13 71 M 30
1279 1282 2 14 74 M 30
1290 1288 2 4 18 M 10
1288 1297 2 12 66 O 30
1284 1279 2 4 17 O 30
1279 1289 2 4 17 O 30
1289 1293 2 3 14 O 10
1290 1277 2 12 0 C 0
1298 5064 1 4 19 O 30
5064 1429 1 1 3 O 20
1295 1276 2 3 12 O 10
1276 1287 2 4 17 O 10
1287 1281 2 4 19 O 30
1281 1285 2 4 18 O 10
1285 1294 2 3 15 M 20
1295 1284 2 14 72 O 10
1284 1297 2 7 38 O 20
1297 1277 2 3 0 C 0
1281 5456 2 10 55 M 10
5456 5434 2 3 14 O 20
5434 5433 2 1 3 M 30
5433 1274 2 9 45 O 10
1294 6391 2 4 20 O 30
6391 5457 2 8 43 O 10
1293 5434 1 2 6 O 30
5434 1291 1 7 34 O 30
1285 5457 2 10 51 O 20
1275 1288 2 68 377 O 20
1283 1833 1 15 0 C 0
1287 1289 2 13 71 O 30
1289 5729 2 8 42 O 20
1291 1292 1 12 66 O 30
1278 1273 1 2 0 C 0
1273 1283 1 3 0 C 0
1283 1296 1 3 0 C 0
1296 3861 1 1 0 C 0
3861 1292 1 4 19 O 20
1292 1301 1 2 10 O 20
1301 1299 1 3 15 M 20
1299 1300 1 1 5 O 10
1300 1278 1 1 5 M 20
3861 5433 1 19 101 M 30
5433 1293 1 2 6 O 30
1307 5628 2 3 11 M 30
5628 1323 2 7 34 O 20
1323 1319 2 6 31 O 10
1304 5629 2 7 37 O 20
5629 1319 2 4 19 O 20
1319 1325 2 4 19 O 20
1325 1324 2 3 17 O 20
1324 1315 2 5 23 O 30
1315 1316 2 5 25 O 10
1307 5627 2 4 18 O 10
5627 1320 2 6 33 O 30
1320 1305 2 74 408 O 10
5125 1320 2 3 11 O 30
1309 4023 2 10 54 O 10
1312 5125 2 4 21 O 20
2161 1303 2 7 33 M 10
1303 1322 2 5 24 O 20
1308 1321 2 9 47 M 20
1317 1310 2 9 47 O 20
1309 1303 2 12 62 O 10
5630 1311 2 5 27 O 20
1311 1325 2 6 31 O 20
1305 1315 2 3 15 O 30
1306 1311 2 4 19 O 30
1311 1323 2 4 18 O 20
1323 1310 2 4 17 O 10
1310 1308 2 3 15 M 10
1308 1304 2 3 12 O 10
1304 5104 2 9 48 O 30
3487 1340 1 3 15 O 20
1340 5366 1 3 14 O 10
5366 5368 1 5 28 M 10
5368 5367 1 4 17 O 30
5367 1345 1 6 31 M 30
1347 1338 2 14 76 M 10
1338 1329 2 9 50 M 20
1329 1328 2 2 11 O 20
1328 1333 2 3 17 O 30
1333 1341 2 4 17 O 20
1341 1337 2 3 16 O 30
1337 1343 2 3 15 M 20
1343 5365 2 11 56 O 20
5365 1345 2 3 15 M 30
1334 1336 2 7 37 M 20
1336 1330 2 7 38 O 20
1327 1331 2 21 114 M 20
1331 4528 2 9 46 O 20
4528 1332 2 9 50 O 20
1341 1330 2 13 71 M 20
1344 1331 2 10 53 O 10
1328 1334 2 13 70 M 20
1333 1326 2 13 71 O 30
1326 1336 2 5 23 O 20
1344 1345 2 7 36 O 30
1338 1335 2 17 89 M 20
1335 1347 2 5 23 M 20
1337 5364 2 10 52 M 10
5364 1346 2 4 18 O 20
1342 228 2 3 11 O 10
5368 4084 2 7 36 O 20
1344 1342 1 6 31 O 20
1342 4084 1 4 20 O 10
1345 1346 2 6 29 O 20
1346 1330 2 3 15 O 30
1330 1326 2 4 18 O 20
1326 1334 2 3 17 O 30
1348 5200 2 3 12 O 20
5200 1350 2 1 4 O 30
1352 1860 2 14 76 O 20
1860 5199 2 9 49 O 30
5199 1348 2 14 73 O 10
1358 1360 2 4 20 O 30
1360 1750 2 4 18 O 30
1750 1365 2 4 17 O 20
1363 1360 2 6 30 O 10
1360 1371 2 8 39 O 10
1368 1367 2 5 26 O 30
1362 1373 2 4 19 M 20
1373 1370 2 4 17 M 10
1370 1366 2 4 17 O 10
1366 1368 2 4 20 O 30
1368 1357 2 6 31 M 30
1357 1371 2 4 20 O 30
1371 1361 2 4 19 M 30
1361 1372 2 4 17 O 20
1372 4033 2 3 13 O 20
4033 1369 2 5 26 O 20
1370 5408 2 10 51 O 30
5408 1373 2 8 42 O 30
1364 1365 2 8 40 O 30
1365 1372 2 8 41 O 10
1366 1356 2 7 38 M 10
1359 1358 2 9 50 M 30
1358 1356 2 2 6 O 20
1356 1367 2 3 16 M 20
1367 1357 2 3 16 M 30
2373 2487 1 33 0 C 0
2487 2624 1 5 0 C 0
2624 2490 1 2 0 C 0
2490 5525 1 28 0 C 0
5525 3932 1 16 0 C 0
5431 1378 1 5 24 O 10
1617 1377 2 5 25 O 30
1377 1375 2 13 70 O 20
1376 1374 2 18 95 O 30
1376 1375 2 15 80 M 10
5431 5430 2 1 2 O 10
5430 1376 2 18 96 M 30
1375 5358 2 3 16 O 30
5431 1377 2 12 65 O 10
2255 2256 2 63 348 M 20
2256 6764 2 20 106 M 30
6764 4678 2 55 300 O 10
4678 2257 2 25 137 O 10
2257 4819 2 19 104 O 30
4819 2250 2 34 187 O 30
4662 1390 2 71 391 O 10
1390 4543 2 44 241 O 30
4543 6023 2 24 129 O 10
6023 3371 2 2 9 O 10
3371 3368 2 5 22 M 10
3368 3370 2 5 27 O 30
3370 3367 2 3 14 O 30
4899 2889 2 30 164 M 30
2889 2888 2 3 15 O 20
2888 6277 2 65 356 M 20
6277 5124 2 30 164 O 30
5124 4548 2 59 324 O 30
4548 1390 2 51 283 M 20
1390 6017 2 42 231 O 20
6017 6012 2 6 28 O 30
6012 6009 2 6 28 O 10
6009 6010 2 8 41 O 20
6010 4539 2 25 137 O 20
4539 5131 2 3 15 O 30
5131 1384 2 35 191 O 10
1243 6330 2 40 222 O 10
6330 5142 2 67 371 O 30
5142 4545 2 23 125 O 30
4545 1394 2 15 78 M 30
2209 2902 2 7 39 M 10
3702 2910 2 51 281 M 10
2910 2891 2 54 295 O 10
756 4668 2 46 255 O 20
4668 1387 2 39 212 O 10
4885 818 1 92 0 C 0
818 3850 1 120 0 C 0
1648 4566 1 15 0 C 0
4566 1528 1 6 0 C 0
1528 1818 1 10 0 C 0
1818 5825 1 28 0 C 0
5825 1529 1 8 0 C 0
1529 1417 1 5 0 C 0
1417 1530 1 39 0 C 0
4864 2995 1 13 0 C 0
2995 2994 1 5 0 C 0
2994 4216 1 18 0 C 0
4216 1416 1 37 0 C 0
1416 1414 1 3 0 C 0
1414 4858 1 25 0 C 0
4858 1413 1 2 0 C 0
1413 1411 1 10 0 C 0
1411 4224 1 16 0 C 0
4224 3970 1 11 0 C 0
1693 5763 1 17 0 C 0
5763 5362 1 3 0 C 0
1823 1420 1 22 0 C 0
1420 1588 1 8 0 C 0
2179 4038 1 14 78 O 30
2178 1426 1 24 132 O 20
1426 4036 1 17 94 O 20
319 2459 1 42 0 C 0
2459 3021 1 23 0 C 0
3021 4049 1 8 44 O 10
3117 2194 1 45 0 C 0
2194 5461 1 22 0 C 0
5461 2440 1 14 0 C 0
1432 1298 1 5 26 O 10
1430 5064 1 6 33 O 30
1429 1431 1 5 26 O 10
1435 1436 2 14 73 O 20
1434 1435 2 4 17 O 30
1435 1433 2 12 65 O 20
1164 2599 1 61 0 C 0
1474 5203 2 5 23 O 20
5203 2992 2 13 68 O 10
2992 1989 2 12 63 O 20
1989 1990 2 33 182 O 30
1988 1474 2 25 0 C 0
1995 1756 2 3 14 O 20
1756 1991 2 19 104 M 20
1991 3083 2 11 58 O 10
3083 3085 2 6 29 M 10
3085 3082 2 3 12 O 20
1478 2949 2 24 131 O 10
2949 1477 2 23 126 O 20
2154 1219 2 43 236 O 20
1476 1219 2 29 159 M 30
1493 1490 1 3 16 O 20
1490 1495 1 3 14 O 10
1495 1491 1 6 29 M 30
1491 1492 1 2 11 O 10
1492 1493 1 5 22 O 20
1496 1495 2 5 23 O 30
1494 1490 1 3 12 O 30
2432 5787 1 328 0 C 0
1629 5786 1 124 0 C 0
2613 2430 1 186 0 C 0
3391 2427 1 270 0 C 0
2427 1605 1 63 0 C 0
1605 2226 1 106 0 C 0
1523 3595 1 175 0 C 0
1656 1857 1 96 0 C 0
1562 1563 1 164 0 C 0
1563 1658 1 31 0 C 0
3381 3576 1 159 0 C 0
1503 4259 2 28 150 M 10
4259 1505 2 32 174 O 20
1848 2086 1 2 0 C 0
3995 1526 1 17 0 C 0
1526 3862 1 32 0 C 0
1567 1419 1 9 0 C 0
1419 4198 1 48 0 C 0
4198 2488 1 7 0 C 0
2488 1649 1 2 0 C 0
1649 2489 1 5 0 C 0
2489 2423 1 51 0 C 0
2085 2385 1 9 0 C 0
3194 3197 1 62 0 C 0
1844 2611 1 49 0 C 0
2953 3835 1 188 0 C 0
2611 1599 1 13 0 C 0
1532 3199 1 31 0 C 0
3199 3198 1 9 0 C 0
3198 3191 1 25 0 C 0
1847 2598 1 15 0 C 0
1730 1723 2 15 82 M 20
1723 5173 2 26 142 O 30
5172 1725 2 31 171 O 30
1736 1722 2 53 293 O 30
1734 1732 2 49 269 M 10
1714 24 1 3 14 O 30
24 1729 1 6 30 O 30
1729 1735 1 5 24 O 20
1735 1720 1 2 11 O 30
1720 1726 1 3 16 O 20
1726 1714 1 1 3 M 30
156 2566 2 28 153 O 10
2566 2565 2 4 17 O 10
2565 2564 2 3 13 O 30
1716 1737 2 49 268 O 10
1731 1728 2 13 67 O 30
1728 1716 2 14 77 O 10
1716 1736 2 14 75 M 10
1736 1719 2 14 75 O 10
1719 1734 2 14 75 O 10
1734 5174 2 10 55 O 10
1727 1738 2 22 122 O 20
1738 1723 2 58 319 O 30
1719 1724 2 58 318 O 20
1742 1747 2 17 90 O 30
1747 1746 2 12 63 O 10
1746 1743 2 9 46 M 10
1743 826 2 19 101 O 20
826 1741 2 12 66 O 10
1745 1940 2 15 83 O 10
1940 1931 2 43 237 O 20
1931 4364 2 28 153 O 20
4364 4354 2 11 58 O 10
4354 4362 2 12 67 O 10
4362 4360 2 23 127 O 10
4360 4355 2 19 105 M 20
4355 6381 2 18 99 M 30
6381 4357 2 12 63 O 30
4357 4358 2 4 20 O 10
4358 4359 2 9 46 O 20
4359 5423 2 17 90 O 20
1348 1353 2 3 16 O 10
1348 1351 2 14 75 O 10
1351 1353 2 12 63 O 20
1353 5201 2 14 73 O 30
5201 1351 2 4 22 O 20
2424 2415 1 170 0 C 0
878 4277 1 37 202 O 20
4277 1620 1 2 0 C 0
1620 4041 1 63 0 C 0
2572 3989 1 36 0 C 0
3989 1378 1 5 23 O 20
1613 1617 1 13 68 O 10
1617 1615 1 15 82 O 20
878 877 1 3 13 O 30
877 876 1 54 0 C 0
3682 3684 2 12 65 O 20
1749 3743 1 14 0 C 0
3715 2614 1 62 0 C 0
1162 2200 1 116 0 C 0
3597 3345 2 13 0 C 0
2983 3064 1 5 0 C 0
3229 1711 1 6 0 C 0
1797 3644 1 16 0 C 0
4044 1808 1 12 0 C 0
1810 1815 1 9 0 C 0
110 2087 1 35 0 C 0
2087 3200 1 30 0 C 0
3200 3958 1 32 0 C 0
2598 1400 1 86 0 C 0
4436 5711 1 9 0 C 0
5711 1037 1 24 0 C 0
1037 198 1 35 0 C 0
3884 5531 1 2 0 C 0
3969 3612 1 5 0 C 0
3612 3614 1 4 0 C 0
3614 3616 1 5 0 C 0
3616 3618 1 4 0 C 0
3618 3619 1 14 0 C 0
3619 3621 1 10 0 C 0
3621 4512 1 4 0 C 0
4512 3610 1 25 0 C 0
3610 3883 1 26 0 C 0
3883 3884 1 25 0 C 0
1841 1260 1 8 44 M 30
1260 3056 1 2 6 O 30
1640 2160 2 69 380 O 30
2160 2161 2 30 165 O 10
2161 1318 2 15 80 O 20
1318 2159 2 9 46 O 10
1840 1838 1 13 71 M 20
1838 1432 1 39 213 O 20
2012 1509 1 112 0 C 0
2031 2033 2 15 83 M 20
2032 2035 2 16 84 M 10
2036 1119 2 14 73 O 10
1119 2037 2 11 60 O 20
1098 2030 2 4 19 O 10
2051 4508 2 15 83 M 30
4508 5872 2 34 186 M 20
5872 2050 2 10 55 O 30
2048 5098 2 47 260 M 20
2046 2047 2 22 121 M 20
3858 2052 1 30 0 C 0
2055 2053 2 23 127 O 30
2063 2064 1 1 0 C 0
2064 2066 1 3 0 C 0
2066 2065 1 3 0 C 0
2062 2061 1 3 0 C 0
2282 398 2 19 101 O 10
398 6677 2 6 31 O 10
6677 2057 2 13 69 O 10
2059 2058 2 51 281 O 30
2054 2056 2 23 125 M 20
2238 2068 2 22 117 M 30
5900 6444 2 35 192 M 30
6444 6442 2 7 34 O 20
6442 2069 2 36 199 O 30
1502 1497 1 3 0 C 0
199 1499 1 66 0 C 0
1499 5881 1 16 0 C 0
5881 5882 1 8 0 C 0
5882 1498 1 8 0 C 0
1498 1500 1 32 0 C 0
2074 2075 2 8 41 O 10
2075 6111 2 57 315 O 10
6111 6109 2 4 18 O 10
6109 6107 2 3 16 M 30
6107 2076 2 4 17 O 30
2076 6105 2 3 17 O 10
6105 2077 2 4 18 O 20
2077 4927 2 3 16 O 10
4927 2078 2 8 43 O 20
2078 4928 2 23 122 O 20
2075 2079 2 4 18 O 20
2079 6102 2 50 276 O 20
6102 6104 2 12 62 O 20
2079 2074 2 11 60 O 10
2080 5360 1 4 17 O 10
5360 2081 1 23 126 O 20
1901 1902 2 16 89 O 20
1902 1903 2 18 95 O 30
2238 4445 2 36 197 O 20
4445 4490 2 54 299 O 20
4490 5094 2 16 89 O 10
5094 4491 2 13 70 M 20
4491 4492 2 4 19 O 20
4492 5091 2 6 32 O 20
5091 5110 2 12 66 O 10
5110 3426 2 5 25 M 30
3426 6575 2 3 16 O 10
6575 3980 2 15 81 M 20
2205 1153 1 6 0 C 0
2987 897 1 36 0 C 0
1146 1144 1 44 0 C 0
2179 1426 2 3 14 O 10
2348 2349 2 4 22 M 30
5221 5220 1 34 188 O 30
5220 2752 1 6 33 O 30
2761 861 2 4 19 O 30
861 2348 2 50 276 O 30
2348 862 2 11 59 O 20
2238 2215 2 12 63 M 20
2215 2060 2 24 129 O 30
2060 2044 2 28 154 O 20
2044 2284 2 28 153 O 30
2354 3560 1 27 0 C 0
3931 2357 1 5 0 C 0
2357 2028 1 14 0 C 0
2650 5435 2 26 144 O 10
4177 4175 2 6 32 O 30
4175 4176 2 4 19 O 10
4171 4173 2 11 59 O 30
4173 4174 2 4 22 O 20
4176 4171 2 12 64 M 20
2376 2377 1 14 77 O 10
2379 2380 1 12 62 O 20
2383 298 1 7 0 C 0
299 3979 1 4 0 C 0
3979 3978 1 14 0 C 0
3978 1488 1 17 0 C 0
1488 1412 1 3 0 C 0
1412 5831 1 1 0 C 0
5831 5830 1 16 0 C 0
5830 5829 1 3 0 C 0
5829 4096 1 1 0 C 0
2397 2400 1 9 0 C 0
2402 2401 1 9 0 C 0
2480 2404 1 12 0 C 0
2404 2329 1 8 0 C 0
2416 5931 1 12 0 C 0
5931 2406 1 2 0 C 0
2406 2407 1 12 0 C 0
2407 2408 1 5 0 C 0
2415 2416 1 22 0 C 0
328 3946 1 6 0 C 0
3946 1572 1 74 0 C 0
2425 2426 1 12 0 C 0
2229 1516 1 60 0 C 0
2226 2227 1 16 0 C 0
2442 3389 1 44 0 C 0
2443 2442 1 22 0 C 0
2444 2445 1 22 0 C 0
2647 2458 1 19 101 O 30
1423 2464 1 13 71 O 10
2465 2466 1 16 84 O 10
2467 2649 1 19 103 O 20
1654 6489 1 20 109 O 30
6489 3772 1 120 664 O 30
1382 2478 1 24 129 O 10
2473 4853 1 24 129 M 20
2480 2481 1 14 0 C 0
284 3404 1 30 0 C 0
3404 3403 1 3 0 C 0
3403 5707 1 4 0 C 0
5707 5706 1 8 0 C 0
5706 277 1 14 0 C 0
207 206 1 8 0 C 0
206 1041 1 18 0 C 0
1041 2511 1 250 0 C 0
2511 2491 1 15 0 C 0
2491 2512 1 7 0 C 0
2403 2514 1 12 0 C 0
2514 2402 1 32 0 C 0
2329 2513 1 7 0 C 0
2500 6729 1 22 117 O 30
2495 2501 1 22 119 O 30
2499 2500 1 1 3 O 30
2500 2501 1 3 12 O 30
2501 2498 1 5 24 O 20
2498 2496 1 2 11 O 30
2496 2497 1 2 10 M 30
2497 2499 1 2 7 O 30
2498 2502 2 29 158 O 10
2504 2505 2 30 167 O 10
2507 2505 1 3 16 O 10
2505 2506 1 3 17 O 30
2506 2507 1 3 14 O 30
2509 2510 2 20 109 O 20
2510 2504 2 33 178 O 30
2509 2497 1 4 20 O 10
2496 2509 1 4 17 M 10
4951 2665 1 14 0 C 0
2666 2667 1 10 0 C 0
2512 2403 1 7 0 C 0
2513 3234 1 14 0 C 0
3234 2115 1 75 0 C 0
2665 2514 1 42 0 C 0
4039 3318 1 2 0 C 0
3318 2519 1 36 197 O 30
2522 2980 2 4 18 O 30
2980 1948 2 15 78 M 20
1948 1949 2 27 146 O 30
2522 2523 2 33 179 O 30
2523 2524 2 13 67 O 10
2531 2528 1 17 90 O 30
1300 2532 1 5 27 O 30
2532 1273 1 5 0 C 0
2532 2533 2 11 0 C 0
2533 2534 2 2 0 C 0
2533 4235 1 6 0 C 0
4235 4236 1 6 29 O 10
4237 4234 1 6 28 O 10
4234 2534 1 6 0 C 0
876 874 1 12 0 C 0
1614 2537 1 15 80 O 30
874 3577 1 20 0 C 0
2539 2538 1 21 0 C 0
2542 2549 1 35 0 C 0
2548 2546 1 3 0 C 0
2550 3539 1 3 0 C 0
3539 3538 1 3 0 C 0
3538 2547 1 2 0 C 0
2557 2548 1 5 0 C 0
2549 4308 1 11 0 C 0
4308 2550 1 7 0 C 0
2546 2551 1 18 0 C 0
2560 2561 1 15 0 C 0
2565 671 1 5 25 O 30
1721 1730 2 29 160 O 10
5681 4225 1 3 12 M 30
4225 2568 1 19 102 O 10
5259 2567 1 2 11 O 10
2567 2570 1 4 21 O 20
2570 4226 1 26 144 M 20
4226 5682 1 3 12 O 20
2568 2093 1 9 50 O 10
2569 2570 1 11 59 O 30
5822 1083 2 9 48 O 10
1083 1082 2 2 6 O 30
1082 3031 2 1 5 O 10
3031 2300 2 56 308 O 10
2300 3270 2 19 104 O 10
3270 1867 2 12 64 O 30
1867 1869 2 17 92 O 30
1869 1882 2 19 104 O 20
1882 6338 2 4 18 O 20
6338 1883 2 9 48 O 20
1883 1957 2 14 78 O 10
2606 5279 2 17 94 M 10
5279 2609 2 2 9 M 30
2609 2608 2 6 28 O 20
2610 4393 2 7 37 O 20
4393 3286 2 10 54 O 10
3286 3287 2 19 105 O 20
3287 3276 2 7 38 O 10
2606 5288 2 5 24 O 10
5288 2607 2 51 282 M 20
3985 1905 2 17 89 O 30
1905 1887 2 51 279 M 20
1887 1886 2 13 67 O 30
1886 1898 2 18 97 O 20
1898 1362 2 12 62 O 30
1362 1893 2 6 32 M 30
1893 1359 2 5 26 M 10
1359 2173 2 16 85 O 20
1621 1623 1 21 0 C 0
2449 2443 1 87 0 C 0
2463 2541 1 3 0 C 0
1514 3604 1 194 0 C 0
2618 3569 1 216 0 C 0
5634 1831 2 9 47 O 20
2620 6417 1 12 62 O 30
5420 2621 2 2 11 M 10
2621 2622 2 7 36 M 30
331 2627 1 9 0 C 0
2628 332 1 9 0 C 0
2631 2628 1 1 0 C 0
2627 2630 1 1 0 C 0
2630 2629 1 4 0 C 0
2629 2631 1 1 0 C 0
2630 717 2 44 244 O 20
717 5491 2 2 6 O 30
5491 2632 2 8 44 O 10
2636 336 1 7 0 C 0
2637 2638 1 21 116 M 10
2638 4113 1 16 88 O 20
2638 3683 2 35 192 O 10
2635 3680 1 14 0 C 0
2649 5478 1 32 175 O 20
3664 477 1 19 105 O 20
477 489 1 25 136 O 20
489 462 1 22 121 O 30
462 465 1 13 72 O 30
465 2184 1 15 82 O 20
2184 4402 1 36 196 M 10
4402 2185 1 6 29 O 20
2185 5347 1 6 29 O 30
5347 5348 1 7 36 O 10
5348 4051 1 53 290 O 10
2644 2643 1 18 99 M 20
2651 2232 2 18 96 O 10
2653 2748 1 74 407 O 20
2751 2776 1 12 62 M 20
2776 2654 1 86 473 O 30
2657 5206 1 17 94 O 20
1968 2658 1 15 82 O 30
5231 2660 1 12 63 O 10
2661 2659 1 12 64 O 20
3832 2670 1 29 0 C 0
2674 2675 1 3 0 C 0
2671 2673 1 7 0 C 0
2672 2674 1 5 0 C 0
2675 3831 1 22 0 C 0
2673 2676 1 40 0 C 0
2677 2678 1 3 0 C 0
2676 2679 1 8 0 C 0
2706 2677 1 6 0 C 0
2678 2672 1 40 0 C 0
2679 2680 1 67 0 C 0
2681 4965 1 4 0 C 0
4965 2682 1 2 0 C 0
2680 2683 1 7 0 C 0
2683 2684 1 6 0 C 0
2684 2681 1 3 0 C 0
2683 2685 1 63 0 C 0
2686 2687 1 3 14 O 20
2687 2685 1 5 25 M 10
2685 2688 1 1 5 O 30
2688 2689 1 5 23 O 30
2689 2701 1 3 12 O 10
2701 2690 1 5 26 O 30
2690 2691 1 2 7 O 30
2691 2716 1 5 24 O 30
2716 2686 1 1 5 O 30
2692 2693 1 2 7 O 20
2693 2702 1 5 25 O 20
2702 2732 1 2 8 M 20
2732 2694 1 5 26 O 10
2694 2695 1 2 8 O 20
2695 2696 1 6 30 O 10
2696 2697 1 2 7 O 10
2697 2692 1 6 28 O 30
2698 2703 1 5 25 O 30
2703 2744 1 3 0 C 0
2744 2699 1 5 0 C 0
2699 2704 1 1 0 C 0
2704 2718 1 5 25 O 30
2718 2700 1 3 15 O 30
2700 2730 1 4 19 O 30
2730 2698 1 2 10 O 30
2701 2702 1 76 420 M 10
2695 2703 1 66 362 O 20
2682 2706 1 64 0 C 0
2687 2684 1 65 0 C 0
2693 2690 1 76 420 O 10
2712 2713 1 1 4 M 30
2713 2707 1 3 16 O 20
2707 2711 1 4 18 M 30
2711 2708 1 2 10 O 10
2708 2709 1 1 4 M 10
2709 2710 1 2 11 O 10
2710 2712 1 1 4 O 30
6722 2715 2 20 111 O 20
2691 2715 1 16 84 O 10
2715 2716 1 15 82 O 20
2698 2696 1 67 367 O 30
2717 2718 1 7 34 O 30
1030 2722 1 51 283 O 30
2723 1033 1 52 284 M 10
2724 2725 1 2 6 O 10
2725 2726 1 4 17 M 10
2726 2727 1 3 16 M 30
2727 2731 1 5 25 O 10
2731 2728 1 2 6 O 10
2728 2729 1 6 28 M 20
2729 2723 1 2 6 M 30
2723 2722 1 6 29 O 30
2722 2724 1 2 7 O 20
2727 2730 1 45 248 O 10
2700 43 1 13 69 O 30
43 47 1 11 58 M 30
47 2731 1 23 124 M 10
2732 2733 1 19 0 C 0
2734 2694 1 19 0 C 0
2733 2735 1 2 0 C 0
2736 2737 1 1 0 C 0
2737 2738 1 4 0 C 0
2738 4392 1 2 0 C 0
4392 2739 1 3 0 C 0
2739 2734 1 2 0 C 0
2743 2740 1 4 0 C 0
2740 2741 1 1 0 C 0
2745 2742 1 3 0 C 0
2742 2743 1 2 0 C 0
2744 2745 1 45 0 C 0
2741 2746 1 8 0 C 0
2746 215 1 20 0 C 0
2761 2762 2 4 17 O 10
2764 2766 2 29 157 O 20
2766 2767 2 17 93 M 20
2768 5209 2 9 49 O 10
5209 2773 2 31 167 O 30
2773 2769 2 15 83 O 10
2771 2770 2 50 272 O 20
2770 5208 2 4 22 O 20
5208 2772 2 51 282 O 10
2769 2770 2 50 277 O 20
2773 2774 2 7 39 O 10
2775 2757 2 9 46 O 10
2774 2775 2 6 32 O 10
2762 2763 2 7 35 M 30
2763 2764 2 16 84 O 30
2764 2765 2 70 387 O 10
132 2776 1 17 91 O 30
3734 4721 2 59 324 O 20
2784 2785 1 3 13 O 30
2785 2778 1 3 13 O 20
2778 2779 1 3 12 O 20
2779 2780 1 3 13 O 20
2780 2781 1 6 31 O 30
2781 2782 1 4 19 O 30
2782 2783 1 3 13 M 10
2783 2784 1 2 7 O 30
5222 3633 2 2 8 O 20
3633 3626 2 3 12 O 20
2786 2789 2 14 74 M 10
2789 2787 2 3 16 O 30
2788 5775 2 15 83 O 10
5775 2789 2 7 36 O 30
2789 2790 2 14 73 O 10
2791 2792 1 60 333 O 10
2793 2794 1 62 341 O 20
2797 2793 1 1 5 O 10
2793 2792 1 3 15 O 10
2792 2795 1 3 12 O 10
2795 2796 1 4 19 O 10
2796 871 1 4 20 O 20
871 2797 1 2 9 O 20
2798 2799 1 2 10 O 30
2799 2813 1 4 18 O 20
2813 2812 1 3 16 M 20
2812 2817 1 5 22 M 10
2817 2798 1 1 5 O 30
2799 545 2 23 126 M 30
545 2796 2 13 67 O 20
2801 870 1 2 10 O 20
870 2800 1 4 17 O 10
2800 868 1 3 13 O 30
868 2811 1 4 19 O 10
2811 2801 1 1 5 O 30
2802 68 1 2 8 O 20
68 2808 1 2 8 O 10
2808 2803 1 2 10 O 20
2803 2804 1 3 16 O 20
2804 2805 1 1 3 M 20
2805 2806 1 2 7 O 20
2806 2807 1 1 3 O 10
2807 2802 1 2 9 M 10
2808 5884 2 19 104 O 30
5884 5886 2 8 42 O 30
5886 254 2 8 39 O 20
254 514 2 10 53 O 30
514 972 2 9 46 O 10
972 5879 2 12 63 O 20
5879 6057 2 7 38 M 30
6057 2809 2 8 43 O 20
2809 6055 2 2 11 O 10
6055 2810 2 22 121 O 10
2810 6750 2 3 12 O 30
6750 6083 2 19 105 O 20
6083 2811 2 15 83 M 20
2800 2812 2 66 365 O 20
2818 873 1 10 54 O 20
873 2819 1 2 7 O 10
2819 2818 1 1 3 O 30
2821 2822 1 3 12 M 10
2822 2823 1 11 60 O 30
2823 2821 1 2 7 O 30
2824 1965 1 7 35 O 10
1965 2825 1 4 18 O 20
2825 2824 1 4 18 O 20
2826 2827 1 2 8 O 10
2827 2828 1 4 17 O 20
2828 2829 1 3 13 O 30
2829 2791 1 3 11 O 10
2791 2794 1 4 18 O 20
2794 2830 1 2 10 O 10
2830 2826 1 1 2 M 10
2830 4268 2 6 30 O 10
4268 5985 2 4 20 O 20
5985 2831 2 25 135 O 20
2827 2833 1 7 38 O 10
2833 2834 1 14 76 O 10
2835 2842 1 9 48 O 10
2842 2828 1 12 64 O 20
2838 5260 1 24 132 O 30
2844 2838 1 36 199 O 20
2834 2840 1 14 75 M 10
2840 4857 1 53 293 O 30
2833 2840 1 22 120 O 30
2841 2842 1 18 95 O 20
2843 2844 1 13 72 O 30
2845 2846 1 16 85 O 30
4916 2855 1 2 8 O 10
4263 2856 1 8 40 O 10
2865 1177 2 12 67 M 30
1177 1178 2 75 416 O 20
1178 3440 2 58 318 M 20
2870 2872 1 1 5 O 30
2872 2871 1 2 11 O 30
2871 2867 1 1 2 O 30
2867 2869 1 3 14 O 20
2869 2868 1 1 3 M 30
2868 2873 1 3 13 O 10
2873 2870 1 2 8 M 30
2865 2871 1 4 19 O 30
2872 2865 1 4 20 O 30
2867 2864 1 5 23 O 10
2864 2869 1 4 21 O 30
2868 2866 1 4 19 O 10
2866 2873 1 4 21 O 20
2874 2875 1 2 9 O 20
2875 2876 1 2 11 O 30
2876 2877 1 1 3 O 30
2877 5223 1 2 10 O 30
5223 2878 1 1 1 O 30
2878 2879 1 3 15 O 10
2879 2874 1 2 6 O 20
5165 2866 2 10 51 O 10
2880 2881 1 1 2 M 10
2881 2882 1 3 16 O 10
2882 2883 1 2 10 O 10
2883 2884 1 1 5 O 20
2884 2885 1 2 10 O 10
2885 2886 1 1 4 O 30
2886 2880 1 2 9 M 30
5170 1176 2 60 331 O 20
1176 5166 2 7 39 O 20
4258 4255 1 4 21 O 30
4255 2888 1 8 39 O 30
1828 3434 2 6 0 C 0
3434 4439 2 28 0 C 0
4439 1482 2 15 0 C 0
1482 3955 2 61 0 C 0
2891 1388 2 65 356 O 20
1388 5148 2 59 323 O 30
5148 4559 2 2 7 O 10
4559 3652 2 12 62 O 10
3652 4560 2 5 26 M 30
4910 4212 1 19 103 O 30
4212 4210 1 4 21 O 30
4209 4211 1 4 21 O 20
4211 4909 1 19 104 O 10
4904 2892 2 36 196 O 20
2894 2893 1 1 5 O 30
2893 2895 1 5 25 O 20
2895 2894 1 4 20 O 10
2896 2897 1 7 36 O 30
2897 2898 1 5 26 O 30
2898 2899 1 2 7 M 10
2899 2896 1 13 71 O 20
2897 4941 1 6 33 O 30
2302 4282 1 5 26 M 30
4282 2898 1 2 6 O 30
2901 5241 2 22 121 O 10
2902 5026 2 58 318 O 20
5026 1387 2 25 138 O 10
1387 4597 2 44 241 O 20
4597 1389 2 44 239 M 20
2905 2906 1 2 6 O 20
2906 5240 1 3 11 O 20
5240 2907 1 1 5 O 30
2566 3292 2 16 85 O 10
3292 2908 2 2 10 O 20
2908 2909 2 22 118 O 10
2910 2913 2 27 148 O 10
2913 2912 2 3 13 M 10
2912 2911 2 18 97 O 20
5150 4893 2 25 137 O 30
2912 6582 1 4 21 O 10
1224 1394 2 83 456 O 30
1224 6485 2 11 57 M 10
6485 4524 2 17 93 M 10
4524 4529 2 9 46 O 20
4529 1223 2 12 65 O 20
1223 4535 2 36 200 O 10
4535 1222 2 6 30 O 10
1222 1221 2 15 83 O 30
2916 4419 2 103 571 M 10
2918 3442 2 3 16 O 30
5053 4207 1 1 5 M 30
4207 2922 1 21 111 O 30
2926 2922 1 4 21 O 10
2922 2923 1 1 4 M 20
2923 2924 1 3 12 M 20
2924 2925 1 1 4 O 30
2925 2930 1 4 18 O 20
2930 2926 1 4 21 O 10
2925 4565 1 29 159 O 10
4565 2927 1 12 63 O 30
2927 2928 1 8 42 O 30
3649 2929 1 9 45 O 30
2929 4564 1 12 63 O 20
4564 2930 1 29 157 O 10
2926 4208 1 21 113 O 10
4208 5052 1 1 4 O 10
689 2126 2 31 170 O 10
4301 5540 2 41 223 O 20
5540 617 2 3 15 O 30
617 615 2 3 13 O 30
615 614 2 6 31 M 20
614 2206 2 66 366 O 10
1832 707 2 12 66 M 20
707 2934 2 86 478 O 20
2948 1477 2 43 236 O 20
3087 1995 2 62 0 C 0
2950 483 1 3 12 O 10
483 3653 1 29 160 O 30
666 5672 2 4 21 O 20
2960 2973 2 4 20 O 10
2963 2964 1 1 3 O 10
2964 2961 1 2 9 O 20
2961 2962 1 7 38 O 20
2962 2963 1 2 6 O 30
2961 2966 2 29 159 O 20
2967 2966 1 8 43 O 10
2966 2968 1 2 8 O 30
2968 2967 1 2 6 M 20
2969 3348 2 12 63 M 30
3348 2970 2 3 15 O 20
2974 3460 2 3 12 O 30
2985 2983 1 2 0 C 0
2998 1855 1 3 15 O 20
1855 2996 1 3 12 O 20
2996 2997 1 3 16 O 10
2997 1854 1 3 16 O 10
1854 2998 1 8 43 M 30
2996 4229 1 21 115 M 20
4229 2999 1 18 97 O 30
3002 3685 1 6 29 O 20
3685 4230 1 13 68 M 10
4230 2997 1 21 113 O 20
2175 5453 2 5 27 M 30
3004 2175 2 5 26 O 30
5279 5281 1 6 28 O 10
3012 6405 2 51 282 O 10
3014 3015 1 2 8 O 10
3015 3013 1 4 21 O 10
3013 3014 1 4 20 O 10
1862 3016 2 21 117 M 20
3036 5421 1 10 0 C 0
3038 3037 1 10 0 C 0
3039 3040 2 2 10 O 30
3040 684 2 3 14 M 30
684 5421 2 7 0 C 0
5421 3038 2 2 0 C 0
3041 3042 2 6 32 O 20
3042 3044 2 4 20 O 20
3044 3046 2 4 19 O 30
3046 3039 2 4 21 O 30
3040 3047 2 4 19 O 10
3047 3045 2 4 18 O 20
3045 3043 2 4 19 O 10
3043 3041 2 4 20 O 30
3042 3043 2 4 18 O 20
3044 3045 2 4 18 M 20
3046 3047 2 4 18 M 30
1269 3049 1 27 148 O 20
3050 3053 1 10 51 M 20
3053 3052 1 4 21 O 30
3052 3051 1 14 75 O 30
3048 3052 1 4 18 M 30
3053 3048 1 4 21 O 10
1260 3670 1 6 32 M 30
3670 3059 1 9 47 M 30
3059 3055 1 8 43 M 20
3055 1271 1 8 43 O 10
1271 3061 1 6 33 O 10
3061 3669 1 4 18 O 30
3669 3056 1 6 29 O 30
3055 3057 2 22 122 M 30
3057 3058 1 17 90 O 10
1255 3057 1 16 87 O 20
3060 3061 1 8 43 O 30
3062 2412 1 9 0 C 0
3068 14 2 11 0 C 0
14 5890 2 19 0 C 0
5890 6668 2 1 0 C 0
6668 4489 2 6 0 C 0
4489 6556 2 36 0 C 0
3069 3070 1 2 0 C 0
3070 3074 1 2 0 C 0
3074 3075 1 1 0 C 0
3076 3071 1 2 0 C 0
3071 3072 1 2 0 C 0
3072 3073 1 1 0 C 0
3068 3069 1 5 0 C 0
3073 3068 1 4 0 C 0
3075 1825 1 6 0 C 0
1825 3076 1 6 0 C 0
3080 3079 2 3 14 O 30
4849 3136 2 30 162 O 10
3127 3201 2 6 28 O 10
3201 80 2 11 56 O 10
80 81 2 3 12 O 30
81 4848 2 15 83 O 10
3128 3204 2 6 33 M 30
3204 3114 2 14 74 O 20
3083 3084 1 6 31 O 30
3084 3085 1 5 28 M 10
3084 531 2 26 140 M 30
531 530 2 13 72 O 10
530 3086 2 203 0 C 0
4851 3162 2 10 51 M 20
3162 5989 2 13 68 O 30
5989 6701 2 7 36 O 10
3094 3091 1 2 7 O 30
3091 3090 1 1 4 O 20
3090 3093 1 2 10 O 30
3093 3089 1 2 9 O 10
3089 3092 1 2 11 O 30
3092 3088 1 2 8 M 30
3088 3095 1 2 11 O 20
3095 3094 1 2 7 O 10
3096 3097 2 13 67 M 10
138 3098 2 3 15 O 10
3098 1983 2 28 151 O 20
1983 157 2 7 34 O 10
3098 6151 2 21 116 O 30
3099 3101 2 3 14 O 20
3101 5198 2 7 37 M 10
5197 3107 2 8 40 O 20
3107 3105 2 4 17 O 20
3105 3103 2 1 5 O 30
3105 3106 2 5 25 M 10
3107 3108 2 5 25 O 20
1859 3109 2 3 11 O 10
3109 3111 2 5 26 M 20
3111 3110 2 3 17 O 30
3111 3112 2 8 39 O 20
3110 3112 2 4 20 M 10
3109 3113 2 5 25 O 30
3118 6701 1 9 49 O 30
6701 3119 1 10 50 O 30
5751 4415 2 3 16 O 10
4415 4847 2 31 169 O 20
5750 467 2 18 98 M 30
467 4850 2 14 74 O 30
3120 3126 1 2 7 M 10
3126 3125 1 4 20 O 10
3125 3124 1 3 12 O 30
3124 3123 1 2 6 O 10
3123 3122 1 2 9 O 30
3122 3121 1 2 7 O 30
3121 3120 1 2 7 M 10
4846 3124 1 5 23 O 30
3134 3135 1 3 13 O 10
3135 3129 1 2 9 O 10
3129 3130 1 2 9 M 10
3130 3133 1 3 13 M 10
3133 3128 1 3 14 O 30
3128 3131 1 1 3 O 10
3131 3132 1 2 8 O 20
3132 3134 1 3 13 M 20
3138 3139 1 14 74 O 10
3140 4856 1 14 76 O 30
3114 3141 1 8 44 M 30
3142 3114 1 9 49 O 10
3143 3205 2 3 15 M 20
3205 3144 2 6 32 O 20
3144 3152 2 4 17 M 10
3152 3155 2 4 18 M 30
3155 3158 2 4 18 O 20
3158 3145 2 4 18 O 20
3146 3147 2 13 68 O 20
3147 3151 2 4 17 O 30
3151 3156 2 4 17 O 10
3156 3157 2 4 17 O 30
3157 3150 2 4 17 O 30
3150 3167 2 44 243 M 10
3147 3144 2 13 72 O 10
3144 3149 2 5 25 O 30
3149 3148 2 9 47 O 10
3160 3161 2 17 89 M 30
3161 3148 2 4 19 M 10
3148 3153 2 4 17 O 10
3153 3154 2 4 17 O 10
3154 3159 2 4 17 M 20
3159 3145 2 16 87 O 20
3145 3150 2 14 75 O 10
3151 3152 2 14 74 O 20
3152 3153 2 14 72 M 30
3154 3155 2 14 73 O 30
3155 3156 2 14 77 O 30
3157 3158 2 14 78 O 30
3158 3159 2 13 71 O 30
3160 6814 2 5 23 O 10
6814 3161 2 5 23 M 20
3162 3163 2 9 45 M 20
3164 3165 2 8 39 O 10
3165 3163 2 4 19 O 30
3163 3172 2 4 18 M 20
3172 5664 2 1 3 O 20
5664 3174 2 3 12 O 20
3174 3175 2 4 20 M 30
3175 5663 2 2 6 O 30
5663 3177 2 3 12 O 10
3177 3179 2 4 17 O 30
3179 3166 2 4 21 O 20
3166 3167 2 20 111 M 10
5666 3165 2 7 36 O 30
3165 3170 2 15 83 O 20
3170 3171 2 4 17 O 10
3171 3173 2 3 16 O 20
3173 3168 2 5 24 M 20
3168 3176 2 4 17 O 30
3176 3178 2 4 18 M 20
3178 3169 2 4 20 O 10
3170 3163 2 14 77 O 10
3171 3172 2 15 78 O 20
3173 3174 2 14 77 O 10
3168 3175 2 12 63 O 30
3176 3177 2 12 63 O 20
3178 3179 2 12 63 O 30
3180 2235 1 8 44 O 20
2469 3181 1 11 58 O 30
4552 3182 1 20 108 O 30
5511 3189 1 16 0 C 0
3201 5670 2 9 50 O 10
5670 3203 2 3 14 O 10
3203 3202 2 23 125 O 30
3204 3205 1 7 38 O 30
3183 3207 2 32 173 O 10
3207 3208 2 17 91 O 30
1537 5820 2 123 0 C 0
3210 4874 1 27 0 C 0
4874 3211 1 2 0 C 0
3213 3214 1 28 0 C 0
3216 3215 1 4 21 O 30
3215 2021 1 33 178 O 30
3215 3217 2 7 35 O 20
3220 2341 2 90 497 O 30
2341 1596 2 4 21 M 20
1596 4629 2 60 329 O 30
4629 4621 2 30 162 O 30
4621 4633 2 10 55 M 30
4633 6520 2 25 136 O 30
6520 4634 2 2 8 O 30
4634 2342 2 98 544 O 30
2342 6003 2 49 269 O 30
6003 6805 2 34 186 O 10
6806 4797 2 2 7 O 10
4797 5025 2 35 189 O 10
5025 5019 2 15 79 O 30
5019 1595 2 10 53 O 10
1595 4495 2 12 64 M 10
4495 4449 2 22 117 O 20
4449 1594 2 69 380 O 20
3230 4073 1 2 0 C 0
4073 5186 1 1 0 C 0
4072 3229 1 2 0 C 0
4071 4069 1 1 0 C 0
4069 4070 1 3 0 C 0
4070 3230 1 1 0 C 0
3235 5662 2 4 20 O 30
5662 3236 2 1 2 O 10
3236 3239 2 7 38 M 20
3239 3237 2 10 51 O 20
3237 3238 2 13 70 O 30
3239 3240 2 4 21 O 30
3240 5659 2 2 6 M 30
5248 3238 2 4 22 O 10
3238 5247 2 7 36 O 10
3240 3242 2 4 21 M 30
3249 3250 1 2 9 O 30
3250 3251 1 4 20 O 10
3251 3252 1 1 5 O 30
3252 3254 1 3 16 M 30
3254 3247 1 3 15 O 30
3247 3248 1 3 12 O 10
3248 434 1 3 14 O 20
434 3249 1 4 17 O 20
3246 3251 1 5 24 O 30
3250 3246 1 5 24 M 30
3252 3253 1 5 24 O 30
3253 3254 1 5 25 O 30
3253 3255 2 76 418 O 30
3260 3256 1 2 10 O 30
3256 3258 1 6 31 O 20
3258 3259 1 2 11 M 30
3259 3262 1 3 17 O 20
3262 3257 1 3 17 O 20
3257 3260 1 1 5 M 30
3255 3256 1 6 29 O 10
3257 3255 1 5 26 O 10
3259 3261 1 5 0 C 0
3261 3262 1 7 37 M 30
3265 5694 2 4 18 O 20
3276 3279 2 5 26 O 10
3281 3282 2 3 15 O 10
3284 3464 2 4 17 M 10
224 3468 2 4 20 M 10
4359 4367 2 3 13 M 10
4368 5424 1 4 18 O 10
5424 3290 1 1 5 M 30
3291 4369 2 2 7 M 10
3293 3292 1 88 483 O 30
3294 5237 1 22 119 O 10
5237 3295 1 5 25 O 10
3296 5236 1 15 78 O 30
3293 3298 2 13 71 M 30
3298 3297 2 5 24 O 10
3297 3301 2 3 16 M 20
3301 3303 2 3 17 O 30
3303 3306 2 4 18 M 10
3306 3309 2 4 18 O 20
3309 3311 2 3 16 O 20
3311 3310 2 13 72 O 30
3310 3312 2 3 16 M 20
3312 3308 2 3 15 O 30
3298 3299 2 13 69 M 30
3297 3300 2 15 82 O 30
3301 3302 2 16 83 M 20
3303 3304 2 16 85 O 10
3305 3306 2 16 85 O 10
3307 3308 2 6 28 O 20
3308 3309 2 11 59 O 30
3310 5238 2 3 13 O 20
5238 3311 2 5 26 M 20
3312 3313 2 5 26 M 20
2908 3314 1 6 30 O 10
3315 3316 1 10 55 O 30
3316 3317 1 14 72 O 10
2000 3555 2 4 18 M 10
3320 5676 2 4 18 O 30
3321 3323 2 20 106 M 20
3323 3322 2 8 40 O 20
3323 3330 2 7 38 O 10
3330 3333 2 5 25 O 30
3333 3324 2 7 37 O 20
3325 3329 2 5 26 O 10
3329 3328 2 6 31 O 10
3328 3331 2 6 28 M 30
3331 3335 2 3 13 O 20
3335 3326 2 4 19 O 10
3327 3328 2 15 83 O 30
3329 3330 2 23 124 M 30
3331 3337 2 15 83 M 10
3337 3338 2 2 9 M 30
3338 3324 2 6 33 O 20
3324 3332 2 8 40 O 10
3333 3334 2 7 35 O 30
3335 3336 2 10 52 M 20
5178 3339 1 11 61 M 30
3339 3337 1 9 45 O 10
3338 3340 1 9 48 M 20
3340 5177 1 12 64 O 30
5175 3341 2 18 100 O 20
3343 5249 1 1 5 O 10
3348 3461 2 4 20 O 10
2081 3457 2 4 19 M 10
3351 3350 2 4 19 O 10
3350 3352 2 3 13 O 10
3353 3354 2 3 16 O 30
3355 3475 2 4 19 O 20
3356 3476 2 4 19 M 20
4879 4938 2 15 82 O 10
4938 4939 2 1 3 O 10
3365 3673 2 4 17 O 20
3366 3482 2 4 18 O 10
3367 1386 2 38 208 O 30
3368 5130 2 4 20 M 30
5130 3369 2 1 2 O 30
3369 3445 2 8 41 M 10
3369 3370 1 7 34 O 20
3371 5130 1 6 31 O 30
3375 3376 1 1 2 O 10
3376 3372 1 2 7 O 30
3372 3373 1 1 5 O 20
3373 5151 1 2 7 O 30
5151 3374 1 2 6 O 30
3374 5153 1 2 7 O 10
5153 3375 1 1 3 O 20
3394 3248 1 4 18 O 10
3247 3394 1 4 19 O 10
3396 3395 2 80 443 M 10
3398 3397 2 43 236 O 30
2697 5654 1 11 58 O 30
3402 6 2 19 103 O 20
6 3400 2 14 73 O 20
3407 4378 2 1 1 O 10
3413 3412 2 20 107 O 10
3414 3411 2 19 104 M 10
3418 3415 2 57 312 M 10
3417 3419 2 16 83 O 10
3418 3417 2 31 169 M 20
4148 5117 2 7 36 M 30
5117 3419 2 3 16 O 10
3419 3418 2 64 351 O 20
5114 3420 2 24 129 O 10
4490 3422 2 28 151 O 20
3424 3423 2 25 137 M 20
3426 3425 2 12 63 O 30
3427 5112 2 48 263 O 20
3422 3428 2 31 172 O 30
4492 3429 2 45 247 O 10
4150 3430 2 37 201 O 30
3430 3431 2 35 192 M 20
4150 4137 2 56 306 O 30
3437 3438 1 6 31 O 30
4917 3439 1 6 33 O 30
3441 4938 1 4 19 O 10
4938 3437 1 35 192 O 30
3437 302 1 2 8 M 30
301 4939 1 36 200 O 20
4939 3441 1 4 19 O 30
3447 3446 1 13 69 O 10
3448 5640 1 13 70 O 30
3452 5556 1 8 43 O 10
1901 5378 2 33 178 O 20
5378 2195 2 1 3 O 20
1903 4100 2 44 243 O 30
4100 2610 2 11 59 O 10
2610 3665 2 27 147 O 30
5788 1517 1 122 0 C 0
5786 5785 1 9 0 C 0
4421 2296 2 29 157 O 10
3488 2127 1 6 30 O 10
3486 3488 1 6 29 O 30
1332 4082 1 22 121 O 20
3483 4453 1 3 14 O 20
4453 4457 1 16 83 O 30
5530 4085 1 6 31 O 30
3492 1228 1 5 25 O 20
1228 3491 1 6 31 O 30
3490 1227 1 5 27 M 30
1227 3489 1 5 24 O 20
3493 3492 1 4 18 O 30
3492 3491 1 4 18 M 10
3491 3490 1 5 23 O 10
3490 3489 1 4 17 O 30
3489 3493 1 2 6 O 10
3497 3494 1 6 31 O 20
3502 3494 1 4 18 M 30
3494 1226 1 2 8 M 30
1226 3501 1 5 26 O 30
3503 3498 1 5 26 O 30
3498 3497 1 1 5 M 30
3497 3496 1 4 20 M 30
3499 3505 1 3 16 O 20
3505 3500 1 3 17 O 20
3504 3500 1 1 4 O 30
3500 3503 1 3 16 O 30
3503 3496 1 2 10 O 30
3496 3502 1 1 2 M 20
3502 3501 1 4 18 M 20
3501 3495 1 4 18 O 20
3495 3499 1 1 3 O 10
3499 3504 1 2 8 O 20
3509 4683 2 30 164 O 10
4683 3508 2 90 498 O 10
2253 3509 2 27 147 O 30
4854 3515 1 9 45 O 10
3516 3981 1 8 40 O 20
3517 4855 1 9 48 O 20
3519 3518 1 10 53 O 10
3713 3522 2 16 84 O 30
3522 1930 2 31 167 O 20
4110 6607 2 2 6 O 30
6607 888 2 15 80 O 30
888 883 2 2 9 O 10
883 3522 2 16 83 O 10
3522 6379 2 26 142 O 30
6379 3523 2 15 82 O 20
1976 3525 2 37 202 O 20
3525 5207 2 4 17 O 10
5207 3527 2 16 86 O 20
3532 3533 1 1 0 C 0
3528 3529 1 1 0 C 0
3529 3531 1 3 14 O 20
3531 3530 1 3 13 O 20
3530 718 1 2 8 O 30
718 3532 1 3 11 O 10
3534 3535 1 3 0 C 0
1457 1458 2 22 0 C 0
2020 3216 2 20 106 O 10
3216 1118 2 55 301 O 20
1118 2019 2 2 8 O 30
1106 2021 2 56 307 O 10
2021 2020 2 5 24 O 10
1103 1110 2 20 111 M 10
1110 1111 2 19 100 O 30
1111 1112 2 56 309 O 30
1112 1113 2 22 0 C 0
1113 3817 2 18 0 C 0
1602 4746 2 28 153 M 30
4746 4750 2 16 87 M 10
4750 520 2 21 113 M 20
520 2264 2 21 115 O 30
2264 1017 2 84 463 O 10
1017 4804 2 23 125 O 20
4804 2331 2 70 385 O 10
2331 6467 2 29 159 O 30
6467 6466 2 6 33 O 30
6466 6458 2 23 126 M 20
6458 2330 2 48 262 M 10
3794 4792 2 25 137 O 10
4792 4794 2 21 114 O 10
4794 5911 2 1 5 O 20
5911 1540 2 21 114 O 30
1540 4443 2 20 106 O 30
4443 994 2 25 139 O 10
994 1541 2 19 102 M 10
1541 2328 2 50 273 O 30
2328 4444 2 4 21 M 20
4444 681 2 15 82 O 30
681 1542 2 64 351 O 10
2276 2274 2 51 281 M 20
2274 5990 2 10 51 M 20
5990 5993 2 2 10 O 30
5993 4480 2 17 93 O 20
4480 2277 2 10 54 M 30
2249 6447 2 35 194 O 20
6447 4483 2 43 238 O 10
4483 6475 2 1 4 O 20
6475 2276 2 2 11 O 20
2246 6470 2 39 212 M 30
6470 2247 2 13 69 O 30
2247 4866 2 20 106 O 30
4866 4223 2 1 5 M 20
4223 4454 2 20 109 O 10
4454 4455 2 2 6 O 20
4455 4845 2 17 91 O 20
4845 2295 2 80 440 M 20
2134 1229 2 82 455 O 20
1229 5350 2 17 94 O 30
5350 2848 2 2 11 O 30
2848 5351 2 22 121 O 10
5351 1014 2 59 326 O 30
1014 2849 2 6 32 O 30
1717 1731 2 9 45 M 30
1715 1724 2 16 0 C 0
1724 1722 2 14 0 C 0
1722 1737 2 14 0 C 0
1730 1718 2 40 220 O 10
1718 1732 2 41 227 O 10
1732 1715 2 14 77 O 20
1829 1171 2 11 0 C 0
1171 1172 2 17 0 C 0
1172 6815 2 9 0 C 0
6815 1173 2 9 0 C 0
1173 1174 2 19 0 C 0
1194 1195 2 20 111 O 10
1195 1196 2 18 97 O 20
1196 1175 2 19 0 C 0
2857 1248 2 36 196 M 10
1248 2858 2 31 171 O 10
2860 2919 2 8 44 O 30
2919 1245 2 10 52 O 30
1245 2857 2 9 48 O 20
1247 2859 2 44 239 M 30
2859 2860 2 11 56 O 20
3275 2938 2 2 9 O 10
2938 225 2 29 160 O 30
225 3277 2 3 14 O 10
3277 3666 2 12 64 O 20
225 3284 2 13 71 O 30
3284 226 2 2 7 O 30
226 2936 2 8 40 O 10
1957 1885 2 31 169 O 30
1885 1884 2 25 134 O 10
1884 1896 2 27 147 M 10
1896 1958 2 34 185 O 30
1958 2174 2 17 94 O 30
1919 1961 2 50 277 O 20
2943 3034 2 20 110 O 20
3034 1900 2 13 71 O 30
1900 4276 2 8 40 O 30
4276 6266 2 24 129 O 30
6266 5379 2 11 56 O 20
2173 1906 2 20 108 O 30
1906 1907 2 23 122 O 30
1907 1908 2 38 209 O 20
1908 1909 2 38 210 M 20
1909 1910 2 12 67 O 20
4353 1932 2 58 319 O 10
1878 3407 2 14 73 M 10
3407 3408 2 52 286 O 30
3408 1879 2 13 72 O 10
1971 5951 2 6 30 M 20
5951 393 2 6 32 M 10
393 1972 2 2 7 M 10
1972 1973 2 17 94 O 10
1973 6781 2 8 42 O 10
6781 4398 2 18 97 M 10
4398 3525 2 52 285 O 10
863 864 2 58 321 O 30
862 863 2 110 610 O 10
2756 2755 2 66 363 M 20
2758 2757 2 34 184 O 10
2757 2756 2 92 511 O 20
2759 2758 2 67 372 O 20
2760 2759 2 226 1255 M 20
2556 4191 1 25 0 C 0
4191 5468 1 3 0 C 0
5468 5486 1 11 0 C 0
5486 5485 1 4 0 C 0
5485 2557 1 12 0 C 0
2547 5466 1 27 0 C 0
5466 5467 1 3 0 C 0
5467 339 1 26 0 C 0
3546 3547 1 2 6 O 10
3547 3541 1 2 10 O 30
3541 3542 1 2 10 M 20
3542 3545 1 2 7 M 30
3545 3543 1 3 13 O 20
3543 3544 1 2 6 O 20
3544 5416 1 2 8 M 20
5416 3546 1 1 2 O 10
4093 5543 2 11 61 M 30
5543 5637 2 5 24 O 20
5637 4091 2 7 39 M 20
3545 2138 1 7 36 O 20
2138 3543 1 7 36 O 20
2137 6050 1 2 6 O 10
6050 6052 1 15 78 O 30
6052 3541 1 60 331 O 20
3547 4021 1 38 206 O 20
4021 5354 1 6 29 O 30
5354 2137 1 34 184 M 20
3550 986 1 3 15 O 20
986 3552 1 30 163 O 30
4857 3118 1 12 66 O 20
3118 3119 1 12 66 O 20
3119 5754 1 40 218 O 30
370 2478 1 18 96 O 30
2478 3142 1 23 126 M 10
3142 3141 1 13 72 M 20
3141 3140 1 33 179 O 10
3484 1545 2 73 403 O 10
1545 4538 2 10 52 O 20
4538 2914 2 26 141 O 10
2914 4425 2 53 291 O 30
4425 1393 2 31 170 O 30
1393 1384 2 74 406 O 30
1384 4561 2 65 360 O 30
3549 3550 1 36 198 M 20
3550 1228 2 10 50 M 30
3934 1447 2 16 0 C 0
1447 1448 2 22 0 C 0
1448 3935 2 26 0 C 0
2195 5380 2 1 3 M 10
5380 2939 2 3 15 M 10
2939 2940 2 24 131 O 20
1869 6344 2 10 51 M 30
6344 1870 2 11 58 O 20
1870 2008 2 15 82 M 30
2008 1871 2 16 84 O 30
2892 4890 2 4 21 O 30
4890 3349 2 17 92 M 10
3349 2893 2 15 81 O 20
3559 1712 1 21 0 C 0
2355 2356 1 7 0 C 0
2356 4074 1 7 0 C 0
4074 3930 1 5 0 C 0
3558 2355 1 2 0 C 0
2028 3557 1 4 0 C 0
3557 3559 1 3 0 C 0
3560 4066 1 3 0 C 0
4066 4065 1 2 0 C 0
4065 3558 1 2 0 C 0
2889 4256 1 8 44 O 20
4256 4257 1 4 21 O 10
3561 1864 2 33 182 O 10
1864 1865 2 42 230 O 30
1865 4604 2 3 14 O 30
4604 1866 2 32 177 O 30
4146 4147 2 19 104 O 20
1815 2221 1 11 0 C 0
2222 1554 1 17 0 C 0
1657 3565 1 33 0 C 0
1857 1657 1 32 0 C 0
2430 2432 1 82 0 C 0
1516 2613 1 115 0 C 0
2619 2352 1 60 0 C 0
1518 1513 1 91 0 C 0
1519 1518 1 89 0 C 0
2577 3609 1 22 0 C 0
3609 1519 1 216 0 C 0
3383 3567 1 40 0 C 0
1561 103 1 20 0 C 0
1511 3568 1 27 0 C 0
2352 1514 1 79 0 C 0
3568 1515 1 157 0 C 0
1607 1609 1 3 0 C 0
875 903 1 13 0 C 0
2538 2573 1 30 0 C 0
902 1713 1 6 0 C 0
1609 1608 1 3 0 C 0
3573 1611 1 5 0 C 0
1611 4318 1 14 0 C 0
3570 1560 1 25 0 C 0
3569 3570 1 23 0 C 0
1560 2574 1 389 0 C 0
3572 2618 1 46 0 C 0
3571 3606 1 18 0 C 0
1713 3573 1 12 0 C 0
3386 3385 1 83 0 C 0
1849 1850 1 2 0 C 0
3574 1849 1 15 0 C 0
3567 3574 1 3 0 C 0
3575 1562 1 8 0 C 0
103 3575 1 15 0 C 0
3577 875 1 5 0 C 0
3578 2539 1 4 0 C 0
1612 3578 1 6 0 C 0
1610 5189 1 5 0 C 0
1515 3605 1 75 0 C 0
3583 279 1 8 0 C 0
105 5353 1 11 0 C 0
5353 5352 1 17 0 C 0
5352 5436 1 27 0 C 0
5436 3583 1 11 0 C 0
2586 3584 1 21 0 C 0
1768 2586 1 12 0 C 0
1769 1770 1 28 0 C 0
1770 1771 1 44 0 C 0
1771 2587 1 2 0 C 0
2587 1772 1 65 0 C 0
3584 1769 1 9 0 C 0
3585 105 1 10 0 C 0
3586 3585 1 9 0 C 0
1437 3586 1 12 0 C 0
3587 3588 1 12 0 C 0
3588 1437 1 10 0 C 0
2588 2589 1 2 0 C 0
2589 3406 1 13 0 C 0
3406 3587 1 38 0 C 0
3589 2588 1 15 0 C 0
104 3590 1 7 0 C 0
3590 3589 1 55 0 C 0
2571 1780 1 38 0 C 0
1780 3594 1 20 0 C 0
1772 2571 1 11 0 C 0
3591 104 1 18 0 C 0
362 4468 1 4 0 C 0
4468 1786 1 2 0 C 0
1786 1781 1 31 0 C 0
1781 3591 1 20 0 C 0
3592 1762 1 8 0 C 0
1777 1779 1 12 0 C 0
1779 3592 1 7 0 C 0
4612 4611 1 2 0 C 0
278 5705 1 24 0 C 0
5705 5704 1 7 0 C 0
5704 1438 1 17 0 C 0
3593 281 1 4 0 C 0
3594 1773 1 20 0 C 0
2582 1766 1 17 0 C 0
3382 2578 1 77 0 C 0
3595 3382 1 63 0 C 0
2233 1520 1 47 0 C 0
1522 1521 1 104 0 C 0
3596 5513 2 2 0 C 0
5513 3597 2 11 0 C 0
1157 3596 2 8 0 C 0
2372 2560 2 5 0 C 0
2560 1158 2 13 0 C 0
2561 1158 2 8 0 C 0
1553 3599 2 26 0 C 0
3599 2220 2 11 0 C 0
1813 1804 1 10 0 C 0
1812 2191 1 12 0 C 0
2191 1816 1 2 0 C 0
1554 4118 1 7 0 C 0
1816 1813 1 14 0 C 0
1817 1802 1 10 0 C 0
2418 5930 1 1 0 C 0
5930 3747 1 6 0 C 0
107 2582 1 3 0 C 0
3604 2225 1 27 0 C 0
3605 3571 1 27 0 C 0
3606 3572 1 8 0 C 0
3607 3942 1 3 0 C 0
198 1776 1 2 0 C 0
5532 4436 1 9 0 C 0
3885 5532 1 23 0 C 0
3608 6773 1 2 0 C 0
6773 3885 1 9 0 C 0
2083 2082 1 18 0 C 0
3576 1561 1 37 0 C 0
1761 3886 1 6 0 C 0
3886 1778 1 9 0 C 0
3623 1605 1 53 0 C 0
2428 3623 1 24 0 C 0
1521 2233 1 11 0 C 0
3625 1656 1 104 0 C 0
1658 3625 1 11 0 C 0
1814 1557 1 10 0 C 0
1796 1795 1 12 0 C 0
1795 1794 1 2 0 C 0
1794 1791 1 6 0 C 0
1791 1793 1 6 0 C 0
1554 1800 1 3 0 C 0
1810 1556 1 6 0 C 0
1557 5509 1 2 0 C 0
5509 1807 1 7 0 C 0
1806 1558 1 13 0 C 0
1801 1800 1 8 0 C 0
1804 1803 1 22 0 C 0
1803 1817 1 2 0 C 0
1773 1787 1 11 0 C 0
1787 1761 1 2 0 C 0
3627 1551 1 23 126 O 30
2374 3645 1 7 37 O 20
2379 2099 1 8 42 O 20
2212 2098 2 35 190 O 20
3628 3315 1 19 101 M 10
3315 2095 1 6 33 O 10
2095 3317 1 10 51 O 20
3317 3629 1 9 48 O 30
5258 2569 1 14 77 O 20
2567 1733 1 2 7 O 10
1733 2093 1 6 33 O 30
2093 3630 1 9 46 O 30
2090 2091 2 78 433 M 20
2614 2429 1 17 0 C 0
3631 3634 1 6 30 O 20
3633 5299 2 3 15 O 10
5299 5301 2 14 75 O 30
5301 3632 2 56 309 O 20
3635 5210 1 12 66 O 20
1551 3726 2 31 171 O 30
3726 1552 2 16 87 M 10
1552 3724 2 4 19 O 30
3724 5212 2 14 76 O 10
3636 2376 1 12 66 O 10
2101 3637 1 2 7 O 10
1548 3636 1 109 604 O 20
1549 2099 1 5 24 O 10
1550 3638 1 23 123 M 10
3659 5276 1 29 156 O 20
5276 2098 1 9 46 O 30
2100 3655 1 4 20 O 10
3638 3637 1 24 128 O 30
2100 2101 1 5 23 M 10
3640 2100 1 27 148 O 30
2098 5277 1 9 46 O 20
5277 3640 1 15 83 O 20
3640 3639 1 27 147 O 20
1735 3316 2 25 134 O 30
3316 2095 2 8 42 O 10
2568 1733 1 7 35 O 10
1733 5257 1 2 10 O 10
3641 2640 1 10 0 C 0
1782 2633 1 3 0 C 0
2640 338 1 11 0 C 0
3642 2662 1 21 0 C 0
2662 334 1 5 0 C 0
2633 2634 1 5 0 C 0
3643 2636 1 14 0 C 0
4112 3643 1 15 80 O 30
3644 1796 1 8 0 C 0
1809 1810 1 9 0 C 0
1802 1801 1 13 0 C 0
1798 1797 1 9 0 C 0
1799 1798 1 6 0 C 0
3651 3650 1 17 92 O 20
3650 5157 1 9 47 O 30
1546 5047 2 17 92 O 10
5047 4563 2 3 13 O 10
4563 3663 2 19 101 O 10
3663 5045 2 13 68 M 10
5045 85 2 1 3 O 20
85 2124 2 16 84 O 20
2124 1389 2 21 115 O 30
1389 1547 2 16 86 O 20
2950 3646 1 8 39 O 20
3646 3647 1 16 84 O 30
3648 5159 1 12 66 O 10
5159 2950 1 5 23 O 20
2928 3648 1 3 14 O 20
5158 3649 1 3 12 O 30
3650 5160 1 11 56 O 20
5159 3646 1 9 47 O 10
1547 2318 2 54 296 M 10
2318 1548 2 4 18 O 10
3654 1548 1 35 192 O 10
1383 3654 1 23 125 O 10
1382 371 1 9 47 O 30
376 4853 1 6 29 O 30
4853 1381 1 43 238 O 10
3485 3486 2 5 24 M 20
3656 3485 2 6 28 O 20
5403 4532 2 40 221 M 20
4532 3656 2 28 155 O 30
2188 3660 2 7 37 M 10
2751 2753 1 3 15 O 10
2747 2750 1 38 208 M 10
2753 2752 1 2 8 M 30
2752 5226 1 5 25 O 10
5226 5228 1 50 275 O 30
2750 2749 1 10 51 O 20
2749 5229 1 9 45 M 30
2835 2834 1 3 11 M 10
3657 2841 1 10 51 O 20
2841 2835 1 14 76 M 20
5227 3657 1 21 114 O 10
2843 2836 1 9 49 O 20
2845 2837 1 12 61 O 30
2839 2845 1 18 98 O 20
372 5745 1 8 39 O 10
5745 2839 1 118 650 O 30
2187 2188 2 17 91 M 20
2186 2187 1 50 276 M 20
2182 4050 1 47 258 M 30
2181 2645 1 33 182 M 20
2748 2753 1 24 132 O 10
2657 1533 1 14 77 O 20
2661 2655 1 8 40 O 30
3655 2378 1 6 29 O 20
2378 1383 1 63 350 O 10
2380 3659 1 7 33 O 20
3645 2379 1 11 56 O 10
2099 2380 1 7 38 O 30
3660 5230 2 6 31 M 10
2836 2844 1 9 45 O 10
2836 2835 1 3 14 M 10
2834 2837 1 3 13 O 20
3661 3663 2 20 111 O 20
2183 4785 1 1 5 O 30
4785 4779 1 8 43 O 30
4779 3664 1 4 21 O 20
3658 4780 2 3 13 O 30
3665 2606 2 17 89 M 10
3666 1903 2 8 44 O 10
3667 1840 1 6 0 C 0
3669 3668 1 9 49 O 10
1842 1841 1 7 35 O 30
1843 1842 1 18 99 O 30
1841 3670 1 12 62 O 30
1639 1640 2 14 73 O 10
1843 1639 2 16 85 O 20
2940 2170 2 11 60 M 30
2944 2939 1 4 18 O 20
1633 1628 2 13 0 C 0
1628 5646 2 30 164 M 10
5646 2167 2 15 78 O 30
2167 5652 2 6 31 O 30
5652 5648 2 9 46 O 10
5648 2168 2 8 40 O 10
2168 5650 2 10 55 M 30
5650 3024 2 12 62 O 20
3024 2165 2 14 74 O 30
2166 4260 2 20 111 O 10
4260 3025 2 16 84 O 30
3025 727 2 34 184 M 20
727 1627 2 33 0 C 0
2080 2166 2 9 47 M 20
3678 2166 2 20 108 O 10
1614 878 1 3 16 O 20
1615 1616 1 16 84 O 30
3680 5475 1 7 38 O 10
3681 3679 1 8 42 O 30
1504 3682 2 7 35 O 20
3683 3682 1 11 57 O 20
3683 5474 2 2 8 O 20
3684 2999 2 17 91 O 20
2999 3002 2 2 11 M 30
3686 3687 2 6 31 O 20
3686 3685 1 10 52 O 30
3002 3686 2 7 39 O 10
3687 2001 2 25 135 O 10
2001 6206 2 14 74 O 30
6206 6207 2 9 47 M 30
6207 1999 2 3 15 O 20
1999 5437 2 4 17 O 10
5437 1615 2 3 12 O 20
3689 3688 2 31 172 O 20
3691 4898 2 1 5 O 30
2155 2935 2 10 52 O 30
3692 2154 2 7 34 O 10
4486 5028 2 26 144 O 30
5028 4485 2 59 323 O 30
4485 3693 2 29 156 O 30
3693 5043 2 28 152 O 30
5265 2212 2 15 81 O 30
2211 5182 2 11 57 O 10
5182 5183 2 27 145 M 10
5183 5184 2 21 116 O 20
5184 3694 2 50 274 O 20
3695 4904 1 12 62 O 30
2150 4931 1 4 22 O 30
2945 6385 2 1 4 O 10
6385 3353 2 14 77 O 30
3353 2946 2 16 88 O 30
2304 4651 2 26 142 O 30
2211 4603 2 63 347 M 20
2212 2211 2 24 128 O 10
2210 3696 2 34 185 O 30
3342 3343 1 2 8 O 20
3343 5254 1 4 18 O 10
2209 3697 1 14 74 O 10
2903 2904 1 3 15 O 30
2907 2903 1 3 15 O 20
2904 2905 1 3 13 O 20
3698 2905 1 6 28 M 20
2904 3698 1 6 30 O 10
3698 2316 2 16 86 O 30
2316 2900 2 12 63 O 20
3699 2209 1 15 83 M 20
4601 3700 2 44 244 O 10
3700 4663 1 33 178 O 30
2317 4665 1 2 8 O 20
4664 3701 1 15 80 O 30
1385 3702 2 13 69 O 20
4904 3703 1 10 54 O 10
4905 4903 2 67 369 O 10
3704 2208 1 11 59 O 10
4897 2208 1 2 9 O 10
2208 4896 1 1 5 O 10
3706 3707 2 58 318 O 30
3707 2155 2 16 86 O 30
3708 3710 2 9 47 O 30
2143 4948 1 2 8 M 20
3710 2143 1 21 112 O 10
2155 3708 2 12 64 O 10
2143 3711 1 16 85 O 30
2151 4912 1 3 13 O 20
4925 3355 2 26 140 O 10
3355 3356 2 18 95 O 30
3356 2152 2 20 107 O 20
2152 3357 2 2 8 O 20
3357 2153 2 38 206 O 10
2153 3360 2 18 98 O 10
3360 2154 2 60 331 O 10
2154 4950 2 17 93 O 20
2645 2646 1 21 114 O 20
1423 1784 1 8 40 O 20
1784 3387 1 6 29 M 20
2648 2180 1 6 29 O 20
3387 2648 1 3 16 O 10
2458 3388 1 9 49 O 10
3387 2458 1 13 69 O 10
2647 3387 1 10 53 O 30
3712 2647 1 17 91 O 20
2641 3714 1 7 0 C 0
3714 3712 1 75 0 C 0
3713 2642 1 10 50 O 20
2643 5477 1 9 45 O 30
2633 333 1 3 0 C 0
2664 3715 1 15 0 C 0
1783 337 1 2 0 C 0
323 2450 1 45 0 C 0
2541 1424 1 3 0 C 0
2456 321 1 8 0 C 0
1783 1782 1 5 0 C 0
2435 2433 1 3 0 C 0
2434 2436 1 3 0 C 0
2440 2434 1 15 0 C 0
2437 2439 1 8 0 C 0
2439 2435 1 14 0 C 0
3716 2447 1 10 0 C 0
2447 1790 1 3 0 C 0
2436 5460 1 11 0 C 0
5460 2441 1 12 0 C 0
3390 2437 1 26 0 C 0
2446 3390 1 3 0 C 0
3389 2446 1 8 0 C 0
2617 2616 1 3 0 C 0
2558 2559 1 3 0 C 0
2448 2454 1 7 0 C 0
2445 2448 1 91 0 C 0
2450 2451 1 10 0 C 0
2231 5345 2 10 51 O 20
1555 3718 2 31 0 C 0
2991 3719 2 6 0 C 0
3719 3720 2 4 0 C 0
3720 3721 2 2 0 C 0
3718 3384 2 12 0 C 0
3384 2991 2 2 0 C 0
2990 3722 1 8 0 C 0
1151 2218 1 24 0 C 0
1154 2204 1 5 0 C 0
3722 1150 1 15 0 C 0
2218 364 1 7 0 C 0
3264 1151 1 9 0 C 0
1150 3263 1 18 0 C 0
3263 1555 1 10 0 C 0
3724 3723 2 21 111 O 10
3726 3725 2 47 260 M 10
1155 3730 1 22 0 C 0
3728 1155 1 11 0 C 0
3729 2196 1 13 0 C 0
2199 2982 1 98 0 C 0
3730 1162 1 14 0 C 0
2426 3728 1 24 0 C 0
2988 2986 1 17 0 C 0
3731 2989 1 10 0 C 0
1153 365 1 2 0 C 0
2989 366 1 8 0 C 0
2217 2988 1 17 0 C 0
2204 363 1 3 0 C 0
2405 2417 1 11 0 C 0
2202 2203 1 4 0 C 0
2192 2202 1 5 0 C 0
3732 2425 1 9 0 C 0
3727 2192 1 8 0 C 0
2196 3231 1 26 0 C 0
2462 2463 1 3 0 C 0
2455 322 1 14 0 C 0
2453 2455 1 40 0 C 0
3635 3734 2 18 94 O 20
5213 5332 2 8 40 O 30
5332 3635 2 1 3 O 20
3735 5709 1 9 50 O 20
5709 35 1 5 23 O 20
35 36 1 18 98 O 20
36 5710 1 8 41 O 10
5710 2374 1 7 38 M 20
3739 12 2 57 311 O 30
12 3736 2 11 61 O 30
3736 3738 2 45 249 O 10
1594 3739 2 18 97 M 10
3739 1593 2 82 454 M 20
1593 2346 2 5 23 O 10
2346 40 2 31 168 O 20
40 2304 2 40 218 O 30
2634 335 1 2 0 C 0
2634 1783 1 3 0 C 0
2417 3742 1 14 0 C 0
3743 3641 1 19 0 C 0
3385 1749 1 21 0 C 0
3744 1149 1 7 0 C 0
1149 3063 1 7 0 C 0
2203 2424 1 14 0 C 0
2409 2405 1 3 0 C 0
2410 2409 1 5 0 C 0
2441 3716 1 16 0 C 0
2433 2438 1 11 0 C 0
2467 2648 1 13 69 M 10
2648 2649 1 10 53 O 20
1784 2464 1 10 50 O 10
2180 1784 1 3 16 O 30
2180 2466 1 8 42 O 30
3745 2418 1 5 0 C 0
2411 3745 1 8 0 C 0
2408 2413 1 8 0 C 0
2412 2411 1 8 0 C 0
2413 2615 2 2 0 C 0
3062 3600 2 4 0 C 0
3600 3344 2 13 0 C 0
3344 1157 2 3 0 C 0
3345 2372 2 2 0 C 0
2543 2544 1 3 0 C 0
2544 2540 1 26 0 C 0
3746 5471 1 4 0 C 0
320 3746 1 24 0 C 0
3231 3727 1 9 0 C 0
3747 2414 1 13 0 C 0
2414 2410 1 8 0 C 0
3063 2985 1 10 0 C 0
3748 3731 1 16 0 C 0
3064 3748 1 8 0 C 0
2540 324 1 4 0 C 0
1800 1799 1 3 0 C 0
1556 1554 1 3 0 C 0
1147 3744 1 33 0 C 0
2219 1147 1 19 0 C 0
1148 1146 1 12 0 C 0
897 1148 1 13 0 C 0
2224 2223 2 17 0 C 0
1792 1805 1 15 0 C 0
1143 1792 1 18 0 C 0
1805 4121 1 5 0 C 0
2367 2368 1 20 0 C 0
2027 2190 2 4 0 C 0
1702 1700 1 19 0 C 0
3754 3751 1 5 0 C 0
3751 3750 1 23 0 C 0
3750 1702 1 11 0 C 0
4123 2223 1 32 0 C 0
3753 2369 1 7 0 C 0
3755 1703 1 9 0 C 0
2364 3755 1 8 0 C 0
2223 2365 1 25 0 C 0
5225 2366 1 2 0 C 0
2366 3218 1 3 0 C 0
3218 3219 1 7 0 C 0
3219 2367 1 18 0 C 0
1696 1539 1 3 0 C 0
3756 1697 1 37 0 C 0
3757 345 1 5 0 C 0
1539 1694 1 3 0 C 0
1697 4327 1 9 0 C 0
4327 347 1 7 0 C 0
2452 2449 1 8 0 C 0
2559 2453 1 3 0 C 0
1396 506 1 7 0 C 0
506 5067 1 21 0 C 0
5067 5068 1 45 0 C 0
5068 3759 1 38 0 C 0
3759 487 1 17 0 C 0
487 2104 1 5 0 C 0
2104 2103 1 55 0 C 0
3760 3211 1 15 0 C 0
3211 3214 1 3 0 C 0
3209 3210 1 12 0 C 0
3859 3212 1 15 0 C 0
1537 3213 1 15 0 C 0
3860 3209 1 29 0 C 0
3212 1537 1 16 0 C 0
3761 1653 2 16 85 O 20
1653 2089 2 19 103 O 10
2089 3762 2 39 213 O 20
3762 1652 2 15 82 O 10
1652 3763 2 24 133 O 30
3763 3764 2 58 317 O 20
3764 2240 2 18 95 O 10
2240 3765 2 17 94 O 20
3765 3766 2 41 225 M 20
3766 1536 2 18 95 O 10
1536 3767 2 22 121 O 10
3767 2468 2 25 136 M 20
3768 1654 1 20 110 O 30
2468 3768 1 16 87 O 20
2476 2477 1 28 153 O 30
2477 27 1 4 21 O 30
27 2468 1 32 176 O 30
3770 3769 2 29 158 O 20
3180 1534 1 9 47 O 10
3771 3180 1 17 93 M 30
1534 2476 1 138 766 O 20
2469 2470 1 9 45 O 30
3772 2469 1 19 105 O 10
4022 3137 1 20 109 O 30
3778 3777 1 1 3 O 10
3777 3776 1 2 6 O 10
3776 3775 1 2 8 M 20
3775 3774 1 1 5 O 20
3774 3778 1 1 3 O 30
3181 4184 2 29 158 M 10
4184 3183 2 12 65 M 20
3183 3775 2 37 203 O 30
3783 3782 2 13 70 O 10
3781 3780 2 13 67 O 30
3782 3784 2 4 20 O 30
3784 3781 2 4 22 O 20
3781 3787 2 4 21 O 20
3785 3784 2 14 75 O 10
3785 3783 1 4 18 O 20
3783 3779 1 4 21 O 10
3779 3782 1 13 70 O 30
3788 17 2 84 462 O 30
17 3786 2 13 68 O 20
3786 3787 2 16 87 M 10
3793 3792 1 2 8 O 10
3792 3791 1 3 11 O 20
3791 3789 1 3 12 O 30
3789 3790 1 2 10 O 10
3790 3793 1 1 4 O 20
3792 4716 2 24 128 O 20
4716 4703 2 21 113 O 10
4703 5923 2 1 5 O 30
5923 5928 2 4 20 O 10
5928 2269 2 35 192 O 10
3798 3794 1 1 3 M 30
3794 3797 1 2 11 M 10
3797 3796 1 3 12 O 30
3796 3795 1 3 11 O 20
3795 3798 1 2 10 M 30
3797 5914 2 50 272 O 20
5914 5917 2 11 58 M 30
5917 1005 2 13 68 O 20
1005 2262 2 23 123 O 10
3790 4713 2 35 194 O 20
4713 4972 2 36 199 O 20
4972 4577 2 22 119 M 20
4577 16 2 3 16 M 10
16 1028 2 3 15 O 10
1028 3796 2 13 67 O 10
3801 3800 2 40 217 O 20
3800 547 2 24 128 O 20
3803 3802 2 10 53 O 10
3806 3804 2 10 51 O 20
3807 3803 2 8 39 O 10
3803 3806 2 8 39 O 30
3806 3805 2 12 65 O 10
3221 3224 1 22 122 M 10
3224 3222 1 23 127 M 30
3220 3221 1 17 90 O 20
3810 3808 2 13 69 O 30
3808 5899 2 7 35 M 20
5899 3809 2 16 88 O 20
2108 2109 2 26 0 C 0
2109 4887 2 95 525 O 10
4887 2110 2 10 53 O 10
2110 3810 2 85 468 O 10
2719 2705 1 3 0 C 0
2705 4881 1 5 0 C 0
4881 2721 1 2 0 C 0
2605 3757 1 21 0 C 0
1400 1598 1 18 0 C 0
1598 2597 1 3 0 C 0
2385 1848 1 10 0 C 0
1402 5454 1 22 0 C 0
5454 2084 1 2 0 C 0
118 3994 1 21 0 C 0
2384 1846 1 52 0 C 0
108 1845 1 12 0 C 0
1845 109 1 3 0 C 0
2612 3957 1 19 0 C 0
109 1844 1 26 0 C 0
1846 3999 1 10 0 C 0
2088 2070 1 3 0 C 0
3814 3813 2 20 106 O 30
2105 2107 2 8 0 C 0
2107 2720 2 29 0 C 0
2112 5066 2 8 43 M 20
5066 3816 2 21 114 O 20
2111 2112 2 14 75 O 10
3809 4645 2 21 114 O 10
4645 2111 2 131 724 O 20
2024 3956 1 20 0 C 0
3817 1095 2 13 0 C 0
1095 3819 2 13 0 C 0
3819 1114 2 36 0 C 0
1114 2040 2 6 0 C 0
1095 3820 2 20 0 C 0
3820 1096 2 46 0 C 0
1096 3821 2 11 0 C 0
3821 3818 2 5 0 C 0
3818 4877 2 6 0 C 0
3828 1249 1 4 0 C 0
2052 3828 1 15 0 C 0
4870 2023 1 6 0 C 0
3824 696 2 12 0 C 0
3825 3760 1 27 0 C 0
4876 4869 1 12 0 C 0
1097 4872 2 1 0 C 0
1107 3824 2 23 0 C 0
2670 2671 1 4 0 C 0
3831 2493 1 17 0 C 0
2493 2668 1 3 0 C 0
2667 3833 1 20 0 C 0
3833 3832 1 9 0 C 0
2493 2494 1 15 0 C 0
2484 2492 1 27 0 C 0
2481 2482 1 11 0 C 0
2482 2483 1 6 0 C 0
2401 3834 1 16 0 C 0
3834 2395 1 25 0 C 0
2395 2396 1 2 0 C 0
2398 2394 1 7 0 C 0
3835 2398 1 19 0 C 0
2394 2399 1 7 0 C 0
2399 3846 1 24 0 C 0
2952 2393 1 6 0 C 0
3836 2952 1 22 0 C 0
3837 3836 1 37 0 C 0
2391 3837 1 23 0 C 0
3838 3245 1 7 0 C 0
2396 485 1 65 0 C 0
485 486 1 14 0 C 0
486 3847 1 118 0 C 0
2390 3838 1 69 0 C 0
3839 3185 1 21 0 C 0
3185 2390 1 8 0 C 0
2388 3187 1 10 0 C 0
3187 3839 1 73 0 C 0
2388 1592 2 5 0 C 0
3840 1302 2 8 0 C 0
3188 3840 2 9 0 C 0
3188 5511 2 1 0 C 0
5511 1592 2 7 0 C 0
3842 2062 1 9 0 C 0
2065 5519 1 9 0 C 0
3841 2063 1 4 0 C 0
2061 3841 1 5 0 C 0
2015 3844 2 5 23 M 20
2400 2480 1 24 0 C 0
3846 2397 1 12 0 C 0
3847 2955 1 21 0 C 0
2535 2954 1 7 0 C 0
3848 2389 1 26 0 C 0
2392 5512 1 2 0 C 0
5512 3848 1 50 0 C 0
3849 3190 1 19 0 C 0
2389 3849 1 82 0 C 0
3850 3758 1 13 0 C 0
3758 1396 1 7 0 C 0
2344 3851 1 26 0 C 0
3852 2344 1 25 0 C 0
1395 4649 1 15 0 C 0
4649 1397 1 25 0 C 0
1397 6762 1 78 0 C 0
6762 4884 1 8 0 C 0
4884 2105 1 12 0 C 0
1597 5128 1 5 23 O 30
794 819 1 137 0 C 0
819 205 1 116 0 C 0
1399 1398 1 3 0 C 0
2102 1399 1 18 0 C 0
3190 1592 1 10 0 C 0
3186 2388 1 14 0 C 0
3854 3186 1 10 0 C 0
3855 3854 1 17 0 C 0
5639 5832 1 31 0 C 0
5832 3855 1 10 0 C 0
3192 3194 1 6 0 C 0
3195 3193 1 7 0 C 0
3193 3192 1 2 0 C 0
1592 3189 1 12 0 C 0
3189 3195 1 62 0 C 0
3856 5638 1 16 0 C 0
5638 5639 1 2 0 C 0
2387 3856 1 16 0 C 0
2386 2387 1 23 0 C 0
2070 2386 1 27 0 C 0
2127 3484 2 4 22 O 20
3486 2127 2 2 8 O 20
3637 1549 1 3 13 O 30
2376 2101 1 8 43 O 10
3637 2100 1 5 25 O 30
2099 3639 1 2 10 M 20
3639 1549 1 5 26 O 10
3639 2100 1 2 11 O 30
3833 2669 1 7 0 C 0
2492 2666 1 10 0 C 0
2483 2484 1 3 0 C 0
2951 2953 1 8 0 C 0
2955 2536 1 5 0 C 0
2536 2535 1 3 0 C 0
2393 2951 1 2 0 C 0
2954 2392 1 81 0 C 0
3245 2391 1 2 0 C 0
3826 3827 1 5 0 C 0
1249 3826 1 2 0 C 0
1534 3770 2 7 35 O 10
3770 2235 2 2 6 M 30
2470 4552 2 7 35 O 20
4552 3181 2 2 8 O 30
1534 2470 2 4 18 O 20
2471 3515 1 6 33 O 10
2471 3981 2 5 25 M 30
3516 2471 1 6 31 M 10
2470 3182 1 16 89 O 30
3182 3863 1 95 523 O 30
2475 2471 2 5 22 M 30
2475 3518 1 7 35 M 20
3518 4076 1 14 78 O 10
3138 4856 2 1 4 O 30
4856 4182 2 7 37 M 30
4182 3137 2 4 19 O 10
3140 4182 1 11 57 O 20
4182 3139 1 11 59 O 10
3139 4075 1 77 425 O 20
2473 2474 1 17 93 M 30
3197 2071 1 13 0 C 0
2071 1532 1 3 0 C 0
3857 3823 1 16 0 C 0
3823 3858 1 13 0 C 0
2023 3857 1 23 0 C 0
3211 3859 1 13 0 C 0
4873 3860 1 10 0 C 0
1739 5642 1 1 2 M 30
1739 5640 1 9 50 O 20
5640 5643 1 2 11 M 30
3448 1739 1 10 53 O 30
2140 4089 2 7 36 O 20
4089 4090 2 2 8 O 10
4090 6308 2 9 49 O 20
6308 2531 2 2 6 O 20
2141 351 1 2 10 O 30
2529 2141 1 3 14 O 10
3450 2141 1 3 16 M 30
3451 6294 1 2 7 O 10
6294 353 1 11 60 M 30
3452 349 1 5 28 O 30
2530 4088 1 14 74 O 30
2214 5538 1 1 5 O 10
5538 1835 1 3 12 M 20
357 6418 1 2 6 O 20
6418 2214 1 2 10 O 30
2146 3049 1 6 32 O 10
3049 4025 1 13 67 O 30
1642 1641 1 3 0 C 0
1839 1838 1 8 0 C 0
1836 1837 1 11 0 C 0
1837 1642 1 3 0 C 0
1641 1839 1 3 0 C 0
1644 1506 1 5 0 C 0
2207 4947 1 20 108 O 30
1559 116 1 9 0 C 0
113 2592 1 2 0 C 0
3862 114 1 9 0 C 0
2593 117 1 3 0 C 0
2595 115 1 2 0 C 0
2245 5798 2 6 31 O 30
5798 6462 2 26 141 O 20
6462 6464 2 2 11 O 20
6464 6525 2 21 116 M 10
6525 2246 2 63 345 O 10
3863 3516 1 19 100 O 20
4158 4159 2 3 13 O 10
5061 4127 2 11 59 O 10
4138 4139 2 29 157 M 30
3864 3866 2 11 61 O 30
3866 3865 2 10 54 O 30
3868 3867 2 8 41 O 10
4128 4460 2 64 350 O 30
4460 3869 2 2 10 O 20
3869 4461 2 4 22 O 20
4461 4462 2 179 991 O 30
4462 4463 2 32 175 O 30
114 2593 1 22 0 C 0
2596 1402 1 11 0 C 0
2591 4422 1 16 0 C 0
4422 1567 1 3 0 C 0
1527 4055 1 12 0 C 0
4055 2591 1 23 0 C 0
112 1527 1 13 0 C 0
1695 1696 1 3 0 C 0
2479 343 1 9 0 C 0
1163 1764 1 27 0 C 0
1764 1763 1 21 0 C 0
1763 2479 1 16 0 C 0
1698 1163 1 22 0 C 0
2600 1698 1 42 0 C 0
2025 1570 1 70 0 C 0
2086 2384 1 11 0 C 0
3191 2612 1 20 0 C 0
3887 3888 2 8 40 O 30
3889 3890 2 31 167 O 10
3889 3891 2 22 121 O 20
3891 3890 2 20 109 O 20
3890 3888 2 4 22 O 10
3889 3888 2 38 210 O 30
3893 3894 2 8 41 O 20
3897 5058 1 27 145 O 10
3898 3896 1 27 147 O 20
3899 3894 1 47 257 O 30
3900 3901 2 15 81 O 10
3901 3902 2 7 35 O 10
3902 3903 2 9 49 M 30
3902 3904 2 3 15 M 30
3904 3905 2 9 48 O 30
3901 3906 2 3 16 O 30
3906 3907 2 9 45 O 10
3906 3908 2 7 36 O 10
3908 3909 2 13 70 O 10
3908 3910 2 10 51 O 30
3911 3912 2 14 74 M 10
3912 3913 2 7 36 O 20
3913 3914 2 8 43 O 20
3913 3915 2 12 63 O 10
3912 5126 2 4 21 O 30
5126 3916 2 9 47 O 20
3917 3918 2 42 229 O 20
3919 3921 2 8 42 O 20
3921 3920 2 43 234 O 10
3922 3918 2 16 87 O 10
3920 3923 2 5 23 O 20
6807 5010 2 41 223 O 30
5010 5004 2 23 127 O 10
5004 1595 2 52 286 O 30
1398 1597 1 5 0 C 0
2518 5458 1 9 45 M 30
5459 2527 1 5 27 O 30
3924 5674 1 3 16 M 20
3926 5673 1 5 25 O 10
5371 3929 2 31 170 O 30
3929 3926 2 8 40 O 30
3930 2358 1 12 0 C 0
2359 1659 1 7 0 C 0
5216 1785 1 5 0 C 0
1785 3931 1 19 0 C 0
2592 118 1 18 0 C 0
116 2595 1 22 0 C 0
2361 2594 1 8 0 C 0
2362 113 1 5 0 C 0
3932 1418 1 6 0 C 0
1418 1564 1 15 0 C 0
1564 4423 1 3 0 C 0
4423 5462 1 6 0 C 0
5462 6761 1 33 0 C 0
6761 1559 1 15 0 C 0
1520 1523 1 145 0 C 0
3243 4969 2 5 0 C 0
4969 5708 2 4 0 C 0
5708 3564 2 3 0 C 0
3564 3934 2 2 0 C 0
3935 1449 1 8 0 C 0
1449 3936 2 5 0 C 0
3936 5730 2 5 0 C 0
5730 6679 2 6 0 C 0
6679 1469 2 21 0 C 0
2371 2623 1 12 0 C 0
1456 3937 1 11 0 C 0
3937 2371 1 13 0 C 0
3938 1464 2 8 0 C 0
3939 3941 2 6 0 C 0
3940 5510 2 39 0 C 0
3945 223 2 33 0 C 0
223 3939 2 15 0 C 0
1457 5848 2 7 0 C 0
5848 3244 2 10 0 C 0
3244 1525 2 3 0 C 0
1525 3520 2 19 0 C 0
3520 1468 2 15 0 C 0
1468 1467 2 11 0 C 0
1467 1466 2 85 0 C 0
1759 1777 1 2 0 C 0
3942 1759 1 7 0 C 0
1558 4119 1 4 0 C 0
1450 3945 2 9 0 C 0
327 4937 1 1 0 C 0
4937 1576 1 2 0 C 0
1569 2601 1 5 0 C 0
2601 4245 1 16 0 C 0
4245 2603 1 52 0 C 0
3948 4880 1 19 0 C 0
1571 3948 1 64 0 C 0
3949 1164 1 10 0 C 0
344 5852 1 13 0 C 0
5852 3949 1 50 0 C 0
1851 1709 2 15 0 C 0
3951 5828 2 1 0 C 0
5828 2370 2 8 0 C 0
3952 5826 2 7 0 C 0
5826 5827 2 7 0 C 0
5827 3950 2 12 0 C 0
3950 3951 2 9 0 C 0
1484 3952 2 11 0 C 0
3953 1484 2 10 0 C 0
1483 3954 2 11 0 C 0
3955 1483 2 10 0 C 0
3954 4970 2 9 0 C 0
4970 1485 2 25 0 C 0
1485 3953 2 26 0 C 0
3957 108 1 9 0 C 0
3958 3196 1 17 0 C 0
3196 2088 1 10 0 C 0
1692 1693 1 24 0 C 0
1691 4342 1 2 0 C 0
4342 3961 1 15 0 C 0
1690 3960 1 16 0 C 0
3961 1689 1 11 0 C 0
3959 1690 1 16 0 C 0
1689 4 1 8 0 C 0
4 3 1 5 0 C 0
3 505 1 6 0 C 0
505 4328 1 16 0 C 0
4328 3963 1 8 0 C 0
3960 1692 1 12 0 C 0
3963 1687 1 11 0 C 0
3964 3967 1 4 0 C 0
3967 3966 1 2 0 C 0
3966 3965 1 8 0 C 0
3965 1688 1 4 0 C 0
1688 3959 1 33 0 C 0
1685 294 1 8 0 C 0
1687 3962 1 3 0 C 0
295 3067 1 8 0 C 0
3067 3065 1 7 0 C 0
1680 5644 1 16 0 C 0
5644 4005 1 27 0 C 0
4005 4006 1 7 0 C 0
3066 296 1 15 0 C 0
1481 3115 1 44 0 C 0
3968 4340 1 4 0 C 0
4340 4341 1 2 0 C 0
4341 1691 1 4 0 C 0
1407 1406 1 15 0 C 0
1778 3882 1 2 0 C 0
3882 3969 1 10 0 C 0
2382 1410 1 2 0 C 0
1487 2381 1 2 0 C 0
297 4246 1 10 0 C 0
4246 3972 1 12 0 C 0
3970 300 1 9 0 C 0
3976 2383 1 4 0 C 0
3971 3976 1 8 0 C 0
3973 1409 1 31 0 C 0
1409 1407 1 6 0 C 0
3972 3973 1 9 0 C 0
3975 3977 1 7 0 C 0
3977 3971 1 6 0 C 0
3974 3975 1 9 0 C 0
1903 3985 2 9 46 O 10
2170 2941 2 11 58 O 10
2159 6356 2 17 90 O 10
6356 5576 2 7 35 O 10
5576 3022 2 21 114 M 10
3022 2163 2 11 60 O 30
2163 3019 2 32 174 M 20
3019 2164 2 26 142 O 10
2164 2169 2 4 17 O 20
2169 2969 2 44 241 O 30
2969 1960 2 38 208 O 20
1960 4034 2 13 68 M 30
2170 3986 2 9 46 O 20
3989 5430 1 6 29 O 20
5469 5470 1 3 0 C 0
5470 2543 1 35 0 C 0
3537 340 1 3 0 C 0
3535 3536 1 3 0 C 0
2555 342 1 10 0 C 0
3533 4103 1 15 0 C 0
2552 2553 1 24 0 C 0
3537 3534 1 3 0 C 0
2625 2554 1 2 0 C 0
2553 330 1 3 0 C 0
3993 3997 1 13 0 C 0
3994 5840 1 14 0 C 0
5840 3993 1 6 0 C 0
3996 3995 1 16 0 C 0
3998 3996 1 12 0 C 0
3997 663 1 3 0 C 0
663 2596 1 23 0 C 0
1401 3998 1 13 0 C 0
2597 1401 1 10 0 C 0
3999 3811 1 18 0 C 0
3811 110 1 3 0 C 0
329 2555 1 16 0 C 0
2554 2545 1 3 0 C 0
3065 1680 1 9 0 C 0
1681 3066 1 9 0 C 0
3115 1681 1 12 0 C 0
4006 5703 1 4 0 C 0
5703 1480 1 4 0 C 0
4007 1481 1 13 0 C 0
1679 5841 1 9 0 C 0
5841 235 1 5 0 C 0
235 4292 1 11 0 C 0
4292 4007 1 29 0 C 0
1480 4004 1 10 0 C 0
4004 4003 1 10 0 C 0
4003 4010 1 39 0 C 0
4008 1679 1 8 0 C 0
1678 4098 1 12 0 C 0
4009 4008 1 5 0 C 0
288 3005 1 5 0 C 0
3005 4009 1 6 0 C 0
4010 1678 1 7 0 C 0
4014 4011 2 13 0 C 0
4011 5492 2 12 0 C 0
5492 1086 2 8 41 O 20
1086 5496 2 13 68 O 20
5496 1085 2 11 59 O 10
1085 5494 2 21 0 C 0
4013 4012 1 12 0 C 0
4017 4016 1 12 0 C 0
4016 4015 1 3 0 C 0
4015 4014 1 5 0 C 0
4014 4013 1 3 0 C 0
4018 877 1 17 94 O 10
1613 1614 1 3 15 O 10
1378 1613 1 15 79 O 30
4019 2942 1 13 71 O 20
1750 1361 2 8 40 O 30
3137 4078 1 15 81 O 20
4078 2472 1 8 41 O 30
3515 4022 1 79 435 O 20
1793 1143 1 5 0 C 0
4025 2620 1 13 67 O 10
4026 2145 2 9 49 O 30
2145 6313 2 11 58 O 20
6313 5588 2 6 33 O 20
5588 5618 2 31 171 O 10
5618 6282 2 20 110 M 10
6282 5565 2 4 18 M 30
5565 5586 2 27 146 O 20
5586 4744 2 58 320 O 30
4744 5591 2 26 143 O 30
5591 1230 2 9 45 O 20
1230 513 2 86 473 O 20
513 1996 2 25 138 M 20
2145 4027 2 11 56 O 30
5563 2144 2 3 12 O 20
2144 6310 2 6 29 O 30
6310 2145 2 22 120 M 10
2144 6290 2 11 56 O 20
6290 4028 2 8 40 M 10
4029 3452 1 11 58 O 30
2528 3450 1 13 71 O 20
3056 3668 1 6 32 O 20
3668 3667 1 17 89 O 20
4030 1843 1 16 84 M 30
4031 4043 1 14 0 C 0
1280 4032 1 2 0 C 0
4032 4031 1 26 0 C 0
3009 2174 2 11 56 O 30
2173 3009 2 51 280 O 10
4033 4101 2 3 11 O 20
4101 3990 2 10 55 O 30
3991 2172 1 7 35 O 30
3992 3991 1 3 16 O 30
4034 2170 2 10 53 O 10
2163 5764 2 8 42 O 10
5764 5765 2 3 13 O 20
2214 360 1 3 15 O 30
2465 2180 1 11 60 M 10
2646 2465 1 13 68 O 20
4036 1423 1 9 50 O 20
4038 2461 1 9 46 O 30
2461 5428 1 2 8 O 10
5428 2460 1 7 36 O 10
2517 2518 1 15 83 O 20
2524 2517 1 15 80 O 10
2520 2525 1 3 12 O 10
2519 2520 1 11 61 M 20
2525 1626 1 36 196 O 30
2516 2526 1 14 74 O 20
2526 2524 1 2 9 O 10
1626 2516 1 24 132 O 30
2515 5498 1 8 0 C 0
5498 1622 1 4 0 C 0
1623 2515 1 10 0 C 0
4041 1621 1 12 0 C 0
1643 1836 1 12 62 O 10
3050 2146 1 9 46 O 20
1432 3050 1 4 19 O 30
1807 4044 1 5 0 C 0
1808 4045 1 4 0 C 0
4045 4046 1 5 0 C 0
4046 1809 1 4 0 C 0
2654 2661 1 9 48 O 30
2659 5231 2 1 3 M 10
5231 2655 2 8 40 O 20
1533 1968 2 8 43 M 30
1969 2659 2 5 23 O 20
2655 2660 1 9 46 O 30
4047 2657 1 6 29 O 10
1533 2658 1 11 60 O 30
2658 2653 1 7 35 O 20
2660 2656 1 16 88 O 10
2656 2651 1 15 83 O 30
2652 4047 1 6 29 O 10
2651 2652 1 15 82 O 30
1987 1984 2 6 0 C 0
1984 1985 2 16 0 C 0
2986 2984 1 2 0 C 0
2984 2987 1 6 0 C 0
2982 2981 1 17 0 C 0
2981 3729 1 22 0 C 0
2201 1425 1 17 0 C 0
3116 2201 1 20 0 C 0
2438 3116 1 19 0 C 0
4049 2467 1 14 77 M 10
4050 4783 1 7 37 O 30
4051 2186 1 10 54 O 20
2421 1574 1 39 0 C 0
4052 4053 1 8 0 C 0
4054 4391 1 7 0 C 0
4391 4567 1 4 0 C 0
326 4054 1 41 0 C 0
2604 325 1 5 0 C 0
1574 2604 1 9 0 C 0
4053 2026 1 4 0 C 0
2603 6544 1 3 0 C 0
6544 3947 1 10 0 C 0
4424 2025 1 11 0 C 0
1572 2602 1 15 0 C 0
2602 1568 1 6 0 C 0
1650 4056 1 21 0 C 0
1530 1531 1 36 0 C 0
1531 1651 1 9 0 C 0
1651 1823 1 15 0 C 0
1584 1582 1 13 0 C 0
4059 1581 1 13 0 C 0
1579 4059 1 11 0 C 0
1582 1821 1 19 0 C 0
1581 4058 1 7 0 C 0
4058 1822 1 11 0 C 0
1822 1583 1 12 0 C 0
1820 1580 1 4 0 C 0
1821 1820 1 7 0 C 0
1580 1405 1 11 0 C 0
1405 4061 1 5 0 C 0
4061 1578 1 9 0 C 0
1578 4060 1 5 0 C 0
4060 4062 1 28 0 C 0
1819 1579 1 10 0 C 0
1575 3233 1 62 0 C 0
3233 1577 1 5 0 C 0
1577 4063 1 3 0 C 0
4063 1819 1 32 0 C 0
3232 4336 1 19 0 C 0
4336 4337 1 11 0 C 0
4337 4052 1 28 0 C 0
4062 3232 1 10 0 C 0
1661 4493 1 1 0 C 0
4493 290 1 2 0 C 0
1590 1589 1 29 0 C 0
4064 285 1 9 0 C 0
1583 5409 1 5 0 C 0
5409 1585 1 18 0 C 0
1585 1586 1 20 0 C 0
1586 4057 1 4 0 C 0
4057 1588 1 8 0 C 0
1588 1591 1 32 0 C 0
1591 4064 1 10 0 C 0
1500 1502 1 11 0 C 0
2585 6142 1 8 0 C 0
6142 3608 1 13 0 C 0
1566 4503 1 4 0 C 0
5797 4499 2 3 0 C 0
4499 1824 2 2 0 C 0
2358 2359 1 5 0 C 0
4067 2590 2 5 0 C 0
2590 111 2 6 0 C 0
1704 1705 2 33 0 C 0
1705 4067 2 23 0 C 0
4068 1704 2 6 0 C 0
1710 4068 2 44 0 C 0
1711 4071 1 5 0 C 0
5214 4412 2 7 0 C 0
4412 5934 2 7 0 C 0
5934 1660 2 14 0 C 0
1660 1711 2 43 0 C 0
3228 4072 1 6 0 C 0
1710 3228 2 55 0 C 0
3517 2475 1 7 34 O 20
4075 3517 1 11 57 O 20
4076 3771 1 88 485 O 30
4078 4077 1 20 108 O 10
2472 4077 1 12 64 O 20
4077 2473 1 46 255 M 20
5791 4511 1 2 0 C 0
4511 287 1 12 0 C 0
1675 5791 1 5 0 C 0
3006 4289 1 15 0 C 0
4289 1675 1 3 0 C 0
4079 5839 1 10 0 C 0
5839 1674 1 6 0 C 0
5792 685 1 16 0 C 0
685 5838 1 4 0 C 0
5838 4079 1 4 0 C 0
4080 4186 1 8 0 C 0
4186 1673 1 4 0 C 0
3432 4185 1 8 0 C 0
4185 4080 1 15 0 C 0
4081 5792 1 13 0 C 0
1674 6531 1 3 0 C 0
6531 6532 1 12 0 C 0
6532 3006 1 3 0 C 0
4082 2129 2 15 78 O 30
4084 4083 1 8 43 M 20
4085 3487 1 8 42 M 20
3487 4087 1 9 47 O 10
4086 1339 1 6 33 O 30
2127 4086 1 9 45 O 10
4087 5794 1 7 34 O 30
5794 3486 1 5 25 O 30
2529 2530 1 4 19 O 30
4088 2531 1 16 88 M 20
4089 5548 1 8 43 O 20
5544 4090 1 10 50 O 10
4091 4092 2 11 59 O 30
4092 3448 1 13 69 M 30
2139 4093 1 14 78 O 20
2138 5551 2 30 162 M 10
1524 3243 2 3 0 C 0
4094 3933 2 7 0 C 0
3933 1524 2 5 0 C 0
4095 1415 1 8 0 C 0
1415 20 1 3 0 C 0
4096 4095 1 7 0 C 0
20 492 1 8 0 C 0
492 493 1 17 0 C 0
493 4217 1 13 0 C 0
4217 4859 1 22 0 C 0
4097 2354 1 8 0 C 0
2353 4097 1 20 0 C 0
1712 1701 1 7 0 C 0
1701 1751 1 14 0 C 0
1751 2353 1 14 0 C 0
4098 289 1 10 0 C 0
3007 5793 1 12 0 C 0
286 3435 1 4 0 C 0
3435 3007 1 36 0 C 0
2606 5289 2 5 23 O 10
4102 4101 1 16 84 O 20
4103 341 1 3 0 C 0
4188 5463 1 7 0 C 0
5490 5464 1 6 0 C 0
2369 3752 1 8 0 C 0
1703 3754 1 9 0 C 0
1671 6667 2 17 0 C 0
6667 6509 2 2 0 C 0
6509 6554 2 19 0 C 0
6554 6557 2 16 0 C 0
5796 1566 1 2 0 C 0
1671 5887 1 20 0 C 0
5887 5888 1 2 0 C 0
5888 1672 1 12 0 C 0
4105 1421 1 12 0 C 0
1664 4107 1 15 0 C 0
4106 1664 1 10 0 C 0
1666 4108 1 26 0 C 0
4107 1666 1 11 0 C 0
292 4494 1 2 0 C 0
4494 1661 1 1 0 C 0
2422 2420 1 8 0 C 0
2420 1645 1 2 0 C 0
2419 1648 1 11 0 C 0
2423 1646 1 9 0 C 0
1646 2419 1 2 0 C 0
1645 2373 1 26 0 C 0
1647 2422 1 13 0 C 0
4109 5474 1 8 0 C 0
3679 2637 1 8 43 O 30
4110 5476 2 38 209 M 10
4111 6606 2 11 60 O 10
6606 4110 2 1 3 M 10
3681 4111 2 8 41 O 30
3524 5475 1 5 27 O 30
5475 3681 1 1 3 M 20
2663 2635 1 8 0 C 0
3680 3524 1 5 25 O 20
4112 3524 1 7 36 O 20
2464 2644 1 35 190 O 10
2643 3521 1 6 31 O 20
3521 2642 1 7 34 O 30
2642 3642 1 17 0 C 0
4114 2179 1 10 53 M 30
2466 4114 1 17 92 O 20
5450 5426 1 7 38 O 30
4358 1089 2 23 124 O 20
2177 2176 1 10 55 O 20
2460 2177 1 9 47 M 30
4115 2156 1 13 69 M 10
2156 4116 1 12 62 O 20
4027 6314 2 14 73 O 10
6314 5590 2 2 6 O 20
5590 5562 2 49 272 O 10
4117 5561 2 9 49 O 20
3524 3679 1 5 28 O 30
4113 4112 1 9 49 O 10
4118 1811 1 4 0 C 0
1811 1812 1 7 0 C 0
4119 1814 1 4 0 C 0
4120 1806 1 7 0 C 0
4121 4120 1 8 0 C 0
4122 2364 1 4 0 C 0
2365 4122 1 8 0 C 0
3752 4123 1 13 0 C 0
2368 3753 1 14 0 C 0
4189 4193 2 11 0 C 0
4193 5464 2 10 0 C 0
4190 5467 1 16 0 C 0
5466 5465 1 16 0 C 0
4190 5465 2 2 0 C 0
2288 2289 2 22 120 O 20
4190 4189 2 7 0 C 0
4188 4192 2 8 0 C 0
4192 4189 2 13 0 C 0
1042 1043 2 5 25 O 20
4197 4196 2 3 14 O 30
4195 4194 2 3 14 O 30
4206 4199 2 2 7 M 30
4207 4208 1 3 13 O 20
4206 4203 2 4 17 M 30
4203 4204 2 5 24 O 30
4204 4205 2 5 22 M 20
4199 4207 1 8 42 M 10
4200 4202 1 30 162 O 20
4203 5029 1 7 34 M 20
5029 4204 1 4 18 M 10
5053 4206 1 8 42 M 30
4210 4209 2 3 16 M 20
4212 4211 2 3 16 O 20
4215 4213 2 51 281 O 10
3787 4215 2 4 19 O 20
4215 4214 2 8 40 O 30
4221 4218 1 2 9 O 30
4218 4219 1 3 13 O 20
4219 4220 1 4 17 O 30
4220 4221 1 4 21 O 30
4226 4225 2 3 14 O 20
4966 5155 2 57 0 C 0
1491 5164 2 15 82 O 10
4230 4229 2 3 13 O 20
4231 3010 2 3 14 O 20
4233 4232 2 4 17 O 20
4235 4234 2 2 10 O 30
4237 4236 2 3 13 O 20
4241 4239 2 2 10 O 10
4242 4241 1 21 111 O 10
4244 4243 2 2 11 O 10
4243 4242 2 7 38 O 10
4248 4247 2 8 42 O 10
4250 4249 2 5 23 O 10
4254 4253 2 6 33 O 10
4252 4253 2 23 123 O 30
4253 4248 2 3 16 O 30
4248 4250 2 39 213 M 30
4250 4251 2 15 79 O 30
3059 4254 2 10 52 O 20
3786 3785 2 9 44 O 30
4256 4255 2 3 16 M 10
4258 4257 2 3 15 O 30
1930 1740 2 8 41 O 10
1740 1503 2 14 73 O 20
1503 3289 2 11 58 M 30
3289 3291 2 12 67 O 20
3291 3365 2 41 222 O 30
3365 3364 2 12 66 O 20
3364 4370 2 12 67 M 20
4264 4263 2 3 14 O 30
4266 4265 2 25 136 O 10
4268 4267 2 8 44 O 30
4270 4269 2 2 11 O 30
4277 4042 2 3 0 C 0
4279 4278 2 44 240 M 20
4281 4279 1 4 18 O 30
4279 4280 1 5 23 M 20
4282 4281 1 12 65 O 30
4281 4280 1 3 16 O 30
4280 2899 1 19 102 M 30
4284 4283 2 14 73 O 10
1981 4285 2 5 27 O 10
1978 543 2 8 39 O 10
543 6146 2 2 7 O 10
6146 5245 2 11 59 O 10
5245 1970 2 4 20 O 30
1970 5205 2 4 18 O 20
5205 1980 2 6 29 O 20
1980 5661 2 13 68 O 20
5661 5656 2 4 20 M 30
5656 5660 2 14 73 O 20
5660 6543 2 14 77 O 30
6543 1981 2 26 142 O 10
4284 5204 2 20 106 O 10
5204 4285 2 15 79 O 20
4288 4287 2 3 15 O 10
4291 4290 2 44 244 O 10
4293 1941 2 54 297 O 30
1621 1624 2 18 0 C 0
1624 1748 2 43 238 O 20
1748 1625 2 16 84 M 10
1625 1941 2 11 56 M 10
4295 4294 2 17 94 O 20
4296 4297 1 13 69 O 10
4297 4298 1 5 26 M 10
4297 1950 2 4 19 O 10
4298 4296 1 24 132 O 10
4300 4299 2 4 20 M 20
4301 4300 2 4 18 O 10
4305 4303 2 6 31 O 10
4307 6347 2 5 0 C 0
6347 662 2 8 0 C 0
662 4306 2 12 65 O 20
4306 4304 1 3 12 O 20
4304 4305 1 2 6 M 10
4305 5473 1 4 18 O 10
5473 4306 1 4 22 O 20
4316 4315 2 4 19 M 30
4315 4314 2 1 5 O 10
4314 4313 2 6 32 O 10
4313 4312 2 4 18 O 30
4312 4311 2 3 14 O 20
4311 4309 2 1 3 M 10
4309 4310 2 9 45 O 10
4317 1946 2 15 80 O 10
4329 4388 1 3 15 O 20
4319 4320 1 27 146 O 10
4324 4323 2 16 86 O 20
4325 4322 2 16 86 O 10
4322 4324 2 11 58 M 20
4320 4334 2 7 35 O 20
4348 4346 2 20 110 O 20
2206 4349 2 28 154 O 30
4349 4350 1 4 21 O 20
4350 4345 1 7 33 M 30
4351 4352 1 7 34 O 20
4352 4349 1 8 42 O 30
4379 1496 2 5 26 O 20
4380 4381 2 2 6 O 20
4381 4333 2 5 25 O 20
4333 4332 2 3 17 O 10
4332 4390 1 1 5 O 10
4330 4332 2 2 11 O 20
4382 4383 2 2 8 O 10
4383 4384 2 1 4 O 10
4384 5488 2 5 23 M 20
4334 4385 2 8 41 O 20
4333 4386 2 18 100 O 10
4387 4330 1 1 5 O 10
4330 4319 1 16 85 O 30
4388 4387 1 2 6 O 20
4389 4331 1 3 16 O 10
4390 4389 1 2 6 O 10
4394 4396 2 11 57 O 30
4396 5290 2 7 37 M 30
5290 4393 2 3 15 O 20
4395 4396 2 4 19 M 30
1852 1851 2 14 0 C 0
3000 3001 1 4 20 O 20
3001 3003 1 3 16 O 20
2655 1533 2 3 14 O 10
4399 400 2 11 59 M 30
400 4398 2 5 27 O 20
4437 2011 2 67 0 C 0
2011 1985 2 18 0 C 0
2239 4400 2 51 280 O 30
1863 5761 2 8 44 M 10
5761 4507 2 1 4 M 20
4507 5760 2 10 53 O 20
4404 4407 2 3 13 O 10
4407 4403 2 40 218 O 20
4406 4403 2 43 236 O 10
4403 4405 2 4 22 O 20
4407 4406 2 10 50 O 10
4406 5292 2 5 23 O 10
4411 5291 2 6 31 O 10
4409 4410 2 61 338 O 30
4959 3405 2 15 81 M 30
3773 3183 2 29 158 O 30
2299 4702 2 28 155 O 20
2837 2846 1 8 43 O 30
4416 5748 2 43 236 O 20
1185 1184 2 28 154 O 10
3919 3920 2 15 83 O 10
3918 3919 2 8 44 O 10
4419 2920 2 16 84 O 30
2920 2918 2 65 360 M 30
2918 2917 2 30 164 O 30
1217 1244 2 32 174 O 20
1244 1245 2 36 196 O 10
3509 3510 2 9 49 O 20
3510 4420 2 26 140 M 30
3508 3507 2 7 36 O 20
3507 6528 2 14 72 O 10
1831 1275 2 12 62 O 10
1275 5432 2 12 63 O 30
2853 2852 1 5 24 O 20
4427 5146 2 137 759 O 20
5146 4426 2 13 72 M 20
4426 4425 2 8 39 O 10
4432 4428 2 54 297 O 20
4435 4434 2 30 166 O 10
4434 4967 2 39 211 O 10
4967 4587 2 2 8 O 10
1486 1828 2 6 0 C 0
5193 4441 2 304 1686 O 30
4442 4441 2 43 238 O 30
3738 3737 2 12 62 O 20
3737 3736 2 9 46 O 30
4446 4450 2 64 352 O 20
4447 4830 2 2 9 O 30
4830 4451 2 53 293 O 10
4453 4452 2 2 7 O 20
4457 4452 1 15 83 M 30
4452 4456 1 3 14 O 20
4457 3488 2 16 85 M 20
4461 4465 2 7 35 O 30
4460 4140 2 76 419 O 30
4464 4130 2 42 228 M 30
4130 5063 2 12 64 O 20
4465 3869 2 5 26 M 10
4469 3935 1 7 0 C 0
1127 4470 2 19 103 O 20
4470 1126 2 22 121 O 10
4479 4471 2 41 224 O 20
4475 4472 2 16 86 O 20
4473 4459 2 80 441 O 30
4476 4475 2 65 359 O 20
4475 4473 2 4 17 O 20
4473 4474 2 15 80 O 20
4482 4476 2 16 84 O 10
4476 4477 2 45 248 M 20
4485 4484 2 24 131 O 20
4501 5796 1 2 0 C 0
4502 4501 1 4 0 C 0
4503 4504 1 5 0 C 0
4504 1824 1 5 0 C 0
1824 4502 1 9 0 C 0
4498 4834 2 39 212 M 10
4834 4496 2 36 200 O 30
2334 2330 2 12 65 O 10
4550 3561 2 5 26 O 20
4521 4522 2 33 178 O 30
4524 4523 2 23 126 O 10
1223 4525 2 40 219 M 30
4515 4526 2 43 236 M 30
1222 4527 2 30 166 M 10
4530 4520 2 25 137 M 10
4532 4531 2 47 256 O 10
4535 4534 2 19 104 O 20
2131 4536 2 33 181 O 20
4540 4539 2 28 152 O 20
4543 4541 2 26 144 O 10
4541 4542 2 8 43 O 30
1221 4515 2 4 22 O 10
4515 5390 2 28 154 O 30
5390 6036 2 27 147 M 20
6036 4414 2 9 49 O 10
4414 5356 2 6 31 O 10
5356 2136 2 43 236 O 20
4545 4544 2 24 132 O 10
4541 4546 2 33 178 O 30
4549 4547 2 13 68 M 20
4549 4548 2 46 252 O 10
1861 4553 2 41 224 O 10
4202 4201 1 1 3 M 20
4201 4200 1 3 15 O 20
4199 4200 2 3 16 M 20
4564 4565 2 3 12 O 30
2927 2929 2 3 15 O 30
2026 2421 1 2 0 C 0
4567 1575 1 2 0 C 0
4572 6538 2 40 219 M 20
6538 4571 2 7 39 O 20
4575 4573 2 25 135 M 30
4579 4578 2 22 117 O 20
4581 4580 2 64 352 M 30
4588 6787 2 133 733 O 20
4587 4585 2 39 216 O 30
4594 4593 2 144 800 O 20
2291 4594 2 26 141 O 10
4594 4596 2 68 374 M 30
4596 4593 2 4 17 M 20
4593 4595 2 31 170 O 10
5774 4605 2 25 137 O 10
2181 2182 2 80 443 O 10
3870 3871 2 15 0 C 0
4610 4607 2 5 23 O 30
2309 4607 2 4 21 O 30
4607 2323 2 56 311 O 10
1438 283 1 11 0 C 0
4615 4614 2 16 88 O 10
4614 4808 2 35 193 O 20
4808 4613 2 35 192 O 20
4613 4620 2 4 21 M 20
4620 4617 2 2 6 O 20
4617 4615 2 43 238 O 30
4615 4616 2 57 316 O 30
4616 4617 2 55 303 O 10
2333 4614 2 5 24 O 30
4613 4619 2 3 16 O 10
4620 4619 2 4 18 O 30
4619 4618 2 137 756 O 30
4627 4626 2 12 65 O 10
4628 4627 2 20 111 M 10
4627 4787 2 52 286 O 20
4629 4628 2 7 38 M 20
4628 4626 2 18 96 O 20
4626 2360 2 52 288 O 30
4632 4630 2 33 181 O 20
4622 4632 2 41 223 M 20
4632 963 2 48 262 M 20
963 4631 2 14 74 M 30
4633 6802 2 1 5 O 30
4642 610 2 20 108 O 10
610 4641 2 20 110 O 30
4644 4643 2 43 239 O 20
4886 4645 2 54 297 O 30
1453 1454 2 32 0 C 0
4655 3223 2 5 22 O 30
2189 3223 2 4 19 O 20
4653 4844 2 49 267 O 20
4657 4656 2 60 330 O 10
3222 4659 2 9 47 O 20
4659 4658 2 29 156 O 30
4663 4664 1 3 15 O 20
4942 4665 1 2 10 M 10
4670 4667 2 12 62 M 10
4667 4669 2 7 36 O 20
4669 4668 2 23 123 O 20
2891 4671 2 66 366 O 20
4836 4672 2 92 506 O 20
4673 4672 1 3 14 O 10
4672 4825 1 4 17 O 10
4825 4673 1 1 1 O 10
4675 4674 2 3 14 M 30
4674 4825 2 31 172 M 30
4677 4676 2 3 15 O 20
6527 4677 2 27 145 O 30
4676 4675 2 60 329 O 10
4687 4680 2 67 368 O 30
4680 4679 2 39 216 O 10
4682 4690 2 36 196 O 30
4684 4683 2 17 92 O 30
4688 4685 2 10 54 M 10
4689 4686 2 56 311 O 20
4681 4680 2 101 559 O 10
4692 4790 2 55 300 O 20
4790 4691 2 20 106 O 10
4696 4418 2 29 159 O 20
4698 4697 2 36 196 O 20
4700 4699 2 31 170 O 20
2267 4701 2 22 118 O 20
4693 4811 2 13 72 O 10
4703 4705 2 21 114 O 20
4710 4709 2 5 23 O 30
4709 4708 2 38 208 O 30
4718 4711 2 20 108 O 30
4713 4712 2 40 218 O 30
4715 4714 2 14 77 M 20
4704 4720 2 23 128 M 30
2781 4722 2 13 70 O 20
4722 4723 2 76 419 O 20
4723 5297 2 27 150 O 10
5297 4724 2 8 42 O 30
4724 4726 2 26 142 O 20
4726 4725 2 16 85 M 30
4729 4728 2 21 113 M 20
4731 4730 2 26 144 O 20
4733 4732 2 32 175 O 10
4735 4734 2 27 147 O 30
1997 4736 2 33 180 O 10
4738 4737 2 21 113 O 20
4740 4739 2 28 152 O 10
4741 4745 2 81 445 M 20
4745 4743 2 5 23 O 10
4743 4742 2 19 104 O 20
4742 5808 2 10 52 O 30
5808 4744 2 3 15 O 30
4592 4433 2 109 603 O 20
4748 4747 2 46 250 O 10
4750 4749 2 24 131 M 10
4751 37 2 112 620 O 30
37 4752 2 74 406 O 10
4755 4754 2 110 610 O 10
4758 4754 2 10 51 O 10
4754 4757 2 16 84 O 10
4757 4983 2 30 166 O 30
4983 4984 2 10 53 O 30
4758 2264 1 13 69 O 20
2264 4759 1 11 57 O 30
4759 4758 1 3 12 O 20
4763 4761 2 53 290 O 10
4760 4763 2 85 470 O 10
4763 4762 2 8 43 O 30
4765 4764 2 48 266 M 10
4770 4767 2 57 316 O 10
4767 4772 2 157 871 O 10
4772 4768 2 61 334 M 20
4772 4771 2 30 167 O 20
2029 3843 2 4 19 O 20
4784 4779 1 10 50 M 30
4785 123 1 4 18 M 30
123 124 1 7 35 O 10
124 4780 1 9 49 M 20
4780 126 1 10 50 O 30
126 122 1 6 32 O 10
122 4783 1 4 19 M 10
4783 4781 1 7 34 O 10
4781 4782 1 22 122 O 20
4782 5329 1 33 179 O 30
4786 4784 1 48 265 O 10
4784 4785 1 7 37 O 30
769 4789 1 6 31 O 30
4789 4788 1 6 32 M 30
4417 4790 2 46 254 M 10
4792 4791 2 39 212 O 10
4794 4793 2 27 147 O 10
4796 4795 2 27 148 O 10
1540 4798 2 25 138 O 20
4800 4799 2 23 127 O 10
4802 4801 2 37 201 O 20
4804 4803 2 52 287 O 30
2265 4805 2 42 229 O 10
4693 4694 2 28 150 O 10
4807 4806 2 27 149 M 20
605 606 2 26 141 O 30
606 607 2 14 73 M 20
607 605 2 10 54 O 20
4808 4809 2 29 157 O 20
4505 4810 2 7 33 M 10
4810 4809 2 5 28 O 20
4768 4769 2 3 13 O 30
4769 2335 2 51 279 O 10
2335 4766 2 28 151 O 10
4634 4813 2 22 119 O 30
4815 4814 2 26 141 O 10
4621 4816 2 47 258 O 10
4817 4481 2 51 279 O 20
4679 4687 2 78 433 O 10
2268 5933 2 41 226 O 30
5933 6456 2 35 190 O 30
6456 389 2 12 64 O 30
389 4821 2 12 62 O 10
4821 4302 2 60 332 O 20
4820 6816 2 15 82 M 10
6816 2270 2 15 82 O 30
3507 4823 2 92 508 O 20
4823 4822 2 21 112 O 10
4822 6786 2 32 173 O 20
2323 4827 2 57 314 O 20
4829 4828 2 47 260 M 20
4831 4830 2 35 192 O 10
2319 4831 2 18 99 M 30
4831 4835 2 3 15 M 30
4608 4832 2 30 166 M 20
4835 943 2 8 42 O 20
943 4834 2 129 713 O 30
4839 4837 2 16 87 O 20
4837 4838 2 36 197 O 20
4833 4824 2 24 129 O 20
4841 4840 2 38 211 O 10
3169 3166 2 11 57 M 20
3125 4846 1 4 22 O 20
4846 3138 2 12 64 O 20
3121 4847 1 5 23 O 10
4847 3126 1 4 21 O 30
3123 4848 1 4 19 O 20
4848 3122 1 4 18 O 10
3131 3143 1 5 23 O 30
3143 3132 1 4 21 M 20
3127 3133 1 4 21 O 30
3130 3127 1 4 22 O 10
3135 3136 1 4 22 O 10
3136 3129 1 5 23 O 10
4849 3092 1 5 24 O 20
3089 4849 1 5 23 O 30
4850 3093 1 6 30 O 10
3090 4850 1 6 32 O 10
4851 3095 1 6 32 O 10
3088 4851 1 6 30 O 20
3202 6817 2 5 23 O 20
6817 3203 2 5 23 M 30
5746 3549 1 15 78 O 30
3548 5743 1 5 24 O 20
3552 5745 1 19 103 M 20
3552 373 1 11 56 M 30
4859 91 1 13 0 C 0
4862 4864 1 6 0 C 0
91 4861 1 11 0 C 0
4863 4860 1 3 0 C 0
4865 1092 1 42 0 C 0
1092 4124 2 19 0 C 0
4872 697 1 2 0 C 0
695 3825 1 12 0 C 0
3214 4873 1 2 0 C 0
4874 4875 1 17 0 C 0
4875 4876 1 24 0 C 0
3827 4877 1 2 0 C 0
3876 3874 2 10 0 C 0
3956 4878 1 7 0 C 0
4883 2108 1 22 0 C 0
2108 2719 1 22 0 C 0
2721 4882 1 6 0 C 0
4882 4883 1 3 0 C 0
2720 2721 2 6 0 C 0
4647 4887 2 128 709 O 30
4648 941 1 14 0 C 0
941 4888 1 10 0 C 0
4888 1395 1 3 0 C 0
3851 4885 1 7 0 C 0
1183 6818 2 1 4 O 30
6818 4891 2 1 4 M 10
4898 3690 2 8 41 O 30
4895 309 1 4 17 O 10
4895 4894 1 6 29 M 30
3706 4895 1 15 78 O 20
4896 3706 1 19 102 M 30
310 4894 1 3 12 O 10
4894 4900 1 8 44 O 30
3705 311 1 11 57 M 30
4900 4898 1 5 28 M 20
4898 4899 1 2 10 O 10
4899 3691 1 2 10 O 10
3691 3705 1 5 27 O 10
4896 4901 1 2 9 O 20
4901 4897 1 1 5 O 10
4897 312 1 2 7 M 10
4902 4903 1 9 45 O 30
4903 3704 1 9 48 O 30
1385 4904 2 2 6 M 30
4905 4906 1 11 58 O 10
3703 4905 1 11 58 O 30
4906 1385 1 10 54 O 10
1385 4907 1 12 62 O 10
4907 4908 1 9 48 O 20
4908 3695 1 9 48 O 30
4665 4910 1 2 7 O 20
4909 4663 1 2 6 M 20
4909 3700 1 32 178 O 20
4666 4935 1 18 97 O 10
4666 4908 2 65 358 O 30
4912 4916 1 1 4 M 20
4915 2151 1 1 4 O 20
4919 4921 1 1 5 O 30
3440 4929 1 18 100 M 20
4929 305 1 18 95 O 10
306 3439 1 4 19 M 20
3439 4930 1 14 76 O 20
4930 3440 1 18 100 O 20
4922 4918 1 1 5 O 30
4921 4922 1 2 9 O 20
308 3438 1 3 13 M 30
3438 4914 1 21 116 O 10
4919 304 1 2 10 O 20
4918 4919 1 2 10 O 10
2151 316 1 2 8 O 10
4913 315 1 2 7 O 30
4912 314 1 2 9 O 10
4924 313 1 11 60 O 20
4914 2947 2 2 7 O 10
4920 5770 2 8 42 O 30
5770 1179 2 11 60 O 20
4920 4926 1 5 24 O 30
4933 4917 1 12 66 O 10
4917 307 1 3 11 M 10
4926 2149 1 5 23 M 10
4923 2947 1 6 32 O 20
4914 2150 1 10 52 O 20
4915 318 1 2 7 O 10
4916 4915 1 3 13 O 10
4925 4924 1 10 51 M 20
4892 4925 1 10 51 M 30
2147 2148 2 31 0 C 0
2148 1186 2 5 0 C 0
1186 1240 2 46 0 C 0
1240 4926 2 11 60 O 10
4930 4929 2 1 6 O 30
4931 317 1 11 56 O 30
4932 4923 1 9 50 O 10
4665 4666 1 34 183 O 10
4910 4911 1 2 8 M 10
4911 4909 1 2 6 M 30
4663 2317 1 1 5 O 10
2078 6819 2 2 6 M 20
6819 4928 2 2 6 M 10
2947 4933 1 10 51 O 10
4934 303 1 8 39 M 10
4935 4910 1 16 87 M 20
4941 4940 1 27 146 O 10
4940 4942 1 16 85 O 10
4948 3709 1 19 105 O 20
4944 4946 1 2 10 M 20
4948 4944 1 2 7 O 10
4946 2143 1 2 7 O 20
4947 5619 1 12 65 O 20
4945 4944 1 19 103 M 30
4946 3710 1 21 112 M 20
4947 4117 2 10 51 O 10
4949 4948 1 18 98 M 30
4950 4949 1 11 56 O 20
3711 4950 1 13 67 O 10
2932 2933 2 23 124 O 30
2669 2493 1 2 0 C 0
2668 4951 1 2 0 C 0
2494 2668 1 15 0 C 0
2292 4753 2 27 147 O 30
4753 4751 2 47 261 M 10
4953 5850 2 10 54 M 20
5850 4952 2 9 47 O 10
4955 4954 2 46 251 O 20
4958 6728 1 4 19 O 10
6730 4958 1 4 21 M 20
4960 4959 2 34 184 O 10
4962 4963 2 20 111 O 20
4962 4961 2 16 85 M 10
4964 4962 2 31 170 M 10
4966 4965 1 12 0 C 0
2681 4966 1 9 0 C 0
4592 4587 2 61 338 M 30
4967 4586 2 14 73 O 10
4595 4968 2 48 267 O 30
4595 4585 2 3 13 O 30
4590 4589 2 26 142 O 30
4555 4975 2 19 103 O 20
4977 4976 2 24 128 O 20
4576 4978 2 29 160 O 10
4980 4979 2 35 189 O 30
4973 4981 2 24 131 M 20
4570 4982 2 36 195 O 10
4757 4986 2 35 189 O 20
4986 4756 2 105 579 O 30
4985 4986 2 15 78 M 30
4986 4987 2 25 137 O 20
4989 4988 2 2 8 O 30
4990 4991 1 5 23 O 30
4992 4991 1 16 88 O 20
4991 4988 1 3 15 O 10
4988 4990 1 8 39 M 30
4990 4992 1 2 8 O 20
4640 4993 2 22 117 O 10
4637 4995 2 36 199 O 30
4659 4996 2 34 184 O 10
4998 4997 2 47 261 M 30
4636 4999 2 29 158 O 10
4654 5000 2 29 159 O 30
2120 5001 2 43 233 O 10
5003 5002 2 30 166 O 30
4449 5005 2 21 115 O 20
4495 5006 2 57 314 O 20
5008 5007 2 11 60 O 20
5010 5009 2 45 247 M 10
5012 5011 2 48 262 O 30
5004 5013 2 39 211 O 20
4639 5014 2 23 123 O 30
5016 5015 2 38 208 M 20
4635 5017 2 27 145 O 20
5019 5018 2 19 101 O 10
5021 5020 2 14 74 M 20
5023 5021 2 8 44 O 30
5021 5022 2 34 183 O 20
5025 5024 2 29 159 O 10
482 5030 2 45 247 O 20
4598 5031 2 23 127 O 30
5031 5032 2 9 48 O 10
5027 792 2 20 108 M 10
792 5033 2 23 124 O 30
5035 5034 2 19 104 O 30
4562 5035 2 10 52 M 20
5036 5035 2 8 39 O 10
5037 1546 2 26 143 O 20
4563 5038 2 43 235 O 20
5028 5039 2 32 177 O 30
5041 5040 2 65 357 O 10
5042 3693 2 41 223 O 30
4599 6497 2 6 30 O 30
6497 6500 2 9 46 M 20
6500 6501 2 18 99 O 10
5055 5054 2 8 43 O 20
5055 4600 2 11 60 O 20
5045 5044 2 37 200 O 10
5050 5051 2 2 11 O 30
3663 3662 2 41 228 O 20
5047 5046 2 31 169 O 20
5051 5049 1 5 25 O 10
5049 5048 1 17 91 O 10
5049 6820 2 6 30 M 20
6820 5048 2 6 30 O 30
5048 5050 2 8 41 O 20
5050 2924 1 7 36 M 30
2923 5051 1 7 36 O 20
5052 5053 1 3 13 O 30
5056 5055 2 39 216 M 20
4346 4345 2 18 94 O 30
4345 4351 2 3 12 O 20
4351 4348 2 14 73 O 30
4347 4348 2 3 15 O 20
2477 1654 2 2 11 O 20
3894 3895 2 8 41 M 30
3895 3899 2 2 11 O 30
3899 3896 2 10 51 O 10
3417 3416 2 7 35 O 20
1306 1324 2 6 30 O 10
1322 1316 2 2 10 O 20
1316 1306 2 4 18 O 30
5069 5070 2 40 217 O 30
2060 5071 2 32 172 O 20
2215 5072 2 52 285 O 20
5074 5073 2 30 165 O 10
5078 5076 2 4 21 M 10
5080 5078 2 6 33 M 10
5078 5077 2 57 315 O 30
5081 5080 2 3 16 O 20
5080 5077 2 35 189 O 30
5077 5079 2 17 92 M 20
5084 5083 2 46 254 O 20
5086 5085 2 34 187 O 20
5088 5087 2 32 177 O 30
5066 5065 2 29 160 O 30
5090 5089 2 48 264 O 20
5092 5091 2 38 211 O 20
5095 5094 2 14 75 O 30
5093 5095 2 13 68 O 20
5096 5095 2 31 167 O 30
5097 5874 2 30 162 O 10
5874 3421 2 33 178 O 20
5069 5099 2 27 149 O 20
5101 5100 2 11 61 O 20
2165 3023 2 4 22 O 20
5103 5102 2 23 125 O 30
5106 5105 2 13 71 O 10
5108 5105 2 17 91 O 20
5105 5107 2 16 86 M 20
4491 3427 2 17 94 O 10
5110 5109 2 21 114 O 20
3427 5111 2 10 51 M 30
2239 5115 2 26 142 O 20
5115 5090 2 50 277 O 30
3421 5114 2 18 98 M 10
4400 3421 2 15 81 M 30
3421 2050 2 35 189 O 20
3980 1652 2 5 25 M 10
5063 4138 2 48 262 O 20
4465 4464 2 83 459 O 10
4154 4126 2 73 403 M 10
4462 5113 2 15 82 O 20
5075 5076 2 8 40 O 20
5076 5080 2 4 22 M 30
5116 5115 2 13 71 O 20
3017 3018 2 4 22 O 20
5118 5117 2 5 24 O 20
4445 5069 2 45 247 O 30
5120 5119 2 34 187 M 10
5121 5082 2 36 198 O 30
5123 5122 2 7 35 O 20
5122 510 2 41 223 M 10
5126 3904 2 7 36 O 30
5128 5129 1 5 23 O 30
5128 3853 2 11 56 O 10
5140 5133 2 30 165 O 10
5138 5134 2 3 15 O 20
5137 5136 2 9 46 O 30
5136 5135 2 10 54 M 20
5139 5136 2 16 86 O 20
5136 5138 2 7 35 M 20
5138 5140 2 11 59 O 20
5142 5141 2 25 135 M 10
2728 3401 1 7 33 O 20
5145 5144 2 11 58 O 20
2806 5145 2 3 14 O 10
5144 5143 2 11 57 O 20
5146 6099 2 7 38 O 30
6099 6101 2 3 15 O 10
6101 4426 2 74 409 M 10
5148 5147 2 15 82 O 30
4559 5149 2 14 76 O 20
3376 5150 1 3 13 O 20
5150 3372 1 3 13 O 20
3373 5152 1 2 9 O 10
5152 5151 1 2 10 M 30
3374 2911 1 3 14 O 10
2911 5153 1 3 13 O 30
2713 5154 1 5 23 M 30
5154 2707 1 5 26 M 20
5155 2708 1 5 23 O 30
2711 5155 1 5 23 O 30
5156 2710 1 4 21 O 30
2709 5156 1 5 24 M 30
5157 2950 2 2 7 O 30
3653 484 1 29 156 O 30
484 5157 1 3 12 O 30
5160 5158 1 12 66 O 20
3653 3652 2 23 126 O 10
5157 5160 1 5 23 O 30
3401 3402 2 2 11 O 20
3401 2729 1 8 40 O 20
4756 5161 2 20 108 O 20
1730 5172 2 30 166 O 10
5173 1738 2 31 167 O 20
3339 3340 2 2 9 O 10
3340 5175 2 13 70 O 20
5177 5176 1 2 7 O 10
5176 5178 1 2 9 O 20
2916 2074 2 3 16 O 30
5182 5181 2 14 74 M 30
5181 5180 2 58 318 O 10
5192 5191 1 21 0 C 0
5191 5190 1 15 0 C 0
1989 1757 2 3 16 M 10
1756 1753 2 3 15 O 30
4334 4380 2 5 26 O 30
1493 1494 1 3 16 M 30
3721 1161 2 24 0 C 0
3104 3106 2 8 40 O 30
3106 3108 2 4 18 O 20
3108 5197 2 3 14 O 30
3102 3103 2 3 12 O 30
3103 3104 2 3 12 O 10
5198 3100 2 3 15 O 10
3100 3101 2 5 25 O 10
2755 5221 2 34 186 O 30
5221 2761 2 4 19 O 30
5203 5202 2 21 114 O 20
2754 861 1 7 35 M 10
3634 2777 1 11 61 O 20
2777 5213 2 2 8 O 20
5211 5212 1 19 104 O 20
5213 5210 1 9 46 O 20
5210 5211 1 6 29 M 10
5212 3631 1 16 87 O 20
2824 5218 2 9 46 M 20
2822 6451 2 36 196 O 30
2803 6743 2 9 50 O 30
6743 6562 2 9 46 O 10
6562 6560 2 3 13 O 30
6560 5219 2 2 7 O 10
5215 5214 1 3 0 C 0
5214 5217 1 3 0 C 0
1659 5215 1 2 0 C 0
5217 5216 1 2 0 C 0
4125 5193 2 172 952 M 30
5222 2780 1 4 17 O 10
2779 5222 1 4 18 O 30
2785 4721 1 4 19 O 30
4721 2778 1 4 21 O 30
2786 2783 1 4 18 O 30
2782 2786 1 4 18 O 20
5167 5223 1 4 17 O 10
2875 5165 1 3 15 O 10
5166 2879 1 4 19 O 20
2877 5167 1 4 18 O 20
5165 2876 1 4 17 O 30
2878 5166 1 4 21 O 10
2882 5170 1 3 16 O 30
5224 2885 1 3 13 M 10
5171 2881 1 4 21 O 10
5170 2883 1 4 17 M 10
2884 5224 1 3 14 O 30
2886 5171 1 4 18 O 20
3749 5225 1 5 0 C 0
1700 3749 1 5 0 C 0
5220 5226 1 7 38 M 10
5260 5261 2 9 47 O 30
5229 2751 1 2 8 O 30
2752 5229 1 3 15 O 30
5229 131 1 14 73 O 30
131 5230 1 28 155 M 20
5230 132 1 28 155 O 10
132 2751 1 13 70 O 20
5233 5232 1 15 81 O 20
5234 5233 1 13 71 O 30
5236 5235 1 1 5 O 10
5235 3296 1 5 26 O 20
3295 3294 2 8 42 O 20
3294 5232 2 2 9 O 10
5232 5234 2 2 6 O 10
5234 3314 2 6 32 O 10
3314 3296 2 4 21 O 10
3293 3299 2 4 18 M 20
3299 3300 2 3 15 O 20
3300 3302 2 4 18 O 30
3302 3304 2 4 18 M 10
3304 3305 2 4 17 O 30
3305 3307 2 4 17 O 30
3307 2909 2 7 37 M 20
2909 3295 2 6 31 O 10
1720 5239 1 4 20 O 20
5239 1726 1 4 17 O 20
5241 5240 1 4 17 O 20
2906 5241 1 4 18 M 30
5205 5243 1 6 30 O 20
5244 5245 1 7 34 M 20
5247 5248 2 11 59 O 20
3237 3242 2 3 16 O 20
3242 5246 2 10 52 O 10
5246 3236 2 3 12 O 30
5253 5249 1 1 3 M 30
5249 5250 1 2 8 O 30
5242 5251 1 16 86 O 30
5252 5242 1 12 63 O 30
3697 5253 1 7 36 M 10
5251 4601 1 12 66 M 10
5254 5252 1 6 28 O 20
5250 4602 1 15 81 O 10
4602 3342 1 15 81 O 10
4601 3699 1 13 67 M 10
5255 2224 2 7 0 C 0
2349 2350 2 4 20 O 10
5256 4344 2 7 39 O 10
4344 2349 2 5 26 M 10
5261 5262 2 13 68 M 20
5260 5227 1 24 132 O 10
5228 5262 1 10 52 O 30
5262 2747 1 10 52 M 20
5257 5259 1 2 8 M 30
2569 2567 1 10 52 O 30
5259 5258 1 24 128 O 30
5263 5257 1 14 75 O 10
5271 5263 1 21 116 O 10
5266 5270 1 9 47 O 20
5267 5266 1 18 99 M 20
5268 5267 1 7 36 O 20
5269 5268 1 18 99 O 20
2094 5269 1 9 50 O 30
5270 3628 1 9 47 O 30
3629 2094 1 10 50 O 10
3630 5271 1 21 111 M 30
5258 2094 2 37 205 M 30
5181 5272 2 26 139 M 10
5273 5183 2 15 82 M 10
5184 5273 2 40 221 M 10
5274 5275 2 8 39 O 10
5277 5276 2 2 10 O 30
5276 5274 2 18 97 O 20
5278 5279 1 2 10 O 10
2609 5278 1 2 9 O 30
5281 5280 2 3 12 O 30
5278 3473 2 4 19 O 20
5283 5282 2 49 272 O 10
5286 5284 2 10 50 M 30
5287 5286 2 12 63 M 30
5286 5285 2 29 157 O 10
5289 5822 2 1 3 O 10
5289 5288 1 6 28 O 20
3270 4000 2 3 12 M 20
5293 5294 1 2 6 O 30
5294 5291 1 2 8 O 30
5291 5292 1 2 7 O 30
5292 5293 1 3 12 O 10
5294 4409 2 5 26 O 20
4409 4408 2 6 29 O 20
4724 5295 2 19 104 O 20
5295 4726 2 14 75 O 10
5297 5296 2 63 345 M 30
4722 5298 2 25 136 O 30
5301 5300 2 11 61 O 10
5300 5299 2 8 41 O 10
4723 4724 2 48 262 O 30
5306 5302 2 1 4 O 20
5302 670 2 14 77 M 20
5313 5305 1 11 58 O 30
5305 5304 1 9 45 M 10
5304 4401 1 9 49 O 20
4401 5303 1 9 49 O 30
5303 5306 1 8 41 M 30
5306 5333 1 8 40 O 10
5333 5338 1 9 48 O 10
5338 5340 1 9 48 O 20
5340 5307 1 9 46 O 10
5307 5314 1 12 66 M 20
5320 5308 1 19 103 O 20
5317 5321 1 21 116 O 30
5309 466 1 27 145 O 20
466 5310 1 26 143 M 10
5322 28 1 26 143 O 20
28 30 1 3 13 O 30
30 5326 1 25 138 O 30
5311 5328 1 26 140 O 20
5327 5330 1 24 132 O 10
5319 5312 1 2 8 O 30
5312 5313 1 3 12 M 30
5313 5314 1 4 21 O 30
5314 5315 1 1 3 O 10
5315 5316 1 3 14 O 30
5316 5317 1 2 8 O 10
5317 5308 1 4 21 O 30
5308 5318 1 2 8 O 20
5318 5319 1 3 12 O 30
5323 5320 1 5 25 O 30
5320 5321 1 4 21 O 30
5321 858 1 1 5 M 10
858 918 1 3 14 M 20
918 5322 1 3 15 M 20
5322 5310 1 5 24 O 20
5310 5323 1 1 4 M 20
5328 5324 1 2 8 O 10
5324 5325 1 3 14 O 30
5325 5309 1 2 6 M 20
5309 5326 1 5 27 O 30
5326 5327 1 5 23 O 10
5327 5328 1 5 23 M 10
4778 4786 1 6 31 O 30
5331 5311 1 4 17 O 30
5311 5330 1 5 24 M 20
5330 4778 1 4 20 O 20
4778 5329 1 5 23 O 30
5329 5331 1 3 12 O 20
5701 5702 2 8 43 O 10
5702 5305 2 16 88 O 20
5305 5307 2 2 11 M 10
5304 5340 2 2 10 O 20
380 189 2 2 9 O 30
189 6159 2 26 141 O 10
6159 5303 2 24 130 O 10
5303 5333 2 2 7 O 10
4401 5338 2 2 9 O 30
5335 5334 2 34 188 O 10
5315 142 1 23 123 O 20
142 5336 1 5 27 O 30
5336 139 1 6 30 O 20
5338 5337 2 24 131 O 30
5340 5339 2 23 126 O 30
5307 5335 2 3 14 O 30
5335 5341 2 9 48 O 30
5341 5334 2 12 62 M 10
5342 5344 1 15 78 O 30
5343 5342 1 3 15 O 10
5345 5343 1 5 25 M 20
5344 136 1 14 73 O 20
136 134 1 6 32 O 20
134 3096 1 47 260 O 10
1982 158 1 5 27 O 30
158 135 1 8 40 O 30
135 151 1 7 35 O 10
151 138 1 6 32 O 10
138 3717 1 9 46 O 10
3717 5345 1 21 116 M 10
4550 6139 2 13 70 O 10
6139 5346 2 15 82 M 10
4529 4537 2 25 134 M 20
5529 4533 2 16 86 O 30
4238 5359 2 3 13 O 30
4370 1741 2 16 89 M 20
1741 3677 2 9 49 O 10
3677 1931 2 12 61 O 20
4260 5680 2 3 11 O 20
1949 203 2 18 96 M 10
203 1950 2 9 48 M 10
1950 1926 2 13 72 O 30
5526 5527 1 4 21 O 30
1339 5366 1 4 21 M 30
1911 1912 2 6 31 O 20
5370 6120 2 5 26 M 20
6120 6130 2 3 16 O 30
6130 6126 2 5 22 O 30
6126 6128 2 4 20 O 20
6128 6122 2 4 21 O 10
6122 6124 2 4 20 O 10
6124 5369 2 3 12 O 30
3929 3928 2 16 86 O 20
3926 3925 2 2 9 O 20
3925 5371 2 21 116 O 20
3927 5372 1 2 6 O 20
5373 3924 1 2 6 O 30
5374 5372 1 19 104 O 20
5372 5373 1 2 8 O 20
5373 5375 1 23 123 M 20
5377 5376 2 20 108 O 20
2962 2965 1 3 13 O 10
2965 2964 1 3 14 O 30
5351 5383 2 54 298 O 20
2130 5384 2 51 280 O 10
5357 5385 2 21 111 O 20
5386 2847 2 43 236 O 20
5388 5387 2 55 304 O 30
5390 5389 2 39 211 O 30
5392 5391 2 28 152 O 30
5394 5393 2 26 143 O 30
5396 5395 2 46 251 M 30
5399 5398 1 20 106 M 10
5400 5399 2 8 39 O 30
5398 5397 1 10 53 M 30
5397 5399 1 9 47 O 10
5403 5402 2 14 75 M 30
5406 5404 2 24 131 O 30
4528 5406 2 8 39 O 30
5404 5405 2 15 83 M 10
5405 5406 2 20 109 M 10
5380 5379 1 2 10 M 30
5379 5378 1 2 8 O 10
2938 3465 2 2 11 O 30
4242 4240 2 11 59 O 20
4243 4241 2 14 74 O 10
1932 3008 2 24 130 O 10
3008 4353 2 18 98 O 10
4354 3008 2 72 397 O 20
5411 5410 2 32 173 M 20
5413 5412 2 37 203 M 20
5415 5414 2 24 132 M 10
3544 5417 1 2 10 O 30
5417 5416 1 3 12 O 10
2178 2461 1 2 10 O 10
5428 5426 1 2 9 O 30
5426 2178 1 2 8 O 30
5427 3290 1 1 5 M 30
5426 5423 1 9 49 O 30
5425 2178 1 9 47 O 30
5423 5425 2 2 7 O 10
5424 5427 1 1 4 O 10
5423 6407 1 18 98 O 10
6407 5424 1 3 11 O 30
3290 5422 1 3 12 O 30
5422 5425 1 17 94 M 30
5429 1626 2 7 38 M 30
1377 4238 2 4 17 O 20
5359 5358 2 4 19 O 30
5358 1379 2 1 3 O 10
5430 1379 1 1 3 O 20
1379 5431 1 1 3 O 10
1833 1280 1 3 0 C 0
1301 5432 1 6 32 O 10
5432 1299 1 6 33 M 30
5440 5438 1 4 18 O 20
5438 5439 1 3 13 O 30
5439 5440 1 2 10 O 20
5360 5438 2 5 23 M 20
5441 5374 1 2 9 O 10
1923 5441 1 2 9 O 20
2942 3992 1 3 14 O 10
5443 5442 1 26 139 O 30
5442 2171 1 11 59 M 20
2171 5443 1 15 78 O 20
2941 5442 2 24 128 O 20
5445 5444 2 42 231 O 10
5447 5446 2 32 173 O 20
5449 5448 2 31 168 O 10
5451 2177 2 2 8 O 20
5451 5450 1 9 47 O 30
5452 5451 1 11 56 O 30
5453 5452 1 9 50 O 30
2176 5453 1 9 49 O 30
2621 5455 2 8 43 O 20
5455 2622 2 3 16 O 10
1986 3078 2 26 0 C 0
3078 2650 2 12 0 C 0
1987 3077 2 8 0 C 0
3077 1986 2 11 0 C 0
5467 4191 1 3 0 C 0
5471 2542 1 3 0 C 0
5478 2181 1 35 193 O 10
5481 5480 2 14 73 O 30
5480 5479 2 13 71 O 10
5483 5482 2 15 81 O 20
1856 4222 2 11 57 O 30
4222 4221 2 9 45 O 20
5488 4332 1 2 9 O 20
4330 5488 1 2 10 O 10
5490 5463 2 2 0 C 0
5463 6336 2 3 0 C 0
6336 5489 2 9 46 O 30
3530 714 1 6 31 M 20
714 5491 1 5 23 O 20
4015 5495 2 3 0 C 0
5495 5493 2 11 0 C 0
5493 5494 2 10 0 C 0
4321 4319 2 5 26 O 20
5499 5504 1 16 0 C 0
5505 5507 1 11 0 C 0
4273 5499 1 7 0 C 0
5503 5500 1 2 0 C 0
5504 5505 1 13 0 C 0
5507 5501 1 1 0 C 0
5506 5502 1 6 0 C 0
5502 5508 1 5 0 C 0
2623 4273 1 23 0 C 0
4273 5503 1 7 0 C 0
5508 5510 1 2 0 C 0
5510 1456 1 2 0 C 0
5501 5506 1 2 0 C 0
5514 1804 2 1 0 C 0
5519 2042 1 5 0 C 0
2042 5520 1 17 0 C 0
5520 5517 1 34 0 C 0
1497 2083 1 3 0 C 0
5517 1302 1 1 0 C 0
1302 5518 1 1 0 C 0
5521 5522 1 8 0 C 0
5524 5521 1 7 0 C 0
5522 5523 1 11 0 C 0
5523 1159 1 2 0 C 0
1159 3601 1 2 0 C 0
3601 3598 1 3 0 C 0
3598 2072 1 8 0 C 0
2072 5524 1 14 0 C 0
5524 2561 2 6 0 C 0
5527 5365 1 1 3 O 20
5364 5526 1 1 3 M 30
5528 5529 1 5 24 O 10
5529 5530 1 10 53 M 20
1332 5530 2 1 5 O 10
4082 5528 1 9 46 M 30
5534 5533 2 18 95 O 30
5536 5534 2 9 49 O 30
5534 5535 2 39 215 O 20
4025 5537 1 22 120 O 20
5537 1835 1 3 12 O 30
5539 5538 1 19 104 O 20
5538 6418 1 2 11 O 30
2206 4301 2 7 37 M 30
5058 3898 1 9 48 O 30
3898 3897 1 20 110 M 10
5543 5636 2 3 14 O 10
5636 5542 2 26 139 M 10
5542 5541 2 5 23 O 30
5546 1739 1 1 5 O 20
5545 4092 1 13 69 M 20
5546 5545 1 10 53 O 30
5547 5641 1 7 38 O 30
5641 5546 1 1 3 O 20
2140 5548 1 2 7 M 30
5548 5547 1 7 37 O 30
3446 5544 1 8 39 O 10
5544 2140 1 1 5 M 30
4093 5549 1 7 36 M 10
2136 5127 2 77 425 O 20
5127 6048 2 10 51 M 20
6048 6565 2 13 69 O 20
6565 2139 2 4 19 M 20
2139 5550 2 1 5 O 30
5549 5550 1 8 42 O 20
5550 5551 1 10 55 O 30
5551 2139 1 11 56 O 30
5553 2156 2 2 7 O 30
5552 5555 1 9 46 O 10
5553 5552 1 12 64 O 30
5554 5553 1 12 62 O 30
5562 5554 1 7 35 O 30
4116 5562 1 7 34 O 30
5555 4115 1 8 41 O 20
5558 2529 1 2 8 M 20
2141 5559 1 2 9 O 10
5556 5557 1 9 45 O 20
5557 5563 1 9 47 O 10
5558 352 1 2 10 O 10
5559 5558 1 3 14 O 10
5560 350 1 12 65 M 10
5561 5560 1 9 45 O 10
5563 6302 1 8 39 O 10
6302 3451 1 2 8 O 20
3449 5561 1 13 69 O 20
5565 5564 2 35 192 O 10
5567 5566 2 37 202 O 10
5569 5568 2 46 255 O 20
5570 5572 2 14 77 O 30
5573 5572 2 3 14 O 20
5572 5571 2 16 89 O 10
5576 6354 2 7 38 O 20
6354 6351 2 5 25 O 10
6351 5574 2 10 56 O 30
5574 5575 2 16 87 O 10
5578 5577 2 24 132 O 30
5580 5579 2 32 174 O 10
5582 5581 2 27 147 M 20
5584 5582 2 8 42 O 20
5582 5583 2 14 74 M 30
5586 5585 2 17 90 O 10
5588 5587 2 14 76 O 20
5590 5589 2 13 67 O 20
5593 5592 2 24 132 O 30
5595 5594 2 32 177 O 10
5597 5596 2 32 173 O 30
5599 5598 2 27 145 O 30
5601 5600 2 12 65 M 10
5603 5602 2 9 46 M 20
5104 1321 2 4 18 O 20
1321 1317 2 3 15 M 30
1317 1307 2 4 19 O 20
5604 5605 2 6 33 O 20
5606 5605 2 15 83 O 20
5608 5607 2 25 137 O 10
6565 5609 2 33 183 O 30
5611 5610 2 12 66 O 20
5615 5612 2 9 47 O 30
4727 5615 2 15 78 O 30
5615 5614 2 7 36 M 30
5614 5612 2 5 24 O 20
5612 5613 2 5 26 O 10
5613 6769 2 10 52 O 10
6769 5616 2 8 39 O 30
5618 5617 2 32 176 O 10
5619 4943 1 8 43 O 20
3709 2207 1 6 30 O 10
4943 4945 1 6 30 O 30
5621 5620 2 14 77 O 10
5623 5622 2 17 91 O 10
5624 4023 1 6 28 M 10
4023 1314 1 5 23 O 30
1309 1318 1 3 16 O 30
5625 1313 1 14 74 O 30
5627 5625 1 3 13 O 10
5625 5626 1 11 60 M 20
5626 1313 1 6 28 O 30
1313 5628 1 3 14 O 10
5629 1310 2 5 25 O 10
5630 1306 2 8 40 O 10
3896 3897 1 8 41 O 20
5632 5631 2 4 18 O 30
4352 4350 2 3 14 O 10
5633 1434 2 2 6 O 20
1286 5633 1 15 78 O 20
5633 5634 1 13 68 O 20
5634 1434 1 13 68 O 10
1434 1286 1 15 78 O 30
1429 1286 2 7 34 O 10
5635 1832 1 19 103 O 20
5637 5636 1 5 27 O 10
5642 3446 1 7 38 O 30
5642 5641 1 1 5 O 30
23 3447 1 3 12 O 20
3447 5642 1 9 48 O 30
5140 6821 2 3 16 M 20
6821 5133 2 3 16 O 10
5133 5135 2 2 6 O 20
5135 5139 2 5 24 O 20
5127 5140 2 11 56 O 30
5646 5645 2 9 48 O 10
5649 5647 2 19 103 O 10
5650 5649 2 17 91 O 20
5649 5648 2 4 22 O 10
5652 5651 2 12 62 O 20
5654 5653 2 3 13 O 20
4454 2128 1 3 15 O 20
2128 4455 1 3 15 O 30
2837 2836 1 2 11 M 20
877 1613 1 3 16 O 30
4584 1677 1 1 0 C 0
1676 4583 1 1 0 C 0
5656 5655 2 6 28 M 20
5658 5657 2 7 36 O 20
3241 5246 2 3 14 M 30
5659 3241 2 3 13 O 10
5660 5658 2 3 16 M 20
5658 5248 2 18 99 O 30
5662 5661 2 27 150 O 10
5661 367 2 19 101 O 20
5664 5663 2 17 90 O 30
5665 3164 2 15 83 O 20
5668 5667 2 6 33 O 10
5670 5668 2 4 19 O 20
5668 5669 2 6 33 O 30
5190 1610 1 6 0 C 0
4318 6348 1 3 0 C 0
6348 5192 1 2 0 C 0
5189 1612 1 12 0 C 0
1994 3087 2 3 0 C 0
1834 5573 2 12 66 O 30
5573 2934 2 13 71 M 10
2934 3481 2 5 24 O 30
3443 3349 2 3 17 O 20
3349 3444 2 3 14 O 30
2921 2920 2 6 28 O 20
1219 3361 2 4 19 O 30
3436 4914 2 5 24 O 20
2946 3474 2 5 23 O 30
3357 3358 2 5 24 O 10
3477 3360 2 5 23 O 10
2949 3479 2 4 19 M 30
3480 2949 2 4 21 O 20
3442 2919 2 4 19 O 30
3362 3478 2 5 26 M 30
3556 1884 2 7 37 O 10
4244 1924 2 9 49 O 20
3280 3463 2 4 18 O 30
3462 3274 2 3 13 O 10
3035 3034 2 3 14 O 10
3029 3030 2 4 17 O 30
3027 3028 2 3 13 O 30
4020 1885 2 7 38 O 20
3554 1886 2 8 42 O 30
1883 3984 2 4 17 O 30
5671 1958 2 7 36 O 30
5280 2609 1 5 26 O 10
3287 3471 2 3 13 O 20
3276 3288 2 4 17 O 30
3276 3470 2 4 21 O 20
3285 2937 2 3 15 O 30
3277 3469 2 3 13 O 10
226 3278 2 3 15 M 10
3467 3283 2 3 14 O 20
3283 3466 2 3 16 O 10
5378 21 1 7 38 O 10
22 2944 1 4 21 O 30
2944 5380 1 3 15 O 20
3286 3472 2 3 15 O 30
5441 3346 2 3 16 O 20
3019 3020 2 3 15 O 30
2959 3458 2 3 15 O 30
2976 2975 2 3 16 O 30
3347 3459 2 4 22 O 10
2978 2977 2 3 16 O 30
5673 3927 1 2 10 O 20
5674 3925 1 4 18 O 10
5675 1948 2 4 19 O 10
1949 2521 2 4 21 M 20
3456 2979 2 4 17 O 10
4002 4001 2 5 22 O 20
2972 2971 2 3 15 M 30
4262 4261 2 6 31 O 30
5679 757 2 2 6 O 10
757 5678 2 3 12 O 20
2850 758 2 3 12 O 30
758 5677 2 2 6 O 10
3453 3454 2 4 18 O 20
2161 3553 2 5 28 M 30
3026 3025 2 3 12 M 10
3562 3024 2 2 11 O 10
2162 4024 2 8 42 M 30
3022 3455 2 5 23 M 20
5682 1721 1 12 62 M 30
1721 5681 1 13 70 O 10
2563 5683 2 4 20 O 30
5684 2563 2 6 31 O 10
1729 5685 2 12 64 O 20
5176 4889 2 5 24 O 20
1744 1748 2 4 21 O 30
1745 5686 2 4 18 O 10
2999 3000 1 7 36 O 30
3003 3002 1 7 36 O 20
3671 1928 2 4 19 M 30
4376 1747 2 3 16 M 10
4335 4373 2 2 6 O 30
6784 4374 2 2 8 O 10
4375 1746 2 4 18 O 30
4370 4371 2 2 11 O 10
3364 3674 2 3 12 O 30
2230 5484 1 3 0 C 0
5688 2890 1 4 19 O 10
5690 5687 1 4 20 M 30
5687 5689 1 5 24 O 10
5689 5688 1 5 23 O 20
1473 1754 2 3 16 O 30
1993 1752 2 3 15 O 20
2993 2992 2 4 21 O 10
1989 1755 2 5 25 O 20
1992 48 2 5 24 O 10
2915 3227 2 8 44 M 10
2005 5691 2 5 24 O 10
2005 5692 2 5 25 O 20
3273 5693 2 4 19 O 30
3271 3272 2 5 22 O 20
5695 3266 2 4 20 M 10
3268 3269 2 4 21 O 10
2846 4270 1 5 23 O 20
1098 3845 2 3 13 O 10
2034 3410 2 4 18 M 20
1117 3830 2 3 16 O 10
1123 5699 2 3 16 O 20
4707 4706 2 37 204 M 20
4708 4707 2 17 92 O 10
4706 4709 2 15 83 M 30
4811 4812 2 3 13 O 10
4812 4693 2 9 48 O 30
5700 5701 2 12 67 O 20
5701 779 2 44 244 M 10
5710 5709 2 2 9 M 30
5714 2736 1 9 0 C 0
2735 5714 1 8 0 C 0
5714 5713 2 7 0 C 0
5713 5712 2 52 0 C 0
5712 5715 2 13 72 M 10
5717 5716 2 23 127 O 20
1479 5717 1 5 23 O 20
5721 5059 1 4 21 O 30
5718 5720 1 12 65 O 10
5721 5717 2 16 87 O 20
5720 5719 1 13 68 M 20
5721 5719 2 1 5 O 30
5719 5718 2 4 19 O 10
4314 5723 2 11 58 O 20
4313 5724 2 7 34 O 20
4312 5725 2 5 25 O 20
4311 5726 2 5 23 M 30
5727 4309 2 21 115 O 30
4315 5363 2 13 69 O 10
5457 5456 1 4 18 O 20
5738 5731 2 7 37 O 20
5734 5733 2 7 34 O 30
5733 5732 2 14 73 O 20
5737 5735 2 12 63 O 30
5736 5737 2 6 32 M 20
5740 5739 2 7 37 O 20
5739 5738 2 5 24 O 30
5738 5733 2 2 10 O 20
5733 5737 2 6 30 O 10
1381 5403 1 10 51 O 30
5743 5744 1 4 18 O 30
5742 6681 1 10 50 O 20
6681 5746 1 20 110 O 30
5746 375 1 9 48 M 10
5743 374 1 3 14 O 20
5744 3551 1 5 24 O 10
1890 5752 2 12 61 O 30
1946 5753 2 19 101 M 20
6581 2913 1 4 21 M 20
1205 2887 2 45 246 O 30
5754 1382 1 14 77 O 20
5403 5742 1 18 96 O 20
5759 5756 2 4 20 O 30
5758 5757 2 6 31 O 10
5761 5758 1 4 17 O 30
5758 5759 1 11 59 O 10
5759 5760 1 4 20 O 20
2298 3513 2 4 17 O 20
3512 3511 2 4 20 O 10
1545 4458 2 11 56 O 20
4458 3514 2 5 27 O 20
2297 5762 2 3 15 M 20
4456 4454 1 8 42 O 30
4455 3483 1 8 44 O 30
2269 2271 2 6 32 O 30
3892 4286 2 5 25 M 10
4372 1929 2 2 9 O 30
4227 1503 2 2 7 O 20
4228 3289 2 2 6 O 30
4357 4366 2 3 12 O 30
3672 1740 2 7 35 O 30
4362 4363 2 3 12 O 10
4360 4361 2 2 10 O 30
4355 4356 2 2 11 O 30
2330 2324 2 9 49 O 20
2324 609 2 36 196 O 30
609 4505 2 40 218 M 20
4505 1542 2 27 148 O 30
1543 4681 2 83 458 O 30
4681 3512 2 6 29 O 30
3512 6527 2 82 454 O 10
6527 6528 2 37 202 O 20
2122 2121 2 32 172 O 30
3408 4377 2 2 7 O 10
4364 4365 2 3 13 M 30
3675 1741 2 4 18 O 10
3677 3676 2 4 18 O 30
4276 4275 2 3 11 O 20
5767 5765 1 15 79 O 10
5767 5768 2 3 13 O 30
5765 5766 1 5 24 O 10
5766 5767 1 15 78 O 20
5770 5769 2 28 153 M 30
5771 2832 2 7 37 O 10
1349 1353 2 3 14 O 20
5199 5772 1 3 15 M 20
1917 1962 2 22 119 O 10
4605 4603 2 17 93 M 10
5775 5776 2 8 41 O 30
1394 6034 2 25 138 O 20
6034 1386 2 17 90 O 30
1386 1391 2 26 143 O 20
1391 70 2 41 227 M 10
70 1393 2 17 93 O 10
4597 5777 2 19 101 M 20
5778 5779 2 20 110 O 20
2261 5780 2 28 152 M 30
2307 4446 2 17 89 O 30
4446 4826 2 65 357 O 10
4826 2308 2 12 66 O 20
2319 5023 2 87 479 O 20
5023 2320 2 27 146 O 30
2308 5041 2 3 11 O 20
5041 4447 2 70 387 O 30
4447 2319 2 30 166 M 30
5781 4622 2 156 866 O 30
4622 4582 2 83 458 O 30
210 219 1 3 0 C 0
219 211 1 18 0 C 0
211 212 1 136 0 C 0
212 214 1 19 0 C 0
214 213 1 87 0 C 0
213 6767 1 63 0 C 0
6767 3852 1 74 0 C 0
6555 4104 2 3 0 C 0
4104 6557 2 23 0 C 0
5794 3485 1 7 38 O 10
5798 5799 2 5 25 O 30
5799 5800 2 11 56 M 10
5800 5801 2 4 21 O 10
5801 5799 2 8 39 M 20
5435 6586 2 7 35 O 20
6586 3080 2 2 7 M 20
5803 5802 2 8 42 M 30
5804 5803 2 12 66 O 20
4577 5804 2 20 108 O 20
4568 5805 2 19 101 O 20
5591 5806 2 22 121 O 20
5808 5807 2 34 184 O 10
5809 5811 2 19 101 O 20
4745 5811 2 34 184 O 10
5811 5810 2 18 99 O 30
5810 5809 2 2 11 O 10
4742 5812 2 9 46 O 20
5812 4743 2 14 72 M 20
5816 5815 2 8 41 O 30
5814 5813 2 34 186 O 20
5717 5823 2 15 82 O 20
4717 4716 2 6 31 O 20
4719 4718 2 2 10 O 10
4717 5824 2 10 55 O 30
4974 5846 2 11 60 O 10
5851 5850 2 12 65 O 30
5855 5857 2 9 45 O 10
5858 5857 2 3 13 O 30
5857 5856 2 7 39 O 20
5856 5855 2 5 26 O 10
2043 5859 2 35 193 O 20
5861 5860 2 6 28 O 30
5862 5863 1 10 54 O 10
5866 5865 1 11 61 O 10
5865 5862 1 18 100 O 20
5868 5860 2 6 33 O 10
5860 5865 2 20 107 O 30
5865 5864 2 7 36 O 10
5864 5862 2 2 9 O 30
5862 5867 2 4 19 O 30
5870 5869 2 4 19 O 30
5872 5870 2 6 31 O 20
5870 5871 2 4 19 M 10
5874 5873 2 19 102 O 20
5879 5876 2 4 20 M 30
5876 5878 2 11 60 O 10
5878 5877 2 18 95 O 20
5877 5876 2 8 39 M 10
5884 5880 2 19 101 O 30
5886 5885 2 23 123 O 30
5892 5891 2 5 27 O 10
5894 5898 2 13 70 O 20
5898 5893 2 5 25 O 30
5897 5896 2 6 28 O 10
5896 5895 2 8 39 O 20
5899 5891 2 15 78 O 20
5891 5896 2 12 65 O 20
5896 5898 2 5 23 O 20
5902 5901 2 5 26 O 10
5907 5901 2 2 8 O 10
5901 5903 2 16 86 O 20
5905 5904 2 6 31 O 20
5908 5907 2 6 29 M 10
5907 5904 2 17 90 O 30
5904 5906 2 5 24 O 30
4466 5909 2 14 74 O 20
5911 5910 2 37 201 O 10
5916 5912 2 7 36 O 10
5914 5915 2 9 49 O 10
5915 5913 2 3 16 O 10
5917 5916 2 9 48 O 20
5916 5915 2 11 59 O 20
5918 5920 2 12 61 O 20
5919 5920 2 10 53 O 30
4972 5920 2 10 51 M 10
5922 5921 2 10 54 M 30
5924 5922 2 9 50 M 20
5922 5923 2 8 42 O 10
5926 5925 2 8 39 O 30
5928 5926 2 10 54 O 10
5926 5927 2 13 69 O 20
4678 5929 2 23 125 O 30
5933 5932 2 16 84 O 20
5936 5935 2 5 24 M 30
5937 5936 2 8 40 O 20
5936 5941 2 3 15 M 20
5940 5938 2 4 19 O 20
5942 5941 2 7 36 O 20
5941 5940 2 12 61 O 10
5940 5939 2 4 20 O 30
5945 5943 2 11 57 O 10
5946 5942 2 7 36 O 20
5942 5935 2 6 31 O 20
5935 5937 2 5 27 O 30
5937 5945 2 9 46 O 10
5945 5944 2 12 62 O 20
5948 5947 2 19 104 O 30
5949 5948 2 6 28 M 20
5948 5950 2 23 123 O 20
5951 5950 2 11 58 M 20
5950 5947 2 9 45 O 30
5947 5949 2 23 125 O 10
5953 5952 2 28 155 O 20
5954 5953 2 28 155 O 30
5953 517 2 9 49 O 10
517 394 2 2 8 O 30
394 5207 2 5 26 O 20
5955 5958 2 6 31 O 10
5959 5957 2 2 7 M 30
5956 5957 1 23 123 M 10
5957 5958 1 9 48 O 30
5961 5960 2 8 41 O 10
5963 5962 2 4 19 M 10
5965 5961 2 14 74 O 10
5961 5963 2 10 53 O 30
5963 5964 2 7 36 M 30
5975 5966 2 6 32 O 30
5967 5971 2 3 15 O 10
5969 5968 2 3 12 O 30
5971 5970 2 3 14 O 10
5974 5972 2 2 10 O 20
5976 5975 2 6 30 O 20
5975 5971 2 7 34 O 30
5971 5969 2 3 15 O 30
5969 5974 2 8 40 O 20
5974 5973 2 5 25 O 30
5978 5979 2 9 47 M 30
5979 5980 2 1 6 O 20
5980 5984 2 5 23 O 20
5985 5978 2 4 21 O 10
5978 5984 2 5 22 O 10
5977 5978 2 20 107 O 20
5981 5979 2 6 30 O 20
5984 5981 2 14 76 O 10
5981 5980 2 6 28 O 30
5988 5986 2 8 43 M 20
5989 5988 2 25 138 O 10
5988 5987 2 13 71 O 20
5991 5990 2 9 47 O 10
5994 5992 2 4 18 O 20
5995 5994 2 10 50 O 30
5994 5993 2 11 57 M 10
5997 5996 2 19 102 O 30
5999 5998 2 15 82 O 20
6001 5999 2 12 65 O 30
5999 6000 2 2 6 O 10
6003 6001 2 4 19 O 10
6001 6000 2 11 58 O 20
6000 56 2 1 4 M 20
56 6002 2 7 34 O 20
4518 763 1 2 8 O 20
6004 6006 1 17 92 M 20
1981 6006 2 5 27 O 30
6006 6005 1 10 53 O 20
6005 6004 1 11 57 O 20
6025 6007 2 18 100 O 20
3207 6025 2 19 102 O 10
6025 6024 2 9 45 O 20
6009 6008 2 10 50 M 30
6011 6010 2 16 86 O 20
6013 6012 2 12 65 O 30
6016 6014 2 14 73 O 20
6017 6016 2 6 31 M 30
6016 6015 2 21 116 O 30
6020 6018 2 4 22 O 30
6021 6022 2 8 40 O 20
6022 6020 2 6 33 O 30
6020 6019 2 13 67 O 20
6023 6022 2 3 16 M 10
6026 6028 2 3 16 O 10
6029 6030 2 5 27 O 30
6030 6028 2 3 15 O 30
6028 6027 2 16 85 O 10
6031 6026 2 10 51 O 30
6026 6030 2 3 15 O 30
4517 6031 2 4 17 O 10
6031 6032 2 4 21 O 10
6034 6033 2 12 63 O 30
6036 6035 2 15 82 O 30
4414 6035 2 6 29 O 30
6035 6037 2 19 102 M 10
6040 6038 2 15 80 O 20
5739 6040 2 8 40 O 20
6040 6039 2 6 32 O 30
5614 6041 2 18 98 M 10
5613 6042 2 4 20 M 30
6047 6046 2 6 31 O 10
6048 6043 2 5 24 O 20
6043 6047 2 4 18 O 20
6044 6043 2 8 43 O 10
6046 6045 2 3 13 O 20
6045 6047 2 4 17 O 30
6050 6049 2 43 238 M 20
6052 6051 2 32 174 O 30
2809 6053 2 8 44 M 10
6055 6054 2 14 76 O 10
6057 6056 2 16 85 M 10
6066 6065 2 18 97 O 10
6064 6058 2 7 34 O 20
6058 6060 2 13 72 O 30
6060 6059 2 12 61 O 30
6059 6058 2 4 19 M 30
6063 6061 2 26 140 O 10
2814 6064 2 9 45 O 10
6064 6063 2 5 27 M 10
6063 6062 2 56 308 O 10
6068 6069 2 2 8 O 30
6069 6067 2 9 45 O 20
6070 6069 2 15 79 O 30
6072 6071 2 14 75 O 30
6074 6073 2 12 66 O 30
2815 6075 2 12 66 O 30
6077 6076 2 16 83 O 10
6092 6094 2 6 28 O 20
6080 6079 2 7 37 O 30
6091 6081 2 6 31 O 10
6082 6090 2 8 40 M 30
6089 6083 2 15 78 O 30
6085 6086 2 2 7 M 30
6086 6084 2 4 22 O 10
6087 6088 2 2 8 O 30
6088 6086 2 9 46 O 10
6094 6095 2 4 19 O 10
6095 6080 2 3 15 O 30
6080 6078 2 3 15 O 10
6078 6079 2 2 7 O 30
6079 6091 2 2 7 O 30
6091 6090 2 3 14 O 30
6090 6089 2 12 62 O 30
6089 6084 2 4 20 O 30
6084 6088 2 7 34 O 20
6094 6093 2 3 12 O 30
6093 6092 2 3 14 O 10
2810 6095 2 12 63 O 20
6098 6096 2 7 38 O 30
4818 6098 2 10 54 O 30
6098 6097 2 13 68 O 30
6101 6100 2 5 27 O 30
6100 6099 2 8 39 O 30
6104 6103 2 3 14 M 30
6103 6102 2 9 48 O 20
6106 6105 2 7 38 O 20
6108 6107 2 7 37 M 30
6110 6109 2 7 37 O 10
2077 6106 2 10 54 M 20
6106 6112 2 3 16 O 10
6112 6108 2 4 19 O 20
6108 6110 2 3 16 O 20
6110 6111 2 10 53 O 20
2076 6112 2 7 38 O 30
6114 6115 2 23 124 M 10
6115 6113 2 25 138 O 30
6116 6115 2 6 28 O 10
6120 6117 2 5 23 O 10
6117 6119 2 12 62 O 30
6119 6118 2 7 38 O 30
6118 6117 2 4 21 O 30
6122 6121 2 7 38 O 20
6124 6123 2 6 28 O 20
6126 6125 2 9 50 M 30
6128 6129 2 8 39 M 10
6129 6121 2 5 28 O 30
6121 6123 2 4 19 M 20
6123 6127 2 2 9 M 20
6130 6125 2 15 80 O 20
6125 6129 2 4 20 O 10
6131 6132 1 12 63 M 10
6133 6132 2 16 88 O 10
6132 6137 2 3 16 O 20
6137 596 2 8 44 O 20
596 595 2 6 31 O 10
6136 6134 2 8 44 O 10
6138 6136 2 1 4 O 10
6136 6135 2 3 16 M 20
6135 6134 2 4 20 O 10
6138 6137 2 4 18 O 30
6134 6138 2 10 55 O 30
6140 6139 2 10 54 O 30
6143 6145 2 11 61 M 20
6146 6145 2 4 21 M 10
6145 6144 2 20 110 O 10
4048 6147 2 11 56 O 30
6148 6149 2 16 85 O 30
6149 1979 2 7 34 O 20
6150 6149 2 9 45 O 20
6153 6152 2 16 86 O 20
5343 6153 2 4 17 O 20
6153 6154 2 14 76 O 30
6154 6152 2 15 82 M 20
6155 5304 2 54 297 O 10
6157 6156 2 8 42 O 20
6158 6159 2 8 44 O 10
6159 6156 2 4 21 O 20
6156 5302 2 28 153 O 20
6162 6161 2 11 58 O 20
6164 6163 2 22 121 O 10
6165 6170 2 9 45 O 20
6166 6167 2 5 26 M 30
6167 6169 2 50 274 O 10
6168 6165 2 6 31 O 30
6165 6167 2 38 207 O 10
6171 6170 1 3 15 O 30
6170 6169 1 5 25 O 30
6169 6172 1 5 25 M 10
6172 6171 1 1 5 M 20
6173 6172 2 25 135 O 20
6174 6177 2 7 36 O 20
6177 6176 2 7 38 O 30
6176 6174 2 8 43 O 30
6174 976 2 6 31 O 30
976 6175 2 3 11 O 30
6178 6182 2 9 49 O 30
6180 6178 2 4 19 O 10
6178 6179 2 6 31 O 30
6182 6179 2 8 42 O 10
6179 6181 2 39 213 O 20
6184 6183 2 9 49 O 20
6188 6187 2 24 133 O 10
6186 6185 2 14 77 O 20
6190 6189 2 10 50 M 30
6192 6191 2 4 18 O 20
6194 6193 2 12 65 M 10
6196 6195 2 11 60 O 30
6198 6197 2 10 51 M 30
6200 6199 2 5 24 O 20
6210 6212 2 9 48 O 10
6215 6213 2 3 16 M 30
6213 6210 2 8 41 M 20
6202 6201 2 5 27 O 20
6204 6203 2 7 38 M 30
6206 6204 2 6 32 O 30
6204 6202 2 9 49 O 20
6202 6205 2 3 12 M 30
6207 6214 2 15 82 O 20
6212 6208 2 7 36 M 30
6213 6209 1 12 65 M 20
6212 6211 2 5 23 M 30
6211 6210 2 12 63 O 10
6215 6209 1 4 18 O 10
6209 6214 1 3 14 O 30
6216 6215 1 6 32 O 20
6219 6217 2 6 28 O 20
6220 6219 2 10 53 O 10
6219 6218 2 17 94 O 20
6222 6221 2 11 61 O 20
6224 6223 2 14 73 O 20
6226 6225 2 7 39 O 30
6228 6227 2 7 37 M 30
6231 6229 2 7 33 O 20
4220 6231 2 2 10 O 20
6231 6226 2 12 62 M 20
6226 6228 2 4 17 O 30
6228 6257 2 8 39 O 20
6257 6230 2 2 9 M 10
6234 6232 2 14 75 O 30
4222 6234 2 3 14 O 10
6234 6233 2 14 73 M 30
6237 6235 2 7 39 O 10
4218 6237 2 2 8 M 20
6237 6236 2 7 37 O 20
6239 6238 2 22 119 O 10
6241 6240 2 13 70 O 10
4219 6239 2 1 4 O 30
6239 6240 2 3 14 O 10
6240 6242 2 13 69 O 20
6242 6241 2 3 12 O 20
5473 6243 2 8 43 O 20
6245 6244 2 18 96 O 20
6247 6246 2 7 37 O 20
6249 6248 2 7 37 O 20
6251 6250 2 7 37 M 20
6253 6252 2 7 37 M 30
6255 6254 2 6 32 O 10
6257 6256 2 7 34 O 10
6265 6258 2 10 52 M 30
6260 6259 2 9 50 O 10
6262 6258 2 6 29 O 20
6258 6259 2 3 14 O 30
6259 6261 2 9 50 O 10
6263 6262 2 10 54 O 30
6262 6244 2 7 35 O 20
6244 1998 2 4 21 O 10
5472 6247 2 5 26 O 20
6247 6249 2 4 17 O 30
6249 6253 2 3 17 O 20
6253 6251 2 3 12 O 10
6251 6255 2 3 16 M 20
6255 6260 2 2 8 O 10
6260 6265 2 3 15 M 20
6265 6230 2 2 9 O 10
6230 6263 2 4 19 O 10
6263 6264 2 10 50 O 20
6267 6266 2 21 116 O 30
6268 5407 2 11 56 O 30
6270 6269 2 11 56 O 20
6276 6275 1 10 54 O 20
6275 6272 2 10 55 O 30
6272 6274 2 7 34 M 30
6275 6271 1 5 24 O 10
6271 6276 1 6 33 O 30
6273 6272 2 4 17 O 20
6277 6276 2 4 21 O 30
6282 6281 2 8 44 O 10
6278 6279 2 3 12 M 30
6279 6281 2 7 36 O 30
6281 6280 2 8 39 O 30
6280 6279 2 6 32 O 30
6284 6283 2 4 22 O 20
6287 6285 2 6 29 O 20
6288 6287 2 3 16 M 20
6287 6286 2 14 75 O 10
6291 6283 2 5 27 M 10
6283 6290 2 3 15 O 10
6290 6288 2 3 15 O 30
6288 6289 2 6 29 O 30
6293 4028 2 11 59 O 10
4028 6292 2 8 41 O 30
6295 6296 2 3 12 O 30
6296 6294 1 17 91 O 30
3451 6297 1 7 37 O 20
6297 6296 1 12 64 O 30
6298 6297 2 19 104 O 10
6300 6299 2 6 31 O 20
6302 6299 2 9 47 O 10
6299 6301 2 5 25 O 10
6303 6307 2 11 60 M 10
6305 6304 2 10 53 O 30
6308 6307 2 5 26 O 20
6307 6305 2 6 30 O 30
6305 6306 2 3 16 O 10
6309 6311 2 5 26 O 30
6312 6311 2 6 31 M 10
6311 6310 2 13 67 O 20
6314 6313 2 29 158 O 20
6316 6315 2 6 29 O 20
6318 6316 2 4 18 O 20
6316 6317 2 9 48 O 30
6320 6318 2 4 18 O 30
6318 6319 2 10 52 O 10
6323 6321 2 4 22 M 10
6324 6323 2 28 153 M 20
6323 6322 2 8 40 O 20
5264 5182 2 44 239 O 30
6327 6325 2 24 131 M 20
6328 6327 2 18 97 O 20
6327 6822 2 2 6 M 30
6822 6325 2 2 6 O 30
6325 6326 2 7 34 O 10
6330 6329 2 11 58 O 10
6332 6331 2 6 29 O 30
6334 6332 2 5 24 O 30
6332 6333 2 8 44 O 10
6336 6334 2 3 0 C 0
6334 6335 2 9 45 O 30
6338 6337 2 11 58 O 30
6340 6339 2 5 25 O 30
6342 6339 2 10 53 O 30
6339 6341 2 6 29 O 10
6344 6342 2 6 28 O 20
6342 6340 2 6 33 O 10
6340 6343 2 5 26 O 10
6346 6345 2 26 142 O 30
6347 58 2 7 35 O 30
6351 6350 2 8 41 M 10
6353 6350 2 9 45 M 20
6350 6352 2 4 19 O 30
5574 6353 2 1 4 O 30
6353 6352 2 17 90 O 30
6352 6354 2 9 46 O 30
6356 6355 2 10 50 O 30
6358 6357 2 12 63 O 20
6360 6359 2 9 48 O 30
6362 6361 2 8 41 O 30
6364 6363 2 5 25 O 20
6365 1233 2 28 152 O 20
6367 6364 2 6 33 O 20
6364 6366 2 17 93 O 20
6369 6368 2 11 58 O 20
6371 6369 2 3 13 O 10
6369 6370 2 8 41 M 30
6373 6372 2 12 64 O 30
6375 6374 2 4 19 O 20
6376 6375 2 4 21 O 30
6375 1618 2 10 52 M 30
6378 6377 2 10 52 O 30
6379 6378 2 40 219 M 10
6378 6823 2 3 13 O 30
6823 6377 2 3 13 O 30
6381 6380 2 18 100 O 30
6383 6382 2 4 19 O 20
6385 6382 2 16 89 M 20
6382 6384 2 2 6 O 20
6387 6386 2 15 80 O 20
6389 6388 2 18 98 O 30
6391 6390 2 6 32 M 20
5784 1507 1 2 0 C 0
1506 5784 1 1 0 C 0
3941 3938 2 2 0 C 0
2082 2584 2 3 0 C 0
2584 1501 1 18 0 C 0
5474 1504 2 6 31 O 20
3521 5477 1 6 31 O 30
5477 3713 1 2 6 M 30
6406 6398 1 4 20 O 30
6395 6405 1 10 50 O 20
6405 6396 1 10 51 O 30
6401 6406 1 4 21 O 10
6397 2213 1 14 77 O 20
6419 6394 1 15 79 M 20
6403 6400 1 4 18 O 30
6399 6403 1 4 18 O 30
6404 6662 2 15 81 O 20
6662 6664 2 3 12 O 30
6664 6403 2 16 86 O 10
1266 6404 1 4 19 O 20
6402 6398 1 2 8 O 30
6398 6397 1 1 4 O 20
6397 6394 1 3 16 M 30
6394 6399 1 1 4 M 30
6399 6400 1 3 16 O 20
6400 6395 1 1 4 O 10
6395 6396 1 3 16 O 30
6396 6401 1 1 4 O 10
6401 6402 1 2 8 O 30
6404 1270 1 4 17 O 30
2213 359 1 6 33 O 10
5422 6407 1 1 5 O 30
6407 4368 1 4 19 O 10
6409 6408 2 6 32 M 30
6413 6408 2 26 144 O 20
6408 6410 2 12 63 M 30
6412 6411 2 11 58 O 30
6414 6416 2 14 73 O 30
6416 6415 2 2 11 M 10
6415 6409 2 15 78 O 30
6409 6411 2 4 18 O 20
6411 6413 2 18 98 O 10
6413 6412 2 26 141 O 10
6412 6414 2 44 239 O 30
3290 6415 1 8 43 O 20
6416 5422 1 8 44 O 10
358 6417 1 3 12 O 30
6417 6419 1 4 21 O 30
6421 6420 1 10 50 O 30
6423 6422 1 11 58 O 20
6424 5537 1 2 6 O 20
5537 6418 1 2 11 O 30
6425 6421 1 15 82 O 20
6421 354 1 5 26 O 30
355 6422 1 5 25 O 20
6422 6426 1 15 78 O 20
6429 6430 1 3 13 O 30
6430 6425 1 5 26 O 10
6425 6426 1 4 19 O 20
6426 6427 1 2 6 O 20
6427 6428 1 4 19 O 20
6428 6429 1 2 7 O 10
6431 6430 1 21 112 O 10
6429 6433 1 21 112 M 30
2852 6432 1 1 5 O 20
6432 6435 1 4 20 O 10
6435 6431 1 5 26 M 20
6431 6433 1 4 18 O 30
6433 6434 1 2 6 M 10
6434 2852 1 4 17 O 20
2851 6435 1 5 23 O 30
6432 2851 1 5 24 O 30
6434 2853 1 5 25 O 20
2853 2854 2 41 227 O 20
6437 6436 2 38 209 M 30
2053 6439 2 41 223 O 20
6439 6438 2 9 45 M 30
6438 2053 2 5 23 O 20
2044 6440 2 19 103 O 20
6441 4415 2 21 116 O 30
6443 6442 2 11 59 M 20
6445 6444 2 30 163 O 20
6447 6446 2 26 144 O 20
6448 5163 2 11 60 O 10
5163 6449 2 6 33 O 30
6450 6449 2 3 15 O 20
6449 5162 2 12 66 M 10
6452 2051 2 16 83 O 10
6455 6454 2 15 80 O 30
6454 6453 2 6 33 O 20
6453 6455 2 3 15 O 20
6455 6456 2 22 120 O 30
6458 6457 2 36 197 M 10
6460 6459 2 16 89 M 10
6459 4429 2 8 41 O 30
6462 6461 2 41 224 O 10
6464 6463 2 17 92 O 30
6466 6465 2 56 309 O 20
6468 6467 2 11 59 O 30
6470 6469 2 16 86 O 20
4483 6471 2 22 120 O 10
6471 6472 2 4 19 M 20
6471 6473 2 9 45 M 30
6473 6472 2 6 32 O 20
6475 6474 2 19 101 O 30
6477 6476 2 29 159 O 30
4845 6478 2 23 125 O 10
6479 4538 2 30 164 O 10
6481 6480 2 20 110 O 20
6482 6483 2 9 45 M 10
6485 6482 2 8 44 O 10
6482 6484 2 3 15 O 20
6484 6483 2 6 29 O 10
6487 6486 2 42 229 O 30
6490 6491 2 18 98 O 20
6496 6489 2 5 25 O 10
6495 6490 2 27 145 O 20
6490 6493 2 12 63 O 10
6493 6491 2 3 14 O 10
6491 6492 2 6 33 O 20
3184 6496 2 20 109 O 30
6496 6495 2 7 37 M 10
6495 6494 2 7 38 O 30
6498 6497 2 19 104 M 30
6500 6498 2 31 169 O 30
6498 6499 2 6 29 O 20
6503 6502 2 33 179 O 10
4826 6504 2 40 220 M 30
6507 6506 2 21 113 O 10
6506 6505 2 12 65 M 20
6505 6507 2 11 61 O 10
6508 6507 2 5 26 M 20
6513 6512 2 64 350 M 30
6517 6515 2 26 144 O 20
6518 6517 2 6 29 O 10
6517 6516 2 6 32 O 30
6516 6515 2 18 97 O 10
6519 4753 2 92 506 O 30
6521 6523 2 11 60 O 20
6524 6523 2 5 23 O 20
6523 6522 2 27 149 O 20
6526 6525 2 26 142 O 20
6530 6529 2 11 56 O 10
6534 6533 2 19 105 O 30
6536 6534 2 6 32 O 30
6534 6535 2 35 190 O 10
6551 6547 2 3 14 O 10
6545 6550 2 17 91 O 10
6548 6546 2 16 85 O 30
6547 6546 2 4 18 O 10
6546 6550 2 3 14 M 10
6550 6549 2 4 21 M 10
6549 6545 2 19 102 O 10
6545 6548 2 3 15 O 30
6548 6547 2 19 105 O 30
6551 6553 2 21 111 O 20
6553 6552 2 3 11 M 10
6552 6551 2 17 90 M 20
1979 6553 2 5 23 O 10
2261 4692 2 31 170 O 30
4151 4152 2 8 43 O 30
4152 4153 2 8 43 O 10
4153 4154 2 8 44 O 30
4154 4155 2 8 41 O 20
2804 6558 2 19 104 O 10
2805 6559 2 13 71 O 10
6561 6560 2 8 40 O 20
6563 6562 2 8 41 O 20
6564 2807 2 12 66 M 10
6562 5219 2 22 121 O 10
6621 6571 2 69 378 M 10
6569 6567 2 6 32 O 10
6567 6566 2 30 166 O 20
6572 6573 1 1 5 M 30
6573 6569 1 4 18 O 20
6569 6568 1 2 9 O 30
6568 6570 1 1 5 O 20
6570 6571 1 1 5 O 20
6571 6572 1 2 9 O 20
6574 6573 2 4 18 O 30
6575 6574 2 33 178 O 30
6574 5115 2 44 244 O 10
6576 1952 2 9 47 O 30
6578 6577 2 12 66 O 30
6580 6579 2 11 56 O 10
6584 6583 2 42 229 O 10
6582 6581 2 3 13 O 20
5702 6585 2 42 233 M 30
6588 6587 2 31 170 O 10
6590 6589 2 8 42 O 20
417 410 2 8 41 O 30
410 6603 2 13 70 O 10
6603 6594 2 8 42 O 10
6592 6593 2 4 20 O 20
6593 6591 2 35 190 O 30
6602 6588 2 7 34 O 10
6588 6589 2 9 47 O 10
6589 6594 2 4 21 O 10
6594 6593 2 10 53 O 10
6597 6595 2 20 106 O 30
6598 6597 2 22 121 O 10
6597 6596 2 8 44 O 10
6600 6601 2 4 19 O 30
6601 6598 2 4 18 O 10
6598 6599 2 4 17 M 10
6605 6602 2 7 37 M 20
6602 6595 2 7 36 O 20
6595 6601 2 7 38 O 30
4259 6605 2 15 82 O 10
6605 6604 2 1 5 O 20
6604 413 2 8 41 O 10
413 6590 2 7 38 O 30
6590 6603 2 4 19 O 10
6608 6607 2 9 48 M 10
6608 6606 2 11 58 M 30
6609 6610 2 26 144 O 30
6610 6608 2 1 1 M 30
6612 6609 2 7 38 M 30
6609 6611 2 20 106 O 30
6611 6610 2 2 6 O 20
6613 6783 2 27 148 O 10
6783 6782 2 8 43 O 30
6615 6614 2 6 29 O 20
6617 6616 2 5 28 O 30
6619 6618 2 7 34 M 20
6567 6617 2 3 14 O 20
6617 6619 2 2 8 O 30
6619 6620 2 7 35 M 20
6568 6567 2 10 51 O 20
6622 6621 2 19 105 O 20
6621 6566 2 10 51 M 20
6625 6623 2 8 43 O 30
6624 6623 1 1 3 O 30
6623 6622 1 5 26 M 30
6622 6624 1 2 8 O 30
6627 6626 1 1 3 O 20
6626 6625 1 4 18 O 30
6625 6627 1 3 16 M 10
6570 6626 2 4 22 O 10
1975 6781 2 38 208 O 10
6638 6635 2 9 45 O 10
6640 6628 2 9 48 O 20
6628 6633 2 12 62 O 20
6631 6630 2 8 40 O 10
6630 6632 2 10 51 O 20
6632 6629 2 12 63 O 30
6629 6639 2 9 47 O 30
6650 6633 2 4 18 O 30
6633 6632 2 4 18 M 30
6634 6647 2 8 39 M 30
6647 6633 2 10 52 O 10
6637 6635 2 4 19 O 20
6635 6629 2 3 14 O 10
6629 6628 2 4 18 O 30
6628 6645 2 4 18 O 20
6644 6640 2 4 19 M 10
6640 6639 2 4 18 O 10
6639 6638 2 4 17 O 10
6638 6637 2 10 55 O 30
6637 6636 2 9 47 O 10
6636 6635 2 7 37 O 10
6643 6641 2 6 30 O 20
6649 6652 2 4 19 M 20
6652 6630 2 3 13 O 30
6630 6647 2 3 16 O 30
6647 6646 2 4 19 O 30
6651 6649 2 10 54 O 10
6649 6648 2 7 36 O 10
6653 6652 2 10 52 O 20
6652 6651 2 7 36 O 30
6651 6631 2 3 14 O 20
6631 6634 2 3 16 O 30
6634 6646 2 11 58 O 20
6646 6650 2 10 52 O 10
6650 6645 2 12 62 O 20
6645 6644 2 9 48 M 10
6644 6643 2 3 16 O 30
6643 6642 2 6 28 O 30
6653 6428 1 8 40 M 10
6427 6653 1 7 38 M 30
6655 6657 2 34 189 M 30
6658 6659 2 16 85 O 20
6659 6657 2 5 28 O 20
6657 6656 2 36 197 O 30
6656 6655 2 8 39 O 10
6655 6660 2 6 28 O 10
6660 6654 2 17 91 M 20
6660 6663 2 17 92 O 10
6663 6661 2 2 10 O 10
6661 6659 2 16 88 O 20
6661 6662 1 9 48 O 30
6662 552 1 7 38 O 20
553 6664 1 7 37 O 30
6664 6663 1 9 49 M 10
6666 6665 2 10 51 O 30
6671 6670 2 4 18 O 20
6673 6671 2 5 23 O 10
6671 6672 2 4 18 M 10
6675 6673 2 4 18 O 30
6673 6674 2 4 18 O 30
4810 6675 2 11 61 O 30
6675 6670 2 5 23 M 10
6670 6676 2 4 19 O 30
6678 6677 2 9 48 O 20
6683 6682 2 3 13 O 30
6686 6688 1 5 25 O 30
6686 6684 2 1 5 O 30
6684 6685 2 11 59 O 20
6687 6684 1 5 25 O 30
5195 6683 2 4 20 O 10
6683 6685 2 25 138 O 10
6685 6686 2 12 62 O 20
6681 6680 2 16 87 O 20
4823 6689 2 12 63 O 30
1174 1175 2 19 0 C 0
1175 5171 2 30 162 O 20
5349 6690 2 18 96 O 20
6691 6693 2 3 13 O 30
6694 6693 2 10 54 O 20
6693 6692 2 16 84 O 30
6696 6695 2 9 47 O 10
4837 6698 2 10 54 O 10
6699 6700 2 31 167 O 30
2294 4474 2 71 394 O 10
4474 4482 2 32 176 O 30
4482 2257 2 39 214 O 20
6158 4401 2 24 133 O 10
1709 1708 2 3 0 C 0
1420 1587 1 8 0 C 0
1587 1584 1 26 0 C 0
1589 1420 1 4 0 C 0
6717 6702 1 6 33 O 20
6704 6703 2 19 102 O 10
6709 6704 1 5 27 O 30
6704 6710 1 5 25 O 30
6707 6706 1 5 23 O 20
6706 6708 1 4 20 O 10
6726 6759 2 4 22 M 10
6759 984 2 39 215 M 10
984 6705 2 8 40 O 30
6705 6706 2 13 67 O 10
6710 6724 1 2 6 M 10
6724 6711 1 2 10 M 10
6711 6707 1 2 10 O 10
6707 6708 1 3 15 M 30
6708 6709 1 4 21 O 30
6709 6710 1 3 14 M 10
6712 6711 1 8 40 M 10
6714 6702 1 2 10 M 10
6702 6712 1 4 20 M 20
6712 6713 1 2 11 M 20
6713 6714 1 5 26 O 10
6714 6716 1 6 33 M 30
2714 6719 1 4 22 O 10
6718 6722 1 5 22 O 20
6720 6719 1 2 7 O 20
6719 6718 1 6 29 O 20
6718 6721 1 3 11 O 30
6721 6717 1 2 8 O 20
6717 6716 1 3 14 M 10
6716 6715 1 2 7 O 30
6715 6720 1 2 7 O 30
6722 6721 1 4 22 O 20
6715 2714 1 4 21 M 10
5156 2714 2 7 38 O 10
6724 6713 1 8 41 O 20
1669 4775 1 16 0 C 0
1421 1669 1 51 0 C 0
6723 1668 1 26 0 C 0
1673 4187 1 6 0 C 0
4187 5795 1 44 0 C 0
2507 2508 2 5 25 O 10
6727 2503 2 5 26 O 10
2503 2504 2 23 128 O 30
2506 6725 2 17 91 O 20
6731 5154 2 59 325 M 30
2495 6729 1 3 12 O 10
6729 4957 1 2 7 O 20
4957 6730 1 2 8 O 20
6730 6728 1 3 12 O 30
6728 6731 1 2 8 M 30
6731 2495 1 2 8 O 20
6726 6727 1 7 38 O 20
6727 2502 1 3 16 M 30
2502 6726 1 5 23 O 10
5026 6732 2 15 79 O 20
6739 6738 2 8 43 O 30
6737 6739 2 1 2 O 20
6739 6740 2 13 69 O 30
6743 6742 2 2 9 O 30
6742 6741 2 11 60 O 20
6734 6733 2 2 11 O 10
6736 6735 2 2 11 O 20
6735 6734 2 24 130 O 20
6742 6737 2 1 5 M 30
6745 6744 2 12 66 M 10
5057 6746 2 13 68 O 20
6748 6747 2 7 39 O 20
6750 6748 2 6 28 O 30
6748 6749 2 17 94 O 30
6752 6751 2 5 25 O 10
6753 6752 2 9 47 O 30
6758 6757 2 4 20 M 10
6755 6756 2 8 43 O 20
6756 6754 2 4 22 O 30
6757 6756 2 15 83 O 30
6760 6759 2 21 114 O 10
6764 6763 2 9 45 O 30
6769 6768 2 21 116 O 10
3542 6770 2 20 107 O 20
6771 6772 2 8 39 O 30
2790 6774 2 10 52 M 10
6775 6779 2 2 8 M 20
6779 6774 2 7 37 M 30
6774 6777 2 8 42 O 30
6777 6776 2 6 30 O 30
6777 6778 2 30 167 M 30
6779 6778 2 17 93 O 20
6778 6780 2 4 21 M 10
1619 1742 2 25 136 O 10
1742 6221 2 7 35 O 10
6221 4316 2 6 29 O 30
4316 1618 2 11 56 O 10
1618 3363 2 12 63 O 20
6785 4335 1 3 16 O 30
4335 6784 1 3 16 O 10
6784 3363 1 3 15 O 20
3624 2428 1 7 0 C 0
4651 1550 2 18 100 O 30
2097 5265 2 5 23 M 10
6788 6789 2 5 27 O 30
6794 6791 2 4 21 O 30
6791 6792 2 4 18 O 20
6791 6788 2 10 50 O 10
6788 6790 2 6 31 M 10
6792 6790 2 12 62 M 10
6790 6793 2 20 111 O 10
6796 6795 2 29 160 O 30
6798 6797 2 56 307 O 10
2 1 2 31 167 O 10
6 5 2 4 22 O 10
8 7 2 10 54 O 20
11 10 2 7 34 O 10
10 9 2 2 9 M 10
9 11 2 5 25 O 10
11 6693 2 5 23 O 20
12 13 2 17 92 O 10
16 15 2 19 105 M 10
4608 18 2 15 82 O 30
4609 19 2 51 282 M 30
5161 5162 2 32 174 O 10
5162 5163 2 6 32 O 20
21 22 2 2 11 O 30
5458 5459 1 2 8 O 20
2518 2527 1 14 72 O 30
2527 3319 1 6 0 C 0
3319 4040 1 3 0 C 0
4040 4039 1 2 0 C 0
5643 23 2 2 6 O 20
24 25 2 22 117 O 20
5250 3342 1 2 6 O 10
1139 0 2 4 18 O 20
27 26 2 18 98 O 20
466 28 1 3 12 O 30
28 29 1 33 183 M 10
5542 32 2 8 44 O 10
34 33 2 3 12 M 10
36 34 2 3 16 O 10
33 35 2 4 17 M 30
38 37 2 14 73 O 10
4458 39 2 28 153 O 30
40 41 2 17 89 O 30
1343 42 2 13 71 O 10
43 44 2 11 59 O 10
44 97 2 5 24 O 10
97 96 2 4 18 O 10
96 45 2 2 7 O 20
45 46 2 6 31 O 20
46 94 2 12 64 O 20
44 47 2 8 41 O 10
5169 100 1 2 9 O 30
5748 49 1 4 17 O 30
52 5748 1 3 16 O 30
5751 50 1 4 17 O 10
53 5750 1 4 18 O 10
5750 5747 1 4 17 O 30
51 5751 1 4 18 M 20
5747 52 1 3 14 O 30
52 49 1 2 7 M 20
49 5749 1 2 7 O 20
5749 51 1 3 14 O 10
51 50 1 2 11 O 10
50 53 1 2 11 O 30
53 5747 1 2 7 O 10
56 57 2 13 71 O 30
66 65 2 16 84 O 10
60 59 2 4 17 O 10
62 60 2 3 15 M 10
60 61 2 2 6 O 10
64 62 2 6 30 M 10
62 63 2 1 3 O 20
68 64 2 5 26 O 30
64 67 2 12 66 O 30
70 69 2 12 62 O 20
72 71 2 12 61 O 20
74 73 2 3 16 O 10
76 75 2 4 17 O 20
78 74 2 1 5 O 20
74 76 2 2 10 O 20
76 77 2 5 25 O 10
55 761 1 4 19 M 30
762 54 1 4 18 O 20
4269 2843 1 4 17 O 30
3506 2254 1 2 10 O 20
2254 4684 1 2 8 O 30
3506 4684 2 2 7 O 20
6586 3741 2 4 19 O 20
3505 5355 2 12 63 O 30
84 83 2 29 161 M 30
86 84 2 4 18 O 30
84 6808 2 3 16 O 10
6808 83 2 3 16 O 30
83 85 2 7 39 O 10
17 87 2 34 186 O 30
3160 3149 1 4 17 O 20
89 88 2 25 137 O 30
5237 6809 2 3 16 M 20
6809 3294 2 3 16 O 30
4767 90 2 40 220 O 10
5781 93 2 44 242 O 20
94 2717 1 11 59 M 30
95 46 2 12 62 M 20
46 98 2 9 47 M 20
98 94 2 5 26 O 20
96 95 2 5 27 O 10
95 97 2 8 40 O 10
97 45 2 17 90 M 20
99 5168 1 2 10 O 20
100 99 1 2 9 O 30
102 101 2 23 124 O 10
137 1982 1 9 48 O 30
3096 137 1 25 136 O 10
4050 4781 1 11 57 O 20
119 120 1 9 45 M 20
121 119 1 9 45 M 30
125 124 1 11 58 O 10
126 130 1 9 48 O 20
130 2182 1 45 249 O 30
2187 121 1 44 242 O 20
121 129 1 7 35 O 10
129 120 1 7 39 O 20
120 127 1 63 344 O 10
127 128 1 5 28 O 10
128 464 1 25 137 O 30
464 125 1 115 635 M 10
125 123 1 7 34 O 10
123 122 1 3 13 O 20
122 130 1 8 43 O 10
4783 2183 1 2 6 O 10
2749 131 1 18 100 O 20
147 133 1 8 41 M 30
134 135 1 4 21 O 10
135 159 1 11 58 M 10
159 1475 1 59 324 M 30
150 149 1 8 40 O 30
1475 151 1 73 402 O 20
151 136 1 4 18 M 20
141 140 1 7 36 O 20
142 143 1 8 43 M 20
148 144 1 6 30 O 10
144 140 1 5 25 O 10
140 5316 1 23 125 M 20
145 5348 1 8 44 O 20
4402 146 1 9 46 O 20
2185 146 1 7 34 O 30
146 141 1 63 346 O 20
141 144 1 5 26 O 20
144 5336 1 3 13 M 30
5336 143 1 6 32 O 20
143 147 1 45 248 M 30
149 139 1 47 256 M 10
139 148 1 3 13 M 10
148 145 1 66 366 O 10
145 5347 1 7 34 O 20
5344 152 1 15 78 M 30
154 153 2 21 112 M 10
2135 154 2 12 63 O 10
154 155 2 22 120 O 30
1601 2510 2 29 159 O 20
158 159 1 11 60 O 10
3077 1984 1 9 0 C 0
136 152 1 10 54 O 10
152 150 1 21 113 O 20
133 134 1 28 154 O 20
160 1987 2 7 0 C 0
167 166 2 21 112 O 20
170 634 2 9 49 O 20
634 162 2 8 39 O 20
168 166 2 9 49 O 10
166 165 2 7 37 O 30
179 167 2 8 39 O 30
167 168 2 7 37 O 20
168 169 2 10 50 O 10
178 170 2 5 25 M 10
170 602 2 42 230 O 30
176 181 1 9 49 M 10
181 185 1 2 9 O 20
184 180 1 2 10 M 20
180 177 1 9 48 O 20
172 182 1 11 57 M 30
182 777 1 8 43 O 30
777 780 1 6 33 M 20
778 776 1 2 10 O 10
776 173 1 11 57 O 20
171 172 1 2 8 O 10
172 173 1 3 16 O 10
173 174 1 2 8 O 20
174 175 1 4 17 O 30
175 171 1 1 3 O 30
177 178 1 2 9 O 20
178 179 1 5 25 O 20
179 176 1 2 8 O 30
176 177 1 2 10 M 20
740 186 2 16 87 O 10
174 185 1 17 93 O 20
185 184 1 3 15 O 30
184 183 1 11 58 O 30
163 180 1 11 59 O 20
180 181 1 3 13 O 20
181 175 1 17 94 O 20
187 189 1 7 38 O 10
189 186 1 8 42 O 10
186 6155 1 8 43 O 30
6155 6585 1 9 47 M 10
6585 779 1 8 44 M 20
779 778 1 6 33 M 10
191 190 2 7 35 O 30
193 192 2 10 55 O 30
195 193 2 11 58 O 30
193 191 2 7 34 O 10
191 194 2 6 32 M 10
197 196 2 12 63 O 20
3094 768 1 3 16 O 20
767 3091 1 3 17 O 30
3224 6800 2 2 10 O 10
200 202 2 12 62 O 20
203 202 2 4 17 O 30
202 201 2 10 52 O 20
201 200 2 7 38 O 30
2332 2114 1 143 0 C 0
2115 217 1 195 0 C 0
209 210 1 21 0 C 0
216 218 1 15 0 C 0
218 208 1 4 0 C 0
208 207 1 21 0 C 0
215 206 1 38 0 C 0
2344 4648 2 4 0 C 0
205 4648 1 10 0 C 0
2114 216 1 13 0 C 0
217 209 1 13 0 C 0
2105 213 2 5 0 C 0
6511 6510 2 2 9 O 20
220 2333 2 11 59 O 30
2333 4789 2 6 28 O 20
221 220 2 3 16 O 30
4591 222 2 27 149 O 30
227 5367 2 3 14 O 30
228 227 2 2 11 O 10
234 232 2 8 44 O 20
4497 234 2 16 86 O 20
234 233 2 4 18 O 10
239 238 2 20 106 M 20
2067 237 2 15 81 O 10
241 240 2 32 177 M 20
243 242 2 28 151 O 30
245 244 2 35 192 M 30
247 246 2 26 139 M 30
250 248 2 14 76 M 30
4927 250 2 16 86 O 10
250 249 2 9 46 M 10
252 251 2 5 26 O 30
254 251 2 7 34 O 30
251 253 2 13 71 O 30
5194 255 2 21 112 O 20
260 259 2 40 218 O 20
259 258 2 32 173 O 10
2125 269 2 10 51 O 20
269 268 2 3 16 O 20
264 261 2 5 24 O 10
265 262 2 5 28 O 20
268 265 2 6 33 O 30
265 264 2 3 11 O 30
264 263 2 14 76 O 20
266 269 2 13 72 O 30
268 267 2 8 39 O 20
274 272 2 8 43 O 10
275 274 2 20 110 O 30
274 273 2 7 35 O 10
271 270 2 21 112 M 20
276 4964 2 2 11 O 30
279 5418 1 2 0 C 0
5418 106 1 1 0 C 0
280 1767 1 7 0 C 0
1767 1768 1 55 0 C 0
277 1826 1 2 0 C 0
1826 1827 1 2 0 C 0
1827 280 1 2 0 C 0
106 5419 1 1 0 C 0
5419 278 1 2 0 C 0
283 4612 1 2 0 C 0
2485 284 1 2 0 C 0
281 2486 1 1 0 C 0
4611 282 1 1 0 C 0
2486 2485 1 2 0 C 0
4775 1671 1 34 0 C 0
1670 6723 1 26 0 C 0
1670 1671 2 3 0 C 0
287 4584 1 3 0 C 0
4583 286 1 2 0 C 0
289 1676 1 3 0 C 0
1677 288 1 2 0 C 0
1672 5889 1 5 0 C 0
5889 4081 1 33 0 C 0
5795 1670 1 33 0 C 0
5793 3432 1 5 0 C 0
285 1662 1 2 0 C 0
290 1590 1 25 0 C 0
1662 4488 1 2 0 C 0
4488 291 1 2 0 C 0
4108 292 1 8 0 C 0
1684 293 1 2 0 C 0
294 1682 1 2 0 C 0
296 5361 1 1 0 C 0
5361 1684 1 3 0 C 0
1682 1683 1 3 0 C 0
1683 295 1 1 0 C 0
3962 1685 1 33 0 C 0
1410 297 1 2 0 C 0
298 1487 1 2 0 C 0
2381 299 1 2 0 C 0
300 2382 1 1 0 C 0
4921 301 1 3 12 O 20
302 4922 1 3 12 O 30
4918 306 1 2 7 O 20
305 4919 1 2 7 M 10
304 4920 1 14 77 O 10
303 4921 1 2 11 O 20
4922 308 1 2 8 O 20
307 4918 1 2 8 O 30
309 4901 1 2 6 O 10
312 4902 1 10 55 O 20
4901 310 1 1 5 O 10
311 4897 1 2 6 O 20
318 4932 1 9 49 M 30
317 2151 1 2 6 O 10
313 4916 1 2 10 O 30
314 4892 1 11 61 O 10
2856 4915 1 2 8 O 10
2855 4264 1 8 41 O 20
315 4912 1 2 8 O 30
316 4913 1 2 8 O 10
2463 319 1 4 0 C 0
2541 320 1 3 0 C 0
324 1424 1 3 0 C 0
1424 323 1 3 0 C 0
322 2462 1 3 0 C 0
321 2541 1 4 0 C 0
1576 326 1 2 0 C 0
325 1573 1 2 0 C 0
1573 4936 1 2 0 C 0
4936 328 1 1 0 C 0
3947 327 1 14 0 C 0
2545 329 1 2 0 C 0
330 2626 1 2 0 C 0
2626 331 1 3 0 C 0
332 2625 1 3 0 C 0
335 2663 1 5 0 C 0
336 1783 1 2 0 C 0
337 2664 1 8 0 C 0
338 1782 1 2 0 C 0
333 2641 1 8 0 C 0
334 2634 1 2 0 C 0
339 3537 1 2 0 C 0
3536 2556 1 2 0 C 0
342 3535 1 2 0 C 0
3534 2552 1 3 0 C 0
341 3534 1 3 0 C 0
340 3528 1 18 0 C 0
2142 1832 2 3 14 O 20
351 3449 1 8 39 O 20
350 5559 1 3 11 O 20
5559 348 1 4 18 O 30
349 5558 1 3 12 O 20
352 5556 1 4 20 O 10
353 2529 1 3 12 M 20
354 6424 1 2 7 O 20
1835 355 1 2 7 O 10
360 4035 1 17 91 O 10
361 1835 1 3 15 O 10
1835 6424 1 2 10 O 20
6424 356 1 2 6 O 20
356 6420 1 6 28 O 10
6420 1430 1 37 202 M 30
1430 1298 1 5 27 O 30
1298 1431 1 3 14 O 30
1431 1643 1 26 143 O 30
2620 357 1 9 47 O 20
6418 358 1 2 7 O 20
359 2214 1 2 7 M 30
2551 5469 1 3 0 C 0
5242 2209 2 2 6 O 30
347 1696 1 4 0 C 0
343 1695 1 3 0 C 0
1694 344 1 4 0 C 0
345 1539 1 2 0 C 0
1696 346 1 3 0 C 0
1762 82 1 5 0 C 0
2454 2558 1 4 0 C 0
2616 2452 1 4 0 C 0
2451 2617 1 3 0 C 0
5268 156 2 2 9 O 20
2095 5268 2 3 12 O 10
1599 1847 1 3 0 C 0
1426 4037 2 3 14 O 20
5347 127 1 4 19 M 30
128 2185 1 4 20 O 20
4880 1569 1 2 0 C 0
1568 4424 1 3 0 C 0
5382 1260 1 3 14 O 30
3056 3054 1 3 14 O 30
3799 368 2 5 26 O 10
369 5755 2 89 491 O 10
2474 3548 1 3 11 O 30
3551 370 1 3 12 O 10
373 5744 1 3 12 O 20
374 3549 1 8 41 O 10
375 5743 1 3 12 O 30
3548 376 1 3 12 O 30
5744 372 1 3 11 O 10
371 3551 1 3 11 O 20
82 362 1 2 0 C 0
2049 377 2 15 82 O 30
382 381 2 30 166 O 30
381 187 2 1 5 O 10
383 382 2 20 108 O 10
186 384 2 3 11 O 30
384 385 2 30 162 M 10
6155 386 2 2 8 O 30
386 385 2 21 117 O 20
6585 387 2 2 6 O 20
387 777 2 46 252 O 30
777 779 2 2 8 O 30
188 187 2 13 72 M 20
780 387 1 3 12 O 10
387 386 1 9 47 O 30
386 384 1 9 46 M 20
384 380 1 8 39 M 30
380 383 1 1 5 O 30
383 381 1 6 32 O 20
389 388 2 9 47 O 30
392 391 2 14 75 O 30
393 392 2 22 120 O 30
392 390 2 25 133 O 10
390 391 2 8 43 O 30
674 2566 1 5 25 O 20
394 5952 2 34 186 O 20
398 397 2 57 312 M 10
400 399 2 10 56 O 10
403 405 2 35 189 O 30
2315 405 2 31 168 O 20
405 404 2 22 121 O 20
402 401 2 36 197 M 20
408 406 2 8 44 O 30
4554 408 2 4 17 O 30
408 407 2 18 100 M 20
411 410 2 11 59 O 10
413 411 2 13 69 O 10
411 412 2 7 38 O 30
415 414 2 11 60 M 10
414 1026 2 9 46 O 20
6604 415 2 13 71 O 20
415 416 2 8 41 M 30
419 420 2 77 428 O 10
424 425 1 6 32 O 20
425 421 1 3 16 O 30
421 435 1 2 8 O 20
435 422 1 3 13 O 20
422 423 1 2 11 O 10
423 424 1 4 21 O 10
420 421 1 5 23 O 30
425 420 1 5 26 O 20
423 426 1 29 160 O 30
426 424 1 27 147 O 10
3394 427 1 17 91 M 10
428 3394 1 17 91 O 30
430 431 1 2 9 O 10
431 436 1 2 7 O 30
436 428 1 3 15 O 10
428 427 1 2 9 O 10
427 446 1 3 17 O 20
446 429 1 4 17 O 20
429 442 1 3 11 M 30
442 430 1 1 2 O 10
432 437 2 6 28 M 20
437 433 2 40 218 O 10
434 419 1 4 18 O 20
419 3249 1 4 18 O 30
431 439 1 13 68 O 30
439 422 1 43 238 O 30
435 438 1 44 243 O 20
438 436 1 13 67 O 20
437 438 2 16 86 O 30
438 439 2 1 6 O 20
439 445 2 38 206 O 20
429 440 1 11 57 O 10
441 442 1 11 59 O 20
444 441 2 52 287 O 10
441 440 2 2 6 O 20
440 452 2 42 229 M 20
452 443 2 8 42 O 20
446 453 2 14 77 O 30
453 770 2 7 34 O 30
770 772 2 21 115 M 10
772 447 2 17 94 O 20
448 454 2 9 47 M 30
454 447 2 39 215 O 20
447 449 2 23 122 O 10
450 449 2 8 41 M 20
449 451 2 18 94 O 20
451 452 2 82 452 M 30
452 444 2 76 420 O 10
444 445 2 13 70 M 20
453 454 2 17 93 O 20
455 458 2 8 41 O 10
458 456 2 25 134 O 30
457 458 2 4 22 O 30
204 2104 2 6 0 C 0
673 2562 1 7 39 O 10
5239 2563 2 33 180 O 20
2563 2562 2 38 210 O 20
2562 672 1 7 34 O 20
461 31 1 4 19 O 10
31 29 1 3 13 O 20
29 459 1 1 3 O 30
459 930 1 3 12 O 20
930 460 1 1 3 O 20
460 461 1 3 12 O 20
31 197 1 4 21 O 30
197 195 1 20 111 M 20
195 30 1 9 50 O 30
30 466 1 3 13 O 20
460 920 1 3 16 O 20
920 2184 1 28 154 O 30
462 463 1 15 82 O 20
464 465 1 32 173 O 30
465 463 1 6 31 O 30
463 461 1 16 84 M 20
467 474 2 12 66 O 20
474 475 2 37 201 O 20
475 468 2 13 69 O 30
469 473 2 21 114 O 30
473 471 2 5 23 O 30
471 470 2 24 131 O 10
470 472 2 5 23 M 30
472 469 2 4 18 O 20
470 6810 2 9 48 O 30
6810 471 2 9 48 O 10
472 473 2 18 97 O 10
473 474 2 3 16 O 30
4852 475 2 19 105 O 20
475 476 2 8 40 O 20
889 4852 2 3 16 O 10
4852 4416 2 1 5 O 20
477 478 1 13 69 M 30
478 479 1 7 35 O 10
479 489 1 11 57 O 30
478 481 2 7 39 O 10
481 480 2 23 125 O 10
480 479 2 6 28 O 30
480 6811 2 5 25 O 30
6811 481 2 5 25 M 20
1993 765 1 4 18 O 30
4561 910 1 23 126 M 10
910 905 1 19 100 M 30
905 3651 1 26 139 O 30
1546 482 1 16 84 O 30
482 483 1 45 249 O 20
483 484 1 2 6 M 30
484 1392 1 41 224 O 30
1392 4561 1 51 281 O 30
3647 5036 1 5 23 O 30
5036 4562 1 13 67 O 10
4562 1546 1 22 118 O 10
3815 2336 2 6 29 O 20
4863 5843 2 6 0 C 0
5843 5844 2 14 0 C 0
5844 5842 2 3 0 C 0
5842 5845 2 1 0 C 0
5845 491 2 14 0 C 0
4860 4862 1 6 0 C 0
4861 4863 1 4 0 C 0
1355 525 2 16 0 C 0
525 5836 2 10 0 C 0
5836 5835 2 22 0 C 0
5835 4650 2 2 0 C 0
4650 1486 2 18 0 C 0
5837 1354 2 1 0 C 0
1354 1355 2 2 0 C 0
1380 1489 2 14 0 C 0
1489 490 2 28 0 C 0
490 6537 2 4 0 C 0
6537 5847 2 1 0 C 0
5847 231 2 34 0 C 0
231 92 2 6 0 C 0
92 5837 2 10 0 C 0
491 1380 2 8 0 C 0
494 495 2 4 21 O 30
495 496 1 39 212 O 20
496 497 1 16 85 O 30
499 497 1 16 86 O 20
498 499 2 4 19 O 10
496 499 1 2 7 M 10
497 500 1 30 164 O 10
500 668 1 5 25 O 20
495 500 2 9 46 O 10
500 501 2 4 21 O 30
501 503 2 5 26 M 30
503 502 2 6 33 O 10
503 669 1 12 63 O 30
669 668 1 3 16 O 30
668 495 1 6 29 M 20
445 504 2 9 47 O 20
1632 5783 1 7 0 C 0
764 6669 1 2 8 O 30
508 1980 2 14 78 M 20
509 2820 2 14 75 O 10
5122 511 2 15 78 O 10
513 512 2 12 62 O 20
515 514 2 10 52 O 20
517 516 2 18 97 M 20
4746 518 2 26 140 O 10
520 519 2 26 142 O 20
4569 521 2 15 82 O 30
524 523 2 4 17 O 10
526 4625 2 14 76 O 10
528 527 1 11 57 O 30
530 533 1 3 13 O 10
533 528 1 4 19 O 20
528 529 1 11 60 M 20
529 527 1 3 16 M 10
527 532 1 5 24 O 10
532 531 1 3 16 O 10
533 532 1 12 66 M 20
5131 534 2 3 15 O 30
536 535 2 33 182 O 30
538 537 2 3 15 M 10
542 541 2 38 208 O 10
545 544 2 17 90 O 30
543 6758 2 22 118 O 30
3800 546 2 17 93 O 30
548 550 2 37 203 O 10
551 553 2 16 85 O 20
553 552 2 3 11 M 10
552 550 2 24 131 O 30
550 549 2 9 49 O 10
549 548 2 39 212 O 20
548 551 2 6 30 O 10
573 572 2 30 162 M 30
554 568 2 10 53 O 20
568 566 2 9 46 M 20
565 563 2 9 48 O 20
563 561 2 9 47 O 30
561 555 2 9 50 O 20
555 554 2 3 12 O 30
564 562 2 9 46 O 10
562 557 2 9 45 O 30
557 570 2 9 48 M 10
570 559 2 4 19 O 20
559 567 2 10 51 O 30
558 557 2 10 52 O 10
570 555 1 27 150 O 30
554 559 1 28 150 M 30
561 560 2 14 75 O 20
563 562 2 27 149 M 10
565 564 2 27 147 O 10
566 556 2 30 165 O 20
568 556 2 22 120 M 20
556 567 2 6 29 O 30
559 569 1 9 46 O 10
571 570 1 9 47 O 30
575 574 2 41 224 O 30
4434 575 2 10 54 O 10
575 577 2 8 39 O 20
577 574 2 3 16 O 30
574 576 2 7 33 O 30
5031 694 2 14 73 O 30
694 578 2 7 34 O 30
6783 5764 2 88 484 M 20
4667 582 2 10 53 O 10
4669 4670 2 30 166 M 10
580 581 2 33 179 O 20
581 579 2 8 44 O 10
579 580 2 24 129 O 20
2848 580 1 9 46 O 10
580 5350 1 8 44 O 20
589 4660 1 5 26 O 30
4661 586 1 5 27 M 10
588 587 2 33 180 O 10
586 589 2 3 13 O 30
589 588 2 10 51 O 20
588 782 2 22 117 O 20
782 587 2 26 144 O 20
587 784 2 31 171 M 10
784 586 2 9 48 M 30
4508 585 2 4 21 O 10
585 583 2 12 65 O 30
585 584 2 7 38 M 30
760 2850 1 3 14 O 10
5678 759 1 3 15 O 10
6137 591 1 5 28 O 10
591 6131 1 7 36 O 30
6131 3359 2 4 20 M 30
592 590 2 3 12 O 10
596 592 2 5 24 O 20
592 591 2 6 32 O 20
595 594 1 8 40 O 30
594 593 1 4 17 O 30
593 595 1 6 33 O 30
4782 824 2 22 120 O 30
598 600 2 5 25 O 20
600 597 2 6 33 O 30
600 599 2 8 43 O 10
4558 604 2 3 14 M 10
605 4807 2 10 55 O 20
4807 4809 2 6 28 O 20
608 607 2 10 55 O 10
609 608 2 5 24 O 10
608 606 2 8 43 O 20
611 610 2 35 194 O 30
613 612 2 32 178 M 20
766 1993 1 3 15 O 20
614 616 2 13 70 O 10
618 616 2 5 23 O 20
616 615 2 14 74 O 30
5540 618 2 24 131 O 20
618 617 2 16 84 O 20
2503 620 2 11 61 O 10
620 2504 2 13 70 M 10
6705 623 2 2 11 O 20
623 622 1 22 118 O 30
622 621 1 16 87 O 10
621 623 1 4 19 O 20
653 625 2 6 32 O 10
629 626 1 2 7 O 10
626 659 1 4 19 O 10
659 627 1 2 8 O 30
627 628 1 2 8 M 30
628 629 1 2 7 O 20
630 652 2 3 14 O 20
632 631 2 11 60 O 30
634 632 2 5 23 O 20
632 603 2 29 161 O 10
603 823 2 31 168 O 20
633 5325 1 8 40 O 30
183 633 1 2 9 M 30
164 163 1 2 9 O 20
5324 164 1 9 45 O 10
624 636 2 5 26 O 10
636 635 2 14 75 O 20
656 636 2 15 82 O 20
636 162 2 6 30 O 30
638 655 2 10 50 O 30
655 637 2 7 36 O 20
639 638 2 9 45 O 30
638 640 2 6 33 O 20
643 642 2 8 40 O 10
645 644 2 5 28 O 30
647 657 2 9 48 M 10
657 641 2 7 34 O 10
648 647 2 15 82 O 10
647 646 2 8 40 M 30
650 649 2 4 18 O 30
651 650 2 8 44 O 30
650 658 2 10 51 O 10
5318 652 1 4 21 O 10
652 659 1 8 43 O 10
626 630 1 10 52 O 30
630 5312 1 3 16 M 20
627 643 2 8 40 O 10
643 658 2 2 6 O 30
658 645 2 17 94 M 20
645 657 2 10 52 O 20
657 656 2 12 62 O 30
656 655 2 28 151 O 10
655 654 2 11 56 O 20
654 653 2 19 104 M 10
653 628 2 6 29 O 30
4304 660 2 6 31 O 30
662 661 2 9 47 O 30
664 665 2 3 12 O 10
5209 667 2 48 263 O 10
501 669 1 6 32 O 30
672 673 2 3 14 O 10
671 674 2 3 16 O 20
4843 675 2 15 78 M 30
2116 676 2 34 187 O 30
4842 677 2 12 62 O 10
680 679 2 5 28 O 20
681 680 2 4 18 M 20
680 678 2 24 132 O 30
684 683 2 10 53 M 20
6520 6803 2 1 4 O 30
686 5780 2 20 109 O 20
687 691 2 42 230 O 10
691 688 2 3 13 O 10
688 2931 2 8 44 O 10
688 689 1 15 78 M 20
2931 690 2 11 57 O 10
689 691 1 14 75 O 20
3258 418 2 3 14 O 10
694 693 2 7 35 O 20
4871 1097 2 1 0 C 0
696 4871 2 2 0 C 0
697 4870 1 1 0 C 0
4869 4872 1 3 0 C 0
4871 695 1 3 0 C 0
5208 2766 2 5 26 O 30
709 698 2 8 39 O 30
700 699 1 10 54 M 20
699 706 1 16 84 O 20
702 701 2 7 38 O 30
704 703 2 5 28 M 30
705 702 2 4 18 O 20
702 700 2 2 11 O 10
700 704 2 3 13 O 20
704 708 2 3 12 O 10
708 706 2 4 19 O 10
708 707 2 8 43 O 20
698 711 2 6 28 O 10
711 710 2 1 5 O 10
710 709 2 6 32 O 20
709 708 2 5 27 O 30
712 711 1 6 31 O 10
710 713 1 5 26 O 20
714 716 2 2 6 O 30
716 715 2 5 25 O 10
717 716 1 5 23 O 10
716 718 1 6 30 O 30
5500 4273 1 6 0 C 0
859 722 2 22 122 M 30
722 4890 2 35 191 O 10
4890 721 2 36 199 O 30
721 860 2 21 115 O 30
719 725 2 2 7 O 10
725 720 2 25 137 M 10
721 722 2 2 6 M 10
722 720 2 2 11 O 10
720 723 2 34 185 O 30
724 723 2 2 10 O 10
723 725 2 15 78 O 20
728 726 2 43 237 O 10
727 728 2 12 66 M 20
2980 731 2 8 44 O 20
731 729 2 38 210 M 10
729 730 2 24 129 O 20
730 731 2 13 67 O 20
732 2525 1 14 76 M 20
2525 2524 1 4 17 M 30
2524 2520 1 3 14 O 10
2520 733 1 14 76 O 30
735 736 1 4 17 O 30
736 734 1 3 13 O 20
734 732 1 1 3 O 10
732 733 1 3 13 M 20
733 1080 1 1 3 M 20
1080 735 1 3 13 O 10
1080 737 1 9 46 O 30
737 735 1 4 17 M 20
736 738 1 3 14 O 20
738 734 1 6 32 O 30
654 739 2 10 51 O 30
741 750 2 4 22 O 20
750 752 2 12 64 O 20
752 745 2 11 57 M 20
745 747 2 2 10 O 10
747 755 2 5 23 M 10
755 743 2 7 38 O 20
743 742 2 10 51 O 20
743 744 2 23 128 M 10
746 751 1 10 52 O 10
751 753 1 12 61 M 30
753 745 1 8 42 M 20
745 749 1 7 38 O 10
748 747 1 7 38 O 20
747 754 1 7 36 O 10
754 744 1 12 65 M 10
744 746 1 10 51 M 20
4560 6503 2 21 116 O 20
6503 1392 2 20 107 O 10
750 751 2 25 135 O 10
752 753 2 13 71 O 20
754 755 2 10 51 O 10
1388 4660 2 30 161 O 30
4660 4661 2 3 13 O 10
4661 4662 2 15 80 O 20
1388 749 2 20 107 O 20
749 748 2 2 9 O 20
748 756 2 50 273 O 20
757 758 2 2 11 O 10
759 760 2 3 12 M 10
761 762 2 2 11 M 10
763 764 2 3 12 O 20
767 768 2 2 10 O 10
765 766 2 2 11 O 20
4788 769 2 3 13 M 20
770 771 2 23 124 O 30
772 451 2 26 142 O 10
2725 396 1 12 66 M 20
828 2726 1 10 52 O 10
5653 2692 1 11 56 O 30
775 773 2 19 101 M 10
776 182 2 2 8 O 20
182 775 2 7 34 M 20
775 774 2 11 59 O 30
783 786 2 5 26 O 20
786 784 2 6 28 O 20
785 786 2 17 93 O 30
788 787 2 53 291 O 30
790 789 2 15 80 M 10
792 791 2 16 89 O 20
793 795 1 13 0 C 0
795 794 1 13 0 C 0
795 796 2 21 0 C 0
797 798 1 3 0 C 0
798 796 1 11 0 C 0
796 797 1 8 0 C 0
798 799 2 68 375 O 10
800 801 1 3 16 O 20
801 802 1 5 27 O 10
802 799 1 6 28 O 10
799 800 1 8 40 O 30
801 804 2 63 350 O 20
803 804 1 14 77 O 10
804 805 1 4 17 O 30
805 803 1 4 17 O 20
806 807 1 3 16 O 30
807 808 1 5 27 M 20
808 809 1 6 28 O 20
809 1048 1 5 26 O 20
1048 806 1 3 14 O 30
1048 802 2 32 174 O 20
807 810 2 37 205 M 20
811 817 2 33 182 O 30
817 815 2 10 50 M 20
815 814 2 9 48 O 30
814 812 2 30 162 O 30
815 816 2 22 117 O 10
816 817 2 24 133 M 20
819 808 2 187 1034 M 10
812 813 2 8 43 O 20
813 814 2 21 116 O 20
811 810 1 2 10 O 20
810 820 1 2 11 O 30
820 811 1 4 20 M 20
820 821 2 3 12 O 30
601 823 2 9 46 O 10
823 602 2 22 121 O 10
602 603 2 8 42 O 20
1743 825 2 7 37 O 20
827 826 2 2 9 O 20
872 831 2 11 60 O 30
838 832 2 10 51 O 30
832 837 2 16 86 O 10
840 833 2 10 51 O 20
833 839 2 16 87 O 20
854 834 2 9 50 O 30
834 841 2 16 87 O 20
855 835 2 9 47 O 30
835 852 2 16 85 O 10
853 836 2 16 86 O 30
836 842 2 8 44 M 10
846 848 2 12 61 O 30
843 847 2 13 69 O 30
931 845 2 10 51 O 10
845 916 2 4 18 O 30
916 830 2 5 24 M 10
849 845 2 3 15 O 20
845 933 2 3 16 O 20
933 832 2 4 18 O 10
832 833 2 4 17 O 10
833 834 2 3 15 O 30
834 835 2 4 17 O 20
835 836 2 4 17 O 30
836 844 2 3 16 O 20
851 843 2 3 16 O 20
843 846 2 4 17 O 30
846 850 2 6 33 M 20
850 848 2 10 51 O 20
848 847 2 4 22 O 20
847 849 2 4 17 O 30
849 851 2 13 70 M 10
857 856 2 38 206 O 20
856 842 2 4 19 O 10
842 855 2 4 17 O 30
855 854 2 4 19 O 10
854 840 2 3 15 M 30
840 838 2 4 17 M 30
838 932 2 4 19 M 10
932 931 2 4 17 O 20
931 915 2 4 17 O 10
915 829 2 5 23 M 30
885 879 2 16 85 O 10
887 884 2 3 13 O 10
882 880 2 8 42 O 20
886 882 2 4 20 O 10
882 881 2 11 61 M 10
881 880 2 6 30 O 10
880 884 2 1 3 O 10
884 883 2 9 48 O 20
888 887 2 10 51 O 10
887 886 2 8 42 O 30
886 885 2 11 56 O 20
885 887 2 4 17 M 30
890 5749 2 8 40 O 20
891 2477 2 12 62 O 20
2235 4558 2 11 56 O 20
4558 4557 2 7 39 O 10
892 4178 2 4 17 O 20
4178 4174 2 10 55 O 30
4174 4172 2 3 15 O 10
4172 3519 2 14 76 O 10
3519 4855 2 1 2 O 30
4855 2475 2 6 32 O 20
4302 2272 2 13 70 M 10
893 894 2 12 66 O 30
895 896 2 19 101 O 30
3983 3982 2 5 23 O 30
364 1154 1 2 0 C 0
363 2217 1 11 0 C 0
366 2205 1 2 0 C 0
365 2990 1 7 0 C 0
899 900 2 16 85 O 20
1608 902 1 2 0 C 0
903 1607 1 2 0 C 0
909 907 2 11 56 M 10
906 904 2 9 50 O 30
910 904 2 11 57 O 20
904 909 2 5 26 O 10
909 908 2 10 51 O 10
908 907 2 10 55 O 30
907 906 2 4 19 O 10
906 905 2 8 44 O 10
917 921 1 15 82 O 30
923 924 1 4 20 O 30
857 913 1 10 51 O 20
913 911 1 3 13 O 30
911 918 1 22 119 O 30
919 928 1 17 91 M 20
929 920 1 4 21 O 20
925 921 2 2 7 O 20
921 6812 2 3 12 M 30
6812 917 2 3 12 M 20
927 922 1 15 79 O 20
923 830 1 4 19 O 20
830 829 2 9 48 O 20
829 928 2 2 6 O 10
928 6813 2 2 8 O 30
6813 919 2 2 8 O 10
919 927 2 2 8 M 20
927 926 2 1 4 O 20
926 922 2 5 25 O 30
922 925 2 2 10 M 30
925 923 2 2 11 O 10
830 924 1 6 28 M 10
924 929 1 7 37 O 30
929 930 1 3 15 M 20
459 830 1 17 94 O 30
934 933 2 16 86 O 30
933 932 2 10 51 M 30
856 844 2 7 38 O 20
844 853 2 19 101 M 30
853 852 2 3 15 O 20
852 841 2 4 17 O 20
841 839 2 3 16 O 20
839 837 2 4 20 M 20
837 934 2 4 18 O 30
934 851 2 4 17 O 20
912 911 2 2 9 M 10
914 913 2 2 9 M 30
858 912 1 22 118 O 20
912 914 1 3 13 M 30
914 857 1 10 52 O 10
916 915 2 10 50 O 30
936 935 2 140 776 O 20
939 4551 2 3 12 O 10
940 939 2 21 113 O 10
943 942 2 4 21 O 30
2816 946 2 2 10 O 10
946 945 2 19 101 O 10
945 944 2 4 22 O 30
944 946 2 10 52 M 30
948 947 2 3 13 O 10
4638 949 2 19 104 O 30
949 951 2 4 22 M 30
951 950 2 4 19 O 30
950 949 2 5 24 O 10
4443 952 2 4 20 M 10
954 953 2 40 222 O 10
957 956 2 2 7 M 10
4819 958 2 2 7 M 10
1996 959 2 40 220 O 20
963 962 2 31 169 O 10
965 964 2 5 27 M 20
969 967 2 6 28 O 20
6392 965 2 4 22 O 20
965 969 2 6 29 M 20
969 968 2 4 19 O 10
968 967 2 2 7 O 10
967 966 2 8 41 O 30
869 970 2 2 9 M 20
4516 971 2 2 9 O 10
973 972 2 7 37 O 30
4624 974 2 2 9 O 30
976 975 2 18 97 O 30
4623 977 2 2 10 M 20
983 979 2 14 75 M 10
982 981 2 17 93 O 30
984 981 2 2 8 O 10
981 983 2 18 99 O 20
983 982 2 5 23 O 10
982 980 2 44 242 O 20
986 985 2 5 24 O 10
988 987 2 2 8 O 10
4510 989 2 3 14 M 10
991 990 2 7 36 O 20
4822 991 2 10 52 O 20
991 992 2 19 100 O 10
994 993 2 4 19 O 20
978 4574 2 3 16 O 20
4574 995 2 28 152 O 20
4430 996 2 3 12 O 30
998 997 2 3 16 O 10
1000 999 2 2 9 M 30
4983 1001 2 25 134 O 30
1003 1002 2 3 12 O 10
1005 1004 2 2 8 O 30
4868 1006 2 28 155 O 10
4487 1007 2 1 6 O 20
5196 1009 2 2 9 O 20
1008 1967 2 2 9 M 10
4556 1010 2 2 7 M 30
1012 1011 2 3 14 O 20
1014 1013 2 3 12 O 10
1015 6706 2 8 41 O 30
1017 1016 2 3 14 O 10
1018 2216 2 3 11 O 10
1022 1021 2 5 26 O 20
1021 1019 2 18 94 O 20
1019 1020 2 10 54 O 10
1020 1021 2 6 32 O 20
1024 1023 2 3 14 O 10
414 1025 2 9 49 O 10
1028 1027 2 3 16 M 20
828 396 2 4 17 O 30
396 395 2 5 26 O 20
1031 1029 2 4 20 O 10
1032 1029 1 2 10 M 30
1029 1030 1 2 9 O 20
1030 1033 1 3 16 O 30
1033 1032 1 16 84 O 30
1035 1034 2 2 11 O 20
5480 1036 2 13 69 O 10
961 960 2 2 6 O 10
540 2266 2 2 9 O 10
4971 6488 2 3 12 M 10
257 256 2 3 15 O 30
2045 3399 2 5 25 O 20
4956 6514 2 2 11 O 20
379 378 2 4 17 O 20
6543 6542 2 2 10 M 10
4100 4099 2 4 18 O 10
2301 1038 2 2 10 M 30
4652 935 2 54 297 O 10
5174 1718 2 18 99 O 20
1040 1039 2 2 7 O 30
5179 522 2 2 11 O 10
2092 5271 2 24 133 O 20
2092 2091 2 6 31 O 20
6539 6538 2 2 7 O 10
6541 6540 2 2 10 O 10
4444 682 2 4 20 O 30
1597 5129 1 3 0 C 0
5129 1078 1 6 0 C 0
1078 1079 1 13 0 C 0
1079 204 1 90 0 C 0
204 793 1 129 0 C 0
1396 793 1 7 0 C 0
793 794 1 2 0 C 0
809 1049 2 21 116 O 20
1049 1053 2 27 146 O 10
1053 1051 2 9 48 O 20
1049 1056 2 10 51 M 20
1056 1050 2 25 137 O 20
1050 1044 2 18 98 O 10
1044 1054 2 9 47 O 10
1054 1066 2 10 50 O 30
1053 1055 2 25 137 O 10
1055 1054 2 9 50 O 10
1055 1056 2 40 221 M 10
1051 1052 2 10 50 M 10
1065 1060 2 36 195 O 30
1060 1057 2 32 173 O 10
1057 1061 2 9 48 O 20
1057 1058 2 18 97 O 30
1058 1061 2 10 53 O 10
1060 1064 2 9 49 O 20
1064 1062 2 31 169 O 10
1050 1062 2 9 48 O 10
1062 1063 2 22 120 O 20
1063 1064 2 9 46 O 20
1044 1046 2 9 49 O 10
1046 1045 2 32 177 O 20
1046 1047 2 10 53 O 10
1047 1045 2 23 126 M 20
204 1067 2 113 626 M 20
1067 1068 1 5 25 O 10
1068 1069 1 5 25 M 30
1069 1067 1 10 54 O 30
1069 1070 2 66 362 M 30
1070 1071 1 4 18 M 20
1071 1072 1 6 30 O 10
1072 1070 1 5 25 O 20
1071 1073 2 49 269 O 20
1068 1059 2 116 642 M 30
1073 1059 1 4 20 O 10
1059 1074 1 7 37 O 30
1074 1073 1 4 17 O 20
1074 1075 2 29 157 O 20
1075 1076 1 9 45 M 10
1076 1077 1 4 22 M 30
1077 1075 1 2 9 O 10
5152 3377 2 1 2 M 10
1082 1081 2 2 7 O 10
1084 1185 2 3 13 O 20
1086 1087 2 13 67 O 20
5496 1088 2 13 69 O 10
S M L L S M L S M S L M L S M L S M L S M L S L M S M L S L M S M L M S L M S L M L S L M S M L S L S M L S M L S S M S L M M L S M L S M L S M L S M S M L S M L S M L S M L
