6241 7508 64800 79 1115 0.5
2215 2216 1 70 386 O 10
2241 2195 2 4 0 C 0
2241 2266 2 15 0 C 0
2278 2268 2 59 0 C 0
2268 2267 2 30 0 C 0
2272 2270 2 20 108 O 10
2270 2271 2 53 0 C 0
2273 2274 2 50 0 C 0
2279 5986 2 19 104 O 30
5986 5982 2 2 11 O 30
5982 2273 2 10 55 O 10
2157 3285 2 3 0 C 0
3285 3286 2 34 0 C 0
3286 3287 2 7 0 C 0
3287 3288 2 24 0 C 0
3288 3109 2 15 0 C 0
3109 3277 2 17 0 C 0
3277 3273 2 49 267 M 30
3273 1198 2 7 38 O 30
1198 4225 2 18 97 O 10
4225 3276 2 34 187 O 20
3276 3238 2 21 113 O 10
3238 5166 2 18 99 O 10
5166 5626 2 13 69 O 10
5626 3236 2 14 73 O 10
3236 3235 2 18 95 O 10
3235 3230 2 40 218 O 30
3230 2272 2 33 183 O 30
2272 2273 2 19 106 O 30
2273 5119 2 8 0 C 0
2276 5118 2 18 95 O 20
2269 2268 2 50 0 C 0
3234 2278 2 23 124 O 20
2278 2269 2 21 112 O 30
2269 2270 2 19 102 O 30
2597 2599 2 19 103 M 30
4512 1352 2 47 257 O 20
1352 1353 2 31 169 O 10
513 2613 2 10 51 O 30
2613 2627 2 10 55 O 10
2627 2625 2 22 121 O 30
2625 2626 2 14 74 O 10
2626 4512 2 49 268 O 20
4512 3990 2 12 63 O 20
3990 2598 2 23 123 O 30
2630 2626 2 16 84 O 10
2281 4546 1 35 190 O 20
2625 3745 2 19 101 M 20
3745 5034 2 26 140 O 30
5034 4525 2 7 38 O 30
4525 34 2 4 18 O 30
34 5031 2 7 39 O 10
5031 540 2 10 56 O 10
2621 2622 2 13 68 M 20
2619 2620 2 15 81 O 30
2078 2623 2 7 36 O 10
2623 2621 2 4 19 O 10
2621 2619 2 6 31 O 20
2624 2623 2 9 49 M 10
2615 492 2 13 72 O 10
492 2614 2 7 35 O 20
2614 377 2 4 18 M 30
2612 3739 2 14 74 O 10
3739 3740 2 5 26 M 20
3740 395 2 4 19 O 20
395 3650 2 3 13 M 10
3650 2078 2 14 73 O 20
2078 3649 2 30 163 O 30
3649 3744 2 1 4 O 30
3744 3743 2 17 91 M 20
3743 376 2 5 27 O 30
376 4549 2 28 154 O 30
2819 2820 2 18 99 O 30
2820 2585 2 41 227 O 20
2585 370 2 72 398 O 20
370 4814 2 28 156 O 30
3671 2072 2 14 74 O 20
2072 2789 2 11 60 O 30
2789 2070 2 15 80 O 30
3651 2615 2 20 107 O 20
2615 2613 2 63 346 M 10
2613 2612 2 29 158 O 10
2612 2600 2 29 157 O 10
2589 2872 2 28 152 O 30
2872 2609 2 5 24 O 30
2609 2594 2 30 162 O 30
2594 2808 2 15 78 O 20
2808 4262 2 22 121 O 30
4262 5478 2 16 86 O 30
5478 2610 2 3 13 O 20
2227 4821 2 18 95 M 10
4821 2611 2 2 8 O 10
2611 2212 2 28 153 M 30
2212 2164 2 2 9 O 20
2164 4822 2 2 11 O 30
4822 4895 2 34 187 M 10
4895 2606 2 22 118 O 20
4844 2592 1 2 0 C 0
2592 2590 1 40 220 O 10
238 4250 2 12 66 O 20
4250 6215 2 1 3 O 30
6215 5724 2 1 4 O 20
5724 4922 2 5 25 M 10
4922 4955 2 33 183 O 30
4955 2591 2 10 52 O 10
2591 2617 2 68 378 M 10
2617 2583 2 41 227 M 10
2583 2631 2 34 185 O 20
2631 3637 2 11 58 O 30
3637 2819 2 10 54 O 10
4820 4951 2 15 79 O 20
4951 4254 2 2 6 O 10
4254 4261 2 31 172 O 20
4261 4908 2 3 12 O 30
4908 2618 2 28 152 O 10
2377 2767 2 135 745 O 20
3530 2121 2 11 58 O 30
2121 2119 2 18 99 O 30
2119 2099 2 26 142 O 30
2099 2100 2 25 138 O 20
2100 3029 2 5 27 O 20
3029 3028 2 12 62 O 10
3028 2771 2 3 12 O 20
2771 3007 2 18 97 O 30
3007 2801 2 3 16 O 10
2801 2802 2 8 44 O 10
2802 3006 2 8 41 O 30
3006 356 2 2 10 O 10
356 3005 2 7 35 O 20
3005 3008 2 6 28 O 10
3008 3004 2 12 62 O 20
3004 2117 2 7 34 M 20
4637 2603 2 1 6 O 10
2603 3631 2 9 50 O 10
3631 4855 2 4 17 O 20
4855 2159 2 2 9 O 10
2159 3628 2 3 12 O 20
3628 3626 2 17 89 O 30
3626 1079 2 4 18 O 20
1079 4867 2 2 11 O 20
4867 4862 2 14 75 O 30
4862 2172 2 2 10 M 30
2172 4848 2 9 45 O 10
4848 2174 2 2 8 M 30
2174 4944 2 21 112 O 10
4944 236 2 16 87 O 30
236 2618 2 18 97 O 30
2618 4876 2 2 6 M 30
4876 4866 2 2 7 M 10
4866 131 2 47 256 O 10
131 2591 2 14 77 M 30
364 2812 2 18 95 O 10
2812 4877 2 2 9 M 10
4877 5441 2 5 23 O 30
5441 4915 2 2 9 O 20
4915 5443 2 4 18 O 10
5443 5440 2 12 63 O 30
5440 4909 2 6 29 M 30
4909 3114 2 46 255 O 10
3114 4864 2 2 10 M 20
4864 2578 2 34 187 M 10
2578 4874 2 2 9 O 20
4874 4873 2 19 101 O 30
4873 2579 2 2 11 O 30
2579 4870 2 6 29 O 20
4870 2580 2 2 7 O 10
2580 2617 2 16 86 M 10
3617 5748 2 5 27 O 30
5748 3897 2 6 29 M 30
3897 371 2 18 97 O 10
371 4917 2 13 70 O 30
4917 4918 2 2 7 M 20
4918 4888 2 32 176 O 20
4888 4878 2 42 229 O 20
4878 2818 2 2 11 O 10
2818 2631 2 37 203 O 10
2851 5617 2 8 41 O 30
5617 3227 2 5 28 O 10
3227 3228 2 31 170 M 20
3228 3230 2 16 89 O 20
3229 2829 2 24 132 O 20
2829 5335 2 9 46 O 10
5335 4552 2 9 50 O 30
4552 2827 2 44 243 O 30
2827 3227 2 32 177 M 10
3227 3864 2 15 82 O 30
3864 3231 2 3 13 O 20
3231 33 2 52 285 M 20
2849 3232 2 8 41 O 10
3232 3228 2 29 161 O 20
3232 3233 2 7 35 O 10
3470 3234 2 30 162 M 20
3234 3235 2 20 106 O 10
3236 3237 2 50 275 M 30
1959 2374 2 11 56 O 10
2374 4544 2 5 23 O 10
4544 1072 2 5 23 O 30
1072 3279 2 9 45 O 10
3279 3229 2 8 43 O 30
3229 2929 2 3 13 M 30
2929 2897 2 13 72 O 10
2897 2186 2 3 15 O 30
2186 3238 2 22 117 O 30
3238 2899 2 41 226 O 30
2899 2898 2 18 0 C 0
2898 3239 2 10 0 C 0
4989 4988 1 10 0 C 0
3271 3275 2 20 107 M 20
3272 3274 2 24 129 O 10
3288 2921 2 13 0 C 0
2921 3289 2 7 0 C 0
3289 2925 2 5 0 C 0
2925 3290 2 13 0 C 0
3290 3291 2 19 0 C 0
3291 4495 2 31 172 O 10
4495 4494 2 18 98 O 10
4494 4493 2 9 46 O 10
4493 4492 2 13 67 O 10
4493 3306 2 45 246 O 20
3291 3304 2 18 0 C 0
3304 3305 2 18 0 C 0
3305 3306 2 32 0 C 0
3305 3471 2 8 41 O 30
4495 3294 2 17 92 O 10
3294 3296 2 59 326 M 20
3296 3298 2 21 112 O 20
3294 3295 2 8 42 M 20
3296 3297 2 63 345 M 10
3299 4025 2 11 57 O 20
3300 3301 2 115 637 O 10
2928 3302 2 4 18 O 10
3302 3303 2 48 264 M 10
3280 3281 2 11 58 M 30
3281 3282 2 9 47 M 10
3279 1076 2 17 94 M 10
1076 482 2 40 220 O 30
482 2938 2 6 33 M 10
2938 2178 2 23 126 O 30
2178 3280 2 18 97 O 20
3280 4028 2 12 65 O 20
4028 4511 2 3 15 O 20
4502 4351 2 11 56 O 20
4351 4363 2 6 32 O 10
4363 3401 2 8 43 O 30
3401 2064 2 8 42 O 20
2064 4362 2 11 61 O 10
4362 2062 2 6 29 O 30
2926 3462 2 13 0 C 0
3462 3463 2 53 0 C 0
3463 5624 2 14 76 O 10
5624 3321 2 4 21 O 10
3321 3453 2 67 372 M 30
3453 2951 2 12 65 O 20
2951 5738 2 4 17 O 20
5738 5737 2 13 71 O 20
5737 3464 2 8 40 O 10
3447 3466 2 17 0 C 0
3466 3212 2 36 0 C 0
3447 3443 2 8 0 C 0
3443 3448 2 14 0 C 0
3448 3449 2 39 0 C 0
3442 3465 2 30 0 C 0
3465 3444 2 19 0 C 0
3316 4021 2 20 0 C 0
4021 3444 2 19 0 C 0
3445 3446 2 10 0 C 0
3445 3450 2 38 0 C 0
3450 3451 2 24 128 O 10
3451 3452 2 20 106 O 30
3452 3453 2 26 140 M 10
3446 3449 2 8 0 C 0
3451 3317 2 59 323 O 20
3316 3317 2 53 0 C 0
3317 3454 2 49 268 O 20
3454 3452 2 17 93 O 30
3454 3455 2 40 217 O 30
3321 3320 2 17 93 O 30
3320 3322 2 19 101 O 10
3322 3323 2 65 361 O 10
3323 3324 2 19 101 O 30
3463 4491 2 13 70 O 30
4491 4715 2 64 355 M 10
3461 4715 2 28 0 C 0
1289 3440 2 10 55 O 20
3436 3438 2 40 220 O 10
2086 3436 2 15 0 C 0
3436 3437 2 28 153 O 20
3417 5439 2 49 272 O 10
5439 3418 2 13 71 M 10
3419 3420 2 17 89 O 10
3399 3415 2 17 92 O 10
3416 3417 2 9 45 O 30
3423 3424 2 10 53 O 20
3424 3420 2 53 289 O 10
3420 3421 2 28 155 O 20
3424 3411 2 17 89 O 30
3411 3408 2 33 182 O 30
3421 4419 2 13 71 O 10
4419 3422 2 10 53 O 20
3422 3410 2 18 97 O 20
3410 3411 2 56 310 O 20
3395 3399 2 89 493 O 10
3399 3400 2 101 559 O 10
3588 3402 2 26 141 O 20
3402 3403 2 8 43 O 30
3403 3408 2 14 73 O 20
3408 3409 2 35 189 O 20
3409 3410 2 43 237 O 10
3407 3404 2 18 95 O 30
3404 4417 2 4 21 O 20
4417 3403 2 32 173 O 10
3404 3405 2 27 145 O 30
3405 3406 2 19 102 O 30
3406 3407 2 24 131 O 30
4341 206 2 7 36 M 20
206 3335 2 11 59 O 10
3335 2053 2 51 280 O 30
2053 3332 2 46 255 O 10
3332 3336 2 13 69 O 30
3336 3333 2 25 135 M 30
3333 3334 2 16 86 O 20
3334 3365 2 16 88 O 20
3365 3364 2 21 113 O 30
3364 5437 2 13 72 M 20
5437 3366 2 20 106 O 10
3325 3330 2 50 273 O 20
3330 3331 2 17 92 M 10
3331 3332 2 30 165 O 10
3349 3350 2 3 16 O 20
3350 3351 2 29 158 O 10
3351 3352 2 26 141 O 10
3352 3354 2 28 153 O 20
3354 3322 2 35 192 O 20
3322 3355 2 15 81 O 20
3355 3356 2 16 85 O 20
3356 3357 2 20 107 O 10
3357 3358 2 20 111 O 20
3358 3359 2 20 106 M 10
3359 3311 2 31 172 M 30
4503 3343 2 56 308 M 10
3340 6081 2 29 158 O 30
6081 3327 2 10 52 O 10
2715 3333 2 10 52 O 10
3333 3337 2 64 353 O 10
3337 3328 2 32 174 O 30
3337 3330 2 25 135 O 20
3331 3335 2 79 436 M 20
3336 3543 2 38 208 O 20
3329 3339 2 12 66 O 20
3339 2716 2 51 282 O 10
2716 3334 2 31 172 O 20
3334 3544 2 18 96 O 30
3367 3365 2 8 44 O 10
3365 3368 2 61 334 O 10
3368 3339 2 37 204 O 30
3358 3361 2 68 374 O 20
3361 3362 2 33 183 O 20
3362 3363 2 12 65 O 30
3363 3364 2 29 157 O 30
3368 3363 2 55 301 O 10
3362 3369 2 18 97 M 10
3369 3371 2 18 97 O 20
3371 3373 2 17 91 O 30
3373 4496 2 17 92 O 10
4496 4497 2 17 92 O 10
4497 3376 2 17 91 O 10
3376 4498 2 8 42 O 20
4498 4499 2 8 43 O 20
4499 3378 2 16 85 O 20
3378 3344 2 10 52 O 30
3369 3370 2 15 81 O 20
3371 3372 2 16 85 O 30
3373 3382 2 36 195 O 30
4496 3374 2 22 117 M 20
4497 3375 2 22 121 O 30
3376 3377 2 21 116 O 10
3474 4498 2 17 90 O 20
4499 3381 2 39 216 O 10
3378 3379 2 23 127 O 20
3345 3380 2 23 125 O 10
3380 3381 2 14 75 M 10
3381 3324 2 25 137 M 30
3324 3382 2 41 225 M 30
3382 3383 2 13 67 O 10
3383 3384 2 20 108 O 10
3384 3361 2 20 109 M 20
3361 3385 2 7 33 O 10
3346 3351 2 83 457 O 20
3347 3348 2 9 47 O 10
3350 3397 2 12 64 O 20
3397 2545 2 3 0 C 0
3352 3353 2 23 127 O 10
3354 3388 2 22 122 M 10
3388 3389 2 12 64 O 20
3389 3390 2 14 73 O 10
3390 3392 2 37 202 O 10
3392 3380 2 18 95 M 30
3392 3389 2 64 351 M 30
3390 3391 2 10 52 O 30
3355 3386 2 33 180 O 10
3386 3323 2 51 283 O 10
3386 3387 2 8 44 O 20
3383 3356 2 69 381 O 30
3384 3357 2 68 378 O 20
3359 3360 2 12 64 O 20
3311 2076 2 37 204 M 10
2076 5022 2 7 36 O 30
5022 2077 2 4 18 O 30
3311 3312 2 8 39 O 30
3312 2927 2 7 38 O 10
2927 2953 2 22 121 O 10
2953 2954 2 2 10 M 10
2954 3313 2 11 59 O 10
1055 3936 2 11 60 O 20
3936 3934 2 3 16 O 10
3934 1056 2 14 77 O 10
3476 3477 2 17 90 O 20
3477 3478 2 10 50 O 20
3478 3479 2 7 35 O 10
3479 3475 2 7 38 O 10
3475 3480 2 20 109 O 10
3481 3483 2 18 96 M 10
3480 3481 2 9 50 O 30
3481 3482 2 10 55 O 20
3479 3484 2 23 124 O 20
3478 3486 2 15 81 O 20
3477 3485 2 10 52 O 10
3804 6001 2 7 0 C 0
6001 1272 2 2 0 C 0
1272 1865 2 26 0 C 0
1865 1866 2 21 0 C 0
1866 1864 2 21 0 C 0
1864 1867 2 15 0 C 0
1867 4987 2 21 0 C 0
4987 2207 2 36 0 C 0
2207 4986 2 4 0 C 0
4986 4985 2 25 0 C 0
4985 4923 2 19 0 C 0
4923 4142 2 8 0 C 0
4142 4924 2 29 0 C 0
4924 6147 2 6 0 C 0
6147 2206 2 29 0 C 0
4836 4889 2 10 0 C 0
4889 2590 2 15 78 O 30
2590 4845 2 2 6 M 10
4845 2888 2 26 140 M 30
2888 4885 2 2 9 M 30
4885 3932 2 14 73 O 30
3932 4883 2 10 50 O 10
4883 4243 2 2 6 O 10
4243 244 2 23 126 O 20
4494 2912 2 13 70 O 10
2912 3292 2 8 40 O 30
3292 2915 2 13 69 O 20
2915 2914 2 6 33 O 20
2914 3293 2 6 29 O 10
3425 3431 2 42 230 M 20
3431 3432 2 12 62 O 20
3431 4422 2 16 88 M 10
4422 3422 2 7 38 O 30
3409 3425 2 16 88 O 10
3425 3426 2 17 92 O 10
3426 3427 2 18 96 O 10
3427 9 2 17 89 O 30
9 1228 2 1 5 O 20
1228 6 2 1 2 O 20
6 1229 2 23 127 O 30
1229 1297 2 12 64 O 20
1297 1230 2 22 120 O 30
1230 1231 2 15 81 M 20
3428 3429 2 14 75 O 20
3429 3430 2 11 60 O 30
3434 973 2 9 49 O 30
973 3467 2 7 37 O 20
3236 3468 2 7 38 O 20
3468 3469 2 10 55 M 10
780 216 2 5 0 C 0
216 6153 2 4 0 C 0
6166 6167 2 25 0 C 0
6167 81 2 16 0 C 0
81 6168 2 10 0 C 0
6179 3158 2 2 0 C 0
3158 6163 2 20 0 C 0
6163 6168 2 32 0 C 0
5353 6113 2 5 0 C 0
6113 2658 2 36 0 C 0
4625 6188 2 24 0 C 0
6193 6196 2 40 0 C 0
6196 6169 2 26 0 C 0
6169 6194 2 23 0 C 0
6194 6195 2 12 0 C 0
6195 6159 2 18 0 C 0
6197 6198 2 20 0 C 0
6183 6200 2 37 0 C 0
6200 6201 2 43 0 C 0
6191 6202 2 21 0 C 0
6202 6201 2 16 0 C 0
6158 4997 2 3 0 C 0
4997 4996 2 6 0 C 0
4996 1029 2 16 0 C 0
1029 2228 2 9 0 C 0
2228 6171 2 14 0 C 0
6171 4584 2 37 0 C 0
6159 6034 2 43 0 C 0
6034 112 2 11 0 C 0
112 1194 2 4 0 C 0
1194 6182 2 20 0 C 0
6182 1193 2 21 0 C 0
1193 1062 2 16 0 C 0
1062 1192 2 17 0 C 0
1192 1191 2 32 0 C 0
1191 5499 2 6 0 C 0
5499 4998 2 8 0 C 0
4998 6160 2 19 0 C 0
6160 4999 2 13 0 C 0
4999 5346 2 6 0 C 0
5346 5352 2 5 0 C 0
5352 6116 2 2 0 C 0
6161 6164 2 35 0 C 0
6164 6167 2 35 0 C 0
6172 4580 1 4 0 C 0
6190 6191 2 17 0 C 0
6191 6192 2 101 0 C 0
6192 6193 2 14 0 C 0
1125 1131 2 23 0 C 0
1131 6087 2 22 0 C 0
6087 1087 2 53 0 C 0
1087 1088 2 34 0 C 0
1088 1089 2 26 0 C 0
1089 1090 2 26 0 C 0
1090 1091 2 26 0 C 0
1091 1092 2 14 0 C 0
1108 1116 2 17 0 C 0
1116 1115 2 28 0 C 0
1125 1126 2 9 0 C 0
1126 4619 2 6 0 C 0
4619 4618 2 2 0 C 0
4618 1127 2 17 0 C 0
6197 6199 2 15 0 C 0
6199 1127 2 37 0 C 0
4971 3954 2 71 0 C 0
3954 6190 2 7 0 C 0
6198 4479 2 38 0 C 0
1167 1168 1 17 0 C 0
1092 4481 2 21 0 C 0
1101 4617 2 2 0 C 0
4617 4615 2 4 0 C 0
4615 1103 2 9 0 C 0
1103 1104 2 8 0 C 0
1104 2959 2 5 0 C 0
2959 1105 2 9 0 C 0
1105 2960 2 11 0 C 0
2960 1106 2 3 0 C 0
1106 1107 2 9 0 C 0
1107 1100 2 9 0 C 0
1100 80 2 12 0 C 0
80 5475 2 1 0 C 0
5475 1123 2 7 0 C 0
1123 1099 2 2 0 C 0
5307 5117 2 5 25 O 10
5117 5116 2 21 113 O 30
1593 6055 1 64 0 C 0
2843 3549 1 39 212 M 30
3496 1215 1 47 259 O 20
1216 1217 1 23 126 M 30
1218 1219 1 20 110 O 20
3549 1220 1 22 119 O 30
4714 1810 2 3 12 O 30
1810 1748 2 45 248 M 20
1748 1749 2 7 34 M 10
1209 1219 1 13 69 O 10
1219 3590 1 7 37 O 10
1221 2861 1 23 124 M 20
1203 5227 1 5 27 O 20
5227 5382 1 3 16 O 10
5382 1204 1 2 7 O 10
1204 4720 1 4 17 O 30
4720 1417 1 12 63 O 30
1417 1205 1 10 51 O 30
3690 4761 2 5 27 O 30
4761 368 2 31 171 M 30
368 1223 2 26 139 M 30
1223 2472 2 9 47 O 30
2472 2500 2 6 33 M 20
2500 2487 2 20 110 O 20
2487 2476 2 12 66 O 10
2476 2490 2 3 11 M 20
2490 1224 2 6 29 O 10
1224 353 2 3 14 O 30
353 5416 2 5 26 O 30
5416 5419 2 11 58 M 30
5419 5421 2 3 13 O 10
5421 2494 2 8 41 M 20
2494 4764 2 7 36 M 20
4764 2239 2 10 53 O 20
2239 2238 2 10 54 M 10
2238 2503 2 9 46 O 10
2503 2521 2 6 32 O 20
2521 2527 2 7 37 M 10
2527 4756 2 10 54 M 30
1235 1266 2 21 114 M 10
1266 1267 2 19 102 M 10
1267 1268 2 29 156 O 30
1268 1259 2 26 140 O 20
1259 1236 2 17 93 O 30
5077 1230 2 47 257 O 30
3427 1238 2 54 297 M 10
1238 1082 2 9 46 O 10
1239 4431 2 9 46 O 10
4431 4433 2 8 42 O 20
4433 1242 2 11 56 M 10
1242 4436 2 11 57 O 30
4436 4446 2 12 63 O 10
4446 4448 2 8 39 M 10
4448 4444 2 15 81 O 30
4444 359 2 10 50 M 10
359 4442 2 7 34 O 20
4442 4440 2 10 54 M 10
4440 3986 2 2 9 M 10
3986 4437 2 8 44 O 20
4437 4449 2 18 95 O 20
4449 1243 2 10 53 O 10
1240 1245 2 53 291 O 20
1245 5993 2 18 98 O 20
5993 1246 2 9 45 M 20
1246 1247 2 17 94 O 30
1247 2892 2 45 250 O 30
2892 1243 2 2 9 M 10
1245 1241 2 61 0 C 0
1241 1248 2 16 0 C 0
1249 1251 2 22 0 C 0
1251 1252 2 15 0 C 0
1252 1253 2 15 0 C 0
1228 1255 2 20 108 O 30
1255 1254 2 21 113 O 10
1254 1238 2 9 46 M 10
1255 1256 2 8 39 O 30
1254 4222 2 9 50 O 30
1257 1258 2 14 75 M 30
1259 1260 2 44 241 O 20
1260 1261 2 8 42 O 10
1263 1265 2 17 90 M 20
1265 1266 2 27 147 O 20
1265 1267 2 33 180 O 30
1268 1260 2 11 58 O 30
1270 1271 2 28 154 O 20
1250 6177 2 8 0 C 0
6177 1077 2 6 0 C 0
1077 15 2 4 0 C 0
15 16 2 6 0 C 0
16 4223 2 2 0 C 0
4223 5994 2 18 0 C 0
5994 1226 2 8 0 C 0
1226 6030 2 2 0 C 0
6030 22 2 20 0 C 0
22 3895 2 6 0 C 0
3895 6029 2 12 0 C 0
6029 1227 2 3 0 C 0
1262 1263 2 21 114 O 30
1263 1264 2 19 101 O 30
1261 1271 2 17 92 O 30
1271 1262 2 8 42 M 30
1262 1269 2 16 85 O 20
1236 1257 2 19 100 O 30
1257 1237 2 17 89 O 20
1237 1229 2 37 203 O 20
1233 975 2 6 28 O 20
975 969 2 6 33 O 30
969 1239 2 7 36 O 30
1239 970 2 7 38 M 10
970 1240 2 10 54 M 30
1240 4429 2 7 36 O 10
1243 1244 2 38 210 M 20
1246 3106 2 14 75 O 30
1253 1227 2 52 0 C 0
5117 1273 2 16 88 O 10
1273 1274 2 44 240 M 20
1274 1275 2 20 109 O 20
1275 1276 2 54 299 O 20
1280 1279 2 12 62 O 10
1279 1278 2 30 162 O 30
1278 1276 2 14 76 O 10
1276 2893 2 8 39 O 30
2893 1277 2 8 41 O 20
1277 1286 2 4 18 M 20
1281 1280 2 12 66 O 20
1280 1282 2 10 53 O 20
1278 1283 2 14 77 O 30
1279 1285 2 22 117 O 10
1273 5198 2 42 230 O 10
5198 1274 2 16 84 M 10
3398 2545 1 15 0 C 0
2545 4488 1 17 0 C 0
4488 1290 1 29 161 O 10
1290 1289 1 39 214 O 10
1289 1234 1 64 350 O 20
1234 979 1 23 123 O 10
979 1233 1 10 50 O 20
1233 1081 1 63 348 M 10
1081 1232 1 114 629 O 10
4451 1282 2 6 30 O 30
1282 1283 2 55 305 O 30
1283 1996 2 7 34 M 20
1996 1284 2 14 75 O 30
3398 5003 2 105 578 O 30
5003 3320 2 9 47 O 10
3320 3313 2 107 592 O 10
3313 4521 2 4 17 O 20
1292 1296 2 16 85 O 30
1296 5802 2 6 29 O 10
5802 2639 2 25 134 O 10
1295 1294 2 5 24 O 20
1294 1296 2 51 283 O 10
1297 5076 2 54 298 M 20
1292 3553 2 34 185 O 10
3553 1295 2 7 36 O 10
2638 4776 2 8 40 M 10
4776 3126 2 37 204 M 30
2843 1293 2 3 16 O 30
1304 1324 2 11 0 C 0
1324 1323 2 36 0 C 0
1449 1457 2 17 92 O 30
1457 1459 2 18 96 O 10
1459 1462 2 18 98 O 10
1462 1450 2 47 259 O 30
1450 1463 2 24 128 O 20
1463 1019 2 5 27 O 20
1019 1016 2 8 40 O 30
1016 5494 2 4 21 O 30
5494 5491 2 4 18 M 20
5491 1310 2 3 16 M 30
1307 1368 1 9 47 O 10
1368 1308 1 5 27 O 20
1308 3729 1 10 54 O 30
1312 1317 2 26 0 C 0
1317 1319 2 17 0 C 0
1319 1313 2 16 0 C 0
1316 1317 2 42 230 O 30
1319 1322 2 14 0 C 0
1322 1318 2 60 328 O 30
1320 1321 2 53 291 O 10
1322 1320 2 19 0 C 0
1313 1323 2 17 0 C 0
1338 1324 2 20 0 C 0
1325 1326 2 66 362 M 20
1327 1329 2 23 123 M 30
1329 1325 2 23 0 C 0
1328 1329 2 56 308 O 10
1490 1454 2 56 311 O 20
1335 1576 2 20 106 O 20
1576 1330 2 54 297 M 30
1332 1327 2 18 100 O 20
1327 1330 2 42 231 O 30
1330 1328 2 12 66 O 20
1328 1331 2 16 86 O 10
1333 1334 2 17 93 O 10
1355 1336 2 18 95 O 30
1336 1576 2 52 287 O 10
1337 5513 2 13 70 M 10
4553 1342 2 27 0 C 0
1342 1338 2 15 0 C 0
1357 1337 2 11 57 O 20
1337 1339 2 18 97 O 10
1359 1361 2 5 28 O 30
1361 1340 2 7 37 O 20
1340 1336 2 13 68 O 30
1336 1335 2 21 116 O 10
1335 1332 2 17 91 O 30
1332 1341 2 10 54 O 20
1343 1341 2 19 103 O 10
1346 3678 2 27 149 O 20
3678 2793 2 20 108 O 20
2793 1347 2 10 55 O 30
1348 2799 2 10 51 O 10
2799 6150 2 10 51 M 10
6150 1344 2 6 33 O 30
2790 3664 2 56 307 O 10
1350 3053 2 6 29 O 10
3053 1351 2 24 131 O 30
1356 1340 2 26 139 O 20
1358 1359 2 18 98 O 10
1360 1361 2 20 108 O 30
2821 1466 2 20 107 O 20
1466 1384 2 25 133 O 10
1384 1365 2 26 143 M 10
1365 1363 2 42 231 O 30
1363 952 2 13 68 O 10
952 1364 2 3 15 O 30
1364 4591 2 23 124 O 20
4591 1376 2 25 137 O 10
1376 3584 2 16 84 O 20
3584 2112 2 25 136 M 10
2112 5520 2 8 44 M 30
5520 5517 2 11 60 O 20
5517 2358 2 18 99 O 10
1366 1370 2 20 107 M 20
1370 1371 2 16 87 O 30
1371 1373 2 17 90 O 10
1373 1364 2 17 92 O 10
1369 1370 2 53 291 O 10
1372 1373 2 49 272 O 30
1374 1369 2 16 88 O 30
1369 1375 2 17 93 O 10
1375 1372 2 16 87 O 20
1372 1376 2 22 118 M 10
1385 4604 2 2 7 O 20
4604 1379 2 22 119 O 30
1387 1382 2 26 139 M 10
1396 1397 2 18 96 O 10
1399 1397 2 4 22 O 20
1397 1389 2 13 68 O 20
1389 1401 2 7 35 O 10
1401 1403 2 15 78 O 10
1403 397 2 10 51 M 10
1400 1401 2 11 58 M 20
1402 1403 2 8 43 O 30
1404 1390 2 15 78 O 30
1391 4595 2 41 222 O 10
4595 5870 2 1 3 O 10
5870 1405 2 3 15 O 30
1377 1412 2 10 51 O 10
1412 2871 2 16 86 O 30
2871 1409 2 11 57 M 10
1411 1412 2 25 139 O 20
1415 1416 1 70 387 O 30
1417 1418 1 25 135 O 30
1434 5206 2 5 25 O 30
5206 3513 2 4 22 O 10
3513 5282 2 23 122 M 20
5282 3898 2 14 74 O 20
3898 1435 2 16 85 O 30
1435 3763 2 7 38 M 10
3763 5942 2 3 16 M 20
5942 3762 2 7 37 O 10
3762 1420 2 13 69 O 20
1420 5204 2 7 35 O 30
5204 1416 2 7 34 O 10
1416 3761 2 13 72 M 30
3761 3760 2 12 65 O 10
3760 3848 2 12 64 O 20
3848 1419 2 21 116 O 30
1585 1591 1 12 63 O 30
1591 5181 1 39 211 O 10
5181 5180 1 70 0 C 0
1436 1438 1 13 68 O 30
5194 1439 1 5 26 O 20
1440 1444 1 5 27 M 30
1443 1442 1 13 68 O 10
1301 367 1 77 422 O 10
367 366 1 3 16 O 30
366 2331 1 31 169 M 30
1447 1445 1 9 49 O 10
1448 3688 1 39 214 M 10
1435 5458 2 11 57 O 20
5458 5756 2 8 44 O 10
5756 1429 2 29 160 O 10
1454 1455 2 98 539 O 20
1456 1457 2 15 83 O 30
1458 1459 2 14 77 M 20
1460 1461 2 12 63 O 10
1462 1461 2 49 271 O 20
1461 1463 2 48 262 M 20
3730 1367 1 15 80 M 20
1367 1307 1 9 48 O 20
1384 1465 2 24 130 O 20
1465 1464 2 26 140 O 20
1465 1467 2 26 140 O 10
1467 1466 2 29 157 O 20
1467 1473 2 25 137 O 30
1473 1468 2 35 193 O 30
1468 1472 2 20 107 M 10
1472 1471 2 19 105 O 30
1470 5528 2 33 183 O 20
5528 1471 2 17 92 O 20
1473 1470 2 36 198 O 10
1470 1472 2 27 148 M 20
1474 1478 2 21 114 O 30
1478 1475 2 81 444 O 30
1475 4771 2 10 55 O 30
1476 6136 2 35 194 O 20
6136 1477 2 58 322 M 10
1452 1488 2 65 361 O 10
1488 1483 2 21 117 M 30
1453 1484 2 91 504 O 20
1485 5530 2 10 55 O 30
5530 5531 2 2 8 O 30
5531 1483 2 21 111 O 10
1483 1484 2 20 108 O 30
1484 1450 2 21 115 O 20
1486 1487 2 49 267 O 10
1488 4755 2 48 265 O 10
4755 1489 2 23 127 O 30
2879 1491 2 6 31 O 20
1491 1492 2 66 365 O 30
1492 5838 2 7 34 M 10
5838 4752 2 5 26 O 10
4752 1493 2 7 37 O 20
1493 1494 2 2 11 M 10
1496 1497 2 5 22 O 20
1498 1497 2 40 217 O 30
1497 5199 2 16 86 O 30
5199 1499 2 28 153 O 30
1500 1495 2 23 127 M 30
1495 1498 2 15 79 O 20
1498 1501 2 15 79 O 20
1501 1499 2 16 87 O 10
1499 4293 2 19 102 O 30
4293 1518 2 13 71 O 10
1518 1519 2 25 136 O 30
1519 1523 2 11 58 O 30
1523 1502 2 17 93 M 20
1503 1501 2 31 170 O 30
1504 1503 2 11 57 M 30
1503 1505 2 35 193 O 30
1506 1507 2 21 116 O 10
1508 1507 2 9 45 M 10
1507 4294 2 12 66 O 20
4294 1509 2 54 296 O 20
1510 1511 2 8 43 M 10
1512 1505 2 46 255 O 20
1505 1509 2 26 142 O 10
1509 1511 2 12 62 O 10
1511 1513 2 26 140 O 30
1513 1514 2 21 112 O 10
1515 1516 2 67 368 O 30
1513 1516 2 18 98 M 20
1516 1517 2 27 147 M 30
1517 1515 2 34 188 O 20
1515 1512 2 13 70 O 10
1512 1518 2 12 66 O 30
1519 1522 2 26 140 O 30
1522 1520 2 20 111 O 30
1521 1522 2 5 28 O 30
1523 1525 2 29 158 O 10
1525 1524 2 38 210 M 10
1524 5093 2 33 179 O 10
5093 1525 2 30 165 M 10
1527 1697 2 3 14 O 10
1533 1536 2 15 83 O 30
1536 1529 2 23 127 O 30
1529 6067 2 34 186 M 10
6067 1528 2 5 25 O 20
1528 1530 2 36 200 M 10
5312 5250 2 18 98 O 20
5250 5249 2 14 76 O 20
1535 1536 2 46 251 O 10
1537 250 2 7 35 O 20
250 1529 2 11 57 O 10
1538 346 2 1 3 M 30
346 1535 2 38 207 O 20
1535 1539 2 16 84 O 10
1539 1556 2 23 124 O 30
1556 1540 2 27 146 O 20
1540 1541 2 30 162 O 10
1541 1542 2 15 79 O 20
1695 1554 2 13 67 O 30
1554 1545 2 16 87 M 10
1545 1550 2 11 57 O 30
1550 1558 2 18 95 O 30
1558 1540 2 38 209 M 30
1541 1546 2 102 566 O 20
1559 1561 2 24 128 M 30
1561 4672 2 26 140 O 20
4672 1701 2 9 47 O 20
1548 1549 2 16 89 O 30
1550 1551 2 36 196 O 10
1552 1545 2 9 48 O 10
1553 1554 2 27 146 O 10
1555 1556 2 16 88 M 30
1557 1558 2 26 140 O 10
1560 1561 2 20 109 M 20
2114 3518 2 4 18 M 30
3518 3520 2 5 27 O 20
3520 1562 2 25 139 O 20
1564 4321 2 24 129 O 20
4321 1565 2 19 102 M 20
1566 4328 2 11 60 O 30
4328 1564 2 19 101 O 10
1564 4383 2 8 41 O 30
4383 1570 2 1 4 O 20
1570 1567 2 17 94 O 20
1567 4389 2 12 66 M 10
4389 4395 2 14 76 O 10
4395 2091 2 4 18 M 30
1567 1568 2 32 176 O 10
1569 1574 2 21 113 O 30
1574 1570 2 17 89 O 20
1571 1573 2 8 42 O 30
1573 4340 2 2 9 O 30
4340 4338 2 8 39 M 20
4338 1572 2 6 31 O 10
1573 1574 2 12 64 O 10
4686 1539 2 13 69 O 20
1539 1533 2 55 303 O 10
1533 1696 2 17 91 O 30
1286 126 2 9 46 O 20
126 6062 2 2 8 O 10
6062 1495 2 19 100 O 30
1429 5735 2 12 63 M 10
5735 5733 2 58 320 M 10
5733 2141 2 22 121 O 30
1446 1448 1 9 48 O 30
1542 1548 2 40 220 O 30
1548 1546 2 54 296 M 30
1546 1694 2 23 127 O 30
1454 1452 2 23 124 O 30
1452 1453 2 18 97 O 30
1453 1449 2 18 97 O 10
1449 1455 2 19 101 O 20
1455 1331 2 33 179 O 20
1331 1326 2 11 60 O 30
1489 1490 2 64 352 O 30
1463 1487 2 18 96 O 30
1487 1491 2 71 394 M 10
1314 1321 2 18 98 M 10
1321 1318 2 16 89 O 10
1318 1311 2 18 100 O 30
1311 1315 2 7 38 O 10
1307 4771 2 4 19 M 20
4771 1476 2 19 102 O 20
1476 1363 2 39 214 O 20
1363 954 2 12 62 O 30
954 1378 2 63 345 M 30
6092 2325 1 3 0 C 0
2325 6091 1 3 15 O 30
6091 5193 1 33 178 O 20
5193 5192 1 3 13 M 20
5192 1587 1 52 286 O 10
2051 1588 1 122 676 O 30
1588 5188 1 3 14 O 30
1431 1589 1 14 76 O 20
1590 1591 1 18 95 O 20
1593 3652 1 51 0 C 0
1595 1597 1 9 47 O 30
1598 1599 1 10 54 M 30
5196 4723 2 39 213 O 10
1604 1427 2 5 26 O 10
1427 1605 2 69 382 O 30
1607 1426 2 74 407 O 10
1592 1577 1 15 79 O 10
1577 1589 1 9 45 O 30
1589 3715 1 6 29 O 10
3715 5188 1 11 57 O 10
5188 3716 1 21 112 O 20
166 4685 1 74 407 O 10
4685 4684 1 2 9 O 30
4684 2381 1 117 649 O 20
149 4588 1 3 0 C 0
4588 4576 1 29 0 C 0
4576 1926 1 34 0 C 0
1926 1622 1 22 0 C 0
1622 1932 1 11 0 C 0
1932 3938 1 19 0 C 0
3938 1631 1 31 0 C 0
1631 4990 1 19 0 C 0
1645 6120 1 17 0 C 0
6120 5002 1 1 0 C 0
267 1646 1 31 0 C 0
1675 1676 1 3 0 C 0
1678 1679 1 126 0 C 0
1680 1681 1 16 0 C 0
1108 1109 2 30 0 C 0
1109 1110 2 22 0 C 0
1110 1096 2 21 0 C 0
1096 1111 2 55 0 C 0
1111 1112 2 46 0 C 0
1112 3169 2 20 0 C 0
3169 1113 2 38 0 C 0
1113 3721 2 36 0 C 0
2225 1999 2 10 54 O 20
1700 1693 1 20 109 O 10
1693 1694 1 17 89 O 30
1694 1695 1 31 169 O 10
1695 1696 1 46 252 O 20
1696 1697 1 74 409 O 20
1697 4728 1 20 109 O 20
4728 3929 1 4 21 O 10
3929 1698 1 36 199 M 20
1698 1699 1 7 38 O 10
1804 1964 2 2 8 O 30
1964 2855 2 6 28 O 30
2855 2858 2 16 83 O 10
2858 2857 2 3 14 M 10
2857 5891 2 17 91 O 20
5891 1755 2 8 40 O 10
1755 4724 2 78 428 O 10
4724 4673 2 48 267 O 10
4673 4725 2 18 98 O 10
4725 1754 2 2 8 O 10
1754 1756 2 21 115 O 10
1756 5862 2 5 24 O 10
5862 3695 2 11 56 M 20
1685 4012 2 69 378 O 20
4012 1703 2 39 213 O 30
1703 1704 2 36 195 O 10
1704 4701 2 107 591 O 20
1703 1705 2 19 103 O 10
1704 1707 2 28 152 O 30
1707 6206 2 14 76 O 10
6206 5894 2 3 12 O 10
5894 1687 2 5 24 O 10
1706 1717 2 4 21 O 30
1717 1708 2 20 107 O 20
1692 1709 2 35 192 M 30
1709 1710 2 11 57 M 20
1710 1711 2 23 122 O 20
1721 1712 2 9 50 O 30
1712 1711 2 52 284 M 30
1711 1719 2 52 285 O 30
1719 1691 2 13 72 O 30
1707 1713 2 14 77 O 30
1710 1714 2 12 65 O 30
1714 1718 2 19 105 O 10
1709 2429 2 17 90 O 30
2429 2431 2 7 34 O 30
2431 1712 2 65 358 O 20
1715 1716 2 8 41 O 10
1705 1717 2 29 157 M 20
1705 1706 2 10 53 O 30
1706 1715 2 52 289 O 20
1715 1686 2 25 135 O 20
1719 1720 2 26 144 O 10
1722 1721 2 23 127 O 20
1721 1723 2 113 627 O 10
1723 1724 2 39 212 M 30
1724 1725 2 16 84 O 10
1725 1726 2 17 93 M 10
1726 1741 2 64 354 O 10
1741 1727 2 12 0 C 0
1724 1728 2 80 441 M 30
1726 1729 2 18 96 O 30
1723 1730 2 35 190 M 30
1731 1740 2 19 104 O 30
1740 4675 2 49 271 O 10
4675 1732 2 7 34 O 20
1732 1733 2 59 326 O 30
1737 1733 2 7 35 O 20
1733 1738 2 12 66 O 20
1738 1739 2 15 83 O 10
1739 1725 2 17 91 M 10
1740 1734 2 65 359 M 30
1734 1738 2 57 316 O 20
1638 1735 2 86 476 O 10
1735 1739 2 63 347 O 20
1739 1741 2 67 372 O 10
1742 5365 2 2 9 O 30
5365 1727 2 62 0 C 0
1759 1750 2 37 204 O 20
1750 1757 2 24 129 O 10
1757 6073 2 20 109 M 10
6073 6149 2 3 16 O 20
6149 1756 2 13 67 O 30
4271 4270 2 24 129 O 10
4270 4726 2 6 30 O 10
1751 1758 2 39 216 O 20
1758 2904 2 3 14 O 10
2904 1759 2 14 73 O 30
1760 1761 2 23 124 O 10
1758 1762 2 32 177 O 10
4756 2456 2 6 32 O 10
2456 2448 2 11 60 O 20
2448 1225 2 4 18 O 20
1225 4319 2 8 39 O 20
4319 2471 2 6 31 M 10
2471 4313 2 6 30 O 30
4313 2470 2 5 22 O 20
2470 6222 2 6 31 O 30
6222 6221 2 2 11 O 10
6221 5333 2 19 101 O 30
5333 1766 2 18 97 O 10
1766 6077 2 8 39 O 30
6077 6075 2 14 76 O 30
6075 4724 2 10 51 M 30
4724 1752 2 19 102 O 20
1223 1763 2 6 30 M 30
1763 1764 2 22 120 O 10
1764 1769 2 13 68 M 20
1769 1765 2 7 36 O 10
1768 1769 2 35 190 O 30
1770 1768 2 6 33 O 20
1768 1764 2 21 113 O 10
1764 1771 2 12 63 O 20
1771 1772 2 10 53 O 20
1772 1773 2 9 48 O 30
1773 1774 2 15 80 O 30
1774 2484 2 13 69 O 20
1771 1775 2 16 84 O 20
1773 1776 2 13 69 O 20
1778 1779 2 10 50 O 10
4669 1010 2 15 81 M 30
1010 1006 2 9 47 O 20
1006 1781 2 10 50 O 30
1781 3116 2 17 93 M 10
1808 1807 2 56 306 M 10
1825 1782 2 30 165 O 20
1782 1791 2 12 64 M 20
1791 1784 2 19 103 O 30
1784 1197 2 53 289 M 30
1197 1196 2 18 99 O 30
1196 1785 2 19 102 O 10
1784 1786 2 20 110 O 20
1787 1786 2 17 94 M 30
1786 1788 2 94 520 O 20
1791 210 2 61 333 M 20
210 5727 2 29 160 O 10
5727 1792 2 8 42 O 10
1796 1798 2 78 430 O 10
1798 1793 2 20 108 O 20
1793 1970 2 6 29 O 30
1970 1955 2 2 9 O 20
1801 1800 2 52 288 O 20
1800 6084 2 65 360 O 10
6084 1799 2 8 44 O 10
1798 1802 2 69 379 O 30
1802 1640 2 28 152 O 20
1802 1803 2 14 73 O 20
1803 1800 2 17 92 O 10
4711 1805 2 24 133 O 10
1805 1809 2 19 105 M 30
1810 1811 2 22 117 O 10
1811 1806 2 18 99 O 20
1807 1814 2 25 138 O 10
1811 1816 2 37 205 M 20
1817 1818 2 12 64 O 20
1818 1819 2 30 161 M 30
1819 1813 2 37 205 O 10
1813 1820 2 45 249 O 20
1821 1822 2 7 35 O 30
1822 1818 2 19 105 M 20
1822 1823 2 11 60 O 10
1821 1824 2 18 99 M 30
3928 4727 1 2 6 O 30
4727 1527 1 21 117 M 10
1527 4277 1 15 78 O 10
4277 2291 1 24 129 O 10
2291 1534 1 37 201 O 30
1534 5393 1 9 48 O 20
5393 5398 1 23 125 O 20
5398 1544 1 15 80 O 20
1544 5406 1 14 72 O 20
5406 1543 1 18 96 O 30
1543 1701 1 17 90 O 20
1701 3493 1 9 45 M 10
1765 4303 2 51 281 O 10
4303 1766 2 17 94 O 10
1225 2535 2 7 39 O 30
2535 4803 2 4 18 M 10
1779 1780 2 7 35 M 10
1777 1774 2 6 29 O 10
1774 4762 2 9 47 O 10
4762 1780 2 21 116 M 30
4700 1750 2 12 65 O 20
1750 1751 2 18 98 O 10
1751 4674 2 2 10 O 30
4674 1761 2 20 109 O 20
1761 1752 2 28 151 M 30
1752 5876 2 38 209 O 20
5876 4751 2 44 240 O 20
4751 1753 2 2 10 O 10
4709 1782 2 48 264 O 20
1825 1826 2 10 52 M 20
1788 1789 2 23 123 O 10
1789 1785 2 9 47 O 10
1785 1790 2 44 240 O 20
1794 1795 2 42 232 O 20
1795 1792 2 13 68 O 30
1792 5729 2 9 50 M 30
5729 1796 2 23 125 O 10
1796 1797 2 20 109 O 10
1799 2587 2 6 32 M 30
2587 1793 2 27 148 O 20
1827 1828 2 14 77 O 10
1828 1844 2 10 50 O 10
1844 1829 2 16 83 O 20
1832 6089 2 25 0 C 0
6089 1834 2 45 0 C 0
1834 5830 2 35 0 C 0
5830 1843 2 17 0 C 0
1843 1839 2 58 0 C 0
1833 2381 2 20 0 C 0
1841 1842 2 4 0 C 0
1835 1841 2 55 0 C 0
168 5287 1 7 34 O 30
5287 3826 1 10 51 O 10
3826 5288 1 15 79 M 20
5288 5228 1 10 51 O 20
5228 5744 1 2 10 O 30
5744 1601 1 11 56 M 20
1844 1845 2 57 312 M 20
1845 1830 2 18 99 O 20
1845 1846 2 16 85 M 10
2382 1829 2 15 79 O 10
1829 1830 2 46 252 O 20
1830 6088 2 13 0 C 0
6088 5915 2 10 0 C 0
5915 122 2 15 0 C 0
122 1831 2 7 0 C 0
1831 3657 2 8 0 C 0
4042 1840 2 6 0 C 0
1840 1839 2 9 0 C 0
1849 3668 2 49 0 C 0
1854 1861 2 23 124 O 30
1862 1861 2 20 107 M 20
1863 1852 2 47 260 O 30
1852 1854 2 38 206 O 10
1854 1855 2 78 0 C 0
1855 1856 2 43 0 C 0
1856 2733 2 4 0 C 0
1873 1875 1 13 69 O 20
1874 704 1 8 44 O 20
704 5197 1 22 118 O 10
5197 5195 1 2 11 O 10
5195 3970 1 14 76 M 20
3970 1689 1 52 289 O 30
1689 1690 1 44 243 O 30
1690 1691 1 16 87 O 10
1691 3955 1 43 235 O 30
3955 1692 1 23 124 O 10
1692 3757 1 10 53 M 10
3757 3845 1 48 265 O 10
3845 3806 1 20 110 O 30
3806 1722 1 13 68 M 20
1722 1639 1 20 111 O 20
1875 5225 1 31 171 O 10
5225 1433 1 6 32 O 30
1433 5222 1 5 25 M 10
5222 3128 1 10 53 M 10
3128 1287 1 12 62 O 30
1287 1068 1 16 87 O 10
1068 1286 1 49 270 O 30
1286 1080 1 126 697 O 10
1080 2865 1 114 631 O 20
2865 1082 1 63 350 O 10
1082 3393 1 31 171 O 10
3393 3394 1 64 354 O 10
3394 3395 1 39 215 M 10
3395 3396 1 29 157 O 20
3396 3397 1 17 91 M 30
3397 3398 1 15 0 C 0
1876 1874 1 13 72 O 20
1893 1895 2 21 111 O 20
1895 1888 2 122 673 O 30
1880 1884 2 54 296 O 10
1889 1882 2 19 104 O 30
1882 1890 2 19 103 O 10
1890 1901 2 13 72 O 20
1901 1886 2 8 42 M 30
1894 4734 2 36 195 O 20
4734 1895 2 63 346 M 20
1901 1896 2 41 225 O 20
1898 1899 2 73 401 O 10
1883 1891 2 19 0 C 0
1900 1899 2 11 59 O 20
1899 1902 2 9 47 O 10
648 1897 2 34 0 C 0
1881 1904 2 16 84 O 20
1892 1889 2 40 219 O 20
1889 1904 2 52 286 M 30
1905 1906 2 3 0 C 0
1619 1918 2 4 0 C 0
1918 5154 2 27 0 C 0
5154 1917 2 48 0 C 0
1917 1919 2 29 0 C 0
1919 1920 2 20 0 C 0
1920 1921 2 7 0 C 0
1927 1923 2 9 49 O 30
1929 1930 2 29 159 O 30
1930 6212 2 20 106 O 10
6212 1923 2 10 55 O 10
1923 2310 2 7 34 O 20
1927 1928 2 29 161 O 30
4721 1942 2 35 191 O 10
1942 5168 2 11 58 O 30
5168 1937 2 11 57 O 30
1937 1953 2 21 113 O 10
1953 1950 2 33 182 O 30
1950 1951 2 41 0 C 0
1951 1954 2 22 0 C 0
1083 1167 1 22 0 C 0
1735 1734 2 21 114 O 10
1734 1732 2 17 89 O 20
1732 1613 2 6 29 O 20
1613 1614 2 3 16 M 30
1614 1946 2 3 12 M 10
1946 5779 2 6 31 M 10
5779 5140 2 7 38 O 10
5140 1937 2 8 39 O 30
1937 1938 2 21 115 O 10
1938 5141 2 39 217 O 30
5141 1939 2 9 0 C 0
1941 5776 2 6 28 O 20
5776 1942 2 14 77 O 20
1942 3958 2 46 255 O 10
3133 3134 1 17 90 M 20
1959 2375 1 11 59 O 10
2375 4515 1 152 841 O 30
1974 1975 2 3 0 C 0
1975 4054 2 25 0 C 0
4054 5134 2 18 0 C 0
5134 339 2 3 0 C 0
339 4053 2 18 0 C 0
4053 5133 2 8 0 C 0
5133 4041 2 6 0 C 0
4041 4019 2 5 0 C 0
4019 1972 2 6 0 C 0
1977 1980 2 13 0 C 0
1980 1993 2 36 0 C 0
1993 350 2 2 0 C 0
350 1984 2 12 0 C 0
1984 1978 2 26 0 C 0
1980 1985 2 11 0 C 0
1985 1983 2 58 0 C 0
1983 1981 2 30 163 O 20
349 1983 2 8 41 O 30
1983 1986 2 15 82 O 20
1986 1989 2 13 67 O 10
1989 1984 2 12 0 C 0
1985 1992 2 33 0 C 0
1992 1986 2 15 80 O 20
1986 1987 2 28 156 O 20
1989 1990 2 27 147 M 20
3173 2588 1 19 105 M 20
3148 5350 2 7 38 O 10
5350 2030 2 22 119 O 20
2030 2000 2 54 299 O 20
2000 4731 2 13 70 O 20
4505 2021 2 12 62 O 10
2021 2019 2 12 63 O 30
2019 2010 2 65 358 O 30
2010 2001 2 31 171 M 30
2048 2047 2 37 201 M 30
2003 2004 2 63 349 O 30
2011 2018 2 16 88 M 10
2018 2012 2 12 66 M 20
2011 2020 2 47 260 O 30
4227 2022 2 14 77 O 10
2020 4504 2 34 187 O 20
2021 2022 2 36 197 M 30
2022 2023 2 43 238 O 30
4507 2023 2 25 0 C 0
2023 2027 2 13 71 O 30
2027 2016 2 7 35 O 10
2016 4694 2 18 97 O 10
4694 2025 2 4 19 O 10
2025 4509 2 14 78 O 20
4509 2024 2 31 169 O 20
2027 2028 2 9 45 O 20
4226 5136 2 6 28 O 30
5136 5135 2 2 10 M 20
5135 4226 2 2 11 O 30
2014 4537 2 46 254 O 20
4537 4508 2 19 101 O 30
2030 3178 2 18 98 O 30
3178 2034 2 3 13 O 20
2034 2037 2 14 73 O 30
2037 3177 2 11 61 O 20
3177 2001 2 5 26 O 10
2001 2031 2 17 94 O 10
2034 2035 2 20 107 O 30
2035 2038 2 13 71 O 20
2037 2038 2 19 103 O 10
2032 4508 2 36 198 O 20
2014 2043 2 17 93 O 20
2043 2040 2 18 98 O 30
2031 2032 2 7 39 O 10
2032 2036 2 11 56 O 10
145 5152 1 9 0 C 0
5152 5146 1 18 0 C 0
5146 1632 1 20 0 C 0
1632 5148 1 19 0 C 0
5148 3179 1 20 0 C 0
2005 2006 2 26 139 O 20
2015 2016 2 36 196 O 30
2012 2013 2 20 108 O 10
2013 2015 2 27 149 O 30
2042 2043 2 46 251 M 20
2043 2044 2 41 0 C 0
2044 2045 2 70 0 C 0
2039 0 2 36 200 O 10
0 2040 2 10 0 C 0
2040 5345 2 9 0 C 0
5345 4536 2 2 0 C 0
4536 2041 2 27 0 C 0
2041 2910 2 30 0 C 0
1629 141 1 2 0 C 0
1630 4008 1 23 0 C 0
4008 3180 1 10 0 C 0
1641 1640 1 32 174 O 20
1640 3849 1 21 114 O 20
3849 1797 1 13 68 O 20
1797 1790 1 20 111 O 30
1790 1688 1 40 221 O 30
1688 5892 1 6 32 O 20
5892 1687 1 5 24 O 30
1687 3927 1 10 52 O 30
3927 1708 1 24 130 O 30
1708 3930 1 43 234 O 30
3930 1686 1 16 86 M 30
1686 1685 1 43 235 O 30
1685 3969 1 53 290 O 10
3969 5303 1 4 18 O 20
5303 1702 1 12 63 O 10
1947 1948 2 16 0 C 0
1948 1954 2 53 0 C 0
1948 1949 2 8 0 C 0
2054 2055 2 14 75 O 30
2055 2775 2 7 39 O 10
2775 2777 2 16 87 M 10
2777 2056 2 42 229 M 20
2055 2059 2 43 236 O 10
2059 2057 2 18 95 O 30
2058 2061 2 16 87 O 10
2061 2113 2 16 86 O 10
2113 2059 2 15 83 M 10
2059 5635 2 8 40 O 10
5635 2329 2 15 78 O 10
2060 2061 2 11 56 O 10
2062 4364 2 29 157 O 10
4364 4365 2 5 25 O 20
4365 2054 2 5 25 O 10
2054 2330 2 17 90 O 30
2330 2063 2 4 19 O 20
2066 2069 2 19 101 O 30
2069 5815 2 56 310 O 10
5815 2067 2 18 96 M 10
2068 2069 2 14 77 M 20
2071 2072 2 12 62 O 30
2074 3052 2 5 23 O 20
3052 553 2 7 38 O 30
553 2075 2 24 131 O 10
2099 297 2 12 63 O 30
2108 5567 2 12 65 O 10
2112 4659 2 7 36 O 20
4659 3576 2 8 44 O 10
3576 3577 2 2 6 O 30
3577 3580 2 10 53 O 30
3580 3581 2 2 6 O 10
3581 2111 2 12 65 M 20
2098 481 2 18 97 O 10
481 2102 2 12 62 O 30
2102 476 2 8 44 O 20
476 2123 2 28 151 O 10
2123 3068 2 19 100 O 30
3068 3062 2 11 59 O 10
3062 3076 2 7 38 O 10
3076 2124 2 9 46 O 30
5094 4373 2 17 93 M 20
4373 2090 2 13 67 O 30
2090 2115 2 24 128 O 30
2102 2905 2 8 39 O 20
2905 2908 2 9 49 O 20
2908 3095 2 7 35 O 30
3095 3085 2 4 19 O 20
3085 2101 2 13 68 M 10
1406 2096 2 17 94 O 20
2602 4658 2 8 44 O 20
4658 5772 2 7 35 O 10
5772 2122 2 6 33 O 10
2122 5676 2 11 60 O 10
5676 2100 2 50 277 O 10
2089 2093 2 23 123 O 20
2106 5596 2 13 70 O 20
5596 3568 2 30 165 O 20
3568 2655 2 5 23 O 30
2105 2104 2 28 153 O 20
1398 1388 2 40 217 O 30
1388 2098 2 28 155 O 10
2098 2602 2 39 213 O 20
2602 396 2 21 116 O 10
396 2438 2 31 168 M 10
2438 503 2 10 51 O 30
2104 4169 2 5 26 O 20
4169 4162 2 19 102 O 30
4162 4154 2 2 10 O 20
4154 4149 2 7 38 O 10
4149 4179 2 8 40 O 20
4179 2103 2 9 45 O 20
5055 322 2 16 0 C 0
322 2349 2 23 0 C 0
2349 1643 2 15 0 C 0
2632 2768 2 3 13 O 10
2357 679 2 8 43 O 30
679 2109 2 45 246 O 30
2109 2111 2 24 129 O 30
2113 2088 2 8 43 O 30
2092 2091 2 24 132 O 10
1346 2781 2 48 265 O 30
2781 2783 2 6 33 O 20
3537 3536 2 4 20 O 20
3536 3570 2 5 24 O 30
3570 2106 2 12 65 O 10
2106 5605 2 12 64 O 10
5605 5588 2 6 29 M 20
5588 5070 2 9 48 O 30
5070 5586 2 12 63 M 20
5586 5102 2 10 50 O 20
5102 4075 2 14 73 O 20
4075 2105 2 2 7 O 30
2105 2352 2 26 143 O 20
2352 2351 2 14 0 C 0
1767 2094 2 7 38 O 30
2057 2065 2 49 270 O 20
2063 4014 2 18 96 O 20
4014 4367 2 15 82 O 20
4367 1563 2 2 8 O 10
1563 5094 2 10 55 O 10
2090 2089 2 15 80 O 10
2089 2091 2 15 80 M 30
1224 2116 2 10 55 M 20
2116 2478 2 12 63 O 10
2478 5757 2 12 66 O 20
5757 810 2 40 218 O 30
1481 1464 2 11 60 M 20
1464 1365 2 18 96 O 20
1468 1469 2 12 65 M 30
1405 1406 2 12 66 O 20
1406 1407 2 15 78 O 20
1407 1395 2 9 48 O 30
1393 1408 2 15 80 O 10
1408 1395 2 30 162 O 30
1395 1377 2 10 55 O 10
1377 6208 2 8 41 O 30
6208 1378 2 3 11 O 20
1389 2990 2 20 108 O 30
2990 6207 2 7 38 O 20
6207 1390 2 10 55 O 20
1390 1391 2 10 51 O 30
2120 2121 2 19 103 O 30
4641 4639 2 3 12 O 20
2080 2070 2 17 91 O 10
2070 2791 2 6 33 O 10
2791 3104 2 8 41 O 20
3104 3103 2 17 92 O 10
3103 2792 2 2 9 O 30
2792 2796 2 5 22 O 10
2796 2797 2 15 81 O 10
2797 1347 2 10 54 O 30
1347 2798 2 2 8 O 20
2798 1344 2 23 123 O 10
1344 2073 2 19 100 O 20
2073 2746 2 13 70 O 30
2075 3054 2 17 94 O 30
3054 1345 2 10 52 O 20
1345 307 2 22 119 O 10
307 298 2 4 19 O 10
298 308 2 5 23 O 10
308 549 2 2 8 O 20
549 5024 2 23 127 O 10
5024 2598 2 4 20 M 10
2598 2599 2 11 57 O 10
2599 5901 2 21 113 M 20
5901 6086 2 9 48 O 30
6086 541 2 10 53 M 10
541 5904 2 9 50 O 10
5904 5899 2 10 51 O 10
5899 5897 2 3 12 M 30
5897 540 2 3 12 O 10
540 5914 2 6 32 M 30
5914 3747 2 8 40 M 30
3747 3646 2 3 14 O 20
2110 5753 1 6 32 O 20
775 776 1 20 107 O 10
2129 5170 1 76 0 C 0
5170 2134 1 47 0 C 0
2127 2128 1 11 61 O 10
3224 1179 1 181 1001 O 10
5189 2146 1 12 62 O 10
2146 2126 1 113 624 M 20
2126 1678 1 156 0 C 0
2147 1579 1 9 46 M 20
1579 6061 1 28 155 M 30
1578 1584 1 8 43 O 20
1584 6059 1 46 254 O 20
4683 3832 2 10 52 O 30
3832 2150 2 8 40 O 20
2150 5293 2 18 96 O 30
5293 1601 2 2 6 O 20
1601 262 2 3 15 O 10
262 2383 2 23 124 O 30
2383 3818 2 3 12 O 10
3818 2151 2 11 58 M 20
4487 1138 1 8 0 C 0
1138 1171 1 13 0 C 0
1171 1139 1 26 0 C 0
1139 1140 1 22 0 C 0
1140 1141 1 23 0 C 0
1141 1169 1 44 0 C 0
1169 2718 1 40 0 C 0
2718 1130 1 40 0 C 0
1130 1129 1 52 0 C 0
1129 1128 1 16 0 C 0
1675 1682 1 19 0 C 0
1682 1663 1 9 0 C 0
2220 2224 1 15 0 C 0
2151 2152 2 28 155 O 30
2152 25 2 5 27 O 20
25 5311 2 7 36 O 20
5311 5190 2 1 5 O 20
5190 2149 2 7 35 O 20
2233 2234 1 21 116 O 10
2235 1626 1 38 211 O 10
2249 343 2 14 76 O 30
343 2156 2 3 15 O 20
1963 2208 1 9 48 O 30
2213 2289 1 5 27 M 10
2289 3712 1 163 901 O 10
2208 4794 1 17 92 O 10
4794 4785 1 58 321 O 30
4785 858 1 7 34 O 30
858 1965 1 3 13 O 20
1965 2707 1 6 32 O 30
2210 4782 1 10 51 O 20
2548 2259 1 27 147 O 30
1374 1366 2 55 305 O 10
1366 1367 2 20 111 O 20
1367 1368 2 3 11 O 10
2136 3956 1 66 0 C 0
3956 4654 1 8 0 C 0
4654 2319 1 12 0 C 0
2240 6119 1 23 0 C 0
248 2201 1 12 0 C 0
2201 3586 1 121 0 C 0
1669 1681 1 7 0 C 0
1681 1676 1 20 0 C 0
1676 2867 1 8 0 C 0
2868 1679 1 8 0 C 0
1679 1668 1 50 0 C 0
1668 1667 1 39 0 C 0
1667 1661 1 42 0 C 0
2867 2868 1 15 0 C 0
1851 1850 2 18 0 C 0
1850 1672 2 20 0 C 0
1672 1671 2 30 0 C 0
2609 5764 2 42 229 O 20
5764 6224 2 81 446 O 30
6224 2800 2 61 336 O 10
1375 1371 2 51 281 O 20
1179 5751 1 8 0 C 0
5751 2050 1 132 0 C 0
5750 1188 1 8 0 C 0
1188 3701 1 123 683 O 10
1828 4679 2 17 93 M 10
4679 5758 2 5 23 O 30
5758 2150 2 9 49 M 30
631 613 2 2 6 O 10
613 5756 2 2 9 O 10
1211 4759 2 5 25 O 20
4759 4770 2 1 5 O 10
4770 790 2 15 79 M 20
5754 5755 2 19 100 O 10
2152 2732 2 47 258 O 10
2732 332 2 5 23 M 30
5760 960 2 6 31 M 20
960 963 2 7 34 O 10
1352 543 2 5 27 O 20
5232 5755 2 9 48 O 30
5755 5233 2 16 86 M 30
5233 3826 2 3 15 M 20
6059 6060 1 6 31 O 30
1413 1414 1 61 336 O 10
1414 3502 1 34 184 O 10
6061 1413 1 7 35 O 10
6058 2147 1 48 263 O 30
6055 6058 1 6 31 M 10
6056 1578 1 30 166 O 30
6057 6056 1 7 34 O 10
6060 5180 1 67 0 C 0
5180 3653 1 41 0 C 0
3653 2301 1 85 0 C 0
2301 5179 1 81 0 C 0
5179 3509 1 19 0 C 0
3509 3508 1 32 0 C 0
3508 1680 1 16 0 C 0
2317 2277 1 12 0 C 0
6119 6118 1 14 0 C 0
2138 2136 1 21 0 C 0
2137 2138 1 16 0 C 0
1587 2126 1 118 650 O 10
1676 1677 1 86 0 C 0
5002 1166 1 21 0 C 0
2780 2779 2 2 11 O 30
2779 2067 2 16 86 O 20
2067 2066 2 18 98 O 20
2066 2053 2 41 223 O 10
4856 4938 2 13 71 M 10
4938 4935 2 2 7 O 10
4935 4853 2 7 34 O 30
4853 4952 2 1 5 M 30
4952 17 2 10 54 O 30
1166 1165 2 19 0 C 0
1165 1164 2 4 0 C 0
1164 1163 2 16 0 C 0
1163 1162 2 20 0 C 0
1162 1161 2 17 0 C 0
1161 1160 2 4 0 C 0
1160 1159 2 20 0 C 0
1159 1158 2 5 0 C 0
1158 1157 2 15 0 C 0
1157 1156 2 19 0 C 0
1156 1155 2 14 0 C 0
1155 1154 2 6 0 C 0
1154 1153 2 19 0 C 0
1153 1152 2 20 0 C 0
1152 1151 2 19 0 C 0
1151 4501 2 2 0 C 0
4501 1914 2 4 0 C 0
2322 6021 2 49 270 M 10
6021 1863 2 2 6 O 10
34 542 2 44 240 M 10
35 487 2 3 13 O 10
487 485 2 6 28 M 20
485 5130 2 6 29 M 10
2157 2154 1 20 0 C 0
2154 3754 1 122 0 C 0
3754 4518 1 40 218 O 10
3307 4492 1 40 218 O 20
4492 3314 1 119 0 C 0
3314 3285 1 20 0 C 0
2200 247 1 13 0 C 0
6161 6180 2 28 0 C 0
6180 6178 2 12 0 C 0
6178 6203 2 33 0 C 0
393 394 2 6 31 O 30
394 389 2 37 203 M 10
389 381 2 12 65 M 30
381 380 2 15 82 O 30
380 379 2 8 43 O 30
379 382 2 8 44 O 30
382 385 2 6 28 O 20
391 384 2 9 47 O 10
388 387 2 7 37 M 20
390 383 2 9 48 O 20
2619 386 2 11 57 O 30
380 378 2 20 108 O 20
392 391 2 6 31 O 10
391 390 2 8 41 M 10
390 389 2 9 48 O 20
2614 379 2 8 44 O 10
379 388 2 10 55 O 30
388 392 2 6 29 O 30
392 394 2 4 20 O 20
4548 3634 1 22 118 O 10
527 526 2 5 26 O 30
526 3639 2 32 173 O 10
3639 419 2 30 162 O 20
419 413 2 6 31 O 20
413 412 2 1 4 O 10
412 405 2 5 27 O 20
405 401 2 2 8 O 10
401 399 2 2 10 O 10
430 424 2 15 78 M 20
424 4601 2 16 84 O 20
4601 418 2 6 33 O 20
418 409 2 12 65 O 10
409 400 2 8 42 O 10
400 398 2 2 9 O 10
481 479 2 6 31 O 30
409 411 2 7 39 M 10
429 431 2 4 19 O 10
405 402 2 4 19 O 20
401 406 2 5 27 O 20
452 451 2 7 36 O 30
400 403 2 6 29 O 20
413 410 2 5 23 O 20
461 470 2 6 31 O 30
435 447 2 10 52 O 10
443 438 2 3 16 O 10
419 417 2 4 21 O 20
464 468 2 8 39 M 20
468 471 2 6 29 O 30
467 474 2 15 82 O 30
455 457 2 10 52 M 20
454 462 2 15 82 O 10
456 453 2 9 45 O 20
446 448 2 9 48 O 20
425 426 2 4 18 O 30
427 428 2 4 18 O 20
432 422 2 22 120 O 30
445 443 2 8 43 O 20
443 442 2 5 26 O 30
458 469 2 9 47 M 20
469 475 2 3 16 O 10
421 414 2 7 34 O 20
414 415 2 6 32 M 10
412 416 2 5 27 O 10
4610 4609 2 8 42 O 30
414 408 2 15 79 O 30
404 406 2 1 3 O 20
406 407 2 1 3 O 10
418 420 2 6 30 O 30
465 457 2 6 30 M 10
457 445 2 9 45 M 30
445 439 2 4 19 O 10
473 471 2 3 17 O 20
471 456 2 13 71 O 30
456 444 2 9 49 O 20
469 460 2 17 89 O 30
459 453 2 7 37 O 30
453 448 2 3 14 M 30
448 440 2 6 28 O 30
4609 435 2 15 82 O 10
435 436 2 4 20 O 20
449 447 2 10 53 O 20
447 4610 2 14 77 M 10
433 421 2 27 149 O 10
421 423 2 6 33 M 10
437 442 2 3 14 O 20
442 451 2 8 39 O 20
451 455 2 3 12 O 20
455 466 2 8 43 O 20
450 454 2 23 125 O 30
454 467 2 10 52 O 10
467 477 2 9 48 M 10
463 461 2 5 26 O 10
461 460 2 7 37 O 20
460 458 2 8 39 O 30
458 472 2 17 89 M 30
434 429 2 6 29 M 10
429 427 2 5 26 O 30
427 425 2 6 29 O 10
425 5708 2 9 45 O 30
478 477 2 4 20 O 10
477 479 2 7 39 O 20
479 480 2 8 43 O 30
520 511 1 9 46 O 10
511 502 1 21 113 O 10
502 504 1 9 46 O 20
504 510 1 9 48 O 20
499 498 2 7 37 O 10
498 495 2 29 158 O 20
498 493 2 28 152 O 10
493 495 2 21 111 O 20
544 3055 2 11 56 O 30
3055 545 2 5 23 O 20
430 506 2 3 12 O 30
506 524 2 32 177 O 20
524 525 2 6 31 O 10
525 5717 2 2 9 M 30
5717 5719 2 6 31 O 30
5719 5721 2 2 9 M 30
5721 535 2 4 22 O 10
535 538 2 6 30 O 20
433 534 2 45 245 O 20
534 536 2 15 83 O 10
495 501 2 12 63 O 20
501 508 2 12 64 O 20
508 517 2 55 301 O 30
517 505 2 12 64 O 30
505 499 2 12 62 O 10
533 531 2 5 27 O 20
504 511 1 18 98 M 30
524 523 2 4 20 O 10
500 502 2 6 28 O 20
534 532 2 9 49 O 30
382 494 2 4 21 M 20
525 528 2 4 22 O 30
485 483 2 24 133 O 30
381 378 2 12 63 O 10
535 537 2 3 17 O 20
518 521 2 4 20 M 30
512 514 2 3 14 O 10
514 519 2 3 16 O 10
3055 548 2 15 82 O 30
548 551 2 6 30 M 30
547 550 2 6 30 M 30
548 547 2 5 26 O 10
547 546 2 2 11 O 20
4510 4027 2 12 65 O 10
4027 3472 2 26 140 O 30
490 488 2 19 103 M 30
530 529 2 4 22 O 10
516 513 2 7 36 O 10
513 509 2 18 97 M 20
510 514 1 8 40 O 20
514 5707 1 6 31 O 20
5707 518 1 2 6 O 20
518 520 1 5 24 M 10
505 501 2 35 193 M 20
489 5935 2 59 323 O 10
5935 5931 2 3 16 O 10
5931 5934 2 3 16 O 30
5934 5933 2 7 37 M 20
5933 5932 2 17 90 O 10
517 4598 2 19 105 O 10
4598 508 2 16 83 O 30
526 530 2 5 24 O 10
530 533 2 7 36 M 20
533 539 2 10 50 O 30
484 486 2 9 48 O 30
486 490 2 22 121 M 10
490 491 2 3 15 M 20
487 488 2 13 67 M 20
488 486 2 6 28 O 30
19 496 2 5 25 O 10
496 497 2 3 14 O 30
497 500 2 14 72 O 10
500 1043 2 6 31 O 20
1043 4647 2 15 83 O 20
506 507 2 12 66 M 10
507 5712 2 7 37 O 10
5712 5714 2 7 37 O 30
5714 5716 2 14 73 O 10
576 578 2 10 51 O 10
579 580 2 11 57 O 30
561 840 2 13 71 O 20
840 843 2 6 33 O 20
843 559 2 9 50 O 10
558 569 2 11 59 O 10
570 555 2 11 59 O 10
565 567 2 10 50 M 20
573 574 2 11 58 O 20
4800 855 2 6 28 O 10
855 856 2 3 14 O 10
577 857 2 7 36 O 10
556 581 2 11 57 O 20
820 5847 2 5 26 O 20
5847 2710 2 1 4 M 30
2710 5846 2 1 5 M 20
5846 831 2 19 104 O 20
831 4795 2 22 120 O 30
4795 5839 2 5 24 M 10
5839 821 2 1 5 O 10
821 823 2 7 35 O 10
568 571 2 11 59 O 30
563 835 2 24 130 M 10
835 2703 2 2 9 O 10
2703 2704 2 2 7 O 20
2704 561 2 17 90 O 10
575 572 2 11 56 M 10
579 570 2 3 12 O 30
570 558 2 4 17 O 10
558 568 2 4 19 M 10
568 573 2 4 17 O 30
573 575 2 4 17 O 20
575 566 2 3 13 O 20
566 576 2 5 23 O 10
576 565 2 4 19 O 10
565 562 2 4 20 O 20
556 557 2 13 72 M 20
557 581 2 4 18 M 10
566 554 2 11 56 O 30
4057 4055 1 17 89 O 10
4055 4058 1 24 131 O 30
590 632 2 8 44 O 10
620 638 2 11 61 O 20
589 588 2 4 19 O 10
616 602 2 14 77 O 30
618 639 2 13 72 O 30
605 630 2 10 53 M 20
588 601 2 4 17 O 30
614 585 2 13 71 O 30
622 629 2 14 73 O 10
631 5456 2 9 45 O 10
5456 635 2 10 55 M 30
591 634 2 3 17 M 30
597 591 2 9 45 O 20
626 595 2 13 71 M 20
640 610 2 10 54 O 30
598 592 2 13 71 M 10
594 611 2 6 30 O 20
647 5455 2 11 58 M 10
5455 646 2 9 45 O 20
625 623 2 13 71 M 10
621 5454 2 9 49 O 30
5454 637 2 9 45 O 10
601 591 2 3 16 O 10
587 643 2 15 80 O 20
628 627 2 12 62 O 20
634 5203 2 8 42 O 10
5203 584 2 1 5 O 30
633 624 2 13 69 O 30
619 603 2 15 80 O 30
645 644 2 12 65 O 30
593 599 2 14 75 O 10
5200 641 2 13 68 O 20
641 606 2 2 6 M 10
606 622 2 4 18 O 10
622 639 2 4 17 O 30
639 625 2 4 18 O 10
625 592 2 4 17 O 20
592 633 2 3 16 O 30
633 627 2 4 20 O 20
627 605 2 4 19 O 10
605 632 2 4 18 O 10
632 594 2 5 25 O 20
594 617 2 4 17 M 30
617 615 2 5 23 O 10
615 611 2 3 16 M 10
611 590 2 4 18 O 10
590 630 2 4 18 O 20
630 628 2 4 21 O 20
628 624 2 3 15 O 10
624 598 2 4 19 O 30
598 623 2 4 19 O 30
623 618 2 3 14 O 20
618 629 2 4 18 M 20
629 5200 2 3 15 O 30
586 5201 2 8 44 O 10
584 597 2 4 18 O 20
597 583 2 4 17 O 20
589 596 2 8 39 O 20
596 642 2 3 15 O 30
607 635 2 3 12 O 10
609 589 2 4 17 O 10
612 5203 2 15 78 O 20
601 583 2 8 43 O 10
583 636 2 3 16 O 20
636 588 2 8 39 O 30
606 642 2 5 24 O 10
642 609 2 8 39 O 20
600 3953 2 9 50 O 10
3953 641 2 9 45 O 10
5759 644 2 3 16 O 10
644 626 2 3 17 O 20
626 599 2 4 19 O 10
599 616 2 3 16 M 20
616 643 2 4 17 M 30
643 612 2 4 17 O 10
631 646 2 3 14 O 10
646 637 2 3 14 O 20
637 619 2 4 18 O 30
619 585 2 4 18 O 20
585 620 2 3 16 O 10
620 610 2 4 17 O 10
610 604 2 2 7 O 10
584 587 2 4 19 O 30
587 602 2 4 18 O 20
602 593 2 4 17 O 30
593 595 2 4 19 O 20
595 645 2 4 18 O 20
645 5759 2 13 68 M 30
5200 600 2 2 11 M 30
613 5457 2 9 45 O 30
5457 607 2 8 44 O 20
5204 606 2 4 17 M 10
596 636 2 4 19 O 20
664 675 2 8 42 M 30
650 653 2 19 101 O 30
653 663 2 6 32 O 10
663 679 2 4 20 M 10
656 671 2 8 42 O 30
658 667 2 14 75 O 30
666 665 2 5 27 O 30
665 655 2 3 16 O 20
655 671 2 4 18 O 20
671 675 2 4 19 O 10
675 652 2 4 17 O 20
652 667 2 4 18 O 30
667 659 2 4 17 M 20
659 689 2 10 54 O 20
689 682 2 6 29 M 20
682 5045 2 25 134 O 20
5045 2109 2 35 194 O 30
660 684 2 12 65 O 20
684 659 2 3 13 M 10
2334 677 1 13 72 O 30
672 655 2 8 43 O 30
669 652 2 13 71 O 20
674 668 2 13 67 O 20
678 667 2 6 31 O 20
653 649 2 11 59 O 10
649 687 2 4 20 M 30
684 668 2 3 16 O 30
668 676 2 4 18 O 10
676 651 2 12 62 O 10
651 674 2 7 39 O 30
674 660 2 3 17 O 20
660 658 2 4 20 O 20
658 669 2 4 18 O 10
669 662 2 3 16 M 10
662 673 2 4 17 M 30
673 681 2 4 17 O 30
681 685 2 3 15 O 30
685 670 2 41 224 O 30
673 671 2 12 63 O 20
688 652 2 7 36 O 30
685 6229 2 2 9 O 20
6229 670 2 2 9 O 30
670 665 2 7 36 O 30
663 687 2 28 151 O 20
687 654 2 25 134 O 30
654 649 2 19 102 O 10
676 686 2 4 18 O 20
686 651 2 5 25 M 10
662 675 2 13 67 M 30
681 655 2 11 59 O 30
683 661 2 11 58 O 20
661 657 2 6 30 O 20
657 683 2 7 35 M 30
4723 5313 1 13 67 O 10
701 697 1 3 12 O 20
697 696 1 4 20 O 10
696 5289 1 2 6 M 30
5289 698 1 3 12 O 30
698 693 1 1 4 O 30
693 5240 1 3 14 O 10
5240 701 1 1 2 O 10
690 5313 1 1 5 O 20
5313 691 1 1 2 M 30
691 700 1 3 15 O 10
700 699 1 2 8 O 30
699 694 1 3 11 O 10
694 692 1 4 18 O 20
692 695 1 1 4 O 10
695 690 1 2 7 O 30
172 5290 1 4 21 O 30
5290 698 1 9 46 M 20
699 697 1 14 74 M 10
724 696 2 7 35 M 20
714 5229 2 3 16 O 20
706 707 2 6 30 O 30
711 727 2 6 32 O 10
725 709 2 6 31 O 30
5238 5236 2 13 68 O 10
5236 5237 2 7 38 O 20
5237 5238 2 5 26 O 30
747 702 2 5 24 O 20
752 703 2 7 38 O 10
703 705 2 22 121 O 10
740 5229 2 3 13 M 30
714 746 2 5 27 O 10
710 733 2 7 35 M 30
731 5212 2 9 45 O 30
5212 702 2 3 12 O 10
702 727 2 3 17 M 30
727 709 2 4 18 M 10
709 745 2 3 16 O 10
745 707 2 4 17 O 10
707 733 2 4 17 O 20
733 746 2 4 18 O 20
746 720 2 3 14 M 30
720 3921 2 17 92 O 10
3921 741 2 12 66 O 20
741 736 2 5 26 O 30
748 729 2 3 14 O 10
712 719 2 3 15 O 30
719 718 2 4 17 O 20
718 703 2 3 15 O 30
703 751 2 4 17 O 20
751 716 2 3 15 O 30
716 721 2 3 15 M 20
707 743 2 11 59 O 30
743 723 2 4 18 O 10
723 750 2 4 17 O 20
750 728 2 4 17 M 20
728 731 2 4 17 M 20
731 704 2 26 144 M 30
722 712 2 7 34 O 30
712 753 2 11 60 O 10
732 745 2 6 30 O 20
742 708 2 5 25 O 30
737 716 2 8 39 O 20
716 738 2 9 45 O 10
713 733 2 6 30 O 20
717 708 2 8 41 O 10
708 729 2 3 14 M 10
729 5211 2 7 34 O 30
727 750 2 9 45 O 10
715 719 2 7 34 O 20
719 744 2 18 96 O 10
730 717 2 3 16 O 10
717 742 2 4 19 M 20
742 748 2 5 24 M 20
709 723 2 9 46 O 10
745 743 2 9 45 O 20
726 749 2 8 41 O 20
739 751 2 7 38 O 20
751 738 2 4 18 O 30
734 730 2 4 21 O 30
730 726 2 3 14 O 10
726 718 2 20 111 O 20
718 735 2 21 113 O 20
765 754 2 16 89 O 10
771 5050 2 17 89 O 20
5050 754 2 3 13 M 10
764 772 2 15 83 O 20
766 5462 2 17 90 O 20
5462 773 2 12 62 O 10
773 758 2 7 39 O 10
762 5466 2 13 71 O 30
5466 755 2 14 76 M 10
761 768 2 13 67 O 20
756 761 2 3 15 O 20
761 769 2 4 17 O 10
769 765 2 4 18 O 20
765 771 2 4 18 O 20
771 770 2 5 27 O 30
763 5467 2 12 63 O 10
5467 5468 2 7 39 M 30
5468 760 2 6 31 O 10
5041 5464 2 6 29 M 20
5464 764 2 1 5 O 30
759 755 2 4 19 O 20
755 760 2 4 18 O 10
769 774 2 15 81 O 30
770 766 2 54 295 O 30
766 764 2 18 96 O 30
767 773 2 5 24 O 20
5470 757 2 9 50 O 10
757 763 2 12 62 O 10
763 762 2 4 19 M 20
762 5465 2 16 84 O 10
5465 756 2 5 28 O 20
756 759 2 11 56 O 10
779 780 2 8 0 C 0
778 781 2 3 0 C 0
781 779 2 3 0 C 0
778 784 2 11 0 C 0
784 783 2 3 0 C 0
783 782 2 4 0 C 0
782 3803 2 4 0 C 0
819 802 2 5 25 O 30
788 819 2 4 17 O 10
815 816 2 7 35 O 20
789 812 2 11 58 O 20
812 796 2 3 16 M 20
796 785 2 10 53 O 10
785 798 2 4 17 M 20
798 803 2 3 16 O 30
805 817 2 13 70 O 10
814 805 2 3 14 O 20
369 797 2 1 3 O 30
799 808 2 9 45 O 10
816 803 2 7 34 O 10
803 789 2 3 16 O 30
796 798 2 8 39 M 10
800 801 2 49 272 O 30
817 787 2 3 16 O 30
787 795 2 9 50 O 30
785 794 2 10 51 O 30
794 798 2 8 40 O 10
794 811 2 3 14 O 10
805 801 2 66 365 O 20
801 813 2 12 63 O 20
813 2515 2 3 14 M 20
2515 819 2 9 45 O 20
819 806 2 4 17 O 30
818 2517 2 9 45 O 30
368 369 2 2 7 O 30
808 806 2 2 6 O 30
791 807 1 3 12 O 30
807 786 1 4 18 O 30
786 809 1 3 15 O 10
812 6230 2 3 12 O 10
6230 789 2 3 12 O 10
788 4797 2 9 45 O 30
4797 818 2 4 18 O 30
817 807 2 6 32 O 20
824 829 1 1 5 O 30
829 4804 1 4 17 O 10
4804 2701 1 3 14 O 20
2701 827 1 1 5 O 20
827 2702 1 3 16 O 30
2702 822 1 5 24 M 30
822 824 1 2 10 M 20
560 830 1 7 39 O 10
827 2708 1 7 37 O 10
833 2705 1 6 29 M 20
2705 2702 1 8 44 O 30
557 856 2 4 21 M 10
856 4772 2 10 53 O 20
828 560 1 8 44 O 10
836 842 2 2 10 O 30
850 838 2 3 13 O 10
838 841 2 4 18 O 20
841 853 2 18 98 M 20
853 844 2 4 18 O 30
844 851 2 4 17 O 10
851 850 2 12 62 O 30
839 836 2 10 52 O 20
836 846 2 2 7 O 10
572 840 2 3 15 O 20
845 837 2 5 26 O 10
837 580 2 8 41 O 30
580 555 2 4 18 O 30
837 849 2 3 16 O 10
562 564 2 8 39 O 30
854 846 2 2 8 O 10
846 835 2 6 31 O 30
841 852 2 6 33 O 20
852 853 2 6 31 O 10
847 848 2 8 40 O 30
578 567 2 4 17 O 10
567 564 2 4 21 O 10
555 569 2 4 18 O 20
569 571 2 4 18 O 10
571 574 2 4 18 O 30
574 572 2 4 17 O 30
572 554 2 4 17 O 10
554 578 2 4 19 O 30
559 849 2 12 63 O 30
849 848 2 25 134 M 30
848 582 2 3 15 M 30
571 843 2 3 13 O 10
838 844 2 12 65 O 20
857 4800 2 3 14 M 30
560 4772 2 1 2 M 20
4772 336 2 26 140 O 30
336 825 2 31 170 O 30
864 5320 2 11 58 M 30
5318 860 2 4 19 O 30
860 863 2 11 60 O 20
865 862 2 10 55 O 30
860 859 2 2 11 O 30
866 5247 2 3 13 O 30
5247 863 2 14 77 O 20
5247 861 2 24 128 O 10
921 872 2 11 61 O 10
901 5446 1 12 63 O 30
5446 917 1 1 4 M 20
876 882 2 13 72 O 30
905 878 2 10 55 O 10
898 4809 1 9 45 O 30
4809 892 1 15 83 M 20
884 4809 2 9 45 O 20
875 873 2 8 40 O 20
911 867 2 23 123 O 20
897 875 2 9 46 O 30
875 892 2 9 47 O 10
892 890 2 1 3 O 20
915 895 2 13 67 O 30
907 890 1 4 18 O 20
877 886 2 11 58 O 30
903 891 2 16 85 M 10
889 881 2 34 187 O 20
881 923 2 16 84 O 20
2686 920 2 7 38 O 10
920 4034 2 3 13 M 20
4034 887 2 4 18 O 30
887 915 2 4 17 M 20
915 893 2 4 17 O 30
893 921 2 4 17 O 30
921 877 2 4 17 O 20
877 905 2 4 17 M 10
905 914 2 3 17 O 20
914 913 2 4 17 O 20
913 916 2 3 16 O 30
893 919 2 12 64 O 20
879 880 1 10 52 M 30
4805 918 2 1 5 M 30
870 909 2 7 34 O 20
887 874 2 13 70 O 10
869 6225 1 2 8 O 20
6225 922 1 3 16 O 20
922 900 1 5 25 O 10
900 907 1 3 12 O 20
907 869 1 3 16 O 30
881 897 2 4 20 O 10
897 4765 2 8 41 O 10
913 883 2 10 50 O 20
899 873 2 7 35 M 30
882 917 2 5 23 M 10
924 4765 2 16 85 O 10
4765 882 2 1 3 O 30
914 908 2 10 53 O 20
5447 5446 2 2 6 O 10
5446 894 2 3 13 M 10
916 888 2 9 47 O 30
890 900 1 4 20 O 30
910 888 2 4 20 M 10
888 883 2 3 16 M 10
883 908 2 4 18 O 20
908 878 2 3 16 M 30
878 886 2 4 18 O 20
886 872 2 3 17 O 10
872 919 2 4 17 M 10
919 895 2 4 17 O 10
895 874 2 4 17 O 20
874 5445 2 3 16 O 20
5445 902 2 8 43 O 30
902 909 2 3 16 O 20
909 868 2 5 24 M 10
873 896 2 7 37 O 10
873 884 2 8 39 O 20
884 876 2 17 89 O 30
876 911 2 3 16 O 10
911 904 2 13 71 O 20
904 867 2 11 56 O 10
867 880 2 4 17 O 30
880 901 2 4 19 O 30
901 912 2 10 53 O 10
934 933 2 8 41 M 10
932 939 2 9 48 O 30
930 5496 2 6 30 O 10
5496 941 2 8 44 O 10
941 929 2 5 23 O 20
928 931 2 5 26 M 10
939 935 2 3 11 O 30
935 940 2 2 9 O 20
937 938 2 7 35 O 10
938 940 2 7 37 O 10
940 926 2 7 34 M 30
927 947 2 1 3 O 10
947 935 2 6 33 O 10
930 925 2 2 10 M 30
925 931 2 7 38 O 30
931 5731 2 20 110 M 20
5731 936 2 18 98 O 10
938 941 2 4 17 O 20
927 933 1 4 17 O 30
933 944 1 5 23 M 30
944 199 1 4 19 O 30
942 3310 2 4 20 O 30
3310 934 2 16 84 O 30
934 926 2 11 58 O 30
943 948 1 9 46 O 20
5004 926 2 2 7 O 30
926 3310 2 4 17 O 30
944 946 1 8 39 M 30
1199 945 1 3 14 O 30
945 200 1 2 10 O 20
954 5472 2 6 32 O 20
5472 956 2 5 27 M 30
956 953 2 5 23 M 20
958 962 2 2 9 O 10
962 5474 2 3 12 O 30
5474 959 2 2 7 O 10
959 966 2 2 11 O 20
966 957 2 4 19 O 20
957 5760 2 6 31 O 20
5760 4718 2 2 9 O 30
4718 5384 2 3 13 O 30
958 964 2 13 72 O 30
964 965 2 3 17 O 30
965 957 2 15 80 O 20
959 961 2 13 71 O 10
961 962 2 10 53 O 30
967 961 2 3 12 O 30
963 4680 2 11 57 O 30
4680 960 2 9 47 O 20
965 966 2 13 67 O 30
982 983 2 5 28 O 10
3467 983 2 3 15 O 10
983 976 2 10 50 O 30
976 974 2 16 85 O 10
980 977 2 7 34 O 20
5105 5106 2 9 49 M 30
5106 981 2 4 19 O 30
981 984 2 4 18 O 10
984 3467 2 3 16 O 20
975 977 2 3 14 O 10
985 973 2 4 17 O 20
973 976 2 6 31 O 10
969 971 2 10 55 O 10
978 979 2 4 20 O 20
978 980 2 2 11 M 10
980 971 2 4 19 O 30
972 970 2 30 165 O 20
993 997 2 6 31 O 10
5389 5387 2 3 14 O 10
5387 5388 2 12 65 M 10
989 5388 2 5 24 O 10
5388 5386 2 10 52 O 30
5386 996 2 10 55 O 20
996 4730 2 6 31 O 10
4730 990 2 5 27 O 10
4729 2048 2 11 60 O 30
4729 4730 2 3 15 O 30
998 991 2 4 19 M 30
991 4688 2 13 68 O 10
1012 1005 2 4 19 M 30
1005 1009 2 3 16 O 20
1009 1011 2 7 37 O 20
1011 4687 2 6 32 O 30
1007 1009 2 3 14 O 10
1014 1012 2 4 20 O 10
1004 1006 2 4 19 O 30
1011 1010 2 4 19 O 20
1008 1004 2 5 26 M 10
1004 1015 2 3 12 O 20
1003 1012 2 4 21 O 30
1012 1013 2 5 23 O 20
1026 1016 2 3 16 M 30
1022 1027 2 7 37 O 10
1019 1018 2 4 18 O 30
1018 1022 2 4 19 O 20
1022 1024 2 4 17 O 20
1024 1025 2 3 12 O 30
1017 1020 2 3 13 M 20
1017 1028 2 9 46 O 30
1028 1021 2 5 24 O 20
2604 364 2 2 6 M 30
364 4847 2 43 234 O 10
4847 2616 2 25 135 O 20
2616 489 2 13 69 O 20
489 4811 2 22 118 M 20
1038 1030 2 8 40 O 20
1047 1035 2 4 18 O 30
1036 1041 2 4 19 O 10
1041 1035 2 4 18 O 30
1035 1044 2 3 13 O 10
1044 1032 2 3 16 M 10
1032 1030 2 4 20 M 30
1030 18 2 8 41 O 20
18 1038 2 3 14 O 10
1038 1040 2 4 19 O 20
1040 1032 2 9 47 O 30
4228 4229 2 3 12 O 10
1031 20 2 3 16 O 10
1046 4646 1 6 29 O 20
1045 1041 2 4 17 O 30
4645 1046 1 6 31 O 20
18 20 2 20 109 O 20
1043 1031 2 21 113 O 30
1040 1044 2 12 63 O 20
1036 1039 2 16 86 M 20
1034 1036 2 7 39 O 30
20 19 2 3 15 O 20
1050 4513 1 5 23 O 10
4513 1048 1 11 59 M 30
1048 1051 1 3 14 O 30
1051 1049 1 8 41 O 20
4513 5007 1 7 35 M 20
5007 1048 1 2 8 M 10
1052 1053 2 10 51 M 20
3752 1050 1 19 104 M 30
5008 1056 2 1 4 O 10
1056 1058 2 7 34 O 10
5008 5010 2 2 9 O 20
1057 1055 2 15 82 O 30
1055 3935 2 3 15 O 10
3935 3933 2 4 19 M 30
3933 5008 2 2 10 M 30
3638 1057 2 21 115 O 20
1063 6027 2 3 13 O 10
1070 1068 1 6 30 O 30
1066 5207 2 1 3 O 10
5207 1069 2 4 18 M 30
1063 1064 2 2 9 O 30
2145 1065 2 5 24 M 20
1065 1066 2 3 16 M 30
1065 1063 2 3 11 O 20
1076 1075 2 23 127 O 10
1075 1071 2 4 18 M 30
1071 1073 2 4 22 M 30
2051 2127 1 115 637 O 30
2133 1176 1 69 0 C 0
1178 3213 1 32 0 C 0
1677 1177 1 63 0 C 0
1176 5750 1 374 0 C 0
4668 1196 2 16 86 O 30
2947 2946 2 6 31 M 30
2946 2944 2 10 52 O 10
2944 3298 2 19 103 O 10
3298 3299 2 18 99 M 10
3299 3300 2 28 154 O 30
3300 6231 2 11 56 O 10
6231 3301 2 11 56 M 30
3301 3302 2 19 105 M 20
1075 1074 2 13 68 O 20
1071 1074 2 10 50 O 10
1074 1072 2 8 41 O 20
956 955 2 3 16 O 10
955 952 2 7 36 O 20
5473 5471 2 4 21 O 20
5471 955 2 6 29 O 20
955 951 2 6 33 O 30
1996 1997 2 23 127 O 20
1425 1426 2 4 20 O 10
1426 1427 2 18 94 M 10
1427 5826 2 10 52 O 20
5826 1998 2 2 11 O 20
1998 5305 2 14 74 O 20
5305 1288 2 4 19 O 30
1288 1287 2 2 11 O 30
1287 3130 2 7 37 O 20
2050 1178 1 243 0 C 0
2095 2079 1 1 4 O 10
2079 2784 1 4 17 O 20
2784 2785 1 1 2 O 10
2785 2081 1 3 14 O 10
2081 2082 1 1 1 O 20
2082 2083 1 3 15 O 30
2083 2095 1 4 19 O 10
2084 2787 2 18 95 O 10
2173 4861 2 2 10 O 30
4861 4860 2 30 163 O 30
4860 2173 2 33 181 O 10
4823 2165 2 56 307 M 10
4939 2167 2 65 357 O 10
4941 2806 2 71 390 O 30
3531 2367 2 8 39 O 10
2367 4096 2 1 5 O 30
4096 4098 2 8 41 M 30
4098 2366 2 12 61 O 30
2366 3541 2 2 11 M 10
3541 2724 2 18 99 O 20
2724 3542 2 7 37 O 10
3542 2169 2 8 40 O 20
2169 4095 2 12 62 O 10
4095 4082 2 8 40 O 20
4082 2168 2 3 15 O 20
2169 6117 2 7 34 M 20
6117 4084 2 9 46 M 20
4084 4111 2 11 58 M 30
4111 4932 2 3 12 O 10
4932 4112 2 2 7 M 30
4112 2365 2 3 11 O 10
1394 2869 2 17 94 O 20
2869 3015 2 11 58 O 30
3015 2713 2 10 52 O 30
2713 5683 2 2 8 O 30
5683 3016 2 4 20 O 10
3016 21 2 13 69 O 10
21 3030 2 4 19 O 30
3030 3027 2 4 21 M 30
3027 2175 2 6 30 O 20
2175 6204 2 32 178 O 10
2178 2184 2 11 60 O 30
2184 2179 2 24 130 O 30
2184 2185 2 9 48 M 30
2941 3283 2 4 22 O 30
3283 3284 2 9 47 O 10
3284 2936 2 10 53 O 10
2936 2179 2 9 48 O 10
2179 4550 2 4 19 O 10
2186 2187 2 37 201 M 10
3965 3966 2 23 125 O 20
3966 3276 2 10 53 O 30
3276 2188 2 8 43 O 10
2188 2189 2 20 107 O 10
2188 2190 2 13 69 M 30
2163 2551 2 3 15 M 10
2163 2160 2 12 65 M 20
365 2318 1 14 0 C 0
2318 2232 1 67 0 C 0
1848 5173 1 2 0 C 0
5173 3197 1 31 0 C 0
1847 3666 1 8 0 C 0
3666 3188 1 16 0 C 0
1099 1098 2 20 0 C 0
1098 1097 2 20 0 C 0
1097 1095 2 20 0 C 0
1095 1117 2 11 0 C 0
1117 5500 2 5 0 C 0
5500 5501 2 6 0 C 0
5501 6032 2 5 0 C 0
6032 1108 2 28 0 C 0
1135 5987 2 6 0 C 0
5987 1132 2 2 0 C 0
1132 1144 2 13 0 C 0
1144 1143 2 21 0 C 0
1143 1134 2 8 0 C 0
1134 1142 2 12 0 C 0
1142 4616 2 2 0 C 0
4616 1102 2 19 0 C 0
1102 2961 2 18 0 C 0
2961 1118 2 3 0 C 0
1118 1101 2 19 0 C 0
1424 5255 1 17 92 O 20
5255 5246 1 6 30 O 20
5246 5266 1 11 58 O 30
5266 1423 1 19 103 O 30
1423 5267 1 13 67 M 10
5267 3717 1 8 42 O 30
3717 1422 1 6 28 O 30
1422 5488 1 5 26 O 20
5488 5275 1 2 7 O 20
4548 4549 2 16 88 O 10
4549 5145 2 38 208 M 30
5145 4547 2 9 47 O 20
4816 372 1 24 130 O 20
2232 2139 1 46 0 C 0
2239 2236 2 19 102 O 20
2238 2237 2 11 60 O 20
2237 4777 2 7 34 O 30
4777 5407 2 23 126 O 30
5407 2237 2 18 97 M 10
1351 545 2 15 83 O 10
545 552 2 21 111 M 30
552 1345 2 7 38 O 20
2205 2252 1 22 0 C 0
2256 2260 1 23 123 O 10
2260 2261 1 12 61 O 10
2262 2548 1 10 55 O 20
2211 2263 1 70 386 O 10
2264 4794 1 67 370 O 30
1308 2265 1 16 89 O 30
2282 4516 1 10 52 O 30
2285 2286 1 8 44 O 20
2287 2288 1 7 35 O 30
4517 2289 1 8 40 O 10
2292 3500 2 2 8 O 30
3500 5248 2 1 5 O 10
5248 2293 2 3 14 O 30
2299 2300 1 2 10 O 20
2300 5281 1 3 13 O 10
5281 2295 1 2 8 O 30
2295 2296 1 2 10 O 30
2296 2297 1 8 42 O 30
2297 2298 1 2 10 O 10
2298 2299 1 1 5 O 10
3132 1617 2 23 0 C 0
1949 3132 2 9 0 C 0
2302 2303 1 10 0 C 0
1666 1674 1 3 0 C 0
1955 3703 1 53 290 O 20
4538 4007 1 31 0 C 0
4007 1633 1 23 0 C 0
2310 3135 1 21 115 O 10
2308 2309 1 13 68 M 20
1881 1880 2 22 121 O 20
1880 1879 2 35 192 O 30
1879 1878 2 12 62 O 10
1878 1907 2 6 30 O 10
23 2852 1 11 0 C 0
2852 2747 1 6 0 C 0
2323 2327 1 6 29 O 30
2327 3759 1 5 22 O 20
32 2327 1 10 51 O 10
5239 2328 2 14 76 O 20
6091 2326 1 3 15 O 20
5317 2325 1 3 13 O 30
3733 2265 1 8 39 M 20
2265 3723 1 61 336 M 30
3571 2353 1 27 148 O 20
2353 2342 1 17 91 O 10
2342 2343 1 8 42 M 10
2343 2332 1 9 46 O 20
2332 2356 1 4 18 M 10
2356 2354 1 9 49 M 30
2354 677 1 7 34 M 20
2337 2338 1 2 6 O 20
2338 680 1 3 15 M 10
680 2334 1 1 3 M 10
2334 3736 1 2 10 O 30
3736 2335 1 1 4 O 10
2335 2336 1 3 12 O 30
2336 2337 1 2 6 O 10
666 680 1 6 28 O 10
2338 666 1 6 30 O 30
774 768 2 4 22 O 30
768 759 2 4 21 O 20
754 2339 2 2 9 O 30
2339 774 2 2 9 O 30
2348 772 2 22 117 M 10
2340 2347 1 3 14 O 10
2347 2348 1 6 30 M 30
2348 2340 1 3 14 O 30
2340 2346 2 6 30 M 10
2342 5046 1 10 53 O 10
5046 2344 1 6 31 O 20
2344 2343 1 5 26 O 30
2344 2345 2 28 152 O 30
2346 2341 2 3 16 O 30
760 2347 2 4 21 O 30
2351 2350 2 4 0 C 0
2350 5481 2 10 0 C 0
5481 5047 2 14 0 C 0
2335 650 1 7 34 O 30
650 2336 1 7 35 O 30
2354 2355 1 8 41 O 30
2355 3736 1 3 13 O 30
2356 2355 1 13 72 M 10
2360 2362 1 2 7 O 30
2362 2361 1 3 12 M 20
2361 2363 1 2 9 O 30
2363 2364 1 1 2 O 30
2364 2359 1 2 9 O 20
2357 2359 1 3 13 O 10
2364 2357 1 3 13 O 30
2358 2363 1 5 24 O 30
2361 2358 1 5 26 O 30
3582 2362 1 4 17 O 20
2368 2369 1 13 69 M 20
2370 2125 1 17 94 O 20
4887 373 1 2 10 O 30
2372 4545 1 16 88 O 30
2628 2373 1 16 85 M 10
2374 2375 1 17 91 O 30
2376 4544 1 25 134 M 10
2379 2380 2 21 113 O 20
3209 2393 1 113 625 O 20
2393 2391 1 3 12 M 30
2391 2392 1 6 30 M 10
2392 173 1 66 363 O 10
173 165 1 5 23 O 20
2393 2388 1 19 104 O 10
2387 2388 1 3 11 O 30
2388 2384 1 3 15 O 30
2384 2385 1 4 22 O 20
2385 2386 1 3 14 O 30
2386 2389 1 1 4 O 20
2389 2387 1 1 3 M 10
2389 2390 1 12 64 O 10
2390 2391 1 8 42 O 30
2390 2392 1 9 47 O 20
2385 4691 1 4 17 O 10
2396 4690 1 3 15 O 10
2398 2395 1 2 9 O 10
2395 2397 1 3 13 O 30
2397 2410 1 6 29 O 20
2410 2396 1 5 28 M 10
2396 2398 1 1 4 O 20
6035 2402 2 13 72 M 30
2402 2406 2 2 9 O 20
2406 2404 2 2 11 O 10
2404 2401 2 3 14 M 10
2402 2403 2 9 47 M 30
2404 2405 2 5 22 O 30
2406 2407 2 4 19 O 10
2407 2419 2 21 114 O 10
2419 2412 2 10 50 M 20
2412 2408 2 3 16 M 20
2408 2417 2 24 130 O 10
2417 2415 2 5 24 O 30
2415 2409 2 15 80 O 20
2409 6040 2 19 102 O 20
2410 2425 2 5 23 O 10
2425 2411 2 4 21 M 10
6037 2413 2 3 13 O 20
2413 2411 2 3 13 O 20
2411 6038 2 7 35 M 20
2409 2414 2 5 27 O 20
2414 2415 2 10 56 O 10
2408 2416 2 12 66 M 30
2416 2417 2 11 58 O 10
2407 2418 2 5 23 O 30
2418 2421 2 8 43 O 20
2421 2423 2 8 41 O 20
2423 2424 2 7 34 O 30
2424 2422 2 4 22 O 10
2422 2420 2 4 21 O 30
2420 2419 2 5 22 O 30
2420 2418 2 20 110 O 10
2421 2422 2 13 69 O 20
2423 6232 2 3 14 O 20
6232 2424 2 3 14 O 20
2425 2426 2 7 39 M 20
2413 2427 2 14 77 M 10
2429 2430 2 10 55 O 30
2430 2431 2 10 54 O 30
3393 3426 2 62 342 O 10
3426 3433 2 24 129 O 10
2436 2437 1 2 6 M 20
2437 2434 1 5 23 O 30
2434 2435 1 7 35 O 30
2435 2439 1 3 11 O 20
2439 2436 1 4 17 O 10
2437 2438 2 18 100 M 30
2439 4196 2 3 14 O 30
4196 5658 2 8 41 O 30
5658 4194 2 1 3 O 30
4194 2440 2 8 41 O 10
2440 2441 1 4 17 O 20
2441 4190 1 6 28 M 30
4190 2442 1 4 17 O 20
2442 2443 1 5 27 O 20
2443 4191 1 4 21 O 30
4191 2444 1 7 34 O 30
2444 2440 1 3 12 M 20
2445 4660 1 7 39 O 30
4660 5668 1 4 20 O 10
5668 2446 1 7 34 O 30
2446 2447 1 7 38 M 20
2447 2445 1 5 24 M 30
2445 5664 2 4 22 O 10
5664 2434 2 5 26 O 20
2448 2449 2 7 34 M 20
2449 2450 2 3 15 M 30
2449 2451 2 14 74 O 20
2451 2452 2 5 23 O 10
2451 2453 2 8 41 O 10
2453 2454 2 4 21 O 10
2453 2455 2 10 53 O 30
2456 2457 2 7 37 O 20
2457 2458 2 4 18 O 30
2459 2460 2 15 82 M 20
2460 2461 2 14 75 O 30
2460 2462 2 3 15 O 30
2459 2463 2 3 16 O 20
2464 2465 2 18 99 M 30
2465 2466 2 7 36 O 20
2466 1348 2 28 151 O 30
4802 2467 2 4 21 M 30
2467 2469 2 22 120 O 20
2469 2468 2 20 110 O 30
2469 2470 2 27 150 O 10
2467 2471 2 16 85 M 20
2472 2475 2 8 44 O 30
2475 2473 2 25 137 O 20
2476 2477 2 5 26 O 10
2477 4779 2 17 93 M 10
2480 4778 2 4 17 O 20
4778 3603 2 9 45 O 10
2481 2482 1 6 31 M 10
2482 2480 1 4 21 O 10
4778 2483 1 10 50 O 10
5757 2482 2 4 22 O 10
809 790 1 3 15 O 30
790 815 1 3 16 M 10
815 792 1 3 15 O 20
792 791 1 2 10 O 20
2488 2489 2 20 107 M 10
2490 4781 2 8 41 O 20
4781 2491 2 2 9 M 10
4781 2492 2 14 75 O 20
2491 2493 2 12 63 M 30
2495 2496 2 6 32 O 20
2496 2497 2 14 77 O 20
2496 2499 2 24 131 O 20
2499 2498 2 14 77 O 20
2495 2499 2 6 32 M 30
2503 2504 2 7 35 M 10
2504 2511 2 4 17 M 30
2511 2505 2 11 57 O 30
2504 2509 2 4 18 O 30
2509 2507 2 6 31 M 30
2507 2506 2 12 63 M 20
2507 2508 2 7 35 O 30
2509 2510 2 7 36 O 30
2511 2512 2 6 30 O 30
2500 2501 2 8 41 O 10
2501 2502 2 6 30 M 10
2501 2513 2 20 109 O 20
813 803 2 9 47 O 10
806 2514 2 8 44 O 10
2514 799 2 3 15 O 30
2514 2515 2 3 15 O 10
814 2518 2 5 23 O 10
2518 793 2 4 21 O 20
788 2517 2 4 17 O 20
2517 2518 2 8 41 M 20
2516 788 2 2 6 O 30
2520 4758 2 12 64 O 20
2521 2525 2 8 40 O 10
2525 2522 2 8 42 O 30
2522 2523 2 3 13 O 30
2522 2524 2 4 21 O 30
2525 2526 2 6 29 O 30
2527 2533 2 8 41 O 30
2533 2529 2 6 30 O 20
2529 2528 2 3 12 M 10
2529 2530 2 10 52 O 30
2530 2531 2 6 31 O 10
2530 2534 2 6 31 O 20
2534 2532 2 3 12 O 20
2533 2534 2 10 50 O 30
2535 2537 2 5 23 O 10
2537 2539 2 6 30 O 20
2539 2544 2 6 29 M 30
2544 2536 2 4 21 O 20
2537 2538 2 7 34 O 10
2539 2540 2 12 62 M 20
2540 2541 2 5 24 O 30
2540 2542 2 5 27 M 20
2542 2543 2 4 20 M 20
2544 2542 2 12 65 M 30
2551 2552 2 2 8 O 10
2552 2212 2 4 20 M 30
180 1059 1 13 0 C 0
1059 1060 1 7 0 C 0
1060 3211 1 6 0 C 0
2648 2748 1 29 0 C 0
2748 2647 1 55 0 C 0
2554 4613 2 2 8 O 10
4613 5477 2 18 96 O 20
5477 5479 2 3 11 O 30
396 5654 2 10 54 O 30
5654 4125 2 9 50 O 20
4125 4032 2 5 22 O 10
4032 2555 2 5 26 O 10
2556 2559 1 40 217 M 20
2559 2558 1 14 77 O 30
2558 4858 1 14 74 O 10
2557 2558 2 4 22 O 10
2559 2560 2 7 38 O 20
2561 2567 2 9 46 O 10
2567 3115 2 3 12 M 20
3115 4865 2 2 10 O 30
4865 2562 2 11 60 M 30
2562 2563 2 14 76 O 10
2564 2565 2 14 76 O 20
2565 2566 2 27 145 O 10
2566 2561 2 27 147 O 10
2567 2565 2 9 47 O 30
2565 2568 2 9 49 M 20
2568 2569 2 9 49 M 20
2569 2570 2 8 44 O 10
2570 2571 2 20 109 O 20
2571 2569 2 13 69 O 10
2570 2572 2 35 192 O 20
2572 2569 2 27 149 O 30
2572 2573 2 9 50 O 10
2573 2566 2 9 49 O 10
2573 2568 2 27 148 O 20
2568 2574 2 14 75 O 10
2574 2575 2 20 111 O 20
2574 2576 2 4 17 O 10
2576 2564 2 7 35 O 20
2576 2577 2 18 96 O 10
2564 4863 2 3 13 O 30
4863 2562 2 5 27 M 30
4871 2814 2 21 114 O 20
2814 2816 2 8 41 M 10
2816 2817 2 25 135 M 30
2817 2815 2 8 41 O 20
2815 4872 2 6 32 O 20
4872 2813 2 2 8 M 10
2580 2581 1 6 33 M 20
2581 2582 2 27 147 O 30
2582 4869 2 37 204 O 10
4869 2581 2 2 6 O 20
2581 4868 1 2 8 O 30
2583 2584 2 18 97 O 30
2585 5685 2 4 17 O 20
430 432 2 4 18 O 10
432 4600 2 2 9 O 20
4600 3639 2 4 20 O 20
3639 433 2 2 8 O 20
433 434 2 5 25 O 20
434 2633 2 7 37 O 20
2634 2635 2 19 102 O 10
2635 2636 1 8 43 O 10
2637 2635 1 8 41 O 30
2640 2641 1 3 14 O 10
2641 2638 1 8 41 O 10
2638 2639 1 3 16 M 30
2639 2640 1 1 4 O 10
2642 2634 2 4 18 O 30
2634 2641 2 20 111 O 20
1000 999 1 13 0 C 0
999 1002 1 6 0 C 0
1002 3156 1 1 0 C 0
1609 2243 1 25 0 C 0
195 2695 1 5 0 C 0
2695 3737 1 18 0 C 0
3737 3241 1 6 0 C 0
3241 2754 1 5 0 C 0
2754 3242 1 63 0 C 0
1183 5171 1 21 0 C 0
5171 1182 1 34 0 C 0
6157 6156 1 26 0 C 0
2653 5063 1 1 1 O 20
5063 2654 1 2 9 O 20
2654 2650 1 3 12 M 30
2650 2652 1 3 12 O 30
2652 2651 1 3 14 O 10
2651 5073 1 2 8 M 10
5073 2653 1 2 9 M 10
2652 2800 2 61 336 O 20
2800 4264 2 41 223 O 10
2800 5630 2 16 87 O 10
2659 2660 1 1 0 C 0
2658 2659 1 5 0 C 0
2660 2661 1 22 0 C 0
2661 2662 1 1 0 C 0
2662 14 1 3 0 C 0
14 2663 1 2 0 C 0
2664 4844 1 2 0 C 0
2665 4989 1 14 0 C 0
2666 825 1 9 46 O 20
825 2684 1 5 27 O 10
2684 2667 1 6 31 M 30
2667 2670 1 3 15 O 10
2670 2666 1 6 30 O 20
2689 1299 1 11 58 M 20
2668 2669 1 7 37 O 30
2669 2670 1 21 114 O 30
2676 2683 2 4 21 M 30
2683 2680 2 4 22 O 10
2680 2679 2 4 17 O 30
2679 2677 2 10 55 O 20
2678 2679 2 10 52 O 30
2680 2681 2 12 63 O 20
2682 2683 2 13 70 O 20
2684 2685 2 6 32 O 10
2688 2672 1 3 12 O 30
2672 2687 1 5 25 O 10
2687 2686 1 5 25 O 20
2686 2674 1 3 12 O 20
2674 2688 1 1 4 M 20
2687 885 2 18 98 O 10
885 889 2 2 8 O 10
889 6225 2 13 72 O 10
2689 826 1 14 76 M 20
2690 2669 1 13 69 O 30
2691 2692 1 16 87 O 10
2693 2694 1 14 74 O 10
4747 3700 2 231 1283 O 30
4747 1804 1 25 135 O 10
1804 4787 1 65 356 O 30
1966 4735 1 2 10 O 20
4735 3707 1 23 127 O 30
2247 2698 1 11 59 O 20
4787 2853 1 35 192 O 30
2853 4788 1 13 70 M 30
4788 1964 1 18 97 O 20
1964 4747 1 25 135 M 10
4786 4784 1 25 137 O 10
4784 833 1 10 55 O 10
833 4783 1 3 14 O 10
4783 832 1 9 46 O 30
832 2210 1 73 404 O 30
4787 4786 2 27 147 O 10
4784 2705 1 12 67 M 10
2706 2707 1 9 49 O 30
2708 832 1 11 58 O 20
4785 2709 1 10 50 O 20
2710 2711 2 6 28 M 10
2720 2721 2 16 84 M 10
2721 2722 2 7 38 O 30
2723 2725 2 10 51 O 20
2722 2726 2 8 43 O 10
2727 2721 2 11 57 O 20
2729 2730 2 11 56 O 20
2730 5277 2 5 28 M 20
5277 2729 2 4 17 O 20
2731 2732 2 4 20 O 10
2151 79 2 14 74 O 10
79 5234 2 8 41 O 20
5234 5235 2 3 17 M 10
5235 5185 2 28 155 O 10
5185 5183 2 10 52 O 10
5183 1594 2 4 20 M 20
1594 5181 2 14 74 O 10
2734 2735 1 8 0 C 0
3219 1181 1 13 0 C 0
2464 6106 2 9 47 M 20
6106 1349 2 7 35 O 10
3665 3048 1 3 16 M 30
2740 2744 1 2 10 O 20
2739 2744 1 5 25 M 30
2740 2739 1 5 23 O 30
2745 2746 1 10 53 O 10
2601 3529 2 16 84 O 20
2767 2768 1 31 170 O 30
2768 2770 1 7 33 M 30
2770 2601 1 20 107 O 10
2601 2632 1 26 140 M 30
2769 2770 1 10 52 O 20
2771 6226 2 8 39 O 20
2775 2776 2 14 76 M 20
2777 2778 2 9 50 O 30
2781 3682 2 3 15 O 30
2079 2783 1 7 39 O 20
2783 2784 1 8 39 O 20
2785 2786 1 6 30 O 10
2080 2786 2 2 9 O 30
2787 2083 1 5 26 O 30
2082 2787 1 5 23 O 10
2466 2794 2 4 20 O 20
2794 2795 2 14 74 M 10
2795 2465 2 4 19 O 20
2794 6233 2 3 15 O 10
6233 2795 2 3 15 O 20
2797 3669 2 6 28 O 20
2071 3672 2 12 63 M 10
2801 4592 2 31 172 O 30
4592 2802 2 37 203 O 10
3957 2803 2 18 98 O 10
2803 2804 2 10 51 O 30
2808 2809 1 20 108 O 20
2810 2811 1 12 66 O 10
2814 2815 2 15 83 O 30
2816 6234 2 8 41 M 10
6234 2817 2 8 41 O 30
326 2820 2 4 18 O 30
1381 2894 2 8 41 M 30
2894 5570 2 3 15 O 10
2218 2822 1 16 85 O 30
2822 2823 2 6 29 O 30
2823 2824 1 8 42 O 30
2822 2825 2 8 42 O 10
2825 2826 2 3 13 O 20
2826 2823 2 8 41 O 10
2827 2828 2 4 17 O 20
2829 2831 2 2 7 O 30
2831 2832 2 10 51 O 10
2832 5139 2 15 81 O 20
5139 2835 2 4 17 M 30
2835 2841 2 4 17 O 10
2841 2839 2 4 18 O 30
2839 2830 2 9 47 O 10
2833 2837 2 4 20 O 10
2837 2834 2 11 56 O 30
2834 2838 2 5 23 M 10
2838 2835 2 11 60 M 30
2836 2837 2 8 41 O 20
2838 2840 2 3 16 O 30
2840 2839 2 14 77 O 30
2840 2841 2 11 60 O 30
3525 4489 2 14 0 C 0
4489 4490 2 112 0 C 0
2850 2851 1 11 60 M 30
2853 2854 1 7 34 O 30
2854 4808 1 5 24 M 30
4808 4788 1 5 27 O 20
5359 3489 1 16 0 C 0
2862 2861 1 11 58 O 20
2861 1222 1 9 49 O 20
1222 5381 1 4 20 O 30
5381 5380 1 2 6 O 20
5380 1203 1 9 48 O 30
3271 3272 2 20 110 O 20
3272 3278 2 10 52 O 30
3278 3273 2 11 60 O 10
5143 38 2 4 0 C 0
38 2267 2 5 0 C 0
2267 2271 2 19 0 C 0
2271 2274 2 19 0 C 0
2723 2724 2 5 26 O 10
2722 2723 2 5 24 O 10
2162 2163 2 22 118 O 30
2161 2162 2 10 55 O 20
2160 2161 2 21 112 O 10
2118 2119 2 15 81 M 20
2871 2870 2 19 103 O 30
2873 4961 2 24 128 M 30
4961 2872 2 7 35 M 10
2876 5492 1 5 23 O 20
5492 1302 1 1 5 O 10
1302 4753 1 1 5 O 10
4753 1309 1 4 19 O 10
2875 1310 1 4 19 O 20
1310 2878 1 4 18 O 30
2877 2874 1 3 12 O 10
2874 2875 1 3 12 O 10
2875 2878 1 2 9 M 30
2878 2876 1 1 4 O 30
2876 1309 1 2 11 O 10
1309 2877 1 2 10 O 30
1480 4754 2 4 19 O 30
4754 1475 2 16 86 M 30
1479 1480 2 74 406 M 20
1477 1482 2 8 42 M 10
1482 1478 2 7 39 M 10
1753 1755 2 11 58 M 20
1326 1575 2 26 139 O 30
2881 2880 2 8 41 M 30
2883 3624 2 8 41 O 30
3624 2881 2 3 13 M 20
2881 3621 2 6 30 M 10
3621 3619 2 9 45 O 20
3619 2882 2 4 18 O 30
4866 4875 1 5 23 O 30
2886 2885 2 10 52 M 10
2887 2886 2 13 69 O 20
2886 4884 2 20 106 M 20
4884 2885 2 14 76 O 10
2885 2887 2 21 116 O 30
2891 5115 2 19 100 O 10
5115 5113 2 7 35 O 20
5113 2890 2 25 137 O 10
2897 2895 2 7 34 O 30
2895 5138 2 35 194 O 20
2900 2901 2 16 84 O 20
2901 2899 2 18 99 O 10
2902 2901 2 26 143 O 20
2904 2903 2 49 268 O 30
1922 1927 2 23 125 O 10
2908 2907 2 16 84 O 30
2907 3078 2 6 32 M 20
2923 2924 2 10 53 O 10
2924 2922 2 11 0 C 0
2922 2920 2 5 0 C 0
2920 2919 2 10 0 C 0
2919 2921 2 6 0 C 0
2930 2929 2 27 147 O 10
2935 2931 2 13 71 O 30
2933 2932 2 13 72 O 30
482 2935 2 6 32 O 20
2935 2933 2 9 46 O 10
2933 2934 2 20 110 O 20
2937 2185 2 8 43 O 20
2185 2936 2 24 129 O 10
2939 2182 2 8 41 O 10
2182 2183 2 24 130 O 30
2181 2182 2 9 46 O 20
2180 2181 2 24 131 O 20
2181 2938 2 10 54 M 10
3284 3281 2 24 132 M 10
2942 3282 2 6 30 O 20
3282 3283 2 24 131 O 30
2944 2943 2 27 147 O 20
2946 2945 2 26 139 O 10
2949 2950 2 2 6 O 10
2950 2948 2 29 156 O 20
2951 2950 2 19 103 O 30
2953 2952 2 15 82 O 10
2955 2954 2 17 93 O 20
2957 2958 2 3 15 O 10
2958 2956 2 7 36 O 20
3312 2958 2 14 73 M 10
4664 1175 1 17 0 C 0
1175 4665 1 2 0 C 0
4665 4666 1 16 0 C 0
2733 1857 2 51 0 C 0
1857 1860 2 13 0 C 0
1860 1858 2 71 0 C 0
2963 4205 2 21 112 O 10
2962 4206 2 15 81 M 30
2964 2962 2 7 36 O 30
2962 4212 2 6 29 M 30
4212 4211 2 7 34 O 20
4211 2963 2 9 49 M 30
2963 5078 2 2 7 O 10
5078 4207 2 2 6 O 20
3433 5079 2 15 80 O 20
5079 5082 2 13 72 M 10
5082 4401 2 4 18 M 30
4401 4400 2 14 75 O 30
4400 2965 2 14 75 O 10
2965 6016 2 7 38 O 10
6016 5086 2 1 4 M 20
5086 5087 2 5 24 O 30
5087 5088 2 4 21 O 10
5088 4218 2 21 115 O 30
4218 4381 2 5 27 O 10
4381 5075 2 3 14 O 10
5075 4375 2 5 26 O 10
4375 1565 2 19 102 O 20
1565 2774 2 19 101 M 20
2774 4418 2 14 77 M 10
4418 2773 2 14 75 O 30
2773 5126 2 33 178 O 10
5126 1291 2 15 79 O 10
3435 3473 2 19 0 C 0
3473 2086 2 11 0 C 0
3438 3437 2 13 72 M 10
3437 3439 2 14 77 O 30
3439 3440 2 14 77 O 20
3402 3400 2 18 95 O 10
3400 3423 2 44 240 M 20
3423 3415 2 25 135 O 10
3415 3416 2 19 102 M 30
3416 3419 2 19 101 O 20
3419 3418 2 29 158 O 10
3418 3394 2 11 60 M 30
4490 3318 2 28 0 C 0
3318 6043 2 66 0 C 0
4790 5094 2 61 333 O 20
5094 4502 2 53 294 M 20
4502 3599 2 32 174 O 10
1814 4736 2 21 112 O 20
1693 1549 2 76 422 M 20
1549 1547 2 37 203 M 30
397 1388 2 21 112 O 10
1398 1399 2 22 117 O 10
4597 2972 2 8 44 M 20
2972 2970 2 5 25 M 20
2970 2968 2 10 55 O 10
2968 2966 2 4 19 M 10
2966 2990 2 4 20 M 30
2967 2966 2 5 27 O 10
2969 2968 2 5 26 M 20
2971 2970 2 5 25 O 30
2973 2972 2 10 50 O 30
2981 2980 2 10 53 O 10
2983 2982 2 10 55 O 10
2987 2986 2 8 42 O 10
2988 2987 2 4 18 O 20
2989 2988 2 8 44 M 10
2975 2974 2 11 56 O 10
2977 2976 2 11 56 O 10
2979 2978 2 11 56 O 30
2982 2974 2 5 24 O 10
2974 2976 2 6 29 O 20
2976 2978 2 5 27 O 30
2978 2981 2 6 28 M 30
2985 2984 2 10 54 O 30
2990 2980 2 7 38 O 20
2980 2979 2 6 28 O 20
2979 2977 2 5 27 O 10
2977 2975 2 5 28 O 10
2975 2983 2 6 29 O 10
2983 2985 2 6 30 O 20
2985 2986 2 5 27 O 10
2986 2989 2 6 29 O 10
2993 1392 2 14 77 O 30
2714 2991 2 18 97 M 10
1392 2992 2 14 73 O 20
1378 1379 2 30 166 O 30
1379 2108 2 8 42 O 10
2108 1380 2 34 186 O 20
1380 1381 2 11 59 O 10
1381 1382 2 26 140 O 20
1382 1383 2 25 135 O 20
1394 2117 2 37 200 M 20
1393 1394 2 14 74 O 10
2996 2995 2 9 46 O 20
2995 2997 2 5 26 O 20
2997 2994 2 9 50 O 10
2998 2997 2 5 23 O 10
3000 2995 2 5 24 O 20
2995 2999 2 4 20 O 20
3002 3003 2 4 21 O 30
3003 2996 2 4 22 O 30
2996 3001 2 5 27 O 30
3004 3003 2 6 29 O 10
3006 3005 2 66 362 O 10
3009 5681 2 3 13 M 10
3011 3010 2 21 116 O 30
3013 3012 2 3 11 O 30
3012 3011 2 10 51 M 20
3014 3012 2 22 118 O 20
3012 1394 2 6 31 M 10
3022 3024 2 8 40 M 30
3024 3023 2 8 41 O 20
3025 3024 2 7 36 O 20
3019 3018 2 6 28 M 10
3018 3017 2 10 53 O 10
3020 3026 2 7 38 O 10
3026 3025 2 4 17 O 30
3025 3021 2 6 30 O 10
3027 3018 2 6 29 M 30
3018 3026 2 8 39 O 20
2175 2176 2 53 292 O 30
3042 3041 2 3 16 O 20
3041 3040 2 7 38 O 10
3040 3039 2 4 22 O 30
3043 3035 2 6 30 O 20
3035 3042 2 7 34 M 30
3031 3046 2 6 33 O 10
3032 3031 2 9 48 O 20
3045 3033 2 8 42 O 20
3044 3034 2 8 44 O 10
3036 3035 2 9 49 O 20
3041 3037 2 7 36 M 20
3040 3038 2 7 36 O 10
3046 3045 2 4 19 O 30
3045 3044 2 6 33 O 20
3044 3043 2 3 14 O 10
4602 3047 2 17 90 O 10
3050 3051 2 6 30 O 30
3051 3049 2 11 59 O 30
3052 3051 2 6 31 O 10
553 3680 2 3 11 O 30
550 551 2 4 22 O 10
476 468 2 7 33 O 10
464 446 2 14 73 O 20
446 441 2 4 19 O 20
3058 3060 2 8 43 O 20
3060 3059 2 4 21 M 30
3061 3060 2 8 42 M 30
3057 3056 2 9 46 O 10
3062 3057 2 6 32 O 30
3057 3061 2 6 29 O 10
3068 3067 2 15 81 O 10
3066 3065 2 8 44 O 30
3065 3067 2 9 47 O 10
3067 3063 2 2 10 O 10
3065 3064 2 7 39 O 30
3076 3075 2 10 55 O 10
3070 3069 2 9 47 O 10
3072 3070 2 10 50 O 20
3070 3071 2 5 25 O 20
3073 3075 2 3 15 O 30
3075 3069 2 3 13 O 10
3069 3074 2 10 51 O 10
2907 2906 2 9 46 O 30
2905 2906 2 15 83 O 20
2906 3077 2 6 31 O 10
3082 3081 2 11 61 O 10
3084 3083 2 12 63 O 30
3085 3081 2 7 36 M 30
3081 3084 2 13 70 M 10
3080 3079 2 8 43 O 10
3083 3079 2 9 47 M 20
3079 3082 2 4 21 O 30
4606 3093 2 3 13 O 20
4605 3094 2 9 49 O 10
3090 3091 2 4 18 O 20
3091 3089 2 10 53 O 20
3088 3087 2 5 22 O 30
3087 3086 2 9 50 O 30
3091 3087 2 5 27 O 10
3087 3092 2 7 37 O 10
3092 4605 2 3 11 O 10
4605 4606 2 2 10 O 10
4606 3095 2 7 37 M 30
3100 3099 2 16 85 M 20
3102 3101 2 4 17 M 30
3097 3096 2 14 75 O 10
3099 3096 2 9 50 O 20
3096 3098 2 9 50 O 20
3101 3097 2 5 25 O 30
3097 3100 2 10 52 O 20
3100 4607 2 7 36 M 20
480 474 2 9 49 M 20
474 462 2 10 50 O 20
462 450 2 10 51 O 20
450 4596 2 4 18 M 20
3442 3443 2 15 0 C 0
2085 3458 2 34 0 C 0
3458 5358 2 26 0 C 0
5358 3459 2 1 0 C 0
3459 213 2 19 0 C 0
213 3460 2 11 0 C 0
3460 3461 2 15 0 C 0
3461 2926 2 6 0 C 0
3318 3456 2 12 0 C 0
3456 3457 2 17 0 C 0
3457 2085 2 11 0 C 0
3326 3342 2 18 99 M 10
3342 3343 2 15 79 O 30
3343 3341 2 23 127 O 20
3341 3344 2 15 83 O 30
3344 3345 2 44 241 M 20
3345 3346 2 17 92 O 30
3346 3347 2 44 244 O 30
3347 3349 2 19 101 O 20
1383 4300 2 14 73 O 20
4300 4301 2 4 20 O 30
4301 1469 2 23 124 O 20
1311 1316 2 42 231 M 20
1316 4267 2 8 43 M 20
4267 1312 2 12 66 O 20
1302 4554 2 3 12 O 10
4554 1020 2 3 15 O 10
1020 1303 2 11 60 M 20
1303 4587 2 55 305 M 30
4587 4586 2 3 15 O 30
4586 4265 2 18 100 M 30
4265 4555 2 20 109 O 10
4555 1362 2 22 118 O 10
1362 5483 2 8 0 C 0
5483 1304 2 4 0 C 0
2006 2007 2 14 76 O 20
2008 2005 2 18 98 O 30
2008 2007 2 30 165 O 10
2007 2009 2 13 71 M 20
2004 2008 2 10 52 O 30
6183 6184 2 16 0 C 0
6184 109 2 11 0 C 0
109 6170 2 14 0 C 0
6170 5001 2 19 0 C 0
5001 5487 2 2 0 C 0
5487 5000 2 6 0 C 0
5000 6158 2 3 0 C 0
2052 2780 2 38 209 O 20
2062 2056 2 64 354 O 20
2056 2052 2 7 33 O 20
3103 3674 2 19 101 O 10
3104 3673 2 3 16 M 20
1201 1502 2 25 135 M 30
1502 11 2 18 98 O 30
11 1520 2 12 62 M 30
1520 1202 2 27 145 O 20
1202 1514 2 42 231 O 10
1514 5283 2 17 91 O 20
5283 1203 2 3 13 M 20
1231 1270 2 19 101 M 30
1270 1269 2 20 110 O 10
1269 2964 2 20 111 O 20
2964 4216 2 15 82 O 10
4216 1201 2 8 43 O 30
1080 1235 2 11 57 O 30
1235 1264 2 53 292 O 20
1264 1201 2 18 95 O 30
1166 1644 2 9 0 C 0
1914 4500 2 1 0 C 0
4500 1150 2 15 0 C 0
1150 1149 2 25 0 C 0
1149 1148 2 15 0 C 0
1148 1170 2 20 0 C 0
1170 1147 2 20 0 C 0
1147 4484 2 15 0 C 0
4484 1136 2 5 0 C 0
1136 1653 2 2 0 C 0
1653 4482 2 6 0 C 0
4482 1146 2 14 0 C 0
1146 1133 2 10 0 C 0
1133 1145 2 11 0 C 0
1145 988 2 7 0 C 0
988 1135 2 14 0 C 0
1637 158 1 4 22 O 30
1648 1911 1 20 0 C 0
1911 1908 1 19 0 C 0
1908 1909 1 1 0 C 0
1909 3187 1 9 0 C 0
1430 5299 1 4 21 O 30
5299 5276 1 5 23 O 20
5275 1421 1 3 11 O 10
2143 3511 2 4 19 O 30
3511 1429 2 25 138 O 10
1429 2141 2 87 482 O 20
2141 5813 2 11 60 O 20
5813 1419 2 17 94 O 20
3105 1842 2 3 0 C 0
3155 3153 2 24 128 O 30
3153 3823 2 11 61 O 30
3823 2394 2 3 14 O 30
3108 5111 2 7 35 M 30
5111 3107 2 12 65 O 20
3110 1249 2 7 0 C 0
3106 3110 2 8 0 C 0
5121 2251 1 5 0 C 0
2251 3223 1 130 0 C 0
2378 5785 2 12 63 O 30
5785 2125 2 1 5 M 10
1478 1479 2 15 83 O 30
3113 3009 2 16 86 O 10
3009 2176 2 30 164 O 20
2176 5608 2 14 74 O 20
5608 3112 2 2 11 O 10
1410 2803 2 16 87 O 30
2803 1408 2 22 117 O 10
2097 1407 2 15 80 M 30
1409 1410 2 55 301 O 30
1391 1392 2 13 72 M 10
1392 2714 2 15 78 O 30
2714 1393 2 14 77 O 20
4946 4947 1 2 10 O 30
2252 3710 1 124 0 C 0
377 4543 2 6 32 O 30
1353 1354 2 40 217 O 30
2793 3686 2 2 11 M 20
1781 3167 2 4 19 M 10
3119 3121 2 6 30 M 10
3119 3120 2 8 44 O 10
3167 3119 2 13 70 O 10
3592 3122 2 13 69 O 20
3122 263 2 26 143 O 30
263 3123 2 23 128 O 20
3122 264 2 24 128 O 10
264 263 2 3 16 O 20
787 4801 2 6 31 O 10
810 3124 2 2 10 O 20
3124 795 2 2 11 M 30
3124 342 2 18 95 O 30
810 3125 2 9 45 O 30
3125 2519 2 4 22 M 30
2519 2520 2 4 17 O 10
786 4757 2 11 59 O 20
4757 3125 2 2 6 O 30
5116 3127 1 8 42 O 30
3128 3131 1 9 49 O 30
3131 3129 1 11 60 O 10
3130 3131 2 6 29 O 20
1945 1941 2 46 253 O 10
1941 5774 2 10 53 M 20
5774 1946 2 12 62 O 20
1946 1952 2 114 631 O 10
1952 1947 2 21 0 C 0
3137 2310 1 21 111 M 30
1924 3138 1 2 10 O 10
163 3136 1 2 8 O 20
3136 1924 1 2 10 M 20
1924 162 1 1 3 O 30
351 2304 1 3 0 C 0
2304 1975 1 25 0 C 0
5150 2029 1 10 0 C 0
5151 2046 1 16 0 C 0
1974 5150 1 17 0 C 0
3144 3145 1 1 0 C 0
2045 2046 2 18 0 C 0
2046 2305 2 3 0 C 0
4661 1630 2 14 0 C 0
3149 3148 1 6 33 O 30
3159 1625 1 2 6 O 10
1625 1637 1 2 11 M 30
3149 2033 1 14 0 C 0
2224 1675 1 8 0 C 0
2384 3154 2 5 28 O 10
3154 3153 2 7 36 M 30
2029 3139 1 4 0 C 0
1852 1853 2 25 139 O 10
3172 1121 1 10 0 C 0
1114 3257 1 22 0 C 0
1627 3173 1 13 67 M 20
192 3150 1 126 698 M 30
997 992 2 5 26 O 30
3174 993 1 11 60 O 10
1968 190 1 3 12 M 20
2588 3174 1 5 25 O 20
3176 1995 1 10 53 O 10
1995 191 1 4 19 O 30
1957 3175 1 7 38 O 20
1958 3176 1 8 44 M 10
3175 1958 1 9 46 O 20
1958 993 2 2 9 O 20
993 2047 1 49 272 O 20
2047 1981 1 67 367 O 30
1981 1987 1 14 77 O 30
1987 1990 1 14 78 O 20
1990 1978 1 15 78 M 10
1979 1991 1 14 77 O 20
1991 3868 1 2 6 O 30
3868 1988 1 13 71 O 30
1988 362 1 1 2 O 20
362 1982 1 15 78 O 30
1982 2002 1 64 352 O 10
2002 2009 1 26 142 M 10
2009 1957 1 11 58 O 30
3178 4740 1 9 49 O 10
4740 3177 1 19 104 O 30
3180 4539 1 21 0 C 0
3179 5153 1 1 0 C 0
5153 2306 1 2 0 C 0
185 3181 1 2 0 C 0
3181 5149 1 18 0 C 0
5149 3805 1 18 0 C 0
3805 5147 1 21 0 C 0
5147 3183 1 14 0 C 0
2305 3182 1 13 0 C 0
3182 3181 1 6 0 C 0
143 1972 1 13 0 C 0
1972 1977 1 35 0 C 0
1940 3959 1 23 126 O 20
3959 1943 1 2 7 O 10
2087 1635 1 2 0 C 0
3183 4015 1 4 0 C 0
4015 4016 1 8 0 C 0
4016 144 1 2 0 C 0
3184 140 1 15 0 C 0
147 3944 1 21 0 C 0
3944 4589 1 19 0 C 0
4589 1915 1 34 0 C 0
1916 4590 1 34 0 C 0
4590 3945 1 19 0 C 0
3945 146 1 21 0 C 0
2235 187 1 11 60 O 20
1969 1968 1 3 16 O 20
2311 2235 1 5 25 O 10
2233 193 1 17 89 O 20
2320 2233 1 139 768 O 20
3173 189 1 16 87 O 20
1872 266 1 14 0 C 0
3186 3151 1 14 0 C 0
1646 1935 1 22 0 C 0
3187 1913 1 14 0 C 0
3188 1647 1 49 0 C 0
3189 1842 1 14 0 C 0
3190 1921 1 15 0 C 0
3191 1737 1 15 83 O 10
3192 1613 1 24 130 O 10
1613 3191 1 43 236 M 20
1737 3193 1 64 0 C 0
3193 3194 1 12 0 C 0
3194 1612 1 9 0 C 0
1612 6049 1 2 0 C 0
3195 1838 1 22 0 C 0
1838 3189 1 40 0 C 0
1842 3196 1 64 0 C 0
3196 1848 1 34 0 C 0
3197 3640 1 5 0 C 0
3640 5175 1 3 0 C 0
5175 179 1 5 0 C 0
1913 1936 1 4 0 C 0
1936 3186 1 36 0 C 0
3151 268 1 3 0 C 0
265 3152 1 2 0 C 0
3152 1871 1 11 0 C 0
1871 1933 1 20 0 C 0
1933 1645 1 23 0 C 0
1168 1934 1 23 0 C 0
1934 1872 1 21 0 C 0
1935 1912 1 4 0 C 0
1912 1910 1 41 0 C 0
1910 1870 1 20 0 C 0
1869 5176 1 1 0 C 0
5176 177 1 15 0 C 0
3198 5174 1 7 0 C 0
5174 1847 1 2 0 C 0
1647 3105 1 26 0 C 0
3105 3199 1 28 0 C 0
3199 3190 1 12 0 C 0
1921 1616 1 31 0 C 0
3200 2302 1 15 0 C 0
2302 3201 1 15 0 C 0
3201 6048 1 25 0 C 0
1615 3202 1 64 0 C 0
3202 1736 1 20 0 C 0
1736 3203 1 41 228 M 20
3203 1614 1 17 90 O 20
1614 3204 1 47 257 O 30
3204 3163 1 20 106 M 10
3133 3161 1 4 20 O 20
3205 176 1 4 19 O 30
176 1944 1 8 42 O 30
1944 3133 1 1 4 O 30
3206 1731 1 10 55 O 30
1731 3164 1 5 25 O 20
3208 2308 1 12 66 O 20
3160 3134 1 12 61 O 10
3134 3207 1 26 141 O 10
3207 989 1 21 114 O 10
989 994 1 26 142 O 10
994 1627 1 13 71 O 10
2312 3208 1 46 251 O 10
1626 2312 1 28 155 O 10
188 1626 1 28 153 O 20
1892 1883 2 19 0 C 0
3150 3149 1 15 82 O 20
1870 1869 1 49 0 C 0
1868 1648 1 50 0 C 0
2139 2133 1 103 0 C 0
776 777 1 13 68 M 20
777 1587 1 3 14 O 10
776 3210 1 15 80 O 20
1195 775 1 62 342 M 10
3211 3198 1 13 0 C 0
3212 3315 2 81 0 C 0
3315 6026 2 36 0 C 0
6026 2157 2 9 0 C 0
3212 3441 2 61 0 C 0
3441 3319 2 75 0 C 0
3213 2129 1 39 0 C 0
3215 3214 1 29 0 C 0
1177 3215 1 92 0 C 0
3216 5013 1 33 182 O 10
5013 3217 1 6 28 M 20
2737 1181 1 3 0 C 0
3218 2737 1 21 0 C 0
2859 2860 1 15 0 C 0
2860 3266 1 3 0 C 0
2736 2275 1 11 0 C 0
2275 3219 1 4 0 C 0
2250 5120 1 7 0 C 0
5095 2250 1 14 0 C 0
2203 2253 1 8 0 C 0
2253 5095 1 75 0 C 0
3220 2205 1 12 0 C 0
2205 2244 1 14 0 C 0
1181 3220 1 75 0 C 0
2198 246 1 9 0 C 0
3221 2198 1 13 0 C 0
3222 2241 1 19 0 C 0
2199 3269 1 11 0 C 0
3223 2195 1 19 0 C 0
2195 3221 1 78 0 C 0
3214 2051 1 8 0 C 0
1180 3224 1 34 188 O 10
2128 1180 1 90 497 O 10
3226 2760 1 3 0 C 0
2760 2761 1 5 0 C 0
1187 2644 1 22 0 C 0
2644 1114 1 5 0 C 0
2696 197 1 6 0 C 0
2646 3487 1 25 0 C 0
3487 2752 1 12 0 C 0
3156 196 1 8 0 C 0
1184 198 1 2 0 C 0
3240 1001 1 6 0 C 0
1119 6152 1 8 0 C 0
6152 111 1 6 0 C 0
111 1124 1 12 0 C 0
1124 3240 1 45 0 C 0
3170 2753 1 6 0 C 0
3242 3170 1 5 0 C 0
2753 3171 1 4 0 C 0
3171 5375 1 5 0 C 0
5375 5385 1 6 0 C 0
5385 3244 1 6 0 C 0
2712 1119 1 5 0 C 0
3243 2712 1 11 0 C 0
1120 3243 1 12 0 C 0
2762 3246 1 18 0 C 0
3244 2762 1 8 0 C 0
3245 1120 1 8 0 C 0
1085 110 1 13 0 C 0
110 3245 1 6 0 C 0
2763 3248 1 18 0 C 0
3246 2763 1 8 0 C 0
3247 5354 1 4 0 C 0
5354 1085 1 5 0 C 0
1084 4984 1 9 0 C 0
4984 5355 1 7 0 C 0
5355 3247 1 3 0 C 0
2764 3250 1 14 0 C 0
3248 2764 1 8 0 C 0
3249 1084 1 9 0 C 0
1185 1061 1 7 0 C 0
1061 3249 1 7 0 C 0
3250 2758 1 9 0 C 0
2758 3253 1 53 0 C 0
3251 1185 1 8 0 C 0
3252 212 1 16 0 C 0
212 6031 1 8 0 C 0
6031 3251 1 9 0 C 0
1086 4983 1 2 0 C 0
3253 181 1 7 0 C 0
184 3255 1 72 0 C 0
3254 183 1 10 0 C 0
1121 1122 1 23 0 C 0
1122 5357 1 9 0 C 0
5357 5356 1 11 0 C 0
5356 3488 1 35 0 C 0
3488 3254 1 16 0 C 0
3255 2757 1 8 0 C 0
2757 2755 1 21 0 C 0
2755 3256 1 8 0 C 0
3256 2756 1 10 0 C 0
2756 3258 1 17 0 C 0
3257 1186 1 8 0 C 0
1186 3172 1 8 0 C 0
3258 2645 1 12 0 C 0
2645 2643 1 6 0 C 0
2643 968 1 11 0 C 0
968 3226 1 3 0 C 0
2319 4632 1 8 0 C 0
6156 6155 1 9 0 C 0
6155 3807 1 19 0 C 0
2158 2280 1 4 0 C 0
2280 245 1 2 0 C 0
3259 2200 1 13 0 C 0
3586 2316 1 20 0 C 0
2193 2314 1 10 0 C 0
2314 3261 1 125 0 C 0
3491 3490 1 8 0 C 0
3490 3259 1 106 0 C 0
3260 3587 1 69 0 C 0
2191 3260 1 62 0 C 0
3261 2194 1 19 0 C 0
2194 2202 1 47 0 C 0
2734 2191 1 6 0 C 0
3263 2734 1 20 0 C 0
3262 3263 1 17 0 C 0
2132 3262 1 15 0 C 0
2202 2135 1 20 0 C 0
2134 2130 1 9 0 C 0
2130 2131 1 12 0 C 0
2131 2135 1 3 0 C 0
2135 3714 1 9 0 C 0
2131 2132 1 11 0 C 0
2140 2131 1 20 0 C 0
6118 2140 1 6 0 C 0
2232 2240 1 13 0 C 0
3807 5490 1 5 0 C 0
5490 6154 1 14 0 C 0
3264 2648 1 8 0 C 0
2747 2749 1 8 0 C 0
2749 3264 1 11 0 C 0
1182 6157 1 29 0 C 0
2647 4020 1 11 0 C 0
4020 3923 1 5 0 C 0
3923 3924 1 10 0 C 0
3924 2751 1 9 0 C 0
3926 1183 1 13 0 C 0
2243 3925 1 3 0 C 0
3925 3926 1 18 0 C 0
2751 2646 1 26 0 C 0
3265 1608 1 7 0 C 0
2752 2696 1 23 0 C 0
1608 1609 1 37 0 C 0
3266 3218 1 61 0 C 0
3267 3268 1 28 0 C 0
3268 5359 1 9 0 C 0
5359 2859 1 6 0 C 0
2241 3267 1 12 0 C 0
3269 3656 1 54 0 C 0
3489 5344 1 2 0 C 0
3492 2665 1 14 0 C 0
2244 2242 1 5 0 C 0
2242 2254 1 12 0 C 0
2254 3492 1 59 0 C 0
2242 2204 1 4 0 C 0
2219 2242 1 15 0 C 0
1970 2311 1 23 124 O 10
1971 1970 1 9 48 M 10
2699 2596 1 23 0 C 0
1906 2699 1 50 0 C 0
1749 3706 2 9 48 O 30
3698 1743 2 4 21 O 10
3493 3698 1 13 68 O 30
3118 3692 2 5 24 O 30
3692 1700 2 2 6 M 30
1212 4669 2 9 45 O 10
4669 1014 2 9 46 O 30
1014 3117 2 16 87 O 30
3117 3693 2 8 40 O 10
3693 3118 2 5 25 O 10
1212 2484 1 12 65 O 10
2486 2485 1 16 87 O 30
1213 3691 1 4 17 O 30
3494 1215 1 7 38 M 30
1215 1213 1 10 52 O 10
1206 3494 1 14 73 M 30
2485 1212 1 12 66 O 10
3495 1214 1 9 49 O 10
3496 3495 1 15 81 O 30
1214 1206 1 13 72 O 30
1206 1210 1 4 19 O 10
2864 2863 1 3 12 O 10
2863 3496 1 80 444 M 20
3497 1221 1 12 66 O 30
1221 2862 1 19 104 M 30
2862 1205 1 3 13 O 30
1205 1418 1 19 101 O 20
1418 3510 1 16 88 M 20
3498 2864 1 22 121 M 20
1445 3498 1 25 137 M 10
2292 5194 1 6 30 O 20
1428 5285 1 5 24 O 10
5285 1441 1 30 163 O 20
1441 3499 1 9 49 O 20
1438 3514 1 9 45 O 20
2293 2294 2 5 25 M 10
3501 5248 1 12 65 M 30
5194 3655 1 8 41 O 20
3655 1415 1 32 174 O 20
1415 1447 1 47 256 O 30
3502 3501 1 8 42 O 30
3503 1414 1 46 252 O 10
3504 1593 1 24 0 C 0
5178 3654 1 85 0 C 0
3654 3504 1 22 0 C 0
1684 5178 1 89 0 C 0
3507 3505 1 26 0 C 0
3506 3507 1 13 0 C 0
2192 3506 1 17 0 C 0
2221 1671 1 10 0 C 0
178 6002 1 7 0 C 0
6002 1868 1 8 0 C 0
3510 1446 1 11 60 O 20
3512 3511 1 6 28 O 30
3512 2143 1 5 25 M 10
3514 3513 1 11 56 M 10
1434 5205 1 5 23 O 30
5205 3512 1 26 142 O 10
3516 3515 2 3 16 O 20
1562 3521 2 23 122 M 30
1562 2847 2 7 39 O 30
2847 2848 2 7 37 O 10
2848 1208 2 16 86 M 10
1208 3522 1 15 79 O 20
2845 1208 1 9 50 O 20
3523 3596 2 5 25 M 30
3596 3412 2 5 26 O 20
3524 3413 2 55 300 O 10
3412 3524 2 9 49 O 30
3414 3396 2 16 88 O 30
4488 3525 2 14 0 C 0
3396 4488 2 3 12 O 20
3413 3414 2 127 703 O 30
3319 3526 2 6 0 C 0
3527 3319 2 13 0 C 0
3526 3589 2 15 0 C 0
3589 5172 2 46 0 C 0
5172 3528 2 18 0 C 0
2191 2194 2 3 0 C 0
3528 2735 2 11 0 C 0
2735 2191 2 6 0 C 0
4846 4879 2 64 355 M 10
4879 5884 2 13 69 O 20
5884 2810 2 4 17 O 10
2810 2593 2 8 41 O 30
2593 2809 2 26 141 O 30
2809 2594 2 12 64 M 30
3529 2608 2 7 36 O 10
3530 2608 2 11 61 O 30
2608 3531 2 10 55 O 30
2608 3532 2 14 74 O 20
3532 3533 2 58 317 M 20
155 1033 1 12 62 O 10
3533 4644 2 13 69 O 30
1037 152 1 14 74 M 30
157 3534 1 25 136 O 20
2650 3537 2 15 80 O 30
3540 5065 1 8 40 M 30
3538 3540 2 6 28 O 30
5065 4071 2 6 28 O 10
4071 3539 2 7 38 O 30
2632 2767 1 31 168 O 30
3541 4653 2 7 34 M 30
4653 5544 2 6 30 M 10
5544 5543 2 7 34 O 30
5543 4652 2 6 33 O 10
3542 5536 2 6 32 M 20
5536 5535 2 7 37 O 10
5535 5103 2 7 37 O 30
3544 1962 2 9 49 O 20
3545 3338 1 20 106 O 20
3604 2263 1 17 90 O 10
2263 3545 1 260 1443 O 20
4782 4767 1 16 86 O 10
4767 2546 1 2 10 M 10
2260 2255 1 9 50 O 10
2550 2258 1 4 22 O 20
2258 2257 1 7 37 O 30
3546 2257 1 13 67 O 30
3606 4766 1 26 141 M 20
4766 2550 1 3 12 O 20
1210 1217 1 14 73 O 10
1217 2481 1 41 227 O 30
2481 2483 1 13 68 O 20
2483 2264 1 41 224 O 30
2264 3606 1 6 30 O 20
2259 3547 1 21 114 O 10
3548 1218 1 19 104 O 30
1218 1209 1 18 95 O 30
1209 1207 1 4 18 O 30
1207 1220 1 11 58 O 20
1220 2637 1 55 302 O 30
2637 2636 1 11 58 O 10
2636 3497 1 12 66 O 20
1216 1210 1 14 73 O 20
3690 4760 1 3 16 O 20
4760 4768 1 21 115 O 10
4768 1211 1 4 19 O 10
1211 4769 1 4 22 O 10
4769 1216 1 15 83 O 30
3549 1207 1 15 79 O 20
1207 1206 1 5 25 O 10
1293 3550 2 4 20 O 30
3592 5868 2 32 175 O 10
5868 290 2 3 12 O 30
1294 12 2 6 29 M 10
12 2843 2 6 29 M 20
2844 2843 1 11 59 O 20
4793 2844 1 9 49 O 30
1202 276 2 13 71 O 20
276 5090 2 5 27 O 10
5090 1526 2 10 52 M 30
1526 1291 2 30 167 O 30
1291 5374 2 6 28 O 20
5374 1292 2 36 200 O 10
2656 3557 2 3 14 O 10
3565 3566 2 3 15 M 20
3566 3564 2 3 15 O 30
3570 3569 2 6 28 O 20
1349 3338 2 16 87 M 10
3413 3341 2 12 65 O 30
3341 3340 2 17 92 O 30
3340 3474 2 17 91 O 30
3474 5818 2 7 38 O 30
5818 3329 2 13 69 O 20
2245 2246 1 11 59 O 10
2246 1960 1 74 410 M 10
2850 2245 1 9 45 M 30
2217 2245 2 5 25 O 10
2218 2824 1 23 125 O 10
2824 3713 1 103 0 C 0
2216 5164 1 6 28 O 10
5164 2217 1 12 63 O 10
2376 1959 1 15 79 O 20
1960 3711 1 12 64 O 30
2214 2373 1 7 37 M 10
2373 2215 1 26 142 M 30
2372 2214 1 11 59 M 20
2282 2153 1 9 45 O 20
2153 2213 1 3 11 O 30
3338 3708 1 174 966 O 10
3871 2370 2 6 33 O 30
2370 2369 2 3 12 M 30
2369 2378 2 9 47 O 20
3582 2368 2 14 78 O 30
2360 3582 1 3 15 O 20
2368 2378 2 8 41 M 20
2377 2378 2 8 40 O 20
3585 3491 1 7 0 C 0
2316 2193 1 3 0 C 0
2315 3585 1 8 0 C 0
2196 2197 1 4 0 C 0
2277 2315 1 3 0 C 0
3587 2317 1 11 0 C 0
3412 3588 2 8 44 M 10
1021 1024 2 6 32 O 20
1025 1021 2 6 31 O 20
1023 1026 2 1 5 O 20
1026 1018 2 7 35 O 10
1021 1027 2 4 17 O 20
1027 1023 2 3 16 O 20
3590 2842 1 6 32 O 10
2842 3591 1 7 39 M 10
3591 1293 1 20 107 M 10
3550 3592 2 13 69 O 10
3551 2845 1 3 15 M 20
1293 2846 1 10 53 O 10
2846 3551 1 7 36 O 20
3595 3596 1 5 23 O 10
3595 3594 2 6 31 O 10
3594 5575 2 3 15 O 30
5575 3600 2 4 18 O 30
3597 3593 2 10 51 O 10
3593 3595 2 5 26 M 30
3598 3594 1 7 36 O 20
3598 3523 2 9 49 O 30
3599 3598 2 7 35 M 20
3600 3601 2 3 13 O 20
3601 3593 2 3 13 O 10
3602 2479 2 3 12 M 20
3603 3602 2 2 8 O 10
2255 4767 1 5 27 O 10
2546 3604 1 24 130 O 30
2550 3605 1 15 80 M 10
2258 2549 1 3 12 O 20
2549 3547 1 13 69 O 10
3547 3548 1 90 495 O 10
2259 2549 1 13 67 O 10
2549 4766 1 4 22 M 20
2257 2256 1 3 14 M 10
2546 2547 1 5 27 O 20
2547 2548 1 6 32 O 30
3607 1962 1 19 102 O 20
1962 2262 1 313 1734 O 20
2262 2547 1 7 37 O 20
2547 2255 1 3 12 O 20
2255 2261 1 6 32 O 30
2261 1963 1 11 58 O 30
1962 5786 2 2 6 M 30
4817 4812 1 3 16 O 20
4818 4817 1 12 62 O 10
375 4818 1 5 24 O 30
4817 3616 2 13 69 M 20
2616 3617 2 8 41 O 10
3619 3618 2 6 30 O 20
3621 3620 2 6 31 M 30
3622 2883 2 6 33 M 30
3624 3623 2 6 31 O 30
4950 3625 2 1 2 O 30
3628 3627 2 32 173 M 20
3629 3630 2 27 145 M 20
3631 3630 2 7 37 O 30
3632 3633 2 52 284 O 30
3633 5163 2 1 5 O 10
5163 2217 2 8 44 O 30
2214 4545 2 10 52 O 20
4545 2628 2 4 18 O 10
6097 4540 2 49 267 O 20
4540 3861 2 5 25 O 30
3861 3475 2 17 92 O 10
3475 2629 2 34 186 O 30
2629 3952 2 2 8 O 30
3952 2371 2 12 63 M 10
2371 5038 2 4 19 O 10
5038 5032 2 8 42 O 30
5032 3752 2 6 29 M 10
3752 1049 2 2 6 O 30
1049 3645 2 3 13 O 10
374 375 1 12 63 M 30
3634 373 1 13 70 O 10
373 5129 1 3 12 O 20
5129 374 1 13 67 O 10
3635 4548 1 12 67 O 10
372 4887 1 3 15 O 30
4887 3635 1 22 118 O 30
1054 3638 2 5 26 O 20
2076 1054 2 4 19 O 10
2155 2286 1 6 29 O 10
2286 3607 1 173 956 O 30
4514 2287 1 12 64 O 10
2287 1961 1 5 27 O 20
1961 2155 1 3 12 O 30
3641 1849 2 2 0 C 0
2284 3642 1 13 69 O 20
3643 2283 1 8 39 O 20
2290 3643 1 5 27 O 30
2600 2290 1 11 56 O 20
3644 5005 1 1 5 O 10
5005 3984 1 4 20 O 30
3984 2284 1 6 31 O 10
3642 2600 1 10 52 O 10
3645 2283 2 6 28 O 30
2284 2283 2 2 10 M 10
3646 2284 2 5 27 O 10
3649 3647 2 2 9 O 20
3616 3651 2 3 15 O 20
3652 5182 1 12 66 O 10
5182 1594 1 5 23 O 10
1594 1598 1 50 275 M 20
1598 1583 1 6 31 O 10
1592 1597 1 8 44 O 10
1597 1600 1 24 130 O 30
3500 3655 1 13 67 O 30
3501 1444 1 7 38 O 10
1444 5194 1 3 13 O 30
1439 1438 1 10 54 O 30
3514 1434 1 7 36 O 30
1436 1439 1 8 43 O 10
1439 1440 1 3 11 O 30
1440 1442 1 8 40 O 30
1442 1432 1 40 222 O 30
1432 6057 1 63 347 O 20
3753 1433 2 2 9 O 10
1433 5223 2 4 22 M 10
5223 5224 2 1 3 O 30
5224 859 2 3 15 O 20
859 5226 2 14 73 O 10
5226 1441 2 10 51 O 30
1441 1434 2 2 11 M 20
3499 1443 1 9 48 O 20
3656 3222 1 8 0 C 0
1600 3503 1 19 101 O 20
3664 3661 1 4 20 O 10
3660 3664 1 4 19 O 10
3663 3662 1 3 15 O 20
2743 3663 1 3 16 O 20
3048 4602 2 1 4 O 30
4602 2075 2 5 26 O 10
3048 2742 1 3 15 O 20
1583 1592 1 4 18 M 30
5269 5298 1 3 15 M 20
5298 1431 1 27 145 O 10
1431 1577 1 8 40 O 30
1577 1585 1 4 21 O 30
1616 3200 1 69 0 C 0
1921 1838 2 4 0 C 0
1835 1836 2 47 0 C 0
1836 1833 2 89 0 C 0
1837 3209 1 4 0 C 0
2192 1669 1 3 0 C 0
1671 1683 1 9 0 C 0
1683 3667 1 6 0 C 0
1664 2223 1 9 0 C 0
1664 2192 1 2 0 C 0
2222 2221 1 4 0 C 0
2223 2222 1 6 0 C 0
3667 1670 1 4 0 C 0
1670 2192 1 9 0 C 0
3668 5177 2 4 0 C 0
5177 1851 2 4 0 C 0
3678 3677 2 4 21 O 30
3682 2782 2 2 6 O 30
3505 1684 1 16 0 C 0
1205 2864 1 5 25 O 30
3688 1436 1 41 223 O 10
3689 3690 1 9 45 O 10
2484 3689 1 9 45 M 10
3691 2486 1 26 144 O 10
1211 3691 1 3 16 O 20
3692 3694 1 7 36 O 30
3694 4681 2 6 31 O 10
4681 3693 2 7 35 O 10
1743 3696 1 9 45 O 30
1743 3697 2 7 34 O 10
3695 3696 2 2 6 O 20
3696 3699 2 1 5 O 10
1700 3698 2 3 15 O 20
3698 3699 1 8 40 M 20
3699 1700 1 9 45 O 20
2320 2033 2 4 0 C 0
1892 2320 2 3 0 C 0
186 2234 1 5 27 O 20
2234 1907 1 11 60 O 30
3707 2247 1 19 100 O 10
2307 1966 1 8 44 M 20
3700 2307 2 15 79 O 30
2708 4783 1 6 33 O 10
3697 4676 2 51 282 O 30
3701 3702 1 61 333 O 10
3702 1195 1 27 149 O 30
1195 5189 1 92 511 M 20
3703 1971 1 45 249 O 30
1907 1955 1 23 124 O 20
2700 2307 1 2 11 O 10
2247 1877 1 6 30 O 10
1877 2596 1 2 10 M 30
2596 2700 1 7 34 O 30
3704 3706 2 8 43 M 30
3706 3705 2 9 45 M 10
3707 3704 2 13 70 O 10
1903 1893 2 15 78 O 10
3705 1783 2 41 223 O 10
1783 1903 2 15 79 O 20
1903 3703 2 45 248 O 10
4515 4514 1 10 50 O 20
3708 2282 1 14 76 O 30
3709 2218 1 6 30 O 10
2217 3709 1 17 91 M 20
3710 2850 1 14 73 O 30
2245 5165 2 7 38 M 10
3711 2376 1 9 49 M 30
3712 2372 1 9 49 O 10
1181 5120 1 4 0 C 0
2204 2203 1 5 0 C 0
3713 2219 1 5 0 C 0
3714 2137 1 17 0 C 0
5188 2148 1 10 51 O 30
3715 2148 1 18 95 M 20
777 3210 1 6 32 O 20
3210 32 1 38 211 O 10
32 2323 1 8 39 M 10
2323 1189 1 3 13 O 30
1189 2326 1 33 178 O 30
2326 5317 1 3 15 O 30
5317 2324 1 3 0 C 0
3716 777 1 12 65 O 30
1587 1586 1 16 87 O 30
1586 3720 1 5 27 O 20
5276 2225 1 6 29 O 10
1605 1607 2 16 85 O 20
1607 1606 2 20 110 M 30
3963 3718 1 32 174 M 10
3718 1600 2 5 27 M 30
1583 1599 1 7 33 O 10
1599 1596 1 2 11 O 20
1596 1582 1 8 43 O 10
3719 1583 1 8 41 O 20
1588 1590 1 7 37 O 10
1590 1585 1 15 81 O 10
1585 3719 1 7 38 O 30
3720 1588 1 12 66 O 30
1187 2761 2 3 0 C 0
3721 3225 2 7 0 C 0
3225 1187 2 5 0 C 0
2690 2668 1 10 54 M 30
2668 1299 1 3 13 O 10
2209 2697 1 16 86 O 10
2697 2690 1 18 97 O 30
3722 2209 1 10 52 O 10
3605 3722 1 22 119 O 30
3724 2691 1 10 53 M 10
3723 3724 1 25 135 O 10
2691 2671 1 8 43 O 20
2671 2673 1 3 12 O 10
2673 2694 1 8 42 O 30
2694 2211 1 31 170 O 10
2211 3546 1 41 223 O 20
3546 2258 1 10 53 O 30
1299 826 1 8 39 O 20
826 3725 1 56 306 O 30
1305 3732 1 2 8 M 10
1300 1305 1 3 15 O 20
3735 3734 1 22 122 O 30
3725 3735 1 25 137 M 10
2333 3572 1 21 116 O 20
677 2333 1 21 114 O 30
4746 4789 1 51 280 O 10
3726 1301 1 53 292 O 30
1306 1298 1 3 14 O 20
4789 3731 1 17 94 O 10
2331 3571 1 30 165 O 20
3571 3572 1 3 16 O 30
3572 4746 1 71 391 O 20
1877 2698 1 7 38 O 10
2698 1905 1 70 0 C 0
2671 2692 1 12 66 M 30
2692 2672 1 7 35 O 20
2667 2689 1 16 83 M 30
1210 1209 1 5 25 O 30
3747 3746 2 4 19 O 30
3751 3750 2 13 69 O 20
3749 5006 2 6 32 O 10
5006 3985 2 1 5 O 30
3985 3748 2 6 32 M 20
3750 3749 2 4 17 O 20
3749 3748 2 8 41 O 10
3748 3746 2 3 14 O 30
3746 3751 2 1 5 O 20
2148 1180 1 91 505 O 20
1698 3755 1 11 56 M 20
3756 704 2 3 12 O 30
5316 5315 1 8 40 O 10
5315 5314 1 26 142 O 20
5314 5316 1 11 57 M 20
3760 594 2 3 16 M 30
3761 627 2 3 15 M 20
3762 584 2 3 15 O 20
3763 593 2 3 14 O 20
3794 3793 2 9 46 O 10
3801 3799 1 4 20 O 20
3799 3798 1 4 18 O 30
3798 3764 2 5 22 O 30
3793 3792 2 3 15 O 10
3766 3765 2 3 11 O 30
5245 5242 2 4 17 M 30
5242 3772 2 5 23 O 30
3772 3771 2 4 17 O 20
3771 3767 2 7 37 O 20
3769 3768 2 2 11 O 10
3791 3766 2 2 6 O 10
3766 3769 2 3 16 O 10
3769 3771 2 3 16 M 20
3771 3770 2 2 10 O 30
5246 3772 2 8 39 O 20
3772 5244 2 2 9 M 30
3774 3773 2 3 13 O 20
3777 3776 2 3 12 O 20
3779 3778 2 3 11 O 30
3781 3780 2 3 11 O 10
3783 3782 2 3 11 M 10
3799 3785 2 5 23 O 10
3787 3786 2 9 48 O 20
3788 3790 2 6 31 O 20
3790 3789 2 7 34 M 20
3791 3790 2 15 82 M 10
3784 3796 2 3 12 O 20
3796 3793 2 4 18 O 30
3798 3797 1 17 94 O 20
3800 5267 2 7 34 O 20
3717 3802 2 5 23 M 30
3802 6103 2 59 328 O 30
6103 3801 2 2 7 O 10
3801 3800 2 3 16 O 20
3804 3803 2 39 0 C 0
4774 4775 2 68 373 O 10
1037 4648 2 2 10 O 10
2383 3810 1 3 12 M 10
3809 3818 1 3 12 O 30
3808 3813 2 2 7 O 20
3821 3812 1 6 31 O 10
3811 3817 1 6 33 O 10
3808 3811 1 2 11 O 10
27 5231 2 4 20 M 30
5231 3813 2 9 47 M 20
3813 28 2 2 6 O 30
3820 5231 2 22 121 O 20
29 3814 2 4 18 O 20
5742 3815 2 9 45 M 10
3810 3819 1 2 9 O 20
3819 3821 1 13 67 O 10
5288 5294 2 2 7 O 30
5294 3834 2 3 15 O 30
3830 3829 2 4 19 O 20
3833 3824 2 2 9 O 30
3836 3837 1 22 121 O 30
3836 3835 2 4 18 M 20
3835 3842 2 4 18 O 10
3843 3839 2 9 46 M 20
3841 3840 2 13 68 O 20
3842 3841 2 3 17 O 10
3828 3827 2 9 48 O 30
3843 3842 2 14 76 O 20
3824 3834 2 14 74 O 10
3834 3836 2 6 28 O 20
3833 3825 1 5 24 O 30
3830 3839 2 2 7 O 20
3841 3828 2 3 12 M 10
3832 3831 2 3 16 O 20
3837 3833 1 48 264 O 30
3838 3835 2 22 120 O 30
3839 3838 2 3 15 O 20
3838 3837 2 4 17 O 20
617 3846 2 6 31 O 30
3847 3846 2 1 3 M 10
3846 615 2 4 18 O 30
3848 3847 2 5 24 O 10
3857 3860 2 27 145 O 10
3861 3860 2 3 15 M 10
3860 3859 2 32 177 O 10
3858 3850 2 5 23 O 20
3852 3851 2 23 126 O 20
3853 3854 2 7 37 O 20
3856 3855 2 7 37 O 20
3859 3854 2 24 129 O 30
3854 3855 2 4 19 O 20
3855 3852 2 11 60 O 10
3852 6235 2 2 8 O 20
6235 3851 2 2 8 O 10
3851 3858 2 7 38 O 20
3858 3857 2 15 82 O 30
3864 3862 2 13 67 O 20
3862 3863 2 22 120 O 20
3866 3870 2 3 16 M 20
3869 3867 1 5 25 O 10
3867 3868 2 7 36 O 30
3867 3866 1 14 74 M 10
4227 5162 2 13 70 M 20
5162 5160 2 5 25 M 10
5160 5137 2 15 83 M 20
5137 3865 2 4 18 O 10
3865 3870 2 12 62 O 20
3870 3869 2 11 57 O 10
3891 3872 1 3 15 O 10
3891 3881 2 3 16 O 10
3881 3884 2 4 17 O 20
3884 3885 2 4 17 O 10
3885 3894 2 3 14 O 10
3872 3892 1 14 74 O 20
3891 3888 2 5 22 O 10
3879 3878 2 21 115 O 20
3880 3874 2 3 12 O 30
3874 3875 2 4 18 O 30
3875 3879 2 4 21 M 30
3874 3876 2 16 86 O 20
3877 3876 2 16 88 M 20
3876 3875 2 13 72 O 30
3878 3877 2 3 13 M 30
3877 3873 2 2 6 O 10
4080 3894 1 1 4 O 20
3894 3893 1 3 12 M 30
3893 3880 1 3 13 O 20
3880 5071 1 2 8 O 20
5071 5072 1 2 6 O 20
5072 4080 1 1 2 M 20
3882 3881 2 12 65 O 20
3884 3883 2 12 64 O 20
3890 3882 2 4 17 O 30
3882 3883 2 3 17 O 30
3883 6105 2 7 36 O 10
3887 3886 2 8 42 O 10
3890 3886 2 3 16 O 30
3886 3889 2 11 59 O 10
2651 6104 1 8 41 O 10
6104 5072 1 8 40 O 30
2332 3871 2 3 14 O 20
603 3898 2 3 12 O 20
3899 3900 2 4 20 O 20
3908 3907 2 9 50 O 10
3911 3910 2 12 66 O 30
3910 3909 2 4 18 O 20
3909 3904 2 3 16 O 10
3904 3908 2 2 7 O 20
3901 3911 2 6 33 O 10
3903 3902 2 6 31 O 10
3915 3904 2 13 67 M 30
3915 3917 2 3 16 O 30
3913 3912 2 5 26 O 30
3914 3913 2 4 22 O 10
693 3905 1 5 27 M 20
3911 3905 2 13 71 O 10
3906 3909 2 12 61 O 10
3915 3907 2 4 18 O 20
3907 3903 2 2 9 O 30
3903 3906 2 2 7 M 30
3906 3911 2 4 17 O 30
3916 3914 2 4 19 O 10
3918 3916 2 3 16 O 30
3916 3912 2 3 16 O 20
3912 3915 2 13 70 O 30
3917 3919 2 4 20 O 10
3920 3919 2 3 16 M 10
3919 3918 2 19 100 M 30
3918 3917 2 16 85 O 30
741 3899 2 3 16 O 20
3900 3920 2 5 27 O 10
3920 692 2 8 40 O 10
3922 3921 2 3 17 O 20
822 820 1 6 30 O 30
823 828 1 5 28 O 10
830 823 1 6 31 O 30
820 829 1 5 27 M 30
4727 3929 1 4 18 O 20
3932 3931 2 19 103 O 20
3934 3933 2 11 59 M 30
3936 3935 2 10 51 O 10
5274 5255 2 2 6 O 20
5255 3939 2 11 59 M 30
3939 5253 2 29 158 O 10
5253 5254 2 25 137 O 30
5254 3939 2 3 15 O 20
3940 3941 2 4 22 O 20
3942 1527 2 22 118 O 10
3943 3942 2 26 141 O 30
3942 3940 2 4 17 M 10
5235 3950 2 4 21 O 30
3949 3946 2 3 14 O 30
3948 3947 2 4 20 O 10
5191 3949 2 15 79 M 20
3949 3948 2 4 19 O 20
3948 3950 2 8 39 M 10
634 612 2 11 57 O 20
609 3953 2 3 12 M 20
3955 1708 2 3 12 O 10
2026 2025 2 9 45 O 10
3959 3958 2 2 9 O 30
3961 3960 1 4 17 O 10
3960 3963 1 2 8 O 10
3963 3962 2 4 17 M 20
3966 3964 2 46 252 M 10
5758 3968 2 6 32 O 30
3968 3967 2 25 135 O 10
3969 3970 1 3 15 M 10
5234 3971 2 21 116 O 30
3983 3975 1 7 35 O 30
3975 3982 1 2 10 O 30
3982 3981 1 1 3 O 10
3972 3974 1 2 6 O 20
3976 3973 1 2 10 M 30
3973 3972 1 2 8 O 30
3978 3977 2 8 41 O 20
3974 3983 1 5 24 O 20
2464 3983 2 4 20 O 10
3981 3979 1 4 19 O 10
3979 3976 1 4 20 M 30
3982 3973 1 2 11 O 30
3975 3974 1 2 9 M 20
3978 3976 1 9 48 M 20
3981 3980 1 14 75 M 10
3980 3979 1 12 62 O 10
3979 3978 1 7 39 M 10
3985 3984 1 3 15 M 20
3986 1247 2 17 91 O 10
3989 3987 2 5 25 O 10
3990 3989 2 23 122 O 10
3989 3988 2 13 67 O 10
4001 4002 1 7 38 M 20
5208 4004 1 5 26 O 20
4004 4005 1 5 26 O 30
4006 1424 1 8 41 O 10
3998 3999 1 4 19 O 10
4004 4003 2 10 53 O 10
4003 4478 2 5 26 O 30
4478 4476 2 3 16 M 10
4476 4474 2 4 19 O 30
4474 42 2 2 9 M 30
42 4472 2 2 7 M 30
4472 4470 2 3 16 O 10
4470 4468 2 4 19 O 10
4468 4466 2 4 19 O 20
4466 4464 2 4 17 M 20
4464 3995 2 4 17 O 20
3995 4459 2 4 17 O 30
4459 3994 2 3 15 O 20
4005 4006 1 2 10 M 20
3996 3997 1 2 6 O 20
5273 3996 1 8 41 O 20
3999 4000 1 1 5 M 20
3997 3998 1 4 20 O 10
4001 3992 2 18 100 O 20
3998 70 2 3 11 O 10
70 5261 2 8 39 O 10
5261 3993 2 10 51 O 20
3997 3999 1 2 11 O 30
4000 4002 1 4 20 M 20
4002 5208 1 1 5 M 30
5208 4005 1 3 14 O 30
4006 3996 1 4 17 M 30
4000 4001 1 6 32 O 30
4010 4009 2 10 51 O 10
4012 4010 2 21 113 O 10
4010 4011 2 45 247 M 20
4019 4018 2 3 0 C 0
4017 4016 2 2 0 C 0
4018 4017 2 11 0 C 0
4027 4022 2 4 18 M 10
4024 4028 2 5 27 O 30
4024 4023 2 11 59 O 20
4026 4024 2 8 40 O 10
4031 4029 2 4 20 O 10
4032 5638 2 6 29 O 30
5638 5640 2 1 5 O 30
5640 5644 2 8 40 O 30
5644 5642 2 1 5 O 20
5642 4031 2 8 39 O 30
4031 4030 2 4 17 M 20
871 4034 2 3 17 O 20
4039 4035 2 9 49 M 30
4038 4036 2 9 46 O 30
2443 4039 2 8 40 O 20
4039 4038 2 8 42 O 10
4038 4037 2 5 26 O 20
3231 4040 2 6 32 O 30
4042 4044 2 4 0 C 0
4044 4045 2 4 0 C 0
4045 4046 2 4 0 C 0
4046 4047 2 4 0 C 0
4047 4048 2 4 0 C 0
4048 4049 2 4 0 C 0
4049 4043 2 4 0 C 0
4043 4051 2 6 0 C 0
4051 4052 2 10 0 C 0
4052 4050 2 19 0 C 0
4050 3641 2 5 0 C 0
608 4056 1 3 14 M 20
4056 4059 1 4 18 M 20
4059 5201 1 5 25 O 30
5202 4060 1 5 25 O 10
4060 4057 1 4 18 M 20
4057 4058 1 3 15 O 30
4059 4060 2 2 7 O 20
4060 4061 2 4 20 O 20
5040 3569 2 4 20 M 30
3569 4065 2 16 86 O 30
4065 5039 2 7 36 O 10
4065 4066 2 14 73 O 10
4067 4068 2 6 32 M 30
4069 3539 2 14 74 O 20
3539 4070 2 22 122 M 10
4075 4078 2 17 92 O 10
4078 4076 2 5 27 O 10
4076 5586 2 13 70 O 10
4076 4077 2 3 15 M 20
4078 4079 2 3 13 M 10
3892 3893 1 2 6 O 20
4081 4083 2 2 9 O 20
4083 5532 2 6 29 O 30
5532 6117 2 14 72 O 10
4082 4083 2 7 34 O 10
4084 5533 2 13 70 O 20
5533 4085 2 8 41 O 10
4086 4094 2 8 42 O 10
4094 4087 2 10 54 O 30
4088 4093 2 7 39 O 10
4093 4089 2 11 56 O 20
4090 4091 2 7 39 O 10
4091 4092 2 10 52 O 20
4091 4093 2 6 32 O 20
4093 4094 2 7 36 O 10
4094 4095 2 6 30 O 10
4096 4097 2 35 193 O 30
4098 4103 2 20 110 O 20
4103 4099 2 12 64 O 10
4100 4102 2 4 19 O 20
4102 4101 2 11 58 O 30
4109 4108 2 7 37 O 20
4108 4102 2 5 23 M 10
4102 4103 2 7 38 O 10
2366 4105 2 9 45 O 10
4105 4108 2 14 73 O 10
4108 4104 2 10 52 O 20
4105 4106 2 7 34 O 10
4106 4109 2 13 71 O 10
4109 4107 2 8 44 O 30
2365 4110 2 17 94 O 20
4110 4114 2 19 101 O 30
4114 4117 2 16 85 O 30
4117 4113 2 7 37 M 30
4113 2365 2 10 52 O 30
4113 4110 2 11 57 O 30
4114 4116 2 10 50 O 20
4116 4115 2 3 16 O 30
4116 4117 2 34 184 O 10
4118 4121 2 4 22 O 10
4121 4124 2 10 51 O 20
4124 4123 2 15 80 O 30
4123 4119 2 9 45 O 30
4120 4119 2 4 17 O 20
4119 4122 2 24 132 O 20
4122 4121 2 9 45 O 30
4122 4123 2 17 89 O 10
4124 4125 2 6 32 O 20
4133 4137 2 25 138 O 10
4137 4140 2 13 67 O 10
4140 4132 2 6 32 O 10
4132 4130 2 7 37 M 10
4130 4126 2 3 15 O 20
4127 4129 2 3 15 O 10
4129 4131 2 7 36 O 20
4131 4128 2 3 17 O 10
4129 4130 2 19 104 O 30
4131 4132 2 19 102 O 30
4134 4133 2 3 13 O 30
4133 4136 2 7 35 O 20
4136 4135 2 18 98 O 10
4136 4138 2 12 62 O 10
4138 4137 2 8 42 O 20
4138 4135 2 7 37 O 10
4135 4139 2 7 35 O 20
4140 4141 2 6 30 O 10
4143 4145 2 11 60 M 20
4145 4144 2 36 200 O 30
2103 4145 2 5 22 O 20
4145 5576 2 8 42 O 30
5576 4144 2 10 50 O 20
4144 4146 2 6 32 M 30
4147 4146 2 6 30 O 10
4146 4148 2 8 40 O 10
4149 4150 2 8 39 O 30
4151 4150 2 3 14 O 30
4150 4155 2 8 39 O 20
4155 4157 2 7 37 O 10
4157 4152 2 7 33 O 30
4152 4153 2 20 110 O 30
4154 4155 2 8 41 O 10
4156 4157 2 4 20 O 30
4152 4158 2 7 37 O 30
4159 4161 2 10 50 O 20
4161 4160 2 9 48 O 10
4161 4165 2 4 20 O 10
4165 4163 2 1 3 O 10
4163 4162 2 9 47 O 10
4163 4164 2 10 53 O 20
4165 4167 2 7 38 O 30
4167 4166 2 2 8 O 30
4167 4168 2 9 50 O 20
4169 4170 2 5 23 O 30
4171 4170 2 13 70 O 20
4170 4174 2 3 13 O 30
4174 4172 2 11 60 M 10
4173 4174 2 10 55 O 30
4175 5573 2 5 24 M 30
5573 5044 2 8 42 M 30
5044 4178 2 7 35 O 20
4178 4176 2 6 29 O 10
4177 5574 2 5 27 O 20
5574 4178 2 8 43 O 20
4178 4179 2 10 51 M 20
4180 4176 2 4 21 M 20
4176 4181 2 13 68 O 30
4184 4182 2 11 57 M 20
4182 4187 2 29 156 O 30
4187 2103 2 6 31 O 30
4182 4183 2 22 118 M 30
4184 4186 2 23 125 O 20
4186 4185 2 5 25 O 20
4186 4183 2 9 49 O 20
4183 4187 2 6 30 O 10
4189 4188 2 25 138 O 20
4188 4594 2 8 41 O 30
4594 4189 2 18 97 O 20
4190 4593 2 22 121 O 20
4593 2441 2 18 97 O 10
4191 4192 2 15 78 O 30
2444 4193 2 17 90 O 10
4194 4195 2 16 84 O 10
4196 5656 2 12 61 O 10
5656 4197 2 6 30 M 20
1201 4199 2 26 140 O 10
4199 4198 2 8 39 O 20
4199 4203 2 5 27 O 10
4203 4201 2 15 80 O 30
4201 4200 2 14 74 M 10
4201 4202 2 6 31 O 30
5092 4204 2 25 136 O 10
4207 4208 2 22 121 M 10
4209 5078 2 13 67 M 30
4210 4211 2 13 68 O 20
4212 4214 2 6 30 M 10
4214 4213 2 14 73 M 20
4214 4215 2 10 52 O 20
4216 4217 2 30 165 O 20
4218 4219 2 41 226 O 20
4220 4219 2 7 35 O 30
4219 4221 2 5 23 O 20
1042 1046 2 7 37 O 10
1046 4228 2 6 32 O 10
4229 1034 2 2 11 O 20
1034 1042 2 4 17 O 20
4251 4252 2 37 204 M 10
4233 4232 2 8 41 O 10
4235 4232 2 6 33 M 10
4232 4234 2 11 57 O 20
4237 4238 2 9 45 O 10
4238 4233 2 3 12 O 10
4233 4236 2 9 49 M 30
4239 4238 2 8 39 O 20
4241 4239 2 11 56 O 10
4239 4242 2 2 8 O 30
4242 4882 2 2 6 M 20
4882 4240 2 4 18 O 20
4242 4243 1 6 32 O 10
4245 4246 2 6 32 O 10
4246 4244 2 3 16 O 10
4249 4246 2 32 177 M 10
4247 4248 2 6 33 O 10
4249 4248 2 11 57 O 10
4248 4245 2 31 170 O 30
4959 4253 2 6 29 O 20
4253 5687 2 18 96 M 10
5687 4251 2 8 40 O 30
4957 4254 1 7 35 O 20
4257 4256 2 3 16 O 20
4256 4255 2 28 151 O 30
4254 4257 1 7 35 O 30
4256 6236 2 6 32 O 20
6236 4255 2 6 32 M 20
4255 4943 2 23 126 O 20
4943 4257 2 2 7 O 20
4260 4258 2 4 21 O 30
4258 4919 2 10 53 O 20
4919 4259 2 10 54 M 10
4259 4920 2 26 142 O 20
4920 4258 2 28 151 O 20
4263 4262 2 38 208 M 10
2226 2321 2 14 0 C 0
1643 5041 2 20 107 O 20
5041 5752 2 9 49 M 20
5752 2110 2 2 10 O 20
2110 2125 2 16 84 O 10
1305 1306 1 5 26 O 20
1298 1300 1 5 27 M 30
3727 1493 1 16 88 O 30
1493 2874 1 5 25 M 20
2877 1494 1 5 24 O 10
1494 3728 1 17 91 O 20
1451 1490 2 18 99 O 20
1793 1794 2 16 87 M 20
19 4637 2 11 60 O 10
3308 936 2 13 69 O 30
936 2717 2 13 67 O 10
2717 5730 2 11 59 O 10
5730 2947 2 13 68 O 10
3657 1832 2 15 0 C 0
1580 1595 1 7 38 M 20
1595 1592 1 8 39 O 10
4270 4269 2 9 48 O 20
4269 4671 2 8 44 O 20
1754 1757 2 33 181 M 10
4273 4274 2 6 31 O 10
4274 4272 2 4 20 O 30
4275 4276 2 10 55 O 10
4276 4274 2 6 32 O 10
4277 4276 2 20 106 O 30
4280 4278 2 10 53 M 10
2291 4280 2 15 78 O 30
2150 5761 2 2 6 M 10
4293 4268 2 17 91 O 30
1469 2821 2 11 59 O 30
4302 4295 2 24 132 O 20
4295 4763 2 8 43 O 20
4763 4302 2 14 74 O 20
4303 4302 2 8 40 O 10
4305 4304 2 4 19 M 10
4306 4312 2 5 26 M 20
4308 4306 2 15 79 O 30
4306 4307 2 2 6 O 10
4310 4308 2 8 41 M 10
4308 4309 2 5 23 M 30
4313 4304 2 10 52 O 20
4304 4312 2 6 33 O 30
4312 4310 2 17 92 O 30
4310 4311 2 5 27 O 10
4315 4314 2 4 18 O 30
4317 4316 2 4 19 O 20
4319 4317 2 30 164 O 20
4317 4315 2 7 35 M 30
4315 4318 2 3 12 O 30
4282 4281 2 10 55 O 20
4284 4283 2 5 27 O 30
4286 4284 2 6 29 M 30
4284 4285 2 5 26 O 30
4288 4289 2 8 43 O 30
4289 4287 2 10 55 M 10
4290 4282 2 8 44 O 10
4282 4285 2 2 10 O 30
4285 4289 2 8 41 O 20
1386 4290 2 12 62 O 30
4290 1380 2 12 67 O 20
4296 4299 2 34 186 O 30
4298 4296 2 8 39 O 20
4296 4297 2 5 25 M 30
4300 4299 2 28 155 O 10
4338 4337 2 8 40 M 10
4340 4339 2 7 36 O 10
3429 3425 2 25 135 O 10
4341 3325 2 33 182 M 20
3325 3326 2 11 61 O 20
3326 3327 2 18 96 O 10
3327 6083 2 10 53 O 10
6083 3328 2 4 20 O 30
3328 5820 2 8 42 O 20
5820 3329 2 11 59 O 30
3412 3597 2 12 65 O 10
3597 5124 2 12 63 M 30
5124 4341 2 25 136 O 10
4343 4342 2 12 66 O 30
4346 4343 2 11 57 O 20
4343 4344 2 5 22 O 30
4348 4346 2 9 50 M 20
4346 4345 2 4 21 O 10
4349 4350 2 3 12 O 20
4350 4348 2 2 8 O 10
4348 4347 2 4 18 O 30
4351 4350 2 6 28 O 10
4353 4357 2 6 29 O 30
4357 4352 2 9 46 M 30
4356 4354 2 7 36 M 20
4354 4355 2 8 42 O 30
4358 4354 2 7 36 O 30
4354 4357 2 12 62 O 10
4360 4361 2 6 29 O 30
4361 4358 2 2 8 O 20
4358 4359 2 8 41 O 30
4362 4361 2 8 41 O 30
4367 4366 2 19 103 O 10
4369 4370 2 10 54 O 20
4370 4368 2 11 59 O 30
4371 4370 2 6 30 O 20
4373 4371 2 15 80 O 20
4371 4372 2 11 60 O 30
4375 4374 2 12 62 O 30
4377 4376 2 12 62 M 10
4379 4378 2 14 73 O 10
4381 4377 2 15 81 O 10
4377 4379 2 7 35 O 10
4379 4380 2 19 105 O 10
4383 4382 2 16 86 O 20
4385 4386 2 10 55 O 10
4386 4384 2 12 66 O 10
4387 4386 2 7 37 M 20
4389 4387 2 14 72 O 10
4387 4388 2 13 67 M 10
4391 4393 2 7 38 O 30
4393 4390 2 8 40 O 20
4393 4392 2 7 38 M 20
4395 4392 2 10 53 M 10
4392 4394 2 8 40 O 10
4397 4396 2 5 23 O 30
4399 4398 2 62 342 O 20
4400 4398 1 4 18 O 20
4398 4397 1 23 125 O 30
4397 4399 1 15 80 O 20
4399 4401 1 56 307 O 20
4403 4416 2 4 20 O 30
4416 4402 2 5 22 O 20
4406 4404 2 4 19 O 10
4404 4405 2 4 20 O 20
4409 4407 2 5 23 O 10
4407 4408 2 4 20 O 30
4412 4410 2 5 25 O 30
4410 4411 2 4 20 O 30
4415 4413 2 5 24 M 10
4413 4414 2 4 17 O 10
4417 4413 2 6 31 O 20
4413 4410 2 9 49 O 20
4410 4407 2 9 49 O 10
4407 4404 2 9 48 O 20
4404 4416 2 6 28 O 20
3553 3552 2 5 23 O 10
4321 4320 2 22 118 M 20
4324 4322 2 12 65 O 20
4322 4323 2 6 31 O 10
4326 4322 2 8 42 O 10
4322 4325 2 4 18 O 10
4328 4326 2 16 88 O 30
4326 4327 2 5 26 O 30
4329 4333 2 10 53 M 10
4333 1566 2 18 95 O 30
4332 4330 2 11 60 M 20
4330 4331 2 9 49 O 10
4334 4330 2 9 48 M 30
4330 4333 2 8 44 O 30
4336 4334 2 13 70 M 30
4334 4335 2 8 44 M 20
4431 4430 2 12 66 O 10
4433 4432 2 12 67 O 20
1242 4434 2 13 70 O 10
4436 4435 2 12 62 O 30
4438 4437 2 11 56 O 20
4439 4440 2 12 65 O 30
4442 4441 2 11 61 O 30
4444 4443 2 21 116 O 10
4446 4445 2 13 68 O 30
4448 4447 2 14 73 O 20
4450 4449 2 9 48 M 20
4420 4419 2 11 58 O 30
4422 4420 2 10 53 O 30
4420 4421 2 18 100 O 30
4424 4423 2 5 0 C 0
4425 4423 2 20 0 C 0
4423 1248 2 10 0 C 0
4427 4426 2 26 140 O 20
4429 4428 2 13 69 M 30
4003 5209 2 3 15 O 30
5209 4452 2 32 173 O 20
4454 4453 2 4 22 O 30
4455 4454 2 6 30 O 20
4454 3994 2 7 37 O 20
4457 4453 2 6 32 M 10
4453 4456 2 6 32 O 20
4459 4458 2 12 62 O 20
3995 4460 2 12 64 O 20
4462 4461 2 8 43 O 10
4464 4462 2 6 33 M 30
4462 4463 2 6 30 O 10
4466 4465 2 12 63 M 20
4468 4467 2 9 48 M 20
4470 4469 2 8 43 O 10
4472 4471 2 7 34 O 20
4474 4473 2 5 27 O 30
4476 4475 2 4 21 O 20
4478 4477 2 6 28 O 20
4559 6166 2 29 0 C 0
6166 6165 2 32 0 C 0
6165 6162 2 34 0 C 0
6162 6176 2 35 0 C 0
6176 6177 2 72 0 C 0
4483 4482 1 8 0 C 0
1657 4483 1 28 0 C 0
4486 1657 1 2 0 C 0
1137 4487 1 2 0 C 0
1136 4485 1 5 0 C 0
4485 1137 1 28 0 C 0
4510 4511 2 3 15 O 10
4510 4026 2 5 27 O 20
4026 3472 2 17 94 M 10
2832 2834 2 4 18 O 10
2834 2836 2 3 16 O 20
2836 2833 2 10 54 O 10
4521 4519 1 17 94 O 30
4518 4521 1 17 92 O 20
395 4522 2 19 103 O 10
3745 4523 2 13 71 O 10
4525 4524 2 14 73 O 10
2629 4526 2 21 115 O 30
2371 4527 2 24 130 O 10
3740 4530 2 4 21 O 20
4530 4529 2 17 94 O 20
4529 4528 2 5 25 M 20
4528 4530 2 17 94 O 10
4535 4531 2 10 54 O 30
4533 4532 2 13 67 M 20
3739 4535 2 4 21 O 30
4535 4533 2 6 33 M 10
4533 4534 2 22 122 M 30
4507 4506 2 9 0 C 0
4541 4540 2 4 17 M 20
4542 4541 2 33 179 O 20
4541 2177 2 34 185 M 10
4551 2183 2 5 23 M 20
2183 2180 2 9 46 O 10
2180 2940 2 3 13 O 10
4557 4564 1 3 0 C 0
4563 4557 1 3 0 C 0
4558 4559 1 3 0 C 0
4559 4565 1 3 0 C 0
4564 4560 1 1 0 C 0
4560 4561 1 1 0 C 0
4561 4558 1 1 0 C 0
4565 4562 1 1 0 C 0
4562 4556 1 2 0 C 0
4556 4563 1 1 0 C 0
4567 6173 2 11 0 C 0
4566 4567 1 3 0 C 0
4567 4573 1 3 0 C 0
4569 4568 1 3 0 C 0
4574 4569 1 4 0 C 0
4568 4570 1 1 0 C 0
4570 4575 1 2 0 C 0
4575 4566 1 1 0 C 0
4573 4571 1 1 0 C 0
4571 4572 1 1 0 C 0
4572 4574 1 1 0 C 0
4583 4578 1 2 0 C 0
4578 4579 1 1 0 C 0
4580 4581 1 2 0 C 0
4582 2229 1 1 0 C 0
2229 4583 1 1 0 C 0
4579 6172 1 4 0 C 0
6172 4569 2 59 0 C 0
4584 4582 1 4 0 C 0
4581 4584 1 4 0 C 0
4585 1359 2 2 7 O 10
4585 4586 1 13 68 O 20
4587 4585 1 13 69 O 30
6173 6179 1 15 0 C 0
4612 2321 2 46 0 C 0
2442 4189 2 5 27 O 30
2786 2081 1 6 32 O 30
4600 4599 2 23 125 O 30
4603 545 2 2 8 M 10
4612 4611 2 71 393 O 10
4614 2554 1 21 116 M 30
2554 2610 1 18 95 O 30
2610 4613 1 18 95 O 30
4613 4614 1 21 116 O 20
4614 2226 2 14 0 C 0
4620 4479 1 2 0 C 0
4479 4621 1 2 0 C 0
4624 6186 1 1 0 C 0
6186 4623 1 1 0 C 0
4630 4620 1 1 0 C 0
4621 4622 1 1 0 C 0
4622 4624 1 1 0 C 0
4625 4626 1 3 0 C 0
4627 4625 1 2 0 C 0
4628 4627 1 1 0 C 0
4626 4629 1 1 0 C 0
4631 6187 1 1 0 C 0
6187 4628 1 2 0 C 0
4629 4630 1 7 0 C 0
4623 4631 1 7 0 C 0
4481 4480 2 3 0 C 0
4480 1093 2 2 0 C 0
1093 1094 2 15 0 C 0
1094 1095 2 15 0 C 0
6154 365 1 3 0 C 0
4632 4633 1 2 0 C 0
4633 2649 1 19 0 C 0
4634 4635 1 5 26 O 30
4640 4634 1 10 50 O 20
4634 4639 1 5 23 O 20
2604 4640 1 16 88 O 20
2605 6210 1 13 69 M 20
6210 4641 1 3 13 O 30
4642 4645 1 9 49 M 30
4643 2607 1 3 12 O 20
4650 4651 1 3 12 O 20
4643 153 1 3 12 M 20
2607 4650 1 2 9 O 10
4636 4637 1 17 91 M 30
4637 4642 1 18 95 O 20
4638 156 1 14 77 O 10
4639 4636 1 21 114 O 10
4641 2604 1 29 161 M 20
1033 2603 1 30 161 O 20
2603 2605 1 23 123 M 30
2607 150 1 2 8 O 10
4644 151 1 2 8 O 30
4645 4646 1 10 52 M 20
4646 154 1 5 25 M 20
4648 4647 1 10 54 O 30
4647 503 1 14 73 O 30
503 4649 1 14 72 O 30
4649 1037 1 10 53 O 30
4651 4643 1 2 9 O 20
4851 4638 1 11 59 O 30
2283 4517 1 19 102 O 20
4517 2213 1 6 28 O 20
2153 4516 1 5 26 O 20
4516 3644 1 9 47 O 10
4660 5664 2 35 193 M 30
4656 4655 2 14 77 M 20
4655 2446 2 3 14 M 10
4658 4657 2 14 74 O 30
3143 4661 1 3 0 C 0
4661 3144 1 4 0 C 0
2910 3140 1 3 0 C 0
3147 2910 1 3 0 C 0
4666 4662 1 17 0 C 0
4662 4663 1 2 0 C 0
4663 4664 1 17 0 C 0
4664 1174 2 15 0 C 0
1174 6006 2 18 0 C 0
6006 4667 2 8 0 C 0
4667 1668 2 6 0 C 0
1858 1859 2 17 0 C 0
1859 4666 2 7 0 C 0
1197 4668 2 11 58 O 10
4671 4670 2 3 15 O 20
4670 4269 2 6 29 O 30
4673 1760 2 19 105 M 30
1760 4674 2 20 108 O 30
4279 4280 2 11 56 O 20
3695 4682 2 6 28 O 20
4682 3694 2 5 23 O 20
4685 4683 1 3 12 O 10
4683 4684 1 2 9 O 10
4686 2863 1 3 16 O 30
2864 4686 1 3 15 M 30
4688 990 2 4 22 O 30
990 991 2 13 68 O 10
991 995 2 9 45 O 10
992 995 2 6 32 O 30
995 998 2 9 48 O 20
4691 4692 1 4 18 O 10
4692 2395 1 3 13 O 30
4690 4689 1 4 18 O 20
4689 2386 1 4 18 O 20
4687 1005 2 5 25 O 30
4694 4693 2 37 203 O 20
4696 1744 1 1 3 O 20
1744 4700 1 1 5 M 20
4700 4695 1 1 4 O 10
4695 4697 1 2 6 O 10
4697 4701 1 2 6 O 30
4701 4699 1 2 6 O 30
4699 4696 1 1 3 O 20
4676 4697 1 6 31 O 30
4699 4698 1 9 47 O 10
4698 1744 1 9 48 O 30
4695 4676 1 6 32 O 10
4698 1745 2 29 156 O 10
4702 4704 1 8 43 O 30
4705 4703 1 5 26 O 20
4707 4704 1 1 3 O 30
4704 4709 1 2 7 O 30
4709 4705 1 2 10 O 30
4705 4706 1 2 7 M 20
4706 4708 1 1 5 O 20
4708 1746 1 1 5 O 10
1746 4707 1 1 5 O 20
1746 4702 1 8 44 O 10
4716 4706 1 6 30 O 10
1745 4702 2 32 173 O 10
4712 4733 1 1 4 O 10
4733 4732 1 1 5 O 10
4732 4710 1 1 5 O 30
4710 4711 1 1 4 O 30
4711 1747 1 1 4 O 10
1747 4712 1 1 1 O 20
4677 4713 1 15 78 O 10
4713 4733 1 4 17 M 30
1747 4678 1 4 17 M 10
4678 4717 1 12 62 O 10
4732 4742 1 8 42 O 20
4742 4745 1 3 13 O 20
4745 4714 1 7 36 O 20
4714 4744 1 7 36 O 10
4744 4743 1 3 13 O 20
4743 4710 1 8 42 O 30
4703 4677 1 18 99 O 10
1718 2428 2 7 35 O 10
2428 1714 2 8 39 O 10
4717 4716 1 20 110 O 20
1222 4718 1 6 29 O 30
4719 4720 1 5 25 O 20
4721 159 1 1 3 O 30
3138 160 1 2 7 M 10
4722 3136 1 2 10 O 30
1994 2595 1 3 16 M 10
2863 2862 1 5 25 M 10
4725 4726 1 9 48 O 30
4726 1754 1 9 46 O 10
4728 4727 1 3 15 O 30
1640 1639 2 2 9 O 30
1812 1815 2 17 94 O 30
2000 5770 2 54 296 O 10
5770 1995 2 11 61 O 10
1807 1806 2 28 154 O 30
1806 1805 2 26 143 M 10
1805 4708 2 43 238 O 10
1885 1884 2 20 107 M 10
1884 1886 2 22 121 O 10
1890 1891 2 54 296 O 20
1883 1882 2 45 245 O 20
1879 1894 2 23 127 O 10
1894 1893 2 75 411 O 30
1904 2313 2 49 270 M 30
2313 1878 2 26 141 O 20
4537 2042 2 17 94 O 30
2010 2011 2 21 112 O 30
2019 2020 2 22 122 O 20
2020 2017 2 24 133 M 10
2017 2015 2 8 44 O 20
2013 4509 2 16 88 O 30
4509 2014 2 9 46 O 30
1898 1897 2 12 0 C 0
1886 1887 2 53 292 M 10
1887 648 2 8 0 C 0
1882 1885 2 23 124 O 20
1885 1881 2 25 134 O 10
4739 4738 2 9 45 O 10
4740 4739 2 16 85 O 20
4738 4737 2 4 21 O 30
4737 4739 2 6 28 M 30
2596 1966 1 2 9 O 20
4735 1877 1 2 8 O 20
4537 4741 2 5 23 O 20
4743 4742 2 1 5 M 30
4745 4744 2 1 5 M 20
3166 4506 2 14 0 C 0
4506 2028 2 39 0 C 0
2028 2026 2 28 154 O 20
2026 2014 2 14 74 M 30
1783 1825 2 55 303 M 10
1806 1812 2 19 101 M 30
1812 4736 2 2 7 O 30
4736 1813 2 15 81 O 10
4678 4713 2 1 5 O 10
1819 1808 2 13 71 O 30
1808 1821 2 12 64 O 30
1341 1333 2 8 40 O 10
1333 1339 2 9 49 O 20
4750 4748 2 8 40 M 10
4748 4749 2 7 35 O 10
4749 1315 2 22 117 O 10
4758 2519 2 11 60 O 10
4761 4760 1 6 32 M 30
4768 4759 1 7 37 M 10
4770 4769 1 6 31 O 10
1213 1211 1 3 16 O 30
831 4774 2 3 14 O 30
4775 2666 2 6 31 O 30
2473 2474 2 16 84 M 30
2474 2475 2 18 97 M 20
802 793 2 4 22 O 20
793 804 2 4 19 O 30
2478 2479 2 7 38 O 10
2479 2480 2 3 16 M 10
4779 4780 2 5 24 M 30
4780 2477 2 9 46 O 10
2487 2488 2 30 162 O 20
2457 2463 2 4 21 O 20
4783 858 1 4 20 O 30
857 855 2 8 43 O 10
581 834 2 2 10 M 20
834 556 2 13 70 O 30
2494 2495 2 20 107 O 20
1208 4792 2 2 9 O 30
4790 4791 1 13 67 O 20
3522 4790 1 13 68 O 20
4791 4792 1 15 80 O 10
4792 4793 1 9 47 M 30
577 4795 2 7 34 O 30
4799 2642 2 36 195 O 20
1028 4796 2 4 19 O 30
4796 1017 2 6 30 M 20
868 871 2 5 24 O 10
871 870 2 4 18 O 30
870 4806 2 4 17 O 20
4806 902 2 6 31 O 10
891 906 2 3 12 O 10
906 903 2 14 75 O 30
2675 2685 2 9 46 O 10
2685 2677 2 3 12 M 30
2677 2678 2 4 20 O 30
2678 2681 2 4 20 O 10
2681 2682 2 4 18 M 20
2682 2676 2 15 83 O 20
4773 4802 2 1 3 O 10
858 2709 1 5 27 O 30
2709 4773 1 11 61 O 20
4773 4803 1 1 3 O 10
1780 1772 2 9 47 O 30
563 2701 1 5 25 O 10
4804 563 1 5 25 O 30
917 5447 1 1 5 O 10
5447 879 1 2 9 O 20
1965 833 1 4 20 M 20
797 801 2 14 75 M 30
577 4800 2 5 25 O 20
4810 4811 1 7 35 O 10
4811 3615 1 7 36 O 10
4812 4810 1 9 49 O 30
4814 4817 2 1 5 O 30
4813 4814 1 3 17 O 20
3615 4813 1 9 47 O 30
4814 4815 1 12 63 M 20
4815 4816 1 5 24 O 20
4821 4820 1 2 11 M 30
4820 2611 1 2 8 O 10
4822 4940 1 13 71 O 30
2166 2164 1 14 73 M 20
4824 4825 1 4 0 C 0
2766 4827 2 16 0 C 0
4826 2170 1 3 0 C 0
4825 4826 1 1 0 C 0
2170 2766 1 6 0 C 0
4827 4829 1 5 0 C 0
4828 4841 2 16 0 C 0
4830 4230 1 1 0 C 0
4829 4830 1 1 0 C 0
4230 4828 1 5 0 C 0
4831 4834 1 5 0 C 0
4832 4839 2 15 0 C 0
4835 4833 1 1 0 C 0
4834 4835 1 1 0 C 0
4833 4832 1 5 0 C 0
4839 2171 1 5 0 C 0
4837 4836 1 5 0 C 0
4838 4837 1 1 0 C 0
2171 4838 1 2 0 C 0
4841 4842 2 3 0 C 0
4842 4831 2 4 0 C 0
2206 4231 1 49 0 C 0
4231 4840 1 2 0 C 0
4840 4824 1 20 0 C 0
4845 4843 1 40 219 O 10
4843 2664 1 2 0 C 0
2807 4850 1 7 38 O 20
4850 2227 1 23 123 O 20
2227 228 1 18 100 O 10
228 222 1 11 61 O 10
2593 2811 2 8 40 M 30
2606 4852 1 2 7 O 10
2765 2606 1 2 7 M 10
4852 4857 1 1 4 O 30
4857 4851 1 9 49 O 30
3534 4859 1 9 48 O 20
4859 2765 1 1 4 O 10
4859 4856 1 1 5 O 20
4856 2765 1 1 6 O 10
4858 4857 1 7 35 O 30
4857 4859 1 2 6 O 20
2765 4852 1 2 6 M 30
4852 2556 1 7 36 O 10
4861 4862 1 6 32 O 20
2172 2173 1 6 33 O 20
2563 4863 2 22 119 O 20
4949 4948 1 2 10 O 30
4868 4869 1 2 6 O 30
4868 2582 2 14 76 O 10
4869 4870 1 6 33 O 10
4871 4872 1 2 9 O 20
2813 4871 1 2 7 O 30
4873 2813 1 7 34 O 10
4872 2579 1 7 34 O 10
4875 4876 1 5 24 O 30
4875 2880 2 12 63 O 20
2880 2884 2 12 65 M 20
4883 4882 1 6 32 O 30
4886 4885 1 7 34 O 10
4886 2887 2 4 21 O 30
2888 4886 1 6 33 O 20
4892 4890 2 3 16 O 10
4890 5697 2 7 37 M 10
5697 5698 2 7 37 O 20
5698 4891 2 7 38 O 10
17 4893 2 11 60 O 30
4893 4926 2 8 44 O 20
4926 5691 2 8 43 O 30
5691 4894 2 9 45 O 30
4896 4895 2 17 92 O 30
4902 4899 2 7 35 O 30
4900 4898 2 13 67 O 30
4898 4901 2 5 24 O 30
4854 4902 2 14 72 O 10
4902 4901 2 9 46 M 20
4898 4897 2 25 134 O 20
4897 4900 2 10 53 O 30
4904 4903 2 19 104 O 30
4906 4904 2 10 54 O 10
4904 4905 2 28 153 O 10
4260 4907 2 3 12 O 10
4907 4905 2 4 18 O 30
4905 4903 2 9 48 O 10
4903 4906 2 26 142 O 20
4907 4908 1 7 34 O 30
4261 4260 1 7 34 M 20
4909 5725 2 3 14 O 20
4911 4910 2 10 50 O 20
4913 4911 2 16 89 O 10
4911 4912 2 12 62 O 10
4915 4913 2 6 33 M 20
4913 4910 2 11 56 O 30
4910 4914 2 11 59 O 30
4917 323 1 2 9 O 20
4922 4921 2 42 230 O 30
4920 4919 2 19 105 O 10
4927 4926 2 6 29 O 20
4926 4925 2 7 36 O 20
4929 4930 2 16 87 O 10
4930 4928 2 10 53 O 30
4931 4930 2 7 34 M 30
4931 4112 1 7 37 O 20
4932 4931 1 7 38 O 20
4945 4944 2 21 113 M 20
4933 4934 1 2 7 O 30
4936 4933 1 2 7 O 30
4937 5426 2 13 72 M 30
5426 5428 2 4 18 O 10
5428 5430 2 3 15 O 30
5430 4936 2 12 62 O 30
4936 4934 2 2 7 O 10
4934 5433 1 1 3 O 10
4938 5432 1 4 18 O 20
4933 5431 2 3 11 M 30
5431 5429 2 3 16 O 20
5429 5427 2 4 18 O 30
5427 4937 2 23 125 O 10
4942 4823 1 2 11 O 30
4823 4939 1 2 8 O 10
4939 2166 1 1 5 O 10
2166 4940 1 2 11 O 30
4940 4941 1 1 5 M 20
4941 4942 1 1 3 O 30
4943 4951 1 7 35 O 30
4951 4958 1 7 36 O 10
4892 4952 1 6 31 O 10
4853 4892 1 6 31 O 20
3114 4946 1 2 11 O 30
4947 3115 1 3 15 O 20
4948 4864 1 2 11 O 30
4865 4949 1 3 14 O 30
3626 4950 2 4 17 O 10
3637 3636 2 2 9 O 30
4879 4953 2 20 107 O 30
4960 4957 1 1 2 O 10
4957 4958 1 1 5 M 20
4958 4959 1 1 2 O 10
4959 4252 1 2 7 O 10
4252 4960 1 2 8 M 30
4955 4954 2 28 151 M 20
4961 4956 2 20 109 O 30
4850 4962 2 39 214 O 10
4967 4966 2 16 86 M 20
4966 4965 2 16 86 M 30
4965 4964 2 11 60 O 30
4966 4963 2 40 219 O 30
4963 4967 2 62 342 M 10
4847 4965 2 20 110 O 30
4965 4968 2 20 106 O 20
4976 4970 1 8 0 C 0
4971 4972 1 5 0 C 0
4975 4971 1 5 0 C 0
4977 4973 1 8 0 C 0
4969 4974 1 1 0 C 0
4974 4975 1 1 0 C 0
4972 4976 1 1 0 C 0
4973 4969 1 1 0 C 0
4980 4977 1 1 0 C 0
4970 6185 1 1 0 C 0
6185 4978 1 1 0 C 0
4978 4981 1 1 0 C 0
4979 4980 1 1 0 C 0
4981 3168 1 4 0 C 0
3168 4979 1 4 0 C 0
4982 2759 1 2 0 C 0
4983 182 1 1 0 C 0
6153 4988 2 2 0 C 0
4994 4993 1 1 0 C 0
4990 4994 1 1 0 C 0
4991 1628 1 21 0 C 0
1628 3937 1 31 0 C 0
3937 1931 1 19 0 C 0
1931 1621 1 11 0 C 0
1621 1925 1 22 0 C 0
1925 4577 1 34 0 C 0
4577 3185 1 20 0 C 0
4992 4991 1 2 0 C 0
4993 3184 1 11 0 C 0
947 5004 1 1 5 O 10
5004 927 1 1 4 O 30
5005 5006 1 4 17 O 10
1050 1052 2 21 113 O 30
203 1199 1 2 9 O 20
5011 204 1 2 9 O 30
3217 3216 1 4 21 M 30
2627 3217 2 3 16 M 30
5013 5012 2 23 123 O 20
925 5014 2 28 152 O 10
5021 5015 2 16 87 O 30
5018 5016 2 5 27 O 20
5019 5018 2 11 56 O 20
5018 5017 2 9 47 M 10
5022 5021 2 3 12 O 10
5021 5019 2 12 65 O 10
5019 5020 2 7 34 M 10
5024 5023 2 32 175 O 20
5025 3366 2 58 322 O 10
5028 5026 2 6 32 M 20
5029 5028 2 8 39 O 20
5028 5027 2 9 46 O 30
5031 5029 2 9 46 O 20
5029 5030 2 10 52 O 30
5034 5033 2 20 111 M 10
5037 5035 2 19 102 M 10
5038 5037 2 3 16 O 10
5037 5036 2 18 96 O 10
4063 4067 2 6 29 M 10
4067 4064 2 8 40 O 10
4070 4071 2 18 98 O 20
4071 4072 2 24 133 O 30
3889 3887 2 3 12 O 30
3887 3888 2 4 18 O 10
4153 5043 2 11 56 O 30
5043 5042 2 5 22 O 10
5042 4153 2 6 28 O 30
2353 2354 1 21 116 M 30
2341 5046 2 1 3 O 30
5047 6045 1 2 0 C 0
5048 6046 1 1 0 C 0
6046 5047 1 2 0 C 0
5049 5048 1 1 0 C 0
5053 5051 1 5 0 C 0
5052 5053 1 4 0 C 0
5060 5055 1 5 0 C 0
5055 5056 1 5 0 C 0
5056 5057 1 1 0 C 0
5057 5058 1 3 0 C 0
5058 5052 1 2 0 C 0
5051 5059 1 1 0 C 0
5059 5054 1 3 0 C 0
5054 5060 1 1 0 C 0
3573 5049 1 5 0 C 0
5064 5061 1 4 19 O 30
5062 5064 1 9 49 O 20
5064 5065 2 2 9 O 20
5061 3540 1 5 22 O 30
5063 5062 1 13 67 O 30
5065 2654 1 22 117 O 30
5069 5068 2 19 104 O 10
5068 5067 2 14 74 O 20
5067 5069 2 4 21 O 20
5070 5069 2 6 28 O 30
3561 3559 2 3 16 O 30
5071 5073 1 15 80 O 10
683 672 2 6 29 O 20
672 656 2 3 16 O 20
656 664 2 4 19 M 30
664 688 2 3 17 O 20
688 678 2 4 18 M 30
678 689 2 15 79 O 30
5075 5074 2 35 191 O 10
1230 1236 2 31 168 O 20
1236 2865 2 11 59 O 30
5079 5128 2 21 116 M 30
5128 5080 2 12 64 O 10
5127 5080 2 17 91 O 30
5080 5366 2 1 5 O 10
5366 5081 2 4 18 O 10
5081 5082 2 8 39 O 20
5087 5083 2 18 96 M 10
5083 5084 2 3 16 O 20
5084 6020 2 8 40 O 10
6020 5085 2 10 52 O 10
4203 4204 2 4 22 O 10
4204 5091 2 11 57 O 10
5091 5092 2 1 4 O 20
3342 4503 2 32 174 O 10
2657 5096 2 6 32 O 20
5096 5097 2 9 47 O 30
5097 5578 2 11 57 O 20
5102 5098 2 10 51 O 20
5098 5099 2 5 24 O 10
5099 5100 2 5 26 O 30
5100 5101 2 9 48 O 20
5039 4064 2 14 74 O 10
4064 4066 2 7 37 O 30
4066 5040 2 7 38 O 20
981 978 2 10 54 O 10
971 984 2 9 50 O 10
984 985 2 7 36 O 30
985 5105 2 9 45 O 20
5106 5104 1 9 50 O 30
5104 5105 1 7 37 M 30
4424 6237 2 8 0 C 0
6237 4425 2 8 42 O 20
5111 5107 2 10 52 O 20
5107 5109 2 12 64 O 30
5107 5108 2 8 41 M 30
5108 5109 2 5 25 O 20
5109 5110 2 5 25 O 20
2892 3107 2 3 13 O 20
3107 2891 2 26 144 O 30
5113 5112 2 20 106 O 10
5115 5114 2 15 82 O 10
5119 5118 1 8 0 C 0
5118 2736 1 10 0 C 0
5122 1290 2 15 79 O 30
5124 5123 2 13 70 O 20
5126 5125 2 21 115 O 20
5128 5127 2 20 111 O 20
5130 5129 1 3 13 O 30
373 5130 1 3 16 M 10
6054 5131 1 1 0 C 0
5131 6050 1 2 0 C 0
6051 6052 1 2 0 C 0
6053 6054 1 2 0 C 0
4226 3865 2 16 86 O 30
3865 341 2 9 46 M 20
341 5159 2 6 32 O 20
5159 5155 2 11 0 C 0
5155 4507 2 3 0 C 0
2022 2017 2 24 132 O 30
2017 4504 2 29 160 O 20
4504 2018 2 18 99 M 20
5138 2896 2 2 8 M 30
2896 2895 2 9 47 M 10
5142 5169 1 6 0 C 0
5169 2230 1 1 0 C 0
950 5142 1 7 0 C 0
2230 2586 1 13 0 C 0
2586 6023 1 7 0 C 0
6023 5144 1 3 0 C 0
5143 950 1 13 0 C 0
2266 6025 2 7 0 C 0
6025 6024 2 5 0 C 0
6024 5144 2 5 0 C 0
5145 2281 1 11 60 O 10
2306 1956 1 2 0 C 0
5159 5156 2 10 54 O 20
5156 5158 1 12 62 O 10
5158 5157 1 2 10 O 10
5157 5156 1 8 41 O 20
5161 5160 2 11 57 O 20
5137 5161 2 5 23 O 30
5161 5162 2 14 74 O 20
5164 5163 1 14 75 O 20
5165 2246 1 15 78 O 20
5168 39 2 3 14 M 30
39 5167 2 10 54 O 10
5182 5183 1 6 31 O 20
5185 5187 2 3 16 M 20
5187 5186 2 1 5 O 30
5186 5184 2 18 95 O 10
1915 1916 2 3 0 C 0
1917 1915 2 20 0 C 0
3950 5191 2 24 128 O 10
1596 5190 1 19 102 O 20
2322 5192 1 6 30 O 20
5193 2322 1 7 34 O 20
1443 1440 1 8 43 O 30
1444 2292 1 6 29 O 30
5195 1702 1 3 14 O 30
1699 5197 1 3 15 O 20
5197 5196 1 4 21 O 30
5196 5195 1 4 20 O 20
1189 5193 1 3 15 O 10
5192 2323 1 3 15 O 20
635 647 2 3 14 O 10
647 621 2 4 19 O 20
621 603 2 4 22 O 20
603 614 2 4 18 O 20
614 638 2 4 19 M 30
638 640 2 4 18 O 10
640 586 2 4 19 O 20
5201 5202 2 1 5 O 10
604 5202 1 2 10 O 30
5201 604 1 2 10 O 30
5206 5205 1 7 38 O 10
3992 3991 2 6 33 O 10
3991 1425 2 7 33 O 10
747 5212 2 5 27 O 30
720 5461 2 8 40 O 10
5461 713 2 4 17 O 20
713 706 2 3 17 O 10
706 732 2 4 18 O 20
732 725 2 3 16 O 10
725 711 2 4 17 O 30
711 747 2 4 19 M 20
691 736 1 5 23 M 10
736 700 1 5 27 O 30
695 4723 1 13 69 O 30
701 694 1 14 73 O 30
5217 5214 1 6 29 O 10
5215 5216 1 5 22 O 20
5221 5220 2 19 104 O 20
5220 5219 2 17 90 O 30
5219 5218 2 11 61 O 30
5218 5217 2 1 5 O 30
5217 5216 2 1 4 O 10
5216 3753 2 3 13 O 30
5223 5222 1 7 34 O 20
5225 5224 1 8 40 O 10
5227 5383 1 5 23 O 10
5292 5228 1 2 7 O 10
3817 3809 1 15 78 O 10
3812 3808 1 3 13 O 30
3820 3819 2 17 93 O 10
730 5460 2 4 19 O 10
5460 724 2 4 18 O 10
5213 3910 2 3 12 O 10
3905 5213 1 2 6 O 10
5213 5240 1 4 20 O 10
5243 5242 2 4 19 O 20
5242 5241 2 2 10 O 10
3775 3797 2 2 10 O 30
3797 3774 2 3 17 O 10
3774 3791 2 2 11 O 30
3800 3802 2 13 71 O 10
3795 3794 1 3 14 O 30
3794 6103 1 5 23 O 20
3797 3777 1 4 18 O 30
3777 3787 1 3 12 O 30
3787 3779 1 1 5 O 10
3779 3783 1 4 19 O 20
3783 3781 1 3 14 O 10
3781 3796 1 3 16 O 30
861 866 2 18 95 M 30
5251 2298 1 4 19 O 10
1606 95 2 11 61 O 10
95 97 2 13 72 O 20
97 5252 2 12 65 O 20
5257 5256 1 6 28 O 10
5263 5258 1 3 12 O 30
5258 5260 1 3 15 M 30
5260 5259 1 3 12 O 10
5259 5263 1 3 15 M 10
5260 48 2 3 11 O 30
48 5262 2 4 22 O 20
5262 5261 2 4 22 O 30
5265 5256 2 5 23 O 10
5256 5264 2 1 5 M 30
5264 51 2 4 22 O 30
51 54 2 4 19 O 10
54 5263 2 3 12 O 10
5272 3717 2 2 6 O 10
5275 1999 2 2 7 O 20
1606 5927 2 10 52 O 30
5927 5923 2 3 14 O 20
5923 2225 2 8 40 O 20
5276 1999 1 6 31 O 10
1421 5268 1 4 19 O 10
5268 5297 1 4 20 O 30
5297 5269 1 4 18 O 30
1600 5270 2 11 57 O 20
1999 5272 1 11 58 O 20
5272 5271 1 7 39 M 20
5271 5331 1 12 61 M 30
5331 5257 1 17 91 O 10
5257 5265 1 3 16 O 30
5265 5274 1 16 84 O 30
5274 5273 1 16 86 O 20
721 749 2 2 10 O 10
749 724 2 4 17 O 20
5278 2296 1 3 15 O 10
2295 5278 1 3 13 O 20
5278 5280 2 3 12 O 10
5280 5279 2 24 130 O 20
2297 5251 1 5 22 O 20
2294 5281 1 5 28 O 10
5251 5250 2 4 22 O 10
2300 2294 1 5 27 M 30
863 5226 2 4 20 O 20
5238 721 2 4 18 O 30
586 5282 2 3 14 O 30
5284 5285 1 7 36 O 30
1419 4719 1 2 9 O 10
4719 1204 1 4 18 O 20
1204 5381 1 2 10 O 20
1437 1428 1 5 23 O 20
2143 1437 1 5 24 M 20
124 5920 2 20 110 O 30
5920 5919 2 2 11 O 10
5919 5918 2 4 20 O 20
5289 171 1 13 72 O 10
5293 5743 1 10 55 O 30
5743 5292 1 2 10 M 10
5292 5294 1 10 51 O 20
5294 5291 1 15 79 O 10
5291 5286 1 10 53 O 10
5286 167 1 7 33 O 10
5297 5298 1 5 24 O 10
5300 5299 1 6 32 O 10
5302 5301 2 10 54 O 30
5301 3970 2 16 88 O 20
3970 5303 1 3 16 O 30
1581 5232 1 16 85 O 20
5304 5305 1 5 26 O 20
338 5306 2 2 9 O 10
5306 5379 2 27 147 O 10
5379 6181 2 28 151 M 20
5311 5310 2 3 16 O 30
5310 5309 2 3 14 M 10
5309 5308 2 8 44 O 30
5291 3826 2 2 7 M 20
1531 1530 2 19 104 O 10
1530 1532 2 6 33 O 10
5211 3922 2 21 112 O 10
3922 740 2 6 30 O 10
3821 3820 2 9 47 O 20
5315 6238 2 2 9 O 10
6238 5314 2 2 9 M 30
3759 3758 2 3 14 M 20
3758 5316 2 4 21 O 30
4058 608 1 2 8 O 30
4056 4057 1 2 8 O 20
5270 1430 1 3 16 M 10
5269 5270 1 4 17 O 30
862 861 2 9 49 O 20
865 5318 2 12 66 O 20
5319 863 2 3 15 M 10
5320 5319 2 2 7 O 30
1437 2142 2 10 51 O 10
28 27 2 3 16 O 10
5230 29 2 1 3 O 20
3816 5230 2 11 58 O 30
5741 5742 2 9 48 O 10
3816 5741 2 1 4 O 20
3817 3816 2 8 40 O 30
5324 63 2 13 69 O 30
63 5264 2 5 23 O 10
5264 5321 2 3 15 O 30
5321 5323 2 10 54 O 20
5323 5322 2 7 38 O 10
5322 5321 2 4 19 O 20
5259 5325 2 13 67 O 10
5326 5258 2 9 48 O 30
5328 5329 2 5 27 O 20
5327 5328 2 2 11 M 30
5331 5330 2 7 38 O 20
5330 5327 2 4 21 O 10
724 6003 2 2 8 O 10
6003 6005 2 1 5 O 30
6005 5930 2 11 57 O 20
5930 5929 2 11 58 O 20
3796 3795 1 9 47 O 30
5332 5307 2 2 10 O 20
6177 5996 2 5 0 C 0
5996 1078 2 9 0 C 0
1078 5999 2 5 24 O 10
5999 5332 2 27 147 O 30
2728 2731 2 4 20 O 30
2731 2729 2 3 16 O 20
5333 5334 2 8 40 O 10
2750 1610 1 3 0 C 0
3157 987 1 7 0 C 0
987 986 1 4 0 C 0
986 3265 1 9 0 C 0
1611 1184 1 3 0 C 0
1001 1000 1 4 0 C 0
5335 5336 2 14 76 O 30
5336 5341 2 9 47 M 10
5341 5337 2 10 52 O 10
5337 5338 2 2 11 O 20
5338 5339 2 1 5 O 30
5339 5337 2 2 7 O 20
5336 5340 2 5 22 O 10
5340 5341 2 3 14 O 10
5098 5342 2 19 103 O 10
5342 5099 2 18 95 O 20
3270 6053 1 7 0 C 0
2266 4995 2 11 0 C 0
4995 2866 2 7 0 C 0
2866 31 2 9 0 C 0
31 2231 2 24 0 C 0
2231 3270 2 19 0 C 0
2825 5343 2 5 27 O 30
5343 2826 2 4 21 M 30
5348 5347 2 7 36 M 30
5350 5348 2 3 11 M 10
5348 5349 2 9 45 O 10
5353 5351 2 6 0 C 0
5351 5352 2 3 0 C 0
5360 5361 2 1 2 O 10
5086 5360 2 3 12 M 20
5361 5362 2 5 25 O 30
5368 5367 2 1 2 O 10
5367 5366 2 4 18 O 20
5081 5368 2 5 23 M 10
5373 5372 2 1 3 O 20
5374 5373 2 2 7 O 30
5370 5369 2 8 39 O 10
5372 5808 2 20 106 O 30
5808 5803 2 3 16 O 30
5803 5805 2 3 15 O 20
5805 5807 2 3 14 O 30
5807 5370 2 3 16 O 20
5370 5371 2 10 53 M 10
4684 2393 1 3 13 O 10
2391 4685 1 3 14 O 30
5380 5382 1 2 10 O 20
5382 5383 1 4 19 O 10
5383 1419 1 2 10 M 10
5378 5377 2 23 123 M 10
5306 5378 2 4 19 O 30
5378 5376 2 21 116 O 20
5376 5377 2 3 14 O 30
5377 5379 2 3 14 O 10
5390 5389 2 2 7 O 30
994 996 2 4 21 O 10
996 5391 2 4 20 O 20
5391 5390 2 2 7 O 10
5387 5386 2 3 16 O 20
5394 5392 2 24 132 M 30
5395 5394 2 18 100 O 30
5394 5393 2 4 22 O 10
5397 5396 2 14 75 O 30
5399 347 2 14 76 O 20
347 5396 2 2 9 O 10
5396 5398 2 10 52 O 30
5401 5400 2 14 73 O 10
4672 5400 2 6 30 O 30
5400 5402 2 10 51 O 10
5406 5405 2 10 53 O 10
5405 5403 2 38 208 O 10
5403 5404 2 19 105 O 20
5404 5405 2 12 64 O 30
5407 6239 2 4 18 O 30
6239 4777 2 4 18 O 10
5409 5408 2 5 24 O 20
4764 5408 2 7 35 M 20
5408 5410 2 2 10 O 10
5410 5409 2 22 120 O 10
5409 6240 2 2 9 O 30
6240 5410 2 2 9 O 10
5412 5411 2 4 22 O 30
5414 5415 2 4 18 O 20
5415 5413 2 3 13 O 10
5416 5411 2 11 57 M 10
5411 5415 2 5 25 O 20
5417 5420 2 11 56 O 10
5420 5418 2 3 14 O 10
5418 5417 2 43 235 O 30
5418 5419 1 4 18 O 30
5421 5420 1 4 19 O 30
3872 5422 2 12 63 O 20
5425 5423 2 32 173 O 10
2717 5425 2 6 29 M 30
5425 5424 2 12 62 M 20
5432 4936 1 1 3 O 10
5433 4935 1 4 18 O 30
5427 5426 2 10 55 O 20
5429 5428 2 10 53 O 20
5431 5430 2 10 52 O 30
5435 5434 2 3 13 M 20
4682 5435 2 4 19 O 20
5434 4681 2 5 27 O 30
4225 4224 2 3 12 O 30
2912 2911 2 3 12 O 30
3292 2918 2 3 11 O 10
2916 2915 2 4 17 O 30
2914 2913 2 2 11 M 10
2917 3293 2 5 24 O 20
2927 4033 2 3 13 O 20
3952 3951 2 3 13 M 20
3744 3741 2 2 6 O 10
3743 3742 2 2 7 O 20
3758 1189 1 10 53 O 30
5365 5363 2 2 7 O 20
5364 1733 2 2 8 O 30
3823 3822 2 9 46 O 20
3825 5291 1 2 10 M 20
3831 3830 2 2 7 O 20
5439 5438 2 2 10 O 30
5437 5436 2 2 8 O 10
3873 5064 2 3 12 O 20
4854 2805 2 9 45 M 20
17 4854 2 3 14 O 20
2120 2433 2 3 13 O 20
2120 2432 2 3 15 O 20
1374 3111 2 3 15 O 20
5442 5440 2 16 84 O 10
5443 5442 2 6 30 O 20
5442 5441 2 11 60 O 10
920 903 2 7 36 O 30
916 5444 2 4 19 O 30
5444 5788 2 5 23 O 20
5788 5790 2 3 14 O 20
4806 5445 2 4 18 O 30
898 922 2 15 79 O 20
5453 5448 2 9 46 O 10
5448 5449 2 7 38 O 10
5449 5453 2 2 7 O 30
5448 6041 2 4 21 O 10
6041 5452 2 12 63 O 30
5452 5451 2 12 64 O 20
5451 5450 2 7 38 O 30
5450 5452 2 3 13 O 30
5458 5457 2 2 10 M 10
5457 5456 2 2 6 O 10
5456 5455 2 3 14 M 10
5455 5454 2 3 16 O 20
5460 5459 2 2 11 O 30
728 702 2 9 45 O 10
5461 746 2 6 29 O 30
5462 764 2 4 19 O 20
5464 5463 2 11 61 O 30
5050 2339 2 9 45 O 30
5469 5467 2 4 18 O 30
5467 5466 2 3 17 O 10
5466 5465 2 4 19 O 20
757 5469 2 2 9 O 10
5469 5468 2 9 48 O 20
5472 5471 2 4 17 O 20
964 5474 2 12 64 M 10
4797 2515 2 3 17 O 30
814 818 2 19 103 O 30
804 2516 2 2 9 O 20
5485 4749 2 7 38 O 30
5486 4748 2 9 45 O 30
5268 5489 2 4 20 M 30
5489 1422 2 12 63 O 20
5489 5488 2 7 34 O 30
5493 5491 2 3 14 O 30
5494 5493 2 6 29 O 20
5493 5492 2 9 48 O 30
5492 4753 2 1 2 O 10
5496 5495 2 5 26 O 10
5497 942 2 4 20 O 20
4014 4013 2 4 21 M 30
5505 5503 2 5 26 O 30
5503 5504 2 5 26 O 30
5507 5506 2 3 13 O 30
5509 5508 2 3 14 M 30
5511 5506 2 3 13 O 30
5506 5512 2 3 12 O 10
5512 5508 2 3 15 O 30
5508 5510 2 3 11 O 30
5513 5503 2 6 30 O 20
5503 5512 2 8 42 O 20
5515 5514 2 5 0 C 0
5514 4553 2 6 0 C 0
5515 5516 2 7 37 O 20
5521 4591 2 9 48 O 20
5523 5521 2 12 63 O 10
5521 5522 2 6 30 O 20
5529 5528 2 9 46 O 30
5531 324 2 2 9 O 30
5533 5532 2 9 46 M 30
5534 4111 2 26 141 M 30
5538 5536 2 4 21 O 30
5536 5537 2 8 43 M 30
5540 5535 2 5 26 O 30
5535 5539 2 7 37 O 30
5542 5103 2 5 25 O 20
5103 5541 2 7 38 O 10
5545 4653 2 8 44 O 10
5547 5544 2 8 40 O 20
5544 5546 2 8 40 O 10
5549 5543 2 8 40 O 20
5543 5548 2 8 40 M 10
5551 4652 2 7 39 M 20
4652 5550 2 8 40 M 20
5553 5554 2 3 16 M 20
5554 5552 2 7 34 O 10
5555 5554 2 12 63 M 10
5556 5552 2 7 36 O 10
5552 2367 2 7 39 M 20
5559 5558 2 11 58 M 30
5561 5558 2 15 80 O 30
5558 5560 2 9 49 O 10
5563 5559 2 13 70 O 20
5559 5562 2 11 56 O 10
5567 2107 1 7 38 O 20
2107 5565 1 1 5 O 10
5565 5564 1 1 5 M 30
5564 5567 1 7 38 O 20
2107 5566 2 2 10 M 20
5564 5568 2 2 7 M 20
5044 5572 2 6 33 O 30
5574 5573 2 7 38 O 30
5577 5576 2 5 26 O 10
5097 5579 2 5 25 O 30
5582 5580 2 5 28 O 30
5096 5582 2 7 35 O 20
5582 5581 2 6 33 M 20
5583 5100 2 8 39 M 20
5585 5101 2 9 45 O 10
5101 5584 2 10 52 O 10
5589 5587 2 6 29 O 10
5590 5587 2 4 22 M 30
5587 5588 2 13 71 O 10
5592 5590 2 9 45 O 10
5590 5591 2 6 28 O 20
5068 5593 2 4 20 M 30
5595 5593 2 7 36 O 30
5593 5594 2 6 31 O 30
5598 5597 2 7 37 M 20
5597 5596 2 7 34 O 10
5600 5597 2 9 48 M 10
5597 5599 2 10 55 O 30
5602 5598 2 9 48 O 20
5598 5601 2 9 48 O 10
5604 5603 2 18 96 O 10
5606 5603 2 7 36 O 10
5603 5605 2 6 31 M 30
5477 5476 2 3 16 O 10
5480 5479 2 2 11 O 30
5484 4555 2 3 16 O 10
4265 5482 2 5 25 M 20
5607 2176 2 2 11 O 30
4552 5610 2 14 78 O 20
2848 3555 2 4 20 O 10
2847 3556 2 4 21 O 30
4792 3554 2 5 26 O 20
3520 3519 2 3 14 O 20
3518 3517 2 3 13 O 20
2057 2889 2 4 21 O 10
2796 3676 2 3 13 O 10
2071 5612 2 3 13 O 20
5611 2071 2 2 11 M 30
2791 5613 2 4 18 O 10
3681 1346 2 4 19 O 30
2781 2788 2 5 23 O 10
3683 2789 2 5 22 O 20
3687 2793 2 3 13 O 10
2798 3670 2 3 16 O 30
3679 2799 2 2 7 O 20
3675 2792 2 3 12 O 10
3684 2073 2 3 13 O 10
5616 5614 2 7 38 O 10
5617 5616 2 3 14 O 20
5616 5615 2 26 139 M 30
5622 5618 2 8 43 O 30
5621 5619 2 7 35 O 10
5623 5620 2 6 28 O 30
5624 5623 2 11 58 M 20
5623 5621 2 4 18 O 30
5621 5622 2 4 20 O 20
5622 4491 2 4 21 O 30
4073 2553 2 2 10 O 10
5632 4073 1 1 3 M 30
4073 5628 1 1 5 O 20
5628 5629 1 2 11 O 20
5629 5630 1 2 8 O 30
5630 5631 1 3 13 O 20
5631 5632 1 1 3 O 30
5633 309 2 4 20 O 20
309 321 2 3 12 O 30
321 4602 2 4 20 O 20
5639 5638 2 4 21 O 10
5641 5640 2 5 24 M 30
5643 5642 2 5 27 O 30
5645 5644 2 4 21 M 20
5649 5655 2 5 24 O 30
5655 5648 2 4 17 O 20
5651 5647 2 4 22 M 20
5647 5650 2 6 28 M 20
5653 5646 2 4 22 O 10
5646 5652 2 5 25 O 20
5655 5647 2 8 42 O 10
5647 5646 2 8 43 O 10
5646 5654 2 6 29 O 30
5657 5656 2 4 19 O 20
5659 5658 2 20 106 O 30
5660 2435 2 19 102 O 10
5662 5661 2 15 78 M 30
5661 2447 2 3 13 M 30
5663 5661 2 22 119 O 30
5666 5665 2 4 18 O 30
5665 5669 2 16 87 M 20
5667 5665 2 9 47 O 30
5669 5667 2 17 94 O 30
5667 5668 2 4 18 O 30
5670 4655 2 8 43 O 20
5672 5670 2 15 83 M 30
5670 5671 2 4 21 M 20
5675 5673 2 8 43 O 10
5673 5674 2 8 44 M 20
5677 5673 2 9 46 O 10
5673 5676 2 6 31 O 10
5679 5677 2 8 39 O 20
5677 5678 2 12 61 O 30
3031 5683 1 5 23 O 10
2713 3031 1 4 21 O 30
5688 5687 2 5 26 O 20
5689 4253 2 12 64 O 20
5690 4897 2 7 34 M 10
5692 4893 2 7 38 O 10
5694 5691 2 8 41 M 30
5691 5693 2 6 32 O 20
5696 4894 2 7 34 M 30
4894 5695 2 7 37 O 20
5699 4890 2 8 40 O 20
5701 5697 2 7 35 O 20
5697 5700 2 8 43 M 20
5703 5698 2 7 36 O 20
5698 5702 2 8 41 M 20
5705 4891 2 7 37 O 30
4891 5704 2 7 39 O 30
499 497 1 8 41 O 30
496 499 1 9 49 O 20
5707 5706 2 3 16 O 30
520 522 2 4 19 O 20
515 510 2 4 17 O 10
5709 424 2 6 33 O 10
4601 5710 2 7 38 O 10
5711 507 2 6 33 O 10
5713 5712 2 8 40 O 20
5715 5714 2 8 39 M 20
5718 5717 2 4 20 O 20
5720 5719 2 5 25 O 30
5722 5721 2 4 19 O 10
5723 434 2 28 151 O 30
5724 4249 1 7 37 O 10
4249 4250 1 7 34 O 20
3029 3613 2 3 14 M 30
3568 3567 2 4 21 O 10
3563 3738 2 3 12 O 30
3738 3562 2 3 13 O 20
3560 3558 2 3 16 O 30
3008 3609 2 3 15 O 20
3007 3614 2 4 18 M 20
3028 3608 2 3 16 O 30
3016 3612 2 3 15 O 30
3610 2869 2 3 16 O 10
3015 3611 2 4 19 O 20
3580 3578 2 3 12 O 30
3581 3579 2 3 13 O 20
3577 3574 2 2 8 O 10
4659 5525 2 3 15 O 20
3576 3575 2 3 14 O 10
3584 3583 2 4 18 O 10
3650 3648 2 3 17 O 10
3685 3054 2 4 18 M 10
543 3658 2 3 15 O 30
543 3659 2 3 16 O 30
5727 5726 2 5 24 M 30
5729 5728 2 9 49 M 20
5731 5730 2 3 13 O 10
5733 5732 2 14 76 O 10
5735 5734 2 15 82 O 10
4675 5736 2 6 31 O 30
6173 6174 2 11 0 C 0
6174 6175 2 5 0 C 0
6175 4557 2 17 0 C 0
2655 3566 2 10 52 O 10
3566 3738 2 14 74 O 30
3738 3561 2 14 77 O 30
3561 3560 2 3 15 O 20
3560 2656 2 11 58 O 10
2656 2657 2 18 94 O 20
2657 2104 2 10 55 O 30
5744 5743 1 2 7 O 30
2329 3516 2 25 139 O 30
3516 2114 2 6 33 O 30
4803 4802 1 1 3 O 10
4802 2706 1 11 58 O 20
2706 1965 1 6 30 O 30
4755 5745 2 9 48 O 10
4731 1958 2 59 326 O 20
5748 5747 2 11 58 O 20
311 315 2 2 9 M 10
315 312 2 11 56 O 10
312 310 2 3 14 O 30
5753 5752 1 7 34 O 10
5753 772 2 1 2 O 30
5762 3843 2 2 6 O 20
5761 3844 1 3 14 O 30
3844 5762 1 3 14 O 30
5763 5761 1 3 14 M 10
5762 5763 1 3 14 O 20
5765 5764 2 17 90 O 20
5766 4734 2 16 85 O 20
5768 5767 2 23 124 O 30
5770 5767 2 19 100 O 20
5767 5769 2 5 27 O 30
5769 5768 2 1 3 O 30
2313 5771 2 13 68 O 30
5773 5772 2 9 46 O 30
5778 5774 2 3 14 O 10
5776 5775 2 3 12 O 20
5779 40 2 12 66 O 30
40 5778 2 2 7 O 30
5778 5775 2 10 52 O 30
5775 5777 2 12 63 O 30
5781 5780 2 8 42 M 20
5783 5782 2 12 63 M 10
5785 5781 2 6 32 O 20
5781 5783 2 8 41 M 30
5783 5784 2 2 10 O 20
5786 3338 2 2 7 O 10
5788 5787 2 8 41 O 20
5789 5790 2 22 120 O 30
5790 5787 2 9 50 O 20
5787 910 2 5 27 O 20
5792 5791 2 25 135 M 30
2704 5792 1 4 19 O 30
5792 2703 1 3 16 O 30
5795 5794 2 8 40 O 20
5794 5793 2 30 161 O 30
5797 5801 2 8 42 O 30
5801 5796 2 9 45 O 30
5800 5799 2 5 24 O 10
5799 5798 2 8 42 M 30
5802 5794 2 3 14 O 20
5794 5799 2 7 35 O 20
5799 5801 2 7 38 O 20
5804 5803 2 13 68 O 10
5806 5805 2 13 69 O 10
5808 5804 2 15 80 O 10
5804 5806 2 3 14 O 30
5806 5807 2 16 84 M 30
5810 5809 2 7 38 M 10
4776 5810 2 6 32 O 30
5810 5811 2 27 145 M 30
5813 5812 2 10 53 O 20
5814 5283 2 16 86 O 20
5816 5815 2 5 27 O 20
5819 5817 2 7 34 M 10
5820 5819 2 5 27 M 10
5819 5818 2 10 55 O 30
5821 2716 2 8 43 O 20
5823 5822 2 5 26 O 30
5825 5823 2 8 44 O 20
5823 5824 2 9 48 O 30
5827 5822 2 9 47 O 30
5822 5826 2 16 85 O 10
5829 5252 2 5 23 O 30
5252 5828 2 13 71 O 10
4554 5831 2 6 32 O 30
5832 4752 2 10 55 O 10
5833 1492 2 18 97 O 30
5834 5835 2 6 32 O 10
5835 5837 1 11 58 O 30
5836 5835 1 6 29 O 10
5838 5837 2 6 33 O 30
5837 5836 1 15 81 O 20
5839 5840 1 5 23 O 30
5855 821 1 5 23 O 10
5841 5854 2 9 47 O 30
5843 5842 2 10 53 O 30
5845 5844 2 10 53 O 10
5853 5846 1 5 27 O 30
5847 5852 1 5 27 O 30
5848 5852 2 9 47 M 30
5850 5849 2 10 53 O 20
5856 5855 2 17 94 M 30
5855 5840 2 1 4 O 30
5840 5854 2 4 19 O 10
5854 5842 2 13 72 O 30
5842 5844 2 15 82 O 30
5844 5853 2 15 80 O 30
5853 5852 2 2 6 M 10
5852 5849 2 11 56 M 30
5849 5851 2 18 98 O 20
5859 5858 2 13 67 M 30
5858 5857 2 13 69 M 20
3117 5858 2 7 36 M 10
5858 5860 2 10 53 O 10
5862 5861 2 15 79 O 20
4762 5863 2 7 37 O 20
5865 5864 2 21 115 O 30
5867 5866 2 10 52 M 30
5868 5864 2 7 35 O 20
5864 5867 2 37 200 O 10
5867 3123 2 10 50 O 10
5870 5869 2 12 62 O 10
4595 5871 2 11 57 O 20
5873 5872 2 37 201 O 10
5874 2593 2 20 111 O 10
5884 5874 2 19 104 O 30
5874 5873 2 1 5 O 10
5873 133 2 24 130 O 30
133 134 2 4 21 M 10
5879 5877 2 6 30 O 10
5880 5879 2 11 59 O 30
5879 5878 2 6 28 O 20
5882 5881 2 5 23 O 30
5886 5883 2 21 114 O 20
5889 5882 2 4 18 O 20
5882 5886 2 4 19 O 20
5886 5885 2 9 47 O 10
5890 5887 2 6 29 M 20
5891 5890 2 6 29 O 20
5890 5880 2 3 16 O 10
5880 5889 2 7 35 O 10
5889 5888 2 4 20 O 20
5876 5875 2 15 83 O 30
5116 1232 2 5 24 O 10
1232 3127 1 7 34 O 20
3127 1277 1 122 677 M 30
1277 5304 1 61 336 M 30
5304 1288 1 4 19 O 20
1288 5215 1 23 122 O 20
5215 3753 1 4 17 O 20
3753 5214 1 5 25 M 10
5214 1876 1 33 181 O 30
1232 1080 2 2 9 O 20
4888 5895 2 13 67 O 30
5893 5892 2 5 23 O 10
1688 5893 2 8 43 O 20
5893 5894 2 6 32 O 30
5897 5896 2 7 37 O 10
5899 5898 2 22 119 M 10
5901 5900 2 9 49 O 20
541 5902 2 9 50 O 20
5904 5903 2 9 49 O 20
5907 5905 2 5 24 O 20
5908 5907 2 1 5 O 20
5907 5906 2 7 35 M 10
5910 5909 2 6 28 O 20
5912 5911 2 6 29 O 20
5914 5908 2 6 31 O 20
5908 5910 2 3 12 M 10
5910 5912 2 3 14 O 10
5912 5913 2 11 57 O 10
4679 5916 2 16 88 O 30
5918 5917 2 4 20 O 10
5917 5919 2 4 21 O 10
5921 124 2 2 9 O 30
124 137 2 4 21 M 20
137 135 2 20 108 O 10
135 5920 2 4 22 O 10
5923 5922 2 6 28 O 20
5926 5924 2 17 92 O 20
5927 5926 2 3 12 O 20
5926 5925 2 6 33 O 20
5930 5928 2 17 92 O 30
5939 5936 2 3 15 O 10
5936 5938 2 5 23 O 20
5940 5939 2 5 25 O 10
5942 5938 2 3 16 O 20
5938 5941 2 5 27 O 30
5937 5936 2 5 26 O 30
5941 5937 2 4 21 O 20
5937 5940 2 4 18 O 20
5944 5945 2 18 99 O 20
5945 5943 2 15 79 O 30
2144 5945 2 14 73 M 20
5948 5947 2 8 40 O 10
5946 5947 2 28 155 O 10
5947 5218 2 6 32 M 30
5954 4727 2 4 21 M 20
5949 5955 2 7 34 O 10
5951 5950 2 16 88 O 10
5952 5954 2 48 265 O 10
5954 5953 2 17 92 M 30
1702 3928 1 42 232 O 20
5956 5955 2 8 44 O 20
5955 5950 2 7 36 O 10
5950 5954 2 2 11 O 30
5964 1689 2 14 74 O 30
5957 5962 2 4 19 O 20
5959 5958 2 6 32 M 10
5963 5960 2 9 50 O 10
5964 5963 2 4 18 O 30
5963 5958 2 6 28 O 20
5958 5962 2 5 24 O 30
5962 5961 2 8 41 M 10
5966 5965 2 3 14 O 10
5968 5967 2 4 19 O 30
5970 5969 2 5 24 M 20
5971 5972 2 4 18 M 30
5972 5965 2 9 45 O 10
5965 5967 2 5 23 O 30
5967 5969 2 5 25 O 30
5969 5964 2 7 38 O 20
5973 5974 2 2 7 M 30
5974 5972 2 4 17 O 30
5975 5974 2 3 15 O 30
5978 5976 2 8 40 O 10
2279 5978 2 5 26 O 30
5978 5977 2 16 88 O 10
5981 5979 2 11 58 O 10
5982 5981 2 6 30 O 10
5981 5980 2 8 44 O 10
5986 5983 2 5 27 O 20
5983 5985 2 8 40 M 10
5985 5984 2 4 21 O 20
5984 5983 2 4 19 O 30
5989 5988 2 3 14 O 30
5990 5989 2 3 14 O 20
5391 5990 2 1 3 O 10
1930 5991 2 12 64 O 20
5993 5992 2 9 48 O 20
5995 5998 2 17 92 O 30
5995 1250 2 3 0 C 0
5999 5998 2 8 42 O 10
5998 5997 2 7 36 O 10
5997 5996 2 7 0 C 0
6005 6004 2 16 84 O 20
6004 6003 2 13 68 M 20
6008 6007 2 18 100 O 20
2330 6007 2 7 34 O 10
6007 6009 2 10 53 O 30
6009 6008 2 5 26 O 20
6010 6012 2 7 34 O 30
5575 6012 2 2 9 M 10
6012 6011 2 9 49 O 10
6011 6010 2 7 37 O 10
6014 6013 2 5 23 M 20
6017 6015 2 14 76 O 10
5083 6017 2 5 27 O 30
6017 6014 2 6 31 O 30
6014 6016 2 11 57 O 10
6018 5084 2 10 54 O 20
6020 6018 2 2 7 O 20
6018 6019 2 3 15 O 30
1863 6022 1 20 106 O 10
6022 6021 1 21 114 O 30
834 851 2 4 22 M 20
6027 6028 2 4 17 M 30
6028 2145 2 4 19 O 30
2145 3129 2 3 11 M 10
3129 2144 2 6 30 M 20
2144 5284 2 5 23 O 10
5284 1428 2 5 26 O 10
1428 2143 2 2 7 O 30
3130 6028 2 3 13 O 10
6027 1070 2 13 72 O 20
1070 1067 2 3 15 O 30
5003 6033 2 11 58 O 30
2397 2399 2 5 25 O 10
2399 2400 2 3 12 M 20
2400 6035 2 2 6 M 20
2412 6036 2 13 70 O 10
6036 6037 2 1 4 O 20
6039 2414 2 11 57 O 20
6038 6039 2 1 5 M 20
4055 6041 2 3 14 O 20
6042 3527 2 19 0 C 0
6043 6042 2 2 0 C 0
2741 3665 1 1 3 O 30
3665 2742 1 3 11 M 20
2742 2743 1 3 14 O 20
2743 3662 1 2 11 O 10
3662 2740 1 1 3 O 30
2744 3660 1 3 13 O 20
3660 3661 1 3 11 O 20
3661 2741 1 2 11 M 30
2746 2739 2 5 23 O 30
3140 3141 1 1 0 C 0
3145 3146 1 1 0 C 0
3142 3143 1 1 0 C 0
4547 2281 1 5 23 M 20
4547 6098 2 3 13 O 20
5165 2851 2 2 9 O 30
3146 3147 1 1 0 C 0
3141 3142 1 1 0 C 0
4819 229 2 4 19 O 10
229 2589 2 25 138 O 20
1661 1662 1 16 0 C 0
1662 1660 1 53 0 C 0
1660 5502 1 6 0 C 0
5502 949 1 9 0 C 0
949 2719 1 26 0 C 0
2719 1659 1 40 0 C 0
1659 1658 1 44 0 C 0
1658 5746 1 23 0 C 0
5746 1654 1 21 0 C 0
1654 1655 1 27 0 C 0
1655 5498 1 10 0 C 0
5498 1656 1 4 0 C 0
1656 4486 1 7 0 C 0
1128 1172 1 42 0 C 0
1172 5739 1 9 0 C 0
5739 5740 1 17 0 C 0
5740 1173 1 13 0 C 0
1173 2049 1 49 0 C 0
2049 2220 1 8 0 C 0
6047 3573 1 13 0 C 0
6045 6044 1 7 0 C 0
6044 6047 1 10 0 C 0
6047 5053 2 26 0 C 0
6048 1615 1 2 0 C 0
6049 3195 1 131 0 C 0
2381 1837 2 2 0 C 0
6052 3270 1 7 0 C 0
6050 3239 1 8 0 C 0
3239 6051 1 8 0 C 0
6064 6063 2 12 65 M 20
2893 6063 2 4 22 O 10
6063 6065 2 25 136 O 20
6067 6066 2 18 98 O 10
6069 6068 2 6 28 O 10
6071 6069 2 3 16 O 30
6069 6070 2 10 52 O 20
6073 6070 2 3 13 O 30
6070 6072 2 11 60 O 30
6077 6076 2 3 14 O 10
6080 6078 2 6 32 O 10
6081 6080 2 3 13 M 20
6080 6079 2 6 30 M 30
6083 6082 2 13 68 O 20
2587 6084 2 15 78 O 20
6086 6085 2 16 85 O 10
5239 6090 1 13 70 O 20
6096 5239 1 12 66 M 20
6115 6092 1 77 0 C 0
2324 6093 1 78 0 C 0
6090 6094 1 2 9 O 20
6094 6112 1 4 18 O 10
6112 5317 1 33 179 O 30
2326 6095 1 36 196 O 30
6095 6096 1 2 9 M 30
2663 6107 1 24 0 C 0
6096 6090 1 3 13 O 10
2214 1959 2 2 10 O 20
6098 6101 2 7 35 O 10
6101 6134 2 5 26 O 30
6134 6130 2 3 15 O 20
6130 6100 2 22 118 O 10
6098 6097 1 3 16 O 20
6097 4547 1 3 12 O 10
4546 6227 1 27 146 O 10
2628 4546 2 5 26 O 10
6099 6098 1 3 13 O 30
6102 6101 1 5 26 O 10
6104 6105 1 5 24 O 10
6105 3885 2 8 42 O 10
3888 3890 2 8 42 O 30
6106 3976 2 5 24 O 10
6110 6111 1 24 0 C 0
6111 6094 1 4 22 M 10
6094 6095 1 3 14 O 20
6107 6108 1 2 0 C 0
6108 6109 1 4 0 C 0
6109 6110 1 1 0 C 0
6111 6112 1 6 29 O 10
6116 6114 1 3 0 C 0
6114 6115 1 10 0 C 0
6093 1190 1 10 0 C 0
1190 6116 1 3 0 C 0
6133 6134 1 6 32 O 20
6122 6121 2 11 60 O 10
6123 6132 2 11 60 O 20
6125 6124 2 12 61 O 30
6127 6126 2 12 62 O 10
6129 6128 2 12 62 O 30
6130 6133 1 8 43 O 30
6132 6121 2 4 20 O 20
6121 6131 2 13 70 O 30
6131 6122 2 5 22 O 20
6122 6123 2 4 20 M 10
6123 6125 2 4 19 M 30
6125 6127 2 4 17 O 10
6127 6129 2 4 17 O 10
6129 6133 2 14 74 O 30
6133 6128 2 3 14 O 20
6128 6126 2 4 18 O 30
6126 6124 2 3 16 M 30
6124 6132 2 4 20 O 10
6132 3859 2 20 106 M 10
2655 6137 2 8 42 O 20
6136 6135 2 9 50 O 10
6138 6146 2 21 115 O 30
6140 6139 2 20 108 O 30
6145 6138 2 22 117 M 30
6138 6140 2 11 58 O 10
6140 6141 2 14 77 O 30
6142 6144 2 33 181 O 10
2856 6139 2 28 152 O 10
6139 6141 2 5 23 O 10
6141 6146 2 5 23 O 10
6146 6145 2 9 46 M 10
6145 6144 2 7 34 O 10
6144 6143 2 19 103 O 10
6151 6150 2 12 64 O 30
6149 6148 2 23 125 O 10
1998 6217 2 15 79 O 30
6217 5210 2 2 11 O 20
6206 6205 2 12 65 O 20
6208 6207 2 99 546 M 10
6210 6209 2 8 44 O 10
6212 6211 2 7 34 M 10
4754 6216 2 15 80 M 10
6214 6213 2 5 22 O 30
6215 6214 2 6 33 O 30
6218 6219 2 9 49 O 20
6220 6218 2 6 31 O 10
6188 6189 2 10 0 C 0
6189 3168 2 12 0 C 0
6220 6222 1 6 29 O 10
6221 6220 1 5 23 M 20
6224 6223 2 33 178 O 10
6226 2772 2 7 36 O 20
6227 6102 1 4 17 O 30
6102 6099 1 5 23 O 20
3663 2745 2 5 24 M 30
2745 313 2 6 29 O 10
313 5749 2 2 10 O 30
5749 2464 2 21 116 M 10
1763 1767 2 15 82 O 20
1767 1768 2 17 92 O 10
3 1 2 9 49 O 10
4 2 2 5 23 O 20
5 8 1 1 4 O 20
8 7 1 2 8 O 20
7 3 1 1 4 O 30
3 4 1 3 16 O 30
4 5 1 3 16 O 30
6 7 1 7 35 M 30
8 9 1 7 38 O 10
13 12 2 27 149 O 20
4292 1386 2 4 18 O 20
5631 4074 2 4 18 O 30
5684 3030 1 4 18 O 30
21 5684 1 4 17 O 30
5680 2122 2 6 33 O 10
2649 24 1 11 0 C 0
24 23 1 2 0 C 0
25 74 2 6 28 M 30
74 26 2 3 13 O 20
5609 5608 2 4 21 O 20
2855 2856 2 5 26 O 10
2856 30 2 5 25 O 10
5384 5380 1 2 10 M 10
5381 5384 1 2 9 O 10
3278 5132 2 4 19 O 30
5129 372 1 2 10 O 10
5520 5519 2 3 15 O 30
325 5530 2 2 8 O 30
5634 5635 2 2 8 O 20
5518 5517 2 3 16 O 30
6075 6074 2 3 13 O 30
37 36 2 5 0 C 0
38 37 2 3 0 C 0
36 5344 2 2 0 C 0
4916 4918 1 2 9 M 20
1299 2671 1 4 22 O 10
2674 2693 1 9 46 O 30
2693 2673 1 10 52 O 10
2673 2668 1 5 23 O 30
40 41 2 4 21 M 10
5140 39 2 14 77 O 20
43 42 2 8 42 M 20
5209 44 2 6 30 M 10
45 5262 2 5 24 O 20
46 48 2 4 20 O 20
48 47 2 5 27 O 20
5262 49 2 4 21 O 10
51 50 2 6 30 O 20
54 52 2 5 26 O 20
53 51 2 5 26 O 10
55 54 2 6 31 O 30
56 69 2 2 10 M 30
59 58 2 11 56 O 20
58 57 2 7 35 O 30
60 68 2 10 51 O 20
68 58 2 3 16 M 10
70 69 2 8 40 O 20
69 68 2 5 25 M 30
68 61 2 8 42 O 30
71 73 2 4 18 M 30
73 72 2 3 13 O 30
5330 73 2 4 18 O 10
73 5329 2 15 81 O 30
63 62 2 16 88 M 30
62 5324 2 7 38 O 20
75 5245 2 5 27 O 20
74 5310 2 6 29 O 10
5309 26 2 6 33 O 20
64 66 2 6 30 O 20
65 64 2 2 11 O 20
67 66 2 1 5 M 20
66 65 2 4 21 O 30
3960 67 2 1 5 O 10
5187 76 2 10 54 O 20
77 5186 2 15 82 O 30
79 78 2 10 50 O 10
83 5220 2 2 9 O 30
84 83 2 1 5 O 20
85 84 2 20 107 O 30
84 82 2 5 24 O 30
90 91 1 4 19 M 20
91 93 1 4 19 O 30
93 86 1 12 63 O 30
86 94 1 10 54 O 10
94 92 1 4 17 O 20
92 87 1 4 20 O 20
5219 88 2 3 14 O 10
87 88 2 2 8 O 10
90 88 1 19 105 O 10
86 89 2 9 49 O 20
87 90 1 15 82 O 20
91 92 1 15 83 O 20
93 94 1 16 84 M 30
96 95 2 3 16 O 20
98 96 2 8 42 O 20
96 97 2 18 95 O 30
100 99 2 6 31 O 30
101 100 2 5 24 M 30
100 6228 2 3 12 M 10
6228 99 2 3 12 O 30
99 5280 2 12 66 O 20
103 102 2 10 50 O 30
104 108 2 7 37 O 20
105 102 2 5 27 O 20
102 104 2 6 30 M 30
104 103 2 3 15 O 10
103 3154 2 3 15 O 20
106 2399 2 3 13 O 10
108 106 2 5 27 O 10
106 107 2 7 37 O 20
107 108 2 4 17 O 30
114 115 2 9 45 O 20
115 113 2 2 9 O 20
120 115 2 4 18 O 30
121 5233 2 8 39 O 10
116 118 2 7 33 M 30
118 119 2 3 16 M 30
119 117 2 5 25 M 10
119 116 2 6 30 M 10
116 120 2 6 30 M 20
120 121 2 2 10 O 20
123 5921 2 6 32 M 20
5287 5286 2 2 9 O 20
5286 5921 2 5 25 O 10
126 125 2 30 166 O 30
6064 6065 2 9 46 O 10
128 127 2 9 48 O 30
129 128 2 10 53 O 30
128 5207 2 5 25 O 30
131 130 2 9 48 O 20
133 132 2 5 25 O 30
137 136 2 4 17 M 30
136 135 2 16 86 O 20
5139 138 2 21 115 O 30
5045 139 2 16 88 O 30
139 682 2 10 54 O 30
1619 1617 1 7 0 C 0
1617 2303 1 10 0 C 0
2303 1918 1 1 0 C 0
1620 1618 1 3 0 C 0
3185 148 1 13 0 C 0
1624 1623 1 3 0 C 0
1635 1634 1 2 0 C 0
164 3958 1 46 255 O 30
3958 1939 1 23 126 M 10
1976 1973 1 35 0 C 0
1973 142 1 13 0 C 0
1634 1629 1 2 0 C 0
1200 3308 2 3 17 O 20
4492 3754 2 3 12 O 10
3307 4518 1 3 12 O 10
4519 4520 1 3 12 O 10
4520 3307 1 3 13 O 30
3309 946 1 5 22 O 10
946 3308 1 12 64 O 20
3308 2156 1 24 129 O 30
2156 4520 1 23 127 O 30
4519 1200 1 48 261 O 10
1200 2248 1 16 86 O 30
4518 4519 1 3 13 M 20
4647 4649 2 2 10 O 30
4648 1036 2 4 20 O 30
154 4643 1 2 10 O 10
4651 155 1 2 11 M 30
153 4648 1 14 74 O 20
156 4651 1 2 6 M 10
151 4650 1 2 8 O 30
150 4644 1 2 9 M 30
152 2607 1 3 13 M 30
4650 157 1 2 6 O 10
2002 2003 2 8 40 O 10
2047 2002 2 2 10 O 20
1981 1982 2 2 9 O 10
1987 1988 2 2 10 M 30
1990 1991 2 2 10 O 20
1978 1979 2 2 8 O 10
1634 143 1 2 0 C 0
142 1629 1 2 0 C 0
144 1634 1 2 0 C 0
141 4992 1 24 0 C 0
1635 145 1 2 0 C 0
140 2087 1 2 0 C 0
1623 149 1 2 0 C 0
148 1620 1 2 0 C 0
1618 147 1 2 0 C 0
146 1624 1 3 0 C 0
3927 1692 2 3 12 O 10
1687 3757 2 2 11 O 30
1790 3845 2 3 12 M 10
3849 1722 2 2 11 O 30
1797 3806 2 3 11 O 20
1639 2380 1 23 126 O 20
2380 1638 1 10 51 O 30
1638 3206 1 15 82 O 10
3165 2309 1 4 20 O 20
2309 1801 1 2 6 M 20
1801 1641 1 24 133 O 20
1641 1638 2 2 9 O 20
1803 1641 2 46 253 M 30
3161 1642 1 3 13 O 20
3162 1945 1 4 18 O 10
1945 175 1 8 41 O 10
175 161 1 11 57 M 10
3164 1637 1 3 11 O 10
1642 1625 1 3 15 M 20
1625 3165 1 3 11 M 20
2308 3159 1 12 62 O 20
158 3192 1 42 233 M 20
1636 1642 1 2 11 O 20
1642 3160 1 2 6 O 30
3163 1636 1 3 17 O 30
1944 1945 2 2 9 O 10
159 4722 1 1 5 O 10
160 4721 1 1 4 O 20
3135 1924 1 2 9 O 30
3136 3137 1 2 9 O 10
162 3205 1 7 35 O 30
1943 163 1 45 249 O 10
161 3138 1 1 4 M 30
3138 4722 1 2 8 O 20
4722 164 1 2 8 O 20
1637 1636 1 3 15 M 20
1636 3162 1 3 15 O 30
1939 1940 2 2 0 C 0
1976 1977 2 2 0 C 0
1689 1685 2 2 10 O 20
1686 1690 2 2 11 O 30
1691 3930 2 2 11 O 10
2486 3690 2 3 13 O 30
2484 2485 2 2 9 M 30
1701 1693 2 3 13 O 20
1694 1543 2 3 13 O 10
1544 1695 2 3 12 O 20
1696 1534 2 3 11 O 10
1697 1528 2 17 90 O 10
1699 3755 1 7 38 O 10
3755 3756 1 13 71 O 10
3756 1873 1 9 47 O 20
1702 1699 1 2 9 O 30
5295 5296 1 3 12 O 10
5296 172 1 2 7 M 10
167 5295 1 2 9 O 30
171 1602 1 2 7 O 30
1602 1603 1 3 12 O 20
1603 168 1 2 10 M 20
169 1603 1 2 10 O 20
1603 5295 1 3 12 O 20
5295 166 1 2 6 O 10
1582 2149 1 10 56 O 20
2149 5308 1 5 24 O 10
5308 1581 1 4 17 O 20
1581 169 1 32 174 O 10
170 3961 1 35 190 O 20
3961 3962 1 5 26 O 30
3962 1580 1 9 49 O 20
165 5296 1 2 7 O 10
5296 1602 1 3 12 O 30
1602 170 1 3 11 O 20
5290 173 2 8 41 O 30
5266 5265 2 2 6 O 30
1423 5331 2 2 6 O 20
5267 5271 2 2 6 O 30
1430 5269 1 2 6 M 30
1432 5300 1 61 338 O 10
5300 1430 1 5 24 O 20
1290 3395 2 3 11 O 20
3394 1289 2 2 11 O 30
1234 3393 2 3 12 O 30
3435 4427 2 28 0 C 0
4427 3434 2 19 105 O 20
3434 1234 2 11 60 O 10
2865 1081 2 3 13 O 30
1082 1233 2 3 14 O 10
1668 1173 2 2 0 C 0
175 176 2 2 10 O 10
176 174 2 13 72 O 20
3734 1300 1 2 9 O 30
1298 3733 1 2 8 O 30
3731 1306 1 2 7 O 20
3732 3726 1 8 42 M 10
1300 3727 1 2 11 O 20
3728 1305 1 2 9 O 30
1306 3730 1 3 12 M 30
3729 1298 1 3 12 O 20
177 1666 1 2 0 C 0
1674 180 1 2 0 C 0
1665 178 1 2 0 C 0
179 1673 1 2 0 C 0
1673 1665 1 3 0 C 0
181 4982 1 1 0 C 0
182 3252 1 19 0 C 0
183 1086 1 2 0 C 0
2759 184 1 2 0 C 0
1663 1664 1 3 0 C 0
1956 1967 1 2 0 C 0
1967 185 1 2 0 C 0
4539 1956 1 1 0 C 0
2306 4538 1 1 0 C 0
1956 5151 1 2 0 C 0
1644 1083 2 3 0 C 0
1736 1737 2 3 14 M 20
1907 2311 2 2 8 O 30
1968 1994 1 3 12 O 10
2595 1969 1 3 12 M 20
2768 194 2 2 9 O 20
4639 4635 2 3 14 O 10
4635 2633 2 46 253 O 10
2633 4141 2 31 172 M 10
4141 449 2 33 182 O 20
449 452 2 2 9 O 10
452 463 2 8 39 M 30
463 2123 2 6 32 M 30
5120 2738 1 2 0 C 0
2738 5121 1 1 0 C 0
194 2769 2 6 31 O 10
2769 3538 2 14 74 O 20
197 2750 1 2 0 C 0
198 3157 1 4 0 C 0
196 1611 1 1 0 C 0
1610 195 1 1 0 C 0
2149 3962 2 3 14 O 10
201 945 1 2 7 O 20
945 5009 1 1 4 O 30
5009 3309 1 1 4 O 30
2248 5011 1 1 4 O 30
5011 1199 1 1 5 O 20
1199 202 1 2 6 O 30
202 2285 1 18 96 O 20
2285 2155 1 6 31 O 20
2155 2153 1 3 11 O 30
2213 1961 1 2 11 O 10
1961 2288 1 5 24 M 10
2288 943 1 14 75 O 10
943 201 1 5 27 O 20
199 5009 1 2 9 O 20
5009 5011 1 3 14 M 20
200 948 1 3 16 O 30
948 947 1 8 43 O 20
5010 203 1 1 4 O 30
204 5010 1 1 4 O 10
207 5032 2 2 8 O 30
209 208 2 13 67 O 10
1795 208 2 9 50 O 10
208 210 2 14 74 O 20
2779 211 2 11 59 M 30
5301 215 2 17 91 M 20
214 215 2 21 112 O 30
2591 218 2 5 24 O 20
218 221 2 12 61 M 20
221 217 2 2 10 M 10
218 217 2 8 41 O 10
217 220 2 7 34 O 20
220 219 2 5 26 O 30
220 221 2 7 37 M 20
227 230 1 2 6 O 10
230 231 1 2 7 O 20
231 2807 1 3 14 M 30
2807 222 1 2 8 M 10
222 224 1 1 4 O 10
224 225 1 3 12 O 10
225 226 1 2 8 O 10
226 223 1 3 12 O 10
223 227 1 1 4 O 20
4819 225 1 4 20 O 30
224 4819 1 3 16 O 10
228 229 1 13 67 O 10
230 4881 1 6 29 O 30
4881 231 1 6 28 O 30
226 4849 1 5 22 O 20
4849 223 1 4 20 O 10
232 234 2 6 31 O 30
234 237 2 6 32 O 20
237 233 2 8 43 O 10
234 235 2 3 13 O 30
236 237 2 4 18 M 30
241 242 1 2 8 M 10
242 238 1 2 11 O 10
238 239 1 2 7 O 10
239 240 1 3 12 O 30
240 241 1 2 10 O 20
243 4880 2 14 73 O 20
4880 4881 2 21 114 O 20
243 240 1 6 31 O 30
239 243 1 6 29 O 10
241 244 1 6 33 O 20
244 242 1 6 31 O 10
2811 2873 2 38 207 O 10
2873 4849 2 11 58 O 30
2707 4786 1 31 167 M 30
250 249 2 4 19 O 30
5931 251 2 7 37 M 20
5934 251 2 11 58 O 10
251 5935 2 9 49 O 30
5933 252 2 15 79 O 10
258 253 2 7 36 M 30
259 254 2 7 36 M 20
260 255 2 7 36 O 20
261 256 2 7 37 O 20
262 261 2 12 64 O 10
261 260 2 3 15 O 20
260 259 2 3 16 M 10
259 258 2 3 16 O 20
258 257 2 10 51 M 20
1650 1652 1 3 0 C 0
1652 265 1 3 0 C 0
268 1650 1 3 0 C 0
266 1651 1 3 0 C 0
1651 1649 1 3 0 C 0
1649 267 1 3 0 C 0
193 2595 1 3 11 O 10
1994 192 1 2 10 O 20
191 1994 1 3 12 O 10
190 2588 1 6 30 O 30
189 1968 1 2 8 O 30
1969 188 1 2 7 O 20
2595 186 1 3 12 M 10
187 1969 1 3 13 O 30
1630 1633 2 2 0 C 0
370 269 2 5 23 O 20
5066 5628 2 4 20 O 10
5526 1482 2 2 9 M 10
5088 270 2 14 77 O 20
2773 272 2 3 16 M 20
5089 276 2 5 24 O 20
4294 277 2 3 13 O 20
279 4451 2 3 12 M 20
280 2272 2 3 16 M 20
3468 281 2 2 10 O 10
5626 5625 2 2 9 O 30
5166 282 2 2 9 O 30
283 1198 2 3 16 O 20
4025 3472 2 2 9 O 10
284 1275 2 13 69 M 30
5199 285 2 3 14 O 30
2774 273 2 4 21 O 30
2965 286 2 3 13 O 20
3401 287 2 4 20 O 10
288 2064 2 4 17 O 10
289 1563 2 3 14 O 10
290 4062 2 33 179 O 10
4751 4798 2 3 12 O 30
5737 291 2 2 9 O 20
5738 292 2 2 10 M 30
3388 293 2 6 32 O 10
4418 271 2 4 19 M 20
275 5089 2 1 3 O 30
5089 5090 2 5 23 O 20
274 1526 2 3 15 O 30
6062 278 2 2 8 O 20
296 4363 2 3 11 O 20
4365 294 2 24 129 O 10
4364 295 2 3 14 O 30
302 306 1 30 166 O 30
306 298 1 4 19 O 10
298 299 1 5 22 M 10
299 300 1 31 171 O 30
303 300 1 2 6 O 20
300 304 1 3 12 O 30
304 301 1 3 17 O 30
301 302 1 2 11 O 20
302 303 1 2 9 M 20
304 305 1 23 127 O 10
305 301 1 22 117 M 10
306 307 1 5 25 O 20
308 299 1 6 29 O 20
309 317 2 6 29 O 20
317 319 2 3 15 O 10
319 310 2 3 15 O 30
5749 311 2 2 11 O 20
312 316 2 9 45 O 20
316 314 2 2 9 O 30
314 313 2 3 11 O 10
315 316 2 2 10 O 20
316 318 2 3 14 M 30
318 320 2 3 13 O 30
320 5633 2 4 18 M 30
5633 317 2 3 15 O 30
318 310 2 8 44 O 20
319 320 2 7 35 O 30
320 321 2 9 49 O 10
5560 4604 2 4 22 O 20
5557 4604 2 3 14 O 30
4916 323 2 2 7 O 30
3897 3896 2 3 13 O 30
371 5686 2 3 12 O 20
2101 4607 2 2 6 O 30
4607 4608 2 4 18 O 20
2124 2909 2 4 20 O 30
3053 5636 2 2 10 O 30
327 2048 2 4 20 O 30
376 328 2 3 14 O 20
330 549 2 3 16 M 10
552 331 2 3 14 O 30
329 35 2 3 13 O 30
4267 4266 2 8 39 O 30
333 1303 2 5 28 O 20
2869 5682 2 3 16 O 10
4291 1386 2 2 11 O 10
4301 5571 2 30 164 O 10
1479 5527 2 3 16 O 20
334 4808 2 3 17 O 20
335 334 2 3 13 O 30
4807 335 2 5 25 M 10
336 337 2 7 35 O 10
341 340 2 17 91 O 30
343 344 2 9 48 O 20
346 345 2 3 14 O 30
348 347 2 9 48 O 20
5637 2908 2 3 14 O 30
2894 5569 2 3 15 O 20
247 2158 1 2 0 C 0
2197 248 1 2 0 C 0
246 2196 1 2 0 C 0
245 2199 1 10 0 C 0
5444 910 2 8 44 O 10
885 4805 2 43 234 O 30
3139 352 1 4 0 C 0
352 351 1 3 0 C 0
3139 3166 2 4 0 C 0
353 2116 2 13 67 O 20
11 10 2 3 13 O 30
1789 354 2 2 11 M 30
356 355 2 3 13 O 10
1420 357 2 2 6 O 10
359 358 2 2 9 O 30
4880 360 2 2 9 M 20
1748 361 2 3 13 O 20
3536 3535 2 3 12 M 20
6203 6181 2 7 0 C 0
6000 3427 2 3 12 O 10
362 363 2 7 36 O 10
492 5524 2 4 17 M 10
366 3571 1 3 16 O 30
3572 367 1 3 17 O 20
5629 5627 2 3 14 M 30
206 205 2 3 12 O 30
2359 2360 1 1 4 O 20
S M L L M L S M S L M S L M L M S L M S L M S L M L S S M L M L S M S L L S M S M L S M L S L S M L S M L S M L M S L M S L M S L S M L S M S L M L S M L M S
