5431 6860 43200 72 1107 0.5
1739 51 1 25 133 O 30
1782 1570 1 6 29 O 10
1570 1636 1 69 382 O 20
1636 1573 1 37 203 O 20
1573 2835 1 24 130 O 20
1647 4413 2 8 40 O 30
4413 1646 2 12 65 O 20
1646 1645 2 16 88 O 30
1645 1644 2 16 85 O 30
1644 1703 2 6 32 O 10
1703 1643 2 11 56 O 30
1643 1701 2 11 59 O 20
1701 1642 2 6 33 O 30
1642 1700 2 4 21 O 20
1700 1641 2 11 61 O 10
1641 1678 2 14 75 O 10
1678 1676 2 14 75 O 20
1676 1674 2 15 80 M 30
1674 1672 2 14 76 M 10
1672 1633 2 15 79 O 20
1633 1631 2 26 142 O 20
1631 1630 2 14 75 O 20
1630 1568 2 14 76 M 10
1568 1628 2 14 76 O 30
1628 2217 2 6 31 O 10
1572 1568 2 51 279 O 10
1568 1662 2 43 236 O 30
1629 1666 2 1 6 M 10
1666 1571 2 7 39 O 10
1571 1572 2 14 76 O 10
1572 1632 2 14 75 O 30
1632 1634 2 14 77 O 30
1634 1635 2 9 45 O 30
1465 1817 2 13 68 O 30
1817 5271 2 10 54 O 30
5271 1816 2 94 517 O 20
1586 1585 1 15 0 C 0
2050 1589 1 12 62 O 10
4083 883 1 3 15 O 30
883 3230 1 19 101 M 20
3230 3229 1 6 32 O 20
3229 2713 1 6 33 O 20
222 1607 1 21 0 C 0
1607 2688 1 7 0 C 0
2856 17 2 8 43 O 20
17 20 2 46 250 M 20
20 2855 2 14 74 O 10
1597 1598 2 65 358 O 30
1599 1601 2 56 307 O 10
1479 1478 2 21 116 O 10
1768 1805 2 5 23 M 20
1827 1884 2 16 85 O 10
1884 1816 2 19 0 C 0
1816 1818 2 19 0 C 0
1865 5308 2 10 52 O 10
5308 189 2 9 46 O 30
189 3297 2 8 42 O 30
3297 3 2 15 79 O 20
1469 1468 2 54 295 O 20
1468 3729 2 51 280 O 30
1707 3679 2 25 136 O 10
1844 1819 2 38 208 O 30
1842 1845 2 15 81 O 10
1845 1846 2 26 142 M 30
1846 3630 2 22 121 M 30
1847 878 2 26 140 O 30
878 3450 2 4 17 O 10
3450 3451 2 3 16 O 10
3451 1844 2 23 126 O 30
1844 1843 2 26 143 O 20
1843 1842 2 26 141 O 10
1842 1841 2 26 0 C 0
1841 1829 2 26 0 C 0
1829 1830 2 16 0 C 0
3632 3352 2 100 555 O 20
1708 1863 2 26 0 C 0
1868 1112 2 20 0 C 0
1112 1033 2 36 196 O 10
1033 1872 2 37 200 O 20
1872 1873 2 22 118 O 30
5332 1488 2 15 81 O 30
1488 42 2 14 74 O 20
42 1482 2 14 76 O 10
1482 1492 2 15 80 M 10
1492 1495 2 14 74 O 20
1495 1497 2 14 76 O 20
1497 1499 2 14 77 O 30
1499 1502 2 15 80 O 20
1502 1505 2 14 76 O 10
1505 1508 2 14 74 O 30
1508 1602 2 14 74 M 10
1602 4049 2 23 126 O 30
1826 1849 1 11 60 O 10
1849 2830 1 7 34 M 30
2830 1853 1 11 60 O 20
257 2640 1 3 14 O 20
2640 2650 1 13 69 O 10
2650 1905 1 7 34 O 30
1905 1906 1 42 233 O 10
1963 1952 1 28 153 O 30
3412 1963 1 70 389 O 30
2628 5388 2 7 34 O 20
5388 1978 2 27 147 O 10
1978 1979 2 17 91 O 10
1979 1444 2 4 19 O 20
1444 5150 2 13 70 M 20
5150 1262 2 20 107 O 30
1262 1980 2 11 59 M 20
1980 1232 2 29 158 M 10
1232 1231 2 7 34 O 30
1980 1981 2 35 191 M 30
1981 1310 2 35 192 O 10
1310 1982 2 27 145 M 20
2099 4411 2 3 11 O 20
5348 5397 2 13 0 C 0
5397 508 2 16 0 C 0
508 5349 2 11 61 O 10
5349 5350 2 10 51 O 20
1843 1845 2 23 126 O 20
1845 3633 2 57 313 O 10
3605 2352 2 12 65 O 30
2352 2358 2 15 79 O 30
2358 2366 2 15 79 M 10
3575 2313 2 12 61 O 20
2313 2319 2 15 79 O 10
2319 2808 2 15 79 M 20
2808 2330 2 15 79 O 10
2330 2336 2 15 79 M 10
2336 3553 2 12 62 O 20
3382 2337 2 12 62 O 10
2337 2345 2 15 78 O 10
2345 2348 2 15 79 O 20
2348 2353 2 15 79 O 30
2353 2359 2 15 79 O 10
2359 2364 2 15 79 O 30
2364 2369 2 15 78 O 10
2369 2374 2 15 79 O 20
2374 2379 2 15 79 O 10
2379 2378 2 15 79 O 20
2378 2385 2 15 79 O 30
3758 2370 2 11 61 O 20
2370 2372 2 15 79 O 30
2372 2380 2 14 77 M 10
2380 2381 2 15 80 O 10
2381 2384 2 15 79 M 10
2384 1722 2 15 78 O 30
1722 2391 2 15 79 O 10
2824 1839 2 20 0 C 0
1839 3681 2 14 0 C 0
2324 2325 2 11 61 M 30
2325 2332 2 15 79 O 10
2332 2334 2 15 78 O 10
2334 2343 2 15 78 O 10
2343 2399 2 15 80 M 10
2399 2351 2 15 79 O 20
2351 2357 2 15 79 O 20
2357 2395 2 21 112 O 30
2322 2305 2 13 71 O 30
2305 2809 2 37 205 O 30
2809 2306 2 37 205 M 30
2306 2307 2 38 206 O 20
2309 2308 2 37 203 O 10
2315 2820 2 37 204 M 30
3548 2320 2 30 163 O 20
2320 2319 2 37 204 O 10
2319 2318 2 37 205 M 30
2318 2317 2 37 204 O 20
2317 2316 2 37 203 O 20
641 2325 2 5 23 O 30
2325 2326 2 37 206 O 20
2326 2808 2 37 204 O 10
2808 2327 2 37 205 O 10
2327 2328 2 37 205 O 30
2328 2329 2 37 201 M 10
3593 2330 2 34 189 O 30
2330 3381 2 34 188 O 20
2341 2334 2 42 228 O 20
2334 2335 2 37 205 O 10
2335 2336 2 37 205 O 10
2336 2337 2 37 205 O 30
2337 2338 2 37 205 O 20
2338 2339 2 37 203 O 10
2342 2343 2 44 239 O 20
2343 2344 2 37 204 M 10
2344 3554 2 34 188 O 20
2397 2398 2 37 203 O 10
2349 2399 2 43 239 O 10
3606 2027 2 34 188 O 30
2350 2351 2 43 233 O 20
2351 2352 2 37 205 O 20
2352 3565 2 34 187 O 20
2356 1717 2 8 40 O 30
1717 2357 2 23 127 O 30
2357 2358 2 37 204 O 20
2358 2758 2 37 204 O 20
2758 2359 2 38 206 O 10
2359 2360 2 37 203 O 30
2360 2361 2 37 204 O 30
1035 1047 2 12 63 O 10
1047 1043 2 21 113 O 10
1043 1048 2 21 113 O 20
1048 1049 2 24 132 O 10
1875 2386 2 19 100 O 20
2386 566 2 12 65 O 10
566 2385 2 26 140 O 30
2385 2384 2 37 203 O 30
2384 2383 2 37 205 O 20
3768 3789 2 30 166 O 20
2400 2402 2 40 220 O 30
2390 650 2 9 48 O 10
650 573 2 11 59 O 30
573 2403 2 31 167 O 20
3451 1846 2 64 355 O 20
1846 1858 2 70 387 O 30
1858 1552 2 59 324 O 10
1552 4145 2 92 0 C 0
1986 2592 2 3 16 O 30
2592 2590 2 4 22 O 10
2590 1987 2 27 147 O 10
1987 2586 2 19 103 O 10
4473 4461 2 47 259 O 20
4461 4462 2 41 0 C 0
4466 3295 2 17 89 M 30
3295 4467 2 43 236 O 20
4471 3295 2 11 59 O 30
3295 4472 2 22 120 O 30
4473 2140 2 5 27 M 30
2140 4461 2 48 266 O 30
4503 3089 2 30 164 O 10
3089 4501 2 18 97 O 20
4501 426 2 6 32 O 20
426 428 2 5 26 M 30
428 4480 2 15 81 O 20
4480 4479 2 26 143 O 20
4479 4497 2 29 159 O 10
4497 4478 2 29 161 O 30
4478 4477 2 24 130 O 20
4477 4474 2 14 76 O 30
4474 4481 2 10 55 O 10
4481 4475 2 32 174 M 30
4475 2202 2 19 101 O 20
212 211 2 41 225 O 20
4477 4483 2 49 269 O 20
4483 4484 2 23 125 O 20
4484 4485 2 14 76 M 10
4484 4486 2 9 47 O 10
4483 4487 2 25 135 O 10
4488 2759 2 82 453 O 10
1951 1952 2 3 14 O 20
1952 4488 2 29 157 O 30
4488 4487 2 12 66 O 30
4487 4489 2 8 42 O 10
4489 4478 2 37 202 O 30
4489 4495 2 32 175 O 20
4495 4496 2 49 272 O 10
4496 1248 2 27 147 O 20
4495 4497 2 29 158 O 30
4498 5036 1 6 33 O 10
5036 4249 1 13 68 O 30
4249 245 1 6 29 M 30
245 4248 1 4 22 O 30
4248 4499 1 13 69 M 30
4499 4479 2 12 65 O 10
4499 4490 1 52 286 O 10
3406 3407 2 2 8 O 30
2534 2966 2 2 6 O 20
4504 4506 2 35 190 O 10
4507 4506 2 23 124 O 30
4506 4508 2 24 129 M 20
4508 3343 2 11 58 O 10
3343 1970 2 15 78 O 20
4508 4509 2 18 99 O 10
4509 1971 2 18 97 M 20
1971 4510 2 25 136 O 20
4510 618 2 7 37 O 20
618 4511 2 36 197 O 10
4511 4512 2 20 110 O 30
4509 4516 2 32 175 O 20
2055 848 2 9 48 O 30
848 4510 2 11 57 O 10
4510 4521 2 16 87 O 20
4521 4526 2 23 124 O 20
4521 4522 2 43 238 O 10
4522 4523 2 12 63 M 10
4523 4524 2 10 54 O 10
4524 4531 2 20 111 O 10
4531 4532 2 18 100 O 10
4511 4522 2 25 138 O 20
4522 4525 2 6 31 M 30
4525 4527 2 20 108 O 30
4523 4525 2 11 61 O 10
4525 4526 2 31 167 O 20
4526 4528 2 16 85 O 10
4528 4517 2 21 114 O 30
4517 4507 2 19 103 O 10
4507 4529 2 8 39 O 30
4529 4530 2 23 123 M 20
4530 1935 2 33 183 M 20
3326 4533 2 55 303 O 10
4533 4528 2 64 352 O 10
2102 4512 2 16 86 M 30
4512 4524 2 32 176 O 30
4524 3326 2 9 49 O 10
4513 4531 2 31 169 O 10
4531 4534 2 13 68 O 30
4514 4532 2 28 154 O 20
4532 4535 2 15 81 O 20
4512 4513 2 20 111 O 30
4513 4514 2 18 99 O 30
4514 4515 2 20 109 O 10
4515 4542 2 14 77 O 10
4542 5054 2 21 113 M 30
5054 1305 2 12 64 O 20
4539 4543 2 12 62 O 20
4543 4544 2 17 91 O 30
4543 4545 2 44 243 O 10
4547 4546 2 27 146 O 30
4546 4545 2 14 76 M 30
4545 4548 2 9 50 O 20
4548 4541 2 17 93 O 10
4541 4549 2 20 111 O 20
4549 4550 2 36 196 M 10
4546 4544 2 35 192 O 20
4544 1304 2 21 116 O 30
1304 3064 2 18 96 O 20
3064 1265 2 16 87 O 10
4548 1931 2 13 69 O 30
1931 4661 2 41 226 O 30
4661 4556 2 8 41 M 30
1931 4648 2 7 39 M 30
4648 4557 2 8 40 O 20
4557 4558 2 15 80 O 10
4558 5267 2 19 104 O 10
4557 4655 2 9 49 M 10
4655 4657 2 15 82 O 10
4657 4659 2 1 3 O 30
4659 4559 2 24 133 O 30
4558 4560 2 15 79 O 10
4560 4561 2 15 79 O 20
4561 4562 2 20 110 O 30
4560 4563 2 20 110 O 10
4561 4564 2 20 106 O 30
4533 4553 2 14 74 O 10
4553 4565 2 20 109 O 10
4565 4570 2 33 183 O 20
4570 4571 2 12 61 O 20
4572 4529 2 50 277 O 10
4554 4530 2 41 227 O 20
4530 1940 2 34 186 O 30
4552 4553 2 38 209 O 30
4553 4518 2 40 221 M 20
4518 4572 2 21 111 O 10
4572 4554 2 20 110 O 10
4554 4555 2 13 70 M 20
4555 4573 2 24 131 O 30
4555 4567 2 30 163 O 30
4568 4576 2 23 127 O 10
4576 1936 2 5 22 O 10
1936 4493 2 27 145 O 20
4574 4576 2 40 220 O 10
4566 4791 2 17 92 O 30
4791 4574 2 7 38 M 10
4574 4575 2 23 123 M 30
4575 4577 2 15 80 O 20
4577 4494 2 12 0 C 0
4575 4579 2 12 61 O 10
4579 4268 2 31 168 O 30
4268 4267 2 1 5 O 30
4267 4520 2 10 51 M 30
4579 4577 2 21 115 O 10
4478 4490 2 25 136 O 30
4490 4472 2 10 55 O 20
4472 4491 2 40 220 O 20
4491 4492 2 59 327 O 10
4492 4493 2 35 190 M 20
4469 4470 2 36 0 C 0
4470 4582 2 70 0 C 0
4463 3347 2 48 0 C 0
3347 4464 2 17 0 C 0
4464 4465 2 18 0 C 0
4465 4580 2 48 0 C 0
4580 4581 2 25 0 C 0
1971 4516 2 33 182 O 30
4516 4517 2 9 46 M 30
4517 4518 2 61 338 O 10
4518 4519 2 20 109 O 30
4519 4269 2 24 130 O 10
4269 4793 2 16 87 O 10
4793 4520 2 9 48 O 10
4583 4584 2 24 0 C 0
4584 4585 2 10 0 C 0
4585 1269 2 13 0 C 0
1269 10 2 6 0 C 0
10 4805 2 1 0 C 0
4805 1268 2 9 0 C 0
1268 4586 2 15 0 C 0
4586 1300 2 15 0 C 0
1300 1298 2 15 0 C 0
4590 2180 2 2 0 C 0
4475 4604 2 11 59 O 30
2052 2892 1 34 185 O 10
3008 3007 2 5 23 O 10
4614 1925 2 3 13 O 10
1925 4616 2 20 106 O 30
4616 2085 2 4 21 O 10
2085 4172 2 38 209 O 20
4172 3708 2 13 69 O 10
3708 377 2 14 76 O 10
5334 2221 2 37 204 O 10
5337 5338 2 48 262 O 10
5338 1481 2 24 132 O 10
1802 5339 2 22 121 M 20
5340 2689 2 6 33 O 20
5346 2938 2 16 83 M 10
2938 499 2 3 14 M 20
499 5343 2 17 90 O 20
5343 5345 2 34 187 O 20
1219 418 2 30 166 O 20
418 1218 2 20 108 O 30
1218 412 2 26 139 M 30
412 414 2 2 7 O 20
414 1217 2 13 70 O 20
1217 5192 2 21 112 O 20
5192 1216 2 34 188 O 30
1216 577 2 23 125 M 10
577 365 2 23 123 O 10
365 185 2 11 56 O 20
185 2959 2 4 20 O 10
2959 4449 2 5 23 O 30
4449 45 2 9 49 M 30
2241 188 2 3 12 O 10
188 2243 2 7 34 O 10
2243 4004 2 1 4 O 10
4004 2245 2 8 43 O 30
2245 2247 2 9 49 O 30
2247 5327 2 7 37 O 20
5327 4063 2 6 32 O 10
4063 4064 2 6 31 O 30
4064 4061 2 5 27 O 10
4061 4896 2 7 34 O 30
4896 4066 2 4 17 O 20
4066 4072 2 14 74 O 20
4072 4874 2 3 14 O 30
4874 4029 2 7 37 O 30
4029 4068 2 4 20 O 10
4068 5347 2 18 96 O 20
5347 2062 2 3 12 O 20
2062 4865 2 8 42 O 30
4865 4712 2 25 137 O 30
4712 4715 2 12 66 O 30
4715 174 2 3 16 O 30
174 4714 2 13 71 O 10
4714 1919 2 10 54 O 20
1919 4788 2 22 122 M 10
4788 4786 2 21 115 O 20
4786 3284 2 1 4 O 30
3284 4782 2 6 30 O 20
4782 3283 2 3 11 O 20
3283 4778 2 10 54 O 30
4778 2778 2 5 24 O 20
2778 1212 2 6 33 O 10
1212 4772 2 30 166 O 20
4772 4774 2 24 130 O 10
4774 1213 2 18 99 O 10
1213 461 2 10 54 M 30
461 1214 2 45 247 O 20
5349 5351 2 9 47 O 30
4984 5355 2 28 152 O 20
5355 5007 2 44 241 O 30
5007 5369 2 1 1 O 20
5369 5006 2 20 106 O 10
5006 1911 2 8 44 O 10
1911 2068 2 3 12 O 30
2068 3706 2 7 36 O 20
3706 5119 2 19 101 O 10
5119 5121 2 2 6 O 20
5121 481 2 30 166 O 30
481 5354 2 14 73 O 20
5354 1895 2 48 265 O 30
589 5356 2 6 32 O 20
5356 4978 2 28 153 O 20
4978 4979 2 8 41 O 20
4979 1912 2 36 199 O 30
5357 5353 2 15 79 O 30
5353 5355 2 34 185 O 20
5355 5356 2 34 186 O 10
5356 568 2 3 12 O 10
5359 2880 2 63 350 M 20
2880 1926 2 9 47 O 30
1926 1909 2 2 11 O 30
1909 5358 2 50 276 M 10
5360 82 2 7 35 O 20
82 80 2 2 6 M 20
80 88 2 28 153 M 10
88 5361 2 7 37 O 10
5264 4964 1 15 79 O 30
4964 2639 1 4 18 O 10
2639 263 1 4 17 O 10
2066 1913 2 3 12 O 30
1913 3133 2 58 318 O 30
5323 5365 2 4 18 O 10
5367 5324 2 51 279 O 10
5324 4362 2 18 98 O 30
3722 1210 2 5 23 O 10
1210 5107 2 5 28 O 10
5107 3720 2 26 143 M 10
3720 620 2 21 111 M 20
620 1209 2 11 59 O 20
1209 5104 2 13 71 O 10
5104 4986 2 33 179 O 20
4986 5297 2 9 45 O 20
5297 4988 2 5 23 O 10
4988 3150 2 6 33 O 10
3150 2065 2 8 40 O 10
2065 1915 2 3 12 O 20
1915 4995 2 25 139 O 10
4995 4997 2 18 96 O 10
4997 5325 2 28 152 O 20
5325 4972 2 6 32 O 10
4972 4976 2 5 26 M 10
1211 2940 2 40 217 O 20
2940 2944 2 6 31 O 30
2944 2952 2 17 91 O 10
2952 3716 2 10 52 M 30
3716 3717 2 2 7 O 10
3717 5111 2 6 28 O 20
5111 5105 2 17 92 O 10
5105 3719 2 20 107 M 10
3719 4229 2 6 33 O 10
4229 1208 2 23 127 O 20
1208 4293 2 21 115 O 10
4293 560 2 23 128 O 30
560 3149 2 20 106 O 30
3149 2064 2 8 40 O 30
2064 1916 2 3 12 O 30
1916 4993 2 7 38 O 20
4993 2991 2 7 35 O 20
2991 4811 2 14 76 M 20
4811 5268 2 21 113 O 10
5268 4808 2 13 67 O 30
4808 5326 2 11 59 M 20
5326 286 2 35 192 O 10
1786 4752 2 8 39 O 10
4752 183 2 4 21 M 10
183 1995 2 13 69 M 10
1995 606 2 3 12 M 10
606 2025 2 2 10 M 10
2025 4756 2 9 49 O 10
4756 5195 2 23 127 O 20
5195 1222 2 12 65 O 30
1222 1223 2 54 299 O 30
1223 1532 2 18 96 O 20
1532 315 2 11 57 O 30
315 330 2 9 47 O 30
330 359 2 25 137 O 20
359 361 2 1 4 O 20
361 362 2 9 49 O 10
362 1224 2 18 97 O 10
1224 505 2 27 149 O 10
505 1225 2 8 43 O 10
1225 1226 2 5 23 O 20
1226 1454 2 6 33 M 10
1454 4317 2 14 74 O 30
4317 1227 2 7 35 M 20
1227 1228 2 29 160 O 10
1228 1229 2 37 203 O 30
1229 1453 2 25 133 O 30
1453 1230 2 43 239 O 20
1230 1231 2 4 20 O 30
5322 5323 2 15 79 M 10
5323 5324 2 20 107 O 30
5324 5325 2 34 188 O 10
5325 5326 2 34 186 O 10
5326 2263 2 34 186 O 20
5331 3238 2 9 47 O 20
3238 754 2 52 285 O 20
754 3225 2 1 5 O 10
3225 755 2 3 12 O 10
755 1244 2 7 37 O 10
2645 5368 2 30 164 O 10
901 902 2 11 0 C 0
902 903 2 7 0 C 0
903 3291 2 48 263 M 30
3291 904 2 19 103 O 10
904 5372 2 2 7 O 30
5372 905 2 14 77 O 30
1584 1591 2 19 100 O 30
1591 1592 2 16 87 M 20
1592 1593 2 17 90 O 10
1593 1804 2 17 90 O 20
1804 1594 2 15 81 O 10
1594 1801 2 15 83 O 30
1801 1595 2 7 36 O 30
1595 1600 2 26 140 O 30
1600 1775 2 19 105 M 10
1775 1599 2 8 43 O 30
1599 1598 2 12 63 O 10
17 18 2 48 262 M 20
21 20 2 14 74 O 10
28 27 2 29 159 M 30
27 2276 2 12 64 M 20
2276 26 2 21 112 M 20
26 1807 2 8 40 M 30
26 29 2 64 355 O 10
29 28 2 14 73 O 20
28 30 2 48 267 O 10
29 19 2 16 84 O 30
32 33 2 12 67 O 10
33 34 2 28 155 O 10
34 35 2 18 95 M 30
2237 38 2 11 56 O 10
38 2234 2 32 173 M 30
34 37 2 27 148 M 20
38 70 2 8 42 O 30
1773 1582 2 2 11 M 20
1582 1542 2 12 66 O 30
1542 40 2 15 78 O 30
40 1509 2 15 78 O 20
1509 1504 2 14 76 O 10
1504 1503 2 14 75 O 20
1503 39 2 16 86 O 10
39 1496 2 14 78 O 20
1496 1494 2 14 73 O 20
1494 1491 2 14 76 O 20
1491 41 2 15 81 O 20
41 5336 2 14 76 O 30
5336 5335 2 14 74 O 30
5335 5334 2 13 72 M 30
5342 4013 2 27 146 O 20
4013 298 2 3 15 O 10
298 2251 2 3 14 O 30
2251 295 2 3 13 O 30
295 5058 2 4 21 O 10
5058 4010 2 5 24 O 30
4010 5056 2 10 53 M 20
5056 5330 2 12 65 O 10
5330 4036 2 11 56 O 10
4036 3236 2 6 30 O 30
3236 4806 2 4 22 O 20
4806 5345 2 10 54 O 20
5345 314 2 1 5 O 30
314 312 2 12 64 O 30
312 1244 2 12 63 O 30
1244 4053 2 6 30 O 10
3336 2475 2 30 0 C 0
2475 2489 2 56 0 C 0
2367 722 2 19 103 O 20
2367 698 2 10 51 O 20
699 700 2 12 62 O 20
1052 703 2 77 424 O 10
703 2388 2 50 275 O 20
2388 717 2 21 113 O 20
717 716 2 14 73 O 10
704 705 2 46 251 O 20
706 707 2 55 301 M 10
2474 1010 2 10 54 O 20
1010 2460 2 14 73 O 20
712 715 2 11 60 O 10
715 713 2 29 159 M 20
717 5179 2 2 11 M 10
5179 718 2 36 199 O 30
719 718 2 14 72 O 10
718 720 2 6 29 O 20
904 906 2 21 116 O 30
906 907 2 7 38 O 10
906 903 2 70 386 O 30
915 911 2 22 117 O 30
912 911 2 5 27 O 20
911 913 2 10 55 O 20
913 914 2 17 0 C 0
913 915 2 20 111 O 10
1319 1318 2 21 112 O 10
1318 1313 2 29 158 O 10
1313 4645 2 53 294 M 30
4645 930 2 7 34 O 30
1316 1315 2 49 269 O 30
1315 931 2 61 337 M 30
932 5386 2 48 265 M 30
5386 933 2 13 72 O 30
1311 283 2 26 141 O 20
283 1310 2 35 190 O 30
1310 1309 2 59 326 O 20
1309 637 2 5 25 O 20
637 1308 2 9 50 O 30
1308 639 2 14 77 O 20
639 1307 2 1 2 O 10
1307 5052 2 8 41 O 30
5052 4536 2 9 48 O 30
3985 937 2 75 414 O 20
939 940 2 29 157 M 10
941 942 2 21 113 M 30
942 943 2 42 232 O 20
943 937 2 43 234 O 30
937 939 2 21 116 O 30
939 944 2 23 125 O 20
945 946 2 31 171 O 30
946 1658 2 9 46 O 30
1658 947 2 34 188 O 20
947 938 2 42 233 O 30
938 2587 2 34 187 O 20
2587 2589 2 7 34 O 30
2589 1986 2 4 21 O 10
1986 3978 2 7 34 O 30
3978 2962 2 10 50 O 10
2962 4094 2 40 221 O 20
4094 948 2 69 382 O 10
948 4354 2 35 192 O 10
4354 5380 2 1 5 O 10
5380 3035 2 5 24 O 30
3035 4355 2 5 26 O 20
4355 949 2 18 97 O 30
950 4158 2 59 327 O 10
4158 4153 2 13 68 O 10
4153 951 2 21 113 M 10
951 4109 2 4 20 O 20
4109 952 2 44 244 O 20
952 953 2 4 18 M 20
953 5289 2 8 40 O 30
5289 954 2 35 192 O 30
954 2271 2 28 154 O 20
2271 955 2 10 55 O 30
955 956 2 30 165 O 10
958 957 2 92 511 O 20
959 960 2 4 19 O 30
960 153 2 25 138 O 20
153 552 2 6 32 O 30
969 970 2 28 152 O 20
970 971 2 33 182 O 30
973 974 2 23 126 O 10
974 1264 2 24 133 O 10
1264 3942 2 28 150 O 10
3942 1265 2 14 73 O 30
975 2502 2 16 87 O 20
977 2501 2 16 88 M 20
1547 979 2 84 462 O 30
979 3327 2 34 184 O 10
3327 4696 2 26 141 O 30
4696 3491 2 21 115 O 10
982 968 2 44 241 O 30
968 983 2 33 181 M 20
984 970 2 50 274 O 10
999 994 2 27 148 M 30
946 942 2 33 178 O 10
1001 5415 2 30 164 O 10
1002 1001 2 23 127 O 10
1001 5301 2 47 257 M 20
5301 1000 2 15 82 O 20
1000 5254 2 12 65 O 10
5254 1003 2 7 39 M 10
1655 1654 2 20 108 O 20
1654 995 2 68 374 M 30
1880 1004 2 42 231 M 20
1004 999 2 38 206 O 10
999 1656 2 87 481 O 30
1656 1657 2 23 123 O 20
1004 993 2 46 254 O 10
1006 467 2 33 178 O 20
467 1005 2 34 184 O 30
1005 4093 2 26 139 O 10
4128 1009 2 22 121 O 10
1009 1010 2 39 216 O 30
1011 1009 2 37 205 M 10
1012 1013 2 70 389 O 10
4232 4228 2 4 19 O 30
4228 3341 2 3 16 O 30
3341 1015 2 5 26 M 20
1015 1016 2 15 80 O 30
1016 4396 2 31 167 M 30
4396 1017 2 32 177 O 10
1017 1018 2 17 89 O 30
1019 588 2 22 121 O 30
588 3342 2 9 48 O 10
3342 1020 2 56 306 O 20
1021 1022 2 24 129 O 20
1022 3385 2 52 286 O 20
3385 1023 2 13 69 M 10
1031 1026 2 36 199 O 20
1032 1033 2 21 112 M 20
1033 1030 2 21 112 O 20
1030 1027 2 20 110 O 30
1027 3503 2 27 146 M 10
1040 1041 2 33 181 M 10
3894 1043 2 52 285 M 10
1043 1044 2 22 121 O 30
1045 1046 2 28 152 O 10
3893 208 2 14 78 O 20
208 3895 2 6 29 O 10
3895 1055 2 61 336 O 20
1055 520 2 53 289 O 10
520 5014 2 19 103 O 10
5014 5016 2 2 7 O 20
5016 5021 2 5 25 O 10
5021 963 2 8 40 O 20
963 4386 2 4 19 O 10
4386 5025 2 8 40 O 30
5025 5023 2 3 12 O 30
5023 1056 2 81 447 O 30
1062 919 2 19 100 O 30
1066 1059 2 40 220 O 20
1067 1063 2 21 113 O 10
1036 1047 2 37 203 O 30
1069 1070 2 13 67 O 10
917 914 2 29 0 C 0
3870 3914 2 12 64 O 10
3914 909 2 11 57 O 20
909 131 2 9 45 O 20
131 120 2 2 6 O 20
120 3057 2 9 46 O 30
3057 3108 2 1 5 O 30
3108 3061 2 4 22 O 10
3061 1576 2 4 20 O 30
3396 1081 2 81 447 O 30
1081 991 2 83 461 O 20
953 1082 2 38 209 O 20
1082 3928 2 27 147 O 30
3928 5176 2 15 82 M 20
5176 4450 2 7 34 O 10
4450 3920 2 14 73 O 30
3920 3918 2 2 6 O 20
3918 4415 2 7 38 O 30
4415 4417 2 9 45 M 20
4417 551 2 6 30 O 20
960 3930 2 26 143 M 30
3930 955 2 24 132 O 30
1083 990 2 84 463 O 30
990 1084 2 84 463 O 30
1084 3924 2 42 230 M 30
3924 3927 2 12 65 O 20
3927 962 2 31 168 M 30
962 1085 2 96 532 O 10
1079 475 2 15 82 M 30
475 3909 2 16 87 O 10
3909 964 2 61 335 O 30
964 5319 2 13 70 O 20
5319 3387 2 7 38 O 10
3387 4701 2 34 185 O 30
4701 5391 2 7 39 O 20
5391 1086 2 24 131 O 20
1984 988 2 84 463 O 30
988 303 2 69 378 O 30
303 1087 2 16 86 M 10
1087 613 2 13 68 O 30
613 659 2 5 26 O 10
659 656 2 1 4 O 10
656 655 2 5 24 O 20
655 4703 2 10 55 M 20
4703 4700 2 5 26 O 10
4700 965 2 47 258 O 10
965 327 2 15 78 M 10
327 3923 2 5 27 O 20
3923 3905 2 31 169 O 10
3905 3907 2 7 34 M 30
3907 1078 2 33 182 O 30
1088 987 2 84 463 O 20
987 1089 2 84 462 O 30
1089 318 2 12 63 O 30
318 966 2 73 402 O 20
966 473 2 69 382 O 30
473 1077 2 14 77 O 20
1092 1091 2 17 94 O 10
1091 1074 2 17 94 O 20
1090 1093 2 16 84 O 10
923 1039 2 22 118 O 30
1039 1040 2 22 121 O 30
1040 5424 2 8 44 O 20
5424 1041 2 8 44 O 10
1041 1057 2 22 118 O 10
1057 4442 2 6 30 O 10
4442 1042 2 9 47 O 20
1042 1048 2 55 305 O 20
2081 1094 2 3 12 O 20
920 2293 2 3 16 O 30
2293 1096 2 27 146 O 10
1096 1071 2 16 84 O 10
1071 3318 2 16 84 O 10
3318 1072 2 2 9 O 30
1097 3880 2 34 187 M 30
1098 3509 2 43 234 O 30
3509 1070 2 6 30 M 30
1070 1099 2 30 166 O 30
1101 1100 2 7 36 M 10
916 1109 2 17 0 C 0
1109 1107 2 28 0 C 0
1107 1108 2 95 0 C 0
1108 1106 2 81 0 C 0
1106 2716 2 14 0 C 0
1024 1019 2 23 124 O 20
1019 3009 2 8 40 O 10
3009 160 2 14 77 M 10
160 1017 2 2 8 M 20
1017 1874 2 26 140 O 20
4232 3340 2 5 25 O 30
3340 1021 2 63 347 O 30
1021 3386 2 107 591 M 10
3386 1023 2 13 71 M 20
1023 1024 2 32 176 O 20
1024 1025 2 45 245 O 20
1015 1113 2 12 64 O 30
1113 1020 2 27 146 O 30
1020 1022 2 26 143 O 10
4624 1120 2 67 372 M 30
1120 3338 2 42 232 M 30
3338 1014 2 5 23 M 20
1014 1114 2 12 61 O 30
4096 1116 2 64 355 O 20
1116 1117 2 25 139 M 10
1117 1118 2 22 122 O 20
1118 1119 2 22 121 M 30
4095 1124 2 3 15 O 10
1124 4100 2 60 331 M 20
4100 1125 2 1 4 O 10
1125 4459 2 22 120 O 30
4459 1142 2 22 119 O 10
1142 1175 2 3 16 O 30
1175 1176 2 67 369 O 10
1176 1177 2 20 106 M 30
1177 1178 2 20 108 M 30
1124 1126 2 51 280 O 10
1126 4460 2 20 107 O 30
4460 1127 2 20 108 O 20
1127 1128 2 20 107 O 30
1128 5403 2 16 84 O 30
5403 1129 2 11 58 O 30
1129 1130 2 20 108 O 10
1130 1131 2 20 107 O 30
1182 1181 2 17 90 O 20
1181 1180 2 27 149 O 20
1180 1176 2 18 95 M 10
1176 1132 2 20 107 O 10
1132 1130 2 51 278 O 30
1130 1133 2 21 116 O 20
1133 1134 2 22 121 O 20
1134 1119 2 50 275 O 20
1135 1136 2 20 0 C 0
1136 1137 2 19 0 C 0
1137 69 2 19 0 C 0
1135 1138 2 73 0 C 0
1138 2225 2 29 0 C 0
1134 1139 2 22 118 M 20
1139 1140 2 20 111 O 10
1140 1141 2 24 129 O 10
1141 1115 2 60 328 O 20
1143 1128 1 39 213 O 30
1140 1117 2 37 201 O 20
1139 1118 2 45 249 O 20
2449 2453 2 4 20 O 30
2453 3012 2 5 26 M 10
3012 5191 2 5 25 O 30
5191 1122 2 38 208 O 10
3065 1149 2 67 367 O 10
2515 4132 2 3 0 C 0
4132 1153 2 7 0 C 0
1153 4154 2 5 0 C 0
4154 2139 2 1 0 C 0
2139 2807 2 24 0 C 0
2118 616 2 7 0 C 0
616 4087 2 23 0 C 0
4087 615 2 1 0 C 0
615 902 2 15 0 C 0
901 1159 2 20 0 C 0
1159 3459 2 37 203 O 10
3834 1172 2 10 0 C 0
1172 3006 2 18 97 O 30
3006 1161 2 50 272 O 10
1161 1162 2 5 26 O 10
1161 1163 2 62 343 M 10
1163 1164 2 33 179 O 10
1164 1158 2 22 120 M 10
1164 1165 2 10 55 O 20
1165 3887 2 35 194 M 20
1165 1167 2 30 162 O 10
1167 1162 2 56 310 M 30
1162 1168 2 18 95 M 20
1168 2184 2 5 27 M 30
1168 1170 2 99 545 O 10
3104 1171 2 5 26 O 10
1163 1172 2 24 133 O 30
1167 1075 2 24 132 O 20
3480 986 2 80 439 O 10
986 4361 2 76 419 O 10
4361 1983 2 8 43 O 10
1147 971 2 40 221 M 20
971 2082 2 20 108 O 20
2082 2129 2 27 149 O 30
4232 5395 1 35 191 O 20
5395 4227 1 4 17 O 20
3546 1193 2 21 115 O 20
1192 1195 2 20 107 M 20
3543 1196 2 26 141 O 10
1198 710 2 34 185 O 30
1131 1177 2 66 362 O 30
1132 1201 2 23 126 O 30
1201 4101 2 2 7 O 30
4101 1143 2 25 134 M 10
1143 1175 2 20 108 O 10
1219 1220 2 11 61 O 20
1220 1255 2 20 110 O 20
1255 1256 2 13 71 O 10
1256 1257 2 10 52 M 20
1257 1258 2 36 200 O 30
1258 1259 2 31 171 O 30
1259 1260 2 29 156 O 30
1260 1261 2 4 20 O 30
1261 1262 2 56 307 O 10
1232 1233 2 14 74 O 10
1234 1229 2 40 220 O 20
1229 1561 2 23 127 M 30
1561 1235 2 5 26 O 10
1235 384 2 4 17 O 10
1236 2891 2 17 90 O 10
2891 3159 2 3 15 O 20
3159 1237 2 22 120 O 30
1237 1238 2 64 354 O 30
5336 42 2 30 164 O 20
42 1242 2 27 148 O 10
1242 1243 2 16 88 O 10
3804 2832 2 2 10 O 10
3408 354 1 53 291 O 30
354 4402 1 11 60 M 30
4402 2028 1 16 86 O 10
974 976 2 39 214 O 20
976 978 2 23 126 O 10
978 1266 2 26 144 O 20
1266 1267 2 20 108 O 30
1278 5046 2 14 73 O 30
5046 1264 2 26 140 O 30
1264 1277 2 15 83 O 20
1279 1280 2 14 73 O 20
1282 1278 2 10 55 O 10
1266 1283 2 22 122 O 30
2095 2094 2 4 20 O 10
2094 1267 2 20 106 O 20
1267 1284 2 18 97 O 30
1284 3939 2 12 65 O 20
3939 2498 2 3 13 O 10
1284 1285 2 26 144 O 30
1285 1286 2 17 91 O 10
1285 1287 2 10 55 M 30
2275 1291 2 13 69 O 10
1296 1297 2 13 71 O 20
1301 4795 2 5 26 M 10
4795 1302 2 41 224 O 20
1274 4562 2 18 99 O 20
4562 4559 2 15 80 O 30
4559 4556 2 15 78 O 30
4556 1291 2 15 0 C 0
1291 1294 2 15 0 C 0
1294 1297 2 15 0 C 0
1297 1299 2 15 0 C 0
1299 1302 2 15 0 C 0
1302 4592 2 15 0 C 0
4592 3960 2 8 0 C 0
3960 4591 2 8 0 C 0
1301 3290 2 9 46 O 10
3290 1270 2 8 43 O 10
1270 4570 2 20 109 M 30
1304 1305 2 12 62 O 20
2152 2159 1 6 32 O 10
1317 1314 2 49 268 O 10
1320 1321 2 95 527 M 30
3445 1332 2 46 255 O 10
1332 1322 2 10 51 O 10
1322 1323 2 37 200 M 30
1324 1325 2 33 178 O 30
1322 1325 2 23 122 O 30
1325 1326 2 23 123 M 10
1327 1326 2 53 289 O 30
1326 1328 2 11 56 O 10
1328 1329 2 34 187 O 30
1330 1331 2 31 168 O 20
1333 1334 2 98 541 M 20
1237 1335 2 25 135 O 20
1335 1336 2 36 200 O 10
1336 1337 2 13 71 M 10
1337 1338 2 17 91 M 20
1338 1339 2 18 96 M 20
1339 1340 2 17 91 M 20
1340 777 2 10 54 O 30
777 1341 2 9 49 O 20
1341 1342 2 20 108 O 20
1348 1349 2 33 179 O 30
1350 1351 2 35 189 O 10
1346 1352 2 74 411 O 30
1352 1340 2 68 372 O 20
1339 1353 2 90 495 O 30
1353 1354 2 76 418 O 30
1355 1356 2 69 380 O 10
1356 1357 2 73 403 M 10
1357 1358 2 43 238 O 20
1358 1337 2 8 42 O 30
1359 1358 2 32 174 O 10
1338 1357 2 42 228 O 10
1357 1360 2 17 91 O 30
1360 1239 2 17 91 O 20
1361 1335 2 39 216 M 20
1362 1359 2 18 95 O 30
1359 1360 2 40 221 O 30
1360 1363 2 78 433 O 10
1363 1364 2 17 94 O 30
1364 1365 2 37 202 M 30
1366 1364 2 47 257 M 30
1367 1659 2 48 266 O 10
1659 1368 2 68 373 O 20
1368 4617 2 23 126 O 10
4617 1850 2 9 48 M 30
1850 3332 2 5 26 O 30
3332 3333 2 11 56 O 30
3333 522 2 7 34 O 30
522 2848 2 22 122 O 20
2848 2847 2 11 60 O 20
2847 2849 2 6 32 M 10
2849 1369 2 5 24 O 30
1369 3330 2 10 52 O 20
1374 1375 2 66 361 O 30
1376 1377 2 78 432 O 20
1377 1378 2 21 116 M 10
1378 1379 2 9 45 O 20
1379 1380 2 44 242 M 20
1381 1382 2 56 309 O 30
1382 1383 2 34 188 O 20
1383 1386 2 9 47 O 20
1387 1384 2 21 115 O 30
1384 1381 2 19 103 O 20
1381 1388 2 20 106 O 30
1388 1380 2 21 113 M 10
1380 1389 2 20 107 O 30
1389 1370 2 20 110 O 10
1370 1390 2 20 110 O 30
2017 1901 2 2 10 O 30
1408 1319 2 41 225 O 20
1319 1317 2 19 100 O 10
1317 1316 2 19 103 M 10
1316 609 2 8 41 O 30
609 3425 2 7 36 O 10
1403 1411 2 64 352 O 30
1411 1412 2 72 396 O 20
1413 1412 2 21 114 O 20
1412 1414 2 21 116 O 20
1414 1415 2 20 111 M 30
1415 3310 2 6 28 O 20
3310 1416 2 15 83 O 10
1417 1385 2 24 130 O 20
1385 1382 2 19 102 M 10
1382 1418 2 22 120 M 20
1418 1377 2 20 109 M 30
1419 1386 2 20 111 M 10
1386 2482 2 10 51 O 20
2482 1420 2 8 39 O 10
1421 1422 2 7 34 O 20
1422 3703 2 2 10 M 10
3703 4242 2 1 4 O 30
4242 3265 2 3 14 O 10
3265 2444 2 12 66 O 30
2444 1419 2 19 105 M 20
1419 1418 2 17 92 O 20
1418 1388 2 70 384 O 20
1388 1423 2 21 115 O 10
1423 3615 2 7 34 O 20
3615 1424 2 14 77 O 30
1424 1425 2 61 335 O 20
1425 1399 2 67 372 O 10
1399 5417 2 11 57 O 10
1426 291 2 32 174 M 10
291 1427 2 22 117 O 20
1428 2141 2 18 95 M 20
2141 2142 2 9 48 O 20
1250 344 2 70 386 O 20
344 3288 2 1 4 O 20
3288 342 2 1 5 O 20
342 1430 2 12 63 O 10
1430 408 2 30 163 M 30
408 406 2 19 102 O 20
406 1432 2 1 4 O 20
1432 404 2 3 13 M 20
404 1220 2 19 103 O 10
1215 1218 2 34 186 M 10
1429 457 2 20 109 O 30
457 410 2 11 61 O 10
410 274 2 7 35 O 30
274 454 2 7 34 O 20
454 4679 2 7 38 O 20
4679 1433 2 8 40 O 10
1433 3350 2 4 21 O 30
3350 523 2 17 92 O 30
523 1428 2 52 285 O 20
1428 1434 2 24 129 O 10
50 2209 2 3 15 M 10
1247 1435 2 17 89 O 20
5359 1246 2 13 72 O 20
1246 5354 2 34 185 M 30
5354 5364 2 34 185 O 20
1219 1224 2 34 185 O 30
1224 823 2 12 67 O 10
823 813 2 2 6 O 10
813 68 2 21 116 O 30
1318 1409 2 48 262 M 20
1409 1440 2 7 36 M 30
1979 1441 2 28 153 O 30
1444 1445 2 35 191 O 10
1978 1446 2 36 200 O 30
1447 1448 2 100 553 O 30
1449 5160 2 59 326 O 30
5160 5164 2 26 141 O 20
5164 1450 2 21 112 M 30
1975 1447 2 17 91 O 20
1447 1450 2 11 59 M 10
1450 1446 2 16 85 O 30
1446 1451 2 20 108 O 10
1451 1261 2 26 144 M 10
1452 1453 2 42 229 M 20
1260 1234 2 19 104 O 30
1234 1228 2 54 299 O 10
1256 3294 2 28 150 O 30
3294 1225 2 30 162 O 10
1455 1560 2 38 210 O 30
1560 1456 2 6 31 O 20
1464 1814 1 5 22 O 10
1814 1888 1 18 100 O 30
1888 2300 1 39 213 M 10
2300 854 1 13 68 O 10
854 2827 1 4 20 O 10
1469 1472 2 43 0 C 0
1472 1473 2 33 183 O 10
1473 1474 2 28 153 O 30
1476 1475 2 8 41 O 10
36 1480 2 44 242 O 20
33 0 2 47 257 O 30
2696 41 2 4 17 O 20
41 1482 2 32 177 O 10
1482 1490 2 28 150 M 10
1490 5062 2 6 32 O 20
5062 100 2 12 65 O 20
1241 3021 2 18 98 O 20
3021 4310 2 8 42 O 20
4310 5344 2 9 45 O 10
5344 4722 2 4 19 O 30
4722 1485 2 16 86 O 20
1485 1486 2 15 83 O 30
1485 1487 2 26 144 O 10
5335 1488 2 27 150 O 20
1488 2249 2 13 68 O 30
5332 5065 2 17 94 O 30
5065 5063 2 5 26 O 10
5063 5334 2 7 35 O 30
1491 1492 2 35 190 M 30
1492 2697 2 40 220 O 30
1494 1495 2 38 206 M 10
1495 97 2 46 255 O 30
1496 4319 1 26 141 O 30
4319 1497 1 15 81 O 20
1499 99 2 47 257 O 20
98 1502 1 41 225 O 20
1502 1503 1 46 254 M 20
1504 1505 2 49 268 O 10
1505 95 2 45 249 O 20
96 1508 2 45 247 M 20
1508 1509 2 52 283 O 30
40 1540 2 42 231 O 20
1540 1602 2 13 68 O 30
1602 1510 2 7 38 O 10
1510 4014 2 4 19 O 20
4014 3991 2 34 186 O 30
1511 94 2 6 29 O 10
1513 1512 2 10 54 O 10
1512 1510 2 15 78 O 10
1514 1511 2 5 24 O 20
1511 1515 2 14 76 O 10
1515 1507 2 14 77 O 10
1507 1506 2 14 74 O 10
1506 1501 2 14 76 O 30
1501 1500 2 14 77 O 30
1500 2703 2 8 43 O 20
2703 4620 2 2 10 O 20
4620 1498 2 5 26 O 30
1498 830 2 14 78 O 30
830 829 2 14 76 O 10
829 2698 2 18 98 O 30
1516 1517 2 16 86 O 30
1517 1518 2 43 237 O 10
1517 1519 2 50 278 O 20
1519 71 2 19 101 O 30
1521 1522 2 63 348 O 30
1522 48 2 72 399 M 20
1523 1524 2 19 102 O 10
1524 1525 2 54 295 M 30
1525 1526 2 56 308 O 20
1526 1527 2 21 114 O 20
1527 1390 2 21 112 O 30
1390 1373 2 103 569 O 20
1373 1374 2 19 105 O 20
1374 1376 2 20 108 M 30
1376 1463 2 22 118 M 30
1463 1350 2 19 104 M 30
1350 1348 2 17 94 O 30
1348 1347 2 17 91 O 30
1347 1354 2 21 115 O 10
1354 1355 2 21 116 M 20
1355 1366 2 22 118 O 30
1366 1365 2 34 184 O 10
1240 1363 2 18 95 O 20
1363 1356 2 17 90 O 20
1356 1353 2 17 92 O 10
1353 1352 2 17 90 O 10
1352 1343 2 18 97 O 20
1343 1342 2 31 167 M 20
1342 5412 2 9 47 M 20
5412 775 2 5 22 O 20
775 776 2 4 17 M 30
776 1462 2 4 19 O 10
1462 1416 2 21 116 O 30
1416 1417 2 15 81 O 20
1417 1387 2 64 353 M 10
1387 1528 2 18 97 O 20
1528 1529 2 17 90 O 30
1529 5311 2 3 16 O 10
5311 373 2 12 62 O 10
373 375 2 3 13 O 10
375 1530 2 50 277 M 10
1533 3699 2 6 33 O 20
3699 4265 2 5 23 M 10
4265 1530 2 32 173 M 10
1535 1536 2 72 397 O 20
1536 1537 2 71 392 O 20
47 1538 2 52 286 O 20
1398 1538 2 21 113 O 20
1538 1535 2 30 166 O 30
1535 1534 2 28 153 O 30
1534 5181 2 64 354 O 30
5181 1393 2 21 113 O 20
1393 1520 2 20 107 O 30
1520 1521 2 17 90 O 30
1521 1526 2 10 53 O 10
1525 5183 2 12 61 O 10
5183 1539 2 3 16 O 10
1539 1522 2 15 80 O 20
1522 3695 2 17 91 O 30
1539 1524 2 61 336 O 20
2772 1592 2 25 134 M 10
1477 1596 2 48 266 M 30
1544 1545 2 27 147 O 10
1546 5285 1 24 131 M 30
5285 2098 1 9 45 O 10
2098 4537 1 30 162 O 10
1312 4278 2 22 119 O 20
4278 1548 2 36 197 M 30
1554 3502 2 90 498 O 30
4147 3501 2 9 48 O 30
3501 1710 2 2 7 O 30
1461 1415 2 21 114 O 20
1415 1555 2 89 493 O 30
1414 1556 2 81 446 O 20
1556 4262 2 28 152 O 10
4262 1533 2 28 151 M 10
1533 1557 2 12 65 O 30
1557 1402 2 11 59 O 10
1437 1411 2 20 110 O 30
1411 1556 2 19 103 O 10
1556 1555 2 21 115 O 30
1555 1528 2 21 112 O 10
1528 1423 2 59 327 O 30
1423 3616 2 9 49 O 20
3616 4270 2 6 30 O 10
4270 1392 2 26 140 O 20
1392 1527 2 40 220 O 20
1527 2836 2 12 66 O 30
1460 1405 2 106 587 O 10
1406 1459 2 77 423 O 30
1458 1407 2 47 260 O 20
1560 3323 2 48 264 O 30
3323 1561 2 10 53 O 30
1561 1562 2 61 335 M 10
925 3448 1 16 86 O 30
1077 1090 2 27 149 O 20
1090 1091 2 51 283 O 20
3455 3891 2 43 238 M 30
3891 3837 2 10 54 O 30
3462 969 2 16 89 O 30
969 984 2 41 225 O 20
984 2504 2 17 90 O 30
3983 934 2 60 329 O 20
934 1410 2 53 293 M 20
1578 2214 2 2 11 O 30
2214 1058 2 22 122 O 10
1058 1059 2 48 261 O 20
1059 3860 2 54 300 O 30
1988 198 2 4 21 O 30
198 993 2 11 58 M 30
993 1053 2 33 180 O 20
1053 994 2 40 217 O 10
994 995 2 25 133 O 30
995 996 2 7 38 M 20
996 997 2 23 126 O 30
997 998 2 42 229 O 10
2598 954 2 20 109 O 20
954 1082 2 18 100 O 30
1082 1081 2 33 180 O 30
1081 1084 2 33 178 O 30
1084 5295 2 17 91 O 10
5295 1055 2 16 86 O 30
2714 1045 2 22 120 O 30
1045 3389 2 6 31 O 30
3389 1046 2 13 71 M 20
1046 1044 2 4 17 M 20
1044 3037 2 22 118 O 20
3037 1034 2 21 116 O 10
956 2570 2 7 34 O 20
2570 957 2 45 247 O 20
957 2715 2 87 479 M 10
2389 898 2 3 16 O 10
898 697 2 30 163 O 20
2367 898 2 15 80 O 20
4480 5411 2 28 153 M 30
1173 1941 2 8 41 O 10
1941 3114 2 4 19 O 30
3114 3115 2 11 56 M 20
3115 476 2 6 31 O 20
476 985 2 21 116 O 30
985 1546 2 37 205 O 10
1985 1054 2 14 78 M 20
1054 5399 2 2 10 O 10
5399 1083 2 31 167 O 10
1083 950 2 5 24 O 10
1273 2108 1 10 0 C 0
1311 1312 2 25 134 O 10
1312 1313 2 28 154 O 30
1313 1314 2 18 100 O 20
1314 1315 2 19 102 O 10
1315 932 2 11 59 O 30
932 1439 2 9 46 O 30
1439 934 2 19 100 M 30
934 936 2 10 54 O 10
1443 1651 2 18 97 O 20
1651 1307 2 17 94 O 30
1442 1652 2 18 96 O 20
1652 1308 2 18 96 O 10
1309 1653 2 18 96 M 30
1653 1650 2 18 96 O 30
1651 1652 2 15 79 O 10
1652 1653 2 14 73 O 30
1440 2101 2 5 26 M 30
1261 1452 2 17 94 O 20
1452 1230 2 60 329 M 10
1258 1226 2 69 381 O 10
2432 3702 2 5 26 O 20
3702 1420 2 23 126 O 10
1420 2299 2 11 57 O 20
2299 3268 2 25 135 O 10
3268 3329 2 6 28 O 20
3329 1421 2 4 22 O 30
1421 1815 2 11 56 O 20
1815 1463 2 35 194 O 30
1463 1737 2 6 32 O 20
1737 2810 2 6 28 O 30
1438 1336 2 23 122 M 30
1336 1361 2 31 168 M 10
1361 1362 2 3 16 O 30
1362 1238 2 17 92 M 10
1238 1333 2 17 90 O 20
1333 3968 2 5 24 O 20
2141 1429 2 100 554 M 20
1429 177 2 9 46 O 30
177 179 2 4 21 O 10
179 1250 2 10 51 O 30
1432 3320 2 13 68 O 20
3320 398 2 2 11 O 30
398 402 2 14 76 O 10
402 400 2 6 32 O 10
400 1431 2 15 82 M 10
563 1987 2 41 227 O 20
1000 5300 2 9 49 O 20
5300 947 2 25 138 O 20
947 3987 2 14 72 M 20
3987 5257 2 6 33 O 20
5257 943 2 14 73 O 10
994 1000 2 34 186 O 20
1656 1654 2 15 82 O 30
998 1002 2 22 117 M 30
1002 945 2 33 181 O 10
945 941 2 32 176 O 10
1658 3547 2 17 93 O 30
1328 1331 2 22 121 O 30
1331 1332 2 23 124 O 20
1345 1346 2 24 129 O 30
1346 1347 2 11 56 O 20
1341 1343 2 44 243 O 20
1343 1344 2 11 58 O 30
1344 3116 2 12 64 M 20
3116 1345 2 26 141 O 10
1345 1349 2 17 93 O 30
1349 5167 2 12 64 O 30
5167 1351 2 3 12 O 30
1659 3979 2 48 261 O 30
3979 1368 2 37 202 O 20
1238 1239 2 59 323 O 10
1239 1240 2 84 462 M 10
1240 3505 2 52 287 O 10
5417 67 2 16 87 O 10
67 3737 2 2 10 O 20
3737 4398 2 7 36 O 20
4398 4400 2 7 35 M 30
4400 2048 2 2 7 O 10
2048 4345 2 13 68 O 20
4345 1222 2 7 35 O 10
1222 1216 2 34 187 O 30
1216 1213 2 34 184 O 20
1213 49 2 34 188 O 20
49 1211 2 34 184 M 10
1211 1426 2 15 78 O 20
3697 1395 2 71 392 O 10
1395 1396 2 67 371 M 20
3696 1520 2 58 317 O 20
1394 3697 2 16 86 M 20
3697 3694 2 19 100 O 30
3694 3695 2 17 90 O 10
3695 3696 2 12 63 O 10
3696 3693 2 19 104 O 20
3693 1394 2 17 93 O 30
1391 1389 2 35 193 O 10
1389 1392 2 21 113 M 30
1392 1393 2 14 77 O 20
1393 3693 2 57 312 O 10
1378 1375 2 23 124 O 20
1375 1372 2 23 127 O 30
1384 1385 2 53 291 M 10
1385 1383 2 51 280 O 20
1370 1371 2 47 259 M 20
1371 1372 2 8 43 O 30
1372 1373 2 54 299 O 20
1371 1391 2 24 129 O 20
1391 1379 2 23 124 O 20
4082 3994 1 4 17 O 20
3994 885 1 6 31 O 10
885 2734 1 33 181 O 30
1848 1856 2 60 332 O 20
1856 1862 2 34 189 O 20
1862 1860 2 59 328 M 30
1860 1549 2 81 446 O 10
1549 1709 2 39 214 O 10
1709 3422 2 84 463 M 20
3760 538 2 6 31 O 30
538 4282 2 5 22 O 20
4282 2339 2 2 9 O 30
2339 2404 2 7 36 O 30
2404 2398 2 8 43 O 20
2398 2346 2 15 79 O 20
2346 3401 2 12 64 O 30
3401 2355 2 3 14 O 30
2355 2361 2 16 87 O 30
2361 3778 2 11 59 O 20
1707 1708 2 23 0 C 0
1710 3990 2 7 39 O 10
3990 3516 2 6 32 O 20
3516 238 2 20 111 O 30
238 3988 2 9 47 O 30
3988 3502 2 55 302 O 30
3502 1861 2 3 14 O 20
1861 1862 2 79 436 O 10
1709 1711 2 43 235 O 10
1712 1711 2 17 94 O 10
1711 3388 2 50 275 O 30
643 2303 2 5 26 O 30
2303 2302 2 37 204 M 30
2302 2323 2 38 206 O 20
2323 1714 2 13 71 O 20
701 5234 2 15 78 O 10
5234 2377 2 45 245 O 20
2377 2378 2 37 204 O 30
2378 2381 2 37 204 M 20
2381 4337 2 32 173 O 20
4337 2401 2 6 31 O 10
2401 1563 1 9 48 O 10
1563 1566 1 5 24 M 10
700 640 2 10 54 O 20
2377 2386 2 15 79 O 20
2386 1791 2 10 51 O 10
2366 2365 2 36 196 O 30
2365 2364 2 37 205 O 20
2364 3747 2 34 188 O 20
1715 2375 2 25 138 O 20
2375 2374 2 37 205 O 30
2374 2372 2 37 204 O 30
2372 2373 2 37 204 O 10
2382 2380 2 37 204 M 10
2380 2379 2 37 204 O 10
2379 2376 2 37 205 O 20
2376 1716 2 26 140 O 10
1717 3549 2 25 133 M 20
1718 2368 2 29 160 O 30
2368 2369 2 37 205 O 10
2369 2370 2 37 204 O 30
2370 2371 2 37 204 M 30
1719 2391 2 22 118 O 10
2391 2390 2 37 205 O 10
3024 3023 2 11 56 O 10
1720 2393 2 28 151 O 20
1721 1722 2 31 168 M 30
1722 1723 2 37 204 O 20
4123 1052 2 14 76 M 20
1052 2389 2 59 326 O 10
2389 701 2 3 14 M 20
1049 1050 2 36 196 O 20
1050 959 2 78 429 O 30
959 2571 2 20 108 O 10
2571 956 2 6 30 O 20
1051 4105 2 6 31 O 10
4105 1007 2 1 1 O 30
1007 2469 2 11 57 O 30
1061 918 2 54 298 M 30
1122 5394 2 9 48 O 30
5394 1012 2 13 71 O 30
1012 1011 2 21 112 O 10
1011 4231 2 19 102 O 30
916 917 2 30 0 C 0
917 918 2 22 0 C 0
918 912 2 21 111 M 30
912 919 2 55 304 O 20
919 920 2 46 253 O 20
920 2294 2 20 108 O 30
2294 921 2 38 208 O 20
921 2765 2 36 199 O 10
3858 2273 2 32 176 O 30
2273 2272 2 10 53 O 10
2272 147 2 3 14 M 20
147 1063 2 15 81 M 20
1063 1064 2 15 81 M 30
1065 2215 2 21 114 M 20
2215 1579 2 3 11 O 30
1579 2194 2 3 15 O 10
2194 1068 2 23 123 O 20
1063 1066 2 14 75 O 20
1066 1065 2 15 78 O 30
2195 5232 1 11 60 O 30
1105 1102 2 24 129 O 30
1102 1104 2 57 0 C 0
1104 1106 2 18 0 C 0
1072 1097 2 57 0 C 0
3888 1076 2 13 67 O 30
1093 2889 2 46 252 O 30
2889 1092 2 7 35 O 10
1092 3842 2 16 83 M 20
3842 812 2 3 11 O 20
812 2079 2 3 16 O 10
1025 1026 2 18 96 O 10
1026 1027 2 57 316 M 20
1027 2231 2 26 139 O 10
2212 1867 2 12 64 O 30
1867 958 2 15 80 M 20
958 1049 2 25 136 M 20
1049 1080 2 16 88 M 10
1080 1085 2 33 180 O 30
1085 1056 2 32 176 O 10
1056 621 2 10 55 O 30
621 1079 2 23 125 O 20
1079 1078 2 33 178 O 20
1078 3448 2 29 156 O 20
3448 924 2 2 8 O 30
1114 4096 2 24 131 O 20
4096 1115 2 2 8 O 20
1114 1121 2 47 260 O 10
3309 5165 2 5 0 C 0
5165 1183 2 16 0 C 0
1183 1184 2 48 0 C 0
1184 1179 2 5 0 C 0
1179 2228 2 16 0 C 0
1204 1761 2 41 224 O 30
1761 1760 2 17 90 O 10
1760 3521 2 48 265 O 20
3521 1759 2 2 8 O 20
1759 4129 2 28 154 O 30
4129 4138 2 1 4 O 20
4138 3517 2 5 23 O 30
1120 1116 2 22 119 O 20
1116 1141 2 27 146 O 20
1141 1994 2 22 122 O 10
1994 1127 2 21 116 O 20
1127 1142 2 48 262 O 20
1142 1202 2 20 108 O 30
1202 1760 2 19 104 M 10
1760 1203 2 8 44 O 10
703 582 2 16 85 O 30
716 3524 2 25 136 M 20
3521 711 2 39 214 O 30
711 1762 2 46 253 O 30
1762 712 2 14 74 O 30
2278 714 2 21 113 M 30
714 715 2 32 177 M 20
2278 713 2 24 130 M 30
713 2291 2 38 210 O 30
1275 1286 2 20 110 O 30
1286 3068 2 19 104 O 10
3068 1174 2 11 58 O 30
2038 2410 1 7 39 O 20
2410 1790 1 3 15 O 20
1790 2039 1 4 21 O 20
1129 1201 1 39 214 O 20
1791 2387 2 5 24 O 10
2387 3522 2 24 128 O 10
3522 2388 2 19 104 M 20
2388 708 2 20 109 O 10
708 711 2 20 111 O 10
711 1203 2 25 135 O 20
1793 3050 1 11 0 C 0
3050 1885 1 10 0 C 0
1885 1792 1 3 0 C 0
1993 4372 1 9 45 O 20
4372 4375 1 12 62 O 10
4375 1115 1 4 18 O 30
1205 2476 1 20 0 C 0
31 1809 2 15 81 O 20
1809 1810 2 21 113 O 10
1800 1801 2 26 141 O 30
2222 2223 2 4 21 O 30
2223 1802 2 13 71 M 20
1803 1804 2 10 54 O 30
1478 1597 2 10 52 O 20
1597 1595 2 45 247 O 30
1601 1600 2 37 204 O 30
1805 4084 2 7 35 O 20
4084 1596 2 12 63 O 10
1596 1594 2 27 145 O 10
1808 1809 2 11 59 M 20
1811 1812 2 12 63 O 10
2221 5337 2 16 88 O 30
5337 1481 2 72 399 O 20
1852 2046 1 2 9 O 10
2046 1886 1 22 119 O 20
1886 2258 1 33 178 O 10
2258 1464 1 6 32 O 10
1464 1817 2 27 145 O 10
1817 1864 2 19 102 O 20
1864 1865 2 34 188 M 30
1865 3308 2 31 0 C 0
1883 855 2 4 19 M 30
855 850 2 6 32 O 10
850 5249 2 15 81 M 30
5249 1884 2 12 62 O 10
1854 1851 1 7 36 O 20
1467 3296 2 68 374 O 30
3296 3299 2 30 0 C 0
1886 1887 2 10 52 O 20
1888 1889 2 11 57 O 20
1892 1889 2 9 47 O 10
1889 1887 2 4 20 O 10
1887 1890 2 26 142 O 30
1891 1890 2 10 52 O 30
1890 1893 2 11 56 O 10
1187 1188 2 25 0 C 0
1188 1189 2 25 0 C 0
1189 1190 2 45 0 C 0
1190 1191 2 80 442 O 30
1191 2484 2 29 160 O 10
1894 1529 2 5 25 O 10
1531 5214 2 14 75 O 10
5214 2890 2 2 10 O 20
2890 5206 2 11 57 O 10
5206 1532 2 9 45 M 10
1214 1215 2 39 212 M 10
1215 2256 2 16 85 O 10
1896 1434 2 20 109 O 30
1434 369 2 6 32 O 20
2555 4606 2 23 123 O 10
4606 5039 2 22 118 O 20
5039 5041 2 1 4 O 10
5041 1934 2 37 202 O 20
1934 1936 2 25 139 O 10
1899 1900 2 18 95 O 10
1922 3980 2 2 7 O 10
3980 1923 2 5 28 O 30
1923 1877 2 11 59 M 20
1877 72 2 31 170 O 20
72 1924 2 12 62 O 20
1924 945 2 15 79 O 10
2061 2665 1 25 137 O 10
1938 1939 1 45 247 O 20
1942 1941 2 10 54 O 30
2051 2052 1 3 16 O 30
2056 4593 1 50 0 C 0
2054 1955 1 13 70 O 20
1764 1913 1 6 30 O 30
1913 1914 1 39 213 M 10
2070 2071 1 14 74 O 10
2072 1958 1 18 95 M 30
5352 5348 2 27 0 C 0
584 4210 2 139 771 O 30
4210 1741 2 3 15 O 20
2666 2077 1 5 24 M 30
2077 2667 1 5 24 O 10
2065 4990 1 19 101 O 30
4990 1765 1 20 110 O 30
2610 4770 2 44 242 O 10
4770 49 2 19 104 O 30
49 206 2 6 30 M 20
206 2608 2 5 26 O 30
2608 4688 2 8 40 O 20
4688 1206 2 37 203 O 30
2239 4894 2 12 62 O 20
4894 3712 2 6 32 O 10
3712 4890 2 3 13 O 10
4890 2263 2 12 66 O 10
2263 4825 2 15 79 O 10
4825 3711 2 9 47 O 10
3711 4884 2 11 59 O 20
4884 4820 2 7 34 O 20
4820 3710 2 3 13 O 30
3710 4815 2 5 26 O 30
4815 2670 2 11 56 O 10
1306 2100 2 5 23 M 10
2100 1982 2 6 29 O 30
1151 220 1 35 0 C 0
2168 2112 1 24 0 C 0
2112 2167 1 35 0 C 0
2202 2200 1 35 0 C 0
2200 2058 1 4 0 C 0
2058 2201 1 16 0 C 0
2201 5044 1 24 0 C 0
5044 2538 1 25 0 C 0
1948 2204 1 15 80 M 30
254 2001 1 5 24 O 10
2205 2206 1 3 16 O 30
3716 2958 1 11 59 O 30
2958 3718 1 8 40 O 30
3718 1779 1 11 57 M 20
1779 1751 1 19 103 O 20
2784 45 2 12 66 O 20
2408 3520 1 8 43 O 20
3520 2038 1 2 9 O 20
2409 532 1 3 13 O 10
532 3519 1 7 36 O 20
3519 3520 1 2 8 O 10
2409 4173 2 31 168 O 10
4173 4178 2 2 7 M 30
4178 1758 2 16 88 O 10
1758 1202 2 50 274 O 20
1202 1204 2 53 292 M 30
1204 1180 2 30 166 O 30
1180 1200 2 62 342 M 20
2038 2039 1 2 8 O 30
2039 2483 1 4 21 O 30
2483 2409 1 5 22 O 10
2410 3518 2 14 75 O 30
3518 4139 2 2 6 M 20
4139 702 2 4 22 O 10
702 3517 2 2 9 O 20
3517 4130 2 5 26 O 30
4130 708 2 55 304 O 30
708 3526 2 45 247 O 30
2039 3519 1 2 10 M 10
3519 2408 1 8 43 O 30
1425 2992 2 3 16 O 30
1425 1534 2 21 115 O 10
1534 1394 2 14 77 O 30
4467 5043 2 22 119 O 10
5043 12 2 23 0 C 0
12 4468 2 15 0 C 0
4468 4469 2 44 0 C 0
4227 4097 1 28 154 O 30
4097 4228 1 7 35 O 30
1369 4341 2 5 23 O 20
4343 4344 2 59 323 O 20
4460 4459 2 39 216 O 20
4608 3190 2 9 45 O 10
3190 1853 2 5 25 O 30
4607 4608 2 7 36 O 10
1990 1989 1 24 130 O 20
1989 4609 1 5 24 M 20
4610 4612 1 9 46 O 20
1558 4622 1 10 52 O 20
4622 2833 1 119 661 M 20
4611 1763 1 7 39 O 10
1852 2813 1 13 68 O 10
4622 5185 1 18 97 M 30
5185 2834 1 102 562 M 30
4462 4467 2 25 135 O 30
4467 2552 2 15 80 O 10
1121 5394 1 10 52 O 10
5411 4500 2 13 67 O 30
4500 1937 2 59 327 O 30
683 685 2 11 61 O 30
663 670 2 7 36 O 30
4213 4212 2 8 40 O 30
673 2901 2 12 63 O 30
684 4213 2 3 12 O 20
695 666 2 16 85 O 10
667 668 2 11 60 O 20
668 685 2 4 18 M 20
685 670 2 3 15 O 30
670 666 2 4 18 O 10
1436 2896 2 13 72 O 10
2896 688 2 19 105 M 10
688 677 2 5 24 O 30
688 667 2 9 46 O 30
672 53 2 3 15 M 20
4224 4219 2 11 59 M 20
3287 677 1 3 11 M 10
681 686 1 1 4 O 10
686 2900 1 3 15 O 20
2900 696 1 2 7 O 10
696 687 1 3 13 O 10
687 681 1 1 4 O 30
691 679 1 1 5 M 10
679 678 1 1 3 O 30
678 680 1 2 7 M 10
680 689 1 3 14 O 10
689 3287 1 2 10 O 20
3287 691 1 1 5 M 20
2073 4452 2 16 84 O 30
4452 2075 2 10 55 O 30
667 3801 2 4 17 O 20
3801 4342 2 2 6 O 10
690 696 2 4 20 O 30
725 2762 2 5 28 O 30
726 3542 2 9 45 M 10
678 4353 2 8 41 M 30
4353 4351 2 4 17 O 30
4351 730 2 6 29 O 10
672 2073 2 5 23 O 30
728 4352 2 3 14 O 20
4352 727 2 4 17 M 10
727 731 2 6 33 O 30
731 728 2 8 42 O 20
730 729 2 6 33 O 10
729 731 2 3 16 M 20
680 4342 1 2 11 O 30
4342 694 1 2 10 O 30
727 730 2 3 15 O 20
694 690 2 6 32 O 10
1757 329 2 1 3 M 30
329 4216 2 5 25 O 10
4216 4223 2 4 19 O 20
4223 4222 2 4 18 O 10
4222 693 2 4 19 O 30
693 4221 2 4 18 O 20
4221 4220 2 3 15 O 30
4220 4219 2 4 17 M 10
4219 4218 2 3 16 O 30
4218 5096 2 3 14 O 10
5096 5099 2 3 15 O 30
5099 1436 2 7 35 M 20
677 679 1 2 11 O 10
686 672 2 1 5 O 30
1619 734 2 6 33 M 20
734 735 2 4 18 O 20
735 2059 2 2 11 O 10
2059 733 2 3 13 O 20
733 4350 2 13 68 O 30
4350 4349 2 5 23 O 10
4349 741 2 4 19 O 20
741 4348 2 4 17 O 30
4348 736 2 4 18 O 20
736 3995 2 8 43 O 20
3995 738 2 3 17 O 30
738 4347 2 2 10 O 30
4347 739 2 2 7 O 20
739 734 2 3 16 O 20
736 738 2 6 30 O 10
4348 739 2 6 31 O 30
1687 740 2 4 18 O 10
740 737 2 23 126 O 20
4350 5421 2 4 17 O 20
5421 733 2 4 17 O 20
741 734 2 6 33 M 10
4349 735 2 7 34 M 10
747 2546 2 3 11 M 30
742 749 2 4 22 O 10
749 2544 2 12 67 O 10
751 745 2 5 24 O 20
745 746 2 5 23 O 20
756 753 2 8 44 O 10
752 758 2 4 21 O 30
759 752 2 9 49 M 20
752 754 2 3 16 O 10
759 758 2 5 27 O 20
758 757 2 4 17 O 30
760 757 2 2 7 O 10
757 753 2 5 24 O 30
753 755 2 3 13 O 30
4135 4208 1 7 34 O 30
4208 763 1 11 60 O 30
767 764 2 2 9 M 10
764 763 2 6 33 O 20
765 762 2 3 11 O 10
764 762 2 3 15 O 20
763 4209 1 7 38 O 30
4209 4134 1 7 35 M 30
3975 990 2 29 158 O 20
990 4152 2 17 92 O 20
4152 991 2 16 86 O 30
991 951 2 12 63 O 10
951 4108 2 5 26 O 30
4108 992 2 6 28 O 20
992 292 2 26 143 O 20
292 4094 2 3 16 O 10
4094 4093 2 30 164 O 20
4093 4091 2 6 33 O 10
4091 2144 2 3 13 M 20
766 762 1 7 36 O 20
774 781 1 8 42 O 20
780 768 2 2 6 O 10
768 769 2 2 9 M 10
3744 769 2 2 9 O 30
769 781 2 6 31 O 20
772 778 2 3 12 O 30
771 774 1 21 116 O 20
773 776 2 3 17 M 30
770 775 2 3 16 O 20
768 779 2 8 43 O 30
777 3744 2 13 71 O 20
782 785 2 11 56 O 20
784 788 2 10 55 M 10
787 783 2 10 55 O 30
786 791 2 10 55 O 10
792 794 2 19 103 O 20
794 5422 2 2 10 M 30
5422 792 2 2 10 M 30
887 2886 2 12 67 M 20
788 796 2 4 18 O 20
796 791 2 4 20 O 30
791 783 2 4 18 M 10
783 790 2 4 19 O 30
790 785 2 4 19 O 20
785 789 2 13 68 O 30
789 782 2 4 17 O 30
782 793 2 4 19 M 10
793 787 2 4 19 O 30
787 786 2 4 19 O 10
786 795 2 4 20 M 20
795 784 2 4 18 O 10
784 792 2 4 19 M 10
793 790 2 10 55 M 30
795 796 2 10 55 O 10
3840 799 1 9 49 O 10
805 811 2 15 81 O 10
806 805 2 3 12 O 20
805 5423 2 2 11 M 30
5423 811 2 2 11 O 10
811 800 2 6 33 O 10
800 810 2 10 52 M 10
799 804 1 8 43 O 20
803 3839 1 4 19 O 20
812 804 2 2 7 O 20
801 809 2 7 35 O 30
2889 809 2 3 15 O 20
809 806 2 9 45 M 30
806 810 2 4 17 O 20
810 802 2 3 17 O 30
802 922 2 4 19 O 30
807 800 2 3 15 O 10
748 2080 2 3 13 O 20
808 807 2 6 30 M 20
807 802 2 10 53 O 30
824 827 2 4 18 M 30
827 820 2 12 66 M 30
817 3742 1 8 40 O 30
3743 3084 2 13 67 O 20
822 816 2 2 10 O 10
821 815 1 1 2 M 30
826 820 1 4 18 M 20
820 823 1 4 18 O 10
813 826 1 7 36 O 10
822 3739 1 2 7 M 30
827 826 2 10 53 M 20
816 3739 1 17 94 M 10
826 814 2 4 17 O 20
364 3700 2 15 81 O 30
834 3701 1 7 35 O 20
836 832 2 21 113 O 10
832 2890 2 4 18 M 30
833 364 2 7 35 M 20
364 832 2 17 94 O 30
838 839 1 13 71 O 10
2092 2087 1 5 24 M 20
2091 433 2 2 10 O 20
433 432 2 3 15 O 30
432 839 2 19 102 O 20
839 840 2 2 6 M 30
840 843 2 4 17 O 30
843 2092 2 13 67 O 20
841 844 2 5 25 O 30
1474 614 2 60 0 C 0
614 5396 2 2 0 C 0
846 847 1 10 54 O 10
845 848 2 3 15 M 10
847 845 2 23 127 O 10
857 852 2 8 41 O 10
1824 851 2 4 17 O 20
851 857 2 7 34 M 10
857 856 2 2 9 M 20
850 858 2 5 28 O 30
858 852 2 20 107 O 20
852 854 2 2 8 O 10
853 858 2 21 115 O 30
851 855 2 18 97 O 20
859 866 2 7 37 O 10
862 864 2 8 42 O 30
867 865 1 6 28 O 10
861 867 2 5 26 O 10
860 862 1 25 138 O 30
2090 866 2 4 21 O 10
866 863 2 6 29 O 20
863 860 2 2 7 O 30
860 864 2 3 14 O 10
863 861 2 20 109 M 20
868 867 1 6 32 O 30
2089 2090 2 24 129 O 30
869 870 2 12 65 O 10
828 870 2 3 16 O 10
870 871 2 4 22 O 30
871 869 2 4 21 M 30
869 1243 2 8 42 O 30
880 873 2 15 82 O 20
876 875 2 2 11 O 10
880 879 2 3 12 O 30
879 873 2 8 40 O 20
4156 872 2 5 23 O 10
882 877 2 10 52 O 30
874 872 2 2 11 O 10
897 1397 2 2 8 O 20
1397 1398 2 50 276 M 30
1398 1399 2 21 116 O 10
1399 1400 2 20 108 O 30
1400 1401 2 51 283 M 20
1401 1402 2 36 196 M 30
1402 1403 2 21 113 M 30
1403 1404 2 16 88 O 20
1404 1405 2 22 119 O 30
1405 1406 2 22 121 O 10
1406 1407 2 22 119 M 30
1407 346 2 23 124 M 30
346 2427 2 8 42 M 10
3737 2107 1 13 68 M 20
2107 2106 1 5 25 O 30
2106 2915 1 18 95 O 20
2915 895 1 37 203 O 30
895 893 1 3 13 O 10
893 3731 1 25 136 O 30
3731 892 1 2 9 O 30
892 890 1 10 54 O 10
890 2945 1 16 84 O 30
2945 2719 1 11 57 M 10
884 4083 1 13 70 M 30
4083 4393 1 2 7 O 20
4393 1615 1 3 12 M 20
1614 4393 1 17 92 M 30
4393 3994 1 3 15 O 30
892 306 1 12 61 O 20
306 307 1 1 5 O 10
307 889 1 14 74 O 10
890 891 1 3 16 O 30
47 1536 2 14 76 O 20
1536 1395 2 20 106 M 30
1395 1519 2 19 105 O 10
1519 48 2 19 104 O 20
48 1523 2 15 81 M 30
2792 2790 1 4 19 O 10
894 897 1 26 141 O 20
897 47 1 14 77 M 30
886 885 1 7 37 M 30
1185 2226 2 2 0 C 0
2226 2229 2 4 0 C 0
2229 4388 2 34 0 C 0
4388 1186 2 1 0 C 0
1564 649 1 3 16 O 10
649 1565 1 4 21 O 10
1566 5408 2 11 61 M 10
5408 5316 2 11 57 M 20
5316 204 2 3 14 O 30
1564 2401 1 10 54 O 20
1953 1997 1 6 31 O 20
2536 1964 1 5 26 M 20
1932 1968 1 2 10 O 30
1965 3407 1 15 82 M 10
1567 5115 1 8 40 O 10
5115 5112 1 4 17 O 10
5112 3709 1 5 27 O 30
3709 2803 1 5 26 O 20
2803 1953 1 5 25 O 30
1957 1958 1 10 52 O 20
1958 1959 1 55 303 O 20
1950 2003 1 4 18 O 20
1948 255 1 7 37 M 20
694 3801 1 2 11 O 10
3801 689 1 2 8 O 10
1541 1542 2 45 245 O 10
1540 1541 2 14 77 O 10
1541 1626 2 12 64 O 10
1640 1573 1 6 31 O 20
1636 1637 1 10 51 O 20
1637 1638 1 3 14 O 30
1638 1639 1 9 46 O 30
1639 1640 1 12 66 O 30
1644 1648 2 31 171 O 20
1675 1672 2 44 241 O 30
1672 1668 2 66 362 O 10
1679 1681 2 28 152 O 20
1681 1682 2 14 76 O 20
1682 1683 2 15 78 O 20
1683 1684 2 15 79 O 20
1684 1648 2 14 78 M 10
1648 1685 2 14 77 O 20
1685 1706 2 13 69 M 20
1681 1678 2 51 282 O 30
1669 1670 2 6 32 O 10
1670 1688 2 15 78 O 10
1688 1671 2 3 13 O 20
1671 1689 2 11 60 O 10
1689 1693 2 14 78 M 30
1693 1695 2 17 93 O 10
1695 1698 2 8 42 O 30
1698 1702 2 43 239 O 30
1702 1704 2 18 96 O 30
1704 1725 2 20 106 M 10
1725 1686 2 22 122 O 20
1660 1661 2 8 39 M 30
1670 1674 2 65 360 O 10
1674 1677 2 27 148 O 10
1677 1679 2 24 132 M 10
1684 1643 2 39 212 O 20
1683 1642 2 47 256 O 20
1676 1692 2 15 78 O 20
1692 1691 2 15 80 M 20
1691 1671 2 29 158 O 10
1682 1641 2 51 281 M 20
1632 1630 2 51 280 O 10
1630 1663 2 48 262 M 30
1685 1645 2 24 131 O 30
1673 1633 2 43 237 O 10
1633 1667 2 61 336 O 20
1661 1628 2 38 210 O 30
1628 1571 2 51 281 M 20
1634 1631 2 51 280 O 30
1631 1664 2 52 288 O 10
1665 1666 2 3 11 O 20
1677 1680 2 24 131 O 10
1701 1702 2 33 181 O 20
1695 5253 2 20 109 O 20
5253 1696 2 2 7 O 30
1697 1691 2 41 226 O 10
1703 1704 2 26 144 O 10
1700 1699 2 17 91 O 10
1699 1697 2 15 82 O 30
1697 1698 2 3 12 O 20
1688 1690 2 44 241 O 20
1690 1694 2 15 81 O 20
1694 3727 2 15 80 O 30
1694 1693 2 35 194 O 20
1692 1699 2 38 210 O 20
1705 1646 2 4 22 O 10
1689 1690 2 37 202 O 30
1686 1647 2 9 46 O 10
1724 1726 2 20 109 O 10
1727 1725 2 4 20 M 10
25 21 2 14 78 M 20
1729 1731 2 8 42 O 20
1731 1734 2 11 58 M 30
1736 1735 2 5 25 M 10
1735 1734 2 4 22 M 20
1686 1730 2 4 20 O 20
1730 1731 2 4 18 O 30
1728 1729 2 10 51 O 20
1729 1730 2 5 26 O 20
1730 1732 2 4 20 O 10
1733 1735 2 8 40 O 10
1728 1727 2 8 44 O 30
1727 1724 2 8 41 O 10
1724 1728 2 14 73 O 20
1737 3745 1 11 61 O 10
3745 1738 1 2 10 M 30
1743 1742 1 4 18 O 20
1744 1745 1 10 52 O 30
1746 1747 1 2 11 O 20
1751 1748 1 16 84 O 30
2208 1752 1 5 27 M 10
4210 1753 1 6 33 O 10
1753 1754 1 8 44 M 10
1755 1756 1 6 32 O 10
1755 1752 2 6 30 O 10
1752 1754 2 3 13 O 30
1757 1743 1 6 33 O 20
2067 5002 2 24 132 O 30
5002 5118 2 18 96 O 30
5118 5117 2 18 100 M 20
5117 5364 2 10 53 O 30
5364 1245 2 58 317 O 30
2740 3714 2 6 31 O 10
3714 583 2 5 26 O 20
583 1919 2 13 71 O 10
1919 4804 2 9 45 M 10
4804 2741 2 15 82 O 10
1751 1747 1 10 51 O 20
1569 1781 1 6 28 O 30
1781 2220 1 42 228 M 10
1780 1782 1 14 73 O 30
1782 1623 1 3 13 M 20
51 1746 1 2 11 M 30
1588 1587 1 3 0 C 0
1775 1772 2 27 147 O 10
1748 1749 1 3 13 O 10
1749 2548 1 7 34 O 20
2549 1741 1 8 43 M 10
1741 1744 1 5 25 O 10
1744 2210 1 8 43 O 20
1795 4110 2 17 94 O 20
1799 1798 1 14 73 O 30
1797 1799 2 6 0 C 0
1146 2505 2 11 59 O 30
1114 273 2 10 55 O 30
273 1013 2 22 121 O 10
1013 4231 2 100 552 O 30
1770 1 2 69 382 O 30
5341 2686 2 11 59 O 10
2686 1608 2 4 19 O 30
1871 1872 2 20 107 O 30
1870 1032 2 30 164 O 20
1032 1871 2 25 137 O 30
1280 1281 2 21 114 M 10
1281 1282 2 17 94 O 20
1995 1996 2 4 18 O 30
2002 1929 1 13 67 M 10
1997 2001 1 11 59 O 20
2000 1999 1 11 56 O 20
1998 2003 1 12 62 O 20
2711 2749 1 7 37 M 10
1617 2010 1 3 12 O 10
2010 1516 1 22 117 O 10
1516 1396 1 10 55 O 30
1396 2712 1 13 71 O 20
2018 2008 1 9 45 M 30
2018 228 1 7 36 M 30
2016 2005 1 19 102 O 10
2005 2015 1 11 56 O 10
2015 2004 1 14 77 M 10
2014 2019 1 22 117 O 10
233 2755 1 4 21 M 20
2755 2752 1 14 77 O 30
2752 1484 1 17 90 O 10
1484 891 1 3 13 O 20
891 4766 1 1 2 O 20
4766 4761 1 16 85 O 10
4761 4759 1 3 13 O 10
4759 2789 1 1 5 O 10
1907 1908 1 9 45 O 10
2025 2023 2 4 17 O 10
4587 2026 2 88 484 O 10
2029 1253 2 39 214 M 10
1253 1254 2 19 103 O 30
1254 1255 2 45 248 O 20
2034 2036 2 7 34 O 30
2030 2033 2 2 11 O 10
2035 2033 2 10 51 M 30
2033 2037 2 7 36 O 30
1253 459 2 26 144 O 20
459 2031 2 3 11 O 20
2043 2040 2 2 6 O 20
2042 1876 2 2 8 M 30
1876 2041 2 3 11 O 10
4617 1876 2 4 19 O 10
1876 2043 2 4 20 M 10
2043 2044 2 2 10 O 10
2046 565 2 17 94 O 20
565 2045 2 3 13 M 20
1422 1815 1 13 72 O 10
3810 2053 2 14 77 O 20
664 2894 2 2 8 O 10
3552 3560 1 3 13 O 20
2027 5242 2 6 28 O 20
5242 2348 2 33 178 O 30
2348 2347 2 37 204 M 10
2347 2346 2 37 204 M 20
2059 2060 2 5 23 O 10
927 1089 2 32 177 O 20
927 2421 2 12 64 O 30
1089 3471 2 29 156 O 10
1087 644 2 24 130 O 30
644 927 2 9 48 M 30
1086 4379 2 13 67 O 10
4379 4380 2 7 34 O 10
4380 989 2 66 362 O 30
989 935 2 84 461 M 20
1086 4377 2 7 36 O 10
4377 4381 2 6 31 O 10
4381 1087 2 20 111 O 30
1055 4323 2 9 46 O 30
4323 5293 2 2 9 M 30
5293 3841 2 7 38 O 30
3841 1086 2 16 85 M 30
963 5026 2 19 105 M 10
5026 964 2 14 74 O 20
964 965 2 33 178 O 30
965 5280 2 21 112 M 10
5280 5282 2 2 7 O 10
5282 926 2 11 59 O 10
926 966 2 32 178 O 20
966 4697 2 17 93 O 20
4697 3465 2 11 57 M 20
4476 2051 1 61 334 O 10
4593 4590 1 8 0 C 0
2176 2177 1 14 0 C 0
2177 2178 1 15 0 C 0
2178 2172 1 15 0 C 0
2172 2173 1 14 0 C 0
2173 2174 1 15 0 C 0
2174 2175 1 15 0 C 0
4592 4799 2 30 164 O 20
4799 4797 2 1 4 O 20
4797 1270 2 19 101 M 20
2180 1269 2 49 0 C 0
4591 4571 2 40 218 O 10
2180 2076 1 8 0 C 0
1298 4247 2 8 0 C 0
4247 4246 2 5 0 C 0
4246 1293 2 3 0 C 0
1294 1295 2 14 75 O 10
1293 1292 2 15 0 C 0
1292 1290 2 14 0 C 0
1290 4662 2 6 0 C 0
4662 1289 2 9 0 C 0
1289 1288 2 15 0 C 0
1273 4404 2 15 0 C 0
4404 2109 2 15 0 C 0
1274 1275 2 11 58 O 30
1275 4564 2 10 52 O 10
4564 4653 2 10 54 M 10
4653 4563 2 5 25 O 30
4563 2513 2 19 105 O 30
2513 2095 2 4 21 O 20
2095 2512 2 4 19 O 30
2512 4547 2 12 61 O 20
4547 5050 2 30 163 M 30
5050 1276 2 10 55 O 10
1276 1265 2 34 186 O 20
1303 2109 2 4 0 C 0
1288 1303 2 15 0 C 0
2096 3065 2 5 27 O 30
4550 4551 2 13 71 M 20
4551 4552 2 4 21 O 30
4552 4565 2 45 244 M 30
4565 2026 2 21 111 M 30
2026 4519 2 20 111 M 30
4519 4566 2 47 258 O 30
4566 4567 2 18 97 O 20
4567 4568 2 12 64 O 30
1787 2268 2 6 33 O 10
2268 3317 2 28 151 O 10
3317 1235 2 15 80 O 30
1235 2605 2 61 339 O 10
1094 910 2 26 140 O 30
910 3913 2 11 58 O 30
3913 3853 2 9 50 O 20
2082 2083 2 11 59 O 10
2083 3453 2 8 42 O 10
2099 2100 1 9 45 O 20
2101 586 2 6 31 M 20
586 1981 2 50 274 O 30
1981 1441 2 46 253 O 30
1441 1650 2 14 73 O 30
1650 1442 2 14 76 O 30
1442 1443 2 14 77 O 20
1443 1977 2 17 92 M 30
2435 2195 1 53 293 O 10
2195 3087 1 9 45 M 30
3087 3124 1 10 52 O 30
3124 1101 1 8 42 O 20
1101 2436 1 13 72 O 20
2477 1205 1 105 0 C 0
4088 2121 1 1 0 C 0
2121 2120 1 3 0 C 0
2120 2113 1 1 0 C 0
2113 2114 1 3 0 C 0
2114 2115 1 1 0 C 0
2117 2116 1 1 0 C 0
2119 2117 1 5 0 C 0
2115 2119 1 6 0 C 0
2124 1156 2 3 0 C 0
2118 4088 1 4 0 C 0
2116 2118 1 4 0 C 0
2123 2963 2 21 0 C 0
2963 4085 2 20 0 C 0
2128 2124 1 2 0 C 0
2124 2125 1 2 0 C 0
2125 4086 1 2 0 C 0
4086 2123 1 1 0 C 0
2123 2126 1 2 0 C 0
2126 2127 1 3 0 C 0
2127 2128 1 2 0 C 0
2130 2131 2 21 0 C 0
2126 2138 1 14 0 C 0
2138 2132 1 11 0 C 0
2132 2133 1 18 0 C 0
2133 2134 1 3 0 C 0
2134 140 1 5 0 C 0
140 136 1 5 0 C 0
2132 2135 2 17 0 C 0
2135 2136 2 4 17 O 30
2135 2137 2 22 119 O 30
2146 1988 2 2 10 O 10
2146 2145 1 4 19 O 30
2145 2150 1 4 20 O 10
2144 2149 1 7 36 O 20
2148 2144 1 6 30 O 20
2151 2150 1 1 5 M 10
2145 2143 1 5 24 O 20
2103 1277 2 9 46 O 10
1277 2602 2 43 234 O 20
2602 2599 2 8 42 O 10
2599 1173 2 8 43 M 30
2103 2157 1 14 76 M 20
4536 4515 2 15 80 O 30
4515 4538 2 34 185 M 20
2614 2619 1 4 21 O 30
2619 2155 1 9 45 O 10
2155 2156 1 12 66 O 30
2156 2159 1 6 31 O 30
2509 2153 1 6 32 O 30
2153 2510 1 3 16 O 10
4537 2157 1 4 20 M 30
4537 2103 1 12 63 O 30
2152 2620 1 32 173 O 30
2507 2158 1 10 55 O 20
2159 2154 1 4 18 O 10
2154 628 1 10 55 M 20
628 626 1 6 30 O 10
626 3949 1 9 48 M 10
3949 516 1 25 134 O 10
516 192 1 30 167 M 30
192 2621 1 8 40 O 20
2160 2161 1 3 16 M 20
2161 2162 1 5 22 O 30
2161 2163 2 21 116 O 20
2164 2165 1 4 20 O 30
2166 2164 1 4 21 O 30
2211 2212 2 3 13 M 20
1874 1018 2 25 135 M 20
1018 159 2 9 46 O 10
159 3010 2 7 34 M 30
3010 1873 2 2 9 O 30
1873 1025 2 47 258 O 10
1025 5387 2 11 56 O 10
3932 3933 2 9 45 O 20
745 743 2 7 35 O 30
2213 2214 2 33 180 M 30
2214 2215 2 55 303 O 20
2215 2274 2 47 258 O 20
948 952 2 33 178 M 30
2563 4613 2 3 13 O 10
4613 1930 2 39 212 O 20
1930 3533 2 4 22 M 30
2219 2218 1 9 45 M 20
2217 2216 1 12 65 M 10
2220 4049 1 10 50 O 30
1780 1570 1 14 75 O 30
1621 1781 1 13 72 O 30
2228 2227 1 5 0 C 0
2227 3705 1 1 0 C 0
3705 1185 1 3 0 C 0
2225 1793 1 2 0 C 0
1028 1029 2 8 44 O 20
2231 1028 2 17 92 M 30
1028 2232 2 9 49 O 10
2232 1029 2 10 55 M 30
2861 2233 2 25 135 M 20
2241 2240 2 2 10 M 10
2243 2242 2 2 10 O 30
2245 2244 2 2 10 M 20
1612 1613 2 3 11 O 10
1613 1489 2 14 72 O 20
1490 1242 2 14 76 O 10
1242 652 2 2 8 O 10
2251 2250 2 2 10 O 20
2253 2252 2 13 69 M 30
1226 1455 1 8 43 O 20
1455 1454 2 5 25 O 10
2258 1814 1 4 19 O 10
2262 2261 2 13 72 O 10
2427 1789 1 8 41 O 20
3312 2264 1 7 35 O 30
3316 3313 1 9 46 O 20
3314 2266 1 12 62 O 10
2269 2268 1 9 46 O 30
2271 4151 2 8 44 O 30
4151 4090 2 9 46 O 30
1006 1005 2 138 761 O 20
997 1655 2 61 335 O 20
2273 3892 2 10 52 O 10
3892 2272 2 10 55 M 30
3346 4232 2 56 311 O 20
1016 1113 2 13 68 O 20
1197 3535 1 6 30 O 10
2129 905 2 13 68 M 10
905 2411 2 24 132 O 20
973 2503 2 37 202 O 30
1029 1030 2 31 167 O 30
1030 1031 2 28 152 M 20
4100 1758 2 21 113 O 10
1758 1759 2 19 101 O 10
4538 4539 2 23 124 O 10
4539 4540 2 11 56 M 10
4540 4541 2 39 215 M 10
4520 2906 2 43 0 C 0
4582 4583 2 10 0 C 0
4583 4581 2 13 0 C 0
68 5416 2 18 96 O 30
1038 1039 2 32 177 M 30
2230 1034 2 36 196 O 30
1034 1035 2 22 119 O 30
1035 5225 2 9 47 M 30
5225 1068 2 14 78 O 20
1068 1036 2 9 50 O 30
1036 1037 2 46 253 O 10
1037 1038 2 34 186 O 10
1056 1057 2 21 115 O 20
1057 1037 2 39 216 O 30
1037 156 2 21 111 O 20
156 2197 2 3 12 O 10
2197 1578 2 3 15 O 30
1064 1065 2 24 133 O 20
1065 3910 2 17 91 M 20
3910 3912 2 10 54 O 30
3912 1058 2 24 132 O 20
2234 2235 2 13 67 O 10
2236 2237 2 20 107 O 10
2235 37 2 18 100 O 20
37 2236 2 24 131 O 20
35 36 2 20 109 O 20
36 23 2 12 66 O 30
24 31 2 11 58 M 30
31 1812 2 12 63 M 30
1812 32 2 21 116 O 30
1470 1475 2 49 271 M 10
1475 1468 2 29 158 M 20
1470 5220 2 21 117 M 10
5220 1471 2 51 279 O 30
1661 1662 2 14 77 O 30
1662 1663 2 15 83 O 10
1663 1664 2 14 78 M 30
1664 1667 2 28 152 O 10
1667 1668 2 15 83 O 20
1668 1669 2 9 49 O 30
2276 2860 2 39 212 M 10
30 1544 2 11 60 M 20
1544 2262 2 13 67 O 30
2262 2861 2 10 51 M 30
2861 27 2 13 72 O 10
1206 2257 2 11 59 O 30
1278 1279 2 11 61 O 10
1279 1276 2 22 119 O 10
1456 2269 2 11 59 O 10
2415 922 2 16 88 O 20
922 923 2 22 121 O 10
923 2416 2 26 143 M 30
2281 2282 1 1 3 O 30
2282 2279 1 3 13 O 30
2279 2291 1 2 10 O 30
2291 2280 1 3 15 O 20
2280 2281 1 2 10 O 20
2283 2284 1 1 3 O 20
2284 2285 1 3 16 O 20
2285 2288 1 2 10 O 20
2288 2289 1 2 6 O 10
2289 2286 1 3 12 O 20
2286 2283 1 1 5 O 10
2289 2287 1 3 16 M 30
2287 2286 1 4 18 O 20
2284 2290 1 8 42 O 10
2290 2285 1 8 40 O 30
2290 2280 2 16 87 O 20
1992 2459 2 9 48 M 10
2294 2293 2 20 108 O 10
732 2295 1 7 0 C 0
2296 1169 1 10 51 O 20
1094 2530 1 22 121 O 10
2298 2297 1 14 74 O 10
2443 2444 2 8 39 O 10
2482 2299 1 10 55 O 20
2300 2301 2 6 32 O 30
2413 2412 1 5 27 O 10
2414 2189 1 3 15 O 20
2189 2190 1 5 28 M 20
2481 3123 1 8 40 M 30
3123 3086 1 10 51 O 30
3086 2434 1 86 475 O 20
1945 2413 1 7 34 O 20
1577 2080 1 22 117 O 30
2080 1094 1 5 25 O 20
2190 3843 2 5 24 O 20
3843 4244 2 4 18 O 20
4244 2298 2 3 13 O 20
2298 2415 2 2 10 O 10
2416 924 1 8 42 O 30
924 2417 2 5 27 M 20
2417 4370 2 5 24 O 30
4370 5382 2 6 30 M 30
5382 1077 2 21 112 M 20
1077 4676 2 6 32 O 10
4676 4678 2 14 77 O 30
4678 1076 2 3 16 O 10
925 5034 2 2 9 O 30
5034 470 2 29 157 O 10
470 471 2 4 22 M 10
471 5029 2 13 69 O 10
5029 5392 2 9 46 M 20
5392 106 2 2 8 O 20
106 158 2 3 13 O 30
158 2418 2 2 9 O 30
2417 3447 1 9 45 O 10
926 2419 2 12 65 M 10
2418 926 2 12 61 O 30
2419 110 2 19 102 M 30
110 196 2 8 44 O 10
196 3916 2 21 113 O 20
3916 2420 2 14 75 O 10
2420 927 2 12 63 O 30
2421 2422 2 60 328 O 30
2422 928 2 13 71 O 20
928 2423 2 7 37 M 10
2423 562 2 27 146 M 10
562 2442 2 38 208 O 20
929 2424 2 11 61 O 10
2425 929 2 11 57 O 30
1548 1088 2 6 33 O 30
1088 930 2 20 108 O 10
930 2425 2 3 12 O 20
2267 2426 2 2 10 O 10
3315 335 1 2 7 O 20
2427 2264 2 2 7 O 30
2264 3315 2 5 28 O 10
3730 3311 2 1 5 O 10
2266 3618 2 4 17 O 10
1788 2265 2 2 7 O 20
2265 3312 1 4 17 O 20
2428 1438 2 11 59 O 30
2429 2430 2 45 246 M 10
1438 2429 2 10 55 O 30
2430 1461 2 12 62 O 20
1461 778 2 2 9 O 20
778 2431 2 10 52 O 10
2431 1462 2 10 54 O 10
1462 2432 2 8 44 O 30
2426 1457 2 3 12 O 30
1457 3161 2 2 9 O 30
3161 3158 2 5 23 O 10
3158 1458 2 8 44 O 30
1458 1459 2 24 129 O 10
1459 1460 2 23 127 M 30
1460 2428 2 11 61 O 10
165 2433 1 11 0 C 0
168 2435 1 33 0 C 0
2434 165 1 9 0 C 0
2105 2478 1 31 0 C 0
1580 2438 1 32 174 O 30
2436 1580 1 8 43 O 10
2437 2196 1 11 61 O 20
2194 2437 1 30 166 M 30
1579 2440 1 48 261 O 20
2438 1579 1 10 51 O 20
2439 2194 1 10 53 O 20
2197 2439 1 46 251 O 10
2440 1578 1 8 43 O 30
1578 1945 1 28 150 O 30
2441 2197 1 11 56 O 30
2190 2297 1 6 32 O 30
2297 2441 1 24 131 O 10
2442 929 2 14 73 O 20
1133 2445 2 13 67 O 20
2446 1133 2 12 62 O 30
2447 117 2 28 151 O 10
117 3704 2 4 19 O 10
3704 58 2 3 16 O 10
58 2446 2 9 45 O 20
1994 2447 2 12 65 O 20
2448 1994 2 13 69 O 10
2450 2448 2 43 236 O 20
1144 2452 2 7 35 O 20
2452 2449 2 2 10 O 20
1144 5187 2 1 2 M 30
5187 2451 2 6 29 O 30
2451 1993 2 4 18 O 30
1993 2450 2 5 23 O 30
2451 2452 1 10 55 O 30
2456 1144 2 4 19 O 20
2457 3013 2 6 30 O 20
3013 2456 2 6 28 O 20
2455 2454 2 7 34 O 20
2456 2455 1 6 31 M 20
2458 1123 2 4 20 M 30
1123 2457 2 14 75 O 30
1992 2458 2 8 44 O 20
2459 534 2 30 165 M 30
534 2408 2 4 17 M 10
2460 1992 2 8 43 O 30
2461 1992 2 12 61 M 10
2462 3271 2 6 28 O 30
3271 705 2 5 27 O 20
705 707 2 22 117 M 20
707 2461 2 11 57 O 20
2070 1991 2 14 76 M 30
2292 2914 2 1 2 M 10
2914 2462 2 3 15 O 10
1991 4125 2 2 9 O 20
4125 2292 2 9 45 O 30
1991 2071 1 12 64 O 20
2463 4120 1 3 17 O 10
2292 4127 1 12 66 O 20
1008 2464 1 11 60 O 20
2464 1991 1 13 70 O 10
2466 1051 2 8 44 O 20
2466 2465 1 7 37 O 20
2467 2471 2 6 31 O 30
1051 2465 2 9 46 O 20
2465 2468 2 4 17 O 20
2469 4131 2 39 216 O 30
2572 148 2 33 181 O 30
148 2467 2 15 83 O 30
4105 2470 1 5 23 O 30
2472 2471 1 16 83 O 10
2473 1051 2 4 21 O 20
1122 2474 2 12 62 O 30
1121 1122 2 5 22 O 20
2476 2488 1 13 0 C 0
2104 2477 1 12 0 C 0
2478 2479 1 17 0 C 0
2479 2104 1 12 0 C 0
2480 2105 1 9 0 C 0
2433 2480 1 37 0 C 0
1034 5227 2 7 36 O 20
5227 2196 2 10 53 O 10
2196 2481 1 21 116 O 10
2196 1580 2 3 13 O 20
1580 2274 2 19 100 O 20
2274 1069 2 15 83 M 20
1069 1067 2 11 59 O 10
1067 1061 2 85 470 O 20
1790 2483 1 5 24 O 30
2484 2485 2 4 20 O 30
709 2485 1 6 32 O 20
3535 3537 1 1 5 M 20
3537 709 1 3 13 O 30
1197 1196 2 57 314 M 20
3538 3534 1 5 27 O 10
3539 2487 1 5 25 O 10
2488 3449 1 8 0 C 0
2489 3449 2 11 0 C 0
2490 2168 1 9 0 C 0
218 2490 1 9 0 C 0
221 1152 1 21 0 C 0
1152 3126 1 2 0 C 0
3126 3127 1 9 0 C 0
3127 2514 1 2 0 C 0
2110 1151 2 9 0 C 0
2171 4144 1 1 0 C 0
4144 2491 1 6 0 C 0
2491 1149 1 22 0 C 0
1149 4143 1 28 0 C 0
2496 323 1 10 54 M 10
322 2492 1 11 57 O 30
2493 2096 1 5 24 O 10
2494 2498 1 3 14 O 30
2495 2097 1 5 27 O 10
2497 2496 1 1 5 O 30
2496 2492 1 3 14 M 20
2492 2493 1 1 4 O 10
2493 2499 1 3 13 M 10
2499 2494 1 2 8 O 30
2494 1148 1 2 10 O 30
1148 2495 1 2 9 O 10
2495 2500 1 3 15 M 20
2500 2497 1 1 4 O 20
2498 1148 1 3 13 O 30
2096 2499 1 5 23 O 20
2097 2500 1 6 28 O 10
977 2097 2 28 155 O 30
2501 978 2 13 72 O 20
2502 976 2 18 100 O 10
2503 1147 2 13 68 O 10
975 977 2 15 79 O 20
1147 975 2 21 115 O 10
972 4689 2 1 5 O 30
4689 1147 2 19 104 O 20
3937 4690 2 13 72 O 30
1146 3937 2 4 22 M 20
2504 1146 2 7 37 M 10
1173 2506 2 11 57 O 20
2505 2506 2 20 106 O 30
2158 4537 1 25 137 M 20
2159 2507 1 5 23 M 20
2508 2509 1 5 27 O 20
2157 2508 1 12 62 M 10
1265 2511 2 8 42 O 20
2509 3500 1 8 41 O 20
2511 2510 1 6 33 O 20
2511 3500 2 1 3 O 10
3500 2153 2 5 25 O 30
2153 2158 2 3 12 M 30
2512 2094 1 6 31 O 30
2094 2513 1 6 29 O 20
2108 217 1 10 0 C 0
219 1649 1 2 0 C 0
1649 1272 1 3 0 C 0
1154 2183 2 3 0 C 0
2183 732 2 5 0 C 0
732 2515 2 7 0 C 0
2295 4294 1 5 0 C 0
4294 4328 1 6 0 C 0
4328 2517 1 6 0 C 0
2122 1154 1 5 0 C 0
2516 2122 1 11 0 C 0
1155 2516 1 12 0 C 0
2191 2519 1 18 0 C 0
2517 2191 1 8 0 C 0
2518 1155 1 8 0 C 0
900 141 1 13 0 C 0
141 2518 1 6 0 C 0
2192 2521 1 18 0 C 0
2519 2192 1 8 0 C 0
2520 4235 1 4 0 C 0
4235 900 1 5 0 C 0
899 3838 1 9 0 C 0
3838 4236 1 7 0 C 0
4236 2520 1 3 0 C 0
2193 2523 1 14 0 C 0
2521 2193 1 8 0 C 0
2522 899 1 9 0 C 0
1575 849 1 7 0 C 0
849 2522 1 7 0 C 0
2523 2187 1 9 0 C 0
2187 2526 1 53 0 C 0
2524 1575 1 8 0 C 0
2525 284 1 16 0 C 0
284 4970 1 8 0 C 0
4970 2524 1 9 0 C 0
908 3828 1 2 0 C 0
2526 240 1 7 0 C 0
243 2528 1 72 0 C 0
2527 242 1 10 0 C 0
1169 1171 1 23 123 O 20
1171 4241 1 9 45 O 20
4241 4238 1 11 57 O 20
4238 2573 1 35 0 C 0
2573 2527 1 16 0 C 0
2528 2186 1 8 39 O 10
2186 2184 1 21 112 O 20
2184 2529 1 8 39 O 10
2529 2185 1 10 55 M 10
2185 2531 1 17 94 M 10
2530 1576 1 8 41 M 20
1576 2296 1 8 41 M 20
2531 2081 1 12 64 O 20
2081 2079 1 6 29 M 30
2079 803 1 11 59 O 30
803 2414 1 3 13 O 20
2169 2170 1 3 0 C 0
1932 2632 1 15 79 O 30
1968 1933 1 8 42 M 30
1933 2532 1 6 33 M 20
3800 1967 1 4 17 O 30
1967 2533 1 23 125 O 30
2533 2534 1 4 19 M 10
3407 2634 1 3 12 O 30
3406 2635 2 4 19 O 10
3410 2635 1 6 30 O 20
1249 2634 1 3 16 O 30
2535 3404 1 5 27 M 30
1952 1567 1 9 48 O 20
2537 1951 1 12 64 O 20
1951 3825 1 28 154 O 30
1997 252 1 7 34 M 20
1955 1956 1 12 66 O 10
1954 1949 1 3 16 O 30
250 2204 1 8 40 M 20
256 1955 1 6 31 O 10
1949 2207 1 3 11 O 30
2054 253 1 12 62 O 30
4601 4602 1 16 0 C 0
4602 4107 1 4 0 C 0
4107 4603 1 15 0 C 0
4603 3129 1 4 0 C 0
3129 3128 1 7 0 C 0
3128 4476 1 11 0 C 0
2206 2202 1 60 328 O 10
224 4600 1 41 0 C 0
4600 4601 1 18 0 C 0
2538 831 1 3 0 C 0
831 3617 1 8 0 C 0
225 4103 1 3 0 C 0
2763 226 1 9 0 C 0
4597 4598 1 8 0 C 0
2539 2198 1 8 0 C 0
2540 4597 1 10 0 C 0
4578 4646 1 30 0 C 0
4646 2084 1 13 0 C 0
2084 2540 1 35 0 C 0
2541 2182 1 9 0 C 0
2182 2181 1 118 0 C 0
4588 4594 1 21 0 C 0
4594 4595 1 16 0 C 0
2181 2542 1 17 0 C 0
2057 4588 1 25 0 C 0
2542 4589 1 10 0 C 0
4589 2180 1 13 0 C 0
4590 2057 1 13 0 C 0
2076 2179 1 7 0 C 0
1271 2176 1 15 0 C 0
2179 4605 1 15 0 C 0
4605 1271 1 15 0 C 0
1272 215 1 3 0 C 0
675 4212 2 3 12 O 10
4212 671 2 12 65 M 30
671 4211 2 3 12 M 20
4211 4215 2 4 17 O 20
4215 4217 2 4 18 O 20
4217 692 2 4 17 O 10
692 674 2 4 17 M 20
674 4225 2 4 17 M 10
4225 682 2 4 18 M 10
682 665 2 4 17 O 30
665 4224 2 4 18 O 10
4224 4226 2 3 15 O 30
4226 5095 2 3 12 O 30
5095 5096 2 9 50 O 20
2807 2543 2 16 0 C 0
2543 2110 2 9 0 C 0
2546 748 2 2 6 M 30
751 747 2 5 24 O 30
2544 2545 2 4 21 O 20
2545 751 2 3 14 M 20
751 750 2 3 14 O 20
2548 2547 1 2 6 O 30
2547 1750 1 9 48 M 30
2550 2549 1 2 6 O 20
1742 2550 1 6 30 O 10
4491 2551 2 10 55 O 30
2551 4606 2 15 81 O 20
4606 2553 2 17 92 O 10
2552 4491 2 10 54 O 30
2553 4498 2 8 43 O 10
4498 2554 2 8 44 O 30
2554 5037 2 4 17 O 30
5037 4500 2 14 75 O 20
4500 4502 2 25 135 O 10
4502 1938 2 25 137 M 30
1938 1252 2 25 133 O 20
1252 2629 2 18 95 O 10
2559 2557 2 3 0 C 0
2558 2559 1 9 49 M 20
2563 2558 1 25 137 O 30
2557 2560 1 29 159 M 10
2560 4613 1 5 27 O 20
4613 2562 1 10 54 O 10
2561 2563 1 9 48 O 30
1925 2561 1 9 48 O 20
4615 1925 1 11 58 O 10
1928 1929 1 8 41 O 20
1929 4615 1 18 97 M 20
2562 4614 1 7 35 O 10
4614 2072 1 22 117 O 20
2002 1928 1 9 47 O 30
1928 1957 1 3 11 O 10
868 865 1 8 42 O 30
2564 868 1 8 41 O 10
2086 2564 1 11 59 O 20
2565 2567 1 8 43 O 10
2567 2088 1 5 24 O 30
2088 3550 2 3 12 O 20
3550 2569 2 1 3 O 30
2566 2086 1 14 74 O 30
2567 2569 1 6 28 O 30
3550 2568 1 4 22 O 10
2088 2568 1 4 18 O 30
2568 2760 1 4 22 M 20
1956 2566 1 29 156 M 20
2570 2571 1 5 23 O 20
956 2572 2 9 45 M 20
2574 1548 2 12 64 O 10
2575 2574 2 5 23 O 10
1983 2575 2 11 58 O 20
2576 1983 2 8 39 O 20
2581 4641 2 1 2 O 30
4641 1983 2 8 42 O 10
2578 2577 1 5 27 O 30
2579 2578 1 2 9 M 10
2581 2580 1 6 30 O 30
2580 2579 1 1 4 O 10
2582 4633 2 7 36 O 20
4633 4636 2 7 37 O 20
4636 2577 2 12 65 O 30
2577 2581 2 9 48 O 20
1311 2582 2 11 56 O 10
2583 1311 2 10 52 M 10
2584 2070 2 6 29 O 10
1988 4116 2 9 44 O 30
4609 766 1 16 89 O 30
766 4166 1 14 76 O 10
2586 4136 2 10 50 O 30
4136 1988 2 6 33 O 10
2587 2588 2 8 43 O 10
2588 2591 2 3 12 M 30
2589 2588 2 3 15 O 10
2592 2591 2 3 12 O 10
2591 2590 2 7 34 O 30
2593 1986 2 12 62 O 20
950 944 2 3 13 O 10
944 5216 2 17 90 M 30
5216 2593 2 6 32 O 30
2594 935 1 8 43 O 20
935 2595 1 8 44 O 20
2595 2596 1 11 56 M 20
933 2596 2 8 42 O 20
2597 1984 2 7 34 O 20
1984 933 2 7 34 M 20
2424 931 2 2 10 O 20
931 2597 2 14 74 O 10
2468 949 2 18 97 M 10
949 4356 2 17 90 O 30
4356 2598 2 1 2 O 10
1007 1006 1 67 370 O 10
2601 2600 2 2 8 M 10
2600 2599 2 4 20 O 10
2602 2764 2 7 38 M 10
1146 2603 2 8 41 O 10
1263 2604 2 11 61 O 30
2605 1263 2 10 54 O 20
2604 3948 2 9 45 O 10
3948 1440 2 25 134 O 10
1440 2583 2 26 141 O 30
2608 2607 2 3 16 O 20
2609 1212 2 19 102 O 10
44 2609 2 16 85 O 30
44 4768 2 8 42 O 20
4768 4836 2 1 4 O 30
4836 2610 2 1 3 O 30
2611 44 2 16 86 M 10
3717 3715 1 4 18 O 20
2612 3252 2 5 27 O 30
3252 44 2 8 44 O 20
2671 4834 2 3 14 O 10
4834 4946 2 12 62 O 20
4946 4942 2 9 46 M 10
4942 4938 2 6 32 O 20
4938 4936 2 12 65 O 20
4936 4853 2 2 6 O 10
4853 2738 2 9 49 O 20
2618 2613 2 8 41 O 20
2620 2614 1 4 22 O 10
2616 2615 2 6 28 O 30
2617 2616 2 4 20 O 30
2620 2619 2 2 10 M 20
2619 2618 2 4 20 O 20
2618 2617 2 3 14 O 10
2156 2154 1 7 34 O 20
2510 2152 1 7 38 M 10
2621 1306 1 7 35 M 30
1546 5048 2 29 159 O 20
5048 4409 2 7 37 O 30
4409 1306 2 3 12 O 30
1982 2099 2 6 33 O 10
2623 3325 2 10 55 M 20
3325 1976 2 1 5 O 10
2625 2624 2 7 38 O 30
1976 3324 2 1 5 O 20
3324 2625 2 6 32 O 10
2624 1977 2 8 42 O 30
1977 4536 2 35 190 O 10
4536 2615 2 3 14 O 20
2615 2614 2 5 27 M 30
2628 2626 1 4 20 O 20
2626 3324 1 6 31 O 30
2626 2625 1 9 47 O 20
3325 2627 1 4 17 O 10
2627 2628 1 7 35 O 20
2533 1966 1 4 20 O 10
2631 1967 1 5 27 O 10
2631 2630 2 1 4 O 30
2630 2629 2 7 38 O 30
2532 2631 1 6 30 O 30
2032 1932 1 5 27 O 20
2633 1969 1 6 33 O 10
1969 2032 1 15 82 O 10
1972 1970 1 47 258 O 30
1970 2633 1 17 94 O 20
2055 1973 1 8 40 M 10
1974 2055 1 13 67 O 10
1974 846 2 19 105 O 10
846 1975 2 7 38 O 30
1975 2623 2 15 79 O 10
4221 682 2 12 64 O 20
693 4225 2 12 66 O 20
692 4223 2 13 70 M 20
258 5263 1 2 7 M 30
5263 1960 1 2 7 O 10
1959 2637 1 13 67 M 10
262 2638 1 3 16 M 10
2638 1961 1 28 155 M 20
2643 2642 1 11 56 O 10
2639 2638 1 7 34 O 10
5362 5312 2 11 61 O 20
5312 5361 2 2 7 O 20
5361 5261 2 15 79 M 30
5261 5360 2 2 6 O 30
5260 2640 1 7 34 O 20
2642 2641 1 8 41 O 10
2642 261 1 4 19 O 30
1902 2647 1 7 37 O 30
2647 1903 1 7 38 O 30
1903 2643 1 18 96 O 30
2647 2644 1 6 30 O 30
2644 1903 1 2 11 O 20
2646 1962 1 4 18 O 20
1961 2646 1 11 56 O 30
1902 1962 2 3 13 O 30
1962 2793 2 2 11 M 20
2793 2645 2 2 9 O 20
2648 1907 1 8 40 O 30
865 2002 1 16 84 M 20
1907 1946 1 6 32 M 10
1946 1927 1 2 11 M 10
2000 1927 1 9 45 O 30
1908 1909 1 7 39 M 30
1946 1908 1 6 30 M 20
2072 1957 1 14 75 O 30
1957 1946 1 3 13 O 10
1906 2648 1 6 29 O 30
1927 1999 1 6 31 O 30
1999 2087 1 8 44 M 20
2650 2649 1 5 26 M 30
2649 1905 1 2 10 O 10
1765 2066 1 9 46 O 20
2756 2067 1 6 31 O 10
2067 2651 1 29 160 O 30
1915 2675 1 25 136 O 10
1914 1915 1 9 48 O 20
2893 2067 1 3 16 O 10
2652 1911 1 10 50 O 20
1910 2652 1 25 135 O 10
2068 2653 1 25 133 M 30
2651 2068 1 11 58 O 20
2069 2021 1 6 31 O 20
2021 2022 1 7 39 M 20
2022 1926 1 13 69 O 20
1926 2000 1 5 24 O 30
2653 2069 1 10 52 O 10
2654 2655 2 13 72 M 10
2021 2655 1 5 22 O 10
2655 2022 1 5 23 M 10
2657 2656 1 7 37 O 30
2658 1910 1 9 47 M 20
1909 2657 1 3 11 O 30
2657 2020 1 3 16 O 10
2020 2656 1 4 18 O 20
2656 2658 1 9 48 O 30
2087 838 1 5 26 O 30
838 2565 1 19 104 M 20
1927 1928 1 3 13 O 30
2659 2061 2 11 58 O 10
2742 4717 2 15 83 O 10
4717 1486 2 6 28 M 30
1486 3203 2 7 35 O 10
3203 1487 2 7 34 O 30
1487 4708 2 1 2 O 10
4708 3195 2 4 20 O 30
3195 4704 2 2 6 O 20
4704 2659 2 13 69 O 30
2660 2917 2 7 36 M 10
2917 4030 2 8 43 O 20
4030 3207 2 2 7 O 10
3207 4902 2 11 60 O 10
4902 5346 2 5 23 O 30
5346 4057 2 4 20 M 20
4057 4056 2 2 6 M 10
4056 2679 2 16 84 O 10
2676 4922 2 2 8 O 20
4922 495 2 2 7 M 10
495 4924 2 15 81 M 20
4924 4008 2 9 47 O 30
4008 4007 2 9 49 O 20
4007 4006 2 1 0 C 0
2061 378 2 3 12 O 30
2662 2661 2 2 9 O 30
2664 2663 1 4 19 O 10
3272 2666 1 5 23 O 10
2062 2669 1 25 134 O 20
2665 2062 1 9 49 O 30
5347 2664 1 8 40 M 30
2664 2666 1 9 50 O 30
2667 378 1 9 48 O 20
2668 5347 1 10 51 O 20
1917 2668 1 25 135 O 10
2669 2063 1 10 52 O 20
1917 2063 2 3 12 O 10
2670 4871 2 3 15 O 10
4871 3713 2 4 18 O 20
3713 1917 2 7 37 M 10
2063 4861 2 9 45 O 30
4861 2671 2 3 16 O 20
2672 2065 1 9 46 O 20
2064 2672 1 26 141 O 30
2673 1917 1 10 52 M 20
2674 2064 1 10 51 M 10
2063 2674 1 25 135 O 30
1916 2673 1 25 135 O 30
2675 1916 1 10 51 O 20
5328 2676 2 9 46 O 20
5328 2678 2 11 58 O 10
2677 5328 2 10 54 O 10
2678 5329 2 24 129 O 30
5329 5330 2 34 188 O 10
5330 5331 2 18 97 M 10
5331 4 2 3 12 O 20
4 2682 2 2 10 M 20
2679 5328 2 10 53 M 30
1614 1615 1 16 86 O 30
1613 1614 1 24 129 O 20
1612 3234 1 2 9 M 20
3234 2684 1 15 81 O 30
2681 5332 2 6 29 M 30
2682 3239 2 7 37 M 10
3239 1610 2 5 26 O 20
1611 2681 2 16 86 M 20
1610 1611 2 3 12 O 20
1611 2683 1 16 88 M 20
2684 1610 1 11 58 O 20
2686 2685 1 4 19 O 10
2680 1611 1 16 86 O 10
1610 8 1 8 44 O 30
8 5 1 5 23 O 30
5 395 1 6 29 O 10
395 3151 1 16 83 M 20
3151 2687 1 8 39 O 20
2683 1613 1 12 61 O 30
2687 1608 1 11 56 M 20
2688 2695 1 4 0 C 0
2695 2694 1 2 0 C 0
2694 2690 1 8 39 O 30
2690 1609 1 4 20 O 10
1609 2680 1 33 182 O 20
2691 2689 2 5 26 O 20
2692 2691 2 3 13 O 30
2691 2690 2 3 12 O 30
2693 2692 2 2 9 M 30
2694 2693 2 4 20 O 30
1606 223 1 8 0 C 0
1608 2685 1 3 16 O 20
1493 829 1 3 13 M 20
1618 3993 1 3 11 O 20
1618 2699 1 18 95 O 30
2010 1618 1 2 11 O 10
2701 2010 1 15 81 O 10
1617 2702 1 25 135 O 20
2700 3993 1 7 38 O 30
2004 1618 1 7 35 M 10
2015 1516 2 2 11 O 30
2005 1396 2 3 11 O 10
1619 2701 1 21 112 O 10
1620 1621 1 14 74 O 10
2702 1620 1 11 58 O 20
1615 4082 1 3 11 M 30
4082 1493 1 13 71 O 10
1493 1616 1 14 74 O 10
1622 1687 1 6 30 O 20
1687 1619 1 8 41 M 10
4621 4001 1 2 9 O 30
4001 2707 1 10 51 O 30
2707 2704 1 4 22 M 30
2704 886 1 27 149 O 20
4621 4002 1 2 10 M 20
886 3994 1 6 29 O 30
3994 4083 1 3 12 M 20
2705 3996 1 1 2 M 10
3996 2707 1 4 19 O 10
2705 2709 1 12 66 O 20
3998 3997 1 13 68 O 20
3996 2704 1 5 23 O 20
2709 3998 2 1 4 O 20
3998 2708 2 40 219 O 30
2708 3997 2 17 92 O 30
2699 4621 1 10 53 O 20
4623 2710 1 2 10 O 10
2710 2700 1 20 109 O 10
1616 2706 1 11 58 O 30
2706 4623 1 10 51 O 10
2703 2710 1 4 19 O 10
4001 4623 1 3 13 O 30
2011 232 1 7 36 M 10
2017 2006 1 12 65 M 30
2007 2017 1 5 26 O 10
2006 2016 1 8 42 O 10
231 2008 1 4 20 O 10
2008 2007 1 4 18 O 10
2712 1537 1 6 33 O 10
1537 1901 1 20 107 O 10
1901 2011 1 6 32 O 30
2713 3231 1 4 22 O 30
3231 3233 1 2 7 O 30
3233 1612 1 4 17 O 20
884 883 1 15 78 O 20
1867 2714 2 7 38 M 10
2715 1867 2 7 39 O 20
2716 166 2 3 0 C 0
166 168 2 8 0 C 0
168 165 2 2 0 C 0
165 167 2 6 0 C 0
167 1868 2 16 0 C 0
1868 1111 2 20 0 C 0
1111 1869 2 43 0 C 0
1869 1110 2 21 0 C 0
2718 2014 1 7 36 O 30
2013 888 1 2 10 M 20
888 1483 1 2 11 M 30
1483 2012 1 2 10 O 10
2013 230 1 2 10 O 10
2012 2013 1 2 10 O 30
2717 229 1 4 22 M 20
227 2988 1 10 55 O 10
2988 2721 1 12 61 O 30
2719 234 1 9 45 M 30
2736 2018 1 4 21 O 30
2720 2736 1 8 41 O 30
2733 887 1 31 169 O 30
887 884 1 6 29 O 10
2721 2733 1 9 47 O 30
2731 2730 2 4 20 O 10
2730 2723 2 3 15 O 30
2723 4043 2 4 19 O 20
4043 2729 2 3 11 O 20
2732 2725 2 5 27 O 10
2725 2724 2 4 20 O 10
2016 4042 2 13 71 O 10
4042 2722 2 4 17 O 10
2723 2722 2 4 20 O 30
2726 2725 2 10 50 O 10
2724 2727 2 10 55 M 10
2727 2730 2 4 18 O 20
2728 2727 2 9 45 O 10
2727 2726 2 3 15 O 10
2729 2728 2 4 20 M 10
2733 2735 2 3 11 O 20
2735 2732 2 3 15 O 10
2732 4035 2 2 10 O 20
4035 2731 2 12 65 O 30
2735 2737 1 7 33 O 30
2737 2720 1 6 29 O 30
2734 2735 1 9 47 O 30
2737 2736 1 15 79 O 10
1918 2740 2 11 60 O 30
2739 4847 2 7 34 O 10
4847 4844 2 36 199 O 10
4844 3286 2 2 9 O 30
3286 4843 2 2 6 O 10
4843 2612 2 4 20 O 20
1918 2739 2 10 52 O 30
2738 1918 2 10 54 M 10
2741 1920 2 11 58 O 20
1920 2742 2 10 51 O 20
2743 1920 2 10 55 O 30
45 4749 2 8 40 M 10
4749 596 2 2 8 O 20
596 4747 2 8 43 O 30
4747 4741 2 10 52 O 10
4741 4733 2 4 18 O 30
4733 4735 2 4 21 O 30
4735 4025 2 1 5 O 30
4025 4027 2 3 17 O 10
4027 4732 2 5 24 O 30
4732 4730 2 7 39 M 20
4730 4016 2 5 24 O 20
4016 4728 2 3 12 M 30
4728 4019 2 6 30 M 10
4019 2743 2 1 5 M 30
1920 478 2 8 43 O 10
478 2744 2 3 16 O 20
2744 3223 2 4 21 O 30
3223 3221 2 2 7 O 10
3221 2747 2 7 37 O 20
2745 1921 2 13 67 O 30
2746 4723 2 13 71 O 10
4723 4021 2 4 20 O 10
4021 645 2 16 86 O 20
645 3270 2 1 5 O 30
3270 4023 2 9 48 M 20
4023 4304 2 9 47 M 30
4304 1785 2 10 53 O 10
1785 1786 2 2 9 O 30
1921 2746 2 11 57 M 30
5344 2745 2 18 97 M 10
2255 2253 2 6 33 O 30
2253 3094 2 7 38 O 10
3094 5329 2 34 185 O 30
5329 4041 2 14 76 O 30
4041 496 2 5 26 M 20
496 5343 2 12 61 O 20
5343 3242 2 14 78 O 30
3242 3240 2 2 11 O 20
3240 2934 2 3 13 O 20
2934 4051 2 5 26 M 20
2747 3250 2 4 17 M 20
3250 1921 2 9 46 O 20
1921 2019 2 13 72 O 20
1770 1209 2 19 103 O 10
1209 1208 2 34 187 O 10
1208 4852 2 18 100 O 10
4852 4851 2 7 39 O 20
4851 1918 2 9 48 O 30
2749 2009 1 4 21 O 30
2009 2717 1 7 34 O 30
2749 2748 1 5 27 O 10
2019 3248 1 9 48 O 30
3248 2711 1 2 9 O 30
2014 3082 2 9 49 O 20
3082 2750 2 2 6 O 30
2750 889 2 8 41 O 30
2751 2748 2 7 37 M 10
2748 2009 2 3 16 O 20
1241 2751 2 20 107 M 10
2009 2014 2 2 8 M 10
2752 2945 2 3 13 O 30
2754 2753 2 4 20 O 10
2755 2754 2 6 28 O 20
2757 1764 1 4 21 M 20
1911 1912 1 34 186 O 10
1912 2893 1 4 22 O 30
2893 2757 1 8 43 O 20
1766 2756 1 4 22 O 20
2066 1766 1 6 28 O 20
1621 1569 1 10 55 O 20
43 1622 1 10 55 O 20
1566 1564 1 5 25 O 20
2760 2761 1 5 25 O 30
2761 2794 1 12 62 O 10
2794 1947 1 18 95 O 10
1947 1948 1 14 76 O 20
2762 726 2 5 26 O 10
725 2279 1 4 17 O 30
2282 725 1 4 17 O 20
2028 3796 2 4 19 O 10
2535 2636 2 6 29 O 20
2203 1954 1 2 11 O 20
2207 251 1 2 6 O 30
249 2207 1 2 7 O 20
1151 2167 2 3 0 C 0
2764 2601 2 2 10 M 20
2413 1577 1 5 27 O 30
1577 2190 2 3 14 O 10
2765 2412 2 7 34 O 30
2412 1577 2 5 23 M 30
2766 1584 1 17 90 O 20
1590 1581 1 18 0 C 0
1585 2766 1 9 0 C 0
43 1569 1 3 14 O 10
1784 1783 1 7 39 O 10
1783 43 1 4 21 O 10
1523 1784 1 11 56 O 30
4619 1623 1 13 70 O 30
1623 1523 1 22 117 M 30
1589 1590 1 22 117 O 10
1767 2050 1 22 119 M 10
1627 2218 1 6 32 O 20
2220 1627 1 8 41 O 20
1776 2768 1 5 28 O 20
2767 2769 2 8 44 O 20
1776 2770 2 2 10 O 20
2770 2769 2 5 27 O 10
1583 1767 1 62 342 O 20
1625 1582 1 25 134 O 30
1774 4233 1 14 75 O 20
4233 1776 1 9 46 O 20
1773 1774 1 24 133 O 20
1771 1773 1 15 81 O 10
2049 1768 1 77 425 O 20
1768 1771 1 69 382 O 30
1584 2049 1 18 95 O 30
1543 1477 2 23 127 O 20
2165 1998 1 9 49 O 20
1740 1756 1 4 19 O 30
1756 2209 1 6 32 M 20
2209 2166 1 13 71 O 20
2166 2165 1 6 29 O 30
2796 50 1 14 74 O 10
2776 2775 1 1 4 O 20
2774 2773 1 5 27 M 30
2775 2774 1 2 10 O 30
2776 5109 2 4 22 M 20
5109 1210 2 9 49 M 10
2777 2776 1 7 39 O 30
1746 2777 1 24 132 O 30
2777 2773 1 13 71 O 30
2773 1778 1 8 43 O 30
1778 3717 1 12 63 O 30
2780 2779 1 4 19 O 10
2783 2782 1 4 20 O 20
2782 2778 2 7 38 O 10
2782 2781 2 5 24 O 10
2781 2780 2 2 6 O 20
45 2786 2 23 124 M 20
1212 2783 2 3 16 M 10
2783 2779 2 10 54 M 20
2779 2784 2 9 48 M 20
2785 4725 1 2 7 O 20
4725 2787 1 7 38 M 30
2786 1221 2 10 53 O 20
893 894 1 3 12 M 30
2787 835 1 9 47 O 10
2788 894 1 8 43 M 10
894 46 1 3 13 M 30
2789 2788 1 7 37 O 30
46 351 1 8 41 O 20
351 353 1 17 94 O 30
353 2916 1 13 68 O 10
2916 3732 1 22 118 O 10
2790 46 1 8 44 O 30
46 895 1 3 12 O 20
895 1786 1 33 181 M 30
1786 1221 1 2 11 O 10
1221 1785 1 2 10 O 30
1785 2785 1 10 54 O 20
2791 5321 1 3 15 M 20
5321 2792 1 3 12 O 10
47 1397 1 14 77 O 20
1397 2791 1 10 50 O 30
2646 2793 1 5 23 O 20
2795 5127 2 5 22 O 30
5127 2794 2 7 35 O 20
2163 2164 2 6 31 O 10
2209 1896 2 11 60 O 20
50 1739 1 9 48 O 10
2204 2796 1 13 68 O 30
1763 2854 1 19 103 O 30
2854 2850 1 14 77 O 10
2850 4341 1 4 22 O 30
4341 2840 1 10 52 O 30
2050 2797 1 13 68 O 30
2799 2798 2 6 28 O 20
2801 2800 2 7 33 O 20
2805 2802 2 5 27 O 30
2806 2799 2 10 54 O 20
2799 2801 2 4 21 M 30
2801 2805 2 5 23 O 30
2805 2804 2 10 53 O 10
1850 3331 2 5 25 O 20
3331 4607 2 4 18 M 20
2810 1738 2 7 34 O 10
1738 1850 2 5 23 O 20
4612 2811 1 22 122 O 10
2812 1852 1 9 47 O 30
2811 2812 1 7 35 O 30
2813 1825 1 6 30 O 30
1825 2814 1 8 40 M 30
2814 1824 1 2 7 O 20
1824 1883 1 17 92 M 20
1883 1827 1 18 96 O 20
1827 2818 1 6 28 O 10
1882 2816 1 14 76 O 30
2815 1882 1 9 49 O 10
2816 1823 1 3 15 O 30
1828 5247 1 6 28 O 30
5247 2815 1 3 16 O 30
2817 1828 1 9 47 M 30
1821 2817 1 8 43 M 20
2818 1822 1 12 62 O 10
1822 2831 1 20 0 C 0
1797 1821 1 13 72 O 20
1819 1797 1 16 0 C 0
2826 1851 1 10 51 O 10
1823 1826 1 9 49 O 10
2825 2822 1 15 83 O 10
1853 1854 1 6 30 O 30
1851 2825 1 6 29 O 30
2825 5425 1 7 37 M 30
5425 2822 1 7 37 M 30
2822 4611 1 19 102 O 20
1826 2826 1 10 50 O 10
2827 2045 1 3 14 M 30
2045 856 1 2 8 M 30
856 1825 1 3 15 O 30
2830 2829 1 2 9 O 10
2829 2828 2 5 25 O 30
1849 2829 1 6 31 O 10
1854 2830 1 7 34 M 10
2831 1820 1 9 0 C 0
1777 1627 2 2 11 M 10
2219 247 2 4 19 O 30
1777 2216 1 8 43 O 30
1569 1782 1 3 12 O 30
1623 43 1 3 12 O 20
2833 4619 1 5 26 O 20
2834 4619 1 6 31 O 20
2835 1559 1 11 61 O 30
1559 2838 1 84 465 O 20
1558 1559 2 3 12 M 10
2836 1558 2 10 52 M 20
4618 1558 1 11 57 O 20
1624 4618 1 83 458 O 20
2837 4618 1 7 35 O 10
2838 578 1 7 35 O 20
578 1574 1 3 14 M 20
1574 2844 1 26 141 O 10
2844 2841 1 6 30 O 30
1574 1647 2 8 44 O 10
2839 1624 1 11 59 M 30
2840 2845 1 6 29 O 20
2845 2839 1 15 79 O 20
2841 2846 1 9 50 O 30
2846 2842 1 27 146 M 20
2842 4610 1 9 48 M 10
2844 2843 2 28 154 O 10
2843 2842 2 15 80 O 30
2851 2850 1 4 21 O 10
2854 2853 1 3 16 O 30
2852 2847 2 6 30 M 30
2853 2848 2 12 65 O 30
2851 2849 2 5 25 O 20
2853 2852 2 8 43 O 30
2852 2851 2 2 10 O 20
2855 19 2 13 67 O 20
19 24 2 28 151 M 10
24 23 2 34 186 O 10
23 22 2 24 128 M 30
22 1806 2 21 115 O 10
2858 3112 2 6 29 M 10
3112 1813 2 5 23 M 20
2858 2857 2 9 46 M 20
2859 2858 2 7 35 O 10
1589 2797 2 4 21 O 10
2797 2859 2 3 15 O 20
2771 1625 1 11 60 O 10
1638 3691 1 4 18 O 20
3691 3690 1 6 33 O 20
3690 1639 1 3 11 O 10
4231 2472 2 4 21 O 20
2472 2470 2 2 8 O 30
2470 2473 2 2 9 O 20
2869 2862 2 2 9 O 20
2864 2865 1 2 8 O 10
2865 2862 1 8 43 O 20
2867 5240 2 2 11 M 20
5240 2868 2 6 30 O 10
2869 2870 1 4 22 M 10
2870 4122 1 3 16 O 20
4121 2869 1 6 31 M 30
2085 2874 2 6 31 O 20
2874 4675 2 6 32 O 30
4675 2089 2 6 33 O 20
2874 2876 1 4 21 O 20
2876 2873 1 11 61 O 20
2873 2878 1 11 58 O 30
2878 2872 1 9 48 M 20
2872 602 1 5 24 O 20
602 600 1 4 20 O 20
600 2871 1 4 20 M 20
2871 2089 1 6 31 O 30
2876 2875 2 13 70 M 10
2875 2873 2 5 23 O 10
2878 2877 1 3 14 O 10
2877 2872 1 7 33 O 30
2879 2092 1 9 46 O 10
2881 2882 2 2 10 O 30
2883 2881 2 16 85 O 20
2885 2883 2 3 17 M 10
2883 2884 2 12 63 O 10
2886 2885 2 1 4 O 20
2885 2887 2 14 76 O 20
2887 564 2 3 12 O 10
564 788 2 11 59 O 30
2888 789 2 4 18 O 20
1457 2891 1 8 43 O 20
2892 5136 2 15 79 O 30
5136 2942 2 17 93 O 10
2942 556 2 4 22 O 10
4200 4199 2 15 79 M 10
4199 4198 2 4 18 O 20
4198 4197 2 4 18 O 30
4197 4196 2 4 19 O 20
4196 4195 2 3 17 O 30
4195 4194 2 4 17 O 20
4194 4193 2 4 17 O 10
2899 2898 2 3 15 O 20
2898 3698 1 29 156 O 20
3698 2897 1 15 80 O 10
2897 2898 1 9 49 O 30
2903 2904 2 10 51 O 30
3795 2902 2 11 58 O 30
687 729 2 6 28 O 20
668 2900 2 4 18 O 30
5089 1749 2 6 33 O 20
1749 1741 2 2 11 O 30
2913 2907 2 7 37 O 10
2912 2908 2 5 26 M 30
2911 2909 2 5 26 O 20
2910 2911 2 2 6 O 20
2911 2912 2 3 14 M 10
2912 2913 2 8 41 O 10
2913 2078 2 30 164 O 10
2865 2914 1 5 22 O 20
2707 2706 2 3 13 O 20
2916 2915 2 3 13 O 10
5345 2922 1 4 17 O 30
2921 2918 2 4 21 M 20
2920 4000 2 3 17 M 10
4000 2919 2 6 28 O 10
2922 2921 2 40 219 O 10
2921 2920 2 11 61 O 20
2920 313 2 9 48 O 20
313 2922 2 1 5 O 30
2933 2932 2 10 52 O 10
2937 2926 2 2 6 O 30
2925 2924 2 1 3 O 30
2930 2929 2 13 69 O 20
2929 2923 2 4 21 O 20
2923 2928 2 1 5 O 20
2926 2925 2 12 64 O 10
2929 2927 2 11 57 O 20
2932 2924 2 5 23 O 10
2924 2927 2 4 22 O 20
2927 2930 2 4 20 M 20
2936 2933 2 1 5 O 30
2932 2931 2 3 14 O 10
2938 2928 1 6 29 O 20
2928 2937 1 5 25 O 10
2937 4046 1 2 7 O 10
4046 2936 1 4 22 O 10
2936 2935 1 5 23 O 20
2935 3214 1 4 17 O 30
3214 2931 1 7 36 O 20
2931 2934 1 5 27 O 20
2940 2939 2 3 14 M 20
2941 442 2 10 52 O 20
442 5129 2 13 71 O 30
5129 5138 2 15 80 O 10
5138 5132 2 18 97 O 10
5132 5137 2 3 16 O 10
5137 5134 2 10 52 M 10
5134 5136 2 2 11 O 30
2942 2941 2 2 10 M 10
2944 2943 2 13 71 O 20
2943 3812 1 11 59 O 20
2949 2946 1 2 11 O 10
2946 2948 1 3 16 O 30
2949 2950 2 4 20 O 20
2951 2948 2 4 20 O 30
2947 2946 1 5 25 O 20
2948 2947 1 8 40 O 20
2947 2949 1 7 35 O 10
2958 2957 2 3 17 O 10
2956 2952 2 8 40 M 20
2957 2953 2 6 32 O 20
2955 2954 2 4 22 O 20
2957 2955 1 4 17 M 30
2955 2956 1 7 35 O 10
2956 2957 1 16 89 M 30
2961 4092 2 4 17 M 20
4092 2960 2 9 47 O 30
2962 5279 2 7 35 O 20
5279 2961 2 8 43 O 20
3815 2964 2 3 14 O 30
2964 2630 2 8 40 M 20
2965 2964 2 18 99 O 20
2968 2967 2 2 11 M 30
2967 3792 2 9 45 O 20
3815 2968 2 18 96 O 20
2970 2969 2 4 18 O 30
2974 2978 2 2 10 O 20
2978 2980 2 3 15 O 30
2980 2982 2 4 17 O 30
2982 2970 2 3 16 M 30
2970 2987 2 4 21 M 10
2987 2971 2 9 45 O 20
2971 2989 1 2 8 O 30
2989 2972 1 2 6 O 30
2972 2973 1 2 11 O 20
2973 2974 1 2 11 M 30
2974 2971 1 2 10 O 10
2972 2988 2 4 19 O 10
2988 2736 2 2 11 O 30
2975 2973 2 1 5 M 10
2985 2976 2 3 12 O 10
2978 2976 2 3 15 M 20
2976 2977 2 1 5 O 10
2980 2979 2 4 17 O 20
2982 2981 2 4 18 O 10
2984 2983 2 8 39 O 30
2985 2984 2 4 20 O 30
2984 3999 2 9 45 O 30
3999 2983 2 4 20 O 10
2983 2975 2 5 25 O 10
2975 2985 2 6 33 O 30
2986 2989 2 9 49 O 20
2987 2986 2 4 17 O 30
2632 3793 2 2 11 O 30
3000 2993 2 4 18 O 10
3004 3003 1 3 15 O 10
2994 3793 2 2 7 O 20
2995 3790 1 3 11 O 20
3002 3004 1 2 11 O 10
3003 2995 1 5 23 O 10
3003 2994 2 24 131 M 30
2997 2996 2 4 18 O 10
2999 2998 2 8 40 O 30
3005 2999 2 2 8 O 20
2999 3000 2 10 54 O 20
3000 2998 2 3 13 M 20
2998 3001 2 4 20 M 10
3002 3001 2 6 30 O 10
3344 2997 2 7 34 O 30
2997 3005 2 3 13 M 20
3005 3002 2 2 9 O 20
5363 3008 2 8 43 M 20
3010 3009 2 24 131 O 30
2455 3011 1 4 21 O 20
3011 2457 1 5 23 O 30
2454 4106 2 4 22 O 10
4106 3012 2 2 10 M 10
2453 2454 1 3 12 O 20
3013 2455 1 4 17 O 30
2580 2576 2 12 63 O 10
3015 3014 2 8 42 M 10
3017 4104 2 4 19 O 30
4104 3015 2 3 17 O 10
3015 593 2 18 96 O 10
593 3018 2 18 97 O 10
3018 3017 2 63 348 O 10
3021 3020 2 11 60 O 30
3020 3019 2 4 19 M 10
3019 782 2 14 75 M 30
3022 2392 2 38 210 O 30
3023 3022 2 8 41 O 20
2670 3026 2 15 82 O 10
4079 3027 2 4 20 O 10
2745 3028 2 15 81 O 30
3028 3029 2 2 9 O 10
3035 3034 2 5 24 O 10
3031 3030 2 7 38 M 10
3034 3031 2 5 26 O 30
3031 3033 2 1 4 O 10
3033 3032 2 6 32 O 30
3037 3036 2 33 180 M 30
3039 3038 2 10 52 O 30
3040 3047 2 4 19 O 30
3047 3044 2 13 69 O 30
3042 3041 2 9 48 O 20
3045 3040 2 7 35 O 20
3040 3044 2 10 53 O 30
3044 3043 2 7 37 O 20
3047 3039 2 7 37 O 20
3039 3045 2 2 8 O 30
3045 3046 2 8 43 O 30
3936 322 2 4 17 M 10
322 323 2 3 14 O 30
323 325 2 5 24 O 10
325 3042 2 2 10 M 10
3042 3047 2 8 44 M 30
3049 3048 2 22 117 O 20
3060 3058 2 9 45 O 20
3052 3051 2 2 9 O 30
3054 3053 2 2 11 O 30
3056 3055 2 2 10 O 10
3061 3056 2 3 14 O 20
3056 3054 2 4 18 M 30
3054 3052 2 3 16 O 20
3052 3060 2 5 24 M 10
3060 3059 2 2 11 O 10
3059 3058 2 1 5 O 10
3058 3057 2 15 82 M 20
4542 3062 2 19 105 O 10
3064 3063 2 11 60 O 30
3066 3065 2 3 17 O 10
3067 3066 2 17 93 O 10
3068 3067 2 16 88 O 20
3070 3069 2 13 69 O 30
3072 3071 2 5 23 O 20
3074 3073 2 5 23 O 30
3075 3077 2 5 24 O 30
3077 3076 2 5 24 O 10
3078 3080 2 5 25 M 10
3080 3079 2 5 25 M 30
3082 3072 2 8 39 O 20
3072 3070 2 2 9 O 10
3070 3074 2 2 9 O 30
3074 3077 2 7 38 M 20
3077 3080 2 7 37 O 30
3080 3081 2 7 35 O 20
356 3085 1 3 12 O 20
3087 3086 2 3 14 M 20
3090 3092 2 3 11 O 10
3092 3091 2 6 28 O 10
3094 3092 2 4 22 M 10
3092 3093 2 2 10 M 30
2223 3095 2 14 74 M 10
3097 3096 2 7 35 O 20
3099 3097 2 8 40 O 10
3100 3099 1 6 33 M 20
3099 3098 1 3 11 O 20
3105 3104 2 2 8 M 30
3101 3107 2 4 18 M 20
3108 3101 2 2 9 O 30
3107 3100 1 13 69 O 10
3100 3106 1 3 16 O 10
3103 3102 2 5 24 O 30
3106 3103 1 15 81 O 10
3103 3107 1 4 17 O 10
3106 3098 2 2 9 O 20
3098 3105 2 18 96 O 10
3110 3109 2 15 78 O 20
3112 3110 2 11 56 M 20
3110 3111 2 5 22 M 10
3113 2600 2 4 18 O 30
3115 3113 2 12 63 O 30
3113 3114 2 6 31 O 20
1214 1217 2 34 185 O 20
1217 5209 2 23 123 O 10
5209 1223 2 12 63 O 10
3116 3117 2 20 111 O 30
3117 3118 2 4 19 O 10
3118 3119 2 12 66 O 30
3118 3120 2 4 21 O 10
3120 3121 2 5 23 M 30
3120 3122 2 18 97 M 30
3124 3123 2 3 15 O 30
3125 1296 2 24 132 O 30
3131 3130 2 5 26 O 10
3133 3131 2 3 12 O 10
3131 3132 2 11 60 O 20
808 2298 2 6 28 O 10
3139 3138 1 1 5 O 10
3138 3137 1 1 2 O 20
3137 3136 1 2 6 M 20
3136 3135 1 1 4 O 20
3135 3461 1 2 7 O 30
3461 3134 1 2 8 O 30
3134 3139 1 1 2 M 30
1157 3458 1 2 6 O 10
3458 3457 1 7 38 O 30
3146 3145 1 1 5 O 10
3145 3464 1 1 2 O 20
3464 3141 1 2 6 O 20
3141 3140 1 1 4 M 10
3140 3142 1 2 6 O 30
3142 3467 1 1 1 O 30
3467 3144 1 2 6 O 10
3144 3143 1 1 3 M 10
3143 3146 1 1 2 M 10
3903 3468 2 43 235 O 10
3466 967 2 28 154 O 20
967 968 2 16 88 O 10
968 3463 2 12 62 O 30
3155 3156 1 8 41 O 10
3157 3156 2 6 32 O 10
3153 3152 2 9 48 O 30
3155 3154 2 15 82 O 10
3154 3153 2 17 92 O 30
3154 3151 2 4 21 M 10
5341 3152 2 4 20 M 20
3152 3157 2 30 161 O 30
3160 3158 2 7 38 M 10
3161 3160 2 3 16 O 20
3160 3159 2 7 34 O 20
1344 3162 2 25 135 O 30
3164 3163 2 4 18 O 20
3165 3164 2 4 20 O 20
3164 3170 2 18 96 O 30
3167 3166 2 15 79 M 10
3168 3166 2 12 63 O 20
3166 3019 2 3 13 O 20
3171 3168 2 4 18 O 30
3168 3167 2 4 19 M 30
3167 794 2 5 25 O 10
3020 3165 2 2 10 O 30
3165 3171 2 12 65 O 10
3171 3170 2 4 20 O 20
3170 3169 2 6 28 O 20
2843 3173 2 5 24 O 20
3173 3172 2 5 26 O 30
3174 3184 2 9 48 O 20
3185 3174 2 9 49 O 30
3175 3183 2 8 41 O 20
3185 3175 2 1 5 O 20
3176 3181 2 3 12 O 10
3182 3180 2 1 3 O 10
3180 3176 2 7 35 O 20
3189 3188 2 5 24 O 10
3188 3178 2 8 44 O 20
3178 3187 2 3 17 O 10
3190 3189 2 3 16 O 30
3188 3177 2 4 18 O 10
3179 3178 2 5 26 O 20
3186 3179 2 6 28 O 30
3179 2828 2 5 23 O 20
3183 3180 2 4 17 M 20
3183 3182 2 11 60 O 30
3187 3186 2 2 6 O 10
3186 3181 2 8 42 M 20
3181 3185 2 3 16 O 30
2260 3192 2 4 21 M 10
3192 3194 2 5 26 M 10
3194 3193 2 3 11 O 10
3193 3192 2 4 20 O 20
3198 3196 2 14 75 M 20
3196 3197 2 4 19 O 30
3197 3198 2 11 58 O 30
3199 3200 2 11 56 O 20
3200 3197 2 3 17 O 10
3201 3202 2 10 55 O 20
3202 3200 2 4 19 O 20
3202 3196 2 14 77 O 20
3203 3204 2 4 21 O 20
3204 3206 2 7 35 O 20
3204 3205 2 10 53 M 30
3205 3206 2 9 47 O 30
3207 3208 2 4 17 O 30
3208 3209 2 2 9 O 10
3209 3220 2 11 58 M 20
3220 3218 2 4 21 M 20
3218 3212 2 7 36 O 10
3212 3211 2 4 21 M 20
3211 3215 2 4 18 O 10
3215 3210 2 5 23 O 10
3208 3216 2 3 12 O 20
3216 4046 2 18 96 M 10
2935 3213 2 5 24 O 30
3213 3217 2 4 20 O 30
3217 3219 2 4 22 O 20
3219 3209 2 4 20 M 30
2935 3211 2 10 52 O 30
3212 3213 2 11 56 O 20
3214 3215 2 10 52 O 30
4076 3216 2 14 75 O 30
3217 3218 2 7 38 O 10
3219 3220 2 7 37 O 10
3221 3222 2 8 41 M 30
3223 3224 2 9 47 M 10
3226 3228 2 9 46 O 30
3228 3227 2 17 91 O 30
3227 3226 2 9 45 M 10
3227 5426 2 6 33 M 30
5426 3228 2 6 33 O 30
4045 4044 1 14 76 O 30
4044 3229 1 3 12 O 30
3230 4045 1 2 6 M 10
3231 3232 2 9 47 O 20
3232 3233 2 8 41 M 10
3234 3235 2 9 45 O 30
3236 3237 2 23 123 O 10
3238 3239 2 17 92 M 30
3240 3241 2 9 46 M 30
3242 4075 2 4 20 M 10
4075 3243 2 5 26 O 30
3244 3081 2 8 41 O 20
3081 3245 2 5 25 O 20
3246 3247 2 44 240 M 10
3247 3248 2 5 22 M 30
3247 3249 2 28 152 O 20
3250 3251 2 8 40 M 20
3252 3253 2 4 20 O 30
3253 3254 2 22 119 O 30
3253 3256 2 10 54 O 30
3256 3255 2 8 44 O 20
3724 3256 2 2 7 O 20
3256 3723 2 3 13 O 20
2778 3721 2 8 42 O 20
3721 3258 2 9 47 O 20
3259 3721 2 4 17 O 30
3721 3260 2 3 16 O 20
2819 3261 2 3 14 O 10
3267 3262 2 4 19 O 10
3264 3265 1 3 12 O 30
3266 3264 2 6 31 O 20
3262 3328 2 5 23 O 20
3263 3262 2 2 10 M 10
3264 3692 2 3 14 O 20
3692 3263 2 1 4 O 10
3268 3267 2 3 13 O 10
3267 3266 2 3 14 O 30
3271 2864 1 7 39 O 10
3273 4078 2 3 12 O 20
2662 2663 2 1 4 O 30
2663 3273 2 9 46 M 20
3275 3274 2 4 21 O 20
3276 3275 2 10 55 O 10
3275 3277 2 19 102 O 30
3281 3279 2 2 9 O 30
3284 3281 2 2 8 O 20
3279 3280 2 28 153 O 10
3283 3282 2 16 85 O 20
91 118 2 16 84 O 30
118 3285 2 5 27 O 10
3288 3289 2 46 251 M 10
3292 3291 2 11 56 O 30
4462 4445 2 33 0 C 0
4445 4463 2 27 0 C 0
2759 4496 2 15 83 O 20
4493 4494 2 43 0 C 0
4494 2906 2 60 0 C 0
2906 4587 2 24 0 C 0
4587 4591 2 23 0 C 0
4568 4569 2 16 87 O 20
4569 4498 2 58 320 O 10
1401 535 2 13 72 O 10
535 3278 2 2 6 O 10
3278 2899 2 1 2 O 20
2899 1531 2 13 67 O 30
1430 1431 2 20 107 M 20
1431 1254 2 20 108 M 20
3294 416 2 12 65 O 20
416 3293 2 2 6 O 10
1593 1477 2 9 46 M 20
3308 3306 1 4 0 C 0
3302 3299 1 3 0 C 0
1456 1787 2 6 30 O 30
2269 1788 2 16 85 M 20
1792 3309 1 2 0 C 0
2267 3314 1 3 14 O 20
3314 3311 1 7 38 O 30
3311 3313 1 5 26 O 10
3319 909 2 53 292 O 10
909 127 2 6 30 O 20
127 910 2 27 147 O 20
3323 3317 1 7 37 O 10
3324 2102 1 2 11 O 10
2102 3325 1 2 10 O 30
5366 4405 2 11 0 C 0
4405 4407 2 8 41 O 30
4407 5365 2 13 68 M 20
3329 3328 1 2 9 O 20
3328 3703 1 7 38 O 30
3332 3331 1 8 41 M 10
3335 3334 1 2 0 C 0
3336 3335 1 10 0 C 0
3334 3337 1 11 0 C 0
3338 3339 1 5 24 O 10
3341 3340 1 7 36 O 10
3345 3346 2 14 72 O 10
1014 3339 2 5 27 O 20
3339 3345 2 5 22 O 30
3351 3359 1 3 0 C 0
3358 3351 1 3 0 C 0
3356 3352 1 4 0 C 0
3352 3357 1 4 0 C 0
3354 3353 1 3 0 C 0
3353 3355 1 3 0 C 0
3361 3354 1 1 0 C 0
3355 3356 1 1 0 C 0
3356 3357 1 1 0 C 0
3357 3358 1 1 0 C 0
3358 3359 1 2 0 C 0
3359 3360 1 1 0 C 0
3360 3361 1 2 0 C 0
3421 3419 1 3 0 C 0
3349 3371 1 3 14 O 10
3367 3349 1 3 13 O 10
3348 3402 1 3 13 O 30
3368 3348 1 3 13 O 30
3369 3363 1 3 12 M 10
3363 3759 2 30 165 M 20
3365 3364 1 3 11 O 20
3364 3366 1 3 12 O 30
3370 3365 1 1 2 O 20
3365 3366 1 1 5 O 30
3366 3367 1 1 3 O 30
3367 3371 1 1 5 O 10
3371 3368 1 1 2 O 20
3368 3402 1 1 5 O 20
3402 3369 1 1 2 O 10
3369 3362 1 1 4 O 10
3362 3370 1 1 1 O 10
3363 3362 1 3 12 M 30
3379 3373 1 1 2 O 10
3373 3384 1 2 6 O 10
3384 3374 1 1 3 O 30
3374 3372 1 1 5 M 20
3372 3375 1 1 2 O 30
3375 3376 1 2 6 O 10
3376 3377 1 1 2 O 30
3377 3378 1 1 5 O 10
3378 3379 1 1 2 O 30
3380 3376 1 3 14 O 10
3375 3380 1 3 14 O 30
3374 3381 1 3 12 O 30
3381 3372 1 3 12 O 30
3373 3382 1 3 11 O 10
3382 3384 1 3 12 M 20
3383 3378 1 3 12 O 30
3383 3349 2 31 171 M 10
2323 2306 2 11 57 O 30
2306 2310 2 15 79 O 20
2310 2314 2 15 79 O 10
2314 2318 2 15 79 O 10
2318 2327 2 14 78 O 30
2327 3380 2 12 61 O 30
3377 3383 1 3 13 O 10
3386 3385 2 5 24 O 20
3397 3392 1 3 13 O 30
3396 3390 1 3 14 O 10
3394 3391 1 3 14 O 30
3393 3395 1 3 12 O 30
3395 3399 1 3 12 O 20
3391 3400 1 3 14 O 20
3398 3396 1 3 13 M 10
961 3397 1 3 13 O 20
3394 3400 1 1 4 O 20
3400 3393 1 1 2 O 20
3393 3399 1 2 6 O 30
3399 961 1 1 2 O 30
961 3392 1 2 6 O 10
3392 3398 1 1 2 O 30
3398 3390 1 2 6 O 10
3390 3394 1 1 2 O 30
1080 5171 2 68 375 O 30
5171 544 2 2 10 O 20
544 3395 2 27 146 O 10
3397 63 2 14 75 O 20
63 962 2 16 87 O 10
962 4383 2 22 120 O 10
4383 5017 2 2 8 O 10
5017 4384 2 5 27 O 20
4384 963 2 4 22 O 20
3405 3817 1 9 47 O 20
3403 1965 1 9 47 O 20
3406 3404 1 4 20 O 20
3409 3410 1 2 7 O 20
3411 3409 1 5 26 O 10
3824 3411 1 8 43 O 30
1964 3412 1 8 43 O 10
3420 3415 1 3 0 C 0
3415 3416 1 3 0 C 0
3416 3413 1 1 0 C 0
3417 3421 1 3 0 C 0
3353 3421 2 19 0 C 0
3415 2407 2 11 0 C 0
2407 2406 2 12 0 C 0
3422 3414 1 3 0 C 0
3413 3422 1 3 0 C 0
4481 210 2 4 21 O 20
210 4482 2 23 127 O 30
3424 3433 1 3 15 O 20
3432 3424 1 3 13 O 10
3425 3436 1 3 15 O 30
3431 3425 1 3 13 O 20
3427 3426 1 3 13 O 10
3426 3430 1 3 14 O 20
3429 3428 1 3 13 O 30
3434 3429 1 3 13 O 20
3435 3427 1 1 1 O 30
3427 3430 1 2 6 O 30
3430 3431 1 1 4 O 10
3431 3436 1 2 7 M 30
3436 3432 1 1 2 M 20
3432 3433 1 1 5 O 30
3433 3434 1 1 4 M 20
3434 3428 1 1 5 O 30
3428 3435 1 1 1 O 10
3426 1439 2 50 274 O 10
3429 1410 2 16 87 O 30
1410 1878 2 9 47 O 30
3441 3437 1 2 6 O 30
3443 3437 1 3 13 M 10
3441 3443 1 3 14 O 10
3444 3440 1 3 14 O 30
3439 3444 1 3 12 O 30
3445 3442 1 4 18 O 20
3438 3445 1 4 17 M 30
3443 1321 2 17 94 O 10
1321 3424 2 18 95 O 10
3448 2416 1 7 38 O 10
924 3447 1 9 45 O 20
3447 5030 1 5 25 O 30
5030 925 1 3 15 O 20
1821 1796 2 7 35 O 20
1796 1794 2 5 22 O 30
1794 3450 2 16 85 O 30
50 5078 2 5 27 M 30
5078 1247 2 16 84 O 10
1247 1246 2 35 189 M 20
1246 5124 2 37 201 O 30
5124 2654 2 27 147 O 20
2654 2069 2 7 37 O 30
2069 1910 2 3 12 M 30
1910 5010 2 35 193 O 30
5010 5011 2 13 71 O 20
5011 4948 2 10 53 O 10
4948 5353 2 14 76 O 30
5353 592 2 27 150 O 10
592 3707 2 8 43 O 10
3707 4949 2 13 0 C 0
4949 5352 2 24 0 C 0
3453 3452 2 2 8 O 30
3452 2083 2 5 23 O 20
3492 967 2 80 442 O 30
967 3898 2 14 76 O 10
3898 487 2 32 173 O 30
487 981 2 3 16 O 30
3459 3458 1 2 9 O 10
1157 3459 1 2 6 O 30
3454 3455 1 2 9 O 30
3455 1157 1 2 7 O 10
3457 3456 1 7 36 O 20
3456 3454 1 2 6 O 10
3457 3499 2 24 133 M 10
3499 3497 2 30 166 O 10
3497 3460 2 21 116 O 30
3458 3456 1 1 5 M 30
3456 1943 1 5 23 O 10
1943 3454 1 5 25 O 10
3454 1157 1 1 5 O 30
1943 1158 2 12 63 O 30
1158 1944 2 25 137 O 10
3135 3460 1 3 17 O 30
3460 3461 1 4 18 O 30
3134 3462 1 4 17 O 10
3462 3138 1 4 18 O 10
3137 3463 1 4 21 M 20
3463 3136 1 4 21 O 30
3469 3145 1 4 18 O 20
3464 3465 1 5 22 O 30
3468 3142 1 3 13 O 30
3467 3466 1 4 21 O 20
3466 3144 1 4 20 O 20
3143 3469 1 4 18 O 30
3465 3141 1 4 22 O 20
3140 3468 1 3 12 O 20
3472 3470 1 4 20 O 10
1145 3472 1 4 18 O 30
3476 3471 1 4 17 O 30
3471 3479 1 4 18 O 20
3477 3479 1 1 3 O 20
3479 3473 1 1 3 O 20
3473 3474 1 1 5 O 10
3474 1145 1 1 3 O 10
1145 3470 1 2 8 M 30
3470 3475 1 1 2 O 30
3475 3478 1 2 6 M 10
3478 3476 1 1 3 O 30
3476 3477 1 1 5 O 20
3469 3481 2 76 417 O 30
3472 3956 2 16 88 O 30
3956 3482 2 9 45 O 20
3475 3480 1 4 18 O 10
3480 3478 1 4 19 O 10
3473 3481 1 4 18 M 10
3481 3474 1 4 19 O 20
3485 3482 1 4 18 O 10
3482 3490 1 4 18 O 10
3484 3483 1 3 17 O 30
2603 3484 2 22 118 O 20
3488 3485 1 1 2 O 30
3485 3490 1 2 7 O 10
3490 3486 1 1 2 M 10
3486 3489 1 1 5 O 10
3489 980 1 1 2 O 30
980 3483 1 2 7 O 10
3483 3487 1 1 2 M 10
3487 3488 1 1 5 M 20
980 3484 1 4 17 O 30
3486 3492 1 3 17 O 20
3492 3489 1 3 16 O 30
3491 3488 1 4 18 O 20
3487 3491 1 4 19 O 20
3496 3938 2 3 12 O 20
3938 3493 2 24 130 O 30
3497 3496 2 4 19 M 20
3496 3495 2 13 72 O 10
3495 3494 2 30 162 O 20
3498 3962 2 26 142 M 30
3962 3963 2 7 34 M 10
3963 3498 2 9 47 M 20
3504 2230 2 13 67 M 10
3503 3504 2 4 17 O 30
1102 1103 2 15 82 O 10
3508 3506 2 38 208 O 10
3509 3508 2 20 110 M 10
3508 3507 2 23 124 M 10
3516 3515 2 16 85 M 30
3524 3531 1 5 24 O 20
3523 3524 1 4 20 O 20
3526 3525 1 4 21 O 10
3530 3526 1 5 25 O 20
3527 3528 1 5 23 O 20
3528 3529 1 4 22 O 20
3532 3529 1 1 3 O 30
3529 3530 1 2 8 M 10
3530 3525 1 2 10 O 10
3525 3523 1 1 4 O 20
3523 3531 1 2 9 O 10
3531 3527 1 2 8 O 30
3527 3532 1 1 5 O 20
3528 2287 2 41 225 M 20
3536 3534 1 4 21 M 30
3534 1197 1 2 10 O 20
2486 3538 1 2 10 O 10
3538 3536 1 3 16 O 30
3536 3535 1 1 5 O 30
3537 3540 1 1 5 O 30
3540 2487 1 3 12 O 20
2487 2486 1 3 16 O 20
3541 3539 1 2 11 O 30
3542 3541 1 9 46 O 20
721 3542 1 9 45 O 30
1193 1194 2 20 0 C 0
3544 3546 1 1 2 O 10
3546 3545 1 3 17 O 20
3545 3543 1 3 13 O 30
3543 3544 1 2 7 O 30
1881 1192 2 37 201 M 20
1192 3545 2 17 90 O 20
3554 3558 1 3 13 M 20
3551 3555 1 3 12 M 20
3586 3552 1 3 13 O 30
3553 3559 1 3 13 O 20
3562 3553 1 3 13 O 10
3557 3554 1 3 13 O 20
3555 3556 1 3 13 O 30
3552 5243 2 4 20 M 20
5243 2345 2 31 168 O 30
3561 3551 1 1 2 O 30
3551 3556 1 2 7 O 20
3556 3557 1 1 2 O 20
3557 3558 1 1 5 O 10
3558 3562 1 1 3 M 10
3562 3559 1 2 6 O 10
3559 3586 1 1 1 O 10
3586 3560 1 1 6 O 10
3560 3561 1 1 1 O 30
3555 2027 2 12 62 O 20
2027 3564 2 12 63 O 20
3563 3589 1 3 15 O 10
3571 3566 1 3 12 O 30
3564 3569 1 3 14 M 20
3572 3564 1 3 13 O 20
3568 3565 1 3 14 M 10
3565 3588 1 3 14 O 10
3566 3567 1 3 13 O 10
3570 3563 1 3 14 M 10
3587 3567 1 1 4 O 10
3567 3568 1 1 1 O 10
3568 3588 1 1 4 O 20
3588 3572 1 1 2 O 10
3572 3569 1 1 4 O 30
3569 3570 1 1 2 O 10
3570 3589 1 1 5 O 10
3589 3571 1 1 1 M 20
3571 3587 1 1 1 O 30
3563 2353 2 34 189 O 30
2353 2354 2 37 203 O 20
2354 2355 2 37 204 M 30
3566 2758 2 12 64 O 10
2758 2365 2 15 78 O 30
2365 2368 2 15 79 O 20
2368 2375 2 15 78 O 20
2375 2376 2 15 79 O 30
2376 2377 2 15 79 M 20
3575 3577 1 3 12 O 20
3573 3582 1 3 13 O 30
3576 3580 1 3 12 O 30
3578 3574 1 3 12 M 10
3574 3579 1 3 13 O 30
3584 3575 1 3 11 O 10
3581 3573 1 3 13 O 20
3585 3576 1 3 11 O 20
3583 3584 1 1 2 M 30
3584 3577 1 1 5 O 30
3577 3578 1 1 4 O 20
3578 3579 1 2 6 O 30
3579 3585 1 1 3 O 30
3585 3580 1 1 5 O 20
3580 3581 1 1 4 M 10
3581 3582 1 1 5 O 10
3582 3583 1 1 3 M 30
2321 2311 2 12 66 O 10
2311 3574 2 34 187 O 30
2302 2809 2 15 79 O 10
2809 3576 2 12 61 O 30
3594 3590 1 3 14 O 20
3590 3595 1 3 14 O 20
3596 3591 1 3 11 M 30
3591 3597 1 3 12 O 10
3592 3598 1 3 14 O 10
2331 3592 1 3 12 O 10
3593 3600 1 3 12 O 30
3599 3593 1 3 12 O 30
3601 3594 1 1 1 O 30
3594 3595 1 1 5 O 10
3595 3596 1 1 3 O 20
3596 3597 1 1 4 O 30
3597 2331 1 1 3 O 20
2331 3598 1 2 6 O 20
3598 3599 1 1 1 O 20
3599 3600 1 1 4 O 20
3600 3601 1 1 1 O 20
2304 2303 2 13 71 O 20
2303 2305 2 15 78 O 20
2305 2311 2 15 79 O 30
2311 2312 2 15 78 O 10
2312 2320 2 15 79 O 10
2320 2326 2 15 79 M 30
2326 3592 2 12 62 O 30
2333 2332 2 35 194 M 30
2332 3591 2 35 189 O 20
3607 3605 1 3 11 O 20
3605 3603 1 3 13 O 20
3602 3608 1 3 12 O 20
3191 3602 1 3 12 O 10
3606 3610 1 3 12 O 10
3609 3606 1 3 12 O 20
3604 3610 1 1 1 O 10
3610 3607 1 1 2 O 30
3607 3603 1 2 6 O 10
3603 4098 1 1 2 O 10
4098 3191 1 1 3 M 20
3191 3608 1 1 4 O 20
3608 3609 1 1 1 O 30
3609 3604 1 1 2 O 10
3590 2335 2 11 60 O 20
2335 2344 2 15 79 O 20
2344 3602 2 12 65 O 20
336 338 2 4 17 O 20
338 3618 2 11 59 O 20
3619 3746 1 5 23 O 10
3628 3621 1 1 1 O 30
3621 3622 1 1 3 O 10
3622 3623 1 1 5 O 30
3623 3624 1 1 2 O 10
3624 3625 1 1 5 M 10
3625 3626 1 1 1 M 10
3626 3620 1 2 7 O 10
3620 3627 1 1 1 O 20
3627 3628 1 1 3 O 10
985 979 2 32 177 O 20
979 986 2 32 178 O 10
986 987 2 32 178 O 30
987 928 2 33 178 O 20
928 119 2 15 83 O 10
119 988 2 18 95 O 10
988 989 2 32 176 O 20
989 3973 2 29 156 O 30
1054 3974 2 79 438 O 30
1930 3726 2 33 179 O 30
3726 4614 2 4 20 O 10
3639 2824 1 4 0 C 0
3636 2823 1 4 0 C 0
3640 3636 1 1 0 C 0
3641 3635 1 1 0 C 0
3635 3637 1 2 0 C 0
3637 3638 1 1 0 C 0
3638 1834 1 1 0 C 0
1834 3639 1 1 0 C 0
2824 3640 1 4 0 C 0
2823 3641 1 4 0 C 0
3644 3642 1 1 2 O 20
3642 3646 1 2 6 O 10
3646 3647 1 1 4 O 30
3647 3645 1 2 9 M 10
3645 3643 1 1 5 O 30
3643 1859 1 1 1 O 10
1859 3644 1 2 6 O 30
3642 3511 1 4 18 O 20
3510 3643 1 4 19 O 10
3648 3644 1 4 19 O 30
3511 3646 1 4 20 O 10
1859 3648 1 4 18 O 20
3645 3510 1 4 18 O 10
3647 3512 2 14 76 O 30
3512 1860 2 16 84 M 10
1860 1861 2 28 152 O 20
3657 3510 2 72 400 O 10
3653 3650 1 1 2 O 20
3650 3654 1 1 3 O 10
3654 3649 1 1 5 M 20
3649 1855 1 1 2 O 10
1855 3651 1 1 5 M 10
3651 3656 1 1 2 O 30
3656 3652 1 1 3 O 30
3652 3655 1 1 2 O 30
3655 3653 1 1 2 O 20
3654 3657 1 4 18 M 20
3655 3630 1 4 17 O 10
3658 3652 1 4 18 O 10
3629 3651 1 4 18 M 20
3657 3649 1 4 19 O 20
3630 3650 1 4 17 O 20
3656 3658 1 4 17 O 30
1855 3629 1 4 17 O 10
1823 2260 2 7 39 M 10
2260 3049 2 15 80 M 30
3049 1847 2 2 7 O 30
1847 2819 2 16 84 O 30
2819 1848 2 8 42 O 20
1848 3658 2 54 297 O 20
3629 1856 2 15 78 O 20
3664 3666 1 1 5 M 10
3661 3669 1 4 18 O 10
3663 3665 1 3 14 O 20
3666 3667 1 4 17 O 20
3668 3632 1 3 14 O 10
3632 3659 1 3 16 O 10
3669 3662 1 4 18 M 30
3665 3664 1 3 15 O 30
3667 1553 1 4 17 O 20
3511 3665 2 62 343 O 10
1550 1552 2 26 140 M 10
1552 3667 2 22 122 O 30
3679 3670 1 2 11 O 30
3671 3672 1 3 13 O 10
3674 3673 1 2 11 O 30
3676 3633 1 2 10 O 30
3670 3675 1 1 2 O 30
3675 3672 1 2 6 O 20
3672 3674 1 1 2 O 10
3674 1857 1 1 4 O 10
1857 3676 1 1 4 O 20
3676 3677 1 1 4 O 20
3677 3678 1 1 2 O 30
3678 3670 1 1 4 O 30
3675 3671 1 2 10 M 20
3673 1857 1 3 12 O 20
3673 1858 2 25 138 O 10
1858 3648 2 24 131 O 10
3633 3677 1 2 11 O 10
3678 3679 1 2 10 O 10
3671 1863 2 32 177 O 20
1863 1550 2 14 74 O 10
1550 1551 2 17 0 C 0
1551 1840 2 29 0 C 0
1840 3680 2 40 0 C 0
3634 3686 1 3 0 C 0
3680 3683 1 2 0 C 0
3684 3681 1 2 0 C 0
3687 3682 1 1 0 C 0
3682 3683 1 1 0 C 0
3683 3684 1 1 0 C 0
3684 3688 1 1 0 C 0
3688 1838 1 1 0 C 0
1838 3685 1 1 0 C 0
3685 3689 1 1 0 C 0
3686 3687 1 1 0 C 0
3689 3634 1 3 0 C 0
3682 3680 1 2 0 C 0
3681 3688 1 2 0 C 0
3634 1837 2 10 0 C 0
1837 1836 2 16 0 C 0
1836 4234 2 2 0 C 0
4234 4387 2 6 0 C 0
4387 3423 2 6 0 C 0
3423 5251 2 8 0 C 0
5251 3351 2 4 0 C 0
1557 3699 1 11 58 O 10
721 3541 2 2 6 O 30
709 721 1 4 19 O 30
3539 3540 1 5 23 M 30
3540 3536 1 1 5 O 10
2485 721 2 5 23 M 10
3715 3716 1 4 17 O 10
3715 2611 2 16 84 O 10
3725 3257 2 14 77 O 20
3286 3724 2 3 13 O 10
3723 3725 2 4 20 O 20
2562 3726 1 7 33 O 30
3305 3308 1 4 0 C 0
3299 3728 1 3 0 C 0
3307 3301 1 4 0 C 0
3732 67 1 13 70 O 20
3735 3737 1 6 33 O 20
67 3734 1 11 59 O 30
3736 3733 1 3 12 O 10
822 815 1 2 7 O 20
3084 825 2 4 21 O 10
814 824 2 10 52 O 20
824 825 2 4 17 O 20
771 772 2 7 35 O 10
781 771 1 5 28 O 30
774 5427 2 2 8 M 20
5427 771 2 2 8 M 10
3753 3747 1 3 12 O 20
3748 3758 1 3 15 M 30
3749 3750 1 3 14 O 20
3755 3751 1 3 16 O 10
3757 3750 1 1 2 O 30
3750 3748 1 1 2 M 30
3748 3752 1 2 7 O 30
3752 3753 1 1 2 O 10
3753 3754 1 1 5 O 20
3754 3755 1 1 2 O 30
3755 2363 1 2 7 O 10
2363 3756 1 1 2 O 30
3756 3757 1 1 2 M 20
3758 3752 1 3 15 O 20
3749 3777 2 30 161 O 20
3751 2363 1 3 16 O 30
3747 3754 1 3 12 O 20
3756 3749 1 3 14 O 20
3364 2338 2 12 64 O 10
2338 2397 2 14 75 M 10
2397 2347 2 15 81 O 10
2347 2354 2 15 78 O 30
2354 2360 2 15 79 M 10
2360 3751 2 11 59 O 30
3759 3767 1 4 18 O 20
3764 3759 1 4 19 M 10
3761 3760 1 3 14 O 20
3762 3766 1 3 14 O 20
3765 3761 1 1 2 O 20
3761 3763 1 2 6 O 10
3763 3764 1 1 2 O 20
3764 3767 1 1 4 O 30
3767 3762 1 1 2 O 20
3762 2340 1 2 6 O 10
2340 3765 1 1 2 O 30
3766 2340 1 3 15 O 10
3760 3763 1 3 13 O 30
2406 2308 2 7 0 C 0
2308 2821 2 12 0 C 0
2821 2820 2 3 0 C 0
2820 2316 2 15 0 C 0
2316 2329 2 15 80 O 20
2329 2405 2 1 4 O 10
2405 3766 2 10 54 O 20
3771 3776 1 3 15 O 10
3769 3768 1 3 12 O 20
3777 3773 1 4 19 O 10
3778 3774 1 3 14 O 20
3775 3770 1 1 2 M 30
3770 3771 1 1 2 O 30
3771 2362 1 2 6 O 30
2362 3772 1 1 2 O 30
3772 3773 1 2 7 O 10
3773 3779 1 1 1 O 20
3779 3774 1 2 6 O 20
3774 3769 1 1 3 M 20
3769 3775 1 1 2 M 30
3776 2362 1 3 15 O 10
3772 3777 1 4 19 O 20
3768 3770 1 3 13 O 30
3779 3778 1 3 14 O 30
3776 2371 2 10 55 O 20
2371 2373 2 15 79 O 20
2373 2400 2 5 24 O 30
2400 2382 2 10 54 O 20
2382 646 2 8 40 O 30
646 2401 2 9 48 O 30
2401 1565 2 8 43 O 20
1565 4340 2 1 5 O 10
4340 2383 2 5 23 M 30
2383 1723 2 14 78 O 20
1723 2390 2 14 74 O 10
2390 2392 2 16 84 O 30
2392 2393 2 15 79 O 20
2393 580 2 3 13 O 30
580 2394 2 13 68 O 30
3780 3783 1 5 0 C 0
3781 3782 1 3 0 C 0
3782 3788 1 3 0 C 0
1199 3780 1 5 0 C 0
3783 3781 1 1 0 C 0
3788 3787 1 1 0 C 0
3787 3784 1 1 0 C 0
3784 3785 1 1 0 C 0
3785 3786 1 2 0 C 0
3786 1199 1 1 0 C 0
2486 710 2 20 109 O 20
710 4365 2 14 73 M 30
4365 4366 2 15 80 O 20
4366 3780 2 14 0 C 0
4461 4471 2 23 124 O 10
4471 4474 2 45 245 O 10
1969 2030 2 8 43 M 10
2030 3794 2 3 15 O 10
3794 2034 2 9 46 O 10
2034 2037 2 4 17 O 10
2037 2035 2 3 15 O 10
1897 1933 2 12 67 O 30
3797 3820 1 5 24 M 10
3798 3797 1 4 19 O 30
3796 3798 1 7 34 O 20
3799 3796 1 7 36 O 10
3816 3799 1 5 26 O 10
2532 3800 1 5 25 O 20
3802 3803 1 2 8 O 20
3804 3802 1 2 11 O 30
3809 2074 1 2 8 O 30
2074 3804 1 2 10 O 30
3803 3809 1 2 6 O 20
2074 3802 1 2 6 O 10
3803 3805 1 23 124 O 10
3805 1251 1 18 97 M 20
1251 3809 1 5 27 M 10
2636 300 2 12 66 M 20
300 299 2 2 7 M 10
299 1250 2 19 102 O 10
1250 4392 2 7 36 O 10
4392 4390 2 5 23 O 30
4390 3805 2 15 82 M 20
3807 2832 1 6 31 O 10
1251 3808 1 8 41 M 30
3809 3808 1 5 23 O 30
2075 3807 1 7 36 O 30
2257 1207 2 3 15 O 30
3812 3811 1 3 16 O 20
3811 2943 1 8 41 O 20
3813 2055 2 2 6 O 20
3813 1974 1 13 68 O 20
3814 3813 1 9 46 O 20
3819 3814 1 7 36 O 10
1973 1972 1 8 41 O 30
3343 4397 2 2 9 O 10
2534 1966 1 4 21 O 10
3818 3816 1 26 142 M 30
3817 3818 1 30 166 O 20
3821 1969 2 2 6 O 10
1970 3822 2 1 3 M 20
3822 1448 2 21 113 O 10
1448 79 2 8 41 O 20
79 3826 2 3 11 O 10
3826 1449 2 6 28 M 10
3820 3821 1 15 82 O 30
3821 3823 1 6 33 O 20
3823 3822 1 18 95 O 30
3822 3819 1 47 258 O 30
3825 3824 1 70 388 M 20
3827 2188 1 2 0 C 0
3828 241 1 1 0 C 0
1170 239 1 3 0 C 0
3829 3830 1 1 0 C 0
3830 1160 1 2 0 C 0
1160 3831 1 1 0 C 0
3831 3833 1 2 0 C 0
3833 3832 1 1 0 C 0
3836 3835 1 1 0 C 0
3835 3834 1 3 0 C 0
3834 3829 1 3 0 C 0
3837 3836 1 4 0 C 0
3832 3837 1 4 0 C 0
804 3840 2 2 11 O 30
3842 3840 2 2 7 O 10
3839 799 2 4 17 O 10
3847 3846 1 3 12 M 10
3850 3857 1 1 2 O 30
3857 3848 1 1 2 M 30
3848 3851 1 2 7 O 30
3851 3856 1 1 2 O 20
3856 3849 1 1 4 O 30
3849 3855 1 1 2 O 20
3855 1095 1 2 7 O 10
1095 3847 1 1 2 O 20
3847 3850 1 1 2 O 20
3852 3851 1 4 19 O 10
3853 3849 1 3 15 M 20
3856 3853 1 3 15 O 20
3855 3854 1 3 12 M 20
3854 921 2 24 128 O 20
3848 3852 1 4 18 O 30
3846 1096 2 49 267 O 20
3854 1095 1 3 13 O 30
3846 3857 1 3 12 O 30
3858 3864 1 4 19 O 30
3869 3858 1 3 14 M 30
3860 3859 1 4 17 M 30
3865 3867 1 3 15 O 30
3868 3862 1 3 15 M 20
3866 3861 1 1 2 O 20
3861 1060 1 1 2 O 30
1060 3862 1 1 5 M 10
3862 3863 1 1 5 O 10
3863 3859 1 2 7 O 10
3859 3869 1 1 2 M 10
3869 3864 1 2 6 O 20
3864 3865 1 1 3 O 30
3865 3866 1 1 3 M 20
3863 3860 1 3 17 O 30
3867 3861 1 3 15 O 20
1060 3868 1 3 16 M 30
919 3868 2 18 97 M 30
3867 1061 2 28 155 O 20
3870 3871 1 3 16 M 30
3873 3872 1 4 18 O 20
3878 3881 1 3 14 O 20
3880 3875 1 3 15 O 30
3879 1073 1 1 2 M 30
1073 3874 1 1 2 O 20
3874 3875 1 2 6 O 20
3875 3876 1 1 2 O 20
3876 3871 1 1 4 O 20
3871 3873 1 1 2 M 10
3873 3877 1 2 6 O 30
3877 3878 1 1 2 O 10
3878 3879 1 1 2 M 10
3872 3852 2 25 134 M 20
3876 3870 1 3 16 O 10
3874 3880 1 3 15 O 30
3881 1073 1 3 13 O 30
1072 3881 2 40 222 M 30
3872 3877 1 4 18 O 10
3884 1166 1 1 2 O 20
1166 3882 1 1 1 M 10
3882 3883 1 1 4 M 10
3883 3890 1 1 2 O 30
3890 3889 1 2 6 O 20
3889 3885 1 1 4 O 10
3885 3884 1 1 4 M 10
3885 3886 1 3 15 M 10
3887 3883 1 3 15 O 10
3882 3887 1 3 16 O 30
3888 3889 1 3 17 O 30
3890 3888 1 3 15 O 30
3886 1166 1 3 15 O 30
1576 2185 2 3 12 O 10
2185 5409 2 12 62 O 10
5409 5410 2 5 27 O 10
5410 1074 2 4 22 O 10
1074 1075 2 50 276 O 10
1075 3886 2 19 104 O 30
3896 3895 2 13 71 O 10
3898 3897 2 16 84 O 10
3899 3902 2 10 54 O 10
3902 3900 2 10 51 O 10
3903 3902 2 6 32 O 20
3902 3901 2 22 121 O 20
3905 3904 2 14 75 O 20
3907 3906 2 17 92 O 30
3909 3908 2 14 74 O 20
3912 3911 2 11 56 O 30
3911 3910 2 9 49 O 30
3914 3913 2 32 177 O 30
3916 3915 2 16 84 O 20
3918 3917 2 10 54 O 10
3920 3919 2 8 44 O 30
3921 3923 2 14 73 O 20
3923 3922 2 15 78 M 10
3925 3924 2 12 64 O 10
3927 3926 2 15 80 O 20
3929 3928 2 10 54 O 20
3931 3930 2 10 54 O 20
3933 749 2 1 3 M 30
744 3932 2 1 4 O 30
2136 3934 2 7 34 O 30
3934 3935 2 2 9 O 20
3935 2136 2 5 25 O 10
3942 3941 2 10 52 O 30
3941 3940 2 14 74 O 20
3944 3943 2 17 90 O 30
3948 3945 2 4 21 O 30
3945 3947 2 18 97 M 30
3947 3946 2 11 59 O 20
3946 3945 2 7 34 O 30
3950 3949 2 27 145 O 20
3951 3953 2 6 31 O 30
3954 3953 2 6 29 O 30
3953 3952 2 8 44 O 20
3939 3954 2 18 96 M 10
3954 3955 2 7 33 M 20
3962 3961 2 19 105 O 30
3499 3498 2 21 111 O 10
3972 4181 2 4 21 M 10
4181 3966 2 1 4 O 20
3966 3965 1 15 83 O 30
3965 3964 1 13 67 O 20
3964 3966 1 5 25 O 20
3968 3967 1 4 18 O 30
3971 3968 1 4 17 O 20
3970 3969 1 3 16 O 20
3969 3446 1 3 16 O 10
3446 3971 1 1 5 O 10
3971 3967 1 1 6 O 30
3969 1329 2 9 49 O 20
1329 1330 2 21 112 O 30
1330 4183 2 17 92 O 10
4183 3444 2 2 6 O 20
3973 3625 1 4 20 M 20
3624 3973 1 4 19 O 10
3974 3620 1 4 22 O 20
3626 3974 1 4 21 O 20
3627 3975 1 3 16 O 30
3975 3621 1 3 16 M 20
3622 3893 1 3 16 O 20
3893 3623 1 4 17 O 30
3978 3977 2 5 27 O 30
3977 380 1 2 11 O 20
380 3976 1 20 107 O 10
3976 3977 1 3 16 M 30
935 3983 2 2 7 O 30
3983 3981 1 9 46 M 30
3981 3985 1 10 52 O 20
3982 3983 1 8 41 O 10
2596 3982 1 11 56 O 30
3984 2594 1 10 53 O 30
3987 3986 2 17 93 O 20
3990 3989 2 57 316 M 20
3989 3988 2 3 16 O 10
3985 1985 1 2 9 M 10
1985 3984 1 2 9 O 30
3984 3985 2 1 2 O 30
1933 3796 2 2 7 M 10
2804 2803 1 4 19 O 30
3709 2804 1 6 31 O 20
3195 3201 2 5 23 O 30
3201 3199 2 4 20 O 10
3199 3198 2 4 17 O 30
3997 2705 1 1 4 O 20
3225 3226 2 3 15 O 30
4002 4001 1 2 11 M 20
4002 2709 2 2 11 M 30
4004 4003 2 16 88 O 30
4006 4005 2 21 112 O 30
4009 4008 2 20 106 M 20
4011 4010 2 13 69 O 20
4013 4012 2 23 125 O 30
4015 4014 2 8 41 O 20
4017 4016 2 11 59 O 20
4019 4017 2 4 21 M 20
4017 4018 2 9 46 O 20
4021 4020 2 15 80 M 20
4023 4022 2 20 109 O 30
4025 4024 2 10 51 O 30
4027 4026 2 19 104 O 10
4029 4028 2 16 84 M 30
4031 4030 2 16 84 O 10
4033 4032 2 19 104 O 10
4035 4034 2 9 48 O 30
4037 4036 2 15 82 O 10
4039 4927 2 6 30 O 10
4927 4038 2 19 103 O 10
4041 4039 2 4 18 M 10
4039 4040 2 10 52 O 20
378 2660 2 10 52 O 10
3210 4047 2 11 59 O 10
4047 4048 2 4 21 O 10
4048 3210 2 7 39 O 10
4043 4042 2 4 20 M 30
4051 4050 1 30 165 M 10
4050 4054 1 3 15 O 30
4054 4051 1 28 150 O 30
4050 1900 2 5 26 O 30
1900 2888 2 3 15 O 10
2888 4305 2 11 57 O 30
4305 5344 2 12 64 M 20
4053 4052 1 23 126 O 20
4052 1898 1 11 60 O 20
1898 4053 1 12 65 M 30
4052 564 2 1 3 M 20
564 2882 2 7 36 M 20
2882 2950 2 4 18 O 10
2950 2951 2 5 27 M 30
2951 1241 2 16 87 O 10
740 735 2 7 36 O 20
4929 4928 2 3 12 O 30
4928 4930 2 7 38 O 20
4056 4055 2 11 61 O 10
4059 4905 2 4 18 O 20
4905 4058 2 6 32 M 20
4058 4057 2 7 36 O 30
4061 4060 2 14 76 O 30
4063 4062 2 14 77 O 10
4065 4064 2 12 67 O 10
4067 4066 2 10 50 O 20
4069 4068 2 13 69 O 20
4070 4069 2 6 33 O 10
4069 4029 2 10 53 M 10
4072 4071 2 15 80 O 10
4075 4074 2 23 124 O 30
4074 4073 2 36 197 M 10
2661 3272 2 1 4 O 30
1489 5333 2 8 44 O 10
5333 5067 2 9 49 M 30
5067 5332 2 11 61 O 20
2263 288 2 12 62 M 30
288 4886 2 4 21 O 10
4886 5327 2 19 104 O 10
5327 4912 2 16 86 O 30
4912 4033 2 3 12 O 10
4033 2677 2 6 32 M 10
4078 4077 2 3 12 O 20
4077 3272 2 2 6 M 20
4080 4079 2 2 9 M 10
3028 4080 2 2 9 M 10
3993 1617 1 2 10 O 20
2119 1156 2 15 0 C 0
2130 4087 2 5 0 C 0
4089 4084 2 15 80 M 10
1194 1195 2 40 220 O 10
1195 1191 2 23 126 O 10
1187 2224 2 3 0 C 0
2224 1186 2 3 0 C 0
4099 4098 2 15 81 O 10
1126 1125 2 31 169 O 20
4108 4109 1 7 35 O 30
4110 4111 2 5 23 M 20
4111 1795 2 2 8 O 20
1794 1795 2 3 12 O 20
1798 4112 1 5 27 O 10
4112 1799 1 7 38 M 10
1796 1798 2 4 20 O 10
4116 4113 1 8 42 O 10
4113 4114 1 32 172 O 30
4114 4115 1 4 22 O 10
4115 1990 1 26 141 O 30
1990 2584 2 53 294 O 30
2585 4116 1 5 26 M 10
4117 4124 1 16 88 O 30
4125 4127 1 11 60 O 20
3016 4117 1 7 38 O 20
4123 4119 1 2 7 O 20
4119 4118 1 4 18 O 30
4118 4120 1 3 11 O 30
4120 4117 1 7 36 O 30
4124 4125 1 13 70 O 20
4127 4121 1 1 4 O 20
4126 4122 1 6 31 O 20
4122 4128 1 5 24 O 10
2071 3016 1 23 125 O 10
3016 4123 1 7 37 O 30
3573 2310 2 34 187 O 10
2310 2309 2 37 204 O 30
2396 2312 2 15 83 O 30
2312 2313 2 37 205 O 30
2313 2314 2 37 204 O 10
2314 2315 2 37 204 O 20
2307 2309 2 14 73 M 20
2309 2315 2 15 80 O 10
2315 2317 2 15 80 O 10
2317 2328 2 15 79 M 30
2328 3348 2 11 61 O 20
4130 4129 1 4 18 O 10
1008 4128 2 1 3 M 30
4128 4131 1 2 8 O 10
4131 1008 1 2 8 O 20
4121 4126 1 2 8 O 30
4134 4133 1 4 17 O 10
2143 4133 1 8 42 O 20
4133 4135 1 2 8 O 10
4137 4136 1 5 27 O 30
2149 2151 1 14 76 O 10
2151 4137 1 2 10 O 30
4137 2146 1 6 30 O 20
2148 2149 1 2 9 M 30
4138 4139 1 10 52 O 30
4140 4097 2 7 35 O 10
4140 4142 2 17 92 O 30
4142 4141 2 8 39 O 10
4141 4140 2 12 61 O 10
3501 3514 2 7 34 M 20
3514 3513 2 3 12 O 20
2866 2867 2 4 20 O 10
3017 3016 2 7 37 O 10
1150 2171 1 2 0 C 0
4143 4085 1 3 0 C 0
4085 1150 1 3 0 C 0
4145 1836 2 6 0 C 0
4147 4146 2 14 73 O 10
3631 1554 2 8 42 O 20
1554 266 2 4 22 O 30
266 4147 2 11 60 O 20
4149 4148 2 18 95 O 20
4149 3631 2 6 33 O 20
3631 4150 2 19 102 O 10
3669 1549 2 23 124 O 20
1549 4149 2 12 66 M 10
877 880 2 2 7 O 30
873 882 2 2 7 O 10
882 881 2 2 10 O 20
881 875 2 3 15 O 20
875 877 2 8 44 M 20
872 881 2 1 3 M 30
4155 4156 2 2 8 O 30
878 4157 2 4 19 M 10
4157 4155 2 4 21 O 10
4152 4161 2 15 80 M 20
2862 2867 2 2 9 O 10
2863 2864 2 3 12 M 20
4151 4162 2 55 304 O 10
4164 4163 2 12 62 O 30
4091 4164 2 10 52 O 10
2288 712 1 27 150 M 20
702 4165 2 6 30 O 10
4165 706 2 38 208 M 10
706 704 2 24 129 O 30
704 2463 2 20 111 O 20
3518 4165 1 4 18 M 20
4166 2585 1 4 21 M 20
4171 4170 2 8 42 O 10
4167 4169 2 12 66 M 10
4169 4168 2 4 21 O 20
4171 4169 2 4 19 O 30
4172 4171 2 3 13 O 30
3522 4179 2 62 340 M 30
4175 4173 1 3 15 O 30
4178 4174 1 3 15 O 30
4176 4175 1 20 108 O 30
4176 4177 2 5 25 O 30
4174 4176 1 3 14 O 30
4181 4180 2 13 71 O 10
4183 4182 2 27 148 O 10
2895 4184 2 14 74 O 30
4186 4185 2 15 81 M 10
4188 4187 2 16 87 O 20
4190 4189 2 18 95 O 20
4207 4191 2 11 60 O 10
4206 4192 2 12 66 O 20
4198 4200 2 16 85 O 10
4197 4201 2 18 95 M 10
4196 4202 2 18 96 M 10
4195 4203 2 18 95 O 10
4194 4204 2 17 94 M 10
4595 4596 1 21 0 C 0
4596 4647 1 50 0 C 0
4647 4578 1 14 0 C 0
4598 4599 1 26 0 C 0
4599 2763 1 17 0 C 0
4492 1934 2 25 135 O 20
1934 4569 2 25 137 M 30
4569 1937 2 25 136 O 10
1937 4573 2 13 68 O 10
4573 1935 2 14 73 O 20
1935 1939 2 26 143 O 30
1939 1940 2 16 85 O 20
1940 4504 2 12 63 O 30
4504 2993 2 16 87 O 20
2993 3790 2 9 49 O 10
3790 4505 2 2 7 M 30
2198 2199 1 44 0 C 0
2199 2541 1 34 0 C 0
2202 4476 2 3 12 O 20
2150 2147 1 3 12 O 20
2147 2148 1 14 75 O 20
2150 2143 1 5 26 O 20
4135 761 2 6 28 M 10
4208 4209 1 5 24 M 10
4134 2147 1 15 81 M 10
1583 1768 2 4 17 M 20
1589 1584 2 4 17 O 10
1851 1852 1 3 13 O 10
1825 1826 1 3 12 O 30
4220 665 2 12 62 O 20
674 4222 2 13 68 O 10
669 671 2 13 72 O 10
669 675 2 4 17 O 10
675 684 2 7 39 O 20
4215 4214 2 10 52 O 10
4211 1743 1 7 35 O 10
4217 4216 2 13 71 M 30
1750 1757 1 6 31 M 10
2623 2627 1 12 63 O 10
4229 4230 2 13 72 O 20
4233 2770 2 10 51 O 30
4241 4240 1 3 16 O 10
4240 163 1 1 2 O 30
163 4239 1 8 0 C 0
4239 4238 1 3 0 C 0
3692 4242 2 3 13 O 20
3843 3844 1 4 19 O 30
4243 4244 1 3 12 O 20
3844 4245 1 1 2 O 10
4245 4243 1 3 14 O 20
3845 2189 2 4 20 O 20
4249 4248 1 12 65 O 30
2175 216 1 11 0 C 0
4252 4250 2 4 20 O 10
4253 4252 2 4 18 O 20
4252 4251 2 3 11 M 20
4255 4253 2 3 11 O 10
4253 4254 2 3 15 M 30
4257 4256 2 4 17 O 10
4264 4259 2 4 20 O 30
4261 4260 2 1 3 O 10
4260 4251 2 18 98 O 30
4251 4255 2 3 15 O 30
4255 4257 2 4 17 O 20
4257 4258 2 8 43 O 30
4262 4261 2 2 7 O 10
4327 4326 2 2 8 O 20
4265 4327 2 8 43 O 20
4326 4264 2 1 4 O 20
4264 4263 2 15 83 O 10
4273 4270 2 4 17 O 20
4271 3615 2 4 20 M 10
4274 4273 2 6 30 O 10
4273 4272 2 14 76 O 30
3616 4274 2 4 17 M 30
4272 4271 2 12 62 O 20
4271 4274 2 8 40 O 10
4276 4277 2 2 10 O 20
4277 4275 2 1 5 O 30
4278 4277 2 3 13 M 20
4280 4279 2 5 24 O 30
4282 4280 2 3 14 M 10
4280 4281 2 6 33 O 20
3731 4283 2 17 93 O 30
4284 4285 2 1 3 O 20
4285 4288 2 2 6 O 20
4288 4289 2 7 34 O 10
4286 4288 2 14 76 O 10
4288 4287 2 11 56 O 30
5359 4284 2 4 17 M 10
4292 4291 2 1 2 O 30
4293 4292 2 2 8 O 20
4291 4290 2 10 53 O 20
4303 4302 2 1 2 M 20
4304 4303 2 2 10 M 20
4301 4295 2 7 35 O 20
4298 4296 2 5 24 O 20
4299 4298 2 8 41 O 10
4298 4297 2 5 24 O 10
4324 4299 2 5 25 M 20
4299 4300 2 5 24 M 20
4305 4307 2 4 19 M 10
4309 4307 2 13 71 O 10
4307 4306 2 10 50 O 10
4310 4309 2 4 17 O 10
4309 4308 2 4 17 M 30
4312 4311 2 7 38 O 30
4315 4314 2 7 39 M 20
4317 4316 2 3 15 O 20
4316 4313 2 9 48 O 10
4319 4318 2 6 33 O 10
4321 4320 2 4 20 O 20
4323 4322 2 2 10 O 30
4322 4321 2 1 2 O 20
4325 4324 2 1 3 O 20
4302 4301 2 1 4 O 20
4301 4325 2 2 7 M 10
4330 4329 2 5 24 M 30
4333 4332 2 3 16 O 30
4335 4333 2 2 9 O 30
4332 4330 2 2 6 O 20
4330 4331 2 5 23 M 30
4336 4335 2 4 21 O 30
4335 4334 2 11 56 O 20
4338 4337 2 4 17 O 20
4339 4338 2 3 14 O 30
4340 4339 2 9 50 O 30
2904 2905 2 4 17 O 30
2905 3806 2 19 102 M 30
4347 4346 2 4 20 O 30
4351 727 2 3 14 O 30
4353 4352 2 3 14 O 20
3033 4354 2 12 63 O 30
4356 4355 2 19 103 M 30
4357 3733 2 9 50 M 20
4359 4358 2 2 11 O 20
4361 4360 2 2 10 O 20
4360 4359 2 12 63 O 10
5366 4362 2 3 0 C 0
4365 4364 2 3 12 M 10
4364 4363 2 12 63 M 10
4366 4364 2 20 108 O 20
4370 4367 2 5 22 O 20
4368 4367 1 9 49 O 10
4367 4369 1 7 39 O 30
4369 4368 1 2 10 O 20
4374 4373 1 7 35 O 30
4375 4374 2 8 39 O 10
2247 2246 2 2 7 O 10
2255 2254 2 3 12 M 30
2991 2990 2 2 10 O 20
3147 3149 2 3 16 O 20
3150 3148 2 3 15 O 20
2260 2259 2 5 25 M 20
1895 3083 2 3 12 O 20
4550 2093 2 4 22 O 10
1301 3025 2 4 18 M 10
3089 3088 2 3 12 O 20
4377 4376 2 5 24 O 20
4379 4378 2 6 31 O 10
4381 4380 2 35 194 M 10
4101 4382 2 15 82 O 30
4385 4383 2 8 43 O 20
4386 4385 2 5 23 O 20
4385 4384 2 3 13 O 30
4458 2238 2 5 25 O 30
3007 5363 2 6 32 O 20
260 2641 1 5 25 O 30
2641 5258 1 7 35 M 30
5258 5360 1 5 23 O 30
1615 4081 1 3 13 O 20
4081 4082 1 4 18 O 30
2092 431 1 9 48 O 30
431 429 1 5 26 O 10
429 2879 1 5 27 M 30
4390 4389 2 3 16 O 30
4392 4391 2 25 134 O 30
4395 4394 2 8 39 O 30
4396 4395 2 20 107 O 30
4395 3342 2 4 19 M 10
2257 2606 2 4 21 M 10
3959 3958 2 2 8 O 20
4400 4399 2 6 32 O 10
4399 4398 2 5 27 O 10
4402 4401 2 2 6 O 30
4407 4406 2 4 20 O 30
4406 4405 2 4 18 M 20
4409 4408 2 4 21 O 30
4410 4411 1 11 59 O 10
4412 4414 2 6 32 O 20
4414 578 2 13 71 M 10
4414 4413 2 2 11 O 20
4417 4416 2 10 54 O 10
4416 4415 2 4 19 M 20
3995 4418 2 7 36 O 10
4436 4421 2 12 64 O 10
4421 4426 2 4 18 O 20
4426 4423 2 4 21 O 30
4423 4424 2 4 22 O 10
4424 101 2 4 21 M 20
4421 4420 2 8 44 O 30
4420 4419 2 8 43 M 20
4423 4422 2 9 47 O 10
4422 4430 2 8 42 O 20
4424 4435 2 9 46 O 20
4435 4432 2 8 43 O 10
4426 4425 2 9 46 O 30
4425 4428 2 8 43 O 30
4428 4427 2 8 40 M 10
4430 4429 2 7 39 M 10
4432 4431 2 8 41 O 30
4434 4433 2 7 38 O 10
4437 102 2 5 27 O 20
102 4435 2 4 19 O 30
4435 4422 2 4 20 M 10
4422 4425 2 4 19 O 20
4425 4420 2 4 21 O 30
4438 4437 2 16 84 O 20
4437 4434 2 9 48 O 20
4434 4432 2 4 19 M 10
4432 4430 2 4 21 O 20
4430 4428 2 4 18 M 10
4428 4419 2 4 20 O 20
4419 4436 2 12 0 C 0
1923 4439 2 5 22 M 30
3980 4440 2 8 43 M 30
4442 4441 2 7 36 M 20
4443 4444 2 24 133 O 30
4447 4446 2 6 31 O 30
4449 4447 2 4 18 O 20
4447 4448 2 7 38 O 20
4450 4451 2 10 53 O 20
1831 1832 2 16 0 C 0
1832 1833 2 9 0 C 0
1833 1835 2 20 0 C 0
1835 2823 2 26 0 C 0
4453 4455 2 7 34 O 20
4455 2901 2 4 18 O 20
2901 2902 2 4 19 O 30
2902 4452 2 5 23 O 20
2903 2902 2 4 20 O 10
4453 4454 2 2 9 O 20
4454 2053 2 12 62 M 30
2053 2894 2 5 23 O 20
3810 4454 2 3 14 O 30
666 4454 2 3 11 M 10
676 4455 2 7 34 O 20
4193 4192 2 5 25 O 30
4192 4191 2 4 22 M 10
4191 4189 2 4 18 O 30
4189 4187 2 4 18 O 30
4187 4185 2 4 19 O 30
4185 4184 2 4 18 O 20
4184 5102 2 4 18 O 30
4456 4457 2 9 48 M 20
4457 4200 2 6 28 M 10
4456 4199 2 4 19 M 10
5416 1404 2 10 51 O 30
1404 1437 2 52 284 O 20
1437 1413 2 63 346 O 30
1413 1438 2 20 111 O 20
4090 2270 2 17 92 O 10
722 723 2 13 67 O 20
724 5224 2 19 0 C 0
5224 3782 2 6 0 C 0
3330 61 1 52 284 O 30
61 2837 1 56 307 M 20
4626 4627 2 7 37 O 20
4627 4625 2 9 50 O 10
4628 4627 2 8 44 O 30
4631 4629 2 9 45 O 30
4632 4631 2 3 16 O 20
4631 4630 2 2 8 O 10
4630 4629 2 5 23 O 20
4634 4633 2 13 71 M 30
4636 4635 2 10 52 M 20
4638 4637 2 6 33 O 30
4639 4640 2 10 55 O 10
4641 4639 2 4 22 O 20
4639 4638 2 2 6 O 10
4638 4640 2 8 44 O 30
4643 4642 2 7 37 M 20
4645 4644 2 11 56 O 20
4649 4648 2 6 28 O 10
4651 4649 2 4 20 M 30
4649 4650 2 4 20 O 20
4653 4652 2 11 61 M 10
4655 4654 2 13 67 O 10
4657 4656 2 9 48 O 30
4659 4658 2 9 48 O 20
4661 4660 2 10 52 M 10
4663 4672 2 19 102 O 20
4665 4664 2 17 90 O 30
4667 4666 2 4 21 O 10
4669 4670 2 4 18 M 30
4670 4668 2 4 20 O 20
3708 4663 2 14 74 O 20
4663 5428 2 2 9 O 20
5428 4672 2 2 9 O 10
4672 4664 2 20 110 O 20
4664 4671 2 3 14 O 30
4671 4665 2 1 4 O 20
4665 4667 2 10 52 O 30
4667 4670 2 3 17 M 30
4673 4674 2 8 44 M 30
4675 4674 2 9 47 M 20
4678 4677 2 12 61 M 10
4677 4676 2 17 90 O 30
4680 4679 2 12 67 M 20
4682 4681 2 25 135 O 20
4684 4685 2 5 27 M 30
4685 4683 2 8 42 O 20
4686 4685 2 4 20 M 20
4688 4686 2 11 59 M 30
4686 4687 2 5 25 M 10
4692 4689 2 6 28 O 30
4693 4690 2 6 28 O 30
4694 4693 2 3 16 O 30
4693 4692 2 2 6 M 20
4692 4691 2 22 118 O 20
4696 4695 2 9 50 O 20
4698 4697 2 10 53 O 10
4700 4699 2 15 83 O 30
662 4702 2 26 144 O 10
4705 4704 2 3 16 M 20
4707 4705 2 20 109 O 10
4705 4706 2 6 31 O 10
4709 4708 2 16 88 O 20
4711 4710 2 8 42 O 20
4713 4710 2 14 77 O 10
4710 4712 2 2 11 O 20
4715 4714 2 19 104 O 20
4717 4716 2 7 34 M 20
4718 4305 2 13 71 O 10
4720 4721 2 13 70 O 10
4721 4719 2 3 16 O 10
4722 4720 2 9 47 O 30
4720 5429 2 1 6 O 10
5429 4721 2 1 6 O 20
4724 4723 2 9 46 O 20
4726 4725 2 8 39 M 20
4728 4727 2 7 38 M 30
4730 4729 2 8 44 M 10
4732 4731 2 7 38 O 20
4735 4734 2 9 49 O 30
4734 4733 2 8 40 O 20
4737 4736 2 6 29 O 30
4739 4737 2 2 10 O 20
4737 4738 2 6 31 O 30
4741 4739 2 4 22 M 20
4739 4740 2 17 92 O 20
4743 4742 2 4 17 O 10
4745 4742 2 7 38 O 30
4742 4744 2 3 12 O 10
4747 4744 2 7 37 O 10
4744 4746 2 9 47 O 30
4749 4748 2 18 99 O 30
4751 4750 2 20 107 O 30
4753 4750 2 17 91 M 20
4750 4752 2 6 31 O 20
4755 4756 2 13 69 O 10
4755 4754 2 5 23 O 20
4757 4755 2 21 114 M 10
4759 4758 2 8 39 O 10
4761 4760 2 10 55 O 10
4763 4762 2 7 34 M 10
1484 4763 2 21 115 M 20
4763 4764 2 8 43 M 20
4766 4765 2 9 46 O 10
4768 4767 2 7 37 O 10
4770 4769 2 13 72 O 30
4772 4771 2 13 72 O 10
4774 4773 2 9 49 O 20
4775 2781 2 4 19 O 20
4776 4777 2 6 33 M 20
4778 4777 2 4 21 O 30
4780 4781 2 16 85 O 10
4781 4779 2 15 83 O 10
4782 4781 2 16 87 M 30
4784 4783 2 6 31 O 30
4786 4783 2 4 22 O 10
4783 4785 2 4 22 O 30
4788 4787 2 4 20 O 20
4800 4789 2 5 26 M 30
4802 4803 2 8 40 O 10
4803 4787 2 23 128 M 20
4787 4800 2 1 4 O 10
4800 4801 2 7 36 O 30
4804 4803 2 4 21 O 20
4791 4790 2 19 104 O 30
4793 4792 2 9 49 O 10
4795 4794 2 12 64 O 30
4797 4796 2 4 20 M 30
4799 4798 2 8 40 O 20
4807 4806 2 9 48 O 20
4809 4808 2 14 73 O 20
4811 4810 2 19 101 O 10
4813 4812 2 6 32 O 30
4814 4813 2 8 44 O 20
4813 3713 2 4 22 O 10
4816 4815 2 7 37 M 20
4819 4818 2 16 83 O 10
4818 4817 2 5 27 O 10
4821 4818 2 7 38 O 20
4818 4820 2 4 17 O 30
4823 4824 2 4 20 O 10
4824 4822 2 3 15 O 20
3711 4824 2 12 65 O 20
4826 4825 2 17 90 M 20
4827 3712 2 15 80 O 20
4830 4829 2 5 22 O 20
4829 4828 2 4 20 O 10
4832 4833 2 4 21 O 10
4833 4831 2 4 22 O 30
4834 4829 2 4 18 O 10
4829 4833 2 4 17 M 10
4859 4835 2 16 85 O 20
5298 4861 2 14 76 M 10
4861 4859 2 4 18 O 30
4859 4860 2 7 39 O 10
4863 4862 2 6 29 O 10
4865 4863 2 3 15 O 30
4863 4864 2 9 48 O 20
4867 4866 2 9 48 M 20
4869 4867 2 4 19 O 10
4867 4868 2 3 15 O 10
4871 4869 2 4 18 O 10
4869 4870 2 6 33 O 20
4873 4872 2 5 27 O 20
4875 4873 2 7 36 O 30
4873 4874 2 3 16 O 30
4877 4876 2 5 27 O 10
3710 4877 2 4 20 O 30
4877 4878 2 7 34 O 30
4880 4879 2 4 17 O 20
4882 4881 2 4 17 O 30
4884 4882 2 4 18 M 10
4882 4879 2 5 22 O 20
4879 4883 2 4 19 O 20
4885 4886 2 8 39 O 20
4888 4887 2 6 28 O 30
4890 4888 2 4 20 O 30
4888 4889 2 7 34 M 30
4892 4891 2 6 28 O 20
4894 4892 2 4 18 O 30
4892 4893 2 7 36 O 30
4896 4895 2 15 79 O 30
4898 4897 2 12 65 O 10
4900 4901 2 2 8 M 20
4901 4897 2 3 15 O 20
4897 4899 2 4 17 M 20
4902 4901 2 4 19 O 30
4058 4903 2 7 35 O 10
4905 4904 2 7 35 O 10
4908 4907 2 4 21 M 20
4907 4906 2 4 21 M 30
4913 4912 2 4 21 M 10
4911 4907 2 4 19 O 20
4907 4910 2 3 16 O 20
4914 4915 2 7 37 M 10
4915 4913 2 30 166 O 30
4913 4910 2 12 64 O 10
4910 4909 2 4 20 M 10
4916 4915 2 14 78 O 10
4918 4919 2 7 34 O 30
4919 4916 2 4 19 O 30
4916 4917 2 4 20 O 20
4920 4919 2 3 13 O 30
4922 4911 2 7 35 O 30
4911 4920 2 7 34 O 20
4920 4921 2 4 17 M 20
4924 4923 2 17 89 O 10
4925 4039 2 16 88 O 30
4927 4926 2 10 55 O 20
4931 4928 2 5 26 O 30
4930 4931 2 3 12 M 30
4931 4929 2 7 36 O 10
4929 4054 2 10 54 O 30
4933 4932 2 7 37 O 10
4074 4933 2 4 19 O 20
4933 4935 2 15 78 M 30
4935 4932 2 10 50 O 10
4932 4934 2 2 8 O 30
4837 4836 2 3 15 O 10
4839 4837 2 12 62 O 10
4837 4838 2 2 11 O 30
4840 4841 2 14 77 O 20
4843 4840 2 3 16 M 20
4840 4842 2 13 71 O 30
4842 4841 2 22 119 O 20
4845 4844 2 16 89 O 10
4846 4229 2 17 91 M 30
4848 4847 2 7 37 M 20
4850 4849 2 6 31 O 30
4852 4850 2 22 120 O 10
4850 4851 2 4 18 M 20
4854 4853 2 15 78 O 20
4855 3714 2 18 100 O 10
4857 4856 2 6 29 O 10
4936 4856 2 4 18 M 30
4856 4858 2 7 34 O 30
4938 4937 2 17 91 O 30
4940 4939 2 7 34 M 20
4942 4939 2 4 17 O 20
4939 4941 2 6 32 O 30
4944 4943 2 6 32 O 30
4946 4944 2 4 18 O 30
4944 4945 2 13 68 O 20
4948 4947 2 16 88 O 30
3707 4950 2 9 50 O 20
4952 4951 2 4 20 O 30
4958 4953 2 2 11 O 10
4955 4953 2 8 40 O 20
4953 4954 2 9 46 O 20
4959 4958 2 8 42 M 10
4958 4957 2 2 6 O 20
4957 4954 2 6 30 O 30
4954 4956 2 2 9 O 10
4960 4957 2 12 62 O 10
4963 4960 2 2 10 M 30
4960 4961 2 2 8 O 30
4964 5262 2 2 7 O 20
5262 4963 2 5 25 O 30
4963 4959 2 2 7 M 30
4959 4952 2 2 10 O 10
4952 4955 2 2 8 O 10
4955 4962 2 2 9 O 30
4966 4965 2 44 244 O 30
4968 4967 2 22 121 O 10
4969 4968 2 20 108 O 10
4968 3726 2 10 54 O 20
4971 4973 2 8 42 O 10
4975 4971 2 5 23 O 20
4971 4974 2 3 12 M 20
4974 4973 2 3 15 O 30
4973 4972 2 4 19 O 30
4977 4976 2 14 77 O 20
4986 4985 2 19 101 O 20
4988 4987 2 8 43 O 10
4989 3150 2 17 91 O 10
4991 4990 2 18 98 O 10
4995 4994 2 7 39 O 10
4997 4996 2 15 81 O 10
4981 4983 2 8 43 O 20
4978 4980 2 12 63 O 20
4983 4982 2 1 3 M 10
4982 4981 2 4 22 O 10
4981 4980 2 8 44 O 10
4980 4979 2 4 21 M 30
4998 4984 2 14 74 O 20
4999 2880 2 3 15 O 10
5001 4999 2 10 53 O 20
4999 5000 2 11 57 O 20
3706 5003 2 16 86 O 10
5005 5004 2 6 30 O 20
2652 5005 2 7 37 O 20
5005 5006 2 11 58 O 20
5008 5007 2 9 47 M 20
5010 5009 2 8 41 O 30
5012 5011 2 8 39 M 10
5014 5013 2 8 40 O 10
5016 5015 2 12 65 O 10
5018 5019 2 9 48 O 10
5021 5019 2 4 18 M 10
5018 5017 2 4 20 O 10
5019 5020 2 10 55 O 20
5020 5018 2 3 14 O 30
5023 5022 2 11 61 O 20
5025 5024 2 11 59 O 20
5027 5026 2 8 43 O 30
5029 5028 2 13 72 O 10
5031 5030 2 15 78 M 30
5033 5032 2 4 18 O 30
5035 5033 2 11 61 O 10
5033 5034 2 4 19 O 20
5037 5036 2 14 77 M 30
5039 5038 2 12 65 O 20
5041 5040 2 15 79 O 10
5043 5042 2 12 65 O 30
5046 5045 2 11 56 O 10
5048 5047 2 11 58 M 20
5050 5049 2 8 41 O 20
5052 5051 2 20 107 M 10
5054 5053 2 10 53 O 20
5056 5055 2 25 136 O 30
5058 5057 2 12 62 O 30
5060 5061 2 5 28 O 20
5061 5059 2 3 16 O 30
5062 5061 2 4 20 O 10
5064 5063 2 8 40 M 20
5066 5065 2 8 40 O 30
5068 5067 2 7 34 M 10
5070 5069 2 4 17 M 10
5072 5071 2 5 23 O 10
5074 5073 2 6 31 O 20
5076 5075 2 5 24 M 10
5078 5069 2 7 36 M 10
5069 5072 2 4 17 O 30
5072 5073 2 6 29 O 20
5073 5075 2 2 8 M 20
5075 5077 2 3 14 O 20
5080 5079 2 3 16 O 30
5082 5081 2 3 16 O 30
5089 5080 2 2 10 O 10
5080 5081 2 4 18 O 20
5081 5083 2 19 101 O 20
5090 1753 2 24 129 M 10
5091 5092 1 7 39 O 30
5093 5094 2 7 36 O 10
3718 5091 1 3 16 O 10
5091 5094 1 10 54 O 30
4226 4218 2 10 55 O 10
5099 5100 2 4 18 O 20
5100 5098 2 4 19 M 10
5098 5097 2 18 99 O 20
5101 5100 2 19 101 O 30
5102 5097 2 3 16 O 30
5097 5101 2 4 20 O 30
5101 2896 2 5 25 O 30
5104 5103 2 17 91 O 30
5107 5106 2 17 89 O 20
5109 5108 2 6 29 O 10
5111 5110 2 17 92 O 30
5114 5113 2 7 34 O 10
5114 5112 1 5 24 O 20
5115 5114 1 5 24 O 10
5117 5116 2 15 82 O 30
5120 5119 2 8 44 O 10
5122 5121 2 15 82 O 10
5124 5123 2 16 86 M 10
437 436 1 3 16 M 10
436 5125 1 9 46 M 30
5125 5126 1 12 65 O 10
5127 5128 2 9 49 O 20
5128 5126 2 2 7 O 30
2795 437 2 6 29 M 20
437 440 2 1 3 O 20
440 5128 2 1 4 O 20
5138 5130 2 3 13 O 20
5130 5129 2 10 53 O 20
5132 5131 2 8 42 O 20
5137 5135 2 7 37 O 10
5135 5134 2 4 17 O 20
5134 5133 2 9 48 O 10
5085 5084 1 5 23 O 20
5087 5088 2 14 77 O 10
5140 3746 2 9 48 O 20
3746 5085 2 2 8 O 20
5085 5088 2 8 43 O 20
5087 5086 2 12 62 M 10
5088 5086 2 2 8 O 30
5086 5139 2 13 71 O 10
5139 5087 2 4 18 M 10
5142 5141 2 5 24 M 30
5144 5142 2 3 13 O 30
5142 5143 2 13 72 O 10
5146 5145 2 17 92 O 20
5148 5149 2 4 20 O 10
5149 5147 2 4 22 O 10
5150 5149 2 3 16 O 30
5152 5151 2 4 20 M 20
5163 5153 2 4 20 O 30
5155 5154 2 4 19 O 10
5157 5156 2 4 20 M 30
5159 5158 2 4 21 M 10
5161 5160 2 9 49 M 30
5164 5152 2 14 78 O 30
5152 5163 2 4 20 O 10
5163 5155 2 4 19 O 20
5155 5157 2 12 64 O 30
5157 5159 2 4 19 M 20
5159 5161 2 4 20 M 10
5161 5162 2 3 12 O 10
3702 5166 2 6 29 O 30
5412 5413 2 19 105 O 10
5169 5173 1 5 25 O 30
5168 5172 2 11 57 O 10
5169 5170 2 11 57 O 30
5170 5173 2 9 48 O 30
5176 5175 2 15 81 O 30
5179 5178 2 4 17 O 10
5178 5177 2 17 91 M 20
5181 5180 2 9 49 O 10
5182 642 2 15 78 O 20
5185 5184 2 10 53 O 20
5187 5186 2 11 59 O 30
5188 3011 2 3 14 M 10
5189 5188 2 3 15 O 10
4106 5189 2 4 22 O 10
5191 5190 2 14 75 O 10
5193 5192 2 6 33 O 10
5195 5194 2 12 65 M 10
5197 5196 2 22 119 O 10
5199 5198 2 20 108 M 20
5201 5200 2 16 85 O 10
5203 5202 2 18 97 O 10
5206 5207 2 5 28 O 20
5207 5205 2 3 13 O 10
5204 5207 2 6 32 O 10
5209 5208 2 12 63 O 10
5214 5213 1 5 22 O 20
5213 2890 1 5 23 O 10
5211 5210 2 5 27 O 10
5213 5211 2 12 63 O 10
5211 5212 2 3 12 M 20
5217 5216 2 10 52 O 10
3841 5218 2 12 67 M 30
5220 5219 2 12 63 O 30
5224 5221 2 9 0 C 0
5221 5222 2 3 0 C 0
5222 5223 2 20 107 O 30
5226 5225 2 10 50 O 10
555 5227 2 10 55 O 30
5229 5228 2 7 38 M 10
5231 5230 2 5 23 O 30
5233 5231 2 7 34 O 20
5231 5232 2 6 29 O 10
5235 5234 2 7 37 O 20
5237 5236 2 9 49 M 20
5239 5236 2 11 59 M 30
5236 5238 2 4 18 M 10
5238 5237 2 6 28 O 20
2870 2868 2 6 30 O 10
5240 5241 1 10 54 O 20
5241 2868 1 7 39 O 10
5243 5242 2 15 80 O 30
5244 5245 2 6 33 O 10
5246 5245 2 5 23 M 30
5245 1882 2 4 21 O 30
5248 5247 2 10 53 M 10
5250 5249 2 15 81 O 30
5255 5254 2 17 93 O 10
5257 5256 2 9 49 M 30
5253 5252 2 10 50 O 10
3418 3419 1 1 0 C 0
3419 3420 1 2 0 C 0
3417 3418 1 1 0 C 0
3414 3417 1 1 0 C 0
3413 3414 1 1 0 C 0
3660 3659 1 1 2 O 10
1553 3668 1 1 4 M 10
3666 1553 1 1 4 O 20
3662 3663 1 1 4 M 30
3661 3662 1 1 4 M 20
3659 3661 1 1 2 O 20
3668 3660 1 1 4 O 10
3663 3664 1 1 4 O 10
2471 2466 2 2 6 O 20
4411 5430 2 3 14 O 10
5430 4410 2 3 14 O 10
4410 3944 2 13 70 O 20
3944 1547 2 7 35 O 30
1547 4643 2 13 71 M 20
4643 4358 2 11 59 O 20
4358 2576 2 2 9 M 10
3303 3301 1 1 0 C 0
3301 3304 1 1 0 C 0
3304 3300 1 1 0 C 0
3300 3305 1 1 0 C 0
3728 3303 1 1 0 C 0
3306 3302 1 1 0 C 0
3618 1236 2 3 16 O 10
1236 1334 2 13 67 O 30
1334 1327 2 24 130 M 30
1327 1324 2 21 113 O 30
1324 1323 2 21 112 O 10
1323 1320 2 21 113 M 30
1320 1408 2 21 112 O 20
1408 1409 2 15 83 M 20
3316 2266 2 3 16 O 30
3967 3972 1 1 3 M 20
3972 3970 1 1 2 O 20
3970 3446 1 1 5 M 20
3442 3439 1 1 4 O 10
3439 3440 1 1 5 O 10
3440 3441 1 1 5 O 10
3438 3442 1 1 5 O 10
3437 3438 1 1 2 M 20
937 938 2 33 183 O 10
5259 5258 2 2 6 O 20
5261 5259 1 5 23 O 10
5259 5260 1 8 40 O 10
5260 259 1 4 19 O 20
264 5262 1 7 36 M 10
5262 5264 1 14 76 O 30
5264 4966 2 17 89 O 30
4966 5363 2 5 25 O 20
3330 5266 2 8 39 O 10
5269 5268 2 14 76 O 20
5271 5270 2 15 83 O 30
4092 5272 2 18 96 O 20
5277 5274 2 6 32 O 30
5278 5275 2 9 48 M 30
5273 5279 2 11 59 O 20
5279 5278 2 5 26 O 20
5278 5277 2 7 36 M 20
5277 5276 2 22 120 O 30
5281 5280 2 16 84 O 30
5283 5282 2 14 73 O 30
4179 5286 2 29 161 O 10
5287 4179 2 31 167 O 20
5293 5290 2 13 69 O 20
5290 5292 2 3 14 M 20
5290 5291 2 7 36 O 30
5291 5292 2 4 22 O 10
5289 5288 2 27 145 O 30
5295 5294 2 15 79 O 20
5297 5296 2 12 63 O 20
5305 5304 2 14 76 O 20
193 5308 2 2 8 O 20
5308 5307 2 19 105 O 10
3734 5309 2 16 86 O 20
5311 5310 2 14 75 O 10
5387 2211 2 1 5 O 30
5312 5259 2 33 179 O 20
5313 5314 2 16 88 O 10
5316 5315 2 15 80 O 30
5319 5318 2 22 118 O 20
2916 5320 2 4 18 O 30
5320 5317 2 6 29 O 10
5321 5320 1 53 290 O 20
4438 1874 2 21 113 O 20
1099 1100 2 14 75 O 20
1100 5228 2 2 9 O 30
5228 5232 2 8 40 O 10
5370 5369 2 11 59 O 20
5372 5371 2 11 59 O 30
5374 5373 2 7 33 O 30
5376 5374 2 4 19 O 10
5374 5375 2 5 26 O 10
5379 5377 2 9 47 M 30
5380 5376 2 3 16 O 20
5376 5379 2 28 151 O 30
5379 5378 2 12 62 O 20
5382 5381 2 7 38 O 30
5384 5383 2 8 40 O 10
5386 5383 2 4 20 M 20
5383 5385 2 7 35 O 20
5385 5384 2 2 7 O 30
5389 5388 2 15 83 O 20
5391 5390 2 2 11 M 10
5393 5392 2 15 82 O 20
4142 5395 2 4 19 O 10
5396 1866 2 31 0 C 0
3307 1866 2 15 0 C 0
972 973 2 40 219 O 10
4690 972 2 1 4 M 20
4615 4616 1 14 77 M 20
1830 1831 2 14 0 C 0
1769 1583 1 10 55 O 30
1582 1769 1 74 409 O 30
5399 5398 2 12 63 O 20
5404 5403 2 3 13 O 20
5400 5402 2 4 19 O 10
5402 5401 2 4 19 O 10
5405 5402 2 17 94 O 30
5402 5404 2 1 3 O 30
1231 4632 2 3 17 M 30
4632 4628 2 12 64 O 20
4628 1263 2 11 61 O 10
5408 65 2 7 36 O 10
65 5407 2 2 7 O 30
5407 5406 2 4 17 O 30
5409 57 1 13 68 O 10
57 5410 1 9 46 O 30
69 3337 2 20 0 C 0
1042 3894 2 21 111 O 20
22 30 2 15 82 O 10
1203 1762 2 44 243 M 20
1203 1761 2 16 85 O 20
1123 112 2 6 28 M 30
112 5239 2 9 48 O 30
5239 5414 2 4 20 O 30
5419 1295 2 7 38 O 30
1295 5418 2 7 37 O 10
1662 2 2 2 10 O 20
3729 1467 2 22 118 O 30
3 1466 2 3 11 M 20
4372 4373 2 2 8 M 20
4373 4371 2 1 5 O 20
4 7 1 19 104 O 30
7 6 1 4 21 O 30
6 5 1 3 16 O 20
6 9 2 3 16 M 10
9 7 2 16 85 M 30
8 9 1 3 16 O 30
11 3794 2 16 88 O 20
5338 2696 2 16 86 M 30
1818 1864 2 104 573 O 20
1864 3298 2 16 83 O 30
52 719 2 3 17 O 20
676 673 2 4 18 M 30
673 53 2 4 19 O 20
4180 54 2 5 23 O 30
5023 55 2 13 69 O 30
4438 56 2 16 87 O 30
56 4443 2 3 13 O 10
56 1110 2 48 0 C 0
3321 3958 2 7 36 M 30
3958 1451 2 4 21 O 10
1227 4315 2 21 113 O 30
4315 423 2 50 276 M 20
423 1259 2 3 12 M 10
1259 2622 2 5 23 O 20
59 58 2 12 63 O 10
2761 2795 1 3 16 O 10
61 60 2 11 59 O 20
5118 13 2 2 9 M 30
2959 14 2 3 15 O 10
3298 16 2 2 7 O 30
62 63 2 3 15 O 10
65 64 2 9 46 O 10
5407 66 2 6 29 O 30
2086 2088 2 3 12 M 20
1807 1813 2 7 36 O 10
1813 4458 2 12 65 M 20
4458 2856 2 4 19 O 20
1806 1583 2 4 20 M 20
70 39 2 5 24 M 30
5285 5284 2 3 11 O 10
71 3694 2 44 240 M 20
72 73 2 3 14 M 20
73 74 2 10 55 O 30
74 75 2 8 39 O 30
75 73 2 4 18 O 10
998 1879 2 4 21 O 30
1924 4343 2 39 216 O 10
4343 1879 2 17 92 M 10
1410 78 2 4 20 M 30
78 76 2 8 42 O 30
76 77 2 4 21 O 20
77 78 2 4 20 O 30
3512 15 2 3 13 M 10
4316 317 2 8 43 O 20
317 4313 2 5 23 O 20
82 83 1 2 10 M 30
83 81 1 5 25 O 30
81 80 1 6 28 O 10
83 84 2 24 130 O 30
81 85 2 28 152 O 10
86 87 2 9 49 O 30
88 89 2 4 17 M 10
90 89 2 3 15 O 30
89 87 2 7 35 O 20
2277 1400 2 3 15 M 20
1424 92 2 4 22 O 20
1507 96 2 6 33 O 10
95 1506 2 7 38 O 30
94 1512 2 37 204 O 30
2697 829 2 18 98 M 30
3991 1515 2 6 33 M 20
1515 1620 2 4 17 O 20
1620 1619 2 2 11 O 10
97 4312 2 4 22 O 30
4312 830 2 7 35 O 20
1501 98 1 13 68 O 30
99 1500 2 8 43 O 30
100 2698 2 8 42 M 10
2698 828 2 3 12 O 30
828 4081 2 3 12 O 30
2249 5333 2 9 50 O 20
101 102 2 7 38 O 10
102 4434 2 8 40 O 10
104 103 2 8 39 O 30
106 104 2 4 20 O 10
104 105 2 12 65 M 30
108 107 2 4 18 O 20
110 108 2 4 17 O 20
108 109 2 7 36 M 20
112 111 2 10 53 O 30
114 113 2 4 19 O 30
3704 113 2 4 20 M 30
113 115 2 3 12 O 30
117 114 2 4 20 O 30
114 116 2 8 39 O 30
118 119 2 20 106 M 10
133 132 2 5 24 O 10
128 132 2 4 21 O 30
129 131 2 2 8 O 10
132 130 2 9 47 O 30
135 133 2 6 31 O 10
133 134 2 8 42 O 10
130 129 2 2 9 M 20
121 120 2 5 24 M 30
122 121 2 9 48 O 20
126 125 2 2 9 O 10
123 125 2 14 75 O 30
125 124 2 7 35 O 20
127 126 2 2 8 M 10
2133 138 2 5 24 O 30
139 136 2 8 0 C 0
2131 137 2 3 0 C 0
137 139 2 4 0 C 0
3318 142 2 11 60 O 20
143 144 2 15 78 O 10
145 144 2 26 139 O 30
144 1181 2 13 72 O 20
147 146 2 10 53 M 10
150 148 2 4 18 O 30
151 150 2 6 30 O 30
150 149 2 15 79 M 10
158 157 2 13 68 O 30
155 154 2 9 48 O 30
156 155 2 42 231 O 10
161 3938 2 20 108 M 10
3495 162 2 8 39 O 10
160 159 2 22 117 O 30
163 164 1 4 17 O 20
164 4239 1 9 0 C 0
170 169 1 3 16 O 30
3691 170 1 4 18 O 30
169 3690 1 4 21 O 30
172 171 2 3 14 O 30
178 177 2 15 83 M 20
180 178 2 13 68 O 30
178 179 2 13 70 M 10
174 173 2 3 14 O 20
583 176 2 3 16 O 20
175 4714 2 3 14 O 10
176 175 2 16 87 O 20
185 184 2 3 14 O 10
183 182 2 2 8 O 10
182 181 2 7 37 O 10
187 186 2 13 69 O 30
188 187 2 3 12 O 10
196 195 2 14 76 O 30
190 189 2 3 12 O 20
200 201 2 8 40 M 30
202 201 2 11 59 O 10
201 4995 2 4 22 O 20
192 191 2 3 11 O 30
5178 203 2 30 165 O 30
206 205 2 2 10 M 30
208 207 2 3 15 O 10
3791 210 2 36 198 O 20
194 193 2 14 77 O 20
199 4938 2 3 12 O 30
198 197 2 2 10 O 30
214 213 2 13 68 O 20
1824 1823 2 3 12 O 10
1882 1883 2 3 12 O 30
1828 1827 2 3 12 O 20
1822 1821 2 3 11 O 20
1819 1820 2 3 0 C 0
215 2056 1 96 0 C 0
216 2169 1 2 0 C 0
217 2170 1 2 0 C 0
2170 218 1 2 0 C 0
2514 219 1 7 0 C 0
1609 5340 2 5 27 M 20
5340 5339 2 15 79 O 20
1608 1609 2 3 13 M 20
1605 222 1 2 0 C 0
223 1603 1 2 0 C 0
3992 1605 1 3 0 C 0
1603 1604 1 3 0 C 0
2557 2556 2 2 11 O 20
1604 3992 1 2 0 C 0
2685 1606 1 33 0 C 0
3614 3612 1 2 0 C 0
3617 3611 1 2 0 C 0
3611 3613 1 2 0 C 0
226 3614 1 2 0 C 0
1537 2016 2 2 11 O 30
1901 896 2 70 384 O 30
229 888 1 2 8 M 30
888 227 1 2 8 O 20
228 1483 1 2 6 M 20
1483 231 1 2 7 O 30
232 2012 1 2 7 O 30
2012 233 1 2 6 M 30
234 2013 1 1 5 O 20
230 526 1 2 10 O 30
526 2718 1 2 6 O 20
1624 1574 2 3 13 M 10
2845 2844 2 3 12 O 30
4341 2846 2 3 11 O 30
238 236 2 3 13 M 30
237 3989 2 10 52 M 10
236 237 2 2 6 O 30
237 235 2 10 52 O 10
235 236 2 9 47 O 30
240 3827 1 1 0 C 0
241 2525 1 19 0 C 0
242 908 1 2 0 C 0
2188 243 1 2 0 C 0
239 2188 1 2 0 C 0
3828 3827 1 3 0 C 0
1171 2186 2 3 14 O 10
2184 1169 2 3 13 O 30
245 244 2 18 98 O 30
1734 246 2 23 126 O 10
1587 1586 1 4 0 C 0
1581 1588 1 4 0 C 0
2710 4621 1 3 14 O 10
4623 4620 1 4 18 O 10
2203 254 1 2 8 O 10
253 1954 1 2 8 O 20
1954 256 1 2 9 O 10
255 1949 1 2 8 O 30
1949 250 1 2 7 O 30
1998 249 1 7 36 O 10
251 1950 1 5 24 O 20
252 2203 1 2 7 O 20
5265 5263 1 3 15 M 20
5263 264 1 2 9 O 10
263 1960 1 2 8 O 10
1960 1904 1 3 15 O 20
1960 262 1 1 5 O 10
261 1904 1 1 5 O 30
1904 260 1 1 5 M 10
259 5265 1 1 5 M 10
1904 5265 1 2 6 O 10
5265 257 1 2 7 O 30
2637 258 1 6 29 O 20
266 265 2 24 130 M 20
2753 2752 2 8 40 O 30
889 890 1 16 88 O 20
268 267 2 31 169 M 20
269 268 2 16 85 O 20
268 1726 2 4 18 M 10
272 270 2 8 42 O 30
273 272 2 9 45 O 20
272 271 2 9 47 M 20
275 274 2 10 55 O 20
276 1433 2 12 66 O 20
277 3350 2 15 78 O 30
5417 278 2 15 82 O 10
3310 282 2 3 15 O 30
282 280 2 12 62 O 30
280 279 2 4 17 O 20
280 281 2 13 69 O 20
281 279 2 10 52 O 20
279 282 2 18 95 O 30
3514 285 2 9 46 O 10
288 287 2 3 12 O 20
290 289 2 1 2 O 10
291 290 2 2 9 M 20
992 293 2 23 124 O 20
293 292 2 6 32 O 30
294 293 2 8 41 M 10
297 296 1 17 91 O 30
301 300 2 20 109 M 20
299 302 2 28 151 O 20
308 306 2 4 20 O 10
310 307 2 4 20 O 10
311 310 2 21 111 O 10
310 308 2 2 6 O 10
308 309 2 16 88 M 30
4000 312 2 4 21 O 30
313 314 1 4 17 M 30
298 297 1 3 12 M 30
296 295 1 3 12 O 20
315 316 2 12 65 O 10
318 319 2 5 23 M 10
320 3936 2 2 10 O 10
3936 321 2 6 30 M 20
324 325 2 10 54 M 20
327 326 2 2 10 O 30
152 153 2 3 15 O 10
328 5002 2 2 10 O 20
1530 4329 2 4 21 O 20
1530 4331 2 6 29 O 10
4331 93 2 2 10 O 30
4329 4336 2 6 31 O 30
4336 1401 2 12 65 O 30
664 695 2 3 12 O 20
4214 329 2 3 11 O 10
2210 1745 1 5 25 O 20
2210 51 1 2 11 M 30
1745 2208 1 8 43 O 30
2208 1740 1 10 52 M 30
1747 2210 1 2 10 O 30
1747 1748 1 10 52 O 30
2896 2895 2 4 17 O 10
2895 4186 2 4 18 O 30
4186 4188 2 4 18 O 20
4188 4190 2 3 16 O 30
4190 2894 2 4 18 M 10
2894 4207 2 9 45 M 30
4207 4206 2 4 22 O 30
4206 4205 2 3 14 O 30
4205 4204 2 4 20 O 30
4204 4203 2 4 18 M 10
4203 4202 2 3 15 M 20
4202 4201 2 4 19 O 20
4201 4200 2 4 17 O 30
4193 4205 2 16 89 M 20
2903 2905 2 28 155 O 20
3410 3406 1 4 18 O 10
3404 3408 1 10 53 M 30
3408 3405 1 2 6 O 20
2635 2535 2 2 6 M 30
1249 1248 2 15 80 O 20
1248 4501 2 14 73 O 10
4501 4502 2 29 161 O 20
4502 4682 2 23 126 M 20
4682 1935 2 32 172 O 20
2634 2536 1 3 11 M 30
3407 1249 2 3 12 O 20
1966 3403 1 27 146 O 20
2966 214 2 2 8 M 20
214 3792 2 6 30 M 10
3792 4503 2 1 3 M 10
4503 2965 2 3 13 O 10
2965 1252 2 13 70 O 10
1252 4504 2 31 167 O 10
2967 2966 2 2 9 O 10
2629 1897 2 2 7 O 30
3344 1897 1 2 11 M 20
2632 3344 1 3 14 M 10
3807 2074 1 5 24 O 10
2832 1206 2 16 85 M 10
1206 420 2 9 48 O 10
420 1214 2 25 139 O 20
3808 2075 1 8 40 O 10
3736 5198 2 6 30 O 10
5198 5200 2 14 75 O 20
5200 5197 2 3 16 O 30
5197 5203 2 1 5 O 20
5203 350 2 14 73 O 20
3733 3735 1 6 31 O 30
3734 3736 1 4 17 O 20
3613 225 1 2 0 C 0
3612 224 1 2 0 C 0
4103 5420 1 4 0 C 0
5420 4102 1 4 0 C 0
4102 4237 1 4 0 C 0
4237 797 1 12 0 C 0
797 798 1 4 0 C 0
798 2539 1 22 0 C 0
2001 2806 1 10 54 O 20
2806 2205 1 62 342 O 10
2207 2203 1 3 17 O 10
2003 2160 1 10 51 M 10
2160 2162 1 4 21 O 10
2162 2537 1 13 70 M 10
2028 4403 2 3 16 M 20
330 331 2 14 77 O 20
248 1777 1 2 6 O 20
2216 1780 1 33 179 O 10
4049 2219 2 1 1 M 10
2218 2771 1 16 88 M 10
2768 248 1 6 30 O 30
2769 2768 2 2 10 O 20
2767 1777 2 5 28 O 30
2217 2767 2 3 13 M 20
247 1627 2 2 6 O 10
333 332 2 9 46 O 20
335 1789 1 2 10 M 20
1789 2267 1 6 31 O 20
3315 3730 2 1 5 O 10
3311 3316 2 6 30 O 30
334 3315 1 2 8 M 30
3313 2265 1 6 30 O 30
3312 334 1 5 25 O 10
336 337 2 5 26 O 10
338 339 2 6 30 O 30
336 340 2 3 17 O 10
342 343 2 4 20 O 20
344 345 2 6 31 O 10
346 347 2 3 14 O 20
348 349 2 11 61 O 20
835 893 1 7 34 O 30
3700 350 1 6 32 O 20
351 352 1 17 89 O 30
352 353 1 3 13 O 20
5094 5092 1 4 19 O 10
5092 1779 1 3 11 O 20
355 354 2 2 7 M 30
357 358 2 6 28 O 30
358 3740 2 5 25 O 30
356 357 2 5 25 O 20
819 3738 1 4 19 O 20
3738 821 1 1 4 O 20
3738 822 1 2 7 M 10
816 3740 2 2 7 O 10
3742 3741 1 4 22 O 30
3741 817 1 3 16 O 30
3740 817 2 3 15 O 30
819 504 2 16 84 O 30
504 5143 2 10 52 O 30
5143 5084 2 22 119 O 20
5084 3619 2 2 9 O 30
3619 1456 2 18 100 O 30
5146 818 2 1 4 O 10
815 816 1 17 90 O 10
818 819 2 2 6 O 30
3739 818 1 4 18 O 10
359 360 2 14 74 O 30
361 422 2 15 81 O 20
362 363 2 14 77 O 20
814 356 2 2 7 O 10
825 3085 2 10 53 O 20
3085 3743 1 5 24 O 30
3701 833 2 2 8 M 30
834 1531 2 14 76 O 10
1531 348 2 28 152 O 20
348 5313 2 4 22 O 10
5313 5215 2 1 2 O 30
5215 172 2 34 188 O 10
172 68 2 6 30 M 30
68 5146 2 10 53 O 20
350 834 2 8 43 M 20
3700 3701 2 2 6 O 30
365 367 2 3 16 O 20
367 366 2 3 13 O 10
367 368 2 7 34 O 20
5098 5095 2 5 27 O 30
5215 341 2 4 17 O 10
1877 370 2 21 116 O 20
372 370 2 5 23 O 10
370 371 2 1 3 O 10
371 372 2 1 3 O 20
373 374 2 9 49 O 20
374 375 2 8 42 O 30
376 2078 2 24 128 O 10
2078 4482 2 28 150 O 30
377 376 2 6 29 O 20
316 379 2 3 16 O 20
380 381 2 5 28 M 10
381 382 2 4 22 O 10
382 3976 2 6 31 M 30
381 383 2 3 13 O 30
383 382 2 4 18 M 10
385 391 2 6 29 M 10
391 393 2 10 53 O 10
393 389 2 6 32 O 20
389 384 2 15 83 O 20
384 387 2 2 7 O 20
387 386 2 17 90 O 10
387 388 2 6 29 O 20
389 390 2 6 30 O 10
391 392 2 9 45 M 30
393 394 2 8 42 O 30
395 396 2 7 34 O 30
2031 397 2 10 55 O 20
398 399 2 4 17 O 30
400 401 2 5 25 O 10
402 403 2 7 34 O 30
404 405 2 5 26 O 30
406 407 2 4 18 O 10
408 409 2 6 32 O 10
410 411 2 6 32 O 10
412 413 2 9 47 O 10
414 415 2 9 45 O 20
416 417 2 9 49 O 20
418 419 2 9 49 O 30
420 421 2 5 24 O 10
423 424 2 9 47 O 10
3320 425 2 6 32 O 10
426 427 2 5 27 O 10
427 428 2 4 20 O 10
4482 3791 2 13 68 O 30
3791 211 2 5 28 O 20
211 209 2 5 23 M 20
209 212 2 1 5 O 20
429 430 1 9 48 M 30
430 431 1 11 56 M 10
2880 2879 2 4 17 O 30
2569 841 2 4 17 O 30
841 432 2 4 20 O 20
433 434 2 4 19 O 20
844 435 2 5 22 O 30
436 438 1 11 60 O 20
438 439 1 6 33 O 20
439 440 1 2 11 O 20
438 441 1 2 11 M 10
441 439 1 4 21 O 20
442 443 2 16 84 O 20
443 444 2 9 45 M 30
443 452 2 3 16 O 10
452 450 2 4 18 O 30
450 448 2 4 17 M 20
448 446 2 3 17 M 10
446 445 2 5 26 M 30
446 447 2 3 16 O 30
448 449 2 5 23 O 10
450 451 2 6 33 O 30
452 453 2 8 40 O 20
454 455 2 14 72 M 30
456 410 2 13 70 O 10
457 458 2 4 19 O 20
459 460 2 5 23 M 20
461 462 2 14 74 O 20
5306 5303 2 3 12 M 30
463 283 2 2 11 O 20
470 469 2 3 12 M 30
471 468 2 3 12 M 30
467 466 2 9 45 O 30
466 465 2 6 32 O 20
465 464 2 4 21 O 10
464 466 2 2 9 O 10
473 472 2 2 11 O 20
475 474 2 11 58 O 30
477 476 2 3 16 M 20
479 478 2 19 104 O 30
481 480 2 2 10 M 30
482 955 2 3 12 M 30
484 483 2 4 18 M 30
4104 484 2 3 17 O 20
484 485 2 8 41 O 30
487 486 2 12 64 O 20
3891 488 2 9 49 O 30
489 3720 2 2 8 O 30
5174 548 2 12 66 O 20
548 549 2 4 19 O 20
549 490 2 13 71 O 20
495 492 2 4 21 M 10
492 494 2 15 81 O 20
494 493 2 17 94 O 10
493 492 2 9 45 O 30
497 496 1 23 127 M 20
499 497 2 2 9 O 30
497 498 2 3 15 O 20
3719 500 2 17 94 O 20
503 502 2 3 13 O 10
504 503 2 5 22 M 30
502 501 2 11 61 O 30
506 505 2 15 80 O 30
512 510 2 3 12 O 10
3327 513 2 2 8 O 20
2423 514 2 2 11 O 20
516 515 2 2 8 M 20
3333 517 2 11 56 O 10
522 518 2 23 126 O 30
519 4978 2 1 5 O 10
521 520 2 3 11 O 30
523 524 2 11 59 O 30
843 837 2 3 14 O 30
842 840 2 3 14 O 20
5173 5172 1 15 78 M 20
545 5168 2 8 40 O 10
525 3387 2 16 85 M 30
2945 526 2 20 110 M 30
528 527 2 11 56 O 20
531 528 2 3 11 O 20
528 529 2 8 40 M 10
532 531 2 12 66 O 20
531 530 2 11 59 O 10
534 533 2 18 100 O 30
3278 3276 1 5 27 O 20
3276 535 1 5 27 O 30
1257 536 2 2 7 O 10
3322 1258 2 5 25 M 30
538 537 2 8 42 O 30
5093 539 2 3 15 O 10
539 540 2 10 50 O 30
539 541 2 7 37 O 30
4118 2463 1 3 15 O 30
4540 542 2 1 2 O 30
2098 543 2 5 27 M 30
4119 3016 1 6 32 M 30
544 5172 1 10 51 M 10
5172 5171 1 9 50 O 20
5168 5174 1 4 19 O 20
5174 491 1 3 16 O 30
491 5169 1 4 20 O 10
546 545 1 6 31 M 30
545 547 1 6 31 M 30
491 548 2 9 48 O 10
549 5169 2 9 49 O 20
550 5306 2 15 83 O 20
5306 5305 2 6 29 O 10
5305 3391 2 8 41 O 20
553 547 2 28 153 O 20
547 546 2 4 18 M 10
546 1050 2 37 204 M 20
554 552 1 1 5 O 10
552 553 1 3 13 O 30
553 550 1 3 12 O 10
550 551 1 3 12 O 30
551 554 1 1 5 O 20
864 2086 2 5 27 M 30
556 333 2 13 69 O 30
333 864 2 9 49 O 10
2892 2054 1 31 172 O 10
559 557 2 4 22 O 30
560 559 2 9 47 O 20
559 558 2 5 24 O 30
562 561 2 13 69 O 10
565 2813 2 6 30 O 10
566 567 2 13 68 O 30
569 3290 2 3 13 O 10
996 570 2 4 22 M 30
4551 571 2 6 30 O 30
4549 572 2 5 25 O 10
573 574 2 13 69 O 10
2940 575 2 17 91 O 10
577 576 2 16 84 O 10
5105 579 2 2 9 O 20
5302 5300 2 4 20 O 30
5301 5299 2 3 13 M 30
581 724 2 17 0 C 0
580 581 2 55 301 M 10
586 585 2 2 10 O 20
588 587 2 2 8 O 10
590 589 2 2 8 O 30
592 591 2 4 18 M 10
594 593 2 7 35 O 30
596 595 2 2 11 O 10
5167 597 2 2 11 O 20
2871 598 2 7 36 O 20
600 599 2 6 30 O 10
602 601 2 4 22 O 10
2023 2024 2 2 8 O 10
2024 1996 2 2 9 O 10
1996 605 2 2 8 O 30
604 2024 2 2 10 O 30
2023 607 2 3 13 M 20
4345 603 2 2 8 O 10
2047 2048 2 2 8 O 20
606 2024 2 4 17 O 20
609 608 2 2 9 O 20
3957 3956 2 14 76 O 30
3956 610 2 4 18 M 20
3297 611 2 2 8 O 20
613 612 2 15 80 O 30
3296 614 2 19 0 C 0
618 617 2 2 7 M 30
620 619 2 3 12 M 10
622 623 2 6 28 O 20
621 622 2 2 11 O 10
4269 4266 2 2 8 M 20
4159 4158 2 2 8 O 10
4153 4160 2 2 8 O 30
4993 4992 2 3 15 O 20
508 507 2 2 9 O 30
2155 624 2 12 62 M 20
626 625 2 10 54 O 30
628 627 2 13 72 O 20
3941 629 2 17 94 O 30
632 631 2 8 39 O 30
631 630 2 8 44 O 20
633 631 2 6 33 O 30
631 1651 2 6 31 O 20
635 633 2 8 41 O 10
633 634 2 5 22 O 10
637 636 2 11 57 O 10
639 638 2 20 111 O 20
3007 512 2 2 10 O 30
512 511 2 3 13 O 30
509 510 2 7 34 O 20
640 701 2 5 23 O 10
5183 5182 2 3 16 O 20
644 304 2 3 14 M 30
305 303 2 3 12 O 30
1497 1498 2 55 302 O 20
3269 892 2 3 12 M 10
646 1563 2 16 87 O 10
649 648 2 14 74 O 10
651 650 2 9 49 O 30
650 647 2 8 43 O 30
3388 1713 2 13 71 O 10
2248 1489 2 2 10 O 10
2111 221 1 3 0 C 0
220 2111 1 2 0 C 0
654 655 2 12 66 O 20
656 657 2 12 64 O 30
659 660 2 15 78 O 10
660 661 2 12 62 O 30
657 658 2 4 20 M 20
653 654 2 4 18 M 20
4703 662 2 2 11 O 20
4702 4701 2 6 30 M 30
S M L M S M L M S L M S S L M M S L M S L M S L M S L S M L S M L S M L S M S L M S M L S L M S L M L S M L S L M S M L S L M L S M S M L S M L
