5865 6524 218700 76 3390 0.5
3626 3708 2 24 128 O 20
3708 143 2 28 155 O 10
143 3714 2 12 64 O 10
3714 3634 2 14 73 O 30
2045 959 1 50 0 C 0
3022 2046 1 3 0 C 0
2033 2040 1 15 0 C 0
2632 3603 1 9 0 C 0
2049 2045 1 59 0 C 0
2044 2048 1 59 0 C 0
1215 1489 1 6 0 C 0
1208 3026 1 3 0 C 0
3026 2034 1 3 0 C 0
2034 3023 1 1 0 C 0
4621 2035 1 2 0 C 0
2035 1208 1 1 0 C 0
2056 2057 1 12 0 C 0
2058 2059 1 13 0 C 0
2174 4394 2 14 0 C 0
2372 3987 2 95 0 C 0
2409 2410 2 23 0 C 0
204 814 1 534 0 C 0
1334 5468 1 258 0 C 0
2413 5469 1 107 0 C 0
1539 882 1 16 0 C 0
882 2062 1 92 0 C 0
2062 2635 1 18 0 C 0
2635 3127 1 27 0 C 0
3127 3126 1 13 0 C 0
3126 384 1 14 0 C 0
2738 431 1 7 0 C 0
431 432 1 7 0 C 0
432 666 1 60 0 C 0
666 667 1 7 0 C 0
667 3450 1 5 0 C 0
3236 4368 1 80 0 C 0
969 2617 1 11 0 C 0
441 2733 2 19 0 C 0
968 2612 1 39 0 C 0
3110 4357 1 23 0 C 0
4357 4358 1 3 0 C 0
2048 957 1 125 0 C 0
4466 2039 1 29 0 C 0
2406 2975 2 10 0 C 0
2405 1627 2 14 0 C 0
2361 2360 2 35 0 C 0
3622 2661 2 16 84 O 30
2661 3534 2 73 401 M 30
2662 3356 2 3 15 O 30
3356 3544 2 5 25 O 30
3544 3540 2 5 25 O 30
3540 1590 2 2 8 O 10
1590 5612 2 4 22 M 20
5612 3541 2 2 8 O 10
3541 2663 2 17 93 O 20
1847 2664 2 25 139 M 10
2664 2793 2 55 303 O 30
2793 1870 2 15 81 M 30
1870 2665 2 33 178 O 10
2708 2639 2 3 13 O 20
2798 1996 2 9 48 O 20
1996 2841 2 24 133 M 20
2841 2814 2 12 63 O 30
2814 679 2 5 25 O 30
679 2832 2 7 35 O 20
2739 2742 2 9 0 C 0
5668 4901 2 7 34 O 20
4901 4899 2 3 11 M 20
4899 4898 2 2 6 O 20
4898 4895 2 3 11 O 10
4895 4897 2 2 6 O 30
4897 4893 2 3 14 M 30
4893 4891 2 10 53 M 20
4891 4889 2 2 8 O 30
4889 4887 2 4 19 O 10
4887 4885 2 3 14 O 30
4885 2980 2 7 35 M 30
2980 3284 2 2 10 O 30
3284 3288 2 16 87 O 30
3288 2816 2 17 92 O 20
3431 4995 2 5 23 O 30
4995 5104 2 3 12 O 20
5104 4997 2 3 13 M 10
4997 2842 2 5 27 M 20
2842 5107 2 2 6 O 10
5107 5109 2 4 21 O 30
5109 5004 2 4 18 O 20
5004 5111 2 2 7 O 20
5111 5006 2 2 10 O 10
5006 5008 2 2 7 O 20
5008 5113 2 3 14 O 20
5113 5010 2 1 5 O 10
5010 5115 2 1 2 O 10
5115 5012 2 6 31 O 30
5012 5117 2 3 17 M 30
5117 5014 2 2 9 O 20
5014 5119 2 3 15 O 20
5119 5016 2 4 18 M 10
5016 5121 2 2 10 O 30
5121 5018 2 2 9 O 20
5018 5123 2 3 13 O 30
5123 2699 2 5 22 O 30
2699 5125 2 2 10 M 10
5125 3507 2 12 65 M 30
3507 2703 2 1 1 O 30
2704 2984 2 71 391 O 20
2984 2705 2 26 144 O 10
2705 2706 2 39 214 O 10
3351 939 1 14 76 O 20
2715 2707 1 48 264 O 10
2638 2713 1 51 278 O 20
2741 2742 1 9 0 C 0
2718 697 1 31 0 C 0
2698 3284 2 21 113 M 10
2842 4999 2 7 37 O 10
4999 5002 2 2 9 O 30
5002 5051 2 3 14 O 30
5051 5049 2 1 6 M 30
5049 5057 2 5 26 O 30
5057 5053 2 1 3 O 30
5053 5055 2 5 27 M 10
5055 5059 2 4 17 O 20
5059 5061 2 3 15 O 10
5061 5063 2 4 19 O 10
5063 2701 2 4 21 O 20
2701 5065 2 8 43 O 20
5065 5067 2 7 35 O 10
5067 5666 2 4 20 O 30
5666 5069 2 5 25 O 20
5069 3519 2 2 9 O 30
3519 5074 2 4 17 O 30
5074 5072 2 1 3 O 30
5072 5076 2 3 16 O 30
5076 2702 2 4 19 O 30
1285 861 1 3 0 C 0
3078 5710 1 10 0 C 0
2979 3531 2 18 96 O 20
3531 3532 2 28 153 O 10
3532 1444 2 5 27 M 30
1444 2844 2 33 178 O 30
2844 3448 2 2 9 O 10
3448 2840 2 7 36 M 10
2840 1782 2 7 39 M 30
1782 2704 2 47 258 O 10
2704 4750 2 19 104 O 10
4750 3429 2 7 37 M 10
3429 3526 2 10 53 M 10
3526 3527 2 8 39 M 20
3527 4685 2 3 14 O 20
3207 1800 2 26 140 O 10
1800 3209 2 10 54 O 20
3209 990 2 2 7 O 10
990 1009 2 8 40 O 20
1009 1019 2 3 14 O 10
1019 995 2 1 5 O 30
995 1021 2 3 13 M 10
1021 1007 2 2 8 O 30
1007 1017 2 6 33 O 30
1017 1005 2 1 6 O 20
1005 1001 2 5 22 M 10
1001 1799 2 10 54 O 20
1799 3610 2 10 53 M 20
3610 3208 2 1 5 M 30
4286 2689 2 46 0 C 0
2689 2688 2 3 0 C 0
2092 3138 2 28 0 C 0
3138 1342 2 22 0 C 0
2088 4385 2 3 0 C 0
2084 765 2 74 0 C 0
765 764 2 3 0 C 0
764 1381 2 9 0 C 0
1088 1087 1 5 0 C 0
1085 1084 1 73 0 C 0
1084 3308 1 162 0 C 0
3308 1040 1 21 0 C 0
1086 1090 1 5 0 C 0
1124 5475 2 8 42 M 30
5475 4575 2 4 17 M 20
4575 4576 2 6 30 O 10
4576 3203 2 4 20 O 20
3203 5396 2 3 16 O 20
5396 5398 2 6 31 O 20
5398 5459 2 10 52 O 30
5459 5457 2 13 69 O 10
5457 4577 2 13 67 O 20
909 1410 2 17 90 M 30
1410 756 2 34 187 M 20
756 1180 2 13 67 O 10
3335 3338 2 54 297 M 20
3338 4258 2 2 9 M 10
4258 3339 2 26 141 M 30
3339 4270 2 12 65 M 30
4270 2131 2 70 388 O 30
2131 1185 2 19 105 M 30
3342 4568 2 18 96 O 20
3341 1185 2 12 63 M 10
1185 4254 2 73 402 O 30
4254 2774 2 8 44 O 10
1111 2780 2 35 194 O 30
4627 2109 2 25 134 M 10
2109 4074 2 9 45 O 10
4074 2107 2 43 238 O 20
2107 2106 2 54 299 O 20
2106 647 2 28 155 O 20
647 649 2 25 134 O 20
649 4075 2 93 516 O 30
4075 4076 2 34 184 O 30
4076 1654 2 47 257 M 10
461 4611 2 3 12 O 30
4611 460 2 1 3 O 20
2821 2819 2 26 143 O 30
2819 2663 2 18 98 O 10
2663 2794 2 24 132 O 10
2664 2819 2 59 324 M 30
2665 1581 2 68 376 O 30
1581 1697 2 2 9 O 30
1697 1586 2 16 88 M 10
1586 1588 2 4 21 O 10
1588 3353 2 11 56 O 10
3562 3719 2 11 59 M 30
3719 5545 2 15 82 O 20
5545 5659 2 68 376 O 10
3348 3349 1 11 56 O 30
3350 3351 1 6 32 M 10
4566 4507 1 191 1056 M 30
4507 3350 1 188 1042 O 30
3353 1587 2 66 361 M 20
1587 1582 2 26 144 O 20
1582 1583 2 16 88 O 10
1583 3623 2 23 125 O 30
2559 3550 2 3 14 O 20
3550 3355 2 21 116 O 10
3353 3355 2 11 59 M 20
3363 5590 1 12 65 O 20
5590 5584 1 8 43 O 20
5584 5586 1 3 16 O 20
5586 5582 1 10 53 O 10
5582 3362 1 46 251 M 30
3668 145 2 6 28 O 30
145 3565 2 11 59 O 20
3565 2660 2 11 57 O 20
2660 3661 2 13 71 M 30
3661 3658 2 6 33 O 10
3658 3659 2 6 33 O 30
3659 124 2 8 40 M 20
124 877 2 6 30 O 10
877 3564 2 6 32 O 30
1864 5564 1 45 247 O 10
5564 131 1 35 189 O 30
131 3364 1 4 19 O 30
3364 3105 1 11 58 M 10
2641 2559 1 21 112 O 30
2559 1865 1 66 363 O 20
3104 2641 1 8 42 O 30
2713 2714 1 15 83 O 30
2714 2715 1 8 39 O 10
3377 1706 1 24 130 O 20
3342 3341 2 7 35 O 20
3389 3240 1 74 408 O 20
3240 796 1 16 85 O 30
796 4103 1 191 1060 O 20
3383 3389 1 6 32 O 10
897 3390 2 17 0 C 0
2079 2077 2 105 0 C 0
2077 2637 2 2 0 C 0
2637 885 2 18 0 C 0
885 2076 2 92 0 C 0
478 3586 2 6 30 M 30
3586 3399 2 12 64 O 10
3399 268 2 31 170 O 30
268 270 2 4 18 O 20
270 3706 2 14 77 O 10
3706 3683 2 10 53 O 30
3683 3684 2 19 105 O 30
3684 3700 2 4 20 O 30
3700 3691 2 11 58 O 10
3691 272 2 8 44 O 20
272 274 2 2 9 M 30
274 4051 2 5 24 M 30
3400 5769 2 33 182 O 20
3400 3506 2 24 130 O 20
3506 653 2 16 85 O 10
653 786 2 31 169 O 30
786 3400 2 38 206 O 10
3401 233 2 13 69 M 20
233 3801 2 7 36 M 30
3801 3402 2 14 77 O 30
3402 3799 2 4 18 O 20
3799 4053 2 8 43 O 10
4053 4057 2 10 55 O 30
4057 3403 2 6 30 M 20
2438 1341 2 20 0 C 0
3506 782 2 11 57 M 10
782 3505 2 9 47 O 20
3676 773 2 7 38 O 30
773 3675 2 90 500 O 20
3683 3677 2 19 103 O 20
3678 3680 2 32 174 O 20
3681 3682 2 19 101 O 30
3698 3693 2 21 114 M 20
3693 4047 2 15 82 O 30
3684 3679 2 55 303 O 20
3691 244 2 31 167 M 10
244 4479 2 14 74 M 10
3688 3687 2 75 413 M 20
3689 3690 2 20 109 M 20
3693 3694 2 16 87 O 10
3694 3695 2 27 145 O 10
3695 238 2 43 238 O 30
238 3692 2 21 112 M 10
3694 3696 2 42 229 O 20
3696 3697 2 60 331 O 10
3697 3695 2 17 91 O 30
3696 5864 2 15 81 O 10
5864 3697 2 15 81 M 20
3698 275 2 1 2 O 20
275 3699 2 32 178 M 10
3700 3699 2 28 151 O 10
3699 3701 2 24 131 O 10
3701 440 2 23 127 O 20
3701 236 2 23 127 O 30
236 3702 2 11 61 O 10
3719 3718 2 21 114 M 30
3718 3717 2 12 66 O 20
3717 3703 2 36 199 O 20
3703 3704 2 54 299 O 30
3704 3654 2 21 114 M 30
3654 3709 2 2 8 O 20
3709 3705 2 21 116 M 10
3705 3655 2 78 431 O 20
3655 267 2 9 46 O 30
267 3706 2 8 41 O 20
3655 3741 2 7 38 O 20
3741 3707 2 3 13 O 30
3711 3712 2 14 74 O 20
3712 3704 2 25 137 O 10
3704 3708 2 21 114 O 10
3709 3794 2 32 173 M 20
3794 3711 2 13 71 O 20
3711 3710 2 22 120 O 30
3712 3713 2 10 51 O 30
3714 3705 2 20 106 O 20
3705 3715 2 30 163 O 30
3715 3653 2 47 256 O 10
3715 3716 2 43 238 O 30
3758 3785 2 39 214 O 20
3785 3757 2 16 86 M 10
3785 3759 2 14 75 O 30
3761 3763 2 17 94 O 20
3763 3760 2 34 187 O 20
3762 3763 2 35 191 M 20
3769 3770 2 19 105 O 30
3770 3772 2 17 93 O 10
3772 3767 2 17 94 O 20
3767 3768 2 65 357 M 20
3770 3771 2 20 109 M 30
3772 3775 2 95 524 O 20
3767 3777 2 23 123 O 10
3777 3773 2 47 259 O 10
3773 3775 2 32 173 O 30
3775 3774 2 51 278 O 20
3773 3776 2 19 104 O 10
3777 3778 2 13 67 O 30
3779 3782 2 15 80 O 10
3780 278 2 11 61 O 20
278 3782 2 55 304 O 30
3782 3781 2 25 133 O 20
3780 3783 2 11 57 O 30
3376 3784 2 60 332 M 20
3635 3786 2 5 23 O 30
3786 3787 2 75 416 O 20
3787 3791 2 10 54 O 10
3791 3788 2 22 121 O 30
3787 3789 2 19 102 M 10
4067 4761 2 3 17 M 10
4761 3637 2 2 9 O 20
3637 723 2 5 25 M 20
723 719 2 3 16 M 30
719 721 2 1 2 O 20
721 3790 2 37 200 O 20
3790 3791 2 22 118 O 30
3714 3792 2 19 105 O 10
3792 3617 2 65 359 O 30
3617 1768 2 5 26 O 10
3792 3793 2 17 90 O 10
3794 3795 2 22 118 O 10
3796 3798 2 43 237 O 20
3798 3797 2 38 211 M 20
3798 3800 2 14 73 O 10
3800 3799 2 48 261 O 20
3800 3801 2 78 428 O 20
3402 3802 2 32 173 O 10
3802 3806 2 4 18 O 20
3806 3809 2 18 100 O 20
3809 3803 2 40 219 O 20
3803 3804 2 20 111 O 10
3805 4766 1 11 60 O 10
4766 4764 1 13 71 O 20
4764 3807 1 14 76 O 10
3807 4765 1 14 75 O 10
4765 4767 1 13 69 O 20
4767 3805 1 11 57 M 20
3802 3808 2 9 47 O 20
3809 3810 2 10 54 O 10
3816 4768 2 73 403 M 30
4768 3811 2 25 137 O 10
3812 3813 2 16 86 O 20
3814 3815 2 10 54 O 20
3816 3817 2 8 42 O 20
3826 3827 2 20 0 C 0
3827 4502 2 131 0 C 0
2699 3508 2 4 19 O 20
3508 3509 2 4 18 O 30
3509 2839 2 3 11 O 20
2839 3510 2 3 16 O 30
3510 5025 2 4 19 M 30
5025 3832 2 5 22 M 20
3832 5029 2 4 21 O 10
5029 5033 2 2 9 O 10
5033 5031 2 2 9 O 30
5031 5035 2 1 3 O 10
5035 5037 2 2 10 M 30
5037 5041 2 6 28 O 20
5041 5039 2 1 4 O 10
5039 5043 2 4 19 O 10
5043 5045 2 3 11 O 10
5045 5047 2 4 18 O 30
5047 2701 2 3 16 O 10
3834 4903 2 9 45 M 20
4903 4927 2 2 10 O 10
4927 4925 2 6 28 O 30
4925 4913 2 3 15 O 30
4913 4923 2 7 37 O 20
4923 4921 2 3 12 O 10
4921 4915 2 1 3 M 20
4915 4919 2 3 12 O 10
4919 4917 2 2 9 O 20
4917 3285 2 9 49 O 10
2666 2788 2 4 17 O 10
2788 3735 2 3 14 M 10
5635 5152 2 3 14 O 10
5152 5156 2 2 9 O 10
5156 5150 2 2 10 O 20
5150 5159 2 2 10 O 30
5159 5148 2 6 31 O 30
5148 5146 2 1 5 M 30
5146 5144 2 3 14 M 30
5144 5142 2 1 4 M 20
5142 4570 2 2 7 O 20
4570 5140 2 1 4 O 20
5140 5138 2 2 9 M 20
5138 3515 2 3 15 O 20
3515 5135 2 2 7 O 20
5135 3837 2 2 9 O 30
3837 3516 2 3 13 O 10
3516 3517 2 5 24 O 30
3517 5131 2 4 17 O 20
5131 5127 2 3 14 O 30
5127 3507 2 8 42 O 10
3833 4958 2 7 35 O 10
4958 4956 2 3 13 O 10
4956 4941 2 4 21 O 10
4941 3560 2 2 10 M 20
3560 4945 2 4 21 M 10
4945 4954 2 6 30 O 20
4954 3283 2 4 20 O 20
3283 4947 2 7 36 M 10
4947 4951 2 1 3 O 20
4951 3838 2 3 12 O 20
3836 5227 2 5 23 O 10
5227 5229 2 2 8 O 30
5229 5225 2 5 26 M 20
5225 5219 2 5 26 O 10
5219 5223 2 2 8 M 10
5223 5221 2 3 13 O 10
5221 5217 2 3 13 O 20
5217 5215 2 3 12 O 20
5215 5213 2 10 51 O 30
5213 5211 2 3 13 M 30
5211 5209 2 8 44 O 10
5209 5207 2 3 14 M 20
5207 5205 2 5 25 O 10
5205 5201 2 6 30 O 30
5201 5199 2 1 3 O 20
5199 5203 2 4 18 M 30
5203 3839 2 5 27 O 20
2978 5168 2 10 53 O 20
5168 5176 2 1 1 O 10
5176 5170 2 3 15 O 20
5170 5178 2 3 13 O 30
5178 5174 2 1 3 O 10
5174 5172 2 1 4 O 20
5172 5181 2 3 15 O 20
5181 5183 2 1 1 O 30
5183 5185 2 6 33 M 30
5185 5187 2 3 12 O 20
5187 3839 2 5 24 O 10
3839 5189 2 2 9 O 30
5189 5191 2 4 20 O 30
5191 5193 2 5 23 O 10
5193 5195 2 5 26 O 20
5195 3447 2 1 4 O 30
3703 3898 2 10 54 O 30
2645 4361 2 5 26 M 10
2669 4450 2 2 6 O 10
4450 3322 2 62 343 O 20
3322 3318 2 18 100 O 30
3318 4231 2 93 514 O 10
2880 4365 1 5 26 M 20
4366 1031 2 35 0 C 0
1031 4227 2 163 0 C 0
4227 1853 2 13 0 C 0
2687 4425 1 17 0 C 0
4425 3008 1 6 0 C 0
3008 4417 1 9 0 C 0
4418 3035 1 15 0 C 0
3035 2786 1 8 0 C 0
4479 4480 2 38 207 O 20
4480 1543 2 45 247 O 30
1543 4052 2 23 126 O 20
4052 4480 2 49 268 O 30
4481 1915 2 32 174 O 20
1915 1855 2 17 92 O 30
1855 4482 2 19 104 O 30
3398 1856 2 32 173 O 10
1856 4485 2 34 189 O 10
4483 4486 2 30 162 O 10
4486 4485 2 15 78 O 10
4485 4484 2 30 161 O 30
4487 4044 2 36 199 O 20
4044 4486 2 17 92 O 30
1397 900 2 24 0 C 0
896 901 2 24 0 C 0
899 900 2 29 0 C 0
901 1397 2 29 0 C 0
1067 2741 1 14 0 C 0
958 2049 1 112 0 C 0
2566 2567 1 13 0 C 0
2568 2569 1 12 0 C 0
2569 956 1 63 0 C 0
3546 3547 1 70 385 O 30
1435 1436 1 15 0 C 0
230 231 2 5 0 C 0
4477 1465 2 32 176 O 10
1465 1476 2 12 66 O 10
4291 934 1 122 677 O 30
1465 1623 2 34 189 O 20
1623 4225 2 35 193 O 10
1476 4226 2 21 113 O 30
1543 1542 2 9 46 O 30
1546 257 2 12 66 O 30
257 255 2 20 109 O 10
255 251 2 8 42 O 10
251 253 2 8 43 O 10
253 1553 2 29 157 O 10
1547 1548 2 20 110 O 30
1548 4411 2 20 106 M 30
4411 1550 2 24 128 O 30
1550 1545 2 14 73 O 10
1545 1552 2 31 168 M 20
1552 3459 2 9 47 O 10
1546 1547 2 23 123 O 10
1548 1549 2 21 113 O 20
1550 248 2 25 137 O 10
248 1551 2 3 15 M 30
1545 3458 2 42 232 O 10
3458 1552 2 16 86 M 20
4276 730 2 1 5 O 20
730 731 2 4 22 M 30
731 726 2 6 31 O 20
726 5289 2 41 227 O 30
5289 4277 2 7 37 M 10
4277 3952 2 10 55 O 10
1719 1720 2 9 49 O 20
1720 1718 2 16 85 O 10
1718 700 2 30 162 O 20
700 702 2 6 32 O 20
702 3354 2 14 77 O 30
2659 1850 1 13 71 M 10
1556 1216 1 19 0 C 0
1559 1913 2 51 281 O 10
1560 1561 2 18 98 M 30
1561 1563 2 48 263 O 20
1563 1653 2 44 240 M 10
1561 1562 2 33 182 M 30
1563 1566 2 57 313 M 20
1566 1564 2 18 95 O 30
1564 1565 2 32 177 O 30
1566 1567 2 31 170 O 30
1564 1568 2 36 199 O 20
3718 1569 2 12 64 O 20
1569 1570 2 9 49 O 10
1569 1571 2 8 39 O 20
1571 1572 2 2 9 O 20
3717 1573 2 19 101 O 30
1573 641 2 6 33 O 20
641 642 2 2 8 O 10
642 1573 2 5 27 M 10
1555 3370 2 5 24 O 30
1574 2155 2 22 121 O 30
1577 949 1 2 0 C 0
949 480 1 1 0 C 0
903 1576 1 3 0 C 0
1576 1239 1 2 0 C 0
902 1238 1 1 0 C 0
1238 1577 1 2 0 C 0
1559 1579 2 4 17 O 20
1579 1580 2 8 40 O 20
1581 1694 2 18 99 O 30
1694 1584 2 18 99 M 30
1584 1582 2 45 249 M 30
1584 1691 2 17 94 O 20
1691 1585 2 35 193 O 20
1585 1554 2 16 88 O 30
1583 1692 2 18 96 O 10
1692 1585 2 82 452 O 20
1587 1586 2 62 340 M 30
1588 1695 2 41 222 O 30
1695 1589 2 23 123 O 30
1591 1593 2 22 120 O 20
1593 4011 2 2 11 O 30
4011 4557 2 27 147 O 20
4557 1592 2 6 31 O 30
1592 4011 2 187 1037 M 10
1597 4010 2 39 213 M 10
4010 1596 2 21 117 O 10
1598 1599 2 19 101 M 20
1599 5620 2 8 44 M 20
5620 4009 2 14 76 O 30
4009 1594 2 25 137 O 10
1601 4310 2 13 68 O 10
4310 1595 2 13 68 O 10
1593 1594 2 20 108 O 20
1594 1595 2 19 102 O 30
1595 1598 2 33 180 O 10
1598 1596 2 36 197 M 30
1596 1597 2 19 101 O 30
3822 4003 2 2 6 O 30
4003 4004 2 33 181 M 10
1607 1608 2 2 9 O 30
1608 2193 2 15 83 O 10
2193 2194 2 14 76 M 30
2194 2192 2 10 50 O 10
1607 259 2 13 72 O 30
259 1605 2 41 226 O 30
1609 1918 2 11 61 O 30
1918 1773 2 13 72 O 20
1773 3444 2 14 76 O 30
3444 1646 2 13 72 M 10
2798 2801 2 21 115 O 10
2801 3272 2 3 16 M 20
1610 4693 2 1 5 O 20
4693 2792 2 13 67 O 10
2792 2810 2 28 154 M 20
2810 2803 2 12 64 O 10
2803 2787 2 15 79 O 30
1578 1715 2 22 121 M 30
1715 2827 2 12 65 M 10
2827 2836 2 12 66 M 30
2836 3462 2 6 32 O 20
3462 3298 2 17 92 M 20
4410 1613 2 5 24 M 10
1613 1612 2 2 7 O 30
1638 2835 2 7 34 O 10
2834 1638 2 5 22 O 20
2835 5365 2 13 72 O 30
5365 5363 2 2 8 M 30
5363 1644 2 8 44 O 10
1644 5372 2 2 7 O 20
5372 5367 2 4 21 O 10
5367 5369 2 5 25 O 10
5369 1639 2 1 4 O 10
1640 1641 2 25 133 O 20
1641 5341 2 7 34 O 10
5341 5347 2 1 2 O 10
5347 5339 2 1 2 M 10
5339 5343 2 2 7 O 20
5343 5345 2 3 14 O 10
5345 5337 2 4 17 O 10
5337 5335 2 5 24 O 30
5335 5333 2 2 6 O 10
5333 5650 2 4 20 O 10
5650 5330 2 4 18 O 10
5330 5328 2 4 18 M 20
5328 5323 2 3 16 M 10
5323 5326 2 2 7 O 30
5326 5321 2 4 19 O 10
5321 3559 2 3 15 O 30
1641 1642 2 34 189 M 10
1642 5349 2 12 61 O 20
5349 1643 2 3 15 O 10
1642 5351 2 3 13 O 30
5351 5353 2 3 12 O 20
5353 5355 2 1 5 O 30
5355 5357 2 3 15 O 30
5357 5361 2 4 18 O 30
5361 5359 2 1 4 O 10
5359 1644 2 11 61 O 20
1645 2837 2 33 181 O 30
2837 3444 2 14 77 O 20
1646 1772 2 39 215 O 10
1772 1647 2 46 250 O 30
1647 5509 2 3 14 O 10
5509 1648 2 10 55 O 10
1648 2988 2 12 64 O 10
2988 1649 2 12 62 M 20
1649 5499 2 9 48 O 30
5499 5501 2 1 5 M 20
5501 1559 2 8 42 O 30
3493 3494 2 36 197 O 10
1654 3490 2 86 473 O 10
1652 3492 2 29 160 O 10
1692 1691 2 49 269 O 10
1694 1693 2 70 383 O 10
1695 1696 2 13 70 M 30
1697 1696 2 40 217 O 30
2818 1891 2 8 44 O 20
1891 2820 2 13 70 O 30
1557 2829 2 31 172 O 20
2829 784 2 8 39 O 20
784 1700 2 20 107 O 10
1765 1713 2 19 105 O 10
1715 1716 2 15 81 O 20
1717 1443 2 4 22 O 20
1443 1578 2 16 87 O 20
1720 1721 2 8 42 O 10
2593 472 1 421 0 C 0
1722 3369 1 122 673 O 30
3823 5601 2 7 36 O 30
5601 1723 2 1 3 O 30
1723 4001 2 8 40 M 10
4001 5608 2 4 20 O 30
5608 5625 2 3 14 O 20
5625 5607 2 3 12 O 20
5607 743 2 4 20 O 30
743 1724 2 2 6 O 10
1724 5591 2 2 8 M 10
5591 1725 2 7 33 O 10
1725 5596 2 12 65 O 10
5596 1726 2 6 30 M 30
1726 1353 2 12 62 O 10
1353 5548 2 7 34 M 20
5548 4002 2 8 42 O 20
1725 3992 2 5 26 O 10
3992 5550 2 4 18 O 10
5550 3991 2 19 101 O 10
3991 1726 2 4 21 O 30
3999 3996 1 9 45 O 20
1353 5546 2 3 14 O 10
5546 1729 2 5 26 M 10
1727 1423 2 13 71 M 20
1423 1730 2 8 41 M 30
1731 1733 2 7 34 O 30
1732 1734 2 7 34 M 10
2628 1741 1 3 0 C 0
2793 1879 2 64 354 O 10
1879 1743 2 40 221 M 20
1743 1756 2 25 136 M 20
1756 5655 2 30 164 M 30
5655 1755 2 30 164 O 30
1755 1749 2 29 158 M 30
1749 1744 2 19 105 O 20
1744 1745 2 56 311 M 20
1743 1746 2 51 280 O 10
1746 1890 2 8 39 O 10
1890 1744 2 15 81 O 10
1746 1747 2 16 85 O 10
1755 1754 2 13 71 O 10
1754 1748 2 12 64 O 20
1748 1750 2 75 416 O 10
1750 1749 2 37 203 O 10
1750 1751 2 17 90 O 20
1748 1752 2 18 98 O 30
1754 1753 2 19 104 O 20
1756 1757 2 17 89 O 10
1764 1758 2 49 268 M 20
1763 1759 2 49 272 O 10
1762 1760 2 39 214 O 20
1852 2989 2 26 140 O 30
2989 2826 2 41 225 O 30
1766 1765 2 24 130 O 20
1767 1557 2 20 106 O 10
1768 1769 2 25 134 O 30
1775 1770 2 11 59 O 10
1770 1774 2 12 64 O 10
1774 1771 2 12 63 O 10
1771 1772 2 12 64 O 10
1773 1774 2 27 147 O 20
1774 2988 2 48 262 O 20
2988 3445 2 27 145 M 30
1918 1770 2 21 112 O 10
1770 1649 2 48 263 O 10
1776 1919 2 12 62 O 30
1919 1777 2 12 64 O 10
2809 2813 2 10 52 O 30
2813 1778 2 13 68 O 10
1779 3288 2 13 67 O 30
1782 4706 2 79 436 O 20
4706 1780 2 4 18 M 30
1780 4708 2 11 61 O 20
4708 1781 2 19 105 O 20
1781 2789 2 37 203 O 10
1781 4718 2 12 67 O 30
4718 2705 2 13 69 O 20
1780 4724 2 7 37 O 20
4724 4720 2 2 9 O 10
4720 4726 2 3 16 O 20
4726 4744 2 3 12 O 20
4744 4728 2 4 19 O 30
4728 2984 2 12 61 O 30
2984 4742 2 11 58 O 30
4742 4730 2 3 12 O 10
4730 4738 2 1 2 O 10
4738 4732 2 2 6 O 20
4732 4736 2 3 11 M 30
4736 4734 2 4 18 O 20
4734 4740 2 1 1 M 10
4740 1783 2 1 1 M 30
5303 3593 2 8 43 M 20
3593 2425 2 70 386 O 20
1785 2817 2 16 84 M 20
2817 1784 2 19 104 O 10
1784 1786 2 21 115 O 10
1786 1788 2 50 276 O 20
1786 3277 2 11 61 O 20
2817 1787 2 61 337 O 10
1789 3573 2 40 218 M 10
1791 1790 2 28 151 O 10
1800 1792 2 18 96 O 20
1792 2756 2 17 92 O 20
2756 1793 2 18 96 O 30
1793 1794 2 17 93 O 20
1794 2811 2 17 91 O 20
2811 1795 2 16 88 M 10
1792 997 2 15 83 M 10
997 1015 2 6 31 O 20
1015 1013 2 4 20 O 10
1013 1011 2 3 12 O 30
1011 1798 2 9 49 M 20
2756 999 2 21 116 O 10
999 1797 2 4 17 O 20
1793 1796 2 24 129 O 10
1794 1801 2 27 148 O 20
313 1218 1 5 23 O 10
1804 1811 2 21 116 O 20
1811 1225 2 20 110 O 10
1803 296 2 14 72 O 20
296 1806 2 7 34 O 10
1807 1222 2 17 90 O 30
1804 1809 2 30 161 M 10
1809 1808 2 13 68 M 30
1809 1810 2 14 72 O 30
1812 1811 2 27 147 M 10
1813 1814 2 36 197 O 30
1821 1823 2 71 392 O 10
1223 1813 2 19 0 C 0
1813 1253 2 21 0 C 0
1824 1253 2 12 0 C 0
1808 1803 2 21 116 M 30
1803 1220 2 20 111 M 30
1814 1827 2 17 90 O 20
1827 1824 2 20 111 O 30
1828 1827 2 60 331 O 30
1830 1828 2 17 0 C 0
1828 1816 2 50 277 O 30
1244 1829 2 21 112 O 10
1829 1815 2 20 107 O 20
1817 1831 2 41 223 M 20
1831 1818 2 39 213 O 30
1832 1831 2 8 40 O 30
1833 1819 2 16 88 O 30
1834 1820 2 18 95 O 20
1835 1838 2 21 112 O 20
1836 1838 2 16 86 O 20
1838 1246 2 17 93 O 20
1246 1984 2 43 237 M 30
1837 1246 2 15 83 O 30
1839 1842 2 15 83 M 20
1840 1843 2 17 91 O 10
1843 1842 2 16 84 O 30
1842 1841 2 16 86 O 20
1843 1844 2 19 103 O 10
1844 1845 2 24 128 O 30
1846 1844 2 9 49 O 30
1632 1845 2 20 0 C 0
2713 2424 2 39 212 M 20
1758 1759 2 20 111 O 30
1759 1440 2 46 253 O 10
3277 3592 2 3 16 O 30
3592 3594 2 17 89 O 30
3594 3595 2 4 17 O 30
3595 1788 2 45 246 O 10
1788 1787 2 19 104 M 30
1787 3573 2 19 103 O 30
3573 1790 2 20 110 O 10
1790 3207 2 26 142 O 30
1855 1856 2 22 122 O 10
1857 1858 2 18 99 M 10
1859 4043 2 8 40 O 10
1814 1242 2 12 62 O 10
1242 1815 2 29 156 O 20
1815 1816 2 17 92 O 10
1829 1867 2 8 42 O 30
1870 1868 2 22 118 O 20
1868 1869 2 21 116 O 20
1871 1868 2 32 172 O 10
1874 1 2 6 30 O 30
1 3 2 6 31 O 10
3 5 2 2 10 O 20
5 7 2 11 60 O 20
7 9 2 9 48 O 20
9 11 2 3 15 O 30
11 1060 2 21 116 O 30
1060 1633 2 2 10 M 30
3473 3497 2 4 18 O 10
3497 41 2 3 16 O 30
41 44 2 4 18 O 10
44 45 2 5 24 O 30
45 50 2 3 11 M 30
50 52 2 5 25 O 20
52 54 2 2 6 O 20
54 3474 2 10 54 O 10
3474 58 2 7 34 O 10
58 56 2 3 16 O 20
56 1633 2 5 26 M 30
1875 3475 2 8 40 M 30
3475 3476 2 2 8 O 10
3476 1875 2 3 14 M 10
1875 1876 2 8 42 M 30
1877 3477 2 6 30 O 30
3477 3478 2 2 8 M 20
3478 1877 2 3 16 O 10
1877 1876 2 25 137 O 20
1876 1878 2 24 128 O 30
1880 1879 2 23 126 O 20
1864 1909 2 22 119 O 30
1909 1910 2 8 41 M 20
1910 1908 2 8 41 O 30
1908 3469 2 13 71 O 20
3469 1878 2 2 9 O 10
1878 1059 2 44 239 O 10
1881 1882 2 3 12 O 20
1882 1890 2 6 31 O 10
1883 1882 2 3 12 O 10
5617 1888 2 25 137 O 10
1888 2992 2 31 171 O 10
2992 5614 2 9 47 O 20
1696 1698 2 21 114 O 20
1698 1699 2 44 243 O 30
1745 2826 2 36 195 O 10
2826 3463 2 22 118 O 20
1892 1891 2 48 262 O 20
4677 136 2 18 98 O 30
136 1893 2 10 50 O 30
1893 1898 2 1 3 M 10
1898 3553 2 16 83 O 30
3553 3555 2 13 72 M 30
3555 3557 2 18 95 O 10
3557 1894 2 2 11 O 20
1894 1895 2 17 91 O 10
1895 1896 2 16 88 O 20
1896 1897 2 28 154 O 30
2000 1999 2 9 48 O 20
1999 2001 2 4 19 O 10
2001 2000 2 6 30 O 30
1899 1896 2 39 216 M 20
1896 1902 2 18 100 O 20
1900 1902 2 16 87 M 30
1902 1897 2 14 73 O 30
1897 1901 2 21 113 O 20
1899 1895 2 33 183 O 10
1895 3951 2 10 52 O 20
3951 1900 2 9 47 O 20
1894 1904 2 19 104 O 10
1904 3556 2 28 151 O 10
3556 741 2 33 178 O 10
741 1903 2 10 51 M 10
1904 1903 2 21 113 O 10
1903 1905 2 14 78 O 30
1893 5554 2 54 300 O 30
5554 1906 2 5 23 O 30
1907 1872 2 8 40 O 30
1908 3468 1 20 108 O 30
1910 1911 2 19 104 O 30
1911 1912 2 16 86 O 30
1911 3503 2 55 304 M 10
3503 1913 2 19 103 O 20
775 1913 2 35 192 O 10
1768 2661 2 14 73 O 20
4045 1916 2 6 30 M 20
1916 1917 2 51 279 O 30
1917 3460 2 6 31 O 10
3460 4046 2 3 12 M 20
4046 1917 2 4 18 O 10
2981 4806 2 4 17 O 20
4806 4804 2 1 1 O 10
4804 4808 2 4 19 O 20
4808 4802 2 6 28 O 10
4802 4812 2 2 6 O 30
4812 4810 2 2 8 O 10
4810 4800 2 1 1 M 10
4800 4798 2 4 19 O 20
4798 4796 2 5 27 O 10
4796 4794 2 3 12 M 30
4794 4792 2 6 29 O 10
4792 4788 2 3 15 O 10
4788 4790 2 1 2 O 20
4790 4786 2 5 25 O 30
4786 4781 2 8 44 O 20
4781 4784 2 5 26 O 30
4784 4777 2 2 6 O 20
4777 4775 2 3 14 O 10
4775 2982 2 7 38 O 20
1920 4877 2 39 212 O 30
4877 4883 2 7 38 O 10
4883 4880 2 4 18 O 20
4880 4878 2 2 10 O 10
4878 2841 2 5 24 O 10
2876 863 1 26 0 C 0
2658 4565 1 230 1276 O 10
2909 2017 1 24 132 O 20
2017 1469 1 9 45 O 10
1469 1480 1 28 151 O 30
2556 4241 1 20 106 O 30
4241 2911 1 12 62 O 10
2911 2354 1 32 173 M 20
2354 4439 1 13 70 O 30
4439 2352 1 7 34 O 20
2352 2586 1 10 54 O 30
2586 2910 1 32 175 O 10
2910 2655 1 47 259 O 30
1861 2895 1 5 24 M 30
2895 2891 1 6 28 O 20
2891 2650 1 11 57 O 10
2650 1052 1 20 106 M 10
1052 2896 1 66 364 O 20
4370 3381 1 66 363 O 10
3381 4380 1 59 323 M 10
2268 2270 1 6 32 O 10
2270 4283 1 17 90 O 20
4283 2271 1 22 120 O 30
2271 926 1 6 31 O 10
1529 1349 1 23 123 M 30
1923 3377 1 11 59 M 30
4072 2137 1 2 9 O 20
2137 5537 1 87 479 O 30
4104 4643 1 103 567 O 30
2642 3552 1 14 77 O 10
3552 117 1 11 59 O 30
117 115 1 5 27 O 10
115 113 1 6 28 O 20
113 107 1 7 39 O 10
107 5567 1 5 23 M 20
5567 921 1 10 55 O 30
3362 280 1 16 84 O 20
3367 2313 1 62 342 O 30
1924 5409 1 20 110 O 30
5409 3442 1 6 28 M 20
3442 1925 1 4 21 O 30
5836 3738 1 181 1000 M 30
1926 963 1 10 54 O 20
2036 1926 1 254 1406 M 10
2042 3739 1 30 0 C 0
2043 961 1 20 0 C 0
2558 906 1 31 0 C 0
2591 2590 1 189 0 C 0
2590 1083 1 86 0 C 0
1935 1933 2 19 101 O 20
1934 1935 2 17 94 O 20
1936 1932 2 15 79 O 30
1937 1931 2 29 157 O 20
1938 1961 2 51 278 O 10
1961 1959 2 16 89 O 10
1959 1958 2 22 119 O 30
1958 1441 2 14 77 O 20
1441 5299 2 1 4 O 10
5299 310 2 56 306 O 10
310 1956 2 5 25 O 20
1956 1955 2 16 86 O 20
1955 1939 2 15 81 O 10
1942 1943 2 49 272 O 30
1943 1962 2 15 80 O 10
1962 1944 2 50 275 O 20
1944 1947 2 26 144 O 30
1945 1950 2 14 75 O 20
1950 1946 2 15 80 M 10
1946 1947 2 19 102 M 20
1947 5299 2 50 275 O 30
1946 1948 2 9 46 O 30
1948 1949 2 18 97 O 10
1949 4678 2 3 12 O 30
4678 1948 2 5 25 O 20
1950 1951 2 9 48 M 30
1952 1953 2 21 113 O 20
1953 1929 2 28 151 O 20
1939 1952 2 43 236 M 30
1940 5300 2 75 415 O 20
1954 1955 2 24 129 O 10
1957 1958 2 14 73 O 10
1959 1960 2 9 47 M 20
1962 1961 2 16 85 O 20
1943 1972 2 29 161 O 30
1972 1963 2 16 86 O 10
1963 1964 2 17 91 O 20
1964 1969 2 25 136 O 10
1969 1967 2 8 41 M 30
1967 1965 2 9 46 M 20
1966 1967 2 13 70 O 10
1968 1969 2 11 59 M 20
1970 1964 2 10 55 O 10
1971 1963 2 12 62 O 10
1972 1973 2 11 59 O 30
1974 1944 2 11 56 O 20
1976 1977 2 61 338 O 30
1977 1978 2 17 91 O 30
1979 1977 2 76 422 M 30
1980 1979 2 16 0 C 0
1979 1976 2 15 83 O 10
1976 1983 2 16 88 O 20
1983 1981 2 20 106 M 20
1982 1243 2 9 45 M 20
1243 1983 2 57 313 O 20
1986 872 2 18 0 C 0
872 1987 2 27 0 C 0
1249 1251 2 24 128 O 20
1251 1988 2 47 258 O 20
1990 1251 2 37 203 O 30
1575 1991 2 55 304 O 30
1991 1989 2 19 100 O 10
1575 1981 2 20 109 O 10
1981 2155 2 66 363 O 30
2682 2604 1 4 0 C 0
2604 4349 1 7 0 C 0
4349 2603 1 11 0 C 0
2603 2683 1 22 0 C 0
2683 2030 1 7 0 C 0
2030 1435 1 7 0 C 0
2671 2577 1 15 0 C 0
2094 3344 2 53 294 M 10
2292 3333 2 76 417 O 10
3330 5305 2 22 121 O 10
5305 5720 2 17 90 O 10
5720 5719 2 41 222 O 20
5719 2471 2 1 3 O 30
2471 2456 2 14 73 O 10
2456 2466 2 3 15 O 30
2466 5734 2 20 106 O 30
5734 5733 2 23 127 M 30
5733 5736 2 5 24 O 30
5736 5738 2 8 43 O 30
5738 2458 2 25 137 O 30
2458 2461 2 8 43 O 30
2461 5724 2 40 220 M 10
5724 2460 2 7 36 O 10
2460 4173 2 6 31 O 10
2095 5751 2 17 94 M 30
5751 2097 2 88 485 O 20
2097 5729 2 3 13 O 30
2097 5752 2 18 99 M 20
5752 2098 2 2 8 O 30
1165 1174 2 27 147 M 30
3878 2548 2 38 206 O 30
2104 3978 2 21 116 O 10
2102 2343 2 133 738 O 10
2106 5532 2 91 500 O 20
2107 2108 2 32 174 O 10
2109 2110 2 83 460 O 30
2110 5636 2 119 660 M 20
5636 422 2 4 19 M 30
422 3411 2 3 13 O 10
3411 2180 2 56 307 O 20
2180 4017 2 3 13 M 20
2110 2111 2 95 523 O 20
2111 5643 2 20 108 O 10
5643 4243 2 24 128 O 30
4243 2111 2 37 203 O 10
3347 2112 2 50 272 O 20
2112 2113 2 26 142 O 30
2113 2114 2 17 94 O 30
2114 4014 2 13 67 M 30
4014 4015 2 3 13 M 30
2112 2115 2 21 115 O 30
2115 2113 2 20 107 O 30
2116 2117 2 26 140 M 30
2118 4013 2 53 293 O 10
4218 2120 2 120 666 O 10
2120 2121 2 43 238 O 20
2121 153 2 187 1036 O 30
153 4220 2 13 72 O 30
4220 2182 2 51 283 M 20
2182 3725 2 208 1151 O 30
3725 3723 2 2 9 M 10
3723 2183 2 47 258 O 20
1445 2123 2 58 322 O 10
2123 2122 2 4 18 O 10
2123 2124 2 26 141 O 10
1442 717 2 11 57 M 10
717 2124 2 57 315 O 10
2124 2125 2 48 266 M 10
2125 5280 2 58 321 O 20
5280 4754 2 50 277 O 20
4754 2125 2 26 139 O 10
1439 4263 2 55 301 O 10
4254 2126 2 65 359 O 30
2128 2130 2 12 65 O 30
2127 4265 1 4 17 O 20
4265 2126 1 25 138 O 20
2131 449 2 4 19 O 30
449 2132 2 40 220 M 20
3339 865 2 10 50 O 30
865 2136 2 10 54 O 30
2136 1183 2 65 359 O 10
1183 2133 2 11 59 O 10
1183 2134 2 14 74 O 30
2134 2135 2 3 11 O 20
3338 2136 2 54 295 O 10
4070 2137 1 4 20 O 30
2137 2138 1 3 11 O 30
4018 4006 2 100 550 M 20
4006 4021 2 33 181 O 10
4019 4630 2 7 39 O 10
4630 2142 2 18 98 O 30
2139 2143 2 22 120 M 20
2143 2152 2 22 119 O 20
2152 2144 2 22 120 M 10
2145 2144 2 11 59 O 10
2144 2146 2 11 59 M 20
2146 2147 2 20 106 O 10
4251 2151 2 10 55 O 30
2151 2149 2 23 127 M 20
2149 2150 2 10 55 O 30
2151 3949 2 21 113 O 30
2152 2153 2 33 179 M 20
2143 2154 2 34 183 O 20
2140 2154 2 21 114 M 30
2154 2153 2 22 121 O 20
2153 2147 2 23 124 O 30
3359 4007 2 17 94 O 10
4007 4008 2 3 16 O 10
4008 4012 2 2 9 M 10
3319 2171 2 53 290 O 10
4221 2182 2 196 1089 O 10
2183 2184 2 197 1093 O 30
4222 2185 2 89 489 O 10
2186 2191 2 10 54 O 20
2191 2187 2 58 322 O 10
2188 4223 2 3 14 M 20
4223 4224 2 116 641 O 10
2188 5689 2 73 403 O 10
2189 2191 2 19 100 O 10
1608 4042 2 27 147 M 20
4042 2193 2 20 111 O 10
2194 2195 2 72 396 M 30
2196 3734 2 4 21 O 30
2198 4533 2 60 328 M 20
4533 2199 2 64 355 M 10
2199 2200 2 23 127 O 30
2200 2201 2 41 228 O 30
2201 2203 2 13 71 M 30
2200 4539 2 24 132 M 20
2199 2204 2 22 117 O 30
2198 2221 2 124 685 O 10
2221 2205 2 14 72 O 10
2207 5845 2 191 1060 O 30
2205 2208 2 21 116 O 30
2208 2214 2 4 20 O 10
2214 2209 2 16 89 O 20
2209 2210 2 12 62 O 30
2210 2211 2 42 229 M 20
2211 3970 2 10 50 O 30
2208 2213 2 12 62 M 30
2214 2215 2 13 72 O 20
3966 2211 2 7 36 M 10
2216 2217 2 22 122 O 30
2210 2218 2 55 304 O 20
2218 2207 2 23 127 O 30
2206 2219 2 9 45 O 30
2219 2220 2 59 326 M 30
2221 2220 2 20 110 O 20
2220 2222 2 3 15 M 20
2197 5452 2 38 210 M 10
5452 2225 2 78 429 O 10
2225 2226 2 17 90 O 10
2226 2227 1 17 93 O 10
2228 3075 2 54 295 O 30
3075 3077 2 4 22 O 10
2229 2230 2 10 53 O 30
1229 1161 2 16 88 O 30
1184 5521 2 42 230 O 20
5521 1161 2 18 96 O 10
1161 5519 2 37 204 M 20
5519 4593 2 28 150 O 10
2231 5436 2 6 31 O 10
5436 5434 2 3 15 O 10
5434 2232 2 5 24 O 20
2232 2233 2 7 36 O 20
2232 3871 1 4 18 O 30
3871 2234 1 8 42 M 30
1160 3086 2 3 16 O 20
3086 2234 2 10 52 M 30
2234 5428 2 17 90 M 30
5428 1049 2 11 58 O 30
1049 5427 2 6 29 O 20
5427 3205 2 16 85 M 20
3205 5439 2 2 8 O 20
5439 587 2 22 121 O 10
587 5447 2 6 32 O 30
5447 5449 2 5 24 O 30
5449 1164 2 23 124 O 10
1169 5442 2 9 49 O 20
5442 1164 2 13 67 O 30
1164 1165 2 26 142 O 10
5489 1165 2 17 93 M 30
5489 1047 2 1 4 O 20
1047 2235 2 38 207 O 10
1174 2099 2 68 372 O 30
2099 5473 2 83 456 O 30
5473 2236 2 31 168 O 10
2236 2237 2 62 341 O 10
2236 2238 2 53 293 M 20
1174 2239 2 45 250 O 30
2239 2240 2 12 62 O 10
1156 2240 2 27 146 O 20
2240 2241 2 74 410 O 20
2241 2242 2 26 142 O 10
2239 344 2 19 105 O 30
344 2622 2 18 96 O 30
2242 2243 2 37 205 O 10
1166 2241 2 27 150 O 30
2241 2243 2 23 123 O 20
5414 2247 2 56 310 O 20
2247 4005 2 220 1220 O 30
2246 5561 2 19 106 O 20
2247 2248 2 259 1437 O 10
2245 2249 2 25 134 O 10
2251 5513 2 4 20 O 20
2250 2253 2 28 151 O 20
2250 4638 2 7 33 O 30
4638 982 2 22 119 O 10
982 2252 2 8 44 O 30
2254 4301 2 6 29 O 10
2255 4235 2 11 56 O 20
4235 2256 2 19 100 O 10
2255 977 2 5 24 O 20
977 979 2 2 7 O 30
979 981 2 9 47 O 20
981 5502 2 3 15 O 10
5502 2257 2 31 167 M 10
2257 2258 2 47 261 O 30
2257 4236 2 85 468 M 30
1187 1408 2 25 135 O 30
1408 3860 2 21 113 M 10
3860 3858 2 6 31 M 20
3858 5462 2 9 48 O 30
5462 3863 2 4 21 O 10
3863 1410 2 20 110 O 10
1163 4556 2 177 982 O 10
4556 5282 2 6 29 M 10
5282 2259 2 57 315 O 10
2260 2261 2 86 474 O 20
2101 2263 2 86 476 O 20
4256 1098 2 100 551 O 30
2265 4658 2 12 62 M 10
4658 2264 2 12 63 M 30
2266 332 2 11 60 O 20
332 334 2 5 24 O 30
334 4667 2 4 20 M 20
4667 4661 2 9 47 O 20
4661 2267 2 2 7 O 10
2269 4284 2 8 39 M 20
2270 4279 2 22 122 M 10
2271 2272 2 20 108 O 10
2272 4281 2 21 113 O 10
4281 4172 2 4 19 O 30
2273 2272 2 24 129 O 10
2649 2273 2 17 91 O 10
2273 4168 2 32 177 O 20
4171 2274 2 14 75 O 30
2274 2275 2 12 66 O 30
2275 2472 2 62 342 O 10
2472 4161 2 7 39 O 10
4161 4165 2 18 96 O 10
2275 5379 2 15 82 O 10
2277 5779 2 13 71 O 30
5779 4657 2 7 35 O 20
4657 4520 2 7 36 M 10
4520 4653 2 12 63 O 20
4653 4160 2 31 167 O 30
4160 2278 2 6 33 O 10
2278 2279 2 55 304 O 30
2280 1230 2 24 131 O 20
1230 3189 2 47 260 M 20
3189 3186 2 11 58 M 20
3186 5385 2 24 129 M 20
5385 340 2 9 45 O 30
340 2277 2 4 19 O 10
2278 2284 2 12 65 O 10
2283 2285 2 38 209 O 30
2285 4580 2 11 59 O 10
2285 2282 2 12 64 O 10
2290 2281 2 26 140 O 10
2281 2291 2 30 166 O 30
2291 2280 2 19 105 O 20
2280 2292 2 19 102 O 10
2291 2293 2 26 143 O 10
2294 5376 2 8 42 M 20
2293 2294 2 30 162 O 20
2294 2846 2 10 54 O 30
2296 2297 2 64 350 O 30
2886 2298 1 2 11 O 20
2298 2898 1 3 14 O 30
2898 4332 1 1 1 O 20
4332 2889 1 2 7 O 20
1237 4447 2 82 455 O 20
4447 4445 2 9 47 O 10
4445 2299 2 12 65 O 20
2318 5279 2 6 32 O 10
5279 3414 2 47 257 O 30
3414 2319 2 119 660 O 30
2320 2321 2 16 84 O 20
1115 2322 2 28 152 O 30
2322 2323 2 11 59 O 20
2323 2324 2 8 42 O 10
2324 2325 2 8 40 O 20
2322 2326 2 9 48 O 20
2326 2327 2 19 102 M 20
2329 2333 2 45 246 O 20
2332 2333 2 15 82 O 30
2334 2337 2 46 250 M 30
2337 3417 2 21 113 O 10
4339 4203 2 9 45 O 10
4203 2335 2 12 65 O 10
2336 2337 2 22 118 O 30
1205 2336 2 10 53 O 30
2336 546 2 37 201 O 10
546 2340 2 106 584 M 10
2340 1205 2 32 176 O 20
2338 2339 2 10 52 O 10
2339 2341 2 7 37 M 30
2339 2340 2 14 77 O 30
1433 1687 1 3 0 C 0
2346 316 2 78 0 C 0
316 423 2 86 0 C 0
423 2345 2 88 0 C 0
4300 4410 2 7 34 O 30
2424 5609 2 12 64 O 10
2428 4669 2 4 17 O 20
4669 3278 2 7 39 O 20
2300 2440 2 45 245 O 30
2440 2443 2 39 212 M 10
2444 3267 2 41 223 O 10
3267 2443 2 59 327 O 10
2443 2442 2 60 331 M 10
2449 2450 2 29 160 O 30
2451 2450 2 31 168 O 30
2450 2445 2 21 113 O 30
2452 5311 2 3 14 O 20
5311 2446 2 32 176 M 10
2447 3279 1 27 149 O 30
3279 4513 1 6 28 O 10
3291 4514 2 25 138 O 10
4514 2454 2 46 250 O 10
1234 4148 2 14 75 O 30
4148 2456 2 31 168 O 10
2459 2460 2 41 225 O 30
4154 2461 2 45 248 O 30
2462 2463 2 25 135 O 20
2463 2464 2 9 45 O 30
2464 2465 2 49 267 O 10
4152 4145 2 25 137 O 30
4145 2464 2 24 131 O 20
2467 2468 2 17 93 O 20
4512 2468 2 1 5 O 20
2468 2469 2 25 138 O 10
2469 2463 2 17 93 O 10
2469 2470 2 27 146 O 10
2470 2471 2 19 101 O 30
2472 4167 2 46 255 O 10
4167 2473 2 63 347 M 20
2473 4162 2 34 185 O 30
2349 170 2 2 9 O 10
170 529 2 14 76 O 10
529 173 2 9 46 O 10
173 175 2 6 32 O 10
175 179 2 5 24 O 20
179 2475 2 5 23 M 10
2475 413 2 6 29 O 30
413 2482 2 5 25 O 20
2478 2477 2 44 244 M 10
2479 194 2 2 9 O 10
194 3975 2 1 2 M 10
3975 417 2 9 47 M 30
417 3974 2 2 8 M 20
3974 2475 2 15 82 O 10
2476 2750 2 42 230 M 30
2750 2480 2 25 134 O 20
2484 2480 2 38 210 M 30
2485 2747 2 1 3 O 20
2747 2484 2 29 157 O 10
2486 4416 2 31 168 M 30
4416 2487 2 9 49 O 30
2487 4579 2 128 710 O 10
2483 2488 2 57 315 O 30
1154 2488 2 28 155 O 10
2488 2489 2 41 223 O 30
4245 4246 2 365 2027 O 30
4246 555 2 62 341 M 30
555 2491 2 106 587 O 10
2491 2492 2 54 297 O 20
2492 2398 2 87 483 M 30
3919 2493 2 32 173 O 10
2492 2494 2 19 104 O 10
2496 2497 2 122 674 O 30
2497 2399 2 31 169 O 30
2501 538 2 62 344 O 10
538 2499 2 2 6 O 20
2499 2502 2 101 557 O 20
2502 1153 2 49 267 O 10
2502 2503 2 46 253 M 10
2503 3901 2 62 344 O 30
3901 2500 2 28 151 O 10
3902 3903 2 10 53 O 20
3903 536 2 4 19 O 30
536 3902 2 5 27 O 30
3902 2501 2 15 80 O 10
2507 4127 2 24 130 O 30
4127 4128 2 40 221 O 20
4128 3416 2 15 78 O 10
1117 4205 2 3 15 M 10
4205 3948 2 35 191 O 10
3948 2510 2 128 708 O 30
2512 2513 2 11 60 O 30
2513 2514 2 27 148 O 20
2515 2513 2 12 66 O 30
1122 625 2 5 26 O 20
625 2514 2 21 115 M 30
2514 2516 2 142 786 O 30
2517 2518 2 41 223 O 30
1123 572 2 13 69 O 30
572 2518 2 7 36 M 20
2520 2519 2 21 115 O 20
2524 4179 2 16 85 O 20
4179 2525 2 7 38 O 10
2525 2526 2 27 145 O 20
2526 2521 2 40 221 O 30
2521 2522 2 46 251 O 30
2522 1125 2 11 60 M 20
2523 4184 2 35 190 O 20
4184 3931 2 15 80 O 20
3931 2522 2 20 106 O 30
2527 2528 2 23 122 O 20
2529 2530 2 10 54 O 20
2530 2527 2 16 86 O 20
2527 3943 2 2 7 O 30
3943 3940 2 16 86 O 10
3940 3941 2 43 234 O 10
3941 156 2 21 115 M 30
156 2525 2 10 52 O 30
2531 611 2 13 67 O 20
611 2530 2 62 341 O 10
2532 2533 2 50 273 O 20
2533 2534 2 13 72 M 30
2534 2526 2 21 112 O 10
2535 4209 2 1 4 O 20
4209 2533 2 43 236 O 20
2536 4215 2 82 455 O 20
4215 4216 2 9 49 O 10
4216 2536 2 34 184 O 10
2537 2536 2 81 447 O 30
155 2121 2 118 651 O 10
3881 2540 2 57 313 O 20
3880 2542 2 20 106 O 30
2542 798 2 13 69 M 20
798 2543 2 2 8 O 20
2543 2544 1 19 104 O 10
2100 2545 2 47 256 O 20
2545 2542 2 43 237 O 10
2546 595 2 36 197 O 30
595 2547 2 38 210 O 30
2548 2547 2 43 234 O 20
3875 3914 1 27 149 O 30
2550 628 2 36 197 O 10
628 3875 2 52 284 O 20
2550 2551 2 11 60 M 30
2551 3249 2 22 119 O 10
2553 3440 2 258 1431 O 10
3830 2560 2 12 65 O 30
2561 3523 2 9 48 O 20
1482 2575 2 4 19 O 30
2575 4100 2 102 565 O 30
1045 329 2 11 0 C 0
329 2853 2 6 0 C 0
2853 443 2 4 0 C 0
444 4344 2 6 0 C 0
3109 3060 2 6 0 C 0
3060 631 2 12 0 C 0
631 5647 2 4 0 C 0
5647 2922 2 7 0 C 0
2922 3570 2 6 0 C 0
3570 78 2 10 0 C 0
2919 2934 1 17 0 C 0
2053 3055 2 21 0 C 0
3444 1771 2 33 181 O 20
1771 1648 2 48 262 O 30
1648 3446 2 12 66 O 30
2791 2792 2 37 205 O 30
1443 5691 2 92 508 O 20
2795 1649 2 12 65 O 10
2788 3737 2 2 7 O 30
2798 2807 2 12 63 M 30
2807 4863 2 29 161 O 30
4863 4861 2 11 61 O 10
4861 4859 2 13 70 O 20
4859 4857 2 2 6 O 30
4857 4865 2 18 99 O 20
4865 4867 2 5 27 O 30
4867 4855 2 6 30 O 10
4855 4853 2 10 54 O 10
4853 4851 2 1 5 O 30
4851 4849 2 4 18 O 30
4849 4847 2 1 5 O 30
4847 4845 2 3 13 O 30
4845 4843 2 5 25 M 30
4843 4841 2 2 7 O 10
4841 2799 2 3 11 O 20
2799 2833 2 5 22 O 20
2833 4838 2 6 32 O 20
4838 4836 2 2 6 O 20
4836 4834 2 1 5 O 10
4834 4832 2 4 20 O 20
4832 4830 2 2 7 O 30
4830 4828 2 2 9 O 10
4828 4826 2 3 12 O 30
4826 4824 2 1 4 O 10
4824 4820 2 4 21 O 30
4820 4822 2 1 5 O 30
4822 4818 2 3 11 O 10
4818 4816 2 3 14 O 30
4816 4814 2 9 48 O 10
4814 2981 2 3 16 O 20
2981 2800 2 6 33 O 20
2802 2809 2 28 155 M 30
2809 2986 2 17 90 M 30
2803 5570 2 11 61 M 30
5570 1919 2 12 63 M 20
2805 682 2 6 28 O 20
682 2806 2 8 44 O 20
762 2808 2 5 25 O 30
2666 2805 2 7 37 O 30
2805 2802 2 11 59 O 10
2802 1777 2 6 33 O 30
1777 2791 2 2 9 M 10
2791 2810 2 19 102 O 30
2811 1802 2 24 133 M 10
2813 2812 2 18 96 O 20
2985 3296 2 6 32 M 20
3296 677 2 3 11 O 20
677 4289 2 1 3 O 20
4289 2814 2 11 57 O 20
2815 4873 2 6 30 M 10
4873 4875 2 3 16 O 10
4875 4871 2 3 12 O 20
4871 4869 2 4 17 M 20
4869 2844 2 3 15 O 10
2823 2821 2 12 65 O 30
2821 2820 2 13 71 M 30
2820 319 2 41 224 O 10
2824 2989 2 23 125 O 10
2989 2825 2 38 208 O 10
2828 2992 2 12 63 O 30
2992 2829 2 12 64 O 10
2831 2837 2 31 170 O 30
2837 738 2 16 88 O 20
3441 5408 2 20 107 O 30
5408 4690 2 4 21 M 20
2833 4779 2 7 37 M 30
4779 4771 2 7 35 O 20
4771 2982 2 1 3 O 20
2982 4773 2 4 18 M 20
4773 3430 2 2 8 O 20
1611 1645 2 20 108 O 30
1645 2797 2 40 220 M 10
2835 1640 2 14 74 O 10
3835 3434 2 8 40 O 10
1444 3286 2 5 27 O 30
2796 3443 2 26 143 O 10
3443 2797 2 14 75 M 30
2190 4212 2 50 277 O 30
4212 2183 2 18 98 O 30
2945 2947 2 151 839 O 20
2947 2948 2 38 210 O 30
2949 2947 2 193 1067 O 30
2950 761 2 22 120 M 20
761 662 2 5 28 O 10
662 2960 2 90 497 O 20
2950 2952 2 15 79 O 20
2952 758 2 57 312 O 20
758 2954 2 3 15 O 10
2954 2953 2 234 1300 O 20
2952 2954 2 72 397 O 30
2950 2955 2 80 440 O 20
2955 2956 2 17 91 O 30
2957 2958 2 19 101 M 30
2958 2959 2 38 211 O 30
2959 2960 2 51 281 O 30
2957 2962 2 94 518 O 30
2962 2963 2 17 92 O 20
2963 2964 2 12 62 O 20
2964 2965 2 26 140 M 10
2956 2966 2 47 257 O 30
2958 2967 2 53 290 O 10
2968 2962 2 19 100 O 30
2969 2963 2 26 143 O 10
2970 2964 2 24 131 O 20
2960 2951 2 87 479 O 10
2951 3257 2 47 256 O 30
3257 2948 2 170 939 M 10
2948 2946 2 71 391 M 20
2090 2028 2 10 0 C 0
2028 2972 2 7 0 C 0
1728 743 2 12 61 O 10
2706 2983 2 21 114 M 20
2995 2996 2 122 0 C 0
2948 2997 2 267 1479 O 10
2997 2998 2 27 147 O 10
2998 3113 2 229 1269 M 10
2999 2998 2 18 96 O 30
3000 2997 2 130 722 O 10
3002 3396 2 115 0 C 0
3396 5375 2 286 0 C 0
5375 3003 2 2 0 C 0
3003 5374 2 7 0 C 0
5374 3453 2 331 0 C 0
3453 3004 2 50 0 C 0
5838 4228 2 1 3 O 10
4228 568 2 7 39 O 10
568 545 2 38 210 O 30
545 4584 2 75 415 M 30
2629 3059 1 6 0 C 0
1687 1434 1 3 0 C 0
2644 2573 1 27 146 O 10
2840 2816 2 33 180 O 10
2804 2670 2 26 0 C 0
2686 4347 1 10 0 C 0
3070 3899 2 24 131 O 20
3899 3299 2 25 138 O 20
3299 706 2 22 119 M 30
706 804 2 39 215 O 10
2551 2552 2 57 316 O 30
1612 1093 1 246 1364 O 30
1223 1219 1 42 0 C 0
3064 1662 1 10 0 C 0
1799 986 2 5 27 O 30
986 1003 2 8 40 M 20
1003 1798 2 6 30 O 10
1798 988 2 7 39 O 10
988 1797 2 9 47 O 20
1797 1796 2 17 91 O 30
1796 1801 2 16 85 O 20
1801 1802 2 18 97 O 20
1802 3591 2 26 142 O 30
3591 1795 2 3 16 O 20
5660 4943 2 2 7 O 30
4943 3560 2 4 20 O 10
2980 3285 2 26 141 O 30
3285 3286 2 14 73 M 20
3286 3287 2 5 25 O 10
3290 3289 2 6 32 O 30
3462 3297 2 28 151 M 20
3298 2825 2 6 28 O 30
2825 1889 2 34 187 O 30
3899 4585 2 7 35 M 10
4585 3900 2 3 12 O 20
3900 4588 2 10 52 O 10
4588 708 2 8 40 O 20
708 4587 2 2 11 M 20
4587 3299 2 10 51 O 30
3908 3300 2 13 70 O 20
3303 3304 2 4 22 M 10
2086 2087 2 24 0 C 0
2087 2084 2 506 0 C 0
2084 2085 2 25 0 C 0
2085 2081 2 28 0 C 0
4363 5654 2 14 76 M 30
5654 3316 2 17 89 O 10
1484 3318 2 39 216 O 10
1484 3005 2 34 0 C 0
3005 4227 2 36 0 C 0
3319 3320 2 12 62 O 30
3320 3321 2 27 147 O 30
4450 3317 2 45 246 O 20
3317 3321 2 30 166 O 20
807 3320 2 16 85 O 30
3316 2171 2 28 150 O 20
2277 3325 2 22 118 O 10
3325 3324 2 14 74 O 20
3326 3325 2 16 88 M 10
5843 2445 2 126 699 O 20
2445 2446 2 47 256 O 30
2446 2447 2 65 358 O 20
3332 3331 1 3 11 O 10
3331 3330 1 4 19 O 10
3330 3333 1 3 16 O 10
3333 3332 1 3 11 O 10
3408 3409 2 15 80 O 20
3411 3483 2 24 131 O 20
3483 5641 2 6 29 O 20
5641 4626 2 3 12 O 30
4626 3479 2 5 27 M 30
3479 3480 2 4 19 O 10
3480 3481 2 6 33 O 10
3481 3482 2 3 14 O 20
3482 3480 2 4 18 O 10
3415 3414 2 12 66 O 30
3907 2508 2 4 21 O 20
2508 2509 2 38 207 O 10
2319 2316 2 18 98 M 10
4336 3413 2 27 147 O 30
2316 2317 2 99 545 O 30
4340 3418 1 1 2 O 20
3418 4334 1 2 9 O 20
4334 4335 1 2 6 O 10
4335 3419 1 1 3 O 10
3419 3420 1 4 21 O 20
3420 4338 1 1 4 O 30
4338 4337 1 1 4 M 10
4337 3421 1 2 9 M 20
3421 4340 1 1 5 O 10
3419 3422 1 7 34 O 20
3422 3420 1 6 31 M 30
3424 3989 2 61 335 O 20
1070 1050 1 84 0 C 0
3431 3432 2 2 10 O 10
3432 3833 2 6 31 O 20
3833 4982 2 4 21 O 30
4982 4980 2 1 3 O 30
4980 4961 2 1 3 O 30
4961 4978 2 3 16 M 20
4978 4963 2 1 3 O 30
4963 4965 2 3 17 O 10
4965 4967 2 2 6 O 30
4967 4976 2 1 2 O 10
4976 4974 2 4 18 O 10
4974 4969 2 3 16 O 20
4969 4971 2 3 14 O 30
4971 2838 2 4 21 O 10
1370 1405 1 31 0 C 0
5571 5852 2 1 4 O 30
3441 3442 2 8 42 O 20
3429 3051 2 33 178 O 10
3455 3457 2 13 67 O 30
3456 3457 2 3 15 O 30
3465 5541 2 7 34 O 10
3466 3467 2 29 156 M 30
3467 5539 2 5 23 O 30
5539 3468 2 11 58 O 10
3467 5538 2 7 38 O 10
5538 5539 2 12 63 O 30
3469 3465 2 8 43 O 20
3465 3470 2 3 11 O 30
3470 3471 2 9 47 M 10
3470 3472 2 5 26 O 20
3479 3484 2 11 57 O 20
3484 3485 2 27 145 O 20
3484 3486 2 6 29 O 10
3487 1562 2 3 16 O 10
1562 3488 2 3 12 M 10
3489 3490 1 1 5 O 10
3490 3491 1 4 21 O 20
3491 3492 1 5 27 M 30
3492 3489 1 1 2 O 30
3514 3518 2 3 12 O 20
3521 3522 2 8 40 O 10
3525 3524 1 8 39 O 20
3527 3528 1 3 16 O 30
3528 3526 1 9 49 O 20
3528 3529 2 1 4 M 20
3532 3533 2 5 27 O 10
3533 3531 2 26 143 O 30
3542 3543 2 22 119 O 20
3543 3541 2 4 20 O 20
3543 3540 1 11 57 O 30
3544 3545 2 16 84 O 30
3550 3551 2 21 113 O 20
3553 3554 1 6 32 O 10
3554 3555 1 13 68 M 30
3557 3611 2 11 59 O 20
3611 3612 2 18 98 O 10
3612 3558 2 22 121 M 30
1571 3561 2 2 7 M 10
3594 3596 1 18 98 O 20
3596 3595 1 9 49 O 30
3592 3597 2 7 36 O 30
3593 5707 2 14 76 O 20
3601 3598 2 20 106 M 10
3461 2836 2 5 25 O 30
3609 3610 2 2 10 M 10
3613 3611 2 5 22 O 10
3558 3614 2 9 48 O 20
3614 3612 2 17 91 M 20
3617 3618 2 7 39 O 30
3618 3619 2 2 7 O 30
3618 3620 2 2 8 O 30
3625 3624 1 2 10 O 20
3624 3622 1 4 18 M 30
3622 3623 1 3 13 O 30
3623 3621 1 3 14 O 20
3621 3625 1 2 7 O 30
3563 3624 2 62 343 O 20
3627 3628 1 1 3 M 30
3628 3629 1 2 11 O 20
3629 3630 1 1 5 O 30
3630 3631 1 2 8 O 10
3631 3632 1 3 13 M 10
3632 3633 1 2 11 O 10
3633 3627 1 1 3 O 30
3410 5657 2 2 11 O 10
4689 3761 2 26 142 O 20
3761 3376 2 1 4 O 30
3376 3762 2 18 96 O 30
3762 3784 2 2 7 O 10
3784 4679 2 13 71 O 30
4679 3766 2 21 115 O 20
3766 3779 2 21 113 O 30
3779 3769 2 39 217 O 10
3769 3783 2 22 117 O 20
4062 3636 1 14 73 O 30
3637 3786 2 15 79 O 10
3639 3640 1 2 9 O 10
3640 4067 1 1 5 O 20
4067 4062 1 2 6 O 10
4062 4068 1 1 4 O 30
4068 4069 1 2 6 O 10
4069 3639 1 2 7 O 10
3641 4063 1 1 2 O 10
4063 4064 1 2 7 O 30
4064 3642 1 3 13 O 20
3642 4065 1 1 2 O 10
4065 4066 1 2 8 O 20
4066 3643 1 1 2 O 30
3643 3641 1 2 11 O 30
3658 3660 1 19 103 O 10
3660 3659 1 13 70 O 30
3662 3661 2 10 55 O 20
3663 3667 1 7 36 O 30
3665 3666 1 5 25 M 30
3666 3669 1 12 62 O 10
3664 3665 1 1 5 O 10
3665 3667 1 9 46 M 20
3668 3669 2 3 14 O 10
3669 287 2 2 6 O 10
287 3670 2 2 10 O 30
3670 3671 2 3 15 M 30
3671 289 2 3 12 O 30
3670 3666 1 13 71 O 30
3667 3672 1 3 15 O 10
3672 282 1 3 14 O 30
282 3673 1 3 16 M 20
3674 3664 1 8 42 M 20
3664 3672 1 7 39 O 10
3744 3745 2 2 10 M 10
3745 3746 2 14 75 O 20
3745 3747 2 2 10 M 30
3748 3746 2 3 13 M 10
3746 3749 2 13 71 O 30
3749 3686 2 8 42 O 30
3750 3751 2 3 11 O 30
3751 3749 2 14 74 O 20
3751 3752 2 3 11 O 10
3872 3873 2 44 242 O 20
3874 3875 2 14 73 O 20
2543 2545 2 56 311 O 30
3876 2540 2 21 116 O 20
3909 3876 2 8 44 M 30
3876 3910 2 17 93 O 30
3877 3878 2 17 90 O 20
3879 2549 2 24 133 O 20
2549 3877 2 18 99 O 10
3896 1314 2 49 0 C 0
1314 2363 2 38 0 C 0
2363 3001 2 13 0 C 0
3897 3896 2 6 0 C 0
2503 537 2 37 200 O 10
537 3901 2 13 70 O 20
3904 3905 2 36 198 O 20
2510 3927 2 12 65 O 30
3927 3906 2 25 134 O 10
4188 4197 2 22 119 O 20
4197 4193 2 15 78 O 30
4193 1118 2 39 212 O 20
3964 766 2 23 124 O 20
766 2546 2 17 91 O 10
4143 3911 2 3 12 O 10
3911 3912 2 48 265 O 20
3916 3915 2 44 242 O 20
3917 2494 2 16 86 M 10
2494 3918 2 21 116 O 10
3918 2493 2 43 236 O 10
2493 2491 2 29 157 O 10
3920 3918 2 19 104 O 30
3921 3922 2 22 119 O 30
3922 3923 2 31 169 O 20
3924 3923 2 16 88 O 30
3923 4134 2 33 180 M 30
4134 3922 2 33 181 M 30
3925 2511 2 14 74 M 20
3926 3927 2 12 67 O 30
3928 5391 2 3 15 O 20
5391 3929 2 37 204 O 20
4198 3930 2 13 70 O 10
3933 3934 2 34 188 O 10
3934 3935 2 28 154 O 10
3936 3934 2 28 155 M 10
3937 3924 2 51 278 O 10
3924 3938 2 17 94 M 20
3939 2534 2 20 108 O 20
3940 610 2 24 132 M 30
610 3941 2 34 186 O 30
3942 3943 2 13 68 O 10
2528 3944 2 16 86 M 30
3963 3946 2 10 54 O 30
3947 3948 2 18 96 O 10
1126 379 2 11 59 O 20
379 1154 2 14 74 O 30
1154 4583 2 26 144 M 20
4583 4249 2 14 73 O 10
4249 346 2 73 401 O 20
346 359 2 4 21 O 10
359 2398 2 11 56 O 30
2398 2495 2 54 300 O 20
2495 570 2 45 248 O 30
570 2779 2 5 23 O 30
1157 5523 2 26 141 O 20
5523 5525 2 6 30 O 20
5525 5527 2 7 34 O 30
5527 1182 2 36 195 M 10
1182 5493 2 4 21 O 30
5493 5496 2 5 27 O 10
5496 1179 2 11 57 O 30
2147 4251 2 28 153 O 10
1704 5285 2 21 114 O 30
5285 1108 2 28 150 O 30
3988 2994 2 53 0 C 0
2994 2373 2 12 0 C 0
3987 3988 2 4 0 C 0
4129 2509 2 6 33 O 30
2509 4130 2 10 55 O 10
4130 548 2 8 44 M 20
548 4133 2 30 163 O 30
4133 5682 2 8 41 O 10
5682 2119 2 12 63 O 20
3991 3992 1 18 97 M 20
3995 3994 1 9 46 O 20
3994 3993 1 4 18 O 30
3994 3996 2 4 20 O 30
3993 3997 1 14 76 O 10
3997 3998 1 5 24 M 20
3999 5551 2 4 17 O 30
5551 5552 2 3 16 O 10
4007 736 2 4 19 O 20
736 148 2 5 26 O 20
148 4008 2 4 20 O 30
4360 5560 2 2 11 O 20
4014 4016 2 10 53 M 20
4016 2114 2 7 36 O 30
4020 4018 1 2 8 O 10
4018 4070 1 3 12 O 30
4070 4071 1 2 9 O 10
4071 4019 1 3 13 O 20
4019 4020 1 5 24 O 10
4022 4006 1 3 12 O 10
5536 4021 1 3 16 O 20
1730 1731 2 34 188 O 30
1731 4000 2 2 10 O 20
4000 1732 2 2 8 O 10
1732 1730 2 29 159 O 10
4043 1860 2 8 39 M 30
3397 3819 2 17 90 M 10
3807 3806 2 3 16 O 30
3805 3803 2 4 20 M 30
4048 4479 2 24 130 M 20
4479 3688 2 17 94 M 20
3688 263 2 16 85 O 20
263 3687 2 3 15 O 10
3687 3689 2 18 98 M 10
3689 3686 2 9 47 M 30
4049 241 2 75 412 M 20
241 242 2 2 6 O 20
242 3692 2 14 74 O 20
3692 4481 2 7 35 O 10
4481 3796 2 4 21 O 30
3796 3398 2 24 132 O 10
3398 4483 2 21 113 M 30
4483 4487 2 19 102 O 20
4487 3676 2 22 117 O 20
3676 3797 2 6 28 O 30
3797 3403 2 9 46 O 30
3403 4058 2 16 84 O 20
4058 3804 2 22 122 O 10
3804 1860 2 11 61 O 20
1860 4060 2 18 95 O 10
4060 1857 2 12 61 O 10
1857 3818 2 20 108 O 30
3818 3397 2 24 128 O 10
4050 4049 1 2 6 O 30
4049 4048 1 1 4 O 30
4048 4051 1 2 11 M 30
4051 4047 1 2 8 O 10
4047 4050 1 2 6 M 20
4053 4054 2 15 83 O 10
4057 4056 2 17 91 O 10
4056 4059 2 4 19 O 10
4060 4061 2 9 46 M 30
4073 4072 1 3 11 O 20
4072 4071 1 4 20 O 30
4074 4077 2 18 100 O 30
4078 4079 2 12 61 O 10
4079 4508 2 5 26 O 20
4508 4080 2 22 117 O 10
4081 4509 2 24 132 O 10
4509 4079 2 5 23 O 10
4082 4545 2 18 98 O 20
4545 4083 2 1 4 O 30
4084 4085 2 33 183 O 10
2575 4106 2 57 316 O 10
4087 4091 2 23 126 O 10
4092 2019 2 7 36 O 20
2019 2020 2 18 95 O 30
2020 4093 2 3 12 M 20
4094 4095 1 8 41 O 20
4095 4096 1 7 35 O 10
4097 4098 2 4 20 O 20
4098 4108 2 3 16 O 30
4108 4090 2 47 261 O 10
4090 4099 2 18 98 O 30
938 4093 1 6 33 M 20
4093 4101 1 5 22 O 30
4102 4097 2 30 163 O 10
4099 4092 2 11 59 M 10
4642 4104 1 15 79 M 30
4086 4087 2 65 359 O 30
4087 4080 2 25 135 M 20
4080 4088 2 28 153 O 20
4088 4089 2 51 282 O 10
4089 4082 2 5 23 O 20
4082 4084 2 57 315 M 20
4084 4090 2 17 93 O 20
4105 4088 2 10 54 M 20
4547 4107 2 2 11 O 10
4107 4108 2 18 98 O 20
4109 4110 2 3 12 O 10
4110 5670 2 3 11 O 20
5670 4111 2 16 87 M 10
4111 4112 2 2 11 O 10
4278 4112 2 75 414 M 30
4116 4111 2 54 299 O 30
4112 4113 2 61 337 O 20
4113 4278 2 10 50 O 10
4117 4118 1 13 69 O 10
4118 4119 1 3 11 M 10
4119 4117 1 2 10 M 10
4120 4117 2 12 64 O 20
4121 2212 2 14 72 O 10
4122 4123 2 20 110 M 30
4009 4124 2 18 99 O 10
4124 1592 2 6 33 M 30
3908 4603 2 1 5 M 30
4603 4126 2 4 20 O 20
4126 4608 2 2 10 O 20
4608 4607 2 1 3 O 20
4128 2508 2 19 105 M 10
4131 4132 2 38 209 O 10
4132 4133 2 2 8 O 20
4136 5260 2 19 102 O 10
5260 4137 2 38 206 O 30
4137 5259 2 24 133 M 30
4139 4140 2 47 260 M 30
4141 4140 2 11 57 M 20
4140 2539 2 6 28 O 10
3911 4142 2 3 14 O 10
4144 4145 2 13 72 O 30
4146 4610 2 3 15 O 30
4610 2470 2 46 252 O 30
4147 4148 2 11 58 O 30
4149 2465 2 11 60 O 10
2465 2466 2 8 44 O 30
4150 4154 2 3 13 O 30
4154 4151 2 3 14 O 20
4155 4517 2 3 13 O 10
4517 5726 2 17 93 O 10
5726 2459 2 13 70 O 10
4156 4515 2 1 4 M 20
4515 4157 2 6 29 O 20
4157 4158 2 17 93 M 20
4662 4161 2 60 332 O 20
2474 4163 2 21 111 O 30
4163 4164 2 1 5 O 20
4164 4165 2 46 255 M 30
4164 4167 2 21 114 O 10
4168 4169 2 59 323 O 20
4170 2274 2 16 88 M 20
4170 4280 2 4 22 O 20
4174 4175 2 7 39 M 20
3932 4175 1 9 45 O 20
4175 4176 1 5 23 O 20
4176 3932 1 4 19 O 10
4177 4178 2 9 48 O 10
4178 4179 2 15 82 M 30
4178 4180 2 3 14 O 10
2518 2519 2 12 66 O 30
2519 2521 2 74 409 O 10
4181 615 2 37 205 O 30
615 4182 2 1 2 O 20
4183 4184 2 9 46 O 10
4185 4174 2 2 9 O 30
4174 4186 2 3 14 O 20
4187 4188 2 3 11 O 30
4188 4189 2 2 9 O 10
4190 4191 2 3 12 M 20
4191 4192 2 2 11 O 30
4191 4193 2 11 60 O 10
4194 4195 2 3 12 O 10
4195 4196 2 3 12 O 30
4195 4197 2 11 59 O 30
2528 4211 2 3 14 O 30
4211 4210 2 3 14 O 20
4199 2341 2 2 10 O 30
2341 4200 2 2 11 O 10
4201 2338 2 3 13 O 10
2338 4202 2 2 10 O 20
4204 4203 2 9 45 O 30
4205 4206 2 21 111 M 30
4206 4207 2 3 13 O 30
4135 4206 2 5 24 M 30
4208 4209 2 3 11 O 20
4210 2524 1 54 298 O 30
4213 5790 2 11 57 O 10
5790 4212 2 46 251 O 10
4214 2120 2 97 534 M 30
4219 574 2 2 7 M 20
574 4217 2 17 92 O 10
4224 2189 2 7 38 O 20
2189 2190 2 53 294 O 30
1471 1449 2 2 0 C 0
4228 4229 2 13 71 O 10
4229 565 2 3 12 O 30
565 4230 2 7 36 O 10
4230 4229 2 7 39 O 20
2268 2269 2 53 291 O 30
4247 4246 2 41 223 O 10
4250 553 2 27 148 O 20
553 4249 2 4 17 O 30
4259 2129 2 2 10 O 20
2129 4260 2 2 7 O 30
4261 4266 2 1 5 O 30
4266 2130 2 2 8 O 10
2130 4262 2 2 11 O 20
4266 4267 2 58 322 O 20
4267 4268 2 6 29 O 10
4267 4259 2 9 45 O 20
2134 4269 2 3 12 O 10
4272 4273 1 10 51 O 30
4275 4271 2 3 16 O 10
4258 5516 2 57 313 O 30
4172 4282 2 10 51 M 30
4281 4282 2 7 38 O 30
4282 4283 2 10 55 O 30
1387 5652 2 15 0 C 0
3016 1384 1 2 0 C 0
441 884 2 25 0 C 0
884 883 2 20 0 C 0
444 4619 2 8 0 C 0
4619 2685 2 19 0 C 0
4345 4346 1 10 0 C 0
4346 4344 1 20 0 C 0
2684 4348 1 10 0 C 0
4348 4345 1 18 0 C 0
443 293 1 31 0 C 0
293 3034 1 10 0 C 0
3034 2684 1 7 0 C 0
3036 1437 1 5 0 C 0
4416 4671 2 10 55 O 30
4671 4415 2 1 4 O 30
4428 4010 2 23 124 O 10
1941 1953 2 55 301 O 20
2397 394 2 106 586 O 10
394 396 2 11 57 O 20
396 5846 2 2 7 O 20
2395 2158 2 104 577 M 10
2159 5402 2 13 70 M 10
5402 1035 2 38 206 M 10
1035 1525 2 37 201 O 30
1525 2387 2 1 4 O 20
2387 392 2 7 38 M 10
392 2388 2 13 70 O 10
2388 2389 2 25 137 O 20
2389 2390 2 77 426 O 30
2390 1503 2 40 220 O 20
1503 1498 2 36 197 M 30
2163 2379 2 23 126 O 30
2379 2380 2 14 74 O 30
2380 2381 2 10 52 M 30
2376 2164 2 41 0 C 0
2164 3424 2 112 618 M 10
3424 2377 2 34 184 O 20
1340 4342 2 29 0 C 0
4342 2361 2 72 0 C 0
2166 3990 2 59 0 C 0
3990 2785 2 35 0 C 0
2364 3895 2 46 0 C 0
3895 2365 2 26 0 C 0
2365 2166 2 9 0 C 0
3001 2168 2 18 0 C 0
2168 214 2 44 0 C 0
214 2364 2 16 0 C 0
2167 2372 2 71 0 C 0
2368 2369 2 71 0 C 0
2369 1312 2 39 0 C 0
1312 2025 2 3 0 C 0
2025 1311 2 24 0 C 0
1311 1310 2 6 0 C 0
3174 3169 1 13 0 C 0
4510 4511 2 28 153 O 10
3027 2047 2 12 0 C 0
2047 3024 2 8 0 C 0
2425 1785 2 15 79 O 10
1785 1789 2 29 159 M 20
1789 1791 2 18 98 O 20
1791 3207 2 22 118 O 30
4426 1437 1 3 0 C 0
91 5847 2 120 666 M 10
93 94 1 4 20 O 20
95 93 1 10 55 M 30
96 97 2 67 369 O 10
98 99 2 35 192 O 10
2379 101 2 3 13 M 10
103 96 2 83 460 M 10
96 98 2 32 176 O 20
98 104 2 11 56 O 10
878 881 2 92 508 O 30
1320 879 2 96 531 O 10
1252 1985 2 40 0 C 0
5511 2254 1 15 81 O 30
4169 1119 1 45 247 O 30
1116 2648 2 2 8 O 20
2140 1923 1 5 26 M 30
1030 4682 2 8 43 O 10
4682 4748 2 3 17 O 30
4748 3429 2 12 65 O 20
1533 3384 2 5 0 C 0
1033 1034 2 40 219 O 20
1032 5848 2 14 73 O 10
1431 4462 2 3 0 C 0
1036 2173 2 40 220 O 10
2173 2172 2 61 339 O 30
1040 1041 1 6 0 C 0
650 1077 1 475 0 C 0
3307 2412 1 169 0 C 0
2412 1088 1 111 0 C 0
1043 1042 1 6 0 C 0
1049 1048 2 22 121 O 20
1051 204 1 76 0 C 0
2800 2196 2 5 25 M 30
2668 5571 2 3 16 O 30
5571 5851 2 6 29 O 30
5619 3357 2 46 250 O 20
2822 2991 2 12 65 O 20
2991 1557 2 12 62 O 30
1557 1888 2 12 64 M 30
1888 3354 2 12 62 M 10
3354 3303 2 16 85 O 30
3303 5828 2 5 24 O 10
1718 1887 2 12 61 O 30
1887 1765 2 12 63 O 10
1765 2990 2 12 65 O 30
2990 1714 2 12 66 O 20
1056 3521 2 32 177 O 20
3521 2572 2 9 49 O 20
1055 5661 1 165 913 O 10
3252 5416 2 8 41 O 30
5416 2572 2 7 37 O 10
2572 3830 2 37 205 O 20
3830 2561 2 15 78 O 30
2561 3831 2 14 74 O 30
2313 1924 1 28 152 O 30
1924 1925 1 28 155 O 10
1059 1058 2 5 23 O 20
1873 17 2 1 1 O 10
17 19 2 3 15 O 30
19 25 2 3 13 M 20
25 22 2 3 14 O 30
22 27 2 3 17 O 10
27 24 2 4 20 O 30
24 29 2 2 8 O 10
29 31 2 2 10 O 10
31 3496 2 3 13 O 30
3496 1872 2 4 18 O 20
1872 34 2 4 21 M 30
34 3495 2 3 13 O 10
3495 15 2 4 22 O 20
15 1061 2 1 4 M 10
1061 13 2 4 18 M 10
13 1060 2 4 19 O 10
1060 1058 2 11 59 O 30
1956 309 2 5 26 O 30
309 1441 2 55 303 M 20
1035 1062 2 22 122 M 20
1065 1854 2 58 321 M 10
4343 1066 1 15 0 C 0
1072 1071 1 3 0 C 0
1073 1072 1 12 0 C 0
2638 3436 1 33 180 M 30
1761 2824 2 26 139 O 10
2824 1885 2 19 102 O 30
1094 2991 2 9 45 O 30
2991 2990 2 49 267 O 10
2990 2827 2 48 266 O 20
1106 1104 1 5 25 O 10
1103 1099 1 5 25 O 20
1099 3348 1 33 180 M 20
2320 5269 2 2 7 O 20
1148 1206 1 1 3 O 20
1150 1149 1 44 240 O 10
1146 1206 2 4 19 O 10
3921 3938 2 142 787 O 30
3938 2511 2 10 50 M 30
2511 3935 2 13 70 O 10
3935 2510 2 38 210 O 10
1658 2500 2 13 67 O 30
2500 538 2 12 63 O 20
2481 2482 2 25 138 M 10
2506 2505 2 58 321 O 20
2751 532 2 7 35 O 30
532 1147 2 14 75 M 10
1159 1171 1 4 19 M 10
1171 1158 1 4 17 O 30
1158 1159 1 5 24 M 30
1188 3870 2 6 31 O 20
3870 3082 2 1 4 O 20
3082 2231 2 3 16 O 30
2231 1175 2 10 55 M 30
1167 1172 1 2 11 O 30
1172 3857 2 10 52 M 30
3857 3855 2 1 4 O 20
3855 3854 2 6 29 O 20
3854 3847 2 2 7 O 10
3847 3093 2 17 90 O 10
3093 1187 2 11 60 M 10
1187 3866 2 6 33 O 10
3866 1176 2 7 34 M 30
2904 1178 2 13 70 M 20
459 458 2 2 11 O 10
1173 1180 1 2 10 O 10
1163 793 2 148 820 O 20
793 970 2 30 165 O 30
970 2260 2 14 76 O 10
2260 1170 2 44 242 O 10
1181 1160 1 2 6 M 10
1160 1188 1 3 13 O 30
1188 1162 1 3 13 O 10
1162 1181 1 2 6 O 10
1459 1463 2 5 26 O 30
1463 1462 2 5 24 O 20
1462 1177 2 4 18 O 10
1177 4592 2 3 13 O 10
4592 1186 2 6 30 M 30
1186 3088 2 6 32 O 30
3088 1184 2 6 28 O 10
1184 1162 2 7 36 M 10
3931 3930 2 11 60 O 30
3930 3932 2 8 42 O 10
2524 4211 1 57 316 O 20
2328 2327 2 15 78 O 30
2327 2330 2 36 198 O 10
2330 2329 2 34 188 M 20
2329 2331 2 20 110 M 20
79 4353 2 4 0 C 0
4353 5644 2 4 0 C 0
5644 292 2 7 0 C 0
292 5711 2 1 0 C 0
5711 4238 2 7 0 C 0
4238 4354 2 6 0 C 0
4354 4355 2 1 0 C 0
4355 4237 2 3 0 C 0
4237 4356 2 6 0 C 0
4356 1210 2 7 0 C 0
1210 5648 2 8 0 C 0
5648 1211 2 26 0 C 0
3107 3056 1 22 0 C 0
636 77 2 2 0 C 0
3443 3502 2 10 50 O 20
1220 1225 2 41 223 O 20
1221 4714 2 9 0 C 0
4714 4715 2 11 0 C 0
4715 1975 2 4 0 C 0
1975 1217 2 20 0 C 0
2146 4251 2 18 97 O 20
4251 4535 2 24 133 O 10
4535 4624 2 8 42 O 10
4624 4625 2 4 20 O 30
4625 5531 2 9 46 O 30
5531 2148 2 35 191 O 30
1182 4538 2 2 10 O 10
4538 1228 2 7 38 O 20
1228 2229 2 28 154 O 10
2223 3972 2 59 324 O 30
1227 1228 2 23 123 M 10
1230 2281 2 58 321 O 30
2440 2105 2 33 180 M 20
850 1237 2 4 20 O 20
1237 2297 2 96 532 O 10
2276 5776 2 18 98 M 30
5776 4166 2 30 166 O 30
1236 2290 2 14 76 O 20
1233 1232 2 19 105 O 30
1231 1235 2 19 103 M 30
505 2781 2 16 0 C 0
1241 1242 2 11 58 O 10
483 859 2 81 0 C 0
859 3103 2 25 0 C 0
3103 1245 2 15 0 C 0
1245 1402 2 64 0 C 0
1402 2015 2 32 0 C 0
2015 1420 2 27 0 C 0
1252 2850 2 12 0 C 0
2050 2051 2 52 0 C 0
2926 5767 2 2 0 C 0
5767 1256 2 9 0 C 0
1262 1536 1 31 0 C 0
1536 911 1 16 0 C 0
1212 5622 2 6 0 C 0
5622 5623 2 4 0 C 0
5623 3055 2 9 0 C 0
1267 1266 2 3 0 C 0
1266 1269 2 13 0 C 0
2051 1270 2 14 0 C 0
3062 318 1 30 0 C 0
318 1277 1 4 0 C 0
1277 1280 1 19 0 C 0
2935 2414 1 10 0 C 0
2608 3110 1 8 0 C 0
1286 3049 1 40 0 C 0
1417 5833 1 19 0 C 0
5833 5835 1 18 0 C 0
5835 5830 1 11 0 C 0
5830 5834 1 8 0 C 0
5834 5831 1 4 0 C 0
5831 951 1 3 0 C 0
1291 3574 1 13 0 C 0
3574 3575 1 10 0 C 0
3575 870 1 7 0 C 0
870 3102 1 13 0 C 0
860 3501 2 10 0 C 0
3501 1293 2 70 0 C 0
2057 1294 1 30 0 C 0
1295 1377 1 37 0 C 0
1377 1378 1 18 0 C 0
1378 1415 1 26 0 C 0
1415 2743 1 30 0 C 0
2743 1300 1 19 0 C 0
1305 1302 1 5 0 C 0
2244 2920 1 20 0 C 0
2920 2058 1 12 0 C 0
2370 388 2 24 0 C 0
2169 387 2 7 0 C 0
387 1310 2 181 0 C 0
1315 1319 2 57 313 O 30
1319 1523 2 67 370 O 10
2946 2944 2 95 0 C 0
2944 1321 2 75 0 C 0
1321 330 2 52 0 C 0
330 1322 2 33 0 C 0
1322 2941 2 67 0 C 0
879 880 2 25 134 O 20
880 878 2 88 0 C 0
878 2164 2 2 0 C 0
1322 1323 2 86 0 C 0
1323 1324 2 61 0 C 0
1324 1325 2 79 0 C 0
1325 875 2 85 0 C 0
875 1326 2 136 0 C 0
1326 5559 2 95 525 O 30
2407 1132 2 6 0 C 0
1132 1131 2 11 0 C 0
1345 1346 2 25 0 C 0
2201 2202 2 17 91 O 10
2457 4510 2 30 163 O 20
4510 4153 2 79 437 O 20
922 4694 1 8 44 O 30
2883 936 1 62 340 O 30
4292 3386 1 69 383 O 10
3343 929 1 195 1082 M 20
2345 1381 2 80 0 C 0
3682 3742 2 32 175 O 20
3742 3743 2 15 79 O 30
3743 3682 2 20 110 M 30
3677 3678 2 10 51 O 10
3678 3679 2 14 75 M 30
3679 3681 2 17 92 O 30
3681 3680 2 33 181 M 20
3680 3677 2 47 259 O 30
1386 3123 2 46 0 C 0
3123 3122 2 56 0 C 0
3122 3121 2 7 0 C 0
3121 1385 2 28 0 C 0
1385 2862 2 11 0 C 0
2862 4285 2 4 0 C 0
2804 2764 2 15 0 C 0
2764 3012 2 12 0 C 0
1158 1412 2 2 11 O 20
1412 1409 2 22 117 O 30
1409 3263 2 5 26 O 20
3263 3262 2 4 18 M 20
2647 2251 2 10 52 O 10
2402 2403 2 28 0 C 0
2403 4233 2 8 0 C 0
1047 1046 2 12 65 O 10
1998 1422 2 9 46 O 20
3977 2262 2 50 278 O 10
1431 1430 2 7 0 C 0
3434 698 2 1 2 O 20
698 5235 2 12 66 O 10
5235 5237 2 4 21 M 30
5237 2979 2 2 6 O 20
1853 2669 2 11 56 O 30
2669 4363 2 47 260 O 30
3321 3322 2 22 121 O 30
3272 2812 2 8 43 O 20
2812 2986 2 11 57 O 20
2986 2581 2 6 28 O 10
2581 3273 2 16 86 O 20
3273 1610 2 3 16 M 10
1610 2987 2 12 66 O 20
1456 1457 2 31 170 O 20
2230 1457 2 5 23 O 10
1457 1455 2 6 31 O 10
1455 1456 2 19 102 O 10
1456 1458 2 7 36 O 20
1460 1229 2 46 254 O 30
1460 1177 1 11 58 M 20
1462 1461 1 5 25 O 10
1461 1460 1 4 21 O 30
1463 1461 1 4 20 M 30
4574 4666 1 16 87 O 10
1614 3984 2 59 327 O 30
3984 456 2 20 109 M 20
1479 4697 2 8 41 O 30
4697 4695 2 1 5 O 10
4695 1474 2 51 281 O 20
4369 4374 2 15 82 O 20
1466 2673 1 4 17 O 20
3316 3317 2 40 222 M 20
2171 2170 2 21 113 O 30
1623 1485 2 68 377 O 30
1485 1450 2 12 66 O 10
1489 1490 1 1 0 C 0
1516 1512 2 10 52 O 20
1510 1512 2 6 28 O 10
1512 1514 2 4 20 O 20
1523 1528 2 343 1904 O 10
2391 1493 2 65 361 O 10
1502 1504 2 27 145 O 20
1504 1505 2 3 16 O 30
1520 1519 2 12 62 M 10
1519 1517 2 43 236 M 10
2387 391 2 5 22 M 30
391 1526 2 19 105 M 30
1525 1522 2 45 246 O 30
1522 1524 2 70 389 O 30
1521 1517 2 8 42 O 10
1517 1511 2 27 149 O 10
2640 3366 1 184 1017 O 20
5829 2708 1 29 160 O 10
1209 3107 2 49 0 C 0
1318 1515 2 20 110 O 20
1515 1519 2 19 104 O 20
1515 1513 2 10 52 O 30
3651 3371 2 22 119 O 20
305 1248 2 23 0 C 0
2386 1527 2 57 313 O 20
2390 1504 2 66 362 O 20
1498 1499 2 3 13 M 30
1499 1496 2 9 47 O 20
1496 1497 2 31 167 O 30
1316 1319 2 69 383 M 20
1317 1506 2 33 181 O 20
1119 1531 2 6 31 O 20
1451 1535 2 9 49 O 20
1535 4364 2 4 22 O 30
1518 2389 2 14 75 M 30
2389 1509 2 33 183 O 10
1509 1507 2 25 136 O 10
1496 1500 2 13 71 O 10
2388 1518 2 25 134 O 30
1518 1516 2 18 98 O 30
1516 1318 2 41 226 O 20
1318 1317 2 16 87 O 20
1317 1316 2 21 112 O 10
1316 1315 2 20 110 O 20
1315 661 2 138 762 O 10
661 1494 2 21 114 M 30
1509 1508 2 27 146 M 20
1534 1533 2 3 0 C 0
1503 1501 1 21 112 O 30
1499 1501 2 20 110 O 20
2759 2716 1 43 0 C 0
2716 2758 1 152 0 C 0
1141 2770 1 297 0 C 0
2717 4429 1 37 0 C 0
4429 1139 1 11 0 C 0
4600 1140 1 180 0 C 0
2633 2555 1 193 0 C 0
4166 2474 2 36 195 O 20
2276 2282 2 30 162 O 10
2282 2283 2 31 167 O 10
4448 1624 1 3 13 O 30
1622 1621 2 70 384 O 20
1616 1620 2 25 136 O 20
1624 1619 2 7 39 O 20
1619 1620 2 40 218 O 20
1620 3214 2 50 276 O 30
2409 2971 2 6 0 C 0
1131 2408 2 41 0 C 0
1628 527 2 10 0 C 0
527 526 2 9 0 C 0
526 525 2 42 0 C 0
525 1344 2 40 0 C 0
1344 2407 2 17 0 C 0
2410 664 2 156 0 C 0
664 663 2 3 0 C 0
663 665 2 4 0 C 0
665 1309 2 171 0 C 0
3048 2422 1 56 0 C 0
2422 2423 1 20 0 C 0
2423 5401 1 22 0 C 0
1635 3057 2 7 0 C 0
3057 3106 2 21 0 C 0
76 195 2 1 0 C 0
195 5645 2 4 0 C 0
5645 4717 2 6 0 C 0
4717 197 2 3 0 C 0
197 5646 2 1 0 C 0
5646 196 2 1 0 C 0
196 5712 2 9 0 C 0
5712 199 2 6 0 C 0
199 198 2 2 0 C 0
198 3108 2 10 0 C 0
2053 2005 2 6 0 C 0
3534 1634 2 131 726 O 30
1634 4300 2 98 540 O 30
2735 2736 1 4 0 C 0
2054 5703 1 29 0 C 0
1192 3428 1 48 0 C 0
3428 2869 1 23 0 C 0
2869 561 1 100 0 C 0
2692 4746 1 14 0 C 0
4746 4747 1 10 0 C 0
4747 4367 1 9 0 C 0
1662 1660 1 6 0 C 0
1659 1661 1 6 0 C 0
3066 3067 1 7 0 C 0
3067 849 1 4 0 C 0
1661 3134 1 13 0 C 0
3134 2868 1 19 0 C 0
2075 1688 2 20 0 C 0
1688 3141 2 248 0 C 0
1709 1710 2 12 64 O 30
1705 2140 1 5 22 O 30
1702 4257 1 6 30 O 20
4257 3336 1 5 26 O 10
5545 1709 2 3 12 O 20
1709 1708 2 26 143 O 10
2651 2900 1 5 23 O 10
1712 4552 2 25 137 O 10
4552 4551 2 9 46 O 20
1617 5771 2 43 238 M 20
5771 5743 2 10 55 O 10
5743 5745 2 5 25 O 30
5745 5747 2 5 22 O 10
5747 1621 2 22 122 O 20
1621 1620 2 22 118 O 10
698 5233 2 5 26 O 10
5233 5231 2 7 38 M 10
5231 3836 2 7 34 M 30
3836 699 2 11 56 O 20
1996 1995 2 4 19 O 30
1995 1997 2 6 31 O 20
1997 1992 2 12 63 M 10
1992 1993 2 3 11 M 20
1993 1997 2 2 10 O 10
1997 1994 2 6 32 O 20
1994 1995 2 3 15 O 10
5696 2002 1 8 0 C 0
1488 2003 1 25 0 C 0
2003 5704 1 9 0 C 0
2008 5652 1 2 0 C 0
3015 2670 1 15 0 C 0
3494 1652 2 3 16 O 20
4427 2014 1 8 0 C 0
2014 2682 1 6 0 C 0
4388 3206 2 3 0 C 0
3206 2092 2 11 0 C 0
1211 2923 2 2 0 C 0
2923 2924 2 6 0 C 0
2924 1446 2 6 0 C 0
2017 2907 1 2 7 O 10
2908 2017 1 19 101 O 10
2908 2016 1 12 62 M 30
2016 1469 1 17 92 M 30
2019 2018 2 20 109 O 30
2018 2020 2 23 126 O 30
4347 4421 1 9 0 C 0
231 3111 2 10 0 C 0
2670 1392 1 15 0 C 0
1388 1389 1 2 0 C 0
1437 3050 1 19 0 C 0
4421 4426 1 3 0 C 0
2564 858 1 6 0 C 0
858 4422 1 50 0 C 0
935 4291 1 13 68 O 20
2657 4488 1 14 74 O 30
4488 3352 1 70 385 O 10
3388 2657 2 3 12 O 30
2065 2355 2 4 22 O 20
2355 3116 2 8 41 O 20
3116 5789 2 20 107 M 30
5789 3115 2 9 47 M 30
3115 3116 2 8 44 M 10
2657 2357 1 6 28 O 20
2720 3242 1 13 0 C 0
3242 3132 1 11 0 C 0
3132 386 1 12 0 C 0
4462 2722 2 3 0 C 0
4225 1485 2 27 147 O 20
1113 1097 1 3 16 O 30
1116 4573 1 74 408 M 30
4256 4257 2 2 7 O 30
1169 5451 2 17 90 O 10
5451 1156 2 46 251 M 20
1156 1166 2 74 409 O 30
1166 1168 2 23 124 O 20
3334 5454 2 9 48 O 20
5454 1411 2 5 23 M 30
3335 457 2 4 20 O 20
1170 2673 2 14 73 O 20
1470 2901 2 7 38 O 20
2306 2308 2 8 43 O 20
2308 2307 2 4 22 O 30
2309 3247 2 38 206 M 20
3247 3245 2 5 27 M 30
3245 2306 2 3 14 O 10
2306 2305 2 2 7 O 20
1046 2310 2 7 36 M 20
2310 2312 2 4 17 O 10
2312 2311 2 2 6 O 30
2311 2310 2 2 6 O 30
2103 3978 2 14 76 M 10
3978 2102 2 59 327 O 30
2102 2101 2 97 534 O 20
2101 973 2 75 413 O 20
973 2262 2 16 86 O 20
2262 1170 2 40 221 O 30
442 813 2 6 0 C 0
813 812 2 7 0 C 0
812 898 2 13 0 C 0
898 899 2 24 0 C 0
2041 962 1 21 0 C 0
1619 2350 2 5 22 O 30
2357 2065 2 4 17 O 10
5788 2657 1 6 31 M 20
2353 4438 2 10 53 O 10
4438 2351 2 7 34 M 10
2351 2587 2 6 31 O 30
2355 2356 2 8 42 O 30
5681 1082 1 12 0 C 0
4366 1534 2 3 0 C 0
3722 1669 1 13 0 C 0
1669 3720 1 91 0 C 0
3720 1668 1 16 0 C 0
1668 1667 1 2 0 C 0
1667 3721 1 6 0 C 0
3721 2589 1 127 0 C 0
2855 1686 1 10 0 C 0
1686 1433 1 3 0 C 0
2344 847 1 9 0 C 0
3989 2359 2 26 143 O 10
2411 2063 1 2 0 C 0
2648 2309 2 15 79 O 10
2309 4242 2 3 11 M 10
2489 1155 2 2 10 O 20
1155 541 2 19 104 O 20
541 2490 2 115 635 O 20
1425 1269 1 28 0 C 0
1371 2420 1 18 0 C 0
2420 3423 1 8 0 C 0
1383 2421 1 9 0 C 0
2421 1145 1 108 0 C 0
1145 5471 1 270 0 C 0
3384 2873 1 15 0 C 0
2877 1448 1 6 0 C 0
2377 389 2 16 85 O 20
389 2378 2 43 234 M 20
2381 2162 2 40 220 M 10
2382 2383 2 79 437 O 30
2385 2570 2 17 90 O 30
2570 2634 2 22 119 O 20
3893 3890 1 9 0 C 0
3890 1328 1 3 0 C 0
1328 3891 1 7 0 C 0
3891 3894 1 4 0 C 0
2439 2374 2 29 0 C 0
2374 2375 2 28 0 C 0
2973 1329 1 51 0 C 0
2162 2382 2 16 86 O 30
2383 2384 2 18 96 M 20
2378 2163 2 19 103 O 10
2384 103 2 25 136 O 30
103 2385 2 21 113 O 20
2373 2439 2 67 0 C 0
3336 1098 1 83 457 O 10
1098 1097 1 51 281 O 20
2093 2438 2 27 0 C 0
1437 2563 1 3 0 C 0
2565 4424 1 18 0 C 0
3301 2571 2 6 31 O 30
2577 438 2 1 0 C 0
438 2431 2 12 0 C 0
2431 436 2 1 0 C 0
436 437 2 7 0 C 0
437 434 2 9 0 C 0
434 2006 2 2 0 C 0
2006 2007 2 4 0 C 0
2007 2430 2 13 0 C 0
2430 2429 2 26 0 C 0
2429 2858 2 20 0 C 0
2858 2859 2 4 0 C 0
2672 800 1 71 394 O 20
2578 4702 1 35 191 M 10
4702 4318 1 25 139 O 10
4318 4320 1 9 50 O 10
4320 4317 1 2 7 O 10
4317 923 1 4 17 M 30
2890 2888 1 16 86 O 20
2892 947 1 38 207 O 20
2581 2582 1 4 20 O 10
2582 3273 1 17 92 O 10
2587 2585 2 4 20 O 10
3829 3368 1 6 33 O 30
3602 3607 1 23 123 O 20
88 90 2 3 0 C 0
4387 1329 2 16 0 C 0
2351 2352 2 4 20 O 30
2583 2910 2 3 12 M 10
2584 2586 2 4 18 O 30
2650 4665 1 16 88 O 10
4665 1052 1 5 26 M 10
4403 3578 1 124 0 C 0
3578 2436 1 112 0 C 0
3180 839 1 11 0 C 0
2611 3268 1 7 0 C 0
1742 4494 1 3 0 C 0
2742 3568 2 8 0 C 0
3568 3327 2 15 0 C 0
3327 3328 2 36 0 C 0
2623 2625 1 14 73 O 30
2625 2624 1 4 21 O 30
2624 2623 1 3 16 O 10
2626 2625 2 6 33 O 10
4296 788 1 46 251 O 20
3394 2610 2 15 0 C 0
2004 2005 1 8 0 C 0
2005 1260 1 8 0 C 0
2037 2632 1 43 0 C 0
2691 2740 1 7 0 C 0
2886 2894 1 12 66 O 20
1658 2501 2 54 295 M 10
2498 2497 2 30 161 M 10
2476 4674 2 21 115 O 10
2747 2748 2 10 51 O 10
2486 2746 2 14 73 O 30
2749 2750 2 15 81 M 20
2480 2481 2 50 273 M 20
2751 1113 2 6 33 O 10
2752 2753 1 8 0 C 0
2755 2754 1 8 0 C 0
1367 1199 1 39 0 C 0
1199 2023 1 39 0 C 0
1339 2762 1 3 0 C 0
1372 1414 1 37 0 C 0
1414 4500 1 24 0 C 0
4500 1297 1 13 0 C 0
2757 1296 1 32 0 C 0
2763 1371 1 41 0 C 0
3425 1074 1 19 0 C 0
1134 1135 1 89 0 C 0
1135 2771 1 142 0 C 0
2758 5470 1 117 0 C 0
2419 2759 1 69 0 C 0
1139 2772 1 14 0 C 0
2771 210 1 12 0 C 0
1136 208 1 63 0 C 0
208 1143 1 408 0 C 0
1382 3585 2 13 0 C 0
3585 3584 2 4 0 C 0
3584 2082 2 9 0 C 0
2775 1445 2 17 89 O 30
1445 4529 2 16 85 O 10
4529 1111 2 2 9 O 20
1111 4567 2 9 47 O 30
2774 1439 2 14 76 M 10
1439 1442 2 37 205 O 10
1442 2775 2 12 65 O 10
4255 3344 2 126 698 O 20
3344 4596 2 29 157 O 20
4596 3345 2 5 27 O 20
2318 1453 2 59 0 C 0
1453 2937 2 4 0 C 0
2937 2936 2 10 0 C 0
2936 1452 2 3 0 C 0
1452 1419 2 434 0 C 0
1153 2399 2 16 87 M 30
2399 3929 2 41 223 O 10
3929 2778 2 25 138 O 10
2779 1153 2 2 8 O 20
3070 2506 2 32 176 M 30
2506 3905 2 23 123 O 20
3905 4129 2 18 95 M 10
2777 2776 2 55 303 O 10
2780 4255 2 41 225 O 20
2728 2727 2 20 0 C 0
2727 2726 2 41 0 C 0
2725 2724 2 88 0 C 0
2724 704 2 22 0 C 0
101 102 2 33 178 M 30
2783 5399 2 106 0 C 0
229 1537 2 30 0 C 0
1537 3889 2 108 0 C 0
5400 2782 2 23 0 C 0
2782 2783 2 106 0 C 0
1063 2366 2 27 0 C 0
2366 2367 2 44 0 C 0
2367 5706 2 36 0 C 0
5706 4362 2 12 0 C 0
4362 1313 2 33 0 C 0
1313 2368 2 39 0 C 0
2785 1064 2 20 0 C 0
4083 5842 2 5 25 O 30
2458 4153 2 26 139 O 10
4153 4609 2 29 157 O 30
4609 2457 2 1 4 O 30
4130 4131 2 4 17 O 30
4131 3906 2 13 70 O 30
3906 3033 2 19 103 M 20
3033 4525 2 21 113 M 30
4525 3933 2 1 1 O 10
3933 3937 2 17 94 O 20
3937 3921 2 14 76 O 20
2501 2504 2 35 190 O 30
3279 2448 2 2 11 O 20
2448 2455 2 36 200 O 30
2333 2331 2 38 209 M 30
2331 2328 2 19 105 M 10
1409 1464 1 2 11 O 30
3764 4688 2 12 63 M 20
4688 3765 2 1 2 O 10
2849 2848 1 8 0 C 0
1089 2847 1 8 0 C 0
1091 2849 1 88 0 C 0
2847 1038 1 26 0 C 0
1343 1345 2 34 0 C 0
1988 1990 2 34 0 C 0
1990 1250 2 21 0 C 0
1986 853 2 7 34 O 10
853 855 2 8 41 O 10
855 1989 2 4 19 O 20
1155 552 2 60 332 O 20
4270 4757 2 3 15 M 30
4757 4271 2 6 30 O 20
4271 4272 2 2 10 M 30
2158 2156 2 89 492 O 20
2396 92 2 45 247 O 20
2857 2856 1 9 0 C 0
2859 2860 1 10 0 C 0
2860 2861 1 2 0 C 0
1740 2859 1 20 0 C 0
1275 1213 1 7 0 C 0
3049 3274 1 74 0 C 0
851 2878 1 6 0 C 0
4365 3387 1 6 30 O 20
4365 4452 2 1 4 O 30
2895 2893 1 4 22 O 10
2893 2887 1 4 21 M 10
2887 2891 1 4 20 O 10
2899 5674 1 3 13 O 30
5674 2902 1 3 13 O 30
2901 2902 2 3 14 O 10
2902 2900 1 4 22 O 10
2900 2899 1 1 4 M 30
2899 4652 2 8 44 O 20
4652 2299 2 12 62 O 10
2299 1232 2 9 49 O 10
1232 2444 2 27 145 O 20
2444 2300 2 39 215 O 30
2300 2301 2 94 521 O 20
2889 2897 1 4 21 O 20
2889 4329 2 9 45 M 20
4329 2297 2 27 148 M 30
2904 1146 2 13 70 O 30
1483 1473 1 5 25 O 20
1467 1483 1 4 21 O 10
4114 2656 1 5 27 O 20
4114 4115 2 4 18 M 10
4115 4109 2 3 12 O 30
2765 65 1 30 0 C 0
4235 2921 2 13 70 M 10
3370 3271 1 11 59 O 10
4295 910 1 23 0 C 0
4294 1221 1 7 0 C 0
2659 1093 2 8 42 O 10
4297 1555 2 15 83 O 30
1216 4713 1 11 0 C 0
4713 4294 1 12 0 C 0
2930 2929 1 3 16 O 20
2931 2932 1 4 22 M 10
2930 2932 2 4 18 O 30
2932 2933 2 6 32 M 10
5837 2707 1 47 256 O 20
1128 2405 2 10 0 C 0
1627 2406 2 7 0 C 0
1329 4434 1 18 0 C 0
1341 3826 2 57 0 C 0
2971 1626 2 119 0 C 0
1626 1346 2 10 0 C 0
2081 2993 2 20 0 C 0
2993 2773 2 36 0 C 0
3010 1394 1 4 0 C 0
1393 1394 2 49 0 C 0
3014 1393 1 1 0 C 0
1387 1390 1 6 0 C 0
1389 1387 1 6 0 C 0
2845 1204 2 18 0 C 0
4424 2687 1 2 0 C 0
3050 4427 1 15 0 C 0
1207 3022 1 11 0 C 0
3022 1825 2 15 0 C 0
1825 2031 2 19 0 C 0
3023 3024 1 7 0 C 0
3025 4622 2 8 0 C 0
4622 311 2 9 0 C 0
311 2038 2 31 0 C 0
2038 1928 2 18 0 C 0
1928 312 2 2 0 C 0
312 5301 2 10 0 C 0
5301 1927 2 24 0 C 0
1927 1945 2 24 0 C 0
1945 2929 2 18 0 C 0
2929 2931 2 4 17 M 10
2931 1929 2 6 31 O 10
2035 3025 1 17 0 C 0
3025 3026 1 16 0 C 0
3027 4620 1 5 0 C 0
1204 2671 1 9 0 C 0
3030 3031 1 5 0 C 0
3031 1204 1 3 0 C 0
2577 3032 1 9 0 C 0
3032 3029 1 5 0 C 0
3029 3028 1 3 0 C 0
2688 435 2 5 0 C 0
435 2845 2 6 0 C 0
2627 3581 1 28 0 C 0
1741 1739 1 3 0 C 0
3311 463 1 3 0 C 0
2417 3577 1 118 0 C 0
3577 2619 1 115 0 C 0
2418 3427 1 9 0 C 0
3427 3118 1 65 0 C 0
3118 2870 1 11 0 C 0
1684 2865 1 10 0 C 0
3222 809 1 16 0 C 0
809 3253 1 21 0 C 0
3253 2437 1 50 0 C 0
2009 4423 1 48 0 C 0
3017 2064 1 2 0 C 0
2433 2565 1 7 0 C 0
2170 2172 2 21 115 O 10
3039 2173 2 31 170 O 30
3041 531 1 6 31 O 30
531 3043 1 5 25 M 20
3043 3042 2 2 8 O 20
3043 3044 1 5 26 O 30
3044 5827 1 6 31 M 10
2157 100 2 35 190 O 20
2156 2157 2 85 469 O 20
3063 3062 1 6 0 C 0
3393 3052 1 27 0 C 0
3052 3391 1 2 0 C 0
3391 2767 1 79 0 C 0
2708 3289 1 18 96 O 20
3289 1717 1 52 285 O 10
3756 4690 2 1 4 M 30
4690 674 2 9 45 M 30
674 2666 2 7 37 M 20
1057 2640 1 28 155 O 20
2917 2916 1 50 0 C 0
3276 2766 1 50 0 C 0
2766 3392 1 30 0 C 0
3072 3071 2 17 91 O 10
3073 3071 2 4 17 O 10
3071 5863 2 5 24 O 20
5863 3072 2 5 24 M 10
3072 3073 2 12 65 O 30
3073 590 2 8 41 O 20
590 592 2 4 18 O 30
592 594 2 3 15 O 20
594 3881 2 9 50 O 20
3075 3074 2 14 74 O 20
3076 4590 2 12 66 O 20
4590 4591 2 2 8 O 30
4591 3076 2 6 32 O 10
3076 3077 2 2 8 O 10
3086 5492 2 9 48 O 10
5492 3085 2 18 99 O 30
3089 3081 2 2 6 M 10
3090 3091 2 7 34 O 30
1186 3090 2 7 37 O 20
3081 3083 2 1 5 O 20
3084 3094 2 2 8 M 30
3094 3083 2 11 58 M 30
3085 3087 2 13 69 O 30
3093 3094 1 15 79 O 30
3082 3865 2 13 72 O 20
3865 3092 2 4 18 O 10
3092 3088 2 5 23 M 10
3084 3089 2 9 46 O 20
1365 1307 1 33 0 C 0
3381 3101 2 6 32 O 10
3102 3217 1 11 0 C 0
230 3120 1 5 0 C 0
3120 3119 1 13 0 C 0
3119 1735 1 13 0 C 0
1735 1736 1 21 0 C 0
4398 843 1 33 0 C 0
3151 3841 1 45 0 C 0
3166 3498 1 26 0 C 0
3155 3154 1 7 0 C 0
3156 3155 1 4 0 C 0
3184 4518 2 3 12 M 20
4518 1234 2 7 36 O 20
3186 3185 2 23 127 M 10
3189 3188 2 4 22 M 20
3188 4521 2 9 46 O 20
4521 4705 2 18 96 O 30
4705 3187 2 1 3 O 20
3193 3191 2 14 75 O 10
3191 5819 2 4 21 O 20
5819 5821 2 11 57 M 20
5821 5823 2 8 40 O 20
5823 5804 2 6 32 M 20
5804 3190 2 9 47 O 30
3191 3192 2 16 88 O 30
3196 5505 2 8 44 O 20
5505 3193 2 42 231 O 10
3193 5802 2 21 114 M 10
5802 3195 2 3 12 O 20
3195 3190 2 2 9 O 20
3190 5825 2 7 39 O 20
5825 401 2 2 6 O 20
401 3194 2 8 43 M 10
3196 380 2 6 31 O 20
380 5506 2 8 40 O 10
5506 3200 2 5 26 O 20
3203 5480 2 10 50 O 10
5480 3202 2 2 8 O 10
3205 3204 2 15 82 O 20
3201 3196 2 21 113 O 30
3315 3312 1 3 0 C 0
1278 1281 1 3 0 C 0
2914 1429 1 3 0 C 0
220 1659 1 57 0 C 0
3135 3069 1 24 0 C 0
1259 1424 1 5 0 C 0
1424 2050 1 20 0 C 0
2879 1625 1 20 0 C 0
2875 1448 1 14 0 C 0
2781 2083 2 5 0 C 0
1436 3019 1 2 0 C 0
3019 3020 1 16 0 C 0
3020 3221 1 3 0 C 0
3213 3212 1 5 0 C 0
4413 3213 1 49 0 C 0
3216 1292 1 3 0 C 0
1290 3215 1 3 0 C 0
2055 3958 1 33 0 C 0
2313 1717 2 2 8 M 30
1717 2709 1 62 340 O 30
2712 2640 2 3 12 O 30
2010 1358 1 133 0 C 0
1358 1359 1 2 0 C 0
1359 1363 1 150 0 C 0
1672 1671 1 31 0 C 0
1671 2695 1 54 0 C 0
2695 635 1 7 0 C 0
635 823 1 15 0 C 0
1363 2696 1 37 0 C 0
2696 2680 1 43 0 C 0
2680 411 1 3 0 C 0
2690 3323 1 71 0 C 0
3323 1407 1 104 0 C 0
1406 3038 1 59 0 C 0
3038 3037 1 67 0 C 0
3037 1539 1 50 0 C 0
2693 1396 1 74 0 C 0
1396 3124 1 6 0 C 0
3124 3125 1 6 0 C 0
3125 1406 1 7 0 C 0
1407 1866 1 17 0 C 0
1438 331 1 74 0 C 0
1395 433 1 30 0 C 0
1097 1116 1 122 676 M 30
2648 1114 1 14 77 O 30
1114 167 1 59 325 M 10
167 927 1 15 82 O 10
2649 1112 2 3 14 O 30
3380 925 1 55 303 O 20
1530 2266 2 3 12 O 20
5388 336 1 3 12 M 20
336 2266 1 15 83 O 10
1530 3982 1 20 106 O 20
2647 3378 2 3 12 O 10
2647 4640 1 132 729 O 20
3615 3379 1 38 208 O 10
3343 3340 1 4 20 M 30
1104 2574 1 135 750 M 10
4359 2601 1 99 544 O 30
1664 1663 1 35 0 C 0
1665 1664 1 3 0 C 0
1338 1337 1 3 0 C 0
1276 1338 1 2 0 C 0
1689 1279 1 5 0 C 0
1690 2441 1 44 0 C 0
3065 1362 1 3 0 C 0
3069 1360 1 43 0 C 0
1360 3065 1 67 0 C 0
1362 3219 1 8 0 C 0
3220 1689 1 7 0 C 0
3309 3310 1 3 0 C 0
1737 2852 1 66 0 C 0
2852 4391 1 31 0 C 0
4372 2851 1 27 0 C 0
2851 73 1 58 0 C 0
73 1738 1 8 0 C 0
3221 1432 1 5 0 C 0
1432 3222 1 3 0 C 0
1674 1673 1 13 0 C 0
3210 1674 1 2 0 C 0
410 3210 1 21 0 C 0
1354 3211 1 2 0 C 0
2679 1354 1 15 0 C 0
2697 833 1 22 0 C 0
834 3582 1 15 0 C 0
2685 3036 1 9 0 C 0
2563 2564 1 5 0 C 0
485 2175 2 118 0 C 0
216 1681 1 22 0 C 0
1681 1680 1 5 0 C 0
1679 3225 1 9 0 C 0
3224 1356 1 8 0 C 0
3223 1357 1 13 0 C 0
1356 3223 1 10 0 C 0
836 2676 1 3 0 C 0
2676 824 1 5 0 C 0
1680 1679 1 17 0 C 0
835 1675 1 16 0 C 0
1454 2855 1 7 0 C 0
3251 3583 1 2 0 C 0
3583 1454 1 10 0 C 0
1685 1684 1 13 0 C 0
830 2744 1 5 0 C 0
2744 1683 1 7 0 C 0
1434 1685 1 5 0 C 0
1683 2745 1 11 0 C 0
2745 3579 1 7 0 C 0
3579 1682 1 5 0 C 0
218 3580 1 24 0 C 0
3580 2681 1 18 0 C 0
2681 3251 1 15 0 C 0
827 216 1 14 0 C 0
829 219 1 11 0 C 0
826 217 1 11 0 C 0
217 215 1 2 0 C 0
215 828 1 14 0 C 0
2394 2161 2 5 25 O 10
2392 1033 2 57 312 O 10
1033 94 2 12 63 M 20
94 2393 2 2 9 O 30
2393 2394 2 32 173 O 10
1064 2784 2 3 0 C 0
2026 1063 2 17 0 C 0
2784 2026 2 35 0 C 0
2080 2078 2 12 0 C 0
2175 2080 2 109 0 C 0
2612 967 1 21 0 C 0
967 2616 1 7 0 C 0
2630 969 1 17 0 C 0
3313 3314 1 3 0 C 0
1029 1202 1 65 0 C 0
2436 3645 1 24 0 C 0
3644 74 1 6 0 C 0
74 2417 1 12 0 C 0
2620 1255 1 26 0 C 0
1255 1254 1 13 0 C 0
1254 75 1 53 0 C 0
3250 4390 1 105 0 C 0
4135 1123 2 19 103 O 30
1123 1117 2 5 27 M 10
1117 4181 2 8 39 O 10
4181 3300 2 48 266 O 30
3300 627 2 10 51 O 10
627 1122 2 9 50 O 20
1122 5840 2 2 6 O 20
4138 5261 2 36 195 O 20
5261 2401 2 9 50 M 10
4136 2777 2 79 437 O 30
2401 4136 2 10 54 O 20
1221 1247 2 2 0 C 0
1226 4295 1 9 0 C 0
1221 1226 1 3 0 C 0
1219 1247 1 3 0 C 0
2176 1223 2 2 9 O 20
2176 4296 1 10 51 O 10
4299 1223 1 7 36 O 30
4298 4299 1 9 45 O 30
3365 2662 2 3 12 O 20
3365 1864 1 34 185 O 20
3366 3365 1 16 89 O 30
2662 1055 1 17 89 M 20
1865 2662 1 34 184 M 10
1865 1864 2 3 11 O 30
1922 1529 1 23 127 O 20
3324 1529 2 3 11 O 20
3324 1921 1 23 126 O 20
2652 945 1 7 35 O 20
1447 2652 1 4 19 O 10
5849 100 2 20 110 O 20
1032 2396 2 75 415 M 20
100 1032 2 38 207 M 10
3136 4418 1 2 0 C 0
1189 2606 1 4 0 C 0
2414 2605 1 5 0 C 0
1197 1198 1 16 0 C 0
1198 985 1 12 0 C 0
985 984 1 12 0 C 0
984 2755 1 74 0 C 0
1201 1367 1 13 0 C 0
2753 1366 1 26 0 C 0
1366 1201 1 72 0 C 0
1200 1370 1 29 0 C 0
2762 1404 1 27 0 C 0
810 889 1 17 0 C 0
889 1195 1 7 0 C 0
1379 1200 1 10 0 C 0
1195 1403 1 10 0 C 0
2754 1339 1 8 0 C 0
1405 2752 1 8 0 C 0
1281 5841 1 7 0 C 0
5841 2917 1 1 0 C 0
1023 3406 1 7 0 C 0
3406 3407 1 29 0 C 0
3407 3393 1 51 0 C 0
3099 2600 1 3 0 C 0
2068 3098 1 3 0 C 0
3098 3096 1 21 0 C 0
3096 3095 1 32 0 C 0
3219 4404 1 39 0 C 0
4404 4405 1 8 0 C 0
4405 1361 1 8 0 C 0
1285 1630 2 134 0 C 0
1630 3500 2 3 0 C 0
3500 1289 2 5 0 C 0
2023 2177 1 3 0 C 0
1194 3569 1 58 0 C 0
3569 1197 1 17 0 C 0
2177 4465 1 3 0 C 0
2631 2598 1 182 0 C 0
2012 3571 1 10 0 C 0
1492 2597 1 9 0 C 0
1656 4491 1 65 0 C 0
2596 2595 1 10 0 C 0
2595 1656 1 12 0 C 0
1193 2012 1 64 0 C 0
2013 4458 1 4 0 C 0
4465 1368 1 49 0 C 0
1368 1657 1 49 0 C 0
1655 3226 1 20 0 C 0
2598 1492 1 17 0 C 0
1491 1655 1 2 0 C 0
2597 3227 1 55 0 C 0
3571 3572 1 15 0 C 0
3572 1491 1 46 0 C 0
3227 2013 1 9 0 C 0
916 4647 1 12 66 M 30
1600 1591 2 3 11 O 20
3233 4312 1 32 177 O 20
3230 1053 1 25 136 O 10
1602 1601 2 3 12 O 20
3232 1602 1 14 76 O 20
3361 2643 2 3 12 O 20
3361 3549 1 4 19 O 10
3549 744 1 26 142 O 10
744 747 1 7 38 O 10
747 966 1 27 149 O 30
3548 2643 1 4 19 M 20
2643 3674 1 9 50 O 10
3674 3673 1 12 64 O 30
3673 286 1 4 17 O 30
286 284 1 3 14 O 30
284 281 1 1 4 O 30
281 121 1 5 24 O 10
121 2642 1 12 66 O 10
1604 3228 1 7 34 M 30
3229 1603 1 6 28 O 10
1603 1604 2 3 12 O 10
3228 1591 1 34 186 O 10
1600 4648 1 22 119 O 20
1591 3230 1 8 40 O 20
3231 1600 1 8 40 O 30
4645 3232 1 11 59 O 10
1650 1651 2 3 12 O 20
917 1650 1 16 85 M 30
1650 3360 1 13 67 M 30
1101 1651 1 7 35 O 20
3358 1102 1 5 23 O 20
1054 3359 1 10 53 O 30
918 1101 1 15 78 O 30
3358 3359 2 3 12 O 30
3360 1054 1 8 43 O 20
3359 3233 1 10 55 O 30
3234 3358 1 5 27 O 30
3235 1604 1 9 48 M 30
1603 3546 1 9 45 O 20
1294 4496 1 74 0 C 0
1303 1399 1 23 0 C 0
1399 3567 1 18 0 C 0
3567 1304 1 8 0 C 0
1304 2244 1 26 0 C 0
231 3236 1 7 0 C 0
2416 230 1 6 0 C 0
1863 2578 1 14 76 O 20
1862 1863 2 3 11 O 30
2579 1862 1 18 99 M 20
1862 2892 1 5 27 O 20
2888 1863 1 6 30 M 10
2894 2672 1 22 119 O 20
2303 2885 1 3 13 O 20
2885 2886 1 2 8 M 10
2897 2885 1 2 11 O 30
2897 2302 1 4 18 M 20
2902 1861 1 6 29 O 20
2903 2901 1 3 14 O 20
1472 1475 1 3 16 M 20
1475 2653 1 24 130 M 10
2901 803 1 53 292 O 30
2435 1372 1 30 0 C 0
3237 1373 1 16 0 C 0
1376 2435 1 48 0 C 0
1374 1375 1 26 0 C 0
2060 1298 1 55 0 C 0
4499 4501 1 8 0 C 0
4501 1299 1 47 0 C 0
1299 4498 1 25 0 C 0
1298 4472 1 32 0 C 0
4472 3426 1 24 0 C 0
4359 3238 1 4 22 O 20
4359 4360 2 5 27 O 20
3239 4359 1 5 23 O 10
1287 3046 1 50 0 C 0
3046 67 1 6 0 C 0
67 68 1 9 0 C 0
68 5390 1 10 0 C 0
2021 1352 1 24 0 C 0
1352 1286 1 27 0 C 0
1427 2631 1 25 0 C 0
2161 2395 2 55 304 O 30
2975 1628 2 8 0 C 0
1282 3220 1 65 0 C 0
2066 1282 1 22 0 C 0
1361 3068 1 33 0 C 0
2610 2608 1 5 0 C 0
3274 4384 1 35 0 C 0
1274 4401 1 35 0 C 0
3045 3080 1 2 0 C 0
1403 2761 1 16 0 C 0
1300 1379 1 81 0 C 0
2760 1305 1 2 0 C 0
2761 5413 1 7 0 C 0
5413 5412 1 10 0 C 0
5412 2760 1 47 0 C 0
4422 2411 1 3 0 C 0
4420 2686 1 45 0 C 0
2064 4420 1 2 0 C 0
2976 3017 1 6 0 C 0
2063 2009 1 7 0 C 0
3566 2976 1 29 0 C 0
2786 4419 1 22 0 C 0
4423 2433 1 20 0 C 0
1075 1073 1 3 0 C 0
1074 1075 1 4 0 C 0
3244 2308 2 8 43 O 30
3247 3246 2 13 68 O 20
3246 3245 2 7 36 O 10
3144 3499 1 2 0 C 0
3499 3143 1 5 0 C 0
3143 3142 1 55 0 C 0
3061 66 1 15 0 C 0
66 4503 1 27 0 C 0
2790 3282 2 13 69 O 10
5512 3254 1 2 10 O 30
2951 3255 2 134 741 O 20
3256 3257 2 201 1113 O 10
3257 3986 2 144 799 O 30
3261 3260 2 18 97 O 30
3260 3258 2 15 78 O 30
3260 3259 2 12 62 M 20
3820 3821 1 9 47 O 10
3821 3262 1 4 20 M 10
1152 3264 2 12 64 M 20
1631 1980 2 9 0 C 0
1980 2927 2 3 0 C 0
2927 1632 2 77 0 C 0
4396 2011 1 17 0 C 0
3363 920 1 5 23 O 10
5798 3363 1 4 18 M 10
3976 2447 2 86 475 O 30
2448 2447 1 24 133 M 10
4513 3331 2 22 118 O 20
3281 3280 1 10 51 O 30
2454 2455 2 14 72 O 10
3474 60 2 7 35 O 10
60 3294 2 5 25 O 30
3294 64 2 9 49 M 20
64 3293 2 27 146 O 20
3293 3292 2 21 113 O 20
1380 2348 2 175 0 C 0
2348 2347 2 127 0 C 0
2347 2346 2 61 0 C 0
97 3302 2 13 72 O 20
3059 3395 1 4 0 C 0
3395 5801 1 4 0 C 0
1493 1495 2 27 146 O 30
1850 1851 1 5 22 M 10
1851 2659 1 7 39 O 10
2037 3740 1 42 0 C 0
960 2044 1 31 0 C 0
3355 685 2 64 352 O 10
685 686 2 5 26 O 10
686 3356 2 10 52 O 10
3356 3542 2 12 67 O 20
3542 2823 2 37 202 O 10
1093 4297 2 2 9 M 20
2979 5245 2 4 19 O 10
5245 5241 2 6 30 O 30
5241 4939 2 3 11 O 20
4939 5243 2 2 8 M 20
5243 5239 2 1 5 O 10
5239 4937 2 3 12 O 20
4937 4935 2 2 9 O 10
4935 5247 2 3 13 O 30
5247 5249 2 2 6 M 20
5249 4933 2 3 16 M 30
4933 4931 2 2 6 O 30
4931 5252 2 6 30 O 20
5252 4929 2 1 4 O 20
4929 3834 2 7 36 O 30
3834 5254 2 1 4 M 20
5254 5256 2 6 30 M 20
5256 4905 2 3 16 O 30
4905 2978 2 1 3 O 20
2978 4907 2 4 19 O 20
4907 4909 2 4 20 O 30
4909 4911 2 1 5 O 10
4911 5165 2 3 13 O 20
5165 2977 2 6 33 O 20
1092 964 1 10 50 O 20
5844 2203 2 11 61 O 10
4223 3437 2 9 45 O 30
3439 3438 2 41 225 O 20
3440 5765 2 94 519 O 20
5765 3439 2 6 29 O 30
1854 3449 2 33 181 O 20
3450 2636 1 13 0 C 0
2636 3129 1 3 0 C 0
3129 3128 1 6 0 C 0
3128 213 1 31 0 C 0
213 3412 1 17 0 C 0
3412 3451 1 5 0 C 0
3451 3130 1 11 0 C 0
3130 3452 1 24 0 C 0
3452 2690 1 15 0 C 0
2227 3454 1 4 20 O 30
3454 2226 1 20 109 O 10
4386 1331 2 31 0 C 0
3200 3199 2 4 20 M 10
3199 3198 2 4 21 O 10
3198 5813 2 9 45 O 30
5813 3197 2 10 54 O 10
3538 968 1 19 0 C 0
1202 3538 1 7 0 C 0
1196 3539 1 8 0 C 0
2617 1196 1 68 0 C 0
3586 3590 2 16 88 M 10
3590 3587 2 4 21 O 20
3587 3588 2 9 47 O 10
3588 3589 2 20 111 M 30
3588 3590 2 5 23 M 30
3616 3615 1 11 61 O 10
1203 3269 1 12 0 C 0
3723 3727 2 12 61 O 20
3727 3724 2 23 127 O 10
3724 3726 2 63 350 O 20
3726 3725 2 12 62 O 30
3726 3727 2 3 12 O 10
3724 3732 2 20 106 M 30
3732 3729 2 10 55 O 10
3729 3730 2 50 276 O 30
3730 3728 2 5 26 O 20
3728 3729 2 3 15 O 10
3730 3731 2 4 19 O 10
3732 3733 2 8 39 O 30
3734 524 2 6 29 O 20
524 3040 2 16 84 O 10
3040 2667 2 9 49 O 10
3735 5662 2 16 86 M 30
5662 2832 2 1 3 O 10
2832 3835 2 25 135 M 20
3736 1778 2 1 4 O 10
1778 691 2 10 55 O 20
691 2801 2 10 54 O 30
3737 2985 2 10 54 O 30
2985 4287 2 15 78 O 20
4287 3736 2 3 11 O 10
965 2790 1 23 125 O 30
3738 2041 1 10 55 O 20
3739 3604 1 5 0 C 0
3740 3606 1 5 0 C 0
3606 2043 1 34 0 C 0
3605 2039 1 31 0 C 0
3604 3605 1 6 0 C 0
3754 3755 1 5 0 C 0
3755 3753 1 3 0 C 0
3753 3754 1 2 0 C 0
3004 2995 2 63 0 C 0
2995 3755 2 166 0 C 0
896 897 2 20 0 C 0
3820 4594 2 9 47 M 10
1604 3824 2 6 31 O 20
3823 4003 1 4 18 O 20
4003 713 1 5 23 O 10
713 715 1 18 100 O 10
715 3824 1 5 23 O 30
3824 714 1 5 23 M 30
714 5626 1 3 12 M 10
5626 5628 1 12 64 O 10
5628 712 1 5 24 O 20
712 3822 1 4 18 O 30
3822 3823 1 3 15 O 30
3825 4221 2 13 70 O 30
4221 2181 2 17 91 O 30
1423 1422 1 6 31 O 10
1422 3828 1 14 78 O 20
1708 5544 1 5 27 O 20
3914 4770 1 13 72 O 20
4770 3875 1 11 56 O 10
3914 3872 2 12 64 O 30
3872 2549 2 18 96 O 20
3154 3153 1 11 0 C 0
3153 3840 1 18 0 C 0
3840 3152 1 18 0 C 0
3152 3151 1 20 0 C 0
3841 3842 1 8 0 C 0
3178 3150 1 10 0 C 0
3149 3175 1 10 0 C 0
3175 3844 1 9 0 C 0
3843 3845 1 36 0 C 0
3844 3843 1 5 0 C 0
3845 3148 1 5 0 C 0
3148 3172 1 15 0 C 0
3146 3171 1 6 0 C 0
3846 3145 1 92 0 C 0
3849 3850 1 2 9 O 10
3850 3851 1 1 3 M 30
3851 3852 1 2 8 O 20
3852 3853 1 25 138 M 30
3855 5558 1 4 21 O 10
5558 3856 1 41 226 O 20
3856 3857 1 4 17 O 10
3858 3859 2 8 40 M 20
3859 3860 2 4 19 O 20
3861 5423 2 4 21 M 20
5423 5421 2 7 36 M 30
5421 3862 2 1 3 O 30
3862 5425 2 13 68 O 30
1408 3862 2 3 13 O 30
3864 5426 1 14 75 O 20
5426 5420 1 4 20 O 30
5420 3864 1 9 47 O 10
3865 3083 2 7 33 M 20
3866 3869 2 8 39 M 20
3869 3867 2 13 68 O 30
3867 3868 2 3 16 O 20
3868 3869 2 1 4 O 10
3870 3871 1 13 71 M 20
3114 1333 2 25 0 C 0
1333 1332 2 113 0 C 0
3885 3886 1 4 0 C 0
3884 3883 1 2 0 C 0
3883 3882 1 3 0 C 0
3882 3887 1 2 0 C 0
3887 3888 1 5 0 C 0
3888 3885 1 5 0 C 0
3889 3884 1 5 0 C 0
3886 3889 1 4 0 C 0
3894 3892 1 10 0 C 0
3892 3893 1 11 0 C 0
3893 4437 2 5 0 C 0
4437 4435 2 16 0 C 0
4435 4436 2 3 0 C 0
4436 3897 2 7 0 C 0
2362 4393 2 3 0 C 0
4393 4392 2 4 0 C 0
4392 3894 2 2 0 C 0
3888 3114 2 37 0 C 0
4502 1340 2 82 0 C 0
3951 3950 2 6 32 O 30
4076 3953 2 5 25 O 10
3953 645 2 30 165 O 20
645 4075 2 5 28 O 20
3955 3954 2 26 144 O 30
3954 5575 2 2 9 O 20
5575 2212 2 16 86 O 20
3957 1892 2 10 54 O 20
3945 3963 2 27 149 O 10
3962 3961 2 1 4 M 10
3961 3945 2 5 27 O 10
2499 3965 2 33 181 O 30
559 4214 2 46 252 M 30
3956 5576 2 24 131 O 20
5576 3955 2 20 110 M 20
3966 3968 1 50 275 O 10
3968 3967 1 35 193 O 20
3967 3966 1 17 94 O 10
2209 2216 2 20 108 O 10
2216 3968 2 1 5 O 30
3970 3969 2 7 33 O 10
3969 427 2 8 41 O 20
427 3956 2 60 330 O 10
3956 2212 2 15 78 O 30
3972 3971 2 12 63 O 20
3972 2224 2 8 40 O 20
3973 2479 2 13 68 O 10
382 2487 2 14 73 O 10
3980 3979 2 12 62 O 20
3981 2267 2 9 48 O 10
3983 1614 2 33 180 O 20
102 3985 2 64 351 O 20
4464 3394 2 13 0 C 0
3058 2629 1 4 0 C 0
1213 1214 1 2 0 C 0
3080 1274 1 6 0 C 0
1263 1421 2 6 0 C 0
603 4027 2 4 18 O 20
4027 4025 2 13 68 M 30
4027 601 2 7 35 O 10
601 4028 2 4 19 O 30
4029 4030 1 13 69 O 20
4029 4031 1 4 18 O 30
4031 4032 1 5 22 O 30
4030 4034 2 7 39 O 30
4034 4033 2 6 33 O 30
4034 4035 2 10 52 O 20
4035 609 2 1 3 O 30
609 4040 2 1 5 O 10
4035 604 2 8 44 O 20
604 606 2 5 25 O 10
606 4036 2 9 47 O 30
4037 4038 1 9 49 O 30
4038 4039 1 2 7 M 20
4039 4037 1 3 13 O 10
4040 4041 1 8 40 O 30
2734 2415 1 4 0 C 0
1540 2735 1 4 0 C 0
4373 1192 1 28 0 C 0
1738 343 1 129 0 C 0
343 2719 1 18 0 C 0
2434 464 1 25 0 C 0
2740 696 1 2 0 C 0
1077 205 1 94 0 C 0
1095 1105 1 9 47 M 10
1105 1702 1 14 76 O 10
4620 2032 1 4 0 C 0
2032 1207 1 1 0 C 0
1207 3021 1 4 0 C 0
3021 2033 1 2 0 C 0
3275 3311 1 10 0 C 0
2621 3309 1 16 0 C 0
2072 840 1 16 0 C 0
1629 2052 1 10 0 C 0
3165 844 1 9 0 C 0
4234 2938 2 124 0 C 0
2938 1418 2 25 0 C 0
1418 5389 2 57 0 C 0
4233 4234 2 8 0 C 0
2866 1276 1 12 0 C 0
2868 838 1 24 0 C 0
2089 4597 2 15 0 C 0
4597 2088 2 13 0 C 0
4409 2089 2 24 0 C 0
3147 3146 1 4 0 C 0
2076 4248 2 75 0 C 0
4248 2075 2 170 0 C 0
2071 841 1 17 0 C 0
2694 2010 1 14 0 C 0
1337 2694 1 37 0 C 0
1390 3015 1 2 0 C 0
2160 2391 2 48 265 O 20
2391 2392 2 171 947 O 10
1498 2160 2 37 204 O 30
91 2397 2 11 59 O 20
92 91 2 2 8 O 20
1343 2408 2 48 0 C 0
3305 4632 2 84 0 C 0
4632 2086 2 36 0 C 0
2078 2079 2 127 0 C 0
2556 4239 1 3 14 O 30
4239 4240 1 16 85 M 30
4240 455 1 4 18 O 10
452 4240 2 26 142 O 20
4287 4288 2 10 53 M 10
4289 683 2 5 26 O 30
3562 1708 1 3 11 O 30
4301 4302 1 8 39 O 30
4302 4303 1 1 4 O 10
4303 4304 1 4 22 O 20
4304 4305 1 5 26 O 10
4306 4302 1 4 21 O 10
2905 4307 2 9 45 O 10
4307 4308 2 3 15 O 10
4307 4309 2 12 62 O 20
4310 4311 2 6 28 M 10
4313 4314 2 5 23 O 10
4314 4315 2 5 26 O 10
4315 4316 2 5 24 O 30
4314 4317 2 4 21 O 30
4318 4319 2 3 12 O 10
4319 4703 2 4 18 M 20
4703 4320 2 9 47 O 10
1347 4328 1 4 21 O 10
4322 4323 2 2 8 O 10
4323 4327 2 1 3 O 10
4325 4326 1 3 13 O 20
4328 4326 2 6 31 O 20
4329 4330 2 19 104 O 30
2898 4331 1 8 43 O 20
4331 338 1 9 46 O 20
338 4332 1 9 45 O 10
2304 4331 1 4 19 O 10
3179 2070 1 11 0 C 0
1306 522 1 52 0 C 0
522 1427 1 10 0 C 0
2615 308 1 15 0 C 0
308 307 1 4 0 C 0
464 1039 1 4 0 C 0
3268 2434 1 10 0 C 0
4334 3417 1 2 10 O 30
3417 4335 1 2 9 O 10
4336 4337 1 2 10 O 10
4338 4336 1 2 9 O 10
4339 3418 1 2 9 O 30
3421 4339 1 2 10 M 10
2358 1291 1 41 0 C 0
1373 1374 1 3 0 C 0
2861 2628 1 6 0 C 0
2576 5796 1 18 0 C 0
5796 5797 1 5 0 C 0
5797 2055 1 18 0 C 0
4341 3007 1 78 0 C 0
3007 2592 1 184 0 C 0
2592 212 1 31 0 C 0
905 1086 1 81 0 C 0
2371 2370 2 34 0 C 0
3018 1433 1 8 0 C 0
3829 2790 1 5 22 O 10
2618 3315 1 22 0 C 0
3645 3250 1 12 0 C 0
470 1138 1 46 0 C 0
1138 4468 1 18 0 C 0
4468 3006 1 323 0 C 0
4432 4343 1 18 0 C 0
1037 2914 1 11 0 C 0
3068 2915 1 28 0 C 0
2602 2254 2 2 11 O 10
4395 2647 1 15 83 M 20
926 5455 1 8 42 O 10
1112 4574 2 7 37 M 20
2266 2268 1 33 180 O 30
1392 1391 1 1 0 C 0
1109 931 1 17 91 M 10
3310 4372 2 31 0 C 0
2870 3112 1 23 0 C 0
3112 3117 1 10 0 C 0
3117 231 1 27 0 C 0
1736 4373 1 9 0 C 0
4367 1438 1 31 0 C 0
4368 1395 1 31 0 C 0
560 564 1 4 0 C 0
564 2872 1 50 0 C 0
4374 1478 2 4 20 O 10
2626 4701 2 21 112 O 10
4701 4699 2 4 22 O 10
4699 4369 2 6 31 O 10
942 1472 1 3 16 O 10
1472 1479 1 3 16 O 20
1479 1475 1 4 18 O 30
3349 1100 1 22 121 M 10
2046 2040 1 22 0 C 0
4377 4376 2 4 22 O 20
2655 1618 1 12 62 O 10
1615 1481 1 8 39 O 10
1622 1711 1 13 67 O 30
4379 2654 1 9 45 O 20
1618 4379 1 14 76 O 30
1711 4555 1 29 159 O 30
4555 5748 1 44 242 O 30
5748 4383 1 2 10 M 30
4383 2557 1 25 134 O 20
2557 4371 1 7 36 O 20
1481 4378 1 5 24 O 20
4378 4440 1 15 80 M 10
4440 4443 1 12 65 O 30
4443 3382 1 1 3 O 20
4380 1615 1 23 127 O 30
942 4370 1 26 142 O 10
4383 4382 1 15 81 O 20
4382 2557 1 13 69 M 30
2616 2611 1 18 0 C 0
307 317 1 13 0 C 0
317 1203 1 4 0 C 0
2913 1278 1 9 0 C 0
848 2913 1 12 0 C 0
4384 640 1 4 0 C 0
1273 5800 1 10 0 C 0
4358 638 1 15 0 C 0
1214 1273 1 6 0 C 0
1272 3045 1 5 0 C 0
1071 1067 1 7 0 C 0
1332 5669 2 28 0 C 0
5669 4386 2 20 0 C 0
1330 1336 2 6 0 C 0
1336 4387 2 7 0 C 0
1342 4389 2 16 0 C 0
4389 1308 2 3 0 C 0
1308 2090 2 30 0 C 0
2093 3140 2 11 0 C 0
3140 4388 2 8 0 C 0
2365 2165 2 7 0 C 0
4390 2621 1 14 0 C 0
2562 2620 1 13 0 C 0
463 2562 1 11 0 C 0
4391 3275 1 16 0 C 0
2856 1045 2 10 0 C 0
1687 2854 1 5 0 C 0
2854 2344 1 15 0 C 0
2736 385 1 43 0 C 0
1069 2734 1 9 0 C 0
2415 2738 1 5 0 C 0
2737 1540 1 11 0 C 0
4397 1740 1 25 0 C 0
1739 2627 1 10 0 C 0
2251 2250 2 9 47 M 20
2254 4306 1 7 33 O 30
4306 4305 1 5 26 O 30
4305 4395 1 38 210 O 10
4301 975 2 4 18 O 10
975 2255 2 4 20 O 30
1113 1149 1 61 338 O 30
1107 1095 1 21 113 O 10
3581 2432 1 13 0 C 0
2432 3136 1 22 0 C 0
3133 1677 1 13 0 C 0
1677 825 1 3 0 C 0
3211 4396 1 11 0 C 0
3958 656 1 15 0 C 0
656 657 1 6 0 C 0
657 3265 1 12 0 C 0
3265 2056 1 7 0 C 0
2059 2358 1 28 0 C 0
3215 2576 1 21 0 C 0
4417 4397 1 19 0 C 0
4419 3566 1 17 0 C 0
1307 2615 1 93 0 C 0
1039 2614 1 10 0 C 0
3226 328 1 109 0 C 0
328 2580 1 71 0 C 0
2070 3139 1 4 0 C 0
2069 2072 1 27 0 C 0
1027 3183 1 16 0 C 0
3139 3180 1 7 0 C 0
3181 3156 1 10 0 C 0
3095 3182 1 56 0 C 0
4503 3165 1 68 0 C 0
846 3176 1 10 0 C 0
3176 3161 1 12 0 C 0
3163 3174 1 8 0 C 0
3171 3846 1 14 0 C 0
3172 3147 1 13 0 C 0
3164 3163 1 4 0 C 0
3173 3164 1 12 0 C 0
1240 1818 2 38 207 O 10
1818 1819 2 13 70 O 10
1819 1820 2 20 107 O 10
1821 1822 2 16 0 C 0
1822 1823 2 40 219 O 30
1823 1240 2 18 97 O 30
4399 1817 2 5 24 O 30
2606 1425 1 9 0 C 0
1490 2607 1 12 0 C 0
2002 1487 1 14 0 C 0
1284 2935 1 14 0 C 0
1375 819 1 42 0 C 0
819 1295 1 58 0 C 0
1296 1376 1 77 0 C 0
3426 3237 1 32 0 C 0
4400 4460 1 51 0 C 0
4460 4461 1 11 0 C 0
4461 1306 1 22 0 C 0
2614 4400 1 17 0 C 0
4401 955 1 20 0 C 0
1288 3078 1 27 0 C 0
1663 3064 1 29 0 C 0
2867 1665 1 14 0 C 0
1666 4402 1 17 0 C 0
1279 1690 1 65 0 C 0
1660 3135 1 37 0 C 0
3539 1742 1 64 0 C 0
2619 2342 1 27 0 C 0
2342 3313 1 18 0 C 0
3314 4406 2 7 0 C 0
4406 4407 2 9 0 C 0
4407 4408 2 9 0 C 0
4408 4493 2 51 0 C 0
3312 4403 1 37 0 C 0
5395 1416 1 4 0 C 0
3218 1401 1 29 0 C 0
1292 3218 1 5 0 C 0
1400 1290 1 34 0 C 0
5710 3109 1 13 0 C 0
1260 5705 1 18 0 C 0
1866 2692 1 74 0 C 0
2091 4409 2 26 0 C 0
2972 2091 2 32 0 C 0
1421 1264 2 3 0 C 0
2912 1283 1 5 0 C 0
1429 2912 1 23 0 C 0
4411 4412 2 9 45 O 20
3423 2413 1 34 0 C 0
2588 5680 1 4 0 C 0
1081 1334 1 73 0 C 0
2767 3063 1 34 0 C 0
1283 4413 1 7 0 C 0
837 2679 1 20 0 C 0
1670 4414 1 11 0 C 0
2711 3602 1 130 721 O 10
2790 2711 1 13 71 O 30
1426 1365 1 26 0 C 0
1428 4495 1 1 0 C 0
2580 1428 1 21 0 C 0
1257 1264 2 2 0 C 0
4438 4439 2 3 14 O 30
4440 4441 2 5 23 O 20
4441 4442 2 5 22 O 30
4442 4443 2 5 27 O 20
4441 4444 2 4 20 O 30
4444 4442 2 2 6 O 20
4445 4446 2 11 56 O 10
4446 4447 2 4 19 O 30
4448 2583 2 57 311 O 10
2583 2584 2 32 178 O 30
2584 2585 2 2 8 O 20
4449 4448 1 3 12 O 20
4452 4453 2 6 32 O 10
4454 4455 2 96 531 O 10
4456 4457 2 7 34 M 20
4463 1637 2 1 0 C 0
1849 3054 2 26 0 C 0
3054 1635 2 32 0 C 0
1637 1636 2 1 0 C 0
4351 4716 2 2 0 C 0
4716 4463 2 4 0 C 0
2040 4467 1 17 0 C 0
4467 4466 1 7 0 C 0
3603 4621 1 8 0 C 0
4469 4470 2 8 44 O 30
4545 4474 2 5 26 O 30
4474 4473 2 11 59 O 10
4474 4475 2 2 10 O 10
4488 4489 2 11 56 M 20
1657 1369 1 14 0 C 0
1369 1193 1 53 0 C 0
4491 4490 1 2 0 C 0
4490 1541 1 23 0 C 0
4493 1029 1 2 0 C 0
4492 2618 1 47 0 C 0
4105 4504 2 7 36 M 30
4504 4505 2 5 23 O 20
4504 4506 2 11 59 O 20
4507 873 2 3 11 O 30
873 785 2 17 90 O 30
4508 4509 2 4 20 O 30
4513 2448 1 6 30 O 10
4514 2453 2 61 338 M 30
2453 3291 2 17 93 O 30
4173 5717 2 3 15 O 10
5717 4156 2 14 76 O 10
4516 4517 2 3 13 O 30
4518 5730 2 9 48 O 10
5730 4519 2 6 32 O 30
3188 4522 2 2 8 O 10
4522 4521 2 8 44 O 30
3033 540 2 16 85 O 20
540 4523 2 4 18 O 10
4524 4525 2 39 212 O 20
4526 4244 2 13 70 O 20
4527 4528 2 25 138 O 20
4529 4530 2 11 58 O 30
4530 4531 2 24 131 O 10
4530 4532 2 8 42 O 20
4533 4534 2 17 89 O 20
4535 4536 2 12 65 O 20
1229 4537 2 9 47 O 20
4539 4540 1 6 29 O 10
4540 4541 1 2 11 O 10
4541 4539 1 4 17 O 30
4542 4543 2 13 68 O 30
3240 4456 2 11 58 O 30
4456 4116 2 23 125 O 20
4107 4548 2 6 29 O 20
4548 4546 2 21 114 O 20
4547 4548 2 5 25 O 20
2018 4550 2 8 39 O 20
4550 4549 2 2 8 O 10
4552 4553 2 2 8 O 30
4554 4555 2 34 185 O 10
4124 4557 2 5 22 O 30
4115 4558 2 18 97 O 20
4558 2016 2 84 461 O 10
4558 4559 2 2 7 O 30
4561 4562 2 17 91 O 20
4563 4564 2 17 92 O 10
4264 4265 1 3 16 O 30
2126 4264 1 23 123 O 10
4264 2127 1 4 19 O 10
4569 4570 2 20 109 O 20
4571 5634 2 3 15 O 30
5634 4572 2 36 200 O 30
4577 1171 2 8 43 O 20
4581 4580 2 2 11 M 30
4580 2286 2 3 14 O 20
2284 2287 2 37 201 O 30
2289 5762 1 13 69 O 20
5762 2290 1 24 131 M 30
2290 2289 1 37 201 O 10
2288 1235 2 12 63 O 30
1235 2289 2 3 15 O 30
2288 2287 1 28 155 O 10
2287 4582 1 27 145 O 10
4582 2288 1 2 10 O 20
4585 4586 2 16 86 O 10
4587 4589 2 9 48 M 30
4589 3900 2 8 43 O 20
4588 4589 2 3 17 M 10
3262 820 1 7 39 O 10
820 822 1 2 9 O 20
822 3820 1 1 2 O 30
3821 4595 2 11 60 O 30
4601 805 1 1 0 C 0
805 4602 1 2 0 C 0
4602 806 1 1 0 C 0
4604 4605 2 16 88 M 10
4126 4606 1 10 51 O 10
4606 4605 1 4 18 M 30
4605 4603 1 11 60 O 10
4608 4606 1 11 60 M 20
4614 4611 2 13 68 O 20
2099 4615 2 16 85 O 20
1914 4616 2 4 20 O 30
4617 3445 2 5 27 O 30
3503 3504 2 22 118 O 20
2263 4618 2 13 67 O 10
4624 4623 1 5 26 O 30
4623 4625 1 5 24 O 30
3483 4626 2 10 54 O 20
3346 4613 2 27 146 O 10
4613 4244 2 19 104 O 30
4244 2116 2 30 161 O 30
2116 3347 2 48 264 O 30
3347 4628 2 11 61 O 20
4627 4628 1 12 65 O 20
4628 4629 1 6 30 M 20
4629 4627 1 6 31 O 30
2140 2141 2 10 52 O 30
2180 4631 2 3 13 O 10
4385 3305 2 35 0 C 0
4633 5708 2 1 5 O 10
5708 4636 2 2 10 O 20
4636 4634 2 69 379 O 10
4634 2252 2 20 109 O 10
4635 4636 2 3 12 O 30
4637 4638 2 15 79 O 30
2252 4639 2 10 52 O 10
3493 4645 1 6 33 O 20
4649 937 1 72 398 O 20
2884 4649 1 16 88 O 20
4651 4652 2 9 45 O 30
4655 4654 2 10 54 O 10
4655 4656 1 12 65 O 20
4656 4520 1 3 13 M 10
4653 4655 1 3 17 O 10
4656 4657 1 9 49 O 20
4658 4659 2 3 15 O 10
4659 924 2 3 11 O 30
4660 4661 2 17 91 O 30
4663 3326 2 11 57 O 30
4664 2467 2 10 55 O 10
2823 2818 2 23 123 O 10
2818 1580 2 3 13 O 10
1580 3357 2 6 31 O 30
3357 2830 2 41 226 M 30
4667 5382 1 14 72 O 30
5382 5384 1 22 120 M 10
5384 4668 1 14 75 O 20
703 4669 2 9 46 O 20
4670 4671 2 8 40 O 30
4672 4673 2 11 56 M 20
4674 4675 2 9 47 O 30
3591 4676 2 10 54 O 30
4679 790 2 8 42 M 10
790 4680 2 4 20 O 30
4681 4684 2 4 19 O 30
4684 4682 2 5 26 O 20
4683 4684 2 6 29 O 10
4686 3601 2 6 32 O 20
3601 3524 2 9 47 O 30
3524 2843 2 3 14 O 20
2843 3525 2 2 7 M 20
3525 693 2 2 9 O 10
693 2428 2 19 105 O 10
2428 3207 2 43 238 M 10
4685 4686 1 38 210 M 20
4686 4687 1 24 132 O 20
4687 4685 1 14 76 O 30
4680 4688 2 43 234 M 20
3634 4063 1 10 55 M 20
3643 3634 1 10 53 M 10
3410 3636 1 4 21 M 10
3636 3642 1 4 19 M 30
4064 3410 1 8 41 O 30
3635 4066 1 4 22 O 10
4065 3635 1 4 17 O 10
1646 2796 2 27 146 O 20
2822 1762 2 12 67 O 30
1762 1761 2 22 122 O 30
1761 1714 2 15 78 O 20
1714 1852 2 9 48 O 20
1852 2836 2 40 220 O 20
3354 2828 2 31 170 O 20
2828 2830 2 39 214 O 20
2797 740 2 9 47 O 30
740 2987 2 1 4 M 30
3756 5404 2 9 48 O 20
5404 1776 2 13 68 O 30
1776 1558 2 22 119 O 10
1558 2787 2 2 6 M 10
4691 3556 2 2 6 O 30
4692 4693 2 10 53 O 20
4328 4322 2 1 3 O 20
4327 4324 1 3 14 O 30
4326 4327 2 4 19 O 10
4694 4325 2 14 74 M 10
4325 4324 2 6 29 O 20
4324 1348 2 21 114 M 30
4695 4696 2 17 89 O 20
4697 4698 2 9 48 O 10
4699 4700 2 8 39 M 10
4700 4701 2 6 32 O 30
4702 4522 2 11 61 M 10
4319 5378 1 6 31 O 30
5378 4703 1 5 26 O 20
4704 4705 2 5 23 M 30
4706 4707 2 7 39 O 30
4708 4709 2 8 39 O 10
4718 4719 2 3 17 O 30
4720 4722 2 5 25 O 20
4722 4721 2 4 18 O 30
4722 4723 2 2 8 O 30
4724 4725 2 4 19 O 30
4726 4727 2 4 17 O 20
4728 4729 2 4 17 O 30
4730 4731 2 3 12 O 20
4732 4733 2 3 15 M 30
4734 4735 2 3 16 O 10
4736 4737 2 5 23 O 20
4738 4739 2 4 19 O 20
4740 4741 2 5 22 O 30
4742 4743 2 6 33 O 10
4744 4745 2 5 24 O 30
4748 4749 2 3 15 O 10
4750 4751 2 21 116 O 20
4753 4755 2 7 39 O 30
4755 4754 2 35 192 M 20
4755 4756 2 3 13 O 10
4757 4758 2 29 159 O 10
4759 4760 2 3 15 M 20
4760 4762 2 6 28 O 20
4762 4761 2 3 15 O 10
4760 724 2 1 4 O 30
724 4762 2 6 33 O 30
3776 4763 2 16 84 M 30
4764 4765 2 2 9 M 30
4766 4767 2 2 10 O 10
4768 4769 2 14 74 O 10
4771 4772 2 5 24 O 20
4773 4774 2 5 27 O 30
4775 4776 2 5 23 M 10
4777 4778 2 5 24 O 30
4779 4780 2 4 19 O 10
4781 4782 2 5 25 O 20
4781 4783 2 3 16 O 20
4784 4785 2 4 18 O 30
4786 4787 2 3 17 O 20
4788 4789 2 4 18 M 10
4790 4791 2 2 11 O 20
4792 4793 2 4 19 M 20
4794 4795 2 3 15 O 20
4796 4797 2 5 23 O 10
4798 4799 2 5 25 O 10
4800 4801 2 4 17 M 30
4802 4803 2 4 19 O 10
4804 4805 2 3 15 O 20
4806 4807 2 5 26 O 10
4808 4809 2 3 16 O 10
4810 4811 2 4 19 O 30
4812 4813 2 3 16 O 20
4814 4815 2 3 13 O 30
4816 4817 2 6 30 O 10
4818 4819 2 3 16 O 20
4820 4821 2 3 15 M 30
4822 4823 2 6 31 O 30
4824 4825 2 4 17 O 20
4826 4827 2 4 21 O 10
4828 4829 2 4 18 O 10
4830 4831 2 4 22 M 20
4832 4833 2 3 15 O 20
4834 4835 2 6 29 M 20
4836 4837 2 6 28 O 10
4838 4839 2 4 20 O 10
2799 4840 2 4 20 O 30
4841 4842 2 3 17 M 10
4843 4844 2 4 20 O 20
4845 4846 2 3 15 O 10
4847 4848 2 3 15 O 30
4849 4850 2 3 14 O 10
4851 4852 2 3 15 O 20
4853 4854 2 6 32 O 30
4855 4856 2 3 16 O 30
4857 4858 2 7 39 O 20
4859 4860 2 6 30 M 20
4861 4862 2 4 20 O 10
4863 4864 2 5 23 O 20
4865 4866 2 4 19 O 30
4867 4868 2 4 20 O 10
4869 4870 2 4 18 O 20
4871 4872 2 4 20 O 30
4873 4874 2 8 40 M 20
4875 4876 2 3 13 O 20
4878 4879 2 4 21 M 20
4880 4881 2 3 16 O 20
4877 4882 2 3 16 O 20
4883 4884 2 4 21 O 20
4885 4886 2 4 20 M 20
4887 4888 2 4 17 O 30
4889 4890 2 4 22 O 30
4891 4892 2 5 27 O 30
4893 4894 2 5 25 O 20
4895 4896 2 4 18 O 20
4897 4898 2 9 46 M 30
4899 4900 2 3 16 O 20
4901 4902 2 2 11 O 20
4903 4904 2 3 14 O 20
4905 4906 2 6 28 O 30
4907 4908 2 7 34 M 30
4909 4910 2 4 20 M 20
4911 4912 2 4 18 O 10
4913 4914 2 3 12 M 10
4915 4916 2 3 17 O 10
4917 4918 2 5 27 O 10
4919 4920 2 4 17 M 20
4921 4922 2 11 59 O 10
4923 4924 2 4 18 M 20
4925 4926 2 6 32 O 20
4927 4928 2 3 16 O 20
4929 4930 2 3 15 O 10
4931 4932 2 4 18 O 30
4933 4934 2 3 16 O 20
4935 4936 2 4 17 O 20
4937 4938 2 3 16 O 10
4939 4940 2 4 18 O 10
4941 4942 2 3 16 O 10
4943 4944 2 3 16 O 10
4945 4946 2 3 13 O 20
4947 4948 2 5 26 O 20
3838 4949 2 10 52 O 30
3838 4950 2 4 21 O 30
4951 4952 2 6 31 O 20
3283 4953 2 5 24 O 10
4954 4955 2 3 15 M 30
4956 4957 2 4 20 O 20
4958 4959 2 3 14 M 20
3432 4960 2 4 18 O 10
4961 4962 2 3 12 O 10
4963 4964 2 3 12 M 20
4965 4966 2 3 16 O 10
4967 4968 2 4 19 O 30
4969 4970 2 4 21 O 10
4971 4972 2 4 21 O 20
4969 4973 2 4 18 O 10
4974 4975 2 4 17 O 20
4976 4977 2 3 16 M 30
4978 4979 2 4 17 O 10
4980 4981 2 4 18 O 20
4982 4983 2 4 20 O 20
4984 4985 2 5 23 O 20
4986 4987 2 4 19 O 30
4988 4989 2 12 66 O 10
4990 4991 2 4 20 O 20
4992 4993 2 4 17 O 10
4572 4994 2 4 19 O 30
4995 4996 2 3 14 M 10
4997 4998 2 4 17 O 20
4999 5000 2 5 23 O 30
4999 5001 2 3 12 O 30
5002 5003 2 4 17 M 30
5004 5005 2 6 28 O 20
5006 5007 2 3 16 O 20
5008 5009 2 5 24 O 30
5010 5011 2 4 20 O 10
5012 5013 2 4 17 O 10
5014 5015 2 3 14 M 30
5016 5017 2 6 28 O 20
5018 5019 2 2 11 O 20
3508 5020 2 3 13 M 20
3509 5021 2 3 12 O 10
2839 5022 2 3 14 O 20
3510 5023 2 3 14 O 20
3510 5024 2 3 13 O 20
5025 5026 2 3 11 M 20
5025 5027 2 3 13 O 10
3832 5028 2 2 6 O 30
5029 5030 2 5 23 M 10
5031 5032 2 4 20 O 30
5033 5034 2 3 16 O 30
5035 5036 2 3 15 O 20
5037 5038 2 3 16 O 10
5039 5040 2 3 17 O 10
5041 5042 2 4 21 O 30
5043 5044 2 4 22 O 30
5045 5046 2 3 14 O 20
5047 5048 2 2 10 O 20
5049 5050 2 4 20 M 20
5051 5052 2 4 20 O 10
5053 5054 2 3 14 O 20
5055 5056 2 3 12 O 20
5057 5058 2 3 15 O 30
5059 5060 2 3 15 O 20
5061 5062 2 3 15 O 10
5063 5064 2 3 15 O 30
5065 5066 2 3 13 O 10
5067 5068 2 5 24 O 30
5069 5070 2 3 12 O 20
3519 5071 2 4 18 O 20
5072 5073 2 3 15 O 30
5074 5075 2 3 15 O 30
5076 5077 2 3 13 O 30
5072 5078 2 4 17 O 10
5079 5080 2 6 30 O 10
5081 5082 2 3 14 O 30
5083 5084 2 3 13 M 20
3511 5085 2 3 13 O 30
3520 5086 2 3 15 O 30
3512 5087 2 3 12 O 30
5088 5089 2 3 13 M 10
5090 5091 2 6 31 O 10
5092 5093 2 5 24 M 30
5094 5095 2 7 33 M 30
5096 5097 2 6 31 O 30
5098 5099 2 5 22 O 30
5100 5101 2 3 16 O 10
5102 5103 2 2 11 O 10
5104 5105 2 3 15 O 30
4997 5106 2 3 16 O 20
5107 5108 2 4 19 O 10
5109 5110 2 12 62 O 30
5111 5112 2 3 15 O 20
5113 5114 2 28 151 O 10
5115 5116 2 3 16 O 10
5117 5118 2 5 26 O 30
5119 5120 2 6 29 O 30
5121 5122 2 5 26 M 10
5123 5124 2 5 23 O 10
5125 5126 2 4 21 M 30
5127 5128 2 3 15 O 20
3517 5129 2 3 13 M 30
5127 5130 2 2 10 O 30
5131 5132 2 3 12 M 10
3516 5133 2 3 15 O 10
3837 5134 2 3 15 O 30
5135 5136 2 3 13 O 30
3515 5137 2 3 13 M 30
5138 5139 2 3 13 M 30
5140 5141 2 3 13 O 10
5142 5143 2 2 8 O 20
5144 5145 2 3 14 O 30
5146 5147 2 2 10 O 20
5148 5149 2 3 16 O 30
5150 5151 2 3 14 O 10
5152 5153 2 3 11 O 30
5154 5155 2 3 14 O 30
5156 5157 2 5 23 O 20
5152 5158 2 4 22 O 30
5159 5160 2 4 17 O 30
5161 5162 2 3 13 M 30
5163 5164 2 3 13 M 20
5165 5166 2 3 16 O 20
4909 5167 2 3 15 O 30
5168 5169 2 4 18 O 10
5170 5171 2 3 12 O 10
5172 5173 2 3 13 M 10
5174 5175 2 4 19 M 30
5176 5177 2 2 10 M 10
5178 5179 2 2 10 O 30
5172 5180 2 2 11 M 20
5181 5182 2 4 20 M 30
5183 5184 2 3 11 O 30
5185 5186 2 2 10 M 20
5187 5188 2 4 17 M 10
5189 5190 2 2 10 O 10
5191 5192 2 3 15 O 30
5193 5194 2 2 11 O 30
5195 5196 2 4 17 M 10
3447 5197 2 4 17 O 10
3447 5198 2 3 14 O 20
5199 5200 2 6 32 O 30
5201 5202 2 4 19 O 20
5203 5204 2 6 29 O 30
5205 5206 2 4 21 O 10
5207 5208 2 4 20 O 20
5209 5210 2 4 18 O 10
5211 5212 2 4 21 O 30
5213 5214 2 6 29 O 20
5215 5216 2 4 17 O 30
5217 5218 2 4 18 O 10
5219 5220 2 3 14 M 20
5221 5222 2 3 14 O 20
5223 5224 2 3 14 O 30
5225 5226 2 3 11 O 10
5227 5228 2 3 12 M 30
5229 5230 2 2 9 O 10
5231 5232 2 3 12 O 30
5233 5234 2 5 22 M 10
5235 5236 2 4 20 O 30
5237 5238 2 4 18 M 30
5239 5240 2 6 32 O 20
5241 5242 2 3 16 M 20
5243 5244 2 4 20 O 10
5245 5246 2 4 17 M 30
5247 5248 2 4 20 O 20
5249 5250 2 5 23 O 30
4931 5251 2 4 18 O 10
5252 5253 2 8 44 M 20
5254 5255 2 6 30 O 20
5256 5257 2 4 22 O 30
5258 5259 2 37 203 O 20
4137 4138 2 2 7 O 30
5260 5261 2 6 30 O 30
5262 5263 2 32 175 M 20
5263 5264 2 3 13 O 20
5265 5266 2 3 14 O 10
5266 5263 2 35 191 O 20
5266 2324 2 11 58 O 30
5267 5268 2 3 16 O 30
2326 2323 2 25 136 O 30
5269 5270 2 36 199 M 10
2325 5265 2 4 22 O 20
5265 770 2 16 84 M 20
770 5684 2 15 83 O 10
5684 5264 2 8 40 O 20
5264 2539 2 11 57 O 30
2539 5262 2 22 121 O 20
5262 5258 2 9 49 M 30
5269 2335 2 22 121 O 30
2335 5270 2 13 69 M 10
5270 5271 2 7 34 O 20
5272 2320 2 11 57 O 20
2400 5274 2 38 206 M 20
5274 3912 2 2 8 M 30
3912 5272 2 29 160 O 10
2400 3249 2 6 29 O 10
3249 5275 2 8 40 O 30
5276 5278 2 3 14 O 30
5278 5277 2 4 20 M 10
5278 5279 2 4 18 O 20
3564 3621 2 4 17 M 30
5280 5281 2 11 58 M 10
5282 5283 2 20 107 O 20
3468 1909 2 2 9 O 20
5284 5285 2 6 32 O 30
4277 729 2 7 36 O 10
729 5286 2 11 57 O 20
5286 5287 2 4 19 M 30
5286 324 1 19 104 O 30
324 5288 1 2 10 M 20
5289 5290 2 10 51 O 20
5290 5298 2 32 177 O 10
5298 5296 2 5 26 O 10
5290 5294 2 4 21 O 20
5294 5292 2 7 34 M 30
5292 5291 2 21 116 M 30
5292 5293 2 4 18 M 20
5294 5295 2 3 12 O 20
5297 5298 2 8 42 O 30
2195 5302 2 29 161 M 30
3378 4568 1 12 62 O 30
5304 5307 2 9 45 O 10
5307 5305 2 6 30 O 20
5306 5307 2 4 20 M 10
5306 5308 2 5 26 M 20
5309 5304 2 3 16 O 10
5304 5310 2 3 13 M 30
5311 5320 2 34 186 O 30
5320 5314 2 4 19 O 30
5314 5315 2 5 25 O 20
5315 5317 2 3 12 M 10
5317 5312 2 3 11 O 20
5312 5313 2 1 1 O 20
5313 5314 2 3 17 O 20
5315 5316 2 4 19 O 30
5317 5318 2 3 14 O 30
5319 5312 2 3 14 O 20
5313 5320 2 6 30 M 20
5321 5322 2 5 22 O 30
5323 5324 2 4 18 O 10
5324 5325 2 7 34 O 30
5326 5327 2 11 56 M 10
5328 5329 2 4 20 O 30
5330 5331 2 11 60 O 30
5324 5332 2 6 33 O 20
5333 5334 2 5 23 O 20
5335 5336 2 10 51 M 30
5337 5338 2 4 17 O 20
5339 5340 2 4 19 O 20
5341 5342 2 3 16 O 30
5343 5344 2 10 53 M 30
5345 5346 2 4 19 O 10
5347 5348 2 4 21 O 10
5349 5350 2 8 42 O 10
5351 5352 2 4 21 O 10
5353 5354 2 4 18 O 20
5355 5356 2 3 14 O 30
5357 5358 2 4 18 O 20
5359 5360 2 4 19 O 30
5361 5362 2 5 27 O 20
5363 5364 2 4 21 O 20
5365 5366 2 4 20 O 30
5367 5368 2 3 16 O 20
5369 5370 2 5 25 O 10
5367 5371 2 4 20 M 30
5372 5373 2 4 20 O 20
5377 5376 2 3 11 O 20
5376 2295 2 2 10 M 20
5380 5381 1 10 50 O 30
5382 5383 1 13 67 O 30
5383 5384 1 7 35 O 10
5385 5386 2 27 145 O 30
5385 5387 2 7 35 M 10
2404 1130 2 159 0 C 0
1130 1127 2 13 0 C 0
1127 1351 2 147 0 C 0
1351 632 2 164 0 C 0
632 634 2 21 0 C 0
634 633 2 21 0 C 0
633 1350 2 7 0 C 0
1350 5686 2 69 0 C 0
5389 2404 2 9 0 C 0
3811 3812 2 23 123 O 30
3812 3814 2 15 81 O 10
3814 3816 2 16 84 O 30
3818 3811 2 9 46 O 20
4434 2362 2 11 0 C 0
5394 5393 1 24 0 C 0
5393 5392 1 12 0 C 0
4434 5394 1 18 0 C 0
5392 2973 1 16 0 C 0
5394 1329 2 2 0 C 0
5390 70 1 6 0 C 0
70 2426 1 11 0 C 0
2426 69 1 3 0 C 0
69 5395 1 1 0 C 0
5396 5397 2 8 43 O 10
5397 5398 2 4 20 O 20
2178 1194 1 3 0 C 0
4498 1303 1 3 0 C 0
4497 4375 1 13 0 C 0
4375 2060 1 12 0 C 0
4496 4497 1 3 0 C 0
1297 4499 1 2 0 C 0
1327 5400 2 17 0 C 0
5401 2427 1 23 0 C 0
1416 1417 1 34 0 C 0
5402 5403 2 110 607 O 20
5405 5404 2 9 46 O 30
5406 5405 1 4 18 O 10
5405 1057 1 7 38 O 30
5407 5408 2 4 21 O 20
5409 5410 2 6 29 O 10
5410 5411 2 3 16 O 20
4579 5786 2 5 26 M 30
5786 5784 2 2 9 O 20
5784 2486 2 18 99 M 20
4360 2245 2 30 162 O 30
2245 780 2 11 57 O 20
780 2246 2 149 824 O 30
2246 4005 2 2 11 O 30
4005 5415 2 21 116 M 10
5415 5414 2 2 9 O 20
3616 3378 1 3 15 O 10
5416 5419 2 4 21 O 20
5419 5417 2 10 53 O 20
5417 5418 2 4 22 O 30
5418 5419 2 6 32 O 10
4494 4492 1 6 0 C 0
3083 3092 1 9 47 O 30
3863 3864 2 3 12 O 20
5421 5422 2 4 21 O 30
5423 5424 2 6 31 O 30
5427 5429 2 4 22 M 10
5429 5432 2 9 49 O 10
5432 5430 2 14 74 O 20
5430 5428 2 5 26 M 20
5429 5430 2 17 90 O 10
5431 5432 2 5 22 O 10
5433 5434 2 5 23 O 30
5435 5436 2 5 23 O 10
5437 5438 2 23 127 O 30
5438 5439 2 6 30 O 10
5440 5438 2 3 13 O 20
5441 5442 2 12 64 O 30
5443 1412 2 5 27 O 30
5483 5488 1 1 3 O 10
5488 5485 1 15 79 O 20
5485 5484 1 1 3 O 30
5444 5445 2 9 50 M 10
5446 5447 2 10 55 O 30
5448 5449 2 10 51 O 20
5450 5451 2 13 71 O 10
5452 4542 2 21 116 O 10
5453 5454 2 8 41 O 30
5456 5457 2 11 61 O 30
5458 5461 2 3 16 O 20
5461 5459 2 6 29 O 10
5460 5461 2 6 32 O 20
5462 5463 2 7 35 O 30
5464 5465 2 10 51 O 30
5466 5467 2 10 53 O 20
5468 1383 1 142 0 C 0
5469 203 1 275 0 C 0
5470 2763 1 317 0 C 0
5471 658 1 188 0 C 0
5472 5473 2 13 69 O 30
4556 5474 2 23 122 O 20
5477 4575 1 8 42 M 10
5475 5476 1 9 45 O 30
5476 5477 2 3 16 M 10
5477 5478 2 3 15 M 30
5479 5480 2 5 26 O 30
5481 4576 2 4 19 M 10
5481 5479 2 6 29 O 20
1464 5486 1 1 3 O 20
5486 5487 1 15 79 O 20
5487 5482 1 1 3 O 10
5482 5483 1 7 35 O 10
5484 3263 1 3 14 M 20
5485 5486 2 4 19 O 20
5486 5854 2 8 40 O 10
5854 5487 2 8 40 O 20
5487 5488 2 4 18 O 20
5488 5855 2 8 39 O 10
5855 5485 2 8 39 O 30
2312 5490 2 8 39 O 30
5491 5492 2 4 18 O 20
5493 5494 1 3 13 O 30
5494 5495 1 5 26 O 20
5495 5496 1 3 14 O 10
5494 5497 2 2 7 O 10
5495 5498 2 9 48 O 20
5499 5500 1 17 89 O 30
5500 5501 1 14 76 M 20
5502 5503 2 15 83 O 30
5504 5505 2 11 58 O 30
380 381 2 3 14 O 30
381 5506 2 6 31 O 20
5507 3475 2 8 40 O 30
5508 3477 2 16 87 O 10
5509 5510 2 18 97 O 10
5513 5515 2 7 33 O 30
5515 5514 2 15 80 O 20
5514 5513 2 7 34 M 20
5514 5856 2 5 23 O 30
5856 5515 2 5 23 M 10
4592 5517 2 12 65 O 20
5518 5519 2 7 38 M 30
5520 5521 2 12 63 O 20
5522 5523 2 9 47 O 20
5524 5525 2 12 65 M 20
5526 5527 2 6 33 O 10
5528 5529 2 6 29 O 20
5530 5531 2 6 28 O 20
4613 5533 2 14 75 O 10
4630 5534 2 17 92 O 20
5541 5540 2 8 44 M 20
3656 5542 2 13 69 O 20
5542 327 2 16 88 O 20
327 5543 2 4 19 O 30
5543 5542 2 2 9 O 30
5546 5547 2 5 25 O 30
5547 5548 2 4 19 O 20
5549 3991 2 8 44 O 30
1723 3993 2 3 13 O 20
3993 3998 1 10 51 O 20
3998 3995 2 4 21 M 10
3995 3999 2 4 18 O 20
3996 4001 2 3 13 O 20
5553 5554 2 3 14 M 20
5555 5550 2 12 67 M 20
3851 5556 2 15 83 O 10
3847 3853 1 5 25 M 10
3848 3849 1 2 9 O 20
3852 3848 1 4 20 O 30
3853 3854 1 5 24 O 20
3853 3848 2 5 25 O 10
3856 5557 1 1 3 M 10
5557 5558 1 1 4 O 20
5562 3454 2 12 63 O 30
5563 5564 2 12 61 O 20
1898 2000 2 4 21 O 10
5565 5566 2 14 75 M 20
5566 125 2 5 23 O 20
125 105 2 5 26 O 10
105 5567 2 4 20 O 30
5566 5568 1 3 15 O 30
5569 5570 2 4 18 O 10
5572 5574 2 2 8 O 10
5574 3954 2 8 41 M 20
5573 5574 2 8 39 M 30
5575 5576 2 8 39 O 10
1733 5577 2 3 11 O 30
1724 5580 2 7 35 O 20
5580 5578 2 8 42 O 30
5579 5580 2 3 15 O 20
5581 5588 2 18 98 M 20
5588 5582 2 11 58 M 20
5583 5584 2 20 110 O 10
5585 5586 2 23 126 M 20
5587 5588 2 4 22 O 10
5589 5590 2 15 80 O 10
5591 5593 2 13 70 M 30
5593 5594 2 8 41 O 30
5592 5593 2 9 46 M 10
5595 5596 2 18 95 M 20
5598 5604 1 2 7 O 10
5604 5597 1 3 13 O 20
5597 5600 1 2 8 O 20
5600 5599 1 2 8 M 20
5599 5598 1 1 2 O 30
5601 5600 2 7 35 O 20
5599 5602 2 7 35 O 20
5603 5604 2 5 24 O 20
5605 5597 2 4 19 O 10
5606 5607 2 25 139 M 20
5627 5608 2 13 69 O 10
5610 5611 2 5 22 O 30
5611 5612 2 4 22 O 30
5611 5613 2 8 43 O 20
5615 5616 2 13 70 O 20
1887 5618 2 7 36 O 20
5620 5621 2 22 117 O 30
5624 5625 2 5 26 O 20
5626 3997 2 16 87 O 20
5628 5629 2 4 21 O 20
5629 5630 2 7 37 O 30
5547 5631 2 3 12 O 20
4646 5632 2 3 11 O 20
5633 5634 2 3 15 O 30
3513 3514 2 3 11 M 20
3514 5163 2 3 14 O 20
5163 5154 2 2 9 O 30
5154 5161 2 2 8 O 20
5161 5635 2 1 5 O 20
5636 421 1 7 35 O 30
421 422 1 10 51 O 30
421 5637 2 6 31 O 10
5638 5640 2 8 42 O 10
5640 5642 2 7 35 O 20
5642 5639 2 1 3 O 10
5640 5641 2 3 15 O 20
5642 3479 2 3 13 O 30
5650 5649 2 9 48 O 20
5653 5654 2 8 42 M 30
1915 4045 2 5 25 M 10
5655 5656 2 23 124 O 20
2375 2376 2 24 0 C 0
2380 2024 2 10 53 O 30
2634 2386 2 2 10 M 30
2386 2159 2 17 94 O 30
2119 3946 2 21 115 O 20
3946 2537 2 66 365 O 10
2537 4217 2 71 393 O 20
4217 4218 2 6 29 O 20
5657 4069 1 8 41 O 10
4068 5657 1 7 38 O 10
3638 3640 1 5 26 O 10
3639 3638 1 5 26 O 30
5658 3589 2 2 9 O 30
3589 4759 2 2 6 O 20
4759 791 2 5 27 O 30
791 3505 2 20 106 O 20
3505 3758 2 14 75 O 10
3758 781 2 3 14 M 20
781 4689 2 9 50 O 20
3638 5658 2 2 10 O 20
3626 3629 1 6 30 O 10
3628 3626 1 7 36 O 10
3563 3631 1 6 31 O 10
3630 3563 1 6 30 M 10
3632 5659 1 5 24 O 20
5659 3633 1 5 24 O 20
3435 5662 2 7 36 O 30
5663 5664 2 25 138 O 20
5665 5666 2 9 46 O 20
5667 3448 2 4 17 O 10
4361 778 2 2 8 O 20
778 3346 2 35 194 M 20
5670 5672 2 5 24 O 30
5672 5673 2 10 55 O 30
5673 5671 2 3 13 O 30
5671 5672 2 6 33 M 30
5674 5675 2 4 18 O 20
5676 5677 2 6 28 O 10
2893 5676 2 3 13 O 20
2887 5679 1 8 41 O 20
5678 5676 1 3 14 O 30
5679 5678 1 3 13 O 20
1083 5681 1 18 0 C 0
5680 4341 1 19 0 C 0
2776 5268 2 65 359 O 20
5268 5685 2 40 217 O 30
5687 1133 2 68 0 C 0
1133 1129 2 11 0 C 0
1129 5688 2 335 0 C 0
5686 5687 2 4 0 C 0
5688 2939 2 42 0 C 0
2939 2940 2 34 0 C 0
2940 1128 2 5 0 C 0
5689 5690 2 15 81 O 20
1886 1758 2 3 15 M 20
5692 5693 2 22 121 M 20
5694 2850 2 13 70 O 30
5693 5694 2 4 21 M 10
5697 1806 2 7 34 O 30
5699 1835 1 3 16 O 30
1835 5698 1 3 14 O 10
5698 5699 1 3 14 O 10
5705 1215 1 29 0 C 0
5704 4598 1 6 0 C 0
4598 2004 1 13 0 C 0
4634 4752 2 24 130 O 30
5708 5709 2 6 28 O 10
3919 5713 2 12 66 O 20
1807 5714 2 3 15 O 10
5715 4609 2 30 163 O 20
5716 5717 2 2 7 O 10
5718 5719 2 2 6 O 10
5720 5721 2 4 18 O 10
5722 4146 2 1 5 O 10
2184 5723 2 14 75 O 30
5724 5725 2 23 127 O 10
5726 5727 2 32 176 O 10
5728 5752 2 18 97 O 20
5730 5731 2 4 22 O 10
5732 5733 2 14 72 O 30
5734 5735 2 14 76 O 10
5736 5737 2 17 93 O 30
5738 5740 2 18 97 O 20
5740 5739 2 2 7 O 10
5740 5741 2 4 22 O 30
3979 3266 2 7 34 O 20
3267 3980 2 6 31 O 20
5742 5743 2 13 69 M 20
5744 5745 2 13 70 O 30
5746 5747 2 14 74 O 20
5748 5749 2 49 271 O 20
5750 5751 2 28 151 O 30
5753 5754 2 31 168 O 30
3440 2096 2 72 400 O 10
5755 4610 2 3 11 O 20
4157 5756 2 4 17 O 30
5756 5757 2 11 60 O 10
5756 5758 2 22 119 O 20
4378 4377 2 4 17 O 10
4377 5759 2 7 35 O 10
5761 5762 2 13 68 O 30
5763 881 2 245 1357 O 10
1269 1284 1 16 0 C 0
2605 5696 1 4 0 C 0
5764 5765 2 4 19 M 10
4515 5768 2 30 163 O 10
5770 5771 2 17 91 O 30
5772 3984 2 17 89 O 10
4550 5773 2 14 76 O 20
2052 1189 1 5 0 C 0
5776 5777 2 16 84 O 20
5778 5779 2 12 66 O 30
5780 5781 2 19 101 O 30
5782 5783 2 14 73 O 20
5784 5785 2 15 79 O 30
5785 5786 2 14 77 O 20
2360 2174 2 2 0 C 0
5790 5791 2 19 103 O 30
5791 5792 2 13 68 M 20
5791 5793 2 6 33 O 20
5793 5794 2 7 36 O 20
5793 5795 2 9 45 M 10
2567 4430 1 67 0 C 0
4431 2568 1 77 0 C 0
3079 4464 2 7 0 C 0
5802 5803 2 13 70 O 20
5804 5809 2 8 41 O 30
5809 5811 2 4 17 O 20
5811 5805 2 11 56 O 30
5805 5806 2 5 23 O 30
5807 5806 2 4 18 O 10
5806 5808 2 8 42 M 30
5809 5805 2 7 33 O 10
5810 5811 2 6 32 O 20
3199 5812 1 7 37 O 10
5812 5817 1 9 49 O 10
5817 5813 1 10 51 O 30
5814 3198 2 3 14 O 10
5816 5817 2 8 43 O 30
5812 5815 2 13 68 O 30
5818 3195 2 21 115 M 10
5819 5820 2 9 49 O 20
5821 5822 2 10 51 O 10
5824 5822 2 3 14 O 10
5822 5823 2 4 17 O 20
5825 5826 2 3 15 O 20
3369 3829 1 28 151 O 10
3608 2710 1 13 69 O 30
2709 3608 1 61 338 O 20
5828 4120 2 1 5 O 20
4120 2712 2 12 62 O 20
5661 2712 1 17 93 O 30
2639 3756 2 13 68 O 10
2712 5829 1 9 45 O 20
2639 5406 1 5 23 O 10
5406 1057 1 6 32 O 10
2707 5836 1 39 212 O 20
3436 1092 1 4 19 M 20
3607 5837 1 4 20 O 30
2538 4245 2 92 511 M 10
2495 5838 2 22 121 O 30
2778 3070 2 8 43 O 30
5683 577 2 39 212 O 10
577 578 2 10 51 O 20
578 576 2 5 24 O 20
576 1125 2 13 72 O 20
1125 5839 2 1 3 O 20
5839 4135 2 63 349 M 20
4607 4125 2 11 59 O 20
5840 1118 2 16 88 O 20
1118 2552 2 15 79 M 10
2552 5273 2 22 118 O 30
5273 2400 2 28 155 O 10
5275 616 2 4 22 O 30
616 4026 2 5 25 M 30
4026 4032 2 2 7 O 10
4032 623 2 3 12 O 20
623 1413 2 20 110 O 20
1413 4041 2 3 12 O 30
4041 2541 2 4 17 O 10
2540 2544 2 24 129 O 10
2544 799 2 2 8 O 30
799 2541 2 32 175 M 10
3913 2550 2 17 93 M 20
0 1874 2 18 100 O 10
1 2 2 3 16 O 30
3 4 2 4 17 M 10
5 6 2 3 15 O 20
7 8 2 3 16 M 20
9 10 2 6 33 O 30
11 12 2 3 15 M 10
13 14 2 3 14 O 30
15 16 2 3 13 M 20
17 18 2 5 26 O 10
19 20 2 3 15 O 30
21 22 2 3 15 O 10
23 24 2 3 16 O 30
25 26 2 4 17 O 30
27 28 2 3 12 O 20
29 30 2 3 14 O 30
31 32 2 3 13 O 20
1907 33 2 7 35 O 30
34 35 2 2 11 O 20
1061 36 2 3 13 M 30
3495 37 2 3 15 O 30
3496 38 2 3 14 O 20
1874 39 2 10 53 O 30
3497 40 2 4 19 O 10
41 42 2 4 20 M 30
43 44 2 3 14 O 20
45 46 2 7 35 O 30
48 46 2 2 9 M 10
46 47 2 2 7 O 20
47 48 2 2 6 O 10
49 50 2 5 27 O 20
51 45 2 3 16 O 30
52 53 2 4 21 O 10
54 55 2 3 15 O 30
56 57 2 4 21 O 20
57 58 2 4 18 O 30
59 60 2 3 14 M 10
61 3294 2 3 12 O 10
62 3293 2 4 20 M 10
63 64 2 3 17 O 30
1326 71 2 41 224 M 30
76 4601 1 6 0 C 0
806 77 1 5 0 C 0
78 3404 1 4 0 C 0
2674 79 1 4 0 C 0
80 1209 2 21 0 C 0
81 83 1 5 0 C 0
83 82 1 2 0 C 0
82 80 1 4 0 C 0
2974 86 1 2 0 C 0
87 2974 1 2 0 C 0
90 1330 2 13 0 C 0
86 88 1 3 0 C 0
90 84 1 3 0 C 0
84 89 1 2 0 C 0
89 85 1 1 0 C 0
85 87 1 2 0 C 0
105 130 2 6 28 O 20
130 128 2 1 1 O 30
128 106 2 6 31 O 30
107 112 2 11 57 M 20
112 108 2 7 33 O 30
108 109 2 4 20 O 10
108 110 2 3 14 O 30
111 112 2 3 12 O 10
113 114 2 18 97 M 20
115 116 2 20 109 O 20
117 118 2 13 71 M 30
3552 119 2 18 96 O 20
120 2660 2 10 53 O 20
121 122 2 12 62 O 30
123 124 2 16 89 O 20
125 126 2 8 40 M 10
127 128 2 2 8 O 10
129 130 2 2 7 O 10
131 132 2 2 11 O 30
133 134 2 8 41 O 10
135 134 2 4 20 O 20
134 136 2 5 22 O 20
137 139 2 5 25 O 20
139 138 2 5 27 O 30
138 3793 2 6 32 O 30
139 140 2 6 30 O 30
138 141 2 5 27 O 30
142 143 2 8 43 O 10
144 145 2 11 58 M 10
146 147 2 4 19 O 20
147 3668 2 7 37 O 30
148 149 2 3 12 O 10
149 150 2 6 30 O 20
149 151 2 2 10 M 10
4220 152 2 15 80 O 10
153 152 2 3 12 O 10
152 154 2 2 8 O 30
156 157 2 3 12 O 20
158 5682 2 2 9 O 20
4132 159 2 6 29 O 30
2496 160 2 13 69 O 30
4584 161 2 25 136 O 30
1114 162 2 3 15 O 30
163 162 2 3 14 O 10
162 164 2 11 56 O 20
165 168 2 16 85 O 10
166 167 2 2 10 M 20
168 166 2 2 7 O 20
169 2349 2 21 116 O 10
170 171 2 2 7 O 30
172 173 2 9 49 O 30
174 177 2 2 8 O 10
177 175 2 3 14 O 10
176 177 2 2 7 O 30
178 181 2 2 7 O 30
181 179 2 3 14 O 30
180 181 2 3 12 O 20
3974 182 2 7 37 O 20
182 183 2 1 5 O 20
183 192 2 3 15 O 20
192 190 2 1 4 O 20
190 184 2 2 9 O 20
182 185 2 3 11 O 30
185 186 2 2 9 O 10
185 187 2 2 7 M 30
183 188 2 2 8 O 10
189 190 2 2 6 O 30
191 192 2 2 6 O 20
193 194 2 7 39 O 10
2359 202 2 94 519 O 30
201 200 2 37 203 O 30
202 201 2 2 7 M 10
2127 2128 2 10 55 O 10
2128 2129 2 12 62 O 10
3105 3363 1 9 50 O 30
210 2419 1 28 0 C 0
1050 1051 1 39 0 C 0
3960 3959 2 81 447 M 30
2996 3960 2 3 0 C 0
223 227 1 4 0 C 0
229 225 1 5 0 C 0
227 228 1 4 0 C 0
221 229 1 5 0 C 0
226 221 1 4 0 C 0
225 222 1 4 0 C 0
222 224 1 2 0 C 0
224 223 1 4 0 C 0
228 226 1 2 0 C 0
232 3236 1 17 0 C 0
234 233 2 65 361 O 30
235 236 2 10 50 O 30
237 238 2 11 59 O 20
239 1916 2 9 47 O 30
240 241 2 16 88 O 10
242 243 2 16 86 O 30
3685 244 2 2 6 O 10
4055 245 2 3 13 O 30
245 246 2 7 38 M 20
246 247 2 4 17 O 20
247 245 2 3 14 O 10
248 249 2 15 78 M 10
250 251 2 9 49 O 10
252 253 2 10 51 M 10
254 255 2 10 53 M 30
256 257 2 7 35 M 20
772 258 2 11 59 M 10
259 260 2 12 66 O 30
3768 261 2 7 39 O 30
262 3741 2 12 63 M 10
264 266 2 2 7 M 10
266 265 2 1 2 O 10
266 267 2 9 48 O 30
268 269 1 6 31 O 10
269 270 1 3 15 O 20
271 272 2 2 9 M 10
273 274 2 2 8 O 30
275 276 2 12 66 O 30
3587 277 2 5 24 O 10
278 279 2 11 57 O 30
280 281 1 3 12 M 20
282 283 1 4 22 O 10
283 284 1 4 18 M 20
285 283 2 1 5 O 20
283 286 2 2 10 O 10
287 288 2 3 16 O 20
3671 3663 2 4 20 O 20
290 3565 2 9 45 M 10
299 298 2 2 9 O 20
298 295 2 10 51 O 10
295 294 2 2 6 O 10
295 296 2 7 37 O 20
297 298 2 2 8 O 20
1807 302 2 9 47 O 10
302 300 2 2 6 O 10
301 302 2 3 15 O 30
303 306 1 3 0 C 0
306 1420 1 4 0 C 0
1420 304 1 4 0 C 0
304 305 1 4 0 C 0
305 303 1 1 0 C 0
5769 3399 2 2 9 O 30
309 310 2 3 15 O 20
313 314 2 2 10 O 30
3212 3276 1 35 0 C 0
1320 315 2 29 160 O 20
2830 672 2 4 20 M 10
672 5616 2 10 55 M 10
5616 5619 2 12 65 O 10
5619 1700 2 1 4 O 10
1700 1892 2 12 62 O 30
1892 321 2 11 58 O 30
320 1764 2 28 150 O 10
1764 4561 2 1 2 M 10
4561 4563 2 13 68 M 10
4563 1763 2 8 43 M 30
1763 2822 2 9 45 O 30
322 319 1 2 7 O 20
319 1847 1 2 10 O 10
1847 320 1 2 9 M 30
320 321 1 2 10 O 20
321 322 1 1 2 O 30
323 324 2 7 36 O 10
326 327 2 4 22 M 20
327 325 2 4 17 O 30
2959 2955 2 33 180 O 20
332 333 2 4 22 O 30
333 334 2 4 21 O 30
335 336 2 7 35 M 30
337 338 2 3 16 O 30
341 339 2 7 35 O 10
339 340 2 3 11 O 20
339 342 2 5 23 M 10
2721 3131 2 4 0 C 0
3131 291 2 2 0 C 0
291 2720 2 11 0 C 0
344 345 2 16 87 M 20
346 347 2 45 248 M 30
347 348 2 12 63 O 30
348 353 2 7 37 O 10
353 349 2 8 40 O 20
349 350 2 8 43 O 20
350 377 2 6 32 O 10
377 351 2 3 12 O 10
349 374 2 5 23 M 20
374 352 2 6 33 M 30
353 370 2 5 24 O 10
370 354 2 4 17 M 20
348 355 2 3 14 O 10
355 356 2 3 14 O 30
355 357 2 3 14 O 30
347 358 2 6 31 O 30
359 366 2 19 101 M 20
366 360 2 6 29 O 30
360 361 2 5 22 O 10
361 362 2 4 21 O 10
362 360 2 3 11 O 20
361 363 2 22 120 O 10
363 364 2 3 16 O 10
363 365 2 2 11 O 10
366 367 2 7 37 O 10
350 368 2 2 9 O 20
369 372 2 1 4 O 30
372 370 2 2 8 O 20
371 372 2 2 6 M 10
373 374 2 2 7 O 20
374 375 2 1 5 M 20
376 377 2 2 10 O 10
378 379 2 2 9 O 20
383 2485 2 18 99 O 30
384 695 1 6 0 C 0
385 1538 1 37 0 C 0
386 3241 1 7 0 C 0
3241 1068 1 26 0 C 0
388 2169 2 20 0 C 0
389 390 2 55 306 O 10
2570 3301 2 4 21 O 10
391 392 1 9 46 O 20
1501 393 2 11 56 O 30
2393 95 1 4 21 O 30
394 395 2 9 46 O 20
395 396 2 5 27 O 20
5815 399 2 17 93 O 10
399 398 2 8 41 O 10
399 400 2 6 31 O 10
401 404 2 18 96 M 30
404 402 2 3 15 M 10
402 408 2 12 63 O 20
408 403 2 6 33 O 30
404 406 2 6 33 O 20
406 405 2 7 37 O 30
406 407 2 13 70 O 10
408 409 2 8 42 M 20
409 402 2 3 16 O 30
412 413 2 10 53 M 10
414 415 2 3 12 O 30
415 416 2 2 8 O 30
415 417 2 4 20 O 20
3975 418 2 3 15 O 20
418 419 2 4 22 O 10
418 420 2 2 7 M 30
425 424 2 3 13 M 20
424 426 2 3 12 O 20
427 425 2 12 65 O 30
426 425 2 3 16 M 30
5455 2649 1 13 70 O 30
4573 1112 1 10 55 O 10
206 1142 1 100 0 C 0
1142 1141 1 27 0 C 0
1144 471 1 127 0 C 0
1143 1144 1 30 0 C 0
659 1137 1 137 0 C 0
1137 430 1 70 0 C 0
428 1136 1 7 0 C 0
2770 207 1 114 0 C 0
207 209 1 64 0 C 0
209 429 1 7 0 C 0
429 1134 1 8 0 C 0
430 428 1 8 0 C 0
1068 1069 1 8 0 C 0
433 2693 1 31 0 C 0
1191 613 1 22 0 C 0
3028 3030 1 2 0 C 0
440 3652 2 16 87 M 30
1391 1388 1 5 0 C 0
5799 2723 2 12 0 C 0
2726 2725 2 18 0 C 0
445 4538 2 2 10 O 30
446 4275 2 1 2 M 10
4275 447 2 5 25 M 30
448 449 2 23 125 M 30
450 2027 2 32 0 C 0
2027 2973 2 12 0 C 0
4394 450 2 3 0 C 0
2987 2834 2 5 23 O 20
4239 452 2 1 3 O 10
452 451 2 15 79 M 20
4578 4256 2 4 21 M 20
457 4578 2 3 12 O 20
458 1159 2 3 12 M 30
3334 459 2 2 7 O 10
1703 3343 2 5 22 O 10
4567 1703 2 3 13 O 30
4612 3346 2 2 6 O 10
460 4612 2 5 22 O 20
3345 462 2 4 21 O 30
462 461 2 3 12 O 10
4253 1704 2 9 50 O 30
2141 4253 2 6 30 O 30
75 3644 1 33 0 C 0
2371 2167 2 10 0 C 0
1651 3493 2 7 36 O 10
2723 1430 2 9 0 C 0
4231 4232 2 14 75 O 30
4232 1854 2 6 28 O 30
4095 4102 2 5 27 O 20
1471 1028 2 13 0 C 0
1028 4476 2 7 0 C 0
4476 4477 2 13 70 M 10
1476 1451 2 11 60 O 20
2356 5788 2 1 4 O 20
5788 2357 2 3 12 O 20
466 5775 2 4 18 O 10
466 4644 2 3 13 O 20
2977 5668 2 2 7 O 10
2977 5664 2 1 5 O 10
5664 5092 2 4 19 O 10
5092 4572 2 5 22 M 20
4572 5094 2 4 20 O 30
5094 4992 2 3 16 O 10
4992 5096 2 3 12 O 10
5096 4990 2 2 6 O 20
4990 4989 2 2 9 O 10
4989 5857 2 3 15 O 10
5857 4988 2 3 15 O 20
4988 5098 2 2 7 O 20
5098 4986 2 1 2 O 30
4986 4984 2 4 17 O 10
4984 5100 2 3 12 M 20
5100 5102 2 3 13 O 20
5102 3431 2 6 31 O 30
2703 5090 2 5 28 O 20
5090 2700 2 25 136 M 10
2702 5079 2 3 13 M 30
5079 5081 2 1 4 M 20
5081 5083 2 3 16 M 20
5083 3511 2 6 31 O 30
3511 3520 2 2 8 O 30
3520 3512 2 4 20 O 10
3512 5088 2 5 23 O 30
5088 2703 2 5 26 O 10
3530 3282 2 2 7 O 10
3282 3252 2 7 36 O 30
2790 3368 1 4 21 M 20
2728 2729 2 14 0 C 0
467 2633 1 32 0 C 0
2554 4600 1 30 0 C 0
468 469 1 34 0 C 0
1140 473 1 19 0 C 0
2555 4599 1 44 0 C 0
4599 206 1 32 0 C 0
469 2554 1 15 0 C 0
471 468 1 3 0 C 0
472 467 1 3 0 C 0
473 470 1 20 0 C 0
1190 475 1 6 0 C 0
475 474 1 7 0 C 0
474 477 1 3 0 C 0
477 3010 1 5 0 C 0
476 1190 1 11 0 C 0
3011 476 1 9 0 C 0
3410 869 2 11 59 M 30
3783 2863 2 37 203 O 20
2863 2864 2 30 161 O 30
2864 3646 2 6 29 O 30
1574 1841 2 19 101 O 30
1841 1978 2 10 52 O 10
1978 1632 2 31 170 O 10
1632 482 2 79 0 C 0
3646 3375 2 22 121 O 30
3375 3374 2 7 38 M 20
3374 3373 2 42 231 O 10
3373 3647 2 6 30 O 20
3647 3648 2 13 71 O 30
3648 3649 2 27 148 M 10
3649 3372 2 19 104 O 30
3372 3650 2 18 96 O 30
3650 3651 2 18 97 O 30
479 903 1 3 0 C 0
2928 479 1 2 0 C 0
480 481 1 3 0 C 0
481 2928 1 3 0 C 0
482 2928 2 21 0 C 0
948 483 2 16 0 C 0
232 1190 2 12 0 C 0
515 516 1 1 0 C 0
510 511 1 1 0 C 0
514 507 1 2 0 C 0
517 485 2 12 0 C 0
508 515 1 3 0 C 0
511 502 1 1 0 C 0
490 498 1 1 0 C 0
497 490 1 4 0 C 0
496 497 1 1 0 C 0
499 495 1 3 0 C 0
489 500 1 3 0 C 0
487 499 1 3 0 C 0
500 488 1 2 0 C 0
491 486 1 2 0 C 0
495 492 1 3 0 C 0
486 494 1 2 0 C 0
488 487 1 4 0 C 0
498 489 1 6 0 C 0
493 496 1 1 0 C 0
492 491 1 8 0 C 0
2082 484 2 7 0 C 0
494 493 1 8 0 C 0
2083 500 2 8 0 C 0
501 505 1 2 0 C 0
503 512 1 2 0 C 0
505 504 1 3 0 C 0
502 501 1 7 0 C 0
504 503 1 6 0 C 0
512 513 1 1 0 C 0
513 3248 1 1 0 C 0
3248 514 1 2 0 C 0
516 510 1 4 0 C 0
506 517 1 3 0 C 0
507 506 1 5 0 C 0
517 509 1 3 0 C 0
509 508 1 4 0 C 0
811 486 2 4 0 C 0
5629 521 2 1 5 O 30
3271 4298 1 43 234 O 10
1218 3370 1 11 60 M 30
313 1222 2 30 163 O 30
1222 1808 2 2 7 O 20
1419 2402 2 17 0 C 0
5399 227 2 10 0 C 0
4471 1426 1 4 0 C 0
524 523 2 1 4 O 30
523 5853 2 1 1 M 10
2667 3433 2 1 5 O 20
3433 2668 1 9 49 M 10
2668 528 1 4 18 O 10
528 3433 1 6 31 M 20
529 530 2 24 128 O 20
3044 531 2 2 8 O 30
533 532 2 2 8 O 20
519 5766 1 9 0 C 0
5766 1258 1 9 0 C 0
534 535 2 2 8 O 10
4523 4524 2 12 63 O 30
4524 3904 2 6 32 O 30
539 540 2 2 10 O 20
541 542 2 12 63 O 10
4583 543 2 2 7 M 20
544 545 2 9 47 M 20
546 547 2 9 48 O 20
548 549 2 5 23 O 20
2507 550 2 8 43 O 20
551 4127 2 9 47 O 20
553 554 2 16 88 O 10
555 558 2 6 30 O 10
558 556 2 5 25 M 30
556 557 2 2 6 O 20
557 558 2 3 16 M 30
3100 2068 1 9 0 C 0
3498 3061 1 2 0 C 0
3170 3144 1 11 0 C 0
565 566 2 6 29 O 10
567 568 2 1 5 O 10
569 570 2 2 8 M 20
572 571 2 10 52 O 30
573 5391 2 3 14 O 10
575 574 2 7 34 O 20
576 579 2 11 57 O 20
579 581 2 3 13 O 20
581 582 2 10 50 O 20
582 577 2 3 14 M 30
578 579 2 6 33 O 20
579 580 2 5 23 O 20
581 5858 2 4 19 M 10
5858 582 2 4 19 O 30
583 3961 2 2 9 O 20
584 585 2 11 57 O 30
586 587 2 7 38 O 30
588 4044 2 5 24 O 10
2181 3825 2 77 423 O 30
3825 589 2 2 9 O 30
590 591 2 16 88 O 20
592 593 2 5 23 O 20
593 594 2 3 15 O 20
768 595 2 12 65 O 20
3879 599 2 12 64 O 30
599 598 2 7 34 O 30
598 596 2 3 15 O 20
597 598 1 12 65 O 20
599 607 1 7 38 M 20
607 600 1 4 20 M 10
602 603 2 6 32 O 20
603 4024 1 4 18 M 30
4024 602 1 8 44 O 30
601 602 2 4 18 O 30
1413 4033 1 5 23 O 10
4033 4040 1 3 14 O 30
604 605 1 6 33 O 10
605 606 1 1 5 O 20
4037 609 2 3 16 O 30
608 607 1 6 33 M 20
611 612 2 25 135 O 20
613 2416 1 2 0 C 0
331 1191 1 13 0 C 0
615 614 2 58 321 O 10
616 621 2 3 13 O 20
621 618 2 5 25 O 10
618 617 2 3 14 O 10
618 619 2 11 57 M 10
620 621 2 4 18 O 30
622 623 2 2 9 M 20
625 624 2 6 31 O 10
627 624 2 9 47 O 20
624 626 2 7 35 O 30
1702 3336 1 6 29 O 10
628 629 2 15 81 O 20
4160 4662 2 18 97 O 20
3392 3053 1 2 0 C 0
3053 1025 1 100 0 C 0
3158 3157 1 19 0 C 0
3537 2765 1 20 0 C 0
2441 220 1 5 0 C 0
2589 1666 1 15 0 C 0
3058 636 2 2 0 C 0
637 1272 1 8 0 C 0
2609 637 1 3 0 C 0
638 2609 1 6 0 C 0
5800 639 1 3 0 C 0
639 1288 1 8 0 C 0
640 1275 1 31 0 C 0
2871 2418 1 54 0 C 0
2872 2871 1 7 0 C 0
3056 3055 1 15 0 C 0
2773 1382 2 9 0 C 0
2787 1611 2 14 74 M 30
1611 2831 2 35 191 M 30
2831 1609 2 15 82 O 20
1609 1775 2 16 85 O 30
1775 1559 2 49 267 O 30
643 3654 2 2 8 O 30
3952 5287 2 10 53 O 20
5287 5288 2 18 96 O 20
5288 3456 2 5 27 O 20
1654 1653 2 21 117 M 20
1653 4276 2 30 164 O 20
644 645 2 1 4 O 20
646 3953 2 1 5 O 20
647 648 2 37 204 O 20
648 649 2 42 231 O 30
1041 2061 1 74 0 C 0
2061 1080 1 164 0 C 0
1080 1076 1 209 0 C 0
1076 650 1 42 0 C 0
2165 3002 2 144 0 C 0
651 652 2 12 62 M 30
653 654 2 10 52 O 20
3766 3764 2 8 44 O 20
1446 81 2 6 0 C 0
1636 1849 2 22 0 C 0
3106 1212 2 8 0 C 0
3108 668 2 15 0 C 0
668 4352 2 2 0 C 0
4352 4351 2 1 0 C 0
3217 3216 1 10 0 C 0
658 1335 1 43 0 C 0
1335 2717 1 126 0 C 0
2772 659 1 26 0 C 0
661 660 2 12 66 O 20
2941 2942 2 18 0 C 0
2942 3295 2 103 0 C 0
3295 2943 2 231 0 C 0
2943 4433 2 53 0 C 0
4433 1327 2 63 0 C 0
3754 2945 2 13 0 C 0
2961 2966 2 70 387 O 30
2966 2957 2 18 97 O 10
1331 2974 2 9 0 C 0
3141 669 1 19 0 C 0
3167 2074 1 15 0 C 0
669 3167 1 16 0 C 0
3142 3141 1 41 0 C 0
1468 2907 1 32 173 M 10
3382 670 1 128 707 O 20
453 454 2 6 31 O 10
1615 1618 2 3 11 M 20
1618 4449 2 4 20 O 30
4449 1624 2 2 8 M 30
1483 1468 1 22 122 O 20
456 1483 2 3 14 M 10
2354 2353 2 3 16 O 20
454 2911 2 2 9 M 30
455 4241 1 2 7 O 10
671 672 2 13 72 O 20
673 674 2 6 29 O 10
3296 675 2 5 27 O 30
676 677 2 9 45 O 10
678 679 2 5 27 O 20
2806 680 2 6 29 O 30
681 682 2 4 19 O 30
683 4290 2 4 21 O 30
684 685 2 5 22 O 20
686 687 2 8 40 O 20
688 690 2 8 42 O 20
690 689 2 2 9 O 30
690 691 2 6 28 O 30
5560 5528 2 12 62 O 30
5528 4013 2 32 172 O 10
4013 4361 2 73 400 O 10
692 932 1 49 271 O 30
3238 692 1 13 71 O 20
3340 2646 1 56 308 O 10
3239 3238 1 7 36 M 10
2646 4359 1 23 126 M 20
2574 3239 1 17 91 O 20
3760 397 2 7 37 O 20
3598 3599 2 7 36 O 30
3599 3600 2 3 17 O 30
3600 3598 2 3 14 O 30
693 694 2 3 11 O 10
695 2737 1 16 0 C 0
2769 3425 1 6 0 C 0
696 1070 1 6 0 C 0
2768 2769 1 15 0 C 0
697 2768 1 12 0 C 0
205 2718 1 28 0 C 0
700 701 2 10 52 O 20
701 702 2 4 20 M 10
5643 4527 2 13 69 O 30
465 2721 2 3 0 C 0
2722 465 2 6 0 C 0
2720 1538 2 4 0 C 0
3328 3329 2 26 0 C 0
3329 5799 2 12 0 C 0
2723 704 2 13 0 C 0
2730 2729 2 10 0 C 0
2733 705 2 8 0 C 0
705 2732 2 13 0 C 0
2732 2731 2 20 0 C 0
2731 2730 2 11 0 C 0
887 890 2 16 0 C 0
890 894 2 13 0 C 0
894 891 2 4 0 C 0
891 895 2 12 0 C 0
895 892 2 5 0 C 0
892 893 2 16 0 C 0
893 888 2 5 0 C 0
888 72 2 11 0 C 0
72 442 2 7 0 C 0
883 887 2 4 0 C 0
706 707 2 10 52 M 30
708 709 2 3 11 M 10
709 711 2 18 95 O 30
711 710 2 10 52 O 20
710 709 2 2 9 O 20
710 5859 2 2 8 O 10
5859 711 2 2 8 M 10
713 712 2 2 7 O 20
715 714 1 2 10 M 10
716 717 2 1 5 O 30
2029 2219 2 9 45 O 20
718 719 2 5 23 O 30
720 721 2 4 19 O 20
722 723 2 5 25 O 20
724 725 2 3 14 O 10
5760 2103 2 5 24 O 30
727 726 2 23 123 M 20
728 729 2 5 26 O 10
730 734 1 5 25 O 10
734 732 1 3 14 O 20
732 733 1 16 85 O 10
733 735 1 3 14 O 30
735 731 1 4 19 O 10
732 5860 2 2 9 O 30
5860 733 2 2 9 M 10
734 735 2 4 20 O 20
736 737 2 5 25 O 10
4560 5774 2 3 12 O 10
739 740 2 2 9 O 30
4056 4058 2 6 31 O 30
4054 4055 2 11 60 O 20
4055 4056 2 2 7 O 20
744 745 1 4 17 O 20
745 751 1 1 5 O 10
751 748 1 2 7 O 20
748 746 1 2 6 M 30
746 749 1 5 25 O 10
749 752 1 2 8 O 30
752 750 1 2 7 O 20
750 747 1 4 18 O 20
748 749 1 4 21 O 30
745 750 1 5 23 O 20
751 752 1 5 22 O 30
2643 3656 2 8 39 O 20
3656 3657 2 8 42 O 10
3657 3668 2 9 47 M 30
753 3361 1 16 86 O 10
754 3548 1 17 92 O 30
3547 754 1 6 29 O 30
5551 755 2 6 29 O 20
741 742 2 10 52 O 20
756 757 2 13 68 O 20
759 758 2 7 37 O 30
761 760 2 4 19 M 30
760 662 2 7 38 O 20
2807 762 2 2 10 O 20
2149 763 2 15 80 O 20
766 767 2 7 35 O 20
5684 771 2 10 52 O 10
771 770 2 9 46 O 20
1394 3009 1 4 0 C 0
3009 3011 1 3 0 C 0
3012 3014 1 4 0 C 0
1393 3013 1 3 0 C 0
3013 3012 1 3 0 C 0
4285 3016 1 1 0 C 0
1384 4286 1 2 0 C 0
4286 4285 1 4 0 C 0
5651 2008 1 1 0 C 0
5652 1386 1 4 0 C 0
1386 5651 1 3 0 C 0
773 774 2 11 59 O 20
775 776 2 22 120 M 30
1914 775 2 6 32 O 20
777 778 2 1 5 O 10
779 780 2 1 5 O 10
781 782 1 25 135 O 30
783 784 2 8 40 O 20
786 787 2 11 57 O 30
788 313 1 4 20 O 10
1218 3271 1 2 7 O 10
788 1218 1 3 11 O 20
789 790 2 1 5 O 10
791 792 2 14 73 O 10
4158 4159 1 6 30 O 10
793 794 2 7 39 M 20
3463 1440 2 5 27 O 20
1440 1884 2 6 32 O 20
795 1885 2 5 28 M 10
796 797 2 5 24 O 20
799 798 1 19 104 O 30
1466 2903 1 7 36 O 20
800 801 1 5 27 O 30
801 1466 1 4 19 O 20
802 2651 1 7 39 O 30
2651 2902 1 5 24 O 20
945 944 1 10 50 O 20
803 1447 1 9 48 O 10
2673 1470 2 1 6 O 30
5381 5379 1 1 3 O 20
5379 5380 1 2 6 O 30
4544 4089 2 6 33 O 20
4596 808 2 3 13 O 30
3111 232 2 4 0 C 0
4495 4471 1 4 0 C 0
3269 2179 1 20 0 C 0
2179 2613 1 3 0 C 0
2613 2630 1 1 0 C 0
4458 4459 1 27 0 C 0
4459 5695 1 7 0 C 0
5695 2596 1 7 0 C 0
2594 2178 1 66 0 C 0
1541 2594 1 10 0 C 0
1404 810 1 7 0 C 0
1302 1301 1 6 0 C 0
1301 1398 1 55 0 C 0
1398 2757 1 33 0 C 0
5536 4252 1 63 345 M 10
5535 5536 1 17 89 O 30
484 811 2 3 0 C 0
814 1079 1 15 0 C 0
1079 1078 1 184 0 C 0
1078 815 1 134 0 C 0
815 1044 1 24 0 C 0
1044 1043 1 77 0 C 0
816 3307 1 14 0 C 0
1042 3306 1 78 0 C 0
3306 816 1 60 0 C 0
4280 4171 2 31 168 O 30
4171 4168 2 22 119 O 20
820 821 2 4 20 O 20
821 822 2 3 12 M 30
630 3722 1 7 0 C 0
4414 630 1 14 0 C 0
823 769 1 15 0 C 0
769 1670 1 2 0 C 0
411 2697 1 9 0 C 0
824 1355 1 4 0 C 0
1355 2677 1 14 0 C 0
2677 3224 1 16 0 C 0
3576 1676 1 3 0 C 0
825 3576 1 6 0 C 0
1678 3133 1 9 0 C 0
3225 1678 1 7 0 C 0
1357 826 1 11 0 C 0
219 827 1 12 0 C 0
828 218 1 10 0 C 0
1682 829 1 10 0 C 0
2865 830 1 4 0 C 0
831 3018 1 4 0 C 0
832 831 1 4 0 C 0
2437 832 1 11 0 C 0
1364 2678 1 4 0 C 0
833 1364 1 10 0 C 0
3582 1672 1 4 0 C 0
1673 834 1 20 0 C 0
1675 410 1 7 0 C 0
1676 835 1 13 0 C 0
2011 836 1 29 0 C 0
2678 837 1 14 0 C 0
4402 2867 1 8 0 C 0
838 2866 1 6 0 C 0
839 1026 1 29 0 C 0
840 3179 1 19 0 C 0
841 2069 1 20 0 C 0
842 3181 1 12 0 C 0
843 842 1 5 0 C 0
3157 4398 1 20 0 C 0
2073 886 1 20 0 C 0
886 3162 1 11 0 C 0
844 3173 1 9 0 C 0
845 2071 1 19 0 C 0
3168 3177 1 5 0 C 0
3177 845 1 14 0 C 0
3162 846 1 9 0 C 0
3169 2073 1 13 0 C 0
1280 848 1 9 0 C 0
849 1037 1 9 0 C 0
2915 3066 1 13 0 C 0
2916 2066 1 14 0 C 0
847 2857 1 8 0 C 0
2652 802 1 53 291 O 30
2652 946 2 7 35 O 30
2700 3367 1 72 397 O 20
4453 4364 2 39 214 O 20
4452 4293 2 2 8 O 30
4293 4453 2 1 5 O 10
1449 851 2 4 0 C 0
852 853 2 2 9 O 20
854 855 2 7 39 O 30
1309 817 2 52 0 C 0
817 655 2 10 0 C 0
655 818 2 1 0 C 0
818 5787 2 40 0 C 0
5787 1380 2 28 0 C 0
3404 2675 1 1 0 C 0
2675 439 1 2 0 C 0
439 2674 1 1 0 C 0
2607 1629 1 6 0 C 0
1289 860 2 2 0 C 0
1293 1400 1 38 0 C 0
1401 1293 1 38 0 C 0
866 865 2 16 84 O 20
4028 4029 2 2 7 O 10
867 4031 2 4 19 M 10
4028 4025 1 4 20 M 10
4025 4026 1 4 19 O 30
4030 867 2 6 32 O 20
4031 4025 2 2 8 O 20
4036 868 2 7 36 O 10
869 478 2 10 51 O 30
871 872 2 10 55 O 30
561 562 1 2 0 C 0
562 1737 1 154 0 C 0
2719 563 1 7 0 C 0
563 560 1 2 0 C 0
873 874 2 6 32 O 10
875 876 2 323 1794 O 30
3386 1712 1 6 0 C 0
1712 4333 1 46 0 C 0
4333 4478 1 52 0 C 0
4478 2877 1 14 0 C 0
864 4650 1 21 0 C 0
4650 2875 1 8 0 C 0
2873 1532 1 20 0 C 0
3385 3384 1 22 0 C 0
2691 2739 2 3 0 C 0
4273 4274 1 4 21 O 10
4274 4272 1 6 33 O 30
904 1085 1 16 0 C 0
1090 904 1 160 0 C 0
1038 905 1 32 0 C 0
906 2588 1 9 0 C 0
203 2558 1 62 0 C 0
1082 1081 1 35 0 C 0
212 1089 1 27 0 C 0
907 1091 1 18 0 C 0
1087 907 1 34 0 C 0
211 2591 1 17 0 C 0
2848 211 1 29 0 C 0
3334 908 2 18 96 O 30
908 909 2 9 45 O 30
4666 3380 1 23 124 O 20
2881 3387 1 8 43 O 30
4364 4451 2 4 17 O 20
1248 1263 2 29 0 C 0
910 2176 1 11 0 C 0
1257 4350 2 10 0 C 0
4350 2926 2 5 0 C 0
912 518 1 13 0 C 0
520 914 1 2 0 C 0
914 912 1 9 0 C 0
911 520 1 19 0 C 0
1258 1261 1 10 0 C 0
518 519 1 6 0 C 0
1487 1486 1 1 0 C 0
1486 3270 1 4 0 C 0
1270 1271 2 9 0 C 0
1271 1268 2 8 0 C 0
913 1265 2 8 0 C 0
1268 913 2 12 0 C 0
1265 1267 2 11 0 C 0
2050 1262 1 16 0 C 0
915 1259 1 11 0 C 0
1261 915 1 35 0 C 0
1706 1106 1 7 35 M 20
4252 1705 1 16 84 M 20
1705 1923 1 5 23 M 10
1100 1108 1 21 113 O 20
4641 4642 1 8 42 O 30
1108 4641 1 35 194 M 30
4643 2138 1 17 91 O 30
2138 4073 1 2 9 O 10
4073 2644 1 141 778 O 10
2573 3234 1 12 63 O 10
1601 917 1 14 77 O 30
4647 3231 1 13 68 O 20
4648 3229 1 13 71 O 20
1102 918 1 5 24 O 20
5537 4022 1 15 81 M 30
4022 5535 1 17 91 M 30
919 4072 1 19 100 O 20
4312 4644 1 6 30 O 30
4644 4560 1 12 65 O 20
4560 4122 1 23 123 O 30
4122 919 1 84 462 O 10
3363 4677 2 5 24 M 30
920 3104 1 5 23 M 20
921 5568 1 2 8 O 10
5568 5798 1 18 100 O 10
5798 920 1 6 31 O 30
280 753 1 11 59 M 10
4002 3828 2 4 21 O 30
3828 1727 2 4 20 M 20
1727 3361 2 6 32 O 10
2302 2890 1 34 186 M 20
1349 922 1 9 49 M 20
922 4321 1 14 78 M 10
4321 1347 1 11 58 O 20
1347 1348 1 14 74 O 30
1348 2579 1 22 122 O 20
923 4316 1 6 31 M 30
4316 5386 1 4 18 O 20
5386 3324 1 14 75 M 30
924 1922 1 11 59 O 30
3982 924 1 23 124 O 10
1921 4659 1 11 59 O 30
4659 2265 1 9 48 O 20
2265 4668 1 11 56 O 10
4668 5388 1 6 32 O 30
925 1530 1 14 76 O 10
1112 4666 1 13 69 O 20
1120 4169 1 11 57 O 20
2649 1120 1 19 101 O 30
1119 2648 1 10 51 O 10
927 1113 1 38 207 O 10
1149 535 1 16 87 O 30
535 928 1 7 36 O 10
928 3337 1 52 289 O 30
1121 3335 2 12 64 O 30
3337 2905 1 19 102 O 20
2905 4308 1 7 34 O 10
4308 3261 1 19 101 M 20
3261 3254 1 31 168 O 10
3254 1701 1 3 16 O 30
1701 5511 1 3 15 O 30
5512 1107 1 30 164 O 20
3379 2602 1 15 80 O 10
2602 1096 1 9 46 M 10
1096 5512 1 12 61 O 10
929 3378 1 15 79 O 20
4568 3616 1 11 57 O 30
4640 1110 1 17 92 O 20
1110 930 2 6 30 O 30
1110 1109 1 40 220 M 30
931 3340 1 6 33 O 30
931 3343 1 4 22 O 20
932 3343 1 14 74 O 10
2601 2645 1 18 98 O 10
2645 1103 1 37 205 M 30
1602 916 1 11 58 O 10
1053 1601 1 11 60 O 30
4574 1124 2 3 12 O 20
1532 864 1 13 0 C 0
2877 2876 1 17 0 C 0
863 3385 1 28 0 C 0
2874 2879 1 5 0 C 0
933 2874 1 16 0 C 0
1625 2878 1 9 0 C 0
1448 933 1 53 0 C 0
2878 2658 1 14 0 C 0
3387 1477 1 10 51 O 30
1477 4292 1 10 53 O 20
934 2881 1 12 63 M 30
2881 2880 1 2 9 M 10
3388 935 1 6 33 O 20
4565 2657 1 22 119 O 30
936 3388 1 18 97 O 30
937 1482 1 12 62 M 10
1482 2883 1 22 118 M 10
2882 4094 1 9 48 O 30
3352 2882 1 8 41 O 30
4096 4566 1 34 187 O 10
4094 4096 1 9 50 O 30
4103 938 1 15 78 M 20
938 4101 1 7 34 O 30
4101 2884 1 25 138 O 20
939 4455 1 2 8 O 20
4455 2656 1 6 32 O 10
939 4114 1 5 23 O 20
2656 940 1 13 68 O 30
940 1483 1 23 124 M 30
2906 4114 1 6 31 O 20
941 2906 1 14 77 O 30
4114 3383 1 13 69 M 10
1467 1473 1 7 34 O 20
1480 1467 1 16 88 M 30
1473 941 1 15 81 O 20
2907 2556 1 25 136 O 30
2909 2908 1 8 43 O 20
670 2909 1 15 81 O 10
2654 1622 1 7 39 O 20
4381 942 1 12 63 O 20
943 1472 1 14 75 O 10
4371 943 1 10 52 O 20
2653 2652 1 11 58 O 20
944 4381 1 9 47 O 20
1447 945 1 9 46 O 10
946 2626 2 4 21 O 30
2896 2304 1 7 35 O 30
2304 2298 1 7 39 O 30
2298 2897 1 2 8 O 30
947 2303 1 11 60 O 30
1817 1240 2 4 18 O 10
1816 4399 2 7 35 O 20
1824 1830 2 17 0 C 0
948 902 1 6 0 C 0
1239 948 1 7 0 C 0
3371 1984 2 8 39 M 30
1984 1574 2 11 61 M 30
2155 1243 2 12 63 M 30
1991 4469 2 35 191 M 10
4469 1575 2 22 118 M 30
1989 1249 2 16 84 O 10
1250 1986 2 8 0 C 0
2314 856 2 11 0 C 0
856 3243 2 50 0 C 0
3243 1987 2 37 0 C 0
1985 857 2 3 0 C 0
857 2314 2 23 0 C 0
1987 1631 2 51 0 C 0
1256 2925 2 10 0 C 0
2925 518 2 1 0 C 0
3270 1488 1 1 0 C 0
861 5702 1 7 0 C 0
5701 950 1 14 0 C 0
5702 5701 1 11 0 C 0
862 1285 1 3 0 C 0
5703 862 1 17 0 C 0
950 3048 1 16 0 C 0
951 5832 1 3 0 C 0
5832 2054 1 15 0 C 0
952 2021 1 15 0 C 0
2427 952 1 25 0 C 0
2934 1287 1 41 0 C 0
954 2919 1 10 0 C 0
2022 2918 1 3 0 C 0
2918 953 1 2 0 C 0
953 954 1 8 0 C 0
3047 2022 1 37 0 C 0
955 3047 1 13 0 C 0
5801 3079 1 2 0 C 0
1930 1931 2 23 128 O 30
1931 1932 2 21 116 M 20
1932 1933 2 13 71 O 20
1933 1826 2 7 37 O 20
1939 1940 2 3 13 O 30
1940 1941 2 17 89 O 20
1941 5300 2 1 2 O 20
5300 1930 2 16 88 O 20
1929 1930 2 63 348 O 30
1217 1224 2 24 0 C 0
1224 5700 2 8 0 C 0
5700 2031 2 9 0 C 0
2031 1848 2 25 0 C 0
1848 1556 2 4 0 C 0
1225 4712 2 14 73 O 20
4712 4711 2 11 0 C 0
4711 4710 2 5 0 C 0
4710 1217 2 13 0 C 0
1225 1805 2 18 99 O 20
2176 1804 2 21 117 O 20
1863 3281 2 24 129 O 30
3281 5861 2 3 15 O 10
5861 3280 2 3 15 O 30
3280 2296 2 11 59 O 20
2296 2292 2 3 14 O 20
4159 2095 2 14 73 M 20
2095 5753 2 20 108 O 30
5753 2096 2 64 351 O 20
4173 4159 2 36 200 M 20
2284 2283 2 7 38 O 20
4163 4166 2 19 105 O 30
2473 2474 2 28 155 O 10
2279 2276 2 17 94 O 20
4165 2279 2 3 16 M 10
956 2593 1 2 0 C 0
1066 2566 1 35 0 C 0
3006 4432 1 16 0 C 0
957 4431 1 16 0 C 0
4430 958 1 38 0 C 0
959 2037 1 14 0 C 0
2039 960 1 43 0 C 0
961 2036 1 2 0 C 0
962 2042 1 41 0 C 0
964 1722 1 8 40 M 10
963 2638 1 15 79 O 10
3464 2700 1 9 46 O 10
3368 3464 1 21 114 O 20
2710 965 1 11 60 O 10
1925 2639 1 14 75 O 20
5609 5303 2 3 15 O 20
5303 2425 2 61 338 M 10
4021 2139 2 34 187 M 20
2139 2140 2 44 242 O 30
3345 2141 2 39 212 M 20
3378 3615 1 11 58 O 30
4642 4023 1 6 30 O 30
4023 4104 1 8 40 O 20
2700 2710 2 2 11 O 30
2665 1693 2 19 100 O 10
1693 1554 2 18 100 O 10
1554 3534 2 44 240 O 30
3491 1560 2 8 40 O 20
1560 651 2 22 118 O 20
651 4646 2 27 150 O 10
4646 3409 2 4 18 O 20
3409 1707 2 13 68 O 10
1707 3562 2 7 35 O 20
5544 1707 1 3 12 O 10
3397 1606 2 24 128 O 30
1606 1607 2 21 112 O 30
1606 1544 2 49 270 M 20
1605 258 2 12 62 O 20
258 1546 2 2 7 O 10
1544 1547 2 43 239 O 20
1544 1605 2 18 96 M 30
966 3235 1 31 170 M 20
1651 4645 1 5 26 M 10
2541 597 2 2 8 O 10
597 600 2 7 36 O 30
600 608 2 5 22 M 30
608 3880 2 8 40 O 10
3880 3878 2 38 206 M 10
3877 2547 2 24 130 O 30
2548 2100 2 22 118 O 10
2100 5850 2 14 74 O 10
5271 1115 2 3 17 O 20
1115 2325 2 44 239 O 30
5259 4138 2 25 137 O 30
5685 2317 2 35 191 O 20
2317 2318 2 97 536 M 30
2315 2316 2 38 206 O 20
2119 5683 2 1 5 O 30
2185 2187 2 55 301 M 20
2187 2190 2 30 164 O 20
2481 2751 2 34 188 O 30
2482 4672 2 1 3 O 20
4672 5862 2 3 16 O 20
5862 4673 2 3 16 M 20
4673 5780 2 8 40 M 20
5780 2476 2 9 48 O 20
2476 3915 2 12 63 O 30
3915 2477 2 9 49 O 20
2483 2484 2 20 111 O 20
2484 1126 2 27 150 O 20
2486 2483 2 29 159 O 20
1151 5827 2 6 30 O 20
5827 3041 2 2 7 O 20
3041 5783 2 21 113 O 30
5783 3201 2 42 228 M 30
3137 1126 2 26 140 M 30
3201 3137 2 22 118 O 30
1179 1121 2 19 105 O 30
1179 2223 2 48 263 M 20
2223 584 2 13 70 O 10
584 2197 2 43 237 O 30
2197 2228 2 45 250 O 20
2228 2198 2 17 92 O 30
2205 2206 2 42 230 M 20
2206 2207 2 17 94 O 10
1411 5445 2 7 34 O 10
5445 5465 2 5 28 O 10
5465 5466 2 4 22 O 30
5466 1169 2 9 46 M 20
1168 2242 2 28 152 O 10
1168 1163 2 77 424 O 20
1206 1147 1 3 14 O 30
1147 1151 1 3 15 M 20
1151 1152 1 3 13 O 10
1152 1150 1 1 5 O 20
1150 1148 1 2 9 O 30
1172 1178 1 3 16 M 30
1178 1157 1 3 15 O 30
1157 1167 1 2 8 M 30
1180 1176 1 4 19 O 30
1176 1175 1 3 12 O 20
1175 1173 1 1 2 O 10
1589 3545 2 7 36 O 20
3545 5613 2 4 18 O 20
5613 5610 2 4 18 O 10
5610 1590 2 4 22 O 30
3842 3178 1 11 0 C 0
970 971 2 3 12 O 10
972 973 2 11 59 O 20
974 975 2 6 30 O 10
976 977 2 16 84 O 30
978 979 2 21 114 O 30
980 981 2 15 78 O 10
982 983 2 15 81 O 20
1001 1002 2 4 18 O 10
1003 1004 2 5 27 O 10
1005 1006 2 4 17 M 20
1007 1008 2 5 23 O 10
1009 1010 2 4 17 O 20
1011 1012 2 3 15 O 30
1013 1014 2 3 16 O 30
1015 1016 2 3 16 O 20
1017 1018 2 4 22 O 20
1019 1020 2 4 17 O 10
1021 1022 2 4 20 O 10
986 987 2 4 18 O 20
988 989 2 3 13 O 20
990 991 2 4 19 O 10
3209 993 2 3 15 M 10
993 992 2 2 8 M 20
993 994 2 2 7 M 20
995 996 2 4 19 O 20
997 998 2 5 24 M 20
999 1000 2 4 18 O 20
2600 1023 1 13 0 C 0
1024 2067 1 7 0 C 0
65 1024 1 24 0 C 0
2599 3099 1 10 0 C 0
2067 3405 1 7 0 C 0
3405 2599 1 7 0 C 0
1025 3100 1 17 0 C 0
1026 3160 1 22 0 C 0
3160 1027 1 18 0 C 0
3183 3536 1 12 0 C 0
3097 3537 1 15 0 C 0
3536 3097 1 3 0 C 0
3159 3535 1 3 0 C 0
3182 3159 1 10 0 C 0
3535 3158 1 16 0 C 0
3145 3170 1 16 0 C 0
3161 3168 1 3 0 C 0
3150 3149 1 3 0 C 0
2074 3166 1 25 0 C 0
S M L M S L S L M S L M S L M S L M S L M S L S M L S M L M L M S L M S L M S L M S L M S L M S L M L S M L S M L M S L S M L S L M S M L M S L M L S M
