6341 7235 145800 74 5011 0.5
284 5130 2 10 0 C 0
1949 2186 1 2 6 O 10
2186 1948 1 6 29 O 30
1948 1949 1 1 4 M 20
3213 5319 2 26 141 O 30
5319 5760 2 18 97 O 20
5760 5960 2 3 14 M 10
5963 4773 1 1 3 O 10
2306 2262 1 55 305 O 30
4556 3631 2 21 114 M 10
2378 3174 2 10 53 M 10
3174 3168 2 9 48 M 20
2490 3795 2 44 244 M 20
2489 5587 2 6 30 M 10
5587 2490 2 11 59 O 30
2490 5583 2 16 86 M 30
3794 4711 2 9 48 O 20
4711 4710 2 3 13 O 20
4710 5584 2 9 49 M 20
5584 3795 2 16 85 O 20
5526 4081 2 6 30 M 10
4081 4417 2 10 51 O 20
4417 3939 2 6 30 O 30
3939 4832 2 3 15 O 20
4832 4652 2 12 67 O 30
5342 4469 2 10 53 O 20
5789 5788 2 6 29 O 20
1368 1370 1 11 58 O 10
1370 4364 1 11 57 O 10
5866 3871 2 26 140 O 30
3871 5565 2 32 175 O 30
5021 1440 1 20 107 O 30
566 5909 1 9 44 M 30
5911 1814 2 2 8 O 10
2143 4909 2 3 11 M 10
2140 5117 2 11 0 C 0
1941 496 2 16 88 O 30
3977 4525 2 12 0 C 0
495 3755 2 21 115 O 10
3755 3600 2 7 35 O 20
60 4309 2 16 88 O 30
5163 5929 2 22 0 C 0
5929 2976 2 21 0 C 0
174 4271 1 15 0 C 0
5827 293 1 15 0 C 0
293 1248 1 4 0 C 0
464 1481 1 13 0 C 0
1481 5272 1 7 0 C 0
1269 596 2 24 129 O 10
596 1268 2 10 54 M 10
4382 4424 2 9 48 M 30
1361 902 2 16 0 C 0
4068 1286 2 17 91 O 20
1287 1285 2 125 690 M 20
1285 1283 2 26 144 O 20
6329 93 2 4 21 O 30
93 3518 2 12 66 O 30
3518 2715 2 5 23 M 20
1295 5239 2 6 0 C 0
4615 4395 2 99 550 O 30
3276 5314 2 24 132 O 20
5314 4503 2 15 82 M 30
4503 3277 2 9 47 O 30
3277 3278 2 17 94 O 30
3278 576 2 5 25 O 20
3451 3225 2 37 201 O 20
3225 3468 2 8 40 O 10
3468 3463 2 9 49 O 20
3463 2766 2 32 174 M 10
2766 3455 2 46 251 O 10
3455 1300 2 43 235 O 20
2767 4796 2 6 30 M 30
4796 3460 2 25 135 O 30
3460 3462 2 8 41 O 20
3462 2769 2 28 151 M 30
2494 273 2 5 0 C 0
1347 4243 2 18 97 O 30
1357 105 2 21 0 C 0
105 103 2 20 0 C 0
103 100 2 18 0 C 0
100 1901 2 18 0 C 0
1901 5154 2 11 57 O 10
5154 2607 2 12 66 O 30
2607 1358 2 7 35 O 10
4614 1805 2 6 33 O 10
1805 908 2 7 34 M 10
908 904 2 9 45 O 30
5497 4245 2 9 48 O 20
4245 2125 2 9 46 O 10
1269 4452 2 8 39 O 10
4452 599 2 2 9 O 30
599 3602 2 12 66 O 10
1368 1268 2 5 24 O 30
4306 3153 1 7 35 O 10
1372 4846 2 2 10 O 30
4846 1371 2 8 43 O 30
6009 1373 2 10 55 M 20
1817 1816 1 9 46 M 30
1816 4850 1 2 7 O 10
4850 1817 1 3 16 O 10
5973 5165 1 1 0 C 0
5165 2568 1 1 0 C 0
2568 4778 1 1 0 C 0
2569 5166 1 1 0 C 0
5166 6200 1 4 0 C 0
6200 5164 1 1 0 C 0
1823 287 1 39 0 C 0
35 36 2 7 0 C 0
1812 1835 1 8 0 C 0
5060 1836 2 8 41 M 10
5177 5335 2 2 6 O 20
1839 818 1 7 38 O 10
818 245 1 3 13 O 20
483 1837 2 9 45 O 20
5922 1849 1 16 0 C 0
1849 5990 1 1 0 C 0
3026 3320 1 16 0 C 0
3320 5525 1 28 0 C 0
2872 2873 1 2 0 C 0
2873 1079 1 10 0 C 0
1079 5334 1 6 0 C 0
2949 2951 2 6 32 O 10
2948 6032 2 8 0 C 0
967 5514 2 3 13 O 10
5514 968 2 2 6 O 30
2950 2953 2 12 62 O 10
320 3272 2 22 122 O 10
3028 3714 1 45 0 C 0
3037 2933 1 13 71 O 10
2933 5175 1 10 52 O 10
5175 3709 1 6 31 O 20
2014 364 2 9 0 C 0
364 2499 2 1 0 C 0
5376 3136 1 10 0 C 0
2037 3713 1 22 0 C 0
3030 3029 2 7 38 O 20
3029 1909 2 5 23 O 20
3030 4237 2 16 83 O 10
3029 3032 2 21 116 M 20
3597 3753 1 7 39 O 10
5102 855 2 5 24 O 20
855 409 2 6 32 O 20
384 3760 2 9 49 O 30
3041 3040 2 5 25 O 30
5927 6097 2 38 208 O 30
3043 3042 2 12 64 O 30
3042 253 2 1 4 O 10
1393 6256 1 28 153 O 10
3603 4099 1 2 11 O 10
4099 3239 1 17 90 O 10
3621 5053 2 10 53 O 10
5053 3620 2 14 77 M 20
2295 1705 2 7 38 M 30
1705 3362 2 1 5 O 20
3362 3604 2 7 37 O 30
3604 3622 2 18 98 O 30
3622 3240 2 30 165 O 10
3616 1228 1 29 161 O 20
1228 1230 1 4 22 O 10
1230 3623 1 11 60 M 30
3623 2297 1 11 60 O 30
5192 3624 1 19 102 O 10
3624 3625 1 16 84 O 10
3624 1220 1 8 40 O 20
1220 1222 1 10 50 M 10
1222 3626 1 6 28 O 10
5323 5320 2 20 109 O 20
3628 3607 2 22 120 O 20
4296 4297 1 6 32 O 30
1757 2270 2 11 59 O 30
3610 1756 2 1 5 O 20
1756 3547 2 3 16 O 20
3637 1736 2 33 178 M 20
3608 4725 2 6 33 O 30
296 4922 2 4 19 O 20
4922 3364 2 15 78 O 30
3364 4184 2 13 72 O 10
5863 3651 2 23 125 O 20
3792 5600 2 31 169 M 30
5600 4740 2 5 25 O 10
4740 3108 2 15 79 O 10
4210 5594 2 5 24 O 10
5594 5596 2 8 44 O 30
5596 5864 2 7 38 O 30
4277 3833 1 23 123 O 10
5429 2187 1 17 92 O 30
3597 1711 2 8 43 O 10
1711 5173 2 9 45 O 30
514 2575 2 7 0 C 0
2575 513 2 8 0 C 0
4937 4481 2 10 0 C 0
4481 5227 2 7 0 C 0
1294 4610 2 48 263 O 10
3687 1636 2 5 24 O 20
1636 5236 2 4 22 M 10
3614 4428 2 10 55 M 10
4428 3632 2 10 54 O 10
3632 2297 2 39 215 O 20
5833 4636 2 4 17 O 20
2302 4453 2 13 72 O 30
4453 3696 2 2 11 O 30
3694 3695 1 30 163 O 30
5345 522 2 7 34 O 10
1794 841 2 28 151 O 30
5362 4429 1 44 240 O 30
3705 3703 1 7 37 O 10
1828 3598 1 68 376 O 20
2998 1936 1 20 0 C 0
1936 4100 1 8 0 C 0
5174 3709 1 8 44 O 20
3710 5173 2 13 70 M 20
3708 3710 2 16 87 O 10
3716 3717 1 16 0 C 0
3718 5036 1 20 0 C 0
3765 2276 1 2 0 C 0
2148 2155 2 8 0 C 0
2155 2150 2 11 0 C 0
2293 2294 2 20 109 O 30
2294 4534 2 19 100 O 20
3773 2157 2 13 69 O 10
2157 2151 2 13 68 O 30
3774 3960 1 16 88 M 10
4424 2261 2 14 76 O 30
2261 3601 2 8 43 O 10
6128 6130 2 8 40 O 20
1282 6127 1 12 61 M 30
6095 2508 2 26 141 O 30
2508 3555 2 15 83 O 10
3555 6093 2 15 78 O 30
1092 830 1 2 7 O 20
5 5407 2 31 168 O 10
5221 2121 2 3 13 O 30
2121 5222 2 4 17 M 30
3809 2114 2 9 46 O 10
1 6238 1 4 17 O 10
3707 2998 1 36 0 C 0
3266 110 2 7 0 C 0
3918 3919 1 2 0 C 0
3919 3920 1 3 0 C 0
4971 2361 1 18 0 C 0
3957 5231 1 17 0 C 0
1319 1272 2 4 22 O 10
3640 3961 1 12 64 O 20
3962 5795 1 11 59 M 30
4281 1728 1 8 0 C 0
5923 3977 2 11 0 C 0
3979 3980 2 55 0 C 0
3704 1823 1 67 368 O 10
3982 3655 1 28 153 O 30
1821 2193 1 7 37 M 30
5450 6044 2 30 162 O 30
2512 6061 2 15 83 O 10
3778 4598 2 4 0 C 0
4598 5897 2 1 0 C 0
5897 3846 2 12 0 C 0
5255 4107 2 5 0 C 0
4107 3983 2 20 0 C 0
4162 311 1 38 0 C 0
3599 4018 1 415 2301 O 20
1830 4251 1 10 0 C 0
4019 4021 2 7 36 O 20
4019 4020 2 8 44 M 10
4023 3705 1 415 2302 O 20
1806 1845 2 11 0 C 0
2408 4112 1 21 0 C 0
3273 4026 1 8 41 O 30
3826 5061 1 7 0 C 0
40 1613 2 13 69 O 30
1613 523 2 2 11 O 30
4141 5361 2 10 52 O 20
5361 4142 2 31 167 O 20
4150 5361 2 18 95 O 10
1355 4242 2 24 0 C 0
4242 2631 2 31 0 C 0
4566 524 2 12 0 C 0
3695 5338 1 21 115 O 10
2272 6146 2 27 145 O 20
4356 4357 2 18 99 O 10
4653 3283 2 9 46 O 10
3283 4352 2 2 9 O 30
4352 5747 2 3 16 O 30
2354 4654 2 24 131 O 30
4656 4658 2 8 42 O 10
4658 4657 2 8 42 M 30
2950 2951 1 22 121 O 20
4928 4473 1 30 0 C 0
792 4474 1 21 0 C 0
2138 3768 2 15 0 C 0
3768 4513 2 23 124 O 30
4513 4651 2 20 109 M 30
4651 4372 2 32 174 O 20
5303 4266 1 51 0 C 0
2032 4161 1 29 0 C 0
2021 2039 1 16 0 C 0
2221 2220 1 122 0 C 0
4972 4971 1 30 0 C 0
1972 3113 1 101 0 C 0
5611 1972 1 26 0 C 0
5009 5010 2 40 0 C 0
5010 5011 2 39 0 C 0
5021 3650 1 41 226 O 30
1192 5022 1 9 45 O 30
2015 1948 2 10 53 O 20
3606 3629 1 9 46 O 20
3629 3605 1 5 23 O 30
3605 5418 1 24 129 M 20
5418 3627 1 14 76 O 10
5359 2297 2 7 37 O 10
1842 2927 1 22 117 M 10
3647 3870 1 30 163 O 20
3870 1019 1 16 88 O 20
1019 3641 1 9 50 O 30
3641 3642 1 18 97 O 20
3652 3643 2 33 182 M 20
3643 3866 2 10 52 M 20
3074 5092 2 16 0 C 0
5092 3658 2 7 0 C 0
5030 1327 2 46 0 C 0
1327 4048 2 41 0 C 0
4048 6107 2 42 0 C 0
6107 1234 2 8 0 C 0
2504 2502 2 1 0 C 0
2503 2070 2 4 0 C 0
5760 3346 2 7 35 O 10
3346 4556 2 7 33 M 20
5319 3347 2 7 33 O 20
3347 386 2 2 9 O 20
5321 5322 2 30 167 O 30
2355 3618 1 12 62 O 30
5360 5359 2 3 16 O 10
1209 5363 2 16 88 O 20
5363 5364 2 4 19 O 20
3613 5373 2 9 50 O 20
5373 5365 2 12 65 O 20
5372 5374 2 10 54 O 20
3629 2355 1 36 196 O 10
5438 1246 2 1 3 O 10
1246 1640 2 6 31 O 30
1640 1383 2 3 13 O 10
1383 5437 2 8 42 O 10
5437 5167 2 16 87 O 20
5853 5167 2 4 20 O 20
5167 5439 2 24 133 M 10
5439 2151 2 3 11 O 20
3772 5444 2 14 77 O 20
4651 1035 2 15 80 O 20
1035 4659 2 5 23 O 30
308 5954 2 17 0 C 0
5954 2944 2 3 0 C 0
3692 1061 2 9 50 O 10
1061 5912 2 19 104 O 30
5453 5454 2 9 50 O 30
5454 5455 2 30 165 M 20
4640 4641 2 9 50 O 20
4641 5457 2 44 243 O 30
5457 5459 2 9 49 O 10
836 4979 2 7 36 O 30
4979 5463 2 8 43 O 20
5468 5467 2 59 322 O 10
5472 5473 2 35 191 M 30
5473 5471 2 33 181 O 30
5476 1779 2 3 16 O 30
1779 1782 2 4 21 O 10
1782 4638 2 3 11 M 30
4638 5475 2 18 95 O 20
5475 5477 2 42 229 O 30
5479 5480 2 28 155 O 20
5480 5481 2 39 217 O 20
2954 5512 2 8 44 O 30
5512 5513 2 3 12 O 10
5470 5469 1 21 111 O 30
5460 5464 1 9 50 O 20
5464 2300 1 3 17 O 10
5488 5489 2 39 213 M 30
5489 4231 1 22 119 O 10
4231 5490 1 8 44 O 10
5491 5486 2 8 44 O 30
5486 5492 2 15 82 M 20
5500 5499 2 8 39 O 30
5499 788 2 2 11 O 20
5492 5493 2 14 77 O 10
5503 2708 2 17 92 O 10
2708 5497 2 9 49 O 30
5497 5498 2 10 51 O 30
5498 5494 2 15 81 M 20
5494 5499 2 23 128 O 10
5495 5493 2 24 129 O 30
5502 5503 2 9 49 O 30
5503 5501 2 10 54 O 30
5505 5506 2 9 48 M 20
5506 5504 2 9 50 O 30
5508 5506 2 14 74 O 20
5509 5510 2 11 60 O 30
5511 5510 1 10 54 O 10
5510 5512 1 9 48 O 30
5474 5475 1 11 61 O 20
5475 5473 1 12 67 O 30
5473 5480 1 12 66 O 10
5480 4139 1 13 67 O 10
5519 5518 2 52 287 M 10
5518 5517 2 16 85 O 20
4381 5527 1 48 262 O 10
5530 809 2 10 52 M 30
809 4346 2 3 12 O 20
4346 4348 2 21 113 O 20
4348 5529 2 12 65 O 10
5531 5532 2 20 108 O 30
5533 5534 2 11 59 O 20
1771 4672 1 28 155 O 20
5537 4406 2 35 191 O 30
4406 4198 2 7 37 M 30
3928 4653 2 19 105 M 20
4653 4654 2 14 72 O 10
3887 4471 1 10 52 O 20
3175 5762 1 10 54 O 30
5544 780 2 10 51 O 10
780 3368 2 1 4 O 20
3368 5546 2 3 13 O 20
5546 3171 2 13 67 O 20
5547 1187 2 27 145 O 10
1187 5546 2 14 73 O 10
3630 2378 2 19 101 O 20
2378 5550 2 17 94 O 20
5550 3172 2 13 71 O 10
3172 1777 2 2 9 O 30
1777 1775 2 7 39 O 30
1775 3171 2 9 46 O 10
3171 3635 2 39 212 O 30
3630 2165 2 29 158 O 10
2165 2163 2 4 20 O 30
2163 4775 2 6 29 M 30
5550 3170 1 12 61 O 20
3170 3177 1 18 98 O 30
5551 3375 1 9 46 M 30
3375 3174 1 13 72 M 30
3174 3170 1 17 93 M 30
4298 4182 2 17 94 O 30
5554 3539 2 9 49 O 20
3539 1462 2 9 48 M 10
1462 254 2 1 5 O 20
5558 4294 1 33 179 O 10
5564 332 1 16 87 M 20
5578 4420 1 29 159 O 20
5567 3915 2 21 115 O 20
5565 1252 2 1 1 O 20
1252 5568 2 31 170 M 20
5568 4421 2 4 21 O 30
5569 3857 2 7 38 O 20
4421 3905 2 47 257 M 10
3905 5569 2 5 25 O 20
5569 3654 2 11 59 O 30
2488 5574 2 15 82 O 30
5574 3050 2 23 125 O 20
5575 5576 2 17 90 O 10
5576 2488 2 13 68 O 30
5576 4049 2 19 105 O 20
4049 5572 2 13 68 M 10
3092 5568 2 100 555 O 10
6271 5566 2 11 56 O 10
5579 5580 2 28 151 O 30
587 3844 2 4 17 O 30
3844 1075 2 1 4 O 20
1075 374 2 7 38 M 10
5587 5589 2 51 283 O 20
5589 5590 2 15 81 O 30
5585 5588 2 30 166 O 20
5875 3641 2 21 116 M 30
3641 3643 2 21 112 O 10
3643 3644 2 20 107 M 30
5596 5595 2 35 193 O 10
5862 1673 1 3 13 O 10
1673 2710 1 42 233 O 20
2709 5597 2 20 109 O 10
5599 4784 2 17 92 M 30
5603 5602 2 37 202 M 30
5601 604 2 9 47 O 20
604 19 2 1 2 M 30
5605 5604 2 30 164 O 30
5604 5602 2 18 97 M 20
5602 5606 2 17 94 O 10
4208 5605 2 12 64 O 10
5605 4209 2 5 25 M 10
3791 5607 2 22 120 O 10
5607 5606 2 53 294 M 30
5606 3787 2 5 0 C 0
3808 5671 2 10 53 O 10
5671 5624 2 3 11 O 10
5609 4914 2 11 58 O 10
4914 532 2 8 42 O 20
532 4742 2 33 180 O 30
4742 5727 2 10 54 O 10
5614 4995 2 5 0 C 0
4995 615 2 5 0 C 0
615 5613 2 6 0 C 0
5616 4994 2 13 0 C 0
5619 5618 2 18 0 C 0
2118 3016 2 29 156 M 10
3016 5620 2 2 10 O 10
5620 5621 2 32 176 O 30
5621 5619 2 17 0 C 0
3808 2122 2 18 97 O 10
5622 470 2 25 137 O 20
5624 5623 2 5 26 O 20
5623 470 2 12 64 O 20
5627 5626 2 14 75 M 10
5626 2094 2 8 41 O 30
5970 1398 2 5 23 O 20
1398 5627 2 12 62 O 10
5624 5656 2 10 50 O 20
5628 5629 2 11 57 O 30
5629 5639 2 13 67 O 20
5639 2109 2 10 52 O 30
5632 5967 1 7 34 M 30
5967 5633 1 4 18 M 20
5633 5634 1 23 126 M 10
5636 5965 1 2 10 M 30
5965 5637 1 13 71 O 10
5637 3863 1 4 19 O 20
5638 5637 1 14 76 O 20
5629 5633 1 12 64 O 20
5966 5639 2 7 39 O 10
1257 5630 1 12 63 M 30
5573 5572 2 26 144 O 30
5572 5591 2 2 10 O 30
5591 2489 2 19 104 O 10
2489 5575 2 3 15 O 30
5575 2487 2 22 117 M 10
2487 984 2 15 81 O 30
5642 5649 2 11 60 M 30
5649 5631 2 11 57 O 10
5647 5644 2 11 59 O 20
5644 5661 2 11 58 M 30
5661 5653 2 11 57 M 30
5653 5667 2 13 70 O 30
5665 5652 2 13 69 O 10
5652 5660 2 11 57 O 20
5660 5645 2 11 59 O 10
5645 5646 2 11 60 O 20
5647 5646 2 13 67 O 30
5649 5648 2 18 97 O 20
5656 5655 2 12 64 O 20
5655 5654 2 21 113 M 30
5654 5641 2 11 58 M 10
5659 5658 2 21 113 O 20
5661 5660 2 13 67 O 20
3392 3561 1 4 17 O 30
3561 5662 1 6 29 O 10
5663 5665 2 12 63 O 20
5665 5667 2 13 67 O 20
5667 5666 2 11 60 O 30
5668 5669 2 11 56 O 20
5669 5670 2 21 113 O 10
5670 5671 2 13 72 O 10
5670 5655 2 11 59 O 10
5655 5658 2 11 60 O 10
5658 5657 2 11 58 O 20
5669 5654 2 11 57 O 20
5654 5659 2 11 58 M 30
5659 5643 2 11 58 O 30
2120 5666 2 11 57 O 30
5666 5668 2 2 10 O 30
5668 5641 2 11 60 M 20
2120 5673 1 20 106 O 20
5672 3811 2 17 91 O 30
5675 3867 1 11 59 O 20
5676 1456 1 10 54 O 30
1456 3561 1 36 195 M 30
3561 3398 1 2 11 O 10
5677 5650 1 11 60 O 10
5680 5681 2 59 324 O 30
5681 5682 2 9 49 O 10
5683 5681 2 12 67 M 20
1322 5685 2 4 18 O 20
5685 5686 2 19 101 O 20
5686 5687 2 19 104 O 10
5691 5692 2 17 90 O 20
5689 5692 2 24 129 O 20
4460 5695 2 3 17 O 30
5695 5674 2 17 93 O 30
5696 1323 2 7 35 O 30
5701 5697 2 16 87 O 10
5679 5701 1 2 10 O 20
5704 231 2 19 103 O 20
231 229 2 4 20 O 20
229 1286 2 15 81 O 30
1320 3801 2 4 22 O 30
3801 4965 2 4 21 O 30
4965 5707 2 3 13 O 20
5707 4960 2 6 29 O 10
4960 4339 2 8 43 O 10
4339 1106 2 19 104 O 20
5709 4670 2 7 38 O 20
5382 2684 2 16 86 O 20
343 339 1 2 10 O 30
5685 1089 2 11 60 O 10
1089 1123 2 18 95 O 10
1123 5714 2 23 124 O 10
5686 5715 2 51 279 O 20
5687 5524 2 12 63 O 20
5524 5716 2 30 165 O 30
2678 5717 2 25 135 O 30
5690 5719 2 18 97 O 30
2691 5718 2 16 85 O 20
5720 2966 2 38 208 O 10
2418 5840 2 7 0 C 0
4920 5959 1 4 0 C 0
5370 6040 1 33 178 O 10
6041 6042 2 33 0 C 0
6042 6043 2 24 130 O 30
3690 2704 1 17 0 C 0
6044 2130 2 7 39 O 30
6038 6045 2 9 45 O 30
6045 6039 2 25 137 O 30
2704 2705 2 9 0 C 0
2705 6046 2 9 0 C 0
6046 6047 2 31 0 C 0
6047 6048 2 9 0 C 0
6049 6050 2 2 9 O 30
6051 6052 2 9 45 O 10
6046 6054 2 9 0 C 0
6054 5450 2 9 0 C 0
5450 6056 2 8 44 M 10
6056 6050 2 9 46 O 30
6039 6053 2 8 42 O 30
6055 6056 2 28 154 O 10
2522 963 1 4 0 C 0
963 6058 1 2 0 C 0
6061 6065 2 30 167 O 30
6065 6066 2 16 88 O 20
6066 6063 2 4 17 O 20
6063 2520 2 18 95 M 20
6062 6063 2 32 177 O 20
6064 6065 2 27 148 O 10
6066 2428 2 18 97 O 30
2524 2523 2 15 81 O 20
6070 6072 2 25 135 O 30
629 6071 2 11 60 O 10
6072 6073 2 17 90 M 30
6074 3208 2 11 58 O 30
3208 6075 2 4 18 O 10
6076 6077 2 34 184 O 20
6078 6079 2 45 245 O 10
3008 6084 2 26 143 O 20
6084 6094 2 22 118 O 10
6094 4502 2 3 13 M 20
4502 6081 2 23 122 O 20
6084 6082 2 10 53 O 30
6085 6086 2 18 97 O 10
6086 6083 2 23 123 O 20
6083 6087 2 23 125 O 30
6088 6090 2 14 75 O 10
6090 6086 2 11 58 O 20
6089 3424 2 12 64 O 30
3424 6090 2 11 60 O 10
6090 6091 2 9 45 M 10
6085 6089 2 13 67 O 30
6089 6092 2 9 48 O 20
6092 6081 2 15 79 O 10
6081 2510 2 16 84 M 30
2510 2508 2 3 12 O 30
6092 2511 2 26 141 O 10
2511 6093 2 23 127 O 20
6094 6095 2 18 98 O 10
1276 6096 2 36 196 O 20
6117 5298 2 48 266 M 20
5151 1001 2 41 228 O 20
6109 3064 2 33 180 O 10
3064 6115 2 20 108 O 20
6115 1279 2 49 269 O 20
6119 5153 2 13 69 M 10
5153 6118 2 55 300 O 10
1753 6121 2 13 68 O 10
1363 3011 2 16 85 O 30
3011 6123 2 42 232 M 10
3985 6176 2 20 0 C 0
6176 3371 2 20 0 C 0
6127 5184 2 20 111 O 30
5184 6126 2 8 42 O 20
6129 6130 2 13 70 O 10
6131 6133 2 10 52 O 10
6133 6129 2 56 306 O 10
3013 6132 2 64 352 O 30
6132 3782 2 10 51 O 20
6132 6134 2 10 50 O 10
6134 6133 2 9 48 O 20
6134 6135 2 67 368 O 10
4139 4140 2 46 254 O 30
6137 1313 1 1 2 O 10
1313 162 1 12 66 O 30
4127 5675 1 5 25 O 30
1272 5148 2 9 45 M 20
5148 4338 2 1 5 O 20
4338 3801 2 12 63 O 20
6147 6149 2 15 83 O 20
6149 6148 2 10 53 O 10
6149 6152 2 12 66 O 10
6152 6150 2 13 70 O 30
6151 6152 2 18 95 O 20
6153 6154 2 44 239 O 30
6154 6155 2 25 137 O 20
6158 6159 2 32 174 O 10
5937 6161 2 4 19 O 10
1301 1353 2 35 0 C 0
6163 6164 2 41 0 C 0
6165 1354 2 31 0 C 0
6171 6172 2 60 0 C 0
6173 6171 2 21 0 C 0
6318 6319 2 90 495 O 30
6320 1626 2 19 102 M 30
1626 1624 2 3 15 O 30
1624 4859 2 2 6 O 30
4859 2603 2 6 33 O 30
2603 6321 2 53 289 O 20
6327 2718 2 18 98 O 20
2718 6323 2 17 91 O 30
3414 1526 2 10 52 O 20
1526 1523 2 3 14 M 10
1523 1489 2 6 32 M 20
1489 3688 2 10 54 O 10
3688 1338 2 16 87 O 20
1338 1337 2 9 45 O 20
1337 1544 2 4 18 O 20
1544 304 2 8 42 M 20
6326 6332 2 26 140 O 30
6332 970 2 18 100 O 30
5396 4719 2 5 24 O 10
4719 6331 2 17 89 M 10
6331 6322 2 23 127 O 10
6331 6332 2 28 154 M 20
2554 2717 2 16 88 M 20
2717 6328 2 18 98 M 20
3691 6058 2 15 0 C 0
6058 4647 2 13 0 C 0
78 3516 2 49 268 O 10
3516 2840 2 18 98 O 20
2840 3532 2 21 111 O 30
3532 79 2 28 154 O 30
4059 2711 2 10 51 M 20
2711 81 2 7 36 O 30
81 80 2 10 52 M 20
81 82 2 55 304 O 10
83 84 2 78 428 O 20
85 86 2 78 429 O 20
88 89 2 55 0 C 0
90 5156 2 9 50 M 20
5156 3426 2 37 202 O 10
3426 1900 2 10 0 C 0
3426 91 2 56 306 O 20
92 412 2 4 0 C 0
412 3428 2 6 0 C 0
3428 1750 2 38 207 M 30
94 97 2 20 106 O 20
97 5244 2 18 98 O 30
96 5398 2 38 209 O 10
5121 3307 2 4 18 O 10
3307 1695 2 19 101 O 10
1695 1693 2 3 14 O 30
1693 1691 2 2 11 O 20
1691 1689 2 1 4 O 10
1689 1687 2 2 6 O 30
1687 1685 2 2 9 O 30
1685 1683 2 1 4 O 30
1683 5242 2 5 24 O 30
3529 3515 2 10 51 M 10
6172 6166 2 9 0 C 0
108 109 2 30 0 C 0
110 634 2 29 0 C 0
2719 105 2 17 0 C 0
4595 213 2 9 0 C 0
213 120 2 5 0 C 0
2771 223 2 10 0 C 0
223 219 2 31 0 C 0
383 5424 1 89 490 O 20
2444 1364 1 16 85 O 10
2848 162 1 7 34 M 30
172 155 1 23 128 O 30
155 3694 1 11 60 O 20
5785 361 1 31 169 O 20
24 51 2 18 0 C 0
51 222 2 5 0 C 0
221 909 2 7 0 C 0
909 1331 2 11 0 C 0
1331 225 2 1 0 C 0
225 54 2 5 0 C 0
54 55 2 3 0 C 0
55 222 2 12 0 C 0
224 227 2 18 97 O 10
225 268 2 14 0 C 0
4018 452 1 27 149 O 20
2212 2217 1 10 0 C 0
2204 2215 1 10 0 C 0
2215 2206 1 129 0 C 0
2202 803 1 8 0 C 0
6025 2214 1 35 0 C 0
2206 5377 1 58 0 C 0
5377 2216 1 61 0 C 0
4146 2219 1 54 0 C 0
1973 951 1 77 0 C 0
1985 5162 1 8 0 C 0
2072 2078 2 34 0 C 0
2078 3288 2 41 0 C 0
3288 2082 2 41 0 C 0
2080 2081 2 14 0 C 0
2502 3289 2 37 0 C 0
3289 2501 2 40 0 C 0
3291 3292 2 54 0 C 0
3292 2544 2 24 0 C 0
1881 3295 2 21 0 C 0
3295 3297 2 16 0 C 0
3297 3296 2 16 0 C 0
3296 991 2 6 0 C 0
991 3732 2 11 0 C 0
3732 1870 2 4 0 C 0
5120 3306 1 3 17 O 30
3306 5122 1 13 71 M 30
3303 3304 2 18 98 O 30
478 3308 2 10 54 O 10
3308 3053 2 4 17 M 10
3053 3309 2 4 18 O 10
3312 4553 2 7 38 M 20
4553 6154 2 23 124 O 10
6154 2562 2 22 117 O 20
3873 4291 1 14 73 M 20
4370 5228 1 6 0 C 0
3301 3302 1 15 0 C 0
3302 3317 1 97 0 C 0
2413 5419 1 12 0 C 0
5419 6229 1 64 0 C 0
5419 3318 1 43 0 C 0
3325 2406 1 36 0 C 0
3631 4259 2 22 121 O 30
3339 5542 1 13 69 O 30
2858 3339 2 15 80 O 20
3339 3340 2 15 82 O 20
3340 763 2 5 26 O 30
763 3342 2 8 42 O 10
3341 3340 1 14 73 O 30
3344 1463 2 6 32 M 10
1463 3345 2 7 36 O 20
5543 3341 1 17 94 O 20
3341 1451 1 5 25 O 30
1451 5542 1 8 44 O 20
5542 1448 1 13 69 O 30
1448 3175 1 45 249 M 20
3346 3347 2 18 97 O 10
3348 2544 2 2 0 C 0
2778 4537 2 32 0 C 0
4537 3353 2 53 0 C 0
3353 3354 2 10 0 C 0
3354 3358 2 9 0 C 0
843 4800 2 14 0 C 0
4800 3356 2 9 0 C 0
4151 4426 1 11 58 O 30
4426 40 1 21 117 O 20
40 1678 1 15 81 O 30
1678 1677 1 11 56 O 10
1677 1703 1 4 19 O 30
1703 3774 1 12 64 O 30
3173 1130 2 22 118 O 10
1130 3169 2 3 16 M 10
3169 3176 2 6 28 O 20
3176 5544 2 5 23 O 10
5544 1183 2 15 80 O 10
1183 5545 2 27 146 O 20
3364 3365 1 3 13 O 30
3365 5541 1 8 43 O 10
5541 3173 1 7 37 O 30
5541 3175 1 15 82 O 20
4922 3365 1 16 89 O 10
3635 3380 2 10 50 O 10
3380 5547 2 2 10 O 10
5547 5545 2 13 70 O 20
3366 3367 2 31 167 O 30
3369 3377 1 16 85 O 20
3377 1181 1 4 20 O 10
1181 3368 1 7 37 O 30
4258 3173 2 11 57 M 10
296 4258 2 13 67 O 10
3635 3366 1 19 103 O 30
3366 5543 1 28 155 M 30
5543 3345 2 11 59 O 10
3345 3343 2 8 39 O 10
3375 3168 1 10 54 O 10
3168 3177 1 13 72 M 20
556 3634 2 8 42 O 30
3634 3635 2 22 118 O 10
2164 773 1 8 44 O 30
3377 3379 2 11 57 O 20
3369 3378 2 9 49 O 30
3445 3446 2 22 117 O 30
3448 5403 2 50 275 O 10
5403 3222 2 46 255 O 20
3222 3449 2 55 305 O 20
3450 3452 2 21 112 O 10
3453 3454 2 31 171 O 10
3451 1299 2 56 309 O 20
3455 3456 2 6 31 O 20
3456 4585 2 37 202 O 10
4585 3457 2 2 10 O 30
3458 5917 2 4 21 O 10
5917 3459 2 39 213 O 20
3460 3461 2 28 153 O 20
3462 3465 2 23 125 O 30
3465 3463 2 161 891 O 10
1300 3464 2 24 133 O 20
3465 3466 2 10 51 O 30
3467 3469 2 16 84 O 30
3469 3468 2 14 74 O 20
3221 3469 2 27 147 O 10
3469 3224 2 8 43 O 30
3224 3470 2 15 83 O 30
1661 3472 2 32 176 O 30
2351 3585 2 28 153 O 20
3585 3586 2 20 108 O 30
3586 3473 2 35 190 O 20
3476 3583 2 16 87 O 10
3583 3478 2 14 77 O 30
3478 2917 2 27 148 O 20
2917 3477 2 12 61 O 30
3478 3479 2 26 143 O 20
3479 3480 2 24 129 O 10
3489 3490 2 4 0 C 0
3490 3491 2 12 0 C 0
3491 3492 2 4 0 C 0
3492 3510 2 12 0 C 0
3510 3502 2 6 0 C 0
3502 3493 2 11 0 C 0
3493 3500 2 17 0 C 0
3500 3501 2 16 0 C 0
3501 3499 2 17 0 C 0
3495 3554 2 3 0 C 0
3499 3505 2 14 0 C 0
3505 3508 2 15 0 C 0
2527 3507 2 19 0 C 0
3507 3509 2 10 0 C 0
3509 3508 2 41 0 C 0
2528 2527 2 24 0 C 0
3515 3516 2 27 146 O 10
3516 86 2 26 144 O 10
3135 3134 2 8 39 O 30
3518 3133 2 8 40 O 10
3133 5394 2 1 3 O 20
3520 3521 2 22 122 O 20
3521 3522 2 29 156 M 30
3521 3524 2 63 349 O 30
3524 527 2 8 43 O 10
527 3525 2 10 55 O 20
3524 3526 2 16 85 M 20
3527 6311 2 19 101 O 10
6311 3528 2 33 181 O 30
1665 2594 2 11 57 M 10
2594 5935 2 11 61 O 20
5935 431 2 16 86 O 10
431 1664 2 9 49 O 20
3530 6312 2 26 144 O 30
6312 3203 2 34 187 O 20
3203 4400 2 3 12 O 20
4400 4401 2 36 195 O 30
4401 4486 2 2 9 O 30
4486 3522 2 107 591 O 30
1288 3531 2 55 302 O 20
3531 3204 2 11 60 O 20
3204 424 2 27 147 M 10
424 3530 2 4 21 O 30
3539 3540 2 26 141 O 10
5340 5787 1 1 4 M 30
3541 3542 1 3 15 O 10
3542 3382 1 2 9 M 20
3382 3544 1 3 15 O 20
3544 3546 1 3 13 O 30
3546 3541 1 1 3 O 20
3542 345 2 13 71 O 10
3544 3545 2 16 84 M 30
3546 3543 2 7 36 O 10
3547 3548 2 20 110 M 10
1652 3543 2 17 91 O 30
3543 2270 2 11 59 O 30
1652 3547 1 4 17 O 20
3550 3549 2 8 43 O 30
3555 3556 2 18 96 M 10
3557 3004 2 7 34 O 20
2798 3558 1 27 145 M 10
3806 3560 2 23 123 O 10
3788 3657 2 36 0 C 0
3091 4865 1 10 52 O 20
4865 3104 1 9 49 O 30
6041 5447 2 9 0 C 0
3013 6135 2 10 54 M 30
6135 6128 2 22 122 O 30
2459 6168 2 65 0 C 0
2558 733 2 9 46 O 30
733 737 2 6 30 O 30
737 734 2 4 19 O 10
734 739 2 3 16 O 10
739 741 2 3 12 O 10
741 743 2 3 14 O 30
743 745 2 4 18 O 10
745 747 2 4 17 O 30
747 751 2 6 33 O 20
751 749 2 1 5 M 20
749 2557 2 13 68 O 30
3582 2799 2 43 234 M 30
3584 3585 2 25 137 O 10
3789 3586 2 39 213 O 20
4173 4512 1 26 144 O 20
2450 3697 2 25 0 C 0
3697 4230 2 2 11 O 30
4230 2142 2 13 68 O 10
1835 12 1 22 0 C 0
3983 344 2 3 0 C 0
344 3984 2 25 0 C 0
3259 4928 1 46 0 C 0
2071 2074 2 12 0 C 0
2074 2080 2 12 0 C 0
2249 2250 1 7 0 C 0
5364 4523 2 16 83 M 10
3953 3746 2 4 18 O 30
3746 4751 2 5 26 M 30
4751 3745 2 3 12 O 30
3745 2174 2 20 107 O 20
2174 2172 2 6 28 M 10
3033 5112 2 29 157 O 20
5112 4236 2 14 76 M 30
3835 3652 2 5 22 O 20
3652 5590 2 11 57 O 20
4037 5585 2 4 20 O 10
5585 1953 2 8 40 O 30
3837 5589 2 11 59 O 10
6132 2656 2 50 276 M 30
4036 3839 2 20 107 O 20
4035 4036 2 13 69 M 10
4036 3841 2 8 39 O 10
5592 3842 2 11 57 O 20
1441 5859 2 5 27 O 10
5859 4645 2 7 35 O 10
5833 4447 1 3 15 O 30
6270 6272 1 4 20 O 20
6272 5868 1 19 101 O 10
4361 3700 1 12 63 O 20
3638 5341 1 7 37 O 30
4296 4729 1 18 96 O 30
3851 4910 1 18 96 M 10
4363 3858 1 3 13 O 30
3854 3855 2 10 54 M 20
3856 1815 2 23 123 O 20
5020 3649 1 9 45 O 10
3649 568 1 2 10 M 20
568 3650 1 25 139 M 10
806 4910 1 12 62 O 10
4910 4361 1 4 20 O 10
3654 3904 2 8 43 O 20
3904 3646 2 14 75 M 10
5582 3844 1 18 98 M 20
3843 4709 2 2 8 M 10
3860 3073 1 9 45 O 30
3073 3861 1 11 56 O 20
3862 4126 1 12 65 M 30
3863 4442 1 21 116 O 30
5864 5876 2 8 44 O 10
5876 5863 2 16 89 O 20
5863 4714 2 20 110 O 30
4714 5877 2 7 35 O 30
5877 5862 2 31 172 O 10
5862 1668 2 2 9 O 20
1668 3655 2 28 152 O 30
3867 4586 2 2 7 O 30
5563 2587 1 2 7 M 20
3867 4129 1 9 48 O 20
3870 5593 1 34 186 O 20
5593 5592 1 14 76 O 30
5592 5591 1 42 231 O 10
5865 3869 2 8 40 O 20
5873 4413 1 13 68 O 30
3878 5604 2 19 105 O 10
3880 3218 1 7 34 O 10
3218 3879 1 2 10 O 30
5513 3217 1 2 10 O 10
3217 3880 1 8 40 O 30
5470 3881 1 10 53 O 10
3881 4916 1 11 56 O 10
3882 5515 2 7 35 M 10
3838 3839 2 10 51 O 30
3839 3840 2 4 22 M 30
10 2116 2 4 21 O 10
2116 3811 2 34 186 O 30
3811 2700 2 9 49 O 30
5515 3881 2 5 27 M 30
3884 3885 1 33 181 O 20
3886 3885 1 10 55 O 20
3885 3887 1 8 42 M 20
3887 4472 1 32 177 M 20
3888 3889 2 19 102 O 10
3895 638 2 3 15 M 10
638 3894 2 3 13 M 20
3894 3893 2 6 32 O 30
3893 3892 2 24 133 O 10
3897 5555 2 24 129 O 10
3898 4438 2 23 126 O 30
5556 3899 2 7 35 O 30
3899 3901 2 21 112 O 10
3903 1758 2 15 82 O 20
1758 1761 2 2 6 O 20
4911 4438 2 5 23 O 10
4438 4362 2 1 5 O 30
4362 5555 2 10 54 O 30
5555 5556 2 11 59 M 20
5556 5557 2 7 37 O 10
5557 3550 2 11 58 O 30
5557 3902 2 12 66 O 30
3899 3900 2 16 86 O 10
5571 5570 2 11 61 O 30
3904 3905 2 25 134 M 10
3908 3909 2 18 99 O 10
3910 3911 2 10 53 O 20
3805 3806 2 8 43 O 10
3806 4314 2 8 42 M 30
4314 4993 2 12 62 O 30
4993 3809 2 21 114 O 20
3809 2116 2 8 42 M 10
3894 3916 2 11 60 O 30
855 175 1 3 15 O 30
3941 3942 2 14 76 O 30
155 3948 1 16 85 O 30
3948 1194 1 1 2 M 20
3035 2178 1 5 28 O 20
2178 62 1 3 14 M 30
62 3035 1 3 12 O 30
3992 465 2 3 0 C 0
3995 3996 1 7 0 C 0
4091 5093 1 23 0 C 0
2322 4015 1 12 0 C 0
4025 4024 2 19 105 O 20
363 6255 1 6 33 O 20
3073 4038 2 8 43 M 30
4038 5014 2 9 49 O 20
5014 1442 2 3 16 O 20
4300 1007 2 11 0 C 0
1007 281 2 3 0 C 0
6201 4045 2 18 0 C 0
3398 3393 1 10 55 O 10
4049 4050 2 13 71 O 10
5705 1125 2 6 28 O 10
1125 4070 2 10 51 O 10
4069 4997 2 4 20 O 30
4997 4999 2 4 17 O 30
4999 5001 2 4 17 M 20
5001 5003 2 4 18 O 20
5003 5007 2 3 17 O 30
5007 5006 2 4 17 M 30
5006 4068 2 19 104 M 10
4137 4980 2 33 182 O 10
4491 4074 1 15 81 O 10
4074 4072 1 5 26 M 30
4072 4073 1 10 54 O 30
3633 1641 2 26 141 O 10
1641 5437 2 3 14 O 10
4077 4078 2 8 41 M 10
4079 1674 2 4 20 M 30
1674 4350 2 13 68 O 20
4539 4529 2 8 41 O 10
4642 4082 2 21 111 O 20
5521 5520 2 15 80 O 30
4095 4097 2 4 18 O 30
4097 4094 2 8 42 M 30
4096 4097 2 8 40 M 30
3602 3603 2 2 9 M 30
3603 1369 2 32 174 O 20
1369 2304 2 20 108 M 10
2304 2274 2 5 27 O 10
1453 4582 2 8 39 O 30
4582 3737 2 3 12 O 20
4103 4102 2 16 88 O 30
4104 4105 2 16 86 O 30
1704 4099 2 11 60 O 30
476 4135 2 16 85 O 30
4074 897 1 1 5 O 10
4138 4094 2 16 85 O 30
4094 4093 2 7 38 O 20
5307 5577 1 3 11 M 20
5577 3163 1 42 228 O 20
3163 3159 1 25 137 O 20
3159 808 1 2 11 O 10
4420 2496 1 21 115 O 10
2496 5307 1 10 51 O 30
4207 6220 2 11 61 O 30
6220 3796 2 18 96 O 30
4226 1305 2 3 15 O 30
1305 4417 2 16 85 O 10
4229 4227 1 27 146 M 10
4227 4228 1 13 69 M 10
4227 4230 1 9 48 O 20
4232 4231 2 14 73 O 30
4285 1308 2 1 5 O 30
1308 1309 2 4 19 O 10
1309 4286 2 16 84 O 10
4288 4287 2 16 85 O 10
4314 4315 2 33 179 O 20
4326 4287 2 12 61 O 10
4287 5540 2 13 69 O 20
4327 4989 2 1 4 O 10
4989 4328 2 19 103 O 20
4329 1306 2 2 7 O 20
1306 4330 2 12 66 O 30
4339 4338 1 19 103 M 10
4340 4341 2 11 57 O 20
4342 4343 2 16 84 O 20
4344 4345 2 9 49 M 10
4346 1310 2 20 109 O 20
4349 4347 2 8 40 O 20
4347 4348 2 13 70 O 30
4360 4949 2 23 126 O 30
4362 4912 2 12 62 M 30
3700 4363 1 3 14 O 20
1370 4365 2 18 95 O 20
6216 5878 1 4 17 O 10
1850 1851 1 13 0 C 0
1851 63 1 9 0 C 0
4386 4387 2 8 43 O 10
4389 4469 2 14 73 O 30
3549 3551 2 6 30 O 20
4392 4582 2 5 23 O 10
4405 4406 2 13 67 O 30
4415 4081 2 9 47 O 20
1858 283 1 12 0 C 0
283 2994 1 22 0 C 0
2994 5012 1 14 0 C 0
5012 1250 1 7 0 C 0
5820 5376 1 18 0 C 0
3931 1836 2 10 52 O 10
4425 4426 2 9 48 O 30
4427 4428 2 13 71 O 10
1213 4429 2 13 70 O 30
3625 4430 1 21 112 M 10
4430 3615 1 8 41 O 20
2299 4431 2 5 26 M 20
5322 1764 2 9 47 O 30
4433 4437 1 8 44 O 20
4437 4434 1 8 39 M 30
4434 3775 1 12 64 O 20
3775 1651 1 11 57 O 30
1651 3623 1 13 67 O 10
3623 4429 1 7 34 M 30
4434 4432 2 6 32 O 20
3775 4436 2 21 111 O 20
4451 4452 2 8 40 O 30
4458 4457 1 2 10 O 20
4457 4454 1 3 12 O 30
4454 4455 1 3 12 M 10
4455 4456 1 3 12 O 10
4456 4458 1 1 2 M 20
3071 3023 2 20 111 O 10
4457 4460 2 28 152 M 10
4460 4459 2 6 30 M 20
5674 5694 2 17 91 O 30
5694 5693 2 12 66 M 10
4461 5695 2 29 158 O 20
4462 4465 2 3 13 O 30
4465 4463 2 11 57 O 30
4464 4465 2 6 28 O 20
3612 5372 2 10 52 O 30
5372 5373 2 9 49 O 30
3938 4467 2 8 40 O 30
4467 4466 2 15 83 M 30
4468 5697 2 12 66 O 20
2076 2504 2 55 0 C 0
34 4075 2 49 268 M 10
5365 34 2 5 22 O 20
3770 3611 2 7 37 O 10
4950 20 1 2 8 M 10
20 4479 1 3 16 O 30
2496 2991 2 7 36 O 30
1294 79 2 7 38 M 10
79 4482 2 25 135 O 10
5858 4482 1 1 2 M 10
4484 220 2 40 220 M 20
220 4060 2 15 79 O 10
4486 4487 2 4 22 O 20
4487 306 1 66 364 O 20
306 4402 1 47 259 M 20
4402 4487 1 24 132 O 10
4511 1041 2 9 50 O 30
1041 1037 2 2 6 M 30
1037 4512 2 11 60 O 10
4514 4527 2 17 89 M 20
5082 4516 2 6 30 M 10
5485 5508 2 9 47 O 30
5508 5507 2 10 50 M 20
5507 2708 2 9 48 M 30
5482 5509 1 9 49 O 20
5509 5485 1 9 49 O 10
3768 4526 2 24 129 O 10
4512 4659 2 32 177 M 30
4513 4515 2 10 53 O 20
4528 4529 2 6 28 O 20
4530 4531 2 6 31 O 30
2157 2155 2 29 157 O 10
4532 1145 2 15 83 O 10
1145 4533 2 20 107 M 20
1154 3728 1 28 0 C 0
244 1840 1 8 41 O 30
4235 354 1 4 0 C 0
3604 4196 2 8 40 O 20
5849 5471 2 4 19 O 10
5471 5481 2 10 53 O 20
5481 5850 2 6 31 O 10
1762 4588 2 10 55 O 30
3376 4590 2 10 51 O 30
299 5549 1 7 35 M 10
3890 3800 2 9 45 O 10
5456 4638 2 11 56 M 30
4639 5468 2 5 26 O 20
5468 5457 2 10 51 O 10
5457 5462 2 10 50 O 10
5462 5454 2 9 50 O 20
5454 5458 2 8 42 M 20
5461 5460 1 9 50 O 30
5463 5464 1 15 82 O 30
5460 5467 1 10 52 M 20
5467 5466 1 10 53 O 30
5498 5487 2 9 49 O 30
5487 5486 2 14 75 O 30
5486 5488 2 9 49 M 10
5488 5483 2 13 70 O 30
5483 5517 2 10 51 O 20
5517 5478 2 10 51 O 10
5478 5479 2 11 56 O 10
5479 5472 2 10 54 O 20
5472 5477 1 11 57 O 30
5477 5466 1 10 54 O 10
3923 2147 1 27 0 C 0
2149 2286 2 12 0 C 0
2286 2158 2 29 0 C 0
4709 4711 1 21 115 M 10
4710 4712 2 41 223 M 20
5594 4715 1 11 56 O 30
4715 4716 1 21 115 O 20
4714 4713 2 5 25 O 20
3982 4717 2 29 156 O 10
5373 4098 2 9 46 O 30
5021 1266 1 50 274 O 20
3180 1732 2 12 67 O 10
1732 3642 2 7 34 O 10
5894 4740 2 18 98 O 10
4742 4741 2 39 211 O 10
4476 3648 2 23 127 O 20
3648 585 2 3 12 M 10
585 4043 2 5 28 O 20
4783 4782 1 7 34 O 20
5832 5021 1 10 55 O 30
5029 3920 2 13 0 C 0
2092 588 2 29 160 O 20
5367 2124 2 13 70 O 30
1348 2514 2 25 138 O 10
5662 5651 2 16 85 O 10
5651 2701 2 12 61 O 30
2701 5663 2 2 11 O 10
5663 5664 2 16 86 O 10
5625 457 2 17 0 C 0
5645 5644 2 13 67 M 10
5644 5640 2 11 59 M 20
5640 5643 2 11 59 O 20
2703 3593 2 9 48 O 30
4247 5622 2 5 23 M 30
5672 4974 1 48 263 O 20
3389 3388 1 17 92 M 10
2563 581 2 20 108 O 30
581 3274 2 15 80 O 10
3274 6131 2 13 70 O 30
6131 2643 2 14 74 M 30
2643 3782 2 5 24 O 10
3782 4708 2 27 147 O 10
4883 5248 2 12 61 O 20
4148 1999 1 14 0 C 0
3794 5609 2 18 94 M 10
4902 3940 2 2 6 O 10
4915 4914 2 15 78 O 10
2125 5491 1 6 28 O 10
5491 2112 1 4 21 O 20
3946 4142 1 13 72 O 10
4142 5273 1 18 98 M 20
4917 5072 1 8 39 O 10
2806 805 1 51 0 C 0
4632 4082 2 9 48 O 20
4082 5831 2 19 104 O 10
5831 4408 2 3 15 O 20
2209 4927 1 56 0 C 0
4927 4924 1 93 0 C 0
4014 2324 1 4 0 C 0
6276 4932 1 8 0 C 0
4661 4934 1 13 0 C 0
503 5161 1 6 0 C 0
3713 3715 1 11 0 C 0
1157 4250 1 20 0 C 0
3027 2035 1 15 0 C 0
761 762 1 4 0 C 0
235 234 1 5 0 C 0
1965 4939 1 8 0 C 0
4939 4940 1 10 0 C 0
4306 4941 1 16 86 O 20
2191 2190 1 18 95 O 20
2190 3877 1 6 28 O 30
3925 3924 2 18 0 C 0
6040 519 1 9 47 O 10
5428 1104 1 115 637 O 20
4908 290 1 6 28 M 20
5277 2101 1 3 16 O 10
4439 6258 1 7 37 O 30
4123 4124 1 32 175 O 20
3868 4479 2 16 88 O 30
4479 4951 2 5 24 O 30
4951 3978 2 10 53 O 20
4951 4950 1 5 25 M 20
4950 4480 2 8 43 O 30
6138 4958 2 26 142 O 30
4958 2707 2 3 12 O 10
2707 6236 2 5 27 O 20
37 5707 1 6 32 O 30
4 3944 2 3 14 O 30
3944 4069 2 9 50 O 10
4959 4958 2 2 10 O 10
4956 4957 2 3 15 M 30
4957 4959 2 8 43 O 20
4955 4956 2 12 62 M 20
4952 6234 1 1 1 O 20
4960 38 1 9 48 M 10
4965 4962 2 6 31 O 20
4964 3373 2 3 14 O 10
4963 4966 2 6 33 O 30
4966 4964 2 3 12 O 10
4964 4961 2 7 38 O 10
4977 461 2 2 6 O 30
315 4987 2 7 38 O 30
4989 4990 2 1 5 O 10
877 402 2 42 233 O 20
5616 2687 1 36 0 C 0
2687 3807 1 46 0 C 0
3807 4662 1 6 0 C 0
4662 3913 1 16 83 M 20
4993 2985 2 2 7 O 20
2985 6019 2 8 42 O 30
6019 4992 2 10 52 O 20
4994 5614 2 5 0 C 0
4996 4997 2 4 20 O 30
4998 4999 2 4 20 O 20
5000 5001 2 4 20 O 30
5002 5003 2 4 20 O 30
5005 5006 2 4 20 O 30
5004 5007 2 4 20 M 30
3653 1815 2 3 12 M 30
1815 5595 2 9 49 O 30
5595 5874 2 11 56 O 20
1429 1431 1 3 15 O 10
1432 1429 1 3 15 O 30
1430 5015 2 5 24 O 20
1428 1427 2 5 26 M 30
5018 5019 2 23 124 O 10
5019 4315 2 2 10 M 10
4315 5018 2 3 12 O 10
5536 1114 1 8 42 M 10
3012 5032 2 26 141 O 30
3805 3913 1 20 106 O 10
5962 3074 1 4 0 C 0
2152 1066 2 10 54 O 30
1066 4103 2 5 22 O 20
4103 1064 2 2 10 O 10
1064 3772 2 35 192 O 10
3772 3770 2 10 53 M 10
6030 6029 2 26 0 C 0
5934 4533 2 19 102 O 10
4533 2151 2 11 60 M 30
6048 2128 2 16 0 C 0
5047 5049 2 3 16 O 20
3361 5047 2 7 36 O 30
5047 5048 2 5 25 M 20
5048 5046 2 3 14 O 30
5048 5045 2 3 12 O 20
3620 3617 2 21 115 M 30
3617 3618 2 11 61 O 10
3618 5320 2 2 6 O 20
5320 5321 2 9 49 O 20
5321 3628 2 14 73 O 20
3628 463 2 6 29 O 30
4185 5761 1 1 5 O 30
5761 5803 1 6 32 O 20
5803 4261 1 35 189 O 30
5548 5054 2 8 41 O 30
5054 2159 2 30 164 M 30
4190 5192 2 8 42 O 30
5192 4092 2 2 11 O 20
4092 4977 2 4 17 O 10
4977 4191 2 18 95 O 20
5053 5052 2 13 67 O 10
4429 4104 1 7 38 O 30
4104 3625 1 12 65 O 10
4978 4138 2 12 67 O 10
4138 4076 2 14 77 O 10
5054 1653 2 8 44 O 20
1653 5055 2 12 63 O 30
5055 1655 1 12 64 M 10
1655 1656 1 7 35 O 30
1656 5055 1 9 47 O 30
5528 5452 2 27 148 O 20
5452 5529 2 14 75 O 30
5529 5453 2 4 19 O 10
5453 5459 2 19 101 O 10
5459 1202 2 15 78 O 30
1202 3797 2 5 26 M 20
4652 4833 2 21 114 O 20
4833 5530 2 20 110 O 20
5530 810 2 6 33 O 20
810 4878 2 10 55 O 20
4973 3389 2 15 82 O 30
5059 5060 1 10 54 M 20
1967 825 2 6 0 C 0
4399 3467 2 31 167 O 30
3467 4795 2 4 22 O 10
4795 2770 2 62 341 M 20
2770 5919 2 39 212 M 20
5919 3458 2 38 210 O 10
3458 2767 2 12 66 O 20
949 453 1 11 0 C 0
2011 4879 1 16 0 C 0
5062 2803 1 7 0 C 0
4948 5436 1 5 0 C 0
5066 5067 1 12 63 O 30
3114 2222 1 53 0 C 0
4354 2168 1 11 59 O 20
5112 5113 2 1 4 O 30
5113 5114 2 7 36 O 10
3293 4925 2 7 0 C 0
887 4260 2 8 42 M 10
4260 2306 2 2 9 O 30
2306 2263 2 27 149 O 30
2263 5295 2 4 19 M 30
2945 5116 1 3 0 C 0
5116 790 1 15 0 C 0
3156 1824 1 26 0 C 0
5174 3710 2 11 60 O 10
4416 5176 1 7 36 O 30
4253 1249 1 16 0 C 0
5191 5190 2 6 30 O 20
2160 2164 2 15 81 O 20
2164 1459 2 15 80 O 10
1459 546 2 12 64 O 20
3802 5246 1 19 105 O 30
5721 3403 2 15 79 O 20
3993 2920 2 19 0 C 0
465 2919 2 6 0 C 0
5333 2763 2 11 58 O 30
5338 5339 1 17 91 O 30
4627 5172 1 5 26 O 30
5343 5342 1 7 37 O 10
5344 5345 1 7 34 O 20
3693 4350 2 14 78 M 20
4350 3774 2 16 85 O 30
3774 4351 2 9 49 O 10
522 5170 2 4 20 O 20
5115 5208 1 21 116 O 10
2918 5315 1 10 0 C 0
5315 5358 1 7 0 C 0
5358 3287 1 14 0 C 0
3287 3286 1 25 0 C 0
3286 2079 1 10 0 C 0
2919 3991 2 36 0 C 0
5367 5368 1 2 11 O 10
2952 2146 2 19 105 O 10
5516 4232 2 50 273 O 20
4232 5484 2 8 44 O 10
4443 2125 1 9 47 O 10
3212 3779 1 35 194 O 20
3779 6036 1 9 48 O 20
6036 6035 1 9 47 O 20
6035 6037 1 9 48 O 10
6037 6043 1 9 49 O 10
6043 6038 1 9 50 M 30
474 5317 1 4 0 C 0
5317 5316 1 6 0 C 0
5316 2918 1 16 0 C 0
5416 285 1 38 0 C 0
1826 5416 1 28 0 C 0
5417 5418 1 17 93 O 20
5433 5429 1 7 33 O 10
3859 1581 1 33 179 O 30
5434 1074 1 42 229 O 20
5441 5443 2 14 73 O 20
3456 5441 2 7 38 M 10
5441 5442 2 26 141 O 30
945 5449 2 2 0 C 0
5449 5756 2 3 0 C 0
5756 3778 2 3 0 C 0
474 272 2 13 0 C 0
5687 5688 2 11 58 O 30
5522 5688 2 27 145 O 20
5523 334 2 47 256 O 30
334 1275 2 4 21 O 10
5743 4042 2 2 0 C 0
2270 4589 2 41 225 O 10
4589 1950 2 8 41 O 10
1950 6284 2 27 149 O 20
4352 4353 2 9 49 O 20
2380 4936 1 8 0 C 0
2325 4091 2 4 0 C 0
5843 5845 2 8 42 O 20
5846 5842 2 10 52 O 20
3626 5844 1 2 7 O 20
5844 4430 1 8 44 O 20
881 878 1 17 93 O 30
5911 879 1 28 153 O 30
2827 2326 2 13 0 C 0
1842 985 1 10 55 O 10
985 988 1 2 6 O 10
1964 4308 1 85 470 O 20
5742 3041 2 6 28 M 20
3041 3912 2 20 109 O 30
1810 4311 1 15 0 C 0
3123 2333 2 5 0 C 0
3097 3642 2 13 68 O 20
3642 4720 2 13 72 O 30
1281 5179 2 11 57 O 30
5023 5834 1 4 21 O 20
5338 3638 1 5 24 M 30
5907 5909 1 6 32 O 20
3639 1445 1 21 114 O 10
5878 3962 1 1 5 O 30
3858 4913 1 6 31 O 20
1746 1146 2 1 0 C 0
1146 1236 2 5 0 C 0
1236 101 2 3 0 C 0
101 2620 2 14 0 C 0
2556 301 2 3 15 M 10
1346 6053 2 32 173 O 20
2 4343 2 9 47 O 20
4343 4341 2 2 7 M 30
4341 4955 2 13 71 M 30
4955 6189 2 3 15 O 10
5720 5683 2 17 90 O 20
1281 5390 2 7 37 M 20
6117 5998 2 11 57 M 10
5266 390 2 9 0 C 0
390 389 2 3 0 C 0
389 388 2 30 0 C 0
388 504 2 61 0 C 0
2926 1837 1 11 56 O 10
1833 1967 2 13 0 C 0
5928 3756 1 28 154 M 10
3756 5880 1 3 15 O 10
2193 2308 1 31 171 O 10
3664 5058 2 10 50 M 20
2118 3808 2 30 161 O 20
4064 2478 2 8 0 C 0
2955 2940 2 1 0 C 0
2337 392 2 24 0 C 0
392 393 2 3 0 C 0
393 2579 2 13 0 C 0
6290 2283 1 4 0 C 0
2944 4776 2 10 0 C 0
4776 790 2 1 0 C 0
3147 6012 2 4 0 C 0
6012 1862 2 20 0 C 0
1377 73 1 42 0 C 0
73 5087 1 29 0 C 0
5087 74 1 17 0 C 0
3600 4012 2 10 51 O 30
3600 497 2 14 75 O 30
3494 3496 2 21 0 C 0
3496 2811 2 22 0 C 0
282 281 1 7 0 C 0
281 2569 1 8 0 C 0
4045 4301 2 1 0 C 0
356 5127 1 17 93 O 30
357 4917 1 10 52 O 30
160 358 1 9 47 O 20
5793 5790 1 44 241 M 30
360 5560 1 9 46 O 20
5212 1267 1 146 809 O 30
5536 1116 1 7 34 M 10
5217 374 1 9 45 O 10
380 5797 1 28 151 O 10
381 383 1 7 38 O 20
5420 6267 1 33 180 O 10
6245 1962 1 31 168 O 20
3964 5783 1 20 107 M 30
1347 5505 2 9 48 M 30
5505 5511 2 2 7 O 30
5511 5485 2 12 66 O 30
5485 4444 2 5 22 O 20
441 4768 1 3 0 C 0
95 1700 2 7 35 O 20
1700 1358 2 11 60 M 30
6033 518 2 9 0 C 0
2953 2954 2 28 151 M 20
5461 1365 2 4 19 M 30
4244 5447 2 33 0 C 0
6034 2123 2 8 0 C 0
6050 6039 2 8 44 M 20
6050 6051 2 27 145 O 10
2945 2362 2 42 0 C 0
2362 3698 2 15 0 C 0
3698 3699 2 9 0 C 0
2945 531 2 46 0 C 0
531 4943 2 45 0 C 0
4975 788 2 3 14 O 20
2933 1614 1 5 26 O 30
1614 2934 1 3 15 O 10
2934 3936 1 10 52 O 10
2937 309 1 2 0 C 0
309 6290 1 11 0 C 0
5194 5193 1 19 0 C 0
4968 2937 1 2 0 C 0
6022 2481 1 42 0 C 0
1077 1078 1 10 0 C 0
1100 5699 1 17 89 O 20
1109 6233 1 5 26 O 10
5700 1801 1 48 263 O 10
3703 2310 1 13 72 O 20
1271 5698 1 6 33 O 30
3958 1101 1 12 64 O 30
1102 1098 1 13 71 O 30
1116 1114 1 6 29 O 10
1099 1091 1 5 27 M 10
1101 3959 2 2 9 O 10
1117 1109 1 6 28 O 30
1118 1117 1 7 34 M 20
1117 1111 1 5 23 O 20
1111 1110 1 2 7 O 10
1110 1108 1 1 3 O 10
1116 1112 1 4 18 M 20
1091 1113 1 5 27 O 30
1108 6233 1 4 18 O 10
6233 1112 1 6 30 O 10
1097 5699 1 10 53 O 30
1106 3958 1 5 26 O 30
834 1115 1 18 99 O 10
1111 1096 1 5 27 M 30
2174 2175 2 7 36 O 10
2175 2176 2 1 2 M 10
1790 1791 2 4 19 O 10
1791 1792 2 7 34 O 30
1792 1793 2 5 28 M 10
4663 1804 2 4 20 M 20
9 2120 2 28 152 O 30
4236 410 2 9 49 M 30
5990 1852 1 5 0 C 0
1852 1850 1 6 0 C 0
5929 3701 2 13 0 C 0
5922 4374 2 2 0 C 0
4375 1807 1 40 0 C 0
1807 494 2 7 0 C 0
494 869 2 17 0 C 0
4307 5178 1 12 0 C 0
1834 1812 1 7 0 C 0
788 5495 2 7 38 O 30
5033 4973 2 3 12 O 10
5032 5033 2 3 12 O 30
5172 5170 1 45 246 O 10
4655 4626 1 8 41 O 20
4626 4656 1 18 96 M 30
3692 4179 2 11 57 O 30
5562 5869 1 8 41 M 10
4125 170 1 42 230 O 10
5834 1813 1 13 67 O 20
1120 6248 1 20 108 O 10
3960 4073 1 8 41 O 10
4073 4655 1 12 66 M 10
5912 4372 2 22 118 O 30
4372 4516 2 23 123 O 20
4516 4178 2 11 59 O 20
5445 204 2 56 310 O 20
578 1059 2 14 73 O 10
1059 3773 2 8 39 O 10
3773 4180 2 24 132 O 20
3926 2136 2 3 0 C 0
3793 3103 2 33 181 O 30
5590 3644 2 27 149 O 10
3644 3793 2 13 69 O 10
3796 5608 2 34 187 O 10
5608 590 2 10 0 C 0
5691 4455 2 16 84 O 20
5692 622 2 7 37 O 30
5689 5690 2 10 51 O 20
5688 5689 2 10 53 M 20
5851 2523 2 16 88 M 30
2523 5253 2 12 62 O 30
3691 6059 2 17 0 C 0
6059 3690 2 3 0 C 0
6065 454 2 13 69 M 10
1101 1100 1 5 27 O 10
6240 6101 2 16 87 M 20
6101 3942 2 10 53 O 10
1100 1097 1 10 51 O 20
5343 5833 1 7 37 M 30
5339 4448 1 12 62 O 10
5344 522 1 7 37 M 20
5170 5415 1 6 33 O 30
3640 3638 1 10 55 M 30
3127 3128 1 8 44 O 10
4358 4131 2 9 46 O 10
5171 5527 1 6 32 O 10
5527 5911 1 15 81 O 30
3769 2287 2 5 0 C 0
2287 3925 2 16 0 C 0
4407 4408 2 35 191 M 10
3871 4317 2 26 139 O 20
3654 5571 2 12 62 M 20
5571 4476 2 9 49 O 10
3915 5566 2 11 59 M 10
5566 5565 2 26 141 O 20
4421 5574 2 51 279 O 20
5868 5564 1 35 193 M 10
3993 2077 1 17 0 C 0
2077 4224 1 5 0 C 0
4224 4225 1 12 0 C 0
4225 4887 1 5 0 C 0
4887 4888 1 20 0 C 0
2920 3992 2 12 0 C 0
5024 300 1 34 0 C 0
1854 1855 1 6 30 O 20
5964 1854 1 96 531 O 10
1588 1592 1 21 113 O 20
2013 2008 2 6 0 C 0
2008 2007 2 9 0 C 0
2007 4967 2 22 0 C 0
4967 2010 2 3 0 C 0
1395 4122 1 19 101 M 30
1865 1864 1 29 0 C 0
1867 1866 1 8 0 C 0
2925 1869 1 10 0 C 0
1869 3727 1 15 0 C 0
1871 4886 1 35 0 C 0
4886 3573 1 41 0 C 0
3573 3730 1 16 0 C 0
3730 4884 1 19 0 C 0
4884 4885 1 22 0 C 0
1877 1876 1 13 0 C 0
1879 1878 1 26 0 C 0
1878 1877 1 9 0 C 0
5097 1136 1 7 0 C 0
1136 1871 1 3 0 C 0
5913 4797 2 15 0 C 0
4797 22 2 13 0 C 0
22 582 2 4 0 C 0
582 1006 2 9 0 C 0
1883 1882 2 15 0 C 0
2311 2857 1 26 0 C 0
5401 3783 2 3 15 O 30
3783 3784 2 26 142 O 10
3784 5412 2 13 68 O 20
5412 4622 2 10 52 M 20
214 417 2 12 0 C 0
453 2009 1 35 0 C 0
1905 1906 2 18 95 O 20
1908 1909 2 4 21 O 30
1909 1912 2 3 16 O 20
1906 1908 2 5 25 M 30
1907 1913 2 8 44 O 30
1913 1932 2 11 56 M 20
1932 3595 2 22 118 O 30
5141 1912 2 4 22 O 10
5145 5143 2 5 25 M 10
5143 1906 2 4 17 O 30
5142 367 2 5 23 O 10
367 1907 2 6 29 M 10
5083 4756 2 53 293 O 30
4419 1911 2 23 123 O 30
4067 4419 2 11 0 C 0
1904 1935 2 13 69 O 20
1935 1922 2 6 30 M 30
1371 1198 2 13 69 O 30
1915 3741 2 7 37 M 10
3741 1914 2 20 109 O 30
2180 4748 2 28 152 M 10
4748 4749 2 6 33 O 20
4749 4750 2 19 100 O 30
4750 3825 2 12 66 O 20
3825 1916 2 7 36 O 20
5335 1844 2 11 58 M 30
4518 1163 2 2 8 O 30
1163 1922 2 12 61 O 10
1176 865 1 16 89 O 30
1083 1174 1 15 79 O 10
1920 2171 1 1 3 O 20
2171 1919 1 4 18 O 10
1919 1917 1 2 7 O 20
1917 1942 1 1 5 O 30
1942 1918 1 4 17 O 10
1918 3033 1 2 10 O 20
3033 1920 1 1 5 M 10
4276 4277 1 76 417 O 10
4270 4273 1 5 0 C 0
3736 1928 1 13 0 C 0
1925 1926 2 2 10 M 10
3113 126 1 47 0 C 0
4269 279 2 2 7 O 30
279 874 2 5 25 O 30
232 1941 2 6 33 O 20
1941 4278 2 19 105 O 10
1931 5759 2 11 57 O 10
1933 5191 2 8 43 O 10
1933 1932 2 2 11 M 30
1934 1917 2 5 26 O 30
5923 288 2 3 0 C 0
1819 1832 2 17 0 C 0
1938 1940 2 8 0 C 0
1939 1938 2 8 43 O 20
1938 1937 2 8 42 O 20
3742 3825 1 34 186 O 10
5741 1946 2 2 7 M 10
1946 1914 2 7 35 O 10
1914 2019 2 8 42 O 10
1952 5922 1 6 0 C 0
1953 5586 2 13 69 O 30
5584 5583 2 44 244 O 30
5583 4035 2 15 78 O 20
4035 3836 2 5 27 O 20
5584 4039 1 9 45 O 10
4039 5016 1 2 6 M 20
5016 5017 1 1 5 M 10
5017 4709 1 1 5 O 10
15 2924 1 23 0 C 0
2924 2923 1 19 0 C 0
2923 4002 1 20 0 C 0
4002 4003 1 19 0 C 0
4003 794 1 17 0 C 0
1990 1991 1 14 0 C 0
3572 3533 1 53 0 C 0
3533 4001 1 45 0 C 0
4001 16 1 8 0 C 0
1857 1993 1 15 0 C 0
5764 1986 1 22 0 C 0
1994 1985 1 10 0 C 0
1997 5056 1 17 0 C 0
5056 469 1 19 0 C 0
1991 3724 1 16 0 C 0
2000 5753 1 9 0 C 0
5065 23 1 14 0 C 0
1830 4252 2 13 0 C 0
2015 3883 2 21 117 O 20
2170 5110 1 2 6 O 10
5110 1918 1 23 122 O 20
5926 2183 2 18 98 O 20
2184 2016 2 14 76 O 30
1942 5413 1 28 152 O 30
5741 2180 2 2 7 O 30
2180 5142 2 6 31 M 20
2029 2032 1 53 0 C 0
2028 2024 1 13 0 C 0
4969 2029 1 12 0 C 0
2022 2030 1 23 0 C 0
2026 2034 1 57 0 C 0
324 323 1 3 0 C 0
2040 6286 1 45 0 C 0
4152 2041 1 62 0 C 0
2060 2054 1 25 0 C 0
2059 2042 1 24 0 C 0
5979 2021 1 8 0 C 0
2058 2005 1 67 0 C 0
2005 493 1 10 0 C 0
493 2004 1 7 0 C 0
2004 2060 1 34 0 C 0
2045 2052 1 25 0 C 0
2056 2045 1 52 0 C 0
1809 5304 1 10 0 C 0
2052 2047 1 82 0 C 0
2047 2049 1 33 0 C 0
2020 2057 1 9 0 C 0
2043 2058 1 40 0 C 0
5944 767 1 19 0 C 0
2038 2048 1 6 0 C 0
2067 2064 1 6 0 C 0
5039 2072 1 2 0 C 0
4126 5578 1 6 33 O 20
5578 2086 1 16 84 M 20
2086 2085 2 3 16 M 10
473 2084 1 8 43 O 10
2085 2083 2 11 60 O 30
5218 2084 1 10 53 O 10
2087 4946 1 4 17 O 10
5278 4919 1 12 62 O 10
3273 4945 1 14 73 O 30
457 456 2 2 0 C 0
2107 2088 2 15 80 M 20
2089 3786 2 3 0 C 0
456 2092 1 27 149 M 20
2092 1388 1 19 102 M 10
2098 2096 1 8 44 O 10
2095 472 1 7 38 O 20
2097 3794 2 15 81 M 20
5634 2111 2 11 56 M 30
472 5632 2 9 48 O 10
5632 5628 2 12 65 M 20
374 4524 1 17 91 O 30
1387 2103 1 19 104 O 10
2103 2107 1 14 77 M 10
2107 457 1 13 0 C 0
1390 2100 1 26 142 O 10
2100 2098 1 20 106 M 30
472 2099 1 34 188 O 20
2099 1389 1 12 63 O 30
2098 472 2 2 8 O 10
5422 5421 1 2 9 M 10
3969 4908 1 12 61 O 20
2102 289 1 10 54 O 20
4919 4918 1 15 80 O 30
6261 4026 1 11 56 O 30
5276 5275 1 7 37 O 30
6260 4947 1 5 27 O 10
194 4121 1 6 30 O 20
1587 1578 1 207 1147 O 20
2110 3126 1 3 11 O 10
3126 2111 1 2 9 M 20
2111 2109 1 3 11 O 10
2109 2110 1 2 10 O 10
2123 2129 1 2 10 O 10
2129 2117 1 2 0 C 0
2117 2127 1 2 0 C 0
2127 2123 1 2 0 C 0
4443 2112 1 2 7 M 10
2112 2132 1 2 7 M 30
2132 4445 1 2 7 O 30
2126 2128 1 2 0 C 0
2130 2115 1 3 13 O 20
2115 2126 1 2 11 M 10
2134 2135 1 2 0 C 0
2135 2133 1 2 0 C 0
2133 4164 1 2 0 C 0
4164 2134 1 3 0 C 0
2145 2144 1 2 9 O 30
3486 2150 1 2 7 M 20
2150 3485 1 2 10 O 20
3485 2152 1 3 12 O 30
2152 2153 1 2 11 O 30
2153 3486 1 1 0 C 0
3487 2154 1 1 0 C 0
2149 2147 1 3 0 C 0
2147 3487 1 1 0 C 0
2161 351 1 2 8 O 10
3484 2167 1 3 12 O 20
3660 3028 1 57 0 C 0
3715 4769 1 61 0 C 0
2185 5926 2 10 52 M 30
2200 2062 1 12 0 C 0
2062 2063 1 15 0 C 0
5983 2935 2 42 228 O 20
3596 2188 2 4 20 O 20
2188 4561 2 3 14 M 10
4561 275 2 2 6 O 30
275 42 2 6 33 O 30
42 4560 2 1 5 O 10
4560 3664 2 10 54 O 30
5982 2177 2 6 32 O 30
3036 5985 1 8 41 O 20
2173 2172 1 5 26 O 20
2168 5109 1 3 12 O 10
2179 2019 2 4 19 O 30
5759 4411 2 22 119 O 10
246 247 1 3 11 M 10
2197 1842 1 4 17 O 30
2195 1821 1 9 48 O 10
2192 2194 1 6 30 M 20
5109 5110 1 13 68 O 10
2179 2182 1 24 131 O 30
2213 6024 1 85 0 C 0
2218 6023 1 141 0 C 0
2214 2213 1 9 0 C 0
2217 2207 1 85 0 C 0
2203 2212 1 61 0 C 0
2205 2218 1 14 0 C 0
2210 2208 1 17 0 C 0
2222 2221 1 187 0 C 0
5465 2300 2 11 60 O 30
2145 5941 2 6 31 M 30
3284 4851 2 5 24 M 30
5474 5456 2 14 76 M 20
1347 6036 2 8 43 O 30
6036 5451 2 8 42 O 10
5451 2129 2 15 82 O 10
6071 628 2 18 96 O 20
2126 6042 2 8 0 C 0
6042 4244 2 9 0 C 0
2227 1291 1 5 23 O 30
2232 2834 1 158 0 C 0
2834 2237 1 9 0 C 0
2230 842 1 4 0 C 0
2236 2235 1 59 0 C 0
2237 2234 1 61 0 C 0
2235 3738 1 40 0 C 0
3738 2230 1 127 0 C 0
2234 5901 1 18 0 C 0
2238 4612 1 47 0 C 0
4612 2242 1 30 0 C 0
4804 4736 1 33 0 C 0
2241 2251 1 29 0 C 0
2242 5900 1 24 0 C 0
5900 2724 1 16 0 C 0
2248 2736 2 34 0 C 0
2736 2734 2 22 118 O 20
2734 2732 2 13 69 O 10
2732 2730 2 7 37 M 30
2249 1359 2 10 0 C 0
2251 2246 1 3 0 C 0
5884 2252 1 43 0 C 0
2252 1032 1 9 0 C 0
2255 950 1 32 0 C 0
3634 2163 2 76 422 O 30
5105 4805 2 16 85 O 10
4805 4256 2 2 9 O 30
3678 3679 2 21 0 C 0
3679 826 2 17 0 C 0
826 3129 2 39 0 C 0
3129 2279 2 4 0 C 0
2264 523 2 2 10 O 10
3712 1811 1 8 41 M 30
2274 2262 2 15 79 M 10
2262 2265 2 1 2 O 10
3876 3874 1 27 145 M 10
4986 4985 1 81 0 C 0
2240 217 2 4 0 C 0
2290 2291 2 4 20 O 20
2291 577 2 1 4 O 10
577 1052 2 4 17 O 30
1052 1054 2 5 23 O 10
1054 1057 2 8 42 O 20
1057 2289 2 5 24 O 10
3771 2294 2 10 50 M 10
626 4463 2 2 8 O 30
4463 205 2 8 44 O 10
3693 1334 2 14 74 O 20
1334 4980 2 1 4 O 30
4980 4982 2 14 75 O 30
4982 4981 2 1 5 O 20
4981 1386 2 16 84 O 10
1386 4188 2 10 53 O 10
3865 2296 2 22 119 M 30
2296 2298 2 13 69 O 30
2298 5360 2 3 15 O 30
2298 845 2 9 47 O 10
845 2299 2 1 3 M 30
5439 5440 2 24 128 O 30
4981 4491 2 24 133 O 30
4491 4626 2 9 47 O 10
4943 4942 2 5 0 C 0
4942 2136 2 5 0 C 0
5463 837 2 10 54 O 30
3770 3771 2 18 96 O 20
3771 1738 2 3 12 M 10
1738 2292 2 7 39 O 30
4177 5520 2 19 104 O 10
5520 5452 2 17 90 M 20
1334 4078 2 9 47 O 20
4078 4071 2 8 39 O 20
3612 32 2 4 18 O 30
32 3613 2 21 113 M 30
3613 3614 2 7 38 O 20
3614 5362 2 13 69 O 10
6105 3922 2 25 0 C 0
2304 2492 2 8 44 O 20
2492 2303 2 10 50 O 30
5105 4840 2 2 8 M 20
2274 3249 2 18 98 O 20
5306 3578 1 3 13 O 30
3241 5841 2 23 124 O 20
5107 4450 1 33 182 O 10
3666 1712 1 53 294 M 10
3702 3155 1 12 65 O 20
3965 2310 1 34 184 O 20
2946 2947 1 21 0 C 0
5787 3851 1 18 98 M 20
955 2316 2 4 0 C 0
2316 2505 2 50 0 C 0
1880 2313 2 53 0 C 0
2313 2314 2 42 0 C 0
3044 2317 1 90 498 O 30
3719 2319 1 4 0 C 0
3763 4802 2 3 0 C 0
2330 3763 2 13 0 C 0
2331 294 2 5 0 C 0
2331 2330 2 3 0 C 0
2334 264 2 4 0 C 0
264 2882 2 2 0 C 0
2882 3848 2 3 0 C 0
3848 3849 2 4 0 C 0
4815 5899 1 16 0 C 0
5899 5209 1 16 0 C 0
3298 3299 1 17 0 C 0
1270 1303 2 4 17 O 30
1303 4197 2 6 28 O 30
2703 2343 1 16 87 M 20
2850 2346 1 2 7 O 30
5628 1476 1 2 8 O 30
1476 2347 1 7 36 M 10
5627 5631 2 10 55 O 20
5631 5638 2 3 15 O 20
5638 4440 2 9 49 O 20
4440 5630 2 6 33 M 20
5630 4206 2 4 20 O 30
5641 5640 2 21 114 M 30
5640 4204 2 17 91 O 10
1091 2349 2 19 101 O 10
1096 1068 2 8 41 O 30
1068 5533 2 7 38 M 10
5533 4218 2 16 86 M 10
4704 6111 2 7 36 O 10
5051 3474 2 73 0 C 0
3069 3068 2 7 36 O 10
3068 2352 2 4 17 O 30
4871 4652 2 36 199 O 20
2354 4380 2 4 19 O 20
5326 3667 1 27 0 C 0
2357 4369 1 8 0 C 0
4369 4368 1 9 0 C 0
4368 3534 1 6 0 C 0
3534 3572 1 18 0 C 0
4566 4233 2 10 0 C 0
4233 5337 2 26 0 C 0
2250 5958 1 28 0 C 0
6281 2370 1 9 0 C 0
2809 4891 2 11 0 C 0
4891 3503 2 14 0 C 0
3503 3504 2 14 0 C 0
3504 4410 2 6 0 C 0
4410 1022 2 14 0 C 0
1022 1021 2 7 0 C 0
1021 3498 2 3 0 C 0
3498 3506 2 37 0 C 0
3506 2810 2 8 0 C 0
2810 502 2 17 0 C 0
502 5725 2 13 0 C 0
5725 5726 2 5 0 C 0
5726 5724 2 9 0 C 0
5724 3139 2 2 0 C 0
3139 814 2 7 0 C 0
814 5722 2 2 0 C 0
5722 5723 2 6 0 C 0
5723 2529 2 2 0 C 0
2529 258 2 60 0 C 0
2375 5827 2 38 0 C 0
2375 2374 2 10 0 C 0
74 3242 1 9 49 O 30
3247 4390 1 8 0 C 0
4390 4391 1 31 0 C 0
4391 1377 1 43 0 C 0
296 4257 2 2 10 M 10
6223 2377 2 12 66 M 30
2381 3317 1 55 0 C 0
1865 3298 1 41 0 C 0
4113 2409 1 21 0 C 0
2383 3328 1 10 0 C 0
5161 3300 1 12 0 C 0
2387 2342 1 82 0 C 0
2391 2389 1 13 0 C 0
2388 2386 1 20 0 C 0
2405 3683 1 10 0 C 0
5070 2585 1 8 0 C 0
2585 2392 1 53 0 C 0
2392 2584 1 19 0 C 0
2397 3152 1 29 0 C 0
3152 1086 1 30 0 C 0
1086 1085 1 5 0 C 0
1085 5225 1 19 0 C 0
515 3537 1 19 0 C 0
3537 3536 1 35 0 C 0
3536 3327 1 2 0 C 0
4111 2407 1 155 0 C 0
2407 2408 1 499 0 C 0
2409 2411 1 256 0 C 0
2411 2410 1 199 0 C 0
2410 2413 1 197 0 C 0
3318 2412 1 8 0 C 0
2414 3321 1 12 0 C 0
2414 3319 2 11 0 C 0
2412 2802 1 5 0 C 0
135 6231 1 63 0 C 0
4063 5809 2 9 0 C 0
5809 4492 2 2 0 C 0
2423 2424 1 10 51 M 10
137 2417 1 27 0 C 0
2425 141 1 37 204 O 30
2424 4115 1 60 331 O 20
5205 140 1 21 113 O 30
2434 2421 1 42 228 O 10
157 2429 1 21 112 O 30
2422 974 1 10 51 O 30
6074 2428 1 8 43 M 10
2428 2441 1 7 37 O 20
1348 2434 1 4 21 O 20
2429 2426 1 8 42 M 30
2427 2437 1 7 37 O 20
2435 2433 1 8 42 O 20
2430 2427 1 4 20 O 30
2427 1348 1 8 40 O 20
974 142 1 36 195 M 10
145 2443 1 17 93 O 20
2442 3798 1 19 105 O 30
3798 3799 1 6 33 O 30
4893 5501 2 10 53 O 10
5501 3210 2 2 6 O 30
3210 1346 2 10 52 O 20
1350 5496 2 9 49 M 30
5496 796 2 16 83 O 30
796 5132 2 3 12 O 20
3800 1364 1 20 111 O 10
3891 2447 1 12 63 O 20
2445 158 1 23 127 O 10
3891 2446 1 12 64 O 30
359 3891 1 16 86 O 20
1962 1094 1 36 197 O 10
4118 159 1 31 168 M 10
4916 2952 1 9 50 O 10
2943 2458 2 14 0 C 0
5482 3879 2 9 49 O 20
2460 2459 1 3 0 C 0
2459 2461 1 4 0 C 0
2461 4882 1 4 0 C 0
4882 2460 1 2 0 C 0
4881 6170 2 17 0 C 0
6170 6160 2 22 0 C 0
6160 1141 2 17 0 C 0
6167 3425 2 72 0 C 0
3110 5813 1 10 0 C 0
5813 529 1 11 0 C 0
529 4596 1 2 0 C 0
120 3934 2 7 0 C 0
3918 2469 2 13 0 C 0
2469 3264 2 13 0 C 0
2479 2480 1 15 0 C 0
2481 1970 1 15 0 C 0
1970 802 1 43 0 C 0
2738 4041 2 60 0 C 0
2486 2487 2 29 161 O 30
2492 3374 2 15 83 O 30
2488 2486 2 16 84 M 10
2486 3049 2 8 41 O 20
3049 2485 2 13 72 O 30
2528 3497 2 16 0 C 0
5909 3650 1 6 33 M 20
3650 5906 1 11 56 M 20
4471 5906 1 17 91 O 30
3148 491 1 10 0 C 0
1967 4384 2 11 0 C 0
2503 2073 2 55 0 C 0
3293 3348 2 29 0 C 0
2134 2519 2 11 0 C 0
2519 4898 2 13 0 C 0
4898 4165 2 3 0 C 0
6057 6067 2 20 0 C 0
6067 4764 2 16 0 C 0
4764 2517 2 14 0 C 0
2517 3112 2 8 0 C 0
2515 2516 2 8 0 C 0
2705 2522 2 19 0 C 0
5737 2518 2 12 0 C 0
2520 2521 2 12 61 M 10
2511 2510 2 18 98 O 10
5765 18 1 20 0 C 0
2537 3291 1 3 0 C 0
2540 2539 2 7 0 C 0
2539 2538 2 33 0 C 0
2538 2533 2 15 0 C 0
2532 2534 1 10 0 C 0
6322 2552 2 28 155 O 10
2551 78 2 25 135 O 20
78 2597 2 6 29 O 20
2597 6330 2 21 115 O 10
5996 53 2 7 34 O 10
53 5232 2 3 16 O 30
5232 5732 2 6 32 M 20
5732 931 2 2 8 O 20
931 5733 2 3 15 O 10
5733 5241 2 3 17 O 10
6328 2553 2 27 146 M 30
2550 3519 2 15 79 O 20
3519 3517 2 16 85 O 10
3517 86 2 18 95 O 30
86 84 2 19 101 O 20
84 82 2 21 113 O 10
82 959 2 3 12 O 30
2548 2546 1 2 0 C 0
2546 2547 1 2 0 C 0
4864 2555 2 20 111 M 20
221 1295 2 16 0 C 0
3422 2551 1 1 4 O 20
4171 6080 2 45 245 O 10
2565 2566 2 8 39 O 30
3314 1351 2 4 17 M 30
1351 2509 2 21 113 O 30
2433 2430 1 2 10 M 10
4692 6148 2 8 39 O 20
6148 1355 2 24 130 O 10
1355 2632 2 2 8 O 20
2632 1354 2 21 112 M 20
1352 3314 2 4 22 M 10
195 2142 2 1 2 O 30
2142 4228 2 10 52 O 10
6186 2567 2 4 22 O 30
2567 4867 2 7 35 O 10
1824 3132 1 26 0 C 0
1378 4302 1 4 0 C 0
3921 2360 1 35 0 C 0
2361 3663 1 39 0 C 0
6215 3975 1 3 16 O 20
2455 2456 1 8 0 C 0
4811 5074 2 11 0 C 0
5074 2591 2 15 0 C 0
2591 2365 2 31 0 C 0
2365 5745 2 4 0 C 0
2283 4378 2 8 0 C 0
5690 2695 1 30 165 M 30
2658 2664 2 59 325 M 20
2672 2673 2 34 185 M 10
2639 2893 2 33 180 O 20
2893 2892 2 5 26 M 30
2892 4521 2 20 110 O 30
4521 2894 2 20 108 O 30
2894 2896 2 9 49 O 20
2896 2895 2 6 31 O 30
2895 2894 2 2 6 O 30
2685 2960 1 21 116 O 20
2607 95 2 77 427 O 30
3947 617 2 3 16 O 10
617 2683 2 37 203 O 30
1747 5952 2 56 309 O 20
5952 2617 2 7 34 O 10
2617 3434 2 8 39 O 10
2661 2664 2 34 184 O 30
2592 6291 2 3 12 O 10
6291 6309 2 11 57 O 30
6309 2594 2 17 92 O 10
3187 2608 2 17 90 O 30
3087 2670 2 8 42 M 20
3413 6332 2 35 191 O 30
2702 4587 2 18 97 O 10
2655 2658 2 34 185 O 10
2964 5691 2 20 106 M 10
5656 2988 2 10 52 M 10
2653 2650 2 26 141 M 10
2659 2657 2 34 186 M 30
2633 3165 2 13 67 O 10
3165 3167 2 11 59 O 20
2560 4555 2 2 10 O 30
5617 606 2 8 0 C 0
606 607 2 18 0 C 0
607 5031 2 80 0 C 0
5031 5618 2 1 0 C 0
785 3125 2 61 335 M 30
2678 5523 2 35 190 O 30
2623 4520 2 6 29 O 20
4520 2625 2 3 14 M 30
2625 2627 2 81 446 M 20
2627 3196 2 5 27 M 30
6093 1351 2 14 73 O 10
2644 3311 2 37 201 O 30
3311 2909 2 19 102 O 20
2909 5942 2 4 18 O 30
5942 3441 2 10 53 O 10
2698 3390 1 23 125 O 30
2647 2904 2 22 122 O 20
4130 2703 1 28 151 O 20
2646 2652 2 34 186 O 10
2668 2669 2 10 53 O 30
2669 6110 2 10 52 O 30
2699 4666 1 35 192 O 10
2654 2652 2 23 125 O 30
2652 2651 2 12 62 O 10
2640 2637 2 8 41 O 20
2637 2897 2 13 69 M 10
2604 2605 2 95 528 O 10
2605 2602 2 24 130 O 10
2602 2600 2 28 153 O 30
2600 2601 2 17 91 O 10
2644 2638 2 19 103 O 30
2638 2830 2 1 5 M 30
2830 2639 2 42 230 O 10
2639 2901 2 14 76 M 20
2901 2647 2 14 76 O 30
2647 2640 2 31 170 O 10
2640 2642 2 7 36 O 30
2642 3476 2 34 186 M 30
3476 2649 2 21 116 O 10
2649 2832 2 32 174 O 10
2832 2351 2 23 126 O 20
2351 2660 2 5 27 O 20
2662 2353 2 61 334 O 30
2353 2642 2 55 302 O 10
3783 2643 2 71 394 O 30
2602 2614 2 60 332 O 30
2648 2653 2 31 168 O 10
2653 2655 2 11 58 O 30
2655 2661 2 21 111 M 10
2661 2913 2 11 57 O 20
2634 2633 2 10 50 O 10
2633 6150 2 8 41 O 30
6150 2632 2 10 52 M 30
2622 2625 2 8 41 O 10
2600 3202 2 69 381 O 10
3202 3790 2 9 47 O 20
2605 3471 2 30 162 O 10
3471 2613 2 22 118 O 10
6130 3274 2 65 361 O 20
3785 6095 2 34 189 M 30
2675 2676 2 12 65 M 20
2615 2608 2 30 164 O 10
2608 2599 2 66 364 M 10
2620 5108 1 3 0 C 0
2598 1285 2 23 126 M 20
6138 5708 2 18 96 O 20
5708 2693 2 16 87 O 10
2603 1622 2 10 51 O 30
1622 1620 2 2 6 O 10
1620 1618 2 6 31 O 30
1618 3689 2 5 24 O 20
3689 1500 2 4 18 M 20
1500 1498 2 2 6 O 10
1498 1496 2 4 19 O 10
1496 1494 2 4 17 O 30
1494 1491 2 2 6 O 20
1491 1486 2 3 16 O 20
1486 1484 2 5 26 O 30
1484 1487 2 2 6 O 20
1487 3688 2 4 22 O 10
3688 5946 2 16 84 O 30
5946 2609 2 9 45 O 30
3047 5706 2 11 59 M 20
5706 5381 2 16 87 O 20
2635 2636 2 16 89 M 10
5388 3061 2 4 22 O 10
3061 2659 2 11 58 O 30
2659 2654 2 19 104 M 30
2654 3051 2 32 175 O 30
2617 2618 2 5 27 O 10
2618 2622 2 7 33 O 10
2622 2623 2 9 45 O 20
2623 2624 2 6 29 M 20
5713 4393 2 5 25 O 20
353 4559 1 5 25 O 10
2674 2673 2 29 158 O 20
3735 5988 2 25 136 M 10
5988 5124 2 19 105 O 10
2707 5709 2 17 93 M 10
5709 2706 2 18 98 O 30
3178 3179 1 5 27 O 30
2710 4713 2 16 84 M 10
4713 5877 2 5 27 O 30
2714 1749 2 14 77 O 30
2711 5930 2 14 76 O 20
3183 3182 2 6 0 C 0
2722 2721 2 40 0 C 0
2717 2718 2 29 161 O 30
2715 2716 2 19 100 O 10
2716 5395 2 14 76 M 10
2765 2826 2 19 0 C 0
2826 3261 2 17 0 C 0
956 3954 2 32 0 C 0
3954 2742 2 21 0 C 0
2755 2756 1 3 0 C 0
3277 573 2 25 138 O 10
1856 2732 2 17 91 O 30
2743 5405 2 20 110 O 20
5405 5042 2 4 21 O 30
2740 3444 1 1 4 O 20
3444 2743 1 2 10 O 10
2743 2741 1 2 11 M 20
2741 2739 1 3 11 M 20
2739 2740 1 2 6 O 20
2751 2752 1 1 0 C 0
575 2727 2 90 498 M 20
5040 4394 2 55 304 O 20
2753 2756 2 21 0 C 0
2770 4024 2 4 19 O 30
4024 2772 2 16 87 M 20
2741 5041 2 22 118 O 10
2739 2891 2 20 110 O 30
2757 3850 2 70 0 C 0
3850 2823 2 71 0 C 0
2823 4090 2 4 0 C 0
4090 2824 2 2 0 C 0
2726 4799 2 49 0 C 0
4799 2731 2 35 0 C 0
2744 4699 2 5 0 C 0
2744 2822 2 3 0 C 0
2782 2784 2 17 0 C 0
2784 2785 2 8 0 C 0
2785 2788 2 10 0 C 0
2788 2789 2 26 142 O 20
2786 2790 2 45 246 O 20
2786 2785 2 17 0 C 0
2780 2781 2 16 0 C 0
2781 2783 2 16 0 C 0
2783 2787 2 17 0 C 0
2787 895 2 3 0 C 0
4538 292 2 21 0 C 0
292 5886 2 25 0 C 0
5886 3569 2 25 0 C 0
2860 2790 2 14 77 O 20
2790 2789 2 30 162 O 10
2780 3352 2 17 0 C 0
3151 2779 2 15 0 C 0
2779 5885 2 12 0 C 0
3357 4544 2 20 0 C 0
4544 3822 2 2 0 C 0
4540 1783 2 1 0 C 0
1783 3337 2 29 0 C 0
3337 1803 2 5 0 C 0
1803 1802 2 1 0 C 0
1802 4545 2 38 0 C 0
4545 3821 2 4 0 C 0
6128 3557 2 6 30 O 10
3557 5182 2 5 23 O 10
5182 3001 2 7 38 O 20
3001 6126 2 6 33 M 10
6126 5180 2 10 55 O 30
5180 2795 2 11 58 O 30
2795 2797 2 7 34 O 20
2797 2796 2 2 9 O 30
2796 2795 2 3 14 O 30
6136 4219 2 7 35 O 20
3313 2801 2 28 152 O 30
3538 4921 1 3 0 C 0
2282 2364 2 11 0 C 0
2971 2577 2 22 0 C 0
2577 5914 2 15 0 C 0
2315 2314 2 8 0 C 0
2478 4667 2 16 0 C 0
4667 499 2 4 0 C 0
2268 2818 1 16 0 C 0
2820 4501 1 2 0 C 0
5972 2820 1 3 0 C 0
124 123 1 31 169 O 30
4364 5107 1 2 8 M 30
2108 6219 1 2 11 O 10
2532 1867 2 13 0 C 0
2746 2748 2 5 0 C 0
2822 4698 2 2 0 C 0
4698 2746 2 4 0 C 0
5673 5664 1 13 69 O 20
5664 5672 1 8 43 O 20
5641 5653 2 11 60 O 10
5653 5652 2 13 68 O 30
5652 5651 2 14 73 O 10
5651 5650 2 11 59 O 10
5650 4973 2 37 202 M 20
4387 3144 2 5 26 O 30
2829 2828 2 17 93 O 10
2832 3480 2 28 150 O 30
3480 3475 2 117 647 O 30
3937 2833 2 69 381 M 20
2836 2837 2 6 31 M 10
4498 2836 2 37 203 O 10
2836 2835 2 9 48 M 20
220 1011 2 21 113 O 20
1011 1009 2 7 38 O 20
1009 224 2 20 110 O 20
224 927 2 5 22 O 20
927 917 2 2 10 M 20
917 3185 2 7 35 O 10
3185 921 2 2 8 O 20
921 2838 2 23 126 M 20
2841 3223 2 63 345 M 30
3945 3946 2 13 69 O 20
162 161 1 10 51 O 30
2852 2853 1 5 26 O 30
2853 2703 1 2 8 M 10
161 4404 1 9 46 O 20
2846 5378 1 6 28 O 10
3971 2849 1 13 68 O 10
5067 4175 2 2 8 O 10
5066 992 2 6 31 M 20
2852 2343 1 10 55 O 30
2346 2852 1 5 27 O 20
2346 2853 1 7 34 O 20
2850 5676 2 1 3 O 30
5676 5033 2 19 104 O 20
2851 2850 1 9 48 O 10
162 1391 1 7 36 O 10
3593 1254 2 19 104 O 20
2804 624 1 5 0 C 0
3661 2806 1 43 0 C 0
2865 581 2 64 353 O 20
581 6127 2 48 264 O 30
2863 6123 2 19 104 M 20
6123 2861 2 19 104 O 20
2864 2863 2 47 259 O 10
2867 2866 2 13 68 O 30
2869 2870 2 14 72 M 20
3762 2813 2 66 0 C 0
2813 3949 2 32 0 C 0
3949 4083 2 27 0 C 0
2878 2824 1 3 0 C 0
3762 2825 1 5 0 C 0
2825 2878 1 1 0 C 0
6080 548 2 18 97 O 20
548 1363 2 8 42 O 30
1363 6087 2 9 45 O 20
6087 6122 2 12 62 O 20
6122 6078 2 9 47 M 30
6078 6077 2 11 59 O 10
2564 5134 2 5 27 O 10
5134 2565 2 12 63 O 10
2692 2681 1 30 164 O 10
2681 2680 1 1 5 O 30
353 2680 2 18 95 O 30
2706 2870 2 14 77 O 10
2870 4671 2 13 70 O 20
2693 2866 2 43 234 O 20
2866 2862 2 12 63 O 20
6156 721 2 3 13 O 30
721 722 2 5 23 O 10
722 724 2 2 11 O 10
724 726 2 2 7 O 20
726 728 2 6 29 O 10
728 731 2 3 14 O 10
731 2558 2 3 16 O 30
2558 6157 2 17 94 O 10
2335 2333 2 2 0 C 0
4066 2815 2 2 0 C 0
6182 6179 2 12 0 C 0
6179 6181 2 5 0 C 0
6181 6180 2 14 0 C 0
6180 6177 2 10 0 C 0
6177 3267 2 5 0 C 0
2885 2340 2 9 0 C 0
2465 2473 2 8 0 C 0
2473 5798 2 10 0 C 0
5798 2476 2 10 0 C 0
2476 2464 2 21 0 C 0
2464 4053 2 18 0 C 0
4063 4675 1 6 0 C 0
2341 4677 1 5 0 C 0
2340 4062 2 2 0 C 0
4062 2463 2 10 0 C 0
2814 5189 1 18 0 C 0
5189 2817 1 21 0 C 0
1958 2880 1 13 0 C 0
2880 2886 1 18 0 C 0
2733 2730 2 8 41 O 20
574 2728 2 59 325 O 20
639 2737 1 1 2 O 20
2737 2889 1 2 10 O 20
2889 2891 1 2 11 O 20
2891 2890 1 2 9 O 30
2890 639 1 2 9 O 20
2906 2905 2 6 31 O 20
2912 2907 1 32 174 O 10
2650 2906 2 6 28 O 10
2906 2907 2 4 19 O 10
2907 2911 1 30 161 O 10
2911 2912 1 3 13 O 20
2912 2913 2 27 147 O 20
2908 2909 2 7 38 O 20
2830 1247 2 8 39 O 30
2638 2903 2 20 109 M 30
2901 2902 2 8 40 O 10
2899 2900 2 10 52 O 20
3260 2899 2 8 43 O 20
2899 2637 2 28 155 O 20
2637 3583 2 50 275 M 10
2637 2898 2 11 58 O 10
2892 4583 2 4 19 O 30
4583 2893 2 4 20 O 10
2909 2910 2 9 44 O 30
2641 3477 2 25 134 O 20
3477 3479 2 12 63 O 30
2641 3481 2 35 190 O 10
2915 2916 2 15 82 O 30
2917 2915 2 16 88 O 10
2915 4509 2 2 8 M 20
2282 2367 2 13 0 C 0
2367 3929 2 9 0 C 0
3929 1892 2 9 0 C 0
2928 2927 1 10 55 O 20
986 2928 1 9 45 O 30
3931 2930 2 32 173 O 30
2930 65 2 5 26 O 30
65 2929 2 4 20 M 10
2932 2931 2 7 35 O 30
4388 2932 2 17 94 M 10
2932 1837 2 9 45 O 30
2935 2936 2 4 19 M 20
2936 4149 2 9 48 O 10
4149 3596 2 26 140 O 10
5927 5981 2 14 74 O 10
2018 440 2 6 32 O 30
2685 5522 2 17 94 M 10
2695 406 1 6 33 M 10
406 2963 1 17 92 O 10
2963 5690 1 8 40 M 10
2695 5680 2 38 210 O 20
2961 2958 2 8 42 O 30
2963 2965 2 21 115 O 20
2679 2957 2 11 61 O 20
2956 2957 2 7 37 M 20
5712 2829 1 3 16 O 30
2829 2679 1 34 185 O 30
2679 2959 1 5 26 O 30
2960 2959 2 6 28 O 30
2960 2961 1 15 79 O 30
2961 2685 1 8 44 O 10
2959 5712 1 40 222 O 30
5717 5713 2 35 193 O 10
2695 5718 2 11 60 O 30
2962 5719 1 9 48 O 10
3944 4345 2 10 53 M 20
4345 3943 2 8 41 M 30
2682 2677 2 23 127 O 10
2682 2678 2 21 116 M 20
2966 619 2 26 142 O 10
619 3947 2 1 2 O 10
2683 2682 1 5 26 M 30
2974 236 1 33 0 C 0
633 2974 1 20 0 C 0
2345 3392 1 6 28 O 20
2977 2978 2 13 72 O 30
2978 2979 2 7 38 O 10
3593 2344 2 22 120 O 10
2980 2978 2 11 61 O 10
5650 2987 2 12 63 O 10
2700 405 2 3 12 O 10
405 4666 2 2 11 O 20
4666 4991 2 14 77 O 10
2986 5677 2 37 202 M 30
5677 2701 2 12 66 M 10
1804 2983 2 10 50 M 20
2982 4665 2 8 41 O 30
2697 3576 1 21 114 O 10
2985 2984 2 12 64 O 30
3913 5034 1 10 52 O 10
5034 3805 1 1 3 O 10
2990 2989 2 6 33 O 30
2484 1147 2 4 21 O 10
1147 376 2 18 98 O 20
376 473 2 3 15 M 30
3009 6082 2 14 74 O 30
6082 6083 2 25 134 O 10
2676 6122 2 26 142 O 30
3011 3010 2 23 123 O 10
3003 3001 2 4 21 O 10
5280 5181 2 6 31 O 30
5181 3005 2 2 11 O 10
3002 3003 1 4 19 O 30
3003 3007 1 12 63 O 30
3006 3002 1 8 39 M 10
3015 3808 2 7 37 O 10
3014 3015 1 33 181 O 30
3015 3019 1 5 23 O 30
3019 3014 1 30 165 O 30
3019 3017 1 16 86 M 10
3017 3016 1 9 49 O 30
3017 3018 2 14 73 O 30
2690 2689 2 9 45 M 20
2689 2691 2 5 27 O 20
3571 580 2 13 0 C 0
580 4770 2 19 0 C 0
4770 4145 2 18 0 C 0
4897 3587 2 20 0 C 0
3116 4897 2 30 0 C 0
2121 3025 2 19 103 O 20
3025 3024 2 14 76 O 10
4991 2698 2 7 38 O 30
2698 2696 2 9 47 O 10
2696 3810 2 8 41 M 10
3025 1457 2 7 36 M 10
3022 5524 2 17 91 O 30
2684 3047 2 21 112 O 10
1279 4810 2 26 140 O 10
3935 6113 2 12 64 O 10
2868 2686 2 26 143 O 30
6113 6114 2 20 109 O 20
1272 3958 2 27 149 M 10
3046 3045 2 21 116 O 10
2831 6115 2 13 69 O 10
6119 2672 1 25 137 O 10
2672 1278 1 6 30 M 30
1278 6119 1 30 162 O 30
1279 5729 2 9 46 O 10
1278 5728 2 9 48 O 10
3047 2686 2 14 77 O 30
2686 2694 2 12 65 O 10
3049 3048 2 11 60 M 20
3061 3060 2 15 81 M 30
2657 3058 2 10 55 O 30
3058 563 2 5 25 O 30
2645 2651 2 35 192 O 10
2651 2657 2 20 107 O 10
2646 2645 2 7 37 O 20
3051 2646 1 22 120 O 20
3058 1241 2 6 28 O 30
6112 6109 2 20 106 O 30
3065 6112 2 18 98 O 30
2665 6114 2 10 52 M 10
6114 2666 2 13 68 M 10
2666 2667 2 27 147 O 30
2667 2668 2 15 78 O 30
2663 4684 2 8 40 O 20
3068 3067 2 7 36 O 30
3064 3066 2 25 136 O 10
2352 6112 2 24 128 M 20
6112 2670 2 29 157 O 10
2670 5385 2 4 17 O 30
3442 3063 1 2 8 O 20
3308 3052 1 17 91 O 10
3052 3310 1 11 59 O 10
3055 3054 2 10 52 O 10
3057 3053 1 7 39 M 10
3053 3052 1 14 75 O 10
3071 3088 1 21 113 O 10
5859 2100 2 8 42 O 30
2849 2851 1 24 130 O 30
2670 2669 2 20 106 O 10
3085 3086 2 20 106 O 20
3077 3079 2 7 34 M 30
3078 3081 2 6 33 O 30
3075 3076 2 4 21 O 30
3076 3083 2 13 70 O 20
3080 3082 2 10 51 O 20
3076 3077 2 3 17 O 20
3077 3078 2 2 11 M 30
3078 3080 2 4 22 O 30
3080 3084 2 7 34 O 20
3833 3665 1 11 60 M 30
68 5738 2 9 0 C 0
5738 5739 2 3 0 C 0
5739 5410 2 12 0 C 0
5118 70 2 15 0 C 0
3104 3097 1 7 35 M 30
3091 3656 2 10 55 M 20
3098 3099 1 9 49 M 20
3099 3105 1 1 5 O 10
4822 6225 1 2 11 O 20
6225 3090 1 19 102 O 30
3656 3102 1 8 42 O 20
3102 3095 1 1 4 O 20
3109 3091 1 18 96 M 10
3097 3109 1 8 43 O 20
3102 3093 1 4 21 O 30
3089 5873 1 4 19 O 20
3093 3107 1 3 15 O 10
2586 6217 1 3 12 O 20
2587 4870 1 34 188 O 10
3601 5845 2 6 33 O 30
5845 3615 2 9 48 M 20
3615 3616 2 6 28 O 30
3616 1344 2 5 23 O 20
1344 2295 2 7 35 O 30
2295 3761 2 13 72 O 20
3761 4433 2 9 45 O 10
4433 3606 2 9 45 O 30
3606 3620 2 3 11 O 10
4917 992 1 11 56 O 10
3128 2302 2 2 8 O 20
4625 2302 2 16 84 O 30
2279 3130 2 24 0 C 0
3130 2257 2 11 0 C 0
2257 4821 2 11 0 C 0
3383 4617 1 6 31 O 20
2570 6194 1 4 0 C 0
3133 3134 1 15 82 O 30
2494 3141 2 3 0 C 0
3144 4217 2 5 24 O 20
1659 3352 2 29 0 C 0
3577 5841 1 10 50 O 30
4249 2574 2 6 0 C 0
2574 322 2 8 0 C 0
322 2506 2 12 0 C 0
3158 3161 2 11 57 O 20
3160 3162 1 36 198 O 20
3162 3158 1 20 107 O 20
3158 3157 1 7 38 O 30
3162 3163 2 2 8 O 30
6269 3157 2 10 53 O 20
3157 3159 2 2 7 O 10
3164 6150 2 6 32 O 30
3166 3165 2 7 38 O 20
2710 3651 1 23 124 O 30
2709 3387 2 24 133 O 10
3387 3385 2 9 45 O 10
3385 3651 2 2 11 M 10
3658 4785 2 8 0 C 0
4785 3659 2 10 54 O 10
3179 2709 2 22 122 M 20
5876 3181 2 9 46 O 20
2720 1900 2 12 0 C 0
1900 1899 2 7 0 C 0
1899 413 2 14 0 C 0
413 414 2 5 0 C 0
414 92 2 5 0 C 0
92 112 2 13 0 C 0
3184 3185 2 11 61 O 30
2840 2839 2 12 62 O 10
2839 3186 2 11 57 O 20
3189 583 2 4 19 M 10
583 3188 2 40 219 O 20
2629 3230 2 15 83 O 10
3230 5948 2 11 59 O 30
5948 3190 2 3 16 O 10
3190 3192 2 29 160 O 10
5949 2628 2 8 42 O 30
2628 2619 2 40 220 M 10
2619 2621 2 9 47 O 30
3194 5950 2 6 29 O 10
5950 5951 2 2 10 O 30
5951 3194 2 3 13 M 10
3194 2630 2 11 58 O 10
2630 2628 2 8 40 O 10
2619 3195 2 9 45 O 10
3197 3590 2 10 52 O 20
2627 3197 2 5 24 O 30
3197 3196 2 5 27 O 30
3199 3198 2 7 38 O 30
3196 2626 2 4 19 O 30
2626 2621 2 4 19 O 30
2621 3195 2 8 40 O 10
3195 2616 2 6 29 O 20
2616 3199 2 6 32 O 20
3199 1660 2 9 46 O 10
2610 3200 2 13 69 O 30
3200 5283 2 11 59 O 20
5283 813 2 45 248 O 20
3200 5282 2 10 55 O 20
5282 3201 2 1 5 O 30
3437 3202 2 17 89 O 10
3522 3523 2 80 441 O 30
4401 3203 1 48 265 O 30
3522 4403 2 13 69 O 20
4403 4400 2 60 331 O 10
3204 3206 2 11 58 O 30
3206 3205 2 6 29 O 30
3206 3531 2 11 56 O 30
3208 3209 2 5 22 M 20
3210 3211 2 20 106 O 20
4435 4436 2 13 67 O 30
2534 258 1 9 0 C 0
4212 2531 1 6 0 C 0
3216 3315 2 4 0 C 0
3315 3986 2 14 0 C 0
397 398 1 8 43 O 30
3879 4916 1 10 53 O 30
3452 3222 1 52 286 O 20
3225 3224 1 16 85 O 30
2766 3226 2 34 186 O 10
1792 3228 2 3 12 O 30
1791 3227 2 8 43 O 10
3230 3231 2 14 73 O 30
3231 3232 2 6 32 O 30
3232 3229 2 3 12 M 30
3229 3231 2 2 10 O 30
3233 3234 2 10 53 O 20
6183 6173 2 4 0 C 0
6173 6184 2 16 0 C 0
6184 6185 2 21 0 C 0
6185 3216 2 8 0 C 0
3236 3235 1 1 0 C 0
3235 6183 1 4 0 C 0
6183 3237 1 2 0 C 0
3237 3236 1 2 0 C 0
1369 2301 2 62 341 O 10
2301 1014 2 9 48 O 20
1014 5847 2 2 10 O 20
3246 3243 1 9 44 M 10
3244 3247 1 12 0 C 0
1867 4211 2 10 0 C 0
4211 2530 2 2 0 C 0
754 2573 2 12 0 C 0
2573 2505 2 7 0 C 0
3356 5888 2 24 0 C 0
3249 765 2 6 29 M 30
765 2305 2 7 38 M 30
517 1891 1 13 0 C 0
3252 2309 1 29 156 O 10
2309 3251 1 8 42 M 20
4279 1822 1 4 22 M 30
3252 3599 1 21 115 M 10
2308 3251 1 8 43 O 20
4280 2193 1 4 22 M 30
3965 4279 1 32 174 O 30
3255 3254 2 6 29 O 10
2195 2193 2 4 21 O 30
4052 2341 2 2 0 C 0
3986 4882 2 12 0 C 0
6124 6169 2 33 0 C 0
6169 2461 2 9 0 C 0
4558 5008 2 10 0 C 0
5008 2513 2 8 0 C 0
3987 104 2 22 0 C 0
104 102 2 19 0 C 0
102 2620 2 4 0 C 0
474 5318 2 8 0 C 0
4147 1990 1 12 0 C 0
2223 4970 1 16 0 C 0
4970 4267 1 10 0 C 0
2192 1822 1 4 19 O 10
1822 3253 1 4 19 O 30
3253 6203 1 1 5 O 20
6203 3255 1 9 47 M 20
3255 2195 1 6 33 O 30
1821 2196 2 10 54 O 10
3136 4304 1 48 0 C 0
1375 74 2 2 7 O 30
3245 3246 1 4 18 O 10
3246 1375 1 5 27 O 10
2501 3288 2 17 0 C 0
630 3411 2 2 0 C 0
3411 1293 2 13 0 C 0
114 3263 2 14 0 C 0
3263 2471 2 13 0 C 0
3262 3815 2 19 0 C 0
3815 2768 2 20 0 C 0
3262 3261 1 3 0 C 0
113 3263 2 33 0 C 0
3263 3266 2 20 0 C 0
2320 5773 1 9 0 C 0
6278 6280 1 7 0 C 0
4630 3316 2 2 0 C 0
3316 5972 2 11 0 C 0
3268 3270 1 3 0 C 0
3270 3269 1 2 0 C 0
3267 3268 1 1 0 C 0
2432 6074 1 6 30 O 20
2363 4746 1 26 0 C 0
5065 3115 2 1 0 C 0
5615 613 2 27 0 C 0
613 608 2 1 0 C 0
608 5617 2 5 0 C 0
2805 3661 1 33 0 C 0
2856 3668 1 8 0 C 0
2507 1966 1 33 0 C 0
2951 317 2 4 17 O 30
317 5469 2 4 17 O 10
5469 1366 2 9 49 O 30
1366 5131 2 13 70 O 30
3037 3708 2 9 47 O 10
2998 2821 2 22 0 C 0
3597 3600 2 12 65 O 20
5923 2998 2 13 0 C 0
497 2196 2 8 40 O 30
4641 835 2 4 19 O 30
3331 3333 2 1 3 O 10
3779 3332 2 8 41 O 10
6033 3334 2 15 0 C 0
3334 6032 1 12 0 C 0
3332 5451 2 9 47 O 10
3939 4902 2 5 25 O 30
4902 3335 2 2 11 O 20
3332 3331 1 10 51 M 30
3331 3330 1 8 39 O 20
3330 3334 1 15 0 C 0
3094 5601 2 12 66 O 30
5601 5603 2 15 82 M 10
5603 5043 2 16 86 M 10
5874 5875 2 20 110 O 20
4374 5956 2 6 0 C 0
5956 2106 2 12 0 C 0
2106 4761 2 12 0 C 0
4761 5740 2 11 0 C 0
4195 3363 2 12 67 O 20
6175 6174 2 20 0 C 0
6174 3235 2 15 0 C 0
3372 3371 1 3 0 C 0
3371 3370 1 2 0 C 0
3370 6175 1 2 0 C 0
6175 3372 1 1 0 C 0
1741 1743 1 56 0 C 0
4115 1742 1 47 0 C 0
4117 138 1 18 0 C 0
2419 3575 1 4 18 O 20
516 1885 1 57 0 C 0
1885 6335 1 5 0 C 0
6335 1884 1 5 0 C 0
1884 5169 1 24 0 C 0
3380 3381 2 15 81 O 30
3385 3386 2 9 48 M 20
3386 3387 2 16 87 O 30
3391 3390 1 16 88 O 30
3390 2697 1 6 30 M 20
3388 4974 1 11 60 O 30
4974 3389 1 6 31 O 10
3393 5645 2 1 5 O 30
2344 1474 1 3 16 O 10
1474 5969 1 5 24 O 20
3393 3394 1 11 60 O 30
3395 1475 1 11 56 O 10
1475 5628 1 2 8 O 10
2499 3950 2 8 0 C 0
3950 1846 2 6 0 C 0
1250 6145 1 12 0 C 0
885 2104 2 8 0 C 0
3802 3803 2 2 9 O 30
3803 3804 2 12 62 O 30
3403 3803 1 16 87 O 30
5721 3947 2 78 433 O 30
609 5721 2 6 30 O 20
3401 3404 1 4 22 O 30
3404 5247 1 4 19 O 30
4283 420 1 6 0 C 0
420 3285 1 13 0 C 0
3285 2075 1 58 0 C 0
3118 3119 1 45 0 C 0
3119 3553 1 4 0 C 0
3553 3552 1 7 0 C 0
3552 5814 1 9 0 C 0
5814 5816 1 4 0 C 0
5816 5815 1 2 0 C 0
5815 5817 1 4 0 C 0
5817 4144 1 16 0 C 0
1954 3673 1 10 0 C 0
3673 2228 1 19 0 C 0
2228 57 1 8 0 C 0
3716 2507 1 76 0 C 0
3406 2606 2 6 32 O 20
2606 3198 2 57 317 O 10
3198 2616 2 7 35 O 30
3407 3405 2 11 59 M 30
3405 3406 2 6 30 O 20
3406 3408 2 18 98 O 10
4485 4166 2 18 99 M 10
4166 4057 2 3 12 O 30
4057 3409 2 15 82 O 20
3410 5856 1 19 101 M 10
3416 1565 2 4 21 O 30
1565 1559 2 5 26 O 10
1559 1564 2 1 2 O 20
1564 1557 2 1 4 M 20
1557 1561 2 1 2 O 20
1561 1555 2 3 13 O 10
1555 1553 2 2 9 O 10
1553 6316 2 9 48 O 20
3415 3416 1 1 2 M 10
3416 3413 1 2 9 O 20
3413 3417 1 2 8 O 10
3417 3414 1 2 9 O 20
3414 3415 1 2 8 O 20
6317 4860 2 20 108 M 10
3418 1507 2 4 21 O 10
1507 1505 2 8 39 O 30
1505 1503 2 4 19 O 30
1503 1501 2 3 14 O 30
1501 3689 2 11 59 O 30
3689 1342 2 11 56 O 10
1342 538 2 27 148 O 10
538 1531 2 5 27 O 30
1531 6324 2 4 18 O 10
3420 1551 2 4 20 M 30
1551 1510 2 2 9 M 20
1510 1549 2 1 4 O 20
1549 1512 2 4 17 O 20
1512 1547 2 2 10 O 10
1547 1513 2 1 2 O 30
1513 1515 2 3 13 O 20
1515 1517 2 3 16 O 30
1517 1529 2 3 11 O 20
1529 1520 2 1 3 O 30
1520 3417 2 4 18 O 20
3421 3420 1 2 8 O 10
3420 6323 1 2 8 O 20
6323 3419 1 2 11 O 20
3419 3418 1 2 10 O 10
3418 3421 1 1 2 O 20
3423 3424 2 14 75 O 20
3425 6166 1 3 0 C 0
3431 228 2 46 254 M 30
3430 223 2 17 0 C 0
3432 3429 1 2 0 C 0
3429 227 1 3 0 C 0
227 3431 1 3 0 C 0
3431 3430 1 3 0 C 0
3430 3432 1 1 0 C 0
3790 3438 2 18 98 M 20
3436 2614 1 2 11 O 30
2557 689 2 15 81 O 20
689 691 2 7 38 O 10
691 693 2 6 30 O 30
693 695 2 9 45 O 10
695 2559 2 14 76 O 30
2555 3437 1 9 46 O 10
1281 4686 2 6 31 M 20
3440 3441 2 2 11 M 20
3441 4685 2 5 25 O 10
1280 2663 2 4 18 O 20
3627 2355 1 12 65 M 30
2355 1644 2 15 82 O 30
3627 1645 2 5 22 O 30
1645 422 2 4 21 O 30
422 1646 2 4 18 O 10
1646 1649 2 4 21 O 20
1649 2307 2 3 15 O 10
2307 3607 2 1 5 O 30
5106 2265 1 7 33 O 30
5297 755 1 1 4 O 20
755 5295 1 4 18 O 20
4556 4988 2 17 92 O 10
5295 756 1 4 18 O 30
756 4839 1 6 30 M 20
4963 291 2 11 57 M 20
5662 3398 1 6 31 O 10
593 4354 2 14 77 O 30
2172 3034 2 6 31 O 10
3034 1945 2 38 206 O 10
1945 5111 2 4 17 M 30
2183 439 2 8 42 O 10
4265 2069 1 8 0 C 0
5164 5088 1 6 0 C 0
5088 3562 1 11 0 C 0
3565 4541 1 3 0 C 0
3568 3820 2 25 0 C 0
3820 3359 2 25 0 C 0
3359 3823 2 16 0 C 0
3823 3355 2 12 0 C 0
3355 2776 2 16 0 C 0
3567 3569 1 2 0 C 0
1893 1865 1 65 0 C 0
3575 2422 1 57 313 O 30
3976 5836 1 8 0 C 0
2449 166 1 16 88 O 30
6273 1438 1 33 179 O 30
5426 1093 1 53 293 O 20
1437 171 1 42 228 O 30
861 498 1 7 0 C 0
2997 2006 1 12 0 C 0
5173 2999 2 4 22 O 10
2999 3707 2 12 63 O 30
3707 5094 2 12 62 O 10
5094 4020 2 12 66 O 10
438 6199 1 3 0 C 0
6199 1859 1 6 0 C 0
3709 486 1 3 15 M 20
486 1939 1 4 17 O 10
1939 2992 1 9 0 C 0
497 875 2 10 52 O 20
5252 174 1 12 0 C 0
2967 1482 1 6 0 C 0
1482 5270 1 8 0 C 0
2254 2246 1 27 0 C 0
2246 2250 1 15 0 C 0
4058 929 2 10 55 O 10
929 6299 2 56 308 O 30
6299 6303 2 6 33 M 10
6303 6301 2 2 9 M 20
6301 6297 2 6 28 O 20
6297 6295 2 10 55 O 20
6295 6305 2 9 48 O 20
6305 6293 2 11 57 O 10
6293 1029 2 29 159 O 10
4594 2467 2 10 0 C 0
3043 2930 2 10 54 O 10
2930 3664 2 10 54 M 30
3042 4564 1 12 62 O 20
4564 4562 1 8 41 M 30
4562 5925 1 6 30 O 10
5059 5125 2 14 76 O 30
3043 1207 2 20 109 O 10
1207 1836 2 9 48 M 30
2949 5835 2 3 13 O 30
2493 1345 1 17 0 C 0
2859 2331 2 10 0 C 0
797 5069 1 6 0 C 0
5069 2278 1 9 0 C 0
4744 4154 2 10 0 C 0
3589 3590 1 10 52 O 20
3590 6336 1 1 1 O 30
6336 3589 1 1 1 O 30
2875 4134 2 23 0 C 0
1138 2872 1 12 0 C 0
2285 2876 1 29 0 C 0
3828 3591 1 17 0 C 0
127 3115 1 23 0 C 0
3120 4926 1 12 0 C 0
1998 3739 1 37 0 C 0
3739 4046 1 20 0 C 0
458 5892 1 85 0 C 0
5892 817 1 12 0 C 0
2338 5259 1 11 0 C 0
4015 4935 1 4 0 C 0
3324 4016 1 2 0 C 0
2877 3831 2 11 0 C 0
2359 4986 1 12 0 C 0
3720 3721 2 2 11 O 20
3721 3722 2 4 21 O 20
3722 3723 2 3 13 O 20
3723 3721 2 3 11 O 30
3724 1087 1 15 0 C 0
2001 4475 1 34 0 C 0
2914 4838 1 25 0 C 0
4838 4837 1 12 0 C 0
4889 4890 1 7 0 C 0
4890 5024 1 20 0 C 0
4906 5075 1 128 0 C 0
5075 14 1 11 0 C 0
5770 4930 1 18 0 C 0
2081 2076 2 17 0 C 0
2076 2073 2 12 0 C 0
4005 4366 1 32 0 C 0
1978 1977 1 5 0 C 0
1977 641 1 2 0 C 0
894 326 1 15 0 C 0
326 3999 1 20 0 C 0
1876 1875 1 7 0 C 0
1875 1874 1 37 0 C 0
6247 1119 1 9 49 O 20
1103 5215 1 24 132 O 10
3733 3734 2 22 118 O 20
3741 3742 2 7 35 O 10
3570 3744 2 9 45 O 10
3744 3743 2 14 76 O 20
3744 3745 2 6 31 M 10
3747 3746 1 4 18 O 10
2104 2105 2 12 0 C 0
4084 4083 2 4 0 C 0
4929 468 1 30 0 C 0
1979 4007 1 11 0 C 0
3240 5417 1 7 34 M 20
1195 5297 1 8 41 M 30
4254 122 2 14 74 O 20
3751 71 1 27 146 O 20
71 3752 1 4 17 O 10
3755 3754 2 6 30 M 10
1859 6198 1 2 0 C 0
6198 6192 1 3 0 C 0
1927 3736 1 8 0 C 0
3665 3666 1 19 103 M 20
5271 464 1 12 0 C 0
4935 154 1 9 0 C 0
2403 4752 1 19 0 C 0
4752 2404 1 5 0 C 0
2323 3495 1 37 0 C 0
1816 3759 1 7 37 O 10
1818 1947 1 12 66 M 20
4436 3761 2 8 40 M 10
1726 3812 1 5 0 C 0
2216 4607 1 48 0 C 0
499 4052 2 2 0 C 0
787 116 2 5 0 C 0
116 216 2 7 0 C 0
216 115 2 8 0 C 0
115 1292 2 14 0 C 0
1292 113 2 14 0 C 0
113 3989 2 9 0 C 0
3989 3988 2 6 0 C 0
3988 2596 2 13 0 C 0
2596 2713 2 4 0 C 0
6125 2671 2 39 213 O 20
2671 1352 2 9 46 O 10
3877 1713 1 11 58 M 20
3142 4901 1 2 0 C 0
4517 3145 2 5 24 O 10
75 4333 1 2 0 C 0
287 3156 1 1 0 C 0
3251 4276 1 4 22 O 30
2310 3704 1 1 5 O 20
2396 2395 1 8 0 C 0
2395 5224 1 23 0 C 0
753 5330 1 29 158 M 30
1107 1095 1 25 134 O 20
6249 167 1 31 169 O 10
3853 5563 1 5 22 O 20
41 2189 1 33 180 O 10
5432 5431 1 18 98 M 10
3150 1984 1 10 0 C 0
1999 5068 1 6 0 C 0
5196 3150 1 3 0 C 0
3034 3952 2 7 37 M 30
5036 441 1 8 0 C 0
3717 3718 1 33 0 C 0
2590 4292 1 3 15 O 30
3155 3965 1 1 3 O 20
3256 1828 1 2 0 C 0
1853 5964 1 6 31 O 20
5431 3859 1 27 146 M 20
5146 1717 1 5 25 O 30
2053 2050 1 38 0 C 0
325 5302 1 3 0 C 0
2034 2028 1 9 0 C 0
5975 5974 1 24 0 C 0
133 2277 1 45 0 C 0
5905 5805 2 3 0 C 0
5805 5806 2 10 0 C 0
5806 5804 2 3 0 C 0
5804 4501 2 17 0 C 0
3598 3252 1 2 9 O 10
4267 1808 1 7 0 C 0
1808 4263 1 8 0 C 0
2445 5207 1 23 125 O 20
2208 2201 1 46 0 C 0
3966 3968 1 13 68 O 20
1446 3966 1 4 22 O 30
3972 161 1 5 22 O 20
5275 5277 1 3 14 O 30
290 4945 1 6 29 O 20
1315 3594 1 5 27 O 20
3970 5220 1 5 23 O 30
5795 1447 1 4 21 M 30
3974 5869 1 6 32 M 30
1249 1858 2 7 0 C 0
5202 442 1 2 0 C 0
442 387 1 6 0 C 0
1811 511 1 13 71 O 10
858 859 1 4 0 C 0
2207 801 1 28 0 C 0
1974 2204 1 68 0 C 0
129 128 2 12 0 C 0
4031 4032 1 13 71 O 20
530 4659 2 8 41 M 20
4029 4030 2 3 13 O 30
4030 5080 2 6 33 O 20
1820 1827 2 10 0 C 0
3740 1819 2 9 0 C 0
3244 3243 2 1 0 C 0
3243 1375 2 7 0 C 0
3095 3107 1 1 5 O 10
3107 3098 1 10 51 O 10
3096 3178 1 3 13 O 10
3178 3656 1 5 25 O 30
4034 4828 1 12 0 C 0
5347 2013 2 16 0 C 0
4828 4033 2 7 0 C 0
4033 4153 2 6 0 C 0
3070 3361 2 4 17 O 30
3361 3576 2 7 34 O 30
3576 3391 2 3 13 O 10
3391 8 2 7 36 M 10
8 2981 2 3 13 O 10
3638 6222 1 12 61 O 30
3922 2154 2 32 0 C 0
3388 2699 2 10 51 M 30
2699 2697 2 14 73 M 20
2193 2192 1 9 45 O 30
4041 4040 1 30 0 C 0
4019 4355 1 17 92 O 30
4355 3907 1 10 53 O 10
2226 2425 1 7 39 O 20
4894 1960 1 2 8 O 30
2194 2195 1 3 12 M 20
2195 2198 1 13 68 O 30
1980 1979 1 6 0 C 0
3258 4147 1 21 0 C 0
1959 5279 1 25 136 O 10
1880 1881 2 9 0 C 0
109 88 2 4 0 C 0
3979 535 2 2 0 C 0
2881 2333 1 15 0 C 0
2819 2273 1 23 0 C 0
3753 3751 1 6 32 M 20
2329 4156 2 40 0 C 0
4086 2327 2 47 0 C 0
2327 4599 2 10 0 C 0
2329 4089 1 15 0 C 0
2326 4086 1 19 0 C 0
4086 4085 1 11 0 C 0
4085 2326 1 11 0 C 0
1868 2530 1 11 0 C 0
2532 256 2 11 0 C 0
256 2535 2 2 0 C 0
1943 5991 2 27 145 M 10
5991 5742 2 61 335 O 30
2468 3592 2 14 0 C 0
5254 4106 2 10 0 C 0
4109 4108 2 14 0 C 0
4108 4107 2 14 0 C 0
259 5829 2 2 6 M 30
5829 579 2 8 42 O 10
579 5140 2 20 110 O 20
5140 5163 2 49 270 O 10
4149 177 2 32 177 O 30
5346 5347 2 9 0 C 0
2010 4331 2 14 0 C 0
4331 2012 2 11 0 C 0
2012 508 2 32 0 C 0
3832 5748 2 20 0 C 0
5748 3588 2 4 0 C 0
3588 3571 2 3 0 C 0
3020 3116 2 8 0 C 0
4154 4830 2 10 0 C 0
5754 4744 2 3 0 C 0
2776 3821 2 5 0 C 0
4156 3764 2 25 0 C 0
4157 496 1 19 104 O 20
4158 5924 2 3 16 O 10
4252 1249 2 13 0 C 0
5819 4738 1 19 0 C 0
5959 4312 1 6 0 C 0
4122 1121 1 22 120 O 20
4163 5177 2 5 24 O 20
6044 6055 2 8 44 M 10
6055 6051 2 8 42 O 30
2518 5274 2 7 0 C 0
5274 5077 2 8 0 C 0
5077 4845 2 3 0 C 0
4845 4493 2 5 0 C 0
4165 1729 2 1 0 C 0
1729 6031 2 2 0 C 0
6031 5118 2 2 0 C 0
2454 2941 2 2 0 C 0
3515 1070 2 36 197 O 30
1362 1284 2 9 49 O 20
4061 1293 2 3 0 C 0
6315 99 2 11 56 O 30
4621 6158 2 3 11 O 20
6158 96 2 7 33 O 20
96 5237 2 8 40 O 10
3687 6316 2 26 143 O 20
6316 1568 2 11 58 O 20
1568 1569 2 1 4 O 30
1569 1571 2 1 5 M 10
1571 1573 2 4 20 O 30
1573 6326 2 20 108 O 30
6326 90 2 5 27 O 10
90 91 2 12 65 O 30
91 1751 2 5 27 M 20
4060 1003 2 11 56 O 20
1003 4059 2 2 6 M 30
1357 2722 2 18 0 C 0
1898 3412 2 11 0 C 0
4054 1898 2 10 0 C 0
4060 228 2 5 26 O 30
228 5995 2 10 56 M 10
4055 4483 2 8 44 M 20
4169 2563 2 26 144 O 30
2560 477 2 41 226 O 10
477 3305 2 1 4 O 20
3305 3439 2 12 64 O 20
2566 4171 2 44 243 O 20
4053 6011 2 6 0 C 0
6011 6010 2 7 0 C 0
6010 3987 2 12 0 C 0
4170 6116 2 6 28 O 30
6116 6117 2 19 105 M 10
1030 942 2 3 13 M 30
942 303 2 5 26 M 20
303 429 2 4 22 M 20
429 5312 2 10 51 O 20
5312 911 2 4 20 M 30
911 4058 2 8 44 O 20
1298 1297 2 5 26 O 20
4825 3682 2 29 0 C 0
3682 4065 2 24 0 C 0
2814 4066 2 1 0 C 0
3677 4423 2 17 0 C 0
4816 2281 2 10 0 C 0
2281 5837 2 20 0 C 0
5837 2971 2 35 0 C 0
1882 4013 2 53 0 C 0
4013 4814 2 26 0 C 0
4814 2526 2 8 0 C 0
4179 5445 2 2 9 O 30
4180 3692 2 3 15 O 30
4175 1302 1 3 16 O 30
1302 1270 1 5 24 O 10
4174 5531 2 20 109 O 20
4178 521 2 11 59 O 30
2289 1063 2 2 9 O 20
1063 1060 2 3 12 O 20
1060 2288 2 16 88 O 10
2156 2290 2 29 158 M 10
4517 4177 2 8 42 O 20
520 5465 2 15 83 O 30
521 4539 2 10 52 O 10
4176 4872 2 4 19 O 20
4228 1043 2 2 6 O 20
1043 2949 2 10 54 O 30
2943 195 2 22 117 O 30
2142 4173 1 8 43 O 10
4184 5762 2 2 9 O 20
5548 5551 2 9 46 O 10
5551 4262 2 10 52 O 10
1754 3608 1 9 46 M 20
2271 2272 2 8 39 O 20
4181 2270 1 6 28 M 30
4183 4181 1 4 21 O 30
4182 2161 2 6 31 O 10
5762 4185 2 12 67 O 10
4589 3376 2 9 48 M 30
4358 4187 2 6 30 M 10
4188 4131 2 10 52 O 20
449 3602 2 5 25 O 30
3601 4193 2 9 48 O 20
203 4356 2 25 134 M 20
4186 5852 2 16 88 O 20
5362 4190 2 7 36 O 10
4191 4192 2 5 27 O 10
4192 3601 2 8 41 O 10
4196 3605 2 22 120 O 20
4194 3604 1 4 19 M 10
4189 1368 2 4 21 O 20
3362 4195 2 8 39 O 20
4409 6224 1 6 32 O 20
4726 3609 1 14 74 M 10
4201 5159 1 1 2 M 20
5159 2377 1 1 4 M 10
4200 4201 1 10 50 O 20
2377 989 2 6 32 O 20
332 4200 1 6 31 O 30
4197 831 2 25 135 O 30
4198 4199 2 4 20 O 10
4199 4120 2 6 31 O 20
3098 3094 2 4 19 O 30
4202 5629 2 8 41 O 30
5646 4202 2 3 15 O 30
5598 5597 2 9 45 O 30
5597 5599 2 17 93 M 10
4209 5600 2 13 67 M 10
5607 4208 2 11 61 O 10
5648 4205 2 3 15 O 10
4205 5630 2 8 42 O 10
4206 3126 2 6 33 O 20
3653 4210 2 30 165 O 20
2090 3796 2 5 24 O 20
2093 760 2 15 82 O 10
760 2090 2 3 15 M 30
3108 3093 2 2 8 O 10
3794 4216 2 8 44 O 20
4216 4207 2 2 8 O 30
5639 4203 2 5 25 M 20
4203 5647 2 6 31 O 20
4204 2110 2 4 21 O 10
2696 4213 2 15 81 O 20
4216 1402 2 5 27 O 10
1402 1403 2 1 2 M 20
1403 1404 2 1 2 O 20
1404 1405 2 1 2 O 30
1405 1406 2 1 2 O 30
1406 4214 2 1 6 O 20
4214 1407 2 1 2 O 30
1407 1408 2 1 2 O 20
1408 1409 2 1 2 O 20
1409 1410 2 1 2 O 10
1410 1411 2 1 3 O 30
1411 1412 2 1 3 O 30
1412 1413 2 2 11 O 20
1413 4215 2 2 6 O 10
4219 1115 2 6 33 O 10
4172 6136 2 7 35 O 20
2692 2688 2 16 84 M 30
4218 789 2 8 42 O 20
4217 331 2 7 34 O 20
789 4135 2 13 72 O 20
4135 4976 2 4 19 O 20
1350 1349 2 15 82 O 10
6069 3735 2 10 52 O 30
4220 4168 2 10 51 O 20
1027 3525 2 42 231 O 10
3525 6317 2 6 33 O 30
6317 4221 2 4 18 M 20
4222 979 2 4 21 O 30
979 4056 2 2 10 O 10
4056 1296 2 5 23 O 10
2225 2543 1 8 0 C 0
6096 333 2 5 25 M 30
333 1275 2 4 20 O 20
1377 4299 2 1 0 C 0
3931 1838 1 8 42 O 20
1911 305 2 2 7 M 10
305 4826 2 15 82 O 20
4826 4238 2 6 29 O 10
2183 2182 2 5 27 M 30
4237 3031 2 2 8 O 10
3595 3953 2 13 71 O 30
513 4249 2 32 0 C 0
172 3872 1 18 97 O 10
4557 1714 1 50 275 M 20
3967 3716 1 10 0 C 0
1152 5328 1 6 0 C 0
4272 6207 1 8 0 C 0
6208 4274 1 7 0 C 0
3662 3146 2 15 0 C 0
3146 3131 2 26 0 C 0
3131 1769 2 27 0 C 0
4273 4275 1 9 0 C 0
2189 3702 1 75 416 O 30
5336 2379 2 3 13 O 30
1577 1586 1 208 1152 O 10
4293 172 1 3 15 O 30
5435 2590 1 56 307 M 10
4302 6191 1 4 0 C 0
4301 4303 1 6 0 C 0
4310 2105 2 12 0 C 0
2702 6137 1 12 64 O 20
2265 4773 1 6 31 O 20
5841 3578 1 9 49 O 10
4316 4409 1 6 29 O 20
4409 990 1 3 12 O 30
4321 4324 1 6 33 M 20
4318 4323 1 10 52 O 10
4323 4325 1 1 5 M 20
4325 4322 1 3 16 M 20
4336 75 1 5 0 C 0
3830 2877 2 20 0 C 0
2446 5028 2 8 40 O 20
4903 4355 1 3 12 O 10
2606 4359 2 5 24 M 20
4359 3405 2 2 8 M 10
6205 4253 2 8 0 C 0
4022 1820 2 3 12 O 10
3327 827 1 1 0 C 0
827 828 1 7 0 C 0
828 5838 1 12 0 C 0
5838 4371 1 9 0 C 0
4403 4373 2 22 122 O 20
5761 1379 1 6 31 O 30
1379 5803 1 4 19 O 10
4379 5581 2 4 21 O 10
5581 2485 2 13 69 O 20
2485 5579 2 5 27 O 10
5579 5971 2 13 72 M 10
5727 5608 1 3 14 O 20
4380 197 1 19 102 O 30
4383 1830 2 5 0 C 0
4384 2006 2 18 0 C 0
5746 857 2 11 0 C 0
1786 4385 1 28 153 M 10
2969 632 1 8 0 C 0
1863 3147 2 13 0 C 0
2764 5332 2 34 183 O 20
5332 2763 2 2 9 M 30
2763 1793 2 9 47 O 30
1793 1790 2 10 54 M 10
1790 4398 2 34 186 O 10
4397 1299 1 2 7 O 10
1299 4399 1 2 8 O 10
4399 4398 1 3 15 O 20
4398 4397 1 1 2 O 30
4396 4395 1 1 3 M 30
4395 4394 1 2 9 O 20
4394 2764 1 4 17 O 30
2764 4396 1 2 7 O 30
306 307 2 11 56 O 30
4278 1821 2 7 39 O 30
4414 3827 2 2 0 C 0
508 4414 2 1 0 C 0
2571 1957 1 9 0 C 0
5609 3791 2 22 119 O 10
3791 5586 2 18 98 O 10
5586 3792 2 3 11 M 30
3792 3793 2 34 186 O 20
5577 3160 1 6 33 O 30
4637 3868 1 13 70 M 20
5830 4637 1 2 8 O 10
4586 4587 2 8 42 O 20
2851 2852 1 5 24 O 10
2343 2702 1 18 99 M 20
3109 3104 2 2 9 O 10
2954 1347 2 19 101 O 20
5492 5489 2 30 166 O 10
5507 5504 2 13 69 M 20
5504 5812 2 2 9 M 10
5812 5502 2 3 14 O 30
5502 4243 2 9 47 O 10
5493 5494 2 9 49 O 10
5494 5496 2 10 51 O 10
4243 1346 2 18 98 O 30
4243 6037 2 8 44 M 20
6037 4244 2 24 129 O 30
5262 3680 2 2 0 C 0
3680 2580 2 7 0 C 0
2580 5263 2 3 0 C 0
4418 2941 2 6 0 C 0
2491 5868 2 6 30 O 30
314 6109 2 14 74 O 10
6109 6108 2 16 86 O 20
962 3085 2 25 138 O 30
3085 5387 2 5 23 O 30
2437 2440 1 8 42 O 20
2438 2439 2 2 9 O 10
5397 85 2 4 21 O 30
85 89 2 3 14 O 20
89 83 2 16 86 O 20
83 87 2 5 27 M 20
87 3980 2 23 123 O 10
3906 109 2 27 0 C 0
111 112 2 44 0 C 0
2721 2464 2 36 0 C 0
5243 1595 2 6 32 O 20
1595 1596 2 2 7 O 20
1596 1599 2 3 14 O 10
1599 1600 2 3 13 O 10
1600 1603 2 5 23 O 10
1603 1609 2 1 3 O 10
1609 1611 2 2 8 O 10
1611 1607 2 3 13 O 10
1607 99 2 14 72 O 10
5392 2609 2 4 17 O 20
2609 3687 2 3 15 O 30
3189 4855 2 67 372 M 30
4855 3408 2 26 142 O 10
3408 2604 2 26 142 O 20
2604 180 2 26 141 M 10
180 178 2 4 17 O 20
178 182 2 3 13 M 10
182 184 2 1 5 O 10
184 191 2 5 26 O 30
191 536 2 3 15 O 10
536 1662 2 1 5 O 20
2693 4671 2 2 7 O 30
4671 2692 2 4 22 O 10
2143 4514 2 3 15 O 20
4514 3768 2 22 120 O 10
4357 4186 2 1 1 O 10
2138 5854 2 7 0 C 0
3699 5117 2 13 0 C 0
6051 6045 2 9 45 O 30
2520 6060 2 1 4 O 20
2441 2430 1 4 17 O 20
6077 4559 2 2 8 O 30
3858 807 1 7 36 O 30
3611 321 2 7 35 O 10
3769 5375 2 17 0 C 0
5375 1311 2 26 0 C 0
1311 1326 2 13 0 C 0
1326 5195 2 4 0 C 0
5846 3619 2 1 6 M 20
3942 2349 2 14 77 O 20
5744 4680 2 2 0 C 0
4680 2282 2 20 0 C 0
4378 2807 2 4 0 C 0
2807 2452 2 6 0 C 0
2452 2451 2 10 0 C 0
2451 1892 2 9 0 C 0
2456 2453 1 34 0 C 0
2096 372 1 8 44 O 30
4910 4911 1 5 26 O 30
4911 4361 1 6 29 O 20
1256 5636 1 9 49 M 10
3863 5626 1 8 44 O 20
4440 4441 2 3 16 M 20
2119 4444 1 5 23 O 30
4444 2113 1 5 23 O 10
2124 4445 1 3 14 M 20
2132 2124 1 3 16 M 20
3283 4446 2 3 12 O 30
1827 3740 2 9 0 C 0
5870 4316 1 5 25 O 10
1096 1110 1 5 28 O 30
4492 5808 2 3 0 C 0
5808 5807 2 7 0 C 0
5807 5905 2 17 0 C 0
4493 4535 2 3 0 C 0
4535 4536 2 7 0 C 0
4536 6028 2 6 0 C 0
1724 3140 2 5 0 C 0
3140 4660 2 6 0 C 0
4660 4843 2 2 0 C 0
4843 6027 2 11 0 C 0
4065 4064 2 9 0 C 0
279 4495 2 4 19 O 20
4494 4497 1 1 2 O 30
4497 4495 1 7 37 O 30
4496 445 2 3 15 O 20
4495 4496 1 8 42 O 30
4496 4494 1 4 19 O 30
302 2557 1 19 100 O 10
3437 3438 1 8 42 O 30
2556 2555 1 16 85 O 10
2557 2556 1 20 108 O 20
301 2615 2 16 85 O 30
5992 6319 2 15 79 M 10
6319 6157 2 8 43 M 30
6157 6321 2 14 75 O 30
6321 5993 2 6 31 O 10
6165 6167 2 14 0 C 0
6167 6162 2 9 0 C 0
6162 6168 2 12 0 C 0
6168 6163 2 8 0 C 0
1354 3781 2 8 39 M 20
3781 4813 2 10 53 O 10
4813 1353 2 7 37 O 20
1353 6164 2 20 106 O 20
6164 6161 2 20 110 O 20
6161 6125 2 14 78 O 20
1008 3110 2 4 0 C 0
5351 2373 1 1 0 C 0
2373 5350 1 9 0 C 0
4499 5931 2 7 36 O 30
5931 4500 2 4 18 M 10
4500 4499 2 3 14 O 10
4499 4498 2 13 69 O 10
2463 775 2 6 0 C 0
4502 6088 2 10 52 O 30
4503 5313 2 9 49 M 30
5313 4504 2 3 14 O 10
4508 4505 2 7 34 O 20
4507 4506 2 6 28 O 10
4509 4508 2 10 53 O 30
4508 4507 2 5 28 O 30
4168 2635 2 8 39 O 10
2635 1023 2 6 28 O 10
2649 4510 2 10 56 O 30
4519 4520 2 16 87 O 20
4521 4522 2 19 102 O 20
4255 4525 1 10 0 C 0
4547 3582 1 2 8 O 20
3582 4546 1 4 18 O 10
4546 4547 1 3 15 O 30
2799 4550 2 4 18 O 30
4550 4549 1 5 27 O 10
4549 2559 1 7 34 M 20
4551 720 2 2 9 M 30
720 718 2 2 8 O 10
718 716 2 2 9 O 20
716 712 2 2 8 O 20
712 714 2 2 9 O 20
714 706 2 2 8 O 20
706 708 2 2 8 O 10
708 710 2 2 9 O 30
710 4549 2 8 43 O 20
4553 671 2 9 45 O 10
671 674 2 2 10 M 20
674 676 2 2 9 O 20
676 4793 2 2 11 M 30
4793 4794 2 3 14 O 30
6155 3581 2 10 51 O 10
6155 686 2 3 16 M 30
686 682 2 2 10 O 20
682 680 2 2 8 O 20
680 678 2 2 10 O 10
678 684 2 3 13 O 10
684 665 2 7 35 O 30
665 663 2 1 3 O 30
663 661 2 1 4 O 30
661 659 2 1 4 O 20
659 657 2 2 6 O 10
657 647 2 1 5 O 30
647 655 2 2 6 O 30
655 650 2 1 3 O 30
650 653 2 2 6 O 20
653 652 2 1 2 O 10
652 4554 2 3 13 O 20
4554 667 2 1 5 O 10
667 4548 2 2 11 O 20
4555 2644 2 31 167 M 10
6028 4558 2 12 0 C 0
2513 3984 2 10 0 C 0
4559 6071 2 10 54 O 30
2792 2791 1 18 0 C 0
2791 6018 1 3 0 C 0
6018 6017 1 5 0 C 0
6017 50 1 20 0 C 0
50 3248 1 22 0 C 0
43 44 1 9 45 O 10
4564 4563 1 7 39 O 20
4563 4562 1 3 15 O 30
2231 5893 1 28 0 C 0
5893 6015 1 23 0 C 0
289 5044 1 4 19 O 20
1844 1847 1 15 80 O 20
1844 511 2 13 71 O 20
862 1834 1 5 0 C 0
3875 4306 1 2 8 O 10
1088 5558 1 8 41 O 30
4524 4126 1 7 34 O 10
372 374 1 2 11 O 20
4779 252 1 21 0 C 0
4575 4574 1 174 0 C 0
4576 4579 1 99 0 C 0
4578 5139 1 13 0 C 0
4567 4568 1 392 0 C 0
4568 4569 1 270 0 C 0
2775 5898 2 34 0 C 0
5898 2774 2 24 0 C 0
2774 2578 2 52 0 C 0
2562 3313 2 44 239 O 30
3313 4169 2 2 8 O 20
4585 4584 2 10 51 M 30
5415 1164 1 29 158 M 10
1164 4591 1 2 10 O 30
1813 3127 1 13 68 O 20
3127 4636 1 9 49 O 10
4592 5832 2 22 117 O 30
5832 4288 2 12 64 M 30
1896 4593 2 5 0 C 0
534 1763 2 30 0 C 0
1763 3124 2 3 0 C 0
2467 534 2 3 0 C 0
120 4594 2 2 0 C 0
214 1766 2 8 0 C 0
4596 1658 1 2 0 C 0
1658 2468 1 5 0 C 0
3592 3121 2 3 0 C 0
3265 3264 1 2 0 C 0
2470 3265 1 2 0 C 0
2321 3767 1 4 0 C 0
3766 2321 1 6 0 C 0
4246 2335 2 11 0 C 0
5198 265 2 7 0 C 0
265 2334 2 13 0 C 0
4241 5198 2 5 0 C 0
266 4241 2 7 0 C 0
2336 266 2 12 0 C 0
4597 5199 2 3 0 C 0
5199 5895 2 6 0 C 0
5895 2336 2 6 0 C 0
4240 4597 2 8 0 C 0
263 5448 2 13 0 C 0
5448 4240 2 4 0 C 0
3847 263 2 10 0 C 0
2332 3847 2 8 0 C 0
4239 262 2 22 0 C 0
262 2332 2 15 0 C 0
3846 4239 2 12 0 C 0
4084 2859 2 2 0 C 0
4599 4087 2 7 0 C 0
4803 4088 1 19 0 C 0
5774 4600 2 14 0 C 0
4601 1894 2 16 0 C 0
1894 4604 2 22 0 C 0
4602 1895 2 12 0 C 0
4603 59 2 6 0 C 0
59 4602 2 10 0 C 0
4604 58 2 4 0 C 0
58 4603 2 2 0 C 0
1895 2325 2 26 0 C 0
4600 4601 2 7 0 C 0
4605 4091 1 16 0 C 0
2324 5071 1 7 0 C 0
4606 1332 1 2 0 C 0
1332 3765 1 14 0 C 0
3767 2320 1 4 0 C 0
501 3322 2 3 0 C 0
2537 3511 2 15 0 C 0
3511 4755 2 22 0 C 0
4755 3512 2 5 0 C 0
3512 501 2 38 0 C 0
501 2225 1 9 0 C 0
2540 6283 1 18 0 C 0
6283 6282 1 13 0 C 0
2372 4313 1 7 0 C 0
4371 2405 1 8 0 C 0
4608 4923 1 29 0 C 0
1284 3529 2 2 10 O 20
4610 1362 2 8 39 O 30
4611 1296 2 9 49 O 10
1360 2248 2 8 0 C 0
4613 1360 2 14 0 C 0
4614 5933 2 23 125 O 10
1297 907 2 4 22 O 10
907 4615 2 3 16 O 10
1297 4222 2 5 26 M 30
2887 4616 1 26 0 C 0
2339 2888 1 4 0 C 0
2888 2887 1 22 0 C 0
4618 4619 2 7 37 O 20
6121 4620 2 4 22 M 30
4620 4705 2 13 69 O 30
4705 5391 2 14 73 O 10
5186 5187 2 6 31 M 20
5412 4621 2 14 75 O 20
4622 2562 2 14 76 O 20
2857 3142 1 16 0 C 0
1345 4944 2 6 0 C 0
1345 2946 1 6 0 C 0
2883 4623 1 6 0 C 0
4623 2819 1 11 0 C 0
2273 2815 1 15 0 C 0
4923 3669 1 42 0 C 0
4716 4714 1 10 55 O 10
4655 5172 1 7 35 O 10
4627 5171 1 7 35 O 10
4629 4477 1 9 0 C 0
3269 4630 2 12 0 C 0
318 2949 2 9 48 O 20
4841 4517 2 6 28 M 20
2439 2441 2 2 7 O 20
2794 2438 2 6 29 M 30
5115 4631 1 12 66 O 10
4652 4632 2 6 29 O 20
4634 4633 2 3 15 O 30
4408 5861 2 18 99 M 30
2497 2498 1 18 97 O 10
4635 4132 2 5 24 O 20
4448 4636 1 3 11 M 30
4636 3128 2 7 35 O 10
3924 3923 1 14 0 C 0
4489 5882 2 6 0 C 0
5882 5883 2 2 0 C 0
5883 4488 2 5 0 C 0
4488 6030 2 4 0 C 0
2133 5881 2 10 0 C 0
5881 4490 2 1 0 C 0
4490 4489 2 2 0 C 0
1433 3072 2 5 28 O 20
4646 5582 2 4 22 O 30
4645 3861 2 2 11 O 20
3861 4646 2 5 27 M 30
519 518 2 26 0 C 0
4229 519 2 9 0 C 0
3883 5758 2 3 17 O 20
1807 1806 2 2 0 C 0
3663 4648 1 15 0 C 0
2399 2397 1 25 0 C 0
119 1896 2 15 0 C 0
119 118 2 32 0 C 0
3725 131 2 5 0 C 0
3111 2515 2 12 0 C 0
3112 3111 2 8 0 C 0
5699 5700 1 21 115 O 20
5678 4663 2 4 17 O 20
4664 5678 2 10 51 M 20
4665 2981 1 6 30 O 30
4665 4664 2 2 11 O 30
4944 5447 1 28 0 C 0
4669 4670 1 20 109 O 10
4669 5708 2 2 11 O 10
4670 4668 1 19 103 O 20
4668 4669 1 2 7 O 10
4672 362 1 23 126 M 20
4219 4673 1 10 51 O 30
4404 5537 1 18 100 O 10
5537 833 1 2 6 O 20
2844 6239 1 12 67 O 20
4580 4581 2 8 42 O 30
2848 3971 1 18 95 O 20
2845 2846 1 13 71 O 30
2348 4580 2 2 9 O 20
4580 4673 2 5 24 O 30
4674 5811 2 2 0 C 0
5811 5810 2 3 0 C 0
5810 2885 2 1 0 C 0
4674 5802 1 4 0 C 0
4675 2341 1 21 0 C 0
4677 4676 1 21 0 C 0
5090 4674 1 6 0 C 0
5802 4063 1 3 0 C 0
2526 5913 2 10 0 C 0
2283 2455 1 10 0 C 0
4382 6106 2 6 30 O 10
6106 2264 2 5 27 M 30
824 3021 2 4 0 C 0
4682 4683 2 6 0 C 0
823 464 2 7 0 C 0
5389 3063 2 4 19 O 30
4685 1280 2 13 68 O 30
3310 3311 2 13 71 M 20
4686 5089 2 7 35 M 10
5089 3439 2 3 14 M 30
4690 4687 2 9 45 O 30
4687 6159 2 4 20 O 30
6159 4691 2 10 54 O 30
4691 2562 2 10 53 O 20
6125 4881 2 10 55 O 30
4694 5400 2 4 19 O 30
1356 4694 2 8 40 M 20
4694 4693 1 11 56 M 30
1356 4693 2 7 34 M 20
4693 5879 2 15 0 C 0
1902 1723 2 22 0 C 0
2463 2466 2 26 0 C 0
2466 117 2 9 0 C 0
117 637 2 30 0 C 0
637 636 2 6 0 C 0
636 2462 2 14 0 C 0
1849 4375 1 2 0 C 0
4696 1765 2 6 0 C 0
1765 481 2 2 0 C 0
481 482 2 6 0 C 0
482 4697 2 6 0 C 0
5386 2664 2 8 41 O 10
2664 6337 2 10 53 O 20
6337 2658 2 10 53 O 20
2658 2353 2 19 105 O 10
2668 4700 2 18 99 M 30
415 4702 1 1 2 O 10
1280 4704 2 13 70 O 30
4619 6121 2 3 12 O 30
4705 4706 1 5 22 O 30
4706 4787 1 14 76 O 10
4787 4707 1 3 13 O 30
4707 6121 1 4 22 M 30
1282 2564 2 9 47 O 30
3799 4118 1 30 164 O 20
2431 2432 1 3 13 O 20
2436 2431 1 2 8 O 20
2433 2426 1 6 33 O 30
6226 2435 1 2 8 M 30
2514 2509 2 33 179 O 10
6125 3013 2 16 83 O 10
6178 6182 2 9 0 C 0
4718 4719 1 16 88 O 30
5643 5648 2 11 61 O 10
5643 5642 2 18 97 O 10
5642 5657 2 3 14 O 20
5657 4247 2 5 23 O 10
470 5625 2 17 94 M 30
4720 5864 2 9 45 O 20
5875 5864 2 18 96 O 20
4721 1017 2 11 56 O 10
1017 5874 2 8 43 O 20
5865 3101 2 4 21 O 20
3106 4722 2 11 59 O 20
3089 3106 2 2 7 O 10
4724 4723 1 19 103 O 10
3609 3610 1 7 39 O 20
3610 572 1 10 51 O 20
4725 4726 1 9 46 O 10
5288 4727 2 3 16 M 30
1754 6218 1 17 94 O 20
4727 6218 2 4 21 O 30
6218 3636 2 3 13 M 30
4728 3636 1 23 123 O 30
4913 4728 1 3 13 O 10
5869 4730 1 7 37 O 30
6214 5562 1 15 81 O 10
4295 360 1 31 172 M 10
1845 3750 2 7 0 C 0
3750 1841 2 7 0 C 0
5740 1807 2 17 0 C 0
2839 4733 2 9 50 O 20
4735 4734 1 16 0 C 0
3956 4735 2 3 0 C 0
217 2761 2 13 0 C 0
2761 2762 2 7 0 C 0
2762 2765 2 40 0 C 0
2765 3956 2 22 0 C 0
842 4808 1 7 0 C 0
5902 4809 1 22 0 C 0
2470 114 2 13 0 C 0
4737 2475 2 2 0 C 0
2475 5029 2 3 0 C 0
118 1897 2 14 0 C 0
1946 4748 2 30 165 O 20
4749 3834 2 24 131 O 10
3834 4750 2 6 30 O 20
4751 3747 1 7 36 O 20
2768 4753 2 24 0 C 0
4753 965 2 3 0 C 0
965 4754 2 3 0 C 0
5188 2814 2 5 0 C 0
5822 1904 2 4 22 O 20
4759 1903 1 2 10 O 10
371 4757 2 7 39 O 20
2018 2017 2 6 33 O 10
5821 5758 2 3 15 O 20
4763 4262 2 24 132 O 10
4762 4763 1 2 8 M 20
4763 6146 1 3 13 O 20
6146 4762 1 1 5 O 30
4467 2871 2 7 38 O 20
4593 3955 2 10 0 C 0
4766 2997 1 7 0 C 0
3137 2973 2 6 0 C 0
5553 5819 1 17 0 C 0
4767 542 1 6 0 C 0
1150 4767 1 4 0 C 0
313 2808 1 7 0 C 0
4938 3026 1 7 0 C 0
4769 4938 1 14 0 C 0
4159 2037 1 9 0 C 0
5903 5904 2 11 0 C 0
5904 4824 2 10 0 C 0
5823 4354 2 7 38 M 30
5925 3757 2 4 20 O 20
4658 4771 2 11 57 M 20
1969 4780 1 76 0 C 0
4787 4788 1 4 20 O 30
4788 4707 1 3 14 O 30
4706 4789 2 14 73 O 20
2801 4790 2 3 13 O 30
4554 669 2 1 5 O 30
669 4791 2 1 5 O 10
4792 4793 2 3 15 O 20
3193 3191 2 51 280 O 30
3191 3720 2 21 113 M 20
3720 2610 2 18 98 O 20
2610 2629 2 103 572 O 30
2629 5949 2 4 18 O 30
5949 2630 2 11 60 M 30
1097 1102 1 3 16 O 30
3933 2338 1 5 0 C 0
4936 5260 1 2 0 C 0
2101 5276 1 3 13 M 10
4947 5277 1 4 17 O 30
5277 6265 1 3 13 O 20
6255 5275 1 3 15 M 10
5275 6252 1 6 33 O 20
4121 5276 1 4 19 O 30
5276 6259 1 6 31 O 20
4801 2955 1 4 0 C 0
2453 4801 1 5 0 C 0
2955 2939 1 9 0 C 0
1099 1113 1 2 7 O 30
1113 1109 1 1 5 O 10
1109 1099 1 1 4 M 30
1114 1099 1 2 10 O 20
1112 1092 1 1 2 M 10
1098 1116 1 3 15 M 10
4802 3338 2 2 0 C 0
3338 2827 2 6 0 C 0
4089 4803 1 2 0 C 0
4044 2329 1 16 0 C 0
4046 3280 1 26 0 C 0
5098 894 1 51 0 C 0
3991 5037 1 5 0 C 0
5169 515 1 8 0 C 0
5061 2011 1 7 0 C 0
2009 5062 1 7 0 C 0
4333 4335 1 3 0 C 0
4805 764 2 9 46 O 20
764 4806 2 2 9 O 30
4806 6142 2 3 14 O 10
2370 2369 1 3 0 C 0
2369 2372 1 2 0 C 0
3674 3675 1 40 0 C 0
2358 2229 1 24 0 C 0
2229 280 1 23 0 C 0
3271 1870 1 23 0 C 0
953 3674 1 38 0 C 0
280 437 1 14 0 C 0
437 2925 1 22 0 C 0
3675 976 1 13 0 C 0
976 977 1 7 0 C 0
977 4874 1 12 0 C 0
4874 3271 1 26 0 C 0
1982 5772 1 9 0 C 0
1992 4000 1 23 0 C 0
4000 1879 1 38 0 C 0
793 2921 1 10 0 C 0
2921 2922 1 39 0 C 0
2922 17 1 19 0 C 0
2494 4377 1 4 0 C 0
4909 2141 2 20 0 C 0
2844 4141 2 2 8 O 30
4141 6242 1 5 27 O 30
6242 6241 1 12 64 M 10
6241 2348 1 5 27 O 10
2348 2843 1 5 27 O 30
2843 6240 1 12 64 O 30
6240 2844 1 5 27 O 30
4807 518 1 24 0 C 0
2948 4807 1 7 0 C 0
2947 2948 1 8 0 C 0
3219 2311 1 5 0 C 0
2312 3219 1 7 0 C 0
518 627 1 9 0 C 0
3219 2948 2 3 0 C 0
2233 2232 1 3 0 C 0
4808 6016 1 18 0 C 0
4809 2233 1 11 0 C 0
455 843 2 3 0 C 0
843 2231 1 5 0 C 0
3248 455 1 3 0 C 0
2803 4781 1 22 0 C 0
3914 3826 1 17 0 C 0
1886 516 1 12 0 C 0
2879 2735 2 2 0 C 0
2879 1958 1 5 0 C 0
3276 4614 2 4 21 M 10
3681 2812 1 4 0 C 0
4616 779 1 2 0 C 0
779 3681 1 4 0 C 0
2247 2254 1 8 0 C 0
4550 4220 2 5 27 O 10
2556 4167 2 2 8 O 20
3438 302 1 2 10 O 30
4810 6116 2 27 145 O 10
6111 5730 2 10 54 O 10
3294 316 1 36 0 C 0
4167 3438 2 1 4 O 10
3990 5357 1 10 0 C 0
1883 4811 2 35 0 C 0
3893 3896 2 14 75 O 10
3897 3896 2 5 25 M 30
3896 3898 2 6 33 O 10
4813 4812 2 16 86 M 30
5958 2245 1 29 0 C 0
121 2747 1 27 0 C 0
2245 947 1 7 0 C 0
947 5234 1 12 0 C 0
3813 5235 1 16 0 C 0
2239 2759 1 11 0 C 0
2759 3813 1 27 0 C 0
2244 2760 1 25 0 C 0
2760 2243 1 14 0 C 0
2240 2239 1 5 0 C 0
2243 2240 1 5 0 C 0
2260 2748 1 6 0 C 0
2259 2260 1 11 0 C 0
2886 2259 1 40 0 C 0
2269 2883 1 32 0 C 0
2816 2269 1 4 0 C 0
2267 2816 1 3 0 C 0
500 5710 1 3 0 C 0
2266 500 1 4 0 C 0
2818 2773 1 14 0 C 0
2773 2266 1 13 0 C 0
2817 2268 1 8 0 C 0
3088 3070 1 16 84 O 20
3023 3070 2 15 82 M 30
4456 3071 2 9 46 M 30
471 2091 1 12 64 M 20
2097 471 1 2 11 O 30
2093 1013 1 9 47 O 30
3395 3396 1 3 14 M 10
3396 2345 1 4 19 O 30
3396 3397 1 3 15 O 30
3397 1473 1 5 24 M 20
1473 2344 1 3 16 O 10
2084 4128 1 5 26 O 10
5218 473 1 9 49 O 10
473 6257 1 4 18 O 30
6257 2087 1 4 18 O 10
2055 2053 1 19 0 C 0
2025 2023 1 12 0 C 0
2023 2026 1 10 0 C 0
2064 2055 1 10 0 C 0
2039 2022 1 26 0 C 0
2051 2038 1 10 0 C 0
4009 643 1 1 0 C 0
4008 645 1 5 0 C 0
4007 4367 1 12 0 C 0
2356 4929 1 23 0 C 0
3280 2356 1 30 0 C 0
1976 1975 1 16 0 C 0
1975 1161 1 24 0 C 0
1161 1983 1 31 0 C 0
469 1998 1 15 0 C 0
1983 458 1 16 0 C 0
1987 5324 1 4 0 C 0
1996 5891 1 5 0 C 0
5891 2914 1 14 0 C 0
4817 5915 2 9 0 C 0
5915 4818 2 9 0 C 0
4818 3677 2 33 0 C 0
4423 4819 2 4 0 C 0
4819 4820 2 13 0 C 0
4820 5916 2 19 0 C 0
2360 5329 1 16 0 C 0
4821 5916 2 13 0 C 0
2256 2576 2 19 0 C 0
2576 3676 2 16 0 C 0
3090 3092 1 12 63 O 30
5871 3092 2 2 6 O 10
5871 5870 1 19 103 O 20
3092 4724 1 7 36 O 30
4724 3100 1 4 17 M 10
4723 3089 1 6 33 O 20
572 1762 1 29 161 M 30
1762 1758 1 3 15 O 10
1758 1760 1 16 87 O 30
4412 4723 1 10 53 M 20
4739 4829 2 9 45 O 30
5872 5871 1 11 58 O 10
4413 5872 1 5 26 M 20
3100 4412 1 6 30 O 30
3105 3096 1 1 3 O 30
2842 506 2 8 0 C 0
504 5903 2 31 0 C 0
505 4825 2 13 0 C 0
2374 2967 2 2 0 C 0
2394 2396 1 3 0 C 0
2386 2387 1 2 0 C 0
5773 3323 1 2 0 C 0
4016 2323 1 13 0 C 0
3323 3324 1 3 0 C 0
5352 2322 1 25 0 C 0
2328 4044 1 21 0 C 0
4087 2328 1 7 0 C 0
4088 4087 1 7 0 C 0
467 4906 1 15 0 C 0
3996 3729 1 10 0 C 0
3997 467 1 14 0 C 0
3729 1330 1 6 0 C 0
466 3997 1 14 0 C 0
3994 3731 1 14 0 C 0
3731 1329 1 4 0 C 0
3998 466 1 10 0 C 0
300 3993 1 3 0 C 0
3238 3914 1 7 0 C 0
4781 508 1 12 0 C 0
3827 3238 1 9 0 C 0
4827 1328 2 29 0 C 0
4827 4828 2 14 0 C 0
2002 2003 1 18 0 C 0
2278 39 1 2 0 C 0
2876 3828 1 25 0 C 0
5140 4826 2 26 143 M 30
2457 3711 2 9 0 C 0
3711 2942 2 16 0 C 0
2942 2454 2 13 0 C 0
2458 2457 2 6 0 C 0
2201 4289 1 81 0 C 0
4830 3020 2 11 0 C 0
4832 4834 1 12 63 O 10
4834 4836 1 3 16 O 20
4836 4833 1 19 104 O 10
4834 4835 1 12 63 O 20
4835 4836 1 9 46 O 20
5296 5297 1 7 37 O 10
4839 4772 1 3 12 O 30
551 370 2 4 21 M 10
370 1951 2 1 1 O 30
1129 4080 2 9 45 O 20
1268 1381 2 14 73 O 30
1381 1369 2 8 42 O 10
882 3960 1 14 77 O 20
5168 4627 1 13 70 O 20
207 5168 1 14 77 O 10
4842 4841 2 4 20 O 20
4539 4842 2 9 48 M 30
3145 520 2 13 67 O 30
1365 1367 2 11 61 M 10
2300 4511 2 7 35 O 30
4511 1365 2 5 27 M 30
3272 3332 1 27 149 M 30
3272 3212 2 10 54 O 10
3212 5370 2 3 12 O 10
5370 2953 2 9 46 O 20
4101 5103 1 11 0 C 0
3706 631 1 8 0 C 0
631 2969 1 10 0 C 0
1847 1839 1 4 19 M 30
6008 4846 2 6 29 M 10
4849 4848 2 10 50 O 20
5515 5514 1 10 54 O 10
4851 5472 2 4 20 O 10
4853 2752 2 41 0 C 0
4854 2972 1 2 0 C 0
4855 4856 2 11 58 M 20
4856 4857 2 8 39 O 20
4856 4858 2 10 54 O 30
4861 2597 2 60 331 O 30
4862 6318 2 19 104 O 30
6318 2554 2 12 63 O 30
2554 6320 2 10 52 O 30
6320 3419 2 19 105 O 30
4863 2599 1 2 7 O 20
2599 4862 1 2 10 O 30
4862 4861 1 2 8 O 10
4861 4860 1 2 11 O 10
4860 4863 1 1 2 O 30
4868 2376 1 3 12 O 10
2376 799 1 3 15 O 10
799 1376 1 1 1 O 30
1376 3245 1 1 2 O 20
3245 3242 1 4 17 O 20
3242 4868 1 1 5 O 20
1814 4876 2 13 67 O 30
4876 3928 2 27 148 M 30
3797 4174 2 5 27 O 20
1366 5466 2 9 49 O 10
5466 5474 2 45 246 O 20
4872 520 2 8 42 O 10
5835 519 2 38 210 O 10
3382 4873 2 3 14 O 30
4140 5519 2 9 49 O 20
5519 3909 2 3 13 O 30
3909 5484 2 7 37 O 10
5484 5490 2 14 73 O 20
5490 789 2 10 51 O 10
4144 1799 1 25 0 C 0
1799 5818 1 13 0 C 0
5818 1800 1 9 0 C 0
1800 5203 1 11 0 C 0
5203 3120 1 2 0 C 0
4876 4875 2 6 28 O 20
4132 4877 2 6 31 M 20
4878 4635 2 7 35 M 20
4880 3686 1 19 0 C 0
3686 2253 1 4 0 C 0
4411 2186 2 16 85 O 10
1349 4893 2 17 93 O 10
5425 4894 1 2 6 O 10
4896 4895 1 9 46 O 20
1346 6038 2 8 43 M 10
6038 6052 2 9 44 O 10
6052 2115 2 15 79 O 20
5287 3141 1 4 0 C 0
4377 2493 1 8 0 C 0
4904 4905 1 2 9 O 30
4905 4903 1 5 23 O 20
1275 1274 2 8 41 O 20
3182 2719 2 40 0 C 0
2720 3183 2 5 0 C 0
5178 4907 1 16 0 C 0
4907 2976 1 1 0 C 0
867 868 1 11 0 C 0
1253 2996 1 22 0 C 0
4376 3143 2 11 0 C 0
6040 6033 1 26 140 M 20
3272 319 1 2 7 O 10
4984 2280 1 33 0 C 0
3676 2280 2 4 0 C 0
5027 5025 2 8 42 O 20
5028 5027 2 8 43 M 30
5027 5026 2 10 54 O 20
4291 4290 1 11 60 O 20
4290 1721 1 10 50 O 10
5356 271 1 9 0 C 0
271 5038 1 7 0 C 0
3671 5356 1 5 0 C 0
5040 2754 1 29 158 O 10
2754 3220 1 19 103 O 10
3220 5040 1 10 55 M 10
5719 5050 1 5 24 O 10
5050 2962 1 3 16 O 20
3558 3559 1 22 119 M 30
3559 2798 1 8 44 O 20
5613 614 2 3 0 C 0
614 5615 2 4 0 C 0
2584 2390 1 16 0 C 0
4542 5057 1 100 0 C 0
3648 4739 2 6 33 O 10
4739 3647 2 11 60 O 10
4921 2805 1 12 0 C 0
5071 4605 1 25 0 C 0
5072 4132 1 10 53 O 30
3617 462 2 2 8 O 30
3398 3394 1 3 16 O 20
5079 5078 2 6 32 O 20
4032 6338 2 2 9 O 30
6338 4031 2 2 9 M 20
4031 4030 2 4 22 O 30
5081 5080 2 3 14 O 10
5080 5079 2 11 58 O 10
2681 5085 2 3 15 O 20
5085 5084 2 23 122 O 30
3056 5089 1 19 100 O 20
4676 5090 1 1 0 C 0
4275 4272 2 2 0 C 0
4299 1861 2 5 0 C 0
1861 1860 2 5 0 C 0
1860 1863 2 4 0 C 0
4931 5091 2 8 0 C 0
4042 4629 2 3 0 C 0
4447 5020 1 4 21 O 10
5020 3640 1 12 61 O 20
5093 4606 1 14 0 C 0
1925 1924 1 96 529 M 10
1924 1926 1 60 330 O 30
5104 517 2 8 0 C 0
5108 2631 2 41 0 C 0
3928 4871 2 4 22 M 10
839 4286 2 2 7 O 30
4286 1243 2 4 21 O 10
1243 564 2 5 23 O 30
564 840 2 12 64 O 20
3274 3784 2 71 393 O 20
4393 2690 2 3 13 M 20
5713 2966 2 18 97 O 30
5719 2691 2 14 75 M 10
338 5119 1 5 26 O 20
3309 3057 1 11 57 O 30
3057 3056 1 4 18 O 30
3056 3055 1 5 23 O 20
3055 3308 1 4 17 O 30
5122 6339 2 3 13 O 20
6339 3306 2 3 13 M 10
5121 5120 1 9 46 O 20
5122 3307 1 4 20 M 10
4166 3410 2 21 112 O 30
3563 5827 2 2 0 C 0
3564 5826 1 3 0 C 0
4695 3564 1 3 0 C 0
4893 5124 1 3 14 O 30
4436 4437 1 12 65 M 30
3747 3748 2 14 73 M 20
5126 253 1 1 4 O 20
5925 5126 1 24 133 O 10
1821 2198 2 8 40 O 30
1947 4478 2 12 66 M 10
1930 1947 2 12 64 O 10
4850 3207 2 7 37 O 20
3207 1930 2 14 73 O 30
1715 5128 1 6 32 O 10
5128 249 1 39 211 M 30
5125 5102 2 4 18 M 30
3936 3037 2 5 22 O 30
1846 886 2 8 0 C 0
5131 5461 2 7 33 O 10
5028 1350 2 9 45 M 20
2444 146 2 12 66 O 20
3800 2444 2 9 45 O 30
5134 5133 2 6 31 O 10
6021 4567 1 56 0 C 0
3670 4136 1 21 0 C 0
4573 4572 1 364 0 C 0
4572 4570 1 385 0 C 0
5138 4575 1 9 0 C 0
4577 4578 1 86 0 C 0
5137 512 1 15 0 C 0
512 4831 1 4 0 C 0
5136 5137 1 17 0 C 0
4831 5138 1 28 0 C 0
4574 4573 1 51 0 C 0
4569 4576 1 77 0 C 0
4579 4577 1 48 0 C 0
395 396 1 9 0 C 0
5141 5142 2 1 3 O 10
5145 1907 2 1 3 O 10
5149 5148 2 13 68 M 10
5150 5151 2 7 36 O 20
5153 5152 2 6 29 O 10
5155 5154 2 8 41 O 10
5157 5156 2 8 40 M 20
5160 5159 2 7 34 O 30
2429 2433 1 7 35 O 20
3321 3325 1 21 0 C 0
4926 4011 1 6 0 C 0
4011 5200 1 17 0 C 0
3951 1857 1 13 0 C 0
2802 3319 1 8 0 C 0
2782 3351 2 26 0 C 0
3351 3817 2 8 0 C 0
5179 3440 2 20 111 O 10
5181 5180 2 4 22 O 20
5183 5182 2 4 18 O 30
5185 5184 2 7 37 O 20
557 558 2 6 32 O 30
5197 4148 1 9 0 C 0
5200 274 1 7 0 C 0
2079 3990 1 10 0 C 0
5357 4283 1 8 0 C 0
5201 4282 1 5 0 C 0
4282 5158 1 6 0 C 0
5158 1727 1 3 0 C 0
2075 5201 1 9 0 C 0
5130 2014 2 1 0 C 0
1825 4300 2 4 0 C 0
2253 2247 1 5 0 C 0
2874 2285 1 3 0 C 0
2276 6279 1 1 0 C 0
6279 3766 1 5 0 C 0
3695 5023 1 13 72 O 30
5840 2414 2 6 0 C 0
4006 1982 1 9 0 C 0
3636 4296 1 12 65 O 30
358 3972 1 6 29 O 30
2847 2848 1 2 6 M 20
5204 0 1 14 75 O 30
4734 4696 2 10 0 C 0
2416 4117 1 9 0 C 0
2420 2423 1 10 52 M 20
1290 5205 1 27 145 O 20
5206 2226 1 7 35 O 30
5207 2227 1 21 112 M 10
1963 148 1 32 173 O 30
1324 1260 1 6 28 O 10
5209 2884 1 3 0 C 0
3917 363 1 7 34 M 10
5211 5212 1 5 23 O 20
361 5211 1 17 90 O 20
5213 381 1 8 44 O 30
382 5213 1 4 20 M 30
1094 1105 1 6 29 O 30
164 169 1 53 289 O 30
5355 3969 1 5 23 O 30
4319 5355 1 7 35 M 20
6253 6268 1 9 47 O 20
5214 1103 1 6 29 O 30
1095 1084 1 4 17 O 20
5215 165 1 34 184 O 30
1121 6246 1 2 10 O 10
166 6244 1 4 17 M 20
6266 164 1 7 37 O 10
159 147 1 10 52 O 30
5216 375 1 6 29 O 10
375 5217 1 5 23 O 30
5217 373 1 9 45 M 20
373 2095 1 10 54 O 20
4947 6265 1 6 28 O 30
2086 5218 1 3 16 M 30
194 3273 1 11 56 O 20
5219 160 1 8 43 O 20
5220 4027 1 6 29 M 30
4027 4028 1 8 40 O 20
2398 2399 1 2 0 C 0
5094 4255 2 8 42 O 30
4525 5094 2 7 34 O 20
4778 282 1 2 0 C 0
2048 2020 1 10 0 C 0
503 3328 2 6 0 C 0
3257 3258 1 7 0 C 0
1984 2000 1 7 0 C 0
1873 5101 1 5 0 C 0
2400 2398 1 8 0 C 0
2480 3726 1 19 0 C 0
4924 2203 1 93 0 C 0
4143 4133 1 10 0 C 0
4308 4557 1 7 36 M 10
1839 355 1 13 71 M 30
243 1843 2 21 113 O 30
4877 5066 2 2 6 M 20
3824 2236 1 19 0 C 0
5901 2238 1 40 0 C 0
5222 2118 2 5 28 M 20
5223 5221 2 2 11 O 10
2120 5223 2 4 17 O 20
2724 4880 1 9 0 C 0
2723 3685 1 8 0 C 0
3685 3684 1 20 0 C 0
5224 2393 1 9 0 C 0
2393 5070 1 17 0 C 0
5225 4650 1 3 0 C 0
4650 5256 1 5 0 C 0
5256 4649 1 6 0 C 0
4649 2394 1 9 0 C 0
3683 5839 1 9 0 C 0
5839 2403 1 13 0 C 0
5226 2402 1 6 0 C 0
3681 2337 2 10 0 C 0
2812 2339 1 3 0 C 0
5227 2887 2 9 0 C 0
3328 4937 2 6 0 C 0
3299 4370 1 7 0 C 0
5229 4661 1 9 0 C 0
5230 5229 1 13 0 C 0
3317 5230 1 9 0 C 0
5231 2381 1 27 0 C 0
3300 3301 1 12 0 C 0
2389 2388 1 14 0 C 0
3752 890 1 9 47 O 10
890 3039 1 2 11 O 20
5233 5232 2 3 16 O 10
5234 2244 1 19 0 C 0
5235 121 1 22 0 C 0
2747 2241 1 14 0 C 0
5236 95 2 15 83 M 30
1293 5238 2 9 0 C 0
5240 1295 2 6 0 C 0
270 56 2 6 0 C 0
56 298 2 1 0 C 0
298 5997 2 6 0 C 0
5241 623 2 6 28 O 10
623 4611 2 2 9 O 30
3122 2468 2 3 0 C 0
5914 2258 2 7 0 C 0
2258 4817 2 14 0 C 0
864 3597 2 10 54 M 20
2769 2835 2 37 201 O 30
4153 5346 2 7 0 C 0
1364 5115 1 16 87 O 30
5245 1681 2 6 30 O 20
1681 1745 2 5 26 O 30
5244 5242 1 2 9 O 30
5242 5245 1 2 9 O 20
5245 5243 1 2 9 O 30
5243 5244 1 2 9 O 30
4688 5393 2 4 22 O 20
2561 4690 2 6 29 O 20
4133 5063 1 4 0 C 0
1831 1722 2 16 0 C 0
5250 1480 2 4 0 C 0
1480 5252 2 14 0 C 0
5251 5250 2 8 0 C 0
464 5251 2 29 0 C 0
4271 173 1 6 0 C 0
4892 6070 2 4 21 O 30
6070 6074 2 12 62 M 30
285 286 1 11 0 C 0
286 451 1 5 0 C 0
5255 5254 1 14 0 C 0
2050 640 1 14 0 C 0
4725 5288 2 2 8 O 20
4303 1826 1 2 0 C 0
6274 5161 1 15 0 C 0
5099 5096 1 4 0 C 0
1961 1962 1 14 78 O 20
5257 2391 1 2 0 C 0
3574 2384 1 2 0 C 0
2384 5258 1 4 0 C 0
2385 973 1 7 0 C 0
4932 4931 2 2 0 C 0
4931 4933 1 5 0 C 0
2113 4443 1 1 2 O 30
2119 2113 1 2 9 O 30
4445 2119 1 1 2 O 30
5259 1893 1 17 0 C 0
5260 3933 1 1 0 C 0
2342 6275 1 8 0 C 0
6275 3574 1 4 0 C 0
5261 5262 2 3 0 C 0
5263 5264 2 11 0 C 0
2579 5261 2 25 0 C 0
5265 3845 2 16 0 C 0
3845 5379 2 3 0 C 0
5264 2581 2 2 0 C 0
2581 125 2 6 0 C 0
125 5265 2 2 0 C 0
77 391 2 28 0 C 0
391 5266 2 19 0 C 0
4824 3329 2 29 0 C 0
3329 5267 2 6 0 C 0
5268 2842 2 27 0 C 0
5267 5268 2 8 0 C 0
3153 356 1 19 105 O 20
2547 2549 1 2 0 C 0
2549 2548 1 3 0 C 0
3862 5216 1 2 8 M 10
1872 5097 1 6 0 C 0
5269 3256 1 7 0 C 0
4311 5552 1 4 0 C 0
4310 5552 1 5 0 C 0
5270 3758 1 6 0 C 0
3758 5271 1 2 0 C 0
5272 2374 1 13 0 C 0
2246 1359 1 7 0 C 0
2447 2446 2 9 46 O 30
830 829 1 11 56 O 10
3594 163 1 9 47 O 10
4026 3970 1 9 48 O 20
4120 2102 1 3 15 M 30
5273 4120 1 7 37 O 20
2531 1868 1 6 0 C 0
5284 5427 1 17 93 O 30
2426 2436 1 1 5 M 30
4918 357 1 27 147 O 30
5279 5425 1 3 16 O 10
5911 4330 1 11 57 O 20
4330 4472 1 6 30 O 20
4472 4328 1 4 20 O 20
4328 3884 1 5 26 M 30
3884 5832 1 10 52 O 10
1889 1888 1 11 0 C 0
1888 2525 1 17 0 C 0
2525 1887 1 12 0 C 0
1887 1886 1 41 0 C 0
5535 5536 1 6 31 O 30
362 5535 1 17 89 M 20
4284 3281 1 5 0 C 0
3281 3282 1 10 0 C 0
3282 3672 1 31 0 C 0
3672 3294 1 25 0 C 0
3962 3853 1 8 43 O 20
5281 5282 2 9 48 O 20
3006 3004 1 4 19 M 20
5228 2383 1 1 0 C 0
5258 5123 1 5 0 C 0
5123 2385 1 15 0 C 0
973 972 1 20 0 C 0
972 971 1 6 0 C 0
971 6274 1 12 0 C 0
2054 2061 1 57 0 C 0
5710 480 1 8 0 C 0
480 479 1 9 0 C 0
479 2881 1 27 0 C 0
3849 5896 2 6 0 C 0
5896 4246 2 2 0 C 0
2335 4815 1 11 0 C 0
3124 3123 2 4 0 C 0
4673 6136 2 6 32 O 30
3888 6136 2 15 80 O 20
1727 4281 1 10 0 C 0
4945 4127 1 2 10 O 20
6254 5284 1 1 2 M 20
1371 6210 1 1 3 O 10
2927 2191 1 5 23 M 30
3003 5285 2 9 48 O 20
4266 4268 1 18 0 C 0
2036 2223 1 7 0 C 0
2069 1809 1 8 0 C 0
2224 5305 1 3 0 C 0
5286 5303 1 5 0 C 0
4901 5287 1 8 0 C 0
5836 1954 1 24 0 C 0
4746 2002 1 22 0 C 0
1270 3946 1 20 108 M 10
5531 5067 2 11 59 O 20
5346 5348 1 10 0 C 0
447 4565 2 41 225 M 30
3669 1237 1 28 0 C 0
1356 94 2 23 124 O 20
2198 3907 2 3 11 O 10
982 983 2 27 0 C 0
3907 4732 2 6 28 O 30
4732 4022 2 24 131 O 10
646 5064 2 14 0 C 0
4879 4134 1 20 0 C 0
4469 5906 2 13 68 O 20
5906 3886 2 9 45 O 20
3886 4592 2 12 65 O 20
5833 5342 2 8 41 O 30
3608 4726 1 5 27 O 20
6032 2127 2 21 0 C 0
2884 2267 1 14 0 C 0
1890 1889 1 15 0 C 0
1891 1890 1 17 0 C 0
5865 3645 2 12 62 O 10
4722 5865 2 3 12 O 30
4297 5431 1 35 193 O 20
1837 5060 2 17 93 O 10
1836 5059 2 6 30 M 20
3435 4849 2 14 74 O 10
4849 3790 2 1 5 M 30
4221 1283 2 10 54 O 10
1283 2601 2 21 115 O 30
2601 1025 2 19 105 O 20
2477 2465 2 16 0 C 0
2472 2477 2 15 0 C 0
2462 2472 2 15 0 C 0
4335 5775 1 37 0 C 0
4337 4334 1 8 0 C 0
4334 4332 1 4 0 C 0
4332 4336 1 6 0 C 0
3830 4337 1 5 0 C 0
1277 997 1 4 18 O 20
997 999 1 4 21 O 30
998 1277 1 5 23 O 10
4689 2561 1 5 23 O 30
2561 5292 1 3 13 O 10
2561 5293 1 4 19 M 20
4689 5292 1 3 16 O 20
6324 5289 2 6 30 O 20
5289 4689 1 2 8 O 30
5291 5289 1 4 17 O 10
5290 5294 1 5 26 O 20
5292 5291 1 2 9 O 20
5292 5293 1 3 17 O 30
5293 961 1 1 4 O 20
961 5290 1 2 9 O 10
5341 5340 1 1 3 O 20
3961 1443 1 5 27 O 10
3852 807 1 5 27 O 10
1349 5497 2 10 50 O 20
6111 5299 2 3 13 O 10
5298 6111 2 3 15 O 20
1752 6113 2 6 30 O 20
6113 6110 2 53 289 O 20
2660 3584 2 25 136 M 30
5187 1282 2 3 12 O 20
5456 1201 2 2 9 O 30
1201 1199 2 4 21 O 30
1199 3797 2 4 21 O 20
3797 5476 2 10 54 O 20
3591 4765 1 17 0 C 0
3101 4721 2 6 33 O 10
3955 2474 2 14 0 C 0
5680 5720 2 32 177 O 30
1804 3810 2 5 26 O 30
1104 171 1 3 11 O 30
2390 5257 1 8 0 C 0
5312 5311 2 6 30 O 30
5311 5310 1 23 125 O 10
2382 4113 1 14 0 C 0
4112 3957 1 14 0 C 0
288 900 2 11 0 C 0
856 3706 1 11 0 C 0
3668 3719 1 11 0 C 0
1848 2318 1 5 0 C 0
5327 2856 1 13 0 C 0
2317 1848 1 34 0 C 0
5328 1965 1 8 0 C 0
1840 2926 1 8 39 O 30
4983 2926 1 6 31 O 20
1838 4983 1 4 17 O 20
4756 1910 2 6 30 M 30
4238 6140 2 4 20 O 20
6140 5828 2 12 66 O 10
5828 6139 2 7 37 O 10
5922 5331 1 4 0 C 0
3360 1952 1 11 0 C 0
562 561 1 11 57 O 20
4313 6014 1 9 0 C 0
6014 5349 1 5 0 C 0
5350 5354 1 3 0 C 0
5349 5351 1 11 0 C 0
5353 5352 1 2 0 C 0
4017 5353 1 4 0 C 0
5354 4017 1 8 0 C 0
48 4609 1 12 0 C 0
46 4608 1 337 0 C 0
980 1833 2 7 0 C 0
5378 2847 1 7 37 O 10
5379 2582 2 12 0 C 0
2582 3535 2 3 0 C 0
3535 76 2 43 0 C 0
5381 1273 2 5 25 O 20
5711 3046 2 2 10 M 20
3046 5382 2 3 14 O 30
5684 5383 2 11 56 O 30
5384 5705 2 4 19 O 10
5705 5696 2 5 25 O 30
5696 1128 2 10 55 O 30
1128 5703 2 6 31 M 30
1272 4068 2 10 51 O 20
2913 2667 2 9 48 O 10
5385 4702 2 6 30 M 20
4703 6104 2 8 42 M 30
6104 5386 2 3 15 M 20
5387 2662 2 23 125 O 30
2662 3075 2 6 30 O 10
3075 2660 2 15 81 O 10
2912 2666 2 9 48 M 30
3062 5388 2 4 20 O 10
4684 5389 2 23 125 O 30
5390 4618 2 5 24 M 30
5391 5186 2 4 20 O 10
99 1628 2 8 40 O 30
1628 1630 2 1 3 O 10
1630 1632 2 3 15 O 20
1632 1634 2 4 19 O 30
1634 5392 2 3 12 O 30
5393 6325 2 18 95 M 20
6325 1543 2 8 39 M 10
1543 5994 2 3 14 O 20
5237 6315 2 6 30 O 30
5394 4718 2 2 7 O 30
4718 3519 2 68 376 O 30
1748 3517 2 68 374 O 30
5395 3427 2 14 0 C 0
3427 3906 2 9 0 C 0
6329 5396 2 5 26 O 10
2715 3135 2 11 60 O 20
3135 5397 2 14 75 O 30
5398 97 2 9 44 M 30
5400 4692 2 3 16 O 20
5879 1902 2 3 0 C 0
94 5401 2 16 85 O 30
1242 378 1 12 66 O 30
5022 5023 1 29 156 O 10
5404 5403 2 8 40 O 10
5406 5405 2 25 137 M 30
3039 4896 1 2 8 O 10
4896 6340 1 2 11 M 30
6340 4895 1 2 11 O 10
4895 3038 1 9 47 O 10
3038 3037 1 10 53 O 10
4254 348 2 2 8 O 20
348 5175 2 7 35 O 20
5410 5411 2 11 0 C 0
5411 6026 2 4 0 C 0
5413 2170 1 5 27 O 30
3497 502 2 15 0 C 0
5436 509 1 2 0 C 0
5064 4948 2 6 0 C 0
2035 4160 1 141 0 C 0
5414 4159 1 132 0 C 0
4161 5414 1 6 0 C 0
4274 4270 1 2 0 C 0
4278 4280 1 4 19 M 20
2498 1258 1 17 92 O 10
5307 4633 1 4 22 O 10
4633 2497 1 7 36 O 20
3764 5774 2 15 0 C 0
5728 2674 1 7 39 O 30
5729 6119 2 13 69 O 20
5730 1279 2 10 52 M 20
5241 5736 2 14 72 O 30
5736 5734 2 12 62 O 20
1772 1961 1 33 181 M 30
4100 4101 1 6 0 C 0
1829 5746 2 10 0 C 0
5752 2001 1 10 0 C 0
5753 5752 1 2 0 C 0
5751 5197 1 3 0 C 0
1087 5751 1 2 0 C 0
3831 4155 2 3 0 C 0
4155 5754 2 2 0 C 0
509 312 1 4 0 C 0
5610 6099 1 3 0 C 0
6099 5755 1 3 0 C 0
5068 3951 1 1 0 C 0
3149 5196 1 5 0 C 0
5162 3149 1 8 0 C 0
4234 153 2 15 0 C 0
153 5086 2 2 0 C 0
5086 5825 2 1 0 C 0
149 151 2 4 0 C 0
151 4145 2 12 0 C 0
5766 5890 1 4 0 C 0
5890 1996 1 5 0 C 0
5767 5766 1 6 0 C 0
4010 5769 1 7 0 C 0
5769 5768 1 6 0 C 0
468 5771 1 2 0 C 0
5771 5770 1 5 0 C 0
295 1980 1 2 0 C 0
5772 295 1 5 0 C 0
3587 3832 2 4 0 C 0
5777 5432 1 8 44 O 10
5780 5777 1 6 29 O 10
5779 5780 1 3 16 O 30
5778 5779 1 4 22 O 10
5781 5435 1 15 81 M 20
5790 5781 1 9 45 O 10
5782 5435 1 16 84 O 20
5783 5782 1 8 40 M 10
5784 5785 1 7 36 O 30
1242 5784 1 28 153 O 30
379 5786 1 8 40 O 30
5402 379 1 9 45 O 30
5788 5834 2 3 12 O 30
5107 5789 2 1 4 O 20
5794 5793 1 5 24 O 10
171 5794 1 26 142 M 20
5791 4023 1 41 227 O 30
5792 5791 1 6 30 O 30
1266 1264 1 24 131 O 10
5797 5796 1 5 24 M 10
6144 1910 2 3 15 O 10
5800 5799 2 6 30 O 30
5801 5800 2 4 19 O 30
4518 5801 2 2 11 M 30
5799 6144 2 9 50 O 20
5493 5487 2 15 81 O 10
5487 4245 2 9 50 O 10
4223 5812 2 3 12 M 10
5824 354 2 12 0 C 0
5825 5824 2 3 0 C 0
5828 259 2 24 133 M 20
4245 5507 2 9 49 O 10
6057 3691 2 7 0 C 0
6061 6068 2 21 113 M 20
6068 6064 2 8 0 C 0
6064 6062 2 20 0 C 0
6062 6057 2 17 0 C 0
5528 5848 2 16 86 M 30
4380 3927 2 7 34 M 30
5476 5849 2 7 38 O 10
5850 4140 2 5 27 O 10
5253 4892 2 6 30 O 20
6053 5851 2 2 9 O 30
3735 2524 2 18 98 O 20
4647 2523 2 31 172 O 20
522 4351 1 7 34 O 20
5852 5445 2 9 45 O 10
4187 5853 2 6 33 O 30
2450 4229 2 9 0 C 0
5854 2943 2 13 0 C 0
523 3854 2 11 58 O 30
3854 5345 2 23 123 O 20
5177 5176 2 10 52 M 10
82 3532 2 26 142 O 10
3757 5880 2 6 33 O 10
5928 61 2 2 8 O 30
4736 3824 1 7 0 C 0
3684 5884 1 7 0 C 0
5885 2778 2 5 0 C 0
3817 3350 2 18 0 C 0
3350 2777 2 22 0 C 0
5888 3357 2 8 0 C 0
5889 2793 2 10 0 C 0
3816 4538 2 32 0 C 0
107 108 2 40 0 C 0
5918 5917 2 17 93 O 10
5920 5919 2 17 91 O 10
5921 4795 2 24 133 O 10
5930 3980 2 9 50 O 10
4796 5932 2 6 31 O 20
3485 5934 2 5 25 O 10
5935 5936 2 15 79 O 20
5937 5938 2 8 40 O 20
5120 5939 2 4 19 O 30
5941 1366 2 14 73 O 10
5942 5943 2 10 52 O 20
3310 3309 1 6 32 O 30
4116 1740 1 23 0 C 0
2940 4418 2 2 0 C 0
4106 4114 2 14 0 C 0
4114 3749 2 10 0 C 0
3749 2418 2 3 0 C 0
3190 5947 2 4 22 O 20
5947 5948 2 4 17 M 10
2618 5952 2 6 31 M 20
2031 5286 1 17 0 C 0
5953 2626 2 8 40 O 10
5955 946 2 2 0 C 0
946 945 2 2 0 C 0
5957 2099 1 8 42 O 30
5635 5957 1 4 20 O 10
3584 3789 2 20 106 O 30
3789 2350 2 11 56 O 30
2350 3474 2 15 80 O 20
3475 5051 2 6 0 C 0
2483 3214 2 8 0 C 0
3214 3215 2 3 0 C 0
3215 3443 2 46 0 C 0
3443 2738 2 18 0 C 0
4442 5636 1 3 14 M 10
4442 5965 1 3 13 O 10
5967 5968 2 3 16 O 20
5969 2345 1 5 23 O 30
2347 3396 1 2 10 O 30
3394 3395 1 7 39 O 20
5622 5970 2 8 42 O 20
5971 2990 2 3 14 O 30
2990 4420 2 7 36 O 30
1903 1905 2 4 17 M 10
2017 2184 2 5 22 M 30
2016 5821 2 5 26 O 10
1914 2181 2 2 10 O 20
2181 1913 2 13 68 O 30
2030 2025 1 22 0 C 0
5976 5977 1 9 0 C 0
2063 4110 1 5 0 C 0
4110 5975 1 6 0 C 0
5974 5976 1 5 0 C 0
5977 2067 1 5 0 C 0
2057 5978 1 18 0 C 0
2044 5979 1 3 0 C 0
5980 2185 2 4 19 M 20
5981 5980 2 4 19 O 30
2177 5983 2 1 4 O 30
2176 5982 2 2 7 O 20
5984 3036 1 1 5 M 10
5985 2173 1 1 6 M 30
5986 1132 2 7 36 O 30
4257 5986 2 9 48 O 20
4261 876 1 6 29 M 20
5987 3213 1 7 37 O 20
5988 5989 2 10 54 O 10
1944 5991 2 2 10 O 30
2821 2992 2 4 0 C 0
2615 5992 2 8 40 O 10
5993 1539 2 3 12 O 10
1539 6153 2 1 5 O 20
6153 1537 2 3 13 O 20
1537 1535 2 3 13 O 10
1535 1533 2 3 16 O 30
1533 6324 2 6 28 O 10
5994 5290 2 2 7 O 10
5294 5291 1 3 11 O 30
5995 4061 2 9 0 C 0
6315 4688 2 4 19 O 20
2547 5996 2 3 0 C 0
5997 2548 2 5 0 C 0
5380 2583 2 6 0 C 0
2559 2799 2 2 11 O 10
3312 6002 2 1 5 O 10
6002 6000 2 1 3 O 30
6001 6002 2 2 9 O 30
4552 6007 2 1 1 O 30
6007 699 2 2 8 O 30
699 698 2 2 8 O 10
698 701 2 2 9 M 10
701 4551 2 1 5 O 30
4551 703 2 1 5 O 10
703 6005 2 1 2 M 30
6005 6003 2 1 5 O 10
6004 6005 2 5 24 O 10
6006 6007 2 2 10 O 10
4847 6008 2 13 72 O 10
1372 6009 2 3 13 O 30
2777 3819 2 10 0 C 0
3819 3818 2 14 0 C 0
3818 6190 2 3 0 C 0
6015 5902 1 12 0 C 0
6016 2792 1 8 0 C 0
6019 6020 2 16 86 M 20
4571 6021 1 24 0 C 0
5057 2202 1 42 0 C 0
4289 800 1 24 0 C 0
250 4571 1 4 0 C 0
2211 6022 1 29 0 C 0
1078 2211 1 5 0 C 0
6023 1077 1 6 0 C 0
1968 1971 1 28 0 C 0
6024 1968 1 25 0 C 0
3726 6025 1 18 0 C 0
2024 2033 1 47 0 C 0
2065 2200 1 45 0 C 0
5978 2056 1 18 0 C 0
2061 5944 1 6 0 C 0
6098 3043 2 20 108 O 10
6097 6098 2 5 24 O 30
6101 6100 1 9 50 O 10
6100 3942 1 4 17 O 10
6103 6104 2 4 22 O 10
6140 6141 2 2 9 O 20
6139 5083 2 13 67 O 20
5144 6143 2 2 9 M 10
4868 6186 2 5 23 M 20
4251 6187 1 5 0 C 0
6188 1097 1 4 19 O 20
5119 5712 2 18 99 M 20
6189 4952 1 5 24 O 20
6235 6189 1 5 24 O 20
1862 5612 2 3 0 C 0
6196 6197 1 4 0 C 0
6197 438 1 5 0 C 0
816 6195 1 7 0 C 0
6202 1378 1 2 0 C 0
6193 1378 1 1 0 C 0
6194 6202 1 2 0 C 0
6191 4301 1 3 0 C 0
5826 3563 1 2 0 C 0
4279 2192 1 5 24 O 30
173 6204 1 6 0 C 0
6207 174 1 3 0 C 0
174 6209 1 3 0 C 0
987 1371 1 11 56 O 10
3912 5984 1 5 25 O 30
6212 6213 1 8 42 O 10
2172 6212 1 6 31 M 30
6213 3912 1 6 32 O 20
5908 6216 1 6 31 M 10
6217 5878 1 3 14 O 20
5561 6214 1 4 17 O 30
6220 6221 2 3 13 O 30
4316 6224 1 9 45 O 10
5866 6225 1 4 21 O 10
4822 5866 1 3 16 O 30
6225 4409 1 2 8 O 10
3107 3099 1 2 6 O 10
3096 3102 1 2 7 O 20
3103 3109 2 2 6 O 20
2428 2431 2 2 7 O 10
6230 2415 1 58 0 C 0
6229 6230 1 5 0 C 0
6232 2406 1 62 0 C 0
2406 4111 1 15 0 C 0
6231 6232 1 5 0 C 0
6234 6237 1 5 23 O 30
4387 6237 2 3 16 O 10
6236 4954 1 5 23 M 20
5035 6236 1 5 23 O 30
2849 2702 2 3 11 O 30
2843 6241 2 2 7 O 20
6240 6242 2 2 7 O 20
6102 4319 1 9 49 O 20
4028 6243 1 9 50 O 10
6246 6102 1 10 53 M 30
1121 6247 1 3 12 M 30
6248 1122 1 9 47 O 20
1122 4123 1 3 14 O 10
1119 4123 1 3 13 M 30
2448 6249 1 9 46 O 10
6243 5422 1 8 44 O 20
6250 5423 1 6 28 O 10
6252 5278 1 2 10 M 10
376 6257 1 4 20 O 30
6259 6254 1 3 13 O 10
6258 6254 1 2 11 O 30
289 6261 1 4 22 O 10
163 6262 1 18 96 O 30
167 168 1 7 39 O 10
156 1773 1 35 194 O 20
6251 5219 1 11 59 M 20
771 6250 1 36 199 M 10
6264 6263 1 7 39 O 30
3973 6266 1 10 51 M 10
6267 156 1 10 54 M 30
1774 6266 1 9 48 O 20
6268 4125 1 4 20 O 30
6265 3273 1 2 9 O 30
2275 6278 1 2 0 C 0
6280 4014 1 1 0 C 0
1993 1995 1 5 0 C 0
6285 1994 1 5 0 C 0
1986 6285 1 7 0 C 0
1995 5765 1 7 0 C 0
2049 2046 1 9 0 C 0
297 2043 1 4 0 C 0
2315 6287 2 2 0 C 0
6292 6291 2 6 32 O 20
6294 6293 2 10 52 O 10
6296 6295 2 11 61 O 30
6298 6297 2 13 70 M 20
6300 6299 2 10 54 O 30
6302 6301 2 9 47 M 10
6304 6303 2 12 65 M 10
6306 6305 2 18 100 O 10
6307 2592 2 16 85 M 20
6308 6309 2 12 64 O 20
6311 6310 2 23 124 M 30
6313 6312 2 29 157 O 30
5044 6260 1 1 3 M 10
6333 860 1 3 0 C 0
6334 6333 1 2 0 C 0
4866 4865 2 9 48 O 20
3959 3 2 6 28 M 30
4631 5204 1 8 40 M 20
6237 1 1 1 5 O 10
4069 1101 2 9 46 O 20
5698 1321 1 7 35 O 20
3 2 2 7 35 O 30
3959 5945 1 2 9 O 20
5945 1106 1 6 29 O 10
5702 4 2 5 24 O 30
5679 5 2 6 33 O 20
6 7 2 8 44 O 10
5407 5674 2 6 31 O 20
5674 6 2 3 12 O 10
7 4454 2 5 25 M 10
2981 4664 2 5 28 O 20
2114 9 2 5 24 O 30
2114 10 2 4 18 O 20
3754 3753 2 8 39 O 20
12 11 1 9 0 C 0
11 3712 1 10 53 O 10
5740 13 2 8 0 C 0
2368 870 1 15 0 C 0
5147 3874 1 7 36 O 20
4366 4006 1 14 0 C 0
1874 1135 1 5 0 C 0
1135 1873 1 3 0 C 0
5100 1872 1 3 0 C 0
14 2571 1 9 0 C 0
5101 5095 1 3 0 C 0
5095 5100 1 2 0 C 0
5096 5098 1 3 0 C 0
16 2572 1 12 0 C 0
2572 1992 1 4 0 C 0
17 1955 1 3 0 C 0
1955 15 1 3 0 C 0
18 5767 1 11 0 C 0
20 4422 2 12 65 O 30
798 2284 1 10 0 C 0
24 25 2 8 0 C 0
26 27 2 2 0 C 0
25 30 2 11 0 C 0
30 26 2 2 0 C 0
1805 28 1 9 46 O 30
28 29 2 6 31 M 10
30 31 2 11 57 M 10
32 33 2 3 15 O 30
1832 4731 2 10 0 C 0
4731 35 2 15 0 C 0
36 6187 2 22 0 C 0
38 37 1 2 9 O 10
6224 1759 1 3 12 O 10
3706 1830 1 13 0 C 0
2995 2970 1 6 0 C 0
2970 594 1 4 0 C 0
594 4899 1 3 0 C 0
4899 3706 1 12 0 C 0
39 2363 1 3 0 C 0
3693 4978 2 2 10 M 20
2261 4151 1 3 11 O 30
2187 41 1 10 51 O 10
3154 3044 1 13 69 O 30
4941 3154 1 14 73 O 20
4561 43 1 2 9 O 10
44 4560 1 2 8 O 10
45 2874 1 4 0 C 0
5334 1139 1 11 0 C 0
2220 4146 1 33 0 C 0
47 46 1 55 0 C 0
4609 49 1 36 0 C 0
2219 4047 1 8 0 C 0
4047 2209 1 51 0 C 0
4607 48 1 12 0 C 0
49 47 1 8 0 C 0
53 52 2 3 14 O 30
954 2358 1 18 0 C 0
5331 1810 1 21 0 C 0
1916 1915 2 27 148 O 30
5127 3931 1 9 45 O 30
5127 1838 1 2 10 O 30
4765 127 1 15 0 C 0
4475 3259 1 33 0 C 0
4758 64 2 4 18 M 30
65 66 2 2 9 O 10
68 69 2 10 0 C 0
69 67 2 8 0 C 0
67 70 2 14 0 C 0
4745 4143 1 35 0 C 0
5776 4745 1 17 0 C 0
5775 5776 1 9 0 C 0
76 5380 2 3 0 C 0
2583 77 2 9 0 C 0
3290 2082 2 16 0 C 0
4925 3290 2 7 0 C 0
2992 72 2 4 0 C 0
1937 584 2 5 25 O 10
2999 124 1 5 23 O 10
123 2821 1 6 0 C 0
5999 5611 1 27 0 C 0
126 3114 1 23 0 C 0
5013 4984 1 6 0 C 0
4985 5013 1 6 0 C 0
3121 129 2 7 0 C 0
128 130 2 13 0 C 0
130 3725 2 6 0 C 0
131 119 2 10 0 C 0
2474 215 2 4 0 C 0
3326 134 1 40 0 C 0
134 135 1 4 0 C 0
2415 132 1 5 0 C 0
132 133 1 4 0 C 0
139 3326 1 9 0 C 0
138 139 1 4 0 C 0
2277 136 1 3 0 C 0
136 137 1 4 0 C 0
6228 157 1 6 31 M 20
140 6228 1 6 30 O 10
6227 2420 1 24 132 O 30
141 6227 1 6 30 O 10
143 1436 1 17 89 O 10
142 143 1 6 31 M 30
2421 144 1 4 18 M 30
144 145 1 6 30 O 20
146 2447 2 3 15 O 30
147 4119 1 4 22 O 20
1259 2445 1 13 69 O 10
4234 150 1 5 0 C 0
150 5337 1 6 0 C 0
154 2275 1 5 0 C 0
4477 4972 1 15 0 C 0
3392 3398 1 4 19 M 20
2379 5549 2 12 67 M 30
5549 296 2 10 53 O 30
560 559 1 8 42 O 10
175 176 1 1 5 M 20
176 2934 1 17 92 O 30
178 179 2 5 23 O 20
180 181 2 4 19 O 10
182 183 2 4 20 O 10
184 185 2 4 17 O 30
186 187 2 4 19 O 20
188 189 2 4 17 M 20
190 2611 1 6 30 O 10
2611 3472 1 6 29 O 20
191 192 2 5 25 M 30
5907 2586 1 2 10 O 20
193 4766 1 8 0 C 0
2996 193 1 3 0 C 0
2033 5301 1 18 0 C 0
4946 4439 1 3 11 M 10
4946 194 1 2 10 O 30
5082 1045 2 4 18 O 20
1044 5082 2 3 11 M 10
196 197 1 7 38 O 10
197 4654 1 8 42 O 30
198 4381 1 5 27 O 10
4381 199 1 7 36 O 10
212 3927 1 11 60 M 10
200 203 1 6 31 O 30
203 204 1 20 108 O 20
204 521 1 19 104 O 10
4656 205 1 18 96 M 10
201 5910 1 10 54 O 10
521 202 1 2 9 M 30
199 200 1 3 15 O 20
199 201 1 2 7 O 10
196 199 1 3 12 M 30
205 200 1 14 73 O 10
205 5910 2 2 9 O 30
208 196 1 9 50 O 20
5910 207 1 5 26 O 10
206 208 1 3 12 O 10
211 210 1 4 17 O 20
210 209 1 5 24 O 30
202 211 1 2 6 O 20
209 212 1 10 51 O 20
3927 206 1 3 15 O 10
4654 198 1 3 13 O 10
6210 2928 1 10 50 O 20
218 6013 1 2 0 C 0
6013 5300 1 6 0 C 0
5300 2066 1 6 0 C 0
5304 218 1 4 0 C 0
4263 2224 1 3 0 C 0
5305 4264 1 8 0 C 0
229 230 1 4 18 O 10
230 231 1 2 10 O 10
4478 233 2 7 35 M 30
233 232 2 5 23 O 30
2318 5326 1 2 0 C 0
234 1964 1 35 0 C 0
4940 235 1 4 0 C 0
237 4307 1 10 0 C 0
236 1956 1 3 0 C 0
1956 237 1 5 0 C 0
238 5740 2 6 0 C 0
239 238 2 4 0 C 0
13 240 2 7 0 C 0
240 4067 2 8 0 C 0
5177 241 2 6 30 O 30
241 3780 2 2 10 O 10
3780 60 2 2 9 M 30
3780 4416 1 3 13 O 10
242 5855 2 3 14 O 30
5855 243 2 7 34 O 30
355 244 1 6 31 O 20
245 2199 1 1 2 O 10
2199 246 1 3 12 M 30
247 2197 1 4 18 O 30
248 5127 1 7 36 O 30
249 248 1 4 18 O 20
4780 251 1 13 0 C 0
251 250 1 3 0 C 0
3932 3670 1 61 0 C 0
252 3932 1 3 0 C 0
4264 4265 1 17 0 C 0
5552 4760 1 17 0 C 0
4760 255 1 11 0 C 0
5848 2354 2 4 21 O 10
1866 4212 1 8 0 C 0
257 2535 1 10 0 C 0
258 257 2 2 0 C 0
2533 2531 2 5 0 C 0
6190 3349 2 3 0 C 0
3349 5887 2 5 0 C 0
267 270 1 3 0 C 0
270 269 1 3 0 C 0
269 226 1 2 0 C 0
226 268 1 3 0 C 0
268 267 1 1 0 C 0
5239 226 2 10 0 C 0
6209 6208 1 3 0 C 0
4643 4376 2 4 0 C 0
273 4643 2 5 0 C 0
3714 3027 1 9 0 C 0
5085 276 2 22 122 O 10
277 278 2 10 51 O 10
6206 173 2 2 0 C 0
3619 3776 2 11 58 O 30
3177 299 1 2 10 M 20
310 309 1 4 0 C 0
5193 2938 1 5 0 C 0
2938 4968 1 4 0 C 0
308 310 1 4 0 C 0
2939 5194 1 8 0 C 0
4160 4162 1 5 0 C 0
4268 4969 1 13 0 C 0
311 2036 1 34 0 C 0
4305 2806 1 35 0 C 0
4304 4305 1 19 0 C 0
4988 315 2 2 8 M 30
316 3976 1 2 0 C 0
317 318 1 9 47 O 30
321 3612 2 1 3 O 30
5301 2027 1 3 0 C 0
2066 2068 1 16 0 C 0
2068 325 1 17 0 C 0
331 4976 2 2 6 M 10
330 327 1 1 0 C 0
3554 328 2 14 0 C 0
1825 6201 2 6 0 C 0
5329 2359 1 13 0 C 0
6271 6272 1 6 29 O 30
5324 5325 1 8 0 C 0
5325 4010 1 8 0 C 0
2027 324 1 2 0 C 0
5195 3611 2 28 153 O 30
333 334 1 4 19 O 10
342 5711 1 9 48 O 30
1274 338 1 18 97 O 30
337 1274 1 7 34 M 30
336 3045 1 8 40 O 10
3045 337 1 7 38 O 10
343 336 1 4 22 M 30
335 343 1 4 17 O 10
342 1273 2 3 14 O 30
341 342 1 9 47 M 10
340 341 1 6 29 O 20
5711 335 1 6 30 O 30
339 340 1 4 19 M 30
339 5119 2 3 16 M 10
338 339 1 6 29 M 10
341 5711 2 2 10 O 20
347 1238 1 3 14 O 30
1238 346 1 3 15 O 30
348 349 1 4 19 O 20
2677 4466 2 12 63 M 10
4466 3938 2 14 72 M 30
352 353 2 9 46 O 10
4474 4235 1 4 0 C 0
4565 61 2 6 33 O 10
365 366 2 3 16 O 20
61 3910 2 16 86 O 30
3910 5742 2 10 53 M 10
367 368 2 3 12 O 10
369 370 2 12 61 O 30
5210 1935 2 4 17 O 20
5009 1234 2 2 0 C 0
6034 6035 2 24 130 O 20
4453 377 2 2 7 O 30
3631 385 2 3 16 O 20
4988 4777 2 1 5 O 30
386 4777 2 5 24 O 10
4259 4260 1 8 39 O 10
387 2995 1 17 0 C 0
1177 394 1 9 49 O 30
4869 4949 1 49 271 O 30
6029 4109 2 3 0 C 0
4109 4114 2 16 0 C 0
397 3869 2 3 13 M 30
274 3257 1 7 0 C 0
401 1239 1 6 30 O 10
1239 400 1 1 5 O 10
400 401 1 14 75 O 30
403 404 2 2 11 O 20
404 405 2 2 8 M 20
404 5308 2 2 8 O 20
5678 5680 2 25 139 O 20
406 407 2 9 47 M 10
407 408 2 5 22 O 30
407 1317 2 13 68 O 30
5684 5384 2 10 53 O 10
1286 5684 2 5 22 O 10
409 3936 2 10 52 O 20
411 2175 2 3 13 O 10
3912 6211 2 6 28 O 20
2169 1945 2 3 16 O 20
5172 5171 1 4 21 O 20
2434 6226 1 1 4 M 30
4347 416 2 4 21 O 20
2993 418 2 6 0 C 0
4636 419 1 15 80 O 30
6327 6328 2 30 163 O 30
6322 6327 2 28 154 O 20
421 6327 2 4 17 O 10
422 1643 2 1 5 O 10
423 424 2 15 81 O 30
425 426 2 4 18 O 30
5933 427 2 17 89 O 10
428 5736 2 15 82 O 30
429 935 1 14 75 O 30
430 431 2 7 36 O 20
432 433 2 2 7 O 30
3752 436 2 3 12 O 30
2723 260 2 5 0 C 0
260 3514 2 9 0 C 0
3514 3513 2 10 0 C 0
3513 2725 2 21 0 C 0
2725 2726 2 21 0 C 0
1375 3247 1 7 0 C 0
2181 2179 1 8 43 M 30
439 2018 2 8 39 O 10
440 2019 2 2 10 O 30
2182 3953 2 20 109 O 20
890 443 2 6 33 O 20
496 4269 2 3 15 O 20
496 444 1 6 31 O 10
444 4157 1 14 74 O 20
4497 446 2 3 13 O 30
2178 448 2 3 15 M 20
448 365 2 2 8 M 20
365 447 2 1 3 O 30
5675 4128 1 11 58 O 30
4128 4129 1 3 16 O 10
4129 4318 1 2 9 M 10
4318 4322 1 10 52 O 20
4322 2980 1 4 18 O 10
2980 4130 1 9 49 O 10
4130 3862 1 8 40 M 20
4193 449 2 3 15 O 30
6203 450 2 5 25 O 30
3786 4741 2 9 0 C 0
4741 4743 2 8 0 C 0
4743 589 2 1 0 C 0
3384 3653 2 17 92 O 10
451 5269 1 4 0 C 0
452 382 1 18 97 O 10
2440 454 1 2 6 O 20
2794 2437 2 1 4 O 20
0 4953 1 6 31 O 10
3241 5846 1 7 36 M 10
463 3241 1 8 43 O 30
1850 883 1 17 0 C 0
6069 475 2 22 121 O 10
4930 2357 1 5 0 C 0
478 3305 1 4 21 O 20
477 478 1 4 21 O 20
4754 5188 2 2 0 C 0
1847 483 2 5 25 O 30
1837 884 1 11 56 O 20
484 435 2 1 3 O 20
485 486 2 2 6 M 30
1328 1240 2 22 0 C 0
1240 489 2 28 0 C 0
490 487 1 1 0 C 0
491 492 1 2 0 C 0
492 3750 1 21 0 C 0
2117 3330 2 8 0 C 0
2131 320 2 4 20 O 20
5924 495 2 10 53 O 10
498 1841 1 5 0 C 0
2256 4798 2 10 0 C 0
4798 3678 2 17 0 C 0
2543 2542 1 10 0 C 0
2542 5076 1 10 0 C 0
5076 2541 1 3 0 C 0
2541 2540 1 5 0 C 0
791 2809 2 11 0 C 0
327 3494 2 35 0 C 0
5091 3489 2 10 0 C 0
6277 2380 1 4 0 C 0
505 507 2 3 0 C 0
6282 3322 1 12 0 C 0
506 4823 2 3 0 C 0
4823 507 2 2 0 C 0
3701 239 2 4 0 C 0
5768 5764 1 10 0 C 0
4248 152 2 3 0 C 0
524 4248 2 3 0 C 0
152 149 2 4 0 C 0
526 525 2 3 15 O 20
528 525 2 3 14 O 30
525 527 2 5 24 O 10
5409 2031 1 14 0 C 0
530 4029 2 10 55 O 30
532 533 2 16 84 M 10
1864 2382 1 13 0 C 0
463 1232 2 2 11 O 30
1232 5846 2 2 10 O 10
106 1898 2 18 0 C 0
535 106 2 4 0 C 0
1928 510 1 17 0 C 0
510 1925 1 78 433 O 10
1926 3733 1 18 100 O 30
3733 1927 1 60 0 C 0
2091 2094 1 6 31 O 10
2578 3117 2 16 0 C 0
3117 5955 2 5 0 C 0
294 5757 2 22 0 C 0
5757 2775 2 33 0 C 0
536 537 2 13 68 O 10
538 539 2 13 70 O 10
540 6211 2 2 8 O 10
541 2263 2 2 8 O 20
4837 5749 1 4 0 C 0
5749 5750 1 16 0 C 0
5750 5763 1 10 0 C 0
5763 975 1 37 0 C 0
975 1997 1 8 0 C 0
1989 1988 1 11 0 C 0
1988 1987 1 27 0 C 0
5371 3612 2 4 22 O 30
4870 4869 1 8 43 O 20
549 547 2 5 23 O 30
547 550 2 4 17 M 10
548 547 2 2 10 O 10
4840 551 2 3 12 O 20
4262 5336 2 2 7 O 20
4449 5338 1 5 25 O 20
552 4449 1 22 117 O 30
553 554 1 20 106 O 10
5560 553 1 8 42 M 10
554 555 1 9 45 M 10
555 2589 1 29 160 M 20
3975 2589 1 35 190 O 30
5302 2065 1 22 0 C 0
323 5409 1 12 0 C 0
2131 6033 2 8 0 C 0
3760 557 2 7 38 O 10
558 3038 2 2 10 O 20
559 3760 1 1 4 O 10
434 560 1 4 19 O 30
561 435 1 2 9 M 20
435 434 1 2 11 O 20
3039 562 1 3 14 O 30
1911 4309 2 7 37 O 20
564 565 2 19 103 O 10
3649 567 2 5 22 O 10
568 4628 2 2 6 M 30
5564 5562 1 20 110 O 10
1360 1361 2 19 0 C 0
569 5470 2 2 10 O 20
5470 5940 2 2 9 O 10
5940 2144 2 7 36 O 30
5366 2952 2 18 95 O 20
4140 832 2 10 55 O 10
2950 570 2 4 20 O 10
4738 1253 1 7 0 C 0
3795 3860 2 8 42 M 30
3860 3864 2 9 48 M 30
3795 4038 2 9 45 O 10
4038 5860 2 7 39 O 10
3864 5582 2 21 112 O 30
5582 2098 2 9 45 O 20
3864 4379 2 13 71 O 10
3645 3647 2 12 63 O 30
3647 3646 2 36 197 O 30
3646 5593 2 19 103 O 10
2737 2733 2 9 47 M 20
573 2890 2 11 58 O 20
2889 574 2 4 21 O 10
3444 575 2 5 26 O 10
5041 3278 2 2 9 M 20
3447 3445 2 24 128 O 30
3445 2758 2 9 47 O 30
3279 2754 2 4 19 M 10
576 3279 2 28 154 O 10
4139 5518 1 11 61 O 30
5518 5516 1 11 60 O 20
2952 5478 2 9 50 O 10
5478 4139 2 22 119 O 20
5368 5483 2 8 42 O 30
5483 5516 2 11 56 O 30
5745 2366 2 14 0 C 0
2366 5744 2 10 0 C 0
5912 5446 2 26 144 O 30
5446 2143 2 21 115 O 20
2156 2288 2 12 63 O 20
2288 5912 2 11 57 O 30
4708 3781 2 3 12 O 20
4470 5344 1 17 92 M 30
4782 6289 1 2 11 O 30
6289 4783 1 6 32 O 10
4785 4786 2 2 10 O 20
4786 6288 2 7 36 O 10
4784 4786 2 12 62 O 20
2482 2483 2 21 0 C 0
1897 4737 2 9 0 C 0
3193 583 2 15 83 O 10
4697 2768 2 8 0 C 0
5548 772 2 8 43 O 10
1731 585 2 5 24 O 20
638 3901 2 23 124 O 30
5581 587 2 23 123 M 20
589 3787 2 3 0 C 0
3787 3788 2 6 0 C 0
590 2089 2 6 0 C 0
591 2093 1 6 29 O 30
2094 592 1 4 21 O 10
5482 5369 2 8 43 M 30
5513 5482 2 9 49 O 20
319 6040 1 7 35 O 30
2516 5737 2 3 0 C 0
72 1940 2 6 0 C 0
5413 593 2 7 37 M 20
1770 596 2 3 15 M 10
598 599 2 9 47 O 20
600 19 2 6 29 O 20
601 3878 2 6 31 O 20
19 602 2 5 25 O 10
3878 603 2 7 34 O 30
5604 1701 2 3 16 O 10
604 605 2 6 32 M 20
3399 609 1 3 15 M 20
3402 612 1 2 7 M 20
611 610 1 2 10 O 10
609 611 1 2 10 O 10
5249 610 1 1 4 O 20
610 3400 1 1 5 O 30
610 612 1 2 10 O 10
612 3403 1 5 23 M 20
3401 5247 1 2 6 O 10
5247 3399 1 2 6 M 30
3399 5249 1 2 6 O 20
5249 3400 1 2 6 M 30
3400 5246 1 2 6 O 20
5246 5248 1 1 4 O 30
5248 3401 1 2 6 O 20
611 3402 1 2 9 O 30
616 617 2 3 13 O 20
618 619 2 3 13 O 10
3125 3937 2 41 225 O 30
3937 2673 2 4 20 M 10
622 620 2 7 34 O 10
621 8 2 21 114 M 10
2563 1282 2 42 230 O 30
5570 586 2 6 29 O 30
5733 623 2 46 255 O 30
3138 2975 1 4 0 C 0
4312 3137 1 5 0 C 0
625 2495 1 8 42 O 10
3978 2484 2 14 72 O 20
1248 5973 1 10 0 C 0
3562 4695 1 4 0 C 0
6194 6196 1 6 0 C 0
438 5612 2 1 0 C 0
815 6194 1 1 0 C 0
3132 2570 1 3 0 C 0
4131 626 2 20 111 M 10
627 2312 1 16 0 C 0
628 3800 2 3 13 O 30
6073 629 2 16 88 O 20
3412 630 2 30 0 C 0
5887 3816 2 5 0 C 0
632 6314 1 8 0 C 0
6286 297 1 22 0 C 0
2042 4152 1 3 0 C 0
635 111 2 11 0 C 0
634 635 2 2 0 C 0
4729 552 1 3 12 O 20
5238 2593 2 9 0 C 0
2593 2771 2 19 0 C 0
219 5240 2 11 0 C 0
1069 6330 2 11 60 O 10
255 3000 1 4 0 C 0
3000 21 1 9 0 C 0
21 5129 1 2 0 C 0
5129 5376 1 1 0 C 0
2471 107 2 7 0 C 0
1359 4613 2 4 0 C 0
2730 2729 2 41 227 O 30
5042 3447 2 24 132 O 20
3447 3446 2 25 134 O 10
3446 3448 2 19 103 O 10
3448 3450 2 14 78 O 10
3450 3449 2 19 105 O 10
3449 2841 2 9 50 O 10
2841 3233 2 29 158 O 10
3233 3453 2 13 71 O 10
3453 3451 2 20 110 O 20
1300 2767 2 3 14 O 20
640 2051 1 2 0 C 0
2875 646 2 14 0 C 0
952 2500 1 8 0 C 0
2500 1976 1 3 0 C 0
642 1978 1 7 0 C 0
643 642 1 8 0 C 0
644 4009 1 3 0 C 0
645 644 1 12 0 C 0
4367 4008 1 7 0 C 0
3822 4543 2 2 0 C 0
4543 3336 2 16 0 C 0
3336 5889 2 2 0 C 0
647 648 2 2 10 O 30
649 650 2 2 10 M 30
651 652 2 2 9 M 10
653 654 2 2 10 O 10
655 656 2 2 10 O 10
657 658 2 2 10 O 30
659 660 2 2 10 O 20
661 662 2 2 10 M 10
663 664 2 2 9 O 20
665 666 2 2 9 O 10
667 668 2 2 7 O 30
669 670 2 2 10 M 30
671 672 2 2 9 O 30
673 674 2 2 9 M 30
675 676 2 2 9 O 10
677 4793 2 2 9 M 10
678 679 2 2 10 O 30
680 681 2 2 9 O 20
682 683 2 2 10 O 20
684 685 2 2 9 O 10
686 687 2 2 9 O 10
689 690 2 5 25 O 20
691 692 2 6 30 O 10
693 694 2 5 23 O 10
695 696 2 8 39 M 30
697 698 2 2 10 O 30
699 700 2 2 10 O 20
701 702 2 2 10 O 30
703 704 2 3 12 O 20
705 706 2 2 8 O 30
707 708 2 2 8 O 20
709 710 2 2 8 O 20
711 712 2 2 8 M 20
713 714 2 2 9 O 30
715 716 2 2 9 O 10
717 718 2 2 10 O 10
719 720 2 2 10 M 10
721 688 2 4 22 O 30
722 723 2 3 16 O 10
724 725 2 3 15 O 30
726 727 2 2 10 O 20
728 729 2 2 10 M 30
730 731 2 2 10 O 20
732 733 2 3 14 M 30
734 735 2 3 13 O 30
736 737 2 3 16 M 20
738 739 2 5 23 O 20
740 741 2 3 15 M 10
742 743 2 2 9 O 30
744 745 2 3 13 O 30
746 747 2 3 13 M 20
748 749 2 3 16 O 10
750 751 2 5 25 O 10
6156 752 2 5 27 O 10
5430 5434 1 9 46 M 10
5330 5792 1 5 25 O 20
1093 753 1 17 94 M 20
6192 6193 1 1 0 C 0
2506 754 2 4 0 C 0
5743 514 2 7 0 C 0
757 756 2 2 6 O 30
756 755 2 2 6 O 10
760 759 2 2 11 O 30
571 5573 2 7 35 O 20
3646 571 2 39 215 O 30
3050 5573 2 6 29 O 30
5683 5408 2 7 37 O 30
5408 3404 2 11 59 O 30
5408 758 2 2 10 O 10
3667 761 1 9 0 C 0
762 5327 1 4 0 C 0
6027 4844 2 13 0 C 0
4844 6026 2 10 0 C 0
3728 3360 1 9 0 C 0
2973 5553 2 10 0 C 0
1957 5099 1 7 0 C 0
4888 3998 1 9 0 C 0
765 766 2 2 10 O 30
5446 1049 2 7 34 M 10
1049 4651 2 15 80 O 30
4659 4176 2 11 56 O 10
767 2044 1 4 0 C 0
2041 5136 1 15 0 C 0
396 5135 1 6 0 C 0
768 395 1 17 0 C 0
5139 768 1 25 0 C 0
5135 2040 1 13 0 C 0
71 769 2 1 5 O 30
769 770 2 1 3 O 30
981 5343 1 3 11 M 30
3855 3250 2 5 24 O 10
3239 4194 1 12 66 O 10
4288 5539 2 16 88 O 30
772 5554 2 4 20 O 20
5554 3630 2 6 33 M 20
773 3637 1 2 9 O 10
3637 1666 1 1 4 O 30
1666 4183 1 6 30 O 10
774 3378 2 6 28 O 30
3378 3172 2 22 118 O 10
775 6178 2 6 0 C 0
5176 242 2 2 9 O 30
776 4056 2 19 102 O 10
2801 2800 2 3 14 O 30
2567 777 2 2 10 O 10
1376 778 2 6 32 O 10
2495 5830 1 12 66 M 20
780 781 2 6 30 O 20
3004 2798 2 16 86 O 10
3002 3007 1 8 44 O 30
3007 3006 1 8 41 O 20
3012 782 2 11 60 O 10
782 783 2 3 14 O 10
783 3012 2 3 14 M 20
4415 784 2 8 41 O 30
3938 785 2 11 59 O 30
215 786 2 3 0 C 0
786 787 2 4 0 C 0
2046 2059 1 9 0 C 0
546 2165 2 20 109 M 10
2371 6281 1 2 0 C 0
2371 3777 2 3 0 C 0
3777 791 2 2 0 C 0
4933 6277 1 3 0 C 0
4473 792 1 16 0 C 0
3999 793 1 6 0 C 0
794 4004 1 2 0 C 0
4004 1981 1 12 0 C 0
1981 4005 1 8 0 C 0
795 796 2 2 9 O 30
2284 797 1 10 0 C 0
23 798 1 13 0 C 0
800 1969 1 17 0 C 0
1971 2210 1 11 0 C 0
801 2479 1 16 0 C 0
802 1974 1 14 0 C 0
803 2205 1 3 0 C 0
4136 4542 1 25 0 C 0
804 4779 1 25 0 C 0
4570 804 1 54 0 C 0
805 3660 1 6 0 C 0
5560 5561 1 8 43 O 10
4730 806 1 4 21 O 10
807 4728 1 5 26 O 10
807 4729 1 4 19 M 20
808 6270 1 15 79 O 20
2589 5778 1 8 42 O 30
809 810 1 14 75 O 30
5455 4979 2 12 62 O 10
811 5283 2 6 33 O 20
812 3191 2 9 50 O 30
6195 815 1 1 0 C 0
4303 816 1 1 0 C 0
817 1989 1 13 0 C 0
819 2190 1 44 241 O 30
822 821 1 3 16 O 10
820 819 1 4 22 O 20
821 820 1 3 13 O 10
818 822 1 3 14 O 30
3021 4682 2 4 0 C 0
4683 823 2 6 0 C 0
4681 863 2 9 0 C 0
825 4681 2 6 0 C 0
948 3662 2 6 0 C 0
829 1271 1 2 6 O 20
1115 1118 1 18 95 O 30
6239 2845 1 6 29 M 30
831 4172 2 1 5 O 10
832 3888 2 19 105 O 20
833 4141 1 12 66 M 10
1113 834 1 10 53 O 20
5528 5526 2 10 51 M 20
835 5463 2 5 27 O 10
5462 836 2 30 162 M 20
837 5465 2 6 30 O 20
5539 838 2 8 41 O 10
5538 839 2 9 45 O 30
840 3928 2 5 23 M 30
841 5831 2 4 18 O 10
578 850 1 2 0 C 0
851 2158 1 4 0 C 0
2148 848 1 3 0 C 0
847 2148 1 3 0 C 0
850 846 1 1 0 C 0
853 851 1 1 0 C 0
2141 2139 1 3 0 C 0
2139 2137 1 3 0 C 0
2137 2140 1 3 0 C 0
846 847 1 2 0 C 0
847 848 1 2 0 C 0
848 849 1 1 0 C 0
849 852 1 2 0 C 0
852 853 1 1 0 C 0
1903 4757 1 2 8 O 10
4757 4758 1 5 23 O 10
4758 5822 1 3 13 O 30
5822 4759 1 2 10 M 10
4772 5106 1 1 1 O 30
5106 5963 1 2 8 O 20
4773 6219 1 2 10 O 20
6219 2855 1 1 1 O 20
2855 2854 1 3 11 O 30
2854 5296 1 1 1 O 30
5296 4772 1 3 14 O 30
487 489 1 3 0 C 0
489 488 1 3 0 C 0
488 5030 1 2 0 C 0
5030 490 1 2 0 C 0
3270 3985 2 9 0 C 0
2160 2159 1 2 8 O 30
2159 2161 1 3 13 O 30
350 2160 1 2 7 O 10
3483 3484 1 2 6 O 10
3482 2166 1 3 12 O 30
5961 3483 1 2 8 O 10
4699 2745 2 2 0 C 0
2745 2749 2 18 0 C 0
2749 4624 2 10 0 C 0
4624 2482 2 13 0 C 0
511 858 1 6 32 O 10
859 6334 1 4 0 C 0
860 2968 1 3 0 C 0
2968 861 1 3 0 C 0
1841 862 1 4 0 C 0
5103 856 1 4 0 C 0
857 4383 2 4 0 C 0
863 824 2 2 0 C 0
419 4470 1 8 42 M 30
3708 864 2 5 28 O 20
2070 5039 1 1 0 C 0
3578 3579 1 3 13 O 20
3577 5306 1 2 7 O 10
1179 1180 1 2 10 O 10
1168 866 1 7 36 O 30
1169 5144 1 1 3 M 10
5144 1922 1 7 39 M 20
4020 871 2 10 53 O 20
4904 497 2 7 36 O 10
1845 867 1 15 0 C 0
868 3148 1 2 0 C 0
3148 1844 1 6 31 O 10
869 4163 2 5 0 C 0
870 1845 1 6 0 C 0
63 5202 1 8 0 C 0
872 4904 2 5 23 O 30
871 872 2 3 17 M 10
873 4158 2 2 8 O 30
874 873 2 5 24 O 10
875 4157 2 2 10 M 30
876 5987 1 5 24 O 20
6314 283 1 2 0 C 0
5620 877 2 6 28 O 30
3063 3062 1 2 9 O 20
3062 2665 1 2 10 O 30
2665 3442 1 2 10 O 20
4700 4703 1 2 10 O 30
4703 4701 1 2 10 M 20
4702 4700 1 2 10 O 20
4701 415 1 2 8 O 20
878 5911 1 8 42 O 10
880 5170 1 7 38 O 10
879 880 1 5 26 O 30
5170 881 1 15 81 O 20
522 882 1 9 45 O 30
883 2368 1 4 0 C 0
5702 5703 1 2 11 O 10
5701 5702 1 3 13 O 30
5703 5679 1 2 9 O 30
884 511 1 6 32 O 10
6145 885 2 6 0 C 0
886 5820 2 4 0 C 0
2757 2755 1 2 0 C 0
2753 2750 1 2 0 C 0
2750 2751 1 1 0 C 0
4853 4852 1 2 0 C 0
4852 4854 1 1 0 C 0
3433 3434 1 4 17 M 30
3434 3435 1 3 13 O 10
2614 3433 1 3 13 O 30
3435 3436 1 1 3 O 30
5105 888 2 4 17 O 30
888 887 2 3 13 O 10
328 329 1 2 0 C 0
329 330 1 2 0 C 0
892 964 2 3 15 O 10
579 889 1 5 24 O 10
889 5829 1 9 47 O 20
893 891 2 5 23 O 30
891 892 2 4 21 O 30
523 893 2 4 18 O 20
896 895 2 8 43 O 10
2993 898 2 6 0 C 0
898 284 2 4 0 C 0
901 1829 2 7 0 C 0
899 901 2 9 0 C 0
900 899 2 1 0 C 0
903 3276 2 26 0 C 0
902 903 2 3 0 C 0
904 905 1 8 39 O 20
905 908 1 5 23 O 20
906 2545 2 6 30 O 20
4051 907 2 11 57 O 30
910 911 2 21 113 O 20
912 913 2 2 10 O 30
913 4058 2 11 57 M 10
913 914 2 4 21 O 20
914 915 1 24 133 O 30
915 916 1 3 13 O 10
916 914 1 3 16 O 20
917 926 2 4 20 M 20
926 924 2 6 33 M 20
924 918 2 6 28 O 30
919 918 2 8 40 M 30
918 920 2 11 57 M 30
921 922 2 18 96 O 30
923 924 2 6 32 M 20
925 926 2 5 23 M 30
927 928 2 13 67 O 20
930 929 2 18 97 O 30
931 932 2 5 25 O 20
932 933 2 16 85 O 10
934 932 2 10 52 M 30
935 303 2 2 6 O 10
943 937 2 4 20 O 30
937 938 2 2 10 O 10
939 941 2 3 15 O 20
941 940 2 3 14 O 20
941 943 2 7 37 O 10
943 942 2 2 9 M 10
936 943 2 3 13 O 20
935 936 1 3 13 M 30
944 937 2 8 43 O 30
4273 948 2 2 0 C 0
4934 6276 1 2 0 C 0
5063 949 1 8 0 C 0
1237 1973 1 38 0 C 0
950 4034 1 19 0 C 0
951 2255 1 25 0 C 0
2364 3930 2 30 0 C 0
3930 5104 2 8 0 C 0
2536 2537 1 4 0 C 0
3291 2536 1 3 0 C 0
641 952 1 9 0 C 0
3727 953 1 10 0 C 0
57 954 1 8 0 C 0
6287 955 2 37 0 C 0
2742 2972 2 17 0 C 0
2735 956 2 7 0 C 0
957 4055 2 8 44 O 20
958 957 2 1 4 O 10
959 958 2 8 43 O 20
960 961 2 3 15 O 10
4701 962 2 17 92 O 30
3580 3577 1 5 22 O 20
4648 3921 1 28 0 C 0
5348 5999 1 6 0 C 0
964 4625 2 3 16 M 10
2402 2400 1 3 0 C 0
6238 4953 1 2 9 O 30
4953 5035 1 1 1 O 10
5035 4954 1 2 10 O 30
4954 6235 1 1 1 M 30
6234 6238 1 2 10 O 10
6235 4952 1 2 7 O 20
2144 2146 1 2 8 M 10
2146 3284 1 2 10 O 20
3284 2145 1 2 9 M 30
570 966 2 1 2 O 30
966 967 2 2 7 O 10
968 969 2 2 6 O 30
969 569 2 1 3 O 20
5368 5366 1 2 10 M 30
5366 5369 1 3 12 O 10
5369 5367 1 2 11 O 20
970 421 2 2 8 O 30
2551 2553 1 2 10 O 30
2553 2552 1 3 11 O 10
2552 2550 1 3 11 O 20
2550 3422 1 2 7 O 30
5731 1298 1 7 33 O 20
5735 978 2 3 14 M 20
978 5734 2 7 37 M 30
5734 5731 2 4 21 O 30
5731 428 2 17 94 O 30
979 978 1 5 27 O 20
418 980 2 6 0 C 0
4591 981 1 1 4 M 10
1819 982 2 4 0 C 0
983 1831 2 11 0 C 0
984 3864 2 6 29 M 20
3657 5962 1 1 0 C 0
3074 5043 1 2 0 C 0
5043 3657 1 2 0 C 0
986 985 1 2 7 O 10
988 987 1 1 3 O 10
1843 988 1 4 18 M 10
987 986 1 2 7 M 30
985 1843 1 4 17 M 30
990 989 1 3 11 O 30
989 4822 1 2 10 M 20
992 1270 2 2 7 O 20
992 4175 1 8 41 M 30
993 994 1 5 0 C 0
993 4816 2 7 0 C 0
995 1005 1 1 0 C 0
994 996 1 4 0 C 0
996 995 1 8 0 C 0
1001 1000 1 3 13 O 10
1000 1002 1 9 49 O 20
2674 998 1 3 16 O 30
1002 5728 1 3 11 O 20
999 1276 2 1 2 O 20
1001 997 1 5 24 M 10
998 1001 1 5 24 O 10
2674 1002 1 6 30 O 10
1000 2674 1 6 29 O 10
999 1001 1 8 44 O 30
1003 1004 2 4 18 O 30
1005 1006 1 6 0 C 0
3934 1008 2 2 0 C 0
4617 3384 1 4 18 O 20
3384 3383 1 3 13 O 20
4484 4485 1 2 9 O 10
4485 5858 1 2 7 O 30
4482 4483 1 2 10 O 20
4483 4484 1 2 9 O 10
1009 1010 2 15 81 O 30
1010 1011 2 10 54 M 30
1012 2097 1 5 24 O 10
1013 1012 1 5 23 O 10
5847 1015 2 1 4 O 10
1014 1016 2 1 3 M 10
1017 1018 2 11 57 O 10
1020 1019 2 17 92 O 30
1023 1024 2 13 67 O 30
1024 2560 2 3 13 O 20
1025 1026 2 9 49 M 20
1026 4864 2 6 32 O 30
1028 1027 2 8 42 M 30
6330 1028 2 6 32 O 10
1029 1362 2 9 45 M 30
1296 938 2 7 36 O 30
938 1030 2 2 8 O 20
1031 4804 1 11 0 C 0
1032 1031 1 13 0 C 0
1033 4512 2 4 17 O 20
1034 1035 2 3 14 O 20
1036 1039 2 14 75 O 30
1039 1037 2 8 41 O 30
1038 1039 2 13 72 O 30
1040 1041 2 9 47 O 20
1042 1043 2 11 57 M 10
1047 1045 2 2 11 O 10
1045 1046 2 3 14 M 30
1048 1049 2 9 47 O 20
577 1050 2 10 50 O 20
1051 2291 2 15 78 O 30
1052 1053 2 9 47 O 10
1054 1055 2 6 28 O 30
1056 1057 2 9 46 M 10
1058 1059 2 4 21 M 10
1060 1061 2 13 69 M 10
1062 1063 2 9 46 O 30
1068 1067 2 17 90 O 30
763 1071 2 1 5 O 10
3520 1069 2 1 2 O 30
1070 3527 2 1 4 O 30
3527 3520 2 3 12 O 10
4775 4774 2 3 14 M 10
4258 774 2 6 32 O 30
5318 2071 2 2 0 C 0
272 5356 2 2 0 C 0
5038 3991 1 5 0 C 0
5037 1072 1 8 0 C 0
1072 3671 1 4 0 C 0
1074 1853 1 9 48 M 20
1855 1073 1 12 64 M 10
4540 2793 1 5 0 C 0
2793 3565 1 1 0 C 0
4541 4540 1 3 0 C 0
3569 3358 1 3 0 C 0
3358 3568 1 3 0 C 0
3568 3566 1 2 0 C 0
3566 3567 1 1 0 C 0
1075 1076 2 10 51 O 30
2713 4747 2 4 0 C 0
4747 4900 2 6 0 C 0
4900 2595 2 10 0 C 0
2595 2712 2 3 0 C 0
2712 4054 2 10 0 C 0
4040 3814 2 6 0 C 0
3814 2731 2 15 0 C 0
4450 2108 1 1 3 O 20
1081 5700 1 28 153 O 30
5525 3967 1 6 0 C 0
6204 6205 1 6 0 C 0
1084 5214 1 4 21 O 20
1089 1090 2 7 33 O 10
1123 1124 2 7 34 O 10
3655 3981 1 16 86 O 10
3981 3982 1 9 45 M 20
1125 1126 2 7 37 O 10
1127 1128 2 8 40 O 30
1951 1129 2 1 5 O 30
5310 5309 1 14 76 O 20
5309 5311 1 8 41 O 30
5856 5857 1 3 16 M 10
5857 3410 1 15 83 M 30
1130 1131 2 2 6 M 30
4256 2167 1 5 24 O 30
1132 2166 1 5 26 O 30
5960 3483 1 4 21 O 10
5960 5961 1 4 18 O 10
3482 1132 1 5 26 O 20
3484 4256 1 5 27 O 10
2167 3482 1 1 3 O 30
2166 5961 1 1 5 M 10
1133 1134 1 3 12 O 10
764 1133 1 2 8 O 10
1134 4806 1 2 10 O 10
312 5610 1 2 0 C 0
1137 3829 1 3 0 C 0
3829 1138 1 6 0 C 0
5755 1137 1 5 0 C 0
1139 45 1 3 0 C 0
1141 1140 1 2 0 C 0
1140 1142 1 2 0 C 0
1142 1141 1 4 0 C 0
1142 6124 2 19 0 C 0
5333 1143 2 33 181 O 10
3579 3580 1 3 15 O 20
1367 318 2 10 56 O 10
1147 1148 2 17 89 O 20
5084 1149 2 19 100 O 10
624 3538 1 2 0 C 0
2319 2804 1 5 0 C 0
4768 313 1 7 0 C 0
4768 1150 1 3 0 C 0
542 4920 1 2 0 C 0
2808 1151 1 2 0 C 0
1151 3138 1 3 0 C 0
2975 545 1 3 0 C 0
545 544 1 7 0 C 0
4250 1152 1 5 0 C 0
1158 1153 1 20 0 C 0
1153 1154 1 2 0 C 0
544 543 1 3 0 C 0
543 1155 1 14 0 C 0
1155 633 1 2 0 C 0
1966 1156 1 1 0 C 0
1156 1157 1 2 0 C 0
1159 1158 1 2 0 C 0
1966 1159 1 1 0 C 0
1164 1165 2 2 9 O 10
1165 1166 2 2 9 M 20
1181 1182 2 4 19 O 10
1183 1184 2 3 16 M 30
1187 1188 2 5 26 O 10
1185 1186 2 4 22 O 10
1190 1185 2 2 6 O 20
1189 1190 2 2 6 O 30
1191 1189 2 2 10 O 30
1184 1191 2 1 2 O 10
1162 1163 2 3 15 O 20
1197 1198 2 3 14 O 10
1198 1916 2 18 98 O 20
6210 986 1 9 49 O 10
1922 1167 1 8 42 O 10
1167 1168 1 3 13 O 30
1170 1169 1 3 14 O 20
1923 1170 1 2 6 O 30
866 1171 1 12 67 O 20
1171 1172 1 2 8 O 20
1173 1923 1 18 97 O 30
1174 1173 1 2 9 O 30
394 1175 1 10 50 O 10
1175 1083 1 3 11 O 20
1172 1921 1 15 81 O 10
1921 1176 1 3 11 O 20
2171 1178 1 3 15 O 10
1178 1177 1 2 9 O 10
865 1179 1 3 12 O 30
1180 1919 1 2 9 O 20
2855 5073 1 2 8 O 20
5073 1192 1 3 12 M 20
1193 2854 1 2 10 M 20
1194 1193 1 3 14 O 20
1196 1195 1 3 12 M 10
3948 1196 1 1 2 O 10
1199 1200 2 4 19 O 20
1200 1201 2 8 39 O 30
1202 1200 2 5 23 O 30
1207 1203 2 2 10 M 10
1206 1205 2 2 8 O 20
1205 1204 2 1 3 O 20
1203 1205 2 3 11 O 30
3632 1218 2 3 12 O 10
1218 1212 2 2 11 M 30
1212 1215 2 2 6 O 20
1215 1217 2 2 7 O 10
1217 1208 2 2 9 O 20
1208 1209 2 2 9 O 20
4192 459 2 2 7 O 10
1215 1216 2 2 6 M 30
1217 1210 2 2 6 O 10
1218 1219 2 1 5 O 30
1220 1221 2 4 20 O 10
1221 1223 2 10 51 O 10
1223 1222 2 3 12 O 30
1223 1224 2 4 19 O 10
1221 1225 2 3 16 O 20
5844 1226 2 5 27 O 30
2307 1227 2 2 8 O 20
1228 1229 2 2 8 O 30
1230 1231 2 1 3 O 10
398 399 1 7 38 O 30
399 397 1 1 5 O 10
349 4254 1 4 20 O 20
1160 3890 2 3 13 O 30
1233 1232 2 4 18 O 20
1238 1950 2 2 11 O 30
1241 3059 2 4 18 O 10
1244 1243 2 5 27 O 20
460 4092 2 2 6 M 10
1245 1246 2 7 38 O 20
854 4982 2 2 6 M 20
6106 597 2 16 88 M 30
1251 1252 2 5 26 O 30
4678 5226 1 4 0 C 0
2404 4679 1 5 0 C 0
4679 2401 1 5 0 C 0
2401 4678 1 1 0 C 0
5634 5635 1 3 15 O 20
1458 1469 2 1 5 O 20
1469 1255 2 5 27 O 20
5635 1256 1 1 5 O 10
5636 1257 1 3 12 O 10
4949 625 1 24 129 O 10
1258 5830 1 2 9 O 20
5428 1394 1 13 69 O 30
1392 6256 1 24 130 O 10
904 2545 2 2 8 O 20
4051 1298 2 3 15 O 30
2545 4051 2 2 10 O 30
1289 1290 1 7 38 O 30
1291 1289 1 9 49 O 10
1211 1212 2 2 7 O 30
1214 5363 2 1 5 M 30
1302 1303 1 6 32 O 20
1304 1305 2 4 17 O 20
1306 1307 2 1 2 M 30
829 6188 1 2 8 O 10
6244 2448 1 6 29 O 20
1396 2449 1 12 66 O 20
1313 1314 1 12 65 M 10
169 1312 1 17 90 O 30
1312 5426 1 11 60 O 20
1318 1316 2 7 35 M 10
408 1318 2 2 7 O 30
1273 1319 2 18 98 O 20
3801 277 2 11 59 M 10
277 3488 2 1 5 O 20
3488 6138 2 11 57 O 20
5706 1320 2 18 96 O 10
1321 3959 1 5 27 M 20
5383 1322 2 6 28 O 30
1323 5694 2 37 203 O 10
1325 1324 1 4 21 O 20
5208 1325 1 22 118 O 10
4119 1107 1 9 45 O 10
5563 3974 1 2 8 O 30
1144 1145 2 2 9 O 10
1329 4889 1 11 0 C 0
1330 3994 1 8 0 C 0
4885 261 1 8 0 C 0
261 3995 1 8 0 C 0
170 1088 1 16 86 M 10
844 2296 2 2 9 O 20
6162 1301 2 2 0 C 0
304 6325 2 2 10 O 10
1333 5946 2 6 32 O 20
897 1335 1 7 39 O 30
1336 1337 2 9 45 O 20
1338 1339 2 12 61 O 10
1341 1342 2 6 33 O 20
1343 1374 2 2 11 O 30
1260 1080 1 34 188 O 20
1374 1344 2 2 6 O 30
1381 1465 2 4 17 O 30
1465 1380 2 4 17 O 30
291 3488 2 2 8 M 10
4957 1382 2 4 20 O 10
1384 1383 2 5 25 O 30
1385 1386 2 3 12 O 20
592 1387 1 7 37 O 20
1388 591 1 7 36 O 30
1389 471 1 9 48 O 10
2097 1390 1 9 49 O 30
6288 4783 2 4 19 O 20
1397 4782 2 2 8 O 30
1398 1399 2 6 29 O 20
1400 2103 2 3 12 M 30
1418 1406 2 1 5 M 20
1426 1412 2 1 5 M 10
1417 1405 2 1 5 M 20
1416 1404 2 1 5 O 30
1415 1403 2 1 5 O 30
1414 1402 2 1 5 O 20
1419 4214 2 1 5 O 10
1420 4214 2 2 6 O 20
1421 1407 2 2 6 M 30
1422 1408 2 1 5 O 20
1423 1409 2 1 5 O 30
1424 1410 2 1 5 O 20
1425 1411 2 1 5 O 30
1413 1401 2 2 7 O 20
1427 5014 2 1 2 O 20
3072 1428 2 1 4 O 30
1429 1430 2 1 3 M 10
1431 5017 1 2 8 O 10
5016 1432 1 2 8 M 30
3843 1433 2 2 10 O 30
1434 3843 2 2 11 O 20
375 1435 1 8 40 O 10
1435 1468 1 9 48 O 30
1468 1467 1 7 37 O 20
1436 2442 1 5 24 O 20
2443 2442 1 2 9 O 30
5421 6245 1 19 102 O 10
1082 5421 1 3 11 O 30
1267 5420 1 20 108 O 30
1267 1392 1 2 8 M 20
1960 1393 1 2 7 M 20
3872 1242 1 27 145 O 10
5427 5428 1 35 190 O 30
165 1395 1 2 11 M 10
165 1396 1 2 7 O 20
1291 5206 1 10 55 M 20
1105 1963 1 8 44 M 20
158 359 1 8 39 O 30
5559 4295 1 2 10 M 10
5796 1265 1 51 279 O 30
1394 169 1 2 7 O 30
6263 771 1 2 10 O 10
771 6251 1 2 11 O 20
1438 6264 1 2 9 O 20
6256 3917 1 13 72 M 20
1261 6273 1 2 6 O 10
1439 6273 1 2 6 O 30
1960 1439 1 19 105 O 30
1263 1262 1 29 157 O 20
5424 1959 1 10 55 O 10
1440 5908 1 18 99 O 20
5908 566 1 2 11 O 20
3072 4644 2 2 11 O 20
4644 1441 2 3 13 O 30
1442 4039 2 4 19 O 20
1262 1261 1 16 85 O 30
1080 1081 1 6 29 O 10
1447 2588 1 2 6 O 10
1445 5907 1 4 21 M 10
1443 3639 1 1 3 O 30
1444 3639 1 1 3 O 10
6222 1444 1 6 28 O 20
1445 1446 1 2 9 O 30
3963 3964 1 14 72 O 20
2588 3963 1 4 20 O 30
3968 2588 1 5 26 O 30
1450 1451 2 2 9 O 10
1449 1448 2 2 9 O 10
1453 1452 2 2 9 O 10
1452 2301 2 2 6 O 20
3853 6215 1 3 16 O 10
1454 1455 2 4 22 O 20
1454 1456 2 4 19 O 30
1254 1467 2 2 9 M 20
1467 1458 2 3 14 O 10
4325 4320 1 4 21 O 10
4320 4321 1 7 34 O 10
4324 4323 2 4 19 O 30
1461 1462 2 4 18 M 20
1460 1459 2 3 12 M 20
1463 1464 2 8 40 O 10
1465 1466 2 6 29 O 20
1469 1468 1 4 18 O 30
1255 1470 2 9 47 O 30
3397 1472 2 3 15 O 30
1472 1473 2 8 41 O 10
1473 1474 2 1 3 M 20
1475 1476 2 1 5 O 20
1476 1477 2 4 19 M 10
1477 1472 2 5 25 O 30
1477 1478 2 4 18 O 30
2989 1479 2 3 14 M 20
2491 5867 1 3 13 O 20
4317 2491 1 9 49 O 10
5867 4317 1 8 43 O 30
1483 1484 2 9 47 O 10
1484 1522 2 4 17 O 20
1485 1486 2 4 18 O 10
1486 1340 2 3 16 O 10
1492 1487 2 3 12 O 30
1488 1489 2 3 15 O 20
1490 1491 2 4 18 O 30
1491 1521 2 4 17 O 20
1493 1494 2 9 49 O 20
1495 1496 2 4 19 O 10
1497 1498 2 3 12 M 20
1499 1500 2 3 12 O 30
1501 1502 2 4 17 O 10
1503 1504 2 6 29 O 20
1505 1506 2 2 10 M 10
1507 1508 2 9 49 O 10
1509 1510 2 3 15 O 20
1511 1512 2 2 10 O 10
1513 1514 2 6 32 O 30
1527 1515 2 4 17 M 10
1515 1516 2 6 31 O 30
1517 1518 2 3 16 O 10
1519 1520 2 3 14 M 30
1523 1524 2 4 19 O 20
1526 1525 2 4 19 O 10
1529 1528 2 5 23 M 30
1530 1531 2 3 14 O 20
1532 1533 2 7 36 O 10
1534 1535 2 6 31 O 20
1536 1537 2 6 29 O 10
1538 1539 2 8 41 O 20
1540 5290 2 5 23 O 20
1541 5994 2 6 30 O 30
1542 1543 2 10 52 O 30
1544 1545 2 3 12 O 30
1546 1547 2 7 33 O 30
1548 1549 2 3 16 O 30
1550 1551 2 4 20 O 30
1552 1553 2 3 16 O 30
1554 1555 2 5 27 O 10
1556 1557 2 2 11 O 10
1558 1559 2 3 16 O 30
1553 1560 2 3 12 O 10
1561 1562 2 3 16 O 20
1563 1564 2 3 16 O 20
1565 1566 2 5 24 O 30
1567 1568 2 4 19 O 30
1569 1570 2 11 61 O 30
1571 1572 2 4 19 O 10
1573 1574 2 3 11 O 30
1582 1575 1 15 80 O 10
1575 1577 1 9 46 O 20
1576 1583 1 15 80 M 10
1578 1576 1 9 45 M 10
1579 4293 1 13 71 O 30
4292 1580 1 13 71 O 20
1584 5430 1 15 79 O 30
1580 1582 1 6 31 O 30
1583 1579 1 6 31 O 10
1581 1584 1 6 31 O 10
1073 1585 1 41 226 O 10
1589 1591 1 21 112 O 10
1593 1590 1 21 112 O 30
1585 1588 1 17 89 O 20
1586 1589 1 17 90 M 30
1590 1587 1 17 91 O 10
1591 3873 1 11 57 O 10
1592 5433 1 11 56 M 10
3874 1593 1 11 58 O 30
1594 1595 2 4 20 O 20
1596 1597 2 9 47 M 20
1598 1599 2 2 10 M 30
1601 1600 2 3 16 O 10
1603 1604 2 8 42 O 30
1604 1602 2 1 5 O 30
1604 1605 2 1 5 O 20
1606 1607 2 6 32 O 30
1608 1609 2 4 17 O 30
1610 1611 2 4 18 O 30
1612 1613 2 8 40 O 10
378 5402 1 13 67 O 10
1614 1615 2 1 4 O 30
4859 1616 2 2 10 O 10
1617 1618 2 3 15 M 20
1619 1620 2 2 10 O 30
1621 1622 2 4 18 M 10
1623 1624 2 4 17 O 20
1625 1626 2 3 16 O 30
1627 1628 2 9 46 O 10
1629 1630 2 5 23 O 20
1631 1632 2 3 14 M 20
1633 1634 2 4 17 O 30
1635 5392 2 3 14 M 30
1636 1637 2 2 10 O 10
2003 3118 1 5 0 C 0
1638 1640 2 2 9 O 20
1639 1641 2 3 16 O 30
1646 1647 2 2 7 O 10
1651 1767 2 1 5 O 10
1653 1654 2 3 15 M 10
1470 1471 2 4 18 O 20
4288 1657 2 3 12 O 20
3151 1659 2 5 0 C 0
1660 2611 2 4 21 O 20
3471 1661 2 6 28 O 20
1662 188 2 2 9 O 30
188 187 2 4 21 O 20
187 190 2 4 17 O 10
190 3472 2 4 18 O 10
3472 2612 2 18 99 O 30
2612 1663 2 11 58 O 30
1663 2613 2 4 19 O 30
2613 3433 2 17 90 M 10
1664 425 2 3 16 O 10
425 433 2 12 65 O 10
433 3530 2 3 12 M 10
3529 1665 2 24 130 O 10
1666 1667 2 8 41 O 20
1673 1672 1 1 3 O 20
1672 1669 1 2 8 M 10
1669 1668 1 1 5 O 20
1669 1670 2 1 5 M 30
1671 1672 2 1 5 O 30
1674 1675 2 4 18 O 30
1678 1679 2 2 6 M 30
1680 1681 2 3 12 O 20
1682 1683 2 3 12 O 10
1684 1685 2 3 12 O 20
1686 1687 2 3 16 O 10
1688 1689 2 3 12 O 20
1690 1691 2 2 10 O 10
1692 1693 2 3 13 O 10
1694 1697 2 2 11 O 10
1697 1695 2 9 45 O 30
1696 1697 2 1 3 O 20
1698 5399 2 2 11 M 30
1699 1700 2 3 15 O 10
1239 347 1 1 2 O 30
346 400 1 1 2 O 10
1703 1702 2 2 6 O 30
1676 1677 2 2 6 O 30
1642 1645 2 2 7 O 10
1648 1649 2 2 7 O 20
1706 1705 2 1 5 O 30
5371 1707 2 2 7 O 20
5444 1708 2 2 6 O 10
1708 1709 2 1 4 O 10
1065 1064 2 2 10 M 20
1710 1711 2 2 9 M 30
5787 3852 1 20 109 O 30
1712 5146 1 1 2 M 20
1713 1718 1 6 28 M 30
1719 5147 1 25 136 O 10
4290 1720 1 9 47 O 20
1716 3875 1 7 34 O 20
1717 3876 1 5 24 O 20
1718 3876 1 5 25 M 10
1714 1719 1 5 27 O 30
1720 1715 1 5 27 O 20
1721 1716 1 6 28 O 20
1722 6206 2 9 0 C 0
1723 98 2 16 0 C 0
3143 1725 2 10 0 C 0
1725 1724 2 6 0 C 0
98 1744 2 4 0 C 0
3812 4284 1 4 0 C 0
1728 1726 1 4 0 C 0
3926 6105 2 14 0 C 0
5567 1730 2 3 16 O 10
1732 1733 2 8 43 O 20
2858 1735 2 1 1 O 20
1737 1738 2 2 7 O 30
1739 4071 2 4 18 O 30
1335 4071 1 1 5 O 20
1740 2416 1 13 0 C 0
2417 1741 1 13 0 C 0
1742 4116 1 32 0 C 0
1743 2419 1 49 0 C 0
1744 3303 2 6 0 C 0
3303 5121 2 1 3 O 30
1745 5399 2 1 5 M 10
5399 95 2 8 40 O 20
1902 1746 2 10 0 C 0
2612 1747 2 11 56 O 30
3134 1748 2 3 15 O 20
1749 2716 2 5 26 O 20
1750 93 2 9 46 O 20
1751 6329 2 7 37 O 20
6110 314 2 6 32 M 20
5299 1752 2 42 229 M 10
6120 1753 2 22 122 O 30
1754 1755 2 1 3 O 30
351 1755 1 14 74 O 30
1759 1761 1 16 89 M 30
1761 1756 1 42 232 O 30
1756 1757 1 26 141 M 20
1757 350 1 23 125 O 20
3608 1757 2 2 7 O 10
351 2162 1 1 4 O 10
1760 6223 1 3 15 O 20
6223 990 1 7 38 M 30
990 4822 1 2 6 O 20
2162 350 1 1 5 O 30
1650 845 2 1 4 O 10
1766 4595 2 7 0 C 0
417 3122 2 2 0 C 0
1768 1929 2 1 0 C 0
1929 1928 2 5 0 C 0
1769 1768 2 13 0 C 0
4529 4531 2 5 25 O 20
4531 5521 2 2 11 O 30
595 1770 2 5 26 O 30
148 1259 1 4 22 O 20
5423 1771 1 4 18 O 30
5423 1772 1 3 14 O 20
1773 1082 1 8 44 M 30
1391 1315 1 2 10 O 30
1314 1315 1 2 11 M 20
168 3973 1 8 40 O 10
6262 1774 1 9 45 O 10
4124 6253 1 3 11 M 10
1775 1776 2 2 6 M 30
1777 1778 2 2 6 M 10
1780 1781 1 5 23 O 10
1781 1782 1 3 14 O 10
1779 1780 1 1 4 O 20
1264 1263 1 12 66 M 20
1265 1266 1 33 179 O 20
5786 380 1 18 96 O 30
378 380 1 45 245 M 20
1784 1788 1 24 128 O 30
1785 1786 1 10 51 O 20
1786 1787 1 2 6 O 20
1787 1788 1 3 11 O 10
1788 1789 1 14 75 O 20
1789 1785 1 7 36 O 10
3759 1784 1 3 12 O 10
4385 1818 1 3 13 M 10
1789 1787 1 11 57 M 30
1794 1795 2 8 42 O 10
1796 1797 2 3 13 O 20
5538 1794 1 10 54 O 10
838 1796 2 4 18 O 10
1794 1798 1 9 46 M 10
1798 5538 1 2 7 O 20
1796 5538 2 2 10 M 30
4294 5559 1 32 173 O 10
5559 1437 1 2 8 O 10
1801 1120 1 10 55 O 30
2811 3275 2 37 0 C 0
3275 3497 2 24 0 C 0
1235 3176 2 2 7 O 10
1734 3169 2 2 7 O 10
27 28 2 7 39 M 10
S M L M S L S M L S M L S M L S M L S M S L M L S M M L S L M S L M S L M S L S M L S S M L M S L M S M S L L M L S L S M L S M S L M L M S L M S L
