6053 7096 97200 88 5124 0.5
2052 5037 2 3 0 C 0
2050 5272 2 11 61 O 30
3922 5772 2 24 130 M 10
2025 2031 2 15 81 O 20
5773 3074 2 14 77 O 30
4148 3201 1 8 40 O 30
2997 196 2 5 27 O 30
3296 3297 1 2 0 C 0
3297 968 1 10 0 C 0
968 5463 1 6 0 C 0
3382 5957 2 8 41 O 20
4658 4006 1 4 18 O 20
3062 3375 2 36 199 O 10
2047 426 2 89 489 O 10
709 3577 2 46 252 O 10
3577 2642 2 40 217 M 20
5161 2003 2 36 197 O 30
3384 3577 2 20 111 M 30
2056 294 1 32 178 O 20
1909 4008 1 22 0 C 0
3423 4984 2 32 0 C 0
4984 5361 2 6 0 C 0
3423 4983 2 5 0 C 0
4983 5038 2 26 0 C 0
3413 5447 2 35 0 C 0
5447 5448 2 4 0 C 0
3932 3933 2 17 0 C 0
2438 2443 2 11 58 M 20
4279 2177 1 31 168 O 30
4285 4704 1 24 132 O 30
5795 2680 2 9 49 O 20
2680 3807 2 2 7 O 10
3807 5797 2 7 33 O 20
5797 1620 2 9 46 O 10
1963 1958 2 33 179 O 10
3936 4338 2 32 176 M 30
4338 5201 2 15 82 O 20
398 3877 2 22 0 C 0
409 3178 2 7 36 O 20
3178 408 2 8 43 O 10
3955 5102 2 2 8 M 30
3723 3739 2 11 59 O 30
3739 3740 2 13 72 O 30
3079 3077 2 11 57 O 10
3077 5773 2 33 179 M 10
5773 3072 2 25 137 O 10
3072 4652 2 34 188 O 30
4652 3922 2 6 30 O 10
3922 2025 2 10 56 O 30
2025 2033 2 23 127 M 10
2033 5622 2 5 26 M 20
5622 5625 2 14 77 O 30
5625 4768 2 3 14 O 10
3996 5012 2 13 70 O 20
5012 3997 2 14 74 O 30
3997 2988 2 15 83 O 10
2988 2990 2 15 81 M 30
3996 3081 2 28 151 O 20
3081 1201 2 10 55 O 30
1201 2992 2 15 83 O 20
5591 3999 2 7 38 O 30
2823 257 2 5 27 O 10
257 5285 2 25 137 O 20
5285 1610 2 8 44 O 30
2413 3277 2 6 33 O 10
3277 2414 2 6 30 O 10
2414 5559 2 7 36 O 30
5559 4777 2 23 124 M 10
4777 2418 2 3 12 O 10
2418 2421 2 29 156 M 20
2847 3666 2 16 84 O 30
3666 3668 2 22 121 O 10
3668 1989 2 14 0 C 0
3136 1073 2 14 77 O 20
1073 3669 2 14 73 O 20
3669 3667 2 22 120 O 30
3667 3113 2 17 93 O 30
3112 3679 2 19 0 C 0
3679 3678 2 2 0 C 0
3678 3677 2 19 0 C 0
3675 1307 2 22 0 C 0
3067 5653 2 13 70 O 20
5653 3408 2 14 76 O 30
2512 4058 2 11 60 O 10
2061 2068 2 8 42 M 30
2068 2063 2 11 61 O 10
5996 2069 2 25 137 O 20
4063 2066 2 40 218 O 10
4650 2039 2 9 47 O 20
2039 2040 2 10 54 O 30
2040 4065 2 10 54 O 20
4065 5627 2 11 56 O 20
5627 2035 2 9 49 O 10
2035 2034 2 3 13 O 30
4639 4587 2 4 19 O 10
4587 5846 2 4 19 M 30
5846 4061 2 2 10 O 30
5779 5826 1 25 136 O 30
4995 4994 2 14 73 O 20
4994 1454 2 11 58 O 10
1451 4891 2 12 66 O 10
4891 2329 2 15 83 O 20
1815 1388 2 26 140 O 30
1388 1386 2 42 229 M 10
1386 3981 2 15 79 O 20
3981 3978 2 15 78 O 30
3978 3980 2 13 70 O 30
3980 3979 2 14 76 O 20
3983 2369 1 15 79 M 20
2369 3708 1 12 66 O 10
3708 2373 1 6 32 O 30
2373 4554 1 25 138 O 30
3980 1364 2 40 219 O 30
2844 3665 2 17 0 C 0
3665 2845 2 26 0 C 0
2044 2040 2 57 312 O 10
2040 2841 2 28 153 O 10
3467 3468 1 8 40 O 20
3468 6052 1 1 1 O 30
6052 3467 1 1 1 M 30
2057 2056 2 9 45 O 30
2056 2534 2 8 40 O 30
2058 5257 2 15 83 O 10
5103 2639 1 18 96 M 10
5105 1402 1 82 450 O 10
1084 1142 2 49 0 C 0
1142 1085 2 33 0 C 0
2319 1447 2 24 131 O 30
1447 2335 2 14 77 M 30
2335 2339 2 15 80 O 30
4162 5376 1 17 0 C 0
1259 2856 2 19 0 C 0
2856 1260 2 4 0 C 0
1260 4161 2 15 0 C 0
4161 5876 2 9 0 C 0
5876 1323 2 2 0 C 0
4483 1190 1 8 0 C 0
843 4278 1 27 148 O 30
5541 5964 2 30 0 C 0
5386 4371 2 5 0 C 0
4371 4168 2 20 0 C 0
4421 240 1 38 0 C 0
4634 4635 2 5 25 O 10
4635 4547 2 12 64 O 30
4979 3524 2 17 93 O 30
1581 1502 2 8 41 M 10
1502 4980 2 22 121 O 30
1580 4209 2 10 55 O 30
4209 1697 2 9 49 M 10
1697 1552 2 2 10 O 20
1595 2976 2 10 51 O 20
2976 4204 2 22 122 M 30
4204 4559 2 1 5 M 30
4559 4200 2 7 36 O 30
4559 2981 2 17 92 M 10
4207 1597 1 26 139 O 10
1586 1529 1 11 59 O 30
1529 2972 1 15 78 O 30
2972 1587 1 17 93 O 20
2970 2971 2 3 12 O 10
2971 1543 2 22 120 O 30
1543 2973 2 19 101 O 10
2973 1542 2 2 6 O 10
1542 2974 2 9 47 O 30
1589 1526 2 4 20 O 20
1526 2973 2 18 99 M 10
1779 1780 2 29 0 C 0
1790 4955 2 9 0 C 0
1827 3182 2 21 0 C 0
3182 3183 2 17 0 C 0
1808 4223 2 55 303 O 30
385 5214 2 3 12 M 30
5214 5211 2 2 9 O 30
5211 3692 2 29 160 O 20
1205 2167 1 36 198 O 10
2168 4284 1 24 130 O 30
3938 4280 1 17 94 O 30
5780 490 1 17 94 O 30
4283 2172 1 17 94 O 10
4284 5267 1 34 187 M 20
1796 3905 2 2 8 O 10
3905 2338 2 25 134 O 10
2338 1472 2 65 356 O 10
4297 5847 2 27 148 O 10
5847 2426 2 8 44 O 10
1395 2376 2 25 138 M 10
5196 5197 2 10 55 M 10
5197 4990 2 5 26 O 30
4990 5200 2 14 75 O 30
4338 2613 2 16 84 O 20
2613 962 2 16 84 O 10
962 2659 2 2 8 O 20
2659 2606 2 32 173 M 30
2606 960 2 15 78 M 20
960 2578 2 9 46 O 10
2578 4709 2 13 70 O 10
1308 3545 2 3 13 M 10
3545 2518 2 20 108 O 20
2518 3117 2 22 121 O 10
1313 3540 2 18 95 O 20
3540 4824 2 22 119 M 10
4824 4124 2 9 50 O 10
4124 2538 2 46 254 O 30
2908 4377 1 21 0 C 0
4114 5168 1 7 0 C 0
3932 1719 2 38 0 C 0
5860 2686 1 19 101 O 10
5863 2682 2 10 54 O 30
2682 5862 2 22 117 O 20
1706 4414 2 39 215 M 30
1711 4415 2 39 215 O 10
1705 4416 2 39 213 O 30
1958 1945 2 12 62 O 10
1956 1957 2 28 155 M 20
1959 1962 1 19 105 O 20
4437 1966 1 66 363 M 10
1953 1949 2 10 54 O 20
2150 1876 2 6 32 M 20
1876 4442 2 16 85 O 30
4442 2148 2 3 15 M 10
2148 4443 2 4 21 M 10
4443 4440 2 18 95 O 30
4440 4441 2 13 70 O 10
1603 2150 2 7 35 M 30
3750 3751 2 7 34 O 10
4674 422 2 12 0 C 0
4495 300 2 17 0 C 0
300 301 2 42 0 C 0
301 302 2 9 0 C 0
302 303 2 10 0 C 0
303 304 2 3 0 C 0
304 1096 2 14 0 C 0
5074 4561 1 30 0 C 0
690 4562 1 21 0 C 0
2048 4053 2 15 80 O 30
5088 4763 2 3 11 O 10
4763 4721 2 2 6 M 30
4721 5089 2 2 11 O 10
5089 3516 1 16 84 O 10
5437 4469 1 51 0 C 0
1904 4420 1 29 0 C 0
4472 4473 1 13 0 C 0
1891 1912 1 16 0 C 0
2200 2199 1 122 0 C 0
3940 3943 1 53 291 O 30
4459 3955 2 8 44 O 20
2171 2176 1 19 105 O 20
5104 5103 1 30 163 O 20
2175 4624 1 7 36 O 20
5106 5107 1 12 61 O 20
1637 3460 1 101 0 C 0
5550 1637 1 26 0 C 0
5122 5123 2 40 0 C 0
5123 5124 2 39 0 C 0
5124 1177 2 10 0 C 0
1177 1150 2 11 0 C 0
5125 5688 2 8 39 M 20
5688 5126 2 7 35 O 10
5126 5130 2 7 39 O 20
5130 5497 2 8 40 O 10
5497 1618 2 8 43 O 10
1625 5496 2 7 37 O 30
5496 3638 2 6 31 O 20
3638 5129 2 2 9 O 30
5129 5127 2 5 26 O 30
5129 5130 2 28 154 M 30
5491 4449 2 38 209 O 10
5128 3643 1 7 38 O 20
3643 1611 1 48 263 O 30
5490 3650 2 21 113 O 30
3650 3648 2 2 7 O 30
3648 3647 2 13 72 M 10
3647 3645 2 2 6 O 20
3645 1619 2 29 161 M 30
1571 1574 2 24 130 O 30
1574 5131 2 8 41 O 10
1570 1629 2 4 21 O 30
1612 1567 2 8 44 O 30
1567 3787 2 7 39 O 30
3787 3785 2 7 36 O 30
3785 5132 2 6 30 O 30
390 391 2 3 0 C 0
1605 3334 2 8 42 M 10
3334 3335 2 9 50 O 10
3335 3974 2 8 43 O 10
3974 3972 2 37 205 O 30
3972 3975 2 24 131 O 10
3975 1030 2 24 133 M 20
2969 3975 2 35 192 O 10
5146 1143 2 46 0 C 0
1143 4363 2 41 0 C 0
4363 5999 2 42 0 C 0
5999 1083 2 8 0 C 0
3002 3000 2 1 0 C 0
3001 1972 2 4 0 C 0
5195 4988 1 11 56 O 30
5197 4338 2 26 144 O 10
2614 5332 1 12 65 O 10
5198 2658 2 31 171 O 30
2658 583 2 18 99 O 20
583 584 2 5 25 O 30
584 586 2 6 31 O 20
586 2605 2 4 19 O 20
2605 84 2 5 23 O 20
5199 356 1 10 51 O 10
2158 5198 1 2 7 M 30
5198 5199 1 2 10 O 30
5199 5200 1 2 9 O 30
5200 5201 1 2 9 O 30
5201 2158 1 1 2 O 30
2129 2132 1 89 493 O 20
3941 3938 1 88 487 O 30
5479 5753 2 12 66 M 30
5753 5476 2 14 74 M 10
5475 5479 2 7 38 O 10
5479 5480 2 6 29 O 30
5480 5481 2 11 56 O 30
5481 5754 2 4 17 M 30
5754 3613 2 4 22 O 10
3613 5484 2 11 59 O 20
5480 5483 2 19 103 O 20
5483 2142 2 24 132 O 20
5482 2140 2 24 0 C 0
5474 5483 2 13 68 O 20
5483 5482 2 11 58 O 30
5482 3612 2 7 37 O 20
3612 5487 2 2 9 O 30
5487 5488 2 8 39 M 10
5488 5477 2 7 36 O 20
5478 1873 2 13 0 C 0
1873 4588 2 12 0 C 0
4588 5486 2 10 51 O 30
5488 2136 2 22 0 C 0
5136 5127 1 26 144 O 10
5489 1577 2 12 62 O 20
1577 1751 2 6 32 O 10
1751 5711 2 8 42 M 10
5711 5913 2 1 5 M 10
5913 1878 2 23 127 O 20
5493 5494 2 8 41 O 30
5494 5135 2 8 43 O 20
5134 1568 2 3 14 O 10
1568 5494 2 23 126 M 30
5797 3809 2 8 42 O 30
3809 5495 2 8 44 M 10
5495 3806 2 20 111 O 10
3806 3808 2 8 44 O 30
3808 2680 2 8 42 O 30
5496 4450 2 7 35 O 10
5501 3618 1 13 71 O 10
3618 3614 1 21 114 M 30
1621 5500 1 43 237 O 10
5498 3634 1 11 60 O 30
5503 5505 2 9 48 O 30
5505 1616 2 9 49 M 30
3797 5505 2 8 41 O 30
5505 5504 2 16 84 O 20
5793 4078 2 2 8 M 20
2824 2816 2 26 143 O 10
2816 4081 2 8 44 O 10
5513 5795 2 11 57 O 20
5422 5512 1 2 10 O 10
5512 5511 1 2 9 O 30
5511 5513 1 3 15 O 10
5513 5422 1 2 6 O 10
5521 1081 2 36 200 O 10
1081 5523 2 8 40 O 20
5523 1057 2 6 30 O 30
1057 5522 2 26 139 O 30
5522 4149 2 2 8 O 30
4131 1061 2 7 34 O 20
1061 1059 2 1 3 O 20
1059 1058 2 6 31 O 20
1058 5523 2 7 35 O 20
3379 5524 2 6 33 O 30
5769 440 2 20 106 M 20
440 3384 2 49 271 O 20
5159 2006 2 19 103 O 20
5512 5721 1 5 27 M 10
5721 5722 1 14 77 O 10
5722 503 1 17 89 O 30
4061 2060 2 21 114 O 30
3994 5536 2 56 310 O 10
233 5823 2 17 94 O 30
5823 3377 2 3 12 O 10
3967 949 2 9 0 C 0
949 5768 2 19 0 C 0
3371 4005 2 11 56 O 10
4005 4007 2 29 157 O 10
3294 1172 2 2 9 O 10
5538 4959 2 26 144 M 30
4959 4960 2 2 11 O 30
4960 3990 2 16 85 M 20
2054 3968 2 52 288 M 20
5087 5590 2 7 37 O 20
5590 469 1 27 146 O 10
3997 5592 2 14 76 O 10
3995 3080 2 37 204 O 20
3080 3996 2 33 182 O 20
5618 5620 2 13 69 O 30
5772 3071 2 8 40 O 30
5622 5623 2 15 82 O 10
5623 5624 2 30 166 O 10
5382 5625 2 27 145 O 10
3257 5626 2 24 129 O 30
5627 4066 2 29 159 O 30
2027 2028 2 10 55 M 20
2028 5319 2 18 97 O 10
2022 2039 2 28 153 O 20
2039 2024 2 57 311 O 20
5629 4065 2 49 270 O 10
4065 3070 2 28 154 O 10
5632 5631 2 26 142 O 20
5635 5636 2 9 46 M 10
4872 5636 2 30 162 O 10
4057 2485 2 33 180 M 10
2485 1029 2 5 23 O 10
1029 2484 2 3 13 M 20
2478 477 2 5 27 O 20
477 15 2 12 63 O 10
15 3818 2 25 134 O 30
3818 5645 2 9 50 M 20
5645 3063 2 30 166 O 30
5648 5647 2 16 85 O 10
5650 5649 2 22 118 O 10
5652 5653 2 22 119 O 20
5653 3445 2 17 89 O 20
5655 3820 2 11 60 M 30
3820 3064 2 10 51 O 20
1618 5504 2 9 49 M 30
5504 5792 2 8 43 O 10
5673 5471 2 15 80 O 30
5674 5673 2 16 87 M 20
5673 5675 2 8 44 O 20
5676 4082 2 11 56 O 20
4082 4084 2 7 39 O 20
4084 1615 2 8 41 M 20
5678 4088 2 29 161 O 10
5681 5684 2 15 82 O 20
5680 5682 2 20 110 O 20
5679 5683 2 23 124 O 30
5686 5685 2 16 86 M 10
5687 5689 2 13 67 O 20
5689 5126 2 11 56 O 20
5689 5688 2 9 49 O 20
5688 3802 2 10 53 O 10
4834 5692 2 7 33 O 10
5692 5691 2 12 63 O 30
5691 3547 2 17 92 O 30
2146 3792 2 6 29 M 30
3792 5690 2 12 65 O 30
5692 3791 1 33 178 O 20
5691 3791 2 22 121 O 10
3791 3551 2 22 118 M 10
5711 1747 2 8 41 M 20
1747 1749 2 15 80 O 20
1749 1746 2 8 41 O 30
5722 958 1 17 91 O 30
958 3795 1 4 19 O 20
3795 1627 1 11 58 O 30
1621 5721 1 31 168 O 30
387 5727 2 20 0 C 0
5727 3961 2 36 0 C 0
5728 5729 2 48 265 M 20
5729 1023 2 27 146 O 10
1023 1022 2 5 0 C 0
1022 1024 2 24 0 C 0
1024 2245 2 9 0 C 0
4073 6035 2 9 0 C 0
4937 5738 2 6 28 M 10
5738 4936 2 6 31 O 10
994 4072 2 13 0 C 0
5743 5744 2 16 88 O 30
5744 5739 2 23 126 O 10
5744 5745 2 16 84 O 20
5745 5740 2 37 0 C 0
5740 5733 2 22 0 C 0
5745 5746 2 20 109 O 30
2476 5115 1 25 0 C 0
3958 5747 2 45 0 C 0
2915 5748 2 7 0 C 0
5754 5755 2 17 90 O 20
5755 5753 2 12 63 O 10
5764 3989 1 2 0 C 0
5763 4092 1 2 0 C 0
4092 5764 1 1 0 C 0
5763 2285 2 18 0 C 0
2285 3958 2 22 0 C 0
5324 88 2 5 22 O 10
5949 5950 2 7 34 O 20
5950 5951 2 8 44 M 20
411 5954 2 2 0 C 0
255 5959 2 31 169 O 10
6002 5960 2 29 160 O 10
5960 5961 2 33 182 M 10
6001 5965 2 8 42 O 10
5965 5963 2 9 45 O 20
5963 5972 2 9 45 O 30
5972 6000 2 8 44 O 30
6000 5973 2 9 45 O 30
5973 5968 2 9 45 O 20
5968 5975 2 9 47 M 10
5975 5964 2 9 46 O 10
3964 3250 1 17 94 O 10
3250 3553 1 2 8 O 10
3553 6000 1 30 162 O 30
5963 3966 2 9 46 O 30
5964 2015 2 7 0 C 0
5965 5966 2 19 100 O 10
3250 3251 2 9 45 M 30
3251 5967 2 9 45 M 20
5967 5968 2 31 170 M 30
5968 5969 2 9 47 M 10
5970 5971 2 6 30 O 30
5971 3553 2 8 44 M 20
5972 5971 2 29 161 O 10
5967 5974 2 9 49 O 10
5974 5541 2 9 46 M 10
5974 5975 2 31 169 O 30
5978 3052 1 13 0 C 0
3052 844 1 4 17 O 20
844 5977 1 2 0 C 0
3965 5977 2 15 0 C 0
5977 4748 2 13 72 O 20
689 3378 1 17 90 M 10
3287 1175 2 31 0 C 0
1175 882 2 12 65 O 20
2191 2196 1 10 0 C 0
2183 2194 1 10 0 C 0
2194 2185 1 129 0 C 0
1086 1087 2 28 0 C 0
1096 5998 2 20 0 C 0
5998 1097 2 7 0 C 0
1097 1178 2 20 0 C 0
1178 3365 2 2 0 C 0
1145 1087 2 19 0 C 0
1148 1149 2 40 0 C 0
1149 1150 2 39 0 C 0
1492 1494 2 4 21 O 20
1495 1497 2 6 32 O 20
1497 1491 2 8 40 O 30
1489 1488 2 10 50 O 10
1594 1494 2 14 77 O 30
1494 1488 2 11 59 O 10
1583 1498 2 20 106 O 10
4637 1487 2 7 36 O 20
1499 1497 2 13 71 O 20
4971 1217 2 12 64 O 10
1217 1215 2 1 3 O 30
1215 1497 2 9 50 O 30
4982 4355 2 4 19 O 20
4355 2975 2 10 52 M 10
2975 1593 2 12 63 M 10
1496 4637 2 3 16 O 10
4637 1500 2 20 107 O 20
1579 1490 2 10 54 O 30
1601 1501 2 11 58 M 20
4981 1502 2 11 60 O 30
4977 1493 2 8 40 O 10
1493 4978 2 11 59 M 20
1497 4969 2 9 47 O 30
4969 4778 2 13 69 O 30
4778 1585 2 8 41 O 20
4196 4631 2 29 156 O 30
1513 1514 2 23 126 O 20
4194 1511 2 2 11 O 30
1511 1510 2 6 32 M 30
1512 697 2 7 37 O 30
697 1493 2 12 64 O 20
1515 1514 2 3 13 O 20
4194 3524 2 23 124 O 10
3524 4195 2 10 54 O 20
1526 1528 2 22 118 O 10
1528 1536 2 6 30 O 10
1536 1530 2 10 52 O 30
1528 1534 2 6 31 O 30
1534 1529 2 10 51 O 20
1530 1533 2 6 33 M 20
1533 1531 2 2 10 O 20
1531 2972 2 8 40 O 20
1531 1532 2 15 80 O 30
1533 1534 2 15 81 M 20
1535 1536 2 15 79 O 10
1538 1539 2 22 117 O 20
3976 3977 2 46 252 O 20
1541 1542 2 5 24 O 10
988 1543 2 5 26 O 20
1544 4208 1 7 36 O 20
4208 4207 1 6 31 O 30
4210 1553 1 11 57 O 30
1551 1553 2 4 22 O 20
1553 1552 1 13 70 O 10
4210 4209 2 16 87 M 30
1554 4205 2 44 240 M 30
4069 1555 2 33 183 O 20
4442 1556 2 9 50 O 30
1559 1561 1 29 156 O 10
1561 1560 2 11 59 M 30
5132 1566 2 8 40 O 10
1566 5135 2 14 74 O 20
5135 5133 2 10 52 O 20
1562 1564 2 12 61 O 30
1564 1563 2 19 101 O 30
1572 1574 2 8 41 M 30
1566 2825 2 18 99 O 30
1568 1569 2 7 34 O 30
1564 1565 2 13 72 M 10
1576 1575 2 6 30 O 10
1573 4443 1 28 153 O 20
1629 1572 2 23 125 O 20
1572 5493 2 2 10 M 30
5493 4013 2 7 38 O 10
1575 1577 1 16 83 M 30
1606 1634 2 7 36 O 20
1575 1683 2 11 61 M 30
1573 1576 2 6 32 O 20
1576 1688 2 7 34 O 10
1688 1692 2 5 24 O 10
1692 1687 2 6 32 O 10
1687 1694 2 1 4 O 10
4440 4628 2 15 78 O 30
4441 1944 2 9 47 M 10
1944 1950 2 4 17 O 30
1950 4560 2 13 67 O 10
4560 1746 2 16 88 O 20
1746 1968 2 11 58 O 30
1684 1685 2 15 82 O 20
1685 1944 2 9 47 O 10
1685 1686 2 9 48 O 10
1686 1687 2 10 55 M 30
1688 1690 2 9 47 O 30
1690 1689 2 2 8 O 10
1689 1686 2 10 54 M 10
1690 1691 2 6 32 O 20
1692 1693 2 9 47 M 10
1694 1695 2 11 57 M 20
1950 1955 2 9 49 O 20
1955 1967 2 16 87 M 20
1955 1947 2 38 208 O 30
1965 1946 2 12 65 O 30
4558 446 2 12 64 O 20
446 447 2 14 73 O 30
447 4071 2 16 87 M 30
4071 4069 2 15 80 O 10
4069 4627 2 2 10 O 20
4627 1554 2 6 28 O 20
1554 4439 2 13 72 O 10
4439 1518 2 68 375 O 30
1696 1517 2 23 123 O 20
1697 1698 2 8 41 O 10
1962 1960 1 16 87 M 30
1958 1943 2 6 31 O 30
1964 1741 1 21 114 O 10
1741 1960 1 16 87 O 20
1743 1744 2 25 139 O 20
1742 1743 2 28 153 O 30
1952 1959 2 8 41 O 30
1959 1964 2 3 13 M 10
1964 1947 2 11 58 O 30
1947 1968 2 14 76 M 20
1748 1747 2 7 36 O 20
1747 1745 1 17 93 O 20
1745 1961 1 13 67 O 20
1745 1749 2 16 88 O 30
1750 1751 2 16 86 M 20
1948 1877 1 3 16 O 30
5133 1565 2 7 38 O 30
1565 1563 2 10 54 O 30
1563 1558 2 13 68 O 10
1558 1557 2 4 20 O 10
1848 1850 1 9 49 O 30
1850 1849 1 9 50 O 30
1850 1851 2 2 7 M 10
1852 1853 2 15 79 O 30
1854 1855 2 7 36 O 10
1856 4791 2 19 105 O 30
4791 1859 2 1 3 O 10
1858 1859 2 15 79 O 20
1860 1861 2 29 160 O 30
1864 1869 2 13 69 O 20
1869 1865 2 7 38 M 10
1866 1871 2 14 73 O 20
1871 1867 2 7 38 O 10
5755 1868 2 9 50 M 30
1869 1871 2 7 37 M 20
1871 1872 2 7 34 O 20
1872 1870 2 7 33 O 20
1870 4793 2 7 34 O 30
1862 1872 2 14 73 O 20
1861 1862 2 8 41 O 30
1862 1866 2 7 37 M 30
1866 1864 2 7 37 O 30
1864 1863 2 13 68 O 20
5485 1874 2 8 39 O 10
1874 1873 2 20 106 O 20
1874 1875 2 9 48 O 10
5484 5477 2 20 109 O 10
5477 5478 2 9 0 C 0
5478 5710 2 22 0 C 0
1876 446 2 28 152 O 20
5138 5913 2 44 241 O 10
1877 1878 1 4 19 M 20
1877 1854 2 3 13 O 30
1854 1852 2 7 35 O 10
1852 1856 2 16 85 O 10
1856 5502 2 12 66 O 30
1849 1851 1 8 44 O 20
1851 5137 1 9 49 M 30
1879 3331 2 8 43 O 20
3331 3332 2 5 25 O 20
3332 4558 2 6 29 O 20
1880 1881 2 17 90 O 20
3336 3337 2 8 39 O 10
3332 3333 2 4 21 O 30
3334 3336 2 14 72 O 10
3336 3335 2 12 63 O 10
3330 3331 2 14 74 O 20
1608 3330 1 11 60 O 30
3330 3329 1 11 56 O 30
229 1979 2 21 0 C 0
1979 1981 2 13 0 C 0
3354 3356 2 27 146 O 30
3356 3355 2 30 162 O 30
2055 2837 2 46 255 M 20
2364 2369 2 24 130 O 20
2369 4313 2 22 119 O 20
3584 2223 2 22 0 C 0
2181 703 1 8 0 C 0
5946 2193 1 35 0 C 0
2185 5526 1 58 0 C 0
5526 2195 1 61 0 C 0
4394 2198 1 54 0 C 0
1638 780 1 77 0 C 0
1650 5317 1 8 0 C 0
2134 5487 2 22 0 C 0
3613 3612 2 19 103 O 20
3614 1627 2 10 51 M 10
3615 3617 2 13 71 O 10
3617 3616 2 9 50 O 10
3617 3618 2 12 63 O 10
3616 3621 1 16 87 O 20
3620 3621 2 10 55 O 30
3621 3614 2 8 40 M 10
3622 3623 2 16 88 O 20
3624 3625 2 6 28 M 30
3625 3623 2 15 82 O 10
3626 3623 2 6 29 O 20
3627 3623 2 5 26 O 30
3625 3628 1 27 148 O 20
3628 3620 2 9 48 M 10
3629 3630 2 5 26 O 30
3631 3632 2 6 31 O 20
3632 3630 2 9 47 O 20
3632 3633 2 16 88 O 20
3633 3630 2 4 19 O 20
3634 5499 1 32 177 O 10
3635 3636 2 24 131 O 20
3637 3636 2 2 7 O 30
3638 3642 2 6 30 O 30
3642 3640 2 4 19 O 20
3640 3639 2 4 17 O 20
3640 3641 2 10 53 O 20
3642 3636 2 12 66 O 20
3643 3644 2 4 19 M 10
3645 5905 1 6 29 O 20
5905 5903 1 6 32 M 10
5903 3646 1 6 30 O 20
3646 5902 1 7 38 O 30
5902 5904 1 6 32 M 20
5904 3647 1 6 29 O 30
3648 5901 1 10 54 O 20
5901 5899 1 6 32 O 20
5899 428 1 1 4 O 30
428 3649 1 5 24 O 30
3649 427 1 6 29 O 10
427 5898 1 1 4 O 20
5898 5900 1 6 32 M 20
5900 3650 1 10 54 M 10
1975 1985 2 34 0 C 0
1985 3654 2 41 0 C 0
3654 2000 2 41 0 C 0
1996 1998 2 14 0 C 0
3000 3655 2 37 0 C 0
3655 2999 2 40 0 C 0
3657 3658 2 54 0 C 0
3658 3109 2 24 0 C 0
1992 203 2 80 0 C 0
592 1974 2 16 0 C 0
1974 853 2 4 0 C 0
1977 1991 2 47 0 C 0
3665 1997 2 38 0 C 0
3666 3667 2 35 193 O 10
3668 3669 2 38 210 O 30
3669 3129 2 17 92 O 20
3671 3124 2 24 131 O 10
3670 3672 2 14 77 M 10
3672 3674 2 13 69 O 30
3674 4089 2 18 95 M 30
3672 29 2 39 217 O 30
3673 3674 2 16 87 O 10
3122 3675 2 54 295 O 30
3676 3681 2 13 70 O 20
3681 3677 2 41 225 O 30
3680 3681 2 20 109 M 10
3682 3683 2 22 119 O 20
4090 3689 2 21 113 O 30
3689 3693 2 21 111 M 20
3693 3688 2 21 113 O 30
3688 3685 2 20 109 M 20
1317 3685 2 21 114 O 10
3685 3690 2 16 87 O 10
3690 3687 2 16 87 O 10
3687 872 2 6 30 O 10
872 4040 2 11 0 C 0
4040 1273 2 4 0 C 0
3686 3688 2 45 246 O 30
3684 3689 2 59 327 O 30
3690 3691 2 19 101 O 20
3691 202 2 13 67 M 30
202 67 2 6 33 M 10
3691 3694 2 12 66 O 30
2861 1241 1 5 0 C 0
1241 3539 1 6 32 O 10
3539 3695 1 16 87 O 30
3164 3167 1 38 211 O 10
3702 3236 1 17 0 C 0
5203 4703 1 2 0 C 0
4703 3702 1 4 0 C 0
4531 5373 1 6 0 C 0
3700 3701 1 15 0 C 0
3701 3703 1 97 0 C 0
1391 4311 2 36 195 O 20
3708 3709 2 9 50 O 20
1792 3982 2 12 66 O 20
1830 5993 2 14 0 C 0
5993 1844 2 33 178 M 20
2378 2375 2 32 174 O 30
2913 5533 1 12 0 C 0
5533 3704 1 43 0 C 0
3710 2906 1 36 0 C 0
3712 3722 2 29 159 O 10
3722 3971 2 15 80 O 20
3713 3721 2 36 195 M 20
3721 3714 2 15 80 O 30
3714 3970 2 22 120 O 10
3970 3969 2 43 238 M 20
3733 3726 2 1 3 O 10
3726 3725 2 42 229 O 30
3725 2626 2 2 10 O 10
2626 3969 2 16 86 O 10
3969 5470 2 14 75 O 30
5470 3724 2 9 46 O 30
3338 3718 2 23 124 O 30
3718 3715 2 15 80 O 20
3716 3717 2 5 24 O 20
3718 3722 2 11 60 O 20
3722 3721 2 11 61 O 30
3721 3720 2 11 58 O 10
3715 3727 2 51 281 O 10
3727 3729 2 11 59 O 20
3729 3731 2 44 241 O 10
3727 3728 2 5 24 O 30
3729 3730 2 5 23 O 10
3731 3732 2 30 165 O 20
3734 3733 2 11 57 O 20
3735 3726 2 6 32 O 20
5906 3737 2 3 12 O 20
3737 3735 2 39 215 O 10
3723 3749 1 4 21 M 30
3749 3741 1 6 29 O 10
3741 3724 1 25 135 O 10
3742 3738 2 25 135 O 20
3743 3744 2 23 125 O 10
3741 3742 2 12 61 O 10
3742 3745 2 9 50 O 10
5794 5284 2 9 45 O 10
5284 3778 2 21 113 O 10
3739 3750 2 21 117 O 30
3750 3719 2 19 105 M 20
3719 3747 2 38 208 O 10
3748 3749 1 2 11 O 20
3548 3751 1 7 35 O 30
893 3755 2 13 69 O 10
765 3485 2 6 28 O 20
3485 3745 2 19 105 O 20
3745 3740 2 9 50 O 30
3740 3756 2 6 28 O 20
3756 3973 2 14 75 O 20
5275 3485 1 36 197 M 30
3756 434 2 25 137 O 20
434 3478 2 19 101 O 10
3757 3766 2 4 18 O 10
3758 3759 2 13 69 O 10
3760 434 2 25 136 M 10
434 435 2 8 44 M 10
3761 3762 2 10 55 O 20
3762 3757 2 15 81 O 20
3762 3763 2 27 145 M 20
3765 3761 2 20 109 O 30
3766 3478 2 26 142 M 20
3478 3769 2 100 550 O 10
3769 3771 2 24 132 M 30
3771 3767 2 7 36 O 10
3338 3339 2 12 65 O 20
3339 3974 2 12 67 M 10
3974 3355 2 14 78 O 10
3355 3329 2 7 36 O 30
3329 3977 2 13 70 M 30
3769 3770 2 5 26 O 30
3771 3772 2 10 55 O 30
1736 3773 2 3 14 M 20
5911 5471 2 24 132 O 20
5911 3775 2 11 57 M 30
3775 3780 2 12 64 O 10
3780 3776 2 12 66 O 30
3776 5473 2 8 43 M 10
3775 3776 2 24 131 O 20
3779 3780 2 21 113 O 30
3781 3782 2 12 61 M 20
3753 3784 2 35 192 O 10
3784 3783 2 4 21 M 20
3785 3786 2 15 80 O 20
3787 3788 2 35 189 O 10
3788 1615 2 9 45 O 10
3788 1567 2 32 174 O 30
3792 3793 2 41 225 M 20
3793 3794 2 6 29 O 10
3793 3546 2 11 59 O 30
3795 3796 1 12 64 O 20
3796 958 1 9 46 O 10
3798 2676 2 12 63 M 10
2676 5683 2 1 4 O 30
3799 3800 2 17 92 O 20
5684 3800 2 8 39 O 10
3800 3801 2 7 36 O 10
2817 3803 2 7 34 O 10
3804 3805 2 8 41 O 20
1988 2210 2 40 0 C 0
3808 3809 2 8 40 O 10
3807 3810 2 11 58 O 10
3583 2222 1 33 0 C 0
2222 3661 1 23 0 C 0
3814 3109 2 2 0 C 0
3451 5654 2 15 83 O 20
5654 3409 2 13 71 O 30
3409 983 2 7 35 O 30
983 5651 2 10 52 O 20
5651 3218 2 13 70 O 20
3837 3838 2 4 0 C 0
3838 3839 2 12 0 C 0
3839 3840 2 4 0 C 0
3840 3851 2 12 0 C 0
3851 3846 2 6 0 C 0
3846 3841 2 11 0 C 0
3841 3844 2 17 0 C 0
3844 3845 2 16 0 C 0
3845 3843 2 17 0 C 0
3843 3847 2 14 0 C 0
3847 3849 2 15 0 C 0
3092 3848 2 19 0 C 0
3848 3850 2 10 0 C 0
3850 3849 2 41 0 C 0
3093 3092 2 24 0 C 0
5730 4657 2 3 0 C 0
4657 3049 2 32 0 C 0
3858 1090 2 27 0 C 0
1090 3859 2 24 129 O 10
3865 3866 2 38 207 O 20
3863 3862 2 36 197 M 20
5630 5638 2 63 349 O 20
5638 4878 2 8 41 O 10
4878 2828 2 25 137 M 20
5540 5960 2 9 50 O 20
5960 5539 2 9 46 O 30
5558 3709 1 10 51 O 30
3709 6051 1 1 1 O 20
6051 5558 1 1 1 M 30
569 4300 2 18 97 O 30
4300 2450 2 12 64 O 10
4002 2920 2 22 117 O 10
2920 3992 2 25 134 O 30
4399 5892 2 34 188 O 20
479 5811 2 6 28 O 30
5811 5538 2 1 5 M 30
4005 5086 2 19 101 O 30
5086 4659 2 10 52 M 10
3311 4010 2 9 47 O 10
4168 290 2 3 0 C 0
290 4169 2 25 0 C 0
3486 2712 2 20 0 C 0
4022 4020 2 6 32 O 20
4020 1126 2 9 44 O 10
4020 4021 2 6 28 M 30
3152 3129 2 28 154 O 10
3129 3124 2 6 28 O 30
3124 3670 2 36 198 O 10
3670 3121 2 28 151 M 10
4034 4035 2 24 131 O 20
4035 3133 2 29 161 O 10
5962 4036 2 24 130 O 10
3576 5074 1 46 0 C 0
4037 4077 2 7 37 O 10
4077 4038 2 17 91 O 30
2852 3662 2 13 0 C 0
3662 4398 2 1 0 C 0
4398 1154 2 13 0 C 0
1154 3954 2 10 0 C 0
3318 4989 1 15 81 O 30
4989 4861 1 6 30 M 30
1973 1980 2 12 0 C 0
1980 1996 2 12 0 C 0
4042 5807 2 1 5 M 10
5807 4043 2 14 72 O 30
4043 1001 2 3 15 M 10
1619 3801 2 8 40 M 30
3801 4083 2 3 13 O 30
4083 4078 2 15 79 O 20
4078 4038 2 16 87 O 30
4038 5506 2 5 22 O 30
5506 5507 2 18 99 M 10
5507 5508 2 13 71 M 10
5507 4079 2 7 36 O 20
4079 4080 2 14 77 O 10
4079 2661 2 5 24 M 30
5506 2662 2 12 65 O 10
5685 2816 2 19 102 O 30
4082 4083 2 33 180 O 20
4084 4085 2 8 40 O 20
4086 4088 2 21 112 O 30
4088 4087 2 12 61 O 20
5509 4086 2 8 40 O 10
4086 5677 2 4 19 O 30
3822 3821 2 15 82 O 30
3821 5677 2 20 106 O 10
1232 1231 1 15 79 O 20
1231 4129 1 42 231 O 10
5882 3944 1 4 19 O 10
2525 3163 2 44 241 M 30
3163 1304 2 28 150 O 10
4387 2515 2 18 98 O 30
364 5518 2 2 0 C 0
4698 5194 2 9 46 O 20
231 3341 1 25 0 C 0
4174 359 2 3 0 C 0
4177 4178 1 7 0 C 0
2157 2153 1 40 220 O 30
3558 2023 2 12 63 O 30
2023 2037 1 30 163 O 20
2041 2034 1 21 114 O 20
2041 2037 2 10 55 O 20
2034 2042 1 19 104 O 20
2042 2041 1 2 10 O 10
4375 4380 2 3 14 O 20
4132 5840 2 1 4 O 20
5840 4137 2 7 35 O 10
3975 3354 2 12 64 O 10
3354 3976 2 10 50 O 30
3976 2971 2 17 89 O 20
3766 3760 2 11 57 M 30
3760 3758 2 15 81 O 30
3758 5472 2 3 12 M 20
5472 3755 2 8 42 M 10
3973 3755 2 11 59 M 20
3972 3356 2 11 61 M 10
3764 3765 2 25 136 O 10
3765 3752 2 7 39 O 10
3752 3763 2 2 8 O 30
3763 5472 2 14 78 O 10
4078 5686 2 25 134 O 20
5686 2824 2 15 81 O 10
2824 5676 2 4 18 O 30
5676 5509 2 46 251 O 20
5509 5678 2 3 11 O 20
5678 5510 2 11 57 O 30
1953 4439 2 16 83 O 20
1518 2982 2 12 67 M 30
2982 4203 2 10 54 M 10
4203 4204 2 10 52 O 20
4197 2984 2 14 75 M 10
2984 4198 2 14 74 O 20
4198 4630 2 22 117 O 20
1530 1537 2 7 34 O 30
1537 1527 2 13 68 O 20
4587 4045 2 13 70 O 20
4226 2384 1 22 119 M 10
1829 797 2 8 0 C 0
4604 1463 2 13 69 O 10
5147 4598 1 2 7 O 30
4606 4602 1 5 26 O 20
4602 4607 1 2 6 O 10
4607 4608 1 8 40 O 30
4608 4609 1 3 13 O 30
4609 4606 1 5 24 O 10
4607 4610 2 18 95 O 10
4610 4611 2 2 6 O 30
4609 4612 2 6 30 O 30
4613 4612 2 6 29 O 30
4612 4614 2 7 35 O 20
4608 4615 2 14 73 O 20
4615 3320 2 5 27 M 10
4616 3320 1 1 3 O 30
3320 4617 1 6 29 O 10
4617 4618 1 3 16 M 30
4618 4616 1 3 14 O 30
4615 4619 2 18 96 O 10
4618 4620 2 9 48 M 30
4620 4621 2 6 31 O 20
4622 4620 2 10 53 M 20
2447 2444 2 8 41 O 10
2444 4015 2 14 76 O 10
4015 2440 2 4 22 M 20
2440 4301 2 14 75 M 10
4301 5809 2 2 8 O 20
3323 4605 1 2 9 O 30
3920 439 2 6 0 C 0
439 438 2 5 0 C 0
438 1824 2 9 0 C 0
1983 3002 2 55 0 C 0
4059 3931 2 7 0 C 0
4658 5086 2 20 107 O 20
5086 2920 2 21 114 O 30
4454 293 1 4 0 C 0
4134 2059 1 27 146 O 20
2062 2510 2 12 62 O 10
2510 2070 2 29 156 O 20
4330 4323 2 6 32 M 20
4323 4324 2 14 77 M 20
4324 2366 2 50 276 O 10
2366 4325 2 11 58 O 30
5091 5090 2 3 14 M 10
5090 6002 2 7 35 O 20
4645 5324 1 10 52 O 30
3631 391 1 14 78 M 10
392 5796 2 2 11 M 20
5796 2137 1 13 68 O 20
3056 3053 2 22 122 O 30
3053 3256 2 76 418 O 20
4396 1678 1 14 0 C 0
1299 1300 1 44 239 O 10
5010 1284 1 26 143 O 20
5099 5100 1 8 0 C 0
2932 5085 2 36 195 O 10
5027 2118 2 8 41 O 10
2118 5024 2 18 98 O 20
5025 4050 2 11 60 O 20
4050 5026 2 7 39 O 10
5539 5033 2 10 53 O 20
3401 5037 2 46 254 O 30
4385 776 1 6 0 C 0
5045 5046 1 7 0 C 0
5046 4517 1 22 0 C 0
5048 4024 1 7 0 C 0
4024 348 1 10 0 C 0
2115 366 1 9 0 C 0
4417 3302 1 2 0 C 0
3302 532 1 6 0 C 0
5066 5067 1 6 0 C 0
5067 5065 1 18 0 C 0
5065 2105 1 12 0 C 0
5055 5238 1 2 0 C 0
5238 5056 1 17 0 C 0
2188 5073 1 56 0 C 0
5073 5070 1 93 0 C 0
6025 5078 1 8 0 C 0
4761 5080 1 13 0 C 0
3425 1907 1 15 0 C 0
4136 4135 2 18 94 O 30
2064 951 2 10 0 C 0
951 4369 2 5 0 C 0
4369 950 2 2 0 C 0
950 4060 2 35 0 C 0
4060 4059 2 10 0 C 0
5955 5953 2 26 0 C 0
3768 2016 2 8 40 O 10
3966 5540 2 17 89 O 20
5540 5969 2 17 90 O 20
5969 2013 2 16 84 M 30
774 351 1 11 0 C 0
1886 5001 1 16 0 C 0
5169 3254 1 7 0 C 0
5092 5534 1 5 0 C 0
3461 2201 1 53 0 C 0
4300 5206 2 6 32 M 30
3402 4544 2 31 169 O 10
3659 5071 2 7 0 C 0
3378 5537 2 10 55 M 30
5537 5536 2 9 47 O 20
3378 5271 1 3 12 O 10
5271 689 1 15 78 O 20
5916 5283 2 3 13 O 10
5283 5918 2 14 74 M 30
2232 2231 1 11 0 C 0
2602 4109 1 44 243 O 20
5864 5865 1 2 0 C 0
5866 5864 1 2 0 C 0
5421 5420 2 13 67 O 20
83 4871 1 21 113 M 30
390 4477 1 4 0 C 0
4477 5363 1 4 17 O 30
4175 3345 2 19 0 C 0
359 3344 2 6 0 C 0
3343 5443 1 10 0 C 0
5443 5520 1 7 0 C 0
5520 3653 1 14 0 C 0
3653 3652 1 25 0 C 0
3652 1995 1 10 0 C 0
3344 4173 2 36 0 C 0
5515 365 1 18 0 C 0
365 5445 1 4 0 C 0
5445 5444 1 6 0 C 0
5444 3343 1 16 0 C 0
365 195 2 13 0 C 0
5551 5552 2 5 24 O 30
5548 5553 2 20 108 O 20
1325 2169 2 62 341 O 30
219 220 1 93 515 O 20
5559 5986 2 10 53 O 20
5986 5560 2 25 135 O 30
4403 3282 2 2 10 O 10
5601 5593 2 10 53 M 10
5593 5594 2 7 35 M 30
5594 5597 2 21 112 O 10
5597 5595 2 4 21 M 20
5595 5604 2 15 79 M 20
5604 5603 2 5 24 O 10
5603 5602 2 5 24 O 10
5595 5596 2 15 81 O 10
5597 5598 2 11 60 O 20
5599 3593 2 45 249 O 10
3593 3597 2 44 239 O 30
3291 1255 2 12 62 O 10
1255 5600 2 11 61 O 20
5600 5593 2 6 29 O 30
277 276 2 2 10 O 30
276 5606 2 27 148 M 20
5607 5608 2 17 90 O 10
5608 5609 1 9 48 O 30
5601 4776 2 28 153 O 10
4776 5611 2 11 59 M 30
5614 277 2 5 24 O 10
277 5607 2 10 53 O 10
5607 5611 2 33 181 O 10
5611 5616 2 21 112 O 30
5616 5602 2 37 202 O 20
5602 5617 2 8 43 O 30
5628 4358 2 2 9 O 20
2866 5081 1 8 0 C 0
3272 907 2 7 38 O 30
907 5547 2 27 145 O 10
5548 657 2 5 25 M 10
657 5551 2 2 7 O 30
5551 654 2 3 12 O 20
654 653 2 3 11 O 10
653 659 2 1 3 O 10
659 651 2 1 3 O 30
651 661 2 2 7 O 30
661 648 2 1 3 M 20
648 647 2 2 9 O 20
647 644 2 2 6 O 20
644 665 2 2 8 M 20
665 3270 2 1 3 O 30
3270 3271 2 8 43 O 10
3271 2410 2 9 49 O 30
1703 3353 2 9 0 C 0
5788 5789 2 7 36 O 20
5789 5790 2 4 20 O 10
5789 5791 2 8 40 O 20
5484 1863 2 5 26 O 30
5492 5138 2 9 46 O 10
1699 5474 2 18 98 M 20
5474 3622 2 6 30 M 20
3622 3615 2 10 52 M 10
3615 5475 2 4 22 O 10
5475 5501 2 8 41 O 10
5501 5476 2 11 61 M 10
5476 5500 2 3 16 O 20
5500 1860 2 8 39 O 10
1861 1870 2 10 53 O 20
1870 4014 2 7 38 O 10
1863 5485 2 5 25 M 30
5485 437 2 15 82 O 30
437 2593 2 13 71 M 30
2593 4437 2 9 49 M 30
4437 4438 2 13 70 O 10
4438 1744 2 10 50 O 10
1744 1951 2 8 43 O 10
1951 4436 2 9 46 O 30
5125 5491 2 12 62 O 30
5491 5492 2 5 28 M 20
5492 5128 2 7 37 O 30
5128 5490 2 11 60 O 30
5490 4551 2 33 180 O 20
5456 5379 1 9 47 O 30
5795 3794 2 12 63 M 30
3794 2678 2 5 23 O 30
2678 5792 2 20 107 M 30
488 5825 1 18 97 O 20
489 490 1 17 94 O 20
2130 5791 2 6 32 O 20
5791 3420 2 4 20 O 10
3468 4133 2 36 195 O 10
3990 3991 2 19 103 O 30
3383 3369 2 1 5 M 20
1031 5586 2 6 29 O 20
5586 2514 2 7 37 O 20
1339 3870 2 13 0 C 0
1345 2826 2 19 102 O 10
5640 5641 2 19 102 O 20
3857 3858 2 32 0 C 0
3259 3869 2 15 80 O 10
49 48 2 5 0 C 0
48 50 2 7 0 C 0
6035 3244 2 4 0 C 0
3244 5734 2 7 0 C 0
6036 2481 1 4 21 M 10
3377 4817 2 10 52 O 20
4817 689 2 1 4 O 20
6037 4725 1 17 92 O 10
5646 3325 2 37 201 M 10
4056 3059 2 30 163 O 30
2577 82 1 3 12 O 20
82 84 1 21 116 O 10
1807 2365 2 65 356 M 10
4351 4103 2 8 44 O 30
4103 2783 2 19 101 O 10
2783 2778 2 12 66 M 30
2778 2774 2 27 145 O 10
2774 2766 2 20 108 O 20
2766 4094 2 11 61 O 20
4094 2748 2 15 83 O 20
2739 2737 2 4 19 O 20
2737 6003 2 10 55 O 30
6003 751 2 1 5 O 10
751 4095 2 23 123 O 10
4095 2733 2 30 164 O 30
2733 2732 2 5 27 O 20
2732 3396 2 5 25 O 30
4351 2789 2 21 116 O 30
2789 4097 2 7 34 O 20
2773 2777 2 26 140 O 10
2777 2782 2 8 42 M 20
2782 2786 2 10 53 O 10
2768 2771 2 41 222 M 20
2771 4349 2 4 18 O 10
4351 3013 2 13 68 O 30
3013 4350 2 26 141 M 30
208 209 2 5 0 C 0
207 2708 2 23 0 C 0
220 218 1 11 60 O 30
4317 7 2 10 54 O 10
2497 222 2 8 41 M 20
2210 393 2 2 0 C 0
484 1264 2 2 0 C 0
5958 415 2 9 46 O 10
4455 5539 2 33 181 O 30
4455 5959 2 9 48 O 30
5959 2010 2 8 41 M 30
4003 5538 1 9 48 O 30
6001 3457 2 11 60 O 10
3378 2641 2 42 231 O 20
2641 3993 2 15 78 O 20
3993 3994 2 9 47 O 30
3378 426 2 46 251 O 10
426 5084 2 45 245 M 10
3366 234 1 2 8 M 10
234 6036 1 11 60 M 20
5334 5333 1 19 104 O 20
5094 3366 1 2 10 O 30
5982 3939 1 42 233 O 10
5943 2955 1 42 0 C 0
966 967 1 10 0 C 0
1240 309 2 9 0 C 0
309 358 2 12 0 C 0
1240 1238 1 4 0 C 0
1238 1239 1 3 0 C 0
1244 5279 2 4 18 O 20
5279 5277 2 4 19 O 30
5277 20 2 2 10 O 30
20 1243 2 14 74 O 10
1989 2849 2 32 0 C 0
465 948 2 14 0 C 0
948 4062 2 8 0 C 0
4062 4429 2 24 0 C 0
5631 5630 2 5 26 O 20
5630 2833 2 11 59 O 30
4137 2046 2 3 14 O 10
5084 2049 2 73 404 O 10
3965 5978 2 17 0 C 0
5978 3964 2 3 0 C 0
3964 5970 2 20 110 O 30
5970 5962 2 7 34 O 30
5962 5966 2 13 70 O 30
5966 3457 2 11 58 M 30
4058 2511 2 5 23 M 10
2511 4136 2 16 86 M 20
4136 5805 2 13 70 O 20
5805 4064 2 3 11 O 20
4064 5806 2 4 22 M 20
5806 4640 2 4 19 M 10
4175 1984 1 17 0 C 0
1984 4432 1 5 0 C 0
4432 4433 1 12 0 C 0
4433 5006 1 5 0 C 0
5006 5007 1 20 0 C 0
3345 4174 2 12 0 C 0
5141 230 1 34 0 C 0
1252 886 1 7 39 O 10
2164 2598 2 27 149 O 20
1255 1254 2 4 19 O 30
1888 1883 2 6 0 C 0
1883 1882 2 9 0 C 0
1882 5093 2 22 0 C 0
5093 1885 2 3 0 C 0
1262 1261 1 29 0 C 0
3663 4231 2 8 0 C 0
1263 4736 2 6 0 C 0
484 3351 2 2 0 C 0
3351 1239 2 65 0 C 0
1270 1092 2 4 0 C 0
1092 1093 2 7 0 C 0
1093 1271 2 3 0 C 0
1271 1971 2 46 0 C 0
1991 1997 2 7 0 C 0
1268 1267 1 8 0 C 0
4274 2861 1 20 0 C 0
2861 4287 1 35 0 C 0
3350 1272 1 10 0 C 0
1272 4023 1 15 0 C 0
1274 5005 1 35 0 C 0
5005 3914 1 41 0 C 0
3914 4028 1 16 0 C 0
4028 5003 1 19 0 C 0
5003 5004 1 22 0 C 0
1280 1279 1 13 0 C 0
1282 1281 1 26 0 C 0
1281 1280 1 9 0 C 0
5262 1003 1 7 0 C 0
1003 1274 1 3 0 C 0
1288 3591 2 4 21 O 20
3591 3291 2 30 163 O 20
3291 486 2 10 51 O 20
486 1285 2 9 49 O 20
2166 2174 1 24 132 O 10
2174 1076 1 12 64 O 10
1076 2178 1 8 39 O 30
1299 1298 2 6 32 O 30
1298 1297 2 46 253 O 30
1295 1294 2 20 111 O 20
1294 1293 2 2 11 O 20
1293 1292 2 17 89 O 30
1292 263 2 15 80 O 10
263 1291 2 3 12 O 10
1298 2529 2 53 289 O 30
2529 2553 2 13 72 O 20
2553 3580 2 14 72 M 10
3580 2552 2 37 202 O 30
1300 5144 1 59 325 O 10
1300 4424 2 2 8 O 10
266 1289 1 1 4 O 10
1289 3173 1 3 16 O 30
3173 265 1 3 17 O 10
265 1291 1 3 12 O 10
1291 1290 1 5 22 O 20
1290 266 1 3 13 O 30
2545 2547 2 14 75 O 30
2547 2548 2 12 66 O 10
2548 3565 2 17 94 O 30
1297 1296 2 26 139 O 20
1296 1295 2 15 78 O 20
1305 1304 2 18 98 O 10
1304 1302 2 16 84 O 10
1302 1303 2 16 87 O 20
1303 3163 2 23 123 O 10
791 405 2 4 21 O 10
405 580 2 3 13 O 30
1310 1309 1 3 15 O 30
1322 3293 2 2 10 O 30
3293 4128 2 31 168 O 10
1318 1319 2 10 54 O 30
1324 1325 1 2 10 O 20
1325 1326 1 5 27 O 10
1326 1324 1 2 6 O 10
1204 4277 2 27 147 O 30
1328 1327 1 18 97 O 10
4277 1326 2 6 30 O 20
4275 1332 1 25 134 O 30
1330 1329 1 18 96 O 30
1207 674 2 1 2 O 10
674 672 2 1 5 O 20
672 2410 2 6 29 O 30
2410 2409 2 2 11 O 30
2409 641 2 2 6 M 10
641 639 2 5 25 O 20
639 620 2 3 16 O 30
620 627 2 2 8 O 10
627 624 2 2 7 O 20
624 618 2 1 2 O 30
618 628 2 1 5 O 10
628 630 2 2 9 M 10
630 613 2 2 8 O 30
613 634 2 2 6 O 20
634 609 2 1 5 O 10
609 636 2 1 2 O 10
636 638 2 2 7 O 10
638 608 2 4 21 M 30
608 1333 2 2 9 O 30
5890 1337 2 35 191 O 20
1337 1336 2 13 67 O 30
3861 3864 2 38 208 O 10
3864 3511 2 2 10 O 20
3511 3498 2 27 145 O 10
5774 4839 2 15 80 M 30
4839 11 2 13 69 O 30
11 476 2 4 22 O 30
476 881 2 9 50 O 10
1341 1340 2 15 78 O 20
2532 3294 1 26 143 O 30
1351 4075 2 9 47 O 20
1350 5812 2 6 30 O 10
351 1884 1 35 0 C 0
3460 137 1 47 0 C 0
3385 1372 1 3 0 C 0
1367 1366 2 13 0 C 0
1366 1365 2 14 0 C 0
1365 1364 2 13 0 C 0
1364 1363 2 14 0 C 0
1363 1361 2 13 0 C 0
1361 1358 2 10 53 O 10
1370 1389 2 40 0 C 0
1389 1362 2 41 0 C 0
1366 3981 2 36 199 O 30
4555 3979 2 16 86 O 20
3979 1363 2 40 218 O 20
783 1371 2 19 0 C 0
1371 147 2 28 0 C 0
147 1390 2 4 0 C 0
1390 1368 2 39 0 C 0
1393 3386 2 10 53 O 20
3386 3978 2 8 44 O 10
3978 1365 2 39 214 O 30
3390 3387 1 2 0 C 0
1356 2490 1 2 7 M 10
1376 4325 2 28 154 O 10
4325 834 2 32 175 O 10
834 1377 2 8 44 O 20
1377 832 2 6 31 M 10
832 828 2 12 66 O 10
828 817 2 3 14 O 30
817 830 2 9 46 O 30
830 1378 2 22 121 O 10
1384 1376 2 3 15 O 30
1376 2503 2 12 62 O 30
2503 4346 2 2 7 M 10
4346 2591 2 17 92 O 20
2591 4334 2 14 73 O 10
4334 4328 2 7 39 O 10
4328 895 2 7 35 O 30
895 897 2 12 63 O 30
897 4327 2 2 11 O 10
4327 4332 2 7 36 O 10
4332 4326 2 11 57 O 30
4326 1380 2 16 85 O 10
1381 1401 2 19 104 O 30
1401 1382 2 17 92 M 20
1382 1383 2 21 115 O 10
1385 1386 2 19 105 O 30
1386 1362 2 21 112 O 20
1388 1387 2 20 109 O 20
1387 4567 2 10 50 O 10
4567 1397 2 21 116 M 20
1387 3388 2 12 64 O 10
3389 3388 1 2 9 O 20
1409 5287 2 8 41 O 20
5287 1407 2 56 307 O 10
1404 1403 2 24 130 O 10
1409 3985 2 11 56 O 20
2603 2571 2 27 145 M 20
4390 4121 2 34 185 O 30
4121 4160 2 17 89 O 30
4160 4319 2 12 63 M 30
3910 1405 1 1 5 O 30
1405 1407 1 2 10 M 10
1407 1406 1 2 9 M 30
1406 1404 1 3 12 O 30
1404 3910 1 1 2 O 30
38 4330 2 17 93 O 30
1413 1415 2 13 0 C 0
1413 1800 2 32 173 O 10
1434 1435 2 5 0 C 0
1435 1439 2 33 183 O 30
1440 1443 2 34 186 O 20
1443 1736 2 21 111 O 30
1736 1740 2 21 114 O 10
1740 1739 2 20 111 O 30
1739 1444 2 12 61 O 10
1425 1424 2 34 186 O 30
1432 1437 2 32 172 O 30
1414 1415 2 24 133 O 10
1415 1417 2 26 0 C 0
1421 1419 2 34 186 M 30
1411 1412 2 23 124 O 20
1430 1429 2 23 124 O 10
1429 5300 2 14 75 M 30
5300 1428 2 9 46 O 30
1443 1442 2 11 61 M 20
1442 1796 2 36 198 O 10
1429 1433 2 12 64 O 10
1433 1438 2 32 174 M 20
1435 1433 2 24 129 O 30
1433 1432 2 11 59 O 10
1432 1431 2 12 66 O 10
1412 1410 2 33 183 O 20
1440 1439 2 14 76 O 10
1439 1438 2 14 77 M 30
1438 1437 2 11 57 M 20
1437 1436 2 12 64 O 20
1422 1445 2 28 154 O 30
326 1474 2 2 6 O 20
1474 1467 2 34 185 M 30
1467 1738 2 3 11 M 20
1738 1736 2 11 57 M 10
1446 1447 2 28 155 O 10
1447 2333 2 43 238 M 20
2333 1451 2 13 71 O 20
1451 1452 2 16 89 O 10
1452 1453 2 17 92 O 30
1453 1454 2 12 67 O 30
1454 4390 2 11 59 O 30
1446 884 2 21 116 M 10
1461 4236 2 24 129 O 20
4236 1459 2 22 119 O 20
4598 1462 2 39 215 O 20
1463 2287 2 20 107 O 30
1446 1466 2 23 127 M 20
1460 1457 2 8 42 M 20
1465 4291 2 20 106 O 20
4291 1466 2 16 83 O 10
1465 1464 2 28 151 O 30
3900 1460 1 1 5 M 10
3899 1455 1 1 5 O 10
1455 2465 1 3 16 O 20
2465 1457 1 1 5 O 10
1457 1456 1 3 14 O 30
1456 3899 1 1 5 M 20
1737 1735 2 21 113 M 20
1470 1471 2 8 44 M 20
1797 1484 2 9 46 M 10
1483 1797 2 6 32 O 30
1797 1807 2 21 112 O 30
884 1468 2 1 1 O 30
1468 2328 2 4 18 M 20
2328 4290 2 34 186 O 20
4290 4289 2 36 196 O 20
4289 5923 2 14 74 O 30
5923 1449 2 10 54 O 20
2362 1735 2 3 17 O 30
1735 1483 2 27 146 M 30
4446 1477 2 3 11 O 10
1477 1480 2 6 28 O 10
1480 2365 2 34 188 O 30
2365 1485 2 21 115 O 20
1485 1486 2 23 125 O 20
1476 1475 2 62 341 O 20
1470 1469 2 15 78 M 30
1469 1468 2 15 79 O 10
1475 4445 2 26 144 O 20
1482 1479 2 51 281 O 10
1479 1480 2 10 54 M 20
1738 1442 2 20 111 O 10
1469 2335 2 50 273 O 10
1740 1737 2 10 52 O 20
1737 1481 2 1 5 O 10
1481 1478 2 32 174 O 10
5799 5360 2 5 0 C 0
4171 2978 2 11 60 M 30
2978 1517 2 10 50 O 10
1517 1516 2 9 50 O 10
1516 2977 2 13 67 O 10
1518 1516 2 23 123 O 30
1516 1584 2 10 52 O 30
1524 1523 1 6 29 O 20
4315 824 2 19 104 O 30
824 822 2 6 32 O 30
822 820 2 5 28 O 20
820 813 2 71 394 O 20
1336 1545 2 14 75 M 20
1548 4349 2 15 83 O 30
6039 1336 2 22 117 O 10
4097 4102 2 21 112 O 20
4102 743 2 15 82 O 10
743 6039 2 9 46 O 20
3394 5202 2 7 37 M 10
1590 1592 1 2 10 O 20
1592 1596 1 2 10 O 10
1596 388 1 3 13 M 20
388 1582 1 4 19 O 30
1582 1590 1 3 13 M 30
1589 1584 2 7 36 O 20
1584 445 2 2 10 O 30
445 1586 2 10 52 O 30
1586 1588 2 1 5 O 10
1588 1587 2 14 78 O 30
1587 1595 2 6 31 O 30
1604 1608 2 11 61 O 20
1608 1603 2 16 89 O 10
1592 4170 1 5 27 O 20
1626 5498 2 10 52 M 30
5498 1621 2 11 60 O 20
1621 1622 2 10 51 O 10
1624 1620 1 2 6 O 30
1628 5796 2 18 98 O 10
3 3349 1 23 0 C 0
3349 3348 1 19 0 C 0
3348 4184 1 20 0 C 0
4184 4185 1 19 0 C 0
4185 692 1 17 0 C 0
1655 1656 1 14 0 C 0
3913 3854 1 53 0 C 0
3854 4183 1 45 0 C 0
4183 4 1 8 0 C 0
1671 3582 1 2 0 C 0
1256 1672 1 15 0 C 0
5699 1651 1 22 0 C 0
1673 1650 1 10 0 C 0
1676 5165 1 17 0 C 0
5165 363 1 19 0 C 0
1656 4012 1 16 0 C 0
1679 5662 1 9 0 C 0
5172 16 1 14 0 C 0
1712 1709 1 45 0 C 0
1713 1707 1 19 0 C 0
1707 430 1 18 98 O 20
430 1704 1 10 51 M 20
392 3419 2 10 52 O 20
1732 2124 2 15 0 C 0
2124 1733 2 10 0 C 0
1733 1714 2 9 0 C 0
1714 3415 2 14 0 C 0
3415 1731 2 5 0 C 0
1731 1728 2 7 0 C 0
1728 1729 2 7 0 C 0
1722 2235 1 7 0 C 0
2235 1726 1 1 0 C 0
1723 1730 2 11 0 C 0
1730 2630 2 29 0 C 0
2630 1734 2 1 0 C 0
1734 572 2 14 0 C 0
1729 1717 2 3 0 C 0
1717 1723 2 14 0 C 0
1721 2234 1 9 0 C 0
2234 1724 1 7 0 C 0
1710 1716 2 25 0 C 0
1716 1218 2 12 0 C 0
1718 5869 1 9 0 C 0
1725 1720 2 13 0 C 0
1724 1715 1 10 0 C 0
1715 1718 1 10 0 C 0
1772 1775 1 9 0 C 0
1481 1467 2 21 112 O 20
1756 1757 1 7 0 C 0
1969 272 1 3 0 C 0
272 1753 1 19 0 C 0
1753 1151 1 5 0 C 0
1764 178 1 5 0 C 0
178 1762 1 10 0 C 0
1770 1777 1 3 0 C 0
1777 213 1 9 0 C 0
1778 3235 1 25 0 C 0
3185 4434 2 2 0 C 0
3890 1791 1 13 0 C 0
1794 3856 2 2 0 C 0
717 39 1 11 60 O 30
762 761 2 6 31 O 10
1804 1431 2 9 49 M 30
1431 1428 2 12 62 O 10
1428 2296 2 15 79 M 10
2296 2295 2 2 6 O 20
2295 1424 2 8 39 O 10
1448 1436 1 9 47 O 30
1484 4225 2 36 199 O 30
1802 1792 1 12 66 M 20
1424 4219 2 16 86 O 30
1813 1811 2 10 55 O 30
1811 1812 2 9 45 O 20
1372 1816 2 5 0 C 0
1398 5359 2 42 230 O 30
1816 1370 2 20 0 C 0
1370 1815 2 25 0 C 0
1815 1400 2 22 118 O 20
1823 1826 1 1 0 C 0
500 424 1 4 19 O 10
424 425 1 5 26 O 20
425 1793 1 6 33 O 10
1793 523 1 1 0 C 0
1794 3890 1 5 0 C 0
1841 1840 2 10 55 O 30
1840 1844 2 3 14 O 30
1844 5991 2 3 15 M 30
5802 1839 2 12 0 C 0
1839 3181 2 4 0 C 0
3181 5803 2 3 0 C 0
1846 1845 2 9 0 C 0
1845 1842 2 24 0 C 0
1842 1841 2 27 149 O 20
1832 1847 1 2 0 C 0
1892 1721 1 8 0 C 0
1727 1892 1 8 0 C 0
1901 1904 1 53 0 C 0
1900 1896 1 13 0 C 0
5096 1901 1 12 0 C 0
1894 1902 1 23 0 C 0
1898 1906 1 57 0 C 0
269 268 1 3 0 C 0
1913 6030 1 45 0 C 0
4401 1914 1 62 0 C 0
1933 1927 1 25 0 C 0
1932 1915 1 24 0 C 0
526 5816 1 4 0 C 0
5875 1891 1 8 0 C 0
1931 1788 1 67 0 C 0
1788 381 1 10 0 C 0
381 1785 1 7 0 C 0
1785 1933 1 34 0 C 0
1918 1925 1 25 0 C 0
1929 1918 1 52 0 C 0
1247 5438 1 10 0 C 0
1925 1920 1 82 0 C 0
1920 1922 1 33 0 C 0
1890 1930 1 9 0 C 0
1916 1931 1 40 0 C 0
5815 590 1 19 0 C 0
1911 1921 1 6 0 C 0
1940 1937 1 6 0 C 0
5896 1967 1 2 9 O 20
1967 1949 1 2 8 O 30
1949 1965 1 2 10 O 30
1965 1957 1 2 8 O 20
1957 5896 1 1 2 O 20
5895 1956 1 2 11 O 30
1956 1945 1 3 13 M 20
1945 1952 1 4 21 O 30
1952 5895 1 2 11 O 10
5157 1975 1 2 0 C 0
2002 1999 1 3 0 C 0
5160 3827 2 42 230 O 20
2005 2007 2 18 99 O 10
2010 2014 1 2 0 C 0
2014 2009 1 2 11 O 10
2009 2012 1 2 10 O 20
2012 2010 1 2 11 O 10
2011 2013 1 2 10 O 20
2013 2015 1 3 11 O 20
2015 2008 1 3 0 C 0
2008 2011 1 2 0 C 0
2018 2020 1 3 13 O 10
2020 2019 1 2 10 O 10
2019 2017 1 3 13 O 10
2021 3570 2 4 19 M 20
2037 4066 1 4 21 O 30
2032 2045 1 2 0 C 0
2045 2029 1 2 0 C 0
2029 4425 1 2 0 C 0
4425 2032 1 3 0 C 0
3568 2026 1 4 18 O 10
2026 2021 1 2 10 O 20
2021 2036 1 2 10 M 30
2036 3568 1 1 2 O 20
4858 2051 1 2 9 O 10
5082 2057 1 1 4 O 30
2057 2058 1 3 13 O 30
2058 2055 1 2 10 O 10
2055 2053 1 2 9 O 10
2053 5082 1 1 2 M 30
3825 2063 1 2 0 C 0
2063 3824 1 2 0 C 0
3824 2064 1 3 0 C 0
2064 2065 1 2 0 C 0
2065 3825 1 1 5 O 10
3826 2067 1 1 3 O 10
2067 2066 1 2 10 O 30
2066 2062 1 2 10 M 30
2062 2059 1 3 12 O 30
2059 3826 1 1 1 O 10
5669 2090 1 9 0 C 0
4017 4016 2 6 0 C 0
86 2093 1 17 0 C 0
2077 2075 1 21 0 C 0
2075 4493 1 10 0 C 0
2109 4528 1 6 0 C 0
4008 2117 1 20 0 C 0
2126 1935 1 12 0 C 0
1935 1936 1 15 0 C 0
5039 401 2 6 0 C 0
401 398 2 13 0 C 0
398 4986 2 2 0 C 0
5934 2121 1 2 0 C 0
3424 2118 2 8 42 O 20
2119 2120 1 6 0 C 0
2120 3945 1 12 0 C 0
2132 956 1 1 2 O 10
956 5379 1 42 229 O 20
2143 2138 1 3 0 C 0
2140 2134 1 10 0 C 0
2134 2136 1 7 0 C 0
5679 5681 2 8 42 O 30
5681 3799 2 7 37 O 20
3799 5680 2 2 10 O 10
5680 5793 2 5 25 M 10
1948 4792 2 19 101 O 10
4792 4014 2 10 52 O 30
4014 1867 2 12 66 O 20
1867 1865 2 7 38 O 10
1865 437 2 14 75 O 20
437 5486 2 19 105 O 20
5486 2151 2 7 35 M 20
4582 4584 1 2 0 C 0
490 5352 1 16 85 M 10
2167 2172 1 18 96 O 30
3938 4279 1 17 94 O 10
2168 5779 1 24 128 O 30
2192 5945 1 85 0 C 0
2197 5944 1 141 0 C 0
2193 2192 1 9 0 C 0
2196 2186 1 85 0 C 0
2182 2191 1 61 0 C 0
2184 2197 1 14 0 C 0
2189 2187 1 17 0 C 0
2201 2200 1 187 0 C 0
2207 5097 1 10 0 C 0
5098 4474 1 17 0 C 0
2138 2139 1 5 0 C 0
2001 1249 2 25 0 C 0
2011 5961 2 8 42 O 20
5961 4455 2 9 49 O 30
2236 779 1 32 0 C 0
2244 2243 1 2 0 C 0
2243 2242 1 3 0 C 0
2242 2245 1 4 0 C 0
2245 2244 1 2 0 C 0
2251 124 2 11 58 O 10
124 121 2 5 27 O 20
121 2257 2 14 74 O 10
2257 2262 2 9 48 M 10
2262 102 2 12 67 O 30
102 104 2 1 5 M 10
104 2272 2 23 125 O 10
2275 2276 2 27 150 O 20
2263 2260 2 31 171 O 30
2260 2259 2 21 113 O 30
2259 2258 2 4 19 O 10
4143 2255 2 31 168 M 10
2257 2261 2 18 99 O 30
2260 3197 2 40 219 O 10
2271 2266 2 13 70 O 30
2259 2250 2 40 221 M 30
3989 5305 2 26 0 C 0
5305 5417 2 16 0 C 0
5417 3239 2 12 0 C 0
2274 2273 2 45 247 O 20
4146 2264 2 38 211 O 30
2264 2265 2 59 327 M 20
2277 2282 2 34 188 O 20
2283 2282 2 26 140 O 30
2262 2256 2 26 141 O 20
2237 2238 2 19 0 C 0
2238 2239 2 19 0 C 0
2239 2241 2 19 0 C 0
2263 3403 2 29 157 O 20
2246 3960 2 23 0 C 0
2279 2283 2 37 204 O 10
2277 2278 2 50 276 M 10
2253 2252 2 23 124 O 20
5866 4723 2 9 0 C 0
4723 2242 2 26 0 C 0
3961 3962 2 21 0 C 0
3962 714 2 17 0 C 0
714 3470 2 39 0 C 0
3470 2474 2 4 0 C 0
4605 2286 2 26 139 O 10
1471 2339 2 41 228 O 10
2339 2340 2 42 231 M 10
3385 461 2 36 0 C 0
461 2396 2 12 0 C 0
2396 2397 2 4 0 C 0
4320 4321 1 19 105 O 10
2380 1810 2 59 324 O 20
2304 2302 1 4 21 O 30
2302 3483 1 2 9 O 20
3483 2304 1 2 10 O 20
3984 4310 2 15 79 O 20
4310 2359 2 20 110 O 30
2359 4309 2 15 79 M 30
2290 2292 1 2 7 O 30
2292 2293 1 3 11 O 20
2293 2291 1 4 21 O 20
2291 2290 1 1 4 M 30
2311 1403 2 48 265 O 30
2336 1452 2 27 147 O 30
3322 2287 1 3 12 O 10
2381 4313 1 43 234 M 30
4313 808 1 6 29 O 20
4330 2361 2 64 355 M 10
3911 2301 1 2 6 O 20
2301 2305 1 2 11 O 30
2305 2303 1 2 11 O 30
2303 3911 1 3 13 O 20
4222 2362 2 49 272 O 10
2463 2300 2 42 231 O 20
2300 2309 2 8 41 O 20
2309 2323 2 36 197 O 30
2308 2311 1 2 9 O 10
2311 2310 1 3 12 O 20
2310 2307 1 3 16 O 10
2307 2308 1 1 5 O 20
4600 2299 2 15 82 O 10
2299 2313 2 32 177 O 20
1453 2346 2 17 90 O 20
2346 3393 2 12 67 O 30
3393 2349 2 16 84 M 20
2349 2344 2 18 95 O 10
1477 2355 2 21 113 O 20
2355 2357 2 21 112 O 10
2357 4309 2 21 114 O 10
4309 3935 2 65 356 O 30
2305 2320 2 30 162 O 10
2320 867 2 24 128 M 30
867 2330 2 1 2 O 20
2330 2332 2 17 94 M 30
1405 2317 2 13 71 M 10
2317 2303 2 26 141 O 10
4291 4894 2 11 61 M 20
4894 4292 2 13 68 M 10
4292 2316 2 23 127 O 20
2316 4293 2 26 139 O 30
4293 2321 2 14 77 O 10
2321 2322 2 15 79 M 10
2322 1799 2 16 86 O 30
2329 1016 2 14 75 O 20
1016 1017 2 7 38 O 10
1017 1020 2 8 40 O 30
1020 2314 2 38 210 O 20
4160 2353 2 43 237 O 30
2353 2344 2 20 109 O 10
2344 2340 2 9 48 O 20
2340 3886 2 9 49 O 30
3886 2337 2 5 26 O 30
2337 2333 2 11 61 O 10
2366 2371 2 93 516 O 10
2391 2393 2 32 0 C 0
1820 4851 2 30 165 O 10
4851 2377 2 20 110 O 30
3986 2343 2 23 126 O 10
2349 2354 2 15 80 O 10
2374 1817 2 50 276 O 10
2360 2363 2 13 67 O 10
2385 2390 2 32 176 O 20
4224 1809 2 37 200 O 30
2301 2297 2 20 108 O 30
2321 2315 2 8 44 O 10
2297 2312 2 24 131 M 20
2312 2331 2 43 237 M 30
2298 2289 2 32 173 O 30
2289 2463 2 21 114 O 10
2463 2461 2 16 86 M 10
4320 1392 2 26 141 M 30
1473 2347 2 55 304 O 10
2347 4996 2 2 6 O 30
4996 3906 2 23 126 O 20
3906 4288 2 1 5 M 30
4293 2313 2 15 79 O 20
2313 2306 2 10 51 O 10
2306 2299 2 34 185 O 30
2299 4292 2 32 177 O 30
4292 2328 2 23 127 O 20
2326 2325 2 4 22 O 10
2306 2304 2 7 36 O 30
2296 1427 2 38 208 M 10
2319 2318 2 7 37 O 10
2345 2343 2 16 84 O 20
2343 2342 2 17 93 O 20
2342 2341 2 17 93 O 20
2334 2330 2 25 134 O 10
2379 2387 2 20 108 O 30
2387 2388 2 6 29 O 10
2388 1818 2 21 113 M 30
1485 2370 2 23 126 O 30
2370 2368 2 22 122 O 20
2368 2367 2 11 56 O 30
3183 3189 2 42 0 C 0
2294 2295 2 29 156 O 20
5388 2395 1 27 0 C 0
717 2390 2 10 55 O 20
2390 2392 2 12 61 O 10
2392 2393 2 11 0 C 0
2393 2394 2 11 0 C 0
2337 2335 2 42 231 O 30
2293 2307 2 25 137 O 30
2352 2342 2 24 128 M 10
2291 4303 2 17 92 O 20
4303 4599 2 18 94 O 20
4227 4226 2 45 247 O 20
4289 2338 2 24 132 O 20
2338 2347 2 19 103 O 20
4312 2381 2 31 169 O 10
2381 1396 2 6 33 O 20
2370 2355 2 51 281 O 10
2300 2312 2 20 107 O 30
4324 4329 2 64 354 O 10
2320 2327 2 25 137 O 10
2382 2385 2 13 68 O 10
2385 2389 2 12 64 O 10
2389 2391 2 11 59 O 30
2391 1819 2 11 0 C 0
1465 2288 2 23 127 O 30
2350 2351 2 27 147 O 30
2351 2353 2 15 79 O 10
2383 2387 2 25 135 O 30
4290 2326 2 8 42 M 20
2326 2324 2 7 34 M 30
2317 2327 2 22 118 M 30
2327 2334 2 26 141 O 10
4946 1793 2 2 6 O 10
1793 2392 2 11 56 O 10
2392 2389 2 32 175 O 10
2389 2388 2 12 63 O 20
2315 3482 2 4 22 O 20
3482 3481 2 2 9 O 30
3481 2315 2 2 9 O 20
4046 2348 2 15 83 O 20
4222 3180 2 41 226 O 20
4315 1378 2 7 34 O 20
1378 2592 2 4 19 M 10
2592 4311 2 10 53 M 10
4311 2371 2 4 22 M 20
2371 4322 2 6 29 M 20
4322 4329 2 12 64 O 20
4329 2361 2 17 90 M 10
2361 5358 2 11 60 O 20
2372 2368 2 14 73 O 10
2368 2357 2 39 215 O 30
4321 2364 1 30 162 O 10
2359 2363 2 25 137 O 30
2363 4310 2 27 149 O 30
2472 2470 2 37 200 O 30
2470 2464 2 22 122 O 10
2464 2468 2 20 110 O 10
3898 2457 1 1 4 O 20
2457 2459 1 3 12 M 20
2459 2458 1 3 13 O 20
2458 3898 1 2 7 M 30
2449 2450 1 2 9 O 30
2450 2451 1 2 10 O 30
2451 568 1 2 10 O 20
568 570 1 2 9 M 30
570 2449 1 1 4 O 20
2427 2431 2 14 77 O 10
2424 2420 2 19 102 O 20
2420 2416 2 30 161 O 30
2434 2435 2 14 72 O 30
2435 4302 2 60 330 O 10
2451 2458 2 25 136 O 10
2447 2452 2 16 85 M 30
2452 2456 2 16 84 M 20
2456 2462 2 17 92 M 20
2419 2415 2 16 88 O 20
2428 2429 2 22 120 O 20
2429 2432 2 28 155 M 30
2403 3400 2 28 155 O 30
2399 3283 2 38 209 O 30
341 2446 2 4 22 O 30
2470 3917 2 18 96 M 30
3917 2309 2 19 102 O 20
2435 2444 2 32 177 O 10
3937 1137 1 13 69 O 20
1137 5357 1 27 149 O 10
2441 2456 2 50 275 M 10
2456 2460 2 14 77 M 20
2460 4303 2 34 187 O 10
2453 2455 1 11 59 O 10
2455 2454 1 6 33 O 20
2454 2453 1 4 17 M 20
4304 2440 2 14 77 O 20
2419 2418 2 9 48 O 30
2408 2170 2 66 366 O 30
1335 2412 2 6 30 O 30
2412 3280 2 4 18 O 20
3280 2407 2 40 220 O 30
2407 2404 2 10 54 O 10
2404 2406 2 6 32 O 10
4306 4516 1 4 18 M 30
4516 2431 1 35 191 M 20
2431 4301 1 52 284 O 20
4298 4299 2 9 46 O 20
4297 2430 2 42 232 O 10
570 2448 2 9 47 O 10
1456 2459 2 10 52 O 30
4296 1801 2 50 278 O 30
1805 2439 2 54 296 M 10
4305 4304 2 12 66 O 30
4304 2442 2 8 40 O 20
2420 2421 2 22 119 O 30
2421 2423 2 31 167 O 10
4015 2434 2 33 178 O 30
2434 2433 2 7 35 O 30
4307 2441 2 16 84 O 10
2441 4306 2 22 120 O 10
2402 3398 2 7 37 M 20
3398 2744 2 9 48 O 20
4299 2457 2 15 83 O 30
2460 2452 2 27 147 O 10
1455 4389 2 19 101 O 10
3862 3859 2 8 42 O 10
5117 5114 1 81 449 O 10
4055 4215 2 15 82 O 30
3857 2475 2 6 0 C 0
2487 3559 2 19 106 O 20
2480 3068 2 62 343 O 20
3068 2482 2 9 48 O 20
2482 2484 2 13 70 O 30
2475 3870 2 25 0 C 0
3864 3865 2 19 102 O 20
3865 5813 2 4 19 M 30
5813 3863 2 16 84 O 30
3863 4985 2 13 70 O 30
3449 3225 2 17 90 O 30
3225 3220 2 21 115 M 30
5156 1360 1 7 34 M 30
1360 1359 1 7 35 O 10
2496 2490 1 6 33 O 20
1357 2496 1 7 34 M 10
2507 2506 2 14 77 M 10
1384 842 2 18 95 O 10
842 2500 2 1 4 O 10
4346 2502 2 18 100 M 20
2502 2501 2 23 127 O 10
2501 1382 2 12 65 O 10
1382 2618 2 24 130 M 20
2618 2617 2 20 109 O 20
2505 2619 2 19 101 O 30
2619 3887 2 9 46 O 10
3887 2501 2 9 49 O 20
2501 2506 2 9 47 O 30
2506 2499 2 9 45 O 20
2499 2504 2 8 44 O 20
2500 2502 2 17 90 O 20
2502 2589 2 17 90 O 30
2589 2677 2 2 8 O 20
2677 32 2 19 100 O 30
32 2586 2 1 4 M 20
2586 2585 2 20 110 M 20
2585 4336 2 17 91 O 10
4336 2332 2 17 91 M 10
2366 3909 2 10 53 O 30
3909 2503 2 19 103 O 30
5818 4386 1 22 119 M 20
4386 5819 1 126 699 M 20
4640 4639 2 3 15 O 20
2511 130 2 23 125 M 10
130 4380 2 11 56 O 10
2510 4135 2 29 160 O 20
4386 5034 2 23 124 O 10
5996 462 2 2 10 O 30
462 4054 2 14 75 O 10
5084 5083 2 5 22 O 10
5083 2046 2 5 27 O 10
5994 4133 2 25 137 M 10
3120 5306 2 40 221 O 30
5306 4122 2 11 61 M 10
3531 2527 2 10 55 O 20
2527 4490 2 70 386 O 20
2526 2174 2 75 416 M 20
577 5307 2 38 210 O 30
5307 578 2 10 50 O 30
2519 4123 2 52 286 O 30
2528 1286 2 67 371 O 30
2523 3686 2 20 109 O 10
3686 3687 2 22 117 O 20
2524 5241 2 32 172 O 10
5241 3696 2 6 31 O 10
3696 5240 2 3 16 O 20
5240 2166 2 25 138 O 30
2529 2528 2 22 118 O 20
2528 2527 2 22 117 O 30
2521 2520 1 4 0 C 0
2520 2522 1 3 0 C 0
2522 2523 1 3 0 C 0
2523 2223 1 3 0 C 0
3380 3381 1 21 116 O 10
1322 1305 2 26 139 O 10
1305 3164 2 3 15 O 30
3164 2524 2 20 111 O 30
2524 2550 2 11 59 O 20
2550 2526 2 11 60 M 30
2540 2543 2 21 112 O 10
2548 2549 2 50 277 M 30
1315 3530 2 18 96 O 20
3530 2539 2 24 133 M 10
795 2546 2 4 20 O 10
2546 3020 2 50 276 O 20
2541 2542 2 36 195 O 10
4074 2537 2 25 134 M 20
2537 3154 2 29 160 O 20
1316 2540 2 53 292 O 20
2540 2544 2 42 229 O 20
4124 4091 2 15 81 M 10
4091 2536 2 25 134 M 10
2536 3151 2 29 157 O 30
1318 1153 2 4 19 O 20
1153 4128 2 2 8 O 30
4353 3021 2 127 702 O 10
2554 4269 2 55 303 O 30
4269 4244 2 23 123 O 30
4244 4262 2 14 77 M 20
4262 4263 2 13 68 O 20
4263 4264 2 4 19 M 30
4264 4270 2 3 15 O 10
4270 4256 2 52 285 O 30
2559 992 2 36 200 M 10
992 5648 2 4 22 O 20
5648 2562 2 11 60 M 20
2560 2563 2 21 113 O 30
2563 3499 2 13 69 O 20
2555 2556 2 13 70 O 20
2564 2562 2 33 179 O 10
15 4056 2 25 137 O 30
2570 2574 2 38 209 M 10
2574 5294 2 42 230 O 10
5294 4802 2 41 224 M 30
4802 2660 2 10 53 M 10
2157 3306 2 12 63 M 30
1707 4212 2 27 147 O 10
4343 4462 2 8 39 O 10
4462 2584 2 11 56 O 30
2584 4460 2 16 84 O 20
4344 2610 2 16 84 O 10
2610 4461 2 11 57 O 10
4461 6007 2 10 54 O 20
6007 2585 2 58 320 M 20
2585 4327 2 18 100 O 10
4328 2586 2 18 99 O 30
2573 2570 2 24 133 O 20
2576 2574 2 28 156 O 20
2574 3316 2 6 32 O 30
430 431 2 12 65 O 20
431 5378 2 12 63 O 30
4333 4331 2 26 144 O 20
4107 2565 2 21 112 O 30
4334 4335 2 16 86 O 10
2677 2619 2 23 126 O 30
2619 1401 2 12 66 O 10
4323 899 2 17 93 O 10
899 4331 2 4 17 O 10
4331 898 2 4 18 O 10
898 4332 2 8 39 O 30
4464 2587 2 21 114 M 10
2587 3789 2 20 110 O 20
3353 2594 2 28 0 C 0
2592 1375 2 30 162 O 20
4438 1954 2 67 372 O 20
2573 4838 2 28 152 O 30
4838 2576 2 10 50 M 30
2576 2579 2 55 301 O 30
4340 2616 2 17 94 O 30
2616 2618 2 17 90 M 30
2618 2587 2 17 92 O 10
2587 2590 2 17 91 O 10
2590 2491 2 16 85 O 20
2580 6008 2 17 89 O 10
6008 6007 2 17 92 O 20
6007 4342 2 18 96 O 20
1381 2505 2 12 65 M 30
2505 32 2 23 127 O 30
2572 2601 2 37 205 O 30
2601 2568 2 9 45 M 30
2568 2565 2 19 102 O 10
2565 4108 2 18 100 O 20
4326 4336 2 18 98 O 10
4336 6008 2 58 321 O 10
6008 33 2 20 109 O 30
2657 33 2 17 90 O 30
33 2581 2 1 1 O 10
2581 2610 2 17 92 O 30
2610 4886 2 10 54 O 10
4886 2584 2 10 53 M 20
2584 4347 2 8 41 M 30
2590 2588 2 21 114 O 30
2615 4889 2 11 57 O 10
4889 2613 2 22 120 O 10
2445 3895 2 14 75 O 10
3895 3309 2 12 62 O 30
3309 2567 2 6 30 M 20
2601 2602 2 39 214 O 10
2611 2583 2 22 117 O 30
2583 2612 2 12 66 O 20
2611 2608 2 29 157 O 10
4345 2606 2 32 176 O 10
2606 2605 2 16 86 O 20
5782 3304 2 39 213 O 30
3304 2609 2 64 351 O 30
2604 1252 2 7 34 O 20
2607 4344 2 17 92 O 10
4344 4345 2 7 34 O 10
4345 1179 2 11 57 O 10
1179 4460 2 3 15 M 10
4460 869 2 20 107 O 10
869 2615 2 16 86 O 30
2615 4463 2 2 8 O 30
4463 3936 2 15 78 O 20
3936 2588 2 25 136 O 30
2600 4108 2 26 140 M 20
4108 4107 2 19 102 O 30
4107 4106 2 23 127 M 30
4106 3314 2 12 62 O 30
3314 2599 2 3 15 O 30
5694 4342 1 1 5 M 10
4342 4343 1 4 20 O 20
4343 4340 1 5 27 O 30
4340 4341 1 5 24 O 20
4341 5694 1 4 18 O 10
2621 2620 2 24 130 O 10
2620 4113 2 22 118 O 10
964 54 1 19 0 C 0
54 2961 1 25 0 C 0
3697 3698 1 17 0 C 0
2631 2597 2 13 0 C 0
2597 3249 2 15 0 C 0
3249 3933 2 1 0 C 0
2631 2632 2 16 0 C 0
2632 2705 2 5 0 C 0
2633 4527 1 8 0 C 0
4527 4526 1 9 0 C 0
4526 3855 1 6 0 C 0
3855 3913 1 18 0 C 0
4422 1987 2 34 0 C 0
1987 1994 2 15 0 C 0
1994 1990 2 17 0 C 0
5537 2641 2 38 211 O 30
2645 2644 2 22 119 O 10
2644 3292 2 10 51 O 30
3174 2652 2 56 306 O 10
2175 3538 2 9 48 O 10
3538 2645 2 11 60 O 30
2645 2655 2 27 147 O 10
2649 2650 2 45 247 O 30
1293 2651 2 37 204 O 20
2653 2652 2 6 31 O 20
2652 2648 2 22 121 O 30
264 3541 2 26 142 M 20
3541 5937 2 3 16 O 30
5937 2643 2 7 33 O 20
2643 3542 2 15 80 O 30
2654 2649 2 18 95 O 30
3177 3535 2 22 117 M 30
3535 2646 2 20 106 O 10
2646 2650 2 3 16 O 10
2650 3528 2 11 57 O 30
2656 3275 2 5 26 O 30
3275 2416 2 6 31 O 20
2416 2417 2 15 81 O 20
2417 2418 2 13 69 O 10
1145 4158 2 55 0 C 0
4674 4452 2 10 0 C 0
4452 5466 2 26 0 C 0
2664 3885 1 2 9 O 10
3885 2665 1 3 16 M 30
2665 3884 1 3 16 O 20
3884 2663 1 3 12 O 10
2663 2664 1 2 6 O 20
2711 2710 2 10 0 C 0
2710 207 2 2 0 C 0
2684 258 2 28 151 O 10
3883 2666 1 1 2 O 30
2666 2669 1 3 14 O 20
2669 2668 1 3 13 O 20
2668 2667 1 2 10 O 20
2667 3883 1 2 9 O 10
2688 2687 2 7 37 O 10
2687 2683 2 7 38 O 10
2683 2685 2 5 23 O 10
2685 2687 2 4 20 O 10
2700 3573 2 30 0 C 0
3573 2706 2 16 0 C 0
2706 2707 2 4 0 C 0
2658 2659 2 16 85 O 20
2669 2671 2 6 30 O 30
2668 2670 2 8 40 M 30
4110 2160 2 2 7 M 30
2712 4518 2 1 0 C 0
4518 2711 2 3 0 C 0
4413 306 2 3 15 O 20
306 2681 2 12 62 O 30
2681 2684 2 12 63 O 30
2684 4412 2 2 7 O 20
4412 4411 2 13 67 O 30
2682 2686 2 11 59 M 20
2674 4699 1 5 26 M 10
2709 2625 2 23 0 C 0
4809 5270 2 26 144 M 10
209 1723 2 19 0 C 0
2665 4813 2 11 57 O 20
2625 3572 2 12 0 C 0
3572 2704 2 3 0 C 0
2704 2699 2 23 0 C 0
2699 3484 2 12 0 C 0
3484 2624 2 4 0 C 0
2624 2623 2 10 0 C 0
2623 2695 2 10 55 O 30
2695 2690 2 26 142 O 20
3410 2701 2 12 0 C 0
2701 2703 2 6 0 C 0
2703 2702 2 2 0 C 0
2679 5495 2 8 40 O 30
5495 6047 2 4 20 O 10
6047 3806 2 4 20 O 10
3806 2678 2 7 38 O 20
2622 2695 2 11 57 O 20
2697 2698 2 19 0 C 0
989 2690 2 37 205 M 20
2709 4518 2 14 0 C 0
2675 2674 1 2 6 O 20
2674 4700 1 2 7 O 30
4700 2671 1 2 11 O 20
2671 2672 1 3 16 M 20
2672 2673 1 2 8 M 30
2673 2675 1 1 2 O 20
2818 3720 2 34 188 O 30
3720 284 2 1 4 O 20
284 3548 2 10 52 O 10
4100 4099 2 36 199 O 30
4099 4854 2 11 58 O 20
4854 4098 2 4 21 O 10
2746 4899 2 13 67 M 10
4899 2755 2 14 73 O 20
2755 2751 2 6 29 O 30
2758 2763 2 9 46 O 10
310 2779 2 14 76 O 30
2730 2728 2 15 83 O 30
2821 2819 1 2 8 O 30
2813 2811 2 29 158 O 20
4812 2808 2 12 62 O 20
2755 2767 2 34 189 M 20
2732 5563 2 2 10 O 20
2766 5017 2 21 111 M 30
5017 2776 2 7 39 M 10
2776 2780 2 4 21 O 10
2780 2788 2 10 54 M 10
2735 2743 2 14 73 O 20
2729 2735 2 36 199 M 10
2735 2734 2 22 122 O 20
2734 4928 2 4 18 O 10
4126 2811 2 26 142 M 30
2811 2804 2 17 92 O 10
2756 2759 2 20 111 O 30
2759 5015 2 27 145 O 30
5015 2769 2 2 9 O 10
2769 4856 2 13 67 O 10
2741 2753 2 16 84 O 10
2812 3504 2 14 74 O 10
2822 3746 1 13 68 M 10
3746 3783 1 13 67 O 10
3783 2815 1 10 51 M 20
2797 781 2 17 93 O 10
781 4812 2 1 3 O 20
1091 2803 2 57 314 M 20
2720 494 2 25 134 O 30
494 2726 2 2 8 O 30
2726 2731 2 11 58 M 30
2731 4095 2 11 60 O 20
4350 2783 2 9 47 O 20
2782 3557 2 27 149 M 10
3557 2796 2 8 40 M 30
2794 2792 2 22 117 O 10
2719 2721 2 19 105 M 20
2749 2754 2 17 89 O 10
2775 2787 2 20 107 O 30
2789 2790 2 11 59 O 10
2808 4099 2 24 128 O 30
4099 4101 2 17 93 O 20
1336 5303 2 23 123 M 20
5303 2802 2 5 27 O 30
2719 2725 2 23 125 O 10
2725 2733 2 21 116 O 10
2719 2717 2 12 66 O 20
4903 4902 2 13 71 O 20
4902 3229 2 15 81 M 20
3229 2727 2 2 11 O 20
2784 2776 2 13 69 O 30
2747 2743 2 25 137 O 20
3764 3784 1 10 51 O 10
3784 3747 1 11 57 M 30
3747 2819 1 12 63 M 10
2753 2752 2 8 42 O 30
2764 2762 2 28 151 M 30
3778 3804 2 5 27 O 30
3804 3779 2 6 28 O 10
3779 2817 2 8 44 O 30
2817 3781 2 4 22 O 20
3781 3777 2 9 47 O 20
2722 3231 2 20 109 O 30
3231 2728 2 3 12 M 10
2728 2736 2 22 120 O 10
2806 2804 2 18 99 O 20
2771 2764 2 16 86 O 30
2764 2757 2 13 71 M 30
4127 2800 2 33 181 O 20
2814 4126 2 18 95 O 20
2745 750 2 12 62 O 20
750 2742 2 24 129 O 10
2742 2740 2 18 96 O 30
4812 5990 2 33 181 O 20
2774 1549 2 11 60 O 10
4094 2760 2 9 46 O 10
2760 2761 2 25 136 M 20
4103 749 2 9 48 O 20
749 2795 2 15 80 O 30
2750 2759 2 27 146 O 20
2791 2777 2 27 150 O 20
2156 3934 2 2 8 O 30
2520 3684 2 19 103 O 10
3684 3150 2 16 87 O 30
1348 2829 2 10 55 O 30
4141 2833 2 21 115 O 20
2833 1121 2 37 201 M 20
1121 2830 2 6 29 O 30
5631 5634 2 21 116 O 10
2831 5639 2 27 147 O 10
5985 2827 2 11 60 O 10
2836 2839 2 16 88 O 30
1352 2918 2 10 52 O 30
2835 4261 2 20 109 O 20
4261 2840 2 15 82 O 30
4076 2834 2 37 205 O 20
2030 4368 2 10 55 M 30
2030 2022 2 10 53 O 10
2022 2841 2 11 58 M 30
2841 3070 2 10 52 O 30
3070 2840 2 5 27 O 20
2840 3069 2 27 145 O 30
395 5578 2 13 0 C 0
5578 5579 2 5 0 C 0
5579 5577 2 9 0 C 0
5577 3509 2 2 0 C 0
3509 711 2 7 0 C 0
711 5575 2 2 0 C 0
5575 5576 2 6 0 C 0
5576 3094 2 2 0 C 0
3094 177 2 60 0 C 0
2854 1265 2 7 0 C 0
4397 2521 1 43 0 C 0
2850 2849 1 4 0 C 0
2849 2851 1 3 0 C 0
2851 2852 1 4 0 C 0
2852 2850 1 2 0 C 0
1323 2858 2 9 0 C 0
1971 2844 2 34 0 C 0
2862 2860 2 53 0 C 0
2231 4287 2 2 0 C 0
2864 2865 2 22 0 C 0
2865 1671 2 38 0 C 0
2863 2864 1 2 0 C 0
2846 2847 1 4 0 C 0
2867 3703 1 55 0 C 0
1262 3697 1 41 0 C 0
4378 2909 1 21 0 C 0
5316 3699 1 12 0 C 0
2875 2628 1 82 0 C 0
2879 2877 1 13 0 C 0
2876 2872 1 20 0 C 0
2903 3963 1 10 0 C 0
5181 3241 1 8 0 C 0
3241 2880 1 53 0 C 0
2880 3238 1 19 0 C 0
2893 2896 1 10 0 C 0
2895 2894 1 2 0 C 0
2890 3525 1 29 0 C 0
3525 972 1 30 0 C 0
972 971 1 5 0 C 0
971 5365 1 19 0 C 0
2892 2891 1 7 0 C 0
2900 6034 2 12 0 C 0
2904 5737 1 24 0 C 0
5737 778 1 12 0 C 0
410 3868 1 19 0 C 0
3868 3860 1 35 0 C 0
3860 3711 1 2 0 C 0
4376 2907 1 155 0 C 0
2907 2908 1 499 0 C 0
2909 2911 1 256 0 C 0
2911 2910 1 199 0 C 0
2910 2913 1 197 0 C 0
3704 2912 1 8 0 C 0
2914 3706 1 12 0 C 0
2914 3705 2 11 0 C 0
2912 3252 1 5 0 C 0
5954 594 2 16 0 C 0
594 593 2 3 0 C 0
593 3574 2 5 0 C 0
2919 2838 2 38 208 O 10
2931 2927 2 44 240 O 20
2916 2922 2 65 359 O 20
2928 3369 2 38 207 O 20
3376 3375 2 42 230 O 30
3375 2832 2 31 168 M 10
2832 295 2 2 10 M 20
237 3376 1 7 35 O 30
2929 2931 2 19 104 O 30
2931 2932 2 10 51 M 10
2932 3993 2 16 85 M 30
3992 2930 2 32 177 O 10
2921 2917 2 59 327 O 20
3372 2930 2 14 74 O 20
4140 1353 2 51 280 O 30
4399 4400 2 28 155 O 30
2951 2954 1 15 0 C 0
2956 2958 1 3 0 C 0
2960 2957 1 3 0 C 0
4905 148 1 15 0 C 0
148 2088 1 5 0 C 0
2953 2950 1 20 0 C 0
2955 1632 1 15 0 C 0
1632 702 1 43 0 C 0
1509 4633 2 11 58 M 10
4198 4199 2 13 68 O 10
3715 2969 2 14 72 O 20
2970 1537 2 18 98 O 10
4201 4203 2 22 122 O 20
4203 4967 2 7 39 O 10
2975 4547 2 29 158 O 10
2969 3972 2 12 66 O 30
1518 1696 2 9 50 O 20
1696 2983 2 10 51 O 30
2979 1880 2 21 115 O 20
1880 4356 2 3 16 O 10
4356 4636 2 8 43 O 20
2977 4201 2 10 54 O 20
4201 2976 2 10 54 O 30
1578 4206 2 21 116 O 20
388 2974 2 9 45 O 20
2974 1879 2 16 88 O 20
4202 2982 2 10 53 O 10
2982 2977 2 23 122 M 10
2977 1588 2 10 52 M 10
4071 4068 1 25 137 O 20
5314 2987 2 10 55 O 20
2987 2989 2 15 81 O 30
3093 3842 2 16 0 C 0
3001 1976 2 55 0 C 0
3659 3814 2 29 0 C 0
4349 4350 2 9 47 O 30
6011 2797 2 7 36 O 10
2797 5990 2 24 131 M 30
5990 4100 2 9 45 O 10
4100 5890 2 7 38 O 10
2802 2801 2 34 186 M 10
1546 781 2 14 76 O 20
1550 1547 2 8 40 O 10
6039 4929 2 11 58 O 30
2802 5891 2 12 62 O 30
2803 5302 2 2 7 O 10
5302 2802 2 12 62 M 30
4932 3014 2 25 134 M 20
3014 1550 2 8 44 O 30
4097 4348 2 11 57 O 30
4348 4932 2 11 58 M 10
2785 2779 1 8 44 O 30
5564 5565 2 47 260 M 10
2748 2745 2 4 21 M 30
2745 2739 2 8 41 M 30
3026 5845 2 9 46 O 20
3015 3017 2 24 129 M 30
4358 4001 1 10 51 O 10
4352 4925 2 7 37 M 30
5845 3022 2 14 73 O 20
3026 3025 2 34 185 O 20
3956 5244 2 47 256 O 30
5244 4360 2 1 3 M 10
2752 2748 2 22 121 O 30
3282 3029 2 27 148 O 30
3022 3021 2 24 132 O 30
3021 3018 2 19 103 O 20
1549 2762 2 13 72 O 10
2762 2752 2 14 75 O 10
3027 3025 2 45 248 O 10
3075 5618 2 9 48 O 20
5618 5619 2 16 87 O 10
3057 3058 2 7 34 O 20
2032 3051 2 11 0 C 0
3051 5031 2 13 0 C 0
5031 4426 2 3 0 C 0
3065 3066 1 2 8 O 20
3871 3053 2 63 350 O 30
3060 4876 2 27 146 O 30
4876 3058 2 43 238 M 20
4651 2038 2 55 302 O 30
2038 3074 2 5 26 M 20
3074 3076 2 32 174 O 20
5976 5979 2 20 0 C 0
5979 4799 2 16 0 C 0
4799 3048 2 14 0 C 0
3048 3456 2 8 0 C 0
3046 3047 2 8 0 C 0
3251 3052 2 19 101 O 20
3054 3055 2 12 64 O 30
5587 3050 2 12 0 C 0
3081 3262 2 38 208 O 30
3042 4724 2 2 0 C 0
4724 5865 2 4 0 C 0
3038 1068 2 24 0 C 0
1068 3190 2 9 0 C 0
3061 990 2 12 62 O 10
990 2557 2 9 48 O 20
3494 3493 2 51 280 O 20
5700 6 1 20 0 C 0
3090 4941 2 2 0 C 0
3090 3091 1 15 0 C 0
3102 3657 1 3 0 C 0
3105 3104 2 7 0 C 0
3104 3103 2 33 0 C 0
3103 3098 2 15 0 C 0
3097 3099 1 10 0 C 0
4935 5743 2 7 33 O 10
5743 5742 2 10 51 O 10
4129 2638 1 35 191 O 10
2640 5105 1 14 75 O 10
2636 2640 1 39 217 O 20
2639 3942 1 39 216 O 30
317 316 1 2 7 O 30
3158 3160 1 3 12 O 30
320 4123 1 2 8 O 10
314 3132 1 2 6 O 10
319 4122 1 2 8 M 30
3145 3143 1 2 9 O 20
3143 3140 1 2 9 O 30
3140 3138 1 1 5 O 20
3138 3137 1 2 9 O 10
3137 3144 1 3 14 O 20
3144 3146 1 2 10 O 30
3146 3148 1 1 5 M 30
3148 3147 1 2 9 O 10
3147 3145 1 2 6 O 20
3135 3116 2 46 251 O 10
3169 3536 2 6 33 O 30
3536 3166 2 19 105 O 30
3178 3537 2 11 58 O 30
3537 3179 2 2 11 M 30
2550 5120 2 24 132 O 20
5120 3163 2 11 56 O 10
318 3153 2 21 112 O 10
3134 3142 2 21 112 O 10
2846 3518 2 30 167 M 30
3176 3166 2 27 149 O 10
3166 796 2 17 94 O 30
3160 3162 2 49 267 O 20
3155 3159 2 21 113 M 10
3695 1322 1 35 192 M 20
1314 3693 2 21 113 O 20
3693 2522 2 57 315 M 20
3141 2851 2 41 0 C 0
3028 4926 1 62 341 O 30
3115 3130 2 48 266 M 30
3119 2519 2 22 121 O 20
2519 3126 2 22 122 O 30
3168 1244 2 7 37 O 30
3157 3156 2 2 8 O 20
419 3128 2 51 279 O 20
3125 3115 2 34 184 O 10
3115 3957 2 15 78 O 30
3127 3130 2 14 75 M 30
3130 3135 2 15 81 O 30
3135 5572 2 9 50 O 20
5572 3149 2 11 61 M 10
3957 3116 2 31 170 O 30
3116 3123 2 22 121 O 30
316 3112 2 53 0 C 0
3170 1294 2 37 204 O 20
3139 3156 2 29 161 M 10
3171 3175 2 11 60 O 10
3118 3114 2 17 94 O 10
792 3174 2 5 22 M 10
3174 296 2 23 126 O 30
296 793 2 12 63 O 20
2378 1846 2 56 0 C 0
3919 454 2 20 0 C 0
454 453 2 12 0 C 0
453 452 2 15 0 C 0
452 2122 2 13 0 C 0
3198 5280 2 6 33 O 20
5280 3199 2 28 154 O 30
3199 4267 2 28 152 M 20
3216 5308 2 51 280 O 20
5308 3206 2 34 186 O 20
3205 3208 2 14 76 O 10
3231 3229 2 20 110 M 20
6003 2727 2 22 119 O 30
4895 3230 2 28 155 M 20
3217 3222 2 12 62 O 30
3222 3223 2 7 37 O 10
4104 3230 2 11 58 O 30
3230 2724 2 11 57 O 10
5647 471 2 20 107 O 30
471 3441 2 6 32 O 30
5413 5415 2 25 134 O 10
3194 5749 2 6 33 O 20
5749 5224 2 16 85 O 10
5224 5727 2 3 0 C 0
3833 3210 2 28 151 M 30
3210 3211 2 16 86 M 10
3209 3835 2 6 28 O 10
3835 3207 2 12 62 M 10
3207 126 2 6 32 O 10
3202 3203 2 16 86 M 10
3203 3562 2 8 44 O 10
3232 2563 2 67 369 O 30
2563 3325 2 13 68 O 20
3325 3227 2 13 67 O 30
3227 3225 2 24 129 M 20
3225 3219 2 25 136 O 30
3200 4000 1 2 10 O 30
2727 2726 2 23 125 O 10
2726 492 2 12 63 O 20
492 2725 2 19 101 M 10
2725 2724 2 12 64 O 10
2724 2723 2 18 96 O 20
2475 3861 2 43 238 O 20
2925 2926 1 8 41 M 20
4873 5215 2 11 58 O 20
5215 3247 2 15 79 M 30
3247 2835 2 31 168 O 30
2835 5633 2 4 20 O 30
2481 4544 2 8 41 O 30
3251 5973 2 31 170 M 10
2694 2697 2 20 109 O 20
2494 5695 2 79 434 O 20
5695 2497 2 5 24 O 30
5002 4317 2 7 38 O 30
2993 3264 2 24 128 O 10
3264 2995 2 6 29 O 30
2989 2990 2 22 120 M 10
3999 2989 2 17 93 O 20
2989 2994 2 16 84 O 30
2992 2993 2 18 99 O 30
5590 2994 2 10 54 O 10
2994 1636 2 15 82 O 30
3071 3258 2 44 244 M 10
3245 5635 2 33 180 O 20
3071 5619 2 41 224 O 10
5619 5621 2 10 52 O 20
3056 2828 2 2 11 O 30
2828 3871 2 9 45 O 20
3871 5640 2 5 26 M 20
3258 5770 2 23 126 O 10
5634 5633 2 11 58 O 20
2479 2834 2 11 60 O 30
3073 3075 2 13 71 O 20
3075 3078 2 36 200 O 10
3078 3079 2 19 100 O 30
5637 5634 2 69 380 O 10
5640 5639 2 26 144 O 30
5639 5163 2 13 69 O 30
5163 5637 2 1 5 O 30
5163 5638 2 23 127 M 20
3861 3869 2 40 221 M 20
3869 3870 2 28 153 O 30
3265 3263 2 19 100 O 20
3264 3265 2 13 71 O 20
3265 3267 2 23 124 O 10
3266 3268 2 30 166 O 20
3268 1635 2 6 30 O 20
763 2264 2 12 63 O 10
2264 2269 2 20 109 O 20
3403 3197 2 22 122 M 10
3197 5775 2 15 81 O 10
2281 974 2 2 8 O 10
974 4514 2 21 111 O 20
3271 670 2 5 26 O 20
670 669 2 2 11 O 20
669 667 2 2 8 M 10
667 3270 2 1 4 O 10
5547 5548 2 9 45 O 20
2417 3278 2 25 138 O 20
2414 3276 2 15 80 M 20
3276 5989 2 5 22 O 10
3277 3273 2 15 79 O 20
3275 3274 2 14 75 O 20
3280 3279 2 25 136 O 10
2169 2165 2 43 234 O 20
3281 3279 1 6 32 O 30
3279 6048 1 1 1 O 30
6048 3281 1 1 1 O 30
3029 4708 1 13 67 O 20
2545 2544 2 8 39 O 30
2544 2541 2 12 65 O 20
2541 4823 2 17 92 O 30
4823 2538 2 28 152 O 30
2538 324 2 10 56 M 30
5562 3283 2 12 62 M 30
3016 3020 2 13 67 O 20
3018 4354 2 83 459 O 10
3025 3024 2 33 178 M 20
3025 3018 2 26 139 O 20
3284 3285 2 3 12 O 30
3028 3175 2 3 15 O 20
3175 3172 2 10 52 M 30
3172 4352 2 22 122 O 10
3285 2551 2 1 4 O 20
2551 3170 2 12 66 O 30
3170 3289 2 19 105 M 30
3289 1290 2 17 93 M 30
3288 486 2 26 140 O 10
3286 3290 1 3 0 C 0
3290 3287 1 3 0 C 0
3288 3286 1 2 0 C 0
1292 3289 2 20 108 O 10
3097 1268 2 13 0 C 0
2644 2649 2 15 83 O 30
2443 1236 1 4 17 M 20
1236 341 1 2 8 O 20
341 2443 1 23 125 O 30
5549 2551 2 7 34 O 30
2203 4904 1 3 0 C 0
2206 5098 1 5 0 C 0
3694 4039 2 20 0 C 0
721 146 2 15 83 O 20
146 2663 2 16 88 O 20
2609 2582 2 11 60 O 10
2582 2579 2 12 62 M 10
2579 2608 2 12 65 O 10
4800 4801 2 13 68 O 10
1252 3305 2 43 236 O 10
3305 2568 2 19 103 O 10
3306 2600 2 51 281 O 10
2600 856 2 56 309 M 10
856 2598 2 15 80 O 30
2583 2582 1 15 79 M 20
2582 4837 1 64 353 O 10
4837 3307 1 38 211 O 20
2609 2612 2 15 81 O 20
2612 2614 2 15 81 O 10
2614 2660 2 44 239 M 30
4112 2163 2 59 323 O 30
2567 2569 1 5 28 O 20
2461 2468 2 20 107 O 20
2468 2471 2 19 101 M 20
2436 2432 2 30 164 O 10
4010 4011 2 26 144 M 20
3309 3312 2 8 43 O 20
160 5545 2 4 18 M 10
5545 2163 2 20 111 O 20
3313 3310 1 8 40 O 20
3310 3312 1 3 14 O 20
3312 3313 1 1 3 O 30
2598 4010 2 42 229 O 30
3310 3308 2 5 23 O 20
2600 3315 1 14 76 O 10
3317 3314 1 32 173 M 30
4109 3317 1 12 63 O 10
3317 4106 1 20 109 O 30
3318 5196 1 11 57 O 20
4617 3319 2 5 22 M 10
5888 3321 2 11 59 M 20
3321 5885 2 10 52 M 20
5885 5886 2 6 28 O 30
2297 2289 2 20 107 O 10
3327 3326 2 40 220 O 20
2479 2838 2 13 71 O 30
2838 4140 2 9 50 O 30
4140 1354 2 9 48 O 30
5331 3363 2 10 0 C 0
3363 5328 2 6 0 C 0
5328 5329 2 3 0 C 0
5329 3358 2 10 0 C 0
3359 5330 1 1 0 C 0
3361 3360 1 3 0 C 0
5394 3362 1 2 0 C 0
3362 3364 1 2 0 C 0
3364 3359 1 1 0 C 0
1394 3386 2 23 124 O 30
5867 3683 2 19 101 M 10
3683 6049 2 10 50 O 20
6049 3682 2 10 50 O 20
3682 3676 2 3 12 M 30
3676 3121 2 16 88 O 30
3121 3122 2 4 20 M 20
3122 755 2 19 100 O 10
755 405 2 5 25 O 10
405 753 2 10 51 O 30
753 3131 2 14 76 O 30
5322 418 2 17 92 O 30
418 3161 2 37 203 O 10
4035 2536 2 23 125 O 10
2536 2537 2 24 130 O 20
3400 3397 2 19 105 O 20
2744 2401 2 14 76 M 10
5563 2746 2 32 177 M 10
4096 3400 2 30 164 M 30
3283 2403 2 2 7 O 30
3398 3399 2 13 68 O 30
3396 4104 2 2 10 O 20
4104 5828 2 29 160 M 30
5828 2400 2 5 26 O 10
3407 2278 2 18 99 O 20
3443 3408 2 22 119 O 10
3405 3406 2 7 37 M 10
3411 1895 2 2 0 C 0
3412 3411 2 4 0 C 0
2692 2696 2 14 76 O 20
4411 4410 1 12 62 M 10
4410 2691 1 12 62 O 20
3416 3418 1 4 21 O 30
1704 3420 2 39 217 O 10
431 3419 2 10 52 O 20
1709 1713 2 10 0 C 0
1713 1703 2 4 0 C 0
5315 2596 2 16 0 C 0
2596 2595 2 3 0 C 0
2595 1701 2 15 0 C 0
1701 3421 2 11 0 C 0
2770 2760 2 28 154 O 20
2717 2724 2 23 123 O 30
2743 2741 2 21 115 O 20
2741 2738 2 2 6 O 30
2738 2736 2 20 110 O 20
2736 2737 2 10 53 O 20
3912 466 2 13 0 C 0
466 4815 2 19 0 C 0
4815 4393 2 18 0 C 0
5023 3923 2 20 0 C 0
3463 5023 2 30 0 C 0
2799 4102 2 28 155 O 20
3569 4716 1 4 22 O 30
5947 72 2 5 24 O 20
72 71 2 11 58 O 10
71 5588 2 9 45 O 20
5588 5589 2 3 14 O 20
5589 5529 2 12 63 M 10
5274 81 2 15 83 O 10
81 2036 2 7 38 O 30
3428 3427 1 1 3 O 10
3427 3569 1 4 20 O 10
3569 3429 1 4 21 O 10
3429 3426 1 1 3 M 30
3426 3428 1 1 3 O 10
2247 96 2 49 270 O 30
96 859 2 7 36 M 20
2564 2561 2 48 263 O 30
2561 2560 2 2 10 M 10
2560 3226 2 12 62 O 30
3226 3324 2 12 64 O 30
5778 2251 2 56 310 O 30
3432 4265 2 28 154 O 10
2268 4238 2 9 46 M 10
4238 106 2 13 67 O 30
106 110 2 5 26 O 20
110 114 2 13 69 O 20
114 112 2 2 6 O 30
112 108 2 5 24 O 30
108 116 2 9 45 O 30
116 118 2 1 4 M 10
118 2254 2 1 2 O 20
456 457 2 9 47 O 20
3431 2248 2 74 408 O 30
2248 2249 2 8 39 O 20
2249 2252 2 19 103 O 20
2252 2254 2 15 78 O 30
3435 2489 1 4 19 O 20
4144 3438 2 11 56 O 30
3199 3437 2 15 78 O 20
3451 3066 2 24 129 O 10
3447 3448 2 12 65 M 30
3219 2558 2 22 118 M 30
3215 3226 2 41 228 O 10
3224 3222 2 15 78 M 10
3452 3453 2 22 121 O 10
6001 3458 1 8 43 O 20
3459 3455 2 12 66 O 10
4142 4146 2 26 144 O 30
4146 4143 2 21 115 O 30
4143 4147 2 6 29 M 10
4147 5778 2 18 99 O 20
5778 4145 2 18 95 O 30
3193 3473 2 17 0 C 0
3473 3475 2 4 0 C 0
3196 3472 2 10 53 O 30
3474 3473 2 8 0 C 0
2474 3471 2 24 0 C 0
3471 2241 2 11 0 C 0
2241 4923 2 11 0 C 0
3192 3193 2 12 65 O 30
3193 3196 2 22 121 O 10
714 3475 2 28 0 C 0
3479 3477 2 5 24 M 20
3477 3480 2 2 10 O 10
3480 3479 2 3 11 O 20
2693 2694 2 2 10 O 10
3476 2693 2 2 6 O 30
208 3486 2 10 0 C 0
2322 3479 2 7 36 O 20
1224 3202 2 8 44 M 10
3202 3205 2 22 118 O 30
3058 5774 1 14 78 O 20
3493 3489 2 4 19 M 30
3491 3490 2 11 56 O 10
3495 3492 2 13 70 O 10
3492 3496 2 4 21 O 10
2840 3497 2 40 222 O 10
5813 3500 2 25 136 O 30
3072 5771 2 16 87 M 30
2778 5725 2 25 137 O 20
5725 2800 2 30 164 O 30
2800 2806 2 14 77 O 20
2806 3504 2 18 96 O 20
3504 3505 2 9 47 O 10
3501 3507 2 14 75 O 30
2809 3508 2 22 121 O 30
3503 3501 2 12 64 O 20
3501 3502 2 10 54 O 10
3502 3503 2 5 23 M 20
3511 3512 2 31 170 M 10
3513 1067 2 5 26 O 10
1067 4742 2 4 18 O 20
4742 4538 2 3 14 O 20
4538 5220 2 16 88 O 10
5220 261 2 2 6 O 30
261 5219 2 2 6 O 20
2997 3514 2 3 15 O 20
2405 247 1 2 8 O 30
247 2406 1 5 24 O 10
2406 2405 1 1 2 O 30
3450 3227 2 21 113 O 20
3227 3447 2 15 81 O 30
3447 5646 2 12 64 O 20
2804 3520 1 29 157 O 10
3520 3519 1 16 85 O 30
3519 2804 1 13 68 O 30
5202 3162 2 27 146 O 30
3526 3539 1 17 0 C 0
3695 22 2 14 73 O 10
22 24 2 6 32 M 20
24 3167 2 15 81 O 10
3696 3552 1 19 100 O 10
2648 2647 2 1 3 O 20
2526 3533 2 30 166 O 30
3533 2525 2 13 70 O 10
2525 2552 2 6 28 O 20
2552 3284 2 4 18 O 30
1304 3293 1 18 95 O 30
4457 3169 2 6 29 O 20
3169 267 2 8 44 M 30
267 3024 2 12 66 O 10
3529 3527 2 22 117 M 20
3532 3533 2 29 157 O 20
3530 3527 2 16 86 O 20
3527 3540 2 16 88 O 10
3534 3535 2 15 82 O 20
267 3536 2 6 29 O 10
3536 3590 2 27 147 O 10
3538 3537 2 22 120 O 30
3542 2651 2 6 33 O 10
3114 6021 2 5 26 M 20
6021 5574 2 14 77 O 30
5574 3957 2 36 196 O 20
3544 3543 2 18 96 O 10
3541 2643 2 15 78 O 30
5459 517 2 3 0 C 0
517 515 2 7 0 C 0
515 510 2 11 0 C 0
510 514 2 1 0 C 0
514 5930 2 4 0 C 0
5930 516 2 2 0 C 0
516 513 2 6 0 C 0
513 5931 2 6 0 C 0
5931 785 2 2 0 C 0
5218 4568 1 9 45 O 30
4568 5229 1 7 35 O 30
5229 4569 1 6 30 O 30
4569 1963 1 10 53 M 30
3550 3549 2 6 33 O 30
3516 5090 1 9 46 O 20
4066 5629 1 20 107 O 20
5629 2043 1 8 43 M 10
1338 3076 2 44 242 M 20
3076 3077 2 9 49 O 30
2787 3556 2 20 106 O 20
3556 2794 2 3 16 M 20
2794 2798 2 13 69 O 30
3556 3557 2 11 61 M 30
3506 1546 2 9 46 M 20
2765 2763 2 19 104 O 10
5313 2765 2 11 58 O 20
2765 2772 2 13 72 M 30
3490 3492 2 26 143 O 20
2482 2483 2 31 172 O 20
2487 2486 2 15 83 O 10
2486 4057 2 10 53 O 30
2486 1027 2 24 130 O 30
2023 2043 2 2 7 M 30
2043 2044 2 5 24 O 20
2044 2027 2 4 19 O 20
2027 2024 2 7 36 O 10
2024 2038 2 10 52 O 10
5643 473 2 1 4 M 10
473 3495 2 33 180 M 10
3495 2480 2 16 89 O 30
2480 4055 2 10 54 O 30
4055 5644 2 32 177 M 20
5725 2795 2 20 110 O 20
2795 2790 2 32 175 O 10
2790 2793 2 13 67 M 30
3203 3204 2 11 59 M 20
3207 3205 2 18 97 M 10
3211 3208 2 57 316 O 20
3099 177 1 9 0 C 0
4431 3096 1 6 0 C 0
4549 1266 2 13 0 C 0
1266 3352 2 12 0 C 0
3352 2855 2 18 0 C 0
2855 1258 2 23 0 C 0
3904 1474 1 9 44 M 10
1474 4288 1 4 19 O 20
4288 1796 1 17 94 O 30
1301 2543 2 31 167 O 30
2543 2547 2 41 227 O 20
3565 5549 2 2 11 O 10
68 4549 2 2 0 C 0
5383 485 2 16 0 C 0
485 2853 2 24 0 C 0
1283 1286 1 20 108 O 20
1286 1287 1 8 39 O 30
1284 1174 1 29 159 O 20
1174 882 1 9 49 M 10
1268 4430 2 10 0 C 0
4430 3095 2 2 0 C 0
1486 2379 2 17 94 O 20
2379 2380 2 3 16 O 10
2380 2382 2 9 50 O 20
2382 2386 2 28 155 O 20
3566 4566 1 2 10 O 10
4566 1814 1 15 83 O 20
3567 1781 2 32 0 C 0
4951 1783 2 22 0 C 0
1783 1782 2 3 0 C 0
1782 3567 2 12 0 C 0
5322 4074 2 23 127 O 10
4074 4091 2 23 127 O 10
4091 4034 2 23 126 O 10
4034 386 2 25 135 O 30
573 3165 2 12 61 O 20
3165 3020 2 7 35 M 10
3020 574 2 15 78 O 10
413 1349 1 13 70 O 30
5821 1354 2 49 270 O 10
1601 1591 2 23 123 M 20
1591 1598 2 13 71 O 10
1598 1583 2 11 57 M 20
1583 1585 2 7 38 M 10
4448 1581 2 5 25 O 30
1581 1580 2 4 18 M 20
1501 69 2 29 156 O 20
4673 5121 2 10 0 C 0
5121 3040 2 8 0 C 0
365 5446 2 8 0 C 0
2705 2702 2 28 0 C 0
5580 5583 2 10 55 M 30
5583 5582 2 18 100 O 20
5582 5581 2 4 18 M 30
5581 5642 2 4 17 O 10
4395 1655 1 12 0 C 0
2205 5097 1 16 0 C 0
5097 4470 1 10 0 C 0
384 3414 2 48 0 C 0
1610 1561 2 10 52 M 10
1561 5133 2 9 49 O 10
5133 4013 2 16 84 O 30
4013 1562 2 4 22 M 10
1562 5131 2 4 20 O 20
5131 4553 2 6 29 O 20
4475 1615 2 9 49 O 30
1615 1619 2 27 147 O 20
1619 1611 2 18 98 O 10
1611 1616 2 15 78 O 30
2999 3654 2 17 0 C 0
3579 3578 2 9 46 M 10
1296 5019 2 22 119 O 10
5019 3580 2 9 46 O 10
1628 3620 2 8 43 M 10
2934 4505 1 14 0 C 0
4505 2096 1 14 0 C 0
2096 2091 1 3 0 C 0
2091 4503 1 4 0 C 0
4503 166 1 14 0 C 0
166 3600 1 3 0 C 0
3600 2102 1 17 0 C 0
1503 1504 1 3 0 C 0
273 2938 1 11 0 C 0
2938 2079 1 20 0 C 0
2079 5393 1 5 0 C 0
5393 2939 1 24 0 C 0
2098 2949 1 13 0 C 0
1891 4647 2 3 0 C 0
5102 3029 2 4 21 O 20
2716 4784 1 26 0 C 0
5172 3462 2 1 0 C 0
4067 2162 1 5 28 O 10
1795 4294 2 12 64 O 10
4295 4294 2 6 30 O 10
412 1522 2 13 71 O 30
3589 3588 2 37 204 O 20
3591 281 2 18 99 M 30
281 5617 2 6 33 O 30
5617 282 2 3 13 O 20
282 3594 2 9 47 O 10
3594 3595 2 8 44 O 10
3876 3606 1 11 0 C 0
3610 338 1 3 0 C 0
3610 1210 1 11 0 C 0
2117 5164 1 25 0 C 0
3608 3425 1 56 0 C 0
5958 3774 2 15 81 O 10
3774 5957 1 12 63 M 20
3768 3774 1 15 81 O 30
5114 1095 1 10 50 O 20
1095 5113 1 6 30 M 20
4574 4577 1 2 7 M 10
4577 4576 1 17 94 O 30
4576 4575 1 2 11 O 20
4575 4571 1 9 45 O 10
4571 4570 1 17 94 O 10
4570 4574 1 8 42 O 30
2580 3917 2 36 199 M 20
3917 2471 2 9 48 O 20
2829 4523 2 16 88 O 30
3819 5645 2 11 57 O 30
5645 4521 2 17 92 O 30
3816 3817 2 11 60 M 30
3817 3818 2 11 58 O 10
3815 3817 2 26 142 O 30
3817 3819 2 9 49 O 20
3819 3820 2 32 174 O 20
3875 5253 1 9 0 C 0
5253 4025 1 2 0 C 0
4025 4026 1 9 0 C 0
1212 1211 1 4 0 C 0
1128 3894 2 4 20 O 10
3894 4885 2 8 40 O 30
4885 2657 2 8 42 O 10
2657 2472 2 4 17 O 20
2472 2580 2 17 92 O 30
2580 2323 2 19 103 O 30
2323 926 2 7 36 O 30
926 929 2 2 11 O 30
929 923 2 1 5 O 30
923 920 2 4 19 O 30
920 916 2 3 15 M 20
916 2331 2 5 22 O 20
2331 940 2 4 22 O 10
940 937 2 4 19 O 10
937 932 2 5 27 O 20
932 943 2 2 10 O 30
943 2332 2 6 33 O 30
2332 902 2 14 75 M 10
4869 1170 1 13 71 M 10
1170 2161 1 1 5 O 20
2161 5410 1 7 35 O 20
5410 4113 1 22 120 O 20
4860 3303 1 6 32 O 10
3303 2131 1 17 89 M 30
411 1343 1 57 0 C 0
1343 6050 1 5 0 C 0
6050 1342 1 5 0 C 0
1342 5323 1 24 0 C 0
1506 4722 1 8 0 C 0
4486 308 1 6 0 C 0
308 3651 1 13 0 C 0
3651 1982 1 58 0 C 0
3464 3465 1 45 0 C 0
3465 3874 1 4 0 C 0
3874 3873 1 7 0 C 0
3873 5712 1 9 0 C 0
5712 5714 1 4 0 C 0
5714 5713 1 2 0 C 0
5713 5715 1 4 0 C 0
5715 4392 1 16 0 C 0
1508 3951 1 10 0 C 0
3951 2215 1 19 0 C 0
2215 52 1 8 0 C 0
3828 708 2 8 42 O 10
3828 3827 1 32 178 O 20
3827 707 1 9 49 O 30
707 3828 1 22 119 O 20
3827 3829 2 19 104 O 20
3829 3830 2 14 76 M 10
3451 980 1 9 49 M 20
980 978 1 16 87 O 20
978 3831 1 34 187 O 20
3213 3214 2 22 120 M 20
3214 3215 2 12 63 O 10
3215 3218 2 14 72 O 30
3835 3836 2 13 70 O 10
3856 2394 2 9 0 C 0
2394 1822 2 10 0 C 0
1822 1821 2 20 0 C 0
1821 1819 2 2 0 C 0
1819 1818 2 13 0 C 0
1818 4367 2 6 0 C 0
4367 772 2 27 147 O 10
772 1820 2 7 38 O 10
1820 1817 2 14 73 M 30
1817 1399 2 14 77 O 10
798 1829 2 5 0 C 0
1829 799 2 36 0 C 0
3875 5814 2 5 0 C 0
3878 3877 1 11 60 M 20
3878 5421 2 3 13 O 20
5421 399 2 18 100 O 30
3877 3879 1 5 27 O 10
3879 3878 1 6 32 O 30
4207 4206 2 7 39 O 20
2983 2978 1 23 122 O 20
447 4070 1 10 52 O 20
4070 2148 1 24 133 O 20
3750 3973 2 11 58 M 30
3881 5022 2 7 34 O 30
5022 3882 2 35 190 O 30
5470 3748 1 32 174 M 20
3748 3723 1 4 19 M 10
3886 2346 2 39 215 O 30
3887 3888 2 12 67 M 20
3889 4993 2 19 100 O 10
1814 2374 2 14 77 M 20
2374 2377 2 14 75 O 10
2377 1486 2 27 148 O 30
3984 3566 1 2 9 O 10
1814 3984 1 19 101 O 30
2607 3894 2 17 90 O 30
3895 3896 2 13 70 O 30
3903 1799 2 4 17 O 20
1799 1804 2 10 51 O 30
3904 1476 2 6 30 O 10
1476 1478 2 7 38 O 20
1478 1482 2 12 62 O 30
1482 1483 2 11 56 O 30
3903 1010 1 8 39 M 10
3902 3905 1 22 122 O 10
3905 3906 1 18 99 O 20
3906 326 1 4 20 O 20
326 3904 1 9 45 O 20
2429 3907 2 9 45 O 30
3908 3909 2 11 59 O 30
4468 1942 1 8 0 C 0
2882 2284 1 18 0 C 0
3236 3237 1 5 0 C 0
4216 4217 1 17 0 C 0
3240 4702 1 33 0 C 0
4702 2882 1 24 0 C 0
1355 1262 1 65 0 C 0
3237 3240 1 22 0 C 0
4167 5726 1 8 0 C 0
3195 4843 1 42 228 M 10
4843 4846 1 18 98 M 30
4846 6037 1 14 78 O 20
1148 1084 2 11 0 C 0
3012 2101 1 75 0 C 0
2101 2095 1 3 0 C 0
2095 556 1 11 0 C 0
3005 3003 1 19 0 C 0
3003 285 1 15 0 C 0
2097 2962 1 6 0 C 0
2962 964 1 28 0 C 0
2534 2916 1 11 60 O 20
2916 2917 1 11 57 O 30
2917 1350 1 10 55 O 10
2996 1172 1 17 91 O 10
693 5178 1 6 0 C 0
5178 2473 1 9 0 C 0
4782 4408 2 10 0 C 0
5059 5068 1 14 0 C 0
5068 5252 1 4 0 C 0
5252 5251 1 5 0 C 0
5251 47 1 4 0 C 0
3586 965 1 10 0 C 0
965 5182 1 19 0 C 0
5182 2086 1 6 0 C 0
64 3521 2 9 45 M 10
84 35 1 18 99 O 10
200 5045 1 11 0 C 0
533 4563 1 8 0 C 0
3299 4383 2 23 0 C 0
1005 3296 1 12 0 C 0
2509 3300 1 29 0 C 0
4116 3930 1 17 0 C 0
138 3462 1 23 0 C 0
3466 5072 1 12 0 C 0
1677 4044 1 37 0 C 0
4044 4359 1 20 0 C 0
355 5762 1 85 0 C 0
5762 713 1 12 0 C 0
2627 5395 1 11 0 C 0
3301 4119 2 11 0 C 0
3031 5233 1 16 0 C 0
5233 5234 1 3 0 C 0
5234 5235 1 5 0 C 0
5235 2071 1 20 0 C 0
2071 288 1 5 0 C 0
288 565 1 7 0 C 0
4816 5048 1 22 0 C 0
4517 551 1 6 0 C 0
167 5249 1 16 0 C 0
5249 5035 1 13 0 C 0
2829 2830 2 7 35 O 30
3208 3210 2 19 100 O 20
2170 352 2 13 71 O 20
2399 4096 2 20 111 O 10
4096 262 2 21 114 O 20
5980 2170 2 21 114 O 30
5782 2604 2 7 34 M 10
3282 5561 2 15 79 M 10
2604 2156 2 9 49 O 20
2637 5117 1 12 64 O 30
4729 3211 2 31 170 O 30
4012 973 1 15 0 C 0
1680 4565 1 34 0 C 0
3328 4954 1 25 0 C 0
4954 4953 1 12 0 C 0
5008 5009 1 7 0 C 0
5009 5141 1 20 0 C 0
5036 5221 1 128 0 C 0
5221 1 1 11 0 C 0
5705 5076 1 18 0 C 0
1998 1983 2 17 0 C 0
1983 1976 2 12 0 C 0
4187 4524 1 32 0 C 0
1643 1642 1 5 0 C 0
1642 535 1 2 0 C 0
766 271 1 15 0 C 0
271 4181 1 20 0 C 0
1279 1278 1 7 0 C 0
1278 1277 1 37 0 C 0
3342 5514 1 22 0 C 0
5514 5516 1 3 0 C 0
5516 5519 1 9 0 C 0
3598 5250 1 27 0 C 0
4032 5362 1 20 0 C 0
5362 3085 1 6 0 C 0
4047 2688 2 4 17 O 20
2688 3476 2 48 263 O 30
5075 362 1 30 0 C 0
4519 2112 1 9 0 C 0
2112 2203 1 13 0 C 0
4506 3599 1 7 0 C 0
3599 5543 1 16 0 C 0
3233 2084 1 5 0 C 0
3084 2936 1 31 0 C 0
2936 4504 1 11 0 C 0
4504 2714 1 7 0 C 0
2714 2713 1 8 0 C 0
1644 4189 1 11 0 C 0
4049 2647 2 16 89 M 20
2647 2646 2 14 73 M 30
2901 4785 1 19 0 C 0
4785 2902 1 5 0 C 0
4052 371 2 2 0 C 0
4051 4052 2 5 0 C 0
1188 4093 1 5 0 C 0
2195 4695 1 48 0 C 0
3472 3474 2 52 284 O 30
3515 5032 1 2 6 O 30
90 4497 1 2 0 C 0
4529 4019 1 3 0 C 0
214 768 1 6 0 C 0
2686 5858 1 10 52 O 30
4153 3242 1 7 0 C 0
3242 3243 1 12 0 C 0
3243 5369 1 7 0 C 0
2889 2895 1 14 0 C 0
2888 2887 1 8 0 C 0
2887 5364 1 23 0 C 0
4154 5368 1 73 0 C 0
3246 414 1 22 122 O 20
4156 4155 1 15 0 C 0
3523 1649 1 10 0 C 0
1678 5176 1 6 0 C 0
5336 3523 1 3 0 C 0
4602 4601 2 26 144 O 10
4601 4603 2 9 48 O 10
2469 5020 2 19 103 O 30
5020 2467 2 3 16 O 20
1926 1923 1 38 0 C 0
270 5436 1 3 0 C 0
1906 1900 1 9 0 C 0
5871 5870 1 24 0 C 0
3892 1790 2 11 0 C 0
4470 1246 1 7 0 C 0
1246 4465 1 8 0 C 0
2187 2180 1 46 0 C 0
3919 3921 2 20 0 C 0
3921 3918 2 24 0 C 0
3918 3920 2 18 0 C 0
2186 701 1 28 0 C 0
1639 2183 1 68 0 C 0
4213 4214 2 21 113 M 20
4041 5380 2 11 60 O 20
5380 1795 2 9 49 O 30
1416 1805 2 6 31 O 10
1805 1419 2 16 84 O 10
1419 1803 2 5 26 O 10
1803 1445 2 17 89 M 30
1445 1458 2 27 146 O 30
4220 3595 2 25 137 M 10
3595 3597 2 11 60 O 10
3597 278 2 3 12 M 30
312 4228 2 19 0 C 0
4228 4229 2 5 0 C 0
4229 4230 2 9 0 C 0
4163 2466 2 7 36 O 30
4233 4234 2 29 161 O 20
4236 4235 2 11 58 O 30
975 3436 2 66 366 O 30
4256 4251 1 4 20 M 20
4251 4254 1 2 10 O 10
4254 4256 1 2 7 O 10
4261 4260 2 13 71 O 10
4260 4257 2 4 21 O 30
4257 4250 2 6 31 O 30
4250 5216 2 12 61 O 30
5216 4253 2 10 52 O 10
4260 4249 2 6 33 O 20
4250 4246 2 5 27 O 30
4257 4247 2 8 41 O 10
4247 4243 2 4 20 O 10
4238 4237 2 5 24 O 20
4241 4239 2 4 21 O 10
4240 4241 2 1 5 O 30
4241 4242 2 6 28 O 20
17 5216 2 7 37 O 10
4244 4252 2 7 34 O 20
4252 4262 2 10 52 O 10
4253 4248 2 4 22 O 20
4248 4258 2 8 43 O 10
4263 4892 2 6 28 O 10
4892 4264 2 5 27 O 10
4255 455 1 14 78 O 20
4269 4268 2 7 35 M 20
4270 4271 2 13 69 O 30
4273 4940 1 12 0 C 0
5468 1888 2 16 0 C 0
4940 4272 2 7 0 C 0
4272 4407 2 6 0 C 0
4133 2067 2 32 176 O 10
2497 4316 2 9 47 O 10
4316 5002 2 6 30 O 30
4200 4197 2 2 7 O 20
4355 4357 2 26 143 O 10
4357 4356 2 16 86 O 10
1645 1644 1 6 0 C 0
3575 4395 1 21 0 C 0
4563 4564 1 2 0 C 0
4564 5050 1 12 0 C 0
4019 4381 1 6 0 C 0
4836 2146 2 7 36 O 10
2146 5511 2 25 138 O 30
5228 3882 1 6 31 M 10
3882 4481 1 3 14 O 30
4481 4480 1 7 37 O 10
1598 4364 2 9 47 O 10
386 1313 2 16 86 O 20
1313 1314 2 24 133 O 20
1314 1315 2 8 40 O 20
1315 1316 2 25 135 O 30
1316 1317 2 9 49 M 20
1317 1318 2 13 71 M 10
386 4090 2 22 118 O 20
4090 4089 2 19 103 O 20
4089 3152 2 28 153 O 30
3152 3585 2 11 59 O 20
1269 3095 1 11 0 C 0
3097 175 2 11 0 C 0
175 3100 2 2 0 C 0
5385 4370 2 10 0 C 0
4373 4372 2 14 0 C 0
4372 4371 2 14 0 C 0
4513 8 1 11 0 C 0
1776 1767 1 12 0 C 0
1767 589 1 11 0 C 0
3391 4150 1 6 0 C 0
4150 215 1 2 0 C 0
215 216 1 3 0 C 0
216 1770 1 19 0 C 0
4398 1155 2 8 0 C 0
1155 4397 2 2 0 C 0
5467 5468 2 9 0 C 0
1885 4494 2 14 0 C 0
4494 1887 2 11 0 C 0
1887 402 2 32 0 C 0
4120 5657 2 20 0 C 0
5657 3924 2 4 0 C 0
3924 3912 2 3 0 C 0
3422 3463 2 8 0 C 0
4408 4943 2 10 0 C 0
5663 4782 2 3 0 C 0
393 507 2 8 0 C 0
4155 2898 1 12 0 C 0
4275 4423 2 3 13 O 30
4424 677 2 23 124 O 20
677 910 2 5 24 O 10
910 1297 2 7 34 M 30
2019 6001 2 8 41 M 20
3455 3457 1 11 57 M 20
3050 5403 2 7 0 C 0
5403 5226 2 8 0 C 0
5226 4965 2 3 0 C 0
4965 4644 2 5 0 C 0
4426 1203 2 1 0 C 0
1203 5956 2 2 0 C 0
5956 5274 2 2 11 O 30
2924 3370 2 2 9 O 30
4427 4753 2 1 5 O 10
4753 3426 2 14 77 O 10
3059 5644 2 6 29 M 20
2269 2270 2 13 68 O 20
2270 3404 2 48 262 M 30
5644 3058 2 8 40 O 30
3960 4557 2 17 0 C 0
4916 2477 2 10 52 M 10
2477 5728 2 20 106 O 30
5728 3403 2 35 194 O 20
1340 4213 2 53 294 O 20
4213 4883 2 26 144 O 10
4883 3057 2 8 43 O 20
4429 3967 2 3 0 C 0
2069 2517 2 29 0 C 0
415 4428 2 9 49 O 20
4434 1780 2 9 0 C 0
1780 4950 2 18 0 C 0
2211 3108 1 8 0 C 0
4447 3984 2 31 170 M 30
1475 4446 2 10 53 O 30
2310 2314 2 14 77 O 20
4444 1472 2 6 28 O 10
1472 1470 2 3 16 O 10
4445 1473 2 7 34 O 30
1473 2341 2 3 12 O 20
2341 4444 2 9 48 O 20
2318 1466 2 22 118 O 20
1890 1891 2 3 0 C 0
4366 1661 2 13 0 C 0
1661 1662 2 8 0 C 0
1662 1664 2 9 0 C 0
1664 5318 2 5 0 C 0
5318 1667 2 3 0 C 0
1667 1658 2 8 0 C 0
1658 1666 2 11 0 C 0
1659 1665 2 23 0 C 0
1665 1657 2 7 0 C 0
2691 3417 1 3 11 O 20
3417 2692 1 8 43 O 10
2692 3416 1 13 71 O 30
1960 4435 1 8 42 O 30
4435 1951 1 2 11 M 20
1578 4448 2 5 23 O 20
1616 1617 2 1 5 O 20
1617 1618 2 16 87 M 30
1618 2679 2 20 109 O 10
2679 1623 2 14 78 O 30
4449 1617 2 9 48 O 30
4450 5497 2 25 138 M 10
5792 5503 2 14 73 O 10
5503 5679 2 12 64 O 10
2173 2168 1 15 78 M 20
3304 4110 2 15 82 O 20
5332 2131 1 2 7 O 20
408 4457 2 32 174 O 10
2209 5099 1 1 0 C 0
2156 4870 1 6 29 O 30
2131 549 1 13 72 O 20
5781 2154 1 30 162 M 30
409 4458 2 3 13 O 10
2351 2356 2 14 74 O 20
4222 4226 2 13 68 O 10
4226 1798 2 13 71 M 30
4462 4887 2 10 54 O 20
4887 4461 2 10 54 M 20
3393 4121 2 19 105 O 30
2425 2423 2 15 82 O 20
2423 2419 2 36 199 O 20
2698 3410 2 15 0 C 0
4477 4478 2 12 64 O 30
4481 4482 1 8 44 O 20
4482 4480 1 5 22 O 20
4490 4489 1 6 30 O 10
4491 4490 1 6 32 O 30
4500 90 1 5 0 C 0
4118 3301 2 20 0 C 0
4516 4515 2 9 45 O 30
2792 3554 2 9 46 O 10
3554 3555 2 15 79 O 10
2690 4047 2 25 138 O 30
2623 2622 2 8 0 C 0
2694 4825 2 4 19 O 20
2707 2708 2 1 0 C 0
989 2700 2 46 0 C 0
3593 4022 2 2 10 M 30
5604 5605 2 7 34 O 30
5594 5600 2 4 19 O 20
5610 5601 2 11 58 O 20
5611 5599 2 6 31 O 20
5599 5612 2 10 51 O 10
2825 1567 2 7 38 O 30
4050 4051 2 8 0 C 0
4520 2118 2 2 7 O 20
2513 5808 2 17 94 O 10
5808 4042 2 2 6 O 30
5372 5371 1 20 0 C 0
3711 715 1 1 0 C 0
715 716 1 7 0 C 0
716 5735 1 12 0 C 0
5735 4532 1 9 0 C 0
4533 4535 2 6 30 O 30
4535 4534 2 5 24 O 20
4535 4536 2 2 9 O 30
2053 4542 2 3 16 O 10
4542 4541 2 8 40 O 10
4542 4543 2 4 22 O 20
4548 4115 2 2 0 C 0
402 4548 2 1 0 C 0
3110 1525 1 9 0 C 0
1285 1284 2 5 24 M 20
5089 2020 2 8 40 O 10
4550 3370 2 6 28 O 30
5489 4551 1 1 4 O 30
2052 4655 2 3 0 C 0
4655 4053 2 22 0 C 0
2514 1044 2 2 9 O 20
1044 1042 2 3 11 O 10
1042 1041 2 5 22 O 30
1041 1037 2 5 24 O 20
1037 2513 2 7 38 M 20
2513 1032 2 4 21 O 20
1032 1052 2 3 13 O 30
1052 1054 2 3 16 M 10
1054 4131 2 5 25 O 20
4131 999 2 19 103 O 30
999 4058 2 31 169 O 30
5536 2933 2 16 85 O 30
2048 5751 2 7 37 O 20
3994 5272 2 13 70 M 10
5272 2048 2 19 101 O 10
2990 3998 2 12 61 O 10
2990 2991 2 15 82 O 30
2991 2992 2 5 27 M 30
4058 5521 2 17 93 O 20
5521 1138 2 26 142 M 30
1138 1141 2 13 70 O 10
1141 5335 2 4 22 O 30
3221 3213 2 37 202 M 10
3221 3220 2 2 9 M 20
3220 3216 2 14 75 O 20
3216 2558 2 11 57 M 20
3443 5652 2 14 75 O 30
5652 5655 2 14 76 M 20
5655 3406 2 34 187 M 10
3406 3452 2 4 17 O 30
3452 3816 2 4 20 O 30
3816 2477 2 62 339 O 10
5650 3214 2 14 78 O 20
3214 3324 2 40 221 M 10
3408 985 2 13 69 O 10
985 3409 2 13 67 O 10
2557 5829 2 25 137 O 20
5829 3493 2 3 17 O 20
5632 4771 2 2 10 O 10
4771 2479 2 20 106 O 30
5636 2831 2 12 64 O 20
2831 5641 2 23 124 O 20
5636 5637 2 35 194 O 30
5732 5733 2 13 0 C 0
3190 5732 2 21 0 C 0
5641 3245 2 9 46 M 30
3258 5623 2 13 68 O 30
4544 3257 2 4 17 O 20
3257 2922 2 6 32 O 10
2922 2921 2 10 53 O 30
2921 1354 2 9 46 M 10
2926 2923 1 34 185 O 20
1385 1395 2 9 47 O 20
1395 1394 2 4 18 M 30
1394 4554 2 12 64 M 30
4554 1393 2 5 26 O 10
1393 1392 2 9 45 O 20
1392 1391 2 17 92 O 20
1391 4555 2 2 8 O 20
4555 1375 2 4 21 M 10
1375 30 2 12 63 O 30
520 3315 1 9 44 O 10
2159 3941 1 32 173 O 20
2282 2280 2 15 79 O 30
2270 2275 2 19 105 O 10
2275 974 2 42 229 O 10
2279 2277 2 17 92 M 30
2278 2489 2 26 139 M 20
1694 4560 2 7 37 O 10
4566 4567 2 54 299 O 10
4568 3813 1 2 9 O 20
3813 5218 1 8 39 O 20
5218 5929 2 75 415 O 30
5929 5925 2 5 27 M 10
5925 3811 2 15 83 O 30
3811 4578 2 3 14 O 10
4578 3812 2 20 108 O 30
3812 2985 2 44 242 M 30
1963 342 1 13 70 O 20
342 5230 1 4 20 O 30
5230 3813 1 7 37 O 20
4570 4573 1 4 18 O 10
4573 4577 1 3 17 M 10
4574 3811 1 4 21 O 30
4578 4577 1 4 19 O 30
4576 4572 1 4 17 O 10
4572 4571 1 4 17 O 30
4572 4573 2 17 94 O 30
4581 4582 1 12 0 C 0
2151 4579 1 5 0 C 0
4581 5710 2 18 0 C 0
2152 4625 2 27 0 C 0
4625 1963 2 41 226 O 10
4584 4586 1 2 0 C 0
4584 4583 1 4 0 C 0
4579 4584 1 5 0 C 0
2152 4585 1 5 0 C 0
4586 4580 1 6 0 C 0
4588 4589 2 5 27 O 20
4590 4593 2 2 7 O 10
4593 4589 2 5 26 O 10
4589 4596 2 2 8 O 10
4596 4591 2 4 18 O 10
4590 4592 2 4 17 O 10
4593 4594 2 12 63 M 20
4595 4594 2 4 17 O 10
4594 4596 2 7 35 M 20
4591 4597 2 6 31 M 10
767 1970 1 34 0 C 0
1757 212 1 5 0 C 0
3187 5461 1 4 0 C 0
5461 5462 1 10 0 C 0
5462 1765 1 5 0 C 0
1765 1764 1 8 0 C 0
4001 3027 2 17 90 O 10
3027 3026 2 19 104 O 20
4706 2175 2 5 24 M 10
2175 5101 2 6 31 O 20
4627 4626 2 12 66 M 30
4070 4629 2 16 86 M 10
2099 1910 1 26 0 C 0
2081 2085 1 2 0 C 0
4636 1881 2 6 30 O 10
1881 3487 2 7 33 O 30
4266 1176 2 8 40 O 10
4644 4660 2 3 0 C 0
4660 4661 2 7 0 C 0
4661 5952 2 6 0 C 0
1185 3513 2 5 26 O 30
3513 4759 2 6 31 O 10
4759 4962 2 2 7 O 30
4962 5949 2 11 59 M 30
4139 4645 1 12 63 O 10
3514 4956 1 5 24 O 20
5349 2997 1 13 69 M 10
397 3880 2 10 0 C 0
4651 4650 1 3 13 M 30
4650 4649 1 3 17 O 10
4649 4651 1 4 20 O 30
2030 2031 2 9 46 O 20
2031 4648 2 16 87 O 30
4648 4649 2 2 11 O 10
4648 4652 2 14 77 O 30
4653 1199 2 2 6 O 20
1199 4654 2 7 34 M 20
4654 3999 2 3 16 O 10
2988 2987 2 22 120 O 10
2987 2986 2 12 61 O 30
4656 473 2 10 52 M 30
3469 3038 2 16 0 C 0
4824 4662 2 10 54 O 30
4823 4663 2 53 292 M 20
4663 4664 2 12 63 O 10
5947 4716 2 1 4 O 20
4666 4522 1 10 54 O 10
4667 4668 2 4 18 O 30
5153 4668 1 2 11 M 10
4668 4670 1 3 14 M 10
4670 5152 1 2 8 O 30
5152 4669 1 2 9 O 30
4669 851 1 6 29 M 20
4670 4671 1 19 105 O 10
4671 4745 1 12 64 O 20
4745 5152 1 6 32 M 10
5952 4673 2 12 0 C 0
3040 4169 2 10 0 C 0
4820 171 1 21 0 C 0
4684 4683 1 174 0 C 0
4685 4688 1 99 0 C 0
4687 5292 1 13 0 C 0
4675 4676 1 392 0 C 0
4676 4677 1 270 0 C 0
4689 4690 2 20 109 O 30
4692 2033 2 22 121 O 30
4693 4692 1 5 26 O 10
4692 4691 1 2 6 O 10
4691 4693 1 1 3 O 30
394 3707 2 3 0 C 0
3102 3852 2 15 0 C 0
3852 4797 2 22 0 C 0
4797 3853 2 5 0 C 0
3853 394 2 38 0 C 0
394 2211 1 9 0 C 0
3105 6028 1 18 0 C 0
6028 6027 1 13 0 C 0
4532 2903 1 8 0 C 0
205 2530 1 27 0 C 0
2530 2535 1 15 0 C 0
2905 205 1 3 0 C 0
1333 596 1 2 8 O 20
596 2411 1 8 39 O 20
2411 1334 2 4 18 O 30
1334 4694 2 7 37 O 20
4694 1335 2 5 23 O 20
2411 600 1 2 7 M 20
600 602 1 4 17 O 30
602 1333 1 5 26 O 30
2412 4694 2 12 64 O 20
4696 5040 1 29 0 C 0
3294 3515 1 16 84 O 10
1172 5091 2 6 33 O 30
1172 3380 1 6 28 O 10
5040 3947 1 42 0 C 0
4704 4705 1 12 66 O 20
4705 5101 1 15 81 O 10
4706 4624 1 9 48 O 30
408 4707 2 9 48 O 10
4708 3028 1 12 62 O 30
2247 2251 2 22 120 O 20
2251 3430 2 42 233 O 10
98 2268 2 23 124 O 10
2268 2554 2 17 93 O 10
2554 13 2 41 227 M 10
13 99 2 7 39 M 10
2254 120 2 5 24 O 30
120 3430 2 18 99 M 20
3458 4717 1 1 2 O 10
4717 3455 1 16 85 O 30
3725 3737 2 9 50 O 20
4709 4339 1 4 22 O 20
4337 2575 2 11 57 O 30
4713 5346 1 13 68 M 10
4713 4545 2 20 106 O 10
4545 4788 1 8 40 O 20
4758 4757 2 15 81 M 20
4757 4796 2 25 137 O 30
4796 4795 2 4 20 O 10
4795 5154 2 9 45 O 10
4789 4715 1 4 21 M 10
4721 4720 2 9 48 M 10
4720 4717 2 3 13 O 10
4720 4719 1 14 75 O 10
4135 4134 1 14 76 M 30
4724 4723 1 16 0 C 0
4072 4073 2 8 0 C 0
4073 2893 2 1 0 C 0
4725 5118 1 2 7 M 30
6037 1225 1 15 81 O 30
1225 4725 1 11 58 O 20
2248 4726 2 6 32 M 20
4726 2249 2 6 28 O 30
4727 4726 2 3 15 O 30
4728 3023 2 12 64 O 30
4731 4732 2 6 31 O 10
4732 4730 2 4 19 O 10
4733 4734 2 6 33 O 10
4734 4732 2 7 36 O 20
4735 4734 2 6 32 O 10
2432 3889 2 2 7 O 10
3889 4735 2 14 74 O 30
4735 4112 2 12 66 O 30
2445 2438 2 16 85 O 30
2438 2436 2 5 25 O 30
2566 803 2 6 32 O 10
803 800 2 5 26 O 30
800 4111 2 8 42 O 10
4111 4112 2 5 25 O 30
4737 5227 2 12 0 C 0
5227 4546 2 7 0 C 0
4737 4232 1 2 0 C 0
4232 4736 1 2 0 C 0
4739 1250 2 18 0 C 0
3893 1802 1 12 66 O 20
1802 1810 2 6 29 M 30
1810 1798 2 4 21 O 30
1798 1808 2 13 67 O 20
1808 1809 2 13 68 O 10
1809 1807 2 14 77 O 30
5337 3893 1 5 25 M 10
4740 4741 2 12 62 O 10
4742 4743 2 11 59 O 30
4745 4746 2 6 32 O 20
4642 5758 2 6 0 C 0
5758 5759 2 2 0 C 0
5759 4641 2 5 0 C 0
4641 5955 2 4 0 C 0
2029 5757 2 10 0 C 0
5757 4643 2 1 0 C 0
4643 4642 2 2 0 C 0
4710 4740 2 2 11 M 30
4740 4545 2 4 22 O 20
416 415 2 26 140 O 30
4451 416 2 9 48 O 30
4067 5205 1 6 29 O 10
5205 1158 1 4 21 M 10
2176 2173 1 19 103 M 10
5105 4749 1 26 144 O 20
3942 4750 1 15 80 O 10
3488 2636 1 7 39 O 10
2896 2890 1 25 0 C 0
391 1699 2 3 13 O 30
4110 4866 1 7 34 O 10
356 357 1 2 10 M 10
4716 2026 2 7 37 M 20
3429 4753 1 15 78 O 20
4753 3427 1 15 81 O 10
4755 4756 1 5 28 O 10
4754 4755 1 7 34 O 20
4757 4755 2 4 18 O 10
5219 5949 2 13 70 O 10
4760 4759 2 3 16 O 30
4672 4671 2 8 43 O 30
4763 4762 2 2 10 O 20
4764 5088 2 2 11 O 10
4765 5088 2 24 130 M 30
3454 3046 2 12 0 C 0
3456 3454 2 8 0 C 0
5091 5539 1 28 153 O 10
3057 5774 2 10 54 O 20
2481 2925 1 10 55 O 30
4768 2479 2 15 82 O 30
4771 4847 2 8 42 O 30
467 5824 2 32 0 C 0
5824 5730 2 24 0 C 0
3049 3867 2 9 0 C 0
3867 3858 2 10 0 C 0
4774 4773 2 9 46 O 20
5910 5909 2 12 64 O 10
5616 4776 2 19 103 O 30
4775 5987 2 32 173 O 10
5987 4777 2 19 104 O 20
4779 4778 2 6 30 O 20
4786 4787 2 1 4 O 20
4790 2593 2 19 101 O 20
4791 4792 1 25 139 O 30
4795 4794 1 4 21 M 20
4794 5151 1 5 25 M 10
3269 2991 2 14 75 M 30
2995 3266 2 8 43 O 20
3266 3269 2 22 121 M 20
4802 4805 2 5 26 O 10
4805 4807 2 5 24 O 10
4807 4803 2 13 68 O 30
4803 1117 2 6 33 M 10
1117 4804 2 4 19 O 20
4805 4806 2 4 19 O 30
4807 4808 2 6 32 O 10
3884 4810 2 1 4 O 30
3885 4811 2 1 3 O 10
5194 4699 2 4 17 M 30
4813 2666 2 4 19 O 20
4418 1909 1 9 0 C 0
2798 6011 2 7 37 O 20
4818 4817 2 33 182 O 30
1631 4821 1 76 0 C 0
4000 3201 1 6 30 O 10
4664 4662 2 8 40 O 10
4826 4825 2 2 10 O 20
2779 2781 1 5 27 O 10
4828 4827 2 13 71 O 10
5693 4833 1 3 12 O 20
4836 4830 1 3 15 O 20
4829 4830 1 2 6 O 20
4830 4831 1 2 6 O 10
4831 4832 1 2 7 O 30
4832 4833 1 2 6 O 30
4833 4834 1 2 7 O 20
4834 4835 1 1 4 O 10
4835 4829 1 1 2 O 30
504 4968 2 8 42 O 10
3304 4837 2 9 47 O 10
4837 4838 2 11 60 O 20
4840 4839 2 9 50 M 30
4842 4843 1 8 42 O 30
4845 848 2 8 43 O 30
848 4842 2 9 47 M 30
4842 134 2 17 89 O 10
134 850 2 11 59 O 20
850 4844 2 6 29 O 10
2348 2351 2 11 56 M 30
4847 4849 2 8 41 M 10
4848 4849 2 3 12 O 30
4849 4769 2 2 11 O 10
4851 4850 2 12 63 O 30
4852 92 1 5 0 C 0
92 1754 1 16 0 C 0
4853 181 1 6 0 C 0
181 1773 1 1 0 C 0
1752 4852 1 7 0 C 0
1769 1779 1 18 0 C 0
1752 1773 2 2 0 C 0
2108 193 1 2 0 C 0
5399 349 1 4 0 C 0
4507 2087 1 27 0 C 0
4854 4855 2 12 65 O 10
2637 4148 2 2 10 O 30
5118 1223 1 2 7 O 30
1223 1221 1 4 19 O 20
1221 4148 1 8 44 O 30
2886 4154 1 21 0 C 0
2884 2885 1 2 0 C 0
4286 246 1 5 23 O 10
246 1335 1 7 36 O 20
243 245 1 8 41 O 10
245 1208 1 20 106 O 30
2413 5615 1 38 210 O 10
5615 3988 1 64 354 O 10
2226 2224 1 35 0 C 0
2224 3583 1 13 0 C 0
4152 2627 1 5 0 C 0
5081 5396 1 2 0 C 0
364 231 1 6 0 C 0
4485 1191 1 10 0 C 0
4857 3383 1 4 21 O 10
3368 2923 2 2 6 O 10
2923 4857 1 5 25 O 30
3383 3368 1 9 45 O 10
4359 3603 1 26 0 C 0
5263 766 1 51 0 C 0
5063 5064 1 11 0 C 0
5062 3030 1 4 0 C 0
5053 3031 1 3 0 C 0
5051 287 1 5 0 C 0
287 5052 1 3 0 C 0
5052 5053 1 16 0 C 0
4173 5148 1 5 0 C 0
3893 1792 2 2 8 O 10
2535 5351 1 32 0 C 0
5323 410 1 8 0 C 0
5168 1886 1 7 0 C 0
1884 5169 1 7 0 C 0
4497 4499 1 3 0 C 0
3664 2220 1 25 0 C 0
3661 5217 1 17 0 C 0
5217 2221 1 23 0 C 0
3954 3661 2 2 0 C 0
3953 3954 1 40 0 C 0
2634 2216 1 24 0 C 0
2216 203 1 23 0 C 0
2217 2635 1 33 0 C 0
4287 25 2 11 56 O 30
4287 4938 1 16 0 C 0
4938 2166 1 4 20 O 10
2231 2230 1 4 0 C 0
542 2229 1 12 0 C 0
4274 2229 2 2 0 C 0
3584 1273 1 23 0 C 0
1273 2225 1 12 0 C 0
2225 4039 1 18 0 C 0
4039 149 1 14 0 C 0
787 3664 1 10 0 C 0
3952 2219 1 13 0 C 0
786 3953 1 38 0 C 0
203 204 2 2 0 C 0
51 5167 1 8 0 C 0
5167 1507 1 36 0 C 0
203 312 1 14 0 C 0
312 3350 1 22 0 C 0
3583 3584 2 2 0 C 0
3954 865 1 13 0 C 0
865 866 1 7 0 C 0
866 5000 1 12 0 C 0
5000 3584 1 26 0 C 0
1647 5707 1 9 0 C 0
1670 4182 1 23 0 C 0
4182 1282 1 38 0 C 0
691 3346 1 10 0 C 0
3346 3347 1 39 0 C 0
3347 5 1 19 0 C 0
3008 3010 1 11 0 C 0
3011 5717 1 3 0 C 0
5717 5718 1 5 0 C 0
5718 3009 1 3 0 C 0
555 5179 1 13 0 C 0
211 2966 2 14 0 C 0
2966 889 2 15 0 C 0
3006 554 1 16 0 C 0
3009 3007 1 19 0 C 0
55 210 1 26 0 C 0
210 3012 1 2 0 C 0
2106 3011 1 34 0 C 0
3007 3005 1 19 0 C 0
3004 3006 1 19 0 C 0
2997 4539 1 4 21 O 20
5037 2051 2 20 109 O 20
4859 415 1 24 131 O 10
3382 4859 1 7 36 O 20
3381 3382 1 8 41 O 30
3563 2532 1 5 27 O 30
2533 3563 1 7 36 O 20
415 505 1 9 49 O 30
3563 3382 2 3 12 O 10
3254 4822 1 22 0 C 0
4125 4114 1 17 0 C 0
4157 192 1 18 0 C 0
2072 4816 1 25 0 C 0
552 2108 1 21 0 C 0
3088 5401 1 4 0 C 0
2110 2074 1 14 0 C 0
2090 2110 1 26 0 C 0
4381 777 1 27 0 C 0
5671 5043 1 11 0 C 0
5043 5667 1 9 0 C 0
3581 4529 1 1 0 C 0
775 4385 1 3 0 C 0
3256 1339 2 14 0 C 0
1347 412 2 2 10 O 30
5954 1118 1 26 143 O 20
1118 5642 1 27 145 O 20
5642 412 1 40 218 O 20
4130 3823 1 7 0 C 0
2534 5324 2 3 15 O 20
1344 411 1 12 0 C 0
5350 3044 1 9 0 C 0
3044 2531 1 28 0 C 0
2531 3587 1 22 0 C 0
2272 4142 2 22 120 M 30
3434 2272 2 5 27 O 10
2179 1299 2 2 9 O 20
687 1299 1 9 45 O 20
1287 687 1 9 45 O 20
1284 1283 2 2 10 O 20
2179 5010 1 18 98 O 10
3988 2179 1 10 54 O 30
5041 5058 1 8 0 C 0
5058 5059 1 8 0 C 0
5056 5069 1 7 0 C 0
5050 5042 1 9 0 C 0
5042 5041 1 13 0 C 0
5069 558 1 6 0 C 0
5057 557 1 6 0 C 0
348 553 1 13 0 C 0
5047 200 1 17 0 C 0
2786 2787 2 4 21 O 10
357 4860 1 8 40 O 10
4861 356 1 10 52 O 30
356 4862 1 7 37 O 30
4863 357 1 7 37 O 10
4865 4110 1 5 24 O 10
2160 4864 1 5 26 O 30
4866 4863 1 51 281 O 10
4867 2160 1 7 36 O 30
2160 2605 2 11 60 M 20
4862 4867 1 51 280 O 30
4870 4865 1 29 160 O 30
4871 3934 1 6 32 M 30
3934 4869 1 5 26 O 30
4868 2156 1 5 25 M 30
4582 2151 1 9 0 C 0
2141 2140 1 5 0 C 0
391 2142 1 13 0 C 0
2135 2141 1 3 0 C 0
389 5798 2 3 0 C 0
5293 2133 1 11 0 C 0
389 2145 1 5 0 C 0
2144 5798 1 4 0 C 0
5100 1668 1 5 0 C 0
1668 1700 1 18 0 C 0
253 2213 1 8 0 C 0
3660 254 1 36 0 C 0
1507 1505 1 20 0 C 0
1712 1706 2 6 28 M 30
1706 1711 2 12 64 O 10
1711 1708 2 3 0 C 0
1708 1705 2 5 0 C 0
1705 1702 2 12 0 C 0
1702 1710 2 3 0 C 0
2204 1772 1 7 0 C 0
1775 1776 1 13 0 C 0
1766 1763 1 17 0 C 0
1758 3187 1 15 0 C 0
3235 3391 1 15 0 C 0
1755 1758 1 6 0 C 0
1773 152 1 11 0 C 0
152 1769 1 6 0 C 0
154 153 1 11 0 C 0
155 1771 1 13 0 C 0
1754 685 1 4 0 C 0
685 684 1 5 0 C 0
684 686 1 5 0 C 0
686 1969 1 5 0 C 0
1762 1759 1 12 0 C 0
3186 1778 1 5 0 C 0
1768 1774 1 3 0 C 0
1759 1761 1 3 0 C 0
1774 5542 1 6 0 C 0
5542 3186 1 16 0 C 0
1761 1760 1 12 0 C 0
1760 1766 1 23 0 C 0
3392 4519 1 3 0 C 0
366 1889 1 2 0 C 0
3341 5441 1 10 0 C 0
5441 5442 1 4 0 C 0
5442 3342 1 6 0 C 0
4172 5518 1 10 0 C 0
1341 4873 2 35 194 O 20
4874 4873 2 8 40 O 30
4876 4875 2 21 114 O 10
4878 4877 2 21 112 M 20
4068 4171 1 13 72 O 20
4171 4170 1 12 63 O 10
4879 1346 2 10 53 O 10
4881 4880 2 12 64 O 20
4883 4882 2 17 91 O 10
2662 5685 2 14 76 O 30
4885 4884 2 15 79 O 30
4887 4886 2 11 56 O 20
4889 4888 2 6 33 O 20
4891 1015 2 14 76 M 20
1015 1018 2 7 34 O 10
1018 4890 2 5 26 O 10
4894 4893 2 9 48 O 20
4897 4896 2 25 135 O 20
4899 4898 2 11 59 M 30
2723 4033 2 12 63 M 10
2731 4900 2 9 48 O 30
4902 4901 2 10 53 O 10
4904 2204 1 6 0 C 0
5064 3872 1 11 0 C 0
2073 5051 1 10 0 C 0
3872 2081 1 38 0 C 0
2078 2073 1 21 0 C 0
3036 3034 1 23 0 C 0
3033 3035 1 23 0 C 0
3034 2099 1 9 0 C 0
2083 3033 1 9 0 C 0
168 3036 1 26 0 C 0
3035 3037 1 12 0 C 0
3037 167 1 15 0 C 0
2961 2960 1 5 0 C 0
2959 4905 1 6 0 C 0
2958 2959 1 5 0 C 0
3032 2078 1 15 0 C 0
1910 3032 1 5 0 C 0
2085 2083 1 27 0 C 0
2086 239 1 3 0 C 0
239 238 1 9 0 C 0
238 2963 1 17 0 C 0
2965 5183 1 19 0 C 0
5183 2097 1 10 0 C 0
53 2952 1 15 0 C 0
85 2094 1 12 0 C 0
5765 5767 1 6 0 C 0
5767 2953 1 14 0 C 0
2952 5766 1 19 0 C 0
4493 2089 1 11 0 C 0
2094 286 1 13 0 C 0
2104 5066 1 23 0 C 0
5061 2104 1 12 0 C 0
4016 1251 2 3 0 C 0
1251 891 2 2 0 C 0
3929 2082 1 18 0 C 0
5054 3929 1 7 0 C 0
1928 1926 1 19 0 C 0
1897 1895 1 12 0 C 0
1895 1898 1 10 0 C 0
1937 1928 1 10 0 C 0
1912 1894 1 26 0 C 0
1924 1911 1 10 0 C 0
1893 5416 2 8 0 C 0
5881 5796 1 30 165 M 30
392 5882 1 30 163 O 20
2137 3624 1 12 61 O 30
3624 3631 1 8 44 O 30
5378 392 1 10 53 O 20
5379 3881 1 17 94 O 20
218 3318 1 19 101 M 20
2131 3318 1 2 11 O 20
1889 4508 1 14 0 C 0
2111 5304 1 9 0 C 0
5304 3392 1 5 0 C 0
3234 4030 1 7 0 C 0
4030 94 1 3 0 C 0
4031 3234 1 12 0 C 0
367 4032 1 6 0 C 0
93 367 1 9 0 C 0
2076 4819 1 9 0 C 0
3085 3087 1 18 0 C 0
3086 19 1 10 0 C 0
2100 368 1 5 0 C 0
2084 3086 1 5 0 C 0
3087 2100 1 5 0 C 0
369 4511 1 5 0 C 0
4509 2947 1 12 0 C 0
2947 4507 1 8 0 C 0
2948 369 1 10 0 C 0
2944 5180 1 17 0 C 0
5180 4509 1 1 0 C 0
2942 4909 1 10 0 C 0
2945 4908 1 11 0 C 0
2946 2945 1 18 0 C 0
4908 2943 1 10 0 C 0
4909 2944 1 12 0 C 0
2943 4906 1 12 0 C 0
4907 563 1 8 0 C 0
4510 3601 1 11 0 C 0
2941 4910 1 11 0 C 0
3601 562 1 4 0 C 0
4906 2941 1 12 0 C 0
4191 537 1 1 0 C 0
4190 539 1 5 0 C 0
4189 4525 1 12 0 C 0
2629 5075 1 23 0 C 0
3603 2629 1 30 0 C 0
1641 1640 1 16 0 C 0
1640 1075 1 24 0 C 0
1075 1648 1 31 0 C 0
363 1677 1 15 0 C 0
1648 355 1 16 0 C 0
1652 5452 1 4 0 C 0
1675 5761 1 5 0 C 0
5761 3328 1 14 0 C 0
3041 4911 2 5 0 C 0
5731 4912 2 6 0 C 0
4914 5738 2 14 77 O 10
5738 4913 2 23 0 C 0
3248 4914 2 7 35 O 10
4915 3326 2 9 47 O 30
3326 5741 2 12 65 O 20
5741 3248 2 16 86 O 30
12 4915 2 19 103 O 20
4917 5776 2 9 48 O 20
4918 5776 2 10 52 M 30
5776 4919 2 12 63 M 20
5776 4920 2 9 49 O 20
4920 3960 2 33 0 C 0
4557 4921 2 4 0 C 0
4921 4922 2 13 0 C 0
4922 5777 2 19 0 C 0
2638 5460 1 16 89 O 20
4923 5777 2 13 0 C 0
2240 3191 2 19 0 C 0
3191 3959 2 16 0 C 0
3959 4924 1 4 0 C 0
4925 3023 2 13 69 O 10
4926 5564 1 5 26 O 20
4927 4348 2 10 51 M 20
2734 2738 2 15 78 O 20
4929 6038 2 2 10 O 30
3014 4930 2 8 41 O 10
4931 1547 2 23 127 O 30
4933 4932 2 16 84 M 30
5565 4934 2 3 14 O 10
5741 4935 2 4 22 O 30
4936 5739 2 16 0 C 0
5729 4937 2 22 118 O 20
4314 4447 2 2 6 O 20
2162 5188 1 4 17 O 30
4275 4276 2 3 12 O 30
4276 1327 1 12 63 O 10
1327 1209 1 18 97 O 20
3083 2937 1 16 0 C 0
2080 2715 1 2 0 C 0
3082 3084 1 16 0 C 0
4910 2107 1 12 0 C 0
2107 5242 1 17 0 C 0
5242 162 1 16 0 C 0
162 163 1 8 0 C 0
163 91 1 5 0 C 0
91 382 1 20 0 C 0
382 10 1 31 0 C 0
2883 2888 1 3 0 C 0
2873 5370 1 26 0 C 0
2874 2873 1 2 0 C 0
2872 2875 1 2 0 C 0
4942 5320 2 2 0 C 0
361 5036 1 15 0 C 0
4178 4027 1 10 0 C 0
4179 361 1 14 0 C 0
4027 1147 1 6 0 C 0
360 4179 1 14 0 C 0
4176 4029 1 14 0 C 0
4029 1146 1 4 0 C 0
4180 360 1 10 0 C 0
230 4175 1 3 0 C 0
2386 3982 2 3 12 O 10
4950 4952 2 10 0 C 0
3564 4125 1 7 0 C 0
4822 402 1 12 0 C 0
4115 3564 1 9 0 C 0
4939 1144 2 29 0 C 0
4939 4940 2 14 0 C 0
1681 1682 1 18 0 C 0
2473 40 1 2 0 C 0
3300 4116 1 25 0 C 0
2929 4006 2 9 49 O 30
4006 3371 2 16 84 O 20
3371 2924 2 13 68 O 20
2930 2929 2 6 30 O 10
2180 4492 1 81 0 C 0
5320 3582 2 16 0 C 0
4942 4941 1 7 0 C 0
4943 3422 2 11 0 C 0
4947 4944 2 2 0 C 0
1669 1659 2 4 0 C 0
4365 4948 2 8 0 C 0
4952 4951 2 11 0 C 0
4832 5693 1 3 12 O 20
4835 4836 1 4 17 O 10
4956 2534 1 24 131 O 20
4958 4959 2 9 46 O 20
4957 4960 2 3 15 O 10
4961 4962 2 6 32 O 20
4963 4964 2 6 30 O 10
1595 1597 2 4 20 O 20
1597 1578 2 11 58 O 10
3724 3738 2 9 48 O 20
3602 5849 2 22 121 O 20
5849 3723 2 2 7 O 30
1614 3339 2 29 156 O 30
3339 2969 2 37 203 O 30
1593 1599 2 12 64 O 20
1599 1579 2 9 45 O 20
1579 5347 2 1 2 O 20
5347 1600 2 9 46 M 20
1600 4556 2 2 11 M 10
4585 5908 1 7 0 C 0
4580 4581 1 6 0 C 0
4441 1953 2 19 103 M 10
1968 1954 2 11 57 M 30
1954 1966 2 7 34 O 20
1966 1961 2 2 10 M 30
1961 1948 2 8 40 M 30
4968 5693 2 8 41 O 30
4970 4969 2 5 24 O 10
4195 1599 2 5 25 O 10
4972 1591 2 13 67 M 30
4973 1512 2 9 48 O 10
1512 4195 2 10 52 O 10
4975 4974 2 6 28 O 30
4976 4975 2 2 6 O 30
1104 1103 2 1 2 M 30
1103 4631 2 4 17 O 20
4631 1513 2 6 30 O 20
1513 4976 2 2 7 O 20
4974 1509 2 7 35 O 20
1509 4977 2 4 22 O 20
1514 4194 2 8 44 M 20
1500 2979 2 6 29 M 10
2979 2980 2 6 32 M 30
4547 6004 2 3 13 O 30
6004 1600 2 11 58 M 30
4983 4646 1 34 0 C 0
4986 4987 2 21 113 O 30
4987 5420 2 1 4 O 20
5420 399 2 10 55 O 20
399 400 2 9 45 M 20
4699 4988 1 3 14 O 10
4989 4990 2 11 57 M 10
4991 4992 2 12 65 O 10
4996 4997 2 11 59 M 30
4998 1834 1 5 0 C 0
1835 5804 1 4 0 C 0
1837 1843 1 3 0 C 0
1843 1836 1 3 0 C 0
4999 4314 1 4 17 O 10
2761 2770 2 18 97 M 20
4095 2742 2 12 63 O 20
2742 2749 2 10 55 O 10
2749 2761 2 16 86 O 30
3751 3602 2 5 23 M 10
3602 3714 2 12 62 M 30
3714 3971 2 11 56 O 30
3971 3715 2 11 59 O 10
3548 3602 2 5 25 O 30
6002 2018 2 8 40 O 30
4392 1234 1 25 0 C 0
1234 5716 1 13 0 C 0
5716 1235 1 9 0 C 0
1235 5345 1 11 0 C 0
5345 3466 1 2 0 C 0
3896 3897 2 13 67 M 30
5012 5011 2 20 108 O 10
3080 5013 2 9 48 O 10
2769 1123 2 6 33 O 20
1123 5014 2 6 31 O 30
6010 2292 2 35 192 M 10
5017 5016 2 13 68 O 20
2780 5018 2 13 68 M 20
5019 2553 1 9 49 M 10
5021 5022 2 12 66 M 10
5031 5028 2 11 0 C 0
5028 5030 2 17 93 O 10
5030 5029 2 14 75 O 30
5029 5028 2 4 0 C 0
5419 3514 1 4 18 O 30
4539 2996 1 8 40 O 20
4406 2514 2 15 78 O 30
87 1503 1 12 0 C 0
2949 168 1 26 0 C 0
4646 4984 1 3 0 C 0
4537 3517 2 11 60 O 10
4610 5095 2 9 45 M 10
5654 5108 2 12 62 O 30
5113 2476 1 33 179 M 10
5113 3195 1 2 9 O 30
5110 5273 1 1 4 O 30
5273 5112 1 1 4 O 10
5112 4844 1 3 16 O 30
4844 5111 1 2 11 O 20
5111 5110 1 3 11 O 20
5140 5111 2 7 34 O 10
3959 2476 2 4 0 C 0
156 1222 2 4 19 O 20
1222 157 2 7 39 O 10
5120 5119 2 14 76 O 30
3195 5140 2 5 22 M 20
5116 3195 1 3 12 O 10
5115 5140 1 11 56 M 30
5145 5746 2 9 49 O 10
3167 3168 2 2 6 O 10
3552 3167 1 2 8 O 30
5517 194 1 9 0 C 0
194 5149 1 7 0 C 0
3949 5517 1 5 0 C 0
5150 4796 1 1 4 O 10
5151 5150 1 4 21 O 20
5154 4714 2 3 14 O 30
5159 5158 1 4 22 M 30
5525 5159 1 8 41 O 10
5160 2004 2 38 210 M 20
705 5158 2 4 20 O 20
5158 5160 2 25 137 O 30
2003 5525 2 20 106 M 10
5525 705 2 2 6 O 20
2004 5161 2 8 44 O 30
5161 706 1 4 21 O 30
706 2003 1 3 13 O 20
4719 4718 1 2 8 M 30
4718 4720 1 13 68 O 10
5609 5162 1 2 10 M 20
5162 5608 1 2 9 O 10
5164 3610 1 11 0 C 0
3238 2878 1 16 0 C 0
3238 3239 2 17 0 C 0
4665 5166 1 100 0 C 0
5613 5614 2 4 21 O 10
5614 1253 2 13 69 O 20
3276 961 2 2 6 M 30
2603 2602 2 9 50 O 10
3521 2577 2 2 7 M 30
5184 5187 2 2 10 M 20
5188 5184 2 2 10 O 10
5187 5186 2 7 35 O 20
1796 1450 1 24 128 O 20
5189 4620 2 5 25 O 20
5192 5191 2 6 30 O 30
4847 4770 2 5 27 M 10
4667 4666 1 3 13 O 30
863 5203 1 12 0 C 0
5204 1527 2 18 97 O 20
794 2542 2 12 61 O 20
2542 323 2 32 174 O 30
323 4353 2 2 7 O 10
5213 5209 2 4 22 O 20
5209 5208 2 10 55 M 10
5208 5207 2 5 23 O 20
5207 5209 2 1 3 O 20
5212 5211 1 2 9 M 10
5214 5210 1 2 10 O 30
5210 5213 1 7 38 M 20
5213 5212 1 5 27 O 10
4248 5215 2 16 88 O 20
5224 5223 2 20 0 C 0
5223 5222 2 10 50 M 30
3812 4575 2 4 20 O 20
4479 5228 1 11 59 O 20
342 343 1 4 17 O 10
343 5230 1 3 13 M 10
5230 5229 1 2 9 O 30
5232 5231 2 5 23 O 20
4846 5232 2 5 22 O 10
4205 2983 2 5 23 O 20
5241 5240 2 41 224 O 20
5244 5243 2 24 129 O 30
5246 5247 2 4 19 O 30
5247 5245 2 2 10 M 20
5248 5247 2 3 13 M 30
6000 5540 1 9 46 O 30
2087 3233 1 3 0 C 0
5077 5254 2 8 0 C 0
4358 4706 2 3 12 O 30
5258 2832 2 18 95 O 20
5259 2054 1 1 2 O 30
2054 5257 1 2 8 O 10
5257 5258 1 5 22 O 30
5258 5259 1 3 11 O 20
5268 413 2 8 42 O 10
413 3246 2 3 13 O 20
5269 3246 1 17 91 O 20
412 5269 1 27 146 O 30
1351 413 1 22 121 O 20
1350 1353 1 10 55 O 10
1353 1352 1 9 49 M 20
1352 1351 1 8 39 O 10
568 2453 2 11 57 O 20
435 5275 2 1 5 O 30
31 4690 1 12 62 O 30
4690 1381 1 9 47 M 20
5389 2616 1 21 112 O 10
2617 3789 2 17 92 O 30
3789 2588 2 17 90 O 20
2617 34 1 1 3 O 20
34 5389 1 16 87 O 30
5276 2612 2 10 51 O 30
3303 5276 1 6 32 O 20
5279 5278 1 6 31 O 20
5278 5277 1 4 21 O 20
5281 5280 1 10 50 M 30
5285 5284 2 12 64 O 20
5287 5286 2 14 76 O 10
5942 4675 1 56 0 C 0
3948 4388 1 21 0 C 0
4682 4681 1 364 0 C 0
4681 4678 1 385 0 C 0
5291 4684 1 9 0 C 0
4686 4687 1 86 0 C 0
5290 404 1 15 0 C 0
404 4949 1 4 0 C 0
5289 5290 1 17 0 C 0
4949 5291 1 28 0 C 0
4683 4682 1 51 0 C 0
4677 4685 1 77 0 C 0
4688 4686 1 48 0 C 0
298 299 1 9 0 C 0
5295 5294 2 4 17 M 20
5297 5296 2 5 26 O 20
5298 3907 2 9 45 O 30
5301 5300 2 7 35 O 20
5300 5299 2 6 29 O 10
2801 744 2 8 42 O 20
744 5303 2 30 163 O 20
5303 5302 2 17 89 O 10
5306 5307 2 23 125 O 30
5309 5308 2 5 27 O 10
5310 2723 2 7 36 M 10
5311 3219 2 17 93 O 30
3706 3710 1 21 0 C 0
5072 4193 1 6 0 C 0
4193 5343 1 17 0 C 0
4159 1256 1 13 0 C 0
3252 3705 1 8 0 C 0
1523 89 2 7 34 O 20
89 4540 2 5 26 O 10
3821 5325 2 20 109 O 10
4556 5327 2 3 14 O 30
5338 4396 1 9 0 C 0
3559 5109 2 11 59 M 30
5339 3268 2 4 19 O 10
5340 3078 2 9 49 M 30
5342 5341 2 6 30 O 30
5343 197 1 7 0 C 0
1995 4172 1 10 0 C 0
5518 4486 1 8 0 C 0
5344 4484 1 5 0 C 0
4484 5312 1 6 0 C 0
5312 1189 1 3 0 C 0
1982 5344 1 9 0 C 0
2093 2103 1 3 0 C 0
2103 3611 1 7 0 C 0
1504 2077 1 19 0 C 0
3298 2509 1 3 0 C 0
3294 4003 1 9 47 O 30
4722 4485 1 7 0 C 0
1213 4009 1 12 0 C 0
4009 3875 1 8 0 C 0
5748 2914 2 6 0 C 0
4188 1647 1 9 0 C 0
1331 1206 1 9 49 O 20
1523 5326 2 4 21 O 10
2686 5861 2 25 134 O 30
3620 3619 2 14 73 M 20
5347 5348 2 7 38 O 30
5324 5349 1 14 78 O 30
3823 5350 1 7 0 C 0
5351 4130 1 22 0 C 0
2894 2892 1 2 0 C 0
2894 4156 1 1 0 C 0
2892 2896 1 2 0 C 0
1921 1890 1 10 0 C 0
396 4216 1 3 0 C 0
3571 3575 1 7 0 C 0
1649 1679 1 7 0 C 0
1276 5266 1 5 0 C 0
2897 2892 1 8 0 C 0
5101 4459 2 1 5 O 30
5434 5527 1 13 0 C 0
2954 4018 1 19 0 C 0
5070 2182 1 93 0 C 0
4391 4382 1 10 0 C 0
5352 5781 1 73 401 O 10
2154 5353 1 20 110 O 20
5355 2566 2 6 29 O 30
2567 5355 2 6 32 O 30
5354 2162 2 9 46 O 10
5356 2445 1 9 49 O 30
5357 2621 1 7 35 O 20
2621 5883 1 18 99 O 20
5883 5356 1 14 74 M 10
5358 4319 2 8 40 O 20
1814 2372 2 7 39 M 20
5359 1814 2 8 41 O 10
5360 3880 2 20 0 C 0
5361 5843 2 6 0 C 0
2017 2018 1 2 11 M 30
3985 4390 2 4 21 O 30
5363 4478 1 4 17 O 20
4478 2594 1 6 29 O 30
2594 4212 1 7 37 O 30
4212 5378 1 15 83 O 30
5364 2881 1 9 0 C 0
2881 5181 1 17 0 C 0
5365 4752 1 3 0 C 0
4752 5390 1 5 0 C 0
5390 4751 1 6 0 C 0
4751 2883 1 9 0 C 0
3963 5736 1 9 0 C 0
5736 2901 1 13 0 C 0
5366 2900 1 6 0 C 0
2898 2904 1 9 0 C 0
5367 2889 1 6 0 C 0
5368 5367 1 7 0 C 0
5369 2884 1 8 0 C 0
2284 4153 1 9 0 C 0
5370 863 1 8 0 C 0
5371 2874 1 20 0 C 0
3915 5372 1 44 0 C 0
4530 3915 1 23 0 C 0
4217 4530 1 52 0 C 0
3698 4531 1 7 0 C 0
2869 396 1 10 0 C 0
5374 4761 1 9 0 C 0
5375 5374 1 13 0 C 0
3703 5375 1 9 0 C 0
5376 2867 1 27 0 C 0
3699 3700 1 12 0 C 0
2877 2876 1 14 0 C 0
4514 2281 2 24 129 O 30
5377 2280 2 15 78 O 30
5380 5381 2 3 15 O 30
1806 1811 2 13 70 O 20
1812 5381 1 6 33 M 30
5381 1813 2 1 1 M 20
1813 1806 2 3 14 O 10
5250 4512 1 5 0 C 0
4512 2111 1 9 0 C 0
5775 2250 2 7 38 O 20
2250 4917 2 14 72 O 10
4407 5467 2 7 0 C 0
4382 5170 1 4 0 C 0
5386 5385 1 14 0 C 0
1923 527 1 14 0 C 0
2122 2123 2 56 0 C 0
2123 448 2 10 0 C 0
448 451 2 17 0 C 0
451 3188 2 3 0 C 0
2122 3189 2 26 0 C 0
3927 4955 2 3 0 C 0
3926 3927 2 4 0 C 0
6023 5316 1 15 0 C 0
5264 5261 1 4 0 C 0
5391 2879 1 2 0 C 0
3916 2870 1 2 0 C 0
2870 5392 1 4 0 C 0
2871 862 1 7 0 C 0
5078 5077 2 2 0 C 0
5077 5079 1 5 0 C 0
5331 3361 1 3 0 C 0
5330 5331 1 3 0 C 0
3360 3365 1 3 0 C 0
3365 5394 1 3 0 C 0
5395 1355 1 17 0 C 0
5396 4152 1 1 0 C 0
2628 6024 1 8 0 C 0
6024 3916 1 4 0 C 0
4339 1130 2 4 18 O 30
1130 1135 2 4 21 O 30
1135 3937 2 6 31 O 10
5397 6014 1 3 0 C 0
4467 2206 1 10 0 C 0
4165 4164 1 14 0 C 0
2202 3581 1 8 0 C 0
1275 5262 1 6 0 C 0
2017 3966 2 13 71 O 20
5772 5771 2 18 96 O 30
5771 3073 2 11 59 M 30
3096 1269 1 6 0 C 0
5893 2135 1 5 0 C 0
5406 5407 2 5 24 M 30
2161 5406 1 9 45 O 10
5404 5409 1 2 7 O 20
5406 5404 2 2 7 O 10
5405 5404 2 4 17 O 30
5407 5408 1 4 18 O 30
5408 5409 1 17 93 O 20
5409 5410 1 3 15 O 30
5412 5411 2 18 96 O 20
5415 5412 2 6 29 O 10
4819 4680 1 5 0 C 0
4680 4031 1 6 0 C 0
1347 1346 1 11 59 O 10
1346 3054 1 17 94 O 20
3054 1345 1 12 64 O 10
1345 1344 1 41 226 M 30
2213 2842 1 7 0 C 0
2842 2214 1 51 0 C 0
2214 1506 1 26 0 C 0
4487 364 1 15 0 C 0
4164 4166 1 23 0 C 0
4166 307 1 28 0 C 0
307 5656 1 10 0 C 0
5656 3340 1 16 0 C 0
3340 4487 1 13 0 C 0
4488 3604 1 5 0 C 0
3604 3605 1 10 0 C 0
3605 3950 1 31 0 C 0
3950 3660 1 25 0 C 0
3934 887 2 8 40 M 30
5373 2869 1 1 0 C 0
5392 5282 1 5 0 C 0
5282 2871 1 15 0 C 0
862 861 1 20 0 C 0
861 860 1 6 0 C 0
860 6023 1 12 0 C 0
1927 1934 1 57 0 C 0
5416 1892 2 8 0 C 0
1189 4483 1 10 0 C 0
1622 1627 2 5 26 O 30
1627 1628 2 16 88 O 10
4473 4467 1 5 0 C 0
550 2129 1 8 41 O 20
2155 1161 1 8 40 O 10
4469 4471 1 18 0 C 0
1908 2205 1 7 0 C 0
1942 1247 1 8 0 C 0
2208 5439 1 3 0 C 0
5418 5437 1 5 0 C 0
5032 5419 1 8 41 O 10
5726 1508 1 24 0 C 0
4784 1681 1 22 0 C 0
5467 5469 1 10 0 C 0
3947 1099 1 28 0 C 0
540 5171 2 14 0 C 0
5001 4383 1 20 0 C 0
5957 2012 2 21 114 O 10
1348 1347 1 15 81 O 20
1349 1348 1 17 90 O 20
95 5852 1 8 0 C 0
6032 2115 1 9 0 C 0
4499 5708 1 37 0 C 0
4501 4498 1 8 0 C 0
4498 4496 1 4 0 C 0
4496 4500 1 6 0 C 0
4118 4501 1 5 0 C 0
2620 56 1 33 178 O 20
56 60 1 4 21 M 20
60 3928 1 2 8 O 30
2575 4339 2 7 34 O 10
3089 5398 1 18 0 C 0
5398 5399 1 8 0 C 0
3692 1320 2 12 62 M 20
1321 1322 2 18 99 O 30
3930 4814 1 17 0 C 0
5432 5752 1 44 0 C 0
4421 5440 1 33 0 C 0
5423 5424 1 8 0 C 0
5424 519 1 157 0 C 0
5427 5428 1 51 282 M 30
5835 2681 2 26 143 O 30
5296 4413 2 23 125 M 20
5831 5836 1 6 29 M 10
3420 4414 2 14 77 O 10
4414 2689 2 1 3 M 10
2689 4415 2 12 63 O 20
4415 4416 2 7 36 O 30
4416 2691 2 9 46 O 20
306 258 2 6 32 O 30
5431 5425 1 57 316 M 10
5834 5429 1 99 0 C 0
5437 5434 1 6 0 C 0
5315 4365 2 41 0 C 0
2878 5391 1 8 0 C 0
2923 3062 2 6 29 O 10
2868 4378 1 14 0 C 0
4377 4162 1 14 0 C 0
5448 5026 2 3 12 O 10
5026 3424 2 2 7 O 20
3424 5024 2 12 62 M 20
5450 4558 2 7 33 O 10
5451 5450 2 10 51 O 20
5426 5427 1 9 48 O 20
956 5426 1 40 220 O 20
5454 955 1 40 217 O 20
174 5831 1 4 20 M 30
5831 5833 1 4 19 O 30
5833 5457 1 20 108 M 30
5425 5454 1 21 114 O 30
3136 3137 1 3 14 O 20
3141 3140 1 4 18 O 10
3150 3147 1 3 14 O 20
3585 3146 1 3 15 O 10
3144 3585 1 3 15 O 10
3148 3150 1 3 16 M 30
3143 3141 1 4 18 O 10
3138 3136 1 4 17 O 20
4988 4700 1 4 20 O 10
5465 4710 2 18 95 M 20
5465 5464 2 10 53 O 30
45 4697 1 12 0 C 0
43 4696 1 337 0 C 0
5527 4472 1 3 0 C 0
5529 5530 2 11 58 O 20
5530 5948 2 4 21 O 20
3842 395 2 15 0 C 0
5534 403 1 2 0 C 0
5171 5092 2 6 0 C 0
1907 4419 1 141 0 C 0
5532 4418 1 132 0 C 0
4420 5532 1 6 0 C 0
2133 2143 1 13 0 C 0
4105 4281 1 45 246 O 20
2221 2848 1 30 0 C 0
204 2218 1 5 0 C 0
3834 3833 2 15 81 M 30
5545 5546 2 23 124 O 20
5556 5555 2 5 23 O 20
5554 3544 2 24 131 O 20
5555 5554 2 5 22 M 20
3041 65 2 10 0 C 0
2718 2720 2 3 16 M 20
5566 5571 2 5 27 M 30
5567 5566 2 6 33 M 30
5566 5570 2 4 21 M 10
5569 5568 2 12 64 M 10
5572 5569 2 13 71 O 20
5569 5571 2 3 16 O 10
5571 5570 2 3 15 O 10
5570 3149 2 22 120 O 10
5574 5573 2 11 56 O 10
3574 5580 2 31 0 C 0
372 373 2 3 12 O 20
5584 5583 2 7 35 O 10
375 374 2 3 11 O 30
1263 358 2 14 0 C 0
2857 2226 1 26 0 C 0
1264 5383 2 3 0 C 0
5661 1680 1 10 0 C 0
5662 5661 1 2 0 C 0
5660 5338 1 3 0 C 0
973 5660 1 2 0 C 0
4119 4409 2 3 0 C 0
4409 5663 2 2 0 C 0
403 241 1 4 0 C 0
5544 5988 1 3 0 C 0
5988 5664 1 3 0 C 0
5665 4362 1 9 0 C 0
5666 5665 1 3 0 C 0
5667 5668 1 3 0 C 0
4362 5670 1 9 0 C 0
5670 5669 1 6 0 C 0
5044 5672 1 4 0 C 0
5672 5671 1 6 0 C 0
5176 4159 1 1 0 C 0
3522 5336 1 5 0 C 0
5188 5185 1 6 33 M 30
5695 5696 2 3 13 O 20
5531 3944 1 3 15 O 30
5531 5881 1 2 9 O 20
4480 5531 1 4 18 O 30
3944 5788 1 1 5 O 30
5788 5790 1 5 26 M 10
5790 2130 1 3 15 O 30
2130 2128 1 12 66 O 20
2128 5455 1 3 13 O 30
503 5531 1 11 60 O 20
1540 3976 2 9 47 O 10
3971 3970 2 26 140 O 20
284 3719 2 12 65 O 20
3719 3753 2 9 48 O 20
3753 3752 2 10 52 O 10
5481 5482 2 19 104 O 20
5897 4828 2 10 51 O 20
1860 5499 2 5 24 O 10
5499 1858 2 10 53 M 30
1858 3635 2 4 17 M 30
3635 5502 2 16 84 M 20
5502 5136 2 2 11 O 30
5317 3522 1 8 0 C 0
4453 143 2 15 0 C 0
143 5236 2 2 0 C 0
5236 5720 2 1 0 C 0
139 141 2 4 0 C 0
141 4393 2 12 0 C 0
5701 5760 1 4 0 C 0
5760 1675 1 5 0 C 0
5702 5701 1 6 0 C 0
4192 5704 1 7 0 C 0
5704 5703 1 6 0 C 0
362 5706 1 2 0 C 0
5706 5705 1 5 0 C 0
217 1645 1 2 0 C 0
5707 217 1 5 0 C 0
3923 4120 2 4 0 C 0
5719 293 2 12 0 C 0
5720 5719 2 3 0 C 0
5723 5724 2 10 53 O 20
5749 5750 2 10 51 O 30
5976 3965 2 7 0 C 0
2920 4451 2 9 45 M 20
5751 3372 2 13 69 O 30
131 1904 1 14 0 C 0
5440 3253 1 47 0 C 0
5379 4405 2 2 10 O 20
5756 2676 2 5 24 O 20
5783 3901 1 2 6 O 30
5784 1459 1 3 15 O 30
5785 5787 2 10 54 O 10
5787 5786 2 3 12 O 30
5787 3790 2 6 29 O 20
5801 5800 2 1 0 C 0
5734 5801 2 3 0 C 0
1824 1826 2 15 0 C 0
1828 5802 2 3 0 C 0
2384 1840 1 4 17 O 30
4061 953 2 7 36 O 20
953 2065 2 12 66 O 20
5811 1173 1 16 87 O 30
3376 232 1 6 28 O 30
705 2004 1 10 52 O 20
2515 1069 2 1 3 O 20
1069 4406 2 8 42 O 20
5819 5818 1 3 13 O 20
3369 4550 2 2 8 O 10
4370 4379 2 14 0 C 0
4379 4048 2 10 0 C 0
4048 2915 2 3 0 C 0
1903 5418 1 17 0 C 0
5828 5564 2 3 17 O 20
3404 2265 2 19 104 M 20
2265 2263 2 19 103 O 30
3437 3439 2 13 69 O 20
3489 5829 2 5 26 O 30
5651 5830 2 8 43 O 30
5296 5458 2 2 11 M 20
5838 5837 2 7 36 O 30
5841 5839 2 6 29 M 30
5842 5841 2 10 53 M 20
5841 5837 2 5 24 M 20
5837 5840 2 6 32 O 20
5847 5848 2 9 50 M 20
3970 3743 2 6 31 O 20
3743 5849 2 7 34 O 30
5851 3598 1 2 0 C 0
5852 5851 1 6 0 C 0
5853 2116 1 13 0 C 0
5850 5853 1 6 0 C 0
5855 5856 2 2 0 C 0
5856 1669 2 5 0 C 0
4948 5855 2 3 0 C 0
498 1789 2 6 0 C 0
1789 1787 2 14 0 C 0
1787 1786 2 12 0 C 0
1786 5857 2 3 0 C 0
433 1704 2 8 44 O 10
1704 432 2 3 11 O 30
5859 2689 1 2 9 O 10
2128 5860 1 3 13 O 10
2127 5863 1 5 25 M 10
5858 5859 1 1 2 O 20
5861 4410 2 2 8 O 10
5862 4411 2 2 10 O 30
1784 3412 2 9 0 C 0
1726 1727 1 8 0 C 0
5868 1722 1 1 0 C 0
5869 5868 1 8 0 C 0
1902 1897 1 22 0 C 0
5872 5873 1 9 0 C 0
1936 4374 1 5 0 C 0
4374 5871 1 6 0 C 0
5870 5872 1 5 0 C 0
5873 1940 1 5 0 C 0
1930 5874 1 18 0 C 0
1917 5875 1 3 0 C 0
5877 5879 2 4 18 O 20
5879 5878 2 9 45 O 10
5879 2404 2 5 23 O 20
3534 5880 2 6 33 O 20
5883 5884 2 11 57 O 20
5885 5887 2 3 12 O 20
3321 5889 2 4 20 O 20
5892 1173 2 8 40 O 20
3421 5893 2 4 0 C 0
4583 2152 1 5 0 C 0
5908 4580 1 4 0 C 0
2626 3731 2 22 117 M 30
3747 3746 2 4 22 M 10
4831 5897 2 2 8 O 10
1105 5204 2 7 38 M 20
5204 1539 2 1 4 O 30
1539 6040 2 4 20 O 10
6040 1538 2 4 20 O 10
1538 2970 2 5 25 O 30
2972 1544 1 8 44 O 30
2981 2984 2 8 42 O 10
5899 5898 2 2 6 M 10
5900 5901 2 2 6 O 30
5903 5902 2 2 6 O 20
5904 5905 2 2 6 O 10
5907 5906 2 43 236 O 30
3736 5907 2 7 38 O 20
5909 2149 2 17 89 O 30
2149 4552 2 7 38 O 30
2150 4773 2 17 91 M 10
4773 5910 2 9 48 O 10
5912 5895 2 3 13 M 30
1878 1948 2 2 11 O 30
5915 5914 2 3 13 O 20
5283 3592 2 4 19 O 30
1288 5918 2 9 47 O 30
5918 5916 2 12 64 O 30
5916 5915 2 10 52 O 10
5915 3596 2 3 13 M 30
3596 5917 2 11 61 M 20
5919 1432 2 4 20 O 30
1438 1441 2 21 113 O 10
5921 5920 2 12 64 M 20
5922 5920 2 3 11 M 30
5920 6041 2 2 6 O 30
6041 5921 2 2 6 O 10
5921 5923 2 10 53 O 30
5925 5926 1 15 78 O 10
5926 5927 2 4 19 M 30
5927 345 1 9 48 O 30
345 5928 1 6 30 M 10
5928 5927 1 6 29 O 20
5926 5929 1 18 100 M 20
4911 5936 2 2 0 C 0
2891 2893 1 4 0 C 0
5937 5938 2 4 21 O 30
5938 5939 2 7 38 O 20
5939 5940 2 4 17 M 30
5940 5938 2 3 16 M 20
5941 2673 2 5 27 O 30
4679 5942 1 24 0 C 0
5166 2181 1 42 0 C 0
4492 700 1 24 0 C 0
169 4679 1 4 0 C 0
2190 5943 1 29 0 C 0
967 2190 1 5 0 C 0
5944 966 1 6 0 C 0
1630 1633 1 28 0 C 0
5945 1630 1 25 0 C 0
4018 5946 1 18 0 C 0
1896 1905 1 47 0 C 0
1938 2126 1 45 0 C 0
5874 1929 1 18 0 C 0
1934 5815 1 6 0 C 0
4404 5980 2 4 18 O 30
2165 4404 2 3 17 O 20
5981 5982 1 8 40 O 20
5267 5981 1 5 23 O 10
2826 5985 2 12 62 O 10
2826 3056 2 28 155 O 10
354 3891 1 9 0 C 0
4944 521 1 20 0 C 0
2395 1822 2 27 0 C 0
4308 5387 2 4 0 C 0
5387 5388 2 3 0 C 0
5986 5987 2 13 70 O 30
5991 5992 2 7 34 O 10
2963 2964 1 2 0 C 0
6004 6005 1 5 22 O 20
6005 6006 1 9 49 O 10
6006 4635 1 5 26 M 10
6012 132 2 24 129 O 20
6013 2001 1 3 0 C 0
2906 4376 1 15 0 C 0
5414 6015 2 3 12 O 10
6015 6016 2 8 42 M 10
6015 6017 2 4 18 O 10
5273 6018 2 7 33 O 10
6018 6019 2 20 108 O 20
6021 6022 2 22 118 O 30
1672 1674 1 5 0 C 0
6029 1673 1 5 0 C 0
1651 6029 1 7 0 C 0
1674 5700 1 7 0 C 0
1922 1919 1 9 0 C 0
223 1916 1 4 0 C 0
18 6031 1 10 0 C 0
6031 6032 1 4 0 C 0
2545 6033 2 2 10 O 10
3977 1879 1 4 18 M 30
4170 1596 1 4 22 M 20
4788 4714 1 4 17 O 20
4714 5153 1 2 6 O 10
4669 4788 1 4 18 O 20
5407 0 1 3 11 O 30
0 5408 1 1 5 O 20
4524 4188 1 14 0 C 0
1277 1002 1 5 0 C 0
1002 1276 1 3 0 C 0
5265 1275 1 3 0 C 0
1 3110 1 9 0 C 0
5266 5260 1 3 0 C 0
5260 5265 1 2 0 C 0
5261 5263 1 3 0 C 0
4 3111 1 12 0 C 0
3111 1670 1 4 0 C 0
5 1519 1 3 0 C 0
1519 3 1 3 0 C 0
6 5702 1 11 0 C 0
8 2948 1 7 0 C 0
9 2940 1 7 0 C 0
2940 321 1 11 0 C 0
321 4510 1 1 0 C 0
10 3082 1 10 0 C 0
875 12 2 9 49 O 20
4056 3831 2 4 19 O 30
3831 4881 1 50 276 O 20
4881 3451 1 9 46 M 30
880 2478 2 13 68 O 10
694 2508 1 10 0 C 0
5519 5515 1 7 0 C 0
4245 17 2 4 17 M 20
3247 4240 2 5 27 O 30
4240 4245 2 7 35 O 30
19 2076 1 8 0 C 0
21 22 2 1 4 O 30
23 24 2 1 4 O 20
26 27 1 15 81 O 10
25 26 2 1 4 O 10
27 28 1 5 26 O 30
28 26 1 2 8 O 30
25 1244 2 11 57 O 10
2496 3987 2 39 213 O 10
3987 5557 2 3 13 O 30
30 3987 2 4 21 O 30
4341 31 2 2 6 O 10
2591 2589 2 18 99 O 10
2581 2607 2 16 84 O 30
2607 2578 2 32 175 O 30
2578 35 2 16 85 O 10
35 2577 2 1 5 O 20
34 4463 2 15 81 O 30
2588 2494 2 26 140 M 30
82 36 2 2 10 O 10
3985 38 1 4 19 O 20
4321 4322 2 12 65 O 20
2373 4320 2 15 79 O 30
2358 5248 2 13 68 O 10
5248 2364 2 3 14 M 10
40 2716 1 3 0 C 0
41 3298 1 4 0 C 0
5463 1006 1 11 0 C 0
5449 2233 1 7 0 C 0
2233 2232 1 5 0 C 0
882 3091 1 5 23 O 30
3091 545 1 8 43 M 30
42 883 1 5 0 C 0
883 1242 1 3 0 C 0
2199 4394 1 33 0 C 0
44 43 1 55 0 C 0
4697 46 1 36 0 C 0
2198 4361 1 8 0 C 0
4361 2188 1 51 0 C 0
4695 45 1 12 0 C 0
46 44 1 8 0 C 0
2105 5062 1 27 0 C 0
3030 5063 1 11 0 C 0
47 890 1 4 0 C 0
6035 49 2 3 0 C 0
50 6034 2 4 0 C 0
788 2843 1 5 0 C 0
2843 51 1 6 0 C 0
789 2634 1 18 0 C 0
2089 53 1 5 0 C 0
2957 5765 1 14 0 C 0
2088 3586 1 18 0 C 0
3010 55 1 8 0 C 0
2102 2106 1 40 0 C 0
4814 138 1 15 0 C 0
3928 2575 1 9 48 O 20
58 62 2 5 25 O 10
62 57 2 6 30 O 10
56 58 2 2 9 O 10
59 63 2 3 15 O 10
63 61 2 5 28 O 20
61 60 1 2 8 M 20
62 63 2 4 21 O 30
65 3042 2 5 0 C 0
4912 3045 2 18 0 C 0
1309 790 2 11 59 O 10
1312 386 2 32 174 M 10
29 1312 2 3 15 O 20
67 3692 2 2 10 M 30
1265 68 2 1 0 C 0
4565 3576 1 33 0 C 0
4632 1103 2 6 33 O 20
4666 5155 1 2 8 M 10
71 74 2 10 54 M 30
74 70 2 8 42 O 10
72 73 2 9 45 O 30
74 75 2 1 5 O 10
4715 76 2 11 61 O 30
78 77 2 11 59 M 20
77 6042 2 3 14 O 30
6042 78 2 3 14 O 10
78 76 2 2 10 O 20
76 79 2 1 5 O 10
79 4754 2 3 14 O 10
79 80 2 4 19 O 20
80 77 2 11 61 O 20
80 4756 2 3 15 O 20
70 81 2 14 76 M 30
5155 4789 1 3 12 O 10
5346 4712 1 11 57 O 20
4711 4712 2 6 32 O 10
4712 4713 1 6 30 O 30
2950 85 1 8 0 C 0
2092 86 1 6 0 C 0
5035 87 1 12 0 C 0
3611 528 1 2 0 C 0
5710 389 2 6 0 C 0
1859 1857 2 8 39 M 10
5138 1848 2 11 59 M 10
1848 5137 2 2 6 O 10
5137 5136 2 10 51 O 30
4533 5465 2 4 20 O 30
88 4533 2 5 24 O 30
89 5585 1 6 32 M 30
5585 1524 2 7 34 M 30
5668 530 1 2 0 C 0
4783 4391 1 35 0 C 0
5709 4783 1 17 0 C 0
5708 5709 1 9 0 C 0
2116 93 1 3 0 C 0
94 2114 1 3 0 C 0
2114 95 1 5 0 C 0
5543 2113 1 9 0 C 0
4508 4506 1 8 0 C 0
3656 2000 2 16 0 C 0
5071 3656 2 7 0 C 0
5747 3510 2 7 0 C 0
3510 2237 2 1 0 C 0
96 97 2 6 29 M 10
3433 2271 2 14 76 O 10
2271 98 2 4 21 O 10
99 4144 2 4 21 O 30
4144 5281 2 10 52 O 10
5281 3198 2 10 53 O 30
3198 3431 2 33 181 O 20
101 102 2 18 98 O 10
103 104 2 19 104 M 30
105 106 2 20 108 M 20
107 108 2 17 93 O 30
109 110 2 19 102 O 10
111 112 2 17 92 M 10
113 114 2 17 92 O 10
115 116 2 18 98 O 10
117 118 2 18 98 O 20
119 120 2 13 69 O 10
121 122 2 17 94 O 30
123 124 2 17 92 O 10
13 125 2 18 95 O 10
2281 2283 2 25 136 O 30
3431 3432 2 7 38 O 30
5112 5411 2 10 52 O 10
5411 5414 2 4 20 M 10
5414 5413 2 6 33 O 10
14 470 2 15 80 O 30
3446 3224 2 7 37 O 20
3224 3219 2 18 100 O 30
5651 987 2 13 69 M 30
987 5650 2 13 69 O 20
3408 5650 2 15 79 M 10
5649 3442 2 6 29 O 30
5649 3443 2 15 80 O 20
3212 3213 2 8 44 O 10
3213 5649 2 15 79 O 20
4966 127 2 6 30 M 20
5803 1843 2 2 0 C 0
5804 4998 1 1 0 C 0
4998 1833 2 15 0 C 0
1833 1831 2 4 0 C 0
1831 1846 2 13 0 C 0
3180 1842 2 18 0 C 0
2375 4222 2 10 55 O 10
1739 2362 2 8 43 O 30
1417 1418 2 10 0 C 0
1418 1420 2 14 0 C 0
1420 1421 2 7 0 C 0
1421 6009 2 11 0 C 0
6009 1422 2 10 0 C 0
1422 1423 2 14 0 C 0
1411 2430 2 18 98 O 10
2430 1800 2 2 9 M 30
1800 1414 2 15 80 O 30
1414 1801 2 5 23 O 10
1801 1416 2 15 80 M 10
4623 4302 2 15 81 O 10
4302 2447 2 31 167 O 20
2462 6010 2 9 50 O 20
4966 4991 2 41 227 O 30
4991 2422 2 7 37 O 30
2163 4966 2 30 165 O 20
129 130 2 14 75 O 30
132 5413 2 9 45 O 30
133 6018 2 25 136 O 30
136 135 2 3 12 O 30
135 134 2 2 9 O 10
5894 5550 1 27 0 C 0
137 3461 1 23 0 C 0
5139 5113 1 6 33 O 20
5114 5139 1 6 29 M 20
2398 2399 2 12 61 M 10
3029 2398 2 6 31 O 30
5102 2171 1 9 49 O 20
5107 5102 1 15 83 O 10
4749 5106 1 8 41 O 30
4453 140 1 5 0 C 0
140 5466 1 6 0 C 0
144 3551 1 3 13 O 20
3551 3550 1 4 19 O 20
3550 144 1 3 15 O 30
5115 5116 1 7 37 O 30
4624 5104 1 15 79 O 30
146 145 2 2 11 O 20
3418 1702 1 16 0 C 0
4170 5451 2 3 16 M 20
1879 5697 1 2 10 O 10
5697 3977 1 2 7 O 20
1905 5435 1 18 0 C 0
502 2209 1 14 0 C 0
1332 1331 1 23 125 O 20
4281 4276 1 13 72 O 10
4282 487 1 17 92 O 10
487 4275 1 8 42 O 30
5143 2413 1 12 61 O 10
149 150 1 17 0 C 0
150 4274 1 11 0 C 0
2178 4491 1 2 7 O 20
4491 4489 1 6 33 O 10
4489 1283 1 3 13 O 20
5144 242 1 3 11 O 30
242 4286 1 7 37 O 20
2153 4868 1 7 37 M 10
3881 4479 1 5 26 O 10
4479 6043 1 3 14 O 20
6043 5228 1 3 14 M 20
2145 5293 1 6 0 C 0
4428 151 2 7 34 O 30
151 3990 2 2 10 O 30
1700 2144 1 7 0 C 0
153 4853 1 5 0 C 0
1771 154 1 5 0 C 0
1970 683 1 4 0 C 0
683 155 1 2 0 C 0
158 5924 1 2 0 C 0
5924 5433 1 6 0 C 0
5433 1939 1 6 0 C 0
5438 158 1 4 0 C 0
4465 2208 1 3 0 C 0
5439 4466 1 8 0 C 0
173 2207 1 4 0 C 0
5932 3295 1 3 0 C 0
4317 4701 2 3 13 O 20
4701 4318 2 4 21 O 30
4318 5193 2 1 4 O 20
5193 4698 2 5 22 M 20
4010 159 2 4 20 O 30
159 160 2 5 26 M 20
161 4972 2 7 35 O 20
4821 170 1 13 0 C 0
170 169 1 3 0 C 0
4151 3948 1 61 0 C 0
171 4151 1 3 0 C 0
2139 173 1 2 0 C 0
4466 4468 1 17 0 C 0
1267 4431 1 8 0 C 0
176 3100 1 10 0 C 0
177 176 2 2 0 C 0
3098 3096 2 5 0 C 0
3253 5423 1 37 0 C 0
5428 5430 1 10 54 O 20
3185 179 2 5 0 C 0
179 180 2 22 0 C 0
180 181 1 26 0 C 0
425 182 1 2 7 O 20
182 183 1 11 60 O 20
183 424 1 2 9 O 30
3609 337 1 1 0 C 0
5455 2127 1 11 56 O 30
2127 5456 1 5 24 O 20
5863 5832 1 5 24 O 10
186 1986 2 22 0 C 0
1986 1981 2 29 0 C 0
4218 186 1 5 0 C 0
190 188 1 2 0 C 0
188 187 1 7 0 C 0
187 189 1 2 0 C 0
190 364 2 17 0 C 0
349 3088 1 2 0 C 0
5401 5400 1 7 0 C 0
5400 5044 1 32 0 C 0
193 2072 1 26 0 C 0
192 3089 1 2 0 C 0
4747 4537 2 4 19 O 20
196 4747 2 5 25 O 20
2074 191 1 2 0 C 0
3875 347 2 11 0 C 0
1993 1992 1 3 0 C 0
2492 2494 2 14 74 O 30
2498 2492 2 9 48 O 10
2493 2491 2 12 61 M 10
2491 2498 2 8 42 M 30
2672 4800 2 6 31 O 20
4318 199 2 5 28 O 10
199 198 2 3 13 O 10
5836 4412 2 26 141 O 20
5836 5833 1 5 28 O 10
4864 83 1 8 40 O 10
357 2609 1 15 81 M 20
202 201 2 8 40 O 20
3013 206 2 6 29 M 20
235 234 1 4 21 O 10
5333 3367 1 5 23 O 10
3367 5094 1 4 18 O 30
3367 236 1 6 29 M 10
2925 237 1 5 24 M 10
232 2926 1 4 17 O 30
236 233 1 5 25 O 10
233 235 1 4 17 O 30
3368 5334 1 8 41 O 20
4419 4421 1 5 0 C 0
4471 5096 1 13 0 C 0
240 1908 1 34 0 C 0
1335 244 1 6 29 O 30
244 243 1 6 30 O 30
244 245 1 11 56 O 30
242 246 1 8 43 O 30
247 248 2 4 21 O 10
5615 5614 2 5 25 M 30
249 250 2 9 49 M 30
251 252 2 10 55 M 30
2413 4286 1 3 11 O 10
243 2413 1 2 11 O 20
4286 243 1 2 7 O 20
1505 253 1 2 0 C 0
254 4167 1 2 0 C 0
3991 4399 2 16 84 O 20
256 257 2 3 15 M 30
5951 259 2 4 22 O 10
5220 260 1 4 21 M 10
260 261 1 3 15 M 30
2401 4897 2 3 11 O 10
4897 2400 2 7 34 O 20
262 2401 2 3 14 O 20
3395 2402 2 11 58 O 20
3022 3019 2 9 45 O 10
265 264 1 5 23 O 20
264 263 1 4 20 O 10
5435 1899 1 3 0 C 0
1939 1941 1 16 0 C 0
1941 270 1 17 0 C 0
5752 131 1 40 0 C 0
5429 5432 1 51 0 C 0
5457 955 1 14 74 O 30
955 219 1 2 7 O 20
5456 5832 1 2 6 O 20
5832 174 1 7 36 O 20
275 276 2 5 22 O 10
279 280 2 11 60 O 20
278 280 2 4 20 M 20
280 3596 2 4 19 O 20
281 5603 2 7 36 O 30
282 283 2 9 45 O 30
283 3594 2 3 11 M 10
1582 1589 2 15 83 M 30
1580 1601 2 7 37 O 10
1585 1594 2 4 22 O 30
1594 1593 2 19 102 O 30
1552 2981 2 14 74 M 10
4558 1604 2 2 9 O 20
3713 3712 2 13 70 O 10
1606 3338 2 33 179 O 20
1607 3713 2 37 205 M 20
436 3713 2 9 48 O 30
1602 3716 2 7 38 O 30
3716 3712 2 28 154 O 30
3712 3338 2 12 66 O 20
3778 3746 2 14 73 O 30
5471 5473 2 15 81 O 20
5473 5510 2 10 55 O 10
5510 3777 2 11 57 O 10
2820 2818 2 7 34 M 30
5127 5687 2 4 20 O 20
5687 5125 2 19 105 O 30
1558 1559 1 7 34 O 30
1603 1605 2 8 41 M 20
1605 1614 2 10 53 M 20
1614 1606 2 11 58 O 30
1606 1602 2 10 53 O 10
1602 1607 2 9 48 O 20
1607 1610 2 10 55 M 30
1610 5794 2 12 64 O 10
5794 250 2 7 35 O 20
250 251 2 1 3 O 20
251 4476 2 3 12 M 10
4476 1612 2 12 64 O 10
1612 1613 2 7 38 O 10
1613 1609 2 10 55 O 30
1609 5674 2 6 30 M 10
5674 4475 2 5 25 O 10
1613 5911 2 2 10 O 30
5460 2637 1 13 71 O 20
5452 5453 1 8 0 C 0
5453 4192 1 8 0 C 0
2614 289 2 8 43 O 20
289 2667 2 6 33 M 10
1899 269 1 2 0 C 0
5335 3931 2 28 0 C 0
3995 5341 2 6 33 M 20
5341 3079 2 2 7 M 20
5033 255 2 2 9 O 20
460 3260 2 9 0 C 0
4562 4454 1 4 0 C 0
294 3374 1 2 6 O 10
295 3374 2 8 41 O 20
3374 3373 2 5 28 O 30
5122 1083 2 2 0 C 0
5808 5807 1 5 23 O 30
296 297 2 8 44 O 20
3607 3876 1 3 0 C 0
3295 3607 1 2 0 C 0
5953 4373 2 3 0 C 0
4373 4379 2 16 0 C 0
3587 5954 1 27 0 C 0
197 3571 1 7 0 C 0
499 3892 1 12 0 C 0
4994 305 2 5 25 O 20
915 919 2 3 16 O 10
919 922 2 4 19 O 30
922 928 2 1 5 O 30
928 925 2 2 9 M 20
925 917 2 3 14 O 30
5810 4306 2 3 13 O 10
942 933 2 2 11 O 20
933 224 2 5 26 O 30
224 939 2 4 18 O 30
939 934 2 3 12 O 10
5809 5810 2 4 22 O 20
2781 2785 1 3 13 O 30
4231 311 2 19 0 C 0
4230 311 2 16 0 C 0
1498 313 2 6 28 O 10
1492 4638 2 7 35 O 10
3956 325 2 13 68 O 10
325 5322 2 4 21 O 10
4353 322 1 7 35 O 20
322 323 1 7 35 O 30
323 5321 1 10 53 O 10
5321 3956 2 4 21 O 30
325 324 1 4 22 O 10
5846 327 2 11 57 O 30
327 328 2 12 65 M 30
5806 336 2 5 25 O 30
331 332 2 3 13 O 30
333 334 2 3 12 M 10
335 330 2 3 13 O 20
337 339 1 2 0 C 0
339 340 1 2 0 C 0
340 3608 1 2 0 C 0
3606 340 1 3 0 C 0
1946 346 2 16 87 O 30
2985 344 2 13 68 O 10
347 384 2 27 0 C 0
1657 2125 2 9 0 C 0
2125 1663 2 8 0 C 0
1663 1660 2 8 0 C 0
350 2408 2 5 23 O 30
2403 353 2 5 27 O 30
5076 2633 1 5 0 C 0
370 2119 2 1 0 C 0
371 370 2 4 0 C 0
373 5581 2 2 9 M 10
5582 372 2 2 8 O 30
374 5588 2 2 9 O 20
5589 375 2 2 8 O 10
5835 376 2 3 16 O 20
1144 1102 2 22 0 C 0
1102 379 2 28 0 C 0
380 377 1 1 0 C 0
1085 1086 2 17 0 C 0
2009 3768 2 8 41 O 20
852 385 2 5 28 O 10
4924 387 2 3 0 C 0
2240 4841 2 10 0 C 0
4841 3961 2 17 0 C 0
3108 3107 1 10 0 C 0
3107 5225 1 10 0 C 0
5225 3106 1 3 0 C 0
3106 3105 1 5 0 C 0
5254 3837 2 10 0 C 0
6026 2866 1 4 0 C 0
6027 3707 1 12 0 C 0
406 3119 1 1 2 M 30
407 3127 1 1 4 M 30
5101 5104 1 22 120 M 30
1720 1732 2 5 0 C 0
417 418 2 3 14 O 10
420 1321 1 2 6 O 20
4274 3526 2 5 0 C 0
184 3892 2 11 0 C 0
1397 1396 2 10 50 O 30
1396 1385 2 3 16 M 20
5857 1784 2 11 0 C 0
1660 4366 2 4 0 C 0
1666 421 2 6 0 C 0
5703 5699 1 10 0 C 0
1792 39 1 6 33 M 30
4456 142 2 3 0 C 0
422 4456 2 3 0 C 0
142 139 2 4 0 C 0
5528 1903 1 14 0 C 0
4145 4918 2 4 22 O 10
2246 2247 2 20 0 C 0
3440 2247 2 38 208 O 20
2267 2274 2 20 106 O 30
2274 2279 2 19 101 O 30
4142 2267 2 45 246 O 30
2267 2269 2 6 31 O 20
2258 4147 2 22 117 O 20
1112 4295 2 17 90 O 20
1261 2868 1 13 0 C 0
429 427 2 11 56 O 20
427 428 2 2 6 O 10
885 1712 2 6 29 O 10
3419 433 2 5 24 O 20
3200 4148 1 4 19 M 10
4856 310 2 2 9 O 10
2746 443 2 11 59 O 10
443 2744 2 10 50 O 10
442 443 2 9 48 M 10
3384 708 2 20 109 M 20
708 709 2 2 6 O 30
709 3261 2 24 129 O 30
440 441 2 13 70 O 20
444 445 2 3 16 O 30
4953 5658 1 4 0 C 0
5658 5659 1 16 0 C 0
5659 5698 1 10 0 C 0
5698 864 1 37 0 C 0
864 1676 1 8 0 C 0
1654 1653 1 11 0 C 0
1653 1652 1 27 0 C 0
4254 4255 2 2 7 O 10
1329 488 1 34 183 O 10
5436 1938 1 22 0 C 0
268 5528 1 12 0 C 0
3432 100 2 9 46 O 10
100 456 2 7 35 O 30
457 4266 2 10 53 O 10
2016 5958 2 8 40 O 20
5936 3039 2 2 0 C 0
3039 460 2 4 0 C 0
3560 2488 2 27 148 M 20
5643 4057 2 17 91 O 20
2488 2487 2 12 66 O 20
2488 5643 2 27 146 O 30
2559 2561 2 27 145 O 10
2562 14 2 22 120 M 10
14 4138 2 18 100 O 10
3444 3232 2 16 88 O 10
3232 2564 2 29 161 O 20
3324 3450 2 2 9 O 20
3450 3221 2 21 113 O 10
4913 5731 2 3 0 C 0
3859 3866 2 12 65 O 20
3866 3861 2 19 102 O 20
5633 2836 2 14 75 M 20
2836 5632 2 10 51 O 30
4054 5535 2 49 271 O 10
5768 5535 2 26 0 C 0
5535 2052 2 21 0 C 0
426 2005 2 11 56 M 30
2005 3379 2 2 6 O 20
462 463 2 7 34 M 10
2069 2516 2 12 0 C 0
2516 5768 2 11 0 C 0
4063 464 2 15 83 O 10
2517 4063 2 13 67 O 10
6034 468 2 9 0 C 0
468 4772 2 16 0 C 0
4772 467 2 4 0 C 0
5800 5384 2 4 0 C 0
5384 3469 2 5 0 C 0
4054 4384 2 6 33 O 10
469 3255 1 5 24 O 30
2994 682 2 12 65 O 20
682 3255 2 3 12 O 20
4056 2555 2 10 50 O 20
2555 2557 2 10 52 O 30
3218 2559 2 17 90 O 20
3218 3832 2 10 51 O 20
3228 5647 2 23 126 M 20
471 472 2 8 41 M 30
11 474 1 3 14 O 30
474 475 1 4 17 O 20
475 476 1 3 14 O 30
478 477 2 11 57 O 10
478 475 1 4 18 M 10
474 478 1 1 4 O 30
3047 5587 2 3 0 C 0
4758 3589 2 9 47 O 30
3589 4427 2 1 5 O 20
1522 4758 2 25 138 O 30
4004 481 2 3 13 O 30
481 480 2 8 44 O 10
480 479 2 7 36 M 10
482 481 2 2 9 O 10
483 1173 2 2 6 O 30
3172 3171 2 5 24 M 10
3171 491 2 5 22 O 10
2717 5723 2 4 20 O 30
492 493 1 4 20 O 30
493 496 1 7 35 M 20
496 494 1 3 16 O 30
493 495 1 4 18 O 20
495 497 1 12 63 O 20
497 496 1 4 18 O 10
495 6044 1 3 16 O 10
6044 497 1 3 16 O 10
421 498 2 22 0 C 0
5814 397 2 6 0 C 0
3891 499 1 4 0 C 0
1791 423 1 15 0 C 0
423 354 1 3 0 C 0
39 500 1 6 28 O 20
501 5337 1 7 37 O 30
4474 502 1 6 0 C 0
2147 504 2 6 29 O 30
4405 2147 2 3 16 M 30
505 2533 1 16 84 O 20
5823 5822 2 4 18 O 20
506 5822 2 4 20 O 10
507 4422 2 3 0 C 0
229 508 1 3 0 C 0
508 2002 2 2 0 C 0
228 1988 1 1 0 C 0
1999 228 1 2 0 C 0
1977 509 2 3 0 C 0
509 512 2 3 0 C 0
512 511 2 4 0 C 0
511 5459 2 2 0 C 0
1763 518 1 11 0 C 0
518 18 1 5 0 C 0
5321 4353 1 10 51 O 10
2500 2499 2 23 125 O 10
1401 4689 2 9 46 O 20
4689 5785 2 7 35 O 20
5785 2616 2 9 48 O 30
2314 2319 2 5 24 O 20
2339 2345 2 17 92 O 10
2345 2350 2 12 62 O 10
2350 4309 2 25 136 O 20
2334 5286 2 11 60 O 30
5286 947 2 2 8 O 30
947 1408 2 6 33 O 10
5353 520 1 5 24 M 20
3315 4067 1 6 33 O 10
4113 1168 1 15 81 O 30
1168 1166 1 3 16 O 20
1166 2155 1 7 35 O 30
2569 3897 1 10 52 O 10
3897 2620 1 28 151 O 10
6030 223 1 22 0 C 0
1915 4401 1 3 0 C 0
521 522 1 3 0 C 0
522 4946 1 2 0 C 0
4946 182 1 7 34 M 10
182 4945 1 3 15 O 10
4945 183 1 3 11 O 30
183 501 1 3 16 O 30
523 524 1 4 0 C 0
524 1794 1 17 0 C 0
5991 3893 2 9 50 O 20
3188 449 2 3 0 C 0
449 450 2 6 0 C 0
450 3926 2 11 0 C 0
5843 5799 2 1 0 C 0
3937 525 2 9 45 O 30
1917 526 1 6 0 C 0
5816 1893 1 2 0 C 0
527 1924 1 2 0 C 0
528 2098 1 5 0 C 0
5174 2956 1 3 0 C 0
5766 5174 1 14 0 C 0
529 5402 1 12 0 C 0
530 529 1 7 0 C 0
531 5047 1 7 0 C 0
532 531 1 5 0 C 0
534 2092 1 2 0 C 0
286 534 1 5 0 C 0
3299 540 2 14 0 C 0
782 2998 1 8 0 C 0
2998 1641 1 3 0 C 0
536 1643 1 7 0 C 0
537 536 1 8 0 C 0
538 4191 1 3 0 C 0
539 538 1 12 0 C 0
4525 4190 1 7 0 C 0
2218 2217 1 10 0 C 0
2220 3952 1 9 0 C 0
2219 204 1 14 0 C 0
541 2228 1 2 0 C 0
2227 2857 1 5 0 C 0
2228 2227 1 9 0 C 0
2229 541 1 7 0 C 0
543 542 1 6 0 C 0
1242 543 1 4 0 C 0
2230 544 1 5 0 C 0
544 42 1 19 0 C 0
545 5449 1 3 12 O 10
546 5854 1 8 0 C 0
459 5061 1 16 0 C 0
212 1755 1 12 0 C 0
548 3083 1 23 0 C 0
274 172 1 3 0 C 0
172 273 1 19 0 C 0
2937 274 1 9 0 C 0
559 9 1 8 0 C 0
547 560 1 11 0 C 0
549 5195 1 6 31 O 10
5195 550 1 6 29 O 20
551 4157 1 27 0 C 0
191 552 1 8 0 C 0
553 5049 1 5 0 C 0
557 4417 1 16 0 C 0
558 5057 1 13 0 C 0
554 3008 1 3 0 C 0
5179 3004 1 19 0 C 0
2967 555 1 6 0 C 0
285 2968 1 4 0 C 0
5173 561 1 2 0 C 0
556 165 1 2 0 C 0
165 5173 1 16 0 C 0
164 5175 1 9 0 C 0
5175 2080 1 26 0 C 0
560 548 1 9 0 C 0
2715 547 1 9 0 C 0
561 164 1 9 0 C 0
2939 559 1 4 0 C 0
562 4907 1 8 0 C 0
563 2942 1 4 0 C 0
368 4513 1 10 0 C 0
4511 2946 1 8 0 C 0
458 459 1 8 0 C 0
5854 458 1 4 0 C 0
564 5054 1 2 0 C 0
5237 564 1 13 0 C 0
565 5237 1 10 0 C 0
5402 567 1 6 0 C 0
4528 2 1 8 0 C 0
2 4780 1 6 0 C 0
566 533 1 4 0 C 0
5049 566 1 3 0 C 0
2467 4163 2 2 10 O 30
4163 2465 2 8 44 O 30
4601 5190 2 6 33 O 20
5190 5191 2 4 19 M 30
5191 2469 2 2 7 M 20
2329 1406 2 11 59 O 30
2441 571 2 9 48 O 20
1423 1425 2 27 0 C 0
1425 1426 2 2 8 M 30
1426 1427 2 7 39 O 30
1427 1430 2 15 0 C 0
1430 1434 2 8 0 C 0
1803 4233 2 11 58 O 10
4233 2448 2 24 130 O 10
2448 2439 2 28 154 O 30
2439 2437 2 5 25 O 30
2437 4296 2 18 97 O 20
4296 4297 2 22 119 O 10
2426 4294 2 15 80 O 20
1795 1410 2 4 18 M 30
1100 3357 2 9 0 C 0
572 1719 2 3 0 C 0
1719 1718 2 3 0 C 0
574 4354 2 34 184 O 10
4354 322 2 13 70 O 10
3024 573 2 4 17 O 20
5628 409 2 7 38 O 20
578 3132 2 2 10 O 10
2518 577 2 4 17 O 20
580 771 1 15 82 O 10
771 1311 1 2 10 O 20
1311 1312 2 4 20 O 10
1311 579 1 6 28 O 30
579 3579 1 2 9 O 30
3579 580 1 10 56 O 10
575 576 2 1 3 O 20
579 575 2 2 9 O 20
2177 5827 1 5 25 O 20
5827 4283 1 3 13 O 20
4978 1593 2 1 5 O 10
1488 581 2 3 16 M 10
582 583 2 2 9 O 30
586 585 2 8 44 O 10
585 584 2 3 16 O 20
4278 3939 1 8 40 O 10
4276 1328 2 10 52 O 10
1328 5142 2 8 41 O 30
4282 587 1 11 58 O 30
587 487 1 8 39 O 30
4402 4315 2 12 66 O 10
5557 699 2 4 18 M 10
699 4402 2 3 13 O 30
3771 588 2 4 20 O 10
5949 4964 2 13 68 O 30
4964 5948 2 10 53 O 30
4319 3935 2 8 43 O 30
3935 2358 2 4 19 O 20
2358 3983 2 24 129 O 30
3983 804 2 9 49 O 30
804 806 2 4 19 O 20
1525 5264 1 7 0 C 0
5007 4180 1 9 0 C 0
589 3184 1 15 0 C 0
3184 1768 1 2 0 C 0
2172 4285 1 21 111 O 30
2397 4308 2 36 0 C 0
4308 3925 2 2 0 C 0
3925 292 2 2 0 C 0
292 6045 2 3 0 C 0
6045 291 2 3 0 C 0
291 184 2 2 0 C 0
4647 1893 2 2 0 C 0
590 1917 1 4 0 C 0
1914 5289 1 15 0 C 0
299 5288 1 6 0 C 0
591 298 1 17 0 C 0
5292 591 1 25 0 C 0
5288 1913 1 13 0 C 0
2113 5850 1 2 0 C 0
1993 592 2 6 0 C 0
2571 2572 2 5 23 O 20
2572 3307 2 7 38 O 10
3307 5782 2 7 39 O 30
2571 2573 2 11 58 M 30
595 2570 2 4 19 O 10
2603 595 2 8 40 O 30
688 2603 2 21 113 O 10
383 784 2 9 0 C 0
596 597 2 6 30 O 30
1334 598 2 9 45 O 30
1334 599 2 6 30 M 20
600 601 2 4 20 O 20
602 603 2 10 52 O 30
1333 605 2 3 14 O 30
605 607 2 1 3 O 10
607 604 2 2 7 M 30
605 606 2 2 9 O 30
607 608 2 8 39 M 30
609 611 2 4 18 M 30
611 610 2 1 5 M 30
611 612 2 1 5 O 10
613 614 2 3 14 O 30
614 615 2 2 7 O 10
614 616 2 1 5 M 20
617 618 2 2 10 M 30
619 620 2 6 30 O 30
620 621 2 2 6 M 20
621 622 2 3 11 O 30
621 623 2 3 14 O 20
624 625 2 3 14 O 30
626 627 2 3 14 O 30
628 629 2 3 16 O 30
630 631 2 3 15 O 20
613 632 2 3 15 O 10
633 634 2 3 16 O 30
635 636 2 3 15 M 10
637 638 2 3 16 M 10
639 640 2 5 23 O 20
641 642 2 3 11 O 10
3270 643 2 2 11 O 20
644 645 2 3 12 O 30
646 647 2 3 15 M 20
648 649 2 3 15 M 10
650 651 2 3 13 O 10
652 653 2 3 13 O 20
654 655 2 3 15 O 20
5551 656 2 3 13 M 10
657 658 2 3 11 O 30
659 660 2 3 16 M 30
661 662 2 3 14 O 30
663 647 2 4 17 M 20
664 665 2 3 13 O 10
666 667 2 3 13 M 20
668 669 2 4 19 O 10
670 671 2 5 25 O 10
672 673 2 3 15 O 20
674 675 2 5 26 O 30
2409 676 2 5 24 O 20
677 679 2 19 102 O 20
679 678 2 2 11 O 30
679 680 2 3 13 O 20
2407 681 2 3 13 O 30
3946 3945 2 12 0 C 0
3414 3946 2 13 0 C 0
3423 3413 2 11 0 C 0
2885 2886 1 5 0 C 0
4947 1830 2 14 0 C 0
4522 4667 1 7 34 O 30
1919 1932 1 9 0 C 0
5079 6026 1 3 0 C 0
4561 690 1 16 0 C 0
4181 691 1 6 0 C 0
692 4186 1 2 0 C 0
4186 1646 1 12 0 C 0
1646 4187 1 8 0 C 0
4158 1101 2 18 0 C 0
1101 1100 2 19 0 C 0
3358 3357 2 20 0 C 0
2508 693 1 10 0 C 0
16 694 1 13 0 C 0
4744 695 2 5 23 O 30
4538 4744 2 4 17 O 20
4744 696 2 3 15 M 10
4540 5255 2 5 23 O 20
5256 5255 1 8 41 O 10
5255 4139 1 12 63 M 30
697 698 2 3 15 O 10
30 699 1 9 45 O 10
1781 5983 2 5 0 C 0
5983 5984 2 6 0 C 0
5984 3919 2 5 0 C 0
700 1631 1 17 0 C 0
1633 2189 1 11 0 C 0
701 2951 1 16 0 C 0
702 1639 1 14 0 C 0
703 2184 1 3 0 C 0
4388 4665 1 25 0 C 0
704 4820 1 25 0 C 0
4678 704 1 54 0 C 0
4798 5769 1 2 9 O 30
2006 710 1 9 45 O 30
5769 2006 1 9 45 O 30
5769 710 2 1 5 O 20
5524 4798 2 1 4 O 20
710 4798 1 2 7 O 30
712 970 1 2 0 C 0
970 2935 1 4 0 C 0
2935 2934 1 19 0 C 0
2713 4502 1 3 0 C 0
4502 969 1 11 0 C 0
969 712 1 6 0 C 0
713 1654 1 13 0 C 0
3982 717 1 3 16 O 20
718 719 2 5 23 O 10
719 4811 2 7 38 O 30
720 5270 1 1 2 M 10
5270 721 1 3 13 O 30
721 720 1 5 23 M 30
4316 5196 2 26 139 O 30
5430 5834 1 15 81 O 30
519 5431 1 26 0 C 0
733 464 1 2 8 O 10
730 723 1 1 4 O 30
464 732 1 2 7 O 30
724 465 1 2 10 O 30
465 734 1 2 8 M 30
2070 737 1 5 23 O 30
738 2070 1 4 18 O 30
735 739 1 2 8 O 10
731 736 1 2 10 O 20
2061 727 1 3 13 O 10
726 2061 1 3 14 O 10
722 733 1 1 3 O 30
732 723 1 1 4 M 10
734 725 1 1 4 O 20
736 2060 1 2 9 M 30
2060 735 1 2 9 O 20
740 738 1 1 4 O 10
737 729 1 1 2 M 30
4856 2772 2 17 92 O 10
2772 2773 2 15 82 M 10
741 3554 2 5 25 M 30
3506 3503 2 3 15 O 30
4101 4786 2 9 50 M 30
4786 742 2 5 26 M 10
2801 2799 2 5 26 O 30
743 744 2 22 122 O 10
3504 3561 2 7 37 O 20
1450 1448 1 2 9 O 10
3901 1449 1 2 6 O 30
1449 3902 1 2 6 M 20
3902 1450 1 2 11 M 20
1448 5783 1 2 6 O 30
4219 1458 1 5 26 O 10
1459 4219 1 3 13 M 20
1458 5784 1 1 2 M 30
2051 2049 1 3 14 M 30
2049 2047 1 3 13 O 30
2047 2050 1 3 12 M 20
2050 4858 1 1 2 O 30
723 724 1 1 2 M 30
724 725 1 2 7 O 30
725 726 1 2 7 O 20
726 727 1 2 6 O 20
727 731 1 1 2 O 30
731 739 1 2 7 O 30
739 740 1 1 3 O 20
740 728 1 1 4 O 30
728 729 1 1 6 M 20
729 722 1 2 7 O 30
722 730 1 1 2 O 10
377 379 1 3 0 C 0
379 378 1 3 0 C 0
378 5146 1 2 0 C 0
5146 380 1 2 0 C 0
1626 1624 1 1 2 O 10
1620 1623 1 3 12 O 10
1623 1625 1 2 9 O 10
1625 1626 1 3 13 O 10
745 3561 2 1 5 M 20
3561 746 2 2 10 O 10
2812 747 2 1 6 O 20
748 749 2 9 49 O 20
750 751 1 12 64 O 20
752 753 2 13 72 O 10
754 3578 2 5 28 O 10
755 756 2 11 58 M 20
757 758 2 11 57 O 30
759 760 2 12 64 O 20
761 1411 2 4 20 M 20
1410 762 2 3 15 M 10
1972 5157 1 1 0 C 0
2489 3436 1 2 7 O 30
3436 3433 1 2 9 O 10
3433 3434 1 4 20 O 20
3434 3435 1 1 3 O 30
1308 1310 1 1 2 M 10
1309 1307 1 3 13 O 10
1307 1306 1 4 19 O 10
1306 1308 1 3 12 O 30
3161 3159 1 3 15 M 30
3159 419 1 3 12 M 10
3160 3161 1 3 14 M 20
419 3158 1 1 4 O 30
3119 3120 1 2 9 O 10
3120 3117 1 2 8 M 10
3117 3118 1 2 8 M 20
3118 406 1 2 6 O 20
3128 3126 1 2 10 O 30
3127 3128 1 2 10 O 30
3126 3125 1 2 9 O 20
3125 407 1 1 5 O 30
1319 420 1 1 2 O 10
1321 1320 1 2 9 O 20
1320 1319 1 3 15 O 20
1249 1248 1 2 0 C 0
1248 1250 1 2 0 C 0
1258 1257 1 3 0 C 0
1257 1259 1 2 0 C 0
2853 1520 1 3 0 C 0
1520 2854 1 2 0 C 0
2858 2859 1 3 0 C 0
2859 2860 1 3 0 C 0
2862 1245 1 2 0 C 0
1245 2863 1 1 0 C 0
4739 4738 1 2 0 C 0
4738 4546 1 2 0 C 0
1990 1978 1 2 0 C 0
1978 6013 1 2 0 C 0
1374 3385 1 2 0 C 0
1372 1373 1 2 0 C 0
1373 1374 1 3 0 C 0
3387 1367 1 3 0 C 0
1367 1369 1 3 0 C 0
1369 1368 1 3 0 C 0
1368 3390 1 1 0 C 0
1400 1399 1 3 12 M 30
1399 1398 1 3 14 O 20
1398 3389 1 1 3 M 20
3388 1400 1 3 16 O 30
1358 1357 1 2 7 M 20
2490 5156 1 2 7 O 10
5156 1359 1 3 15 O 30
1359 1358 1 1 5 O 20
1357 1356 1 2 7 O 20
2258 763 2 8 42 O 20
3067 3064 1 2 11 O 20
3064 3063 1 2 11 O 10
3063 3065 1 1 2 M 10
3066 3067 1 3 11 O 30
5935 5039 1 2 0 C 0
5039 5934 1 2 0 C 0
2121 5038 1 3 0 C 0
5038 5933 1 2 0 C 0
5933 5935 1 3 0 C 0
3754 3736 2 4 17 O 10
3736 764 2 7 36 M 10
764 765 2 4 20 M 30
213 767 1 5 0 C 0
768 5997 1 5 0 C 0
5997 1756 1 3 0 C 0
769 214 1 7 0 C 0
5080 6025 1 2 0 C 0
771 770 2 4 22 M 30
772 773 2 17 89 M 10
5170 774 1 8 0 C 0
776 2202 1 13 0 C 0
4385 4495 2 8 0 C 0
1099 1638 1 38 0 C 0
777 5666 1 5 0 C 0
778 5397 1 6 0 C 0
779 4273 1 19 0 C 0
780 2236 1 25 0 C 0
4780 775 1 6 0 C 0
567 2109 1 5 0 C 0
2834 4141 2 30 163 M 20
4141 5268 2 8 44 O 30
3101 3102 1 4 0 C 0
3657 3101 1 3 0 C 0
189 4218 1 1 0 C 0
1373 783 2 4 0 C 0
535 782 1 9 0 C 0
784 1270 2 7 0 C 0
785 3663 2 5 0 C 0
4023 786 1 10 0 C 0
2848 787 1 9 0 C 0
2635 788 1 18 0 C 0
52 789 1 8 0 C 0
4707 912 2 4 22 O 30
912 3177 2 20 109 O 10
3177 3590 2 2 6 O 20
3590 3176 2 20 107 O 10
3176 792 2 10 55 M 30
793 3173 2 4 21 O 30
1289 2549 2 25 137 O 10
2549 2546 2 25 138 O 20
2546 794 2 6 32 O 10
3018 3017 2 14 76 O 20
3017 3016 2 10 53 O 20
6033 795 2 37 204 O 20
796 3165 2 6 30 O 20
790 66 2 21 115 O 20
66 760 2 4 20 O 10
760 758 2 7 38 O 10
758 756 2 4 19 O 10
756 791 2 3 12 O 10
797 4221 2 8 0 C 0
4221 1841 2 29 158 O 20
1830 798 2 9 0 C 0
799 1827 2 14 0 C 0
5186 4111 2 6 28 O 20
5185 2159 1 31 171 O 10
5186 5185 2 3 13 O 10
801 802 1 6 31 M 10
800 801 1 2 10 O 20
802 803 1 2 10 O 10
807 805 2 3 14 O 10
808 809 1 2 8 O 30
805 806 1 3 15 M 30
809 805 2 2 7 O 30
804 807 1 2 10 M 30
808 4999 1 2 6 O 20
806 4314 2 2 11 O 20
809 810 2 1 2 O 10
811 1379 2 5 23 O 10
1379 815 2 1 4 O 30
812 37 2 3 14 O 10
37 814 2 1 5 O 30
2495 837 2 19 104 M 20
837 839 2 2 11 M 20
839 841 2 2 9 O 30
841 2504 2 17 94 O 30
2504 1383 2 12 63 O 20
1383 2493 2 28 154 O 10
813 1379 1 3 14 O 10
1379 37 1 5 23 M 20
37 2495 1 3 12 O 30
2495 814 1 3 12 O 30
814 815 1 5 23 O 20
815 813 1 3 13 O 20
819 820 2 3 16 M 10
821 822 2 4 22 O 30
823 226 2 2 9 O 10
226 825 2 1 5 O 10
226 824 2 2 9 O 30
825 826 2 1 5 O 20
827 828 2 3 16 O 20
829 830 2 6 31 O 30
816 227 2 8 40 M 30
227 817 2 3 12 O 20
227 818 2 4 18 O 30
831 832 2 3 14 O 30
833 834 2 3 11 M 30
1377 835 2 8 42 O 20
836 837 2 4 20 O 10
838 839 2 3 14 O 10
840 841 2 3 15 O 30
842 225 2 4 19 O 20
3939 4105 1 19 104 O 10
4280 843 1 6 28 O 10
5826 5780 1 12 62 O 10
5825 489 1 6 28 O 30
4285 3940 1 25 138 O 10
1402 2173 1 24 131 O 20
3943 5103 1 24 131 O 10
4750 4129 1 28 152 O 30
5469 5894 1 6 0 C 0
845 844 2 4 19 O 20
414 5256 1 17 91 O 30
2900 2897 1 3 0 C 0
338 3609 1 2 0 C 0
4729 846 2 5 25 O 20
5232 4845 2 3 14 O 20
847 848 2 4 22 M 30
849 850 2 4 20 O 10
851 4545 1 3 12 M 10
3526 852 2 3 0 C 0
853 383 2 3 0 C 0
4598 4603 1 2 11 O 30
4603 4604 1 2 9 M 30
4604 4600 1 2 9 O 30
4600 5147 1 1 2 M 30
4605 4621 1 2 9 O 10
4621 4623 1 2 10 O 20
4623 4599 1 3 12 O 30
4599 3323 1 1 2 M 10
1461 3900 1 1 5 O 10
1460 1462 1 2 10 O 20
1462 1461 1 3 16 O 20
2287 2286 1 4 21 O 10
2286 2288 1 3 15 O 20
2288 3322 1 1 2 O 30
2164 854 2 2 8 O 20
855 856 2 11 59 O 10
127 128 2 4 20 O 10
127 857 2 4 21 O 30
128 858 2 2 6 O 30
2464 5888 2 3 12 O 20
859 4145 2 4 18 O 30
867 868 2 9 50 O 10
869 871 2 2 9 O 10
871 870 2 11 60 O 20
874 875 2 1 5 O 10
874 873 1 5 26 O 20
873 875 1 5 26 M 30
873 4916 2 7 33 M 30
876 878 1 1 5 O 10
5817 874 1 4 17 M 30
875 877 1 4 19 O 20
879 5817 1 8 44 O 30
877 876 1 8 44 O 20
878 880 2 1 5 O 10
880 879 1 1 5 M 30
881 880 1 5 27 O 30
878 881 1 6 28 O 10
2820 436 1 2 10 O 10
436 2823 1 3 11 O 10
2823 2822 1 1 3 M 10
2822 2821 1 1 4 M 10
2819 2820 1 2 7 M 30
4553 4552 1 1 4 O 20
4552 5489 1 2 8 M 10
4551 4553 1 2 8 M 20
432 885 2 2 10 O 30
886 5782 1 2 10 M 30
887 4337 2 4 17 O 20
888 2965 1 2 0 C 0
2964 889 1 4 0 C 0
889 888 1 3 0 C 0
211 2967 1 4 0 C 0
2968 211 1 4 0 C 0
2845 315 1 5 0 C 0
315 2846 1 3 0 C 0
2847 2845 1 4 0 C 0
3518 317 1 1 5 O 20
316 5867 1 3 14 O 30
5867 3113 1 3 11 O 30
3113 3518 1 3 11 O 30
3153 320 1 1 4 O 20
4123 3155 1 3 12 O 30
3155 3154 1 2 11 M 30
3154 3153 1 3 12 O 20
3131 314 1 1 5 O 10
3132 3134 1 2 10 O 10
3134 3133 1 3 12 O 10
3133 3131 1 3 12 O 20
3142 319 1 1 2 O 20
4122 318 1 3 13 M 20
318 3151 1 3 13 O 10
3151 3142 1 3 13 O 20
892 5060 2 11 0 C 0
891 892 2 3 0 C 0
890 5055 1 11 0 C 0
890 5239 2 3 0 C 0
5239 4017 2 5 0 C 0
5060 1182 1 10 0 C 0
2082 1184 1 30 0 C 0
3543 3123 2 2 10 O 10
3156 3543 2 50 275 M 30
1828 1823 1 1 0 C 0
1826 1825 1 2 0 C 0
1825 1828 1 3 0 C 0
1847 1837 1 1 0 C 0
1836 1835 1 2 0 C 0
1834 1838 1 1 0 C 0
1838 1832 1 1 0 C 0
3753 893 2 1 5 O 10
900 901 1 5 25 O 10
901 902 1 9 45 O 30
902 1380 2 5 23 O 10
1380 900 2 2 9 O 10
900 1408 2 5 23 O 10
1408 4333 2 5 28 O 30
4333 1409 2 9 49 M 10
894 895 2 17 92 O 20
896 897 2 5 26 O 20
898 899 1 8 44 O 30
3777 903 2 7 38 O 20
903 2815 2 6 30 O 30
2815 3764 2 4 19 M 10
904 905 2 13 70 O 20
907 904 2 18 100 O 10
904 906 2 10 53 O 20
908 909 2 7 38 O 30
910 909 2 5 23 O 20
909 911 2 14 76 M 20
912 913 2 8 44 O 10
915 916 2 3 12 O 20
914 915 2 2 8 O 20
918 919 2 2 7 O 30
919 920 2 3 13 O 20
921 922 2 2 6 O 20
922 923 2 3 13 O 10
924 925 2 2 7 O 30
925 926 2 3 13 O 30
927 928 2 2 6 O 30
928 929 2 3 13 O 30
917 930 2 2 6 M 30
931 933 2 6 32 O 20
933 932 2 3 12 O 10
935 224 2 6 29 O 30
936 224 2 2 8 O 20
224 937 2 3 13 O 10
938 939 2 1 5 O 10
939 940 2 3 13 M 20
941 942 2 4 18 M 30
942 943 2 2 11 O 30
944 919 2 2 8 O 30
901 945 2 5 25 O 20
946 947 2 2 8 O 30
952 951 2 12 63 M 10
954 953 2 11 58 O 10
5446 1973 2 2 0 C 0
195 5517 2 2 0 C 0
5149 4173 1 5 0 C 0
5148 957 1 8 0 C 0
957 3949 1 4 0 C 0
960 959 2 17 94 O 10
962 963 2 17 94 O 20
4251 976 2 29 158 M 30
977 976 1 3 13 M 30
976 975 1 4 17 O 20
975 977 1 1 3 O 30
978 979 2 7 36 O 20
980 981 2 9 45 O 20
982 983 2 7 39 O 20
984 985 2 4 22 O 10
986 987 2 6 32 O 30
5819 4387 1 6 32 O 10
4387 5818 1 6 31 O 20
990 991 2 7 35 O 20
992 993 2 9 48 M 10
3043 3041 2 3 0 C 0
3045 3043 2 28 0 C 0
4781 994 2 4 0 C 0
3260 4781 2 12 0 C 0
3441 995 2 4 20 O 10
6020 996 2 2 7 O 30
996 4043 2 8 41 O 20
996 997 2 2 7 O 30
5522 998 2 2 10 O 10
999 1000 2 3 12 O 20
241 5544 1 2 0 C 0
1004 4117 1 3 0 C 0
4117 1005 1 6 0 C 0
5664 1004 1 5 0 C 0
1006 41 1 3 0 C 0
1007 2316 2 11 60 O 10
1008 2324 2 6 28 O 10
1009 1010 2 19 101 O 20
1010 1011 2 2 6 O 20
1010 5177 1 3 15 O 10
5177 3901 1 9 46 M 20
1436 5177 2 2 6 M 30
1436 1011 1 3 15 M 30
1011 3903 1 8 39 O 30
4893 1012 2 10 53 M 10
1013 1469 2 20 108 O 10
1014 4890 2 10 56 O 20
1015 1016 2 18 97 M 30
1017 1018 2 18 99 O 20
1019 1020 2 7 33 O 20
1020 1021 2 3 16 M 30
1025 2485 2 2 6 O 20
1026 3068 2 17 94 O 20
1028 1029 2 15 81 O 10
1030 1521 2 7 38 O 10
1032 1033 2 3 16 O 20
1033 1034 2 3 13 M 10
1034 1048 2 1 5 M 30
1048 1080 2 1 3 O 10
1035 1039 2 1 2 O 30
1042 1043 2 2 10 O 30
1044 1045 2 2 10 O 30
1048 1049 2 1 2 O 20
1052 1053 2 4 20 O 10
1054 1055 2 2 11 M 20
1058 1065 2 2 9 O 30
1059 1060 2 2 9 O 30
1061 1062 2 2 9 O 30
1066 1067 2 3 12 O 30
1069 1171 2 2 6 M 10
1070 1071 2 2 6 M 10
1072 327 2 2 10 O 20
1073 1074 2 10 53 O 20
1076 1077 2 9 46 O 20
1077 1078 2 3 12 O 30
1079 1047 2 1 4 O 10
1047 1035 2 3 13 O 20
1035 1036 2 1 4 M 30
1036 1037 2 2 6 O 20
1081 1082 2 2 7 O 20
455 4259 1 6 30 O 30
4259 4255 1 4 19 O 10
1074 1088 2 22 119 O 10
1090 1089 2 13 71 O 10
2807 1091 2 3 12 O 10
1095 1094 2 14 73 O 30
2985 1098 2 3 12 O 20
1510 4973 2 6 30 O 20
4087 1106 2 9 45 M 20
5685 1107 2 4 22 O 20
4077 1108 2 2 9 O 30
1109 1511 2 3 12 M 10
4098 1110 2 8 40 M 10
3507 1111 2 2 11 O 10
3316 1114 2 7 35 O 10
1114 1113 2 2 7 O 10
1114 1115 2 2 7 M 30
1117 1116 1 9 45 O 10
1116 4803 1 4 21 O 20
1119 1118 2 13 71 M 10
1121 1120 2 20 111 O 20
5015 1122 2 9 48 M 10
1123 1124 2 5 24 O 30
1125 1126 2 3 12 O 20
7 221 2 5 27 O 30
2566 5354 2 3 14 O 30
4766 5366 1 4 0 C 0
2902 4767 1 5 0 C 0
4767 2899 1 5 0 C 0
2899 4766 1 1 0 C 0
2810 2809 2 2 6 O 10
2809 6046 2 3 13 M 10
6046 3508 2 3 13 O 20
3508 3506 2 5 24 O 30
1546 2805 2 3 13 O 20
1127 1128 2 9 48 O 30
525 1133 2 3 11 O 10
1129 1130 2 4 20 O 20
1131 525 2 3 16 O 30
1132 1133 2 3 16 O 30
1134 1135 2 9 48 O 10
1136 1137 2 9 49 O 20
1138 1139 2 3 11 O 30
1140 1141 2 3 14 M 30
1133 1128 2 5 26 O 10
1146 5008 1 11 0 C 0
1147 4176 1 8 0 C 0
5004 185 1 8 0 C 0
185 4177 1 8 0 C 0
1151 769 1 5 0 C 0
1056 1057 2 2 7 O 20
4128 1301 2 19 105 O 20
1152 1153 2 6 30 O 20
5205 1156 2 4 18 O 10
1157 1158 2 3 16 M 30
1159 1161 2 13 69 M 10
1161 2162 1 10 54 O 30
1161 1163 2 2 7 O 20
1163 1160 2 1 5 O 10
1160 2157 1 27 149 O 20
1158 1160 1 5 23 M 30
1162 1163 2 6 30 O 10
1164 2155 2 3 15 O 30
1165 1166 2 12 64 M 20
1167 1168 2 4 17 M 30
1169 1170 2 2 8 O 10
1063 1058 2 2 9 O 10
1171 1070 2 1 4 O 10
5994 5995 2 6 28 M 10
1174 1175 1 8 43 O 20
1064 1059 2 2 9 O 30
1682 3464 1 5 0 C 0
1179 1180 2 15 79 O 10
5820 5586 2 1 4 O 20
1050 1034 2 1 2 O 30
1040 1041 2 2 10 O 30
1046 1047 2 1 2 O 30
1038 1036 2 1 5 O 10
1051 1033 2 1 2 O 30
4064 330 2 3 16 O 10
333 336 2 1 3 O 20
336 331 2 1 3 O 30
331 329 2 1 2 O 20
5805 1181 2 3 13 O 10
1182 546 1 3 0 C 0
1183 5060 1 10 0 C 0
1184 1183 1 2 0 C 0
3517 1186 2 10 53 O 30
1186 1185 2 6 33 O 20
4093 4488 1 4 0 C 0
1187 4165 1 6 0 C 0
1191 1187 1 4 0 C 0
1190 1188 1 4 0 C 0
4654 1192 2 5 23 O 10
1636 1193 2 3 13 O 10
1193 1194 2 1 4 M 30
5011 1195 2 26 142 O 10
682 1196 2 11 61 O 30
5591 1197 2 1 5 O 10
1198 1193 2 1 5 O 20
1199 1200 2 2 6 O 20
4137 5994 2 14 75 O 10
1201 1202 2 7 36 O 20
6014 2905 1 4 0 C 0
1331 1205 1 9 48 O 20
1206 1330 1 1 5 M 30
4423 1207 2 4 18 M 10
1208 4282 1 4 21 M 20
1209 5143 1 17 90 O 30
5142 1204 2 12 66 O 30
1210 2212 1 3 0 C 0
1211 5932 1 3 0 C 0
4026 1212 1 2 0 C 0
2212 1213 1 2 0 C 0
1214 1215 2 5 26 M 30
1216 1217 2 3 16 M 20
1218 4211 2 12 0 C 0
4211 1725 2 23 0 C 0
1223 156 2 3 16 M 10
156 1219 2 5 27 M 20
1220 1222 2 9 49 M 30
1222 1221 2 3 14 O 30
3201 1229 1 76 422 O 20
1229 5844 1 5 24 O 20
5844 3488 1 10 55 O 10
1224 3200 1 6 30 M 30
157 1226 2 11 56 O 10
4148 1227 1 4 19 O 10
1227 1224 1 7 36 M 30
1227 3200 2 1 5 O 10
157 1227 2 3 11 M 10
1228 1229 2 9 45 O 20
1230 1231 2 3 14 M 30
5844 1233 1 23 123 M 30
1233 1232 1 4 19 O 30
1236 1237 2 4 21 M 10
S M L S L M L S M L S M L S L S M S M L M S L M S L M L S M S L S M L S M S L M L S S M L S L M L S M S L L S M S L M L S M L S M L S L M M S L M L S L M S L M S L M S L M L S
