6279 7132 145800 97 4803 0.5
2946 1905 2 8 40 O 10
1905 1900 2 41 227 O 20
1900 1904 2 54 298 O 30
4996 5020 2 24 0 C 0
5020 354 2 28 0 C 0
354 5021 2 12 0 C 0
5021 5004 2 14 0 C 0
2699 2697 2 19 103 O 10
2697 2762 2 22 119 O 30
2955 1698 1 50 0 C 0
4291 2956 1 3 0 C 0
3701 4995 1 9 0 C 0
2959 2955 1 59 0 C 0
2954 2958 1 59 0 C 0
1861 2540 1 6 33 O 10
1828 4294 1 3 0 C 0
4294 2949 1 3 0 C 0
2949 4292 1 1 0 C 0
5596 2950 1 2 0 C 0
2950 1828 1 1 0 C 0
2968 2969 1 12 0 C 0
2970 2971 1 13 0 C 0
3067 5307 2 14 0 C 0
3153 3154 2 24 131 M 20
3154 1543 2 68 374 O 30
1543 2772 2 44 241 O 20
2772 3155 2 144 796 M 20
3155 741 2 137 756 O 20
741 2770 2 16 86 M 20
2770 2080 2 37 205 O 20
3154 3156 2 42 229 O 20
3157 3156 2 25 135 O 30
3156 5135 2 147 814 M 10
3158 5130 2 95 524 M 20
3174 3175 2 170 940 O 10
3177 3178 2 23 0 C 0
3016 3422 2 10 55 O 30
3422 793 2 7 38 O 30
793 3990 2 16 87 O 10
3990 6240 2 1 2 M 30
6240 6239 2 13 70 O 10
6239 45 2 16 83 M 30
45 2051 2 1 3 O 10
5903 3031 2 24 130 O 20
3031 3030 2 15 0 C 0
3188 3190 1 10 0 C 0
3190 5697 1 2 0 C 0
5697 3189 1 9 0 C 0
3188 3189 1 4 0 C 0
3189 3184 1 2 0 C 0
3190 5696 2 8 0 C 0
5696 2377 2 252 0 C 0
2377 4222 2 14 73 O 20
4222 3026 2 197 1093 O 30
3026 3017 2 22 119 O 10
449 1343 1 534 0 C 0
2162 5840 1 258 0 C 0
3198 5841 1 107 0 C 0
2565 1561 1 16 0 C 0
1561 2974 1 92 0 C 0
2974 3703 1 18 0 C 0
3703 4469 1 27 0 C 0
4469 4468 1 13 0 C 0
4468 1041 1 14 0 C 0
3766 1073 1 7 0 C 0
1073 1074 1 7 0 C 0
1074 1258 1 60 0 C 0
1258 1259 1 7 0 C 0
1259 4909 1 5 0 C 0
4601 5292 1 80 0 C 0
1702 3688 1 11 0 C 0
1091 3761 2 19 0 C 0
1701 3683 1 39 0 C 0
4448 5279 1 23 0 C 0
5279 5280 1 3 0 C 0
2958 1696 1 125 0 C 0
5437 2952 1 29 0 C 0
3169 4220 2 10 51 O 30
3168 2597 2 14 75 O 20
3143 3142 2 35 0 C 0
3767 3770 2 9 0 C 0
3769 3770 1 9 0 C 0
3746 1279 1 31 0 C 0
1992 1429 1 3 0 C 0
4378 6082 1 10 0 C 0
5269 4431 2 14 76 M 30
4439 5367 2 23 0 C 0
3229 2208 2 24 133 M 10
2208 2215 2 14 72 O 20
4445 4446 2 13 0 C 0
4446 4443 2 17 0 C 0
4445 1633 2 45 0 C 0
1986 1991 1 6 0 C 0
3328 5816 1 14 77 M 30
5816 5818 1 4 20 O 30
5818 5815 1 4 17 O 20
5815 1422 1 29 158 M 10
1422 5819 1 7 37 O 10
5819 3327 1 8 43 O 20
3327 5813 1 22 121 O 30
5813 5808 1 5 23 O 20
5808 5809 1 8 40 O 20
5809 3328 1 13 68 O 10
5220 3731 2 46 0 C 0
3731 3730 2 3 0 C 0
3008 4496 2 28 0 C 0
4496 2170 2 22 0 C 0
3004 5297 2 3 0 C 0
3000 1296 2 74 0 C 0
1296 1295 2 3 0 C 0
1295 2381 2 9 0 C 0
4672 2044 2 207 0 C 0
4673 508 2 23 0 C 0
508 4672 2 100 0 C 0
4674 4673 2 309 1714 M 20
4675 4674 2 41 224 O 10
4376 4374 1 6 32 O 30
4438 4676 2 69 383 O 20
4676 2327 2 19 105 O 10
2327 751 2 185 1024 O 10
751 2320 2 296 1639 O 30
1750 1749 1 5 0 C 0
1747 1746 1 73 0 C 0
1746 4699 1 162 0 C 0
4699 1717 1 21 0 C 0
1748 1752 1 5 0 C 0
4719 1687 1 30 0 C 0
4767 4769 2 54 0 C 0
4769 5175 2 2 0 C 0
5175 4770 2 26 0 C 0
4770 5176 2 12 0 C 0
5176 3055 2 70 0 C 0
3055 1800 2 19 0 C 0
1800 5173 2 73 0 C 0
5173 3814 2 8 0 C 0
1763 3818 2 35 0 C 0
4967 5022 2 11 0 C 0
5022 5851 2 15 0 C 0
5851 5869 2 68 0 C 0
4774 4775 1 11 0 C 0
2033 4788 1 7 38 O 30
3008 2032 2 26 0 C 0
2032 2023 2 2 0 C 0
2023 3819 2 10 0 C 0
1885 5676 1 84 465 O 10
4786 4790 1 13 70 O 30
3329 4972 1 37 203 O 20
4972 4788 1 50 273 O 20
2033 4792 1 18 100 M 10
4792 1657 1 50 274 O 20
4483 4484 1 2 10 O 30
4484 4485 1 5 26 O 30
4793 1569 2 91 505 O 30
1569 4794 2 53 291 O 10
4795 3902 1 10 52 M 10
4796 4797 1 24 130 O 30
4797 3907 1 4 18 O 20
3907 4798 1 13 68 O 30
1603 4803 2 17 0 C 0
2401 4814 1 28 0 C 0
3187 4815 1 19 0 C 0
2990 2988 2 105 0 C 0
2988 3705 2 2 0 C 0
3705 1564 2 18 0 C 0
1564 2987 2 92 0 C 0
3549 2169 2 20 0 C 0
5068 5069 2 20 0 C 0
5069 5505 2 131 0 C 0
5336 4444 1 17 94 O 30
3729 5359 1 17 0 C 0
5359 4266 1 6 0 C 0
4266 5351 1 9 0 C 0
5352 4305 1 15 0 C 0
4305 3829 1 8 0 C 0
1853 2464 2 9 0 C 0
2464 4320 2 7 0 C 0
5367 6083 2 7 35 O 30
2425 1606 2 24 0 C 0
1602 1607 2 24 0 C 0
1605 1606 2 29 0 C 0
1607 2425 2 29 0 C 0
1802 1487 2 8 0 C 0
1487 1495 2 40 0 C 0
1495 3655 2 15 0 C 0
1729 3769 1 14 0 C 0
2397 4287 2 121 0 C 0
1697 2959 1 112 0 C 0
3638 3639 1 13 0 C 0
3640 3641 1 12 0 C 0
3641 1695 1 63 0 C 0
2518 2519 1 15 0 C 0
505 506 2 5 0 C 0
2569 1870 1 19 0 C 0
2574 1675 1 2 6 O 30
1675 1117 1 1 3 O 30
1117 1630 1 2 10 O 30
1630 2573 1 3 11 O 20
2573 1893 1 2 7 M 20
1893 1628 1 3 14 O 20
1628 1890 1 1 4 M 30
1890 2574 1 2 7 O 20
2695 2678 2 4 19 O 10
2678 2711 2 37 203 O 30
2573 1889 2 43 236 O 30
1889 2607 2 3 15 O 10
2607 2608 2 12 63 O 20
2608 2823 2 16 84 O 20
2823 2617 2 13 69 M 10
2617 2609 2 17 92 O 10
2608 1892 2 43 238 M 10
2617 2610 2 21 113 O 10
2610 2611 2 14 74 M 10
2611 2612 2 8 43 O 30
2612 2825 2 8 39 O 10
2825 2611 2 89 492 O 20
2612 2616 2 15 80 O 10
2616 2613 2 18 97 O 10
2613 2614 2 3 16 O 20
2614 2615 2 15 79 M 20
2616 1891 2 13 71 O 20
2841 2842 2 60 330 M 10
4949 4950 2 36 0 C 0
2629 4948 2 29 0 C 0
3654 1110 1 421 0 C 0
3694 2674 1 3 0 C 0
2705 2681 2 46 253 O 10
2678 2492 2 16 86 O 30
2492 2681 2 11 61 O 30
2681 5263 2 28 153 O 10
5263 5058 2 9 0 C 0
5058 5059 2 2 0 C 0
5059 2679 2 24 130 O 10
2679 6021 2 3 14 M 30
6021 2680 2 14 74 O 30
2695 5621 2 16 86 O 10
5621 2682 2 1 3 M 20
2682 5623 2 1 4 O 10
5623 5625 2 4 22 M 20
5625 5627 2 7 36 O 20
5627 2762 2 13 70 O 30
2762 6015 2 14 76 O 10
6015 2683 2 27 146 O 20
2683 2684 2 36 0 C 0
2692 2693 2 21 112 O 20
2696 2697 2 22 120 M 30
1874 2683 2 19 101 O 10
2683 1915 2 21 112 M 30
2698 1915 2 12 65 O 10
2696 2699 2 34 187 O 20
2699 6024 2 1 5 M 20
6024 1869 2 22 118 O 30
1869 2711 2 18 98 O 20
1869 2701 2 13 68 O 30
2682 2702 2 14 75 O 30
2702 2703 2 18 98 O 10
2702 2704 2 8 44 O 10
2492 2706 2 15 82 O 30
2706 2707 2 66 362 M 30
2707 2679 2 20 107 O 30
2708 2707 2 23 124 O 10
2495 2706 2 20 108 M 30
3072 5066 2 12 66 O 30
5066 5056 2 2 8 O 10
5056 2709 2 1 5 O 20
2709 2680 2 12 62 O 20
2680 2710 2 22 117 O 20
2710 2621 2 18 100 O 30
2621 2488 2 20 106 O 10
2488 2700 2 42 233 O 20
2712 2713 2 49 271 O 20
2488 2713 2 8 41 M 30
2713 2620 2 8 44 M 30
2620 2498 2 14 74 O 10
2710 2715 2 30 164 O 10
2715 2716 2 36 198 M 20
2716 2717 2 13 68 O 30
2715 2725 2 25 135 O 10
3072 4130 2 6 29 M 30
4130 4127 2 20 108 O 10
4127 2719 2 10 55 O 20
2720 2709 2 30 164 O 20
2721 2722 2 10 53 O 20
2725 2722 2 15 79 O 20
2722 2718 2 16 84 O 10
2718 2723 2 4 21 O 30
2723 2496 2 29 160 O 30
2496 2489 2 13 67 O 20
2489 2499 2 11 56 M 20
2499 2490 2 24 129 O 30
2496 2724 2 12 64 O 10
2723 2499 2 80 441 O 30
2861 2735 2 88 487 O 10
2731 2732 2 26 142 O 10
2732 1514 2 7 36 M 20
1514 2727 2 13 67 O 30
2727 2728 2 19 105 O 30
2728 4137 2 29 157 O 20
4137 2729 2 6 31 O 30
1417 2730 2 4 20 M 30
2730 2731 2 19 101 O 20
2733 2734 2 19 105 O 20
2732 2733 2 30 166 O 10
2727 2734 2 32 178 O 10
2734 2735 2 21 116 O 10
2728 2736 2 19 105 O 20
2736 2737 2 16 84 M 20
2736 2740 2 35 189 O 30
2740 2738 2 20 107 O 20
2738 5608 2 16 85 O 10
5608 775 2 27 145 O 30
775 2226 2 11 59 M 20
1927 2739 2 5 23 M 30
2739 2729 2 19 100 O 10
2225 2738 2 15 80 O 30
2738 2741 2 43 234 O 30
2742 4124 2 10 55 O 30
4124 4126 2 6 31 O 30
4126 2745 2 14 75 M 20
2745 5719 2 18 99 O 10
5719 3071 2 8 43 O 30
3071 2743 2 18 95 O 30
2743 5443 2 3 12 O 10
5443 5880 2 4 21 O 30
5880 2501 2 3 16 O 20
2744 2745 2 21 115 M 20
2743 2746 2 22 118 M 10
2746 2747 2 21 113 O 20
2747 2493 2 32 175 O 20
2746 2525 2 29 158 O 30
2525 2744 2 14 77 O 10
2744 2491 2 15 79 O 20
2489 2747 2 16 87 O 20
2747 2497 2 56 308 O 30
2749 2750 2 54 297 O 30
1928 1930 2 7 34 O 30
1930 2748 2 9 46 O 20
2748 2749 2 47 259 O 10
2749 2493 2 16 85 O 10
2493 2490 2 13 71 O 20
2751 6163 2 6 29 O 20
6163 5254 2 3 13 M 30
5254 5252 2 10 55 O 20
5252 5258 2 1 5 O 10
1923 6161 2 3 14 O 30
6161 4078 2 8 43 O 30
4078 4083 2 3 11 M 10
4083 4080 2 4 17 O 30
4080 4085 2 4 18 M 10
4085 2449 2 8 39 O 10
2752 2753 2 16 86 M 10
1652 2753 2 8 43 M 10
2753 5249 2 11 57 M 10
5249 2754 2 4 19 O 20
2753 2505 2 39 216 M 30
2505 6002 2 27 146 M 10
6002 2754 2 2 8 O 20
2756 2755 2 17 93 O 30
2619 2759 2 20 108 M 20
2759 1359 2 75 415 M 20
1359 1412 2 16 84 M 20
1412 2760 2 21 117 O 30
2684 1902 2 12 0 C 0
1902 2685 2 29 0 C 0
2685 2686 2 17 0 C 0
2812 5711 2 8 44 M 30
5711 2813 2 10 51 O 30
2813 5712 2 3 14 O 30
5712 2814 2 18 95 O 10
5151 3056 1 2 0 C 0
3056 5850 1 87 0 C 0
5153 5601 1 103 0 C 0
3558 1641 1 31 0 C 0
3652 3651 1 189 0 C 0
3651 1745 1 86 0 C 0
2821 1498 2 13 70 O 10
1498 1496 2 8 42 O 10
1496 2822 2 33 183 O 20
2610 2823 2 80 441 M 10
2824 2825 2 13 67 O 10
2828 2827 2 16 86 O 30
2830 1897 2 35 192 O 20
2831 2832 2 36 198 O 20
2832 1896 2 13 68 O 30
1894 2832 2 17 92 O 30
2833 2834 2 19 103 O 20
2835 2834 2 3 14 O 30
2834 2838 2 15 81 O 10
2838 2836 2 15 81 O 30
2836 1895 2 30 161 O 30
2837 2838 2 19 104 O 30
2839 2836 2 13 67 O 20
2843 3112 2 30 165 O 10
2844 1504 2 18 100 O 30
1504 2845 2 27 149 O 10
2716 2848 2 6 33 O 20
2849 2850 2 7 38 O 20
2851 2718 2 15 83 O 10
4364 2741 2 3 13 O 10
2741 2739 2 19 103 M 10
2739 4135 2 11 59 M 10
4135 4118 2 41 227 O 10
4118 2730 2 46 253 O 10
2730 4365 2 27 150 O 10
2477 4645 2 5 24 O 20
4645 2480 2 9 48 O 10
2480 4640 2 5 25 O 10
4640 4642 2 5 24 O 20
4642 4643 2 5 24 O 10
4643 4634 2 5 24 O 20
4634 4652 2 9 49 O 10
4652 5402 2 6 33 O 30
5402 2855 2 9 47 O 30
2855 2487 2 3 13 M 30
1974 1225 1 7 36 O 30
1977 2859 2 3 14 O 30
3724 3665 1 4 0 C 0
3665 5235 1 7 0 C 0
5235 3664 1 11 0 C 0
3664 3725 1 22 0 C 0
3725 2944 1 7 0 C 0
2944 2518 1 7 0 C 0
4605 2894 1 1 0 C 0
2891 2895 1 12 0 C 0
2894 2889 1 14 0 C 0
2896 2900 1 10 0 C 0
2897 2896 1 9 0 C 0
2902 4923 1 5 0 C 0
2426 2427 2 33 0 C 0
2427 4572 2 24 0 C 0
1881 1882 1 11 0 C 0
3712 3644 1 15 0 C 0
5424 5423 2 7 0 C 0
5423 2864 2 43 0 C 0
3010 1619 1 27 149 O 20
1624 3010 1 28 154 O 20
3010 3338 2 13 72 O 20
3338 3806 2 13 67 O 20
4789 3011 1 16 85 O 10
3011 2015 1 16 88 O 20
3012 3909 2 15 78 O 10
3909 3912 2 26 141 M 10
3912 1570 2 20 106 O 30
1609 3014 2 14 74 O 20
3014 1615 2 17 90 O 10
1615 3015 2 14 76 M 20
4785 128 2 6 29 M 20
128 3742 2 66 364 O 10
3023 3022 2 14 73 O 30
3026 511 2 201 1112 O 10
511 1293 2 21 111 O 20
1293 1282 2 22 118 O 10
1282 1284 2 2 10 O 20
1284 1292 2 6 33 O 10
1292 1526 2 3 14 M 10
1526 1524 2 2 8 O 20
1524 1289 2 6 33 O 30
1289 3025 2 121 669 O 10
3183 3027 2 44 242 O 30
3027 3457 2 11 60 O 30
3457 3451 2 21 115 O 10
3451 3452 2 14 0 C 0
3452 3481 2 16 0 C 0
3035 3583 2 42 233 O 30
3583 3326 2 8 44 O 10
3326 3368 2 23 126 O 10
3368 3036 2 30 166 O 10
3036 3319 2 20 111 O 10
3319 3037 2 26 140 O 10
3037 3038 2 16 86 O 20
3038 3311 2 19 103 O 10
3041 3369 2 28 0 C 0
3369 3383 2 15 0 C 0
3383 3346 2 12 0 C 0
3346 3384 2 9 0 C 0
3384 3048 2 49 272 O 20
3048 3034 2 14 76 O 10
3573 3042 2 22 122 O 10
5705 3824 2 45 246 M 10
157 5691 2 45 246 O 20
5691 5692 2 10 52 O 30
5692 5694 2 19 103 O 30
5694 4179 2 2 7 O 30
4179 4180 2 141 778 O 10
4180 2191 2 35 194 O 10
2191 743 2 6 31 O 20
743 753 2 7 35 O 10
753 3050 2 52 284 O 20
3050 764 2 22 121 O 20
764 2194 2 60 332 O 30
2194 3051 2 49 270 O 10
5160 3053 2 120 0 C 0
3053 3054 2 43 0 C 0
3054 355 2 187 0 C 0
355 5161 2 13 0 C 0
5161 3080 2 51 0 C 0
3080 5028 2 208 0 C 0
5028 5027 2 2 0 C 0
5027 3081 2 47 0 C 0
5140 5141 2 33 0 C 0
3070 3071 2 6 32 M 10
1830 3631 1 21 0 C 0
3173 3174 2 140 776 O 20
3083 3084 2 106 588 M 10
3083 5162 2 33 183 O 20
5162 3084 2 89 0 C 0
3086 5163 2 3 0 C 0
5163 5164 2 116 0 C 0
3086 5994 2 73 0 C 0
5994 3698 2 106 584 O 20
3698 4344 2 10 52 O 20
4344 4345 2 3 12 O 30
4345 3698 2 5 27 O 20
3089 3090 2 198 1098 M 30
3091 5913 2 133 735 O 10
5913 3092 2 30 164 O 20
3089 3091 2 82 454 O 30
3091 5914 2 75 416 O 30
3093 3095 2 33 179 O 20
3095 3094 2 3 15 O 20
2025 757 2 125 694 O 10
757 2328 2 64 350 O 10
2328 3095 2 31 168 O 30
3097 6219 2 58 319 M 10
6219 2328 2 141 783 O 20
2328 2020 2 22 117 O 20
3098 3099 2 182 1010 O 20
3099 3097 2 148 821 O 10
3098 3103 2 9 48 O 30
3103 3101 2 54 295 O 20
3101 3104 2 131 722 O 20
3102 3103 2 40 219 M 10
3105 3101 2 81 447 O 30
4234 5290 2 43 234 O 10
5290 5288 2 3 11 M 10
5288 4239 2 28 155 O 30
4239 4249 2 4 21 O 10
4249 3106 2 7 35 O 10
2536 2038 2 21 113 O 20
2038 1614 2 78 432 O 30
1614 2041 2 10 52 M 10
1476 4442 2 17 94 O 30
1476 1477 1 4 20 M 10
2516 2661 1 3 0 C 0
2028 2171 2 44 0 C 0
2171 4203 2 20 0 C 0
4203 737 2 154 0 C 0
737 3172 2 40 0 C 0
3117 771 2 78 0 C 0
771 1055 2 86 0 C 0
1055 3116 2 88 0 C 0
837 3230 2 17 91 O 10
3230 6258 2 9 47 O 20
6258 6256 2 6 0 C 0
6256 1333 2 5 0 C 0
1333 3233 2 2 0 C 0
3233 1334 2 19 0 C 0
1334 3234 2 2 0 C 0
3234 3228 2 20 0 C 0
3130 3131 2 28 0 C 0
3134 471 2 6 33 O 30
471 417 2 10 50 O 20
417 420 2 3 13 O 30
420 419 2 4 17 O 20
419 2285 2 4 18 O 10
2285 410 2 6 32 O 20
410 477 2 2 7 O 10
477 406 2 10 54 M 20
406 408 2 6 28 O 10
408 3217 2 30 161 O 20
3217 608 2 52 287 M 30
608 606 2 8 42 O 10
606 3216 2 11 61 O 30
3216 5191 2 26 144 O 30
5191 5190 2 3 13 O 30
5190 1531 2 7 37 O 30
1531 1528 2 8 43 O 10
1528 4000 2 17 93 O 20
4720 3808 2 2 0 C 0
3217 3218 2 19 104 O 30
4501 4660 1 5 25 O 10
3220 6135 2 13 68 M 30
6135 6133 2 13 70 O 20
6133 4661 2 7 34 O 30
3221 2208 2 43 235 O 10
2208 3222 2 62 343 M 30
3226 3237 2 28 153 O 20
3237 3238 2 12 65 M 10
3238 3236 2 16 0 C 0
3225 3235 2 21 113 O 30
3235 3232 2 19 100 O 20
3232 3231 2 19 101 O 10
3231 3229 2 17 90 O 10
6115 3231 2 50 275 O 30
3232 836 2 56 309 M 10
835 3235 2 65 359 O 30
4709 4708 2 3 0 C 0
4708 3131 2 16 0 C 0
3131 3127 2 6 0 C 0
3127 3854 2 10 0 C 0
3854 3236 2 49 0 C 0
3237 5567 2 33 181 O 20
5567 3239 2 48 261 M 30
3238 1314 2 30 162 O 30
3226 2877 2 14 77 O 30
2877 6086 2 10 53 M 30
6086 6084 2 4 20 M 30
6084 5585 2 10 50 O 30
5585 5583 2 9 47 M 20
5583 2210 2 3 16 M 30
2210 3242 2 32 176 O 10
3242 3241 2 3 17 O 30
3224 3243 2 92 508 O 20
3244 645 2 32 173 O 20
645 643 2 1 4 M 10
643 637 2 3 13 M 20
637 639 2 4 19 O 20
639 635 2 2 7 O 20
635 990 2 11 58 O 10
990 296 2 15 79 O 20
296 300 2 9 46 O 30
300 3245 2 9 46 O 20
5330 3250 2 8 0 C 0
3250 3248 2 16 0 C 0
3248 3257 2 46 255 M 10
3248 3561 2 15 0 C 0
3561 3249 2 93 513 O 10
3250 3252 2 40 0 C 0
3252 3560 2 96 529 O 10
3251 3246 2 10 50 O 20
3253 5549 2 35 192 O 30
5549 5575 2 23 127 O 20
5575 3565 2 11 57 M 30
3565 5573 2 12 66 O 30
5573 3247 2 11 60 O 10
3254 3276 2 20 109 O 10
3276 3269 2 44 242 O 10
3269 3258 2 31 171 O 20
3258 3262 2 58 318 O 20
3262 3255 2 76 417 O 10
3255 4012 2 25 136 M 20
4012 3257 2 3 16 M 20
3260 3942 2 9 50 O 30
3942 3944 2 9 49 O 10
3944 3266 2 37 203 O 20
3266 3256 2 32 172 O 30
3262 3263 2 49 272 O 20
3264 3265 2 23 122 O 20
3266 3267 2 18 95 O 10
3259 3268 2 30 166 O 10
3274 4002 2 4 18 M 10
4002 3271 2 15 80 O 20
3271 604 2 11 58 O 10
604 603 2 6 31 O 10
603 3272 2 81 448 O 20
3273 3277 2 17 92 M 30
3277 3278 2 49 267 O 30
3278 3274 2 22 118 M 10
3270 6031 2 15 83 O 10
6031 3275 2 35 189 O 30
3276 3275 2 19 101 O 20
3275 3277 2 21 111 O 20
3278 3282 2 17 94 O 10
3282 3280 2 35 191 O 10
3280 3279 2 13 67 O 30
3280 3298 2 37 203 M 10
3298 3284 2 28 154 M 30
3284 3307 2 16 86 O 20
3307 3281 2 17 92 O 20
3282 3285 2 16 86 O 30
3285 2204 2 25 133 O 20
2204 3287 2 34 184 O 20
3287 3294 2 15 80 O 30
3294 3283 2 13 68 O 20
3283 3284 2 13 68 O 10
3285 3289 2 14 77 M 10
3289 3291 2 15 79 O 20
3291 3286 2 14 78 M 30
3286 3287 2 17 90 O 30
3287 3288 2 29 160 O 10
3289 3290 2 10 53 O 30
3291 3292 2 10 53 O 30
3286 3293 2 10 51 O 20
3132 3294 2 36 199 O 10
3294 3295 2 13 71 O 10
3283 3296 2 19 100 O 20
3296 2220 2 16 84 O 30
3296 3297 2 10 54 O 10
3298 3303 2 16 85 M 30
3303 3299 2 12 63 O 20
3299 3301 2 25 134 O 10
3301 3300 2 8 43 M 10
3302 3281 2 33 178 O 30
3302 3303 2 48 262 M 10
3303 3279 2 28 154 O 20
3279 3260 2 44 240 O 20
3299 3304 2 21 114 O 20
3305 3306 2 10 52 O 10
3307 3308 2 9 47 O 30
3038 3310 2 14 77 O 20
3310 3313 2 27 146 O 10
3313 3309 2 19 0 C 0
3309 2340 2 12 0 C 0
2340 3317 2 12 0 C 0
3317 3312 2 49 270 M 10
3312 3039 2 11 60 O 10
3312 3313 2 37 205 O 20
3310 5886 2 10 51 O 20
5886 3315 2 20 106 O 20
3037 3316 2 12 63 O 30
3317 3318 2 13 68 O 30
3319 3320 2 12 63 O 10
3320 3324 2 33 183 O 20
3324 3322 2 23 124 O 30
3322 5887 2 16 88 O 20
5887 3320 2 34 185 O 20
3322 3323 2 10 55 O 10
3324 3325 2 15 83 O 30
3036 3326 2 78 430 M 20
3331 5829 2 23 126 O 10
5829 3335 2 10 53 O 20
3335 3333 2 17 92 O 30
3333 5795 2 1 5 O 20
5795 5794 2 17 94 O 10
5794 3332 2 16 88 O 10
3333 5831 2 27 147 O 10
5831 3334 2 3 15 O 20
3335 5201 2 65 359 O 20
5201 3336 2 1 5 O 20
3337 1559 2 24 129 O 10
1559 3341 2 24 133 O 10
3341 3338 2 47 259 O 10
3339 3343 2 48 262 M 10
3343 3340 2 34 184 O 20
3341 3343 2 27 147 M 30
3343 3342 2 12 65 O 30
3046 3347 2 16 86 O 30
3347 3344 2 62 342 O 20
3344 3345 2 14 0 C 0
3345 3370 2 10 0 C 0
3370 3346 2 7 0 C 0
3347 3348 2 36 197 O 20
3348 3350 2 27 149 O 30
3350 3344 2 14 73 O 20
3349 3350 2 6 33 O 10
3351 3348 2 13 72 M 20
3352 3366 2 13 70 O 20
3366 3364 2 37 204 O 20
3364 3367 2 7 39 O 30
3367 3362 2 9 49 O 20
3362 3358 2 48 263 O 20
3358 3353 2 26 140 O 10
3353 3354 2 28 153 O 30
3354 3345 2 23 0 C 0
3047 3360 2 23 125 O 10
3360 3355 2 15 79 O 30
3355 3356 2 9 50 O 10
3356 3357 2 6 28 M 10
3357 3358 2 27 146 O 10
3359 3360 2 11 57 O 10
1920 3356 2 11 60 O 20
3361 3353 2 17 92 O 20
1921 3357 2 10 52 O 20
3362 3355 2 25 136 O 20
3363 3364 2 17 90 O 30
3365 3366 2 16 88 M 20
3367 3368 2 16 86 O 30
3371 1919 2 29 157 O 20
1919 3373 2 4 18 O 10
3373 3378 2 25 134 O 30
3378 3372 2 31 169 M 10
3373 3374 2 26 141 O 30
3375 3376 2 22 122 O 30
3377 3378 2 35 191 O 20
3379 3381 2 17 89 M 10
3031 3392 2 15 0 C 0
3392 3032 2 12 62 M 30
3032 3033 2 30 163 O 20
3034 3833 2 9 46 O 20
3833 6253 2 16 86 O 10
6253 3581 2 8 40 O 30
3581 3046 2 9 45 O 20
3046 3047 2 30 164 O 30
3047 3352 2 23 127 O 10
3352 3035 2 16 87 O 30
2051 5473 2 14 76 O 30
5473 3950 2 8 39 O 30
3950 5470 2 17 92 O 30
5470 5472 2 8 39 O 10
5472 6244 2 3 12 O 20
6244 5487 2 19 101 O 20
5487 3382 2 18 100 O 30
3048 2557 2 15 83 O 10
2557 3967 2 26 0 C 0
3967 3388 2 10 0 C 0
3386 3387 2 22 119 O 10
3388 3389 2 14 0 C 0
3389 3393 2 7 0 C 0
3393 3966 2 8 0 C 0
3966 3390 2 17 0 C 0
3032 3391 2 17 89 M 30
3394 3395 2 14 76 O 30
3397 3441 2 15 78 O 20
3441 208 2 3 14 O 10
208 218 2 14 77 M 10
218 212 2 8 41 O 20
212 216 2 5 28 O 20
216 3438 2 4 20 O 20
3438 3410 2 9 46 O 10
3410 3436 2 12 61 O 20
3436 3412 2 7 34 O 20
3412 3399 2 11 56 O 30
3398 3404 2 19 101 M 10
3404 3406 2 32 172 O 20
3406 3400 2 43 234 O 10
3401 3402 2 13 71 O 30
3403 3404 2 27 146 O 20
3405 3406 2 16 87 O 10
3407 249 2 11 59 O 20
249 3418 2 4 17 M 30
3418 243 2 5 24 O 10
243 163 2 7 38 M 10
163 3428 2 8 42 O 20
3428 138 2 3 14 O 30
138 141 2 4 18 O 10
141 149 2 4 22 O 10
149 135 2 4 22 O 30
135 144 2 1 1 O 10
144 3408 2 3 16 O 20
3408 146 2 1 4 O 10
146 3414 2 18 99 O 10
3414 3409 2 22 119 O 10
3410 3411 2 13 69 O 30
3412 3413 2 14 73 M 30
3414 3415 2 24 133 O 30
3415 3416 2 24 129 O 10
3416 3417 2 3 13 M 10
3417 3418 2 27 149 O 30
3419 3415 2 8 40 O 20
3420 3417 2 18 96 M 10
3421 3416 2 5 26 M 30
3422 131 2 8 44 O 20
131 3425 2 16 83 O 30
3425 3423 2 21 113 O 20
3423 291 2 32 176 O 30
291 3424 2 7 37 O 20
3425 3426 2 23 126 O 20
3427 5889 2 10 55 O 20
5889 2248 2 21 115 M 30
3973 241 2 14 76 O 10
241 237 2 3 12 M 10
237 235 2 19 101 M 20
235 233 2 2 7 O 20
233 132 2 7 36 M 20
132 134 2 2 11 O 30
134 143 2 4 17 O 30
143 151 2 4 17 O 10
151 3428 2 7 35 O 10
3429 3434 2 31 168 O 20
3434 189 2 20 110 M 10
189 3430 2 2 8 O 10
3433 3399 2 42 228 O 20
3399 3409 2 9 46 O 30
3409 3398 2 10 51 O 20
3398 3402 2 57 313 M 10
3402 3400 2 20 110 O 20
3400 3405 2 83 459 O 30
3405 3433 2 12 67 M 30
3437 3435 2 22 121 M 20
3438 3439 2 35 191 O 20
3439 167 2 27 144 O 20
167 98 2 20 111 O 30
98 96 2 4 22 O 30
96 94 2 3 14 O 30
94 3442 2 1 3 O 20
3442 92 2 6 29 M 20
92 127 2 4 18 O 20
127 90 2 1 1 O 20
90 88 2 4 19 O 30
88 86 2 1 4 M 20
86 3440 2 5 26 O 30
3441 3443 2 23 126 M 30
3443 118 2 12 64 O 10
118 120 2 7 36 O 10
120 122 2 4 19 O 30
122 124 2 3 11 M 30
124 3442 2 6 28 O 20
3439 3447 2 24 128 M 20
3447 3445 2 2 9 O 20
3445 3443 2 16 84 O 20
3444 3445 2 9 49 O 10
3446 3447 2 13 70 O 20
3027 3028 2 21 114 O 10
3453 3454 2 14 77 O 30
3455 893 2 3 15 O 10
893 3456 2 5 25 O 10
3457 3462 2 16 84 M 30
3462 6205 2 5 23 O 30
6205 6203 2 8 42 M 10
6203 985 2 4 19 O 30
985 987 2 2 6 O 30
987 6201 2 4 18 M 30
6201 982 2 2 7 O 20
982 980 2 1 1 O 10
980 959 2 4 17 O 30
959 6199 2 4 17 O 30
6199 3459 2 1 1 M 30
3459 957 2 1 5 O 30
957 947 2 5 23 O 10
947 951 2 2 8 O 20
951 949 2 1 5 O 30
949 6250 2 1 4 O 10
6250 945 2 2 7 M 10
945 943 2 4 18 O 30
943 953 2 1 3 O 30
953 6248 2 3 14 O 20
6248 941 2 2 6 O 30
941 955 2 1 4 M 30
955 939 2 2 7 O 30
939 937 2 2 10 O 10
937 935 2 1 6 O 30
935 3458 2 6 29 O 20
3459 961 2 5 27 O 30
961 963 2 2 10 O 10
963 5895 2 2 9 O 30
5895 966 2 3 16 M 30
966 968 2 2 7 O 10
968 970 2 1 3 O 30
970 972 2 4 17 O 20
972 5896 2 1 3 O 30
5896 3460 2 4 18 O 30
3461 3462 2 25 135 O 10
3463 3464 2 17 94 O 30
3464 3466 2 27 146 O 30
3466 3472 2 15 80 O 10
3472 3465 2 11 56 M 20
3466 3467 2 13 69 O 10
3467 3468 2 15 82 O 20
3469 802 2 2 9 O 30
802 800 2 1 3 O 10
800 804 2 3 16 M 10
804 806 2 4 19 O 30
806 3471 2 3 12 O 20
3471 808 2 2 6 O 30
808 816 2 6 29 M 20
816 818 2 3 14 M 20
818 3467 2 4 21 O 20
3470 810 2 4 20 O 20
810 3471 2 3 14 O 20
3472 6197 2 17 90 O 30
6197 6195 2 8 43 O 20
6195 6192 2 7 36 O 30
6192 3473 2 20 109 O 20
3473 3475 2 17 91 O 10
3475 3464 2 17 89 O 20
3474 3475 2 17 94 O 10
3476 3473 2 5 26 M 20
3477 3478 2 6 31 O 20
3028 3479 2 16 88 O 30
3479 3480 2 33 0 C 0
3480 3029 2 21 0 C 0
3029 3030 2 14 0 C 0
2842 4916 2 17 92 O 20
4916 1511 2 84 463 O 30
1511 4917 2 45 250 M 10
2236 3483 2 14 0 C 0
3483 3482 2 4 0 C 0
3482 3448 2 18 0 C 0
6251 2376 2 5 24 O 30
2376 306 2 8 43 O 10
306 308 2 5 26 O 30
308 310 2 8 40 O 10
310 2375 2 13 70 O 20
2375 6180 2 6 32 O 20
6180 6186 2 16 84 O 10
6186 6178 2 3 16 O 20
6178 3509 2 33 182 O 30
3509 3487 2 17 94 O 30
3487 276 2 19 105 O 20
276 5833 2 5 23 O 10
5833 284 2 6 33 O 30
284 195 2 6 28 O 30
195 3498 2 1 2 O 10
3498 5835 2 1 4 M 10
3487 203 2 5 25 M 30
203 205 2 4 17 O 10
205 6188 2 39 215 M 30
6188 6185 2 8 44 O 30
6185 3486 2 1 5 O 20
3486 6190 2 2 9 O 30
6190 3488 2 26 144 O 10
3489 3493 2 5 27 O 30
3493 3490 2 16 84 O 30
3490 3491 2 33 182 O 30
3491 3489 2 16 89 M 30
3492 3493 2 16 88 O 20
3494 833 2 3 12 O 20
833 825 2 2 10 O 10
825 827 2 3 16 O 10
827 3970 2 3 13 O 20
3970 3495 2 23 122 O 30
3495 3496 2 17 93 O 20
3497 3498 2 27 146 O 20
3495 3490 2 14 75 O 10
3499 334 2 20 108 O 30
334 332 2 17 92 O 20
332 330 2 5 24 M 20
330 328 2 6 33 O 10
328 317 2 6 28 M 30
317 3500 2 1 1 O 30
3501 3504 2 23 0 C 0
3504 3502 2 21 0 C 0
3502 3503 2 8 0 C 0
3503 3449 2 16 0 C 0
3505 3506 2 51 280 O 20
3506 5894 2 28 153 O 20
5894 3505 2 22 120 O 20
2234 3506 2 17 91 M 30
3507 3508 2 15 83 O 20
3508 3515 2 43 236 O 10
3515 5917 2 5 27 O 20
5917 5916 2 9 48 O 20
5916 3511 2 14 75 O 30
3511 3509 2 56 310 O 20
3510 3511 2 37 202 O 30
3512 345 2 5 24 O 20
345 343 2 5 27 O 10
343 3514 2 8 41 M 20
3514 6182 2 15 79 O 30
6182 3513 2 17 94 O 10
3514 3515 2 52 285 O 30
3516 3517 2 67 369 O 20
3518 187 2 4 22 O 30
187 3522 2 7 37 M 20
3522 3519 2 6 32 O 20
3520 5836 2 4 17 O 10
5836 3523 2 39 212 O 30
3523 3521 2 21 114 O 10
3522 3523 2 16 87 O 30
3484 3524 2 17 92 O 30
3528 3559 2 22 118 O 30
5078 3532 2 3 0 C 0
3532 5905 2 5 0 C 0
5905 5906 2 19 0 C 0
5906 5907 2 2 0 C 0
5907 6222 2 12 0 C 0
6222 6223 2 13 0 C 0
6223 6221 2 11 0 C 0
6221 4970 2 9 0 C 0
4970 6220 2 3 0 C 0
6220 3529 2 7 0 C 0
1722 1012 2 11 0 C 0
1012 3880 2 6 0 C 0
3880 1093 2 4 0 C 0
1094 5230 2 6 0 C 0
4447 4343 2 6 0 C 0
4343 1216 2 12 0 C 0
1216 5862 2 4 0 C 0
5862 4014 2 7 0 C 0
4014 4975 2 6 0 C 0
4975 258 2 10 0 C 0
3932 4145 1 17 0 C 0
2965 4326 2 21 113 O 10
3088 5158 2 50 0 C 0
5158 3081 2 18 0 C 0
4916 3876 2 42 230 O 10
3166 4155 2 8 41 O 30
4171 2199 2 35 191 O 20
2199 4173 2 85 468 O 10
4173 4174 2 25 139 M 20
4174 3049 2 82 452 M 10
3049 4172 2 82 451 O 30
4175 786 2 4 18 M 10
786 4173 2 126 698 O 30
4176 4174 2 59 325 O 30
4177 4172 2 56 306 M 30
4181 784 2 41 223 O 20
784 3050 2 113 624 O 10
4182 4183 2 8 42 M 20
4183 4184 2 40 221 O 30
4184 2094 2 95 525 O 30
2094 4691 2 52 288 O 30
4691 4180 2 92 508 O 30
4185 4184 2 139 771 O 10
4187 4186 2 18 95 O 30
2082 759 2 63 345 O 30
759 4189 2 83 456 O 20
4189 4354 2 184 1018 O 30
4354 1304 2 47 258 M 20
1304 1299 2 62 342 O 10
4192 4359 2 64 351 O 20
4359 4360 2 24 129 O 20
4360 4362 2 38 209 O 30
4362 4191 2 26 139 O 20
4194 4193 2 87 482 O 20
4196 5035 2 224 1240 O 20
3006 2943 2 10 0 C 0
2943 4206 2 7 0 C 0
3157 2625 2 8 41 O 30
4228 5374 2 42 231 O 30
5374 5371 2 10 55 O 20
5371 4229 2 188 1042 O 30
4229 4230 2 52 286 M 30
4232 4236 2 7 39 O 20
4236 4262 2 11 57 O 10
4262 736 2 50 276 O 10
736 154 2 4 20 O 10
154 4233 2 6 30 O 30
4233 3106 2 63 345 O 20
4235 4232 2 132 731 O 30
4236 4237 2 41 226 O 10
4237 4238 2 18 95 O 10
4239 4240 2 12 65 O 20
4240 4241 2 37 202 O 20
4241 4235 2 5 24 O 20
4240 4242 1 26 142 M 20
4242 4241 1 14 74 O 30
4243 4244 2 15 79 O 30
4244 4245 2 55 304 O 20
4245 4247 2 47 256 O 30
4247 4246 2 5 27 M 30
4247 4251 2 74 411 O 20
4251 4248 2 10 51 O 10
4249 4244 2 83 456 M 30
4245 4250 2 35 193 O 10
3107 4252 2 38 208 O 20
4252 4251 2 24 130 O 30
4252 4253 2 55 305 O 30
4254 4255 2 122 675 O 20
4257 4865 2 115 635 O 20
4865 5675 2 286 1589 O 20
5675 4258 2 2 10 O 20
4258 5674 2 7 36 O 30
5674 4914 2 331 1835 O 10
4914 4259 2 50 274 M 10
4260 4261 2 61 334 M 30
4262 4263 2 49 267 O 20
4318 4664 1 14 0 C 0
4664 1486 1 16 0 C 0
1486 4663 1 19 0 C 0
4663 4666 1 6 0 C 0
4666 5264 1 9 0 C 0
5264 4319 1 9 0 C 0
4318 4320 1 43 0 C 0
4321 4319 2 34 186 M 30
4322 4323 1 12 63 O 30
4324 4323 1 11 0 C 0
1656 4328 1 7 37 M 10
6065 1672 1 14 72 O 30
4330 4331 1 9 47 M 10
4332 4333 2 6 28 O 20
4333 4334 2 24 130 M 30
4336 2507 2 17 91 O 30
2507 5883 2 5 27 O 30
5883 4337 2 7 37 M 20
4333 4338 2 84 465 O 20
4338 1179 2 27 146 O 10
4339 4338 2 26 143 O 20
1937 4337 1 8 40 M 20
3695 4342 1 6 0 C 0
5421 4340 1 21 0 C 0
2661 2517 1 3 0 C 0
3706 3642 1 27 0 C 0
3831 3711 2 26 0 C 0
3728 5233 1 10 0 C 0
2506 1805 1 10 51 O 20
1488 1485 2 4 0 C 0
1485 1631 2 21 0 C 0
1631 1036 2 9 0 C 0
1036 1802 2 10 0 C 0
1484 4680 1 2 0 C 0
1874 1872 1 42 0 C 0
4368 2636 1 10 0 C 0
4695 4202 2 146 0 C 0
4202 3176 2 142 0 C 0
3002 3003 2 24 0 C 0
3003 3000 2 506 0 C 0
3000 3001 2 25 0 C 0
3001 2997 2 28 0 C 0
1576 2041 1 1 4 O 30
2041 2042 1 2 8 O 20
2042 2037 1 2 8 O 10
2037 1570 1 2 9 O 30
1570 1576 1 1 4 O 10
4728 3803 1 2 10 O 20
4886 5132 2 61 0 C 0
4889 4473 2 3 17 O 30
4473 4890 2 22 118 O 30
4887 4890 2 155 861 O 10
4890 4475 2 117 646 O 20
4475 4891 2 49 270 O 30
1732 1723 1 84 0 C 0
2364 2461 1 31 0 C 0
4945 4946 1 1 0 C 0
4946 4947 1 4 0 C 0
4947 4948 1 5 0 C 0
4948 4945 1 1 0 C 0
4997 4998 1 1 0 C 0
4999 5000 1 1 0 C 0
5000 5001 1 2 0 C 0
5001 5002 1 3 0 C 0
5003 4997 1 1 0 C 0
4883 5867 2 2 0 C 0
5605 5041 2 26 0 C 0
5041 4784 2 1 0 C 0
4784 5042 2 18 0 C 0
5042 5047 2 2 0 C 0
5047 5604 2 13 0 C 0
5604 5043 2 21 0 C 0
5043 5045 2 21 0 C 0
5045 5044 2 39 0 C 0
5044 5046 2 22 0 C 0
5144 5005 1 14 0 C 0
5008 5149 1 1 0 C 0
5149 5144 1 2 0 C 0
5150 5007 1 2 0 C 0
5145 5146 1 2 0 C 0
5009 5147 1 1 0 C 0
5147 5148 1 2 0 C 0
5148 5010 1 1 0 C 0
5107 5108 2 34 186 O 20
5109 2077 2 49 0 C 0
2077 3145 2 38 208 M 10
3145 4256 2 13 69 O 10
5110 5109 2 6 0 C 0
1765 1040 2 11 0 C 0
1040 1793 2 14 0 C 0
1793 5546 2 26 0 C 0
5546 5172 2 14 0 C 0
5172 1038 2 73 0 C 0
1038 1039 2 4 0 C 0
1039 3163 2 11 0 C 0
3163 3552 2 54 0 C 0
3552 1211 2 45 0 C 0
1211 3817 2 5 0 C 0
1794 5847 2 26 0 C 0
5847 5848 2 6 0 C 0
5848 5849 2 7 0 C 0
5849 1799 2 36 0 C 0
1799 5844 2 4 0 C 0
5844 5845 2 5 0 C 0
5845 1798 2 11 0 C 0
5131 4231 2 53 290 O 30
4231 3159 2 12 67 O 20
5135 5134 2 287 1593 O 10
5134 3138 2 153 848 O 10
5130 5131 2 4 21 M 30
5134 5133 2 55 300 O 10
5137 5139 2 76 421 O 20
5139 5118 2 75 415 O 10
5136 5139 2 112 618 O 30
5139 5138 2 7 38 O 10
5155 3554 2 6 0 C 0
3554 5156 2 10 0 C 0
5156 1205 2 8 0 C 0
1205 5157 2 30 0 C 0
5157 5990 2 8 0 C 0
5990 3052 2 12 0 C 0
5142 5140 1 3 0 C 0
5164 3087 2 7 0 C 0
3087 3088 2 53 0 C 0
2415 5865 2 15 0 C 0
4274 2412 1 2 0 C 0
1091 1563 2 25 0 C 0
1563 1562 2 20 0 C 0
1094 5594 2 8 0 C 0
5594 3727 2 19 0 C 0
5231 5232 1 10 0 C 0
5232 5230 1 20 0 C 0
3726 5234 1 10 0 C 0
5234 5231 1 18 0 C 0
1093 526 1 31 0 C 0
526 4304 1 10 0 C 0
4304 3726 1 7 0 C 0
4306 2520 1 5 0 C 0
4720 4721 1 30 0 C 0
1234 1947 1 3 0 C 0
1947 1233 1 1 0 C 0
3162 3061 2 41 223 O 10
3061 4886 2 112 0 C 0
2168 5228 2 29 0 C 0
5228 3143 2 72 0 C 0
3063 5137 2 59 323 O 30
5137 3828 2 35 189 O 20
3146 5107 2 46 251 O 30
5107 3147 2 26 140 O 10
3147 3063 2 9 48 O 10
4256 3065 2 18 98 O 30
3065 463 2 44 241 O 20
463 3146 2 16 86 O 20
3064 3158 2 71 389 M 10
3150 3151 2 71 389 O 30
3151 2061 2 39 215 O 10
2061 2927 2 3 13 O 20
2927 2059 2 24 128 O 20
2059 2053 2 6 33 O 30
4555 4550 1 13 0 C 0
4295 2957 2 12 0 C 0
2957 4293 2 8 0 C 0
5714 5715 2 12 64 O 30
2812 5712 2 23 122 O 30
5360 2520 1 3 0 C 0
1444 1431 1 10 0 C 0
1431 4325 1 24 0 C 0
1447 1440 2 7 0 C 0
1441 1434 2 7 0 C 0
1435 1437 2 7 0 C 0
1439 1442 2 7 0 C 0
1452 1451 2 11 58 O 30
1451 4068 2 14 72 O 10
4068 1450 2 12 62 O 10
4067 4442 2 8 41 O 20
1455 1479 1 3 13 O 30
1479 1480 1 2 9 O 20
1480 1471 1 4 18 O 30
1471 1474 1 4 19 O 30
1474 1454 1 4 18 M 30
1454 4322 1 4 18 O 20
4322 4073 1 4 17 O 30
1453 4590 1 3 15 O 10
4590 1457 1 3 16 O 10
1469 1456 2 3 12 O 20
1465 1459 2 10 52 O 20
1276 1275 2 4 19 O 30
1275 1463 2 3 13 M 30
1463 1469 2 15 83 O 30
1469 6265 2 5 22 O 10
6265 1463 2 5 22 O 20
1462 1470 2 10 51 O 20
1460 1464 2 9 49 O 20
1466 1467 2 7 35 M 10
1468 4322 2 8 42 O 10
1458 1454 2 8 39 O 20
1472 1471 2 6 31 O 30
1473 1474 2 7 35 O 20
4331 4152 1 2 10 O 10
4152 1437 1 3 13 O 20
1437 1440 1 4 18 O 30
1440 1441 1 4 19 O 20
1441 1439 1 4 18 O 20
1439 1436 1 4 0 C 0
1436 1433 1 4 0 C 0
1433 1432 1 4 0 C 0
1432 4150 1 4 0 C 0
4150 4324 1 6 0 C 0
4325 4151 1 3 0 C 0
4151 1438 1 4 0 C 0
1438 1443 1 4 0 C 0
1443 1445 1 4 0 C 0
1445 1442 1 4 0 C 0
1442 1434 1 4 0 C 0
1434 1447 1 4 0 C 0
1447 4681 1 2 0 C 0
1461 1260 1 12 62 O 20
1260 4590 1 1 4 O 30
5454 1491 2 12 64 M 30
1491 1489 2 7 35 M 10
1489 5207 2 4 22 M 30
5207 1493 2 5 24 O 20
1494 5206 2 6 29 O 10
5206 4148 2 9 45 O 20
4148 1491 2 3 16 M 20
1492 5208 2 14 76 O 30
5208 1489 2 14 76 O 20
1862 1544 2 20 107 O 30
3160 3126 2 46 252 O 30
1547 1546 2 29 160 O 10
1546 1548 2 6 31 O 10
1548 1549 2 4 18 O 10
1549 1546 2 3 13 M 30
2036 1572 1 32 173 M 20
2043 5177 1 2 11 M 30
1575 1574 2 14 75 M 30
1568 1569 2 24 132 O 10
1574 1568 2 25 134 O 10
1568 1571 2 138 762 M 30
4787 1577 1 6 28 M 30
1577 647 1 3 15 O 30
647 649 1 7 36 O 20
649 4792 1 4 21 M 30
27 1608 2 12 63 O 10
1613 1611 2 9 50 M 30
1611 1610 2 3 12 O 20
1616 1614 2 50 273 O 30
1612 1611 2 6 29 O 10
1615 72 2 9 46 O 10
72 3014 2 13 72 O 10
1625 2536 2 27 149 M 10
2536 2535 2 64 352 O 30
2535 3013 2 58 320 O 10
3013 1626 2 26 140 O 20
1626 1617 2 6 32 O 30
1623 1625 2 6 32 O 30
1620 1627 1 7 34 O 10
1617 5666 2 152 842 O 10
1618 1622 1 7 37 O 30
2842 1507 2 3 15 O 30
1507 1509 2 2 6 O 20
1509 1913 2 19 104 O 10
1913 2841 2 40 218 O 30
1632 1633 1 4 0 C 0
5846 3111 1 15 0 C 0
2514 5401 2 3 0 C 0
5715 1713 2 9 49 O 20
1717 1718 1 6 0 C 0
1238 1739 1 475 0 C 0
4698 3197 1 169 0 C 0
3197 1750 1 111 0 C 0
1720 1719 1 6 0 C 0
1724 449 1 76 0 C 0
5229 1728 1 15 0 C 0
1734 1733 1 3 0 C 0
1735 1734 1 12 0 C 0
1766 1754 2 22 0 C 0
1759 1755 1 5 0 C 0
1755 4774 1 33 0 C 0
4680 4318 2 13 0 C 0
1789 1788 1 44 0 C 0
1786 1826 2 4 0 C 0
1795 1796 1 2 0 C 0
3923 1797 2 13 0 C 0
2896 5394 2 16 0 C 0
5394 2437 2 37 0 C 0
2437 2895 2 17 0 C 0
2888 4565 1 16 0 C 0
4565 1822 1 16 0 C 0
1822 5029 1 22 0 C 0
5029 2887 1 10 0 C 0
2889 2436 2 7 0 C 0
2436 5032 2 21 0 C 0
2895 1824 1 11 0 C 0
2889 2890 1 13 0 C 0
1842 3632 1 70 0 C 0
3632 1845 1 22 0 C 0
1845 1847 1 24 0 C 0
1847 2568 1 10 0 C 0
2568 1848 1 33 0 C 0
3532 4282 1 11 0 C 0
1839 3533 2 9 0 C 0
3533 3542 2 28 0 C 0
1849 1851 1 28 0 C 0
1851 2886 1 38 0 C 0
4604 4991 1 42 0 C 0
4991 1850 1 28 0 C 0
3548 3545 1 32 0 C 0
3545 1846 1 35 0 C 0
1846 1844 1 22 0 C 0
1844 1843 1 71 0 C 0
259 5275 2 4 0 C 0
5275 5859 2 4 0 C 0
5859 525 2 7 0 C 0
525 6130 2 1 0 C 0
6130 5168 2 7 0 C 0
5168 5276 2 6 0 C 0
5276 5277 2 1 0 C 0
5277 5167 2 3 0 C 0
5167 5278 2 6 0 C 0
5278 1854 2 7 0 C 0
1854 5863 2 8 0 C 0
5863 1855 2 26 0 C 0
4433 4329 1 22 0 C 0
1228 257 2 2 0 C 0
6008 1862 2 6 30 O 20
1862 4443 2 48 0 C 0
4443 4665 2 18 0 C 0
4665 1859 2 25 0 C 0
1859 1860 2 12 0 C 0
1860 5858 2 1 0 C 0
5858 4659 2 3 0 C 0
4659 1482 2 9 0 C 0
1864 1867 1 12 64 M 30
4682 1990 1 8 41 O 10
1629 2570 2 7 37 M 10
1873 5618 2 9 0 C 0
5618 5619 2 11 0 C 0
5619 2820 2 4 0 C 0
2820 1871 2 20 0 C 0
1882 5875 2 44 0 C 0
5875 5876 2 4 0 C 0
5876 2458 2 15 0 C 0
2458 2901 2 21 0 C 0
2901 1204 2 9 0 C 0
1204 3780 2 7 0 C 0
4572 1884 1 9 0 C 0
2866 4687 1 22 0 C 0
1883 1881 1 2 0 C 0
4573 4572 1 8 0 C 0
2054 5342 2 10 53 O 30
1151 3820 2 16 0 C 0
1888 2693 2 45 245 O 10
2609 1898 1 14 76 O 30
1898 1899 1 10 51 O 20
1899 2609 1 5 26 O 10
2618 1908 2 26 144 O 30
1908 1895 2 35 192 M 10
1895 1896 2 20 108 O 10
1896 1897 2 17 92 O 20
1897 1898 2 9 44 O 10
1900 1903 2 74 407 M 20
1903 1905 2 28 155 O 10
1120 1407 2 81 446 O 10
1407 4410 2 25 136 O 20
4410 1904 2 15 79 O 20
1904 2452 2 64 351 O 20
2452 2919 2 32 176 O 10
2919 2478 2 27 146 O 10
1906 5629 2 31 0 C 0
5629 2762 2 7 37 O 30
1910 2840 2 10 55 O 20
1908 1911 2 20 107 O 20
1910 1911 1 13 70 M 30
1911 4142 1 7 38 O 30
4142 1910 1 6 32 O 20
1913 3877 2 12 66 O 30
1912 2840 2 18 97 O 20
3043 3958 2 7 34 M 10
3958 3044 2 9 50 M 20
3044 3045 2 12 63 O 30
3045 3042 2 20 109 M 20
3042 3040 2 10 54 O 20
3381 3380 2 17 92 O 30
3432 5466 2 2 8 O 20
5466 623 2 8 42 M 30
623 3431 2 11 57 M 20
3741 3742 2 12 67 O 20
3449 6236 2 20 0 C 0
6236 3448 2 20 0 C 0
2960 2961 2 52 285 O 20
4117 6160 2 2 11 O 10
6160 1923 2 9 50 M 20
1933 2544 1 31 172 M 30
2544 1648 1 16 85 M 20
1856 5853 2 6 31 M 30
5853 5854 2 4 21 M 20
5854 4326 2 9 49 M 30
1939 1938 2 3 15 O 10
1938 1941 2 13 70 M 20
2961 1942 2 14 78 O 30
3128 1949 1 5 0 C 0
3109 4707 1 5 0 C 0
4310 6214 1 5 0 C 0
4707 3129 1 14 0 C 0
3129 4708 1 29 0 C 0
4708 3239 1 31 0 C 0
3239 3242 1 31 171 O 20
3242 1693 1 66 366 O 10
3240 3559 2 15 0 C 0
4711 1946 1 6 0 C 0
1950 1953 1 9 0 C 0
3228 605 2 2 0 C 0
605 405 2 35 0 C 0
405 404 2 6 0 C 0
404 3855 2 12 0 C 0
3855 3130 2 16 0 C 0
3130 3129 2 17 0 C 0
4366 788 1 30 0 C 0
788 1956 1 4 0 C 0
1956 1959 1 19 0 C 0
4147 3201 1 10 52 O 30
1977 3671 1 22 118 O 30
1964 1975 1 5 23 O 20
1801 3201 1 3 16 O 20
1987 4015 1 55 301 O 20
4015 4022 1 9 45 O 30
4022 4025 1 22 122 O 10
4025 1983 1 6 32 O 10
4016 1865 1 44 244 M 10
1863 1983 2 2 9 O 30
1985 4341 2 44 0 C 0
5039 1477 2 9 48 O 30
3678 4448 1 8 0 C 0
1988 1991 1 2 0 C 0
1989 1202 1 8 42 O 20
1993 4314 1 40 0 C 0
2468 6227 1 19 0 C 0
6227 6229 1 18 0 C 0
6229 6224 1 11 0 C 0
6224 6228 1 8 0 C 0
6228 6225 1 4 0 C 0
6225 1677 1 3 0 C 0
4378 1988 1 9 0 C 0
1998 4981 1 13 0 C 0
4981 4982 1 10 0 C 0
4982 1503 1 7 0 C 0
1503 4387 1 13 0 C 0
1428 4954 2 10 0 C 0
4954 2000 2 70 0 C 0
2969 2001 1 30 0 C 0
2002 2371 1 37 0 C 0
2371 2372 1 18 0 C 0
2372 2466 1 26 0 C 0
2466 3771 1 30 0 C 0
3771 2007 1 19 0 C 0
2012 2009 1 5 0 C 0
3110 3941 1 20 0 C 0
3941 2970 1 12 0 C 0
2035 3124 2 10 52 O 30
1577 5469 2 16 85 M 10
5469 657 2 2 8 O 10
657 655 2 3 15 M 20
3525 2016 2 10 52 O 20
2037 2535 2 20 107 O 10
2042 2038 2 63 348 O 10
2039 3015 2 9 49 O 10
2039 2043 2 8 41 O 30
2043 27 2 1 5 O 30
27 5178 2 20 106 O 10
5178 2040 2 1 5 O 10
2040 2036 2 23 125 O 10
3184 2045 1 8 0 C 0
2045 2021 1 8 0 C 0
3153 1048 2 24 132 M 20
1048 3152 2 13 70 O 10
3152 3066 2 7 34 O 10
3066 1047 2 7 35 O 10
1047 2053 2 181 1000 O 10
2052 2057 2 81 446 O 10
2057 4685 2 99 548 O 30
4685 740 2 48 261 O 10
740 2060 2 70 386 M 10
2060 3151 2 7 35 M 20
2069 2064 2 31 171 O 30
2064 2065 2 10 52 O 10
2071 2068 2 147 813 O 10
2068 2067 2 8 40 O 10
2067 2928 2 42 231 O 10
2928 2059 2 4 17 O 10
2064 2063 2 3 12 O 20
2067 2935 2 286 1584 O 10
2068 2069 2 32 173 O 20
2069 2070 2 15 83 O 10
2055 2061 2 47 257 M 20
2066 3826 2 21 113 O 30
2073 459 2 24 131 M 30
459 2072 2 156 863 O 30
2056 4625 2 46 255 O 30
4197 4193 2 95 527 O 30
4193 2082 2 75 411 O 10
2082 1023 2 52 284 M 10
1023 2083 2 33 182 O 10
2083 4178 2 67 370 M 10
1547 1545 2 88 488 O 20
1545 3061 2 2 6 O 10
2092 2090 2 39 215 O 10
2090 2088 2 42 231 O 20
2088 2087 2 54 295 O 20
2091 2093 2 20 111 O 30
2083 2085 2 86 475 M 10
2085 2087 2 61 334 M 30
2087 2092 2 79 437 O 20
2092 1537 2 85 470 O 20
1537 2095 2 136 752 O 20
2087 2086 2 46 253 O 10
2090 2091 2 19 101 O 10
2091 2089 2 36 199 O 20
2094 2096 2 170 942 O 30
2085 2084 2 64 350 O 20
4506 4348 2 15 81 O 10
4348 4347 2 14 76 O 10
4347 2124 2 63 345 O 20
2124 2130 2 14 75 O 30
2130 2141 2 29 160 O 10
2141 2150 2 30 165 M 30
2150 2942 2 16 85 O 30
2127 2146 2 46 254 O 10
2146 2151 2 21 114 M 30
2151 2153 2 3 15 O 30
2153 2155 2 21 113 O 30
2151 2154 2 12 63 O 30
2128 2119 2 27 144 M 10
2130 2122 2 22 119 O 20
2136 2133 2 15 80 O 10
2103 2100 2 10 53 M 30
2153 2148 2 21 112 M 10
2152 2146 2 30 163 O 20
2143 2156 2 64 0 C 0
2156 2160 2 59 326 O 20
2113 2117 2 27 149 O 20
2117 2118 2 5 22 M 30
2118 2128 2 21 114 O 30
2128 2127 2 47 261 O 30
2127 2120 2 20 109 O 20
2157 2149 2 34 188 O 10
2149 2148 2 7 34 O 30
2148 2142 2 15 82 O 20
2142 2129 2 37 201 O 30
2135 2132 2 9 45 O 30
2132 2126 2 12 62 M 30
2126 2125 2 19 100 O 30
2158 2159 2 7 38 M 20
2114 2104 2 25 137 O 20
2104 2102 2 3 16 M 10
2102 2107 2 16 83 O 20
2107 2109 2 13 70 M 20
2150 4353 2 25 138 O 20
4353 4349 2 5 26 O 20
4349 4351 2 6 30 M 30
4351 4352 2 19 103 M 30
4352 4347 2 24 130 O 10
2115 5392 2 11 0 C 0
5392 5391 2 4 0 C 0
5391 5390 2 14 0 C 0
5390 5389 2 12 0 C 0
5389 2105 2 4 0 C 0
2116 2107 2 34 185 O 20
2138 2131 2 23 127 O 30
2112 2106 2 37 202 O 10
2141 2138 2 25 136 O 10
2138 2137 2 12 65 O 30
2111 2103 2 25 138 O 20
2103 2099 2 27 146 O 30
2142 2136 2 21 113 O 20
2136 2126 2 31 169 O 20
2115 2123 2 27 0 C 0
2123 2132 2 23 0 C 0
2135 2145 2 33 183 O 30
2145 2149 2 19 103 O 10
2145 2147 2 29 157 O 10
2129 2111 2 72 395 O 20
268 2143 2 7 0 C 0
3170 1772 2 6 32 O 30
1772 1771 2 11 56 O 20
2184 2175 2 44 239 M 20
2175 2172 2 68 375 M 30
1771 2183 2 24 129 M 30
2186 2188 2 25 137 O 10
2179 2182 2 18 99 O 20
2180 2179 2 11 58 M 30
2179 2178 2 13 69 O 20
2174 2173 2 7 0 C 0
2186 2185 2 19 100 O 20
2192 2193 2 4 18 O 10
3051 3049 2 114 631 O 20
4183 2195 2 26 140 O 20
2195 2196 2 14 75 O 10
2195 2197 2 12 63 O 10
2199 2198 2 52 284 M 30
2194 2190 2 80 441 O 30
2191 2189 2 157 867 O 20
2206 2219 1 2 10 M 10
2219 2207 1 3 11 M 10
2207 2213 1 4 19 O 10
2213 2206 1 1 2 O 20
2200 5530 2 2 7 O 10
5530 5545 2 2 6 O 10
5545 699 2 6 33 O 30
699 5532 2 4 19 O 30
5532 2212 2 5 22 O 30
2201 2204 2 8 41 O 10
2210 2202 2 31 169 O 20
2552 4000 1 33 181 O 30
2219 6070 2 20 109 M 20
6070 5591 2 1 4 O 10
5591 3840 2 6 29 M 10
3840 3859 2 15 82 O 30
3859 2218 2 8 43 M 20
2218 4513 2 13 67 O 30
4513 4515 2 8 42 O 10
4515 2918 2 8 40 O 10
687 2212 2 2 10 M 20
2212 2218 2 53 292 M 10
2203 2214 1 3 16 M 30
2214 2217 1 2 8 O 10
2217 2216 1 2 9 O 20
2216 2203 1 1 2 O 30
4484 675 1 8 39 M 30
675 3675 1 4 20 O 20
1980 3676 1 16 85 M 30
2223 2224 2 25 134 M 20
2734 2737 2 20 110 O 20
2737 2225 2 53 291 O 30
2024 1887 2 12 62 M 30
1886 2024 2 193 1072 O 30
2249 5716 2 16 83 O 20
5716 6207 2 21 116 O 30
6207 4391 2 9 48 M 20
4391 5716 2 7 39 O 20
3937 2249 2 5 23 O 30
2249 2250 2 17 90 O 30
2250 2256 2 16 85 M 10
2256 2258 2 15 78 O 30
2258 2259 2 6 29 M 30
2259 3984 2 3 11 O 10
3627 2270 2 2 7 O 10
2270 2273 2 14 73 O 10
2273 2277 2 19 100 O 30
2277 2278 2 32 177 O 20
2260 3935 2 14 77 M 10
3935 2262 2 3 11 M 30
2253 392 2 3 14 M 30
392 396 2 2 9 O 20
396 394 2 2 8 O 30
394 390 2 1 4 O 20
390 2252 2 2 10 M 10
2241 2240 2 15 79 O 30
2273 3625 2 7 38 O 20
3625 2267 2 5 23 O 30
2267 3618 2 4 19 O 30
3618 2263 2 9 45 O 20
2242 2243 2 10 54 O 20
2279 2280 2 7 37 O 20
6147 2275 2 8 43 O 10
2275 2272 2 10 52 O 20
2265 3623 2 7 36 O 30
3623 2271 2 7 35 M 30
2271 3612 2 9 47 M 10
3612 2277 2 7 36 O 30
2264 6146 2 9 46 M 20
2266 3608 2 2 7 M 20
3608 2264 2 8 44 O 20
2264 2268 2 10 52 O 20
2034 2246 2 19 105 O 30
2246 206 2 18 96 O 30
206 2244 2 7 34 O 20
2259 2261 2 15 78 O 20
2261 2260 2 18 95 M 20
2260 3619 2 8 40 M 10
3619 2255 2 19 102 O 10
2255 2251 2 20 106 M 10
2251 2250 2 14 76 O 20
2246 2247 2 28 153 O 10
2255 2254 2 12 66 O 20
2254 2257 2 7 39 O 10
2239 2238 2 24 128 M 10
2238 2237 2 8 41 O 10
3601 2263 1 13 69 O 30
2263 2265 1 21 113 M 30
2265 2269 1 19 102 O 30
2269 116 1 17 90 M 30
2256 2253 2 9 46 O 10
2253 2258 2 51 278 M 30
3436 3435 2 62 343 O 20
3435 2593 2 70 389 O 20
2280 2587 2 14 73 O 30
2587 2281 2 19 104 O 10
2281 2588 2 13 67 O 20
2588 2282 2 23 123 M 10
2338 2236 2 50 0 C 0
2236 2235 2 52 0 C 0
4434 540 2 254 1409 O 10
540 1220 2 256 1417 O 30
4436 2301 2 35 191 O 20
2301 4804 2 24 131 O 20
4804 2309 2 70 386 O 20
2309 2305 2 16 84 O 10
2305 2303 2 20 111 O 10
2307 2310 2 52 284 M 20
1767 2293 2 21 116 O 20
2293 2294 2 193 1068 O 10
2294 2298 2 22 121 O 20
2297 2294 2 45 248 O 20
2308 2305 2 38 209 O 20
2304 2309 2 33 183 O 10
2299 2310 2 53 289 O 30
2310 2296 2 66 366 O 30
2288 1770 2 293 1626 O 20
2287 2300 2 45 245 M 20
2306 2303 2 65 357 O 20
2303 2287 2 31 169 O 30
2287 2291 2 21 117 O 10
2291 2302 2 42 232 O 20
2301 2296 2 54 299 O 30
2296 2306 2 43 238 O 20
2306 2295 2 16 88 O 20
2295 2289 2 27 149 O 20
2289 2302 2 56 306 M 10
2302 4435 2 16 86 O 30
4435 2289 2 152 841 O 30
2286 2291 2 20 110 O 20
2290 2299 2 23 127 O 30
2299 2295 2 36 195 O 30
6259 1301 2 270 1497 O 30
1301 1769 2 4 21 M 10
2311 1773 2 95 523 O 20
2317 2316 2 185 1025 O 20
2321 2322 2 119 656 M 30
2314 2318 2 43 239 O 30
4437 2313 2 45 248 O 20
2324 2313 2 19 101 M 30
2313 2312 2 58 318 M 10
4438 2025 2 15 82 O 10
2025 4675 2 390 2161 O 10
2325 3915 2 54 297 O 10
3915 3914 2 19 103 O 20
2326 2327 2 162 896 M 20
2334 6061 1 12 65 M 30
6061 2333 1 2 10 O 30
2333 6064 1 15 81 M 30
6064 4904 1 14 74 O 30
4904 2918 1 16 85 O 30
2338 2337 1 7 0 C 0
930 928 2 1 4 O 20
928 933 2 5 25 O 20
933 926 2 1 3 O 30
926 923 2 3 15 O 20
923 924 2 1 3 O 10
924 919 2 3 15 O 20
919 920 2 1 3 M 30
920 915 2 3 12 O 20
915 917 2 1 6 O 20
917 913 2 3 11 O 30
913 911 2 2 8 O 20
911 905 2 1 1 M 10
905 903 2 4 19 M 20
903 909 2 2 7 O 30
909 901 2 3 11 M 30
901 907 2 1 4 O 20
907 899 2 1 1 M 10
899 887 2 3 16 M 10
887 896 2 1 2 O 10
896 884 2 2 8 O 10
884 878 2 4 18 O 20
878 882 2 2 9 O 20
882 880 2 1 5 M 10
880 876 2 1 1 O 20
876 874 2 2 9 O 30
874 872 2 4 18 O 10
872 894 2 1 4 O 30
894 870 2 3 15 M 30
870 3458 2 3 16 O 10
3458 867 2 6 31 M 30
867 865 2 3 16 M 20
865 3456 2 1 2 O 30
3456 863 2 3 16 O 20
863 6246 2 2 7 O 30
6246 855 2 3 14 O 20
855 859 2 1 5 O 10
859 857 2 2 6 M 20
857 852 2 2 6 O 30
852 850 2 3 16 O 10
850 3454 2 3 16 M 20
3454 847 2 4 22 M 30
847 845 2 2 9 O 10
845 843 2 5 26 O 10
843 841 2 2 8 O 20
841 5897 2 1 4 O 30
5432 5497 1 2 0 C 0
2905 3696 1 4 0 C 0
2358 3677 2 17 0 C 0
3677 3645 2 21 0 C 0
2355 2353 2 25 0 C 0
2353 2352 2 25 0 C 0
2352 2945 2 20 0 C 0
2376 5891 2 41 223 M 10
5891 314 2 2 6 O 30
314 2374 2 1 5 O 10
3500 5892 2 1 5 O 10
5892 324 2 3 15 O 20
324 326 2 1 4 O 30
326 322 2 6 31 M 20
322 2375 2 21 112 M 10
2379 2378 2 215 0 C 0
2046 2389 2 21 0 C 0
3116 2381 2 80 0 C 0
2390 3121 2 189 0 C 0
3122 3123 1 3 0 C 0
3787 2454 1 11 0 C 0
2398 2603 2 7 0 C 0
2403 509 2 18 0 C 0
509 2404 2 93 0 C 0
2404 2405 2 190 0 C 0
2405 2406 2 221 0 C 0
2677 2786 2 151 836 O 30
2786 2787 2 42 232 O 30
2787 761 2 75 413 O 10
761 1307 2 94 518 O 30
1307 2676 2 26 141 O 30
2414 4465 2 46 0 C 0
4465 4464 2 56 0 C 0
4464 4463 2 7 0 C 0
4463 2413 2 28 0 C 0
2413 3889 2 11 0 C 0
3889 5219 2 4 0 C 0
3831 3795 2 15 0 C 0
3795 4270 2 12 0 C 0
1831 1829 2 12 0 C 0
1829 2667 2 18 0 C 0
2667 2434 2 16 0 C 0
2434 3786 2 3 0 C 0
2443 766 2 32 0 C 0
766 767 2 1 0 C 0
767 770 2 21 0 C 0
770 769 2 11 0 C 0
769 768 2 22 0 C 0
768 5911 2 8 0 C 0
5911 3995 2 2 0 C 0
3995 5910 2 9 0 C 0
5910 1584 2 11 0 C 0
1584 1580 2 65 0 C 0
1580 1583 2 12 0 C 0
1583 1581 2 12 0 C 0
1581 1582 2 17 0 C 0
1582 2408 2 5 0 C 0
2444 5461 2 11 57 O 20
5461 2558 2 20 107 O 10
2558 2446 2 18 96 O 30
2452 2923 2 34 188 O 20
2923 4399 2 69 379 M 30
4399 4418 2 8 43 O 20
4418 4401 2 5 27 M 10
4401 4412 2 4 20 M 20
4412 4405 2 1 4 O 20
4405 4414 2 3 14 O 30
4414 4403 2 3 15 O 30
4403 4413 2 3 17 M 10
4413 2451 2 13 68 M 20
2456 5678 1 1 0 C 0
1325 5510 2 32 175 O 20
2469 2470 2 38 211 O 30
3165 3166 2 28 153 M 30
3166 5165 2 8 40 O 10
2472 4087 1 4 20 O 20
4087 2483 1 3 17 O 10
2483 2476 1 3 15 O 10
2476 2479 1 7 36 O 20
2479 4097 1 13 68 O 30
4097 2473 1 4 22 M 20
2473 2481 1 4 18 M 20
2481 2482 1 4 18 O 30
2482 2474 1 4 17 O 20
2473 2479 2 12 66 O 30
528 2486 2 12 66 O 20
2486 2484 2 39 212 O 30
2472 6213 2 13 70 O 30
6213 1178 2 9 49 O 20
1178 2485 2 52 285 M 10
2485 2487 2 6 32 O 20
2487 1096 2 5 27 O 10
2481 2476 2 18 100 M 30
2482 2483 2 22 120 O 20
2853 2854 2 38 207 O 10
2748 2750 2 16 88 O 10
2750 2497 2 16 89 M 10
2497 5877 2 20 108 O 30
5877 2491 2 1 3 O 20
2751 4113 2 2 9 O 20
4113 4111 2 3 13 O 30
4111 4110 2 1 4 O 20
4110 4108 2 4 18 O 30
4108 4106 2 4 18 O 20
4106 4104 2 4 18 O 10
4104 4102 2 4 18 O 20
4102 4100 2 4 19 O 30
4100 4099 2 10 51 O 10
4099 4101 2 4 18 O 30
4101 4103 2 4 18 O 30
4103 4105 2 4 18 M 10
4105 4107 2 4 18 M 20
4107 4109 2 2 10 O 10
4109 5254 2 4 19 O 20
2500 2525 2 6 31 O 30
2718 2850 2 17 90 O 10
2850 2717 2 20 111 O 10
2504 2505 1 17 94 O 20
1805 3668 1 10 55 O 10
2514 2513 2 7 0 C 0
5123 2079 2 186 1030 O 20
2533 2531 2 17 91 O 10
2531 2532 2 5 22 O 10
2528 2815 2 155 857 O 20
2815 2529 2 81 446 O 20
2529 2816 2 20 109 M 10
2816 2771 2 148 817 O 10
2771 2774 2 70 385 M 20
2774 1310 2 39 212 M 10
1310 744 2 38 209 O 30
744 202 2 38 207 M 10
202 746 2 7 35 O 30
746 4629 2 77 428 O 20
4629 1044 2 142 788 O 10
1044 1046 2 5 25 O 10
1046 2677 2 25 135 O 30
2677 2530 2 47 256 O 10
2530 2080 2 36 195 M 20
3017 4631 2 41 225 O 10
4631 3018 2 144 797 O 30
2539 2540 1 5 26 M 10
2540 2541 1 1 4 O 10
2541 2538 1 6 28 O 10
1943 2812 2 12 66 O 20
3210 1935 2 68 0 C 0
1853 4433 2 49 0 C 0
5018 4779 2 22 0 C 0
529 1907 2 23 128 M 10
2544 4766 2 10 52 O 20
2449 2450 2 18 95 O 30
2450 6162 2 1 3 M 30
6162 2751 2 8 44 O 20
2050 4227 2 60 330 O 30
2209 352 2 19 105 O 30
352 1556 2 5 23 O 30
1556 1550 2 8 44 O 20
1550 350 2 8 39 M 10
350 2213 2 28 153 O 20
2545 2792 1 17 91 O 10
2792 2798 1 16 83 O 10
2798 2546 1 19 104 O 10
2555 2546 1 2 9 O 30
2546 2547 1 1 2 O 30
2547 2549 1 3 17 M 20
2549 2552 1 3 11 O 30
2552 2551 1 3 17 O 10
2551 2548 1 1 3 M 30
2548 2555 1 2 6 M 10
2548 2808 1 19 101 O 10
2808 2794 1 16 83 O 20
2794 2554 1 17 91 O 20
3216 26 2 60 330 O 10
26 24 2 4 18 M 20
24 5732 2 8 39 O 30
5732 22 2 9 47 O 10
22 5395 2 3 16 O 30
3790 3744 1 43 0 C 0
3744 3789 1 152 0 C 0
1781 3801 1 297 0 C 0
3745 5366 1 37 0 C 0
5366 1779 1 11 0 C 0
5556 1780 1 180 0 C 0
3702 3557 1 193 0 C 0
6029 5550 1 4 21 O 20
2562 2560 1 23 127 O 30
2559 1172 2 62 342 O 20
1172 2561 2 53 291 O 30
3630 2269 2 2 9 M 10
2269 3628 2 7 33 O 20
3628 2274 2 6 30 O 20
2274 2276 2 6 28 O 20
2276 2278 2 10 53 O 30
2278 2580 2 15 78 O 30
2580 2586 2 40 219 O 20
2586 3980 2 47 259 O 20
3980 3589 2 7 38 O 10
3610 3989 1 10 54 O 10
2576 3603 1 2 8 O 10
2261 3617 2 8 41 O 20
3617 2251 2 29 159 O 20
2274 2271 2 23 125 O 30
2271 385 2 12 66 O 10
385 2267 2 7 38 O 30
2588 4390 2 12 66 O 10
4390 2585 2 16 85 O 20
4392 2283 2 20 107 O 30
2283 5655 2 8 40 O 30
5655 5653 2 11 61 M 20
5653 2284 2 2 8 O 30
2281 4455 2 8 39 O 30
4455 2582 2 34 184 O 10
3611 2579 1 10 54 M 10
2581 2584 2 14 74 M 10
2584 2586 2 14 75 O 30
2578 3604 2 15 78 O 30
3604 2577 2 31 168 O 10
2584 3982 2 39 213 O 30
3982 2583 2 13 71 O 30
2580 2581 2 14 74 M 10
2581 2583 2 38 210 O 30
2583 3593 2 14 75 O 30
3593 3590 2 2 7 O 20
3575 2589 1 3 16 M 30
2591 84 2 36 197 O 10
84 82 2 4 19 O 10
82 80 2 4 18 M 20
80 3521 2 7 34 O 10
3521 3431 2 16 88 M 10
3431 625 2 16 84 O 30
625 664 2 8 41 O 10
664 3429 2 21 115 O 30
3429 3396 2 80 441 O 10
3450 435 2 5 23 O 10
435 433 2 3 13 O 10
433 3496 2 28 153 M 10
3496 3492 2 29 156 O 30
3492 2339 2 17 94 O 20
2339 3568 2 14 75 O 10
2592 2594 1 7 34 M 10
2238 2241 2 16 83 O 20
2241 2242 2 2 11 O 20
2242 2245 2 11 57 O 30
3607 2279 2 4 21 O 30
3599 3597 1 15 82 O 30
3177 4204 2 6 0 C 0
2029 1355 2 79 438 M 10
1355 1349 2 16 84 M 30
1349 2321 2 147 813 O 20
2321 2312 2 83 461 O 30
2312 2319 2 110 608 O 10
2319 2316 2 98 542 M 30
2316 2320 2 11 58 O 30
2320 1032 2 227 1256 O 30
1032 1034 2 5 27 O 20
1034 749 2 176 973 O 10
749 4677 2 82 450 O 20
4677 2020 2 292 1619 O 30
3176 3175 2 15 0 C 0
2329 4694 2 138 766 O 20
2330 2331 2 72 396 O 30
1771 3171 2 41 223 O 20
2598 1186 2 10 53 O 20
1186 1184 2 9 49 O 10
1184 1181 2 42 231 O 20
1181 2184 2 40 219 O 10
2184 3170 2 17 94 O 10
2173 2177 2 47 260 O 30
2599 3120 2 102 0 C 0
3120 2315 2 175 0 C 0
2315 2323 2 151 0 C 0
3178 1256 2 156 0 C 0
1256 1255 2 3 0 C 0
1255 1257 2 4 0 C 0
1257 2048 2 171 0 C 0
4313 3214 1 56 0 C 0
3214 3215 1 20 0 C 0
3215 5708 1 22 0 C 0
2602 3534 1 5 0 C 0
3534 5496 2 57 0 C 0
2603 4279 2 3 0 C 0
4279 2399 2 3 0 C 0
2399 4280 2 43 0 C 0
4280 2400 2 5 0 C 0
2605 3830 1 10 53 O 30
3666 3667 1 8 39 M 30
1650 1972 1 5 27 M 20
4815 2402 1 10 0 C 0
1979 2221 1 7 33 O 20
1969 1976 1 6 31 M 10
1226 4791 1 47 258 O 30
1963 1968 1 5 26 O 20
1968 4327 1 10 51 M 20
2622 4330 2 7 37 M 30
4330 4431 2 21 114 O 20
255 398 2 1 0 C 0
398 5860 2 4 0 C 0
5860 5632 2 6 0 C 0
5632 400 2 3 0 C 0
400 5861 2 1 0 C 0
5861 399 2 1 0 C 0
399 6131 2 9 0 C 0
6131 402 2 6 0 C 0
402 401 2 2 0 C 0
401 4439 2 10 0 C 0
2965 2874 2 6 33 O 20
1629 4658 2 11 58 O 20
4658 1416 2 11 56 O 10
1416 1408 2 11 59 O 20
1408 2822 2 8 42 O 10
2822 2760 2 19 101 M 20
2760 5246 2 33 183 O 20
5246 5244 2 1 4 O 30
5244 5239 2 13 67 O 30
5239 5236 2 2 9 O 20
5236 1674 2 1 5 O 10
2620 2621 2 34 187 O 10
840 6137 2 10 51 M 30
6137 988 2 2 11 M 30
988 4662 2 16 85 O 10
2547 2209 1 15 81 O 10
2498 5440 2 23 127 O 30
5440 5170 2 2 7 O 10
5170 2714 2 5 25 O 20
2626 4237 2 35 194 O 30
3763 3764 1 4 0 C 0
2966 6028 1 29 0 C 0
4379 4342 1 8 0 C 0
1808 4902 1 48 0 C 0
4902 3919 1 23 0 C 0
3919 1207 1 100 0 C 0
3734 5633 1 14 0 C 0
5633 5634 1 10 0 C 0
5634 5291 1 9 0 C 0
1975 2963 1 2 9 M 10
1864 2963 1 11 56 O 20
2636 2634 1 6 0 C 0
2633 2635 1 6 0 C 0
4370 4371 1 7 0 C 0
4371 1388 1 4 0 C 0
2635 4489 1 13 0 C 0
4489 3918 1 19 0 C 0
2986 2662 2 20 0 C 0
2662 4522 2 248 0 C 0
2056 2079 2 8 40 M 10
2079 2052 2 9 49 O 10
2766 2075 2 21 115 O 20
2075 2765 2 98 0 C 0
5662 2074 2 13 72 O 20
2765 5517 2 9 0 C 0
5517 2076 2 19 0 C 0
2076 2077 2 82 0 C 0
2767 2768 2 100 550 O 10
2766 5663 2 46 251 O 20
5663 2074 2 22 118 O 10
2074 5120 2 214 1184 O 20
5120 2768 2 46 255 O 10
2768 3825 2 38 211 O 20
2770 2078 2 323 1789 O 20
2773 2772 2 117 649 O 30
2776 2773 2 13 67 O 20
2775 734 2 142 784 O 10
734 3155 2 37 204 O 20
2783 1347 2 4 19 O 30
1347 2777 2 194 1074 O 20
2777 2530 2 8 39 O 10
2778 2779 2 27 146 M 30
2779 2784 2 18 100 O 30
2784 2777 2 144 797 O 30
2782 2778 2 8 43 O 30
2780 2779 2 49 269 M 30
2781 2784 2 40 217 O 30
2785 2786 2 63 345 O 30
2787 2788 2 12 66 O 10
3846 3848 2 19 105 O 20
3848 4508 2 4 19 O 20
4508 3849 2 2 9 O 30
3849 3850 2 8 43 O 10
3850 3851 2 8 43 O 30
3851 3852 2 9 47 O 10
3852 3853 2 6 29 O 20
3853 2811 2 7 38 M 20
2811 2792 2 8 41 M 10
2792 2794 2 2 7 O 10
2794 2790 2 8 42 O 10
2790 2795 2 4 21 M 30
2795 2801 2 12 63 O 20
2801 3839 2 8 40 M 20
3839 2810 2 12 64 O 30
2810 2803 2 13 69 O 10
2803 2796 2 5 27 O 20
2796 2556 2 21 115 O 30
2800 2799 2 5 26 O 30
2799 3864 2 5 25 O 30
3864 3852 2 8 42 O 20
2801 2791 2 14 77 O 30
2793 2805 2 9 47 O 30
2805 2810 2 8 41 M 10
2810 2802 2 15 78 O 30
2803 2809 2 12 63 O 30
2218 3862 2 18 96 O 20
3862 4510 2 23 124 O 10
4510 3863 2 2 8 O 10
3863 2800 2 23 127 O 10
2800 2789 2 9 45 O 10
2804 2913 2 10 53 M 30
2913 2797 2 18 97 O 30
2804 2790 2 15 83 O 20
2790 2806 2 10 51 M 20
3840 3841 2 13 70 M 10
3841 6088 2 5 24 O 30
6088 6092 2 1 1 O 20
6092 6090 2 1 3 O 30
6090 6094 2 2 9 O 10
6094 6096 2 2 6 O 20
6096 6098 2 2 7 O 30
6098 6100 2 1 4 O 20
6100 6102 2 2 8 M 20
6102 6106 2 1 2 M 30
6106 6104 2 2 10 M 20
6104 6108 2 3 13 M 30
6108 6110 2 3 12 O 10
6110 6112 2 2 10 O 20
6112 3842 2 1 1 O 20
3842 6114 2 2 10 O 20
6114 3843 2 12 65 O 20
3843 3844 2 8 43 M 20
3844 3845 2 4 19 O 30
3845 3847 2 14 73 O 20
3847 2911 2 8 39 O 10
2911 2798 2 8 42 O 20
2798 2808 2 2 7 M 30
2808 2804 2 8 43 O 20
2804 3837 2 11 59 O 30
3837 2791 2 18 97 O 30
2791 3838 2 8 41 O 10
3838 6073 2 2 6 O 10
6073 6078 2 3 16 M 10
6078 6075 2 3 11 O 10
6075 2802 2 12 61 M 20
2802 2917 2 8 41 O 20
2917 2809 2 15 81 O 20
2807 2806 2 4 17 M 20
2806 2805 2 23 126 O 20
2805 2796 2 18 97 M 10
4596 2815 2 24 128 O 30
2818 2817 2 402 2231 O 10
2817 2816 2 222 1230 O 30
2819 2818 2 235 1302 O 10
2036 1573 2 7 38 O 20
1573 1575 2 201 1114 O 20
1573 2862 2 13 69 O 10
2904 2864 1 17 0 C 0
2907 4922 1 8 0 C 0
4687 2865 1 21 0 C 0
2866 1879 2 18 0 C 0
2865 2868 1 21 0 C 0
6012 2871 1 8 43 O 30
2539 2872 1 25 138 O 20
2872 6029 1 9 50 M 10
1492 5454 2 5 27 O 20
5454 1490 2 3 14 O 10
2537 1492 1 7 34 O 20
1492 4671 1 7 37 O 10
5522 5525 2 4 17 M 10
5525 5523 2 23 126 O 30
5523 2876 2 8 44 M 20
2876 5581 2 15 79 O 20
2876 5527 2 5 26 M 30
5527 5524 2 4 18 O 20
5524 2877 2 6 33 O 30
3872 3871 1 7 35 M 10
4077 4076 2 32 177 O 10
2881 5865 1 2 0 C 0
4273 3711 1 15 0 C 0
4950 2629 2 3 0 C 0
5361 2910 1 8 0 C 0
2910 3724 1 6 0 C 0
2917 3774 2 15 81 M 20
2916 2914 1 7 33 O 20
2912 2913 2 8 39 O 20
2335 2916 1 5 26 O 30
2919 4407 2 6 32 M 30
4407 4408 2 4 20 O 30
2922 2923 2 68 375 M 20
5301 4569 2 3 0 C 0
4569 3008 2 11 0 C 0
2120 2116 2 18 96 O 10
2116 5606 2 22 120 O 10
5606 2108 2 12 66 O 20
1855 4074 2 2 0 C 0
4074 4075 2 6 0 C 0
4075 2527 2 6 0 C 0
2104 2940 2 5 27 M 30
2940 2102 2 5 27 O 20
2101 6056 2 26 142 O 20
2030 4201 2 13 0 C 0
4201 4205 2 53 0 C 0
4205 2028 2 99 0 C 0
2070 2062 2 37 202 O 20
2933 3148 2 4 19 O 10
2938 2937 2 4 20 O 30
3149 2930 2 4 19 M 20
4578 2937 2 3 14 M 30
2937 4577 2 5 25 O 20
4576 2933 2 10 53 O 30
2933 3200 2 15 80 O 20
3199 2930 2 13 72 M 30
2930 2931 2 15 81 O 10
2158 2152 2 39 217 O 30
2152 2144 2 25 136 O 10
2155 2158 2 32 173 O 20
2118 6057 2 6 30 O 10
6057 2117 2 6 31 O 20
2144 2140 2 8 40 O 10
2927 470 2 3 16 M 20
470 2928 2 23 123 M 20
5233 5355 1 9 0 C 0
506 4449 2 10 0 C 0
3711 2420 1 15 0 C 0
2416 2417 1 2 0 C 0
2520 4315 1 19 0 C 0
5355 5360 1 3 0 C 0
3636 1399 1 6 0 C 0
1399 5356 1 50 0 C 0
2996 2994 2 34 189 O 10
2994 2993 2 2 7 O 10
5726 2996 2 101 560 O 30
2996 2995 2 9 50 O 20
2994 2992 2 20 109 O 20
3748 4608 1 13 0 C 0
4608 4481 1 11 0 C 0
4481 1043 1 12 0 C 0
5401 3750 2 3 0 C 0
5428 5429 1 11 0 C 0
5429 5426 1 7 0 C 0
5426 5425 1 15 0 C 0
1879 1878 2 19 0 C 0
3145 3076 2 55 302 O 10
3076 5308 2 10 53 O 30
5308 3077 2 23 123 O 20
3077 3079 2 13 68 O 20
3076 3078 2 9 45 O 30
3077 5309 2 49 269 M 10
1092 1342 2 6 0 C 0
1342 1341 2 7 0 C 0
1341 1604 2 13 0 C 0
1604 1605 2 24 0 C 0
5909 1744 1 12 0 C 0
5025 2643 1 13 0 C 0
2643 5023 1 91 0 C 0
5023 2642 1 16 0 C 0
2642 2641 1 2 0 C 0
2641 5024 1 6 0 C 0
5024 3650 1 127 0 C 0
3882 2660 1 10 0 C 0
2660 2516 1 3 0 C 0
3115 1386 1 9 0 C 0
5133 3137 2 71 394 O 30
3138 3139 2 33 180 O 10
5132 3141 2 26 0 C 0
3141 4215 2 175 971 O 30
4215 4887 2 106 588 M 20
4887 5872 2 28 153 O 20
3196 2975 1 2 0 C 0
3209 1929 2 12 0 C 0
2508 1941 1 28 153 O 30
5442 3211 1 24 0 C 0
3210 1646 1 12 0 C 0
3710 4686 2 2 0 C 0
2365 3207 1 18 0 C 0
3207 4885 1 8 0 C 0
2411 3208 1 9 0 C 0
3208 1785 1 108 0 C 0
1785 5843 1 270 0 C 0
5102 5099 1 9 0 C 0
5099 2110 1 3 0 C 0
2110 5100 1 7 0 C 0
5100 5103 1 4 0 C 0
3550 3160 2 29 160 M 20
3160 3161 2 28 152 O 10
4209 2121 1 51 0 C 0
3159 3550 2 67 367 O 10
3009 3549 2 27 0 C 0
3566 3565 2 7 35 O 30
3562 3567 2 27 148 O 10
3570 3569 1 1 0 C 0
3569 3571 1 6 0 C 0
3571 3568 1 5 0 C 0
3568 3570 1 8 0 C 0
3582 3580 2 18 99 O 30
3996 3999 2 11 60 M 10
3572 3582 2 4 18 O 30
3582 3577 2 4 18 O 30
3576 3581 2 31 167 M 30
3591 3589 1 3 11 O 20
3594 2577 2 5 23 M 20
2577 3592 2 4 18 O 20
3599 3606 1 3 13 O 10
3602 3608 1 12 62 O 30
3608 3627 1 10 54 O 20
3627 3986 1 5 27 M 10
3600 2579 2 4 17 O 10
2579 3605 2 4 17 O 20
3605 3588 2 4 20 M 20
3587 3593 1 24 129 O 10
3593 3586 1 22 118 O 30
3605 3595 1 10 55 M 20
3609 3604 2 9 45 O 20
3585 3590 1 22 121 M 10
3590 3584 1 24 129 O 10
3598 3597 2 6 32 O 10
3597 2595 2 3 14 M 20
3615 3617 2 7 35 O 10
3624 3619 2 13 71 O 20
3622 3623 2 9 48 O 10
3623 3620 2 9 45 O 10
3616 3612 2 9 48 O 20
3612 3614 2 8 43 O 20
3621 2254 2 5 23 M 10
3626 3628 2 8 43 O 10
3629 3625 2 10 54 O 20
2054 3630 1 16 86 O 10
3630 3596 1 51 282 O 10
3613 3618 2 11 58 O 20
3633 2338 1 7 0 C 0
2520 3635 1 3 0 C 0
3637 5358 1 18 0 C 0
3644 1086 2 1 0 C 0
1086 3537 2 12 0 C 0
3537 1084 2 1 0 C 0
1084 1085 2 7 0 C 0
1085 1082 2 9 0 C 0
1082 2879 2 2 0 C 0
2879 2880 2 4 0 C 0
2880 3536 2 13 0 C 0
3536 3535 2 26 0 C 0
3535 3885 2 20 0 C 0
3885 3886 2 4 0 C 0
271 273 2 3 0 C 0
5300 2121 2 16 0 C 0
3648 3647 2 5 27 O 30
3647 2161 2 19 100 O 20
3647 3646 2 17 92 M 10
5341 4985 1 124 0 C 0
4985 3546 1 112 0 C 0
4561 1378 1 11 0 C 0
3655 1803 1 3 0 C 0
3673 4754 1 4 20 O 10
4754 4739 1 4 19 O 20
3676 10 1 16 85 O 10
3675 676 1 2 11 O 20
676 4485 1 9 48 O 20
3675 674 2 2 7 O 30
674 3134 2 56 309 O 10
3134 2207 2 11 58 O 30
3676 1013 2 2 6 M 20
1013 3673 2 3 16 O 20
3673 4740 2 2 8 O 20
4740 3670 2 17 89 O 20
3670 2858 2 72 396 M 10
1991 4448 1 3 0 C 0
3682 4669 1 7 0 C 0
2675 5493 1 3 0 C 0
3770 4973 2 8 0 C 0
4973 4762 2 15 0 C 0
4762 4763 2 36 0 C 0
3679 3681 1 2 0 C 0
4809 3681 2 15 0 C 0
257 1337 1 5 0 C 0
4342 1984 1 6 0 C 0
2569 3710 2 13 0 C 0
2907 3697 2 3 0 C 0
3697 2945 2 19 0 C 0
2864 2903 1 18 0 C 0
3696 3697 1 5 0 C 0
2873 2874 1 8 40 O 30
2874 1931 1 8 42 M 10
2951 3701 1 43 0 C 0
3733 3768 1 7 0 C 0
3713 3715 1 1 0 C 0
3779 3777 1 45 249 M 20
3778 3777 2 7 39 O 30
3777 3776 2 4 22 O 30
3774 5447 1 1 2 M 10
5447 3870 1 2 10 O 20
3870 3775 1 25 135 O 30
3775 3871 1 3 16 O 30
3781 3782 1 8 0 C 0
3784 3783 1 8 0 C 0
2361 1815 1 39 0 C 0
1815 2926 1 39 0 C 0
2167 3793 1 3 0 C 0
3780 2869 1 16 0 C 0
2869 4913 1 16 0 C 0
3785 2433 2 28 0 C 0
2433 2432 2 39 0 C 0
2432 2431 2 17 0 C 0
2431 3821 2 15 0 C 0
3785 3786 2 3 0 C 0
2430 5635 2 5 0 C 0
5635 2230 2 14 0 C 0
3191 1329 2 45 0 C 0
1329 1330 2 13 0 C 0
1330 1331 2 18 0 C 0
1331 2396 2 109 0 C 0
3192 3191 2 8 0 C 0
3195 3194 2 17 0 C 0
3192 3193 2 55 0 C 0
3193 3194 2 48 0 C 0
3787 782 2 67 0 C 0
782 2410 2 27 0 C 0
2366 2465 1 37 0 C 0
2465 5503 1 24 0 C 0
5503 2004 1 13 0 C 0
3788 2003 1 32 0 C 0
3794 2365 1 41 0 C 0
4892 1736 1 19 0 C 0
1774 1775 1 89 0 C 0
1775 3804 1 142 0 C 0
3789 5842 1 117 0 C 0
3206 3790 1 69 0 C 0
4710 4296 1 5 25 O 30
3527 4728 1 7 34 O 20
1779 3805 1 14 0 C 0
3804 455 1 12 0 C 0
1776 453 1 63 0 C 0
453 1783 1 408 0 C 0
6126 2444 2 83 456 O 10
2444 1176 2 16 88 O 10
1176 3125 2 4 21 O 20
3806 37 2 18 99 M 20
37 3894 2 83 457 O 30
3894 1623 2 103 571 O 10
2382 4993 2 13 0 C 0
4993 4992 2 4 0 C 0
4992 2998 2 9 0 C 0
1024 5339 2 34 186 O 20
3813 9 2 137 757 O 10
9 8 2 4 22 O 20
8 99 2 84 462 O 30
99 2231 2 16 84 O 30
3018 3813 2 58 320 O 30
3022 523 2 26 142 M 20
523 3104 2 243 1346 M 30
3811 5698 2 11 0 C 0
5698 3812 2 2 0 C 0
3023 3024 2 17 94 O 30
3024 3099 2 151 837 O 10
3810 4617 2 3 0 C 0
4617 4491 2 27 145 M 20
4491 1251 2 61 337 O 30
1251 1249 2 5 24 M 30
1249 1247 2 31 171 M 10
1247 2377 2 65 356 M 20
2378 3810 2 97 0 C 0
3815 2524 2 17 0 C 0
2524 5515 2 16 0 C 0
5515 1763 2 2 0 C 0
3814 2522 2 14 0 C 0
2522 2523 2 37 0 C 0
2523 3815 2 12 0 C 0
5174 4772 2 126 0 C 0
4772 5547 2 29 0 C 0
5547 4773 2 5 0 C 0
3560 3563 2 17 91 M 20
3563 3249 2 5 27 O 10
3249 5579 2 3 16 O 10
5579 3251 2 23 123 O 30
3251 3561 2 56 309 M 20
3113 2533 2 59 327 O 30
2533 4159 2 4 21 O 10
4159 4158 2 10 53 O 20
4158 2532 2 3 15 O 10
2532 2471 2 434 2410 O 30
1792 3164 2 16 0 C 0
3164 5112 2 41 0 C 0
5112 3816 2 25 0 C 0
3817 1792 2 2 0 C 0
4377 3553 2 32 0 C 0
3553 5111 2 23 0 C 0
5111 5155 2 18 0 C 0
3818 5174 2 41 0 C 0
2322 2599 2 113 625 O 10
3819 2019 2 4 0 C 0
2028 4695 2 16 0 C 0
3756 3755 2 20 0 C 0
3755 3754 2 41 0 C 0
3753 3752 2 88 0 C 0
3752 1280 2 22 0 C 0
3139 3140 2 28 155 O 20
3824 2192 2 181 1005 O 30
3823 5706 2 106 587 O 20
500 2559 2 30 164 M 30
2559 5097 2 108 599 O 10
5707 3822 2 23 123 M 30
3822 3823 2 106 587 M 30
1726 3148 2 27 148 O 20
3148 3149 2 44 243 M 10
3149 6042 2 36 196 O 30
6042 5282 2 12 64 O 20
5282 2072 2 33 180 O 10
2072 3150 2 39 214 O 30
3828 1727 2 20 108 O 20
2058 2056 2 15 83 M 20
3825 2058 2 24 129 O 10
3826 2057 2 57 313 O 20
3832 4518 2 4 18 O 30
4518 4263 2 35 194 M 30
3481 6206 2 14 0 C 0
6206 3571 2 13 0 C 0
2557 3835 2 18 97 O 10
3833 5114 2 13 68 O 30
2914 2334 1 13 68 M 30
2799 4207 2 11 57 O 10
4207 2811 2 9 49 O 10
2811 2911 2 16 83 O 20
2911 3858 2 23 125 O 20
3851 3844 2 19 101 O 20
3848 3842 2 16 85 M 20
3845 6068 2 10 52 O 20
6068 3856 2 1 3 O 20
3856 5731 2 3 13 O 30
3850 3843 2 19 104 O 20
3864 3861 2 24 133 O 30
3861 4509 2 2 8 M 10
4509 3860 2 23 124 O 30
3860 3859 2 16 87 O 10
3853 3847 2 16 85 O 10
3847 3858 2 16 85 M 10
3858 6072 2 1 1 O 30
6072 3857 2 3 12 O 10
3862 3860 2 8 42 O 10
3860 3846 2 8 42 O 30
3846 3841 2 11 57 M 20
3849 3861 1 8 42 M 10
3861 3863 1 8 43 O 30
3839 3838 2 14 76 O 20
2795 3837 2 14 76 M 10
3867 3866 1 8 0 C 0
1751 3865 1 8 0 C 0
1753 3867 1 88 0 C 0
3865 1715 1 26 0 C 0
3423 3869 2 12 62 M 10
3430 3431 2 12 62 O 10
3433 3437 2 37 204 O 30
3437 3434 2 12 62 M 10
3875 2318 2 67 368 O 30
2318 2319 2 7 38 O 30
3385 3386 2 23 127 M 20
2188 2187 2 16 88 O 30
2298 2297 2 33 183 O 10
2297 2293 2 43 235 O 20
2181 2186 2 34 185 O 10
3173 169 2 17 0 C 0
169 738 2 82 0 C 0
738 3172 2 75 0 C 0
2846 2847 2 34 185 O 10
2847 1909 2 21 111 O 30
2486 2474 2 17 90 M 30
2474 2854 2 1 4 O 30
2854 4089 2 14 76 O 20
4089 2472 2 9 46 O 30
3872 3219 2 5 24 O 30
3775 6079 1 3 13 O 10
6079 3872 1 4 21 O 20
3872 2878 2 3 16 O 20
2553 3873 2 15 80 O 30
3873 2550 2 15 79 O 30
3873 5750 2 7 37 O 10
5750 3874 2 12 62 M 30
4515 4514 2 23 124 O 10
4514 2915 2 11 56 O 20
2915 4592 2 13 67 O 30
4592 2553 2 19 104 M 10
2553 2789 2 17 93 O 20
2789 2545 2 13 71 O 30
2545 2554 2 2 7 O 30
2554 2793 2 19 104 O 30
2793 2556 2 11 57 O 10
2556 2550 2 20 106 O 20
2550 5271 2 27 149 O 20
5271 5270 2 25 135 O 10
5270 4592 2 14 78 O 30
2335 2914 1 4 22 O 30
5455 2331 2 24 128 O 30
2331 3121 2 197 0 C 0
3884 3883 1 9 0 C 0
3886 3887 1 10 0 C 0
3887 3888 1 2 0 C 0
2673 3886 1 20 0 C 0
3895 3896 2 50 274 O 20
3896 3897 2 19 104 O 10
3895 3898 2 21 113 O 20
3898 3899 2 13 71 O 20
3898 3900 2 13 70 O 10
4794 4795 1 11 56 O 10
4795 4796 1 23 125 O 20
3740 3901 2 12 63 O 20
3902 3740 1 7 37 O 20
4797 3903 1 5 25 O 30
3903 3901 1 8 39 O 20
3901 3904 1 7 35 O 30
3904 4798 1 5 27 O 20
3903 3904 2 7 36 O 30
3905 3906 2 6 30 O 10
3907 3908 2 7 37 O 30
3909 3911 2 28 154 O 30
3911 3910 2 16 84 M 20
3911 3912 2 3 14 O 30
1954 1857 1 7 0 C 0
4314 4679 1 74 0 C 0
2027 3915 2 7 35 O 20
3923 1786 2 13 0 C 0
3933 3934 2 11 59 O 30
3935 3936 2 2 11 O 10
2233 7 2 34 189 O 10
3940 2233 1 2 8 O 20
2233 3939 1 4 21 M 10
3939 2336 1 3 15 O 30
2336 3940 1 1 2 O 10
3796 11 1 30 0 C 0
3942 3943 1 13 70 O 20
3943 3945 2 6 31 O 20
3943 3944 2 4 18 M 20
2446 3946 2 12 63 O 20
2446 2445 2 12 62 M 20
2445 3947 2 14 74 O 20
3947 3948 2 12 64 O 10
3948 2445 2 2 10 O 20
2558 5456 2 6 29 M 10
5456 5459 2 8 42 O 10
5459 5457 2 6 29 O 30
5457 3949 2 30 163 O 30
3950 3954 2 6 28 O 30
3954 3956 2 4 21 O 20
3956 3953 2 18 96 O 10
3953 3951 2 6 29 O 10
3951 3952 2 5 23 M 20
3952 3953 2 2 9 M 20
3954 3955 2 13 72 O 10
3955 3956 2 10 52 O 20
3044 4879 2 8 40 O 10
4879 3957 2 4 20 O 20
4879 4878 2 4 22 O 10
3958 3959 2 6 31 O 10
3045 3960 2 10 51 O 20
3960 5838 2 12 66 O 20
5838 5839 2 4 22 O 30
5839 3960 2 6 33 M 30
3390 3961 2 9 0 C 0
3961 3962 2 7 34 O 20
3963 3962 2 3 16 M 10
3962 3964 2 3 13 M 20
3961 3965 2 5 27 O 30
3968 3835 2 4 19 M 20
3386 3969 2 7 35 O 20
3970 3971 2 5 26 O 30
6172 6174 2 12 63 M 10
6174 5982 2 2 6 O 10
5982 998 2 9 47 O 30
998 5968 2 4 20 O 10
5968 992 2 8 43 O 10
992 1000 2 4 19 O 30
1000 5960 2 13 68 O 10
5960 1002 2 1 5 O 10
1002 994 2 3 15 O 30
994 1005 2 10 55 O 20
1005 996 2 4 22 O 20
996 1004 2 6 33 M 10
1004 5958 2 2 11 O 20
5958 1008 2 4 17 O 30
1008 6175 2 8 43 O 20
6175 3517 2 3 12 O 20
3517 5957 2 31 169 M 10
5957 5955 2 9 46 M 20
5955 5949 2 10 52 M 20
5949 5950 2 19 103 O 30
5950 2232 2 18 99 O 20
3976 3975 1 2 9 M 30
3975 3974 1 2 6 O 30
3974 3978 1 4 18 O 20
3978 6 1 4 17 O 20
6 3977 1 2 7 O 30
3977 3976 1 3 12 O 30
3978 3979 2 11 57 M 10
3980 3981 2 13 71 O 30
3982 3983 2 7 37 O 20
3985 3603 2 3 15 O 30
3984 3985 2 6 30 O 30
3987 4395 1 10 52 M 30
3986 3987 1 5 26 O 10
3988 2270 1 5 25 O 20
2270 382 1 8 40 O 30
382 2266 1 3 14 O 20
2266 4394 1 11 60 M 20
3989 3988 1 5 24 O 30
3990 3991 2 11 58 O 30
3991 3992 2 11 56 O 20
3992 3993 2 7 38 M 10
3993 3991 2 4 18 O 20
3027 3994 2 9 45 O 20
3997 3996 2 2 8 O 20
3996 3998 2 5 25 O 30
4002 4004 2 22 118 O 10
4003 4008 2 4 21 O 30
4008 4010 2 3 14 O 10
4010 4004 2 7 38 O 10
4004 4007 2 4 19 O 30
4007 4005 2 2 11 O 20
4005 4006 2 7 35 O 30
4006 4007 2 8 42 M 10
4008 4009 1 14 77 M 30
4009 4010 1 4 17 O 30
4012 4013 2 10 51 O 10
4018 4015 2 5 26 O 10
4015 4016 2 2 11 O 20
4018 4021 2 9 49 O 20
4021 4019 2 22 119 M 20
4019 4020 2 25 134 O 20
4020 4021 2 3 16 M 30
4022 4023 1 3 14 M 10
4024 5419 1 2 9 O 30
5419 4025 1 2 8 O 10
4023 5417 1 17 94 O 30
5417 4024 1 3 16 O 10
4024 5415 1 1 5 O 20
5415 5416 1 15 83 M 20
5416 5420 1 2 6 O 20
5420 5415 1 1 2 O 20
4028 4029 1 3 12 O 10
4029 4035 2 1 5 O 30
4035 4037 2 4 19 O 30
4037 4039 2 4 17 O 10
4039 4041 2 4 17 M 20
4041 4032 2 4 17 O 30
4032 4044 2 4 17 O 30
4044 4046 2 4 19 O 20
4046 4048 2 4 17 O 20
4048 4050 2 4 18 O 30
4050 4052 2 4 18 O 30
4052 4054 2 4 19 O 30
4054 4056 2 4 18 O 30
4056 4034 2 1 4 M 10
4034 4058 2 3 14 O 10
4058 4060 2 4 18 O 30
4060 4062 2 4 18 O 20
4062 4030 2 4 18 O 10
4031 4032 2 3 12 O 20
4033 4034 2 3 13 O 10
4035 4036 2 5 27 O 20
4037 4038 2 5 25 O 30
4039 4040 2 5 26 M 30
4041 4042 2 5 26 O 20
4032 4043 2 5 26 M 10
4044 4045 2 5 26 M 30
4046 4047 2 5 26 O 10
4048 4049 2 5 26 O 20
4050 4051 2 5 26 M 20
4052 4053 2 5 25 O 30
4054 4055 2 5 25 O 20
4056 4057 2 5 24 O 20
4058 4059 2 5 23 O 20
4060 4061 2 4 22 O 30
4062 4063 2 4 22 O 10
4030 4064 2 4 21 O 20
1456 4065 2 3 11 O 20
1461 1457 1 10 52 O 20
1457 1465 1 4 19 O 30
1465 1462 1 4 19 O 10
1462 1460 1 7 36 O 30
1460 1269 1 1 4 O 20
1269 1468 1 3 14 O 20
1468 1264 1 1 2 M 30
1264 1458 1 4 17 M 30
1458 1473 1 4 19 O 30
1473 1267 1 1 2 O 10
1267 1472 1 3 16 O 30
1472 2526 1 4 18 O 20
2526 4066 1 3 16 O 10
4068 4070 2 3 12 O 10
4070 4069 2 3 15 O 10
4070 4071 2 7 37 O 30
4072 1455 1 1 4 O 30
1455 4066 1 2 7 M 30
4066 4065 1 2 6 M 30
4065 4067 1 2 7 O 10
4067 4072 1 1 1 O 30
4323 4073 1 11 60 O 30
2809 4076 2 11 56 O 10
4076 6270 2 10 52 O 30
6270 4077 2 10 52 M 10
5222 1643 1 23 0 C 0
5221 1873 1 7 0 C 0
1870 5617 1 11 0 C 0
5617 5221 1 12 0 C 0
4078 4079 2 9 49 O 10
4082 4083 2 9 49 O 20
4083 5722 2 6 31 M 30
5722 5724 2 3 17 M 30
5724 4084 2 1 4 O 10
4084 4081 2 4 17 O 20
4081 4085 2 12 64 O 20
4085 4086 2 6 32 O 30
4079 4082 2 3 11 M 20
4082 4080 2 13 67 M 20
4080 4081 2 9 49 O 30
4087 4088 2 5 27 O 30
4089 4090 2 4 21 M 30
4091 4093 1 21 111 M 10
4093 4092 1 16 88 O 30
4092 4095 1 4 18 O 20
4095 4096 1 12 62 O 30
4096 4094 1 4 18 O 20
4094 4090 1 4 19 O 20
4090 4091 1 4 17 M 30
4090 4093 2 17 93 O 20
4092 4094 2 5 23 O 10
4095 6271 2 3 12 M 20
6271 4096 2 3 12 O 20
4097 4098 2 5 24 O 10
4099 6272 2 4 18 O 10
6272 4100 2 4 18 O 10
4101 4102 2 8 39 O 30
4103 4104 2 8 39 O 20
4105 4106 2 8 39 O 20
4107 4108 2 8 40 O 20
4109 4110 2 8 41 O 30
4111 4112 2 3 15 O 10
4114 4115 2 6 28 O 10
4116 5614 1 19 102 O 20
5614 4117 1 7 34 O 30
4118 4119 2 10 53 O 10
4120 4119 2 4 21 O 10
4119 4121 2 7 37 O 30
4122 4123 2 12 64 O 20
4124 4125 2 7 34 O 20
4125 4126 2 3 16 O 30
4127 4128 2 9 45 O 20
4128 4129 2 5 24 O 20
4129 5717 2 8 44 O 30
4131 4138 2 3 14 O 10
4138 4133 2 8 41 O 20
4133 4132 2 7 34 O 30
4133 4136 2 13 67 M 20
4136 4134 2 4 19 O 10
4135 4136 2 5 24 O 10
4137 4138 2 5 23 M 30
2614 4139 2 5 23 O 20
4139 2613 2 5 23 O 10
4140 4141 2 12 66 O 10
2840 4143 2 18 97 O 20
4148 4149 2 4 20 M 30
4152 4153 2 7 0 C 0
2531 4157 2 2 10 O 10
4158 4160 2 6 33 O 20
4160 4159 2 6 29 M 30
4161 4162 2 93 513 O 30
4163 4164 2 21 115 M 20
4164 4165 2 15 81 O 20
4167 4165 1 3 16 M 10
4165 4166 1 3 13 O 30
4166 4167 1 2 10 O 20
4168 4169 2 15 79 M 20
4220 4170 2 13 71 M 10
1768 3168 2 10 52 O 30
2597 3169 2 7 38 O 20
2121 5380 1 18 0 C 0
2169 5068 2 57 0 C 0
2860 4198 2 11 60 O 30
4198 5272 2 26 144 O 20
4198 4199 1 41 226 O 30
2860 4199 2 3 11 M 30
4199 4200 2 6 31 O 30
4204 2596 2 119 0 C 0
2596 2188 2 10 55 O 30
4207 4208 2 4 19 O 10
4211 4212 2 211 1167 O 10
4212 4888 2 61 337 M 30
4213 4212 2 90 500 O 20
4215 4216 2 41 224 O 10
4218 4503 2 50 275 O 10
4222 4223 2 143 793 O 20
2044 2049 2 163 0 C 0
2049 2379 2 103 0 C 0
2379 2047 2 82 0 C 0
2047 3811 2 24 0 C 0
4225 2384 2 43 0 C 0
2384 2385 2 192 0 C 0
2385 1273 2 124 0 C 0
4224 4225 2 3 0 C 0
2997 4226 2 20 0 C 0
4226 3809 2 36 0 C 0
4268 2422 1 4 0 C 0
2421 2422 2 49 0 C 0
4272 2421 1 1 0 C 0
2415 2418 1 6 0 C 0
2417 2415 1 6 0 C 0
3836 1820 2 18 0 C 0
5358 3729 1 2 0 C 0
4315 5361 1 15 0 C 0
4284 4286 2 33 0 C 0
4286 2227 2 7 0 C 0
4285 4284 1 2 0 C 0
4288 2601 2 57 0 C 0
4288 4289 1 24 0 C 0
4287 2439 1 17 0 C 0
1827 4291 1 11 0 C 0
4291 2726 2 15 0 C 0
2726 2947 2 19 0 C 0
4292 4293 1 7 0 C 0
4295 5595 1 5 0 C 0
3273 3778 2 11 60 M 10
3778 3223 2 13 70 O 30
3223 3779 2 18 98 M 30
3779 3132 2 29 159 O 30
3132 6117 2 17 90 M 20
3526 3527 1 5 0 C 0
4298 6119 1 6 29 O 30
6119 3526 1 6 28 O 30
1820 3712 1 9 0 C 0
4301 4302 1 5 0 C 0
4302 1820 1 3 0 C 0
3644 4303 1 9 0 C 0
4303 4300 1 5 0 C 0
4300 4299 1 3 0 C 0
3730 1083 2 5 0 C 0
1083 3836 2 6 0 C 0
3693 4988 1 28 0 C 0
2674 2672 1 3 0 C 0
4702 1098 1 3 0 C 0
3204 4984 1 118 0 C 0
4984 3690 1 115 0 C 0
3205 4901 1 9 0 C 0
4901 4460 1 65 0 C 0
4460 3920 1 11 0 C 0
2658 3913 1 10 0 C 0
4586 1338 1 16 0 C 0
1338 4620 1 21 0 C 0
4620 3547 1 50 0 C 0
2882 5357 1 48 0 C 0
4275 2976 1 2 0 C 0
3539 3637 1 7 0 C 0
4348 4349 2 54 298 O 10
4350 4351 2 7 39 O 30
4352 4353 2 71 391 O 10
4354 4355 2 150 833 M 20
4356 4357 2 144 797 O 20
4358 4359 2 23 123 O 30
4360 4361 2 19 104 O 30
4362 4363 2 22 122 O 30
4422 4421 2 8 40 O 10
4421 4420 2 9 48 O 10
4420 4419 2 30 166 M 30
4419 3648 2 13 71 M 20
1928 5051 2 24 131 O 20
5051 5049 2 15 82 O 20
5049 1927 2 13 67 O 30
2742 1418 1 26 143 O 20
4903 2333 2 31 172 O 20
4367 4366 1 6 0 C 0
4808 4316 1 27 0 C 0
4316 4806 1 2 0 C 0
4806 3798 1 79 0 C 0
4374 4677 2 63 350 O 20
4677 4676 2 97 535 O 30
3930 3929 1 50 0 C 0
4689 3797 1 50 0 C 0
3797 4807 1 30 0 C 0
2359 2014 1 33 0 C 0
4799 4388 2 7 38 O 20
4390 4389 2 12 66 M 30
2595 3606 1 15 81 O 10
4397 4398 2 10 55 O 30
4398 4396 2 7 34 O 30
4399 4398 2 5 23 M 10
4407 4406 2 6 30 O 30
2921 2920 2 9 48 O 20
2920 6273 2 2 8 O 10
6273 2921 2 2 8 O 30
2920 4408 2 7 34 O 30
4408 2921 2 4 17 O 30
4410 4409 2 16 89 M 10
4412 4411 2 4 19 O 30
4414 4413 2 8 44 O 30
4416 4415 2 1 5 M 30
4418 4416 2 7 38 O 20
4416 4417 2 5 22 O 30
2406 2407 2 77 0 C 0
2407 2443 2 76 0 C 0
4420 4426 2 14 77 O 20
4426 4425 2 15 83 O 20
4425 5089 2 22 122 O 30
4426 4427 2 31 168 M 20
4427 4428 2 16 85 O 20
4428 4504 2 14 73 O 10
4419 4428 2 14 77 O 20
4425 4429 2 32 173 O 20
4427 4429 2 23 123 M 10
4429 4430 2 15 82 O 20
4387 4581 1 11 0 C 0
4424 4421 2 29 158 O 10
4423 4422 2 28 152 O 30
4453 1061 2 11 58 O 30
1061 1063 2 6 28 O 30
1063 4452 2 4 17 O 10
4454 5648 2 11 59 O 20
5648 1705 2 5 28 O 10
1705 791 2 6 30 M 10
791 5636 2 2 10 O 10
5636 5640 2 3 12 O 10
5640 1058 2 3 12 O 20
1058 1060 2 4 17 O 20
1060 1056 2 7 34 O 10
1056 4453 2 1 3 O 10
4453 5643 2 4 20 O 20
5643 1076 2 4 17 O 10
1076 5647 2 18 98 O 30
5647 2283 2 15 78 O 10
2587 4455 2 27 148 O 30
4456 589 2 6 32 O 30
589 5468 2 8 43 O 30
5468 4458 2 10 53 O 10
4457 789 2 18 99 O 10
789 4458 2 9 50 O 20
4458 3244 2 11 60 O 30
505 4462 1 5 0 C 0
4462 4461 1 13 0 C 0
4461 2668 1 13 0 C 0
2668 2669 1 21 0 C 0
4472 4470 2 3 12 M 20
4473 4472 2 9 49 O 10
4472 4471 2 3 14 M 20
4475 4474 2 19 103 O 30
4889 4476 2 16 85 O 30
4492 4493 2 161 890 M 20
4500 838 1 1 5 O 30
4000 2551 1 33 179 M 20
2209 2211 2 18 99 O 10
4510 4509 1 8 43 O 30
4509 4508 1 8 42 O 30
4592 4511 2 8 42 O 20
4513 4512 2 22 121 O 30
4512 4511 2 22 118 O 30
4514 4512 2 8 42 O 30
4516 4517 2 16 84 O 20
4519 4504 2 1 5 O 10
4504 4505 2 3 12 O 30
5329 1382 1 33 0 C 0
4532 5080 1 45 0 C 0
4547 4951 1 26 0 C 0
4536 4535 1 7 0 C 0
4537 4536 1 4 0 C 0
3247 3564 2 11 57 O 10
3446 4567 2 6 29 O 30
3501 4568 2 13 68 M 10
4706 4703 1 3 0 C 0
2403 4813 2 102 0 C 0
1957 1960 1 3 0 C 0
3927 2512 1 3 0 C 0
484 2633 1 57 0 C 0
4490 4373 1 24 0 C 0
1926 2504 1 5 28 O 30
2504 2960 1 20 110 O 20
1446 1448 2 4 17 M 10
1448 4433 2 10 0 C 0
4433 4318 2 14 0 C 0
4813 2401 1 15 0 C 0
2402 4813 1 15 0 C 0
1882 1880 1 11 0 C 0
3820 2999 2 5 0 C 0
2519 4277 1 2 0 C 0
4277 4278 1 16 0 C 0
4278 4585 1 3 0 C 0
4298 4728 1 2 8 O 10
4297 4298 1 4 18 O 30
4296 4297 1 5 27 O 30
4710 4297 1 2 7 O 10
2031 3011 2 2 6 O 30
4575 4574 1 5 0 C 0
5349 4575 1 49 0 C 0
4580 1999 1 3 0 C 0
1997 4579 1 3 0 C 0
2967 5115 1 33 0 C 0
4811 4719 1 52 0 C 0
2883 2345 1 133 0 C 0
2345 2346 1 2 0 C 0
2346 2350 1 150 0 C 0
2646 2645 1 31 0 C 0
2645 3737 1 54 0 C 0
3737 1227 1 7 0 C 0
1227 1362 1 15 0 C 0
2350 3738 1 37 0 C 0
3738 3722 1 43 0 C 0
3722 1054 1 3 0 C 0
3732 4729 1 71 0 C 0
4729 2463 1 104 0 C 0
2462 4308 1 59 0 C 0
4308 4307 1 67 0 C 0
4307 2565 1 50 0 C 0
3735 2424 1 74 0 C 0
2424 4466 1 6 0 C 0
4466 4467 1 6 0 C 0
4467 2462 1 7 0 C 0
2463 2764 1 17 0 C 0
2521 1025 1 74 0 C 0
2423 1075 1 30 0 C 0
3709 5598 1 132 0 C 0
5281 3663 1 99 0 C 0
2638 2637 1 35 0 C 0
2639 2638 1 3 0 C 0
2166 2165 1 3 0 C 0
1955 2166 1 2 0 C 0
2663 1958 1 5 0 C 0
2664 3551 1 44 0 C 0
4369 2349 1 3 0 C 0
4373 2347 1 43 0 C 0
2347 4369 1 67 0 C 0
2349 4583 1 8 0 C 0
4584 2663 1 7 0 C 0
4700 4701 1 3 0 C 0
2670 3879 1 66 0 C 0
3879 5304 1 31 0 C 0
5293 3878 1 27 0 C 0
3878 160 1 58 0 C 0
160 2671 1 8 0 C 0
1803 2875 1 2 0 C 0
4585 2515 1 5 0 C 0
2515 4586 1 3 0 C 0
2648 2647 1 13 0 C 0
4570 2648 1 2 0 C 0
1053 4570 1 21 0 C 0
2341 4571 1 2 0 C 0
3721 2341 1 15 0 C 0
3739 1372 1 22 0 C 0
1373 4989 1 15 0 C 0
3727 4306 1 9 0 C 0
3635 3636 1 5 0 C 0
1126 3068 2 118 0 C 0
3808 3135 2 2 0 C 0
4811 3938 2 3 0 C 0
4718 3938 1 85 0 C 0
480 2655 1 22 0 C 0
2655 2654 1 5 0 C 0
2653 4589 1 9 0 C 0
4588 2343 1 8 0 C 0
4587 2344 1 13 0 C 0
2343 4587 1 10 0 C 0
1375 3718 1 3 0 C 0
3718 1363 1 5 0 C 0
2654 2653 1 17 0 C 0
1374 2649 1 16 0 C 0
2534 3882 1 7 0 C 0
4619 4990 1 2 0 C 0
4990 2534 1 10 0 C 0
2659 2658 1 13 0 C 0
1369 3772 1 5 0 C 0
3772 2657 1 7 0 C 0
2517 2659 1 5 0 C 0
2657 3773 1 11 0 C 0
3773 4986 1 7 0 C 0
4986 2656 1 5 0 C 0
482 4987 1 24 0 C 0
4987 3723 1 18 0 C 0
3723 4619 1 15 0 C 0
1366 480 1 14 0 C 0
1368 483 1 11 0 C 0
1365 481 1 11 0 C 0
481 479 1 2 0 C 0
479 1367 1 14 0 C 0
1727 3827 2 3 13 M 10
2938 1726 2 17 93 O 30
3827 2938 2 35 193 O 10
2991 2989 2 12 0 C 0
3068 2991 2 109 0 C 0
3683 1700 1 21 0 C 0
1700 3687 1 7 0 C 0
3699 1702 1 17 0 C 0
4704 4705 1 3 0 C 0
1712 1818 1 65 0 C 0
3546 5012 1 24 0 C 0
5011 161 1 6 0 C 0
161 3204 1 12 0 C 0
3691 1917 1 26 0 C 0
1917 1916 1 13 0 C 0
1916 162 1 53 0 C 0
4618 5303 1 105 0 C 0
1873 1906 2 2 0 C 0
1876 5222 1 9 0 C 0
1873 1876 1 3 0 C 0
1872 1906 1 3 0 C 0
3069 1874 2 2 0 C 0
4494 5352 1 2 0 C 0
2916 2915 2 16 84 M 20
1622 4487 2 6 32 O 30
4487 4486 2 3 12 M 30
2221 1977 2 2 11 O 20
2221 1981 1 4 18 O 20
1981 1662 1 4 17 O 30
1973 1977 1 6 29 O 30
2962 679 1 10 52 O 30
679 1660 1 22 118 O 20
1801 3668 1 4 18 M 10
3667 2964 1 3 16 O 10
3201 3667 1 5 26 M 10
3201 1978 1 5 25 M 10
1971 1974 1 3 12 M 10
1223 1661 1 9 48 O 20
1813 1814 1 16 0 C 0
1814 1704 1 12 0 C 0
1704 1703 1 12 0 C 0
1703 3784 1 74 0 C 0
1817 2361 1 13 0 C 0
3782 2360 1 26 0 C 0
2360 1817 1 72 0 C 0
1816 2364 1 29 0 C 0
3793 2460 1 27 0 C 0
1339 1585 1 17 0 C 0
1585 1811 1 7 0 C 0
2373 1816 1 10 0 C 0
1811 2459 1 10 0 C 0
3783 2167 1 8 0 C 0
2461 3781 1 8 0 C 0
1960 6260 1 7 0 C 0
6260 3930 1 1 0 C 0
1707 4876 1 7 0 C 0
4876 4877 1 29 0 C 0
4877 4808 1 51 0 C 0
4385 3662 1 3 0 C 0
2979 4384 1 3 0 C 0
4384 4382 1 21 0 C 0
4382 4381 1 32 0 C 0
4583 5343 1 39 0 C 0
5343 5344 1 8 0 C 0
5344 2348 1 8 0 C 0
1992 2606 2 134 0 C 0
2606 4953 2 3 0 C 0
4953 1996 2 5 0 C 0
1922 3209 1 17 0 C 0
3213 1922 1 17 0 C 0
5442 3213 2 3 0 C 0
4282 4281 1 16 0 C 0
4281 1832 1 19 0 C 0
3631 2435 1 16 0 C 0
2435 5078 1 11 0 C 0
4594 2817 2 162 900 O 20
4596 4595 2 51 281 O 20
2926 3073 1 3 0 C 0
1810 4974 1 58 0 C 0
4974 1813 1 17 0 C 0
3073 5422 1 3 0 C 0
3700 3660 1 182 0 C 0
2908 4978 1 10 0 C 0
2543 3659 1 9 0 C 0
2631 5489 1 65 0 C 0
3658 3657 1 10 0 C 0
3657 2631 1 12 0 C 0
1809 2908 1 64 0 C 0
2909 5396 1 4 0 C 0
5422 2362 1 49 0 C 0
2362 2632 1 49 0 C 0
2630 4597 1 20 0 C 0
3660 2543 1 17 0 C 0
2542 2630 1 2 0 C 0
3659 4598 1 55 0 C 0
4978 4979 1 15 0 C 0
4979 2542 1 46 0 C 0
4598 2909 1 9 0 C 0
4599 5226 1 32 0 C 0
2627 2628 2 3 0 C 0
2627 4778 1 13 0 C 0
1757 2628 1 7 0 C 0
4776 1758 1 5 0 C 0
1725 4777 1 10 0 C 0
1663 1757 1 15 0 C 0
4778 1725 1 8 0 C 0
4777 4599 1 10 0 C 0
4600 4776 1 5 0 C 0
2001 5499 1 74 0 C 0
2010 2441 1 23 0 C 0
2441 4969 1 18 0 C 0
4969 2011 1 8 0 C 0
2011 3110 1 26 0 C 0
506 4601 1 7 0 C 0
3203 505 1 6 0 C 0
4486 1427 1 66 366 O 30
1427 1424 1 3 11 O 20
1424 673 1 11 60 O 10
4482 1659 1 74 408 M 20
2017 3329 2 2 10 O 20
2868 2867 1 13 0 C 0
2867 2866 1 10 0 C 0
3544 2366 1 30 0 C 0
4602 2367 1 16 0 C 0
2370 3544 1 48 0 C 0
2368 2369 1 26 0 C 0
2972 2005 1 55 0 C 0
5502 5504 1 8 0 C 0
5504 2006 1 47 0 C 0
2006 5501 1 25 0 C 0
2005 5451 1 32 0 C 0
5451 4900 1 24 0 C 0
1994 4311 1 50 0 C 0
4311 13 1 6 0 C 0
13 14 1 9 0 C 0
14 5682 1 10 0 C 0
2924 2332 1 24 0 C 0
2332 1993 1 27 0 C 0
4290 4287 1 17 0 C 0
4289 4290 1 2 0 C 0
2438 4288 1 24 0 C 0
2439 2438 1 3 0 C 0
2510 3700 1 25 0 C 0
4220 2598 2 8 44 O 30
1961 4584 1 65 0 C 0
2977 1961 1 22 0 C 0
2348 4372 1 33 0 C 0
3681 3678 1 5 0 C 0
4679 5296 1 35 0 C 0
1953 5338 1 35 0 C 0
4310 4380 1 2 0 C 0
2459 3792 1 16 0 C 0
2007 2373 1 81 0 C 0
3791 2012 1 2 0 C 0
3792 5710 1 7 0 C 0
5710 5709 1 10 0 C 0
5709 3791 1 47 0 C 0
5356 3196 1 3 0 C 0
5354 3728 1 45 0 C 0
2976 5354 1 2 0 C 0
4221 4275 1 6 0 C 0
2975 2882 1 7 0 C 0
4968 4221 1 29 0 C 0
3829 5353 1 22 0 C 0
5357 3539 1 20 0 C 0
4721 1689 1 5 0 C 0
4717 1683 1 4 0 C 0
4722 5331 1 10 0 C 0
4715 4716 1 39 0 C 0
4714 4715 1 23 0 C 0
4723 1121 1 20 0 C 0
1124 3802 1 16 0 C 0
4713 4714 1 8 0 C 0
4011 4713 1 10 0 C 0
4712 1123 1 10 0 C 0
3802 4725 1 9 0 C 0
4725 4678 1 6 0 C 0
1690 4712 1 27 0 C 0
1944 1946 1 10 0 C 0
4726 1944 1 9 0 C 0
1692 6118 1 23 123 M 10
6118 4298 1 6 28 O 20
1946 4727 1 11 0 C 0
1945 4711 1 8 0 C 0
4297 6120 1 4 22 O 10
6120 1945 1 47 260 O 20
1737 1735 1 3 0 C 0
1736 1737 1 4 0 C 0
4000 5742 2 2 9 O 20
5742 2214 2 23 123 O 20
2209 4507 1 5 24 O 10
4507 2211 1 5 27 M 10
2211 2549 1 7 33 O 20
2529 4610 2 14 74 O 30
4525 4952 1 2 0 C 0
4952 4524 1 5 0 C 0
4524 4523 1 55 0 C 0
4346 12 1 15 0 C 0
12 5506 1 27 0 C 0
2771 4615 2 103 570 O 30
4615 4626 2 206 1141 M 30
4615 4616 2 177 979 O 20
3488 3485 2 34 187 O 20
4624 4623 2 49 269 M 20
4616 4627 2 180 1000 O 10
4629 4628 2 259 1436 O 20
4594 4593 2 27 147 O 30
3025 3023 2 137 756 O 20
4631 4630 2 44 244 O 10
2618 2828 2 9 47 O 10
2828 4140 2 3 15 O 20
4140 2619 2 77 425 O 10
2485 4632 2 9 48 M 20
4637 4633 2 5 27 O 30
4636 4634 2 7 36 M 30
4651 4637 2 4 22 O 20
4637 4636 2 5 24 O 30
4636 4635 2 18 95 O 20
4635 2477 2 18 98 O 30
4638 2477 2 14 77 O 30
4644 4639 2 9 48 M 20
4635 2480 2 5 22 O 10
2480 4639 2 6 32 O 10
4639 4647 2 7 38 M 30
4648 4640 2 12 66 O 10
4642 4641 2 12 63 O 30
4649 4643 2 11 60 M 20
4645 4644 2 6 31 O 30
4644 4638 2 4 21 O 30
4638 4646 2 5 23 M 20
4650 4653 2 6 32 O 20
4653 4649 2 14 72 M 20
4649 4641 2 5 24 O 30
4641 4648 2 5 24 O 30
4648 4647 2 5 24 M 10
4647 4646 2 9 48 O 20
4653 4652 2 9 49 M 30
4652 4651 2 9 48 O 30
4655 4657 2 2 7 O 20
4656 4657 2 29 156 O 20
4658 4657 2 8 41 M 30
4660 3220 2 15 80 O 30
3220 3219 2 18 98 O 20
4661 4662 2 4 22 O 10
4661 4440 1 8 40 O 20
4662 4440 2 6 32 M 30
5327 2884 1 17 0 C 0
4685 549 2 118 651 M 20
4691 5687 2 9 48 O 10
5687 5685 2 8 43 O 10
5685 4690 2 45 245 M 20
4693 4692 2 29 158 M 10
2380 3119 2 175 0 C 0
3119 3118 2 127 0 C 0
3118 3117 2 61 0 C 0
4694 2330 2 46 250 O 10
4730 4735 2 2 10 O 20
4735 4731 2 8 43 O 30
4731 4738 2 3 12 O 30
4738 4732 2 3 15 O 30
4731 4736 1 5 24 O 20
4736 3 1 3 13 O 20
0 4737 1 4 18 O 20
4738 4801 2 2 9 O 10
4801 4800 2 7 37 O 10
4753 4760 2 4 20 M 20
4760 4743 2 4 18 O 30
4743 4755 2 4 19 O 30
4755 4742 2 4 18 O 30
4742 3672 2 3 16 O 30
3672 4741 2 3 17 O 10
4741 4744 2 4 18 O 10
4744 4745 2 6 31 O 30
4745 4746 2 18 96 O 30
4746 4741 2 6 31 O 30
4745 6274 2 2 9 M 30
6274 4746 2 2 9 O 30
4746 4747 2 4 17 O 10
4747 4749 2 3 16 O 10
4749 4756 2 4 18 O 10
4756 4758 2 4 19 M 20
4758 4761 2 4 18 O 20
4761 4748 2 4 20 O 20
4742 4749 2 6 31 M 10
4749 4750 2 7 38 O 20
4754 4750 1 3 13 O 20
4755 4756 2 6 31 O 10
4756 4757 2 7 38 O 30
4743 4758 2 6 31 M 20
4758 4759 2 7 38 M 20
4760 4761 2 6 31 M 20
4761 4751 2 7 38 O 30
4337 4339 2 36 197 O 20
4339 4334 2 88 486 O 30
4337 4765 1 5 25 O 20
4765 1937 1 3 12 O 30
4732 4733 1 9 45 O 30
4733 4734 1 2 8 M 30
4734 4732 1 7 35 O 10
4752 4748 2 4 21 O 10
4748 4753 2 6 31 O 30
4750 4757 2 4 18 O 10
4757 4759 2 4 20 O 10
4759 4751 2 4 18 M 10
4751 4752 2 5 26 O 10
4800 4802 2 6 29 M 20
4802 4801 2 6 32 O 20
4739 4740 1 7 38 O 10
4739 4747 2 5 26 O 10
4747 3672 2 6 31 O 30
4804 4805 2 16 88 O 10
4341 4810 1 18 0 C 0
4342 4810 1 4 0 C 0
4810 6216 1 4 0 C 0
4818 4819 2 9 45 O 20
4820 4821 2 9 45 O 10
4821 6139 2 4 17 O 20
6141 4822 1 5 23 O 10
4823 4816 1 4 21 M 20
4816 4824 1 8 39 O 10
4824 4825 1 4 19 O 20
6140 4817 2 4 17 O 30
4817 4820 2 12 62 O 20
4820 4818 2 4 17 O 20
4818 6141 2 1 4 O 10
6141 6138 2 3 13 O 20
4826 4827 2 7 34 O 10
4829 4826 2 3 17 M 30
4828 4827 2 3 13 O 10
4831 4830 2 4 18 O 30
4830 4832 2 6 28 M 10
4833 4834 2 4 17 M 30
4834 4838 2 15 81 O 30
4835 4836 2 4 19 O 10
4836 4837 2 15 82 O 30
2856 4839 2 4 22 M 30
4841 4840 2 3 14 O 30
4839 4840 2 20 107 O 30
4843 4844 2 3 14 M 10
4844 4845 2 5 23 O 10
4846 4847 2 4 19 O 10
4847 4848 2 10 50 M 20
4849 4850 2 2 11 O 10
4850 4851 2 12 61 O 30
4852 4853 2 3 13 O 10
4853 4854 2 12 61 M 30
4855 4856 2 4 18 O 10
4856 4857 2 5 25 O 10
4858 4859 2 4 18 M 20
4859 4860 2 11 56 M 20
4861 4862 2 4 19 O 20
4862 4863 2 11 56 O 10
4865 4864 2 22 118 M 30
4868 4869 2 8 43 O 10
4871 4866 2 19 105 O 10
4866 3822 2 21 114 O 30
4869 4867 2 29 160 O 20
4872 4869 2 27 148 O 20
4873 4870 2 31 169 O 20
4192 4873 2 75 413 O 20
4873 4872 2 33 181 M 30
4872 4871 2 16 88 O 30
4871 5364 2 94 521 O 20
3328 5760 2 16 83 O 30
5760 3332 2 7 34 O 30
3332 5764 2 7 35 O 20
5764 5776 2 4 21 O 10
5776 5766 2 4 18 O 30
5766 5785 2 11 61 O 30
5785 5767 2 5 22 O 20
3871 3774 1 25 135 O 30
4882 830 2 1 3 O 30
830 3971 2 2 8 O 10
3971 4881 2 2 10 O 30
1919 3381 2 15 83 O 30
1699 2954 1 31 0 C 0
4897 4896 2 4 18 O 30
4896 4899 2 4 18 O 30
3868 4897 2 5 23 O 30
4896 4893 2 2 7 O 20
4893 4895 2 11 56 O 10
4899 4898 2 12 63 M 30
2918 4905 1 14 77 O 10
4905 5194 1 2 10 O 30
5194 6059 1 15 80 M 30
6059 5199 1 10 55 O 20
5199 2335 1 3 13 O 20
4906 5409 1 4 21 O 10
5409 4907 1 11 57 O 30
4907 5410 1 1 2 M 20
5410 4908 1 4 21 O 20
4909 3704 1 13 0 C 0
3704 4478 1 3 0 C 0
4478 4477 1 6 0 C 0
4477 458 1 31 0 C 0
458 4884 1 17 0 C 0
4884 4910 1 5 0 C 0
4910 4479 1 11 0 C 0
4479 4911 1 24 0 C 0
4911 3732 1 15 0 C 0
4913 4912 1 15 0 C 0
4912 2870 1 4 0 C 0
2870 3780 1 13 0 C 0
4913 2865 2 7 0 C 0
4915 4914 2 28 155 O 30
4918 4920 1 1 0 C 0
4920 4919 1 3 0 C 0
4919 2396 1 3 0 C 0
2396 4921 1 2 0 C 0
4921 4918 1 2 0 C 0
5299 2139 2 31 0 C 0
2129 2120 2 18 98 O 30
2120 2114 2 30 162 O 30
2114 2113 2 18 95 O 10
2113 6056 2 1 3 M 20
6056 2112 2 16 83 O 30
2112 1245 2 27 150 M 20
1245 2124 2 37 204 O 10
2105 5388 2 3 0 C 0
5388 5383 2 7 36 O 10
5383 5387 2 23 124 O 30
5387 2098 2 5 27 O 20
4927 4944 2 29 160 M 30
4930 4926 1 47 260 M 20
4926 5105 1 13 67 O 10
5105 5680 1 6 33 M 30
5680 5683 1 7 36 O 10
5683 4929 1 7 36 O 30
4931 4943 1 54 299 O 20
4943 4944 1 14 75 O 20
4944 4941 1 19 103 O 10
4924 4933 2 4 18 O 10
4933 4925 2 15 81 M 10
4925 4939 2 47 258 O 30
4939 4937 2 10 52 O 20
4937 4506 2 25 137 M 20
4506 5087 2 27 150 O 10
5087 5088 2 15 83 O 20
5088 1671 2 12 62 O 30
1671 5866 2 12 61 M 20
5866 447 2 22 122 O 10
4935 4925 2 17 93 O 20
4928 4943 2 21 112 O 20
4943 4936 2 3 12 O 20
4942 5684 1 7 37 O 20
5684 5681 1 7 36 O 10
5681 4927 1 3 14 O 20
4927 4928 1 16 85 O 10
4928 4930 1 46 255 O 10
4933 4932 2 24 129 O 30
4932 4934 2 15 79 O 30
4934 4931 2 3 11 M 30
4931 4930 2 16 87 O 30
4940 4936 1 32 175 O 30
4936 4935 1 32 177 O 20
4935 4934 1 23 123 M 30
4937 4938 2 17 93 O 20
5362 4929 2 6 31 O 20
4929 4942 2 4 19 O 30
4942 4941 2 42 232 O 20
4941 4940 2 3 12 O 30
4940 4939 2 16 86 O 20
4957 4956 2 9 48 O 10
4956 4955 2 3 13 M 10
4956 4958 2 11 61 O 20
4955 4958 2 27 147 M 20
4958 4898 2 4 19 O 20
4898 4895 2 4 17 M 20
4895 4894 2 14 73 M 10
4894 4893 2 4 17 O 20
4959 4960 2 7 37 O 10
4965 1701 1 19 0 C 0
1818 4965 1 7 0 C 0
1812 4966 1 8 0 C 0
3688 1812 1 68 0 C 0
4154 4331 1 7 39 M 20
3342 4971 2 13 69 O 30
4972 3342 1 16 86 O 20
4980 5739 2 24 132 M 10
5739 5742 2 11 57 O 20
1819 4670 1 12 0 C 0
2625 3064 1 10 52 O 30
5031 4591 2 2 0 C 0
4591 4606 2 10 0 C 0
4606 1822 2 6 0 C 0
5032 5033 1 13 0 C 0
5033 2428 1 1 0 C 0
2428 5030 1 4 0 C 0
5030 5031 1 10 0 C 0
5031 5034 1 14 0 C 0
5034 5032 1 13 0 C 0
5036 5037 1 5 26 M 10
5037 5035 1 3 11 M 20
5035 5036 1 2 11 O 20
2081 4259 2 8 39 O 10
4259 4254 2 63 345 M 20
4254 5037 2 166 917 O 20
1602 1603 2 20 0 C 0
3180 2022 1 19 102 M 10
2022 1887 1 18 97 M 20
3741 5048 1 16 88 O 20
5051 5050 1 17 89 O 30
5050 5049 1 4 17 O 20
5064 5054 1 6 30 O 20
5057 5056 1 4 22 O 30
5052 5259 2 27 0 C 0
5062 5061 2 4 0 C 0
5061 5261 2 4 0 C 0
5261 5260 2 4 0 C 0
5260 5060 2 1 0 C 0
5052 5053 1 5 0 C 0
5063 5053 1 5 27 O 20
5053 5054 1 4 18 O 20
5054 5055 1 4 18 O 20
5055 1512 1 6 32 O 10
5065 1512 2 1 5 O 20
1512 5057 2 1 2 O 10
1929 5062 1 6 0 C 0
5060 5058 1 6 0 C 0
5066 5065 1 5 22 O 30
5065 5064 1 3 12 O 10
5064 5063 1 4 18 M 10
5067 2429 2 5 0 C 0
2400 5067 2 11 0 C 0
5071 5070 1 19 0 C 0
2231 2018 1 9 46 O 20
5704 5104 2 10 55 O 30
5104 5996 2 16 88 O 10
5996 5995 2 40 222 O 20
5995 1319 2 16 87 O 10
1319 1320 2 14 76 O 30
1320 1321 2 45 247 O 30
5076 5509 2 7 34 O 30
5509 5087 2 17 91 O 20
5077 1669 2 3 12 O 20
1669 5088 2 17 92 O 10
5075 5074 2 28 153 O 10
5086 5074 2 23 126 O 10
5074 4938 2 11 56 O 30
4938 5073 2 38 209 O 10
4535 4534 1 11 0 C 0
4534 5079 1 18 0 C 0
5079 4533 1 18 0 C 0
4533 4532 1 20 0 C 0
5080 5081 1 8 0 C 0
4559 4531 1 10 0 C 0
4530 4556 1 10 0 C 0
4556 5083 1 9 0 C 0
5082 5084 1 36 0 C 0
5083 5082 1 5 0 C 0
5084 4529 1 5 0 C 0
4529 4553 1 15 0 C 0
4527 4552 1 6 0 C 0
5085 4526 1 92 0 C 0
4451 2161 2 25 136 M 30
2161 2157 2 113 623 O 20
5095 5093 1 3 14 O 10
5093 5094 1 4 22 O 10
5094 5092 1 3 14 M 30
5092 5091 1 2 8 O 30
5091 5090 1 3 17 O 10
5090 5095 1 2 7 O 30
5095 5096 1 5 23 O 10
5096 5093 1 5 23 M 20
5097 5092 1 5 22 O 30
5094 5097 1 4 21 M 10
5098 5090 1 5 28 O 20
5091 5098 1 6 29 O 30
5103 5101 1 10 0 C 0
5101 5102 1 11 0 C 0
5102 5393 2 5 0 C 0
5393 5381 2 16 0 C 0
5381 5382 2 3 0 C 0
5382 5110 2 7 0 C 0
3144 5306 2 3 0 C 0
5306 5305 2 4 0 C 0
5305 5103 2 2 0 C 0
5105 5362 2 40 218 O 30
4423 4424 2 8 39 O 30
4424 4425 2 9 49 M 30
5096 4451 2 37 204 O 30
5505 2168 2 82 0 C 0
5104 6000 2 21 112 O 10
6000 6053 2 43 235 M 10
5117 4355 2 10 54 O 30
5119 5120 2 7 38 O 10
5121 4793 2 10 51 O 20
2575 2054 1 8 44 O 20
3090 5122 2 29 158 O 20
2769 5123 2 4 18 O 30
2080 4624 2 278 1541 O 10
4624 2078 2 142 788 O 20
2078 1311 2 253 1400 M 20
1311 2769 2 13 71 O 20
5124 2196 2 50 274 M 20
5127 5126 2 4 20 O 20
5126 5125 2 31 168 O 10
5128 3174 2 71 391 O 30
5129 2317 2 5 23 M 10
1478 1476 1 3 16 M 20
1477 1478 1 6 33 M 30
5421 4809 2 13 0 C 0
4340 3695 1 4 0 C 0
1858 4310 1 3 0 C 0
1857 1858 1 2 0 C 0
4380 1953 1 6 0 C 0
1934 2494 2 6 31 O 30
1647 1934 2 26 142 O 10
3762 3202 1 4 0 C 0
2566 3763 1 4 0 C 0
3186 3187 1 3 0 C 0
5294 1808 1 28 0 C 0
2671 1037 1 129 0 C 0
1037 3747 1 18 0 C 0
3540 1099 1 25 0 C 0
3768 1278 1 2 0 C 0
1739 450 1 94 0 C 0
5595 2948 1 4 0 C 0
2948 1827 1 1 0 C 0
2962 4791 1 4 17 O 10
4485 2962 1 2 7 O 30
1980 10 1 4 22 O 30
10 4482 1 1 2 O 10
4791 1980 1 3 15 O 30
3185 3186 1 4 0 C 0
2021 3185 1 1 0 C 0
4814 3188 1 1 0 C 0
4688 4702 1 10 0 C 0
3692 4700 1 16 0 C 0
2983 1379 1 16 0 C 0
1805 1801 1 9 47 O 30
2605 2964 1 10 52 O 10
4327 1975 1 7 36 O 30
3181 1886 2 33 179 O 30
115 2022 2 6 31 O 20
2022 3743 2 9 48 O 30
4546 1383 1 9 0 C 0
5166 4161 2 124 687 O 30
4161 2469 2 25 137 O 20
2469 5679 2 57 315 O 30
5165 5166 2 8 43 O 10
3916 1955 1 12 0 C 0
3918 1377 1 24 0 C 0
3005 5548 2 15 0 C 0
5548 3004 2 13 0 C 0
5348 3005 2 24 0 C 0
4528 4527 1 4 0 C 0
2987 5169 2 75 0 C 0
5169 2986 2 170 0 C 0
2982 1380 1 17 0 C 0
3736 2883 1 14 0 C 0
2165 3736 1 37 0 C 0
2418 4273 1 2 0 C 0
1885 116 2 9 47 O 10
3175 2174 2 32 0 C 0
2174 2176 2 22 0 C 0
2176 2180 2 48 264 M 10
2180 2181 2 2 7 O 10
2181 3171 2 48 262 O 10
4696 5597 2 84 0 C 0
5597 3002 2 36 0 C 0
2989 2990 2 127 0 C 0
5170 5171 2 5 26 M 10
5177 5192 2 3 11 O 10
5192 5187 2 4 18 O 10
5179 5180 1 8 39 M 20
5181 5182 1 9 45 O 10
5183 5184 1 10 52 M 10
5185 5186 1 11 58 M 30
5188 5189 1 37 205 O 20
5190 5188 1 3 14 O 20
5189 5191 1 3 12 O 30
5187 5180 2 4 21 O 20
5180 5181 2 4 18 O 20
5181 5183 2 4 18 O 20
5183 5186 2 4 18 O 10
5186 5178 2 3 14 M 30
5187 1567 1 7 36 O 30
5177 5193 1 11 59 O 20
5193 1567 1 7 35 M 10
1567 5179 1 4 22 O 20
5179 5182 1 4 19 O 30
5182 5184 1 4 20 O 30
5184 5185 1 4 19 O 10
5185 1572 1 4 20 O 30
5192 5193 1 6 33 O 20
5195 5194 1 4 22 O 20
5196 5197 1 17 91 M 10
5197 5200 1 18 96 O 20
5200 5198 1 13 67 O 30
5198 5195 1 13 68 O 10
5195 5196 1 2 6 O 30
5197 5198 2 4 17 M 20
5199 5200 1 4 21 M 10
5206 5207 2 4 22 O 20
5208 1491 2 5 27 O 30
4800 5209 2 4 21 O 10
5201 5203 2 6 30 O 30
5203 5202 2 4 20 O 30
5203 5204 2 9 45 O 10
5204 3336 2 12 66 O 10
5205 5204 2 4 20 O 30
5711 5215 2 5 23 O 20
5215 5213 2 4 18 O 20
5213 5210 2 4 21 O 10
5211 5210 2 4 20 O 10
5210 5212 2 4 17 O 20
5213 5214 2 8 42 O 20
5215 5216 2 9 46 M 30
5214 5216 2 3 16 O 10
5216 2813 2 4 21 O 20
5217 5218 2 6 30 M 20
5715 5713 2 34 189 O 10
4560 2981 1 11 0 C 0
2013 1173 1 52 0 C 0
1173 2510 1 10 0 C 0
3686 552 1 15 0 C 0
552 551 1 4 0 C 0
1099 1716 1 4 0 C 0
4669 3540 1 10 0 C 0
3136 1998 1 41 0 C 0
2367 2368 1 3 0 C 0
3888 3694 1 6 0 C 0
3643 6170 1 18 0 C 0
6170 6171 1 5 0 C 0
6171 2967 1 18 0 C 0
5227 4265 1 78 0 C 0
4265 3653 1 184 0 C 0
3653 457 1 31 0 C 0
1640 1748 1 81 0 C 0
3157 3153 2 34 186 O 20
4276 2516 1 8 0 C 0
3689 4706 1 22 0 C 0
5012 4618 1 12 0 C 0
1108 1778 1 46 0 C 0
1778 5439 1 18 0 C 0
5439 4264 1 323 0 C 0
5370 5229 1 18 0 C 0
1714 3927 1 11 0 C 0
4372 3928 1 28 0 C 0
5236 5240 1 3 14 O 20
5240 5237 1 9 49 M 20
5237 5241 1 3 13 O 20
5241 5243 1 1 4 O 20
5243 5238 1 15 81 O 10
5238 5239 1 3 16 O 30
5240 5242 1 1 5 O 20
5242 5241 1 7 37 O 10
5237 5242 1 9 46 O 30
5242 5238 1 1 5 M 10
5243 6275 1 4 20 O 20
6275 5238 1 4 20 O 10
5244 5245 1 10 55 O 10
5245 5246 1 17 89 O 30
5245 5247 2 6 28 M 10
2449 5248 2 19 100 O 30
6164 5250 2 8 40 O 30
5252 5253 2 17 90 O 10
5256 2450 1 14 73 O 10
2494 5258 1 5 23 O 30
5259 5262 2 7 0 C 0
5262 6018 2 2 0 C 0
6018 6022 2 2 0 C 0
6022 5260 2 14 0 C 0
5055 5057 1 10 53 O 20
5267 5265 2 9 0 C 0
5268 5269 2 7 38 O 30
5270 5748 2 12 66 O 10
5748 5271 2 14 72 O 30
5326 3709 1 15 0 C 0
2443 765 2 37 0 C 0
765 4919 2 38 0 C 0
2420 2419 1 1 0 C 0
1572 2040 1 13 69 O 30
5282 464 2 9 46 O 20
5026 5285 2 6 30 O 20
5285 5283 2 1 3 O 10
5283 5284 2 5 27 O 20
5285 5286 2 5 26 O 30
5288 5289 1 7 33 O 10
5289 5290 1 8 44 O 10
1761 1666 1 17 0 C 0
4701 5293 2 31 0 C 0
3920 4450 1 23 0 C 0
4450 4459 1 10 0 C 0
4459 506 1 27 0 C 0
2669 5294 1 9 0 C 0
5291 2521 1 31 0 C 0
5292 2423 1 31 0 C 0
1206 1210 1 4 0 C 0
1210 3922 1 50 0 C 0
4775 1756 1 22 0 C 0
2956 2953 1 22 0 C 0
3687 3682 1 18 0 C 0
551 787 1 13 0 C 0
787 1819 1 4 0 C 0
3926 1957 1 9 0 C 0
1387 3926 1 12 0 C 0
5296 1232 1 4 0 C 0
1949 1950 1 1 0 C 0
1948 3109 1 1 0 C 0
1952 6215 1 10 0 C 0
5280 1230 1 15 0 C 0
1858 1952 1 6 0 C 0
1951 4310 1 5 0 C 0
4678 1691 1 18 0 C 0
5072 4718 1 14 0 C 0
3135 5072 1 6 0 C 0
5070 1684 2 5 0 C 0
3135 1686 2 9 0 C 0
5071 3135 1 10 0 C 0
1733 1729 1 7 0 C 0
2134 5298 2 37 0 C 0
269 268 2 10 0 C 0
2157 5874 2 28 151 O 10
5874 5299 2 20 0 C 0
2134 2164 2 6 0 C 0
2164 5300 2 7 0 C 0
2170 5302 2 16 0 C 0
5302 2026 2 3 0 C 0
2026 3006 2 30 0 C 0
2019 2030 2 13 0 C 0
3009 4521 2 11 0 C 0
4521 5301 2 8 0 C 0
3147 3062 2 7 35 M 20
5303 3692 1 14 0 C 0
3634 3691 1 13 0 C 0
1098 3634 1 11 0 C 0
5304 4688 1 16 0 C 0
3883 1722 2 10 0 C 0
2661 3881 1 5 0 C 0
3881 3115 1 15 0 C 0
3764 1042 1 43 0 C 0
1731 3762 1 9 0 C 0
3202 3766 1 5 0 C 0
3765 2566 1 11 0 C 0
5308 3079 2 48 263 M 10
3079 5310 2 8 40 O 10
5312 5315 2 4 22 O 30
5315 5313 2 7 34 M 10
5313 5314 2 4 21 O 30
5314 5315 2 4 21 O 10
5313 5316 2 14 76 O 10
5316 5317 2 12 66 O 30
5316 5318 2 15 83 O 10
5319 5320 2 18 99 M 10
5321 5324 2 3 15 O 20
5324 5322 2 3 15 O 30
5323 5324 2 5 28 O 10
5324 5325 2 5 27 O 20
4328 1987 1 9 47 O 20
1865 1864 1 14 74 O 30
5328 2673 1 25 0 C 0
2672 3693 1 10 0 C 0
3111 5224 1 7 0 C 0
5224 5223 1 5 0 C 0
5223 5326 1 38 0 C 0
4988 3538 1 13 0 C 0
3538 4494 1 22 0 C 0
4488 2651 1 13 0 C 0
2651 1364 1 3 0 C 0
4571 5327 1 11 0 C 0
5115 1241 1 15 0 C 0
1241 1242 1 6 0 C 0
1242 4654 1 12 0 C 0
4654 2968 1 7 0 C 0
2971 3136 1 28 0 C 0
4579 3643 1 21 0 C 0
5351 5328 1 19 0 C 0
5353 4968 1 17 0 C 0
2014 3686 1 93 0 C 0
1716 3685 1 10 0 C 0
4597 1011 1 109 0 C 0
1011 3645 1 71 0 C 0
2981 4520 1 4 0 C 0
2980 2983 1 27 0 C 0
1711 4564 1 16 0 C 0
4520 4561 1 7 0 C 0
4562 4537 1 10 0 C 0
4381 4563 1 56 0 C 0
5506 4546 1 68 0 C 0
1385 4557 1 10 0 C 0
4557 4542 1 12 0 C 0
4544 4555 1 8 0 C 0
4552 5085 1 14 0 C 0
4553 4528 1 13 0 C 0
4545 4544 1 4 0 C 0
4554 4545 1 12 0 C 0
5330 4716 1 8 0 C 0
4716 5332 1 3 0 C 0
5332 5330 1 5 0 C 0
4716 5331 1 7 0 C 0
5333 5334 2 4 22 O 20
1901 2688 2 38 0 C 0
2688 2689 2 13 0 C 0
2689 2690 2 20 0 C 0
2690 1888 2 49 269 O 20
1888 2691 2 8 43 M 20
2691 2693 2 16 84 O 20
2693 2694 2 40 0 C 0
2694 1901 2 18 0 C 0
5335 2687 2 5 0 C 0
3668 2508 1 9 48 O 10
2875 1804 1 67 0 C 0
3830 5336 1 6 32 O 20
2964 3830 1 5 25 O 10
2541 3669 1 12 62 O 30
2871 2538 1 14 74 O 30
1867 1423 1 7 37 O 10
1966 4147 1 14 77 O 30
1978 4146 1 16 86 M 20
6255 5744 2 5 25 M 20
5744 5746 2 9 45 O 10
5746 1536 2 9 46 O 20
1967 1974 1 20 108 M 30
1976 1970 1 8 44 O 30
4822 4823 2 4 18 O 20
4823 4730 2 1 5 M 10
4730 4825 2 7 35 O 30
4825 4861 2 3 14 M 30
4861 2857 2 3 13 M 20
2857 4858 2 6 30 O 30
4858 4829 2 2 7 O 10
4829 4831 2 3 13 O 20
4831 4855 2 1 3 O 20
4855 4833 2 6 28 O 10
4833 4852 2 6 28 O 10
4852 4835 2 2 7 O 10
4835 4849 2 5 27 O 10
4849 2856 2 1 4 O 10
2856 2858 2 7 35 O 10
2858 4841 2 20 107 M 30
4841 4846 2 4 19 O 10
4846 720 2 45 246 O 10
720 718 2 3 12 O 30
718 722 2 3 11 O 30
722 716 2 1 3 M 20
716 2222 2 5 26 O 30
2222 714 2 7 35 O 30
714 711 2 3 15 O 30
711 5570 2 4 22 O 30
5570 5568 2 1 5 M 20
5568 709 2 4 20 O 30
709 4842 2 5 25 M 10
4842 703 2 8 41 O 30
703 5209 2 6 32 O 30
5209 4843 2 2 6 O 20
4843 4828 2 6 29 O 30
4828 2857 2 8 40 O 20
2369 1361 1 42 0 C 0
1361 2002 1 58 0 C 0
2003 2370 1 77 0 C 0
4900 4602 1 32 0 C 0
1984 4341 1 10 0 C 0
5337 5398 1 51 0 C 0
5398 5399 1 11 0 C 0
5399 2013 1 22 0 C 0
3685 5337 1 17 0 C 0
5339 5048 2 14 75 M 10
5048 3181 2 12 62 O 10
3021 3020 2 7 35 O 10
3396 2239 2 24 130 M 10
2239 304 2 16 85 O 10
304 5925 2 9 46 O 10
5925 5927 2 5 28 O 10
5927 5931 2 24 129 O 20
5931 1918 2 26 141 O 10
1918 5935 2 16 88 M 20
5935 3021 2 52 289 O 10
3181 3741 2 9 48 O 10
3019 3020 2 12 61 O 20
3020 115 2 5 25 O 10
1887 3743 2 14 75 O 10
3180 3743 2 14 75 O 30
3179 3180 2 20 109 M 10
3171 2029 2 16 83 O 10
5338 1681 1 20 0 C 0
1995 4378 1 27 0 C 0
2637 4368 1 29 0 C 0
3917 2639 1 14 0 C 0
2640 5340 1 17 0 C 0
1958 2664 1 65 0 C 0
2634 4490 1 37 0 C 0
4966 2675 1 64 0 C 0
3690 3114 1 27 0 C 0
3114 4704 1 18 0 C 0
4705 5345 2 7 0 C 0
5345 5346 2 9 0 C 0
5346 5347 2 9 0 C 0
5347 5492 2 51 0 C 0
4703 5341 1 37 0 C 0
5703 2467 1 4 0 C 0
2229 2227 1 28 0 C 0
2230 2229 2 2 0 C 0
2429 2430 2 50 0 C 0
5342 34 2 28 154 M 20
34 3427 2 54 300 O 30
2575 4793 2 54 295 O 30
4790 1885 1 72 399 O 20
4582 2448 1 29 0 C 0
1999 4582 1 5 0 C 0
2447 1997 1 34 0 C 0
6082 4447 1 13 0 C 0
4027 4028 2 4 18 O 30
4028 4031 2 14 75 O 10
4031 4033 2 24 129 O 10
4033 5039 2 10 53 O 10
1931 6030 1 18 100 O 20
2764 3734 1 74 0 C 0
3007 5348 2 26 0 C 0
4206 3007 2 32 0 C 0
5258 1924 1 4 19 O 30
2494 1936 2 3 12 O 20
3925 1962 1 5 0 C 0
2512 3925 1 23 0 C 0
4885 3198 1 34 0 C 0
3649 5908 1 4 0 C 0
1743 2162 1 73 0 C 0
3798 4367 1 34 0 C 0
1962 5349 1 7 0 C 0
1376 3721 1 20 0 C 0
2644 5350 1 11 0 C 0
3812 5699 2 4 0 C 0
5699 2045 2 3 0 C 0
3633 2337 2 5 0 C 0
2337 4812 2 22 0 C 0
2509 2359 1 26 0 C 0
2511 5498 1 1 0 C 0
3645 3700 2 4 0 C 0
3645 2511 1 21 0 C 0
5108 5312 2 7 37 M 30
5312 5321 1 6 33 O 10
5322 5108 1 10 53 O 20
5321 5319 1 7 38 O 20
5319 5311 1 2 7 M 30
5311 5320 1 2 9 O 10
5320 5322 1 9 46 O 10
5362 5363 2 22 118 O 30
4932 5365 2 8 44 M 10
5371 5372 2 11 59 O 10
5372 5377 2 8 43 O 30
5377 5373 2 9 45 O 20
5373 5372 2 30 161 M 30
5374 5376 2 12 64 O 10
5376 5375 2 19 104 O 20
5376 5377 2 4 22 M 30
5378 5379 2 145 803 O 10
1924 1936 2 2 9 O 30
5331 17 1 22 0 C 0
4716 1688 1 5 0 C 0
5383 5385 2 6 31 O 30
5384 5385 2 5 23 O 10
5384 5386 2 2 11 M 10
5387 1500 2 24 132 O 20
2855 5403 2 8 42 O 10
5403 5402 2 2 6 M 20
5404 5406 2 3 16 O 10
5406 5405 2 12 61 O 20
5406 5407 1 14 77 O 10
5407 5408 1 3 15 O 10
5409 5410 2 10 51 O 20
4907 5411 2 11 56 M 20
5407 5409 2 13 68 O 20
5412 2624 2 1 0 C 0
2763 4323 2 26 0 C 0
4323 2622 2 32 173 O 20
2624 2623 2 1 0 C 0
5273 5631 2 2 0 C 0
5631 5412 2 4 0 C 0
1478 5413 2 34 188 O 20
1868 5414 2 4 20 O 20
1990 5414 1 6 33 O 20
5417 5418 2 9 47 O 30
5416 5419 1 2 8 M 20
5425 5424 1 21 0 C 0
5430 5427 1 17 0 C 0
5427 5428 1 15 0 C 0
1878 5428 2 23 0 C 0
5436 5434 2 16 0 C 0
5434 2426 2 6 0 C 0
2953 5438 1 17 0 C 0
5438 5437 1 7 0 C 0
4995 5596 1 8 0 C 0
5440 5441 2 14 73 O 20
5443 5444 2 5 23 O 20
5447 6036 2 6 30 M 10
6036 5450 2 3 15 O 30
5449 5450 2 2 9 O 20
5450 5448 2 8 43 O 20
5448 5449 2 3 13 O 10
4214 4888 2 28 155 O 20
5456 5458 2 5 27 O 20
5458 5457 2 14 73 O 20
5458 5459 2 6 32 O 30
5460 5461 2 5 24 O 30
2284 1175 1 14 76 O 20
1175 3125 1 5 24 O 30
1174 2284 1 14 77 O 30
2282 5464 1 7 36 O 10
3578 4393 1 6 32 O 10
4393 2589 1 7 36 O 20
4392 5465 1 5 27 M 20
3574 4392 1 6 31 O 30
3579 2282 1 8 43 O 10
3244 662 2 15 82 O 20
662 660 2 5 27 O 30
660 653 2 6 33 M 10
653 2031 2 5 26 O 20
5470 5471 2 11 58 O 30
5471 5472 2 6 29 O 30
5473 5476 2 4 18 O 30
5476 5474 2 2 8 O 20
5475 5476 2 4 20 O 20
5477 5478 2 5 26 O 10
5478 5479 2 8 43 M 20
5478 5480 2 3 12 O 30
5482 5483 2 1 2 O 10
5483 5481 2 5 27 O 30
5481 5482 2 1 2 M 20
5484 5483 2 6 30 O 10
5481 5485 2 7 37 O 20
5485 5486 2 3 12 O 20
5485 5487 2 3 16 O 10
2632 2363 1 14 0 C 0
2363 1809 1 53 0 C 0
5489 5488 1 2 0 C 0
5488 2567 1 23 0 C 0
5492 1712 1 2 0 C 0
5491 3689 1 47 0 C 0
5496 2457 1 7 0 C 0
5494 5496 1 7 0 C 0
5495 3787 1 12 0 C 0
2355 2503 1 3 0 C 0
2357 5490 1 4 0 C 0
5490 2356 1 4 0 C 0
2502 2355 1 4 0 C 0
5509 5508 2 40 221 M 20
5510 6151 2 14 74 O 30
6151 6153 2 4 18 M 30
6153 5511 2 8 42 O 20
5511 1534 1 4 18 O 30
1534 582 1 4 17 M 10
582 580 1 13 69 O 10
580 578 1 7 33 O 20
578 579 1 9 45 M 10
579 581 1 13 70 O 30
581 1535 1 4 17 O 10
1535 5511 1 9 46 M 10
4019 5512 2 24 132 O 30
5512 5513 1 8 43 O 30
5513 5514 1 6 29 O 30
5514 5512 1 1 5 M 30
5516 362 2 33 179 M 30
362 5824 2 59 327 M 10
5662 5518 2 14 73 O 30
5519 5520 2 20 108 O 10
5524 5525 2 8 44 O 30
5526 5527 2 6 31 O 10
5523 5528 2 5 22 O 10
5532 5531 2 3 14 O 30
5531 5537 2 2 11 O 10
5537 5538 2 1 2 O 10
5538 5542 2 1 5 O 10
5542 5543 2 1 2 O 10
5543 5536 2 5 25 O 30
5536 5539 2 1 4 O 30
5539 5535 2 7 38 O 30
5535 5529 2 4 18 O 10
5529 5534 2 9 45 O 20
5534 5533 2 3 15 O 30
5533 5530 2 5 23 O 30
5531 5533 2 10 50 O 10
5534 5535 1 12 64 O 20
5536 5537 1 15 79 O 30
5538 5539 1 15 80 O 10
5529 5540 2 5 25 O 20
5541 5542 2 4 19 O 20
5543 5544 2 4 18 O 10
5553 5554 1 7 39 O 20
2872 5550 1 10 51 O 10
5557 5559 2 5 24 M 30
5559 5558 2 1 5 O 30
5559 5563 2 4 20 O 30
5563 5560 2 4 20 O 20
5561 5563 2 4 18 O 10
5563 5562 2 5 24 O 10
5564 5560 2 4 21 O 10
5560 5565 2 8 43 O 10
5567 5565 2 4 19 O 30
5565 5566 2 6 33 O 20
5568 5569 1 5 27 O 20
5569 5571 1 18 97 O 10
5571 5570 1 5 28 O 30
5569 6276 2 1 2 M 20
6276 5571 2 1 2 M 30
5572 5573 2 11 58 O 10
5574 5575 2 9 45 O 10
5576 5577 2 9 50 O 10
5578 5579 2 8 44 O 20
5580 3563 2 7 35 O 30
5581 5582 2 7 35 O 30
5583 5586 1 4 18 O 10
5586 5584 1 13 69 M 30
5584 5585 1 10 53 O 30
5584 6277 2 1 5 O 20
6277 5586 2 1 5 O 30
4073 1464 1 1 2 M 30
1464 1467 1 4 18 O 10
1467 1470 1 4 18 O 20
1470 1459 1 4 19 O 20
1459 1461 1 4 19 O 10
256 1088 1 1 0 C 0
1088 5588 1 1 0 C 0
5589 1335 1 1 0 C 0
1335 5590 1 2 0 C 0
5590 1336 1 1 0 C 0
1337 5587 1 1 0 C 0
5587 256 1 2 0 C 0
5591 5592 2 12 62 O 20
5592 5593 2 3 16 O 20
3059 3060 2 10 0 C 0
5297 4696 2 35 0 C 0
5004 5145 1 10 0 C 0
5010 5004 1 10 0 C 0
5005 5009 1 4 0 C 0
5146 4883 1 8 0 C 0
5606 5607 2 14 76 M 20
5608 5609 2 15 80 O 10
5609 5612 2 24 131 M 10
5612 5610 2 3 15 O 30
5611 5612 2 4 20 M 10
5609 5613 2 8 41 O 30
5614 5615 2 23 127 O 10
2852 5616 2 12 63 M 10
5620 5621 2 17 93 M 30
5622 5623 2 18 100 O 10
5624 5625 2 19 105 O 10
5626 5627 2 16 84 M 20
5628 5629 2 9 48 O 10
5637 5638 1 4 17 O 20
5638 5639 1 4 21 O 30
5638 5641 2 3 12 O 10
5639 5642 2 4 22 O 20
5644 5645 2 8 41 O 20
5646 5647 2 10 51 O 30
5648 5650 2 5 25 M 30
5650 5651 2 10 51 M 10
5651 5649 2 1 5 O 20
5649 5652 1 6 31 O 30
5652 5650 1 13 68 O 30
5651 5652 1 5 26 O 10
5653 5658 2 3 15 O 20
5658 5654 2 4 21 O 20
5654 5659 2 1 2 M 10
5659 5656 2 2 6 O 30
5656 5655 2 14 74 O 10
5656 5657 2 6 29 O 20
5660 5659 2 16 84 O 20
5660 5654 2 9 48 O 20
5658 5660 2 11 58 O 30
5663 5519 2 17 89 O 30
5519 5664 2 7 39 M 10
3896 5665 2 34 186 O 20
5667 5668 1 12 61 O 10
5669 5671 2 9 47 O 30
5671 5673 2 4 22 O 30
5673 5670 2 17 91 O 10
5670 5671 2 5 26 O 10
5670 5672 2 3 13 M 10
5672 5673 2 1 5 O 30
5674 5675 1 11 57 O 30
5643 5645 2 4 17 O 20
5645 6278 2 2 10 O 10
6278 5644 2 2 10 O 20
3167 1770 2 159 879 O 20
1770 1767 2 13 72 O 30
1767 2300 2 147 812 O 30
2300 1217 2 164 907 O 30
1217 1222 2 21 112 O 30
1222 1221 2 21 116 M 10
1221 2292 2 7 33 O 30
2292 5991 2 69 380 O 30
5679 3167 2 9 46 O 10
4926 4928 2 4 19 O 30
5680 5681 2 4 19 O 10
5683 5684 2 4 19 O 20
5685 5686 2 16 86 O 10
5687 5688 2 22 120 O 10
5689 4690 2 79 434 O 10
4179 5690 2 26 142 O 20
5690 5691 2 12 67 O 20
5692 5690 2 8 41 O 30
5690 5693 2 12 66 O 20
5694 5695 2 20 108 M 30
5380 3144 2 11 0 C 0
5702 5701 1 24 0 C 0
5701 5700 1 12 0 C 0
5380 5702 1 18 0 C 0
5700 4209 1 16 0 C 0
5702 2121 2 2 0 C 0
5682 16 1 6 0 C 0
16 3530 1 11 0 C 0
3530 15 1 3 0 C 0
15 5703 1 1 0 C 0
3074 1810 1 3 0 C 0
5501 2010 1 3 0 C 0
5500 5295 1 13 0 C 0
5295 2972 1 12 0 C 0
5499 5500 1 3 0 C 0
2004 5502 1 2 0 C 0
2097 5707 2 17 92 O 30
5708 3531 1 23 0 C 0
2467 2468 1 34 0 C 0
5718 4128 2 10 52 O 30
5445 5719 2 4 18 O 20
4084 5720 2 10 55 O 20
5721 5722 2 7 36 O 30
5723 5724 2 7 36 O 30
1889 5725 2 28 153 O 20
5725 5726 2 2 7 O 30
5493 5491 1 6 0 C 0
5727 5728 2 90 499 M 30
5727 5729 1 8 39 M 10
5730 5727 1 6 30 M 10
3856 5747 2 3 11 O 10
5732 5733 2 36 198 O 10
5734 5735 2 3 17 O 20
5735 2797 2 4 22 O 30
5736 5738 2 3 13 M 30
5738 5741 2 3 13 M 10
5741 5737 2 4 19 O 20
5738 5739 2 6 30 O 30
5740 5741 2 3 11 O 10
5743 5744 2 15 83 M 20
5745 5746 2 13 69 O 30
5749 5750 2 7 36 O 20
5750 5751 2 7 36 O 10
5730 5729 2 6 32 M 10
5729 4454 2 35 192 O 20
4454 5752 2 31 170 O 10
5752 5753 2 3 12 M 20
5753 5754 2 10 51 O 20
5516 5824 2 14 73 M 10
5824 597 2 4 22 O 20
597 595 2 11 58 O 30
595 593 2 3 14 O 20
593 591 2 7 37 M 30
591 3244 2 8 41 O 20
5754 5516 2 3 12 M 30
5759 5758 2 13 68 M 30
5765 5757 2 8 39 O 10
5757 5756 2 3 15 O 30
5756 5761 2 3 13 M 30
5761 5759 2 4 17 M 10
5759 5760 2 5 26 M 30
5763 5762 2 8 40 O 30
5766 5762 2 4 21 O 30
5762 5765 2 12 61 O 20
5765 5758 2 3 16 O 30
5758 5763 2 1 5 O 30
5763 5764 2 4 21 M 10
2946 5768 2 8 40 M 20
5768 5769 2 5 23 O 10
5770 2498 2 8 41 O 30
4231 504 2 59 327 O 20
5772 5771 2 2 9 O 10
5774 4667 2 12 0 C 0
4667 1488 2 18 0 C 0
5776 5790 2 5 23 M 10
5790 5778 2 2 8 O 20
5778 5787 2 4 21 O 10
5787 5789 2 4 18 O 20
5789 5777 2 9 49 O 10
5778 5784 2 15 79 O 20
5784 5783 2 21 116 O 30
5783 5781 2 4 17 O 10
5781 5779 2 1 4 O 20
5780 5781 2 4 17 O 20
5782 5783 2 3 16 M 10
5784 5785 2 6 30 O 30
5786 5787 2 6 30 O 30
5788 5789 2 6 30 O 30
5790 5793 2 4 19 O 10
5793 5791 2 13 71 O 30
5791 5792 2 3 13 O 20
5792 5793 2 11 60 O 30
5796 5798 2 9 47 O 10
5798 5800 2 11 56 M 30
5800 5802 2 10 55 O 10
5802 5804 2 10 53 O 30
5804 5805 2 44 239 M 20
5805 5803 2 10 54 O 20
5803 5801 2 10 54 O 20
5801 5799 2 10 55 O 30
5799 5797 2 9 46 O 10
5797 5795 2 13 69 O 30
5796 5797 2 20 107 O 20
5798 5799 2 21 112 M 20
5800 5801 2 22 118 O 30
5802 5803 2 23 123 O 10
5804 5807 2 5 23 O 20
5807 5805 2 19 105 O 20
5806 5807 2 8 42 O 30
5808 5810 2 5 27 O 10
5810 5811 2 11 60 O 10
5811 5809 2 5 27 O 30
5810 6261 2 4 20 M 10
6261 5811 2 4 20 M 30
5812 5813 2 9 46 O 20
5796 5794 1 10 52 M 30
5814 5815 2 10 54 M 30
5816 5817 2 7 34 O 10
5817 5818 2 5 22 O 30
5819 5822 2 5 26 O 10
5822 5820 2 9 46 O 20
5821 5822 2 4 21 O 30
5823 5822 2 7 37 O 10
5825 5826 2 28 155 O 30
5827 5826 2 5 26 O 20
5826 5828 2 5 26 O 10
5826 5829 2 6 28 O 10
5830 5831 2 15 82 O 10
5832 191 2 2 9 O 30
191 274 2 12 62 M 10
274 5833 2 26 142 O 30
5834 175 2 2 8 O 10
175 278 2 19 101 M 10
278 5835 2 22 119 O 20
5836 194 2 21 113 O 20
194 5837 2 4 17 O 30
5840 2411 1 142 0 C 0
5841 448 1 275 0 C 0
5842 3794 1 317 0 C 0
5843 1243 1 188 0 C 0
2088 5852 2 39 216 O 30
5853 5856 1 6 28 M 20
5856 5855 1 11 59 O 20
5855 5854 1 4 17 O 10
5855 6262 1 2 9 O 30
6262 5856 1 2 9 O 20
1450 5857 1 3 16 M 30
5857 1453 1 2 11 O 30
1453 1261 2 2 10 O 20
1261 1262 2 2 7 M 20
1262 1449 2 12 66 O 20
1453 1450 1 4 21 M 10
6051 5866 2 24 132 O 10
3161 3162 2 24 128 O 20
3052 5113 2 21 0 C 0
5113 3555 2 66 0 C 0
3555 5159 2 71 0 C 0
5159 5160 2 6 0 C 0
5867 5150 1 8 0 C 0
5006 5008 1 5 0 C 0
5007 5006 1 5 0 C 0
5868 4994 2 2 0 C 0
4994 5661 2 2 0 C 0
5661 1326 2 5 0 C 0
1326 4961 2 20 0 C 0
4961 5040 2 14 0 C 0
5040 1323 2 3 0 C 0
1323 5605 2 9 0 C 0
5006 5868 2 2 0 C 0
4996 4999 1 6 0 C 0
4998 4996 1 7 0 C 0
5002 5869 1 5 0 C 0
5869 5003 1 5 0 C 0
4217 4218 2 9 46 O 20
4218 4219 2 32 176 O 10
5870 4217 2 2 9 O 30
5871 4888 2 85 470 M 30
5872 5871 2 2 9 O 10
5873 5870 2 28 152 O 20
4216 5873 2 2 9 O 10
1327 5874 2 8 41 O 20
5877 5878 2 11 60 M 20
5879 5880 2 2 7 O 10
5881 5882 2 2 8 O 20
2507 5884 1 11 56 M 20
5885 5988 1 4 17 O 20
5988 5883 1 4 18 O 30
5884 5885 1 3 14 O 10
3314 5886 2 2 8 O 10
5887 3321 2 2 6 O 20
5888 5889 2 8 44 O 20
5890 5891 2 3 13 O 30
5893 5894 2 14 72 O 20
3182 3868 2 9 45 O 30
3868 3463 2 8 40 O 20
3463 5477 2 38 211 O 30
5477 5898 2 7 36 O 10
5900 5898 1 2 9 M 20
3382 5902 2 26 140 O 20
5904 5902 1 1 5 O 20
1745 5909 1 18 0 C 0
5908 5227 1 19 0 C 0
5912 3939 2 39 215 O 20
5916 5915 2 15 80 O 30
5917 5918 2 6 31 O 10
5918 5919 2 8 43 O 20
5918 5920 2 3 11 O 30
3507 5921 2 8 39 M 10
5921 5922 2 14 78 O 30
5921 5923 2 13 69 M 10
3508 5924 2 21 114 M 10
5925 5926 2 81 448 O 30
5927 5928 2 36 195 O 10
5928 5929 2 10 53 O 30
5928 5930 2 8 41 M 20
5931 5932 2 25 134 O 30
1918 5934 2 9 45 O 20
5934 5933 2 60 329 O 30
5935 5938 2 4 22 O 20
5938 5936 2 28 150 O 10
5936 5937 2 9 44 O 20
5938 5939 2 16 87 O 10
5936 5940 2 20 106 O 20
5940 5943 2 7 38 O 20
5943 5941 2 11 58 O 20
5941 5942 2 5 26 O 30
5942 5943 2 5 27 O 30
5940 5944 2 8 44 M 30
5944 5945 2 23 124 O 20
5945 5946 2 18 99 O 30
5946 5947 2 14 76 O 30
5947 5948 2 5 27 O 10
5948 5946 2 17 91 O 20
5949 5947 2 15 83 O 20
5950 5948 2 19 100 O 30
5945 5951 2 14 74 O 10
5951 5944 2 8 44 M 10
5952 5953 2 28 154 M 10
5955 5954 2 28 151 O 20
5957 5956 2 44 241 O 30
5958 5959 2 41 226 M 20
5960 5961 2 28 154 M 30
5961 5964 2 19 103 O 30
5964 5962 2 7 36 O 30
5962 5963 2 4 17 M 20
5963 5964 2 4 17 O 20
5961 5965 2 15 83 O 20
5965 5966 2 7 39 O 20
5966 5967 2 3 15 O 30
5967 5965 2 5 25 O 10
5968 5969 2 35 190 O 30
5969 5970 2 24 129 O 30
5970 5971 2 7 35 M 20
5971 5972 2 15 81 O 30
5974 5975 2 5 27 O 20
5972 5976 2 5 24 O 30
5976 5977 2 2 7 O 10
5977 5978 2 7 36 M 20
5978 5976 2 5 26 O 30
5977 5979 2 8 40 O 30
5970 5980 2 16 83 M 20
5971 5981 2 12 67 O 10
5982 5983 2 36 197 M 30
5983 5986 2 4 18 O 30
5986 5984 2 9 46 O 20
5984 5985 2 5 26 M 10
5985 5986 2 4 21 O 30
5983 5987 2 13 71 O 20
5988 5989 2 1 5 O 30
5992 1773 2 68 373 M 20
1773 1769 2 11 57 O 20
1769 5993 2 335 1857 M 20
5991 5992 2 4 20 O 10
5993 4163 2 42 229 M 20
4163 4168 2 34 185 O 30
4168 1768 2 5 25 M 30
5995 5997 2 17 90 O 30
5997 5999 2 70 384 O 10
5999 5996 2 19 101 M 10
5997 5998 2 23 125 O 10
5998 5999 2 18 97 O 10
4609 6001 2 20 111 O 10
6002 6003 2 7 39 M 10
6008 6009 1 7 34 O 10
6005 4444 1 7 37 O 10
4444 6009 1 4 21 M 10
6009 6006 1 18 95 M 30
1104 6012 1 6 28 O 10
6014 6017 2 1 5 O 20
6017 6015 2 12 64 O 30
6016 6017 2 2 11 M 20
6019 6020 2 8 41 M 30
6020 6021 2 3 14 O 10
6020 6022 1 18 99 O 10
6023 6024 2 2 8 M 30
5552 5553 1 6 29 O 20
6030 1861 1 29 158 O 30
6029 5554 1 6 32 O 10
5553 6029 1 5 25 O 10
5550 5551 1 6 33 O 10
5554 2873 1 13 68 O 20
4026 4023 2 7 37 O 10
3258 3261 2 19 104 O 10
3261 3271 2 18 96 O 20
3271 4001 2 5 24 M 20
6031 6032 2 8 43 O 30
6032 6033 2 3 13 O 10
2878 4077 2 31 170 M 30
5448 6034 1 7 36 O 30
6034 6035 1 7 36 O 30
6035 6036 1 8 44 M 10
3870 6037 2 5 26 O 30
6038 6043 2 38 211 O 20
6040 6044 2 13 70 O 30
6042 6043 2 47 257 M 30
6043 6044 2 46 255 M 30
6048 6045 1 1 4 O 20
6045 6047 1 3 15 O 30
6047 6046 1 4 18 M 30
6046 6050 1 3 15 O 30
6050 6049 1 1 4 O 30
6049 6048 1 3 15 O 10
5194 6058 1 3 11 M 30
6059 6060 1 3 12 O 10
6062 6061 1 2 11 M 20
6063 6064 1 3 11 O 30
6067 6068 2 2 6 O 20
6069 6070 2 2 7 O 20
3841 6071 2 2 6 O 10
6066 6072 2 2 6 O 20
6076 6075 2 2 7 O 20
6073 6074 2 2 7 O 10
6077 6078 2 2 8 O 20
6079 6080 2 2 9 O 30
5857 6081 2 3 12 O 20
6083 4499 2 2 6 O 30
6084 6085 2 5 26 M 20
6085 6086 2 3 16 O 20
6087 6088 2 2 6 O 10
6089 6090 2 2 6 M 20
6091 6092 2 2 6 O 10
6093 6094 2 2 6 O 10
6095 6096 2 2 6 O 20
6097 6098 2 2 6 O 30
6099 6100 2 2 6 M 10
6101 6102 2 2 6 M 10
6103 6104 2 2 6 O 20
6105 6106 2 2 6 O 20
6107 6108 2 2 6 O 20
6109 6110 2 2 6 O 10
6111 6112 2 2 6 M 20
6113 6114 2 2 6 O 10
3133 2215 1 9 45 O 20
4441 2216 2 24 131 O 10
3133 4441 2 7 37 O 10
6117 3133 2 8 44 O 20
6118 6119 1 5 27 O 20
4296 6120 1 8 40 O 20
6121 4296 1 7 39 O 30
6122 6123 2 2 7 O 30
6124 6125 2 2 6 O 20
3807 6127 2 46 253 O 30
6128 6127 1 3 12 O 10
6129 5114 2 3 11 O 20
5114 3834 2 4 19 O 30
6132 6133 2 10 51 O 20
6134 6135 2 7 36 O 30
6136 6137 2 6 29 M 20
6138 4819 2 12 62 O 30
4819 4821 2 4 17 O 30
4821 4817 2 3 17 O 30
4816 6138 2 1 5 O 10
6144 2268 2 3 13 O 10
2268 6145 2 3 11 M 10
2276 2275 2 8 44 O 10
6148 3455 2 2 9 M 30
3455 889 2 2 6 O 30
889 6149 2 1 4 O 10
1982 1979 1 12 61 O 30
3671 1963 1 15 79 O 10
1941 1966 1 16 87 O 10
4147 1978 1 11 56 O 20
3667 6012 1 4 21 O 10
6153 6152 1 10 55 M 10
6152 6151 1 7 35 O 10
1965 6154 1 2 6 O 20
4904 4905 1 7 36 O 10
6155 6156 2 12 62 O 30
6157 5249 2 3 13 M 10
5248 6158 2 12 65 O 10
6158 6157 2 6 30 O 20
6158 6159 2 6 33 O 30
6160 6161 2 12 62 O 10
5254 5255 2 4 19 O 20
6162 6163 1 14 73 M 20
5257 5255 2 1 5 O 10
5255 5256 2 9 49 M 10
5250 5251 2 5 24 O 20
1930 6165 2 5 23 O 10
6166 6165 2 4 21 M 10
6165 6167 2 6 28 M 10
2964 1801 1 5 26 O 20
3142 3067 2 2 0 C 0
5972 5974 2 3 14 O 20
5974 5973 2 6 29 O 10
6173 6174 2 37 203 O 10
6175 6176 2 27 149 M 10
6177 6178 2 34 186 O 30
6179 6180 2 31 169 O 20
6181 6182 2 30 162 M 10
6183 227 2 13 72 O 20
227 229 2 23 122 O 20
229 3486 2 5 23 O 30
6184 224 2 12 67 M 20
224 222 2 6 29 O 20
222 6185 2 14 77 O 30
6186 6187 2 26 142 O 30
6188 6189 2 30 166 M 20
6190 6191 2 28 151 O 30
6192 6193 2 9 47 M 30
6194 6195 2 7 38 O 30
6196 6197 2 8 40 O 20
6198 6199 2 7 38 O 30
6200 6201 2 7 38 O 30
6202 6203 2 7 38 O 30
6204 6205 2 7 37 O 20
384 385 2 2 9 O 10
3639 5368 1 67 0 C 0
5369 3640 1 77 0 C 0
1863 6209 1 21 115 O 30
4016 4017 2 2 10 O 20
6209 4016 1 16 83 O 10
6210 1490 1 10 55 O 20
1490 6263 1 1 2 O 20
6263 6210 1 1 2 O 20
6211 6212 2 27 146 M 20
6212 6264 2 3 14 O 10
6264 6211 2 3 14 O 10
6212 5552 1 2 10 O 30
5551 6211 1 2 9 M 20
6030 6029 2 2 11 M 10
4443 4319 2 13 0 C 0
4319 6030 2 14 75 O 20
4379 5421 2 7 0 C 0
1991 3679 1 12 0 C 0
6218 6219 2 64 352 O 10
1839 5452 1 6 0 C 0
1838 3542 1 5 0 C 0
3542 1837 1 5 0 C 0
1840 1839 1 7 0 C 0
6000 6054 2 23 124 O 20
6054 6053 2 32 174 O 30
6053 6055 2 122 673 O 20
6055 1538 2 54 297 O 10
1538 1539 2 16 84 O 10
6230 2339 2 9 49 O 20
6231 6232 2 12 62 O 10
6233 6234 2 6 30 O 20
6235 3494 2 9 46 O 30
6238 6239 2 2 9 O 20
6237 6240 2 2 8 M 30
6241 6242 2 54 300 O 10
6242 6243 2 4 20 M 20
6242 6244 2 4 19 O 10
860 6245 2 3 16 O 20
6245 6246 2 9 48 M 30
6247 6248 2 8 42 O 30
6249 6250 2 8 41 M 10
6252 6253 2 2 8 O 20
3039 6254 2 11 61 O 20
6257 6258 2 3 14 O 30
3816 4377 2 8 0 C 0
1 0 1 1 3 M 10
4736 1 1 3 16 O 10
2 4737 1 3 16 M 20
4737 5 1 1 4 O 20
3 2 1 1 3 O 20
4 4733 1 9 47 O 30
5 4 1 4 19 M 30
4156 3583 2 4 21 O 10
3999 4156 2 1 2 O 10
6 6172 1 3 14 O 10
6172 3977 1 3 16 M 10
7 3974 1 3 14 O 30
3975 7 1 3 15 O 10
4681 1435 1 2 0 C 0
1435 4153 1 3 0 C 0
4153 4154 1 3 0 C 0
20 18 2 6 28 O 10
18 19 2 2 10 M 10
19 20 2 2 10 O 10
18 5549 2 5 23 O 10
3564 21 2 9 46 O 20
22 23 2 10 55 M 20
24 25 2 9 47 O 20
25 26 2 6 29 O 20
3894 3895 2 11 58 O 10
1567 28 2 5 25 O 30
29 30 2 108 598 M 10
2262 35 2 2 10 O 30
35 31 2 7 35 O 10
31 32 2 17 93 O 10
32 33 2 7 34 O 10
32 34 2 4 21 O 20
35 36 2 4 17 M 20
36 31 2 4 22 O 30
37 38 2 8 41 O 20
4799 4794 1 6 28 O 20
4798 3905 1 6 29 M 20
3905 4799 1 11 56 M 20
39 40 2 4 18 O 10
41 42 2 4 18 O 10
174 43 2 4 22 M 10
44 45 2 5 25 O 30
46 47 2 4 19 O 30
48 49 2 7 36 O 30
291 50 2 4 20 M 20
51 52 2 4 20 O 10
53 54 2 4 20 O 30
55 56 2 3 13 O 30
57 172 2 4 17 M 20
58 59 2 4 18 O 30
60 61 2 4 22 O 10
171 62 2 5 24 O 30
63 64 2 4 19 O 10
65 170 2 4 18 O 10
66 290 2 4 20 O 10
67 289 2 4 17 O 20
68 69 2 4 19 M 20
70 71 2 6 31 O 30
3013 1610 2 12 64 M 10
1610 3012 2 2 9 O 20
3012 1613 2 9 49 M 20
1613 1609 2 23 124 O 30
3138 3141 2 113 627 O 30
74 75 2 4 18 M 20
76 173 2 4 21 O 30
77 78 2 4 18 O 30
79 80 2 3 15 O 20
81 82 2 3 14 O 20
83 84 2 3 16 O 30
85 86 2 3 13 O 20
87 88 2 4 18 O 30
89 90 2 5 22 O 20
91 92 2 3 15 O 20
93 94 2 4 21 O 20
95 96 2 3 13 M 20
97 98 2 4 20 O 10
99 100 2 45 250 O 30
100 109 2 8 39 O 10
109 110 2 6 32 O 20
110 101 2 11 61 O 20
100 104 2 5 27 O 20
104 102 2 9 47 O 30
102 103 2 16 88 O 20
104 105 2 7 35 O 30
106 107 2 8 41 O 10
107 108 2 7 34 O 30
108 106 2 4 20 O 20
106 109 2 5 23 O 20
110 113 2 6 29 O 20
113 112 2 6 32 O 10
112 111 2 2 11 O 30
111 113 2 4 22 M 20
116 2575 1 8 44 O 30
116 2054 2 2 10 M 10
117 118 2 3 14 O 10
119 120 2 4 19 O 30
121 122 2 4 22 O 20
123 124 2 2 11 O 20
125 92 2 3 14 O 20
126 127 2 4 22 O 30
128 129 2 3 12 M 10
129 130 2 2 6 O 20
422 131 2 3 13 O 30
132 133 2 4 17 M 20
133 134 2 3 16 O 20
142 143 2 4 19 O 20
144 145 2 4 20 O 10
146 147 2 3 16 O 30
3408 148 2 4 17 O 20
149 150 2 4 20 M 10
151 152 2 4 22 O 10
135 136 2 4 17 O 30
149 137 2 3 15 O 10
138 139 2 4 19 O 10
140 141 2 3 14 O 30
791 792 2 35 191 M 10
5752 155 2 10 54 O 20
8 156 1 4 21 M 30
156 9 1 2 10 O 20
157 158 1 10 53 O 20
4393 2585 2 13 68 M 20
2585 2582 2 14 75 O 10
2582 2578 2 31 171 M 10
2578 5467 2 5 25 O 20
2592 2590 2 4 21 O 30
5835 282 2 3 17 O 20
282 280 2 5 24 M 20
280 6232 2 8 40 O 20
6232 6234 2 10 51 O 20
6234 3484 2 19 104 O 30
3484 437 2 8 43 M 20
437 3450 2 7 37 M 30
2336 6251 2 6 33 M 30
2235 2234 2 46 0 C 0
2234 5912 2 23 125 M 30
163 164 2 8 41 O 10
164 165 2 3 13 M 30
164 166 2 4 18 O 20
167 168 2 9 49 O 10
175 176 2 10 52 O 10
5834 177 2 3 16 O 20
177 178 2 7 36 M 20
177 179 2 10 55 M 10
3518 180 2 8 42 O 10
3518 181 2 2 8 O 30
184 182 2 1 5 O 20
182 183 2 4 22 O 10
183 184 2 4 20 O 20
181 185 2 3 15 O 10
185 182 2 1 5 O 10
3518 186 2 5 22 O 20
187 188 2 3 13 O 10
189 190 2 10 55 O 30
191 192 2 4 21 M 20
5832 193 2 5 25 M 20
195 196 2 14 76 O 10
3497 197 2 8 40 M 30
3497 198 2 22 119 O 30
194 199 2 7 35 O 20
194 200 2 4 18 M 20
202 201 2 62 343 O 10
203 204 2 6 28 M 30
204 205 2 5 25 O 10
206 207 2 14 76 O 30
208 209 2 10 51 M 20
209 210 2 5 27 O 10
209 211 2 3 14 O 30
212 213 2 9 45 O 10
213 214 2 4 18 O 20
213 215 2 3 12 O 30
216 217 2 11 60 O 30
218 219 2 8 44 O 10
219 220 2 3 15 O 30
219 221 2 2 10 M 20
222 223 2 7 35 O 20
223 224 2 3 11 O 20
223 225 2 2 8 O 30
6183 226 2 13 70 M 30
227 228 2 11 60 M 30
229 230 2 8 41 O 10
232 230 2 1 2 O 30
230 231 2 3 14 M 20
231 232 2 3 14 O 30
237 239 2 6 28 M 30
239 238 2 5 27 O 20
239 240 2 5 24 O 10
241 242 2 10 55 O 30
233 234 2 13 70 O 10
235 236 2 5 26 O 30
243 244 2 8 42 O 30
244 245 2 1 5 O 30
245 246 2 2 8 O 10
245 247 2 4 21 O 20
244 248 2 3 14 M 20
249 250 2 8 42 M 30
250 251 2 3 15 O 10
251 252 2 2 10 M 20
251 254 2 3 15 O 30
250 253 2 2 11 O 30
255 5589 1 6 0 C 0
5588 255 1 6 0 C 0
1336 257 1 5 0 C 0
258 4874 1 4 0 C 0
1332 258 1 4 0 C 0
259 1090 1 4 0 C 0
3716 259 1 4 0 C 0
260 1853 2 21 0 C 0
260 1852 1 4 0 C 0
261 264 1 5 0 C 0
264 262 1 2 0 C 0
262 260 1 4 0 C 0
1852 263 1 2 0 C 0
263 261 1 5 0 C 0
4210 267 1 2 0 C 0
270 4210 1 2 0 C 0
272 269 1 1 0 C 0
273 2134 2 13 0 C 0
269 266 1 1 0 C 0
270 267 1 1 0 C 0
267 271 1 3 0 C 0
273 265 1 3 0 C 0
265 272 1 2 0 C 0
272 266 1 1 0 C 0
266 270 1 2 0 C 0
274 275 2 6 29 O 20
276 277 2 24 128 O 10
278 279 2 6 28 O 30
280 281 2 6 33 O 30
282 283 2 5 25 O 10
284 196 2 12 62 O 30
285 286 2 2 10 M 10
287 288 2 2 10 O 30
292 293 2 15 78 O 20
294 295 2 17 92 M 10
296 297 2 5 24 M 30
3245 298 2 17 90 O 20
3245 299 2 6 31 M 20
300 301 2 8 41 O 10
301 303 2 17 92 O 10
303 302 2 17 93 O 30
302 301 2 4 19 O 30
306 307 2 6 32 O 10
308 309 2 12 65 O 20
309 310 2 6 30 O 30
309 311 2 7 39 O 20
5890 312 2 2 10 O 30
5891 313 2 6 33 O 30
314 315 2 6 29 O 10
2374 316 2 4 19 O 10
317 318 2 4 20 O 10
318 319 2 6 30 O 30
319 320 2 3 13 O 20
320 318 2 3 15 O 10
5892 321 2 4 21 O 10
322 323 2 4 20 O 20
324 325 2 4 21 O 10
326 327 2 5 26 O 10
328 329 2 4 22 O 10
330 331 2 6 29 O 20
332 333 2 6 32 O 10
334 335 2 15 79 O 20
3510 336 2 6 30 O 20
336 337 2 1 4 O 20
337 338 2 6 28 O 10
338 336 2 5 28 O 30
337 340 2 5 25 O 10
340 339 2 4 20 M 20
340 341 2 3 15 O 20
343 344 2 7 36 O 30
344 345 2 6 29 O 10
3512 342 2 3 13 O 20
342 346 2 11 60 O 10
346 347 2 6 30 O 20
347 342 2 6 31 O 10
3512 348 2 16 85 O 10
304 305 2 52 289 O 20
5934 349 2 27 145 O 30
352 351 2 11 57 O 10
351 350 2 14 77 O 30
351 353 2 21 112 O 10
363 364 2 5 23 M 20
364 5755 2 1 4 O 20
364 356 2 4 19 O 10
356 358 2 4 17 O 20
358 360 2 4 17 O 30
360 365 2 1 1 O 20
356 357 2 5 23 O 10
358 359 2 5 23 O 30
360 361 2 5 23 O 20
365 362 2 5 24 O 20
366 609 2 4 17 O 30
609 376 2 6 28 M 20
376 373 2 5 26 M 20
373 367 2 7 35 O 30
367 368 2 5 22 O 20
367 369 2 34 185 O 30
369 371 2 6 31 O 20
371 370 2 25 138 O 10
371 372 2 10 51 O 20
369 374 2 41 222 O 20
374 373 2 4 21 M 20
374 375 2 74 406 O 30
376 377 2 12 62 O 20
377 378 2 9 48 O 20
377 379 2 3 14 O 10
379 380 2 9 49 M 30
379 381 2 13 69 O 20
382 383 2 3 11 O 30
2252 386 2 7 34 O 20
2252 387 2 4 22 O 20
2252 388 2 3 13 M 30
2252 389 2 4 22 O 10
390 391 2 3 14 O 20
392 393 2 3 15 O 30
394 395 2 2 11 O 30
396 397 2 3 12 O 30
5019 403 2 6 28 O 10
406 407 2 15 79 O 10
408 409 2 12 65 O 20
410 411 2 12 65 O 30
2285 415 2 2 6 O 20
412 415 1 7 36 O 10
415 413 1 5 28 O 30
413 412 1 2 7 O 20
412 414 2 32 176 O 20
2285 416 2 17 90 O 30
417 418 2 6 33 O 20
419 421 2 7 35 M 30
420 421 2 4 18 O 30
423 424 2 3 16 M 10
425 426 2 4 18 O 30
427 428 2 4 18 O 10
429 430 2 4 21 O 30
431 432 2 4 20 M 10
433 434 2 4 21 O 10
435 436 2 4 19 M 10
437 438 2 3 15 O 10
438 439 2 2 7 O 20
438 440 2 2 10 M 10
6051 6048 1 5 24 O 10
6049 6051 1 4 20 M 20
6052 6047 1 6 31 O 20
6045 6052 1 6 32 M 30
6046 5077 1 5 25 O 30
5077 6050 1 5 25 M 10
445 442 1 2 10 M 30
443 445 1 2 10 M 30
446 447 1 2 9 O 10
5704 5106 1 2 9 O 30
441 5704 1 2 10 O 10
445 5089 2 24 133 O 10
5089 5098 2 30 164 O 30
444 443 1 3 12 O 20
443 442 1 2 7 O 20
442 441 1 2 7 O 30
441 5106 1 2 7 O 30
5106 446 1 2 7 O 10
446 444 1 2 6 O 10
455 3206 1 28 0 C 0
1723 1724 1 39 0 C 0
459 460 2 20 106 M 30
3065 461 2 3 16 O 30
461 462 2 42 231 O 20
462 463 2 9 44 M 30
4577 2939 2 5 24 O 10
2936 4578 2 1 3 O 30
2934 4576 2 2 7 M 20
3200 2932 2 4 21 O 20
2929 3199 2 6 28 M 30
2060 465 2 3 14 O 30
465 466 1 12 64 O 20
468 1475 2 8 42 O 20
1475 466 2 9 47 O 30
466 467 2 5 26 O 30
467 465 2 5 28 O 30
470 469 2 5 26 M 20
471 474 2 5 25 O 30
474 472 2 3 16 O 10
472 473 2 9 47 O 10
473 474 2 6 30 O 30
419 475 2 6 28 O 20
475 476 2 3 15 O 10
477 478 2 4 21 O 10
4866 485 2 2 11 O 20
4255 5116 2 3 14 O 10
2050 5026 2 4 20 O 20
5026 1049 2 36 195 M 10
1049 1051 2 10 51 O 20
1051 5287 2 20 106 M 10
488 4260 2 3 14 O 20
4260 2081 2 53 293 O 30
487 486 1 13 70 M 10
489 488 2 9 47 M 10
3108 3107 2 10 51 O 20
3107 486 2 16 85 O 20
486 497 2 8 40 M 30
497 487 2 4 21 O 20
487 489 2 23 126 M 20
153 3108 2 5 25 M 10
3106 153 2 16 84 O 30
503 501 1 17 91 O 30
501 154 1 26 144 O 20
4233 503 2 4 21 O 20
503 502 2 8 43 O 10
504 5772 2 5 26 O 20
6044 6041 2 24 128 O 10
6043 6039 2 42 233 O 20
5705 491 2 23 124 O 10
493 498 1 4 21 M 20
491 494 1 4 18 O 20
500 495 1 5 23 M 10
498 499 1 4 20 M 30
490 500 1 5 23 M 30
492 491 1 4 19 O 20
496 490 1 4 21 O 30
490 495 1 3 11 O 20
495 492 1 4 21 M 10
492 494 1 2 9 O 20
494 493 1 4 17 O 20
493 499 1 2 11 O 10
499 496 1 2 10 O 30
507 4601 1 17 0 C 0
511 510 2 53 293 O 10
512 513 2 3 15 O 30
513 515 1 17 92 M 20
515 517 1 4 19 O 10
517 516 1 18 95 O 20
516 514 1 4 17 O 10
514 513 1 4 21 M 30
514 515 2 14 75 O 10
516 518 2 5 27 M 30
518 517 2 8 40 M 30
4766 519 2 26 144 O 10
519 520 2 14 74 O 10
520 521 2 4 20 O 30
521 519 2 6 29 O 30
523 522 2 60 330 O 30
527 530 1 3 15 O 20
530 2478 1 4 18 O 30
2478 528 1 4 17 O 10
528 529 1 4 17 O 30
529 527 1 1 3 O 30
531 532 1 4 18 O 20
532 533 1 4 22 M 20
533 534 1 4 18 O 10
2852 4364 2 7 35 M 10
542 544 2 14 74 O 20
544 546 2 4 18 O 10
546 535 2 54 297 O 10
535 536 2 2 10 O 10
536 537 2 110 610 O 10
537 538 2 4 21 O 10
538 539 2 3 13 M 20
539 540 2 4 19 O 10
541 537 2 54 295 O 20
543 542 2 6 32 O 20
544 545 2 10 51 O 10
545 546 2 7 35 O 30
544 547 2 7 34 O 10
4436 548 2 23 124 O 30
2017 366 1 30 162 O 30
366 613 1 15 80 O 30
613 6143 1 12 64 O 20
4683 4684 2 6 32 O 30
549 4683 2 5 23 O 10
4684 550 2 65 360 O 30
1028 555 2 2 10 O 30
555 566 2 4 19 O 30
566 564 2 5 23 O 20
564 562 2 4 17 O 10
562 559 2 5 23 O 10
559 557 2 4 18 O 10
557 556 2 21 112 M 30
556 558 2 5 25 O 30
558 561 2 5 26 O 30
561 563 2 6 28 O 20
563 565 2 6 31 O 10
565 575 2 15 81 O 20
575 555 2 12 66 O 10
556 560 2 2 7 M 10
560 557 2 7 37 O 20
558 559 2 11 59 O 10
561 562 2 14 78 O 10
563 564 2 17 93 O 20
565 566 2 21 112 O 10
567 568 2 3 16 O 20
568 576 2 6 33 O 20
576 571 2 14 77 O 20
571 573 2 7 33 O 10
573 572 2 13 70 O 30
572 570 2 5 23 O 10
570 568 2 4 18 O 10
567 569 1 3 16 O 20
569 553 1 13 72 O 10
570 571 2 14 74 O 10
572 574 2 8 43 O 20
574 573 2 2 7 O 30
1026 1027 1 5 25 O 30
553 577 1 14 76 O 30
577 554 1 4 18 M 20
554 567 2 3 14 O 10
577 569 1 4 20 O 20
530 553 2 3 16 M 20
580 579 1 3 14 O 10
582 581 1 5 25 O 30
4457 583 2 6 32 O 10
4457 584 2 10 53 O 30
4456 585 1 4 17 O 10
585 586 1 29 160 O 20
586 4456 1 13 68 M 10
585 587 2 4 17 O 20
5468 588 2 5 24 O 20
589 590 2 5 25 O 30
591 592 2 62 340 O 10
593 594 2 22 118 O 20
595 596 2 22 122 O 30
597 598 2 23 127 O 10
598 599 2 9 48 O 30
599 596 2 2 8 M 10
598 600 2 18 98 M 30
600 599 2 17 92 O 30
604 601 2 5 23 M 10
601 602 2 4 20 M 20
602 603 2 4 20 O 10
3228 3227 1 8 0 C 0
1179 4336 2 2 9 O 10
608 607 2 22 121 O 30
607 606 2 23 128 M 30
609 610 1 5 27 O 30
610 611 1 12 64 O 20
611 612 1 15 79 O 10
612 610 1 3 15 O 10
611 613 1 6 33 O 30
5466 615 2 6 31 O 20
615 614 2 3 15 O 10
615 616 2 2 7 O 10
3432 617 2 5 25 O 10
3432 619 2 7 35 M 10
619 618 2 20 108 M 10
619 620 2 3 15 O 30
622 620 2 1 5 O 30
620 621 2 3 12 O 20
621 622 2 3 12 O 10
623 624 2 5 25 O 10
625 626 2 13 71 M 20
627 628 2 29 159 O 20
629 633 2 14 75 M 20
633 631 2 5 23 O 10
631 630 2 13 70 O 30
630 990 2 4 21 M 20
631 632 2 7 34 O 20
633 634 2 5 25 M 10
635 636 2 13 69 O 30
637 642 2 5 24 O 10
642 638 2 3 16 M 10
639 641 2 5 24 M 30
641 640 2 3 16 O 10
641 642 2 4 20 O 20
643 644 1 5 25 O 10
644 645 1 5 24 O 20
644 646 2 4 20 O 20
647 648 2 9 50 O 10
649 650 2 15 79 M 20
650 651 2 7 35 M 20
629 652 2 4 21 O 30
658 659 2 26 140 O 10
659 302 2 8 40 M 30
654 655 2 6 29 O 10
653 654 1 4 22 O 30
655 2031 1 5 22 O 20
654 656 2 3 15 M 30
656 657 2 6 33 O 20
656 5469 2 14 77 O 20
660 661 2 16 85 O 30
662 663 2 21 116 O 30
664 665 2 5 26 O 30
666 667 2 7 37 O 30
667 668 2 3 13 M 30
666 669 2 2 9 O 30
669 670 2 2 6 O 30
668 671 2 21 114 O 30
671 673 2 6 31 O 10
671 669 2 3 12 O 20
670 672 2 7 36 O 10
672 675 2 6 33 O 20
672 667 2 4 22 O 30
668 674 2 8 43 O 30
676 677 2 4 17 O 30
677 678 2 3 14 O 20
678 683 2 2 8 O 20
683 681 2 12 64 O 30
681 680 2 4 21 O 10
680 679 2 5 24 O 30
677 682 2 4 19 O 10
682 680 2 9 49 O 10
681 682 2 7 39 M 30
683 685 1 5 25 O 10
685 684 1 4 17 O 10
684 678 1 13 70 O 30
685 686 2 8 39 O 20
686 684 2 4 22 O 30
2200 689 2 5 23 O 20
689 690 1 4 19 O 20
690 688 1 3 13 M 10
688 689 1 2 7 O 20
690 691 2 2 10 O 20
691 694 2 2 8 M 30
694 692 2 16 85 M 10
692 693 2 20 110 O 20
693 694 2 6 28 O 10
691 695 2 2 9 O 30
695 697 2 1 4 O 20
697 696 2 21 112 O 10
696 6266 2 7 34 O 10
6266 697 2 7 34 O 30
695 698 2 15 80 O 20
698 700 2 5 26 O 30
700 702 2 6 28 O 10
702 699 2 23 124 O 10
698 696 2 4 20 O 20
700 701 2 17 90 O 20
701 702 2 13 69 O 20
701 5545 2 4 22 M 30
692 689 1 20 110 O 20
703 704 2 6 29 O 10
704 705 2 18 97 O 10
705 706 2 13 69 O 20
706 704 2 3 12 O 10
707 708 2 14 77 O 30
4842 707 2 3 14 O 30
709 710 2 14 78 M 30
712 713 2 9 49 M 30
711 712 2 4 20 O 20
714 715 2 4 20 O 10
716 717 2 4 18 O 10
718 719 2 4 18 O 10
720 721 2 5 25 O 30
722 723 2 4 17 O 30
723 724 2 14 75 M 10
2222 725 2 1 5 O 20
725 726 2 5 26 O 20
725 727 2 18 96 O 20
303 728 2 10 51 O 10
4574 4689 1 35 0 C 0
740 739 2 167 927 O 10
730 732 2 3 13 O 10
730 729 2 13 68 O 10
732 731 2 2 6 O 30
731 730 2 2 8 O 20
741 732 2 24 129 M 10
734 733 2 48 266 M 30
736 735 2 30 162 O 20
743 742 2 5 26 O 10
747 746 2 112 619 O 10
745 744 2 47 257 O 30
751 750 2 12 64 O 20
749 748 2 36 198 O 10
753 752 2 5 27 M 10
757 756 2 16 87 O 30
4435 755 2 11 61 O 10
759 758 2 21 115 O 20
4189 754 2 92 510 O 30
761 760 2 46 254 O 10
2075 762 2 21 115 O 30
764 763 2 52 284 O 20
1925 1167 1 3 12 O 10
1167 777 1 17 92 M 10
772 2861 2 42 230 O 10
773 774 2 17 92 O 20
775 776 2 11 59 O 30
778 776 1 2 7 O 20
776 779 1 1 3 O 20
779 777 1 4 17 O 30
777 773 1 2 7 O 30
773 772 1 4 20 O 30
772 778 1 2 10 O 30
784 783 2 35 190 O 30
786 785 2 50 276 M 20
789 790 2 5 27 O 30
793 794 2 3 16 O 30
3470 795 2 8 44 O 20
795 796 2 2 10 O 30
795 797 2 5 25 M 30
3469 798 2 6 31 O 20
3469 799 2 6 30 O 20
800 801 2 4 17 O 20
802 803 2 5 24 O 10
804 805 2 4 19 O 10
806 807 2 4 19 O 20
808 809 2 4 19 O 10
810 811 2 5 24 O 30
3470 812 2 6 33 M 20
3470 813 2 4 22 O 10
3470 814 2 5 25 O 10
3470 815 2 5 24 O 10
816 817 2 3 14 O 10
818 819 2 3 15 O 10
3494 820 2 5 25 M 30
3494 821 2 5 27 O 10
3494 822 2 5 26 O 20
3494 823 2 3 16 O 10
3494 824 2 5 26 O 10
825 826 2 3 15 O 30
827 828 2 3 11 O 10
4882 829 2 5 27 O 20
830 831 2 3 14 M 30
4881 832 2 4 19 O 30
833 834 2 3 13 O 20
1334 835 1 6 0 C 0
835 3234 1 7 0 C 0
836 3233 1 8 0 C 0
1333 836 1 7 0 C 0
3230 6115 1 7 34 O 30
6115 6116 1 5 27 O 20
6116 3230 1 2 9 O 20
837 838 1 6 29 O 30
839 837 1 6 31 O 30
4502 840 1 5 26 O 20
841 842 2 2 11 M 30
843 844 2 2 10 O 20
845 846 2 3 12 O 30
847 848 2 2 10 M 30
3972 3454 2 2 10 O 30
3972 849 2 2 9 O 10
850 851 2 5 26 M 30
852 853 2 4 21 O 20
854 855 2 4 22 M 10
856 857 2 3 14 O 30
858 859 2 3 14 O 20
6245 861 2 2 11 O 30
862 863 2 3 14 M 30
864 865 2 3 14 O 10
866 867 2 5 25 M 20
3458 868 2 4 20 O 30
869 870 2 4 20 O 10
871 872 2 4 19 O 20
873 874 2 4 19 O 10
875 876 2 4 17 O 30
877 878 2 4 17 O 10
879 880 2 3 16 O 10
881 882 2 3 16 O 30
878 883 2 3 16 O 30
884 885 2 4 19 O 10
886 887 2 4 20 M 20
6148 888 2 3 16 O 30
889 890 2 4 17 O 10
6149 891 2 3 16 M 10
892 893 2 2 11 O 10
894 895 2 3 11 O 10
896 897 2 6 29 O 10
898 899 2 3 13 O 10
900 901 2 3 15 O 10
902 903 2 3 16 O 20
904 905 2 3 14 M 10
906 907 2 4 18 O 10
908 909 2 4 20 O 20
910 911 2 4 18 O 10
912 913 2 4 17 O 30
914 915 2 4 19 M 20
916 917 2 3 12 O 20
918 919 2 4 21 O 10
920 921 2 3 15 M 10
922 923 2 3 16 O 10
924 925 2 4 18 M 10
926 927 2 3 17 O 30
928 929 2 5 27 O 20
930 931 2 3 16 O 20
932 933 2 4 19 O 20
934 935 2 4 20 O 20
936 937 2 4 17 O 10
938 939 2 9 45 O 20
940 941 2 5 23 O 20
942 943 2 3 14 O 10
944 945 2 4 18 O 30
946 947 2 3 16 O 10
948 949 2 3 15 O 30
950 951 2 2 10 M 30
952 953 2 3 13 O 10
954 955 2 3 12 O 20
956 957 2 3 16 O 20
958 959 2 4 17 M 20
960 961 2 3 14 O 20
962 963 2 3 14 M 30
964 5895 2 3 13 M 30
965 966 2 4 17 O 30
967 968 2 4 17 M 10
969 970 2 2 10 O 30
971 972 2 3 16 M 30
973 5896 2 3 15 O 20
3460 974 2 5 24 O 10
3460 975 2 5 27 O 30
3460 976 2 6 29 M 30
3460 977 2 4 18 O 30
3460 978 2 4 17 O 20
979 980 2 2 10 M 10
981 982 2 4 20 M 10
983 6201 2 3 14 O 30
984 985 2 3 16 M 30
986 987 2 3 15 O 20
988 989 2 5 26 O 10
630 991 2 6 30 O 20
992 993 2 20 108 O 20
994 995 2 22 122 O 30
996 997 2 24 128 O 10
998 999 2 13 72 O 20
1000 1001 2 20 107 M 20
1002 1003 2 13 67 O 10
1004 1006 2 17 92 O 20
1006 1005 2 12 63 M 30
1006 1007 2 4 19 O 10
1008 1009 2 10 55 O 20
5969 1010 2 8 40 O 10
1013 1014 2 28 151 O 20
1014 1015 2 3 15 O 20
1015 1017 2 10 52 O 20
1017 1016 2 5 23 O 20
1016 1015 2 7 36 O 20
1014 1021 2 4 20 M 20
1021 1019 2 3 15 O 30
1019 1018 2 3 13 O 10
1019 1020 2 6 32 O 20
1021 1022 2 7 36 O 10
3427 1024 2 14 73 O 20
1027 576 1 2 9 O 20
575 1026 1 2 9 O 20
1029 1028 2 5 23 O 20
554 1029 2 2 10 O 30
30 1586 2 57 312 M 10
1031 114 2 6 30 M 10
1032 1035 2 12 63 O 30
1035 1033 2 9 46 O 10
1034 1035 2 6 31 O 20
3749 4480 2 4 0 C 0
4480 524 2 2 0 C 0
524 3748 2 11 0 C 0
1041 1277 1 6 0 C 0
1042 2564 1 37 0 C 0
1043 4607 1 7 0 C 0
4607 1730 1 26 0 C 0
1044 1045 1 5 25 O 10
1045 1046 1 4 18 M 30
3832 6150 1 9 45 M 10
6150 4518 1 5 27 M 30
3152 1047 2 14 77 O 20
1048 3066 2 20 107 M 20
1049 1050 2 6 30 O 30
1051 1052 2 8 40 M 30
1056 1079 2 3 16 M 30
1079 1057 2 7 35 O 10
1058 1059 2 6 28 M 30
1059 1060 2 9 45 O 10
1061 1062 2 5 28 O 30
1063 1064 2 5 23 O 20
4452 1065 2 4 20 O 20
1065 1066 2 7 38 O 20
1065 1067 2 4 18 M 30
4452 1068 2 5 24 O 30
5913 1069 2 38 206 M 30
451 1782 1 100 0 C 0
1782 1781 1 27 0 C 0
1784 1109 1 127 0 C 0
1783 1784 1 30 0 C 0
1244 1777 1 137 0 C 0
1777 1072 1 70 0 C 0
1070 1776 1 7 0 C 0
3801 452 1 114 0 C 0
452 454 1 64 0 C 0
454 1071 1 7 0 C 0
1071 1774 1 8 0 C 0
1072 1070 1 8 0 C 0
1730 1731 1 8 0 C 0
1075 3735 1 31 0 C 0
1807 1214 1 22 0 C 0
1079 1080 2 4 19 O 20
5636 5637 1 4 18 O 20
5639 5640 1 4 22 O 10
1076 1077 2 2 10 O 10
1063 1078 2 3 12 O 20
1078 1077 2 10 54 M 30
4299 4301 1 2 0 C 0
5467 3934 2 45 246 O 20
3934 292 2 5 27 O 10
292 1087 2 3 12 O 10
294 3407 2 17 92 O 20
3424 51 2 6 29 O 10
51 47 2 2 10 O 10
47 3182 2 1 4 O 30
3182 49 2 4 22 M 20
49 54 2 6 33 O 30
54 56 2 5 26 O 30
56 3397 2 6 30 M 30
3397 172 2 8 42 M 10
172 59 2 4 20 O 30
59 3477 2 3 14 M 30
3477 61 2 1 5 M 20
61 62 2 1 2 O 30
62 64 2 7 35 O 30
64 75 2 2 6 O 10
75 170 2 6 30 O 10
170 3468 2 2 6 O 10
3468 290 2 3 13 M 10
290 287 2 2 9 O 30
287 289 2 2 7 O 30
289 285 2 2 6 O 30
285 69 2 3 16 O 20
69 173 2 3 15 O 30
173 71 2 5 24 O 20
71 78 2 1 5 M 20
78 427 2 3 11 O 20
427 3440 2 5 27 O 20
3440 425 2 2 8 O 20
425 423 2 2 8 O 30
423 429 2 6 31 M 10
429 2594 2 6 32 O 10
1087 294 2 10 53 O 30
2419 2416 1 5 0 C 0
6208 3751 2 12 0 C 0
3754 3753 2 18 0 C 0
1095 5404 2 8 44 O 20
5404 2475 2 4 20 O 10
1096 4908 2 10 53 O 10
4908 4906 2 11 58 O 20
4906 5408 2 12 64 M 20
5408 1095 2 6 33 O 10
5767 1658 2 4 17 O 10
1097 2941 2 32 0 C 0
2941 4209 2 12 0 C 0
5307 1097 2 3 0 C 0
1914 2757 2 17 92 O 30
162 5011 1 33 0 C 0
5414 5269 2 8 40 M 10
1682 4497 1 21 112 O 20
1868 1866 1 5 24 O 10
1866 1863 1 21 115 O 10
4497 1868 2 2 10 O 20
3157 3064 2 10 55 O 20
2625 2050 2 6 28 O 30
2628 4949 2 7 0 C 0
3751 2513 2 9 0 C 0
3219 1101 2 3 14 O 20
1102 1103 2 12 63 O 20
1103 1212 2 7 35 O 20
1212 1213 2 4 19 O 10
1213 1103 2 3 15 O 10
5490 3674 2 19 0 C 0
3674 2358 2 10 0 C 0
5424 5431 1 20 0 C 0
5431 5430 1 2 0 C 0
3756 3757 2 14 0 C 0
1105 3702 1 32 0 C 0
3556 5556 1 30 0 C 0
1106 1107 1 34 0 C 0
1780 1111 1 19 0 C 0
3557 5555 1 44 0 C 0
5555 451 1 32 0 C 0
1107 3556 1 15 0 C 0
1109 1106 1 3 0 C 0
1110 1105 1 3 0 C 0
1111 1108 1 20 0 C 0
1806 1113 1 6 0 C 0
1113 1112 1 7 0 C 0
1112 1115 1 3 0 C 0
1115 4268 1 5 0 C 0
1114 1806 1 11 0 C 0
4269 1114 1 9 0 C 0
5046 3890 2 37 0 C 0
3890 3891 2 30 0 C 0
3891 5013 2 6 0 C 0
2572 2758 2 19 0 C 0
2758 2826 2 10 0 C 0
2826 2619 2 31 0 C 0
2619 1119 2 79 434 O 10
5013 4783 2 22 0 C 0
4783 4782 2 7 0 C 0
4782 4781 2 42 0 C 0
4781 5014 2 6 0 C 0
5014 5015 2 13 0 C 0
5015 5016 2 27 0 C 0
5016 4780 2 19 0 C 0
4780 5017 2 18 0 C 0
5017 5018 2 18 0 C 0
1116 1630 1 3 13 O 30
4144 1116 1 2 11 O 10
1117 1118 1 3 13 M 10
1118 4144 1 3 12 O 10
1119 4144 2 21 113 O 30
1673 1120 2 16 84 O 10
1121 4724 1 4 0 C 0
4724 1122 1 3 0 C 0
1123 4011 1 4 0 C 0
507 1806 2 12 0 C 0
1161 1162 1 1 0 C 0
1156 1157 1 1 0 C 0
1160 1153 1 2 0 C 0
1163 1126 2 12 0 C 0
1154 1161 1 3 0 C 0
1127 1131 1 3 0 C 0
1162 1128 1 2 0 C 0
1131 1130 1 3 0 C 0
1129 1156 1 3 0 C 0
1157 1148 1 1 0 C 0
1128 1127 1 6 0 C 0
1130 1129 1 6 0 C 0
1136 1144 1 1 0 C 0
1143 1136 1 4 0 C 0
1142 1143 1 1 0 C 0
1145 1141 1 3 0 C 0
1135 1146 1 3 0 C 0
1133 1145 1 3 0 C 0
1146 1134 1 2 0 C 0
1137 1132 1 2 0 C 0
1141 1138 1 3 0 C 0
1132 1140 1 2 0 C 0
1134 1133 1 4 0 C 0
1144 1135 1 6 0 C 0
1139 1142 1 1 0 C 0
1138 1137 1 8 0 C 0
2998 1125 2 7 0 C 0
1140 1139 1 8 0 C 0
2999 1146 2 8 0 C 0
1147 1151 1 2 0 C 0
1149 1158 1 2 0 C 0
1151 1150 1 3 0 C 0
1148 1147 1 7 0 C 0
1150 1149 1 6 0 C 0
1158 1159 1 1 0 C 0
1159 4611 1 1 0 C 0
4611 1160 1 2 0 C 0
1162 1156 1 4 0 C 0
1152 1163 1 3 0 C 0
1153 1152 1 5 0 C 0
1163 1155 1 3 0 C 0
1155 1154 1 4 0 C 0
1157 1158 1 5 0 C 0
1340 1132 2 4 0 C 0
2471 3165 2 17 92 O 10
5706 498 2 10 52 M 20
2562 2563 2 24 128 O 20
2561 2562 2 12 66 O 10
2560 1169 2 8 44 O 20
1169 2561 2 4 17 O 20
2560 1168 2 19 105 O 20
1169 1170 1 14 73 O 20
1170 1171 1 29 158 O 30
1171 1172 1 15 82 O 20
5446 2509 1 4 0 C 0
5463 1174 1 10 51 O 20
1175 1176 1 7 34 O 30
6213 1177 2 9 49 O 20
1177 1178 2 9 48 O 10
1181 1182 2 39 215 O 10
2175 1183 2 25 136 M 30
1184 1185 2 46 252 O 10
1186 1189 2 25 138 O 30
1189 1187 2 9 46 O 10
1189 1190 2 17 91 M 10
1187 1191 2 44 241 O 20
1191 1192 2 5 24 O 30
1191 1193 2 49 269 M 10
1195 1192 2 18 95 M 20
2898 5435 1 8 0 C 0
5435 5436 1 3 0 C 0
5436 5507 1 10 0 C 0
1166 6155 1 9 47 O 20
6155 1925 1 9 46 O 30
4386 2979 1 9 0 C 0
4951 4346 1 2 0 C 0
4551 4525 1 11 0 C 0
1825 2898 1 2 0 C 0
1102 774 2 19 103 O 30
1214 3203 1 2 0 C 0
1025 1807 1 13 0 C 0
1217 1218 2 23 123 O 20
1218 1219 2 24 130 M 10
1221 1219 2 3 16 O 10
1219 1220 2 5 23 O 30
1220 2292 2 3 14 O 30
1218 1222 2 3 15 O 10
4807 4317 1 2 0 C 0
4317 1709 1 100 0 C 0
4539 4538 1 19 0 C 0
2205 1971 1 15 79 O 20
1224 687 1 19 101 O 10
1225 4822 2 7 35 O 20
1225 1226 1 7 37 O 20
4964 3796 1 20 0 C 0
3551 484 1 5 0 C 0
1224 1971 1 2 9 O 30
1226 1224 1 3 12 O 10
1974 1226 1 2 9 O 20
840 4498 1 6 28 O 30
3650 2640 1 15 0 C 0
4340 1228 2 2 0 C 0
1229 1951 1 8 0 C 0
3680 1229 1 3 0 C 0
1230 3680 1 6 0 C 0
6215 1231 1 3 0 C 0
1231 1995 1 8 0 C 0
1232 1954 1 31 0 C 0
1233 3128 1 14 0 C 0
4976 4977 1 5 0 C 0
4977 1234 1 11 0 C 0
1235 4976 1 7 0 C 0
1081 1235 1 2 0 C 0
4709 1081 1 2 0 C 0
1164 4709 1 2 0 C 0
1236 1164 1 14 0 C 0
1237 1236 1 6 0 C 0
4728 3241 1 87 480 O 20
3241 3240 1 31 169 O 20
3240 1237 1 11 0 C 0
3921 3205 1 54 0 C 0
3922 3921 1 7 0 C 0
4329 4326 1 15 82 O 10
5413 5038 2 9 47 M 30
5038 1985 2 7 38 O 10
5463 5334 2 21 114 O 20
5334 5730 2 2 6 M 20
5462 1174 1 4 18 O 20
2408 1180 2 163 0 C 0
1180 2442 2 25 0 C 0
2442 1200 2 43 0 C 0
1200 1201 2 17 0 C 0
1201 1199 2 7 0 C 0
1199 1198 2 4 0 C 0
1198 1196 2 36 0 C 0
1196 1197 2 11 0 C 0
1197 4812 2 30 0 C 0
2900 2899 1 4 0 C 0
2899 1825 1 5 0 C 0
5507 2897 1 1 0 C 0
3125 5462 2 2 6 O 30
5462 5463 2 9 46 O 10
4482 4483 1 5 23 M 30
4432 4027 2 2 9 O 10
2227 2228 2 2 0 C 0
2228 2230 1 28 0 C 0
6154 1964 1 2 9 O 20
3809 2382 2 9 0 C 0
2386 2387 2 5 0 C 0
2387 3893 2 54 0 C 0
2410 781 2 6 0 C 0
781 780 2 9 0 C 0
780 3195 2 57 0 C 0
2388 2395 2 53 0 C 0
2395 2394 2 64 0 C 0
2394 2393 2 11 0 C 0
2393 2392 2 68 0 C 0
2392 2391 2 37 0 C 0
2391 1131 2 20 0 C 0
1718 2973 1 74 0 C 0
2973 1742 1 164 0 C 0
1742 1738 1 209 0 C 0
1738 1238 1 42 0 C 0
3062 4257 2 144 795 O 20
2527 261 2 6 0 C 0
1444 2527 2 12 0 C 0
2623 2763 2 22 0 C 0
4431 1446 2 13 68 O 30
4431 1856 2 8 44 O 20
2020 3094 2 34 186 M 10
3094 3089 2 79 438 O 10
3089 2027 2 75 412 O 30
2027 2018 2 215 1190 O 30
2018 114 2 10 53 O 20
114 29 2 249 1381 O 20
29 3179 2 198 1099 O 20
3096 3097 2 156 866 M 30
3100 5668 2 32 174 M 10
5668 6267 2 4 22 M 10
6267 5667 2 4 22 M 10
5667 5669 2 7 35 O 30
5669 3098 2 15 80 O 30
3104 3018 2 71 390 M 20
3017 2232 2 72 397 O 10
2232 5952 2 31 168 O 30
5952 3019 2 10 54 O 30
3742 3124 2 33 181 O 20
3124 2016 2 17 89 O 30
2016 2034 2 27 150 O 10
2034 3396 2 16 84 M 30
3407 3016 2 32 175 M 20
4711 3269 2 22 118 M 20
3269 534 2 4 18 O 10
534 531 2 4 22 O 10
531 4003 2 3 13 O 30
4003 3270 2 11 58 O 30
3270 3274 2 9 49 M 30
4296 3254 2 13 72 O 10
3254 3273 2 37 201 M 10
2215 4441 2 5 25 O 10
4439 1270 2 15 0 C 0
1270 5274 2 2 0 C 0
5274 5273 2 1 0 C 0
4581 4580 1 10 0 C 0
1754 4668 2 8 0 C 0
4668 5775 2 6 0 C 0
1243 2163 1 43 0 C 0
2163 3745 1 126 0 C 0
3805 1244 1 26 0 C 0
3184 2021 1 5 0 C 0
1245 1246 2 25 134 O 10
5298 2115 2 8 0 C 0
4178 4186 2 18 95 O 30
4186 4693 2 103 568 O 10
4693 4188 2 231 1282 O 10
4188 5378 2 53 291 O 30
5378 2097 2 63 347 O 10
5036 4195 2 13 70 O 10
4195 4197 2 142 784 O 30
4178 4493 2 71 392 O 10
4493 5127 2 105 583 O 20
5127 158 2 110 606 O 30
158 6268 2 3 14 O 10
6268 157 2 3 14 O 30
2193 3051 2 28 150 O 20
2123 1532 2 24 0 C 0
1532 2111 2 18 99 M 30
2111 2105 2 27 148 O 20
2139 4210 2 9 0 C 0
1247 1248 2 49 271 M 30
1249 1250 2 36 197 M 30
1251 1253 2 5 26 O 20
1253 1252 2 5 27 O 10
1253 1254 2 16 88 O 10
2526 1276 2 9 46 O 20
1260 1261 1 3 14 M 10
1262 1451 1 19 105 O 10
1479 1263 2 4 21 O 30
1264 1265 2 2 6 O 10
1265 1266 2 6 29 O 20
1265 1267 2 8 44 O 30
1268 1269 2 7 35 O 30
4522 1271 1 19 0 C 0
4548 2985 1 15 0 C 0
1271 4548 1 16 0 C 0
4523 4522 1 41 0 C 0
1272 4224 2 45 0 C 0
3893 2388 2 30 0 C 0
1274 2386 2 14 0 C 0
1273 1274 2 2 0 C 0
1456 1275 2 8 41 M 10
1480 2526 2 5 26 O 30
4771 3708 1 56 0 C 0
3708 5281 1 23 0 C 0
1277 3765 1 16 0 C 0
3800 4892 1 6 0 C 0
1278 1732 1 6 0 C 0
3799 3800 1 15 0 C 0
1279 3799 1 12 0 C 0
450 3746 1 28 0 C 0
2528 4594 2 87 481 O 10
1100 3749 2 3 0 C 0
3750 1100 2 6 0 C 0
3748 2564 2 4 0 C 0
4763 4764 2 26 0 C 0
4764 6208 2 12 0 C 0
3751 1280 2 13 0 C 0
3758 3757 2 10 0 C 0
3761 1281 2 8 0 C 0
1281 3760 2 13 0 C 0
3760 3759 2 20 0 C 0
3759 3758 2 11 0 C 0
1578 1596 2 16 0 C 0
1596 1600 2 13 0 C 0
1600 1597 2 4 0 C 0
1597 1601 2 12 0 C 0
1601 1598 2 5 0 C 0
1598 1599 2 16 0 C 0
1599 1579 2 5 0 C 0
1579 159 2 11 0 C 0
159 1092 2 7 0 C 0
1562 1578 2 4 0 C 0
1282 1283 2 73 400 O 30
1284 1287 2 42 231 O 10
1287 1285 2 32 173 M 10
1285 1286 2 10 52 O 30
1287 1288 2 19 103 O 10
1289 1290 2 23 127 O 20
1291 1292 2 23 123 O 10
1293 1294 2 23 122 O 20
1193 1194 2 18 97 O 30
1187 1188 2 18 100 O 30
1298 1315 2 24 128 O 10
1315 4190 2 118 651 O 30
4190 4191 2 68 377 O 10
4191 4188 2 70 389 O 20
1299 1298 2 3 14 O 10
4190 1300 2 42 229 O 20
1300 4356 2 2 8 O 20
2398 2397 1 6 0 C 0
3123 2398 1 3 0 C 0
2397 3122 1 1 0 C 0
2457 2456 1 1 0 C 0
5678 5495 1 1 0 C 0
2454 2453 1 1 0 C 0
2453 2455 1 4 0 C 0
2455 5494 1 1 0 C 0
2601 2602 1 1 0 C 0
3534 2600 1 3 0 C 0
2600 2601 1 3 0 C 0
2885 2888 1 2 0 C 0
2887 4603 1 1 0 C 0
4603 1823 1 6 0 C 0
1823 4604 1 2 0 C 0
2886 1821 1 1 0 C 0
1821 2885 1 5 0 C 0
4680 1483 1 2 0 C 0
1483 1481 1 3 0 C 0
1481 1766 1 2 0 C 0
1482 1484 1 2 0 C 0
2422 4267 1 4 0 C 0
4267 4269 1 3 0 C 0
4270 4272 1 4 0 C 0
2421 4271 1 3 0 C 0
4271 4270 1 3 0 C 0
1301 1302 2 25 135 O 30
1023 1303 2 17 93 O 30
1304 1305 2 70 388 O 10
5452 1842 1 1 0 C 0
1843 1841 1 1 0 C 0
1841 5453 1 3 0 C 0
5453 1840 1 2 0 C 0
1836 1838 1 1 0 C 0
1837 3529 1 1 0 C 0
3529 1835 1 1 0 C 0
1835 1836 1 3 0 C 0
4499 4501 1 2 8 O 30
4501 4502 1 3 12 O 10
838 4499 1 2 7 O 10
4502 4498 1 2 7 O 30
4498 839 1 1 2 O 30
839 4500 1 1 4 O 10
5219 4274 1 1 0 C 0
2412 5220 1 2 0 C 0
5220 5219 1 4 0 C 0
5864 2881 1 1 0 C 0
5865 2414 1 4 0 C 0
2414 5864 1 3 0 C 0
1824 5677 1 1 0 C 0
5677 4605 1 3 0 C 0
2890 2893 1 1 0 C 0
2893 2892 1 3 0 C 0
2892 2891 1 1 0 C 0
5433 4573 1 1 0 C 0
1880 1877 1 1 0 C 0
1877 5433 1 5 0 C 0
1884 1883 1 2 0 C 0
1306 1307 2 68 376 O 30
1308 2774 2 121 672 M 30
1309 1310 2 131 725 O 30
1313 1312 2 44 244 O 10
1311 1313 2 17 90 O 20
2356 2502 1 1 0 C 0
2503 2354 1 1 0 C 0
5497 2357 1 2 0 C 0
2354 5432 1 1 0 C 0
1315 1316 2 74 411 O 10
1316 1317 2 2 10 O 20
1316 1318 2 23 125 M 10
1319 1322 2 41 222 O 10
1322 1540 2 32 174 O 10
1540 1321 2 28 151 O 30
1322 1320 2 23 123 O 20
1324 1325 2 6 32 M 10
2594 2593 1 2 11 O 20
2593 2591 1 3 14 O 30
2591 2592 1 3 14 O 10
6127 6126 1 5 24 O 10
6126 3311 1 3 14 O 30
3311 6128 1 1 3 O 10
4113 4114 2 3 12 O 20
4114 1328 2 2 8 O 30
2015 4787 1 2 6 O 30
4787 2033 1 2 6 O 20
4788 1624 1 2 8 O 20
1624 1619 1 7 38 O 20
1619 4786 1 2 9 O 20
4786 5676 1 8 40 O 20
5676 4789 1 1 5 M 10
4789 2015 1 6 31 O 10
2589 3574 1 3 12 O 10
3574 5465 1 4 20 M 30
5465 3579 1 1 3 O 20
3579 5464 1 3 14 O 20
5464 3578 1 1 3 O 20
3578 3575 1 1 4 O 10
5899 5900 1 2 9 O 10
5898 3183 1 3 13 O 10
3183 5899 1 3 14 O 20
5903 5901 1 3 14 O 30
5901 5904 1 2 9 O 30
5902 5903 1 4 17 O 20
2906 2905 1 1 0 C 0
4922 2904 1 1 0 C 0
4923 2863 1 1 0 C 0
2863 2906 1 5 0 C 0
2903 2902 1 1 0 C 0
1832 1833 1 2 0 C 0
1833 1834 1 2 0 C 0
1834 1831 1 5 0 C 0
1831 1830 1 3 0 C 0
3821 4285 1 1 0 C 0
4284 4283 1 3 0 C 0
4283 3821 1 2 0 C 0
3543 3548 1 1 0 C 0
1850 3541 1 1 0 C 0
3541 3543 1 3 0 C 0
1848 1849 1 3 0 C 0
447 444 1 2 10 O 30
4449 507 2 4 0 C 0
5498 5446 1 4 0 C 0
4670 3075 1 20 0 C 0
3075 3684 1 3 0 C 0
3684 3699 1 1 0 C 0
5396 5397 1 27 0 C 0
5397 6004 1 7 0 C 0
6004 3658 1 7 0 C 0
3656 3074 1 66 0 C 0
2567 3656 1 10 0 C 0
2460 1339 1 7 0 C 0
2009 2008 1 6 0 C 0
2008 2440 1 55 0 C 0
2440 3788 1 33 0 C 0
1125 1340 2 3 0 C 0
1343 1741 1 15 0 C 0
1741 1740 1 184 0 C 0
1740 1344 1 134 0 C 0
1344 1721 1 24 0 C 0
1721 1720 1 77 0 C 0
1345 4698 1 14 0 C 0
1719 4697 1 78 0 C 0
4697 1345 1 60 0 C 0
1475 1346 2 18 96 M 30
1349 1354 2 15 82 M 20
1354 1350 2 11 59 O 10
1351 1353 2 5 24 O 20
1352 1353 2 3 16 M 30
1353 1354 2 3 12 O 30
1355 1356 2 22 121 O 10
1347 1348 2 30 161 O 20
1359 1360 2 30 165 O 20
1215 5025 1 7 0 C 0
5350 1215 1 14 0 C 0
1362 1297 1 15 0 C 0
1297 2644 1 2 0 C 0
1054 3739 1 9 0 C 0
1363 2342 1 4 0 C 0
2342 3719 1 14 0 C 0
3719 4588 1 16 0 C 0
4983 2650 1 3 0 C 0
1364 4983 1 6 0 C 0
2652 4488 1 9 0 C 0
4589 2652 1 7 0 C 0
2344 1365 1 11 0 C 0
483 1366 1 12 0 C 0
1367 482 1 10 0 C 0
2656 1368 1 10 0 C 0
3913 1369 1 4 0 C 0
1370 4276 1 4 0 C 0
1371 1370 1 4 0 C 0
3547 1371 1 11 0 C 0
2351 3720 1 4 0 C 0
1372 2351 1 10 0 C 0
4989 2646 1 4 0 C 0
2647 1373 1 20 0 C 0
2649 1053 1 7 0 C 0
2650 1374 1 13 0 C 0
2884 1375 1 29 0 C 0
3720 1376 1 14 0 C 0
5340 3917 1 8 0 C 0
1377 3916 1 6 0 C 0
1378 1710 1 29 0 C 0
1379 4560 1 19 0 C 0
1380 2980 1 20 0 C 0
1381 4562 1 12 0 C 0
1382 1381 1 5 0 C 0
4538 5329 1 20 0 C 0
2984 1565 1 20 0 C 0
1565 4543 1 11 0 C 0
1383 4554 1 9 0 C 0
1384 2982 1 19 0 C 0
4549 4558 1 5 0 C 0
4558 1384 1 14 0 C 0
4543 1385 1 9 0 C 0
4550 2984 1 13 0 C 0
1959 1387 1 9 0 C 0
1388 1714 1 9 0 C 0
3928 4370 1 13 0 C 0
3929 2977 1 14 0 C 0
1386 3884 1 8 0 C 0
1389 1393 1 8 42 O 20
1393 1392 1 15 79 M 10
1392 1390 1 25 137 M 20
1390 1391 1 16 87 O 20
1391 1389 1 3 13 O 20
1390 6062 1 2 11 M 30
1391 6063 1 2 11 O 10
6060 1392 1 2 10 M 20
6058 1393 1 2 10 O 10
1394 1395 2 1 5 O 30
1396 1397 2 17 94 M 20
1398 2843 2 5 25 M 10
5265 5266 2 8 0 C 0
5266 5267 2 3 15 M 30
5264 5265 2 1 0 C 0
1403 1400 2 23 126 O 20
1401 1403 2 5 23 O 30
1403 1402 2 7 35 O 20
1404 1406 2 18 96 O 10
1407 1401 2 2 9 M 20
1401 1406 2 6 30 O 30
1406 1405 2 4 20 O 20
1405 1404 2 15 81 O 20
1409 1408 2 18 95 M 20
1411 1410 2 11 60 O 20
1412 1411 2 18 97 M 30
1411 2822 2 21 113 M 20
1415 1414 2 22 122 O 30
1416 1415 2 20 106 O 20
1415 6269 2 5 25 O 10
6269 1414 2 5 25 O 20
1414 1413 2 12 62 O 20
1420 2742 2 2 0 C 0
1418 1417 1 2 9 O 10
1417 1419 1 13 68 O 20
1419 1421 1 9 50 O 10
1421 1420 1 4 0 C 0
1420 1935 1 3 0 C 0
1935 2742 1 3 0 C 0
2048 1357 2 52 0 C 0
1357 1240 2 10 0 C 0
1240 1358 2 1 0 C 0
1358 6169 2 40 0 C 0
6169 2380 2 28 0 C 0
2380 2323 2 27 0 C 0
2046 4612 2 3 0 C 0
4612 2390 2 19 0 C 0
2389 1519 2 10 0 C 0
1519 1515 2 2 0 C 0
1515 1518 2 2 0 C 0
1518 1517 2 3 0 C 0
1517 1516 2 5 0 C 0
1516 4613 2 5 0 C 0
4613 4614 2 17 0 C 0
4614 2383 2 103 0 C 0
2383 1272 2 10 0 C 0
4874 3717 1 1 0 C 0
3717 1089 1 2 0 C 0
1089 3716 1 1 0 C 0
3715 1332 1 1 0 C 0
1090 3714 1 1 0 C 0
3714 3713 1 1 0 C 0
3327 1422 2 23 123 M 20
5775 5773 1 2 0 C 0
5773 5774 1 2 0 C 0
1804 6010 1 18 0 C 0
6010 6005 1 11 57 O 10
6005 6011 1 8 42 O 10
6007 2506 1 5 24 O 10
6011 6007 1 6 30 O 20
4444 6008 1 6 29 O 20
3669 2605 1 6 29 O 30
1972 1969 1 4 18 O 10
1423 3666 1 9 45 O 10
6006 1632 1 33 0 C 0
1975 4328 1 5 25 O 30
4146 1965 1 4 19 O 10
5510 4146 2 5 27 O 30
2963 6154 1 5 24 O 20
2963 1867 1 4 21 O 10
1424 1425 2 10 54 O 20
1425 1426 2 5 23 O 30
1425 1427 2 50 274 O 30
1996 1428 2 2 0 C 0
2000 2447 1 38 0 C 0
2448 2000 1 38 0 C 0
3596 2576 1 1 4 M 10
3603 3602 1 6 30 O 10
3602 4394 1 3 15 M 30
4394 3601 1 1 5 O 30
3601 3596 1 4 18 O 20
3584 3607 1 2 10 O 10
3589 3587 1 2 11 O 20
3587 3584 1 3 13 O 30
3607 3591 1 4 18 M 20
4395 3611 1 2 6 O 10
3611 3595 1 4 17 O 30
3595 3585 1 1 4 O 20
3606 3610 1 2 8 O 30
3610 4395 1 3 11 O 10
3585 3586 1 3 13 O 30
3586 3599 1 2 7 M 20
2590 431 2 3 14 M 20
431 3450 2 6 32 M 10
4440 3229 2 13 68 O 20
3223 3224 2 11 59 O 10
3224 3222 2 34 186 O 30
3222 2224 2 7 34 O 10
2224 3225 2 16 88 O 10
3225 3226 2 5 23 M 10
3236 3227 2 15 0 C 0
3281 2217 2 11 59 O 10
3301 3305 2 12 63 O 30
3305 3302 2 17 93 O 20
4001 3272 2 19 100 O 20
3272 6123 2 3 14 M 10
6123 3259 2 29 160 M 20
3259 3260 2 14 77 M 20
3256 6125 2 6 31 M 20
6125 3263 2 13 68 O 30
3263 3264 2 29 159 M 20
3264 3261 2 29 161 M 10
3255 3256 2 11 59 O 20
3257 3246 2 12 63 O 20
3246 3567 2 14 75 O 20
3567 3253 2 25 134 M 30
3253 5577 2 10 55 O 30
5577 3247 2 8 44 O 30
3016 3375 2 13 68 O 30
3375 3372 2 13 70 O 30
3372 3040 2 13 68 O 10
3040 3043 2 26 142 M 20
3043 3371 2 7 37 O 10
3371 3035 2 34 186 O 10
3938 3041 2 14 0 C 0
3034 3580 2 19 105 O 10
3580 3385 2 16 84 M 10
3385 3033 2 23 123 M 30
3033 3394 2 28 153 M 10
3394 5901 2 14 76 O 10
2051 43 2 3 13 O 30
43 42 2 5 24 M 10
42 4957 2 3 15 O 20
4957 39 2 1 2 O 10
39 4959 2 3 14 M 20
4959 3424 2 3 15 O 30
5899 3382 2 7 35 M 20
1496 1497 2 27 149 O 10
1498 1499 2 18 99 M 10
5375 1501 2 8 42 O 10
1502 5373 2 9 48 O 10
1505 2842 2 26 142 O 10
1506 1507 2 21 116 O 10
1508 1509 2 14 75 O 30
1510 1511 2 20 109 O 10
1207 1208 1 2 0 C 0
1208 2670 1 154 0 C 0
3747 1209 1 7 0 C 0
1209 1206 1 2 0 C 0
1513 1514 2 2 9 O 10
1524 1523 2 16 87 O 20
1523 1520 2 26 142 O 30
1520 1522 2 7 34 O 20
1522 1521 2 3 15 O 20
1521 1520 2 3 16 O 20
1526 1523 2 16 86 O 10
1523 1525 2 5 22 O 10
1528 1530 1 5 24 M 10
1529 1531 2 5 24 O 20
1527 1530 2 3 11 O 30
1530 1529 2 8 43 O 20
1532 1533 2 13 72 O 20
1534 1535 1 6 28 O 10
1536 2860 2 17 89 M 20
2814 5218 2 6 30 O 20
5218 5713 2 12 65 O 10
5713 5714 2 20 107 O 10
4335 512 2 17 93 O 10
512 2604 2 4 22 O 10
2604 4336 2 6 32 O 10
4374 4375 1 4 22 O 20
4375 4376 1 1 5 O 20
1634 1538 2 17 91 O 30
1540 1541 2 43 234 O 20
1541 6055 2 46 255 M 10
1541 1635 2 16 84 O 10
1542 1543 2 54 297 O 30
3733 3767 2 3 0 C 0
1550 1552 2 7 34 O 10
1552 1554 2 5 24 O 20
1554 1551 2 11 58 M 20
1552 1553 2 6 30 O 20
1554 1555 2 6 30 O 30
1556 1557 2 14 74 O 30
1555 1558 2 3 15 O 10
1559 1560 2 14 77 O 10
578 1566 2 2 7 O 20
4405 4404 2 1 5 O 30
4401 4400 2 1 5 O 30
4403 4402 2 1 5 O 20
1587 1591 2 3 15 O 30
1591 1588 2 4 17 O 20
1588 1595 2 15 78 M 20
1595 1589 2 15 80 O 30
1589 1590 2 3 16 M 10
1590 1592 2 15 81 O 10
1592 1587 2 12 65 O 20
1586 1587 2 3 12 M 10
1588 1594 2 12 64 O 20
1594 1589 2 12 65 O 30
1590 1593 2 12 65 O 10
1593 1591 2 12 64 O 30
1592 1593 2 3 15 M 10
1593 1594 2 4 17 O 10
1594 1595 2 3 15 M 10
1595 1030 2 3 13 O 20
2409 5400 2 4 17 O 10
1638 1636 1 15 82 O 10
1636 1637 1 5 25 O 30
1637 1638 1 3 15 O 20
2409 1637 1 7 36 O 30
1636 2409 1 8 41 O 30
5400 2853 2 5 27 M 10
3329 3339 2 20 110 O 20
3339 3331 2 20 110 O 30
3331 3337 2 7 36 O 20
3337 3330 2 15 80 O 30
5287 4228 2 20 111 O 20
4228 4516 2 11 59 O 10
4516 4234 2 7 37 M 30
4234 403 2 36 198 O 10
403 4235 2 14 77 O 10
5771 4232 2 9 46 M 30
1639 1747 1 16 0 C 0
1752 1639 1 160 0 C 0
1715 1640 1 32 0 C 0
1641 3649 1 9 0 C 0
448 3558 1 62 0 C 0
1744 1743 1 35 0 C 0
457 1751 1 27 0 C 0
1642 1753 1 18 0 C 0
1749 1642 1 34 0 C 0
456 3652 1 17 0 C 0
3866 456 1 29 0 C 0
1907 1934 2 29 158 O 30
1643 3069 1 11 60 O 30
5442 1644 2 5 0 C 0
1645 3210 1 5 0 C 0
3211 1645 1 8 0 C 0
1646 3212 1 4 0 C 0
3212 3213 1 21 0 C 0
1927 1647 2 10 53 O 30
1924 5251 2 10 52 M 20
5251 4117 2 5 24 O 20
1649 1165 1 13 69 O 20
1167 1653 1 2 7 O 20
1653 1649 1 9 47 O 10
1648 1167 1 19 102 O 10
1925 1932 1 10 54 O 30
1165 1166 1 6 28 O 20
2538 2537 1 1 3 O 10
2537 4671 1 4 21 O 30
3666 1104 1 4 18 O 20
1964 1650 1 7 35 O 30
1942 1943 2 9 47 M 30
1943 1940 2 8 40 O 20
1651 1937 2 8 44 O 10
1940 1651 2 12 66 O 10
1937 1939 2 11 58 O 10
1925 6156 2 4 21 O 10
6156 1652 2 5 24 O 30
779 1654 1 6 29 O 20
1653 1925 1 3 13 O 10
1654 1653 1 12 66 O 10
2960 1933 1 16 87 O 10
1655 1926 1 11 58 O 30
1932 1655 1 35 193 O 10
4327 1656 1 2 10 O 10
2859 627 2 2 9 O 30
627 6255 2 10 53 O 20
1657 2017 1 19 104 O 20
1622 1620 1 3 11 O 10
1621 1618 1 2 10 O 20
6142 4486 1 18 98 O 10
6143 6142 1 10 51 O 10
1658 1622 2 5 24 M 30
1659 1621 1 10 53 O 30
1621 4487 1 6 33 M 10
4487 1627 1 6 28 O 30
1627 3329 1 77 425 O 20
673 4483 1 10 54 O 10
1971 1223 1 6 29 O 20
1660 1224 1 17 89 O 10
687 2205 1 5 26 M 20
1661 1973 1 13 70 O 20
1662 1967 1 6 30 O 30
1970 1982 1 13 68 M 10
1756 1760 1 21 0 C 0
5599 5600 1 8 0 C 0
1760 5599 1 35 0 C 0
5601 3057 1 17 0 C 0
3057 5152 1 2 0 C 0
5152 3706 1 141 0 C 0
3642 4600 1 12 0 C 0
1758 1663 1 5 0 C 0
5850 5142 1 15 0 C 0
1664 5151 1 19 0 C 0
5226 5602 1 6 0 C 0
5602 5521 1 12 0 C 0
5521 5154 1 23 0 C 0
5154 1664 1 84 0 C 0
1788 1203 1 16 0 C 0
1203 1665 1 7 0 C 0
1665 4768 1 52 0 C 0
1764 4767 2 12 0 C 0
4768 3924 1 19 0 C 0
3924 5225 1 7 0 C 0
5225 4622 1 19 0 C 0
4622 4621 1 31 0 C 0
4621 2665 1 3 0 C 0
2665 5846 1 3 0 C 0
5598 1762 1 17 0 C 0
1762 1761 1 40 0 C 0
1666 4771 1 6 0 C 0
3663 3707 1 18 0 C 0
3707 1759 1 37 0 C 0
1669 1667 2 4 21 O 20
1667 1670 2 9 46 O 30
1670 1668 2 8 41 O 10
1668 1667 2 13 70 M 30
1670 1671 2 11 59 O 30
1672 1863 1 11 58 O 30
4326 6065 1 8 42 O 30
1418 4122 2 17 94 M 20
4122 1928 2 29 157 O 10
2725 5882 2 23 125 O 30
5882 2719 2 2 7 O 30
1644 3072 2 9 0 C 0
2700 2712 2 16 85 O 20
2712 2570 2 17 93 O 30
4686 6025 2 8 0 C 0
6025 5630 2 1 0 C 0
5630 1694 2 9 0 C 0
2687 1901 2 4 0 C 0
2686 5335 2 7 0 C 0
2756 1914 2 17 90 M 10
2698 2756 2 17 92 M 20
1915 2696 2 19 104 O 10
2711 2700 2 2 11 O 20
1673 1628 1 6 31 O 10
1893 1673 1 7 34 M 10
1674 1675 1 5 25 O 30
1890 1674 1 5 26 O 10
4779 2829 2 8 0 C 0
2829 2572 2 11 0 C 0
1909 2844 2 8 42 O 30
3112 1394 2 11 58 O 30
1394 4609 2 50 277 O 10
4609 2845 2 37 204 O 20
2841 1397 2 3 11 O 10
1397 3112 2 23 127 O 20
2845 2618 2 51 281 M 30
1923 4116 2 10 54 O 20
4116 1165 2 1 5 M 10
4671 2539 1 1 2 M 30
1429 6027 1 7 0 C 0
6026 1676 1 14 0 C 0
6027 6026 1 11 0 C 0
1430 1992 1 3 0 C 0
6028 1430 1 17 0 C 0
1676 4313 1 16 0 C 0
1677 6226 1 3 0 C 0
6226 2966 1 15 0 C 0
1678 2924 1 15 0 C 0
3531 1678 1 25 0 C 0
4145 1994 1 41 0 C 0
1680 3932 1 10 0 C 0
2925 3931 1 3 0 C 0
3931 1679 1 2 0 C 0
1679 1680 1 8 0 C 0
4312 2925 1 37 0 C 0
1681 4312 1 13 0 C 0
6214 1948 1 1 0 C 0
4447 1986 1 8 0 C 0
6216 4379 1 2 0 C 0
1990 1868 1 6 28 O 30
4432 4682 1 10 51 O 30
3892 1989 1 7 36 M 10
1202 4432 1 1 4 O 30
4497 3892 1 7 39 O 20
1983 1682 1 6 28 O 20
2729 2740 2 19 103 O 20
1871 1875 2 24 0 C 0
1875 6013 2 8 0 C 0
6013 2947 2 9 0 C 0
2947 2761 2 25 0 C 0
2761 2569 2 4 0 C 0
1683 5071 1 18 0 C 0
1684 1685 2 15 0 C 0
1685 3807 2 13 0 C 0
1686 5070 2 6 0 C 0
1687 4720 1 23 0 C 0
1688 4717 1 22 0 C 0
1689 4722 1 18 0 C 0
17 4723 1 12 0 C 0
1122 1124 1 4 0 C 0
4711 1690 1 13 0 C 0
1691 4726 1 4 0 C 0
4727 1692 1 14 77 O 10
3803 4710 1 2 9 O 30
1693 6121 1 14 75 O 30
6121 4710 1 6 31 O 10
4442 2763 2 12 61 O 20
1694 2705 2 9 0 C 0
2705 2695 2 15 79 O 30
1695 3654 1 2 0 C 0
1728 3638 1 35 0 C 0
4264 5370 1 16 0 C 0
1696 5369 1 16 0 C 0
5368 1697 1 38 0 C 0
1698 2951 1 14 0 C 0
2952 1699 1 43 0 C 0
5141 3058 2 34 0 C 0
3058 3059 2 44 0 C 0
4773 3060 2 39 0 C 0
5600 5143 1 6 0 C 0
5143 5153 1 8 0 C 0
4947 2571 2 8 0 C 0
2571 1239 2 22 0 C 0
1239 5603 2 27 0 C 0
5603 4880 2 4 0 C 0
4880 2666 2 13 0 C 0
2666 4967 2 7 0 C 0
3084 3085 2 55 0 C 0
3085 3088 2 30 0 C 0
3082 3083 2 42 232 O 30
1790 6217 2 6 0 C 0
6217 4309 2 2 0 C 0
4309 6168 2 21 0 C 0
6168 4566 2 42 0 C 0
4495 1765 2 26 0 C 0
4566 4495 2 22 0 C 0
1798 1764 2 19 0 C 0
1826 1787 1 3 0 C 0
1787 1790 1 3 0 C 0
1790 1791 1 3 0 C 0
1791 1789 1 1 0 C 0
1796 1797 1 3 0 C 0
1794 1795 1 2 0 C 0
5081 4559 1 11 0 C 0
5665 73 2 34 183 O 30
1705 1706 2 30 164 M 30
3662 1707 1 13 0 C 0
1708 2978 1 7 0 C 0
11 1708 1 24 0 C 0
3661 4385 1 10 0 C 0
2978 4875 1 7 0 C 0
4875 3661 1 7 0 C 0
1709 4386 1 17 0 C 0
1710 4541 1 22 0 C 0
4541 1711 1 18 0 C 0
4564 4963 1 12 0 C 0
4383 4964 1 15 0 C 0
4963 4383 1 3 0 C 0
4540 4962 1 3 0 C 0
4563 4540 1 10 0 C 0
4962 4539 1 16 0 C 0
4526 4551 1 16 0 C 0
4542 4549 1 3 0 C 0
4531 4530 1 3 0 C 0
2985 4547 1 25 0 C 0
S M L L M L S M L S M S M L L M S L S L M S M L S L S M S L S M L S M M L S M L S M S L S M L M S M L S L M S L M S M L S M L S M S M L S L M S L S M L M S L M L S M S L M S L M S M S L S L M L
